<akomaNtoso xmlns:xsi="http://www.w3.org/2001/XMLSchema-instance" xsi:schemaLocation="http://docs.oasis-open.org/legaldocml/ns/akn/3.0 http://docs.oasis-open.org/legaldocml/akn-core/v1.0/os/part2-specs/schemas/akomantoso30.xsd" xmlns="http://docs.oasis-open.org/legaldocml/ns/akn/3.0" xmlns:html="http://www.w3.org/1999/xhtml" xmlns:akn4un="http://un.org/akn4un">
  <statement name="resolution">
    <meta>
      <identification source="#DGACM">
        <FRBRWork>
          <FRBRthis value="/akn/un/statement/deliberation/unga/2019-12-18/74-173/!main/"></FRBRthis>
          <FRBRuri value="/akn/un/statement/deliberation/unga/2019-12-18/74-173/"></FRBRuri>
          <FRBRdate date="2019-12-18" name="adoption"></FRBRdate>
          <FRBRauthor href="ga" as="author"></FRBRauthor>
          <FRBRcountry value="un"></FRBRcountry>
        </FRBRWork>
        <FRBRExpression>
          <FRBRthis value="/akn/un/statement/deliberation/unga/2019-12-18/74-173/spa@!main/"></FRBRthis>
          <FRBRuri value="/akn/un/statement/deliberation/unga/2019-12-18/74-173/spa@/"></FRBRuri>
          <FRBRdate date="2020-01-07" name="publication"></FRBRdate>
          <FRBRauthor href="ga" as="issuer"></FRBRauthor>
          <FRBRlanguage language="spa"></FRBRlanguage>
        </FRBRExpression>
        <FRBRManifestation>
          <FRBRthis value="/akn/un/statement/deliberation/unga/2019-12-18/74-173/spa@/!main.xml"></FRBRthis>
          <FRBRuri value="/akn/un/statement/deliberation/unga/2019-12-18/74-173/spa@.xml"></FRBRuri>
          <FRBRdate date="2020-08-17" name="markup"></FRBRdate>
          <FRBRauthor href="DGACM" as="editor"></FRBRauthor>
        </FRBRManifestation>
      </identification>
      <classification source="http://metadata.un.org/sdg">
        <keyword value="16" href="http://metadata.un.org/sdg/16" showAs="sdg_16" dictionary="SDGO"></keyword>
        <keyword value="right_to_justice" href="http://eurovoc.europa.eu/516" showAs="right_to_justice" dictionary="EuroVoc"></keyword>
        <keyword value="sustainable_development" href="http://eurovoc.europa.eu/5585" showAs="sustainable_development" dictionary="EuroVoc"></keyword>
        <keyword value="civil_society" href="http://metadata.un.org/thesaurus/1001012" showAs="civil_society" dictionary="UNBIS Thesaurus"></keyword>
        <keyword value="justice" href="http://metadata.un.org/thesaurus/1003500" showAs="justice" dictionary="UNBIS Thesaurus"></keyword>
        <keyword value="peaceful_coexistence" href="http://metadata.un.org/thesaurus/1004777" showAs="peaceful_coexistence" dictionary="UNBIS Thesaurus"></keyword>
        <keyword value="public_institutions" href="http://metadata.un.org/thesaurus/1005254" showAs="public_institutions" dictionary="UNBIS Thesaurus"></keyword>
        <keyword value="social_justice" href="http://metadata.un.org/thesaurus/1005970" showAs="social_justice" dictionary="UNBIS Thesaurus"></keyword>
        <keyword value="sustainable_development" href="http://metadata.un.org/thesaurus/1006319" showAs="sustainable_development" dictionary="UNBIS Thesaurus"></keyword>
      </classification>
      <workflow source="#un">
        <step date="2019-09-23" outcome="draftResolution" as="A/C.3/74/L.5" by="submitted by the Chair of the Committee on the recommendation of the Economic and Social Council" />
        <step date="0001-01-01" outcome="draftResolutionAdditionalSponsors" by="" />
        <step date="0001-01-01" outcome="recommendedForAdoption" as="A/74/400" by="" refersTo="29" />
        <step date="2019-12-18" outcome="adopted" as="A/74/PV.50" by="" />
      </workflow>
      <analysis source="#un">
        <parliamentary>
          <voting outcome="adoptedWithoutVote">
            <quorum value=""></quorum>
          </voting>
        </parliamentary>
      </analysis>
      <references source="#DGACM">
        <TLCOrganization eId="source" href="/akn/ontology/organization/un/DGACM" showAs="DGACM"></TLCOrganization>
        <TLCConcept eId="dateOfIssuance" href="/akn/ontology/concept/un/dateOfIssuance" showAs="Date of issuance"></TLCConcept>
        <TLCConcept eId="dateOfAdoption" href="/akn/ontology/concept/un/dateOfAdoption" showAs="Date of adoption"></TLCConcept>
        <TLCConcept eId="symbol" href="/akn/ontology/reference/un/symbol" showAs="Symbol"></TLCConcept>
        <TLCRole eId="publisher" href="/akn/ontology/role/un/publisher" showAs="Publisher"></TLCRole>
        <TLCRole eId="issuingBody" href="/akn/role/concept/un/issuingBody" showAs="Issuing body"></TLCRole>
        <TLCRole eId="author" href="/akn/ontology/role/un/author" showAs="Author"></TLCRole>
        <TLCRole eId="editor" href="/akn/ontology/role/un/editor" showAs="Editor"></TLCRole>
        <TLCRole eId="distribution" href="/akn/ontology/concept/un/generalDistribution" showAs="General distribution"></TLCRole>
        <TLCOrganization eId="ga" href="/akn/ontology/organization/un/generalAssembly" showAs="General Assembly"></TLCOrganization>
        <TLCTerm eId="resolutionTitle" href="/akn/ontology/reference/un/resolutionTitle" showAs="Resolution title"></TLCTerm>
        <TLCTerm eId="thirdCommittee" href="#thirdCommittee" showAs="Tercera Comisión"></TLCTerm>
        <TLCTerm eId="memberState" href="/akn/ontology/organization/un/memberState" showAs="Member State"></TLCTerm>
        <TLCTerm eId="inFavour" href="/akn/ontology/concept/un/voting/inFavour" showAs="In favour"></TLCTerm>
        <TLCTerm eId="against" href="/akn/ontology/concept/un/voting/against" showAs="Against"></TLCTerm>
        <TLCTerm eId="abstaining" href="/akn/ontology/concept/un/voting/abstaining" showAs="Abstaining"></TLCTerm>
      </references>
      <presentation source="#un">
        <akn4un:footerFirstPage>
          <akn4un:footerFirstPageLeft>
            <akn4un:internalCode>
              <docketNumber refersTo="#publicationJobNumber">19-22319 (S)</docketNumber>
              <img alt="bar code" class="barCode" src=""></img>
            </akn4un:internalCode>
          </akn4un:footerFirstPageLeft>
          <akn4un:footerFirstPageRight>
            <img alt="Please recycle" class="image" src="./recylcleLogo.jpg"></img>
            <img alt="embedded QR code" class="qrCode" src=""></img>
          </akn4un:footerFirstPageRight>
        </akn4un:footerFirstPage>
      </presentation>
    </meta>
    <coverPage eId="coverPage_1">
      <p>
        <span refersTo="#publisher" class="upperLeft">
          <docAuthority refersTo="#publisher">Naciones Unidas</docAuthority>
        </span>
      </p>
      <p class="upperRight">
        <docNumber refersTo="#symbol">A/RES/74/173</docNumber>
      </p>
      <p class="upperLeft">
        <img src="logo-un.jpg"></img>
        <docAuthority refersTo="#issuingBody" class="rightBig">Asamblea General</docAuthority>
      </p>
      <p>
        <docStatus refersTo="#generalDistribution" class="rightSmall">Distr. general</docStatus>
      </p>
      <p>
        <docDate date="2020-01-07" class="rightSmall" refersTo="#dateOfIssuance">7 de enero de 2020</docDate>
      </p>
      <p>
        <session refersTo="#generalAssembly" value="74" eId="coverPage_1__session_1">Septuagésimo cuarto período de sesiones</session>
      </p>
      <p>
        <inline name="agenda item">Tema 106 del programa</inline>
      </p>
      <p>
        <inline name="agenda item name">Prevención del delito y justicia penal</inline>
      </p>
      <p>
        <docTitle>Resolución aprobada por la Asamblea General el 18 de diciembre de 2019</docTitle>
      </p>
      <p xml:space="preserve">
        <docProponent refersTo="#thirdCommittee">[sobre la base del informe de la Tercera Comisión (<inline name="originating document">A/74/400</inline>)]</docProponent>
      </p>
    </coverPage>
    <preface>
      <p>
        <docNumber>74/173.</docNumber>
        <docTitle refersTo="#resolutionTitle">Fomento de la asistencia técnica y la creación de capacidad para fortalecer las medidas nacionales y la cooperación internacional contra la ciberdelincuencia, incluido el intercambio de información</docTitle>
      </p>
    </preface>
    <preamble>
      <formula name="enactingFormula" eId="formula_1">
        <p xml:space="preserve">
          <span class="italic">La Asamblea General</span>,</p>
      </formula>
      <container name="Recordando" eId="container_2">
        <p xml:space="preserve">
          <span class="italic">	Recordando</span> su resolución <a href="https://undocs.org/sp/A/RES/65/230">65/230</a>, de 21 de diciembre de 2010, en la que hizo suya la Declaración de Salvador sobre Estrategias Amplias ante Problemas Globales: los Sistemas de Prevención del Delito y Justicia Penal y Su Desarrollo en un Mundo en Evolución, aprobada en el 12º Congreso de las Naciones Unidas sobre Prevención del Delito y Justicia Penal, y solicitó a la Comisión de Prevención del Delito y Justicia Penal que estableciera, con arreglo a lo dispuesto en el párrafo 42 de esa Declaración, un grupo intergubernamental de expertos de composición abierta para que realizara un estudio exhaustivo del problema del delito cibernético y las respuestas de los Estados Miembros, la comunidad internacional y el sector privado ante ese fenómeno, incluido el intercambio de información sobre legislación nacional, mejores prácticas, asistencia técnica y cooperación internacional, con miras a examinar opciones para fortalecer las actuales respuestas jurídicas o de otra índole frente a la ciberdelincuencia en los planos nacional e internacional y proponer otras nuevas,</p>
      </container>
      <container name="Recordando también" eId="container_3">
        <p xml:space="preserve">
          <span class="italic">Recordando también</span> sus resoluciones <a href="https://undocs.org/sp/A/RES/46/152">46/152</a>, de 18 de diciembre de 1991, <a href="https://undocs.org/sp/A/RES/60/1">60/1</a>, de 16 de septiembre de 2005, <a href="https://undocs.org/sp/A/RES/67/1">67/1</a>, de 24 de septiembre de 2012, <a href="https://undocs.org/sp/A/RES/69/193">69/193</a> y <a href="https://undocs.org/sp/A/RES/69/196">69/196</a>, de 18 de diciembre de 2014, <a href="https://undocs.org/sp/A/RES/70/178">70/178</a>, de 17 de diciembre de 2015, <a href="https://undocs.org/sp/A/RES/71/209">71/209</a>, de 19 de diciembre de 2016, <a href="https://undocs.org/sp/A/RES/72/196">72/196</a>, de 19 de diciembre de 2017, y <a href="https://undocs.org/sp/A/RES/73/186">73/186</a> y <a href="https://undocs.org/sp/A/RES/73/187">73/187</a>, de 17 de diciembre de 2018,</p>
      </container>
      <container name="Recordando además" eId="container_4">
        <p xml:space="preserve">
          <span class="italic">Recordando además</span> su resolución <a href="https://undocs.org/sp/A/RES/70/174">70/174</a>, de 17 de diciembre de 2015, en la que hizo suya la Declaración de Doha sobre la Integración de la Prevención del Delito y la Justicia Penal en el Marco Más Amplio del Programa de las Naciones Unidas para Abordar los Problemas Sociales y Económicos y Promover el Estado de Derecho a Nivel Nacional e Internacional y la Participación Pública,</p>
      </container>
      <container name="Acogiendo con beneplácito " eId="container_5">
        <p xml:space="preserve">
          <span class="italic">Acogiendo con beneplácito </span>la resolución 26/4 de la Comisión de Prevención del Delito y Justicia Penal, de 26 de mayo de 2017<authorialNote marker="1" placement="bottom" eId="authorialNote_1"><p xml:space="preserve">	 	Véase <span class="italic">Documentos Oficiales del Consejo Económico y Social, 2017, suplemento núm. 10</span> (<a href="https://undocs.org/sp/E/2017/30">E/2017/30</a>), cap. I, secc. D.</p></authorialNote>, en que la Comisión decidió que el Grupo de Expertos encargado de Realizar un Estudio Exhaustivo sobre el Delito Cibernético, de carácter intergubernamental y de composición abierta, dedicara sus reuniones futuras a examinar de manera estructurada cada una de las cuestiones principales que se abordaban en el proyecto de estudio exhaustivo sobre el delito cibernético preparado por la Oficina de las Naciones Unidas contra la Droga y el Delito bajo los auspicios del Grupo de Expertos, alentó al Grupo de Expertos a que elaborara y le presentara posibles conclusiones y recomendaciones y solicitó a la Oficina que reuniera periódicamente información sobre las novedades, los progresos y las mejores prácticas que se hubieran observado, </p>
      </container>
      <container name="Acogiendo con beneplácito también" eId="container_6">
        <p xml:space="preserve">
          <span class="italic">Acogiendo con beneplácito también</span> el plan de trabajo del Grupo de Expertos para el período 2018‑2021, que fue aprobado por el Grupo de Expertos en su cuarta reunión, celebrada en Viena del 3 al 5 de abril de 2018,</p>
      </container>
      <container name="Observando " eId="container_7">
        <p xml:space="preserve">
          <span class="italic">Observando </span>que el Grupo de Expertos dedicará su próxima reunión a la cooperación internacional y la prevención, teniendo en cuenta la información sobre esas cuestiones reflejada en el proyecto de estudio exhaustivo sobre el delito cibernético, las observaciones presentadas por los Estados Miembros y los acontecimientos recientes en los planos nacional e internacional,</p>
      </container>
      <container name="Recordando " eId="container_8">
        <p xml:space="preserve">
          <span class="italic">Recordando </span>su resolución <a href="https://undocs.org/sp/A/RES/73/186">73/186</a>, en la que, entre otras cosas, hizo notar con aprecio la celebración de la cuarta reunión del Grupo de Expertos y exhortó a los Estados Miembros a que apoyaran el plan de trabajo del Grupo de Expertos, </p>
      </container>
      <container name="Recordando también" eId="container_9">
        <p xml:space="preserve">
          <span class="italic">Recordando también</span> su resolución <a href="https://undocs.org/sp/A/RES/73/187">73/187</a>, en la que solicitó al Secretario General que recabase las opiniones de los Estados Miembros sobre los problemas a que se enfrentaban en la lucha contra la utilización de las tecnologías de la información y las comunicaciones con fines delictivos y que presentase un informe basado en esas opiniones para examinarlo en su septuagésimo cuarto período de sesiones, </p>
      </container>
      <container name="Recordando además" eId="container_10">
        <p xml:space="preserve">
          <span class="italic">Recordando además</span> que, en su resolución <a href="https://undocs.org/sp/A/RES/73/187">73/187</a>, decidió incluir en el programa provisional de su septuagésimo cuarto período de sesiones un tema titulado “Lucha contra la utilización de las tecnologías de la información y las comunicaciones con fines delictivos”, </p>
      </container>
      <container name="Destacando " eId="container_11">
        <p xml:space="preserve">
          <span class="italic">Destacando </span>la necesidad de mejorar la coordinación y la cooperación entre los Estados Miembros en la lucha contra la ciberdelincuencia, lo que incluye prestar asistencia técnica a los países en desarrollo que la soliciten para mejorar su legislación nacional y reforzar la capacidad de sus autoridades nacionales para hacer frente a la ciberdelincuencia en todas sus formas, por medios como su prevención, detección, investigación y enjuiciamiento, poniendo de relieve en este contexto la función que desempeñan las Naciones Unidas, en particular la Comisión de Prevención del Delito y Justicia Penal, y reafirmando la importancia de respetar los derechos humanos y las libertades fundamentales al utilizar las tecnologías de la información y las comunicaciones,</p>
      </container>
      <container name="Acogiendo con aprecio" eId="container_12">
        <p xml:space="preserve">
          <span class="italic">Acogiendo con aprecio</span> la labor del Grupo de Expertos y su énfasis en los debates sustantivos entre profesionales y expertos de los Estados Miembros, </p>
      </container>
      <container name="Observando " eId="container_13">
        <p xml:space="preserve">
          <span class="italic">Observando </span>que la Convención de las Naciones Unidas contra la Delincuencia Organizada Transnacional<authorialNote marker="2" placement="bottom" eId="authorialNote_2"><p xml:space="preserve">	 	Naciones Unidas, <span class="italic">Treaty Series</span>, vol. 2225, núm. 39574.</p></authorialNote> es un instrumento que pueden utilizar los Estados partes para prestar cooperación internacional con miras a prevenir y combatir la delincuencia organizada transnacional y que algunos Estados partes pueden utilizar en algunos casos de ciberdelincuencia, </p>
      </container>
      <container name="Consciente " eId="container_14">
        <p xml:space="preserve">
          <span class="italic">Consciente </span>de las dificultades que afrontan todos los Estados para combatir la ciberdelincuencia y poniendo de relieve la necesidad de reforzar las actividades de asistencia técnica y creación de capacidad, cuando se solicite y en función de las necesidades nacionales, teniendo en cuenta las dificultades específicas que a ese respecto afrontan los países en desarrollo,</p>
      </container>
      <container name="Aguardando con interés" eId="container_15">
        <p xml:space="preserve">
          <span class="italic">Aguardando con interés</span> las deliberaciones que se celebrarán durante el 14º Congreso de las Naciones Unidas sobre Prevención del Delito y Justicia Penal, que tratará cuestiones relativas a la ciberdelincuencia, como las pruebas electrónicas,</p>
      </container>
      <container name="Acogiendo con aprecio" eId="container_16">
        <p xml:space="preserve">
          <span class="italic">Acogiendo con aprecio</span> los esfuerzos realizados por la Oficina de las Naciones Unidas contra la Droga y el Delito para promover la aplicación del Programa Mundial contra el Delito Cibernético a fin de cumplir su mandato de prestar asistencia técnica y crear capacidad para combatir la ciberdelincuencia,</p>
      </container>
    </preamble>
    <mainBody>
      <paragraph eId="para_17" class="MercuryDocument">
        <num>	1.</num>
        <content eId="para_17__content">
          <p xml:space="preserve">
            <span class="italic">Acoge con aprecio</span> los resultados de la quinta reunión del Grupo de Expertos encargado de Realizar un Estudio Exhaustivo sobre el Delito Cibernético, de carácter intergubernamental y de composición abierta, celebrada en Viena del 27 al 29 de marzo de 2019;</p>
        </content>
      </paragraph>
      <paragraph eId="para_18" class="MercuryDocument">
        <num>	2.</num>
        <content eId="para_18__content">
          <p xml:space="preserve">
            <span class="italic">Reconoce </span>la importancia de la labor del Grupo de ‎Expertos para seguir intercambiando información sobre legislación nacional, mejores prácticas, asistencia técnica y cooperación internacional, con miras a estudiar diferentes opciones para fortalecer las actuales respuestas jurídicas o de otra índole frente a la ciberdelincuencia a nivel nacional e internacional y proponer otras nuevas;</p>
        </content>
      </paragraph>
      <paragraph eId="para_19" class="MercuryDocument">
        <num>	3.</num>
        <content eId="para_19__content">
          <p xml:space="preserve">
            <span class="italic">Observa con aprecio </span>que el Grupo de Expertos formulará, de conformidad con su plan de trabajo para el período 2018-2021, posibles conclusiones y recomendaciones que presentará a la Comisión de Prevención del Delito y Justicia Penal;</p>
        </content>
      </paragraph>
      <paragraph eId="para_20" class="MercuryDocument">
        <num>	4.</num>
        <content eId="para_20__content">
          <p xml:space="preserve">
            <span class="italic">Reconoce </span>que el Grupo de ‎Expertos es un foro importante para el intercambio de información sobre legislación nacional, mejores prácticas, asistencia técnica y cooperación internacional con miras a estudiar diferentes opciones para reforzar las actuales respuestas jurídicas o de otra índole frente a la ciberdelincuencia a nivel nacional e internacional y proponer otras nuevas;</p>
        </content>
      </paragraph>
      <paragraph eId="para_21" class="MercuryDocument">
        <num>	5.</num>
        <content eId="para_21__content">
          <p xml:space="preserve">
            <span class="italic">Alienta </span>a los Estados Miembros a que formulen y apliquen medidas para garantizar que la ciberdelincuencia y los delitos en que son pertinentes las pruebas electrónicas puedan investigarse y enjuiciarse de manera efectiva a nivel nacional y que se pueda obtener cooperación internacional eficaz en ese ámbito conforme al derecho interno y de conformidad con las disposiciones del derecho internacional pertinentes y aplicables, incluidos los instrumentos internacionales de derechos humanos aplicables;</p>
        </content>
      </paragraph>
      <paragraph eId="para_22" class="MercuryDocument">
        <num>	6.</num>
        <content eId="para_22__content">
          <p xml:space="preserve">
            <span class="italic">Insta </span>a los Estados Miembros a que alienten la capacitación de los funcionarios encargados de hacer cumplir la ley, las autoridades de investigación, los fiscales y los jueces en el ámbito de la ciberdelincuencia, entre otras cosas para que adquieran las competencias necesarias en materia de reunión de pruebas y tecnología de la información, y dotarlos de los medios necesarios para que puedan desempeñar eficazmente sus respectivas funciones de investigación, enjuiciamiento y fallo de los delitos cibernéticos;</p>
        </content>
      </paragraph>
      <paragraph eId="para_23" class="MercuryDocument">
        <num>	7.</num>
        <content eId="para_23__content">
          <p xml:space="preserve">
            <span class="italic">Alienta </span>a los Estados Miembros a que se esfuercen por prestar, cuando se les solicite y con arreglo a las necesidades nacionales, asistencia técnica apropiada y crear capacidad a largo plazo a fin de que las autoridades nacionales puedan combatir con más eficacia la ciberdelincuencia y continúen intercambiando opiniones sobre experiencias prácticas y otros aspectos técnicos a ese respecto;</p>
        </content>
      </paragraph>
      <paragraph eId="para_24" class="MercuryDocument">
        <num>	8.</num>
        <content eId="para_24__content">
          <p xml:space="preserve">
            <span class="italic">Reafirma </span>la función que incumbe a la Oficina de las Naciones Unidas contra la Droga y el Delito, de conformidad con la resolución 22/8 de la Comisión de Prevención del Delito y Justicia Penal, de 26 de abril de 2013<authorialNote marker="3" placement="bottom" eId="authorialNote_3"><p xml:space="preserve">	 	Véase <span class="italic">Documentos Oficiales del Consejo Económico y Social, 2013, suplemento núm. 10</span> y corrección (<a href="https://undocs.org/sp/E/2013/30">E/2013/30</a> y <a href="https://undocs.org/sp/E/2013/30/Corr.1">E/2013/30/Corr.1</a>), cap. I, secc. D.</p></authorialNote>, como depositaria central de leyes relativas a la ciberdelincuencia y de experiencias adquiridas en ese ámbito con miras a facilitar la evaluación continua de las necesidades y la capacidad de la justicia penal y la prestación de asistencia técnica y su coordinación; </p>
        </content>
      </paragraph>
      <paragraph eId="para_25" class="MercuryDocument">
        <num>	9.</num>
        <content eId="para_25__content">
          <p xml:space="preserve">
            <span class="italic">Solicita </span>a la Oficina de las Naciones Unidas contra la Droga y el Delito que continúe recopilando información periódicamente sobre las novedades, los progresos y las mejores prácticas que se hayan observado y comunicando periódicamente esa información al Grupo de Expertos y a la Comisión de Prevención del Delito y Justicia Penal;</p>
        </content>
      </paragraph>
      <paragraph eId="para_26" class="MercuryDocument">
        <num>	10.</num>
        <content eId="para_26__content">
          <p xml:space="preserve">
            <span class="italic">Invita </span>al Grupo de Expertos a que imparta asesoramiento, basándose en su labor, a la Oficina de las Naciones Unidas contra la Droga y el Delito, entre otras cosas con respecto al Programa Mundial contra el Delito Cibernético, a fin de ayudar a determinar cuáles son las necesidades más prioritarias en materia de creación de capacidad y las medidas más eficaces para atenderlas, sin perjuicio de otras cuestiones previstas en el mandato del Grupo de Expertos ni de la condición de la Comisión en cuanto que órgano rector del programa contra el delito de la Oficina;</p>
        </content>
      </paragraph>
      <paragraph eId="para_27" class="MercuryDocument">
        <num>	11.</num>
        <content eId="para_27__content">
          <p xml:space="preserve">
            <span class="italic">Solicita </span>a la Oficina de las Naciones Unidas contra la Droga y el Delito que continúe prestando a los Estados Miembros, cuando se le solicite y con arreglo a las necesidades nacionales, asistencia técnica y para la creación de capacidad a largo plazo a fin de que puedan combatir la ciberdelincuencia, por conducto del Programa Mundial contra el Delito Cibernético y, entre otras cosas, sus oficinas regionales, en relación con la prevención, detección, investigación y enjuiciamiento de la ciberdelincuencia en todas sus formas, reconociendo que la cooperación con los Estados Miembros, las organizaciones internacionales y regionales pertinentes, el sector privado, la sociedad civil y otras partes interesadas pertinentes puede facilitar esta actividad;</p>
        </content>
      </paragraph>
      <paragraph eId="para_28" class="MercuryDocument">
        <num>	12.</num>
        <content eId="para_28__content">
          <p xml:space="preserve">
            <span class="italic">Invita </span>a los Estados Miembros a que consideren la posibilidad de cooperar, cuando proceda y de manera responsable, con el sector privado y la sociedad civil con miras a elaborar medidas para combatir la ciberdelincuencia;</p>
        </content>
      </paragraph>
      <paragraph eId="para_29" class="MercuryDocument">
        <num>	13.</num>
        <content eId="para_29__content">
          <p xml:space="preserve">
            <span class="italic">Invita </span>a los Estados Miembros y a otros donantes a que aporten recursos extrapresupuestarios para los fines descritos, de conformidad con las normas y los procedimientos de las Naciones Unidas;</p>
        </content>
      </paragraph>
      <paragraph eId="para_30" class="SingleTxt">
        <num>	14.</num>
        <content eId="para_30__content">
          <p xml:space="preserve">
            <span class="italic">Solicita </span>al Secretario General que informe a la Comisión en su 29º período de sesiones acerca de la aplicación de la presente resolución.</p>
        </content>
      </paragraph>
    </mainBody>
    <conclusions eId="conclusions">
      <p>
        <inline name="adoptionMeeting" title="50a">50a sesión plenaria</inline>
        <eol />
        <docDate date="2019-12-18" refersTo="#adoptionDate">18 de diciembre de 2019</docDate>
      </p>
    </conclusions>
  </statement>
</akomaNtoso>