<akomaNtoso xmlns:xsi="http://www.w3.org/2001/XMLSchema-instance" xsi:schemaLocation="http://docs.oasis-open.org/legaldocml/ns/akn/3.0 http://docs.oasis-open.org/legaldocml/akn-core/v1.0/os/part2-specs/schemas/akomantoso30.xsd" xmlns="http://docs.oasis-open.org/legaldocml/ns/akn/3.0" xmlns:html="http://www.w3.org/1999/xhtml" xmlns:akn4un="http://un.org/akn4un">
  <statement name="resolution">
    <meta>
      <identification source="#DGACM">
        <FRBRWork>
          <FRBRthis value="/akn/un/statement/deliberation/unga/2019-12-13/74-113/!main/"></FRBRthis>
          <FRBRuri value="/akn/un/statement/deliberation/unga/2019-12-13/74-113/"></FRBRuri>
          <FRBRdate date="2019-12-13" name="adoption"></FRBRdate>
          <FRBRauthor href="ga" as="author"></FRBRauthor>
          <FRBRcountry value="un"></FRBRcountry>
        </FRBRWork>
        <FRBRExpression>
          <FRBRthis value="/akn/un/statement/deliberation/unga/2019-12-13/74-113/spa@!main/"></FRBRthis>
          <FRBRuri value="/akn/un/statement/deliberation/unga/2019-12-13/74-113/spa@/"></FRBRuri>
          <FRBRdate date="2019-12-27" name="publication"></FRBRdate>
          <FRBRauthor href="ga" as="issuer"></FRBRauthor>
          <FRBRlanguage language="spa"></FRBRlanguage>
        </FRBRExpression>
        <FRBRManifestation>
          <FRBRthis value="/akn/un/statement/deliberation/unga/2019-12-13/74-113/spa@/!main.xml"></FRBRthis>
          <FRBRuri value="/akn/un/statement/deliberation/unga/2019-12-13/74-113/spa@.xml"></FRBRuri>
          <FRBRdate date="2020-08-18" name="markup"></FRBRdate>
          <FRBRauthor href="DGACM" as="editor"></FRBRauthor>
        </FRBRManifestation>
      </identification>
      <classification source="http://metadata.un.org/sdg">
        <keyword value="17.8" href="http://metadata.un.org/sdg/17.8" showAs="sdg_17.8" dictionary="SDGO"></keyword>
        <keyword value="power_of_implementation" href="http://eurovoc.europa.eu/2577" showAs="power_of_implementation" dictionary="EuroVoc"></keyword>
        <keyword value="information_technology" href="http://eurovoc.europa.eu/5188" showAs="information_technology" dictionary="EuroVoc"></keyword>
        <keyword value="internet" href="http://eurovoc.europa.eu/6088" showAs="internet" dictionary="EuroVoc"></keyword>
        <keyword value="communication_technology" href="http://metadata.un.org/thesaurus/1001133" showAs="communication_technology" dictionary="UNBIS Thesaurus"></keyword>
        <keyword value="information_technology" href="http://metadata.un.org/thesaurus/1003205" showAs="information_technology" dictionary="UNBIS Thesaurus"></keyword>
        <keyword value="physical_infrastructure" href="http://metadata.un.org/thesaurus/1004898" showAs="physical_infrastructure" dictionary="UNBIS Thesaurus"></keyword>
        <keyword value="internet" href="http://metadata.un.org/thesaurus/1003348" showAs="internet" dictionary="UNBIS Thesaurus"></keyword>
      </classification>
      <classification source="http://metadata.un.org/sdg">
        <keyword value="14" href="http://metadata.un.org/sdg/14" showAs="sdg_14" dictionary="SDGO"></keyword>
        <keyword value="marine_life" href="http://eurovoc.europa.eu/3149" showAs="marine_life" dictionary="EuroVoc"></keyword>
        <keyword value="marine_environment" href="http://eurovoc.europa.eu/5742" showAs="marine_environment" dictionary="EuroVoc"></keyword>
        <keyword value="ocean" href="http://eurovoc.europa.eu/2107" showAs="ocean" dictionary="EuroVoc"></keyword>
        <keyword value="sea" href="http://eurovoc.europa.eu/1870" showAs="sea" dictionary="EuroVoc"></keyword>
        <keyword value="marine_resources" href="http://metadata.un.org/thesaurus/030800" showAs="marine_resources" dictionary="UNBIS Thesaurus"></keyword>
        <keyword value="marine_resources" href="http://metadata.un.org/thesaurus/1003922" showAs="marine_resources" dictionary="UNBIS Thesaurus"></keyword>
        <keyword value="oceans_and_seas" href="http://metadata.un.org/thesaurus/170600" showAs="oceans_and_seas" dictionary="UNBIS Thesaurus"></keyword>
      </classification>
      <classification source="http://metadata.un.org/sdg">
        <keyword value="4.a" href="http://metadata.un.org/sdg/4.a" showAs="sdg_4.a" dictionary="SDGO"></keyword>
        <keyword value="power_of_implementation" href="http://eurovoc.europa.eu/2577" showAs="power_of_implementation" dictionary="EuroVoc"></keyword>
        <keyword value="educational_facilities" href="http://metadata.un.org/thesaurus/1001902" showAs="educational_facilities" dictionary="UNBIS Thesaurus"></keyword>
      </classification>
      <classification source="http://metadata.un.org/sdg">
        <keyword value="15" href="http://metadata.un.org/sdg/15" showAs="sdg_15" dictionary="SDGO"></keyword>
        <keyword value="deforestation" href="http://eurovoc.europa.eu/339" showAs="deforestation" dictionary="EuroVoc"></keyword>
        <keyword value="desertification" href="http://eurovoc.europa.eu/416" showAs="desertification" dictionary="EuroVoc"></keyword>
        <keyword value="biodiversity" href="http://eurovoc.europa.eu/5463" showAs="biodiversity" dictionary="EuroVoc"></keyword>
        <keyword value="land,_plant_and_soil_resources" href="http://metadata.un.org/thesaurus/030600" showAs="land,_plant_and_soil_resources" dictionary="UNBIS Thesaurus"></keyword>
        <keyword value="deforestation" href="http://metadata.un.org/thesaurus/1001550" showAs="deforestation" dictionary="UNBIS Thesaurus"></keyword>
      </classification>
      <classification source="http://metadata.un.org/sdg">
        <keyword value="16.a" href="http://metadata.un.org/sdg/16.a" showAs="sdg_16.a" dictionary="SDGO"></keyword>
      </classification>
      <classification source="http://metadata.un.org/sdg">
        <keyword value="12.2" href="http://metadata.un.org/sdg/12.2" showAs="sdg_12.2" dictionary="SDGO"></keyword>
      </classification>
      <classification source="http://metadata.un.org/sdg">
        <keyword value="8.4" href="http://metadata.un.org/sdg/8.4" showAs="sdg_8.4" dictionary="SDGO"></keyword>
      </classification>
      <workflow source="#un">
        <step date="0001-01-01" outcome="draftResolution" by="submitted by the Special Committee on the Situation with regard to the Implementation of the Declaration on the Granting of Independence to Colonial Countries and Peoples" />
        <step date="0001-01-01" outcome="draftResolutionAdditionalSponsors" by="" />
        <step date="0001-01-01" outcome="recommendedForAdoption" as="A/74/418" by="" refersTo="39" />
        <step date="2019-12-13" outcome="adopted" as="A/74/PV.47" by="" />
      </workflow>
      <analysis source="#un">
        <parliamentary>
          <voting outcome="adoptedRecordedVote">
            <count value="134" refersTo="inFavour">
              <akn4un:voters>
                <organization refersTo="memberState">AFGHANISTAN</organization>
                <organization refersTo="memberState">ALGERIA</organization>
                <organization refersTo="memberState">ANGOLA</organization>
                <organization refersTo="memberState">ANTIGUA AND BARBUDA</organization>
                <organization refersTo="memberState">ARGENTINA</organization>
                <organization refersTo="memberState">ARMENIA</organization>
                <organization refersTo="memberState">AZERBAIJAN</organization>
                <organization refersTo="memberState">BAHAMAS</organization>
                <organization refersTo="memberState">BAHRAIN</organization>
                <organization refersTo="memberState">BANGLADESH</organization>
                <organization refersTo="memberState">BARBADOS</organization>
                <organization refersTo="memberState">BELARUS</organization>
                <organization refersTo="memberState">BELIZE</organization>
                <organization refersTo="memberState">BENIN</organization>
                <organization refersTo="memberState">BHUTAN</organization>
                <organization refersTo="memberState">BOLIVIA (PLURINATIONAL STATE OF)</organization>
                <organization refersTo="memberState">BOSNIA AND HERZEGOVINA</organization>
                <organization refersTo="memberState">BOTSWANA</organization>
                <organization refersTo="memberState">BRUNEI DARUSSALAM</organization>
                <organization refersTo="memberState">BURKINA FASO</organization>
                <organization refersTo="memberState">BURUNDI</organization>
                <organization refersTo="memberState">CABO VERDE</organization>
                <organization refersTo="memberState">CAMBODIA</organization>
                <organization refersTo="memberState">CAMEROON</organization>
                <organization refersTo="memberState">CENTRAL AFRICAN REPUBLIC</organization>
                <organization refersTo="memberState">CHAD</organization>
                <organization refersTo="memberState">CHILE</organization>
                <organization refersTo="memberState">CHINA</organization>
                <organization refersTo="memberState">COLOMBIA</organization>
                <organization refersTo="memberState">COMOROS</organization>
                <organization refersTo="memberState">CONGO</organization>
                <organization refersTo="memberState">COSTA RICA</organization>
                <organization refersTo="memberState">COTE D'IVOIRE</organization>
                <organization refersTo="memberState">CUBA</organization>
                <organization refersTo="memberState">CYPRUS</organization>
                <organization refersTo="memberState">DEMOCRATIC PEOPLE'S REPUBLIC OF KOREA</organization>
                <organization refersTo="memberState">DJIBOUTI</organization>
                <organization refersTo="memberState">DOMINICAN REPUBLIC</organization>
                <organization refersTo="memberState">ECUADOR</organization>
                <organization refersTo="memberState">EGYPT</organization>
                <organization refersTo="memberState">EL SALVADOR</organization>
                <organization refersTo="memberState">ERITREA</organization>
                <organization refersTo="memberState">ESWATINI</organization>
                <organization refersTo="memberState">ETHIOPIA</organization>
                <organization refersTo="memberState">FIJI</organization>
                <organization refersTo="memberState">GABON</organization>
                <organization refersTo="memberState">GAMBIA</organization>
                <organization refersTo="memberState">GREECE</organization>
                <organization refersTo="memberState">GRENADA</organization>
                <organization refersTo="memberState">GUATEMALA</organization>
                <organization refersTo="memberState">GUINEA</organization>
                <organization refersTo="memberState">GUYANA</organization>
                <organization refersTo="memberState">HAITI</organization>
                <organization refersTo="memberState">HONDURAS</organization>
                <organization refersTo="memberState">INDIA</organization>
                <organization refersTo="memberState">INDONESIA</organization>
                <organization refersTo="memberState">IRAN (ISLAMIC REPUBLIC OF)</organization>
                <organization refersTo="memberState">IRAQ</organization>
                <organization refersTo="memberState">JAMAICA</organization>
                <organization refersTo="memberState">JORDAN</organization>
                <organization refersTo="memberState">KAZAKHSTAN</organization>
                <organization refersTo="memberState">KENYA</organization>
                <organization refersTo="memberState">KIRIBATI</organization>
                <organization refersTo="memberState">KUWAIT</organization>
                <organization refersTo="memberState">KYRGYZSTAN</organization>
                <organization refersTo="memberState">LAO PEOPLE'S DEMOCRATIC REPUBLIC</organization>
                <organization refersTo="memberState">LEBANON</organization>
                <organization refersTo="memberState">LESOTHO</organization>
                <organization refersTo="memberState">LIBYA</organization>
                <organization refersTo="memberState">MADAGASCAR</organization>
                <organization refersTo="memberState">MALAYSIA</organization>
                <organization refersTo="memberState">MALDIVES</organization>
                <organization refersTo="memberState">MALI</organization>
                <organization refersTo="memberState">MARSHALL ISLANDS</organization>
                <organization refersTo="memberState">MAURITANIA</organization>
                <organization refersTo="memberState">MAURITIUS</organization>
                <organization refersTo="memberState">MEXICO</organization>
                <organization refersTo="memberState">MONGOLIA</organization>
                <organization refersTo="memberState">MOROCCO</organization>
                <organization refersTo="memberState">MOZAMBIQUE</organization>
                <organization refersTo="memberState">MYANMAR</organization>
                <organization refersTo="memberState">NAMIBIA</organization>
                <organization refersTo="memberState">NAURU</organization>
                <organization refersTo="memberState">NEPAL</organization>
                <organization refersTo="memberState">NICARAGUA</organization>
                <organization refersTo="memberState">NIGER</organization>
                <organization refersTo="memberState">NIGERIA</organization>
                <organization refersTo="memberState">OMAN</organization>
                <organization refersTo="memberState">PAKISTAN</organization>
                <organization refersTo="memberState">PALAU</organization>
                <organization refersTo="memberState">PANAMA</organization>
                <organization refersTo="memberState">PAPUA NEW GUINEA</organization>
                <organization refersTo="memberState">PARAGUAY</organization>
                <organization refersTo="memberState">PERU</organization>
                <organization refersTo="memberState">PHILIPPINES</organization>
                <organization refersTo="memberState">QATAR</organization>
                <organization refersTo="memberState">RUSSIAN FEDERATION</organization>
                <organization refersTo="memberState">RWANDA</organization>
                <organization refersTo="memberState">SAINT KITTS AND NEVIS</organization>
                <organization refersTo="memberState">SAINT LUCIA</organization>
                <organization refersTo="memberState">SAINT VINCENT AND THE GRENADINES</organization>
                <organization refersTo="memberState">SAMOA</organization>
                <organization refersTo="memberState">SAO TOME AND PRINCIPE</organization>
                <organization refersTo="memberState">SAUDI ARABIA</organization>
                <organization refersTo="memberState">SENEGAL</organization>
                <organization refersTo="memberState">SERBIA</organization>
                <organization refersTo="memberState">SEYCHELLES</organization>
                <organization refersTo="memberState">SIERRA LEONE</organization>
                <organization refersTo="memberState">SINGAPORE</organization>
                <organization refersTo="memberState">SOUTH AFRICA</organization>
                <organization refersTo="memberState">SOUTH SUDAN</organization>
                <organization refersTo="memberState">SRI LANKA</organization>
                <organization refersTo="memberState">SUDAN</organization>
                <organization refersTo="memberState">SURINAME</organization>
                <organization refersTo="memberState">SYRIAN ARAB REPUBLIC</organization>
                <organization refersTo="memberState">TAJIKISTAN</organization>
                <organization refersTo="memberState">THAILAND</organization>
                <organization refersTo="memberState">TIMOR-LESTE</organization>
                <organization refersTo="memberState">TONGA</organization>
                <organization refersTo="memberState">TRINIDAD AND TOBAGO</organization>
                <organization refersTo="memberState">TUNISIA</organization>
                <organization refersTo="memberState">TURKEY</organization>
                <organization refersTo="memberState">TURKMENISTAN</organization>
                <organization refersTo="memberState">UGANDA</organization>
                <organization refersTo="memberState">UNITED ARAB EMIRATES</organization>
                <organization refersTo="memberState">UNITED REPUBLIC OF TANZANIA</organization>
                <organization refersTo="memberState">URUGUAY</organization>
                <organization refersTo="memberState">UZBEKISTAN</organization>
                <organization refersTo="memberState">VANUATU</organization>
                <organization refersTo="memberState">VENEZUELA (BOLIVARIAN REPUBLIC OF)</organization>
                <organization refersTo="memberState">VIET NAM</organization>
                <organization refersTo="memberState">YEMEN</organization>
                <organization refersTo="memberState">ZAMBIA</organization>
                <organization refersTo="memberState">ZIMBABWE</organization>
              </akn4un:voters>
            </count>
            <count value="3" refersTo="against">
              <akn4un:voters>
                <organization refersTo="memberState">ISRAEL</organization>
                <organization refersTo="memberState">UNITED KINGDOM</organization>
                <organization refersTo="memberState">UNITED STATES</organization>
              </akn4un:voters>
            </count>
            <count value="46" refersTo="abstaining">
              <akn4un:voters>
                <organization refersTo="memberState">ALBANIA</organization>
                <organization refersTo="memberState">ANDORRA</organization>
                <organization refersTo="memberState">AUSTRALIA</organization>
                <organization refersTo="memberState">AUSTRIA</organization>
                <organization refersTo="memberState">BELGIUM</organization>
                <organization refersTo="memberState">BRAZIL</organization>
                <organization refersTo="memberState">BULGARIA</organization>
                <organization refersTo="memberState">CANADA</organization>
                <organization refersTo="memberState">CROATIA</organization>
                <organization refersTo="memberState">CZECHIA</organization>
                <organization refersTo="memberState">DENMARK</organization>
                <organization refersTo="memberState">ESTONIA</organization>
                <organization refersTo="memberState">FINLAND</organization>
                <organization refersTo="memberState">FRANCE</organization>
                <organization refersTo="memberState">GEORGIA</organization>
                <organization refersTo="memberState">GERMANY</organization>
                <organization refersTo="memberState">GHANA</organization>
                <organization refersTo="memberState">HUNGARY</organization>
                <organization refersTo="memberState">ICELAND</organization>
                <organization refersTo="memberState">IRELAND</organization>
                <organization refersTo="memberState">ITALY</organization>
                <organization refersTo="memberState">JAPAN</organization>
                <organization refersTo="memberState">LATVIA</organization>
                <organization refersTo="memberState">LIECHTENSTEIN</organization>
                <organization refersTo="memberState">LITHUANIA</organization>
                <organization refersTo="memberState">LUXEMBOURG</organization>
                <organization refersTo="memberState">MALTA</organization>
                <organization refersTo="memberState">MONACO</organization>
                <organization refersTo="memberState">MONTENEGRO</organization>
                <organization refersTo="memberState">NETHERLANDS</organization>
                <organization refersTo="memberState">NEW ZEALAND</organization>
                <organization refersTo="memberState">NORTH MACEDONIA</organization>
                <organization refersTo="memberState">NORWAY</organization>
                <organization refersTo="memberState">POLAND</organization>
                <organization refersTo="memberState">PORTUGAL</organization>
                <organization refersTo="memberState">REPUBLIC OF KOREA</organization>
                <organization refersTo="memberState">REPUBLIC OF MOLDOVA</organization>
                <organization refersTo="memberState">ROMANIA</organization>
                <organization refersTo="memberState">SAN MARINO</organization>
                <organization refersTo="memberState">SLOVAKIA</organization>
                <organization refersTo="memberState">SLOVENIA</organization>
                <organization refersTo="memberState">SPAIN</organization>
                <organization refersTo="memberState">SWEDEN</organization>
                <organization refersTo="memberState">SWITZERLAND</organization>
                <organization refersTo="memberState">TOGO</organization>
                <organization refersTo="memberState">UKRAINE</organization>
              </akn4un:voters>
            </count>
          </voting>
        </parliamentary>
      </analysis>
      <references source="#DGACM">
        <TLCOrganization eId="source" href="/akn/ontology/organization/un/DGACM" showAs="DGACM"></TLCOrganization>
        <TLCConcept eId="dateOfIssuance" href="/akn/ontology/concept/un/dateOfIssuance" showAs="Date of issuance"></TLCConcept>
        <TLCConcept eId="dateOfAdoption" href="/akn/ontology/concept/un/dateOfAdoption" showAs="Date of adoption"></TLCConcept>
        <TLCConcept eId="symbol" href="/akn/ontology/reference/un/symbol" showAs="Symbol"></TLCConcept>
        <TLCRole eId="publisher" href="/akn/ontology/role/un/publisher" showAs="Publisher"></TLCRole>
        <TLCRole eId="issuingBody" href="/akn/role/concept/un/issuingBody" showAs="Issuing body"></TLCRole>
        <TLCRole eId="author" href="/akn/ontology/role/un/author" showAs="Author"></TLCRole>
        <TLCRole eId="editor" href="/akn/ontology/role/un/editor" showAs="Editor"></TLCRole>
        <TLCRole eId="distribution" href="/akn/ontology/concept/un/generalDistribution" showAs="General distribution"></TLCRole>
        <TLCOrganization eId="ga" href="/akn/ontology/organization/un/generalAssembly" showAs="General Assembly"></TLCOrganization>
        <TLCTerm eId="resolutionTitle" href="/akn/ontology/reference/un/resolutionTitle" showAs="Resolution title"></TLCTerm>
        <TLCTerm eId="fourthCommittee" href="#fourthCommittee" showAs="La Comisión Política Especial y de Descolonización"></TLCTerm>
        <TLCTerm eId="memberState" href="/akn/ontology/organization/un/memberState" showAs="Member State"></TLCTerm>
        <TLCTerm eId="inFavour" href="/akn/ontology/concept/un/voting/inFavour" showAs="In favour"></TLCTerm>
        <TLCTerm eId="against" href="/akn/ontology/concept/un/voting/against" showAs="Against"></TLCTerm>
        <TLCTerm eId="abstaining" href="/akn/ontology/concept/un/voting/abstaining" showAs="Abstaining"></TLCTerm>
      </references>
      <presentation source="#un">
        <akn4un:footerFirstPage>
          <akn4un:footerFirstPageLeft>
            <akn4un:internalCode>
              <docketNumber refersTo="#publicationJobNumber">19-22030 (S)</docketNumber>
              <img alt="bar code" class="barCode" src=""></img>
            </akn4un:internalCode>
          </akn4un:footerFirstPageLeft>
          <akn4un:footerFirstPageRight>
            <img alt="Please recycle" class="image" src="./recylcleLogo.jpg"></img>
            <img alt="embedded QR code" class="qrCode" src=""></img>
          </akn4un:footerFirstPageRight>
        </akn4un:footerFirstPage>
      </presentation>
    </meta>
    <coverPage eId="coverPage_1">
      <p>
        <span refersTo="#publisher" class="upperLeft">
          <docAuthority refersTo="#publisher">Naciones Unidas</docAuthority>
        </span>
      </p>
      <p class="upperRight">
        <docNumber refersTo="#symbol">A/RES/74/113</docNumber>
      </p>
      <p class="upperLeft">
        <img src="logo-un.jpg"></img>
        <docAuthority refersTo="#issuingBody" class="rightBig">Asamblea General</docAuthority>
      </p>
      <p>
        <docStatus refersTo="#generalDistribution" class="rightSmall">Distr. general</docStatus>
      </p>
      <p>
        <docDate date="2019-12-27" class="rightSmall" refersTo="#dateOfIssuance">27 de diciembre de 2019</docDate>
      </p>
      <p>
        <session refersTo="#generalAssembly" value="74" eId="coverPage_1__session_1">Septuagésimo cuarto período de sesiones</session>
      </p>
      <p>
        <inline name="agenda item">Tema 59 del programa</inline>
      </p>
      <p>
        <inline name="agenda item name">Aplicación de la Declaración sobre la Concesión de la Independencia a los Países y Pueblos Coloniales</inline>
      </p>
      <p>
        <docTitle>Resolución aprobada por la Asamblea General el 13 de diciembre de 2019</docTitle>
      </p>
      <p xml:space="preserve">
        <docProponent refersTo="#fourthCommittee">[sobre la base del informe de la Comisión Política Especial y de Descolonización (Cuarta Comisión) (<inline name="originating document">A/74/418</inline>)]</docProponent>
      </p>
    </coverPage>
    <preface>
      <p>
        <docNumber>74/113.</docNumber>
        <docTitle refersTo="#resolutionTitle">Aplicación de la Declaración sobre la Concesión de la Independencia a los Países y Pueblos Coloniales</docTitle>
      </p>
    </preface>
    <preamble>
      <formula name="enactingFormula" eId="formula_1">
        <p xml:space="preserve">
          <span class="italic">La Asamblea General</span>,</p>
      </formula>
      <container name="Habiendo examinado" eId="container_2">
        <p xml:space="preserve">
          <span class="italic">Habiendo examinado</span> el informe del Comité Especial encargado de Examinar la Situación con respecto a la Aplicación de la Declaración sobre la Concesión de la Independencia a los Países y Pueblos Coloniales correspondiente a 2019<authorialNote marker="1" placement="bottom" eId="authorialNote_1"><p xml:space="preserve"><span class="italic">Documentos Oficiales de la Asamblea General, septuagésimo cuarto período de sesiones, suplemento núm. 23</span> (<a href="https://undocs.org/sp/A/74/23">A/74/23</a>).</p></authorialNote>, </p>
      </container>
      <container name="Recordando " eId="container_3">
        <p xml:space="preserve">
          <span class="italic">Recordando </span>su resolución <a href="https://undocs.org/sp/A/RES/1514 (XV)">1514 (XV)</a>, de 14 de diciembre de 1960, en la que figura la Declaración sobre la Concesión de la Independencia a los Países y Pueblos Coloniales, y todas sus resoluciones posteriores relativas a la aplicación de la Declaración, la más reciente de las cuales es la resolución <a href="https://undocs.org/sp/A/RES/73/123">73/123</a>, de 7 de diciembre de 2018, así como las resoluciones del Consejo de Seguridad sobre la cuestión, </p>
      </container>
      <container name="Teniendo presente" eId="container_4">
        <p xml:space="preserve">
          <span class="italic">Teniendo presente</span> su resolución <a href="https://undocs.org/sp/A/RES/65/119">65/119</a>, de 10 de diciembre de 2010, en la que declaró el período 2011-2020 Tercer Decenio Internacional para la Eliminación del Colonialismo, y la necesidad de examinar los medios y modos de determinar los deseos de los pueblos de los Territorios No Autónomos basándose en la resolución <a href="https://undocs.org/sp/A/RES/1514 (XV)">1514 (XV)</a> y las demás resoluciones relativas a la descolonización, </p>
      </container>
      <container name="Reconociendo" eId="container_5">
        <p xml:space="preserve">
          <span class="italic">Reconociendo</span> que la eliminación del colonialismo ha sido una de las prioridades de las Naciones Unidas y sigue siéndolo para el decenio que comenzó en 2011, </p>
      </container>
      <container name="Lamentando " eId="container_6">
        <p xml:space="preserve">
          <span class="italic">Lamentando </span>que las medidas para eliminar el colonialismo a más tardar en 2010, que se pedían en su resolución <a href="https://undocs.org/sp/A/RES/55/146">55/146</a>, de 8 de diciembre de 2000, no hayan surtido efecto, </p>
      </container>
      <container name="Reiterando su convicción" eId="container_7">
        <p xml:space="preserve">
          <span class="italic">Reiterando su convicción</span> de que es necesario eliminar el colonialismo, así como la discriminación racial y las violaciones de los derechos humanos fundamentales, </p>
      </container>
      <container name="Observando con satisfacción" eId="container_8">
        <p xml:space="preserve">
          <span class="italic">Observando con satisfacción</span> los constantes esfuerzos del Comité Especial por contribuir a la aplicación efectiva y completa de la Declaración y demás resoluciones de las Naciones Unidas relativas a la descolonización, </p>
      </container>
      <container name="Destacando" eId="container_9">
        <p xml:space="preserve">
          <span class="italic">Destacando</span> la importancia de la participación oficial de todas las Potencias administradoras en la labor del Comité Especial en lo que respecta a los Territorios pertinentes que tengan la responsabilidad de administrar, con arreglo al Artículo 73 de la Carta de las Naciones Unidas, </p>
      </container>
      <container name="Observando con agrado" eId="container_10">
        <p xml:space="preserve">
          <span class="italic">Observando con agrado</span> la cooperación y la participación activa de determinadas Potencias administradoras en la labor del Comité Especial, y alentando a las demás a que hagan lo mismo, </p>
      </container>
      <container name="Observando" eId="container_11">
        <p xml:space="preserve">
          <span class="italic">Observando</span> que el seminario regional del Caribe se celebró en Grand Anse (Granada) del 2 al 4 de mayo de 2019, </p>
      </container>
    </preamble>
    <mainBody>
      <paragraph eId="para_12" class="MercuryDocument">
        <num>	1.</num>
        <content eId="para_12__content">
          <p xml:space="preserve">
            <span class="italic">Reafirma</span> su resolución <a href="https://undocs.org/sp/A/RES/1514 (XV)">1514 (XV)</a> y todas las demás resoluciones y decisiones relativas a la descolonización, incluida su resolución <a href="https://undocs.org/sp/A/RES/65/119">65/119</a>, en la que declaró el período 2011-2020 Tercer Decenio Internacional para la Eliminación del Colonialismo, y exhorta a las Potencias administradoras a que, de conformidad con esas resoluciones, adopten todas las medidas necesarias, caso por caso, para que los pueblos de los Territorios No Autónomos puedan ejercer plenamente y sin más demora su derecho a la libre determinación, incluida la independencia; </p>
        </content>
      </paragraph>
      <paragraph eId="para_13" class="MercuryDocument">
        <num>	2.</num>
        <content eId="para_13__content">
          <p xml:space="preserve">
            <span class="italic">Reafirma una vez más </span>que la existencia del colonialismo en cualquiera de sus formas y manifestaciones, incluida la explotación económica, es incompatible con la Carta de las Naciones Unidas, la Declaración sobre la Concesión de la Independencia a los Países y Pueblos Coloniales y la Declaración Universal de Derechos Humanos<authorialNote marker="2" placement="bottom" eId="authorialNote_2"><p xml:space="preserve">	 	Resolución <a href="https://undocs.org//sp/A/RES/217 (III)">217 A (III)</a>.</p></authorialNote>; </p>
        </content>
      </paragraph>
      <paragraph eId="para_14" class="MercuryDocument">
        <num>	3.</num>
        <content eId="para_14__content">
          <p xml:space="preserve">
            <span class="italic">Reafirma su determinación</span> de seguir adoptando todas las medidas necesarias para lograr la eliminación completa y rápida del colonialismo y la observancia estricta por todos los Estados de las disposiciones pertinentes de la Carta, la Declaración sobre la Concesión de la Independencia a los Países y Pueblos Coloniales y la Declaración Universal de Derechos Humanos; </p>
        </content>
      </paragraph>
      <paragraph eId="para_15" class="MercuryDocument">
        <num>	4.</num>
        <content eId="para_15__content">
          <p xml:space="preserve">
            <span class="italic">Afirma su apoyo una vez más</span> a las aspiraciones de los pueblos bajo dominación colonial a ejercer su derecho a la libre determinación, incluida la independencia, de conformidad con las resoluciones de las Naciones Unidas relativas a la descolonización; </p>
        </content>
      </paragraph>
      <paragraph eId="para_16" class="MercuryDocument">
        <num>	5.</num>
        <content eId="para_16__content">
          <p xml:space="preserve">
            <span class="italic">Exhorta</span> a las Potencias administradoras de cada uno de los Territorios que figuran en el programa del Comité Especial encargado de Examinar la Situación con respecto a la Aplicación de la Declaración sobre la Concesión de la Independencia a los Países y Pueblos Coloniales a que cooperen plenamente en la labor del Comité Especial y participen oficialmente en sus futuros períodos de sesiones y seminarios; </p>
        </content>
      </paragraph>
      <paragraph eId="para_17" class="MercuryDocument">
        <num>	6.</num>
        <content eId="para_17__content">
          <p xml:space="preserve">
            <span class="italic">Exhorta</span> a las Potencias administradoras a que cooperen plenamente con el Comité Especial para formular y concluir lo antes posible un programa de trabajo constructivo, caso por caso, para los Territorios No Autónomos, con objeto de facilitar el cumplimiento del mandato del Comité Especial y de las resoluciones relativas a la descolonización, incluidas las relativas a Territorios concretos; </p>
        </content>
      </paragraph>
      <paragraph eId="para_18" class="MercuryDocument">
        <num>	7.</num>
        <content eId="para_18__content">
          <p xml:space="preserve">
            <span class="italic">Recuerda con satisfacción</span> la forma profesional, abierta y transparente en que se llevaron a cabo los referendos para determinar el estatuto futuro de Tokelau que se celebraron bajo la supervisión de las Naciones Unidas en febrero de 2006 y octubre de 2007; </p>
        </content>
      </paragraph>
      <paragraph eId="para_19" class="MercuryDocument">
        <num>	8.</num>
        <content eId="para_19__content">
          <p xml:space="preserve">
            <span class="italic">Solicita</span> al Comité Especial que siga buscando los medios adecuados para aplicar de forma inmediata y plena la Declaración y que ponga en práctica las medidas adoptadas por la Asamblea General en relación con el Segundo y el Tercer Decenio Internacional para la Eliminación del Colonialismo en todos los Territorios que todavía no hayan ejercido su derecho a la libre determinación, incluida la independencia, y en particular que:</p>
        </content>
      </paragraph>
      <paragraph eId="para_20" class="MercuryDocument">
        <content eId="para_20__content">
          <p xml:space="preserve">	a)	Formule propuestas concretas para poner fin al colonialismo y la informe al respecto en su septuagésimo quinto período de sesiones; </p>
        </content>
      </paragraph>
      <paragraph eId="para_21" class="MercuryDocument">
        <content eId="para_21__content">
          <p xml:space="preserve">	b)	Siga examinando la aplicación por los Estados Miembros de la resolución <a href="https://undocs.org/sp/A/RES/1514 (XV)">1514 (XV)</a> y demás resoluciones relativas a la descolonización; </p>
        </content>
      </paragraph>
      <paragraph eId="para_22" class="MercuryDocument">
        <content eId="para_22__content">
          <p xml:space="preserve">	c)	Siga examinando la situación política, económica y social de los Territorios No Autónomos y le recomiende, según proceda, las medidas que más convenga adoptar para que las poblaciones de esos Territorios puedan ejercer su derecho a la libre determinación, incluida la independencia, de conformidad con las resoluciones relativas a la descolonización, entre ellas las relativas a Territorios concretos; </p>
        </content>
      </paragraph>
      <paragraph eId="para_23" class="MercuryDocument">
        <content eId="para_23__content">
          <p xml:space="preserve">	d)	Formule y concluya, lo antes posible y en colaboración con la Potencia administradora y el Territorio en cuestión, un programa de trabajo constructivo, caso por caso, para los Territorios No Autónomos, con objeto de facilitar el cumplimiento del mandato del Comité Especial y de las resoluciones relativas a la descolonización, incluidas las relativas a Territorios concretos; </p>
        </content>
      </paragraph>
      <paragraph eId="para_24" class="MercuryDocument">
        <content eId="para_24__content">
          <p xml:space="preserve">	e)	Siga enviando misiones visitadoras y especiales a los Territorios No Autónomos de conformidad con las resoluciones relativas a la descolonización, incluidas las relativas a Territorios concretos; </p>
        </content>
      </paragraph>
      <paragraph eId="para_25" class="MercuryDocument">
        <content eId="para_25__content">
          <p xml:space="preserve">	f)	Lleve a cabo seminarios, según proceda, para recibir y difundir información sobre la labor del Comité Especial y facilite la participación de los pueblos de los Territorios No Autónomos en dichos seminarios;</p>
        </content>
      </paragraph>
      <paragraph eId="para_26" class="MercuryDocument">
        <content eId="para_26__content">
          <p xml:space="preserve">	g)	Adopte todas las medidas necesarias con el fin de obtener apoyo, a nivel mundial, de Gobiernos y de organizaciones nacionales e internacionales para el logro de los objetivos de la Declaración y la aplicación de las resoluciones pertinentes de las Naciones Unidas; </p>
        </content>
      </paragraph>
      <paragraph eId="para_27" class="MercuryDocument">
        <content eId="para_27__content">
          <p xml:space="preserve">	h)	Celebre todos los años la Semana de Solidaridad con los Pueblos de los Territorios No Autónomos; </p>
        </content>
      </paragraph>
      <paragraph eId="para_28" class="MercuryDocument">
        <num>	9.</num>
        <content eId="para_28__content">
          <p xml:space="preserve">
            <span class="italic">Exhorta</span> a las Potencias administradoras a que sigan cooperando con el Comité Especial en el cumplimiento de su mandato, y, entre otras cosas, a que faciliten la realización de las misiones visitadoras del Comité a los Territorios, caso por caso, y de conformidad con las resoluciones de las Naciones Unidas relativas a Territorios concretos; </p>
        </content>
      </paragraph>
      <paragraph eId="para_29" class="MercuryDocument">
        <num>	10.</num>
        <content eId="para_29__content">
          <p xml:space="preserve">
            <span class="italic">Reafirma</span> que las misiones visitadoras de las Naciones Unidas a los Territorios No Autónomos, según proceda, son un instrumento eficaz para conocer la situación de los pueblos de los Territorios, de conformidad con las resoluciones pertinentes de las Naciones Unidas relativas a Territorios concretos y, en consecuencia, solicita al Comité Especial que realice al menos una misión visitadora por año; </p>
        </content>
      </paragraph>
      <paragraph eId="para_30" class="MercuryDocument">
        <num>	11.</num>
        <content eId="para_30__content">
          <p xml:space="preserve">
            <span class="italic">Recuerda</span> que el plan de acción del Segundo Decenio Internacional para la Eliminación del Colonialismo<authorialNote marker="3" placement="bottom" eId="authorialNote_3"><p xml:space="preserve"><a href="https://undocs.org/sp/A/56/61">A/56/61</a>, anexo.</p></authorialNote>, actualizado según sea necesario, representa una base legislativa importante para que los Territorios No Autónomos alcancen la autonomía y que la evaluación caso por caso de la consecución de la autonomía en cada Territorio puede constituir una importante contribución a ese proceso; </p>
        </content>
      </paragraph>
      <paragraph eId="para_31" class="MercuryDocument">
        <num>	12.</num>
        <content eId="para_31__content">
          <p xml:space="preserve">
            <span class="italic">Exhorta </span>a todos los Estados, en especial a las Potencias administradoras, así como a los organismos especializados y demás organizaciones del sistema de las Naciones Unidas, a que apliquen, en sus respectivas esferas de competencia, las recomendaciones del Comité Especial para la aplicación de la Declaración y demás resoluciones de las Naciones Unidas sobre el particular; </p>
        </content>
      </paragraph>
      <paragraph eId="para_32" class="MercuryDocument">
        <num>	13.</num>
        <content eId="para_32__content">
          <p xml:space="preserve">
            <span class="italic">Exhorta </span>a las Potencias administradoras a que se aseguren de que las actividades económicas y de otra índole realizadas en los Territorios No Autónomos bajo su administración no tengan consecuencias perjudiciales para los intereses de los pueblos de esos Territorios, sino que promuevan su desarrollo, y a que los ayuden a ejercer su derecho a la libre determinación; </p>
        </content>
      </paragraph>
      <paragraph eId="para_33" class="MercuryDocument">
        <num>	14.</num>
        <content eId="para_33__content">
          <p xml:space="preserve">
            <span class="italic">Exhorta</span> a las Potencias administradoras que corresponda a que pongan fin a las actividades militares y eliminen las bases militares en los Territorios No Autónomos bajo su administración, de conformidad con las resoluciones pertinentes de la Asamblea General; </p>
        </content>
      </paragraph>
      <paragraph eId="para_34" class="MercuryDocument">
        <num>	15.</num>
        <content eId="para_34__content">
          <p xml:space="preserve">
            <span class="italic">Insta</span> a las Potencias administradoras a que adopten medidas eficaces para salvaguardar y garantizar el derecho inalienable de los pueblos de los Territorios No Autónomos a sus recursos naturales y su derecho a establecer y mantener el control sobre la futura explotación de esos recursos, y solicita a las Potencias administradoras que adopten todas las medidas necesarias para proteger los derechos de propiedad de los pueblos de dichos Territorios; </p>
        </content>
      </paragraph>
      <paragraph eId="para_35" class="MercuryDocument">
        <num>	16.</num>
        <content eId="para_35__content">
          <p xml:space="preserve">
            <span class="italic">Insta</span> a todos los Estados a que, directamente y mediante sus actividades en los organismos especializados y otras organizaciones del sistema de las Naciones Unidas, presten asistencia moral y material, en función de las necesidades, a los pueblos de los Territorios No Autónomos, y solicita a las Potencias administradoras que adopten medidas con el fin de obtener y utilizar eficazmente toda la asistencia posible, tanto bilateral como multilateral, para el fortalecimiento de la economía de esos Territorios; </p>
        </content>
      </paragraph>
      <paragraph eId="para_36" class="MercuryDocument">
        <num>	17.</num>
        <content eId="para_36__content">
          <p xml:space="preserve">
            <span class="italic">Solicita</span> al Secretario General, a los organismos especializados y a otras organizaciones del sistema de las Naciones Unidas que presten asistencia económica, social y de otra índole a los Territorios No Autónomos y que continúen haciéndolo, según proceda, una vez que estos hayan ejercido su derecho a la libre determinación, incluida la independencia; </p>
        </content>
      </paragraph>
      <paragraph eId="para_37" class="MercuryDocument">
        <num>	18.</num>
        <content eId="para_37__content">
          <p xml:space="preserve">
            <span class="italic">Solicita</span> al Secretario General, Presidente Provisional del Comité Especial, que se reúna oficiosamente al menos una vez al año con el Presidente del Comité Especial y la Mesa en el intervalo entre períodos de sesiones, a fin de estudiar medios innovadores de usar sus buenos oficios para ayudar a impulsar el programa de descolonización caso por caso; </p>
        </content>
      </paragraph>
      <paragraph eId="para_38" class="MercuryDocument">
        <num>	19.</num>
        <content eId="para_38__content">
          <p xml:space="preserve">
            <span class="italic">Aprueba</span> el informe del Comité Especial relativo a su labor realizada en 2019<sup>1</sup>, en el que se describe el programa de trabajo para 2020, en particular el seminario regional del Pacífico y una misión visitadora a uno de los Territorios que figuran en su programa, de conformidad con las resoluciones pertinentes de las Naciones Unidas relativas a Territorios concretos; </p>
        </content>
      </paragraph>
      <paragraph eId="para_39" class="MercuryDocument">
        <num>	20.</num>
        <content eId="para_39__content">
          <p xml:space="preserve">
            <span class="italic">Solicita</span> al Secretario General que siga examinando los recursos con que cuenta el Comité Especial a fin de asegurar que el Comité disponga de los fondos, instalaciones y servicios necesarios para ejecutar sus programas anuales previstos, de conformidad con el mandato establecido en las resoluciones pertinentes de la Asamblea General, especialmente en el párrafo 8 de su resolución <a href="https://undocs.org/sp/A/RES/73/123">73/123</a>. </p>
        </content>
      </paragraph>
    </mainBody>
    <conclusions eId="conclusions">
      <p>
        <inline name="adoptionMeeting" title="47a">47a sesión plenaria</inline>
        <eol />
        <docDate date="2019-12-13" refersTo="#adoptionDate">13 de diciembre de 2019</docDate>
      </p>
    </conclusions>
  </statement>
</akomaNtoso>