<akomaNtoso xmlns:xsi="http://www.w3.org/2001/XMLSchema-instance" xsi:schemaLocation="http://docs.oasis-open.org/legaldocml/ns/akn/3.0 http://docs.oasis-open.org/legaldocml/akn-core/v1.0/os/part2-specs/schemas/akomantoso30.xsd" xmlns="http://docs.oasis-open.org/legaldocml/ns/akn/3.0" xmlns:html="http://www.w3.org/1999/xhtml" xmlns:akn4un="http://un.org/akn4un">
  <statement name="resolution">
    <meta>
      <identification source="#DGACM">
        <FRBRWork>
          <FRBRthis value="/akn/un/statement/deliberation/unga/2019-12-13/74-110/!main/"></FRBRthis>
          <FRBRuri value="/akn/un/statement/deliberation/unga/2019-12-13/74-110/"></FRBRuri>
          <FRBRdate date="2019-12-13" name="adoption"></FRBRdate>
          <FRBRauthor href="ga" as="author"></FRBRauthor>
          <FRBRcountry value="un"></FRBRcountry>
        </FRBRWork>
        <FRBRExpression>
          <FRBRthis value="/akn/un/statement/deliberation/unga/2019-12-13/74-110/spa@!main/"></FRBRthis>
          <FRBRuri value="/akn/un/statement/deliberation/unga/2019-12-13/74-110/spa@/"></FRBRuri>
          <FRBRdate date="2019-12-27" name="publication"></FRBRdate>
          <FRBRauthor href="ga" as="issuer"></FRBRauthor>
          <FRBRlanguage language="spa"></FRBRlanguage>
        </FRBRExpression>
        <FRBRManifestation>
          <FRBRthis value="/akn/un/statement/deliberation/unga/2019-12-13/74-110/spa@/!main.xml"></FRBRthis>
          <FRBRuri value="/akn/un/statement/deliberation/unga/2019-12-13/74-110/spa@.xml"></FRBRuri>
          <FRBRdate date="2020-08-18" name="markup"></FRBRdate>
          <FRBRauthor href="DGACM" as="editor"></FRBRauthor>
        </FRBRManifestation>
      </identification>
      <classification source="http://metadata.un.org/sdg">
        <keyword value="6" href="http://metadata.un.org/sdg/6" showAs="sdg_6" dictionary="SDGO"></keyword>
        <keyword value="water" href="http://eurovoc.europa.eu/597" showAs="water" dictionary="EuroVoc"></keyword>
        <keyword value="public_hygiene" href="http://eurovoc.europa.eu/3371" showAs="public_hygiene" dictionary="EuroVoc"></keyword>
        <keyword value="use_of_water" href="http://eurovoc.europa.eu/4628" showAs="use_of_water" dictionary="EuroVoc"></keyword>
        <keyword value="water" href="http://metadata.un.org/thesaurus/030500" showAs="water" dictionary="UNBIS Thesaurus"></keyword>
        <keyword value="sanitation" href="http://metadata.un.org/thesaurus/1005701" showAs="sanitation" dictionary="UNBIS Thesaurus"></keyword>
        <keyword value="water_management" href="http://metadata.un.org/thesaurus/1006948" showAs="water_management" dictionary="UNBIS Thesaurus"></keyword>
      </classification>
      <classification source="http://metadata.un.org/sdg">
        <keyword value="14" href="http://metadata.un.org/sdg/14" showAs="sdg_14" dictionary="SDGO"></keyword>
        <keyword value="marine_life" href="http://eurovoc.europa.eu/3149" showAs="marine_life" dictionary="EuroVoc"></keyword>
        <keyword value="marine_environment" href="http://eurovoc.europa.eu/5742" showAs="marine_environment" dictionary="EuroVoc"></keyword>
        <keyword value="ocean" href="http://eurovoc.europa.eu/2107" showAs="ocean" dictionary="EuroVoc"></keyword>
        <keyword value="sea" href="http://eurovoc.europa.eu/1870" showAs="sea" dictionary="EuroVoc"></keyword>
        <keyword value="marine_resources" href="http://metadata.un.org/thesaurus/030800" showAs="marine_resources" dictionary="UNBIS Thesaurus"></keyword>
        <keyword value="marine_resources" href="http://metadata.un.org/thesaurus/1003922" showAs="marine_resources" dictionary="UNBIS Thesaurus"></keyword>
        <keyword value="oceans_and_seas" href="http://metadata.un.org/thesaurus/170600" showAs="oceans_and_seas" dictionary="UNBIS Thesaurus"></keyword>
      </classification>
      <classification source="http://metadata.un.org/sdg">
        <keyword value="16" href="http://metadata.un.org/sdg/16" showAs="sdg_16" dictionary="SDGO"></keyword>
        <keyword value="right_to_justice" href="http://eurovoc.europa.eu/516" showAs="right_to_justice" dictionary="EuroVoc"></keyword>
        <keyword value="sustainable_development" href="http://eurovoc.europa.eu/5585" showAs="sustainable_development" dictionary="EuroVoc"></keyword>
        <keyword value="civil_society" href="http://metadata.un.org/thesaurus/1001012" showAs="civil_society" dictionary="UNBIS Thesaurus"></keyword>
        <keyword value="justice" href="http://metadata.un.org/thesaurus/1003500" showAs="justice" dictionary="UNBIS Thesaurus"></keyword>
        <keyword value="peaceful_coexistence" href="http://metadata.un.org/thesaurus/1004777" showAs="peaceful_coexistence" dictionary="UNBIS Thesaurus"></keyword>
        <keyword value="public_institutions" href="http://metadata.un.org/thesaurus/1005254" showAs="public_institutions" dictionary="UNBIS Thesaurus"></keyword>
        <keyword value="social_justice" href="http://metadata.un.org/thesaurus/1005970" showAs="social_justice" dictionary="UNBIS Thesaurus"></keyword>
        <keyword value="sustainable_development" href="http://metadata.un.org/thesaurus/1006319" showAs="sustainable_development" dictionary="UNBIS Thesaurus"></keyword>
      </classification>
      <workflow source="#un">
        <step date="0001-01-01" outcome="draftResolution" by="submitted by the Special Committee on the Situation with regard to the Implementation of the Declaration on the Granting of Independence to Colonial Countries and Peoples" />
        <step date="0001-01-01" outcome="draftResolutionAdditionalSponsors" by="" />
        <step date="0001-01-01" outcome="recommendedForAdoption" as="A/74/418" by="" refersTo="39" />
        <step date="2019-12-13" outcome="adopted" as="A/74/PV.47" by="" />
      </workflow>
      <analysis source="#un">
        <parliamentary>
          <voting outcome="adoptedWithoutVote">
            <quorum value=""></quorum>
          </voting>
        </parliamentary>
      </analysis>
      <references source="#DGACM">
        <TLCOrganization eId="source" href="/akn/ontology/organization/un/DGACM" showAs="DGACM"></TLCOrganization>
        <TLCConcept eId="dateOfIssuance" href="/akn/ontology/concept/un/dateOfIssuance" showAs="Date of issuance"></TLCConcept>
        <TLCConcept eId="dateOfAdoption" href="/akn/ontology/concept/un/dateOfAdoption" showAs="Date of adoption"></TLCConcept>
        <TLCConcept eId="symbol" href="/akn/ontology/reference/un/symbol" showAs="Symbol"></TLCConcept>
        <TLCRole eId="publisher" href="/akn/ontology/role/un/publisher" showAs="Publisher"></TLCRole>
        <TLCRole eId="issuingBody" href="/akn/role/concept/un/issuingBody" showAs="Issuing body"></TLCRole>
        <TLCRole eId="author" href="/akn/ontology/role/un/author" showAs="Author"></TLCRole>
        <TLCRole eId="editor" href="/akn/ontology/role/un/editor" showAs="Editor"></TLCRole>
        <TLCRole eId="distribution" href="/akn/ontology/concept/un/generalDistribution" showAs="General distribution"></TLCRole>
        <TLCOrganization eId="ga" href="/akn/ontology/organization/un/generalAssembly" showAs="General Assembly"></TLCOrganization>
        <TLCTerm eId="resolutionTitle" href="/akn/ontology/reference/un/resolutionTitle" showAs="Resolution title"></TLCTerm>
        <TLCTerm eId="fourthCommittee" href="#fourthCommittee" showAs="La Comisión Política Especial y de Descolonización"></TLCTerm>
        <TLCTerm eId="memberState" href="/akn/ontology/organization/un/memberState" showAs="Member State"></TLCTerm>
        <TLCTerm eId="inFavour" href="/akn/ontology/concept/un/voting/inFavour" showAs="In favour"></TLCTerm>
        <TLCTerm eId="against" href="/akn/ontology/concept/un/voting/against" showAs="Against"></TLCTerm>
        <TLCTerm eId="abstaining" href="/akn/ontology/concept/un/voting/abstaining" showAs="Abstaining"></TLCTerm>
      </references>
      <presentation source="#un">
        <akn4un:footerFirstPage>
          <akn4un:footerFirstPageLeft>
            <akn4un:internalCode>
              <docketNumber refersTo="#publicationJobNumber">19-22027 (S)</docketNumber>
              <img alt="bar code" class="barCode" src=""></img>
            </akn4un:internalCode>
          </akn4un:footerFirstPageLeft>
          <akn4un:footerFirstPageRight>
            <img alt="Please recycle" class="image" src="./recylcleLogo.jpg"></img>
            <img alt="embedded QR code" class="qrCode" src=""></img>
          </akn4un:footerFirstPageRight>
        </akn4un:footerFirstPage>
      </presentation>
    </meta>
    <coverPage eId="coverPage_1">
      <p>
        <span refersTo="#publisher" class="upperLeft">
          <docAuthority refersTo="#publisher">Naciones Unidas</docAuthority>
        </span>
      </p>
      <p class="upperRight">
        <docNumber refersTo="#symbol">A/RES/74/110</docNumber>
      </p>
      <p class="upperLeft">
        <img src="logo-un.jpg"></img>
        <docAuthority refersTo="#issuingBody" class="rightBig">Asamblea General</docAuthority>
      </p>
      <p>
        <docStatus refersTo="#generalDistribution" class="rightSmall">Distr. general</docStatus>
      </p>
      <p>
        <docDate date="2019-12-27" class="rightSmall" refersTo="#dateOfIssuance">27 de diciembre de 2019</docDate>
      </p>
      <p>
        <session refersTo="#generalAssembly" value="74" eId="coverPage_1__session_1">Septuagésimo cuarto período de sesiones</session>
      </p>
      <p>
        <inline name="agenda item">Tema 59 del programa</inline>
      </p>
      <p>
        <inline name="agenda item name">Aplicación de la Declaración sobre la Concesión de la Independencia a los Países y Pueblos Coloniales</inline>
      </p>
      <p>
        <docTitle>Resolución aprobada por la Asamblea General el 13 de diciembre de 2019</docTitle>
      </p>
      <p xml:space="preserve">
        <docProponent refersTo="#fourthCommittee">[sobre la base del informe de la Comisión Política Especial y de Descolonización (Cuarta Comisión) (<inline name="originating document">A/74/418</inline>)]</docProponent>
      </p>
    </coverPage>
    <preface>
      <p>
        <docNumber>74/110.</docNumber>
        <docTitle refersTo="#resolutionTitle">Cuestión de las Islas Turcas y Caicos</docTitle>
      </p>
    </preface>
    <preamble>
      <formula name="enactingFormula" eId="formula_1">
        <p xml:space="preserve">
          <span class="italic">La Asamblea General</span>,</p>
      </formula>
      <container name="Habiendo considerado" eId="container_2">
        <p xml:space="preserve">
          <span class="italic">Habiendo considerado</span> la cuestión de las Islas Turcas y Caicos y habiendo examinado el capítulo pertinente del informe del Comité Especial encargado de Examinar la Situación con respecto a la Aplicación de la Declaración sobre la Concesión de la Independencia a los Países y Pueblos Coloniales correspondiente a 2019<authorialNote marker="1" placement="bottom" eId="authorialNote_1"><p xml:space="preserve"><span class="italic">Documentos Oficiales de la Asamblea General, septuagésimo cuarto período de sesiones, suplemento núm. 23</span> (<a href="https://undocs.org/sp/A/74/23">A/74/23</a>), cap. X.</p></authorialNote>, </p>
      </container>
      <container name="Tomando nota " eId="container_3">
        <p xml:space="preserve">
          <span class="italic">Tomando nota </span>del documento de trabajo preparado por la Secretaría sobre las Islas Turcas y Caicos<authorialNote marker="2" placement="bottom" eId="authorialNote_2"><p xml:space="preserve"><a href="https://undocs.org/sp/A/AC.109/2019/15">A/AC.109/2019/15</a>.</p></authorialNote> y otra información pertinente, </p>
      </container>
      <container name="Reconociendo" eId="container_4">
        <p xml:space="preserve">
          <span class="italic">Reconociendo</span> que todas las opciones de libre determinación del Territorio son válidas siempre que se ajusten a los deseos expresados libremente por el pueblo de las Islas Turcas y Caicos y sean compatibles con los principios claramente definidos que figuran en las resoluciones <a href="https://undocs.org/sp/A/RES/1514 (XV)">1514 (XV)</a>, de 14 de diciembre de 1960, <a href="https://undocs.org/sp/A/RES/1541 (XV)">1541 (XV)</a>, de 15 de diciembre de 1960, y otras resoluciones de la Asamblea General, </p>
      </container>
      <container name="Expresando preocupación" eId="container_5">
        <p xml:space="preserve">
          <span class="italic">Expresando preocupación</span> por el hecho de que, 59 años después de haberse aprobado la Declaración sobre la Concesión de la Independencia a los Países y Pueblos Coloniales<authorialNote marker="3" placement="bottom" eId="authorialNote_3"><p xml:space="preserve">		Resolución <a href="https://undocs.org/sp/A/RES/1514 (XV)">1514 (XV)</a>.</p></authorialNote>, siga habiendo 17 Territorios No Autónomos, entre ellos las Islas Turcas y Caicos, </p>
      </container>
      <container name="Consciente" eId="container_6">
        <p xml:space="preserve">
          <span class="italic">Consciente</span> de la importancia de que se siga aplicando efectivamente la Declaración, habida cuenta del objetivo establecido por las Naciones Unidas de eliminar el colonialismo para 2020 y de los planes de acción del Segundo<authorialNote marker="4" placement="bottom" eId="authorialNote_4"><p xml:space="preserve"><a href="https://undocs.org/sp/A/56/61">A/56/61</a>, anexo.</p></authorialNote> y Tercer Decenio Internacional para la Eliminación del Colonialismo, </p>
      </container>
      <container name="Reconociendo" eId="container_7">
        <p xml:space="preserve">
          <span class="italic">Reconociendo</span> que, dadas las características propias y las aspiraciones del pueblo de las Islas Turcas y Caicos, es preciso aplicar criterios flexibles, prácticos e innovadores a las opciones de libre determinación, sin perjuicio de la extensión del Territorio, su situación geográfica, el tamaño de su población o sus recursos naturales, </p>
      </container>
      <container name="Convencida" eId="container_8">
        <p xml:space="preserve">
          <span class="italic">Convencida</span> de que los deseos y las aspiraciones del pueblo del Territorio deben seguir guiando la evolución de su estatuto político futuro y de que los referendos, las elecciones libres y limpias y otras formas de consulta popular son un medio importante de conocer esos deseos y aspiraciones,</p>
      </container>
      <container name="Preocupada " eId="container_9">
        <p xml:space="preserve">
          <span class="italic">Preocupada </span>por el hecho de que las Potencias administradoras utilizan y explotan en beneficio propio los recursos naturales de los Territorios No Autónomos, por el uso que se hace de los Territorios como centros financieros internacionales en detrimento de la economía mundial y por las consecuencias de toda actividad económica de las Potencias administradoras que sea contraria a los intereses de los pueblos de los Territorios, así como a lo dispuesto en la resolución <a href="https://undocs.org/sp/A/RES/1514 (XV)">1514 (XV)</a>, </p>
      </container>
      <container name="Convencida " eId="container_10">
        <p xml:space="preserve">
          <span class="italic">Convencida </span>de que las negociaciones para determinar el estatuto del Territorio deben contar con la intervención y participación activa de su pueblo, bajo los auspicios de las Naciones Unidas y caso por caso, y de que deben conocerse las opiniones del pueblo de las Islas Turcas y Caicos respecto de su derecho a la libre determinación, </p>
      </container>
      <container name="Haciendo notar " eId="container_11">
        <p xml:space="preserve">
          <span class="italic">Haciendo notar </span>la cooperación constante de los Territorios No Autónomos a nivel local y regional, en especial su participación en la labor de distintas organizaciones regionales,</p>
      </container>
      <container name="Teniendo presente" eId="container_12">
        <p xml:space="preserve">
          <span class="italic">Teniendo presente</span> que, para que el Comité Especial entienda mejor el estatuto político del pueblo de las Islas Turcas y Caicos y cumpla su mandato como corresponde, es importante que reciba del Reino Unido de Gran Bretaña e Irlanda del Norte, en su carácter de Potencia administradora, y de otras fuentes competentes, incluidos los representantes del Territorio, información acerca de los deseos y las aspiraciones de su pueblo, </p>
      </container>
      <container name="Consciente" eId="container_13">
        <p xml:space="preserve">
          <span class="italic">Consciente</span> de que la participación de los representantes elegidos y nombrados de las Islas Turcas y Caicos en la labor del Comité Especial es importante tanto para las Islas Turcas y Caicos como para el propio Comité, </p>
      </container>
      <container name="Reconociendo" eId="container_14">
        <p xml:space="preserve">
          <span class="italic">Reconociendo</span> la necesidad de que el Comité Especial se asegure de que los órganos competentes de las Naciones Unidas realicen una activa campaña de concienciación pública para ayudar al pueblo de las Islas Turcas y Caicos en lo que respecta a su derecho inalienable a la libre determinación y a entender mejor las distintas opciones de libre determinación, caso por caso, </p>
      </container>
      <container name="Teniendo presente" eId="container_15">
        <p xml:space="preserve">
          <span class="italic">Teniendo presente</span>, a ese respecto, que la celebración de seminarios regionales en las regiones del Caribe y el Pacífico y en la Sede, con la participación activa de representantes de los Territorios No Autónomos, es un medio útil para que el Comité Especial cumpla su mandato y que el carácter regional de los seminarios, que se celebran alternadamente en el Caribe y el Pacífico, es un elemento fundamental en el contexto de un programa de las Naciones Unidas para determinar el estatuto político de los Territorios, </p>
      </container>
      <container name="Acogiendo con beneplácito " eId="container_16">
        <p xml:space="preserve">
          <span class="italic">Acogiendo con beneplácito </span>el seminario regional del Caribe sobre el tema “Actividades del Tercer Decenio Internacional para la Eliminación del Colonialismo: acelerar la descolonización mediante un compromiso renovado y medidas pragmáticas”, celebrado por el Comité Especial en Grand Anse (Granada) y organizado por el Gobierno de Granada del 2 al 4 de mayo de 2019, un acontecimiento importante y con visión de futuro que permitió a los participantes evaluar los progresos realizados y abordar los retos que plantea el proceso de descolonización, examinar los actuales métodos de trabajo del Comité y renovar su compromiso de desempeñar su tarea histórica, </p>
      </container>
      <container name="Reconociendo" eId="container_17">
        <p xml:space="preserve">
          <span class="italic">Reconociendo</span> la importancia de las conclusiones y recomendaciones aprobadas en el seminario, que figuran en un anexo del informe del Comité Especial<authorialNote marker="5" placement="bottom" eId="authorialNote_5"><p xml:space="preserve"><span class="italic">Documentos Oficiales de la Asamblea General, septuagésimo cuarto período de sesiones, suplemento núm. 23</span> (<a href="https://undocs.org/sp/A/74/23">A/74/23</a>).</p></authorialNote> y en las que se exponen las observaciones del seminario, especialmente en lo que respecta a la manera de hacer avanzar el proceso de descolonización teniendo en cuenta que la Asamblea General proclamó el período 2011-2020 Tercer Decenio Internacional para la Eliminación del Colonialismo<authorialNote marker="6" placement="bottom" eId="authorialNote_6"><p xml:space="preserve">		Véase la resolución <a href="https://undocs.org/sp/A/RES/65/119">65/119</a>.</p></authorialNote>, </p>
      </container>
      <container name="Observando con aprecio" eId="container_18">
        <p xml:space="preserve">
          <span class="italic">Observando con aprecio</span> la contribución que hacen al desarrollo de algunos Territorios los organismos especializados y otras organizaciones del sistema de las Naciones Unidas, en particular la Comisión Económica para América Latina y el Caribe, la Comisión Económica y Social para Asia y el Pacífico, el Programa de las Naciones Unidas para el Desarrollo y el Programa Mundial de Alimentos, al igual que instituciones regionales como el Banco de Desarrollo del Caribe, la Comunidad del Caribe, la Organización de Estados del Caribe Oriental, el Foro de las Islas del Pacífico y los organismos del Consejo de Organizaciones Regionales del Pacífico, </p>
      </container>
      <container name="Tomando nota" eId="container_19">
        <p xml:space="preserve">
          <span class="italic">Tomando nota</span> de la declaración formulada por un representante designado por el Gobierno de las Islas Turcas y Caicos en el seminario regional del Caribe, celebrado en Managua del 19 al 21 de mayo de 2015, </p>
      </container>
      <container name="Observando con seria preocupación" eId="container_20">
        <p xml:space="preserve">
          <span class="italic">Observando con seria preocupación</span> que la última vez que el Territorio participó en las actividades del Comité Especial fue en 2015, </p>
      </container>
      <container name="Recordando " eId="container_21">
        <p xml:space="preserve">
          <span class="italic">Recordando </span>el envío de la misión especial de las Naciones Unidas a las Islas Turcas y Caicos en 2006, a petición del Gobierno del Territorio y con la anuencia de la Potencia administradora, </p>
      </container>
      <container name="Recordando también" eId="container_22">
        <p xml:space="preserve">
          <span class="italic">Recordando también</span> el respaldo dado por los Jefes de Gobierno de la Comunidad del Caribe al informe de su misión de constatación de los hechos en las Islas Turcas y Caicos en 2013, en el cual se pidió, entre otras cosas, un referendo sobre la libre determinación y un mecanismo para modificar la Constitución,</p>
      </container>
      <container name="Recordando además" eId="container_23">
        <p xml:space="preserve">
          <span class="italic">Recordando además</span> que en marzo de 2014 los Jefes de Gobierno de la Comunidad del Caribe recibieron información actualizada sobre la situación en las Islas Turcas y Caicos, a la que continuarán dando seguimiento, y que expresaron su apoyo al pleno restablecimiento de la democracia en el Territorio en los términos promovidos por su pueblo, </p>
      </container>
      <container name="Expresando su preocupación" eId="container_24">
        <p xml:space="preserve">
          <span class="italic">Expresando su preocupación</span> por los efectos y los daños devastadores que causaron en el Territorio el huracán Irma y el huracán María en 2017, </p>
      </container>
      <container name="Destacando " eId="container_25">
        <p xml:space="preserve">
          <span class="italic">Destacando </span>la importancia de los vínculos regionales para el desarrollo de un pequeño Territorio insular, </p>
      </container>
      <container name="Recordando " eId="container_26">
        <p xml:space="preserve">
          <span class="italic">Recordando </span>las elecciones generales que se celebraron en diciembre de 2016 y acogiendo con beneplácito la elección de la Primera Ministra del Territorio, primera mujer en ocupar tal cargo<authorialNote marker="7" placement="bottom" eId="authorialNote_7"><p xml:space="preserve">		Véase <a href="https://undocs.org/sp/A/AC.109/2017/15">A/AC.109/2017/15</a>, párr. 16.</p></authorialNote>, </p>
      </container>
    </preamble>
    <mainBody>
      <paragraph eId="para_27" class="MercuryDocument">
        <num>	1.</num>
        <content eId="para_27__content">
          <p xml:space="preserve">
            <span class="italic">Reafirma </span>el derecho inalienable del pueblo de las Islas Turcas y Caicos a la libre determinación, de conformidad con la Carta de las Naciones Unidas y con la resolución <a href="https://undocs.org/sp/A/RES/1514 (XV)">1514 (XV)</a> de la Asamblea General, en la que figura la Declaración sobre la Concesión de la Independencia a los Países y Pueblos Coloniales;</p>
        </content>
      </paragraph>
      <paragraph eId="para_28" class="MercuryDocument">
        <num>	2.</num>
        <content eId="para_28__content">
          <p xml:space="preserve">
            <span class="italic">Reafirma también </span>que en el proceso de descolonización de las Islas Turcas y Caicos no hay alternativa al principio de la libre determinación, que es también un derecho humano fundamental reconocido en las convenciones pertinentes de derechos humanos; </p>
        </content>
      </paragraph>
      <paragraph eId="para_29" class="MercuryDocument">
        <num>	3.</num>
        <content eId="para_29__content">
          <p xml:space="preserve">
            <span class="italic">Reafirma además </span>que, en última instancia, corresponde al pueblo de las Islas Turcas y Caicos determinar libremente su estatuto político futuro de conformidad con las disposiciones pertinentes de la Carta, la Declaración y las resoluciones pertinentes de la Asamblea General y, a ese respecto, exhorta a la Potencia administradora a que, en colaboración con el Gobierno del Territorio y los órganos competentes del sistema de las Naciones Unidas, elabore programas de educación política para el Territorio a fin de que el pueblo tome conciencia de su derecho a la libre determinación en el marco de las opciones legítimas de estatuto político, sobre la base de los principios claramente definidos en la resolución <a href="https://undocs.org/sp/A/RES/1541 (XV)">1541 (XV)</a> y otras resoluciones y decisiones pertinentes; </p>
        </content>
      </paragraph>
      <paragraph eId="para_30" class="MercuryDocument">
        <num>	4.</num>
        <content eId="para_30__content">
          <p xml:space="preserve">
            <span class="italic">Toma nota </span>de las posiciones y los reiterados llamamientos de la Comunidad del Caribe y el Movimiento de los Países No Alineados en apoyo de un Gobierno del Territorio elegido democráticamente y del pleno restablecimiento de la democracia en el Territorio, de acuerdo con la decisión de su pueblo;</p>
        </content>
      </paragraph>
      <paragraph eId="para_31" class="MercuryDocument">
        <num>	5.</num>
        <content eId="para_31__content">
          <p xml:space="preserve">
            <span class="italic">Observa</span> que se sigue debatiendo la reforma constitucional en el Territorio, y destaca la importancia de que todos los grupos y las partes interesadas participen en el proceso de consulta; </p>
        </content>
      </paragraph>
      <paragraph eId="para_32" class="MercuryDocument">
        <num>	6.</num>
        <content eId="para_32__content">
          <p xml:space="preserve">
            <span class="italic">Destaca</span> la importancia de que el Territorio cuente con una constitución que refleje las aspiraciones y los deseos de su pueblo y se base en los mecanismos de consulta popular; </p>
        </content>
      </paragraph>
      <paragraph eId="para_33" class="MercuryDocument">
        <num>	7.</num>
        <content eId="para_33__content">
          <p xml:space="preserve">
            <span class="italic">Solicita</span> a la Potencia administradora que ayude al Territorio facilitando su labor relativa a las actividades educativas de divulgación pública, de conformidad con el Artículo 73 <span class="italic">b</span> de la Carta, y, a ese respecto, exhorta a las organizaciones competentes de las Naciones Unidas a que presten asistencia al Territorio, si este la solicita; </p>
        </content>
      </paragraph>
      <paragraph eId="para_34" class="MercuryDocument">
        <num>	8.</num>
        <content eId="para_34__content">
          <p xml:space="preserve">
            <span class="italic">Acoge con beneplácito</span> la activa participación del Territorio en la labor de la Comisión Económica para América Latina y el Caribe; </p>
        </content>
      </paragraph>
      <paragraph eId="para_35" class="MercuryDocument">
        <num>	9.</num>
        <content eId="para_35__content">
          <p xml:space="preserve">
            <span class="italic">Destaca </span>que el Territorio debería seguir participando en las actividades del Comité Especial encargado de Examinar la Situación con respecto a la Aplicación de la Declaración sobre la Concesión de la Independencia a los Países y Pueblos Coloniales, incluidos los seminarios regionales, a fin de proporcionar al Comité información actualizada sobre el proceso de descolonización; </p>
        </content>
      </paragraph>
      <paragraph eId="para_36" class="MercuryDocument">
        <num>	10.</num>
        <content eId="para_36__content">
          <p xml:space="preserve">
            <span class="italic">Acoge con beneplácito</span> los esfuerzos que sigue realizando el Gobierno del Territorio para responder a la necesidad de prestar atención al fomento del desarrollo socioeconómico en todo el Territorio; </p>
        </content>
      </paragraph>
      <paragraph eId="para_37" class="MercuryDocument">
        <num>	11.</num>
        <content eId="para_37__content">
          <p xml:space="preserve">
            <span class="italic">Destaca </span>la importancia de que el Comité Especial reciba información sobre las opiniones y los deseos del pueblo de las Islas Turcas y Caicos y entienda mejor sus condiciones, incluidos el carácter y el alcance de los acuerdos políticos y constitucionales existentes entre las Islas Turcas y Caicos y la Potencia administradora; </p>
        </content>
      </paragraph>
      <paragraph eId="para_38" class="MercuryDocument">
        <num>	12.</num>
        <content eId="para_38__content">
          <p xml:space="preserve">
            <span class="italic">Exhorta</span> a la Potencia administradora a que participe y coopere plenamente en la labor del Comité Especial a fin de aplicar las disposiciones del Artículo 73 <span class="italic">e </span>de la Carta y las de la Declaración, así como de asesorar al Comité sobre el cumplimiento de las disposiciones del Artículo 73 <span class="italic">b</span> de la Carta respecto de los esfuerzos por promover el autogobierno de las Islas Turcas y Caicos, y alienta a la Potencia administradora a que facilite el envío de misiones visitadoras y especiales al Territorio;</p>
        </content>
      </paragraph>
      <paragraph eId="para_39" class="MercuryDocument">
        <num>	13.</num>
        <content eId="para_39__content">
          <p xml:space="preserve">
            <span class="italic">Reafirma </span>que, en virtud de la Carta, la Potencia administradora tiene la responsabilidad de promover el desarrollo económico y social del Territorio y preservar su identidad cultural, y solicita a la Potencia administradora que adopte medidas para recabar y utilizar eficazmente toda la asistencia posible, tanto bilateral como multilateral, a fin de fortalecer la economía del Territorio; </p>
        </content>
      </paragraph>
      <paragraph eId="para_40" class="MercuryDocument">
        <num>	14.</num>
        <content eId="para_40__content">
          <p xml:space="preserve">
            <span class="italic">Tiene en cuenta</span> la Agenda 2030 para el Desarrollo Sostenible<authorialNote marker="8" placement="bottom" eId="authorialNote_8"><p xml:space="preserve">		Resolución <a href="https://undocs.org/sp/A/RES/70/1">70/1</a>.</p></authorialNote>, incluidos los Objetivos de Desarrollo Sostenible, destaca la importancia de fomentar el desarrollo económico y social sostenible del Territorio promoviendo un crecimiento económico sostenido, inclusivo y equitativo, creando mayores oportunidades para todos, reduciendo las desigualdades, elevando los niveles de vida básicos, favoreciendo el desarrollo social equitativo y la inclusión, y promoviendo la gestión integrada y sostenible de los recursos naturales y los ecosistemas, que contribuye, entre otras cosas, al desarrollo económico, social y humano y al mismo tiempo facilita la conservación, regeneración, restauración y resiliencia de los ecosistemas frente a los desafíos nuevos y emergentes, e insta encarecidamente a la Potencia administradora a que no emprenda ningún tipo de actividad ilícita, nociva e improductiva, incluida la utilización del Territorio como centro financiero internacional, que no esté en consonancia con los intereses del pueblo del Territorio; </p>
        </content>
      </paragraph>
      <paragraph eId="para_41" class="MercuryDocument">
        <num>	15.</num>
        <content eId="para_41__content">
          <p xml:space="preserve">
            <span class="italic">Solicita</span> al Territorio y a la Potencia administradora que adopten todas las medidas necesarias para proteger y preservar el medio ambiente del Territorio de toda degradación y, una vez más, solicita a los organismos especializados competentes que vigilen las condiciones ambientales del Territorio y le proporcionen asistencia, en consonancia con sus respectivos reglamentos vigentes; </p>
        </content>
      </paragraph>
      <paragraph eId="para_42" class="MercuryDocument">
        <num>	16.</num>
        <content eId="para_42__content">
          <p xml:space="preserve">
            <span class="italic">Exhorta</span> a la Potencia administradora, a los organismos especializados y a otras organizaciones del sistema de las Naciones Unidas, así como a las organizaciones regionales, a que presten toda la asistencia necesaria al Territorio, apoyen las tareas de recuperación y reconstrucción y refuercen la capacidad en lo que respecta a la preparación para emergencias y la reducción del riesgo, en particular tras el huracán Irma y el huracán María, que azotaron el Territorio en 2017; </p>
        </content>
      </paragraph>
      <paragraph eId="para_43" class="MercuryDocument">
        <num>	17.</num>
        <content eId="para_43__content">
          <p xml:space="preserve">
            <span class="italic">Solicita </span>al Comité Especial que siga examinando la cuestión de las Islas Turcas y Caicos y que en su septuagésimo quinto período de sesiones la informe al respecto y sobre la aplicación de la presente resolución.</p>
        </content>
      </paragraph>
    </mainBody>
    <conclusions eId="conclusions">
      <p>
        <inline name="adoptionMeeting" title="47a">47a sesión plenaria</inline>
        <eol />
        <docDate date="2019-12-13" refersTo="#adoptionDate">13 de diciembre de 2019</docDate>
      </p>
    </conclusions>
  </statement>
</akomaNtoso>