<akomaNtoso xmlns:xsi="http://www.w3.org/2001/XMLSchema-instance" xsi:schemaLocation="http://docs.oasis-open.org/legaldocml/ns/akn/3.0 http://docs.oasis-open.org/legaldocml/akn-core/v1.0/os/part2-specs/schemas/akomantoso30.xsd" xmlns="http://docs.oasis-open.org/legaldocml/ns/akn/3.0" xmlns:html="http://www.w3.org/1999/xhtml" xmlns:akn4un="http://un.org/akn4un">
  <statement name="resolution">
    <meta>
      <identification source="#DGACM">
        <FRBRWork>
          <FRBRthis value="/akn/un/statement/deliberation/unga/2019-12-18/74-157/!main/"></FRBRthis>
          <FRBRuri value="/akn/un/statement/deliberation/unga/2019-12-18/74-157/"></FRBRuri>
          <FRBRdate date="2019-12-18" name="adoption"></FRBRdate>
          <FRBRauthor href="ga" as="author"></FRBRauthor>
          <FRBRcountry value="un"></FRBRcountry>
        </FRBRWork>
        <FRBRExpression>
          <FRBRthis value="/akn/un/statement/deliberation/unga/2019-12-18/74-157/spa@!main/"></FRBRthis>
          <FRBRuri value="/akn/un/statement/deliberation/unga/2019-12-18/74-157/spa@/"></FRBRuri>
          <FRBRdate date="2020-01-23" name="publication"></FRBRdate>
          <FRBRauthor href="ga" as="issuer"></FRBRauthor>
          <FRBRlanguage language="spa"></FRBRlanguage>
        </FRBRExpression>
        <FRBRManifestation>
          <FRBRthis value="/akn/un/statement/deliberation/unga/2019-12-18/74-157/spa@/!main.xml"></FRBRthis>
          <FRBRuri value="/akn/un/statement/deliberation/unga/2019-12-18/74-157/spa@.xml"></FRBRuri>
          <FRBRdate date="2020-08-17" name="markup"></FRBRdate>
          <FRBRauthor href="DGACM" as="editor"></FRBRauthor>
        </FRBRManifestation>
      </identification>
      <classification source="http://metadata.un.org/sdg">
        <keyword value="5" href="http://metadata.un.org/sdg/5" showAs="sdg_5" dictionary="SDGO"></keyword>
        <keyword value="gender_equality" href="http://eurovoc.europa.eu/3913" showAs="gender_equality" dictionary="EuroVoc"></keyword>
        <keyword value="participation_of_women" href="http://eurovoc.europa.eu/2265" showAs="participation_of_women" dictionary="EuroVoc"></keyword>
        <keyword value="women&amp;#39;s_rights" href="http://eurovoc.europa.eu/585" showAs="women&amp;#39;s_rights" dictionary="EuroVoc"></keyword>
        <keyword value="position_of_women" href="http://eurovoc.europa.eu/81" showAs="position_of_women" dictionary="EuroVoc"></keyword>
        <keyword value="women" href="http://metadata.un.org/thesaurus/1007029" showAs="women" dictionary="UNBIS Thesaurus"></keyword>
        <keyword value="gender_equality" href="http://metadata.un.org/thesaurus/1002612" showAs="gender_equality" dictionary="UNBIS Thesaurus"></keyword>
        <keyword value="girls" href="http://metadata.un.org/thesaurus/1002684" showAs="girls" dictionary="UNBIS Thesaurus"></keyword>
      </classification>
      <classification source="http://metadata.un.org/sdg">
        <keyword value="16" href="http://metadata.un.org/sdg/16" showAs="sdg_16" dictionary="SDGO"></keyword>
        <keyword value="right_to_justice" href="http://eurovoc.europa.eu/516" showAs="right_to_justice" dictionary="EuroVoc"></keyword>
        <keyword value="sustainable_development" href="http://eurovoc.europa.eu/5585" showAs="sustainable_development" dictionary="EuroVoc"></keyword>
        <keyword value="civil_society" href="http://metadata.un.org/thesaurus/1001012" showAs="civil_society" dictionary="UNBIS Thesaurus"></keyword>
        <keyword value="justice" href="http://metadata.un.org/thesaurus/1003500" showAs="justice" dictionary="UNBIS Thesaurus"></keyword>
        <keyword value="peaceful_coexistence" href="http://metadata.un.org/thesaurus/1004777" showAs="peaceful_coexistence" dictionary="UNBIS Thesaurus"></keyword>
        <keyword value="public_institutions" href="http://metadata.un.org/thesaurus/1005254" showAs="public_institutions" dictionary="UNBIS Thesaurus"></keyword>
        <keyword value="social_justice" href="http://metadata.un.org/thesaurus/1005970" showAs="social_justice" dictionary="UNBIS Thesaurus"></keyword>
        <keyword value="sustainable_development" href="http://metadata.un.org/thesaurus/1006319" showAs="sustainable_development" dictionary="UNBIS Thesaurus"></keyword>
      </classification>
      <classification source="http://metadata.un.org/sdg">
        <keyword value="17" href="http://metadata.un.org/sdg/17" showAs="sdg_17" dictionary="SDGO"></keyword>
        <keyword value="sustainable_development" href="http://eurovoc.europa.eu/5585" showAs="sustainable_development" dictionary="EuroVoc"></keyword>
        <keyword value="partnership" href="http://eurovoc.europa.eu/4199" showAs="partnership" dictionary="EuroVoc"></keyword>
        <keyword value="sustainable_development" href="http://metadata.un.org/thesaurus/1006319" showAs="sustainable_development" dictionary="UNBIS Thesaurus"></keyword>
        <keyword value="partnership" href="http://metadata.un.org/thesaurus/1004748" showAs="partnership" dictionary="UNBIS Thesaurus"></keyword>
      </classification>
      <workflow source="#un">
        <step date="2019-11-13" outcome="draftResolution" as="A/C.3/74/L.45/Rev.1" by="Afghanistan, Albania, Andorra, Antigua and Barbuda, Argentina, Armenia, Australia, Austria, Belgium, Belize, Bosnia and Herzegovina, Brazil, Bulgaria, Cabo Verde, Central African Republic, Chile, Costa Rica, Croatia, Cyprus, Czechia, Denmark, Dominican Republic, Ecuador, El Salvador, Estonia, Finland, France, Georgia, Germany, Greece, Haiti, Honduras, Hungary, Iceland, Ireland, Italy, Japan, Jordan, Latvia, Lebanon, Libya, Liechtenstein, Lithuania, Luxembourg, Mali, Malta, Mexico, Monaco, Montenegro, Netherlands, North Macedonia, Panama, Poland, Portugal, Republic of Moldova, Romania, Serbia, Seychelles, Slovakia, Slovenia, Spain, Sri Lanka, Sweden, Switzerland, Tunisia, Ukraine, United Kingdom of Great Britain and Northern Ireland and Uruguay" />
        <step date="0001-01-01" outcome="draftResolutionAdditionalSponsors" by="Bolivia (Plurinational State of), Burkina Faso, Canada, Colombia, Côte d'Ivoire, Egypt, Ghana, Guatemala, Guinea, Israel, Lesotho, Liberia, Maldives, Marshall Islands, Mauritania, Mongolia, Morocco, Namibia, New Zealand, Niger, Nigeria, Norway, Palau, Paraguay, Peru, Qatar, Republic of Korea, San Marino, Sao Tome and Principe, Solomon Islands, South Africa, Sudan, Tajikistan, Timor-Leste, United States, Vanuatu, Yemen and Zambia" />
        <step date="0001-01-01" outcome="recommendedForAdoption" as="A/74/399/Add.2" by="" refersTo="90" />
        <step date="2019-12-18" outcome="adopted" as="A/74/PV.50" by="" />
      </workflow>
      <analysis source="#un">
        <parliamentary>
          <voting outcome="adoptedWithoutVote">
            <quorum value=""></quorum>
          </voting>
        </parliamentary>
      </analysis>
      <references source="#DGACM">
        <TLCOrganization eId="source" href="/akn/ontology/organization/un/DGACM" showAs="DGACM"></TLCOrganization>
        <TLCConcept eId="dateOfIssuance" href="/akn/ontology/concept/un/dateOfIssuance" showAs="Date of issuance"></TLCConcept>
        <TLCConcept eId="dateOfAdoption" href="/akn/ontology/concept/un/dateOfAdoption" showAs="Date of adoption"></TLCConcept>
        <TLCConcept eId="symbol" href="/akn/ontology/reference/un/symbol" showAs="Symbol"></TLCConcept>
        <TLCRole eId="publisher" href="/akn/ontology/role/un/publisher" showAs="Publisher"></TLCRole>
        <TLCRole eId="issuingBody" href="/akn/role/concept/un/issuingBody" showAs="Issuing body"></TLCRole>
        <TLCRole eId="author" href="/akn/ontology/role/un/author" showAs="Author"></TLCRole>
        <TLCRole eId="editor" href="/akn/ontology/role/un/editor" showAs="Editor"></TLCRole>
        <TLCRole eId="distribution" href="/akn/ontology/concept/un/generalDistribution" showAs="General distribution"></TLCRole>
        <TLCOrganization eId="ga" href="/akn/ontology/organization/un/generalAssembly" showAs="General Assembly"></TLCOrganization>
        <TLCTerm eId="resolutionTitle" href="/akn/ontology/reference/un/resolutionTitle" showAs="Resolution title"></TLCTerm>
        <TLCTerm eId="thirdCommittee" href="#thirdCommittee" showAs="Tercera Comisión"></TLCTerm>
        <TLCTerm eId="memberState" href="/akn/ontology/organization/un/memberState" showAs="Member State"></TLCTerm>
        <TLCTerm eId="inFavour" href="/akn/ontology/concept/un/voting/inFavour" showAs="In favour"></TLCTerm>
        <TLCTerm eId="against" href="/akn/ontology/concept/un/voting/against" showAs="Against"></TLCTerm>
        <TLCTerm eId="abstaining" href="/akn/ontology/concept/un/voting/abstaining" showAs="Abstaining"></TLCTerm>
      </references>
      <presentation source="#un">
        <akn4un:footerFirstPage>
          <akn4un:footerFirstPageLeft>
            <akn4un:internalCode>
              <docketNumber refersTo="#publicationJobNumber">19-22283 (S)</docketNumber>
              <img alt="bar code" class="barCode" src=""></img>
            </akn4un:internalCode>
          </akn4un:footerFirstPageLeft>
          <akn4un:footerFirstPageRight>
            <img alt="Please recycle" class="image" src="./recylcleLogo.jpg"></img>
            <img alt="embedded QR code" class="qrCode" src=""></img>
          </akn4un:footerFirstPageRight>
        </akn4un:footerFirstPage>
      </presentation>
    </meta>
    <coverPage eId="coverPage_1">
      <p>
        <span refersTo="#publisher" class="upperLeft">
          <docAuthority refersTo="#publisher">Naciones Unidas</docAuthority>
        </span>
      </p>
      <p class="upperRight">
        <docNumber refersTo="#symbol">A/RES/74/157</docNumber>
      </p>
      <p class="upperLeft">
        <img src="logo-un.jpg"></img>
        <docAuthority refersTo="#issuingBody" class="rightBig">Asamblea General</docAuthority>
      </p>
      <p>
        <docStatus refersTo="#generalDistribution" class="rightSmall">Distr. general</docStatus>
      </p>
      <p>
        <docDate date="2020-01-23" class="rightSmall" refersTo="#dateOfIssuance">23 de enero de 2020</docDate>
      </p>
      <p>
        <session refersTo="#generalAssembly" value="74" eId="coverPage_1__session_1">Septuagésimo cuarto período de sesiones</session>
      </p>
      <p>
        <inline name="agenda item">Tema 70 b) del programa</inline>
      </p>
      <p>
        <inline name="agenda item name">Promoción y protección de los derechos humanos: cuestiones de derechos humanos, incluidos otros medios de mejorar el goce efectivo de los derechos humanos y las libertades fundamentales</inline>
      </p>
      <p>
        <docTitle>Resolución aprobada por la Asamblea General el 18 de diciembre de 2019</docTitle>
      </p>
      <p xml:space="preserve">
        <docProponent refersTo="#thirdCommittee">[sobre la base del informe de la Tercera Comisión (<inline name="originating document">A/74/399/Add.2</inline>)]</docProponent>
      </p>
    </coverPage>
    <preface>
      <p>
        <docNumber>74/157.</docNumber>
        <docTitle refersTo="#resolutionTitle">La seguridad de los periodistas y la cuestión de la impunidad</docTitle>
      </p>
    </preface>
    <preamble>
      <formula name="enactingFormula" eId="formula_1">
        <p xml:space="preserve">
          <span class="italic">La Asamblea General</span>,</p>
      </formula>
      <container name="Guiada" eId="container_2">
        <p xml:space="preserve">
          <span class="italic">Guiada</span> por los propósitos y principios de la Carta de las Naciones Unidas,</p>
      </container>
      <container name="Reafirmando" eId="container_3">
        <p xml:space="preserve">
          <span class="italic">Reafirmando</span> la Declaración Universal de Derechos Humanos<authorialNote marker="1" placement="bottom" eId="authorialNote_1"><p xml:space="preserve">	 	Resolución <a href="https://undocs.org/es/A/RES/217(III)">217 A (III)</a>.</p></authorialNote> y recordando los tratados internacionales de derechos humanos pertinentes, entre ellos el Pacto Internacional de Derechos Civiles y Políticos<authorialNote marker="2" placement="bottom" eId="authorialNote_2"><p xml:space="preserve">		Véase la resolución <a href="https://undocs.org/es/A/RES/2200(XXI)">2200 A (XXI)</a>, anexo.</p></authorialNote> y la Convención Internacional para la Protección de Todas las Personas contra las Desapariciones Forzadas<authorialNote marker="3" placement="bottom" eId="authorialNote_3"><p xml:space="preserve">		Naciones Unidas, <span class="italic">Treaty Series</span>, vol. 2716, núm. 48088.</p></authorialNote>, así como los Convenios de Ginebra de 12 de agosto de 1949<authorialNote marker="4" placement="bottom" eId="authorialNote_4"><p xml:space="preserve"><span class="italic">Ibid</span>., vol. 75, núms. 970 a 973.</p></authorialNote> y sus Protocolos Adicionales<authorialNote marker="5" placement="bottom" eId="authorialNote_5"><p xml:space="preserve"><span class="italic">Ibid</span>., vol. 1125, núms. 17512 y 17513.</p></authorialNote>,</p>
      </container>
      <container name="Recordando" eId="container_4">
        <p xml:space="preserve">
          <span class="italic">Recordando</span> sus resoluciones anteriores relativas a la seguridad de los periodistas y la cuestión de la impunidad, entre ellas la resolución <a href="https://undocs.org/es/A/RES/68/163">68/163</a>, de 18 de diciembre de 2013, en la que proclamó el 2 de noviembre Día Internacional para Poner Fin a la Impunidad de los Crímenes contra Periodistas, y las resoluciones <a href="https://undocs.org/es/A/RES/69/185">69/185</a>, de 18 de diciembre de 2014, <a href="https://undocs.org/es/A/RES/70/162">70/162</a>, de 17 de diciembre de 2015, y <a href="https://undocs.org/es/A/RES/72/175">72/175</a>, de 19 de diciembre de 2017, </p>
      </container>
      <container name="Acogiendo con beneplácito" eId="container_5">
        <p xml:space="preserve">
          <span class="italic">Acogiendo con beneplácito</span> el informe más reciente del Secretario General sobre la seguridad de los periodistas y la cuestión de la impunidad, la situación actual y las medidas adoptadas hasta la fecha al respecto<authorialNote marker="6" placement="bottom" eId="authorialNote_6"><p xml:space="preserve"><a href="https://undocs.org/es/A/74/314">A/74/314</a>.</p></authorialNote>,</p>
      </container>
      <container name="Tomando nota con aprecio" eId="container_6">
        <p xml:space="preserve">
          <span class="italic">Tomando nota con aprecio</span> del Plan de Acción de las Naciones Unidas sobre la Seguridad de los Periodistas y la Cuestión de la Impunidad, que hizo suyo la Junta de los Jefes Ejecutivos del Sistema de las Naciones Unidas para la Coordinación el 12 de abril de 2012, en el que se invitaba a los organismos, fondos y programas de las Naciones Unidas a que trabajaran con los Estados Miembros para que los periodistas y trabajadores de los medios de comunicación pudieran desempeñar su función libremente y en condiciones de seguridad, tanto en las situaciones de conflicto como en otras situaciones, con miras a fortalecer la paz, la democracia y el desarrollo en todo el mundo,</p>
      </container>
      <container name="Recordando " eId="container_7">
        <p xml:space="preserve">
          <span class="italic">Recordando </span>las resoluciones del Consejo de Derechos Humanos <a href="https://undocs.org/es/A/HRC/RES/21/12">21/12</a>, de 27 de septiembre de 2012<authorialNote marker="7" placement="bottom" eId="authorialNote_7"><p xml:space="preserve">		Véase <span class="italic">Documentos Oficiales de la Asamblea General, sexagésimo séptimo período de sesiones, suplemento núm. 53A</span> (<a href="https://undocs.org/es/A/67/53/Add.1">A/67/53/Add.1</a>), cap. III.</p></authorialNote>, <a href="https://undocs.org/es/A/HRC/RES/27/5">27/5</a>, de 25 de septiembre de 2014<authorialNote marker="8" placement="bottom" eId="authorialNote_8"><p xml:space="preserve"><span class="italic">Ibid</span>., <span class="italic">sexagésimo noveno período de sesiones, suplemento núm. 53A</span> y correcciones (<a href="https://undocs.org/es/A/69/53/Add.1">A/69/53/Add.1</a>, <a href="https://undocs.org/es/A/69/53/Add.1/Corr.1">A/69/53/Add.1/Corr.1</a> y <a href="https://undocs.org/es/A/69/53/Add.1/Corr.2">A/69/53/Add.1/Corr.2</a>), cap. IV, secc. A.</p></authorialNote>, <a href="https://undocs.org/es/A/HRC/RES/33/2">33/2</a>, de 29 de septiembre de 2016<authorialNote marker="9" placement="bottom" eId="authorialNote_9"><p xml:space="preserve"><span class="italic">Ibid., septuagésimo primer período de sesiones, Suplemento núm. 53A </span>y corrección (<a href="https://undocs.org/es/A/71/53/Add.1">A/71/53/Add.1</a> y <a href="https://undocs.org/es/A/71/53/Add.1/Corr.1">A/71/53/Add.1/Corr.1</a>), cap. II.</p></authorialNote>, y <a href="https://undocs.org/es/A/HRC/RES/39/6">39/6</a>, de 27 de septiembre de 2018<authorialNote marker="10" placement="bottom" eId="authorialNote_10"><p xml:space="preserve"><span class="italic">Ibid., septuagésimo tercer período de sesiones, suplemento núm. 53A </span>(<a href="https://undocs.org/es/A/73/53/Add.1">A/73/53/Add.1</a>), cap. III.</p></authorialNote>, relativas a la seguridad de los periodistas, <a href="https://undocs.org/es/A/HRC/RES/32/13">32/13</a>, de 1 de julio de 2016<authorialNote marker="11" placement="bottom" eId="authorialNote_11"><p xml:space="preserve"><span class="italic">Ibid</span>.<span class="italic">, septuagésimo primer período de sesiones, suplemento núm. 53</span> (<a href="https://undocs.org/es/A/71/53">A/71/53</a>), cap. V, secc. A.</p></authorialNote>, relativa a la promoción, la protección y el disfrute de los derechos humanos en Internet, <a href="https://undocs.org/es/A/HRC/RES/34/7">34/7</a>, de 23 de marzo de 2017<authorialNote marker="12" placement="bottom" eId="authorialNote_12"><p xml:space="preserve"><span class="italic">Ibid., septuagésimo segundo período de sesiones, suplemento núm. 53 </span>(<a href="https://undocs.org/es/A/72/53">A/72/53</a>), cap. IV, secc. A.</p></authorialNote>, relativa al derecho a la privacidad en la era digital, y <a href="https://undocs.org/es/A/HRC/RES/27/12">27/12</a>, de 25 de septiembre de 2014<sup>8</sup>, relativa al Programa Mundial para la Educación en Derechos Humanos, así como las resoluciones del Consejo de Seguridad <a href="https://undocs.org/es/S/RES/1325(2000)">1325 (2000)</a>, de 31 de octubre de 2000, <a href="https://undocs.org/es/S/RES/1738(2006)">1738 (2006)</a>, de 23 de diciembre de 2006, y <a href="https://undocs.org/es/S/RES/2222(2015)">2222 (2015)</a>, de 27 de mayo de 2015, así como la resolución <a href="https://undocs.org/es/E/RES/2019/2">2019/2</a>, de 6 de junio de 2019, del Consejo Económico y Social sobre la incorporación de la perspectiva de género en todas las políticas y los programas del sistema de las Naciones Unidas,</p>
      </container>
      <container name="Tomando nota con aprecio " eId="container_8">
        <p xml:space="preserve">
          <span class="italic">Tomando nota con aprecio </span>de la publicación de la Organización de las Naciones Unidas para la Educación, la Ciencia y la Cultura titulada <span class="italic">Tendencias Mundiales en Libertad de Expresión y Desarrollo de los Medios: Informe Mundial 2017-2018</span>, y de la edición de 2017 del <span class="italic">Manual de seguridad para periodistas: guía práctica para reporteros en zonas de riesgo</span>,</p>
      </container>
      <container name="Recordando " eId="container_9">
        <p xml:space="preserve">
          <span class="italic">Recordando </span>todos los demás informes pertinentes del Secretario General, la Oficina del Alto Comisionado de las Naciones Unidas para los Derechos Humanos y los procedimientos especiales del Consejo de Derechos Humanos en relación con la seguridad de los periodistas, así como el informe más reciente del Secretario General sobre las mujeres y la paz y la seguridad<authorialNote marker="13" placement="bottom" eId="authorialNote_13"><p xml:space="preserve"><a href="https://undocs.org/es/S/2019/800">S/2019/800</a>.</p></authorialNote>,</p>
      </container>
      <container name="Encomiando" eId="container_10">
        <p xml:space="preserve">
          <span class="italic">Encomiando</span> el papel y las actividades de la Oficina del Alto Comisionado y la Organización de las Naciones Unidas para la Educación, la Ciencia y la Cultura respecto de la seguridad de los periodistas y la cuestión de la impunidad, en particular su colaboración para reforzar la aplicación del Plan de Acción de las Naciones Unidas sobre la Seguridad de los Periodistas y la Cuestión de la Impunidad, y el hecho de que hayan facilitado la celebración del Día Internacional para Poner Fin a la Impunidad de los Crímenes contra Periodistas el 2 de noviembre, en consulta con las entidades pertinentes del sistema de las Naciones Unidas, los Gobiernos y las partes interesadas pertinentes, y tomando nota del resultado de la consulta con múltiples interesados sobre el fortalecimiento de la aplicación del Plan de Acción de las Naciones Unidas sobre la Seguridad de los Periodistas y la Cuestión de la Impunidad,</p>
      </container>
      <container name="Acogiendo con beneplácito" eId="container_11">
        <p xml:space="preserve">
          <span class="italic">Acogiendo con beneplácito</span> la aprobación de la Agenda 2030 para el Desarrollo Sostenible<authorialNote marker="14" placement="bottom" eId="authorialNote_14"><p xml:space="preserve">		Resolución <a href="https://undocs.org/es/A/RES/70/1">70/1</a>.</p></authorialNote> y los compromisos asumidos en ella, entre otras cosas, construir sociedades pacíficas e inclusivas, proteger los derechos humanos y promover la igualdad de género para el desarrollo sostenible de manera que nadie se quede atrás, y, a esos efectos, dar acceso al público a la información y proteger las libertades fundamentales de conformidad con la legislación nacional y los acuerdos internacionales, reconociendo de esa forma la importante contribución que aporta a este respecto la promoción y protección de la seguridad de los periodistas,</p>
      </container>
      <container name="Consciente" eId="container_12">
        <p xml:space="preserve">
          <span class="italic">Consciente</span> de que el derecho a la libertad de opinión y de expresión es un derecho humano garantizado para todos, en virtud del artículo 19 de la Declaración Universal de Derechos Humanos y del Pacto Internacional de Derechos Civiles y Políticos, y de que constituye uno de los pilares fundamentales de toda sociedad democrática y una de las condiciones básicas para su progreso y desarrollo,</p>
      </container>
      <container name="Reconociendo" eId="container_13">
        <p xml:space="preserve">
          <span class="italic">Reconociendo</span> que el periodismo está en constante evolución y ha llegado a incluir las aportaciones de instituciones del sector de los medios de comunicación, particulares y una serie de organizaciones que buscan, reciben y difunden todo tipo de información e ideas, tanto en línea como en los demás medios, en el ejercicio de la libertad de opinión y de expresión, de conformidad con el artículo 19 del Pacto Internacional de Derechos Civiles y Políticos, contribuyendo así a dar forma al debate público,</p>
      </container>
      <container name="Reconociendo también" eId="container_14">
        <p xml:space="preserve">
          <span class="italic">Reconociendo también</span> la importancia que revisten la libertad de expresión y los medios de comunicación libres, independientes, plurales y diversos, y el acceso a información, tanto en línea como en los demás medios, en la creación de sociedades del conocimiento y democracias inclusivas y pacíficas y en la promoción del diálogo intercultural, la paz y la buena gobernanza, así como el entendimiento y la cooperación,</p>
      </container>
      <container name="Reconociendo además" eId="container_15">
        <p xml:space="preserve">
          <span class="italic">Reconociendo además</span> que es importante mantener la confianza del público en el periodismo y salvaguardar su credibilidad, en particular teniendo en cuenta lo difícil que resulta para los medios de comunicación preservar su profesionalidad en un entorno en el que las nuevas formas de información evolucionan constantemente y en el que proliferan las campañas selectivas de desinformación y difamación para desacreditar la labor de los periodistas,</p>
      </container>
      <container name="Reconociendo" eId="container_16">
        <p xml:space="preserve">
          <span class="italic">Reconociendo</span> que la labor de los periodistas a menudo los expone, a ellos y a sus familiares, al riesgo concreto de intimidación, amenazas, acoso y violencia, lo cual en muchos casos los disuade de seguir trabajando o los empuja a la autocensura, privando así a la sociedad de información importante,</p>
      </container>
      <container name="Observand" eId="container_17">
        <p xml:space="preserve">
          <span class="italic">Observand</span>o las buenas prácticas de diferentes países dirigidas a proteger a los periodistas, así como, entre otras, las prácticas destinadas a proteger a los defensores de los derechos humanos que, según proceda, pueden ser pertinentes para la protección de los periodistas,</p>
      </container>
      <container name="&#x9;Instando" eId="container_18">
        <p xml:space="preserve">
          <span class="italic">	Instando</span> a los Estados a que hagan todo lo posible para prevenir actos de violencia, intimidación, amenazas y agresiones contra periodistas y trabajadores de los medios de comunicación, en particular apoyando el fomento de la capacidad, la formación y la sensibilización de la judicatura, las fuerzas del orden y el personal militar y de seguridad, así como de los medios de comunicación, los periodistas y la sociedad civil, sobre las obligaciones y los compromisos internacionales de los Estados en materia de derecho internacional de los derechos humanos y derecho internacional humanitario relativos a la seguridad de los periodistas,</p>
      </container>
      <container name="Reconociendo " eId="container_19">
        <p xml:space="preserve">
          <span class="italic">Reconociendo </span>los esfuerzos de los Estados por examinar y, en caso necesario, modificar leyes, políticas y prácticas que limitan la capacidad de los periodistas de llevar a cabo su labor con independencia y sin injerencia indebida y por armonizarlas plenamente con las obligaciones que les incumben en virtud del derecho internacional,</p>
      </container>
      <container name="Poniendo de relieve" eId="container_20">
        <p xml:space="preserve">
          <span class="italic">Poniendo de relieve</span> el papel de la cooperación internacional en apoyo de los esfuerzos nacionales para prevenir atentados y actos violentos contra los periodistas y como refuerzo de la capacidad de los Estados en el ámbito de los derechos humanos, incluso en la prevención de atentados y actos violentos contra los periodistas mediante, entre otras cosas, la prestación de asistencia técnica, a solicitud de los Estados interesados y de conformidad con las prioridades que establezcan esos Estados,</p>
      </container>
      <container name="Reconociendo" eId="container_21">
        <p xml:space="preserve">
          <span class="italic">Reconociendo</span> que es considerable el número de personas cuyas vidas se ven influidas por la manera en que se presenta la información y que el periodismo influye en la opinión pública,</p>
      </container>
      <container name="Reconociendo también" eId="container_22">
        <p xml:space="preserve">
          <span class="italic">Reconociendo también</span> la función crucial que cabe a los periodistas y los trabajadores de los medios de comunicación en el contexto de las elecciones, concretamente la de informar al público sobre los candidatos, sus plataformas y los debates en curso, y expresando profunda preocupación por el hecho de que las agresiones contra periodistas y trabajadores de medios de comunicación aumentan durante los períodos electorales,</p>
      </container>
      <container name="Alarmada" eId="container_23">
        <p xml:space="preserve">
          <span class="italic">Alarmada</span> por los casos de dirigentes políticos, cargos públicos o autoridades que denigran, intimidan o amenazan a los medios de comunicación o a periodistas concretos, lo que aumenta el riesgo de que estos sean objeto de amenazas y actos de violencia y socava la confianza de la sociedad en la credibilidad del periodismo,</p>
      </container>
      <container name="Teniendo presente" eId="container_24">
        <p xml:space="preserve">
          <span class="italic">Teniendo presente</span> que la impunidad de los ataques contra periodistas sigue siendo uno de los mayores peligros para su seguridad y que garantizar la rendición de cuentas por los crímenes cometidos contra ellos es un elemento clave para prevenir ataques en el futuro, </p>
      </container>
      <container name="Recordand" eId="container_25">
        <p xml:space="preserve">
          <span class="italic">Recordand</span>o, a este respecto, que los periodistas, los profesionales de los medios de comunicación y el personal conexo que participan en misiones profesionales peligrosas en zonas de conflicto armado deberán ser considerados civiles y ser respetados y protegidos como tales, siempre que se abstengan de emprender acciones que afecten negativamente su condición de civiles,</p>
      </container>
      <container name="Reconociendo" eId="container_26">
        <p xml:space="preserve">
          <span class="italic">Reconociendo</span> que las instituciones nacionales de derechos humanos, allí donde existen, pueden constituir un elemento importante para promover y proteger los derechos humanos, incluido el derecho a la libertad de opinión y de expresión, y para combatir los abusos y las violaciones de los derechos humanos de los periodistas realizando actividades de vigilancia, divulgación y sensibilización, así como examinando las denuncias, y reconociendo además que los mecanismos nacionales de recepción y tramitación de denuncias pueden contribuir a prevenir abusos y violaciones de los derechos humanos de los periodistas,</p>
      </container>
      <container name="Profundamente preocupada" eId="container_27">
        <p xml:space="preserve">
          <span class="italic">Profundamente preocupada</span> por todos los abusos y las violaciones de derechos humanos que se cometen en relación con la seguridad de los periodistas y trabajadores de los medios de comunicación, concretamente casos de muerte, tortura, desaparición forzada, arresto y detención arbitrarios, expulsión, intimidación, acoso, amenazas, tanto en línea como en los demás medios, y otras formas de violencia, </p>
      </container>
      <container name="Expresando profunda preocupación" eId="container_28">
        <p xml:space="preserve">
          <span class="italic">Expresando profunda preocupación</span> por el aumento del número de periodistas y trabajadores de los medios de comunicación a quienes se ha dado muerte o que han sido torturados, detenidos, acosados e intimidados en los últimos años como consecuencia directa de la profesión que ejercían,</p>
      </container>
      <container name="Expresando profunda preocupación también" eId="container_29">
        <p xml:space="preserve">
          <span class="italic">Expresando profunda preocupación también</span> por la amenaza creciente que suponen para la seguridad de los periodistas los agentes no estatales, entre ellos los grupos terroristas y las organizaciones delictivas,</p>
      </container>
      <container name="Profundamente preocupada " eId="container_30">
        <p xml:space="preserve">
          <span class="italic">Profundamente preocupada </span>por los riesgos específicos a que se enfrentan las periodistas en el ejercicio de su labor, tanto en situaciones de conflicto armado como fuera de ellas, en que siguen siendo objeto de ataques a un ritmo alarmante, y subrayando, en este contexto, la importancia de adoptar un enfoque que tenga en cuenta las cuestiones de género a la hora de considerar medidas para garantizar la seguridad de los periodistas y trabajadores de los medios de comunicación, incluso en línea, en particular para enfrentar de manera eficaz la discriminación, la violencia, los abusos y el acoso por razón de género, incluido el acoso sexual, las amenazas y la intimidación, así como la desigualdad y los estereotipos de género, para que las mujeres se incorporen al periodismo y sigan ejerciendo la profesión en pie de igualdad y sin discriminación, garantizando al mismo tiempo que lo hagan con las mayores condiciones de seguridad posibles para que las experiencias y preocupaciones de las periodistas se aborden de manera efectiva y se combatan debidamente los estereotipos de género en los medios de comunicación,</p>
      </container>
      <container name="Reconociendo " eId="container_31">
        <p xml:space="preserve">
          <span class="italic">Reconociendo </span>los riesgos especiales que pesan sobre la seguridad de los periodistas en la era digital, como la particular vulnerabilidad de los periodistas a convertirse en blanco de la vigilancia o intercepción de comunicaciones cometidas en forma ilegal o arbitraria, en violación de sus derechos a la privacidad y la libertad de expresión,</p>
      </container>
      <container name="&#x9;Reconociendo también" eId="container_32">
        <p xml:space="preserve">
          <span class="italic">	Reconociendo también</span> que la existencia de marcos jurídicos nacionales compatibles con las obligaciones y los compromisos internacionales de los Estados en materia de derechos humanos constituye una condición esencial a fin de que haya un entorno seguro y propicio para los periodistas, y expresando profunda preocupación por la aplicación indebida de leyes, políticas y prácticas nacionales que obstaculizan o limitan la capacidad de los periodistas de llevar a cabo su labor de forma independiente y sin injerencia indebida,</p>
      </container>
      <container name="&#x9;Destacando" eId="container_33">
        <p xml:space="preserve">
          <span class="italic">	Destacando</span> la necesidad de que se haga mayor hincapié en las medidas de prevención y en la creación de marcos jurídicos favorables a la libertad de expresión para conseguir un entorno seguro y propicio para los periodistas y los trabajadores de los medios de comunicación, </p>
      </container>
    </preamble>
    <mainBody>
      <paragraph eId="para_34" class="SingleTxt">
        <num>	1.</num>
        <content eId="para_34__content">
          <p xml:space="preserve">
            <span class="italic">Condena inequívocamente</span> todos los ataques y la violencia contra periodistas y trabajadores de los medios de comunicación, incluidos la tortura, la ejecución extrajudicial, la desaparición forzada, el arresto y la detención arbitrarios, la expulsión, la intimidación, las amenazas y el acoso, tanto en línea como en los demás medios, incluidos los atentados contra sus oficinas y medios de información o el cierre forzado de estos, tanto en situaciones de conflicto como en otras situaciones;</p>
        </content>
      </paragraph>
      <paragraph eId="para_35" class="SingleTxt">
        <num>	2.</num>
        <content eId="para_35__content">
          <p xml:space="preserve">
            <span class="italic">Condena inequívocamente también</span> las agresiones específicas a mujeres periodistas y trabajadoras de los medios de comunicación en relación con su labor, que incluyen casos de discriminación y violencia por razón de género, en particular acoso sexual, intimidación e incitación al odio contra las periodistas, tanto en línea como en los demás medios, y exhorta a los Estados a que hagan frente a estas cuestiones en el marco de iniciativas más amplias para promover y proteger los derechos humanos de las mujeres, eliminar la desigualdad de género y combatir los estereotipos de género en la sociedad; </p>
        </content>
      </paragraph>
      <paragraph eId="para_36" class="SingleTxt">
        <num>	3.</num>
        <content eId="para_36__content">
          <p xml:space="preserve">
            <span class="italic">Condena enérgicamente</span> la impunidad imperante de los ataques y la violencia de que son víctimas los periodistas y expresa preocupación por que la gran mayoría de esos crímenes quede impune, lo que a su vez contribuye a que se repitan;</p>
        </content>
      </paragraph>
      <paragraph eId="para_37" class="SingleTxt">
        <num>	4.</num>
        <content eId="para_37__content">
          <p xml:space="preserve">
            <span class="italic">Exhorta</span> a los Estados a que formulen y pongan en práctica de manera eficaz medidas y marcos jurídicos para proteger a los periodistas y trabajadores de los medios de comunicación y luchar contra la impunidad, teniendo en cuenta las dimensiones de género, entre otras cosas, según proceda, mediante la creación y el refuerzo de dependencias especiales de investigación o comisiones independientes, el nombramiento de un fiscal especializado y la adopción de protocolos y métodos específicos de investigación y enjuiciamiento;</p>
        </content>
      </paragraph>
      <paragraph eId="para_38" class="SingleTxt">
        <num>	5.</num>
        <content eId="para_38__content">
          <p xml:space="preserve">
            <span class="italic">Insta</span> a que inmediatamente y de manera incondicional se deje en libertad a los periodistas y trabajadores de los medios de comunicación que han sido arbitrariamente detenidos o recluidos, tomados como rehenes o que han sido víctimas de desapariciones forzadas;</p>
        </content>
      </paragraph>
      <paragraph eId="para_39" class="SingleTxt">
        <num>	6.</num>
        <content eId="para_39__content">
          <p xml:space="preserve">
            <span class="italic">Exhorta</span> a todos los Estados a que presten atención a la seguridad de los periodistas que cubran eventos en los que las personas ejerzan los derechos de reunión pacífica y de libertad de expresión, teniendo en cuenta su función, exposición y vulnerabilidad específicas;</p>
        </content>
      </paragraph>
      <paragraph eId="para_40" class="SingleTxt">
        <num>	7.</num>
        <content eId="para_40__content">
          <p xml:space="preserve">
            <span class="italic">Alienta</span> a los Estados a que aprovechen la oportunidad de la proclamación del 2 de noviembre como Día Internacional para Poner Fin a la Impunidad de Crímenes contra Periodistas para crear conciencia acerca de la cuestión de la seguridad de los periodistas y emprender iniciativas concretas a este respecto;</p>
        </content>
      </paragraph>
      <paragraph eId="para_41" class="SingleTxt">
        <num>	8.</num>
        <content eId="para_41__content">
          <p xml:space="preserve">
            <span class="italic">Solicita</span> a la Organización de las Naciones Unidas para la Educación, la Ciencia y la Cultura que, en consulta con las entidades pertinentes del sistema de las Naciones Unidas y teniendo presentes las disposiciones del anexo de la resolución <a href="https://undocs.org/es/E/RES/1980/67">1980/67</a> del Consejo Económico y Social, de 25 de julio de 1980, siga facilitando las actividades relacionadas con el Día Internacional en colaboración con los Gobiernos y las instancias pertinentes;</p>
        </content>
      </paragraph>
      <paragraph eId="para_42" class="SingleTxt">
        <num>	9.</num>
        <content eId="para_42__content">
          <p xml:space="preserve">
            <span class="italic">Insta</span> a los Estados Miembros a que hagan todo lo posible por prevenir la violencia, las amenazas y los ataques contra los periodistas y trabajadores de los medios de comunicación, por asegurar la rendición de cuentas por medio de la realización de investigaciones imparciales, prontas, exhaustivas, independientes y eficaces de todas las denuncias de presuntos actos de violencia, amenazas y ataques contra periodistas y trabajadores de los medios de comunicación, incluida la violencia sexual y la violencia por razón de género contra las periodistas y las trabajadoras de los medios de comunicación en situaciones de conflicto armado y en otras situaciones, que competan a su jurisdicción, por llevar a los autores de esos crímenes ante la justicia, incluidos quienes ordenen y conspiren para cometerlos o los encubran, o ayuden en su comisión o la instiguen, y por garantizar que las víctimas y sus familiares tengan acceso a medios de reparación apropiados;</p>
        </content>
      </paragraph>
      <paragraph eId="para_43" class="SingleTxt">
        <num>	10.</num>
        <content eId="para_43__content">
          <p xml:space="preserve">
            <span class="italic">Insta</span> a los dirigentes políticos, los cargos públicos y las autoridades a que se abstengan de denigrar, intimidar o amenazar a los medios de comunicación o a periodistas y trabajadores concretos de dichos medios, específicamente mujeres, lo cual socava la confianza en la credibilidad de los periodistas y el respeto de la importancia del periodismo independiente;</p>
        </content>
      </paragraph>
      <paragraph eId="para_44" class="SingleTxt">
        <num>	11.</num>
        <content eId="para_44__content">
          <p xml:space="preserve">
            <span class="italic">Exhorta</span> a los Estados a que creen y mantengan, en la ley y la práctica, un entorno seguro y propicio en que los periodistas realicen su labor de manera independiente y sin injerencia indebida, teniendo en cuenta sus dimensiones de género, por medios como: a) la adopción de medidas legislativas; b) la prestación de apoyo a la judicatura para que examine la posibilidad de realizar actividades de capacitación y sensibilización, y la prestación de apoyo a la capacitación y sensibilización entre los funcionarios encargados de hacer cumplir la ley y el personal militar, así como entre los periodistas y en la sociedad civil, acerca de las obligaciones y los compromisos contraídos en virtud del derecho internacional de los derechos humanos y el derecho internacional humanitario en relación con la seguridad de los periodistas, prestando especial atención a la lucha contra la discriminación sexual y por motivos de género y la violencia contra las periodistas, así como a las particularidades de las amenazas en línea y el acoso de las periodistas; c) la vigilancia y denuncia periódicas de los ataques contra periodistas; d) la recopilación de datos cuantitativos y cualitativos concretos sobre ataques o actos de violencia contra periodistas, tanto en línea como en los demás medios, que estén desglosados, entre otros factores, por sexo, y su análisis; e) la condena pública y sistemática de los ataques, el acoso y la violencia contra periodistas y trabajadores de los medios de comunicación, tanto en Internet como en otros medios; f) la asignación de los recursos necesarios a la investigación de tales actos y el enjuiciamiento de sus autores y la formulación y aplicación de estrategias que tengan en cuenta las cuestiones de género para luchar contra la impunidad de los ataques y la violencia contra periodistas, incluso recurriendo, cuando proceda, a buenas prácticas como las enunciadas en la resolución <a href="https://undocs.org/es/A/HRC/RES/33/2">33/2</a> del Consejo de Derechos Humanos<sup>9</sup>; y g) el establecimiento de medidas preventivas y procedimientos de investigación seguros que tengan en cuenta las cuestiones de género a fin de alentar a las periodistas a denunciar las agresiones de que sean objeto tanto en línea como en los demás medios, y prestar un apoyo adecuado, en particular apoyo psicosocial, a las víctimas y las supervivientes;</p>
        </content>
      </paragraph>
      <paragraph eId="para_45" class="SingleTxt">
        <num>	12.</num>
        <content eId="para_45__content">
          <p xml:space="preserve">
            <span class="italic">Condena inequívocamente</span> las medidas adoptadas por los Estados, vulnerando el derecho internacional de los derechos humanos, con miras a impedir u obstaculizar deliberadamente, como de hecho ocurre, el acceso a información en línea o en otros medios o su divulgación, y que tienen el objetivo de menoscabar la labor que realizan los periodistas de informar al público, incluidas las medidas cuyo fin es restringir, bloquear o desactivar indebidamente sitios web de medios de comunicación, como los ataques de negación de servicio, y exhorta a todos los Estados a que cesen y se abstengan de aplicar esas medidas, pues perjudican irreparablemente los esfuerzos por crear sociedades del conocimiento y democracias inclusivas y pacíficas; </p>
        </content>
      </paragraph>
      <paragraph eId="para_46" class="SingleTxt">
        <num>	13.</num>
        <content eId="para_46__content">
          <p xml:space="preserve">
            <span class="italic">Exhorta </span>a los Estados a que velen por que las medidas adoptadas para luchar contra el terrorismo y preservar la seguridad nacional y el orden público sean compatibles con sus obligaciones en virtud del derecho internacional y no obstaculicen indebida o arbitrariamente la labor y la seguridad de los periodistas mediante, entre otras cosas, la detención o la reclusión arbitrarias o la amenaza de estos actos; </p>
        </content>
      </paragraph>
      <paragraph eId="para_47" class="SingleTxt">
        <num>	14.</num>
        <content eId="para_47__content">
          <p xml:space="preserve">
            <span class="italic">Exhorta también</span> a los Estados a que velen por que las leyes que penalizan la difamación no se utilicen indebidamente, en particular imponiendo sanciones penales excesivas, para censurar ilegítima o arbitrariamente a los periodistas e injerirse en su misión de informar a la sociedad, y a que, cuando sea necesario, revisen y deroguen esas leyes de conformidad con las obligaciones que incumben a los Estados en virtud del derecho internacional de los derechos humanos;</p>
        </content>
      </paragraph>
      <paragraph eId="para_48" class="SingleTxt">
        <num>	15.</num>
        <content eId="para_48__content">
          <p xml:space="preserve">
            <span class="italic">Pone de relieve</span> que, en la era digital, el cifrado y el anonimato se han hecho esenciales para que muchos periodistas puedan ejercer libremente su labor y disfrutar de sus derechos humanos, en particular sus derechos a la libertad de expresión y a la intimidad, entre ellos el derecho a mantener comunicaciones seguras y a proteger el carácter confidencial de sus fuentes, y exhorta a los Estados a no interferir en el uso de esas tecnologías y a garantizar que cualquier restricción al respecto cumpla con las obligaciones que le incumben en virtud del derecho internacional de los derechos humanos;</p>
        </content>
      </paragraph>
      <paragraph eId="para_49" class="SingleTxt">
        <num>	16.</num>
        <content eId="para_49__content">
          <p xml:space="preserve">
            <span class="italic">Pone de relieve también</span> la importante función que pueden desempeñar las organizaciones de medios de comunicación al ofrecer a los periodistas y trabajadores de dichos medios formación y orientación adecuadas sobre seguridad, conciencia de los riesgos, seguridad digital y autoprotección, así como equipo de protección;</p>
        </content>
      </paragraph>
      <paragraph eId="para_50" class="SingleTxt">
        <num>	17.</num>
        <content eId="para_50__content">
          <p xml:space="preserve">
            <span class="italic">Destaca</span> la necesidad de que exista una mayor cooperación y coordinación a nivel internacional y regional, por ejemplo, mediante la prestación de asistencia técnica y la creación de capacidad que contribuya a mejorar la seguridad de los periodistas a nivel nacional y local;</p>
        </content>
      </paragraph>
      <paragraph eId="para_51" class="SingleTxt">
        <num>	18.</num>
        <content eId="para_51__content">
          <p xml:space="preserve">
            <span class="italic">Exhorta</span> a los Estados a que cooperen con las entidades pertinentes de las Naciones Unidas, en particular con la Organización de las Naciones Unidas para la Educación, la Ciencia y la Cultura, así como con los mecanismos regionales e internacionales de derechos humanos, entre ellos los procedimientos especiales del Consejo de Derechos Humanos, e invita a los Estados a que compartan voluntariamente información sobre el estado de las investigaciones de los ataques y los actos de violencia contra periodistas, concretamente en atención a solicitudes de la Organización de las Naciones Unidas para la Educación, la Ciencia y la Cultura a través del mecanismo administrado por su Programa Internacional para el Desarrollo de la Comunicación;</p>
        </content>
      </paragraph>
      <paragraph eId="para_52" class="SingleTxt">
        <num>	19.</num>
        <content eId="para_52__content">
          <p xml:space="preserve">
            <span class="italic">Alienta</span> a los Estados a seguir examinando la cuestión de la seguridad de los periodistas en el proceso del examen periódico universal;</p>
        </content>
      </paragraph>
      <paragraph eId="para_53" class="SingleTxt">
        <num>	20.</num>
        <content eId="para_53__content">
          <p xml:space="preserve">
            <span class="italic">Alienta</span> al Secretario General a redoblar sus esfuerzos en cuanto a la seguridad de los periodistas y los trabajadores de los medios de comunicación, e invita a los organismos, organizaciones, fondos y programas del sistema de las Naciones Unidas a que intercambien activamente información e intensifiquen la cooperación, incluso a través de la red de centros de coordinación, y a que aceleren la incorporación de la perspectiva de género en la aplicación del Plan de Acción de las Naciones Unidas sobre la Seguridad de los Periodistas y la Cuestión de la Impunidad, en colaboración con los Estados Miembros y bajo la coordinación general de la Organización de las Naciones Unidas para la Educación, la Ciencia y la Cultura;</p>
        </content>
      </paragraph>
      <paragraph eId="para_54" class="SingleTxt">
        <num>	21.</num>
        <content eId="para_54__content">
          <p xml:space="preserve">	Reconoce que la promoción y la protección de la seguridad de los periodistas contribuyen de manera importante a lograr los Objetivos de Desarrollo Sostenible<sup>14</sup>, en particular la meta 16.10, y exhorta a los Estados a que refuercen la reunión de datos nacionales desglosados, así como su análisis y divulgación, sobre el número de casos verificados de muerte, secuestro, desaparición forzada, detención arbitraria, tortura y otros actos perjudiciales cometidos contra periodistas y otros trabajadores de los medios de comunicación, de conformidad con lo dispuesto en el indicador 16.10.1 de los Objetivos de Desarrollo Sostenible, y a que hagan todo lo posible para que esos datos se pongan a disposición de las entidades pertinentes, en particular la Oficina del Alto Comisionado de las Naciones Unidas para los Derechos Humanos y la Organización de las Naciones Unidas para la Educación, la Ciencia y la Cultura;</p>
        </content>
      </paragraph>
      <paragraph eId="para_55" class="SingleTxt">
        <num>	22.</num>
        <content eId="para_55__content">
          <p xml:space="preserve">
            <span class="italic">Solicita</span> al Secretario General que continúe prestando asistencia en la aplicación de la presente resolución y que la informe en su septuagésimo sexto período de sesiones, e informe al Consejo de Derechos Humanos en su 49º período de sesiones sobre la seguridad de los periodistas, prestando especial atención a las actividades que realice la red de centros de coordinación en relación con la seguridad de los periodistas y la cuestión de la impunidad, y teniendo en cuenta el Plan de Acción de las Naciones Unidas sobre la Seguridad de los Periodistas y la Cuestión de la Impunidad y su seguimiento.</p>
        </content>
      </paragraph>
    </mainBody>
    <conclusions eId="conclusions">
      <p>
        <inline name="adoptionMeeting" title="50a">50a sesión plenaria</inline>
        <eol />
        <docDate date="2019-12-18" refersTo="#adoptionDate">18 de diciembre de 2019</docDate>
      </p>
    </conclusions>
  </statement>
</akomaNtoso>