<akomaNtoso xmlns:xsi="http://www.w3.org/2001/XMLSchema-instance" xsi:schemaLocation="http://docs.oasis-open.org/legaldocml/ns/akn/3.0 http://docs.oasis-open.org/legaldocml/akn-core/v1.0/os/part2-specs/schemas/akomantoso30.xsd" xmlns="http://docs.oasis-open.org/legaldocml/ns/akn/3.0" xmlns:html="http://www.w3.org/1999/xhtml" xmlns:akn4un="http://un.org/akn4un">
  <statement name="resolution">
    <meta>
      <identification source="#DGACM">
        <FRBRWork>
          <FRBRthis value="/akn/un/statement/deliberation/unga/2019-12-18/74-182/!main/"></FRBRthis>
          <FRBRuri value="/akn/un/statement/deliberation/unga/2019-12-18/74-182/"></FRBRuri>
          <FRBRdate date="2019-12-18" name="adoption"></FRBRdate>
          <FRBRauthor href="ga" as="author"></FRBRauthor>
          <FRBRcountry value="un"></FRBRcountry>
        </FRBRWork>
        <FRBRExpression>
          <FRBRthis value="/akn/un/statement/deliberation/unga/2019-12-18/74-182/spa@!main/"></FRBRthis>
          <FRBRuri value="/akn/un/statement/deliberation/unga/2019-12-18/74-182/spa@/"></FRBRuri>
          <FRBRdate date="2019-12-27" name="publication"></FRBRdate>
          <FRBRauthor href="ga" as="issuer"></FRBRauthor>
          <FRBRlanguage language="spa"></FRBRlanguage>
        </FRBRExpression>
        <FRBRManifestation>
          <FRBRthis value="/akn/un/statement/deliberation/unga/2019-12-18/74-182/spa@/!main.xml"></FRBRthis>
          <FRBRuri value="/akn/un/statement/deliberation/unga/2019-12-18/74-182/spa@.xml"></FRBRuri>
          <FRBRdate date="2020-08-18" name="markup"></FRBRdate>
          <FRBRauthor href="DGACM" as="editor"></FRBRauthor>
        </FRBRManifestation>
      </identification>
      <classification source="http://metadata.un.org/sdg">
        <keyword value="2" href="http://metadata.un.org/sdg/2" showAs="sdg_2" dictionary="SDGO"></keyword>
        <keyword value="food_shortage" href="http://eurovoc.europa.eu/2318" showAs="food_shortage" dictionary="EuroVoc"></keyword>
        <keyword value="sustainable_agriculture" href="http://eurovoc.europa.eu/6308" showAs="sustainable_agriculture" dictionary="EuroVoc"></keyword>
        <keyword value="food_security" href="http://eurovoc.europa.eu/c_4523e1dd" showAs="food_security" dictionary="EuroVoc"></keyword>
        <keyword value="food_security" href="http://metadata.un.org/thesaurus/1002439" showAs="food_security" dictionary="UNBIS Thesaurus"></keyword>
        <keyword value="food_shortage" href="http://metadata.un.org/thesaurus/1002440" showAs="food_shortage" dictionary="UNBIS Thesaurus"></keyword>
        <keyword value="hunger" href="http://metadata.un.org/thesaurus/1003004" showAs="hunger" dictionary="UNBIS Thesaurus"></keyword>
        <keyword value="sustainable_agriculture" href="http://metadata.un.org/thesaurus/1006317" showAs="sustainable_agriculture" dictionary="UNBIS Thesaurus"></keyword>
      </classification>
      <classification source="http://metadata.un.org/sdg">
        <keyword value="10" href="http://metadata.un.org/sdg/10" showAs="sdg_10" dictionary="SDGO"></keyword>
        <keyword value="social_inequality" href="http://eurovoc.europa.eu/1420" showAs="social_inequality" dictionary="EuroVoc"></keyword>
        <keyword value="equality" href="http://metadata.un.org/thesaurus/1002102" showAs="equality" dictionary="UNBIS Thesaurus"></keyword>
      </classification>
      <classification source="http://metadata.un.org/sdg">
        <keyword value="16" href="http://metadata.un.org/sdg/16" showAs="sdg_16" dictionary="SDGO"></keyword>
        <keyword value="right_to_justice" href="http://eurovoc.europa.eu/516" showAs="right_to_justice" dictionary="EuroVoc"></keyword>
        <keyword value="sustainable_development" href="http://eurovoc.europa.eu/5585" showAs="sustainable_development" dictionary="EuroVoc"></keyword>
        <keyword value="civil_society" href="http://metadata.un.org/thesaurus/1001012" showAs="civil_society" dictionary="UNBIS Thesaurus"></keyword>
        <keyword value="justice" href="http://metadata.un.org/thesaurus/1003500" showAs="justice" dictionary="UNBIS Thesaurus"></keyword>
        <keyword value="peaceful_coexistence" href="http://metadata.un.org/thesaurus/1004777" showAs="peaceful_coexistence" dictionary="UNBIS Thesaurus"></keyword>
        <keyword value="public_institutions" href="http://metadata.un.org/thesaurus/1005254" showAs="public_institutions" dictionary="UNBIS Thesaurus"></keyword>
        <keyword value="social_justice" href="http://metadata.un.org/thesaurus/1005970" showAs="social_justice" dictionary="UNBIS Thesaurus"></keyword>
        <keyword value="sustainable_development" href="http://metadata.un.org/thesaurus/1006319" showAs="sustainable_development" dictionary="UNBIS Thesaurus"></keyword>
      </classification>
      <classification source="http://metadata.un.org/sdg">
        <keyword value="17" href="http://metadata.un.org/sdg/17" showAs="sdg_17" dictionary="SDGO"></keyword>
        <keyword value="sustainable_development" href="http://eurovoc.europa.eu/5585" showAs="sustainable_development" dictionary="EuroVoc"></keyword>
        <keyword value="partnership" href="http://eurovoc.europa.eu/4199" showAs="partnership" dictionary="EuroVoc"></keyword>
        <keyword value="sustainable_development" href="http://metadata.un.org/thesaurus/1006319" showAs="sustainable_development" dictionary="UNBIS Thesaurus"></keyword>
        <keyword value="partnership" href="http://metadata.un.org/thesaurus/1004748" showAs="partnership" dictionary="UNBIS Thesaurus"></keyword>
      </classification>
      <workflow source="#un">
        <step date="2019-10-31" outcome="draftResolution" as="A/C.6/74/L.7" by="Argentina, Austria, Belarus, Belgium, Bulgaria, Canada, Croatia, Denmark, Finland, France, Germany, Greece, Honduras, Hungary, Iceland, Ireland, Israel, Italy, Japan, Lithuania, Mauritius, Mexico, Montenegro, Philippines, Poland, Republic of Korea, Republic of Moldova, Romania, Serbia, Slovakia,  Spain, Sri Lanka, Sudan, Sweden, Switzerland and United Kingdom of Great Britain and Northern Ireland" />
        <step date="0001-01-01" outcome="draftResolutionAdditionalSponsors" by="El Salvador, India, Malta, North Macedonia, Portugal, Singapore and Ukraine" />
        <step date="0001-01-01" outcome="recommendedForAdoption" as="A/74/423" by="" refersTo="12" />
        <step date="2019-12-18" outcome="adopted" as="A/74/PV.51" by="" />
      </workflow>
      <analysis source="#un">
        <parliamentary>
          <voting outcome="adoptedWithoutVote">
            <quorum value=""></quorum>
          </voting>
        </parliamentary>
      </analysis>
      <references source="#DGACM">
        <TLCOrganization eId="source" href="/akn/ontology/organization/un/DGACM" showAs="DGACM"></TLCOrganization>
        <TLCConcept eId="dateOfIssuance" href="/akn/ontology/concept/un/dateOfIssuance" showAs="Date of issuance"></TLCConcept>
        <TLCConcept eId="dateOfAdoption" href="/akn/ontology/concept/un/dateOfAdoption" showAs="Date of adoption"></TLCConcept>
        <TLCConcept eId="symbol" href="/akn/ontology/reference/un/symbol" showAs="Symbol"></TLCConcept>
        <TLCRole eId="publisher" href="/akn/ontology/role/un/publisher" showAs="Publisher"></TLCRole>
        <TLCRole eId="issuingBody" href="/akn/role/concept/un/issuingBody" showAs="Issuing body"></TLCRole>
        <TLCRole eId="author" href="/akn/ontology/role/un/author" showAs="Author"></TLCRole>
        <TLCRole eId="editor" href="/akn/ontology/role/un/editor" showAs="Editor"></TLCRole>
        <TLCRole eId="distribution" href="/akn/ontology/concept/un/generalDistribution" showAs="General distribution"></TLCRole>
        <TLCOrganization eId="ga" href="/akn/ontology/organization/un/generalAssembly" showAs="General Assembly"></TLCOrganization>
        <TLCTerm eId="resolutionTitle" href="/akn/ontology/reference/un/resolutionTitle" showAs="Resolution title"></TLCTerm>
        <TLCTerm eId="sixthCommittee" href="#sixthCommittee" showAs="Sexta Comisión"></TLCTerm>
        <TLCTerm eId="memberState" href="/akn/ontology/organization/un/memberState" showAs="Member State"></TLCTerm>
        <TLCTerm eId="inFavour" href="/akn/ontology/concept/un/voting/inFavour" showAs="In favour"></TLCTerm>
        <TLCTerm eId="against" href="/akn/ontology/concept/un/voting/against" showAs="Against"></TLCTerm>
        <TLCTerm eId="abstaining" href="/akn/ontology/concept/un/voting/abstaining" showAs="Abstaining"></TLCTerm>
      </references>
      <presentation source="#un">
        <akn4un:footerFirstPage>
          <akn4un:footerFirstPageLeft>
            <akn4un:internalCode>
              <docketNumber refersTo="#publicationJobNumber">19-22341 (S)</docketNumber>
              <img alt="bar code" class="barCode" src=""></img>
            </akn4un:internalCode>
          </akn4un:footerFirstPageLeft>
          <akn4un:footerFirstPageRight>
            <img alt="Please recycle" class="image" src="./recylcleLogo.jpg"></img>
            <img alt="embedded QR code" class="qrCode" src=""></img>
          </akn4un:footerFirstPageRight>
        </akn4un:footerFirstPage>
      </presentation>
    </meta>
    <coverPage eId="coverPage_1">
      <p>
        <span refersTo="#publisher" class="upperLeft">
          <docAuthority refersTo="#publisher">Naciones Unidas</docAuthority>
        </span>
      </p>
      <p class="upperRight">
        <docNumber refersTo="#symbol">A/RES/74/182</docNumber>
      </p>
      <p class="upperLeft">
        <img src="logo-un.jpg"></img>
        <docAuthority refersTo="#issuingBody" class="rightBig">Asamblea General</docAuthority>
      </p>
      <p>
        <docStatus refersTo="#generalDistribution" class="rightSmall">Distr. general</docStatus>
      </p>
      <p>
        <docDate date="2019-12-27" class="rightSmall" refersTo="#dateOfIssuance">27 de diciembre de 2019</docDate>
      </p>
      <p>
        <session refersTo="#generalAssembly" value="74" eId="coverPage_1__session_1">Septuagésimo cuarto período de sesiones</session>
      </p>
      <p>
        <inline name="agenda item">Tema 77 del programa</inline>
      </p>
      <p>
        <inline name="agenda item name">Informe de la Comisión de las Naciones Unidas para el Derecho Mercantil Internacional sobre la labor realizada en su 52º período de sesiones</inline>
      </p>
      <p>
        <docTitle>Resolución aprobada por la Asamblea General el 18 de diciembre de 2019</docTitle>
      </p>
      <p xml:space="preserve">
        <docProponent refersTo="#sixthCommittee">[sobre la base del informe de la Sexta Comisión (<inline name="originating document">A/74/423</inline>)]</docProponent>
      </p>
    </coverPage>
    <preface>
      <p>
        <docNumber>74/182.</docNumber>
        <docTitle refersTo="#resolutionTitle">Informe de la Comisión de las Naciones Unidas para el Derecho Mercantil Internacional sobre la labor realizada en su 52<sup>o</sup> período de sesiones</docTitle>
      </p>
    </preface>
    <preamble>
      <formula name="enactingFormula" eId="formula_1">
        <p xml:space="preserve">
          <span class="italic">La Asamblea General</span>,</p>
      </formula>
      <container name="Recordando" eId="container_2">
        <p xml:space="preserve">
          <span class="italic">Recordando</span> su resolución <a href="https://undocs.org/sp/A/RES/2205 (XXI)">2205 (XXI)</a>, de 17 de diciembre de 1966, en la que estableció la Comisión de las Naciones Unidas para el Derecho Mercantil Internacional y le confirió el mandato de promover la armonización y unificación progresivas del derecho mercantil internacional y, a ese respecto, tener presentes los intereses de todos los pueblos, en particular los de los países en desarrollo, en la evolución general del comercio internacional,</p>
      </container>
      <container name="Reafirmando su convencimiento" eId="container_3">
        <p xml:space="preserve">
          <span class="italic">Reafirmando su convencimiento</span> de que la modernización y armonización progresivas del derecho mercantil internacional, al reducir o eliminar los obstáculos jurídicos que se oponen al flujo del comercio internacional, especialmente los que afectan a los países en desarrollo, contribuirían de modo significativo a la cooperación económica universal entre todos los Estados sobre una base de igualdad, equidad, interés común y respeto del estado de derecho, así como a la eliminación de la discriminación en el comercio internacional y, por consiguiente, a la paz, la estabilidad y el bienestar de todos los pueblos,</p>
      </container>
      <container name="Habiendo examinado" eId="container_4">
        <p xml:space="preserve">
          <span class="italic">Habiendo examinado</span> el informe de la Comisión<authorialNote marker="1" placement="bottom" eId="authorialNote_1"><p xml:space="preserve"><span class="italic">Documentos Oficiales de la Asamblea General, septuagésimo cuarto período de sesiones, suplemento núm. 17</span> (<a href="https://undocs.org/sp/A/74/17">A/74/17</a>).</p></authorialNote>,</p>
      </container>
      <container name="Reiterando su preocupación" eId="container_5">
        <p xml:space="preserve">
          <span class="italic">Reiterando su preocupación</span> por el hecho de que las actividades realizadas por otros órganos en el ámbito del derecho mercantil internacional sin coordinación suficiente con la Comisión puedan dar lugar a una duplicación no deseable del trabajo y no se ajusten al objetivo de fomentar la eficiencia, uniformidad y coherencia en la unificación y armonización del derecho mercantil internacional,</p>
      </container>
      <container name="Reafirmando" eId="container_6">
        <p xml:space="preserve">
          <span class="italic">Reafirmando</span> el mandato conferido a la Comisión para que, en su calidad de órgano jurídico central del sistema de las Naciones Unidas en el ámbito del derecho mercantil internacional, coordine las actividades jurídicas en la materia, en particular con el fin de evitar la duplicación del trabajo, especialmente entre las organizaciones que elaboran normas de comercio internacional, y fomentar la eficiencia, uniformidad y coherencia en la modernización y armonización del derecho mercantil internacional, y, por conducto de su secretaría, continúe manteniendo una estrecha cooperación con otros órganos y organizaciones internacionales que se ocupan del derecho mercantil internacional, incluidas las organizaciones regionales,</p>
      </container>
    </preamble>
    <mainBody>
      <paragraph eId="para_7" class="SingleTxt">
        <num>	1.</num>
        <content eId="para_7__content">
          <p xml:space="preserve">
            <span class="italic">Toma nota con aprecio</span> del informe de la Comisión de las Naciones Unidas para el Derecho Mercantil Internacional<sup>1</sup>;</p>
        </content>
      </paragraph>
      <paragraph eId="para_8" class="SingleTxt">
        <num>	2.</num>
        <content eId="para_8__content">
          <p xml:space="preserve">
            <span class="italic">Encomia</span> a la Comisión por haber finalizado y aprobado las Disposiciones Legales Modelo sobre las Alianzas Público-Privadas con su correspondiente <span class="italic">Guía legislativa</span><authorialNote marker="2" placement="bottom" eId="authorialNote_2"><p xml:space="preserve"><span class="italic">Ibid</span>., cap. III, secc. C, y anexo I.</p></authorialNote>, la Ley Modelo sobre la Insolvencia de Grupos de Empresas y su guía para la incorporación al derecho interno<authorialNote marker="3" placement="bottom" eId="authorialNote_3"><p xml:space="preserve"><span class="italic">Ibid</span>., cap. VI, secc. A, y anexo II.</p></authorialNote>, la <span class="italic">Guía de prácticas relativa a la Ley Modelo de la Comisión de las Naciones Unidas para el Derecho Mercantil Internacional sobre Garantías Mobiliarias</span><authorialNote marker="4" placement="bottom" eId="authorialNote_4"><p xml:space="preserve"><span class="italic">Ibid</span>., cap. IV, secc. C.</p></authorialNote>, y un texto sobre las obligaciones de los directores de empresas pertenecientes a un grupo en el período cercano a la insolvencia<authorialNote marker="5" placement="bottom" eId="authorialNote_5"><p xml:space="preserve"><span class="italic">Ibid</span>., cap. VI, secc. B.</p></authorialNote> para su adición a la cuarta parte de la <span class="italic">Guía legislativa de la Comisión de las Naciones Unidas para el Derecho Mercantil Internacional sobre el régimen de la insolvencia</span><authorialNote marker="6" placement="bottom" eId="authorialNote_6"><p xml:space="preserve">	 	Publicación de las Naciones Unidas, núm. de venta: S.13.V.10.</p></authorialNote>;</p>
        </content>
      </paragraph>
      <paragraph eId="para_9" class="SingleTxt">
        <num>	3.</num>
        <content eId="para_9__content">
          <p xml:space="preserve">
            <span class="italic">Encomia también</span> a la Comisión por haber finalizado las Notas sobre las Principales Cuestiones relacionadas con los Contratos de Computación en la Nube, preparadas por su secretaría, y por haberlas aprobado para su publicación, en particular en forma de herramienta en línea de fácil acceso desde dispositivos móviles<authorialNote marker="7" placement="bottom" eId="authorialNote_7"><p xml:space="preserve"><span class="italic">Documentos Oficiales de la Asamblea General, septuagésimo cuarto período de sesiones, suplemento núm. 17</span> (<a href="https://undocs.org/sp/A/74/17">A/74/17</a>), cap. VIII, secc. C.</p></authorialNote>;</p>
        </content>
      </paragraph>
      <paragraph eId="para_10" class="SingleTxt">
        <num>	4.</num>
        <content eId="para_10__content">
          <p xml:space="preserve">
            <span class="italic">Acoge con beneplácito</span> la ceremonia de firma, que tuvo lugar en Singapur el 7 de agosto de 2019, de la Convención de las Naciones Unidas sobre los Acuerdos de Transacción Internacionales Resultantes de la Mediación (Convención de Singapur sobre la Mediación), aprobada por la Asamblea General en su resolución <a href="https://undocs.org/sp/A/RES/73/198">73/198</a>, de 20 de diciembre de 2018, e invita a los Gobiernos y a las organizaciones regionales de integración económica que aún no lo hayan hecho a que consideren la posibilidad de pasar a ser partes en la Convención;</p>
        </content>
      </paragraph>
      <paragraph eId="para_11" class="SingleTxt">
        <num>	5.</num>
        <content eId="para_11__content">
          <p xml:space="preserve">
            <span class="italic">Observa con satisfacción</span> las contribuciones del Fondo de la Organización de Países Exportadores de Petróleo para el Desarrollo Internacional y de la Comisión Europea, que permiten el funcionamiento del archivo de la información publicada conforme al Reglamento sobre la Transparencia en los Arbitrajes entre Inversionistas y Estados en el Marco de un Tratado<authorialNote marker="8" placement="bottom" eId="authorialNote_8"><p xml:space="preserve"><span class="italic">Ibid</span>., <span class="italic">sexagésimo octavo período de sesiones, suplemento núm. 17</span> (<a href="https://undocs.org/sp/A/68/17">A/68/17</a>), anexo I.</p></authorialNote>, y que la Comisión reiteró su opinión firme y unánime de que su secretaría debe seguir encargándose del funcionamiento del archivo de la transparencia, que constituye un aspecto fundamental tanto del Reglamento sobre la Transparencia como de la Convención de las Naciones Unidas sobre la Transparencia en los Arbitrajes entre Inversionistas y Estados en el Marco de un Tratado (Convención de Mauricio sobre la Transparencia)<authorialNote marker="9" placement="bottom" eId="authorialNote_9"><p xml:space="preserve">	 	Resolución <a href="https://undocs.org/sp/A/RES/69/116">69/116</a>, anexo.</p></authorialNote>;</p>
        </content>
      </paragraph>
      <paragraph eId="para_12" class="SingleTxt">
        <num>	6.</num>
        <content eId="para_12__content">
          <p xml:space="preserve">
            <span class="italic">Solicita</span> al Secretario General que mantenga en funcionamiento, mediante la secretaría de la Comisión, el archivo de la información publicada conforme al artículo 8 del Reglamento sobre la Transparencia, como proyecto experimental, hasta fines de 2020, financiado íntegramente con contribuciones voluntarias, y que informe a la Asamblea General de la evolución de la situación presupuestaria y de financiación del archivo de la transparencia teniendo en cuenta su funcionamiento en la fase experimental;</p>
        </content>
      </paragraph>
      <paragraph eId="para_13" class="SingleTxt">
        <num>	7.</num>
        <content eId="para_13__content">
          <p xml:space="preserve">
            <span class="italic">Toma nota con interés</span> de los progresos realizados por la Comisión en las esferas de las microempresas y las pequeñas y medianas empresas, la solución de controversias, la reforma del régimen de solución de controversias entre inversionistas y Estados, el comercio electrónico, el régimen de la insolvencia y la venta judicial de buques<authorialNote marker="10" placement="bottom" eId="authorialNote_10"><p xml:space="preserve">	 	Véase <span class="italic">Documentos Oficiales de la Asamblea General, septuagésimo cuarto período de sesiones, suplemento núm. 17</span> (<a href="https://undocs.org/sp/A/74/17">A/74/17</a>), cap. XV, secc. A.</p></authorialNote>, y alienta a la Comisión a que siga avanzando con eficiencia para obtener resultados tangibles en esas esferas;</p>
        </content>
      </paragraph>
      <paragraph eId="para_14" class="SingleTxt">
        <num>	8.</num>
        <content eId="para_14__content">
          <p xml:space="preserve">
            <span class="italic">Observa con interés</span> la autorización a la Secretaría para que celebre sendos coloquios sobre la localización y recuperación de bienes en procesos civiles y sobre la ley aplicable en los procedimientos de insolvencia, con el objetivo de promover la labor exploratoria sobre esos temas, así como otras decisiones adoptadas por la Comisión sobre la labor futura, observa que la Comisión convino en pedir a la Secretaría que prosiguiera su labor preparatoria sobre los resguardos de almacén y convocara un coloquio con otras organizaciones que tuvieran conocimientos especializados en la materia, con miras a analizar las cuestiones relativas al alcance y la naturaleza de la labor examinadas en el 52º período de sesiones y, posiblemente, a avanzar en la preparación de una versión inicial de un proyecto de texto, que emprendiera una labor exploratoria y preparatoria sobre las cuestiones jurídicas relacionadas con la economía y el comercio digitales, en particular sobre la solución de controversias relacionadas con la alta tecnología, que iniciara una labor exploratoria sobre las cartas de porte ferroviario y que empezara a preparar un proyecto de texto sobre el acceso al crédito para las microempresas y pequeñas y medianas empresas<authorialNote marker="11" placement="bottom" eId="authorialNote_11"><p xml:space="preserve"><span class="italic">Ibid</span>., secc. C.</p></authorialNote>, y observa también que la Comisión seguirá examinando el proyecto de reglamento de mediación de la Comisión de las Naciones Unidas para el Derecho Mercantil Internacional<authorialNote marker="12" placement="bottom" eId="authorialNote_12"><p xml:space="preserve"><a href="https://undocs.org/sp/A/CN.9/986">A/CN.9/986</a>.</p></authorialNote> y el proyecto de notas de la Comisión de las Naciones Unidas para el Derecho Mercantil Internacional sobre la mediación<authorialNote marker="13" placement="bottom" eId="authorialNote_13"><p xml:space="preserve"><a href="https://undocs.org/sp/A/CN.9/987">A/CN.9/987</a>.</p></authorialNote> en su próximo período de sesiones, en 2020, una vez que los Estados y otras organizaciones interesadas pertinentes los examinen y presenten sus observaciones y se introduzcan en los proyectos las modificaciones que resulten apropiadas;</p>
        </content>
      </paragraph>
      <paragraph eId="para_15" class="SingleTxt">
        <num>	9.</num>
        <content eId="para_15__content">
          <p xml:space="preserve">
            <span class="italic">Hace suyas</span> las gestiones e iniciativas de la Comisión, en su calidad de órgano jurídico central del sistema de las Naciones Unidas en el ámbito del derecho mercantil internacional, encaminadas a mejorar la coordinación y la cooperación respecto de las actividades jurídicas de las organizaciones internacionales y regionales que se ocupan del derecho mercantil internacional, en particular en lo que respecta a las cuestiones jurídicas relacionadas con la economía digital, y a promover el estado de derecho en los planos nacional e internacional en esa esfera, y, a este respecto, hace un llamamiento a las organizaciones internacionales y regionales competentes para que coordinen sus actividades con las de la Comisión a fin de evitar la duplicación del trabajo y fomentar la eficiencia, uniformidad y coherencia en la modernización y armonización del derecho mercantil internacional;</p>
        </content>
      </paragraph>
      <paragraph eId="para_16" class="SingleTxt">
        <num>	10.</num>
        <content eId="para_16__content">
          <p xml:space="preserve">
            <span class="italic">Reafirma</span> la importancia que reviste, en particular para los países en desarrollo, la labor de la Comisión relativa a la cooperación y asistencia técnicas en materia de reforma y desarrollo del derecho mercantil internacional y, a este respecto:</p>
        </content>
      </paragraph>
      <paragraph eId="para_17" class="SingleTxt">
        <content eId="para_17__content">
          <p xml:space="preserve">	a)	Acoge con beneplácito las iniciativas de la Comisión para ampliar, por conducto de su secretaría, su programa de cooperación y asistencia técnicas y, a ese respecto, alienta al Secretario General a que establezca alianzas con entidades estatales y no estatales para dar a conocer mejor la labor de la Comisión y facilitar la aplicación efectiva de las normas jurídicas que resulten de dicha labor, y hace notar, a ese respecto, la mesa redonda sobre asistencia técnica celebrada durante el 52<sup>o</sup> período de sesiones de la Comisión, que contó con la participación de organizaciones gubernamentales e intergubernamentales dedicadas a la asistencia internacional para el desarrollo a fin de explorar sinergias y examinar formas de seguir cooperando con la secretaría de la Comisión en la puesta en marcha de reformas fundamentadas del derecho mercantil internacional;</p>
        </content>
      </paragraph>
      <paragraph eId="para_18" class="SingleTxt">
        <content eId="para_18__content">
          <p xml:space="preserve">	b)	Expresa su aprecio a la Comisión por las actividades de cooperación y asistencia técnicas realizadas y por la asistencia prestada para redactar legislación en materia de derecho mercantil internacional, y señala a la atención del Secretario General lo limitado de los recursos disponibles en esta esfera;</p>
        </content>
      </paragraph>
      <paragraph eId="para_19" class="SingleTxt">
        <content eId="para_19__content">
          <p xml:space="preserve">	c)	Expresa su aprecio a los Gobiernos cuyas contribuciones permitieron realizar las actividades de cooperación y asistencia técnicas y hace un llamamiento a los Gobiernos, a los órganos competentes del sistema de las Naciones Unidas y a organizaciones, instituciones y particulares para que hagan contribuciones voluntarias al Fondo Fiduciario para Simposios de la Comisión de las Naciones Unidas para el Derecho Mercantil Internacional y, cuando corresponda, financien proyectos especiales, y para que presten apoyo de cualquier otra manera a la secretaría de la Comisión para realizar actividades de cooperación y asistencia técnicas, en particular en países en desarrollo;</p>
        </content>
      </paragraph>
      <paragraph eId="para_20" class="SingleTxt">
        <content eId="para_20__content">
          <p xml:space="preserve">	d)	Reitera su llamamiento al Programa de las Naciones Unidas para el Desarrollo y a otros órganos responsables de la asistencia para el desarrollo, como el Banco Mundial y los bancos regionales de desarrollo, así como a los Gobiernos en el marco de sus programas de asistencia bilateral, para que presten apoyo al programa de cooperación y asistencia técnicas de la Comisión y cooperen con la Comisión y coordinen sus actividades con las de esta, habida cuenta de la pertinencia e importancia que tienen la labor y los programas de la Comisión para la promoción del estado de derecho en los planos nacional e internacional y para la aplicación de la agenda internacional para el desarrollo, incluido el logro de la Agenda 2030 para el Desarrollo Sostenible<authorialNote marker="14" placement="bottom" eId="authorialNote_14"><p xml:space="preserve">	 	Resolución <a href="https://undocs.org/sp/A/RES/70/1">70/1</a>.</p></authorialNote>;</p>
        </content>
      </paragraph>
      <paragraph eId="para_21" class="SingleTxt">
        <content eId="para_21__content">
          <p xml:space="preserve">	e)	Recuerda sus resoluciones en las que se destaca la necesidad de fortalecer el apoyo a los Estados Miembros que lo soliciten en la aplicación interna de sus respectivas obligaciones internacionales mediante el aumento de la asistencia técnica y el desarrollo de la capacidad, y acoge con beneplácito los esfuerzos del Secretario General por asegurar una mayor coordinación y coherencia entre las entidades de las Naciones Unidas y con los donantes y beneficiarios;</p>
        </content>
      </paragraph>
      <paragraph eId="para_22" class="SingleTxt">
        <num>	11.</num>
        <content eId="para_22__content">
          <p xml:space="preserve">
            <span class="italic">Recuerda</span> la importancia de la adhesión al reglamento y los métodos de trabajo de la Comisión, incluida la celebración de deliberaciones transparentes e incluyentes, teniendo en cuenta el resumen de las conclusiones que figura en el anexo III del informe sobre la labor realizada en su 43<sup>er</sup> período de sesiones<authorialNote marker="15" placement="bottom" eId="authorialNote_15"><p xml:space="preserve"><span class="italic">Documentos Oficiales de la Asamblea General</span>, <span class="italic">sexagésimo quinto período de sesiones, suplemento núm. 17</span> y corrección (<a href="https://undocs.org/sp/A/65/17">A/65/17</a> y <a href="https://undocs.org/sp/A/65/17/Corr.1">A/65/17/Corr.1</a>).</p></authorialNote>, solicita a la Secretaría que, con anterioridad a las reuniones de la Comisión y sus grupos de trabajo, publique un recordatorio de ese reglamento y métodos de trabajo a fin de garantizar la alta calidad de la labor de la Comisión y alentar la evaluación de sus instrumentos y, a este respecto, recuerda sus resoluciones anteriores sobre esta cuestión;</p>
        </content>
      </paragraph>
      <paragraph eId="para_23" class="SingleTxt">
        <num>	12.</num>
        <content eId="para_23__content">
          <p xml:space="preserve">
            <span class="italic">Observa</span> que la Comisión, durante su 52º período de sesiones, acogió con beneplácito las mejoras en la organización de ese período de sesiones introducidas por la Secretaría de conformidad con una propuesta amplia sobre los métodos de trabajo de la Comisión presentada conjuntamente por varios Estados Miembros en el 51<sup>er</sup> período de sesiones de la Comisión<authorialNote marker="16" placement="bottom" eId="authorialNote_16"><p xml:space="preserve"><span class="italic">Ibid</span>., <span class="italic">septuagésimo tercer período de sesiones, suplemento núm. 17</span> (<a href="https://undocs.org/sp/A/73/17">A/73/17</a>), cap. XVIII, secc. A.</p></authorialNote>, y confirmó su entendimiento de que los períodos de sesiones de dos semanas de duración serían suficientes por regla general y de que la duración de cada período de sesiones anual se determinaría caso por caso en función del volumen de trabajo previsto<authorialNote marker="17" placement="bottom" eId="authorialNote_17"><p xml:space="preserve"><span class="italic">Ibid</span>., <span class="italic">septuagésimo cuarto período de sesiones, suplemento núm. 17</span> (<a href="https://undocs.org/sp/A/74/17">A/74/17</a>), párrs. 316 y 331.</p></authorialNote>;</p>
        </content>
      </paragraph>
      <paragraph eId="para_24" class="SingleTxt">
        <num>	13.</num>
        <content eId="para_24__content">
          <p xml:space="preserve">
            <span class="italic">Acoge con beneplácito</span> las actividades realizadas por el Centro Regional para Asia y el Pacífico de la Comisión de las Naciones Unidas para el Derecho Mercantil Internacional, con sede en la República de Corea, para proporcionar servicios de creación de capacidad y asistencia técnica a los Estados de la región de Asia y el Pacífico, incluidas las organizaciones internacionales y regionales, expresa su aprecio a la República de Corea y China, cuyas contribuciones hicieron posible que siguiera funcionando el Centro Regional, observa que la continuación de la presencia regional depende enteramente de recursos extrapresupuestarios, entre ellos las contribuciones voluntarias de los Estados, acoge con beneplácito las expresiones de interés de otros Estados en acoger centros regionales de la Comisión y solicita al Secretario General que la mantenga informada de los avances en el establecimiento de centros regionales, en particular en lo que respecta a su situación presupuestaria y de financiación;</p>
        </content>
      </paragraph>
      <paragraph eId="para_25" class="SingleTxt">
        <num>	14.</num>
        <content eId="para_25__content">
          <p xml:space="preserve">
            <span class="italic">Hace un llamamiento</span> a los Gobiernos, a los órganos competentes del sistema de las Naciones Unidas y a organizaciones, instituciones y particulares para que hagan contribuciones voluntarias al fondo fiduciario establecido con objeto de conceder asistencia para gastos de viaje a los países en desarrollo que son miembros de la Comisión, previa solicitud de estos y en consulta con el Secretario General, a fin de que pueda volver a prestarse dicha asistencia y haya más expertos en representación de países en desarrollo en los períodos de sesiones de la Comisión y sus grupos de trabajo, de suerte que se incrementen los conocimientos técnicos y la capacidad a nivel local en esos países para crear un entorno regulatorio que propicie la actividad empresarial, el comercio y la inversión;</p>
        </content>
      </paragraph>
      <paragraph eId="para_26" class="SingleTxt">
        <num>	15.</num>
        <content eId="para_26__content">
          <p xml:space="preserve">
            <span class="italic">Decide</span>, a fin de asegurar la plena participación de todos los Estados Miembros en los períodos de sesiones de la Comisión y sus grupos de trabajo, continuar, en la Comisión Principal competente durante su septuagésimo cuarto período de sesiones, su examen de la concesión de asistencia para gastos de viaje a los países menos adelantados, previa solicitud de estos y en consulta con el Secretario General, y hace notar las contribuciones de la Unión Europea y la Agencia Suiza para el Desarrollo y la Cooperación al fondo fiduciario, destinadas a facilitar la participación de representantes de los Estados en desarrollo en las deliberaciones del Grupo de Trabajo III;</p>
        </content>
      </paragraph>
      <paragraph eId="para_27" class="SingleTxt">
        <num>	16.</num>
        <content eId="para_27__content">
          <p xml:space="preserve">
            <span class="italic">Toma nota</span> de la propuesta de aumentar el número de miembros de la Comisión presentada por Israel y el Japón en el 52<sup>o</sup> período de sesiones de la Comisión<authorialNote marker="18" placement="bottom" eId="authorialNote_18"><p xml:space="preserve"><span class="italic">Ibid</span>., párr. 311.</p></authorialNote>, y de que la Comisión alentó a sus Estados miembros a que celebraran consultas entre sí y con otros Estados interesados sobre la propuesta entre períodos de sesiones y pidió a la Secretaría que facilitara esas consultas<authorialNote marker="19" placement="bottom" eId="authorialNote_19"><p xml:space="preserve"><span class="italic">Ibid</span>., párr. 315.</p></authorialNote>;</p>
        </content>
      </paragraph>
      <paragraph eId="para_28" class="SingleTxt">
        <num>	17.</num>
        <content eId="para_28__content">
          <p xml:space="preserve">
            <span class="italic">Hace suya</span> la convicción de la Comisión de que la puesta en práctica y el empleo efectivo de normas modernas de derecho privado relativas al comercio internacional son esenciales para el fomento de la buena gobernanza, el desarrollo económico sostenido y la erradicación de la pobreza y el hambre, y de que la promoción del principio de legalidad en las relaciones comerciales debe formar parte integrante de la agenda más amplia de las Naciones Unidas para fomentar el estado de derecho en los planos nacional e internacional, entre otros medios a través del Grupo de Coordinación y Apoyo sobre el Estado de Derecho, que recibe asistencia de la Dependencia del Estado de Derecho de la Oficina Ejecutiva del Secretario General;</p>
        </content>
      </paragraph>
      <paragraph eId="para_29" class="SingleTxt">
        <num>	18.</num>
        <content eId="para_29__content">
          <p xml:space="preserve">
            <span class="italic">Observa</span> el papel que desempeña la Comisión en la promoción del estado de derecho, los respectivos debates en la Comisión durante su 52º período de sesiones<authorialNote marker="20" placement="bottom" eId="authorialNote_20"><p xml:space="preserve"><span class="italic">Ibid</span>., cap. XX.</p></authorialNote> y las observaciones transmitidas por la Comisión de conformidad con el párrafo 20 de la resolución <a href="https://undocs.org/sp/A/RES/73/207">73/207</a> de la Asamblea General, de 20 de diciembre de 2018, en las que se pone de relieve la pertinencia de su labor actual y de los textos finalizados y aprobados en el 52º período de sesiones de la Comisión para la promoción del estado de derecho y la implementación de los Objetivos de Desarrollo Sostenible<authorialNote marker="21" placement="bottom" eId="authorialNote_21"><p xml:space="preserve"><span class="italic">Ibid</span>., secc. B.</p></authorialNote>;</p>
        </content>
      </paragraph>
      <paragraph eId="para_30" class="SingleTxt">
        <num>	19.</num>
        <content eId="para_30__content">
          <p xml:space="preserve">
            <span class="italic">Observa con satisfacción</span> que, en el párrafo 8 de la declaración de la reunión de alto nivel de la Asamblea General sobre el estado de derecho en los planos nacional e internacional, aprobada por consenso como resolución <a href="https://undocs.org/sp/A/RES/67/1">67/1</a>, de 24 de septiembre de 2012, los Estados Miembros reconocieron la importancia de disponer de marcos jurídicos justos, estables y previsibles para crear desarrollo, crecimiento económico y empleo inclusivos, sostenibles y equitativos, generar inversiones y facilitar la actividad empresarial y, a ese respecto, encomiaron la labor que realizaba la Comisión con objeto de modernizar y armonizar el derecho mercantil internacional, y que, en el párrafo 7 de esa declaración, los Estados Miembros expresaron su convicción de que el estado de derecho y el desarrollo estaban estrechamente relacionados y se reforzaban mutuamente;</p>
        </content>
      </paragraph>
      <paragraph eId="para_31" class="SingleTxt">
        <num>	20.</num>
        <content eId="para_31__content">
          <p xml:space="preserve">
            <span class="italic">Observa con satisfacción también</span> que, en el párrafo 89 de la Agenda de Acción de Addis Abeba de la Tercera Conferencia Internacional sobre la Financiación para el Desarrollo, aprobada por consenso por la Asamblea General como resolución <a href="https://undocs.org/sp/A/RES/69/313">69/313</a>, de 27 de julio de 2015, los Estados respaldaron los esfuerzos y las iniciativas de la Comisión, en su calidad de órgano jurídico central del sistema de las Naciones Unidas en el ámbito del derecho mercantil internacional, encaminados a aumentar la coordinación y la cooperación en las actividades jurídicas de las organizaciones internacionales y regionales que actúan en la esfera del derecho mercantil internacional y a promover el estado de derecho en los planos nacional e internacional en esa esfera;</p>
        </content>
      </paragraph>
      <paragraph eId="para_32" class="SingleTxt">
        <num>	21.</num>
        <content eId="para_32__content">
          <p xml:space="preserve">
            <span class="italic">Reitera su solicitud</span> al Secretario General para que, de conformidad con sus resoluciones sobre aspectos relativos a la documentación<authorialNote marker="22" placement="bottom" eId="authorialNote_22"><p xml:space="preserve">	 	Resoluciones <a href="https://undocs.org/sp/A/RES/52/214">52/214</a>, secc. B, <a href="https://undocs.org/sp/A/RES/57/283B">57/283</a> B, secc. III, y <a href="https://undocs.org/sp/A/RES/58/250">58/250</a>, secc. III.</p></authorialNote>, en las que se insiste en particular en que la invitación a reducir la extensión de los documentos, cuando proceda, no debe ir en detrimento de la calidad de su presentación ni de su contenido, tenga presente las características especiales del mandato y las funciones de la Comisión en el desarrollo progresivo y la codificación del derecho mercantil internacional al aplicar a sus documentos las normas sobre límite de páginas<authorialNote marker="23" placement="bottom" eId="authorialNote_23"><p xml:space="preserve">	 	Véanse las resoluciones <a href="https://undocs.org/sp/A/RES/59/39">59/39</a>, párr. 9, y <a href="https://undocs.org/sp/A/RES/65/21">65/21</a>, párr. 18; véase también <span class="italic">Documentos Oficiales de la Asamblea General, quincuagésimo noveno período de sesiones, suplemento núm. 17</span> (<a href="https://undocs.org/sp/A/59/17(SUPP)">A/59/17</a>), párrs. 124 a 128.</p></authorialNote>;</p>
        </content>
      </paragraph>
      <paragraph eId="para_33" class="SingleTxt">
        <num>	22.</num>
        <content eId="para_33__content">
          <p xml:space="preserve">
            <span class="italic">Solicita</span> al Secretario General que se sigan publicando las normas de la Comisión y levantando actas resumidas de las sesiones de esta dedicadas a la formulación de textos normativos, incluidas las de los comités plenarios establecidos por la Comisión durante su período de sesiones anual;</p>
        </content>
      </paragraph>
      <paragraph eId="para_34" class="SingleTxt">
        <num>	23.</num>
        <content eId="para_34__content">
          <p xml:space="preserve">
            <span class="italic">Recuerda</span> el párrafo 48 de su resolución <a href="https://undocs.org/sp/A/RES/66/246">66/246</a>, de 24 de diciembre de 2011, relativo al régimen de rotación de sesiones entre Viena y Nueva York;</p>
        </content>
      </paragraph>
      <paragraph eId="para_35" class="SingleTxt">
        <num>	24.</num>
        <content eId="para_35__content">
          <p xml:space="preserve">
            <span class="italic">Destaca</span> la importancia de promover la utilización de los textos dimanantes de la labor de la Comisión para la unificación y armonización a nivel mundial del derecho mercantil internacional y, a tal fin, insta a los Estados que aún no lo hayan hecho a que consideren la posibilidad de firmar o ratificar los convenios y convenciones o adherirse a ellos, incorporar las leyes modelo al derecho interno y alentar la utilización de otros textos pertinentes;</p>
        </content>
      </paragraph>
      <paragraph eId="para_36" class="SingleTxt">
        <num>	25.</num>
        <content eId="para_36__content">
          <p xml:space="preserve">
            <span class="italic">Observa con aprecio</span> la labor de la Secretaría en lo relacionado con el sistema de recopilación y difusión de jurisprudencia relativa a los textos de la Comisión en los seis idiomas oficiales de las Naciones Unidas (sistema CLOUT), observa la gran cantidad de recursos que requiere el sistema, reconoce que se necesitan más recursos para mantenerlo y ampliarlo, acoge con beneplácito a este respecto los renovados esfuerzos de la Comisión y su secretaría por concertar alianzas con las instituciones interesadas, y hace un llamamiento a los Gobiernos, a los órganos competentes del sistema de las Naciones Unidas y a organizaciones, instituciones y particulares para que presten asistencia a la secretaría de la Comisión en su labor para concienciar sobre la disponibilidad y utilidad del sistema CLOUT en los círculos profesionales, académicos y del poder judicial y obtener la financiación necesaria para coordinar y ampliar el sistema y para establecer, en la secretaría de la Comisión, un pilar centrado en la promoción de mecanismos para la interpretación uniforme de sus textos;</p>
        </content>
      </paragraph>
      <paragraph eId="para_37" class="SingleTxt">
        <num>	26.</num>
        <content eId="para_37__content">
          <p xml:space="preserve">
            <span class="italic">Acoge con beneplácito</span> la labor sostenida de la Secretaría en la preparación de compilaciones de jurisprudencia relativa a los textos de la Comisión, incluida su amplia difusión, así como el aumento constante del número de resúmenes disponibles en el sistema CLOUT, habida cuenta de la función que desempeñan las compilaciones y el sistema CLOUT como instrumentos importantes para promover la interpretación uniforme del derecho mercantil internacional, en particular fomentando la capacidad local de los jueces, árbitros y otros profesionales del derecho para interpretar esas normas a la luz de su carácter internacional y de la necesidad de promover la uniformidad en su aplicación y la buena fe en el comercio internacional, y observa la satisfacción de la Comisión con el funcionamiento del sitio web de la Convención de Nueva York<authorialNote marker="24" placement="bottom" eId="authorialNote_24"><p xml:space="preserve"><a href="http://newyorkconvention1958.org/">www.newyorkconvention1958.org</a>.</p></authorialNote> y la fructífera coordinación entre el sitio web y el sistema CLOUT;</p>
        </content>
      </paragraph>
      <paragraph eId="para_38" class="SingleTxt">
        <num>	27.</num>
        <content eId="para_38__content">
          <p xml:space="preserve">
            <span class="italic">Recuerda</span> sus resoluciones en las que afirma la importancia que reviste disponer de sitios web de las Naciones Unidas de alta calidad, de fácil uso y eficaces en función de los costos, y la necesidad de su desarrollo, mantenimiento y enriquecimiento en varios idiomas<authorialNote marker="25" placement="bottom" eId="authorialNote_25"><p xml:space="preserve">	 	Resoluciones <a href="https://undocs.org/sp/A/RES/52/214">52/214</a>, secc. C, párr. 3; <a href="https://undocs.org/sp/A/RES/55/222">55/222</a>, secc. III, párr. 12; <a href="https://undocs.org/sp/A/RES/56/64">56/64</a> B, secc. X; <a href="https://undocs.org/sp/A/RES/57/130">57/130</a> B, secc. X; <a href="https://undocs.org/sp/A/RES/58/101">58/101</a> B, secc. V, párrs. 61 a 76; <a href="https://undocs.org/sp/A/RES/59/126">59/126</a> B, secc. V, párrs. 76 a 95; <a href="https://undocs.org/sp/A/RES/60/109">60/109</a> B, secc. IV, párrs. 66 a 80; y <a href="https://undocs.org/sp/A/RES/61/121">61/121</a> B, secc. IV, párrs. 65 a 77.</p></authorialNote>, encomia que el sitio web de la Comisión se haya trasladado a una plataforma de fácil acceso desde dispositivos móviles y se siga publicando simultáneamente en los seis idiomas oficiales de las Naciones Unidas, y acoge con beneplácito los constantes esfuerzos de la Comisión por mantenerlo y mejorarlo y por aumentar la visibilidad de su labor utilizando funciones de medios sociales, de conformidad con las directrices aplicables<authorialNote marker="26" placement="bottom" eId="authorialNote_26"><p xml:space="preserve">	 	Véase la resolución <a href="https://undocs.org/sp/A/RES/63/120">63/120</a>, párr. 20.</p></authorialNote>.</p>
        </content>
      </paragraph>
    </mainBody>
    <conclusions eId="conclusions">
      <p>
        <inline name="adoptionMeeting" title="51a">51a sesión plenaria</inline>
        <eol />
        <docDate date="2019-12-18" refersTo="#adoptionDate">18 de diciembre de 2019</docDate>
      </p>
    </conclusions>
  </statement>
</akomaNtoso>