<akomaNtoso xmlns:xsi="http://www.w3.org/2001/XMLSchema-instance" xsi:schemaLocation="http://docs.oasis-open.org/legaldocml/ns/akn/3.0 http://docs.oasis-open.org/legaldocml/akn-core/v1.0/os/part2-specs/schemas/akomantoso30.xsd" xmlns="http://docs.oasis-open.org/legaldocml/ns/akn/3.0" xmlns:html="http://www.w3.org/1999/xhtml" xmlns:akn4un="http://un.org/akn4un">
  <statement name="resolution">
    <meta>
      <identification source="#DGACM">
        <FRBRWork>
          <FRBRthis value="/akn/un/statement/deliberation/unga/2019-12-18/74-134/!main/"></FRBRthis>
          <FRBRuri value="/akn/un/statement/deliberation/unga/2019-12-18/74-134/"></FRBRuri>
          <FRBRdate date="2019-12-18" name="adoption"></FRBRdate>
          <FRBRauthor href="ga" as="author"></FRBRauthor>
          <FRBRcountry value="un"></FRBRcountry>
        </FRBRWork>
        <FRBRExpression>
          <FRBRthis value="/akn/un/statement/deliberation/unga/2019-12-18/74-134/spa@!main/"></FRBRthis>
          <FRBRuri value="/akn/un/statement/deliberation/unga/2019-12-18/74-134/spa@/"></FRBRuri>
          <FRBRdate date="2020-01-22" name="publication"></FRBRdate>
          <FRBRauthor href="ga" as="issuer"></FRBRauthor>
          <FRBRlanguage language="spa"></FRBRlanguage>
        </FRBRExpression>
        <FRBRManifestation>
          <FRBRthis value="/akn/un/statement/deliberation/unga/2019-12-18/74-134/spa@/!main.xml"></FRBRthis>
          <FRBRuri value="/akn/un/statement/deliberation/unga/2019-12-18/74-134/spa@.xml"></FRBRuri>
          <FRBRdate date="2020-08-17" name="markup"></FRBRdate>
          <FRBRauthor href="DGACM" as="editor"></FRBRauthor>
        </FRBRManifestation>
      </identification>
      <classification source="http://metadata.un.org/sdg">
        <keyword value="3" href="http://metadata.un.org/sdg/3" showAs="sdg_3" dictionary="SDGO"></keyword>
        <keyword value="public_health" href="http://eurovoc.europa.eu/3885" showAs="public_health" dictionary="EuroVoc"></keyword>
        <keyword value="health" href="http://metadata.un.org/thesaurus/1002824" showAs="health" dictionary="UNBIS Thesaurus"></keyword>
      </classification>
      <classification source="http://metadata.un.org/sdg">
        <keyword value="5" href="http://metadata.un.org/sdg/5" showAs="sdg_5" dictionary="SDGO"></keyword>
        <keyword value="gender_equality" href="http://eurovoc.europa.eu/3913" showAs="gender_equality" dictionary="EuroVoc"></keyword>
        <keyword value="participation_of_women" href="http://eurovoc.europa.eu/2265" showAs="participation_of_women" dictionary="EuroVoc"></keyword>
        <keyword value="women&amp;#39;s_rights" href="http://eurovoc.europa.eu/585" showAs="women&amp;#39;s_rights" dictionary="EuroVoc"></keyword>
        <keyword value="position_of_women" href="http://eurovoc.europa.eu/81" showAs="position_of_women" dictionary="EuroVoc"></keyword>
        <keyword value="women" href="http://metadata.un.org/thesaurus/1007029" showAs="women" dictionary="UNBIS Thesaurus"></keyword>
        <keyword value="gender_equality" href="http://metadata.un.org/thesaurus/1002612" showAs="gender_equality" dictionary="UNBIS Thesaurus"></keyword>
        <keyword value="girls" href="http://metadata.un.org/thesaurus/1002684" showAs="girls" dictionary="UNBIS Thesaurus"></keyword>
      </classification>
      <classification source="http://metadata.un.org/sdg">
        <keyword value="16" href="http://metadata.un.org/sdg/16" showAs="sdg_16" dictionary="SDGO"></keyword>
        <keyword value="right_to_justice" href="http://eurovoc.europa.eu/516" showAs="right_to_justice" dictionary="EuroVoc"></keyword>
        <keyword value="sustainable_development" href="http://eurovoc.europa.eu/5585" showAs="sustainable_development" dictionary="EuroVoc"></keyword>
        <keyword value="civil_society" href="http://metadata.un.org/thesaurus/1001012" showAs="civil_society" dictionary="UNBIS Thesaurus"></keyword>
        <keyword value="justice" href="http://metadata.un.org/thesaurus/1003500" showAs="justice" dictionary="UNBIS Thesaurus"></keyword>
        <keyword value="peaceful_coexistence" href="http://metadata.un.org/thesaurus/1004777" showAs="peaceful_coexistence" dictionary="UNBIS Thesaurus"></keyword>
        <keyword value="public_institutions" href="http://metadata.un.org/thesaurus/1005254" showAs="public_institutions" dictionary="UNBIS Thesaurus"></keyword>
        <keyword value="social_justice" href="http://metadata.un.org/thesaurus/1005970" showAs="social_justice" dictionary="UNBIS Thesaurus"></keyword>
        <keyword value="sustainable_development" href="http://metadata.un.org/thesaurus/1006319" showAs="sustainable_development" dictionary="UNBIS Thesaurus"></keyword>
      </classification>
      <workflow source="#un">
        <step date="2019-10-18" outcome="draftResolution" as="A/C.3/74/L.23" by="United Republic of Tanzania (on behalf of the States Members of the United Nations that are members of the members of the Southern African Development Community)" />
        <step date="0001-01-01" outcome="draftResolutionAdditionalSponsors" by="Algeria, Armenia, Bahamas, Benin, Bolivia (Plurinational State of), Burkina Faso, Burundi, Cameroon, China, Côte d’Ivoire, Cuba, Dominican Republic, Egypt, Gambia, Ghana, Haiti, Kazakhstan, Kenya, Liberia, Libya, Malaysia, Mali, Mongolia, Morocco, Nicaragua, Nigeria, Paraguay, Philippines, Senegal, Thailand, Togo, Tunisia, Turkey and Venezuela (Bolivarian Republic of)" />
        <step date="0001-01-01" outcome="recommendedForAdoption" as="A/74/395" by="" refersTo="31" />
        <step date="2019-12-18" outcome="adopted" as="A/74/PV.50" by="" />
      </workflow>
      <analysis source="#un">
        <parliamentary>
          <voting outcome="adoptedWithoutVote">
            <quorum value=""></quorum>
          </voting>
        </parliamentary>
      </analysis>
      <references source="#DGACM">
        <TLCOrganization eId="source" href="/akn/ontology/organization/un/DGACM" showAs="DGACM"></TLCOrganization>
        <TLCConcept eId="dateOfIssuance" href="/akn/ontology/concept/un/dateOfIssuance" showAs="Date of issuance"></TLCConcept>
        <TLCConcept eId="dateOfAdoption" href="/akn/ontology/concept/un/dateOfAdoption" showAs="Date of adoption"></TLCConcept>
        <TLCConcept eId="symbol" href="/akn/ontology/reference/un/symbol" showAs="Symbol"></TLCConcept>
        <TLCRole eId="publisher" href="/akn/ontology/role/un/publisher" showAs="Publisher"></TLCRole>
        <TLCRole eId="issuingBody" href="/akn/role/concept/un/issuingBody" showAs="Issuing body"></TLCRole>
        <TLCRole eId="author" href="/akn/ontology/role/un/author" showAs="Author"></TLCRole>
        <TLCRole eId="editor" href="/akn/ontology/role/un/editor" showAs="Editor"></TLCRole>
        <TLCRole eId="distribution" href="/akn/ontology/concept/un/generalDistribution" showAs="General distribution"></TLCRole>
        <TLCOrganization eId="ga" href="/akn/ontology/organization/un/generalAssembly" showAs="General Assembly"></TLCOrganization>
        <TLCTerm eId="resolutionTitle" href="/akn/ontology/reference/un/resolutionTitle" showAs="Resolution title"></TLCTerm>
        <TLCTerm eId="thirdCommittee" href="#thirdCommittee" showAs="Tercera Comisión"></TLCTerm>
        <TLCTerm eId="memberState" href="/akn/ontology/organization/un/memberState" showAs="Member State"></TLCTerm>
        <TLCTerm eId="inFavour" href="/akn/ontology/concept/un/voting/inFavour" showAs="In favour"></TLCTerm>
        <TLCTerm eId="against" href="/akn/ontology/concept/un/voting/against" showAs="Against"></TLCTerm>
        <TLCTerm eId="abstaining" href="/akn/ontology/concept/un/voting/abstaining" showAs="Abstaining"></TLCTerm>
      </references>
      <presentation source="#un">
        <akn4un:footerFirstPage>
          <akn4un:footerFirstPageLeft>
            <akn4un:internalCode>
              <docketNumber refersTo="#publicationJobNumber">19-22230 (S)</docketNumber>
              <img alt="bar code" class="barCode" src=""></img>
            </akn4un:internalCode>
          </akn4un:footerFirstPageLeft>
          <akn4un:footerFirstPageRight>
            <img alt="Please recycle" class="image" src="./recylcleLogo.jpg"></img>
            <img alt="embedded QR code" class="qrCode" src=""></img>
          </akn4un:footerFirstPageRight>
        </akn4un:footerFirstPage>
      </presentation>
    </meta>
    <coverPage eId="coverPage_1">
      <p>
        <span refersTo="#publisher" class="upperLeft">
          <docAuthority refersTo="#publisher">Naciones Unidas</docAuthority>
        </span>
      </p>
      <p class="upperRight">
        <docNumber refersTo="#symbol">A/RES/74/134</docNumber>
      </p>
      <p class="upperLeft">
        <img src="logo-un.jpg"></img>
        <docAuthority refersTo="#issuingBody" class="rightBig">Asamblea General</docAuthority>
      </p>
      <p>
        <docStatus refersTo="#generalDistribution" class="rightSmall">Distr. general</docStatus>
      </p>
      <p>
        <docDate date="2020-01-22" class="rightSmall" refersTo="#dateOfIssuance">22 de enero de 2020</docDate>
      </p>
      <p>
        <session refersTo="#generalAssembly" value="74" eId="coverPage_1__session_1">Septuagésimo cuarto período de sesiones</session>
      </p>
      <p>
        <inline name="agenda item">Tema 66 a) del programa</inline>
      </p>
      <p>
        <inline name="agenda item name">Promoción y protección de los derechos de la infancia: promoción y protección de los derechos de la infancia</inline>
      </p>
      <p>
        <docTitle>Resolución aprobada por la Asamblea General el 18 de diciembre de 2019</docTitle>
      </p>
      <p xml:space="preserve">
        <docProponent refersTo="#thirdCommittee">[sobre la base del informe de la Tercera Comisión (<inline name="originating document">A/74/395</inline>)]</docProponent>
      </p>
    </coverPage>
    <preface>
      <p>
        <docNumber>74/134.</docNumber>
        <docTitle refersTo="#resolutionTitle">La niña</docTitle>
      </p>
    </preface>
    <preamble>
      <formula name="enactingFormula" eId="formula_1">
        <p xml:space="preserve">
          <span class="italic">La Asamblea General</span>,</p>
      </formula>
      <container name="Reafirmando " eId="container_2">
        <p xml:space="preserve">
          <span class="italic">Reafirmando </span>su resolución <a href="https://undocs.org/sp/A/RES/72/154">72/154</a>, de 19 de diciembre de 2017, y todas las resoluciones pertinentes relativas a la niña, y recordando su resolución <a href="https://undocs.org/sp/A/RES/66/170">66/170</a>, de 19 de diciembre de 2011, relativa al Día Internacional de la Niña, y las conclusiones convenidas de la Comisión de la Condición Jurídica y Social de la Mujer, en particular las que se refieren a la niña,</p>
      </container>
      <container name="Recordando " eId="container_3">
        <p xml:space="preserve">
          <span class="italic">Recordando </span>todos los instrumentos de derechos humanos y demás instrumentos relativos a los derechos de la infancia, en particular de la niña, incluidas la Convención sobre los Derechos del Niño<authorialNote marker="1" placement="bottom" eId="authorialNote_1"><p xml:space="preserve">		Naciones Unidas, <span class="italic">Treaty Series,</span> vol. 1577, núm. 27531.</p></authorialNote>, la Convención sobre la Eliminación de Todas las Formas de Discriminación contra la Mujer<authorialNote marker="2" placement="bottom" eId="authorialNote_2"><p xml:space="preserve"><span class="italic">Ibid.</span>, vol. 1249, núm. 20378.</p></authorialNote>, la Convención sobre los Derechos de las Personas con Discapacidad<authorialNote marker="3" placement="bottom" eId="authorialNote_3"><p xml:space="preserve"><span class="italic">Ibid.</span>, vol. 2515, núm. 44910.</p></authorialNote>, los Protocolos Facultativos de estos instrumentos<authorialNote marker="4" placement="bottom" eId="authorialNote_4"><p xml:space="preserve"><span class="italic">Ibid.</span>, vols. 2171 y 2173, núm. 27531, y resolución <a href="https://undocs.org/sp/A/RES/66/138">66/138</a>, anexo; Naciones Unidas, <span class="italic">Treaty Series</span>, vol. 2131, núm. 20378; e <span class="italic">ibid.</span>, vol. 2518, núm. 44910.</p></authorialNote> y la Convención sobre el Consentimiento para el Matrimonio, la Edad Mínima para Contraer Matrimonio y el Registro de los Matrimonios<authorialNote marker="5" placement="bottom" eId="authorialNote_5"><p xml:space="preserve"><span class="italic">Ibid.</span>, vol. 521, núm. 7525.</p></authorialNote>,</p>
      </container>
      <container name="Reafirmando " eId="container_4">
        <p xml:space="preserve">
          <span class="italic">Reafirmando </span>su resolución <a href="https://undocs.org/sp/A/RES/70/1">70/1</a>, de 25 de septiembre de 2015, titulada “Transformar nuestro mundo: la Agenda 2030 para el Desarrollo Sostenible”, y la Agenda de Acción de Addis Abeba de la Tercera Conferencia Internacional sobre la Financiación para el Desarrollo<authorialNote marker="6" placement="bottom" eId="authorialNote_6"><p xml:space="preserve">		Resolución <a href="https://undocs.org/sp/A/RES/69/313">69/313</a>, anexo.</p></authorialNote>, y reafirmando también otros objetivos y compromisos en materia de desarrollo convenidos internacionalmente relativos a la niña,</p>
      </container>
      <container name="Observando " eId="container_5">
        <p xml:space="preserve">
          <span class="italic">Observando </span>la aprobación de la Ley Modelo de la Comunidad de África Meridional para el Desarrollo sobre la Erradicación del Matrimonio Infantil y la Protección de los Niños y Niñas Casados,</p>
      </container>
      <container name="Reafirmando " eId="container_6">
        <p xml:space="preserve">
          <span class="italic">Reafirmando </span>todos los documentos finales pertinentes de las grandes cumbres y conferencias de las Naciones Unidas relativos a la niña, en particular el documento final del vigésimo séptimo período extraordinario de sesiones de la Asamblea General sobre la infancia, titulado “Un mundo apropiado para los niños”<authorialNote marker="7" placement="bottom" eId="authorialNote_7"><p xml:space="preserve">		Resolución <a href="https://undocs.org/sp/A/RES/S-27/2">S-27/2</a>, anexo.</p></authorialNote>, la Declaración<authorialNote marker="8" placement="bottom" eId="authorialNote_8"><p xml:space="preserve"><span class="italic">Informe de la Cuarta Conferencia Mundial sobre la Mujer, Beijing, 4 a 15 de septiembre de 1995</span> (publicación de las Naciones Unidas, núm. de venta: S.96.IV.13), cap. I, resolución 1, anexo I.</p></authorialNote> y la Plataforma de Acción<authorialNote marker="9" placement="bottom" eId="authorialNote_9"><p xml:space="preserve"><span class="italic">Ibid</span>., anexo II.</p></authorialNote> de Beijing, el documento final del vigésimo tercer período extraordinario de sesiones de la Asamblea General, titulado “La mujer en el año 2000: igualdad entre los géneros, desarrollo y paz para el siglo XXI”<authorialNote marker="10" placement="bottom" eId="authorialNote_10"><p xml:space="preserve">		Resolución <a href="https://undocs.org/sp/A/RES/S-23/2">S-23/2</a>, anexo, y resolución <a href="https://undocs.org/sp/A/RES/S-23/3">S-23/3</a>, anexo.</p></authorialNote>, el Programa de Acción de la Conferencia Internacional sobre la Población y el Desarrollo<authorialNote marker="11" placement="bottom" eId="authorialNote_11"><p xml:space="preserve"><span class="italic">Informe de la Conferencia Internacional sobre la Población y el Desarrollo, El Cairo,  5 a 13 de septiembre de 1994</span> (publicación de las Naciones Unidas, núm. de venta: S.95.XIII.18), cap. I, resolución 1, anexo.</p></authorialNote>, el Programa de Acción de la Cumbre Mundial sobre Desarrollo Social<authorialNote marker="12" placement="bottom" eId="authorialNote_12"><p xml:space="preserve"><span class="italic">Informe de la Cumbre Mundial sobre Desarrollo Social</span>, <span class="italic">Copenhague, 6 a 12 de marzo de 1995 </span>(publicación de las Naciones Unidas, núm. de venta S.96.IV.8), cap. I, resolución 1, anexo II.</p></authorialNote>, la Declaración de Compromiso en la Lucha contra el VIH/Sida aprobada en el vigésimo sexto período extraordinario de sesiones de la Asamblea General sobre el VIH/sida, titulada “Crisis Mundial–Acción Mundial”<authorialNote marker="13" placement="bottom" eId="authorialNote_13"><p xml:space="preserve">		Resolución <a href="https://undocs.org/sp/A/RES/S-26/2">S-26/2</a>, anexo.</p></authorialNote>, y las declaraciones políticas sobre el VIH y el sida aprobadas en las reuniones de alto nivel de la Asamblea General que tuvieron lugar en 2006<authorialNote marker="14" placement="bottom" eId="authorialNote_14"><p xml:space="preserve">		Resolución <a href="https://undocs.org/sp/A/RES/60/262">60/262</a>, anexo.</p></authorialNote>, 2011<authorialNote marker="15" placement="bottom" eId="authorialNote_15"><p xml:space="preserve">		Resolución <a href="https://undocs.org/sp/A/RES/65/277">65/277</a>, anexo.</p></authorialNote> y 2016<authorialNote marker="16" placement="bottom" eId="authorialNote_16"><p xml:space="preserve">		Resolución <a href="https://undocs.org/sp/A/RES/70/266">70/266</a>, anexo.</p></authorialNote>, y reiterando que su aplicación plena y efectiva es esencial para lograr los objetivos de desarrollo convenidos internacionalmente, incluidos los Objetivos de Desarrollo Sostenible,</p>
      </container>
      <container name="Reconociendo " eId="container_7">
        <p xml:space="preserve">
          <span class="italic">Reconociendo </span>que la pobreza crónica sigue siendo uno de los principales obstáculos para satisfacer las necesidades y promover y proteger los derechos de la infancia, en particular de la niña, y que las niñas que viven en la pobreza tienen más probabilidades de contraer matrimonio en la niñez o trabajar para aliviar dificultades familiares, y que a menudo ponen fin a su educación y sufren otras consecuencias nocivas, lo que limita aún más sus oportunidades y las deja sumidas en la pobreza, y reconociendo también que la erradicación de la pobreza debe seguir siendo una alta prioridad para la comunidad internacional,</p>
      </container>
      <container name="Reconociendo también" eId="container_8">
        <p xml:space="preserve">
          <span class="italic">Reconociendo también</span> que es preciso adoptar medidas urgentes a nivel nacional e internacional para eliminar la pobreza, incluida la pobreza extrema, y observando que los hogares sufren directamente los efectos de las crisis financiera y económica mundiales, la inestabilidad de los precios de la energía y los alimentos, y la continua inseguridad alimentaria resultante de diversos factores,</p>
      </container>
      <container name="Reconociendo además" eId="container_9">
        <p xml:space="preserve">
          <span class="italic">Reconociendo además</span> que la protección social, la educación, la atención médica adecuada, la nutrición, el acceso sin restricciones a agua limpia, en particular a agua potable, el saneamiento y la higiene, el desarrollo de aptitudes y la lucha contra la discriminación y la violencia para con las niñas, entre otras cosas, son todos factores necesarios para el empoderamiento de la niña, y recordando la importancia de incorporar la perspectiva de género en todo el sistema de las Naciones Unidas en relación con la niña,</p>
      </container>
      <container name="Recalcando " eId="container_10">
        <p xml:space="preserve">
          <span class="italic">Recalcando </span>que las mujeres y las niñas pueden verse desproporcionadamente afectadas por los efectos adversos del cambio climático, son más vulnerables a ellos y ya están experimentando mayores consecuencias, como las sequías persistentes y los fenómenos meteorológicos extremos, la degradación de la tierra, el aumento del nivel del mar, la erosión costera y la acidificación de los océanos, que agravan la amenaza para la salud, la seguridad alimentaria y las iniciativas para erradicar la pobreza y lograr el desarrollo sostenible, y observando, a ese respecto, la aplicación del Acuerdo de París aprobado en virtud de la Convención Marco de las Naciones Unidas sobre el Cambio Climático<authorialNote marker="17" placement="bottom" eId="authorialNote_17"><p xml:space="preserve">		Véase <a href="https://undocs.org/sp/FCCC/CP/2015/10/Add.1">FCCC/CP/2015/10/Add.1</a>, decisión 1/CP.21, anexo.</p></authorialNote>,</p>
      </container>
      <container name="Profundamente preocupada" eId="container_11">
        <p xml:space="preserve">
          <span class="italic">Profundamente preocupada</span> porque persiste la extrema situación de las niñas que viven en hogares encabezados por niños y porque la pobreza, los conflictos armados, los riesgos relacionados con el clima y de otro tipo, los desastres naturales, los brotes de enfermedad, incluido el impacto de la epidemia del VIH y el sida, y otras emergencias humanitarias aumentan el número de los hogares encabezados por niños, obligándolos, en particular a las niñas, a asumir responsabilidades adultas, como la de ser la principal fuente de ingresos del hogar y la de cuidar de los hermanos menores, y volviéndolos especialmente vulnerables a la pobreza, la violencia, incluida la violencia física y sexual, y la discriminación, lo que inhibe gravemente su desarrollo y viola o menoscaba el pleno disfrute de sus derechos humanos,</p>
      </container>
      <container name="Profundamente preocupada también" eId="container_12">
        <p xml:space="preserve">
          <span class="italic">Profundamente preocupada también</span> por la persistente falta de información y estadísticas recientes, desglosadas por sexo, sobre la situación de los niños de hogares encabezados por niños, que son necesarias para que los Estados Miembros y el sistema de las Naciones Unidas puedan formular respuestas apropiadas,</p>
      </container>
      <container name="Reconociendo " eId="container_13">
        <p xml:space="preserve">
          <span class="italic">Reconociendo </span>que las mujeres y las niñas son más vulnerables a la infección por el VIH y soportan una carga desproporcionada con respecto a los efectos de la epidemia del VIH y el sida, incluido el trabajo doméstico y de cuidados no remunerado relacionado con el cuidado y apoyo de las personas que viven con el VIH y el sida y se ven afectadas por estos, y que ello repercute negativamente sobre las niñas porque las priva de su infancia y disminuye sus oportunidades de recibir una educación, lo que a menudo hace que se conviertan en cabezas de familia y aumenta su vulnerabilidad a las peores formas de trabajo infantil y a la explotación sexual,</p>
      </container>
      <container name="Observando con preocupación" eId="container_14">
        <p xml:space="preserve">
          <span class="italic">Observando con preocupación</span> que millones de niñas realizan trabajo infantil en sus peores formas, incluidas niñas que han sido víctimas de la trata de personas y que se han visto afectadas por conflictos armados y emergencias humanitarias, que los niños sin nacionalidad o sin certificado de nacimiento son vulnerables a la trata de personas y al trabajo infantil, y que muchos niños soportan una doble carga al tener que combinar actividades económicas con el trabajo doméstico y de cuidados no remunerado, lo que los priva de su infancia y obstaculiza el pleno disfrute de su derecho a la educación y reduce sus oportunidades de tener un trabajo decente en el futuro, y observando a ese respecto la necesidad de reconocer, reducir y redistribuir la carga desproporcionada que recae en las niñas de trabajo doméstico y de cuidados no remunerado,</p>
      </container>
      <container name="Reconociendo " eId="container_15">
        <p xml:space="preserve">
          <span class="italic">Reconociendo </span>que las niñas suelen estar más expuestas a diversas formas de discriminación, violencia y trabajo forzoso y correr mayor riesgo de ser objeto de ellas, lo que, entre otras cosas, puede suponer un obstáculo para la consecución de los Objetivos de Desarrollo Sostenible, en particular los relativos a la igualdad de género y el empoderamiento de las niñas, y reafirmando la necesidad de lograr la igualdad de género con el fin de asegurar un mundo justo y equitativo para las niñas, por medios como las asociaciones de colaboración con los hombres y los niños, como estrategia importante para promover los derechos de la niña,</p>
      </container>
      <container name="Reconociendo también" eId="container_16">
        <p xml:space="preserve">
          <span class="italic">Reconociendo también</span> que el empoderamiento de las niñas y la inversión en ellas, que son fundamentales para el crecimiento económico, y la consecución de todos los Objetivos de Desarrollo Sostenible, incluida la erradicación de la pobreza y la pobreza extrema, así como la participación efectiva de las niñas en las decisiones que las afectan, son aspectos clave para romper el ciclo de discriminación y violencia y para promover y proteger el disfrute pleno y efectivo de sus derechos humanos, y reconociendo además que ese empoderamiento requiere la participación activa de las niñas en los procesos de adopción de decisiones y como agentes del cambio en sus propias vidas y comunidades, en particular a través de las organizaciones de niñas, con el apoyo y la participación activos de los progenitores, tutores legales, familiares y cuidadores, de los niños y los hombres, así como de la comunidad en general,</p>
      </container>
      <container name="Profundamente preocupada" eId="container_17">
        <p xml:space="preserve">
          <span class="italic">Profundamente preocupada</span> por todas las formas de violencia contra los niños, en particular las que afectan desproporcionadamente a las niñas, como la prostitución infantil, la pornografía infantil y material de otro tipo que muestre abusos sexuales de menores, la violación, el abuso sexual, la violencia doméstica, la trata de personas y el uso de la tecnología de la información y las comunicaciones y de los medios sociales para cometer actos de violencia contra las mujeres y las niñas, y, además, por la impunidad y la falta de rendición de cuentas consiguientes, y porque la violencia contra las mujeres y las niñas no se reconoce ni denuncia tanto como se debiera, sobre todo en las comunidades, lo cual refleja pautas discriminatorias que refuerzan la condición inferior de las niñas en la sociedad,</p>
      </container>
      <container name="Profundamente preocupada también" eId="container_18">
        <p xml:space="preserve">
          <span class="italic">Profundamente preocupada también</span> por la discriminación de las niñas y la violación de sus derechos, en especial en el caso de las niñas con discapacidad, habida cuenta de sus necesidades específicas, lo que a menudo redunda en que las niñas tengan menor acceso a la educación y a una enseñanza de calidad, así como a la nutrición, incluida la asignación de alimentos, y a los servicios de atención de la salud física y mental, disfruten de menos derechos, oportunidades y beneficios de la niñez y la adolescencia que los niños, y sean más vulnerables que los niños a las consecuencias de las relaciones sexuales no protegidas y prematuras y víctimas de diversas formas de explotación y violencia cultural, social, sexual y económica, así como de abuso, violación, incesto, delitos relacionados con el honor y prácticas perjudiciales, como el infanticidio femenino, el matrimonio infantil, precoz y forzado, la selección prenatal del sexo y la mutilación genital femenina,</p>
      </container>
      <container name="Profundamente preocupada además" eId="container_19">
        <p xml:space="preserve">
          <span class="italic">Profundamente preocupada además</span> porque, a pesar de que el matrimonio infantil, precoz y forzado es una práctica muy extendida, todavía no se denuncian muchos casos, reconociendo que es necesario prestarle más atención a este asunto y que el matrimonio infantil, precoz y forzado expone a las niñas a un riesgo mayor de contraer el VIH e infecciones de transmisión sexual, conduce con frecuencia a relaciones sexuales prematuras, embarazos a edad temprana y procreación prematura y aumenta el riesgo de fístula obstétrica y de que se registren niveles elevados de mortalidad y morbilidad materna, y entraña asimismo complicaciones durante la gestación y el parto que a menudo son causa de discapacidad, mortalidad fetal y muerte materna, en particular para las jóvenes y las niñas, por lo que es preciso que se presten a las madres servicios adecuados de atención médica previos y posteriores al parto, en particular asistencia cualificada durante el parto y tratamiento obstétrico de emergencia, y observando con preocupación que ello reduce las oportunidades de las niñas de terminar sus estudios, adquirir una formación completa, participar en la comunidad o prepararse para un empleo, y es probable que tenga repercusiones negativas a largo plazo sobre su salud y bienestar físicos y mentales, sus oportunidades de empleo y la calidad de su vida y la de sus hijos, y vulnera o menoscaba el pleno disfrute de sus derechos humanos,</p>
      </container>
      <container name="Profundamente preocupada" eId="container_20">
        <p xml:space="preserve">
          <span class="italic">Profundamente preocupada</span> porque las jóvenes y las niñas se ven particularmente afectadas por la escasez de agua, el agua no apta para el consumo, el saneamiento deficiente y la mala higiene, y preocupada además porque las niñas, especialmente las de zonas rurales, suelen quedar excluidas de la plena y constante participación en la escuela debido a la carga que les supone la adquisición de agua para el hogar, la falta de instalaciones de agua y saneamiento en las escuelas y el acceso insuficiente a productos de higiene femenina eficaces,</p>
      </container>
      <container name="Poniendo de relieve" eId="container_21">
        <p xml:space="preserve">
          <span class="italic">Poniendo de relieve</span> que el mayor acceso de los jóvenes en pie de igualdad, especialmente en el caso de las adolescentes, a una educación de calidad, incluida la relativa a la salud sexual y reproductiva, así como a la atención médica, la higiene y los servicios de saneamiento, reduce drásticamente su vulnerabilidad a las enfermedades e infecciones prevenibles, en particular la infección por el VIH y otras infecciones de transmisión sexual,</p>
      </container>
      <container name="Reconociendo " eId="container_22">
        <p xml:space="preserve">
          <span class="italic">Reconociendo </span>que, a pesar de los avances en lo relativo a brindar acceso a la educación, las niñas siguen teniendo más probabilidades que los niños de quedar excluidas de la educación, y reconociendo también que entre las barreras basadas en el género que dificultan que las niñas disfruten en pie de igualdad de su derecho a la educación se encuentran el matrimonio infantil, el embarazo precoz, la violencia de género, la carga desproporcionada de trabajo doméstico y de cuidados y no remunerado y los estereotipos de género y las normas sociales negativas que hacen que las familias y las comunidades den menos valor a la educación de las niñas que a la de los niños,</p>
      </container>
      <container name="Profundamente preocupada" eId="container_23">
        <p xml:space="preserve">
          <span class="italic">Profundamente preocupada</span> por el hecho de que la violencia contra las niñas en el ámbito escolar, como la violencia sexual y el acoso de camino a la escuela, en ella o de regreso a casa, incluida la violencia perpetrada por docentes, sigue desalentando la educación de las niñas y, en muchos casos, la transición a la enseñanza secundaria y la finalización de esta, y que estos riesgos pueden influir en la decisión de los progenitores de permitir que las niñas asistan a la escuela,</p>
      </container>
      <container name="Observando " eId="container_24">
        <p xml:space="preserve">
          <span class="italic">Observando </span>que las comidas escolares y las raciones para llevar a casa atraen y retienen a los niños en las escuelas, y reconociendo que la alimentación escolar es un incentivo para aumentar la matriculación y reducir el absentismo, sobre todo en el caso de las niñas,</p>
      </container>
      <container name="Destacando " eId="container_25">
        <p xml:space="preserve">
          <span class="italic">Destacando </span>la necesidad de que la comunidad internacional, las entidades pertinentes de las Naciones Unidas, los organismos especializados, la sociedad civil y las instituciones financieras internacionales sigan apoyando de forma activa, mediante la asignación de más recursos financieros y asistencia técnica, programas focalizados de amplio alcance que atiendan a las necesidades y las prioridades de la niña,</p>
      </container>
    </preamble>
    <mainBody>
      <paragraph eId="para_26" class="SingleTxt">
        <num>	1.</num>
        <content eId="para_26__content">
          <p xml:space="preserve">
            <span class="italic">Toma nota</span> del informe del Secretario General<authorialNote marker="18" placement="bottom" eId="authorialNote_18"><p xml:space="preserve"><a href="https://undocs.org/sp/A/74/246">A/74/246</a>.</p></authorialNote>;</p>
        </content>
      </paragraph>
      <paragraph eId="para_27" class="SingleTxt">
        <num>	2.</num>
        <content eId="para_27__content">
          <p xml:space="preserve">
            <span class="italic">Destaca </span>la necesidad de que se hagan efectivos de manera plena y urgente los derechos del niño, en particular la niña, que se reconocen en los instrumentos internacionales de derechos humanos, e insta a los Estados a que, como cuestión prioritaria, consideren la posibilidad de firmar y ratificar la Convención sobre los Derechos del Niño<sup>1</sup>, la Convención sobre la Eliminación de Todas las Formas de Discriminación contra la Mujer<sup>2</sup>, la Convención sobre los Derechos de las Personas con Discapacidad<sup>3</sup> y sus respectivos Protocolos Facultativos<sup>4</sup>, o de adherirse a estos instrumentos;</p>
        </content>
      </paragraph>
      <paragraph eId="para_28" class="SingleTxt">
        <num>	3.</num>
        <content eId="para_28__content">
          <p xml:space="preserve">
            <span class="italic">Insta </span>a todos los Estados que aún no lo hayan hecho a que consideren la posibilidad de ratificar el Convenio sobre la Edad Mínima, 1973 (núm. 138)<authorialNote marker="19" placement="bottom" eId="authorialNote_19"><p xml:space="preserve">		Naciones Unidas, <span class="italic">Treaty Series,</span> vol. 1015, núm. 14862.</p></authorialNote>, y el Convenio sobre las Peores Formas de Trabajo Infantil, 1999 (núm. 182)<authorialNote marker="20" placement="bottom" eId="authorialNote_20"><p xml:space="preserve"><span class="italic">Ibid.</span>, vol. 2133, núm. 37245.</p></authorialNote>, de la Organización Internacional del Trabajo, o de adherirse a ellos; </p>
        </content>
      </paragraph>
      <paragraph eId="para_29" class="SingleTxt">
        <num>	4.</num>
        <content eId="para_29__content">
          <p xml:space="preserve">
            <span class="italic">Insta </span>a los Estados a que elaboren programas, o revisen los ya existentes, con el fin de promover la igualdad de género y el empoderamiento de todas las mujeres y las niñas y la igualdad de acceso a los servicios sociales básicos, como la educación, la nutrición, el agua y los servicios de saneamiento, el registro de los nacimientos, la atención de la salud, la vacunación y la protección contra las enfermedades que representan las principales causas de mortalidad, incluidas las enfermedades no transmisibles, e incorporen la perspectiva de género en todas las políticas y los programas de desarrollo, incluidos los específicos para la niña; </p>
        </content>
      </paragraph>
      <paragraph eId="para_30" class="SingleTxt">
        <num>	5.</num>
        <content eId="para_30__content">
          <p xml:space="preserve">
            <span class="italic">Insta también</span> a los Estados a que mejoren la situación de las niñas que viven en la pobreza, especialmente en condiciones de pobreza extrema, privadas de alimentos y nutrición suficientes y de servicios de agua y saneamiento, con acceso limitado o sin acceso a los servicios básicos de atención de la salud mental y física, la vivienda, la educación, la participación y la protección;</p>
        </content>
      </paragraph>
      <paragraph eId="para_31" class="SingleTxt">
        <num>	6.</num>
        <content eId="para_31__content">
          <p xml:space="preserve">
            <span class="italic">Reconoce </span>que lograr la igualdad de acceso a la educación inclusiva, equitativa y de calidad requiere transformaciones en los sistemas educativos, la incorporación de la perspectiva de género en los programas de educación, el desarrollo de la infraestructura y la formación de los docentes, y, a ese respecto, exhorta a los Estados a invertir en una educación de calidad, en particular mediante una financiación suficiente, para garantizar que todas las niñas, incluidas las marginadas o las que viven en situaciones vulnerables, disfruten de su derecho a la educación;</p>
        </content>
      </paragraph>
      <paragraph eId="para_32" class="SingleTxt">
        <num>	7.</num>
        <content eId="para_32__content">
          <p xml:space="preserve">
            <span class="italic">Observa </span>la función que cumplen las Naciones Unidas en el apoyo a los Gobiernos nacionales para implementar la Agenda 2030 para el Desarrollo Sostenible<authorialNote marker="21" placement="bottom" eId="authorialNote_21"><p xml:space="preserve">		Resolución <a href="https://undocs.org/sp/A/RES/70/1">70/1</a>.</p></authorialNote> y hacer efectivo el derecho de las niñas a la educación;</p>
        </content>
      </paragraph>
      <paragraph eId="para_33" class="SingleTxt">
        <num>	8.</num>
        <content eId="para_33__content">
          <p xml:space="preserve">
            <span class="italic">Exhorta </span>a los Estados a que reconozcan el derecho a la educación basado en la igualdad de oportunidades y la no discriminación, para lo cual se ha de implantar la enseñanza primaria obligatoria y gratuita para todos los niños, incluidos los que viven en las zonas rurales, de manera que todos los niños tengan igual acceso a una educación de buena calidad, y se ha de poner la enseñanza secundaria y terciaria al alcance de todos, en particular mediante la introducción gradual de la enseñanza secundaria gratuita, teniendo presente que las medidas especiales para garantizar la igualdad de acceso, como la acción afirmativa, por ejemplo facilitando el acceso físico a la educación, incluso mediante el aumento de los incentivos financieros para las familias, mejorando la seguridad de las niñas en el camino a la escuela, logrando que todas las escuelas sean accesibles, seguras y ofrezcan un entorno protegido y libre de violencia y proporcionando servicios de saneamiento higiénicos, separados y adecuados, contribuyen al logro de la igualdad de oportunidades y a la eliminación de la exclusión y a asegurar la asistencia a la escuela, especialmente de las niñas y de los niños de familias de bajos ingresos o que se convierten en cabezas de familia;</p>
        </content>
      </paragraph>
      <paragraph eId="para_34" class="SingleTxt">
        <num>	9.</num>
        <content eId="para_34__content">
          <p xml:space="preserve">
            <span class="italic">Exhorta </span>a todos los Estados a que den mayor importancia a la educación de calidad para las niñas, que incorpore cursos de recuperación y alfabetización dirigidos a las que no hayan recibido una educación académica, e iniciativas especiales para mantener hasta la educación posprimaria la escolarización de las niñas, incluidas las que están casadas o embarazadas, a que promuevan el acceso de las jóvenes a la capacitación profesional y empresarial y a que adopten medidas para eliminar los estereotipos de género a fin de que las jóvenes que se incorporan al mercado laboral tengan oportunidades de obtener empleo pleno y productivo y un trabajo decente e igualdad de remuneración por trabajo igual o de igual valor; </p>
        </content>
      </paragraph>
      <paragraph eId="para_35" class="SingleTxt">
        <num>	10.</num>
        <content eId="para_35__content">
          <p xml:space="preserve">
            <span class="italic">Alienta </span>a los Estados a que adopten, según proceda, y apliquen políticas y programas inclusivos para promover la educación de las niñas en la ciencia, la tecnología, la ingeniería y las matemáticas, incluida la tecnología de la información y las comunicaciones a lo largo de su educación, mediante, entre otras cosas, la ampliación del alcance de la educación y las oportunidades de capacitación que van desde el dominio del entorno digital básico a los conocimientos técnicos avanzados, reconociendo que las niñas que desarrollan esas aptitudes pueden gozar de más éxito académico y trabajos mejor remunerados más adelante, y reconociendo también que las niñas y las mujeres tienen una función igualmente importante que desempeñar en esos terrenos que los hombres y los niños; </p>
        </content>
      </paragraph>
      <paragraph eId="para_36" class="SingleTxt">
        <num>	11.</num>
        <content eId="para_36__content">
          <p xml:space="preserve">
            <span class="italic">Exhorta </span>a los Estados a que, con el apoyo, según corresponda, de las organizaciones internacionales, la sociedad civil y las organizaciones no gubernamentales, elaboren políticas y programas en los que se dé prioridad a los programas de educación académica, no académica e informal, en particular una educación que sea adecuada a la edad y científicamente exacta, amplia y pertinente para los contextos culturales, que proporcione a los adolescentes y las adolescentes, y a las mujeres y los hombres jóvenes, dentro y fuera de la escuela, en consonancia con la evolución de sus capacidades, y con la debida dirección y orientación de progenitores y tutores legales, información sobre la salud sexual y reproductiva y la prevención del VIH, la igualdad entre los géneros y el empoderamiento de las mujeres, los derechos humanos, el desarrollo físico, psicológico y puberal y el poder en las relaciones entre hombres y mujeres, para que puedan desarrollar su autoestima y aptitudes en relación con la adopción de decisiones informadas, la comunicación y la reducción de los riesgos y establecer relaciones respetuosas, en plena colaboración con los jóvenes, los progenitores, los tutores, los cuidadores, los educadores y los proveedores de servicios de salud, a fin de que, entre otras cosas, puedan protegerse de la infección por el VIH y otros riesgos;</p>
        </content>
      </paragraph>
      <paragraph eId="para_37" class="SingleTxt">
        <num>	12.</num>
        <content eId="para_37__content">
          <p xml:space="preserve">
            <span class="italic">Insta </span>a los Estados a que reconozcan las distintas necesidades de las niñas y los niños durante su infancia y adolescencia y, según proceda, a que adapten sus inversiones en consecuencia para que respondan a los cambios en sus necesidades, en particular para que las niñas tengan acceso a agua limpia, especialmente agua potable, a servicios de saneamiento e higiene y a productos de higiene femenina, así como a baños privados, donde también puedan desechar los productos de higiene femenina, en las instituciones educativas y otros espacios públicos, lo que redundará en beneficio de su salud y acceso a la educación y aumentará su seguridad; </p>
        </content>
      </paragraph>
      <paragraph eId="para_38" class="SingleTxt">
        <num>	13.</num>
        <content eId="para_38__content">
          <p xml:space="preserve">
            <span class="italic">Exhorta </span>a los Estados a que, en colaboración con la sociedad civil y otros agentes pertinentes, promuevan prácticas de educación y de salud a fin de fomentar una cultura en la que la menstruación se reconozca como algo saludable y natural, y las niñas no se vean estigmatizadas por ese motivo, reconociendo que su asistencia a la escuela puede verse afectada por las percepciones negativas de la menstruación y la falta de medios para mantener la higiene personal en condiciones de seguridad, como la existencia de instalaciones de agua, saneamiento e higiene en las escuelas que satisfagan las necesidades de las niñas;</p>
        </content>
      </paragraph>
      <paragraph eId="para_39" class="SingleTxt">
        <num>	14.</num>
        <content eId="para_39__content">
          <p xml:space="preserve">
            <span class="italic">Insta </span>a los Estados a que redoblen los esfuerzos para erradicar urgentemente todas las formas de discriminación contra las mujeres y las niñas, y exhorta a todos los Estados, el sistema de las Naciones Unidas y la sociedad civil a que adopten medidas para superar los obstáculos que se siguen oponiendo al logro de los objetivos establecidos en la Plataforma de Acción de Beijing<sup>9</sup>, como se indica en el párrafo 33 de las nuevas medidas e iniciativas<authorialNote marker="22" placement="bottom" eId="authorialNote_22"><p xml:space="preserve">		Resolución <a href="https://undocs.org/sp/A/RES/S-23/3">S-23/3</a>, anexo.</p></authorialNote>, incluidos el examen de las leyes restantes que son discriminatorias contra las mujeres y las niñas para modificarlas o derogarlas y, cuando proceda, el fortalecimiento de los mecanismos nacionales para poner en práctica políticas y programas inclusivos en favor de las niñas y, en algunos casos, para intensificar la coordinación entre las instituciones que se ocupan de la realización de los derechos humanos de las niñas, entre otras cosas brindando acceso a la justicia, luchando contra la impunidad de los perpetradores y asegurando la imposición de penas apropiadas por los delitos de violencia sexual contra las niñas, y a que movilicen todos los recursos y el apoyo necesarios para alcanzar esos objetivos;</p>
        </content>
      </paragraph>
      <paragraph eId="para_40" class="SingleTxt">
        <num>	15.</num>
        <content eId="para_40__content">
          <p xml:space="preserve">
            <span class="italic">Insta también</span> a los Estados a que garanticen el respeto y la aplicación efectiva de los convenios pertinentes establecidos por la Organización Internacional del Trabajo en relación con el empleo de las niñas y los niños, y que las niñas empleadas tengan acceso en condiciones de igualdad a un trabajo decente y a una remuneración equitativa por un trabajo igual o de igual valor, estén protegidas de la explotación económica y sexual, la discriminación, el acoso sexual, la violencia y el maltrato en el lugar de trabajo, conozcan sus derechos y tengan acceso a la educación académica y no académica, el desarrollo de aptitudes y la formación técnica y profesional, e insta a los Estados a que elaboren medidas que tengan en cuenta las cuestiones de género, como planes de acción nacionales, según proceda, para eliminar las peores formas de trabajo infantil, la explotación sexual con fines comerciales, las modalidades peligrosas de trabajo infantil, la trata y las prácticas análogas a la esclavitud, como el trabajo forzoso y la servidumbre, y el reclutamiento o la utilización de niños en los conflictos armados en contravención del derecho internacional aplicable, y a que reconozcan que las niñas, en especial en los hogares encabezados por niños, enfrentan mayores riesgos a este respecto;</p>
        </content>
      </paragraph>
      <paragraph eId="para_41" class="SingleTxt">
        <num>	16.</num>
        <content eId="para_41__content">
          <p xml:space="preserve">
            <span class="italic">Exhorta </span>a los Estados a que, con el apoyo de los interesados pertinentes, incluidos el sector privado, la sociedad civil, las organizaciones no gubernamentales y las organizaciones comunitarias, según proceda, adopten todas las medidas necesarias para garantizar el derecho de las niñas a disfrutar del más alto nivel posible de salud, incluida la salud sexual y reproductiva, y a que establezcan sistemas de salud sostenibles, fortalezcan los ya existentes para asegurar una atención primaria con una respuesta integrada frente al VIH y los hagan más accesibles para las adolescentes;</p>
        </content>
      </paragraph>
      <paragraph eId="para_42" class="SingleTxt">
        <num>	17.</num>
        <content eId="para_42__content">
          <p xml:space="preserve">
            <span class="italic">Exhorta también</span> a los Estados a que fortalezcan la capacidad de los sistemas de salud nacionales y, a ese respecto, invita a la comunidad internacional a que preste el apoyo a los esfuerzos nacionales que se le solicite, por medios como la asignación de recursos suficientes, a fin de proporcionar los servicios básicos necesarios para prevenir la fístula obstétrica y tratar los casos que se produzcan ofreciendo una gama de servicios que incluya la planificación familiar, la atención prenatal y posnatal, la asistencia cualificada en los partos, la atención obstétrica de emergencia y la atención posparto a las adolescentes, incluidas las que viven en la pobreza y en zonas rurales donde escasean esos servicios y donde son más frecuentes los casos de fístula obstétrica; </p>
        </content>
      </paragraph>
      <paragraph eId="para_43" class="SingleTxt">
        <num>	18.</num>
        <content eId="para_43__content">
          <p xml:space="preserve">
            <span class="italic">Insta </span>a todos los Estados a que promulguen, respeten y hagan cumplir estrictamente leyes y políticas para prevenir y poner fin al matrimonio infantil, precoz y forzado y proteger a quienes estén en peligro de ser objeto de esas prácticas, y a que aseguren que solo se podrá contraer matrimonio con el consentimiento fundado, libre y pleno de los futuros cónyuges, promulguen y hagan cumplir estrictamente leyes relativas a la edad mínima para expresar consentimiento y contraer matrimonio, eleven la edad mínima para contraer matrimonio, impliquen a todos los interesados pertinentes, incluidas las niñas cuando sea necesario, y se aseguren de que se dé amplia difusión a esas leyes, formulen y apliquen políticas, planes de acción y programas holísticos, amplios y coordinados, y presten apoyo a las niñas y las adolescentes ya casadas y proporcionen alternativas viables y apoyo institucional, especialmente oportunidades educativas para las niñas, garanticen la supervivencia, la protección, el desarrollo y el adelanto de las niñas a fin de promover y proteger el disfrute pleno de sus derechos humanos y velen por su igualdad de oportunidades, lo que incluye hacer que esos planes formen parte esencial del proceso global de desarrollo de la niña; </p>
        </content>
      </paragraph>
      <paragraph eId="para_44" class="SingleTxt">
        <num>	19.</num>
        <content eId="para_44__content">
          <p xml:space="preserve">
            <span class="italic">Insta </span>a los Estados a que promulguen, según proceda, y hagan cumplir leyes que protejan, apoyen y empoderen a los niños que viven en los hogares encabezados por niños, en particular cuando el cabeza de familia sea una niña, que incluyan disposiciones que aseguren su bienestar físico, psicosocial y económico, entre otras cosas la protección de sus derechos de propiedad y herencia y su acceso a los servicios de salud, nutrición, agua limpia, en particular agua potable, saneamiento e higiene, vivienda, educación, becas y oportunidades formativas, y que protejan a la familia y la ayuden a permanecer unida, en particular, según proceda, mediante programas de protección social y apoyo económico;</p>
        </content>
      </paragraph>
      <paragraph eId="para_45" class="SingleTxt">
        <num>	20.</num>
        <content eId="para_45__content">
          <p xml:space="preserve">
            <span class="italic">Insta también</span> a los Estados a que entablen alianzas con los interesados pertinentes, especialmente mediante la colaboración y participación de las comunidades para establecer programas y mecanismos con el fin de garantizar la seguridad y protección y el empoderamiento de los niños, especialmente las niñas, y asegurar que reciban el apoyo que necesitan de sus comunidades; </p>
        </content>
      </paragraph>
      <paragraph eId="para_46" class="SingleTxt">
        <num>	21.</num>
        <content eId="para_46__content">
          <p xml:space="preserve">
            <span class="italic">Exhorta </span>a los Estados a que fortalezcan la investigación y la reunión y el análisis de datos sobre la niña, desglosados por estructura familiar, sexo, edad, grado de discapacidad, situación económica, estado civil y ubicación geográfica, y a que mejoren las estadísticas de género sobre el uso del tiempo, el trabajo de cuidados y los servicios de agua y saneamiento de manera que permitan comprender mejor la situación de las niñas, especialmente en relación con las múltiples formas de discriminación a que se enfrentan, y sirvan de base para la formulación de las respuestas normativas y programáticas necesarias, que deben adoptar un enfoque integral y adecuado a la edad para combatir todas las formas de discriminación de que pueden ser objeto las niñas a fin de proteger eficazmente sus derechos;</p>
        </content>
      </paragraph>
      <paragraph eId="para_47" class="SingleTxt">
        <num>	22.</num>
        <content eId="para_47__content">
          <p xml:space="preserve">
            <span class="italic">Insta </span>a los Estados a que tomen todas las medidas necesarias para asegurar que las niñas con discapacidad disfruten plenamente de todos los derechos humanos y libertades fundamentales en igualdad de condiciones con los demás niños, y a que adopten, apliquen y fortalezcan políticas y programas adecuados, concebidos para satisfacer sus necesidades; </p>
        </content>
      </paragraph>
      <paragraph eId="para_48" class="SingleTxt">
        <num>	23.</num>
        <content eId="para_48__content">
          <p xml:space="preserve">
            <span class="italic">Insta </span>a todos los Estados a que promulguen y hagan cumplir leyes que protejan a las niñas contra todas las formas de violencia, discriminación, explotación y prácticas perjudiciales en todos los contextos, incluidos el infanticidio femenino y la selección prenatal del sexo, la mutilación genital femenina, la violación, la violencia doméstica, el incesto, el abuso y la explotación sexuales, la prostitución infantil, la pornografía infantil y material de otro tipo que muestre abusos sexuales de menores, la trata y la migración forzada, el trabajo forzoso y el matrimonio infantil, precoz y forzado, y a que establezcan programas adecuados a la edad, seguros, confidenciales y accesibles para las personas con discapacidad y servicios de apoyo médico, social y psicológico para ayudar a las niñas que son víctimas de violencia y discriminación;</p>
        </content>
      </paragraph>
      <paragraph eId="para_49" class="SingleTxt">
        <num>	24.</num>
        <content eId="para_49__content">
          <p xml:space="preserve">
            <span class="italic">Insta </span>a los Estados a que refuercen e intensifiquen sus esfuerzos para prevenir y eliminar todas las formas de violencia contra las niñas en las escuelas y para que los autores rindan cuentas de sus actos; </p>
        </content>
      </paragraph>
      <paragraph eId="para_50" class="SingleTxt">
        <num>	25.</num>
        <content eId="para_50__content">
          <p xml:space="preserve">
            <span class="italic">Exhorta </span>a todos los Estados a que promulguen y hagan cumplir las medidas legislativas o de otro tipo necesarias para, en cooperación con los interesados pertinentes, incluidos el sector privado y los medios de comunicación, prevenir la distribución por Internet de pornografía infantil y material de otro tipo que muestre abusos sexuales de menores, y garanticen que haya mecanismos adecuados para denunciar la existencia de ese material y retirarlo, y para que quienes lo creen, distribuyan o coleccionen sean enjuiciados, según proceda; </p>
        </content>
      </paragraph>
      <paragraph eId="para_51" class="SingleTxt">
        <num>	26.</num>
        <content eId="para_51__content">
          <p xml:space="preserve">
            <span class="italic">Insta </span>a los Estados a que formulen o, en su caso, revisen planes, programas o estrategias nacionales amplios, multidisciplinarios y coordinados para eliminar todas las formas de discriminación y violencia contra las mujeres y las niñas, a los que deberán asignar recursos especiales y dar amplia difusión y en los que habrán de fijar objetivos y calendarios de aplicación, así como procedimientos nacionales eficaces para hacerlos cumplir mediante mecanismos de supervisión y evaluación en los que intervengan todas las partes interesadas, incluidas consultas con las organizaciones de mujeres, y a que, al hacerlo, tengan en cuenta las recomendaciones relativas a la niña formuladas por las Relatoras Especiales del Consejo de Derechos Humanos sobre la violencia contra la mujer, sus causas y consecuencias, y sobre la trata de personas, especialmente mujeres y niños, así como por la Representante Especial del Secretario General sobre la Violencia contra los Niños;</p>
        </content>
      </paragraph>
      <paragraph eId="para_52" class="SingleTxt">
        <num>	27.</num>
        <content eId="para_52__content">
          <p xml:space="preserve">
            <span class="italic">Insta también </span>a los Estados a que garanticen que los niños que estén en condiciones de formarse un juicio propio tengan el derecho de expresar su opinión libremente en todos los asuntos que los afectan, y que se tengan debidamente en cuenta sus opiniones, en función de su edad y madurez, a que velen por que las niñas disfruten de este derecho plenamente y en pie de igualdad, a que incluyan de manera significativa a las niñas, incluidas las niñas con necesidades especiales, así como las niñas con discapacidad, y las organizaciones que las representan, en los procesos de adopción de decisiones, según proceda, y a que las integren como asociadas plenas en la determinación de sus propias necesidades y la elaboración, planificación, aplicación y evaluación de las políticas y los programas destinados a atender esas necesidades, con miras a asegurar su participación plena y efectiva; </p>
        </content>
      </paragraph>
      <paragraph eId="para_53" class="SingleTxt">
        <num>	28.</num>
        <content eId="para_53__content">
          <p xml:space="preserve">
            <span class="italic">Reconoce </span>que es considerable el número de niñas que son particularmente vulnerables, como las huérfanas, las que viven en la calle, las niñas refugiadas o desplazadas internas, las afectadas por la trata y la explotación sexual y económica, las que viven con el VIH y el sida o se ven afectadas por estos, y las niñas encarceladas o que viven sin el apoyo de sus progenitores, y por consiguiente insta a los Estados a que, con el apoyo de la comunidad internacional, cuando proceda, adopten medidas adecuadas para atender las necesidades de esas niñas aplicando políticas y estrategias nacionales, subregionales y regionales para crear y fortalecer la capacidad de los Gobiernos, las comunidades y las familias de ofrecer a las niñas un entorno propicio, lo que incluye asesoramiento y apoyo psicosocial apropiados, y garantizando su seguridad, escolarización y acceso a una vivienda, una nutrición adecuada y servicios sociales y de salud en igualdad de condiciones con otros niños; </p>
        </content>
      </paragraph>
      <paragraph eId="para_54" class="SingleTxt">
        <num>	29.</num>
        <content eId="para_54__content">
          <p xml:space="preserve">
            <span class="italic">Insta </span>a todos los Estados y a la comunidad internacional a que respeten, promuevan y protejan los derechos de las niñas, teniendo en cuenta la vulnerabilidad particular de las niñas que se encuentran en situaciones de conflicto, anteriores o posteriores a un conflicto y en situaciones causadas por el clima y otros peligros o desastres naturales, así como en otras situaciones de emergencia humanitaria, circunstancias todas ellas que pueden dar lugar a la aparición de hogares encabezados por niños, e insta a los Estados a que adopten medidas especiales para proteger a las niñas en todas las fases de las emergencias en el ámbito humanitario, de las operaciones de socorro a las de recuperación, y en particular a que garanticen que los niños tengan acceso a servicios básicos, como el agua limpia, en particular servicios de agua potable, saneamiento e higiene, a que los protejan de las infecciones de transmisión sexual, incluida la infección por el VIH, la violencia por razón de género, como por ejemplo las violaciones, los abusos y la explotación sexuales, la tortura, el rapto, la trata y el trabajo forzoso, prestando especial atención a las niñas refugiadas y desplazadas, y a que tengan en cuenta las necesidades especiales de las niñas en los procesos de desarme, desmovilización, asistencia para la rehabilitación y reintegración;</p>
        </content>
      </paragraph>
      <paragraph eId="para_55" class="SingleTxt">
        <num>	30.</num>
        <content eId="para_55__content">
          <p xml:space="preserve">
            <span class="italic">Deplora </span>todo acto de explotación y abusos sexuales y de trata de mujeres y niños, en particular en crisis humanitarias y por trabajadores humanitarios y personal de mantenimiento de la paz, incluido el personal militar, civil o de policía que participa en operaciones de las Naciones Unidas, toma nota del pacto voluntario sobre la prevención y la lucha contra la explotación y los abusos sexuales presentado por el Secretario General, acoge con beneplácito los esfuerzos realizados por los organismos y las operaciones de mantenimiento de la paz de las Naciones Unidas para aplicar una política de tolerancia cero a este respecto y solicita al Secretario General o a los Estados Miembros de los que proceden esos trabajadores humanitarios y los países que aportan personal que sigan tomando todas las medidas adecuadas necesarias para combatir los abusos y la explotación de esa índole por parte de ese personal, lo que incluye aplicar plenamente y sin demora las medidas aprobadas en las resoluciones pertinentes de la Asamblea General sobre la base de las recomendaciones del Comité Especial de Operaciones de Mantenimiento de la Paz<authorialNote marker="23" placement="bottom" eId="authorialNote_23"><p xml:space="preserve">		Véase <span class="italic">Documentos Oficiales de la Asamblea General, quincuagésimo noveno período de sesiones, suplemento núm. 19 </span>(<a href="https://undocs.org/sp/A/59/19/Rev.1">A/59/19/Rev.1</a>).</p></authorialNote>;</p>
        </content>
      </paragraph>
      <paragraph eId="para_56" class="SingleTxt">
        <num>	31.</num>
        <content eId="para_56__content">
          <p xml:space="preserve">
            <span class="italic">Exhorta </span>a los Estados Miembros a que formulen, hagan cumplir y fortalezcan medidas efectivas que tengan en cuenta los intereses de los niños y los jóvenes a fin de combatir y eliminar todas las formas de trata de mujeres y niñas, incluidas las que tengan como fin su explotación sexual y económica, y procesar a los responsables, dentro de una estrategia amplia contra la trata en el marco de iniciativas más generales para eliminar todas las formas de violencia contra las mujeres y las niñas, por medios como la adopción de medidas eficaces contra la criminalización de las niñas que son víctimas de la explotación y garantizando que las niñas que han sido explotadas tengan acceso al apoyo psicosocial necesario y, a este respecto, insta a los Estados Miembros, las Naciones Unidas y otras organizaciones internacionales, regionales y subregionales, así como a la sociedad civil, con inclusión de las organizaciones no gubernamentales, el sector privado y los medios de comunicación, a que apliquen plena y efectivamente las disposiciones pertinentes del Plan de Acción Mundial de las Naciones Unidas para Combatir la Trata de Personas<authorialNote marker="24" placement="bottom" eId="authorialNote_24"><p xml:space="preserve">		Resolución <a href="https://undocs.org/sp/A/RES/64/293">64/293</a>.</p></authorialNote> y las actividades que en él se describen, respetando plenamente el Protocolo para Prevenir, Reprimir y Sancionar la Trata de Personas, Especialmente Mujeres y Niños, que complementa la Convención de las Naciones Unidas contra la Delincuencia Organizada Transnacional<authorialNote marker="25" placement="bottom" eId="authorialNote_25"><p xml:space="preserve">		Naciones Unidas, <span class="italic">Treaty Series, </span>vol. 2237, núm. 39574.</p></authorialNote>;</p>
        </content>
      </paragraph>
      <paragraph eId="para_57" class="SingleTxt">
        <num>	32.</num>
        <content eId="para_57__content">
          <p xml:space="preserve">
            <span class="italic">Reafirma </span>que toda persona tiene derecho a una nacionalidad, tal como se establece en la Declaración Universal de Derechos Humanos<authorialNote marker="26" placement="bottom" eId="authorialNote_26"><p xml:space="preserve">		Resolución <a href="https://undocs.org//sp/A/RES/217 (III)">217 A (III)</a>.</p></authorialNote>, y, a ese respecto, exhorta a los Estados que aún no lo hayan hecho a que consideren la posibilidad de aprobar y promulgar leyes nacionales sobre la nacionalidad, de conformidad con las obligaciones que les incumben en virtud del derecho internacional, y faciliten la adquisición de la nacionalidad, así como el registro de los nacimientos de forma gratuita o a bajo costo, para los niños nacidos en sus territorios o para sus nacionales que se encuentren en el extranjero y que, de lo contrario, serían apátridas; </p>
        </content>
      </paragraph>
      <paragraph eId="para_58" class="SingleTxt">
        <num>	33.</num>
        <content eId="para_58__content">
          <p xml:space="preserve">
            <span class="italic">Exhorta </span>a los Gobiernos, a la sociedad civil, incluidos los medios de comunicación, y a las organizaciones no gubernamentales a que fomenten la educación en materia de derechos humanos y el respeto y el disfrute plenos de los derechos humanos de las niñas por medios como la traducción, la producción y la difusión en todos los sectores de la sociedad, y en particular entre los niños, de material informativo sobre esos derechos que sea adecuado a la edad y tenga en cuenta las cuestiones de género;</p>
        </content>
      </paragraph>
      <paragraph eId="para_59" class="SingleTxt">
        <num>	34.</num>
        <content eId="para_59__content">
          <p xml:space="preserve">
            <span class="italic">Solicita </span>al Secretario General que, en su calidad de Presidente de la Junta de los Jefes Ejecutivos del Sistema de las Naciones Unidas para la Coordinación, vele por que todas las organizaciones y los órganos del sistema de las Naciones Unidas, tanto por separado como colectivamente, en particular el Fondo de las Naciones Unidas para la Infancia, la Organización de las Naciones Unidas para la Educación, la Ciencia y la Cultura, el Programa Mundial de Alimentos, el Fondo de Población de las Naciones Unidas, la Entidad de las Naciones Unidas para la Igualdad de Género y el Empoderamiento de las Mujeres (ONU-Mujeres), la Organización Mundial de la Salud, el Programa Conjunto de las Naciones Unidas sobre el VIH/Sida, el Programa de las Naciones Unidas para el Desarrollo, la Oficina del Alto Comisionado de las Naciones Unidas para los Refugiados y la Organización Internacional del Trabajo, tengan en cuenta los derechos y las necesidades particulares de las niñas en sus programas de cooperación con los países, de conformidad con las prioridades nacionales, mediante instrumentos como el Marco de Cooperación de las Naciones Unidas para el Desarrollo Sostenible; </p>
        </content>
      </paragraph>
      <paragraph eId="para_60" class="SingleTxt">
        <num>	35.</num>
        <content eId="para_60__content">
          <p xml:space="preserve">
            <span class="italic">Solicita </span>a todos los órganos creados en virtud de tratados de derechos humanos y los mecanismos del Consejo de Derechos Humanos relativos a los derechos humanos, incluidos los procedimientos especiales, que adopten permanente y sistemáticamente la perspectiva de género en la ejecución de sus mandatos e incluyan en sus informes análisis cualitativos sobre violaciones de los derechos humanos de las mujeres y las niñas, y alienta al fortalecimiento de la cooperación y la coordinación a ese respecto; </p>
        </content>
      </paragraph>
      <paragraph eId="para_61" class="SingleTxt">
        <num>	36.</num>
        <content eId="para_61__content">
          <p xml:space="preserve">
            <span class="italic">Solicita </span>a los Estados que aseguren que en todos los programas y políticas orientados a prestar servicios integrales de prevención, tratamiento, atención y apoyo en materia de VIH y sida se preste especial atención y apoyo a las niñas en situación de riesgo o que viven con el VIH o se ven afectadas por este, como las niñas embarazadas, las madres jóvenes y adolescentes, las niñas con discapacidad y las niñas que son cabeza de familia, con miras a cumplir el Objetivo de Desarrollo Sostenible 3, en particular la meta de poner fin a la epidemia del sida para 2030; </p>
        </content>
      </paragraph>
      <paragraph eId="para_62" class="SingleTxt">
        <num>	37.</num>
        <content eId="para_62__content">
          <p xml:space="preserve">
            <span class="italic">Invita </span>a los Estados a que promuevan iniciativas encaminadas a reducir los precios de los medicamentos antirretrovirales, especialmente de los medicamentos de segunda línea, que pueden utilizar las niñas, por ejemplo, iniciativas bilaterales y del sector privado, así como iniciativas voluntarias emprendidas por grupos de Estados, incluidas las basadas en mecanismos de financiación innovadores que contribuyen a movilizar recursos para el desarrollo social y las encaminadas a proporcionar más acceso a medicamentos a precios asequibles en los países en desarrollo de forma sostenible y previsible, y a ese respecto toma nota del Mecanismo Internacional de Compra de Medicamentos (UNITAID); </p>
        </content>
      </paragraph>
      <paragraph eId="para_63" class="SingleTxt">
        <num>	38.</num>
        <content eId="para_63__content">
          <p xml:space="preserve">
            <span class="italic">Exhorta </span>a todos los Estados a que integren el apoyo en materia de alimentación y nutrición con el objetivo de que los niños, especialmente las niñas, tengan acceso en todo momento a alimentos sanos, nutritivos y suficientes para satisfacer sus necesidades dietéticas y alimentarias, de manera que puedan llevar una vida activa y saludable; </p>
        </content>
      </paragraph>
      <paragraph eId="para_64" class="SingleTxt">
        <num>	39.</num>
        <content eId="para_64__content">
          <p xml:space="preserve">
            <span class="italic">Exhorta </span>a los Estados a que garanticen que se ofrezcan programas de protección social, entre ellos, programas que tengan en cuenta el VIH, a los huérfanos y a otros niños en situación vulnerable, prestando particular atención a atender a las necesidades de las niñas y a los aspectos en los que son vulnerables, velar por que asistan a la escuela y proteger sus derechos; </p>
        </content>
      </paragraph>
      <paragraph eId="para_65" class="SingleTxt">
        <num>	40.</num>
        <content eId="para_65__content">
          <p xml:space="preserve">
            <span class="italic">Insta </span>a los Estados y a la comunidad internacional a que aumenten los recursos en todos los niveles, en particular en los sectores de la educación y la salud, a fin de permitir que los jóvenes, especialmente las niñas, adquieran los conocimientos, actitudes y aptitudes que necesiten para alcanzar su potencial social, económico y de otro tipo y superar las dificultades de la vida cotidiana, incluidas las relativas a la prevención de la infección por el VIH y los embarazos precoces, y disfruten del más alto nivel posible de salud física y mental, incluida la salud sexual y reproductiva; </p>
        </content>
      </paragraph>
      <paragraph eId="para_66" class="SingleTxt">
        <num>	41.</num>
        <content eId="para_66__content">
          <p xml:space="preserve">
            <span class="italic">Insta </span>a los Estados, la comunidad internacional, las entidades pertinentes de las Naciones Unidas, la sociedad civil y las instituciones financieras internacionales a que continúen apoyando de manera activa, mediante la asignación de recursos financieros y asistencia técnica, las iniciativas para abordar la cuestión del derecho y del acceso de las niñas a la educación;</p>
        </content>
      </paragraph>
      <paragraph eId="para_67" class="SingleTxt">
        <num>	42.</num>
        <content eId="para_67__content">
          <p xml:space="preserve">
            <span class="italic">Exhorta enérgicamente</span> a los Estados y a la comunidad internacional a que creen las condiciones propicias para garantizar el bienestar de la niña, entre otras cosas, cooperando, prestando asistencia y participando en las iniciativas mundiales para la implementación plena y puntual de la Agenda 2030 para el Desarrollo Sostenible y la Agenda de Acción de Addis Abeba de la Tercera Conferencia Internacional sobre la Financiación para el Desarrollo<sup>6</sup>, y de todos los demás objetivos de desarrollo convenidos internacionalmente al respecto, en particular la erradicación de la pobreza a nivel mundial, regional y nacional, reconociendo que es necesaria una mayor disponibilidad y una asignación eficaz de los recursos en todos los niveles al respecto, y reafirmando que las inversiones en los niños, en particular las niñas, y la realización de sus derechos se sitúan entre las formas más eficaces de erradicar la pobreza; </p>
        </content>
      </paragraph>
      <paragraph eId="para_68" class="SingleTxt">
        <num>	43.</num>
        <content eId="para_68__content">
          <p xml:space="preserve">
            <span class="italic">Solicita </span>al Secretario General que en su septuagésimo sexto período de sesiones le presente un informe sobre la aplicación de la presente resolución, en el que se haga un análisis de la situación sobre las mejoras en las inversiones sociales, económicas y políticas efectuadas por los Estados Miembros para lograr el empoderamiento de las niñas en las zonas rurales, y que esté basado en la información proporcionada por los Estados Miembros, las organizaciones y los órganos del sistema de las Naciones Unidas y las organizaciones no gubernamentales, a fin de evaluar las repercusiones de la presente resolución en el bienestar de la niña.</p>
        </content>
      </paragraph>
    </mainBody>
    <conclusions eId="conclusions">
      <p>
        <inline name="adoptionMeeting" title="50a">50a sesión plenaria</inline>
        <eol />
        <docDate date="2019-12-18" refersTo="#adoptionDate">18 de diciembre de 2019</docDate>
      </p>
    </conclusions>
  </statement>
</akomaNtoso>