<akomaNtoso xmlns:xsi="http://www.w3.org/2001/XMLSchema-instance" xsi:schemaLocation="http://docs.oasis-open.org/legaldocml/ns/akn/3.0 http://docs.oasis-open.org/legaldocml/akn-core/v1.0/os/part2-specs/schemas/akomantoso30.xsd" xmlns="http://docs.oasis-open.org/legaldocml/ns/akn/3.0" xmlns:html="http://www.w3.org/1999/xhtml" xmlns:akn4un="http://un.org/akn4un">
  <statement name="resolution">
    <meta>
      <identification source="#DGACM">
        <FRBRWork>
          <FRBRthis value="/akn/un/statement/deliberation/unga/2019-12-18/74-176/!main/"></FRBRthis>
          <FRBRuri value="/akn/un/statement/deliberation/unga/2019-12-18/74-176/"></FRBRuri>
          <FRBRdate date="2019-12-18" name="adoption"></FRBRdate>
          <FRBRauthor href="ga" as="author"></FRBRauthor>
          <FRBRcountry value="un"></FRBRcountry>
        </FRBRWork>
        <FRBRExpression>
          <FRBRthis value="/akn/un/statement/deliberation/unga/2019-12-18/74-176/spa@!main/"></FRBRthis>
          <FRBRuri value="/akn/un/statement/deliberation/unga/2019-12-18/74-176/spa@/"></FRBRuri>
          <FRBRdate date="2020-01-23" name="publication"></FRBRdate>
          <FRBRauthor href="ga" as="issuer"></FRBRauthor>
          <FRBRlanguage language="spa"></FRBRlanguage>
        </FRBRExpression>
        <FRBRManifestation>
          <FRBRthis value="/akn/un/statement/deliberation/unga/2019-12-18/74-176/spa@/!main.xml"></FRBRthis>
          <FRBRuri value="/akn/un/statement/deliberation/unga/2019-12-18/74-176/spa@.xml"></FRBRuri>
          <FRBRdate date="2020-08-17" name="markup"></FRBRdate>
          <FRBRauthor href="DGACM" as="editor"></FRBRauthor>
        </FRBRManifestation>
      </identification>
      <classification source="http://metadata.un.org/sdg">
        <keyword value="3" href="http://metadata.un.org/sdg/3" showAs="sdg_3" dictionary="SDGO"></keyword>
        <keyword value="public_health" href="http://eurovoc.europa.eu/3885" showAs="public_health" dictionary="EuroVoc"></keyword>
        <keyword value="health" href="http://metadata.un.org/thesaurus/1002824" showAs="health" dictionary="UNBIS Thesaurus"></keyword>
      </classification>
      <classification source="http://metadata.un.org/sdg">
        <keyword value="5" href="http://metadata.un.org/sdg/5" showAs="sdg_5" dictionary="SDGO"></keyword>
        <keyword value="gender_equality" href="http://eurovoc.europa.eu/3913" showAs="gender_equality" dictionary="EuroVoc"></keyword>
        <keyword value="participation_of_women" href="http://eurovoc.europa.eu/2265" showAs="participation_of_women" dictionary="EuroVoc"></keyword>
        <keyword value="women&amp;#39;s_rights" href="http://eurovoc.europa.eu/585" showAs="women&amp;#39;s_rights" dictionary="EuroVoc"></keyword>
        <keyword value="position_of_women" href="http://eurovoc.europa.eu/81" showAs="position_of_women" dictionary="EuroVoc"></keyword>
        <keyword value="women" href="http://metadata.un.org/thesaurus/1007029" showAs="women" dictionary="UNBIS Thesaurus"></keyword>
        <keyword value="gender_equality" href="http://metadata.un.org/thesaurus/1002612" showAs="gender_equality" dictionary="UNBIS Thesaurus"></keyword>
        <keyword value="girls" href="http://metadata.un.org/thesaurus/1002684" showAs="girls" dictionary="UNBIS Thesaurus"></keyword>
      </classification>
      <classification source="http://metadata.un.org/sdg">
        <keyword value="16" href="http://metadata.un.org/sdg/16" showAs="sdg_16" dictionary="SDGO"></keyword>
        <keyword value="right_to_justice" href="http://eurovoc.europa.eu/516" showAs="right_to_justice" dictionary="EuroVoc"></keyword>
        <keyword value="sustainable_development" href="http://eurovoc.europa.eu/5585" showAs="sustainable_development" dictionary="EuroVoc"></keyword>
        <keyword value="civil_society" href="http://metadata.un.org/thesaurus/1001012" showAs="civil_society" dictionary="UNBIS Thesaurus"></keyword>
        <keyword value="justice" href="http://metadata.un.org/thesaurus/1003500" showAs="justice" dictionary="UNBIS Thesaurus"></keyword>
        <keyword value="peaceful_coexistence" href="http://metadata.un.org/thesaurus/1004777" showAs="peaceful_coexistence" dictionary="UNBIS Thesaurus"></keyword>
        <keyword value="public_institutions" href="http://metadata.un.org/thesaurus/1005254" showAs="public_institutions" dictionary="UNBIS Thesaurus"></keyword>
        <keyword value="social_justice" href="http://metadata.un.org/thesaurus/1005970" showAs="social_justice" dictionary="UNBIS Thesaurus"></keyword>
        <keyword value="sustainable_development" href="http://metadata.un.org/thesaurus/1006319" showAs="sustainable_development" dictionary="UNBIS Thesaurus"></keyword>
      </classification>
      <classification source="http://metadata.un.org/sdg">
        <keyword value="17" href="http://metadata.un.org/sdg/17" showAs="sdg_17" dictionary="SDGO"></keyword>
        <keyword value="sustainable_development" href="http://eurovoc.europa.eu/5585" showAs="sustainable_development" dictionary="EuroVoc"></keyword>
        <keyword value="partnership" href="http://eurovoc.europa.eu/4199" showAs="partnership" dictionary="EuroVoc"></keyword>
        <keyword value="sustainable_development" href="http://metadata.un.org/thesaurus/1006319" showAs="sustainable_development" dictionary="UNBIS Thesaurus"></keyword>
        <keyword value="partnership" href="http://metadata.un.org/thesaurus/1004748" showAs="partnership" dictionary="UNBIS Thesaurus"></keyword>
      </classification>
      <workflow source="#un">
        <step date="2019-11-07" outcome="draftResolution" as="A/C.3/74/L.10/Rev.1" by="Azerbaijan, Bangladesh, Belarus, China, Côte d’Ivoire, Dominican Republic, Ecuador, Kazakhstan, Kyrgyzstan, Pakistan, Russian Federation, Tajikistan, Venezuela (Bolivarian Republic of), Zambia and Zimbabwe" />
        <step date="0001-01-01" outcome="draftResolutionAdditionalSponsors" by="Algeria, Argentina, Armenia , Australia, Austria, Bahamas, Belgium, Bolivia (Plurinational State of), Bulgaria, Cabo Verde, Canada, Central African Republic, Chad, Costa Rica, Cyprus, Democratic People's Republic of Korea, Egypt, El Salvador, Equatorial Guinea, Eritrea, France, Georgia, Germany, Ghana, Greece, Guatemala, Haiti, Ireland, Israel, Italy, Jamaica, Japan, Kenya, Latvia, Liberia, Libya, Liechtenstein, Lithuania, Luxembourg, Malta, Morocco, Myanmar, Nicaragua, Nigeria, Papua New Guinea, Philippines, Poland, Portugal, Qatar, Republic of Moldova, Serbia, Seychelles, Slovakia, Spain, Sri Lanka, Sudan, Thailand, Togo, Tunisia, Turkey, Turkmenistan, United States, Uruguay, Uzbekistan and Viet Nam" />
        <step date="0001-01-01" outcome="recommendedForAdoption" as="A/74/400, as orally revised" by="" refersTo="29" />
        <step date="2019-12-18" outcome="adopted" as="A/74/PV.50" by="" />
      </workflow>
      <analysis source="#un">
        <parliamentary>
          <voting outcome="adoptedWithoutVote">
            <quorum value=""></quorum>
          </voting>
        </parliamentary>
      </analysis>
      <references source="#DGACM">
        <TLCOrganization eId="source" href="/akn/ontology/organization/un/DGACM" showAs="DGACM"></TLCOrganization>
        <TLCConcept eId="dateOfIssuance" href="/akn/ontology/concept/un/dateOfIssuance" showAs="Date of issuance"></TLCConcept>
        <TLCConcept eId="dateOfAdoption" href="/akn/ontology/concept/un/dateOfAdoption" showAs="Date of adoption"></TLCConcept>
        <TLCConcept eId="symbol" href="/akn/ontology/reference/un/symbol" showAs="Symbol"></TLCConcept>
        <TLCRole eId="publisher" href="/akn/ontology/role/un/publisher" showAs="Publisher"></TLCRole>
        <TLCRole eId="issuingBody" href="/akn/role/concept/un/issuingBody" showAs="Issuing body"></TLCRole>
        <TLCRole eId="author" href="/akn/ontology/role/un/author" showAs="Author"></TLCRole>
        <TLCRole eId="editor" href="/akn/ontology/role/un/editor" showAs="Editor"></TLCRole>
        <TLCRole eId="distribution" href="/akn/ontology/concept/un/generalDistribution" showAs="General distribution"></TLCRole>
        <TLCOrganization eId="ga" href="/akn/ontology/organization/un/generalAssembly" showAs="General Assembly"></TLCOrganization>
        <TLCTerm eId="resolutionTitle" href="/akn/ontology/reference/un/resolutionTitle" showAs="Resolution title"></TLCTerm>
        <TLCTerm eId="thirdCommittee" href="#thirdCommittee" showAs="Tercera Comisión"></TLCTerm>
        <TLCTerm eId="memberState" href="/akn/ontology/organization/un/memberState" showAs="Member State"></TLCTerm>
        <TLCTerm eId="inFavour" href="/akn/ontology/concept/un/voting/inFavour" showAs="In favour"></TLCTerm>
        <TLCTerm eId="against" href="/akn/ontology/concept/un/voting/against" showAs="Against"></TLCTerm>
        <TLCTerm eId="abstaining" href="/akn/ontology/concept/un/voting/abstaining" showAs="Abstaining"></TLCTerm>
      </references>
      <presentation source="#un">
        <akn4un:footerFirstPage>
          <akn4un:footerFirstPageLeft>
            <akn4un:internalCode>
              <docketNumber refersTo="#publicationJobNumber">19-22333 (S)</docketNumber>
              <img alt="bar code" class="barCode" src=""></img>
            </akn4un:internalCode>
          </akn4un:footerFirstPageLeft>
          <akn4un:footerFirstPageRight>
            <img alt="Please recycle" class="image" src="./recylcleLogo.jpg"></img>
            <img alt="embedded QR code" class="qrCode" src=""></img>
          </akn4un:footerFirstPageRight>
        </akn4un:footerFirstPage>
      </presentation>
    </meta>
    <coverPage eId="coverPage_1">
      <p>
        <span refersTo="#publisher" class="upperLeft">
          <docAuthority refersTo="#publisher">Naciones Unidas</docAuthority>
        </span>
      </p>
      <p class="upperRight">
        <docNumber refersTo="#symbol">A/RES/74/176</docNumber>
      </p>
      <p class="upperLeft">
        <img src="logo-un.jpg"></img>
        <docAuthority refersTo="#issuingBody" class="rightBig">Asamblea General</docAuthority>
      </p>
      <p>
        <docStatus refersTo="#generalDistribution" class="rightSmall">Distr. general</docStatus>
      </p>
      <p>
        <docDate date="2020-01-23" class="rightSmall" refersTo="#dateOfIssuance">23 de enero de 2020</docDate>
      </p>
      <p>
        <session refersTo="#generalAssembly" value="74" eId="coverPage_1__session_1">Septuagésimo cuarto período de sesiones</session>
      </p>
      <p>
        <inline name="agenda item">Tema 106 del programa</inline>
      </p>
      <p>
        <inline name="agenda item name">Prevención del delito y justicia penal</inline>
      </p>
      <p>
        <docTitle>Resolución aprobada por la Asamblea General el 18 de diciembre de 2019</docTitle>
      </p>
      <p xml:space="preserve">
        <docProponent refersTo="#thirdCommittee">[sobre la base del informe de la Tercera Comisión (<inline name="originating document">A/74/400</inline>)]</docProponent>
      </p>
    </coverPage>
    <preface>
      <p>
        <docNumber>74/176.</docNumber>
        <docTitle refersTo="#resolutionTitle">Medidas para mejorar la coordinación de la lucha contra la trata de personas</docTitle>
      </p>
    </preface>
    <preamble>
      <formula name="enactingFormula" eId="formula_1">
        <p xml:space="preserve">
          <span class="italic">La Asamblea General</span>,</p>
      </formula>
      <container name="Reiterando su enérgica condena" eId="container_2">
        <p xml:space="preserve">
          <span class="italic">Reiterando su enérgica condena</span> de la trata de personas, especialmente mujeres y niños, que constituye un delito y una grave amenaza para la dignidad y la integridad física de las personas, los derechos humanos y el desarrollo sostenible, </p>
      </container>
      <container name="Reiterando su preocupación" eId="container_3">
        <p xml:space="preserve">
          <span class="italic">Reiterando su preocupación</span> por el hecho de que, a pesar de las medidas sostenidas que se han adoptado en los planos internacional, regional y nacional, la trata de personas sigue siendo uno de los problemas graves que afronta la comunidad internacional, que también menoscaba el goce de los derechos humanos y requiere una respuesta internacional colectiva y global más concertada, </p>
      </container>
      <container name="Teniendo presente" eId="container_4">
        <p xml:space="preserve">
          <span class="italic">Teniendo presente</span> que todos los Estados tienen la obligación de actuar con la debida diligencia para prevenir e investigar la trata de personas y castigar a los responsables, así como de proteger y asistir a las víctimas, y que toda omisión a este respecto constituye una violación de los derechos humanos y las libertades fundamentales de las víctimas y menoscaba o anula su disfrute, </p>
      </container>
      <container name="Recordando" eId="container_5">
        <p xml:space="preserve">
          <span class="italic">Recordando</span> la aprobación por la Asamblea General de la Agenda 2030 para el Desarrollo Sostenible<authorialNote marker="1" placement="bottom" eId="authorialNote_1"><p xml:space="preserve">	 	Resolución <a href="https://undocs.org/sp/A/RES/70/1">70/1</a>.</p></authorialNote>, y recordando también las metas de los Objetivos de Desarrollo Sostenible relativas a la eliminación de todas las formas de violencia contra las mujeres y las niñas en los ámbitos público y privado, incluidas la trata y la explotación sexual y otros tipos de explotación<authorialNote marker="2" placement="bottom" eId="authorialNote_2"><p xml:space="preserve">	 	Meta 5.2.</p></authorialNote>, a la adopción de medidas inmediatas y eficaces para erradicar el trabajo forzoso, poner fin a las formas contemporáneas de esclavitud y la trata de personas y asegurar la prohibición y eliminación de las peores formas de trabajo infantil, incluidos el reclutamiento y la utilización de niños soldados, y, de aquí a 2025, poner fin al trabajo infantil en todas sus formas<authorialNote marker="3" placement="bottom" eId="authorialNote_3"><p xml:space="preserve">	 	Meta 8.7.</p></authorialNote>, y a poner fin al maltrato, la explotación, la trata y todas las formas de violencia y tortura contra los niños<authorialNote marker="4" placement="bottom" eId="authorialNote_4"><p xml:space="preserve">	 	Meta 16.2.</p></authorialNote>, </p>
      </container>
      <container name="Recordando también" eId="container_6">
        <p xml:space="preserve">
          <span class="italic">Recordando también</span> la Convención de las Naciones Unidas contra la Delincuencia Organizada Transnacional<authorialNote marker="5" placement="bottom" eId="authorialNote_5"><p xml:space="preserve">	 	Naciones Unidas, <span class="italic">Treaty Series</span>, vol. 2225, núm. 39574.</p></authorialNote>, así como el Protocolo para Prevenir, Reprimir y Sancionar la Trata de Personas, Especialmente Mujeres y Niños<authorialNote marker="6" placement="bottom" eId="authorialNote_6"><p xml:space="preserve"><span class="italic">Ibid</span>., vol. 2237, núm. 39574.</p></authorialNote>, que la complementa y contiene la definición del delito de trata de personas, el Protocolo Facultativo de la Convención sobre los Derechos del Niño Relativo a la Venta de Niños, la Prostitución Infantil y la Utilización de Niños en la Pornografía<authorialNote marker="7" placement="bottom" eId="authorialNote_7"><p xml:space="preserve"><span class="italic">Ibid</span>., vol. 2171, núm. 27531.</p></authorialNote> y la Convención Suplementaria sobre la Abolición de la Esclavitud, la Trata de Esclavos y las Instituciones y Prácticas Análogas a la Esclavitud<authorialNote marker="8" placement="bottom" eId="authorialNote_8"><p xml:space="preserve"><span class="italic">Ibid</span>., vol. 266, núm. 3822.</p></authorialNote>, </p>
      </container>
      <container name="Tomando nota" eId="container_7">
        <p xml:space="preserve">
          <span class="italic">Tomando nota</span> de la aprobación del Protocolo de 2014 relativo al Convenio sobre el Trabajo Forzoso, 1930 (Núm. 29) de la Organización Internacional del Trabajo, en que se reconoce que la trata de personas con fines de trabajo forzoso u obligatorio suscita una creciente preocupación internacional, </p>
      </container>
      <container name="Recordando" eId="container_8">
        <p xml:space="preserve">
          <span class="italic">Recordando</span> la aprobación en su resolución <a href="https://undocs.org/sp/A/RES/64/293">64/293</a>, de 30 de julio de 2010, del Plan de Acción Mundial de las Naciones Unidas para Combatir la Trata de Personas, y subrayando la importancia de su plena aplicación, </p>
      </container>
      <container name="Reafirmando" eId="container_9">
        <p xml:space="preserve">
          <span class="italic">Reafirmando</span> que el Plan de Acción Mundial se elaboró para: </p>
      </container>
      <blockList eId="list_1">
        <item eId="list_1__item_10">
          <num>a)</num>
          <p> Promover la ratificación universal de la Convención de las Naciones Unidas contra la Delincuencia Organizada Transnacional y el Protocolo para Prevenir, Reprimir y Sancionar la Trata de Personas, Especialmente Mujeres y Niños, así como otros instrumentos internacionales pertinentes relativos a la trata de personas, y reforzar la aplicación de los instrumentos existentes contra la trata de personas, </p>
        </item>
        <item eId="list_1__item_11">
          <num>b)</num>
          <p> Ayudar a los Estados Miembros a reforzar sus compromisos políticos y sus obligaciones jurídicas en lo que respecta a prevenir y combatir la trata de personas, </p>
        </item>
        <item eId="list_1__item_12">
          <num>c)</num>
          <p> Promover respuestas amplias, coordinadas y sistemáticas en los planos nacional, regional e internacional para hacer frente a la trata de personas,</p>
        </item>
        <item eId="list_1__item_13">
          <num>d)</num>
          <p> Promover un enfoque basado en los derechos humanos que tenga en cuenta el género y la edad al hacer frente a todos los factores que contribuyen a que las personas sean vulnerables a la trata y fortalecer la respuesta de la justicia penal, lo cual es necesario para prevenir la trata de personas, proteger a las víctimas y procesar a los autores, </p>
        </item>
        <item eId="list_1__item_14">
          <num>e)</num>
          <p> Crear mayor conciencia en el sistema de las Naciones Unidas y también entre los Estados y demás interesados, como el sector privado, la sociedad civil y los medios de comunicación internacionales y nacionales, así como el público en general, </p>
        </item>
        <item eId="list_1__item_15">
          <num>f)</num>
          <p> Promover la cooperación y la coordinación entre todos los interesados pertinentes, incluidos los Estados Miembros, las organizaciones internacionales, las organizaciones de la sociedad civil y el sector privado, así como en las diversas entidades del sistema de las Naciones Unidas, teniendo en cuenta las mejores prácticas existentes y las enseñanzas obtenidas, </p>
        </item>
      </blockList>
      <container name="Recordando" eId="container_16">
        <p xml:space="preserve">
          <span class="italic">Recordando</span> sus resoluciones <a href="https://undocs.org/sp/A/RES/61/180">61/180</a>, de 20 de diciembre de 2006, <a href="https://undocs.org/sp/A/RES/64/178">64/178</a>, de 18 de diciembre de 2009, <a href="https://undocs.org/sp/A/RES/67/190">67/190</a>, de 20 de diciembre de 2012, <a href="https://undocs.org/sp/A/RES/68/192">68/192</a>, de 18 de diciembre de 2013, <a href="https://undocs.org/sp/A/RES/70/179">70/179</a>, de 17 de diciembre de 2015, y <a href="https://undocs.org/sp/A/RES/72/195">72/195</a>, de 19 de diciembre de 2017, relativas a las medidas para mejorar la coordinación de la lucha contra la trata de personas y sus demás resoluciones pertinentes sobre la trata de personas<authorialNote marker="9" placement="bottom" eId="authorialNote_9"><p xml:space="preserve">	 	Resoluciones <a href="https://undocs.org/sp/A/RES/55/67">55/67</a>, <a href="https://undocs.org/sp/A/RES/58/137">58/137</a>, <a href="https://undocs.org/sp/A/RES/59/166">59/166</a>, <a href="https://undocs.org/sp/A/RES/61/144">61/144</a>, <a href="https://undocs.org/sp/A/RES/63/156">63/156</a> y <a href="https://undocs.org/sp/A/RES/63/194">63/194</a>.</p></authorialNote>, </p>
      </container>
      <container name="Recordando también" eId="container_17">
        <p xml:space="preserve">
          <span class="italic">	Recordando también</span> sus resoluciones <a href="https://undocs.org/sp/A/RES/71/322">71/322</a>, de 8 de septiembre de 2017, y <a href="https://undocs.org/sp/A/RES/73/189">73/189</a>, de 17 de diciembre de 2018, tituladas “Fortalecimiento y promoción de medidas eficaces y de la cooperación internacional en materia de donación y trasplante de órganos para prevenir y combatir la trata de personas con fines de extracción de órganos y el tráfico de órganos humanos”,</p>
      </container>
      <container name="Recordando además" eId="container_18">
        <p xml:space="preserve">
          <span class="italic">Recordando además</span> la resolución <a href="https://undocs.org/sp/E/RES/2017/18">2017/18</a> del Consejo Económico y Social, de 6 de julio de 2017, relativa a la aplicación del Plan de Acción Mundial y las resoluciones anteriores del Consejo sobre la trata de personas, </p>
      </container>
      <container name="Recordando" eId="container_19">
        <p xml:space="preserve">
          <span class="italic">Recordando</span> la resolución <a href="https://undocs.org/sp/A/HRC/RES/32/3">32/3</a> del Consejo de Derechos Humanos, de 30 de junio de 2016, titulada “Trata de personas, especialmente mujeres y niños: protección de las víctimas de la trata de personas y las personas en riesgo de ser objeto de trata, especialmente las mujeres y los niños, en situaciones de conflicto y posteriores a conflictos”<authorialNote marker="10" placement="bottom" eId="authorialNote_10"><p xml:space="preserve">	 	Véase <span class="italic">Documentos Oficiales de la Asamblea General, septuagésimo primer período de sesiones, suplemento núm. 53</span> (<a href="https://undocs.org/sp/A/71/53">A/71/53</a>), cap. V, secc. A.</p></authorialNote>, y otras resoluciones pertinentes del Consejo relativas a la trata de personas, </p>
      </container>
      <container name="Recordando también" eId="container_20">
        <p xml:space="preserve">
          <span class="italic">	Recordando también</span> la resolución 27/2 de la Comisión de Prevención del Delito y Justicia Penal, de 18 de mayo de 2018, titulada “Prevenir y combatir la trata de personas facilitada por el uso delictivo de las tecnologías de la información y las comunicaciones”<authorialNote marker="11" placement="bottom" eId="authorialNote_11"><p xml:space="preserve">	 	Véase <span class="italic">Documentos Oficiales del Consejo Económico y Social, 2018, suplemento núm. 10</span> (<a href="https://undocs.org/sp/E/2018/30">E/2018/30</a>), cap. I, secc. C.</p></authorialNote> y las demás resoluciones de la Comisión relativas a la trata de personas,</p>
      </container>
      <container name="Acogiendo con beneplácito" eId="container_21">
        <p xml:space="preserve">
          <span class="italic">Acogiendo con beneplácito</span> la aprobación de la declaración política sobre la aplicación del Plan de Acción Mundial de las Naciones Unidas para Combatir la Trata de Personas en la reunión de alto nivel de la Asamblea General, celebrada los días 27 y 28 de septiembre de 2017 en la Sede de las Naciones Unidas en Nueva York<authorialNote marker="12" placement="bottom" eId="authorialNote_12"><p xml:space="preserve">	 	Resolución <a href="https://undocs.org/sp/A/RES/72/1">72/1</a>.</p></authorialNote>, y aguardando con interés la próxima reunión de alto nivel de la Asamblea General para examinar la aplicación del Plan de Acción Mundial, que se celebrará en 2021, como se prevé en la Declaración política,</p>
      </container>
      <container name="Tomando nota" eId="container_22">
        <p xml:space="preserve">
          <span class="italic">Tomando nota</span> de la referencia a prevenir y combatir la trata de personas y al enfoque orientado a las víctimas en el contexto de la lucha contra la trata de personas que figura en la Declaración de Doha sobre la Integración de la Prevención del Delito y la Justicia Penal en el Marco Más Amplio del Programa de las Naciones Unidas para Abordar los Problemas Sociales y Económicos y Promover el Estado de Derecho a Nivel Nacional e Internacional y la Participación Pública aprobada en el 13º Congreso de las Naciones Unidas sobre Prevención del Delito y Justicia Penal, celebrado en Doha del 12 al 19 de abril de 2015<authorialNote marker="13" placement="bottom" eId="authorialNote_13"><p xml:space="preserve">	 	Resolución <a href="https://undocs.org/sp/A/RES/70/174">70/174</a>, anexo.</p></authorialNote>, </p>
      </container>
      <container name="Recordando" eId="container_23">
        <p xml:space="preserve">
          <span class="italic">Recordando</span> la Declaración de Nueva York para los Refugiados y los Migrantes aprobada en su reunión plenaria de alto nivel sobre la respuesta a los grandes desplazamientos de refugiados y migrantes, celebrada el 19 de septiembre de 2016 en la Sede de las Naciones Unidas en Nueva York<authorialNote marker="14" placement="bottom" eId="authorialNote_14"><p xml:space="preserve">	 	Resolución <a href="https://undocs.org/sp/A/RES/71/1">71/1</a>.</p></authorialNote>, en la cual los Estados declararon que, respetando plenamente las obligaciones que les impone el derecho internacional, combatirían enérgicamente la trata de personas y el tráfico ilícito de migrantes con miras a su eliminación, incluso adoptando medidas selectivas encaminadas a identificar a las víctimas de la trata de personas o las personas que corran el riesgo de serlo, prestarían apoyo a sus víctimas y trabajarían para prevenir la trata de personas entre los desplazados, </p>
      </container>
      <container name="Reconociendo" eId="container_24">
        <p xml:space="preserve">
          <span class="italic">Reconociendo</span> la importante función que desempeña en el fomento de la coordinación y la cooperación en la lucha mundial contra la trata de personas el Grupo Interinstitucional de Coordinación contra la Trata de Personas, en el marco de los respectivos mandatos de sus miembros y asociados<authorialNote marker="15" placement="bottom" eId="authorialNote_15"><p xml:space="preserve">		La Oficina de las Naciones Unidas contra la Droga y el Delito, la Organización de Aviación Civil Internacional, la Organización Internacional de Policía Criminal (INTERPOL), la Organización Internacional del Trabajo, la Organización Internacional para las Migraciones, el Programa Conjunto de las Naciones Unidas sobre el VIH/SIDA, la Oficina del Alto Comisionado de las Naciones Unidas para los Derechos Humanos, la Oficina del Alto Comisionado de las Naciones Unidas para los Refugiados, el Fondo de las Naciones Unidas para la Infancia, el Programa de las Naciones Unidas para el Desarrollo, la Organización de las Naciones Unidas para la Educación, la Ciencia y la Cultura, la Entidad de las Naciones Unidas para la Igualdad de Género y el Empoderamiento de las Mujeres (ONU-Mujeres), el Instituto Interregional de las Naciones Unidas para Investigaciones sobre la Delincuencia y la Justicia, el Fondo de Población de las Naciones Unidas, el Banco Mundial, el Departamento de Operaciones de Paz de la Secretaría, el Departamento de Asuntos Políticos y de Consolidación de la Paz de la Secretaría, la Dirección Ejecutiva del Comité contra el Terrorismo, el Centro Internacional de Formulación de Políticas Migratorias, la Oficina del Representante Especial del Secretario General sobre la Violencia Sexual en los Conflictos, la Oficina sobre la Prevención del Genocidio y la Responsabilidad de Proteger y la Organización para la Seguridad y la Cooperación en Europa, así como la Relatora Especial del Consejo de Derechos Humanos sobre la trata de personas, especialmente mujeres y niños, y el Consejo de Europa en calidad de asociados del Grupo Interinstitucional de Coordinación.</p></authorialNote>, </p>
      </container>
      <container name="Reconociendo también" eId="container_25">
        <p xml:space="preserve">
          <span class="italic">Reconociendo también</span> que el Grupo Interinstitucional de Coordinación, en el marco de su mandato, contribuye a la aplicación del Plan de Acción Mundial, tomando nota con aprecio de las actividades de la Oficina de las Naciones Unidas contra la Droga y el Delito en su calidad de coordinadora del Grupo de Coordinación, así como las de los miembros del Grupo, que actúan en forma rotatoria como Presidente del grupo de trabajo del Grupo de Coordinación, y alentando una mayor participación de todos los miembros del Grupo de Coordinación, </p>
      </container>
      <container name="Tomando nota con aprecio" eId="container_26">
        <p xml:space="preserve">
          <span class="italic">	Tomando nota con aprecio</span> de la labor de los copresidentes del Grupo Interinstitucional de Coordinación en 2019, la Entidad de las Naciones Unidas para la Igualdad de Género y el Empoderamiento de las Mujeres (ONU-Mujeres) y la Organización para la Seguridad y la Cooperación en Europa, incluida la celebración de la primera reunión informativa consultiva fuera del sistema de las Naciones Unidas en el foro de la Alianza contra la Trata de Personas,</p>
      </container>
      <container name="Tomando nota con aprecio también" eId="container_27">
        <p xml:space="preserve">
          <span class="italic">	Tomando nota con aprecio también</span> de que el Grupo Interinstitucional de Coordinación tuvo como enfoque temático en 2018 la trata de niños y que en 2019 tendrá como enfoque temático la trata de personas y la tecnología, así como las medidas para prevenir la trata de personas en la contratación pública y en la adquisición de bienes y servicios por las Naciones Unidas,</p>
      </container>
      <container name="Recordando" eId="container_28">
        <p xml:space="preserve">
          <span class="italic">Recordando</span> que el Grupo Interinstitucional de Coordinación se creó con el fin de promover la cooperación entre los organismos pertinentes de las Naciones Unidas y otras organizaciones internacionales que combaten la trata de personas en países de todo el mundo, utilizando, en la medida de lo posible, mecanismos que ya existían en los planos regional y nacional, y para compartir información, experiencias y buenas prácticas en lo relativo a las actividades de las entidades asociadas para contrarrestar la trata de personas con los Gobiernos, las organizaciones internacionales y regionales y otros órganos pertinentes, </p>
      </container>
      <container name="Poniendo de relieve" eId="container_29">
        <p xml:space="preserve">
          <span class="italic">Poniendo de relieve</span> el papel fundamental de la labor de la Oficina de las Naciones Unidas contra la Droga y el Delito en la lucha mundial contra la trata de personas, sobre todo a la hora de prestar asistencia técnica a los Estados Miembros que la soliciten para aplicar la Convención de las Naciones Unidas contra la Delincuencia Organizada Transnacional y el Protocolo para Prevenir, Reprimir y Sancionar la Trata de Personas, Especialmente Mujeres y Niños, aprovechando los instrumentos existentes para el desarrollo de la capacidad, la experiencia adquirida de los Estados Miembros y los servicios de expertos disponibles en otras organizaciones internacionales, </p>
      </container>
      <container name="Reconociendo" eId="container_30">
        <p xml:space="preserve">
          <span class="italic">Reconociendo</span> la necesidad de seguir forjando una alianza mundial entre todos los interesados contra la trata de personas y de seguir avanzando hacia un enfoque más amplio y coordinado para prevenir y combatir la trata de personas y para proteger y prestar asistencia a las víctimas de la trata de personas mediante los mecanismos nacionales, regionales e internacionales apropiados, </p>
      </container>
      <container name="Reconociendo también" eId="container_31">
        <p xml:space="preserve">
          <span class="italic">Reconociendo también</span> la importancia de los mecanismos e iniciativas de cooperación bilateral, subregional, regional e internacional, incluido el intercambio de información sobre mejores prácticas, establecidos por los Gobiernos y las organizaciones intergubernamentales y no gubernamentales para hacer frente al problema de la trata de personas, especialmente mujeres y niños, </p>
      </container>
      <container name="Tomando nota con aprecio" eId="container_32">
        <p xml:space="preserve">
          <span class="italic">	Tomando nota con aprecio</span> de las diversas iniciativas de los Estados Miembros, promovidas en las Naciones Unidas para contribuir a la lucha mundial contra la trata de personas<authorialNote marker="16" placement="bottom" eId="authorialNote_16"><p xml:space="preserve">	 	Entre ellas cabe mencionar la Alianza 8.7; Finance Against Slavery and Trafficking; el llamamiento a la acción para poner fin al trabajo forzoso, las formas contemporáneas de esclavitud y la trata de personas; los principios para orientar la acción de los Gobiernos en la lucha contra la trata de personas en las cadenas mundiales de suministro; y el Proceso de Bali sobre el Tráfico Ilícito de Migrantes, la Trata de Personas y los Delitos Transnacionales Conexos.</p></authorialNote>,</p>
      </container>
      <container name="Recordando" eId="container_33">
        <p xml:space="preserve">
          <span class="italic">	Recordando</span> que la trata de personas se alimenta de los pingües beneficios de los tratantes y de la demanda que fomenta todas las formas de explotación, y que la trata de personas afecta de manera desproporcionada a las mujeres y las niñas, que son particularmente vulnerables a la trata con fines de explotación sexual,</p>
      </container>
      <container name="Destacando" eId="container_34">
        <p xml:space="preserve">
          <span class="italic">Destacando</span> la necesidad de adoptar las medidas adecuadas para proporcionar acceso a la justicia y protecciones a las víctimas en los procedimientos de justicia penal, incluidas medidas destinadas a asegurar que las víctimas de la trata de personas identificadas no sean castigadas por haberlo sido ni sufran victimización como resultado de acciones de las autoridades gubernamentales, comunidades y familias, </p>
      </container>
      <container name="Reconociendo" eId="container_35">
        <p xml:space="preserve">
          <span class="italic">Reconociendo</span> que una amplia cooperación internacional entre los Estados Miembros y las organizaciones intergubernamentales y no gubernamentales competentes es fundamental para contrarrestar eficazmente la amenaza de la trata de personas y otras formas contemporáneas de esclavitud, </p>
      </container>
      <container name="Reconociendo también" eId="container_36">
        <p xml:space="preserve">
          <span class="italic">Reconociendo también</span> que, con frecuencia, las víctimas de la trata son objeto de múltiples formas de discriminación y violencia, por motivos como el género, la edad, la discapacidad, el origen étnico, la cultura y la religión, así como por su procedencia nacional y social, y que esas formas de discriminación pueden por sí mismas fomentar la trata de personas, y que las mujeres y los niños que carecen de nacionalidad o no están inscritos en el registro civil son especialmente vulnerables a la trata de personas, </p>
      </container>
      <container name="Reconociendo además" eId="container_37">
        <p xml:space="preserve">
          <span class="italic">Reconociendo además</span> el potencial de Internet y otras tecnologías de la información y las comunicaciones para prevenir y combatir la trata de personas y ayudar a las víctimas, destacando la necesidad de una mayor cooperación de las fuerzas del orden a este respecto para hacer frente a los nuevos desafíos que genera el rápido desarrollo de Internet y otras tecnologías de la información y las comunicaciones, expresando preocupación por el hecho de que los tratantes de personas han utilizado indebidamente Internet y otras tecnologías de la información y las comunicaciones para facilitar la trata de personas, incluso con el fin de reclutar y explotar a mujeres y niños, y para controlar a las víctimas, y tomando nota a este respecto del boletín informativo del Grupo Interinstitucional de Coordinación titulado “Human trafficking and technology: trends, challenges and opportunities” (La trata de seres humanos y la tecnología: tendencias, problemas y oportunidades), </p>
      </container>
      <container name="Destacando" eId="container_38">
        <p xml:space="preserve">
          <span class="italic">Destacando</span> la necesidad de promover y proteger los derechos de las víctimas de la trata de personas y de reinsertar a las víctimas en la comunidad, entre otras cosas teniendo en cuenta, cuando proceda, los Principios y Directrices Recomendados sobre los Derechos Humanos y la Trata de Personas<authorialNote marker="17" placement="bottom" eId="authorialNote_17"><p xml:space="preserve"><a href="https://undocs.org/sp/E/2002/68/Add.1">E/2002/68/Add.1</a>.</p></authorialNote> y su comentario elaborados por la Oficina del Alto Comisionado de las Naciones Unidas para los Derechos Humanos, así como las Directrices sobre la Protección de los Niños Víctimas de la Trata elaboradas por el Fondo de las Naciones Unidas para la Infancia, </p>
      </container>
      <container name="Acogiendo con beneplácito" eId="container_39">
        <p xml:space="preserve">
          <span class="italic">Acogiendo con beneplácito</span> los esfuerzos de los Estados Miembros, los organismos de las Naciones Unidas, las organizaciones internacionales, las organizaciones de la sociedad civil, el sector privado y las instituciones financieras para hacer frente al problema de la trata de personas, en particular de las mujeres y los niños como grupo más vulnerable, y poniendo de relieve la urgente necesidad de que redoblen sus esfuerzos y su cooperación para aumentar la base de datos empíricos, especialmente mediante un intercambio de conocimientos y mejores prácticas de la mayor amplitud posible, </p>
      </container>
      <container name="Afirmando" eId="container_40">
        <p xml:space="preserve">
          <span class="italic">Afirmando</span> que el desarrollo de la capacidad es un componente muy importante de la lucha contra la trata de personas, y destacando a este respecto la necesidad de que se intensifique la cooperación internacional para combatir la trata de personas, así como la asistencia técnica a los países con el fin de fortalecer su capacidad para prevenir todas las formas de la trata, incluso mediante el apoyo a sus programas de desarrollo, </p>
      </container>
      <container name="Tomando nota" eId="container_41">
        <p xml:space="preserve">
          <span class="italic">Tomando nota</span> del proceso de Jartum y la Declaración aprobada en esa ciudad el 16 de octubre de 2014 durante la Conferencia Ministerial Regional sobre la Trata y el Tráfico de Personas en el Cuerno de África, coordinada por la Unión Africana, la Oficina del Alto Comisionado de las Naciones Unidas para los Refugiados y la Organización Internacional para las Migraciones, cuyo objetivo era fortalecer la cooperación nacional, regional e internacional y desarrollar la capacidad de los países africanos para luchar contra la trata de personas y el tráfico de migrantes, </p>
      </container>
      <container name="Tomando nota también" eId="container_42">
        <p xml:space="preserve">
          <span class="italic">Tomando nota también</span> del Segundo Plan de Trabajo contra la Trata de Personas en el Hemisferio Occidental 2015-2018, aprobado por los Estados miembros de la Organización de los Estados Americanos en la cuarta Reunión de Autoridades Nacionales en Materia de Trata de Personas celebrada en Brasilia los días 4 y 5 de diciembre de 2014, y prorrogado hasta 2020 por los Estados miembros en la quinta Reunión de Autoridades Nacionales en Materia de Trata de Personas, celebrada los días 12 y 13 de marzo de 2018 en Washington, D. C.,</p>
      </container>
      <container name="Reconociendo" eId="container_43">
        <p xml:space="preserve">
          <span class="italic">Reconociendo</span> que el Plan de Acción Mundial y la creación del fondo fiduciario de contribuciones voluntarias de las Naciones Unidas para las víctimas de la trata de personas, especialmente mujeres y niños, establecido de conformidad con el Plan de Acción Mundial, tiene por objeto dar a conocer la situación de las víctimas de la trata de personas y proporcionarles ayuda humanitaria, jurídica y financiera por cauces de asistencia establecidos, como las organizaciones gubernamentales, intergubernamentales y no gubernamentales,</p>
      </container>
      <container name="Reafirmando" eId="container_44">
        <p xml:space="preserve">
          <span class="italic">Reafirmando</span> la importancia de prestar asistencia humanitaria, jurídica y financiera a las víctimas de la trata de personas, incluso por conducto de organizaciones gubernamentales, intergubernamentales y no gubernamentales, entre ellas el fondo fiduciario de contribuciones voluntarias de las Naciones Unidas para las víctimas de la trata de personas, especialmente mujeres y niños, administrado por la Oficina de las Naciones Unidas contra la Droga y el Delito, el fondo fiduciario de contribuciones voluntarias de las Naciones Unidas para luchar contra las formas contemporáneas de la esclavitud, administrado por la Oficina del Alto Comisionado de las Naciones Unidas para los Derechos Humanos, y el Fondo de Asistencia Global de la Organización Mundial para las Migraciones,</p>
      </container>
      <container name="Tomando nota" eId="container_45">
        <p xml:space="preserve">
          <span class="italic">Tomando nota</span> del informe del Secretario General<authorialNote marker="18" placement="bottom" eId="authorialNote_18"><p xml:space="preserve"><a href="https://undocs.org/sp/A/74/127.">	A/74/127</a>.</p></authorialNote>,</p>
      </container>
      <container name="Tomando nota también" eId="container_46">
        <p xml:space="preserve">
          <span class="italic">	Tomando nota también</span> del informe de la Relatora Especial del Consejo de Derechos Humanos sobre la trata de personas, especialmente mujeres y niños<authorialNote marker="19" placement="bottom" eId="authorialNote_19"><p xml:space="preserve"><a href="https://undocs.org/sp/A/74/189.">	A/74/189</a>.</p></authorialNote>, así como de los informes respectivos de la Relatora Especial del Consejo sobre las formas contemporáneas de la esclavitud, incluidas sus causas y consecuencias<authorialNote marker="20" placement="bottom" eId="authorialNote_20"><p xml:space="preserve"><a href="https://undocs.org/sp/A/74/179.">	A/74/179</a>.</p></authorialNote> y de la Relatora Especial del Consejo sobre la venta y la explotación sexual de niños, incluidos la prostitución infantil, la utilización de niños en la pornografía y demás material que muestre abusos sexuales de niños<authorialNote marker="21" placement="bottom" eId="authorialNote_21"><p xml:space="preserve"><a href="https://undocs.org/sp/A/74/162.">	A/74/162</a>.</p></authorialNote>,</p>
      </container>
      <container name="Reconociendo" eId="container_47">
        <p xml:space="preserve">
          <span class="italic">Reconociendo</span> que, de conformidad con la Convención de las Naciones Unidas contra la Delincuencia Organizada Transnacional, la Conferencia de las Partes en la Convención se establece con objeto de mejorar la capacidad de los Estados partes para combatir la delincuencia organizada transnacional y para promover y examinar la aplicación de la Convención, incluido el Protocolo para Prevenir, Reprimir y Sancionar la Trata de Personas, Especialmente Mujeres y Niños, y, a este respecto, tomando nota de la resolución 9/1, de 19 de octubre de 2018, titulada “Establecimiento del Mecanismo de Examen de la Aplicación de la Convención de las Naciones Unidas contra la Delincuencia Organizada Transnacional y sus Protocolos”, aprobada por la Conferencia de las Partes en la Convención de las Naciones Unidas contra la Delincuencia Organizada Transnacional en su noveno período de sesiones, celebrado en Viena del 15 al 19 de octubre de 2018<authorialNote marker="22" placement="bottom" eId="authorialNote_22"><p xml:space="preserve">	 	Véase <a href="https://undocs.org/sp/CTOC/COP/2018/13">CTOC/COP/2018/13</a>, secc. I.A.</p></authorialNote>,</p>
      </container>
    </preamble>
    <mainBody>
      <paragraph eId="para_48" class="MercuryDocument">
        <num>	1.</num>
        <content eId="para_48__content">
          <p xml:space="preserve">
            <span class="italic">Insta</span> a los Estados Miembros que aún no lo hayan hecho a que consideren, como cuestión prioritaria, la posibilidad de ratificar la Convención de las Naciones Unidas contra la Delincuencia Organizada Transnacional<sup>5</sup> y el Protocolo para Prevenir, Reprimir y Sancionar la Trata de Personas, Especialmente Mujeres y Niños, que complementa la Convención de las Naciones Unidas contra la Delincuencia Organizada Transnacional<sup>6</sup>, o de adherirse a estos instrumentos, tomando en consideración el papel central que juegan en la lucha contra la trata de personas, e insta también a los Estados partes en esos instrumentos a que los apliquen de manera plena y efectiva; </p>
        </content>
      </paragraph>
      <paragraph eId="para_49" class="MercuryDocument">
        <num>	2.</num>
        <content eId="para_49__content">
          <p xml:space="preserve">
            <span class="italic">Insta</span> a los Estados Miembros y otros interesados mencionados en el Plan de Acción Mundial de las Naciones Unidas para Combatir la Trata de Personas<authorialNote marker="23" placement="bottom" eId="authorialNote_23"><p xml:space="preserve">	 	Resolución <a href="https://undocs.org/sp/A/RES/64/293">64/293</a>.</p></authorialNote>, e invita a la Conferencia de las Partes en la Convención de las Naciones Unidas contra la Delincuencia Organizada Transnacional y a las organizaciones internacionales, regionales y subregionales pertinentes a que, con arreglo a sus respectivos mandatos, continúen contribuyendo a la aplicación plena y efectiva del Plan de Acción Mundial, en particular mediante el fortalecimiento de la cooperación y la mejora de la coordinación entre sí para lograr ese objetivo; </p>
        </content>
      </paragraph>
      <paragraph eId="para_50" class="MercuryDocument">
        <num>	3.</num>
        <content eId="para_50__content">
          <p xml:space="preserve">
            <span class="italic">Recuerda</span> la celebración de las reuniones de alto nivel de la Asamblea General durante su sexagésimo séptimo período de sesiones, del 13 al 15 de mayo de 2013, y durante su septuagésimo segundo período de sesiones, los días 27 y 28 de septiembre de 2017, para evaluar los progresos realizados en la aplicación del Plan de Acción Mundial, en las que, entre otras cosas, se reiteró la fuerte voluntad política de intensificar los esfuerzos contra la trata de personas; </p>
        </content>
      </paragraph>
      <paragraph eId="para_51" class="MercuryDocument">
        <num>	4.</num>
        <content eId="para_51__content">
          <p xml:space="preserve">
            <span class="italic">Recuerda también</span> su decisión, que figura en su resolución <a href="https://undocs.org/sp/A/RES/68/192">68/192</a>, de evaluar, dentro de los límites de los recursos existentes y de modo cuatrienal, a partir de su septuagésimo segundo período de sesiones, los progresos realizados en la aplicación del Plan de Acción Mundial a fin de valorar los logros, las deficiencias y los retos, incluso en la aplicación de los instrumentos jurídicos pertinentes y, por tanto, decide convocar una reunión de alto nivel de la Asamblea General sobre los progresos realizados en la aplicación del Plan de Acción Mundial, que se celebrará en su septuagésimo sexto período de sesiones, después del debate general y a más tardar en diciembre de 2021; </p>
        </content>
      </paragraph>
      <paragraph eId="para_52" class="MercuryDocument">
        <num>	5.</num>
        <content eId="para_52__content">
          <p xml:space="preserve">
            <span class="italic">Solicita</span> al Secretario General y a la Presidencia de la Asamblea General que, en estrecha cooperación y coordinación con los Estados Miembros, adopten todas las medidas apropiadas para organizar la reunión de alto nivel;</p>
        </content>
      </paragraph>
      <paragraph eId="para_53" class="MercuryDocument">
        <num>	6.</num>
        <content eId="para_53__content">
          <p xml:space="preserve">
            <span class="italic">Recuerda</span> su decisión de designar el 30 de julio Día Mundial contra la Trata de Personas, día que se celebra con una periodicidad anual, y al tiempo que acoge con beneplácito los actos organizados por Estados Miembros, organismos de las Naciones Unidas, otras organizaciones internacionales y la sociedad civil en los planos internacional, regional y nacional para celebrar el Día Mundial, invita a todos los interesados a que sigan celebrando el Día Mundial a fin de crear mayor conciencia sobre la trata de personas y la situación de las víctimas de este delito y promover y proteger sus derechos; </p>
        </content>
      </paragraph>
      <paragraph eId="para_54" class="MercuryDocument">
        <num>	7.</num>
        <content eId="para_54__content">
          <p xml:space="preserve">
            <span class="italic">Expresa solidaridad y compasión</span> con las víctimas y los supervivientes de la trata de personas, y pide que se respeten plenamente sus derechos humanos y se les preste atención y asistencia apropiadas centradas en las víctimas, según proceda, y que se brinde a las víctimas de la trata servicios de interpretación y lengua de señas, cuando proceda, así como servicios adecuados para su rehabilitación en cooperación con la sociedad civil y otros asociados pertinentes; </p>
        </content>
      </paragraph>
      <paragraph eId="para_55" class="MercuryDocument">
        <num>	8.</num>
        <content eId="para_55__content">
          <p xml:space="preserve">
            <span class="italic">Expresa apoyo</span> a las actividades de la Oficina de las Naciones Unidas contra la Droga y el Delito, reafirma su solicitud al Secretario General de que preste suficiente apoyo a la Comisión de Prevención del Delito y Justicia Penal e invita a los Estados Miembros a que aporten contribuciones voluntarias a la Oficina a fin de prestar asistencia a los Estados Miembros que la soliciten;</p>
        </content>
      </paragraph>
      <paragraph eId="para_56" class="MercuryDocument">
        <num>	9.</num>
        <content eId="para_56__content">
          <p xml:space="preserve">
            <span class="italic">Alienta</span> a la Oficina de las Naciones Unidas contra la Droga y el Delito a que colabore con las organizaciones internacionales competentes fuera del sistema de las Naciones Unidas e invite a esas organizaciones y a los Estados Miembros interesados a participar, cuando proceda, en las reuniones del Grupo Interinstitucional de Coordinación contra la Trata de Personas y a mantener a los Estados Miembros informados sobre el programa del Grupo Interinstitucional de Coordinación y la marcha de su labor;</p>
        </content>
      </paragraph>
      <paragraph eId="para_57" class="MercuryDocument">
        <num>	10.</num>
        <content eId="para_57__content">
          <p xml:space="preserve">
            <span class="italic">Toma nota</span> de las reuniones consultivas organizadas para los Estados Miembros por el Grupo Interinstitucional de Coordinación en junio y octubre de 2018 en la Sede de las Naciones Unidas sobre la labor y las prioridades del Grupo en 2018 y después de esa fecha, y toma nota con aprecio de la participación en dichas reuniones de la Organización para la Seguridad y la Cooperación en Europa, como primera organización regional que se asocia con el Grupo Interinstitucional de Coordinación y lo copreside en 2019, así como del Consejo de Europa y de la Relatora Especial del Consejo de Derechos Humanos sobre la trata de personas, especialmente mujeres y niños, en calidad de asociados del Grupo Interinstitucional de Coordinación;</p>
        </content>
      </paragraph>
      <paragraph eId="para_58" class="MercuryDocument">
        <num>	11.</num>
        <content eId="para_58__content">
          <p xml:space="preserve">
            <span class="italic">Acoge con beneplácito</span> la primera reunión del Grupo Interinstitucional de Coordinación a nivel de jefes de los organismos y organizaciones competentes de las Naciones Unidas, incluidos los organismos que no son miembros activos del Grupo de Coordinación, celebrada en Londres el 2 de mayo de 2018, que contribuyó a relanzar el Grupo de Coordinación como foro para el intercambio de políticas, y toma nota con aprecio de la sesión informativa para los Estados Miembros y otros asociados pertinentes sobre los resultados de la reunión y las actividades futuras del Grupo de Coordinación, celebrada el 29 de junio de 2018 en la Sede de las Naciones Unidas, y solicita a la Oficina de las Naciones Unidas contra la Droga y el Delito, en su calidad de coordinadora del Grupo Interinstitucional de Coordinación, que siga convocando periódicamente esas reuniones del Grupo Interinstitucional de Coordinación a nivel directivo y, en este contexto, toma nota del papel de la Organización para la Seguridad y la Cooperación en Europa como la primera entidad regional que copreside el Grupo Interinstitucional de Coordinación, y toma nota también de la participación de la Coordinadora de la Unión Europea contra la Trata de Seres Humanos en el Grupo Interinstitucional de Coordinación;</p>
        </content>
      </paragraph>
      <paragraph eId="para_59" class="MercuryDocument">
        <num>	12.</num>
        <content eId="para_59__content">
          <p xml:space="preserve">
            <span class="italic">Invita</span> a las organizaciones regionales a que, en el marco de sus respectivos mandatos, participen y consideren la posibilidad de copresidir, junto con un organismo de las Naciones Unidas, el Grupo Interinstitucional de Coordinación, a fin de fortalecer el intercambio de conocimientos especializados y experiencias regionales y, de ese modo, aumentar la cooperación internacional en la lucha contra la trata de personas y la asistencia a las víctimas de ese delito;</p>
        </content>
      </paragraph>
      <paragraph eId="para_60" class="MercuryDocument">
        <num>	13.</num>
        <content eId="para_60__content">
          <p xml:space="preserve">
            <span class="italic">Toma nota</span> del proceso en curso emprendido por el Grupo Interinstitucional de Coordinación de realizar estudios sobre las nuevas tendencias en materia de trata de personas y velar por que el intercambio de información entre los organismos pertinentes y entre los países se realice de conformidad con los marcos jurídicos internacionales y nacionales y tenga en cuenta la privacidad y la confidencialidad;</p>
        </content>
      </paragraph>
      <paragraph eId="para_61" class="MercuryDocument">
        <num>	14.</num>
        <content eId="para_61__content">
          <p xml:space="preserve">
            <span class="italic">Invita</span> a la Oficina de las Naciones Unidas contra la Droga y el Delito, en su calidad de coordinadora del Grupo Interinstitucional de Coordinación, y a otros organismos pertinentes del sistema de las Naciones Unidas a que sigan reforzando sus actividades relacionadas con la aplicación de los instrumentos internacionales pertinentes y el Plan de Acción Mundial con miras a fomentar un mayor avance en la eliminación de la trata de personas, e invita a los Estados Miembros y a otros donantes internacionales y bilaterales a que aporten contribuciones voluntarias a la Oficina a tal fin, de conformidad con las políticas, las normas y los procedimientos de las Naciones Unidas;</p>
        </content>
      </paragraph>
      <paragraph eId="para_62" class="SingleTxt">
        <num>	15.</num>
        <content eId="para_62__content">
          <p xml:space="preserve">
            <span class="italic">Exhorta</span> a los Estados Miembros a que tengan en cuenta los nuevos métodos de captación de personas en situación de riesgo de ser sometidas a la trata, como el uso indebido de Internet por los tratantes, en particular para captar niños, a fin de tomar medidas dirigidas a preparar campañas de concienciación a este respecto, incluso para que los organismos encargados de hacer cumplir la ley, los proveedores de servicios de primera línea y las industrias en riesgo detecten los indicios de la trata de personas, y para elaborar actividades especializadas de formación para quienes trabajan en la aplicación de la ley y la justicia penal; </p>
        </content>
      </paragraph>
      <paragraph eId="para_63" class="MercuryDocument">
        <num>	16.</num>
        <content eId="para_63__content">
          <p xml:space="preserve">
            <span class="italic">Invita</span> a los Estados Miembros a que hagan frente a los factores sociales, económicos, culturales, políticos y de otra índole que hacen a las personas vulnerables a la trata, como la pobreza, el desempleo, la desigualdad, las emergencias humanitarias, que incluyen los conflictos armados y los desastres naturales, la violencia sexual, la discriminación por motivos de género y la exclusión y marginación sociales, así como una cultura de tolerancia respecto de la violencia contra las mujeres, los jóvenes y los niños;</p>
        </content>
      </paragraph>
      <paragraph eId="para_64" class="MercuryDocument">
        <num>	17.</num>
        <content eId="para_64__content">
          <p xml:space="preserve">
            <span class="italic">Exhorta</span> a los Estados Miembros, las organizaciones internacionales, las organizaciones de la sociedad civil y al sector privado, por medio de asociaciones, según corresponda, a aumentar y apoyar las actividades de prevención en los países de origen, tránsito y destino, prestando atención en los planos nacional y mundial a las cadenas de oferta y demanda que fomentan todo tipo de trata y a los bienes y servicios que se producen como consecuencia de la trata de personas;</p>
        </content>
      </paragraph>
      <paragraph eId="para_65" class="MercuryDocument">
        <num>	18.</num>
        <content eId="para_65__content">
          <p xml:space="preserve">
            <span class="italic">Alienta</span> a los Estados Miembros a que adopten medidas legislativas o de otra índole para prevenir, combatir y erradicar la trata de personas en el contexto de la migración internacional, reforzando la capacidad y aumentando la cooperación internacional para investigar, enjuiciar y castigar la trata de personas, desalentando la demanda que fomenta la explotación conducente a la trata, y poniendo fin a la impunidad de las redes de trata;</p>
        </content>
      </paragraph>
      <paragraph eId="para_66" class="MercuryDocument">
        <num>	19.</num>
        <content eId="para_66__content">
          <p xml:space="preserve">
            <span class="italic">Alienta también</span> a los Estados Miembros a que cooperen con el Grupo Interinstitucional de Coordinación en cuestiones relativas a la trata de personas y, a este respecto, toma nota de la carpeta de material de orientación sobre la formulación y evaluación de programas contra la trata de personas (<span class="italic">A Toolkit for Guidance in Designing and Evaluating Counter Trafficking Programmes</span>), preparada por el Grupo de Coordinación, que podría contribuir a establecer un marco común para armonizar las actividades, definir y evaluar los progresos y crear una base de datos voluntaria, sólida y compartida de programas y prácticas eficaces para combatir la trata de personas;</p>
        </content>
      </paragraph>
      <paragraph eId="para_67" class="MercuryDocument">
        <num>	20.</num>
        <content eId="para_67__content">
          <p xml:space="preserve">
            <span class="italic">Alienta además</span> a los Estados Miembros a que cooperen con la Relatora Especial del Consejo de Derechos Humanos sobre la trata de personas, especialmente mujeres y niños, y con otros procedimientos especiales pertinentes, incluidos la Relatora Especial del Consejo sobre la violencia contra la mujer, sus causas y consecuencias, la Representante Especial del Secretario General sobre la Violencia contra los Niños, la Relatora Especial del Consejo sobre la venta y la explotación sexual de niños, incluidos la prostitución infantil, la utilización de niños en la pornografía y demás material que muestre abusos sexuales de niños, y la Relatora Especial del Consejo sobre las formas contemporáneas de la esclavitud, incluidas sus causas y consecuencias; </p>
        </content>
      </paragraph>
      <paragraph eId="para_68" class="MercuryDocument">
        <num>	21.</num>
        <content eId="para_68__content">
          <p xml:space="preserve">
            <span class="italic">Exhorta</span> a los Estados Miembros a que sigan esforzándose por tipificar como delito la trata de personas en todas sus formas, incluidas la explotación de la prostitución ajena u otras formas de explotación sexual, los trabajos o servicios forzados, la esclavitud o las prácticas análogas a la esclavitud, la servidumbre o la extracción de órganos, especialmente en lo que respecta a los niños y las personas con discapacidad, y a que condenen estas prácticas e investiguen, enjuicien y sancionen a los tratantes e intermediarios, a la vez que dan a las víctimas de la trata protección y asistencia centradas específicamente en su condición de víctimas y con pleno respeto de sus derechos humanos, e invita a los Estados Miembros a que continúen apoyando a los organismos de las Naciones Unidas y las organizaciones internacionales que se dedican activamente a proteger a las víctimas; </p>
        </content>
      </paragraph>
      <paragraph eId="para_69" class="MercuryDocument">
        <num>	22.</num>
        <content eId="para_69__content">
          <p xml:space="preserve">
            <span class="italic">Exhorta también</span> a los Estados Miembros a que adopten medidas para apoyar la reunificación familiar de las víctimas de la trata de personas, cuando sea seguro y apropiado, especialmente cuando se trate de niños, teniendo en cuenta el interés superior del niño;</p>
        </content>
      </paragraph>
      <paragraph eId="para_70" class="MercuryDocument">
        <num>	23.</num>
        <content eId="para_70__content">
          <p xml:space="preserve">
            <span class="italic">Hace notar</span> la segunda reunión consultiva sobre el fortalecimiento de la colaboración con los relatores nacionales y los mecanismos competentes sobre la trata de personas, celebrada en Bangkok los días 21 y 22 de mayo de 2014 y organizada conjuntamente por la Oficina de las Naciones Unidas contra la Droga y el Delito, la Relatora Especial sobre la trata de personas, especialmente mujeres y niños, y la Oficina del Alto Comisionado de las Naciones Unidas para los Derechos Humanos, y el establecimiento de una red oficiosa de esos mecanismos en todo el mundo a fin de hacer frente a la trata de personas de manera sistemática e intercambiar información y mejores prácticas basadas en las experiencias de cada país, y solicita a la Oficina de las Naciones Unidas contra la Droga y el Delito que continúe recabando datos sobre las medidas nacionales de lucha contra la trata de personas, así como sobre los mecanismos nacionales pertinentes, poniendo información actualizada a disposición de los Estados Miembros, e invita a los Estados Miembros a acoger reuniones consultivas de los mecanismos nacionales competentes sobre la trata de personas, como continuación del diálogo transnacional y el intercambio de información sobre problemas comunes; </p>
        </content>
      </paragraph>
      <paragraph eId="para_71" class="MercuryDocument">
        <num>	24.</num>
        <content eId="para_71__content">
          <p xml:space="preserve">
            <span class="italic">Solicita</span> a la Oficina de las Naciones Unidas contra la Droga y el Delito, en su calidad de administradora del fondo fiduciario de contribuciones voluntarias de las Naciones Unidas para las víctimas de la trata de personas, especialmente mujeres y niños, que continúe alentando a los Estados y demás instancias pertinentes a que hagan aportaciones al fondo fiduciario; </p>
        </content>
      </paragraph>
      <paragraph eId="para_72" class="MercuryDocument">
        <num>	25.</num>
        <content eId="para_72__content">
          <p xml:space="preserve">
            <span class="italic">Acoge con beneplácito</span> la publicación bienal del <span class="italic">Informe Mundial sobre la Trata de Personas</span>, preparado por la Oficina de las Naciones Unidas contra la Droga y el Delito, aguarda con interés el próximo informe que la Oficina preparará en 2020, de conformidad con el Plan de Acción Mundial, y alienta a los Estados Miembros a que proporcionen a la Oficina datos empíricos sobre las modalidades, los flujos y las formas de la trata de personas, incluida la trata con fines de extracción de órganos;</p>
        </content>
      </paragraph>
      <paragraph eId="para_73" class="SingleTxt">
        <num>	26.</num>
        <content eId="para_73__content">
          <p xml:space="preserve">
            <span class="italic">Solicita</span> al Secretario General que le presente un informe sobre la aplicación de la presente resolución en su septuagésimo sexto período de sesiones, que incluya recomendaciones sobre medidas dirigidas a imprimir una mayor urgencia a los esfuerzos por combatir la trata de personas y mejorar su coordinación.</p>
        </content>
      </paragraph>
    </mainBody>
    <conclusions eId="conclusions">
      <p>
        <inline name="adoptionMeeting" title="50a">50a sesión plenaria</inline>
        <eol />
        <docDate date="2019-12-18" refersTo="#adoptionDate">18 de diciembre de 2019</docDate>
      </p>
    </conclusions>
  </statement>
</akomaNtoso>