<akomaNtoso xmlns:xsi="http://www.w3.org/2001/XMLSchema-instance" xsi:schemaLocation="http://docs.oasis-open.org/legaldocml/ns/akn/3.0 http://docs.oasis-open.org/legaldocml/akn-core/v1.0/os/part2-specs/schemas/akomantoso30.xsd" xmlns="http://docs.oasis-open.org/legaldocml/ns/akn/3.0" xmlns:html="http://www.w3.org/1999/xhtml" xmlns:akn4un="http://un.org/akn4un">
  <statement name="resolution">
    <meta>
      <identification source="#DGACM">
        <FRBRWork>
          <FRBRthis value="/akn/un/statement/deliberation/unga/2019-12-18/74-145/!main/"></FRBRthis>
          <FRBRuri value="/akn/un/statement/deliberation/unga/2019-12-18/74-145/"></FRBRuri>
          <FRBRdate date="2019-12-18" name="adoption"></FRBRdate>
          <FRBRauthor href="ga" as="author"></FRBRauthor>
          <FRBRcountry value="un"></FRBRcountry>
        </FRBRWork>
        <FRBRExpression>
          <FRBRthis value="/akn/un/statement/deliberation/unga/2019-12-18/74-145/spa@!main/"></FRBRthis>
          <FRBRuri value="/akn/un/statement/deliberation/unga/2019-12-18/74-145/spa@/"></FRBRuri>
          <FRBRdate date="2020-01-17" name="publication"></FRBRdate>
          <FRBRauthor href="ga" as="issuer"></FRBRauthor>
          <FRBRlanguage language="spa"></FRBRlanguage>
        </FRBRExpression>
        <FRBRManifestation>
          <FRBRthis value="/akn/un/statement/deliberation/unga/2019-12-18/74-145/spa@/!main.xml"></FRBRthis>
          <FRBRuri value="/akn/un/statement/deliberation/unga/2019-12-18/74-145/spa@.xml"></FRBRuri>
          <FRBRdate date="2020-08-17" name="markup"></FRBRdate>
          <FRBRauthor href="DGACM" as="editor"></FRBRauthor>
        </FRBRManifestation>
      </identification>
      <classification source="http://metadata.un.org/sdg">
        <keyword value="3" href="http://metadata.un.org/sdg/3" showAs="sdg_3" dictionary="SDGO"></keyword>
        <keyword value="public_health" href="http://eurovoc.europa.eu/3885" showAs="public_health" dictionary="EuroVoc"></keyword>
        <keyword value="health" href="http://metadata.un.org/thesaurus/1002824" showAs="health" dictionary="UNBIS Thesaurus"></keyword>
      </classification>
      <classification source="http://metadata.un.org/sdg">
        <keyword value="5" href="http://metadata.un.org/sdg/5" showAs="sdg_5" dictionary="SDGO"></keyword>
        <keyword value="gender_equality" href="http://eurovoc.europa.eu/3913" showAs="gender_equality" dictionary="EuroVoc"></keyword>
        <keyword value="participation_of_women" href="http://eurovoc.europa.eu/2265" showAs="participation_of_women" dictionary="EuroVoc"></keyword>
        <keyword value="women&amp;#39;s_rights" href="http://eurovoc.europa.eu/585" showAs="women&amp;#39;s_rights" dictionary="EuroVoc"></keyword>
        <keyword value="position_of_women" href="http://eurovoc.europa.eu/81" showAs="position_of_women" dictionary="EuroVoc"></keyword>
        <keyword value="women" href="http://metadata.un.org/thesaurus/1007029" showAs="women" dictionary="UNBIS Thesaurus"></keyword>
        <keyword value="gender_equality" href="http://metadata.un.org/thesaurus/1002612" showAs="gender_equality" dictionary="UNBIS Thesaurus"></keyword>
        <keyword value="girls" href="http://metadata.un.org/thesaurus/1002684" showAs="girls" dictionary="UNBIS Thesaurus"></keyword>
      </classification>
      <classification source="http://metadata.un.org/sdg">
        <keyword value="16" href="http://metadata.un.org/sdg/16" showAs="sdg_16" dictionary="SDGO"></keyword>
        <keyword value="right_to_justice" href="http://eurovoc.europa.eu/516" showAs="right_to_justice" dictionary="EuroVoc"></keyword>
        <keyword value="sustainable_development" href="http://eurovoc.europa.eu/5585" showAs="sustainable_development" dictionary="EuroVoc"></keyword>
        <keyword value="civil_society" href="http://metadata.un.org/thesaurus/1001012" showAs="civil_society" dictionary="UNBIS Thesaurus"></keyword>
        <keyword value="justice" href="http://metadata.un.org/thesaurus/1003500" showAs="justice" dictionary="UNBIS Thesaurus"></keyword>
        <keyword value="peaceful_coexistence" href="http://metadata.un.org/thesaurus/1004777" showAs="peaceful_coexistence" dictionary="UNBIS Thesaurus"></keyword>
        <keyword value="public_institutions" href="http://metadata.un.org/thesaurus/1005254" showAs="public_institutions" dictionary="UNBIS Thesaurus"></keyword>
        <keyword value="social_justice" href="http://metadata.un.org/thesaurus/1005970" showAs="social_justice" dictionary="UNBIS Thesaurus"></keyword>
        <keyword value="sustainable_development" href="http://metadata.un.org/thesaurus/1006319" showAs="sustainable_development" dictionary="UNBIS Thesaurus"></keyword>
      </classification>
      <workflow source="#un">
        <step date="2019-10-29" outcome="draftResolution" as="A/C.3/74/L.25" by="Albania, Australia, Austria, Belgium, Bulgaria, Canada, Colombia, Croatia, Cyprus, Czechia, Denmark, Estonia, Finland, France, Georgia, Germany, Greece, Hungary, Ireland, Italy, Latvia, Lebanon, Liechtenstein, Lithuania, Luxembourg, Malta, Monaco, Montenegro, Netherlands, North Macedonia, Norway, Poland, Portugal, Republic of Moldova, Romania, Slovakia, Slovenia, Spain, Sweden, Turkey, Ukraine, United Kingdom of Great Britain and Northern Ireland and United States of America" />
        <step date="0001-01-01" outcome="draftResolutionAdditionalSponsors" by="Andorra, Angola, Antigua and Barbuda, Argentina, Armenia, Bosnia and Herzegovina, Brazil, Cabo Verde, Chile, Costa Rica, Dominican Republic, El Salvador, Haiti, Iceland, Israel, Japan, Liberia, Madagascar, New Zealand, Papua New Guinea, Paraguay, Peru, Philippines, Republic of Korea, San Marino, Serbia, Seychelles, Switzerland, Thailand, Uganda and Uruguay" />
        <step date="0001-01-01" outcome="recommendedForAdoption" as="A/74/399/Add.2" by="" refersTo="90" />
        <step date="2019-12-18" outcome="adopted" as="A/74/PV.50" by="" />
      </workflow>
      <analysis source="#un">
        <parliamentary>
          <voting outcome="adoptedWithoutVote">
            <quorum value=""></quorum>
          </voting>
        </parliamentary>
      </analysis>
      <references source="#DGACM">
        <TLCOrganization eId="source" href="/akn/ontology/organization/un/DGACM" showAs="DGACM"></TLCOrganization>
        <TLCConcept eId="dateOfIssuance" href="/akn/ontology/concept/un/dateOfIssuance" showAs="Date of issuance"></TLCConcept>
        <TLCConcept eId="dateOfAdoption" href="/akn/ontology/concept/un/dateOfAdoption" showAs="Date of adoption"></TLCConcept>
        <TLCConcept eId="symbol" href="/akn/ontology/reference/un/symbol" showAs="Symbol"></TLCConcept>
        <TLCRole eId="publisher" href="/akn/ontology/role/un/publisher" showAs="Publisher"></TLCRole>
        <TLCRole eId="issuingBody" href="/akn/role/concept/un/issuingBody" showAs="Issuing body"></TLCRole>
        <TLCRole eId="author" href="/akn/ontology/role/un/author" showAs="Author"></TLCRole>
        <TLCRole eId="editor" href="/akn/ontology/role/un/editor" showAs="Editor"></TLCRole>
        <TLCRole eId="distribution" href="/akn/ontology/concept/un/generalDistribution" showAs="General distribution"></TLCRole>
        <TLCOrganization eId="ga" href="/akn/ontology/organization/un/generalAssembly" showAs="General Assembly"></TLCOrganization>
        <TLCTerm eId="resolutionTitle" href="/akn/ontology/reference/un/resolutionTitle" showAs="Resolution title"></TLCTerm>
        <TLCTerm eId="thirdCommittee" href="#thirdCommittee" showAs="Tercera Comisión"></TLCTerm>
        <TLCTerm eId="memberState" href="/akn/ontology/organization/un/memberState" showAs="Member State"></TLCTerm>
        <TLCTerm eId="inFavour" href="/akn/ontology/concept/un/voting/inFavour" showAs="In favour"></TLCTerm>
        <TLCTerm eId="against" href="/akn/ontology/concept/un/voting/against" showAs="Against"></TLCTerm>
        <TLCTerm eId="abstaining" href="/akn/ontology/concept/un/voting/abstaining" showAs="Abstaining"></TLCTerm>
      </references>
      <presentation source="#un">
        <akn4un:footerFirstPage>
          <akn4un:footerFirstPageLeft>
            <akn4un:internalCode>
              <docketNumber refersTo="#publicationJobNumber">19-22248 (S)</docketNumber>
              <img alt="bar code" class="barCode" src=""></img>
            </akn4un:internalCode>
          </akn4un:footerFirstPageLeft>
          <akn4un:footerFirstPageRight>
            <img alt="Please recycle" class="image" src="./recylcleLogo.jpg"></img>
            <img alt="embedded QR code" class="qrCode" src=""></img>
          </akn4un:footerFirstPageRight>
        </akn4un:footerFirstPage>
      </presentation>
    </meta>
    <coverPage eId="coverPage_1">
      <p>
        <span refersTo="#publisher" class="upperLeft">
          <docAuthority refersTo="#publisher">Naciones Unidas</docAuthority>
        </span>
      </p>
      <p class="upperRight">
        <docNumber refersTo="#symbol">A/RES/74/145</docNumber>
      </p>
      <p class="upperLeft">
        <img src="logo-un.jpg"></img>
        <docAuthority refersTo="#issuingBody" class="rightBig">Asamblea General</docAuthority>
      </p>
      <p>
        <docStatus refersTo="#generalDistribution" class="rightSmall">Distr. general</docStatus>
      </p>
      <p>
        <docDate date="2020-01-17" class="rightSmall" refersTo="#dateOfIssuance">17 de enero de 2020</docDate>
      </p>
      <p>
        <session refersTo="#generalAssembly" value="74" eId="coverPage_1__session_1">Septuagésimo cuarto período de sesiones</session>
      </p>
      <p>
        <inline name="agenda item">Tema 70 b) del programa</inline>
      </p>
      <p>
        <inline name="agenda item name">Promoción y protección de los derechos humanos: cuestiones de derechos humanos, incluidos otros medios de mejorar el goce efectivo de los derechos humanos y las libertades fundamentales</inline>
      </p>
      <p>
        <docTitle>Resolución aprobada por la Asamblea General el 18 de diciembre de 2019</docTitle>
      </p>
      <p xml:space="preserve">
        <docProponent refersTo="#thirdCommittee">[sobre la base del informe de la Tercera Comisión (<inline name="originating document">A/74/399/Add.2</inline>)]</docProponent>
      </p>
    </coverPage>
    <preface>
      <p>
        <docNumber>74/145.</docNumber>
        <docTitle refersTo="#resolutionTitle">Libertad de religión o de creencias</docTitle>
      </p>
    </preface>
    <preamble>
      <formula name="enactingFormula" eId="formula_1">
        <p xml:space="preserve">
          <span class="italic">La Asamblea General</span>,</p>
      </formula>
      <container name="Recordando " eId="container_2">
        <p xml:space="preserve">
          <span class="italic">Recordando </span>el artículo 18 del Pacto Internacional de Derechos Civiles y Políticos<authorialNote marker="1" placement="bottom" eId="authorialNote_1"><p xml:space="preserve">	 	Véase la resolución <a href="https://undocs.org/es/A/RES/2200(XXI)">2200 A (XXI)</a>, anexo.</p></authorialNote>, el artículo 18 de la Declaración Universal de Derechos Humanos<authorialNote marker="2" placement="bottom" eId="authorialNote_2"><p xml:space="preserve">		Resolución <a href="https://undocs.org/es/A/RES/217(III)">217 A (III)</a>.</p></authorialNote> y otras disposiciones pertinentes sobre derechos humanos,</p>
      </container>
      <container name="Recordando también " eId="container_3">
        <p xml:space="preserve">
          <span class="italic">Recordando también </span>su resolución <a href="https://undocs.org/es/A/RES/36/55">36/55</a>, de 25 de noviembre de 1981, en la que proclamó la Declaración sobre la Eliminación de Todas las Formas de Intolerancia y Discriminación Fundadas en la Religión o las Convicciones,</p>
      </container>
      <container name="Recordando además " eId="container_4">
        <p xml:space="preserve">
          <span class="italic">Recordando además </span>sus resoluciones anteriores relativas a la libertad de religión o de creencias y a la eliminación de todas las formas de intolerancia y discriminación fundadas en la religión o las creencias, entre ellas su resolución <a href="https://undocs.org/es/A/RES/73/176">73/176</a>, de 17 de diciembre de 2018, y la resolución <a href="https://undocs.org/es/A/HRC/RES/40/10">40/10</a> del Consejo de Derechos Humanos, de 21 de marzo de 2019<authorialNote marker="3" placement="bottom" eId="authorialNote_3"><p xml:space="preserve">		Véase <span class="italic">Documentos Oficiales de la Asamblea General, septuagésimo cuarto período de sesiones, suplemento núm. 53 </span>(<a href="https://undocs.org/es/A/74/53">A/74/53</a>), cap. IV, secc. A.</p></authorialNote>, </p>
      </container>
      <container name="Reconociendo " eId="container_5">
        <p xml:space="preserve">
          <span class="italic">Reconociendo </span>la importante labor llevada a cabo por el Comité de Derechos Humanos al ofrecer orientación con respecto al alcance de la libertad de religión o de creencias,</p>
      </container>
      <container name="&#x9;Haciendo notar" eId="container_6">
        <p xml:space="preserve">
          <span class="italic">	Haciendo notar</span> las conclusiones y recomendaciones de los talleres de expertos organizados por la Oficina del Alto Comisionado de las Naciones Unidas para los Derechos Humanos y contenidas en el Plan de Acción de Rabat sobre la prohibición de la apología del odio nacional, racial o religioso que constituye incitación a la discriminación, la hostilidad o la violencia, aprobado en Rabat el 5 de octubre de 2012<authorialNote marker="4" placement="bottom" eId="authorialNote_4"><p xml:space="preserve"><a href="https://undocs.org/es/A/HRC/22/17/Add.4">A/HRC/22/17/Add.4</a>, apéndice.</p></authorialNote>,</p>
      </container>
      <container name="Considerando " eId="container_7">
        <p xml:space="preserve">
          <span class="italic">Considerando </span>que la religión o las creencias, para aquellos que las profesan, son uno de los elementos fundamentales de su concepción de la vida y que la libertad de religión o de creencias, como derecho humano universal, debe respetarse y garantizarse plenamente,</p>
      </container>
      <container name="Seriamente preocupada " eId="container_8">
        <p xml:space="preserve">
          <span class="italic">Seriamente preocupada </span>porque continúan cometiéndose actos de intolerancia y violencia fundados en la religión o las creencias contra personas, incluidas las pertenecientes a comunidades religiosas y minorías religiosas en todo el mundo, y por el creciente número y gravedad de esos incidentes, que a menudo son de carácter criminal y pueden tener características internacionales,</p>
      </container>
      <container name="Profundamente preocupada " eId="container_9">
        <p xml:space="preserve">
          <span class="italic">Profundamente preocupada </span>por los escasos progresos logrados en la eliminación de todas las formas de intolerancia y discriminación fundadas en la religión o las creencias, y convencida de que es preciso por tanto redoblar e intensificar los esfuerzos para promover y proteger el derecho a la libertad de pensamiento, conciencia y religión o creencias y para eliminar todas las formas de odio, intolerancia y discriminación fundadas en la religión o las creencias, según se señaló en la Conferencia Mundial contra el Racismo, la Discriminación Racial, la Xenofobia y las Formas Conexas de Intolerancia, celebrada en Durban (Sudáfrica) del 31 de agosto al 8 de septiembre de 2001, y en la Conferencia de Examen de Durban, celebrada en Ginebra del 20 al 24 de abril de 2009,</p>
      </container>
      <container name="Recordando " eId="container_10">
        <p xml:space="preserve">
          <span class="italic">Recordando </span>que los Estados tienen la responsabilidad primordial de promover y proteger los derechos humanos, incluidos los de las personas pertenecientes a minorías religiosas, entre ellos su derecho a ejercer libremente su religión o sus creencias,</p>
      </container>
      <container name="Preocupada " eId="container_11">
        <p xml:space="preserve">
          <span class="italic">Preocupada </span>por el hecho de que los agentes estatales y no estatales a veces toleran o fomentan actos de violencia, o amenazas creíbles de violencia, contra personas pertenecientes a comunidades religiosas y minorías religiosas, </p>
      </container>
      <container name="Preocupada también " eId="container_12">
        <p xml:space="preserve">
          <span class="italic">Preocupada también </span>por el número creciente de leyes y reglamentos que limitan la libertad de pensamiento, conciencia y religión o creencias y por la aplicación de las leyes existentes de manera discriminatoria,</p>
      </container>
      <container name="Convencida " eId="container_13">
        <p xml:space="preserve">
          <span class="italic">Convencida </span>de la necesidad de afrontar urgentemente el rápido aumento en diversas partes del mundo del extremismo religioso que afecta a los derechos humanos de las personas, en particular de las pertenecientes a comunidades religiosas y minorías religiosas, las situaciones de violencia y discriminación que afectan a muchas personas, especialmente mujeres y niñas y niños, en razón o en nombre de la religión o las creencias o debido a prácticas culturales y tradicionales, y el uso indebido de la religión o las creencias para fines incompatibles con los principios establecidos en la Carta de las Naciones Unidas y en otros instrumentos pertinentes de las Naciones Unidas,</p>
      </container>
      <container name="Seriamente preocupada " eId="container_14">
        <p xml:space="preserve">
          <span class="italic">Seriamente preocupada </span>por todos los ataques perpetrados contra lugares de culto, lugares sagrados y santuarios que contravienen el derecho internacional, en particular el derecho internacional de los derechos humanos y el derecho internacional humanitario, incluida la destrucción deliberada de reliquias y monumentos, e incluidos también los perpetrados en relación con la incitación al odio nacional, racial o religioso,</p>
      </container>
      <container name="Poniendo de relieve " eId="container_15">
        <p xml:space="preserve">
          <span class="italic">Poniendo de relieve </span>que los Estados, las organizaciones regionales, las instituciones nacionales de derechos humanos, las organizaciones no gubernamentales, los órganos religiosos, los medios de comunicación y el conjunto de la sociedad civil tienen un importante papel que desempeñar en el fomento de la tolerancia y el respeto de la diversidad religiosa y cultural y en la promoción y protección universales de los derechos humanos, incluida la libertad de religión o de creencias,</p>
      </container>
      <container name="Subrayando " eId="container_16">
        <p xml:space="preserve">
          <span class="italic">Subrayando </span>la importancia de la educación, incluida la educación sobre los derechos humanos, en la promoción de la tolerancia, lo cual implica la aceptación y el respeto de la diversidad por parte de la población, incluso en relación con las expresiones religiosas, y subrayando también el hecho de que la educación, en particular en la escuela, debe contribuir de manera significativa a promover la tolerancia y eliminar la discriminación fundada en la religión o las creencias,</p>
      </container>
    </preamble>
    <mainBody>
      <paragraph eId="para_17" class="SingleTxt">
        <num>	1.</num>
        <content eId="para_17__content">
          <p xml:space="preserve">
            <span class="italic">Destaca </span>que todas las personas tienen derecho a la libertad de pensamiento, conciencia y religión o creencias, lo que incluye la libertad de tener o no tener, o de adoptar, la religión o las creencias de propia elección y la libertad de manifestarlas individual o colectivamente, tanto en público como en privado, mediante la enseñanza, la práctica, el culto y la celebración de ritos, incluido el derecho a cambiar de religión o de creencias;</p>
        </content>
      </paragraph>
      <paragraph eId="para_18" class="SingleTxt">
        <num>	2.</num>
        <content eId="para_18__content">
          <p xml:space="preserve">
            <span class="italic">Pone de relieve </span>que el derecho a la libertad de pensamiento, conciencia y religión o creencias se aplica por igual a todas las personas, independientemente de su religión o sus creencias y sin discriminación alguna en cuanto a su derecho a igual protección de la ley;</p>
        </content>
      </paragraph>
      <paragraph eId="para_19" class="SingleTxt">
        <num>	3.</num>
        <content eId="para_19__content">
          <p xml:space="preserve">
            <span class="italic">Condena enérgicamente</span> la conculcación de la libertad de pensamiento, conciencia y religión o creencias, así como todas las formas de intolerancia, discriminación y violencia fundadas en la religión o las creencias;</p>
        </content>
      </paragraph>
      <paragraph eId="para_20" class="SingleTxt">
        <num>	4.</num>
        <content eId="para_20__content">
          <p xml:space="preserve">
            <span class="italic">Reconoce con profunda preocupación </span>el aumento general de los actos de discriminación, intolerancia y violencia, sean quienes sean sus autores, dirigidos contra miembros de muchas comunidades religiosas y de otro tipo en diversas partes del mundo, entre ellos los casos motivados por la islamofobia, el antisemitismo y la cristianofobia y los prejuicios contra personas de otras religiones o creencias;</p>
        </content>
      </paragraph>
      <paragraph eId="para_21" class="SingleTxt">
        <num>	5.</num>
        <content eId="para_21__content">
          <p xml:space="preserve">
            <span class="italic">Reafirma </span>que el terrorismo no puede ni debe asociarse con ninguna religión o creencia, ya que esto puede tener consecuencias adversas para el goce del derecho a la libertad de religión o de creencias de todos los miembros de las comunidades religiosas de que se trate;</p>
        </content>
      </paragraph>
      <paragraph eId="para_22" class="SingleTxt">
        <num>	6.</num>
        <content eId="para_22__content">
          <p xml:space="preserve">
            <span class="italic">Condena enérgicamente</span> los constantes actos de violencia y de terrorismo dirigidos contra personas, incluidas las pertenecientes a minorías religiosas, en razón o en nombre de la religión o las creencias, y subraya la importancia de adoptar un enfoque preventivo integral e inclusivo, basado en la comunidad, que involucre a un amplio conjunto de actores, como la sociedad civil y las comunidades religiosas; </p>
        </content>
      </paragraph>
      <paragraph eId="para_23" class="SingleTxt">
        <num>	7.</num>
        <content eId="para_23__content">
          <p xml:space="preserve">
            <span class="italic">Recuerda </span>que los Estados tienen la obligación de ejercer diligencia debida para prevenir, investigar y castigar los actos de violencia, intimidación y acoso contra personas o grupos de personas pertenecientes a minorías religiosas, sean quienes sean sus autores, y que no hacerlo puede constituir una violación de los derechos humanos;</p>
        </content>
      </paragraph>
      <paragraph eId="para_24" class="SingleTxt">
        <num>	8.</num>
        <content eId="para_24__content">
          <p xml:space="preserve">
            <span class="italic">Pone de relieve </span>que la libertad de religión o de creencias, la libertad de opinión y expresión, el derecho de reunión pacífica y el derecho a la libertad de asociación son interdependientes, están relacionados entre sí y se refuerzan mutuamente, y destaca el papel que estos derechos pueden desempeñar en la lucha contra todas las formas de intolerancia y discriminación fundadas en la religión o las creencias;</p>
        </content>
      </paragraph>
      <paragraph eId="para_25" class="SingleTxt">
        <num>	9.</num>
        <content eId="para_25__content">
          <p xml:space="preserve">
            <span class="italic">Condena enérgicamente </span>cualquier apología del odio fundado en la religión o las creencias que constituya una incitación a la discriminación, la hostilidad o la violencia, ya sea mediante la utilización de medios de difusión impresos, audiovisuales o electrónicos o por cualquier otro medio;</p>
        </content>
      </paragraph>
      <paragraph eId="para_26" class="SingleTxt">
        <num>	10.</num>
        <content eId="para_26__content">
          <p xml:space="preserve">
            <span class="italic">Expresa preocupación </span>por la persistencia de la intolerancia y la discriminación sociales institucionalizadas que se practican contra muchas personas por motivos de religión o creencias, y pone de relieve que la existencia de procedimientos jurídicos relativos a los grupos religiosos o basados en creencias y a los lugares de culto no es condición necesaria para el ejercicio del derecho a manifestar la propia religión o las propias creencias, y que dichos procedimientos, cada vez que se planteen como requisito jurídico en los planos nacional o local, deben aplicarse de manera no discriminatoria para que contribuyan a la protección efectiva del derecho de toda persona a profesar su religión o sus creencias, individual o colectivamente y tanto en público como en privado;</p>
        </content>
      </paragraph>
      <paragraph eId="para_27" class="SingleTxt">
        <num>	11.</num>
        <content eId="para_27__content">
          <p xml:space="preserve">
            <span class="italic">Reconoce con preocupación </span>los desafíos a que se enfrentan las personas en situaciones vulnerables, incluidas las personas privadas de libertad, los refugiados, los solicitantes de asilo y los desplazados internos, los niños y las niñas, las personas pertenecientes a minorías nacionales o étnicas, religiosas y lingüísticas y los migrantes, así como las mujeres, en cuanto a su capacidad de ejercer libremente su derecho a la libertad de religión o de creencias;</p>
        </content>
      </paragraph>
      <paragraph eId="para_28" class="SingleTxt">
        <num>	12.</num>
        <content eId="para_28__content">
          <p xml:space="preserve">
            <span class="italic">Pone de relieve </span>que, como subrayó el Comité de Derechos Humanos, las limitaciones a la libertad de manifestar la propia religión o las propias creencias se permiten solamente si tales limitaciones están prescritas por la ley, son necesarias para proteger la seguridad, el orden, la salud o la moral públicos o los derechos y las libertades fundamentales de los demás, son no discriminatorias y se aplican de manera que no menoscaben el derecho a la libertad de pensamiento, conciencia y religión o creencias;</p>
        </content>
      </paragraph>
      <paragraph eId="para_29" class="SingleTxt">
        <num>	13.</num>
        <content eId="para_29__content">
          <p xml:space="preserve">
            <span class="italic">Expresa profunda preocupación </span>por los constantes obstáculos que se interponen al goce del derecho a la libertad de religión o de creencias, así como por el creciente número de casos de intolerancia, discriminación y violencia fundados en la religión o las creencias, incluidos:</p>
        </content>
      </paragraph>
      <paragraph eId="para_30" class="SingleTxt">
        <content eId="para_30__content">
          <p xml:space="preserve">	a)	Los actos de violencia e intolerancia contra personas, en particular las que profesan una religión y las pertenecientes a minorías religiosas y otras comunidades en distintas partes del mundo, fundados en su religión o sus creencias;</p>
        </content>
      </paragraph>
      <paragraph eId="para_31" class="SingleTxt">
        <content eId="para_31__content">
          <p xml:space="preserve">	b)	El aumento del extremismo religioso en diversas partes del mundo, que afecta a los derechos humanos de las personas, incluidas las pertenecientes a minorías religiosas;</p>
        </content>
      </paragraph>
      <paragraph eId="para_32" class="SingleTxt">
        <content eId="para_32__content">
          <p xml:space="preserve">	c)	Los incidentes de odio, discriminación, intolerancia y violencia fundados en la religión o las creencias, que pueden estar relacionados con el establecimiento de estereotipos despectivos, la atribución de perfiles negativos y la estigmatización de personas fundados en su religión o sus creencias, o manifestarse de ese modo;</p>
        </content>
      </paragraph>
      <paragraph eId="para_33" class="SingleTxt">
        <content eId="para_33__content">
          <p xml:space="preserve">	d)	Los atentados contra lugares de culto, lugares sagrados y santuarios o su destrucción en contravención del derecho internacional, en particular el derecho internacional de los derechos humanos y el derecho internacional humanitario, habida cuenta de que, para la dignidad y la vida de las personas que tienen creencias espirituales o religiosas, esos lugares poseen un significado que trasciende lo material;</p>
        </content>
      </paragraph>
      <paragraph eId="para_34" class="SingleTxt">
        <content eId="para_34__content">
          <p xml:space="preserve">	e)	Los casos, en la ley y en la práctica, que constituyen violaciones del derecho humano a la libertad de religión o de creencias, incluido el derecho individual a expresar públicamente las propias creencias espirituales y religiosas, teniendo en cuenta los artículos pertinentes del Pacto Internacional de Derechos Civiles y Políticos<sup>1</sup>, así como otros instrumentos internacionales;</p>
        </content>
      </paragraph>
      <paragraph eId="para_35" class="SingleTxt">
        <content eId="para_35__content">
          <p xml:space="preserve">	f)	Los regímenes constitucionales y legislativos que no ofrecen garantías suficientes y efectivas de libertad de pensamiento, conciencia y religión o creencias para todas las personas sin distinción;</p>
        </content>
      </paragraph>
      <paragraph eId="para_36" class="SingleTxt">
        <num>	14.</num>
        <content eId="para_36__content">
          <p xml:space="preserve">
            <span class="italic">Insta </span>a los Estados a que intensifiquen sus esfuerzos para proteger y promover la libertad de pensamiento, conciencia y religión o creencias, lo cual implica:</p>
        </content>
      </paragraph>
      <paragraph eId="para_37" class="SingleTxt">
        <content eId="para_37__content">
          <p xml:space="preserve">	a)	Velar por que sus regímenes constitucionales y legislativos ofrezcan garantías suficientes y efectivas de libertad de pensamiento, conciencia y religión o creencias para todas las personas sin distinción proporcionando, entre otras cosas, acceso a la justicia, por ejemplo, ofreciendo asistencia letrada y recursos efectivos en los casos en que se haya violado el derecho a la libertad de pensamiento, conciencia y religión o creencias o el derecho a elegir y practicar libremente la propia religión o las propias creencias, prestando especial atención a las personas pertenecientes a minorías religiosas;</p>
        </content>
      </paragraph>
      <paragraph eId="para_38" class="SingleTxt">
        <content eId="para_38__content">
          <p xml:space="preserve">	b)	Aplicar todas las recomendaciones aceptadas del examen periódico universal relacionadas con la promoción y la protección de la libertad de religión o de creencias;</p>
        </content>
      </paragraph>
      <paragraph eId="para_39" class="SingleTxt">
        <content eId="para_39__content">
          <p xml:space="preserve">	c)	Garantizar que nadie dentro de su territorio y sujeto a su jurisdicción se vea privado del derecho a la vida, la libertad y la seguridad personal a causa de su religión o sus creencias, brindar una protección adecuada a las personas que corren el riesgo de sufrir ataques violentos por su religión o sus creencias, garantizar que nadie sea sometido a tortura ni a otros tratos o penas crueles, inhumanos o degradantes, ni a detención o prisión arbitrarias por ese motivo, y llevar ante la justicia a todas las personas que violen esos derechos;</p>
        </content>
      </paragraph>
      <paragraph eId="para_40" class="SingleTxt">
        <content eId="para_40__content">
          <p xml:space="preserve">	d)	Poner fin a las violaciones de los derechos humanos de las mujeres y las niñas y dedicar especial atención a las medidas adecuadas para modificar o derogar las leyes, normas, costumbres y prácticas en vigor que las discriminan, por ejemplo en el ejercicio de su derecho a la libertad de pensamiento, conciencia y religión o creencias, y fomentar medios prácticos de garantizar la igualdad entre los géneros;</p>
        </content>
      </paragraph>
      <paragraph eId="para_41" class="SingleTxt">
        <content eId="para_41__content">
          <p xml:space="preserve">	e)	Garantizar que las leyes existentes no se apliquen de manera discriminatoria ni den lugar a discriminación fundada en la religión o las creencias, que no se discrimine a nadie a causa de su religión o sus creencias en el acceso a la educación, la atención médica, el empleo, la asistencia humanitaria o las prestaciones sociales, entre otras cosas, y que todas las personas tengan el derecho y la oportunidad de acceder, en un marco general de igualdad, a los servicios públicos de su país sin discriminación alguna fundada en la religión o las creencias;</p>
        </content>
      </paragraph>
      <paragraph eId="para_42" class="SingleTxt">
        <content eId="para_42__content">
          <p xml:space="preserve">	f)	Examinar, cada vez que corresponda, las prácticas de registro en vigor, para asegurar que no limiten el derecho de todas las personas a manifestar su religión o sus creencias, individual o colectivamente y tanto en público como en privado;</p>
        </content>
      </paragraph>
      <paragraph eId="para_43" class="SingleTxt">
        <content eId="para_43__content">
          <p xml:space="preserve">	g)	Velar por que no se nieguen a nadie documentos oficiales por motivos de religión o creencias y por que todas las personas tengan el derecho a no revelar en esos documentos, en contra de su voluntad, información relativa a la religión que profesan;</p>
        </content>
      </paragraph>
      <paragraph eId="para_44" class="SingleTxt">
        <content eId="para_44__content">
          <p xml:space="preserve">	h)	Garantizar, en particular, el derecho de todas las personas a practicar o enseñar su religión o reunirse en relación con una religión o creencia, su derecho a establecer y mantener lugares para esos propósitos y el derecho de todas las personas a buscar, recibir e impartir información e ideas en esas esferas;</p>
        </content>
      </paragraph>
      <paragraph eId="para_45" class="SingleTxt">
        <content eId="para_45__content">
          <p xml:space="preserve">	i)	Asegurar que, de conformidad con la legislación nacional apropiada y el derecho internacional de los derechos humanos, se respete y proteja plenamente la libertad de todas las personas y miembros de grupos de establecer y mantener instituciones religiosas, benéficas y humanitarias;</p>
        </content>
      </paragraph>
      <paragraph eId="para_46" class="SingleTxt">
        <content eId="para_46__content">
          <p xml:space="preserve">	j)	Asegurar que todos los funcionarios y empleados públicos, incluidos los miembros de las fuerzas del orden y el personal de los centros de detención, los militares y los educadores, en el desempeño de sus funciones oficiales, respeten la libertad de religión o de creencias y no discriminen por motivos de religión o creencias y que se les imparta toda la concienciación, educación o capacitación sobre el respeto a la libertad de religión o de creencias que sea necesaria y apropiada;</p>
        </content>
      </paragraph>
      <paragraph eId="para_47" class="SingleTxt">
        <content eId="para_47__content">
          <p xml:space="preserve">	k)	Adoptar todas las medidas necesarias y apropiadas, de conformidad con las normas internacionales de derechos humanos, para combatir el odio, la discriminación, la intolerancia y los actos de violencia, intimidación y coerción motivados por la intolerancia fundada en la religión o las creencias, así como la incitación a la hostilidad y la violencia, con especial consideración a las personas pertenecientes a minorías religiosas en todas partes del mundo;</p>
        </content>
      </paragraph>
      <paragraph eId="para_48" class="SingleTxt">
        <content eId="para_48__content">
          <p xml:space="preserve">	l)	Promover, mediante la educación y por otros medios, reciprocidad en el entendimiento, la tolerancia, la no discriminación y el respeto en todas las cuestiones relacionadas con la libertad de religión o de creencias alentando, en la sociedad en general, un conocimiento más amplio de la diversidad de religiones y creencias y de la historia, las tradiciones, el idioma y la cultura de las diferentes minorías religiosas que existen en su jurisdicción; </p>
        </content>
      </paragraph>
      <paragraph eId="para_49" class="SingleTxt">
        <content eId="para_49__content">
          <p xml:space="preserve">	m)	Evitar toda distinción, exclusión, restricción o preferencia fundada en la religión o en las creencias que menoscabe el reconocimiento, el goce o el ejercicio en pie de igualdad de los derechos humanos y las libertades fundamentales y detectar indicios de intolerancia que podrían conducir a la discriminación fundada en la religión o las creencias;</p>
        </content>
      </paragraph>
      <paragraph eId="para_50" class="SingleTxt">
        <num>	15.</num>
        <content eId="para_50__content">
          <p xml:space="preserve">
            <span class="italic">Acoge con beneplácito y alienta </span>las iniciativas emprendidas por los medios de comunicación para fomentar la tolerancia y el respeto de la diversidad religiosa y cultural y la promoción y protección universales de los derechos humanos, incluida la libertad de religión o de creencias, y destaca la importancia de la participación sin trabas de todas las personas, independientemente de su religión y sus creencias, en los medios de comunicación y en el discurso público;</p>
        </content>
      </paragraph>
      <paragraph eId="para_51" class="SingleTxt">
        <num>	16.</num>
        <content eId="para_51__content">
          <p xml:space="preserve">
            <span class="italic">Destaca </span>la importancia de mantener un diálogo constante e intensificado en todas sus formas, especialmente entre las religiones o creencias y dentro de cada una de ellas, y con una participación más amplia que incluya a las mujeres, para promover mayor tolerancia, respeto y entendimiento mutuo, y acoge con beneplácito las diferentes iniciativas a este respecto, entre ellas, la iniciativa de la Alianza de Civilizaciones de las Naciones Unidas y los programas dirigidos por la Organización de las Naciones Unidas para la Educación, la Ciencia y la Cultura;</p>
        </content>
      </paragraph>
      <paragraph eId="para_52" class="SingleTxt">
        <num>	17.</num>
        <content eId="para_52__content">
          <p xml:space="preserve">
            <span class="italic">Acoge con beneplácito y alienta</span> las iniciativas constantes de todas las instancias de la sociedad, entre ellas las instituciones nacionales de derechos humanos, las organizaciones no gubernamentales y los órganos y grupos basados en la religión o las creencias, para promover la aplicación de la Declaración sobre la Eliminación de Todas las Formas de Intolerancia y Discriminación Fundadas en la Religión o las Convicciones<authorialNote marker="5" placement="bottom" eId="authorialNote_5"><p xml:space="preserve">		Resolución <a href="https://undocs.org/es/A/RES/36/55">36/55</a>.</p></authorialNote>, y las alienta además en su labor de promover la libertad de religión o de creencias, resaltar los casos de intolerancia, discriminación y persecución por motivos religiosos y promover la tolerancia religiosa;</p>
        </content>
      </paragraph>
      <paragraph eId="para_53" class="SingleTxt">
        <num>	18.</num>
        <content eId="para_53__content">
          <p xml:space="preserve">
            <span class="italic">Recomienda </span>que los Estados, las Naciones Unidas y otras instancias, entre ellas las instituciones nacionales de derechos humanos, las organizaciones no gubernamentales y los órganos y grupos basados en la religión o las creencias, en sus esfuerzos por promover la libertad de religión o de creencias, aseguren la difusión más amplia posible del texto de la Declaración en tantos idiomas como sea posible, y promuevan su aplicación;</p>
        </content>
      </paragraph>
      <paragraph eId="para_54" class="SingleTxt">
        <num>	19.</num>
        <content eId="para_54__content">
          <p xml:space="preserve">
            <span class="italic">Toma nota con aprecio </span>de la labor del Relator Especial del Consejo de Derechos Humanos sobre la libertad de religión o de creencias y de su informe provisional sobre la eliminación de todas las formas de intolerancia religiosa<authorialNote marker="6" placement="bottom" eId="authorialNote_6"><p xml:space="preserve"><a href="https://undocs.org/es/A/74/358">A/74/358</a>. </p></authorialNote>;</p>
        </content>
      </paragraph>
      <paragraph eId="para_55" class="SingleTxt">
        <num>	20.</num>
        <content eId="para_55__content">
          <p xml:space="preserve">
            <span class="italic">Insta </span>a todos los Gobiernos a que cooperen plenamente con el Relator Especial, respondan favorablemente a sus solicitudes de visitar sus países y le suministren toda la información necesaria y den el seguimiento adecuado para el cumplimiento efectivo de su mandato;</p>
        </content>
      </paragraph>
      <paragraph eId="para_56" class="SingleTxt">
        <num>	21.</num>
        <content eId="para_56__content">
          <p xml:space="preserve">
            <span class="italic">Solicita </span>al Secretario General que vele por que el Relator Especial reciba los recursos necesarios para desempeñar plenamente su mandato;</p>
        </content>
      </paragraph>
      <paragraph eId="para_57" class="SingleTxt">
        <num>	22.</num>
        <content eId="para_57__content">
          <p xml:space="preserve">
            <span class="italic">Solicita </span>al Relator Especial que en su septuagésimo quinto período de sesiones le presente un informe provisional;</p>
        </content>
      </paragraph>
      <paragraph eId="para_58" class="SingleTxt">
        <num>	23.</num>
        <content eId="para_58__content">
          <p xml:space="preserve">
            <span class="italic">Decide </span>examinar en su septuagésimo quinto período de sesiones la cuestión de la eliminación de todas las formas de intolerancia religiosa, en relación con el tema titulado “Promoción y protección de los derechos humanos”.</p>
        </content>
      </paragraph>
    </mainBody>
    <conclusions eId="conclusions">
      <p>
        <inline name="adoptionMeeting" title="50a">50a sesión plenaria</inline>
        <eol />
        <docDate date="2019-12-18" refersTo="#adoptionDate">18 de diciembre de 2019</docDate>
      </p>
    </conclusions>
  </statement>
</akomaNtoso>