<akomaNtoso xmlns:xsi="http://www.w3.org/2001/XMLSchema-instance" xsi:schemaLocation="http://docs.oasis-open.org/legaldocml/ns/akn/3.0 http://docs.oasis-open.org/legaldocml/akn-core/v1.0/os/part2-specs/schemas/akomantoso30.xsd" xmlns="http://docs.oasis-open.org/legaldocml/ns/akn/3.0" xmlns:html="http://www.w3.org/1999/xhtml" xmlns:akn4un="http://un.org/akn4un">
  <statement name="resolution">
    <meta>
      <identification source="#DGACM">
        <FRBRWork>
          <FRBRthis value="/akn/un/statement/deliberation/unga/2019-12-18/74-193/!main/"></FRBRthis>
          <FRBRuri value="/akn/un/statement/deliberation/unga/2019-12-18/74-193/"></FRBRuri>
          <FRBRdate date="2019-12-18" name="adoption"></FRBRdate>
          <FRBRauthor href="ga" as="author"></FRBRauthor>
          <FRBRcountry value="un"></FRBRcountry>
        </FRBRWork>
        <FRBRExpression>
          <FRBRthis value="/akn/un/statement/deliberation/unga/2019-12-18/74-193/spa@!main/"></FRBRthis>
          <FRBRuri value="/akn/un/statement/deliberation/unga/2019-12-18/74-193/spa@/"></FRBRuri>
          <FRBRdate date="2019-12-30" name="publication"></FRBRdate>
          <FRBRauthor href="ga" as="issuer"></FRBRauthor>
          <FRBRlanguage language="spa"></FRBRlanguage>
        </FRBRExpression>
        <FRBRManifestation>
          <FRBRthis value="/akn/un/statement/deliberation/unga/2019-12-18/74-193/spa@/!main.xml"></FRBRthis>
          <FRBRuri value="/akn/un/statement/deliberation/unga/2019-12-18/74-193/spa@.xml"></FRBRuri>
          <FRBRdate date="2020-08-18" name="markup"></FRBRdate>
          <FRBRauthor href="DGACM" as="editor"></FRBRauthor>
        </FRBRManifestation>
      </identification>
      <classification source="http://metadata.un.org/sdg">
        <keyword value="6" href="http://metadata.un.org/sdg/6" showAs="sdg_6" dictionary="SDGO"></keyword>
        <keyword value="water" href="http://eurovoc.europa.eu/597" showAs="water" dictionary="EuroVoc"></keyword>
        <keyword value="public_hygiene" href="http://eurovoc.europa.eu/3371" showAs="public_hygiene" dictionary="EuroVoc"></keyword>
        <keyword value="use_of_water" href="http://eurovoc.europa.eu/4628" showAs="use_of_water" dictionary="EuroVoc"></keyword>
        <keyword value="water" href="http://metadata.un.org/thesaurus/030500" showAs="water" dictionary="UNBIS Thesaurus"></keyword>
        <keyword value="sanitation" href="http://metadata.un.org/thesaurus/1005701" showAs="sanitation" dictionary="UNBIS Thesaurus"></keyword>
        <keyword value="water_management" href="http://metadata.un.org/thesaurus/1006948" showAs="water_management" dictionary="UNBIS Thesaurus"></keyword>
      </classification>
      <classification source="http://metadata.un.org/sdg">
        <keyword value="4.1" href="http://metadata.un.org/sdg/4.1" showAs="sdg_4.1" dictionary="SDGO"></keyword>
        <keyword value="children" href="http://metadata.un.org/thesaurus/1000952" showAs="children" dictionary="UNBIS Thesaurus"></keyword>
      </classification>
      <classification source="http://metadata.un.org/sdg">
        <keyword value="1.4" href="http://metadata.un.org/sdg/1.4" showAs="sdg_1.4" dictionary="SDGO"></keyword>
      </classification>
      <workflow source="#un">
        <step date="2019-10-30" outcome="draftResolution" as="A/C.6/74/L.11" by="introduced in the Committee by the representative of Israel on behalf of the Bureau" />
        <step date="0001-01-01" outcome="draftResolutionAdditionalSponsors" by="" />
        <step date="0001-01-01" outcome="recommendedForAdoption" as="A/74/431" by="" refersTo="7" />
        <step date="2019-12-18" outcome="adopted" as="A/74/PV.51" by="" />
      </workflow>
      <analysis source="#un">
        <parliamentary>
          <voting outcome="adoptedWithoutVote">
            <quorum value=""></quorum>
          </voting>
        </parliamentary>
      </analysis>
      <references source="#DGACM">
        <TLCOrganization eId="source" href="/akn/ontology/organization/un/DGACM" showAs="DGACM"></TLCOrganization>
        <TLCConcept eId="dateOfIssuance" href="/akn/ontology/concept/un/dateOfIssuance" showAs="Date of issuance"></TLCConcept>
        <TLCConcept eId="dateOfAdoption" href="/akn/ontology/concept/un/dateOfAdoption" showAs="Date of adoption"></TLCConcept>
        <TLCConcept eId="symbol" href="/akn/ontology/reference/un/symbol" showAs="Symbol"></TLCConcept>
        <TLCRole eId="publisher" href="/akn/ontology/role/un/publisher" showAs="Publisher"></TLCRole>
        <TLCRole eId="issuingBody" href="/akn/role/concept/un/issuingBody" showAs="Issuing body"></TLCRole>
        <TLCRole eId="author" href="/akn/ontology/role/un/author" showAs="Author"></TLCRole>
        <TLCRole eId="editor" href="/akn/ontology/role/un/editor" showAs="Editor"></TLCRole>
        <TLCRole eId="distribution" href="/akn/ontology/concept/un/generalDistribution" showAs="General distribution"></TLCRole>
        <TLCOrganization eId="ga" href="/akn/ontology/organization/un/generalAssembly" showAs="General Assembly"></TLCOrganization>
        <TLCTerm eId="resolutionTitle" href="/akn/ontology/reference/un/resolutionTitle" showAs="Resolution title"></TLCTerm>
        <TLCTerm eId="sixthCommittee" href="#sixthCommittee" showAs="Sexta Comisión"></TLCTerm>
        <TLCTerm eId="memberState" href="/akn/ontology/organization/un/memberState" showAs="Member State"></TLCTerm>
        <TLCTerm eId="inFavour" href="/akn/ontology/concept/un/voting/inFavour" showAs="In favour"></TLCTerm>
        <TLCTerm eId="against" href="/akn/ontology/concept/un/voting/against" showAs="Against"></TLCTerm>
        <TLCTerm eId="abstaining" href="/akn/ontology/concept/un/voting/abstaining" showAs="Abstaining"></TLCTerm>
      </references>
      <presentation source="#un">
        <akn4un:footerFirstPage>
          <akn4un:footerFirstPageLeft>
            <akn4un:internalCode>
              <docketNumber refersTo="#publicationJobNumber">19-22401 (S)</docketNumber>
              <img alt="bar code" class="barCode" src=""></img>
            </akn4un:internalCode>
          </akn4un:footerFirstPageLeft>
          <akn4un:footerFirstPageRight>
            <img alt="Please recycle" class="image" src="./recylcleLogo.jpg"></img>
            <img alt="embedded QR code" class="qrCode" src=""></img>
          </akn4un:footerFirstPageRight>
        </akn4un:footerFirstPage>
      </presentation>
    </meta>
    <coverPage eId="coverPage_1">
      <p>
        <span refersTo="#publisher" class="upperLeft">
          <docAuthority refersTo="#publisher">Naciones Unidas</docAuthority>
        </span>
      </p>
      <p class="upperRight">
        <docNumber refersTo="#symbol">A/RES/74/193</docNumber>
      </p>
      <p class="upperLeft">
        <img src="logo-un.jpg"></img>
        <docAuthority refersTo="#issuingBody" class="rightBig">Asamblea General</docAuthority>
      </p>
      <p>
        <docStatus refersTo="#generalDistribution" class="rightSmall">Distr. general</docStatus>
      </p>
      <p>
        <docDate date="2019-12-30" class="rightSmall" refersTo="#dateOfIssuance">30 de diciembre de 2019</docDate>
      </p>
      <p>
        <session refersTo="#generalAssembly" value="74" eId="coverPage_1__session_1">Septuagésimo cuarto período de sesiones</session>
      </p>
      <p>
        <inline name="agenda item">Tema 85 del programa</inline>
      </p>
      <p>
        <inline name="agenda item name">El derecho de los acuíferos transfronterizos</inline>
      </p>
      <p>
        <docTitle>Resolución aprobada por la Asamblea General el 18 de diciembre de 2019</docTitle>
      </p>
      <p xml:space="preserve">
        <docProponent refersTo="#sixthCommittee">[sobre la base del informe de la Sexta Comisión (<inline name="originating document">A/74/431</inline>)]</docProponent>
      </p>
    </coverPage>
    <preface>
      <p>
        <docNumber>74/193.</docNumber>
        <docTitle refersTo="#resolutionTitle">El derecho de los acuíferos transfronterizos</docTitle>
      </p>
    </preface>
    <preamble>
      <formula name="enactingFormula" eId="formula_1">
        <p xml:space="preserve">
          <span class="italic">La Asamblea General</span>,</p>
      </formula>
      <container name="Recordando" eId="container_2">
        <p xml:space="preserve">
          <span class="italic">Recordando</span> sus resoluciones <a href="https://undocs.org/sp/A/RES/63/124">63/124</a>, de 11 de diciembre de 2008, <a href="https://undocs.org/sp/A/RES/66/104">66/104</a>, de 9 de diciembre de 2011, <a href="https://undocs.org/sp/A/RES/68/118">68/118</a>, de 16 de diciembre de 2013, y <a href="https://undocs.org/sp/A/RES/71/150">71/150</a>, de 13 de diciembre de 2016,</p>
      </container>
      <container name="Observando" eId="container_3">
        <p xml:space="preserve">
          <span class="italic">Observando</span> la gran importancia del derecho de los acuíferos transfronterizos para las relaciones entre los Estados y la necesidad de asegurar para las generaciones presentes y futuras, mediante la cooperación internacional, una gestión razonable y adecuada de los acuíferos transfronterizos, que son un recurso natural de importancia vital,</p>
      </container>
      <container name="Observando también" eId="container_4">
        <p xml:space="preserve">
          <span class="italic">Observando también</span> que las disposiciones del proyecto de artículos sobre el derecho de los acuíferos transfronterizos se han tomado en cuenta en instrumentos pertinentes como el Acuerdo sobre el Acuífero Guaraní, firmado por la Argentina, el Brasil, el Paraguay y el Uruguay el 2 de agosto de 2010, y las Disposiciones Modelo sobre las Aguas Subterráneas Transfronterizas, aprobadas por la sexta Reunión de las Partes en el Convenio sobre la Protección y Utilización de los Cursos de Agua Transfronterizos y de los Lagos Internacionales el 29 de noviembre de 2012,</p>
      </container>
      <container name="Reconociendo" eId="container_5">
        <p xml:space="preserve">
          <span class="italic">Reconociendo</span> que en la Agenda 2030 para el Desarrollo Sostenible<authorialNote marker="1" placement="bottom" eId="authorialNote_1"><p xml:space="preserve">		Resolución <a href="https://undocs.org/sp/A/RES/70/1">70/1</a>.</p></authorialNote> se incluye el objetivo de garantizar la disponibilidad y la gestión sostenible del agua y el saneamiento para todos,</p>
      </container>
      <container name="Tomando nota" eId="container_6">
        <p xml:space="preserve">
          <span class="italic">Tomando nota</span> del documento final del Grupo de Alto Nivel sobre el Agua<authorialNote marker="2" placement="bottom" eId="authorialNote_2"><p xml:space="preserve">		Grupo de Alto Nivel sobre el Agua, “Making every drop count: an agenda for water action” (14 de marzo de 2018).</p></authorialNote>,</p>
      </container>
      <container name="Encomiando" eId="container_7">
        <p xml:space="preserve">
          <span class="italic">Encomiando</span> los esfuerzos realizados por el Programa Hidrológico Internacional de la Organización de las Naciones Unidas para la Educación, la Ciencia y la Cultura a fin de que los Estados Miembros presten mayor atención al proyecto de artículos sobre el derecho de los acuíferos transfronterizos<authorialNote marker="3" placement="bottom" eId="authorialNote_3"><p xml:space="preserve">		Resolución <a href="https://undocs.org/sp/A/RES/68/118">68/118</a>, anexo.</p></authorialNote> y profundicen su comprensión, concretamente mediante la organización de una serie de cursos de formación sobre la aplicación del proyecto de artículos, así como la compilación de un inventario y la evaluación de los sistemas acuíferos transfronterizos del mundo,</p>
      </container>
      <container name="Poniendo de relieve" eId="container_8">
        <p xml:space="preserve">
          <span class="italic">Poniendo de relieve</span> la importancia que siguen teniendo la codificación y el desarrollo progresivo del derecho internacional a que se hace referencia en el Artículo 13, párrafo 1 a), de la Carta de las Naciones Unidas,</p>
      </container>
      <container name="Haciendo notar" eId="container_9">
        <p xml:space="preserve">
          <span class="italic">Haciendo notar</span> las observaciones de los Gobiernos y los debates de la Sexta Comisión sobre este asunto durante sus períodos de sesiones sexagésimo tercero, sexagésimo sexto, sexagésimo octavo, septuagésimo primero y septuagésimo cuarto<authorialNote marker="4" placement="bottom" eId="authorialNote_4"><p xml:space="preserve">		Véanse <a href="https://undocs.org/sp/A/C.6/63/SR.16">A/C.6/63/SR.16</a>, <a href="https://undocs.org/sp/A/C.6/63/SR.17">A/C.6/63/SR.17</a>, <a href="https://undocs.org/sp/A/C.6/63/SR.18">A/C.6/63/SR.18</a>, <a href="https://undocs.org/sp/A/C.6/63/SR.19">A/C.6/63/SR.19</a>, <a href="https://undocs.org/sp/A/C.6/63/SR.26">A/C.6/63/SR.26</a>, <a href="https://undocs.org/sp/A/C.6/66/SR.16">A/C.6/66/SR.16</a>, <a href="https://undocs.org/sp/A/C.6/66/SR.29">A/C.6/66/SR.29</a>, <a href="https://undocs.org/sp/A/C.6/68/SR.16">A/C.6/68/SR.16</a>, <a href="https://undocs.org/sp/A/C.6/68/SR.29">A/C.6/68/SR.29</a>, <a href="https://undocs.org/sp/A/C.6/71/SR.18">A/C.6/71/SR.18</a>, <a href="https://undocs.org/sp/A/C.6/71/SR.19">A/C.6/71/SR.19</a>, <a href="https://undocs.org/sp/A/C.6/71/SR.33">A/C.6/71/SR.33</a> y <a href="https://undocs.org/sp/A/C.6/74/SR.21">A/C.6/74/SR.21</a>. Véanse también <a href="https://undocs.org/sp/A/66/116">A/66/116</a>, <a href="https://undocs.org/sp/A/66/116/Add.1">A/66/116/Add.1</a> y <a href="https://undocs.org/sp/A/68/172">A/68/172</a>.</p></authorialNote>,</p>
      </container>
    </preamble>
    <mainBody>
      <paragraph eId="para_10" class="SingleTxt">
        <num>	1.</num>
        <content eId="para_10__content">
          <p xml:space="preserve">
            <span class="italic">Señala</span> a la atención de los Gobiernos el proyecto de artículos sobre el derecho de los acuíferos transfronterizos que figura en el anexo de su resolución <a href="https://undocs.org/sp/A/RES/68/118">68/118</a> a fin de que les sirva de orientación en los acuerdos y arreglos bilaterales o regionales para la adecuada gestión de los acuíferos transfronterizos;</p>
        </content>
      </paragraph>
      <paragraph eId="para_11" class="SingleTxt">
        <num>	2.</num>
        <content eId="para_11__content">
          <p xml:space="preserve">
            <span class="italic">Alienta</span> al Programa Hidrológico Internacional de la Organización de las Naciones Unidas para la Educación, la Ciencia y la Cultura a que siga realizando su aportación consistente en prestar asistencia científica y técnica con el consentimiento del Estado receptor y en el marco de su mandato;</p>
        </content>
      </paragraph>
      <paragraph eId="para_12" class="SingleTxt">
        <num>	3.</num>
        <content eId="para_12__content">
          <p xml:space="preserve">
            <span class="italic">Decide</span> incluir en el programa provisional de su septuagésimo séptimo período de sesiones el tema titulado “El derecho de los acuíferos transfronterizos”.</p>
        </content>
      </paragraph>
    </mainBody>
    <conclusions eId="conclusions">
      <p>
        <inline name="adoptionMeeting" title="51a">51a sesión plenaria</inline>
        <eol />
        <docDate date="2019-12-18" refersTo="#adoptionDate">18 de diciembre de 2019</docDate>
      </p>
    </conclusions>
  </statement>
</akomaNtoso>