<akomaNtoso xmlns:xsi="http://www.w3.org/2001/XMLSchema-instance" xsi:schemaLocation="http://docs.oasis-open.org/legaldocml/ns/akn/3.0 http://docs.oasis-open.org/legaldocml/akn-core/v1.0/os/part2-specs/schemas/akomantoso30.xsd" xmlns="http://docs.oasis-open.org/legaldocml/ns/akn/3.0" xmlns:html="http://www.w3.org/1999/xhtml" xmlns:akn4un="http://un.org/akn4un">
  <statement name="resolution">
    <meta>
      <identification source="#DGACM">
        <FRBRWork>
          <FRBRthis value="/akn/un/statement/deliberation/unga/2019-12-19/74-197/!main/"></FRBRthis>
          <FRBRuri value="/akn/un/statement/deliberation/unga/2019-12-19/74-197/"></FRBRuri>
          <FRBRdate date="2019-12-19" name="adoption"></FRBRdate>
          <FRBRauthor href="ga" as="author"></FRBRauthor>
          <FRBRcountry value="un"></FRBRcountry>
        </FRBRWork>
        <FRBRExpression>
          <FRBRthis value="/akn/un/statement/deliberation/unga/2019-12-19/74-197/spa@!main/"></FRBRthis>
          <FRBRuri value="/akn/un/statement/deliberation/unga/2019-12-19/74-197/spa@/"></FRBRuri>
          <FRBRdate date="2020-01-10" name="publication"></FRBRdate>
          <FRBRauthor href="ga" as="issuer"></FRBRauthor>
          <FRBRlanguage language="spa"></FRBRlanguage>
        </FRBRExpression>
        <FRBRManifestation>
          <FRBRthis value="/akn/un/statement/deliberation/unga/2019-12-19/74-197/spa@/!main.xml"></FRBRthis>
          <FRBRuri value="/akn/un/statement/deliberation/unga/2019-12-19/74-197/spa@.xml"></FRBRuri>
          <FRBRdate date="2020-08-17" name="markup"></FRBRdate>
          <FRBRauthor href="DGACM" as="editor"></FRBRauthor>
        </FRBRManifestation>
      </identification>
      <classification source="http://metadata.un.org/sdg">
        <keyword value="5" href="http://metadata.un.org/sdg/5" showAs="sdg_5" dictionary="SDGO"></keyword>
        <keyword value="gender_equality" href="http://eurovoc.europa.eu/3913" showAs="gender_equality" dictionary="EuroVoc"></keyword>
        <keyword value="participation_of_women" href="http://eurovoc.europa.eu/2265" showAs="participation_of_women" dictionary="EuroVoc"></keyword>
        <keyword value="women&amp;#39;s_rights" href="http://eurovoc.europa.eu/585" showAs="women&amp;#39;s_rights" dictionary="EuroVoc"></keyword>
        <keyword value="position_of_women" href="http://eurovoc.europa.eu/81" showAs="position_of_women" dictionary="EuroVoc"></keyword>
        <keyword value="women" href="http://metadata.un.org/thesaurus/1007029" showAs="women" dictionary="UNBIS Thesaurus"></keyword>
        <keyword value="gender_equality" href="http://metadata.un.org/thesaurus/1002612" showAs="gender_equality" dictionary="UNBIS Thesaurus"></keyword>
        <keyword value="girls" href="http://metadata.un.org/thesaurus/1002684" showAs="girls" dictionary="UNBIS Thesaurus"></keyword>
      </classification>
      <classification source="http://metadata.un.org/sdg">
        <keyword value="10" href="http://metadata.un.org/sdg/10" showAs="sdg_10" dictionary="SDGO"></keyword>
        <keyword value="social_inequality" href="http://eurovoc.europa.eu/1420" showAs="social_inequality" dictionary="EuroVoc"></keyword>
        <keyword value="equality" href="http://metadata.un.org/thesaurus/1002102" showAs="equality" dictionary="UNBIS Thesaurus"></keyword>
      </classification>
      <classification source="http://metadata.un.org/sdg">
        <keyword value="16" href="http://metadata.un.org/sdg/16" showAs="sdg_16" dictionary="SDGO"></keyword>
        <keyword value="right_to_justice" href="http://eurovoc.europa.eu/516" showAs="right_to_justice" dictionary="EuroVoc"></keyword>
        <keyword value="sustainable_development" href="http://eurovoc.europa.eu/5585" showAs="sustainable_development" dictionary="EuroVoc"></keyword>
        <keyword value="civil_society" href="http://metadata.un.org/thesaurus/1001012" showAs="civil_society" dictionary="UNBIS Thesaurus"></keyword>
        <keyword value="justice" href="http://metadata.un.org/thesaurus/1003500" showAs="justice" dictionary="UNBIS Thesaurus"></keyword>
        <keyword value="peaceful_coexistence" href="http://metadata.un.org/thesaurus/1004777" showAs="peaceful_coexistence" dictionary="UNBIS Thesaurus"></keyword>
        <keyword value="public_institutions" href="http://metadata.un.org/thesaurus/1005254" showAs="public_institutions" dictionary="UNBIS Thesaurus"></keyword>
        <keyword value="social_justice" href="http://metadata.un.org/thesaurus/1005970" showAs="social_justice" dictionary="UNBIS Thesaurus"></keyword>
        <keyword value="sustainable_development" href="http://metadata.un.org/thesaurus/1006319" showAs="sustainable_development" dictionary="UNBIS Thesaurus"></keyword>
      </classification>
      <classification source="http://metadata.un.org/sdg">
        <keyword value="17" href="http://metadata.un.org/sdg/17" showAs="sdg_17" dictionary="SDGO"></keyword>
        <keyword value="sustainable_development" href="http://eurovoc.europa.eu/5585" showAs="sustainable_development" dictionary="EuroVoc"></keyword>
        <keyword value="partnership" href="http://eurovoc.europa.eu/4199" showAs="partnership" dictionary="EuroVoc"></keyword>
        <keyword value="sustainable_development" href="http://metadata.un.org/thesaurus/1006319" showAs="sustainable_development" dictionary="UNBIS Thesaurus"></keyword>
        <keyword value="partnership" href="http://metadata.un.org/thesaurus/1004748" showAs="partnership" dictionary="UNBIS Thesaurus"></keyword>
      </classification>
      <workflow source="#un">
        <step date="2019-11-21" outcome="draftResolution" as="A/C.2/74/L.70" by="submitted by the Vice-Chair of the Committee" />
        <step date="0001-01-01" outcome="draftResolutionAdditionalSponsors" by="" />
        <step date="0001-01-01" outcome="recommendedForAdoption" as="A/74/378" by="" refersTo="12" />
        <step date="2019-12-19" outcome="adopted" as="A/74/PV.52" by="" />
      </workflow>
      <analysis source="#un">
        <parliamentary>
          <voting outcome="adoptedWithoutVote">
            <quorum value=""></quorum>
          </voting>
        </parliamentary>
      </analysis>
      <references source="#DGACM">
        <TLCOrganization eId="source" href="/akn/ontology/organization/un/DGACM" showAs="DGACM"></TLCOrganization>
        <TLCConcept eId="dateOfIssuance" href="/akn/ontology/concept/un/dateOfIssuance" showAs="Date of issuance"></TLCConcept>
        <TLCConcept eId="dateOfAdoption" href="/akn/ontology/concept/un/dateOfAdoption" showAs="Date of adoption"></TLCConcept>
        <TLCConcept eId="symbol" href="/akn/ontology/reference/un/symbol" showAs="Symbol"></TLCConcept>
        <TLCRole eId="publisher" href="/akn/ontology/role/un/publisher" showAs="Publisher"></TLCRole>
        <TLCRole eId="issuingBody" href="/akn/role/concept/un/issuingBody" showAs="Issuing body"></TLCRole>
        <TLCRole eId="author" href="/akn/ontology/role/un/author" showAs="Author"></TLCRole>
        <TLCRole eId="editor" href="/akn/ontology/role/un/editor" showAs="Editor"></TLCRole>
        <TLCRole eId="distribution" href="/akn/ontology/concept/un/generalDistribution" showAs="General distribution"></TLCRole>
        <TLCOrganization eId="ga" href="/akn/ontology/organization/un/generalAssembly" showAs="General Assembly"></TLCOrganization>
        <TLCTerm eId="resolutionTitle" href="/akn/ontology/reference/un/resolutionTitle" showAs="Resolution title"></TLCTerm>
        <TLCTerm eId="secondCommittee" href="#secondCommittee" showAs="Segunda Comisión"></TLCTerm>
        <TLCTerm eId="memberState" href="/akn/ontology/organization/un/memberState" showAs="Member State"></TLCTerm>
        <TLCTerm eId="inFavour" href="/akn/ontology/concept/un/voting/inFavour" showAs="In favour"></TLCTerm>
        <TLCTerm eId="against" href="/akn/ontology/concept/un/voting/against" showAs="Against"></TLCTerm>
        <TLCTerm eId="abstaining" href="/akn/ontology/concept/un/voting/abstaining" showAs="Abstaining"></TLCTerm>
      </references>
      <presentation source="#un">
        <akn4un:footerFirstPage>
          <akn4un:footerFirstPageLeft>
            <akn4un:internalCode>
              <docketNumber refersTo="#publicationJobNumber">19-22407 (S)</docketNumber>
              <img alt="bar code" class="barCode" src=""></img>
            </akn4un:internalCode>
          </akn4un:footerFirstPageLeft>
          <akn4un:footerFirstPageRight>
            <img alt="Please recycle" class="image" src="./recylcleLogo.jpg"></img>
            <img alt="embedded QR code" class="qrCode" src=""></img>
          </akn4un:footerFirstPageRight>
        </akn4un:footerFirstPage>
      </presentation>
    </meta>
    <coverPage eId="coverPage_1">
      <p>
        <span refersTo="#publisher" class="upperLeft">
          <docAuthority refersTo="#publisher">Naciones Unidas</docAuthority>
        </span>
      </p>
      <p class="upperRight">
        <docNumber refersTo="#symbol">A/RES/74/197</docNumber>
      </p>
      <p class="upperLeft">
        <img src="logo-un.jpg"></img>
        <docAuthority refersTo="#issuingBody" class="rightBig">Asamblea General</docAuthority>
      </p>
      <p>
        <docStatus refersTo="#generalDistribution" class="rightSmall">Distr. general</docStatus>
      </p>
      <p>
        <docDate date="2020-01-10" class="rightSmall" refersTo="#dateOfIssuance">10 de enero de 2020</docDate>
      </p>
      <p>
        <session refersTo="#generalAssembly" value="74" eId="coverPage_1__session_1">Septuagésimo cuarto período de sesiones</session>
      </p>
      <p>
        <inline name="agenda item">Tema 16 del programa</inline>
      </p>
      <p>
        <inline name="agenda item name">Las tecnologías de la información y las comunicaciones para el desarrollo sostenible</inline>
      </p>
      <p>
        <docTitle>Resolución aprobada por la Asamblea General el 19 de diciembre de 2019</docTitle>
      </p>
      <p xml:space="preserve">
        <docProponent refersTo="#secondCommittee">[sobre la base del informe de la Segunda Comisión (<inline name="originating document">A/74/378</inline>)]</docProponent>
      </p>
    </coverPage>
    <preface>
      <p>
        <docNumber>74/197.</docNumber>
        <docTitle refersTo="#resolutionTitle">Las tecnologías de la información y las comunicaciones para el desarrollo sostenible</docTitle>
      </p>
    </preface>
    <preamble>
      <formula name="enactingFormula" eId="formula_1">
        <p xml:space="preserve">
          <span class="italic">La Asamblea General</span>,</p>
      </formula>
      <container name="Recordando" eId="container_2">
        <p xml:space="preserve">
          <span class="italic">Recordando</span> su resolución <a href="https://undocs.org/es/A/RES/73/218">73/218</a>, de 20 de diciembre de 2018, relativa a las tecnologías de la información y las comunicaciones para el desarrollo sostenible, así como resoluciones anteriores sobre la materia<authorialNote marker="1" placement="bottom" eId="authorialNote_1"><p xml:space="preserve">	 	Resoluciones <a href="https://undocs.org/es/A/RES/56/183">56/183</a>, <a href="https://undocs.org/es/A/RES/57/238">57/238</a>, <a href="https://undocs.org/es/A/RES/59/220">59/220</a>, <a href="https://undocs.org/es/A/RES/60/252">60/252</a>, <a href="https://undocs.org/es/A/RES/62/182">62/182</a>, <a href="https://undocs.org/es/A/RES/63/202">63/202</a>, <a href="https://undocs.org/es/A/RES/64/187">64/187</a>, <a href="https://undocs.org/es/A/RES/65/141">65/141</a>, <a href="https://undocs.org/es/A/RES/66/184">66/184</a>, <a href="https://undocs.org/es/A/RES/67/195">67/195</a>, <a href="https://undocs.org/es/A/RES/68/198">68/198</a>, <a href="https://undocs.org/es/A/RES/69/204">69/204</a>, <a href="https://undocs.org/es/A/RES/70/184">70/184</a>, <a href="https://undocs.org/es/A/RES/71/212">71/212</a> y <a href="https://undocs.org/es/A/RES/72/200">72/200</a>.</p></authorialNote>,</p>
      </container>
      <container name="Recordando también" eId="container_3">
        <p xml:space="preserve">
          <span class="italic">Recordando también</span> la resolución <a href="https://undocs.org/es/E/RES/2019/24">2019/24</a> del Consejo Económico y Social, de 23 de julio de 2019, relativa a la evaluación de los progresos realizados en la aplicación y el seguimiento de los resultados de la Cumbre Mundial sobre la Sociedad de la Información, así como resoluciones anteriores sobre la materia<authorialNote marker="2" placement="bottom" eId="authorialNote_2"><p xml:space="preserve">		Resoluciones del Consejo Económico y Social <a href="https://undocs.org/es/E/RES/2006/46">2006/46</a>, <a href="https://undocs.org/es/E/RES/2008/3">2008/3</a>, <a href="https://undocs.org/es/E/RES/2009/7">2009/7</a>, <a href="https://undocs.org/es/E/RES/2010/2">2010/2</a>, <a href="https://undocs.org/es/E/RES/2011/16">2011/16</a>, <a href="https://undocs.org/es/E/RES/2012/5">2012/5</a>, <a href="https://undocs.org/es/E/RES/2013/9">2013/9</a>, <a href="https://undocs.org/es/E/RES/2014/27">2014/27</a>, <a href="https://undocs.org/es/E/RES/2015/26">2015/26</a>, <a href="https://undocs.org/es/E/RES/2016/22">2016/22</a>, <a href="https://undocs.org/es/E/RES/2017/21">2017/21</a> y <a href="https://undocs.org/es/E/RES/2018/28">2018/28</a>.</p></authorialNote>,</p>
      </container>
      <container name="Reafirmando" eId="container_4">
        <p xml:space="preserve">
          <span class="italic">Reafirmando</span> su resolución <a href="https://undocs.org/es/A/RES/70/1">70/1</a>, de 25 de septiembre de 2015, titulada “Transformar nuestro mundo: la Agenda 2030 para el Desarrollo Sostenible”, en la que adoptó un amplio conjunto de Objetivos de Desarrollo Sostenible y metas universales y transformativos, de gran alcance y centrados en las personas, su compromiso de trabajar sin descanso a fin de conseguir la plena implementación de la Agenda a más tardar en 2030, su reconocimiento de que la erradicación de la pobreza en todas sus formas y dimensiones, incluida la pobreza extrema, es el mayor desafío a que se enfrenta el mundo y constituye un requisito indispensable para el desarrollo sostenible, su compromiso de lograr el desarrollo sostenible en sus tres dimensiones —económica, social y ambiental— de forma equilibrada e integrada y de aprovechar los logros de los Objetivos de Desarrollo del Milenio y procurar abordar los asuntos pendientes,</p>
      </container>
      <container name="Reafirmando también" eId="container_5">
        <p xml:space="preserve">
          <span class="italic">Reafirmando también</span> su resolución <a href="https://undocs.org/es/A/RES/69/313">69/313</a>, de 27 de julio de 2015, relativa a la Agenda de Acción de Addis Abeba de la Tercera Conferencia Internacional sobre la Financiación para el Desarrollo, que es parte integral de la Agenda 2030 para el Desarrollo Sostenible, le sirve de apoyo y complemento, ayuda a contextualizar las metas relativas a sus medios de implementación con políticas y medidas concretas y reafirma el resuelto compromiso político de hacer frente al problema de la financiación y de la creación de un entorno propicio a todos los niveles para el desarrollo sostenible, en un espíritu de alianza y solidaridad mundiales,</p>
      </container>
      <container name="Reafirmando además" eId="container_6">
        <p xml:space="preserve">
          <span class="italic">Reafirmando además</span> la Nueva Agenda Urbana, aprobada en la Conferencia de las Naciones Unidas sobre la Vivienda y el Desarrollo Urbano Sostenible (Hábitat III), que se celebró en Quito del 17 al 20 de octubre de 2016<authorialNote marker="3" placement="bottom" eId="authorialNote_3"><p xml:space="preserve">	 	Resolución <a href="https://undocs.org/es/A/RES/71/256">71/256</a>, anexo.</p></authorialNote>,</p>
      </container>
      <container name="Reconociendo" eId="container_7">
        <p xml:space="preserve">
          <span class="italic">Reconociendo</span> el papel de la Comisión de Ciencia y Tecnología para el Desarrollo como centro de coordinación de las Naciones Unidas para la ciencia, la tecnología y la innovación para el desarrollo y como foro para el examen de cuestiones de ciencia y tecnología y el papel de la ciencia y la tecnología como elementos facilitadores de la consecución de la Agenda 2030 para el Desarrollo Sostenible, el avance de la comprensión de las políticas sobre ciencia y tecnología, en particular en cuanto a los países en desarrollo, y la formulación de recomendaciones y orientaciones sobre asuntos de ciencia y tecnología para el desarrollo en el sistema de las Naciones Unidas,</p>
      </container>
      <container name="Reconociendo también" eId="container_8">
        <p xml:space="preserve">
          <span class="italic">Reconociendo también</span> que la Comisión de Ciencia y Tecnología para el Desarrollo es el centro de coordinación de las Naciones Unidas para el seguimiento en todo el sistema de los resultados de la Cumbre Mundial sobre la Sociedad de la Información,</p>
      </container>
      <container name="Reconociendo además" eId="container_9">
        <p xml:space="preserve">
          <span class="italic">Reconociendo además</span> el papel del Mecanismo de Facilitación de la Tecnología, que está integrado por el foro de múltiples interesados sobre la ciencia, la tecnología y la innovación en pro de los Objetivos de Desarrollo Sostenible, el equipo de tareas interinstitucional sobre la ciencia, la tecnología y la innovación en pro de los Objetivos de Desarrollo Sostenible y la plataforma en línea, como instrumento para facilitar la colaboración y las alianzas de múltiples interesados entre los Estados Miembros, la sociedad civil, el sector privado, la comunidad científica y las entidades de las Naciones Unidas, entre otros, a fin de apoyar la implementación de los Objetivos de Desarrollo Sostenible,</p>
      </container>
      <container name="Recordando" eId="container_10">
        <p xml:space="preserve">
          <span class="italic">Recordando</span> la Declaración de Principios y el Plan de Acción aprobados en la primera fase de la Cumbre Mundial sobre la Sociedad de la Información, celebrada en Ginebra del 10 al 12 de diciembre de 2003<authorialNote marker="4" placement="bottom" eId="authorialNote_4"><p xml:space="preserve">	 	Véase <a href="https://undocs.org/es/A/C.2/59/3">A/C.2/59/3</a>, anexo.</p></authorialNote>, y que la Asamblea General hizo suyos<authorialNote marker="5" placement="bottom" eId="authorialNote_5"><p xml:space="preserve">	 	Véase la resolución <a href="https://undocs.org/es/A/RES/59/220">59/220</a>.</p></authorialNote>, así como el Compromiso de Túnez y la Agenda de Túnez para la Sociedad de la Información, aprobados en la segunda fase de la Cumbre, celebrada en Túnez del 16 al 18 de noviembre de 2005<authorialNote marker="6" placement="bottom" eId="authorialNote_6"><p xml:space="preserve">	 	Véase <a href="https://undocs.org/es/A/60/687">A/60/687</a>.</p></authorialNote>, y que la Asamblea hizo suyos<authorialNote marker="7" placement="bottom" eId="authorialNote_7"><p xml:space="preserve">	 	Véase la resolución <a href="https://undocs.org/es/A/RES/60/252">60/252</a>.</p></authorialNote>,</p>
      </container>
      <container name="Recordando también" eId="container_11">
        <p xml:space="preserve">
          <span class="italic">Recordando también</span> las referencias a las tecnologías de la información y las comunicaciones que se hacen en la Agenda 2030 para el Desarrollo Sostenible y en la Agenda de Acción de Addis Abeba, y reiterando que debe existir una estrecha armonización entre el proceso de la Cumbre Mundial sobre la Sociedad de la Información y la Agenda 2030 y otros resultados de procesos intergubernamentales pertinentes,</p>
      </container>
      <container name="Recordando además" eId="container_12">
        <p xml:space="preserve">
          <span class="italic">Recordando además</span> el documento final de su reunión de alto nivel sobre el examen general de la aplicación de los resultados de la Cumbre Mundial sobre la Sociedad de la Información<authorialNote marker="8" placement="bottom" eId="authorialNote_8"><p xml:space="preserve">	 	Resolución <a href="https://undocs.org/es/A/RES/70/125">70/125</a>.</p></authorialNote>, celebrada en Nueva York los días 15 y 16 de diciembre de 2015, en la que evaluó los progresos realizados en la aplicación de los resultados de la Cumbre Mundial, examinó las posibles deficiencias en las tecnologías de la información y las comunicaciones y determinó las esferas a las que se debía prestar una atención continua,</p>
      </container>
      <container name="Reafirmando" eId="container_13">
        <p xml:space="preserve">
          <span class="italic">Reafirmando</span> su deseo y compromiso común de hacer realidad la visión de la Cumbre Mundial sobre la Sociedad de la Información, expresada en la Declaración de Principios de Ginebra,</p>
      </container>
      <container name="&#x9;Reafirmando también" eId="container_14">
        <p xml:space="preserve">
          <span class="italic">	Reafirmando también</span> el resultado de la reunión de alto nivel de la Asamblea General sobre el examen general de la aplicación de los resultados de la Cumbre Mundial sobre la Sociedad de la Información, que proporciona un panorama de las líneas de aplicación, los desafíos, la visión y las esferas prioritarias, y reconociendo la necesidad de que las personas tengan conocimientos sobre los medios de comunicación y la información que son importantes para que puedan participar plenamente en una sociedad de la información inclusiva,</p>
      </container>
      <container name="Reconociendo" eId="container_15">
        <p xml:space="preserve">
          <span class="italic">Reconociendo</span> que las tecnologías de la información y las comunicaciones brindan nuevas oportunidades y plantean nuevos desafíos y que existe una apremiante necesidad de superar los grandes obstáculos a que se enfrentan los países en desarrollo para acceder a las nuevas tecnologías, destacando la necesidad de hacer frente a los principales problemas para salvar las brechas digitales, tanto entre los países como dentro de ellos y entre las mujeres y los hombres y entre las niñas y los niños, y de aprovechar las tecnologías de la información y las comunicaciones en pro del desarrollo, y recordando la necesidad de hacer hincapié en la calidad del acceso para salvar las brechas digitales y de conocimientos, utilizando un enfoque multidimensional que incluya la velocidad, la estabilidad, la asequibilidad, el idioma, la capacitación, la creación de capacidad, el contenido local y la accesibilidad para las personas con discapacidad,</p>
      </container>
      <container name="Tomando nota" eId="container_16">
        <p xml:space="preserve">
          <span class="italic">Tomando nota</span> del informe del Secretario General sobre los progresos realizados en la aplicación y el seguimiento de los resultados de la Cumbre Mundial sobre la Sociedad de la Información a nivel regional e internacional<authorialNote marker="9" placement="bottom" eId="authorialNote_9"><p xml:space="preserve"><a href="https://undocs.org/es/A/74/62">A/74/62-E/2019/6</a>.</p></authorialNote>,</p>
      </container>
      <container name="&#x9;Tomando nota también" eId="container_17">
        <p xml:space="preserve">
          <span class="italic">	Tomando nota también</span> del informe sobre el impacto económico de la banda ancha en los países menos adelantados, los países en desarrollo sin litoral y los pequeños Estados insulares en desarrollo, preparado conjuntamente por la Oficina de la Alta Representante para los Países Menos Adelantados, los Países en Desarrollo Sin Litoral y los Pequeños Estados Insulares en Desarrollo y la Unión Internacional de Telecomunicaciones, así como de la encuesta de las Naciones Unidas sobre el gobierno electrónico, preparada por el Departamento de Asuntos Económicos y Sociales de la Secretaría,</p>
      </container>
      <container name="Observando" eId="container_18">
        <p xml:space="preserve">
          <span class="italic">Observando</span> el llamamiento a que se sigan presentando al Consejo Económico y Social informes anuales sobre la aplicación de los resultados de la Cumbre Mundial sobre la Sociedad de la Información, por conducto de la Comisión de Ciencia y Tecnología para el Desarrollo, y reafirmando el papel que desempeña la Comisión, enunciado en la resolución <a href="https://undocs.org/es/E/RES/2006/46">2006/46</a> del Consejo, en la prestación de asistencia al Consejo como centro de coordinación del seguimiento a nivel de todo el sistema, en especial en relación con el examen y la evaluación de los progresos realizados en la aplicación de los resultados de la Cumbre Mundial,</p>
      </container>
      <container name="Observando también" eId="container_19">
        <p xml:space="preserve">
          <span class="italic">Observando también</span> la celebración del 22º período de sesiones de la Comisión de Ciencia y Tecnología para el Desarrollo en Ginebra del 13 al 17 de mayo de 20198, y aguardando con interés el 23<sup>er</sup> período de sesiones, que tendrá como temas prioritarios “Aprovechar el cambio tecnológico rápido para el desarrollo inclusivo y sostenible” y “Exploración de las tecnologías espaciales para el desarrollo sostenible y beneficios de la colaboración internacional para la investigación en ese contexto”, y con ello ofrecerá una plataforma a todos los interesados para intercambiar experiencias y forjar alianzas con miras a desarrollar la capacidad,</p>
      </container>
      <container name="&#x9;Tomando nota " eId="container_20">
        <p xml:space="preserve">
          <span class="italic">	Tomando nota </span>del informe del Panel de Alto Nivel sobre la Cooperación Digital, titulado “The age of digital interdependence” (La edad de la interdependencia digital), presentado al Secretario General el 10 de junio de 2019,</p>
      </container>
      <container name="Observando " eId="container_21">
        <p xml:space="preserve">
          <span class="italic">Observando </span>la celebración del Foro de la Cumbre Mundial sobre la Sociedad de la Información, organizado anualmente de manera conjunta por la Unión Internacional de Telecomunicaciones, la Conferencia de las Naciones Unidas sobre Comercio y Desarrollo, la Organización de las Naciones Unidas para la Educación, la Ciencia y la Cultura y el Programa de las Naciones Unidas para el Desarrollo,</p>
      </container>
      <container name="Tomando nota" eId="container_22">
        <p xml:space="preserve">
          <span class="italic">Tomando nota</span> del informe de la Comisión sobre la Banda Ancha para el Desarrollo Sostenible titulado <span class="italic">The State of Broadband 2019: Broadband as a Foundation for Sustainable Development</span> (El estado de la banda ancha en 2019: la banda ancha como base del desarrollo sostenible), en el que se presenta una evaluación de los progresos realizados en el logro de las metas de promoción de la banda ancha establecidas por la Comisión sobre la Banda Ancha y el estado del desarrollo de la banda ancha en todo el mundo, reconociendo que 2019 es el primer año en que más de la mitad de la población mundial estará conectada a Internet, observando la necesidad de salvar las brechas digitales y recordando el informe del período extraordinario de sesiones de la Comisión, titulado “Working together to connect the next 1.5 billion by 2020” (Trabajar juntos para conectar a los próximos 1.500 millones de personas para 2020),</p>
      </container>
      <container name="Reconociendo" eId="container_23">
        <p xml:space="preserve">
          <span class="italic">Reconociendo</span> que las tecnologías de la información y las comunicaciones son un catalizador clave del desarrollo económico y la inversión, con los consiguientes beneficios para el empleo y el bienestar social, al reducir los obstáculos para la participación económica, y que la creciente generalización de las tecnologías de la información y las comunicaciones en la sociedad ha tenido profundas repercusiones en la manera en que los Gobiernos prestan servicios, las empresas se relacionan con los consumidores y los ciudadanos participan en la vida pública y privada,</p>
      </container>
      <container name="Tomando nota" eId="container_24">
        <p xml:space="preserve">
          <span class="italic">Tomando nota</span> del informe de la Conferencia de las Naciones Unidas sobre Comercio y Desarrollo titulado<span class="italic"> Digital Economy Report 2019</span> (Informe sobre la Economía Digital 2019), en el que se examina el margen de creación y captura de valor en la economía digital por parte de los países en desarrollo y se presta especial atención a las oportunidades para que esos países aprovechen la economía impulsada por los datos como productores e innovadores, y se observa que la plataformización y la monetización del volumen de datos digitales en rápida expansión están impulsando cada vez más la creación de valor, reconociendo al mismo tiempo el riesgo de que la digitalización contribuya a un aumento de las desigualdades y a una mayor consolidación en lugar de contribuir a un desarrollo más inclusivo,</p>
      </container>
      <container name="Observando" eId="container_25">
        <p xml:space="preserve">
          <span class="italic">Observando</span> las dificultades impositivas derivadas de la digitalización de la economía y la importancia de asegurar que los impuestos se pagan allí donde se crea valor, y observando también las medidas internacionales por abordar esta cuestión,</p>
      </container>
      <container name="Destacando" eId="container_26">
        <p xml:space="preserve">
          <span class="italic">Destacando</span>, sin embargo, que a pesar de los progresos logrados recientemente sigue habiendo importantes y crecientes brechas digitales entre los países desarrollados y en desarrollo, así como dentro de ellos, en lo que respecta a la disponibilidad, asequibilidad y utilización de las tecnologías de la información y las comunicaciones y al acceso a la banda ancha, destacando también la urgente necesidad de eliminar las brechas digitales, incluso en lo que respecta a cuestiones como la asequibilidad de Internet, y de asegurar que todas las personas puedan beneficiarse de las tecnologías de la información y las comunicaciones, incluidas las nuevas tecnologías, reafirmando, a este respecto, su compromiso de aumentar significativamente el acceso a las tecnologías de la información y las comunicaciones y de esforzarse por proporcionar acceso universal y asequible a Internet en los países menos adelantados para 2020, y haciendo notar las numerosas iniciativas emprendidas para contribuir a salvar las brechas digitales y ampliar el acceso, incluida la Agenda Conectar 2030 para el Desarrollo Mundial de las Telecomunicaciones/ Tecnologías de la Información y las Comunicaciones, incluida la Banda Ancha, para el Desarrollo Sostenible,</p>
      </container>
      <container name="&#x9;Destacando también " eId="container_27">
        <p xml:space="preserve">
          <span class="italic">	Destacando también </span>la necesidad de que todas las formas de cooperación para el desarrollo, incluidos los flujos de ayuda, promuevan una transformación digital,</p>
      </container>
      <container name="&#x9;Recordando " eId="container_28">
        <p xml:space="preserve">
          <span class="italic">	Recordando </span>el Grupo de Trabajo sobre la Brecha Digital de Género de la Comisión sobre la Banda Ancha para el Desarrollo Sostenible y las medidas recomendadas para salvar la brecha digital de género que figuran en su informe sobre los progresos realizados, y tomando nota del informe del Grupo de Trabajo sobre Educación de la Comisión sobre la Banda Ancha, titulado “Digital skills for life and work” (Aptitudes digitales para la vida y el trabajo),</p>
      </container>
      <container name="&#x9;Reconociendo " eId="container_29">
        <p xml:space="preserve">
          <span class="italic">	Reconociendo </span>que el logro de la igualdad de género y el empoderamiento de las mujeres y las niñas contribuirá decisivamente al progreso respecto de todos los Objetivos de Desarrollo Sostenible, y poniendo de relieve la necesidad de adaptar las estrategias en materia de ciencia, tecnología e innovación para abordar el empoderamiento de las mujeres y las niñas y reducir las desigualdades, incluida la brecha digital entre los géneros,</p>
      </container>
      <container name="&#x9;Observando con gran preocupación" eId="container_30">
        <p xml:space="preserve">
          <span class="italic">	Observando con gran preocupación</span> que la brecha digital de género persiste en el acceso y el uso de las tecnologías de la información y las comunicaciones por las mujeres, incluso en la educación, el empleo y otras esferas del desarrollo económico y social, y acogiendo con beneplácito, a este respecto, las numerosas iniciativas centradas en el acceso, las aptitudes y el liderazgo para promover la participación en pie de igualdad de las mujeres y las niñas en la era digital, como el Día Internacional de las Niñas en las TIC de la Unión Internacional de Telecomunicaciones y la Alianza Mundial para la Igualdad de Género en la Era Digital, conocida como “Iguales”,</p>
      </container>
      <container name="Reconociendo" eId="container_31">
        <p xml:space="preserve">
          <span class="italic">Reconociendo</span> la necesidad de centrarse en las políticas de desarrollo de la capacidad y el apoyo sostenible a fin de seguir intensificando el impacto de las actividades e iniciativas en los niveles nacional y local encaminadas a prestar asesoramiento, servicios y apoyo para construir una sociedad de la información inclusiva, centrada en las personas y orientada al desarrollo,</p>
      </container>
      <container name="Observando" eId="container_32">
        <p xml:space="preserve">
          <span class="italic">Observando</span> que siguen surgiendo diversos temas sobre cuestiones relacionadas con el acceso a las tecnologías de la información y las comunicaciones, su utilización y sus aplicaciones, así como sus efectos en las dimensiones económica, social y ambiental del desarrollo sostenible,</p>
      </container>
      <container name="Reafirmando" eId="container_33">
        <p xml:space="preserve">
          <span class="italic">Reafirmando</span> que los derechos de las personas también deben estar protegidos en Internet, y poniendo de relieve que los progresos para hacer realidad la visión de la Cumbre Mundial sobre la Sociedad de la Información deberían considerarse no solo una función del desarrollo económico y la propagación de las tecnologías de la información y las comunicaciones, sino también una función de los avances en el ámbito de los derechos humanos y las libertades fundamentales,</p>
      </container>
      <container name="Reafirmando también" eId="container_34">
        <p xml:space="preserve">
          <span class="italic">Reafirmando también</span> que la gobernanza de Internet, incluido el proceso encaminado a establecer una mayor cooperación y la organización del Foro para la Gobernanza de Internet, debería seguir ajustándose a los resultados de las cumbres celebradas en Ginebra y Túnez,</p>
      </container>
      <container name="Recordando" eId="container_35">
        <p xml:space="preserve">
          <span class="italic">Recordando</span> la labor realizada por los países anfitriones para organizar las reuniones del Foro para la Gobernanza de Internet, celebradas en Atenas en 2006, Río de Janeiro (Brasil) en 2007, Hyderabad (India) en 2008, Sharm el-Sheikh (Egipto) en 2009, Vilna en 2010, Nairobi en 2011, Bakú en 2012, Bali (Indonesia) en 2013, Estambul (Turquía) en 2014, João Pessoa (Brasil) en 2015, Guadalajara (México) en 2016, Ginebra en 2017, París en 2018 y Berlín en 2019,</p>
      </container>
      <container name="Recordando también" eId="container_36">
        <p xml:space="preserve">
          <span class="italic">Recordando también</span> la convocación del Grupo de Trabajo sobre el Fortalecimiento de la Cooperación, sobre la base de la propuesta de la Presidencia de la Comisión de Ciencia y Tecnología para el Desarrollo en relación con la estructura y la composición de ese Grupo de Trabajo, de conformidad con la solicitud formulada por la Asamblea General en su resolución <a href="https://undocs.org/es/A/RES/70/125">70/125</a>, de 16 de diciembre de 2015, que el Consejo Económico y Social hizo suya en su resolución <a href="https://undocs.org/es/E/RES/2017/21">2017/21</a>, y tomando nota de su labor,</p>
      </container>
      <container name="Observando" eId="container_37">
        <p xml:space="preserve">
          <span class="italic">Observando</span> que las tecnologías de la información y las comunicaciones pueden ayudar a acelerar el progreso hacia los Objetivos de Desarrollo Sostenible, y observando también que, entre otras entidades, la Unión Internacional de Telecomunicaciones puede ayudar decisivamente a los Estados Miembros a implementar los Objetivos,</p>
      </container>
      <container name="Observando también" eId="container_38">
        <p xml:space="preserve">
          <span class="italic">Observando también</span> la convocación de la Conferencia Mundial de Desarrollo de las Telecomunicaciones por la Unión Internacional de Telecomunicaciones en Buenos Aires del 9 al 20 de octubre de 2017 sobre el tema “Las tecnologías de la información y las comunicaciones para los Objetivos de Desarrollo Sostenible”,</p>
      </container>
      <container name="Observando además" eId="container_39">
        <p xml:space="preserve">
          <span class="italic">Observando además</span> que el cambio tecnológico trae consigo instrumentos nuevos sumamente útiles para el desarrollo, y teniendo presentes los efectos, las oportunidades y los desafíos derivados de él y que los Gobiernos, el sector privado, las organizaciones internacionales, la sociedad civil y las comunidades técnicas y académicas deberían tener en cuenta las cuestiones sociales, económicas, éticas, culturales y técnicas relacionadas con los rápidos avances tecnológicos a fin de profundizar su comprensión de cómo aprovechar su potencial en apoyo de la implementación de la Agenda 2030 para el Desarrollo Sostenible,</p>
      </container>
      <container name="Reafirmando" eId="container_40">
        <p xml:space="preserve">
          <span class="italic">Reafirmando</span> el valor y los principios de la cooperación y la participación de múltiples interesados que han caracterizado el proceso de la Cumbre Mundial sobre la Sociedad de la Información desde sus inicios y reconociendo que la participación, la asociación y la cooperación efectivas de los Gobiernos, el sector privado, la sociedad civil, las organizaciones internacionales, las comunidades técnicas y académicas y todos los demás interesados pertinentes, en el marco de sus respectivas funciones y responsabilidades, y en particular con una representación equilibrada de los países en desarrollo, han sido y siguen siendo vitales para el desarrollo de la sociedad de la información,</p>
      </container>
      <container name="Consciente" eId="container_41">
        <p xml:space="preserve">
          <span class="italic">Consciente</span> de las dificultades que afrontan los Estados en la prevención y lucha contra el uso de las tecnologías de la información y las comunicaciones con fines delictivos, incluso por terroristas, y haciendo hincapié en la necesidad de proseguir la cooperación internacional a este respecto y fortalecer las actividades de asistencia técnica y desarrollo de la capacidad, a solicitud de los interesados, para prevenir, enjuiciar y castigar dicho uso con arreglo al derecho nacional e internacional,</p>
      </container>
      <container name="Reiterando" eId="container_42">
        <p xml:space="preserve">
          <span class="italic">Reiterando</span> la promesa de que no se dejará a nadie atrás, reafirmando el reconocimiento de que la dignidad del ser humano es fundamental y el deseo de ver cumplidos los Objetivos y las metas para todas las naciones y los pueblos y para todos los sectores de la sociedad, y comprometiéndose nuevamente a esforzarse por llegar primero a los más rezagados,</p>
      </container>
    </preamble>
    <mainBody>
      <paragraph eId="para_43" class="MercuryDocument">
        <num>	1.</num>
        <content eId="para_43__content">
          <p xml:space="preserve">
            <span class="italic">Reconoce</span> que las tecnologías de la información y las comunicaciones tienen el potencial de brindar nuevas soluciones a los problemas del desarrollo, en particular en el contexto de la globalización, y pueden promover el crecimiento económico sostenido, inclusivo y equitativo y el desarrollo sostenible, la competitividad, el acceso a la información y los conocimientos, el comercio y el desarrollo, la erradicación de la pobreza y la inclusión social, factores que contribuirán a acelerar la integración en la economía global de todos los países, especialmente los países en desarrollo y en particular los países menos adelantados;</p>
        </content>
      </paragraph>
      <paragraph eId="para_44" class="MercuryDocument">
        <num>	2.</num>
        <content eId="para_44__content">
          <p xml:space="preserve">
            <span class="italic">Acoge con beneplácito</span> la evolución y difusión notables que han tenido las tecnologías de la información y las comunicaciones que, apoyadas por las contribuciones de los sectores público y privado, han logrado penetrar en casi todos los rincones del planeta, han generado nuevas oportunidades de interacción social, han facilitado nuevos modelos empresariales y han contribuido al crecimiento económico y al desarrollo en todos los demás sectores, y observa al mismo tiempo los problemas singulares y emergentes relacionados con su evolución y difusión;</p>
        </content>
      </paragraph>
      <paragraph eId="para_45" class="MercuryDocument">
        <num>	3.</num>
        <content eId="para_45__content">
          <p xml:space="preserve">
            <span class="italic">Reconoce</span> el potencial que tienen las tecnologías de la información y las comunicaciones para lograr los objetivos de la Agenda 2030 para el Desarrollo Sostenible<authorialNote marker="10" placement="bottom" eId="authorialNote_10"><p xml:space="preserve">	 	Resolución <a href="https://undocs.org/es/A/RES/70/1">70/1</a>.</p></authorialNote> y otros objetivos de desarrollo convenidos internacionalmente, observando que dichas tecnologías pueden acelerar el progreso hacia el cumplimiento de los 17 Objetivos de Desarrollo Sostenible, insta en consecuencia a todos los Gobiernos, el sector privado, la sociedad civil, las organizaciones internacionales, las comunidades técnicas y académicas y todos los demás interesados pertinentes a que integren las tecnologías de la información y las comunicaciones en sus enfoques para lograr los Objetivos, y solicita a las entidades del sistema de las Naciones Unidas encargadas de facilitar las líneas de acción de la Cumbre Mundial sobre la Sociedad de la Información que examinen sus modalidades de presentación de informes y sus planes de trabajo con el fin de apoyar la implementación de la Agenda 2030;</p>
        </content>
      </paragraph>
      <paragraph eId="para_46" class="MercuryDocument">
        <num>	4.</num>
        <content eId="para_46__content">
          <p xml:space="preserve">
            <span class="italic">Reafirma su compromiso</span> de salvar las brechas digitales y de conocimientos, reconoce que su enfoque debe ser multidimensional, tener en cuenta la evolución del concepto de lo que constituye acceso y hacer hincapié en la calidad de ese acceso, y reconoce también que la velocidad, la estabilidad, la asequibilidad, el idioma, el contenido local y la accesibilidad para las personas con discapacidad son ahora elementos básicos de la calidad y que la conexión de banda ancha de alta velocidad es ya un catalizador esencial del desarrollo sostenible;</p>
        </content>
      </paragraph>
      <paragraph eId="para_47" class="MercuryDocument">
        <num>	5.</num>
        <content eId="para_47__content">
          <p xml:space="preserve">
            <span class="italic">Destaca</span> el importante papel que desempeñan el sector privado, la sociedad civil y las comunidades técnicas en las tecnologías de la información y las comunicaciones;</p>
        </content>
      </paragraph>
      <paragraph eId="para_48" class="MercuryDocument">
        <num>	6.</num>
        <content eId="para_48__content">
          <p xml:space="preserve">
            <span class="italic">Alienta</span> a que se intensifique y continúe la cooperación entre los interesados de los países desarrollados y en desarrollo, en el marco de sus respectivas funciones y responsabilidades, para asegurar la aplicación eficaz de los resultados de la Cumbre Mundial sobre la Sociedad de la Información en sus fases de Ginebra<sup>4</sup> y Túnez<sup>6</sup>, entre otras cosas, mediante el fomento de alianzas nacionales, regionales e internacionales entre múltiples interesados, incluidas alianzas público-privadas, y la promoción de plataformas temáticas nacionales y regionales constituidas por múltiples interesados, en un esfuerzo común y en diálogo con los países en desarrollo, incluidos los países menos adelantados, los asociados para el desarrollo y los agentes del sector de las tecnologías de la información y las comunicaciones;</p>
        </content>
      </paragraph>
      <paragraph eId="para_49" class="MercuryDocument">
        <num>	7.</num>
        <content eId="para_49__content">
          <p xml:space="preserve">
            <span class="italic">Acoge con beneplácito</span> la puesta en marcha del Banco de Tecnología para los Países Menos Adelantados, e invita a los Estados Miembros, así como a las organizaciones internacionales, las fundaciones y el sector privado a proporcionar contribuciones voluntarias y asistencia técnica para asegurar su implementación plena y efectiva;</p>
        </content>
      </paragraph>
      <paragraph eId="para_50" class="MercuryDocument">
        <num>	8.</num>
        <content eId="para_50__content">
          <p xml:space="preserve">
            <span class="italic">Observa</span> los progresos realizados por las entidades del sistema de las Naciones Unidas en cooperación con los Gobiernos nacionales, las comisiones regionales y otros interesados, incluidas las organizaciones no gubernamentales y el sector privado, en la aplicación de las líneas de acción enunciadas en los documentos finales de la Cumbre Mundial sobre la Sociedad de la Información, y alienta a que se utilicen esas líneas de acción para implementar la Agenda 2030 para el Desarrollo Sostenible;</p>
        </content>
      </paragraph>
      <paragraph eId="para_51" class="MercuryDocument">
        <num>	9.</num>
        <content eId="para_51__content">
          <p xml:space="preserve">
            <span class="italic">Observa también</span> que la economía digital es una parte importante y cada vez mayor de la economía mundial y que la conectividad guarda relación con el aumento del producto interno bruto, y reconoce la importancia fundamental de ampliar la participación de todos los países, en particular los países en desarrollo, en la economía digital;</p>
        </content>
      </paragraph>
      <paragraph eId="para_52" class="MercuryDocument">
        <num>	10.</num>
        <content eId="para_52__content">
          <p xml:space="preserve">
            <span class="italic">Alienta</span> a los países a que aprovechen los mecanismos de desarrollo de la capacidad y las oportunidades de todo el sistema de las Naciones Unidas a este respecto;</p>
        </content>
      </paragraph>
      <paragraph eId="para_53" class="MercuryDocument">
        <num>	11.</num>
        <content eId="para_53__content">
          <p xml:space="preserve">
            <span class="italic">Insta</span> a que se siga centrando la atención en maximizar los beneficios para el desarrollo derivados del comercio electrónico, mediante medidas como la iniciativa de Comercio Electrónico para Todos, puesta en marcha por la Conferencia de las Naciones Unidas sobre Comercio y Desarrollo, que aporta un nuevo enfoque para el desarrollo del comercio mediante intercambios electrónicos al permitir que los países en desarrollo obtengan más fácilmente asistencia técnica para crear la capacidad necesaria con el fin de realizar transacciones electrónicas y que los donantes tengan un panorama claro de los programas que pueden financiar;</p>
        </content>
      </paragraph>
      <paragraph eId="para_54" class="MercuryDocument">
        <num>	12.</num>
        <content eId="para_54__content">
          <p xml:space="preserve">
            <span class="italic">Reconoce</span>, a este respecto, que la Conferencia de las Naciones Unidas sobre Comercio y Desarrollo ha iniciado y realizado evaluaciones rápidas sobre la preparación de los países menos adelantados para el comercio electrónico, en cooperación con otros donantes y organizaciones, a fin de concienciar sobre las oportunidades y los desafíos relacionados con el aprovechamiento del comercio electrónico en los países menos adelantados;</p>
        </content>
      </paragraph>
      <paragraph eId="para_55" class="MercuryDocument">
        <num>	13.</num>
        <content eId="para_55__content">
          <p xml:space="preserve">
            <span class="italic">Acoge con beneplácito</span> la celebración del tercer período de sesiones del Grupo Intergubernamental de Expertos en Comercio Electrónico y Economía Digital, su informe<authorialNote marker="11" placement="bottom" eId="authorialNote_11"><p xml:space="preserve"><a href="https://undocs.org/es/TD/B/EDE/3/3">TD/B/EDE/3/3</a>.</p></authorialNote> y la creación de un grupo de trabajo sobre la medición del comercio electrónico y la economía digital en 2018<authorialNote marker="12" placement="bottom" eId="authorialNote_12"><p xml:space="preserve">	 	Véase <a href="https://undocs.org/es/TD/B/EDE/1/3">TD/B/EDE/1/3</a>, cap. I, párr. 12.</p></authorialNote>;</p>
        </content>
      </paragraph>
      <paragraph eId="para_56" class="MercuryDocument">
        <num>	14.</num>
        <content eId="para_56__content">
          <p xml:space="preserve">
            <span class="italic">Acoge con beneplácito también</span> la celebración de la primera Semana del Comercio Electrónico de África, del 10 al 14 de diciembre de 2018, en Nairobi, y la Semana del Comercio Electrónico, del 1 al 5 de abril de 2019, con el tema “De la digitalización al desarrollo”, y espera con interés la celebración de la primera Semana del Comercio Electrónico de Asia, que se celebrará en los Emiratos Árabes Unidos en 2020; </p>
        </content>
      </paragraph>
      <paragraph eId="para_57" class="MercuryDocument">
        <num>	15.</num>
        <content eId="para_57__content">
          <p xml:space="preserve">
            <span class="italic">Acoge con beneplácito además</span> la labor del Programa Información para Todos de la Organización de las Naciones Unidas para la Educación, la Ciencia y la Cultura, cuyo objetivo es ayudar a los Estados Miembros a formular políticas encaminadas a reducir la brecha digital y garantizar sociedades del conocimiento equitativas, y acoge con beneplácito también la celebración de la Semana Global de Alfabetización Mediática e Informacional del 24 al 31 de octubre de 2019;</p>
        </content>
      </paragraph>
      <paragraph eId="para_58" class="MercuryDocument">
        <num>	16.</num>
        <content eId="para_58__content">
          <p xml:space="preserve">
            <span class="italic">Reconoce</span> que, pese a los recientes avances y considerables logros, sigue habiendo un crecimiento desigual en el acceso a las tecnologías de la información y las comunicaciones y en su uso, y expresa preocupación por las grandes brechas digitales y en el acceso a la banda ancha que siguen existiendo entre los países desarrollados y en desarrollo y dentro de ellos, como el hecho de que haya 122 suscripciones de banda ancha para dispositivos móviles por cada 100 personas en los países desarrollados, frente a 75 en los países en desarrollo y menos de 33 en los países menos adelantados, y que el costo del acceso sea superior en los países en desarrollo en relación con los ingresos medios de los hogares, lo que da lugar a una falta de acceso asequible a las tecnologías de la información y las comunicaciones; </p>
        </content>
      </paragraph>
      <paragraph eId="para_59" class="MercuryDocument">
        <num>	17.</num>
        <content eId="para_59__content">
          <p xml:space="preserve">
            <span class="italic">Reconoce también</span> la importancia del acceso de banda ancha para todos los países en desarrollo, y exhorta a todas las partes interesadas, incluida la comunidad internacional a que apoyen nuevas medidas, en particular inversiones, para mejorar el acceso de banda ancha y la conectividad en esos países;</p>
        </content>
      </paragraph>
      <paragraph eId="para_60" class="MercuryDocument">
        <num>	18.</num>
        <content eId="para_60__content">
          <p xml:space="preserve">
            <span class="italic">Reconoce además</span> la importancia de la conexión de banda ancha para los usuarios de las zonas rurales y remotas y, a este respecto, observa que los pequeños operadores comunitarios y sin fines de lucro, según proceda y entre otros, pueden prestar esos servicios mediante, entre otras cosas, medidas reglamentarias adecuadas que les permitan acceder a la infraestructura básica;</p>
        </content>
      </paragraph>
      <paragraph eId="para_61" class="MercuryDocument">
        <num>	19.</num>
        <content eId="para_61__content">
          <p xml:space="preserve">
            <span class="italic">Alienta</span> la investigación y el desarrollo, así como la elaboración de estrategias viables que puedan generar una mayor competitividad, inversión y rápida reducción en el costo de las tecnologías de la información y las comunicaciones, e insta a todos los interesados pertinentes a que aborden la cuestión de las brechas digitales cada vez mayores entre los países y dentro de ellos, mediante, entre otras cosas, entornos normativos favorables reforzados a todos los niveles, marcos jurídicos y reglamentarios propicios para el aumento de la inversión y la innovación, alianzas público-privadas, estrategias de acceso universal y cooperación internacional a fin de mejorar la asequibilidad, la educación, el desarrollo de la capacidad, el multilingüismo, la preservación de la cultura, la inversión y la transferencia de tecnología en condiciones mutuamente convenidas;</p>
        </content>
      </paragraph>
      <paragraph eId="para_62" class="MercuryDocument">
        <num>	20.</num>
        <content eId="para_62__content">
          <p xml:space="preserve">
            <span class="italic">Reconoce</span> que la brecha digital de género persiste y que la proporción de mujeres que usan Internet es un 17 % inferior a la de los hombres en todo el mundo y un 43 % inferior en los países menos adelantados, observa con preocupación que, pese a que se ha reducido en muchas regiones desde 2013, en términos generales la brecha digital de género ha aumentado, en particular en los países menos adelantados y en África, exhorta a este respecto a todos los interesados a que aseguren la plena participación de las mujeres en la sociedad de la información y su acceso a las tecnologías de la información y las comunicaciones para el desarrollo, incluidas las nuevas tecnologías, reitera a este respecto su solicitud de que las entidades competentes del sistema de las Naciones Unidas, incluida la Entidad de las Naciones Unidas para la Igualdad de Género y el Empoderamiento de las Mujeres (ONU‑Mujeres), apoyen la aplicación y la vigilancia de las líneas de acción que figuran en los documentos finales de la Cumbre Mundial sobre la Sociedad de la Información, haciendo más hincapié en la igualdad de género y el empoderamiento de la mujer, y reafirma el compromiso de asegurar la plena participación de las mujeres en los procesos de adopción de decisiones relacionadas con las tecnologías de la información y las comunicaciones;</p>
        </content>
      </paragraph>
      <paragraph eId="para_63" class="MercuryDocument">
        <num>	21.</num>
        <content eId="para_63__content">
          <p xml:space="preserve">
            <span class="italic">Observa</span> la aplicación de los resultados de la Cumbre Mundial sobre la Sociedad de la Información a nivel regional, facilitada por las comisiones regionales, como se señala en el informe del Secretario General sobre los progresos realizados en la aplicación y el seguimiento de los resultados de la Cumbre Mundial a nivel regional e internacional<sup>9</sup>;</p>
        </content>
      </paragraph>
      <paragraph eId="para_64" class="MercuryDocument">
        <num>	22.</num>
        <content eId="para_64__content">
          <p xml:space="preserve">
            <span class="italic">Alienta</span> a los fondos y programas y a los organismos especializados de las Naciones Unidas a que, en el marco de sus respectivos mandatos y planes estratégicos, contribuyan a la aplicación de los resultados de la Cumbre Mundial sobre la Sociedad de la Información, y pone de relieve la importancia de asignar recursos suficientes para cumplir ese propósito;</p>
        </content>
      </paragraph>
      <paragraph eId="para_65" class="MercuryDocument">
        <num>	23.</num>
        <content eId="para_65__content">
          <p xml:space="preserve">
            <span class="italic">Reconoce</span> la prórroga del mandato del Foro para la Gobernanza de Internet hasta 2025, anunciada en el documento final de la reunión de alto nivel de la Asamblea General sobre el examen general de la aplicación de los resultados de la Cumbre Mundial sobre la Sociedad de la Información<sup>8</sup>;</p>
        </content>
      </paragraph>
      <paragraph eId="para_66" class="MercuryDocument">
        <num>	24.</num>
        <content eId="para_66__content">
          <p xml:space="preserve">
            <span class="italic">Reconoce también</span> la importancia del Foro para la Gobernanza de Internet y su mandato de actuar como tribuna para el diálogo entre múltiples interesados sobre diversos asuntos, como se indica en el párrafo 72 de la Agenda de Túnez para la Sociedad de la Información<sup>6</sup>, en particular para debatir temas de políticas públicas relativos a los elementos claves de la gobernanza de Internet, y solicita al Secretario General que continúe presentando, como parte de su informe anual sobre los progresos realizados en la aplicación y el seguimiento de los resultados de la Cumbre Mundial sobre la Sociedad de la Información a nivel regional e internacional, información sobre los progresos realizados en la aplicación de las recomendaciones formuladas en el informe del Grupo de Trabajo sobre Mejoras del Foro para la Gobernanza de Internet<authorialNote marker="13" placement="bottom" eId="authorialNote_13"><p xml:space="preserve"><a href="https://undocs.org/es/A/67/65">A/67/65-E/2012/48</a> y <a href="https://undocs.org/es/A/67/65/Corr.1">A/67/65/Corr.1-E/2012/48/Corr.1</a>.</p></authorialNote>, en particular las relativas al aumento de la participación de los países en desarrollo;</p>
        </content>
      </paragraph>
      <paragraph eId="para_67" class="MercuryDocument">
        <num>	25.</num>
        <content eId="para_67__content">
          <p xml:space="preserve">
            <span class="italic">Destaca</span> la necesidad de reforzar la participación de los Gobiernos y los interesados de todos los países en desarrollo, en particular los países menos adelantados, en todas las reuniones del Foro para la Gobernanza de Internet y, a este respecto, invita a los Estados Miembros, así como a otros interesados pertinentes, a que apoyen la participación de los Gobiernos y todos los demás interesados de los países en desarrollo en el propio Foro y en sus reuniones preparatorias;</p>
        </content>
      </paragraph>
      <paragraph eId="para_68" class="MercuryDocument">
        <num>	26.</num>
        <content eId="para_68__content">
          <p xml:space="preserve">
            <span class="italic">Observa</span> la labor del Grupo de Trabajo sobre el Fortalecimiento de la Cooperación, establecido por la Presidencia de la Comisión de Ciencia y Tecnología para el Desarrollo como solicitó la Asamblea General en su resolución <a href="https://undocs.org/es/A/RES/70/125">70/125</a> para formular recomendaciones sobre la forma de seguir fortaleciendo la cooperación según lo previsto en la Agenda de Túnez, y observa también que el Grupo de Trabajo consigue la participación plena de los Gobiernos y otros interesados pertinentes, en particular de los países en desarrollo, teniendo en cuenta sus diversas opiniones y sus conocimientos especializados;</p>
        </content>
      </paragraph>
      <paragraph eId="para_69" class="MercuryDocument">
        <num>	27.</num>
        <content eId="para_69__content">
          <p xml:space="preserve">
            <span class="italic">Observa también</span> que el Grupo de Trabajo celebró cinco reuniones entre septiembre de 2016 y enero de 2018 en las que examinó las aportaciones de los Estados Miembros y otros interesados, según lo establecido por la Asamblea General en su resolución <a href="https://undocs.org/es/A/RES/70/125">70/125</a>;</p>
        </content>
      </paragraph>
      <paragraph eId="para_70" class="MercuryDocument">
        <num>	28.</num>
        <content eId="para_70__content">
          <p xml:space="preserve">
            <span class="italic">Recuerda</span> el informe de la Presidencia del Grupo de Trabajo<authorialNote marker="14" placement="bottom" eId="authorialNote_14"><p xml:space="preserve">	 	Véase <a href="https://undocs.org/es/E/CN.16/2018/CRP.3">E/CN.16/2018/CRP.3</a>.</p></authorialNote>, que incluye referencias al texto completo de todas las propuestas y contribuciones, y expresa su agradecimiento a la Presidencia y a todos los participantes que hicieron aportaciones y contribuyeron a la labor del Grupo de Trabajo;</p>
        </content>
      </paragraph>
      <paragraph eId="para_71" class="MercuryDocument">
        <num>	29.</num>
        <content eId="para_71__content">
          <p xml:space="preserve">
            <span class="italic">Acoge con beneplácito</span> los progresos realizados por el Grupo de Trabajo en muchas esferas y el hecho de que pareciera surgir un consenso respecto de algunas cuestiones, aunque persisten importantes divergencias de opiniones sobre otras y, a ese respecto, lamenta que el Grupo de Trabajo no haya podido llegar a un acuerdo sobre las recomendaciones relativas a la manera de seguir aplicando la cooperación reforzada prevista en la Agenda de Túnez;</p>
        </content>
      </paragraph>
      <paragraph eId="para_72" class="MercuryDocument">
        <num>	30.</num>
        <content eId="para_72__content">
          <p xml:space="preserve">
            <span class="italic">Reconoce</span> la importancia de aumentar la cooperación en el futuro para que los Gobiernos puedan desempeñar, en pie de igualdad, sus funciones y responsabilidades en las cuestiones de política pública internacional relativas a Internet, y observa la necesidad de mantener el diálogo y la labor encaminados a fortalecer la cooperación, como se prevé en la Agenda de Túnez;</p>
        </content>
      </paragraph>
      <paragraph eId="para_73" class="MercuryDocument">
        <num>	31.</num>
        <content eId="para_73__content">
          <p xml:space="preserve">
            <span class="italic">Alienta</span> a que todas las partes interesadas utilicen los foros y los conocimientos especializados disponibles en los órganos pertinentes de las Naciones Unidas y participen en ellos, como la Comisión de Ciencia y Tecnología para el Desarrollo, para promover la cooperación digital mundial;</p>
        </content>
      </paragraph>
      <paragraph eId="para_74" class="MercuryDocument">
        <num>	32.</num>
        <content eId="para_74__content">
          <p xml:space="preserve">
            <span class="italic">Reconoce </span>que la falta de acceso a tecnologías y servicios asequibles y confiables sigue siendo un problema fundamental en muchos países en desarrollo, en particular en los países africanos, los países menos adelantados, los países en desarrollo sin litoral, los pequeños Estados insulares en desarrollo, los países de ingresos medianos, los países en situación de conflicto y los que salen de un conflicto y los países afectados por desastres naturales, y que deben desplegarse todos los esfuerzos posibles para reducir el precio de las tecnologías de la información y las comunicaciones y del acceso a la banda ancha, teniendo presente que podrían necesitarse intervenciones deliberadas, como la investigación y el desarrollo y la transferencia de tecnología en condiciones mutuamente convenidas, para impulsar el desarrollo de opciones de conectividad de bajo costo;</p>
        </content>
      </paragraph>
      <paragraph eId="para_75" class="MercuryDocument">
        <num>	33.</num>
        <content eId="para_75__content">
          <p xml:space="preserve">
            <span class="italic">Reconoce también</span> que las tecnologías de la información y las comunicaciones brindan nuevas oportunidades y plantean nuevos desafíos y que existe una apremiante necesidad de superar los grandes obstáculos a que se enfrentan los países en desarrollo para utilizar las nuevas tecnologías y acceder a ellas, como la falta de un entorno propicio adecuado, recursos suficientes, infraestructura, educación, capacidad, inversión y conectividad, así como las cuestiones relacionadas con la propiedad de la tecnología, el establecimiento de normas y las corrientes de tecnología, y, a este respecto, insta a todos los interesados a que consideren medios para garantizar una financiación apropiada del desarrollo digital y medios de implementación adecuados, incluido un mayor desarrollo de la capacidad de los países en desarrollo, en particular los países menos adelantados, a fin de alcanzar una sociedad empoderada desde la perspectiva digital y una economía del conocimiento;</p>
        </content>
      </paragraph>
      <paragraph eId="para_76" class="MercuryDocument">
        <num>	34.</num>
        <content eId="para_76__content">
          <p xml:space="preserve">
            <span class="italic">Reconoce además</span> la necesidad de aprovechar el potencial de las tecnologías de la información y las comunicaciones como un catalizador clave del desarrollo sostenible y de superar las brechas digitales, y destaca que en la implementación de la Agenda 2030 para el Desarrollo Sostenible y la Agenda de Acción de Addis Abeba de la Tercera Conferencia Internacional sobre la Financiación para el Desarrollo deberá tenerse debidamente en cuenta el desarrollo de la capacidad para el uso productivo de dichas tecnologías<authorialNote marker="15" placement="bottom" eId="authorialNote_15"><p xml:space="preserve">	 	Resolución <a href="https://undocs.org/es/A/RES/69/313">69/313</a>, anexo.</p></authorialNote>;</p>
        </content>
      </paragraph>
      <paragraph eId="para_77" class="MercuryDocument">
        <num>	35.</num>
        <content eId="para_77__content">
          <p xml:space="preserve">
            <span class="italic">Observa</span> que, si bien en muchas esferas se han sentado cimientos sólidos para el desarrollo de la capacidad en tecnologías de la información y las comunicaciones con miras a construir la sociedad de la información, sigue siendo necesario hacer esfuerzos para salvar los obstáculos que persisten, especialmente aquellos a que se enfrentan los países en desarrollo y los países menos adelantados, y destaca las repercusiones positivas de las actividades más amplias de desarrollo de la capacidad en las que participan instituciones, organizaciones y entidades que se ocupan de cuestiones relacionadas con las tecnologías de la información y las comunicaciones y la gobernanza de Internet;</p>
        </content>
      </paragraph>
      <paragraph eId="para_78" class="MercuryDocument">
        <num>	36.</num>
        <content eId="para_78__content">
          <p xml:space="preserve">
            <span class="italic">Reconoce</span> la importancia de prestar asistencia a los países en desarrollo, en particular los países menos adelantados, para hacer frente a las dificultades y las oportunidades relacionadas con el uso de Internet y el comercio electrónico con el fin de fomentar su capacidad de comercio internacional, entre otras cosas;</p>
        </content>
      </paragraph>
      <paragraph eId="para_79" class="MercuryDocument">
        <num>	37.</num>
        <content eId="para_79__content">
          <p xml:space="preserve">
            <span class="italic">Reconoce también </span>la importancia que reviste la libre circulación de información y conocimientos, a medida que aumenta la cantidad de información distribuida en todo el mundo y que el papel de las comunicaciones cobra aún más importancia, y que la incorporación de las tecnologías de la información y las comunicaciones en los programas de estudios escolares, el libre acceso a los datos, el fomento de la competencia, la creación de sistemas jurídicos y reglamentarios transparentes, previsibles, independientes y no discriminatorios, el pago proporcional de impuestos y derechos de licencia, el acceso a la financiación, la facilitación de las alianzas público-privadas, la cooperación entre múltiples interesados, las estrategias nacionales y regionales en materia de banda ancha, la asignación eficiente del espectro de frecuencia radiofónica, los modelos de participación en la infraestructura, los enfoques basados en la comunidad y las instalaciones de acceso público han facilitado en muchos países la consecución de grandes beneficios en lo que respecta a la conectividad y el desarrollo sostenible;</p>
        </content>
      </paragraph>
      <paragraph eId="para_80" class="MercuryDocument">
        <num>	38.</num>
        <content eId="para_80__content">
          <p xml:space="preserve">
            <span class="italic">Exhorta</span> a todos los interesados a que mantengan entre sus prioridades el objetivo de salvar las brechas digitales, en sus distintas formas, apliquen estrategias bien fundadas que contribuyan al desarrollo del gobierno electrónico y sigan dedicando especial atención a las políticas y aplicaciones de las tecnologías de la información y las comunicaciones que favorezcan a los pobres, en particular a la cuestión del acceso a la banda ancha a nivel local, con miras a reducir las brechas digitales entre los países y dentro de ellos y ayudar a construir sociedades de la información y del conocimiento;</p>
        </content>
      </paragraph>
      <paragraph eId="para_81" class="MercuryDocument">
        <num>	39.</num>
        <content eId="para_81__content">
          <p xml:space="preserve">
            <span class="italic">Observa</span> los compromisos contraídos en la Agenda de Acción de Addis Abeba y reconoce que la asistencia oficial para el desarrollo y demás corrientes financieras en condiciones favorables para financiar las tecnologías de la información y las comunicaciones pueden contribuir considerablemente al logro de los resultados de desarrollo, en particular cuando pueden reducir el riesgo de las inversiones públicas y privadas, y aumentar el uso de las tecnologías de la información y las comunicaciones para fortalecer la buena gobernanza y la recaudación de impuestos;</p>
        </content>
      </paragraph>
      <paragraph eId="para_82" class="MercuryDocument">
        <num>	40.</num>
        <content eId="para_82__content">
          <p xml:space="preserve">
            <span class="italic">Invita</span> a todas las partes interesadas pertinentes a que presten un apoyo más amplio a los países que van a la zaga de la economía digital a fin de reducir la brecha digital, fortalecer el entorno internacional propicio para la creación de valor y crear capacidad tanto en el sector privado como en el público;</p>
        </content>
      </paragraph>
      <paragraph eId="para_83" class="MercuryDocument">
        <num>	41.</num>
        <content eId="para_83__content">
          <p xml:space="preserve">
            <span class="italic">Reconoce</span> la importancia fundamental de la inversión del sector privado en la infraestructura, el contenido y los servicios de las tecnologías de la información y las comunicaciones, alienta a los Gobiernos a que creen marcos jurídicos y reglamentarios propicios para el aumento de la inversión y la innovación, y reconoce también la importancia de las alianzas público-privadas, las estrategias de acceso universal y otros enfoques para ese fin;</p>
        </content>
      </paragraph>
      <paragraph eId="para_84" class="MercuryDocument">
        <num>	42.</num>
        <content eId="para_84__content">
          <p xml:space="preserve">
            <span class="italic">Acoge con beneplácito</span> la celebración del cuarto foro anual del Consejo Económico y Social sobre el seguimiento de la financiación para el desarrollo, toma nota de sus conclusiones y recomendaciones convenidas<authorialNote marker="16" placement="bottom" eId="authorialNote_16"><p xml:space="preserve">	 	Véase <a href="https://undocs.org/es/E/FFDF/2019/3">E/FFDF/2019/3</a>, secc. I.</p></authorialNote> a nivel intergubernamental, aguarda con interés que se logren mayores avances en el proceso de seguimiento, y acoge con beneplácito la labor del Equipo de Tareas Interinstitucional sobre la Financiación para el Desarrollo, los avances logrados en la puesta en funcionamiento de los tres componentes del Mecanismo de Facilitación de la Tecnología y la celebración del cuarto foro anual de múltiples interesados sobre la ciencia, la tecnología y la innovación en pro de los Objetivos de Desarrollo Sostenible;</p>
        </content>
      </paragraph>
      <paragraph eId="para_85" class="MercuryDocument">
        <num>	43.</num>
        <content eId="para_85__content">
          <p xml:space="preserve">
            <span class="italic">Reafirma</span> el compromiso fundamental de la Agenda 2030 de no dejar a nadie atrás y se compromete a tomar medidas más tangibles para apoyar a las personas en situación de vulnerabilidad y a los países más vulnerables y para llegar primero a los más rezagados;</p>
        </content>
      </paragraph>
      <paragraph eId="para_86" class="MercuryDocument">
        <num>	44.</num>
        <content eId="para_86__content">
          <p xml:space="preserve">
            <span class="italic">Solicita</span> al Secretario General que en su septuagésimo quinto período de sesiones le presente, por conducto de la Comisión de Ciencia y Tecnología para el Desarrollo y del Consejo Económico y Social, un informe orientado a la acción sobre el estado de la aplicación y el seguimiento de la presente resolución, teniendo en cuenta la Agenda 2030 para el Desarrollo Sostenible, la Agenda de Acción de Addis Abeba, el proceso de examen de la Cumbre Mundial sobre la Sociedad de la Información, el resumen de los Copresidentes del foro de múltiples interesados sobre la ciencia, la tecnología y la innovación en pro de los Objetivos de Desarrollo Sostenible<authorialNote marker="17" placement="bottom" eId="authorialNote_17"><p xml:space="preserve"><a href="https://undocs.org/es/E/HLPF/2019/6">E/HLPF/2019/6</a>.</p></authorialNote> y otros procesos pertinentes, como parte de su informe anual sobre los progresos realizados en la aplicación y el seguimiento de los resultados de la Cumbre Mundial sobre la Sociedad de la Información a nivel regional e internacional;</p>
        </content>
      </paragraph>
      <paragraph eId="para_87" class="MercuryDocument">
        <num>	45.</num>
        <content eId="para_87__content">
          <p xml:space="preserve">
            <span class="italic">Decide</span> incluir en el programa provisional de su septuagésimo quinto período de sesiones el tema titulado “Las tecnologías de la información y las comunicaciones para el desarrollo sostenible”, a menos que se acuerde otra cosa.</p>
        </content>
      </paragraph>
    </mainBody>
    <conclusions eId="conclusions">
      <p>
        <inline name="adoptionMeeting" title="52a">52a sesión plenaria</inline>
        <eol />
        <docDate date="2019-12-19" refersTo="#adoptionDate">19 de diciembre de 2019</docDate>
      </p>
    </conclusions>
  </statement>
</akomaNtoso>