<akomaNtoso xmlns:xsi="http://www.w3.org/2001/XMLSchema-instance" xsi:schemaLocation="http://docs.oasis-open.org/legaldocml/ns/akn/3.0 http://docs.oasis-open.org/legaldocml/akn-core/v1.0/os/part2-specs/schemas/akomantoso30.xsd" xmlns="http://docs.oasis-open.org/legaldocml/ns/akn/3.0" xmlns:html="http://www.w3.org/1999/xhtml" xmlns:akn4un="http://un.org/akn4un">
  <statement name="resolution">
    <meta>
      <identification source="#DGACM">
        <FRBRWork>
          <FRBRthis value="/akn/un/statement/deliberation/unga/2019-12-18/74-120/!main/"></FRBRthis>
          <FRBRuri value="/akn/un/statement/deliberation/unga/2019-12-18/74-120/"></FRBRuri>
          <FRBRdate date="2019-12-18" name="adoption"></FRBRdate>
          <FRBRauthor href="ga" as="author"></FRBRauthor>
          <FRBRcountry value="un"></FRBRcountry>
        </FRBRWork>
        <FRBRExpression>
          <FRBRthis value="/akn/un/statement/deliberation/unga/2019-12-18/74-120/spa@!main/"></FRBRthis>
          <FRBRuri value="/akn/un/statement/deliberation/unga/2019-12-18/74-120/spa@/"></FRBRuri>
          <FRBRdate date="2020-01-10" name="publication"></FRBRdate>
          <FRBRauthor href="ga" as="issuer"></FRBRauthor>
          <FRBRlanguage language="spa"></FRBRlanguage>
        </FRBRExpression>
        <FRBRManifestation>
          <FRBRthis value="/akn/un/statement/deliberation/unga/2019-12-18/74-120/spa@/!main.xml"></FRBRthis>
          <FRBRuri value="/akn/un/statement/deliberation/unga/2019-12-18/74-120/spa@.xml"></FRBRuri>
          <FRBRdate date="2020-08-17" name="markup"></FRBRdate>
          <FRBRauthor href="DGACM" as="editor"></FRBRauthor>
        </FRBRManifestation>
      </identification>
      <classification source="http://metadata.un.org/sdg">
        <keyword value="5" href="http://metadata.un.org/sdg/5" showAs="sdg_5" dictionary="SDGO"></keyword>
        <keyword value="gender_equality" href="http://eurovoc.europa.eu/3913" showAs="gender_equality" dictionary="EuroVoc"></keyword>
        <keyword value="participation_of_women" href="http://eurovoc.europa.eu/2265" showAs="participation_of_women" dictionary="EuroVoc"></keyword>
        <keyword value="women&amp;#39;s_rights" href="http://eurovoc.europa.eu/585" showAs="women&amp;#39;s_rights" dictionary="EuroVoc"></keyword>
        <keyword value="position_of_women" href="http://eurovoc.europa.eu/81" showAs="position_of_women" dictionary="EuroVoc"></keyword>
        <keyword value="women" href="http://metadata.un.org/thesaurus/1007029" showAs="women" dictionary="UNBIS Thesaurus"></keyword>
        <keyword value="gender_equality" href="http://metadata.un.org/thesaurus/1002612" showAs="gender_equality" dictionary="UNBIS Thesaurus"></keyword>
        <keyword value="girls" href="http://metadata.un.org/thesaurus/1002684" showAs="girls" dictionary="UNBIS Thesaurus"></keyword>
      </classification>
      <classification source="http://metadata.un.org/sdg">
        <keyword value="10" href="http://metadata.un.org/sdg/10" showAs="sdg_10" dictionary="SDGO"></keyword>
        <keyword value="social_inequality" href="http://eurovoc.europa.eu/1420" showAs="social_inequality" dictionary="EuroVoc"></keyword>
        <keyword value="equality" href="http://metadata.un.org/thesaurus/1002102" showAs="equality" dictionary="UNBIS Thesaurus"></keyword>
      </classification>
      <classification source="http://metadata.un.org/sdg">
        <keyword value="16" href="http://metadata.un.org/sdg/16" showAs="sdg_16" dictionary="SDGO"></keyword>
        <keyword value="right_to_justice" href="http://eurovoc.europa.eu/516" showAs="right_to_justice" dictionary="EuroVoc"></keyword>
        <keyword value="sustainable_development" href="http://eurovoc.europa.eu/5585" showAs="sustainable_development" dictionary="EuroVoc"></keyword>
        <keyword value="civil_society" href="http://metadata.un.org/thesaurus/1001012" showAs="civil_society" dictionary="UNBIS Thesaurus"></keyword>
        <keyword value="justice" href="http://metadata.un.org/thesaurus/1003500" showAs="justice" dictionary="UNBIS Thesaurus"></keyword>
        <keyword value="peaceful_coexistence" href="http://metadata.un.org/thesaurus/1004777" showAs="peaceful_coexistence" dictionary="UNBIS Thesaurus"></keyword>
        <keyword value="public_institutions" href="http://metadata.un.org/thesaurus/1005254" showAs="public_institutions" dictionary="UNBIS Thesaurus"></keyword>
        <keyword value="social_justice" href="http://metadata.un.org/thesaurus/1005970" showAs="social_justice" dictionary="UNBIS Thesaurus"></keyword>
        <keyword value="sustainable_development" href="http://metadata.un.org/thesaurus/1006319" showAs="sustainable_development" dictionary="UNBIS Thesaurus"></keyword>
      </classification>
      <classification source="http://metadata.un.org/sdg">
        <keyword value="17" href="http://metadata.un.org/sdg/17" showAs="sdg_17" dictionary="SDGO"></keyword>
        <keyword value="sustainable_development" href="http://eurovoc.europa.eu/5585" showAs="sustainable_development" dictionary="EuroVoc"></keyword>
        <keyword value="partnership" href="http://eurovoc.europa.eu/4199" showAs="partnership" dictionary="EuroVoc"></keyword>
        <keyword value="sustainable_development" href="http://metadata.un.org/thesaurus/1006319" showAs="sustainable_development" dictionary="UNBIS Thesaurus"></keyword>
        <keyword value="partnership" href="http://metadata.un.org/thesaurus/1004748" showAs="partnership" dictionary="UNBIS Thesaurus"></keyword>
      </classification>
      <workflow source="#un">
        <step date="2019-11-07" outcome="draftResolution" as="A/C.3/74/L.17/Rev.1" by="Argentina, Belize, Côte d’Ivoire, Ecuador, Fiji, France, Haiti, Honduras, India, Italy, Peru, United Kingdom of Great Britain and Northern Ireland and Zimbabwe" />
        <step date="0001-01-01" outcome="draftResolutionAdditionalSponsors" by="Afghanistan, Andorra, Australia, Austria, Belgium, Bolivia (Plurinational State of), Bosnia and Herzegovina, Bulgaria, Cabo Verde, Canada, Central African Republic, Chile, Colombia, Costa Rica, Croatia, Cyprus, Czechia, Democratic Republic of the Congo, Dominican Republic, El Salvador, Equatorial Guinea, Estonia, Finland, Germany, Greece, Iceland, Indonesia, Ireland, Israel, Jamaica, Latvia, Lithuania, Luxembourg, Madagascar, Maldives, Mali, Malta, Mexico, Mongolia, Montenegro, Morocco, Netherlands, Nicaragua, North Macedonia, Panama, Papua New Guinea, Paraguay, Philippines, Poland, Portugal, Romania, San Marino, Serbia, Seychelles, Slovakia, Slovenia, South Africa, Spain, Sri Lanka, Tajikistan, Thailand, Togo, Turkey, Ukraine and Uruguay" />
        <step date="0001-01-01" outcome="recommendedForAdoption" as="A/74/391" by="" refersTo="49" />
        <step date="2019-12-18" outcome="adopted" as="A/74/PV.50" by="" />
      </workflow>
      <analysis source="#un">
        <parliamentary>
          <voting outcome="adoptedWithoutVote">
            <quorum value=""></quorum>
          </voting>
        </parliamentary>
      </analysis>
      <references source="#DGACM">
        <TLCOrganization eId="source" href="/akn/ontology/organization/un/DGACM" showAs="DGACM"></TLCOrganization>
        <TLCConcept eId="dateOfIssuance" href="/akn/ontology/concept/un/dateOfIssuance" showAs="Date of issuance"></TLCConcept>
        <TLCConcept eId="dateOfAdoption" href="/akn/ontology/concept/un/dateOfAdoption" showAs="Date of adoption"></TLCConcept>
        <TLCConcept eId="symbol" href="/akn/ontology/reference/un/symbol" showAs="Symbol"></TLCConcept>
        <TLCRole eId="publisher" href="/akn/ontology/role/un/publisher" showAs="Publisher"></TLCRole>
        <TLCRole eId="issuingBody" href="/akn/role/concept/un/issuingBody" showAs="Issuing body"></TLCRole>
        <TLCRole eId="author" href="/akn/ontology/role/un/author" showAs="Author"></TLCRole>
        <TLCRole eId="editor" href="/akn/ontology/role/un/editor" showAs="Editor"></TLCRole>
        <TLCRole eId="distribution" href="/akn/ontology/concept/un/generalDistribution" showAs="General distribution"></TLCRole>
        <TLCOrganization eId="ga" href="/akn/ontology/organization/un/generalAssembly" showAs="General Assembly"></TLCOrganization>
        <TLCTerm eId="resolutionTitle" href="/akn/ontology/reference/un/resolutionTitle" showAs="Resolution title"></TLCTerm>
        <TLCTerm eId="thirdCommittee" href="#thirdCommittee" showAs="Tercera Comisión"></TLCTerm>
        <TLCTerm eId="memberState" href="/akn/ontology/organization/un/memberState" showAs="Member State"></TLCTerm>
        <TLCTerm eId="inFavour" href="/akn/ontology/concept/un/voting/inFavour" showAs="In favour"></TLCTerm>
        <TLCTerm eId="against" href="/akn/ontology/concept/un/voting/against" showAs="Against"></TLCTerm>
        <TLCTerm eId="abstaining" href="/akn/ontology/concept/un/voting/abstaining" showAs="Abstaining"></TLCTerm>
      </references>
      <presentation source="#un">
        <akn4un:footerFirstPage>
          <akn4un:footerFirstPageLeft>
            <akn4un:internalCode>
              <docketNumber refersTo="#publicationJobNumber">19-22040 (S)</docketNumber>
              <img alt="bar code" class="barCode" src=""></img>
            </akn4un:internalCode>
          </akn4un:footerFirstPageLeft>
          <akn4un:footerFirstPageRight>
            <img alt="Please recycle" class="image" src="./recylcleLogo.jpg"></img>
            <img alt="embedded QR code" class="qrCode" src=""></img>
          </akn4un:footerFirstPageRight>
        </akn4un:footerFirstPage>
      </presentation>
    </meta>
    <coverPage eId="coverPage_1">
      <p>
        <span refersTo="#publisher" class="upperLeft">
          <docAuthority refersTo="#publisher">Naciones Unidas</docAuthority>
        </span>
      </p>
      <p class="upperRight">
        <docNumber refersTo="#symbol">A/RES/74/120</docNumber>
      </p>
      <p class="upperLeft">
        <img src="logo-un.jpg"></img>
        <docAuthority refersTo="#issuingBody" class="rightBig">Asamblea General</docAuthority>
      </p>
      <p>
        <docStatus refersTo="#generalDistribution" class="rightSmall">Distr. general</docStatus>
      </p>
      <p>
        <docDate date="2020-01-10" class="rightSmall" refersTo="#dateOfIssuance">10 de enero de 2020</docDate>
      </p>
      <p>
        <session refersTo="#generalAssembly" value="74" eId="coverPage_1__session_1">Septuagésimo cuarto período de sesiones</session>
      </p>
      <p>
        <inline name="agenda item">Tema 25 b) del programa</inline>
      </p>
      <p>
        <inline name="agenda item name">Desarrollo social: desarrollo social, incluidas las cuestiones relativas a la situación social en el mundo y a la juventud, el envejecimiento, las personas con discapacidad y la familia</inline>
      </p>
      <p>
        <docTitle>Resolución aprobada por la Asamblea General el 18 de diciembre de 2019</docTitle>
      </p>
      <p xml:space="preserve">
        <docProponent refersTo="#thirdCommittee">[sobre la base del informe de la Tercera Comisión (<inline name="originating document">A/74/391</inline>)]</docProponent>
      </p>
    </coverPage>
    <preface>
      <p>
        <docNumber>74/120.</docNumber>
        <docTitle refersTo="#resolutionTitle">Promoción de la integración social mediante la inclusión social</docTitle>
      </p>
    </preface>
    <preamble>
      <formula name="enactingFormula" eId="formula_1">
        <p xml:space="preserve">
          <span class="italic">La Asamblea General</span>,</p>
      </formula>
      <container name="Recordando" eId="container_2">
        <p xml:space="preserve">
          <span class="italic">Recordando</span> la Cumbre Mundial sobre Desarrollo Social, celebrada en Copenhague del 6 al 12 de marzo de 1995, y el vigésimo cuarto período extraordinario de sesiones de la Asamblea General, titulado “La Cumbre Mundial sobre Desarrollo Social y el futuro: en pos del desarrollo social para todos en el actual proceso de mundialización”, que tuvo lugar en Ginebra del 26 de junio al 1 de julio de 2000, y observando la función de la Comisión de Desarrollo Social,</p>
      </container>
      <container name="Recordando también" eId="container_3">
        <p xml:space="preserve">
          <span class="italic">Recordando también</span> la resolución 2010/12 del Consejo Económico y Social, de 22 de julio de 2010, relativa a la promoción de la integración social, y la resolución <a href="https://undocs.org/sp/A/RES/72/142">72/142</a> de la Asamblea General, de 19 de diciembre de 2017, y sus resoluciones anteriores relativas a la promoción de la integración social mediante la inclusión social,</p>
      </container>
      <container name="Reafirmando" eId="container_4">
        <p xml:space="preserve">
          <span class="italic">Reafirmando</span> su resolución <a href="https://undocs.org/sp/A/RES/70/1">70/1</a>, de 25 de septiembre de 2015, titulada “Transformar nuestro mundo: la Agenda 2030 para el Desarrollo Sostenible”, en la que adoptó un amplio conjunto de Objetivos de Desarrollo Sostenible y metas universales y transformativos, de gran alcance y centrados en las personas, su compromiso de trabajar sin descanso a fin de conseguir la plena implementación de la Agenda a más tardar en 2030, su reconocimiento de que la erradicación de la pobreza en todas sus formas y dimensiones, incluida la pobreza extrema, es el mayor desafío a que se enfrenta el mundo y constituye un requisito indispensable para el desarrollo sostenible, y su compromiso de lograr el desarrollo sostenible en sus tres dimensiones —económica, social y ambiental— de forma equilibrada e integrada, y de aprovechar los logros de los Objetivos de Desarrollo del Milenio y de procurar abordar los asuntos pendientes, </p>
      </container>
      <container name="Recordando" eId="container_5">
        <p xml:space="preserve">
          <span class="italic">Recordando</span> su resolución <a href="https://undocs.org/sp/A/RES/74/4">74/4</a>, de 15 de octubre de 2019, en la que hizo suya la declaración política adjunta a la resolución, titulada “Avanzando hacia un decenio de acción y resultados en favor del desarrollo sostenible: declaración política de la Cumbre sobre los Objetivos de Desarrollo Sostenible”,</p>
      </container>
      <container name="Acogiendo con beneplácito" eId="container_6">
        <p xml:space="preserve">
          <span class="italic">Acogiendo con beneplácito</span> que la Agenda 2030 para el Desarrollo Sostenible refleje la naturaleza intersectorial y la importancia de la inclusión social en los Objetivos de Desarrollo Sostenible pertinentes y las metas conexas, y reconociendo que su promoción es necesaria para lograr el desarrollo sostenible en todas sus dimensiones,</p>
      </container>
      <container name="Reiterando " eId="container_7">
        <p xml:space="preserve">
          <span class="italic">Reiterando </span>la promesa de que no se dejará a nadie atrás, reafirmando el reconocimiento de que la dignidad del ser humano es fundamental y el deseo de ver cumplidos los Objetivos y las metas para todas las naciones y los pueblos y para todos los sectores de la sociedad, y comprometiéndose nuevamente a centrar nuestros esfuerzos donde los retos son mayores, entre otras cosas, velando por la inclusión y la participación de los más rezagados,</p>
      </container>
      <container name="Recordando" eId="container_8">
        <p xml:space="preserve">
          <span class="italic">	Recordando</span> que la Agenda 2030 para el Desarrollo Sostenible incluye, entre los 17 Objetivos de Desarrollo Sostenible, que están integrados y son indivisibles, el objetivo de promover sociedades pacíficas e inclusivas para el desarrollo sostenible, facilitar el acceso a la justicia para todos y construir a todos los niveles instituciones eficaces e inclusivas que rindan cuentas,</p>
      </container>
      <container name="Reafirmando" eId="container_9">
        <p xml:space="preserve">
          <span class="italic">Reafirmando</span> su resolución <a href="https://undocs.org/sp/A/RES/69/313">69/313</a>, de 27 de julio de 2015, relativa a la Agenda de Acción de Addis Abeba de la Tercera Conferencia Internacional sobre la Financiación para el Desarrollo, que es parte integral de la Agenda 2030 para el Desarrollo Sostenible, le sirve de apoyo y complemento, ayuda a contextualizar las metas relativas a sus medios de implementación con políticas y medidas concretas y reafirma el resuelto compromiso político de hacer frente al problema de la financiación y de la creación de un entorno propicio a todos los niveles para el desarrollo sostenible, en un espíritu de alianza y solidaridad mundiales,</p>
      </container>
      <container name="Reafirmando también " eId="container_10">
        <p xml:space="preserve">
          <span class="italic">	Reafirmando también </span>que el empoderamiento, la participación y la protección social son esenciales para el desarrollo y la inclusión sociales, y que el desarrollo sostenible requiere la participación activa, plena y en pie de igualdad de todos, </p>
      </container>
      <container name="Reconociendo" eId="container_11">
        <p xml:space="preserve">
          <span class="italic">Reconociendo</span> la gran importancia que tiene la promoción de sistemas amplios de protección social que proporcionen acceso universal a los servicios sociales esenciales, en consonancia con las prioridades y circunstancias nacionales, para contribuir al cumplimiento de los objetivos de desarrollo convenidos internacionalmente, incluidos los Objetivos de Desarrollo Sostenible,</p>
      </container>
      <container name="Tomando nota con aprecio" eId="container_12">
        <p xml:space="preserve">
          <span class="italic">Tomando nota con aprecio</span> del compromiso de varias entidades de las Naciones Unidas de incorporar la inclusión social en su labor, y alentando a las demás a que hagan lo mismo,</p>
      </container>
      <container name="Reafirmando" eId="container_13">
        <p xml:space="preserve">
          <span class="italic">Reafirmando</span> el compromiso asumido por la comunidad internacional de promover un crecimiento económico sostenido, inclusivo y sostenible, el empleo pleno y productivo y el trabajo decente para todos, según sea necesario, a fin de erradicar la pobreza en todas sus formas y dimensiones, incluida la pobreza extrema, que debe complementarse, según proceda, con políticas eficaces de protección social que incluyan políticas de inclusión social,</p>
      </container>
      <container name="Reafirmando también" eId="container_14">
        <p xml:space="preserve">
          <span class="italic">Reafirmando también</span> la importancia de reducir las desigualdades en los países y entre ellos mediante el empoderamiento de todos y la promoción de la inclusión social, económica y política, especialmente de quienes pertenecen a grupos vulnerables o marginados o se encuentran en situaciones vulnerables o de marginación,</p>
      </container>
      <container name="Reconociendo" eId="container_15">
        <p xml:space="preserve">
          <span class="italic">Reconociendo</span> que los beneficios del crecimiento económico deben favorecer también a quienes pertenecen a grupos vulnerables o marginados o se encuentran en situaciones vulnerables o de marginación,</p>
      </container>
      <container name="Afirmando " eId="container_16">
        <p xml:space="preserve">
          <span class="italic">	Afirmando </span>su enérgico apoyo a una globalización equitativa y la necesidad de que el crecimiento se traduzca en la reducción de las desigualdades, en la erradicación de la pobreza y en estrategias y políticas que promuevan el empleo pleno, libremente elegido y productivo y el trabajo decente para todos, y que esas estrategias y políticas deben ser un componente fundamental de las políticas nacionales e internacionales y de estrategias de desarrollo nacionales pertinentes, incluidas las estrategias de reducción de la desigualdad y la pobreza, y reafirmando que la creación de empleo y el trabajo decente para todos deben incorporarse a las políticas macroeconómicas, teniendo plenamente en cuenta las repercusiones y la dimensión social de la globalización, cuyos beneficios y costos a menudo se reparten y distribuyen de forma desigual,</p>
      </container>
      <container name="Reconociendo " eId="container_17">
        <p xml:space="preserve">
          <span class="italic">Reconociendo </span>que los tres temas básicos del desarrollo social, que son la erradicación de la pobreza, el empleo pleno y productivo y el trabajo decente para todos, y la integración social, están relacionados entre sí y se refuerzan mutuamente y que, por tanto, es necesario crear un entorno propicio para poder perseguir de manera simultánea esos tres objetivos,</p>
      </container>
      <container name="Reafirmando " eId="container_18">
        <p xml:space="preserve">
          <span class="italic">	Reafirmando </span>su resolución <a href="https://undocs.org/sp/A/RES/73/342">73/342</a>, de 16 de septiembre de 2019, relativa a la Declaración del Centenario de la Organización Internacional del Trabajo para el Futuro del Trabajo, en la que se reafirma que el empleo pleno y productivo y el trabajo decente para todos son elementos clave del desarrollo sostenible,</p>
      </container>
      <container name="Reconociendo" eId="container_19">
        <p xml:space="preserve">
          <span class="italic">	Reconociendo</span> que la inclusión social y la igualdad están intrínsecamente vinculadas y que centrar la atención en las poblaciones más desfavorecidas y excluidas, entre las que se pueden incluir los niños, las mujeres, las personas jóvenes, las personas con discapacidad, las personas de edad, los migrantes y los pueblos indígenas, e invertir en ellas es sumamente importante para la consecución efectiva de los Objetivos de Desarrollo Sostenible,</p>
      </container>
      <container name="Reconociendo también" eId="container_20">
        <p xml:space="preserve">
          <span class="italic">Reconociendo también</span> que las políticas y los sistemas de inclusión social desempeñan un papel fundamental en la promoción de una sociedad inclusiva y que también son indispensables para fomentar sociedades estables, seguras, armoniosas, pacíficas y justas y para mejorar la cohesión y la inclusión sociales, y crear así un entorno propicio al desarrollo y al progreso,</p>
      </container>
      <container name="Reafirmando" eId="container_21">
        <p xml:space="preserve">
          <span class="italic">Reafirmando</span> que la responsabilidad social y la rendición de cuentas de las empresas desempeñan un papel importante en la creación de un entorno propicio para promover el crecimiento económico inclusivo y la integración social,</p>
      </container>
      <container name="Reconociendo" eId="container_22">
        <p xml:space="preserve">
          <span class="italic">Reconociendo</span> que las políticas de inclusión social también refuerzan el proceso democrático y desempeñan un papel crucial para hacer efectivos progresivamente los derechos económicos, sociales y culturales para todos,</p>
      </container>
      <container name="Destacando" eId="container_23">
        <p xml:space="preserve">
          <span class="italic">Destacando</span> que las políticas de inclusión social deben promover la igualdad de género y el empoderamiento de las mujeres y las niñas, así como la igualdad de oportunidades y de acceso a los servicios de protección social para todos, en particular para las personas que pertenecen a grupos vulnerables o marginados o se encuentran en situaciones vulnerables o de marginación, como las mujeres y las niñas que sufren formas múltiples y concomitantes de discriminación y violencia, teniendo en cuenta que el empoderamiento de las mujeres y la niñas contribuirá decisivamente al progreso respecto de todos los Objetivos y metas de la Agenda 2030 para el Desarrollo Sostenible,</p>
      </container>
      <container name="Reafirmando" eId="container_24">
        <p xml:space="preserve">
          <span class="italic">Reafirmando</span> la importancia de que se asegure la integración social de las personas de edad y la promoción y protección de sus derechos como parte fundamental de las políticas de desarrollo a todos los niveles, y reconociendo que las personas de edad pueden hacer una contribución significativa al desarrollo sostenible en sus tres dimensiones, a saber, económica, social y ambiental,</p>
      </container>
      <container name="Reconociendo " eId="container_25">
        <p xml:space="preserve">
          <span class="italic">	Reconociendo </span>que las personas con discapacidad son agentes y beneficiarias del desarrollo, destacando la necesidad de promover los derechos y la participación de las personas con discapacidad, incluso por conducto de las organizaciones que las representan, en la implementación de la Agenda 2030 para el Desarrollo Sostenible, y, a ese respecto, haciendo notar con aprecio el informe de 2018 titulado <span class="italic">Disability and Development Report: Realizing the Sustainable Development Goals by, for and with Persons with Disabilities</span> (Informe sobre discapacidad y desarrollo: realización de los Objetivos de Desarrollo Sostenible por, para y con las personas con discapacidad)<authorialNote marker="1" placement="bottom" eId="authorialNote_1"><p xml:space="preserve">	 	Publicación de las Naciones Unidas, núm. de venta 19.IV.4.</p></authorialNote>, el primero en reflejar los avances realizados en la inclusión de la discapacidad en el contexto de la Agenda 2030, que tiene por objeto promover los esfuerzos para eliminar los obstáculos y empoderar a las personas con discapacidad,</p>
      </container>
      <container name="Reafirmando " eId="container_26">
        <p xml:space="preserve">
          <span class="italic">	Reafirmando </span>que la participación de los jóvenes es importante para el desarrollo, y alentando a los Estados Miembros a explorar y promover la participación de los jóvenes en los procesos pertinentes de adopción de decisiones y su supervisión, particularmente en la formulación y aplicación de políticas y programas que les conciernen, al tiempo que se implementa la Agenda 2030 para el Desarrollo Sostenible,</p>
      </container>
      <container name="Reconociendo" eId="container_27">
        <p xml:space="preserve">
          <span class="italic">Reconociendo</span> la importante función que desempeña la sociedad civil, en particular las organizaciones no gubernamentales, en la promoción de la integración social, por medios como los programas sociales y el apoyo a la elaboración de políticas sociales inclusivas,</p>
      </container>
      <container name="Reconociendo también" eId="container_28">
        <p xml:space="preserve">
          <span class="italic">Reconociendo también</span> que la participación de las personas que pertenecen a grupos vulnerables o marginados o que se encuentran en situaciones vulnerables o de marginación es crucial para formular y aplicar políticas de inclusión social que permitan alcanzar realmente la integración social, según proceda,</p>
      </container>
      <container name="Reafirmando" eId="container_29">
        <p xml:space="preserve">
          <span class="italic">Reafirmando</span> la importante función que desempeñan las cooperativas, especialmente en los países en desarrollo, en la reducción de la desigualdad dentro de los países y entre ellos y en la inclusión social sin dejar de promover un crecimiento más inclusivo y equitativo para alcanzar los Objetivos de Desarrollo Sostenible y cumplir la promesa de no dejar a nadie atrás,</p>
      </container>
      <container name="Reconociendo" eId="container_30">
        <p xml:space="preserve">
          <span class="italic">Reconociendo</span> que cada país es el principal responsable de su propio desarrollo económico y social, y reafirmando que las políticas y estrategias nacionales desempeñan un papel esencial en la promoción del desarrollo sostenible en todas sus formas, particularmente la promoción de la inclusión social,</p>
      </container>
      <container name="Reconociendo también " eId="container_31">
        <p xml:space="preserve">
          <span class="italic">Reconociendo también </span>la importancia de un entorno internacional propicio y destacando la importancia de una mayor cooperación internacional para apoyar las iniciativas nacionales encaminadas a promover la integración social mediante la inclusión social en todos los países, incluido el cumplimiento de todos los compromisos relativos a la asistencia oficial para el desarrollo, el alivio de la deuda, el acceso a los mercados, el apoyo financiero y técnico y la creación de capacidad,</p>
      </container>
      <container name="Expresando preocupación" eId="container_32">
        <p xml:space="preserve">
          <span class="italic">Expresando preocupación</span> porque, en tiempos de crisis económica y financiera y de constante inquietud por la inseguridad energética y alimentaria, la exclusión social puede agravarse, y destacando a este respecto que las políticas y los programas de inclusión social sostenibles y fiables pueden desempeñar un papel positivo,</p>
      </container>
      <container name="Recordando " eId="container_33">
        <p xml:space="preserve">
          <span class="italic">Recordando </span>su resolución <a href="https://undocs.org/sp/A/RES/72/206">72/206</a>, de 20 de diciembre de 2017, relativa a la inclusión financiera para el desarrollo sostenible, en la que se reconoció la importancia de la inclusión financiera para el logro del desarrollo sostenible,</p>
      </container>
      <container name="Considerando " eId="container_34">
        <p xml:space="preserve">
          <span class="italic">Considerando </span>que salvar la brecha digital es esencial para que todos puedan acceder, entre otras cosas, a nuevos puestos de trabajo que requieran importantes aptitudes digitales, a fin de construir una economía y una sociedad del conocimiento digitales inclusivas, y que la tecnología de la información y las comunicaciones es un instrumento mediante el cual todos pueden contribuir de manera sustantiva a su desarrollo económico y social e inclusión, participar en él y aprovecharlo,</p>
      </container>
      <container name="Recordando " eId="container_35">
        <p xml:space="preserve">
          <span class="italic">	Recordando </span>su resolución <a href="https://undocs.org/sp/A/RES/73/218">73/218</a>, de 20 de diciembre de 2018, relativa a las tecnologías de la información y las comunicaciones para el desarrollo sostenible,</p>
      </container>
      <container name="Reconociendo " eId="container_36">
        <p xml:space="preserve">
          <span class="italic">Reconociendo </span>que a fin de no dejar a nadie atrás y asegurar el progreso de todas las personas es necesario emprender acciones para promover la igualdad de oportunidades, de modo que a ninguna persona se le nieguen las oportunidades económicas y sociales básicas, y reconociendo también que la promoción de la igualdad de oportunidades contribuye significativamente al disfrute de todos los derechos humanos,</p>
      </container>
    </preamble>
    <mainBody>
      <paragraph eId="para_37" class="SingleTxt">
        <num>	1.</num>
        <content eId="para_37__content">
          <p xml:space="preserve">
            <span class="italic">Toma nota</span> del informe del Secretario General<authorialNote marker="2" placement="bottom" eId="authorialNote_2"><p xml:space="preserve"><a href="https://undocs.org/sp/A/74/133">A/74/133</a>.</p></authorialNote>;</p>
        </content>
      </paragraph>
      <paragraph eId="para_38" class="SingleTxt">
        <num>	2.</num>
        <content eId="para_38__content">
          <p xml:space="preserve">
            <span class="italic">Destaca</span> que los Estados Miembros, en quienes recae la responsabilidad primordial de promover la integración social y la inclusión social, deben dar prioridad a la creación de una “sociedad para todos” basada en el respeto de todos los derechos humanos y los principios de igualdad entre las personas, no discriminación, acceso a servicios sociales básicos y promoción de la participación activa de todos los miembros de la sociedad, en particular las personas que pertenecen a grupos vulnerables o marginados o que se encuentran en situaciones vulnerables o de marginación, en todos los aspectos de la vida, incluidas las actividades cívicas, sociales, económicas, culturales y políticas, así como en los procesos de adopción de decisiones;</p>
        </content>
      </paragraph>
      <paragraph eId="para_39" class="SingleTxt">
        <num>	3.</num>
        <content eId="para_39__content">
          <p xml:space="preserve">
            <span class="italic">Reafirma</span> que las políticas de integración social deberían tender a reducir las desigualdades y que la equidad y la inclusión social son importantes para alcanzar el desarrollo sostenible y garantizar que las personas puedan participar sin discriminación y contribuir a sus dimensiones social, económica y ambiental;</p>
        </content>
      </paragraph>
      <paragraph eId="para_40" class="SingleTxt">
        <num>	4.</num>
        <content eId="para_40__content">
          <p xml:space="preserve">
            <span class="italic">Reconoce</span> que la inversión en capital humano y protección social ha resultado eficaz para reducir la pobreza y la desigualdad, e invita a los Estados Miembros a que movilicen otras fuentes innovadoras de financiación, según sea necesario, por ejemplo mediante alianzas público-privadas, a fin de alcanzar niveles adecuados de gasto social que son necesarios para ampliar la cobertura y avanzar hacia el acceso universal a la salud, la educación, la innovación, las nuevas tecnologías y la protección social básica, y a que hagan frente al problema de las corrientes financieras ilícitas y la corrupción;</p>
        </content>
      </paragraph>
      <paragraph eId="para_41" class="SingleTxt">
        <num>	5.</num>
        <content eId="para_41__content">
          <p xml:space="preserve">
            <span class="italic">Destaca</span> la importancia de promover una educación inclusiva y equitativa de calidad que tenga en cuenta la edad, la discapacidad y el género, así como las oportunidades de aprendizaje permanente para todos, especialmente para los niños, las mujeres, las personas jóvenes, las personas con discapacidad, las personas de edad, los migrantes, los pueblos indígenas y las personas que pertenecen a minorías nacionales o étnicas, religiosas y lingüísticas, y de la capacitación para el desarrollo de aptitudes y la formación profesional de calidad como medios esenciales de lograr la participación inclusiva y la integración en la sociedad;</p>
        </content>
      </paragraph>
      <paragraph eId="para_42" class="SingleTxt">
        <num>	6.</num>
        <content eId="para_42__content">
          <p xml:space="preserve">
            <span class="italic">Exhorta</span> a los Estados Miembros a que promuevan una participación más equitativa en los beneficios del crecimiento económico, y un acceso más equitativo a ellos, por medios como políticas que aseguren un mercado de trabajo inclusivo, políticas macroeconómicas que tengan en cuenta las necesidades sociales, en las que el empleo ocupe un lugar destacado, y estrategias de inclusión social que promuevan la integración social, implementando sistemas y medidas de protección social apropiados a nivel nacional para todos, incluidos unos niveles mínimos, en particular a las personas que pertenecen a grupos vulnerables o marginados o que se encuentran en situaciones vulnerables o de marginación, según determine cada país en función de sus circunstancias particulares, en especial en respuesta a la demanda, y la promoción y protección de sus derechos sociales y económicos;</p>
        </content>
      </paragraph>
      <paragraph eId="para_43" class="SingleTxt">
        <num>	7.</num>
        <content eId="para_43__content">
          <p xml:space="preserve">
            <span class="italic">Alienta</span> a los Estados Miembros a que, cuando proceda, consideren la posibilidad de crear o fortalecer instituciones u organismos nacionales encargados de promover, aplicar y evaluar los programas y mecanismos de inclusión social a nivel nacional y local con el fin de contribuir a asegurar que no se deje a nadie atrás;</p>
        </content>
      </paragraph>
      <paragraph eId="para_44" class="SingleTxt">
        <num>	8.</num>
        <content eId="para_44__content">
          <p xml:space="preserve">
            <span class="italic">Alienta también</span> a los Estados Miembros a que consideren la posibilidad de promover el aumento de la participación civil, política y económica de las mujeres, las personas jóvenes, las personas de edad, las personas con discapacidad, los pueblos indígenas y las personas que pertenecen a minorías nacionales o étnicas, religiosas y lingüísticas, en particular mediante el fomento de su participación en los procesos políticos y su acceso a la protección social, el crédito, la formación profesional y los servicios de apoyo al empleo; </p>
        </content>
      </paragraph>
      <paragraph eId="para_45" class="SingleTxt">
        <num>	9.</num>
        <content eId="para_45__content">
          <p xml:space="preserve">
            <span class="italic">Alienta además</span> a los Estados Miembros a que velen por que los procesos de adopción de decisiones en todos los niveles sean inclusivos, participativos y representativos, y a que examinen los marcos jurídicos vigentes, según proceda, con miras a eliminar las disposiciones discriminatorias y de ese modo reducir las desigualdades;</p>
        </content>
      </paragraph>
      <paragraph eId="para_46" class="SingleTxt">
        <num>	10.</num>
        <content eId="para_46__content">
          <p xml:space="preserve">
            <span class="italic">Alienta </span>a los Estados Miembros a que promuevan la inclusión social como una cuestión de justicia social para reforzar la resiliencia de las poblaciones vulnerables y ayudarlas a adaptarse a las consecuencias negativas de las crisis económicas, las emergencias humanitarias, los desastres naturales y el cambio climático, y, a este respecto, invita a las entidades de las Naciones Unidas y las instituciones internacionales pertinentes a que apoyen esos esfuerzos;</p>
        </content>
      </paragraph>
      <paragraph eId="para_47" class="SingleTxt">
        <num>	11.</num>
        <content eId="para_47__content">
          <p xml:space="preserve">
            <span class="italic">Invita</span> a los Estados Miembros, y alienta a las organizaciones regionales, a que presten apoyo a las iniciativas nacionales encaminadas a lograr sociedades inclusivas, en particular en los países en desarrollo, cuando así lo soliciten, por medios como la cooperación financiera y técnica para la elaboración y aplicación de políticas de inclusión social racionales;</p>
        </content>
      </paragraph>
      <paragraph eId="para_48" class="SingleTxt">
        <num>	12.</num>
        <content eId="para_48__content">
          <p xml:space="preserve">
            <span class="italic">Alienta</span> a los Estados Miembros a que incorporen los objetivos de integración social en las políticas de inclusión social promoviendo la participación de las personas que pertenecen a grupos vulnerables o marginados o que se encuentran en situaciones vulnerables o de marginación en los procesos de planificación, aplicación y seguimiento, en colaboración, según proceda, con las organizaciones pertinentes del sistema de las Naciones Unidas para el desarrollo, las organizaciones regionales, las instituciones financieras internacionales y regionales, los asociados para el desarrollo y los interlocutores sociales, el sector privado y las organizaciones de la sociedad civil;</p>
        </content>
      </paragraph>
      <paragraph eId="para_49" class="SingleTxt">
        <num>	13.</num>
        <content eId="para_49__content">
          <p xml:space="preserve">
            <span class="italic">Alienta también</span> a los Estados Miembros, reconociendo que deben eliminarse todas las barreras jurídicas, sociales y económicas al empoderamiento de todas las mujeres y niñas, a que promuevan la integración y la inclusión sistemáticas de una perspectiva de género en todas las estrategias o iniciativas de inclusión social, prestando especial atención a la promoción de un entorno normativo en el lugar de trabajo que tenga en cuenta las cuestiones de género para el empoderamiento de las mujeres en el lugar de trabajo;</p>
        </content>
      </paragraph>
      <paragraph eId="para_50" class="SingleTxt">
        <num>	14.</num>
        <content eId="para_50__content">
          <p xml:space="preserve">
            <span class="italic">Alienta</span> además a los Estados Miembros a que consideren la posibilidad de adoptar y aplicar estrategias o iniciativas nacionales de inclusión financiera que tengan en cuenta una perspectiva de género y comprendan, entre otras cosas, medidas para promover el acceso pleno y en condiciones de igualdad a los servicios financieros oficiales y la educación financiera, para que las personas jóvenes, las mujeres, las personas con discapacidad, las personas de edad y los pueblos indígenas tengan mayores posibilidades de aprovechar diversos tipos de oportunidades para su plena participación en la sociedad, por ejemplo, como emprendedores;</p>
        </content>
      </paragraph>
      <paragraph eId="para_51" class="SingleTxt">
        <num>	15.</num>
        <content eId="para_51__content">
          <p xml:space="preserve">
            <span class="italic">Reconoce</span> que las tecnologías de la información y las comunicaciones pueden aportar nuevas soluciones a los problemas de desarrollo, en particular en el contexto de la globalización, y fomentar el crecimiento económico sostenido, inclusivo y equitativo y el desarrollo sostenible, la competitividad, el acceso a la información y el conocimiento, el comercio y el desarrollo, la erradicación de la pobreza y la inclusión social y, en consecuencia, reafirma su compromiso de reducir la brecha digital y exhorta a los Estados Miembros a que pongan en práctica políticas y a que redoblen sus esfuerzos para reducirla, como medida para lograr la inclusión social de todos, centrándose en los niños, las personas jóvenes, las mujeres, las personas con discapacidad y las personas de edad, sin discriminación alguna;</p>
        </content>
      </paragraph>
      <paragraph eId="para_52" class="SingleTxt">
        <num>	16.</num>
        <content eId="para_52__content">
          <p xml:space="preserve">
            <span class="italic">	Reafirma </span>el compromiso de la Nueva Agenda Urbana, aprobada en la Conferencia de las Naciones Unidas sobre la Vivienda y el Desarrollo Urbano Sostenible (Hábitat III), celebrada del 17 al 20 de octubre de 2016 en Quito<authorialNote marker="3" placement="bottom" eId="authorialNote_3"><p xml:space="preserve">	 	Resolución <a href="https://undocs.org/sp/A/RES/71/256">71/256</a>, anexo.</p></authorialNote>, de aceptar la diversidad en las ciudades y los asentamientos humanos y fortalecer la cohesión social, el diálogo intercultural y la comprensión, la tolerancia, el respeto mutuo, la igualdad de género, la innovación, el espíritu empresarial, la inclusión, la identidad y la seguridad y la dignidad de todas las personas, así como de fomentar la habitabilidad y una vibrante economía urbana y de adoptar medidas para garantizar que las instituciones locales promuevan el pluralismo y la coexistencia pacífica en sociedades cada vez más heterogéneas y multiculturales; </p>
        </content>
      </paragraph>
      <paragraph eId="para_53" class="SingleTxt">
        <num>	17.</num>
        <content eId="para_53__content">
          <p xml:space="preserve">
            <span class="italic">Invita</span> a los Estados Miembros, las organizaciones pertinentes del sistema de las Naciones Unidas, las organizaciones regionales, las instituciones financieras internacionales y regionales, los asociados para el desarrollo y los interlocutores sociales, el sector privado y las organizaciones de la sociedad civil a que sigan dando a conocer sus experiencias con iniciativas prácticas destinadas a promover la participación económica, civil y política, así como las medidas contra la discriminación y de otra índole para promover la integración social;</p>
        </content>
      </paragraph>
      <paragraph eId="para_54" class="SingleTxt">
        <num>	18.</num>
        <content eId="para_54__content">
          <p xml:space="preserve">
            <span class="italic">Invita </span>a los Estados Miembros a que consideren la posibilidad de intercambiar sistemáticamente buenas prácticas de integración social a nivel regional e internacional con el fin de que los encargados de la formulación de políticas y otras partes interesadas puedan aplicarlas a sus circunstancias nacionales y acelerar el progreso hacia el logro de una “sociedad para todos”;</p>
        </content>
      </paragraph>
      <paragraph eId="para_55" class="SingleTxt">
        <num>	19.</num>
        <content eId="para_55__content">
          <p xml:space="preserve">
            <span class="italic">Alienta</span> a los Estados Miembros a que mejoren la recopilación y utilización de datos y estadísticas de alta calidad, oportunos, fiables y desglosados para la formulación de políticas y programas encaminados a lograr la inclusión social, y destaca la importancia de la cooperación internacional a este respecto;</p>
        </content>
      </paragraph>
      <paragraph eId="para_56" class="SingleTxt">
        <num>	20.</num>
        <content eId="para_56__content">
          <p xml:space="preserve">
            <span class="italic">Solicita</span> al Secretario General que en su septuagésimo sexto período de sesiones le presente un informe sobre la aplicación de la presente resolución en que se tenga en cuenta la información proporcionada por los Estados Miembros y los agentes pertinentes del sistema de las Naciones Unidas;</p>
        </content>
      </paragraph>
      <paragraph eId="para_57" class="SingleTxt">
        <num>	21.</num>
        <content eId="para_57__content">
          <p xml:space="preserve">
            <span class="italic">Decide</span> seguir examinando la cuestión en su septuagésimo sexto período de sesiones en relación con el tema titulado “Desarrollo social”.</p>
        </content>
      </paragraph>
    </mainBody>
    <conclusions eId="conclusions">
      <p>
        <inline name="adoptionMeeting" title="50a">50a sesión plenaria</inline>
        <eol />
        <docDate date="2019-12-18" refersTo="#adoptionDate">18 de diciembre de 2019</docDate>
      </p>
    </conclusions>
  </statement>
</akomaNtoso>