<akomaNtoso xmlns:xsi="http://www.w3.org/2001/XMLSchema-instance" xsi:schemaLocation="http://docs.oasis-open.org/legaldocml/ns/akn/3.0 http://docs.oasis-open.org/legaldocml/akn-core/v1.0/os/part2-specs/schemas/akomantoso30.xsd" xmlns="http://docs.oasis-open.org/legaldocml/ns/akn/3.0" xmlns:html="http://www.w3.org/1999/xhtml" xmlns:akn4un="http://un.org/akn4un">
  <statement name="resolution">
    <meta>
      <identification source="#DGACM">
        <FRBRWork>
          <FRBRthis value="/akn/un/statement/deliberation/unga/2019-12-18/74-155/!main/"></FRBRthis>
          <FRBRuri value="/akn/un/statement/deliberation/unga/2019-12-18/74-155/"></FRBRuri>
          <FRBRdate date="2019-12-18" name="adoption"></FRBRdate>
          <FRBRauthor href="ga" as="author"></FRBRauthor>
          <FRBRcountry value="un"></FRBRcountry>
        </FRBRWork>
        <FRBRExpression>
          <FRBRthis value="/akn/un/statement/deliberation/unga/2019-12-18/74-155/spa@!main/"></FRBRthis>
          <FRBRuri value="/akn/un/statement/deliberation/unga/2019-12-18/74-155/spa@/"></FRBRuri>
          <FRBRdate date="2020-01-20" name="publication"></FRBRdate>
          <FRBRauthor href="ga" as="issuer"></FRBRauthor>
          <FRBRlanguage language="spa"></FRBRlanguage>
        </FRBRExpression>
        <FRBRManifestation>
          <FRBRthis value="/akn/un/statement/deliberation/unga/2019-12-18/74-155/spa@/!main.xml"></FRBRthis>
          <FRBRuri value="/akn/un/statement/deliberation/unga/2019-12-18/74-155/spa@.xml"></FRBRuri>
          <FRBRdate date="2020-08-17" name="markup"></FRBRdate>
          <FRBRauthor href="DGACM" as="editor"></FRBRauthor>
        </FRBRManifestation>
      </identification>
      <classification source="http://metadata.un.org/sdg">
        <keyword value="16.9" href="http://metadata.un.org/sdg/16.9" showAs="sdg_16.9" dictionary="SDGO"></keyword>
        <keyword value="human_rights" href="http://eurovoc.europa.eu/584" showAs="human_rights" dictionary="EuroVoc"></keyword>
        <keyword value="birth_reporting" href="http://metadata.un.org/thesaurus/1000633" showAs="birth_reporting" dictionary="UNBIS Thesaurus"></keyword>
        <keyword value="civil_registration" href="http://metadata.un.org/thesaurus/1001008" showAs="civil_registration" dictionary="UNBIS Thesaurus"></keyword>
        <keyword value="human_rights" href="http://metadata.un.org/thesaurus/1002975" showAs="human_rights" dictionary="UNBIS Thesaurus"></keyword>
        <keyword value="human_rights" href="http://metadata.un.org/thesaurus/140202" showAs="human_rights" dictionary="UNBIS Thesaurus"></keyword>
      </classification>
      <classification source="http://metadata.un.org/sdg">
        <keyword value="16.a" href="http://metadata.un.org/sdg/16.a" showAs="sdg_16.a" dictionary="SDGO"></keyword>
      </classification>      
      <workflow source="#un">
        <step date="2019-10-31" outcome="draftResolution" as="A/C.3/74/L.43" by="Cuba (on behalf of the States Members of the United Nations that are members of the Movement of Non-Aligned Countries)" />
        <step date="0001-01-01" outcome="draftResolutionAdditionalSponsors" by="China and Russian Federation" />
        <step date="0001-01-01" outcome="recommendedForAdoption" as="A/74/399/Add.2" by="" refersTo="90" />
        <step date="2019-12-18" outcome="adopted" as="A/74/PV.50" by="" />
      </workflow>
      <analysis source="#un">
        <parliamentary>
          <voting outcome="adoptedRecordedVote">
            <count value="134" refersTo="inFavour">
              <akn4un:voters>
                <organization refersTo="memberState">AFGHANISTAN</organization>
                <organization refersTo="memberState">ALGERIA</organization>
                <organization refersTo="memberState">ANGOLA</organization>
                <organization refersTo="memberState">ANTIGUA AND BARBUDA</organization>
                <organization refersTo="memberState">ARGENTINA</organization>
                <organization refersTo="memberState">AZERBAIJAN</organization>
                <organization refersTo="memberState">BAHAMAS</organization>
                <organization refersTo="memberState">BAHRAIN</organization>
                <organization refersTo="memberState">BANGLADESH</organization>
                <organization refersTo="memberState">BARBADOS</organization>
                <organization refersTo="memberState">BELARUS</organization>
                <organization refersTo="memberState">BELIZE</organization>
                <organization refersTo="memberState">BENIN</organization>
                <organization refersTo="memberState">BHUTAN</organization>
                <organization refersTo="memberState">BOLIVIA (PLURINATIONAL STATE OF)</organization>
                <organization refersTo="memberState">BOTSWANA</organization>
                <organization refersTo="memberState">BRUNEI DARUSSALAM</organization>
                <organization refersTo="memberState">BURKINA FASO</organization>
                <organization refersTo="memberState">BURUNDI</organization>
                <organization refersTo="memberState">CABO VERDE</organization>
                <organization refersTo="memberState">CAMBODIA</organization>
                <organization refersTo="memberState">CAMEROON</organization>
                <organization refersTo="memberState">CENTRAL AFRICAN REPUBLIC</organization>
                <organization refersTo="memberState">CHAD</organization>
                <organization refersTo="memberState">CHILE</organization>
                <organization refersTo="memberState">CHINA</organization>
                <organization refersTo="memberState">COLOMBIA</organization>
                <organization refersTo="memberState">COMOROS</organization>
                <organization refersTo="memberState">CONGO</organization>
                <organization refersTo="memberState">COSTA RICA</organization>
                <organization refersTo="memberState">COTE D'IVOIRE</organization>
                <organization refersTo="memberState">CUBA</organization>
                <organization refersTo="memberState">DEMOCRATIC PEOPLE'S REPUBLIC OF KOREA</organization>
                <organization refersTo="memberState">DEMOCRATIC REPUBLIC OF THE CONGO</organization>
                <organization refersTo="memberState">DJIBOUTI</organization>
                <organization refersTo="memberState">DOMINICAN REPUBLIC</organization>
                <organization refersTo="memberState">ECUADOR</organization>
                <organization refersTo="memberState">EGYPT</organization>
                <organization refersTo="memberState">EL SALVADOR</organization>
                <organization refersTo="memberState">EQUATORIAL GUINEA</organization>
                <organization refersTo="memberState">ERITREA</organization>
                <organization refersTo="memberState">ESWATINI</organization>
                <organization refersTo="memberState">ETHIOPIA</organization>
                <organization refersTo="memberState">FIJI</organization>
                <organization refersTo="memberState">GABON</organization>
                <organization refersTo="memberState">GAMBIA</organization>
                <organization refersTo="memberState">GHANA</organization>
                <organization refersTo="memberState">GRENADA</organization>
                <organization refersTo="memberState">GUATEMALA</organization>
                <organization refersTo="memberState">GUINEA</organization>
                <organization refersTo="memberState">GUINEA-BISSAU</organization>
                <organization refersTo="memberState">GUYANA</organization>
                <organization refersTo="memberState">HAITI</organization>
                <organization refersTo="memberState">HONDURAS</organization>
                <organization refersTo="memberState">INDIA</organization>
                <organization refersTo="memberState">INDONESIA</organization>
                <organization refersTo="memberState">IRAN (ISLAMIC REPUBLIC OF)</organization>
                <organization refersTo="memberState">IRAQ</organization>
                <organization refersTo="memberState">JAMAICA</organization>
                <organization refersTo="memberState">JORDAN</organization>
                <organization refersTo="memberState">KAZAKHSTAN</organization>
                <organization refersTo="memberState">KENYA</organization>
                <organization refersTo="memberState">KIRIBATI</organization>
                <organization refersTo="memberState">KUWAIT</organization>
                <organization refersTo="memberState">KYRGYZSTAN</organization>
                <organization refersTo="memberState">LAO PEOPLE'S DEMOCRATIC REPUBLIC</organization>
                <organization refersTo="memberState">LEBANON</organization>
                <organization refersTo="memberState">LESOTHO</organization>
                <organization refersTo="memberState">LIBERIA</organization>
                <organization refersTo="memberState">LIBYA</organization>
                <organization refersTo="memberState">MADAGASCAR</organization>
                <organization refersTo="memberState">MALAWI</organization>
                <organization refersTo="memberState">MALAYSIA</organization>
                <organization refersTo="memberState">MALDIVES</organization>
                <organization refersTo="memberState">MALI</organization>
                <organization refersTo="memberState">MAURITANIA</organization>
                <organization refersTo="memberState">MAURITIUS</organization>
                <organization refersTo="memberState">MEXICO</organization>
                <organization refersTo="memberState">MONGOLIA</organization>
                <organization refersTo="memberState">MOROCCO</organization>
                <organization refersTo="memberState">MOZAMBIQUE</organization>
                <organization refersTo="memberState">MYANMAR</organization>
                <organization refersTo="memberState">NAMIBIA</organization>
                <organization refersTo="memberState">NEPAL</organization>
                <organization refersTo="memberState">NICARAGUA</organization>
                <organization refersTo="memberState">NIGER</organization>
                <organization refersTo="memberState">NIGERIA</organization>
                <organization refersTo="memberState">OMAN</organization>
                <organization refersTo="memberState">PAKISTAN</organization>
                <organization refersTo="memberState">PALAU</organization>
                <organization refersTo="memberState">PANAMA</organization>
                <organization refersTo="memberState">PAPUA NEW GUINEA</organization>
                <organization refersTo="memberState">PARAGUAY</organization>
                <organization refersTo="memberState">PERU</organization>
                <organization refersTo="memberState">PHILIPPINES</organization>
                <organization refersTo="memberState">QATAR</organization>
                <organization refersTo="memberState">RUSSIAN FEDERATION</organization>
                <organization refersTo="memberState">RWANDA</organization>
                <organization refersTo="memberState">SAINT KITTS AND NEVIS</organization>
                <organization refersTo="memberState">SAINT LUCIA</organization>
                <organization refersTo="memberState">SAINT VINCENT AND THE GRENADINES</organization>
                <organization refersTo="memberState">SAMOA</organization>
                <organization refersTo="memberState">SAO TOME AND PRINCIPE</organization>
                <organization refersTo="memberState">SAUDI ARABIA</organization>
                <organization refersTo="memberState">SENEGAL</organization>
                <organization refersTo="memberState">SEYCHELLES</organization>
                <organization refersTo="memberState">SIERRA LEONE</organization>
                <organization refersTo="memberState">SINGAPORE</organization>
                <organization refersTo="memberState">SOMALIA</organization>
                <organization refersTo="memberState">SOUTH AFRICA</organization>
                <organization refersTo="memberState">SRI LANKA</organization>
                <organization refersTo="memberState">SUDAN</organization>
                <organization refersTo="memberState">SURINAME</organization>
                <organization refersTo="memberState">SYRIAN ARAB REPUBLIC</organization>
                <organization refersTo="memberState">TAJIKISTAN</organization>
                <organization refersTo="memberState">THAILAND</organization>
                <organization refersTo="memberState">TIMOR-LESTE</organization>
                <organization refersTo="memberState">TOGO</organization>
                <organization refersTo="memberState">TONGA</organization>
                <organization refersTo="memberState">TRINIDAD AND TOBAGO</organization>
                <organization refersTo="memberState">TUNISIA</organization>
                <organization refersTo="memberState">TURKMENISTAN</organization>
                <organization refersTo="memberState">TUVALU</organization>
                <organization refersTo="memberState">UGANDA</organization>
                <organization refersTo="memberState">UNITED ARAB EMIRATES</organization>
                <organization refersTo="memberState">UNITED REPUBLIC OF TANZANIA</organization>
                <organization refersTo="memberState">URUGUAY</organization>
                <organization refersTo="memberState">UZBEKISTAN</organization>
                <organization refersTo="memberState">VANUATU</organization>
                <organization refersTo="memberState">VENEZUELA (BOLIVARIAN REPUBLIC OF)</organization>
                <organization refersTo="memberState">VIET NAM</organization>
                <organization refersTo="memberState">YEMEN</organization>
                <organization refersTo="memberState">ZAMBIA</organization>
                <organization refersTo="memberState">ZIMBABWE</organization>
              </akn4un:voters>
            </count>
            <count value="52" refersTo="against">
              <akn4un:voters>
                <organization refersTo="memberState">ALBANIA</organization>
                <organization refersTo="memberState">ANDORRA</organization>
                <organization refersTo="memberState">AUSTRALIA</organization>
                <organization refersTo="memberState">AUSTRIA</organization>
                <organization refersTo="memberState">BELGIUM</organization>
                <organization refersTo="memberState">BOSNIA AND HERZEGOVINA</organization>
                <organization refersTo="memberState">BULGARIA</organization>
                <organization refersTo="memberState">CANADA</organization>
                <organization refersTo="memberState">CROATIA</organization>
                <organization refersTo="memberState">CYPRUS</organization>
                <organization refersTo="memberState">CZECHIA</organization>
                <organization refersTo="memberState">DENMARK</organization>
                <organization refersTo="memberState">ESTONIA</organization>
                <organization refersTo="memberState">FINLAND</organization>
                <organization refersTo="memberState">FRANCE</organization>
                <organization refersTo="memberState">GEORGIA</organization>
                <organization refersTo="memberState">GERMANY</organization>
                <organization refersTo="memberState">GREECE</organization>
                <organization refersTo="memberState">HUNGARY</organization>
                <organization refersTo="memberState">ICELAND</organization>
                <organization refersTo="memberState">IRELAND</organization>
                <organization refersTo="memberState">ISRAEL</organization>
                <organization refersTo="memberState">ITALY</organization>
                <organization refersTo="memberState">JAPAN</organization>
                <organization refersTo="memberState">LATVIA</organization>
                <organization refersTo="memberState">LIECHTENSTEIN</organization>
                <organization refersTo="memberState">LITHUANIA</organization>
                <organization refersTo="memberState">LUXEMBOURG</organization>
                <organization refersTo="memberState">MALTA</organization>
                <organization refersTo="memberState">MARSHALL ISLANDS</organization>
                <organization refersTo="memberState">MONACO</organization>
                <organization refersTo="memberState">MONTENEGRO</organization>
                <organization refersTo="memberState">NETHERLANDS</organization>
                <organization refersTo="memberState">NEW ZEALAND</organization>
                <organization refersTo="memberState">NORTH MACEDONIA</organization>
                <organization refersTo="memberState">NORWAY</organization>
                <organization refersTo="memberState">POLAND</organization>
                <organization refersTo="memberState">PORTUGAL</organization>
                <organization refersTo="memberState">REPUBLIC OF KOREA</organization>
                <organization refersTo="memberState">REPUBLIC OF MOLDOVA</organization>
                <organization refersTo="memberState">ROMANIA</organization>
                <organization refersTo="memberState">SAN MARINO</organization>
                <organization refersTo="memberState">SERBIA</organization>
                <organization refersTo="memberState">SLOVAKIA</organization>
                <organization refersTo="memberState">SLOVENIA</organization>
                <organization refersTo="memberState">SPAIN</organization>
                <organization refersTo="memberState">SWEDEN</organization>
                <organization refersTo="memberState">SWITZERLAND</organization>
                <organization refersTo="memberState">TURKEY</organization>
                <organization refersTo="memberState">UKRAINE</organization>
                <organization refersTo="memberState">UNITED KINGDOM</organization>
                <organization refersTo="memberState">UNITED STATES</organization>
              </akn4un:voters>
            </count>
            <count value="1" refersTo="abstaining">
              <akn4un:voters>
                <organization refersTo="memberState">BRAZIL</organization>
              </akn4un:voters>
            </count>
          </voting>
        </parliamentary>
      </analysis>
      <references source="#DGACM">
        <TLCOrganization eId="source" href="/akn/ontology/organization/un/DGACM" showAs="DGACM"></TLCOrganization>
        <TLCConcept eId="dateOfIssuance" href="/akn/ontology/concept/un/dateOfIssuance" showAs="Date of issuance"></TLCConcept>
        <TLCConcept eId="dateOfAdoption" href="/akn/ontology/concept/un/dateOfAdoption" showAs="Date of adoption"></TLCConcept>
        <TLCConcept eId="symbol" href="/akn/ontology/reference/un/symbol" showAs="Symbol"></TLCConcept>
        <TLCRole eId="publisher" href="/akn/ontology/role/un/publisher" showAs="Publisher"></TLCRole>
        <TLCRole eId="issuingBody" href="/akn/role/concept/un/issuingBody" showAs="Issuing body"></TLCRole>
        <TLCRole eId="author" href="/akn/ontology/role/un/author" showAs="Author"></TLCRole>
        <TLCRole eId="editor" href="/akn/ontology/role/un/editor" showAs="Editor"></TLCRole>
        <TLCRole eId="distribution" href="/akn/ontology/concept/un/generalDistribution" showAs="General distribution"></TLCRole>
        <TLCOrganization eId="ga" href="/akn/ontology/organization/un/generalAssembly" showAs="General Assembly"></TLCOrganization>
        <TLCTerm eId="resolutionTitle" href="/akn/ontology/reference/un/resolutionTitle" showAs="Resolution title"></TLCTerm>
        <TLCTerm eId="thirdCommittee" href="#thirdCommittee" showAs="Tercera Comisión"></TLCTerm>
        <TLCTerm eId="memberState" href="/akn/ontology/organization/un/memberState" showAs="Member State"></TLCTerm>
        <TLCTerm eId="inFavour" href="/akn/ontology/concept/un/voting/inFavour" showAs="In favour"></TLCTerm>
        <TLCTerm eId="against" href="/akn/ontology/concept/un/voting/against" showAs="Against"></TLCTerm>
        <TLCTerm eId="abstaining" href="/akn/ontology/concept/un/voting/abstaining" showAs="Abstaining"></TLCTerm>
      </references>
      <presentation source="#un">
        <akn4un:footerFirstPage>
          <akn4un:footerFirstPageLeft>
            <akn4un:internalCode>
              <docketNumber refersTo="#publicationJobNumber">19-22281 (S)</docketNumber>
              <img alt="bar code" class="barCode" src=""></img>
            </akn4un:internalCode>
          </akn4un:footerFirstPageLeft>
          <akn4un:footerFirstPageRight>
            <img alt="Please recycle" class="image" src="./recylcleLogo.jpg"></img>
            <img alt="embedded QR code" class="qrCode" src=""></img>
          </akn4un:footerFirstPageRight>
        </akn4un:footerFirstPage>
      </presentation>
    </meta>
    <coverPage eId="coverPage_1">
      <p>
        <span refersTo="#publisher" class="upperLeft">
          <docAuthority refersTo="#publisher">Naciones Unidas</docAuthority>
        </span>
      </p>
      <p class="upperRight">
        <docNumber refersTo="#symbol">A/RES/74/155</docNumber>
      </p>
      <p class="upperLeft">
        <img src="logo-un.jpg"></img>
        <docAuthority refersTo="#issuingBody" class="rightBig">Asamblea General</docAuthority>
      </p>
      <p>
        <docStatus refersTo="#generalDistribution" class="rightSmall">Distr. general</docStatus>
      </p>
      <p>
        <docDate date="2020-01-20" class="rightSmall" refersTo="#dateOfIssuance">20 de enero de 2020</docDate>
      </p>
      <p>
        <session refersTo="#generalAssembly" value="74" eId="coverPage_1__session_1">Septuagésimo cuarto período de sesiones</session>
      </p>
      <p>
        <inline name="agenda item">Tema 70 b) del programa</inline>
      </p>
      <p>
        <inline name="agenda item name">Promoción y protección de los derechos humanos: cuestiones de derechos humanos, incluidos otros medios de mejorar el goce efectivo de los derechos humanos y las libertades fundamentales</inline>
      </p>
      <p>
        <docTitle>Resolución aprobada por la Asamblea General el 18 de diciembre de 2019</docTitle>
      </p>
      <p xml:space="preserve">
        <docProponent refersTo="#thirdCommittee">[sobre la base del informe de la Tercera Comisión (<inline name="originating document">A/74/399/Add.2</inline>)]</docProponent>
      </p>
    </coverPage>
    <preface>
      <p>
        <docNumber>74/155.</docNumber>
        <docTitle refersTo="#resolutionTitle">La promoción de la distribución geográfica equitativa en la composición de los órganos creados en virtud de tratados de derechos humanos</docTitle>
      </p>
    </preface>
    <preamble>
      <formula name="enactingFormula" eId="formula_1">
        <p xml:space="preserve">
          <span class="italic">La Asamblea General</span>,</p>
      </formula>
      <container name="Recordando" eId="container_2">
        <p xml:space="preserve">
          <span class="italic">Recordando</span> sus resoluciones anteriores sobre esta cuestión,</p>
      </container>
      <container name="Reafirmando" eId="container_3">
        <p xml:space="preserve">
          <span class="italic">Reafirmando</span> la importancia del objetivo de lograr la ratificación universal de los instrumentos de derechos humanos de las Naciones Unidas,</p>
      </container>
      <container name="Acogiendo con beneplácito" eId="container_4">
        <p xml:space="preserve">
          <span class="italic">Acogiendo con beneplácito</span> el considerable aumento del número de ratificaciones de los instrumentos de derechos humanos de las Naciones Unidas y el avance de algunos tratados hacia la ratificación universal,</p>
      </container>
      <container name="Reiterando" eId="container_5">
        <p xml:space="preserve">
          <span class="italic">Reiterando</span> la importancia del funcionamiento eficaz de los órganos creados en virtud de instrumentos de derechos humanos de las Naciones Unidas para la aplicación plena y efectiva de esos instrumentos,</p>
      </container>
      <container name="Reconociendo" eId="container_6">
        <p xml:space="preserve">
          <span class="italic">Reconociendo</span> que la distribución geográfica equitativa en la composición de los órganos creados en virtud de tratados es un requisito esencial para que funcionen efectivamente,</p>
      </container>
      <container name="Recordando" eId="container_7">
        <p xml:space="preserve">
          <span class="italic">Recordando</span> que, en lo que respecta a la elección de los miembros de los órganos creados en virtud de tratados de derechos humanos, la Asamblea General y la antigua Comisión de Derechos Humanos han reconocido la importancia de tener en cuenta la distribución geográfica equitativa, el equilibrio de género y la representación de los principales sistemas jurídicos, y de tener presente que los miembros serán elegidos y ejercerán sus funciones a título personal y serán personas de gran estatura moral y de reconocida imparcialidad y competencia en materia de derechos humanos,</p>
      </container>
      <container name="Reafirmando" eId="container_8">
        <p xml:space="preserve">
          <span class="italic">Reafirmando</span> la importancia de las particularidades nacionales y regionales y de los diversos patrimonios históricos, culturales y religiosos, así como de los diferentes sistemas políticos, económicos y jurídicos,</p>
      </container>
      <container name="Tomando nota" eId="container_9">
        <p xml:space="preserve">
          <span class="italic">Tomando nota</span> del informe del Secretario General<authorialNote marker="1" placement="bottom" eId="authorialNote_1"><p xml:space="preserve"><a href="https://undocs.org/es/A/74/227">A/74/227</a>.</p></authorialNote>,</p>
      </container>
      <container name="Reconociendo" eId="container_10">
        <p xml:space="preserve">
          <span class="italic">Reconociendo</span> que las Naciones Unidas propugnan el multilingüismo como medio de promover, proteger y preservar la diversidad de idiomas y culturas en todo el mundo y que un multilingüismo auténtico promueve la unidad en la diversidad y la comprensión internacional, </p>
      </container>
      <container name="Recordando" eId="container_11">
        <p xml:space="preserve">
          <span class="italic">Recordando</span> que la Asamblea General y la antigua Comisión de Derechos Humanos han alentado a los Estados partes en los tratados de derechos humanos de las Naciones Unidas a que, a título individual y mediante reuniones de los Estados partes, estudien la mejor manera de aplicar, entre otras cosas, el principio de la distribución geográfica equitativa en la composición de los órganos creados en virtud de tratados, </p>
      </container>
      <container name="Expresando su preocupación" eId="container_12">
        <p xml:space="preserve">
          <span class="italic">Expresando su preocupación</span> por el desequilibrio regional que existe en la composición actual de los órganos creados en virtud de tratados de derechos humanos, que favorece en particular a los representantes de los países miembros del Grupo de los Estados de Europa Occidental y otros Estados, como se indica y subraya en el informe del Secretario General,</p>
      </container>
      <container name="Reafirmando" eId="container_13">
        <p xml:space="preserve">
          <span class="italic">Reafirmando</span> la importancia de redoblar los esfuerzos para corregir ese desequilibrio,</p>
      </container>
      <container name="Convencida" eId="container_14">
        <p xml:space="preserve">
          <span class="italic">Convencida</span> de que la distribución geográfica equitativa en la composición de los órganos creados en virtud de tratados de derechos humanos es un objetivo perfectamente compatible con la necesidad de lograr el equilibrio de género y la representación de los principales sistemas jurídicos en esos órganos y con la gran estatura moral y la reconocida imparcialidad y competencia de sus miembros en materia de derechos humanos, y de que puede realizarse y lograrse plenamente en armonía con esa necesidad, </p>
      </container>
    </preamble>
    <mainBody>
      <paragraph eId="para_15" class="SingleTxt">
        <num>	1.</num>
        <content eId="para_15__content">
          <p xml:space="preserve">
            <span class="italic">Reitera </span>que los Estados partes en los instrumentos de derechos humanos de las Naciones Unidas deben tener en cuenta, cuando presenten sus candidatos a miembros de los órganos creados en virtud de tratados de derechos humanos, que estos comités han de estar compuestos de personas de gran estatura moral y reconocida competencia en materia de derechos humanos, que conviene que participen personas que posean experiencia jurídica, así como que haya una representación equitativa de mujeres y hombres, y que los miembros deberán ejercer sus funciones a título personal, y reitera también que, en relación con la elección de los miembros de los órganos creados en virtud de tratados de derechos humanos, deberá tenerse muy en cuenta la distribución geográfica equitativa y la representación de las diferentes formas de civilización y los principales sistemas jurídicos;</p>
        </content>
      </paragraph>
      <paragraph eId="para_16" class="SingleTxt">
        <num>	2.</num>
        <content eId="para_16__content">
          <p xml:space="preserve">
            <span class="italic">Insta</span> a los Estados partes en los instrumentos de derechos humanos de las Naciones Unidas, incluidos los miembros de las mesas, a que incluyan esta cuestión en el programa de todas las reuniones y conferencias de Estados partes en dichos instrumentos a fin de entablar un debate sobre la forma de asegurar la distribución geográfica equitativa en la composición de los órganos creados en virtud de tratados de derechos humanos, basándose en las recomendaciones anteriores de la antigua Comisión de Derechos Humanos y del Consejo Económico y Social y en las disposiciones de la presente resolución; </p>
        </content>
      </paragraph>
      <paragraph eId="para_17" class="SingleTxt">
        <num>	3.</num>
        <content eId="para_17__content">
          <p xml:space="preserve">
            <span class="italic">Alienta</span> a los Estados partes en los instrumentos de derechos humanos de las Naciones Unidas a que estudien y tomen medidas concretas, entre ellas el posible establecimiento de cuotas por regiones geográficas para determinar la composición de los órganos creados en virtud de tratados, a fin de asegurar el objetivo primordial de la distribución geográfica equitativa en la composición de dichos órganos de derechos humanos; </p>
        </content>
      </paragraph>
      <paragraph eId="para_18" class="SingleTxt">
        <num>	4.</num>
        <content eId="para_18__content">
          <p xml:space="preserve">
            <span class="italic">Recomienda</span> que, cuando se considere la posibilidad de asignar puestos sobre una base regional en cada uno de los órganos creados en virtud de tratados, se introduzcan procedimientos flexibles teniendo en cuenta los criterios siguientes: </p>
        </content>
      </paragraph>
      <paragraph eId="para_19" class="SingleTxt">
        <content eId="para_19__content">
          <p xml:space="preserve">	a)	En cada órgano creado en virtud de un tratado se asigna a cada uno de los cinco grupos regionales establecidos por la Asamblea General una proporción de puestos equivalente al número de Estados partes en el instrumento pertenecientes a ese grupo; </p>
        </content>
      </paragraph>
      <paragraph eId="para_20" class="SingleTxt">
        <content eId="para_20__content">
          <p xml:space="preserve">	b)	Se contemplará la posibilidad de hacer revisiones periódicas de la asignación de puestos para reflejar los cambios relativos que se produzcan en el nivel de ratificación de cada grupo regional; </p>
        </content>
      </paragraph>
      <paragraph eId="para_21" class="SingleTxt">
        <content eId="para_21__content">
          <p xml:space="preserve">	c)	Deberían preverse revisiones periódicas automáticas para no tener que modificar el texto del instrumento cuando se revisen las cuotas; </p>
        </content>
      </paragraph>
      <paragraph eId="para_22" class="SingleTxt">
        <num>	5.</num>
        <content eId="para_22__content">
          <p xml:space="preserve">
            <span class="italic">Destaca</span> que el proceso necesario para alcanzar el objetivo de la distribución geográfica equitativa en la composición de los órganos creados en virtud de tratados de derechos humanos puede contribuir a una mejor comprensión de la importancia del equilibrio de género, la representación de los principales sistemas jurídicos y el principio de que los miembros de los órganos creados en virtud de tratados serán elegidos y ejercerán sus funciones a título personal y serán personas de gran estatura moral y de reconocida imparcialidad y competencia en materia de derechos humanos;</p>
        </content>
      </paragraph>
      <paragraph eId="para_23" class="SingleTxt">
        <num>	6.</num>
        <content eId="para_23__content">
          <p xml:space="preserve">
            <span class="italic">Solicita </span>al Secretario General que en el septuagésimo sexto período de sesiones, en consulta con la Oficina del Alto Comisionado de las Naciones Unidas para los Derechos Humanos, le presente un informe amplio actualizado sobre esta cuestión, que incluya información sobre las medidas que hayan adoptado los Estados partes en reuniones o conferencias de Estados partes en relación con la cuestión de la distribución geográfica equitativa en la composición de los órganos creados en virtud de tratados de derechos humanos, así como recomendaciones concretas sobre la aplicación de la presente resolución; </p>
        </content>
      </paragraph>
      <paragraph eId="para_24" class="SingleTxt">
        <num>	7.</num>
        <content eId="para_24__content">
          <p xml:space="preserve">
            <span class="italic">Decide</span> seguir examinando la cuestión en su septuagésimo sexto período de sesiones, en relación con el tema titulado “Promoción y protección de los derechos humanos”.</p>
        </content>
      </paragraph>
    </mainBody>
    <conclusions eId="conclusions">
      <p>
        <inline name="adoptionMeeting" title="50a">50a sesión plenaria</inline>
        <eol />
        <docDate date="2019-12-18" refersTo="#adoptionDate">18 de diciembre de 2019</docDate>
      </p>
    </conclusions>
  </statement>
</akomaNtoso>