<akomaNtoso xmlns:xsi="http://www.w3.org/2001/XMLSchema-instance" xsi:schemaLocation="http://docs.oasis-open.org/legaldocml/ns/akn/3.0 http://docs.oasis-open.org/legaldocml/akn-core/v1.0/os/part2-specs/schemas/akomantoso30.xsd" xmlns="http://docs.oasis-open.org/legaldocml/ns/akn/3.0" xmlns:html="http://www.w3.org/1999/xhtml" xmlns:akn4un="http://un.org/akn4un">
  <statement name="resolution">
    <meta>
      <identification source="#DGACM">
        <FRBRWork>
          <FRBRthis value="/akn/un/statement/deliberation/unga/2019-12-18/74-161/!main/"></FRBRthis>
          <FRBRuri value="/akn/un/statement/deliberation/unga/2019-12-18/74-161/"></FRBRuri>
          <FRBRdate date="2019-12-18" name="adoption"></FRBRdate>
          <FRBRauthor href="ga" as="author"></FRBRauthor>
          <FRBRcountry value="un"></FRBRcountry>
        </FRBRWork>
        <FRBRExpression>
          <FRBRthis value="/akn/un/statement/deliberation/unga/2019-12-18/74-161/spa@!main/"></FRBRthis>
          <FRBRuri value="/akn/un/statement/deliberation/unga/2019-12-18/74-161/spa@/"></FRBRuri>
          <FRBRdate date="2020-01-14" name="publication"></FRBRdate>
          <FRBRauthor href="ga" as="issuer"></FRBRauthor>
          <FRBRlanguage language="spa"></FRBRlanguage>
        </FRBRExpression>
        <FRBRManifestation>
          <FRBRthis value="/akn/un/statement/deliberation/unga/2019-12-18/74-161/spa@/!main.xml"></FRBRthis>
          <FRBRuri value="/akn/un/statement/deliberation/unga/2019-12-18/74-161/spa@.xml"></FRBRuri>
          <FRBRdate date="2020-08-17" name="markup"></FRBRdate>
          <FRBRauthor href="DGACM" as="editor"></FRBRauthor>
        </FRBRManifestation>
      </identification>
      <classification source="http://metadata.un.org/sdg">
        <keyword value="5" href="http://metadata.un.org/sdg/5" showAs="sdg_5" dictionary="SDGO"></keyword>
        <keyword value="gender_equality" href="http://eurovoc.europa.eu/3913" showAs="gender_equality" dictionary="EuroVoc"></keyword>
        <keyword value="participation_of_women" href="http://eurovoc.europa.eu/2265" showAs="participation_of_women" dictionary="EuroVoc"></keyword>
        <keyword value="women&amp;#39;s_rights" href="http://eurovoc.europa.eu/585" showAs="women&amp;#39;s_rights" dictionary="EuroVoc"></keyword>
        <keyword value="position_of_women" href="http://eurovoc.europa.eu/81" showAs="position_of_women" dictionary="EuroVoc"></keyword>
        <keyword value="women" href="http://metadata.un.org/thesaurus/1007029" showAs="women" dictionary="UNBIS Thesaurus"></keyword>
        <keyword value="gender_equality" href="http://metadata.un.org/thesaurus/1002612" showAs="gender_equality" dictionary="UNBIS Thesaurus"></keyword>
        <keyword value="girls" href="http://metadata.un.org/thesaurus/1002684" showAs="girls" dictionary="UNBIS Thesaurus"></keyword>
      </classification>
      <classification source="http://metadata.un.org/sdg">
        <keyword value="16" href="http://metadata.un.org/sdg/16" showAs="sdg_16" dictionary="SDGO"></keyword>
        <keyword value="right_to_justice" href="http://eurovoc.europa.eu/516" showAs="right_to_justice" dictionary="EuroVoc"></keyword>
        <keyword value="sustainable_development" href="http://eurovoc.europa.eu/5585" showAs="sustainable_development" dictionary="EuroVoc"></keyword>
        <keyword value="civil_society" href="http://metadata.un.org/thesaurus/1001012" showAs="civil_society" dictionary="UNBIS Thesaurus"></keyword>
        <keyword value="justice" href="http://metadata.un.org/thesaurus/1003500" showAs="justice" dictionary="UNBIS Thesaurus"></keyword>
        <keyword value="peaceful_coexistence" href="http://metadata.un.org/thesaurus/1004777" showAs="peaceful_coexistence" dictionary="UNBIS Thesaurus"></keyword>
        <keyword value="public_institutions" href="http://metadata.un.org/thesaurus/1005254" showAs="public_institutions" dictionary="UNBIS Thesaurus"></keyword>
        <keyword value="social_justice" href="http://metadata.un.org/thesaurus/1005970" showAs="social_justice" dictionary="UNBIS Thesaurus"></keyword>
        <keyword value="sustainable_development" href="http://metadata.un.org/thesaurus/1006319" showAs="sustainable_development" dictionary="UNBIS Thesaurus"></keyword>
      </classification>
      <workflow source="#un">
        <step date="2019-10-30" outcome="draftResolution" as="A/C.3/74/L.51" by="Argentina, Austria, Chile, Colombia, Congo, Cyprus, Estonia, France, Germany, Greece, Honduras, Italy, Lebanon, Liechtenstein, Luxembourg, Mexico, Monaco, Montenegro, Morocco, Netherlands, Panama, Romania,  Slovakia, Spain, Switzerland, Ukraine, United Kingdom of Great Britain and Northern Ireland and Uruguay" />
        <step date="0001-01-01" outcome="draftResolutionAdditionalSponsors" by="Albania, Andorra, Armenia, Belgium, Belize, Benin, Bolivia (Plurinational State of), Bosnia and Herzegovina, Brazil, Bulgaria, Burkina Faso, Canada, Central African Republic, Costa Rica, Côte d'Ivoire, Croatia, Czechia, Denmark, Ecuador, El Salvador, Finland, Haiti, Hungary, Iceland, Ireland, Japan, Latvia, Lithuania, Madagascar, Mali, Malta, Mongolia, Nigeria, North Macedonia, Norway, Palau, Paraguay, Peru, Poland, Portugal, Samoa, Senegal, Serbia, Seychelles, Slovenia, Sri Lanka, Sweden, Tunisia and Venezuela (Bolivarian Republic of)" />
        <step date="0001-01-01" outcome="recommendedForAdoption" as="A/74/399/Add.2" by="" refersTo="90" />
        <step date="2019-12-18" outcome="adopted" as="A/74/PV.50" by="" />
      </workflow>
      <analysis source="#un">
        <parliamentary>
          <voting outcome="adoptedWithoutVote">
            <quorum value=""></quorum>
          </voting>
        </parliamentary>
      </analysis>
      <references source="#DGACM">
        <TLCOrganization eId="source" href="/akn/ontology/organization/un/DGACM" showAs="DGACM"></TLCOrganization>
        <TLCConcept eId="dateOfIssuance" href="/akn/ontology/concept/un/dateOfIssuance" showAs="Date of issuance"></TLCConcept>
        <TLCConcept eId="dateOfAdoption" href="/akn/ontology/concept/un/dateOfAdoption" showAs="Date of adoption"></TLCConcept>
        <TLCConcept eId="symbol" href="/akn/ontology/reference/un/symbol" showAs="Symbol"></TLCConcept>
        <TLCRole eId="publisher" href="/akn/ontology/role/un/publisher" showAs="Publisher"></TLCRole>
        <TLCRole eId="issuingBody" href="/akn/role/concept/un/issuingBody" showAs="Issuing body"></TLCRole>
        <TLCRole eId="author" href="/akn/ontology/role/un/author" showAs="Author"></TLCRole>
        <TLCRole eId="editor" href="/akn/ontology/role/un/editor" showAs="Editor"></TLCRole>
        <TLCRole eId="distribution" href="/akn/ontology/concept/un/generalDistribution" showAs="General distribution"></TLCRole>
        <TLCOrganization eId="ga" href="/akn/ontology/organization/un/generalAssembly" showAs="General Assembly"></TLCOrganization>
        <TLCTerm eId="resolutionTitle" href="/akn/ontology/reference/un/resolutionTitle" showAs="Resolution title"></TLCTerm>
        <TLCTerm eId="thirdCommittee" href="#thirdCommittee" showAs="Tercera Comisión"></TLCTerm>
        <TLCTerm eId="memberState" href="/akn/ontology/organization/un/memberState" showAs="Member State"></TLCTerm>
        <TLCTerm eId="inFavour" href="/akn/ontology/concept/un/voting/inFavour" showAs="In favour"></TLCTerm>
        <TLCTerm eId="against" href="/akn/ontology/concept/un/voting/against" showAs="Against"></TLCTerm>
        <TLCTerm eId="abstaining" href="/akn/ontology/concept/un/voting/abstaining" showAs="Abstaining"></TLCTerm>
      </references>
      <presentation source="#un">
        <akn4un:footerFirstPage>
          <akn4un:footerFirstPageLeft>
            <akn4un:internalCode>
              <docketNumber refersTo="#publicationJobNumber">19-22288 (S)</docketNumber>
              <img alt="bar code" class="barCode" src=""></img>
            </akn4un:internalCode>
          </akn4un:footerFirstPageLeft>
          <akn4un:footerFirstPageRight>
            <img alt="Please recycle" class="image" src="./recylcleLogo.jpg"></img>
            <img alt="embedded QR code" class="qrCode" src=""></img>
          </akn4un:footerFirstPageRight>
        </akn4un:footerFirstPage>
      </presentation>
    </meta>
    <coverPage eId="coverPage_1">
      <p>
        <span refersTo="#publisher" class="upperLeft">
          <docAuthority refersTo="#publisher">Naciones Unidas</docAuthority>
        </span>
      </p>
      <p class="upperRight">
        <docNumber refersTo="#symbol">A/RES/74/161</docNumber>
      </p>
      <p class="upperLeft">
        <img src="logo-un.jpg"></img>
        <docAuthority refersTo="#issuingBody" class="rightBig">Asamblea General</docAuthority>
      </p>
      <p>
        <docStatus refersTo="#generalDistribution" class="rightSmall">Distr. general</docStatus>
      </p>
      <p>
        <docDate date="2020-01-14" class="rightSmall" refersTo="#dateOfIssuance">14 de enero de 2020</docDate>
      </p>
      <p>
        <session refersTo="#generalAssembly" value="74" eId="coverPage_1__session_1">Septuagésimo cuarto período de sesiones</session>
      </p>
      <p>
        <inline name="agenda item">Tema 70 b) del programa</inline>
      </p>
      <p>
        <inline name="agenda item name">Promoción y protección de los derechos humanos: cuestiones de derechos humanos, incluidos otros medios de mejorar el goce efectivo de los derechos humanos y las libertades fundamentales</inline>
      </p>
      <p>
        <docTitle>Resolución aprobada por la Asamblea General el 18 de diciembre de 2019</docTitle>
      </p>
      <p xml:space="preserve">
        <docProponent refersTo="#thirdCommittee">[sobre la base del informe de la Tercera Comisión (<inline name="originating document">A/74/399/Add.2</inline>)]</docProponent>
      </p>
    </coverPage>
    <preface>
      <p>
        <docNumber>74/161.</docNumber>
        <docTitle refersTo="#resolutionTitle">Convención Internacional para la Protección de Todas las Personas contra las Desapariciones Forzadas</docTitle>
      </p>
    </preface>
    <preamble>
      <formula name="enactingFormula" eId="formula_1">
        <p xml:space="preserve">
          <span class="italic">La Asamblea General</span>,</p>
      </formula>
      <container name="Reafirmando" eId="container_2">
        <p xml:space="preserve">
          <span class="italic">Reafirmando</span> su resolución <a href="https://undocs.org/es/A/RES/61/177">61/177</a>, de 20 de diciembre de 2006, en la que aprobó y abrió a la firma, ratificación y adhesión la Convención Internacional para la Protección de Todas las Personas contra las Desapariciones Forzadas,</p>
      </container>
      <container name="Recordando" eId="container_3">
        <p xml:space="preserve">
          <span class="italic">Recordando</span> su resolución <a href="https://undocs.org/es/A/RES/47/133">47/133</a>, de 18 de diciembre de 1992, en la que aprobó la Declaración sobre la Protección de Todas las Personas contra las Desapariciones Forzadas como conjunto de principios aplicables por todo Estado,</p>
      </container>
      <container name="Recordando también" eId="container_4">
        <p xml:space="preserve">
          <span class="italic">Recordando también</span> todas sus demás resoluciones sobre la cuestión, incluidas sus resoluciones <a href="https://undocs.org/es/A/RES/70/160">70/160</a>, de 17 de diciembre de 2015, y <a href="https://undocs.org/es/A/RES/72/183">72/183</a>, de 19 de diciembre de 2017, así como las resoluciones pertinentes aprobadas por el Consejo de Derechos Humanos, entre ellas la resolución <a href="https://undocs.org/es/A/HRC/RES/36/6">36/6</a>, de 28 de septiembre de 2017<authorialNote marker="1" placement="bottom" eId="authorialNote_1"><p xml:space="preserve">		Véase <span class="italic">Documentos Oficiales de la Asamblea General, septuagésimo segundo período de sesiones, suplemento núm. 53A</span> (<a href="https://undocs.org/es/A/72/53/Add.1">A/72/53/Add.1</a>), cap. III.</p></authorialNote>,</p>
      </container>
      <container name="Recordando además " eId="container_5">
        <p xml:space="preserve">
          <span class="italic">	Recordando además </span>su resolución <a href="https://undocs.org/es/A/RES/68/165">68/165</a>, de 18 de diciembre de 2013, relativa al derecho a la verdad, así como la resolución <a href="https://undocs.org/es/A/HRC/RES/36/7">36/7</a> del Consejo de Derechos Humanos, de 28 de septiembre de 2017, relativa al Relator Especial sobre la promoción de la verdad, la justicia, la reparación y las garantías de no repetición<sup>1</sup>,</p>
      </container>
      <container name="Recordando " eId="container_6">
        <p xml:space="preserve">
          <span class="italic">	Recordando </span>su resolución <a href="https://undocs.org/es/A/RES/73/162">73/162</a>, de 17 de diciembre de 2018, relativa al sistema de órganos creados en virtud de tratados de derechos humanos,</p>
      </container>
      <container name="Recordando también " eId="container_7">
        <p xml:space="preserve">
          <span class="italic">	Recordando también </span>que nadie será sometido a una desaparición forzada,</p>
      </container>
      <container name="Recordando además " eId="container_8">
        <p xml:space="preserve">
          <span class="italic">Recordando además </span>que en ningún caso podrán invocarse circunstancias excepcionales como justificación de la desaparición forzada,</p>
      </container>
      <container name="Recordando " eId="container_9">
        <p xml:space="preserve">
          <span class="italic">Recordando </span>que nadie será detenido en secreto,</p>
      </container>
      <container name="Profundamente preocupada" eId="container_10">
        <p xml:space="preserve">
          <span class="italic">Profundamente preocupada</span>, en particular, por el aumento de las desapariciones forzadas o involuntarias en diversas regiones del mundo, incluidos los arrestos, las detenciones y los secuestros cuando son parte de desapariciones forzadas o equivalen a ellas, y por el creciente número de denuncias de actos de hostigamiento, maltrato e intimidación padecidos por testigos de desapariciones o familiares de personas que han desaparecido,</p>
      </container>
      <container name="Recordando " eId="container_11">
        <p xml:space="preserve">
          <span class="italic">Recordando </span>que en la Convención se establece el derecho de las víctimas a conocer la verdad sobre las circunstancias de la desaparición forzada, la evolución y los resultados de la investigación y la suerte de la persona desaparecida, y se señalan las obligaciones de los Estados partes de tomar medidas adecuadas a este respecto,</p>
      </container>
      <container name="Recordando también " eId="container_12">
        <p xml:space="preserve">
          <span class="italic">	Recordando también </span>que en la Convención se define la víctima de una desaparición forzada como la persona desaparecida y toda persona física que haya sufrido un perjuicio directo como consecuencia de una desaparición forzada,</p>
      </container>
      <container name="Reconociendo" eId="container_13">
        <p xml:space="preserve">
          <span class="italic">Reconociendo</span> que la práctica generalizada o sistemática de la desaparición forzada está contemplada en la Convención como un crimen de lesa humanidad, según lo define el derecho internacional aplicable,</p>
      </container>
      <container name="Destacando" eId="container_14">
        <p xml:space="preserve">
          <span class="italic">	Destacando</span> la importancia de la labor del Grupo de Trabajo sobre las Desapariciones Forzadas o Involuntarias,</p>
      </container>
      <container name="Exhortando" eId="container_15">
        <p xml:space="preserve">
          <span class="italic">Exhortando</span> a los Estados que no hayan proporcionado respuestas sustantivas sobre las denuncias de desapariciones forzadas en sus países a que lo hagan y a que presten la debida atención a las recomendaciones pertinentes sobre esta cuestión formuladas por el Grupo de Trabajo en sus informes,</p>
      </container>
      <container name="Alentando" eId="container_16">
        <p xml:space="preserve">
          <span class="italic">Alentando</span> al Grupo de Trabajo a que, de conformidad con sus métodos de trabajo, siga proporcionando a los Estados interesados información pertinente y detallada sobre las denuncias de desapariciones forzadas a fin de facilitar una respuesta rápida y sustantiva a esas comunicaciones, sin perjuicio de la necesidad de que los Estados interesados cooperen con el Grupo de Trabajo,</p>
      </container>
      <container name="Recordando " eId="container_17">
        <p xml:space="preserve">
          <span class="italic">	Recordando </span>la reunión de alto nivel de la Asamblea General celebrada el 17 de febrero de 2017 para conmemorar el décimo aniversario de la aprobación de la Convención, que brindó la oportunidad de examinar los efectos positivos de la Convención y debatir las formas y las mejores prácticas para prevenir las desapariciones forzadas y luchar contra la impunidad, entre otros medios, promoviendo la ratificación universal de la Convención,</p>
      </container>
      <container name="Recordando con aprecio" eId="container_18">
        <p xml:space="preserve">
          <span class="italic">	Recordando con aprecio</span> que el Alto Comisionado de las Naciones Unidas para los Derechos Humanos haya puesto en marcha una campaña internacional en favor de la ratificación universal de la Convención,</p>
      </container>
      <container name="Reconociendo " eId="container_19">
        <p xml:space="preserve">
          <span class="italic">Reconociendo </span>la valiosa labor que realiza el Comité Internacional de la Cruz Roja para promover el respeto del derecho internacional humanitario en este ámbito,</p>
      </container>
    </preamble>
    <mainBody>
      <paragraph eId="para_20" class="SingleTxt">
        <num>	1.</num>
        <content eId="para_20__content">
          <p xml:space="preserve">
            <span class="italic">Reconoce</span> la importancia de la Convención Internacional para la Protección de Todas las Personas contra las Desapariciones Forzadas<authorialNote marker="2" placement="bottom" eId="authorialNote_2"><p xml:space="preserve">		Naciones Unidas, <span class="italic">Treaty Series</span>, vol. 2716, núm. 48088.</p></authorialNote>, cuya ratificación y aplicación contribuyen de manera significativa a poner fin a la impunidad y a promover y proteger todos los derechos humanos para todos;</p>
        </content>
      </paragraph>
      <paragraph eId="para_21" class="SingleTxt">
        <num>	2.</num>
        <content eId="para_21__content">
          <p xml:space="preserve">
            <span class="italic">Acoge con beneplácito</span> que 98 Estados hayan firmado la Convención y 62 la hayan ratificado o se hayan adherido a ella, y exhorta a los Estados que aún no lo hayan hecho a que estudien con carácter prioritario la posibilidad de firmar y ratificar la Convención o de adherirse a ella, así como a que consideren la opción que se establece en los artículos 31 y 32 de la Convención respecto del Comité contra la Desaparición Forzada;</p>
        </content>
      </paragraph>
      <paragraph eId="para_22" class="SingleTxt">
        <num>	3.</num>
        <content eId="para_22__content">
          <p xml:space="preserve">
            <span class="italic">Acoge con beneplácito también </span>los informes más recientes del Secretario General sobre la situación de la Convención<authorialNote marker="3" placement="bottom" eId="authorialNote_3"><p xml:space="preserve"><a href="https://undocs.org/es/A/72/280">A/72/280</a> y <a href="https://undocs.org/es/A/74/213">A/74/213</a>.</p></authorialNote>;</p>
        </content>
      </paragraph>
      <paragraph eId="para_23" class="SingleTxt">
        <num>	4.</num>
        <content eId="para_23__content">
          <p xml:space="preserve">
            <span class="italic">Solicita</span> al Secretario General y a la Alta Comisionada de las Naciones Unidas para los Derechos Humanos que redoblen sus intensos esfuerzos por ayudar a los Estados a pasar a ser partes en la Convención, entre otras cosas apoyando las gestiones de los Estados para ratificar la Convención y prestando asistencia técnica a los Estados y la sociedad civil y facilitándoles la creación de capacidad, así como creando conciencia acerca de la Convención, a fin de lograr la adhesión universal;</p>
        </content>
      </paragraph>
      <paragraph eId="para_24" class="SingleTxt">
        <num>	5.</num>
        <content eId="para_24__content">
          <p xml:space="preserve">
            <span class="italic">Solicita </span>a los organismos y las organizaciones de las Naciones Unidas que sigan trabajando para difundir información sobre la Convención, promover su buen conocimiento y ayudar a los Estados partes a cumplir las obligaciones que han contraído con arreglo a dicho instrumento, e invita a las organizaciones intergubernamentales y no gubernamentales y al Grupo de Trabajo sobre las Desapariciones Forzadas o Involuntarias a que hagan lo propio, especialmente en el contexto de la conmemoración del 40º aniversario del Grupo de Trabajo en 2020;</p>
        </content>
      </paragraph>
      <paragraph eId="para_25" class="SingleTxt">
        <num>	6.</num>
        <content eId="para_25__content">
          <p xml:space="preserve">
            <span class="italic">Recuerda con aprecio</span> la primera Conferencia de los Estados Partes en la Convención, celebrada en Ginebra el 19 de diciembre de 2016 y convocada de conformidad con el artículo 27 de la Convención, y la decisión adoptada por consenso de que el Comité siguiera supervisando la aplicación de la Convención de conformidad con su mandato<authorialNote marker="4" placement="bottom" eId="authorialNote_4"><p xml:space="preserve">		Véase <a href="https://undocs.org/es/CED/CSP/2016/4">CED/CSP/2016/4</a>.</p></authorialNote>;</p>
        </content>
      </paragraph>
      <paragraph eId="para_26" class="SingleTxt">
        <num>	7.</num>
        <content eId="para_26__content">
          <p xml:space="preserve">
            <span class="italic">Toma nota con aprecio</span> de la quinta reunión de los Estados partes en la Convención, celebrada en Nueva York el 25 de junio de 2019, y de su examen de cuestiones sustantivas relacionadas con la Convención, y alienta a todos los Estados partes en la Convención a que sigan incluyendo ese examen en el orden del día de la reunión de los Estados partes;</p>
        </content>
      </paragraph>
      <paragraph eId="para_27" class="SingleTxt">
        <num>	8.</num>
        <content eId="para_27__content">
          <p xml:space="preserve">
            <span class="italic">Acoge con beneplácito </span>la labor realizada por el Comité y alienta a todos los Estados partes en la Convención a que presenten sus informes, apoyen y promuevan la labor del Comité y apliquen sus recomendaciones;</p>
        </content>
      </paragraph>
      <paragraph eId="para_28" class="SingleTxt">
        <num>	9.</num>
        <content eId="para_28__content">
          <p xml:space="preserve">
            <span class="italic">Toma nota</span> de los Principios rectores para la búsqueda de personas desaparecidas aprobados por el Comité en su 16º período de sesiones y desarrollados en diálogo y amplia consulta con los Estados Miembros y otros interesados pertinentes<authorialNote marker="5" placement="bottom" eId="authorialNote_5"><p xml:space="preserve">		Véase <a href="https://undocs.org/es/CED/C/7">CED/C/7</a>.</p></authorialNote>;</p>
        </content>
      </paragraph>
      <paragraph eId="para_29" class="SingleTxt">
        <num>	10.</num>
        <content eId="para_29__content">
          <p xml:space="preserve">
            <span class="italic">Reconoce </span>la importancia de la Declaración sobre la Protección de Todas las Personas contra las Desapariciones Forzadas<authorialNote marker="6" placement="bottom" eId="authorialNote_6"><p xml:space="preserve">		Resolución <a href="https://undocs.org/es/A/RES/47/133">47/133</a>.</p></authorialNote> como conjunto de principios aplicables por todos los Estados, destinado a sancionar las desapariciones forzadas, impedir su comisión y ayudar a las víctimas de tales actos y a sus familias a obtener una reparación justa, pronta y adecuada;</p>
        </content>
      </paragraph>
      <paragraph eId="para_30" class="SingleTxt">
        <num>	11.</num>
        <content eId="para_30__content">
          <p xml:space="preserve">
            <span class="italic">Acoge con beneplácito </span>la cooperación establecida entre el Grupo de Trabajo y el Comité, en el marco de sus respectivos mandatos, y alienta a que prosiga esa cooperación en el futuro;</p>
        </content>
      </paragraph>
      <paragraph eId="para_31" class="SingleTxt">
        <num>	12.</num>
        <content eId="para_31__content">
          <p xml:space="preserve">
            <span class="italic">Toma nota con interés </span>de todas las observaciones generales del Grupo de Trabajo, incluidas las observaciones sobre los niños<authorialNote marker="7" placement="bottom" eId="authorialNote_7"><p xml:space="preserve"><a href="https://undocs.org/es/A/HRC/WGEID/98/1">A/HRC/WGEID/98/1</a> y <a href="https://undocs.org/es/A/HRC/WGEID/98/1/Corr.1">A/HRC/WGEID/98/1/Corr.1</a>. </p></authorialNote> y las mujeres<authorialNote marker="8" placement="bottom" eId="authorialNote_8"><p xml:space="preserve"><a href="https://undocs.org/es/A/HRC/WGEID/98/2">A/HRC/WGEID/98/2</a>.</p></authorialNote> afectados por desapariciones forzadas, y reconoce en este sentido que las desapariciones forzadas tienen consecuencias especiales para las mujeres y los grupos vulnerables, en especial los niños, pues en la mayoría de los casos son quienes sufren las graves dificultades económicas que suelen acompañar a esas desapariciones y, cuando son ellos los sometidos a una desaparición forzada, pueden ser especialmente vulnerables a la violencia sexual y otros tipos de violencia;</p>
        </content>
      </paragraph>
      <paragraph eId="para_32" class="SingleTxt">
        <num>	13.</num>
        <content eId="para_32__content">
          <p xml:space="preserve">
            <span class="italic">Toma nota</span> de la necesidad de documentar los casos de desapariciones forzadas o involuntarias presuntamente perpetradas por agentes no estatales, según la decisión del Grupo de Trabajo; </p>
        </content>
      </paragraph>
      <paragraph eId="para_33" class="SingleTxt">
        <num>	14.</num>
        <content eId="para_33__content">
          <p xml:space="preserve">
            <span class="italic">Acoge con beneplácito</span> el hecho de que el Comité celebró su reunión anual con el Grupo de Trabajo, como una oportunidad de hacer un balance de las actividades de estos dos órganos paralelos que son complementarios y se refuerzan entre sí en el marco de sus respectivos mandatos;</p>
        </content>
      </paragraph>
      <paragraph eId="para_34" class="SingleTxt">
        <num>	15.</num>
        <content eId="para_34__content">
          <p xml:space="preserve">
            <span class="italic">Invita</span> a la Presidencia del Comité y a la Presidencia del Grupo de Trabajo a que intervengan y participen en un diálogo interactivo con la Asamblea General en sus períodos de sesiones septuagésimo quinto y septuagésimo sexto, en relación con el tema titulado “Promoción y protección de los derechos humanos”;</p>
        </content>
      </paragraph>
      <paragraph eId="para_35" class="SingleTxt">
        <num>	16.</num>
        <content eId="para_35__content">
          <p xml:space="preserve">
            <span class="italic">Solicita </span>al Secretario General que en su septuagésimo sexto período de sesiones le presente un informe sobre la situación de la Convención y la aplicación de la presente resolución;</p>
        </content>
      </paragraph>
      <paragraph eId="para_36" class="SingleTxt">
        <num>	17.</num>
        <content eId="para_36__content">
          <p xml:space="preserve">
            <span class="italic">Decide</span> otorgar su plena consideración al tema en su septuagésimo sexto período de sesiones.</p>
        </content>
      </paragraph>
    </mainBody>
    <conclusions eId="conclusions">
      <p>
        <inline name="adoptionMeeting" title="50a">50a sesión plenaria</inline>
        <eol />
        <docDate date="2019-12-18" refersTo="#adoptionDate">18 de diciembre de 2019</docDate>
      </p>
    </conclusions>
  </statement>
</akomaNtoso>