<akomaNtoso xmlns:xsi="http://www.w3.org/2001/XMLSchema-instance" xsi:schemaLocation="http://docs.oasis-open.org/legaldocml/ns/akn/3.0 http://docs.oasis-open.org/legaldocml/akn-core/v1.0/os/part2-specs/schemas/akomantoso30.xsd" xmlns="http://docs.oasis-open.org/legaldocml/ns/akn/3.0" xmlns:html="http://www.w3.org/1999/xhtml" xmlns:akn4un="http://un.org/akn4un">
  <statement name="resolution">
    <meta>
      <identification source="#DGACM">
        <FRBRWork>
          <FRBRthis value="/akn/un/statement/deliberation/unga/2019-12-18/74-175/!main/"></FRBRthis>
          <FRBRuri value="/akn/un/statement/deliberation/unga/2019-12-18/74-175/"></FRBRuri>
          <FRBRdate date="2019-12-18" name="adoption"></FRBRdate>
          <FRBRauthor href="ga" as="author"></FRBRauthor>
          <FRBRcountry value="un"></FRBRcountry>
        </FRBRWork>
        <FRBRExpression>
          <FRBRthis value="/akn/un/statement/deliberation/unga/2019-12-18/74-175/spa@!main/"></FRBRthis>
          <FRBRuri value="/akn/un/statement/deliberation/unga/2019-12-18/74-175/spa@/"></FRBRuri>
          <FRBRdate date="2020-01-07" name="publication"></FRBRdate>
          <FRBRauthor href="ga" as="issuer"></FRBRauthor>
          <FRBRlanguage language="spa"></FRBRlanguage>
        </FRBRExpression>
        <FRBRManifestation>
          <FRBRthis value="/akn/un/statement/deliberation/unga/2019-12-18/74-175/spa@/!main.xml"></FRBRthis>
          <FRBRuri value="/akn/un/statement/deliberation/unga/2019-12-18/74-175/spa@.xml"></FRBRuri>
          <FRBRdate date="2020-08-17" name="markup"></FRBRdate>
          <FRBRauthor href="DGACM" as="editor"></FRBRauthor>
        </FRBRManifestation>
      </identification>
      <classification source="http://metadata.un.org/sdg">
        <keyword value="4" href="http://metadata.un.org/sdg/4" showAs="sdg_4" dictionary="SDGO"></keyword>
        <keyword value="education" href="http://eurovoc.europa.eu/668" showAs="education" dictionary="EuroVoc"></keyword>
        <keyword value="right_to_education" href="http://eurovoc.europa.eu/512" showAs="right_to_education" dictionary="EuroVoc"></keyword>
        <keyword value="education" href="http://metadata.un.org/thesaurus/1001893" showAs="education" dictionary="UNBIS Thesaurus"></keyword>
      </classification>
      <classification source="http://metadata.un.org/sdg">
        <keyword value="15" href="http://metadata.un.org/sdg/15" showAs="sdg_15" dictionary="SDGO"></keyword>
        <keyword value="deforestation" href="http://eurovoc.europa.eu/339" showAs="deforestation" dictionary="EuroVoc"></keyword>
        <keyword value="desertification" href="http://eurovoc.europa.eu/416" showAs="desertification" dictionary="EuroVoc"></keyword>
        <keyword value="biodiversity" href="http://eurovoc.europa.eu/5463" showAs="biodiversity" dictionary="EuroVoc"></keyword>
        <keyword value="land,_plant_and_soil_resources" href="http://metadata.un.org/thesaurus/030600" showAs="land,_plant_and_soil_resources" dictionary="UNBIS Thesaurus"></keyword>
        <keyword value="deforestation" href="http://metadata.un.org/thesaurus/1001550" showAs="deforestation" dictionary="UNBIS Thesaurus"></keyword>
      </classification>
      <classification source="http://metadata.un.org/sdg">
        <keyword value="16" href="http://metadata.un.org/sdg/16" showAs="sdg_16" dictionary="SDGO"></keyword>
        <keyword value="right_to_justice" href="http://eurovoc.europa.eu/516" showAs="right_to_justice" dictionary="EuroVoc"></keyword>
        <keyword value="sustainable_development" href="http://eurovoc.europa.eu/5585" showAs="sustainable_development" dictionary="EuroVoc"></keyword>
        <keyword value="civil_society" href="http://metadata.un.org/thesaurus/1001012" showAs="civil_society" dictionary="UNBIS Thesaurus"></keyword>
        <keyword value="justice" href="http://metadata.un.org/thesaurus/1003500" showAs="justice" dictionary="UNBIS Thesaurus"></keyword>
        <keyword value="peaceful_coexistence" href="http://metadata.un.org/thesaurus/1004777" showAs="peaceful_coexistence" dictionary="UNBIS Thesaurus"></keyword>
        <keyword value="public_institutions" href="http://metadata.un.org/thesaurus/1005254" showAs="public_institutions" dictionary="UNBIS Thesaurus"></keyword>
        <keyword value="social_justice" href="http://metadata.un.org/thesaurus/1005970" showAs="social_justice" dictionary="UNBIS Thesaurus"></keyword>
        <keyword value="sustainable_development" href="http://metadata.un.org/thesaurus/1006319" showAs="sustainable_development" dictionary="UNBIS Thesaurus"></keyword>
      </classification>
      <workflow source="#un">
        <step date="2019-09-23" outcome="draftResolution" as="A/C.3/74/L.7" by="submitted by the Chair of the Committee on the recommendation of the Economic and Social Council" />
        <step date="0001-01-01" outcome="draftResolutionAdditionalSponsors" by="" />
        <step date="0001-01-01" outcome="recommendedForAdoption" as="A/74/400" by="" refersTo="29" />
        <step date="2019-12-18" outcome="adopted" as="A/74/PV.50" by="" />
      </workflow>
      <analysis source="#un">
        <parliamentary>
          <voting outcome="adoptedWithoutVote">
            <quorum value=""></quorum>
          </voting>
        </parliamentary>
      </analysis>
      <references source="#DGACM">
        <TLCOrganization eId="source" href="/akn/ontology/organization/un/DGACM" showAs="DGACM"></TLCOrganization>
        <TLCConcept eId="dateOfIssuance" href="/akn/ontology/concept/un/dateOfIssuance" showAs="Date of issuance"></TLCConcept>
        <TLCConcept eId="dateOfAdoption" href="/akn/ontology/concept/un/dateOfAdoption" showAs="Date of adoption"></TLCConcept>
        <TLCConcept eId="symbol" href="/akn/ontology/reference/un/symbol" showAs="Symbol"></TLCConcept>
        <TLCRole eId="publisher" href="/akn/ontology/role/un/publisher" showAs="Publisher"></TLCRole>
        <TLCRole eId="issuingBody" href="/akn/role/concept/un/issuingBody" showAs="Issuing body"></TLCRole>
        <TLCRole eId="author" href="/akn/ontology/role/un/author" showAs="Author"></TLCRole>
        <TLCRole eId="editor" href="/akn/ontology/role/un/editor" showAs="Editor"></TLCRole>
        <TLCRole eId="distribution" href="/akn/ontology/concept/un/generalDistribution" showAs="General distribution"></TLCRole>
        <TLCOrganization eId="ga" href="/akn/ontology/organization/un/generalAssembly" showAs="General Assembly"></TLCOrganization>
        <TLCTerm eId="resolutionTitle" href="/akn/ontology/reference/un/resolutionTitle" showAs="Resolution title"></TLCTerm>
        <TLCTerm eId="thirdCommittee" href="#thirdCommittee" showAs="Tercera Comisión"></TLCTerm>
        <TLCTerm eId="memberState" href="/akn/ontology/organization/un/memberState" showAs="Member State"></TLCTerm>
        <TLCTerm eId="inFavour" href="/akn/ontology/concept/un/voting/inFavour" showAs="In favour"></TLCTerm>
        <TLCTerm eId="against" href="/akn/ontology/concept/un/voting/against" showAs="Against"></TLCTerm>
        <TLCTerm eId="abstaining" href="/akn/ontology/concept/un/voting/abstaining" showAs="Abstaining"></TLCTerm>
      </references>
      <presentation source="#un">
        <akn4un:footerFirstPage>
          <akn4un:footerFirstPageLeft>
            <akn4un:internalCode>
              <docketNumber refersTo="#publicationJobNumber">19-22332 (S)</docketNumber>
              <img alt="bar code" class="barCode" src=""></img>
            </akn4un:internalCode>
          </akn4un:footerFirstPageLeft>
          <akn4un:footerFirstPageRight>
            <img alt="Please recycle" class="image" src="./recylcleLogo.jpg"></img>
            <img alt="embedded QR code" class="qrCode" src=""></img>
          </akn4un:footerFirstPageRight>
        </akn4un:footerFirstPage>
      </presentation>
    </meta>
    <coverPage eId="coverPage_1">
      <p>
        <span refersTo="#publisher" class="upperLeft">
          <docAuthority refersTo="#publisher">Naciones Unidas</docAuthority>
        </span>
      </p>
      <p class="upperRight">
        <docNumber refersTo="#symbol">A/RES/74/175</docNumber>
      </p>
      <p class="upperLeft">
        <img src="logo-un.jpg"></img>
        <docAuthority refersTo="#issuingBody" class="rightBig">Asamblea General</docAuthority>
      </p>
      <p>
        <docStatus refersTo="#generalDistribution" class="rightSmall">Distr. general</docStatus>
      </p>
      <p>
        <docDate date="2020-01-07" class="rightSmall" refersTo="#dateOfIssuance">7 de enero de 2020</docDate>
      </p>
      <p>
        <session refersTo="#generalAssembly" value="74" eId="coverPage_1__session_1">Septuagésimo cuarto período de sesiones</session>
      </p>
      <p>
        <inline name="agenda item">Tema 106 del programa</inline>
      </p>
      <p>
        <inline name="agenda item name">Prevención del delito y justicia penal</inline>
      </p>
      <p>
        <docTitle>Resolución aprobada por la Asamblea General el 18 de diciembre de 2019</docTitle>
      </p>
      <p xml:space="preserve">
        <docProponent refersTo="#thirdCommittee">[sobre la base del informe de la Tercera Comisión (<inline name="originating document">A/74/400</inline>)]</docProponent>
      </p>
    </coverPage>
    <preface>
      <p>
        <docNumber>74/175.</docNumber>
        <docTitle refersTo="#resolutionTitle">Asistencia técnica prestada por la Oficina de las Naciones Unidas contra la Droga y el Delito en relación con la lucha contra el terrorismo</docTitle>
      </p>
    </preface>
    <preamble>
      <formula name="enactingFormula" eId="formula_1">
        <p xml:space="preserve">
          <span class="italic">La Asamblea General</span>,</p>
      </formula>
      <container name="Recordando" eId="container_2">
        <p xml:space="preserve">
          <span class="italic">Recordando</span> todas las resoluciones de las Naciones Unidas relativas a la asistencia técnica y legislativa para combatir el terrorismo, en particular las más recientes<authorialNote marker="1" placement="bottom" eId="authorialNote_1"><p xml:space="preserve">	 	Resoluciones <a href="https://undocs.org/es/A/RES/72/194">72/194</a>, <a href="https://undocs.org/es/A/RES/72/284">72/284</a>, <a href="https://undocs.org/es/A/RES/73/174">73/174</a>, <a href="https://undocs.org/es/A/RES/73/186">73/186</a> y <a href="https://undocs.org/es/A/RES/73/211">73/211</a> y resoluciones del Consejo de Seguridad <a href="https://undocs.org/sp/S/RES/2133(2014)">2133 (2014)</a>, <a href="https://undocs.org/sp/S/RES/2178(2014)">2178 (2014)</a>, <a href="https://undocs.org/sp/S/RES/2195(2014)">2195 (2014)</a>, <a href="https://undocs.org/sp/S/RES/2199(2015)">2199 (2015)</a>, <a href="https://undocs.org/sp/S/RES/2253(2015)">2253 (2015)</a>, <a href="https://undocs.org/sp/S/RES/2309(2016)">2309 (2016)</a>, <a href="https://undocs.org/sp/S/RES/2322(2016)">2322 (2016)</a>, <a href="https://undocs.org/sp/S/RES/2341(2017)">2341 (2017)</a>, <a href="https://undocs.org/sp/S/RES/2347(2017)">2347 (2017)</a>, <a href="https://undocs.org/sp/S/RES/2349(2017)">2349 (2017)</a>, <a href="https://undocs.org/sp/S/RES/2368(2017)">2368 (2017)</a>, <a href="https://undocs.org/sp/S/RES/2396(2017)">2396 (2017)</a> y <a href="https://undocs.org/sp/S/RES/2462(2019)">2462 (2019)</a>. </p></authorialNote>,</p>
      </container>
      <container name="Recordando también" eId="container_3">
        <p xml:space="preserve">
          <span class="italic">Recordando también</span> que el terrorismo en todas sus formas y manifestaciones constituye una de las amenazas más serias para la paz y la seguridad internacionales y que todos los actos de terrorismo son criminales e injustificables, cualquiera que sea su motivación y dondequiera, cuandoquiera y por quienquiera que sean cometidos, y que deben ser condenados inequívocamente,</p>
      </container>
      <container name="Reafirmando " eId="container_4">
        <p xml:space="preserve">
          <span class="italic">Reafirmando </span>que el terrorismo en todas sus formas y manifestaciones no puede ni debe asociarse a ninguna religión, nacionalidad, civilización o grupo étnico,</p>
      </container>
      <container name="Reafirmando también" eId="container_5">
        <p xml:space="preserve">
          <span class="italic">Reafirmando también</span> su respeto por la soberanía, la integridad territorial, la independencia y la unidad de todos los Estados de conformidad con los propósitos y principios de la Carta de las Naciones Unidas,</p>
      </container>
      <container name="Destacando nuevamente" eId="container_6">
        <p xml:space="preserve">
          <span class="italic">Destacando nuevamente</span> la necesidad de reforzar la cooperación internacional, regional y subregional para prevenir y combatir eficazmente el terrorismo, en particular aumentando la capacidad nacional de los Estados mediante la prestación de asistencia técnica basada en las necesidades y prioridades identificadas por los Estados solicitantes,</p>
      </container>
      <container name="Poniendo de relieve" eId="container_7">
        <p xml:space="preserve">
          <span class="italic">Poniendo de relieve</span> la necesidad de hacer frente a las condiciones que propician la expansión del terrorismo, respetando plenamente al mismo tiempo los propósitos y principios fundamentales de la Carta y el derecho internacional,</p>
      </container>
      <container name="Recordando " eId="container_8">
        <p xml:space="preserve">
          <span class="italic">Recordando </span>la Declaración y Programa de Acción sobre una Cultura de Paz<authorialNote marker="2" placement="bottom" eId="authorialNote_2"><p xml:space="preserve">	 	Resoluciones <a href="https://undocs.org/es/A/RES/53/243">53/243</a> A y B.</p></authorialNote> y el Programa Mundial para el Diálogo entre Civilizaciones<authorialNote marker="3" placement="bottom" eId="authorialNote_3"><p xml:space="preserve">		Resolución <a href="https://undocs.org/es/A/RES/56/6">56/6</a>.</p></authorialNote>,</p>
      </container>
      <container name="Reafirmando su preocupación" eId="container_9">
        <p xml:space="preserve">
          <span class="italic">Reafirmando su preocupación</span> porque los terroristas podrían utilizar la delincuencia organizada transnacional en su beneficio como fuente de financiación o de apoyo logístico, reconociendo que la naturaleza y el alcance de los vínculos entre el terrorismo y la delincuencia organizada transnacional varían según el contexto, y poniendo de relieve la necesidad de coordinar las actividades a nivel local, nacional, subregional, regional e internacional para responder a esta amenaza, de conformidad con el derecho internacional,</p>
      </container>
      <container name="Recordando en particular" eId="container_10">
        <p xml:space="preserve">
          <span class="italic">Recordando en particular</span> su resolución <a href="https://undocs.org/sp/A/RES/72/194">72/194</a>, de 19 de diciembre de 2017, en la que, entre otras cosas, exhortó a la Oficina de las Naciones Unidas contra la Droga y el Delito a que siguiera mejorando la asistencia técnica que prestaba a los Estados Miembros que la solicitaban con objeto de desarrollar su capacidad para pasar a ser partes en los tratados y protocolos internacionales relativos a la lucha contra el terrorismo y aplicarlos, en particular mediante programas específicos y la capacitación de los funcionarios de justicia penal y aplicación de la ley competentes, cuando se le solicitase, a fin de desarrollar su capacidad para responder eficazmente a los actos terroristas, prevenirlos, investigarlos y enjuiciar a sus autores, mediante la preparación de iniciativas pertinentes y la participación en ellas y mediante la elaboración de instrumentos técnicos y publicaciones, en estrecha consulta con los Estados Miembros,</p>
      </container>
      <container name="Reiterando " eId="container_11">
        <p xml:space="preserve">
          <span class="italic">Reiterando </span>todos los aspectos de la Estrategia Global de las Naciones Unidas contra el Terrorismo<authorialNote marker="4" placement="bottom" eId="authorialNote_4"><p xml:space="preserve">	 	Resolución <a href="https://undocs.org/es/A/RES/60/288">60/288</a>.</p></authorialNote> y la necesidad de que los Estados continúen aplicando plenamente los cuatro pilares de la Estrategia, y recordando su resolución <a href="https://undocs.org/sp/A/RES/72/284">72/284</a>, de 26 de junio de 2018, titulada “Examen de la Estrategia Global de las Naciones Unidas contra el Terrorismo”,</p>
      </container>
      <container name="Reconociendo " eId="container_12">
        <p xml:space="preserve">
          <span class="italic">Reconociendo </span>la importancia de combatir el terrorismo y prevenir el extremismo violento cuando conduzca al terrorismo, destacando a ese respecto la importancia de aplicar de manera integrada y equilibrada la Estrategia Global de las Naciones Unidas contra el Terrorismo en sus cuatro pilares, reconociendo los esfuerzos del Secretario General a ese respecto, y reafirmando que la responsabilidad principal de aplicar la Estrategia recae en los Estados Miembros,</p>
      </container>
      <container name="Acogiendo con beneplácito" eId="container_13">
        <p xml:space="preserve">
          <span class="italic">Acogiendo con beneplácito</span> la alianza entre la Oficina de las Naciones Unidas contra la Droga y el Delito y la Organización de las Naciones Unidas para la Educación, la Ciencia y la Cultura para promover la educación como instrumento para prevenir la delincuencia en todas sus formas, incluido el terrorismo, y defender el estado de derecho, </p>
      </container>
      <container name="Observando con aprecio" eId="container_14">
        <p xml:space="preserve">
          <span class="italic">Observando con aprecio</span> la labor que realiza la Oficina de las Naciones Unidas contra la Droga y el Delito para apoyar a los Estados Miembros en sus iniciativas de prevención y lucha contra el terrorismo en todas sus formas y manifestaciones en el contexto de la prevención del delito y la justicia penal, y reiterando que esa labor debe realizarse en estrecha coordinación con los Estados Miembros,</p>
      </container>
      <container name="Tomando nota" eId="container_15">
        <p xml:space="preserve">
          <span class="italic">Tomando nota</span> del informe del Secretario General sobre la asistencia técnica en la aplicación de los tratados y protocolos internacionales relativos al terrorismo<authorialNote marker="5" placement="bottom" eId="authorialNote_5"><p xml:space="preserve"><a href="https://undocs.org/sp/E/CN.15/2019/5.">	E/CN.15/2019/5</a>.</p></authorialNote>,</p>
      </container>
      <container name="Recordando " eId="container_16">
        <p xml:space="preserve">
          <span class="italic">Recordando </span>su resolución <a href="https://undocs.org/sp/A/RES/71/291">71/291</a>, de 15 de junio de 2017, en la que estableció la Oficina de Lucha contra el Terrorismo,</p>
      </container>
      <container name="Observando" eId="container_17">
        <p xml:space="preserve">
          <span class="italic">Observando</span> la firma del Pacto Mundial de Coordinación de la Lucha Antiterrorista de las Naciones Unidas por las entidades de las Naciones Unidas, la Organización Internacional de Policía Criminal (INTERPOL) y la Organización Mundial de Aduanas, y observando también la función que desempeña la Oficina de las Naciones Unidas contra la Droga y el Delito en su calidad de Presidenta del Grupo de Trabajo sobre Justicia Penal, Respuestas Jurídicas y Lucha contra la Financiación del Terrorismo,</p>
      </container>
      <container name="Reconociendo " eId="container_18">
        <p xml:space="preserve">
          <span class="italic">Reconociendo </span>el importante papel que pueden desempeñar los parlamentos para prevenir y combatir el terrorismo y hacer frente a las condiciones que conducen al terrorismo, y reconociendo también la pertinencia de la alianza establecida entre la Unión Interparlamentaria, la Oficina de las Naciones Unidas contra la Droga y el Delito y la Oficina de Lucha contra el Terrorismo a ese respecto,</p>
      </container>
      <container name="Acogiendo con beneplácito" eId="container_19">
        <p xml:space="preserve">
          <span class="italic">Acogiendo con beneplácito</span> las orientaciones de la Oficina de las Naciones Unidas contra la Droga y el Delito sobre la cuestión de los niños afectados por el terrorismo, incluidas las relativas a la prevención de la participación de los niños en grupos terroristas y la rehabilitación y reintegración de esos niños, que figuran en el manual sobre la función del sistema de justicia con respecto a los niños reclutados y explotados por grupos terroristas y grupos extremistas violentos (<span class="italic">Handbook on Children Recruited and Exploited by Terrorist and Violent Extremist Groups: the Role of the Justice System</span>), y los tres manuales de capacitación conexos, </p>
      </container>
      <container name="Observando " eId="container_20">
        <p xml:space="preserve">
          <span class="italic">Observando </span>que los Estados Miembros podrían experimentar dificultades para obtener y utilizar pruebas admisibles, incluidas pruebas digitales, físicas y forenses, en particular en las zonas afectadas por conflictos armados, que puedan utilizarse para ayudar a enjuiciar a los combatientes terroristas extranjeros y a quienes los apoyan y lograr que sean condenados,</p>
      </container>
    </preamble>
    <mainBody>
      <paragraph eId="para_21" class="MercuryDocument">
        <num>	1.</num>
        <content eId="para_21__content">
          <p xml:space="preserve">
            <span class="italic">Insta </span>a los Estados Miembros que aún no lo hayan hecho a que consideren la posibilidad de hacerse partes en los tratados y protocolos internacionales existentes relativos a la lucha contra el terrorismo, y solicita a la Oficina de las Naciones Unidas contra la Droga y el Delito que, con arreglo a su mandato y en estrecha coordinación con las entidades pertinentes del Pacto Mundial de Coordinación de la Lucha Antiterrorista de las Naciones Unidas, siga prestando asistencia técnica a los Estados Miembros que la soliciten para la ratificación y la incorporación al derecho interno de esos instrumentos jurídicos internacionales; </p>
        </content>
      </paragraph>
      <paragraph eId="para_22" class="MercuryDocument">
        <num>	2.</num>
        <content eId="para_22__content">
          <p xml:space="preserve">
            <span class="italic">Alienta </span>a los Estados Miembros a que consideren la posibilidad de ratificar otros tratados pertinentes, como la Convención de las Naciones Unidas contra la Delincuencia Organizada Transnacional y sus Protocolos<authorialNote marker="6" placement="bottom" eId="authorialNote_6"><p xml:space="preserve">	 	Naciones Unidas, <span class="italic">Treaty Series</span>, vols. 2225, 2237, 2241 y 2326, núm. 39574.</p></authorialNote>, o de adherirse a ellos, para apoyar la cooperación internacional en asuntos penales, y exhorta a los Estados Miembros a que apliquen de manera efectiva los instrumentos en que sean partes; </p>
        </content>
      </paragraph>
      <paragraph eId="para_23" class="MercuryDocument">
        <num>	3.</num>
        <content eId="para_23__content">
          <p xml:space="preserve">
            <span class="italic">Alienta también</span> a los Estados Miembros a que continúen promoviendo, de conformidad con sus marcos jurídicos, una coordinación eficaz entre los organismos encargados de hacer cumplir la ley y otras entidades pertinentes y las autoridades responsables de prevenir y combatir el terrorismo, y solicita a la Oficina de las Naciones Unidas contra la Droga y el Delito que, cuando se le solicite y con arreglo a su mandato, continúe prestando asistencia técnica a ese respecto;</p>
        </content>
      </paragraph>
      <paragraph eId="para_24" class="MercuryDocument">
        <num>	4.</num>
        <content eId="para_24__content">
          <p xml:space="preserve">
            <span class="italic">Exhorta </span>a los Estados Miembros a que continúen fortaleciendo la coordinación y cooperación internacionales a fin de prevenir y combatir el terrorismo en todas sus formas y manifestaciones con arreglo al derecho internacional, incluida la Carta de las Naciones Unidas, apliquen efectivamente los instrumentos internacionales y las resoluciones de las Naciones Unidas pertinentes, consideren la posibilidad de concertar, cuando proceda, tratados sobre extradición y asistencia judicial recíproca, permitan el intercambio efectivo de inteligencia financiera pertinente y velen por que se imparta a todo el personal competente capacitación adecuada para la ejecución de actividades de cooperación internacional;</p>
        </content>
      </paragraph>
      <paragraph eId="para_25" class="MercuryDocument">
        <num>	5.</num>
        <content eId="para_25__content">
          <p xml:space="preserve">
            <span class="italic">Solicita </span>a la Oficina de las Naciones Unidas contra la Droga y el Delito que, con arreglo a su mandato, preste asistencia técnica con ese fin a los Estados Miembros que la soliciten, entre otras cosas manteniendo y mejorando su asistencia relacionada con la cooperación jurídica y judicial internacional relativa a la lucha contra el terrorismo, también en lo que respecta a los asuntos penales relacionados con los combatientes terroristas extranjeros, y promoviendo el desarrollo de autoridades centrales fuertes y eficaces para la cooperación internacional en asuntos penales;</p>
        </content>
      </paragraph>
      <paragraph eId="para_26" class="MercuryDocument">
        <num>	6.</num>
        <content eId="para_26__content">
          <p xml:space="preserve">
            <span class="italic">Solicita también</span> a la Oficina de las Naciones Unidas contra la Droga y el Delito que, conforme a su mandato, fortalezca la prestación de asistencia técnica a los Estados Miembros que la soliciten en relación con la reunión, análisis, preservación, almacenamiento, utilización e intercambio de pruebas forenses y electrónicas para la investigación y el enjuiciamiento de delitos de terrorismo y relacionados con el terrorismo y en relación con el fortalecimiento de la asistencia judicial recíproca a ese respecto, y acoge con beneplácito la guía práctica para la solicitud de pruebas electrónicas transfronterizas (<span class="italic">Practical Guide for ‎Requesting Electronic Evidence Across Borders</span>) elaborada por la Oficina<authorialNote marker="7" placement="bottom" eId="authorialNote_7"><p xml:space="preserve">	 	En cooperación con la Dirección Ejecutiva del Comité contra el Terrorismo y la Asociación Internacional de Fiscales.</p></authorialNote>;</p>
        </content>
      </paragraph>
      <paragraph eId="para_27" class="MercuryDocument">
        <num>	7.</num>
        <content eId="para_27__content">
          <p xml:space="preserve">
            <span class="italic">Exhorta </span>a los Estados Miembros, entre otras cosas por conducto de las autoridades centrales pertinentes, y a la Oficina de las Naciones Unidas contra la Droga y el Delito y otras entidades competentes de las Naciones Unidas que prestan apoyo al fomento de la capacidad, a que compartan mejores prácticas y conocimientos técnicos, de manera oficiosa y oficial, con objeto de mejorar la reunión, la gestión, la preservación, el intercambio y la utilización de información y pruebas pertinentes, de conformidad con el derecho interno e internacional, en particular la información y las pruebas obtenidas de Internet o en las zonas afectadas por conflictos armados, a fin de que quienes hayan cometido delitos, incluidos los combatientes terroristas extranjeros que regresan de zonas afectadas por conflictos armados o que se trasladan a ellas, sean investigados y enjuiciados de manera efectiva;</p>
        </content>
      </paragraph>
      <paragraph eId="para_28" class="MercuryDocument">
        <num>	8.</num>
        <content eId="para_28__content">
          <p xml:space="preserve">
            <span class="italic">Alienta </span>a los Estados Miembros a que, según proceda, utilicen las plataformas y los instrumentos elaborados por la Oficina de las Naciones Unidas contra la Droga y el Delito, incluido el portal de gestión de conocimientos Intercambio de Recursos Electrónicos y Legislación sobre Delincuencia, con el fin de facilitar la cooperación internacional en asuntos penales relacionados con el terrorismo y proporcionar a la Oficina información pertinente para promover el intercambio de buenas prácticas y experiencias y la información de contacto de las autoridades designadas y otros datos pertinentes para que se incorporen en su base de datos;</p>
        </content>
      </paragraph>
      <paragraph eId="para_29" class="MercuryDocument">
        <num>	9.</num>
        <content eId="para_29__content">
          <p xml:space="preserve">
            <span class="italic">Solicita </span>a la Oficina de las Naciones Unidas contra la Droga y el Delito que, en cooperación con la Organización Internacional de Policía Criminal (INTERPOL) y otras entidades pertinentes del Pacto Mundial de Coordinación de la Lucha Antiterrorista de las Naciones Unidas, continúe prestando asistencia técnica a los Estados Miembros que la soliciten para reunir, registrar e intercambiar datos biométricos a fin de identificar debidamente y de manera responsable a los terroristas, incluidos los combatientes terroristas extranjeros, de conformidad con el derecho interno y el derecho internacional, acoge con beneplácito la publicación del compendio de las Naciones Unidas de prácticas recomendadas para el uso y el intercambio responsables de datos biométricos en la lucha contra el terrorismo (<span class="italic">United Nations Compendium of Recommended Practices for the Responsible Use and Sharing of Biometrics in Counter-Terrorism</span>), elaborado en el marco del Grupo de Trabajo sobre la Gestión de las Fronteras y el Cumplimiento de la Ley en relación con la Lucha contra el Terrorismo, y destaca la importancia de alimentar las bases de datos de INTERPOL a ese respecto y hacer pleno uso de ellas;</p>
        </content>
      </paragraph>
      <paragraph eId="para_30" class="MercuryDocument">
        <num>	10.</num>
        <content eId="para_30__content">
          <p xml:space="preserve">
            <span class="italic">Destaca </span>la importancia de que los Estados Miembros establezcan y mantengan sistemas de justicia penal eficaces, imparciales, humanos, transparentes y responsables, con arreglo al derecho internacional aplicable, como base fundamental de toda estrategia para combatir el terrorismo, y solicita a la Oficina de las Naciones Unidas contra la Droga y el Delito que, cuando proceda, tenga en cuenta en sus actividades de asistencia técnica para combatir el terrorismo los elementos necesarios para desarrollar la capacidad nacional a fin de reforzar los sistemas de justicia penal y el estado de derecho;</p>
        </content>
      </paragraph>
      <paragraph eId="para_31" class="MercuryDocument">
        <num>	11.</num>
        <content eId="para_31__content">
          <p xml:space="preserve">
            <span class="italic">Solicita </span>a la Oficina de las Naciones Unidas contra la Droga y el Delito que, conforme a su mandato en el ámbito de la prevención y la lucha contra el terrorismo en todas sus formas y manifestaciones, continúe desarrollando los conocimientos jurídicos especializados y continúe fortaleciendo la prestación de asistencia técnica a los Estados Miembros que la soliciten con respecto a la adopción de medidas eficaces de justicia penal en materia de prevención del terrorismo conformes con todas las obligaciones que les incumben en virtud del derecho internacional, en particular el derecho internacional de los derechos humanos, el derecho internacional de los refugiados y el derecho internacional humanitario;</p>
        </content>
      </paragraph>
      <paragraph eId="para_32" class="MercuryDocument">
        <num>	12.</num>
        <content eId="para_32__content">
          <p xml:space="preserve">
            <span class="italic">Exhorta </span>a la Oficina de las Naciones Unidas contra la Droga y el Delito a que siga mejorando la asistencia técnica que presta a los Estados Miembros que la solicitan con objeto de desarrollar su capacidad para pasar a ser partes en los tratados y protocolos internacionales relativos a la lucha contra el terrorismo y aplicarlos, en particular mediante programas específicos y la capacitación de los funcionarios de justicia penal y aplicación de la ley competentes, cuando se le solicite, a fin de desarrollar su capacidad para responder eficazmente a los actos terroristas y su financiación, prevenirlos, investigarlos y enjuiciar a sus autores, mediante la preparación de iniciativas pertinentes y la participación en ellas y mediante la elaboración de instrumentos técnicos y publicaciones, conforme a su mandato y en estrecha consulta con los Estados Miembros; </p>
        </content>
      </paragraph>
      <paragraph eId="para_33" class="MercuryDocument">
        <num>	13.</num>
        <content eId="para_33__content">
          <p xml:space="preserve">
            <span class="italic">Solicita </span>a la Oficina de las Naciones Unidas contra la Droga y el Delito que, con arreglo a su mandato y, cuando proceda, en colaboración con las entidades competentes del Pacto Mundial de Coordinación de la Lucha Antiterrorista de las Naciones Unidas, continúe prestando asistencia a los Estados Miembros que la soliciten para hacer frente a la amenaza de los combatientes terroristas extranjeros, incluidos los combatientes terroristas extranjeros que regresan y cambian de ubicación, a través de sus actividades de desarrollo de la capacidad, con miras a mejorar su cooperación, formular medidas pertinentes y respuestas de justicia penal adecuadas, prevenir la financiación, la movilización, los viajes, la captación, el adiestramiento, la organización y la radicalización de combatientes terroristas extranjeros, velar por que toda persona que participe en la financiación, planificación, preparación o comisión de actos de terrorismo, o que preste apoyo a esos actos, comparezca ante la justicia y formular y aplicar respuestas de justicia penal adecuadas, de conformidad con las obligaciones pertinentes previstas en el derecho internacional y en la legislación interna;</p>
        </content>
      </paragraph>
      <paragraph eId="para_34" class="MercuryDocument">
        <num>	14.</num>
        <content eId="para_34__content">
          <p xml:space="preserve">
            <span class="italic">Exhorta </span>a la Oficina de las Naciones Unidas contra la Droga y el Delito a que mejore su coordinación con la Oficina de Lucha contra el Terrorismo y otras entidades del Pacto Mundial de Coordinación de la Lucha Antiterrorista de las Naciones Unidas con objeto de prestar asistencia técnica integrada sobre medidas de lucha contra la financiación del terrorismo a los Estados Miembros que la soliciten y sobre la base de los informes de evaluación mutua de los Estados Miembros en el marco de la lucha contra el blanqueo de dinero y la financiación del terrorismo, incluida asistencia que mejore la capacidad de los Estados Miembros para cumplir sus obligaciones internacionales de prevenir y combatir la financiación del terrorismo; </p>
        </content>
      </paragraph>
      <paragraph eId="para_35" class="MercuryDocument">
        <num>	15.</num>
        <content eId="para_35__content">
          <p xml:space="preserve">
            <span class="italic">Solicita </span>a la Oficina de las Naciones Unidas contra la Droga y el Delito que continúe prestando asistencia técnica a los Estados Miembros que la soliciten, según proceda, para que valoren sus riesgos en materia de financiación del terrorismo y determinen cuáles son las actividades financieras, los servicios financieros y los sectores económicos más vulnerables a los riesgos de financiación del terrorismo, de acuerdo con las normas internacionales pertinentes relativas a la lucha contra el blanqueo de dinero y la financiación del terrorismo, y acoge con beneplácito las orientaciones publicadas por las Naciones Unidas, en particular el manual de directrices para los Estados Miembros sobre la evaluación del riesgo de financiación del terrorismo (<span class="italic">Guidance Manual for Member States on Terrorist Financing Risk Assessments</span>), publicado por la Oficina de las Naciones Unidas contra la Droga y el Delito;</p>
        </content>
      </paragraph>
      <paragraph eId="para_36" class="MercuryDocument">
        <num>	16.</num>
        <content eId="para_36__content">
          <p xml:space="preserve">
            <span class="italic">Alienta </span>a los Estados Miembros a que continúen definiendo, analizando y haciendo frente a los vínculos posibles o existentes y, en algunos casos, cada vez mayores entre la delincuencia organizada transnacional, las actividades ilícitas relacionadas con las drogas, el blanqueo de dinero y la financiación del terrorismo, a fin de fortalecer las respuestas de la justicia penal a esos delitos, reconociendo que los terroristas pueden utilizar la delincuencia organizada transnacional en su beneficio como fuente de financiación o de apoyo logístico y que la naturaleza y el alcance de los vínculos entre el terrorismo y la delincuencia organizada transnacional varían según el contexto, y exhorta a la Oficina de las Naciones Unidas contra la Droga y el Delito a que, conforme a su mandato, apoye los esfuerzos de los Estados Miembros en ese sentido cuando estos lo soliciten; </p>
        </content>
      </paragraph>
      <paragraph eId="para_37" class="MercuryDocument">
        <num>	17.</num>
        <content eId="para_37__content">
          <p xml:space="preserve">
            <span class="italic">Exhorta </span>a los Estados Miembros a que intensifiquen las actividades tendentes a mejorar la seguridad y la resiliencia de las infraestructuras esenciales y la protección de los objetivos particularmente vulnerables o “fáciles”, como la infraestructura y los lugares públicos, y a que formulen estrategias para prevenir los daños causados por atentados terroristas, proteger contra esos daños, mitigarlos, investigarlos, darles respuesta y recuperarse de ellos, en particular en la esfera de la protección civil, y a que consideren la posibilidad de establecer alianzas, o fortalecer las existentes, con los sectores público y privado a ese respecto, y exhorta a la Oficina de las Naciones Unidas contra la Droga y el Delito a que siga prestando asistencia técnica a los Estados Miembros que la soliciten con vistas a reforzar sus respuestas de justicia penal, así como sus estrategias para reducir el riesgo de atentados terroristas contra infraestructuras esenciales;</p>
        </content>
      </paragraph>
      <paragraph eId="para_38" class="MercuryDocument">
        <num>	18.</num>
        <content eId="para_38__content">
          <p xml:space="preserve">
            <span class="italic">Exhorta también </span>a los Estados Miembros a que fortalezcan la gestión de sus fronteras para prevenir de manera eficaz el movimiento de combatientes terroristas extranjeros y grupos terroristas, y solicita a la Oficina de las Naciones Unidas contra la Droga y el Delito que continúe prestando asistencia técnica con ese fin a los Estados que la soliciten;</p>
        </content>
      </paragraph>
      <paragraph eId="para_39" class="MercuryDocument">
        <num>	19.</num>
        <content eId="para_39__content">
          <p xml:space="preserve">
            <span class="italic">Observa con aprecio </span>la cooperación entre la Oficina de Lucha contra el Terrorismo, la Oficina de las Naciones Unidas contra la Droga y el Delito, la Dirección Ejecutiva del Comité contra el Terrorismo, la Organización de Aviación Civil Internacional y la Oficina de Tecnología de la Información y las Comunicaciones de la Secretaría en el marco del Programa de las Naciones Unidas sobre los Viajes relacionados con el Terrorismo con el objeto de prestar asistencia técnica conexa a los Estados Miembros que la soliciten a fin de desarrollar su capacidad legislativa y operacional, en particular en lo que respecta a la reunión, el procesamiento, el análisis y el intercambio eficaz de datos sobre viajes, como la información anticipada sobre los pasajeros y el registro de nombres de los pasajeros;</p>
        </content>
      </paragraph>
      <paragraph eId="para_40" class="MercuryDocument">
        <num>	20.</num>
        <content eId="para_40__content">
          <p xml:space="preserve">
            <span class="italic">Solicita </span>a la Oficina de las Naciones Unidas contra la Droga y el Delito que, conforme a su mandato, siga ampliando sus conocimientos especializados sobre el marco jurídico internacional de la lucha contra el terrorismo químico, biológico, radiológico y nuclear establecido en los tratados y protocolos relativos al terrorismo a fin de seguir prestando asistencia a los Estados Miembros que la soliciten para prevenir y combatir esas formas de terrorismo, y acoge con beneplácito el módulo de aprendizaje electrónico elaborado por la Oficina a ese respecto; </p>
        </content>
      </paragraph>
      <paragraph eId="para_41" class="MercuryDocument">
        <num>	21.</num>
        <content eId="para_41__content">
          <p xml:space="preserve">
            <span class="italic">Solicita también </span>a la Oficina de las Naciones Unidas contra la Droga y el Delito que, con arreglo a su mandato, siga apoyando a los Estados Miembros que lo soliciten en lo que respecta a la ejecución de programas de fomento de la capacidad encaminados a fortalecer las respuestas en materia de prevención del delito y justicia penal ante la destrucción y el tráfico de bienes culturales por terroristas; </p>
        </content>
      </paragraph>
      <paragraph eId="para_42" class="MercuryDocument">
        <num>	22.</num>
        <content eId="para_42__content">
          <p xml:space="preserve">
            <span class="italic">Solicita además </span>a la Oficina de las Naciones Unidas contra la Droga y el Delito que, con arreglo a su mandato, continúe ampliando sus conocimientos jurídicos especializados en estrecha consulta con los Estados Miembros a fin de seguir prestando asistencia a los Estados Miembros que la soliciten para prevenir y combatir el uso de la tecnología de la información y las comunicaciones con fines delictivos, en particular Internet, así como los medios sociales y otros medios, con miras a planificar, financiar o cometer ataques terroristas o a incitar o captar a otras personas para que los cometan, y que preste apoyo a los Estados Miembros para que penalicen e investiguen esos actos y enjuicien a los responsables de manera efectiva, de conformidad con el derecho interno y el derecho internacional aplicable y con pleno respeto de los derechos humanos y las libertades fundamentales, incluida la libertad de expresión, y para alentar la utilización de Internet como instrumento para luchar contra la propagación del terrorismo, en estrecha cooperación con las empresas privadas y las plataformas de medios sociales; </p>
        </content>
      </paragraph>
      <paragraph eId="para_43" class="MercuryDocument">
        <num>	23.</num>
        <content eId="para_43__content">
          <p xml:space="preserve">
            <span class="italic">Solicita </span>a la Oficina de las Naciones Unidas contra la Droga y el Delito que preste, cuando se le solicite, asistencia técnica para consolidar la capacidad de los Estados Miembros de elaborar y ejecutar programas de asistencia y apoyo a las víctimas del terrorismo con arreglo a sus leyes nacionales pertinentes, haciendo hincapié en las necesidades especiales de las mujeres y los niños; </p>
        </content>
      </paragraph>
      <paragraph eId="para_44" class="MercuryDocument">
        <num>	24.</num>
        <content eId="para_44__content">
          <p xml:space="preserve">
            <span class="italic">Solicita también</span> a la Oficina de las Naciones Unidas contra la Droga y el Delito que, por conducto de su Programa Mundial sobre la Violencia contra los Niños en el Ámbito de la Prevención del Delito y la Justicia Penal, continúe prestando apoyo a los Estados Miembros que lo soliciten, de conformidad con la legislación nacional pertinente, para prevenir la participación de los niños en grupos armados y terroristas y asegurar que los niños de quienes se sospeche o a quienes se acuse o declare culpables de haber infringido la ley, en particular los que se vean privados de libertad, teniendo presente las reglas y normas de las Naciones Unidas en materia de justicia juvenil, y los niños que son víctimas y testigos de delitos sean tratados de tal forma que se respeten sus derechos y su dignidad de conformidad con el derecho aplicable, incluido el derecho internacional, en particular las obligaciones dimanantes de la Convención sobre los Derechos del Niño<authorialNote marker="8" placement="bottom" eId="authorialNote_8"><p xml:space="preserve">	 	Naciones Unidas, <span class="italic">Treaty Series</span>, vol. 1577, núm. 27531.</p></authorialNote>, para los Estados partes en esa Convención, así como del Protocolo Facultativo de la Convención sobre los Derechos del Niño relativo a la participación de niños en los conflictos armados<authorialNote marker="9" placement="bottom" eId="authorialNote_9"><p xml:space="preserve"><span class="italic">Ibid</span>., vol. 2173, núm. 27531.</p></authorialNote>, y que se adopten las medidas pertinentes a fin de reintegrar de manera efectiva a los niños que hayan estado asociados con grupos armados y grupos terroristas;</p>
        </content>
      </paragraph>
      <paragraph eId="para_45" class="MercuryDocument">
        <num>	25.</num>
        <content eId="para_45__content">
          <p xml:space="preserve">
            <span class="italic">Alienta </span>a la Oficina de las Naciones Unidas contra la Droga y el Delito a que, en cooperación con las entidades pertinentes del Pacto Mundial de Coordinación de la Lucha Antiterrorista de las Naciones Unidas, ayude a los Estados Miembros que lo soliciten a incorporar perspectivas de género en las respuestas de la justicia penal al terrorismo a fin de prevenir la captación de mujeres y niñas como terroristas y promover la plena protección de las mujeres y las niñas contra todas las formas de explotación o violencia perpetradas por terroristas, de conformidad con las obligaciones que les impone el derecho de los derechos humanos, teniendo también en cuenta, según proceda, las aportaciones de las partes interesadas pertinentes, incluida la sociedad civil, y acoge con beneplácito a este respecto el manual sobre las dimensiones de género de las respuestas de la justicia penal al terrorismo (<span class="italic">Handbook on Gender Dimensions of Criminal Justice Responses to Terrorism</span>), que, entre otras cosas, trata sobre las dificultades que sufren las familias de los combatientes terroristas extranjeros;</p>
        </content>
      </paragraph>
      <paragraph eId="para_46" class="MercuryDocument">
        <num>	26.</num>
        <content eId="para_46__content">
          <p xml:space="preserve">
            <span class="italic">Alienta </span>a los Estados Miembros a que adopten las medidas que proceda, de conformidad con el derecho interno, para mantener un entorno seguro y humano en las cárceles, generen instrumentos que puedan ayudar a hacer frente a la radicalización conducente a la violencia y el reclutamiento por terroristas y elaboren evaluaciones de riesgos para valorar si los reclusos son susceptibles al reclutamiento por terroristas y a la radicalización conducente a la violencia, teniendo en cuenta, según corresponda, las Reglas Mínimas de las Naciones Unidas para el Tratamiento de los Reclusos (Reglas Nelson Mandela)<authorialNote marker="10" placement="bottom" eId="authorialNote_10"><p xml:space="preserve">		Resolución <a href="https://undocs.org/es/A/RES/70/175">70/175</a>, anexo.‎</p></authorialNote>, y utilicen la información proporcionada por otros Estados por conducto, entre otros, de la Oficina de las Naciones Unidas contra la Droga y el Delito sobre enfoques y buenas prácticas en materia de prevención de la radicalización conducente a la violencia y el reclutamiento por terroristas en las cárceles, y alienta a la Oficina a que intensifique su asistencia técnica a ese respecto;</p>
        </content>
      </paragraph>
      <paragraph eId="para_47" class="MercuryDocument">
        <num>	27.</num>
        <content eId="para_47__content">
          <p xml:space="preserve">
            <span class="italic">Insta </span>a la Oficina de las Naciones Unidas contra la Droga y el Delito a que, en coordinación con otras entidades del Pacto Mundial de Coordinación de la Lucha Antiterrorista de las Naciones Unidas, continúe fortaleciendo su cooperación con las organizaciones y los arreglos internacionales, regionales y subregionales en la prestación de asistencia técnica, y observa las iniciativas conjuntas en curso puestas en marcha por las entidades del Pacto Mundial;</p>
        </content>
      </paragraph>
      <paragraph eId="para_48" class="MercuryDocument">
        <num>	28.</num>
        <content eId="para_48__content">
          <p xml:space="preserve">
            <span class="italic">Expresa su reconocimiento </span>a los Estados Miembros que han apoyado las actividades de asistencia técnica de la Oficina de las Naciones Unidas contra la Droga y el Delito, entre otras cosas mediante contribuciones financieras, e invita a los Estados Miembros a que consideren la posibilidad de hacer más contribuciones financieras voluntarias sostenibles y prestar apoyo en especie, de conformidad con las normas y los procedimientos de las Naciones Unidas, en particular en vista de la necesidad de prestar asistencia técnica más acertada, eficaz y coordinada en relación con las respuestas de la justicia penal para prevenir y combatir el terrorismo; </p>
        </content>
      </paragraph>
      <paragraph eId="para_49" class="MercuryDocument">
        <num>	29.</num>
        <content eId="para_49__content">
          <p xml:space="preserve">
            <span class="italic">Solicita</span> al Secretario General que siga proporcionando recursos suficientes a la Oficina de las Naciones Unidas contra la Droga y el Delito para que lleve a cabo actividades con arreglo a su mandato a fin de ayudar a los Estados Miembros que lo soliciten a aplicar los elementos pertinentes de la Estrategia Global de las Naciones Unidas contra el Terrorismo<sup>4</sup>; </p>
        </content>
      </paragraph>
      <paragraph eId="para_50" class="SingleTxt">
        <num>	30.</num>
        <content eId="para_50__content">
          <p xml:space="preserve">	Solicita también al Secretario General que en su septuagésimo quinto período de sesiones le presente un informe sobre la aplicación de la presente resolución.</p>
        </content>
      </paragraph>
    </mainBody>
    <conclusions eId="conclusions">
      <p>
        <inline name="adoptionMeeting" title="50a">50a sesión plenaria</inline>
        <eol />
        <docDate date="2019-12-18" refersTo="#adoptionDate">18 de diciembre de 2019</docDate>
      </p>
    </conclusions>
  </statement>
</akomaNtoso>