<akomaNtoso xmlns:xsi="http://www.w3.org/2001/XMLSchema-instance" xsi:schemaLocation="http://docs.oasis-open.org/legaldocml/ns/akn/3.0 http://docs.oasis-open.org/legaldocml/akn-core/v1.0/os/part2-specs/schemas/akomantoso30.xsd" xmlns="http://docs.oasis-open.org/legaldocml/ns/akn/3.0" xmlns:html="http://www.w3.org/1999/xhtml" xmlns:akn4un="http://un.org/akn4un">
  <statement name="resolution">
    <meta>
      <identification source="#DGACM">
        <FRBRWork>
          <FRBRthis value="/akn/un/statement/deliberation/unga/2019-12-18/74-147/!main/"></FRBRthis>
          <FRBRuri value="/akn/un/statement/deliberation/unga/2019-12-18/74-147/"></FRBRuri>
          <FRBRdate date="2019-12-18" name="adoption"></FRBRdate>
          <FRBRauthor href="ga" as="author"></FRBRauthor>
          <FRBRcountry value="un"></FRBRcountry>
        </FRBRWork>
        <FRBRExpression>
          <FRBRthis value="/akn/un/statement/deliberation/unga/2019-12-18/74-147/spa@!main/"></FRBRthis>
          <FRBRuri value="/akn/un/statement/deliberation/unga/2019-12-18/74-147/spa@/"></FRBRuri>
          <FRBRdate date="2020-01-16" name="publication"></FRBRdate>
          <FRBRauthor href="ga" as="issuer"></FRBRauthor>
          <FRBRlanguage language="spa"></FRBRlanguage>
        </FRBRExpression>
        <FRBRManifestation>
          <FRBRthis value="/akn/un/statement/deliberation/unga/2019-12-18/74-147/spa@/!main.xml"></FRBRthis>
          <FRBRuri value="/akn/un/statement/deliberation/unga/2019-12-18/74-147/spa@.xml"></FRBRuri>
          <FRBRdate date="2020-08-17" name="markup"></FRBRdate>
          <FRBRauthor href="DGACM" as="editor"></FRBRauthor>
        </FRBRManifestation>
      </identification>
      <classification source="http://metadata.un.org/sdg">
        <keyword value="5" href="http://metadata.un.org/sdg/5" showAs="sdg_5" dictionary="SDGO"></keyword>
        <keyword value="gender_equality" href="http://eurovoc.europa.eu/3913" showAs="gender_equality" dictionary="EuroVoc"></keyword>
        <keyword value="participation_of_women" href="http://eurovoc.europa.eu/2265" showAs="participation_of_women" dictionary="EuroVoc"></keyword>
        <keyword value="women&amp;#39;s_rights" href="http://eurovoc.europa.eu/585" showAs="women&amp;#39;s_rights" dictionary="EuroVoc"></keyword>
        <keyword value="position_of_women" href="http://eurovoc.europa.eu/81" showAs="position_of_women" dictionary="EuroVoc"></keyword>
        <keyword value="women" href="http://metadata.un.org/thesaurus/1007029" showAs="women" dictionary="UNBIS Thesaurus"></keyword>
        <keyword value="gender_equality" href="http://metadata.un.org/thesaurus/1002612" showAs="gender_equality" dictionary="UNBIS Thesaurus"></keyword>
        <keyword value="girls" href="http://metadata.un.org/thesaurus/1002684" showAs="girls" dictionary="UNBIS Thesaurus"></keyword>
      </classification>
      <classification source="http://metadata.un.org/sdg">
        <keyword value="16" href="http://metadata.un.org/sdg/16" showAs="sdg_16" dictionary="SDGO"></keyword>
        <keyword value="right_to_justice" href="http://eurovoc.europa.eu/516" showAs="right_to_justice" dictionary="EuroVoc"></keyword>
        <keyword value="sustainable_development" href="http://eurovoc.europa.eu/5585" showAs="sustainable_development" dictionary="EuroVoc"></keyword>
        <keyword value="civil_society" href="http://metadata.un.org/thesaurus/1001012" showAs="civil_society" dictionary="UNBIS Thesaurus"></keyword>
        <keyword value="justice" href="http://metadata.un.org/thesaurus/1003500" showAs="justice" dictionary="UNBIS Thesaurus"></keyword>
        <keyword value="peaceful_coexistence" href="http://metadata.un.org/thesaurus/1004777" showAs="peaceful_coexistence" dictionary="UNBIS Thesaurus"></keyword>
        <keyword value="public_institutions" href="http://metadata.un.org/thesaurus/1005254" showAs="public_institutions" dictionary="UNBIS Thesaurus"></keyword>
        <keyword value="social_justice" href="http://metadata.un.org/thesaurus/1005970" showAs="social_justice" dictionary="UNBIS Thesaurus"></keyword>
        <keyword value="sustainable_development" href="http://metadata.un.org/thesaurus/1006319" showAs="sustainable_development" dictionary="UNBIS Thesaurus"></keyword>
      </classification>
      <workflow source="#un">
        <step date="2019-10-31" outcome="draftResolution" as="A/C.6/74/L.9" by="Egypt and Mexico" />
        <step date="0001-01-01" outcome="draftResolutionAdditionalSponsors" by="Andorra, Argentina, Austria, Bahrain, Bangladesh, Belgium, Belize, Benin, Bulgaria, Burundi, Cabo Verde, Cameroon, Croatia, Cyprus, Czechia, Denmark, Dominican Republic, Estonia, Finland, Germany, Greece, Guatemala, Hungary, Ireland, Italy, Japan, Jordan , Latvia, Lebanon, Lithuania, Luxembourg, Mali, Malta, Morocco, Niger, Nigeria, North Macedonia, Poland, Portugal, Romania, Saudi Arabia, Senegal, Slovakia, Slovenia, South Africa, Spain, Sudan, Sweden, Ukraine, Uruguay, Venezuela (Bolivarian Republic of) and Zambia" />
        <step date="0001-01-01" outcome="recommendedForAdoption" as="A/74/423" by="" refersTo="90" />
        <step date="2019-12-18" outcome="adopted" as="A/74/PV.51" by="" />
      </workflow>
      <analysis source="#un">
        <parliamentary>
          <voting outcome="adoptedWithoutVote">
            <quorum value=""></quorum>
          </voting>
        </parliamentary>
      </analysis>
      <references source="#DGACM">
        <TLCOrganization eId="source" href="/akn/ontology/organization/un/DGACM" showAs="DGACM"></TLCOrganization>
        <TLCConcept eId="dateOfIssuance" href="/akn/ontology/concept/un/dateOfIssuance" showAs="Date of issuance"></TLCConcept>
        <TLCConcept eId="dateOfAdoption" href="/akn/ontology/concept/un/dateOfAdoption" showAs="Date of adoption"></TLCConcept>
        <TLCConcept eId="symbol" href="/akn/ontology/reference/un/symbol" showAs="Symbol"></TLCConcept>
        <TLCRole eId="publisher" href="/akn/ontology/role/un/publisher" showAs="Publisher"></TLCRole>
        <TLCRole eId="issuingBody" href="/akn/role/concept/un/issuingBody" showAs="Issuing body"></TLCRole>
        <TLCRole eId="author" href="/akn/ontology/role/un/author" showAs="Author"></TLCRole>
        <TLCRole eId="editor" href="/akn/ontology/role/un/editor" showAs="Editor"></TLCRole>
        <TLCRole eId="distribution" href="/akn/ontology/concept/un/generalDistribution" showAs="General distribution"></TLCRole>
        <TLCOrganization eId="ga" href="/akn/ontology/organization/un/generalAssembly" showAs="General Assembly"></TLCOrganization>
        <TLCTerm eId="resolutionTitle" href="/akn/ontology/reference/un/resolutionTitle" showAs="Resolution title"></TLCTerm>
        <TLCTerm eId="thirdCommittee" href="#thirdCommittee" showAs="Tercera Comisión"></TLCTerm>
        <TLCTerm eId="memberState" href="/akn/ontology/organization/un/memberState" showAs="Member State"></TLCTerm>
        <TLCTerm eId="inFavour" href="/akn/ontology/concept/un/voting/inFavour" showAs="In favour"></TLCTerm>
        <TLCTerm eId="against" href="/akn/ontology/concept/un/voting/against" showAs="Against"></TLCTerm>
        <TLCTerm eId="abstaining" href="/akn/ontology/concept/un/voting/abstaining" showAs="Abstaining"></TLCTerm>
      </references>
      <presentation source="#un">
        <akn4un:footerFirstPage>
          <akn4un:footerFirstPageLeft>
            <akn4un:internalCode>
              <docketNumber refersTo="#publicationJobNumber">19-22251 (S)</docketNumber>
              <img alt="bar code" class="barCode" src=""></img>
            </akn4un:internalCode>
          </akn4un:footerFirstPageLeft>
          <akn4un:footerFirstPageRight>
            <img alt="Please recycle" class="image" src="./recylcleLogo.jpg"></img>
            <img alt="embedded QR code" class="qrCode" src=""></img>
          </akn4un:footerFirstPageRight>
        </akn4un:footerFirstPage>
      </presentation>
    </meta>
    <coverPage eId="coverPage_1">
      <p>
        <span refersTo="#publisher" class="upperLeft">
          <docAuthority refersTo="#publisher">Naciones Unidas</docAuthority>
        </span>
      </p>
      <p class="upperRight">
        <docNumber refersTo="#symbol">A/RES/74/147</docNumber>
      </p>
      <p class="upperLeft">
        <img src="logo-un.jpg"></img>
        <docAuthority refersTo="#issuingBody" class="rightBig">Asamblea General</docAuthority>
      </p>
      <p>
        <docStatus refersTo="#generalDistribution" class="rightSmall">Distr. general</docStatus>
      </p>
      <p>
        <docDate date="2020-01-16" class="rightSmall" refersTo="#dateOfIssuance">16 de enero de 2020</docDate>
      </p>
      <p>
        <session refersTo="#generalAssembly" value="74" eId="coverPage_1__session_1">Septuagésimo cuarto período de sesiones</session>
      </p>
      <p>
        <inline name="agenda item">Tema 70 b) del programa</inline>
      </p>
      <p>
        <inline name="agenda item name">Promoción y protección de los derechos humanos: cuestiones de derechos humanos, incluidos otros medios de mejorar el goce efectivo de los derechos humanos y las libertades fundamentales</inline>
      </p>
      <p>
        <docTitle>Resolución aprobada por la Asamblea General el 18 de diciembre de 2019</docTitle>
      </p>
      <p xml:space="preserve">
        <docProponent refersTo="#thirdCommittee">[sobre la base del informe de la Tercera Comisión (<inline name="originating document">A/74/399/Add.2</inline>)]</docProponent>
      </p>
    </coverPage>
    <preface>
      <p>
        <docNumber>74/147.</docNumber>
        <docTitle refersTo="#resolutionTitle">Terrorismo y derechos humanos</docTitle>
      </p>
    </preface>
    <preamble>
      <formula name="enactingFormula" eId="formula_1">
        <p xml:space="preserve">
          <span class="italic">La Asamblea General</span>,</p>
      </formula>
      <container name="Guiada " eId="container_2">
        <p xml:space="preserve">
          <span class="italic">Guiada </span>por los propósitos y principios de la Carta de las Naciones Unidas, la Declaración Universal de Derechos Humanos<authorialNote marker="1" placement="bottom" eId="authorialNote_1"><p xml:space="preserve">		Resolución <a href="https://undocs.org/es/A/RES/217(III)">217 A (III)</a>.</p></authorialNote>, el Pacto Internacional de Derechos Económicos, Sociales y Culturales<authorialNote marker="2" placement="bottom" eId="authorialNote_2"><p xml:space="preserve">		Véase la resolución <a href="https://undocs.org/es/A/RES/2200(XXI)">2200 A (XXI)</a>, anexo.</p></authorialNote> y el Pacto Internacional de Derechos Civiles y Políticos<sup>2</sup>, y otros instrumentos internacionales de derechos humanos pertinentes,</p>
      </container>
      <container name="Recordando " eId="container_3">
        <p xml:space="preserve">
          <span class="italic">Recordando </span>todas sus resoluciones pertinentes y las del Consejo de Seguridad, la Comisión de Derechos Humanos y el Consejo de Derechos Humanos relativas a los derechos humanos y el terrorismo, las más recientes de las cuales son sus resoluciones <a href="https://undocs.org/es/A/RES/72/180">72/180</a>, de 19 de diciembre de 2017, <a href="https://undocs.org/es/A/RES/72/246">72/246</a>, de 24 de diciembre de 2017, y <a href="https://undocs.org/es/A/RES/73/174">73/174</a>, de 17 de diciembre de 2018, y las resoluciones del Consejo de Derechos Humanos <a href="https://undocs.org/es/A/HRC/RES/34/8">34/8</a>, de 23 de marzo de 2017<authorialNote marker="3" placement="bottom" eId="authorialNote_3"><p xml:space="preserve">		Véase <span class="italic">Documentos Oficiales de la Asamblea General, septuagésimo segundo período de sesiones, suplemento núm. 53</span> (<a href="https://undocs.org/es/A/72/53">A/72/53</a>), cap. IV, secc. A.</p></authorialNote>, <a href="https://undocs.org/es/A/HRC/RES/35/34">35/34</a>, de 23 de junio de 2017<authorialNote marker="4" placement="bottom" eId="authorialNote_4"><p xml:space="preserve"><span class="italic">Ibid</span>., cap. V, secc. A.</p></authorialNote>, <a href="https://undocs.org/es/A/HRC/RES/37/27">37/27</a>, de 23 de marzo de 2018<authorialNote marker="5" placement="bottom" eId="authorialNote_5"><p xml:space="preserve"><span class="italic">Ibid.</span>, <span class="italic">septuagésimo tercer período de sesiones, suplemento núm. 53 </span>(<a href="https://undocs.org/es/A/73/53">A/73/53</a>), cap. IV, secc. A.</p></authorialNote>, <a href="https://undocs.org/es/A/HRC/RES/40/16">40/16</a>, de 22 de marzo de 2019<authorialNote marker="6" placement="bottom" eId="authorialNote_6"><p xml:space="preserve"><span class="italic">Ibid</span>., <span class="italic">septuagésimo cuarto período de sesiones, suplemento núm. 53</span> (<a href="https://undocs.org/es/A/74/53">A/74/53</a>), cap. IV, secc.  A.</p></authorialNote>, y <a href="https://undocs.org/es/A/HRC/RES/42/18">42/18</a>, de 26 de septiembre de 2019<authorialNote marker="7" placement="bottom" eId="authorialNote_7"><p xml:space="preserve"><span class="italic">Ibid.</span>, <span class="italic">suplemento núm. 53A </span>(<a href="https://undocs.org/es/A/74/53/Add.1">A/74/53/Add.1</a>), cap. III.</p></authorialNote>,</p>
      </container>
      <container name="Poniendo de relieve" eId="container_4">
        <p xml:space="preserve">
          <span class="italic">Poniendo de relieve</span> que todos los derechos humanos son universales, indivisibles e interdependientes y están interrelacionados,</p>
      </container>
      <container name="Reafirmando " eId="container_5">
        <p xml:space="preserve">
          <span class="italic">Reafirmando </span>la obligación de los Estados de respetar todos los derechos humanos y libertades fundamentales y la importancia esencial de respetar el estado de derecho,</p>
      </container>
      <container name="Reafirmando también" eId="container_6">
        <p xml:space="preserve">
          <span class="italic">Reafirmando también</span> su condena inequívoca de todos los actos, métodos y prácticas del terrorismo y del extremismo violento que conduce al terrorismo, en todas sus formas y manifestaciones, dondequiera que tengan lugar y por quienquiera que sean cometidos, independientemente de su motivación, y del apoyo financiero, material o político al terrorismo, por ser injustificables con arreglo al derecho internacional aplicable,</p>
      </container>
      <container name="Renovando su inquebrantable compromiso" eId="container_7">
        <p xml:space="preserve">
          <span class="italic">Renovando su inquebrantable compromiso</span> de intensificar la cooperación internacional para prevenir y combatir el terrorismo y el extremismo violento que conduce al terrorismo en todas sus formas y manifestaciones, pero destacando que el terrorismo solo se puede derrotar con un enfoque sostenido e integral que entrañe la participación y colaboración activas de todos los Estados y las organizaciones internacionales y regionales,</p>
      </container>
      <container name="Reafirmando " eId="container_8">
        <p xml:space="preserve">
          <span class="italic">Reafirmando </span>la responsabilidad primordial de los Estados de proteger a la población en todo su territorio, y recordando a este respecto que todas las partes en un conflicto armado deben cumplir plenamente sus obligaciones en virtud del derecho internacional humanitario con respecto a la protección de los civiles y del personal médico en un conflicto armado,</p>
      </container>
      <container name="Reconociendo " eId="container_9">
        <p xml:space="preserve">
          <span class="italic">Reconociendo </span>que el terrorismo y el extremismo violento que conduce al terrorismo tienen efectos perjudiciales para el pleno disfrute de todos los derechos humanos y libertades fundamentales e impiden disfrutar plenamente de los derechos políticos, civiles, económicos, sociales y culturales, y que representan una amenaza para la integridad territorial y la seguridad de los Estados, la estabilidad de los Gobiernos, el estado de derecho y la democracia y, en última instancia, para el funcionamiento de las sociedades y la paz y la seguridad internacionales,</p>
      </container>
      <container name="Poniendo de relieve" eId="container_10">
        <p xml:space="preserve">
          <span class="italic">Poniendo de relieve</span> que el terrorismo y el extremismo violento que conduce al terrorismo no pueden ni deben asociarse con ninguna religión, nacionalidad, civilización o grupo étnico y que la tolerancia, el pluralismo, la inclusión y el respeto por la diversidad, el diálogo entre las civilizaciones y la mejora de la comprensión entre las religiones y las culturas y el respeto entre las personas, incluso a nivel nacional, regional y mundial, además de combatir la escalada del odio, figuran entre los elementos más importantes para promover la cooperación y lograr prevenir y combatir el terrorismo, y acogiendo con beneplácito las diversas iniciativas en ese sentido,</p>
      </container>
      <container name="Reafirmando " eId="container_11">
        <p xml:space="preserve">
          <span class="italic">Reafirmando </span>que los Estados deben velar por que las medidas que se adopten para contrarrestar el terrorismo y el extremismo violento que conduce al terrorismo sean conformes con el derecho internacional, en particular el derecho internacional de los derechos humanos, el derecho internacional de los refugiados y el derecho internacional humanitario,</p>
      </container>
      <container name="Reafirmando también" eId="container_12">
        <p xml:space="preserve">
          <span class="italic">Reafirmando también</span> su compromiso con la Estrategia Global de las Naciones Unidas contra el Terrorismo y sus cuatro pilares, aprobados en su resolución <a href="https://undocs.org/es/A/RES/60/288">60/288</a>, de 8 de septiembre de 2006, que reafirman, entre otras cosas, el respeto por los derechos humanos de todas las personas y el estado de derecho como base fundamental de la lucha contra el terrorismo, y con su sexto examen, del que tomó nota en su resolución <a href="https://undocs.org/es/A/RES/72/284">72/284</a>, de 26 de junio de 2018,</p>
      </container>
      <container name="Reafirmando además " eId="container_13">
        <p xml:space="preserve">
          <span class="italic">Reafirmando además </span>que la promoción y la protección de los derechos humanos de todas las personas y el estado de derecho son esenciales para la lucha contra el terrorismo y el extremismo violento que conduce al terrorismo, y reconociendo que la adopción de medidas antiterroristas eficaces y la protección de los derechos humanos no son objetivos contrapuestos, sino que se complementan y se refuerzan mutuamente,</p>
      </container>
      <container name="Expresando su grave preocupación" eId="container_14">
        <p xml:space="preserve">
          <span class="italic">Expresando su grave preocupación</span> por el fenómeno de los combatientes terroristas extranjeros y por la amenaza que supone para todos los Estados, incluidos los países de origen, tránsito y destino, y alentando a todos los Estados a que hagan frente a esta amenaza intensificando su cooperación y formulando medidas pertinentes para combatir el fenómeno, de conformidad con sus obligaciones en virtud del derecho internacional, incluidos el derecho internacional de los derechos humanos, el derecho internacional de los refugiados y el derecho internacional humanitario,</p>
      </container>
      <container name="Deplorando " eId="container_15">
        <p xml:space="preserve">
          <span class="italic">Deplorando </span>los ataques contra lugares de culto religioso y santuarios y contra lugares de interés cultural en contravención del derecho internacional, en particular el derecho internacional de los derechos humanos y el derecho internacional humanitario, según proceda, incluida toda destrucción deliberada de reliquias, monumentos o lugares de culto religioso,</p>
      </container>
      <container name="Condenando enérgicamente " eId="container_16">
        <p xml:space="preserve">
          <span class="italic">Condenando enérgicamente </span>el reclutamiento y la utilización de niños para perpetrar atentados terroristas y todas las violaciones y abusos cometidos por grupos terroristas contra niños y mujeres, como asesinatos y mutilaciones, secuestros y actos de violación y otras formas de violencia sexual, y observando que esas violaciones y abusos pueden constituir crímenes de guerra o crímenes de lesa humanidad,</p>
      </container>
      <container name="Deplorando profundamente" eId="container_17">
        <p xml:space="preserve">
          <span class="italic">Deplorando profundamente</span> el sufrimiento causado por el terrorismo a las víctimas y sus familias y, al tiempo que destaca la necesidad de promover y proteger los derechos de las víctimas del terrorismo, en particular las mujeres y los niños, reafirmando su profunda solidaridad con ellas y destacando la importancia de que se les proporcionen apoyo y asistencia adecuados, teniendo presentes, entre otras cosas, las consideraciones relativas a la memoria, la dignidad, el respeto, la rendición de cuentas, la verdad y la justicia, de conformidad con el derecho internacional,</p>
      </container>
      <container name="Expresando profunda preocupación" eId="container_18">
        <p xml:space="preserve">
          <span class="italic">Expresando profunda preocupación</span> por el hecho conocido de que los actos de violencia sexual y de género son parte de los objetivos estratégicos y la ideología de ciertos grupos terroristas, que los utilizan como instrumento para aumentar su poder apoyando su financiación y el reclutamiento y destruyendo las comunidades,</p>
      </container>
      <container name="Reconociendo " eId="container_19">
        <p xml:space="preserve">
          <span class="italic">Reconociendo </span>que para contrarrestar el terrorismo son necesarios un enfoque integral y una estrategia multidimensional que permitan abordar los factores subyacentes,</p>
      </container>
      <container name="Reconociendo también" eId="container_20">
        <p xml:space="preserve">
          <span class="italic">Reconociendo también</span> las dificultades que enfrenta la comunidad internacional para abordar las condiciones que favorecen la propagación del terrorismo y el extremismo violento, que puede conducir al terrorismo, e instando a los Estados Miembros y al sistema de las Naciones Unidas a que adopten medidas, de conformidad con el derecho internacional y garantizando la titularidad nacional, para hacer frente a todos los factores que impulsan el extremismo violento que conduce al terrorismo, tanto internos como externos, de manera equilibrada,</p>
      </container>
      <container name="Consciente " eId="container_21">
        <p xml:space="preserve">
          <span class="italic">Consciente </span>de que hay una serie de factores que impulsan la radicalización terrorista, y de que el desarrollo basado en los principios de justicia social, inclusión e igualdad de oportunidades puede contribuir a la prevención del terrorismo y el extremismo violento que conduce al terrorismo, así como a la promoción de sociedades inclusivas, abiertas y resilientes, en particular a través de la educación, y afirmando la determinación de los Estados de procurar encontrar una solución a los conflictos, hacer frente a la opresión, erradicar la pobreza, promover el crecimiento económico sostenido, el desarrollo sostenible, la prosperidad mundial, la buena gobernanza, los derechos humanos y las libertades fundamentales para todas las personas y el estado de derecho, mejorar la comprensión entre las culturas y promover el respeto de todas las personas,</p>
      </container>
    </preamble>
    <mainBody>
      <paragraph eId="para_22" class="SingleTxt">
        <num>	1.</num>
        <content eId="para_22__content">
          <p xml:space="preserve">
            <span class="italic">Condena enérgicamente</span> todos los actos terroristas por ser criminales e injustificables, y expresa suma preocupación por sus efectos perjudiciales para el disfrute de todos los derechos humanos;</p>
        </content>
      </paragraph>
      <paragraph eId="para_23" class="SingleTxt">
        <num>	2.</num>
        <content eId="para_23__content">
          <p xml:space="preserve">
            <span class="italic">Reafirma </span>que los Estados deben cerciorarse de que las medidas que adopten para combatir el terrorismo se ajusten a sus obligaciones en virtud del derecho internacional, en particular el derecho internacional de los derechos humanos, el derecho internacional de los refugiados y el derecho internacional humanitario;</p>
        </content>
      </paragraph>
      <paragraph eId="para_24" class="SingleTxt">
        <num>	3.</num>
        <content eId="para_24__content">
          <p xml:space="preserve">
            <span class="italic">Expresa preocupación</span> porque los terroristas y los grupos terroristas dirigen sus ataques contra comunidades e individuos, así como contra Gobiernos, incluso debido a su religión, creencias u origen étnico;</p>
        </content>
      </paragraph>
      <paragraph eId="para_25" class="SingleTxt">
        <num>	4.</num>
        <content eId="para_25__content">
          <p xml:space="preserve">
            <span class="italic">Destaca </span>la responsabilidad de los Estados de proteger de tales actos a las personas que se encuentren dentro de su territorio, cumpliendo plenamente sus obligaciones en virtud del derecho internacional, y en particular el derecho internacional de los derechos humanos, el derecho internacional de los refugiados y el derecho internacional humanitario;</p>
        </content>
      </paragraph>
      <paragraph eId="para_26" class="SingleTxt">
        <num>	5.</num>
        <content eId="para_26__content">
          <p xml:space="preserve">
            <span class="italic">Expresa seria preocupación</span> por las violaciones de los derechos humanos y las libertades fundamentales y del derecho internacional de los refugiados y el derecho internacional humanitario cometidas en el contexto de la lucha contra el terrorismo y el extremismo violento que conduce al terrorismo;</p>
        </content>
      </paragraph>
      <paragraph eId="para_27" class="SingleTxt">
        <num>	6.</num>
        <content eId="para_27__content">
          <p xml:space="preserve">
            <span class="italic">Reafirma su compromiso</span> con la Estrategia Global de las Naciones Unidas contra el Terrorismo y con una aplicación equilibrada e integrada de sus cuatro pilares, aprobados en su resolución <a href="https://undocs.org/es/A/RES/60/288">60/288</a>, y con su sexto examen, y reconoce la necesidad de redoblar los esfuerzos para que todos los pilares de la Estrategia reciban igual atención y se apliquen de manera uniforme;</p>
        </content>
      </paragraph>
      <paragraph eId="para_28" class="SingleTxt">
        <num>	7.</num>
        <content eId="para_28__content">
          <p xml:space="preserve">
            <span class="italic">Reafirma también su profunda solidaridad</span> con las víctimas del terrorismo y sus familias, reconoce la importancia de proteger sus derechos y ofrecerles apoyo, asistencia y medios de rehabilitación adecuados, teniendo en cuenta, cuando proceda, los aspectos relativos a la memoria, la dignidad, el respeto, la justicia y la verdad de una manera que promueva la rendición de cuentas y ponga fin a la impunidad, y alienta el fortalecimiento de la cooperación internacional y el intercambio de conocimientos especializados a ese respecto, de conformidad con el derecho internacional y la Carta de las Naciones Unidas;</p>
        </content>
      </paragraph>
      <paragraph eId="para_29" class="SingleTxt">
        <num>	8.</num>
        <content eId="para_29__content">
          <p xml:space="preserve">
            <span class="italic">Destaca </span>la importancia de asegurar el acceso a la justicia y la rendición de cuentas, y exhorta a los Estados a que velen por que toda persona que afirme que sus derechos humanos o libertades fundamentales han sido vulnerados por las medidas adoptadas o los medios empleados para contrarrestar el terrorismo o el extremismo violento que conduce al terrorismo tenga acceso a la justicia, a las debidas garantías procesales y a un recurso legal efectivo, y por que las víctimas de violaciones y abusos contra los derechos humanos obtengan compensaciones y reparaciones adecuadas, efectivas y prontas que incluyan, según proceda, la restitución, la indemnización, la rehabilitación y las garantías de no repetición, como base fundamental de cualquier estrategia para contrarrestar el terrorismo y el extremismo violento que conduce al terrorismo;</p>
        </content>
      </paragraph>
      <paragraph eId="para_30" class="SingleTxt">
        <num>	9.</num>
        <content eId="para_30__content">
          <p xml:space="preserve">
            <span class="italic">Destaca también</span> la importancia de establecer y mantener sistemas de justicia penal eficaces, imparciales, humanos, transparentes y que rindan cuentas, respetando plenamente los derechos a la igualdad y la no discriminación en la administración de justicia, a ser oído públicamente y con las debidas garantías por un tribunal competente, independiente e imparcial, a la revisión de la privación de la libertad y a la presunción de inocencia y otras garantías judiciales fundamentales, como las debidas garantías procesales, de conformidad con sus obligaciones en virtud del derecho internacional, incluidos el derecho internacional de los derechos humanos, el derecho internacional humanitario y el derecho internacional de los refugiados;</p>
        </content>
      </paragraph>
      <paragraph eId="para_31" class="SingleTxt">
        <num>	10.</num>
        <content eId="para_31__content">
          <p xml:space="preserve">
            <span class="italic">Insta </span>a los Estados a que en la lucha contra el terrorismo cumplan plenamente sus obligaciones en virtud del derecho internacional, en particular el derecho internacional de los derechos humanos, el derecho internacional de los refugiados y el derecho internacional humanitario, con respecto a la prohibición absoluta de la tortura y otros tratos o penas crueles, inhumanos o degradantes;</p>
        </content>
      </paragraph>
      <paragraph eId="para_32" class="SingleTxt">
        <num>	11.</num>
        <content eId="para_32__content">
          <p xml:space="preserve">
            <span class="italic">Insta también</span> a los Estados a que adopten todas las medidas necesarias para asegurar el derecho de toda persona arrestada o detenida a causa de una infracción penal a comparecer sin demora ante un juez u otro funcionario autorizado por la ley para ejercer funciones judiciales y a ser juzgada dentro de un plazo razonable o ser puesta en libertad;</p>
        </content>
      </paragraph>
      <paragraph eId="para_33" class="SingleTxt">
        <num>	12.</num>
        <content eId="para_33__content">
          <p xml:space="preserve">
            <span class="italic">Insta además</span> a los Estados a que salvaguarden la labor de la sociedad civil asegurando que las leyes y medidas antiterroristas sean compatibles con los derechos humanos y se apliquen de manera que los respeten plenamente, en particular los derechos a la libertad de expresión y de reunión y asociación pacíficas;</p>
        </content>
      </paragraph>
      <paragraph eId="para_34" class="SingleTxt">
        <num>	13.</num>
        <content eId="para_34__content">
          <p xml:space="preserve">
            <span class="italic">Insta </span>a los Estados a que velen por que las medidas adoptadas para contrarrestar el terrorismo y el extremismo violento que conduce al terrorismo no sean discriminatorias, y a que no recurran a la elaboración de perfiles basados en estereotipos por motivos étnicos, raciales o religiosos, o cualquier otro motivo de discriminación prohibido por el derecho internacional;</p>
        </content>
      </paragraph>
      <paragraph eId="para_35" class="SingleTxt">
        <num>	14.</num>
        <content eId="para_35__content">
          <p xml:space="preserve">
            <span class="italic">Insta también </span>a los Estados a que aseguren, de conformidad con sus obligaciones en virtud del derecho internacional y los reglamentos nacionales, y siempre que el derecho internacional humanitario sea aplicable, que la legislación y las medidas antiterroristas no impidan las actividades humanitarias y médicas ni la colaboración con todos los agentes pertinentes, como se prevé en el derecho internacional humanitario;</p>
        </content>
      </paragraph>
      <paragraph eId="para_36" class="SingleTxt">
        <num>	15.</num>
        <content eId="para_36__content">
          <p xml:space="preserve">
            <span class="italic">Reconoce </span>el importante papel que desempeñan las instituciones y los líderes religiosos, las comunidades locales y los dirigentes comunitarios para promover la tolerancia y prevenir y contrarrestar el terrorismo y el extremismo violento que conduce al terrorismo;</p>
        </content>
      </paragraph>
      <paragraph eId="para_37" class="SingleTxt">
        <num>	16.</num>
        <content eId="para_37__content">
          <p xml:space="preserve">
            <span class="italic">Reconoce también</span> el importante papel que desempeñan las mujeres para prevenir y contrarrestar el terrorismo y el extremismo violento que conduce al terrorismo, y solicita a los Estados que consideren, cuando proceda, la repercusión de las estrategias antiterroristas en los derechos humanos de las mujeres y la infancia, y que procuren consultar con sus respectivas organizaciones cuando elaboren estrategias para contrarrestar el terrorismo y el extremismo violento que conduce al terrorismo;</p>
        </content>
      </paragraph>
      <paragraph eId="para_38" class="SingleTxt">
        <num>	17.</num>
        <content eId="para_38__content">
          <p xml:space="preserve">
            <span class="italic">Insta </span>a los Estados a que velen por que, en la formulación, el examen y la aplicación de todas las medidas antiterroristas, se tengan en cuenta la igualdad de género y la no discriminación y a que promuevan la participación plena y efectiva de las mujeres en esos procesos;</p>
        </content>
      </paragraph>
      <paragraph eId="para_39" class="SingleTxt">
        <num>	18.</num>
        <content eId="para_39__content">
          <p xml:space="preserve">
            <span class="italic">Insta también</span> a los Estados a que adopten medidas para que las leyes antiterroristas y sus medidas de aplicación sean conformes con los derechos consagrados en la Declaración Universal de Derechos Humanos<sup>1</sup> y las obligaciones de los Estados en virtud del derecho internacional de los derechos humanos, en particular el Pacto Internacional de Derechos Civiles y Políticos<sup>2</sup>, y se apliquen de una manera que los respete plenamente, con miras a asegurar la observancia de los principios de seguridad jurídica y legalidad;</p>
        </content>
      </paragraph>
      <paragraph eId="para_40" class="SingleTxt">
        <num>	19.</num>
        <content eId="para_40__content">
          <p xml:space="preserve">
            <span class="italic">Condena enérgicamente</span> los actos terroristas y todos los actos de violencia cometidos por grupos terroristas, como la trata de personas, los secuestros y la toma de rehenes para obtener rescates o concesiones políticas, y los abusos continuos, sistemáticos y generalizados contra los derechos humanos perpetrados por esos grupos, y exhorta a todos los Estados Miembros a que impidan que los terroristas se beneficien del pago de rescates y de concesiones políticas y a que aseguren la liberación de los rehenes en condiciones de seguridad, conforme a las obligaciones jurídicas aplicables, y observa las iniciativas en este ámbito, como el Memorando de Argel sobre las Buenas Prácticas en la Prevención de los Secuestros Perpetrados por Terroristas a cambio de Rescates y la Denegación de sus Beneficios;</p>
        </content>
      </paragraph>
      <paragraph eId="para_41" class="SingleTxt">
        <num>	20.</num>
        <content eId="para_41__content">
          <p xml:space="preserve">
            <span class="italic">Insta </span>a los Estados a que hagan todo lo posible, de conformidad con sus obligaciones en virtud del derecho internacional, para impedir que llegue a los grupos terroristas cualquier apoyo político, material o financiero, para denegar a los terroristas cobijo y libertad de operación, circulación y reclutamiento, y para tipificar como delito la provisión o recaudación intencionales de fondos, por cualquier medio, directa o indirectamente, por sus nacionales o en su territorio con la intención de que dichos fondos sean utilizados, o con conocimiento de que serán utilizados, por grupos terroristas para cualquier finalidad, así como para someter a la acción de la justicia o, cuando proceda, extraditar a los autores de actos terroristas o a cualquier persona que apoye o facilite la financiación, planificación o preparación de actos terroristas o que participe o trate de participar en ellas;</p>
        </content>
      </paragraph>
      <paragraph eId="para_42" class="SingleTxt">
        <num>	21.</num>
        <content eId="para_42__content">
          <p xml:space="preserve">
            <span class="italic">Exhorta </span>a los Estados a que se abstengan de prestar apoyo a entidades o personas involucradas en actos terroristas, incluido el apoyo para establecer plataformas de propaganda que hagan apología del odio que constituya incitación a la discriminación, la hostilidad o la violencia, a través de Internet o por cualquier otro medio, y pone de relieve en este sentido la importancia fundamental de que se respete plenamente el derecho a la libertad de opinión y de expresión enunciado en el Pacto Internacional de Derechos Civiles y Políticos;</p>
        </content>
      </paragraph>
      <paragraph eId="para_43" class="SingleTxt">
        <num>	22.</num>
        <content eId="para_43__content">
          <p xml:space="preserve">
            <span class="italic">Insta </span>a los Estados a que pongan en marcha estrategias para la rehabilitación y reintegración de los combatientes terroristas extranjeros que regresan, en consonancia con las buenas prácticas, como las establecidas en el Memorando de La Haya-Marrakech sobre Buenas Prácticas para dar una Respuesta Más Eficaz al Fenómeno de los Combatientes Terroristas Extranjeros del Foro Mundial contra el Terrorismo, y a que adopten un enfoque integral que incluya, entre otras cosas, el establecimiento de centros nacionales de orientación y prevención de la radicalización violenta, que pueden desempeñar un papel importante junto con las respuestas de la justicia penal;</p>
        </content>
      </paragraph>
      <paragraph eId="para_44" class="SingleTxt">
        <num>	23.</num>
        <content eId="para_44__content">
          <p xml:space="preserve">
            <span class="italic">Renueva su compromiso </span>de reforzar la cooperación internacional para prevenir y contrarrestar el terrorismo de conformidad con el derecho internacional, incluidos la Carta, el derecho internacional de los derechos humanos y el derecho internacional humanitario, entre otras cosas mediante la cooperación técnica, el desarrollo de la capacidad y el intercambio de información y datos de inteligencia sobre la lucha contra el terrorismo y, a ese respecto, exhorta a los Estados y a las organizaciones regionales y subregionales competentes, según proceda, a que sigan aplicando la Estrategia Global de las Naciones Unidas contra el Terrorismo y sus cuatro pilares;</p>
        </content>
      </paragraph>
      <paragraph eId="para_45" class="SingleTxt">
        <num>	24.</num>
        <content eId="para_45__content">
          <p xml:space="preserve">
            <span class="italic">Alienta encarecidamente</span> a los organismos competentes de las Naciones Unidas, incluidos los que prestan apoyo a las actividades antiterroristas, a que, en la asistencia técnica que brindan a esas actividades, tengan en cuenta, cuando proceda, los elementos necesarios para desarrollar la capacidad nacional a fin de reforzar los sistemas de justicia penal y el estado de derecho, y a que sigan facilitando la promoción y la protección de los derechos humanos y las libertades fundamentales, así como las debidas garantías procesales y el estado de derecho, en la lucha contra el terrorismo;</p>
        </content>
      </paragraph>
      <paragraph eId="para_46" class="SingleTxt">
        <num>	25.</num>
        <content eId="para_46__content">
          <p xml:space="preserve">
            <span class="italic">Solicita </span>a todos los Gobiernos que cooperen plenamente con la Relatora Especial del Consejo de Derechos Humanos sobre la promoción y la protección de los derechos humanos y las libertades fundamentales en la lucha contra el terrorismo en el desempeño de las tareas y funciones previstas en su mandato;</p>
        </content>
      </paragraph>
      <paragraph eId="para_47" class="SingleTxt">
        <num>	26.</num>
        <content eId="para_47__content">
          <p xml:space="preserve">
            <span class="italic">Insta </span>a los Estados y a la comunidad internacional y alienta a la sociedad civil a que adopten las medidas apropiadas, incluso mediante actividades educativas y de sensibilización, los medios de comunicación y la educación y formación en derechos humanos, para promover una cultura de paz, justicia y desarrollo humano, tolerancia étnica, nacional y religiosa y respeto de todas las religiones, los valores religiosos, las creencias y las culturas, y para hacer frente de manera efectiva a las condiciones que favorecen la propagación del terrorismo y que incrementan la vulnerabilidad de las personas y los grupos a las consecuencias del terrorismo y al reclutamiento por terroristas;</p>
        </content>
      </paragraph>
      <paragraph eId="para_48" class="SingleTxt">
        <num>	27.</num>
        <content eId="para_48__content">
          <p xml:space="preserve">
            <span class="italic">Pone de relieve</span> que el respeto mutuo, la tolerancia, el pluralismo, la inclusión y el respeto de la diversidad, el diálogo entre las civilizaciones y una mayor comprensión entre las religiones y las culturas, y la lucha contra la intolerancia, la discriminación y el odio que constituya incitación a la discriminación, la hostilidad o la violencia por motivos de religión o creencias o por cualquier otro motivo, incluso a nivel nacional, regional y mundial, figuran entre los elementos más importantes para promover la cooperación y el éxito en la prevención y lucha contra el terrorismo y el extremismo violento que conduce al terrorismo, y acoge con beneplácito las diversas iniciativas en ese sentido;</p>
        </content>
      </paragraph>
      <paragraph eId="para_49" class="SingleTxt">
        <num>	28.</num>
        <content eId="para_49__content">
          <p xml:space="preserve">
            <span class="italic">Reconoce </span>que la participación activa de las organizaciones de la sociedad civil puede reforzar la labor que están llevando a cabo los Gobiernos para proteger los derechos humanos y las libertades fundamentales en la lucha contra el terrorismo y para evaluar los efectos del terrorismo en el disfrute de todos los derechos humanos, y exhorta a los Estados a que velen por que las medidas destinadas a contrarrestar el terrorismo y el extremismo violento que conduce al terrorismo y preservar la seguridad nacional no obstaculicen la labor y la seguridad de esas organizaciones y se ajusten a las obligaciones de los Estados en virtud del derecho internacional, en particular el derecho internacional de los derechos humanos, el derecho internacional de los refugiados y el derecho internacional humanitario;</p>
        </content>
      </paragraph>
      <paragraph eId="para_50" class="SingleTxt">
        <num>	29.</num>
        <content eId="para_50__content">
          <p xml:space="preserve">
            <span class="italic">Insta </span>a los Estados a que salvaguarden el derecho a la privacidad con arreglo al derecho internacional, en particular el derecho internacional de los derechos humanos, y adopten medidas para que las injerencias o restricciones respecto de ese derecho no sean arbitrarias y estén debidamente reguladas por ley y sujetas a una supervisión eficaz y a vías de recurso apropiadas, incluso mediante la revisión judicial o por otros medios;</p>
        </content>
      </paragraph>
      <paragraph eId="para_51" class="SingleTxt">
        <num>	30.</num>
        <content eId="para_51__content">
          <p xml:space="preserve">
            <span class="italic">Exhorta </span>a los Estados Miembros a que se mantengan alerta para detectar el uso de las tecnologías de la información y las comunicaciones con fines terroristas y a que cooperen para prevenir y contrarrestar la propaganda extremista violenta y la incitación a la violencia en Internet y los medios sociales, incluso elaborando contraargumentos eficaces, y a que impidan que los terroristas lleven a cabo actividades de reclutamiento y recaudación de fondos en línea con fines terroristas, respetando al mismo tiempo los derechos humanos y las libertades fundamentales, en cumplimiento de sus obligaciones en virtud del derecho internacional, y destaca la importancia de la cooperación con la sociedad civil y el sector privado en ese esfuerzo;</p>
        </content>
      </paragraph>
      <paragraph eId="para_52" class="SingleTxt">
        <num>	31.</num>
        <content eId="para_52__content">
          <p xml:space="preserve">
            <span class="italic">Expresa su preocupación</span> ante el creciente uso, en una sociedad globalizada, por los terroristas y quienes los apoyan de las tecnologías de la información y las comunicaciones, en particular Internet y otros medios de difusión, para promover, cometer, financiar o planificar actos terroristas, incitar a cometerlos o reclutar individuos para tal fin, insta a los Estados a que adopten medidas preventivas adecuadas a este respecto, pero cumpliendo plenamente sus obligaciones en virtud del derecho internacional, y reitera que estas tecnologías pueden ser sumamente útiles para contrarrestar la propagación del terrorismo si se utilizan, entre otras cosas, para promover la tolerancia, el diálogo entre los pueblos y la paz;</p>
        </content>
      </paragraph>
      <paragraph eId="para_53" class="SingleTxt">
        <num>	32.</num>
        <content eId="para_53__content">
          <p xml:space="preserve">
            <span class="italic">Invita </span>a todos los órganos creados en virtud de tratados, los titulares de mandatos de los procedimientos especiales, los mecanismos internacionales y regionales de derechos humanos y la Alta Comisionada de las Naciones Unidas para los Derechos Humanos a que, en el marco de sus respectivos mandatos, presten la debida atención a los efectos negativos que tiene el terrorismo en el disfrute de todos los derechos humanos y libertades fundamentales y en las presuntas violaciones de los derechos humanos y las libertades fundamentales cometidas en la lucha contra el terrorismo y el extremismo violento que conduce al terrorismo, y a que informen periódicamente al Consejo de Derechos Humanos;</p>
        </content>
      </paragraph>
      <paragraph eId="para_54" class="SingleTxt">
        <num>	33.</num>
        <content eId="para_54__content">
          <p xml:space="preserve">
            <span class="italic">Solicita </span>a la Oficina del Alto Comisionado de las Naciones Unidas para los Derechos Humanos y a la Relatora Especial sobre la promoción y la protección de los derechos humanos y las libertades fundamentales en la lucha contra el terrorismo que sigan contribuyendo a la labor de la Oficina de Lucha contra el Terrorismo, entre otras cosas, mediante su participación en el Pacto Mundial de Coordinación de la Lucha Antiterrorista de las Naciones Unidas;</p>
        </content>
      </paragraph>
      <paragraph eId="para_55" class="SingleTxt">
        <num>	34.</num>
        <content eId="para_55__content">
          <p xml:space="preserve">
            <span class="italic">Alienta </span>al Consejo de Seguridad, al Comité contra el Terrorismo y a la Dirección Ejecutiva del Comité contra el Terrorismo a que, en el marco de sus mandatos, refuercen los vínculos, la cooperación y el diálogo con los órganos de derechos humanos competentes, prestando la debida consideración a la promoción y la protección de los derechos humanos y el estado de derecho en la labor que realizan en relación con la lucha contra el terrorismo;</p>
        </content>
      </paragraph>
      <paragraph eId="para_56" class="SingleTxt">
        <num>	35.</num>
        <content eId="para_56__content">
          <p xml:space="preserve">
            <span class="italic">Alienta </span>a los órganos y entidades competentes de las Naciones Unidas, en particular a los que participan en el Pacto Mundial de Coordinación de la Lucha Antiterrorista de las Naciones Unidas y a las organizaciones internacionales, regionales y subregionales, que prestan asistencia técnica previa solicitud, a que intensifiquen sus esfuerzos para asegurar el respeto del derecho internacional de los derechos humanos, el derecho internacional de los refugiados y el derecho internacional humanitario, así como del estado de derecho, como elemento de la asistencia técnica, incluso en la adopción y aplicación por parte de los Estados de medidas legislativas y de otra índole;</p>
        </content>
      </paragraph>
      <paragraph eId="para_57" class="SingleTxt">
        <num>	36.</num>
        <content eId="para_57__content">
          <p xml:space="preserve">
            <span class="italic">Exhorta </span>a las organizaciones internacionales, regionales y subregionales a que intensifiquen el intercambio de información, la coordinación y la cooperación al promover la protección de los derechos humanos, las libertades fundamentales y el estado de derecho en la lucha contra el terrorismo;</p>
        </content>
      </paragraph>
      <paragraph eId="para_58" class="SingleTxt">
        <num>	37.</num>
        <content eId="para_58__content">
          <p xml:space="preserve">
            <span class="italic">Solicita </span>al Secretario General que le presente en su septuagésimo sexto período de sesiones, así como al Consejo de Derechos Humanos, un informe sobre la aplicación de la presente resolución.</p>
        </content>
      </paragraph>
    </mainBody>
    <conclusions eId="conclusions">
      <p>
        <inline name="adoptionMeeting" title="50a">50a sesión plenaria</inline>
        <eol />
        <docDate date="2019-12-18" refersTo="#adoptionDate">18 de diciembre de 2019</docDate>
      </p>
    </conclusions>
  </statement>
</akomaNtoso>