<akomaNtoso xmlns:xsi="http://www.w3.org/2001/XMLSchema-instance" xsi:schemaLocation="http://docs.oasis-open.org/legaldocml/ns/akn/3.0 http://docs.oasis-open.org/legaldocml/akn-core/v1.0/os/part2-specs/schemas/akomantoso30.xsd" xmlns="http://docs.oasis-open.org/legaldocml/ns/akn/3.0" xmlns:html="http://www.w3.org/1999/xhtml" xmlns:akn4un="http://un.org/akn4un">
  <statement name="resolution">
    <meta>
      <identification source="#DGACM">
        <FRBRWork>
          <FRBRthis value="/akn/un/statement/deliberation/unga/2019-12-13/74-112/!main/"></FRBRthis>
          <FRBRuri value="/akn/un/statement/deliberation/unga/2019-12-13/74-112/"></FRBRuri>
          <FRBRdate date="2019-12-13" name="adoption"></FRBRdate>
          <FRBRauthor href="ga" as="author"></FRBRauthor>
          <FRBRcountry value="un"></FRBRcountry>
        </FRBRWork>
        <FRBRExpression>
          <FRBRthis value="/akn/un/statement/deliberation/unga/2019-12-13/74-112/spa@!main/"></FRBRthis>
          <FRBRuri value="/akn/un/statement/deliberation/unga/2019-12-13/74-112/spa@/"></FRBRuri>
          <FRBRdate date="2019-12-27" name="publication"></FRBRdate>
          <FRBRauthor href="ga" as="issuer"></FRBRauthor>
          <FRBRlanguage language="spa"></FRBRlanguage>
        </FRBRExpression>
        <FRBRManifestation>
          <FRBRthis value="/akn/un/statement/deliberation/unga/2019-12-13/74-112/spa@/!main.xml"></FRBRthis>
          <FRBRuri value="/akn/un/statement/deliberation/unga/2019-12-13/74-112/spa@.xml"></FRBRuri>
          <FRBRdate date="2020-08-18" name="markup"></FRBRdate>
          <FRBRauthor href="DGACM" as="editor"></FRBRauthor>
        </FRBRManifestation>
      </identification>
      <classification source="http://metadata.un.org/sdg">
        <keyword value="17.8" href="http://metadata.un.org/sdg/17.8" showAs="sdg_17.8" dictionary="SDGO"></keyword>
        <keyword value="power_of_implementation" href="http://eurovoc.europa.eu/2577" showAs="power_of_implementation" dictionary="EuroVoc"></keyword>
        <keyword value="information_technology" href="http://eurovoc.europa.eu/5188" showAs="information_technology" dictionary="EuroVoc"></keyword>
        <keyword value="internet" href="http://eurovoc.europa.eu/6088" showAs="internet" dictionary="EuroVoc"></keyword>
        <keyword value="communication_technology" href="http://metadata.un.org/thesaurus/1001133" showAs="communication_technology" dictionary="UNBIS Thesaurus"></keyword>
        <keyword value="information_technology" href="http://metadata.un.org/thesaurus/1003205" showAs="information_technology" dictionary="UNBIS Thesaurus"></keyword>
        <keyword value="physical_infrastructure" href="http://metadata.un.org/thesaurus/1004898" showAs="physical_infrastructure" dictionary="UNBIS Thesaurus"></keyword>
        <keyword value="internet" href="http://metadata.un.org/thesaurus/1003348" showAs="internet" dictionary="UNBIS Thesaurus"></keyword>
      </classification>
      <classification source="http://metadata.un.org/sdg">
        <keyword value="14" href="http://metadata.un.org/sdg/14" showAs="sdg_14" dictionary="SDGO"></keyword>
        <keyword value="marine_life" href="http://eurovoc.europa.eu/3149" showAs="marine_life" dictionary="EuroVoc"></keyword>
        <keyword value="marine_environment" href="http://eurovoc.europa.eu/5742" showAs="marine_environment" dictionary="EuroVoc"></keyword>
        <keyword value="ocean" href="http://eurovoc.europa.eu/2107" showAs="ocean" dictionary="EuroVoc"></keyword>
        <keyword value="sea" href="http://eurovoc.europa.eu/1870" showAs="sea" dictionary="EuroVoc"></keyword>
        <keyword value="marine_resources" href="http://metadata.un.org/thesaurus/030800" showAs="marine_resources" dictionary="UNBIS Thesaurus"></keyword>
        <keyword value="marine_resources" href="http://metadata.un.org/thesaurus/1003922" showAs="marine_resources" dictionary="UNBIS Thesaurus"></keyword>
        <keyword value="oceans_and_seas" href="http://metadata.un.org/thesaurus/170600" showAs="oceans_and_seas" dictionary="UNBIS Thesaurus"></keyword>
      </classification>
      <classification source="http://metadata.un.org/sdg">
        <keyword value="4.a" href="http://metadata.un.org/sdg/4.a" showAs="sdg_4.a" dictionary="SDGO"></keyword>
        <keyword value="power_of_implementation" href="http://eurovoc.europa.eu/2577" showAs="power_of_implementation" dictionary="EuroVoc"></keyword>
        <keyword value="educational_facilities" href="http://metadata.un.org/thesaurus/1001902" showAs="educational_facilities" dictionary="UNBIS Thesaurus"></keyword>
      </classification>
      <classification source="http://metadata.un.org/sdg">
        <keyword value="15" href="http://metadata.un.org/sdg/15" showAs="sdg_15" dictionary="SDGO"></keyword>
        <keyword value="deforestation" href="http://eurovoc.europa.eu/339" showAs="deforestation" dictionary="EuroVoc"></keyword>
        <keyword value="desertification" href="http://eurovoc.europa.eu/416" showAs="desertification" dictionary="EuroVoc"></keyword>
        <keyword value="biodiversity" href="http://eurovoc.europa.eu/5463" showAs="biodiversity" dictionary="EuroVoc"></keyword>
        <keyword value="land,_plant_and_soil_resources" href="http://metadata.un.org/thesaurus/030600" showAs="land,_plant_and_soil_resources" dictionary="UNBIS Thesaurus"></keyword>
        <keyword value="deforestation" href="http://metadata.un.org/thesaurus/1001550" showAs="deforestation" dictionary="UNBIS Thesaurus"></keyword>
      </classification>
      <classification source="http://metadata.un.org/sdg">
        <keyword value="17.6" href="http://metadata.un.org/sdg/17.6" showAs="sdg_17.6" dictionary="SDGO"></keyword>
      </classification>
      <workflow source="#un">
        <step date="0001-01-01" outcome="draftResolution" by="submitted by the Special Committee on the Situation with regard to the Implementation of the Declaration on the Granting of Independence to Colonial Countries and Peoples" />
        <step date="0001-01-01" outcome="draftResolutionAdditionalSponsors" by="" />
        <step date="0001-01-01" outcome="recommendedForAdoption" as="A/74/418" by="" refersTo="39" />
        <step date="2019-12-13" outcome="adopted" as="A/74/PV.47" by="" />
      </workflow>
      <analysis source="#un">
        <parliamentary>
          <voting outcome="adoptedRecordedVote">
            <count value="178" refersTo="inFavour">
              <akn4un:voters>
                <organization refersTo="memberState">AFGHANISTAN</organization>
                <organization refersTo="memberState">ALBANIA</organization>
                <organization refersTo="memberState">ALGERIA</organization>
                <organization refersTo="memberState">ANDORRA</organization>
                <organization refersTo="memberState">ANGOLA</organization>
                <organization refersTo="memberState">ANTIGUA AND BARBUDA</organization>
                <organization refersTo="memberState">ARGENTINA</organization>
                <organization refersTo="memberState">ARMENIA</organization>
                <organization refersTo="memberState">AUSTRALIA</organization>
                <organization refersTo="memberState">AUSTRIA</organization>
                <organization refersTo="memberState">AZERBAIJAN</organization>
                <organization refersTo="memberState">BAHAMAS</organization>
                <organization refersTo="memberState">BAHRAIN</organization>
                <organization refersTo="memberState">BANGLADESH</organization>
                <organization refersTo="memberState">BARBADOS</organization>
                <organization refersTo="memberState">BELARUS</organization>
                <organization refersTo="memberState">BELGIUM</organization>
                <organization refersTo="memberState">BELIZE</organization>
                <organization refersTo="memberState">BENIN</organization>
                <organization refersTo="memberState">BHUTAN</organization>
                <organization refersTo="memberState">BOLIVIA (PLURINATIONAL STATE OF)</organization>
                <organization refersTo="memberState">BOSNIA AND HERZEGOVINA</organization>
                <organization refersTo="memberState">BOTSWANA</organization>
                <organization refersTo="memberState">BRAZIL</organization>
                <organization refersTo="memberState">BRUNEI DARUSSALAM</organization>
                <organization refersTo="memberState">BULGARIA</organization>
                <organization refersTo="memberState">BURKINA FASO</organization>
                <organization refersTo="memberState">BURUNDI</organization>
                <organization refersTo="memberState">CABO VERDE</organization>
                <organization refersTo="memberState">CAMBODIA</organization>
                <organization refersTo="memberState">CAMEROON</organization>
                <organization refersTo="memberState">CANADA</organization>
                <organization refersTo="memberState">CENTRAL AFRICAN REPUBLIC</organization>
                <organization refersTo="memberState">CHAD</organization>
                <organization refersTo="memberState">CHILE</organization>
                <organization refersTo="memberState">CHINA</organization>
                <organization refersTo="memberState">COLOMBIA</organization>
                <organization refersTo="memberState">COMOROS</organization>
                <organization refersTo="memberState">CONGO</organization>
                <organization refersTo="memberState">COSTA RICA</organization>
                <organization refersTo="memberState">COTE D'IVOIRE</organization>
                <organization refersTo="memberState">CROATIA</organization>
                <organization refersTo="memberState">CUBA</organization>
                <organization refersTo="memberState">CYPRUS</organization>
                <organization refersTo="memberState">CZECHIA</organization>
                <organization refersTo="memberState">DEMOCRATIC PEOPLE'S REPUBLIC OF KOREA</organization>
                <organization refersTo="memberState">DENMARK</organization>
                <organization refersTo="memberState">DJIBOUTI</organization>
                <organization refersTo="memberState">DOMINICAN REPUBLIC</organization>
                <organization refersTo="memberState">ECUADOR</organization>
                <organization refersTo="memberState">EGYPT</organization>
                <organization refersTo="memberState">EL SALVADOR</organization>
                <organization refersTo="memberState">ERITREA</organization>
                <organization refersTo="memberState">ESTONIA</organization>
                <organization refersTo="memberState">ESWATINI</organization>
                <organization refersTo="memberState">ETHIOPIA</organization>
                <organization refersTo="memberState">FIJI</organization>
                <organization refersTo="memberState">FINLAND</organization>
                <organization refersTo="memberState">GABON</organization>
                <organization refersTo="memberState">GAMBIA</organization>
                <organization refersTo="memberState">GEORGIA</organization>
                <organization refersTo="memberState">GERMANY</organization>
                <organization refersTo="memberState">GHANA</organization>
                <organization refersTo="memberState">GREECE</organization>
                <organization refersTo="memberState">GRENADA</organization>
                <organization refersTo="memberState">GUATEMALA</organization>
                <organization refersTo="memberState">GUINEA</organization>
                <organization refersTo="memberState">GUYANA</organization>
                <organization refersTo="memberState">HAITI</organization>
                <organization refersTo="memberState">HONDURAS</organization>
                <organization refersTo="memberState">HUNGARY</organization>
                <organization refersTo="memberState">ICELAND</organization>
                <organization refersTo="memberState">INDIA</organization>
                <organization refersTo="memberState">INDONESIA</organization>
                <organization refersTo="memberState">IRAN (ISLAMIC REPUBLIC OF)</organization>
                <organization refersTo="memberState">IRAQ</organization>
                <organization refersTo="memberState">IRELAND</organization>
                <organization refersTo="memberState">ITALY</organization>
                <organization refersTo="memberState">JAMAICA</organization>
                <organization refersTo="memberState">JAPAN</organization>
                <organization refersTo="memberState">JORDAN</organization>
                <organization refersTo="memberState">KAZAKHSTAN</organization>
                <organization refersTo="memberState">KENYA</organization>
                <organization refersTo="memberState">KIRIBATI</organization>
                <organization refersTo="memberState">KUWAIT</organization>
                <organization refersTo="memberState">KYRGYZSTAN</organization>
                <organization refersTo="memberState">LAO PEOPLE'S DEMOCRATIC REPUBLIC</organization>
                <organization refersTo="memberState">LATVIA</organization>
                <organization refersTo="memberState">LEBANON</organization>
                <organization refersTo="memberState">LESOTHO</organization>
                <organization refersTo="memberState">LIBYA</organization>
                <organization refersTo="memberState">LIECHTENSTEIN</organization>
                <organization refersTo="memberState">LITHUANIA</organization>
                <organization refersTo="memberState">LUXEMBOURG</organization>
                <organization refersTo="memberState">MADAGASCAR</organization>
                <organization refersTo="memberState">MALAYSIA</organization>
                <organization refersTo="memberState">MALDIVES</organization>
                <organization refersTo="memberState">MALI</organization>
                <organization refersTo="memberState">MALTA</organization>
                <organization refersTo="memberState">MARSHALL ISLANDS</organization>
                <organization refersTo="memberState">MAURITANIA</organization>
                <organization refersTo="memberState">MAURITIUS</organization>
                <organization refersTo="memberState">MEXICO</organization>
                <organization refersTo="memberState">MONACO</organization>
                <organization refersTo="memberState">MONGOLIA</organization>
                <organization refersTo="memberState">MONTENEGRO</organization>
                <organization refersTo="memberState">MOROCCO</organization>
                <organization refersTo="memberState">MOZAMBIQUE</organization>
                <organization refersTo="memberState">MYANMAR</organization>
                <organization refersTo="memberState">NAMIBIA</organization>
                <organization refersTo="memberState">NAURU</organization>
                <organization refersTo="memberState">NEPAL</organization>
                <organization refersTo="memberState">NETHERLANDS</organization>
                <organization refersTo="memberState">NEW ZEALAND</organization>
                <organization refersTo="memberState">NICARAGUA</organization>
                <organization refersTo="memberState">NIGER</organization>
                <organization refersTo="memberState">NIGERIA</organization>
                <organization refersTo="memberState">NORTH MACEDONIA</organization>
                <organization refersTo="memberState">NORWAY</organization>
                <organization refersTo="memberState">OMAN</organization>
                <organization refersTo="memberState">PAKISTAN</organization>
                <organization refersTo="memberState">PALAU</organization>
                <organization refersTo="memberState">PANAMA</organization>
                <organization refersTo="memberState">PAPUA NEW GUINEA</organization>
                <organization refersTo="memberState">PARAGUAY</organization>
                <organization refersTo="memberState">PERU</organization>
                <organization refersTo="memberState">PHILIPPINES</organization>
                <organization refersTo="memberState">POLAND</organization>
                <organization refersTo="memberState">PORTUGAL</organization>
                <organization refersTo="memberState">QATAR</organization>
                <organization refersTo="memberState">REPUBLIC OF KOREA</organization>
                <organization refersTo="memberState">REPUBLIC OF MOLDOVA</organization>
                <organization refersTo="memberState">ROMANIA</organization>
                <organization refersTo="memberState">RUSSIAN FEDERATION</organization>
                <organization refersTo="memberState">RWANDA</organization>
                <organization refersTo="memberState">SAINT KITTS AND NEVIS</organization>
                <organization refersTo="memberState">SAINT LUCIA</organization>
                <organization refersTo="memberState">SAINT VINCENT AND THE GRENADINES</organization>
                <organization refersTo="memberState">SAMOA</organization>
                <organization refersTo="memberState">SAN MARINO</organization>
                <organization refersTo="memberState">SAO TOME AND PRINCIPE</organization>
                <organization refersTo="memberState">SAUDI ARABIA</organization>
                <organization refersTo="memberState">SENEGAL</organization>
                <organization refersTo="memberState">SERBIA</organization>
                <organization refersTo="memberState">SEYCHELLES</organization>
                <organization refersTo="memberState">SIERRA LEONE</organization>
                <organization refersTo="memberState">SINGAPORE</organization>
                <organization refersTo="memberState">SLOVAKIA</organization>
                <organization refersTo="memberState">SLOVENIA</organization>
                <organization refersTo="memberState">SOUTH AFRICA</organization>
                <organization refersTo="memberState">SOUTH SUDAN</organization>
                <organization refersTo="memberState">SPAIN</organization>
                <organization refersTo="memberState">SRI LANKA</organization>
                <organization refersTo="memberState">SUDAN</organization>
                <organization refersTo="memberState">SURINAME</organization>
                <organization refersTo="memberState">SWEDEN</organization>
                <organization refersTo="memberState">SWITZERLAND</organization>
                <organization refersTo="memberState">SYRIAN ARAB REPUBLIC</organization>
                <organization refersTo="memberState">TAJIKISTAN</organization>
                <organization refersTo="memberState">THAILAND</organization>
                <organization refersTo="memberState">TIMOR-LESTE</organization>
                <organization refersTo="memberState">TONGA</organization>
                <organization refersTo="memberState">TRINIDAD AND TOBAGO</organization>
                <organization refersTo="memberState">TUNISIA</organization>
                <organization refersTo="memberState">TURKEY</organization>
                <organization refersTo="memberState">TURKMENISTAN</organization>
                <organization refersTo="memberState">UGANDA</organization>
                <organization refersTo="memberState">UKRAINE</organization>
                <organization refersTo="memberState">UNITED ARAB EMIRATES</organization>
                <organization refersTo="memberState">UNITED REPUBLIC OF TANZANIA</organization>
                <organization refersTo="memberState">URUGUAY</organization>
                <organization refersTo="memberState">UZBEKISTAN</organization>
                <organization refersTo="memberState">VANUATU</organization>
                <organization refersTo="memberState">VENEZUELA (BOLIVARIAN REPUBLIC OF)</organization>
                <organization refersTo="memberState">VIET NAM</organization>
                <organization refersTo="memberState">YEMEN</organization>
                <organization refersTo="memberState">ZAMBIA</organization>
                <organization refersTo="memberState">ZIMBABWE</organization>
              </akn4un:voters>
            </count>
            <count value="3" refersTo="against">
              <akn4un:voters>
                <organization refersTo="memberState">ISRAEL</organization>
                <organization refersTo="memberState">UNITED KINGDOM</organization>
                <organization refersTo="memberState">UNITED STATES</organization>
              </akn4un:voters>
            </count>
            <count value="2" refersTo="abstaining">
              <akn4un:voters>
                <organization refersTo="memberState">FRANCE</organization>
                <organization refersTo="memberState">TOGO</organization>
              </akn4un:voters>
            </count>
          </voting>
        </parliamentary>
      </analysis>
      <references source="#DGACM">
        <TLCOrganization eId="source" href="/akn/ontology/organization/un/DGACM" showAs="DGACM"></TLCOrganization>
        <TLCConcept eId="dateOfIssuance" href="/akn/ontology/concept/un/dateOfIssuance" showAs="Date of issuance"></TLCConcept>
        <TLCConcept eId="dateOfAdoption" href="/akn/ontology/concept/un/dateOfAdoption" showAs="Date of adoption"></TLCConcept>
        <TLCConcept eId="symbol" href="/akn/ontology/reference/un/symbol" showAs="Symbol"></TLCConcept>
        <TLCRole eId="publisher" href="/akn/ontology/role/un/publisher" showAs="Publisher"></TLCRole>
        <TLCRole eId="issuingBody" href="/akn/role/concept/un/issuingBody" showAs="Issuing body"></TLCRole>
        <TLCRole eId="author" href="/akn/ontology/role/un/author" showAs="Author"></TLCRole>
        <TLCRole eId="editor" href="/akn/ontology/role/un/editor" showAs="Editor"></TLCRole>
        <TLCRole eId="distribution" href="/akn/ontology/concept/un/generalDistribution" showAs="General distribution"></TLCRole>
        <TLCOrganization eId="ga" href="/akn/ontology/organization/un/generalAssembly" showAs="General Assembly"></TLCOrganization>
        <TLCTerm eId="resolutionTitle" href="/akn/ontology/reference/un/resolutionTitle" showAs="Resolution title"></TLCTerm>
        <TLCTerm eId="fourthCommittee" href="#fourthCommittee" showAs="La Comisión Política Especial y de Descolonización"></TLCTerm>
        <TLCTerm eId="memberState" href="/akn/ontology/organization/un/memberState" showAs="Member State"></TLCTerm>
        <TLCTerm eId="inFavour" href="/akn/ontology/concept/un/voting/inFavour" showAs="In favour"></TLCTerm>
        <TLCTerm eId="against" href="/akn/ontology/concept/un/voting/against" showAs="Against"></TLCTerm>
        <TLCTerm eId="abstaining" href="/akn/ontology/concept/un/voting/abstaining" showAs="Abstaining"></TLCTerm>
      </references>
      <presentation source="#un">
        <akn4un:footerFirstPage>
          <akn4un:footerFirstPageLeft>
            <akn4un:internalCode>
              <docketNumber refersTo="#publicationJobNumber">19-22029 (S)</docketNumber>
              <img alt="bar code" class="barCode" src=""></img>
            </akn4un:internalCode>
          </akn4un:footerFirstPageLeft>
          <akn4un:footerFirstPageRight>
            <img alt="Please recycle" class="image" src="./recylcleLogo.jpg"></img>
            <img alt="embedded QR code" class="qrCode" src=""></img>
          </akn4un:footerFirstPageRight>
        </akn4un:footerFirstPage>
      </presentation>
    </meta>
    <coverPage eId="coverPage_1">
      <p>
        <span refersTo="#publisher" class="upperLeft">
          <docAuthority refersTo="#publisher">Naciones Unidas</docAuthority>
        </span>
      </p>
      <p class="upperRight">
        <docNumber refersTo="#symbol">A/RES/74/112</docNumber>
      </p>
      <p class="upperLeft">
        <img src="logo-un.jpg"></img>
        <docAuthority refersTo="#issuingBody" class="rightBig">Asamblea General</docAuthority>
      </p>
      <p>
        <docStatus refersTo="#generalDistribution" class="rightSmall">Distr. general</docStatus>
      </p>
      <p>
        <docDate date="2019-12-27" class="rightSmall" refersTo="#dateOfIssuance">27 de diciembre de 2019</docDate>
      </p>
      <p>
        <session refersTo="#generalAssembly" value="74" eId="coverPage_1__session_1">Septuagésimo cuarto período de sesiones</session>
      </p>
      <p>
        <inline name="agenda item">Tema 59 del programa</inline>
      </p>
      <p>
        <inline name="agenda item name">Aplicación de la Declaración sobre la Concesión de la Independencia a los Países y Pueblos Coloniales</inline>
      </p>
      <p>
        <docTitle>Resolución aprobada por la Asamblea General el 13 de diciembre de 2019</docTitle>
      </p>
      <p xml:space="preserve">
        <docProponent refersTo="#fourthCommittee">[sobre la base del informe de la Comisión Política Especial y de Descolonización (Cuarta Comisión) (<inline name="originating document">A/74/418</inline>)]</docProponent>
      </p>
    </coverPage>
    <preface>
      <p>
        <docNumber>74/112.</docNumber>
        <docTitle refersTo="#resolutionTitle">Difusión de información sobre la descolonización</docTitle>
      </p>
    </preface>
    <preamble>
      <formula name="enactingFormula" eId="formula_1">
        <p xml:space="preserve">
          <span class="italic">La Asamblea General</span>,</p>
      </formula>
      <container name="Habiendo examinado" eId="container_2">
        <p xml:space="preserve">
          <span class="italic">Habiendo examinado</span> el capítulo del informe del Comité Especial encargado de Examinar la Situación con respecto a la Aplicación de la Declaración sobre la Concesión de la Independencia a los Países y Pueblos Coloniales correspondiente a 2019 relativo a la difusión de información sobre la descolonización y la publicidad de la labor de las Naciones Unidas en el ámbito de la descolonización<authorialNote marker="1" placement="bottom" eId="authorialNote_1"><p xml:space="preserve"><span class="italic">Documentos Oficiales de la Asamblea General, septuagésimo cuarto período de sesiones, suplemento núm. 23</span> (<a href="https://undocs.org/sp/A/74/23">A/74/23</a>), cap. III.</p></authorialNote>,</p>
      </container>
      <container name="Recordando " eId="container_3">
        <p xml:space="preserve">
          <span class="italic">Recordando </span>su resolución <a href="https://undocs.org/sp/A/RES/1514 (XV)">1514 (XV)</a>, de 14 de diciembre de 1960, en que figura la Declaración sobre la Concesión de la Independencia a los Países y Pueblos Coloniales, y otras resoluciones y decisiones de las Naciones Unidas relativas a la difusión de información sobre la descolonización, en particular su resolución <a href="https://undocs.org/sp/A/RES/73/122">73/122</a>, de 7 de diciembre de 2018, </p>
      </container>
      <container name="Reconociendo" eId="container_4">
        <p xml:space="preserve">
          <span class="italic">Reconociendo</span> la necesidad de que se apliquen criterios flexibles, prácticos e innovadores en el examen de las opciones de libre determinación de los pueblos de los Territorios No Autónomos con miras a que se ponga en práctica el plan de acción del Tercer Decenio Internacional para la Eliminación del Colonialismo, </p>
      </container>
      <container name="Reiterando" eId="container_5">
        <p xml:space="preserve">
          <span class="italic">Reiterando</span> la importancia de la difusión de información como instrumento para promover los objetivos de la Declaración, y teniendo presente el papel de la opinión pública mundial en la prestación de una asistencia eficaz a los pueblos de los Territorios No Autónomos para que logren la libre determinación, </p>
      </container>
      <container name="Reconociendo" eId="container_6">
        <p xml:space="preserve">
          <span class="italic">Reconociendo</span> la función que desempeñan las Potencias administradoras de transmitir información al Secretario General en virtud del Artículo 73 <span class="italic">e</span> de la Carta de las Naciones Unidas, </p>
      </container>
      <container name="Destacando" eId="container_7">
        <p xml:space="preserve">
          <span class="italic">Destacando</span> la importancia de las misiones visitadoras del Comité Especial por contribuir de manera sustancial a la difusión de información sobre la descolonización,</p>
      </container>
      <container name="Reconociendo" eId="container_8">
        <p xml:space="preserve">
          <span class="italic">Reconociendo</span> que el Departamento de Comunicación Global de la Secretaría, a través de los centros de información de las Naciones Unidas y de conformidad con las resoluciones y decisiones de las Naciones Unidas, debe desempeñar un papel mayor en la difusión de información en el plano regional sobre la labor de las Naciones Unidas, </p>
      </container>
      <container name="Recordando" eId="container_9">
        <p xml:space="preserve">
          <span class="italic">Recordando</span> la publicación por el Departamento de Información Pública de la Secretaría, en consulta con el Programa de las Naciones Unidas para el Desarrollo, los organismos especializados y el Comité Especial, de un folleto informativo sobre los programas de asistencia que tienen a su disposición los Territorios No Autónomos, </p>
      </container>
      <container name="Consciente" eId="container_10">
        <p xml:space="preserve">
          <span class="italic">Consciente</span> del papel que cumplen las organizaciones no gubernamentales en la difusión de información sobre la descolonización, </p>
      </container>
    </preamble>
    <mainBody>
      <paragraph eId="para_11" class="MercuryDocument">
        <num>	1.</num>
        <content eId="para_11__content">
          <p xml:space="preserve">
            <span class="italic">Aprueba</span> las actividades de difusión de información sobre la descolonización que realizan el Departamento de Comunicación Global y el Departamento de Asuntos Políticos y de Consolidación de la Paz de la Secretaría, de conformidad con las resoluciones de las Naciones Unidas relativas a la descolonización, y alienta a que se siga actualizando y distribuyendo ampliamente el folleto informativo sobre lo que pueden hacer las Naciones Unidas para asistir a los Territorios No Autónomos, publicado de conformidad con su resolución <a href="https://undocs.org/sp/A/RES/61/129">61/129</a>, de 14 de diciembre de 2006, y actualizado para el sitio web de las Naciones Unidas sobre la descolonización; </p>
        </content>
      </paragraph>
      <paragraph eId="para_12" class="MercuryDocument">
        <num>	2.</num>
        <content eId="para_12__content">
          <p xml:space="preserve">
            <span class="italic">Considera importante</span> proseguir y ampliar sus actividades encaminadas a lograr la mayor difusión posible de información sobre la descolonización, con especial hincapié en las opciones de libre determinación de que disponen los pueblos de los Territorios No Autónomos, y a estos fines solicita al Departamento de Comunicación Global que, a través de los centros de información de las Naciones Unidas de las regiones pertinentes, difunda activamente y busque métodos nuevos e innovadores para difundir material en los Territorios No Autónomos; </p>
        </content>
      </paragraph>
      <paragraph eId="para_13" class="MercuryDocument">
        <num>	3.</num>
        <content eId="para_13__content">
          <p xml:space="preserve">
            <span class="italic">Solicita </span>al Secretario General que siga mejorando la información que se ofrece en el sitio web de las Naciones Unidas sobre la descolonización e incluyendo la serie completa de informes relativos a los seminarios regionales sobre descolonización, las declaraciones y trabajos académicos presentados en dichos seminarios y vínculos a la serie completa de informes del Comité Especial encargado de Examinar la Situación con respecto a la Aplicación de la Declaración sobre la Concesión de la Independencia a los Países y Pueblos Coloniales, y destaca que el Departamento de Comunicación Global y el Departamento de Asuntos Políticos y de Consolidación de la Paz siguen teniendo la responsabilidad conjunta de mantener y mejorar el sitio web de las Naciones Unidas sobre la descolonización; </p>
        </content>
      </paragraph>
      <paragraph eId="para_14" class="MercuryDocument">
        <num>	4.</num>
        <content eId="para_14__content">
          <p xml:space="preserve">
            <span class="italic">Solicita</span> al Departamento de Comunicación Global que prosiga sus esfuerzos por actualizar la información en la web sobre los programas de asistencia que tienen a su disposición los Territorios No Autónomos; </p>
        </content>
      </paragraph>
      <paragraph eId="para_15" class="MercuryDocument">
        <num>	5.</num>
        <content eId="para_15__content">
          <p xml:space="preserve">
            <span class="italic">Solicita</span> al Departamento de Comunicación Global y al Departamento de Asuntos Políticos y de Consolidación de la Paz que pongan en práctica las recomendaciones del Comité Especial y continúen tomando medidas, por conducto de todos los medios de difusión a su alcance, incluidas las publicaciones, la radio, la televisión, Internet y los medios sociales, para dar publicidad a la labor de las Naciones Unidas en materia de descolonización, y que, entre otras cosas: </p>
        </content>
      </paragraph>
      <paragraph eId="para_16" class="MercuryDocument">
        <content eId="para_16__content">
          <p xml:space="preserve">	a)	Elaboren procedimientos para reunir, preparar y difundir, especialmente en los Territorios No Autónomos, material básico sobre la cuestión de la libre determinación de los pueblos de los Territorios; </p>
        </content>
      </paragraph>
      <paragraph eId="para_17" class="MercuryDocument">
        <content eId="para_17__content">
          <p xml:space="preserve">	b)	Recaben la plena cooperación de las Potencias administradoras en el desempeño de las tareas antes mencionadas; </p>
        </content>
      </paragraph>
      <paragraph eId="para_18" class="MercuryDocument">
        <content eId="para_18__content">
          <p xml:space="preserve">	c)	Sigan examinando la posibilidad de establecer un programa de colaboración con los centros de coordinación en materia de descolonización de los Gobiernos de los Territorios, sobre todo en las regiones del Pacífico y el Caribe, para ayudar a mejorar el intercambio de información; </p>
        </content>
      </paragraph>
      <paragraph eId="para_19" class="MercuryDocument">
        <content eId="para_19__content">
          <p xml:space="preserve">	d)	Alienten a las organizaciones no gubernamentales a participar en la difusión de información sobre la descolonización; </p>
        </content>
      </paragraph>
      <paragraph eId="para_20" class="MercuryDocument">
        <content eId="para_20__content">
          <p xml:space="preserve">	e)	Alienten a los Territorios No Autónomos a participar en la difusión de información sobre la descolonización; </p>
        </content>
      </paragraph>
      <paragraph eId="para_21" class="MercuryDocument">
        <content eId="para_21__content">
          <p xml:space="preserve">	f)	Informen al Comité Especial de las medidas que adopten en cumplimiento de la presente resolución; </p>
        </content>
      </paragraph>
      <paragraph eId="para_22" class="MercuryDocument">
        <num>	6.</num>
        <content eId="para_22__content">
          <p xml:space="preserve">
            <span class="italic">Solicita</span> al Departamento de Comunicación Global que, con los recursos disponibles, transmita por la web de las sesiones del Comité Especial durante sus períodos de sesiones sustantivos;</p>
        </content>
      </paragraph>
      <paragraph eId="para_23" class="MercuryDocument">
        <num>	7.</num>
        <content eId="para_23__content">
          <p xml:space="preserve">
            <span class="italic">Solicita</span> a todos los Estados, incluidas las Potencias administradoras, que aceleren la difusión de la información mencionada en el párrafo 2; </p>
        </content>
      </paragraph>
      <paragraph eId="para_24" class="MercuryDocument">
        <num>	8.</num>
        <content eId="para_24__content">
          <p xml:space="preserve">
            <span class="italic">Solicita</span> al Comité Especial que siga examinando esta cuestión y en su septuagésimo quinto período de sesiones la informe sobre la aplicación de la presente resolución.</p>
        </content>
      </paragraph>
    </mainBody>
    <conclusions eId="conclusions">
      <p>
        <inline name="adoptionMeeting" title="47a">47a sesión plenaria</inline>
        <eol />
        <docDate date="2019-12-13" refersTo="#adoptionDate">13 de diciembre de 2019</docDate>
      </p>
    </conclusions>
  </statement>
</akomaNtoso>