<akomaNtoso xmlns:xsi="http://www.w3.org/2001/XMLSchema-instance" xsi:schemaLocation="http://docs.oasis-open.org/legaldocml/ns/akn/3.0 http://docs.oasis-open.org/legaldocml/akn-core/v1.0/os/part2-specs/schemas/akomantoso30.xsd" xmlns="http://docs.oasis-open.org/legaldocml/ns/akn/3.0" xmlns:html="http://www.w3.org/1999/xhtml" xmlns:akn4un="http://un.org/akn4un">
  <statement name="resolution">
    <meta>
      <identification source="#DGACM">
        <FRBRWork>
          <FRBRthis value="/akn/un/statement/deliberation/unga/2019-12-27/74-260/!main/"></FRBRthis>
          <FRBRuri value="/akn/un/statement/deliberation/unga/2019-12-27/74-260/"></FRBRuri>
          <FRBRdate date="2019-12-27" name="adoption"></FRBRdate>
          <FRBRauthor href="ga" as="author"></FRBRauthor>
          <FRBRcountry value="un"></FRBRcountry>
        </FRBRWork>
        <FRBRExpression>
          <FRBRthis value="/akn/un/statement/deliberation/unga/2019-12-27/74-260/spa@!main/"></FRBRthis>
          <FRBRuri value="/akn/un/statement/deliberation/unga/2019-12-27/74-260/spa@/"></FRBRuri>
          <FRBRdate date="2020-01-09" name="publication"></FRBRdate>
          <FRBRauthor href="ga" as="issuer"></FRBRauthor>
          <FRBRlanguage language="spa"></FRBRlanguage>
        </FRBRExpression>
        <FRBRManifestation>
          <FRBRthis value="/akn/un/statement/deliberation/unga/2019-12-27/74-260/spa@/!main.xml"></FRBRthis>
          <FRBRuri value="/akn/un/statement/deliberation/unga/2019-12-27/74-260/spa@.xml"></FRBRuri>
          <FRBRdate date="2020-08-18" name="markup"></FRBRdate>
          <FRBRauthor href="DGACM" as="editor"></FRBRauthor>
        </FRBRManifestation>
      </identification>
      <classification source="http://metadata.un.org/sdg">
        <keyword value="10" href="http://metadata.un.org/sdg/10" showAs="sdg_10" dictionary="SDGO"></keyword>
        <keyword value="social_inequality" href="http://eurovoc.europa.eu/1420" showAs="social_inequality" dictionary="EuroVoc"></keyword>
        <keyword value="equality" href="http://metadata.un.org/thesaurus/1002102" showAs="equality" dictionary="UNBIS Thesaurus"></keyword>
      </classification>
      <classification source="http://metadata.un.org/sdg">
        <keyword value="16" href="http://metadata.un.org/sdg/16" showAs="sdg_16" dictionary="SDGO"></keyword>
        <keyword value="right_to_justice" href="http://eurovoc.europa.eu/516" showAs="right_to_justice" dictionary="EuroVoc"></keyword>
        <keyword value="sustainable_development" href="http://eurovoc.europa.eu/5585" showAs="sustainable_development" dictionary="EuroVoc"></keyword>
        <keyword value="civil_society" href="http://metadata.un.org/thesaurus/1001012" showAs="civil_society" dictionary="UNBIS Thesaurus"></keyword>
        <keyword value="justice" href="http://metadata.un.org/thesaurus/1003500" showAs="justice" dictionary="UNBIS Thesaurus"></keyword>
        <keyword value="peaceful_coexistence" href="http://metadata.un.org/thesaurus/1004777" showAs="peaceful_coexistence" dictionary="UNBIS Thesaurus"></keyword>
        <keyword value="public_institutions" href="http://metadata.un.org/thesaurus/1005254" showAs="public_institutions" dictionary="UNBIS Thesaurus"></keyword>
        <keyword value="social_justice" href="http://metadata.un.org/thesaurus/1005970" showAs="social_justice" dictionary="UNBIS Thesaurus"></keyword>
        <keyword value="sustainable_development" href="http://metadata.un.org/thesaurus/1006319" showAs="sustainable_development" dictionary="UNBIS Thesaurus"></keyword>
      </classification>
      <workflow source="#un">
        <step date="2019-12-27" outcome="draftResolution" as="A/C.5/74/L.16" by="submitted by the Chair of the Committee" />
        <step date="0001-01-01" outcome="draftResolutionAdditionalSponsors" by="" />
        <step date="0001-01-01" outcome="recommendedForAdoption" as="A/74/608" by="" refersTo="6" />
        <step date="2019-12-27" outcome="adopted" as="A/74/PV.52" by="" />
      </workflow>
      <analysis source="#un">
        <parliamentary>
          <voting outcome="adoptedWithoutVote">
            <quorum value=""></quorum>
          </voting>
        </parliamentary>
      </analysis>
      <references source="#DGACM">
        <TLCOrganization eId="source" href="/akn/ontology/organization/un/DGACM" showAs="DGACM"></TLCOrganization>
        <TLCConcept eId="dateOfIssuance" href="/akn/ontology/concept/un/dateOfIssuance" showAs="Date of issuance"></TLCConcept>
        <TLCConcept eId="dateOfAdoption" href="/akn/ontology/concept/un/dateOfAdoption" showAs="Date of adoption"></TLCConcept>
        <TLCConcept eId="symbol" href="/akn/ontology/reference/un/symbol" showAs="Symbol"></TLCConcept>
        <TLCRole eId="publisher" href="/akn/ontology/role/un/publisher" showAs="Publisher"></TLCRole>
        <TLCRole eId="issuingBody" href="/akn/role/concept/un/issuingBody" showAs="Issuing body"></TLCRole>
        <TLCRole eId="author" href="/akn/ontology/role/un/author" showAs="Author"></TLCRole>
        <TLCRole eId="editor" href="/akn/ontology/role/un/editor" showAs="Editor"></TLCRole>
        <TLCRole eId="distribution" href="/akn/ontology/concept/un/generalDistribution" showAs="General distribution"></TLCRole>
        <TLCOrganization eId="ga" href="/akn/ontology/organization/un/generalAssembly" showAs="General Assembly"></TLCOrganization>
        <TLCTerm eId="resolutionTitle" href="/akn/ontology/reference/un/resolutionTitle" showAs="Resolution title"></TLCTerm>
        <TLCTerm eId="fifthCommittee" href="#fifthCommittee" showAs="Quinta Comisión"></TLCTerm>
        <TLCTerm eId="memberState" href="/akn/ontology/organization/un/memberState" showAs="Member State"></TLCTerm>
        <TLCTerm eId="inFavour" href="/akn/ontology/concept/un/voting/inFavour" showAs="In favour"></TLCTerm>
        <TLCTerm eId="against" href="/akn/ontology/concept/un/voting/against" showAs="Against"></TLCTerm>
        <TLCTerm eId="abstaining" href="/akn/ontology/concept/un/voting/abstaining" showAs="Abstaining"></TLCTerm>
      </references>
      <presentation source="#un">
        <akn4un:footerFirstPage>
          <akn4un:footerFirstPageLeft>
            <akn4un:internalCode>
              <docketNumber refersTo="#publicationJobNumber">19-22726 (S)</docketNumber>
              <img alt="bar code" class="barCode" src=""></img>
            </akn4un:internalCode>
          </akn4un:footerFirstPageLeft>
          <akn4un:footerFirstPageRight>
            <img alt="Please recycle" class="image" src="./recylcleLogo.jpg"></img>
            <img alt="embedded QR code" class="qrCode" src=""></img>
          </akn4un:footerFirstPageRight>
        </akn4un:footerFirstPage>
      </presentation>
    </meta>
    <coverPage eId="coverPage_1">
      <p>
        <span refersTo="#publisher" class="upperLeft">
          <docAuthority refersTo="#publisher">Naciones Unidas</docAuthority>
        </span>
      </p>
      <p class="upperRight">
        <docNumber refersTo="#symbol">A/RES/74/260</docNumber>
      </p>
      <p class="upperLeft">
        <img src="logo-un.jpg"></img>
        <docAuthority refersTo="#issuingBody" class="rightBig">Asamblea General</docAuthority>
      </p>
      <p>
        <docStatus refersTo="#generalDistribution" class="rightSmall">Distr. general</docStatus>
      </p>
      <p>
        <docDate date="2020-01-09" class="rightSmall" refersTo="#dateOfIssuance">9 de enero de 2020</docDate>
      </p>
      <p>
        <session refersTo="#generalAssembly" value="74" eId="coverPage_1__session_1">Septuagésimo cuarto período de sesiones</session>
      </p>
      <p>
        <inline name="agenda item">Tema 156 del programa</inline>
      </p>
      <p>
        <inline name="agenda item name">Financiación de la Misión de las Naciones Unidas de Apoyo a la Justicia en Haití</inline>
      </p>
      <p>
        <docTitle>Resolución aprobada por la Asamblea General el 27 de diciembre de 2019</docTitle>
      </p>
      <p xml:space="preserve">
        <docProponent refersTo="#fifthCommittee">[sobre la base del informe de la Quinta Comisión (<inline name="originating document">A/74/608</inline>)]</docProponent>
      </p>
    </coverPage>
    <preface>
      <p>
        <docNumber>74/260.</docNumber>
        <docTitle refersTo="#resolutionTitle">Financiación de la Misión de las Naciones Unidas de Apoyo a la Justicia en Haití</docTitle>
      </p>
    </preface>
    <preamble>
      <formula name="enactingFormula" eId="formula_1">
        <p xml:space="preserve">
          <span class="italic">La Asamblea General</span>,</p>
      </formula>
      <container name="Habiendo examinado" eId="container_2">
        <p xml:space="preserve">
          <span class="italic">	Habiendo examinado</span> el informe del Secretario General sobre la financiación de la Misión de las Naciones Unidas de Apoyo a la Justicia en Haití<authorialNote marker="1" placement="bottom" eId="authorialNote_1"><p xml:space="preserve"><a href="https://undocs.org/sp/A/74/532">A/74/532</a>.</p></authorialNote> y el informe conexo de la Comisión Consultiva en Asuntos Administrativos y de Presupuesto<authorialNote marker="2" placement="bottom" eId="authorialNote_2"><p xml:space="preserve"><a href="https://undocs.org/sp/A/74/589">A/74/589</a>. </p></authorialNote>, </p>
      </container>
      <container name="Recordando" eId="container_3">
        <p xml:space="preserve">
          <span class="italic">	Recordando</span> la resolución <a href="https://undocs.org/sp/S/RES/2350 (2017)">2350 (2017)</a> del Consejo de Seguridad, de 13 de abril de 2017, en la que el Consejo estableció la Misión de las Naciones Unidas de Apoyo a la Justicia en Haití, como misión de mantenimiento de la paz con fines de seguimiento en Haití, por un período inicial de seis meses, del 16 de octubre de 2017 al 15 de abril de 2018, y las resoluciones posteriores en que el Consejo prorrogó el mandato de la Misión, la más reciente de las cuales es la resolución <a href="https://undocs.org/sp/S/RES/2466 (2019)">2466 (2019)</a>, de 12 de abril de 2019, en la que el Consejo prorrogó el mandato de la Misión por un último período de seis meses, hasta el 15 de octubre de 2019, </p>
      </container>
      <container name="Recordando también" eId="container_4">
        <p xml:space="preserve">
          <span class="italic">	Recordando también</span> su resolución <a href="https://undocs.org/sp/A/RES/72/260">72/260</a> A, de 24 de diciembre de 2017, relativa a la financiación de la Misión, y sus resoluciones posteriores al respecto, la más reciente de las cuales es la resolución <a href="https://undocs.org/sp/A/RES/73/317">73/317</a>, de 3 de julio de 2019, así como su decisión 73/555, de 3 de julio de 2019,</p>
      </container>
      <container name="Reafirmando" eId="container_5">
        <p xml:space="preserve">
          <span class="italic">	Reafirmando</span> los principios generales en que se basa la financiación de las operaciones de las Naciones Unidas para el mantenimiento de la paz, enunciados en sus resoluciones <a href="https://undocs.org/es/A/RES/1874(S-IV)">1874 (S-IV)</a>, de 27 de junio de 1963, <a href="https://undocs.org/sp/A/RES/3101 (XXVIII)">3101 (XXVIII)</a>, de 11 de diciembre de 1973, y <a href="https://undocs.org/sp/A/RES/55/235">55/235</a>, de 23 de diciembre de 2000, </p>
      </container>
    </preamble>
    <mainBody>
      <paragraph eId="para_6" class="SingleTxt">
        <num>	1.</num>
        <content eId="para_6__content">
          <p xml:space="preserve">
            <span class="italic">Hace suyas</span> las conclusiones y recomendaciones que figuran en el informe de la Comisión Consultiva en Asuntos Administrativos y de Presupuesto<sup>2</sup>, y solicita al Secretario General que asegure su plena aplicación; </p>
        </content>
      </paragraph>
      <paragraph eId="para_7" class="SingleTxt">
        <num>	2.</num>
        <content eId="para_7__content">
          <p xml:space="preserve">
            <span class="italic">Recuerda</span> el párrafo 9 del informe de la Comisión Consultiva y solicita al Secretario General que tramite todos los reembolsos pendientes de manera oportuna; </p>
        </content>
      </paragraph>
      <paragraph eId="para_8" class="H23">
        <subheading>		Estimaciones presupuestarias correspondientes al período comprendido entre el 1 de julio de 2019 y el 30 de junio de 2020 </subheading>
      </paragraph>
      <paragraph eId="para_9" class="SingleTxt">
        <num>	3.</num>
        <content eId="para_9__content">
          <p xml:space="preserve">
            <span class="italic">Decide</span> consignar en la Cuenta Especial para la Misión de las Naciones Unidas de Apoyo a la Justicia en Haití la suma de 49.122.900 dólares de los Estados Unidos para el período comprendido entre el 1 de julio de 2019 y el 30 de junio de 2020, que reemplaza la autorización previamente concedida al Secretario General para contraer compromisos por un monto no superior a 49.450.100 dólares para sufragar los gastos de la Misión en el período comprendido entre el 1 de julio y el 31 de diciembre de 2019, de conformidad con lo dispuesto en su resolución <a href="https://undocs.org/sp/A/RES/73/317">73/317</a>;</p>
        </content>
      </paragraph>
      <paragraph eId="para_10" class="H23">
        <subheading>		Financiación de la consignación</subheading>
      </paragraph>
      <paragraph eId="para_11" class="SingleTxt">
        <num>	4.</num>
        <content eId="para_11__content">
          <p xml:space="preserve">
            <span class="italic">Decide</span> que se acredite a los Estados Miembros que hayan cumplido sus obligaciones financieras con la Misión las partes que les correspondan del saldo de 327.200 dólares, que representa la diferencia entre la suma de 49.122.900 dólares y la suma de 49.450.100 dólares ya prorrateada en virtud de su resolución <a href="https://undocs.org/sp/A/RES/73/317">73/317</a>, de conformidad con los niveles actualizados en su resolución <a href="https://undocs.org/sp/A/RES/73/272">73/272</a>, de 22 de diciembre de 2018, y teniendo en cuenta la escala de cuotas para 2019 y 2020 que figura en su resolución <a href="https://undocs.org/sp/A/RES/73/271">73/271</a>, de 22 de diciembre de 2018;</p>
        </content>
      </paragraph>
      <paragraph eId="para_12" class="SingleTxt">
        <num>	5.</num>
        <content eId="para_12__content">
          <p xml:space="preserve">
            <span class="italic">Decide también</span> que, en el caso de los Estados Miembros que no hayan cumplido sus obligaciones financieras con la Misión, se deduzcan de sus obligaciones pendientes de pago las partes que les correspondan del saldo de 327.200 dólares, de conformidad con las modalidades previstas en el párrafo 4;</p>
        </content>
      </paragraph>
      <paragraph eId="para_13" class="SingleTxt">
        <num>	6.</num>
        <content eId="para_13__content">
          <p xml:space="preserve">
            <span class="italic">Decide además</span> que, de conformidad con lo dispuesto en su resolución <a href="https://undocs.org/sp/A/RES/973 (X)">973 (X)</a>, de 15 de diciembre de 1955, se deduzcan de los créditos a los Estados Miembros indicados en los párrafos 4 y 5 las partes que les correspondan de la suma de 289.300 dólares en el Fondo de Nivelación de Impuestos, que representa la reducción de los ingresos estimados en concepto de contribuciones del personal respecto de la suma de 1.412.100 dólares aprobada para la Misión;</p>
        </content>
      </paragraph>
      <paragraph eId="para_14" class="SingleTxt">
        <num>	7.</num>
        <content eId="para_14__content">
          <p xml:space="preserve">
            <span class="italic">Decide</span> seguir examinando en su septuagésimo cuarto período de sesiones el tema titulado “Misión de las Naciones Unidas de Apoyo a la Justicia en Haití”.</p>
        </content>
      </paragraph>
    </mainBody>
    <conclusions eId="conclusions">
      <p>
        <inline name="adoptionMeeting" title="52a">52a sesión plenaria (continuación)</inline>
        <eol />
        <docDate date="2019-12-27" refersTo="#adoptionDate">27 de diciembre de 2019</docDate>
      </p>
    </conclusions>
  </statement>
</akomaNtoso>