<akomaNtoso xmlns:xsi="http://www.w3.org/2001/XMLSchema-instance" xsi:schemaLocation="http://docs.oasis-open.org/legaldocml/ns/akn/3.0 http://docs.oasis-open.org/legaldocml/akn-core/v1.0/os/part2-specs/schemas/akomantoso30.xsd" xmlns="http://docs.oasis-open.org/legaldocml/ns/akn/3.0" xmlns:html="http://www.w3.org/1999/xhtml" xmlns:akn4un="http://un.org/akn4un">
  <statement name="resolution">
    <meta>
      <identification source="#DGACM">
        <FRBRWork>
          <FRBRthis value="/akn/un/statement/deliberation/unga/2020-06-30/74-285/!main/"></FRBRthis>
          <FRBRuri value="/akn/un/statement/deliberation/unga/2020-06-30/74-285/"></FRBRuri>
          <FRBRdate date="2020-06-30" name="adoption"></FRBRdate>
          <FRBRauthor href="ga" as="author"></FRBRauthor>
          <FRBRcountry value="un"></FRBRcountry>
        </FRBRWork>
        <FRBRExpression>
          <FRBRthis value="/akn/un/statement/deliberation/unga/2020-06-30/74-285/spa@!main/"></FRBRthis>
          <FRBRuri value="/akn/un/statement/deliberation/unga/2020-06-30/74-285/spa@/"></FRBRuri>
          <FRBRdate date="2020-07-14" name="publication"></FRBRdate>
          <FRBRauthor href="ga" as="issuer"></FRBRauthor>
          <FRBRlanguage language="spa"></FRBRlanguage>
        </FRBRExpression>
        <FRBRManifestation>
          <FRBRthis value="/akn/un/statement/deliberation/unga/2020-06-30/74-285/spa@/!main.xml"></FRBRthis>
          <FRBRuri value="/akn/un/statement/deliberation/unga/2020-06-30/74-285/spa@.xml"></FRBRuri>
          <FRBRdate date="2020-10-08" name="markup"></FRBRdate>
          <FRBRauthor href="DGACM" as="editor"></FRBRauthor>
        </FRBRManifestation>
      </identification>
      <classification source="http://metadata.un.org/sdg">
        <keyword value="2" href="http://metadata.un.org/sdg/2" showAs="sdg_2" dictionary="SDGO"></keyword>
        <keyword value="food_shortage" href="http://eurovoc.europa.eu/2318" showAs="food_shortage" dictionary="EuroVoc"></keyword>
        <keyword value="sustainable_agriculture" href="http://eurovoc.europa.eu/6308" showAs="sustainable_agriculture" dictionary="EuroVoc"></keyword>
        <keyword value="food_security" href="http://eurovoc.europa.eu/c_4523e1dd" showAs="food_security" dictionary="EuroVoc"></keyword>
        <keyword value="food_security" href="http://metadata.un.org/thesaurus/1002439" showAs="food_security" dictionary="UNBIS Thesaurus"></keyword>
        <keyword value="food_shortage" href="http://metadata.un.org/thesaurus/1002440" showAs="food_shortage" dictionary="UNBIS Thesaurus"></keyword>
        <keyword value="hunger" href="http://metadata.un.org/thesaurus/1003004" showAs="hunger" dictionary="UNBIS Thesaurus"></keyword>
        <keyword value="sustainable_agriculture" href="http://metadata.un.org/thesaurus/1006317" showAs="sustainable_agriculture" dictionary="UNBIS Thesaurus"></keyword>
      </classification>
      <classification source="http://metadata.un.org/sdg">
        <keyword value="3" href="http://metadata.un.org/sdg/3" showAs="sdg_3" dictionary="SDGO"></keyword>
        <keyword value="public_health" href="http://eurovoc.europa.eu/3885" showAs="public_health" dictionary="EuroVoc"></keyword>
        <keyword value="health" href="http://metadata.un.org/thesaurus/1002824" showAs="health" dictionary="UNBIS Thesaurus"></keyword>
      </classification>
      <classification source="http://metadata.un.org/sdg">
        <keyword value="4" href="http://metadata.un.org/sdg/4" showAs="sdg_4" dictionary="SDGO"></keyword>
        <keyword value="education" href="http://eurovoc.europa.eu/668" showAs="education" dictionary="EuroVoc"></keyword>
        <keyword value="right_to_education" href="http://eurovoc.europa.eu/512" showAs="right_to_education" dictionary="EuroVoc"></keyword>
        <keyword value="education" href="http://metadata.un.org/thesaurus/1001893" showAs="education" dictionary="UNBIS Thesaurus"></keyword>
      </classification>
      <workflow source="#un">
        <step date="2020-06-27" outcome="draftResolution" as="A/C.5/74/L.39" by="submitted by the Chair of the Committee following informal consultations" />
        <step date="0001-01-01" outcome="draftResolutionAdditionalSponsors" by="" />
        <step date="0001-01-01" outcome="recommendedForAdoption" as="A/74/913" by="" refersTo="6" />
        <step date="2020-06-30" outcome="adopted" as="Adopted through silence procedure" by="" />
      </workflow>
      <analysis source="#un">
        <parliamentary>
          <voting outcome="adoptedWithoutVote">
            <quorum value=""></quorum>
          </voting>
        </parliamentary>
      </analysis>
      <references source="#DGACM">
        <TLCOrganization eId="source" href="/akn/ontology/organization/un/DGACM" showAs="DGACM"></TLCOrganization>
        <TLCConcept eId="dateOfIssuance" href="/akn/ontology/concept/un/dateOfIssuance" showAs="Date of issuance"></TLCConcept>
        <TLCConcept eId="dateOfAdoption" href="/akn/ontology/concept/un/dateOfAdoption" showAs="Date of adoption"></TLCConcept>
        <TLCConcept eId="symbol" href="/akn/ontology/reference/un/symbol" showAs="Symbol"></TLCConcept>
        <TLCRole eId="publisher" href="/akn/ontology/role/un/publisher" showAs="Publisher"></TLCRole>
        <TLCRole eId="issuingBody" href="/akn/role/concept/un/issuingBody" showAs="Issuing body"></TLCRole>
        <TLCRole eId="author" href="/akn/ontology/role/un/author" showAs="Author"></TLCRole>
        <TLCRole eId="editor" href="/akn/ontology/role/un/editor" showAs="Editor"></TLCRole>
        <TLCRole eId="distribution" href="/akn/ontology/concept/un/generalDistribution" showAs="General distribution"></TLCRole>
        <TLCOrganization eId="ga" href="/akn/ontology/organization/un/generalAssembly" showAs="General Assembly"></TLCOrganization>
        <TLCTerm eId="resolutionTitle" href="/akn/ontology/reference/un/resolutionTitle" showAs="Resolution title"></TLCTerm>
        <TLCTerm eId="fifthCommittee" href="#fifthCommittee" showAs="Quinta Comisión"></TLCTerm>
        <TLCTerm eId="memberState" href="/akn/ontology/organization/un/memberState" showAs="Member State"></TLCTerm>
        <TLCTerm eId="inFavour" href="/akn/ontology/concept/un/voting/inFavour" showAs="In favour"></TLCTerm>
        <TLCTerm eId="against" href="/akn/ontology/concept/un/voting/against" showAs="Against"></TLCTerm>
        <TLCTerm eId="abstaining" href="/akn/ontology/concept/un/voting/abstaining" showAs="Abstaining"></TLCTerm>
      </references>
      <presentation source="#un">
        <akn4un:footerFirstPage>
          <akn4un:footerFirstPageLeft>
            <akn4un:internalCode>
              <docketNumber refersTo="#publicationJobNumber">20-08793 (S)</docketNumber>
              <img alt="bar code" class="barCode" src=""></img>
            </akn4un:internalCode>
          </akn4un:footerFirstPageLeft>
          <akn4un:footerFirstPageRight>
            <img alt="Please recycle" class="image" src="./recylcleLogo.jpg"></img>
            <img alt="embedded QR code" class="qrCode" src=""></img>
          </akn4un:footerFirstPageRight>
        </akn4un:footerFirstPage>
      </presentation>
    </meta>
    <coverPage eId="coverPage_1">
      <p>
        <span refersTo="#publisher" class="upperLeft">
          <docAuthority refersTo="#publisher">Naciones Unidas</docAuthority>
        </span>
      </p>
      <p class="upperRight">
        <docNumber refersTo="#symbol">A/RES/74/285</docNumber>
      </p>
      <p class="upperLeft">
        <img src="logo-un.jpg"></img>
        <docAuthority refersTo="#issuingBody" class="rightBig">Asamblea General</docAuthority>
      </p>
      <p>
        <docStatus refersTo="#generalDistribution" class="rightSmall">Distr. general</docStatus>
      </p>
      <p>
        <docDate date="2020-07-14" class="rightSmall" refersTo="#dateOfIssuance">14 de julio de 2020</docDate>
      </p>
      <p>
        <session refersTo="#generalAssembly" value="74" eId="coverPage_1__session_1">Septuagésimo cuarto período de sesiones</session>
      </p>
      <p>
        <inline name="agenda item">Tema 152 del programa</inline>
      </p>
      <p>
        <inline name="agenda item name">Financiación de la Fuerza de las Naciones Unidas para el Mantenimiento de la Paz en Chipre</inline>
      </p>
      <p>
        <docTitle>Resolución aprobada por la Asamblea General el 30 de junio de 2020</docTitle>
      </p>
      <p xml:space="preserve">
        <docProponent refersTo="#fifthCommittee">[sobre la base del informe de la Quinta Comisión (<inline name="originating document">A/74/913</inline>)]</docProponent>
      </p>
    </coverPage>
    <preface>
      <p>
        <docNumber>74/285.</docNumber>
        <docTitle refersTo="#resolutionTitle">Financiación de la Fuerza de las Naciones Unidas para el Mantenimiento de la Paz en Chipre</docTitle>
      </p>
    </preface>
    <preamble>
      <formula name="enactingFormula" eId="formula_1">
        <p xml:space="preserve">
          <span class="italic">La Asamblea General</span>,</p>
      </formula>
      <container name="Habiendo examinado" eId="container_2">
        <p xml:space="preserve">
          <span class="italic">Habiendo examinado</span> los informes del Secretario General sobre la financiación de la Fuerza de las Naciones Unidas para el Mantenimiento de la Paz en Chipre<authorialNote marker="1" placement="bottom" eId="authorialNote_1"><p xml:space="preserve"><a href="https://undocs.org/es/A/74/598">A/74/598</a> y <a href="https://undocs.org/es/A/74/693">A/74/693</a>.</p></authorialNote> y el informe conexo de la Comisión Consultiva en Asuntos Administrativos y de Presupuesto<authorialNote marker="2" placement="bottom" eId="authorialNote_2"><p xml:space="preserve"><a href="https://undocs.org/es/A/74/737/Add.4">A/74/737/Add.4</a>.</p></authorialNote>, </p>
      </container>
      <container name="Recordando" eId="container_3">
        <p xml:space="preserve">
          <span class="italic">Recordando</span> la resolución <a href="https://undocs.org/es/S/RES/186(1964)">186 (1964)</a> del Consejo de Seguridad, de 4 de marzo de 1964, relativa al establecimiento de la Fuerza de las Naciones Unidas para el Mantenimiento de la Paz en Chipre, y las resoluciones posteriores en que el Consejo prorrogó el mandato de la Fuerza, la más reciente de las cuales es la resolución <a href="https://undocs.org/es/S/RES/2506(2020)">2506</a><a href="https://undocs.org/es/S/RES/2506(2020)"> </a><a href="https://undocs.org/es/S/RES/2506(2020)">(2020)</a>, de 30 de enero de 2020, en que el Consejo prorrogó el mandato de la Fuerza hasta el 31 de julio de 2020, </p>
      </container>
      <container name="Recordando también" eId="container_4">
        <p xml:space="preserve">
          <span class="italic">Recordando también</span> su resolución <a href="https://undocs.org/es/A/RES/47/236">47/236</a>, de 14 de septiembre de 1993, relativa a la financiación de la Fuerza, y sus resoluciones y decisiones posteriores al respecto, la más reciente de las cuales es la resolución <a href="https://undocs.org/es/A/RES/73/314">73/314</a>, de 3 de julio de 2019, así como su decisión 73/555, de 3 de julio de 2019, </p>
      </container>
      <container name="Reafirmando" eId="container_5">
        <p xml:space="preserve">
          <span class="italic">Reafirmando</span> los principios generales en que se basa la financiación de las operaciones de las Naciones Unidas para el mantenimiento de la paz, enunciados en sus resoluciones <a href="https://undocs.org/es/A/RES/1874 (s-iv)">1874 (S-IV)</a>, de 27 de junio de 1963, <a href="https://undocs.org/es/A/RES/3101(XXVIII)">3101 (XXVIII)</a>, de 11 de diciembre de 1973, y <a href="https://undocs.org/es/A/RES/55/235">55/235</a>, de 23 de diciembre de 2000, </p>
      </container>
      <container name="Observando" eId="container_6">
        <p xml:space="preserve">
          <span class="italic">Observando</span> con reconocimiento que algunos Gobiernos han hecho contribuciones voluntarias a la Fuerza, </p>
      </container>
      <container name="Observando" eId="container_7">
        <p xml:space="preserve">
          <span class="italic">Observando</span> que las contribuciones voluntarias fueron insuficientes para sufragar todos los gastos de la Fuerza, incluidos los efectuados antes del 16 de junio de 1993 por los Gobiernos que aportaron contingentes, y lamentando la falta de una respuesta adecuada a los llamamientos para recabar contribuciones voluntarias, entre ellos el formulado por el Secretario General en la carta de fecha 17 de mayo de 1994 que envió a todos los Estados Miembros<authorialNote marker="3" placement="bottom" eId="authorialNote_3"><p xml:space="preserve"><a href="https://undocs.org/es/S/1994/647">S/1994/647</a>.</p></authorialNote>, </p>
      </container>
      <container name="Teniendo presente" eId="container_8">
        <p xml:space="preserve">
          <span class="italic">Teniendo presente</span> que es indispensable proporcionar a la Fuerza los recursos financieros necesarios para que pueda desempeñar las funciones que le competen en virtud de las resoluciones pertinentes del Consejo de Seguridad, </p>
      </container>
    </preamble>
    <mainBody>
      <paragraph eId="para_9" class="SingleTxt">
        <num>	1.</num>
        <content eId="para_9__content">
          <p xml:space="preserve">
            <span class="italic">Solicita</span> al Secretario General que confíe al Jefe de Misión la tarea de formular las futuras propuestas presupuestarias observando plenamente lo dispuesto en sus resoluciones <a href="https://undocs.org/es/A/RES/59/296">59/296</a>, de 22 de junio de 2005, <a href="https://undocs.org/es/A/RES/60/266">60/266</a>, de 30 de junio de 2006, <a href="https://undocs.org/es/A/RES/61/276">61/276</a>, de 29 de junio de 2007, <a href="https://undocs.org/es/A/RES/64/269">64/269</a>, de 24 de junio de 2010, <a href="https://undocs.org/es/A/RES/65/289">65/289</a>, de 30 de junio de 2011, <a href="https://undocs.org/es/A/RES/66/264">66/264</a>, de 21 de junio de 2012, <a href="https://undocs.org/es/A/RES/69/307">69/307</a>, de 25 de junio de 2015, y <a href="https://undocs.org/es/A/RES/70/286">70/286</a>, de 17 de junio de 2016, así como en otras resoluciones pertinentes; </p>
        </content>
      </paragraph>
      <paragraph eId="para_10" class="SingleTxt">
        <num>	2.</num>
        <content eId="para_10__content">
          <p xml:space="preserve">
            <span class="italic">Toma nota</span> del estado de las contribuciones a la Fuerza de las Naciones Unidas para el Mantenimiento de la Paz en Chipre al 30 de abril de 2020, incluidas las contribuciones pendientes de pago, que ascienden a 18,1 millones de dólares de los Estados Unidos y constituyen aproximadamente el 2,6 % del total de las cuotas, observa con preocupación que solo 83 Estados Miembros han pagado sus cuotas íntegramente e insta a todos los demás Estados Miembros, en particular a los que están en mora, a que paguen sus cuotas pendientes; </p>
        </content>
      </paragraph>
      <paragraph eId="para_11" class="SingleTxt">
        <num>	3.</num>
        <content eId="para_11__content">
          <p xml:space="preserve">
            <span class="italic">Expresa su reconocimiento</span> a los Estados Miembros que han pagado sus cuotas íntegramente e insta a todos los demás Estados Miembros a que hagan todo lo posible por asegurar el pago íntegro de sus cuotas para la Fuerza; </p>
        </content>
      </paragraph>
      <paragraph eId="para_12" class="SingleTxt">
        <num>	4.</num>
        <content eId="para_12__content">
          <p xml:space="preserve">
            <span class="italic">Expresa preocupación</span> por la situación financiera con respecto a las actividades de mantenimiento de la paz, en particular en lo que se refiere al reembolso a los países que aportan contingentes, los cuales soportan una carga adicional debido al atraso de algunos Estados Miembros en el pago de sus cuotas;</p>
        </content>
      </paragraph>
      <paragraph eId="para_13" class="SingleTxt">
        <num>	5.</num>
        <content eId="para_13__content">
          <p xml:space="preserve">
            <span class="italic">Pone de relieve</span> que todas las misiones de mantenimiento de la paz, en curso y futuras, deben recibir un trato igual y no discriminatorio en lo que respecta a las disposiciones financieras y administrativas; </p>
        </content>
      </paragraph>
      <paragraph eId="para_14" class="SingleTxt">
        <num>	6.</num>
        <content eId="para_14__content">
          <p xml:space="preserve">
            <span class="italic">Pone de relieve también</span> que deben proporcionarse recursos suficientes a todas las misiones de mantenimiento de la paz para que cumplan sus mandatos respectivos con eficacia y eficiencia; </p>
        </content>
      </paragraph>
      <paragraph eId="para_15" class="SingleTxt">
        <num>	7.</num>
        <content eId="para_15__content">
          <p xml:space="preserve">
            <span class="italic">Solicita</span> al Secretario General que asegure que los proyectos de presupuesto de las operaciones de mantenimiento de la paz se basen en los mandatos legislativos pertinentes; </p>
        </content>
      </paragraph>
      <paragraph eId="para_16" class="SingleTxt">
        <num>	8.</num>
        <content eId="para_16__content">
          <p xml:space="preserve">
            <span class="italic">Hace suyas</span> las conclusiones y recomendaciones que figuran en el informe de la Comisión Consultiva en Asuntos Administrativos y de Presupuesto<sup>2</sup> y solicita al Secretario General que asegure su plena aplicación; </p>
        </content>
      </paragraph>
      <paragraph eId="para_17" class="SingleTxt">
        <num>	9.</num>
        <content eId="para_17__content">
          <p xml:space="preserve">
            <span class="italic">Solicita</span> al Secretario General que establezca marcos y directrices claros para determinar qué tipo de procedimientos de licitación, ya sea llamados a licitación o llamados a presentación de propuestas, deben utilizarse para, entre otras cosas, adquirir diferentes tipos de bienes y servicios, incluidos los servicios de aviación, y que actualice en consecuencia el <span class="italic">Manual de adquisiciones de las Naciones Unidas</span>;</p>
        </content>
      </paragraph>
      <paragraph eId="para_18" class="SingleTxt">
        <num>	10.</num>
        <content eId="para_18__content">
          <p xml:space="preserve">
            <span class="italic">Solicita también</span> al Secretario General que adopte medidas para asegurar que la Organización se ajuste a las mejores prácticas en materia de adquisiciones públicas en lo que respecta a la transparencia, incluso mediante la publicación de información adicional de dominio público sobre los resultados de los ejercicios de adquisición realizados, en particular en la esfera de los servicios de aviación, a fin de aumentar aún más la transparencia de las operaciones de adquisición de la Organización, y que actualice en consecuencia el <span class="italic">Manual de adquisiciones de las Naciones Unidas</span>;</p>
        </content>
      </paragraph>
      <paragraph eId="para_19" class="SingleTxt">
        <num>	11.</num>
        <content eId="para_19__content">
          <p xml:space="preserve">
            <span class="italic">Observa</span> que se están elaborando indicadores del desempeño basados en los efectos como parte de la aplicación del Sistema Integral de Evaluación del Desempeño y, a este respecto, solicita al Secretario General que en su próximo informe ofrezca datos sobre el modo en que los indicadores medirán el desempeño por la Fuerza de las tareas encomendadas y los efectos de la asignación de recursos en el desempeño de esas tareas, y sobre cómo contribuirán los indicadores a determinar los recursos necesarios para cada una de ellas;</p>
        </content>
      </paragraph>
      <paragraph eId="para_20" class="SingleTxt">
        <num>	12.</num>
        <content eId="para_20__content">
          <p xml:space="preserve">
            <span class="italic">Solicita</span> al Secretario General que en su próximo informe presente un plan de ejecución y un análisis de la aplicación del nuevo Sistema Integral de Evaluación del Desempeño, en particular sobre su correlación con la planificación de las misiones y la formulación del presupuesto, a fin de facilitar el examen por la Asamblea General de las solicitudes de recursos para la aplicación del Sistema; </p>
        </content>
      </paragraph>
      <paragraph eId="para_21" class="SingleTxt">
        <num>	13.</num>
        <content eId="para_21__content">
          <p xml:space="preserve">
            <span class="italic">Pone de relieve</span> la importancia del sistema de rendición de cuentas de la Secretaría, y solicita al Secretario General que siga fortaleciendo la gestión de riesgos y los controles internos en la gestión de los presupuestos de mantenimiento de la paz para facilitar la ejecución de los mandatos y aumentar la transparencia, y que la informe al respecto en el contexto de su próximo informe; </p>
        </content>
      </paragraph>
      <paragraph eId="para_22" class="SingleTxt">
        <num>	14.</num>
        <content eId="para_22__content">
          <p xml:space="preserve">
            <span class="italic">Pone de relieve también</span> la importancia de la ejecución general de los presupuestos de las operaciones de mantenimiento de la paz, y solicita al Secretario General que siga aplicando las recomendaciones de los órganos de supervisión pertinentes, sin dejar de tener debidamente en cuenta la orientación y las recomendaciones de la Asamblea General, y que la informe al respecto en el contexto de los informes de ejecución;</p>
        </content>
      </paragraph>
      <paragraph eId="para_23" class="SingleTxt">
        <num>	15.</num>
        <content eId="para_23__content">
          <p xml:space="preserve">
            <span class="italic">Observa con grave preocupación</span> la amenaza para la vida, la salud y la seguridad que supone la pandemia de enfermedad por coronavirus (COVID-19) y la importancia de garantizar la seguridad y la salud del personal de mantenimiento de la paz, mantener la continuidad en la ejecución de los mandatos fundamentales, incluida la protección de los civiles, reducir al mínimo el riesgo de que las actividades de la misión causen la propagación del virus y, cuando proceda y en el marco de los mandatos, apoyar a las autoridades nacionales, a petición de estas, en su respuesta a la COVID-19, en colaboración con el Coordinador Residente y otras entidades de las Naciones Unidas en el país;</p>
        </content>
      </paragraph>
      <paragraph eId="para_24" class="SingleTxt">
        <num>	16.</num>
        <content eId="para_24__content">
          <p xml:space="preserve">
            <span class="italic">Solicita</span> al Secretario General que en su próximo informe de ejecución incluya información sobre la forma en que ha respondido la Fuerza y sobre las enseñanzas extraídas de las epidemias y pandemias pasadas y presentes, y que proponga opciones para mejorar la preparación de cara a futuras epidemias y pandemias, en particular en lo que respecta a la continuidad de las operaciones;</p>
        </content>
      </paragraph>
      <paragraph eId="para_25" class="SingleTxt">
        <num>	17.</num>
        <content eId="para_25__content">
          <p xml:space="preserve">
            <span class="italic">Observa</span> los progresos realizados en la aplicación de la estrategia ambiental plurianual para reducir la huella de las operaciones de mantenimiento de la paz y solicita al Secretario General que mejore las medidas para aplicar la estrategia en todas las misiones de mantenimiento de la paz, en consonancia con los cinco pilares de la estrategia, de conformidad con las condiciones particulares sobre el terreno, y cumpliendo plenamente las normas y reglamentos pertinentes, y que informe al respecto en el contexto de su próximo informe sinóptico; </p>
        </content>
      </paragraph>
      <paragraph eId="para_26" class="SingleTxt">
        <num>	18.</num>
        <content eId="para_26__content">
          <p xml:space="preserve">
            <span class="italic">Expresa preocupación</span> por las denuncias de explotación y abusos sexuales comunicadas en las misiones de mantenimiento de la paz, y solicita al Secretario General que siga aplicando su política de tolerancia cero frente a la explotación y los abusos sexuales con respecto a todo el personal civil, militar y de policía, y que informe al respecto en el contexto de su próximo informe sobre cuestiones transversales; </p>
        </content>
      </paragraph>
      <paragraph eId="para_27" class="SingleTxt">
        <num>	19.</num>
        <content eId="para_27__content">
          <p xml:space="preserve">
            <span class="italic">Reconoce</span> los crecientes problemas de seguridad a que se enfrenta el personal de mantenimiento de la paz de las Naciones Unidas, reafirma su compromiso de mejorar la seguridad del personal de la Fuerza, en particular el personal uniformado, y solicita al Secretario General que siga reforzando las medidas en este sentido y que la informe al respecto en el contexto de la próxima solicitud presupuestaria para la Fuerza; </p>
        </content>
      </paragraph>
      <paragraph eId="para_28" class="SingleTxt">
        <num>	20.</num>
        <content eId="para_28__content">
          <p xml:space="preserve">
            <span class="italic">Reafirma</span> lo dispuesto en la sección XVIII de su resolución <a href="https://undocs.org/es/A/RES/61/276">61/276</a>, reconoce además que los proyectos de efecto rápido apoyan en gran medida el cumplimiento de los mandatos de las misiones, destaca la necesidad de que todos esos proyectos se ejecuten de forma oportuna y responsable, con la debida rendición de cuentas, y solicita al Secretario General que mejore los efectos de los proyectos y se ocupe de los problemas subyacentes; </p>
        </content>
      </paragraph>
      <paragraph eId="para_29" class="SingleTxt">
        <num>	21.</num>
        <content eId="para_29__content">
          <p xml:space="preserve">
            <span class="italic">Solicita</span> al Secretario General que, al formular las solicitudes presupuestarias, considere las posibilidades de transferir más funciones al personal nacional, en consonancia con los mandatos y las necesidades de la misión; </p>
        </content>
      </paragraph>
      <paragraph eId="para_30" class="SingleTxt">
        <num>	22.</num>
        <content eId="para_30__content">
          <p xml:space="preserve">
            <span class="italic">Reitera</span> su preocupación por el elevado número de vacantes en relación con el personal civil y reitera además su solicitud al Secretario General de que asegure que los puestos vacantes se cubran a la mayor brevedad posible; </p>
        </content>
      </paragraph>
      <paragraph eId="para_31" class="SingleTxt">
        <num>	23.</num>
        <content eId="para_31__content">
          <p xml:space="preserve">
            <span class="italic">Solicita</span> al Secretario General que asegure que los puestos vacantes se cubran a la mayor brevedad posible y decide no suprimir los puestos que hayan estado vacantes durante 24 meses o más en el ejercicio presupuestario en curso;</p>
        </content>
      </paragraph>
      <paragraph eId="para_32" class="SingleTxt">
        <num>	24.</num>
        <content eId="para_32__content">
          <p xml:space="preserve">
            <span class="italic">Solicita también</span> al Secretario General que examine los puestos que hayan estado vacantes durante 24 meses o más y que, en su próxima solicitud presupuestaria, proponga bien su mantenimiento, aportando una justificación clara de su necesidad, bien su supresión; </p>
        </content>
      </paragraph>
      <paragraph eId="para_33" class="SingleTxt">
        <num>	25.</num>
        <content eId="para_33__content">
          <p xml:space="preserve">
            <span class="italic">Solicita además</span> al Secretario General que realice una evaluación comparativa de los servicios prestados por las respectivas entidades para las actividades relativas a las minas y que presente los resultados en el contexto de su próximo informe; </p>
        </content>
      </paragraph>
      <paragraph eId="para_34" class="SingleTxt">
        <num>	26.</num>
        <content eId="para_34__content">
          <p xml:space="preserve">
            <span class="italic">Reconoce</span> el importante papel que desempeñan los agentes regionales y subregionales en las operaciones de mantenimiento de la paz y, a este respecto, alienta al Secretario General a que profundice la asociación, la cooperación y la coordinación de las Naciones Unidas con los agentes regionales y subregionales, de conformidad con los mandatos pertinentes, y a que facilite información sobre la profundización de esas formas de colaboración en el contexto de su próximo informe;</p>
        </content>
      </paragraph>
      <paragraph eId="para_35" class="SingleTxt">
        <num>	27.</num>
        <content eId="para_35__content">
          <p xml:space="preserve">
            <span class="italic">Solicita</span> al Secretario General que asegure el pleno cumplimiento de las disposiciones pertinentes de sus resoluciones <a href="https://undocs.org/es/A/RES/59/296">59/296</a>, <a href="https://undocs.org/es/A/RES/60/266">60/266</a>, <a href="https://undocs.org/es/A/RES/61/276">61/276</a>, <a href="https://undocs.org/es/A/RES/64/269">64/269</a>, <a href="https://undocs.org/es/A/RES/65/289">65/289</a>, <a href="https://undocs.org/es/A/RES/66/264">66/264</a>, <a href="https://undocs.org/es/A/RES/69/307">69/307</a> y <a href="https://undocs.org/es/A/RES/70/286">70/286</a>; </p>
        </content>
      </paragraph>
      <paragraph eId="para_36" class="SingleTxt">
        <num>	28.</num>
        <content eId="para_36__content">
          <p xml:space="preserve">
            <span class="italic">Solicita también</span> al Secretario General que tome todas las medidas necesarias para que la Fuerza se administre con el máximo de eficiencia y economía; </p>
        </content>
      </paragraph>
      <paragraph eId="para_37" class="H23">
        <subheading>		Informe sobre la ejecución del presupuesto para el período comprendido entre el 1 de julio de 2018 y el 30 de junio de 2019</subheading>
      </paragraph>
      <paragraph eId="para_38" class="SingleTxt">
        <num>	29.</num>
        <content eId="para_38__content">
          <p xml:space="preserve">
            <span class="italic">Toma nota</span> del informe del Secretario General sobre la ejecución del presupuesto de la Fuerza para el período comprendido entre el 1 de julio de 2018 y el 30 de junio de 2019<authorialNote marker="4" placement="bottom" eId="authorialNote_4"><p xml:space="preserve"><a href="https://undocs.org/es/A/74/598">A/74/598</a>.</p></authorialNote>; </p>
        </content>
      </paragraph>
      <paragraph eId="para_39" class="H23">
        <subheading>		Estimaciones presupuestarias para el período comprendido entre el 1 de julio de 2020 y el 30 de junio de 2021</subheading>
      </paragraph>
      <paragraph eId="para_40" class="SingleTxt">
        <num>	30.</num>
        <content eId="para_40__content">
          <p xml:space="preserve">
            <span class="italic">Decide</span> consignar en la cuenta especial para la Fuerza de las Naciones Unidas para el Mantenimiento de la Paz en Chipre la suma de 55.206.800 dólares para el período comprendido entre el 1 de julio de 2020 y el 30 de junio de 2021, suma que incluye 51.750.100 dólares para el mantenimiento de la Fuerza, 2.958.100 dólares para la cuenta de apoyo para las operaciones de mantenimiento de la paz y 498.600 dólares para la Base Logística de las Naciones Unidas en Bríndisi (Italia);</p>
        </content>
      </paragraph>
      <paragraph eId="para_41" class="H23">
        <subheading>		Financiación de la consignación correspondiente al período comprendido entre el 1 de julio de 2020 y el 30 de junio de 2021</subheading>
      </paragraph>
      <paragraph eId="para_42" class="SingleTxt">
        <num>	31.</num>
        <content eId="para_42__content">
          <p xml:space="preserve">
            <span class="italic">Observa con reconocimiento</span> que una tercera parte de la consignación neta, equivalente a 17.435.900 dólares, se financiará con contribuciones voluntarias del Gobierno de Chipre y la suma de 6,5 millones de dólares aportada por el Gobierno de Grecia; </p>
        </content>
      </paragraph>
      <paragraph eId="para_43" class="SingleTxt">
        <num>	32.</num>
        <content eId="para_43__content">
          <p xml:space="preserve">
            <span class="italic">Decide</span> prorratear entre los Estados Miembros la suma de 2.605.908 dólares para el período comprendido entre el 1 y el 31 de julio de 2020, de conformidad con los niveles actualizados en su resolución <a href="https://undocs.org/es/A/RES/73/272">73/272</a>, de 22 de diciembre de 2018, teniendo en cuenta la escala de cuotas para 2020, que figura en su resolución <a href="https://undocs.org/es/A/RES/73/271">73/271</a>, de 22 de diciembre de 2018; </p>
        </content>
      </paragraph>
      <paragraph eId="para_44" class="SingleTxt">
        <num>	33.</num>
        <content eId="para_44__content">
          <p xml:space="preserve">
            <span class="italic">Decide también</span> que, de conformidad con lo dispuesto en su resolución <a href="https://undocs.org/es/A/RES/973(X)">973 (X)</a>, de 15 de diciembre de 1955, se deduzcan de los montos resultantes del prorrateo entre los Estados Miembros indicado en el párrafo 32 las partes que les correspondan de la suma de 241.583 dólares en el Fondo de Nivelación de Impuestos, suma que se compone de los ingresos estimados en concepto de contribuciones del personal aprobados para la Fuerza, por valor de 217.725 dólares, la parte que corresponde a la Fuerza en el prorrateo de los ingresos estimados en concepto de contribuciones del personal aprobados para la cuenta de apoyo, por valor de 19.808 dólares, y la parte que corresponde a la Fuerza en el prorrateo de los ingresos estimados en concepto de contribuciones del personal aprobados para la Base Logística de las Naciones Unidas, por valor de 4.050 dólares;</p>
        </content>
      </paragraph>
      <paragraph eId="para_45" class="SingleTxt">
        <num>	34.</num>
        <content eId="para_45__content">
          <p xml:space="preserve">
            <span class="italic">Decide además</span> prorratear entre los Estados Miembros la suma de 28.664.992 dólares para el período comprendido entre el 1 de agosto de 2020 y el 30 de junio de 2021, a razón de 2.605.908 dólares por mes, de conformidad con los niveles actualizados en su resolución <a href="https://undocs.org/es/A/RES/73/272">73/272</a>, y teniendo en cuenta la escala de cuotas para 2020 y 2021, que figura en su resolución <a href="https://undocs.org/es/A/RES/73/271">73/271</a>, siempre que el Consejo de Seguridad decida prorrogar el mandato de la Fuerza;	</p>
        </content>
      </paragraph>
      <paragraph eId="para_46" class="SingleTxt">
        <num>	35.</num>
        <content eId="para_46__content">
          <p xml:space="preserve">
            <span class="italic">Decide</span> que, de conformidad con lo dispuesto en su resolución <a href="https://undocs.org/es/A/RES/973(X)">973 (X)</a>, se deduzcan de los montos resultantes del prorrateo entre los Estados Miembros indicado en el párrafo 34 las partes que les correspondan de la suma de 2.657.417 dólares en el Fondo de Nivelación de Impuestos, suma que se compone de los ingresos estimados en concepto de contribuciones del personal aprobados para la Fuerza, por valor de 2.394.975 dólares, la parte que corresponde a la Fuerza en el prorrateo de los ingresos estimados en concepto de contribuciones del personal aprobados para la cuenta de apoyo, por valor de 217.892 dólares, y la parte que corresponde a la Fuerza en el prorrateo de los ingresos estimados en concepto de contribuciones del personal aprobados para la Base Logística de las Naciones Unidas, por valor de 44.550 dólares; </p>
        </content>
      </paragraph>
      <paragraph eId="para_47" class="SingleTxt">
        <num>	36.</num>
        <content eId="para_47__content">
          <p xml:space="preserve">
            <span class="italic">Decide también</span> que, en el caso de los Estados Miembros que hayan cumplido sus obligaciones financieras con la Fuerza, se deduzcan de los montos resultantes del prorrateo indicado en los párrafos 32 y 34 las partes que les correspondan del saldo no comprometido y de otros ingresos, que ascienden a 661.333 dólares en relación con el ejercicio económico terminado el 30 de junio de 2019, de conformidad con los niveles actualizados en su resolución <a href="https://undocs.org/es/A/RES/73/272">73/272</a>, y teniendo en cuenta la escala de cuotas para 2019, que figura en su resolución <a href="https://undocs.org/es/A/RES/73/271">73/271</a>; </p>
        </content>
      </paragraph>
      <paragraph eId="para_48" class="SingleTxt">
        <num>	37.</num>
        <content eId="para_48__content">
          <p xml:space="preserve">
            <span class="italic">Decide además</span> que, en el caso de los Estados Miembros que no hayan cumplido sus obligaciones financieras con la Fuerza, se deduzcan de sus obligaciones pendientes de pago las partes que les correspondan del saldo no comprometido y de otros ingresos, que ascienden a 661.333 dólares en relación con el ejercicio económico terminado el 30 de junio de 2019, con arreglo al procedimiento previsto en el párrafo 36; </p>
        </content>
      </paragraph>
      <paragraph eId="para_49" class="SingleTxt">
        <num>	38.</num>
        <content eId="para_49__content">
          <p xml:space="preserve">
            <span class="italic">Decide</span> que la disminución de 82.400 dólares en los ingresos estimados en concepto de contribuciones del personal en relación con el ejercicio económico terminado el 30 de junio de 2019 se deduzca de las sumas acreditables por valor de 661.333 dólares a que se hace referencia en los párrafos 36 y 37; </p>
        </content>
      </paragraph>
      <paragraph eId="para_50" class="SingleTxt">
        <num>	39.</num>
        <content eId="para_50__content">
          <p xml:space="preserve">
            <span class="italic">Decide también</span> que, teniendo en cuenta la contribución voluntaria del Gobierno de Chipre para el ejercicio económico terminado el 30 de junio de 2019, se devuelva a dicho Gobierno una tercera parte del saldo neto no comprometido y de otros ingresos, por valor de 600.407 dólares, en relación con el ejercicio económico terminado el 30 de junio de 2019; </p>
        </content>
      </paragraph>
      <paragraph eId="para_51" class="SingleTxt">
        <num>	40.</num>
        <content eId="para_51__content">
          <p xml:space="preserve">
            <span class="italic">Decide además</span> que, teniendo en cuenta la contribución voluntaria del Gobierno de Grecia para el ejercicio económico terminado el 30 de junio de 2019, se devuelva a dicho Gobierno la parte que le corresponda en el prorrateo del saldo neto no comprometido y de otros ingresos, por valor de 218.690 dólares, en relación con el ejercicio económico terminado el 30 de junio de 2019; </p>
        </content>
      </paragraph>
      <paragraph eId="para_52" class="SingleTxt">
        <num>	41.</num>
        <content eId="para_52__content">
          <p xml:space="preserve">
            <span class="italic">Decide</span> seguir manteniendo por separado la cuenta abierta para la Fuerza para el período anterior al 16 de junio de 1993, invita a los Estados Miembros a que hagan contribuciones voluntarias a esa cuenta y solicita al Secretario General que siga pidiendo contribuciones voluntarias para ella; </p>
        </content>
      </paragraph>
      <paragraph eId="para_53" class="SingleTxt">
        <num>	42.</num>
        <content eId="para_53__content">
          <p xml:space="preserve">
            <span class="italic">Alienta</span> al Secretario General a que siga tomando nuevas medidas para garantizar la seguridad de todo el personal que participa en la Fuerza bajo los auspicios de las Naciones Unidas, teniendo presente lo dispuesto en los párrafos 5 y 6 de la resolución <a href="https://undocs.org/es/S/RES/1502(2003)">1502 (2003)</a> del Consejo de Seguridad, de 26 de agosto de 2003; </p>
        </content>
      </paragraph>
      <paragraph eId="para_54" class="SingleTxt">
        <num>	43.</num>
        <content eId="para_54__content">
          <p xml:space="preserve">
            <span class="italic">Invita</span> a que se hagan contribuciones voluntarias a la Fuerza, tanto en efectivo como en forma de servicios y suministros que sean aceptables para el Secretario General, las cuales se administrarán, según corresponda, con arreglo a los procedimientos y las prácticas establecidos por la Asamblea General; </p>
        </content>
      </paragraph>
      <paragraph eId="para_55" class="SingleTxt">
        <num>	44.</num>
        <content eId="para_55__content">
          <p xml:space="preserve">
            <span class="italic">Decide</span> incluir en el programa provisional de su septuagésimo quinto período de sesiones el tema titulado “Financiación de la Fuerza de las Naciones Unidas para el Mantenimiento de la Paz en Chipre”.</p>
        </content>
      </paragraph>
    </mainBody>
    <conclusions eId="conclusions">
      <p>
        <docDate date="2020-06-30" refersTo="#adoptionDate">30 de junio de 2020</docDate>
      </p>
    </conclusions>
  </statement>
</akomaNtoso>