<akomaNtoso xmlns:xsi="http://www.w3.org/2001/XMLSchema-instance" xsi:schemaLocation="http://docs.oasis-open.org/legaldocml/ns/akn/3.0 http://docs.oasis-open.org/legaldocml/akn-core/v1.0/os/part2-specs/schemas/akomantoso30.xsd" xmlns="http://docs.oasis-open.org/legaldocml/ns/akn/3.0" xmlns:html="http://www.w3.org/1999/xhtml" xmlns:akn4un="http://un.org/akn4un">
  <statement name="resolution">
    <meta>
      <identification source="#DGACM">
        <FRBRWork>
          <FRBRthis value="/akn/un/statement/deliberation/unga/2019-12-19/74-227/!main/"></FRBRthis>
          <FRBRuri value="/akn/un/statement/deliberation/unga/2019-12-19/74-227/"></FRBRuri>
          <FRBRdate date="2019-12-19" name="adoption"></FRBRdate>
          <FRBRauthor href="ga" as="author"></FRBRauthor>
          <FRBRcountry value="un"></FRBRcountry>
        </FRBRWork>
        <FRBRExpression>
          <FRBRthis value="/akn/un/statement/deliberation/unga/2019-12-19/74-227/spa@!main/"></FRBRthis>
          <FRBRuri value="/akn/un/statement/deliberation/unga/2019-12-19/74-227/spa@/"></FRBRuri>
          <FRBRdate date="2020-01-21" name="publication"></FRBRdate>
          <FRBRauthor href="ga" as="issuer"></FRBRauthor>
          <FRBRlanguage language="spa"></FRBRlanguage>
        </FRBRExpression>
        <FRBRManifestation>
          <FRBRthis value="/akn/un/statement/deliberation/unga/2019-12-19/74-227/spa@/!main.xml"></FRBRthis>
          <FRBRuri value="/akn/un/statement/deliberation/unga/2019-12-19/74-227/spa@.xml"></FRBRuri>
          <FRBRdate date="2020-08-17" name="markup"></FRBRdate>
          <FRBRauthor href="DGACM" as="editor"></FRBRauthor>
        </FRBRManifestation>
      </identification>
      <classification source="http://metadata.un.org/sdg">
        <keyword value="2" href="http://metadata.un.org/sdg/2" showAs="sdg_2" dictionary="SDGO"></keyword>
        <keyword value="food_shortage" href="http://eurovoc.europa.eu/2318" showAs="food_shortage" dictionary="EuroVoc"></keyword>
        <keyword value="sustainable_agriculture" href="http://eurovoc.europa.eu/6308" showAs="sustainable_agriculture" dictionary="EuroVoc"></keyword>
        <keyword value="food_security" href="http://eurovoc.europa.eu/c_4523e1dd" showAs="food_security" dictionary="EuroVoc"></keyword>
        <keyword value="food_security" href="http://metadata.un.org/thesaurus/1002439" showAs="food_security" dictionary="UNBIS Thesaurus"></keyword>
        <keyword value="food_shortage" href="http://metadata.un.org/thesaurus/1002440" showAs="food_shortage" dictionary="UNBIS Thesaurus"></keyword>
        <keyword value="hunger" href="http://metadata.un.org/thesaurus/1003004" showAs="hunger" dictionary="UNBIS Thesaurus"></keyword>
        <keyword value="sustainable_agriculture" href="http://metadata.un.org/thesaurus/1006317" showAs="sustainable_agriculture" dictionary="UNBIS Thesaurus"></keyword>
      </classification>
      <classification source="http://metadata.un.org/sdg">
        <keyword value="5" href="http://metadata.un.org/sdg/5" showAs="sdg_5" dictionary="SDGO"></keyword>
        <keyword value="gender_equality" href="http://eurovoc.europa.eu/3913" showAs="gender_equality" dictionary="EuroVoc"></keyword>
        <keyword value="participation_of_women" href="http://eurovoc.europa.eu/2265" showAs="participation_of_women" dictionary="EuroVoc"></keyword>
        <keyword value="women&amp;#39;s_rights" href="http://eurovoc.europa.eu/585" showAs="women&amp;#39;s_rights" dictionary="EuroVoc"></keyword>
        <keyword value="position_of_women" href="http://eurovoc.europa.eu/81" showAs="position_of_women" dictionary="EuroVoc"></keyword>
        <keyword value="women" href="http://metadata.un.org/thesaurus/1007029" showAs="women" dictionary="UNBIS Thesaurus"></keyword>
        <keyword value="gender_equality" href="http://metadata.un.org/thesaurus/1002612" showAs="gender_equality" dictionary="UNBIS Thesaurus"></keyword>
        <keyword value="girls" href="http://metadata.un.org/thesaurus/1002684" showAs="girls" dictionary="UNBIS Thesaurus"></keyword>
      </classification>
      <classification source="http://metadata.un.org/sdg">
        <keyword value="15" href="http://metadata.un.org/sdg/15" showAs="sdg_15" dictionary="SDGO"></keyword>
        <keyword value="deforestation" href="http://eurovoc.europa.eu/339" showAs="deforestation" dictionary="EuroVoc"></keyword>
        <keyword value="desertification" href="http://eurovoc.europa.eu/416" showAs="desertification" dictionary="EuroVoc"></keyword>
        <keyword value="biodiversity" href="http://eurovoc.europa.eu/5463" showAs="biodiversity" dictionary="EuroVoc"></keyword>
        <keyword value="land,_plant_and_soil_resources" href="http://metadata.un.org/thesaurus/030600" showAs="land,_plant_and_soil_resources" dictionary="UNBIS Thesaurus"></keyword>
        <keyword value="deforestation" href="http://metadata.un.org/thesaurus/1001550" showAs="deforestation" dictionary="UNBIS Thesaurus"></keyword>
      </classification>
      <classification source="http://metadata.un.org/sdg">
        <keyword value="16" href="http://metadata.un.org/sdg/16" showAs="sdg_16" dictionary="SDGO"></keyword>
        <keyword value="right_to_justice" href="http://eurovoc.europa.eu/516" showAs="right_to_justice" dictionary="EuroVoc"></keyword>
        <keyword value="sustainable_development" href="http://eurovoc.europa.eu/5585" showAs="sustainable_development" dictionary="EuroVoc"></keyword>
        <keyword value="civil_society" href="http://metadata.un.org/thesaurus/1001012" showAs="civil_society" dictionary="UNBIS Thesaurus"></keyword>
        <keyword value="justice" href="http://metadata.un.org/thesaurus/1003500" showAs="justice" dictionary="UNBIS Thesaurus"></keyword>
        <keyword value="peaceful_coexistence" href="http://metadata.un.org/thesaurus/1004777" showAs="peaceful_coexistence" dictionary="UNBIS Thesaurus"></keyword>
        <keyword value="public_institutions" href="http://metadata.un.org/thesaurus/1005254" showAs="public_institutions" dictionary="UNBIS Thesaurus"></keyword>
        <keyword value="social_justice" href="http://metadata.un.org/thesaurus/1005970" showAs="social_justice" dictionary="UNBIS Thesaurus"></keyword>
        <keyword value="sustainable_development" href="http://metadata.un.org/thesaurus/1006319" showAs="sustainable_development" dictionary="UNBIS Thesaurus"></keyword>
      </classification>
      <classification source="http://metadata.un.org/sdg">
        <keyword value="17" href="http://metadata.un.org/sdg/17" showAs="sdg_17" dictionary="SDGO"></keyword>
        <keyword value="sustainable_development" href="http://eurovoc.europa.eu/5585" showAs="sustainable_development" dictionary="EuroVoc"></keyword>
        <keyword value="partnership" href="http://eurovoc.europa.eu/4199" showAs="partnership" dictionary="EuroVoc"></keyword>
        <keyword value="sustainable_development" href="http://metadata.un.org/thesaurus/1006319" showAs="sustainable_development" dictionary="UNBIS Thesaurus"></keyword>
        <keyword value="partnership" href="http://metadata.un.org/thesaurus/1004748" showAs="partnership" dictionary="UNBIS Thesaurus"></keyword>
      </classification>
      <workflow source="#un">
        <step date="2019-11-20" outcome="draftResolution" as="A/C.2/74/L.50/Rev.1" by="Albania, Armenia, Bhutan, Bolivia (Plurinational State of), Cameroon, Italy, Kyrgyzstan, Lebanon, Mauritius, Mongolia, Myanmar, Nepal, Peru, Philippines, Seychelles, Sri Lanka, Tajikistan and Turkmenistan" />
        <step date="0001-01-01" outcome="draftResolutionAdditionalSponsors" by="Afghanistan, Andorra, Argentina, Austria, Azerbaijan, Bangladesh, Belarus, Belgium, Bosnia and Herzegovina, Bulgaria, Burkina Faso, Canada, Central African Republic, Chad, Costa Rica, Croatia, Cyprus, Czechia, Denmark, Djibouti, Ecuador, El Salvador, Estonia, Finland, France, Germany, Greece, Hungary, Iceland, Ireland, Israel, Jordan, Kazakhstan, Latvia, Liechtenstein, Lithuania, Luxembourg, Mali, Malta, Montenegro, Morocco, Netherlands, North Macedonia, Norway, Poland, Portugal, Republic of Moldova, Romania, San Marino, Serbia, Sierra Leone, Slovakia, Slovenia, Spain, Sweden, Switzerland, Thailand, Tunisia, Uganda, Ukraine, United Kingdom and Uzbekistan" />
        <step date="0001-01-01" outcome="recommendedForAdoption" as="A/74/381/Add.12" by="" refersTo="7" />
        <step date="2019-12-19" outcome="adopted" as="A/74/PV.52" by="" />
      </workflow>
      <analysis source="#un">
        <parliamentary>
          <voting outcome="adoptedWithoutVote">
            <quorum value=""></quorum>
          </voting>
        </parliamentary>
      </analysis>
      <references source="#DGACM">
        <TLCOrganization eId="source" href="/akn/ontology/organization/un/DGACM" showAs="DGACM"></TLCOrganization>
        <TLCConcept eId="dateOfIssuance" href="/akn/ontology/concept/un/dateOfIssuance" showAs="Date of issuance"></TLCConcept>
        <TLCConcept eId="dateOfAdoption" href="/akn/ontology/concept/un/dateOfAdoption" showAs="Date of adoption"></TLCConcept>
        <TLCConcept eId="symbol" href="/akn/ontology/reference/un/symbol" showAs="Symbol"></TLCConcept>
        <TLCRole eId="publisher" href="/akn/ontology/role/un/publisher" showAs="Publisher"></TLCRole>
        <TLCRole eId="issuingBody" href="/akn/role/concept/un/issuingBody" showAs="Issuing body"></TLCRole>
        <TLCRole eId="author" href="/akn/ontology/role/un/author" showAs="Author"></TLCRole>
        <TLCRole eId="editor" href="/akn/ontology/role/un/editor" showAs="Editor"></TLCRole>
        <TLCRole eId="distribution" href="/akn/ontology/concept/un/generalDistribution" showAs="General distribution"></TLCRole>
        <TLCOrganization eId="ga" href="/akn/ontology/organization/un/generalAssembly" showAs="General Assembly"></TLCOrganization>
        <TLCTerm eId="resolutionTitle" href="/akn/ontology/reference/un/resolutionTitle" showAs="Resolution title"></TLCTerm>
        <TLCTerm eId="secondCommittee" href="#secondCommittee" showAs="Segunda Comisión"></TLCTerm>
        <TLCTerm eId="memberState" href="/akn/ontology/organization/un/memberState" showAs="Member State"></TLCTerm>
        <TLCTerm eId="inFavour" href="/akn/ontology/concept/un/voting/inFavour" showAs="In favour"></TLCTerm>
        <TLCTerm eId="against" href="/akn/ontology/concept/un/voting/against" showAs="Against"></TLCTerm>
        <TLCTerm eId="abstaining" href="/akn/ontology/concept/un/voting/abstaining" showAs="Abstaining"></TLCTerm>
      </references>
      <presentation source="#un">
        <akn4un:footerFirstPage>
          <akn4un:footerFirstPageLeft>
            <akn4un:internalCode>
              <docketNumber refersTo="#publicationJobNumber">19-22499 (S)</docketNumber>
              <img alt="bar code" class="barCode" src=""></img>
            </akn4un:internalCode>
          </akn4un:footerFirstPageLeft>
          <akn4un:footerFirstPageRight>
            <img alt="Please recycle" class="image" src="./recylcleLogo.jpg"></img>
            <img alt="embedded QR code" class="qrCode" src=""></img>
          </akn4un:footerFirstPageRight>
        </akn4un:footerFirstPage>
      </presentation>
    </meta>
    <coverPage eId="coverPage_1">
      <p>
        <span refersTo="#publisher" class="upperLeft">
          <docAuthority refersTo="#publisher">Naciones Unidas</docAuthority>
        </span>
      </p>
      <p class="upperRight">
        <docNumber refersTo="#symbol">A/RES/74/227</docNumber>
      </p>
      <p class="upperLeft">
        <img src="logo-un.jpg"></img>
        <docAuthority refersTo="#issuingBody" class="rightBig">Asamblea General</docAuthority>
      </p>
      <p>
        <docStatus refersTo="#generalDistribution" class="rightSmall">Distr. general</docStatus>
      </p>
      <p>
        <docDate date="2020-01-21" class="rightSmall" refersTo="#dateOfIssuance">21 de enero de 2020</docDate>
      </p>
      <p>
        <session refersTo="#generalAssembly" value="74" eId="coverPage_1__session_1">Septuagésimo cuarto período de sesiones</session>
      </p>
      <p>
        <inline name="agenda item">Tema 19 l) del programa</inline>
      </p>
      <p>
        <inline name="agenda item name">Desarrollo sostenible: desarrollo sostenible de las montañas</inline>
      </p>
      <p>
        <docTitle>Resolución aprobada por la Asamblea General el 19 de diciembre de 2019</docTitle>
      </p>
      <p xml:space="preserve">
        <docProponent refersTo="#secondCommittee">[sobre la base del informe de la Segunda Comisión (<inline name="originating document">A/74/381/Add.12</inline>)]</docProponent>
      </p>
    </coverPage>
    <preface>
      <p>
        <docNumber>74/227.</docNumber>
        <docTitle refersTo="#resolutionTitle">Desarrollo sostenible de las montañas</docTitle>
      </p>
    </preface>
    <preamble>
      <formula name="enactingFormula" eId="formula_1">
        <p xml:space="preserve">
          <span class="italic">La Asamblea General</span>,</p>
      </formula>
      <container name="Recordando" eId="container_2">
        <p xml:space="preserve">
          <span class="italic">Recordando</span> sus resoluciones <a href="https://undocs.org/sp/A/RES/55/189">55/189</a>, de 20 de diciembre de 2000, <a href="https://undocs.org/sp/A/RES/57/245">57/245</a>, de 20 de diciembre de 2002, <a href="https://undocs.org/sp/A/RES/58/216">58/216</a>, de 23 de diciembre de 2003, y <a href="https://undocs.org/sp/A/RES/59/238">59/238</a>, de 22 de diciembre de 2004, y sus resoluciones <a href="https://undocs.org/sp/A/RES/60/198">60/198</a>, de 22 de diciembre de 2005, <a href="https://undocs.org/sp/A/RES/62/196">62/196</a>, de 19 de diciembre de 2007, <a href="https://undocs.org/sp/A/RES/64/205">64/205</a>, de 21 de diciembre de 2009, <a href="https://undocs.org/sp/A/RES/66/205">66/205</a>, de 22 de diciembre de 2011, <a href="https://undocs.org/sp/A/RES/68/217">68/217</a>, de 20 de diciembre de 2013, y <a href="https://undocs.org/sp/A/RES/71/234">71/234</a>, de 21 de diciembre de 2016, titulada “Desarrollo sostenible de las montañas”, </p>
      </container>
      <container name="Reafirmando" eId="container_3">
        <p xml:space="preserve">
          <span class="italic">Reafirmando</span> su resolución <a href="https://undocs.org/sp/A/RES/70/1">70/1</a>, de 25 de septiembre de 2015, titulada “Transformar nuestro mundo: la Agenda 2030 para el Desarrollo Sostenible”, en la que adoptó un amplio conjunto de Objetivos de Desarrollo Sostenible y metas universales y transformativos, de gran alcance y centrados en las personas, su compromiso de trabajar sin descanso a fin de conseguir la plena implementación de la Agenda a más tardar en 2030, su reconocimiento de que la erradicación de la pobreza en todas sus formas y dimensiones, incluida la pobreza extrema, es el mayor desafío a que se enfrenta el mundo y constituye un requisito indispensable para el desarrollo sostenible, su compromiso de lograr el desarrollo sostenible en sus tres dimensiones —económica, social y ambiental— de forma equilibrada e integrada, y que se aprovecharán los logros de los Objetivos de Desarrollo del Milenio y se procurará abordar los asuntos pendientes,</p>
      </container>
      <container name="Recordando" eId="container_4">
        <p xml:space="preserve">
          <span class="italic">Recordando</span> que la Agenda 2030 para el Desarrollo Sostenible, entre otras cosas, reconoce que el desarrollo económico y social depende de la gestión sostenible de los recursos naturales de nuestro planeta y confirma la determinación de la comunidad internacional de preservar y utilizar sosteniblemente los océanos, los mares y los recursos de agua dulce, así como los bosques, las montañas y las zonas áridas, y de proteger la diversidad biológica, los ecosistemas y la flora y fauna silvestres, </p>
      </container>
      <container name="Reafirmando " eId="container_5">
        <p xml:space="preserve">
          <span class="italic">Reafirmando </span>su resolución <a href="https://undocs.org/sp/A/RES/69/313">69/313</a>, de 27 de julio de 2015, relativa a la Agenda de Acción de Addis Abeba de la Tercera Conferencia Internacional sobre la Financiación para el Desarrollo, que es parte integral de la Agenda 2030 para el Desarrollo Sostenible, le sirve de apoyo y complemento, ayuda a contextualizar las metas relativas a sus medios de implementación con políticas y medidas concretas, y reafirma el resuelto compromiso político de hacer frente al problema de la financiación y de la creación de un entorno propicio a todos los niveles para el desarrollo sostenible, en un espíritu de alianza y solidaridad mundiales,</p>
      </container>
      <container name="Reafirmando también " eId="container_6">
        <p xml:space="preserve">
          <span class="italic">Reafirmando también </span>el Acuerdo de París<authorialNote marker="1" placement="bottom" eId="authorialNote_1"><p xml:space="preserve">		Véase <a href="https://undocs.org/sp/FCCC/CP/2015/10/Add.1">FCCC/CP/2015/10/Add.1</a>, decisión 1/CP.21, anexo.</p></authorialNote> y su pronta entrada en vigor, alentando a todas las partes en el Acuerdo a que lo apliquen plenamente, y alentando a las partes en la Convención Marco de las Naciones Unidas sobre el Cambio Climático<authorialNote marker="2" placement="bottom" eId="authorialNote_2"><p xml:space="preserve">		Naciones Unidas, <span class="italic">Treaty Series</span>, vol. 1771, núm. 30822.</p></authorialNote> que aún no lo hayan hecho a que depositen cuanto antes sus instrumentos de ratificación, aceptación, aprobación o adhesión, según corresponda, </p>
      </container>
      <container name="Resaltando " eId="container_7">
        <p xml:space="preserve">
          <span class="italic">	Resaltando </span>las sinergias entre la implementación de la Agenda 2030 y el Acuerdo de París, y haciendo notar con preocupación los hallazgos que figuran en los informes especiales del Grupo Intergubernamental de Expertos sobre el Cambio Climático titulados <span class="italic">Calentamiento global de 1,5 °C</span> y <span class="italic">The Ocean and Cryosphere in a Changing Climate</span> (El océano y la criosfera en un clima cambiante),</p>
      </container>
      <container name="Observando con preocupación " eId="container_8">
        <p xml:space="preserve">
          <span class="italic">	Observando con preocupación </span>los efectos adversos del cambio climático en las altas montañas, incluido el retroceso de los glaciares de montaña, el deshielo del permafrost, la pérdida masiva de los mantos de hielo y la disminución de la profundidad, la extensión y la duración de la cubierta de nieve,</p>
      </container>
      <container name="Acogiendo con beneplácito " eId="container_9">
        <p xml:space="preserve">
          <span class="italic">	Acogiendo con beneplácito </span>la celebración de la Cumbre sobre la Acción Climática 2019, convocada por el Secretario General el 23 de septiembre, tomando nota de las iniciativas y los compromisos de múltiples asociados que se presentaron durante la Cumbre, y tomando nota también de la Cumbre de la Juventud sobre el Clima, celebrada el 21 de septiembre,</p>
      </container>
      <container name="Recordando " eId="container_10">
        <p xml:space="preserve">
          <span class="italic">	Recordando </span>que la Convención Marco de las Naciones Unidas sobre el Cambio Climático, entre otras cosas, reconoce que los países en desarrollo con ecosistemas montañosos frágiles se cuentan entre los países que son particularmente vulnerables a los efectos adversos del cambio climático, </p>
      </container>
      <container name="Recordando también " eId="container_11">
        <p xml:space="preserve">
          <span class="italic">	Recordando también </span>el Convenio sobre la Diversidad Biológica<authorialNote marker="3" placement="bottom" eId="authorialNote_3"><p xml:space="preserve"><span class="italic">Ibid</span>., vol. 1760, núm. 30619.</p></authorialNote>, las Metas de Aichi para la Diversidad Biológica que figuran en su Plan Estratégico para la Diversidad Biológica 2011-2020<authorialNote marker="4" placement="bottom" eId="authorialNote_4"><p xml:space="preserve">	 	Programa de las Naciones Unidas para el Medio Ambiente, documento UNEP/CBD/COP/10/27, anexo, decisión X/2, anexo.</p></authorialNote> y su programa de trabajo sobre la diversidad biológica de las montañas,</p>
      </container>
      <container name="Observando con preocupación " eId="container_12">
        <p xml:space="preserve">
          <span class="italic">	Observando con preocupación </span>las conclusiones de la Plataforma Intergubernamental Científico-Normativa sobre Diversidad Biológica y Servicios de los Ecosistemas, destacando la necesidad urgente de hacer frente al declive sin precedentes de la diversidad biológica en todo el mundo y, a este respecto, aguardando con interés la cumbre de 2020 sobre la diversidad biológica y la 15ª reunión de la Conferencia de las Partes en el Convenio sobre la Diversidad Biológica, que aprobará un marco mundial para la diversidad biológica después de 2020,</p>
      </container>
      <container name="Recordando " eId="container_13">
        <p xml:space="preserve">
          <span class="italic">	Recordando </span>el plan estratégico de las Naciones Unidas para los bosques 2017-2030<authorialNote marker="5" placement="bottom" eId="authorialNote_5"><p xml:space="preserve">	 	Véase la resolución <a href="https://undocs.org/sp/A/RES/71/285">71/285</a>.</p></authorialNote> y el Decenio de las Naciones Unidas sobre la Restauración de los Ecosistemas (2021-2030)<authorialNote marker="6" placement="bottom" eId="authorialNote_6"><p xml:space="preserve">		Véase la resolución <a href="https://undocs.org/es/A/RES/73/284">73/284</a>.</p></authorialNote>, y observando con aprecio el Desafío de Bonn,</p>
      </container>
      <container name="Reconociendo" eId="container_14">
        <p xml:space="preserve">
          <span class="italic">Reconociendo</span> la Declaración de Sendái y el Marco de Sendái para la Reducción del Riesgo de Desastres 2015‑2030, aprobados en la Tercera Conferencia Mundial de las Naciones Unidas sobre la Reducción del Riesgo de Desastres<authorialNote marker="7" placement="bottom" eId="authorialNote_7"><p xml:space="preserve">	 	Resolución <a href="https://undocs.org/sp/A/RES/69/283">69/283</a>, anexos I y II.</p></authorialNote>, en el segundo de los cuales entre otras cosas se determina la necesidad de adoptar medidas específicas para invertir en la reducción del riesgo de desastres para la resiliencia, y en ese sentido considera importante promover, a nivel nacional y local, la incorporación de la evaluación, la representación cartográfica y la gestión de los riesgos de desastres en la planificación y gestión del desarrollo rural de, entre otras cosas, las montañas, incluso determinando las zonas que son seguras para los asentamientos humanos, y preservando al mismo tiempo las funciones de los ecosistemas que contribuyen a reducir los riesgos,</p>
      </container>
      <container name="Recordando " eId="container_15">
        <p xml:space="preserve">
          <span class="italic">Recordando </span>el documento final de la Conferencia de las Naciones Unidas sobre el Desarrollo Sostenible, titulado “El futuro que queremos”<authorialNote marker="8" placement="bottom" eId="authorialNote_8"><p xml:space="preserve">		Resolución <a href="https://undocs.org/sp/A/RES/66/288">66/288</a>, anexo.</p></authorialNote>, el Programa 21<authorialNote marker="9" placement="bottom" eId="authorialNote_9"><p xml:space="preserve"><span class="italic">		Informe de la Conferencia de las Naciones Unidas sobre el Medio Ambiente y el Desarrollo, Río de Janeiro, 3 a 14 de junio de 1992</span>, vol. I,<span class="italic"> Resoluciones aprobadas por la Conferencia </span>(publicación de las Naciones Unidas, núm. de venta: S.93.I.8 y corrección), resolución 1, anexo II.</p></authorialNote>, el Plan de Aplicación de las Decisiones de la Cumbre Mundial sobre el Desarrollo Sostenible (Plan de Aplicación de las Decisiones de Johannesburgo)<authorialNote marker="10" placement="bottom" eId="authorialNote_10"><p xml:space="preserve"><span class="italic">		Informe de la Cumbre Mundial sobre el Desarrollo Sostenible, Johannesburgo (Sudáfrica), 26 de agosto a 4 de septiembre de 2002 </span>(publicación de las Naciones Unidas, núm. de venta: S.03.II.A.1 y corrección), cap. I, resolución 2, anexo.</p></authorialNote>, y las Metas de Aichi para la Diversidad Biológica del Plan Estratégico para la Diversidad Biológica 2011‑2020, </p>
      </container>
      <container name="Reconociendo" eId="container_16">
        <p xml:space="preserve">
          <span class="italic">Reconociendo</span> que los beneficios derivados de las regiones montañosas son esenciales para el desarrollo sostenible y que los ecosistemas montañosos desempeñan un papel crucial al proporcionar agua y otros recursos y servicios esenciales a una gran parte de la población mundial,</p>
      </container>
      <container name="Reconociendo también" eId="container_17">
        <p xml:space="preserve">
          <span class="italic">Reconociendo también</span> que los ecosistemas montañosos son muy vulnerables a los crecientes efectos adversos del cambio climático, los fenómenos meteorológicos extremos, la deforestación, los incendios forestales y la degradación forestal, el cambio del uso de la tierra, la degradación de la tierra y los desastres naturales, de los que se recuperan lentamente, y que los glaciares de montaña de todo el mundo están retrocediendo y disminuyendo de grosor, con efectos crecientes sobre el medio ambiente, los medios de vida sostenibles y el bienestar humano, </p>
      </container>
      <container name="Reconociendo además" eId="container_18">
        <p xml:space="preserve">
          <span class="italic">Reconociendo además</span> que, pese a los progresos logrados en la promoción del desarrollo sostenible de las regiones montañosas y la conservación de los ecosistemas montañosos, incluida su diversidad biológica, la prevalencia de la pobreza, la inseguridad alimentaria, la exclusión social, la degradación ambiental y la exposición al riesgo de desastres sigue aumentando, particularmente en los países en desarrollo, y el acceso en condiciones de seguridad y a un precio asequible al agua potable, a servicios básicos de saneamiento y a servicios de energía modernos y sostenibles sigue siendo limitado,</p>
      </container>
      <container name="Reafirmando" eId="container_19">
        <p xml:space="preserve">
          <span class="italic">Reafirmando</span> que la igualdad de género y el empoderamiento de todas las mujeres y las niñas contribuirán decisivamente al progreso respecto de todos los Objetivos de Desarrollo Sostenible y las metas, y que no es posible alcanzar el pleno potencial humano y el desarrollo sostenible mientras la mitad de la humanidad siga viéndose denegado el pleno disfrute de los derechos humanos y las oportunidades,</p>
      </container>
      <container name="Observando con profunda preocupación" eId="container_20">
        <p xml:space="preserve">
          <span class="italic">	Observando con profunda preocupación</span> que se estima que en 2017 aproximadamente 340 millones de habitantes de zonas montañosas rurales de países en desarrollo, es decir, el 55 % de la población rural total de las zonas de montaña, eran vulnerables a la inseguridad alimentaria, lo que supone un pronunciado aumento respecto de la situación en 2012, y, a este respecto, reconociendo la necesidad de priorizar la atención especial y urgente que necesitan las zonas montañosas, incluso centrándose en los problemas específicos a los que se enfrentan y las oportunidades que proporcionan,</p>
      </container>
      <container name="Alentando " eId="container_21">
        <p xml:space="preserve">
          <span class="italic">	Alentando </span>a los Estados Miembros a que promuevan vías innovadoras para lograr el consumo y la producción sostenibles, en consonancia con lo dispuesto en la resolución 4/1 de la Asamblea de las Naciones Unidas sobre el Medio Ambiente, de 15 de marzo de 2019<authorialNote marker="11" placement="bottom" eId="authorialNote_11"><p xml:space="preserve"><a href="https://undocs.org/es/UNEP/EA.4/Res.1">UNEP/EA.4/Res.1</a>.</p></authorialNote>,</p>
      </container>
      <container name="Observando" eId="container_22">
        <p xml:space="preserve">
          <span class="italic">Observando</span> la labor de colaboración de la Alianza Internacional para el Desarrollo Sostenible en las Regiones de Montaña (Alianza para las Montañas), establecida en la Cumbre Mundial sobre el Desarrollo Sostenible como enfoque de múltiples interesados con el apoyo decidido de 381 miembros, a saber, 60 Gobiernos, 16 organizaciones intergubernamentales, 297 grupos principales y 8 autoridades subnacionales, y dedicada a la promoción del desarrollo sostenible en sus tres dimensiones —económica, social y ambiental— en las regiones montañosas,</p>
      </container>
      <container name="Observando con aprecio " eId="container_23">
        <p xml:space="preserve">
          <span class="italic">	Observando con aprecio </span>el establecimiento de grupos de amigos que promueven el desarrollo sostenible de las montañas, como el Grupo de Reflexión sobre las Montañas, en 2001, y el Grupo de Amigos de los Países Montañosos, en 2019,</p>
      </container>
    </preamble>
    <mainBody>
      <paragraph eId="para_24" class="SingleTxt">
        <num>	1.</num>
        <content eId="para_24__content">
          <p xml:space="preserve">
            <span class="italic">Toma nota </span>del informe del Secretario General sobre el desarrollo sostenible de las montañas<authorialNote marker="12" placement="bottom" eId="authorialNote_12"><p xml:space="preserve"><a href="https://undocs.org/sp/A/74/209">A/74/209</a>.</p></authorialNote>;</p>
        </content>
      </paragraph>
      <paragraph eId="para_25" class="SingleTxt">
        <num>	2.</num>
        <content eId="para_25__content">
          <p xml:space="preserve">
            <span class="italic">Alienta</span> a los Estados a que adopten una visión a largo plazo y enfoques holísticos, incluso incorporando políticas específicas para las montañas en las estrategias nacionales de desarrollo sostenible, redoblen sus esfuerzos para poner fin a la pobreza en todas sus formas y dimensiones, afronten la inseguridad alimentaria y la malnutrición, promuevan la conservación y la utilización sostenible de la diversidad biológica, los cultivos y las dietas tradicionales y luchen contra la exclusión social, la degradación ambiental y el riesgo de desastres en las zonas montañosas, teniendo en cuenta que un enfoque paisajístico integrado que aborde la gestión de los recursos naturales, incluidas las cuencas hidrográficas y la gestión forestal sostenible, así como la resiliencia al cambio climático mediante enfoques de múltiples interesados, puede llevar al desarrollo sostenible de las zonas altas, la mejora de los medios de vida de las comunidades locales de las montañas y la utilización sostenible de los recursos de las montañas;</p>
        </content>
      </paragraph>
      <paragraph eId="para_26" class="SingleTxt">
        <num>	3.</num>
        <content eId="para_26__content">
          <p xml:space="preserve">
            <span class="italic">Alienta </span>a los Estados Miembros e invita a las organizaciones internacionales y otros interesados pertinentes a que, en relación con el desarrollo sostenible de las montañas, reduzcan y reviertan la pérdida de diversidad biológica y la degradación de la tierra y el suelo, lo que contribuye a la consecución de los Objetivos de Desarrollo Sostenible;</p>
        </content>
      </paragraph>
      <paragraph eId="para_27" class="SingleTxt">
        <num>	4.</num>
        <content eId="para_27__content">
          <p xml:space="preserve">
            <span class="italic">Toma nota </span>de la Alianza para las Montañas, la única alianza voluntaria de las Naciones Unidas formada por asociados dedicada a mejorar la vida de los habitantes de las zonas montañosas y a proteger los entornos montañosos en todo el mundo, y toma nota también del marco de acción de la Alianza para las Montañas para la implementación de la Agenda 2030 en las regiones montañosas, así como de la labor de la iniciativa Productos de la Alianza para las Montañas;</p>
        </content>
      </paragraph>
      <paragraph eId="para_28" class="SingleTxt">
        <num>	5.</num>
        <content eId="para_28__content">
          <p xml:space="preserve">
            <span class="italic">Destaca</span> la especial vulnerabilidad de quienes viven en entornos montañosos, en particular las comunidades locales y los pueblos indígenas, que suelen tener un acceso limitado a los sistemas sanitarios, educativos y económicos y están particularmente en peligro debido a los efectos adversos de los fenómenos naturales extremos, e invita a los Estados a que fortalezcan su acción cooperativa, con la participación efectiva y el intercambio de conocimientos y experiencias de todos los interesados pertinentes, incluidos los conocimientos tradicionales de los pueblos indígenas que viven en zonas montañosas y los conocimientos de las comunidades locales de las montañas y sus culturas, mediante el fortalecimiento de los arreglos, acuerdos y centros de excelencia existentes para el desarrollo sostenible de las montañas, así como el estudio de nuevos arreglos y acuerdos, según proceda;</p>
        </content>
      </paragraph>
      <paragraph eId="para_29" class="SingleTxt">
        <num>	6.</num>
        <content eId="para_29__content">
          <p xml:space="preserve">
            <span class="italic">Destaca también</span> la importancia de las soluciones innovadoras para la diversificación de los medios de vida y de las oportunidades para aumentar los ingresos de las comunidades locales de las montañas, y a este respecto alienta a que se promuevan soluciones innovadoras y el emprendimiento dentro de las comunidades locales de las montañas, según proceda, para poner fin a la pobreza y el hambre;</p>
        </content>
      </paragraph>
      <paragraph eId="para_30" class="SingleTxt">
        <num>	7.</num>
        <content eId="para_30__content">
          <p xml:space="preserve">
            <span class="italic">Destaca además</span> la importancia de las comunidades y los pueblos indígenas de las regiones montañosas que se dedican a la agricultura familiar en su calidad de custodios del patrimonio natural y cultural, y alienta a los Estados Miembros a que apoyen las actividades relacionadas con el Decenio de las Naciones Unidas de la Agricultura Familiar (2019-2028), en consonancia con su plan de acción mundial, a fin de promover políticas nacionales, según proceda, que fomenten la tenencia segura de la tierra, faciliten el acceso a los recursos, aseguren la igualdad de género y el empoderamiento de las mujeres y empoderen a las personas en situaciones de vulnerabilidad, y aplicar medidas prácticas que salvaguarden las oportunidades de trabajo decente, especialmente para los jóvenes, en las zonas rurales;</p>
        </content>
      </paragraph>
      <paragraph eId="para_31" class="SingleTxt">
        <num>	8.</num>
        <content eId="para_31__content">
          <p xml:space="preserve">
            <span class="italic">Destaca </span>que las tradiciones y los conocimientos de los pueblos indígenas que viven en zonas montañosas y los conocimientos de las comunidades locales de las montañas, en particular en el ámbito de la agricultura, la medicina y la gestión de los recursos naturales, deberían considerarse, respetarse y promoverse plenamente en las políticas, las estrategias y los programas de desarrollo de las regiones montañosas, y subraya la necesidad de promover la participación y la intervención plenas de las comunidades locales de las montañas en las decisiones que las afectan y de integrar los conocimientos, el patrimonio y los valores indígenas y locales en todas las iniciativas de desarrollo, en consulta con los pueblos indígenas y las comunidades locales de las montañas afectados, según proceda, y con su consentimiento; </p>
        </content>
      </paragraph>
      <paragraph eId="para_32" class="SingleTxt">
        <num>	9.</num>
        <content eId="para_32__content">
          <p xml:space="preserve">
            <span class="italic">Reconoce</span> la necesidad de aumentar la capacidad de adaptación, la resiliencia y la sostenibilidad de la producción agrícola y de alimentos en relación con el cambio climático, observa que las prácticas de producción sostenible, la agrosilvicultura y la conservación de la agrobiodiversidad en las zonas de montaña garantizan la seguridad alimentaria y la nutrición, así como una dieta diversa y de calidad, generan ingresos para los pequeños agricultores y respaldan las actividades de conservación y restauración, ya que dan respuesta a las vulnerabilidades particulares de los sistemas de producción de alimentos a los efectos adversos del cambio climático, y observa también que los agricultores y los ganaderos de las regiones de montaña desempeñan una función fundamental en la agroecología;</p>
        </content>
      </paragraph>
      <paragraph eId="para_33" class="SingleTxt">
        <num>	10.</num>
        <content eId="para_33__content">
          <p xml:space="preserve">
            <span class="italic">Reconoce también</span> que es necesario adoptar medidas urgentes para reducir la pobreza en las zonas montañosas y, a este respecto, alienta a los Estados Miembros y a todos los interesados pertinentes a que adopten medidas concretas y específicas para erradicar la pobreza en las zonas montañosas;</p>
        </content>
      </paragraph>
      <paragraph eId="para_34" class="SingleTxt">
        <num>	11.</num>
        <content eId="para_34__content">
          <p xml:space="preserve">
            <span class="italic">Observa</span> que las mujeres son con frecuencia las principales administradoras de los recursos de las montañas y los principales agentes en la agricultura, subraya la necesidad de ampliar el acceso de las mujeres de las regiones montañosas a los recursos y los bienes productivos, incluidos la tierra y los servicios económicos y financieros, así como la necesidad de fortalecer el papel de las mujeres de las regiones montañosas en los procesos de adopción de decisiones que afecten a sus comunidades, culturas y entornos, y alienta a los Gobiernos y las organizaciones intergubernamentales a incorporar una perspectiva de género, incluso mediante datos desglosados por sexo, en las actividades, programas y proyectos de desarrollo de las montañas para avanzar hacia el logro de la igualdad de género y el empoderamiento de las mujeres;</p>
        </content>
      </paragraph>
      <paragraph eId="para_35" class="SingleTxt">
        <num>	12.</num>
        <content eId="para_35__content">
          <p xml:space="preserve">
            <span class="italic">Reconoce</span> que las montañas ofrecen indicios perceptibles del cambio climático con fenómenos como las modificaciones de la diversidad biológica, el retroceso de los glaciares de montaña, las crecidas repentinas y los cambios en la escorrentía estacional, que están teniendo repercusiones en importantes fuentes de agua dulce del mundo, y destaca la necesidad de actuar para reducir al mínimo los efectos adversos de esos fenómenos, promover medidas de adaptación y evitar la pérdida de diversidad biológica;</p>
        </content>
      </paragraph>
      <paragraph eId="para_36" class="SingleTxt">
        <num>	13.</num>
        <content eId="para_36__content">
          <p xml:space="preserve">
            <span class="italic">Reconoce también</span> que la criosfera de montaña tiene un impacto en las tierras bajas circundantes, incluso lejos de las montañas, y que los cambios generalizados en la criosfera afectan a los sistemas físicos, biológicos y humanos de las montañas y las tierras bajas circundantes. e incluso repercuten de manera evidente en los océanos;</p>
        </content>
      </paragraph>
      <paragraph eId="para_37" class="SingleTxt">
        <num>	14.</num>
        <content eId="para_37__content">
          <p xml:space="preserve">
            <span class="italic">Alienta</span> a los Estados Miembros a que recopilen, a nivel local, nacional y regional, según corresponda, datos científicos desglosados sobre las zonas montañosas mediante un seguimiento sistemático, incluso de las tendencias del progreso y el cambio, basándose en criterios pertinentes, para apoyar los programas y proyectos de investigación interdisciplinaria y potenciar un enfoque integrado e inclusivo de la toma de decisiones y la planificación, y a este respecto, observa que el Índice de la Cobertura Verde de las Montañas está incluido en el marco de indicadores mundiales de los Objetivos de Desarrollo Sostenible y las metas de la Agenda 2030 para el Desarrollo Sostenible<authorialNote marker="13" placement="bottom" eId="authorialNote_13"><p xml:space="preserve">		Resolución <a href="https://undocs.org/es/A/RES/70/1">70/1</a>.</p></authorialNote> como indicador para la meta 15.4 de los Objetivos de Desarrollo Sostenible, y observa también la necesidad de validar los datos nacionales conexos y de mejorar y la exactitud y el análisis de los datos del Índice a nivel nacional para la aplicación de políticas adecuadas destinadas a recuperar y proteger los entornos de montaña; </p>
        </content>
      </paragraph>
      <paragraph eId="para_38" class="SingleTxt">
        <num>	15.</num>
        <content eId="para_38__content">
          <p xml:space="preserve">
            <span class="italic">Alienta</span> a los Estados Miembros y a todos los interesados pertinentes a que, a través de acontecimientos como la celebración cada 11 de diciembre del Día Internacional de las Montañas, establecido en la resolución <a href="https://undocs.org/sp/A/RES/57/245">57/245</a>, sigan sensibilizando a la opinión pública con respecto a los beneficios económicos que proporcionan las montañas, por ejemplo mediante los servicios ecosistémicos o el turismo sostenible, no solo a las comunidades de las tierras altas sino también a una gran parte de la población mundial que vive en tierras bajas; </p>
        </content>
      </paragraph>
      <paragraph eId="para_39" class="SingleTxt">
        <num>	16.</num>
        <content eId="para_39__content">
          <p xml:space="preserve">
            <span class="italic">Acoge con beneplácito</span>, a este respecto, la contribución de las iniciativas de turismo sostenible en las regiones montañosas como forma de mejorar la protección ambiental y de generar beneficios socioeconómicos para las comunidades locales y los pueblos indígenas, incluidas las oportunidades de empleo productivo, el crecimiento económico y la promoción de la cultura y los productos locales; </p>
        </content>
      </paragraph>
      <paragraph eId="para_40" class="SingleTxt">
        <num>	17.</num>
        <content eId="para_40__content">
          <p xml:space="preserve">
            <span class="italic">Expresa su profunda preocupación</span> por el número y la escala de los desastres naturales y causados por el hombre y sus efectos crecientes en los últimos años, que han provocado la pérdida de innumerables vidas humanas y han tenido consecuencias adversas a largo plazo a nivel social, económico y ambiental para las sociedades de todo el mundo, y reconoce que la reducción del riesgo de desastres requiere un enfoque preventivo más amplio y más centrado en las personas y la implicación y colaboración de toda la sociedad, así como empoderamiento y una participación inclusiva, accesible y no discriminatoria, prestando especial atención a las personas afectadas desproporcionadamente por los desastres, muchos de los cuales son agravados por el cambio climático, en particular las más pobres, y teniendo también en cuenta la vulnerabilidad de quienes viven en entornos montañosos, sobre todo en los países en desarrollo; </p>
        </content>
      </paragraph>
      <paragraph eId="para_41" class="SingleTxt">
        <num>	18.</num>
        <content eId="para_41__content">
          <p xml:space="preserve">
            <span class="italic">Alienta</span> a los Estados, según proceda, a que refuercen la gobernanza del riesgo de desastres, inviertan en la reducción del riesgo de desastres para la resiliencia y desarrollen y mejoren las estrategias de gestión del riesgo de desastres en las regiones montañosas mediante una mayor generación y utilización de información sobre los riesgos climáticos y de desastres, la mejora de la comunicación de los riesgos y la participación de las comunidades de las regiones montañosas, la elaboración de mapas de riesgos y plataformas, la mejora de los sistemas de alerta temprana y la aplicación del enfoque basado en los riesgos en todos los planes de desarrollo, a fin de hacer frente a acontecimientos extremos como los desprendimientos de rocas, las avalanchas, los desbordamientos repentinos de lagos glaciares y los corrimientos de tierras, que pueden verse exacerbados por el cambio climático y la deforestación, en consonancia con el Marco de Sendai para la Reducción del Riesgo de Desastres 2015-2030<authorialNote marker="14" placement="bottom" eId="authorialNote_14"><p xml:space="preserve">		Resolución <a href="https://undocs.org/sp/A/RES/69/283">69/283</a>, anexo II.</p></authorialNote>;</p>
        </content>
      </paragraph>
      <paragraph eId="para_42" class="SingleTxt">
        <num>	19.</num>
        <content eId="para_42__content">
          <p xml:space="preserve">
            <span class="italic">Alienta</span>, a este respecto, la creciente participación de las autoridades locales, así como de otras partes interesadas pertinentes, en particular la población rural, los pueblos indígenas, la sociedad civil y el sector privado, en la elaboración y ejecución de programas, la planificación del uso de la tierra y los arreglos sobre tenencia de tierras, y en otras actividades pertinentes relacionadas con el desarrollo sostenible en las montañas; </p>
        </content>
      </paragraph>
      <paragraph eId="para_43" class="SingleTxt">
        <num>	20.</num>
        <content eId="para_43__content">
          <p xml:space="preserve">
            <span class="italic">Observa con preocupación</span> que el acceso a los servicios y la infraestructura es menor en las tierras altas que en otras zonas, y alienta a los Estados Miembros a que mejoren la infraestructura básica en las zonas montañosas para alcanzar los Objetivos de Desarrollo Sostenible;</p>
        </content>
      </paragraph>
      <paragraph eId="para_44" class="SingleTxt">
        <num>	21.</num>
        <content eId="para_44__content">
          <p xml:space="preserve">
            <span class="italic">Observa</span> la importancia de velar por la conservación de los ecosistemas montañosos, incluida su diversidad biológica, a fin de mejorar su capacidad de proporcionar beneficios esenciales para el bienestar humano, la actividad económica y el desarrollo sostenible, y de desarrollar medios innovadores de implementación para protegerlos, reconoce con aprecio a este respecto el establecimiento de los fondos pertinentes, como el fondo de la secretaría de la Alianza para las Montañas, y los esfuerzos realizados por las entidades pertinentes de las Naciones Unidas para promover la conservación de los ecosistemas de montaña, y alienta a los Estados Miembros y a todos los demás interesados pertinentes a que lo apoyen financieramente de manera voluntaria;</p>
        </content>
      </paragraph>
      <paragraph eId="para_45" class="SingleTxt">
        <num>	22.</num>
        <content eId="para_45__content">
          <p xml:space="preserve">
            <span class="italic">Alienta</span> a los Estados, todas las partes interesadas pertinentes y la comunidad internacional a que redoblen sus esfuerzos en pro de la conservación de los ecosistemas montañosos y para mejorar el bienestar de sus poblaciones locales, incluso promocionando la inversión en infraestructuras de las zonas montañosas, como el transporte y las tecnologías de la información y las comunicaciones, y apoyando programas de educación, divulgación y de creación de capacidad, especialmente entre las comunidades locales de las montañas y otros interesados pertinentes, teniendo en cuenta la magnitud de los problemas actuales a los que se enfrentan y teniendo presente los costos económicos, sociales y ambientales crecientes que la inacción podría suponer para los países y las sociedades;</p>
        </content>
      </paragraph>
      <paragraph eId="para_46" class="SingleTxt">
        <num>	23.</num>
        <content eId="para_46__content">
          <p xml:space="preserve">
            <span class="italic">Subraya</span> que la acción a nivel nacional es fundamental para progresar en el desarrollo sostenible de las montañas, acoge con beneplácito su aumento sostenido en los últimos años, en los que ha habido múltiples eventos, actividades e iniciativas, e invita a la comunidad internacional a apoyar los esfuerzos que realizan los países en desarrollo para desarrollar e implementar estrategias y programas, incluidas, cuando sea necesario, las políticas y leyes favorables para el desarrollo sostenible de las montañas, en el marco de los planes nacionales de desarrollo sostenible, incluso creando capacidades institucionales y reforzando las existentes, según proceda;</p>
        </content>
      </paragraph>
      <paragraph eId="para_47" class="SingleTxt">
        <num>	24.</num>
        <content eId="para_47__content">
          <p xml:space="preserve">
            <span class="italic">Alienta</span> a que se sigan llevando a cabo iniciativas de múltiples interesados y transfronterizas a nivel nacional, regional y mundial, cuando proceda, como las que apoyan todas las organizaciones internacionales y regionales competentes, para impulsar el desarrollo sostenible en las regiones montañosas, y señala a este respecto las numerosas iniciativas emprendidas, como la quinta reunión global de la Alianza para las Montañas, celebrada en Roma del 11 al 13 de diciembre de 2017, el cuarto Foro Mundial de Montañas, celebrado en Biskek del 23 al 26 de octubre de 2018, y la Cumbre sobre las Regiones de Alta Montaña, celebrada en Ginebra del 29 al 31 de octubre de 2019;</p>
        </content>
      </paragraph>
      <paragraph eId="para_48" class="SingleTxt">
        <num>	25.</num>
        <content eId="para_48__content">
          <p xml:space="preserve">
            <span class="italic">Alienta </span>a los Estados Miembros y a todos los interesados pertinentes a que consideren, según proceda, las cuestiones relacionadas con las montañas en los procesos de los convenios y convenciones de las Naciones Unidas y otros foros mundiales pertinentes, incluido el proceso relacionado con un marco mundial para la diversidad biológica después de 2020;</p>
        </content>
      </paragraph>
      <paragraph eId="para_49" class="SingleTxt">
        <num>	26.</num>
        <content eId="para_49__content">
          <p xml:space="preserve">
            <span class="italic">Alienta </span>a los Estados Miembros a que promuevan la adaptación basada en los ecosistemas, teniendo presentes las directrices aprobadas en 2018 en la 14ª reunión de la Conferencia de las Partes en el Convenio sobre la Diversidad Biológica y la conservación de la fauna y la flora silvestres climáticamente inteligente como instrumentos para reducir las repercusiones para las comunidades y las especies, y acoge con beneplácito los esfuerzos de asociados como el Programa de las Naciones Unidas para el Medio Ambiente, la Unión Internacional para la Conservación de la Naturaleza y The Mountain Institute por promover la adaptación basada en los ecosistemas en las regiones montañosas;</p>
        </content>
      </paragraph>
      <paragraph eId="para_50" class="SingleTxt">
        <num>	27.</num>
        <content eId="para_50__content">
          <p xml:space="preserve">
            <span class="italic">Alienta</span> a todas las entidades competentes del sistema de las Naciones Unidas a que, en el marco de sus respectivos mandatos, redoblen los esfuerzos constructivos que realizan para fortalecer la colaboración interinstitucional a fin de promover el desarrollo sostenible de las montañas; </p>
        </content>
      </paragraph>
      <paragraph eId="para_51" class="SingleTxt">
        <num>	28.</num>
        <content eId="para_51__content">
          <p xml:space="preserve">
            <span class="italic">Reconoce</span> que las cordilleras se extienden generalmente por varios países, y en ese contexto alienta la adopción de enfoques de cooperación transfronteriza en que los Estados interesados convengan en promover el desarrollo sostenible de las cordilleras y el intercambio de información a este respecto;</p>
        </content>
      </paragraph>
      <paragraph eId="para_52" class="SingleTxt">
        <num>	29.</num>
        <content eId="para_52__content">
          <p xml:space="preserve">
            <span class="italic">Observa con aprecio</span>, en este contexto, el Convenio para la Protección de los Alpes<authorialNote marker="15" placement="bottom" eId="authorialNote_15"><p xml:space="preserve">		Naciones Unidas, <span class="italic">Treaty Series</span>, vol. 1917, núm. 32724.</p></authorialNote> y el Convenio Marco sobre la Protección y el Desarrollo Sostenible de los Cárpatos, y la reciente aprobación del Protocolo sobre la Agricultura Sostenible y el Desarrollo Rural y la entrada en vigor del Protocolo sobre el Transporte Sostenible, que promueven nuevos enfoques constructivos para el desarrollo integrado y sostenible de las montañas y ofrecen un foro para el diálogo entre los interesados, y observa otros enfoques e iniciativas transfronterizos como la Iniciativa Andina, la Red Científica para la Región de las Montañas del Cáucaso y el Foro de las Montañas del Cáucaso, el Foro Regional de las Montañas de África, la Estrategia de la Unión Europea para la Región Alpina y el Proceso de Zúrich, la Alianza del Kush Hindú y el Himalaya para el Desarrollo Sostenible de las Montañas, el Programa de Vigilancia y Evaluación de la región del Kush Hindú-Himalaya, el foro internacional sobre el leopardo de las nieves y su ecosistema, celebrado en 2017, los terceros Juegos Nómadas Mundiales, celebrados en 2018, y el Observatorio Pirenaico del Cambio Climático, así como otras iniciativas pertinentes que promueven la cooperación transfronteriza y el diálogo con el apoyo del Programa de las Naciones Unidas para el Medio Ambiente y otros asociados; </p>
        </content>
      </paragraph>
      <paragraph eId="para_53" class="SingleTxt">
        <num>	30.</num>
        <content eId="para_53__content">
          <p xml:space="preserve">
            <span class="italic">Solicita</span> al Secretario General que en su septuagésimo séptimo período de sesiones la informe sobre la aplicación de la presente resolución en relación con el subtema titulado “Desarrollo sostenible de las montañas” del tema titulado “Desarrollo sostenible”.</p>
        </content>
      </paragraph>
    </mainBody>
    <conclusions eId="conclusions">
      <p>
        <inline name="adoptionMeeting" title="52a">52a sesión plenaria</inline>
        <eol />
        <docDate date="2019-12-19" refersTo="#adoptionDate">19 de diciembre de 2019</docDate>
      </p>
    </conclusions>
  </statement>
</akomaNtoso>