<akomaNtoso xmlns:xsi="http://www.w3.org/2001/XMLSchema-instance" xsi:schemaLocation="http://docs.oasis-open.org/legaldocml/ns/akn/3.0 http://docs.oasis-open.org/legaldocml/akn-core/v1.0/os/part2-specs/schemas/akomantoso30.xsd" xmlns="http://docs.oasis-open.org/legaldocml/ns/akn/3.0" xmlns:html="http://www.w3.org/1999/xhtml" xmlns:akn4un="http://un.org/akn4un">
  <statement name="resolution">
    <meta>
      <identification source="#DGACM">
        <FRBRWork>
          <FRBRthis value="/akn/un/statement/deliberation/unga/2019-12-19/74-209/!main/"></FRBRthis>
          <FRBRuri value="/akn/un/statement/deliberation/unga/2019-12-19/74-209/"></FRBRuri>
          <FRBRdate date="2019-12-19" name="adoption"></FRBRdate>
          <FRBRauthor href="ga" as="author"></FRBRauthor>
          <FRBRcountry value="un"></FRBRcountry>
        </FRBRWork>
        <FRBRExpression>
          <FRBRthis value="/akn/un/statement/deliberation/unga/2019-12-19/74-209/spa@!main/"></FRBRthis>
          <FRBRuri value="/akn/un/statement/deliberation/unga/2019-12-19/74-209/spa@/"></FRBRuri>
          <FRBRdate date="2020-01-15" name="publication"></FRBRdate>
          <FRBRauthor href="ga" as="issuer"></FRBRauthor>
          <FRBRlanguage language="spa"></FRBRlanguage>
        </FRBRExpression>
        <FRBRManifestation>
          <FRBRthis value="/akn/un/statement/deliberation/unga/2019-12-19/74-209/spa@/!main.xml"></FRBRthis>
          <FRBRuri value="/akn/un/statement/deliberation/unga/2019-12-19/74-209/spa@.xml"></FRBRuri>
          <FRBRdate date="2020-08-17" name="markup"></FRBRdate>
          <FRBRauthor href="DGACM" as="editor"></FRBRauthor>
        </FRBRManifestation>
      </identification>
      <classification source="http://metadata.un.org/sdg">
        <keyword value="2" href="http://metadata.un.org/sdg/2" showAs="sdg_2" dictionary="SDGO"></keyword>
        <keyword value="food_shortage" href="http://eurovoc.europa.eu/2318" showAs="food_shortage" dictionary="EuroVoc"></keyword>
        <keyword value="sustainable_agriculture" href="http://eurovoc.europa.eu/6308" showAs="sustainable_agriculture" dictionary="EuroVoc"></keyword>
        <keyword value="food_security" href="http://eurovoc.europa.eu/c_4523e1dd" showAs="food_security" dictionary="EuroVoc"></keyword>
        <keyword value="food_security" href="http://metadata.un.org/thesaurus/1002439" showAs="food_security" dictionary="UNBIS Thesaurus"></keyword>
        <keyword value="food_shortage" href="http://metadata.un.org/thesaurus/1002440" showAs="food_shortage" dictionary="UNBIS Thesaurus"></keyword>
        <keyword value="hunger" href="http://metadata.un.org/thesaurus/1003004" showAs="hunger" dictionary="UNBIS Thesaurus"></keyword>
        <keyword value="sustainable_agriculture" href="http://metadata.un.org/thesaurus/1006317" showAs="sustainable_agriculture" dictionary="UNBIS Thesaurus"></keyword>
      </classification>
      <classification source="http://metadata.un.org/sdg">
        <keyword value="6" href="http://metadata.un.org/sdg/6" showAs="sdg_6" dictionary="SDGO"></keyword>
        <keyword value="water" href="http://eurovoc.europa.eu/597" showAs="water" dictionary="EuroVoc"></keyword>
        <keyword value="public_hygiene" href="http://eurovoc.europa.eu/3371" showAs="public_hygiene" dictionary="EuroVoc"></keyword>
        <keyword value="use_of_water" href="http://eurovoc.europa.eu/4628" showAs="use_of_water" dictionary="EuroVoc"></keyword>
        <keyword value="water" href="http://metadata.un.org/thesaurus/030500" showAs="water" dictionary="UNBIS Thesaurus"></keyword>
        <keyword value="sanitation" href="http://metadata.un.org/thesaurus/1005701" showAs="sanitation" dictionary="UNBIS Thesaurus"></keyword>
        <keyword value="water_management" href="http://metadata.un.org/thesaurus/1006948" showAs="water_management" dictionary="UNBIS Thesaurus"></keyword>
      </classification>
      <classification source="http://metadata.un.org/sdg">
        <keyword value="16" href="http://metadata.un.org/sdg/16" showAs="sdg_16" dictionary="SDGO"></keyword>
        <keyword value="right_to_justice" href="http://eurovoc.europa.eu/516" showAs="right_to_justice" dictionary="EuroVoc"></keyword>
        <keyword value="sustainable_development" href="http://eurovoc.europa.eu/5585" showAs="sustainable_development" dictionary="EuroVoc"></keyword>
        <keyword value="civil_society" href="http://metadata.un.org/thesaurus/1001012" showAs="civil_society" dictionary="UNBIS Thesaurus"></keyword>
        <keyword value="justice" href="http://metadata.un.org/thesaurus/1003500" showAs="justice" dictionary="UNBIS Thesaurus"></keyword>
        <keyword value="peaceful_coexistence" href="http://metadata.un.org/thesaurus/1004777" showAs="peaceful_coexistence" dictionary="UNBIS Thesaurus"></keyword>
        <keyword value="public_institutions" href="http://metadata.un.org/thesaurus/1005254" showAs="public_institutions" dictionary="UNBIS Thesaurus"></keyword>
        <keyword value="social_justice" href="http://metadata.un.org/thesaurus/1005970" showAs="social_justice" dictionary="UNBIS Thesaurus"></keyword>
        <keyword value="sustainable_development" href="http://metadata.un.org/thesaurus/1006319" showAs="sustainable_development" dictionary="UNBIS Thesaurus"></keyword>
      </classification>
      <classification source="http://metadata.un.org/sdg">
        <keyword value="17" href="http://metadata.un.org/sdg/17" showAs="sdg_17" dictionary="SDGO"></keyword>
        <keyword value="sustainable_development" href="http://eurovoc.europa.eu/5585" showAs="sustainable_development" dictionary="EuroVoc"></keyword>
        <keyword value="partnership" href="http://eurovoc.europa.eu/4199" showAs="partnership" dictionary="EuroVoc"></keyword>
        <keyword value="sustainable_development" href="http://metadata.un.org/thesaurus/1006319" showAs="sustainable_development" dictionary="UNBIS Thesaurus"></keyword>
        <keyword value="partnership" href="http://metadata.un.org/thesaurus/1004748" showAs="partnership" dictionary="UNBIS Thesaurus"></keyword>
      </classification>
      <workflow source="#un">
        <step date="2019-11-18" outcome="draftResolution" as="A/C.2/74/L.8/Rev.1" by="Andorra, Costa Rica, Dominican Republic, Indonesia, Mauritius, Mongolia,  Myanmar, Republic of Moldova, Saint Vincent and the Grenadines, San Marino, Tajikistan, Turkmenistan and Viet Nam" />
        <step date="0001-01-01" outcome="draftResolutionAdditionalSponsors" by="Afghanistan, Argentina, Armenia, Bangladesh, Belarus, Benin, Bolivia (Plurinational State of), Brunei Darussalam, Burkina Faso, Burundi, Cameroon, Canada, Central African Republic, Chile, Ecuador, El Salvador, Georgia, Guatemala, Guinea, Iceland, India, Ireland, Israel, Italy, Japan, Kenya, Latvia, Liechtenstein, Malawi, Maldives, Mali, Malta, Mexico, Monaco, Nepal, Nigeria, Norway, Palau, Paraguay, Peru, Philippines, Republic of Korea, Russian Federation, Sao Tome and Principe, Senegal, Serbia, Sierra Leone, Singapore, Slovenia, South Africa, Spain, Thailand, United Arab Emirates, Uruguay, Venezuela (Bolivarian Republic of)" />
        <step date="0001-01-01" outcome="recommendedForAdoption" as="A/74/381" by="" refersTo="57" />
        <step date="2019-12-19" outcome="adopted" as="A/74/PV.52" by="" />
      </workflow>
      <analysis source="#un">
        <parliamentary>
          <voting outcome="adoptedWithoutVote">
            <quorum value=""></quorum>
          </voting>
        </parliamentary>
      </analysis>
      <references source="#DGACM">
        <TLCOrganization eId="source" href="/akn/ontology/organization/un/DGACM" showAs="DGACM"></TLCOrganization>
        <TLCConcept eId="dateOfIssuance" href="/akn/ontology/concept/un/dateOfIssuance" showAs="Date of issuance"></TLCConcept>
        <TLCConcept eId="dateOfAdoption" href="/akn/ontology/concept/un/dateOfAdoption" showAs="Date of adoption"></TLCConcept>
        <TLCConcept eId="symbol" href="/akn/ontology/reference/un/symbol" showAs="Symbol"></TLCConcept>
        <TLCRole eId="publisher" href="/akn/ontology/role/un/publisher" showAs="Publisher"></TLCRole>
        <TLCRole eId="issuingBody" href="/akn/role/concept/un/issuingBody" showAs="Issuing body"></TLCRole>
        <TLCRole eId="author" href="/akn/ontology/role/un/author" showAs="Author"></TLCRole>
        <TLCRole eId="editor" href="/akn/ontology/role/un/editor" showAs="Editor"></TLCRole>
        <TLCRole eId="distribution" href="/akn/ontology/concept/un/generalDistribution" showAs="General distribution"></TLCRole>
        <TLCOrganization eId="ga" href="/akn/ontology/organization/un/generalAssembly" showAs="General Assembly"></TLCOrganization>
        <TLCTerm eId="resolutionTitle" href="/akn/ontology/reference/un/resolutionTitle" showAs="Resolution title"></TLCTerm>
        <TLCTerm eId="secondCommittee" href="#secondCommittee" showAs="Segunda Comisión"></TLCTerm>
        <TLCTerm eId="memberState" href="/akn/ontology/organization/un/memberState" showAs="Member State"></TLCTerm>
        <TLCTerm eId="inFavour" href="/akn/ontology/concept/un/voting/inFavour" showAs="In favour"></TLCTerm>
        <TLCTerm eId="against" href="/akn/ontology/concept/un/voting/against" showAs="Against"></TLCTerm>
        <TLCTerm eId="abstaining" href="/akn/ontology/concept/un/voting/abstaining" showAs="Abstaining"></TLCTerm>
      </references>
      <presentation source="#un">
        <akn4un:footerFirstPage>
          <akn4un:footerFirstPageLeft>
            <akn4un:internalCode>
              <docketNumber refersTo="#publicationJobNumber">19-22422 (S)</docketNumber>
              <img alt="bar code" class="barCode" src=""></img>
            </akn4un:internalCode>
          </akn4un:footerFirstPageLeft>
          <akn4un:footerFirstPageRight>
            <img alt="Please recycle" class="image" src="./recylcleLogo.jpg"></img>
            <img alt="embedded QR code" class="qrCode" src=""></img>
          </akn4un:footerFirstPageRight>
        </akn4un:footerFirstPage>
      </presentation>
    </meta>
    <coverPage eId="coverPage_1">
      <p>
        <span refersTo="#publisher" class="upperLeft">
          <docAuthority refersTo="#publisher">Naciones Unidas</docAuthority>
        </span>
      </p>
      <p class="upperRight">
        <docNumber refersTo="#symbol">A/RES/74/209</docNumber>
      </p>
      <p class="upperLeft">
        <img src="logo-un.jpg"></img>
        <docAuthority refersTo="#issuingBody" class="rightBig">Asamblea General</docAuthority>
      </p>
      <p>
        <docStatus refersTo="#generalDistribution" class="rightSmall">Distr. general</docStatus>
      </p>
      <p>
        <docDate date="2020-01-15" class="rightSmall" refersTo="#dateOfIssuance">15 de enero de 2020</docDate>
      </p>
      <p>
        <session refersTo="#generalAssembly" value="74" eId="coverPage_1__session_1">Septuagésimo cuarto período de sesiones</session>
      </p>
      <p>
        <inline name="agenda item">Tema 19 del programa</inline>
      </p>
      <p>
        <inline name="agenda item name">Desarrollo sostenible</inline>
      </p>
      <p>
        <docTitle>Resolución aprobada por la Asamblea General el 19 de diciembre de 2019</docTitle>
      </p>
      <p xml:space="preserve">
        <docProponent refersTo="#secondCommittee">[sobre la base del informe de la Segunda Comisión (<inline name="originating document">A/74/381</inline>)]</docProponent>
      </p>
    </coverPage>
    <preface>
      <p>
        <docNumber>74/209.</docNumber>
        <docTitle refersTo="#resolutionTitle">Día Internacional de Concienciación sobre la Pérdida y el Desperdicio de Alimentos</docTitle>
      </p>
    </preface>
    <preamble>
      <formula name="enactingFormula" eId="formula_1">
        <p xml:space="preserve">
          <span class="italic">La Asamblea General</span>,</p>
      </formula>
      <container name="Reafirmando" eId="container_2">
        <p xml:space="preserve">
          <span class="italic">Reafirmando</span> su resolución <a href="https://undocs.org/sp/A/RES/70/1">70/1</a>, de 25 de septiembre de 2015, titulada “Transformar nuestro mundo: la Agenda 2030 para el Desarrollo Sostenible”, en la que adoptó un amplio conjunto de Objetivos de Desarrollo Sostenible y metas universales y transformativos, de gran alcance y centrados en las personas, su compromiso de trabajar sin descanso a fin de conseguir la plena implementación de la Agenda a más tardar en 2030, su reconocimiento de que la erradicación de la pobreza en todas sus formas y dimensiones, incluida la pobreza extrema, es el mayor desafío a que se enfrenta el mundo y constituye un requisito indispensable para el desarrollo sostenible, su compromiso de lograr el desarrollo sostenible en sus tres dimensiones —económica, social y ambiental— de forma equilibrada e integrada y de aprovechar los logros de los Objetivos de Desarrollo del Milenio y procurar abordar los asuntos pendientes,</p>
      </container>
      <container name="Reafirmando también" eId="container_3">
        <p xml:space="preserve">
          <span class="italic">Reafirmando también</span> sus resoluciones <a href="https://undocs.org/sp/A/RES/53/199">53/199</a>, de 15 de diciembre de 1998, y <a href="https://undocs.org/sp/A/RES/61/185">61/185</a>, de 20 de diciembre de 2006, relativas a la proclamación de años internacionales, y la resolución <a href="https://undocs.org/sp/E/RES/1980/67">1980/67</a> del Consejo Económico y Social, de 25 de julio de 1980, relativa a los años y aniversarios internacionales, en especial los párrafos 1 a 10 de su anexo, sobre los criterios convenidos para la proclamación de años internacionales, así como los párrafos 13 y 14, en los que se establece que no debe proclamarse día ni año internacional alguno sin que se hayan hecho antes los arreglos básicos necesarios para su organización y financiación,</p>
      </container>
      <container name="Recordando" eId="container_4">
        <p xml:space="preserve">
          <span class="italic">Recordando</span> la resolución 11/2019 aprobada por la Conferencia de la Organización de las Naciones Unidas para la Alimentación y la Agricultura en su 41<sup>er</sup> período de sesiones, celebrado en Roma del 22 al 29 de junio de 2019<authorialNote marker="1" placement="bottom" eId="authorialNote_1"><p xml:space="preserve">		Véase Organización de las Naciones Unidas para la Alimentación y la Agricultura, documento 2019/REP, apéndice H.</p></authorialNote>,</p>
      </container>
      <container name="Recordando también" eId="container_5">
        <p xml:space="preserve">
          <span class="italic">Recordando también</span> la resolución 4/2 de la Asamblea de las Naciones Unidas sobre el Medio Ambiente del Programa de las Naciones Unidas para el Medio Ambiente, de 15 de marzo de 2019, relativa a la promoción de prácticas sostenibles y soluciones innovadoras para reducir la pérdida y el desperdicio de alimentos<authorialNote marker="2" placement="bottom" eId="authorialNote_2"><p xml:space="preserve"><a href="https://undocs.org/es/UNEP/EA.4/Res.2">UNEP/EA.4/Res.2</a>.</p></authorialNote>,</p>
      </container>
      <container name="Recordando además" eId="container_6">
        <p xml:space="preserve">
          <span class="italic">Recordando además</span> que en la declaración ministerial del foro político de alto nivel sobre el desarrollo sostenible de 2018<authorialNote marker="3" placement="bottom" eId="authorialNote_3"><p xml:space="preserve">		Véase <span class="italic">Documentos Oficiales de la Asamblea General, septuagésimo tercer período de sesiones, suplemento núm. 3</span> (<a href="https://undocs.org/sp/A/73/3">A/73/3</a>), cap. VI, secc. F.</p></authorialNote> se exhortó a todos los interesados a que adoptaran un enfoque orientado a los sistemas alimentarios sostenibles y desarrollaran estrategias eficaces e innovaciones para reducir las pérdidas y el desperdicio de alimentos,</p>
      </container>
      <container name="Reafirmando" eId="container_7">
        <p xml:space="preserve">
          <span class="italic">Reafirmando</span> el compromiso de lograr el desarrollo sostenible en sus tres dimensiones —económica, social y ambiental— de una manera equilibrada e integrada y reconociendo que la urgente necesidad de reducir las grandes cantidades de alimentos que se están perdiendo y desperdiciando en todo el mundo se plantea con claridad en la Agenda 2030 para el Desarrollo Sostenible, incluso en el Objetivo de Desarrollo Sostenible 12, específicamente en la meta 12.3, </p>
      </container>
      <container name="Recordando" eId="container_8">
        <p xml:space="preserve">
          <span class="italic">Recordando</span> que en la Agenda 2030 para el Desarrollo Sostenible se pide que, para 2030, se reduzca a la mitad el desperdicio de alimentos per cápita mundial en la venta al por menor y a nivel de los consumidores y se reduzcan las pérdidas de alimentos en las cadenas de producción y suministro, incluidas las pérdidas posteriores a la cosecha,</p>
      </container>
      <container name="Recordando también" eId="container_9">
        <p xml:space="preserve">
          <span class="italic">Recordando también</span> la presentación mundial del Decenio de las Naciones Unidas de la Agricultura Familiar (2019-2028), que tuvo lugar en Roma el 29 de mayo de 2019, y destacando la importante función de las explotaciones agrícolas familiares en la producción, en cuanto a su valor, de más del 80 % de los alimentos del mundo,</p>
      </container>
      <container name="Recordando además" eId="container_10">
        <p xml:space="preserve">
          <span class="italic">Recordando además</span> que en <span class="italic">El estado mundial de la agricultura y la alimentación 2019: progresos en la lucha contra la pérdida y el desperdicio de alimentos</span>, elaborado por la Organización de las Naciones Unidas para la Alimentación y la Agricultura, se define la pérdida de alimentos como la disminución de la cantidad o calidad de los alimentos como consecuencia de las decisiones y acciones de los proveedores de alimentos en la cadena, sin incluir la venta al por menor, los proveedores de servicios alimentarios y los consumidores, y el desperdicio de alimentos como la disminución de la cantidad o calidad de los alimentos como resultado de las decisiones y acciones de los minoristas, los servicios alimentarios y los consumidores,</p>
      </container>
      <container name="Observando" eId="container_11">
        <p xml:space="preserve">
          <span class="italic">Observando</span> que, según una estimación inicial hecha en 2011, se perdía o desperdiciaba una tercera parte de los alimentos producidos anualmente en el mundo para consumo humano, equivalente a unos 1.300 millones de toneladas, mientras que más de 821 millones de personas sufrían subalimentación crónica y alrededor de 151 millones de niños menores de cinco años tenían retraso del crecimiento en 2018<authorialNote marker="4" placement="bottom" eId="authorialNote_4"><p xml:space="preserve">		Organización de las Naciones Unidas para la Alimentación y la Agricultura, <span class="italic">El estado mundial de la agricultura y la alimentación 2019: progresos en la lucha contra la pérdida y el desperdicio de alimentos</span> (Roma, 2019).</p></authorialNote>,</p>
      </container>
      <container name="Observando también" eId="container_12">
        <p xml:space="preserve">
          <span class="italic">Observando también</span> que las primeras estimaciones del índice de pérdida de alimentos, presentadas en <span class="italic">El estado mundial de la agricultura y la alimentación 2019</span>, miden la pérdida de alimentos desde las actividades postcosecha hasta la venta al por menor, excluida esta última, e indican que se perdió alrededor del 14 % de los alimentos producidos en todo el mundo en 2016,</p>
      </container>
      <container name="Recordando" eId="container_13">
        <p xml:space="preserve">
          <span class="italic">Recordando</span> que la Organización de las Naciones Unidas para la Alimentación y la Agricultura dirige la labor internacional encaminada a acabar con el hambre, la inseguridad alimentaria y la malnutrición y tiene el mandato de elevar los niveles de nutrición y reducir las pérdidas y el desperdicio de alimentos, teniendo en cuenta las prácticas de producción y consumo sostenibles,</p>
      </container>
      <container name="Observando" eId="container_14">
        <p xml:space="preserve">
          <span class="italic">Observando</span> la urgente necesidad de abordar la cuestión de la pérdida y el desperdicio de alimentos en el mundo y los riesgos que ello implica para el cambio climático, la sostenibilidad de la agricultura, los medios de vida del ser humano y el suministro de alimentos,</p>
      </container>
      <container name="Observando también" eId="container_15">
        <p xml:space="preserve">
          <span class="italic">Observando también</span> que en el estudio de 2018 de la Organización de las Naciones Unidas para la Alimentación y la Agricultura titulado <span class="italic">Género y pérdida de alimentos en cadenas de valor alimentarias sostenibles: guía de orientación</span> se llegó a la conclusión de que, para ser eficaces y tener un efecto duradero, las estrategias e intervenciones para la reducción de la pérdida de alimentos debían ir más allá de las soluciones tecnológicas y tener en cuenta desde el inicio los factores socioculturales subyacentes de las cadenas de valor alimentarias e incorporar la perspectiva de género,</p>
      </container>
      <container name="Reconociendo" eId="container_16">
        <p xml:space="preserve">
          <span class="italic">Reconociendo</span> el papel fundamental de la producción sostenible de alimentos, que promueve la seguridad alimentaria y la nutrición para la creciente población mundial y contribuye a la mitigación de la pobreza, la erradicación del hambre y la salud humana,</p>
      </container>
      <container name="Reconociendo también" eId="container_17">
        <p xml:space="preserve">
          <span class="italic">Reconociendo también</span> la importancia de afrontar las cuestiones relativas a la pérdida y el desperdicio de alimentos en todas las etapas de la cadena de suministro, desde el productor hasta el usuario final, y trabajar en pro del consumo y la producción sostenibles, por ejemplo, colaborando con los interesados pertinentes,</p>
      </container>
      <container name="Reconociendo además" eId="container_18">
        <p xml:space="preserve">
          <span class="italic">Reconociendo además</span> la pérdida y el desperdicio de alimentos que ocurren en el almacenamiento, el transporte y el procesamiento y, a este respecto, invitando a los Estados Miembros y otros interesados pertinentes a que refuercen la creación de capacidad de los países en desarrollo para adoptar enfoques y tecnología innovadores en la lucha contra la pérdida y el desperdicio de alimentos,</p>
      </container>
      <container name="Reconociendo" eId="container_19">
        <p xml:space="preserve">
          <span class="italic">Reconociendo</span> que ya existen iniciativas a nivel nacional y regional para combatir la pérdida y el desperdicio de alimentos y que hay que mantener y apoyar esas iniciativas en colaboración con la sociedad civil, el sector privado y el mundo académico,</p>
      </container>
      <container name="Reconociendo también" eId="container_20">
        <p xml:space="preserve">
          <span class="italic">Reconociendo también</span> la urgente necesidad de crear conciencia a todos los niveles y de promover y facilitar acciones para eliminar la pérdida y el desperdicio de alimentos en todo el mundo y su importancia para la consecución de los Objetivos de Desarrollo Sostenible,</p>
      </container>
      <container name="Reconociendo además" eId="container_21">
        <p xml:space="preserve">
          <span class="italic">Reconociendo además</span> que la celebración de un Día Internacional de Concienciación sobre la Pérdida y el Desperdicio de Alimentos en la comunidad internacional contribuiría considerablemente a concienciar en todos los niveles acerca de la importancia del problema y sus posibles soluciones y promovería iniciativas y medidas colectivas a escala mundial encaminadas a cumplir la meta 12.3 de los Objetivos de Desarrollo Sostenible, </p>
      </container>
    </preamble>
    <mainBody>
      <paragraph eId="para_22" class="SingleTxt">
        <num>	1.</num>
        <content eId="para_22__content">
          <p xml:space="preserve">
            <span class="italic">Decide</span> designar el 29 de septiembre Día Internacional de Concienciación sobre la Pérdida y el Desperdicio de Alimentos; </p>
        </content>
      </paragraph>
      <paragraph eId="para_23" class="SingleTxt">
        <num>	2.</num>
        <content eId="para_23__content">
          <p xml:space="preserve">
            <span class="italic">Invita</span> a todos los Estados Miembros, las organizaciones del sistema de las Naciones Unidas, otras organizaciones internacionales y regionales y la sociedad civil, incluidas las organizaciones no gubernamentales, los particulares y otros interesados pertinentes, a que celebren el Día Internacional de una manera adecuada y acorde con las prioridades nacionales, entre otras cosas, mediante actividades educativas y de otro tipo orientadas a concienciar sobre la importancia de reducir la pérdida y el desperdicio de alimentos y la contribución de esas acciones al desarrollo sostenible;</p>
        </content>
      </paragraph>
      <paragraph eId="para_24" class="SingleTxt">
        <num>	3.</num>
        <content eId="para_24__content">
          <p xml:space="preserve">
            <span class="italic">Invita </span>a la Organización de las Naciones Unidas para la Alimentación y la Agricultura a que facilite la celebración del Día Internacional, en colaboración con el Programa de las Naciones Unidas para el Medio Ambiente y otras organizaciones competentes, teniendo presentes las disposiciones que figuran en el anexo de la resolución <a href="https://undocs.org/sp/E/RES/1980/67">1980/67</a> del Consejo Económico y Social, de 25 de julio de 1980;</p>
        </content>
      </paragraph>
      <paragraph eId="para_25" class="SingleTxt">
        <num>	4.</num>
        <content eId="para_25__content">
          <p xml:space="preserve">
            <span class="italic">Destaca</span> que el costo de todas las actividades que puedan derivarse de la aplicación de la presente resolución deberá sufragarse mediante contribuciones voluntarias, incluso del sector privado;</p>
        </content>
      </paragraph>
      <paragraph eId="para_26" class="SingleTxt">
        <num>	5.</num>
        <content eId="para_26__content">
          <p xml:space="preserve">
            <span class="italic">Solicita</span> al Secretario General que señale la presente resolución a la atención de todos los Estados Miembros, las organizaciones del sistema de las Naciones Unidas y otros interesados pertinentes para que el Día se celebre debidamente.</p>
        </content>
      </paragraph>
    </mainBody>
    <conclusions eId="conclusions">
      <p>
        <inline name="adoptionMeeting" title="52a">52a sesión plenaria</inline>
        <eol />
        <docDate date="2019-12-19" refersTo="#adoptionDate">19 de diciembre de 2019</docDate>
      </p>
    </conclusions>
  </statement>
</akomaNtoso>