<akomaNtoso xmlns:xsi="http://www.w3.org/2001/XMLSchema-instance" xsi:schemaLocation="http://docs.oasis-open.org/legaldocml/ns/akn/3.0 http://docs.oasis-open.org/legaldocml/akn-core/v1.0/os/part2-specs/schemas/akomantoso30.xsd" xmlns="http://docs.oasis-open.org/legaldocml/ns/akn/3.0" xmlns:html="http://www.w3.org/1999/xhtml" xmlns:akn4un="http://un.org/akn4un">
  <statement name="resolution">
    <meta>
      <identification source="#DGACM">
        <FRBRWork>
          <FRBRthis value="/akn/un/statement/deliberation/unga/2019-12-19/74-243/!main/"></FRBRthis>
          <FRBRuri value="/akn/un/statement/deliberation/unga/2019-12-19/74-243/"></FRBRuri>
          <FRBRdate date="2019-12-19" name="adoption"></FRBRdate>
          <FRBRauthor href="ga" as="author"></FRBRauthor>
          <FRBRcountry value="un"></FRBRcountry>
        </FRBRWork>
        <FRBRExpression>
          <FRBRthis value="/akn/un/statement/deliberation/unga/2019-12-19/74-243/spa@!main/"></FRBRthis>
          <FRBRuri value="/akn/un/statement/deliberation/unga/2019-12-19/74-243/spa@/"></FRBRuri>
          <FRBRdate date="2020-01-17" name="publication"></FRBRdate>
          <FRBRauthor href="ga" as="issuer"></FRBRauthor>
          <FRBRlanguage language="spa"></FRBRlanguage>
        </FRBRExpression>
        <FRBRManifestation>
          <FRBRthis value="/akn/un/statement/deliberation/unga/2019-12-19/74-243/spa@/!main.xml"></FRBRthis>
          <FRBRuri value="/akn/un/statement/deliberation/unga/2019-12-19/74-243/spa@.xml"></FRBRuri>
          <FRBRdate date="2020-08-17" name="markup"></FRBRdate>
          <FRBRauthor href="DGACM" as="editor"></FRBRauthor>
        </FRBRManifestation>
      </identification>
      <classification source="http://metadata.un.org/sdg">
        <keyword value="6" href="http://metadata.un.org/sdg/6" showAs="sdg_6" dictionary="SDGO"></keyword>
        <keyword value="water" href="http://eurovoc.europa.eu/597" showAs="water" dictionary="EuroVoc"></keyword>
        <keyword value="public_hygiene" href="http://eurovoc.europa.eu/3371" showAs="public_hygiene" dictionary="EuroVoc"></keyword>
        <keyword value="use_of_water" href="http://eurovoc.europa.eu/4628" showAs="use_of_water" dictionary="EuroVoc"></keyword>
        <keyword value="water" href="http://metadata.un.org/thesaurus/030500" showAs="water" dictionary="UNBIS Thesaurus"></keyword>
        <keyword value="sanitation" href="http://metadata.un.org/thesaurus/1005701" showAs="sanitation" dictionary="UNBIS Thesaurus"></keyword>
        <keyword value="water_management" href="http://metadata.un.org/thesaurus/1006948" showAs="water_management" dictionary="UNBIS Thesaurus"></keyword>
      </classification>
      <classification source="http://metadata.un.org/sdg">
        <keyword value="8" href="http://metadata.un.org/sdg/8" showAs="sdg_8" dictionary="SDGO"></keyword>
        <keyword value="economic_growth" href="http://eurovoc.europa.eu/310" showAs="economic_growth" dictionary="EuroVoc"></keyword>
        <keyword value="full_employment" href="http://eurovoc.europa.eu/2427" showAs="full_employment" dictionary="EuroVoc"></keyword>
        <keyword value="unemployment" href="http://eurovoc.europa.eu/5974" showAs="unemployment" dictionary="EuroVoc"></keyword>
        <keyword value="economic_growth" href="http://metadata.un.org/thesaurus/1001854" showAs="economic_growth" dictionary="UNBIS Thesaurus"></keyword>
        <keyword value="employment" href="http://metadata.un.org/thesaurus/1002007" showAs="employment" dictionary="UNBIS Thesaurus"></keyword>
        <keyword value="full_employment" href="http://metadata.un.org/thesaurus/1002563" showAs="full_employment" dictionary="UNBIS Thesaurus"></keyword>
        <keyword value="unemployment" href="http://metadata.un.org/thesaurus/1006773" showAs="unemployment" dictionary="UNBIS Thesaurus"></keyword>
      </classification>
      <classification source="http://metadata.un.org/sdg">
        <keyword value="12" href="http://metadata.un.org/sdg/12" showAs="sdg_12" dictionary="SDGO"></keyword>
        <keyword value="consumption" href="http://eurovoc.europa.eu/139" showAs="consumption" dictionary="EuroVoc"></keyword>
        <keyword value="production" href="http://eurovoc.europa.eu/2707" showAs="production" dictionary="EuroVoc"></keyword>
        <keyword value="sustainable_consumption" href="http://metadata.un.org/thesaurus/1006318" showAs="sustainable_consumption" dictionary="UNBIS Thesaurus"></keyword>
        <keyword value="consumption" href="http://metadata.un.org/thesaurus/1001264" showAs="consumption" dictionary="UNBIS Thesaurus"></keyword>
        <keyword value="production" href="http://metadata.un.org/thesaurus/1005146" showAs="production" dictionary="UNBIS Thesaurus"></keyword>
      </classification>
      <classification source="http://metadata.un.org/sdg">
        <keyword value="16" href="http://metadata.un.org/sdg/16" showAs="sdg_16" dictionary="SDGO"></keyword>
        <keyword value="right_to_justice" href="http://eurovoc.europa.eu/516" showAs="right_to_justice" dictionary="EuroVoc"></keyword>
        <keyword value="sustainable_development" href="http://eurovoc.europa.eu/5585" showAs="sustainable_development" dictionary="EuroVoc"></keyword>
        <keyword value="civil_society" href="http://metadata.un.org/thesaurus/1001012" showAs="civil_society" dictionary="UNBIS Thesaurus"></keyword>
        <keyword value="justice" href="http://metadata.un.org/thesaurus/1003500" showAs="justice" dictionary="UNBIS Thesaurus"></keyword>
        <keyword value="peaceful_coexistence" href="http://metadata.un.org/thesaurus/1004777" showAs="peaceful_coexistence" dictionary="UNBIS Thesaurus"></keyword>
        <keyword value="public_institutions" href="http://metadata.un.org/thesaurus/1005254" showAs="public_institutions" dictionary="UNBIS Thesaurus"></keyword>
        <keyword value="social_justice" href="http://metadata.un.org/thesaurus/1005970" showAs="social_justice" dictionary="UNBIS Thesaurus"></keyword>
        <keyword value="sustainable_development" href="http://metadata.un.org/thesaurus/1006319" showAs="sustainable_development" dictionary="UNBIS Thesaurus"></keyword>
      </classification>
      <workflow source="#un">
        <step date="2019-10-24" outcome="draftResolution" as="A/C.2/74/L.45" by="State of Palestine (on behalf of the States Members of the United Nations that are members of the Group of 77 and China)" />
        <step date="0001-01-01" outcome="draftResolutionAdditionalSponsors" by="Turkey" />
        <step date="0001-01-01" outcome="recommendedForAdoption" as="A/74/387" by="" refersTo="12" />
        <step date="2019-12-19" outcome="adopted" as="A/74/PV.52" by="" />
      </workflow>
      <analysis source="#un">
        <parliamentary>
          <voting outcome="adoptedRecordedVote">
            <count value="160" refersTo="inFavour">
              <akn4un:voters>
                <organization refersTo="memberState">AFGHANISTAN</organization>
                <organization refersTo="memberState">ALBANIA</organization>
                <organization refersTo="memberState">ALGERIA</organization>
                <organization refersTo="memberState">ANDORRA</organization>
                <organization refersTo="memberState">ANGOLA</organization>
                <organization refersTo="memberState">ANTIGUA AND BARBUDA</organization>
                <organization refersTo="memberState">ARGENTINA</organization>
                <organization refersTo="memberState">ARMENIA</organization>
                <organization refersTo="memberState">AUSTRIA</organization>
                <organization refersTo="memberState">AZERBAIJAN</organization>
                <organization refersTo="memberState">BAHAMAS</organization>
                <organization refersTo="memberState">BAHRAIN</organization>
                <organization refersTo="memberState">BANGLADESH</organization>
                <organization refersTo="memberState">BARBADOS</organization>
                <organization refersTo="memberState">BELARUS</organization>
                <organization refersTo="memberState">BELGIUM</organization>
                <organization refersTo="memberState">BELIZE</organization>
                <organization refersTo="memberState">BENIN</organization>
                <organization refersTo="memberState">BHUTAN</organization>
                <organization refersTo="memberState">BOLIVIA (PLURINATIONAL STATE OF)</organization>
                <organization refersTo="memberState">BOSNIA AND HERZEGOVINA</organization>
                <organization refersTo="memberState">BOTSWANA</organization>
                <organization refersTo="memberState">BRUNEI DARUSSALAM</organization>
                <organization refersTo="memberState">BULGARIA</organization>
                <organization refersTo="memberState">BURKINA FASO</organization>
                <organization refersTo="memberState">CABO VERDE</organization>
                <organization refersTo="memberState">CAMBODIA</organization>
                <organization refersTo="memberState">CENTRAL AFRICAN REPUBLIC</organization>
                <organization refersTo="memberState">CHAD</organization>
                <organization refersTo="memberState">CHILE</organization>
                <organization refersTo="memberState">CHINA</organization>
                <organization refersTo="memberState">COLOMBIA</organization>
                <organization refersTo="memberState">COMOROS</organization>
                <organization refersTo="memberState">CONGO</organization>
                <organization refersTo="memberState">COSTA RICA</organization>
                <organization refersTo="memberState">CROATIA</organization>
                <organization refersTo="memberState">CUBA</organization>
                <organization refersTo="memberState">CYPRUS</organization>
                <organization refersTo="memberState">CZECHIA</organization>
                <organization refersTo="memberState">DEMOCRATIC PEOPLE'S REPUBLIC OF KOREA</organization>
                <organization refersTo="memberState">DENMARK</organization>
                <organization refersTo="memberState">DJIBOUTI</organization>
                <organization refersTo="memberState">DOMINICA</organization>
                <organization refersTo="memberState">DOMINICAN REPUBLIC</organization>
                <organization refersTo="memberState">ECUADOR</organization>
                <organization refersTo="memberState">EGYPT</organization>
                <organization refersTo="memberState">EL SALVADOR</organization>
                <organization refersTo="memberState">ERITREA</organization>
                <organization refersTo="memberState">ESTONIA</organization>
                <organization refersTo="memberState">ETHIOPIA</organization>
                <organization refersTo="memberState">FIJI</organization>
                <organization refersTo="memberState">FINLAND</organization>
                <organization refersTo="memberState">FRANCE</organization>
                <organization refersTo="memberState">GABON</organization>
                <organization refersTo="memberState">GAMBIA</organization>
                <organization refersTo="memberState">GEORGIA</organization>
                <organization refersTo="memberState">GERMANY</organization>
                <organization refersTo="memberState">GHANA</organization>
                <organization refersTo="memberState">GREECE</organization>
                <organization refersTo="memberState">GRENADA</organization>
                <organization refersTo="memberState">GUINEA</organization>
                <organization refersTo="memberState">GUINEA-BISSAU</organization>
                <organization refersTo="memberState">GUYANA</organization>
                <organization refersTo="memberState">HUNGARY</organization>
                <organization refersTo="memberState">ICELAND</organization>
                <organization refersTo="memberState">INDIA</organization>
                <organization refersTo="memberState">INDONESIA</organization>
                <organization refersTo="memberState">IRAN (ISLAMIC REPUBLIC OF)</organization>
                <organization refersTo="memberState">IRAQ</organization>
                <organization refersTo="memberState">IRELAND</organization>
                <organization refersTo="memberState">ITALY</organization>
                <organization refersTo="memberState">JAMAICA</organization>
                <organization refersTo="memberState">JAPAN</organization>
                <organization refersTo="memberState">JORDAN</organization>
                <organization refersTo="memberState">KAZAKHSTAN</organization>
                <organization refersTo="memberState">KENYA</organization>
                <organization refersTo="memberState">KUWAIT</organization>
                <organization refersTo="memberState">KYRGYZSTAN</organization>
                <organization refersTo="memberState">LAO PEOPLE'S DEMOCRATIC REPUBLIC</organization>
                <organization refersTo="memberState">LATVIA</organization>
                <organization refersTo="memberState">LEBANON</organization>
                <organization refersTo="memberState">LESOTHO</organization>
                <organization refersTo="memberState">LIBYA</organization>
                <organization refersTo="memberState">LIECHTENSTEIN</organization>
                <organization refersTo="memberState">LITHUANIA</organization>
                <organization refersTo="memberState">LUXEMBOURG</organization>
                <organization refersTo="memberState">MADAGASCAR</organization>
                <organization refersTo="memberState">MALAWI</organization>
                <organization refersTo="memberState">MALAYSIA</organization>
                <organization refersTo="memberState">MALDIVES</organization>
                <organization refersTo="memberState">MALI</organization>
                <organization refersTo="memberState">MALTA</organization>
                <organization refersTo="memberState">MAURITANIA</organization>
                <organization refersTo="memberState">MAURITIUS</organization>
                <organization refersTo="memberState">MEXICO</organization>
                <organization refersTo="memberState">MONACO</organization>
                <organization refersTo="memberState">MONGOLIA</organization>
                <organization refersTo="memberState">MONTENEGRO</organization>
                <organization refersTo="memberState">MOROCCO</organization>
                <organization refersTo="memberState">MOZAMBIQUE</organization>
                <organization refersTo="memberState">NAMIBIA</organization>
                <organization refersTo="memberState">NEPAL</organization>
                <organization refersTo="memberState">NETHERLANDS</organization>
                <organization refersTo="memberState">NEW ZEALAND</organization>
                <organization refersTo="memberState">NICARAGUA</organization>
                <organization refersTo="memberState">NIGERIA</organization>
                <organization refersTo="memberState">NORTH MACEDONIA</organization>
                <organization refersTo="memberState">NORWAY</organization>
                <organization refersTo="memberState">OMAN</organization>
                <organization refersTo="memberState">PAKISTAN</organization>
                <organization refersTo="memberState">PANAMA</organization>
                <organization refersTo="memberState">PARAGUAY</organization>
                <organization refersTo="memberState">PERU</organization>
                <organization refersTo="memberState">PHILIPPINES</organization>
                <organization refersTo="memberState">POLAND</organization>
                <organization refersTo="memberState">PORTUGAL</organization>
                <organization refersTo="memberState">QATAR</organization>
                <organization refersTo="memberState">REPUBLIC OF KOREA</organization>
                <organization refersTo="memberState">REPUBLIC OF MOLDOVA</organization>
                <organization refersTo="memberState">ROMANIA</organization>
                <organization refersTo="memberState">RUSSIAN FEDERATION</organization>
                <organization refersTo="memberState">SAINT KITTS AND NEVIS</organization>
                <organization refersTo="memberState">SAINT LUCIA</organization>
                <organization refersTo="memberState">SAINT VINCENT AND THE GRENADINES</organization>
                <organization refersTo="memberState">SAN MARINO</organization>
                <organization refersTo="memberState">SAUDI ARABIA</organization>
                <organization refersTo="memberState">SENEGAL</organization>
                <organization refersTo="memberState">SERBIA</organization>
                <organization refersTo="memberState">SEYCHELLES</organization>
                <organization refersTo="memberState">SIERRA LEONE</organization>
                <organization refersTo="memberState">SINGAPORE</organization>
                <organization refersTo="memberState">SLOVAKIA</organization>
                <organization refersTo="memberState">SLOVENIA</organization>
                <organization refersTo="memberState">SOUTH AFRICA</organization>
                <organization refersTo="memberState">SPAIN</organization>
                <organization refersTo="memberState">SRI LANKA</organization>
                <organization refersTo="memberState">SUDAN</organization>
                <organization refersTo="memberState">SURINAME</organization>
                <organization refersTo="memberState">SWEDEN</organization>
                <organization refersTo="memberState">SWITZERLAND</organization>
                <organization refersTo="memberState">SYRIAN ARAB REPUBLIC</organization>
                <organization refersTo="memberState">TAJIKISTAN</organization>
                <organization refersTo="memberState">THAILAND</organization>
                <organization refersTo="memberState">TIMOR-LESTE</organization>
                <organization refersTo="memberState">TRINIDAD AND TOBAGO</organization>
                <organization refersTo="memberState">TUNISIA</organization>
                <organization refersTo="memberState">TURKEY</organization>
                <organization refersTo="memberState">TURKMENISTAN</organization>
                <organization refersTo="memberState">UGANDA</organization>
                <organization refersTo="memberState">UKRAINE</organization>
                <organization refersTo="memberState">UNITED ARAB EMIRATES</organization>
                <organization refersTo="memberState">UNITED KINGDOM</organization>
                <organization refersTo="memberState">UNITED REPUBLIC OF TANZANIA</organization>
                <organization refersTo="memberState">URUGUAY</organization>
                <organization refersTo="memberState">UZBEKISTAN</organization>
                <organization refersTo="memberState">VENEZUELA (BOLIVARIAN REPUBLIC OF)</organization>
                <organization refersTo="memberState">VIET NAM</organization>
                <organization refersTo="memberState">YEMEN</organization>
                <organization refersTo="memberState">ZAMBIA</organization>
                <organization refersTo="memberState">ZIMBABWE</organization>
              </akn4un:voters>
            </count>
            <count value="6" refersTo="against">
              <akn4un:voters>
                <organization refersTo="memberState">CANADA</organization>
                <organization refersTo="memberState">ISRAEL</organization>
                <organization refersTo="memberState">MARSHALL ISLANDS</organization>
                <organization refersTo="memberState">MICRONESIA (FEDERATED STATES OF)</organization>
                <organization refersTo="memberState">NAURU</organization>
                <organization refersTo="memberState">UNITED STATES</organization>
              </akn4un:voters>
            </count>
            <count value="15" refersTo="abstaining">
              <akn4un:voters>
                <organization refersTo="memberState">AUSTRALIA</organization>
                <organization refersTo="memberState">BRAZIL</organization>
                <organization refersTo="memberState">CAMEROON</organization>
                <organization refersTo="memberState">COTE D'IVOIRE</organization>
                <organization refersTo="memberState">GUATEMALA</organization>
                <organization refersTo="memberState">HONDURAS</organization>
                <organization refersTo="memberState">KIRIBATI</organization>
                <organization refersTo="memberState">PAPUA NEW GUINEA</organization>
                <organization refersTo="memberState">RWANDA</organization>
                <organization refersTo="memberState">SAMOA</organization>
                <organization refersTo="memberState">SOLOMON ISLANDS</organization>
                <organization refersTo="memberState">TOGO</organization>
                <organization refersTo="memberState">TONGA</organization>
                <organization refersTo="memberState">TUVALU</organization>
                <organization refersTo="memberState">VANUATU</organization>
              </akn4un:voters>
            </count>
          </voting>
        </parliamentary>
      </analysis>
      <references source="#DGACM">
        <TLCOrganization eId="source" href="/akn/ontology/organization/un/DGACM" showAs="DGACM"></TLCOrganization>
        <TLCConcept eId="dateOfIssuance" href="/akn/ontology/concept/un/dateOfIssuance" showAs="Date of issuance"></TLCConcept>
        <TLCConcept eId="dateOfAdoption" href="/akn/ontology/concept/un/dateOfAdoption" showAs="Date of adoption"></TLCConcept>
        <TLCConcept eId="symbol" href="/akn/ontology/reference/un/symbol" showAs="Symbol"></TLCConcept>
        <TLCRole eId="publisher" href="/akn/ontology/role/un/publisher" showAs="Publisher"></TLCRole>
        <TLCRole eId="issuingBody" href="/akn/role/concept/un/issuingBody" showAs="Issuing body"></TLCRole>
        <TLCRole eId="author" href="/akn/ontology/role/un/author" showAs="Author"></TLCRole>
        <TLCRole eId="editor" href="/akn/ontology/role/un/editor" showAs="Editor"></TLCRole>
        <TLCRole eId="distribution" href="/akn/ontology/concept/un/generalDistribution" showAs="General distribution"></TLCRole>
        <TLCOrganization eId="ga" href="/akn/ontology/organization/un/generalAssembly" showAs="General Assembly"></TLCOrganization>
        <TLCTerm eId="resolutionTitle" href="/akn/ontology/reference/un/resolutionTitle" showAs="Resolution title"></TLCTerm>
        <TLCTerm eId="secondCommittee" href="#secondCommittee" showAs="Segunda Comisión"></TLCTerm>
        <TLCTerm eId="memberState" href="/akn/ontology/organization/un/memberState" showAs="Member State"></TLCTerm>
        <TLCTerm eId="inFavour" href="/akn/ontology/concept/un/voting/inFavour" showAs="In favour"></TLCTerm>
        <TLCTerm eId="against" href="/akn/ontology/concept/un/voting/against" showAs="Against"></TLCTerm>
        <TLCTerm eId="abstaining" href="/akn/ontology/concept/un/voting/abstaining" showAs="Abstaining"></TLCTerm>
      </references>
      <presentation source="#un">
        <akn4un:footerFirstPage>
          <akn4un:footerFirstPageLeft>
            <akn4un:internalCode>
              <docketNumber refersTo="#publicationJobNumber">19-22518 (S)</docketNumber>
              <img alt="bar code" class="barCode" src=""></img>
            </akn4un:internalCode>
          </akn4un:footerFirstPageLeft>
          <akn4un:footerFirstPageRight>
            <img alt="Please recycle" class="image" src="./recylcleLogo.jpg"></img>
            <img alt="embedded QR code" class="qrCode" src=""></img>
          </akn4un:footerFirstPageRight>
        </akn4un:footerFirstPage>
      </presentation>
    </meta>
    <coverPage eId="coverPage_1">
      <p>
        <span refersTo="#publisher" class="upperLeft">
          <docAuthority refersTo="#publisher">Naciones Unidas</docAuthority>
        </span>
      </p>
      <p class="upperRight">
        <docNumber refersTo="#symbol">A/RES/74/243</docNumber>
      </p>
      <p class="upperLeft">
        <img src="logo-un.jpg"></img>
        <docAuthority refersTo="#issuingBody" class="rightBig">Asamblea General</docAuthority>
      </p>
      <p>
        <docStatus refersTo="#generalDistribution" class="rightSmall">Distr. general</docStatus>
      </p>
      <p>
        <docDate date="2020-01-17" class="rightSmall" refersTo="#dateOfIssuance">17 de enero de 2020</docDate>
      </p>
      <p>
        <session refersTo="#generalAssembly" value="74" eId="coverPage_1__session_1">Septuagésimo cuarto período de sesiones</session>
      </p>
      <p>
        <inline name="agenda item">Tema 60 del programa</inline>
      </p>
      <p>
        <inline name="agenda item name">Soberanía permanente del pueblo palestino en el Territorio Palestino Ocupado, incluida Jerusalén Oriental, y de la población árabe en el Golán sirio ocupado sobre sus recursos naturales</inline>
      </p>
      <p>
        <docTitle>Resolución aprobada por la Asamblea General el 19 de diciembre de 2019</docTitle>
      </p>
      <p xml:space="preserve">
        <docProponent refersTo="#secondCommittee">[sobre la base del informe de la Segunda Comisión (<inline name="originating document">A/74/387</inline>)]</docProponent>
      </p>
    </coverPage>
    <preface>
      <p>
        <docNumber>74/243.</docNumber>
        <docTitle refersTo="#resolutionTitle">Soberanía permanente del pueblo palestino en el Territorio Palestino Ocupado, incluida Jerusalén Oriental, y de la población árabe en el Golán sirio ocupado sobre sus recursos naturales</docTitle>
      </p>
    </preface>
    <preamble>
      <formula name="enactingFormula" eId="formula_1">
        <p xml:space="preserve">
          <span class="italic">La Asamblea General</span>,</p>
      </formula>
      <container name="Recordando" eId="container_2">
        <p xml:space="preserve">
          <span class="italic">Recordando</span> su resolución <a href="https://undocs.org/es/A/RES/73/255">73/255</a>, de 20 de diciembre de 2018, y tomando nota de la resolución <a href="https://undocs.org/es/E/RES/2019/29">2019/29</a> del Consejo Económico y Social, de 23 de julio de 2019,</p>
      </container>
      <container name="Recordando también" eId="container_3">
        <p xml:space="preserve">
          <span class="italic">Recordando también</span> sus resoluciones <a href="https://undocs.org/es/A/RES/58/292">58/292</a>, de 6 de mayo de 2004, y <a href="https://undocs.org/es/A/RES/59/251">59/251</a>, de 22 de diciembre de 2004,</p>
      </container>
      <container name="Reafirmando" eId="container_4">
        <p xml:space="preserve">
          <span class="italic">Reafirmando</span> el principio de la soberanía permanente de los pueblos bajo ocupación extranjera sobre sus recursos naturales,</p>
      </container>
      <container name="Guiándose" eId="container_5">
          <p xml:space="preserve">
            <span class="italic">Guiándose</span> por los principios de la Carta de las Naciones Unidas, que afirman la inadmisibilidad de la adquisición de territorio por la fuerza, y recordando las resoluciones pertinentes del Consejo de Seguridad, entre ellas las resoluciones <a href="https://undocs.org/es/S/RES/242(1967)">242</a><a href="https://undocs.org/es/S/RES/242(1967)"> </a><a href="https://undocs.org/es/S/RES/242(1967)">(1967)</a>, de 22 de noviembre de 1967, <a href="https://undocs.org/es/S/RES/465(1980)">465 (1980)</a>, de 1 de marzo de 1980, <a href="https://undocs.org/es/S/RES/497(1981)">497</a><a href="https://undocs.org/es/S/RES/497(1981)"> </a><a href="https://undocs.org/es/S/RES/497(1981)">(1981)</a>, de 17 de diciembre de 1981, y <a href="https://undocs.org/es/S/RES/2334(2016)">2334 (2016)</a>, de 23 de diciembre de 2016,</p>
        </container>
      <container name="Recordando" eId="container_6">
        <p xml:space="preserve">
          <span class="italic">Recordando</span> su resolución <a href="https://undocs.org/es/A/RES/2625(XXV)">2625 (XXV)</a>, de 24 de octubre de 1970,</p>
      </container>
      <container name="Teniendo presente" eId="container_7">
        <p xml:space="preserve">
          <span class="italic">Teniendo presente</span> su resolución <a href="https://undocs.org/es/A/RES/70/1">70/1</a>, de 25 de septiembre de 2015, titulada “Transformar nuestro mundo: la Agenda 2030 para el Desarrollo Sostenible”,</p>
      </container>
      <container name="Reafirmando" eId="container_8">
        <p xml:space="preserve">
          <span class="italic">Reafirmando</span> que el Convenio de Ginebra relativo a la Protección debida a las Personas Civiles en Tiempo de Guerra, de 12 de agosto de 1949<authorialNote marker="1" placement="bottom" eId="authorialNote_1"><p xml:space="preserve">	 	Naciones Unidas, <span class="italic">Treaty Series</span>, vol. 75, núm. 973.</p></authorialNote>, es aplicable al Territorio Palestino Ocupado, incluida Jerusalén Oriental, y a otros territorios árabes ocupados por Israel desde 1967,</p>
      </container>
      <container name="Recordando" eId="container_9">
        <p xml:space="preserve">
          <span class="italic">Recordando</span> a este respecto el Pacto Internacional de Derechos Civiles y Políticos<authorialNote marker="2" placement="bottom" eId="authorialNote_2"><p xml:space="preserve">	 	Véase la resolución <a href="https://undocs.org/es/A/RES/2200(XXI)">2200 A (XXI)</a>, anexo.</p></authorialNote> y el Pacto Internacional de Derechos Económicos, Sociales y Culturales<sup>2</sup> y afirmando que estos instrumentos de derechos humanos deben respetarse en el Territorio Palestino Ocupado, incluida Jerusalén Oriental, así como en el Golán sirio ocupado,</p>
      </container>
      <container name="Recordando también" eId="container_10">
        <p xml:space="preserve">
          <span class="italic">Recordando también</span> la opinión consultiva emitida el 9 de julio de 2004 por la Corte Internacional de Justicia sobre las consecuencias jurídicas de la construcción de un muro en el Territorio Palestino Ocupado<authorialNote marker="3" placement="bottom" eId="authorialNote_3"><p xml:space="preserve">	 	Véase A/ES-10/273 y <a href="https://undocs.org/es/A/ES-10/273/Corr.1">A/ES-10/273/Corr.1</a>.</p></authorialNote>, y recordando además sus resoluciones <a href="https://undocs.org/es/A/RES/ES-10/15">ES-10/15</a>, de 20 de julio de 2004, y <a href="https://undocs.org/es/A/RES/ES-10/17">ES-10/17</a>, de 15 de diciembre de 2006,</p>
      </container>
      <container name="Recordando además" eId="container_11">
        <p xml:space="preserve">
          <span class="italic">Recordando además</span> su resolución <a href="https://undocs.org/es/A/RES/67/19">67/19</a>, de 29 de noviembre de 2012,</p>
      </container>
      <container name="Tomando nota" eId="container_12">
        <p xml:space="preserve">
          <span class="italic">Tomando nota</span> de que Palestina se adhirió a varios tratados de derechos humanos y a los principales tratados de derecho humanitario, así como a otros tratados internacionales,</p>
      </container>
      <container name="Expresando su preocupación" eId="container_13">
        <p xml:space="preserve">
          <span class="italic">Expresando su preocupación</span> ante la explotación por Israel, la Potencia ocupante, de los recursos naturales del Territorio Palestino Ocupado, incluida Jerusalén Oriental, y de otros territorios árabes ocupados por Israel desde 1967,</p>
      </container>
      <container name="Expresando su profunda preocupación" eId="container_14">
        <p xml:space="preserve">
          <span class="italic">Expresando su profunda preocupación</span> por la destrucción en gran escala de tierras agrícolas y huertos que Israel, la Potencia ocupante, ha perpetrado en el Territorio Palestino Ocupado, en particular arrancando un gran número de árboles frutales y destruyendo granjas e invernaderos, y por el grave impacto ambiental y económico de esos actos,</p>
      </container>
      <container name="Expresando su profunda preocupación también" eId="container_15">
        <p xml:space="preserve">
          <span class="italic">Expresando su profunda preocupación también</span> por la destrucción generalizada de infraestructura vital, incluidos conductos de agua, redes de alcantarillado y redes de suministro de electricidad, causada por Israel, la Potencia ocupante, en el Territorio Palestino Ocupado, especialmente en la Franja de Gaza durante las operaciones militares llevadas a cabo en julio y agosto de 2014, lo cual, entre otras cosas, ha contaminado el medio ambiente y afecta negativamente al funcionamiento de los sistemas de abastecimiento de agua y saneamiento y el suministro de agua y otros recursos naturales del pueblo palestino, y destacando la urgencia de la reconstrucción y el desarrollo de la infraestructura de abastecimiento de agua y otras infraestructuras civiles básicas, incluido el proyecto de la planta de desalinización en la Franja de Gaza,</p>
      </container>
      <container name="Expresando su profunda preocupación además" eId="container_16">
        <p xml:space="preserve">
          <span class="italic">Expresando su profunda preocupación además</span> por los efectos negativos sobre el medio ambiente y sobre los esfuerzos de reconstrucción y desarrollo de las municiones sin detonar que quedan en la Franja de Gaza como consecuencia del conflicto de julio y agosto de 2014, y encomiando los esfuerzos realizados por el Servicio de las Naciones Unidas de Actividades relativas a las Minas para retirarlas en condiciones de seguridad,</p>
      </container>
      <container name="Expresando su profunda preocupación" eId="container_17">
        <p xml:space="preserve">
          <span class="italic">Expresando su profunda preocupación</span> por la escasez crónica de energía en la Franja de Gaza y el perjuicio que supone para el funcionamiento de las instalaciones de abastecimiento de agua y saneamiento, que amenazan con socavar aún más los recursos hídricos subterráneos, de los que solo el 5 % sigue siendo potable,</p>
      </container>
      <container name="Recordando" eId="container_18">
        <p xml:space="preserve">
          <span class="italic">Recordando</span> el informe del Programa de las Naciones Unidas para el Medio Ambiente de 2009 sobre la grave situación ambiental en la Franja de Gaza, así como los informes pertinentes del equipo de las Naciones Unidas en el país, entre ellos, los titulados “Gaza in 2020: a liveable place?” (Gaza en 2020: ¿un lugar habitable?), “Gaza: two years after” (Gaza: dos años después), y “Gaza ten years later” (Gaza diez años más tarde), y destacando la necesidad de dar seguimiento a las recomendaciones que contienen,</p>
      </container>
      <container name="Deplorando" eId="container_19">
        <p xml:space="preserve">
          <span class="italic">Deplorando</span> el perjuicio que entrañan los asentamientos israelíes para los recursos naturales palestinos y otros recursos naturales árabes, en particular de resultas de la confiscación de tierras y el desvío forzado de los recursos hídricos, que incluyen la destrucción de huertos y cultivos y la apropiación de pozos de agua por los colonos israelíes, y de las graves consecuencias socioeconómicas que traen consigo,</p>
      </container>
      <container name="Recordando" eId="container_20">
        <p xml:space="preserve">
          <span class="italic">Recordando</span> el informe de la misión internacional independiente de investigación de las repercusiones de los asentamientos israelíes en los derechos civiles, políticos, económicos, sociales y culturales del pueblo palestino en todo el Territorio Palestino Ocupado, incluida Jerusalén Oriental<authorialNote marker="4" placement="bottom" eId="authorialNote_4"><p xml:space="preserve"><a href="https://undocs.org/es/A/HRC/22/63">A/HRC/22/63</a>.</p></authorialNote>,</p>
      </container>
      <container name="Consciente" eId="container_21">
        <p xml:space="preserve">
          <span class="italic">Consciente</span> del perjuicio que entraña para los recursos naturales palestinos el muro que construye ilegalmente Israel, la Potencia ocupante, dentro del Territorio Palestino Ocupado, incluso en Jerusalén Oriental y sus alrededores, y de las graves repercusiones que también tiene en las condiciones económicas y sociales del pueblo palestino,</p>
      </container>
      <container name="Destacando" eId="container_22">
        <p xml:space="preserve">
          <span class="italic">Destacando</span> la urgencia de que se logre sin demora poner fin a la ocupación israelí que comenzó en 1967 y se llegue a un arreglo de paz justo, duradero y general en todos los ámbitos, sobre la base de las resoluciones del Consejo de Seguridad <a href="https://undocs.org/es/S/RES/242(1967)">242</a><a href="https://undocs.org/es/S/RES/242(1967)"> </a><a href="https://undocs.org/es/S/RES/242(1967)">(1967)</a>, <a href="https://undocs.org/es/S/RES/338(1973)">338 (1973)</a>, de 22 de octubre de 1973, <a href="https://undocs.org/es/S/RES/425(1978)">425 (1978)</a>, de 19 de marzo de 1978, 1397 (2002), de 12 de marzo de 2002, y <a href="https://undocs.org/es/S/RES/2334(2016)">2334 (2016)</a>, el principio de tierra por paz, la Iniciativa de Paz Árabe<authorialNote marker="5" placement="bottom" eId="authorialNote_5"><p xml:space="preserve"><a href="https://undocs.org/es/A/56/1026">A/56/1026‑S/2002/932</a>, anexo II, resolución 14/221.</p></authorialNote> y la hoja de ruta del Cuarteto basada en la ejecución para una solución permanente biestatal del conflicto israelo-palestino<authorialNote marker="6" placement="bottom" eId="authorialNote_6"><p xml:space="preserve"><a href="https://undocs.org/es/S/2003/529">S/2003/529</a>, anexo.</p></authorialNote>, que el Consejo hizo suya en su resolución <a href="https://undocs.org/es/S/RES/1515(2003)">1515 (2003)</a>, de 19 de noviembre de 2003, y apoyó en su resolución <a href="https://undocs.org/es/S/RES/1850(2008)">1850 (2008)</a>, de 16 de diciembre de 2008,</p>
      </container>
      <container name="Destacando también" eId="container_23">
        <p xml:space="preserve">
          <span class="italic">Destacando también</span> a este respecto la necesidad de que se respete la obligación impuesta en la hoja de ruta a Israel de paralizar las actividades de asentamiento, incluido el denominado “crecimiento natural”, y de desmantelar todos los asentamientos de avanzada erigidos desde marzo de 2001,</p>
      </container>
      <container name="Destacando además" eId="container_24">
        <p xml:space="preserve">
          <span class="italic">Destacando además</span> la necesidad de que se respeten y preserven la unidad, la contigüidad y la integridad territoriales de todo el Territorio Palestino Ocupado, incluida Jerusalén Oriental,</p>
      </container>
      <container name="&#x9;Recordando " eId="container_25">
        <p xml:space="preserve">
          <span class="italic">	Recordando </span>que el Consejo de Seguridad, en su resolución <a href="https://undocs.org/es/S/RES/2334(2016)">2334 (2016)</a>, subrayó que no reconocería ningún cambio a las líneas del 4 de junio de 1967, incluso en lo que respecta a Jerusalén, que no fueran los acordados por las partes mediante negociaciones,</p>
      </container>
      <container name="Recordando también" eId="container_26">
        <p xml:space="preserve">
          <span class="italic">Recordando también</span> la necesidad de que se ponga fin a todos los actos de violencia, incluidos los actos de terror, provocación, incitación y destrucción,</p>
      </container>
      <container name="Tomando nota" eId="container_27">
        <p xml:space="preserve">
          <span class="italic">Tomando nota</span> del informe preparado por la Comisión Económica y Social para Asia Occidental sobre las consecuencias económicas y sociales de la ocupación israelí para las condiciones de vida del pueblo palestino en el Territorio Palestino Ocupado, incluida Jerusalén Oriental, y de la población árabe en el Golán sirio ocupado, transmitido por el Secretario General<authorialNote marker="7" placement="bottom" eId="authorialNote_7"><p xml:space="preserve"><a href="https://undocs.org/es/A/74/88">A/74/88-E/2019/72</a>.</p></authorialNote>,</p>
      </container>
    </preamble>
    <mainBody>
      <paragraph eId="para_28" class="SingleTxt">
        <num>	1.</num>
        <content eId="para_28__content">
          <p xml:space="preserve">
            <span class="italic">Reafirma</span> los derechos inalienables del pueblo palestino y de la población del Golán sirio ocupado sobre sus recursos naturales, incluidos los recursos terrestres, hídricos y energéticos;</p>
        </content>
      </paragraph>
      <paragraph eId="para_29" class="SingleTxt">
        <num>	2.</num>
        <content eId="para_29__content">
          <p xml:space="preserve">
            <span class="italic">Exige</span> a Israel, la Potencia ocupante, que deje de explotar, dañar, destruir, agotar y poner en peligro los recursos naturales del Territorio Palestino Ocupado, incluida Jerusalén Oriental, y del Golán sirio ocupado;</p>
        </content>
      </paragraph>
      <paragraph eId="para_30" class="SingleTxt">
        <num>	3.</num>
        <content eId="para_30__content">
          <p xml:space="preserve">
            <span class="italic">Reconoce</span> el derecho del pueblo palestino a reclamar indemnización por la explotación, el daño, la destrucción, el agotamiento o la puesta en peligro de sus recursos naturales, como consecuencia de las medidas ilegales tomadas por Israel, la Potencia ocupante, y los colonos israelíes en el Territorio Palestino Ocupado, incluida Jerusalén Oriental, y expresa la esperanza de que esta cuestión se trate en el marco de las negociaciones sobre el estatuto definitivo entre palestinos e israelíes;</p>
        </content>
      </paragraph>
      <paragraph eId="para_31" class="SingleTxt">
        <num>	4.</num>
        <content eId="para_31__content">
          <p xml:space="preserve">
            <span class="italic">Destaca</span> que el muro y los asentamientos que Israel está construyendo en el Territorio Palestino Ocupado, incluso en Jerusalén Oriental y sus alrededores, contravienen el derecho internacional y privan seriamente al pueblo palestino de sus recursos naturales, y pide a ese respecto que se respeten todas las obligaciones jurídicas afirmadas en la opinión consultiva emitida el 9 de julio de 2004 por la Corte Internacional de Justicia<sup>3</sup> y en las resoluciones pertinentes de las Naciones Unidas, incluida la resolución <a href="https://undocs.org/es/A/RES/ES-10/15">ES-10/15</a> de la Asamblea General;</p>
        </content>
      </paragraph>
      <paragraph eId="para_32" class="SingleTxt">
        <num>	5.</num>
        <content eId="para_32__content">
          <p xml:space="preserve">
            <span class="italic">Exhorta</span> a Israel, la Potencia ocupante, a que cumpla estrictamente las obligaciones que le impone el derecho internacional, en particular el derecho internacional humanitario, y a que ponga fin de inmediato y por completo a todas las políticas y medidas dirigidas a alterar el carácter y el estatuto del Territorio Palestino Ocupado, incluida Jerusalén Oriental;</p>
        </content>
      </paragraph>
      <paragraph eId="para_33" class="SingleTxt">
        <num>	6.</num>
        <content eId="para_33__content">
          <p xml:space="preserve">
            <span class="italic">Exhorta también</span> a Israel, la Potencia ocupante, a que ponga fin a todas las actividades, incluidas las de los colonos israelíes, que dañen el medio ambiente, en particular el vertido en el Territorio Palestino Ocupado, incluida Jerusalén Oriental, así como en el Golán sirio ocupado, de todo tipo de materiales de desecho, que ponen en grave peligro sus recursos naturales, concretamente los hídricos y terrestres, y que constituyen una amenaza para el medio ambiente, el saneamiento y la salud de la población civil;</p>
        </content>
      </paragraph>
      <paragraph eId="para_34" class="SingleTxt">
        <num>	7.</num>
        <content eId="para_34__content">
          <p xml:space="preserve">
            <span class="italic">Exhorta además</span> a Israel a que deje de destruir infraestructura vital, especialmente conductos de agua, redes de alcantarillado y redes de suministro de electricidad, y a que ponga fin a la demolición y confiscación de hogares palestinos y de infraestructura civil, tierras agrícolas y pozos de agua, lo cual, entre otras cosas, repercute negativamente sobre los recursos naturales del pueblo palestino, destaca la necesidad urgente de promover los proyectos de reconstrucción y desarrollo a este respecto, incluso en la Franja de Gaza, y pide que se preste apoyo a los esfuerzos necesarios en ese sentido, en consonancia con los compromisos asumidos, en particular, en la Conferencia Internacional de El Cairo sobre Palestina y la Reconstrucción de Gaza, celebrada el 12 de octubre de 2014;</p>
        </content>
      </paragraph>
      <paragraph eId="para_35" class="SingleTxt">
        <num>	8.</num>
        <content eId="para_35__content">
          <p xml:space="preserve">
            <span class="italic">Exhorta</span> a Israel, la Potencia ocupante, a que elimine todos los obstáculos a la ejecución de proyectos ambientales críticos, entre ellos las plantas de tratamiento de aguas residuales de la Franja de Gaza y la reconstrucción y el desarrollo de la infraestructura de abastecimiento de agua, incluido el proyecto de la planta de desalinización en la Franja de Gaza;</p>
        </content>
      </paragraph>
      <paragraph eId="para_36" class="SingleTxt">
        <num>	9.</num>
        <content eId="para_36__content">
          <p xml:space="preserve">
            <span class="italic">Exhorta también</span> a Israel a que no obstaculice el desarrollo palestino ni la exportación de las reservas descubiertas de petróleo y gas natural;</p>
        </content>
      </paragraph>
      <paragraph eId="para_37" class="SingleTxt">
        <num>	10.</num>
        <content eId="para_37__content">
          <p xml:space="preserve">
            <span class="italic">Pide</span> que se retiren de inmediato de la Franja de Gaza, en condiciones de seguridad, todas las municiones sin detonar y se preste apoyo a la labor que realiza el Servicio de las Naciones Unidas de Actividades relativas a las Minas en ese sentido y acoge con beneplácito los enormes esfuerzos desplegados por el Servicio de Actividades relativas a las Minas hasta el momento;</p>
        </content>
      </paragraph>
      <paragraph eId="para_38" class="SingleTxt">
        <num>	11.</num>
        <content eId="para_38__content">
          <p xml:space="preserve">
            <span class="italic">Alienta</span> a todos los Estados y a las organizaciones internacionales a que sigan promoviendo activamente políticas para asegurar el cumplimiento de las obligaciones que les incumben en virtud del derecho internacional en relación con todas las prácticas y medidas israelíes ilegales en el Territorio Palestino Ocupado, incluida Jerusalén Oriental, en particular las actividades israelíes de asentamiento y la explotación de los recursos naturales;</p>
        </content>
      </paragraph>
      <paragraph eId="para_39" class="SingleTxt">
        <num>	12.</num>
        <content eId="para_39__content">
          <p xml:space="preserve">
            <span class="italic">Recalca</span>, a este respecto, la exhortación realizada por el Consejo de Seguridad, en su resolución <a href="https://undocs.org/es/S/RES/2334(2016)">2334 (2016)</a>, a todos los Estados a que establezcan una distinción, en sus relaciones pertinentes, entre el territorio del Estado de Israel y los territorios ocupados desde 1967;</p>
        </content>
      </paragraph>
      <paragraph eId="para_40" class="SingleTxt">
        <num>	13.</num>
        <content eId="para_40__content">
          <p xml:space="preserve">
            <span class="italic">Solicita</span> al Secretario General que en su septuagésimo quinto período de sesiones la informe sobre la aplicación de la presente resolución, incluso en lo que respecta a los efectos acumulados de la explotación, los daños y el agotamiento por Israel de los recursos naturales del Territorio Palestino Ocupado, incluida Jerusalén Oriental, y del Golán sirio ocupado, y a las repercusiones de dichas prácticas en la promoción de los Objetivos de Desarrollo Sostenible<authorialNote marker="8" placement="bottom" eId="authorialNote_8"><p xml:space="preserve">	 	Véase la resolución <a href="https://undocs.org/es/A/RES/70/1">70/1</a>.</p></authorialNote>, y decide incluir en el programa provisional de su septuagésimo quinto período de sesiones el tema titulado “Soberanía permanente del pueblo palestino en el Territorio Palestino Ocupado, incluida Jerusalén Oriental, y de la población árabe en el Golán sirio ocupado sobre sus recursos naturales”.</p>
        </content>
      </paragraph>
    </mainBody>
    <conclusions eId="conclusions">
      <p>
        <inline name="adoptionMeeting" title="52a">52a sesión plenaria</inline>
        <eol />
        <docDate date="2019-12-19" refersTo="#adoptionDate">19 de diciembre de 2019</docDate>
      </p>
    </conclusions>
  </statement>
</akomaNtoso>