<akomaNtoso xmlns:xsi="http://www.w3.org/2001/XMLSchema-instance" xsi:schemaLocation="http://docs.oasis-open.org/legaldocml/ns/akn/3.0 http://docs.oasis-open.org/legaldocml/akn-core/v1.0/os/part2-specs/schemas/akomantoso30.xsd" xmlns="http://docs.oasis-open.org/legaldocml/ns/akn/3.0" xmlns:html="http://www.w3.org/1999/xhtml" xmlns:akn4un="http://un.org/akn4un">
  <statement name="resolution">
    <meta>
      <identification source="#DGACM">
        <FRBRWork>
          <FRBRthis value="/akn/un/statement/deliberation/unga/2019-12-19/74-221/!main/"></FRBRthis>
          <FRBRuri value="/akn/un/statement/deliberation/unga/2019-12-19/74-221/"></FRBRuri>
          <FRBRdate date="2019-12-19" name="adoption"></FRBRdate>
          <FRBRauthor href="ga" as="author"></FRBRauthor>
          <FRBRcountry value="un"></FRBRcountry>
        </FRBRWork>
        <FRBRExpression>
          <FRBRthis value="/akn/un/statement/deliberation/unga/2019-12-19/74-221/spa@!main/"></FRBRthis>
          <FRBRuri value="/akn/un/statement/deliberation/unga/2019-12-19/74-221/spa@/"></FRBRuri>
          <FRBRdate date="2020-01-20" name="publication"></FRBRdate>
          <FRBRauthor href="ga" as="issuer"></FRBRauthor>
          <FRBRlanguage language="spa"></FRBRlanguage>
        </FRBRExpression>
        <FRBRManifestation>
          <FRBRthis value="/akn/un/statement/deliberation/unga/2019-12-19/74-221/spa@/!main.xml"></FRBRthis>
          <FRBRuri value="/akn/un/statement/deliberation/unga/2019-12-19/74-221/spa@.xml"></FRBRuri>
          <FRBRdate date="2020-08-17" name="markup"></FRBRdate>
          <FRBRauthor href="DGACM" as="editor"></FRBRauthor>
        </FRBRManifestation>
      </identification>
      <classification source="http://metadata.un.org/sdg">
        <keyword value="3" href="http://metadata.un.org/sdg/3" showAs="sdg_3" dictionary="SDGO"></keyword>
        <keyword value="public_health" href="http://eurovoc.europa.eu/3885" showAs="public_health" dictionary="EuroVoc"></keyword>
        <keyword value="health" href="http://metadata.un.org/thesaurus/1002824" showAs="health" dictionary="UNBIS Thesaurus"></keyword>
      </classification>
      <classification source="http://metadata.un.org/sdg">
        <keyword value="15" href="http://metadata.un.org/sdg/15" showAs="sdg_15" dictionary="SDGO"></keyword>
        <keyword value="deforestation" href="http://eurovoc.europa.eu/339" showAs="deforestation" dictionary="EuroVoc"></keyword>
        <keyword value="desertification" href="http://eurovoc.europa.eu/416" showAs="desertification" dictionary="EuroVoc"></keyword>
        <keyword value="biodiversity" href="http://eurovoc.europa.eu/5463" showAs="biodiversity" dictionary="EuroVoc"></keyword>
        <keyword value="land,_plant_and_soil_resources" href="http://metadata.un.org/thesaurus/030600" showAs="land,_plant_and_soil_resources" dictionary="UNBIS Thesaurus"></keyword>
        <keyword value="deforestation" href="http://metadata.un.org/thesaurus/1001550" showAs="deforestation" dictionary="UNBIS Thesaurus"></keyword>
      </classification>
      <classification source="http://metadata.un.org/sdg">
        <keyword value="16" href="http://metadata.un.org/sdg/16" showAs="sdg_16" dictionary="SDGO"></keyword>
        <keyword value="right_to_justice" href="http://eurovoc.europa.eu/516" showAs="right_to_justice" dictionary="EuroVoc"></keyword>
        <keyword value="sustainable_development" href="http://eurovoc.europa.eu/5585" showAs="sustainable_development" dictionary="EuroVoc"></keyword>
        <keyword value="civil_society" href="http://metadata.un.org/thesaurus/1001012" showAs="civil_society" dictionary="UNBIS Thesaurus"></keyword>
        <keyword value="justice" href="http://metadata.un.org/thesaurus/1003500" showAs="justice" dictionary="UNBIS Thesaurus"></keyword>
        <keyword value="peaceful_coexistence" href="http://metadata.un.org/thesaurus/1004777" showAs="peaceful_coexistence" dictionary="UNBIS Thesaurus"></keyword>
        <keyword value="public_institutions" href="http://metadata.un.org/thesaurus/1005254" showAs="public_institutions" dictionary="UNBIS Thesaurus"></keyword>
        <keyword value="social_justice" href="http://metadata.un.org/thesaurus/1005970" showAs="social_justice" dictionary="UNBIS Thesaurus"></keyword>
        <keyword value="sustainable_development" href="http://metadata.un.org/thesaurus/1006319" showAs="sustainable_development" dictionary="UNBIS Thesaurus"></keyword>
      </classification>
      <classification source="http://metadata.un.org/sdg">
        <keyword value="17" href="http://metadata.un.org/sdg/17" showAs="sdg_17" dictionary="SDGO"></keyword>
        <keyword value="sustainable_development" href="http://eurovoc.europa.eu/5585" showAs="sustainable_development" dictionary="EuroVoc"></keyword>
        <keyword value="partnership" href="http://eurovoc.europa.eu/4199" showAs="partnership" dictionary="EuroVoc"></keyword>
        <keyword value="sustainable_development" href="http://metadata.un.org/thesaurus/1006319" showAs="sustainable_development" dictionary="UNBIS Thesaurus"></keyword>
        <keyword value="partnership" href="http://metadata.un.org/thesaurus/1004748" showAs="partnership" dictionary="UNBIS Thesaurus"></keyword>
      </classification>
      <workflow source="#un">
        <step date="2019-11-21" outcome="draftResolution" as="A/C.2/74/L.66" by="submitted by the Vice-Chair of the Committee" />
        <step date="0001-01-01" outcome="draftResolutionAdditionalSponsors" by="" />
        <step date="0001-01-01" outcome="recommendedForAdoption" as="A/74/381/Add.6" by="" refersTo="8" />
        <step date="2019-12-19" outcome="adopted" as="A/74/PV.52" by="" />
      </workflow>
      <analysis source="#un">
        <parliamentary>
          <voting outcome="adoptedWithoutVote">
            <quorum value=""></quorum>
          </voting>
        </parliamentary>
      </analysis>
      <references source="#DGACM">
        <TLCOrganization eId="source" href="/akn/ontology/organization/un/DGACM" showAs="DGACM"></TLCOrganization>
        <TLCConcept eId="dateOfIssuance" href="/akn/ontology/concept/un/dateOfIssuance" showAs="Date of issuance"></TLCConcept>
        <TLCConcept eId="dateOfAdoption" href="/akn/ontology/concept/un/dateOfAdoption" showAs="Date of adoption"></TLCConcept>
        <TLCConcept eId="symbol" href="/akn/ontology/reference/un/symbol" showAs="Symbol"></TLCConcept>
        <TLCRole eId="publisher" href="/akn/ontology/role/un/publisher" showAs="Publisher"></TLCRole>
        <TLCRole eId="issuingBody" href="/akn/role/concept/un/issuingBody" showAs="Issuing body"></TLCRole>
        <TLCRole eId="author" href="/akn/ontology/role/un/author" showAs="Author"></TLCRole>
        <TLCRole eId="editor" href="/akn/ontology/role/un/editor" showAs="Editor"></TLCRole>
        <TLCRole eId="distribution" href="/akn/ontology/concept/un/generalDistribution" showAs="General distribution"></TLCRole>
        <TLCOrganization eId="ga" href="/akn/ontology/organization/un/generalAssembly" showAs="General Assembly"></TLCOrganization>
        <TLCTerm eId="resolutionTitle" href="/akn/ontology/reference/un/resolutionTitle" showAs="Resolution title"></TLCTerm>
        <TLCTerm eId="secondCommittee" href="#secondCommittee" showAs="Segunda Comisión"></TLCTerm>
        <TLCTerm eId="memberState" href="/akn/ontology/organization/un/memberState" showAs="Member State"></TLCTerm>
        <TLCTerm eId="inFavour" href="/akn/ontology/concept/un/voting/inFavour" showAs="In favour"></TLCTerm>
        <TLCTerm eId="against" href="/akn/ontology/concept/un/voting/against" showAs="Against"></TLCTerm>
        <TLCTerm eId="abstaining" href="/akn/ontology/concept/un/voting/abstaining" showAs="Abstaining"></TLCTerm>
      </references>
      <presentation source="#un">
        <akn4un:footerFirstPage>
          <akn4un:footerFirstPageLeft>
            <akn4un:internalCode>
              <docketNumber refersTo="#publicationJobNumber">19-22490 (S)</docketNumber>
              <img alt="bar code" class="barCode" src=""></img>
            </akn4un:internalCode>
          </akn4un:footerFirstPageLeft>
          <akn4un:footerFirstPageRight>
            <img alt="Please recycle" class="image" src="./recylcleLogo.jpg"></img>
            <img alt="embedded QR code" class="qrCode" src=""></img>
          </akn4un:footerFirstPageRight>
        </akn4un:footerFirstPage>
      </presentation>
    </meta>
    <coverPage eId="coverPage_1">
      <p>
        <span refersTo="#publisher" class="upperLeft">
          <docAuthority refersTo="#publisher">Naciones Unidas</docAuthority>
        </span>
      </p>
      <p class="upperRight">
        <docNumber refersTo="#symbol">A/RES/74/221</docNumber>
      </p>
      <p class="upperLeft">
        <img src="logo-un.jpg"></img>
        <docAuthority refersTo="#issuingBody" class="rightBig">Asamblea General</docAuthority>
      </p>
      <p>
        <docStatus refersTo="#generalDistribution" class="rightSmall">Distr. general</docStatus>
      </p>
      <p>
        <docDate date="2020-01-20" class="rightSmall" refersTo="#dateOfIssuance">20 de enero de 2020</docDate>
      </p>
      <p>
        <session refersTo="#generalAssembly" value="74" eId="coverPage_1__session_1">Septuagésimo cuarto período de sesiones</session>
      </p>
      <p>
        <inline name="agenda item">Tema 19 f) del programa</inline>
      </p>
      <p>
        <inline name="agenda item name">Desarrollo sostenible: Convenio sobre la Diversidad Biológica</inline>
      </p>
      <p>
        <docTitle>Resolución aprobada por la Asamblea General el 19 de diciembre de 2019</docTitle>
      </p>
      <p xml:space="preserve">
        <docProponent refersTo="#secondCommittee">[sobre la base del informe de la Segunda Comisión (<inline name="originating document">A/74/381/Add.6</inline>)]</docProponent>
      </p>
    </coverPage>
    <preface>
      <p>
        <docNumber>74/221.</docNumber>
        <docTitle refersTo="#resolutionTitle">Aplicación del Convenio sobre la Diversidad Biológica y su contribución al desarrollo sostenible</docTitle>
      </p>
    </preface>
    <preamble>
      <formula name="enactingFormula" eId="formula_1">
        <p xml:space="preserve">
          <span class="italic">La Asamblea General</span>,</p>
      </formula>
      <container name="Recordando " eId="container_2">
        <p xml:space="preserve">
          <span class="italic">Recordando </span>sus resoluciones <a href="https://undocs.org/sp/A/RES/64/203">64/203</a>, de 21 de diciembre de 2009, <a href="https://undocs.org/sp/A/RES/65/161">65/161</a>, de 20 de diciembre de 2010, <a href="https://undocs.org/sp/A/RES/66/202">66/202</a>, de 22 de diciembre de 2011, <a href="https://undocs.org/sp/A/RES/67/212">67/212</a>, de 21 de diciembre de 2012, <a href="https://undocs.org/sp/A/RES/68/214">68/214</a>, de 20 de diciembre de 2013, <a href="https://undocs.org/sp/A/RES/69/222">69/222</a>, de 19 de diciembre de 2014, <a href="https://undocs.org/sp/A/RES/70/207">70/207</a>, de 22 de diciembre de 2015, <a href="https://undocs.org/sp/A/RES/71/230">71/230</a>, de 21 de diciembre de 2016, <a href="https://undocs.org/sp/A/RES/72/221">72/221</a>, de 20 de diciembre 2017, y <a href="https://undocs.org/sp/A/RES/73/234">73/234</a>, de 20 de diciembre de 2018, así como sus resoluciones anteriores relativas al Convenio sobre la Diversidad Biológica<authorialNote marker="1" placement="bottom" eId="authorialNote_1"><p xml:space="preserve">		Naciones Unidas, <span class="italic">Treaty Series</span>, vol. 1760, núm. 30619.</p></authorialNote>, </p>
      </container>
      <container name="Reafirmando" eId="container_3">
        <p xml:space="preserve">
          <span class="italic">Reafirmando</span> los resultados de la Conferencia de las Naciones Unidas sobre el Medio Ambiente y el Desarrollo<authorialNote marker="2" placement="bottom" eId="authorialNote_2"><p xml:space="preserve"><span class="italic">Informe de la Conferencia de las Naciones Unidas sobre el Medio Ambiente y el Desarrollo, Río de Janeiro, 3 a 14 de junio de 1992</span>, vol. I, <span class="italic">Resoluciones aprobadas por la Conferencia </span>(publicación de las Naciones Unidas, núm. de venta: S.93.I.8 y corrección), resolución 1, anexo I.</p></authorialNote>, incluida la Declaración de Río sobre el Medio Ambiente y el Desarrollo y sus principios, el documento final de la Conferencia de las Naciones Unidas sobre el Desarrollo Sostenible, titulado “El futuro que queremos”<authorialNote marker="3" placement="bottom" eId="authorialNote_3"><p xml:space="preserve">		Resolución <a href="https://undocs.org/sp/A/RES/66/288">66/288</a>, anexo.</p></authorialNote>, especialmente los compromisos relacionados con la diversidad biológica, el Plan para la Ulterior Ejecución del Programa 21<authorialNote marker="4" placement="bottom" eId="authorialNote_4"><p xml:space="preserve">		Resolución <a href="https://undocs.org/sp/A/RES/S-19/2">S-19/2</a>, anexo.</p></authorialNote>, la Declaración de Johannesburgo sobre el Desarrollo Sostenible<authorialNote marker="5" placement="bottom" eId="authorialNote_5"><p xml:space="preserve"><span class="italic">Informe de la Cumbre Mundial sobre el Desarrollo Sostenible, Johannesburgo (Sudáfrica),  26 de agosto a 4 de septiembre de 2002</span> (publicación de las Naciones Unidas, núm. de venta: S.03.II.A.1 y correcciones), cap. I, resolución 1, anexo.</p></authorialNote> y el Plan de Aplicación de las Decisiones de la Cumbre Mundial sobre el Desarrollo Sostenible (Plan de Aplicación de las Decisiones de Johannesburgo)<authorialNote marker="6" placement="bottom" eId="authorialNote_6"><p xml:space="preserve"><span class="italic">Ibid</span>., resolución 2, anexo.</p></authorialNote> y el documento final del acto especial de seguimiento de la labor realizada para lograr los Objetivos de Desarrollo del Milenio convocado por el Presidente de la Asamblea General<authorialNote marker="7" placement="bottom" eId="authorialNote_7"><p xml:space="preserve">	 	Resolución <a href="https://undocs.org/sp/A/RES/68/6">68/6</a>.</p></authorialNote>, </p>
      </container>
      <container name="Reafirmando también " eId="container_4">
        <p xml:space="preserve">
          <span class="italic">Reafirmando también </span>su resolución <a href="https://undocs.org/sp/A/RES/70/1">70/1</a>, de 25 de septiembre de 2015, titulada “Transformar nuestro mundo: la Agenda 2030 para el Desarrollo Sostenible”, en la que adoptó un amplio conjunto de Objetivos de Desarrollo Sostenible y metas universales y transformativos, de gran alcance y centrados en las personas, su compromiso de trabajar sin descanso a fin de conseguir la plena implementación de la Agenda a más tardar en 2030, su reconocimiento de que la erradicación de la pobreza en todas sus formas y dimensiones, incluida la pobreza extrema, es el mayor desafío a que se enfrenta el mundo y constituye un requisito indispensable para el desarrollo sostenible, y su compromiso de lograr el desarrollo sostenible en sus tres dimensiones —económica, social y ambiental— de forma equilibrada e integrada y de que se aprovecharán los logros de los Objetivos de Desarrollo del Milenio y se procurará abordar los asuntos pendientes, </p>
      </container>
      <container name="Reafirmando además " eId="container_5">
        <p xml:space="preserve">
          <span class="italic">Reafirmando además </span>su resolución <a href="https://undocs.org/sp/A/RES/69/313">69/313</a>, de 27 de julio de 2015, relativa a la Agenda de Acción de Addis Abeba de la Tercera Conferencia Internacional sobre la Financiación para el Desarrollo, que es parte integral de la Agenda 2030 para el Desarrollo Sostenible, le sirve de apoyo y complemento, ayuda a contextualizar las metas relativas a sus medios de implementación con políticas y medidas concretas y reafirma el resuelto compromiso político de hacer frente al problema de la financiación y de la creación de un entorno propicio a todos los niveles para el desarrollo sostenible, en un espíritu de alianza y solidaridad mundiales, </p>
      </container>
      <container name="Reafirmando" eId="container_6">
        <p xml:space="preserve">
          <span class="italic">Reafirmando</span> el Acuerdo de París<authorialNote marker="8" placement="bottom" eId="authorialNote_8"><p xml:space="preserve">	 	Aprobado en virtud de la Convención Marco de las Naciones Unidas sobre el Cambio Climático como consta en el documento <a href="https://undocs.org/sp/FCCC/CP/2015/10/Add.1">FCCC/CP/2015/10/Add.1</a>, decisión 1/CP.21.</p></authorialNote> y alentando a todas las partes en él a que lo apliquen plenamente y a las partes en la Convención Marco de las Naciones Unidas sobre el Cambio Climático<authorialNote marker="9" placement="bottom" eId="authorialNote_9"><p xml:space="preserve">	 	Naciones Unidas, <span class="italic">Treaty Series</span>, vol. 1771, núm. 30822.</p></authorialNote> que aún no lo hayan hecho a que depositen cuanto antes sus instrumentos de ratificación, aceptación, aprobación o adhesión, según corresponda, </p>
      </container>
      <container name="Reafirmando también" eId="container_7">
        <p xml:space="preserve">
          <span class="italic">Reafirmando también</span> la Nueva Agenda Urbana, aprobada en la Conferencia de las Naciones Unidas sobre la Vivienda y el Desarrollo Urbano Sostenible (Hábitat III), que se celebró en Quito del 17 al 20 de octubre de 2016<authorialNote marker="10" placement="bottom" eId="authorialNote_10"><p xml:space="preserve">		Resolución <a href="https://undocs.org/sp/A/RES/71/256">71/256</a>, anexo.</p></authorialNote>, y su visión común que imagina ciudades y asentamientos humanos que protegen, conservan, restauran y promueven sus ecosistemas, recursos hídricos, hábitats naturales y diversidad biológica y reducen al mínimo su impacto ambiental, </p>
      </container>
      <container name="Acogiendo con beneplácito" eId="container_8">
        <p xml:space="preserve">
          <span class="italic">Acogiendo con beneplácito</span> la Cumbre sobre la Acción Climática 2019 convocada por el Secretario General de las Naciones Unidas el 23 de septiembre, y observando las iniciativas de múltiples asociados y los compromisos presentados durante la Cumbre, </p>
      </container>
      <container name="Alentando " eId="container_9">
        <p xml:space="preserve">
          <span class="italic">Alentando </span>a las partes y a otros Gobiernos y organizaciones pertinentes a que integren enfoques ecosistémicos y soluciones basadas en la naturaleza para la adaptación al cambio climático, la mitigación de sus efectos y la reducción del riesgo de desastres en su planificación estratégica en todos los sectores, según proceda,</p>
      </container>
      <container name="Recordando " eId="container_10">
        <p xml:space="preserve">
          <span class="italic">Recordando </span>que los objetivos del Convenio sobre la Diversidad Biológica, que habrán de lograrse de conformidad con sus disposiciones pertinentes, son la conservación de la diversidad biológica, la utilización sostenible de sus componentes y la participación justa y equitativa en los beneficios que se deriven de la utilización de los recursos genéticos, mediante, entre otras cosas, un acceso adecuado a esos recursos y una transferencia apropiada de las tecnologías pertinentes, teniendo en cuenta todos los derechos sobre esos recursos y a esas tecnologías, así como mediante una financiación apropiada, </p>
      </container>
      <container name="Reafirmando " eId="container_11">
        <p xml:space="preserve">
          <span class="italic">Reafirmando </span>el valor intrínseco de la diversidad biológica, así como sus valores ecológicos, genéticos, sociales, económicos, científicos, educativos, culturales, recreativos y estéticos, y el papel primordial que desempeña en el mantenimiento de los ecosistemas que proporcionan servicios esenciales, los cuales son fundamentales para el desarrollo sostenible y el bienestar humano, </p>
      </container>
      <container name="Reconociendo " eId="container_12">
        <p xml:space="preserve">
          <span class="italic">Reconociendo </span>que el logro de los tres objetivos del Convenio es crucial para el desarrollo sostenible, la erradicación de la pobreza, la seguridad alimentaria y la mejora del bienestar humano y es un factor decisivo para alcanzar los Objetivos de Desarrollo Sostenible y otros objetivos de desarrollo convenidos internacionalmente,</p>
      </container>
      <container name="Reafirmando" eId="container_13">
        <p xml:space="preserve">
          <span class="italic">Reafirmando</span> que, de conformidad con la Carta de las Naciones Unidas y los principios del derecho internacional, los Estados tienen el derecho soberano de explotar sus propios recursos según sus propias políticas ambientales y la responsabilidad de velar por que las actividades realizadas dentro de su jurisdicción o bajo su control no causen daños al medio ambiente de otros Estados o de zonas que estén fuera de los límites de su jurisdicción nacional, </p>
      </container>
      <container name="Recordando " eId="container_14">
        <p xml:space="preserve">
          <span class="italic">Recordando </span>que, en su resolución <a href="https://undocs.org/sp/A/RES/65/161">65/161</a>, declaró el período 2011-2020 Decenio de las Naciones Unidas sobre la Diversidad Biológica, con miras a contribuir a la aplicación del Plan Estratégico para la Diversidad Biológica 2011-2020<authorialNote marker="11" placement="bottom" eId="authorialNote_11"><p xml:space="preserve">	 	Programa de las Naciones Unidas para el Medio Ambiente, documento UNEP/CBD/COP/10/27, anexo, decisión X/2, anexo.</p></authorialNote>, </p>
      </container>
      <container name="Recordando también" eId="container_15">
        <p xml:space="preserve">
          <span class="italic">Recordando también</span> que, en su resolución <a href="https://undocs.org/sp/A/RES/73/284">73/284</a>, de 1 de marzo de 2019, proclamó el período 2021-2030 Decenio de las Naciones Unidas sobre la Restauración de los Ecosistemas a fin de apoyar y ampliar los esfuerzos encaminados a prevenir, detener e invertir la degradación de los ecosistemas en todo el mundo y concienciar sobre la importancia del éxito de la restauración de los ecosistemas, </p>
      </container>
      <container name="Reconociendo " eId="container_16">
        <p xml:space="preserve">
          <span class="italic">Reconociendo </span>que los conocimientos, las innovaciones y las prácticas tradicionales de los pueblos indígenas y las comunidades locales que son importantes para el Convenio hacen una contribución clave a la conservación y la utilización sostenible de la diversidad biológica y que su aplicación más amplia puede promover el bienestar social y los medios de vida sostenibles, </p>
      </container>
      <container name="Tomando nota" eId="container_17">
        <p xml:space="preserve">
          <span class="italic">Tomando nota</span> de la decisión adoptada por la Conferencia de las Partes en el Convenio sobre la Diversidad Biológica en su 13ª reunión titulada “Artículo 8 j) y disposiciones conexas”<authorialNote marker="12" placement="bottom" eId="authorialNote_12"><p xml:space="preserve">	 	Programa de las Naciones Unidas para el Medio Ambiente, documento UNEP/CBD/COP/13/25, decisión XIII/18.</p></authorialNote>, la decisión CBD/CP/MOP/VIII/19<authorialNote marker="13" placement="bottom" eId="authorialNote_13"><p xml:space="preserve">	 	Adoptada por la Conferencia de las Partes en calidad de Reunión de las Partes en el Protocolo de Cartagena sobre Seguridad de la Biotecnología en su octava reunión (véase Programa de las Naciones Unidas para el Medio Ambiente, documento UNEP/CBD/CP/MOP/8/17).</p></authorialNote> y la decisión CBD/NP/MOP/DEC/2/7<authorialNote marker="14" placement="bottom" eId="authorialNote_14"><p xml:space="preserve">	 	Adoptada por la Conferencia de las Partes en calidad de Reunión de las Partes en el Protocolo de Nagoya sobre Acceso a los Recursos Genéticos y Participación Justa y Equitativa en los Beneficios que se Deriven de Su Utilización en su segunda reunión (véase Programa de las Naciones Unidas para el Medio Ambiente, documento UNEP/CBD/NP/MOP/2/13).</p></authorialNote>, así como la labor realizada por el Grupo de Trabajo Especial de Composición Abierta entre Períodos de Sesiones sobre el Artículo 8 j) y disposiciones conexas,</p>
      </container>
      <container name="Recordando " eId="container_18">
        <p xml:space="preserve">
          <span class="italic">Recordando </span>la Declaración de las Naciones Unidas sobre los Derechos de los Pueblos Indígenas<authorialNote marker="15" placement="bottom" eId="authorialNote_15"><p xml:space="preserve">	 	Resolución <a href="https://undocs.org/sp/A/RES/61/295">61/295</a>, anexo.</p></authorialNote> y el documento final de la reunión plenaria de alto nivel de la Asamblea General conocida como Conferencia Mundial sobre los Pueblos Indígenas<authorialNote marker="16" placement="bottom" eId="authorialNote_16"><p xml:space="preserve">	 	Resolución <a href="https://undocs.org/sp/A/RES/69/2">69/2</a>.</p></authorialNote>, </p>
      </container>
      <container name="Reconociendo " eId="container_19">
        <p xml:space="preserve">
          <span class="italic">Reconociendo </span>la función vital que desempeñan las mujeres en la conservación y la utilización sostenible de la diversidad biológica y reafirmando la necesidad de que las mujeres participen plenamente a todos los niveles en la elaboración y aplicación de políticas para la conservación y la utilización sostenible de la diversidad biológica, </p>
      </container>
      <container name="Recordando " eId="container_20">
        <p xml:space="preserve">
          <span class="italic">Recordando </span>el Plan de Acción sobre Género 2015-2020 del Convenio sobre la Diversidad Biológica<authorialNote marker="17" placement="bottom" eId="authorialNote_17"><p xml:space="preserve">	 	Programa de las Naciones Unidas para el Medio Ambiente, documento UNEP/CBD/COP/12/29, secc. I, decisión XII/7, anexo.</p></authorialNote>, que contribuirá a la integración de una perspectiva de género y promoverá la igualdad de género en la aplicación del Plan Estratégico para la Diversidad Biológica 2011-2020 y sus 20 Metas de Aichi para la Diversidad Biológica, </p>
      </container>
      <container name="Reconociendo " eId="container_21">
        <p xml:space="preserve">
          <span class="italic">Reconociendo </span>el importante papel que desempeñan otros acuerdos ambientales multilaterales relacionados con la diversidad biológica, incluida la Convención sobre el Comercio Internacional de Especies Amenazadas de Fauna y Flora Silvestres<authorialNote marker="18" placement="bottom" eId="authorialNote_18"><p xml:space="preserve">	 	Naciones Unidas, <span class="italic">Treaty Series</span>, vol. 993, núm. 14537.</p></authorialNote>, dado que contribuyen a la conservación y la utilización sostenible de la diversidad biológica y aseguran que ninguna especie que vaya a ser comercializada a nivel internacional esté amenazada de extinción<authorialNote marker="19" placement="bottom" eId="authorialNote_19"><p xml:space="preserve">	 	Véase la resolución Conf. 16.7 de la Conferencia de las Partes en la Convención sobre el Comercio Internacional de Especies Amenazadas de Fauna y Flora Silvestres. </p></authorialNote>, reconociendo también el impacto económico, social y ambiental de la caza furtiva y el tráfico de fauna y flora silvestres, y observando la contribución de las partes y la secretaría<authorialNote marker="20" placement="bottom" eId="authorialNote_20"><p xml:space="preserve">	 	Véase la resolución Conf. 16.3 (Rev. CoP17), titulada “Visión estratégica de la CITES: 2008‑2020”. </p></authorialNote> de la Convención sobre el Comercio Internacional de Especies Amenazadas de Fauna y Flora Silvestres a la aplicación del Plan Estratégico para la Diversidad Biológica 2011-2020, sus 20 Metas de Aichi para la Diversidad Biológica y la Estrategia Mundial para la Conservación de las Especies Vegetales, </p>
      </container>
      <container name="Recordando " eId="container_22">
        <p xml:space="preserve">
          <span class="italic">Recordando </span>su resolución <a href="https://undocs.org/sp/A/RES/71/312">71/312</a>, de 6 de julio de 2017, en la que hizo suya la declaración titulada “Nuestros océanos, nuestro futuro: llamamiento a la acción”, aprobada a alto nivel por la Conferencia de las Naciones Unidas para Apoyar la Consecución del Objetivo de Desarrollo Sostenible 14: Conservar y utilizar sosteniblemente los océanos, los mares y los recursos marinos para el desarrollo sostenible, reafirmando a este respecto el importante papel de la declaración al demostrar la voluntad colectiva de adoptar medidas para conservar y utilizar sosteniblemente nuestros océanos, mares y recursos marinos para el desarrollo sostenible a fin de detener e invertir el deterioro de la salud y la reducción de la productividad de nuestros océanos y sus ecosistemas y proteger y restablecer su resiliencia e integridad ecológica, y reconociendo que los diálogos entre asociados y los compromisos voluntarios contraídos en el marco de esa Conferencia son contribuciones importantes a la implementación efectiva y oportuna del Objetivo de Desarrollo Sostenible 14, </p>
      </container>
      <container name="Recordando también" eId="container_23">
        <p xml:space="preserve">
          <span class="italic">Recordando también</span> el plan estratégico de las Naciones Unidas para los bosques 2017-2030<authorialNote marker="21" placement="bottom" eId="authorialNote_21"><p xml:space="preserve">	 	Véase la resolución <a href="https://undocs.org/sp/A/RES/71/285">71/285</a>.</p></authorialNote> y reconociendo que los bosques albergan alrededor del 80 % de todas las especies terrestres y que los bosques, incluidos los bosques boreales, temperados y tropicales, contribuyen sustancialmente a la mitigación del cambio climático y la adaptación a él, así como a la conservación de la diversidad biológica, </p>
      </container>
      <container name="Observando " eId="container_24">
        <p xml:space="preserve">
          <span class="italic">Observando </span>que, en su décima reunión, la Conferencia de las Partes en el Convenio sobre la Diversidad Biológica aprobó el Protocolo de Nagoya sobre Acceso a los Recursos Genéticos y Participación Justa y Equitativa en los Beneficios que se Deriven de Su Utilización al Convenio sobre la Diversidad Biológica<authorialNote marker="22" placement="bottom" eId="authorialNote_22"><p xml:space="preserve">		Programa de las Naciones Unidas para el Medio Ambiente, documento UNEP/CBD/COP/10/27, anexo, decisión X/1.</p></authorialNote>, cuyo objetivo es la participación justa y equitativa en los beneficios que se deriven de la utilización de los recursos genéticos, incluso por medio del acceso apropiado a los recursos genéticos y por medio de la transferencia apropiada de tecnologías pertinentes, teniendo en cuenta todos los derechos sobre dichos recursos y tecnologías, y por medio de una financiación adecuada, y reconociendo el papel que desempeña el acceso a los recursos genéticos y la participación equitativa en los beneficios que se deriven de su utilización en la contribución a la conservación y el uso sostenible de la diversidad biológica, la erradicación de la pobreza y la sostenibilidad ambiental y, por ende, al logro del desarrollo sostenible, </p>
      </container>
      <container name="Observando también " eId="container_25">
        <p xml:space="preserve">
          <span class="italic">Observando también </span>que 195 Estados y 1 organización regional de integración económica son partes en el Convenio, observando además que 91 Estados y 1 organización regional de integración económica han firmado el Protocolo de Nagoya y que 122 Estados y 1 organización regional de integración económica que son partes en el Convenio han depositado sus instrumentos de ratificación, aceptación o aprobación del Protocolo de Nagoya o de adhesión a este, y observando que 171 Estados y 1 organización regional de integración económica son partes en su Protocolo de Cartagena sobre Seguridad de la Biotecnología del Convenio sobre la Diversidad Biológica<authorialNote marker="23" placement="bottom" eId="authorialNote_23"><p xml:space="preserve">	 	Naciones Unidas, <span class="italic">Treaty Series</span>, vol. 2226, núm. 30619.</p></authorialNote>, y que 46 Estados y 1 organización regional de integración económica son partes en el Protocolo de Nagoya-Kuala Lumpur sobre Responsabilidad y Compensación Suplementario al Protocolo de Cartagena sobre Seguridad de la Biotecnología<authorialNote marker="24" placement="bottom" eId="authorialNote_24"><p xml:space="preserve">		Véase Programa de las Naciones Unidas para el Medio Ambiente, documento UNEP/CBD/BS/COP-MOP/5/17, anexo, decisión BS-V/11.</p></authorialNote>, </p>
      </container>
      <container name="Acogiendo con beneplácito" eId="container_26">
        <p xml:space="preserve">
          <span class="italic">Acogiendo con beneplácito</span> la entrada en vigor del Protocolo Suplementario de Nagoya-Kuala Lumpur el 5 de marzo de 2018, </p>
      </container>
      <container name="Recordando " eId="container_27">
        <p xml:space="preserve">
          <span class="italic">Recordando </span>la aprobación por la Conferencia de las Partes en el Convenio, en su novena reunión, de la estrategia para la movilización de recursos en apoyo del logro de los tres objetivos del Convenio<authorialNote marker="25" placement="bottom" eId="authorialNote_25"><p xml:space="preserve">		Véase Programa de las Naciones Unidas para el Medio Ambiente, documento UNEP/CBD/COP/9/29, anexo I, decisión IX/11.</p></authorialNote>, al igual que la decisión X/3, relativa al examen de la aplicación de la estrategia, adoptada por la Conferencia de las Partes en su décima reunión<authorialNote marker="26" placement="bottom" eId="authorialNote_26"><p xml:space="preserve">		Véase Programa de las Naciones Unidas para el Medio Ambiente, documento UNEP/CBD/COP/10/27, anexo.</p></authorialNote>, y las metas para la movilización de recursos, en el marco de la Meta 20 de Aichi del Plan Estratégico para la Diversidad Biológica 2011-2020, aprobadas por la Conferencia de las Partes en su decisión XII/3<authorialNote marker="27" placement="bottom" eId="authorialNote_27"><p xml:space="preserve">		Véase Programa de las Naciones Unidas para el Medio Ambiente, documento UNEP/CBD/COP/12/29, secc. I.</p></authorialNote>, </p>
      </container>
      <container name="Haciendo notar" eId="container_28">
        <p xml:space="preserve">
          <span class="italic">Haciendo notar</span> los resultados de la 13ª reunión de la Conferencia de las Partes en el Convenio<authorialNote marker="28" placement="bottom" eId="authorialNote_28"><p xml:space="preserve">		Véase Programa de las Naciones Unidas para el Medio Ambiente, documento UNEP/CBD/COP/13/25, secc. I.</p></authorialNote>, la octava reunión de la Conferencia de las Partes que actúa como Reunión de las Partes en el Protocolo de Cartagena<authorialNote marker="29" placement="bottom" eId="authorialNote_29"><p xml:space="preserve">	 	Véase Programa de las Naciones Unidas para el Medio Ambiente, documento UNEP/CBD/NP/MOP/8/17, secc. I.</p></authorialNote> y la tercera reunión de la Conferencia de las Partes que actúa como Reunión de las Partes en el Protocolo de Nagoya<authorialNote marker="30" placement="bottom" eId="authorialNote_30"><p xml:space="preserve">	 	Véase Programa de las Naciones Unidas para el Medio Ambiente, documento UNEP/CBD/CP/MOP/2/13, secc. I.</p></authorialNote>, celebradas todas en Cancún (México) en 2016,</p>
      </container>
      <container name="&#x9;Recordando con aprecio " eId="container_29">
        <p xml:space="preserve">
          <span class="italic">	Recordando con aprecio </span>la Declaración de Cancún sobre Integración de la Conservación y la Utilización Sostenible de la Biodiversidad para el Bienestar, aprobada en la serie de sesiones de alto nivel de la 13ª reunión de la Conferencia de las Partes en el Convenio<authorialNote marker="31" placement="bottom" eId="authorialNote_31"><p xml:space="preserve">	 	Programa de las Naciones Unidas para el Medio Ambiente, documento UNEP/CBD/COP/13/24.</p></authorialNote>,</p>
      </container>
      <container name="Observando " eId="container_30">
        <p xml:space="preserve">
          <span class="italic">Observando </span>los resultados de la 18ª reunión de la Conferencia de las Partes en la Convención sobre el Comercio Internacional de Especies Amenazadas de Fauna y Flora Silvestres, celebrada en Ginebra del 17 al 28 de agosto de 2019, y el 14º período de sesiones de la Conferencia de las Partes en la Convención de las Naciones Unidas de Lucha contra la Desertificación en los Países Afectados por Sequía Grave o Desertificación, en Particular en África, celebrada en Nueva Delhi del 2 al 13 de septiembre de 2019<authorialNote marker="32" placement="bottom" eId="authorialNote_32"><p xml:space="preserve">	 	Véase ICCD/COP(14)/23/Add.1.</p></authorialNote>, que contribuirán notablemente a la protección y el uso sostenible de las especies y los ecosistemas, </p>
      </container>
      <container name="Tomando nota" eId="container_31">
        <p xml:space="preserve">
          <span class="italic">Tomando nota</span> de la Declaración Ministerial Africana sobre la Diversidad Biológica y la Agenda de Acción Panafricana sobre la Restauración de los Ecosistemas para Aumentar la Resiliencia, aprobadas en Sharm el-Sheikh (Egipto) el 13 de noviembre de 2018,</p>
      </container>
      <container name="Reiterando " eId="container_32">
        <p xml:space="preserve">
          <span class="italic">Reiterando </span>la promesa de que no se dejará a nadie atrás, reafirmando el reconocimiento de que la dignidad del ser humano es fundamental y el deseo de ver cumplidos los Objetivos y las metas para todas las naciones y los pueblos y para todos los sectores de la sociedad, y comprometiéndose nuevamente a esforzarse por llegar primero a los más rezagados, </p>
      </container>
    </preamble>
    <mainBody>
      <paragraph eId="para_33" class="SingleTxt">
        <num>	1.</num>
        <content eId="para_33__content">
          <p xml:space="preserve">
            <span class="italic">Toma nota </span>del informe de la Secretaria Ejecutiva del Convenio sobre la Diversidad Biológica<authorialNote marker="33" placement="bottom" eId="authorialNote_33"><p xml:space="preserve"><a href="https://undocs.org/sp/A/74/207">A/74/207</a>, secc. III.</p></authorialNote>; </p>
        </content>
      </paragraph>
      <paragraph eId="para_34" class="SingleTxt">
        <num>	2.</num>
        <content eId="para_34__content">
          <p xml:space="preserve">
            <span class="italic">Aguarda con interés</span> la 15ª reunión de la Conferencia de las Partes en el Convenio, así como las reuniones de la Conferencia de las Partes que actúa como Reunión de las Partes en los Protocolos del Convenio, que se celebrarán en Kunming (China) en el cuarto trimestre de 2020, todas ellas con el tema propuesto por el anfitrión “Una civilización ecológica: la construcción de un futuro compartido para todos los seres vivos de la Tierra”, y reconoce que un marco mundial para la diversidad biológica después de 2020 de futura aprobación está destinado a contribuir a la Agenda 2030 para el Desarrollo Sostenible<authorialNote marker="34" placement="bottom" eId="authorialNote_34"><p xml:space="preserve">		Resolución <a href="https://undocs.org/sp/A/RES/70/1">70/1</a>.</p></authorialNote> y se prevé que ponga a la comunidad mundial en la senda hacia el logro de la Visión 2050 para la Diversidad Biológica;</p>
        </content>
      </paragraph>
      <paragraph eId="para_35" class="SingleTxt">
        <num>	3.</num>
        <content eId="para_35__content">
          <p xml:space="preserve">
            <span class="italic">Aguarda con interés también </span>la 16ª reunión de la Conferencia de las Partes y las reuniones de la Conferencia de las Partes que actúa como Reunión de las Partes en los Protocolos del Convenio, que se celebrarán en Turquía en el cuarto trimestre de 2022; </p>
        </content>
      </paragraph>
      <paragraph eId="para_36" class="SingleTxt">
        <num>	4.</num>
        <content eId="para_36__content">
          <p xml:space="preserve">
            <span class="italic">Acoge con beneplácito</span> los resultados de la 14ª reunión de la Conferencia de las Partes en el Convenio<authorialNote marker="35" placement="bottom" eId="authorialNote_35"><p xml:space="preserve">	 	Véase Programa de las Naciones Unidas para el Medio Ambiente, documento UNEP/CBD/COP/14/14, sect. I.</p></authorialNote>, y recuerda con aprecio la celebración de la novena reunión de la Conferencia de las Partes que actúa como Reunión de las Partes en el Protocolo de Cartagena y la tercera reunión de la Conferencia de las Partes que actúa como Reunión de las Partes en el Protocolo de Nagoya, en Sharm el-Sheikh del 17 al 29 de noviembre de 2018 con el tema “Invertir en biodiversidad para las personas y el planeta”, reconoce que los resultados de las reuniones contribuirán a la implementación de la Agenda 2030 para el Desarrollo Sostenible, y toma nota con aprecio de la Declaración de Sharm el-Sheikh, aprobada en la serie de sesiones de alto nivel de la 14ª reunión de la Conferencia de las Partes; </p>
        </content>
      </paragraph>
      <paragraph eId="para_37" class="SingleTxt">
        <num>	5.</num>
        <content eId="para_37__content">
          <p xml:space="preserve">
            <span class="italic">Acoge con beneplácito también</span> la organización por Egipto de la 14ª reunión de la Conferencia de las Partes en el Convenio, que se celebró del 17 al 29 de noviembre de 2018, y de la Cumbre de África sobre la Diversidad Biológica, que tuvo lugar el 13 de noviembre de 2018, así como la iniciativa de la Conferencia de las Partes en su 14ª reunión de promover un enfoque coherente entre la Convención Marco de las Naciones Unidas sobre el Cambio Climático<sup>9</sup>, el Convenio sobre la Diversidad Biológica<sup>1</sup> y la Convención de las Naciones Unidas de Lucha contra la Desertificación en los Países Afectados por Sequía Grave o Desertificación, en Particular en África<authorialNote marker="36" placement="bottom" eId="authorialNote_36"><p xml:space="preserve">		Naciones Unidas, <span class="italic">Treaty Series</span>, vol. 1954, núm. 33480.</p></authorialNote> (las convenciones de Río) para hacer frente a la pérdida de diversidad biológica, el cambio climático y la degradación de la tierra y los ecosistemas; </p>
        </content>
      </paragraph>
      <paragraph eId="para_38" class="SingleTxt">
        <num>	6.</num>
        <content eId="para_38__content">
          <p xml:space="preserve">
            <span class="italic">	Alienta </span>el apoyo a la Agenda de Acción de Sharm el-Sheikh a Kunming para la Naturaleza y las Personas, cuyo propósito es reunir, coordinar y celebrar medidas de apoyo a la conservación de la diversidad biológica y su uso sostenible, alienta a todas las partes interesadas pertinentes, incluidos los pueblos indígenas y las comunidades locales y el sector privado, a que consideren la posibilidad de formular compromisos en materia de diversidad biológica, e invita a los organismos, fondos y programas competentes del sistema de las Naciones Unidas y otras instituciones y organizaciones intergubernamentales competentes, cuando proceda, a que apoyen la implementación de la Agenda de Acción; </p>
        </content>
      </paragraph>
      <paragraph eId="para_39" class="SingleTxt">
        <num>	7.</num>
        <content eId="para_39__content">
          <p xml:space="preserve">
            <span class="italic">Resalta</span> la importancia de que las partes consigan una implicación política de alto nivel en pos del logro de las Metas de Aichi para la Diversidad Biológica para 2020 y de los Objetivos y metas de la Agenda 2030 para el Desarrollo Sostenible;</p>
        </content>
      </paragraph>
      <paragraph eId="para_40" class="SingleTxt">
        <num>	8.</num>
        <content eId="para_40__content">
          <p xml:space="preserve">
            <span class="italic">Acoge con beneplácito</span> los compromisos asumidos por las partes en la serie de sesiones de alto nivel de la 14ª Conferencia de las Partes y por medio de las decisiones adoptadas, que apoyan la ejecución del vigente Plan Estratégico para la Diversidad Biológica 2011-2020<sup>11</sup> y la elaboración de un marco mundial para la diversidad biológica después de 2020, entre otras cosas a fin de:</p>
        </content>
      </paragraph>
      <paragraph eId="para_41" class="SingleTxt">
        <content eId="para_41__content">
          <p xml:space="preserve">	a)	Acelerar los esfuerzos orientados a implementar el Plan Estratégico para la Diversidad Biológica 2011-2020 y alcanzar las Metas de Aichi para la Diversidad Biológica, en particular mediante la aplicación de las decisiones de la Conferencia de las Partes y de los Protocolos de Cartagena y Nagoya, según proceda, y la prestación y movilización de recursos nacionales e internacionales, contribuyendo así a implementar la Agenda 2030 para el Desarrollo Sostenible; </p>
        </content>
      </paragraph>
      <paragraph eId="para_42" class="SingleTxt">
        <content eId="para_42__content">
          <p xml:space="preserve">	b)	Apoyar la elaboración y aplicación de un marco mundial para la diversidad biológica después de 2020, sobre la base de las Metas de Aichi para la Diversidad Biológica y la experiencia adquirida en la aplicación del Plan Estratégico para la Diversidad Biológica 2011-2020, y en consonancia con la Agenda 2030 para el Desarrollo Sostenible, con un nivel de ambición y pragmatismo que faciliten los cambios transformadores necesarios para lograr la Visión 2050 para la Diversidad Biológica, como se señaló en las conclusiones del Órgano Subsidiario de Asesoramiento Científico, Técnico y Tecnológico; </p>
        </content>
      </paragraph>
      <paragraph eId="para_43" class="SingleTxt">
        <content eId="para_43__content">
          <p xml:space="preserve">	c)	Promover, antes de la 15ª reunión de la Conferencia de las Partes, que estas y otros agentes realicen contribuciones voluntarias en favor de la diversidad biológica con el fin de lograr la Visión 2050 para la Diversidad Biológica; </p>
        </content>
      </paragraph>
      <paragraph eId="para_44" class="SingleTxt">
        <content eId="para_44__content">
          <p xml:space="preserve">	d)	Propiciar la participación de los pueblos indígenas y las comunidades locales, las mujeres, los jóvenes, la sociedad civil, los gobiernos y las autoridades locales, los círculos académicos, el sector empresarial y el sector financiero, y otras partes interesadas en apoyo de las medidas orientadas a lograr la Visión 2050 para la Diversidad Biológica y con el fin de impulsar la aplicación de un marco mundial para la diversidad biológica después de 2020; </p>
        </content>
      </paragraph>
      <paragraph eId="para_45" class="SingleTxt">
        <num>	9.</num>
        <content eId="para_45__content">
          <p xml:space="preserve">
            <span class="italic">Insta</span> a las partes en el Convenio sobre la Diversidad Biológica a que velen por la coherencia y complementariedad de un marco mundial para la diversidad biológica después de 2020 con otros procesos internacionales en curso o de próximo inicio, en particular con respecto a la Agenda 2030 para el Desarrollo Sostenible, el Acuerdo de París<sup>8</sup> y otros procesos, marcos y estrategias conexos, y reitera la invitación a los demás acuerdos ambientales multilaterales, incluidas las convenciones relacionadas con la diversidad biológica y las convenciones de Río, las organizaciones internacionales competentes y sus programas, y otros procesos pertinentes a que participen activamente en el proceso de elaboración de un marco mundial para la diversidad biológica después de 2020;</p>
        </content>
      </paragraph>
      <paragraph eId="para_46" class="SingleTxt">
        <num>	10.</num>
        <content eId="para_46__content">
          <p xml:space="preserve">
            <span class="italic">Recuerda</span> la invitación a la Directora Ejecutiva del Programa de las Naciones Unidas para el Medio Ambiente, en su calidad de Presidenta del Grupo de Gestión Ambiental de las Naciones Unidas, a que facilite, en colaboración con los miembros del Grupo, la contribución del sistema de las Naciones Unidas a la elaboración e implementación de un marco mundial para la diversidad biológica después de 2020:</p>
        </content>
      </paragraph>
      <paragraph eId="para_47" class="SingleTxt">
        <num>	11.</num>
        <content eId="para_47__content">
          <p xml:space="preserve">
            <span class="italic">Reafirma </span>su decisión de convocar una cumbre sobre la diversidad biológica a nivel de Jefes y Jefas de Estado y de Gobierno, con los recursos disponibles, antes de la 15ª reunión de la Conferencia de las Partes en el Convenio que se celebrará en 2020, a fin de resaltar la necesidad urgente de adoptar medidas a los niveles más altos en apoyo de un marco mundial para la diversidad biológica después de 2020 que contribuya a la Agenda 2030 para el Desarrollo Sostenible y ponga a la comunidad mundial en la senda hacia el logro de la Visión 2050 para la Diversidad Biológica, a saber, una vida en armonía con la naturaleza; </p>
        </content>
      </paragraph>
      <paragraph eId="para_48" class="SingleTxt">
        <num>	12.</num>
        <content eId="para_48__content">
          <p xml:space="preserve">
            <span class="italic">Insta</span> a los Estados Miembros y otros posibles donantes a que contribuyan al fondo fiduciario de asociados múltiples de las Naciones Unidas para apoyar la cumbre, principalmente sus preparativos, así como los viajes y la participación de representantes de los países en desarrollo en caso de que un país se ofrezca a acoger la cumbre; </p>
        </content>
      </paragraph>
      <paragraph eId="para_49" class="SingleTxt">
        <num>	13.</num>
        <content eId="para_49__content">
          <p xml:space="preserve">
            <span class="italic">Solicita </span>a su Presidente que, con los recursos disponibles, dé comienzo a los preparativos de la cumbre en estrecha colaboración con la secretaría del Convenio y con el apoyo del Programa de las Naciones Unidas para el Medio Ambiente y otras entidades pertinentes de las Naciones Unidas, solicita también a su Presidente que designe lo antes posible a dos cofacilitadores, uno de un país desarrollado y el otro de un país en desarrollo, antes de que finalice 2019, para que encabecen el proceso preparatorio de manera expedita, en consulta con todos los Estados Miembros, entre otras cosas en lo que respecta a las modalidades de la cumbre, que deberá acordar la Asamblea en marzo de 2020 a más tardar, e invita a su Presidente a que mantenga informados a los Estados Miembros de las novedades del proceso;</p>
        </content>
      </paragraph>
      <paragraph eId="para_50" class="SingleTxt">
        <num>	14.</num>
        <content eId="para_50__content">
          <p xml:space="preserve">
            <span class="italic">Recuerda con aprecio</span> la entrada en vigor del Protocolo de Nagoya sobre Acceso a los Recursos Genéticos y Participación Justa y Equitativa en los Beneficios que se Deriven de Su Utilización al Convenio sobre la Diversidad Biológica<sup>22</sup><sup></sup>el 12 de octubre<sup></sup>de 2014; </p>
        </content>
      </paragraph>
      <paragraph eId="para_51" class="SingleTxt">
        <num>	15.</num>
        <content eId="para_51__content">
          <p xml:space="preserve">
            <span class="italic">Destaca</span> la importancia de transversalizar la diversidad biológica para alcanzar los objetivos del Convenio, el Plan Estratégico para la Diversidad Biológica 2011-2020, sus Metas de Aichi para la Diversidad Biológica y la Visión 2050 para la Diversidad Biológica a fin de lograr el cambio transformador que se necesita en el conjunto de las sociedades y las economías, incluidos los cambios en el comportamiento y la adopción de decisiones a todos los niveles, e insta a todas las partes interesadas competentes a que mantengan la diversidad biológica en todos los sectores pertinentes; </p>
        </content>
      </paragraph>
      <paragraph eId="para_52" class="SingleTxt">
        <num>	16.</num>
        <content eId="para_52__content">
          <p xml:space="preserve">
            <span class="italic">Acoge con beneplácito</span> las decisiones de las partes en el Convenio de transversalizar mejor la diversidad biológica y de adoptar medidas específicas adaptadas a las necesidades y circunstancias nacionales y conformes con otros acuerdos internacionales pertinentes, en particular en sectores clave como la agricultura, la silvicultura, la pesca y el turismo, así como la salud, la energía, la minería, la infraestructura y las industrias manufacturera y de transformación, que son fundamentales para paliar la pérdida de la diversidad biológica, teniendo en cuenta la repercusión de estos sectores en la diversidad biológica; </p>
        </content>
      </paragraph>
      <paragraph eId="para_53" class="SingleTxt">
        <num>	17.</num>
        <content eId="para_53__content">
          <p xml:space="preserve">
            <span class="italic">Destaca</span> la importancia de incorporar la diversidad biológica en la implementación de la Agenda 2030 para el Desarrollo Sostenible como parte de los planes nacionales para la consecución de los Objetivos de Desarrollo Sostenible, en particular de todos los Objetivos y metas relacionados con la diversidad biológica; </p>
        </content>
      </paragraph>
      <paragraph eId="para_54" class="SingleTxt">
        <num>	18.</num>
        <content eId="para_54__content">
          <p xml:space="preserve">
            <span class="italic">Reconoce </span>que la integración de las consideraciones relativas a la diversidad biológica en las políticas, los planes y los programas sectoriales e intersectoriales a todos los niveles es esencial para aprovechar los beneficios de la mejora de las sinergias y la coherencia de las políticas; </p>
        </content>
      </paragraph>
      <paragraph eId="para_55" class="SingleTxt">
        <num>	19.</num>
        <content eId="para_55__content">
          <p xml:space="preserve">
            <span class="italic">Alienta </span>a las partes respectivas a que, en estrecha colaboración con los interesados pertinentes, adopten medidas concretas para lograr los objetivos del Convenio sobre la Diversidad Biológica y sus Protocolos, el Protocolo de Cartagena sobre Seguridad de la Biotecnología<sup>23</sup> y el Protocolo de Nagoya, les solicita que, en estrecha colaboración con los interesados pertinentes, cumplan con coherencia y eficacia las obligaciones y compromisos a los que están sujetas conforme al Convenio y a los Protocolos y, en ese sentido, pone de relieve la necesidad de abordar en todos los niveles las dificultades que pueden impedir su aplicación; </p>
        </content>
      </paragraph>
      <paragraph eId="para_56" class="SingleTxt">
        <num>	20.</num>
        <content eId="para_56__content">
          <p xml:space="preserve">
            <span class="italic">Reconoce </span>que la conservación y la utilización sostenible de la diversidad biológica pueden contribuir de manera significativa a la reducción del riesgo de desastres y a reducir los efectos adversos del cambio climático, en particular añadiendo resiliencia a ecosistemas frágiles y haciéndolos menos vulnerables; </p>
        </content>
      </paragraph>
      <paragraph eId="para_57" class="SingleTxt">
        <num>	21.</num>
        <content eId="para_57__content">
          <p xml:space="preserve">
            <span class="italic">Insta </span>a las partes en el Convenio a que faciliten la transferencia de tecnología para la aplicación efectiva del Convenio, de conformidad con el artículo 16 y otras disposiciones pertinentes del Convenio, a este respecto toma nota de la estrategia para la aplicación práctica del programa de trabajo sobre transferencia de tecnología y cooperación científica y técnica elaborada por el Grupo Especial de Expertos Técnicos en Transferencia de Tecnología y Cooperación Científica y Tecnológica, así como de la decisión XI/2, titulada “Examen del progreso en la aplicación de las estrategias y planes de acción nacionales en materia de biodiversidad y apoyo conexo de creación de capacidad para las Partes”<authorialNote marker="37" placement="bottom" eId="authorialNote_37"><p xml:space="preserve">	 	Véase Programa de las Naciones Unidas para el Medio Ambiente, documento UNEP/CBD/COP/11/35, anexo I.</p></authorialNote>, y recuerda las decisiones pertinentes adoptadas a este respecto por la Conferencia de las Partes en su 12ª reunión<sup>27</sup>; </p>
        </content>
      </paragraph>
      <paragraph eId="para_58" class="SingleTxt">
        <num>	22.</num>
        <content eId="para_58__content">
          <p xml:space="preserve">
            <span class="italic">Observa con aprecio</span> los esfuerzos realizados por la secretaría del Convenio, las partes en el Convenio y el Fondo para el Medio Ambiente Mundial, como mecanismo financiero del Convenio, junto con los fondos, programas y organismos especializados de las Naciones Unidas, así como con otras entidades, con objeto de organizar talleres de creación de capacidad para ayudar a los países, en particular a los países en desarrollo, a actualizar los planes de acción y las estrategias nacionales sobre la diversidad biológica, con miras a aumentar su capacidad y responder a las necesidades de recursos humanos, técnicos y financieros para aplicar el Plan Estratégico para la Diversidad Biológica 2011-2020 y las Metas de Aichi para la Diversidad Biológica, aprobados por la Conferencia de las Partes en el Convenio en su décima reunión;</p>
        </content>
      </paragraph>
      <paragraph eId="para_59" class="SingleTxt">
        <num>	23.</num>
        <content eId="para_59__content">
          <p xml:space="preserve">
            <span class="italic">Reconoce con preocupación</span> que se ha avanzado poco en la consecución de las Metas de Aichi para la Diversidad Biológica y la aplicación del Plan Estratégico para la Diversidad Biológica 2011-2020 por las partes en el Convenio y, dado el escaso tiempo restante, exhorta a todas las partes a que redoblen y amplíen sus iniciativas encaminadas a alcanzar las Metas y aplicar el Plan, reconociendo que tales iniciativas contribuyen a la implementación de la Agenda 2030 para el Desarrollo Sostenible y la consecución de los Objetivos de Desarrollo Sostenible; </p>
        </content>
      </paragraph>
      <paragraph eId="para_60" class="SingleTxt">
        <num>	24.</num>
        <content eId="para_60__content">
          <p xml:space="preserve">
            <span class="italic">Observa con preocupación</span> los escasos progresos realizados en el cumplimiento de los tres objetivos del Convenio, a saber, la conservación de la diversidad biológica, la utilización sostenible de sus componentes y la participación justa y equitativa en los beneficios que se deriven de la utilización de los recursos genéticos;</p>
        </content>
      </paragraph>
      <paragraph eId="para_61" class="SingleTxt">
        <num>	25.</num>
        <content eId="para_61__content">
          <p xml:space="preserve">
            <span class="italic">Observa con especial preocupación</span> los escasos progresos realizados por sus partes en la aplicación del Protocolo de Nagoya;</p>
        </content>
      </paragraph>
      <paragraph eId="para_62" class="SingleTxt">
        <num>	26.</num>
        <content eId="para_62__content">
          <p xml:space="preserve">
            <span class="italic">Observa </span>los escasos progresos realizados en la integración del artículo 8 j) del Convenio y las disposiciones conexas en distintos ámbitos de trabajo del Convenio, toma nota con aprecio de la decisión 14/17 de la Conferencia de las Partes en el Convenio de estudiar la elaboración de un programa de trabajo plenamente integrado sobre el artículo 8 j) y disposiciones conexas en un marco mundial para la diversidad biológica después de 2020, para permitir la participación plena y efectiva de los pueblos indígenas y las comunidades locales en la labor relacionada con el Convenio y, a ese respecto, invita a la secretaría del Convenio, por conducto del Secretario General, a que informe de los progresos realizados por el Grupo de Trabajo Especial de Composición Abierta entre Períodos de Sesiones sobre el Artículo 8 j) y disposiciones conexas cuando informe a la Asamblea General sobre la aplicación de la presente resolución; </p>
        </content>
      </paragraph>
      <paragraph eId="para_63" class="SingleTxt">
        <num>	27.</num>
        <content eId="para_63__content">
          <p xml:space="preserve">
            <span class="italic">Alienta </span>a las partes a que promuevan la incorporación de consideraciones de género, tomando en cuenta el Plan de Acción sobre Género 2015-2020 del Convenio sobre la Diversidad Biológica<sup>17</sup>, en la formulación, aplicación y revisión de sus estrategias y planes de acción e instrumentos equivalentes sobre la diversidad biológica a nivel nacional, y cuando proceda, regional y subnacional, para la consecución de los tres objetivos del Convenio y reconoce la necesidad de fortalecer la cooperación en materia de creación de capacidad a fin de prestar apoyo a las partes en este proceso, y pone de relieve la importancia de integrar una perspectiva de género en el proceso de elaboración de un marco mundial para la diversidad biológica después de 2020; </p>
        </content>
      </paragraph>
      <paragraph eId="para_64" class="SingleTxt">
        <num>	28.</num>
        <content eId="para_64__content">
          <p xml:space="preserve">
            <span class="italic">Exhorta </span>a los Gobiernos y a todos los interesados a que adopten las medidas necesarias para tener en cuenta los efectos y los beneficios socioeconómicos de la conservación y la utilización sostenible de la diversidad biológica y sus componentes, así como los ecosistemas que proporcionan servicios esenciales, en los programas y políticas pertinentes a todos los niveles, de conformidad con la legislación, las circunstancias y las prioridades nacionales; </p>
        </content>
      </paragraph>
      <paragraph eId="para_65" class="SingleTxt">
        <num>	29.</num>
        <content eId="para_65__content">
          <p xml:space="preserve">
            <span class="italic">Reafirma </span>la importancia de seguir aumentando la eficiencia y la coherencia de las actividades dirigidas a alcanzar los tres objetivos del Convenio y exhorta a las partes y a los interesados a que intensifiquen las medidas de cooperación internacional para cumplir las obligaciones enunciadas en el Convenio; </p>
        </content>
      </paragraph>
      <paragraph eId="para_66" class="SingleTxt">
        <num>	30.</num>
        <content eId="para_66__content">
          <p xml:space="preserve">
            <span class="italic">Invita </span>a todas las partes, los departamentos pertinentes de la Secretaría, los organismos especializados, fondos y programas del sistema de las Naciones Unidas y las comisiones regionales a que sigan contribuyendo a lograr los objetivos del Plan Estratégico para la Diversidad Biológica 2011-2020; </p>
        </content>
      </paragraph>
      <paragraph eId="para_67" class="SingleTxt">
        <num>	31.</num>
        <content eId="para_67__content">
          <p xml:space="preserve">
            <span class="italic">Reafirma </span>la necesidad de contar con un proceso exhaustivo y participativo destinado a elaborar propuestas para el seguimiento del Plan Estratégico para la Diversidad Biológica 2011-2020, en plena consonancia con la decisión XIII/1<sup>28</sup> y la decisión 14/34, así como otras decisiones pertinentes de la Conferencia de las Partes en el Convenio; </p>
        </content>
      </paragraph>
      <paragraph eId="para_68" class="SingleTxt">
        <num>	32.</num>
        <content eId="para_68__content">
          <p xml:space="preserve">
            <span class="italic">Reconoce </span>que las partes en el Convenio han reiterado que es necesario movilizar y proporcionar recursos, financieros, humanos y técnicos, de todas las fuentes, con miras a lograr la aplicación efectiva del Plan Estratégico para la Diversidad Biológica 2011-2020 y un marco mundial para la diversidad biológica después de 2020 que lo seguirá, destaca la necesidad de considerar más a fondo la evaluación de todos los recursos movilizados en lo que respecta a los resultados logrados en la diversidad biológica, y, a este respecto, acoge con beneplácito la decisión adoptada por las partes en el Convenio sobre el aumento sustancial global de la financiación total relacionada con la diversidad biológica para aplicar el Plan Estratégico, proveniente de diversas fuentes, gracias entre otros medios a la movilización de recursos nacionales e internacionales, la cooperación internacional y la exploración de mecanismos financieros nuevos e innovadores, según proceda, y observa que en la 14ª reunión de la Conferencia de las Partes en el Convenio se afirmó que la movilización de recursos sería parte integral de un marco mundial para la diversidad biológica después de 2020 y se iniciaron los preparativos de ese componente de movilización de recursos en una etapa temprana y manteniendo plena coherencia y coordinación con el proceso de elaboración de un marco para después de 2020; </p>
        </content>
      </paragraph>
      <paragraph eId="para_69" class="SingleTxt">
        <num>	33.</num>
        <content eId="para_69__content">
          <p xml:space="preserve">
            <span class="italic">Invita </span>a los países que aún no lo hayan hecho a que ratifiquen el Convenio o se adhieran a él; </p>
        </content>
      </paragraph>
      <paragraph eId="para_70" class="SingleTxt">
        <num>	34.</num>
        <content eId="para_70__content">
          <p xml:space="preserve">
            <span class="italic">Invita </span>a las partes en el Convenio a que ratifiquen el Protocolo de Nagoya o se adhieran a él e invita a la Secretaria Ejecutiva del Convenio y al Fondo para el Medio Ambiente Mundial, en el marco de su mandato como mecanismo financiero del Convenio, a que, en colaboración con las organizaciones competentes, continúen respaldando las actividades de creación y desarrollo de la capacidad para apoyar la ratificación y la aplicación del Protocolo; </p>
        </content>
      </paragraph>
      <paragraph eId="para_71" class="SingleTxt">
        <num>	35.</num>
        <content eId="para_71__content">
          <p xml:space="preserve">
            <span class="italic">Invita también </span>a las partes en el Convenio a que consideren la posibilidad de ratificar el Protocolo de Cartagena o de adherirse a él, según proceda; </p>
        </content>
      </paragraph>
      <paragraph eId="para_72" class="SingleTxt">
        <num>	36.</num>
        <content eId="para_72__content">
          <p xml:space="preserve">
            <span class="italic">Invita </span>a las partes en el Protocolo de Cartagena a que consideren la posibilidad de ratificar el Protocolo de Nagoya-Kuala Lumpur sobre Responsabilidad y Compensación Suplementario al Protocolo de Cartagena sobre Seguridad de la Biotecnología<sup>24</sup>; </p>
        </content>
      </paragraph>
      <paragraph eId="para_73" class="SingleTxt">
        <num>	37.</num>
        <content eId="para_73__content">
          <p xml:space="preserve">
            <span class="italic">Observa con preocupación</span> las conclusiones de la Plataforma Intergubernamental Científico-Normativa sobre Diversidad Biológica y Servicios de los Ecosistemas, y destaca la urgente necesidad de detener la disminución mundial de la diversidad biológica, que no tiene precedentes en la historia humana, incluidos sus principales impulsores indirectos y directos, en particular los cambios en el aprovechamiento de la tierra y el mar, la explotación directa de los organismos, el cambio climático, la contaminación y la invasión de especies exóticas;</p>
        </content>
      </paragraph>
      <paragraph eId="para_74" class="SingleTxt">
        <num>	38.</num>
        <content eId="para_74__content">
          <p xml:space="preserve">
            <span class="italic">Observa</span> que el aumento de las inversiones en las soluciones basadas en la naturaleza tiene posibilidades de prestar apoyo de manera eficaz en función del costo a la conservación, la restauración y el uso sostenible de la diversidad biológica, contribuir a impulsar la mitigación y adaptación frente al cambio climático y reducir los efectos adversos del cambio climático, y enlentecer, detener e incluso invertir algunos aspectos de la pérdida de diversidad biológica y de ecosistemas, por lo que invita a todas las partes interesadas pertinentes a que presten la debida atención a las oportunidades que presenta;</p>
        </content>
      </paragraph>
      <paragraph eId="para_75" class="SingleTxt">
        <num>	39.</num>
        <content eId="para_75__content">
          <p xml:space="preserve">
            <span class="italic">Toma nota con preocupación </span>de las conclusiones del Grupo Intergubernamental de Expertos sobre el Cambio Climático en sus informes especiales titulados <span class="italic">Global Warming of 1.5 °C</span> (Calentamiento global de 1,5 °C), <span class="italic">The Ocean and Cryosphere in a Changing Climate</span> (Los océanos y la criosfera en un mundo cambiante) y <span class="italic">Climate Change and Land: An IPCC Special Report on Climate Change, Desertification, Land Degradation, Sustainable Land Management, Food Security, and Greenhouse Gas Fluxes in Terrestrial Ecosystems </span>(El cambio climático y la tierra: informe especial del IPCC sobre el cambio climático, la desertificación, la degradación de tierras, la ordenación sostenible de las tierras, la seguridad alimentaria y los flujos de gases de efecto invernadero en los ecosistemas terrestres); </p>
        </content>
      </paragraph>
      <paragraph eId="para_76" class="SingleTxt">
        <num>	40.</num>
        <content eId="para_76__content">
          <p xml:space="preserve">
            <span class="italic">Destaca </span>la importancia de la participación del sector privado y otros interesados pertinentes, al igual que los pueblos indígenas y las comunidades locales, las mujeres y los jóvenes en el cumplimiento de los tres objetivos del Convenio y la consecución de las metas para la diversidad biológica, los invita a que armonicen más explícitamente sus prácticas con los objetivos del Convenio, incluso por medio de asociaciones, de conformidad con la legislación, las circunstancias y las prioridades nacionales, a este respecto destaca la importancia de la labor que realiza la Alianza Mundial de Negocios y Biodiversidad y señala otras iniciativas relacionadas y complementarias; </p>
        </content>
      </paragraph>
      <paragraph eId="para_77" class="SingleTxt">
        <num>	41.</num>
        <content eId="para_77__content">
          <p xml:space="preserve">
            <span class="italic">Observa </span>la labor que está realizando el Grupo de Enlace Mixto de las secretarías y oficinas de los órganos subsidiarios pertinentes del Convenio sobre la Diversidad Biológica, la Convención de las Naciones Unidas de Lucha contra la Desertificación en los Países Afectados por Sequía Grave o Desertificación, en Particular en África, y la Convención Marco de las Naciones Unidas sobre el Cambio Climático y el Grupo de Enlace de los Convenios relacionados con la Diversidad Biológica, reconoce la importancia de mejorar la coherencia en la aplicación de esos convenios, reconoce también la importancia de aumentar las sinergias entre los convenios relacionados con la diversidad biológica, sin perjuicio de sus objetivos específicos, a este respecto observa la contribución de la Asamblea de las Naciones Unidas sobre el Medio Ambiente, reflejada en su resolución 2/17, de 27 de mayo de 2016<authorialNote marker="38" placement="bottom" eId="authorialNote_38"><p xml:space="preserve">	 	Véase <span class="italic">Documentos Oficiales de la Asamblea General, septuagésimo primer período de sesiones</span>, <span class="italic">suplemento núm. 25</span> (<a href="https://undocs.org/sp/A/71/25">A/71/25</a>), anexo. </p></authorialNote>, y los resultados de su cuarto período de sesiones, celebrado en Nairobi del 11 al 15 de marzo de 2019<authorialNote marker="39" placement="bottom" eId="authorialNote_39"><p xml:space="preserve"><span class="italic">Ibid., septuagésimo cuarto período de sesiones, suplemento núm. 25</span> (A/74/25), anexo I.</p></authorialNote>, especialmente su declaración ministerial, y alienta a las conferencias de las partes en los acuerdos ambientales multilaterales relacionados con la diversidad biológica a que consideren la posibilidad de redoblar sus esfuerzos en este sentido, teniendo en cuenta las experiencias pertinentes y teniendo presentes la condición jurídica y los mandatos independientes de esos instrumentos; </p>
        </content>
      </paragraph>
      <paragraph eId="para_78" class="SingleTxt">
        <num>	42.</num>
        <content eId="para_78__content">
          <p xml:space="preserve">
            <span class="italic">	Reafirma</span> el compromiso fundamental de la Agenda 2030 de no dejar a nadie atrás y de comprometerse a tomar medidas más tangibles para apoyar a las personas en situaciones de vulnerabilidad y a los países más vulnerables y para llegar primero a los más rezagados;</p>
        </content>
      </paragraph>
      <paragraph eId="para_79" class="SingleTxt">
        <num>	43.</num>
        <content eId="para_79__content">
          <p xml:space="preserve">
            <span class="italic">Solicita </span>al Secretario General que en su septuagésimo quinto período de sesiones le presente un informe sobre la aplicación de la presente resolución que incluya los avances conseguidos en la aplicación del Convenio sobre la Diversidad Biológica y la consecución de las Metas de Aichi para la Diversidad Biológica y las dificultades encontradas en esos procesos, y decide incluir en el programa provisional de su septuagésimo quinto período de sesiones, en relación con el tema titulado “Desarrollo sostenible”, el subtema titulado “Convenio sobre la Diversidad Biológica”.</p>
        </content>
      </paragraph>
    </mainBody>
    <conclusions eId="conclusions">
      <p>
        <inline name="adoptionMeeting" title="52a">52a sesión plenaria</inline>
        <eol />
        <docDate date="2019-12-19" refersTo="#adoptionDate">19 de diciembre de 2019</docDate>
      </p>
    </conclusions>
  </statement>
</akomaNtoso>