<akomaNtoso xmlns:xsi="http://www.w3.org/2001/XMLSchema-instance" xsi:schemaLocation="http://docs.oasis-open.org/legaldocml/ns/akn/3.0 http://docs.oasis-open.org/legaldocml/akn-core/v1.0/os/part2-specs/schemas/akomantoso30.xsd" xmlns="http://docs.oasis-open.org/legaldocml/ns/akn/3.0" xmlns:html="http://www.w3.org/1999/xhtml" xmlns:akn4un="http://un.org/akn4un">
  <statement name="resolution">
    <meta>
      <identification source="#DGACM">
        <FRBRWork>
          <FRBRthis value="/akn/un/statement/deliberation/unga/2020-08-12/74-298/!main/"></FRBRthis>
          <FRBRuri value="/akn/un/statement/deliberation/unga/2020-08-12/74-298/"></FRBRuri>
          <FRBRdate date="2020-08-12" name="adoption"></FRBRdate>
          <FRBRauthor href="ga" as="author"></FRBRauthor>
          <FRBRcountry value="un"></FRBRcountry>
        </FRBRWork>
        <FRBRExpression>
          <FRBRthis value="/akn/un/statement/deliberation/unga/2020-08-12/74-298/spa@!main/"></FRBRthis>
          <FRBRuri value="/akn/un/statement/deliberation/unga/2020-08-12/74-298/spa@/"></FRBRuri>
          <FRBRdate date="2020-08-17" name="publication"></FRBRdate>
          <FRBRauthor href="ga" as="issuer"></FRBRauthor>
          <FRBRlanguage language="spa"></FRBRlanguage>
        </FRBRExpression>
        <FRBRManifestation>
          <FRBRthis value="/akn/un/statement/deliberation/unga/2020-08-12/74-298/spa@/!main.xml"></FRBRthis>
          <FRBRuri value="/akn/un/statement/deliberation/unga/2020-08-12/74-298/spa@.xml"></FRBRuri>
          <FRBRdate date="2020-10-08" name="markup"></FRBRdate>
          <FRBRauthor href="DGACM" as="editor"></FRBRauthor>
        </FRBRManifestation>
      </identification>
      <classification source="http://metadata.un.org/sdg">
        <keyword value="2" href="http://metadata.un.org/sdg/2" showAs="sdg_2" dictionary="SDGO"></keyword>
        <keyword value="food_shortage" href="http://eurovoc.europa.eu/2318" showAs="food_shortage" dictionary="EuroVoc"></keyword>
        <keyword value="sustainable_agriculture" href="http://eurovoc.europa.eu/6308" showAs="sustainable_agriculture" dictionary="EuroVoc"></keyword>
        <keyword value="food_security" href="http://eurovoc.europa.eu/c_4523e1dd" showAs="food_security" dictionary="EuroVoc"></keyword>
        <keyword value="food_security" href="http://metadata.un.org/thesaurus/1002439" showAs="food_security" dictionary="UNBIS Thesaurus"></keyword>
        <keyword value="food_shortage" href="http://metadata.un.org/thesaurus/1002440" showAs="food_shortage" dictionary="UNBIS Thesaurus"></keyword>
        <keyword value="hunger" href="http://metadata.un.org/thesaurus/1003004" showAs="hunger" dictionary="UNBIS Thesaurus"></keyword>
        <keyword value="sustainable_agriculture" href="http://metadata.un.org/thesaurus/1006317" showAs="sustainable_agriculture" dictionary="UNBIS Thesaurus"></keyword>
      </classification>
      <classification source="http://metadata.un.org/sdg">
        <keyword value="16" href="http://metadata.un.org/sdg/16" showAs="sdg_16" dictionary="SDGO"></keyword>
        <keyword value="right_to_justice" href="http://eurovoc.europa.eu/516" showAs="right_to_justice" dictionary="EuroVoc"></keyword>
        <keyword value="sustainable_development" href="http://eurovoc.europa.eu/5585" showAs="sustainable_development" dictionary="EuroVoc"></keyword>
        <keyword value="civil_society" href="http://metadata.un.org/thesaurus/1001012" showAs="civil_society" dictionary="UNBIS Thesaurus"></keyword>
        <keyword value="justice" href="http://metadata.un.org/thesaurus/1003500" showAs="justice" dictionary="UNBIS Thesaurus"></keyword>
        <keyword value="peaceful_coexistence" href="http://metadata.un.org/thesaurus/1004777" showAs="peaceful_coexistence" dictionary="UNBIS Thesaurus"></keyword>
        <keyword value="public_institutions" href="http://metadata.un.org/thesaurus/1005254" showAs="public_institutions" dictionary="UNBIS Thesaurus"></keyword>
        <keyword value="social_justice" href="http://metadata.un.org/thesaurus/1005970" showAs="social_justice" dictionary="UNBIS Thesaurus"></keyword>
        <keyword value="sustainable_development" href="http://metadata.un.org/thesaurus/1006319" showAs="sustainable_development" dictionary="UNBIS Thesaurus"></keyword>
      </classification>
      <classification source="http://metadata.un.org/sdg">
        <keyword value="17" href="http://metadata.un.org/sdg/17" showAs="sdg_17" dictionary="SDGO"></keyword>
        <keyword value="sustainable_development" href="http://eurovoc.europa.eu/5585" showAs="sustainable_development" dictionary="EuroVoc"></keyword>
        <keyword value="partnership" href="http://eurovoc.europa.eu/4199" showAs="partnership" dictionary="EuroVoc"></keyword>
        <keyword value="sustainable_development" href="http://metadata.un.org/thesaurus/1006319" showAs="sustainable_development" dictionary="UNBIS Thesaurus"></keyword>
        <keyword value="partnership" href="http://metadata.un.org/thesaurus/1004748" showAs="partnership" dictionary="UNBIS Thesaurus"></keyword>
      </classification>
      <workflow source="#un">
        <step date="2020-08-06" outcome="draftResolution" as="A/74/L.83" by="submitted by the President of the General Assembly" />
        <step date="0001-01-01" outcome="draftResolutionAdditionalSponsors" by="" />
        <step date="0001-01-01" outcome="recommendedForAdoption" by="" />
        <step date="2020-08-12" outcome="adopted" as="Adopted through silence procedure" by="" />
      </workflow>
      <analysis source="#un">
        <parliamentary>
          <voting outcome="adoptedWithoutVote">
            <quorum value=""></quorum>
          </voting>
        </parliamentary>
      </analysis>
      <references source="#DGACM">
        <TLCOrganization eId="source" href="/akn/ontology/organization/un/DGACM" showAs="DGACM"></TLCOrganization>
        <TLCConcept eId="dateOfIssuance" href="/akn/ontology/concept/un/dateOfIssuance" showAs="Date of issuance"></TLCConcept>
        <TLCConcept eId="dateOfAdoption" href="/akn/ontology/concept/un/dateOfAdoption" showAs="Date of adoption"></TLCConcept>
        <TLCConcept eId="symbol" href="/akn/ontology/reference/un/symbol" showAs="Symbol"></TLCConcept>
        <TLCRole eId="publisher" href="/akn/ontology/role/un/publisher" showAs="Publisher"></TLCRole>
        <TLCRole eId="issuingBody" href="/akn/role/concept/un/issuingBody" showAs="Issuing body"></TLCRole>
        <TLCRole eId="author" href="/akn/ontology/role/un/author" showAs="Author"></TLCRole>
        <TLCRole eId="editor" href="/akn/ontology/role/un/editor" showAs="Editor"></TLCRole>
        <TLCRole eId="distribution" href="/akn/ontology/concept/un/generalDistribution" showAs="General distribution"></TLCRole>
        <TLCOrganization eId="ga" href="/akn/ontology/organization/un/generalAssembly" showAs="General Assembly"></TLCOrganization>
        <TLCTerm eId="resolutionTitle" href="/akn/ontology/reference/un/resolutionTitle" showAs="Resolution title"></TLCTerm>
        <TLCTerm eId="noMainCommittee" href="#noMainCommittee" showAs="sin remisión previa a una Comisión Principal"></TLCTerm>
        <TLCTerm eId="memberState" href="/akn/ontology/organization/un/memberState" showAs="Member State"></TLCTerm>
        <TLCTerm eId="inFavour" href="/akn/ontology/concept/un/voting/inFavour" showAs="In favour"></TLCTerm>
        <TLCTerm eId="against" href="/akn/ontology/concept/un/voting/against" showAs="Against"></TLCTerm>
        <TLCTerm eId="abstaining" href="/akn/ontology/concept/un/voting/abstaining" showAs="Abstaining"></TLCTerm>
      </references>
      <presentation source="#un">
        <akn4un:footerFirstPage>
          <akn4un:footerFirstPageLeft>
            <akn4un:internalCode>
              <docketNumber refersTo="#publicationJobNumber">20-10801 (S)</docketNumber>
              <img alt="bar code" class="barCode" src=""></img>
            </akn4un:internalCode>
          </akn4un:footerFirstPageLeft>
          <akn4un:footerFirstPageRight>
            <img alt="Please recycle" class="image" src="./recylcleLogo.jpg"></img>
            <img alt="embedded QR code" class="qrCode" src=""></img>
          </akn4un:footerFirstPageRight>
        </akn4un:footerFirstPage>
      </presentation>
    </meta>
    <coverPage eId="coverPage_1">
      <p>
        <span refersTo="#publisher" class="upperLeft">
          <docAuthority refersTo="#publisher">Naciones Unidas</docAuthority>
        </span>
      </p>
      <p class="upperRight">
        <docNumber refersTo="#symbol">A/RES/74/298</docNumber>
      </p>
      <p class="upperLeft">
        <img src="logo-un.jpg"></img>
        <docAuthority refersTo="#issuingBody" class="rightBig">Asamblea General</docAuthority>
      </p>
      <p>
        <docStatus refersTo="#generalDistribution" class="rightSmall">Distr. general</docStatus>
      </p>
      <p>
        <docDate date="2020-08-17" class="rightSmall" refersTo="#dateOfIssuance">17 de agosto de 2020</docDate>
      </p>
      <p>
        <session refersTo="#generalAssembly" value="74" eId="coverPage_1__session_1">Septuagésimo cuarto período de sesiones</session>
      </p>
      <p>
        <inline name="agenda item">Temas 14 y 117 del programa</inline>
      </p>
      <p>
        <inline name="agenda item name">Aplicación y seguimiento integrados y coordinados de los resultados de las grandes conferencias y cumbres de las Naciones Unidas en las esferas económica y social y esferas conexas</inline>
      </p>
      <p>
        <inline name="agenda item name">Seguimiento de los resultados de la Cumbre del Milenio</inline>
      </p>
      <p>
        <docTitle>Resolución aprobada por la Asamblea General el 12 de agosto de 2020</docTitle>
      </p>
      <p xml:space="preserve">
        <docProponent refersTo="#noMainCommittee">[sin remisión previa a una Comisión Principal (<inline name="originating document">A/74/L.83</inline>)]</docProponent>
      </p>
    </coverPage>
    <preface>
      <p>
        <docNumber>74/298.</docNumber>
        <docTitle refersTo="#resolutionTitle">Examen de la aplicación de las resoluciones de la Asamblea General 67/290, relativa al foro político de alto nivel sobre el desarrollo sostenible, 70/299, relativa al seguimiento y el examen de la Agenda 2030 para el Desarrollo Sostenible a nivel mundial, y 72/305, relativa al fortalecimiento del Consejo Económico y Social</docTitle>
      </p>
    </preface>
    <preamble>
      <formula name="enactingFormula" eId="formula_1">
        <p xml:space="preserve">
          <span class="italic">La Asamblea General</span>,</p>
      </formula>
      <container name="Recordando" eId="container_2">
        <p xml:space="preserve">
          <span class="italic">Recordando</span> sus resoluciones <a href="https://undocs.org/es/A/RES/67/290">67/290</a>, de 9 de julio de 2013, titulada “Formato y aspectos organizativos del foro político de alto nivel sobre el desarrollo sostenible”, y <a href="https://undocs.org/es/A/RES/70/299">70/299</a>, de 29 de julio de 2016, titulada “Seguimiento y examen de la Agenda 2030 para el Desarrollo Sostenible a nivel mundial”,</p>
      </container>
      <container name="Recordando también" eId="container_3">
        <p xml:space="preserve">
          <span class="italic">Recordando también</span> su resolución <a href="https://undocs.org/es/A/RES/72/305">72/305</a>, de 23 de julio de 2018, titulada “Examen de la aplicación de la resolución <a href="https://undocs.org/es/A/RES/68/1">68/1</a> de la Asamblea General relativa al fortalecimiento del Consejo Económico y Social”, y todas las resoluciones anteriores relativas al fortalecimiento del Consejo,</p>
      </container>
      <container name="Reafirmando" eId="container_4">
        <p xml:space="preserve">
          <span class="italic">	Reafirmando</span> su resolución <a href="https://undocs.org/es/A/RES/70/1">70/1</a>, de 25 de septiembre de 2015, titulada “Transformar nuestro mundo: la Agenda 2030 para el Desarrollo Sostenible”, y reafirmando también el inquebrantable compromiso de cumplir la Agenda y utilizarla al máximo para transformar nuestro mundo en un lugar mejor de aquí a 2030, </p>
      </container>
      <container name="Reafirmando también " eId="container_5">
        <p xml:space="preserve">
          <span class="italic">	Reafirmando también </span>su resolución <a href="https://undocs.org/es/A/RES/74/4">74/4</a>, de 15 de octubre de 2019, titulada “Declaración política del foro político de alto nivel sobre el desarrollo sostenible celebrado bajo los auspicios de la Asamblea General”, y su compromiso de poner en marcha un década de acción y resultados en favor del desarrollo sostenible, </p>
      </container>
      <container name="Reconociendo" eId="container_6">
        <p xml:space="preserve">
          <span class="italic">	Reconociendo</span> las amenazas al desarrollo sostenible, incluidos la salud, la seguridad y el bienestar, y a la economía mundial causadas por la pandemia de enfermedad por coronavirus (COVID-19) y sus efectos sin precedentes, que hacen necesaria una respuesta coordinada y la solidaridad mundial, </p>
      </container>
      <container name="Reconociendo también" eId="container_7">
        <p xml:space="preserve">
          <span class="italic">	Reconociendo también</span> que las personas más pobres y las que viven en situaciones vulnerables son las más afectadas y que los efectos de la pandemia repercutirán en el desarrollo sostenible en todos los países, especialmente los países en desarrollo, obstaculizando los progresos hacia el logro de los Objetivos de Desarrollo Sostenible, </p>
      </container>
      <container name="Destacando" eId="container_8">
        <p xml:space="preserve">
          <span class="italic">	Destacando</span> que la crisis actual es un recordatorio de que la implementación de la Agenda 2030 es crucial para ayudar a preparar mejor el mundo para futuras perturbaciones sistémicas y que los Objetivos de Desarrollo Sostenible constituyen un marco compartido con el que reconstruir para mejorar mediante una recuperación centrada en las personas, inclusiva, sostenible y resiliente que promueva las dimensiones económica, social y ambiental del desarrollo sostenible, sin dejar a nadie atrás, </p>
      </container>
    </preamble>
    <mainBody>
      <paragraph eId="para_9" class="SingleTxt">
        <num>	1.</num>
        <content eId="para_9__content">
          <p xml:space="preserve">
            <span class="italic">Reconoce</span> la función que la Carta de las Naciones Unidas y la Asamblea General han asignado al Consejo Económico y Social en su calidad de principal órgano encargado de la coordinación, el examen de políticas, el diálogo sobre políticas y la formulación de recomendaciones sobre cuestiones de desarrollo económico y social, así como del cumplimiento de los objetivos internacionales de desarrollo convenidos en las grandes conferencias y cumbres de las Naciones Unidas en las esferas económica, social y ambiental y esferas conexas, y el papel central y la eficacia y el carácter participativo del foro político de alto nivel sobre el desarrollo sostenible celebrado bajo los auspicios de la Asamblea y del Consejo respecto a la supervisión del seguimiento y el examen de la Agenda 2030 para el Desarrollo Sostenible<authorialNote marker="1" placement="bottom" eId="authorialNote_1"><p xml:space="preserve">		Resolución <a href="https://undocs.org/es/A/RES/70/1">70/1</a>.</p></authorialNote> a nivel mundial, realizando una labor coherente con la de la Asamblea, el Consejo y otros órganos y foros competentes, de conformidad con los mandatos vigentes;</p>
        </content>
      </paragraph>
      <paragraph eId="para_10" class="SingleTxt">
        <num>	2.</num>
        <content eId="para_10__content">
          <p xml:space="preserve">
            <span class="italic">Decide</span> realizar, de forma conjunta, el examen de la aplicación de las resoluciones de la Asamblea General <a href="https://undocs.org/es/A/RES/72/305">72/305</a>, sobre el examen de la aplicación de la resolución <a href="https://undocs.org/es/A/RES/68/1">68/1</a> de la Asamblea General relativa al fortalecimiento del Consejo Económico y Social, <a href="https://undocs.org/es/A/RES/67/290">67/290</a>, relativa al formato y los aspectos organizativos del foro político de alto nivel sobre el desarrollo sostenible, y <a href="https://undocs.org/es/A/RES/70/299">70/299</a>, relativa al seguimiento y el examen de la Agenda 2030 para el Desarrollo Sostenible a nivel mundial, teniendo en cuenta las disposiciones de la presente resolución, durante su septuagésimo quinto período de sesiones;</p>
        </content>
      </paragraph>
      <paragraph eId="para_11" class="SingleTxt">
        <num>	3.</num>
        <content eId="para_11__content">
          <p xml:space="preserve">
            <span class="italic">Decide también</span> que, en 2021, el tema central del período de sesiones del Consejo Económico y Social y del foro político de alto nivel sobre el desarrollo sostenible celebrado bajo los auspicios del Consejo será “Recuperación sostenible y resiliente de la pandemia de COVID-19 que promueva las dimensiones económica, social y ambiental del desarrollo sostenible: forjar una vía inclusiva y eficaz para el logro de la Agenda 2030 en el contexto de la década de acción y resultados en favor del desarrollo sostenible”;</p>
        </content>
      </paragraph>
      <paragraph eId="para_12" class="SingleTxt">
        <num>	4.</num>
        <content eId="para_12__content">
          <p xml:space="preserve">
            <span class="italic">Decide además</span> que el foro político de alto nivel que se celebrará en 2021, sin perjuicio de la naturaleza integrada, indivisible e interrelacionada de los Objetivos de Desarrollo Sostenible, examinará en profundidad los Objetivos 1, 2, 3, 8, 10, 12, 13, 16 y 17; </p>
        </content>
      </paragraph>
      <paragraph eId="para_13" class="SingleTxt">
        <num>	5.</num>
        <content eId="para_13__content">
          <p xml:space="preserve">
            <span class="italic">Decide</span> que en el examen se tendrán en cuenta los efectos distintos y particulares de la pandemia de COVID-19 en todos los Objetivos de Desarrollo Sostenible, se estudiarán los progresos realizados en la implementación de la Agenda 2030 en su totalidad y se abordarán las interrelaciones entre los Objetivos, a fin de promover medidas integradas que abarquen las tres dimensiones del desarrollo sostenible y puedan crear beneficios secundarios, aprovechen las sinergias y los equilibrios y ayuden a cumplir múltiples propósitos de manera coherente, sin dejar a nadie atrás;</p>
        </content>
      </paragraph>
      <paragraph eId="para_14" class="SingleTxt">
        <num>	6.</num>
        <content eId="para_14__content">
          <p xml:space="preserve">
            <span class="italic">Decide también</span> que el examen abarcará las metas de los Objetivos de Desarrollo Sostenible que han de alcanzarse en 2020;</p>
        </content>
      </paragraph>
      <paragraph eId="para_15" class="SingleTxt">
        <num>	7.</num>
        <content eId="para_15__content">
          <p xml:space="preserve">
            <span class="italic">Decide además</span> definir lo antes posible en su septuagésimo quinto período de sesiones el tema del Consejo Económico y Social y el del foro político de alto nivel celebrado bajo los auspicios del Consejo y los otros Objetivos de Desarrollo Sostenible que se examinarán en profundidad en los dos años restantes del ciclo cuatrienal del foro, de manera que se asegure la coherencia en el ciclo 2020-2023 y se refleje el carácter global de la Agenda 2030;</p>
        </content>
      </paragraph>
      <paragraph eId="para_16" class="SingleTxt">
        <num>	8.</num>
        <content eId="para_16__content">
          <p xml:space="preserve">
            <span class="italic">Decide</span> llegar a un acuerdo en su septuagésimo séptimo período de sesiones sobre el examen temático de los progresos correspondiente al próximo ciclo del foro, incluidos la secuencia anual de temas y el conjunto de Objetivos que se examinarán en cada período de sesiones.</p>
        </content>
      </paragraph>
    </mainBody>
    <conclusions eId="conclusions">
      <p>
        <docDate date="2020-08-12" refersTo="#adoptionDate">12 de agosto de 2020</docDate>
      </p>
    </conclusions>
  </statement>
</akomaNtoso>