<akomaNtoso xmlns:xsi="http://www.w3.org/2001/XMLSchema-instance" xsi:schemaLocation="http://docs.oasis-open.org/legaldocml/ns/akn/3.0 http://docs.oasis-open.org/legaldocml/akn-core/v1.0/os/part2-specs/schemas/akomantoso30.xsd" xmlns="http://docs.oasis-open.org/legaldocml/ns/akn/3.0" xmlns:html="http://www.w3.org/1999/xhtml" xmlns:akn4un="http://un.org/akn4un">
  <statement name="resolution">
    <meta>
      <identification source="#DGACM">
        <FRBRWork>
          <FRBRthis value="/akn/un/statement/deliberation/unga/2020-08-06/74-254B/!main/"></FRBRthis>
          <FRBRuri value="/akn/un/statement/deliberation/unga/2020-08-06/74-254B/"></FRBRuri>
          <FRBRdate date="2020-08-06" name="adoption"></FRBRdate>
          <FRBRauthor href="ga" as="author"></FRBRauthor>
          <FRBRcountry value="un"></FRBRcountry>
        </FRBRWork>
        <FRBRExpression>
          <FRBRthis value="/akn/un/statement/deliberation/unga/2020-08-06/74-254B/spa@!main/"></FRBRthis>
          <FRBRuri value="/akn/un/statement/deliberation/unga/2020-08-06/74-254B/spa@/"></FRBRuri>
          <FRBRdate date="2020-08-10" name="publication"></FRBRdate>
          <FRBRauthor href="ga" as="issuer"></FRBRauthor>
          <FRBRlanguage language="spa"></FRBRlanguage>
        </FRBRExpression>
        <FRBRManifestation>
          <FRBRthis value="/akn/un/statement/deliberation/unga/2020-08-06/74-254B/spa@/!main.xml"></FRBRthis>
          <FRBRuri value="/akn/un/statement/deliberation/unga/2020-08-06/74-254B/spa@.xml"></FRBRuri>
          <FRBRdate date="2020-10-08" name="markup"></FRBRdate>
          <FRBRauthor href="DGACM" as="editor"></FRBRauthor>
        </FRBRManifestation>
      </identification>
      <classification source="http://metadata.un.org/sdg">
        <keyword value="1" href="http://metadata.un.org/sdg/1" showAs="sdg_1" dictionary="SDGO"></keyword>
        <keyword value="poverty" href="http://eurovoc.europa.eu/2281" showAs="poverty" dictionary="EuroVoc"></keyword>
        <keyword value="poverty" href="http://metadata.un.org/thesaurus/1005064" showAs="poverty" dictionary="UNBIS Thesaurus"></keyword>
        <keyword value="poverty_mitigation" href="http://metadata.un.org/thesaurus/1005065" showAs="poverty_mitigation" dictionary="UNBIS Thesaurus"></keyword>
      </classification>
      <classification source="http://metadata.un.org/sdg">
        <keyword value="3" href="http://metadata.un.org/sdg/3" showAs="sdg_3" dictionary="SDGO"></keyword>
        <keyword value="public_health" href="http://eurovoc.europa.eu/3885" showAs="public_health" dictionary="EuroVoc"></keyword>
        <keyword value="health" href="http://metadata.un.org/thesaurus/1002824" showAs="health" dictionary="UNBIS Thesaurus"></keyword>
      </classification>
      <classification source="http://metadata.un.org/sdg">
        <keyword value="4" href="http://metadata.un.org/sdg/4" showAs="sdg_4" dictionary="SDGO"></keyword>
        <keyword value="education" href="http://eurovoc.europa.eu/668" showAs="education" dictionary="EuroVoc"></keyword>
        <keyword value="right_to_education" href="http://eurovoc.europa.eu/512" showAs="right_to_education" dictionary="EuroVoc"></keyword>
        <keyword value="education" href="http://metadata.un.org/thesaurus/1001893" showAs="education" dictionary="UNBIS Thesaurus"></keyword>
      </classification>
      <classification source="http://metadata.un.org/sdg">
        <keyword value="5" href="http://metadata.un.org/sdg/5" showAs="sdg_5" dictionary="SDGO"></keyword>
        <keyword value="gender_equality" href="http://eurovoc.europa.eu/3913" showAs="gender_equality" dictionary="EuroVoc"></keyword>
        <keyword value="participation_of_women" href="http://eurovoc.europa.eu/2265" showAs="participation_of_women" dictionary="EuroVoc"></keyword>
        <keyword value="women&amp;#39;s_rights" href="http://eurovoc.europa.eu/585" showAs="women&amp;#39;s_rights" dictionary="EuroVoc"></keyword>
        <keyword value="position_of_women" href="http://eurovoc.europa.eu/81" showAs="position_of_women" dictionary="EuroVoc"></keyword>
        <keyword value="women" href="http://metadata.un.org/thesaurus/1007029" showAs="women" dictionary="UNBIS Thesaurus"></keyword>
        <keyword value="gender_equality" href="http://metadata.un.org/thesaurus/1002612" showAs="gender_equality" dictionary="UNBIS Thesaurus"></keyword>
        <keyword value="girls" href="http://metadata.un.org/thesaurus/1002684" showAs="girls" dictionary="UNBIS Thesaurus"></keyword>
      </classification>
      <classification source="http://metadata.un.org/sdg">
        <keyword value="6" href="http://metadata.un.org/sdg/6" showAs="sdg_6" dictionary="SDGO"></keyword>
        <keyword value="water" href="http://eurovoc.europa.eu/597" showAs="water" dictionary="EuroVoc"></keyword>
        <keyword value="public_hygiene" href="http://eurovoc.europa.eu/3371" showAs="public_hygiene" dictionary="EuroVoc"></keyword>
        <keyword value="use_of_water" href="http://eurovoc.europa.eu/4628" showAs="use_of_water" dictionary="EuroVoc"></keyword>
        <keyword value="water" href="http://metadata.un.org/thesaurus/030500" showAs="water" dictionary="UNBIS Thesaurus"></keyword>
        <keyword value="sanitation" href="http://metadata.un.org/thesaurus/1005701" showAs="sanitation" dictionary="UNBIS Thesaurus"></keyword>
        <keyword value="water_management" href="http://metadata.un.org/thesaurus/1006948" showAs="water_management" dictionary="UNBIS Thesaurus"></keyword>
      </classification>
      <classification source="http://metadata.un.org/sdg">
        <keyword value="9" href="http://metadata.un.org/sdg/9" showAs="sdg_9" dictionary="SDGO"></keyword>
        <keyword value="industrial_infrastructure" href="http://eurovoc.europa.eu/1434" showAs="industrial_infrastructure" dictionary="EuroVoc"></keyword>
        <keyword value="innovation" href="http://eurovoc.europa.eu/1439" showAs="innovation" dictionary="EuroVoc"></keyword>
        <keyword value="industrialization" href="http://metadata.un.org/thesaurus/1003177" showAs="industrialization" dictionary="UNBIS Thesaurus"></keyword>
        <keyword value="innovations" href="http://metadata.un.org/thesaurus/1003223" showAs="innovations" dictionary="UNBIS Thesaurus"></keyword>
      </classification>
      <classification source="http://metadata.un.org/sdg">
        <keyword value="11" href="http://metadata.un.org/sdg/11" showAs="sdg_11" dictionary="SDGO"></keyword>
        <keyword value="urban_area" href="http://eurovoc.europa.eu/4809" showAs="urban_area" dictionary="EuroVoc"></keyword>
        <keyword value="cities" href="http://metadata.un.org/thesaurus/1000995" showAs="cities" dictionary="UNBIS Thesaurus"></keyword>
        <keyword value="human_settlements" href="http://metadata.un.org/thesaurus/1002986" showAs="human_settlements" dictionary="UNBIS Thesaurus"></keyword>
      </classification>
      <classification source="http://metadata.un.org/sdg">
        <keyword value="15" href="http://metadata.un.org/sdg/15" showAs="sdg_15" dictionary="SDGO"></keyword>
        <keyword value="deforestation" href="http://eurovoc.europa.eu/339" showAs="deforestation" dictionary="EuroVoc"></keyword>
        <keyword value="desertification" href="http://eurovoc.europa.eu/416" showAs="desertification" dictionary="EuroVoc"></keyword>
        <keyword value="biodiversity" href="http://eurovoc.europa.eu/5463" showAs="biodiversity" dictionary="EuroVoc"></keyword>
        <keyword value="land,_plant_and_soil_resources" href="http://metadata.un.org/thesaurus/030600" showAs="land,_plant_and_soil_resources" dictionary="UNBIS Thesaurus"></keyword>
        <keyword value="deforestation" href="http://metadata.un.org/thesaurus/1001550" showAs="deforestation" dictionary="UNBIS Thesaurus"></keyword>
      </classification>
      <classification source="http://metadata.un.org/sdg">
        <keyword value="16" href="http://metadata.un.org/sdg/16" showAs="sdg_16" dictionary="SDGO"></keyword>
        <keyword value="right_to_justice" href="http://eurovoc.europa.eu/516" showAs="right_to_justice" dictionary="EuroVoc"></keyword>
        <keyword value="sustainable_development" href="http://eurovoc.europa.eu/5585" showAs="sustainable_development" dictionary="EuroVoc"></keyword>
        <keyword value="civil_society" href="http://metadata.un.org/thesaurus/1001012" showAs="civil_society" dictionary="UNBIS Thesaurus"></keyword>
        <keyword value="justice" href="http://metadata.un.org/thesaurus/1003500" showAs="justice" dictionary="UNBIS Thesaurus"></keyword>
        <keyword value="peaceful_coexistence" href="http://metadata.un.org/thesaurus/1004777" showAs="peaceful_coexistence" dictionary="UNBIS Thesaurus"></keyword>
        <keyword value="public_institutions" href="http://metadata.un.org/thesaurus/1005254" showAs="public_institutions" dictionary="UNBIS Thesaurus"></keyword>
        <keyword value="social_justice" href="http://metadata.un.org/thesaurus/1005970" showAs="social_justice" dictionary="UNBIS Thesaurus"></keyword>
        <keyword value="sustainable_development" href="http://metadata.un.org/thesaurus/1006319" showAs="sustainable_development" dictionary="UNBIS Thesaurus"></keyword>
      </classification>
      <classification source="http://metadata.un.org/sdg">
        <keyword value="17" href="http://metadata.un.org/sdg/17" showAs="sdg_17" dictionary="SDGO"></keyword>
        <keyword value="sustainable_development" href="http://eurovoc.europa.eu/5585" showAs="sustainable_development" dictionary="EuroVoc"></keyword>
        <keyword value="partnership" href="http://eurovoc.europa.eu/4199" showAs="partnership" dictionary="EuroVoc"></keyword>
        <keyword value="sustainable_development" href="http://metadata.un.org/thesaurus/1006319" showAs="sustainable_development" dictionary="UNBIS Thesaurus"></keyword>
        <keyword value="partnership" href="http://metadata.un.org/thesaurus/1004748" showAs="partnership" dictionary="UNBIS Thesaurus"></keyword>
      </classification>
      <workflow source="#un">
        <step date="2020-08-01" outcome="draftResolution" as="A/C.5/74/L.52/Rev.1" by="submitted by the Chair of the Committee following informal consultations" />
        <step date="0001-01-01" outcome="draftResolutionAdditionalSponsors" by="" />
        <step date="0001-01-01" outcome="recommendedForAdoption" as="A/74/615/Add.1" by="" refersTo="8" />
        <step date="2020-08-10" outcome="adopted" as="Adopted through silence procedure" by="" />
      </workflow>
      <analysis source="#un">
        <parliamentary>
          <voting outcome="adoptedWithoutVote">
            <quorum value=""></quorum>
          </voting>
        </parliamentary>
      </analysis>
      <references source="#DGACM">
        <TLCOrganization eId="source" href="/akn/ontology/organization/un/DGACM" showAs="DGACM"></TLCOrganization>
        <TLCConcept eId="dateOfIssuance" href="/akn/ontology/concept/un/dateOfIssuance" showAs="Date of issuance"></TLCConcept>
        <TLCConcept eId="dateOfAdoption" href="/akn/ontology/concept/un/dateOfAdoption" showAs="Date of adoption"></TLCConcept>
        <TLCConcept eId="symbol" href="/akn/ontology/reference/un/symbol" showAs="Symbol"></TLCConcept>
        <TLCRole eId="publisher" href="/akn/ontology/role/un/publisher" showAs="Publisher"></TLCRole>
        <TLCRole eId="issuingBody" href="/akn/role/concept/un/issuingBody" showAs="Issuing body"></TLCRole>
        <TLCRole eId="author" href="/akn/ontology/role/un/author" showAs="Author"></TLCRole>
        <TLCRole eId="editor" href="/akn/ontology/role/un/editor" showAs="Editor"></TLCRole>
        <TLCRole eId="distribution" href="/akn/ontology/concept/un/generalDistribution" showAs="General distribution"></TLCRole>
        <TLCOrganization eId="ga" href="/akn/ontology/organization/un/generalAssembly" showAs="General Assembly"></TLCOrganization>
        <TLCTerm eId="resolutionTitle" href="/akn/ontology/reference/un/resolutionTitle" showAs="Resolution title"></TLCTerm>
        <TLCTerm eId="fifthCommittee" href="#fifthCommittee" showAs="Quinta Comisión"></TLCTerm>
        <TLCTerm eId="memberState" href="/akn/ontology/organization/un/memberState" showAs="Member State"></TLCTerm>
        <TLCTerm eId="inFavour" href="/akn/ontology/concept/un/voting/inFavour" showAs="In favour"></TLCTerm>
        <TLCTerm eId="against" href="/akn/ontology/concept/un/voting/against" showAs="Against"></TLCTerm>
        <TLCTerm eId="abstaining" href="/akn/ontology/concept/un/voting/abstaining" showAs="Abstaining"></TLCTerm>
      </references>
      <presentation source="#un">
        <akn4un:footerFirstPage>
          <akn4un:footerFirstPageLeft>
            <akn4un:internalCode>
              <docketNumber refersTo="#publicationJobNumber">20-10559 (S)</docketNumber>
              <img alt="bar code" class="barCode" src=""></img>
            </akn4un:internalCode>
          </akn4un:footerFirstPageLeft>
          <akn4un:footerFirstPageRight>
            <img alt="Please recycle" class="image" src="./recylcleLogo.jpg"></img>
            <img alt="embedded QR code" class="qrCode" src=""></img>
          </akn4un:footerFirstPageRight>
        </akn4un:footerFirstPage>
      </presentation>
    </meta>
    <coverPage eId="coverPage_1">
      <p>
        <span refersTo="#publisher" class="upperLeft">
          <docAuthority refersTo="#publisher">Naciones Unidas</docAuthority>
        </span>
      </p>
      <p class="upperRight">
        <docNumber refersTo="#symbol">A/RES/74/254 B</docNumber>
      </p>
      <p class="upperLeft">
        <img src="logo-un.jpg"></img>
        <docAuthority refersTo="#issuingBody" class="rightBig">Asamblea General</docAuthority>
      </p>
      <p>
        <docStatus refersTo="#generalDistribution" class="rightSmall">Distr. general</docStatus>
      </p>
      <p>
        <docDate date="2020-08-10" class="rightSmall" refersTo="#dateOfIssuance">10 de agosto de 2020</docDate>
      </p>
      <p>
        <session refersTo="#generalAssembly" value="74" eId="coverPage_1__session_1">Septuagésimo cuarto período de sesiones</session>
      </p>
      <p>
        <inline name="agenda item">Tema 140 del programa</inline>
      </p>
      <p>
        <inline name="agenda item name">Gestión de los recursos humanos</inline>
      </p>
      <p>
        <docTitle>Resolución aprobada por la Asamblea General el 6 de agosto de 2020</docTitle>
      </p>
      <p xml:space="preserve">
        <docProponent refersTo="#fifthCommittee">[sobre la base del informe de la Quinta Comisión (<inline name="originating document">A/74/615/Add.1</inline>)]</docProponent>
      </p>
    </coverPage>
    <preface>
      <p>
        <docNumber>74/254.</docNumber>
        <docTitle refersTo="#resolutionTitle">Personal militar y de policía en servicio activo que trabaja en régimen de adscripción</docTitle>
        <docNumber>B</docNumber>
            <authorialNote marker="1" placement="bottom" eId="authorialNote_1">
              <p xml:space="preserve">	 	La resolución <a href="https://undocs.org/es/A/RES/74/254">74/254</a>, que figura en la sección VI de los <span class="italic">Documentos Oficiales de la Asamblea General, septuagésimo cuarto período de sesiones, suplemento núm. 49</span> (<a href="https://undocs.org/es/A/74/49 (Vol.I)">A/74/49</a>), vol. I, pasa a ser la resolución <a href="https://undocs.org/es/A/RES/74/254">74/254 A</a>.</p>
            </authorialNote>
      </p>
    </preface>
    <preamble>
      <formula name="enactingFormula" eId="formula_1">
        <p xml:space="preserve">
          <span class="italic">La Asamblea General</span>,</p>
      </formula>
      <container name="&#x9;Recordando" eId="container_2">
        <p xml:space="preserve">
          <span class="italic">	Recordando</span> sus resoluciones <a href="https://undocs.org/es/A/RES/67/287">67/287</a>, de 28 de junio de 2013, <a href="https://undocs.org/es/A/RES/68/252">68/252</a>, de 27 de diciembre de 2013, <a href="https://undocs.org/es/A/RES/71/263">71/263</a>, de 23 de diciembre de 2016, y <a href="https://undocs.org/es/A/RES/74/254">74/254</a> A, de 27 de diciembre de 2019, y su decisión 74/540 B, de 13 de abril de 2020,</p>
      </container>
      <container name="&#x9;Habiendo examinado" eId="container_3">
        <p xml:space="preserve">
          <span class="italic">	Habiendo examinado</span> el informe del Secretario General sobre el personal militar y de policía en servicio activo que trabaja en régimen de adscripción<authorialNote marker="2" placement="bottom" eId="authorialNote_2"><p xml:space="preserve"><a href="https://undocs.org/es/A/74/700">A/74/700</a>. </p></authorialNote> y el informe conexo de la Comisión Consultiva en Asuntos Administrativos y de Presupuesto<authorialNote marker="3" placement="bottom" eId="authorialNote_3"><p xml:space="preserve"><a href="https://undocs.org/es/A/74/769">A/74/769</a>.</p></authorialNote>,</p>
      </container>
    </preamble>
    <mainBody>
      <paragraph eId="para_4" class="SingleTxt">
        <num>	1.</num>
        <content eId="para_4__content">
          <p xml:space="preserve">
            <span class="italic">Toma nota</span> del informe del Secretario General<sup>2</sup>;</p>
        </content>
      </paragraph>
      <paragraph eId="para_5" class="SingleTxt">
        <num>	2.</num>
        <content eId="para_5__content">
          <p xml:space="preserve">
            <span class="italic">Hace suyas</span> las conclusiones y recomendaciones que figuran en el informe de la Comisión Consultiva en Asuntos Administrativos y de Presupuesto<sup>3</sup>, con sujeción a lo dispuesto en la presente resolución;</p>
        </content>
      </paragraph>
      <paragraph eId="para_6" class="SingleTxt">
        <num>	3.</num>
        <content eId="para_6__content">
          <p xml:space="preserve">
            <span class="italic">Lamenta</span> que no se haya encontrado aún una solución permanente a la cuestión de la adscripción, lo que obliga a la Asamblea General a prorrogar medidas excepcionales; </p>
        </content>
      </paragraph>
      <paragraph eId="para_7" class="SingleTxt">
        <num>	4.</num>
        <content eId="para_7__content">
          <p xml:space="preserve">
            <span class="italic">Recuerda</span> que la selección de personal, incluido el personal militar y de policía en servicio activo que trabaja en régimen de adscripción, debe ajustarse a los principios de la Carta de las Naciones Unidas, y solicita al Secretario General que dé a todos los Estados Miembros la posibilidad de participar en la adscripción de personal militar y de policía en servicio activo;</p>
        </content>
      </paragraph>
      <paragraph eId="para_8" class="SingleTxt">
        <num>	5.</num>
        <content eId="para_8__content">
          <p xml:space="preserve">
            <span class="italic">Toma nota</span> del párrafo 14 del informe de la Comisión Consultiva y, con miras a encontrar soluciones a las incompatibilidades entre las leyes nacionales y el Estatuto y Reglamento del Personal de las Naciones Unidas<authorialNote marker="4" placement="bottom" eId="authorialNote_4"><p xml:space="preserve"><a href="https://undocs.org/es/ST/SGB/2018/1">ST/SGB/2018/1</a>.</p></authorialNote>, decide autorizar al Secretario General a prorrogar hasta el 31 de julio de 2021 las medidas excepcionales relativas al personal militar y de policía en servicio activo que trabaja en régimen de adscripción, a menos que se ponga en práctica una solución permanente antes de esa fecha;</p>
        </content>
      </paragraph>
      <paragraph eId="para_9" class="SingleTxt">
        <num>	6.</num>
        <content eId="para_9__content">
          <p xml:space="preserve">
            <span class="italic">Insta </span>al Secretario General a que garantice la rendición de cuentas y la imparcialidad del personal militar y de policía en servicio activo que trabaja en régimen de adscripción mediante las normas y la supervisión aplicables y pertinentes;</p>
        </content>
      </paragraph>
      <paragraph eId="para_10" class="SingleTxt">
        <num>	7.</num>
        <content eId="para_10__content">
          <p xml:space="preserve">
            <span class="italic">Recuerda </span>el párrafo 13 del informe de la Comisión Consultiva y solicita al Secretario General que aumente las actividades de extensión y colaboración con los Estados Miembros y que estudie todas las opciones viables para resolver las cuestiones relativas a la contratación en régimen de adscripción de personal militar y de policía en servicio activo, en particular las incompatibilidades entre las leyes nacionales y el Estatuto y Reglamento del Personal de las Naciones Unidas, y que informe sobre la evolución del asunto y presente sus propuestas para examinarlas en la primera parte de la continuación de su septuagésimo quinto período de sesiones.</p>
        </content>
      </paragraph>
    </mainBody>
    <conclusions eId="conclusions">
      <p>
        <docDate date="2020-08-06" refersTo="#adoptionDate">6 de agosto de 2020</docDate>
      </p>
    </conclusions>
  </statement>
</akomaNtoso>