<akomaNtoso xmlns:xsi="http://www.w3.org/2001/XMLSchema-instance" xsi:schemaLocation="http://docs.oasis-open.org/legaldocml/ns/akn/3.0 http://docs.oasis-open.org/legaldocml/akn-core/v1.0/os/part2-specs/schemas/akomantoso30.xsd" xmlns="http://docs.oasis-open.org/legaldocml/ns/akn/3.0" xmlns:html="http://www.w3.org/1999/xhtml" xmlns:akn4un="http://un.org/akn4un">
  <statement name="resolution">
    <meta>
      <identification source="#DGACM">
        <FRBRWork>
          <FRBRthis value="/akn/un/statement/deliberation/unga/2019-12-19/74-204/!main/"></FRBRthis>
          <FRBRuri value="/akn/un/statement/deliberation/unga/2019-12-19/74-204/"></FRBRuri>
          <FRBRdate date="2019-12-19" name="adoption"></FRBRdate>
          <FRBRauthor href="ga" as="author"></FRBRauthor>
          <FRBRcountry value="un"></FRBRcountry>
        </FRBRWork>
        <FRBRExpression>
          <FRBRthis value="/akn/un/statement/deliberation/unga/2019-12-19/74-204/spa@!main/"></FRBRthis>
          <FRBRuri value="/akn/un/statement/deliberation/unga/2019-12-19/74-204/spa@/"></FRBRuri>
          <FRBRdate date="2020-01-13" name="publication"></FRBRdate>
          <FRBRauthor href="ga" as="issuer"></FRBRauthor>
          <FRBRlanguage language="spa"></FRBRlanguage>
        </FRBRExpression>
        <FRBRManifestation>
          <FRBRthis value="/akn/un/statement/deliberation/unga/2019-12-19/74-204/spa@/!main.xml"></FRBRthis>
          <FRBRuri value="/akn/un/statement/deliberation/unga/2019-12-19/74-204/spa@.xml"></FRBRuri>
          <FRBRdate date="2020-08-17" name="markup"></FRBRdate>
          <FRBRauthor href="DGACM" as="editor"></FRBRauthor>
        </FRBRManifestation>
      </identification>
      <classification source="http://metadata.un.org/sdg">
        <keyword value="2" href="http://metadata.un.org/sdg/2" showAs="sdg_2" dictionary="SDGO"></keyword>
        <keyword value="food_shortage" href="http://eurovoc.europa.eu/2318" showAs="food_shortage" dictionary="EuroVoc"></keyword>
        <keyword value="sustainable_agriculture" href="http://eurovoc.europa.eu/6308" showAs="sustainable_agriculture" dictionary="EuroVoc"></keyword>
        <keyword value="food_security" href="http://eurovoc.europa.eu/c_4523e1dd" showAs="food_security" dictionary="EuroVoc"></keyword>
        <keyword value="food_security" href="http://metadata.un.org/thesaurus/1002439" showAs="food_security" dictionary="UNBIS Thesaurus"></keyword>
        <keyword value="food_shortage" href="http://metadata.un.org/thesaurus/1002440" showAs="food_shortage" dictionary="UNBIS Thesaurus"></keyword>
        <keyword value="hunger" href="http://metadata.un.org/thesaurus/1003004" showAs="hunger" dictionary="UNBIS Thesaurus"></keyword>
        <keyword value="sustainable_agriculture" href="http://metadata.un.org/thesaurus/1006317" showAs="sustainable_agriculture" dictionary="UNBIS Thesaurus"></keyword>
      </classification>
      <classification source="http://metadata.un.org/sdg">
        <keyword value="10" href="http://metadata.un.org/sdg/10" showAs="sdg_10" dictionary="SDGO"></keyword>
        <keyword value="social_inequality" href="http://eurovoc.europa.eu/1420" showAs="social_inequality" dictionary="EuroVoc"></keyword>
        <keyword value="equality" href="http://metadata.un.org/thesaurus/1002102" showAs="equality" dictionary="UNBIS Thesaurus"></keyword>
      </classification>
      <classification source="http://metadata.un.org/sdg">
        <keyword value="16" href="http://metadata.un.org/sdg/16" showAs="sdg_16" dictionary="SDGO"></keyword>
        <keyword value="right_to_justice" href="http://eurovoc.europa.eu/516" showAs="right_to_justice" dictionary="EuroVoc"></keyword>
        <keyword value="sustainable_development" href="http://eurovoc.europa.eu/5585" showAs="sustainable_development" dictionary="EuroVoc"></keyword>
        <keyword value="civil_society" href="http://metadata.un.org/thesaurus/1001012" showAs="civil_society" dictionary="UNBIS Thesaurus"></keyword>
        <keyword value="justice" href="http://metadata.un.org/thesaurus/1003500" showAs="justice" dictionary="UNBIS Thesaurus"></keyword>
        <keyword value="peaceful_coexistence" href="http://metadata.un.org/thesaurus/1004777" showAs="peaceful_coexistence" dictionary="UNBIS Thesaurus"></keyword>
        <keyword value="public_institutions" href="http://metadata.un.org/thesaurus/1005254" showAs="public_institutions" dictionary="UNBIS Thesaurus"></keyword>
        <keyword value="social_justice" href="http://metadata.un.org/thesaurus/1005970" showAs="social_justice" dictionary="UNBIS Thesaurus"></keyword>
        <keyword value="sustainable_development" href="http://metadata.un.org/thesaurus/1006319" showAs="sustainable_development" dictionary="UNBIS Thesaurus"></keyword>
      </classification>
      <classification source="http://metadata.un.org/sdg">
        <keyword value="17" href="http://metadata.un.org/sdg/17" showAs="sdg_17" dictionary="SDGO"></keyword>
        <keyword value="sustainable_development" href="http://eurovoc.europa.eu/5585" showAs="sustainable_development" dictionary="EuroVoc"></keyword>
        <keyword value="partnership" href="http://eurovoc.europa.eu/4199" showAs="partnership" dictionary="EuroVoc"></keyword>
        <keyword value="sustainable_development" href="http://metadata.un.org/thesaurus/1006319" showAs="sustainable_development" dictionary="UNBIS Thesaurus"></keyword>
        <keyword value="partnership" href="http://metadata.un.org/thesaurus/1004748" showAs="partnership" dictionary="UNBIS Thesaurus"></keyword>
      </classification>
      <workflow source="#un">
        <step date="2019-11-19" outcome="draftResolution" as="A/C.2/74/L.55" by="submitted by the Rapporteur of the Committee" />
        <step date="0001-01-01" outcome="draftResolutionAdditionalSponsors" by="" />
        <step date="0001-01-01" outcome="recommendedForAdoption" as="A/74/379/Add.4" by="" refersTo="8" />
        <step date="2019-12-19" outcome="adopted" as="A/74/PV.52" by="" />
      </workflow>
      <analysis source="#un">
        <parliamentary>
          <voting outcome="adoptedRecordedVote">
            <count value="177" refersTo="inFavour">
              <akn4un:voters>
                <organization refersTo="memberState">AFGHANISTAN</organization>
                <organization refersTo="memberState">ALBANIA</organization>
                <organization refersTo="memberState">ALGERIA</organization>
                <organization refersTo="memberState">ANDORRA</organization>
                <organization refersTo="memberState">ANGOLA</organization>
                <organization refersTo="memberState">ANTIGUA AND BARBUDA</organization>
                <organization refersTo="memberState">ARGENTINA</organization>
                <organization refersTo="memberState">ARMENIA</organization>
                <organization refersTo="memberState">AUSTRALIA</organization>
                <organization refersTo="memberState">AUSTRIA</organization>
                <organization refersTo="memberState">AZERBAIJAN</organization>
                <organization refersTo="memberState">BAHAMAS</organization>
                <organization refersTo="memberState">BAHRAIN</organization>
                <organization refersTo="memberState">BANGLADESH</organization>
                <organization refersTo="memberState">BARBADOS</organization>
                <organization refersTo="memberState">BELARUS</organization>
                <organization refersTo="memberState">BELGIUM</organization>
                <organization refersTo="memberState">BELIZE</organization>
                <organization refersTo="memberState">BENIN</organization>
                <organization refersTo="memberState">BHUTAN</organization>
                <organization refersTo="memberState">BOLIVIA (PLURINATIONAL STATE OF)</organization>
                <organization refersTo="memberState">BOSNIA AND HERZEGOVINA</organization>
                <organization refersTo="memberState">BOTSWANA</organization>
                <organization refersTo="memberState">BRAZIL</organization>
                <organization refersTo="memberState">BRUNEI DARUSSALAM</organization>
                <organization refersTo="memberState">BULGARIA</organization>
                <organization refersTo="memberState">BURKINA FASO</organization>
                <organization refersTo="memberState">BURUNDI</organization>
                <organization refersTo="memberState">CABO VERDE</organization>
                <organization refersTo="memberState">CAMBODIA</organization>
                <organization refersTo="memberState">CAMEROON</organization>
                <organization refersTo="memberState">CANADA</organization>
                <organization refersTo="memberState">CENTRAL AFRICAN REPUBLIC</organization>
                <organization refersTo="memberState">CHILE</organization>
                <organization refersTo="memberState">CHINA</organization>
                <organization refersTo="memberState">COLOMBIA</organization>
                <organization refersTo="memberState">CONGO</organization>
                <organization refersTo="memberState">COSTA RICA</organization>
                <organization refersTo="memberState">COTE D'IVOIRE</organization>
                <organization refersTo="memberState">CROATIA</organization>
                <organization refersTo="memberState">CUBA</organization>
                <organization refersTo="memberState">CYPRUS</organization>
                <organization refersTo="memberState">CZECHIA</organization>
                <organization refersTo="memberState">DEMOCRATIC PEOPLE'S REPUBLIC OF KOREA</organization>
                <organization refersTo="memberState">DENMARK</organization>
                <organization refersTo="memberState">DJIBOUTI</organization>
                <organization refersTo="memberState">DOMINICAN REPUBLIC</organization>
                <organization refersTo="memberState">ECUADOR</organization>
                <organization refersTo="memberState">EGYPT</organization>
                <organization refersTo="memberState">EL SALVADOR</organization>
                <organization refersTo="memberState">ERITREA</organization>
                <organization refersTo="memberState">ESTONIA</organization>
                <organization refersTo="memberState">ETHIOPIA</organization>
                <organization refersTo="memberState">FIJI</organization>
                <organization refersTo="memberState">FINLAND</organization>
                <organization refersTo="memberState">FRANCE</organization>
                <organization refersTo="memberState">GABON</organization>
                <organization refersTo="memberState">GAMBIA</organization>
                <organization refersTo="memberState">GEORGIA</organization>
                <organization refersTo="memberState">GERMANY</organization>
                <organization refersTo="memberState">GHANA</organization>
                <organization refersTo="memberState">GREECE</organization>
                <organization refersTo="memberState">GRENADA</organization>
                <organization refersTo="memberState">GUATEMALA</organization>
                <organization refersTo="memberState">GUINEA</organization>
                <organization refersTo="memberState">GUINEA-BISSAU</organization>
                <organization refersTo="memberState">GUYANA</organization>
                <organization refersTo="memberState">HONDURAS</organization>
                <organization refersTo="memberState">HUNGARY</organization>
                <organization refersTo="memberState">ICELAND</organization>
                <organization refersTo="memberState">INDIA</organization>
                <organization refersTo="memberState">INDONESIA</organization>
                <organization refersTo="memberState">IRAN (ISLAMIC REPUBLIC OF)</organization>
                <organization refersTo="memberState">IRAQ</organization>
                <organization refersTo="memberState">IRELAND</organization>
                <organization refersTo="memberState">ITALY</organization>
                <organization refersTo="memberState">JAMAICA</organization>
                <organization refersTo="memberState">JAPAN</organization>
                <organization refersTo="memberState">JORDAN</organization>
                <organization refersTo="memberState">KAZAKHSTAN</organization>
                <organization refersTo="memberState">KENYA</organization>
                <organization refersTo="memberState">KIRIBATI</organization>
                <organization refersTo="memberState">KUWAIT</organization>
                <organization refersTo="memberState">KYRGYZSTAN</organization>
                <organization refersTo="memberState">LAO PEOPLE'S DEMOCRATIC REPUBLIC</organization>
                <organization refersTo="memberState">LATVIA</organization>
                <organization refersTo="memberState">LEBANON</organization>
                <organization refersTo="memberState">LESOTHO</organization>
                <organization refersTo="memberState">LIBYA</organization>
                <organization refersTo="memberState">LIECHTENSTEIN</organization>
                <organization refersTo="memberState">LITHUANIA</organization>
                <organization refersTo="memberState">LUXEMBOURG</organization>
                <organization refersTo="memberState">MADAGASCAR</organization>
                <organization refersTo="memberState">MALAWI</organization>
                <organization refersTo="memberState">MALAYSIA</organization>
                <organization refersTo="memberState">MALDIVES</organization>
                <organization refersTo="memberState">MALI</organization>
                <organization refersTo="memberState">MALTA</organization>
                <organization refersTo="memberState">MARSHALL ISLANDS</organization>
                <organization refersTo="memberState">MAURITANIA</organization>
                <organization refersTo="memberState">MAURITIUS</organization>
                <organization refersTo="memberState">MEXICO</organization>
                <organization refersTo="memberState">MICRONESIA (FEDERATED STATES OF)</organization>
                <organization refersTo="memberState">MONACO</organization>
                <organization refersTo="memberState">MONGOLIA</organization>
                <organization refersTo="memberState">MONTENEGRO</organization>
                <organization refersTo="memberState">MOROCCO</organization>
                <organization refersTo="memberState">MOZAMBIQUE</organization>
                <organization refersTo="memberState">MYANMAR</organization>
                <organization refersTo="memberState">NAMIBIA</organization>
                <organization refersTo="memberState">NAURU</organization>
                <organization refersTo="memberState">NEPAL</organization>
                <organization refersTo="memberState">NETHERLANDS</organization>
                <organization refersTo="memberState">NEW ZEALAND</organization>
                <organization refersTo="memberState">NICARAGUA</organization>
                <organization refersTo="memberState">NIGERIA</organization>
                <organization refersTo="memberState">NORTH MACEDONIA</organization>
                <organization refersTo="memberState">NORWAY</organization>
                <organization refersTo="memberState">OMAN</organization>
                <organization refersTo="memberState">PAKISTAN</organization>
                <organization refersTo="memberState">PALAU</organization>
                <organization refersTo="memberState">PANAMA</organization>
                <organization refersTo="memberState">PAPUA NEW GUINEA</organization>
                <organization refersTo="memberState">PARAGUAY</organization>
                <organization refersTo="memberState">PERU</organization>
                <organization refersTo="memberState">PHILIPPINES</organization>
                <organization refersTo="memberState">POLAND</organization>
                <organization refersTo="memberState">PORTUGAL</organization>
                <organization refersTo="memberState">QATAR</organization>
                <organization refersTo="memberState">REPUBLIC OF KOREA</organization>
                <organization refersTo="memberState">REPUBLIC OF MOLDOVA</organization>
                <organization refersTo="memberState">ROMANIA</organization>
                <organization refersTo="memberState">RUSSIAN FEDERATION</organization>
                <organization refersTo="memberState">RWANDA</organization>
                <organization refersTo="memberState">SAINT KITTS AND NEVIS</organization>
                <organization refersTo="memberState">SAINT LUCIA</organization>
                <organization refersTo="memberState">SAINT VINCENT AND THE GRENADINES</organization>
                <organization refersTo="memberState">SAMOA</organization>
                <organization refersTo="memberState">SAN MARINO</organization>
                <organization refersTo="memberState">SAUDI ARABIA</organization>
                <organization refersTo="memberState">SENEGAL</organization>
                <organization refersTo="memberState">SERBIA</organization>
                <organization refersTo="memberState">SEYCHELLES</organization>
                <organization refersTo="memberState">SIERRA LEONE</organization>
                <organization refersTo="memberState">SINGAPORE</organization>
                <organization refersTo="memberState">SLOVAKIA</organization>
                <organization refersTo="memberState">SLOVENIA</organization>
                <organization refersTo="memberState">SOLOMON ISLANDS</organization>
                <organization refersTo="memberState">SOUTH AFRICA</organization>
                <organization refersTo="memberState">SPAIN</organization>
                <organization refersTo="memberState">SRI LANKA</organization>
                <organization refersTo="memberState">SUDAN</organization>
                <organization refersTo="memberState">SURINAME</organization>
                <organization refersTo="memberState">SWEDEN</organization>
                <organization refersTo="memberState">SWITZERLAND</organization>
                <organization refersTo="memberState">SYRIAN ARAB REPUBLIC</organization>
                <organization refersTo="memberState">TAJIKISTAN</organization>
                <organization refersTo="memberState">THAILAND</organization>
                <organization refersTo="memberState">TIMOR-LESTE</organization>
                <organization refersTo="memberState">TOGO</organization>
                <organization refersTo="memberState">TRINIDAD AND TOBAGO</organization>
                <organization refersTo="memberState">TUNISIA</organization>
                <organization refersTo="memberState">TURKEY</organization>
                <organization refersTo="memberState">TUVALU</organization>
                <organization refersTo="memberState">UGANDA</organization>
                <organization refersTo="memberState">UKRAINE</organization>
                <organization refersTo="memberState">UNITED ARAB EMIRATES</organization>
                <organization refersTo="memberState">UNITED KINGDOM</organization>
                <organization refersTo="memberState">UNITED REPUBLIC OF TANZANIA</organization>
                <organization refersTo="memberState">URUGUAY</organization>
                <organization refersTo="memberState">UZBEKISTAN</organization>
                <organization refersTo="memberState">VANUATU</organization>
                <organization refersTo="memberState">VENEZUELA (BOLIVARIAN REPUBLIC OF)</organization>
                <organization refersTo="memberState">VIET NAM</organization>
                <organization refersTo="memberState">YEMEN</organization>
                <organization refersTo="memberState">ZAMBIA</organization>
                <organization refersTo="memberState">ZIMBABWE</organization>
              </akn4un:voters>
            </count>
            <count value="1" refersTo="against">
              <akn4un:voters>
                <organization refersTo="memberState">UNITED STATES</organization>
              </akn4un:voters>
            </count>
          </voting>
        </parliamentary>
      </analysis>
      <references source="#DGACM">
        <TLCOrganization eId="source" href="/akn/ontology/organization/un/DGACM" showAs="DGACM"></TLCOrganization>
        <TLCConcept eId="dateOfIssuance" href="/akn/ontology/concept/un/dateOfIssuance" showAs="Date of issuance"></TLCConcept>
        <TLCConcept eId="dateOfAdoption" href="/akn/ontology/concept/un/dateOfAdoption" showAs="Date of adoption"></TLCConcept>
        <TLCConcept eId="symbol" href="/akn/ontology/reference/un/symbol" showAs="Symbol"></TLCConcept>
        <TLCRole eId="publisher" href="/akn/ontology/role/un/publisher" showAs="Publisher"></TLCRole>
        <TLCRole eId="issuingBody" href="/akn/role/concept/un/issuingBody" showAs="Issuing body"></TLCRole>
        <TLCRole eId="author" href="/akn/ontology/role/un/author" showAs="Author"></TLCRole>
        <TLCRole eId="editor" href="/akn/ontology/role/un/editor" showAs="Editor"></TLCRole>
        <TLCRole eId="distribution" href="/akn/ontology/concept/un/generalDistribution" showAs="General distribution"></TLCRole>
        <TLCOrganization eId="ga" href="/akn/ontology/organization/un/generalAssembly" showAs="General Assembly"></TLCOrganization>
        <TLCTerm eId="resolutionTitle" href="/akn/ontology/reference/un/resolutionTitle" showAs="Resolution title"></TLCTerm>
        <TLCTerm eId="secondCommittee" href="#secondCommittee" showAs="Segunda Comisión"></TLCTerm>
        <TLCTerm eId="memberState" href="/akn/ontology/organization/un/memberState" showAs="Member State"></TLCTerm>
        <TLCTerm eId="inFavour" href="/akn/ontology/concept/un/voting/inFavour" showAs="In favour"></TLCTerm>
        <TLCTerm eId="against" href="/akn/ontology/concept/un/voting/against" showAs="Against"></TLCTerm>
        <TLCTerm eId="abstaining" href="/akn/ontology/concept/un/voting/abstaining" showAs="Abstaining"></TLCTerm>
      </references>
      <presentation source="#un">
        <akn4un:footerFirstPage>
          <akn4un:footerFirstPageLeft>
            <akn4un:internalCode>
              <docketNumber refersTo="#publicationJobNumber">19-22417 (S)</docketNumber>
              <img alt="bar code" class="barCode" src=""></img>
            </akn4un:internalCode>
          </akn4un:footerFirstPageLeft>
          <akn4un:footerFirstPageRight>
            <img alt="Please recycle" class="image" src="./recylcleLogo.jpg"></img>
            <img alt="embedded QR code" class="qrCode" src=""></img>
          </akn4un:footerFirstPageRight>
        </akn4un:footerFirstPage>
      </presentation>
    </meta>
    <coverPage eId="coverPage_1">
      <p>
        <span refersTo="#publisher" class="upperLeft">
          <docAuthority refersTo="#publisher">Naciones Unidas</docAuthority>
        </span>
      </p>
      <p class="upperRight">
        <docNumber refersTo="#symbol">A/RES/74/204</docNumber>
      </p>
      <p class="upperLeft">
        <img src="logo-un.jpg"></img>
        <docAuthority refersTo="#issuingBody" class="rightBig">Asamblea General</docAuthority>
      </p>
      <p>
        <docStatus refersTo="#generalDistribution" class="rightSmall">Distr. general</docStatus>
      </p>
      <p>
        <docDate date="2020-01-13" class="rightSmall" refersTo="#dateOfIssuance">13 de enero de 2020</docDate>
      </p>
      <p>
        <session refersTo="#generalAssembly" value="74" eId="coverPage_1__session_1">Septuagésimo cuarto período de sesiones</session>
      </p>
      <p>
        <inline name="agenda item">Tema 17 d) del programa</inline>
      </p>
      <p>
        <inline name="agenda item name">Cuestiones de política macroeconómica: productos básicos</inline>
      </p>
      <p>
        <docTitle>Resolución aprobada por la Asamblea General el 19 de diciembre de 2019</docTitle>
      </p>
      <p xml:space="preserve">
        <docProponent refersTo="#secondCommittee">[sobre la base del informe de la Segunda Comisión (<inline name="originating document">A/74/379/Add.4</inline>)]</docProponent>
      </p>
    </coverPage>
    <preface>
      <p>
        <docNumber>74/204.</docNumber>
        <docTitle refersTo="#resolutionTitle">Productos básicos</docTitle>
      </p>
    </preface>
    <preamble>
      <formula name="enactingFormula" eId="formula_1">
        <p xml:space="preserve">
          <span class="italic">La Asamblea General</span>,</p>
      </formula>
      <container name="&#x9;Recordando " eId="container_2">
        <p xml:space="preserve">
          <span class="italic">	Recordando </span>sus resoluciones <a href="https://undocs.org/sp/A/RES/59/224">59/224</a>, de 22 de diciembre de 2004, <a href="https://undocs.org/sp/A/RES/61/190">61/190</a>, de 20 de diciembre de 2006, <a href="https://undocs.org/sp/A/RES/63/207">63/207</a>, de 19 de diciembre de 2008, <a href="https://undocs.org/sp/A/RES/64/192">64/192</a>, de 21 de diciembre de 2009, <a href="https://undocs.org/sp/A/RES/66/190">66/190</a>, de 22 de diciembre de 2011, <a href="https://undocs.org/sp/A/RES/68/203">68/203</a>, de 20 de diciembre de 2013, <a href="https://undocs.org/sp/A/RES/70/191">70/191</a>, de 22 de diciembre de 2015, y <a href="https://undocs.org/sp/A/RES/72/205">72/205</a>, de 20 de diciembre de 2017, relativas a los productos básicos, </p>
      </container>
      <container name="&#x9;Recordando también " eId="container_3">
        <p xml:space="preserve">
          <span class="italic">	Recordando también </span>la Declaración del Milenio aprobada por los Jefes de Estado y de Gobierno el 8 de septiembre de 2000<authorialNote marker="1" placement="bottom" eId="authorialNote_1"><p xml:space="preserve">	 	Resolución <a href="https://undocs.org/sp/A/RES/55/2">55/2</a>.</p></authorialNote>, el Documento Final de la Cumbre Mundial 2005, aprobado el 16 de septiembre de 2005<authorialNote marker="2" placement="bottom" eId="authorialNote_2"><p xml:space="preserve">	 	Resolución <a href="https://undocs.org/sp/A/RES/60/1">60/1</a>.</p></authorialNote> y la resolución <a href="https://undocs.org/sp/A/RES/60/265">60/265</a> de la Asamblea General, de 30 de junio de 2006, relativa al seguimiento de los resultados de la Cumbre Mundial 2005 en materia de desarrollo, incluidos los Objetivos de Desarrollo del Milenio y los demás objetivos de desarrollo convenidos internacionalmente, </p>
      </container>
      <container name="Recordando además" eId="container_4">
        <p xml:space="preserve">
          <span class="italic">Recordando además</span> la Conferencia Internacional sobre la Financiación para el Desarrollo, celebrada en Monterrey (México) del 18 al 22 de marzo de 2002, y la Conferencia Internacional de Seguimiento sobre la Financiación para el Desarrollo Encargada de Examinar la Aplicación del Consenso de Monterrey, celebrada en Doha del 29 de noviembre al 2 de diciembre de 2008, </p>
      </container>
      <container name="&#x9;Recordando " eId="container_5">
        <p xml:space="preserve">
          <span class="italic">	Recordando </span>la Conferencia sobre la Crisis Financiera y Económica Mundial y Sus Efectos en el Desarrollo y su documento final<authorialNote marker="3" placement="bottom" eId="authorialNote_3"><p xml:space="preserve">	 	Resolución <a href="https://undocs.org/sp/A/RES/63/303">63/303</a>, anexo.</p></authorialNote>, </p>
      </container>
      <container name="Recordando también" eId="container_6">
        <p xml:space="preserve">
          <span class="italic">Recordando también</span> el Plan de Aplicación de las Decisiones de la Cumbre Mundial sobre el Desarrollo Sostenible (Plan de Aplicación de las Decisiones de Johannesburgo)<authorialNote marker="4" placement="bottom" eId="authorialNote_4"><p xml:space="preserve"><span class="italic">Informe de la Cumbre Mundial sobre el Desarrollo Sostenible, Johannesburgo (Sudáfrica), 26 de agosto a 4 de septiembre de 2002</span> (publicación de las Naciones Unidas, núm. de venta S.03.II.A.1 y correcciones), cap. I, resolución 2, anexo.</p></authorialNote> y el documento final de la Conferencia de las Naciones Unidas sobre el Desarrollo Sostenible, celebrada en Río de Janeiro (Brasil) del 20 al 22 de junio de 2012, titulado “El futuro que queremos”<authorialNote marker="5" placement="bottom" eId="authorialNote_5"><p xml:space="preserve">	 	Resolución <a href="https://undocs.org/sp/A/RES/66/288">66/288</a>, anexo.</p></authorialNote>, </p>
      </container>
      <container name="Reafirmando " eId="container_7">
        <p xml:space="preserve">
          <span class="italic">Reafirmando </span>su resolución <a href="https://undocs.org/sp/A/RES/70/1">70/1</a>, de 25 de septiembre de 2015, titulada “Transformar nuestro mundo: la Agenda 2030 para el Desarrollo Sostenible”, en la que adoptó un amplio conjunto de Objetivos de Desarrollo Sostenible y metas universales y transformativos, de gran alcance y centrados en las personas, su compromiso de trabajar sin descanso a fin de conseguir la plena implementación de la Agenda a más tardar en 2030, su reconocimiento de que la erradicación de la pobreza en todas sus formas y dimensiones, incluida la pobreza extrema, es el mayor desafío a que se enfrenta el mundo y constituye un requisito indispensable para el desarrollo sostenible, y su compromiso de lograr el desarrollo sostenible en sus tres dimensiones —económica, social y ambiental— de forma equilibrada e integrada y de que se aprovecharán los logros de los Objetivos de Desarrollo del Milenio y se procurará abordar los asuntos pendientes, </p>
      </container>
      <container name="Reafirmando también" eId="container_8">
        <p xml:space="preserve">
          <span class="italic">Reafirmando también</span> su resolución <a href="https://undocs.org/sp/A/RES/69/313">69/313</a>, de 27 de julio de 2015, relativa a la Agenda de Acción de Addis Abeba de la Tercera Conferencia Internacional sobre la Financiación para el Desarrollo, que es parte integral de la Agenda 2030 para el Desarrollo Sostenible, le sirve de apoyo y complemento, ayuda a contextualizar las metas relativas a sus medios de implementación con políticas y medidas concretas y reafirma el resuelto compromiso político de hacer frente al problema de la financiación y de la creación de un entorno propicio a todos los niveles para el desarrollo sostenible, en un espíritu de alianza y solidaridad mundiales, </p>
      </container>
      <container name="Reafirmando además" eId="container_9">
        <p xml:space="preserve">
          <span class="italic">Reafirmando además</span> el Acuerdo de París<authorialNote marker="6" placement="bottom" eId="authorialNote_6"><p xml:space="preserve">	 	Aprobado en virtud de la Convención Marco de las Naciones Unidas sobre el Cambio Climático como consta en el documento <a href="https://undocs.org/sp/FCCC/CP/2015/10/Add.1">FCCC/CP/2015/10/Add.1</a>, decisión 1/CP.21.</p></authorialNote> y su pronta entrada en vigor, alentando a todas las partes en el Acuerdo a que lo apliquen plenamente y alentando a las partes en la Convención Marco de las Naciones Unidas sobre el Cambio Climático<authorialNote marker="7" placement="bottom" eId="authorialNote_7"><p xml:space="preserve">	 	Naciones Unidas, <span class="italic">Treaty Series</span>, vol. 1771, núm. 30822.</p></authorialNote> que aún no lo hayan hecho a que depositen cuanto antes sus instrumentos de ratificación, aceptación, aprobación o adhesión, según proceda, </p>
      </container>
      <container name="Observando " eId="container_10">
        <p xml:space="preserve">
          <span class="italic">Observando </span>los esfuerzos que se están realizando para ejecutar el Programa de Acción en Favor de los Países Menos Adelantados para el Decenio 2011-2020, aprobado en mayo de 2011 en la Cuarta Conferencia de las Naciones Unidas sobre los Países Menos Adelantados<authorialNote marker="8" placement="bottom" eId="authorialNote_8"><p xml:space="preserve"><span class="italic">Informe de la Cuarta Conferencia de las Naciones Unidas sobre los Países Menos Adelantados, Estambul (Turquía), 9 a 13 de mayo de 2011</span> (<a href="https://undocs.org/sp/A/CONF.219/7">A/CONF.219/7</a>), cap. II.</p></authorialNote>, las Modalidades de Acción Acelerada para los Pequeños Estados Insulares en Desarrollo (Trayectoria de Samoa), aprobadas en septiembre de 2014 en la Tercera Conferencia Internacional sobre los Pequeños Estados Insulares en Desarrollo<authorialNote marker="9" placement="bottom" eId="authorialNote_9"><p xml:space="preserve">	 	Resolución <a href="https://undocs.org/sp/A/RES/69/15">69/15</a>, anexo.</p></authorialNote>, y el Programa de Acción de Viena en favor de los Países en Desarrollo sin Litoral para el Decenio 2014-2024, aprobado en noviembre de 2014 en la Segunda Conferencia de las Naciones Unidas sobre los Países en Desarrollo Sin Litoral<authorialNote marker="10" placement="bottom" eId="authorialNote_10"><p xml:space="preserve">	 	Resolución <a href="https://undocs.org/sp/A/RES/69/137">69/137</a>, anexo II.</p></authorialNote>, y reconociendo las especiales dificultades que afrontan los países de ingresos medianos, </p>
      </container>
      <container name="Recordando " eId="container_11">
        <p xml:space="preserve">
          <span class="italic">Recordando </span>la Declaración de Sendái<authorialNote marker="11" placement="bottom" eId="authorialNote_11"><p xml:space="preserve">	 	Resolución <a href="https://undocs.org/sp/A/RES/69/283">69/283</a>, anexo I.</p></authorialNote> y el Marco de Sendái para la Reducción del Riesgo de Desastres 2015-2030<authorialNote marker="12" placement="bottom" eId="authorialNote_12"><p xml:space="preserve"><span class="italic">Ibid</span>., anexo II.</p></authorialNote>,</p>
      </container>
      <container name="Observando" eId="container_12">
        <p xml:space="preserve">
          <span class="italic">Observando</span> la celebración del diálogo interactivo oficioso de un día sobre los mercados de productos básicos que tuvo lugar en Nueva York el 15 de mayo de 2019, del que emanó un resumen que describía los principales mensajes y conclusiones de las dos mesas redondas interactivas celebradas durante el diálogo,</p>
      </container>
      <container name="Reafirmando" eId="container_13">
        <p xml:space="preserve">
          <span class="italic">Reafirmando</span> la importancia de apoyar la Agenda 2063 de la Unión Africana, así como su primer plan de acción decenal, como marco estratégico para lograr una transformación socioeconómica positiva en África en los próximos 50 años, su programa continental integrado en las resoluciones de la Asamblea General relativas a la Nueva Alianza para el Desarrollo de África, y las iniciativas regionales, </p>
      </container>
      <container name="&#x9;Reafirmando también" eId="container_14">
        <p xml:space="preserve">
          <span class="italic">	Reafirmando también</span> que, en la Agenda de Acción de Addis Abeba, los Jefes de Estado y de Gobierno expresaron preocupación por la excesiva volatilidad de los precios de los productos básicos, en particular respecto de los alimentos y la agricultura, y sus consecuencias para la seguridad alimentaria mundial y el logro de mejores resultados en materia de nutrición, observaron el Sistema de Información sobre los Mercados Agrícolas mantenido por la Organización de las Naciones Unidas para la Alimentación y la Agricultura y pidieron que se diera acceso a los pescadores artesanales en pequeña escala a los recursos marinos y los mercados, con arreglo a las prácticas de ordenación sostenible, así como a las iniciativas que añaden valor a los productos de las pequeñas explotaciones pesqueras, y observando que, en <span class="italic">El estado de la seguridad alimentaria y la nutrición en el mundo 2019: protegerse frente a la desaceleración y el debilitamiento de la economía,</span> la Organización para la Alimentación y la Agricultura destacó que el 80 % de los países —52 de 65— en los que el hambre y la subalimentación habían aumentado durante los recientes episodios de desaceleración y debilitamiento de la economía eran países cuyas economías eran muy dependientes de productos básicos primarios para la exportación o la importación, </p>
      </container>
      <container name="Recordando" eId="container_15">
        <p xml:space="preserve">
          <span class="italic">Recordando</span> el resultado del 14º período de sesiones de la Conferencia de las Naciones Unidas sobre Comercio y Desarrollo<authorialNote marker="13" placement="bottom" eId="authorialNote_13"><p xml:space="preserve">	 	Véanse <a href="https://undocs.org/sp/TD/519">TD/519</a>, <a href="https://undocs.org/sp/TD/519/Add.1">TD/519/Add.1</a> y <a href="https://undocs.org/sp/TD/519/Add.2">TD/519/Add.2</a>.</p></authorialNote>, y tomando nota de las decisiones y conclusiones convenidas sobre productos básicos adoptadas por la Junta de Comercio y Desarrollo y sus órganos subsidiarios, </p>
      </container>
      <container name="Tomando nota" eId="container_16">
        <p xml:space="preserve">
          <span class="italic">Tomando nota</span> de los informes de la Conferencia de las Naciones Unidas sobre Comercio y Desarrollo relativos a los productos básicos y el desarrollo, sus informes sobre la situación de la dependencia de los productos básicos y su nota sobre la dependencia de los productos básicos y los Objetivos de Desarrollo Sostenible y observando la función que la Conferencia viene desempeñando como institución en el examen de la interacción entre los mercados de productos básicos y el desarrollo económico y en la formulación del concepto de los países en desarrollo que dependen de los productos básicos, </p>
      </container>
      <container name="&#x9;Subrayando" eId="container_17">
        <p xml:space="preserve">
          <span class="italic">	Subrayando</span> la importancia de promover modalidades de consumo y producción sostenibles, </p>
      </container>
      <container name="&#x9;Observando con preocupación" eId="container_18">
        <p xml:space="preserve">
          <span class="italic">	Observando con preocupación</span> que los precios de la mayoría de los productos básicos mostraron una tendencia a la baja impulsada por una serie de factores relacionados con la oferta y la demanda y con la modificación de las existencias, </p>
      </container>
      <container name="&#x9;Reconociendo" eId="container_19">
        <p xml:space="preserve">
          <span class="italic">	Reconociendo</span> que la volatilidad de los precios de los productos básicos, incluida la volatilidad excesiva, puede tener repercusiones negativas en los países productores y en los países consumidores, en particular en los países que dependen de los productos básicos, y observando con preocupación que esto puede socavar sus esfuerzos de desarrollo, ya que podría desalentar la inversión, ampliar los déficits comerciales y agravar la pobreza de los hogares, </p>
      </container>
      <container name="Observando" eId="container_20">
        <p xml:space="preserve">
          <span class="italic">Observando</span> que las variaciones de los precios de los productos básicos tienen consecuencias macroeconómicas y microeconómicas para los países en desarrollo que dependen de los productos básicos, así como para los países en desarrollo que son importadores netos de productos básicos, y observando además que las subidas de los precios de los productos básicos podrían contribuir a incrementar los ingresos fiscales y de exportación de los países exportadores, lo que les permitiría aumentar los gastos públicos corrientes y de capital, y que, en cambio, una caída de los precios de los productos básicos podría dar lugar a déficits de los ingresos fiscales y de exportación y a que los Gobiernos no pudieran proporcionar bienes y servicios básicos, </p>
      </container>
      <container name="Expresando preocupación" eId="container_21">
        <p xml:space="preserve">
          <span class="italic">Expresando preocupación</span> por el hecho de que la economía mundial todavía no se ha recuperado por completo y sigue estando en una etapa difícil, a pesar del reciente repunte cíclico de la actividad económica mundial, porque el crecimiento es aún débil en muchos países e incluye un crecimiento moderado del comercio, la inestabilidad de los flujos de capital, las presiones fiscales generalizadas y el endeudamiento insostenible en algunos países, especialmente los países en desarrollo, y porque los exportadores de productos básicos están particularmente afectados debido a su continuo ajuste a una gran reducción de los ingresos en divisas, reconociendo que, si bien los riesgos a corto plazo están equilibrados en general, los riesgos a mediano plazo siguen marcando una tendencia a la baja y, a este respecto, destacando la necesidad de seguir haciendo esfuerzos para corregir los puntos débiles y los desequilibrios sistémicos, reformar y fortalecer el sistema financiero internacional y hacer nuevos progresos con miras a mantener y reequilibrar la demanda mundial, </p>
      </container>
      <container name="Reconociendo" eId="container_22">
        <p xml:space="preserve">
          <span class="italic">Reconociendo</span> los efectos negativos de la excesiva volatilidad de los precios de los productos básicos, especialmente en las mujeres, las niñas, los jóvenes y las personas en situación de vulnerabilidad, </p>
      </container>
      <container name="Reconociendo también" eId="container_23">
        <p xml:space="preserve">
          <span class="italic">Reconociendo también</span> que las limitaciones estructurales a las que se enfrentan las mujeres como agentes económicos, entre otras, la segmentación en labores de bajo valor añadido u orientadas a la subsistencia, la desigualdad en el acceso a los recursos productivos, el acceso limitado a la formación y el desarrollo de capacidades debido a la segmentación por género en la educación y los mercados de trabajo y la falta de recursos, así como la pesada carga del trabajo no remunerado, hacen que las mujeres y las niñas sean especialmente vulnerables a los efectos negativos de la excesiva volatilidad de los precios de los productos básicos, </p>
      </container>
      <container name="Destacando" eId="container_24">
        <p xml:space="preserve">
          <span class="italic">Destacando</span> la importancia de adoptar medidas para corregir los problemas estructurales a más largo plazo, en particular las limitaciones estructurales a las que han de hacer frente las mujeres como agentes económicos, de diversificar las economías que dependen de los productos básicos y de integrar, en todos los niveles, las políticas sobre los productos básicos en estrategias más amplias de desarrollo y erradicación de la pobreza, </p>
      </container>
      <container name="&#x9;Reconociendo" eId="container_25">
        <p xml:space="preserve">
          <span class="italic">	Reconociendo</span> que la incertidumbre en los mercados mundiales de productos básicos acrecienta la necesidad de abordar integralmente la problemática de los productos básicos, incluidos la demanda de productos básicos, la capacidad de oferta, los ingresos derivados de los productos básicos y las inversiones en economías que dependen de esos productos, teniendo debidamente en cuenta la diversidad de las situaciones y necesidades de cada país y la promoción de su desarrollo sostenible, así como la necesidad de fortalecer el nexo entre ámbitos como el comercio, las finanzas, las inversiones en la agricultura y los sistemas alimentarios sostenibles, la energía y la industrialización, </p>
      </container>
      <container name="Observando" eId="container_26">
        <p xml:space="preserve">
          <span class="italic">Observando</span> la labor de formación de consenso sobre las cuestiones relacionadas con los productos básicos que se ha logrado por medio de las reuniones de la Conferencia de las Naciones Unidas sobre Comercio y Desarrollo, en particular las reuniones multianuales de expertos sobre productos básicos y desarrollo, el Foro Mundial sobre los Productos Básicos y la Conferencia y Exposición Africana sobre las Finanzas y el Comercio de Petróleo, Gas y Minerales, </p>
      </container>
      <container name="Subrayando" eId="container_27">
        <p xml:space="preserve">
          <span class="italic">Subrayando</span> la importancia de disponer oportunamente de información precisa y transparente para asegurar el funcionamiento apropiado de los mercados de productos básicos alimentarios de conformidad con la Agenda 2030, observando las iniciativas mundiales y regionales, como el Sistema de Información sobre los Mercados Agrícolas y su Foro de Respuesta Rápida, la iniciativa interinstitucional conjunta de datos y otras plataformas y programas regionales de datos, e instando a las organizaciones internacionales, las entidades del sector privado y los Gobiernos participantes a que aseguren la difusión pública de productos de información oportunos y de calidad sobre los mercados de alimentos, </p>
      </container>
      <container name="Expresando profunda preocupación" eId="container_28">
        <p xml:space="preserve">
          <span class="italic">Expresando profunda preocupación</span> por los efectos adversos del cambio climático y los fenómenos meteorológicos extremos sobre el acceso a los productos agrícolas básicos, su utilización y sus precios y reconociendo el importante papel de la tierra y su ordenación sostenible en el sistema climático, </p>
      </container>
    </preamble>
    <mainBody>
      <paragraph eId="para_29" class="SingleTxt">
        <num>	1.</num>
        <content eId="para_29__content">
          <p xml:space="preserve">
            <span class="italic">Toma nota</span> del informe del Secretario General sobre las tendencias y perspectivas mundiales de los productos básicos<authorialNote marker="14" placement="bottom" eId="authorialNote_14"><p xml:space="preserve"><a href="https://undocs.org/sp/A/74/232">A/74/232</a>.</p></authorialNote>; </p>
        </content>
      </paragraph>
      <paragraph eId="para_30" class="SingleTxt">
        <num>	2.</num>
        <content eId="para_30__content">
          <p xml:space="preserve">
            <span class="italic">Reconoce</span> la interrelación entre el funcionamiento apropiado y transparente de los mercados de productos básicos y la capacidad de algunos países en desarrollo que dependen de los productos básicos para recaudar ingresos fiscales adecuados procedentes de las exportaciones de productos básicos y movilizar recursos internos en sustento del logro de los Objetivos de Desarrollo Sostenible y su desarrollo sostenible, incluso por medio del crecimiento económico sostenible e inclusivo, la industrialización, el trabajo decente y la diversificación de los mercados;</p>
        </content>
      </paragraph>
      <paragraph eId="para_31" class="SingleTxt">
        <num>	3.</num>
        <content eId="para_31__content">
          <p xml:space="preserve">
            <span class="italic">Alienta</span> el apoyo a los países en desarrollo, de acuerdo con sus planes y políticas nacionales, por medio de la asistencia técnica, con el fin de acrecentar su capacidad para detectar y prevenir la manipulación de los precios comerciales en sus sectores de productos básicos, a fin de realzar los beneficios que derivan de esos sectores en favor del logro de los Objetivos de Desarrollo Sostenible; </p>
        </content>
      </paragraph>
      <paragraph eId="para_32" class="SingleTxt">
        <num>	4.</num>
        <content eId="para_32__content">
          <p xml:space="preserve">
            <span class="italic">Reitera</span> la necesidad de redoblar los esfuerzos para hacer frente a la excesiva volatilidad de los precios de los productos básicos, en particular mediante la ayuda a los productores, especialmente a los productores de pequeña escala, incluidas las mujeres, para que puedan gestionar el riesgo, de acuerdo con los planes y las políticas nacionales;</p>
        </content>
      </paragraph>
      <paragraph eId="para_33" class="SingleTxt">
        <num>	5.</num>
        <content eId="para_33__content">
          <p xml:space="preserve">
            <span class="italic">Destaca</span> que los países en desarrollo, incluidos los países de África, los países menos adelantados, los países en desarrollo sin litoral y los pequeños Estados insulares en desarrollo, se enfrentan a dificultades particulares, ya que el descenso de los precios de los productos básicos que producen representa una amenaza para el crecimiento sostenible y la posición de la deuda de esos países, y, por consiguiente, observa que, en este contexto, la diversificación económica y de las exportaciones, la adición de valor y la industrialización pueden contribuir a fortalecer la resiliencia frente a la excesiva volatilidad de los precios al permitir obtener ingresos de diversas fuentes; </p>
        </content>
      </paragraph>
      <paragraph eId="para_34" class="SingleTxt">
        <num>	6.</num>
        <content eId="para_34__content">
          <p xml:space="preserve">
            <span class="italic">Reconoce</span> la necesidad de seguir realizando esfuerzos para diversificar las economías, así como para mejorar la regulación, según convenga, y la eficiencia, la capacidad de respuesta, el funcionamiento y la transparencia de los mercados financieros y de productos básicos a nivel nacional, regional e internacional; </p>
        </content>
      </paragraph>
      <paragraph eId="para_35" class="SingleTxt">
        <num>	7.</num>
        <content eId="para_35__content">
          <p xml:space="preserve">
            <span class="italic">Reconoce también</span> que hay dos estrategias principales de diversificación, una de ellas la diversificación horizontal, mediante la exportación de diferentes tipos de productos básicos y otros productos a diferentes mercados, y la otra la diversificación vertical, a través de la adición de valor, y observa que estas estrategias de diversificación pueden contribuir a crear empleo duradero y fomentar un proceso de industrialización inclusivo y sostenible, con miras a lograr los Objetivos de Desarrollo Sostenible; </p>
        </content>
      </paragraph>
      <paragraph eId="para_36" class="SingleTxt">
        <num>	8.</num>
        <content eId="para_36__content">
          <p xml:space="preserve">
            <span class="italic">Exhorta</span> a la comunidad internacional a que fomente la colaboración con los países en desarrollo que dependen de los productos básicos y apoye sus esfuerzos para hacer frente a los factores que crean obstáculos estructurales al comercio internacional y dificultan, entre otras cosas, la diversificación, como las barreras arancelarias y no arancelarias, el acceso limitado a los servicios financieros, que produce una escasez de recursos para invertir en el sector de los productos básicos, la infraestructura deficiente, sobre todo en lo que respecta al costo y la disponibilidad de medios de transporte y almacenamiento, y la falta de conocimientos técnicos para producir y comercializar productos de otro tipo; </p>
        </content>
      </paragraph>
      <paragraph eId="para_37" class="SingleTxt">
        <num>	9.</num>
        <content eId="para_37__content">
          <p xml:space="preserve">
            <span class="italic">Pone de relieve</span> la importancia de mejorar la colaboración entre los sectores público y privado y alcanzar altos niveles de inversión en los países en desarrollo que dependen de los productos básicos para promover la diversificación y modernizar las estructuras productivas integradas en las cadenas mundiales de valor para el desarrollo sostenible; </p>
        </content>
      </paragraph>
      <paragraph eId="para_38" class="SingleTxt">
        <num>	10.</num>
        <content eId="para_38__content">
          <p xml:space="preserve">
            <span class="italic">Aguarda con interés</span> la celebración de la 12ª Conferencia Ministerial de la Organización Mundial del Comercio, que tendrá lugar en Nursultán del 8 al 11 de junio de 2020; </p>
        </content>
      </paragraph>
      <paragraph eId="para_39" class="SingleTxt">
        <num>	11.</num>
        <content eId="para_39__content">
          <p xml:space="preserve">
            <span class="italic">Observa con preocupación</span> la lenta y desigual recuperación de la grave crisis económica y financiera de 2008, pese al reciente fortalecimiento de la actividad económica mundial, ya que el crecimiento sigue siendo débil en muchos países y los precios de los productos agrícolas y otros productos básicos siguen deprimidos mientras que las desigualdades están aumentando, y reconoce que el comercio internacional puede contribuir a lograr la Agenda 2030 para el Desarrollo Sostenible<authorialNote marker="15" placement="bottom" eId="authorialNote_15"><p xml:space="preserve">	 	Resolución <a href="https://undocs.org/sp/A/RES/70/1">70/1</a>.</p></authorialNote> y un crecimiento sostenible, sólido y equilibrado para todos; </p>
        </content>
      </paragraph>
      <paragraph eId="para_40" class="SingleTxt">
        <num>	12.</num>
        <content eId="para_40__content">
          <p xml:space="preserve">
            <span class="italic">Pide</span> que se adopte un conjunto coherente de medidas normativas a nivel nacional, regional e internacional para hacer frente a la excesiva volatilidad de los precios y ayudar a los países en desarrollo que dependen de los productos básicos a mitigar sus efectos negativos, en particular facilitando la adición de valor y aumentando su participación en las cadenas de valor de los productos básicos y productos conexos, apoyando la diversificación a gran escala de esas economías y alentando el uso y mayor desarrollo de métodos, instrumentos y estrategias de gestión de riesgos orientados al mercado; </p>
        </content>
      </paragraph>
      <paragraph eId="para_41" class="SingleTxt">
        <num>	13.</num>
        <content eId="para_41__content">
          <p xml:space="preserve">
            <span class="italic">Destaca</span> la importancia de elaborar y fortalecer políticas y estrategias agrícolas que reconozcan y aborden el papel decisivo que desempeñan las mujeres en la seguridad alimentaria y la mejora de los resultados relativos a la nutrición como parte integral de las respuestas a corto y largo plazo a la inseguridad alimentaria y la malnutrición y las crisis alimentarias en los países en desarrollo;</p>
        </content>
      </paragraph>
      <paragraph eId="para_42" class="SingleTxt">
        <num>	14.</num>
        <content eId="para_42__content">
          <p xml:space="preserve">
            <span class="italic">Reconoce</span> las posibilidades de innovación, mejora de la productividad y promoción de las exportaciones no tradicionales de la mayoría de los países en desarrollo que dependen de los productos básicos, en particular de África, y pide que se amplíen el apoyo de la comunidad internacional y los intercambios de experiencias en esas esferas, en el marco de la cooperación económica Sur-Sur; </p>
        </content>
      </paragraph>
      <paragraph eId="para_43" class="SingleTxt">
        <num>	15.</num>
        <content eId="para_43__content">
          <p xml:space="preserve">
            <span class="italic">Recalca</span> la importancia de que aumenten las inversiones en infraestructura de calidad, fiable, sostenible y resiliente como medio de promover el desarrollo agrícola sostenible y mejorar la diversificación de los productos básicos, incluida la producción con valor añadido, y el comercio, e insta a la comunidad internacional a que proporcione asistencia a los países en desarrollo que dependen de los productos básicos para integrar el comercio y unas políticas de inversión y finanzas sólidas como elementos fundamentales de las estrategias de desarrollo, con arreglo a las circunstancias y las prioridades de desarrollo nacionales, y a que haga inversiones en actividades de investigación, innovación y desarrollo en el ámbito de la productividad agrícola sostenible y preste apoyo a esas actividades; </p>
        </content>
      </paragraph>
      <paragraph eId="para_44" class="SingleTxt">
        <num>	16.</num>
        <content eId="para_44__content">
          <p xml:space="preserve">
            <span class="italic">Destaca</span> que la asistencia técnica y la creación de capacidad encaminadas a mejorar la competitividad de los productores en materia de exportación de productos básicos revisten particular importancia para los países en desarrollo, especialmente en África, e invita a los Estados Miembros y a todos los interesados pertinentes a que suministren los recursos necesarios para la asistencia financiera y técnica en relación con productos básicos específicos, en particular para la creación de capacidad humana e institucional, incluidas medidas que tengan en cuenta las cuestiones de género, así como para la construcción de infraestructura de calidad, fiable, sostenible y resiliente en los países en desarrollo, con el fin de reducir los estrangulamientos institucionales y los costos de transacción y potenciar el comercio de productos básicos y su desarrollo, de acuerdo con los planes de desarrollo nacionales; </p>
        </content>
      </paragraph>
      <paragraph eId="para_45" class="SingleTxt">
        <num>	17.</num>
        <content eId="para_45__content">
          <p xml:space="preserve">
            <span class="italic">Destaca también</span> que la Iniciativa de Ayuda para el Comercio debe tener como finalidad ayudar a los países en desarrollo, en particular los países menos adelantados, a crear la capacidad de oferta y la infraestructura comercial que necesitan para poder aplicar los acuerdos de la Organización Mundial del Comercio y beneficiarse de ellos y, en un sentido más general, para expandir su comercio; </p>
        </content>
      </paragraph>
      <paragraph eId="para_46" class="SingleTxt">
        <num>	18.</num>
        <content eId="para_46__content">
          <p xml:space="preserve">
            <span class="italic">Recuerda</span> el acuerdo de la Conferencia Ministerial y los órganos competentes de la Organización Mundial del Comercio de examinar periódicamente las repercusiones de los resultados de la Ronda Uruguay en los países menos adelantados, así como en los países en desarrollo importadores netos de alimentos, con miras a fomentar medidas positivas que les permitan lograr sus objetivos de desarrollo, y a este respecto insta a que se aplique la Decisión Ministerial de Marrakech sobre las Medidas Relativas a los Posibles Efectos Negativos del Programa de Reforma en los Países Menos Adelantados y en los Países en Desarrollo Importadores Netos de Alimentos; </p>
        </content>
      </paragraph>
      <paragraph eId="para_47" class="SingleTxt">
        <num>	19.</num>
        <content eId="para_47__content">
          <p xml:space="preserve">
            <span class="italic">Alienta</span> a los países desarrollados que aún no lo hayan hecho y a los países en desarrollo que declaren estar en condiciones de hacerlo a que adopten medidas encaminadas al objetivo de lograr la consecución oportuna del acceso a los mercados libre de derechos y contingentes sobre una base duradera para todos los países menos adelantados, de conformidad con la Declaración Ministerial de Hong Kong aprobada por la Organización Mundial del Comercio en 2005; </p>
        </content>
      </paragraph>
      <paragraph eId="para_48" class="SingleTxt">
        <num>	20.</num>
        <content eId="para_48__content">
          <p xml:space="preserve">
            <span class="italic">Alienta encarecidamente</span> a las instituciones financieras y los bancos de desarrollo internacionales a que ayuden a los países en desarrollo, en particular a los que dependen de los productos básicos, a gestionar los efectos de la volatilidad de los precios de los productos básicos, incluida la volatilidad excesiva; </p>
        </content>
      </paragraph>
      <paragraph eId="para_49" class="SingleTxt">
        <num>	21.</num>
        <content eId="para_49__content">
          <p xml:space="preserve">
            <span class="italic">Reafirma</span> que todo Estado tiene y debe ejercer libremente soberanía plena y permanente sobre toda su riqueza, sus recursos naturales y sus actividades económicas; </p>
        </content>
      </paragraph>
      <paragraph eId="para_50" class="SingleTxt">
        <num>	22.</num>
        <content eId="para_50__content">
          <p xml:space="preserve">
            <span class="italic">Reconoce</span> la importancia de aumentar la eficiencia, la eficacia y la transparencia de la gestión de los ingresos de los sectores público y privado de los países desarrollados y en desarrollo que se derivan de todos los productos básicos y de las industrias relacionadas con esos productos, incluidos los productos finales elaborados, con objeto de apoyar el desarrollo; </p>
        </content>
      </paragraph>
      <paragraph eId="para_51" class="SingleTxt">
        <num>	23.</num>
        <content eId="para_51__content">
          <p xml:space="preserve">
            <span class="italic">Observa</span> las importantes contribuciones del Fondo Común para los Productos Básicos y de otras organizaciones internacionales de productos básicos, y los alienta a que, en cooperación con el Centro de Comercio Internacional, la Conferencia de las Naciones Unidas sobre Comercio y Desarrollo, la Organización de las Naciones Unidas para el Desarrollo Industrial y otros órganos competentes, refuercen la coordinación entre ellos y determinen y apliquen medidas innovadoras para promover la contribución sostenible del sector de los productos básicos al desarrollo económico, en particular las modalidades para disminuir la vulnerabilidad a la volatilidad de los precios de los productos básicos y realzar las actividades en los países en desarrollo para mejorar el acceso a los mercados y la fiabilidad de la oferta, potenciar la diversificación y la adición de valor, mejorar la competitividad de los productos básicos, fortalecer la cadena comercial, mejorar las estructuras de mercado, ampliar la base de exportaciones y asegurar la participación efectiva de todas las partes interesadas, sobre la base de un entendimiento común de la contribución de los productos básicos al desarrollo sostenible; </p>
        </content>
      </paragraph>
      <paragraph eId="para_52" class="SingleTxt">
        <num>	24.</num>
        <content eId="para_52__content">
          <p xml:space="preserve">
            <span class="italic">Destaca</span> que la Conferencia de las Naciones Unidas sobre Comercio y Desarrollo y sus asociados, con ánimo de cooperar a nivel interinstitucional y establecer alianzas entre múltiples partes interesadas, en el marco de sus respectivos mandatos, deberían proseguir activamente las actividades colaborativas de investigación y análisis de la problemática de los productos básicos y las actividades conexas de creación de capacidad y formación de consenso, con miras a proporcionar periódicamente análisis y asesoramiento de políticas sobre el desarrollo sostenible de los países en desarrollo que dependen de los productos básicos, en particular los países de bajos ingresos; </p>
        </content>
      </paragraph>
      <paragraph eId="para_53" class="SingleTxt">
        <num>	25.</num>
        <content eId="para_53__content">
          <p xml:space="preserve">
            <span class="italic">Aguarda con interés</span> la celebración del 15º período de sesiones de la Conferencia de las Naciones Unidas sobre Comercio y Desarrollo, que se celebrará en Barbados del 18 al 23 de octubre de 2020; </p>
        </content>
      </paragraph>
      <paragraph eId="para_54" class="SingleTxt">
        <num>	26.</num>
        <content eId="para_54__content">
          <p xml:space="preserve">
            <span class="italic">Pone de relieve</span> la importancia de facilitar la adhesión a la Organización Mundial del Comercio, en particular para los países en desarrollo que dependen de los productos básicos, de plena conformidad con sus normas; </p>
        </content>
      </paragraph>
      <paragraph eId="para_55" class="SingleTxt">
        <num>	27.</num>
        <content eId="para_55__content">
          <p xml:space="preserve">
            <span class="italic">Subraya</span> la necesidad urgente de proporcionar a los países en desarrollo que dependen de los productos básicos financiación para el comercio, así como acceso a ella, habida cuenta de las mayores dificultades de acceso a todo tipo de créditos y teniendo presente la sostenibilidad de la deuda; </p>
        </content>
      </paragraph>
      <paragraph eId="para_56" class="SingleTxt">
        <num>	28.</num>
        <content eId="para_56__content">
          <p xml:space="preserve">
            <span class="italic">Acoge con beneplácito</span> el compromiso de redoblar los esfuerzos encaminados a reducir sustancialmente los flujos financieros ilícitos para 2030, con miras a eliminarlos finalmente; </p>
        </content>
      </paragraph>
      <paragraph eId="para_57" class="SingleTxt">
        <num>	29.</num>
        <content eId="para_57__content">
          <p xml:space="preserve">
            <span class="italic">Destaca</span> que los ingresos procedentes de la producción y exportación de productos básicos siguen siendo fundamentales para los países en desarrollo, en particular en el contexto de la aplicación de la Agenda 2030, dado que los países en desarrollo deben movilizar recursos a fin de lograr los Objetivos de Desarrollo Sostenible y que los precios de los productos básicos han venido disminuyendo desde 2011, lo que ha supuesto una mayor presión sobre los presupuestos gubernamentales de los países en desarrollo; </p>
        </content>
      </paragraph>
      <paragraph eId="para_58" class="SingleTxt">
        <num>	30.</num>
        <content eId="para_58__content">
          <p xml:space="preserve">
            <span class="italic">Invita</span> al Presidente de la Asamblea General a celebrar un diálogo interactivo oficioso de la Asamblea de un día sobre los mercados de productos básicos en el primer semestre de 2020, con el objetivo de examinar las perspectivas y tendencias mundiales en materia de productos básicos y las posibles estrategias de diversificación económica y de las exportaciones, así como de adición de valor para el desarrollo sostenible, en particular en los países en desarrollo que dependen de los productos básicos, para intercambiar experiencias y lecciones aprendidas, en una fecha y con un formato que decidirá el Presidente de la Asamblea;</p>
        </content>
      </paragraph>
      <paragraph eId="para_59" class="SingleTxt">
        <num>	31.</num>
        <content eId="para_59__content">
          <p xml:space="preserve">
            <span class="italic">Exhorta</span> a todos los órganos, organismos, fondos y programas pertinentes del sistema de las Naciones Unidas y a otras organizaciones intergubernamentales, mundiales, regionales y subregionales pertinentes, en particular la Conferencia de las Naciones Unidas sobre Comercio y Desarrollo y todas las instituciones financieras y económicas internacionales pertinentes, en el marco de sus respectivos mandatos, a que continúen abordando la cuestión del bajo grado de industrialización y diversificación de las economías de algunos países en desarrollo que dependen de los productos básicos en relación con la capacidad de los Estados Miembros para alcanzar los Objetivos de Desarrollo Sostenible para 2030; </p>
        </content>
      </paragraph>
      <paragraph eId="para_60" class="SingleTxt">
        <num>	32.</num>
        <content eId="para_60__content">
          <p xml:space="preserve">
            <span class="italic">Solicita</span> al Secretario General que en su septuagésimo sexto período de sesiones le presente, en colaboración con la secretaría de la Conferencia de las Naciones Unidas sobre Comercio y Desarrollo, un informe orientado a la acción sobre la aplicación de la presente resolución, haciendo especial hincapié en formular recomendaciones y estrategias para la diversificación de la producción y de la economía, la producción de productos básicos y la adición de valor para el desarrollo sostenible, en consonancia con la aplicación de la Agenda de Acción de Addis Abeba<authorialNote marker="16" placement="bottom" eId="authorialNote_16"><p xml:space="preserve">	 	Resolución <a href="https://undocs.org/sp/A/RES/69/313">69/313</a>, anexo.</p></authorialNote>, y, a este respecto, decide incluir en el programa provisional de su septuagésimo sexto período de sesiones, en relación con el tema titulado “Cuestiones de política macroeconómica”, el subtema titulado “Productos básicos”.</p>
        </content>
      </paragraph>
    </mainBody>
    <conclusions eId="conclusions">
      <p>
        <inline name="adoptionMeeting" title="52a">52a sesión plenaria</inline>
        <eol />
        <docDate date="2019-12-19" refersTo="#adoptionDate">19 de diciembre de 2019</docDate>
      </p>
    </conclusions>
  </statement>
</akomaNtoso>