<akomaNtoso xmlns:xsi="http://www.w3.org/2001/XMLSchema-instance" xsi:schemaLocation="http://docs.oasis-open.org/legaldocml/ns/akn/3.0 http://docs.oasis-open.org/legaldocml/akn-core/v1.0/os/part2-specs/schemas/akomantoso30.xsd" xmlns="http://docs.oasis-open.org/legaldocml/ns/akn/3.0" xmlns:html="http://www.w3.org/1999/xhtml" xmlns:akn4un="http://un.org/akn4un">
  <statement name="resolution">
    <meta>
      <identification source="#DGACM">
        <FRBRWork>
          <FRBRthis value="/akn/un/statement/deliberation/unga/2019-12-19/74-214/!main/"></FRBRthis>
          <FRBRuri value="/akn/un/statement/deliberation/unga/2019-12-19/74-214/"></FRBRuri>
          <FRBRdate date="2019-12-19" name="adoption"></FRBRdate>
          <FRBRauthor href="ga" as="author"></FRBRauthor>
          <FRBRcountry value="un"></FRBRcountry>
        </FRBRWork>
        <FRBRExpression>
          <FRBRthis value="/akn/un/statement/deliberation/unga/2019-12-19/74-214/spa@!main/"></FRBRthis>
          <FRBRuri value="/akn/un/statement/deliberation/unga/2019-12-19/74-214/spa@/"></FRBRuri>
          <FRBRdate date="2020-01-24" name="publication"></FRBRdate>
          <FRBRauthor href="ga" as="issuer"></FRBRauthor>
          <FRBRlanguage language="spa"></FRBRlanguage>
        </FRBRExpression>
        <FRBRManifestation>
          <FRBRthis value="/akn/un/statement/deliberation/unga/2019-12-19/74-214/spa@/!main.xml"></FRBRthis>
          <FRBRuri value="/akn/un/statement/deliberation/unga/2019-12-19/74-214/spa@.xml"></FRBRuri>
          <FRBRdate date="2020-08-17" name="markup"></FRBRdate>
          <FRBRauthor href="DGACM" as="editor"></FRBRauthor>
        </FRBRManifestation>
      </identification>
      <classification source="http://metadata.un.org/sdg">
        <keyword value="2" href="http://metadata.un.org/sdg/2" showAs="sdg_2" dictionary="SDGO"></keyword>
        <keyword value="food_shortage" href="http://eurovoc.europa.eu/2318" showAs="food_shortage" dictionary="EuroVoc"></keyword>
        <keyword value="sustainable_agriculture" href="http://eurovoc.europa.eu/6308" showAs="sustainable_agriculture" dictionary="EuroVoc"></keyword>
        <keyword value="food_security" href="http://eurovoc.europa.eu/c_4523e1dd" showAs="food_security" dictionary="EuroVoc"></keyword>
        <keyword value="food_security" href="http://metadata.un.org/thesaurus/1002439" showAs="food_security" dictionary="UNBIS Thesaurus"></keyword>
        <keyword value="food_shortage" href="http://metadata.un.org/thesaurus/1002440" showAs="food_shortage" dictionary="UNBIS Thesaurus"></keyword>
        <keyword value="hunger" href="http://metadata.un.org/thesaurus/1003004" showAs="hunger" dictionary="UNBIS Thesaurus"></keyword>
        <keyword value="sustainable_agriculture" href="http://metadata.un.org/thesaurus/1006317" showAs="sustainable_agriculture" dictionary="UNBIS Thesaurus"></keyword>
      </classification>
      <classification source="http://metadata.un.org/sdg">
        <keyword value="15" href="http://metadata.un.org/sdg/15" showAs="sdg_15" dictionary="SDGO"></keyword>
        <keyword value="deforestation" href="http://eurovoc.europa.eu/339" showAs="deforestation" dictionary="EuroVoc"></keyword>
        <keyword value="desertification" href="http://eurovoc.europa.eu/416" showAs="desertification" dictionary="EuroVoc"></keyword>
        <keyword value="biodiversity" href="http://eurovoc.europa.eu/5463" showAs="biodiversity" dictionary="EuroVoc"></keyword>
        <keyword value="land,_plant_and_soil_resources" href="http://metadata.un.org/thesaurus/030600" showAs="land,_plant_and_soil_resources" dictionary="UNBIS Thesaurus"></keyword>
        <keyword value="deforestation" href="http://metadata.un.org/thesaurus/1001550" showAs="deforestation" dictionary="UNBIS Thesaurus"></keyword>
      </classification>
      <classification source="http://metadata.un.org/sdg">
        <keyword value="16" href="http://metadata.un.org/sdg/16" showAs="sdg_16" dictionary="SDGO"></keyword>
        <keyword value="right_to_justice" href="http://eurovoc.europa.eu/516" showAs="right_to_justice" dictionary="EuroVoc"></keyword>
        <keyword value="sustainable_development" href="http://eurovoc.europa.eu/5585" showAs="sustainable_development" dictionary="EuroVoc"></keyword>
        <keyword value="civil_society" href="http://metadata.un.org/thesaurus/1001012" showAs="civil_society" dictionary="UNBIS Thesaurus"></keyword>
        <keyword value="justice" href="http://metadata.un.org/thesaurus/1003500" showAs="justice" dictionary="UNBIS Thesaurus"></keyword>
        <keyword value="peaceful_coexistence" href="http://metadata.un.org/thesaurus/1004777" showAs="peaceful_coexistence" dictionary="UNBIS Thesaurus"></keyword>
        <keyword value="public_institutions" href="http://metadata.un.org/thesaurus/1005254" showAs="public_institutions" dictionary="UNBIS Thesaurus"></keyword>
        <keyword value="social_justice" href="http://metadata.un.org/thesaurus/1005970" showAs="social_justice" dictionary="UNBIS Thesaurus"></keyword>
        <keyword value="sustainable_development" href="http://metadata.un.org/thesaurus/1006319" showAs="sustainable_development" dictionary="UNBIS Thesaurus"></keyword>
      </classification>
      <classification source="http://metadata.un.org/sdg">
        <keyword value="17" href="http://metadata.un.org/sdg/17" showAs="sdg_17" dictionary="SDGO"></keyword>
        <keyword value="sustainable_development" href="http://eurovoc.europa.eu/5585" showAs="sustainable_development" dictionary="EuroVoc"></keyword>
        <keyword value="partnership" href="http://eurovoc.europa.eu/4199" showAs="partnership" dictionary="EuroVoc"></keyword>
        <keyword value="sustainable_development" href="http://metadata.un.org/thesaurus/1006319" showAs="sustainable_development" dictionary="UNBIS Thesaurus"></keyword>
        <keyword value="partnership" href="http://metadata.un.org/thesaurus/1004748" showAs="partnership" dictionary="UNBIS Thesaurus"></keyword>
      </classification>
      <workflow source="#un">
        <step date="2019-11-08" outcome="draftResolution" as="A/C.2/74/L.43/Rev.1" by="Bangladesh, Dominican Republic, Haiti, Kazakhstan, Kyrgyzstan, Mauritius, Palau, Tajikistan, Turkmenistan and Uzbekistan" />
        <step date="0001-01-01" outcome="draftResolutionAdditionalSponsors" by="Afghanistan, Armenia, Azerbaijan, Belarus, Brazil, Burkina Faso, Burundi, Cabo Verde, Canada, Central African Republic, China, Cuba, Djibouti, El Salvador, Ghana, India, Indonesia, Iraq, Ireland, Israel, Kenya, Lebanon, Maldives, Morocco, Myanmar, Namibia, Nepal, Nicaragua, Norway, Panama, Papua New Guinea, Philippines, Republic of Korea, Republic of Moldova, Russian Federation, Rwanda, Senegal, Seychelles, Singapore, Sri Lanka, Suriname, Turkey, Uganda, Venezuela (Bolivarian Republic of), Viet Nam" />
        <step date="0001-01-01" outcome="recommendedForAdoption" as="A/74/381" by="" refersTo="57" />
        <step date="2019-12-19" outcome="adopted" as="A/74/PV.52" by="" />
      </workflow>
      <analysis source="#un">
        <parliamentary>
          <voting outcome="adoptedWithoutVote">
            <quorum value=""></quorum>
          </voting>
        </parliamentary>
      </analysis>
      <references source="#DGACM">
        <TLCOrganization eId="source" href="/akn/ontology/organization/un/DGACM" showAs="DGACM"></TLCOrganization>
        <TLCConcept eId="dateOfIssuance" href="/akn/ontology/concept/un/dateOfIssuance" showAs="Date of issuance"></TLCConcept>
        <TLCConcept eId="dateOfAdoption" href="/akn/ontology/concept/un/dateOfAdoption" showAs="Date of adoption"></TLCConcept>
        <TLCConcept eId="symbol" href="/akn/ontology/reference/un/symbol" showAs="Symbol"></TLCConcept>
        <TLCRole eId="publisher" href="/akn/ontology/role/un/publisher" showAs="Publisher"></TLCRole>
        <TLCRole eId="issuingBody" href="/akn/role/concept/un/issuingBody" showAs="Issuing body"></TLCRole>
        <TLCRole eId="author" href="/akn/ontology/role/un/author" showAs="Author"></TLCRole>
        <TLCRole eId="editor" href="/akn/ontology/role/un/editor" showAs="Editor"></TLCRole>
        <TLCRole eId="distribution" href="/akn/ontology/concept/un/generalDistribution" showAs="General distribution"></TLCRole>
        <TLCOrganization eId="ga" href="/akn/ontology/organization/un/generalAssembly" showAs="General Assembly"></TLCOrganization>
        <TLCTerm eId="resolutionTitle" href="/akn/ontology/reference/un/resolutionTitle" showAs="Resolution title"></TLCTerm>
        <TLCTerm eId="secondCommittee" href="#secondCommittee" showAs="Segunda Comisión"></TLCTerm>
        <TLCTerm eId="memberState" href="/akn/ontology/organization/un/memberState" showAs="Member State"></TLCTerm>
        <TLCTerm eId="inFavour" href="/akn/ontology/concept/un/voting/inFavour" showAs="In favour"></TLCTerm>
        <TLCTerm eId="against" href="/akn/ontology/concept/un/voting/against" showAs="Against"></TLCTerm>
        <TLCTerm eId="abstaining" href="/akn/ontology/concept/un/voting/abstaining" showAs="Abstaining"></TLCTerm>
      </references>
      <presentation source="#un">
        <akn4un:footerFirstPage>
          <akn4un:footerFirstPageLeft>
            <akn4un:internalCode>
              <docketNumber refersTo="#publicationJobNumber">19-22428 (S)</docketNumber>
              <img alt="bar code" class="barCode" src=""></img>
            </akn4un:internalCode>
          </akn4un:footerFirstPageLeft>
          <akn4un:footerFirstPageRight>
            <img alt="Please recycle" class="image" src="./recylcleLogo.jpg"></img>
            <img alt="embedded QR code" class="qrCode" src=""></img>
          </akn4un:footerFirstPageRight>
        </akn4un:footerFirstPage>
      </presentation>
    </meta>
    <coverPage eId="coverPage_1">
      <p>
        <span refersTo="#publisher" class="upperLeft">
          <docAuthority refersTo="#publisher">Naciones Unidas</docAuthority>
        </span>
      </p>
      <p class="upperRight">
        <docNumber refersTo="#symbol">A/RES/74/214</docNumber>
      </p>
      <p class="upperLeft">
        <img src="logo-un.jpg"></img>
        <docAuthority refersTo="#issuingBody" class="rightBig">Asamblea General</docAuthority>
      </p>
      <p>
        <docStatus refersTo="#generalDistribution" class="rightSmall">Distr. general</docStatus>
      </p>
      <p>
        <docDate date="2020-01-24" class="rightSmall" refersTo="#dateOfIssuance">24 de enero de 2020</docDate>
      </p>
      <p>
        <session refersTo="#generalAssembly" value="74" eId="coverPage_1__session_1">Septuagésimo cuarto período de sesiones</session>
      </p>
      <p>
        <inline name="agenda item">Tema 19 del programa</inline>
      </p>
      <p>
        <inline name="agenda item name">Desarrollo sostenible</inline>
      </p>
      <p>
        <docTitle>Resolución aprobada por la Asamblea General el 19 de diciembre de 2019</docTitle>
      </p>
      <p xml:space="preserve">
        <docProponent refersTo="#secondCommittee">[sobre la base del informe de la Segunda Comisión (<inline name="originating document">A/74/381</inline>)]</docProponent>
      </p>
    </coverPage>
    <preface>
      <p>
        <docNumber>74/214.</docNumber>
        <docTitle refersTo="#resolutionTitle">Turismo sostenible y desarrollo sostenible en Asia Central</docTitle>
      </p>
    </preface>
    <preamble>
      <formula name="enactingFormula" eId="formula_1">
        <p xml:space="preserve">
          <span class="italic">La Asamblea General</span>,</p>
      </formula>
      <container name="Guiada " eId="container_2">
        <p xml:space="preserve">
          <span class="italic">	Guiada </span>por las disposiciones de la Carta de las Naciones Unidas, que alienta la cooperación regional para promover los propósitos y principios de las Naciones Unidas, </p>
      </container>
      <container name="Recordando " eId="container_3">
        <p xml:space="preserve">
          <span class="italic">	Recordando </span>sus resoluciones pertinentes, en particular las resoluciones <a href="https://undocs.org/sp/A/RES/72/214">72/214</a>, de 20 de diciembre de 2017, relativa al turismo sostenible y desarrollo sostenible en Centroamérica, y <a href="https://undocs.org/sp/A/RES/73/245">73/245</a>, de 20 de diciembre de 2018, relativa a la promoción del turismo sostenible, incluido el ecoturismo, para la erradicación de la pobreza y la protección del medio ambiente, y otras resoluciones conexas, </p>
      </container>
      <container name="Recordando también" eId="container_4">
        <p xml:space="preserve">
          <span class="italic">	Recordando también</span> la Declaración de Manila sobre el Turismo Mundial, de 10 de octubre de 1980<authorialNote marker="1" placement="bottom" eId="authorialNote_1"><p xml:space="preserve"><a href="https://undocs.org/sp/A/36/236">A/36/236</a>, anexo, apéndice I.</p></authorialNote>, la Declaración de Río sobre el Medio Ambiente y el Desarrollo y el Programa 21, de 14 de junio de 1992<authorialNote marker="2" placement="bottom" eId="authorialNote_2"><p xml:space="preserve"><span class="italic">Informe de la Conferencia de las Naciones Unidas sobre el Medio Ambiente y el Desarrollo, Río de Janeiro, 3 a 14 de junio de 1992</span>, vol. I, <span class="italic">Resoluciones aprobadas por la Conferencia </span>(publicación de las Naciones Unidas, núm. de venta: S.93.I.8 y corrección), resolución 1, anexos I y II.</p></authorialNote>, la Declaración de Ammán sobre la Paz mediante el Turismo, de 11 de noviembre de 2000<authorialNote marker="3" placement="bottom" eId="authorialNote_3"><p xml:space="preserve"><a href="https://undocs.org/sp/A/55/640">A/55/640</a>, anexo.</p></authorialNote>, y la Declaración de Johannesburgo sobre el Desarrollo Sostenible y el Plan de Aplicación de las Decisiones de la Cumbre Mundial sobre el Desarrollo Sostenible (Plan de Aplicación de las Decisiones de Johannesburgo)<authorialNote marker="4" placement="bottom" eId="authorialNote_4"><p xml:space="preserve"><span class="italic">Informe de la Cumbre Mundial sobre el Desarrollo Sostenible, Johannesburgo (Sudáfrica), 26 de agosto a 4 de septiembre de 2002</span> (publicación de las Naciones Unidas, núm. de venta: S.03.II.A.1 y correcciones), cap. I, resolución 1, anexo, y resolución 2, anexo.</p></authorialNote>, </p>
      </container>
      <container name="Reafirmando " eId="container_5">
        <p xml:space="preserve">
          <span class="italic">Reafirmando </span>su resolución <a href="https://undocs.org/sp/A/RES/70/1">70/1</a>, de 25 de septiembre de 2015, titulada “Transformar nuestro mundo: la Agenda 2030 para el Desarrollo Sostenible”, en la que adoptó un amplio conjunto de Objetivos de Desarrollo Sostenible y metas universales y transformativos, de gran alcance y centrados en las personas, su compromiso de trabajar sin descanso a fin de conseguir la plena implementación de la Agenda a más tardar en 2030, su reconocimiento de que la erradicación de la pobreza en todas sus formas y dimensiones, incluida la pobreza extrema, es el mayor desafío a que se enfrenta el mundo y constituye un requisito indispensable para el desarrollo sostenible, y su compromiso de lograr el desarrollo sostenible en sus tres dimensiones —económica, social y ambiental— de forma equilibrada e integrada y de que se aprovecharán los logros de los Objetivos de Desarrollo del Milenio y se procurará abordar los asuntos pendientes,</p>
      </container>
      <container name="Reafirmando también" eId="container_6">
        <p xml:space="preserve">
          <span class="italic">Reafirmando también</span> su resolución <a href="https://undocs.org/sp/A/RES/69/313">69/313</a>, de 27 de julio de 2015, relativa a la Agenda de Acción de Addis Abeba de la Tercera Conferencia Internacional sobre la Financiación para el Desarrollo, que es parte integral de la Agenda 2030 para el Desarrollo Sostenible, le sirve de apoyo y complemento, ayuda a contextualizar las metas relativas a sus medios de implementación con políticas y medidas concretas y reafirma el resuelto compromiso político de hacer frente al problema de la financiación y de la creación de un entorno propicio a todos los niveles para el desarrollo sostenible, en un espíritu de alianza y solidaridad mundiales,</p>
      </container>
      <container name="Reafirmando además " eId="container_7">
        <p xml:space="preserve">
          <span class="italic">	Reafirmando además </span>el Acuerdo de París<authorialNote marker="5" placement="bottom" eId="authorialNote_5"><p xml:space="preserve">		Aprobado en virtud de la Convención Marco de las Naciones Unidas sobre el Cambio Climático como consta en el documento <a href="https://undocs.org/sp/FCCC/CP/2015/10/Add.1">FCCC/CP/2015/10/Add.1</a>, decisión 1/CP.21, anexo.</p></authorialNote> y su pronta entrada en vigor, alentando a todas las partes en el Acuerdo a que lo apliquen plenamente y alentando a las partes en la Convención Marco de las Naciones Unidas sobre el Cambio Climático<authorialNote marker="6" placement="bottom" eId="authorialNote_6"><p xml:space="preserve">		Naciones Unidas, <span class="italic">Treaty Series</span>, vol. 1771, núm. 30822.</p></authorialNote> que aún no lo hayan hecho a que depositen cuanto antes sus instrumentos de ratificación, aceptación, aprobación o adhesión, según corresponda,</p>
      </container>
      <container name="Reconociendo " eId="container_8">
        <p xml:space="preserve">
          <span class="italic">	Reconociendo </span>que el turismo sostenible puede contribuir directamente a la conservación de áreas y hábitats naturales ambientalmente vulnerables a través de una variedad de actividades y creando conciencia de la importancia de la diversidad biológica, destacando la necesidad urgente de hacer frente al declive sin precedentes de la diversidad biológica en todo el mundo, y aguardando con interés la celebración de una cumbre sobre la diversidad biológica a nivel de Jefes y Jefas de Estado y de Gobierno, con los recursos disponibles, antes de la 15ª reunión de la Conferencia de las Partes en el Convenio que se celebrará en 2020, a fin de poner de relieve la urgencia de adoptar medidas a los niveles más altos en apoyo de un marco mundial para la diversidad biológica después de 2020 que contribuya a la Agenda 2030 para el Desarrollo Sostenible y ponga a la comunidad mundial en la senda hacia el logro de la Visión 2050 para la Diversidad Biológica, </p>
      </container>
      <container name="Reconociendo también" eId="container_9">
        <p xml:space="preserve">
          <span class="italic">	Reconociendo también</span> la importante dimensión del turismo sostenible y su papel como instrumento positivo para lograr la mejora de la calidad de vida de todas las personas, así como su contribución al desarrollo sostenible, especialmente en los países en desarrollo, y a la erradicación de la pobreza y la protección del medio ambiente, </p>
      </container>
      <container name="Reconociendo además " eId="container_10">
        <p xml:space="preserve">
          <span class="italic">	Reconociendo además </span>que el turismo sostenible, incluidos el ecoturismo, el turismo de montaña y el turismo rural, es una actividad transversal que puede contribuir al logro de los Objetivos de Desarrollo Sostenible, entre otras cosas fomentando el crecimiento económico, mitigando la pobreza, creando empleo pleno y productivo y trabajo decente para todos, promoviendo la igualdad de género y el empoderamiento de las mujeres y las niñas, y aumentando los ingresos de la población, y observando en particular que el turismo representa más del 10 % del producto interno bruto mundial y más del 6 % de las exportaciones de servicios y que más del 4 % de las inversiones se destinan al desarrollo del turismo,</p>
      </container>
      <container name="Recordando " eId="container_11">
        <p xml:space="preserve">
          <span class="italic">	Recordando </span>la aprobación en 2012 del Marco Decenal de Programas sobre Modalidades de Consumo y Producción Sostenibles<authorialNote marker="7" placement="bottom" eId="authorialNote_7"><p xml:space="preserve"><a href="https://undocs.org/sp/A/CONF.216/5">A/CONF.216/5</a>, anexo.</p></authorialNote> por la Conferencia de las Naciones Unidas sobre el Desarrollo Sostenible y acogiendo con beneplácito la puesta en marcha del Programa de Turismo Sostenible de la red One Planet, </p>
      </container>
      <container name="Acogiendo con beneplácito" eId="container_12">
        <p xml:space="preserve">
          <span class="italic">	Acogiendo con beneplácito</span> los esfuerzos que vienen realizando los países de Asia Central para implementar a nivel nacional y regional la Agenda 2030 para el Desarrollo Sostenible y los Objetivos de Desarrollo Sostenible que figuran en ella, </p>
      </container>
      <container name="Reconociendo " eId="container_13">
        <p xml:space="preserve">
          <span class="italic">	Reconociendo </span>la importancia de diversos eventos internacionales celebrados en Asia Central y de otros foros para seguir promoviendo el sector del turismo sostenible en la región, </p>
      </container>
      <container name="Observando " eId="container_14">
        <p xml:space="preserve">
          <span class="italic">	Observando </span>que los países de Asia Central se proponen atraer más financiación e inversiones nacionales e internacionales en sus sectores turísticos, </p>
      </container>
      <container name="Poniendo de relieve" eId="container_15">
        <p xml:space="preserve">
          <span class="italic">	Poniendo de relieve</span> que el paso de la Gran Ruta de la Seda por Asia Central y los esfuerzos que están realizando los países centroasiáticos por promover el turismo en los mercados mundiales están aumentando el interés de los turistas extranjeros en la región, </p>
      </container>
    </preamble>
    <mainBody>
      <paragraph eId="para_16" class="SingleTxt">
        <num>	1.</num>
        <content eId="para_16__content">
          <p xml:space="preserve">
            <span class="italic">Observa </span>la importante contribución práctica que hacen los países de Asia Central al refuerzo de la estabilidad y el desarrollo sostenible en la región, así como los esfuerzos que realizan en ese sentido; </p>
        </content>
      </paragraph>
      <paragraph eId="para_17" class="SingleTxt">
        <num>	2.</num>
        <content eId="para_17__content">
          <p xml:space="preserve">
            <span class="italic">Expresa </span>su apoyo a los esfuerzos e iniciativas regionales encaminados a fortalecer la cooperación económica en Asia Central;</p>
        </content>
      </paragraph>
      <paragraph eId="para_18" class="SingleTxt">
        <num>	3.</num>
        <content eId="para_18__content">
          <p xml:space="preserve">
            <span class="italic">Aprecia </span>la contribución de la asistencia internacional para el desarrollo a la promoción del turismo en Asia Central; </p>
        </content>
      </paragraph>
      <paragraph eId="para_19" class="SingleTxt">
        <num>	4.</num>
        <content eId="para_19__content">
          <p xml:space="preserve">
            <span class="italic">Invita </span>a los Estados Miembros, otros interesados y la Organización Mundial del Turismo a que, en el marco de su mandato y con los recursos de que disponen, continúen apoyando a los países de Asia Central en sus esfuerzos por desarrollar el turismo responsable y sostenible en la región, y a que, con ese fin: </p>
        </content>
      </paragraph>
      <paragraph eId="para_20" class="SingleTxt">
        <content eId="para_20__content">
          <p xml:space="preserve">	a)	Participen en actividades de creación de capacidad para alcanzar los objetivos de desarrollo convenidos internacionalmente, incluidos los Objetivos de Desarrollo Sostenible<authorialNote marker="8" placement="bottom" eId="authorialNote_8"><p xml:space="preserve">		Véase la resolución <a href="https://undocs.org/sp/A/RES/70/1">70/1</a>.</p></authorialNote>, facilitando el acceso de todos los sectores de la sociedad, en particular de los grupos más vulnerables, a los beneficios relacionados con el turismo; </p>
        </content>
      </paragraph>
      <paragraph eId="para_21" class="SingleTxt">
        <content eId="para_21__content">
          <p xml:space="preserve">	b)	Amplíen la cooperación con los países de Asia Central en el ámbito del turismo sostenible en consonancia con sus compromisos internacionales respectivos; </p>
        </content>
      </paragraph>
      <paragraph eId="para_22" class="SingleTxt">
        <content eId="para_22__content">
          <p xml:space="preserve">	c)	Ayuden a formular las principales líneas rectoras de una política integral unificada para el desarrollo sostenible del turismo en la región de Asia Central, teniendo en cuenta las características específicas y el grado de desarrollo económico de cada país de la región; </p>
        </content>
      </paragraph>
      <paragraph eId="para_23" class="SingleTxt">
        <content eId="para_23__content">
          <p xml:space="preserve">	d)	Apoyen las actividades de turismo sostenible y las iniciativas pertinentes de desarrollo de la capacidad que promuevan la conciencia ambiental, conserven y protejan el medio ambiente, respeten la fauna y la flora silvestres, la biodiversidad, los ecosistemas y la diversidad cultural, así como el patrimonio natural, histórico y cultural, y aumenten la afluencia de turistas, y a que promuevan el desarrollo del turismo sostenible y de estrategias que atraigan a turistas extranjeros a Asia Central y mejoren el bienestar y los medios de subsistencia de las comunidades locales mediante el apoyo a las economías locales y al medio ambiente humano y natural en su conjunto; </p>
        </content>
      </paragraph>
      <paragraph eId="para_24" class="SingleTxt">
        <content eId="para_24__content">
          <p xml:space="preserve">	e)	Aúnen esfuerzos para introducir la práctica de desarrollar e implantar tecnologías innovadoras para modernizar el sector del turismo; </p>
        </content>
      </paragraph>
      <paragraph eId="para_25" class="SingleTxt">
        <num>	5.</num>
        <content eId="para_25__content">
          <p xml:space="preserve">
            <span class="italic">Alienta </span>a los países de Asia Central a que: </p>
        </content>
      </paragraph>
      <paragraph eId="para_26" class="SingleTxt">
        <content eId="para_26__content">
          <p xml:space="preserve">	a)	Aúnen esfuerzos para generalizar modalidades de turismo activo, como el turismo de montaña, el ecoturismo, la pesca deportiva y los viajes en automóvil y bicicleta; </p>
        </content>
      </paragraph>
      <paragraph eId="para_27" class="SingleTxt">
        <content eId="para_27__content">
          <p xml:space="preserve">	b)	Informen a los Estados Miembros acerca del desarrollo sostenible del turismo asociado a la peregrinación en Asia Central y su potencial y los inviten a visitar los sitios de carácter religioso de Asia Central y a participar en actos religiosos, según proceda; </p>
        </content>
      </paragraph>
      <paragraph eId="para_28" class="SingleTxt">
        <content eId="para_28__content">
          <p xml:space="preserve">	c)	Apoyen el turismo sostenible mediante políticas que fomenten el turismo flexible e inclusivo, fortalezcan la identidad regional y protejan su patrimonio natural y cultural, en particular sus ecosistemas y su biodiversidad;</p>
        </content>
      </paragraph>
      <paragraph eId="para_29" class="SingleTxt">
        <content eId="para_29__content">
          <p xml:space="preserve">	d)	Compartan sus experiencias en materia de turismo sostenible para contribuir a la erradicación de la pobreza en beneficio de todos, prestando especial atención a quienes corren el riesgo de quedarse atrás;</p>
        </content>
      </paragraph>
      <paragraph eId="para_30" class="SingleTxt">
        <content eId="para_30__content">
          <p xml:space="preserve">	e)	Establezcan y fortalezcan una infraestructura segura, fiable, eficiente, de alta calidad, sostenible y resiliente, incluidos sistemas de transporte de tránsito que los vinculen con los mercados internacionales, todas las fuentes de energía, incluidas las energías renovables y la tecnología de la información y las comunicaciones, con el apoyo de los asociados para el desarrollo, las instituciones financieras y de desarrollo multilaterales y los bancos regionales, a fin de promover el turismo sostenible en la región; </p>
        </content>
      </paragraph>
      <paragraph eId="para_31" class="SingleTxt">
        <num>	6.</num>
        <content eId="para_31__content">
          <p xml:space="preserve">
            <span class="italic">Exhorta </span>a los Estados Miembros y a otros interesados a que adopten medidas eficaces, en el contexto del turismo sostenible, incluidas iniciativas ecoturísticas, para ayudar a promover la participación de las mujeres en pie de igualdad y la participación equilibrada de los jóvenes, las personas de edad, las personas con discapacidad, los pueblos indígenas y las comunidades locales, en todos los niveles y en los procesos de adopción de decisiones en todos los ámbitos, y promover el empoderamiento económico efectivo, principalmente mediante la creación de empleos decentes y la generación de ingresos;</p>
        </content>
      </paragraph>
      <paragraph eId="para_32" class="SingleTxt">
        <num>	7.</num>
        <content eId="para_32__content">
          <p xml:space="preserve">
            <span class="italic">Toma nota </span>de los progresos realizados por los países de Asia Central en la ejecución de programas dirigidos a crear y promover el turismo sostenible en toda la región, y, en ese sentido, acoge con beneplácito su contribución al logro de la Agenda 2030 para el Desarrollo Sostenible<sup>8</sup> y sus Objetivos de Desarrollo Sostenible; </p>
        </content>
      </paragraph>
      <paragraph eId="para_33" class="SingleTxt">
        <num>	8.</num>
        <content eId="para_33__content">
          <p xml:space="preserve">
            <span class="italic">Invita </span>a los Estados Miembros a que participen en los principales eventos que se celebren en el ámbito del turismo sostenible en Asia Central, que pueden contribuir al desarrollo del turismo sostenible en la región. </p>
        </content>
      </paragraph>
    </mainBody>
    <conclusions eId="conclusions">
      <p>
        <inline name="adoptionMeeting" title="52a">52a sesión plenaria</inline>
        <eol />
        <docDate date="2019-12-19" refersTo="#adoptionDate">19 de diciembre de 2019</docDate>
      </p>
    </conclusions>
  </statement>
</akomaNtoso>