<akomaNtoso xmlns:xsi="http://www.w3.org/2001/XMLSchema-instance" xsi:schemaLocation="http://docs.oasis-open.org/legaldocml/ns/akn/3.0 http://docs.oasis-open.org/legaldocml/akn-core/v1.0/os/part2-specs/schemas/akomantoso30.xsd" xmlns="http://docs.oasis-open.org/legaldocml/ns/akn/3.0" xmlns:html="http://www.w3.org/1999/xhtml" xmlns:akn4un="http://un.org/akn4un">
  <statement name="resolution">
    <meta>
      <identification source="#DGACM">
        <FRBRWork>
          <FRBRthis value="/akn/un/statement/deliberation/unga/2019-12-27/74-259/!main/"></FRBRthis>
          <FRBRuri value="/akn/un/statement/deliberation/unga/2019-12-27/74-259/"></FRBRuri>
          <FRBRdate date="2019-12-27" name="adoption"></FRBRdate>
          <FRBRauthor href="ga" as="author"></FRBRauthor>
          <FRBRcountry value="un"></FRBRcountry>
        </FRBRWork>
        <FRBRExpression>
          <FRBRthis value="/akn/un/statement/deliberation/unga/2019-12-27/74-259/spa@!main/"></FRBRthis>
          <FRBRuri value="/akn/un/statement/deliberation/unga/2019-12-27/74-259/spa@/"></FRBRuri>
          <FRBRdate date="2020-01-09" name="publication"></FRBRdate>
          <FRBRauthor href="ga" as="issuer"></FRBRauthor>
          <FRBRlanguage language="spa"></FRBRlanguage>
        </FRBRExpression>
        <FRBRManifestation>
          <FRBRthis value="/akn/un/statement/deliberation/unga/2019-12-27/74-259/spa@/!main.xml"></FRBRthis>
          <FRBRuri value="/akn/un/statement/deliberation/unga/2019-12-27/74-259/spa@.xml"></FRBRuri>
          <FRBRdate date="2020-08-31" name="markup"></FRBRdate>
          <FRBRauthor href="DGACM" as="editor"></FRBRauthor>
        </FRBRManifestation>
      </identification>
      <classification source="http://metadata.un.org/sdg">
        <keyword value="17.1" href="http://metadata.un.org/sdg/17.1" showAs="sdg_17.1" dictionary="SDGO"></keyword>
        <keyword value="developing_countries" href="http://eurovoc.europa.eu/2295" showAs="developing_countries" dictionary="EuroVoc"></keyword>
        <keyword value="economic_support" href="http://eurovoc.europa.eu/712" showAs="economic_support" dictionary="EuroVoc"></keyword>
        <keyword value="developing_countries" href="http://metadata.un.org/thesaurus/1001613" showAs="developing_countries" dictionary="UNBIS Thesaurus"></keyword>
        <keyword value="resources_mobilization" href="http://metadata.un.org/thesaurus/1005517" showAs="resources_mobilization" dictionary="UNBIS Thesaurus"></keyword>
      </classification>
      <workflow source="#un">
        <step date="2019-12-27" outcome="draftResolution" as="A/C.5/74/L.8" by="submitted by the Chair of the Committee" />
        <step date="0001-01-01" outcome="draftResolutionAdditionalSponsors" by="" />
        <step date="0001-01-01" outcome="recommendedForAdoption" as="A/74/601" by="" refersTo="6" />
        <step date="2019-12-27" outcome="adopted" as="A/74/PV.52" by="" />
      </workflow>
      <analysis source="#un">
        <parliamentary>
          <voting outcome="adoptedWithoutVote">
            <quorum value=""></quorum>
          </voting>
        </parliamentary>
      </analysis>
      <references source="#DGACM">
        <TLCOrganization eId="source" href="/akn/ontology/organization/un/DGACM" showAs="DGACM"></TLCOrganization>
        <TLCConcept eId="dateOfIssuance" href="/akn/ontology/concept/un/dateOfIssuance" showAs="Date of issuance"></TLCConcept>
        <TLCConcept eId="dateOfAdoption" href="/akn/ontology/concept/un/dateOfAdoption" showAs="Date of adoption"></TLCConcept>
        <TLCConcept eId="symbol" href="/akn/ontology/reference/un/symbol" showAs="Symbol"></TLCConcept>
        <TLCRole eId="publisher" href="/akn/ontology/role/un/publisher" showAs="Publisher"></TLCRole>
        <TLCRole eId="issuingBody" href="/akn/role/concept/un/issuingBody" showAs="Issuing body"></TLCRole>
        <TLCRole eId="author" href="/akn/ontology/role/un/author" showAs="Author"></TLCRole>
        <TLCRole eId="editor" href="/akn/ontology/role/un/editor" showAs="Editor"></TLCRole>
        <TLCRole eId="distribution" href="/akn/ontology/concept/un/generalDistribution" showAs="General distribution"></TLCRole>
        <TLCOrganization eId="ga" href="/akn/ontology/organization/un/generalAssembly" showAs="General Assembly"></TLCOrganization>
        <TLCTerm eId="resolutionTitle" href="/akn/ontology/reference/un/resolutionTitle" showAs="Resolution title"></TLCTerm>
        <TLCTerm eId="fifthCommittee" href="#fifthCommittee" showAs="Quinta Comisión"></TLCTerm>
        <TLCTerm eId="memberState" href="/akn/ontology/organization/un/memberState" showAs="Member State"></TLCTerm>
        <TLCTerm eId="inFavour" href="/akn/ontology/concept/un/voting/inFavour" showAs="In favour"></TLCTerm>
        <TLCTerm eId="against" href="/akn/ontology/concept/un/voting/against" showAs="Against"></TLCTerm>
        <TLCTerm eId="abstaining" href="/akn/ontology/concept/un/voting/abstaining" showAs="Abstaining"></TLCTerm>
      </references>
      <presentation source="#un">
        <akn4un:footerFirstPage>
          <akn4un:footerFirstPageLeft>
            <akn4un:internalCode>
              <docketNumber refersTo="#publicationJobNumber">19-22725 (S)</docketNumber>
              <img alt="bar code" class="barCode" src=""></img>
            </akn4un:internalCode>
          </akn4un:footerFirstPageLeft>
          <akn4un:footerFirstPageRight>
            <img alt="Please recycle" class="image" src="./recylcleLogo.jpg"></img>
            <img alt="embedded QR code" class="qrCode" src=""></img>
          </akn4un:footerFirstPageRight>
        </akn4un:footerFirstPage>
      </presentation>
    </meta>
    <coverPage eId="coverPage_1">
      <p>
        <span refersTo="#publisher" class="upperLeft">
          <docAuthority refersTo="#publisher">Naciones Unidas</docAuthority>
        </span>
      </p>
      <p class="upperRight">
        <docNumber refersTo="#symbol">A/RES/74/259</docNumber>
      </p>
      <p class="upperLeft">
        <img src="logo-un.jpg"></img>
        <docAuthority refersTo="#issuingBody" class="rightBig">Asamblea General</docAuthority>
      </p>
      <p>
        <docStatus refersTo="#generalDistribution" class="rightSmall">Distr. general</docStatus>
      </p>
      <p>
        <docDate date="2020-01-09" class="rightSmall" refersTo="#dateOfIssuance">9 de enero de 2020</docDate>
      </p>
      <p>
        <session refersTo="#generalAssembly" value="74" eId="coverPage_1__session_1">Septuagésimo cuarto período de sesiones</session>
      </p>
      <p>
        <inline name="agenda item">Tema 147 del programa</inline>
      </p>
      <p>
        <inline name="agenda item name">Financiación del Mecanismo Residual Internacional de los Tribunales Penales</inline>
      </p>
      <p>
        <docTitle>Resolución aprobada por la Asamblea General el 27 de diciembre de 2019</docTitle>
      </p>
      <p xml:space="preserve">
        <docProponent refersTo="#fifthCommittee">[sobre la base del informe de la Quinta Comisión (<inline name="originating document">A/74/601</inline>)]</docProponent>
      </p>
    </coverPage>
    <preface>
      <p>
        <docNumber>74/259.</docNumber>
        <docTitle refersTo="#resolutionTitle">Financiación del Mecanismo Residual Internacional de los Tribunales Penales</docTitle>
      </p>
    </preface>
    <preamble>
      <formula name="enactingFormula" eId="formula_1">
        <p xml:space="preserve">
          <span class="italic">La Asamblea General</span>,</p>
      </formula>
    </preamble>
    <mainBody>
      <section>
      <subheading>		I</subheading>
      <subheading>		Segundo informe sobre la ejecución del presupuesto del Mecanismo Residual Internacional de los Tribunales Penales para el bienio 2018-2019</subheading>
      <crossHeading refersTo="#preamble" eId="preamble_4">
        <span class="italic">	Habiendo examinado</span> el segundo informe del Secretario General sobre la ejecución del presupuesto del Mecanismo Residual Internacional de los Tribunales Penales para el bienio 2018-2019<authorialNote marker="1" placement="bottom" eId="authorialNote_1"><p xml:space="preserve"><a href="https://undocs.org/sp/A/74/566">A/74/566</a>.</p></authorialNote>, el informe conexo de la Comisión Consultiva en Asuntos Administrativos y de Presupuesto<authorialNote marker="2" placement="bottom" eId="authorialNote_2"><p xml:space="preserve"><a href="https://undocs.org/sp/A/74/593">A/74/593</a>.</p></authorialNote>, el informe financiero y los estados financieros auditados correspondientes al ejercicio terminado el 31 de diciembre de 2018 y el informe de la Junta de Auditores sobre el Mecanismo Residual Internacional de los Tribunales Penales<authorialNote marker="3" placement="bottom" eId="authorialNote_3"><p xml:space="preserve"><span class="italic">Documentos Oficiales de la Asamblea General, septuagésimo cuarto período de sesiones, suplemento núm. 5O</span> (<a href="https://undocs.org/sp/A/74/5/Add.15">A/74/5/Add.15</a>). </p></authorialNote>, y las recomendaciones que allí figuran,</crossHeading>
      <crossHeading refersTo="#preamble" eId="preamble_5">
        <span class="italic">	Recordando </span>su resolución <a href="https://undocs.org/sp/A/RES/66/240">66/240</a> A, de 24 de diciembre de 2011, relativa a la financiación del Mecanismo Residual Internacional de los Tribunales Penales, y sus resoluciones posteriores sobre la cuestión, la más reciente de las cuales fue la resolución <a href="https://undocs.org/sp/A/RES/73/277">73/277</a>, de 22 de diciembre de 2018,</crossHeading>
      <paragraph eId="para_6" class="SingleTxt">
        <num>	1.</num>
        <content eId="para_6__content">
          <p xml:space="preserve">
            <span class="italic">Toma nota </span>del segundo informe del Secretario General sobre la ejecución del presupuesto del Mecanismo Residual Internacional de los Tribunales Penales para el bienio 2018-2019<sup>1</sup>;</p>
        </content>
      </paragraph>
      <paragraph eId="para_7" class="SingleTxt">
        <num>	2.</num>
        <content eId="para_7__content">
          <p xml:space="preserve">
            <span class="italic">Hace suyas</span> las conclusiones y recomendaciones que figuran en la sección II del informe de la Comisión Consultiva en Asuntos Administrativos y de Presupuesto<sup>2</sup>;</p>
        </content>
      </paragraph>
      <paragraph eId="para_8" class="SingleTxt">
        <num>	3.</num>
        <content eId="para_8__content">
          <p xml:space="preserve">
            <span class="italic">Resuelve</span> que, para el bienio 2018-2019, la suma de 195.720.600 dólares de los Estados Unidos en cifras brutas (174.690.800 dólares en cifras netas) aprobada en su resolución <a href="https://undocs.org/sp/A/RES/73/277">73/277</a> para la financiación del Mecanismo se ajustará en 10.292.300 dólares en cifras brutas (8.668.900 dólares en cifras netas), con lo que el total será de 185.428.300 dólares en cifras brutas (166.021.900 dólares en cifras netas);</p>
        </content>
      </paragraph>
      </section>
      <section>
      <subheading>		II </subheading>
      <subheading>		Presupuesto del Mecanismo Residual Internacional de los Tribunales Penales para 2020</subheading>
      <crossHeading refersTo="#preamble" eId="preamble_11">
        <span class="italic">	Habiendo examinado</span> los informes del Secretario General sobre el proyecto de presupuesto del Mecanismo Residual Internacional de los Tribunales Penales para 2020<authorialNote marker="4" placement="bottom" eId="authorialNote_4"><p xml:space="preserve"><a href="https://undocs.org/sp/A/74/355">A/74/355</a> y <a href="https://undocs.org/sp/A/74/355/Corr.1">A/74/355/Corr.1</a>.</p></authorialNote> y sobre las estimaciones revisadas resultantes del efecto de las variaciones de los tipos de cambio y las tasas de inflación<authorialNote marker="5" placement="bottom" eId="authorialNote_5"><p xml:space="preserve"><a href="https://undocs.org/sp/A/74/586">A/74/586</a>.</p></authorialNote>,</crossHeading>
      <crossHeading refersTo="#preamble" eId="preamble_12">
        <span class="italic">	Habiendo examinado también </span>los informes conexos de la Comisión Consultiva<authorialNote marker="6" placement="bottom" eId="authorialNote_6"><p xml:space="preserve"><a href="https://undocs.org/sp/A/74/593">A/74/593</a> y <a href="https://undocs.org/sp/A/74/7/Add.31">A/74/7/Add.31</a>.</p></authorialNote>,</crossHeading>
      <paragraph eId="para_13" class="SingleTxt">
        <num>	1.</num>
        <content eId="para_13__content">
          <p xml:space="preserve">
            <span class="italic">Toma nota </span>de los informes del Secretario General sobre el proyecto de presupuesto del Mecanismo Residual Internacional de los Tribunales Penales para 2020<sup>4</sup> y sobre las estimaciones revisadas resultantes del efecto de las variaciones de los tipos de cambio y las tasas de inflación<sup>5</sup>;</p>
        </content>
      </paragraph>
      <paragraph eId="para_14" class="SingleTxt">
        <num>	2.</num>
        <content eId="para_14__content">
          <p xml:space="preserve">
            <span class="italic">Hace suyas</span> las conclusiones y recomendaciones que figuran en los informes de la Comisión Consultiva<sup>6</sup>;</p>
        </content>
      </paragraph>
      <paragraph eId="para_15" class="SingleTxt">
        <num>	3.</num>
        <content eId="para_15__content">
          <p xml:space="preserve">
            <span class="italic">Decide </span>establecer un puesto temporario de categoría P-4 (Presupuesto y Finanzas) en la subdivisión de Arusha, con los recursos disponibles;</p>
        </content>
      </paragraph>
      <paragraph eId="para_16" class="SingleTxt">
        <num>	4.</num>
        <content eId="para_16__content">
          <p xml:space="preserve">
            <span class="italic">Solicita </span>al Secretario General que vele por que el Mecanismo haga todo lo posible por completar su labor pendiente con prontitud;</p>
        </content>
      </paragraph>
      <paragraph eId="para_17" class="SingleTxt">
        <num>	5.</num>
        <content eId="para_17__content">
          <p xml:space="preserve">
            <span class="italic">Decide </span>consignar en la cuenta especial para el Mecanismo Residual Internacional de los Tribunales Penales un total de 96.924.500 dólares en cifras brutas (86.911.800 dólares en cifras netas) para 2020, según se detalla en el anexo de la presente resolución;</p>
        </content>
      </paragraph>
      <paragraph eId="para_18" class="SingleTxt">
        <num>	6.</num>
        <content eId="para_18__content">
          <p xml:space="preserve">
            <span class="italic">Decide también</span> que la suma total sujeta a prorrateo para 2020 en relación con la cuenta especial, que asciende a 86.632.200 dólares, constará de:</p>
        </content>
      </paragraph>
      <paragraph eId="para_19" class="SingleTxt">
        <content eId="para_19__content">
          <p xml:space="preserve">	a)	96.924.500 dólares, que es la consignación estimada aprobada para el ejercicio;</p>
        </content>
      </paragraph>
      <paragraph eId="para_20" class="SingleTxt">
        <content eId="para_20__content">
          <p xml:space="preserve">	b)	Menos 10.292.300 dólares, que es la reducción de la consignación definitiva para el bienio 2018-2019 aprobada en el párrafo 3 de la sección I de la presente resolución;</p>
        </content>
      </paragraph>
      <paragraph eId="para_21" class="SingleTxt">
        <num>	7.</num>
        <content eId="para_21__content">
          <p xml:space="preserve">
            <span class="italic">Decide además</span> prorratear entre los Estados Miembros la suma de 43.316.100 dólares en cifras brutas (39.121.450 dólares en cifras netas) con arreglo a la escala de cuotas aplicable al presupuesto ordinario de las Naciones Unidas para 2020;</p>
        </content>
      </paragraph>
      <paragraph eId="para_22" class="SingleTxt">
        <num>	8.</num>
        <content eId="para_22__content">
          <p xml:space="preserve">
            <span class="italic">Decide </span>prorratear entre los Estados Miembros la suma de 43.316.100 dólares en cifras brutas (39.121.450 dólares en cifras netas) con arreglo a la escala de cuotas aplicable a las operaciones de mantenimiento de la paz de las Naciones Unidas para 2020;</p>
        </content>
      </paragraph>
      <paragraph eId="para_23" class="SingleTxt">
        <num>	9.</num>
        <content eId="para_23__content">
          <p xml:space="preserve">
            <span class="italic">Decide también</span> que, de conformidad con lo dispuesto en su resolución <a href="https://undocs.org/sp/A/RES/973 (X)">973 (X)</a>, de 15 de diciembre de 1955, se deducirán de las sumas resultantes del prorrateo entre los Estados Miembros, indicadas en los párrafos 7 y 8, las partes que les correspondan en el Fondo de Nivelación de Impuestos del monto estimado de los ingresos en concepto de contribuciones del personal, por valor de 8.389.300 dólares, aprobado para el Mecanismo para 2020.</p>
        </content>
      </paragraph>
      </section>
    </mainBody>
    <conclusions eId="conclusions">
      <p>
        <inline name="adoptionMeeting" title="52a">52a sesión plenaria (continuación)</inline>
        <eol />
        <docDate date="2019-12-27" refersTo="#adoptionDate">27 de diciembre de 2019</docDate>
      </p>
    </conclusions>
    <attachments>
    <attachment>
      <doc name="annex">
        <meta>
          <identification source="#DGACM">
            <FRBRWork>
              <FRBRthis value="/akn/un/statement/deliberation/unga/2019-12-27/74-259/!main/annex"></FRBRthis>
              <FRBRuri value="/akn/un/statement/deliberation/unga/2019-12-27/74-259/"></FRBRuri>
              <FRBRdate date="2019-12-27" name="adoption"></FRBRdate>
              <FRBRauthor href="ga" as="author"></FRBRauthor>
              <FRBRcountry value="un"></FRBRcountry>
            </FRBRWork>
            <FRBRExpression>
              <FRBRthis value="/akn/un/statement/deliberation/unga/2019-12-27/74-259/spa@!main/annex"></FRBRthis>
              <FRBRuri value="/akn/un/statement/deliberation/unga/2019-12-27/74-259/spa@/"></FRBRuri>
              <FRBRdate date="2020-01-09" name="publication"></FRBRdate>
              <FRBRauthor href="ga" as="issuer"></FRBRauthor>
              <FRBRlanguage language="spa"></FRBRlanguage>
            </FRBRExpression>
            <FRBRManifestation>
              <FRBRthis value="/akn/un/statement/deliberation/unga/2019-12-27/74-259/spa@/!main/annex.xml"></FRBRthis>
              <FRBRuri value="/akn/un/statement/deliberation/unga/2019-12-27/74-259/spa@.xml"></FRBRuri>
              <FRBRdate date="2020-08-31" name="markup"></FRBRdate>
              <FRBRauthor href="DGACM" as="editor"></FRBRauthor>
            </FRBRManifestation>
          </identification>
        </meta>
        <mainBody>
        <paragraph eId="para_26" class="H1">
          <content eId="para_26__content">
            <p xml:space="preserve">
              <docType>Anexo</docType>
              <docTitle>Financiación del Mecanismo Residual Internacional de los Tribunales Penales para 2020</docTitle>
            </p>
          </content>
        </paragraph>
        <container name="table" eId="container_27">
          <table eId="container_27_table_1" akn4un:data-borders-info="{&quot;Top&quot;:{&quot;Style&quot;:&quot;none&quot;,&quot;Size&quot;:0,&quot;Space&quot;:0},&quot;Right&quot;:{&quot;Style&quot;:&quot;none&quot;,&quot;Size&quot;:0,&quot;Space&quot;:0},&quot;Bottom&quot;:{&quot;Style&quot;:&quot;none&quot;,&quot;Size&quot;:0,&quot;Space&quot;:0},&quot;Left&quot;:{&quot;Style&quot;:&quot;none&quot;,&quot;Size&quot;:0,&quot;Space&quot;:0},&quot;InsideHorizontal&quot;:{&quot;Style&quot;:&quot;none&quot;,&quot;Size&quot;:0,&quot;Space&quot;:0},&quot;InsideVertical&quot;:{&quot;Style&quot;:&quot;none&quot;,&quot;Size&quot;:0,&quot;Space&quot;:0}}" akn4un:data-width-type="0-auto">
            <tr>
              <th akn4un:data-borders-info="{&quot;Top&quot;:{&quot;Style&quot;:&quot;single&quot;,&quot;Size&quot;:4,&quot;Space&quot;:0},&quot;Right&quot;:{&quot;Style&quot;:&quot;nil&quot;,&quot;Size&quot;:null,&quot;Space&quot;:null},&quot;Bottom&quot;:{&quot;Style&quot;:&quot;single&quot;,&quot;Size&quot;:12,&quot;Space&quot;:0},&quot;Left&quot;:{&quot;Style&quot;:&quot;nil&quot;,&quot;Size&quot;:null,&quot;Space&quot;:null},&quot;InsideHorizontal&quot;:null,&quot;InsideVertical&quot;:null}" akn4un:data-vertical-align="bottom" rowspan="2" akn4un:data-width-type="5069-dxa"></th>
              <th akn4un:data-borders-info="{&quot;Top&quot;:{&quot;Style&quot;:&quot;single&quot;,&quot;Size&quot;:4,&quot;Space&quot;:0},&quot;Right&quot;:{&quot;Style&quot;:&quot;nil&quot;,&quot;Size&quot;:null,&quot;Space&quot;:null},&quot;Bottom&quot;:{&quot;Style&quot;:&quot;single&quot;,&quot;Size&quot;:4,&quot;Space&quot;:0},&quot;Left&quot;:{&quot;Style&quot;:&quot;nil&quot;,&quot;Size&quot;:null,&quot;Space&quot;:null},&quot;InsideHorizontal&quot;:null,&quot;InsideVertical&quot;:null}" akn4un:data-vertical-align="bottom" akn4un:data-width-type="1206-dxa" akn4un:data-justification="Right">
                <p>
                  <span class="italic">Cifras brutas</span>
                </p>
              </th>
              <th akn4un:data-borders-info="{&quot;Top&quot;:{&quot;Style&quot;:&quot;single&quot;,&quot;Size&quot;:4,&quot;Space&quot;:0},&quot;Right&quot;:{&quot;Style&quot;:&quot;nil&quot;,&quot;Size&quot;:null,&quot;Space&quot;:null},&quot;Bottom&quot;:{&quot;Style&quot;:&quot;single&quot;,&quot;Size&quot;:4,&quot;Space&quot;:0},&quot;Left&quot;:{&quot;Style&quot;:&quot;nil&quot;,&quot;Size&quot;:null,&quot;Space&quot;:null},&quot;InsideHorizontal&quot;:null,&quot;InsideVertical&quot;:null}" akn4un:data-vertical-align="bottom" akn4un:data-width-type="1045-dxa" akn4un:data-justification="Right">
                <p>
                  <span class="italic">Deducidas las contribuciones del personal</span>
                </p>
              </th>
            </tr>
            <tr>
              <th akn4un:data-borders-info="{&quot;Top&quot;:{&quot;Style&quot;:&quot;single&quot;,&quot;Size&quot;:4,&quot;Space&quot;:0},&quot;Right&quot;:{&quot;Style&quot;:&quot;nil&quot;,&quot;Size&quot;:null,&quot;Space&quot;:null},&quot;Bottom&quot;:{&quot;Style&quot;:&quot;single&quot;,&quot;Size&quot;:12,&quot;Space&quot;:0},&quot;Left&quot;:{&quot;Style&quot;:&quot;nil&quot;,&quot;Size&quot;:null,&quot;Space&quot;:null},&quot;InsideHorizontal&quot;:null,&quot;InsideVertical&quot;:null}" akn4un:data-vertical-align="bottom" colspan="2" akn4un:data-width-type="2251-dxa" akn4un:data-justification="Center">
                <p>
                  <span class="italic">(Dólares de los EE. UU.)</span>
                </p>
              </th>
            </tr>
            <tr>
              <th akn4un:data-borders-info="{&quot;Top&quot;:{&quot;Style&quot;:&quot;single&quot;,&quot;Size&quot;:12,&quot;Space&quot;:0},&quot;Right&quot;:{&quot;Style&quot;:&quot;nil&quot;,&quot;Size&quot;:null,&quot;Space&quot;:null},&quot;Bottom&quot;:{&quot;Style&quot;:&quot;nil&quot;,&quot;Size&quot;:null,&quot;Space&quot;:null},&quot;Left&quot;:{&quot;Style&quot;:&quot;nil&quot;,&quot;Size&quot;:null,&quot;Space&quot;:null},&quot;InsideHorizontal&quot;:null,&quot;InsideVertical&quot;:null}" akn4un:data-vertical-align="bottom" akn4un:data-width-type="5069-dxa"></th>
              <th akn4un:data-borders-info="{&quot;Top&quot;:{&quot;Style&quot;:&quot;single&quot;,&quot;Size&quot;:12,&quot;Space&quot;:0},&quot;Right&quot;:{&quot;Style&quot;:&quot;nil&quot;,&quot;Size&quot;:null,&quot;Space&quot;:null},&quot;Bottom&quot;:{&quot;Style&quot;:&quot;nil&quot;,&quot;Size&quot;:null,&quot;Space&quot;:null},&quot;Left&quot;:{&quot;Style&quot;:&quot;nil&quot;,&quot;Size&quot;:null,&quot;Space&quot;:null},&quot;InsideHorizontal&quot;:null,&quot;InsideVertical&quot;:null}" akn4un:data-vertical-align="bottom" akn4un:data-width-type="1206-dxa" akn4un:data-justification="Right"></th>
              <th akn4un:data-borders-info="{&quot;Top&quot;:{&quot;Style&quot;:&quot;single&quot;,&quot;Size&quot;:12,&quot;Space&quot;:0},&quot;Right&quot;:{&quot;Style&quot;:&quot;nil&quot;,&quot;Size&quot;:null,&quot;Space&quot;:null},&quot;Bottom&quot;:{&quot;Style&quot;:&quot;nil&quot;,&quot;Size&quot;:null,&quot;Space&quot;:null},&quot;Left&quot;:{&quot;Style&quot;:&quot;nil&quot;,&quot;Size&quot;:null,&quot;Space&quot;:null},&quot;InsideHorizontal&quot;:null,&quot;InsideVertical&quot;:null}" akn4un:data-vertical-align="bottom" akn4un:data-width-type="1045-dxa" akn4un:data-justification="Right"></th>
            </tr>
            <tr>
              <td akn4un:data-vertical-align="bottom" akn4un:data-width-type="5069-dxa">
                <p>Consignación estimada para 2020 (<a href="https://undocs.org/sp/A/74/355">A/74/355</a> y <a href="https://undocs.org/sp/A/74/355/Corr.1">A/74/355/Corr.1</a>)</p>
              </td>
              <td akn4un:data-vertical-align="bottom" akn4un:data-width-type="1206-dxa" akn4un:data-justification="Right">
                <p>106 054 900</p>
              </td>
              <td akn4un:data-vertical-align="bottom" akn4un:data-width-type="1045-dxa" akn4un:data-justification="Right">
                <p>94 793 800</p>
              </td>
            </tr>
            <tr>
              <td akn4un:data-vertical-align="bottom" akn4un:data-width-type="5069-dxa">
                <p>Estimaciones revisadas: efecto de las variaciones en los tipos de cambio y las tasas de inflación</p>
              </td>
              <td akn4un:data-vertical-align="bottom" akn4un:data-width-type="1206-dxa" akn4un:data-justification="Right">
                <p>(3 488 400)</p>
              </td>
              <td akn4un:data-vertical-align="bottom" akn4un:data-width-type="1045-dxa" akn4un:data-justification="Right">
                <p>(2 967 900)</p>
              </td>
            </tr>
            <tr>
              <td akn4un:data-vertical-align="bottom" akn4un:data-width-type="5069-dxa">
                <p>Recomendaciones de la Comisión Consultiva en Asuntos Administrativos y de Presupuesto<span class="italic"><sup>a</sup></span></p>
              </td>
              <td akn4un:data-vertical-align="bottom" akn4un:data-width-type="1206-dxa" akn4un:data-justification="Right">
                <p>(5 642 000)</p>
              </td>
              <td akn4un:data-vertical-align="bottom" akn4un:data-width-type="1045-dxa" akn4un:data-justification="Right">
                <p>(4 914 100)</p>
              </td>
            </tr>
            <tr>
              <td akn4un:data-borders-info="{&quot;Top&quot;:{&quot;Style&quot;:&quot;nil&quot;,&quot;Size&quot;:null,&quot;Space&quot;:null},&quot;Right&quot;:{&quot;Style&quot;:&quot;nil&quot;,&quot;Size&quot;:null,&quot;Space&quot;:null},&quot;Bottom&quot;:{&quot;Style&quot;:&quot;single&quot;,&quot;Size&quot;:4,&quot;Space&quot;:0},&quot;Left&quot;:{&quot;Style&quot;:&quot;nil&quot;,&quot;Size&quot;:null,&quot;Space&quot;:null},&quot;InsideHorizontal&quot;:null,&quot;InsideVertical&quot;:null}" akn4un:data-vertical-align="bottom" akn4un:data-width-type="5069-dxa">
                <p>Recomendaciones de la Quinta Comisión</p>
              </td>
              <td akn4un:data-borders-info="{&quot;Top&quot;:{&quot;Style&quot;:&quot;nil&quot;,&quot;Size&quot;:null,&quot;Space&quot;:null},&quot;Right&quot;:{&quot;Style&quot;:&quot;nil&quot;,&quot;Size&quot;:null,&quot;Space&quot;:null},&quot;Bottom&quot;:{&quot;Style&quot;:&quot;single&quot;,&quot;Size&quot;:4,&quot;Space&quot;:0},&quot;Left&quot;:{&quot;Style&quot;:&quot;nil&quot;,&quot;Size&quot;:null,&quot;Space&quot;:null},&quot;InsideHorizontal&quot;:null,&quot;InsideVertical&quot;:null}" akn4un:data-vertical-align="bottom" akn4un:data-width-type="1206-dxa" akn4un:data-justification="Right">
                <p>–</p>
              </td>
              <td akn4un:data-borders-info="{&quot;Top&quot;:{&quot;Style&quot;:&quot;nil&quot;,&quot;Size&quot;:null,&quot;Space&quot;:null},&quot;Right&quot;:{&quot;Style&quot;:&quot;nil&quot;,&quot;Size&quot;:null,&quot;Space&quot;:null},&quot;Bottom&quot;:{&quot;Style&quot;:&quot;single&quot;,&quot;Size&quot;:4,&quot;Space&quot;:0},&quot;Left&quot;:{&quot;Style&quot;:&quot;nil&quot;,&quot;Size&quot;:null,&quot;Space&quot;:null},&quot;InsideHorizontal&quot;:null,&quot;InsideVertical&quot;:null}" akn4un:data-vertical-align="bottom" akn4un:data-width-type="1045-dxa" akn4un:data-justification="Right">
                <p>–</p>
              </td>
            </tr>
            <tr>
              <td akn4un:data-borders-info="{&quot;Top&quot;:{&quot;Style&quot;:&quot;single&quot;,&quot;Size&quot;:4,&quot;Space&quot;:0},&quot;Right&quot;:{&quot;Style&quot;:&quot;nil&quot;,&quot;Size&quot;:null,&quot;Space&quot;:null},&quot;Bottom&quot;:{&quot;Style&quot;:&quot;single&quot;,&quot;Size&quot;:4,&quot;Space&quot;:0},&quot;Left&quot;:{&quot;Style&quot;:&quot;nil&quot;,&quot;Size&quot;:null,&quot;Space&quot;:null},&quot;InsideHorizontal&quot;:null,&quot;InsideVertical&quot;:null}" akn4un:data-vertical-align="bottom" akn4un:data-width-type="5069-dxa">
                <p>
                  <span class="bold">	Consignación inicial estimada para 2020</span>
                </p>
              </td>
              <td akn4un:data-borders-info="{&quot;Top&quot;:{&quot;Style&quot;:&quot;single&quot;,&quot;Size&quot;:4,&quot;Space&quot;:0},&quot;Right&quot;:{&quot;Style&quot;:&quot;nil&quot;,&quot;Size&quot;:null,&quot;Space&quot;:null},&quot;Bottom&quot;:{&quot;Style&quot;:&quot;single&quot;,&quot;Size&quot;:4,&quot;Space&quot;:0},&quot;Left&quot;:{&quot;Style&quot;:&quot;nil&quot;,&quot;Size&quot;:null,&quot;Space&quot;:null},&quot;InsideHorizontal&quot;:null,&quot;InsideVertical&quot;:null}" akn4un:data-vertical-align="bottom" akn4un:data-width-type="1206-dxa" akn4un:data-justification="Right">
                <p>
                  <span class="bold">96 924 500</span>
                </p>
              </td>
              <td akn4un:data-borders-info="{&quot;Top&quot;:{&quot;Style&quot;:&quot;single&quot;,&quot;Size&quot;:4,&quot;Space&quot;:0},&quot;Right&quot;:{&quot;Style&quot;:&quot;nil&quot;,&quot;Size&quot;:null,&quot;Space&quot;:null},&quot;Bottom&quot;:{&quot;Style&quot;:&quot;single&quot;,&quot;Size&quot;:4,&quot;Space&quot;:0},&quot;Left&quot;:{&quot;Style&quot;:&quot;nil&quot;,&quot;Size&quot;:null,&quot;Space&quot;:null},&quot;InsideHorizontal&quot;:null,&quot;InsideVertical&quot;:null}" akn4un:data-vertical-align="bottom" akn4un:data-width-type="1045-dxa" akn4un:data-justification="Right">
                <p>
                  <span class="bold">86 911 800</span>
                </p>
              </td>
            </tr>
            <tr>
              <td akn4un:data-borders-info="{&quot;Top&quot;:{&quot;Style&quot;:&quot;single&quot;,&quot;Size&quot;:4,&quot;Space&quot;:0},&quot;Right&quot;:{&quot;Style&quot;:&quot;nil&quot;,&quot;Size&quot;:null,&quot;Space&quot;:null},&quot;Bottom&quot;:{&quot;Style&quot;:&quot;nil&quot;,&quot;Size&quot;:null,&quot;Space&quot;:null},&quot;Left&quot;:{&quot;Style&quot;:&quot;nil&quot;,&quot;Size&quot;:null,&quot;Space&quot;:null},&quot;InsideHorizontal&quot;:null,&quot;InsideVertical&quot;:null}" akn4un:data-vertical-align="bottom" akn4un:data-width-type="5069-dxa">
                <p>Consignación inicial estimada para 2020</p>
              </td>
              <td akn4un:data-borders-info="{&quot;Top&quot;:{&quot;Style&quot;:&quot;single&quot;,&quot;Size&quot;:4,&quot;Space&quot;:0},&quot;Right&quot;:{&quot;Style&quot;:&quot;nil&quot;,&quot;Size&quot;:null,&quot;Space&quot;:null},&quot;Bottom&quot;:{&quot;Style&quot;:&quot;nil&quot;,&quot;Size&quot;:null,&quot;Space&quot;:null},&quot;Left&quot;:{&quot;Style&quot;:&quot;nil&quot;,&quot;Size&quot;:null,&quot;Space&quot;:null},&quot;InsideHorizontal&quot;:null,&quot;InsideVertical&quot;:null}" akn4un:data-vertical-align="bottom" akn4un:data-width-type="1206-dxa" akn4un:data-justification="Right"></td>
              <td akn4un:data-borders-info="{&quot;Top&quot;:{&quot;Style&quot;:&quot;single&quot;,&quot;Size&quot;:4,&quot;Space&quot;:0},&quot;Right&quot;:{&quot;Style&quot;:&quot;nil&quot;,&quot;Size&quot;:null,&quot;Space&quot;:null},&quot;Bottom&quot;:{&quot;Style&quot;:&quot;nil&quot;,&quot;Size&quot;:null,&quot;Space&quot;:null},&quot;Left&quot;:{&quot;Style&quot;:&quot;nil&quot;,&quot;Size&quot;:null,&quot;Space&quot;:null},&quot;InsideHorizontal&quot;:null,&quot;InsideVertical&quot;:null}" akn4un:data-vertical-align="bottom" akn4un:data-width-type="1045-dxa" akn4un:data-justification="Right"></td>
            </tr>
            <tr>
              <td akn4un:data-vertical-align="bottom" akn4un:data-width-type="5069-dxa">
                <p>	Necesidades de recursos para 2020</p>
              </td>
              <td akn4un:data-vertical-align="bottom" akn4un:data-width-type="1206-dxa" akn4un:data-justification="Right">
                <p>96 924 500</p>
              </td>
              <td akn4un:data-vertical-align="bottom" akn4un:data-width-type="1045-dxa" akn4un:data-justification="Right">
                <p>86 911 800</p>
              </td>
            </tr>
            <tr>
              <td akn4un:data-borders-info="{&quot;Top&quot;:{&quot;Style&quot;:&quot;nil&quot;,&quot;Size&quot;:null,&quot;Space&quot;:null},&quot;Right&quot;:{&quot;Style&quot;:&quot;nil&quot;,&quot;Size&quot;:null,&quot;Space&quot;:null},&quot;Bottom&quot;:{&quot;Style&quot;:&quot;single&quot;,&quot;Size&quot;:4,&quot;Space&quot;:0},&quot;Left&quot;:{&quot;Style&quot;:&quot;nil&quot;,&quot;Size&quot;:null,&quot;Space&quot;:null},&quot;InsideHorizontal&quot;:null,&quot;InsideVertical&quot;:null}" akn4un:data-vertical-align="bottom" akn4un:data-width-type="5069-dxa">
                <p>	Necesidades resultantes de la consignación definitiva para el bienio 2018-2019</p>
              </td>
              <td akn4un:data-borders-info="{&quot;Top&quot;:{&quot;Style&quot;:&quot;nil&quot;,&quot;Size&quot;:null,&quot;Space&quot;:null},&quot;Right&quot;:{&quot;Style&quot;:&quot;nil&quot;,&quot;Size&quot;:null,&quot;Space&quot;:null},&quot;Bottom&quot;:{&quot;Style&quot;:&quot;single&quot;,&quot;Size&quot;:4,&quot;Space&quot;:0},&quot;Left&quot;:{&quot;Style&quot;:&quot;nil&quot;,&quot;Size&quot;:null,&quot;Space&quot;:null},&quot;InsideHorizontal&quot;:null,&quot;InsideVertical&quot;:null}" akn4un:data-vertical-align="bottom" akn4un:data-width-type="1206-dxa" akn4un:data-justification="Right">
                <p>(10 292 300)</p>
              </td>
              <td akn4un:data-borders-info="{&quot;Top&quot;:{&quot;Style&quot;:&quot;nil&quot;,&quot;Size&quot;:null,&quot;Space&quot;:null},&quot;Right&quot;:{&quot;Style&quot;:&quot;nil&quot;,&quot;Size&quot;:null,&quot;Space&quot;:null},&quot;Bottom&quot;:{&quot;Style&quot;:&quot;single&quot;,&quot;Size&quot;:4,&quot;Space&quot;:0},&quot;Left&quot;:{&quot;Style&quot;:&quot;nil&quot;,&quot;Size&quot;:null,&quot;Space&quot;:null},&quot;InsideHorizontal&quot;:null,&quot;InsideVertical&quot;:null}" akn4un:data-vertical-align="bottom" akn4un:data-width-type="1045-dxa" akn4un:data-justification="Right">
                <p>(8 668 900)</p>
              </td>
            </tr>
            <tr>
              <td akn4un:data-borders-info="{&quot;Top&quot;:{&quot;Style&quot;:&quot;single&quot;,&quot;Size&quot;:4,&quot;Space&quot;:0},&quot;Right&quot;:{&quot;Style&quot;:&quot;nil&quot;,&quot;Size&quot;:null,&quot;Space&quot;:null},&quot;Bottom&quot;:{&quot;Style&quot;:&quot;single&quot;,&quot;Size&quot;:4,&quot;Space&quot;:0},&quot;Left&quot;:{&quot;Style&quot;:&quot;nil&quot;,&quot;Size&quot;:null,&quot;Space&quot;:null},&quot;InsideHorizontal&quot;:null,&quot;InsideVertical&quot;:null}" akn4un:data-vertical-align="bottom" akn4un:data-width-type="5069-dxa">
                <p>
                  <span class="bold">	Contribuciones netas prorrateadas entre los Estados Miembros para 2020</span>
                </p>
              </td>
              <td akn4un:data-borders-info="{&quot;Top&quot;:{&quot;Style&quot;:&quot;single&quot;,&quot;Size&quot;:4,&quot;Space&quot;:0},&quot;Right&quot;:{&quot;Style&quot;:&quot;nil&quot;,&quot;Size&quot;:null,&quot;Space&quot;:null},&quot;Bottom&quot;:{&quot;Style&quot;:&quot;single&quot;,&quot;Size&quot;:4,&quot;Space&quot;:0},&quot;Left&quot;:{&quot;Style&quot;:&quot;nil&quot;,&quot;Size&quot;:null,&quot;Space&quot;:null},&quot;InsideHorizontal&quot;:null,&quot;InsideVertical&quot;:null}" akn4un:data-vertical-align="bottom" akn4un:data-width-type="1206-dxa" akn4un:data-justification="Right">
                <p>
                  <span class="bold">86 632 200</span>
                </p>
              </td>
              <td akn4un:data-borders-info="{&quot;Top&quot;:{&quot;Style&quot;:&quot;single&quot;,&quot;Size&quot;:4,&quot;Space&quot;:0},&quot;Right&quot;:{&quot;Style&quot;:&quot;nil&quot;,&quot;Size&quot;:null,&quot;Space&quot;:null},&quot;Bottom&quot;:{&quot;Style&quot;:&quot;single&quot;,&quot;Size&quot;:4,&quot;Space&quot;:0},&quot;Left&quot;:{&quot;Style&quot;:&quot;nil&quot;,&quot;Size&quot;:null,&quot;Space&quot;:null},&quot;InsideHorizontal&quot;:null,&quot;InsideVertical&quot;:null}" akn4un:data-vertical-align="bottom" akn4un:data-width-type="1045-dxa" akn4un:data-justification="Right">
                <p>
                  <span class="bold">78 242 900</span>
                </p>
              </td>
            </tr>
            <tr>
              <td akn4un:data-borders-info="{&quot;Top&quot;:{&quot;Style&quot;:&quot;single&quot;,&quot;Size&quot;:4,&quot;Space&quot;:0},&quot;Right&quot;:{&quot;Style&quot;:&quot;nil&quot;,&quot;Size&quot;:null,&quot;Space&quot;:null},&quot;Bottom&quot;:{&quot;Style&quot;:&quot;nil&quot;,&quot;Size&quot;:null,&quot;Space&quot;:null},&quot;Left&quot;:{&quot;Style&quot;:&quot;nil&quot;,&quot;Size&quot;:null,&quot;Space&quot;:null},&quot;InsideHorizontal&quot;:null,&quot;InsideVertical&quot;:null}" akn4un:data-vertical-align="bottom" akn4un:data-width-type="5069-dxa">
                <p>
                  <span class="italic">Incluyen</span>:</p>
              </td>
              <td akn4un:data-borders-info="{&quot;Top&quot;:{&quot;Style&quot;:&quot;single&quot;,&quot;Size&quot;:4,&quot;Space&quot;:0},&quot;Right&quot;:{&quot;Style&quot;:&quot;nil&quot;,&quot;Size&quot;:null,&quot;Space&quot;:null},&quot;Bottom&quot;:{&quot;Style&quot;:&quot;nil&quot;,&quot;Size&quot;:null,&quot;Space&quot;:null},&quot;Left&quot;:{&quot;Style&quot;:&quot;nil&quot;,&quot;Size&quot;:null,&quot;Space&quot;:null},&quot;InsideHorizontal&quot;:null,&quot;InsideVertical&quot;:null}" akn4un:data-vertical-align="bottom" akn4un:data-width-type="1206-dxa" akn4un:data-justification="Right"></td>
              <td akn4un:data-borders-info="{&quot;Top&quot;:{&quot;Style&quot;:&quot;single&quot;,&quot;Size&quot;:4,&quot;Space&quot;:0},&quot;Right&quot;:{&quot;Style&quot;:&quot;nil&quot;,&quot;Size&quot;:null,&quot;Space&quot;:null},&quot;Bottom&quot;:{&quot;Style&quot;:&quot;nil&quot;,&quot;Size&quot;:null,&quot;Space&quot;:null},&quot;Left&quot;:{&quot;Style&quot;:&quot;nil&quot;,&quot;Size&quot;:null,&quot;Space&quot;:null},&quot;InsideHorizontal&quot;:null,&quot;InsideVertical&quot;:null}" akn4un:data-vertical-align="bottom" akn4un:data-width-type="1045-dxa" akn4un:data-justification="Right"></td>
            </tr>
            <tr>
              <td akn4un:data-vertical-align="bottom" akn4un:data-width-type="5069-dxa">
                <p>	Contribuciones prorrateadas entre los Estados Miembros con arreglo a la escala de cuotas aplicable al presupuesto ordinario de las Naciones Unidas para 2020</p>
              </td>
              <td akn4un:data-vertical-align="bottom" akn4un:data-width-type="1206-dxa" akn4un:data-justification="Right">
                <p>43 316 100</p>
              </td>
              <td akn4un:data-vertical-align="bottom" akn4un:data-width-type="1045-dxa" akn4un:data-justification="Right">
                <p>39 121 450</p>
              </td>
            </tr>
            <tr>
              <td akn4un:data-borders-info="{&quot;Top&quot;:{&quot;Style&quot;:&quot;nil&quot;,&quot;Size&quot;:null,&quot;Space&quot;:null},&quot;Right&quot;:{&quot;Style&quot;:&quot;nil&quot;,&quot;Size&quot;:null,&quot;Space&quot;:null},&quot;Bottom&quot;:{&quot;Style&quot;:&quot;single&quot;,&quot;Size&quot;:12,&quot;Space&quot;:0},&quot;Left&quot;:{&quot;Style&quot;:&quot;nil&quot;,&quot;Size&quot;:null,&quot;Space&quot;:null},&quot;InsideHorizontal&quot;:null,&quot;InsideVertical&quot;:null}" akn4un:data-vertical-align="bottom" akn4un:data-width-type="5069-dxa">
                <p>	Contribuciones prorrateadas entre los Estados Miembros con arreglo a la escala de cuotas aplicable a las operaciones de mantenimiento de la paz de las Naciones Unidas para 2020</p>
              </td>
              <td akn4un:data-borders-info="{&quot;Top&quot;:{&quot;Style&quot;:&quot;nil&quot;,&quot;Size&quot;:null,&quot;Space&quot;:null},&quot;Right&quot;:{&quot;Style&quot;:&quot;nil&quot;,&quot;Size&quot;:null,&quot;Space&quot;:null},&quot;Bottom&quot;:{&quot;Style&quot;:&quot;single&quot;,&quot;Size&quot;:12,&quot;Space&quot;:0},&quot;Left&quot;:{&quot;Style&quot;:&quot;nil&quot;,&quot;Size&quot;:null,&quot;Space&quot;:null},&quot;InsideHorizontal&quot;:null,&quot;InsideVertical&quot;:null}" akn4un:data-vertical-align="bottom" akn4un:data-width-type="1206-dxa" akn4un:data-justification="Right">
                <p>43 316 100</p>
              </td>
              <td akn4un:data-borders-info="{&quot;Top&quot;:{&quot;Style&quot;:&quot;nil&quot;,&quot;Size&quot;:null,&quot;Space&quot;:null},&quot;Right&quot;:{&quot;Style&quot;:&quot;nil&quot;,&quot;Size&quot;:null,&quot;Space&quot;:null},&quot;Bottom&quot;:{&quot;Style&quot;:&quot;single&quot;,&quot;Size&quot;:12,&quot;Space&quot;:0},&quot;Left&quot;:{&quot;Style&quot;:&quot;nil&quot;,&quot;Size&quot;:null,&quot;Space&quot;:null},&quot;InsideHorizontal&quot;:null,&quot;InsideVertical&quot;:null}" akn4un:data-vertical-align="bottom" akn4un:data-width-type="1045-dxa" akn4un:data-justification="Right">
                <p>39 121 450</p>
              </td>
            </tr>
          </table>
        </container>
        <paragraph eId="para_28" class="FootnoteText">
          <content eId="para_28__content">
            <p xml:space="preserve">
              <span class="italic">
                <sup>	a</sup>
              </span> 	Después del ajuste. </p>
          </content>
        </paragraph>
        </mainBody>
      </doc>
    </attachment>
    </attachments>
  </statement>
</akomaNtoso>