<akomaNtoso xmlns:xsi="http://www.w3.org/2001/XMLSchema-instance" xsi:schemaLocation="http://docs.oasis-open.org/legaldocml/ns/akn/3.0 http://docs.oasis-open.org/legaldocml/akn-core/v1.0/os/part2-specs/schemas/akomantoso30.xsd" xmlns="http://docs.oasis-open.org/legaldocml/ns/akn/3.0" xmlns:html="http://www.w3.org/1999/xhtml" xmlns:akn4un="http://un.org/akn4un">
  <statement name="resolution">
    <meta>
      <identification source="#DGACM">
        <FRBRWork>
          <FRBRthis value="/akn/un/statement/deliberation/unga/2019-12-12/74-26/!main/"></FRBRthis>
          <FRBRuri value="/akn/un/statement/deliberation/unga/2019-12-12/74-26/"></FRBRuri>
          <FRBRdate date="2019-12-12" name="adoption"></FRBRdate>
          <FRBRauthor href="ga" as="author"></FRBRauthor>
          <FRBRcountry value="un"></FRBRcountry>
        </FRBRWork>
        <FRBRExpression>
          <FRBRthis value="/akn/un/statement/deliberation/unga/2019-12-12/74-26/spa@!main/"></FRBRthis>
          <FRBRuri value="/akn/un/statement/deliberation/unga/2019-12-12/74-26/spa@/"></FRBRuri>
          <FRBRdate date="2019-12-18" name="publication"></FRBRdate>
          <FRBRauthor href="ga" as="issuer"></FRBRauthor>
          <FRBRlanguage language="spa"></FRBRlanguage>
        </FRBRExpression>
        <FRBRManifestation>
          <FRBRthis value="/akn/un/statement/deliberation/unga/2019-12-12/74-26/spa@/!main.xml"></FRBRthis>
          <FRBRuri value="/akn/un/statement/deliberation/unga/2019-12-12/74-26/spa@.xml"></FRBRuri>
          <FRBRdate date="2020-08-17" name="markup"></FRBRdate>
          <FRBRauthor href="DGACM" as="editor"></FRBRauthor>
        </FRBRManifestation>
      </identification>
      <classification source="http://metadata.un.org/sdg">
        <keyword value="7" href="http://metadata.un.org/sdg/7" showAs="sdg_7" dictionary="SDGO"></keyword>
        <keyword value="66_energy" href="http://eurovoc.europa.eu/100159" showAs="66_energy" dictionary="EuroVoc"></keyword>
        <keyword value="energy_market" href="http://eurovoc.europa.eu/4886" showAs="energy_market" dictionary="EuroVoc"></keyword>
        <keyword value="sustainable_energy" href="http://metadata.un.org/thesaurus/1006320" showAs="sustainable_energy" dictionary="UNBIS Thesaurus"></keyword>
      </classification>
      <classification source="http://metadata.un.org/sdg">
        <keyword value="8" href="http://metadata.un.org/sdg/8" showAs="sdg_8" dictionary="SDGO"></keyword>
        <keyword value="economic_growth" href="http://eurovoc.europa.eu/310" showAs="economic_growth" dictionary="EuroVoc"></keyword>
        <keyword value="full_employment" href="http://eurovoc.europa.eu/2427" showAs="full_employment" dictionary="EuroVoc"></keyword>
        <keyword value="unemployment" href="http://eurovoc.europa.eu/5974" showAs="unemployment" dictionary="EuroVoc"></keyword>
        <keyword value="economic_growth" href="http://metadata.un.org/thesaurus/1001854" showAs="economic_growth" dictionary="UNBIS Thesaurus"></keyword>
        <keyword value="employment" href="http://metadata.un.org/thesaurus/1002007" showAs="employment" dictionary="UNBIS Thesaurus"></keyword>
        <keyword value="full_employment" href="http://metadata.un.org/thesaurus/1002563" showAs="full_employment" dictionary="UNBIS Thesaurus"></keyword>
        <keyword value="unemployment" href="http://metadata.un.org/thesaurus/1006773" showAs="unemployment" dictionary="UNBIS Thesaurus"></keyword>
      </classification>
      <classification source="http://metadata.un.org/sdg">
        <keyword value="12" href="http://metadata.un.org/sdg/12" showAs="sdg_12" dictionary="SDGO"></keyword>
        <keyword value="consumption" href="http://eurovoc.europa.eu/139" showAs="consumption" dictionary="EuroVoc"></keyword>
        <keyword value="production" href="http://eurovoc.europa.eu/2707" showAs="production" dictionary="EuroVoc"></keyword>
        <keyword value="sustainable_consumption" href="http://metadata.un.org/thesaurus/1006318" showAs="sustainable_consumption" dictionary="UNBIS Thesaurus"></keyword>
        <keyword value="consumption" href="http://metadata.un.org/thesaurus/1001264" showAs="consumption" dictionary="UNBIS Thesaurus"></keyword>
        <keyword value="production" href="http://metadata.un.org/thesaurus/1005146" showAs="production" dictionary="UNBIS Thesaurus"></keyword>
      </classification>
      <workflow source="#un">
        <step date="2019-10-21" outcome="draftResolution" as="A/C.1/74/L.36" by="Australia, Austria, Canada, Georgia, Kazakhstan, Nigeria (on behalf of the States Members of the United Nations that are members of the Group of African States) and Portugal" />
        <step date="0001-01-01" outcome="draftResolutionAdditionalSponsors" by="Haiti, Kyrgyzstan, Malta, Mexico, Samoa and Turkey" />
        <step date="0001-01-01" outcome="recommendedForAdoption" as="A/74/362" by="" refersTo="7" />
        <step date="2019-12-12" outcome="adopted" as="A/74/PV.46" by="" />
      </workflow>
      <analysis source="#un">
        <parliamentary>
          <voting outcome="adoptedWithoutVote">
            <quorum value=""></quorum>
          </voting>
        </parliamentary>
      </analysis>
      <references source="#DGACM">
        <TLCOrganization eId="source" href="/akn/ontology/organization/un/DGACM" showAs="DGACM"></TLCOrganization>
        <TLCConcept eId="dateOfIssuance" href="/akn/ontology/concept/un/dateOfIssuance" showAs="Date of issuance"></TLCConcept>
        <TLCConcept eId="dateOfAdoption" href="/akn/ontology/concept/un/dateOfAdoption" showAs="Date of adoption"></TLCConcept>
        <TLCConcept eId="symbol" href="/akn/ontology/reference/un/symbol" showAs="Symbol"></TLCConcept>
        <TLCRole eId="publisher" href="/akn/ontology/role/un/publisher" showAs="Publisher"></TLCRole>
        <TLCRole eId="issuingBody" href="/akn/role/concept/un/issuingBody" showAs="Issuing body"></TLCRole>
        <TLCRole eId="author" href="/akn/ontology/role/un/author" showAs="Author"></TLCRole>
        <TLCRole eId="editor" href="/akn/ontology/role/un/editor" showAs="Editor"></TLCRole>
        <TLCRole eId="distribution" href="/akn/ontology/concept/un/generalDistribution" showAs="General distribution"></TLCRole>
        <TLCOrganization eId="ga" href="/akn/ontology/organization/un/generalAssembly" showAs="General Assembly"></TLCOrganization>
        <TLCTerm eId="resolutionTitle" href="/akn/ontology/reference/un/resolutionTitle" showAs="Resolution title"></TLCTerm>
        <TLCTerm eId="firstCommittee" href="#firstCommittee" showAs="Primera Comisión"></TLCTerm>
        <TLCTerm eId="memberState" href="/akn/ontology/organization/un/memberState" showAs="Member State"></TLCTerm>
        <TLCTerm eId="inFavour" href="/akn/ontology/concept/un/voting/inFavour" showAs="In favour"></TLCTerm>
        <TLCTerm eId="against" href="/akn/ontology/concept/un/voting/against" showAs="Against"></TLCTerm>
        <TLCTerm eId="abstaining" href="/akn/ontology/concept/un/voting/abstaining" showAs="Abstaining"></TLCTerm>
      </references>
      <presentation source="#un">
        <akn4un:footerFirstPage>
          <akn4un:footerFirstPageLeft>
            <akn4un:internalCode>
              <docketNumber refersTo="#publicationJobNumber">19-21676 (S)</docketNumber>
              <img alt="bar code" class="barCode" src=""></img>
            </akn4un:internalCode>
          </akn4un:footerFirstPageLeft>
          <akn4un:footerFirstPageRight>
            <img alt="Please recycle" class="image" src="./recylcleLogo.jpg"></img>
            <img alt="embedded QR code" class="qrCode" src=""></img>
          </akn4un:footerFirstPageRight>
        </akn4un:footerFirstPage>
      </presentation>
    </meta>
    <coverPage eId="coverPage_1">
      <p>
        <span refersTo="#publisher" class="upperLeft">
          <docAuthority refersTo="#publisher">Naciones Unidas</docAuthority>
        </span>
      </p>
      <p class="upperRight">
        <docNumber refersTo="#symbol">A/RES/74/26</docNumber>
      </p>
      <p class="upperLeft">
        <img src="logo-un.jpg"></img>
        <docAuthority refersTo="#issuingBody" class="rightBig">Asamblea General</docAuthority>
      </p>
      <p>
        <docStatus refersTo="#generalDistribution" class="rightSmall">Distr. general</docStatus>
      </p>
      <p>
        <docDate date="2019-12-18" class="rightSmall" refersTo="#dateOfIssuance">18 de diciembre de 2019</docDate>
      </p>
      <p>
        <session refersTo="#generalAssembly" value="74" eId="coverPage_1__session_1">Septuagésimo cuarto período de sesiones</session>
      </p>
      <p>
        <inline name="agenda item">Tema 91 del programa</inline>
      </p>
      <p>
        <inline name="agenda item name">Tratado sobre una Zona Libre de Armas Nucleares en África</inline>
      </p>
      <p>
        <docTitle>Resolución aprobada por la Asamblea General el 12 de diciembre de 2019</docTitle>
      </p>
      <p xml:space="preserve">
        <docProponent refersTo="#firstCommittee">[sobre la base del informe de la Primera Comisión (<inline name="originating document">A/74/362</inline>)]</docProponent>
      </p>
    </coverPage>
    <preface>
      <p>
        <docNumber>74/26.</docNumber>
        <docTitle refersTo="#resolutionTitle">Tratado sobre una Zona Libre de Armas Nucleares en África</docTitle>
      </p>
    </preface>
    <preamble>
      <formula name="enactingFormula" eId="formula_1">
        <p xml:space="preserve">
          <span class="italic">La Asamblea General</span>,</p>
      </formula>
      <container name="&#x9;Recordando" eId="container_2">
        <p xml:space="preserve">
          <span class="italic">	Recordando</span> sus resoluciones <a href="https://undocs.org/sp/A/RES/51/53">51/53</a>, de 10 de diciembre de 1996, y <a href="https://undocs.org/sp/A/RES/56/17">56/17</a>, de 29 de noviembre de 2001, y todas sus demás resoluciones pertinentes, así como las resoluciones de la Organización de la Unidad Africana y de la Unión Africana,</p>
      </container>
      <container name="Recordando también" eId="container_3">
        <p xml:space="preserve">
          <span class="italic">Recordando también</span> la firma del Tratado sobre una Zona Libre de Armas Nucleares en África (Tratado de Pelindaba) en El Cairo el 11 de abril de 1996<authorialNote marker="1" placement="bottom" eId="authorialNote_1"><p xml:space="preserve"><a href="https://undocs.org/sp/A/50/426">A/50/426</a>, anexo.</p></authorialNote>,</p>
      </container>
      <container name="&#x9;Recordando además" eId="container_4">
        <p xml:space="preserve">
          <span class="italic">	Recordando además</span> la Declaración de El Cairo aprobada en esa ocasión<authorialNote marker="2" placement="bottom" eId="authorialNote_2"><p xml:space="preserve"><a href="https://undocs.org/sp/A/51/113">A/51/113-S/1996/276</a>, anexo.</p></authorialNote>, en la que se subrayó que las zonas libres de armas nucleares, especialmente en regiones de tirantez como Oriente Medio, contribuían a la paz y la seguridad mundiales y regionales,</p>
      </container>
      <container name="Recordando " eId="container_5">
        <p xml:space="preserve">
          <span class="italic">Recordando </span>la declaración formulada el 12 de abril de 1996 por el Presidente del Consejo de Seguridad, en nombre de los miembros del Consejo<authorialNote marker="3" placement="bottom" eId="authorialNote_3"><p xml:space="preserve"><a href="https://undocs.org/sp/S/PRST/1996/17">S/PRST/1996/17</a>; véase<span class="italic"> Resoluciones y Decisiones del Consejo de Seguridad</span>, <span class="italic">1996 </span>(<a href="https://undocs.org/sp/S/INF/52">S/INF/52</a>).</p></authorialNote>, en la que el Consejo consideró que la firma del Tratado constituía una contribución importante de los Estados africanos al mantenimiento de la paz y la seguridad internacionales,</p>
      </container>
      <container name="&#x9;Considerando" eId="container_6">
        <p xml:space="preserve">
          <span class="italic">	Considerando</span> que el establecimiento de zonas libres de armas nucleares, especialmente en Oriente Medio, fortalecería la seguridad de África y la viabilidad de la zona libre de armas nucleares en África,</p>
      </container>
    </preamble>
    <mainBody>
      <paragraph eId="para_7" class="MercuryDocument">
        <num>	1.</num>
        <content eId="para_7__content">
          <p xml:space="preserve">
            <span class="italic">Recuerda con satisfacción </span>la entrada en vigor del Tratado sobre una Zona Libre de Armas Nucleares en África (Tratado de Pelindaba)<sup>1</sup> el 15 de julio de 2009;</p>
        </content>
      </paragraph>
      <paragraph eId="para_8" class="MercuryDocument">
        <num>	2.</num>
        <content eId="para_8__content">
          <p xml:space="preserve">
            <span class="italic">	Exhorta </span>a los Estados de África que aún no lo hayan hecho a que firmen y ratifiquen el Tratado lo antes posible;</p>
        </content>
      </paragraph>
      <paragraph eId="para_9" class="MercuryDocument">
        <num>	3.</num>
        <content eId="para_9__content">
          <p xml:space="preserve">
            <span class="italic">Recuerda </span>la celebración de la Primera Conferencia de los Estados Partes en el Tratado sobre una Zona Libre de Armas Nucleares en África (Tratado de Pelindaba) el 4 de noviembre de 2010, la Segunda Conferencia de los Estados Partes los días 12 y 13 de noviembre de 2012, la Tercera Conferencia de los Estados Partes los días 29 y 30 de mayo de 2014, y la Cuarta Conferencia de los Estados Partes los días 14 y 15 de marzo de 2018, todas las cuales tuvieron lugar en Addis Abeba;</p>
        </content>
      </paragraph>
      <paragraph eId="para_10" class="MercuryDocument">
        <num>	4.</num>
        <content eId="para_10__content">
          <p xml:space="preserve">
            <span class="italic">Expresa su reconocimiento</span> a los Estados poseedores de armas nucleares que han firmado los Protocolos del Tratado<sup>1</sup> que les conciernen, y exhorta a los que aún no han ratificado los Protocolos que les conciernen a que lo hagan lo antes posible;</p>
        </content>
      </paragraph>
      <paragraph eId="para_11" class="MercuryDocument">
        <num>	5.</num>
        <content eId="para_11__content">
          <p xml:space="preserve">
            <span class="italic">Exhorta</span> a los Estados a que se refiere el Protocolo III del Tratado que aún no lo hayan hecho a que adopten todas las medidas necesarias a fin de garantizar la pronta aplicación del Tratado en los territorios situados en la zona geográfica establecida en el Tratado que estén, <span class="italic">de iure</span> o <span class="italic">de facto</span>, bajo su responsabilidad internacional;</p>
        </content>
      </paragraph>
      <paragraph eId="para_12" class="MercuryDocument">
        <num>	6.</num>
        <content eId="para_12__content">
          <p xml:space="preserve">
            <span class="italic">Exhorta</span> a los Estados de África que son partes en el Tratado sobre la No Proliferación de las Armas Nucleares<authorialNote marker="4" placement="bottom" eId="authorialNote_4"><p xml:space="preserve">		Naciones Unidas, <span class="italic">Treaty Series</span>, vol. 729, núm. 10485.</p></authorialNote> que aún no lo hayan hecho a que concierten acuerdos de salvaguardias amplias con el Organismo Internacional de Energía Atómica de conformidad con lo dispuesto en dicho Tratado, con lo cual cumplirán las disposiciones del artículo 9 b) y del anexo II del Tratado de Pelindaba, y los alienta a que concierten protocolos adicionales a sus acuerdos de salvaguardias sobre la base del modelo de protocolo aprobado por la Junta de Gobernadores del Organismo el 15 de mayo de 1997;</p>
        </content>
      </paragraph>
      <paragraph eId="para_13" class="MercuryDocument">
        <num>	7.</num>
        <content eId="para_13__content">
          <p xml:space="preserve">
            <span class="italic">Expresa su gratitud</span> al Secretario General de las Naciones Unidas, al Presidente de la Comisión de la Unión Africana y al Director General del Organismo Internacional de Energía Atómica por la diligencia con que han prestado eficaz asistencia a los signatarios del Tratado;</p>
        </content>
      </paragraph>
      <paragraph eId="para_14" class="MercuryDocument">
        <num>	8.</num>
        <content eId="para_14__content">
          <p xml:space="preserve">
            <span class="italic">Decide</span> incluir en el programa provisional de su septuagésimo quinto período de sesiones el tema titulado “Tratado sobre una Zona Libre de Armas Nucleares en África”.</p>
        </content>
      </paragraph>
    </mainBody>
    <conclusions eId="conclusions">
      <p>
        <inline name="adoptionMeeting" title="46a">46a sesión plenaria</inline>
        <eol />
        <docDate date="2019-12-12" refersTo="#adoptionDate">12 de diciembre de 2019</docDate>
      </p>
    </conclusions>
  </statement>
</akomaNtoso>