<akomaNtoso xmlns:xsi="http://www.w3.org/2001/XMLSchema-instance" xsi:schemaLocation="http://docs.oasis-open.org/legaldocml/ns/akn/3.0 http://docs.oasis-open.org/legaldocml/akn-core/v1.0/os/part2-specs/schemas/akomantoso30.xsd" xmlns="http://docs.oasis-open.org/legaldocml/ns/akn/3.0" xmlns:html="http://www.w3.org/1999/xhtml" xmlns:akn4un="http://un.org/akn4un">
  <statement name="resolution">
    <meta>
      <identification source="#DGACM">
        <FRBRWork>
          <FRBRthis value="/akn/un/statement/deliberation/unga/2019-12-19/74-230/!main/"></FRBRthis>
          <FRBRuri value="/akn/un/statement/deliberation/unga/2019-12-19/74-230/"></FRBRuri>
          <FRBRdate date="2019-12-19" name="adoption"></FRBRdate>
          <FRBRauthor href="ga" as="author"></FRBRauthor>
          <FRBRcountry value="un"></FRBRcountry>
        </FRBRWork>
        <FRBRExpression>
          <FRBRthis value="/akn/un/statement/deliberation/unga/2019-12-19/74-230/spa@!main/"></FRBRthis>
          <FRBRuri value="/akn/un/statement/deliberation/unga/2019-12-19/74-230/spa@/"></FRBRuri>
          <FRBRdate date="2020-01-16" name="publication"></FRBRdate>
          <FRBRauthor href="ga" as="issuer"></FRBRauthor>
          <FRBRlanguage language="spa"></FRBRlanguage>
        </FRBRExpression>
        <FRBRManifestation>
          <FRBRthis value="/akn/un/statement/deliberation/unga/2019-12-19/74-230/spa@/!main.xml"></FRBRthis>
          <FRBRuri value="/akn/un/statement/deliberation/unga/2019-12-19/74-230/spa@.xml"></FRBRuri>
          <FRBRdate date="2020-08-17" name="markup"></FRBRdate>
          <FRBRauthor href="DGACM" as="editor"></FRBRauthor>
        </FRBRManifestation>
      </identification>
      <classification source="http://metadata.un.org/sdg">
        <keyword value="2" href="http://metadata.un.org/sdg/2" showAs="sdg_2" dictionary="SDGO"></keyword>
        <keyword value="food_shortage" href="http://eurovoc.europa.eu/2318" showAs="food_shortage" dictionary="EuroVoc"></keyword>
        <keyword value="sustainable_agriculture" href="http://eurovoc.europa.eu/6308" showAs="sustainable_agriculture" dictionary="EuroVoc"></keyword>
        <keyword value="food_security" href="http://eurovoc.europa.eu/c_4523e1dd" showAs="food_security" dictionary="EuroVoc"></keyword>
        <keyword value="food_security" href="http://metadata.un.org/thesaurus/1002439" showAs="food_security" dictionary="UNBIS Thesaurus"></keyword>
        <keyword value="food_shortage" href="http://metadata.un.org/thesaurus/1002440" showAs="food_shortage" dictionary="UNBIS Thesaurus"></keyword>
        <keyword value="hunger" href="http://metadata.un.org/thesaurus/1003004" showAs="hunger" dictionary="UNBIS Thesaurus"></keyword>
        <keyword value="sustainable_agriculture" href="http://metadata.un.org/thesaurus/1006317" showAs="sustainable_agriculture" dictionary="UNBIS Thesaurus"></keyword>
      </classification>
      <classification source="http://metadata.un.org/sdg">
        <keyword value="10" href="http://metadata.un.org/sdg/10" showAs="sdg_10" dictionary="SDGO"></keyword>
        <keyword value="social_inequality" href="http://eurovoc.europa.eu/1420" showAs="social_inequality" dictionary="EuroVoc"></keyword>
        <keyword value="equality" href="http://metadata.un.org/thesaurus/1002102" showAs="equality" dictionary="UNBIS Thesaurus"></keyword>
      </classification>
      <classification source="http://metadata.un.org/sdg">
        <keyword value="11" href="http://metadata.un.org/sdg/11" showAs="sdg_11" dictionary="SDGO"></keyword>
        <keyword value="urban_area" href="http://eurovoc.europa.eu/4809" showAs="urban_area" dictionary="EuroVoc"></keyword>
        <keyword value="cities" href="http://metadata.un.org/thesaurus/1000995" showAs="cities" dictionary="UNBIS Thesaurus"></keyword>
        <keyword value="human_settlements" href="http://metadata.un.org/thesaurus/1002986" showAs="human_settlements" dictionary="UNBIS Thesaurus"></keyword>
      </classification>
      <classification source="http://metadata.un.org/sdg">
        <keyword value="16" href="http://metadata.un.org/sdg/16" showAs="sdg_16" dictionary="SDGO"></keyword>
        <keyword value="right_to_justice" href="http://eurovoc.europa.eu/516" showAs="right_to_justice" dictionary="EuroVoc"></keyword>
        <keyword value="sustainable_development" href="http://eurovoc.europa.eu/5585" showAs="sustainable_development" dictionary="EuroVoc"></keyword>
        <keyword value="civil_society" href="http://metadata.un.org/thesaurus/1001012" showAs="civil_society" dictionary="UNBIS Thesaurus"></keyword>
        <keyword value="justice" href="http://metadata.un.org/thesaurus/1003500" showAs="justice" dictionary="UNBIS Thesaurus"></keyword>
        <keyword value="peaceful_coexistence" href="http://metadata.un.org/thesaurus/1004777" showAs="peaceful_coexistence" dictionary="UNBIS Thesaurus"></keyword>
        <keyword value="public_institutions" href="http://metadata.un.org/thesaurus/1005254" showAs="public_institutions" dictionary="UNBIS Thesaurus"></keyword>
        <keyword value="social_justice" href="http://metadata.un.org/thesaurus/1005970" showAs="social_justice" dictionary="UNBIS Thesaurus"></keyword>
        <keyword value="sustainable_development" href="http://metadata.un.org/thesaurus/1006319" showAs="sustainable_development" dictionary="UNBIS Thesaurus"></keyword>
      </classification>
      <classification source="http://metadata.un.org/sdg">
        <keyword value="17" href="http://metadata.un.org/sdg/17" showAs="sdg_17" dictionary="SDGO"></keyword>
        <keyword value="sustainable_development" href="http://eurovoc.europa.eu/5585" showAs="sustainable_development" dictionary="EuroVoc"></keyword>
        <keyword value="partnership" href="http://eurovoc.europa.eu/4199" showAs="partnership" dictionary="EuroVoc"></keyword>
        <keyword value="sustainable_development" href="http://metadata.un.org/thesaurus/1006319" showAs="sustainable_development" dictionary="UNBIS Thesaurus"></keyword>
        <keyword value="partnership" href="http://metadata.un.org/thesaurus/1004748" showAs="partnership" dictionary="UNBIS Thesaurus"></keyword>
      </classification>
      <workflow source="#un">
        <step date="2019-11-19" outcome="draftResolution" as="A/C.2/74/L.51" by="submitted by the Vice-Chair of the Committee" />
        <step date="0001-01-01" outcome="draftResolutionAdditionalSponsors" by="" />
        <step date="0001-01-01" outcome="recommendedForAdoption" as="A/74/382/Add.3" by="" refersTo="8" />
        <step date="2019-12-19" outcome="adopted" as="A/74/PV.52" by="" />
      </workflow>
      <analysis source="#un">
        <parliamentary>
          <voting outcome="adoptedWithoutVote">
            <quorum value=""></quorum>
          </voting>
        </parliamentary>
      </analysis>
      <references source="#DGACM">
        <TLCOrganization eId="source" href="/akn/ontology/organization/un/DGACM" showAs="DGACM"></TLCOrganization>
        <TLCConcept eId="dateOfIssuance" href="/akn/ontology/concept/un/dateOfIssuance" showAs="Date of issuance"></TLCConcept>
        <TLCConcept eId="dateOfAdoption" href="/akn/ontology/concept/un/dateOfAdoption" showAs="Date of adoption"></TLCConcept>
        <TLCConcept eId="symbol" href="/akn/ontology/reference/un/symbol" showAs="Symbol"></TLCConcept>
        <TLCRole eId="publisher" href="/akn/ontology/role/un/publisher" showAs="Publisher"></TLCRole>
        <TLCRole eId="issuingBody" href="/akn/role/concept/un/issuingBody" showAs="Issuing body"></TLCRole>
        <TLCRole eId="author" href="/akn/ontology/role/un/author" showAs="Author"></TLCRole>
        <TLCRole eId="editor" href="/akn/ontology/role/un/editor" showAs="Editor"></TLCRole>
        <TLCRole eId="distribution" href="/akn/ontology/concept/un/generalDistribution" showAs="General distribution"></TLCRole>
        <TLCOrganization eId="ga" href="/akn/ontology/organization/un/generalAssembly" showAs="General Assembly"></TLCOrganization>
        <TLCTerm eId="resolutionTitle" href="/akn/ontology/reference/un/resolutionTitle" showAs="Resolution title"></TLCTerm>
        <TLCTerm eId="secondCommittee" href="#secondCommittee" showAs="Segunda Comisión"></TLCTerm>
        <TLCTerm eId="memberState" href="/akn/ontology/organization/un/memberState" showAs="Member State"></TLCTerm>
        <TLCTerm eId="inFavour" href="/akn/ontology/concept/un/voting/inFavour" showAs="In favour"></TLCTerm>
        <TLCTerm eId="against" href="/akn/ontology/concept/un/voting/against" showAs="Against"></TLCTerm>
        <TLCTerm eId="abstaining" href="/akn/ontology/concept/un/voting/abstaining" showAs="Abstaining"></TLCTerm>
      </references>
      <presentation source="#un">
        <akn4un:footerFirstPage>
          <akn4un:footerFirstPageLeft>
            <akn4un:internalCode>
              <docketNumber refersTo="#publicationJobNumber">19-22502 (S)</docketNumber>
              <img alt="bar code" class="barCode" src=""></img>
            </akn4un:internalCode>
          </akn4un:footerFirstPageLeft>
          <akn4un:footerFirstPageRight>
            <img alt="Please recycle" class="image" src="./recylcleLogo.jpg"></img>
            <img alt="embedded QR code" class="qrCode" src=""></img>
          </akn4un:footerFirstPageRight>
        </akn4un:footerFirstPage>
      </presentation>
    </meta>
    <coverPage eId="coverPage_1">
      <p>
        <span refersTo="#publisher" class="upperLeft">
          <docAuthority refersTo="#publisher">Naciones Unidas</docAuthority>
        </span>
      </p>
      <p class="upperRight">
        <docNumber refersTo="#symbol">A/RES/74/230</docNumber>
      </p>
      <p class="upperLeft">
        <img src="logo-un.jpg"></img>
        <docAuthority refersTo="#issuingBody" class="rightBig">Asamblea General</docAuthority>
      </p>
      <p>
        <docStatus refersTo="#generalDistribution" class="rightSmall">Distr. general</docStatus>
      </p>
      <p>
        <docDate date="2020-01-16" class="rightSmall" refersTo="#dateOfIssuance">16 de enero de 2020</docDate>
      </p>
      <p>
        <session refersTo="#generalAssembly" value="74" eId="coverPage_1__session_1">Septuagésimo cuarto período de sesiones</session>
      </p>
      <p>
        <inline name="agenda item">Tema 20 c) del programa</inline>
      </p>
      <p>
        <inline name="agenda item name">Globalización e interdependencia: cultura y desarrollo sostenible</inline>
      </p>
      <p>
        <docTitle>Resolución aprobada por la Asamblea General el 19 de diciembre de 2019</docTitle>
      </p>
      <p xml:space="preserve">
        <docProponent refersTo="#secondCommittee">[sobre la base del informe de la Segunda Comisión (<inline name="originating document">A/74/382/Add.3</inline>)]</docProponent>
      </p>
    </coverPage>
    <preface>
      <p>
        <docNumber>74/230.</docNumber>
        <docTitle refersTo="#resolutionTitle">Cultura y desarrollo sostenible</docTitle>
      </p>
    </preface>
    <preamble>
      <formula name="enactingFormula" eId="formula_1">
        <p xml:space="preserve">
          <span class="italic">La Asamblea General</span>,</p>
      </formula>
      <container name="Guiada" eId="container_2">
        <p xml:space="preserve">
          <span class="italic">Guiada</span> por los propósitos y principios consagrados en la Carta de las Naciones Unidas, </p>
      </container>
      <container name="Recordando" eId="container_3">
        <p xml:space="preserve">
          <span class="italic">Recordando</span> sus resoluciones <a href="https://undocs.org/sp/A/RES/41/187">41/187</a>, de 8 de diciembre de 1986, <a href="https://undocs.org/sp/A/RES/46/158">46/158</a>, de 19 de diciembre de 1991, <a href="https://undocs.org/sp/A/RES/51/179">51/179</a>, de 16 de diciembre de 1996, <a href="https://undocs.org/sp/A/RES/52/197">52/197</a>, de 18 de diciembre de 1997, <a href="https://undocs.org/sp/A/RES/53/184">53/184</a>, de 15 de diciembre de 1998, <a href="https://undocs.org/sp/A/RES/55/192">55/192</a>, de 20 de diciembre de 2000, <a href="https://undocs.org/sp/A/RES/57/249">57/249</a>, de 20 de diciembre de 2002, <a href="https://undocs.org/sp/A/RES/65/166">65/166</a>, de 20 de diciembre de 2010, y <a href="https://undocs.org/sp/A/RES/66/208">66/208</a>, de 22 de diciembre de 2011, relativas a la cultura y el desarrollo, <a href="https://undocs.org/sp/A/RES/66/288">66/288</a>, de 27 de julio de 2012, titulada “El futuro que queremos”, y <a href="https://undocs.org/sp/A/RES/68/223">68/223</a>, de 20 de diciembre de 2013, <a href="https://undocs.org/sp/A/RES/69/230">69/230</a>, de 19 de diciembre de 2014, <a href="https://undocs.org/sp/A/RES/70/214">70/214</a>, de 22 de diciembre de 2015, y <a href="https://undocs.org/sp/A/RES/72/229">72/229</a>, de 20 de diciembre de 2017, relativas a la cultura y el desarrollo sostenible, </p>
      </container>
      <container name="Reafirmando" eId="container_4">
        <p xml:space="preserve">
          <span class="italic">Reafirmando</span> su resolución <a href="https://undocs.org/sp/A/RES/70/1">70/1</a>, de 25 de septiembre de 2015, titulada “Transformar nuestro mundo: la Agenda 2030 para el Desarrollo Sostenible”, en la que adoptó un amplio conjunto de Objetivos de Desarrollo Sostenible y metas universales y transformativos, de gran alcance y centrados en las personas, su compromiso de trabajar sin descanso a fin de conseguir la plena implementación de la Agenda a más tardar en 2030, su reconocimiento de que la erradicación de la pobreza en todas sus formas y dimensiones, incluida la pobreza extrema, es el mayor desafío a que se enfrenta el mundo y constituye un requisito indispensable para el desarrollo sostenible, su compromiso de lograr el desarrollo sostenible en sus tres dimensiones —económica, social y ambiental— de forma equilibrada e integrada y que se aprovecharán los logros de los Objetivos de Desarrollo del Milenio y se procurará abordar los asuntos pendientes, </p>
      </container>
      <container name="Reafirmando también" eId="container_5">
        <p xml:space="preserve">
          <span class="italic">	Reafirmando también</span> el Acuerdo de París<authorialNote marker="1" placement="bottom" eId="authorialNote_1"><p xml:space="preserve">		Aprobado en virtud de la Convención Marco de las Naciones Unidas sobre el Cambio Climático, en <a href="https://undocs.org/sp/FCCC/CP/2015/10/Add.1">FCCC/CP/2015/10/Add.1</a>, decisión 1/CP.21.</p></authorialNote> y su pronta entrada en vigor, alentando a todas las partes a que lo apliquen plenamente, y alentando a las partes en la Convención Marco de las Naciones Unidas sobre el Cambio Climático<authorialNote marker="2" placement="bottom" eId="authorialNote_2"><p xml:space="preserve">	 	Naciones Unidas, <span class="italic">Treaty Series</span>, vol. 1771, núm. 30822.</p></authorialNote> que aún no lo hayan hecho a que depositen cuanto antes sus instrumentos de ratificación, aceptación, aprobación o adhesión, según corresponda, </p>
      </container>
      <container name="Acogiendo con beneplácito " eId="container_6">
        <p xml:space="preserve">
          <span class="italic">	Acogiendo con beneplácito </span>la celebración de la Cumbre sobre la Acción Climática 2019 convocada por el Secretario General el 23 de septiembre, tomando nota de las iniciativas y los compromisos de múltiples asociados que se presentaron durante la Cumbre y tomando nota también de la Cumbre de la Juventud sobre el Clima, celebrada el 21 de septiembre, </p>
      </container>
      <container name="Reafirmando" eId="container_7">
        <p xml:space="preserve">
          <span class="italic">	Reafirmando</span> su resolución <a href="https://undocs.org/sp/A/RES/69/313">69/313</a>, de 27 de julio de 2015, relativa a la Agenda de Acción de Addis Abeba de la Tercera Conferencia Internacional sobre la Financiación para el Desarrollo, que es parte integral de la Agenda 2030 para el Desarrollo Sostenible, le sirve de apoyo y complemento, ayuda a contextualizar las metas relativas a sus medios de implementación con políticas y medidas concretas y reafirma el resuelto compromiso político de hacer frente al problema de la financiación y de la creación de un entorno propicio a todos los niveles para el desarrollo sostenible, en un espíritu de alianza y solidaridad mundiales, </p>
      </container>
      <container name="Acogiendo con beneplácito" eId="container_8">
        <p xml:space="preserve">
          <span class="italic">	Acogiendo con beneplácito</span> la Nueva Agenda Urbana, aprobada en la Conferencia de las Naciones Unidas sobre la Vivienda y el Desarrollo Urbano Sostenible (Hábitat III), celebrada en Quito (Ecuador) del 17 al 20 de octubre de 2016<authorialNote marker="3" placement="bottom" eId="authorialNote_3"><p xml:space="preserve">		Resolución <a href="https://undocs.org/sp/A/RES/71/256">71/256</a>, anexo.</p></authorialNote>, pidiendo que se implemente plena, eficaz y oportunamente a todos los niveles, y reafirmando que la cultura y la diversidad cultural son fuentes de enriquecimiento para la humanidad y realizan un aporte importante al desarrollo sostenible de las ciudades, los asentamientos humanos y los ciudadanos, empoderándolos para que desempeñen una función activa y singular en las iniciativas de desarrollo, </p>
      </container>
      <container name="Recordando" eId="container_9">
        <p xml:space="preserve">
          <span class="italic">Recordando</span> que en la Agenda 2030 para el Desarrollo Sostenible se reconoce, entre otras cosas, la diversidad natural y cultural del mundo y también que todas las culturas y civilizaciones pueden contribuir al desarrollo sostenible y desempeñan un papel crucial en su facilitación, </p>
      </container>
      <container name="Recordando también" eId="container_10">
        <p xml:space="preserve">
          <span class="italic">Recordando también</span> la Convención de 2005 sobre la Protección y Promoción de la Diversidad de las Expresiones Culturales<authorialNote marker="4" placement="bottom" eId="authorialNote_4"><p xml:space="preserve">		Naciones Unidas, <span class="italic">Treaty Series</span>, vol. 2440, núm. 43977.</p></authorialNote>, así como otras convenciones internacionales de la Organización de las Naciones Unidas para la Educación, la Ciencia y la Cultura que reconocen la diversidad cultural y el desarrollo económico y social<authorialNote marker="5" placement="bottom" eId="authorialNote_5"><p xml:space="preserve">		La Convención para la Protección de los Bienes Culturales en Caso de Conflicto Armado, de 1954 (Naciones Unidas, <span class="italic">Treaty Series</span>, vol. 249, núm. 3511); la Convención sobre las Medidas que Deben Adoptarse para Prohibir e Impedir la Importación, la Exportación y la Transferencia de Propiedad Ilícitas de Bienes Culturales, de 1970 (Naciones Unidas, <span class="italic">Treaty Series</span>, vol. 823, núm. 11806); la Convención para la Protección del Patrimonio Mundial Cultural y Natural, de 1972 (Naciones Unidas, <span class="italic">Treaty Series</span>, vol. 1037, núm. 15511); la Convención sobre la Protección del Patrimonio Cultural Subacuático, de 2001 (Naciones Unidas, <span class="italic">Treaty Series</span>, vol. 2562, núm. 45694); y la Convención para la Salvaguardia del Patrimonio Cultural Inmaterial, de 2003 (Naciones Unidas, <span class="italic">Treaty Series</span>, vol. 2368, núm. 42671).</p></authorialNote>, </p>
      </container>
      <container name="Reconociendo" eId="container_11">
        <p xml:space="preserve">
          <span class="italic">Reconociendo</span> que la cultura es un componente esencial del desarrollo humano, que constituye una fuente de identidad, innovación y creatividad para las personas y las comunidades y que es un factor importante para la inclusión social y la erradicación de la pobreza al promover el crecimiento económico sostenible y el sentido de propiedad de los procesos de desarrollo, </p>
      </container>
      <container name="Reconociendo también" eId="container_12">
        <p xml:space="preserve">
          <span class="italic">	Reconociendo también</span> la importancia creciente del entorno digital en la difusión de contenidos culturales y creativos, </p>
      </container>
      <container name="Reconociendo además" eId="container_13">
        <p xml:space="preserve">
          <span class="italic">Reconociendo además</span> la importancia de respetar y comprender la diversidad cultural en todo el mundo y de trabajar conjuntamente y no unos contra otros, y de fomentar el entendimiento y el diálogo interculturales, la capacidad de escucharse y aprender unos de otros, y una ética de ciudadanía global y solidaridad, </p>
      </container>
      <container name="Recordando" eId="container_14">
        <p xml:space="preserve">
          <span class="italic">Recordando</span> su resolución <a href="https://undocs.org/sp/A/RES/73/130">73/130</a>, de 13 de diciembre de 2018, relativa a la devolución o restitución de bienes culturales a sus países de origen, consciente de la importancia que se asigna a la devolución de los bienes culturales que tienen un valor espiritual, histórico y cultural fundamental, y expresando profunda preocupación por la persistencia del tráfico ilícito de bienes culturales y los daños que causa al patrimonio cultural de las naciones, </p>
      </container>
      <container name="Recordando también" eId="container_15">
        <p xml:space="preserve">
          <span class="italic">	Recordando también</span> la aprobación de la Declaración de las Naciones Unidas sobre los Derechos de los Pueblos Indígenas el 13 de septiembre de 2007<authorialNote marker="6" placement="bottom" eId="authorialNote_6"><p xml:space="preserve">		Resolución <a href="https://undocs.org/sp/A/RES/61/295">61/295</a>, anexo.</p></authorialNote>, y su llamamiento a los Estados para que faciliten el acceso y la repatriación de objetos de culto y restos humanos que estén en su poder mediante mecanismos justos, transparentes y eficaces establecidos junto con los pueblos indígenas interesados, </p>
      </container>
      <container name="Recordando además" eId="container_16">
        <p xml:space="preserve">
          <span class="italic">Recordando además</span> los principios de la Declaración Universal sobre la Diversidad Cultural de la Organización de las Naciones Unidas para la Educación, la Ciencia y la Cultura<authorialNote marker="7" placement="bottom" eId="authorialNote_7"><p xml:space="preserve">	 	Organización de las Naciones Unidas para la Educación, la Ciencia y la Cultura, <span class="italic">Actas de la Conferencia General, 31ª reunión, París, 15 de octubre a 3 de noviembre de 2001</span>, vol. 1, Resoluciones, secc. V, resolución 25, anexo I.</p></authorialNote>, y reconociendo que la diversidad cultural es una fuente de enriquecimiento para la humanidad y una contribución importante al desarrollo sostenible de las comunidades locales, los pueblos y las naciones, apoyando su capacidad para desempeñar un papel activo y singular en las iniciativas de desarrollo, </p>
      </container>
      <container name="Reconociendo" eId="container_17">
        <p xml:space="preserve">
          <span class="italic">Reconociendo</span> la importancia del multilingüismo como medio de promover, proteger y preservar la diversidad de idiomas y culturas en todo el mundo y que el multilingüismo verdadero promueve la unidad en la diversidad y el entendimiento internacional, y reconociendo también la importancia de que los pueblos del mundo se comuniquen en su propio idioma, </p>
      </container>
      <container name="Recordando" eId="container_18">
        <p xml:space="preserve">
          <span class="italic">Recordando</span> su resolución <a href="https://undocs.org/sp/A/RES/71/178">71/178</a>, de 19 de diciembre de 2016, en la que se proclamó el año que comenzaría el 1 de enero de 2019 Año Internacional de las Lenguas Indígenas, a fin de llamar la atención sobre la grave pérdida de lenguas indígenas y la necesidad apremiante de conservarlas, revitalizarlas y promoverlas, </p>
      </container>
      <container name="Observando" eId="container_19">
        <p xml:space="preserve">
          <span class="italic">	Observando</span> la Cuarta Conferencia Internacional sobre el tema “Preservation of world languages and the development of linguistic diversity in cyberspace: context, policy, practice”, celebrada bajo los auspicios de la Organización de las Naciones Unidas para la Educación, la Ciencia y la Cultura en Yakutsk (Federación de Rusia) del 1 al 5 de julio de 2019, </p>
      </container>
      <container name="Recordando" eId="container_20">
        <p xml:space="preserve">
          <span class="italic">Recordando</span> las preocupaciones expresadas en la Declaración y la Plataforma de Acción de Beijing<authorialNote marker="8" placement="bottom" eId="authorialNote_8"><p xml:space="preserve"><span class="italic">Informe de la Cuarta Conferencia Mundial sobre la Mujer, Beijing, 4 a 15 de septiembre de 1995</span> (publicación de las Naciones Unidas, núm. de venta: S.96.IV.13), cap. I, resolución 1, anexos I y II.</p></authorialNote> sobre la escasa representación de las mujeres en puestos directivos en el ámbito de la cultura, lo que ha impedido que las mujeres puedan ejercer suficiente influencia en la cultura y el desarrollo, </p>
      </container>
      <container name="Recordando también" eId="container_21">
        <p xml:space="preserve">
          <span class="italic">Recordando también</span> la importancia de promover las culturas nacionales, la creación artística en todas sus formas y la cooperación cultural a nivel internacional y regional, reafirmando a este respecto la conveniencia de fortalecer las iniciativas nacionales y los mecanismos de cooperación internacionales y regionales para la acción cultural y la creación artística, y reconociendo que el respeto por el pluralismo cultural, definido en la Declaración Universal sobre la Diversidad Cultural como las políticas a favor de la inclusión y participación de todos los ciudadanos que garantizan la cohesión social y la vitalidad de la sociedad civil y la paz, potencian el desarrollo cultural y contribuyen al desarrollo sostenible, </p>
      </container>
      <container name="Reconociendo" eId="container_22">
        <p xml:space="preserve">
          <span class="italic">Reconociendo</span> los vínculos entre la diversidad cultural y la diversidad biológica, así como la contribución positiva de los conocimientos tradicionales locales e indígenas a la solución sostenible de los problemas ambientales, </p>
      </container>
      <container name="Recordando" eId="container_23">
        <p xml:space="preserve">
          <span class="italic">	Recordando</span> el plan estratégico de las Naciones Unidas para los bosques 2017‑2030<authorialNote marker="9" placement="bottom" eId="authorialNote_9"><p xml:space="preserve">	 	Véase la resolución <a href="https://undocs.org/sp/A/RES/71/285">71/285</a>.</p></authorialNote>, y reconociendo que, en muchas regiones, los bosques tienen un importante valor cultural y espiritual, </p>
      </container>
      <container name="Tomando nota" eId="container_24">
        <p xml:space="preserve">
          <span class="italic">	Tomando nota</span> de la declaración aprobada en Florencia (Italia) el 4 de octubre de 2014 en el marco del Tercer Foro Mundial de la Organización de las Naciones Unidas para la Educación, la Ciencia y la Cultura sobre la Cultura y las Industrias Culturales, las conclusiones de Hangzhou, aprobadas en la conferencia sobre el tema “Cultura para ciudades sostenibles”, que se celebró en Hangzhou (China) del 10 al 12 de diciembre de 2015, la Declaración de Bali, aprobada en el Segundo Foro Mundial de la Cultura, celebrado en Bali (Indonesia) del 10 al 14 de octubre de 2016, y el informe mundial sobre la cultura para el desarrollo urbano sostenible de la Organización de las Naciones Unidas para la Educación, la Ciencia y la Cultura, titulado “Cultura: futuro urbano”, de octubre de 2016, la nueva estrategia para la integración de la cultura y la creatividad en la implementación de la Agenda 2030 para el Desarrollo Sostenible, aprobada en la 11ª reunión anual de la Red de Ciudades Creativas, celebrada en Enghien-les-Bains (Francia) del 30 de junio al 2 de julio de 2017, la 12ª reunión anual de la Red de Ciudades Creativas, celebrada en Cracovia y Katowice (Polonia) del 12 al 15 de junio de 2018, y la 13ª reunión anual de la Red de Ciudades Creativas, celebrada en Fabriano (Italia) del 10 al 15 de junio de 2019, así como sus discusiones sobre el papel de la cultura en distintos ámbitos del desarrollo, como la educación, el emprendimiento, la innovación, la inclusividad y la sostenibilidad ambiental, </p>
      </container>
      <container name="Reconociendo" eId="container_25">
        <p xml:space="preserve">
          <span class="italic">Reconociendo</span> el papel de los museos como aliados esenciales para proteger y promover la cultura, desde la salvaguardia del patrimonio mundial hasta la lucha contra el tráfico ilícito de bienes culturales, en particular mediante las actividades que llevan a cabo en materia de preservación, investigación, comunicación y educación, </p>
      </container>
      <container name="Reconociendo también" eId="container_26">
        <p xml:space="preserve">
          <span class="italic">Reconociendo también</span> que la cultura en la diplomacia sigue siendo un importante componente del fortalecimiento de las relaciones internacionales, </p>
      </container>
      <container name="Reiterando" eId="container_27">
        <p xml:space="preserve">
          <span class="italic">Reiterando</span> la promesa de que no se dejará a nadie atrás, reafirmando el reconocimiento de que la dignidad del ser humano es fundamental y el deseo de ver cumplidos los Objetivos y las metas para todas las naciones y los pueblos y para todos los sectores de la sociedad, y comprometiéndose nuevamente a esforzarse por alcanzar en primer lugar a aquellos que han quedado más atrás, </p>
      </container>
    </preamble>
    <mainBody>
      <paragraph eId="para_28" class="SingleTxt">
        <num>	1.</num>
        <content eId="para_28__content">
          <p xml:space="preserve">
            <span class="italic">Toma conocimiento</span> de la nota del Secretario General por la que se transmite el informe de la Organización de las Naciones Unidas para la Educación, la Ciencia y la Cultura<authorialNote marker="10" placement="bottom" eId="authorialNote_10"><p xml:space="preserve"><a href="https://undocs.org/sp/A/74/286">A/74/286</a>.</p></authorialNote>; </p>
        </content>
      </paragraph>
      <paragraph eId="para_29" class="SingleTxt">
        <num>	2.</num>
        <content eId="para_29__content">
          <p xml:space="preserve">
            <span class="italic">Reafirma</span> el papel de la cultura como facilitadora del desarrollo sostenible que proporciona a los pueblos y las comunidades un fuerte sentido de identidad y cohesión social y contribuye a que las políticas y medidas de desarrollo a todos los niveles sean más eficaces y sostenibles, y destaca a este respecto que las políticas que tienen en cuenta los contextos culturales pueden producir resultados mejores, sostenibles, inclusivos y equitativos en materia de desarrollo; </p>
        </content>
      </paragraph>
      <paragraph eId="para_30" class="SingleTxt">
        <num>	3.</num>
        <content eId="para_30__content">
          <p xml:space="preserve">
            <span class="italic">Reconoce</span> el poder de la cultura como motor del desarrollo sostenible, que contribuye a la promoción de la inclusión social y al logro de un sector económico sólido y viable generando ingresos, creando empleo decente y abordando las dimensiones económicas y sociales de la pobreza a través del patrimonio cultural, incluida su protección y preservación, y los sectores culturales y creativos, al tiempo que proporciona soluciones innovadoras y eficaces a cuestiones transversales como la educación, la salud, la igualdad de género y el empoderamiento de las mujeres, la tecnología y el medio ambiente; </p>
        </content>
      </paragraph>
      <paragraph eId="para_31" class="SingleTxt">
        <num>	4.</num>
        <content eId="para_31__content">
          <p xml:space="preserve">
            <span class="italic">Pone de relieve</span> la importante contribución de la cultura a las tres dimensiones del desarrollo sostenible y al logro de los objetivos de desarrollo nacionales, la Agenda 2030 para el Desarrollo Sostenible<authorialNote marker="11" placement="bottom" eId="authorialNote_11"><p xml:space="preserve">		Resolución <a href="https://undocs.org/sp/A/RES/70/1">70/1</a>.</p></authorialNote> y sus Objetivos de Desarrollo Sostenible, así como otros objetivos de desarrollo convenidos internacionalmente y a este respecto reconoce: </p>
        </content>
      </paragraph>
      <paragraph eId="para_32" class="SingleTxt">
        <content eId="para_32__content">
          <p xml:space="preserve">	a)	Que la cultura contribuye al desarrollo económico inclusivo, puesto que la preservación del patrimonio cultural, los sectores culturales y creativos, el turismo cultural sostenible y la infraestructura cultural, incluida la regeneración urbana, pueden ser fuentes de generación de ingresos, creación de empleo y trabajo decente para todos, incluso a nivel de la comunidad, mejorando así las condiciones de vida y fomentando el crecimiento económico comunitario, y contribuyen al empoderamiento de las personas; </p>
        </content>
      </paragraph>
      <paragraph eId="para_33" class="SingleTxt">
        <content eId="para_33__content">
          <p xml:space="preserve">	b)	Que la cultura contribuye al desarrollo social inclusivo para todos, incluidas las comunidades locales y los pueblos indígenas, con el respeto de la diversidad cultural, salvaguardando el patrimonio cultural y natural, fomentando las instituciones culturales y fortaleciendo los sectores culturales y creativos, en contextos urbanos y rurales; </p>
        </content>
      </paragraph>
      <paragraph eId="para_34" class="SingleTxt">
        <content eId="para_34__content">
          <p xml:space="preserve">	c)	Que la cultura contribuye a la sostenibilidad ambiental, ya que la protección de la diversidad cultural y biológica y del patrimonio natural es importante para el desarrollo sostenible, y que el apoyo a los sistemas tradicionales de protección del medio ambiente y la gestión de los recursos pueden contribuir a una mayor sostenibilidad de los ecosistemas frágiles y la conservación, preservación y uso sostenible de la biodiversidad y a evitar la degradación de las tierras y abordar el cambio climático; </p>
        </content>
      </paragraph>
      <paragraph eId="para_35" class="SingleTxt">
        <num>	5.</num>
        <content eId="para_35__content">
          <p xml:space="preserve">
            <span class="italic">Reafirma</span> que el desarrollo sostenible no puede hacerse realidad sin que haya paz y seguridad, y que la paz y la seguridad corren peligro sin el desarrollo sostenible, y reconoce que la cultura puede contribuir al desarrollo sostenible al ser un recurso valioso para permitir a las comunidades participar plenamente en la vida social y cultural, facilitando el diálogo y la gobernanza inclusivos a nivel nacional, regional e internacional y contribuyendo a la prevención y la solución de conflictos, así como a la reconciliación, la recuperación y la resiliencia; </p>
        </content>
      </paragraph>
      <paragraph eId="para_36" class="SingleTxt">
        <num>	6.</num>
        <content eId="para_36__content">
          <p xml:space="preserve">
            <span class="italic">Reafirma su compromiso</span> de aceptar la diversidad en las ciudades y los asentamientos humanos, fortalecer la cohesión social, el diálogo intercultural y la comprensión, la tolerancia, el respeto mutuo, la igualdad de género y el empoderamiento de las mujeres, la innovación, el emprendimiento, la inclusión, la identidad y la seguridad, y la dignidad de todas las personas, incluidas las que están en situaciones vulnerables, así como de fomentar la habitabilidad y una vibrante economía urbana y adoptar medidas para garantizar que las instituciones locales promuevan el pluralismo y la coexistencia pacífica en sociedades cada vez más heterogéneas y multiculturales; </p>
        </content>
      </paragraph>
      <paragraph eId="para_37" class="SingleTxt">
        <num>	7.</num>
        <content eId="para_37__content">
          <p xml:space="preserve">
            <span class="italic">Reconoce</span> que la cultura debería tenerse en cuenta al promover y aplicar nuevas modalidades de consumo y producción sostenibles que contribuyan a la utilización responsable de los recursos y contrarresten los efectos adversos del cambio climático; </p>
        </content>
      </paragraph>
      <paragraph eId="para_38" class="SingleTxt">
        <num>	8.</num>
        <content eId="para_38__content">
          <p xml:space="preserve">
            <span class="italic">Reconoce también</span> que la educación de calidad, la educación no formal y el aprendizaje permanente se ven enriquecidos por la cultura y trasmiten valores, conocimientos y aptitudes compartidos, y reconoce además que la educación artística puede contribuir directamente a la transformación constructiva de los sistemas educativos para responder a las necesidades de los estudiantes en un mundo que cambia con rapidez, así como a la necesidad de una fuerza de trabajo creativa y adaptable<authorialNote marker="12" placement="bottom" eId="authorialNote_12"><p xml:space="preserve">		Como se señala en el preámbulo del documento final de la Segunda Conferencia Mundial sobre la Educación Artística, celebrada en Seúl del 25 al 28 de mayo de 2010, titulado Agenda de Seúl: Objetivos para el Desarrollo de la Educación Artística. </p></authorialNote>; </p>
        </content>
      </paragraph>
      <paragraph eId="para_39" class="SingleTxt">
        <num>	9.</num>
        <content eId="para_39__content">
          <p xml:space="preserve">
            <span class="italic">Pide</span> que se promueva la educación sobre la protección de espacios naturales y lugares importantes para la memoria colectiva, cuya existencia es indispensable para que el patrimonio cultural inmaterial pueda expresarse;</p>
        </content>
      </paragraph>
      <paragraph eId="para_40" class="SingleTxt">
        <num>	10.</num>
        <content eId="para_40__content">
          <p xml:space="preserve">
            <span class="italic">Recuerda</span> la inclusión en la Agenda 2030 para el Desarrollo Sostenible de varias metas que reflejan la contribución de la cultura al desarrollo sostenible, recuerda también que los Objetivos de Desarrollo Sostenible y las metas conexas son de carácter integrado e indivisible y conjugan las tres dimensiones del desarrollo sostenible, y a ese respecto aguarda con interés su logro, sobre la base de los resultados y el impacto positivos de los programas que utilizan la cultura como facilitadora del desarrollo sostenible; </p>
        </content>
      </paragraph>
      <paragraph eId="para_41" class="SingleTxt">
        <num>	11.</num>
        <content eId="para_41__content">
          <p xml:space="preserve">
            <span class="italic">Acoge con beneplácito</span> los esfuerzos y las iniciativas que lleva adelante la Organización de las Naciones Unidas para la Educación, la Ciencia y la Cultura, en su calidad de organismo de las Naciones Unidas encargado de la cultura, para intensificar y medir el efecto transformador de la cultura en la consecución de la Agenda 2030 para el Desarrollo Sostenible, </p>
        </content>
      </paragraph>
      <paragraph eId="para_42" class="SingleTxt">
        <num>	12.</num>
        <content eId="para_42__content">
          <p xml:space="preserve">
            <span class="italic">Decide</span> examinar, según proceda, la contribución de la cultura al desarrollo sostenible en el marco de seguimiento y examen de la Agenda 2030 para el Desarrollo Sostenible; </p>
        </content>
      </paragraph>
      <paragraph eId="para_43" class="SingleTxt">
        <num>	13.</num>
        <content eId="para_43__content">
          <p xml:space="preserve">
            <span class="italic">Toma nota con aprecio</span> del evento de alto nivel sobre cultura y desarrollo sostenible celebrado en mayo de 2019 y convocado por el Presidente de la Asamblea General con motivo del Día Mundial de la Diversidad Cultural para el Diálogo y el Desarrollo, de conformidad con lo dispuesto en la resolución <a href="https://undocs.org/sp/A/RES/72/229">72/229</a>; </p>
        </content>
      </paragraph>
      <paragraph eId="para_44" class="SingleTxt">
        <num>	14.</num>
        <content eId="para_44__content">
          <p xml:space="preserve">
            <span class="italic">Acoge con beneplácito</span> la celebración el 19 de noviembre de 2019 del Foro de Ministros de Cultura, convocado por la Organización de las Naciones Unidas para la Educación, la Ciencia y la Cultura, sobre el tema de la cultura y las políticas públicas para el desarrollo sostenible, que es el primer foro de este tipo que se celebra en 21 años, centrado en la contribución de la cultura al logro de los Objetivos de Desarrollo Sostenible y sus vínculos con la educación, la transformación social, el empleo y el medio ambiente; </p>
        </content>
      </paragraph>
      <paragraph eId="para_45" class="SingleTxt">
        <num>	15.</num>
        <content eId="para_45__content">
          <p xml:space="preserve">
            <span class="italic">Aguarda con interés</span> la alianza internacional de múltiples asociados sobre la naturaleza y la cultura que se pondrá en marcha en 2020 en la 15ª reunión de la Conferencia de las Partes en el Convenio sobre la Diversidad Biológica, y que tendrá por objeto fortalecer la cooperación internacional en lo que respecta a los vínculos entre la diversidad biológica y la diversidad cultural para lograr que la humanidad viva en armonía con la naturaleza según la Visión 2050 para la Diversidad Biológica; </p>
        </content>
      </paragraph>
      <paragraph eId="para_46" class="SingleTxt">
        <num>	16.</num>
        <content eId="para_46__content">
          <p xml:space="preserve">
            <span class="italic">Invita</span> a todos los países, así como a los órganos intergubernamentales y las organizaciones del sistema de las Naciones Unidas, en el marco de sus respectivos mandatos y recursos, las organizaciones no gubernamentales correspondientes y los demás interesados pertinentes a que: </p>
        </content>
      </paragraph>
      <paragraph eId="para_47" class="SingleTxt">
        <content eId="para_47__content">
          <p xml:space="preserve">	a)	Sensibilicen a la opinión pública sobre la importancia de la diversidad cultural para el desarrollo sostenible, promoviendo su valor positivo mediante la educación y los medios de comunicación; </p>
        </content>
      </paragraph>
      <paragraph eId="para_48" class="SingleTxt">
        <content eId="para_48__content">
          <p xml:space="preserve">	b)	Aseguren una integración e incorporación más visibles y eficaces de la cultura en las políticas y estrategias de desarrollo económico, social y ambiental a todos los niveles; </p>
        </content>
      </paragraph>
      <paragraph eId="para_49" class="SingleTxt">
        <content eId="para_49__content">
          <p xml:space="preserve">	c)	Velen por que las mujeres y los hombres por igual puedan acceder y contribuir a la vida cultural y la adopción de decisiones conexas, y participar en ellas, y reafirmen su compromiso de elaborar políticas y programas culturales con perspectiva de género a nivel local, nacional e internacional a fin de lograr la igualdad entre los géneros y el empoderamiento de todas las mujeres y las niñas; </p>
        </content>
      </paragraph>
      <paragraph eId="para_50" class="SingleTxt">
        <content eId="para_50__content">
          <p xml:space="preserve">	d)	Lleven a cabo programas pertinentes de diálogo y cooperación intercultural y diversidad cultural para que la juventud pueda intervenir en una sociedad multicultural, participar en el logro de la Agenda 2030 para el Desarrollo Sostenible, lograr mejores resultados educativos y adquirir una gama más amplia y diversa de aptitudes y competencias; </p>
        </content>
      </paragraph>
      <paragraph eId="para_51" class="SingleTxt">
        <content eId="para_51__content">
          <p xml:space="preserve">	e)	Promuevan la creación de capacidad, cuando proceda, a todos los niveles para desarrollar sectores culturales y creativos dinámicos, en particular alentando la creatividad, la innovación y el emprendimiento, apoyando el desarrollo de instituciones culturales y sectores culturales y creativos, impartiendo formación técnica y vocacional a los profesionales de la cultura y aumentando las oportunidades de empleo en los sectores culturales y creativos en pro del crecimiento y el desarrollo económicos sostenidos, inclusivos y equitativos; </p>
        </content>
      </paragraph>
      <paragraph eId="para_52" class="SingleTxt">
        <content eId="para_52__content">
          <p xml:space="preserve">	f)	Apoyen activamente el surgimiento de mercados locales de bienes y servicios culturales y faciliten el acceso efectivo y lícito de esos bienes y servicios a los mercados internacionales, teniendo en cuenta el ámbito cada vez más amplio de la producción y el consumo culturales y, en el caso de sus Estados partes, las disposiciones de la Convención sobre la Protección y Promoción de la Diversidad de las Expresiones Culturales<sup>4</sup>; </p>
        </content>
      </paragraph>
      <paragraph eId="para_53" class="SingleTxt">
        <content eId="para_53__content">
          <p xml:space="preserve">	g)	Promuevan la diversidad de las expresiones culturales en el entorno digital y el acceso a ellas; </p>
        </content>
      </paragraph>
      <paragraph eId="para_54" class="SingleTxt">
        <content eId="para_54__content">
          <p xml:space="preserve">	h)	Preserven y mantengan los conocimientos tradicionales locales e indígenas y las prácticas comunitarias de gestión ambiental, que constituyen valiosos ejemplos del papel de la cultura como vehículo del desarrollo sostenible, y favorezcan las sinergias entre la ciencia y la tecnología modernas y los conocimientos, prácticas e innovaciones locales e indígenas; </p>
        </content>
      </paragraph>
      <paragraph eId="para_55" class="SingleTxt">
        <content eId="para_55__content">
          <p xml:space="preserve">	i) 	Aceleren los esfuerzos que realizan para proteger el patrimonio cultural y natural contra los fenómenos meteorológicos extremos, el aumento del nivel del mar, la desertificación y otras amenazas exacerbadas por el cambio climático, que ponen en peligro su integridad y preservación para las generaciones presentes y futuras; </p>
        </content>
      </paragraph>
      <paragraph eId="para_56" class="SingleTxt">
        <content eId="para_56__content">
          <p xml:space="preserve">	j)	Promuevan la concienciación a nivel mundial de los vínculos existentes entre la diversidad cultural y la diversidad biológica, incluso mediante la protección y preservación y alentando el uso consuetudinario de los recursos biológicos, de conformidad con las prácticas culturales tradicionales, como elemento importante de un enfoque integral del desarrollo sostenible; </p>
        </content>
      </paragraph>
      <paragraph eId="para_57" class="SingleTxt">
        <content eId="para_57__content">
          <p xml:space="preserve">	k)	Apoyen los marcos jurídicos y las políticas nacionales para la protección y preservación del patrimonio cultural y los bienes culturales, alentando las iniciativas de lucha contra el tráfico ilícito de bienes culturales, y para la devolución de los bienes culturales, de conformidad con la legislación nacional y los marcos jurídicos internacionales aplicables; </p>
        </content>
      </paragraph>
      <paragraph eId="para_58" class="SingleTxt">
        <content eId="para_58__content">
          <p xml:space="preserve">	l)	Apoyen los marcos jurídicos y las políticas nacionales a fin de que los derechos de propiedad intelectual permitan sustentar a los que se dedican a la creatividad cultural, incluso promoviendo la cooperación internacional para impedir la apropiación indebida de obras creativas; </p>
        </content>
      </paragraph>
      <paragraph eId="para_59" class="SingleTxt">
        <content eId="para_59__content">
          <p xml:space="preserve">	m)	Promuevan el acceso a objetos de culto y restos humanos que estén en su poder, y su repatriación, mediante mecanismos justos, transparentes y eficaces establecidos junto con los pueblos indígenas interesados; </p>
        </content>
      </paragraph>
      <paragraph eId="para_60" class="SingleTxt">
        <content eId="para_60__content">
          <p xml:space="preserve">	n)	Tengan en cuenta que, para lograr estos objetivos, unos mecanismos innovadores de financiación, públicos y privados, pueden contribuir positivamente a ayudar a los países en desarrollo a movilizar recursos adicionales para el desarrollo de forma estable, previsible y voluntaria, y reiteren que esos mecanismos voluntarios deben ser eficaces, destinarse a movilizar recursos estables y previsibles, complementar las fuentes tradicionales de financiación en lugar de sustituirlas, desembolsar los recursos de conformidad con las prioridades de los países en desarrollo y no suponer una carga excesiva para ellos; </p>
        </content>
      </paragraph>
      <paragraph eId="para_61" class="SingleTxt">
        <content eId="para_61__content">
          <p xml:space="preserve">	o)	Movilicen la cultura como medio para promover la tolerancia, el entendimiento mutuo, la paz y la reconciliación en el contexto de los procesos de prevención y solución de los conflictos y consolidación de la paz; </p>
        </content>
      </paragraph>
      <paragraph eId="para_62" class="SingleTxt">
        <num>	17.</num>
        <content eId="para_62__content">
          <p xml:space="preserve">
            <span class="italic">Expresa profunda preocupación</span> por el hecho de que los bienes culturales, incluidos los lugares, santuarios, cementerios y objetos religiosos, son blanco cada vez más frecuente de atentados terroristas y vandalismo, que a menudo provocan daños, robos o total destrucción, y condena tales ataques; </p>
        </content>
      </paragraph>
      <paragraph eId="para_63" class="SingleTxt">
        <num>	18.</num>
        <content eId="para_63__content">
          <p xml:space="preserve">
            <span class="italic">Alienta</span> a todos los países, órganos intergubernamentales, organizaciones del sistema de las Naciones Unidas, según proceda, en el marco de sus mandatos vigentes, organizaciones no gubernamentales correspondientes y todos los demás interesados pertinentes a que mejoren la cooperación internacional para apoyar los esfuerzos que realizan los países en desarrollo a fin de establecer y fortalecer los sectores culturales y creativos, el turismo cultural y las microempresas relacionadas con la cultura, y a que ayuden a esos países a crear la infraestructura y las competencias necesarias, así como a dominar las tecnologías de la información y las comunicaciones y obtener acceso a las nuevas tecnologías en condiciones mutuamente convenidas; </p>
        </content>
      </paragraph>
      <paragraph eId="para_64" class="SingleTxt">
        <num>	19.</num>
        <content eId="para_64__content">
          <p xml:space="preserve">
            <span class="italic">Alienta</span> las iniciativas dirigidas a fomentar los acuerdos y las redes de cooperación cultural a nivel regional para el intercambio de conocimientos e información en pro del desarrollo sostenible; </p>
        </content>
      </paragraph>
      <paragraph eId="para_65" class="SingleTxt">
        <num>	20.</num>
        <content eId="para_65__content">
          <p xml:space="preserve">
            <span class="italic">Alienta también</span> los programas que faciliten a los artistas y profesionales culturales prestaciones sociales y derechos económicos, incluidas oportunidades de trabajo decente, remuneración justa e igualdad de remuneración por trabajo de igual valor, así como formación a la luz de los avances tecnológicos y la digitalización; </p>
        </content>
      </paragraph>
      <paragraph eId="para_66" class="SingleTxt">
        <num>	21.</num>
        <content eId="para_66__content">
          <p xml:space="preserve">
            <span class="italic">Invita</span> a las organizaciones del sistema de las Naciones Unidas, en particular la Organización de las Naciones Unidas para la Educación, la Ciencia y la Cultura, a que sigan prestando apoyo, facilitando financiación y ayudando a los países que lo soliciten en el desarrollo de su capacidad nacional para optimizar la contribución de la cultura al desarrollo sostenible, por medios como el intercambio de información y mejores prácticas, la reunión de datos, las investigaciones y estudios y el uso de indicadores de evaluación adecuados, así como para aplicar las convenciones culturales internacionales correspondientes, teniendo en cuenta las resoluciones pertinentes de la Asamblea General; </p>
        </content>
      </paragraph>
      <paragraph eId="para_67" class="SingleTxt">
        <num>	22.</num>
        <content eId="para_67__content">
          <p xml:space="preserve">
            <span class="italic">Invita</span> a la Organización de las Naciones Unidas para la Educación, la Ciencia y la Cultura y otros órganos competentes de las Naciones Unidas a que sigan evaluando, en consulta con los países, la contribución de la cultura al logro del desarrollo sostenible mediante la reunión de datos cuantitativos, incluidos indicadores y estadísticas, con miras a facilitar la formulación de políticas de desarrollo y la elaboración de los informes pertinentes, cuando proceda, y a que sigan actuando como plataforma de intercambio entre los países sobre el nexo entre la cultura y el desarrollo sostenible, mediante, entre otras cosas, los Foros de Ministros de Cultura;</p>
        </content>
      </paragraph>
      <paragraph eId="para_68" class="SingleTxt">
        <num>	23.</num>
        <content eId="para_68__content">
          <p xml:space="preserve">
            <span class="italic">Solicita</span> al Secretario General que vele por que los equipos de las Naciones Unidas en los países sigan integrando e incorporando la cultura en sus actividades de programación, en particular los Marcos de Cooperación de las Naciones Unidas para el Desarrollo Sostenible, en consulta con las autoridades nacionales competentes, cuando ayuden a los países a alcanzar sus objetivos de desarrollo; </p>
        </content>
      </paragraph>
      <paragraph eId="para_69" class="SingleTxt">
        <num>	24.</num>
        <content eId="para_69__content">
          <p xml:space="preserve">
            <span class="italic">Alienta</span> a todos los países, órganos intergubernamentales, organizaciones del sistema de las Naciones Unidas, organizaciones no gubernamentales competentes y todos los demás interesados pertinentes a que tengan debidamente en cuenta la contribución de la cultura en el logro del desarrollo sostenible al formular políticas de desarrollo nacionales, regionales e internacionales e instrumentos de cooperación internacionales, y a este respecto, tomando como base las discusiones del anterior evento de alto nivel sobre la cultura y el desarrollo sostenible, invita al Presidente de la Asamblea General a que organice, con los recursos disponibles, un evento de alto nivel de un día de duración sobre este asunto en su septuagésimo quinto período de sesiones, y a que invite a la Organización de las Naciones Unidas para la Educación, la Ciencia y la Cultura a prestarle apoyo, en el marco de sus mandatos vigentes; </p>
        </content>
      </paragraph>
      <paragraph eId="para_70" class="SingleTxt">
        <num>	25.</num>
        <content eId="para_70__content">
          <p xml:space="preserve">
            <span class="italic">Reafirma</span> el compromiso asumido en el centro de la Agenda 2030 de no dejar a nadie atrás y se compromete a adoptar medidas más tangibles para apoyar a las personas en situaciones vulnerables y los países más vulnerables y a llegar a los más rezagados primero; </p>
        </content>
      </paragraph>
      <paragraph eId="para_71" class="SingleTxt">
        <num>	26.</num>
        <content eId="para_71__content">
          <p xml:space="preserve">
            <span class="italic">Solicita</span> al Secretario General que le presente en su septuagésimo sexto período de sesiones un informe sobre la aplicación de la presente resolución, y decide incluir en el programa provisional de su septuagésimo sexto período de sesiones, en relación con el tema titulado “Globalización e interdependencia”, el subtema titulado “Cultura y desarrollo sostenible”.</p>
        </content>
      </paragraph>
    </mainBody>
    <conclusions eId="conclusions">
      <p>
        <inline name="adoptionMeeting" title="52a">52a sesión plenaria</inline>
        <eol />
        <docDate date="2019-12-19" refersTo="#adoptionDate">19 de diciembre de 2019</docDate>
      </p>
    </conclusions>
  </statement>
</akomaNtoso>