<akomaNtoso xmlns:xsi="http://www.w3.org/2001/XMLSchema-instance" xsi:schemaLocation="http://docs.oasis-open.org/legaldocml/ns/akn/3.0 http://docs.oasis-open.org/legaldocml/akn-core/v1.0/os/part2-specs/schemas/akomantoso30.xsd" xmlns="http://docs.oasis-open.org/legaldocml/ns/akn/3.0" xmlns:html="http://www.w3.org/1999/xhtml" xmlns:akn4un="http://un.org/akn4un">
  <statement name="resolution">
    <meta>
      <identification source="#DGACM">
        <FRBRWork>
          <FRBRthis value="/akn/un/statement/deliberation/unga/2020-06-01/74-276/!main/"></FRBRthis>
          <FRBRuri value="/akn/un/statement/deliberation/unga/2020-06-01/74-276/"></FRBRuri>
          <FRBRdate date="2020-06-01" name="adoption"></FRBRdate>
          <FRBRauthor href="ga" as="author"></FRBRauthor>
          <FRBRcountry value="un"></FRBRcountry>
        </FRBRWork>
        <FRBRExpression>
          <FRBRthis value="/akn/un/statement/deliberation/unga/2020-06-01/74-276/spa@!main/"></FRBRthis>
          <FRBRuri value="/akn/un/statement/deliberation/unga/2020-06-01/74-276/spa@/"></FRBRuri>
          <FRBRdate date="2020-06-02" name="publication"></FRBRdate>
          <FRBRauthor href="ga" as="issuer"></FRBRauthor>
          <FRBRlanguage language="spa"></FRBRlanguage>
        </FRBRExpression>
        <FRBRManifestation>
          <FRBRthis value="/akn/un/statement/deliberation/unga/2020-06-01/74-276/spa@/!main.xml"></FRBRthis>
          <FRBRuri value="/akn/un/statement/deliberation/unga/2020-06-01/74-276/spa@.xml"></FRBRuri>
          <FRBRdate date="2020-10-08" name="markup"></FRBRdate>
          <FRBRauthor href="DGACM" as="editor"></FRBRauthor>
        </FRBRManifestation>
      </identification>
      <classification source="http://metadata.un.org/sdg">
        <keyword value="6" href="http://metadata.un.org/sdg/6" showAs="sdg_6" dictionary="SDGO"></keyword>
        <keyword value="water" href="http://eurovoc.europa.eu/597" showAs="water" dictionary="EuroVoc"></keyword>
        <keyword value="public_hygiene" href="http://eurovoc.europa.eu/3371" showAs="public_hygiene" dictionary="EuroVoc"></keyword>
        <keyword value="use_of_water" href="http://eurovoc.europa.eu/4628" showAs="use_of_water" dictionary="EuroVoc"></keyword>
        <keyword value="water" href="http://metadata.un.org/thesaurus/030500" showAs="water" dictionary="UNBIS Thesaurus"></keyword>
        <keyword value="sanitation" href="http://metadata.un.org/thesaurus/1005701" showAs="sanitation" dictionary="UNBIS Thesaurus"></keyword>
        <keyword value="water_management" href="http://metadata.un.org/thesaurus/1006948" showAs="water_management" dictionary="UNBIS Thesaurus"></keyword>
      </classification>
      <classification source="http://metadata.un.org/sdg">
        <keyword value="12" href="http://metadata.un.org/sdg/12" showAs="sdg_12" dictionary="SDGO"></keyword>
        <keyword value="consumption" href="http://eurovoc.europa.eu/139" showAs="consumption" dictionary="EuroVoc"></keyword>
        <keyword value="production" href="http://eurovoc.europa.eu/2707" showAs="production" dictionary="EuroVoc"></keyword>
        <keyword value="sustainable_consumption" href="http://metadata.un.org/thesaurus/1006318" showAs="sustainable_consumption" dictionary="UNBIS Thesaurus"></keyword>
        <keyword value="consumption" href="http://metadata.un.org/thesaurus/1001264" showAs="consumption" dictionary="UNBIS Thesaurus"></keyword>
        <keyword value="production" href="http://metadata.un.org/thesaurus/1005146" showAs="production" dictionary="UNBIS Thesaurus"></keyword>
      </classification>
      <classification source="http://metadata.un.org/sdg">
        <keyword value="14" href="http://metadata.un.org/sdg/14" showAs="sdg_14" dictionary="SDGO"></keyword>
        <keyword value="marine_life" href="http://eurovoc.europa.eu/3149" showAs="marine_life" dictionary="EuroVoc"></keyword>
        <keyword value="marine_environment" href="http://eurovoc.europa.eu/5742" showAs="marine_environment" dictionary="EuroVoc"></keyword>
        <keyword value="ocean" href="http://eurovoc.europa.eu/2107" showAs="ocean" dictionary="EuroVoc"></keyword>
        <keyword value="sea" href="http://eurovoc.europa.eu/1870" showAs="sea" dictionary="EuroVoc"></keyword>
        <keyword value="marine_resources" href="http://metadata.un.org/thesaurus/030800" showAs="marine_resources" dictionary="UNBIS Thesaurus"></keyword>
        <keyword value="marine_resources" href="http://metadata.un.org/thesaurus/1003922" showAs="marine_resources" dictionary="UNBIS Thesaurus"></keyword>
        <keyword value="oceans_and_seas" href="http://metadata.un.org/thesaurus/170600" showAs="oceans_and_seas" dictionary="UNBIS Thesaurus"></keyword>
      </classification>
      <classification source="http://metadata.un.org/sdg">
        <keyword value="16" href="http://metadata.un.org/sdg/16" showAs="sdg_16" dictionary="SDGO"></keyword>
        <keyword value="right_to_justice" href="http://eurovoc.europa.eu/516" showAs="right_to_justice" dictionary="EuroVoc"></keyword>
        <keyword value="sustainable_development" href="http://eurovoc.europa.eu/5585" showAs="sustainable_development" dictionary="EuroVoc"></keyword>
        <keyword value="civil_society" href="http://metadata.un.org/thesaurus/1001012" showAs="civil_society" dictionary="UNBIS Thesaurus"></keyword>
        <keyword value="justice" href="http://metadata.un.org/thesaurus/1003500" showAs="justice" dictionary="UNBIS Thesaurus"></keyword>
        <keyword value="peaceful_coexistence" href="http://metadata.un.org/thesaurus/1004777" showAs="peaceful_coexistence" dictionary="UNBIS Thesaurus"></keyword>
        <keyword value="public_institutions" href="http://metadata.un.org/thesaurus/1005254" showAs="public_institutions" dictionary="UNBIS Thesaurus"></keyword>
        <keyword value="social_justice" href="http://metadata.un.org/thesaurus/1005970" showAs="social_justice" dictionary="UNBIS Thesaurus"></keyword>
        <keyword value="sustainable_development" href="http://metadata.un.org/thesaurus/1006319" showAs="sustainable_development" dictionary="UNBIS Thesaurus"></keyword>
      </classification>
      <classification source="http://metadata.un.org/sdg">
        <keyword value="17" href="http://metadata.un.org/sdg/17" showAs="sdg_17" dictionary="SDGO"></keyword>
        <keyword value="sustainable_development" href="http://eurovoc.europa.eu/5585" showAs="sustainable_development" dictionary="EuroVoc"></keyword>
        <keyword value="partnership" href="http://eurovoc.europa.eu/4199" showAs="partnership" dictionary="EuroVoc"></keyword>
        <keyword value="sustainable_development" href="http://metadata.un.org/thesaurus/1006319" showAs="sustainable_development" dictionary="UNBIS Thesaurus"></keyword>
        <keyword value="partnership" href="http://metadata.un.org/thesaurus/1004748" showAs="partnership" dictionary="UNBIS Thesaurus"></keyword>
      </classification>
      <workflow source="#un">
        <step date="2020-05-22" outcome="draftResolution" as="A/74/L.58/Rev.2" by="United Arab Emirates" />
        <step date="0001-01-01" outcome="draftResolutionAdditionalSponsors" by="" />
        <step date="0001-01-01" outcome="recommendedForAdoption" by="" />
        <step date="2020-06-01" outcome="adopted" as="Adopted through silence procedure" by="" />
      </workflow>
      <analysis source="#un">
        <parliamentary>
          <voting outcome="adoptedWithoutVote">
            <quorum value=""></quorum>
          </voting>
        </parliamentary>
      </analysis>
      <references source="#DGACM">
        <TLCOrganization eId="source" href="/akn/ontology/organization/un/DGACM" showAs="DGACM"></TLCOrganization>
        <TLCConcept eId="dateOfIssuance" href="/akn/ontology/concept/un/dateOfIssuance" showAs="Date of issuance"></TLCConcept>
        <TLCConcept eId="dateOfAdoption" href="/akn/ontology/concept/un/dateOfAdoption" showAs="Date of adoption"></TLCConcept>
        <TLCConcept eId="symbol" href="/akn/ontology/reference/un/symbol" showAs="Symbol"></TLCConcept>
        <TLCRole eId="publisher" href="/akn/ontology/role/un/publisher" showAs="Publisher"></TLCRole>
        <TLCRole eId="issuingBody" href="/akn/role/concept/un/issuingBody" showAs="Issuing body"></TLCRole>
        <TLCRole eId="author" href="/akn/ontology/role/un/author" showAs="Author"></TLCRole>
        <TLCRole eId="editor" href="/akn/ontology/role/un/editor" showAs="Editor"></TLCRole>
        <TLCRole eId="distribution" href="/akn/ontology/concept/un/generalDistribution" showAs="General distribution"></TLCRole>
        <TLCOrganization eId="ga" href="/akn/ontology/organization/un/generalAssembly" showAs="General Assembly"></TLCOrganization>
        <TLCTerm eId="resolutionTitle" href="/akn/ontology/reference/un/resolutionTitle" showAs="Resolution title"></TLCTerm>
        <TLCTerm eId="noMainCommittee" href="#noMainCommittee" showAs="sin remisión previa a una Comisión Principal"></TLCTerm>
        <TLCTerm eId="memberState" href="/akn/ontology/organization/un/memberState" showAs="Member State"></TLCTerm>
        <TLCTerm eId="inFavour" href="/akn/ontology/concept/un/voting/inFavour" showAs="In favour"></TLCTerm>
        <TLCTerm eId="against" href="/akn/ontology/concept/un/voting/against" showAs="Against"></TLCTerm>
        <TLCTerm eId="abstaining" href="/akn/ontology/concept/un/voting/abstaining" showAs="Abstaining"></TLCTerm>
      </references>
      <presentation source="#un">
        <akn4un:footerFirstPage>
          <akn4un:footerFirstPageLeft>
            <akn4un:internalCode>
              <docketNumber refersTo="#publicationJobNumber">20-07344 (S)</docketNumber>
              <img alt="bar code" class="barCode" src=""></img>
            </akn4un:internalCode>
          </akn4un:footerFirstPageLeft>
          <akn4un:footerFirstPageRight>
            <img alt="Please recycle" class="image" src="./recylcleLogo.jpg"></img>
            <img alt="embedded QR code" class="qrCode" src=""></img>
          </akn4un:footerFirstPageRight>
        </akn4un:footerFirstPage>
      </presentation>
    </meta>
    <coverPage eId="coverPage_1">
      <p>
        <span refersTo="#publisher" class="upperLeft">
          <docAuthority refersTo="#publisher">Naciones Unidas</docAuthority>
        </span>
      </p>
      <p class="upperRight">
        <docNumber refersTo="#symbol">A/RES/74/276</docNumber>
      </p>
      <p class="upperLeft">
        <img src="logo-un.jpg"></img>
        <docAuthority refersTo="#issuingBody" class="rightBig">Asamblea General</docAuthority>
      </p>
      <p>
        <docStatus refersTo="#generalDistribution" class="rightSmall">Distr. general</docStatus>
      </p>
      <p>
        <docDate date="2020-06-02" class="rightSmall" refersTo="#dateOfIssuance">2 de junio de 2020</docDate>
      </p>
      <p>
        <session refersTo="#generalAssembly" value="74" eId="coverPage_1__session_1">Septuagésimo cuarto período de sesiones</session>
      </p>
      <p>
        <inline name="agenda item">Tema 106 del programa</inline>
      </p>
      <p>
        <inline name="agenda item name">Prevención del delito y justicia penal</inline>
      </p>
      <p>
        <docTitle>Resolución aprobada por la Asamblea General el 1 de junio de 2020</docTitle>
      </p>
      <p xml:space="preserve">
        <docProponent refersTo="#noMainCommittee">[sin remisión previa a una Comisión Principal (<inline name="originating document">A/74/L.58/Rev.2</inline>)]</docProponent>
      </p>
    </coverPage>
    <preface>
      <p>
        <docNumber>74/276.</docNumber>
        <docTitle refersTo="#resolutionTitle">Período extraordinario de sesiones de la Asamblea General contra la corrupción</docTitle>
      </p>
    </preface>
    <preamble>
      <formula name="enactingFormula" eId="formula_1">
        <p xml:space="preserve">
          <span class="italic">La Asamblea General</span>,</p>
      </formula>
      <container name="Recordando " eId="container_2">
        <p xml:space="preserve">
          <span class="italic">Recordando </span>sus resoluciones <a href="https://undocs.org/es/A/RES/54/205">54/205</a>, de 22 de diciembre de 1999, <a href="https://undocs.org/es/A/RES/55/61">55/61</a>, de 4 de diciembre de 2000, <a href="https://undocs.org/es/A/RES/55/188">55/188</a>, de 20 de diciembre de 2000, <a href="https://undocs.org/es/A/RES/56/186">56/186</a>, de 21 de diciembre de 2001, y <a href="https://undocs.org/es/A/RES/57/244">57/244</a>, de 20 de diciembre de 2002, y recordando también sus resoluciones <a href="https://undocs.org/es/A/RES/58/4">58/4</a>, de 31 de octubre de 2003, <a href="https://undocs.org/es/A/RES/58/205">58/205</a>, de 23 de diciembre de 2003, <a href="https://undocs.org/es/A/RES/59/242">59/242</a>, de 22 de diciembre de 2004, <a href="https://undocs.org/es/A/RES/60/207">60/207</a>, de 22 de diciembre de 2005, <a href="https://undocs.org/es/A/RES/61/209">61/209</a>, de 20 de diciembre de 2006, <a href="https://undocs.org/es/A/RES/62/202">62/202</a>, de 19 de diciembre de 2007, <a href="https://undocs.org/es/A/RES/63/226">63/226</a>, de 19 de diciembre de 2008, <a href="https://undocs.org/es/A/RES/64/237">64/237</a>, de 24 de diciembre de 2009, <a href="https://undocs.org/es/A/RES/65/169">65/169</a>, de 20 de diciembre de 2010, <a href="https://undocs.org/es/A/RES/67/189">67/189</a> y <a href="https://undocs.org/es/A/RES/67/192">67/192</a>, de 20 de diciembre de 2012, <a href="https://undocs.org/es/A/RES/68/195">68/195</a>, de 18 de diciembre de 2013, <a href="https://undocs.org/es/A/RES/69/199">69/199</a>, de 18 de diciembre de 2014, <a href="https://undocs.org/es/A/RES/71/208">71/208</a>, de 19 de diciembre de 2016, y <a href="https://undocs.org/es/A/RES/73/190">73/190</a>, de 17 de diciembre de 2018, y las resoluciones del Consejo de Derechos Humanos <a href="https://undocs.org/es/A/HRC/RES/23/9">23/9</a>, de 13 de junio de 2013<authorialNote marker="1" placement="bottom" eId="authorialNote_1"><p xml:space="preserve">		Véase <span class="italic">Documentos Oficiales de la Asamblea General, sexagésimo octavo período de sesiones, suplemento núm. 53 </span>(<a href="https://undocs.org/es/A/68/53">A/68/53</a>), cap. V, secc. A.</p></authorialNote>, <a href="https://undocs.org/es/A/HRC/RES/29/11">29/11</a>, de 2 de julio de 2015<authorialNote marker="2" placement="bottom" eId="authorialNote_2"><p xml:space="preserve"><span class="italic">Ibid</span>., <span class="italic">septuagésimo período de sesiones, suplemento núm. 53 </span>(<a href="https://undocs.org/es/A/70/53">A/70/53</a>), cap. V, secc. A.</p></authorialNote>, y <a href="https://undocs.org/es/A/HRC/RES/35/25">35/25</a>, de 23 de junio de 2017<authorialNote marker="3" placement="bottom" eId="authorialNote_3"><p xml:space="preserve"><span class="italic">Ibid</span>., <span class="italic">septuagésimo segundo período de sesiones, suplemento núm. 53 </span>(<a href="https://undocs.org/es/A/72/53">A/72/53</a>), cap. V,  secc. A.</p></authorialNote>,</p>
      </container>
      <container name="Recordando también " eId="container_3">
        <p xml:space="preserve">
          <span class="italic">Recordando también </span>su resolución <a href="https://undocs.org/es/A/RES/73/191">73/191</a>, de 17 de diciembre de 2018, titulada “Período extraordinario de sesiones de la Asamblea General contra la corrupción”, en la que decidió convocar en el primer semestre de 2021 un período extraordinario de sesiones de la Asamblea sobre los desafíos y las medidas para prevenir la corrupción y luchar contra ella y reforzar la cooperación internacional,</p>
      </container>
      <container name="Recordando además" eId="container_4">
        <p xml:space="preserve">
          <span class="italic">Recordando además</span> la entrada en vigor, el 14 de diciembre de 2005, de la Convención de las Naciones Unidas contra la Corrupción<authorialNote marker="4" placement="bottom" eId="authorialNote_4"><p xml:space="preserve">		Naciones Unidas, <span class="italic">Treaty Series</span>, vol. 2349, núm. 42146.</p></authorialNote>, que es el instrumento más completo y universal sobre la corrupción, y reconociendo la necesidad de seguir promoviendo las ratificaciones o adhesiones, así como el cumplimiento pleno y efectivo de las obligaciones dimanantes de ella,</p>
      </container>
      <container name="Teniendo presente" eId="container_5">
        <p xml:space="preserve">
          <span class="italic">	Teniendo presente</span> que la prevención y la erradicación de la corrupción son responsabilidad de todos los Estados y que estos deben cooperar entre sí, con el apoyo y la implicación de personas y grupos no pertenecientes al sector público, y observando con aprecio los esfuerzos de los Estados por promover la activa participación de esas personas y grupos,</p>
      </container>
      <container name="Reconociendo " eId="container_6">
        <p xml:space="preserve">
          <span class="italic">	Reconociendo </span>el artículo 4 de la Convención, conforme al cual los Estados partes cumplirán sus obligaciones con arreglo a dicha Convención en consonancia con los principios de igualdad soberana e integridad territorial de los Estados, así como de no intervención en los asuntos internos de otros Estados, y recordando la resolución <a href="https://undocs.org/es/A/RES/70/1">70/1</a> de la Asamblea General, de 25 de septiembre de 2015,</p>
      </container>
      <container name="Teniendo presente" eId="container_7">
        <p xml:space="preserve">
          <span class="italic">	Teniendo presente</span> que ninguna de las disposiciones de la Convención facultará a un Estado parte para ejercer, en el territorio de otro Estado, jurisdicción o funciones que el derecho interno de ese Estado reserve exclusivamente a sus autoridades,</p>
      </container>
      <container name="Observando con aprecio" eId="container_8">
        <p xml:space="preserve">
          <span class="italic">Observando con aprecio</span> todas las declaraciones políticas regionales pertinentes de los Estados Miembros de las Naciones Unidas contra la corrupción,</p>
      </container>
      <container name="Destacando " eId="container_9">
        <p xml:space="preserve">
          <span class="italic">Destacando </span>la importancia del período extraordinario de sesiones para prevenir la corrupción y luchar contra ella y reforzar la cooperación internacional con ese fin, entre otras cosas, promoviendo el cumplimiento pleno y efectivo de las obligaciones dimanantes de la Convención,</p>
      </container>
      <container name="Destacando también" eId="container_10">
        <p xml:space="preserve">
          <span class="italic">Destacando también</span> que en la Agenda 2030 para el Desarrollo Sostenible<authorialNote marker="5" placement="bottom" eId="authorialNote_5"><p xml:space="preserve">		Resolución <a href="https://undocs.org/es/A/RES/70/1">70/1</a>.</p></authorialNote> se aborda la necesidad de promover sociedades pacíficas e inclusivas para el desarrollo sostenible, facilitar el acceso a la justicia para todos y construir a todos los niveles instituciones eficaces e inclusivas que rindan cuentas, y preocupada por la gravedad de los problemas y las amenazas que plantea la corrupción para la estabilidad y la seguridad de las sociedades, que socavan las instituciones y los valores de la democracia, la ética y la justicia y ponen en peligro el desarrollo sostenible y el estado de derecho,</p>
      </container>
    </preamble>
    <mainBody>
      <paragraph eId="para_11" class="SingleTxt">
        <num>	1.</num>
        <content eId="para_11__content">
          <p xml:space="preserve">
            <span class="italic">Decide </span>que el período extraordinario de sesiones de la Asamblea General sobre los desafíos y las medidas para prevenir la corrupción y luchar contra ella y reforzar la cooperación internacional se celebrará a lo largo de tres días, del 26 al 28 de abril de 2021, en la Sede de las Naciones Unidas (Nueva York);</p>
        </content>
      </paragraph>
      <paragraph eId="para_12" class="SingleTxt">
        <num>	2.</num>
        <content eId="para_12__content">
          <p xml:space="preserve">
            <span class="italic">Decide también</span> que los arreglos de organización del período extraordinario de sesiones serán los siguientes:</p>
        </content>
      </paragraph>
      <paragraph eId="para_13" class="SingleTxt">
        <content eId="para_13__content">
          <p xml:space="preserve">	a)	El período extraordinario de sesiones constará de sesiones plenarias que se celebrarán entre las 10.00 y las 13.00 horas y entre las 15.00 y las 18.00 horas;</p>
        </content>
      </paragraph>
      <paragraph eId="para_14" class="SingleTxt">
        <content eId="para_14__content">
          <p xml:space="preserve">	b)	En la apertura del período extraordinario de sesiones formularán declaraciones la Presidencia de la Asamblea General, el Secretario General, la Presidencia del Consejo Económico y Social, la Presidencia de la Conferencia de los Estados Partes en la Convención de las Naciones Unidas contra la Corrupción y la Directora Ejecutiva de la Oficina de las Naciones Unidas contra la Droga y el Delito;</p>
        </content>
      </paragraph>
      <paragraph eId="para_15" class="SingleTxt">
        <content eId="para_15__content">
          <p xml:space="preserve">	c)	En las sesiones plenarias formularán declaraciones los Estados Miembros, Estados y organizaciones regionales de integración económica que sean partes en la Convención de las Naciones Unidas contra la Corrupción, los observadores en la Asamblea General y, si el tiempo lo permite, un número limitado de representantes de las organizaciones pertinentes que asistan al período extraordinario de sesiones a tenor de los apartados d) y e), que seleccionará la Presidencia de la Asamblea General en consulta con los Estados Miembros, teniendo debidamente en cuenta el equilibrio geográfico y la equidad de género; la lista de oradores se preparará de conformidad con las prácticas habituales de la Asamblea<authorialNote marker="6" placement="bottom" eId="authorialNote_6"><p xml:space="preserve">	 	Conforme a la práctica habitual de la Asamblea General, si en la lista figuran oradores de organizaciones no gubernamentales que no hayan sido reconocidas como entidades consultivas por el Consejo Económico y Social, los Estados Miembros decidirán si pueden intervenir, con arreglo al procedimiento de no objeción. </p></authorialNote>, y el límite de tiempo será de cinco minutos para las declaraciones que hagan las delegaciones a título individual y de siete minutos para las formuladas en nombre de un grupo de Estados;</p>
        </content>
      </paragraph>
      <paragraph eId="para_16" class="SingleTxt">
        <content eId="para_16__content">
          <p xml:space="preserve">	d)	Se invita a los representantes de las organizaciones no gubernamentales reconocidas como entidades consultivas por el Consejo Económico y Social a participar en el período extraordinario de sesiones de conformidad con la práctica habitual de la Asamblea General;</p>
        </content>
      </paragraph>
      <paragraph eId="para_17" class="SingleTxt">
        <content eId="para_17__content">
          <p xml:space="preserve">	e)	De conformidad con la práctica habitual de la Asamblea General, su Presidencia elaborará una lista de otros representantes pertinentes de organizaciones no gubernamentales, organizaciones de la sociedad civil, instituciones académicas y el sector privado que pueden asistir al período extraordinario de sesiones, teniendo en cuenta los principios de transparencia y representación geográfica equitativa y velando debidamente por la participación significativa de las mujeres, y presentará la lista a los Estados Miembros para que la examinen con arreglo al procedimiento de no objeción<authorialNote marker="7" placement="bottom" eId="authorialNote_7"><p xml:space="preserve">	 	La lista de nombres propuestos y la lista definitiva se señalarán a la atención de la Asamblea General. En caso de que haya objeciones a algún nombre, el Estado Miembro que las formule comunicará voluntariamente a la Oficina de la Presidencia de la Asamblea General los motivos generales de sus objeciones y la Oficina remitirá la información recibida a los Estados Miembros que la soliciten.</p></authorialNote>;</p>
        </content>
      </paragraph>
      <paragraph eId="para_18" class="SingleTxt">
        <num>	3.</num>
        <content eId="para_18__content">
          <p xml:space="preserve">
            <span class="italic">Reitera</span> el papel central que la Conferencia de los Estados Partes en la Convención de las Naciones Unidas contra la Corrupción desempeña en la mejora de la capacidad de los Estados partes y la cooperación entre ellos para alcanzar los objetivos enunciados en la Convención de las Naciones Unidas contra la Corrupción<sup>4</sup> y promover y examinar su aplicación; </p>
        </content>
      </paragraph>
      <paragraph eId="para_19" class="SingleTxt">
        <num>	4.</num>
        <content eId="para_19__content">
          <p xml:space="preserve">
            <span class="italic">Reitera también </span>su invitación a la Conferencia de los Estados Partes para que dirija el proceso preparatorio del período extraordinario de sesiones abordando todas las cuestiones sustantivas y de organización de manera abierta;</p>
        </content>
      </paragraph>
      <paragraph eId="para_20" class="SingleTxt">
        <num>	5.</num>
        <content eId="para_20__content">
          <p xml:space="preserve">
            <span class="italic">Invita </span>a todas las entidades competentes del sistema de las Naciones Unidas, incluidos los programas, fondos, organismos especializados y comisiones regionales, así como a las organizaciones intergubernamentales, regionales y subregionales pertinentes, a que participen en el período extraordinario de sesiones;</p>
        </content>
      </paragraph>
      <paragraph eId="para_21" class="SingleTxt">
        <num>	6.</num>
        <content eId="para_21__content">
          <p xml:space="preserve">
            <span class="italic">Solicita</span> a la Mesa ampliada de la Conferencia de los Estados Partes que organice todas las medidas que deba adoptar la Conferencia como parte de los preparativos del período extraordinario de sesiones y que aborde todas las cuestiones sustantivas y de organización de manera abierta y transparente, incluso nombrando a facilitadores para las consultas oficiosas sobre el proyecto de declaración política;</p>
        </content>
      </paragraph>
      <paragraph eId="para_22" class="SingleTxt">
        <num>	7.</num>
        <content eId="para_22__content">
          <p xml:space="preserve">
            <span class="italic">Solicita también </span>a la Mesa ampliada de la Conferencia de los Estados Partes que, en consulta con los Estados Miembros, elabore un plan de trabajo y un calendario para avanzar en las consultas sobre el proyecto de declaración política;</p>
        </content>
      </paragraph>
      <paragraph eId="para_23" class="SingleTxt">
        <num>	8.</num>
        <content eId="para_23__content">
          <p xml:space="preserve">
            <span class="italic">Afirma</span> que a las reuniones entre períodos de sesiones de la Conferencia de los Estados Partes sobre los preparativos del período extraordinario de sesiones podrán asistir todos los Estados partes y observadores, de conformidad con el reglamento de la Conferencia y con la práctica habitual;</p>
        </content>
      </paragraph>
      <paragraph eId="para_24" class="SingleTxt">
        <num>	9.</num>
        <content eId="para_24__content">
          <p xml:space="preserve">
            <span class="italic">Reitera su solicitud</span> a la Oficina de las Naciones Unidas contra la Droga y el Delito de que aporte conocimientos sustantivos y apoyo técnico;</p>
        </content>
      </paragraph>
      <paragraph eId="para_25" class="SingleTxt">
        <num>	10.</num>
        <content eId="para_25__content">
          <p xml:space="preserve">
            <span class="italic">Solicita</span> a la Conferencia de los Estados Partes que elabore, a su debido tiempo, una declaración política concisa y orientada a la acción previamente acordada por consenso mediante negociaciones intergubernamentales bajo los auspicios de la Conferencia, para que la Asamblea General la apruebe en su período extraordinario de sesiones;</p>
        </content>
      </paragraph>
      <paragraph eId="para_26" class="SingleTxt">
        <num>	11.</num>
        <content eId="para_26__content">
          <p xml:space="preserve">
            <span class="italic">Solicita también </span>a la Conferencia de los Estados Partes que celebre un período extraordinario de sesiones con el propósito de aprobar la declaración política, para transmitirla posteriormente a la Asamblea General a fin de que la apruebe en su período extraordinario de sesiones contra la corrupción;</p>
        </content>
      </paragraph>
      <paragraph eId="para_27" class="SingleTxt">
        <num>	12.</num>
        <content eId="para_27__content">
          <p xml:space="preserve">
            <span class="italic">Solicita además</span> a la Conferencia de los Estados Partes que la informe en su período extraordinario de sesiones sobre los preparativos que haya realizado para el período de sesiones;</p>
        </content>
      </paragraph>
      <paragraph eId="para_28" class="SingleTxt">
        <num>	13.</num>
        <content eId="para_28__content">
          <p xml:space="preserve">
            <span class="italic">Reitera </span>la importancia de un proceso preparatorio inclusivo que incluya consultas sustantivas amplias, e invita a la Conferencia de los Estados Partes a que celebre un máximo de tres reuniones entre períodos de sesiones, según sea necesario, para avanzar en esas consultas, alienta a los órganos, entidades y organismos especializados del sistema de las Naciones Unidas, las organizaciones internacionales y regionales competentes, la sociedad civil, el mundo académico y otros interesados pertinentes a que contribuyan plenamente al proceso preparatorio, de conformidad con el reglamento correspondiente y con la práctica habitual, y solicita a la Oficina de las Naciones Unidas contra la Droga y el Delito que recopile esas contribuciones, incluidas recomendaciones específicas sobre las cuestiones que debería abordar la Asamblea General en su período extraordinario de sesiones, y las ponga a disposición de la Conferencia; </p>
        </content>
      </paragraph>
      <paragraph eId="para_29" class="SingleTxt">
        <num>	14.</num>
        <content eId="para_29__content">
          <p xml:space="preserve">
            <span class="italic">Solicita</span> a la secretaría de la Conferencia de los Estados Partes que prepare un informe sobre la creación de sinergias entre la labor y los resultados del período extraordinario de sesiones de la Asamblea General y la próxima Conferencia de los Estados Partes, que se celebrará en 2021, y que presente ese informe a las reuniones entre períodos de sesiones propuestas, para que los Estados Partes lo examinen y aprueben;</p>
        </content>
      </paragraph>
      <paragraph eId="para_30" class="SingleTxt">
        <num>	15.</num>
        <content eId="para_30__content">
          <p xml:space="preserve">
            <span class="italic">Invita </span>a todos los Estados Miembros, los Estados observadores y los observadores en la Asamblea General a que consideren la posibilidad de estar representados en el período extraordinario de sesiones al más alto nivel posible;</p>
        </content>
      </paragraph>
      <paragraph eId="para_31" class="SingleTxt">
        <num>	16.</num>
        <content eId="para_31__content">
          <p xml:space="preserve">
            <span class="italic">Invita</span> a la Presidencia de la Asamblea General a que convoque, paralelamente al período extraordinario de sesiones, un evento complementario de alto nivel sobre los desafíos y las medidas para prevenir la corrupción y luchar contra ella y reforzar la cooperación internacional;</p>
        </content>
      </paragraph>
      <paragraph eId="para_32" class="SingleTxt">
        <num>	17.</num>
        <content eId="para_32__content">
          <p xml:space="preserve">
            <span class="italic">Alienta </span>a la Oficina de las Naciones Unidas contra la Droga y el Delito a que, con sujeción a la disponibilidad de recursos extrapresupuestarios, organice un foro de la juventud para examinar la forma en que los jóvenes pueden contribuir a las actividades de prevención y lucha contra la corrupción, e invita a un representante de ese foro, que seleccionará la Presidencia de la Asamblea General, a que participe en el período extraordinario de sesiones, incluso formulando, en la sesión de apertura del período extraordinario de sesiones, una declaración sobre los resultados de las deliberaciones del foro de la juventud;</p>
        </content>
      </paragraph>
      <paragraph eId="para_33" class="SingleTxt">
        <num>	18.</num>
        <content eId="para_33__content">
          <p xml:space="preserve">
            <span class="italic">Reafirma </span>su decisión, adoptada en la resolución <a href="https://undocs.org/es/A/RES/73/191">73/191</a>, de organizar el período extraordinario de sesiones y su proceso preparatorio con los recursos disponibles.</p>
        </content>
      </paragraph>
    </mainBody>
    <conclusions eId="conclusions">
      <p>
        <docDate date="2020-06-01" refersTo="#adoptionDate">1 de junio de 2020</docDate>
      </p>
    </conclusions>
  </statement>
</akomaNtoso>