<akomaNtoso xmlns:xsi="http://www.w3.org/2001/XMLSchema-instance" xsi:schemaLocation="http://docs.oasis-open.org/legaldocml/ns/akn/3.0 http://docs.oasis-open.org/legaldocml/akn-core/v1.0/os/part2-specs/schemas/akomantoso30.xsd" xmlns="http://docs.oasis-open.org/legaldocml/ns/akn/3.0" xmlns:html="http://www.w3.org/1999/xhtml" xmlns:akn4un="http://un.org/akn4un">
  <statement name="resolution">
    <meta>
      <identification source="#DGACM">
        <FRBRWork>
          <FRBRthis value="/akn/un/statement/deliberation/unga/2020-06-30/74-287/!main/"></FRBRthis>
          <FRBRuri value="/akn/un/statement/deliberation/unga/2020-06-30/74-287/"></FRBRuri>
          <FRBRdate date="2020-06-30" name="adoption"></FRBRdate>
          <FRBRauthor href="ga" as="author"></FRBRauthor>
          <FRBRcountry value="un"></FRBRcountry>
        </FRBRWork>
        <FRBRExpression>
          <FRBRthis value="/akn/un/statement/deliberation/unga/2020-06-30/74-287/spa@!main/"></FRBRthis>
          <FRBRuri value="/akn/un/statement/deliberation/unga/2020-06-30/74-287/spa@/"></FRBRuri>
          <FRBRdate date="2020-07-13" name="publication"></FRBRdate>
          <FRBRauthor href="ga" as="issuer"></FRBRauthor>
          <FRBRlanguage language="spa"></FRBRlanguage>
        </FRBRExpression>
        <FRBRManifestation>
          <FRBRthis value="/akn/un/statement/deliberation/unga/2020-06-30/74-287/spa@/!main.xml"></FRBRthis>
          <FRBRuri value="/akn/un/statement/deliberation/unga/2020-06-30/74-287/spa@.xml"></FRBRuri>
          <FRBRdate date="2020-10-08" name="markup"></FRBRdate>
          <FRBRauthor href="DGACM" as="editor"></FRBRauthor>
        </FRBRManifestation>
      </identification>
      <workflow source="#un">
        <step date="2020-06-27" outcome="draftResolution" as="A/C.5/74/L.41" by="submitted by the Chair of the Committee following informal consultations" />
        <step date="0001-01-01" outcome="draftResolutionAdditionalSponsors" by="" />
        <step date="0001-01-01" outcome="recommendedForAdoption" as="A/74/915" by="" refersTo="6" />
        <step date="2020-06-30" outcome="adopted" as="Adopted through silence procedure" by="" />
      </workflow>
      <analysis source="#un">
        <parliamentary>
          <voting outcome="adoptedWithoutVote">
            <quorum value=""></quorum>
          </voting>
        </parliamentary>
      </analysis>
      <references source="#DGACM">
        <TLCOrganization eId="source" href="/akn/ontology/organization/un/DGACM" showAs="DGACM"></TLCOrganization>
        <TLCConcept eId="dateOfIssuance" href="/akn/ontology/concept/un/dateOfIssuance" showAs="Date of issuance"></TLCConcept>
        <TLCConcept eId="dateOfAdoption" href="/akn/ontology/concept/un/dateOfAdoption" showAs="Date of adoption"></TLCConcept>
        <TLCConcept eId="symbol" href="/akn/ontology/reference/un/symbol" showAs="Symbol"></TLCConcept>
        <TLCRole eId="publisher" href="/akn/ontology/role/un/publisher" showAs="Publisher"></TLCRole>
        <TLCRole eId="issuingBody" href="/akn/role/concept/un/issuingBody" showAs="Issuing body"></TLCRole>
        <TLCRole eId="author" href="/akn/ontology/role/un/author" showAs="Author"></TLCRole>
        <TLCRole eId="editor" href="/akn/ontology/role/un/editor" showAs="Editor"></TLCRole>
        <TLCRole eId="distribution" href="/akn/ontology/concept/un/generalDistribution" showAs="General distribution"></TLCRole>
        <TLCOrganization eId="ga" href="/akn/ontology/organization/un/generalAssembly" showAs="General Assembly"></TLCOrganization>
        <TLCTerm eId="resolutionTitle" href="/akn/ontology/reference/un/resolutionTitle" showAs="Resolution title"></TLCTerm>
        <TLCTerm eId="fifthCommittee" href="#fifthCommittee" showAs="Quinta Comisión"></TLCTerm>
        <TLCTerm eId="memberState" href="/akn/ontology/organization/un/memberState" showAs="Member State"></TLCTerm>
        <TLCTerm eId="inFavour" href="/akn/ontology/concept/un/voting/inFavour" showAs="In favour"></TLCTerm>
        <TLCTerm eId="against" href="/akn/ontology/concept/un/voting/against" showAs="Against"></TLCTerm>
        <TLCTerm eId="abstaining" href="/akn/ontology/concept/un/voting/abstaining" showAs="Abstaining"></TLCTerm>
      </references>
      <presentation source="#un">
        <akn4un:footerFirstPage>
          <akn4un:footerFirstPageLeft>
            <akn4un:internalCode>
              <docketNumber refersTo="#publicationJobNumber">20-08795 (S)</docketNumber>
              <img alt="bar code" class="barCode" src=""></img>
            </akn4un:internalCode>
          </akn4un:footerFirstPageLeft>
          <akn4un:footerFirstPageRight>
            <img alt="Please recycle" class="image" src="./recylcleLogo.jpg"></img>
            <img alt="embedded QR code" class="qrCode" src=""></img>
          </akn4un:footerFirstPageRight>
        </akn4un:footerFirstPage>
      </presentation>
    </meta>
    <coverPage eId="coverPage_1">
      <p>
        <span refersTo="#publisher" class="upperLeft">
          <docAuthority refersTo="#publisher">Naciones Unidas</docAuthority>
        </span>
      </p>
      <p class="upperRight">
        <docNumber refersTo="#symbol">A/RES/74/287</docNumber>
      </p>
      <p class="upperLeft">
        <img src="logo-un.jpg"></img>
        <docAuthority refersTo="#issuingBody" class="rightBig">Asamblea General</docAuthority>
      </p>
      <p>
        <docStatus refersTo="#generalDistribution" class="rightSmall">Distr. general</docStatus>
      </p>
      <p>
        <docDate date="2020-07-13" class="rightSmall" refersTo="#dateOfIssuance">13 de julio de 2020</docDate>
      </p>
      <p>
        <session refersTo="#generalAssembly" value="74" eId="coverPage_1__session_1">Septuagésimo cuarto período de sesiones</session>
      </p>
      <p>
        <inline name="agenda item">Tema 155 del programa</inline>
      </p>
      <p>
        <inline name="agenda item name">Financiación de la Misión de Estabilización de las Naciones Unidas en Haití</inline>
      </p>
      <p>
        <docTitle>Resolución aprobada por la Asamblea General el 30 de junio de 2020</docTitle>
      </p>
      <p xml:space="preserve">
        <docProponent refersTo="#fifthCommittee">[sobre la base del informe de la Quinta Comisión (<inline name="originating document">A/74/915</inline>)]</docProponent>
      </p>
    </coverPage>
    <preface>
      <p>
        <docNumber>74/287.</docNumber>
        <docTitle refersTo="#resolutionTitle">Financiación de la Misión de Estabilización de las Naciones Unidas en Haití</docTitle>
      </p>
    </preface>
    <preamble>
      <formula name="enactingFormula" eId="formula_1">
        <p xml:space="preserve">
          <span class="italic">La Asamblea General,</span>
        </p>
      </formula>
      <container name="Habiendo examinado" eId="container_2">
        <p xml:space="preserve">
          <span class="italic">Habiendo examinado</span> el informe del Secretario General sobre la financiación de la Misión de Estabilización de las Naciones Unidas en Haití<authorialNote marker="1" placement="bottom" eId="authorialNote_1"><p xml:space="preserve"><a href="https://undocs.org/es/A/74/729">A/74/729</a>.</p></authorialNote> y el informe conexo de la Comisión Consultiva en Asuntos Administrativos y de Presupuesto<authorialNote marker="2" placement="bottom" eId="authorialNote_2"><p xml:space="preserve"><a href="https://undocs.org/es/A/74/829">A/74/829</a>.</p></authorialNote>,</p>
      </container>
      <container name="Recordando" eId="container_3">
        <p xml:space="preserve">
          <span class="italic">Recordando</span> la resolución <a href="https://undocs.org/es/S/RES/1529(2004)">1529 (2004)</a> del Consejo de Seguridad, de 29 de febrero de 2004, en la que el Consejo declaró que estaba dispuesto a establecer una fuerza de estabilización de las Naciones Unidas destinada a apoyar la continuación del proceso político pacífico y constitucional y a mantener un entorno seguro y estable en Haití,</p>
      </container>
      <container name="Recordando también" eId="container_4">
        <p xml:space="preserve">
          <span class="italic">Recordando también</span> la resolución <a href="https://undocs.org/es/S/RES/1542(2004)">1542 (2004)</a> del Consejo de Seguridad, de 30 de abril de 2004, en la cual el Consejo decidió establecer la Misión de Estabilización de las Naciones Unidas en Haití por un período inicial de seis meses, y las resoluciones posteriores en las que el Consejo prorrogó el mandato de la Misión, la más reciente de las cuales es la resolución <a href="https://undocs.org/es/S/RES/2350(2017)">2350 (2017)</a>, de 13 de abril de 2017, en la cual el Consejo decidió prorrogar el mandato de la Misión por un último período de seis meses, hasta el 15 de octubre de 2017,</p>
      </container>
      <container name="Recordando además" eId="container_5">
        <p xml:space="preserve">
          <span class="italic">Recordando además</span> su resolución <a href="https://undocs.org/es/A/RES/58/315">58/315</a>, de 1 de julio de 2004,</p>
      </container>
      <container name="Recordando" eId="container_6">
        <p xml:space="preserve">
          <span class="italic">Recordando</span> su resolución <a href="https://undocs.org/es/A/RES/58/311">58/311</a>, de 18 de junio de 2004, relativa a la financiación de la Misión, y sus resoluciones posteriores al respecto, la más reciente de las cuales es la resolución <a href="https://undocs.org/es/A/RES/73/316">73/316</a>, de 3 de julio de 2019, así como su decisión 73/555, de 3 de julio de 2019,</p>
      </container>
      <container name="Reafirmando" eId="container_7">
        <p xml:space="preserve">
          <span class="italic">Reafirmando</span> los principios generales en que se basa la financiación de las operaciones de las Naciones Unidas para el mantenimiento de la paz, enunciados en sus resoluciones <a href="https://undocs.org/es/A/RES/1874 (S-IV)">1874 (S-IV)</a>, de 27 de junio de 1963, <a href="https://undocs.org/es/A/RES/3101(XXVIII)">3101 (XXVIII)</a>, de 11 de diciembre de 1973, y <a href="https://undocs.org/es/A/RES/55/235">55/235</a>, de 23 de diciembre de 2000, </p>
      </container>
    </preamble>
    <mainBody>
      <paragraph eId="para_8" class="SingleTxt">
        <num>	1.</num>
        <content eId="para_8__content">
          <p xml:space="preserve">
            <span class="italic">Toma nota</span> del estado de las contribuciones para la Misión de Estabilización de las Naciones Unidas en Haití al 30 de abril de 2020, incluidas las contribuciones pendientes de pago por valor de 7,3 millones de dólares de los  Estados Unidos, que constituyen aproximadamente un 0,1 % del total de las cuotas, observa con preocupación que solo 174 Estados Miembros han pagado sus cuotas íntegramente e insta a todos los demás Estados Miembros, en particular a los que están en mora, a que aseguren el pago de sus cuotas pendientes; </p>
        </content>
      </paragraph>
      <paragraph eId="para_9" class="SingleTxt">
        <num>	2.</num>
        <content eId="para_9__content">
          <p xml:space="preserve">
            <span class="italic">Expresa su reconocimiento</span> a los Estados Miembros que han pagado sus cuotas íntegramente, e insta a todos los demás Estados Miembros a que hagan todo lo posible por asegurar el pago íntegro de sus cuotas para la Misión;</p>
        </content>
      </paragraph>
      <paragraph eId="para_10" class="SingleTxt">
        <num>	3.</num>
        <content eId="para_10__content">
          <p xml:space="preserve">
            <span class="italic">Hace suyas</span> las conclusiones y recomendaciones que figuran en el informe de la Comisión Consultiva en Asuntos Administrativos y de Presupuesto<sup>2</sup>, y solicita al Secretario General que asegure su plena aplicación;</p>
        </content>
      </paragraph>
      <paragraph eId="para_11" class="H23">
        <subheading>		Destino final de los activos de la Misión de Estabilización de las Naciones Unidas en Haití</subheading>
      </paragraph>
      <paragraph eId="para_12" class="SingleTxt">
        <num>	4.</num>
        <content eId="para_12__content">
          <p xml:space="preserve">
            <span class="italic">Toma nota</span> del informe del Secretario General sobre el destino final de los activos de la Misión de Estabilización de las Naciones Unidas en Haití<sup>1</sup>; </p>
        </content>
      </paragraph>
      <paragraph eId="para_13" class="SingleTxt">
        <num>	5.</num>
        <content eId="para_13__content">
          <p xml:space="preserve">
            <span class="italic">Alienta</span> al Secretario General a que siga aprovechando la experiencia adquirida y las mejores prácticas para las reducciones y los cierres futuros;</p>
        </content>
      </paragraph>
      <paragraph eId="para_14" class="SingleTxt">
        <num>	6.</num>
        <content eId="para_14__content">
          <p xml:space="preserve">
            <span class="italic">Decide </span>incluir en el programa provisional de su septuagésimo quinto período de sesiones el tema titulado “Financiación de la Misión de Estabilización de las Naciones Unidas en Haití”.</p>
        </content>
      </paragraph>
    </mainBody>
    <conclusions eId="conclusions">
      <p>
        <docDate date="2020-06-30" refersTo="#adoptionDate">30 de junio de 2020</docDate>
      </p>
    </conclusions>
  </statement>
</akomaNtoso>