<akomaNtoso xmlns:xsi="http://www.w3.org/2001/XMLSchema-instance" xsi:schemaLocation="http://docs.oasis-open.org/legaldocml/ns/akn/3.0 http://docs.oasis-open.org/legaldocml/akn-core/v1.0/os/part2-specs/schemas/akomantoso30.xsd" xmlns="http://docs.oasis-open.org/legaldocml/ns/akn/3.0" xmlns:html="http://www.w3.org/1999/xhtml" xmlns:akn4un="http://un.org/akn4un">
  <statement name="resolution">
    <meta>
      <identification source="#DGACM">
        <FRBRWork>
          <FRBRthis value="/akn/un/statement/deliberation/unga/2019-12-12/74-37/!main/"></FRBRthis>
          <FRBRuri value="/akn/un/statement/deliberation/unga/2019-12-12/74-37/"></FRBRuri>
          <FRBRdate date="2019-12-12" name="adoption"></FRBRdate>
          <FRBRauthor href="ga" as="author"></FRBRauthor>
          <FRBRcountry value="un"></FRBRcountry>
        </FRBRWork>
        <FRBRExpression>
          <FRBRthis value="/akn/un/statement/deliberation/unga/2019-12-12/74-37/spa@!main/"></FRBRthis>
          <FRBRuri value="/akn/un/statement/deliberation/unga/2019-12-12/74-37/spa@/"></FRBRuri>
          <FRBRdate date="2019-12-19" name="publication"></FRBRdate>
          <FRBRauthor href="ga" as="issuer"></FRBRauthor>
          <FRBRlanguage language="spa"></FRBRlanguage>
        </FRBRExpression>
        <FRBRManifestation>
          <FRBRthis value="/akn/un/statement/deliberation/unga/2019-12-12/74-37/spa@/!main.xml"></FRBRthis>
          <FRBRuri value="/akn/un/statement/deliberation/unga/2019-12-12/74-37/spa@.xml"></FRBRuri>
          <FRBRdate date="2020-08-17" name="markup"></FRBRdate>
          <FRBRauthor href="DGACM" as="editor"></FRBRauthor>
        </FRBRManifestation>
      </identification>
      <workflow source="#un">
        <step date="2019-10-21" outcome="draftResolution" as="A/C.1/74/L.5" by="Angola, Iraq, Nepal, Pakistan, Peru and Turkey" />
        <step date="0001-01-01" outcome="draftResolutionAdditionalSponsors" by="Bangladesh, Ecuador, Egypt, Eritrea, Jordan, Kuwait, Libya, Saudi Arabia, Sri Lanka and Tunisia" />
        <step date="0001-01-01" outcome="recommendedForAdoption" as="A/74/368" by="" refersTo="89" />
        <step date="2019-12-12" outcome="adopted" as="A/74/PV.46" by="" />
      </workflow>
      <analysis source="#un">
        <parliamentary>
          <voting outcome="adoptedWithoutVote">
            <quorum value=""></quorum>
          </voting>
        </parliamentary>
      </analysis>
      <references source="#DGACM">
        <TLCOrganization eId="source" href="/akn/ontology/organization/un/DGACM" showAs="DGACM"></TLCOrganization>
        <TLCConcept eId="dateOfIssuance" href="/akn/ontology/concept/un/dateOfIssuance" showAs="Date of issuance"></TLCConcept>
        <TLCConcept eId="dateOfAdoption" href="/akn/ontology/concept/un/dateOfAdoption" showAs="Date of adoption"></TLCConcept>
        <TLCConcept eId="symbol" href="/akn/ontology/reference/un/symbol" showAs="Symbol"></TLCConcept>
        <TLCRole eId="publisher" href="/akn/ontology/role/un/publisher" showAs="Publisher"></TLCRole>
        <TLCRole eId="issuingBody" href="/akn/role/concept/un/issuingBody" showAs="Issuing body"></TLCRole>
        <TLCRole eId="author" href="/akn/ontology/role/un/author" showAs="Author"></TLCRole>
        <TLCRole eId="editor" href="/akn/ontology/role/un/editor" showAs="Editor"></TLCRole>
        <TLCRole eId="distribution" href="/akn/ontology/concept/un/generalDistribution" showAs="General distribution"></TLCRole>
        <TLCOrganization eId="ga" href="/akn/ontology/organization/un/generalAssembly" showAs="General Assembly"></TLCOrganization>
        <TLCTerm eId="resolutionTitle" href="/akn/ontology/reference/un/resolutionTitle" showAs="Resolution title"></TLCTerm>
        <TLCTerm eId="firstCommittee" href="#firstCommittee" showAs="Primera Comisión"></TLCTerm>
        <TLCTerm eId="memberState" href="/akn/ontology/organization/un/memberState" showAs="Member State"></TLCTerm>
        <TLCTerm eId="inFavour" href="/akn/ontology/concept/un/voting/inFavour" showAs="In favour"></TLCTerm>
        <TLCTerm eId="against" href="/akn/ontology/concept/un/voting/against" showAs="Against"></TLCTerm>
        <TLCTerm eId="abstaining" href="/akn/ontology/concept/un/voting/abstaining" showAs="Abstaining"></TLCTerm>
      </references>
      <presentation source="#un">
        <akn4un:footerFirstPage>
          <akn4un:footerFirstPageLeft>
            <akn4un:internalCode>
              <docketNumber refersTo="#publicationJobNumber">19-21733 (S)</docketNumber>
              <img alt="bar code" class="barCode" src=""></img>
            </akn4un:internalCode>
          </akn4un:footerFirstPageLeft>
          <akn4un:footerFirstPageRight>
            <img alt="Please recycle" class="image" src="./recylcleLogo.jpg"></img>
            <img alt="embedded QR code" class="qrCode" src=""></img>
          </akn4un:footerFirstPageRight>
        </akn4un:footerFirstPage>
      </presentation>
    </meta>
    <coverPage eId="coverPage_1">
      <p>
        <span refersTo="#publisher" class="upperLeft">
          <docAuthority refersTo="#publisher">Naciones Unidas</docAuthority>
        </span>
      </p>
      <p class="upperRight">
        <docNumber refersTo="#symbol">A/RES/74/37</docNumber>
      </p>
      <p class="upperLeft">
        <img src="logo-un.jpg"></img>
        <docAuthority refersTo="#issuingBody" class="rightBig">Asamblea General</docAuthority>
      </p>
      <p>
        <docStatus refersTo="#generalDistribution" class="rightSmall">Distr. general</docStatus>
      </p>
      <p>
        <docDate date="2019-12-19" class="rightSmall" refersTo="#dateOfIssuance">19 de diciembre de 2019</docDate>
      </p>
      <p>
        <session refersTo="#generalAssembly" value="74" eId="coverPage_1__session_1">Septuagésimo cuarto período de sesiones</session>
      </p>
      <p>
        <inline name="agenda item">Tema 98 f) del programa</inline>
      </p>
      <p>
        <inline name="agenda item name">Desarme general y completo: desarme regional</inline>
      </p>
      <p>
        <docTitle>Resolución aprobada por la Asamblea General el 12 de diciembre de 2019</docTitle>
      </p>
      <p xml:space="preserve">
        <docProponent refersTo="#firstCommittee">[sobre la base del informe de la Primera Comisión (<inline name="originating document">A/74/368</inline>)]</docProponent>
      </p>
    </coverPage>
    <preface>
      <p>
        <docNumber>74/37.</docNumber>
        <docTitle refersTo="#resolutionTitle">Desarme regional</docTitle>
      </p>
    </preface>
    <preamble>
      <formula name="enactingFormula" eId="formula_1">
        <p xml:space="preserve">
          <span class="italic">La Asamblea General</span>,</p>
      </formula>
      <container name="Recordando" eId="container_2">
        <p xml:space="preserve">
          <span class="italic">Recordando</span> sus resoluciones <a href="https://undocs.org/sp/A/RES/45/58">45/58</a> P, de 4 de diciembre de 1990, <a href="https://undocs.org/sp/A/RES/46/36">46/36</a> I, de 6 de diciembre de 1991, <a href="https://undocs.org/sp/A/RES/47/52">47/52</a> J, de 9 de diciembre de 1992, <a href="https://undocs.org/sp/A/RES/48/75">48/75</a> I, de 16 de diciembre de 1993, <a href="https://undocs.org/sp/A/RES/49/75">49/75</a> N, de 15 de diciembre de 1994, <a href="https://undocs.org/sp/A/RES/50/70">50/70</a> K, de 12 de diciembre de 1995, <a href="https://undocs.org/sp/A/RES/51/45">51/45</a> K, de 10 de diciembre de 1996, <a href="https://undocs.org/sp/A/RES/52/38">52/38</a> P, de 9 de diciembre de 1997, <a href="https://undocs.org/sp/A/RES/53/77">53/77</a> O, de 4 de diciembre de 1998, <a href="https://undocs.org/sp/A/RES/54/54">54/54</a> N, de 1 de diciembre de 1999, <a href="https://undocs.org/sp/A/RES/55/33">55/33</a> O, de 20 de noviembre de 2000, <a href="https://undocs.org/sp/A/RES/56/24">56/24</a> H, de 29 de noviembre de 2001, <a href="https://undocs.org/sp/A/RES/57/76">57/76</a>, de 22 de noviembre de 2002, <a href="https://undocs.org/sp/A/RES/58/38">58/38</a>, de 8 de diciembre de 2003, <a href="https://undocs.org/sp/A/RES/59/89">59/89</a>, de 3 de diciembre de 2004, <a href="https://undocs.org/sp/A/RES/60/63">60/63</a>, de 8 de diciembre de 2005, <a href="https://undocs.org/sp/A/RES/61/80">61/80</a>, de 6 de diciembre de 2006, <a href="https://undocs.org/sp/A/RES/62/38">62/38</a>, de 5 de diciembre de 2007, <a href="https://undocs.org/sp/A/RES/63/43">63/43</a>, de 2 de diciembre de 2008, <a href="https://undocs.org/sp/A/RES/64/41">64/41</a>, de 2 de diciembre de 2009, <a href="https://undocs.org/sp/A/RES/65/45">65/45</a>, de 8 de diciembre de 2010, <a href="https://undocs.org/sp/A/RES/66/36">66/36</a>, de 2 de diciembre de 2011, <a href="https://undocs.org/sp/A/RES/67/57">67/57</a>, de 3 de diciembre de 2012, <a href="https://undocs.org/sp/A/RES/68/54">68/54</a>, de 5 de diciembre de 2013, <a href="https://undocs.org/sp/A/RES/69/45">69/45</a>, de 2 de diciembre de 2014, <a href="https://undocs.org/sp/A/RES/70/43">70/43</a>, de 7 de diciembre de 2015, <a href="https://undocs.org/sp/A/RES/71/40">71/40</a>, de 5 de diciembre de 2016, <a href="https://undocs.org/sp/A/RES/72/34">72/34</a>, de 4 de diciembre de 2017, y <a href="https://undocs.org/sp/A/RES/73/33">73/33</a>, de 5 de diciembre de 2018, relativas al desarme regional,</p>
      </container>
      <container name="Creyendo" eId="container_3">
        <p xml:space="preserve">
          <span class="italic">Creyendo</span> que los esfuerzos de la comunidad internacional por alcanzar el ideal del desarme general y completo están guiados por el deseo inherente al ser humano de disfrutar de una paz y una seguridad verdaderas, eliminar el peligro de la guerra y liberar recursos económicos, intelectuales y de otra índole para fines pacíficos,</p>
      </container>
      <container name="Afirmando" eId="container_4">
        <p xml:space="preserve">
          <span class="italic">Afirmando</span> la adhesión inalterable de todos los Estados a los propósitos y principios consagrados en la Carta de las Naciones Unidas en el mantenimiento de sus relaciones internacionales,</p>
      </container>
      <container name="Haciendo notar" eId="container_5">
        <p xml:space="preserve">
          <span class="italic">Haciendo notar</span> que en su décimo período extraordinario de sesiones se adoptaron directrices fundamentales para avanzar hacia el desarme general y completo<authorialNote marker="1" placement="bottom" eId="authorialNote_1"><p xml:space="preserve">	 	Resolución <a href="https://undocs.org/sp/A/RES/S-10/2">S-10/2</a>.</p></authorialNote>,</p>
      </container>
      <container name="Tomando nota" eId="container_6">
        <p xml:space="preserve">
          <span class="italic">Tomando nota</span> de las directrices y recomendaciones referentes a los enfoques regionales del desarme en el contexto de la seguridad mundial aprobadas por la Comisión de Desarme en su período de sesiones sustantivo de 1993<authorialNote marker="2" placement="bottom" eId="authorialNote_2"><p xml:space="preserve"><span class="italic">Documentos Oficiales de la Asamblea General, cuadragésimo octavo período de sesiones, suplemento núm. 42</span> (<a href="https://undocs.org/sp/A/48/42">A/48/42</a>), anexo II.</p></authorialNote>,</p>
      </container>
      <container name="Acogiendo con beneplácito" eId="container_7">
        <p xml:space="preserve">
          <span class="italic">Acogiendo con beneplácito</span> las perspectivas de lograr verdaderos avances en la esfera del desarme surgidas en los últimos años como resultado de las negociaciones entre las dos superpotencias,</p>
      </container>
      <container name="Tomando nota" eId="container_8">
        <p xml:space="preserve">
          <span class="italic">Tomando nota</span> de las recientes propuestas de desarme formuladas en los planos regional y subregional,</p>
      </container>
      <container name="Reconociendo" eId="container_9">
        <p xml:space="preserve">
          <span class="italic">Reconociendo</span> la importancia de las medidas de fomento de la confianza para la paz y la seguridad regionales e internacionales,</p>
      </container>
      <container name="Convencida" eId="container_10">
        <p xml:space="preserve">
          <span class="italic">Convencida</span> de que los esfuerzos de los países por promover el desarme regional, teniendo en cuenta las características particulares de cada región y de conformidad con el principio de la seguridad sin menoscabo al nivel más bajo de armamentos, afianzarían la seguridad de todos los Estados y, en consecuencia, contribuirían a la paz y la seguridad internacionales al reducir el riesgo de conflictos regionales, </p>
      </container>
    </preamble>
    <mainBody>
      <paragraph eId="para_11" class="MercuryDocument">
        <num>	1.</num>
        <content eId="para_11__content">
          <p xml:space="preserve">
            <span class="italic">Destaca</span> la necesidad de desplegar esfuerzos sostenidos, en el marco de la Conferencia de Desarme y bajo los auspicios de las Naciones Unidas, a fin de lograr avances en toda la gama de cuestiones de desarme; </p>
        </content>
      </paragraph>
      <paragraph eId="para_12" class="MercuryDocument">
        <num>	2.</num>
        <content eId="para_12__content">
          <p xml:space="preserve">
            <span class="italic">Afirma</span> que los enfoques mundial y regional del desarme son complementarios, por lo que deben aplicarse simultáneamente a fin de promover la paz y la seguridad regionales e internacionales; </p>
        </content>
      </paragraph>
      <paragraph eId="para_13" class="MercuryDocument">
        <num>	3.</num>
        <content eId="para_13__content">
          <p xml:space="preserve">
            <span class="italic">Exhorta</span> a los Estados a concertar, siempre que sea posible, acuerdos sobre no proliferación de las armas nucleares, desarme y medidas de fomento de la confianza en los planos regional y subregional; </p>
        </content>
      </paragraph>
      <paragraph eId="para_14" class="MercuryDocument">
        <num>	4.</num>
        <content eId="para_14__content">
          <p xml:space="preserve">
            <span class="italic">Acoge con beneplácito</span> las iniciativas en pro del desarme, la no proliferación de las armas nucleares y la seguridad adoptadas por algunos países en los planos regional y subregional;</p>
        </content>
      </paragraph>
      <paragraph eId="para_15" class="MercuryDocument">
        <num>	5.</num>
        <content eId="para_15__content">
          <p xml:space="preserve">
            <span class="italic">Apoya y alienta</span> los esfuerzos destinados a promover medidas de fomento de la confianza en los planos regional y subregional con el fin de aliviar las tensiones regionales e impulsar medidas de desarme y de no proliferación nuclear en los planos regional y subregional; </p>
        </content>
      </paragraph>
      <paragraph eId="para_16" class="MercuryDocument">
        <num>	6.</num>
        <content eId="para_16__content">
          <p xml:space="preserve">
            <span class="italic">Decide</span> incluir en el programa provisional de su septuagésimo quinto período de sesiones, en relación con el tema titulado “Desarme general y completo”, el subtema titulado “Desarme regional”.</p>
        </content>
      </paragraph>
    </mainBody>
    <conclusions eId="conclusions">
      <p>
        <inline name="adoptionMeeting" title="46a">46a sesión plenaria</inline>
        <eol />
        <docDate date="2019-12-12" refersTo="#adoptionDate">12 de diciembre de 2019</docDate>
      </p>
    </conclusions>
  </statement>
</akomaNtoso>