<akomaNtoso xmlns:xsi="http://www.w3.org/2001/XMLSchema-instance" xsi:schemaLocation="http://docs.oasis-open.org/legaldocml/ns/akn/3.0 http://docs.oasis-open.org/legaldocml/akn-core/v1.0/os/part2-specs/schemas/akomantoso30.xsd" xmlns="http://docs.oasis-open.org/legaldocml/ns/akn/3.0" xmlns:html="http://www.w3.org/1999/xhtml" xmlns:akn4un="http://un.org/akn4un">
  <statement name="resolution">
    <meta>
      <identification source="#DGACM">
        <FRBRWork>
          <FRBRthis value="/akn/un/statement/deliberation/unga/2020-09-11/74-305/!main/"></FRBRthis>
          <FRBRuri value="/akn/un/statement/deliberation/unga/2020-09-11/74-305/"></FRBRuri>
          <FRBRdate date="2020-09-11" name="adoption"></FRBRdate>
          <FRBRauthor href="ga" as="author"></FRBRauthor>
          <FRBRcountry value="un"></FRBRcountry>
        </FRBRWork>
        <FRBRExpression>
          <FRBRthis value="/akn/un/statement/deliberation/unga/2020-09-11/74-305/spa@!main/"></FRBRthis>
          <FRBRuri value="/akn/un/statement/deliberation/unga/2020-09-11/74-305/spa@/"></FRBRuri>
          <FRBRdate date="2020-09-15" name="publication"></FRBRdate>
          <FRBRauthor href="ga" as="issuer"></FRBRauthor>
          <FRBRlanguage language="spa"></FRBRlanguage>
        </FRBRExpression>
        <FRBRManifestation>
          <FRBRthis value="/akn/un/statement/deliberation/unga/2020-09-11/74-305/spa@/!main.xml"></FRBRthis>
          <FRBRuri value="/akn/un/statement/deliberation/unga/2020-09-11/74-305/spa@.xml"></FRBRuri>
          <FRBRdate date="2020-10-08" name="markup"></FRBRdate>
          <FRBRauthor href="DGACM" as="editor"></FRBRauthor>
        </FRBRManifestation>
      </identification>
      <classification source="http://metadata.un.org/sdg">
        <keyword value="2" href="http://metadata.un.org/sdg/2" showAs="sdg_2" dictionary="SDGO"></keyword>
        <keyword value="food_shortage" href="http://eurovoc.europa.eu/2318" showAs="food_shortage" dictionary="EuroVoc"></keyword>
        <keyword value="sustainable_agriculture" href="http://eurovoc.europa.eu/6308" showAs="sustainable_agriculture" dictionary="EuroVoc"></keyword>
        <keyword value="food_security" href="http://eurovoc.europa.eu/c_4523e1dd" showAs="food_security" dictionary="EuroVoc"></keyword>
        <keyword value="food_security" href="http://metadata.un.org/thesaurus/1002439" showAs="food_security" dictionary="UNBIS Thesaurus"></keyword>
        <keyword value="food_shortage" href="http://metadata.un.org/thesaurus/1002440" showAs="food_shortage" dictionary="UNBIS Thesaurus"></keyword>
        <keyword value="hunger" href="http://metadata.un.org/thesaurus/1003004" showAs="hunger" dictionary="UNBIS Thesaurus"></keyword>
        <keyword value="sustainable_agriculture" href="http://metadata.un.org/thesaurus/1006317" showAs="sustainable_agriculture" dictionary="UNBIS Thesaurus"></keyword>
      </classification>
      <classification source="http://metadata.un.org/sdg">
        <keyword value="3" href="http://metadata.un.org/sdg/3" showAs="sdg_3" dictionary="SDGO"></keyword>
        <keyword value="public_health" href="http://eurovoc.europa.eu/3885" showAs="public_health" dictionary="EuroVoc"></keyword>
        <keyword value="health" href="http://metadata.un.org/thesaurus/1002824" showAs="health" dictionary="UNBIS Thesaurus"></keyword>
      </classification>
      <classification source="http://metadata.un.org/sdg">
        <keyword value="17" href="http://metadata.un.org/sdg/17" showAs="sdg_17" dictionary="SDGO"></keyword>
        <keyword value="sustainable_development" href="http://eurovoc.europa.eu/5585" showAs="sustainable_development" dictionary="EuroVoc"></keyword>
        <keyword value="partnership" href="http://eurovoc.europa.eu/4199" showAs="partnership" dictionary="EuroVoc"></keyword>
        <keyword value="sustainable_development" href="http://metadata.un.org/thesaurus/1006319" showAs="sustainable_development" dictionary="UNBIS Thesaurus"></keyword>
        <keyword value="partnership" href="http://metadata.un.org/thesaurus/1004748" showAs="partnership" dictionary="UNBIS Thesaurus"></keyword>
      </classification>
      <workflow source="#un">
        <step date="2020-09-08" outcome="draftResolution" as="A/74/L.91" by="Kenya (on behalf of the States Members of the United Nations that are members of the Group of African States)" />
        <step date="0001-01-01" outcome="draftResolutionAdditionalSponsors" by="Azerbaijan, Bolivia (Plurinational State of), Brazil, Fiji, Guatemala, India, Indonesia, Jordan, Maldives, Myanmar, Pakistan, Papua New Guinea, Philippines, Singapore, Sri Lanka, Suriname, Thailand, Turkey and Venezuela (Bolivarian Republic of)" />
        <step date="0001-01-01" outcome="recommendedForAdoption" by="" />
        <step date="2020-09-11" outcome="adopted" as="A/74/PV.64" by="" />
      </workflow>
      <analysis source="#un">
        <parliamentary>
          <voting outcome="adoptedWithoutVote">
            <quorum value=""></quorum>
          </voting>
        </parliamentary>
      </analysis>
      <references source="#DGACM">
        <TLCOrganization eId="source" href="/akn/ontology/organization/un/DGACM" showAs="DGACM"></TLCOrganization>
        <TLCConcept eId="dateOfIssuance" href="/akn/ontology/concept/un/dateOfIssuance" showAs="Date of issuance"></TLCConcept>
        <TLCConcept eId="dateOfAdoption" href="/akn/ontology/concept/un/dateOfAdoption" showAs="Date of adoption"></TLCConcept>
        <TLCConcept eId="symbol" href="/akn/ontology/reference/un/symbol" showAs="Symbol"></TLCConcept>
        <TLCRole eId="publisher" href="/akn/ontology/role/un/publisher" showAs="Publisher"></TLCRole>
        <TLCRole eId="issuingBody" href="/akn/role/concept/un/issuingBody" showAs="Issuing body"></TLCRole>
        <TLCRole eId="author" href="/akn/ontology/role/un/author" showAs="Author"></TLCRole>
        <TLCRole eId="editor" href="/akn/ontology/role/un/editor" showAs="Editor"></TLCRole>
        <TLCRole eId="distribution" href="/akn/ontology/concept/un/generalDistribution" showAs="General distribution"></TLCRole>
        <TLCOrganization eId="ga" href="/akn/ontology/organization/un/generalAssembly" showAs="General Assembly"></TLCOrganization>
        <TLCTerm eId="resolutionTitle" href="/akn/ontology/reference/un/resolutionTitle" showAs="Resolution title"></TLCTerm>
        <TLCTerm eId="noMainCommittee" href="#noMainCommittee" showAs="sin remisión previa a una Comisión Principal"></TLCTerm>
        <TLCTerm eId="memberState" href="/akn/ontology/organization/un/memberState" showAs="Member State"></TLCTerm>
        <TLCTerm eId="inFavour" href="/akn/ontology/concept/un/voting/inFavour" showAs="In favour"></TLCTerm>
        <TLCTerm eId="against" href="/akn/ontology/concept/un/voting/against" showAs="Against"></TLCTerm>
        <TLCTerm eId="abstaining" href="/akn/ontology/concept/un/voting/abstaining" showAs="Abstaining"></TLCTerm>
      </references>
      <presentation source="#un">
        <akn4un:footerFirstPage>
          <akn4un:footerFirstPageLeft>
            <akn4un:internalCode>
              <docketNumber refersTo="#publicationJobNumber">20-11861 (S)</docketNumber>
              <img alt="bar code" class="barCode" src=""></img>
            </akn4un:internalCode>
          </akn4un:footerFirstPageLeft>
          <akn4un:footerFirstPageRight>
            <img alt="Please recycle" class="image" src="./recylcleLogo.jpg"></img>
            <img alt="embedded QR code" class="qrCode" src=""></img>
          </akn4un:footerFirstPageRight>
        </akn4un:footerFirstPage>
      </presentation>
    </meta>
    <coverPage eId="coverPage_1">
      <p>
        <span refersTo="#publisher" class="upperLeft">
          <docAuthority refersTo="#publisher">Naciones Unidas</docAuthority>
        </span>
      </p>
      <p class="upperRight">
        <docNumber refersTo="#symbol">A/RES/74/305</docNumber>
      </p>
      <p class="upperLeft">
        <img src="logo-un.jpg"></img>
        <docAuthority refersTo="#issuingBody" class="rightBig">Asamblea General</docAuthority>
      </p>
      <p>
        <docStatus refersTo="#generalDistribution" class="rightSmall">Distr. general</docStatus>
      </p>
      <p>
        <docDate date="2020-09-15" class="rightSmall" refersTo="#dateOfIssuance">15 de septiembre de 2020</docDate>
      </p>
      <p>
        <session refersTo="#generalAssembly" value="74" eId="coverPage_1__session_1">Septuagésimo cuarto período de sesiones</session>
      </p>
      <p>
        <inline name="agenda item">Tema 13) del programa</inline>
      </p>
      <p>
        <inline name="agenda item name">2001-2010: Decenio para Lograr la Regresión de la Malaria en los Países en Desarrollo, en Particular en África</inline>
      </p>
      <p>
        <docTitle>Resolución aprobada por la Asamblea General el 11 de septiembre de 2020</docTitle>
      </p>
      <p xml:space="preserve">
        <docProponent refersTo="#noMainCommittee">[sin remisión previa a una Comisión Principal (<inline name="originating document">A/74/L.91 y A/74/L.91/Add.1</inline>)]</docProponent>
      </p>
    </coverPage>
    <preface>
      <p>
        <docNumber>74/305.</docNumber>
        <docTitle refersTo="#resolutionTitle">Consolidación de los logros y aceleración de la labor destinada a controlar y eliminar la malaria en los países en desarrollo, en particular en África, para 2030</docTitle>
      </p>
    </preface>
    <preamble>
      <formula name="enactingFormula" eId="formula_1">
        <p xml:space="preserve">
          <span class="italic">La Asamblea General</span>,</p>
      </formula>
      <container name="Reafirmando" eId="container_2">
        <p xml:space="preserve">
          <span class="italic">Reafirmando</span> la Agenda 2030 para el Desarrollo Sostenible<authorialNote marker="1" placement="bottom" eId="authorialNote_1"><p xml:space="preserve">	 	Resolución <a href="https://undocs.org/es/A/RES/70/1">70/1</a>.</p></authorialNote>, incluida la determinación de los Estados Miembros de eliminar la malaria para 2030, y la Agenda de Acción de Addis Abeba de la Tercera Conferencia Internacional sobre la Financiación para el Desarrollo<authorialNote marker="2" placement="bottom" eId="authorialNote_2"><p xml:space="preserve">	 	Resolución <a href="https://undocs.org/es/A/RES/69/313">69/313</a>, anexo.</p></authorialNote>,</p>
      </container>
      <container name="Recordando" eId="container_3">
        <p xml:space="preserve">
          <span class="italic">Recordando</span> que declaró el período 2001-2010 Decenio para Lograr la Regresión de la Malaria en los Países en Desarrollo, en Particular en África<authorialNote marker="3" placement="bottom" eId="authorialNote_3"><p xml:space="preserve">	 	Véase la resolución <a href="https://undocs.org/es/A/RES/55/284">55/284</a>.</p></authorialNote>, y que la lucha contra el VIH/sida, la malaria, la tuberculosis y otras enfermedades figura entre los objetivos de desarrollo convenidos internacionalmente, incluidos los Objetivos de Desarrollo Sostenible, </p>
      </container>
      <container name="Recordando también" eId="container_4">
        <p xml:space="preserve">
          <span class="italic">Recordando también</span> su resolución <a href="https://undocs.org/es/A/RES/73/337">73/337</a>, de 12 de septiembre de 2019, y todas las resoluciones anteriores relativas a la lucha contra la malaria en los países en desarrollo, en particular en África, </p>
      </container>
      <container name="Recordando además " eId="container_5">
        <p xml:space="preserve">
          <span class="italic">Recordando además </span>las resoluciones de la Asamblea Mundial de la Salud 60.18, de 23 de mayo de 2007, y 64.17, de 24 de mayo de 2011, en que se instó a realizar una variada gama de acciones nacionales e internacionales para ampliar los programas de control de la malaria<authorialNote marker="4" placement="bottom" eId="authorialNote_4"><p xml:space="preserve">	 	Véase Organización Mundial de la Salud, documentos WHASS1/2006-WHA60/2007/REC/1  y WHA64/2011/REC/1.</p></authorialNote>, la resolución 61.18, de 24 de mayo de 2008, relativa al monitoreo de los progresos realizados hacia el logro de los Objetivos de Desarrollo del Milenio relacionados con la salud<authorialNote marker="5" placement="bottom" eId="authorialNote_5"><p xml:space="preserve">	 	Véase Organización Mundial de la Salud, documento WHA61/2008/REC/1.</p></authorialNote>, y la resolución 68.2, de 22 de mayo de 2015, relativa a la estrategia y metas técnicas mundiales contra la malaria 2016-2030<authorialNote marker="6" placement="bottom" eId="authorialNote_6"><p xml:space="preserve">	 	Véase Organización Mundial de la Salud, documento WHA68/2015/REC/1. </p></authorialNote>, </p>
      </container>
      <container name="Recordando con aprecio" eId="container_6">
        <p xml:space="preserve">
          <span class="italic">Recordando con aprecio</span> el Marco Catalizador para Erradicar el Sida y la Tuberculosis y Eliminar la Malaria en África para 2030, aprobado por la Unión Africana en su 27ª cumbre, celebrada en Kigali del 10 al 18 de julio de 2016,</p>
      </container>
      <container name="Recordando" eId="container_7">
        <p xml:space="preserve">
          <span class="italic">Recordando</span> la aprobación de la declaración política de la reunión de alto nivel de la Asamblea General sobre la resistencia a los antimicrobianos<authorialNote marker="7" placement="bottom" eId="authorialNote_7"><p xml:space="preserve">	 	Resolución <a href="https://undocs.org/es/A/RES/71/3">71/3</a>.</p></authorialNote> y, a este respecto, señalando las consecuencias de la resistencia a los antimicrobianos, </p>
      </container>
      <container name="Recordando también " eId="container_8">
        <p xml:space="preserve">
          <span class="italic">Recordando también </span>el compromiso asumido por los dirigentes africanos de poner fin a la epidemia de la malaria asegurando el acceso universal y equitativo a la atención de la salud de calidad y mejorando los sistemas de salud y la financiación de la salud, que figura en la Posición Común Africana sobre la agenda para el desarrollo después de 2015,</p>
      </container>
      <container name="Teniendo presentes" eId="container_9">
        <p xml:space="preserve">
          <span class="italic">Teniendo presentes</span> las resoluciones pertinentes del Consejo Económico y Social relativas a la lucha contra la malaria y las enfermedades diarreicas, en particular la resolución 1998/36, de 30 de julio de 1998,</p>
      </container>
      <container name="Recordando" eId="container_10">
        <p xml:space="preserve">
          <span class="italic">Recordando</span> las declaraciones y decisiones sobre cuestiones de salud, en particular las relativas a la malaria, aprobadas por la Organización de la Unidad Africana y la Unión Africana, en especial la Declaración de Abuya sobre el VIH/Sida, la Tuberculosis y Otras Enfermedades Infecciosas Conexas, que incluye la promesa de destinar al menos el 15 % de los presupuestos nacionales al sector de la salud, el llamamiento de Abuya a la acción urgente para dar acceso universal a los servicios para tratar el VIH y el sida, la tuberculosis y la malaria en África, emitido por los Jefes de Estado y de Gobierno de la Unión Africana en su cumbre especial sobre el VIH y el sida, la tuberculosis y la malaria, celebrada en Abuya del 2 al 4 de mayo de 2006, la decisión adoptada por la Asamblea de la Unión Africana en su 15º período ordinario de sesiones, celebrado en Kampala del 25 al 27 de julio de 2010, de ampliar hasta 2015 el llamamiento de Abuya para que coincidiera con los Objetivos de Desarrollo del Milenio, y la declaración de la cumbre extraordinaria de la Unión Africana sobre el VIH/sida, la tuberculosis y la malaria, celebrada en Abuya del 12 al 16 de julio de 2013, </p>
      </container>
      <container name="Reconociendo " eId="container_11">
        <p xml:space="preserve">
          <span class="italic">Reconociendo </span>el liderazgo ejercido por la Alianza de Líderes Africanos contra la Malaria y su continuado empeño por ayudar a eliminar la malaria para 2030, y alentando a los miembros de la Alianza a que sigan ejerciendo el liderazgo político al más alto nivel en la lucha contra la malaria en África, </p>
      </container>
      <container name="Recordando" eId="container_12">
        <p xml:space="preserve">
          <span class="italic">Recordando</span> la decisión adoptada por la Asamblea de Jefes de Estado y de Gobierno de la Unión Africana en su 31<sup>er </sup>período ordinario de sesiones, celebrado en Nuakchot los días 1 y 2 de julio de 2018, en la que apoyó la campaña “La malaria cero empieza conmigo”, una campaña pública continental de divulgación inspirada en la exitosa iniciativa senegalesa para involucrar a todas las personas de todos los sectores de todos los países en el control de la malaria y su eliminación, </p>
      </container>
      <container name="Recordando también" eId="container_13">
        <p xml:space="preserve">
          <span class="italic">Recordando también</span> la decisión adoptada por la Asamblea de Jefes de Estado y de Gobierno de la Unión Africana en su 29º período ordinario de sesiones, celebrado en Addis Abeba los días 3 y 4 de julio de 2017, en la que apoyó la iniciativa de 2 millones de trabajadores sanitarios comunitarios y solicitó al Programa Conjunto de las Naciones Unidas sobre el VIH/Sida, la Organización Mundial de la Salud y otros asociados, como el Grupo de los 20, que apoyaran y facilitaran su aplicación,</p>
      </container>
      <container name="Recordando además" eId="container_14">
        <p xml:space="preserve">
          <span class="italic">Recordando además</span> la reunión de los Jefes de Estado y de Gobierno del Commonwealth, celebrada en Londres en abril de 2018, en la que los países miembros se comprometieron a reducir la malaria a la mitad en los países del Commonwealth para 2023, incluido el compromiso contraído por los interesados de recaudar 4.000 millones de dólares de los Estados Unidos en nuevas promesas para el control y la eliminación de la malaria, </p>
      </container>
      <container name="Acogiendo con beneplácito" eId="container_15">
        <p xml:space="preserve">
          <span class="italic">Acogiendo con beneplácito</span> el liderazgo ejercido por la Alianza de Líderes de Asia y el Pacífico contra la Malaria y su empeño por eliminar la malaria en la región de Asia y el Pacífico para 2030, y alentando a los miembros de la Alianza a que sigan ejerciendo el liderazgo político al más alto nivel en la lucha contra la malaria en la región, </p>
      </container>
      <container name="Recordando" eId="container_16">
        <p xml:space="preserve">
          <span class="italic">Recordando</span> que en enero de 2017 se crearon los Centros Africanos para el Control y la Prevención de Enfermedades con el fin de establecer sistemas de vigilancia para la alerta temprana y la respuesta, actuar ante situaciones de emergencia, desarrollar la capacidad en esta materia y proporcionar conocimientos técnicos especializados para hacer frente a las emergencias sanitarias de manera oportuna y eficaz, </p>
      </container>
      <container name="Reafirmando" eId="container_17">
        <p xml:space="preserve">
          <span class="italic">Reafirmando</span> la Estrategia Técnica Mundial de la Organización Mundial de la Salud contra la Malaria 2016-2030, aprobada por la Asamblea Mundial de la Salud en mayo de 2015<sup>6</sup>, y el plan Acción e Inversión para Vencer a la Malaria 2016-2030 de la Alianza RBM para Poner Fin a la Malaria, puesto en marcha en la Tercera Conferencia Internacional sobre la Financiación para el Desarrollo, celebrada en Addis Abeba del 13 al 16 de julio de 2015, que constituyen el marco para lograr reducir las tasas mundiales de incidencia y de mortalidad de la malaria en al menos un 90 % para 2030, en consonancia con la Agenda 2030, </p>
      </container>
      <container name="Reafirmando también" eId="container_18">
        <p xml:space="preserve">
          <span class="italic">Reafirmando también</span> el marco de acción de la Organización Mundial de la Salud para una respuesta de emergencia a la resistencia a la artemisinina en la subregión del Gran Mekong de Asia Sudoriental, puesto en marcha en abril de 2013, </p>
      </container>
      <container name="Reafirmando además " eId="container_19">
        <p xml:space="preserve">
          <span class="italic">Reafirmando además </span>la Declaración de Alma-Ata, aprobada en la Conferencia Internacional sobre Atención Primaria de la Salud, que se celebró en Alma-Ata del 6 al 12 de septiembre de 1978, y su papel fundamental en la puesta en marcha de la visión de la Organización Mundial de la Salud sobre la salud para todos, </p>
      </container>
      <container name="Recordando " eId="container_20">
        <p xml:space="preserve">
          <span class="italic">Recordando </span>los vínculos que existen entre los esfuerzos que se están realizando para lograr las metas establecidas en la Cumbre Extraordinaria de Jefes de Estado y de Gobierno de la Organización de la Unidad Africana, celebrada en Abuya los días 24 y 25 de abril de 2000, ya que son necesarios e importantes para la consecución del objetivo consistente en “Lograr la Regresión de la Malaria”<authorialNote marker="8" placement="bottom" eId="authorialNote_8"><p xml:space="preserve">	 	Véase <a href="https://undocs.org/es/A/55/240/Add.1">A/55/240/Add.1</a>, anexo.</p></authorialNote> y las metas de los Objetivos de Desarrollo del Milenio para 2010 y 2015, respectivamente, y acogiendo con beneplácito a este respecto el compromiso asumido por los Estados Miembros de dar respuesta a las necesidades concretas de África, </p>
      </container>
      <container name="Reconociendo " eId="container_21">
        <p xml:space="preserve">
          <span class="italic">Reconociendo </span>el notable progreso observado en el control mundial de la malaria entre 2000 y 2015, período durante el cual disminuyó la tasa de mortalidad en Asia Sudoriental en un 44 %, en África en un 37 % y en América en un 27 %, pero observando con preocupación que las tasas de mortalidad tienden, en años recientes, al estancamiento en algunos países, en particular, aquellos con una elevada carga de la malaria, y que la comunidad mundial de lucha contra la malaria debe centrarse más en prestar apoyo a los países donde la eliminación de la malaria será más difícil, </p>
      </container>
      <container name="Reconociendo también" eId="container_22">
        <p xml:space="preserve">
          <span class="italic">Reconociendo también</span> que la ampliación continuada de la coordinación asistencial comunitaria integrada de la malaria, la neumonía y la diarrea en los niños menores de 5 años de edad en los países con mayor carga y el fortalecimiento de los sistemas integrados de suministro de instrumentos de prevención de la malaria serían una solución eficaz en función de los costos que contribuiría a paliar las deficiencias de los sistemas hasta que se refuercen los sistemas de salud<authorialNote marker="9" placement="bottom" eId="authorialNote_9"><p xml:space="preserve">	 	Véase <a href="https://undocs.org/es/A/71/881">A/71/881</a>, párr. 39.</p></authorialNote> y, al mismo tiempo, ayudaría a alcanzar a los sectores de la población que corren mayor riesgo de contraer la malaria, </p>
      </container>
      <container name="Recordando " eId="container_23">
        <p xml:space="preserve">
          <span class="italic">Recordando </span>que se cumplió la meta relativa a la reducción de la malaria incluida en el sexto Objetivo de Desarrollo del Milenio, ya que la tasa de incidencia de la malaria disminuyó el 18 % en todo el mundo, de 76 a 63 casos por cada 1.000 personas en situación de riesgo, entre 2000 y 2015, </p>
      </container>
      <container name="Reconociendo " eId="container_24">
        <p xml:space="preserve">
          <span class="italic">Reconociendo </span>los importantes logros obtenidos en la reducción de la carga de la malaria en África, entre ellos una reducción del 42 % en la incidencia de casos de malaria y del 66 % en las tasas de mortalidad por malaria entre 2000 y 2015<authorialNote marker="10" placement="bottom" eId="authorialNote_10"><p xml:space="preserve">	 	Véase Organización Mundial de la Salud, <span class="italic">Informe mundial sobre el paludismo 2016</span>.</p></authorialNote>, </p>
      </container>
      <container name="Reconociendo también " eId="container_25">
        <p xml:space="preserve">
          <span class="italic">Reconociendo también </span>los avances conseguidos en partes de África en la reducción de la elevada carga de la malaria mediante el compromiso político y los programas nacionales sostenibles de control de la malaria, así como el éxito logrado en la consecución para 2015 de los objetivos de control de la malaria fijados por la Asamblea Mundial de la Salud, la Alianza RBM para Poner Fin a la Malaria y la Declaración de Abuya sobre la Regresión del Paludismo en África<sup>8</sup>, </p>
      </container>
      <container name="Reconociendo además" eId="container_26">
        <p xml:space="preserve">
          <span class="italic">Reconociendo además</span> el progreso conseguido en la reducción de la incidencia de la malaria en América Latina, donde 15 de 21 países lograron reducir en un 75 % la incidencia para 2015, así como la notable disminución, del 79 %, del número de muertes ocasionadas por la malaria desde 2000, gracias al compromiso de los países por mejorar el acceso a los medicamentos y los servicios de salud y a los esfuerzos constantes mediante programas de prevención, </p>
      </container>
      <container name="Reconociendo " eId="container_27">
        <p xml:space="preserve">
          <span class="italic">Reconociendo </span>que, si bien el aumento de las inversiones mundiales y nacionales para controlar la malaria ha arrojado resultados importantes al reducir la carga de la malaria en muchos países, y que algunos países avanzan hacia la eliminación de la enfermedad, muchos siguen teniendo una carga elevada e inaceptable y, a fin de alcanzar los objetivos de desarrollo convenidos internacionalmente, incluidos los Objetivos de Desarrollo Sostenible, deberán intensificar rápidamente sus actividades de prevención y control de la malaria, que dependen sobremanera de medicamentos e insecticidas cuya utilidad se ve amenazada continuamente por el desarrollo de resistencia a los agentes antimaláricos, así como por la resistencia de los mosquitos a los insecticidas y por el hecho de que han pasado a reposar y picar al aire libre, </p>
      </container>
      <container name="Consciente " eId="container_28">
        <p xml:space="preserve">
          <span class="italic">Consciente </span>de que los recientes éxitos en la prevención y el control de la malaria son débiles y solo se pueden mantener con una inversión nacional e internacional suficiente y sostenida para financiar plenamente los esfuerzos mundiales de control de la malaria, </p>
      </container>
      <container name="Lamentando " eId="container_29">
        <p xml:space="preserve">
          <span class="italic">Lamentando </span>que un alto número de personas no tengan todavía acceso a medicamentos, y recalcando que si se mejorara el acceso a los medicamentos se podrían salvar millones de vidas cada año, </p>
      </container>
      <container name="Reconociendo " eId="container_30">
        <p xml:space="preserve">
          <span class="italic">Reconociendo </span>los graves problemas relacionados con los productos médicos de calidad inferior a la norma y falsificados, los diagnósticos erróneos de la malaria y la mala calidad de los productos de control de vectores, </p>
      </container>
      <container name="Expresando preocupación" eId="container_31">
        <p xml:space="preserve">
          <span class="italic">Expresando preocupación</span> por la persistencia de la morbilidad, la mortalidad y la debilidad que se atribuyen a la malaria, y recordando que hay que seguir esforzándose a medida que los países implementan los Objetivos de Desarrollo Sostenible y se centran en las metas establecidas en la Estrategia Técnica Mundial contra la Malaria 2016-2030 y el plan Acción e Inversión para Vencer a la Malaria 2016-2030, cuyo objetivo es reducir las tasas de mortalidad debida a la malaria en un 90 % para 2030, </p>
      </container>
      <container name="Consciente " eId="container_32">
        <p xml:space="preserve">
          <span class="italic">Consciente </span>de que será necesario hacer un esfuerzo concertado y coordinado a nivel mundial a fin de reducir sustancialmente para 2030 la transmisión de la malaria y la morbilidad y la mortalidad causadas por esa enfermedad, y alcanzar las metas establecidas en la Estrategia Técnica Mundial contra la Malaria 2016-2030, </p>
      </container>
      <container name="Reconociendo " eId="container_33">
        <p xml:space="preserve">
          <span class="italic">Reconociendo </span>que el logro de progresos puede acelerarse mediante una respuesta multidimensional consistente en ampliar las intervenciones disponibles en la actualidad para salvar vidas, asignar a la malaria una mayor prioridad política y considerar el control de la malaria una parte integrada del sistema de salud, aumentar la rendición de cuentas, fortalecer la colaboración regional y transfronteriza y maximizar el desarrollo y el uso de instrumentos y enfoques nuevos, </p>
      </container>
      <container name="Profundamente preocupada" eId="container_34">
        <p xml:space="preserve">
          <span class="italic">Profundamente preocupada</span> por la carga de la malaria para la salud en todo el mundo, ya que solo en 2018 se comunicaron 228 millones de casos y 405.000 muertes<authorialNote marker="11" placement="bottom" eId="authorialNote_11"><p xml:space="preserve">	 	Véase Organización Mundial de la Salud, <span class="italic">Informe mundial sobre el paludismo 2019</span>.</p></authorialNote>, en particular en África Subsahariana, donde se calcula que se producen el 94 % de las muertes causadas por la malaria, principalmente entre los niños pequeños, </p>
      </container>
      <container name="Tomando nota" eId="container_35">
        <p xml:space="preserve">
          <span class="italic">Tomando nota</span> del <span class="italic">Informe mundial sobre el paludismo 2019</span>, en el que se pone de relieve, entre otras cosas, la necesidad de aumentar la cobertura de las intervenciones contra la malaria dirigidas a las mujeres embarazadas y los niños en África, y que la cantidad invertida en actividades de control y eliminación de la malaria en 2018 no alcanzó los 5.000 millones de dólares que se estimaban necesarios a nivel mundial para continuar avanzando hacia los hitos establecidos en la Estrategia Técnica Mundial contra la Malaria 2016-2030,</p>
      </container>
      <container name="Profundamente preocupada" eId="container_36">
        <p xml:space="preserve">
          <span class="italic">Profundamente preocupada</span> por el hecho de que, a nivel mundial, los niños representan casi el 70 % de las muertes relacionadas con la malaria cada año y observando que, en 2018, se estima que 11 millones de mujeres embarazadas contrajeron malaria en zonas de transmisión moderada y alta de la enfermedad en África Subsahariana (en torno al 29 % del total de los embarazos de la región) y, a consecuencia de ello, casi 900.000 niños nacieron con bajo peso, lo que constituye una de las principales causas de mortalidad infantil<sup>11</sup>.</p>
      </container>
      <container name="Reconociendo " eId="container_37">
        <p xml:space="preserve">
          <span class="italic">Reconociendo </span>la iniciativa “De alta carga a alto impacto” como enfoque dirigido por los países para acelerar el ritmo de los avances y retomar el rumbo hacia el logro de las metas de la Estrategia Técnica Mundial contra la Malaria 2016-2030 en los países que tienen una carga elevada,</p>
      </container>
      <container name="Profundamente preocupada" eId="container_38">
        <p xml:space="preserve">
          <span class="italic">Profundamente preocupada</span> por los efectos de la pandemia de enfermedad por coronavirus (COVID-19) en los sistemas de salud y en lo que respecta a la malaria, dado que un análisis basado en modelos de la Organización Mundial de la Salud predice que las muertes por malaria se podrían duplicar en 2020 en África Subsahariana a consecuencia de las graves alteraciones de las campañas de distribución de mosquiteros tratados con insecticidas y la falta de acceso a medicamentos antipalúdicos,</p>
      </container>
      <container name="Acogiendo con beneplácito" eId="container_39">
        <p xml:space="preserve">
          <span class="italic">Acogiendo con beneplácito</span> la orientación publicada por la Organización Mundial de la Salud relativa al apoyo a los países en sus esfuerzos por mantener los servicios de lucha contra la malaria en condiciones de seguridad durante la pandemia de COVID-19, incluido el apoyo operacional que presta a los países la Alianza RBM para Poner Fin a la Malaria con miras a continuar las campañas previstas de distribución de mosquiteros tratados con insecticidas de larga duración, quimioprofilaxis estacional de la malaria y fumigación de interiores con acción residual, practicando en todo momento el distanciamiento social que requiere la COVID-19, y atender los problemas de agotamiento de existencias y saturación relacionados con la coordinación asistencial, </p>
      </container>
      <container name="Poniendo de relieve" eId="container_40">
        <p xml:space="preserve">
          <span class="italic">Poniendo de relieve</span> la importancia de que se refuercen los sistemas de salud para proseguir de manera efectiva las actividades de control y eliminación de la malaria, reconociendo las oportunidades existentes para controlar las enfermedades transmitidas por vectores y seguir avanzando hacia el logro de los Objetivos de Desarrollo Sostenible (meta 3.3) mediante la incorporación de un enfoque integrado en la prestación de servicios de salud para prevenir y eliminar la transmisión de la malaria y las enfermedades tropicales desatendidas, y ofrecer una respuesta adecuada a otras situaciones de emergencia y problemas de salud, incluso invirtiendo en entomología y control de vectores a fin de reforzar los recursos humanos y las infraestructuras, </p>
      </container>
      <container name="Reconociendo " eId="container_41">
        <p xml:space="preserve">
          <span class="italic">Reconociendo </span>la imperiosa necesidad de fortalecer la vigilancia de la malaria y mejorar la calidad de los datos en todas las regiones donde la malaria es endémica a fin de cuantificar con precisión los progresos, combatir los rebrotes y orientar los recursos, en particular en vista de la creciente resistencia a las medidas terapéuticas y preventivas, y reconociendo también que se necesita más financiación para impulsar los sistemas nacionales y regionales de vigilancia y apoyar el intercambio y el análisis de las mejores prácticas a fin de encarar los desafíos programáticos urgentes, mejorar la vigilancia y la evaluación, y realizar actividades periódicas de planificación financiera y análisis de las deficiencias, </p>
      </container>
      <container name="Reconociendo también" eId="container_42">
        <p xml:space="preserve">
          <span class="italic">Reconociendo también</span> que la ampliación de las intervenciones contra la malaria puede utilizarse como punto de partida para fortalecer los sistemas de salud en sentido más general, incluidos los servicios de salud maternoinfantil y los servicios de laboratorio, y para establecer sistemas más sólidos de información sobre la salud y de vigilancia de las enfermedades, que seguirán sustentando la coordinación asistencial de los casos de malaria, </p>
      </container>
      <container name="Encomiando " eId="container_43">
        <p xml:space="preserve">
          <span class="italic">Encomiando </span>la labor que han venido desplegando la Organización Mundial de la Salud, el Fondo de las Naciones Unidas para la Infancia, la Alianza RBM para Poner Fin a la Malaria, el Fondo Mundial de Lucha contra el Sida, la Tuberculosis y la Malaria, el Banco Mundial y otros asociados a lo largo de los años para combatir la malaria, </p>
      </container>
      <container name="Observando" eId="container_44">
        <p xml:space="preserve">
          <span class="italic">Observando</span> que el Fondo Mundial de Lucha contra el Sida, la Tuberculosis y la Malaria es una fuente multilateral primordial de financiación para controlar y eliminar la malaria y que el progreso continuado en la eliminación de la malaria se basará, entre otras cosas, en la reposición plena del Fondo Mundial y en que se siga priorizando la malaria a nivel de los países para mantener las intervenciones contra la malaria y ampliar su escala a fin de alcanzar las metas de 2030, </p>
      </container>
      <container name="Observando también" eId="container_45">
        <p xml:space="preserve">
          <span class="italic">Observando también</span> que los donantes bilaterales han contribuido en gran medida a los progresos en el control y la eliminación de la malaria, y reconociendo la necesidad de que otros países donantes aumenten sus inversiones, incluida la asistencia oficial para el desarrollo, en las actividades de la lucha contra la malaria, </p>
      </container>
      <container name="Reconociendo " eId="container_46">
        <p xml:space="preserve">
          <span class="italic">Reconociendo </span>el compromiso contraído por los países donde la malaria es endémica para luchar contra la enfermedad, y reconociendo también la necesidad de que esos países sigan aumentando los recursos nacionales disponibles para combatirla, </p>
      </container>
    </preamble>
    <mainBody>
      <paragraph eId="para_47" class="SingleTxt">
        <num>	1.</num>
        <content eId="para_47__content">
          <p xml:space="preserve">
            <span class="italic">Acoge con beneplácito</span> el informe de la Organización Mundial de la Salud transmitido por el Secretario General<authorialNote marker="12" placement="bottom" eId="authorialNote_12"><p xml:space="preserve">	 	A/74/792.</p></authorialNote> y pide que se apoye la aplicación de las recomendaciones que figuran en él; </p>
        </content>
      </paragraph>
      <paragraph eId="para_48" class="SingleTxt">
        <num>	2.</num>
        <content eId="para_48__content">
          <p xml:space="preserve">
            <span class="italic">Pide </span>que se preste un mayor apoyo al cumplimiento de los compromisos y los objetivos internacionales relativos a la lucha contra la malaria, incluidos el Objetivo 3, meta 3.3, de los Objetivos de Desarrollo Sostenible<sup>1</sup>, así como las metas conexas que se describen en la Estrategia Técnica Mundial de la Organización Mundial de la Salud contra la Malaria 2016-2030<sup>6</sup>;</p>
        </content>
      </paragraph>
      <paragraph eId="para_49" class="SingleTxt">
        <num>	3.</num>
        <content eId="para_49__content">
          <p xml:space="preserve">
            <span class="italic">Alienta </span>a los países donde la malaria es endémica a que aumenten los recursos nacionales que destinan a combatir esa enfermedad y a que examinen y fortalezcan los planes estratégicos nacionales, en consonancia con las recomendaciones técnicas de la Organización Mundial de la Salud, y a que integren firmemente esos planes en los planes nacionales de desarrollo y del sector de la salud; </p>
        </content>
      </paragraph>
      <paragraph eId="para_50" class="SingleTxt">
        <num>	4.</num>
        <content eId="para_50__content">
          <p xml:space="preserve">
            <span class="italic">Alienta también</span> a los países donde la malaria es endémica a que adopten un enfoque multisectorial en el control de la malaria, aplicando una metodología pangubernamental para abordar enteramente los determinantes sociales, ambientales y económicos y aprovechando las sinergias con otras prioridades de desarrollo, como la cobertura sanitaria universal, y reconoce que la implantación en varios países de consejos y fondos de la Iniciativa para Poner Fin a la Malaria ofrece un ejemplo del modo en que los países están aplicando este enfoque; </p>
        </content>
      </paragraph>
      <paragraph eId="para_51" class="SingleTxt">
        <num>	5.</num>
        <content eId="para_51__content">
          <p xml:space="preserve">
            <span class="italic">Alienta además</span> a los países donde la malaria es endémica a que amplíen rápidamente la cobertura de la prevención, el diagnóstico y el tratamiento de la malaria, aprovechen los canales existentes para prestar servicios integrados en la medida de lo posible y fortalezcan los sistemas para responder a las necesidades de las comunidades locales; </p>
        </content>
      </paragraph>
      <paragraph eId="para_52" class="SingleTxt">
        <num>	6.</num>
        <content eId="para_52__content">
          <p xml:space="preserve">
            <span class="italic">Exhorta</span> a los Estados Miembros a que, con el apoyo de los asociados para el desarrollo, faciliten el acceso universal a los instrumentos existentes de prevención, diagnóstico y tratamiento de la malaria que pueden salvar vidas, en particular al conjunto de intervenciones básicas recomendado por la Organización Mundial de la Salud<authorialNote marker="13" placement="bottom" eId="authorialNote_13"><p xml:space="preserve">	 	El conjunto de intervenciones básicas, que abarca el control vectorial, la quimioprofilaxis, las pruebas diagnósticas y el tratamiento, todas ellas de buena calidad, puede reducir considerablemente la morbilidad y la mortalidad (véase el párr. 36 de la Estrategia Técnica Mundial contra la Malaria 2016-2030).</p></authorialNote>, y a que velen por la equidad en el acceso a los servicios de salud para todas las personas que corren riesgo de contraer la malaria, especialmente para las personas vulnerables o en situaciones de vulnerabilidad y para los grupos de población a los que es difícil llegar, incluso mediante el fortalecimiento de la colaboración transversal<authorialNote marker="14" placement="bottom" eId="authorialNote_14"><p xml:space="preserve">	 	El llamamiento que figura en el Programa Mundial sobre Paludismo de la Organización Mundial de la Salud por el acceso universal a la prevención, el diagnóstico y el tratamiento, y por la equidad en el acceso a los servicios, también es un pilar básico de la Estrategia Técnica Mundial contra la Malaria 2016-2030.</p></authorialNote>;</p>
        </content>
      </paragraph>
      <paragraph eId="para_53" class="SingleTxt">
        <num>	7.</num>
        <content eId="para_53__content">
          <p xml:space="preserve">
            <span class="italic">Alienta </span>a los Estados Miembros, las organizaciones pertinentes del sistema de las Naciones Unidas, las instituciones internacionales, las organizaciones no gubernamentales, el sector privado y la sociedad civil a que continúen celebrando el Día Mundial de la Malaria el 25 de abril, a fin de aumentar la conciencia y los conocimientos de la población sobre la prevención, el control y el tratamiento de la malaria, así como la importancia de cumplir los Objetivos de Desarrollo Sostenible, y destaca la importancia de conseguir que las comunidades locales participen en las actividades de ese día; </p>
        </content>
      </paragraph>
      <paragraph eId="para_54" class="SingleTxt">
        <num>	8.</num>
        <content eId="para_54__content">
          <p xml:space="preserve">
            <span class="italic">Reconoce </span>la urgente necesidad de optimizar la actual financiación de la salud en general, incluido el apoyo al control de la malaria con actividades de vigilancia para aumentar la eficiencia y las repercusiones de los programas, y reconoce también que, para alcanzar el hito de la Estrategia Técnica Mundial contra la Malaria 2016-2030 de 6.400 millones de dólares de los Estados Unidos por año para 2020, la financiación total deberá aumentar considerablemente; </p>
        </content>
      </paragraph>
      <paragraph eId="para_55" class="SingleTxt">
        <num>	9.</num>
        <content eId="para_55__content">
          <p xml:space="preserve">
            <span class="italic">Reconoce también</span> los compromisos de apoyo financiero obtenidos por vías multilaterales y bilaterales, y reconoce además la necesidad de aumentar considerablemente el apoyo financiero para alcanzar las metas de la Estrategia Técnica Mundial contra la Malaria 2016-2030, pasando de una inversión anual de 3.100 millones de dólares en 2017 a 8.700 millones de dólares en 2030<sup>6</sup>;</p>
        </content>
      </paragraph>
      <paragraph eId="para_56" class="SingleTxt">
        <num>	10.</num>
        <content eId="para_56__content">
          <p xml:space="preserve">
            <span class="italic">Acoge con beneplácito</span> los compromisos de apoyo financiero de la comunidad internacional para las intervenciones antimaláricas y para la investigación y el desarrollo de instrumentos de prevención, diagnóstico y control mediante la financiación procedente de fuentes multilaterales y bilaterales y del sector privado, así como mediante una financiación previsible por conducto de modalidades de ayuda apropiadas y efectivas y mecanismos internos de financiación de la salud acordes con las prioridades nacionales, que son fundamentales para reforzar los sistemas de salud, incluida la vigilancia de la malaria, y para promover el acceso universal y equitativo a servicios de prevención, diagnóstico y tratamiento de la malaria de gran calidad, al tiempo que reconoce la necesidad de obtener financiación adicional para alcanzar las metas sobre la eliminación de la malaria, y hace notar a este respecto que de un nivel alto de asistencia externa por persona expuesta al riesgo de contraer la malaria se deriva una reducción de la incidencia de la enfermedad; </p>
        </content>
      </paragraph>
      <paragraph eId="para_57" class="SingleTxt">
        <num>	11.</num>
        <content eId="para_57__content">
          <p xml:space="preserve">
            <span class="italic">Insta </span>a la comunidad internacional, los organismos de las Naciones Unidas y las organizaciones y fundaciones privadas a que respalden la aplicación de la Estrategia Técnica Mundial contra la Malaria 2016-2030, incluso con apoyo del plan complementario Acción e Inversión para Vencer a la Malaria 2016-2030 y de programas y actividades a escala nacional a fin de lograr las metas convenidas internacionalmente sobre la malaria; </p>
        </content>
      </paragraph>
      <paragraph eId="para_58" class="SingleTxt">
        <num>	12.</num>
        <content eId="para_58__content">
          <p xml:space="preserve">
            <span class="italic">Exhorta </span>a la comunidad internacional a que continúe apoyando a la Alianza RBM para Poner Fin a la Malaria y a las organizaciones asociadas, entre ellas la Organización Mundial de la Salud, el Banco Mundial y el Fondo de las Naciones Unidas para la Infancia, pues son fuentes complementarias vitales de apoyo a las actividades que realizan los países donde la malaria es endémica para combatir la enfermedad; </p>
        </content>
      </paragraph>
      <paragraph eId="para_59" class="SingleTxt">
        <num>	13.</num>
        <content eId="para_59__content">
          <p xml:space="preserve">
            <span class="italic">Insta </span>a la comunidad internacional a que, en un espíritu de cooperación, procure realizar más investigaciones y prestar una mayor asistencia a nivel bilateral y multilateral, de forma efectiva, armonizada, previsible y sostenida, para combatir la malaria, incluso apoyando el Fondo Mundial de Lucha contra el Sida, la Tuberculosis y la Malaria, a fin de ayudar a los Estados, especialmente a los países donde la malaria es endémica, a implementar planes nacionales bien concebidos, en particular de salud y saneamiento, que incluyan estrategias de control y eliminación de la malaria que puedan incorporar soluciones de gestión ambiental basadas en pruebas, eficaces en función del costo y apropiadas para el contexto, y la gestión integrada de las enfermedades de la infancia, de una forma sostenida y equitativa que, entre otras cosas, contribuya a fortalecer los enfoques de desarrollo de los sistemas de salud a nivel de distrito; </p>
        </content>
      </paragraph>
      <paragraph eId="para_60" class="SingleTxt">
        <num>	14.</num>
        <content eId="para_60__content">
          <p xml:space="preserve">
            <span class="italic">Exhorta</span> a la comunidad internacional a que preste asistencia a los países donde la malaria es endémica para fortalecer sus sistemas de salud, la fabricación de medicamentos y los recursos humanos para la salud a fin de lograr la cobertura sanitaria universal;</p>
        </content>
      </paragraph>
      <paragraph eId="para_61" class="SingleTxt">
        <num>	15.</num>
        <content eId="para_61__content">
          <p xml:space="preserve">
            <span class="italic">Hace un llamamiento</span> a los asociados en la lucha contra la malaria para que resuelvan los atascos financieros y de suministro y distribución que causan la falta de mosquiteros tratados con insecticidas de larga duración, insecticidas de acción residual para la fumigación de interiores y exteriores, pruebas de diagnóstico rápido y tratamientos combinados de artemisinina a nivel nacional, cuando se produzcan, incluso mediante el fortalecimiento de la gestión de los programas antimaláricos a escala nacional; </p>
        </content>
      </paragraph>
      <paragraph eId="para_62" class="SingleTxt">
        <num>	16.</num>
        <content eId="para_62__content">
          <p xml:space="preserve">
            <span class="italic">Acoge con beneplácito</span> la contribución a la movilización de recursos adicionales y previsibles para el desarrollo que representan las iniciativas de financiación innovadoras emprendidas voluntariamente por grupos de Estados Miembros y, a este respecto, hace notar las contribuciones del Mecanismo Internacional de Compra de Medicamentos (UNITAID), el Servicio Financiero Internacional para la Inmunización, los compromisos anticipados de mercado para vacunas y GAVI, la Alianza para las Vacunas, y expresa apoyo a la labor del Grupo Piloto de Financiamiento Innovador para el Desarrollo y de su equipo de tareas especial sobre la financiación innovadora de la sanidad; </p>
        </content>
      </paragraph>
      <paragraph eId="para_63" class="SingleTxt">
        <num>	17.</num>
        <content eId="para_63__content">
          <p xml:space="preserve">
            <span class="italic">Insta </span>a los países donde la malaria es endémica a que procuren lograr la sostenibilidad financiera, aumenten los recursos nacionales destinados al control de la malaria y creen condiciones favorables para trabajar con el sector privado a fin de mejorar el acceso a servicios de calidad relacionados con la malaria y aprovechar las sinergias con otras prioridades de desarrollo, como el fortalecimiento de los sistemas de salud y la colaboración con los asociados para el desarrollo en la implementación de una respuesta eficaz de control de vectores<authorialNote marker="15" placement="bottom" eId="authorialNote_15"><p xml:space="preserve">	 	Véase <a href="https://undocs.org/es/A/72/822">A/72/822</a>, párr. 44.</p></authorialNote>, como contribución al logro de la cobertura sanitaria universal; </p>
        </content>
      </paragraph>
      <paragraph eId="para_64" class="SingleTxt">
        <num>	18.</num>
        <content eId="para_64__content">
          <p xml:space="preserve">
            <span class="italic">Insta </span>a los Estados Miembros a que evalúen las necesidades de recursos humanos integrados en todos los niveles de sus sistemas de salud y atiendan esas necesidades a fin de lograr los Objetivos de Desarrollo Sostenible, a que adopten medidas, según proceda, para reglamentar con eficacia la contratación, capacitación y retención de personal sanitario cualificado y a que presten especial atención a la disponibilidad de personal cualificado en todos los niveles con el fin de satisfacer las necesidades técnicas y operacionales a medida que se obtengan más fondos para los programas de control de la malaria; </p>
        </content>
      </paragraph>
      <paragraph eId="para_65" class="SingleTxt">
        <num>	19.</num>
        <content eId="para_65__content">
          <p xml:space="preserve">
            <span class="italic">Destaca </span>la importancia de mejorar los sistemas basados en la comunidad para controlar la malaria, teniendo en cuenta que las familias suelen ser el punto de partida para atender eficazmente a los niños febriles, y alienta a los países donde la malaria es endémica a que aumenten el alcance de los servicios de salud pública mediante la capacitación y el empleo de trabajadores sanitarios de las comunidades, en particular en zonas rurales y remotas, y expandan la coordinación asistencial comunitaria integrada de los casos de malaria, neumonía y diarrea, con particular atención a los niños menores de 5 años<sup>6</sup>;</p>
        </content>
      </paragraph>
      <paragraph eId="para_66" class="SingleTxt">
        <num>	20.</num>
        <content eId="para_66__content">
          <p xml:space="preserve">
            <span class="italic">Afirma </span>que la estrecha colaboración con los líderes comunitarios y los asociados en la ejecución, incluidas las organizaciones no gubernamentales, los trabajadores sanitarios y los voluntarios, es un factor esencial para combatir la malaria con éxito, y exhorta a los Estados Miembros a que introduzcan servicios comunitarios integrados que se centren en la población, en coordinación con los proveedores de servicios de salud de los sectores público y privado, y a que prosigan los esfuerzos para colaborar con asociados no gubernamentales, trabajadores sanitarios y voluntarios a fin de aplicar enfoques comunitarios para llegar a los grupos de población de las zonas remotas y a las que es difícil acceder<sup>6</sup>; </p>
        </content>
      </paragraph>
      <paragraph eId="para_67" class="SingleTxt">
        <num>	21.</num>
        <content eId="para_67__content">
          <p xml:space="preserve">
            <span class="italic">Exhorta </span>a los Estados Miembros a que promuevan el acceso a los medicamentos, y pone de relieve que el acceso a medicamentos y servicios médicos asequibles y de calidad tanto en caso de enfermedad como en la prevención, el tratamiento y el control de enfermedades es fundamental para la realización del derecho al disfrute del más alto nivel posible de salud física y mental; </p>
        </content>
      </paragraph>
      <paragraph eId="para_68" class="SingleTxt">
        <num>	22.</num>
        <content eId="para_68__content">
          <p xml:space="preserve">
            <span class="italic">Insta </span>a la comunidad internacional a que, entre otras cosas, apoye la labor del Fondo Mundial de Lucha contra el Sida, la Tuberculosis y la Malaria para que pueda satisfacer sus necesidades financieras y, mediante iniciativas dirigidas por los países con apoyo internacional suficiente, aumentar el acceso a tratamientos antimaláricos que sean asequibles, seguros y eficaces, como tratamientos combinados con artemisinina, terapias preventivas intermitentes para embarazadas, niños menores de 5 años y niños menores de 1 año, servicios de diagnóstico adecuados, mosquiteros tratados con insecticidas de larga duración, incluso, cuando corresponda, distribuyéndolos gratuitamente, y, cuando proceda, a insecticidas de acción residual para la fumigación de interiores contra la malaria, teniendo en cuenta las normas internacionales pertinentes, incluidas las pautas y directrices del Convenio de Estocolmo sobre Contaminantes Orgánicos Persistentes<authorialNote marker="16" placement="bottom" eId="authorialNote_16"><p xml:space="preserve">	 	Naciones Unidas, <span class="italic">Treaty Series</span>, vol. 2256, núm. 40214.</p></authorialNote>;</p>
        </content>
      </paragraph>
      <paragraph eId="para_69" class="SingleTxt">
        <num>	23.</num>
        <content eId="para_69__content">
          <p xml:space="preserve">
            <span class="italic">Insta </span>a las organizaciones internacionales competentes, en particular a la Organización Mundial de la Salud y al Fondo de las Naciones Unidas para la Infancia, a que faciliten en mayor medida la labor de asistencia de los Gobiernos nacionales destinada a proporcionar acceso universal a las intervenciones para el control de la malaria a fin de atender a todos los grupos de población en situación de riesgo, especialmente los niños y las embarazadas, en los países donde la malaria es endémica, en particular en África, lo más rápido posible, teniendo debidamente en cuenta la necesidad de asegurar el uso apropiado de dichas intervenciones, incluidos los mosquiteros tratados con insecticidas de larga duración, y la sostenibilidad mediante la plena participación comunitaria y la ejecución por intermedio del sistema de salud; </p>
        </content>
      </paragraph>
      <paragraph eId="para_70" class="SingleTxt">
        <num>	24.</num>
        <content eId="para_70__content">
          <p xml:space="preserve">
            <span class="italic">Exhorta </span>a los Estados Miembros, en particular a los países donde la malaria es endémica, a que establezcan políticas y planes operacionales y realicen investigaciones a nivel nacional, o refuercen las políticas, planes e investigaciones existentes, con apoyo de la comunidad internacional, al objeto de ampliar las iniciativas encaminadas a lograr las metas convenidas internacionalmente en relación con la malaria, de conformidad con las recomendaciones técnicas de la Organización Mundial de la Salud; </p>
        </content>
      </paragraph>
      <paragraph eId="para_71" class="SingleTxt">
        <num>	25.</num>
        <content eId="para_71__content">
          <p xml:space="preserve">
            <span class="italic">Encomia </span>a los países africanos que han aplicado las recomendaciones de la Cumbre de Abuya de 2000 de reducir o eliminar los impuestos y aranceles que gravan los mosquiteros y otros productos necesarios para el control de la malaria<sup>8</sup>, y alienta a otros países a que hagan lo mismo; </p>
        </content>
      </paragraph>
      <paragraph eId="para_72" class="SingleTxt">
        <num>	26.</num>
        <content eId="para_72__content">
          <p xml:space="preserve">
            <span class="italic">Exhorta </span>a los organismos de las Naciones Unidas y sus asociados a que continúen prestando el apoyo técnico necesario a fin de aumentar y mejorar la capacidad de los Estados Miembros para aplicar la Estrategia Técnica Mundial contra la Malaria 2016-2030, junto con el plan Acción e Inversión para Vencer a la Malaria 2016-2030, a fin de conseguir los objetivos convenidos internacionalmente; </p>
        </content>
      </paragraph>
      <paragraph eId="para_73" class="SingleTxt">
        <num>	27.</num>
        <content eId="para_73__content">
          <p xml:space="preserve">
            <span class="italic">Expresa profunda preocupación</span> por la aparición de la resistencia a fármacos e insecticidas en varias regiones del mundo, exhorta a los Estados Miembros a que, con el apoyo de la Organización Mundial de la Salud y otros asociados, pongan en práctica el Plan Mundial de Contención de la Resistencia a la Artemisinina y el Plan Mundial para el Manejo de la Resistencia a Insecticidas en los Vectores de Malaria, y a que refuercen e implanten sistemas de vigilancia para observar y evaluar variaciones en las pautas de resistencia a fármacos e insecticidas, exhorta a la Organización Mundial de la Salud a que preste apoyo a los Estados Miembros en la formulación de sus estrategias nacionales de manejo de la resistencia a los insecticidas y coordine el apoyo internacional a los países para asegurar que las pruebas sobre la eficacia de los fármacos y la resistencia a los insecticidas sean plenamente operacionales a fin de aumentar el empleo de insecticidas y tratamientos combinados de artemisinina, y destaca que los datos obtenidos deberían utilizarse para informar las decisiones locales y emprender nuevas iniciativas de investigación y desarrollo de tratamientos seguros y eficaces y nuevos instrumentos de control de vectores; </p>
        </content>
      </paragraph>
      <paragraph eId="para_74" class="SingleTxt">
        <num>	28.</num>
        <content eId="para_74__content">
          <p xml:space="preserve">
            <span class="italic">Insta </span>a todos los Estados Miembros a que prohíban la comercialización y el uso de monoterapias orales con artemisinina y las reemplacen por terapias combinadas orales con artemisinina, como recomienda la Organización Mundial de la Salud, y a que establezcan los mecanismos financieros, legislativos y normativos necesarios para introducir terapias combinadas con artemisinina a precios asequibles tanto en los establecimientos públicos como en los privados; </p>
        </content>
      </paragraph>
      <paragraph eId="para_75" class="SingleTxt">
        <num>	29.</num>
        <content eId="para_75__content">
          <p xml:space="preserve">
            <span class="italic">Reconoce </span>la importancia de que se desarrollen vacunas seguras, asequibles y eficaces en función del costo y nuevos medicamentos y medios de diagnóstico para prevenir y tratar la malaria, así como la necesidad de continuar y acelerar las investigaciones con ese objeto, incluso sobre terapias seguras, eficaces y de gran calidad, aplicando normas rigurosas, por medios que incluyan la prestación de apoyo al Programa Especial de Investigaciones y Enseñanzas sobre Enfermedades Tropicales<authorialNote marker="17" placement="bottom" eId="authorialNote_17"><p xml:space="preserve">	 	Programa conjunto del Banco Mundial, el Fondo de las Naciones Unidas para la Infancia, la Organización Mundial de la Salud y el Programa de las Naciones Unidas para el Desarrollo.</p></authorialNote>, mediante alianzas mundiales eficaces, como las diversas iniciativas de vacunación contra la malaria y la Operación Medicamentos Antipalúdicos, si es necesario con el estímulo de nuevos incentivos para alcanzar ese objetivo, y mediante apoyo efectivo y oportuno para la preselección de nuevos medicamentos antimaláricos y sus combinaciones;</p>
        </content>
      </paragraph>
      <paragraph eId="para_76" class="SingleTxt">
        <num>	30.</num>
        <content eId="para_76__content">
          <p xml:space="preserve">
            <span class="italic">Reconoce también</span> la importancia de la innovación para abordar los problemas de la eliminación de la malaria, así como la del papel de la Organización Mundial de la Propiedad Intelectual, en particular de su plataforma Re:Search; </p>
        </content>
      </paragraph>
      <paragraph eId="para_77" class="SingleTxt">
        <num>	31.</num>
        <content eId="para_77__content">
          <p xml:space="preserve">
            <span class="italic">Exhorta </span>a la comunidad internacional a que, incluso a través de las alianzas existentes, aumente la inversión y los esfuerzos destinados a la investigación para optimizar los instrumentos actuales, desarrollar y validar nuevos medicamentos, productos y tecnologías contra la malaria que sean seguros y asequibles, como vacunas, pruebas de diagnóstico rápido, insecticidas y sus formas de aplicación, para prevenir y tratar la malaria, especialmente en los niños y las embarazadas en situación de riesgo, y ensayar posibilidades de integración con el objetivo de aumentar la eficacia y retrasar la aparición de la resistencia; </p>
        </content>
      </paragraph>
      <paragraph eId="para_78" class="SingleTxt">
        <num>	32.</num>
        <content eId="para_78__content">
          <p xml:space="preserve">
            <span class="italic">Exhorta </span>a los países donde la malaria es endémica a que aseguren unas condiciones favorables para las instituciones de investigación, incluidas la asignación de recursos suficientes y la elaboración de políticas y marcos jurídicos nacionales, según proceda, con miras a que, entre otras cosas, contribuyan a la formulación de políticas y a las intervenciones estratégicas sobre la malaria; </p>
        </content>
      </paragraph>
      <paragraph eId="para_79" class="SingleTxt">
        <num>	33.</num>
        <content eId="para_79__content">
          <p xml:space="preserve">
            <span class="italic">Reafirma </span>el derecho de aplicar plenamente las disposiciones del Acuerdo de la Organización Mundial del Comercio sobre los Aspectos de los Derechos de Propiedad Intelectual Relacionados con el Comercio (Acuerdo sobre los ADPIC), la Declaración de Doha relativa al Acuerdo sobre los ADPIC y la Salud Pública, la decisión del Consejo General de la Organización Mundial del Comercio, de 30 de agosto de 2003, sobre la aplicación del párrafo 6 de la Declaración relativa al Acuerdo sobre los ADPIC y la Salud Pública, y la enmienda más reciente al artículo 31 del Acuerdo sobre los ADPIC, que entró en vigor en enero de 2017 y que otorga flexibilidad para proteger la salud pública y, en particular, para promover el acceso universal a los medicamentos y alentar la prestación de asistencia a los países en desarrollo a este respecto, y pide la aceptación amplia y oportuna de la enmienda al artículo 31 del Acuerdo, como propuso el Consejo General de la Organización Mundial del Comercio en su decisión de 6 de diciembre de 2005, al tiempo que reconoce que la protección de la propiedad intelectual es importante para el desarrollo de nuevos medicamentos; </p>
        </content>
      </paragraph>
      <paragraph eId="para_80" class="SingleTxt">
        <num>	34.</num>
        <content eId="para_80__content">
          <p xml:space="preserve">
            <span class="italic">Reconoce </span>la importancia que tiene en la lucha contra la malaria la Estrategia Mundial y Plan de Acción sobre Salud Pública, Innovación y Propiedad Intelectual de la Organización Mundial de la Salud, aprobada por la Asamblea Mundial de la Salud el 24 de mayo de 2008<sup>5</sup>; </p>
        </content>
      </paragraph>
      <paragraph eId="para_81" class="SingleTxt">
        <num>	35.</num>
        <content eId="para_81__content">
          <p xml:space="preserve">
            <span class="italic">Exhorta </span>a los países donde la malaria es endémica, los asociados para el desarrollo y la comunidad internacional a que apoyen el reemplazo oportuno de los mosquiteros tratados con insecticidas de larga duración de conformidad con las recomendaciones de la Organización Mundial de la Salud sobre su vida útil, a fin de prevenir el riesgo de que se produzcan nuevos brotes de malaria y se echen a perder los logros alcanzados hasta la fecha, y de seguir avanzando en la estandarización de los mosquiteros para reducir los costos de su fabricación; </p>
        </content>
      </paragraph>
      <paragraph eId="para_82" class="SingleTxt">
        <num>	36.</num>
        <content eId="para_82__content">
          <p xml:space="preserve">
            <span class="italic">Observa</span> las contribuciones esenciales de la comunidad científica y el sector privado y destaca que los nuevos productos, como mejores instrumentos de diagnóstico, medicamentos y vacunas más eficaces, nuevos insecticidas y mosquiteros tratados con insecticidas más duraderos, son elementos fundamentales para asegurar el avance sostenido de las iniciativas orientadas a combatir la enfermedad<authorialNote marker="18" placement="bottom" eId="authorialNote_18"><p xml:space="preserve">	 	Véase <a href="https://undocs.org/es/A/73/853">A/73/853</a>, párr. 48.</p></authorialNote>; </p>
        </content>
      </paragraph>
      <paragraph eId="para_83" class="SingleTxt">
        <num>	37.</num>
        <content eId="para_83__content">
          <p xml:space="preserve">
            <span class="italic">Exhorta </span>a la comunidad internacional a que apoye medios de aumentar el acceso a productos y tratamientos asequibles, eficaces y seguros, como los destinados al control de vectores, incluidos insecticidas de acción residual para la fumigación de interiores, mosquiteros tratados con insecticidas de larga duración, incluso su distribución gratuita, servicios de diagnóstico adecuados, terapias preventivas intermitentes para embarazadas, niños menores de 5 años y niños menores de 1 año, y terapias combinadas con artemisinina para los grupos de población que corran riesgo de contraer malaria por <span class="italic">P. falciparum</span> en países donde la malaria es endémica, en particular en África, incluso mediante fondos adicionales y mecanismos innovadores destinados, entre otras cosas, a financiar e incrementar la fabricación y adquisición de artemisinina, según proceda, para hacer frente al aumento de las necesidades; </p>
        </content>
      </paragraph>
      <paragraph eId="para_84" class="SingleTxt">
        <num>	38.</num>
        <content eId="para_84__content">
          <p xml:space="preserve">
            <span class="italic">Reconoce </span>el efecto de la Alianza RBM para Poner Fin a la Malaria y acoge con beneplácito el aumento del número de alianzas público-privadas para controlar y prevenir la malaria, incluidas las contribuciones financieras y en especie de asociados del sector privado y empresas que trabajan en África, así como la creciente participación de proveedores de servicios de carácter no gubernamental, incluido el establecimiento de fondos de la Iniciativa para Poner Fin a la Malaria; </p>
        </content>
      </paragraph>
      <paragraph eId="para_85" class="SingleTxt">
        <num>	39.</num>
        <content eId="para_85__content">
          <p xml:space="preserve">
            <span class="italic">Alienta </span>a los fabricantes de mosquiteros tratados con insecticidas de larga duración y de insecticidas a que aceleren la transferencia de tecnología a los países en desarrollo, e invita al Banco Mundial y a los fondos regionales de desarrollo a que consideren la posibilidad de prestar apoyo a los países donde la malaria es endémica para que construyan fábricas a fin de incrementar la fabricación de mosquiteros tratados con insecticidas de larga duración y de insecticidas, así como de medicamentos y pruebas diagnósticas para la malaria, cuando proceda; </p>
        </content>
      </paragraph>
      <paragraph eId="para_86" class="SingleTxt">
        <num>	40.</num>
        <content eId="para_86__content">
          <p xml:space="preserve">
            <span class="italic">Exhorta </span>a los Estados Miembros y la comunidad internacional, especialmente los países donde la malaria es endémica, a que, de conformidad con las directrices y recomendaciones de la Organización Mundial de la Salud y las disposiciones del Convenio de Estocolmo sobre Contaminantes Orgánicos Persistentes, incluidas aquellas relativas al DDT, procuren conocer a fondo las estrategias y normas técnicas de esa organización y las disposiciones del Convenio de Estocolmo, incluidas las referentes a los insecticidas de acción residual para la fumigación de interiores, los mosquiteros tratados con insecticidas de larga duración y la coordinación asistencial, las terapias preventivas intermitentes para embarazadas, niños menores de 5 años y niños menores de 1 año, el seguimiento de los estudios  <span class="italic">in vivo</span> de la resistencia a terapias combinadas con artemisinina y la vigilancia y el manejo de la resistencia a los insecticidas y la transmisión de la malaria al aire libre, y a que aumenten la capacidad para el registro y adopción de nuevos instrumentos para controlar los vectores, y para la utilización segura, efectiva y sensata de los insecticidas de acción residual para la fumigación de interiores y otras formas de control de vectores, incluidas las medidas de aseguramiento de la calidad, de conformidad con las normas, pautas y directrices internacionales; </p>
        </content>
      </paragraph>
      <paragraph eId="para_87" class="SingleTxt">
        <num>	41.</num>
        <content eId="para_87__content">
          <p xml:space="preserve">
            <span class="italic">Solicita </span>a la Organización Mundial de la Salud, el Fondo de las Naciones Unidas para la Infancia y los organismos donantes que presten apoyo a los países que siguen utilizando el DDT como insecticida de acción residual para la fumigación de interiores a fin de asegurar que se haga de conformidad con las normas, pautas y directrices internacionales, y que presten todo el apoyo posible a los países donde la malaria es endémica para gestionar de manera efectiva ese tipo de intervención y prevenir toda la contaminación, en particular de productos agrícolas, con DDT y otros insecticidas de acción residual para la fumigación de interiores; </p>
        </content>
      </paragraph>
      <paragraph eId="para_88" class="SingleTxt">
        <num>	42.</num>
        <content eId="para_88__content">
          <p xml:space="preserve">
            <span class="italic">Reconoce </span>la importancia de una estrategia multisectorial para impulsar las iniciativas de control de la malaria a nivel mundial, invita a los países donde la malaria es endémica a que consideren la posibilidad de adoptar y aplicar el Marco de Acción Multisectorial para la Lucha contra la Malaria, elaborado por la Alianza RBM para Poner Fin a la Malaria y el Programa de las Naciones Unidas para el Desarrollo, y alienta la colaboración regional e intersectorial, tanto pública como privada, a todos los niveles, especialmente en materia de educación, salud, agricultura, desarrollo económico y medio ambiente, a fin de promover los objetivos de control de la malaria; </p>
        </content>
      </paragraph>
      <paragraph eId="para_89" class="SingleTxt">
        <num>	43.</num>
        <content eId="para_89__content">
          <p xml:space="preserve">
            <span class="italic">Reconoce también </span>la necesidad de fortalecer la vigilancia de la malaria y la calidad de los datos en todas las regiones donde la malaria es endémica, que es un aspecto importante del seguimiento y el examen en lo que respecta a la implementación de la meta 3.3 del Objetivo de Desarrollo Sostenible 3 y uno de los pilares principales de la Estrategia Técnica Mundial contra la Malaria 2016-2030, a fin de que los Estados Miembros puedan destinar recursos financieros a los grupos de población más necesitados y responder de manera efectiva a los brotes de la enfermedad, en particular en vista de la creciente resistencia a las medidas terapéuticas y preventivas; </p>
        </content>
      </paragraph>
      <paragraph eId="para_90" class="SingleTxt">
        <num>	44.</num>
        <content eId="para_90__content">
          <p xml:space="preserve">
            <span class="italic">Exhorta </span>a los Estados Miembros y la comunidad internacional a que fortalezcan los mecanismos de coordinación nacional de la asistencia técnica a fin de armonizarlos con los mejores métodos para aplicar las directrices técnicas de la Organización Mundial de la Salud y a que movilicen apoyo en favor del intercambio y el análisis de las mejores prácticas a fin de hacer frente a urgentes desafíos de carácter programático, mejorar la labor de supervisión y evaluación y realizar periódicamente actividades de planificación financiera y análisis de deficiencias; </p>
        </content>
      </paragraph>
      <paragraph eId="para_91" class="SingleTxt">
        <num>	45.</num>
        <content eId="para_91__content">
          <p xml:space="preserve">
            <span class="italic">Alienta </span>a que se compartan, entre distintas regiones, los conocimientos, la experiencia y las enseñanzas adquiridas en relación con el control y la eliminación de la malaria, en particular entre las regiones de África, Asia y el Pacífico y América Latina; </p>
        </content>
      </paragraph>
      <paragraph eId="para_92" class="SingleTxt">
        <num>	46.</num>
        <content eId="para_92__content">
          <p xml:space="preserve">
            <span class="italic">Exhorta </span>a la comunidad internacional a que apoye el fortalecimiento de los sistemas de salud, las políticas farmacéuticas o sobre los plaguicidas a nivel nacional y los organismos nacionales de reglamentación de medicamentos y plaguicidas, a que vigile y combata el comercio de productos médicos de calidad inferior a la norma y falsificados, como los medicamentos, plaguicidas y mosquiteros antimaláricos de calidad inferior a la norma, y evite su distribución y utilización, y a que apoye los esfuerzos coordinados, entre otros medios prestando asistencia técnica para que se respeten los compromisos y reglamentos internacionales sobre el uso de plaguicidas y para mejorar los sistemas de vigilancia, supervisión y evaluación, así como su armonización con los planes y sistemas nacionales, a fin de realizar un mejor seguimiento de los cambios en la cobertura, la necesidad de ampliar las intervenciones recomendadas y las ulteriores reducciones en la carga de la malaria, e informar más adecuadamente al respecto; </p>
        </content>
      </paragraph>
      <paragraph eId="para_93" class="SingleTxt">
        <num>	47.</num>
        <content eId="para_93__content">
          <p xml:space="preserve">
            <span class="italic">Alienta </span>a los Estados Miembros, la comunidad internacional y todas las instancias pertinentes, incluido el sector privado, a que promuevan la ejecución coordinada de las actividades relacionadas con la malaria y mejoren su calidad, de conformidad con políticas nacionales y planes operacionales que se ajusten a las recomendaciones técnicas de la Organización Mundial de la Salud y las actividades e iniciativas recientes, como, cuando corresponda, la Declaración de París sobre la Eficacia de la Ayuda al Desarrollo, el Programa de Acción de Accra, aprobado en el Tercer Foro de Alto Nivel sobre la Eficacia de la Ayuda, que se celebró en Accra del 2 al 4 de septiembre de 2008<authorialNote marker="19" placement="bottom" eId="authorialNote_19"><p xml:space="preserve"><a href="https://undocs.org/es/A/63/539">A/63/539</a>, anexo.</p></authorialNote>, y la Alianza de Busan para la Cooperación Eficaz al Desarrollo, iniciativas que hacen contribuciones importantes a los esfuerzos de los países que se han adherido a ellas, y el documento final de Buenos Aires de la Segunda Conferencia de Alto Nivel de las Naciones Unidas sobre la Cooperación Sur-Sur<authorialNote marker="20" placement="bottom" eId="authorialNote_20"><p xml:space="preserve">	 	Resolución <a href="https://undocs.org/es/A/RES/73/291">73/291</a>, anexo.</p></authorialNote>;</p>
        </content>
      </paragraph>
      <paragraph eId="para_94" class="SingleTxt">
        <num>	48.</num>
        <content eId="para_94__content">
          <p xml:space="preserve">
            <span class="italic">Reconoce </span>la necesidad de que exista compromiso político y apoyo financiero para mantener y ampliar los logros en la lucha contra la malaria y alcanzar las metas internacionales al respecto mediante actividades de prevención y control de la malaria para poner fin a la epidemia, reconociendo al mismo tiempo los notables progresos alcanzados hasta la fecha en la lucha contra la malaria; </p>
        </content>
      </paragraph>
      <paragraph eId="para_95" class="SingleTxt">
        <num>	49.</num>
        <content eId="para_95__content">
          <p xml:space="preserve">
            <span class="italic">Exhorta</span> a todos los Estados Miembros a que garanticen que se mantengan los servicios contra la malaria y otros servicios esenciales durante la pandemia de COVID-19 y a que, sobre la base de la experiencia adquirida, trabajen para crear sistemas de salud resilientes y sostenibles;</p>
        </content>
      </paragraph>
      <paragraph eId="para_96" class="SingleTxt">
        <num>	50.</num>
        <content eId="para_96__content">
          <p xml:space="preserve">
            <span class="italic">	Solicita </span>al Secretario General que, en estrecha colaboración con el Director General de la Organización Mundial de la Salud y en consulta con los Estados Miembros, la informe en su septuagésimo quinto período de sesiones sobre la aplicación de la presente resolución.</p>
        </content>
      </paragraph>
    </mainBody>
    <conclusions eId="conclusions">
      <p>
        <inline name="adoptionMeeting" title="64a">64a sesión plenaria</inline>
        <eol />
        <docDate date="2020-09-11" refersTo="#adoptionDate">11 de septiembre de 2020</docDate>
      </p>
    </conclusions>
  </statement>
</akomaNtoso>