<akomaNtoso xmlns:xsi="http://www.w3.org/2001/XMLSchema-instance" xsi:schemaLocation="http://docs.oasis-open.org/legaldocml/ns/akn/3.0 http://docs.oasis-open.org/legaldocml/akn-core/v1.0/os/part2-specs/schemas/akomantoso30.xsd" xmlns="http://docs.oasis-open.org/legaldocml/ns/akn/3.0" xmlns:html="http://www.w3.org/1999/xhtml" xmlns:akn4un="http://un.org/akn4un">
  <statement name="resolution">
    <meta>
      <identification source="#DGACM">
        <FRBRWork>
          <FRBRthis value="/akn/un/statement/deliberation/unga/2019-12-12/74-48/!main/"></FRBRthis>
          <FRBRuri value="/akn/un/statement/deliberation/unga/2019-12-12/74-48/"></FRBRuri>
          <FRBRdate date="2019-12-12" name="adoption"></FRBRdate>
          <FRBRauthor href="ga" as="author"></FRBRauthor>
          <FRBRcountry value="un"></FRBRcountry>
        </FRBRWork>
        <FRBRExpression>
          <FRBRthis value="/akn/un/statement/deliberation/unga/2019-12-12/74-48/spa@!main/"></FRBRthis>
          <FRBRuri value="/akn/un/statement/deliberation/unga/2019-12-12/74-48/spa@/"></FRBRuri>
          <FRBRdate date="2019-12-19" name="publication"></FRBRdate>
          <FRBRauthor href="ga" as="issuer"></FRBRauthor>
          <FRBRlanguage language="spa"></FRBRlanguage>
        </FRBRExpression>
        <FRBRManifestation>
          <FRBRthis value="/akn/un/statement/deliberation/unga/2019-12-12/74-48/spa@/!main.xml"></FRBRthis>
          <FRBRuri value="/akn/un/statement/deliberation/unga/2019-12-12/74-48/spa@.xml"></FRBRuri>
          <FRBRdate date="2020-08-17" name="markup"></FRBRdate>
          <FRBRauthor href="DGACM" as="editor"></FRBRauthor>
        </FRBRManifestation>
      </identification>
      <classification source="http://metadata.un.org/sdg">
        <keyword value="6" href="http://metadata.un.org/sdg/6" showAs="sdg_6" dictionary="SDGO"></keyword>
        <keyword value="water" href="http://eurovoc.europa.eu/597" showAs="water" dictionary="EuroVoc"></keyword>
        <keyword value="public_hygiene" href="http://eurovoc.europa.eu/3371" showAs="public_hygiene" dictionary="EuroVoc"></keyword>
        <keyword value="use_of_water" href="http://eurovoc.europa.eu/4628" showAs="use_of_water" dictionary="EuroVoc"></keyword>
        <keyword value="water" href="http://metadata.un.org/thesaurus/030500" showAs="water" dictionary="UNBIS Thesaurus"></keyword>
        <keyword value="sanitation" href="http://metadata.un.org/thesaurus/1005701" showAs="sanitation" dictionary="UNBIS Thesaurus"></keyword>
        <keyword value="water_management" href="http://metadata.un.org/thesaurus/1006948" showAs="water_management" dictionary="UNBIS Thesaurus"></keyword>
      </classification>
      <classification source="http://metadata.un.org/sdg">
        <keyword value="14" href="http://metadata.un.org/sdg/14" showAs="sdg_14" dictionary="SDGO"></keyword>
        <keyword value="marine_life" href="http://eurovoc.europa.eu/3149" showAs="marine_life" dictionary="EuroVoc"></keyword>
        <keyword value="marine_environment" href="http://eurovoc.europa.eu/5742" showAs="marine_environment" dictionary="EuroVoc"></keyword>
        <keyword value="ocean" href="http://eurovoc.europa.eu/2107" showAs="ocean" dictionary="EuroVoc"></keyword>
        <keyword value="sea" href="http://eurovoc.europa.eu/1870" showAs="sea" dictionary="EuroVoc"></keyword>
        <keyword value="marine_resources" href="http://metadata.un.org/thesaurus/030800" showAs="marine_resources" dictionary="UNBIS Thesaurus"></keyword>
        <keyword value="marine_resources" href="http://metadata.un.org/thesaurus/1003922" showAs="marine_resources" dictionary="UNBIS Thesaurus"></keyword>
        <keyword value="oceans_and_seas" href="http://metadata.un.org/thesaurus/170600" showAs="oceans_and_seas" dictionary="UNBIS Thesaurus"></keyword>
      </classification>
      <classification source="http://metadata.un.org/sdg">
        <keyword value="15" href="http://metadata.un.org/sdg/15" showAs="sdg_15" dictionary="SDGO"></keyword>
        <keyword value="deforestation" href="http://eurovoc.europa.eu/339" showAs="deforestation" dictionary="EuroVoc"></keyword>
        <keyword value="desertification" href="http://eurovoc.europa.eu/416" showAs="desertification" dictionary="EuroVoc"></keyword>
        <keyword value="biodiversity" href="http://eurovoc.europa.eu/5463" showAs="biodiversity" dictionary="EuroVoc"></keyword>
        <keyword value="land,_plant_and_soil_resources" href="http://metadata.un.org/thesaurus/030600" showAs="land,_plant_and_soil_resources" dictionary="UNBIS Thesaurus"></keyword>
        <keyword value="deforestation" href="http://metadata.un.org/thesaurus/1001550" showAs="deforestation" dictionary="UNBIS Thesaurus"></keyword>
      </classification>
      <workflow source="#un">
        <step date="2019-10-21" outcome="draftResolution" as="A/C.1/74/L.22" by="Angola, Argentina, Austria, Brazil, Fiji, Indonesia, Ireland, Malawi, New Zealand, Paraguay, Philippines, Samoa, Singapore, South Africa, Suriname and Thailand" />
        <step date="0001-01-01" outcome="draftResolutionAdditionalSponsors" by="Brunei Darussalam, Chile, Cuba, Ecuador, El Salvador, Jamaica, Malaysia, Malta, Mexico, Mongolia, Mozambique, Nicaragua, Papua New Guinea, Peru, Uruguay and Vanuatu" />
        <step date="0001-01-01" outcome="recommendedForAdoption" as="A/74/368" by="" refersTo="89" />
        <step date="2019-12-12" outcome="adopted" as="A/74/PV.46" by="" />
      </workflow>
      <analysis source="#un">
        <parliamentary>
          <voting outcome="adoptedRecordedVote">
            <count value="148" refersTo="inFavour">
              <akn4un:voters>
                <organization refersTo="memberState">AFGHANISTAN</organization>
                <organization refersTo="memberState">ALGERIA</organization>
                <organization refersTo="memberState">ANDORRA</organization>
                <organization refersTo="memberState">ANGOLA</organization>
                <organization refersTo="memberState">ANTIGUA AND BARBUDA</organization>
                <organization refersTo="memberState">ARGENTINA</organization>
                <organization refersTo="memberState">ARMENIA</organization>
                <organization refersTo="memberState">AUSTRIA</organization>
                <organization refersTo="memberState">AZERBAIJAN</organization>
                <organization refersTo="memberState">BAHAMAS</organization>
                <organization refersTo="memberState">BAHRAIN</organization>
                <organization refersTo="memberState">BANGLADESH</organization>
                <organization refersTo="memberState">BARBADOS</organization>
                <organization refersTo="memberState">BELARUS</organization>
                <organization refersTo="memberState">BELGIUM</organization>
                <organization refersTo="memberState">BELIZE</organization>
                <organization refersTo="memberState">BENIN</organization>
                <organization refersTo="memberState">BHUTAN</organization>
                <organization refersTo="memberState">BOLIVIA (PLURINATIONAL STATE OF)</organization>
                <organization refersTo="memberState">BOTSWANA</organization>
                <organization refersTo="memberState">BRAZIL</organization>
                <organization refersTo="memberState">BRUNEI DARUSSALAM</organization>
                <organization refersTo="memberState">BURKINA FASO</organization>
                <organization refersTo="memberState">BURUNDI</organization>
                <organization refersTo="memberState">CABO VERDE</organization>
                <organization refersTo="memberState">CAMBODIA</organization>
                <organization refersTo="memberState">CANADA</organization>
                <organization refersTo="memberState">CENTRAL AFRICAN REPUBLIC</organization>
                <organization refersTo="memberState">CHAD</organization>
                <organization refersTo="memberState">CHILE</organization>
                <organization refersTo="memberState">CHINA</organization>
                <organization refersTo="memberState">COLOMBIA</organization>
                <organization refersTo="memberState">COMOROS</organization>
                <organization refersTo="memberState">CONGO</organization>
                <organization refersTo="memberState">COSTA RICA</organization>
                <organization refersTo="memberState">COTE D'IVOIRE</organization>
                <organization refersTo="memberState">CUBA</organization>
                <organization refersTo="memberState">CYPRUS</organization>
                <organization refersTo="memberState">DEMOCRATIC PEOPLE'S REPUBLIC OF KOREA</organization>
                <organization refersTo="memberState">DEMOCRATIC REPUBLIC OF THE CONGO</organization>
                <organization refersTo="memberState">DJIBOUTI</organization>
                <organization refersTo="memberState">DOMINICAN REPUBLIC</organization>
                <organization refersTo="memberState">ECUADOR</organization>
                <organization refersTo="memberState">EGYPT</organization>
                <organization refersTo="memberState">EL SALVADOR</organization>
                <organization refersTo="memberState">ERITREA</organization>
                <organization refersTo="memberState">ESWATINI</organization>
                <organization refersTo="memberState">ETHIOPIA</organization>
                <organization refersTo="memberState">FIJI</organization>
                <organization refersTo="memberState">FINLAND</organization>
                <organization refersTo="memberState">GABON</organization>
                <organization refersTo="memberState">GAMBIA</organization>
                <organization refersTo="memberState">GHANA</organization>
                <organization refersTo="memberState">GRENADA</organization>
                <organization refersTo="memberState">GUATEMALA</organization>
                <organization refersTo="memberState">GUINEA-BISSAU</organization>
                <organization refersTo="memberState">GUYANA</organization>
                <organization refersTo="memberState">HONDURAS</organization>
                <organization refersTo="memberState">INDIA</organization>
                <organization refersTo="memberState">INDONESIA</organization>
                <organization refersTo="memberState">IRAN (ISLAMIC REPUBLIC OF)</organization>
                <organization refersTo="memberState">IRAQ</organization>
                <organization refersTo="memberState">IRELAND</organization>
                <organization refersTo="memberState">JAMAICA</organization>
                <organization refersTo="memberState">JAPAN</organization>
                <organization refersTo="memberState">JORDAN</organization>
                <organization refersTo="memberState">KAZAKHSTAN</organization>
                <organization refersTo="memberState">KENYA</organization>
                <organization refersTo="memberState">KIRIBATI</organization>
                <organization refersTo="memberState">KUWAIT</organization>
                <organization refersTo="memberState">KYRGYZSTAN</organization>
                <organization refersTo="memberState">LAO PEOPLE'S DEMOCRATIC REPUBLIC</organization>
                <organization refersTo="memberState">LEBANON</organization>
                <organization refersTo="memberState">LESOTHO</organization>
                <organization refersTo="memberState">LIBYA</organization>
                <organization refersTo="memberState">LIECHTENSTEIN</organization>
                <organization refersTo="memberState">MADAGASCAR</organization>
                <organization refersTo="memberState">MALAWI</organization>
                <organization refersTo="memberState">MALAYSIA</organization>
                <organization refersTo="memberState">MALDIVES</organization>
                <organization refersTo="memberState">MALI</organization>
                <organization refersTo="memberState">MALTA</organization>
                <organization refersTo="memberState">MAURITANIA</organization>
                <organization refersTo="memberState">MAURITIUS</organization>
                <organization refersTo="memberState">MEXICO</organization>
                <organization refersTo="memberState">MONGOLIA</organization>
                <organization refersTo="memberState">MOROCCO</organization>
                <organization refersTo="memberState">MOZAMBIQUE</organization>
                <organization refersTo="memberState">MYANMAR</organization>
                <organization refersTo="memberState">NAMIBIA</organization>
                <organization refersTo="memberState">NEPAL</organization>
                <organization refersTo="memberState">NETHERLANDS</organization>
                <organization refersTo="memberState">NEW ZEALAND</organization>
                <organization refersTo="memberState">NICARAGUA</organization>
                <organization refersTo="memberState">NIGER</organization>
                <organization refersTo="memberState">NIGERIA</organization>
                <organization refersTo="memberState">OMAN</organization>
                <organization refersTo="memberState">PAKISTAN</organization>
                <organization refersTo="memberState">PALAU</organization>
                <organization refersTo="memberState">PANAMA</organization>
                <organization refersTo="memberState">PARAGUAY</organization>
                <organization refersTo="memberState">PERU</organization>
                <organization refersTo="memberState">PHILIPPINES</organization>
                <organization refersTo="memberState">QATAR</organization>
                <organization refersTo="memberState">REPUBLIC OF MOLDOVA</organization>
                <organization refersTo="memberState">RWANDA</organization>
                <organization refersTo="memberState">SAINT KITTS AND NEVIS</organization>
                <organization refersTo="memberState">SAINT LUCIA</organization>
                <organization refersTo="memberState">SAINT VINCENT AND THE GRENADINES</organization>
                <organization refersTo="memberState">SAMOA</organization>
                <organization refersTo="memberState">SAN MARINO</organization>
                <organization refersTo="memberState">SAO TOME AND PRINCIPE</organization>
                <organization refersTo="memberState">SAUDI ARABIA</organization>
                <organization refersTo="memberState">SENEGAL</organization>
                <organization refersTo="memberState">SERBIA</organization>
                <organization refersTo="memberState">SEYCHELLES</organization>
                <organization refersTo="memberState">SIERRA LEONE</organization>
                <organization refersTo="memberState">SINGAPORE</organization>
                <organization refersTo="memberState">SLOVENIA</organization>
                <organization refersTo="memberState">SOLOMON ISLANDS</organization>
                <organization refersTo="memberState">SOUTH AFRICA</organization>
                <organization refersTo="memberState">SOUTH SUDAN</organization>
                <organization refersTo="memberState">SRI LANKA</organization>
                <organization refersTo="memberState">SUDAN</organization>
                <organization refersTo="memberState">SURINAME</organization>
                <organization refersTo="memberState">SWEDEN</organization>
                <organization refersTo="memberState">SWITZERLAND</organization>
                <organization refersTo="memberState">SYRIAN ARAB REPUBLIC</organization>
                <organization refersTo="memberState">TAJIKISTAN</organization>
                <organization refersTo="memberState">THAILAND</organization>
                <organization refersTo="memberState">TIMOR-LESTE</organization>
                <organization refersTo="memberState">TOGO</organization>
                <organization refersTo="memberState">TONGA</organization>
                <organization refersTo="memberState">TRINIDAD AND TOBAGO</organization>
                <organization refersTo="memberState">TUNISIA</organization>
                <organization refersTo="memberState">TURKMENISTAN</organization>
                <organization refersTo="memberState">TUVALU</organization>
                <organization refersTo="memberState">UGANDA</organization>
                <organization refersTo="memberState">UNITED ARAB EMIRATES</organization>
                <organization refersTo="memberState">UNITED REPUBLIC OF TANZANIA</organization>
                <organization refersTo="memberState">URUGUAY</organization>
                <organization refersTo="memberState">UZBEKISTAN</organization>
                <organization refersTo="memberState">VANUATU</organization>
                <organization refersTo="memberState">VENEZUELA (BOLIVARIAN REPUBLIC OF)</organization>
                <organization refersTo="memberState">VIET NAM</organization>
                <organization refersTo="memberState">YEMEN</organization>
                <organization refersTo="memberState">ZAMBIA</organization>
                <organization refersTo="memberState">ZIMBABWE</organization>
              </akn4un:voters>
            </count>
            <count value="5" refersTo="against">
              <akn4un:voters>
                <organization refersTo="memberState">FRANCE</organization>
                <organization refersTo="memberState">ISRAEL</organization>
                <organization refersTo="memberState">RUSSIAN FEDERATION</organization>
                <organization refersTo="memberState">UNITED KINGDOM</organization>
                <organization refersTo="memberState">UNITED STATES</organization>
              </akn4un:voters>
            </count>
            <count value="30" refersTo="abstaining">
              <akn4un:voters>
                <organization refersTo="memberState">ALBANIA</organization>
                <organization refersTo="memberState">AUSTRALIA</organization>
                <organization refersTo="memberState">BOSNIA AND HERZEGOVINA</organization>
                <organization refersTo="memberState">BULGARIA</organization>
                <organization refersTo="memberState">CAMEROON</organization>
                <organization refersTo="memberState">CROATIA</organization>
                <organization refersTo="memberState">CZECHIA</organization>
                <organization refersTo="memberState">DENMARK</organization>
                <organization refersTo="memberState">ESTONIA</organization>
                <organization refersTo="memberState">GEORGIA</organization>
                <organization refersTo="memberState">GERMANY</organization>
                <organization refersTo="memberState">GREECE</organization>
                <organization refersTo="memberState">HUNGARY</organization>
                <organization refersTo="memberState">ICELAND</organization>
                <organization refersTo="memberState">ITALY</organization>
                <organization refersTo="memberState">LATVIA</organization>
                <organization refersTo="memberState">LITHUANIA</organization>
                <organization refersTo="memberState">LUXEMBOURG</organization>
                <organization refersTo="memberState">MONACO</organization>
                <organization refersTo="memberState">MONTENEGRO</organization>
                <organization refersTo="memberState">NORTH MACEDONIA</organization>
                <organization refersTo="memberState">NORWAY</organization>
                <organization refersTo="memberState">POLAND</organization>
                <organization refersTo="memberState">PORTUGAL</organization>
                <organization refersTo="memberState">REPUBLIC OF KOREA</organization>
                <organization refersTo="memberState">ROMANIA</organization>
                <organization refersTo="memberState">SLOVAKIA</organization>
                <organization refersTo="memberState">SPAIN</organization>
                <organization refersTo="memberState">TURKEY</organization>
                <organization refersTo="memberState">UKRAINE</organization>
              </akn4un:voters>
            </count>
          </voting>
        </parliamentary>
      </analysis>
      <references source="#DGACM">
        <TLCOrganization eId="source" href="/akn/ontology/organization/un/DGACM" showAs="DGACM"></TLCOrganization>
        <TLCConcept eId="dateOfIssuance" href="/akn/ontology/concept/un/dateOfIssuance" showAs="Date of issuance"></TLCConcept>
        <TLCConcept eId="dateOfAdoption" href="/akn/ontology/concept/un/dateOfAdoption" showAs="Date of adoption"></TLCConcept>
        <TLCConcept eId="symbol" href="/akn/ontology/reference/un/symbol" showAs="Symbol"></TLCConcept>
        <TLCRole eId="publisher" href="/akn/ontology/role/un/publisher" showAs="Publisher"></TLCRole>
        <TLCRole eId="issuingBody" href="/akn/role/concept/un/issuingBody" showAs="Issuing body"></TLCRole>
        <TLCRole eId="author" href="/akn/ontology/role/un/author" showAs="Author"></TLCRole>
        <TLCRole eId="editor" href="/akn/ontology/role/un/editor" showAs="Editor"></TLCRole>
        <TLCRole eId="distribution" href="/akn/ontology/concept/un/generalDistribution" showAs="General distribution"></TLCRole>
        <TLCOrganization eId="ga" href="/akn/ontology/organization/un/generalAssembly" showAs="General Assembly"></TLCOrganization>
        <TLCTerm eId="resolutionTitle" href="/akn/ontology/reference/un/resolutionTitle" showAs="Resolution title"></TLCTerm>
        <TLCTerm eId="firstCommittee" href="#firstCommittee" showAs="Primera Comisión"></TLCTerm>
        <TLCTerm eId="memberState" href="/akn/ontology/organization/un/memberState" showAs="Member State"></TLCTerm>
        <TLCTerm eId="inFavour" href="/akn/ontology/concept/un/voting/inFavour" showAs="In favour"></TLCTerm>
        <TLCTerm eId="against" href="/akn/ontology/concept/un/voting/against" showAs="Against"></TLCTerm>
        <TLCTerm eId="abstaining" href="/akn/ontology/concept/un/voting/abstaining" showAs="Abstaining"></TLCTerm>
      </references>
      <presentation source="#un">
        <akn4un:footerFirstPage>
          <akn4un:footerFirstPageLeft>
            <akn4un:internalCode>
              <docketNumber refersTo="#publicationJobNumber">19-21835 (S)</docketNumber>
              <img alt="bar code" class="barCode" src=""></img>
            </akn4un:internalCode>
          </akn4un:footerFirstPageLeft>
          <akn4un:footerFirstPageRight>
            <img alt="Please recycle" class="image" src="./recylcleLogo.jpg"></img>
            <img alt="embedded QR code" class="qrCode" src=""></img>
          </akn4un:footerFirstPageRight>
        </akn4un:footerFirstPage>
      </presentation>
    </meta>
    <coverPage eId="coverPage_1">
      <p>
        <span refersTo="#publisher" class="upperLeft">
          <docAuthority refersTo="#publisher">Naciones Unidas</docAuthority>
        </span>
      </p>
      <p class="upperRight">
        <docNumber refersTo="#symbol">A/RES/74/48</docNumber>
      </p>
      <p class="upperLeft">
        <img src="logo-un.jpg"></img>
        <docAuthority refersTo="#issuingBody" class="rightBig">Asamblea General</docAuthority>
      </p>
      <p>
        <docStatus refersTo="#generalDistribution" class="rightSmall">Distr. general</docStatus>
      </p>
      <p>
        <docDate date="2019-12-19" class="rightSmall" refersTo="#dateOfIssuance">19 de diciembre de 2019</docDate>
      </p>
      <p>
        <session refersTo="#generalAssembly" value="74" eId="coverPage_1__session_1">Septuagésimo cuarto período de sesiones</session>
      </p>
      <p>
        <inline name="agenda item">Tema 98 j) del programa</inline>
      </p>
      <p>
        <inline name="agenda item name">Desarme general y completo: hemisferio sur y áreas adyacentes libres de armas nucleares</inline>
      </p>
      <p>
        <docTitle>Resolución aprobada por la Asamblea General el 12 de diciembre de 2019</docTitle>
      </p>
      <p xml:space="preserve">
        <docProponent refersTo="#firstCommittee">[sobre la base del informe de la Primera Comisión (<inline name="originating document">A/74/368</inline>)]</docProponent>
      </p>
    </coverPage>
    <preface>
      <p>
        <docNumber>74/48.</docNumber>
        <docTitle refersTo="#resolutionTitle">Hemisferio sur y áreas adyacentes libres de armas nucleares</docTitle>
      </p>
    </preface>
    <preamble>
      <formula name="enactingFormula" eId="formula_1">
        <p xml:space="preserve">
          <span class="italic">La Asamblea General</span>,</p>
      </formula>
      <container name="Recordando " eId="container_2">
        <p xml:space="preserve">
          <span class="italic">Recordando </span>sus resoluciones <a href="https://undocs.org/sp/A/RES/51/45">51/45</a> B, de 10 de diciembre de 1996, <a href="https://undocs.org/sp/A/RES/52/38">52/38</a> N, de 9 de diciembre de 1997, <a href="https://undocs.org/sp/A/RES/53/77">53/77</a> Q, de 4 de diciembre de 1998, <a href="https://undocs.org/sp/A/RES/54/54">54/54</a> L, de 1 de diciembre de 1999, <a href="https://undocs.org/sp/A/RES/55/33">55/33</a> I, de 20 de noviembre de 2000, <a href="https://undocs.org/sp/A/RES/56/24">56/24</a> G, de 29 de noviembre de 2001, <a href="https://undocs.org/sp/A/RES/57/73">57/73</a>, de 22 de noviembre de 2002, <a href="https://undocs.org/sp/A/RES/58/49">58/49</a>, de 8 de diciembre de 2003, <a href="https://undocs.org/sp/A/RES/59/85">59/85</a>, de 3 de diciembre de 2004, <a href="https://undocs.org/sp/A/RES/60/58">60/58</a>, de 8 de diciembre de 2005, <a href="https://undocs.org/sp/A/RES/61/69">61/69</a>, de 6 de diciembre de 2006, <a href="https://undocs.org/sp/A/RES/62/35">62/35</a>, de 5 de diciembre de 2007, <a href="https://undocs.org/sp/A/RES/63/65">63/65</a>, de 2 de diciembre de 2008, <a href="https://undocs.org/sp/A/RES/64/44">64/44</a>, de 2 de diciembre de 2009, <a href="https://undocs.org/sp/A/RES/65/58">65/58</a>, de 8 de diciembre de 2010, <a href="https://undocs.org/sp/A/RES/67/55">67/55</a>, de 3 de diciembre de 2012, <a href="https://undocs.org/sp/A/RES/69/35">69/35</a>, de 2 de diciembre de 2014, <a href="https://undocs.org/sp/A/RES/70/45">70/45</a>, de 7 de diciembre de 2015, <a href="https://undocs.org/sp/A/RES/71/51">71/51</a>, de 5 de diciembre de 2016, y <a href="https://undocs.org/sp/A/RES/72/45">72/45</a>, de 4 de diciembre de 2017,</p>
      </container>
      <container name="Recordando también" eId="container_3">
        <p xml:space="preserve">
          <span class="italic">Recordando también</span> las disposiciones relativas a las zonas libres de armas nucleares que figuran en el Documento Final del Décimo Período Extraordinario de Sesiones de la Asamblea General, primer período extraordinario de sesiones dedicado al desarme<authorialNote marker="1" placement="bottom" eId="authorialNote_1"><p xml:space="preserve">	 	Resolución <a href="https://undocs.org/sp/A/RES/S-10/2">S-10/2</a>.</p></authorialNote>,</p>
      </container>
      <container name="Recordando además " eId="container_4">
        <p xml:space="preserve">
          <span class="italic">Recordando además </span>que la Comisión de Desarme, en su período de sesiones sustantivo de 1999, aprobó un texto titulado “Creación de zonas libres de armas nucleares conforme a arreglos libremente concertados entre los Estados de la región de que se trate”<authorialNote marker="2" placement="bottom" eId="authorialNote_2"><p xml:space="preserve"><span class="italic">Documentos Oficiales de la Asamblea General, quincuagésimo cuarto período de sesiones, suplemento núm. 42 </span>(<a href="https://undocs.org/sp/A/54/42">A/54/42</a>), anexo I.</p></authorialNote>,</p>
      </container>
      <container name="Decidida " eId="container_5">
        <p xml:space="preserve">
          <span class="italic">Decidida </span>a procurar la eliminación total de las armas nucleares,</p>
      </container>
      <container name="Decidida también " eId="container_6">
        <p xml:space="preserve">
          <span class="italic">Decidida también </span>a seguir contribuyendo a la prevención de la proliferación de las armas nucleares en todos sus aspectos y al proceso de desarme general y completo bajo un control internacional estricto y eficaz, en particular en materia de armas nucleares y otras armas de destrucción masiva, con miras a fortalecer la paz y la seguridad internacionales, de conformidad con los propósitos y principios de la Carta de las Naciones Unidas,</p>
      </container>
      <container name="Acogiendo con beneplácito " eId="container_7">
        <p xml:space="preserve">
          <span class="italic">Acogiendo con beneplácito </span>la aprobación, el 7 de julio de 2017, del Tratado sobre la Prohibición de las Armas Nucleares<authorialNote marker="3" placement="bottom" eId="authorialNote_3"><p xml:space="preserve"><a href="https://undocs.org/sp/A/CONF.229/2017/8">A/CONF.229/2017/8</a>.</p></authorialNote> y su reafirmación de la convicción de que la creación de zonas libres de armas nucleares reconocidas internacionalmente sobre la base de acuerdos suscritos libremente por los Estados de la región de que se trate promueve la paz y la seguridad mundiales y regionales, fortalece el régimen de no proliferación nuclear y contribuye a la consecución del objetivo del desarme nuclear,</p>
      </container>
      <container name="Recordando " eId="container_8">
        <p xml:space="preserve">
          <span class="italic">Recordando </span>el Documento Final de la Conferencia de las Partes de 2010 encargada del Examen del Tratado sobre la No Proliferación de las Armas Nucleares<authorialNote marker="4" placement="bottom" eId="authorialNote_4"><p xml:space="preserve"><span class="italic">Conferencia de las Partes de 2010 encargada del Examen del Tratado sobre la No Proliferación de las Armas Nucleares, Documento Final</span>, vols. I a III [<a href="https://undocs.org/sp/NPT/CONF.2010/50 (Vol. I)">NPT/CONF.2010/50 (Vol. I)</a>, <a href="https://undocs.org/sp/NPT/CONF.2010/50 (Vol. II)">NPT/CONF.2010/50 (Vol. II)</a> y <a href="https://undocs.org/sp/NPT/CONF.2010/50 (Vol. III)">NPT/CONF.2010/50 (Vol. III)</a>].</p></authorialNote>, en el que se reafirmó la convicción de que la creación de zonas libres de armas nucleares contribuye a la realización de los objetivos del desarme nuclear,</p>
      </container>
      <container name="Destacando " eId="container_9">
        <p xml:space="preserve">
          <span class="italic">Destacando </span>la importancia de los tratados de Tlatelolco<authorialNote marker="5" placement="bottom" eId="authorialNote_5"><p xml:space="preserve">	 	Naciones Unidas, <span class="italic">Treaty Series</span>, vol. 634, núm. 9068.</p></authorialNote>, Rarotonga<authorialNote marker="6" placement="bottom" eId="authorialNote_6"><p xml:space="preserve"><span class="italic">Anuario de las Naciones Unidas sobre Desarme</span>, vol. 10: 1985 (publicación de las Naciones Unidas, núm. de venta: S.86.IX.7), apéndice VII.</p></authorialNote>, Bangkok<authorialNote marker="7" placement="bottom" eId="authorialNote_7"><p xml:space="preserve">	 	Naciones Unidas, <span class="italic">Treaty Series</span>, vol. 1981, núm. 33873.</p></authorialNote> y Pelindaba<authorialNote marker="8" placement="bottom" eId="authorialNote_8"><p xml:space="preserve"><a href="https://undocs.org/sp/A/50/426">A/50/426</a>, anexo.</p></authorialNote>, que establecen zonas libres de armas nucleares, así como del Tratado Antártico<authorialNote marker="9" placement="bottom" eId="authorialNote_9"><p xml:space="preserve">	 	Naciones Unidas, <span class="italic">Treaty Series</span>, vol. 402, núm. 5778.</p></authorialNote>, a los fines de, entre otras cosas, alcanzar el objetivo de un mundo totalmente libre de armas nucleares,</p>
      </container>
      <container name="&#x9;Acogiendo con beneplácito " eId="container_10">
        <p xml:space="preserve">
          <span class="italic">	Acogiendo con beneplácito </span>los preparativos de la Cuarta Conferencia de las Zonas Libres de Armas Nucleares y Mongolia, que se celebrará en Nueva York el 24 de abril de 2020,</p>
      </container>
      <container name="Observando " eId="container_11">
        <p xml:space="preserve">
          <span class="italic">Observando </span>que actualmente 115 Estados son partes y signatarios de tratados sobre zonas libres de armas nucleares,</p>
      </container>
      <container name="Subrayando " eId="container_12">
        <p xml:space="preserve">
          <span class="italic">Subrayando </span>el valor de fomentar la cooperación entre los miembros de los tratados sobre zonas libres de armas nucleares mediante mecanismos tales como reuniones conjuntas de los Estados partes, signatarios y observadores de esos tratados y, a ese respecto, acogiendo con beneplácito el seminario sobre el fomento de la cooperación y la mejora de los mecanismos de consulta entre las zonas libres de armas nucleares existentes, que tuvo lugar en Kazajstán los días 28 y 29 de agosto de 2019, </p>
      </container>
      <container name="Reafirmando " eId="container_13">
        <p xml:space="preserve">
          <span class="italic">Reafirmando </span>los principios y las normas aplicables del derecho internacional referentes a la libertad de la alta mar y al derecho de paso por el espacio marítimo, incluidos los consagrados en la Convención de las Naciones Unidas sobre el Derecho del Mar<authorialNote marker="10" placement="bottom" eId="authorialNote_10"><p xml:space="preserve"><span class="italic">Ibid.</span>, vol. 1834, núm. 31363.</p></authorialNote>,</p>
      </container>
    </preamble>
    <mainBody>
      <paragraph eId="para_14" class="MercuryDocument">
        <num>	1.</num>
        <content eId="para_14__content">
          <p xml:space="preserve">
            <span class="italic">Reafirma su convicción </span>de que las zonas libres de armas nucleares cumplen una importante función en el fortalecimiento del régimen de no proliferación de dichas armas y en la extensión de las áreas del mundo libres de armas nucleares y pide que se logren más progresos hacia el objetivo de la eliminación total de todas las armas nucleares;</p>
        </content>
      </paragraph>
      <paragraph eId="para_15" class="MercuryDocument">
        <num>	2.</num>
        <content eId="para_15__content">
          <p xml:space="preserve">
            <span class="italic">Acoge con beneplácito </span>que el Tratado Antártico<sup>9</sup> y los tratados de Tlatelolco<sup>5</sup>, Rarotonga<sup>6</sup>, Bangkok<sup>7</sup> y Pelindaba<sup>8</sup> sigan contribuyendo a liberar de armas nucleares el hemisferio sur y las áreas adyacentes a que se refieren esos tratados;</p>
        </content>
      </paragraph>
      <paragraph eId="para_16" class="MercuryDocument">
        <num>	3.</num>
        <content eId="para_16__content">
          <p xml:space="preserve">
            <span class="italic">Observa con satisfacción </span>que ya están en vigor todas las zonas libres de armas nucleares del hemisferio sur y áreas adyacentes;</p>
        </content>
      </paragraph>
      <paragraph eId="para_17" class="MercuryDocument">
        <num>	4.</num>
        <content eId="para_17__content">
          <p xml:space="preserve">
            <span class="italic">Exhorta </span>a todos los Estados interesados a continuar actuando de consuno a fin de facilitar que todos los Estados pertinentes que aún no lo hayan hecho se adhieran a los protocolos de los tratados sobre zonas libres de armas nucleares, en este sentido acoge con beneplácito la ratificación por China, la Federación de Rusia, Francia y el Reino Unido de Gran Bretaña e Irlanda del Norte del Protocolo del Tratado sobre una Zona Libre de Armas Nucleares en Asia Central y las medidas adoptadas por los Estados Unidos de América encaminadas a la ratificación de los protocolos del Tratado sobre una Zona Libre de Armas Nucleares en Asia Central, el Tratado de Pelindaba y el Tratado de Rarotonga, y alienta los progresos con miras a concluir las consultas entre los Estados poseedores de armas nucleares y las partes en el Tratado de Bangkok acerca del Protocolo de ese Tratado;</p>
        </content>
      </paragraph>
      <paragraph eId="para_18" class="MercuryDocument">
        <num>	5.</num>
        <content eId="para_18__content">
          <p xml:space="preserve">
            <span class="italic">Exhorta </span>a los Estados poseedores de armas nucleares a retirar toda reserva o declaración interpretativa contraria al objeto y propósito de los tratados que establecen zonas libres de armas nucleares;</p>
        </content>
      </paragraph>
      <paragraph eId="para_19" class="MercuryDocument">
        <num>	6.</num>
        <content eId="para_19__content">
          <p xml:space="preserve">
            <span class="italic">Acoge con beneplácito </span>las medidas adoptadas para concertar nuevos tratados sobre zonas libres de armas nucleares conforme a arreglos libremente concertados entre los Estados de la región de que se trate, incluidas las tendentes a la creación de una zona libre de armas nucleares en Oriente Medio;</p>
        </content>
      </paragraph>
      <paragraph eId="para_20" class="MercuryDocument">
        <num>	7.</num>
        <content eId="para_20__content">
          <p xml:space="preserve">
            <span class="italic">Felicita </span>a los Estados partes y signatarios de los tratados de Tlatelolco, Rarotonga, Bangkok, Pelindaba y Asia Central y a Mongolia por los esfuerzos realizados para lograr los objetivos comunes previstos en tales tratados y promover la condición de zona libre de armas nucleares del hemisferio sur y las áreas adyacentes, y los exhorta a examinar y poner en práctica nuevos medios de cooperación entre ellos y los organismos creados en virtud de esos tratados;</p>
        </content>
      </paragraph>
      <paragraph eId="para_21" class="MercuryDocument">
        <num>	8.</num>
        <content eId="para_21__content">
          <p xml:space="preserve">
            <span class="italic">Alienta </span>los esfuerzos por afianzar la coordinación entre las zonas libres de armas nucleares;</p>
        </content>
      </paragraph>
      <paragraph eId="para_22" class="MercuryDocument">
        <num>	9.</num>
        <content eId="para_22__content">
          <p xml:space="preserve">
            <span class="italic">Alienta </span>a las autoridades competentes encargadas de los tratados sobre zonas libres de armas nucleares a prestar asistencia a los Estados partes y signatarios de esos tratados para facilitar el logro de los objetivos de los tratados;</p>
        </content>
      </paragraph>
      <paragraph eId="para_23" class="MercuryDocument">
        <num>	10.</num>
        <content eId="para_23__content">
          <p xml:space="preserve">
            <span class="italic">Decide </span>incluir en el programa provisional de su septuagésimo sexto período de sesiones, en relación con el tema titulado “Desarme general y completo”, el subtema titulado “Hemisferio sur y áreas adyacentes libres de armas nucleares”.</p>
        </content>
      </paragraph>
    </mainBody>
    <conclusions eId="conclusions">
      <p>
        <inline name="adoptionMeeting" title="46a">46a sesión plenaria</inline>
        <eol />
        <docDate date="2019-12-12" refersTo="#adoptionDate">12 de diciembre de 2019</docDate>
      </p>
    </conclusions>
  </statement>
</akomaNtoso>