<akomaNtoso xmlns:xsi="http://www.w3.org/2001/XMLSchema-instance" xsi:schemaLocation="http://docs.oasis-open.org/legaldocml/ns/akn/3.0 http://docs.oasis-open.org/legaldocml/akn-core/v1.0/os/part2-specs/schemas/akomantoso30.xsd" xmlns="http://docs.oasis-open.org/legaldocml/ns/akn/3.0" xmlns:html="http://www.w3.org/1999/xhtml" xmlns:akn4un="http://un.org/akn4un">
  <statement name="resolution">
    <meta>
      <identification source="#DGACM">
        <FRBRWork>
          <FRBRthis value="/akn/un/statement/deliberation/unga/2019-12-12/74-59/!main/"></FRBRthis>
          <FRBRuri value="/akn/un/statement/deliberation/unga/2019-12-12/74-59/"></FRBRuri>
          <FRBRdate date="2019-12-12" name="adoption"></FRBRdate>
          <FRBRauthor href="ga" as="author"></FRBRauthor>
          <FRBRcountry value="un"></FRBRcountry>
        </FRBRWork>
        <FRBRExpression>
          <FRBRthis value="/akn/un/statement/deliberation/unga/2019-12-12/74-59/spa@!main/"></FRBRthis>
          <FRBRuri value="/akn/un/statement/deliberation/unga/2019-12-12/74-59/spa@/"></FRBRuri>
          <FRBRdate date="2019-12-20" name="publication"></FRBRdate>
          <FRBRauthor href="ga" as="issuer"></FRBRauthor>
          <FRBRlanguage language="spa"></FRBRlanguage>
        </FRBRExpression>
        <FRBRManifestation>
          <FRBRthis value="/akn/un/statement/deliberation/unga/2019-12-12/74-59/spa@/!main.xml"></FRBRthis>
          <FRBRuri value="/akn/un/statement/deliberation/unga/2019-12-12/74-59/spa@.xml"></FRBRuri>
          <FRBRdate date="2020-08-17" name="markup"></FRBRdate>
          <FRBRauthor href="DGACM" as="editor"></FRBRauthor>
        </FRBRManifestation>
      </identification>
      <classification source="http://metadata.un.org/sdg">
        <keyword value="10" href="http://metadata.un.org/sdg/10" showAs="sdg_10" dictionary="SDGO"></keyword>
        <keyword value="social_inequality" href="http://eurovoc.europa.eu/1420" showAs="social_inequality" dictionary="EuroVoc"></keyword>
        <keyword value="equality" href="http://metadata.un.org/thesaurus/1002102" showAs="equality" dictionary="UNBIS Thesaurus"></keyword>
      </classification>
      <classification source="http://metadata.un.org/sdg">
        <keyword value="16" href="http://metadata.un.org/sdg/16" showAs="sdg_16" dictionary="SDGO"></keyword>
        <keyword value="right_to_justice" href="http://eurovoc.europa.eu/516" showAs="right_to_justice" dictionary="EuroVoc"></keyword>
        <keyword value="sustainable_development" href="http://eurovoc.europa.eu/5585" showAs="sustainable_development" dictionary="EuroVoc"></keyword>
        <keyword value="civil_society" href="http://metadata.un.org/thesaurus/1001012" showAs="civil_society" dictionary="UNBIS Thesaurus"></keyword>
        <keyword value="justice" href="http://metadata.un.org/thesaurus/1003500" showAs="justice" dictionary="UNBIS Thesaurus"></keyword>
        <keyword value="peaceful_coexistence" href="http://metadata.un.org/thesaurus/1004777" showAs="peaceful_coexistence" dictionary="UNBIS Thesaurus"></keyword>
        <keyword value="public_institutions" href="http://metadata.un.org/thesaurus/1005254" showAs="public_institutions" dictionary="UNBIS Thesaurus"></keyword>
        <keyword value="social_justice" href="http://metadata.un.org/thesaurus/1005970" showAs="social_justice" dictionary="UNBIS Thesaurus"></keyword>
        <keyword value="sustainable_development" href="http://metadata.un.org/thesaurus/1006319" showAs="sustainable_development" dictionary="UNBIS Thesaurus"></keyword>
      </classification>
      <workflow source="#un">
        <step date="2019-10-21" outcome="draftResolution" as="A/C.1/74/L.40" by="Algeria, Angola, Bahamas, Côte d'Ivoire, Cuba, Egypt, Guatemala, Iraq, Lao People's Democratic Republic, Malawi, Malaysia, Nepal, Peru, Philippines, Samoa, Thailand and Viet Nam" />
        <step date="0001-01-01" outcome="draftResolutionAdditionalSponsors" by="Bangladesh, Belize, Benin, Brunei Darussalam, Burkina Faso, Cambodia, Chile, Costa Rica, Ecuador, Fiji, Guinea-Bissau, Honduras, Indonesia, Iran (Islamic Republic of), Jamaica, Lebanon, Libya, Madagascar, Maldives, Mexico, Morocco, Myanmar, Namibia, Nicaragua, Nigeria, Panama, Papua New Guinea, Singapore, Sri Lanka, Tunisia, Uruguay and Venezuela (Bolivarian Republic of) (A74/368)" />
        <step date="0001-01-01" outcome="recommendedForAdoption" as="A/74/368" by="" refersTo="89" />
        <step date="2019-12-12" outcome="adopted" as="A/74/PV.46" by="" />
      </workflow>
      <analysis source="#un">
        <parliamentary>
          <voting outcome="adoptedRecordedVote">
            <count value="138" refersTo="inFavour">
              <akn4un:voters>
                <organization refersTo="memberState">AFGHANISTAN</organization>
                <organization refersTo="memberState">ALGERIA</organization>
                <organization refersTo="memberState">ANDORRA</organization>
                <organization refersTo="memberState">ANGOLA</organization>
                <organization refersTo="memberState">ANTIGUA AND BARBUDA</organization>
                <organization refersTo="memberState">ARGENTINA</organization>
                <organization refersTo="memberState">AUSTRIA</organization>
                <organization refersTo="memberState">AZERBAIJAN</organization>
                <organization refersTo="memberState">BAHAMAS</organization>
                <organization refersTo="memberState">BAHRAIN</organization>
                <organization refersTo="memberState">BANGLADESH</organization>
                <organization refersTo="memberState">BARBADOS</organization>
                <organization refersTo="memberState">BELIZE</organization>
                <organization refersTo="memberState">BENIN</organization>
                <organization refersTo="memberState">BHUTAN</organization>
                <organization refersTo="memberState">BOLIVIA (PLURINATIONAL STATE OF)</organization>
                <organization refersTo="memberState">BOTSWANA</organization>
                <organization refersTo="memberState">BRAZIL</organization>
                <organization refersTo="memberState">BRUNEI DARUSSALAM</organization>
                <organization refersTo="memberState">BURKINA FASO</organization>
                <organization refersTo="memberState">BURUNDI</organization>
                <organization refersTo="memberState">CABO VERDE</organization>
                <organization refersTo="memberState">CAMBODIA</organization>
                <organization refersTo="memberState">CAMEROON</organization>
                <organization refersTo="memberState">CENTRAL AFRICAN REPUBLIC</organization>
                <organization refersTo="memberState">CHAD</organization>
                <organization refersTo="memberState">CHILE</organization>
                <organization refersTo="memberState">CHINA</organization>
                <organization refersTo="memberState">COLOMBIA</organization>
                <organization refersTo="memberState">COMOROS</organization>
                <organization refersTo="memberState">CONGO</organization>
                <organization refersTo="memberState">COSTA RICA</organization>
                <organization refersTo="memberState">COTE D'IVOIRE</organization>
                <organization refersTo="memberState">CUBA</organization>
                <organization refersTo="memberState">CYPRUS</organization>
                <organization refersTo="memberState">DEMOCRATIC REPUBLIC OF THE CONGO</organization>
                <organization refersTo="memberState">DJIBOUTI</organization>
                <organization refersTo="memberState">DOMINICAN REPUBLIC</organization>
                <organization refersTo="memberState">ECUADOR</organization>
                <organization refersTo="memberState">EGYPT</organization>
                <organization refersTo="memberState">EL SALVADOR</organization>
                <organization refersTo="memberState">ERITREA</organization>
                <organization refersTo="memberState">ESWATINI</organization>
                <organization refersTo="memberState">ETHIOPIA</organization>
                <organization refersTo="memberState">FIJI</organization>
                <organization refersTo="memberState">GABON</organization>
                <organization refersTo="memberState">GAMBIA</organization>
                <organization refersTo="memberState">GHANA</organization>
                <organization refersTo="memberState">GRENADA</organization>
                <organization refersTo="memberState">GUATEMALA</organization>
                <organization refersTo="memberState">GUINEA-BISSAU</organization>
                <organization refersTo="memberState">GUYANA</organization>
                <organization refersTo="memberState">HONDURAS</organization>
                <organization refersTo="memberState">INDONESIA</organization>
                <organization refersTo="memberState">IRAN (ISLAMIC REPUBLIC OF)</organization>
                <organization refersTo="memberState">IRAQ</organization>
                <organization refersTo="memberState">IRELAND</organization>
                <organization refersTo="memberState">JAMAICA</organization>
                <organization refersTo="memberState">JORDAN</organization>
                <organization refersTo="memberState">KAZAKHSTAN</organization>
                <organization refersTo="memberState">KENYA</organization>
                <organization refersTo="memberState">KIRIBATI</organization>
                <organization refersTo="memberState">KUWAIT</organization>
                <organization refersTo="memberState">KYRGYZSTAN</organization>
                <organization refersTo="memberState">LAO PEOPLE'S DEMOCRATIC REPUBLIC</organization>
                <organization refersTo="memberState">LEBANON</organization>
                <organization refersTo="memberState">LESOTHO</organization>
                <organization refersTo="memberState">LIBYA</organization>
                <organization refersTo="memberState">LIECHTENSTEIN</organization>
                <organization refersTo="memberState">MADAGASCAR</organization>
                <organization refersTo="memberState">MALAWI</organization>
                <organization refersTo="memberState">MALAYSIA</organization>
                <organization refersTo="memberState">MALDIVES</organization>
                <organization refersTo="memberState">MALI</organization>
                <organization refersTo="memberState">MALTA</organization>
                <organization refersTo="memberState">MAURITANIA</organization>
                <organization refersTo="memberState">MAURITIUS</organization>
                <organization refersTo="memberState">MEXICO</organization>
                <organization refersTo="memberState">MONGOLIA</organization>
                <organization refersTo="memberState">MOROCCO</organization>
                <organization refersTo="memberState">MOZAMBIQUE</organization>
                <organization refersTo="memberState">MYANMAR</organization>
                <organization refersTo="memberState">NAMIBIA</organization>
                <organization refersTo="memberState">NEPAL</organization>
                <organization refersTo="memberState">NEW ZEALAND</organization>
                <organization refersTo="memberState">NICARAGUA</organization>
                <organization refersTo="memberState">NIGER</organization>
                <organization refersTo="memberState">NIGERIA</organization>
                <organization refersTo="memberState">OMAN</organization>
                <organization refersTo="memberState">PAKISTAN</organization>
                <organization refersTo="memberState">PALAU</organization>
                <organization refersTo="memberState">PANAMA</organization>
                <organization refersTo="memberState">PARAGUAY</organization>
                <organization refersTo="memberState">PERU</organization>
                <organization refersTo="memberState">PHILIPPINES</organization>
                <organization refersTo="memberState">QATAR</organization>
                <organization refersTo="memberState">REPUBLIC OF MOLDOVA</organization>
                <organization refersTo="memberState">RWANDA</organization>
                <organization refersTo="memberState">SAINT KITTS AND NEVIS</organization>
                <organization refersTo="memberState">SAINT LUCIA</organization>
                <organization refersTo="memberState">SAINT VINCENT AND THE GRENADINES</organization>
                <organization refersTo="memberState">SAMOA</organization>
                <organization refersTo="memberState">SAN MARINO</organization>
                <organization refersTo="memberState">SAO TOME AND PRINCIPE</organization>
                <organization refersTo="memberState">SAUDI ARABIA</organization>
                <organization refersTo="memberState">SENEGAL</organization>
                <organization refersTo="memberState">SEYCHELLES</organization>
                <organization refersTo="memberState">SIERRA LEONE</organization>
                <organization refersTo="memberState">SINGAPORE</organization>
                <organization refersTo="memberState">SOLOMON ISLANDS</organization>
                <organization refersTo="memberState">SOUTH AFRICA</organization>
                <organization refersTo="memberState">SOUTH SUDAN</organization>
                <organization refersTo="memberState">SRI LANKA</organization>
                <organization refersTo="memberState">SUDAN</organization>
                <organization refersTo="memberState">SURINAME</organization>
                <organization refersTo="memberState">SWEDEN</organization>
                <organization refersTo="memberState">SWITZERLAND</organization>
                <organization refersTo="memberState">SYRIAN ARAB REPUBLIC</organization>
                <organization refersTo="memberState">TAJIKISTAN</organization>
                <organization refersTo="memberState">THAILAND</organization>
                <organization refersTo="memberState">TIMOR-LESTE</organization>
                <organization refersTo="memberState">TOGO</organization>
                <organization refersTo="memberState">TONGA</organization>
                <organization refersTo="memberState">TRINIDAD AND TOBAGO</organization>
                <organization refersTo="memberState">TUNISIA</organization>
                <organization refersTo="memberState">TURKMENISTAN</organization>
                <organization refersTo="memberState">TUVALU</organization>
                <organization refersTo="memberState">UGANDA</organization>
                <organization refersTo="memberState">UNITED ARAB EMIRATES</organization>
                <organization refersTo="memberState">UNITED REPUBLIC OF TANZANIA</organization>
                <organization refersTo="memberState">URUGUAY</organization>
                <organization refersTo="memberState">UZBEKISTAN</organization>
                <organization refersTo="memberState">VANUATU</organization>
                <organization refersTo="memberState">VENEZUELA (BOLIVARIAN REPUBLIC OF)</organization>
                <organization refersTo="memberState">VIET NAM</organization>
                <organization refersTo="memberState">YEMEN</organization>
                <organization refersTo="memberState">ZAMBIA</organization>
                <organization refersTo="memberState">ZIMBABWE</organization>
              </akn4un:voters>
            </count>
            <count value="33" refersTo="against">
              <akn4un:voters>
                <organization refersTo="memberState">ALBANIA</organization>
                <organization refersTo="memberState">AUSTRALIA</organization>
                <organization refersTo="memberState">BELGIUM</organization>
                <organization refersTo="memberState">BULGARIA</organization>
                <organization refersTo="memberState">CROATIA</organization>
                <organization refersTo="memberState">CZECHIA</organization>
                <organization refersTo="memberState">DENMARK</organization>
                <organization refersTo="memberState">ESTONIA</organization>
                <organization refersTo="memberState">FRANCE</organization>
                <organization refersTo="memberState">GERMANY</organization>
                <organization refersTo="memberState">GREECE</organization>
                <organization refersTo="memberState">HUNGARY</organization>
                <organization refersTo="memberState">ISRAEL</organization>
                <organization refersTo="memberState">ITALY</organization>
                <organization refersTo="memberState">LATVIA</organization>
                <organization refersTo="memberState">LITHUANIA</organization>
                <organization refersTo="memberState">LUXEMBOURG</organization>
                <organization refersTo="memberState">MONACO</organization>
                <organization refersTo="memberState">MONTENEGRO</organization>
                <organization refersTo="memberState">NETHERLANDS</organization>
                <organization refersTo="memberState">NORTH MACEDONIA</organization>
                <organization refersTo="memberState">NORWAY</organization>
                <organization refersTo="memberState">POLAND</organization>
                <organization refersTo="memberState">PORTUGAL</organization>
                <organization refersTo="memberState">REPUBLIC OF KOREA</organization>
                <organization refersTo="memberState">ROMANIA</organization>
                <organization refersTo="memberState">RUSSIAN FEDERATION</organization>
                <organization refersTo="memberState">SLOVAKIA</organization>
                <organization refersTo="memberState">SLOVENIA</organization>
                <organization refersTo="memberState">SPAIN</organization>
                <organization refersTo="memberState">TURKEY</organization>
                <organization refersTo="memberState">UNITED KINGDOM</organization>
                <organization refersTo="memberState">UNITED STATES</organization>
              </akn4un:voters>
            </count>
            <count value="15" refersTo="abstaining">
              <akn4un:voters>
                <organization refersTo="memberState">ARMENIA</organization>
                <organization refersTo="memberState">BELARUS</organization>
                <organization refersTo="memberState">BOSNIA AND HERZEGOVINA</organization>
                <organization refersTo="memberState">CANADA</organization>
                <organization refersTo="memberState">DEMOCRATIC PEOPLE'S REPUBLIC OF KOREA</organization>
                <organization refersTo="memberState">FINLAND</organization>
                <organization refersTo="memberState">GEORGIA</organization>
                <organization refersTo="memberState">ICELAND</organization>
                <organization refersTo="memberState">INDIA</organization>
                <organization refersTo="memberState">JAPAN</organization>
                <organization refersTo="memberState">LIBERIA</organization>
                <organization refersTo="memberState">MARSHALL ISLANDS</organization>
                <organization refersTo="memberState">MICRONESIA (FEDERATED STATES OF)</organization>
                <organization refersTo="memberState">SERBIA</organization>
                <organization refersTo="memberState">UKRAINE</organization>
              </akn4un:voters>
            </count>
          </voting>
        </parliamentary>
      </analysis>
      <references source="#DGACM">
        <TLCOrganization eId="source" href="/akn/ontology/organization/un/DGACM" showAs="DGACM"></TLCOrganization>
        <TLCConcept eId="dateOfIssuance" href="/akn/ontology/concept/un/dateOfIssuance" showAs="Date of issuance"></TLCConcept>
        <TLCConcept eId="dateOfAdoption" href="/akn/ontology/concept/un/dateOfAdoption" showAs="Date of adoption"></TLCConcept>
        <TLCConcept eId="symbol" href="/akn/ontology/reference/un/symbol" showAs="Symbol"></TLCConcept>
        <TLCRole eId="publisher" href="/akn/ontology/role/un/publisher" showAs="Publisher"></TLCRole>
        <TLCRole eId="issuingBody" href="/akn/role/concept/un/issuingBody" showAs="Issuing body"></TLCRole>
        <TLCRole eId="author" href="/akn/ontology/role/un/author" showAs="Author"></TLCRole>
        <TLCRole eId="editor" href="/akn/ontology/role/un/editor" showAs="Editor"></TLCRole>
        <TLCRole eId="distribution" href="/akn/ontology/concept/un/generalDistribution" showAs="General distribution"></TLCRole>
        <TLCOrganization eId="ga" href="/akn/ontology/organization/un/generalAssembly" showAs="General Assembly"></TLCOrganization>
        <TLCTerm eId="resolutionTitle" href="/akn/ontology/reference/un/resolutionTitle" showAs="Resolution title"></TLCTerm>
        <TLCTerm eId="firstCommittee" href="#firstCommittee" showAs="Primera Comisión"></TLCTerm>
        <TLCTerm eId="memberState" href="/akn/ontology/organization/un/memberState" showAs="Member State"></TLCTerm>
        <TLCTerm eId="inFavour" href="/akn/ontology/concept/un/voting/inFavour" showAs="In favour"></TLCTerm>
        <TLCTerm eId="against" href="/akn/ontology/concept/un/voting/against" showAs="Against"></TLCTerm>
        <TLCTerm eId="abstaining" href="/akn/ontology/concept/un/voting/abstaining" showAs="Abstaining"></TLCTerm>
      </references>
      <presentation source="#un">
        <akn4un:footerFirstPage>
          <akn4un:footerFirstPageLeft>
            <akn4un:internalCode>
              <docketNumber refersTo="#publicationJobNumber">19-21851 (S)</docketNumber>
              <img alt="bar code" class="barCode" src=""></img>
            </akn4un:internalCode>
          </akn4un:footerFirstPageLeft>
          <akn4un:footerFirstPageRight>
            <img alt="Please recycle" class="image" src="./recylcleLogo.jpg"></img>
            <img alt="embedded QR code" class="qrCode" src=""></img>
          </akn4un:footerFirstPageRight>
        </akn4un:footerFirstPage>
      </presentation>
    </meta>
    <coverPage eId="coverPage_1">
      <p>
        <span refersTo="#publisher" class="upperLeft">
          <docAuthority refersTo="#publisher">Naciones Unidas</docAuthority>
        </span>
      </p>
      <p class="upperRight">
        <docNumber refersTo="#symbol">A/RES/74/59</docNumber>
      </p>
      <p class="upperLeft">
        <img src="logo-un.jpg"></img>
        <docAuthority refersTo="#issuingBody" class="rightBig">Asamblea General</docAuthority>
      </p>
      <p>
        <docStatus refersTo="#generalDistribution" class="rightSmall">Distr. general</docStatus>
      </p>
      <p>
        <docDate date="2019-12-20" class="rightSmall" refersTo="#dateOfIssuance">20 de diciembre de 2019</docDate>
      </p>
      <p>
        <session refersTo="#generalAssembly" value="74" eId="coverPage_1__session_1">Septuagésimo cuarto período de sesiones</session>
      </p>
      <p>
        <inline name="agenda item">Tema 98 l) del programa</inline>
      </p>
      <p>
        <inline name="agenda item name">Desarme general y completo: seguimiento de la opinión consultiva de la Corte Internacional de Justicia sobre la legalidad de la amenaza o el empleo de armas nucleares</inline>
      </p>
      <p>
        <docTitle>Resolución aprobada por la Asamblea General el 12 de diciembre de 2019</docTitle>
      </p>
      <p xml:space="preserve">
        <docProponent refersTo="#firstCommittee">[sobre la base del informe de la Primera Comisión (<inline name="originating document">A/74/368</inline>)]</docProponent>
      </p>
    </coverPage>
    <preface>
      <p>
        <docNumber>74/59.</docNumber>
        <docTitle refersTo="#resolutionTitle">Seguimiento de la opinión consultiva de la Corte Internacional  de Justicia sobre la legalidad de la amenaza o el empleo  de armas nucleares</docTitle>
      </p>
    </preface>
    <preamble>
      <formula name="enactingFormula" eId="formula_1">
        <p xml:space="preserve">
          <span class="italic">La Asamblea General</span>,</p>
      </formula>
      <container name="Recordando" eId="container_2">
        <p xml:space="preserve">
          <span class="italic">Recordando</span> sus resoluciones <a href="https://undocs.org/sp/A/RES/49/75">49/75</a> K, de 15 de diciembre de 1994, <a href="https://undocs.org/sp/A/RES/51/45">51/45</a> M, de 10 de diciembre de 1996, <a href="https://undocs.org/sp/A/RES/52/38">52/38</a> O, de 9 de diciembre de 1997, <a href="https://undocs.org/sp/A/RES/53/77">53/77</a> W, de 4 de diciembre de 1998, <a href="https://undocs.org/sp/A/RES/54/54">54/54</a> Q, de 1 de diciembre de 1999, <a href="https://undocs.org/sp/A/RES/55/33">55/33</a> X, de 20 de noviembre de 2000, <a href="https://undocs.org/sp/A/RES/56/24">56/24</a> S, de 29 de noviembre de 2001, <a href="https://undocs.org/sp/A/RES/57/85">57/85</a>, de 22 de noviembre de 2002, <a href="https://undocs.org/sp/A/RES/58/46">58/46</a>, de 8 de diciembre de 2003, <a href="https://undocs.org/sp/A/RES/59/83">59/83</a>, de 3 de diciembre de 2004, <a href="https://undocs.org/sp/A/RES/60/76">60/76</a>, de 8 de diciembre de 2005, <a href="https://undocs.org/sp/A/RES/61/83">61/83</a>, de 6 de diciembre de 2006, <a href="https://undocs.org/sp/A/RES/62/39">62/39</a>, de 5 de diciembre de 2007, <a href="https://undocs.org/sp/A/RES/63/49">63/49</a>, de 2 de diciembre de 2008, <a href="https://undocs.org/sp/A/RES/64/55">64/55</a>, de 2 de diciembre de 2009, <a href="https://undocs.org/sp/A/RES/65/76">65/76</a>, de 8 de diciembre de 2010, <a href="https://undocs.org/sp/A/RES/66/46">66/46</a>, de 2 de diciembre de 2011, <a href="https://undocs.org/sp/A/RES/67/33">67/33</a>, de 3 de diciembre de 2012, <a href="https://undocs.org/sp/A/RES/68/42">68/42</a>, de 5 de diciembre de 2013, <a href="https://undocs.org/sp/A/RES/69/43">69/43</a>, de 2 de diciembre de 2014, <a href="https://undocs.org/sp/A/RES/70/56">70/56</a>, de 7 de diciembre de 2015, <a href="https://undocs.org/sp/A/RES/71/58">71/58</a>, de 5 de diciembre de 2016, <a href="https://undocs.org/sp/A/RES/72/58">72/58</a>, de 4 de diciembre de 2017, y <a href="https://undocs.org/sp/A/RES/73/64">73/64</a>, de 5 de diciembre de 2018,</p>
      </container>
      <container name="Convencida" eId="container_3">
        <p xml:space="preserve">
          <span class="italic">Convencida</span> de que el hecho de que sigan existiendo armas nucleares representa una amenaza para la humanidad y todas las formas de vida en la Tierra y reconociendo que la única defensa contra una catástrofe nuclear es la eliminación total de las armas nucleares y la certeza de que no se volverán a fabricar jamás,</p>
      </container>
      <container name="Reafirmando" eId="container_4">
        <p xml:space="preserve">
          <span class="italic">Reafirmando</span> la determinación de la comunidad internacional de alcanzar el objetivo de un mundo libre de armas nucleares mediante la eliminación total de esas armas,</p>
      </container>
      <container name="Teniendo presentes" eId="container_5">
        <p xml:space="preserve">
          <span class="italic">Teniendo presentes</span> las obligaciones solemnes que han contraído los Estados partes, en particular en virtud del artículo VI del Tratado sobre la No Proliferación de las Armas Nucleares<authorialNote marker="1" placement="bottom" eId="authorialNote_1"><p xml:space="preserve">	 	Naciones Unidas, <span class="italic">Treaty Series</span>, vol. 729, núm. 10485.</p></authorialNote>, de celebrar negociaciones de buena fe sobre medidas eficaces relativas a la cesación de la carrera de armamentos nucleares en fecha cercana y al desarme nuclear,</p>
      </container>
      <container name="Recordando" eId="container_6">
        <p xml:space="preserve">
          <span class="italic">Recordando</span> los principios y objetivos para la no proliferación de las armas nucleares y el desarme nuclear, aprobados en la Conferencia de 1995 de las Partes encargada del Examen y la Prórroga del Tratado sobre la No Proliferación de las Armas Nucleares<authorialNote marker="2" placement="bottom" eId="authorialNote_2"><p xml:space="preserve"><span class="italic">Conferencia de 1995 de las Partes encargada del Examen y la Prórroga del Tratado sobre la No Proliferación de las Armas Nucleares, Documento Final, Primera parte</span> [<a href="https://undocs.org/sp/NPT/CONF.1995/32 (Part I)">NPT/CONF.1995/32 (Part I)</a>], anexo, decisión 2.</p></authorialNote>, el compromiso inequívoco de los Estados poseedores de armas nucleares de que eliminarán totalmente sus arsenales nucleares con miras a lograr el desarme nuclear, compromiso contraído en la Conferencia de las Partes del Año 2000 encargada del Examen del Tratado sobre la No Proliferación de las Armas Nucleares<authorialNote marker="3" placement="bottom" eId="authorialNote_3"><p xml:space="preserve">	 	Véase <span class="italic">Conferencia de las Partes del Año 2000 encargada del Examen del Tratado sobre la No Proliferación de las Armas Nucleares, Documento Final</span>, vol. I [<a href="https://undocs.org/sp/NPT/CONF.2000/28 (Parts I and II)">NPT/CONF.2000/28 (Parts I and II)</a> y <a href="https://undocs.org/sp/NPT/CONF.2000/28 (Parts I and II)/Corr.1">NPT/CONF.2000/28 (Parts I and II)/Corr.1]</a>, primera parte, sección titulada “Artículo VI y párrafos octavo a duodécimo del preámbulo”, párr. 15.</p></authorialNote>, y las medidas convenidas en la Conferencia de las Partes de 2010 encargada del Examen del Tratado sobre la No Proliferación de las Armas Nucleares como parte de las conclusiones y recomendaciones sobre medidas de seguimiento relativas al desarme nuclear<authorialNote marker="4" placement="bottom" eId="authorialNote_4"><p xml:space="preserve">	 	Véase<span class="italic"> Conferencia de las Partes de 2010 encargada del Examen del Tratado sobre la No Proliferación de las Armas Nucleares, Documento Final</span>, vol. I [<a href="https://undocs.org/sp/NPT/CONF.2010/50 (Vol. I)">NPT/CONF.2010/50 (Vol. I)</a>], primera parte.</p></authorialNote>, </p>
      </container>
      <container name="Compartiendo la profunda preocupación" eId="container_7">
        <p xml:space="preserve">
          <span class="italic">Compartiendo la profunda preocupación</span> que suscitan las catastróficas consecuencias humanitarias de cualquier utilización de las armas nucleares y, en este contexto, reafirmando la necesidad de que todos los Estados observen en todo momento las normas aplicables del derecho internacional, incluido el derecho internacional humanitario,</p>
      </container>
      <container name="Exhortando" eId="container_8">
        <p xml:space="preserve">
          <span class="italic">Exhortando</span> a todos los Estados poseedores de armas nucleares a que emprendan iniciativas de desarme concretas y destacando que todos los Estados deben poner especial empeño en lograr y mantener un mundo sin armas nucleares,</p>
      </container>
      <container name="Recordando" eId="container_9">
        <p xml:space="preserve">
          <span class="italic">Recordando</span> la propuesta de cinco puntos para el desarme nuclear formulada por el Secretario General, en la que, entre otras cosas, plantea que se considere la posibilidad de entablar negociaciones acerca de una convención sobre las armas nucleares o de acordar un marco de instrumentos independientes que se refuercen mutuamente, con el respaldo de un sólido sistema de verificación,</p>
      </container>
      <container name="Observando " eId="container_10">
        <p xml:space="preserve">
          <span class="italic">Observando </span>que se siguen desplegando esfuerzos para lograr el desarme nuclear, en particular mediante la agenda del Secretario General para el desarme, <span class="italic">Asegurar nuestro futuro común: una agenda para el desarme</span>,</p>
      </container>
      <container name="Recordando" eId="container_11">
        <p xml:space="preserve">
          <span class="italic">Recordando</span> que en su resolución <a href="https://undocs.org/sp/A/RES/50/245">50/245</a>, de 10 de septiembre de 1996, aprobó el Tratado de Prohibición Completa de los Ensayos Nucleares, y expresando su satisfacción por el número cada vez mayor de Estados que lo han firmado y ratificado,</p>
      </container>
      <container name="Reconociendo con satisfacción" eId="container_12">
        <p xml:space="preserve">
          <span class="italic">Reconociendo con satisfacción</span> que el Tratado Antártico<authorialNote marker="5" placement="bottom" eId="authorialNote_5"><p xml:space="preserve">	 	Naciones Unidas, <span class="italic">Treaty Series</span>, vol. 402, núm. 5778.</p></authorialNote>, los tratados de Tlatelolco<authorialNote marker="6" placement="bottom" eId="authorialNote_6"><p xml:space="preserve"><span class="italic">Ibid</span>., vol. 634, núm. 9068.</p></authorialNote>, Rarotonga<authorialNote marker="7" placement="bottom" eId="authorialNote_7"><p xml:space="preserve"><span class="italic">Anuario de las Naciones Unidas sobre Desarme</span>, vol. 10: 1985 (publicación de las Naciones Unidas, núm. de venta: S.86.IX.7), apéndice VII.</p></authorialNote>, Bangkok<authorialNote marker="8" placement="bottom" eId="authorialNote_8"><p xml:space="preserve">	 	Naciones Unidas, <span class="italic">Treaty Series</span>, vol. 1981, núm. 33873.</p></authorialNote> y Pelindaba<authorialNote marker="9" placement="bottom" eId="authorialNote_9"><p xml:space="preserve"><a href="https://undocs.org/sp/A/50/426">A/50/426</a>, anexo.</p></authorialNote> y el Tratado sobre una Zona Libre de Armas Nucleares en Asia Central, así como la condición de Estado libre de armas nucleares de Mongolia, están liberando gradualmente de armas nucleares todo el hemisferio sur y las áreas adyacentes a que se refieren esos tratados,</p>
      </container>
      <container name="Reconociendo" eId="container_13">
        <p xml:space="preserve">
          <span class="italic">Reconociendo</span> la necesidad de adoptar un instrumento negociado multilateralmente y jurídicamente vinculante que dé garantías a los Estados no poseedores de armas nucleares contra la amenaza o el empleo de esas armas, en espera de su eliminación total,</p>
      </container>
      <container name="Reafirmando" eId="container_14">
        <p xml:space="preserve">
          <span class="italic">Reafirmando</span> el papel fundamental de la Conferencia de Desarme como único foro multilateral para las negociaciones de desarme,</p>
      </container>
      <container name="Poniendo de relieve" eId="container_15">
        <p xml:space="preserve">
          <span class="italic">Poniendo de relieve</span> la necesidad de que la Conferencia de Desarme comience negociaciones sobre un programa escalonado para la eliminación completa de las armas nucleares según un calendario preestablecido,</p>
      </container>
      <container name="Destacando" eId="container_16">
        <p xml:space="preserve">
          <span class="italic">Destacando</span> la necesidad urgente de que los Estados poseedores de armas nucleares aceleren la realización de avances concretos en relación con las 13 medidas prácticas para la aplicación del artículo VI del Tratado sobre la No Proliferación de las Armas Nucleares encaminadas a lograr el desarme nuclear, que figuran en el Documento Final de la Conferencia de Examen de 2000, </p>
      </container>
      <container name="Recordando" eId="container_17">
        <p xml:space="preserve">
          <span class="italic">Recordando</span> la Convención Tipo sobre Armas Nucleares, presentada al Secretario General por Costa Rica y Malasia en 2007 y difundida por el Secretario General<authorialNote marker="10" placement="bottom" eId="authorialNote_10"><p xml:space="preserve"><a href="https://undocs.org/sp/A/62/650">A/62/650</a>, anexo.</p></authorialNote>, </p>
      </container>
      <container name="Acogiendo con beneplácito" eId="container_18">
        <p xml:space="preserve">
          <span class="italic">Acogiendo con beneplácito</span> la aprobación, el 7 de julio de 2017, del Tratado sobre la Prohibición de las Armas Nucleares<authorialNote marker="11" placement="bottom" eId="authorialNote_11"><p xml:space="preserve"><a href="https://undocs.org/sp/A/CONF.229/2017/8">A/CONF.229/2017/8</a>.</p></authorialNote>, que ha contribuido a alcanzar el objetivo de disponer de una prohibición jurídicamente vinculante del desarrollo, la producción, el ensayo, el despliegue, el almacenamiento, la amenaza o el empleo de armas nucleares y su destrucción bajo un control internacional eficaz,</p>
      </container>
      <container name="Recordando" eId="container_19">
        <p xml:space="preserve">
          <span class="italic">Recordando</span> la opinión consultiva de la Corte Internacional de Justicia sobre la legalidad de la amenaza o el empleo de armas nucleares, dada a conocer el 8 de julio de 1996<authorialNote marker="12" placement="bottom" eId="authorialNote_12"><p xml:space="preserve"><a href="https://undocs.org/sp/A/51/218">A/51/218</a>, anexo.</p></authorialNote>, </p>
      </container>
    </preamble>
    <mainBody>
      <paragraph eId="para_20" class="MercuryDocument">
        <num>	1.</num>
        <content eId="para_20__content">
          <p xml:space="preserve">
            <span class="italic">Subraya una vez más</span> la conclusión unánime de la Corte Internacional de Justicia de que existe la obligación de emprender de buena fe y concluir negociaciones encaminadas al desarme nuclear en todos sus aspectos, bajo un control internacional estricto y eficaz;</p>
        </content>
      </paragraph>
      <paragraph eId="para_21" class="MercuryDocument">
        <num>	2.</num>
        <content eId="para_21__content">
          <p xml:space="preserve">
            <span class="italic">Exhorta una vez más</span> a todos los Estados a que entablen inmediatamente negociaciones multilaterales que conduzcan al desarme nuclear en todos sus aspectos bajo un control internacional estricto y eficaz, entre otras cosas en virtud del Tratado sobre la Prohibición de las Armas Nucleares<sup>11</sup>;</p>
        </content>
      </paragraph>
      <paragraph eId="para_22" class="MercuryDocument">
        <num>	3.</num>
        <content eId="para_22__content">
          <p xml:space="preserve">
            <span class="italic">Solicita</span> a todos los Estados que informen al Secretario General de las iniciativas y las medidas que hayan tomado con respecto a la aplicación de la presente resolución y la realización del desarme nuclear y solicita al Secretario General que le transmita esa información en su septuagésimo quinto período de sesiones;</p>
        </content>
      </paragraph>
      <paragraph eId="para_23" class="MercuryDocument">
        <num>	4.</num>
        <content eId="para_23__content">
          <p xml:space="preserve">
            <span class="italic">Decide</span> incluir en el programa provisional de su septuagésimo quinto período de sesiones, en relación con el tema titulado “Desarme general y completo”, el subtema titulado “Seguimiento de la opinión consultiva de la Corte Internacional de Justicia sobre la legalidad de la amenaza o el empleo de armas nucleares”.</p>
        </content>
      </paragraph>
    </mainBody>
    <conclusions eId="conclusions">
      <p>
        <inline name="adoptionMeeting" title="46ª">46ª sesión plenaria</inline>
        <eol />
        <docDate date="2019-12-12" refersTo="#adoptionDate">12 de diciembre de 2019</docDate>
      </p>
    </conclusions>
  </statement>
</akomaNtoso>