<akomaNtoso xmlns:xsi="http://www.w3.org/2001/XMLSchema-instance" xsi:schemaLocation="http://docs.oasis-open.org/legaldocml/ns/akn/3.0 http://docs.oasis-open.org/legaldocml/akn-core/v1.0/os/part2-specs/schemas/akomantoso30.xsd" xmlns="http://docs.oasis-open.org/legaldocml/ns/akn/3.0" xmlns:html="http://www.w3.org/1999/xhtml" xmlns:akn4un="http://un.org/akn4un">
  <statement name="resolution">
    <meta>
      <identification source="#DGACM">
        <FRBRWork>
          <FRBRthis value="/akn/un/statement/deliberation/unga/2019-11-07/74-7/!main/"></FRBRthis>
          <FRBRuri value="/akn/un/statement/deliberation/unga/2019-11-07/74-7/"></FRBRuri>
          <FRBRdate date="2019-11-07" name="adoption"></FRBRdate>
          <FRBRauthor href="ga" as="author"></FRBRauthor>
          <FRBRcountry value="un"></FRBRcountry>
        </FRBRWork>
        <FRBRExpression>
          <FRBRthis value="/akn/un/statement/deliberation/unga/2019-11-07/74-7/spa@!main/"></FRBRthis>
          <FRBRuri value="/akn/un/statement/deliberation/unga/2019-11-07/74-7/spa@/"></FRBRuri>
          <FRBRdate date="2019-11-12" name="publication"></FRBRdate>
          <FRBRauthor href="ga" as="issuer"></FRBRauthor>
          <FRBRlanguage language="spa"></FRBRlanguage>
        </FRBRExpression>
        <FRBRManifestation>
          <FRBRthis value="/akn/un/statement/deliberation/unga/2019-11-07/74-7/spa@/!main.xml"></FRBRthis>
          <FRBRuri value="/akn/un/statement/deliberation/unga/2019-11-07/74-7/spa@.xml"></FRBRuri>
          <FRBRdate date="2020-08-17" name="markup"></FRBRdate>
          <FRBRauthor href="DGACM" as="editor"></FRBRauthor>
        </FRBRManifestation>
      </identification>
      <classification source="http://metadata.un.org/sdg">
        <keyword value="10" href="http://metadata.un.org/sdg/10" showAs="sdg_10" dictionary="SDGO"></keyword>
        <keyword value="social_inequality" href="http://eurovoc.europa.eu/1420" showAs="social_inequality" dictionary="EuroVoc"></keyword>
        <keyword value="equality" href="http://metadata.un.org/thesaurus/1002102" showAs="equality" dictionary="UNBIS Thesaurus"></keyword>
      </classification>
      <classification source="http://metadata.un.org/sdg">
        <keyword value="16" href="http://metadata.un.org/sdg/16" showAs="sdg_16" dictionary="SDGO"></keyword>
        <keyword value="right_to_justice" href="http://eurovoc.europa.eu/516" showAs="right_to_justice" dictionary="EuroVoc"></keyword>
        <keyword value="sustainable_development" href="http://eurovoc.europa.eu/5585" showAs="sustainable_development" dictionary="EuroVoc"></keyword>
        <keyword value="civil_society" href="http://metadata.un.org/thesaurus/1001012" showAs="civil_society" dictionary="UNBIS Thesaurus"></keyword>
        <keyword value="justice" href="http://metadata.un.org/thesaurus/1003500" showAs="justice" dictionary="UNBIS Thesaurus"></keyword>
        <keyword value="peaceful_coexistence" href="http://metadata.un.org/thesaurus/1004777" showAs="peaceful_coexistence" dictionary="UNBIS Thesaurus"></keyword>
        <keyword value="public_institutions" href="http://metadata.un.org/thesaurus/1005254" showAs="public_institutions" dictionary="UNBIS Thesaurus"></keyword>
        <keyword value="social_justice" href="http://metadata.un.org/thesaurus/1005970" showAs="social_justice" dictionary="UNBIS Thesaurus"></keyword>
        <keyword value="sustainable_development" href="http://metadata.un.org/thesaurus/1006319" showAs="sustainable_development" dictionary="UNBIS Thesaurus"></keyword>
      </classification>
      <workflow source="#un">
        <step date="2019-10-08" outcome="draftResolution" as="A/74/L.6" by="Cuba" />
        <step date="0001-01-01" outcome="draftResolutionAdditionalSponsors" by="" />
        <step date="0001-01-01" outcome="recommendedForAdoption" by="" />
        <step date="2019-11-07" outcome="adopted" as="A/74/PV.28" by="" />
      </workflow>
      <analysis source="#un">
        <parliamentary>
          <voting outcome="adoptedRecordedVote">
            <count value="187" refersTo="inFavour">
              <akn4un:voters>
                <organization refersTo="memberState">AFGHANISTAN</organization>
                <organization refersTo="memberState">ALBANIA</organization>
                <organization refersTo="memberState">ALGERIA</organization>
                <organization refersTo="memberState">ANDORRA</organization>
                <organization refersTo="memberState">ANGOLA</organization>
                <organization refersTo="memberState">ANTIGUA AND BARBUDA</organization>
                <organization refersTo="memberState">ARGENTINA</organization>
                <organization refersTo="memberState">ARMENIA</organization>
                <organization refersTo="memberState">AUSTRALIA</organization>
                <organization refersTo="memberState">AUSTRIA</organization>
                <organization refersTo="memberState">AZERBAIJAN</organization>
                <organization refersTo="memberState">BAHAMAS</organization>
                <organization refersTo="memberState">BAHRAIN</organization>
                <organization refersTo="memberState">BANGLADESH</organization>
                <organization refersTo="memberState">BARBADOS</organization>
                <organization refersTo="memberState">BELARUS</organization>
                <organization refersTo="memberState">BELGIUM</organization>
                <organization refersTo="memberState">BELIZE</organization>
                <organization refersTo="memberState">BENIN</organization>
                <organization refersTo="memberState">BHUTAN</organization>
                <organization refersTo="memberState">BOLIVIA (PLURINATIONAL STATE OF)</organization>
                <organization refersTo="memberState">BOSNIA AND HERZEGOVINA</organization>
                <organization refersTo="memberState">BOTSWANA</organization>
                <organization refersTo="memberState">BRUNEI DARUSSALAM</organization>
                <organization refersTo="memberState">BULGARIA</organization>
                <organization refersTo="memberState">BURKINA FASO</organization>
                <organization refersTo="memberState">BURUNDI</organization>
                <organization refersTo="memberState">CABO VERDE</organization>
                <organization refersTo="memberState">CAMBODIA</organization>
                <organization refersTo="memberState">CAMEROON</organization>
                <organization refersTo="memberState">CANADA</organization>
                <organization refersTo="memberState">CENTRAL AFRICAN REPUBLIC</organization>
                <organization refersTo="memberState">CHAD</organization>
                <organization refersTo="memberState">CHILE</organization>
                <organization refersTo="memberState">CHINA</organization>
                <organization refersTo="memberState">COMOROS</organization>
                <organization refersTo="memberState">CONGO</organization>
                <organization refersTo="memberState">COSTA RICA</organization>
                <organization refersTo="memberState">COTE D'IVOIRE</organization>
                <organization refersTo="memberState">CROATIA</organization>
                <organization refersTo="memberState">CUBA</organization>
                <organization refersTo="memberState">CYPRUS</organization>
                <organization refersTo="memberState">CZECHIA</organization>
                <organization refersTo="memberState">DEMOCRATIC PEOPLE'S REPUBLIC OF KOREA</organization>
                <organization refersTo="memberState">DEMOCRATIC REPUBLIC OF THE CONGO</organization>
                <organization refersTo="memberState">DENMARK</organization>
                <organization refersTo="memberState">DJIBOUTI</organization>
                <organization refersTo="memberState">DOMINICA</organization>
                <organization refersTo="memberState">DOMINICAN REPUBLIC</organization>
                <organization refersTo="memberState">ECUADOR</organization>
                <organization refersTo="memberState">EGYPT</organization>
                <organization refersTo="memberState">EL SALVADOR</organization>
                <organization refersTo="memberState">EQUATORIAL GUINEA</organization>
                <organization refersTo="memberState">ERITREA</organization>
                <organization refersTo="memberState">ESTONIA</organization>
                <organization refersTo="memberState">ESWATINI</organization>
                <organization refersTo="memberState">ETHIOPIA</organization>
                <organization refersTo="memberState">FIJI</organization>
                <organization refersTo="memberState">FINLAND</organization>
                <organization refersTo="memberState">FRANCE</organization>
                <organization refersTo="memberState">GABON</organization>
                <organization refersTo="memberState">GAMBIA</organization>
                <organization refersTo="memberState">GEORGIA</organization>
                <organization refersTo="memberState">GERMANY</organization>
                <organization refersTo="memberState">GHANA</organization>
                <organization refersTo="memberState">GREECE</organization>
                <organization refersTo="memberState">GRENADA</organization>
                <organization refersTo="memberState">GUATEMALA</organization>
                <organization refersTo="memberState">GUINEA</organization>
                <organization refersTo="memberState">GUINEA-BISSAU</organization>
                <organization refersTo="memberState">GUYANA</organization>
                <organization refersTo="memberState">HAITI</organization>
                <organization refersTo="memberState">HONDURAS</organization>
                <organization refersTo="memberState">HUNGARY</organization>
                <organization refersTo="memberState">ICELAND</organization>
                <organization refersTo="memberState">INDIA</organization>
                <organization refersTo="memberState">INDONESIA</organization>
                <organization refersTo="memberState">IRAN (ISLAMIC REPUBLIC OF)</organization>
                <organization refersTo="memberState">IRAQ</organization>
                <organization refersTo="memberState">IRELAND</organization>
                <organization refersTo="memberState">ITALY</organization>
                <organization refersTo="memberState">JAMAICA</organization>
                <organization refersTo="memberState">JAPAN</organization>
                <organization refersTo="memberState">JORDAN</organization>
                <organization refersTo="memberState">KAZAKHSTAN</organization>
                <organization refersTo="memberState">KENYA</organization>
                <organization refersTo="memberState">KIRIBATI</organization>
                <organization refersTo="memberState">KUWAIT</organization>
                <organization refersTo="memberState">KYRGYZSTAN</organization>
                <organization refersTo="memberState">LAO PEOPLE'S DEMOCRATIC REPUBLIC</organization>
                <organization refersTo="memberState">LATVIA</organization>
                <organization refersTo="memberState">LEBANON</organization>
                <organization refersTo="memberState">LESOTHO</organization>
                <organization refersTo="memberState">LIBERIA</organization>
                <organization refersTo="memberState">LIBYA</organization>
                <organization refersTo="memberState">LIECHTENSTEIN</organization>
                <organization refersTo="memberState">LITHUANIA</organization>
                <organization refersTo="memberState">LUXEMBOURG</organization>
                <organization refersTo="memberState">MADAGASCAR</organization>
                <organization refersTo="memberState">MALAWI</organization>
                <organization refersTo="memberState">MALAYSIA</organization>
                <organization refersTo="memberState">MALDIVES</organization>
                <organization refersTo="memberState">MALI</organization>
                <organization refersTo="memberState">MALTA</organization>
                <organization refersTo="memberState">MARSHALL ISLANDS</organization>
                <organization refersTo="memberState">MAURITANIA</organization>
                <organization refersTo="memberState">MAURITIUS</organization>
                <organization refersTo="memberState">MEXICO</organization>
                <organization refersTo="memberState">MICRONESIA (FEDERATED STATES OF)</organization>
                <organization refersTo="memberState">MONACO</organization>
                <organization refersTo="memberState">MONGOLIA</organization>
                <organization refersTo="memberState">MONTENEGRO</organization>
                <organization refersTo="memberState">MOROCCO</organization>
                <organization refersTo="memberState">MOZAMBIQUE</organization>
                <organization refersTo="memberState">MYANMAR</organization>
                <organization refersTo="memberState">NAMIBIA</organization>
                <organization refersTo="memberState">NAURU</organization>
                <organization refersTo="memberState">NEPAL</organization>
                <organization refersTo="memberState">NETHERLANDS</organization>
                <organization refersTo="memberState">NEW ZEALAND</organization>
                <organization refersTo="memberState">NICARAGUA</organization>
                <organization refersTo="memberState">NIGER</organization>
                <organization refersTo="memberState">NIGERIA</organization>
                <organization refersTo="memberState">NORTH MACEDONIA</organization>
                <organization refersTo="memberState">NORWAY</organization>
                <organization refersTo="memberState">OMAN</organization>
                <organization refersTo="memberState">PAKISTAN</organization>
                <organization refersTo="memberState">PALAU</organization>
                <organization refersTo="memberState">PANAMA</organization>
                <organization refersTo="memberState">PAPUA NEW GUINEA</organization>
                <organization refersTo="memberState">PARAGUAY</organization>
                <organization refersTo="memberState">PERU</organization>
                <organization refersTo="memberState">PHILIPPINES</organization>
                <organization refersTo="memberState">POLAND</organization>
                <organization refersTo="memberState">PORTUGAL</organization>
                <organization refersTo="memberState">QATAR</organization>
                <organization refersTo="memberState">REPUBLIC OF KOREA</organization>
                <organization refersTo="memberState">ROMANIA</organization>
                <organization refersTo="memberState">RUSSIAN FEDERATION</organization>
                <organization refersTo="memberState">RWANDA</organization>
                <organization refersTo="memberState">SAINT KITTS AND NEVIS</organization>
                <organization refersTo="memberState">SAINT LUCIA</organization>
                <organization refersTo="memberState">SAINT VINCENT AND THE GRENADINES</organization>
                <organization refersTo="memberState">SAMOA</organization>
                <organization refersTo="memberState">SAN MARINO</organization>
                <organization refersTo="memberState">SAO TOME AND PRINCIPE</organization>
                <organization refersTo="memberState">SAUDI ARABIA</organization>
                <organization refersTo="memberState">SENEGAL</organization>
                <organization refersTo="memberState">SERBIA</organization>
                <organization refersTo="memberState">SEYCHELLES</organization>
                <organization refersTo="memberState">SIERRA LEONE</organization>
                <organization refersTo="memberState">SINGAPORE</organization>
                <organization refersTo="memberState">SLOVAKIA</organization>
                <organization refersTo="memberState">SLOVENIA</organization>
                <organization refersTo="memberState">SOLOMON ISLANDS</organization>
                <organization refersTo="memberState">SOMALIA</organization>
                <organization refersTo="memberState">SOUTH AFRICA</organization>
                <organization refersTo="memberState">SOUTH SUDAN</organization>
                <organization refersTo="memberState">SPAIN</organization>
                <organization refersTo="memberState">SRI LANKA</organization>
                <organization refersTo="memberState">SUDAN</organization>
                <organization refersTo="memberState">SURINAME</organization>
                <organization refersTo="memberState">SWEDEN</organization>
                <organization refersTo="memberState">SWITZERLAND</organization>
                <organization refersTo="memberState">SYRIAN ARAB REPUBLIC</organization>
                <organization refersTo="memberState">TAJIKISTAN</organization>
                <organization refersTo="memberState">THAILAND</organization>
                <organization refersTo="memberState">TIMOR-LESTE</organization>
                <organization refersTo="memberState">TOGO</organization>
                <organization refersTo="memberState">TONGA</organization>
                <organization refersTo="memberState">TRINIDAD AND TOBAGO</organization>
                <organization refersTo="memberState">TUNISIA</organization>
                <organization refersTo="memberState">TURKEY</organization>
                <organization refersTo="memberState">TURKMENISTAN</organization>
                <organization refersTo="memberState">TUVALU</organization>
                <organization refersTo="memberState">UGANDA</organization>
                <organization refersTo="memberState">UNITED ARAB EMIRATES</organization>
                <organization refersTo="memberState">UNITED KINGDOM</organization>
                <organization refersTo="memberState">UNITED REPUBLIC OF TANZANIA</organization>
                <organization refersTo="memberState">URUGUAY</organization>
                <organization refersTo="memberState">UZBEKISTAN</organization>
                <organization refersTo="memberState">VANUATU</organization>
                <organization refersTo="memberState">VENEZUELA (BOLIVARIAN REPUBLIC OF)</organization>
                <organization refersTo="memberState">VIET NAM</organization>
                <organization refersTo="memberState">YEMEN</organization>
                <organization refersTo="memberState">ZAMBIA</organization>
                <organization refersTo="memberState">ZIMBABWE</organization>
              </akn4un:voters>
            </count>
            <count value="3" refersTo="against">
              <akn4un:voters>
                <organization refersTo="memberState">BRAZIL</organization>
                <organization refersTo="memberState">ISRAEL</organization>
                <organization refersTo="memberState">UNITED STATES</organization>
              </akn4un:voters>
            </count>
            <count value="2" refersTo="abstaining">
              <akn4un:voters>
                <organization refersTo="memberState">COLOMBIA</organization>
                <organization refersTo="memberState">UKRAINE</organization>
              </akn4un:voters>
            </count>
          </voting>
        </parliamentary>
      </analysis>
      <references source="#DGACM">
        <TLCOrganization eId="source" href="/akn/ontology/organization/un/DGACM" showAs="DGACM"></TLCOrganization>
        <TLCConcept eId="dateOfIssuance" href="/akn/ontology/concept/un/dateOfIssuance" showAs="Date of issuance"></TLCConcept>
        <TLCConcept eId="dateOfAdoption" href="/akn/ontology/concept/un/dateOfAdoption" showAs="Date of adoption"></TLCConcept>
        <TLCConcept eId="symbol" href="/akn/ontology/reference/un/symbol" showAs="Symbol"></TLCConcept>
        <TLCRole eId="publisher" href="/akn/ontology/role/un/publisher" showAs="Publisher"></TLCRole>
        <TLCRole eId="issuingBody" href="/akn/role/concept/un/issuingBody" showAs="Issuing body"></TLCRole>
        <TLCRole eId="author" href="/akn/ontology/role/un/author" showAs="Author"></TLCRole>
        <TLCRole eId="editor" href="/akn/ontology/role/un/editor" showAs="Editor"></TLCRole>
        <TLCRole eId="distribution" href="/akn/ontology/concept/un/generalDistribution" showAs="General distribution"></TLCRole>
        <TLCOrganization eId="ga" href="/akn/ontology/organization/un/generalAssembly" showAs="General Assembly"></TLCOrganization>
        <TLCTerm eId="resolutionTitle" href="/akn/ontology/reference/un/resolutionTitle" showAs="Resolution title"></TLCTerm>
        <TLCTerm eId="noMainCommittee" href="#noMainCommittee" showAs="sin remisión previa a una Comisión Principal"></TLCTerm>
        <TLCTerm eId="memberState" href="/akn/ontology/organization/un/memberState" showAs="Member State"></TLCTerm>
        <TLCTerm eId="inFavour" href="/akn/ontology/concept/un/voting/inFavour" showAs="In favour"></TLCTerm>
        <TLCTerm eId="against" href="/akn/ontology/concept/un/voting/against" showAs="Against"></TLCTerm>
        <TLCTerm eId="abstaining" href="/akn/ontology/concept/un/voting/abstaining" showAs="Abstaining"></TLCTerm>
      </references>
      <presentation source="#un">
        <akn4un:footerFirstPage>
          <akn4un:footerFirstPageLeft>
            <akn4un:internalCode>
              <docketNumber refersTo="#publicationJobNumber">19-19266 (S)</docketNumber>
              <img alt="bar code" class="barCode" src=""></img>
            </akn4un:internalCode>
          </akn4un:footerFirstPageLeft>
          <akn4un:footerFirstPageRight>
            <img alt="Please recycle" class="image" src="./recylcleLogo.jpg"></img>
            <img alt="embedded QR code" class="qrCode" src=""></img>
          </akn4un:footerFirstPageRight>
        </akn4un:footerFirstPage>
      </presentation>
    </meta>
    <coverPage eId="coverPage_1">
      <p>
        <span refersTo="#publisher" class="upperLeft">
          <docAuthority refersTo="#publisher">Naciones Unidas</docAuthority>
        </span>
      </p>
      <p class="upperRight">
        <docNumber refersTo="#symbol">A/RES/74/7</docNumber>
      </p>
      <p class="upperLeft">
        <img src="logo-un.jpg"></img>
        <docAuthority refersTo="#issuingBody" class="rightBig">Asamblea General</docAuthority>
      </p>
      <p>
        <docStatus refersTo="#generalDistribution" class="rightSmall">Distr. general</docStatus>
      </p>
      <p>
        <docDate date="2019-11-12" class="rightSmall" refersTo="#dateOfIssuance">12 de noviembre de 2019</docDate>
      </p>
      <p>
        <session refersTo="#generalAssembly" value="74" eId="coverPage_1__session_1">Septuagésimo cuarto período de sesiones</session>
      </p>
      <p>
        <inline name="agenda item">Tema 39 del programa</inline>
      </p>
      <p>
        <inline name="agenda item name">Necesidad de poner fin al bloqueo económico, comercial y financiero impuesto por los Estados Unidos de América contra Cuba</inline>
      </p>
      <p>
        <docTitle>Resolución aprobada por la Asamblea General el 7 de noviembre de 2019</docTitle>
      </p>
      <p xml:space="preserve">
        <docProponent refersTo="#noMainCommittee">[sin remisión previa a una Comisión Principal (<inline name="originating document">A/74/L.6</inline>)]</docProponent>
      </p>
    </coverPage>
    <preface>
      <p>
        <docNumber>74/7.</docNumber>
        <docTitle refersTo="#resolutionTitle">Necesidad de poner fin al bloqueo económico, comercial y financiero impuesto por los Estados Unidos de América contra Cuba</docTitle>
      </p>
    </preface>
    <preamble>
      <formula name="enactingFormula" eId="formula_1">
        <p xml:space="preserve">
          <span class="italic">La Asamblea General</span>,</p>
      </formula>
      <container name="Decidida" eId="container_2">
        <p xml:space="preserve">
          <span class="italic">	Decidida</span> a fomentar el respeto estricto de los propósitos y principios consagrados en la Carta de las Naciones Unidas,</p>
      </container>
      <container name="Reafirmando" eId="container_3">
        <p xml:space="preserve">
          <span class="italic">	Reafirmando</span>, entre otros principios, la igualdad soberana de los Estados, la no intervención y no injerencia en sus asuntos internos y la libertad de comercio y navegación internacionales, consagrados, además, en numerosos instrumentos jurídicos internacionales,</p>
      </container>
      <container name="Recordando " eId="container_4">
        <p xml:space="preserve">
          <span class="italic">Recordando </span>las declaraciones formuladas por los Jefes de Estado o de Gobierno de América Latina y el Caribe en las cumbres de la Comunidad de Estados Latinoamericanos y Caribeños relativas a la necesidad de poner fin al bloqueo económico, comercial y financiero impuesto contra Cuba,</p>
      </container>
      <container name="Preocupada " eId="container_5">
        <p xml:space="preserve">
          <span class="italic">Preocupada </span>porque continúa la promulgación y aplicación por parte de Estados Miembros de leyes y disposiciones reglamentarias, como la promulgada el 12 de marzo de 1996, conocida como “Ley Helms-Burton”, cuyos efectos extraterritoriales afectan a la soberanía de otros Estados, a los intereses legítimos de entidades o personas bajo su jurisdicción y a la libertad de comercio y navegación,</p>
      </container>
      <container name="Tomando nota " eId="container_6">
        <p xml:space="preserve">
          <span class="italic">Tomando nota </span>de las declaraciones y resoluciones de distintos foros intergubernamentales, órganos y Gobiernos que expresan el rechazo de la comunidad internacional y de la opinión pública a la promulgación y aplicación de medidas del tipo indicado,</p>
      </container>
      <container name="Recordando " eId="container_7">
        <p xml:space="preserve">
          <span class="italic">Recordando </span>sus resoluciones <a href="http://undocs.org/sp/A/RES/47/19">47/19</a>, de 24 de noviembre de 1992, <a href="http://undocs.org/sp/A/RES/48/16">48/16</a>, de 3 de noviembre de 1993, <a href="http://undocs.org/sp/A/RES/49/9">49/9</a>, de 26 de octubre de 1994, <a href="http://undocs.org/sp/A/RES/50/10">50/10</a>, de 2 de noviembre de 1995, <a href="http://undocs.org/sp/A/RES/51/17">51/17</a>, de 12 de noviembre de 1996, <a href="http://undocs.org/sp/A/RES/52/10">52/10</a>, de 5 de noviembre de 1997, <a href="http://undocs.org/sp/A/RES/53/4">53/4</a>, de 14 de octubre de 1998, <a href="http://undocs.org/sp/A/RES/54/21">54/21</a>, de 9 de noviembre de 1999, <a href="http://undocs.org/sp/A/RES/55/20">55/20</a>, de 9 de noviembre de 2000, <a href="http://undocs.org/sp/A/RES/56/9">56/9</a>, de 27 de noviembre de 2001, <a href="http://undocs.org/sp/A/RES/57/11">57/11</a>, de 12 de noviembre de 2002, <a href="http://undocs.org/sp/A/RES/58/7">58/7</a>, de 4 de noviembre de 2003, <a href="http://undocs.org/sp/A/RES/59/11">59/11</a>, de 28 de octubre de 2004, <a href="http://undocs.org/sp/A/RES/60/12">60/12</a>, de 8 de noviembre de 2005, <a href="http://undocs.org/sp/A/RES/61/11">61/11</a>, de 8 noviembre de 2006, <a href="http://undocs.org/sp/A/RES/62/3">62/3</a>, de 30 de octubre de 2007, <a href="http://undocs.org/sp/A/RES/63/7">63/7</a>, de 29 de octubre de 2008, <a href="http://undocs.org/sp/A/RES/64/6">64/6</a>, de 28 de octubre de 2009, <a href="http://undocs.org/sp/A/RES/65/6">65/6</a>, de 26 de octubre de 2010, <a href="http://undocs.org/sp/A/RES/66/6">66/6</a>, de 25 de octubre de 2011, <a href="http://undocs.org/sp/A/RES/67/4">67/4</a>, de 13 de noviembre de 2012, <a href="http://undocs.org/sp/A/RES/68/8">68/8</a>, de 29 de octubre de 2013, <a href="https://undocs.org/sp/A/RES/69/5">69/5</a>, de 28 de octubre de 2014, <a href="https://undocs.org/sp/A/RES/70/5">70/5</a>, de 27 de octubre de 2015, <a href="https://undocs.org/sp/A/RES/71/5">71/5</a>, de 26 de octubre de 2016, <a href="https://undocs.org/sp/A/RES/72/4">72/4</a>, de 1 de noviembre de 2017, y <a href="https://undocs.org/es/A/RES/73/8">73/8</a>, de 1 noviembre de 2018,</p>
      </container>
      <container name="Recordando también " eId="container_8">
        <p xml:space="preserve">
          <span class="italic">Recordando también </span>las medidas adoptadas por el ejecutivo de los Estados Unidos de América en 2015 y 2016 para modificar algunos aspectos de la aplicación del bloqueo, con las que contrastan las medidas aplicadas desde 2017 para reforzar su implementación,</p>
      </container>
      <container name="Preocupada " eId="container_9">
        <p xml:space="preserve">
          <span class="italic">Preocupada </span>porque, después de la aprobación de sus resoluciones <a href="http://undocs.org/sp/A/RES/47/19">47/19</a>, <a href="http://undocs.org/sp/A/RES/48/16">48/16</a>, <a href="http://undocs.org/sp/A/RES/49/9">49/9</a>, <a href="http://undocs.org/sp/A/RES/50/10">50/10</a>, <a href="http://undocs.org/sp/A/RES/51/17">51/17</a>, <a href="http://undocs.org/sp/A/RES/52/10">52/10</a>, <a href="http://undocs.org/sp/A/RES/53/4">53/4</a>, <a href="http://undocs.org/sp/A/RES/54/21">54/21</a>, <a href="http://undocs.org/sp/A/RES/55/20">55/20</a>, <a href="http://undocs.org/sp/A/RES/56/9">56/9</a>, <a href="http://undocs.org/sp/A/RES/57/11">57/11</a>, <a href="http://undocs.org/sp/A/RES/58/7">58/7</a>, <a href="http://undocs.org/sp/A/RES/59/11">59/11</a>, <a href="http://undocs.org/sp/A/RES/60/12">60/12</a>, <a href="http://undocs.org/sp/A/RES/61/11">61/11</a>, <a href="http://undocs.org/sp/A/RES/62/3">62/3</a>, <a href="http://undocs.org/sp/A/RES/63/7">63/7</a>, <a href="http://undocs.org/sp/A/RES/64/6">64/6</a>, <a href="http://undocs.org/sp/A/RES/65/6">65/6</a>, <a href="http://undocs.org/sp/A/RES/66/6">66/6</a>, <a href="http://undocs.org/sp/A/RES/67/4">67/4</a>, <a href="http://undocs.org/sp/A/RES/68/8">68/8</a>, <a href="https://undocs.org/sp/A/RES/69/5">69/5</a>, <a href="https://undocs.org/sp/A/RES/70/5">70/5</a>, <a href="https://undocs.org/sp/A/RES/71/5">71/5</a>, <a href="https://undocs.org/sp/A/RES/72/4">72/4</a> y <a href="https://undocs.org/sp/73/8">73/8</a>, continúa vigente el bloqueo económico, comercial y financiero contra Cuba, y preocupada también por los efectos negativos de esas medidas sobre la población cubana y los nacionales de Cuba residentes en otros países,</p>
      </container>
    </preamble>
    <mainBody>
      <paragraph eId="para_10" class="MercuryDocument">
        <num>	1.</num>
        <content eId="para_10__content">
          <p xml:space="preserve">
            <span class="italic">Toma nota </span>del informe del Secretario General sobre el cumplimiento de la resolución 73/8<authorialNote marker="1" placement="bottom" eId="authorialNote_1"><p xml:space="preserve"><a href="https://undocs.org/sp/A/74/91/Rev.1">A/74/91/Rev.1</a>.</p></authorialNote>;</p>
        </content>
      </paragraph>
      <paragraph eId="para_11" class="MercuryDocument">
        <num>	2.</num>
        <content eId="para_11__content">
          <p xml:space="preserve">
            <span class="italic">Reitera su exhortación </span>a todos los Estados a que se abstengan de promulgar y aplicar leyes y medidas del tipo indicado en el preámbulo de la presente resolución, en cumplimiento de sus obligaciones de conformidad con la Carta de las Naciones Unidas y el derecho internacional, que, entre otras cosas, reafirman la libertad de comercio y navegación;</p>
        </content>
      </paragraph>
      <paragraph eId="para_12" class="MercuryDocument">
        <num>	3.</num>
        <content eId="para_12__content">
          <p xml:space="preserve">
            <span class="italic">Insta una vez más </span>a los Estados en los que existen y continúan aplicándose leyes y medidas de ese tipo a que, en el plazo más breve posible y de acuerdo con su ordenamiento jurídico, tomen las medidas necesarias para derogarlas o dejarlas sin efecto;</p>
        </content>
      </paragraph>
      <paragraph eId="para_13" class="MercuryDocument">
        <num>	4.</num>
        <content eId="para_13__content">
          <p xml:space="preserve">
            <span class="italic">Solicita </span>al Secretario General que, en consulta con los órganos y organismos pertinentes del sistema de las Naciones Unidas, prepare un informe sobre el cumplimiento de la presente resolución a la luz de los propósitos y principios de la Carta y del derecho internacional y se lo presente en su septuagésimo quinto período de sesiones;</p>
        </content>
      </paragraph>
      <paragraph eId="para_14" class="MercuryDocument">
        <num>	5.</num>
        <content eId="para_14__content">
          <p xml:space="preserve">
            <span class="italic">Decide </span>incluir en el programa provisional de su septuagésimo quinto período de sesiones el tema titulado “Necesidad de poner fin al bloqueo económico, comercial y financiero impuesto por los Estados Unidos de América contra Cuba”.</p>
        </content>
      </paragraph>
    </mainBody>
    <conclusions eId="conclusions">
      <p>
        <inline name="adoptionMeeting" title="28a">28a sesión plenaria</inline>
        <eol />
        <docDate date="2019-11-07" refersTo="#adoptionDate">7 de noviembre de 2019</docDate>
      </p>
    </conclusions>
  </statement>
</akomaNtoso>