<akomaNtoso xmlns:xsi="http://www.w3.org/2001/XMLSchema-instance" xsi:schemaLocation="http://docs.oasis-open.org/legaldocml/ns/akn/3.0 http://docs.oasis-open.org/legaldocml/akn-core/v1.0/os/part2-specs/schemas/akomantoso30.xsd" xmlns="http://docs.oasis-open.org/legaldocml/ns/akn/3.0" xmlns:html="http://www.w3.org/1999/xhtml" xmlns:akn4un="http://un.org/akn4un">
  <statement name="resolution">
    <meta>
      <identification source="#DGACM">
        <FRBRWork>
          <FRBRthis value="/akn/un/statement/deliberation/unga/2019-12-13/74-82/!main/"></FRBRthis>
          <FRBRuri value="/akn/un/statement/deliberation/unga/2019-12-13/74-82/"></FRBRuri>
          <FRBRdate date="2019-12-13" name="adoption"></FRBRdate>
          <FRBRauthor href="ga" as="author"></FRBRauthor>
          <FRBRcountry value="un"></FRBRcountry>
        </FRBRWork>
        <FRBRExpression>
          <FRBRthis value="/akn/un/statement/deliberation/unga/2019-12-13/74-82/spa@!main/"></FRBRthis>
          <FRBRuri value="/akn/un/statement/deliberation/unga/2019-12-13/74-82/spa@/"></FRBRuri>
          <FRBRdate date="2019-12-26" name="publication"></FRBRdate>
          <FRBRauthor href="ga" as="issuer"></FRBRauthor>
          <FRBRlanguage language="spa"></FRBRlanguage>
        </FRBRExpression>
        <FRBRManifestation>
          <FRBRthis value="/akn/un/statement/deliberation/unga/2019-12-13/74-82/spa@/!main.xml"></FRBRthis>
          <FRBRuri value="/akn/un/statement/deliberation/unga/2019-12-13/74-82/spa@.xml"></FRBRuri>
          <FRBRdate date="2020-08-18" name="markup"></FRBRdate>
          <FRBRauthor href="DGACM" as="editor"></FRBRauthor>
        </FRBRManifestation>
      </identification>
      <classification source="http://metadata.un.org/sdg">
        <keyword value="16" href="http://metadata.un.org/sdg/16" showAs="sdg_16" dictionary="SDGO"></keyword>
        <keyword value="right_to_justice" href="http://eurovoc.europa.eu/516" showAs="right_to_justice" dictionary="EuroVoc"></keyword>
        <keyword value="sustainable_development" href="http://eurovoc.europa.eu/5585" showAs="sustainable_development" dictionary="EuroVoc"></keyword>
        <keyword value="civil_society" href="http://metadata.un.org/thesaurus/1001012" showAs="civil_society" dictionary="UNBIS Thesaurus"></keyword>
        <keyword value="justice" href="http://metadata.un.org/thesaurus/1003500" showAs="justice" dictionary="UNBIS Thesaurus"></keyword>
        <keyword value="peaceful_coexistence" href="http://metadata.un.org/thesaurus/1004777" showAs="peaceful_coexistence" dictionary="UNBIS Thesaurus"></keyword>
        <keyword value="public_institutions" href="http://metadata.un.org/thesaurus/1005254" showAs="public_institutions" dictionary="UNBIS Thesaurus"></keyword>
        <keyword value="social_justice" href="http://metadata.un.org/thesaurus/1005970" showAs="social_justice" dictionary="UNBIS Thesaurus"></keyword>
        <keyword value="sustainable_development" href="http://metadata.un.org/thesaurus/1006319" showAs="sustainable_development" dictionary="UNBIS Thesaurus"></keyword>
      </classification>
      <classification source="http://metadata.un.org/sdg">
        <keyword value="17" href="http://metadata.un.org/sdg/17" showAs="sdg_17" dictionary="SDGO"></keyword>
        <keyword value="sustainable_development" href="http://eurovoc.europa.eu/5585" showAs="sustainable_development" dictionary="EuroVoc"></keyword>
        <keyword value="partnership" href="http://eurovoc.europa.eu/4199" showAs="partnership" dictionary="EuroVoc"></keyword>
        <keyword value="sustainable_development" href="http://metadata.un.org/thesaurus/1006319" showAs="sustainable_development" dictionary="UNBIS Thesaurus"></keyword>
        <keyword value="partnership" href="http://metadata.un.org/thesaurus/1004748" showAs="partnership" dictionary="UNBIS Thesaurus"></keyword>
      </classification>
      <workflow source="#un">
        <step date="2019-10-18" outcome="draftResolution" as="A/C.4/74/L.7" by="introduced in the Committee by the representative of Brazil (on behalf of the Working Group of the Whole on International Cooperation in the Peaceful Uses of Outer Space)" />
        <step date="0001-01-01" outcome="draftResolutionAdditionalSponsors" by="" />
        <step date="0001-01-01" outcome="recommendedForAdoption" as="A/74/408" by="" refersTo="10" />
        <step date="2019-12-13" outcome="adopted" as="A/74/PV.47" by="" />
      </workflow>
      <analysis source="#un">
        <parliamentary>
          <voting outcome="adoptedWithoutVote">
            <quorum value=""></quorum>
          </voting>
        </parliamentary>
      </analysis>
      <references source="#DGACM">
        <TLCOrganization eId="source" href="/akn/ontology/organization/un/DGACM" showAs="DGACM"></TLCOrganization>
        <TLCConcept eId="dateOfIssuance" href="/akn/ontology/concept/un/dateOfIssuance" showAs="Date of issuance"></TLCConcept>
        <TLCConcept eId="dateOfAdoption" href="/akn/ontology/concept/un/dateOfAdoption" showAs="Date of adoption"></TLCConcept>
        <TLCConcept eId="symbol" href="/akn/ontology/reference/un/symbol" showAs="Symbol"></TLCConcept>
        <TLCRole eId="publisher" href="/akn/ontology/role/un/publisher" showAs="Publisher"></TLCRole>
        <TLCRole eId="issuingBody" href="/akn/role/concept/un/issuingBody" showAs="Issuing body"></TLCRole>
        <TLCRole eId="author" href="/akn/ontology/role/un/author" showAs="Author"></TLCRole>
        <TLCRole eId="editor" href="/akn/ontology/role/un/editor" showAs="Editor"></TLCRole>
        <TLCRole eId="distribution" href="/akn/ontology/concept/un/generalDistribution" showAs="General distribution"></TLCRole>
        <TLCOrganization eId="ga" href="/akn/ontology/organization/un/generalAssembly" showAs="General Assembly"></TLCOrganization>
        <TLCTerm eId="resolutionTitle" href="/akn/ontology/reference/un/resolutionTitle" showAs="Resolution title"></TLCTerm>
        <TLCTerm eId="fourthCommittee" href="#fourthCommittee" showAs="La Comisión Política Especial y de Descolonización"></TLCTerm>
        <TLCTerm eId="memberState" href="/akn/ontology/organization/un/memberState" showAs="Member State"></TLCTerm>
        <TLCTerm eId="inFavour" href="/akn/ontology/concept/un/voting/inFavour" showAs="In favour"></TLCTerm>
        <TLCTerm eId="against" href="/akn/ontology/concept/un/voting/against" showAs="Against"></TLCTerm>
        <TLCTerm eId="abstaining" href="/akn/ontology/concept/un/voting/abstaining" showAs="Abstaining"></TLCTerm>
      </references>
      <presentation source="#un">
        <akn4un:footerFirstPage>
          <akn4un:footerFirstPageLeft>
            <akn4un:internalCode>
              <docketNumber refersTo="#publicationJobNumber">19-21891 (S)</docketNumber>
              <img alt="bar code" class="barCode" src=""></img>
            </akn4un:internalCode>
          </akn4un:footerFirstPageLeft>
          <akn4un:footerFirstPageRight>
            <img alt="Please recycle" class="image" src="./recylcleLogo.jpg"></img>
            <img alt="embedded QR code" class="qrCode" src=""></img>
          </akn4un:footerFirstPageRight>
        </akn4un:footerFirstPage>
      </presentation>
    </meta>
    <coverPage eId="coverPage_1">
      <p>
        <span refersTo="#publisher" class="upperLeft">
          <docAuthority refersTo="#publisher">Naciones Unidas</docAuthority>
        </span>
      </p>
      <p class="upperRight">
        <docNumber refersTo="#symbol">A/RES/74/82</docNumber>
      </p>
      <p class="upperLeft">
        <img src="logo-un.jpg"></img>
        <docAuthority refersTo="#issuingBody" class="rightBig">Asamblea General</docAuthority>
      </p>
      <p>
        <docStatus refersTo="#generalDistribution" class="rightSmall">Distr. general</docStatus>
      </p>
      <p>
        <docDate date="2019-12-26" class="rightSmall" refersTo="#dateOfIssuance">26 de diciembre de 2019</docDate>
      </p>
      <p>
        <session refersTo="#generalAssembly" value="74" eId="coverPage_1__session_1">Septuagésimo cuarto período de sesiones</session>
      </p>
      <p>
        <inline name="agenda item">Tema 49 a) del programa</inline>
      </p>
      <p>
        <inline name="agenda item name">Cooperación internacional para la utilización del espacio ultraterrestre con fines pacíficos: cooperación internacional para la utilización del espacio ultraterrestre con fines pacíficos</inline>
      </p>
      <p>
        <docTitle>Resolución aprobada por la Asamblea General el 13 de diciembre de 2019</docTitle>
      </p>
      <p xml:space="preserve">
        <docProponent refersTo="#fourthCommittee">[sobre la base del informe de la Comisión Política Especial y de Descolonización (Cuarta Comisión) (<inline name="originating document">A/74/408</inline>)]</docProponent>
      </p>
    </coverPage>
    <preface>
      <p>
        <docNumber>74/82.</docNumber>
        <docTitle refersTo="#resolutionTitle">Cooperación internacional para la utilización del espacio ultraterrestre con fines pacíficos</docTitle>
      </p>
    </preface>
    <preamble>
      <formula name="enactingFormula" eId="formula_1">
        <p xml:space="preserve">
          <span class="italic">La Asamblea General,</span>
        </p>
      </formula>
      <container name="Recordando " eId="container_2">
        <p xml:space="preserve">
          <span class="italic">Recordando </span>sus resoluciones <a href="https://undocs.org/sp/A/RES/51/122">51/122</a>, de 13 de diciembre de 1996, <a href="https://undocs.org/sp/A/RES/54/68">54/68</a>, de 6 de diciembre de 1999, <a href="https://undocs.org/sp/A/RES/59/2">59/2</a>, de 20 de octubre de 2004, <a href="https://undocs.org/sp/A/RES/61/110">61/110</a> y <a href="https://undocs.org/sp/A/RES/61/111">61/111</a>, de 14 de diciembre de 2006, <a href="https://undocs.org/sp/A/RES/62/101">62/101</a>, de 17 de diciembre de 2007, <a href="https://undocs.org/sp/A/RES/62/217">62/217</a>, de 22 de diciembre de 2007, <a href="https://undocs.org/sp/A/RES/65/97">65/97</a>, de 10 de diciembre de 2010, <a href="https://undocs.org/sp/A/RES/65/271">65/271</a>, de 7 de abril de 2011, <a href="https://undocs.org/sp/A/RES/66/71">66/71</a>, de 9 de diciembre de 2011, <a href="https://undocs.org/sp/A/RES/67/113">67/113</a>, de 18 de diciembre de 2012, <a href="https://undocs.org/sp/A/RES/68/50">68/50</a>, de 5 de diciembre de 2013, <a href="https://undocs.org/sp/A/RES/68/74">68/74</a> y <a href="https://undocs.org/sp/A/RES/68/75">68/75</a>, de 11 de diciembre de 2013, <a href="https://undocs.org/sp/A/RES/69/85">69/85</a>, de 5 de diciembre de 2014, <a href="https://undocs.org/sp/A/RES/70/1">70/1</a>, de 25 de septiembre de 2015, <a href="https://undocs.org/sp/A/RES/70/82">70/82</a>, de 9 de diciembre de 2015, <a href="https://undocs.org/sp/A/RES/70/230">70/230</a>, de 23 de diciembre de 2015, <a href="https://undocs.org/sp/A/RES/71/90">71/90</a>, de 6 de diciembre de 2016, <a href="https://undocs.org/sp/A/RES/72/77">72/77</a> y <a href="https://undocs.org/sp/A/RES/72/78">72/78</a>, de 7 de diciembre de 2017, <a href="https://undocs.org/sp/A/RES/73/6">73/6</a>, de 26 octubre de 2018, y <a href="https://undocs.org/sp/A/RES/73/91">73/91</a>, de 7 de diciembre de 2018,</p>
      </container>
      <container name="Poniendo de relieve" eId="container_3">
        <p xml:space="preserve">
          <span class="italic">Poniendo de relieve</span> el importante avance en el desarrollo de la ciencia y la tecnología espaciales y sus aplicaciones, que ha permitido al ser humano explorar el universo, y los extraordinarios logros alcanzados en las actividades de exploración espacial, incluido el conocimiento cada vez más profundo del sistema planetario y del Sol y de la propia Tierra, en la utilización de la ciencia y la tecnología espaciales en beneficio de toda la humanidad y en el desarrollo del régimen jurídico internacional que rige las actividades espaciales, </p>
      </container>
      <container name="Reconociendo" eId="container_4">
        <p xml:space="preserve">
          <span class="italic">Reconociendo</span>, a ese respecto, la plataforma única a nivel mundial para la cooperación internacional en actividades espaciales que representan la Comisión sobre la Utilización del Espacio Ultraterrestre con Fines Pacíficos y su Subcomisión de Asuntos Científicos y Técnicos y su Subcomisión de Asuntos Jurídicos, con la asistencia de la Oficina de Asuntos del Espacio Ultraterrestre de la Secretaría, </p>
      </container>
      <container name="Profundamente convencida" eId="container_5">
        <p xml:space="preserve">
          <span class="italic">Profundamente convencida</span> de que conviene a toda la humanidad que se fomenten y amplíen la exploración y utilización del espacio ultraterrestre con fines pacíficos, como patrimonio de toda la humanidad, y se persevere en los esfuerzos para que todos los Estados Miembros puedan gozar de los beneficios derivados de esas actividades, y profundamente convencida también de la importancia de la cooperación internacional en esa esfera, respecto de la cual las Naciones Unidas deberían seguir siendo un centro de coordinación, </p>
      </container>
      <container name="Reafirmando" eId="container_6">
        <p xml:space="preserve">
          <span class="italic">Reafirmando</span> la importancia de la cooperación internacional para el desarrollo del derecho internacional, incluidas las normas pertinentes del derecho internacional del espacio, que desempeñan un papel importante en la cooperación internacional para la exploración y utilización del espacio ultraterrestre con fines pacíficos, y la importancia de que el mayor número posible de Estados se adhiera a los tratados internacionales que promueven la utilización del espacio ultraterrestre con fines pacíficos a fin de hacer frente a los nuevos desafíos que se presenten, en especial para los países en desarrollo, </p>
      </container>
      <container name="Seriamente preocupada" eId="container_7">
        <p xml:space="preserve">
          <span class="italic">Seriamente preocupada</span> por la posibilidad de una carrera de armamentos en el espacio ultraterrestre, y teniendo presente la importancia del artículo IV del Tratado sobre los Principios que Deben Regir las Actividades de los Estados en la Exploración y Utilización del Espacio Ultraterrestre, incluso la Luna y Otros Cuerpos Celestes<authorialNote marker="1" placement="bottom" eId="authorialNote_1"><p xml:space="preserve">		Naciones Unidas, <span class="italic">Treaty Series</span>, vol. 610, núm. 8843.</p></authorialNote>,</p>
      </container>
      <container name="Reconociendo" eId="container_8">
        <p xml:space="preserve">
          <span class="italic">Reconociendo</span> que todos los Estados Miembros, en particular los que poseen una capacidad importante en materia espacial, deben contribuir activamente a prevenir una carrera de armamentos en el espacio ultraterrestre con miras a promover y fortalecer la cooperación internacional para la exploración y utilización del espacio ultraterrestre con fines pacíficos,</p>
      </container>
      <container name="Profundamente preocupada" eId="container_9">
        <p xml:space="preserve">
          <span class="italic">Profundamente preocupada</span> por la fragilidad del entorno espacial y los problemas de la sostenibilidad a largo plazo de las actividades en el espacio ultraterrestre, en particular el impacto de los desechos espaciales, que preocupa a todas las naciones, </p>
      </container>
      <container name="Observando" eId="container_10">
        <p xml:space="preserve">
          <span class="italic">Observando</span> los progresos realizados en el desarrollo de la exploración del espacio ultraterrestre y de las aplicaciones de la tecnología espacial con fines pacíficos, así como en los diversos proyectos nacionales y de cooperación sobre cuestiones espaciales, y la importancia de que se siga desarrollando el marco jurídico para fortalecer la cooperación internacional en el espacio, </p>
      </container>
      <container name="Convencida" eId="container_11">
        <p xml:space="preserve">
          <span class="italic">Convencida</span> de que la ciencia y la tecnología espaciales y sus aplicaciones, entre ellas las comunicaciones por satélite, los sistemas de observación de la Tierra y las tecnologías de navegación por satélite, ofrecen instrumentos indispensables para encontrar soluciones viables a largo plazo en la esfera del desarrollo sostenible y pueden contribuir más eficazmente a los esfuerzos por fomentar el desarrollo de todos los países y las regiones del mundo, y destacando a ese respecto la necesidad de aprovechar los beneficios de la tecnología espacial para implementar la Agenda 2030 para el Desarrollo Sostenible<authorialNote marker="2" placement="bottom" eId="authorialNote_2"><p xml:space="preserve">		Resolución <a href="https://undocs.org/sp/A/RES/70/1">70/1</a>.</p></authorialNote>,</p>
      </container>
      <container name="Seriamente preocupada" eId="container_12">
        <p xml:space="preserve">
          <span class="italic">Seriamente preocupada</span> por el efecto devastador de los desastres<authorialNote marker="3" placement="bottom" eId="authorialNote_3"><p xml:space="preserve">		El término “desastres” se refiere a los desastres naturales o tecnológicos.</p></authorialNote>, y deseosa de intensificar la coordinación y la cooperación internacionales en todo el mundo en materia de gestión de desastres y respuesta de emergencia aumentando el acceso de todos los países a los servicios basados en información obtenida desde el espacio y a la información geoespacial y su utilización, y facilitando el desarrollo de la capacidad y el fortalecimiento institucional para la gestión de desastres, particularmente en los países en desarrollo,</p>
      </container>
      <container name="Firmemente convencida" eId="container_13">
        <p xml:space="preserve">
          <span class="italic">Firmemente convencida</span> de que la utilización de la ciencia y la tecnología espaciales y sus aplicaciones en esferas como la telesalud, la teleenseñanza, la gestión de desastres, la protección ambiental, la gestión de los recursos naturales y la vigilancia de los océanos y del clima contribuyen al logro de los objetivos de las conferencias mundiales de las Naciones Unidas relativos a diversos aspectos del desarrollo económico, social y cultural, en particular la erradicación de la pobreza, </p>
      </container>
      <container name="Profundamente preocupada" eId="container_14">
        <p xml:space="preserve">
          <span class="italic">Profundamente preocupada</span> por los efectos devastadores de las enfermedades infecciosas, incluida la enfermedad del Ébola, que van en detrimento de la vida humana, la sociedad y el desarrollo, e instando a la comunidad internacional a que mejore la función de las soluciones basadas en la tecnología espacial, en particular la teleepidemiología, en las actividades de seguimiento, preparación y respuesta, </p>
      </container>
      <container name="Recordando" eId="container_15">
        <p xml:space="preserve">
          <span class="italic">Recordando</span> que en la Conferencia de las Naciones Unidas sobre el Desarrollo Sostenible, celebrada en Río de Janeiro (Brasil) del 20 al 22 de junio de 2012, se reconoció el importante papel que desempeñaban la ciencia y la tecnología espaciales en la promoción del desarrollo sostenible<authorialNote marker="4" placement="bottom" eId="authorialNote_4"><p xml:space="preserve">		Resolución <a href="https://undocs.org/sp/A/RES/66/288">66/288</a>, anexo, párr. 274.</p></authorialNote>,</p>
      </container>
      <container name="Habiendo examinado" eId="container_16">
        <p xml:space="preserve">
          <span class="italic">Habiendo examinado</span> el informe de la Comisión sobre la Utilización del Espacio Ultraterrestre con Fines Pacíficos sobre la labor realizada en su 62<sup>º</sup> período de sesiones<authorialNote marker="5" placement="bottom" eId="authorialNote_5"><p xml:space="preserve"><span class="italic">Documentos Oficiales de la Asamblea General, septuagésimo cuarto período de sesiones, suplemento núm. 20 </span>(<a href="https://undocs.org/sp/A/74/20">A/74/20</a>). </p></authorialNote>,</p>
      </container>
    </preamble>
    <mainBody>
      <paragraph eId="para_17" class="SingleTxt">
        <num>	1.</num>
        <content eId="para_17__content">
          <p xml:space="preserve">
            <span class="italic">Hace suyo</span> el informe de la Comisión sobre la Utilización del Espacio Ultraterrestre con Fines Pacíficos sobre la labor realizada en su 62<sup>º</sup> período de sesiones<sup>5</sup>; </p>
        </content>
      </paragraph>
      <paragraph eId="para_18" class="SingleTxt">
        <num>	2.</num>
        <content eId="para_18__content">
          <p xml:space="preserve">
            <span class="italic">Acoge con aprecio </span>la aprobación por la Comisión del preámbulo y las 21 directrices relativas a la sostenibilidad a largo plazo de las actividades en el espacio ultraterrestre, que figuran en el anexo II del informe de la Comisión el establecimiento, en el marco de un plan de trabajo quinquenal, de un grupo de trabajo sobre el tema del programa relativo a la sostenibilidad a largo plazo de las actividades en el espacio ultraterrestre de la Subcomisión de Asuntos Científicos y Técnicos de la Comisión, observa que la Comisión alentó a los Estados y las organizaciones internacionales intergubernamentales a adoptar voluntariamente medidas para que las directrices se apliquen en la mayor medida posible y practicable, y pone de relieve que la Comisión actúa como foro principal para el diálogo institucionalizado y continuo sobre cuestiones relacionadas con la aplicación y el examen de las directrices;</p>
        </content>
      </paragraph>
      <paragraph eId="para_19" class="SingleTxt">
        <num>	3.</num>
        <content eId="para_19__content">
          <p xml:space="preserve">
            <span class="italic">Conviene</span> en que la Comisión, en su 63<sup>er</sup> período de sesiones, examine los temas sustantivos y establezca el grupo de trabajo que recomendó en su 62<sup>º</sup> período de sesiones<authorialNote marker="6" placement="bottom" eId="authorialNote_6"><p xml:space="preserve"><span class="italic">Ibid.,</span> párr. 374. </p></authorialNote>, y celebre las consultas entre períodos de sesiones que estime necesarias, teniendo en cuenta las preocupaciones de todos los países, en particular las de los países en desarrollo;</p>
        </content>
      </paragraph>
      <paragraph eId="para_20" class="SingleTxt">
        <num>	4.</num>
        <content eId="para_20__content">
          <p xml:space="preserve">
            <span class="italic">Observa</span> que, en su 58º período de sesiones, la Subcomisión de Asuntos Jurídicos de la Comisión continuó su labor<authorialNote marker="7" placement="bottom" eId="authorialNote_7"><p xml:space="preserve"><span class="italic">Ibid</span>., cap. II, secc. C; véase también <a href="https://undocs.org/sp/A/AC.105/1203">A/AC.105/1203</a>.</p></authorialNote>, con arreglo a lo dispuesto por la Asamblea General en su resolución <a href="https://undocs.org/sp/A/RES/73/91">73/91</a>; </p>
        </content>
      </paragraph>
      <paragraph eId="para_21" class="SingleTxt">
        <num>	5.</num>
        <content eId="para_21__content">
          <p xml:space="preserve">
            <span class="italic">Conviene</span> en que la Subcomisión de Asuntos Jurídicos, en su 59º período de sesiones, examine los temas sustantivos y vuelva a convocar a los grupos de trabajo recomendados por la Comisión<authorialNote marker="8" placement="bottom" eId="authorialNote_8"><p xml:space="preserve"><span class="italic">Documentos Oficiales de la Asamblea General, septuagésimo cuarto período de sesiones, suplemento núm. 20</span> (<a href="https://undocs.org/sp/A/74/20">A/74/20</a>), párrs. 261 y 262. </p></authorialNote>, y celebre las consultas entre períodos de sesiones que estime necesarias, teniendo en cuenta las preocupaciones de todos los países, en particular las de los países en desarrollo;</p>
        </content>
      </paragraph>
      <paragraph eId="para_22" class="SingleTxt">
        <num>	6.</num>
        <content eId="para_22__content">
          <p xml:space="preserve">
            <span class="italic">Insta</span> a los Estados Miembros que aún no sean partes en los tratados internacionales que rigen la utilización del espacio ultraterrestre<authorialNote marker="9" placement="bottom" eId="authorialNote_9"><p xml:space="preserve">		Tratado sobre los Principios que Deben Regir las Actividades de los Estados en la Exploración y Utilización del Espacio Ultraterrestre, incluso la Luna y Otros Cuerpos Celestes (Naciones Unidas, <span class="italic">Treaty Series</span>, vol. 610, núm. 8843); Acuerdo sobre el Salvamento y la Devolución de Astronautas y la Restitución de Objetos Lanzados al Espacio Ultraterrestre (Naciones Unidas, <span class="italic">Treaty Series</span>, vol. 672, núm. 9574); Convenio sobre la Responsabilidad Internacional por Daños Causados por Objetos Espaciales (Naciones Unidas, <span class="italic">Treaty Series</span>, vol. 961, núm. 13810); Convenio sobre el Registro de Objetos Lanzados al Espacio Ultraterrestre (Naciones Unidas, <span class="italic">Treaty Series</span>, vol. 1023, núm. 15020); y Acuerdo que Debe Regir las Actividades de los Estados en la Luna y Otros Cuerpos Celestes (Naciones Unidas, <span class="italic">Treaty Series</span>, vol. 1363, núm. 23002).</p></authorialNote> a que consideren la posibilidad de ratificarlos o de adherirse a ellos de conformidad con su derecho interno, así como de incorporarlos a su legislación nacional;</p>
        </content>
      </paragraph>
      <paragraph eId="para_23" class="SingleTxt">
        <num>	7.</num>
        <content eId="para_23__content">
          <p xml:space="preserve">
            <span class="italic">Observa con satisfacción</span> que el plan de estudios sobre derecho del espacio preparado por la Oficina y publicado en todos los idiomas oficiales de las Naciones Unidas podría alentar la realización de nuevos estudios en los Estados Miembros, en cooperación con las entidades pertinentes, para apoyar los esfuerzos de creación de capacidad en materia de derecho y normativa espaciales; </p>
        </content>
      </paragraph>
      <paragraph eId="para_24" class="SingleTxt">
        <num>	8.</num>
        <content eId="para_24__content">
          <p xml:space="preserve">
            <span class="italic">Toma nota</span> del informe del Grupo de Trabajo encargado de Examinar los Mecanismos Internacionales de Cooperación en la Exploración y Utilización del Espacio Ultraterrestre con Fines Pacíficos sobre la labor realizada en el marco de su plan de trabajo plurianual<authorialNote marker="10" placement="bottom" eId="authorialNote_10"><p xml:space="preserve"><a href="https://undocs.org/sp/A/AC.105/C.2/112">A/AC.105/C.2/112</a>.</p></authorialNote>, ultimado durante el 56º período de sesiones de la Subcomisión de Asuntos Jurídicos, y observa que el informe constituye una importante fuente de información y orientación útil para nuevas iniciativas conjuntas de las naciones espaciales actuales y las nuevas naciones espaciales, según proceda;</p>
        </content>
      </paragraph>
      <paragraph eId="para_25" class="SingleTxt">
        <num>	9.</num>
        <content eId="para_25__content">
          <p xml:space="preserve">
            <span class="italic">Observa</span> que, en su 56º período de sesiones, la Subcomisión de Asuntos Científicos y Técnicos continuó su labor<authorialNote marker="11" placement="bottom" eId="authorialNote_11"><p xml:space="preserve"><span class="italic">Documentos Oficiales de la Asamblea General, septuagésimo cuarto período de sesiones, suplemento núm. 20</span> (<a href="https://undocs.org/sp/A/74/20">A/74/20</a>), cap. II, secc. B; véase también <a href="https://undocs.org/sp/A/AC.105/1202">A/AC.105/1202</a>. </p></authorialNote>, con arreglo a lo dispuesto por la Asamblea General en su resolución <a href="https://undocs.org/sp/A/RES/73/91">73/91</a>;</p>
        </content>
      </paragraph>
      <paragraph eId="para_26" class="SingleTxt">
        <num>	10.</num>
        <content eId="para_26__content">
          <p xml:space="preserve">
            <span class="italic">Conviene</span> en que la Subcomisión de Asuntos Científicos y Técnicos, en su 57º período de sesiones, examine los temas sustantivos y vuelva a convocar a los grupos de trabajo recomendados por la Comisión<authorialNote marker="12" placement="bottom" eId="authorialNote_12"><p xml:space="preserve"><span class="italic">Documentos Oficiales de la Asamblea General, septuagésimo cuarto período de sesiones, suplemento núm. 20</span> (<a href="https://undocs.org/sp/A/74/20">A/74/20</a>), párr. 184; véase también <a href="https://undocs.org/sp/A/AC.105/1202">A/AC.105/1202</a>.</p></authorialNote>, y celebre las consultas entre períodos de sesiones que estime necesarias, teniendo en cuenta las preocupaciones de todos los países, en particular las de los países en desarrollo; </p>
        </content>
      </paragraph>
      <paragraph eId="para_27" class="SingleTxt">
        <num>	11.</num>
        <content eId="para_27__content">
          <p xml:space="preserve">
            <span class="italic">Reitera</span> la importancia del intercambio de información para descubrir, vigilar y caracterizar físicamente los objetos cercanos a la Tierra potencialmente peligrosos, a fin de asegurar que todos los países, en particular los países en desarrollo con capacidad limitada para predecir y mitigar el impacto de uno de esos objetos, tengan conocimiento de las posibles amenazas, pone de relieve la necesidad de desarrollar la capacidad para una respuesta de emergencia y una gestión de desastres eficaces en caso de impacto de un objeto cercano a la Tierra, y observa con satisfacción la labor que han llevado a cabo la Red Internacional de Alerta de Asteroides y el Grupo Asesor para la Planificación de Misiones Espaciales para fortalecer la cooperación internacional orientada a mitigar la amenaza potencial que plantean los objetos cercanos a la Tierra, con el apoyo de la Oficina, que desempeña la función de secretaría permanente del Grupo Asesor<authorialNote marker="13" placement="bottom" eId="authorialNote_13"><p xml:space="preserve">		Véase <a href="https://undocs.org/sp/A/AC.105/1138">A/AC.105/1138</a>, párrs. 205 a 210.</p></authorialNote>;</p>
        </content>
      </paragraph>
      <paragraph eId="para_28" class="SingleTxt">
        <num>	12.</num>
        <content eId="para_28__content">
          <p xml:space="preserve">
            <span class="italic">Observa con aprecio</span> que algunos Estados Miembros ya están adoptando medidas, por iniciativa propia, para reducir los desechos espaciales, mediante mecanismos nacionales y de conformidad con las Directrices para la Reducción de Desechos Espaciales del Comité Interinstitucional de Coordinación en materia de Desechos Espaciales y las Directrices para la Reducción de Desechos Espaciales de la Comisión sobre la Utilización del Espacio Ultraterrestre con Fines Pacíficos<authorialNote marker="14" placement="bottom" eId="authorialNote_14"><p xml:space="preserve"><span class="italic">Documentos Oficiales de la Asamblea General, sexagésimo segundo período de sesiones, suplemento núm. 20</span> (<a href="https://undocs.org/sp/A/62/20(SUPP)">A/62/20</a>), párrs. 117 y 118 y anexo.</p></authorialNote>, que la Asamblea General hizo suyas en su resolución <a href="https://undocs.org/sp/A/RES/62/217">62/217</a>, e invita a otros Estados a que apliquen, mediante los mecanismos nacionales pertinentes, las Directrices para la Reducción de Desechos Espaciales de la Comisión sobre la Utilización del Espacio Ultraterrestre con Fines Pacíficos;</p>
        </content>
      </paragraph>
      <paragraph eId="para_29" class="SingleTxt">
        <num>	13.</num>
        <content eId="para_29__content">
          <p xml:space="preserve">
            <span class="italic">Considera</span> indispensable que los Estados Miembros presten más atención al problema del aumento gradual de la probabilidad de que se produzcan colisiones de objetos espaciales, especialmente los que utilizan fuentes de energía nuclear, con desechos espaciales, y a otros aspectos de la cuestión de esos desechos, pide que continúen las investigaciones nacionales sobre la cuestión, que se mejore la tecnología para la vigilancia de los desechos espaciales y que se recopilen y difundan datos sobre el tema, considera también que, en la medida de lo posible, se debería proporcionar información al respecto a la Subcomisión de Asuntos Científicos y Técnicos, y conviene en que se precisa la cooperación internacional para divulgar estrategias apropiadas y asequibles a fin de reducir al mínimo los efectos de los desechos espaciales en futuras misiones al espacio; </p>
        </content>
      </paragraph>
      <paragraph eId="para_30" class="SingleTxt">
        <num>	14.</num>
        <content eId="para_30__content">
          <p xml:space="preserve">
            <span class="italic">Insta</span> a todos los Estados Miembros, en particular a los que poseen una capacidad importante en materia espacial, a que contribuyan activamente al logro del objetivo de impedir una carrera de armamentos en el espacio ultraterrestre como condición indispensable para el fomento de la cooperación internacional en la exploración y utilización del espacio ultraterrestre con fines pacíficos; </p>
        </content>
      </paragraph>
      <paragraph eId="para_31" class="SingleTxt">
        <num>	15.</num>
        <content eId="para_31__content">
          <p xml:space="preserve">
            <span class="italic">Solicita</span> a la Comisión que siga examinando, con carácter prioritario, los medios de reservar el espacio ultraterrestre para fines pacíficos y que la informe al respecto en su septuagésimo quinto período de sesiones, y conviene en que la Comisión debe seguir examinando desde una perspectiva amplia la seguridad espacial y las cuestiones conexas que serían cruciales para garantizar que las actividades espaciales se lleven a cabo de forma segura y responsable, incluidos los medios para fomentar la cooperación internacional, regional e interregional para tal fin; </p>
        </content>
      </paragraph>
      <paragraph eId="para_32" class="SingleTxt">
        <num>	16.</num>
        <content eId="para_32__content">
          <p xml:space="preserve">
            <span class="italic">Pone de relieve</span> el papel fundamental de la Oficina en la promoción de la cooperación internacional en la exploración del espacio ultraterrestre y su utilización con fines pacíficos para el desarrollo económico, social y científico, en particular en beneficio de los países en desarrollo; </p>
        </content>
      </paragraph>
      <paragraph eId="para_33" class="SingleTxt">
        <num>	17.</num>
        <content eId="para_33__content">
          <p xml:space="preserve">
            <span class="italic">Observa con satisfacción</span> el programa de trabajo iniciado por la Oficina en 2019 para fortalecer la cooperación internacional en la realización de actividades espaciales con fines pacíficos y la utilización de la ciencia y la tecnología espaciales y sus aplicaciones con miras a lograr los Objetivos de Desarrollo Sostenible convenidos internacionalmente, en particular los talleres y simposios organizados para desarrollar capacidad, la asistencia prestada a los países en desarrollo, a solicitud de estos, en la elaboración de las políticas y la legislación nacionales en materia espacial de conformidad con el derecho internacional del espacio, y las medidas implementadas para fortalecer la capacidad institucional en materia de actividades espaciales;</p>
        </content>
      </paragraph>
      <paragraph eId="para_34" class="SingleTxt">
        <num>	18.</num>
        <content eId="para_34__content">
          <p xml:space="preserve">
            <span class="italic">Acoge con beneplácito</span>, a este respecto, las actividades que lleva a cabo la Oficina para promover la igualdad entre los géneros y el aumento del papel de la mujer en las actividades espaciales, en particular mediante actividades específicas de creación de capacidad y actividades de asesoramiento técnico, y los esfuerzos por alentar una mayor participación de las mujeres y las niñas en la enseñanza de la ciencia, la tecnología, la ingeniería y las matemáticas, e invita a los Estados Miembros a que hagan contribuciones voluntarias para esas actividades;</p>
        </content>
      </paragraph>
      <paragraph eId="para_35" class="SingleTxt">
        <num>	19.</num>
        <content eId="para_35__content">
          <p xml:space="preserve">
            <span class="italic">Solicita</span> a la Oficina que siga informando a la Comisión y su Subcomisión de Asuntos Científicos y Técnicos y su Subcomisión de Asuntos Jurídicos, en los respectivos períodos de sesiones que celebren en 2020, de la etapa alcanzada en sus actividades de desarrollo de la capacidad;</p>
        </content>
      </paragraph>
      <paragraph eId="para_36" class="SingleTxt">
        <num>	20.</num>
        <content eId="para_36__content">
          <p xml:space="preserve">
            <span class="italic">Reconoce</span> las actividades de capacitación llevadas a cabo en el marco del Programa de las Naciones Unidas de Aplicaciones de la Tecnología Espacial, que ofrecen beneficios únicos a los Estados Miembros, en particular a los países en desarrollo, que participan en ellas<authorialNote marker="15" placement="bottom" eId="authorialNote_15"><p xml:space="preserve">		Véase <a href="https://undocs.org/sp/A/AC.105/1202">A/AC.105/1202</a>, secc. II.</p></authorialNote>;</p>
        </content>
      </paragraph>
      <paragraph eId="para_37" class="SingleTxt">
        <num>	21.</num>
        <content eId="para_37__content">
          <p xml:space="preserve">
            <span class="italic">Observa con satisfacción</span> las actividades llevadas a cabo en el marco de la Plataforma de las Naciones Unidas de Información Obtenida desde el Espacio para la Gestión de Desastres y la Respuesta de Emergencia (ONU-SPIDER), y reconoce los importantes logros alcanzados y el asesoramiento prestado a los Estados Miembros en el marco de ONU-SPIDER desde su establecimiento en 2006<authorialNote marker="16" placement="bottom" eId="authorialNote_16"><p xml:space="preserve">		Véase la resolución <a href="https://undocs.org/sp/A/RES/61/110">61/110</a>.</p></authorialNote> con las valiosas contribuciones de su red de oficinas regionales de apoyo, y alienta a los Estados Miembros a que aporten al programa, a título voluntario, los recursos adicionales necesarios para hacer frente a la creciente demanda de apoyo de manera satisfactoria y oportuna; </p>
        </content>
      </paragraph>
      <paragraph eId="para_38" class="SingleTxt">
        <num>	22.</num>
        <content eId="para_38__content">
          <p xml:space="preserve">
            <span class="italic">Reitera </span>la importancia del Marco de Sendái para la Reducción del Riesgo de Desastres 2015‑2030<authorialNote marker="17" placement="bottom" eId="authorialNote_17"><p xml:space="preserve">		Resolución <a href="https://undocs.org/sp/A/RES/69/283">69/283</a>, anexo II.</p></authorialNote>, en el que se reconoce el valor de la tecnología basada en el espacio y la observación de la Tierra para la gestión de desastres y la respuesta a las emergencias, y observa con satisfacción los esfuerzos desplegados por la Oficina y su programa ONU-SPIDER a fin de promover la cooperación internacional como medio de mejorar la utilización de las tecnologías basadas en el espacio y los servicios conexos en los planos nacional y local para contribuir a la implementación del Marco de Sendái y la Agenda 2030 para el Desarrollo Sostenible<sup>2</sup>;</p>
        </content>
      </paragraph>
      <paragraph eId="para_39" class="SingleTxt">
        <num>	23.</num>
        <content eId="para_39__content">
          <p xml:space="preserve">
            <span class="italic">Observa con satisfacción</span> los progresos continuos realizados por el Comité Internacional sobre los Sistemas Mundiales de Navegación por Satélite con el apoyo de la Oficina, en su calidad de secretaría ejecutiva del Comité Internacional, para lograr la compatibilidad e interoperabilidad de los sistemas espaciales mundiales y regionales de determinación de la posición, navegación y cronometría y para promover el uso de los sistemas mundiales de navegación por satélite y su integración en la infraestructura nacional, particularmente en los países en desarrollo, y observa con aprecio que el Comité Internacional celebró su 14ª reunión en Bengaluru (India) del 8 al 13 de diciembre de 2019; </p>
        </content>
      </paragraph>
      <paragraph eId="para_40" class="SingleTxt">
        <num>	24.</num>
        <content eId="para_40__content">
          <p xml:space="preserve">
            <span class="italic">Observa con aprecio</span> que los centros regionales de formación en ciencia y tecnología espaciales afiliados a las Naciones Unidas, a saber, los centros regionales africanos de formación en ciencia y tecnología espaciales en francés e inglés, situados en Marruecos y Nigeria, respectivamente, el Centro Regional de Educación en Ciencia y Tecnología Espaciales para Asia y el Pacífico, situado en China, el Centro de Educación en Ciencia y Tecnología Espaciales en Asia y el Pacífico, situado en la India, el Centro Regional de Enseñanza de Ciencia y Tecnología del Espacio para América Latina y el Caribe, con campus en el Brasil y México, y el Centro de Educación en Ciencia y Tecnología Espaciales para Asia Occidental, situado en Jordania, han seguido impartiendo sus programas de educación en 2019, alienta a los centros regionales a que sigan promoviendo una mayor participación de la mujer en sus programas de educación, y conviene en que los centros regionales continúen informando a la Comisión sobre la Utilización del Espacio Ultraterrestre con Fines Pacíficos de sus actividades; </p>
        </content>
      </paragraph>
      <paragraph eId="para_41" class="SingleTxt">
        <num>	25.</num>
        <content eId="para_41__content">
          <p xml:space="preserve">
            <span class="italic">Pone de relieve</span> que la cooperación regional e interregional en la esfera de las actividades espaciales es esencial para fortalecer la utilización del espacio ultraterrestre con fines pacíficos, asistir a los Estados Miembros en el desarrollo de su capacidad espacial y contribuir a la implementación de la Agenda 2030 para el Desarrollo Sostenible, con ese fin, solicita a las organizaciones regionales pertinentes y a sus grupos de expertos que ofrezcan la asistencia necesaria para que los países puedan aplicar las recomendaciones de las conferencias regionales y, a este respecto, señala la importancia de la participación en pie de igualdad de las mujeres en todas las esferas de la ciencia y la tecnología; </p>
        </content>
      </paragraph>
      <paragraph eId="para_42" class="SingleTxt">
        <num>	26.</num>
        <content eId="para_42__content">
          <p xml:space="preserve">
            <span class="italic">Reconoce</span>, a este respecto, el importante papel que desempeñan las entidades como la Organización de Cooperación Espacial de Asia y el Pacífico y la Agencia Espacial Europea y las conferencias y otros mecanismos como la Conferencia de Líderes Africanos sobre la Ciencia y la Tecnología Espaciales para el Desarrollo Sostenible, el Foro Regional de Organismos Espaciales de Asia y el Pacífico y la Conferencia Espacial de las Américas para el fortalecimiento de la cooperación regional e internacional entre Estados; </p>
        </content>
      </paragraph>
      <paragraph eId="para_43" class="SingleTxt">
        <num>	27.</num>
        <content eId="para_43__content">
          <p xml:space="preserve">
            <span class="italic">Observa con satisfacción</span> la aprobación de la Política y Estrategia Africanas en materia Espacial por la Asamblea de la Unión Africana en su 26º período ordinario de sesiones, celebrado en Addis Abeba los días 30 y 31 de enero de 2016, observa que ese logro es el primer paso hacia la ejecución de un programa espacial africano en el marco de la Agenda 2063 de la Unión Africana y acoge con beneplácito a este respecto el establecimiento de la Agencia Espacial Africana, que tendrá su sede en Egipto;</p>
        </content>
      </paragraph>
      <paragraph eId="para_44" class="SingleTxt">
        <num>	28.</num>
        <content eId="para_44__content">
          <p xml:space="preserve">
            <span class="italic">Pone de relieve</span> la necesidad de sacar mayor provecho de la tecnología espacial y sus aplicaciones y de contribuir a la expansión sistemática de las actividades espaciales que propicien el crecimiento económico sostenido y el desarrollo sostenible de todos los países y sirvan para afianzar la infraestructura sostenible de datos espaciales en los planos regional y nacional y para crear resiliencia a fin de reducir las consecuencias de los desastres, particularmente en los países en desarrollo; </p>
        </content>
      </paragraph>
      <paragraph eId="para_45" class="SingleTxt">
        <num>	29.</num>
        <content eId="para_45__content">
          <p xml:space="preserve">
            <span class="italic">Reitera</span> la necesidad de promover los beneficios de la tecnología espacial y sus aplicaciones en las grandes conferencias y cumbres organizadas por las Naciones Unidas para examinar el desarrollo económico, social y cultural y los ámbitos conexos, y reconoce que la importancia fundamental de la ciencia y la tecnología espaciales y sus aplicaciones para los procesos de desarrollo sostenible en los planos mundial, regional, nacional y local debe promoverse en la formulación de políticas y programas de acción y su aplicación, en particular mediante esfuerzos encaminados a lograr los objetivos de esas conferencias y cumbres e implementar la Agenda 2030 para el Desarrollo Sostenible; </p>
        </content>
      </paragraph>
      <paragraph eId="para_46" class="SingleTxt">
        <num>	30.</num>
        <content eId="para_46__content">
          <p xml:space="preserve">
            <span class="italic">Alienta</span> a los Estados Miembros a que, con ese fin, aboguen por que en esas conferencias, cumbres y procesos se tengan en cuenta la importancia de las aplicaciones de la ciencia y la tecnología espaciales y la utilización de datos geoespaciales obtenidos desde el espacio y, en general, de datos e infraestructuras basados en el ámbito espacial, con la participación de la Oficina; </p>
        </content>
      </paragraph>
      <paragraph eId="para_47" class="SingleTxt">
        <num>	31.</num>
        <content eId="para_47__content">
          <p xml:space="preserve">
            <span class="italic">Alienta</span> a la Oficina a que participe activamente en esas conferencias, cumbres y procesos y demás actividades en apoyo de sus objetivos, cuando proceda, y a que lleve a cabo actividades de creación de capacidad, celebre conferencias y participe en actividades académicas y de investigación para promover la cooperación internacional para la utilización del espacio ultraterrestre con fines pacíficos; </p>
        </content>
      </paragraph>
      <paragraph eId="para_48" class="SingleTxt">
        <num>	32.</num>
        <content eId="para_48__content">
          <p xml:space="preserve">
            <span class="italic">Insta</span> a la Reunión Interinstitucional sobre las Actividades relativas al Espacio Ultraterrestre (ONU-Espacio) a que, bajo la dirección de la Oficina, siga examinando la forma en que la ciencia y la tecnología espaciales y sus aplicaciones podrían contribuir a la Agenda 2030 para el Desarrollo Sostenible, y alienta a las entidades del sistema de las Naciones Unidas a que participen, según corresponda, en los esfuerzos de coordinación de ONU-Espacio para tal fin; </p>
        </content>
      </paragraph>
      <paragraph eId="para_49" class="SingleTxt">
        <num>	33.</num>
        <content eId="para_49__content">
          <p xml:space="preserve">
            <span class="italic">Alienta</span> a la Oficina a que siga llevando a cabo actividades de divulgación y de creación de capacidad relacionadas con la seguridad espacial y con la transparencia y las medidas de fomento de la confianza en las actividades relativas al espacio ultraterrestre, cuando proceda, y en el contexto de la sostenibilidad a largo plazo de las actividades en el espacio ultraterrestre; </p>
        </content>
      </paragraph>
      <paragraph eId="para_50" class="SingleTxt">
        <num>	34.</num>
        <content eId="para_50__content">
          <p xml:space="preserve">
            <span class="italic">Alienta también</span> a la Oficina a que siga estudiando las vías existentes y nuevas oportunidades a fin de aumentar su capacidad de satisfacer la demanda creciente de apoyo para fortalecer la capacidad de los países, en particular los países en desarrollo, en la utilización de la ciencia y la tecnología espaciales y sus aplicaciones, y a que informe a la Comisión de esa labor;</p>
        </content>
      </paragraph>
      <paragraph eId="para_51" class="SingleTxt">
        <num>	35.</num>
        <content eId="para_51__content">
          <p xml:space="preserve">
            <span class="italic">Conviene</span> en que la Oficina procure estrechar su relación con la industria y las entidades del sector privado para promover su apoyo y sus contribuciones a la labor general de la Oficina<authorialNote marker="18" placement="bottom" eId="authorialNote_18"><p xml:space="preserve"><span class="italic">Documentos Oficiales de la Asamblea General, septuagésimo segundo período de sesiones, suplemento núm. 20</span> (<a href="https://undocs.org/sp/A/72/20">A/72/20</a>), párr. 326.</p></authorialNote>;</p>
        </content>
      </paragraph>
      <paragraph eId="para_52" class="SingleTxt">
        <num>	36.</num>
        <content eId="para_52__content">
          <p xml:space="preserve">
            <span class="italic">Hace un llamamiento</span> a los Gobiernos, las entidades competentes del sistema de las Naciones Unidas, las organizaciones intergubernamentales y no gubernamentales, las instituciones, la industria, las entidades del sector privado y los particulares para que aporten contribuciones voluntarias al fondo fiduciario en apoyo del Programa de las Naciones Unidas sobre la Utilización del Espacio Ultraterrestre con Fines Pacíficos a fin de apoyar los esfuerzos de la Oficina para obtener recursos adicionales que faciliten la plena ejecución de su programa de trabajo, sobre todo, cuando corresponda, la financiación de proyectos especiales, y de prestar asistencia de otro tipo a la Oficina en la realización de actividades de cooperación y asistencia técnicas, en particular para los países en desarrollo;</p>
        </content>
      </paragraph>
      <paragraph eId="para_53" class="SingleTxt">
        <num>	37.</num>
        <content eId="para_53__content">
          <p xml:space="preserve">
            <span class="italic">Reitera, </span>con respecto a la composición de las mesas de la Comisión y sus subcomisiones para el período 2020-2021<authorialNote marker="19" placement="bottom" eId="authorialNote_19"><p xml:space="preserve"><sup></sup><span class="italic">Ibid., Septuagésimo tercer período de sesiones, suplemento núm. 20 </span>(<a href="https://undocs.org/sp/A/73/20">A/73/20</a>), párrs. 365 a 370.</p></authorialNote>, que la Comisión y sus subcomisiones, en sus respectivos períodos de sesiones de 2020, deberán elegir a los integrantes de sus mesas de conformidad con esa composición;</p>
        </content>
      </paragraph>
      <paragraph eId="para_54" class="SingleTxt">
        <num>	38.</num>
        <content eId="para_54__content">
          <p xml:space="preserve">
            <span class="italic">Decide</span> que la República Dominicana, Rwanda y Singapur pasen a ser miembros de la Comisión<authorialNote marker="20" placement="bottom" eId="authorialNote_20"><p xml:space="preserve"><span class="italic">Ibid., Septuagésimo cuarto período de sesiones, suplemento núm. 20</span> (<a href="https://undocs.org/sp/A/74/20">A/74/20</a>), párrs. 365 a 367.</p></authorialNote>;</p>
        </content>
      </paragraph>
      <paragraph eId="para_55" class="SingleTxt">
        <num>	39.</num>
        <content eId="para_55__content">
          <p xml:space="preserve">
            <span class="italic">Hace suya </span>la decisión de la Comisión de otorgar la condición de observadora a la Moon Village Association, de conformidad con los procedimientos de la Comisión<authorialNote marker="21" placement="bottom" eId="authorialNote_21"><p xml:space="preserve"><span class="italic">Ibid.,</span> párrs. 368 a 370.</p></authorialNote>;</p>
        </content>
      </paragraph>
      <paragraph eId="para_56" class="SingleTxt">
        <num>	40.</num>
        <content eId="para_56__content">
          <p xml:space="preserve">
            <span class="italic">Alienta</span> a los grupos regionales a que promuevan la participación activa de los Estados miembros de la Comisión que también son miembros de los grupos regionales respectivos en la labor de esta y de sus órganos subsidiarios.</p>
        </content>
      </paragraph>
    </mainBody>
    <conclusions eId="conclusions">
      <p>
        <inline name="adoptionMeeting" title="47a">47a sesión plenaria</inline>
        <eol />
        <docDate date="2019-12-13" refersTo="#adoptionDate">13 de diciembre de 2019</docDate>
      </p>
    </conclusions>
  </statement>
</akomaNtoso>