<akomaNtoso xmlns:xsi="http://www.w3.org/2001/XMLSchema-instance" xsi:schemaLocation="http://docs.oasis-open.org/legaldocml/ns/akn/3.0 http://docs.oasis-open.org/legaldocml/akn-core/v1.0/os/part2-specs/schemas/akomantoso30.xsd" xmlns="http://docs.oasis-open.org/legaldocml/ns/akn/3.0" xmlns:html="http://www.w3.org/1999/xhtml" xmlns:akn4un="http://un.org/akn4un">
  <statement name="resolution">
    <meta>
      <identification source="#DGACM">
        <FRBRWork>
          <FRBRthis value="/akn/un/statement/deliberation/unga/2019-11-11/74-8/!main/"></FRBRthis>
          <FRBRuri value="/akn/un/statement/deliberation/unga/2019-11-11/74-8/"></FRBRuri>
          <FRBRdate date="2019-11-11" name="adoption"></FRBRdate>
          <FRBRauthor href="ga" as="author"></FRBRauthor>
          <FRBRcountry value="un"></FRBRcountry>
        </FRBRWork>
        <FRBRExpression>
          <FRBRthis value="/akn/un/statement/deliberation/unga/2019-11-11/74-8/spa@!main/"></FRBRthis>
          <FRBRuri value="/akn/un/statement/deliberation/unga/2019-11-11/74-8/spa@/"></FRBRuri>
          <FRBRdate date="2019-11-12" name="publication"></FRBRdate>
          <FRBRauthor href="ga" as="issuer"></FRBRauthor>
          <FRBRlanguage language="spa"></FRBRlanguage>
        </FRBRExpression>
        <FRBRManifestation>
          <FRBRthis value="/akn/un/statement/deliberation/unga/2019-11-11/74-8/spa@/!main.xml"></FRBRthis>
          <FRBRuri value="/akn/un/statement/deliberation/unga/2019-11-11/74-8/spa@.xml"></FRBRuri>
          <FRBRdate date="2020-08-17" name="markup"></FRBRdate>
          <FRBRauthor href="DGACM" as="editor"></FRBRauthor>
        </FRBRManifestation>
      </identification>
      <classification source="http://metadata.un.org/sdg">
        <keyword value="2" href="http://metadata.un.org/sdg/2" showAs="sdg_2" dictionary="SDGO"></keyword>
        <keyword value="food_shortage" href="http://eurovoc.europa.eu/2318" showAs="food_shortage" dictionary="EuroVoc"></keyword>
        <keyword value="sustainable_agriculture" href="http://eurovoc.europa.eu/6308" showAs="sustainable_agriculture" dictionary="EuroVoc"></keyword>
        <keyword value="food_security" href="http://eurovoc.europa.eu/c_4523e1dd" showAs="food_security" dictionary="EuroVoc"></keyword>
        <keyword value="food_security" href="http://metadata.un.org/thesaurus/1002439" showAs="food_security" dictionary="UNBIS Thesaurus"></keyword>
        <keyword value="food_shortage" href="http://metadata.un.org/thesaurus/1002440" showAs="food_shortage" dictionary="UNBIS Thesaurus"></keyword>
        <keyword value="hunger" href="http://metadata.un.org/thesaurus/1003004" showAs="hunger" dictionary="UNBIS Thesaurus"></keyword>
        <keyword value="sustainable_agriculture" href="http://metadata.un.org/thesaurus/1006317" showAs="sustainable_agriculture" dictionary="UNBIS Thesaurus"></keyword>
      </classification>
      <classification source="http://metadata.un.org/sdg">
        <keyword value="7" href="http://metadata.un.org/sdg/7" showAs="sdg_7" dictionary="SDGO"></keyword>
        <keyword value="66_energy" href="http://eurovoc.europa.eu/100159" showAs="66_energy" dictionary="EuroVoc"></keyword>
        <keyword value="energy_market" href="http://eurovoc.europa.eu/4886" showAs="energy_market" dictionary="EuroVoc"></keyword>
        <keyword value="sustainable_energy" href="http://metadata.un.org/thesaurus/1006320" showAs="sustainable_energy" dictionary="UNBIS Thesaurus"></keyword>
      </classification>
      <classification source="http://metadata.un.org/sdg">
        <keyword value="16" href="http://metadata.un.org/sdg/16" showAs="sdg_16" dictionary="SDGO"></keyword>
        <keyword value="right_to_justice" href="http://eurovoc.europa.eu/516" showAs="right_to_justice" dictionary="EuroVoc"></keyword>
        <keyword value="sustainable_development" href="http://eurovoc.europa.eu/5585" showAs="sustainable_development" dictionary="EuroVoc"></keyword>
        <keyword value="civil_society" href="http://metadata.un.org/thesaurus/1001012" showAs="civil_society" dictionary="UNBIS Thesaurus"></keyword>
        <keyword value="justice" href="http://metadata.un.org/thesaurus/1003500" showAs="justice" dictionary="UNBIS Thesaurus"></keyword>
        <keyword value="peaceful_coexistence" href="http://metadata.un.org/thesaurus/1004777" showAs="peaceful_coexistence" dictionary="UNBIS Thesaurus"></keyword>
        <keyword value="public_institutions" href="http://metadata.un.org/thesaurus/1005254" showAs="public_institutions" dictionary="UNBIS Thesaurus"></keyword>
        <keyword value="social_justice" href="http://metadata.un.org/thesaurus/1005970" showAs="social_justice" dictionary="UNBIS Thesaurus"></keyword>
        <keyword value="sustainable_development" href="http://metadata.un.org/thesaurus/1006319" showAs="sustainable_development" dictionary="UNBIS Thesaurus"></keyword>
      </classification>
      <classification source="http://metadata.un.org/sdg">
        <keyword value="17" href="http://metadata.un.org/sdg/17" showAs="sdg_17" dictionary="SDGO"></keyword>
        <keyword value="sustainable_development" href="http://eurovoc.europa.eu/5585" showAs="sustainable_development" dictionary="EuroVoc"></keyword>
        <keyword value="partnership" href="http://eurovoc.europa.eu/4199" showAs="partnership" dictionary="EuroVoc"></keyword>
        <keyword value="sustainable_development" href="http://metadata.un.org/thesaurus/1006319" showAs="sustainable_development" dictionary="UNBIS Thesaurus"></keyword>
        <keyword value="partnership" href="http://metadata.un.org/thesaurus/1004748" showAs="partnership" dictionary="UNBIS Thesaurus"></keyword>
      </classification>
      <workflow source="#un">
        <step date="2019-10-30" outcome="draftResolution" as="A/74/L.10" by="Austria, Belgium, Canada, Croatia, Cyprus, Czechia, Denmark, Egypt, Estonia, Finland, France, Greece, Hungary, India, Ireland, Italy, Latvia, Liechtenstein, Lithuania, Luxembourg, Malaysia, Malta, Netherlands, Philippines, Poland, Portugal, Romania, San Marino, Slovakia, Slovenia, Sweden, Thailand, United States of America and Uruguay" />
        <step date="0001-01-01" outcome="draftResolutionAdditionalSponsors" by="Albania, Algeria, Argentina, Armenia, Australia, Bangladesh, Belarus, Bosnia and Herzegovina, Brunei Darussalam, Bulgaria, Central African Republic, Chile, Colombia, Democratic Republic of the Congo, Dominican Republic, Georgia, Germany, Guatemala, Indonesia, Iraq, Japan, Jordan, Kazakhstan, Lebanon, Mexico, Monaco, Mongolia, Montenegro, Morocco, New Zealand, North Macedonia, Norway, Republic of Korea, Russian Federation, Serbia, Seychelles, Singapore, South Africa, Spain, Sudan, Tajikistan, Tunisia, Turkey, Ukraine, United Arab Emirates and United Kingdom" />
        <step date="0001-01-01" outcome="recommendedForAdoption" by="" />
        <step date="2019-11-11" outcome="adopted" as="A/74/PV.30" by="" />
      </workflow>
      <analysis source="#un">
        <parliamentary>
          <voting outcome="adoptedWithoutVote">
            <quorum value=""></quorum>
          </voting>
        </parliamentary>
      </analysis>
      <references source="#DGACM">
        <TLCOrganization eId="source" href="/akn/ontology/organization/un/DGACM" showAs="DGACM"></TLCOrganization>
        <TLCConcept eId="dateOfIssuance" href="/akn/ontology/concept/un/dateOfIssuance" showAs="Date of issuance"></TLCConcept>
        <TLCConcept eId="dateOfAdoption" href="/akn/ontology/concept/un/dateOfAdoption" showAs="Date of adoption"></TLCConcept>
        <TLCConcept eId="symbol" href="/akn/ontology/reference/un/symbol" showAs="Symbol"></TLCConcept>
        <TLCRole eId="publisher" href="/akn/ontology/role/un/publisher" showAs="Publisher"></TLCRole>
        <TLCRole eId="issuingBody" href="/akn/role/concept/un/issuingBody" showAs="Issuing body"></TLCRole>
        <TLCRole eId="author" href="/akn/ontology/role/un/author" showAs="Author"></TLCRole>
        <TLCRole eId="editor" href="/akn/ontology/role/un/editor" showAs="Editor"></TLCRole>
        <TLCRole eId="distribution" href="/akn/ontology/concept/un/generalDistribution" showAs="General distribution"></TLCRole>
        <TLCOrganization eId="ga" href="/akn/ontology/organization/un/generalAssembly" showAs="General Assembly"></TLCOrganization>
        <TLCTerm eId="resolutionTitle" href="/akn/ontology/reference/un/resolutionTitle" showAs="Resolution title"></TLCTerm>
        <TLCTerm eId="noMainCommittee" href="#noMainCommittee" showAs="sin remisión previa a una Comisión Principal"></TLCTerm>
        <TLCTerm eId="memberState" href="/akn/ontology/organization/un/memberState" showAs="Member State"></TLCTerm>
        <TLCTerm eId="inFavour" href="/akn/ontology/concept/un/voting/inFavour" showAs="In favour"></TLCTerm>
        <TLCTerm eId="against" href="/akn/ontology/concept/un/voting/against" showAs="Against"></TLCTerm>
        <TLCTerm eId="abstaining" href="/akn/ontology/concept/un/voting/abstaining" showAs="Abstaining"></TLCTerm>
      </references>
      <presentation source="#un">
        <akn4un:footerFirstPage>
          <akn4un:footerFirstPageLeft>
            <akn4un:internalCode>
              <docketNumber refersTo="#publicationJobNumber">19-19479 (S)</docketNumber>
              <img alt="bar code" class="barCode" src=""></img>
            </akn4un:internalCode>
          </akn4un:footerFirstPageLeft>
          <akn4un:footerFirstPageRight>
            <img alt="Please recycle" class="image" src="./recylcleLogo.jpg"></img>
            <img alt="embedded QR code" class="qrCode" src=""></img>
          </akn4un:footerFirstPageRight>
        </akn4un:footerFirstPage>
      </presentation>
    </meta>
    <coverPage eId="coverPage_1">
      <p>
        <span refersTo="#publisher" class="upperLeft">
          <docAuthority refersTo="#publisher">Naciones Unidas</docAuthority>
        </span>
      </p>
      <p class="upperRight">
        <docNumber refersTo="#symbol">A/RES/74/8</docNumber>
      </p>
      <p class="upperLeft">
        <img src="logo-un.jpg"></img>
        <docAuthority refersTo="#issuingBody" class="rightBig">Asamblea General</docAuthority>
      </p>
      <p>
        <docStatus refersTo="#generalDistribution" class="rightSmall">Distr. general</docStatus>
      </p>
      <p>
        <docDate date="2019-11-12" class="rightSmall" refersTo="#dateOfIssuance">12 de noviembre de 2019</docDate>
      </p>
      <p>
        <session refersTo="#generalAssembly" value="74" eId="coverPage_1__session_1">Septuagésimo cuarto período de sesiones</session>
      </p>
      <p>
        <inline name="agenda item">Tema 88 del programa</inline>
      </p>
      <p>
        <inline name="agenda item name">Informe del Organismo Internacional de Energía Atómica</inline>
      </p>
      <p>
        <docTitle>Resolución aprobada por la Asamblea General el 11 de noviembre de 2019</docTitle>
      </p>
      <p xml:space="preserve">
        <docProponent refersTo="#noMainCommittee">[sin remisión previa a una Comisión Principal (<inline name="originating document">A/74/L.10 y A/74/L.10/Add.1</inline>)]</docProponent>
      </p>
    </coverPage>
    <preface>
      <p>
        <docNumber>74/8.</docNumber>
        <docTitle refersTo="#resolutionTitle">Informe del Organismo Internacional de Energía Atómica</docTitle>
      </p>
    </preface>
    <preamble>
      <formula name="enactingFormula" eId="formula_1">
        <p xml:space="preserve">
          <span class="italic">La Asamblea General,</span>
        </p>
      </formula>
      <container name="Habiendo recibido" eId="container_2">
        <p xml:space="preserve">
          <span class="italic">Habiendo recibido</span> el informe del Organismo Internacional de Energía Atómica para 2018<authorialNote marker="1" placement="bottom" eId="authorialNote_1"><p xml:space="preserve">	 	Véase <a href="https://undocs.org/es/A/74/287">A/74/287</a>.</p></authorialNote>,</p>
      </container>
      <container name="Lamentando" eId="container_3">
        <p xml:space="preserve">
          <span class="italic">Lamentando</span> el fallecimiento del Sr. Yukiya Amano, Director General del Organismo,</p>
      </container>
      <container name="Tomando nota" eId="container_4">
        <p xml:space="preserve">
          <span class="italic">Tomando nota</span> de la declaración del Director General Interino del Organismo, en la que este proporcionó información adicional sobre los aspectos más destacados de las actividades que llevó a cabo el Organismo en 2019,</p>
      </container>
      <container name="Reconociendo" eId="container_5">
        <p xml:space="preserve">
          <span class="italic">Reconociendo</span> la importancia de la labor del Organismo, </p>
      </container>
      <container name="Reconociendo también" eId="container_6">
        <p xml:space="preserve">
          <span class="italic">Reconociendo también</span> la cooperación entre las Naciones Unidas y el Organismo y el Acuerdo sobre las relaciones entre las Naciones Unidas y el Organismo, aprobado por la Conferencia General del Organismo el 23 de octubre de 1957 y por la Asamblea General en el anexo de su resolución <a href="https://undocs.org/sp/A/RES/1145 (XII)">1145 (XII)</a>, de 14 de noviembre de 1957, </p>
      </container>
    </preamble>
    <mainBody>
      <paragraph eId="para_7" class="MercuryDocument">
        <num>	1.</num>
        <content eId="para_7__content">
          <p xml:space="preserve">
            <span class="italic">Toma nota con aprecio</span> del informe del Organismo Internacional de Energía Atómica<sup>1</sup>;</p>
        </content>
      </paragraph>
      <paragraph eId="para_8" class="MercuryDocument">
        <num>	2.</num>
        <content eId="para_8__content">
          <p xml:space="preserve">
            <span class="italic">Toma nota</span> de las resoluciones GC(63)/RES/1, en que se rinde homenaje al difunto Director General, Sr. Yukiya Amano; GC(63)/RES/7, relativa a la seguridad nuclear y radiológica; GC(63)/RES/8, relativa a la seguridad física nuclear; GC(63)/RES/9, relativa al fortalecimiento de las actividades de cooperación técnica del Organismo; GC(63)/RES/10, relativa al fortalecimiento de las actividades del Organismo relacionadas con la ciencia, la tecnología y las aplicaciones nucleares, que comprende las resoluciones GC(63)/RES/10 A, relativa a las aplicaciones nucleares no eléctricas, y GC(63)/RES/10 B, relativa a las aplicaciones nucleoeléctricas; GC(63)/RES/11, relativa al fortalecimiento de la eficacia y el aumento de la eficiencia de las salvaguardias del Organismo; GC(63)/RES/12, relativa a la aplicación del Acuerdo de Salvaguardias en relación con el Tratado sobre la No Proliferación de las Armas Nucleares entre el Organismo y la República Popular Democrática de Corea; y GC(63)/RES/13, relativa a la aplicación de las salvaguardias del Organismo en el Oriente Medio; y GC(63)/RES/14, relativa a cuestiones de personal, que comprende las resoluciones GC(63)/RES/14 A, relativa al personal de la secretaría del Organismo, y GC(63)/RES/14 B, relativa a la representación de las mujeres en la secretaría; y las decisiones GC(63)/DEC/11, relativa a la enmienda del artículo XIV.A del Estatuto del Organismo; GC(63)/DEC/12, relativa al fomento de la eficiencia y la eficacia del proceso de adopción de decisiones del Organismo; y GC(63)/DEC/13, relativa a la enmienda del artículo VI del Estatuto del Organismo, aprobadas por la Conferencia General del Organismo en su 63ª reunión ordinaria, que se celebró del 16 al 20 de septiembre de 2019; </p>
        </content>
      </paragraph>
      <paragraph eId="para_9" class="MercuryDocument">
        <num>	3.</num>
        <content eId="para_9__content">
          <p xml:space="preserve">
            <span class="italic">Expresa su aprecio</span> por el servicio ejemplar prestado durante 10 años por el difunto Director General, Sr. Amano, y por su notable contribución al fortalecimiento de las iniciativas del Organismo en pro de la paz y la seguridad internacionales y en apoyo del uso pacífico de las tecnologías nucleares, en particular a través del lema “Átomos para la paz y el desarrollo”;</p>
        </content>
      </paragraph>
      <paragraph eId="para_10" class="MercuryDocument">
        <num>	4.</num>
        <content eId="para_10__content">
          <p xml:space="preserve">
            <span class="italic">Reafirma su enérgico apoyo</span> a la indispensable función que desempeña el Organismo en la labor de alentar el desarrollo y la aplicación práctica de la energía atómica con fines pacíficos y prestar asistencia en esas esferas, en la transferencia de tecnología a los países en desarrollo y en la seguridad, verificación y protección en el ámbito nuclear; </p>
        </content>
      </paragraph>
      <paragraph eId="para_11" class="MercuryDocument">
        <num>	5.</num>
        <content eId="para_11__content">
          <p xml:space="preserve">
            <span class="italic">Hace un llamamiento</span> a los Estados Miembros para que sigan apoyando las actividades del Organismo; </p>
        </content>
      </paragraph>
      <paragraph eId="para_12" class="MercuryDocument">
        <num>	6.</num>
        <content eId="para_12__content">
          <p xml:space="preserve">
            <span class="italic">Solicita</span> al Secretario General que transmita al Director General Interino del Organismo las actas de las deliberaciones celebradas en su septuagésimo cuarto período de sesiones relativas a las actividades del Organismo.</p>
        </content>
      </paragraph>
    </mainBody>
    <conclusions eId="conclusions">
      <p>
        <inline name="adoptionMeeting" title="30a">30a sesión plenaria</inline>
        <eol />
        <docDate date="2019-11-11" refersTo="#adoptionDate">11 de noviembre de 2019</docDate>
      </p>
    </conclusions>
  </statement>
</akomaNtoso>