<akomaNtoso xmlns:xsi="http://www.w3.org/2001/XMLSchema-instance" xsi:schemaLocation="http://docs.oasis-open.org/legaldocml/ns/akn/3.0 http://docs.oasis-open.org/legaldocml/akn-core/v1.0/os/part2-specs/schemas/akomantoso30.xsd" xmlns="http://docs.oasis-open.org/legaldocml/ns/akn/3.0" xmlns:html="http://www.w3.org/1999/xhtml" xmlns:akn4un="http://un.org/akn4un">
  <statement name="resolution">
    <meta>
      <identification source="#DGACM">
        <FRBRWork>
          <FRBRthis value="/akn/un/statement/deliberation/unga/2019-12-13/74-89/!main/"></FRBRthis>
          <FRBRuri value="/akn/un/statement/deliberation/unga/2019-12-13/74-89/"></FRBRuri>
          <FRBRdate date="2019-12-13" name="adoption"></FRBRdate>
          <FRBRauthor href="ga" as="author"></FRBRauthor>
          <FRBRcountry value="un"></FRBRcountry>
        </FRBRWork>
        <FRBRExpression>
          <FRBRthis value="/akn/un/statement/deliberation/unga/2019-12-13/74-89/spa@!main/"></FRBRthis>
          <FRBRuri value="/akn/un/statement/deliberation/unga/2019-12-13/74-89/spa@/"></FRBRuri>
          <FRBRdate date="2019-12-26" name="publication"></FRBRdate>
          <FRBRauthor href="ga" as="issuer"></FRBRauthor>
          <FRBRlanguage language="spa"></FRBRlanguage>
        </FRBRExpression>
        <FRBRManifestation>
          <FRBRthis value="/akn/un/statement/deliberation/unga/2019-12-13/74-89/spa@/!main.xml"></FRBRthis>
          <FRBRuri value="/akn/un/statement/deliberation/unga/2019-12-13/74-89/spa@.xml"></FRBRuri>
          <FRBRdate date="2020-08-18" name="markup"></FRBRdate>
          <FRBRauthor href="DGACM" as="editor"></FRBRauthor>
        </FRBRManifestation>
      </identification>
      <workflow source="#un">
        <step date="2019-11-11" outcome="draftResolution" as="A/C.4/74/L.16" by="Algeria, Bolivia (Plurinational State of), Cuba, Djibouti, Egypt, Gambia, Indonesia, Iraq, Kuwait, Maldives, Morocco, Nicaragua, Nigeria, Oman, Tunisia, United Arab Emirates, Venezuela (Bolivarian Republic of), Yemen and State of Palestine" />
        <step date="0001-01-01" outcome="draftResolutionAdditionalSponsors" by="Bahrain, Bangladesh, Brunei Darussalam, Democratic Peoples Republic of Korea, Lebanon, Malaysia, Mauritania, Namibia, Qatar, Saudi Arabia, Senegal, Somalia, South Africa and Sudan" />
        <step date="0001-01-01" outcome="recommendedForAdoption" as="A/74/410" by="" refersTo="16" />
        <step date="2019-12-13" outcome="adopted" as="A/74/PV.47" by="" />
      </workflow>
      <analysis source="#un">
        <parliamentary>
          <voting outcome="adoptedRecordedVote">
            <count value="157" refersTo="inFavour">
              <akn4un:voters>
                <organization refersTo="memberState">AFGHANISTAN</organization>
                <organization refersTo="memberState">ALBANIA</organization>
                <organization refersTo="memberState">ALGERIA</organization>
                <organization refersTo="memberState">ANDORRA</organization>
                <organization refersTo="memberState">ANGOLA</organization>
                <organization refersTo="memberState">ANTIGUA AND BARBUDA</organization>
                <organization refersTo="memberState">ARGENTINA</organization>
                <organization refersTo="memberState">ARMENIA</organization>
                <organization refersTo="memberState">AUSTRIA</organization>
                <organization refersTo="memberState">AZERBAIJAN</organization>
                <organization refersTo="memberState">BAHAMAS</organization>
                <organization refersTo="memberState">BAHRAIN</organization>
                <organization refersTo="memberState">BANGLADESH</organization>
                <organization refersTo="memberState">BARBADOS</organization>
                <organization refersTo="memberState">BELGIUM</organization>
                <organization refersTo="memberState">BELIZE</organization>
                <organization refersTo="memberState">BENIN</organization>
                <organization refersTo="memberState">BHUTAN</organization>
                <organization refersTo="memberState">BOLIVIA (PLURINATIONAL STATE OF)</organization>
                <organization refersTo="memberState">BOSNIA AND HERZEGOVINA</organization>
                <organization refersTo="memberState">BOTSWANA</organization>
                <organization refersTo="memberState">BRAZIL</organization>
                <organization refersTo="memberState">BRUNEI DARUSSALAM</organization>
                <organization refersTo="memberState">BULGARIA</organization>
                <organization refersTo="memberState">BURKINA FASO</organization>
                <organization refersTo="memberState">CABO VERDE</organization>
                <organization refersTo="memberState">CAMBODIA</organization>
                <organization refersTo="memberState">CHAD</organization>
                <organization refersTo="memberState">CHILE</organization>
                <organization refersTo="memberState">CHINA</organization>
                <organization refersTo="memberState">COMOROS</organization>
                <organization refersTo="memberState">CONGO</organization>
                <organization refersTo="memberState">COSTA RICA</organization>
                <organization refersTo="memberState">CROATIA</organization>
                <organization refersTo="memberState">CUBA</organization>
                <organization refersTo="memberState">CYPRUS</organization>
                <organization refersTo="memberState">CZECHIA</organization>
                <organization refersTo="memberState">DEMOCRATIC PEOPLE'S REPUBLIC OF KOREA</organization>
                <organization refersTo="memberState">DENMARK</organization>
                <organization refersTo="memberState">DJIBOUTI</organization>
                <organization refersTo="memberState">DOMINICAN REPUBLIC</organization>
                <organization refersTo="memberState">ECUADOR</organization>
                <organization refersTo="memberState">EGYPT</organization>
                <organization refersTo="memberState">EL SALVADOR</organization>
                <organization refersTo="memberState">ERITREA</organization>
                <organization refersTo="memberState">ESTONIA</organization>
                <organization refersTo="memberState">ETHIOPIA</organization>
                <organization refersTo="memberState">FIJI</organization>
                <organization refersTo="memberState">FINLAND</organization>
                <organization refersTo="memberState">FRANCE</organization>
                <organization refersTo="memberState">GABON</organization>
                <organization refersTo="memberState">GAMBIA</organization>
                <organization refersTo="memberState">GEORGIA</organization>
                <organization refersTo="memberState">GERMANY</organization>
                <organization refersTo="memberState">GHANA</organization>
                <organization refersTo="memberState">GREECE</organization>
                <organization refersTo="memberState">GRENADA</organization>
                <organization refersTo="memberState">GUINEA</organization>
                <organization refersTo="memberState">GUYANA</organization>
                <organization refersTo="memberState">HUNGARY</organization>
                <organization refersTo="memberState">ICELAND</organization>
                <organization refersTo="memberState">INDIA</organization>
                <organization refersTo="memberState">INDONESIA</organization>
                <organization refersTo="memberState">IRAN (ISLAMIC REPUBLIC OF)</organization>
                <organization refersTo="memberState">IRAQ</organization>
                <organization refersTo="memberState">IRELAND</organization>
                <organization refersTo="memberState">ITALY</organization>
                <organization refersTo="memberState">JAMAICA</organization>
                <organization refersTo="memberState">JAPAN</organization>
                <organization refersTo="memberState">JORDAN</organization>
                <organization refersTo="memberState">KAZAKHSTAN</organization>
                <organization refersTo="memberState">KENYA</organization>
                <organization refersTo="memberState">KUWAIT</organization>
                <organization refersTo="memberState">KYRGYZSTAN</organization>
                <organization refersTo="memberState">LAO PEOPLE'S DEMOCRATIC REPUBLIC</organization>
                <organization refersTo="memberState">LATVIA</organization>
                <organization refersTo="memberState">LEBANON</organization>
                <organization refersTo="memberState">LESOTHO</organization>
                <organization refersTo="memberState">LIBYA</organization>
                <organization refersTo="memberState">LIECHTENSTEIN</organization>
                <organization refersTo="memberState">LITHUANIA</organization>
                <organization refersTo="memberState">LUXEMBOURG</organization>
                <organization refersTo="memberState">MALAYSIA</organization>
                <organization refersTo="memberState">MALDIVES</organization>
                <organization refersTo="memberState">MALI</organization>
                <organization refersTo="memberState">MALTA</organization>
                <organization refersTo="memberState">MAURITANIA</organization>
                <organization refersTo="memberState">MAURITIUS</organization>
                <organization refersTo="memberState">MEXICO</organization>
                <organization refersTo="memberState">MONACO</organization>
                <organization refersTo="memberState">MONGOLIA</organization>
                <organization refersTo="memberState">MONTENEGRO</organization>
                <organization refersTo="memberState">MOROCCO</organization>
                <organization refersTo="memberState">MOZAMBIQUE</organization>
                <organization refersTo="memberState">NAMIBIA</organization>
                <organization refersTo="memberState">NEPAL</organization>
                <organization refersTo="memberState">NETHERLANDS</organization>
                <organization refersTo="memberState">NEW ZEALAND</organization>
                <organization refersTo="memberState">NICARAGUA</organization>
                <organization refersTo="memberState">NIGER</organization>
                <organization refersTo="memberState">NIGERIA</organization>
                <organization refersTo="memberState">NORTH MACEDONIA</organization>
                <organization refersTo="memberState">NORWAY</organization>
                <organization refersTo="memberState">OMAN</organization>
                <organization refersTo="memberState">PAKISTAN</organization>
                <organization refersTo="memberState">PANAMA</organization>
                <organization refersTo="memberState">PARAGUAY</organization>
                <organization refersTo="memberState">PERU</organization>
                <organization refersTo="memberState">PHILIPPINES</organization>
                <organization refersTo="memberState">POLAND</organization>
                <organization refersTo="memberState">PORTUGAL</organization>
                <organization refersTo="memberState">QATAR</organization>
                <organization refersTo="memberState">REPUBLIC OF KOREA</organization>
                <organization refersTo="memberState">REPUBLIC OF MOLDOVA</organization>
                <organization refersTo="memberState">ROMANIA</organization>
                <organization refersTo="memberState">RUSSIAN FEDERATION</organization>
                <organization refersTo="memberState">SAINT KITTS AND NEVIS</organization>
                <organization refersTo="memberState">SAINT LUCIA</organization>
                <organization refersTo="memberState">SAINT VINCENT AND THE GRENADINES</organization>
                <organization refersTo="memberState">SAMOA</organization>
                <organization refersTo="memberState">SAN MARINO</organization>
                <organization refersTo="memberState">SAO TOME AND PRINCIPE</organization>
                <organization refersTo="memberState">SAUDI ARABIA</organization>
                <organization refersTo="memberState">SENEGAL</organization>
                <organization refersTo="memberState">SERBIA</organization>
                <organization refersTo="memberState">SEYCHELLES</organization>
                <organization refersTo="memberState">SIERRA LEONE</organization>
                <organization refersTo="memberState">SINGAPORE</organization>
                <organization refersTo="memberState">SLOVAKIA</organization>
                <organization refersTo="memberState">SLOVENIA</organization>
                <organization refersTo="memberState">SOMALIA</organization>
                <organization refersTo="memberState">SOUTH AFRICA</organization>
                <organization refersTo="memberState">SPAIN</organization>
                <organization refersTo="memberState">SRI LANKA</organization>
                <organization refersTo="memberState">SUDAN</organization>
                <organization refersTo="memberState">SURINAME</organization>
                <organization refersTo="memberState">SWEDEN</organization>
                <organization refersTo="memberState">SWITZERLAND</organization>
                <organization refersTo="memberState">SYRIAN ARAB REPUBLIC</organization>
                <organization refersTo="memberState">TAJIKISTAN</organization>
                <organization refersTo="memberState">THAILAND</organization>
                <organization refersTo="memberState">TIMOR-LESTE</organization>
                <organization refersTo="memberState">TUNISIA</organization>
                <organization refersTo="memberState">TURKEY</organization>
                <organization refersTo="memberState">TURKMENISTAN</organization>
                <organization refersTo="memberState">UGANDA</organization>
                <organization refersTo="memberState">UKRAINE</organization>
                <organization refersTo="memberState">UNITED ARAB EMIRATES</organization>
                <organization refersTo="memberState">UNITED KINGDOM</organization>
                <organization refersTo="memberState">UNITED REPUBLIC OF TANZANIA</organization>
                <organization refersTo="memberState">URUGUAY</organization>
                <organization refersTo="memberState">UZBEKISTAN</organization>
                <organization refersTo="memberState">VENEZUELA (BOLIVARIAN REPUBLIC OF)</organization>
                <organization refersTo="memberState">VIET NAM</organization>
                <organization refersTo="memberState">YEMEN</organization>
                <organization refersTo="memberState">ZAMBIA</organization>
                <organization refersTo="memberState">ZIMBABWE</organization>
              </akn4un:voters>
            </count>
            <count value="9" refersTo="against">
              <akn4un:voters>
                <organization refersTo="memberState">AUSTRALIA</organization>
                <organization refersTo="memberState">CANADA</organization>
                <organization refersTo="memberState">GUATEMALA</organization>
                <organization refersTo="memberState">ISRAEL</organization>
                <organization refersTo="memberState">MARSHALL ISLANDS</organization>
                <organization refersTo="memberState">MICRONESIA (FEDERATED STATES OF)</organization>
                <organization refersTo="memberState">NAURU</organization>
                <organization refersTo="memberState">PAPUA NEW GUINEA</organization>
                <organization refersTo="memberState">UNITED STATES</organization>
              </akn4un:voters>
            </count>
            <count value="13" refersTo="abstaining">
              <akn4un:voters>
                <organization refersTo="memberState">BELARUS</organization>
                <organization refersTo="memberState">CAMEROON</organization>
                <organization refersTo="memberState">CENTRAL AFRICAN REPUBLIC</organization>
                <organization refersTo="memberState">COLOMBIA</organization>
                <organization refersTo="memberState">COTE D'IVOIRE</organization>
                <organization refersTo="memberState">ESWATINI</organization>
                <organization refersTo="memberState">HAITI</organization>
                <organization refersTo="memberState">HONDURAS</organization>
                <organization refersTo="memberState">KIRIBATI</organization>
                <organization refersTo="memberState">RWANDA</organization>
                <organization refersTo="memberState">SOUTH SUDAN</organization>
                <organization refersTo="memberState">TOGO</organization>
                <organization refersTo="memberState">VANUATU</organization>
              </akn4un:voters>
            </count>
          </voting>
        </parliamentary>
      </analysis>
      <references source="#DGACM">
        <TLCOrganization eId="source" href="/akn/ontology/organization/un/DGACM" showAs="DGACM"></TLCOrganization>
        <TLCConcept eId="dateOfIssuance" href="/akn/ontology/concept/un/dateOfIssuance" showAs="Date of issuance"></TLCConcept>
        <TLCConcept eId="dateOfAdoption" href="/akn/ontology/concept/un/dateOfAdoption" showAs="Date of adoption"></TLCConcept>
        <TLCConcept eId="symbol" href="/akn/ontology/reference/un/symbol" showAs="Symbol"></TLCConcept>
        <TLCRole eId="publisher" href="/akn/ontology/role/un/publisher" showAs="Publisher"></TLCRole>
        <TLCRole eId="issuingBody" href="/akn/role/concept/un/issuingBody" showAs="Issuing body"></TLCRole>
        <TLCRole eId="author" href="/akn/ontology/role/un/author" showAs="Author"></TLCRole>
        <TLCRole eId="editor" href="/akn/ontology/role/un/editor" showAs="Editor"></TLCRole>
        <TLCRole eId="distribution" href="/akn/ontology/concept/un/generalDistribution" showAs="General distribution"></TLCRole>
        <TLCOrganization eId="ga" href="/akn/ontology/organization/un/generalAssembly" showAs="General Assembly"></TLCOrganization>
        <TLCTerm eId="resolutionTitle" href="/akn/ontology/reference/un/resolutionTitle" showAs="Resolution title"></TLCTerm>
        <TLCTerm eId="fourthCommittee" href="#fourthCommittee" showAs="La Comisión Política Especial y de Descolonización"></TLCTerm>
        <TLCTerm eId="memberState" href="/akn/ontology/organization/un/memberState" showAs="Member State"></TLCTerm>
        <TLCTerm eId="inFavour" href="/akn/ontology/concept/un/voting/inFavour" showAs="In favour"></TLCTerm>
        <TLCTerm eId="against" href="/akn/ontology/concept/un/voting/against" showAs="Against"></TLCTerm>
        <TLCTerm eId="abstaining" href="/akn/ontology/concept/un/voting/abstaining" showAs="Abstaining"></TLCTerm>
      </references>
      <presentation source="#un">
        <akn4un:footerFirstPage>
          <akn4un:footerFirstPageLeft>
            <akn4un:internalCode>
              <docketNumber refersTo="#publicationJobNumber">19-21902 (S)</docketNumber>
              <img alt="bar code" class="barCode" src=""></img>
            </akn4un:internalCode>
          </akn4un:footerFirstPageLeft>
          <akn4un:footerFirstPageRight>
            <img alt="Please recycle" class="image" src="./recylcleLogo.jpg"></img>
            <img alt="embedded QR code" class="qrCode" src=""></img>
          </akn4un:footerFirstPageRight>
        </akn4un:footerFirstPage>
      </presentation>
    </meta>
    <coverPage eId="coverPage_1">
      <p>
        <span refersTo="#publisher" class="upperLeft">
          <docAuthority refersTo="#publisher">Naciones Unidas</docAuthority>
        </span>
      </p>
      <p class="upperRight">
        <docNumber refersTo="#symbol">A/RES/74/89</docNumber>
      </p>
      <p class="upperLeft">
        <img src="logo-un.jpg"></img>
        <docAuthority refersTo="#issuingBody" class="rightBig">Asamblea General</docAuthority>
      </p>
      <p>
        <docStatus refersTo="#generalDistribution" class="rightSmall">Distr. general</docStatus>
      </p>
      <p>
        <docDate date="2019-12-26" class="rightSmall" refersTo="#dateOfIssuance">26 de diciembre de 2019</docDate>
      </p>
      <p>
        <session refersTo="#generalAssembly" value="74" eId="coverPage_1__session_1">Septuagésimo cuarto período de sesiones</session>
      </p>
      <p>
        <inline name="agenda item">Tema 51 del programa</inline>
      </p>
      <p>
        <inline name="agenda item name">Informe del Comité Especial encargado de Investigar las Prácticas Israelíes que Afecten a los Derechos Humanos del Pueblo Palestino y Otros Habitantes Árabes de los Territorios Ocupados</inline>
      </p>
      <p>
        <docTitle>Resolución aprobada por la Asamblea General el 13 de diciembre de 2019</docTitle>
      </p>
      <p xml:space="preserve">
        <docProponent refersTo="#fourthCommittee">[sobre la base del informe de la Comisión Política Especial y de Descolonización (Cuarta Comisión) (<inline name="originating document">A/74/410</inline>)]</docProponent>
      </p>
    </coverPage>
    <preface>
      <p>
        <docNumber>74/89.</docNumber>
        <docTitle refersTo="#resolutionTitle">Prácticas israelíes que afectan a los derechos humanos del pueblo palestino en el Territorio Palestino Ocupado, incluida Jerusalén Oriental</docTitle>
      </p>
    </preface>
    <preamble>
      <formula name="enactingFormula" eId="formula_1">
        <p xml:space="preserve">
          <span class="italic">La Asamblea General</span>,</p>
      </formula>
      <container name="Recordando" eId="container_2">
        <p xml:space="preserve">
          <span class="italic">Recordando</span> la Declaración Universal de Derechos Humanos<authorialNote marker="1" placement="bottom" eId="authorialNote_1"><p xml:space="preserve">	 	Resolución <a href="https://undocs.org/sp/A/RES/217 (III)">217 A (III)</a>.</p></authorialNote>,</p>
      </container>
      <container name="Recordando también" eId="container_3">
        <p xml:space="preserve">
          <span class="italic">Recordando también</span> el Pacto Internacional de Derechos Civiles y Políticos<authorialNote marker="2" placement="bottom" eId="authorialNote_2"><p xml:space="preserve">	 	Véase la resolución <a href="https://undocs.org/sp/A/RES/2200 (XXI)">2200 A (XXI)</a>, anexo.</p></authorialNote>, el Pacto Internacional de Derechos Económicos, Sociales y Culturales<sup>2</sup> y la Convención sobre los Derechos del Niño<authorialNote marker="3" placement="bottom" eId="authorialNote_3"><p xml:space="preserve">	 	Naciones Unidas, <span class="italic">Treaty Series</span>, vol. 1577, núm. 27531.</p></authorialNote>, y afirmando que esos instrumentos de derechos humanos deben ser respetados en el Territorio Palestino Ocupado, incluida Jerusalén Oriental,</p>
      </container>
      <container name="Reafirmando" eId="container_4">
        <p xml:space="preserve">
          <span class="italic">Reafirmando</span> sus resoluciones pertinentes, incluida la resolución <a href="https://undocs.org/sp/A/RES/73/99">73/99</a>, de 7 de diciembre de 2018, y las aprobadas en su décimo período extraordinario de sesiones de emergencia,</p>
      </container>
      <container name="Recordando" eId="container_5">
        <p xml:space="preserve">
          <span class="italic">Recordando</span> las resoluciones pertinentes del Consejo de Derechos Humanos,</p>
      </container>
      <container name="Recordando también" eId="container_6">
        <p xml:space="preserve">
          <span class="italic">Recordando también</span> las resoluciones pertinentes del Consejo de Seguridad y destacando la necesidad de que se apliquen,</p>
      </container>
      <container name="Habiendo examinado" eId="container_7">
        <p xml:space="preserve">
          <span class="italic">Habiendo examinado</span> el informe del Comité Especial encargado de Investigar las Prácticas Israelíes que Afecten a los Derechos Humanos del Pueblo Palestino y Otros Habitantes Árabes de los Territorios Ocupados<authorialNote marker="4" placement="bottom" eId="authorialNote_4"><p xml:space="preserve"><a href="https://undocs.org/sp/A/74/356">A/74/356</a>.</p></authorialNote> y el informe del Secretario General sobre la labor del Comité Especial<authorialNote marker="5" placement="bottom" eId="authorialNote_5"><p xml:space="preserve"><a href="https://undocs.org/sp/A/74/468">A/74/468</a>.</p></authorialNote>,</p>
      </container>
      <container name="Tomando nota" eId="container_8">
        <p xml:space="preserve">
          <span class="italic">Tomando nota</span> del informe del Relator Especial del Consejo de Derechos Humanos sobre la situación de los derechos humanos en los territorios palestinos ocupados desde 1967<authorialNote marker="6" placement="bottom" eId="authorialNote_6"><p xml:space="preserve"><a href="https://undocs.org/sp/A/HRC/40/73">A/HRC/40/73</a>. </p></authorialNote>, así como de otros informes recientes del Consejo de Derechos Humanos sobre el tema,</p>
      </container>
      <container name="Tomando nota también" eId="container_9">
        <p xml:space="preserve">
          <span class="italic">Tomando nota también</span> del informe de la comisión de investigación internacional e independiente establecida en virtud de la resolución <a href="https://undocs.org/sp/A/HRC/RES/S-28/1">S-28/1</a> del Consejo de Derechos Humanos<authorialNote marker="7" placement="bottom" eId="authorialNote_7"><p xml:space="preserve"><a href="https://undocs.org/sp/A/HRC/40/74">A/HRC/40/74</a>.</p></authorialNote>,</p>
      </container>
      <container name="Destacando" eId="container_10">
        <p xml:space="preserve">
          <span class="italic">Destacando</span> la necesidad de asegurar que se rindan cuentas por todas las violaciones del derecho internacional humanitario y del derecho internacional de los derechos humanos para poner fin a la impunidad, asegurar la justicia, disuadir de la comisión de nuevas violaciones, proteger a los civiles y promover la paz,</p>
      </container>
      <container name="Tomando nota " eId="container_11">
        <p xml:space="preserve">
          <span class="italic">Tomando nota </span>del informe preparado recientemente por la Comisión Económica y Social para Asia Occidental sobre las consecuencias económicas y sociales de la ocupación israelí para las condiciones de vida del pueblo palestino en el Territorio Palestino Ocupado, incluida Jerusalén Oriental, y de la población árabe en el Golán sirio ocupado<authorialNote marker="8" placement="bottom" eId="authorialNote_8"><p xml:space="preserve"><a href="https://undocs.org/sp/A/74/88">A/74/88-E/2019/72</a>.</p></authorialNote>,</p>
      </container>
      <container name="Lamentando profundamente" eId="container_12">
        <p xml:space="preserve">
          <span class="italic">Lamentando profundamente</span> que hayan transcurrido 52 años desde que comenzó la ocupación israelí, y destacando la urgente necesidad de hacer esfuerzos para invertir las tendencias negativas sobre el terreno y restablecer un horizonte político para impulsar y acelerar negociaciones productivas encaminadas al logro de un acuerdo de paz que ponga fin a la ocupación israelí que comenzó en 1967 y dé como resultado la solución de todas las cuestiones fundamentales relativas al estatuto definitivo, sin excepción, culminando en una solución pacífica, justa, duradera y amplia de la cuestión de Palestina,</p>
      </container>
      <container name="Consciente" eId="container_13">
        <p xml:space="preserve">
          <span class="italic">Consciente</span> de la responsabilidad que incumbe a la comunidad internacional de promover los derechos humanos y asegurar el respeto del derecho internacional, y recordando a ese respecto su resolución <a href="https://undocs.org/sp/A/RES/2625 (XXV)">2625 (XXV)</a>, de 24 de octubre de 1970,</p>
      </container>
      <container name="Recordando" eId="container_14">
        <p xml:space="preserve">
          <span class="italic">Recordando</span> la opinión consultiva emitida el 9 de julio de 2004 por la Corte Internacional de Justicia sobre las consecuencias jurídicas de la construcción de un muro en el Territorio Palestino Ocupado<authorialNote marker="9" placement="bottom" eId="authorialNote_9"><p xml:space="preserve">	 	Véase <a href="https://undocs.org/sp/A/ES-10/273">A/ES-10/273</a> y <a href="https://undocs.org/sp/A/ES-10/273/Corr.1">A/ES-10/273/Corr.1</a>.</p></authorialNote>, y recordando también las resoluciones pertinentes de la Asamblea General, </p>
      </container>
      <container name="Haciendo notar en particular" eId="container_15">
        <p xml:space="preserve">
          <span class="italic">Haciendo notar en particular</span> la respuesta de la Corte, especialmente que la construcción del muro que está levantando Israel, la Potencia ocupante, en el Territorio Palestino Ocupado, incluida Jerusalén Oriental y sus alrededores, y su régimen conexo contravienen el derecho internacional,</p>
      </container>
      <container name="Tomando nota" eId="container_16">
        <p xml:space="preserve">
          <span class="italic">Tomando nota</span> de su resolución <a href="https://undocs.org/sp/A/RES/67/19">67/19</a>, de 29 de noviembre de 2012,</p>
      </container>
      <container name="Observando" eId="container_17">
        <p xml:space="preserve">
          <span class="italic">Observando</span> que Palestina se ha adherido a varios tratados de derechos humanos y a los instrumentos fundamentales del derecho humanitario, así como a otros tratados internacionales,</p>
      </container>
      <container name="Reafirmando" eId="container_18">
        <p xml:space="preserve">
          <span class="italic">Reafirmando</span> el principio de la inadmisibilidad de la adquisición de territorio por la fuerza,</p>
      </container>
      <container name="Reafirmando también" eId="container_19">
        <p xml:space="preserve">
          <span class="italic">Reafirmando también</span> que el Convenio de Ginebra relativo a la Protección debida a las Personas Civiles en Tiempo de Guerra, de 12 de agosto de 1949<authorialNote marker="10" placement="bottom" eId="authorialNote_10"><p xml:space="preserve">	 	Naciones Unidas, <span class="italic">Treaty Series</span>, vol. 75, núm. 973.</p></authorialNote>, es aplicable al Territorio Palestino Ocupado, incluida Jerusalén Oriental, y a los demás territorios árabes ocupados por Israel desde 1967,</p>
      </container>
      <container name="Reafirmando además" eId="container_20">
        <p xml:space="preserve">
          <span class="italic">Reafirmando además</span> la obligación de los Estados partes en el Cuarto Convenio de Ginebra<sup>10</sup>, en virtud de los artículos 146, 147 y 148, con respecto a las sanciones penales, las infracciones graves y las responsabilidades de las Altas Partes Contratantes,</p>
      </container>
      <container name="Recordando" eId="container_21">
        <p xml:space="preserve">
          <span class="italic">Recordando</span> la declaración de 15 de julio de 1999 y las declaraciones adoptadas el 5 de diciembre de 2001 y el 17 de diciembre de 2014<authorialNote marker="11" placement="bottom" eId="authorialNote_11"><p xml:space="preserve"><a href="https://undocs.org/sp/A/69/711">A/69/711-S/2015/1</a>, anexo.</p></authorialNote> por la Conferencia de Altas Partes Contratantes del Cuarto Convenio de Ginebra sobre las medidas para aplicar el Convenio en el Territorio Palestino Ocupado, incluida Jerusalén Oriental, dirigidas a garantizar el respeto del Convenio en el Territorio Palestino Ocupado, incluida Jerusalén Oriental,</p>
      </container>
      <container name="Reafirmando" eId="container_22">
        <p xml:space="preserve">
          <span class="italic">Reafirmando</span> que todos los Estados tienen el derecho y el deber de adoptar medidas de conformidad con el derecho internacional y el derecho internacional humanitario para contrarrestar los actos de violencia mortífera cometidos contra su población civil a fin de proteger la vida de sus ciudadanos,</p>
      </container>
      <container name="Destacando" eId="container_23">
        <p xml:space="preserve">
          <span class="italic">Destacando</span> la necesidad de que se cumplan plenamente los acuerdos concertados entre Israel y Palestina en el marco del proceso de paz de Oriente Medio, incluidos los acuerdos de Sharm el‑Sheikh, y de que se aplique la hoja de ruta del Cuarteto para una solución permanente biestatal del conflicto israelo‑palestino<authorialNote marker="12" placement="bottom" eId="authorialNote_12"><p xml:space="preserve"><a href="https://undocs.org/sp/S/2003/529">S/2003/529</a>, anexo.</p></authorialNote>,</p>
      </container>
      <container name="Destacando también" eId="container_24">
        <p xml:space="preserve">
          <span class="italic">Destacando también</span> la necesidad de que se apliquen plenamente el Acuerdo sobre los Desplazamientos y el Acceso y los Principios Convenidos para el Cruce de Rafah, ambos de 15 de noviembre de 2005, para que la población civil palestina pueda circular por la Franja de Gaza, entrar en ella y salir de ella libremente,</p>
      </container>
      <container name="Gravemente preocupada" eId="container_25">
        <p xml:space="preserve">
          <span class="italic">Gravemente preocupada</span> por las tensiones y la violencia que dominan recientemente todo el Territorio Palestino Ocupado, incluida Jerusalén Oriental, y en particular las relacionadas con los santos lugares de Jerusalén, entre ellos la Explanada de las Mezquitas, y deplorando la muerte de civiles inocentes,</p>
      </container>
      <container name="Reafirmando" eId="container_26">
        <p xml:space="preserve">
          <span class="italic">Reafirmando</span> que la comunidad internacional, por conducto de las Naciones Unidas, tiene un interés legítimo en la cuestión de la ciudad de Jerusalén y en la protección de sus singulares dimensiones espiritual, religiosa y cultural, como se indica en las resoluciones pertinentes de las Naciones Unidas, </p>
      </container>
      <container name="Reafirmando también" eId="container_27">
        <p xml:space="preserve">
          <span class="italic">Reafirmando también</span> la obligación de respetar el <span class="italic">statu quo</span> histórico, el significado especial de los lugares sagrados y la importancia de la ciudad de Jerusalén para las tres religiones monoteístas,</p>
      </container>
      <container name="Reconociendo" eId="container_28">
        <p xml:space="preserve">
          <span class="italic">Reconociendo</span> que las medidas de seguridad no pueden poner fin por sí solas a la intensificación de las tensiones, la inestabilidad y la violencia, y pidiendo el respeto pleno del derecho internacional, incluido el derecho humanitario y de los derechos humanos, sin olvidar la protección de la vida de la población civil, así como la promoción de la seguridad humana, la reducción de la tensión, el ejercicio de la moderación, incluso en relación con proclamas y actos de provocación, y el establecimiento de un entorno estable y propicio al logro de la paz,</p>
      </container>
      <container name="Expresando grave preocupación" eId="container_29">
        <p xml:space="preserve">
          <span class="italic">Expresando grave preocupación</span> porque Israel, la Potencia ocupante, persiste en la violación sistemática de los derechos humanos del pueblo palestino, incluida la derivada del uso excesivo de la fuerza y las operaciones militares que causan la muerte y lesiones a civiles palestinos, entre ellos niños, mujeres y manifestantes pacíficos y no violentos, así como a periodistas, personal médico y trabajadores humanitarios; la detención y el encarcelamiento arbitrarios de palestinos, algunos de los cuales han estado en prisión durante decenios; los castigos colectivos; el cierre de zonas; la confiscación de tierras; la construcción y ampliación de asentamientos; la construcción de un muro en el Territorio Palestino Ocupado que se aparta de la línea del Armisticio de 1949; la destrucción de bienes e infraestructura; el desplazamiento forzoso de civiles, incluidos los intentos de traslado forzoso de comunidades beduinas; y todas las demás medidas que sigue adoptando con objeto de alterar el estatuto, el carácter geográfico y la composición demográfica del Territorio Palestino Ocupado, incluida Jerusalén Oriental, y exigiendo el cese de todos esos actos ilícitos, </p>
      </container>
      <container name="Gravemente preocupada" eId="container_30">
        <p xml:space="preserve">
          <span class="italic">Gravemente preocupada</span> por las demoliciones constantes que lleva a cabo Israel, la Potencia ocupante, de hogares palestinos, así como de estructuras, entre ellas escuelas, proporcionadas en el marco de la asistencia humanitaria internacional, en particular en la Jerusalén Oriental Ocupada y sus alrededores, incluidas las llevadas a cabo como acto de castigo colectivo en violación del derecho internacional humanitario, que han aumentado a niveles sin precedentes, y por la revocación de permisos de residencia y la expulsión de residentes palestinos de la ciudad de Jerusalén,</p>
      </container>
      <container name="Deplorando" eId="container_31">
        <p xml:space="preserve">
          <span class="italic">Deplorando</span> las consecuencias persistentes y negativas que tienen los conflictos en la Franja de Gaza y sus alrededores y el elevado número de bajas registradas entre la población civil palestina en el período reciente, incluso entre los niños, y las violaciones del derecho internacional, y haciendo un llamamiento para que se respeten plenamente el derecho internacional humanitario y de los derechos humanos y los principios de legalidad, distinción, precaución y proporcionalidad,</p>
      </container>
      <container name="Gravemente preocupada" eId="container_32">
        <p xml:space="preserve">
          <span class="italic">Gravemente preocupada</span> por la desastrosa situación humanitaria y la crítica situación socioeconómica y de la seguridad existentes en la Franja de Gaza, especialmente a raíz de los cierres prolongados y las graves restricciones económicas y a la circulación, que en la práctica equivalen a un bloqueo y agravan la pobreza y la desesperación entre la población civil palestina, y por las consecuencias perjudiciales a corto y largo plazo de esa situación y de la destrucción generalizada y los obstáculos constantes de Israel, la Potencia ocupante, al proceso de reconstrucción para la situación de los derechos humanos,</p>
      </container>
      <container name="Recordando con grave preocupación" eId="container_33">
        <p xml:space="preserve">
          <span class="italic">Recordando con grave preocupación</span> el informe del equipo de las Naciones Unidas en el país, de agosto de 2012, titulado “Gaza en 2020: ¿un lugar habitable?”,</p>
      </container>
      <container name="Recordando" eId="container_34">
        <p xml:space="preserve">
          <span class="italic">Recordando</span> la declaración de la Presidencia del Consejo de Seguridad de 28 de julio de 2014<authorialNote marker="13" placement="bottom" eId="authorialNote_13"><p xml:space="preserve"><a href="https://undocs.org/sp/S/PRST/2014/13">S/PRST/2014/13</a>; véase <span class="italic">Resoluciones y Decisiones del Consejo de Seguridad, 1 de agosto de 2013 a 31 de julio de 2014 </span>(<a href="https://undocs.org/sp/S/INF/69">S/INF/69</a>).</p></authorialNote>,</p>
      </container>
      <container name="Destacando" eId="container_35">
        <p xml:space="preserve">
          <span class="italic">Destacando</span> la necesidad de que todas las partes apliquen plenamente la resolución <a href="https://undocs.org/sp/S/RES/1860 (2009)">1860 (2009)</a> del Consejo de Seguridad, de 8 de enero de 2009, y la resolución <a href="https://undocs.org/sp/A/RES/ES-10/18">ES-10/18</a> de la Asamblea General, de 16 de enero de 2009,</p>
      </container>
      <container name="Destacando también" eId="container_36">
        <p xml:space="preserve">
          <span class="italic">Destacando también</span> que la situación imperante en la Franja de Gaza es insostenible y que un acuerdo de cesación del fuego duradero deberá conducir a una mejora fundamental de las condiciones de vida del pueblo palestino en la Franja de Gaza, incluso mediante la apertura sostenida y regular de los puntos de paso, y garantizar la seguridad y el bienestar de los civiles de ambos lados, y lamentando la falta de progresos a este respecto,</p>
      </container>
      <container name="Gravemente preocupada" eId="container_37">
        <p xml:space="preserve">
          <span class="italic">Gravemente preocupada</span> por las informaciones sobre las serias violaciones de los derechos humanos y las graves infracciones del derecho internacional humanitario cometidas durante las sucesivas operaciones militares que tuvieron lugar en la Franja de Gaza<authorialNote marker="14" placement="bottom" eId="authorialNote_14"><p xml:space="preserve">	 	Véanse <a href="https://undocs.org/sp/A/63/855">A/63/855-S/2009/250</a>; <a href="https://undocs.org/sp/S/2015/286">S/2015/286</a>, anexo; <a href="https://undocs.org/sp/A/HRC/12/48">A/HRC/12/48</a>; y <a href="https://undocs.org/sp/A/HRC/29/52">A/HRC/29/52</a>.</p></authorialNote>, y reiterando la necesidad de que todas las partes apliquen con rigor las recomendaciones de las que son destinatarias a fin de asegurar la rendición de cuentas y la justicia,</p>
      </container>
      <container name="Destacando" eId="container_38">
        <p xml:space="preserve">
          <span class="italic">Destacando</span> la necesidad de proteger a los defensores de los derechos humanos dedicados a promover cuestiones de derechos humanos en el Territorio Palestino Ocupado, incluida Jerusalén Oriental, para que puedan ejercer sus funciones en libertad y sin miedo a ataques y acosos,</p>
      </container>
      <container name="Expresando profunda preocupación" eId="container_39">
        <p xml:space="preserve">
          <span class="italic">Expresando profunda preocupación</span> por la política de cierres aplicada por Israel y por la imposición de restricciones rigurosas, incluso mediante cientos de obstáculos a la circulación, puestos de control y un régimen de permisos, todo lo cual obstruye la libertad de circulación de personas y mercancías, incluidos suministros médicos y humanitarios, y el seguimiento y acceso a proyectos de cooperación para el desarrollo y asistencia humanitaria financiados por donantes, en todo el Territorio Palestino Ocupado, incluida Jerusalén Oriental, y va en detrimento de la contigüidad del Territorio, con la consiguiente violación de los derechos humanos del pueblo palestino y las consecuencias negativas que ello tiene para la situación socioeconómica y humanitaria, que sigue siendo penosa en la Franja de Gaza, y los esfuerzos por rehabilitar y desarrollar la economía palestina, y pidiendo el levantamiento de todas las restricciones,</p>
      </container>
      <container name="Expresando grave preocupación" eId="container_40">
        <p xml:space="preserve">
          <span class="italic">Expresando grave preocupación</span> porque miles de palestinos, incluidos numerosos niños y mujeres, así como representantes elegidos, permanecen en prisiones o centros de detención israelíes sometidos a duras condiciones, como falta de higiene, reclusión en régimen de aislamiento, uso generalizado de la detención administrativa de duración excesiva sin cargos y denegación de las debidas garantías procesales, atención médica deficiente y falta generalizada de atención médica, incluso a los prisioneros enfermos, lo cual puede acarrear la muerte, y denegación de visitas de familiares, que perjudican su bienestar, y expresando grave preocupación también por los malos tratos, el hostigamiento y todas las denuncias de tortura de los prisioneros palestinos,</p>
      </container>
      <container name="Expresando profunda preocupación" eId="container_41">
        <p xml:space="preserve">
          <span class="italic">Expresando profunda preocupación</span> por las huelgas de hambre de prisioneros palestinos en protesta por las duras condiciones de encarcelamiento y detención a que los somete la Potencia ocupante, tomando nota al mismo tiempo de los acuerdos alcanzados sobre las condiciones de detención en las cárceles israelíes y pidiendo su plena e inmediata aplicación,</p>
      </container>
      <container name="Recordando" eId="container_42">
        <p xml:space="preserve">
          <span class="italic">Recordando</span> las Reglas Mínimas de las Naciones Unidas para el Tratamiento de los Reclusos (Reglas Nelson Mandela)<authorialNote marker="15" placement="bottom" eId="authorialNote_15"><p xml:space="preserve">	 	Resolución <a href="https://undocs.org/sp/A/RES/70/175">70/175</a>, anexo.</p></authorialNote> y las Reglas de las Naciones Unidas para el Tratamiento de las Reclusas y Medidas No Privativas de la Libertad para las Mujeres Delincuentes (Reglas de Bangkok)<authorialNote marker="16" placement="bottom" eId="authorialNote_16"><p xml:space="preserve">	 	Resolución <a href="https://undocs.org/sp/A/RES/65/229">65/229</a>, anexo.</p></authorialNote>, y pidiendo que se respeten esas Reglas,</p>
      </container>
      <container name="Recordando también" eId="container_43">
        <p xml:space="preserve">
          <span class="italic">Recordando también</span> la prohibición, con arreglo al derecho internacional humanitario, de deportar civiles de territorios ocupados,</p>
      </container>
      <container name="Deplorando" eId="container_44">
        <p xml:space="preserve">
          <span class="italic">Deplorando</span> la práctica de retener los cadáveres de quienes han sido muertos y pidiendo que los cadáveres que aún no hayan sido devueltos a sus familiares sean puestos a disposición de estos, de conformidad con el derecho internacional humanitario y de los derechos humanos, a fin de garantizar que se les den exequias dignas de conformidad con sus creencias religiosas y tradiciones,</p>
      </container>
      <container name="Destacando" eId="container_45">
        <p xml:space="preserve">
          <span class="italic">Destacando</span> la necesidad de prevenir todo acto de violencia, hostigamiento, provocación e incitación por colonos israelíes extremistas y grupos de colonos armados, en particular hacia los civiles palestinos, incluidos los niños, y sus propiedades, incluidas las viviendas, las tierras agrícolas y los enclaves históricos y religiosos, también en la Jerusalén Oriental Ocupada, y deplorando la violación de los derechos humanos de los palestinos en este sentido, incluidos los actos de violencia que causan la muerte y lesiones a los civiles,</p>
      </container>
      <container name="Convencida" eId="container_46">
        <p xml:space="preserve">
          <span class="italic">Convencida</span> de la necesidad de que haya una presencia internacional para vigilar la situación, contribuir al fin de la violencia y proteger a la población civil palestina, y para ayudar a las partes a aplicar los acuerdos concertados, recordando a ese respecto la importancia del mandato y la contribución positiva de la Presencia Internacional Temporal en Hebrón, y lamentando la decisión unilateral del Gobierno de Israel de no renovar su mandato,</p>
      </container>
      <container name="Destacando" eId="container_47">
        <p xml:space="preserve">
          <span class="italic">Destacando</span> la necesidad de que cesen por completo y de inmediato todos los actos de violencia, incluidos los ataques militares, la destrucción y los actos de terror,</p>
      </container>
      <container name="Destacando también" eId="container_48">
        <p xml:space="preserve">
          <span class="italic">Destacando también</span> que la protección de los civiles es un componente fundamental para garantizar la paz y la seguridad, y destacando además la necesidad de que se adopten medidas para garantizar la seguridad y la protección de la población civil palestina en todo el Territorio Palestino Ocupado, de conformidad con las disposiciones y obligaciones que establece el derecho internacional humanitario,</p>
      </container>
      <container name="Destacando además" eId="container_49">
        <p xml:space="preserve">
          <span class="italic">Destacando además</span> la necesidad de que se respete el derecho de reunión pacífica,</p>
      </container>
      <container name="Tomando nota" eId="container_50">
        <p xml:space="preserve">
          <span class="italic">Tomando nota</span> del informe del Secretario General sobre la protección de la población civil palestina<authorialNote marker="17" placement="bottom" eId="authorialNote_17"><p xml:space="preserve"><a href="https://undocs.org/sp/A/ES-10/794">A/ES-10/794</a>.</p></authorialNote> y de las observaciones formuladas en él sobre las maneras y los medios de garantizar la seguridad, la protección y el bienestar de la población civil palestina que vive bajo ocupación israelí,</p>
      </container>
      <container name="&#x9;Observando" eId="container_51">
        <p xml:space="preserve">
          <span class="italic">	Observando</span> los esfuerzos constantes y los progresos tangibles en el sector de la seguridad palestino, y observando también la cooperación constante que beneficia a palestinos e israelíes, en particular mediante la promoción de la seguridad y el fomento de la confianza, </p>
      </container>
      <container name="Instando" eId="container_52">
        <p xml:space="preserve">
          <span class="italic">Instando</span> a las partes a mantener la calma y la moderación y a abstenerse de todo acto de provocación e incitación y de hacer declaraciones que enardezcan los ánimos, en especial en zonas de particular sensibilidad religiosa y cultural, incluida Jerusalén Oriental, y a hacer todo lo posible para mitigar las tensiones y promover condiciones que contribuyan a la credibilidad y el éxito de las negociaciones de paz,</p>
      </container>
      <container name="Poniendo de relieve" eId="container_53">
        <p xml:space="preserve">
          <span class="italic">Poniendo de relieve</span> el derecho de todas las personas de la región al disfrute de los derechos fundamentales consagrados en los pactos internacionales de derechos humanos,</p>
      </container>
    </preamble>
    <mainBody>
      <paragraph eId="para_54" class="SingleTxt">
        <num>	1.</num>
        <content eId="para_54__content">
          <p xml:space="preserve">
            <span class="italic">Reitera</span> que todas las medidas y acciones adoptadas por Israel, la Potencia ocupante, en el Territorio Palestino Ocupado, incluida Jerusalén Oriental, en violación de las disposiciones pertinentes del Convenio de Ginebra relativo a la Protección debida a las Personas Civiles en Tiempo de Guerra, de 12 de agosto de 1949<sup>10</sup>, y en contravención de las resoluciones pertinentes del Consejo de Seguridad, son ilegales y carecen de validez;</p>
        </content>
      </paragraph>
      <paragraph eId="para_55" class="SingleTxt">
        <num>	2.</num>
        <content eId="para_55__content">
          <p xml:space="preserve">
            <span class="italic">Exige</span> a Israel, la Potencia ocupante, que cese de aplicar en el Territorio Palestino Ocupado todas las medidas contrarias al derecho internacional, así como las leyes, políticas y acciones discriminatorias, que resulten en la violación de los derechos humanos del pueblo palestino, en particular las que causan muertos y heridos entre la población civil, la detención y el encarcelamiento arbitrarios de civiles, el desplazamiento forzoso de civiles, incluidos los intentos de traslado forzoso de comunidades beduinas, la destrucción y confiscación de bienes de civiles, incluidas las demoliciones de hogares palestinos, y las realizadas como acto de castigo colectivo en violación del derecho internacional humanitario, y toda obstrucción de la asistencia humanitaria, y que respete plenamente el derecho de los derechos humanos y cumpla las obligaciones jurídicas que le incumben a ese respecto, en particular de conformidad con las resoluciones pertinentes de las Naciones Unidas;</p>
        </content>
      </paragraph>
      <paragraph eId="para_56" class="SingleTxt">
        <num>	3.</num>
        <content eId="para_56__content">
          <p xml:space="preserve">
            <span class="italic">Exige también</span> a Israel, la Potencia ocupante, que cumpla plenamente las disposiciones del Cuarto Convenio de Ginebra de 1949<sup>10</sup> y ponga fin de inmediato a todas las medidas y acciones que constituyen violaciones del Convenio;</p>
        </content>
      </paragraph>
      <paragraph eId="para_57" class="SingleTxt">
        <num>	4.</num>
        <content eId="para_57__content">
          <p xml:space="preserve">
            <span class="italic">Pide</span> que se adopten medidas urgentes para garantizar la seguridad y la protección de la población civil palestina en el Territorio Palestino Ocupado, incluida Jerusalén Oriental, de conformidad con las disposiciones pertinentes del derecho internacional humanitario y en cumplimiento de la petición formulada por el Consejo de Seguridad en su resolución <a href="https://undocs.org/sp/S/RES/904 (1994)">904 (1994)</a>, de 18 de marzo de 1994; </p>
        </content>
      </paragraph>
      <paragraph eId="para_58" class="SingleTxt">
        <num>	5.</num>
        <content eId="para_58__content">
          <p xml:space="preserve">
            <span class="italic">Toma nota</span> del informe del Secretario General sobre la protección de la población civil palestina<sup>17</sup>, en particular de las observaciones formuladas en él, como la relativa a la posibilidad de ampliar los mecanismos de protección existentes para prevenir futuras violaciones y disuadir de ellas, y pide que se mantengan los esfuerzos en el marco de derechos humanos de las Naciones Unidas en relación con la protección y seguridad jurídica de la población civil palestina;</p>
        </content>
      </paragraph>
      <paragraph eId="para_59" class="SingleTxt">
        <num>	6.</num>
        <content eId="para_59__content">
          <p xml:space="preserve">
            <span class="italic">Pide </span>la plena cooperación de Israel con los relatores especiales competentes y otros mecanismos e investigaciones pertinentes del Consejo de Derechos Humanos, incluida la facilitación del acceso al Territorio Palestino Ocupado, incluida Jerusalén Oriental, para supervisar la situación de los derechos humanos e informar al respecto de conformidad con sus mandatos respectivos;</p>
        </content>
      </paragraph>
      <paragraph eId="para_60" class="SingleTxt">
        <num>	7.</num>
        <content eId="para_60__content">
          <p xml:space="preserve">
            <span class="italic">Exige</span> a Israel, la Potencia ocupante, que ponga fin a todas sus actividades de asentamiento, la construcción del muro y toda otra medida tendente a alterar el carácter, el estatuto y la composición demográfica del Territorio Palestino Ocupado, incluida Jerusalén Oriental y sus alrededores, todas las cuales, entre otras cosas, tienen efectos graves y nocivos para los derechos humanos del pueblo palestino y las perspectivas de lograr sin demora el fin de la ocupación israelí que comenzó en 1967 y un acuerdo de paz general, justo y duradero entre las partes palestina e israelí, y pide que se respeten y apliquen plenamente todas sus resoluciones y las resoluciones del Consejo de Seguridad al respecto, en especial la resolución <a href="https://undocs.org/sp/S/RES/2334 (2016)">2334 (2016)</a> del Consejo de Seguridad, de 23 de diciembre de 2016;</p>
        </content>
      </paragraph>
      <paragraph eId="para_61" class="SingleTxt">
        <num>	8.</num>
        <content eId="para_61__content">
          <p xml:space="preserve">
            <span class="italic">Pide</span> que se preste atención urgente a la difícil situación y los derechos, con arreglo al derecho internacional, de los prisioneros y detenidos palestinos en cárceles israelíes, incluidos los que están en huelga de hambre, pide también que ambas partes realicen esfuerzos para que continúe la liberación de prisioneros y detenidos, y pide además que se respeten las Reglas Mínimas de las Naciones Unidas para el Tratamiento de los Reclusos (Reglas Nelson Mandela)<sup>15</sup> y las Reglas de las Naciones Unidas para el Tratamiento de las Reclusas y Medidas No Privativas de la Libertad para las Mujeres Delincuentes (Reglas de Bangkok)<sup>16</sup>;</p>
        </content>
      </paragraph>
      <paragraph eId="para_62" class="SingleTxt">
        <num>	9.</num>
        <content eId="para_62__content">
          <p xml:space="preserve">
            <span class="italic">Condena</span> todos los actos de violencia, incluidos todos los actos de terror, provocación, instigación y destrucción, especialmente el uso de la fuerza por las fuerzas de ocupación israelíes contra civiles palestinos, en violación del derecho internacional, en particular en la Franja de Gaza, incluso contra periodistas, personal médico y trabajadores humanitarios, que han causado la pérdida de muchas vidas y un gran número de heridos, incluidos niños y mujeres;</p>
        </content>
      </paragraph>
      <paragraph eId="para_63" class="SingleTxt">
        <num>	10.</num>
        <content eId="para_63__content">
          <p xml:space="preserve">
            <span class="italic">Condena también</span> todos los actos de violencia perpetrados por militantes y grupos armados, incluido el lanzamiento de cohetes contra zonas civiles israelíes, que causan muertos y heridos;</p>
        </content>
      </paragraph>
      <paragraph eId="para_64" class="SingleTxt">
        <num>	11.</num>
        <content eId="para_64__content">
          <p xml:space="preserve">
            <span class="italic">Reitera su exigencia</span> de que se aplique íntegramente la resolución <a href="https://undocs.org/sp/S/RES/1860 (2009)">1860</a><a href="https://undocs.org/sp/S/RES/1860 (2009)"> </a><a href="https://undocs.org/sp/S/RES/1860 (2009)">(2009)</a> del Consejo de Seguridad;</p>
        </content>
      </paragraph>
      <paragraph eId="para_65" class="SingleTxt">
        <num>	12.</num>
        <content eId="para_65__content">
          <p xml:space="preserve">
            <span class="italic">Exige</span> a Israel, la Potencia ocupante, que cumpla sus obligaciones jurídicas en virtud del derecho internacional, como se indica en la opinión consultiva emitida por la Corte Internacional de Justicia el 9 de julio de 2004<sup>9</sup> y como se exige en sus resoluciones <a href="https://undocs.org/sp/A/RES/ES-10/15">ES-10/15</a>, de 20 de julio de 2004, y <a href="https://undocs.org/sp/A/RES/ES-10/13">ES-10/13</a>, de 21 de octubre de 2003, y que cese inmediatamente la construcción del muro en el Territorio Palestino Ocupado, incluida Jerusalén Oriental y sus alrededores, desmantele de inmediato la estructura allí situada, revoque o deje sin efecto todos los actos legislativos y reglamentarios relativos a su construcción, e indemnice por todos los perjuicios causados por la construcción del muro, que ha afectado gravemente a los derechos humanos y las condiciones socioeconómicas de vida del pueblo palestino;</p>
        </content>
      </paragraph>
      <paragraph eId="para_66" class="SingleTxt">
        <num>	13.</num>
        <content eId="para_66__content">
          <p xml:space="preserve">
            <span class="italic">Reitera</span> la necesidad de respetar la unidad, contigüidad e integridad territoriales de todo el Territorio Palestino Ocupado y de garantizar la libertad de circulación de personas y mercancías dentro del territorio palestino, incluida la circulación para entrar en Jerusalén Oriental y la Franja de Gaza y salir de ellas, entre la Ribera Occidental y la Franja de Gaza y entre el territorio palestino y el mundo exterior;</p>
        </content>
      </paragraph>
      <paragraph eId="para_67" class="SingleTxt">
        <num>	14.</num>
        <content eId="para_67__content">
          <p xml:space="preserve">
            <span class="italic">Exhorta</span> a Israel, la Potencia ocupante, a que deje de imponer cierres y restricciones económicas y a la libertad de circulación prolongados, incluidos los que equivalen a un bloqueo de la Franja de Gaza, y, a este respecto, aplique íntegramente el Acuerdo sobre los Desplazamientos y el Acceso y los Principios Convenidos para el Cruce de Rafah, ambos de 15 de noviembre de 2005, a fin de permitir la circulación continua y regular de personas y mercancías y la aceleración de la labor esperada desde hace tiempo para atender las enormes necesidades de reconstrucción y recuperación económica de la Franja de Gaza, al tiempo que hace notar el acuerdo tripartito facilitado por las Naciones Unidas a este respecto;</p>
        </content>
      </paragraph>
      <paragraph eId="para_68" class="SingleTxt">
        <num>	15.</num>
        <content eId="para_68__content">
          <p xml:space="preserve">
            <span class="italic">Destaca</span> la urgente necesidad de abordar la persistente crisis sanitaria que se vive en la Franja de Gaza, entre otras cosas garantizando la provisión de infraestructuras adecuadas, equipo y suministros médicos, junto con los conocimientos especializados, para hacer frente al creciente número de casos de lesiones que requieren tratamiento complejo en el contexto de las protestas de la Franja de Gaza;</p>
        </content>
      </paragraph>
      <paragraph eId="para_69" class="SingleTxt">
        <num>	16.</num>
        <content eId="para_69__content">
          <p xml:space="preserve">
            <span class="italic">Insta</span> a los Estados Miembros a que sigan prestando asistencia de emergencia al pueblo palestino para aliviar la crisis financiera y la penosa situación socioeconómica y humanitaria, en particular en la Franja de Gaza; </p>
        </content>
      </paragraph>
      <paragraph eId="para_70" class="SingleTxt">
        <num>	17.</num>
        <content eId="para_70__content">
          <p xml:space="preserve">
            <span class="italic">Insta</span> a todos los Estados y los organismos especializados y organizaciones del sistema de las Naciones Unidas a que continúen prestando apoyo y asistencia al pueblo palestino para la pronta realización de sus derechos inalienables, incluido su derecho a la libre determinación, con carácter urgente, a la luz de los más de 52 años transcurridos bajo ocupación israelí y la constante negación y violación de los derechos humanos del pueblo palestino;</p>
        </content>
      </paragraph>
      <paragraph eId="para_71" class="SingleTxt">
        <num>	18.</num>
        <content eId="para_71__content">
          <p xml:space="preserve">
            <span class="italic">Pone de relieve</span> la necesidad de mantener y desarrollar las instituciones y la infraestructura palestinas para prestar servicios públicos básicos a la población civil palestina y promover el ejercicio de los derechos humanos, incluidos los derechos civiles, políticos, económicos, sociales y culturales, e insta a este respecto a que se aplique el acuerdo suscrito en El Cairo el 12 de octubre de 2017<authorialNote marker="18" placement="bottom" eId="authorialNote_18"><p xml:space="preserve"><a href="https://undocs.org/sp/S/2017/899">S/2017/899</a>, anexo.</p></authorialNote>, lo cual sería un paso importante para lograr la unidad palestina y conseguir el funcionamiento efectivo del Gobierno palestino, con inclusión de la Franja de Gaza, bajo el liderazgo del Presidente Mahmoud Abbas, en consonancia con los compromisos de la Organización de Liberación de Palestina y los principios del Cuarteto;</p>
        </content>
      </paragraph>
      <paragraph eId="para_72" class="SingleTxt">
        <num>	19.</num>
        <content eId="para_72__content">
          <p xml:space="preserve">
            <span class="italic">Solicita</span> al Secretario General que la informe en su septuagésimo quinto período de sesiones sobre la aplicación de la presente resolución, incluso acerca de la aplicabilidad del Cuarto Convenio de Ginebra al Territorio Palestino Ocupado, incluida Jerusalén Oriental, y los demás territorios árabes ocupados.</p>
        </content>
      </paragraph>
    </mainBody>
    <conclusions eId="conclusions">
      <p>
        <inline name="adoptionMeeting" title="47a">47a sesión plenaria</inline>
        <eol />
        <docDate date="2019-12-13" refersTo="#adoptionDate">13 de diciembre de 2019</docDate>
      </p>
    </conclusions>
  </statement>
</akomaNtoso>