<akomaNtoso xmlns:xsi="http://www.w3.org/2001/XMLSchema-instance" xsi:schemaLocation="http://docs.oasis-open.org/legaldocml/ns/akn/3.0 http://docs.oasis-open.org/legaldocml/akn-core/v1.0/os/part2-specs/schemas/akomantoso30.xsd" xmlns="http://docs.oasis-open.org/legaldocml/ns/akn/3.0" xmlns:html="http://www.w3.org/1999/xhtml" xmlns:akn4un="http://un.org/akn4un">
  <statement name="resolution">
    <meta>
      <identification source="#DGACM">
        <FRBRWork>
          <FRBRthis value="/akn/un/statement/deliberation/unga/2019-12-13/74-87/!main/"></FRBRthis>
          <FRBRuri value="/akn/un/statement/deliberation/unga/2019-12-13/74-87/"></FRBRuri>
          <FRBRdate date="2019-12-13" name="adoption"></FRBRdate>
          <FRBRauthor href="ga" as="author"></FRBRauthor>
          <FRBRcountry value="un"></FRBRcountry>
        </FRBRWork>
        <FRBRExpression>
          <FRBRthis value="/akn/un/statement/deliberation/unga/2019-12-13/74-87/spa@!main/"></FRBRthis>
          <FRBRuri value="/akn/un/statement/deliberation/unga/2019-12-13/74-87/spa@/"></FRBRuri>
          <FRBRdate date="2019-12-26" name="publication"></FRBRdate>
          <FRBRauthor href="ga" as="issuer"></FRBRauthor>
          <FRBRlanguage language="spa"></FRBRlanguage>
        </FRBRExpression>
        <FRBRManifestation>
          <FRBRthis value="/akn/un/statement/deliberation/unga/2019-12-13/74-87/spa@/!main.xml"></FRBRthis>
          <FRBRuri value="/akn/un/statement/deliberation/unga/2019-12-13/74-87/spa@.xml"></FRBRuri>
          <FRBRdate date="2020-08-18" name="markup"></FRBRdate>
          <FRBRauthor href="DGACM" as="editor"></FRBRauthor>
        </FRBRManifestation>
      </identification>
      <classification source="http://metadata.un.org/sdg">
        <keyword value="5" href="http://metadata.un.org/sdg/5" showAs="sdg_5" dictionary="SDGO"></keyword>
        <keyword value="gender_equality" href="http://eurovoc.europa.eu/3913" showAs="gender_equality" dictionary="EuroVoc"></keyword>
        <keyword value="participation_of_women" href="http://eurovoc.europa.eu/2265" showAs="participation_of_women" dictionary="EuroVoc"></keyword>
        <keyword value="women&amp;#39;s_rights" href="http://eurovoc.europa.eu/585" showAs="women&amp;#39;s_rights" dictionary="EuroVoc"></keyword>
        <keyword value="position_of_women" href="http://eurovoc.europa.eu/81" showAs="position_of_women" dictionary="EuroVoc"></keyword>
        <keyword value="women" href="http://metadata.un.org/thesaurus/1007029" showAs="women" dictionary="UNBIS Thesaurus"></keyword>
        <keyword value="gender_equality" href="http://metadata.un.org/thesaurus/1002612" showAs="gender_equality" dictionary="UNBIS Thesaurus"></keyword>
        <keyword value="girls" href="http://metadata.un.org/thesaurus/1002684" showAs="girls" dictionary="UNBIS Thesaurus"></keyword>
      </classification>
      <classification source="http://metadata.un.org/sdg">
        <keyword value="16" href="http://metadata.un.org/sdg/16" showAs="sdg_16" dictionary="SDGO"></keyword>
        <keyword value="right_to_justice" href="http://eurovoc.europa.eu/516" showAs="right_to_justice" dictionary="EuroVoc"></keyword>
        <keyword value="sustainable_development" href="http://eurovoc.europa.eu/5585" showAs="sustainable_development" dictionary="EuroVoc"></keyword>
        <keyword value="civil_society" href="http://metadata.un.org/thesaurus/1001012" showAs="civil_society" dictionary="UNBIS Thesaurus"></keyword>
        <keyword value="justice" href="http://metadata.un.org/thesaurus/1003500" showAs="justice" dictionary="UNBIS Thesaurus"></keyword>
        <keyword value="peaceful_coexistence" href="http://metadata.un.org/thesaurus/1004777" showAs="peaceful_coexistence" dictionary="UNBIS Thesaurus"></keyword>
        <keyword value="public_institutions" href="http://metadata.un.org/thesaurus/1005254" showAs="public_institutions" dictionary="UNBIS Thesaurus"></keyword>
        <keyword value="social_justice" href="http://metadata.un.org/thesaurus/1005970" showAs="social_justice" dictionary="UNBIS Thesaurus"></keyword>
        <keyword value="sustainable_development" href="http://metadata.un.org/thesaurus/1006319" showAs="sustainable_development" dictionary="UNBIS Thesaurus"></keyword>
      </classification>
      <workflow source="#un">
        <step date="2019-11-11" outcome="draftResolution" as="A/C.4/74/L.14" by="Algeria, Cuba, Egypt, Gambia, Indonesia, Iraq, Jordan, Kuwait, Maldives, Namibia, Nigeria, Tunisia, Venezuela (Bolivarian Republic of), Yemen and State of Palestine" />
        <step date="0001-01-01" outcome="draftResolutionAdditionalSponsors" by="Bahrain, Bangladesh, Bolivia (Plurinational State of), Brunei Darussalam, Democratic People's Republic of Korea, Djibouti, Lebanon, Malaysia, Mauritania, Morocco, Nicaragua, Oman, Qatar, Saudi Arabia, Senegal, Somalia, South Africa, the Sudan and the United Arab Emirates" />
        <step date="0001-01-01" outcome="recommendedForAdoption" as="A/74/410" by="" refersTo="16" />
        <step date="2019-12-13" outcome="adopted" as="A/74/PV.47" by="" />
      </workflow>
      <analysis source="#un">
        <parliamentary>
          <voting outcome="adoptedRecordedVote">
            <count value="81" refersTo="inFavour">
              <akn4un:voters>
                <organization refersTo="memberState">AFGHANISTAN</organization>
                <organization refersTo="memberState">ALGERIA</organization>
                <organization refersTo="memberState">ANGOLA</organization>
                <organization refersTo="memberState">ANTIGUA AND BARBUDA</organization>
                <organization refersTo="memberState">AZERBAIJAN</organization>
                <organization refersTo="memberState">BAHRAIN</organization>
                <organization refersTo="memberState">BANGLADESH</organization>
                <organization refersTo="memberState">BARBADOS</organization>
                <organization refersTo="memberState">BELIZE</organization>
                <organization refersTo="memberState">BENIN</organization>
                <organization refersTo="memberState">BHUTAN</organization>
                <organization refersTo="memberState">BOLIVIA (PLURINATIONAL STATE OF)</organization>
                <organization refersTo="memberState">BRUNEI DARUSSALAM</organization>
                <organization refersTo="memberState">CABO VERDE</organization>
                <organization refersTo="memberState">CAMBODIA</organization>
                <organization refersTo="memberState">CHILE</organization>
                <organization refersTo="memberState">CHINA</organization>
                <organization refersTo="memberState">COMOROS</organization>
                <organization refersTo="memberState">CONGO</organization>
                <organization refersTo="memberState">COSTA RICA</organization>
                <organization refersTo="memberState">CUBA</organization>
                <organization refersTo="memberState">DEMOCRATIC PEOPLE'S REPUBLIC OF KOREA</organization>
                <organization refersTo="memberState">DJIBOUTI</organization>
                <organization refersTo="memberState">EGYPT</organization>
                <organization refersTo="memberState">EL SALVADOR</organization>
                <organization refersTo="memberState">GABON</organization>
                <organization refersTo="memberState">GAMBIA</organization>
                <organization refersTo="memberState">GRENADA</organization>
                <organization refersTo="memberState">GUYANA</organization>
                <organization refersTo="memberState">INDIA</organization>
                <organization refersTo="memberState">INDONESIA</organization>
                <organization refersTo="memberState">IRAN (ISLAMIC REPUBLIC OF)</organization>
                <organization refersTo="memberState">IRAQ</organization>
                <organization refersTo="memberState">JORDAN</organization>
                <organization refersTo="memberState">KAZAKHSTAN</organization>
                <organization refersTo="memberState">KENYA</organization>
                <organization refersTo="memberState">KUWAIT</organization>
                <organization refersTo="memberState">KYRGYZSTAN</organization>
                <organization refersTo="memberState">LAO PEOPLE'S DEMOCRATIC REPUBLIC</organization>
                <organization refersTo="memberState">LEBANON</organization>
                <organization refersTo="memberState">LIBYA</organization>
                <organization refersTo="memberState">MALAYSIA</organization>
                <organization refersTo="memberState">MALDIVES</organization>
                <organization refersTo="memberState">MALI</organization>
                <organization refersTo="memberState">MAURITANIA</organization>
                <organization refersTo="memberState">MAURITIUS</organization>
                <organization refersTo="memberState">MOROCCO</organization>
                <organization refersTo="memberState">MOZAMBIQUE</organization>
                <organization refersTo="memberState">NAMIBIA</organization>
                <organization refersTo="memberState">NICARAGUA</organization>
                <organization refersTo="memberState">NIGER</organization>
                <organization refersTo="memberState">NIGERIA</organization>
                <organization refersTo="memberState">OMAN</organization>
                <organization refersTo="memberState">PAKISTAN</organization>
                <organization refersTo="memberState">QATAR</organization>
                <organization refersTo="memberState">SAINT KITTS AND NEVIS</organization>
                <organization refersTo="memberState">SAINT LUCIA</organization>
                <organization refersTo="memberState">SAINT VINCENT AND THE GRENADINES</organization>
                <organization refersTo="memberState">SAO TOME AND PRINCIPE</organization>
                <organization refersTo="memberState">SAUDI ARABIA</organization>
                <organization refersTo="memberState">SENEGAL</organization>
                <organization refersTo="memberState">SEYCHELLES</organization>
                <organization refersTo="memberState">SIERRA LEONE</organization>
                <organization refersTo="memberState">SINGAPORE</organization>
                <organization refersTo="memberState">SOMALIA</organization>
                <organization refersTo="memberState">SOUTH AFRICA</organization>
                <organization refersTo="memberState">SRI LANKA</organization>
                <organization refersTo="memberState">SUDAN</organization>
                <organization refersTo="memberState">SURINAME</organization>
                <organization refersTo="memberState">SYRIAN ARAB REPUBLIC</organization>
                <organization refersTo="memberState">TAJIKISTAN</organization>
                <organization refersTo="memberState">TUNISIA</organization>
                <organization refersTo="memberState">TURKEY</organization>
                <organization refersTo="memberState">TURKMENISTAN</organization>
                <organization refersTo="memberState">UGANDA</organization>
                <organization refersTo="memberState">UNITED ARAB EMIRATES</organization>
                <organization refersTo="memberState">UZBEKISTAN</organization>
                <organization refersTo="memberState">VENEZUELA (BOLIVARIAN REPUBLIC OF)</organization>
                <organization refersTo="memberState">VIET NAM</organization>
                <organization refersTo="memberState">YEMEN</organization>
                <organization refersTo="memberState">ZIMBABWE</organization>
              </akn4un:voters>
            </count>
            <count value="13" refersTo="against">
              <akn4un:voters>
                <organization refersTo="memberState">AUSTRALIA</organization>
                <organization refersTo="memberState">BRAZIL</organization>
                <organization refersTo="memberState">CANADA</organization>
                <organization refersTo="memberState">COLOMBIA</organization>
                <organization refersTo="memberState">GUATEMALA</organization>
                <organization refersTo="memberState">HONDURAS</organization>
                <organization refersTo="memberState">HUNGARY</organization>
                <organization refersTo="memberState">ISRAEL</organization>
                <organization refersTo="memberState">KIRIBATI</organization>
                <organization refersTo="memberState">MARSHALL ISLANDS</organization>
                <organization refersTo="memberState">MICRONESIA (FEDERATED STATES OF)</organization>
                <organization refersTo="memberState">NAURU</organization>
                <organization refersTo="memberState">UNITED STATES</organization>
              </akn4un:voters>
            </count>
            <count value="80" refersTo="abstaining">
              <akn4un:voters>
                <organization refersTo="memberState">ALBANIA</organization>
                <organization refersTo="memberState">ANDORRA</organization>
                <organization refersTo="memberState">ARGENTINA</organization>
                <organization refersTo="memberState">ARMENIA</organization>
                <organization refersTo="memberState">AUSTRIA</organization>
                <organization refersTo="memberState">BELARUS</organization>
                <organization refersTo="memberState">BELGIUM</organization>
                <organization refersTo="memberState">BOSNIA AND HERZEGOVINA</organization>
                <organization refersTo="memberState">BOTSWANA</organization>
                <organization refersTo="memberState">BULGARIA</organization>
                <organization refersTo="memberState">CAMEROON</organization>
                <organization refersTo="memberState">CENTRAL AFRICAN REPUBLIC</organization>
                <organization refersTo="memberState">COTE D'IVOIRE</organization>
                <organization refersTo="memberState">CROATIA</organization>
                <organization refersTo="memberState">CYPRUS</organization>
                <organization refersTo="memberState">CZECHIA</organization>
                <organization refersTo="memberState">DENMARK</organization>
                <organization refersTo="memberState">DOMINICAN REPUBLIC</organization>
                <organization refersTo="memberState">ECUADOR</organization>
                <organization refersTo="memberState">ERITREA</organization>
                <organization refersTo="memberState">ESTONIA</organization>
                <organization refersTo="memberState">ESWATINI</organization>
                <organization refersTo="memberState">ETHIOPIA</organization>
                <organization refersTo="memberState">FIJI</organization>
                <organization refersTo="memberState">FINLAND</organization>
                <organization refersTo="memberState">FRANCE</organization>
                <organization refersTo="memberState">GEORGIA</organization>
                <organization refersTo="memberState">GERMANY</organization>
                <organization refersTo="memberState">GHANA</organization>
                <organization refersTo="memberState">GREECE</organization>
                <organization refersTo="memberState">HAITI</organization>
                <organization refersTo="memberState">ICELAND</organization>
                <organization refersTo="memberState">IRELAND</organization>
                <organization refersTo="memberState">ITALY</organization>
                <organization refersTo="memberState">JAMAICA</organization>
                <organization refersTo="memberState">JAPAN</organization>
                <organization refersTo="memberState">LATVIA</organization>
                <organization refersTo="memberState">LESOTHO</organization>
                <organization refersTo="memberState">LIECHTENSTEIN</organization>
                <organization refersTo="memberState">LITHUANIA</organization>
                <organization refersTo="memberState">LUXEMBOURG</organization>
                <organization refersTo="memberState">MALTA</organization>
                <organization refersTo="memberState">MEXICO</organization>
                <organization refersTo="memberState">MONACO</organization>
                <organization refersTo="memberState">MONGOLIA</organization>
                <organization refersTo="memberState">MONTENEGRO</organization>
                <organization refersTo="memberState">MYANMAR</organization>
                <organization refersTo="memberState">NETHERLANDS</organization>
                <organization refersTo="memberState">NEW ZEALAND</organization>
                <organization refersTo="memberState">NORTH MACEDONIA</organization>
                <organization refersTo="memberState">NORWAY</organization>
                <organization refersTo="memberState">PANAMA</organization>
                <organization refersTo="memberState">PAPUA NEW GUINEA</organization>
                <organization refersTo="memberState">PARAGUAY</organization>
                <organization refersTo="memberState">PERU</organization>
                <organization refersTo="memberState">PHILIPPINES</organization>
                <organization refersTo="memberState">POLAND</organization>
                <organization refersTo="memberState">PORTUGAL</organization>
                <organization refersTo="memberState">REPUBLIC OF KOREA</organization>
                <organization refersTo="memberState">REPUBLIC OF MOLDOVA</organization>
                <organization refersTo="memberState">ROMANIA</organization>
                <organization refersTo="memberState">RUSSIAN FEDERATION</organization>
                <organization refersTo="memberState">RWANDA</organization>
                <organization refersTo="memberState">SAMOA</organization>
                <organization refersTo="memberState">SAN MARINO</organization>
                <organization refersTo="memberState">SERBIA</organization>
                <organization refersTo="memberState">SLOVAKIA</organization>
                <organization refersTo="memberState">SLOVENIA</organization>
                <organization refersTo="memberState">SOUTH SUDAN</organization>
                <organization refersTo="memberState">SPAIN</organization>
                <organization refersTo="memberState">SWEDEN</organization>
                <organization refersTo="memberState">SWITZERLAND</organization>
                <organization refersTo="memberState">THAILAND</organization>
                <organization refersTo="memberState">TIMOR-LESTE</organization>
                <organization refersTo="memberState">TOGO</organization>
                <organization refersTo="memberState">TONGA</organization>
                <organization refersTo="memberState">UKRAINE</organization>
                <organization refersTo="memberState">UNITED KINGDOM</organization>
                <organization refersTo="memberState">URUGUAY</organization>
                <organization refersTo="memberState">VANUATU</organization>
              </akn4un:voters>
            </count>
          </voting>
        </parliamentary>
      </analysis>
      <references source="#DGACM">
        <TLCOrganization eId="source" href="/akn/ontology/organization/un/DGACM" showAs="DGACM"></TLCOrganization>
        <TLCConcept eId="dateOfIssuance" href="/akn/ontology/concept/un/dateOfIssuance" showAs="Date of issuance"></TLCConcept>
        <TLCConcept eId="dateOfAdoption" href="/akn/ontology/concept/un/dateOfAdoption" showAs="Date of adoption"></TLCConcept>
        <TLCConcept eId="symbol" href="/akn/ontology/reference/un/symbol" showAs="Symbol"></TLCConcept>
        <TLCRole eId="publisher" href="/akn/ontology/role/un/publisher" showAs="Publisher"></TLCRole>
        <TLCRole eId="issuingBody" href="/akn/role/concept/un/issuingBody" showAs="Issuing body"></TLCRole>
        <TLCRole eId="author" href="/akn/ontology/role/un/author" showAs="Author"></TLCRole>
        <TLCRole eId="editor" href="/akn/ontology/role/un/editor" showAs="Editor"></TLCRole>
        <TLCRole eId="distribution" href="/akn/ontology/concept/un/generalDistribution" showAs="General distribution"></TLCRole>
        <TLCOrganization eId="ga" href="/akn/ontology/organization/un/generalAssembly" showAs="General Assembly"></TLCOrganization>
        <TLCTerm eId="resolutionTitle" href="/akn/ontology/reference/un/resolutionTitle" showAs="Resolution title"></TLCTerm>
        <TLCTerm eId="fourthCommittee" href="#fourthCommittee" showAs="La Comisión Política Especial y de Descolonización"></TLCTerm>
        <TLCTerm eId="memberState" href="/akn/ontology/organization/un/memberState" showAs="Member State"></TLCTerm>
        <TLCTerm eId="inFavour" href="/akn/ontology/concept/un/voting/inFavour" showAs="In favour"></TLCTerm>
        <TLCTerm eId="against" href="/akn/ontology/concept/un/voting/against" showAs="Against"></TLCTerm>
        <TLCTerm eId="abstaining" href="/akn/ontology/concept/un/voting/abstaining" showAs="Abstaining"></TLCTerm>
      </references>
      <presentation source="#un">
        <akn4un:footerFirstPage>
          <akn4un:footerFirstPageLeft>
            <akn4un:internalCode>
              <docketNumber refersTo="#publicationJobNumber">19-21899 (S)</docketNumber>
              <img alt="bar code" class="barCode" src=""></img>
            </akn4un:internalCode>
          </akn4un:footerFirstPageLeft>
          <akn4un:footerFirstPageRight>
            <img alt="Please recycle" class="image" src="./recylcleLogo.jpg"></img>
            <img alt="embedded QR code" class="qrCode" src=""></img>
          </akn4un:footerFirstPageRight>
        </akn4un:footerFirstPage>
      </presentation>
    </meta>
    <coverPage eId="coverPage_1">
      <p>
        <span refersTo="#publisher" class="upperLeft">
          <docAuthority refersTo="#publisher">Naciones Unidas</docAuthority>
        </span>
      </p>
      <p class="upperRight">
        <docNumber refersTo="#symbol">A/RES/74/87</docNumber>
      </p>
      <p class="upperLeft">
        <img src="logo-un.jpg"></img>
        <docAuthority refersTo="#issuingBody" class="rightBig">Asamblea General</docAuthority>
      </p>
      <p>
        <docStatus refersTo="#generalDistribution" class="rightSmall">Distr. general</docStatus>
      </p>
      <p>
        <docDate date="2019-12-26" class="rightSmall" refersTo="#dateOfIssuance">26 de diciembre de 2019</docDate>
      </p>
      <p>
        <session refersTo="#generalAssembly" value="74" eId="coverPage_1__session_1">Septuagésimo cuarto período de sesiones</session>
      </p>
      <p>
        <inline name="agenda item">Tema 51 del programa</inline>
      </p>
      <p>
        <inline name="agenda item name">Informe del Comité Especial encargado de Investigar las Prácticas Israelíes que Afecten a los Derechos Humanos del Pueblo Palestino y Otros Habitantes Árabes de los Territorios Ocupados</inline>
      </p>
      <p>
        <docTitle>Resolución aprobada por la Asamblea General el 13 de diciembre de 2019</docTitle>
      </p>
      <p xml:space="preserve">
        <docProponent refersTo="#fourthCommittee">[sobre la base del informe de la Comisión Política Especial y de Descolonización (Cuarta Comisión) (<inline name="originating document">A/74/410</inline>)]</docProponent>
      </p>
    </coverPage>
    <preface>
      <p>
        <docNumber>74/87.</docNumber>
        <docTitle refersTo="#resolutionTitle">Labor del Comité Especial encargado de Investigar las Prácticas Israelíes que Afecten a los Derechos Humanos del Pueblo Palestino y Otros Habitantes Árabes de los Territorios Ocupados</docTitle>
      </p>
    </preface>
    <preamble>
      <formula name="enactingFormula" eId="formula_1">
        <p xml:space="preserve">
          <span class="italic">La Asamblea General</span>,</p>
      </formula>
      <container name="Guiada" eId="container_2">
        <p xml:space="preserve">
          <span class="italic">Guiada</span> por los propósitos y principios de la Carta de las Naciones Unidas,</p>
      </container>
      <container name="Guiada también" eId="container_3">
        <p xml:space="preserve">
          <span class="italic">Guiada también</span> por el derecho internacional humanitario, en particular el Convenio de Ginebra relativo a la Protección debida a las Personas Civiles en Tiempo de Guerra, de 12 de agosto de 1949<authorialNote marker="1" placement="bottom" eId="authorialNote_1"><p xml:space="preserve">	 	Naciones Unidas, <span class="italic">Treaty Series</span>, vol. 75, núm. 973.</p></authorialNote>, y por las normas internacionales de derechos humanos, en particular la Declaración Universal de Derechos Humanos<authorialNote marker="2" placement="bottom" eId="authorialNote_2"><p xml:space="preserve">	 	Resolución <a href="https://undocs.org//sp/A/RES/217 (III)">217 A (III)</a>.</p></authorialNote> y los Pactos Internacionales de Derechos Humanos<authorialNote marker="3" placement="bottom" eId="authorialNote_3"><p xml:space="preserve">	 	Resolución <a href="https://undocs.org//sp/A/RES/2200 (XXI)">2200 A (XXI)</a>, anexo.</p></authorialNote>, </p>
      </container>
      <container name="Recordando" eId="container_4">
        <p xml:space="preserve">
          <span class="italic">Recordando</span> sus resoluciones pertinentes y las resoluciones pertinentes del Consejo de Derechos Humanos,</p>
      </container>
      <container name="Recordando también" eId="container_5">
        <p xml:space="preserve">
          <span class="italic">Recordando también</span> las resoluciones pertinentes del Consejo de Seguridad, en particular la resolución <a href="https://undocs.org/sp/S/RES/2334 (2016)">2334 (2016)</a>, de 23 de diciembre de 2016,</p>
      </container>
      <container name="Teniendo en cuenta" eId="container_6">
        <p xml:space="preserve">
          <span class="italic">Teniendo en cuenta</span> la opinión consultiva emitida el 9 de julio de 2004 por la Corte Internacional de Justicia sobre las consecuencias jurídicas de la construcción de un muro en el Territorio Palestino Ocupado<authorialNote marker="4" placement="bottom" eId="authorialNote_4"><p xml:space="preserve">	 	Véanse <a href="https://undocs.org/sp/A/ES-10/273">A/ES-10/273</a> y <a href="https://undocs.org/sp/A/ES-10/273/Corr.1">A/ES-10/273/Corr.1</a>.</p></authorialNote>, y recordando al respecto su resolución <a href="https://undocs.org/sp/A/RES/ES-10/15">ES-10/15</a>, de 20 de julio de 2004,</p>
      </container>
      <container name="Recordando" eId="container_7">
        <p xml:space="preserve">
          <span class="italic">Recordando</span> la declaración de 15 de julio de 1999 y las declaraciones adoptadas el 5 de diciembre de 2001 y el 17 de diciembre de 2014<authorialNote marker="5" placement="bottom" eId="authorialNote_5"><p xml:space="preserve"><a href="https://undocs.org/sp/A/69/711">A/69/711-S/2015/1</a>, anexo.</p></authorialNote> por la Conferencia de las Altas Partes Contratantes del Cuarto Convenio de Ginebra, y acogiendo con beneplácito las iniciativas emprendidas por los Estados partes, en forma individual y colectiva, de acuerdo con el artículo 1 del Convenio y con el objetivo de garantizar el respeto del Convenio en el Territorio Palestino Ocupado, incluida Jerusalén Oriental,</p>
      </container>
      <container name="Recordando también" eId="container_8">
        <p xml:space="preserve">
          <span class="italic">Recordando también</span> su resolución <a href="https://undocs.org/sp/A/RES/58/292">58/292</a>, de 6 de mayo de 2004,</p>
      </container>
      <container name="Convencida" eId="container_9">
        <p xml:space="preserve">
          <span class="italic">Convencida</span> de que la propia ocupación representa una violación flagrante y grave de los derechos humanos, y profundamente preocupada por las violaciones persistentes y sistemáticas del derecho internacional, incluidos el derecho internacional humanitario y el derecho internacional de los derechos humanos, cometidas por Israel, así como las políticas discriminatorias contra la población civil palestina en el Territorio Palestino Ocupado, incluida Jerusalén oriental<authorialNote marker="6" placement="bottom" eId="authorialNote_6"><p xml:space="preserve">	 	Véanse <a href="https://undocs.org/sp/A/63/855">A/63/855‑S/2009/250</a> y <a href="https://undocs.org/sp/A/HRC/12/48">A/HRC/12/48</a>.</p></authorialNote>,</p>
      </container>
      <container name="Gravemente preocupada" eId="container_10">
        <p xml:space="preserve">
          <span class="italic">Gravemente preocupada</span> por las informaciones sobre graves violaciones de los derechos humanos y graves infracciones del derecho internacional humanitario,</p>
      </container>
      <container name="Tomando nota" eId="container_11">
        <p xml:space="preserve">
          <span class="italic">Tomando nota</span> del informe de la misión internacional independiente de investigación de las repercusiones de los asentamientos israelíes en los derechos civiles, políticos, económicos, sociales y culturales del pueblo palestino en todo el Territorio Palestino Ocupado, incluida Jerusalén Oriental<authorialNote marker="7" placement="bottom" eId="authorialNote_7"><p xml:space="preserve"><a href="https://undocs.org/sp/A/HRC/22/63">A/HRC/22/63</a>.</p></authorialNote>, </p>
      </container>
      <container name="Recordando" eId="container_12">
        <p xml:space="preserve">
          <span class="italic">Recordando</span> el informe de la comisión internacional independiente de investigación establecida en virtud de la resolución <a href="https://undocs.org/sp/A/HRC/RES/S-28/1">S-28/1</a> del Consejo de Derechos Humanos<authorialNote marker="8" placement="bottom" eId="authorialNote_8"><p xml:space="preserve"><a href="https://undocs.org/sp/A/HRC/40/74">A/HRC/40/74</a>.</p></authorialNote>, </p>
      </container>
      <container name="Destacando" eId="container_13">
        <p xml:space="preserve">
          <span class="italic">Destacando</span> la necesidad de asegurar que se rindan cuentas por todas las violaciones del derecho internacional humanitario y del derecho internacional de los derechos humanos para poner fin a la impunidad, asegurar la justicia, disuadir la comisión de nuevas violaciones, proteger a los civiles y promover la paz,</p>
      </container>
      <container name="Habiendo examinado" eId="container_14">
        <p xml:space="preserve">
          <span class="italic">Habiendo examinado</span> el informe del Comité Especial encargado de Investigar las Prácticas Israelíes que Afecten a los Derechos Humanos del Pueblo Palestino y Otros Habitantes Árabes de los Territorios Ocupados<authorialNote marker="9" placement="bottom" eId="authorialNote_9"><p xml:space="preserve"><a href="https://undocs.org/sp/A/74/356">A/74/356</a>.</p></authorialNote> y los informes pertinentes del Secretario General<authorialNote marker="10" placement="bottom" eId="authorialNote_10"><p xml:space="preserve"><a href="https://undocs.org/sp/A/74/192">A/74/192</a>, <a href="https://undocs.org/sp/A/74/219">A/74/219</a>, <a href="https://undocs.org/sp/A/74/357">A/74/357</a> y <a href="https://undocs.org/sp/A/74/468">A/74/468</a>.</p></authorialNote>, </p>
      </container>
      <container name="Recordando" eId="container_15">
        <p xml:space="preserve">
          <span class="italic">Recordando</span> la Declaración de Principios sobre las Disposiciones relacionadas con un Gobierno Autónomo Provisional, de 13 de septiembre de 1993<authorialNote marker="11" placement="bottom" eId="authorialNote_11"><p xml:space="preserve"><a href="https://undocs.org/sp/A/48/486">A/48/486-S/26560</a>, anexo.</p></authorialNote>, y los acuerdos de aplicación ulteriores concertados entre la parte palestina y la parte israelí,</p>
      </container>
      <container name="Observando" eId="container_16">
        <p xml:space="preserve">
          <span class="italic">Observando</span> que Palestina se ha adherido a varios tratados de derechos humanos y a los convenios y convenciones básicos que regulan el derecho humanitario, así como a otros tratados internacionales,</p>
      </container>
      <container name="Destacando" eId="container_17">
        <p xml:space="preserve">
          <span class="italic">Destacando</span> la urgencia de que se ponga fin definitivamente a la ocupación israelí que comenzó en 1967 y a las violaciones de los derechos humanos del pueblo palestino, y de que se permita la realización de sus derechos inalienables, en particular su derecho a la libre determinación y su Estado independiente, con miras a una solución pacífica, justa, duradera y general de la cuestión de Palestina, </p>
      </container>
    </preamble>
    <mainBody>
      <paragraph eId="para_18" class="SingleTxt">
        <num>	1.</num>
        <content eId="para_18__content">
          <p xml:space="preserve">
            <span class="italic">Encomia</span> al Comité Especial encargado de Investigar las Prácticas Israelíes que Afecten a los Derechos Humanos del Pueblo Palestino y Otros Habitantes Árabes de los Territorios Ocupados por su imparcialidad y por el empeño puesto en la realización de las tareas que le confió la Asamblea General, pese a que su mandato se ha visto obstruido;</p>
        </content>
      </paragraph>
      <paragraph eId="para_19" class="SingleTxt">
        <num>	2.</num>
        <content eId="para_19__content">
          <p xml:space="preserve">
            <span class="italic">Reitera su exigencia</span> de que Israel, la Potencia ocupante, coopere, de conformidad con las obligaciones que le incumben como Estado Miembro de las Naciones Unidas, con el Comité Especial en el cumplimiento de su mandato, y deplora la continua falta de cooperación en este sentido;</p>
        </content>
      </paragraph>
      <paragraph eId="para_20" class="SingleTxt">
        <num>	3.</num>
        <content eId="para_20__content">
          <p xml:space="preserve">
            <span class="italic">Deplora</span> las políticas y prácticas de Israel que violan los derechos humanos del pueblo palestino y otros habitantes árabes de los territorios ocupados, descritas en el informe del Comité Especial correspondiente al período que se examina<sup>9</sup>;</p>
        </content>
      </paragraph>
      <paragraph eId="para_21" class="SingleTxt">
        <num>	4.</num>
        <content eId="para_21__content">
          <p xml:space="preserve">
            <span class="italic">Expresa grave preocupación</span> ante la crítica situación existente en el Territorio Palestino Ocupado, incluida Jerusalén Oriental, a raíz de las prácticas y medidas ilícitas adoptadas por Israel, y condena especialmente todas las actividades ilegales israelíes de asentamiento y la construcción del muro y pide su cese inmediato y el levantamiento del bloqueo de la Franja de Gaza, así como la cesación completa del uso excesivo e indiscriminado de la fuerza y las operaciones militares contra la población civil, los actos violentos de los colonos, las provocaciones e incitaciones en relación con los lugares santos, la destrucción y confiscación de bienes, el desplazamiento forzoso de la población civil, la detención y encarcelamiento de miles de civiles y todas las medidas de castigo colectivo contra la población civil palestina; </p>
        </content>
      </paragraph>
      <paragraph eId="para_22" class="SingleTxt">
        <num>	5.</num>
        <content eId="para_22__content">
          <p xml:space="preserve">
            <span class="italic">Solicita</span> al Comité Especial que, hasta que se ponga fin totalmente a la ocupación israelí, siga investigando las políticas y prácticas israelíes en el Territorio Palestino Ocupado, incluida Jerusalén Oriental, y en los demás territorios árabes ocupados por Israel desde 1967, en particular las violaciones por Israel del Convenio de Ginebra relativo a la Protección debida a las Personas Civiles en Tiempo de Guerra, de 12 de agosto de 1949<sup>1</sup>, que celebre consultas, según proceda, con el Comité Internacional de la Cruz Roja, de conformidad con su Reglamento, para velar por que se salvaguarden el bienestar y los derechos humanos de los habitantes de los territorios ocupados, incluidos los presos y los detenidos, y que presente regularmente informes periódicos al Secretario General sobre la situación imperante en el Territorio Palestino Ocupado, incluida Jerusalén Oriental;</p>
        </content>
      </paragraph>
      <paragraph eId="para_23" class="SingleTxt">
        <num>	6.</num>
        <content eId="para_23__content">
          <p xml:space="preserve">
            <span class="italic">Solicita también</span> al Comité Especial que siga investigando el trato y la condición jurídica de los miles de presos y detenidos palestinos y árabes, incluidos niños, mujeres y representantes elegidos, que permanecen en prisiones y centros de detención israelíes, y expresa grave preocupación por las duras condiciones de encarcelamiento y los malos tratos que sufren los presos y por sus recientes huelgas de hambre, destacando la necesidad de que se respeten todas las normas aplicables del derecho internacional, incluidos el Cuarto Convenio de Ginebra<sup>1</sup>, las Reglas Mínimas de las Naciones Unidas para el Tratamiento de los Reclusos (Reglas Nelson Mandela)<authorialNote marker="12" placement="bottom" eId="authorialNote_12"><p xml:space="preserve">	 	Resolución <a href="https://undocs.org/sp/A/RES/70/175">70/175</a>, anexo.</p></authorialNote> y las Reglas de las Naciones Unidas para el Tratamiento de las Reclusas y Medidas No Privativas de la Libertad para las Mujeres Delincuentes (Reglas de Bangkok)<authorialNote marker="13" placement="bottom" eId="authorialNote_13"><p xml:space="preserve">	 	Resolución <a href="https://undocs.org/sp/A/RES/65/229">65/229</a>, anexo.</p></authorialNote>; </p>
        </content>
      </paragraph>
      <paragraph eId="para_24" class="SingleTxt">
        <num>	7.</num>
        <content eId="para_24__content">
          <p xml:space="preserve">
            <span class="italic">Solicita</span> al Secretario General que:</p>
        </content>
      </paragraph>
      <paragraph eId="para_25" class="SingleTxt">
        <content eId="para_25__content">
          <p xml:space="preserve">	a)	Proporcione al Comité Especial todas las facilidades necesarias, incluidas las que este requiera para visitar los territorios ocupados, a fin de que pueda investigar las políticas y prácticas israelíes a que se hace referencia en la presente resolución;</p>
        </content>
      </paragraph>
      <paragraph eId="para_26" class="SingleTxt">
        <content eId="para_26__content">
          <p xml:space="preserve">	b)	Haga uso de sus buenos oficios para facilitar la ejecución del mandato del Comité Especial y prestarle apoyo al respecto;</p>
        </content>
      </paragraph>
      <paragraph eId="para_27" class="SingleTxt">
        <content eId="para_27__content">
          <p xml:space="preserve">	c)	Siga encomendando a la Oficina del Alto Comisionado de las Naciones Unidas para los Derechos Humanos que preste asistencia al Comité Especial en el desempeño de sus funciones;</p>
        </content>
      </paragraph>
      <paragraph eId="para_28" class="SingleTxt">
        <content eId="para_28__content">
          <p xml:space="preserve">	d)	Distribuya a los Estados Miembros los informes periódicos mencionados en el párrafo 5 y asegure la más amplia disponibilidad de los informes del Comité Especial y de la información relativa a sus actividades y conclusiones por conducto del Departamento de Comunicación Global de la Secretaría;</p>
        </content>
      </paragraph>
      <paragraph eId="para_29" class="SingleTxt">
        <num>	8.</num>
        <content eId="para_29__content">
          <p xml:space="preserve">
            <span class="italic">Decide</span> incluir en el programa provisional de su septuagésimo quinto período de sesiones el tema titulado “Informe del Comité Especial encargado de Investigar las Prácticas Israelíes que Afecten a los Derechos Humanos del Pueblo Palestino y Otros Habitantes Árabes de los Territorios Ocupados”.</p>
        </content>
      </paragraph>
    </mainBody>
    <conclusions eId="conclusions">
      <p>
        <inline name="adoptionMeeting" title="47a">47a sesión plenaria</inline>
        <eol />
        <docDate date="2019-12-13" refersTo="#adoptionDate">13 de diciembre de 2019</docDate>
      </p>
    </conclusions>
  </statement>
</akomaNtoso>