<akomaNtoso xmlns:xsi="http://www.w3.org/2001/XMLSchema-instance" xsi:schemaLocation="http://docs.oasis-open.org/legaldocml/ns/akn/3.0 http://docs.oasis-open.org/legaldocml/akn-core/v1.0/os/part2-specs/schemas/akomantoso30.xsd" xmlns="http://docs.oasis-open.org/legaldocml/ns/akn/3.0" xmlns:html="http://www.w3.org/1999/xhtml" xmlns:akn4un="http://un.org/akn4un">
  <statement name="resolution">
    <meta>
      <identification source="#DGACM">
        <FRBRWork>
          <FRBRthis value="/akn/un/statement/deliberation/unga/2019-12-13/74-91/!main/"></FRBRthis>
          <FRBRuri value="/akn/un/statement/deliberation/unga/2019-12-13/74-91/"></FRBRuri>
          <FRBRdate date="2019-12-13" name="adoption"></FRBRdate>
          <FRBRauthor href="ga" as="author"></FRBRauthor>
          <FRBRcountry value="un"></FRBRcountry>
        </FRBRWork>
        <FRBRExpression>
          <FRBRthis value="/akn/un/statement/deliberation/unga/2019-12-13/74-91/spa@!main/"></FRBRthis>
          <FRBRuri value="/akn/un/statement/deliberation/unga/2019-12-13/74-91/spa@/"></FRBRuri>
          <FRBRdate date="2019-12-26" name="publication"></FRBRdate>
          <FRBRauthor href="ga" as="issuer"></FRBRauthor>
          <FRBRlanguage language="spa"></FRBRlanguage>
        </FRBRExpression>
        <FRBRManifestation>
          <FRBRthis value="/akn/un/statement/deliberation/unga/2019-12-13/74-91/spa@/!main.xml"></FRBRthis>
          <FRBRuri value="/akn/un/statement/deliberation/unga/2019-12-13/74-91/spa@.xml"></FRBRuri>
          <FRBRdate date="2020-08-18" name="markup"></FRBRdate>
          <FRBRauthor href="DGACM" as="editor"></FRBRauthor>
        </FRBRManifestation>
      </identification>
      <classification source="http://metadata.un.org/sdg">
        <keyword value="3" href="http://metadata.un.org/sdg/3" showAs="sdg_3" dictionary="SDGO"></keyword>
        <keyword value="public_health" href="http://eurovoc.europa.eu/3885" showAs="public_health" dictionary="EuroVoc"></keyword>
        <keyword value="health" href="http://metadata.un.org/thesaurus/1002824" showAs="health" dictionary="UNBIS Thesaurus"></keyword>
      </classification>
      <classification source="http://metadata.un.org/sdg">
        <keyword value="4" href="http://metadata.un.org/sdg/4" showAs="sdg_4" dictionary="SDGO"></keyword>
        <keyword value="education" href="http://eurovoc.europa.eu/668" showAs="education" dictionary="EuroVoc"></keyword>
        <keyword value="right_to_education" href="http://eurovoc.europa.eu/512" showAs="right_to_education" dictionary="EuroVoc"></keyword>
        <keyword value="education" href="http://metadata.un.org/thesaurus/1001893" showAs="education" dictionary="UNBIS Thesaurus"></keyword>
      </classification>
      <classification source="http://metadata.un.org/sdg">
        <keyword value="5" href="http://metadata.un.org/sdg/5" showAs="sdg_5" dictionary="SDGO"></keyword>
        <keyword value="gender_equality" href="http://eurovoc.europa.eu/3913" showAs="gender_equality" dictionary="EuroVoc"></keyword>
        <keyword value="participation_of_women" href="http://eurovoc.europa.eu/2265" showAs="participation_of_women" dictionary="EuroVoc"></keyword>
        <keyword value="women&amp;#39;s_rights" href="http://eurovoc.europa.eu/585" showAs="women&amp;#39;s_rights" dictionary="EuroVoc"></keyword>
        <keyword value="position_of_women" href="http://eurovoc.europa.eu/81" showAs="position_of_women" dictionary="EuroVoc"></keyword>
        <keyword value="women" href="http://metadata.un.org/thesaurus/1007029" showAs="women" dictionary="UNBIS Thesaurus"></keyword>
        <keyword value="gender_equality" href="http://metadata.un.org/thesaurus/1002612" showAs="gender_equality" dictionary="UNBIS Thesaurus"></keyword>
        <keyword value="girls" href="http://metadata.un.org/thesaurus/1002684" showAs="girls" dictionary="UNBIS Thesaurus"></keyword>
      </classification>
      <workflow source="#un">
        <step date="2019-11-04" outcome="draftResolution" as="A/C.4/74/L.8" by="Australia, Austria, Belgium, Canada, Cyprus, Czechia, Denmark, Estonia, Finland, Germany, Greece, Hungary, Iceland, Latvia, Lithuania, Mexico, Netherlands, Norway, Poland, Slovenia, Spain, Sweden, Switzerland, Ukraine and Uruguay" />
        <step date="0001-01-01" outcome="draftResolutionAdditionalSponsors" by="Argentina, Bulgaria, Chile, Colombia, Costa Rica, Croatia, El Salvador, France, Haiti, Ireland, Italy, Liechtenstein, Luxembourg,  Malta, Montenegro, Paraguay, Portugal, Romania, Slovakia, Thailand and the United Kingdom" />
        <step date="0001-01-01" outcome="recommendedForAdoption" as="A/74/412" by="" refersTo="8" />
        <step date="2019-12-13" outcome="adopted" as="A/74/PV.47" by="" />
      </workflow>
      <analysis source="#un">
        <parliamentary>
          <voting outcome="adoptedWithoutVote">
            <quorum value=""></quorum>
          </voting>
        </parliamentary>
      </analysis>
      <references source="#DGACM">
        <TLCOrganization eId="source" href="/akn/ontology/organization/un/DGACM" showAs="DGACM"></TLCOrganization>
        <TLCConcept eId="dateOfIssuance" href="/akn/ontology/concept/un/dateOfIssuance" showAs="Date of issuance"></TLCConcept>
        <TLCConcept eId="dateOfAdoption" href="/akn/ontology/concept/un/dateOfAdoption" showAs="Date of adoption"></TLCConcept>
        <TLCConcept eId="symbol" href="/akn/ontology/reference/un/symbol" showAs="Symbol"></TLCConcept>
        <TLCRole eId="publisher" href="/akn/ontology/role/un/publisher" showAs="Publisher"></TLCRole>
        <TLCRole eId="issuingBody" href="/akn/role/concept/un/issuingBody" showAs="Issuing body"></TLCRole>
        <TLCRole eId="author" href="/akn/ontology/role/un/author" showAs="Author"></TLCRole>
        <TLCRole eId="editor" href="/akn/ontology/role/un/editor" showAs="Editor"></TLCRole>
        <TLCRole eId="distribution" href="/akn/ontology/concept/un/generalDistribution" showAs="General distribution"></TLCRole>
        <TLCOrganization eId="ga" href="/akn/ontology/organization/un/generalAssembly" showAs="General Assembly"></TLCOrganization>
        <TLCTerm eId="resolutionTitle" href="/akn/ontology/reference/un/resolutionTitle" showAs="Resolution title"></TLCTerm>
        <TLCTerm eId="fourthCommittee" href="#fourthCommittee" showAs="La Comisión Política Especial y de Descolonización"></TLCTerm>
        <TLCTerm eId="memberState" href="/akn/ontology/organization/un/memberState" showAs="Member State"></TLCTerm>
        <TLCTerm eId="inFavour" href="/akn/ontology/concept/un/voting/inFavour" showAs="In favour"></TLCTerm>
        <TLCTerm eId="against" href="/akn/ontology/concept/un/voting/against" showAs="Against"></TLCTerm>
        <TLCTerm eId="abstaining" href="/akn/ontology/concept/un/voting/abstaining" showAs="Abstaining"></TLCTerm>
      </references>
      <presentation source="#un">
        <akn4un:footerFirstPage>
          <akn4un:footerFirstPageLeft>
            <akn4un:internalCode>
              <docketNumber refersTo="#publicationJobNumber">19-21905 (S)</docketNumber>
              <img alt="bar code" class="barCode" src=""></img>
            </akn4un:internalCode>
          </akn4un:footerFirstPageLeft>
          <akn4un:footerFirstPageRight>
            <img alt="Please recycle" class="image" src="./recylcleLogo.jpg"></img>
            <img alt="embedded QR code" class="qrCode" src=""></img>
          </akn4un:footerFirstPageRight>
        </akn4un:footerFirstPage>
      </presentation>
    </meta>
    <coverPage eId="coverPage_1">
      <p>
        <span refersTo="#publisher" class="upperLeft">
          <docAuthority refersTo="#publisher">Naciones Unidas</docAuthority>
        </span>
      </p>
      <p class="upperRight">
        <docNumber refersTo="#symbol">A/RES/74/91</docNumber>
      </p>
      <p class="upperLeft">
        <img src="logo-un.jpg"></img>
        <docAuthority refersTo="#issuingBody" class="rightBig">Asamblea General</docAuthority>
      </p>
      <p>
        <docStatus refersTo="#generalDistribution" class="rightSmall">Distr. general</docStatus>
      </p>
      <p>
        <docDate date="2019-12-26" class="rightSmall" refersTo="#dateOfIssuance">26 de diciembre de 2019</docDate>
      </p>
      <p>
        <session refersTo="#generalAssembly" value="74" eId="coverPage_1__session_1">Septuagésimo cuarto período de sesiones</session>
      </p>
      <p>
        <inline name="agenda item">Tema 53 del programa</inline>
      </p>
      <p>
        <inline name="agenda item name">Examen amplio de las misiones políticas especiales</inline>
      </p>
      <p>
        <docTitle>Resolución aprobada por la Asamblea General el 13 de diciembre de 2019</docTitle>
      </p>
      <p xml:space="preserve">
        <docProponent refersTo="#fourthCommittee">[sobre la base del informe de la Comisión Política Especial y de Descolonización (Cuarta Comisión) (<inline name="originating document">A/74/412</inline>)]</docProponent>
      </p>
    </coverPage>
    <preface>
      <p>
        <docNumber>74/91.</docNumber>
        <docTitle refersTo="#resolutionTitle">Examen amplio de las misiones políticas especiales</docTitle>
      </p>
    </preface>
    <preamble>
      <formula name="enactingFormula" eId="formula_1">
        <p xml:space="preserve">
          <span class="italic">La Asamblea General</span>,</p>
      </formula>
      <container name="Guiada" eId="container_2">
        <p xml:space="preserve">
          <span class="italic">Guiada</span> por los propósitos y principios consagrados en la Carta de las Naciones Unidas, </p>
      </container>
      <container name="Recordando" eId="container_3">
        <p xml:space="preserve">
          <span class="italic">Recordando</span> sus resoluciones <a href="https://undocs.org/sp/A/RES/67/123">67/123</a>, de 18 de diciembre de 2012, <a href="https://undocs.org/sp/A/RES/68/85">68/85</a>, de 11 de diciembre de 2013, <a href="https://undocs.org/sp/A/RES/69/95">69/95</a>, de 5 de diciembre de 2014, <a href="https://undocs.org/sp/A/RES/70/92">70/92</a>, de 9 de diciembre de 2015, <a href="https://undocs.org/sp/A/RES/71/100">71/100</a>, de 6 de diciembre de 2016, <a href="https://undocs.org/sp/A/RES/72/89">72/89</a>, de 7 de diciembre de 2017, y <a href="https://undocs.org/sp/A/RES/73/101">73/101</a>, de 7 de diciembre de 2018, relativas al examen amplio de las misiones políticas especiales, </p>
      </container>
      <container name="Reafirmando su compromiso" eId="container_4">
        <p xml:space="preserve">
          <span class="italic">Reafirmando su compromiso</span> de respetar la soberanía, la integridad territorial y la independencia política de todos los Estados,</p>
      </container>
      <container name="Recordando" eId="container_5">
        <p xml:space="preserve">
          <span class="italic">Recordando</span> la función principal de las Naciones Unidas y las funciones y la autoridad respectivas de la Asamblea General y del Consejo de Seguridad en el mantenimiento de la paz y la seguridad internacionales de conformidad con la Carta, y recordando también en ese contexto la contribución de los acuerdos regionales y subregionales y la importante función que pueden desempeñar, según corresponda,</p>
      </container>
      <container name="Recordando también" eId="container_6">
        <p xml:space="preserve">
          <span class="italic">Recordando también</span> que el 27 de abril de 2016 la Asamblea General y el Consejo de Seguridad aprobaron las resoluciones <a href="https://undocs.org/sp/A/RES/70/262">70/262</a> y <a href="https://undocs.org/sp/S/RES/2282 (2016)">2282 (2016)</a>, sustancialmente idénticas, recordando además la aprobación de las resoluciones <a href="https://undocs.org/sp/A/RES/72/276">72/276</a> y <a href="https://undocs.org/sp/S/RES/2413 (2018)">2413 (2018)</a>, de 26 de abril de 2018, relativas a la consolidación y el sostenimiento de la paz, y reconociendo, en este sentido, la importante función que desempeñan las misiones políticas especiales en la esfera del sostenimiento de la paz, como objetivo y como proceso, cuando corresponde según su mandato,</p>
      </container>
      <container name="Reconociendo" eId="container_7">
        <p xml:space="preserve">
          <span class="italic">Reconociendo</span> la importante función de las misiones políticas especiales como mecanismo flexible para el mantenimiento de la paz y la seguridad internacionales, en particular mediante su contribución a un enfoque amplio de consolidación y sostenimiento de la paz,</p>
      </container>
      <container name="Observando" eId="container_8">
        <p xml:space="preserve">
          <span class="italic">Observando</span> que las reformas pertinentes, en particular las del pilar de paz y seguridad, representan una oportunidad para seguir avanzando y fortaleciendo la labor de las misiones políticas especiales en todas las tareas encomendadas en sus respectivos mandatos, incluida la prevención de conflictos, y destacando que las medidas adoptadas por las Naciones Unidas deben respaldar y complementar, según proceda, las funciones que corresponden a los Gobiernos nacionales en esa esfera,</p>
      </container>
      <container name="Alentando " eId="container_9">
        <p xml:space="preserve">
          <span class="italic">Alentando </span>un mayor intercambio de información, de manera adecuada, entre la Asamblea General, el Consejo de Seguridad y la Secretaría, haciendo uso de la función de asesoramiento de la Comisión de Consolidación de la Paz, cuando sea oportuno, sobre cuestiones de política generales relacionadas con las misiones políticas especiales,</p>
      </container>
      <container name="Reafirmando " eId="container_10">
        <p xml:space="preserve">
          <span class="italic">Reafirmando </span>los principios de imparcialidad, consentimiento de las partes, implicación nacional y responsabilidad nacional, y destacando la importancia de las opiniones de los países que acogen misiones políticas especiales, así como del diálogo con esos países,</p>
      </container>
      <container name="Recordando " eId="container_11">
        <p xml:space="preserve">
          <span class="italic">Recordando </span>los informes pertinentes sobre el examen de los arreglos de financiación y apoyo para las misiones políticas especiales<authorialNote marker="1" placement="bottom" eId="authorialNote_1"><p xml:space="preserve"><a href="https://undocs.org/sp/A/66/340">A/66/340</a> y <a href="https://undocs.org/sp/A/66/7/Add.21">A/66/7/Add.21</a>.</p></authorialNote>, que se ocuparon de las disposiciones financieras y administrativas relativas a esas misiones, y reconociendo que la Quinta Comisión es la Comisión Principal de la Asamblea General a la que incumbe la responsabilidad de los asuntos administrativos y presupuestarios,</p>
      </container>
      <container name="Reconociendo" eId="container_12">
        <p xml:space="preserve">
          <span class="italic">Reconociendo</span>, a ese respecto, la importancia de que se asignen recursos suficientes a los componentes de consolidación de la paz de las misiones políticas especiales pertinentes, incluso durante las etapas de transición y reducción de las misiones, para apoyar la estabilidad y continuidad de las actividades de consolidación de la paz,</p>
      </container>
      <container name="Destacando" eId="container_13">
        <p xml:space="preserve">
          <span class="italic">Destacando</span> la necesidad de que las Naciones Unidas sigan mejorando sus capacidades de arreglo pacífico de controversias, incluidas la mediación, la prevención o solución de conflictos, la consolidación de la paz y el sostenimiento de la paz, para mantener la paz y la seguridad internacionales,</p>
      </container>
      <container name="Reconociendo" eId="container_14">
        <p xml:space="preserve">
          <span class="italic">Reconociendo</span> el aumento considerable del número y la complejidad de las misiones políticas especiales y los desafíos que afrontan,</p>
      </container>
      <container name="Reconociendo también " eId="container_15">
        <p xml:space="preserve">
          <span class="italic">Reconociendo también </span>la necesidad de coherencia en todo el sistema entre las misiones políticas especiales y el sistema de las Naciones Unidas, y poniendo de relieve la importancia de una estrecha colaboración entre las misiones políticas especiales, las operaciones de mantenimiento de la paz y los equipos de las Naciones Unidas en los países para mantener una paz sostenible y prevenir y resolver los conflictos,</p>
      </container>
      <container name="Reconociendo además" eId="container_16">
        <p xml:space="preserve">
          <span class="italic">Reconociendo además</span> la necesidad de que las misiones políticas especiales ajusten su funcionamiento a mandatos claros, creíbles y realistas, por medios como la formulación de sus objetivos y propósitos, y la necesidad de examinar sus progresos conforme a lo estipulado en sus mandatos respectivos,</p>
      </container>
      <container name="Destacando " eId="container_17">
        <p xml:space="preserve">
          <span class="italic">Destacando </span>la necesidad de, según corresponda, una mayor coordinación y cooperación entre las misiones políticas especiales y las organizaciones regionales y subregionales interesadas, en particular aprovechando las alianzas estratégicas actuales, para la adopción de medidas concretas con miras a fortalecer los mecanismos de prevención, gestión y solución de conflictos, y poniendo de relieve la necesidad de desarrollar y fortalecer la capacidad humana e institucional en los planos nacional, subregional y regional,</p>
      </container>
      <container name="Reconociendo" eId="container_18">
        <p xml:space="preserve">
          <span class="italic">Reconociendo</span> la importancia de las iniciativas encaminadas a ampliar la representación geográfica y mejorar el equilibrio entre los géneros y los conocimientos especializados en la composición de todas las misiones políticas especiales, y reconociendo también la necesidad de reducir la huella ecológica general de las misiones políticas especiales pertinentes,</p>
      </container>
      <container name="Recordando" eId="container_19">
        <p xml:space="preserve">
          <span class="italic">Recordando</span> las resoluciones pertinentes sobre las mujeres, la paz y la seguridad, reafirmando la importante función que desempeñan las mujeres en la prevención y la solución de conflictos y la consolidación de la paz, y reconociendo la importancia de la participación equitativa, efectiva y plena de las mujeres a todos los niveles, en todas las fases y en todos los aspectos del arreglo pacífico de controversias, la prevención de conflictos y la solución de conflictos,</p>
      </container>
      <container name="Recordando también" eId="container_20">
        <p xml:space="preserve">
          <span class="italic">Recordando también</span> las resoluciones pertinentes sobre la juventud, la paz y la seguridad, y afirmando la importante función que pueden desempeñar los jóvenes en la prevención y solución de los conflictos, y como aspecto clave de la sostenibilidad, la inclusividad y el éxito de las actividades de mantenimiento y consolidación de la paz,</p>
      </container>
      <container name="&#x9;Haciendo notar" eId="container_21">
        <p xml:space="preserve">
          <span class="italic">	Haciendo notar</span> la aprobación de la restructuración de la arquitectura de paz y seguridad dentro de la Secretaría, en particular el respaldo dado a la creación del Departamento de Asuntos Políticos y de Consolidación de la Paz y del Departamento de Operaciones de Paz, y de una estructura político-operacional regional única compartida por ambos departamentos, de conformidad con lo dispuesto en la resolución <a href="https://undocs.org/sp/A/RES/72/262">72/262</a> C de la Asamblea General, de 5 de julio de 2018,</p>
      </container>
      <container name="&#x9;Observando " eId="container_22">
        <p xml:space="preserve">
          <span class="italic">	Observando </span>que las iniciativas de reforma pertinentes de las Naciones Unidas deben velar por un enfoque más coordinado a fin de fortalecer la capacidad de las misiones políticas especiales para cumplir su mandato, y deben contribuir a lograr un aumento de la rendición de cuentas, la coherencia y la eficacia de las misiones políticas especiales,</p>
      </container>
    </preamble>
    <mainBody>
      <paragraph eId="para_23" class="MercuryDocument">
        <num>	1.</num>
        <content eId="para_23__content">
          <p xml:space="preserve">
            <span class="italic">Toma nota </span>del informe del Secretario General presentado en cumplimiento de la resolución <a href="https://undocs.org/sp/A/RES/73/101">73/101</a><authorialNote marker="2" placement="bottom" eId="authorialNote_2"><p xml:space="preserve"><a href="https://undocs.org/sp/A/74/338">A/74/338</a>.</p></authorialNote>;</p>
        </content>
      </paragraph>
      <paragraph eId="para_24" class="MercuryDocument">
        <num>	2.</num>
        <content eId="para_24__content">
          <p xml:space="preserve">
            <span class="italic">Solicita</span> al Secretario General que celebre diálogos periódicos, inclusivos e interactivos sobre las cuestiones de política generales relacionadas con las misiones políticas especiales, y solicita a la Secretaría que se ponga en contacto con los Estados Miembros antes de que se celebren dichos diálogos para conseguir una participación amplia y significativa; </p>
        </content>
      </paragraph>
      <paragraph eId="para_25" class="MercuryDocument">
        <num>	3.</num>
        <content eId="para_25__content">
          <p xml:space="preserve">
            <span class="italic">Respeta </span>el ámbito de acción de los mandatos de las misiones políticas especiales, estipulados en las resoluciones pertinentes respectivas, reconoce la especificidad de cada uno de los mandatos de esas misiones y pone de relieve la función de la Asamblea General en las deliberaciones acerca de las cuestiones de política generales relacionadas con las misiones políticas especiales;</p>
        </content>
      </paragraph>
      <paragraph eId="para_26" class="MercuryDocument">
        <num>	4.</num>
        <content eId="para_26__content">
          <p xml:space="preserve">
            <span class="italic">Reconoce</span> la importancia de que haya una coordinación, coherencia y cooperación sólidas del Consejo de Seguridad y la Asamblea General con la Comisión de Consolidación de la Paz y, a ese respecto, observa la intención y la práctica reciente del Consejo de Seguridad de solicitar, examinar y utilizar regularmente el asesoramiento específico, estratégico y con objetivos definidos de la Comisión de Consolidación de la Paz, en particular para prestar asistencia en relación con la perspectiva a más largo plazo necesaria para que el sostenimiento de la paz se refleje en la formación, el examen y la reducción de las operaciones de mantenimiento de la paz y los mandatos de las misiones políticas especiales, de conformidad con lo dispuesto en la resolución <a href="https://undocs.org/sp/A/RES/70/262">70/262</a> de la Asamblea General y la resolución <a href="https://undocs.org/sp/S/RES/2282 (2016)">2282 (2016)</a> del Consejo de Seguridad;</p>
        </content>
      </paragraph>
      <paragraph eId="para_27" class="MercuryDocument">
        <num>	5.</num>
        <content eId="para_27__content">
          <p xml:space="preserve">
            <span class="italic">Solicita </span>al Secretario General que en su septuagésimo quinto período de sesiones le presente oportunamente un informe sobre la aplicación de la presente resolución respecto de las cuestiones de política generales relacionadas con las misiones políticas especiales, en particular los esfuerzos para mejorar los conocimientos especializados y la eficacia, la transparencia, la rendición de cuentas, la representación geográfica, la perspectiva de género y la participación de las mujeres en pie de igualdad, así como la participación de los jóvenes, y a ese respecto solicita también al Secretario General que incluya en el informe información pertinente y detallada sobre dichas cuestiones;</p>
        </content>
      </paragraph>
      <paragraph eId="para_28" class="MercuryDocument">
        <num>	6.</num>
        <content eId="para_28__content">
          <p xml:space="preserve">
            <span class="italic">Solicita también </span>al Secretario General que, en el informe mencionado, incluya información sobre la aplicación de las reformas en la Organización en lo que respecta a las misiones políticas especiales;</p>
        </content>
      </paragraph>
      <paragraph eId="para_29" class="MercuryDocument">
        <num>	7.</num>
        <content eId="para_29__content">
          <p xml:space="preserve">
            <span class="italic">Decide</span> incluir en el programa provisional de su septuagésimo quinto período de sesiones el tema titulado “Examen amplio de las misiones políticas especiales” y examinar en relación con ese tema el informe del Secretario General antes mencionado.</p>
        </content>
      </paragraph>
    </mainBody>
    <conclusions eId="conclusions">
      <p>
        <inline name="adoptionMeeting" title="47a">47a sesión plenaria</inline>
        <eol />
        <docDate date="2019-12-13" refersTo="#adoptionDate">13 de diciembre de 2019</docDate>
      </p>
    </conclusions>
  </statement>
</akomaNtoso>