<akomaNtoso xmlns:xsi="http://www.w3.org/2001/XMLSchema-instance" xsi:schemaLocation="http://docs.oasis-open.org/legaldocml/ns/akn/3.0 http://docs.oasis-open.org/legaldocml/akn-core/v1.0/os/part2-specs/schemas/akomantoso30.xsd" xmlns="http://docs.oasis-open.org/legaldocml/ns/akn/3.0" xmlns:html="http://www.w3.org/1999/xhtml" xmlns:akn4un="http://un.org/akn4un">
  <statement name="resolution">
    <meta>
      <identification source="#DGACM">
        <FRBRWork>
          <FRBRthis value="/akn/un/statement/deliberation/unga/2019-12-13/74-94/!main/"></FRBRthis>
          <FRBRuri value="/akn/un/statement/deliberation/unga/2019-12-13/74-94/"></FRBRuri>
          <FRBRdate date="2019-12-13" name="adoption"></FRBRdate>
          <FRBRauthor href="ga" as="author"></FRBRauthor>
          <FRBRcountry value="un"></FRBRcountry>
        </FRBRWork>
        <FRBRExpression>
          <FRBRthis value="/akn/un/statement/deliberation/unga/2019-12-13/74-94/spa@!main/"></FRBRthis>
          <FRBRuri value="/akn/un/statement/deliberation/unga/2019-12-13/74-94/spa@/"></FRBRuri>
          <FRBRdate date="2019-12-26" name="publication"></FRBRdate>
          <FRBRauthor href="ga" as="issuer"></FRBRauthor>
          <FRBRlanguage language="spa"></FRBRlanguage>
        </FRBRExpression>
        <FRBRManifestation>
          <FRBRthis value="/akn/un/statement/deliberation/unga/2019-12-13/74-94/spa@/!main.xml"></FRBRthis>
          <FRBRuri value="/akn/un/statement/deliberation/unga/2019-12-13/74-94/spa@.xml"></FRBRuri>
          <FRBRdate date="2020-08-18" name="markup"></FRBRdate>
          <FRBRauthor href="DGACM" as="editor"></FRBRauthor>
        </FRBRManifestation>
      </identification>
      <classification source="http://metadata.un.org/sdg">
        <keyword value="2" href="http://metadata.un.org/sdg/2" showAs="sdg_2" dictionary="SDGO"></keyword>
        <keyword value="food_shortage" href="http://eurovoc.europa.eu/2318" showAs="food_shortage" dictionary="EuroVoc"></keyword>
        <keyword value="sustainable_agriculture" href="http://eurovoc.europa.eu/6308" showAs="sustainable_agriculture" dictionary="EuroVoc"></keyword>
        <keyword value="food_security" href="http://eurovoc.europa.eu/c_4523e1dd" showAs="food_security" dictionary="EuroVoc"></keyword>
        <keyword value="food_security" href="http://metadata.un.org/thesaurus/1002439" showAs="food_security" dictionary="UNBIS Thesaurus"></keyword>
        <keyword value="food_shortage" href="http://metadata.un.org/thesaurus/1002440" showAs="food_shortage" dictionary="UNBIS Thesaurus"></keyword>
        <keyword value="hunger" href="http://metadata.un.org/thesaurus/1003004" showAs="hunger" dictionary="UNBIS Thesaurus"></keyword>
        <keyword value="sustainable_agriculture" href="http://metadata.un.org/thesaurus/1006317" showAs="sustainable_agriculture" dictionary="UNBIS Thesaurus"></keyword>
      </classification>
      <classification source="http://metadata.un.org/sdg">
        <keyword value="8" href="http://metadata.un.org/sdg/8" showAs="sdg_8" dictionary="SDGO"></keyword>
        <keyword value="economic_growth" href="http://eurovoc.europa.eu/310" showAs="economic_growth" dictionary="EuroVoc"></keyword>
        <keyword value="full_employment" href="http://eurovoc.europa.eu/2427" showAs="full_employment" dictionary="EuroVoc"></keyword>
        <keyword value="unemployment" href="http://eurovoc.europa.eu/5974" showAs="unemployment" dictionary="EuroVoc"></keyword>
        <keyword value="economic_growth" href="http://metadata.un.org/thesaurus/1001854" showAs="economic_growth" dictionary="UNBIS Thesaurus"></keyword>
        <keyword value="employment" href="http://metadata.un.org/thesaurus/1002007" showAs="employment" dictionary="UNBIS Thesaurus"></keyword>
        <keyword value="full_employment" href="http://metadata.un.org/thesaurus/1002563" showAs="full_employment" dictionary="UNBIS Thesaurus"></keyword>
        <keyword value="unemployment" href="http://metadata.un.org/thesaurus/1006773" showAs="unemployment" dictionary="UNBIS Thesaurus"></keyword>
      </classification>
      <classification source="http://metadata.un.org/sdg">
        <keyword value="14" href="http://metadata.un.org/sdg/14" showAs="sdg_14" dictionary="SDGO"></keyword>
        <keyword value="marine_life" href="http://eurovoc.europa.eu/3149" showAs="marine_life" dictionary="EuroVoc"></keyword>
        <keyword value="marine_environment" href="http://eurovoc.europa.eu/5742" showAs="marine_environment" dictionary="EuroVoc"></keyword>
        <keyword value="ocean" href="http://eurovoc.europa.eu/2107" showAs="ocean" dictionary="EuroVoc"></keyword>
        <keyword value="sea" href="http://eurovoc.europa.eu/1870" showAs="sea" dictionary="EuroVoc"></keyword>
        <keyword value="marine_resources" href="http://metadata.un.org/thesaurus/030800" showAs="marine_resources" dictionary="UNBIS Thesaurus"></keyword>
        <keyword value="marine_resources" href="http://metadata.un.org/thesaurus/1003922" showAs="marine_resources" dictionary="UNBIS Thesaurus"></keyword>
        <keyword value="oceans_and_seas" href="http://metadata.un.org/thesaurus/170600" showAs="oceans_and_seas" dictionary="UNBIS Thesaurus"></keyword>
      </classification>
      <classification source="http://metadata.un.org/sdg">
        <keyword value="16" href="http://metadata.un.org/sdg/16" showAs="sdg_16" dictionary="SDGO"></keyword>
        <keyword value="right_to_justice" href="http://eurovoc.europa.eu/516" showAs="right_to_justice" dictionary="EuroVoc"></keyword>
        <keyword value="sustainable_development" href="http://eurovoc.europa.eu/5585" showAs="sustainable_development" dictionary="EuroVoc"></keyword>
        <keyword value="civil_society" href="http://metadata.un.org/thesaurus/1001012" showAs="civil_society" dictionary="UNBIS Thesaurus"></keyword>
        <keyword value="justice" href="http://metadata.un.org/thesaurus/1003500" showAs="justice" dictionary="UNBIS Thesaurus"></keyword>
        <keyword value="peaceful_coexistence" href="http://metadata.un.org/thesaurus/1004777" showAs="peaceful_coexistence" dictionary="UNBIS Thesaurus"></keyword>
        <keyword value="public_institutions" href="http://metadata.un.org/thesaurus/1005254" showAs="public_institutions" dictionary="UNBIS Thesaurus"></keyword>
        <keyword value="social_justice" href="http://metadata.un.org/thesaurus/1005970" showAs="social_justice" dictionary="UNBIS Thesaurus"></keyword>
        <keyword value="sustainable_development" href="http://metadata.un.org/thesaurus/1006319" showAs="sustainable_development" dictionary="UNBIS Thesaurus"></keyword>
      </classification>
      <workflow source="#un">
        <step date="0001-01-01" outcome="draftResolution" by="submitted by the Special Committee on the Situation with regard to the Implementation of the Declaration on the Granting of Independence to Colonial Countries and Peoples" />
        <step date="0001-01-01" outcome="draftResolutionAdditionalSponsors" by="" />
        <step date="0001-01-01" outcome="recommendedForAdoption" as="A/74/415" by="" refersTo="7" />
        <step date="2019-12-13" outcome="adopted" as="A/74/PV.47" by="" />
      </workflow>
      <analysis source="#un">
        <parliamentary>
          <voting outcome="adoptedRecordedVote">
            <count value="178" refersTo="inFavour">
              <akn4un:voters>
                <organization refersTo="memberState">AFGHANISTAN</organization>
                <organization refersTo="memberState">ALBANIA</organization>
                <organization refersTo="memberState">ALGERIA</organization>
                <organization refersTo="memberState">ANDORRA</organization>
                <organization refersTo="memberState">ANGOLA</organization>
                <organization refersTo="memberState">ANTIGUA AND BARBUDA</organization>
                <organization refersTo="memberState">ARGENTINA</organization>
                <organization refersTo="memberState">ARMENIA</organization>
                <organization refersTo="memberState">AUSTRALIA</organization>
                <organization refersTo="memberState">AUSTRIA</organization>
                <organization refersTo="memberState">AZERBAIJAN</organization>
                <organization refersTo="memberState">BAHAMAS</organization>
                <organization refersTo="memberState">BAHRAIN</organization>
                <organization refersTo="memberState">BANGLADESH</organization>
                <organization refersTo="memberState">BARBADOS</organization>
                <organization refersTo="memberState">BELARUS</organization>
                <organization refersTo="memberState">BELGIUM</organization>
                <organization refersTo="memberState">BELIZE</organization>
                <organization refersTo="memberState">BENIN</organization>
                <organization refersTo="memberState">BHUTAN</organization>
                <organization refersTo="memberState">BOLIVIA (PLURINATIONAL STATE OF)</organization>
                <organization refersTo="memberState">BOSNIA AND HERZEGOVINA</organization>
                <organization refersTo="memberState">BOTSWANA</organization>
                <organization refersTo="memberState">BRAZIL</organization>
                <organization refersTo="memberState">BRUNEI DARUSSALAM</organization>
                <organization refersTo="memberState">BULGARIA</organization>
                <organization refersTo="memberState">BURKINA FASO</organization>
                <organization refersTo="memberState">BURUNDI</organization>
                <organization refersTo="memberState">CABO VERDE</organization>
                <organization refersTo="memberState">CAMBODIA</organization>
                <organization refersTo="memberState">CAMEROON</organization>
                <organization refersTo="memberState">CANADA</organization>
                <organization refersTo="memberState">CHAD</organization>
                <organization refersTo="memberState">CHILE</organization>
                <organization refersTo="memberState">CHINA</organization>
                <organization refersTo="memberState">COLOMBIA</organization>
                <organization refersTo="memberState">COMOROS</organization>
                <organization refersTo="memberState">CONGO</organization>
                <organization refersTo="memberState">COSTA RICA</organization>
                <organization refersTo="memberState">COTE D'IVOIRE</organization>
                <organization refersTo="memberState">CROATIA</organization>
                <organization refersTo="memberState">CUBA</organization>
                <organization refersTo="memberState">CYPRUS</organization>
                <organization refersTo="memberState">CZECHIA</organization>
                <organization refersTo="memberState">DEMOCRATIC PEOPLE'S REPUBLIC OF KOREA</organization>
                <organization refersTo="memberState">DENMARK</organization>
                <organization refersTo="memberState">DJIBOUTI</organization>
                <organization refersTo="memberState">DOMINICAN REPUBLIC</organization>
                <organization refersTo="memberState">ECUADOR</organization>
                <organization refersTo="memberState">EGYPT</organization>
                <organization refersTo="memberState">EL SALVADOR</organization>
                <organization refersTo="memberState">ERITREA</organization>
                <organization refersTo="memberState">ESTONIA</organization>
                <organization refersTo="memberState">ESWATINI</organization>
                <organization refersTo="memberState">ETHIOPIA</organization>
                <organization refersTo="memberState">FIJI</organization>
                <organization refersTo="memberState">FINLAND</organization>
                <organization refersTo="memberState">GABON</organization>
                <organization refersTo="memberState">GAMBIA</organization>
                <organization refersTo="memberState">GEORGIA</organization>
                <organization refersTo="memberState">GERMANY</organization>
                <organization refersTo="memberState">GHANA</organization>
                <organization refersTo="memberState">GREECE</organization>
                <organization refersTo="memberState">GRENADA</organization>
                <organization refersTo="memberState">GUATEMALA</organization>
                <organization refersTo="memberState">GUINEA</organization>
                <organization refersTo="memberState">GUYANA</organization>
                <organization refersTo="memberState">HAITI</organization>
                <organization refersTo="memberState">HONDURAS</organization>
                <organization refersTo="memberState">HUNGARY</organization>
                <organization refersTo="memberState">ICELAND</organization>
                <organization refersTo="memberState">INDIA</organization>
                <organization refersTo="memberState">INDONESIA</organization>
                <organization refersTo="memberState">IRAN (ISLAMIC REPUBLIC OF)</organization>
                <organization refersTo="memberState">IRAQ</organization>
                <organization refersTo="memberState">IRELAND</organization>
                <organization refersTo="memberState">ITALY</organization>
                <organization refersTo="memberState">JAMAICA</organization>
                <organization refersTo="memberState">JAPAN</organization>
                <organization refersTo="memberState">JORDAN</organization>
                <organization refersTo="memberState">KAZAKHSTAN</organization>
                <organization refersTo="memberState">KENYA</organization>
                <organization refersTo="memberState">KIRIBATI</organization>
                <organization refersTo="memberState">KUWAIT</organization>
                <organization refersTo="memberState">KYRGYZSTAN</organization>
                <organization refersTo="memberState">LAO PEOPLE'S DEMOCRATIC REPUBLIC</organization>
                <organization refersTo="memberState">LATVIA</organization>
                <organization refersTo="memberState">LEBANON</organization>
                <organization refersTo="memberState">LESOTHO</organization>
                <organization refersTo="memberState">LIBYA</organization>
                <organization refersTo="memberState">LIECHTENSTEIN</organization>
                <organization refersTo="memberState">LITHUANIA</organization>
                <organization refersTo="memberState">LUXEMBOURG</organization>
                <organization refersTo="memberState">MADAGASCAR</organization>
                <organization refersTo="memberState">MALAYSIA</organization>
                <organization refersTo="memberState">MALDIVES</organization>
                <organization refersTo="memberState">MALI</organization>
                <organization refersTo="memberState">MALTA</organization>
                <organization refersTo="memberState">MARSHALL ISLANDS</organization>
                <organization refersTo="memberState">MAURITANIA</organization>
                <organization refersTo="memberState">MAURITIUS</organization>
                <organization refersTo="memberState">MEXICO</organization>
                <organization refersTo="memberState">MICRONESIA (FEDERATED STATES OF)</organization>
                <organization refersTo="memberState">MONACO</organization>
                <organization refersTo="memberState">MONGOLIA</organization>
                <organization refersTo="memberState">MONTENEGRO</organization>
                <organization refersTo="memberState">MOROCCO</organization>
                <organization refersTo="memberState">MOZAMBIQUE</organization>
                <organization refersTo="memberState">MYANMAR</organization>
                <organization refersTo="memberState">NAMIBIA</organization>
                <organization refersTo="memberState">NAURU</organization>
                <organization refersTo="memberState">NEPAL</organization>
                <organization refersTo="memberState">NETHERLANDS</organization>
                <organization refersTo="memberState">NEW ZEALAND</organization>
                <organization refersTo="memberState">NICARAGUA</organization>
                <organization refersTo="memberState">NIGERIA</organization>
                <organization refersTo="memberState">NORTH MACEDONIA</organization>
                <organization refersTo="memberState">NORWAY</organization>
                <organization refersTo="memberState">OMAN</organization>
                <organization refersTo="memberState">PAKISTAN</organization>
                <organization refersTo="memberState">PALAU</organization>
                <organization refersTo="memberState">PANAMA</organization>
                <organization refersTo="memberState">PAPUA NEW GUINEA</organization>
                <organization refersTo="memberState">PARAGUAY</organization>
                <organization refersTo="memberState">PERU</organization>
                <organization refersTo="memberState">PHILIPPINES</organization>
                <organization refersTo="memberState">POLAND</organization>
                <organization refersTo="memberState">PORTUGAL</organization>
                <organization refersTo="memberState">QATAR</organization>
                <organization refersTo="memberState">REPUBLIC OF KOREA</organization>
                <organization refersTo="memberState">REPUBLIC OF MOLDOVA</organization>
                <organization refersTo="memberState">ROMANIA</organization>
                <organization refersTo="memberState">RWANDA</organization>
                <organization refersTo="memberState">SAINT KITTS AND NEVIS</organization>
                <organization refersTo="memberState">SAINT LUCIA</organization>
                <organization refersTo="memberState">SAINT VINCENT AND THE GRENADINES</organization>
                <organization refersTo="memberState">SAMOA</organization>
                <organization refersTo="memberState">SAN MARINO</organization>
                <organization refersTo="memberState">SAO TOME AND PRINCIPE</organization>
                <organization refersTo="memberState">SAUDI ARABIA</organization>
                <organization refersTo="memberState">SENEGAL</organization>
                <organization refersTo="memberState">SERBIA</organization>
                <organization refersTo="memberState">SEYCHELLES</organization>
                <organization refersTo="memberState">SIERRA LEONE</organization>
                <organization refersTo="memberState">SINGAPORE</organization>
                <organization refersTo="memberState">SLOVAKIA</organization>
                <organization refersTo="memberState">SLOVENIA</organization>
                <organization refersTo="memberState">SOMALIA</organization>
                <organization refersTo="memberState">SOUTH AFRICA</organization>
                <organization refersTo="memberState">SOUTH SUDAN</organization>
                <organization refersTo="memberState">SPAIN</organization>
                <organization refersTo="memberState">SRI LANKA</organization>
                <organization refersTo="memberState">SUDAN</organization>
                <organization refersTo="memberState">SURINAME</organization>
                <organization refersTo="memberState">SWEDEN</organization>
                <organization refersTo="memberState">SWITZERLAND</organization>
                <organization refersTo="memberState">SYRIAN ARAB REPUBLIC</organization>
                <organization refersTo="memberState">TAJIKISTAN</organization>
                <organization refersTo="memberState">THAILAND</organization>
                <organization refersTo="memberState">TIMOR-LESTE</organization>
                <organization refersTo="memberState">TOGO</organization>
                <organization refersTo="memberState">TONGA</organization>
                <organization refersTo="memberState">TRINIDAD AND TOBAGO</organization>
                <organization refersTo="memberState">TUNISIA</organization>
                <organization refersTo="memberState">TURKEY</organization>
                <organization refersTo="memberState">TURKMENISTAN</organization>
                <organization refersTo="memberState">UGANDA</organization>
                <organization refersTo="memberState">UKRAINE</organization>
                <organization refersTo="memberState">UNITED ARAB EMIRATES</organization>
                <organization refersTo="memberState">UNITED REPUBLIC OF TANZANIA</organization>
                <organization refersTo="memberState">URUGUAY</organization>
                <organization refersTo="memberState">UZBEKISTAN</organization>
                <organization refersTo="memberState">VANUATU</organization>
                <organization refersTo="memberState">VENEZUELA (BOLIVARIAN REPUBLIC OF)</organization>
                <organization refersTo="memberState">VIET NAM</organization>
                <organization refersTo="memberState">YEMEN</organization>
                <organization refersTo="memberState">ZAMBIA</organization>
                <organization refersTo="memberState">ZIMBABWE</organization>
              </akn4un:voters>
            </count>
            <count value="2" refersTo="against">
              <akn4un:voters>
                <organization refersTo="memberState">ISRAEL</organization>
                <organization refersTo="memberState">UNITED STATES</organization>
              </akn4un:voters>
            </count>
            <count value="3" refersTo="abstaining">
              <akn4un:voters>
                <organization refersTo="memberState">CENTRAL AFRICAN REPUBLIC</organization>
                <organization refersTo="memberState">FRANCE</organization>
                <organization refersTo="memberState">UNITED KINGDOM</organization>
              </akn4un:voters>
            </count>
          </voting>
        </parliamentary>
      </analysis>
      <references source="#DGACM">
        <TLCOrganization eId="source" href="/akn/ontology/organization/un/DGACM" showAs="DGACM"></TLCOrganization>
        <TLCConcept eId="dateOfIssuance" href="/akn/ontology/concept/un/dateOfIssuance" showAs="Date of issuance"></TLCConcept>
        <TLCConcept eId="dateOfAdoption" href="/akn/ontology/concept/un/dateOfAdoption" showAs="Date of adoption"></TLCConcept>
        <TLCConcept eId="symbol" href="/akn/ontology/reference/un/symbol" showAs="Symbol"></TLCConcept>
        <TLCRole eId="publisher" href="/akn/ontology/role/un/publisher" showAs="Publisher"></TLCRole>
        <TLCRole eId="issuingBody" href="/akn/role/concept/un/issuingBody" showAs="Issuing body"></TLCRole>
        <TLCRole eId="author" href="/akn/ontology/role/un/author" showAs="Author"></TLCRole>
        <TLCRole eId="editor" href="/akn/ontology/role/un/editor" showAs="Editor"></TLCRole>
        <TLCRole eId="distribution" href="/akn/ontology/concept/un/generalDistribution" showAs="General distribution"></TLCRole>
        <TLCOrganization eId="ga" href="/akn/ontology/organization/un/generalAssembly" showAs="General Assembly"></TLCOrganization>
        <TLCTerm eId="resolutionTitle" href="/akn/ontology/reference/un/resolutionTitle" showAs="Resolution title"></TLCTerm>
        <TLCTerm eId="fourthCommittee" href="#fourthCommittee" showAs="La Comisión Política Especial y de Descolonización"></TLCTerm>
        <TLCTerm eId="memberState" href="/akn/ontology/organization/un/memberState" showAs="Member State"></TLCTerm>
        <TLCTerm eId="inFavour" href="/akn/ontology/concept/un/voting/inFavour" showAs="In favour"></TLCTerm>
        <TLCTerm eId="against" href="/akn/ontology/concept/un/voting/against" showAs="Against"></TLCTerm>
        <TLCTerm eId="abstaining" href="/akn/ontology/concept/un/voting/abstaining" showAs="Abstaining"></TLCTerm>
      </references>
      <presentation source="#un">
        <akn4un:footerFirstPage>
          <akn4un:footerFirstPageLeft>
            <akn4un:internalCode>
              <docketNumber refersTo="#publicationJobNumber">19-21908 (S)</docketNumber>
              <img alt="bar code" class="barCode" src=""></img>
            </akn4un:internalCode>
          </akn4un:footerFirstPageLeft>
          <akn4un:footerFirstPageRight>
            <img alt="Please recycle" class="image" src="./recylcleLogo.jpg"></img>
            <img alt="embedded QR code" class="qrCode" src=""></img>
          </akn4un:footerFirstPageRight>
        </akn4un:footerFirstPage>
      </presentation>
    </meta>
    <coverPage eId="coverPage_1">
      <p>
        <span refersTo="#publisher" class="upperLeft">
          <docAuthority refersTo="#publisher">Naciones Unidas</docAuthority>
        </span>
      </p>
      <p class="upperRight">
        <docNumber refersTo="#symbol">A/RES/74/94</docNumber>
      </p>
      <p class="upperLeft">
        <img src="logo-un.jpg"></img>
        <docAuthority refersTo="#issuingBody" class="rightBig">Asamblea General</docAuthority>
      </p>
      <p>
        <docStatus refersTo="#generalDistribution" class="rightSmall">Distr. general</docStatus>
      </p>
      <p>
        <docDate date="2019-12-26" class="rightSmall" refersTo="#dateOfIssuance">26 de diciembre de 2019</docDate>
      </p>
      <p>
        <session refersTo="#generalAssembly" value="74" eId="coverPage_1__session_1">Septuagésimo cuarto período de sesiones</session>
      </p>
      <p>
        <inline name="agenda item">Tema 56 del programa</inline>
      </p>
      <p>
        <inline name="agenda item name">Actividades económicas y de otro tipo que afectan a los intereses de los pueblos de los Territorios No Autónomos</inline>
      </p>
      <p>
        <docTitle>Resolución aprobada por la Asamblea General el 13 de diciembre de 2019</docTitle>
      </p>
      <p xml:space="preserve">
        <docProponent refersTo="#fourthCommittee">[sobre la base del informe de la Comisión Política Especial y de Descolonización (Cuarta Comisión) (<inline name="originating document">A/74/415</inline>)]</docProponent>
      </p>
    </coverPage>
    <preface>
      <p>
        <docNumber>74/94.</docNumber>
        <docTitle refersTo="#resolutionTitle">Actividades económicas y de otro tipo que afectan a los intereses de los pueblos de los Territorios No Autónomos</docTitle>
      </p>
    </preface>
    <preamble>
      <formula name="enactingFormula" eId="formula_1">
        <p xml:space="preserve">
          <span class="italic">La Asamblea General</span>,</p>
      </formula>
      <container name="Habiendo examinado" eId="container_2">
        <p xml:space="preserve">
          <span class="italic">Habiendo examinado</span> el tema titulado “Actividades económicas y de otro tipo que afectan a los intereses de los pueblos de los Territorios No Autónomos”,</p>
      </container>
      <container name="Habiendo examinado también" eId="container_3">
        <p xml:space="preserve">
          <span class="italic">Habiendo examinado también</span> el capítulo relacionado con el tema que figura en el informe del Comité Especial encargado de Examinar la Situación con respecto a la Aplicación de la Declaración sobre la Concesión de la Independencia a los Países y Pueblos Coloniales correspondiente a 2019<authorialNote marker="1" placement="bottom" eId="authorialNote_1"><p xml:space="preserve"><span class="italic">Documentos Oficiales de la Asamblea General, septuagésimo cuarto período de sesiones, suplemento núm. 23</span> (<a href="https://undocs.org/sp/A/74/23">A/74/23</a>), cap. VI.</p></authorialNote>,</p>
      </container>
      <container name="Recordando" eId="container_4">
        <p xml:space="preserve">
          <span class="italic">Recordando</span> su resolución <a href="https://undocs.org//A/RES/1514 (XV)">1514 (XV)</a>, de 14 de diciembre de 1960, así como todas sus demás resoluciones sobre el tema, incluidas, en particular, las resoluciones <a href="https://undocs.org/sp/A/RES/46/181">46/181</a>, de 19 de diciembre de 1991, <a href="https://undocs.org/sp/A/RES/55/146">55/146</a>, de 8 de diciembre de 2000, y <a href="https://undocs.org/sp/A/RES/65/119">65/119</a>, de 10 de diciembre de 2010,</p>
      </container>
      <container name="Reafirmando" eId="container_5">
        <p xml:space="preserve">
          <span class="italic">Reafirmando</span> la solemne obligación que tienen las Potencias administradoras en virtud de la Carta de las Naciones Unidas de promover el adelanto político, económico, social y educativo de los habitantes de los Territorios bajo su administración y de proteger los recursos humanos y naturales de esos Territorios contra todo abuso,</p>
      </container>
      <container name="Reafirmando también" eId="container_6">
        <p xml:space="preserve">
          <span class="italic">Reafirmando también</span> que toda actividad económica o de otro tipo, incluido el uso de los Territorios No Autónomos para actividades militares, que afecte negativamente a los intereses de los pueblos de los Territorios No Autónomos y al ejercicio de su derecho a la libre determinación de conformidad con la Carta, su resolución <a href="https://undocs.org//A/RES/1514 (XV)">1514 (XV)</a> y las demás resoluciones pertinentes de las Naciones Unidas relativas a la descolonización es contraria a los propósitos y principios enunciados en la Carta,</p>
      </container>
      <container name="Reafirmando además" eId="container_7">
        <p xml:space="preserve">
          <span class="italic">Reafirmando además</span> que los recursos naturales constituyen el patrimonio de los pueblos de los Territorios No Autónomos, incluidas las poblaciones autóctonas,</p>
      </container>
      <container name="&#x9;Teniendo en cuenta" eId="container_8">
        <p xml:space="preserve">
          <span class="italic">	Teniendo en cuenta</span> su resolución <a href="https://undocs.org/sp/A/RES/1803 (XVII)">1803 (XVII)</a>, de 14 de diciembre de 1962, relativa a la soberanía de los pueblos sobre su riqueza y recursos naturales, de conformidad con la Carta y las resoluciones pertinentes de las Naciones Unidas relativas a la descolonización,</p>
      </container>
      <container name="Consciente" eId="container_9">
        <p xml:space="preserve">
          <span class="italic">Consciente</span> de las circunstancias especiales derivadas de la situación geográfica, el tamaño y las condiciones económicas de cada Territorio, y teniendo presente la necesidad de promover la estabilidad, la diversificación y el fortalecimiento de la economía de cada uno de ellos,</p>
      </container>
      <container name="Consciente también" eId="container_10">
        <p xml:space="preserve">
          <span class="italic">Consciente también</span> de que los Territorios pequeños son particularmente vulnerables a los huracanes, los fenómenos naturales y otros fenómenos meteorológicos extremos y a la degradación ambiental,</p>
      </container>
      <container name="&#x9;Reafirmando su profunda preocupación" eId="container_11">
        <p xml:space="preserve">
          <span class="italic">	Reafirmando su profunda preocupación</span> por el número y la magnitud de los huracanes, los fenómenos naturales u otros fenómenos meteorológicos extremos registrados en 2017 y sus efectos devastadores en los Territorios No Autónomos del Caribe, que han provocado la pérdida de vidas humanas y han tenido consecuencias adversas a nivel económico, social y ambiental para esas sociedades vulnerables y dificultado el logro del desarrollo sostenible en esos Territorios, en particular en Anguila, las Islas Turcas y Caicos, las Islas Vírgenes Británicas y las Islas Vírgenes de los Estados Unidos, así como en Puerto Rico, de cuya situación se ocupa el Comité Especial,</p>
      </container>
      <container name="&#x9;Destacando" eId="container_12">
        <p xml:space="preserve">
          <span class="italic">	Destacando</span> la importancia de la inclusividad en el sistema de las Naciones Unidas para el desarrollo y en la aplicación de las resoluciones pertinentes de la Asamblea General, en particular la resolución <a href="https://undocs.org/sp/A/RES/70/1">70/1</a>, de 25 de septiembre de 2015, titulada “Transformar nuestro mundo: la Agenda 2030 para el Desarrollo Sostenible”, y la resolución <a href="https://undocs.org/sp/A/RES/73/231">73/231</a>, de 20 de diciembre de 2018, relativa a la reducción del riesgo de desastres,</p>
      </container>
      <container name="Consciente " eId="container_13">
        <p xml:space="preserve">
          <span class="italic">Consciente </span>de que las inversiones económicas extranjeras, cuando se efectúan en colaboración con los pueblos de los Territorios No Autónomos y de conformidad con sus deseos, pueden aportar una contribución válida al desarrollo socioeconómico de esos Territorios y al ejercicio de su derecho a la libre determinación, de conformidad con las resoluciones pertinentes de las Naciones Unidas,</p>
      </container>
      <container name="Preocupada" eId="container_14">
        <p xml:space="preserve">
          <span class="italic">Preocupada</span> por todas las actividades que se realizan para explotar los recursos naturales y humanos de los Territorios No Autónomos en detrimento de los intereses de los habitantes de esos Territorios,</p>
      </container>
      <container name="Teniendo presentes" eId="container_15">
        <p xml:space="preserve">
          <span class="italic">Teniendo presentes</span> las disposiciones pertinentes de los documentos finales de las sucesivas Conferencias de Jefes de Estado o de Gobierno de los Países No Alineados y de las resoluciones aprobadas por la Asamblea de Jefes de Estado y de Gobierno de la Unión Africana, el Foro de las Islas del Pacífico y la Comunidad del Caribe, </p>
      </container>
    </preamble>
    <mainBody>
      <paragraph eId="para_16" class="MercuryDocument">
        <num>	1.</num>
        <content eId="para_16__content">
          <p xml:space="preserve">
            <span class="italic">Reafirma</span> el derecho de los pueblos de los Territorios No Autónomos a la libre determinación de conformidad con la Carta de las Naciones Unidas y su resolución <a href="https://undocs.org//A/RES/1514 (XV)">1514 (XV)</a>, en la que figura la Declaración sobre la Concesión de la Independencia a los Países y Pueblos Coloniales, y con otras resoluciones pertinentes de las Naciones Unidas, así como su derecho a disfrutar de sus recursos naturales y a disponer de esos recursos como más les convenga;</p>
        </content>
      </paragraph>
      <paragraph eId="para_17" class="MercuryDocument">
        <num>	2.</num>
        <content eId="para_17__content">
          <p xml:space="preserve">
            <span class="italic">Afirma</span> el valor de las inversiones económicas extranjeras que se efectúan en colaboración con los pueblos de los Territorios No Autónomos y de conformidad con sus deseos a fin de aportar una contribución válida al desarrollo socioeconómico de esos Territorios, especialmente en tiempos de crisis económica y financiera;</p>
        </content>
      </paragraph>
      <paragraph eId="para_18" class="MercuryDocument">
        <num>	3.</num>
        <content eId="para_18__content">
          <p xml:space="preserve">
            <span class="italic">Reafirma</span> la responsabilidad que confiere la Carta a las Potencias administradoras de promover el adelanto político, económico, social y educativo de los Territorios No Autónomos, y reafirma también los derechos legítimos de los pueblos de esos Territorios sobre sus recursos naturales;</p>
        </content>
      </paragraph>
      <paragraph eId="para_19" class="MercuryDocument">
        <num>	4.</num>
        <content eId="para_19__content">
          <p xml:space="preserve">
            <span class="italic">Reafirma su preocupación</span> por todas las actividades que se realizan para explotar los recursos naturales que constituyen el patrimonio de los pueblos de los Territorios No Autónomos, incluidas las poblaciones autóctonas, del Caribe, el Pacífico y otras regiones y sus recursos humanos, en detrimento de sus intereses y en forma que priva a esos pueblos de su derecho a disponer de esos recursos;</p>
        </content>
      </paragraph>
      <paragraph eId="para_20" class="MercuryDocument">
        <num>	5.</num>
        <content eId="para_20__content">
          <p xml:space="preserve">
            <span class="italic">Reafirma</span> la necesidad de evitar toda actividad económica o de otro tipo, incluido el uso de los Territorios No Autónomos para actividades militares, que afecte negativamente a los intereses de los pueblos de los Territorios No Autónomos y, a este respecto, recuerda a las Potencias administradoras su responsabilidad y obligación de responder por el deterioro que sufran los intereses de los pueblos de esos Territorios, de conformidad con las resoluciones pertinentes de las Naciones Unidas relativas a la descolonización;</p>
        </content>
      </paragraph>
      <paragraph eId="para_21" class="MercuryDocument">
        <num>	6.</num>
        <content eId="para_21__content">
          <p xml:space="preserve">
            <span class="italic">Exhorta una vez más</span> a todos los Gobiernos que aún no lo hayan hecho a que, de conformidad con las disposiciones pertinentes de su resolución 2621 (XXV), de 12 de octubre de 1970, adopten medidas legislativas, administrativas o de otra índole con respecto a sus nacionales y las personas jurídicas bajo su jurisdicción que posean y exploten empresas en Territorios No Autónomos que sean perjudiciales para los intereses de los habitantes de esos Territorios, a fin de poner término a las actividades de esas empresas;</p>
        </content>
      </paragraph>
      <paragraph eId="para_22" class="MercuryDocument">
        <num>	7.</num>
        <content eId="para_22__content">
          <p xml:space="preserve">
            <span class="italic">Exhorta</span> a las Potencias administradoras a que velen por que la explotación de los recursos marinos y demás recursos naturales de los Territorios No Autónomos que administran no se lleve a cabo en violación de las resoluciones pertinentes de las Naciones Unidas ni afecte adversamente a los intereses de los pueblos de esos Territorios;</p>
        </content>
      </paragraph>
      <paragraph eId="para_23" class="MercuryDocument">
        <num>	8.</num>
        <content eId="para_23__content">
          <p xml:space="preserve">
            <span class="italic">Invita</span> a todos los Gobiernos y organizaciones del sistema de las Naciones Unidas a que adopten todas las medidas posibles para garantizar que se respete y proteja plenamente la soberanía permanente de los pueblos de los Territorios No Autónomos sobre sus recursos naturales, de conformidad con las resoluciones pertinentes de las Naciones Unidas relativas a la descolonización;</p>
        </content>
      </paragraph>
      <paragraph eId="para_24" class="MercuryDocument">
        <num>	9.</num>
        <content eId="para_24__content">
          <p xml:space="preserve">
            <span class="italic">Insta una vez más</span> a las Potencias administradoras que corresponda a que adopten medidas eficaces para salvaguardar y garantizar el derecho inalienable de los pueblos de los Territorios No Autónomos a sus recursos naturales y a establecer y mantener el control sobre la futura explotación de esos recursos, y solicita a las Potencias administradoras que adopten todas las medidas necesarias para proteger los derechos de propiedad de los pueblos de dichos Territorios, de conformidad con las resoluciones pertinentes de las Naciones Unidas relativas a la descolonización;</p>
        </content>
      </paragraph>
      <paragraph eId="para_25" class="MercuryDocument">
        <num>	10.</num>
        <content eId="para_25__content">
          <p xml:space="preserve">
            <span class="italic">Exhorta</span> a las Potencias administradoras que corresponda a que velen por que en los Territorios bajo su administración no existan condiciones de trabajo discriminatorias y a que promuevan en cada Territorio un régimen de salarios equitativo aplicable a todos los habitantes sin discriminación alguna;</p>
        </content>
      </paragraph>
      <paragraph eId="para_26" class="MercuryDocument">
        <num>	11.</num>
        <content eId="para_26__content">
          <p xml:space="preserve">
            <span class="italic">Exhorta también</span> a las Potencias administradoras que corresponda a que proporcionen toda la asistencia necesaria a la población de los Territorios No Autónomos afectados por los huracanes, los fenómenos naturales u otros fenómenos meteorológicos extremos a fin de aliviar las necesidades humanitarias en las comunidades afectadas, apoyar las labores de recuperación y reconstrucción y mejorar su capacidad en lo que respecta a la preparación para emergencias y la reducción del riesgo;</p>
        </content>
      </paragraph>
      <paragraph eId="para_27" class="MercuryDocument">
        <num>	12.</num>
        <content eId="para_27__content">
          <p xml:space="preserve">
            <span class="italic">Alienta</span> a los organismos especializados y demás organizaciones del sistema de las Naciones Unidas y organizaciones regionales a que sigan prestando asistencia a los Territorios No Autónomos afectados por los huracanes, los fenómenos naturales u otros fenómenos meteorológicos extremos y a que formulen programas apropiados para apoyar las labores de respuesta de emergencia y de recuperación y reconstrucción, y solicita al Secretario General que la informe sobre este asunto;</p>
        </content>
      </paragraph>
      <paragraph eId="para_28" class="MercuryDocument">
        <num>	13.</num>
        <content eId="para_28__content">
          <p xml:space="preserve">
            <span class="italic">Solicita</span> al Secretario General que, por todos los medios a su disposición, siga informando a la opinión pública mundial sobre todas las actividades que afecten al ejercicio del derecho de los pueblos de los Territorios No Autónomos a la libre determinación de conformidad con la Carta, su resolución <a href="https://undocs.org//A/RES/1514 (XV)">1514 (XV)</a> y las demás resoluciones pertinentes de las Naciones Unidas relativas a la descolonización;</p>
        </content>
      </paragraph>
      <paragraph eId="para_29" class="MercuryDocument">
        <num>	14.</num>
        <content eId="para_29__content">
          <p xml:space="preserve">
            <span class="italic">Hace un llamamiento</span> a los sindicatos y las organizaciones no gubernamentales, así como a los particulares, para que persistan en sus esfuerzos por promover el bienestar económico de los pueblos de los Territorios No Autónomos, y hace un llamamiento también a los medios de difusión para que transmitan información sobre las novedades que se produzcan a ese respecto;</p>
        </content>
      </paragraph>
      <paragraph eId="para_30" class="MercuryDocument">
        <num>	15.</num>
        <content eId="para_30__content">
          <p xml:space="preserve">
            <span class="italic">Decide</span> seguir la situación en los Territorios No Autónomos con miras a asegurarse de que todas las actividades económicas que se realicen en ellos tengan por objeto fortalecer y diversificar sus economías en beneficio de los pueblos de esos Territorios, en particular de las poblaciones autóctonas, y promover la viabilidad económica y financiera de los Territorios;</p>
        </content>
      </paragraph>
      <paragraph eId="para_31" class="MercuryDocument">
        <num>	16.</num>
        <content eId="para_31__content">
          <p xml:space="preserve">
            <span class="italic">Solicita</span> al Comité Especial encargado de Examinar la Situación con respecto a la Aplicación de la Declaración sobre la Concesión de la Independencia a los Países y Pueblos Coloniales que siga examinando esta cuestión y la informe al respecto en su septuagésimo quinto período de sesiones.</p>
        </content>
      </paragraph>
    </mainBody>
    <conclusions eId="conclusions">
      <p>
        <inline name="adoptionMeeting" title="47a">47a sesión plenaria</inline>
        <eol />
        <docDate date="2019-12-13" refersTo="#adoptionDate">13 de diciembre de 2019</docDate>
      </p>
    </conclusions>
  </statement>
</akomaNtoso>