<akomaNtoso xmlns:xsi="http://www.w3.org/2001/XMLSchema-instance" xsi:schemaLocation="http://docs.oasis-open.org/legaldocml/ns/akn/3.0 http://docs.oasis-open.org/legaldocml/akn-core/v1.0/os/part2-specs/schemas/akomantoso30.xsd" xmlns="http://docs.oasis-open.org/legaldocml/ns/akn/3.0" xmlns:html="http://www.w3.org/1999/xhtml" xmlns:akn4un="http://un.org/akn4un">
  <statement name="resolution">
    <meta>
      <identification source="#DGACM">
        <FRBRWork>
          <FRBRthis value="/akn/un/statement/deliberation/unga/2019-12-18/74-188/!main/"></FRBRthis>
          <FRBRuri value="/akn/un/statement/deliberation/unga/2019-12-18/74-188/"></FRBRuri>
          <FRBRdate date="2019-12-18" name="adoption"></FRBRdate>
          <FRBRauthor href="ga" as="author"></FRBRauthor>
          <FRBRcountry value="un"></FRBRcountry>
        </FRBRWork>
        <FRBRExpression>
          <FRBRthis value="/akn/un/statement/deliberation/unga/2019-12-18/74-188/ara@!main/"></FRBRthis>
          <FRBRuri value="/akn/un/statement/deliberation/unga/2019-12-18/74-188/ara@/"></FRBRuri>
          <FRBRdate date="2019-12-30" name="publication"></FRBRdate>
          <FRBRauthor href="ga" as="issuer"></FRBRauthor>
          <FRBRlanguage language="ara"></FRBRlanguage>
        </FRBRExpression>
        <FRBRManifestation>
          <FRBRthis value="/akn/un/statement/deliberation/unga/2019-12-18/74-188/ara@/!main.xml"></FRBRthis>
          <FRBRuri value="/akn/un/statement/deliberation/unga/2019-12-18/74-188/ara@.xml"></FRBRuri>
          <FRBRdate date="2020-09-02" name="markup"></FRBRdate>
          <FRBRauthor href="DGACM" as="editor"></FRBRauthor>
        </FRBRManifestation>
      </identification>
      <workflow source="#un">
        <step date="2019-11-12" outcome="draftResolution" as="A/C.6/74/L.17" by="introduced in the Committee by the representative of South Africa on behalf of the Bureau" />
        <step date="0001-01-01" outcome="draftResolutionAdditionalSponsors" by="" />
        <step date="0001-01-01" outcome="recommendedForAdoption" as="A/74/426" by="" refersTo="9" />
        <step date="2019-12-18" outcome="adopted" as="A/74/PV.51" by="" />
      </workflow>
      <analysis source="#un">
        <parliamentary>
          <voting outcome="adoptedWithoutVote">
            <quorum value=""></quorum>
          </voting>
        </parliamentary>
      </analysis>
      <references source="#DGACM">
        <TLCOrganization eId="source" href="/akn/ontology/organization/un/DGACM" showAs="DGACM"></TLCOrganization>
        <TLCConcept eId="dateOfIssuance" href="/akn/ontology/concept/un/dateOfIssuance" showAs="Date of issuance"></TLCConcept>
        <TLCConcept eId="dateOfAdoption" href="/akn/ontology/concept/un/dateOfAdoption" showAs="Date of adoption"></TLCConcept>
        <TLCConcept eId="symbol" href="/akn/ontology/reference/un/symbol" showAs="Symbol"></TLCConcept>
        <TLCRole eId="publisher" href="/akn/ontology/role/un/publisher" showAs="Publisher"></TLCRole>
        <TLCRole eId="issuingBody" href="/akn/role/concept/un/issuingBody" showAs="Issuing body"></TLCRole>
        <TLCRole eId="author" href="/akn/ontology/role/un/author" showAs="Author"></TLCRole>
        <TLCRole eId="editor" href="/akn/ontology/role/un/editor" showAs="Editor"></TLCRole>
        <TLCRole eId="distribution" href="/akn/ontology/concept/un/generalDistribution" showAs="General distribution"></TLCRole>
        <TLCOrganization eId="ga" href="/akn/ontology/organization/un/generalAssembly" showAs="General Assembly"></TLCOrganization>
        <TLCTerm eId="resolutionTitle" href="/akn/ontology/reference/un/resolutionTitle" showAs="Resolution title"></TLCTerm>
        <TLCTerm eId="sixthCommittee" href="#sixthCommittee" showAs="اللجنة السادسة"></TLCTerm>
        <TLCTerm eId="memberState" href="/akn/ontology/organization/un/memberState" showAs="Member State"></TLCTerm>
        <TLCTerm eId="inFavour" href="/akn/ontology/concept/un/voting/inFavour" showAs="In favour"></TLCTerm>
        <TLCTerm eId="against" href="/akn/ontology/concept/un/voting/against" showAs="Against"></TLCTerm>
        <TLCTerm eId="abstaining" href="/akn/ontology/concept/un/voting/abstaining" showAs="Abstaining"></TLCTerm>
      </references>
      <presentation source="#un">
        <akn4un:footerFirstPage>
          <akn4un:footerFirstPageLeft>
            <akn4un:internalCode>
              <docketNumber refersTo="#publicationJobNumber"></docketNumber>
              <img alt="bar code" class="barCode" src=""></img>
            </akn4un:internalCode>
          </akn4un:footerFirstPageLeft>
          <akn4un:footerFirstPageRight>
            <img alt="Please recycle" class="image" src="./recylcleLogo.jpg"></img>
            <img alt="embedded QR code" class="qrCode" src=""></img>
          </akn4un:footerFirstPageRight>
        </akn4un:footerFirstPage>
      </presentation>
    </meta>
    <coverPage eId="coverPage_1">
      <p>
        <span refersTo="#publisher" class="upperLeft">
          <docAuthority refersTo="#publisher">الأمــم المتحـدة</docAuthority>
        </span>
      </p>
      <p class="upperRight">
        <docNumber refersTo="#symbol">A/RES/74/188</docNumber>
      </p>
      <p class="upperLeft">
        <img src="logo-un.jpg"></img>
        <docAuthority refersTo="#issuingBody" class="rightBig">الجمعية العامة</docAuthority>
      </p>
      <p>
        <docStatus refersTo="#generalDistribution" class="rightSmall">Distr.: General</docStatus>
      </p>
      <p>
        <docDate date="2019-12-30" class="rightSmall" refersTo="#dateOfIssuance">30 December 2019</docDate>
      </p>
      <p>
        <session refersTo="#generalAssembly" value="74" eId="coverPage_1__session_1">الدورة الرابعة والسبعون</session>
      </p>
      <p>
        <inline name="agenda item">البند 80 من جدول الأعمال</inline>
      </p>
      <p>
        <inline name="agenda item name">الحماية الدبلوماسية</inline>
      </p>
      <p>
        <docTitle>قرار اتخذته الجمعية العامة في 18 كانون الأول/ديسمبر 2019</docTitle>
      </p>
      <p xml:space="preserve">
        <docProponent refersTo="#sixthCommittee">[بناء على تقرير اللجنة السادسة (<inline name="originating document">A/74/426</inline>)]</docProponent>
      </p>
    </coverPage>
    <preface>
      <p>
        <docNumber>74/188.</docNumber>
        <docTitle refersTo="#resolutionTitle">-	الحماية الدبلوماسية</docTitle>
      </p>
    </preface>
    <preamble>
      <formula name="enactingFormula" eId="formula_1">
        <p xml:space="preserve">
          <span class="bold italic">إن الجمعية العامة</span>،</p>
      </formula>
      <container name="إذ تشير" eId="container_2">
        <p xml:space="preserve">
          <span class="bold italic">إذ تشير</span> إلى قرارها <a href="https://undocs.org/ar/A/RES/62/67">62/67</a> المؤرخ 6 كانون الأول/ديسمبر 2007 الذي يتضمن مرفقه نص المواد المتعلقة بالحماية الدبلوماسية وتوجَّه فيه عناية الحكومات إلى المواد،</p>
      </container>
      <container name="وإذ تشير أيضا" eId="container_3">
        <p xml:space="preserve">
          <span class="bold italic">وإذ تشير أيضا</span> إلى أن لجنة القانون الدولي قررت أن توصي الجمعية العامة بإعداد اتفاقية على أساس المواد المتعلقة بالحماية الدبلوماسية<sup>(</sup><authorialNote marker="1" placement="bottom" eId="authorialNote_1"><p xml:space="preserve">	()	<span class="italic">الوثائق الرسمية للجمعية العامة، الدورة الحادية والستون، الملحق رقم 10</span> (<a href="https://undocs.org/ar/A/61/10">A/61/10</a>)، الفقرة 46.</p></authorialNote><sup>)</sup>،</p>
      </container>
      <container name="وإذ تشدد" eId="container_4">
        <p xml:space="preserve">
          <span class="bold italic">وإذ تشدد</span> على أهمية الاستمرار في تدوين القانون الدولي وتطويره التدريجي، على النحو المشار إليه في الفقرة 1 (أ) من المادة 13 من ميثاق الأمم المتحدة،</p>
      </container>
      <container name="وإذ تلاحظ" eId="container_5">
        <p xml:space="preserve">
          <span class="bold italic">وإذ تلاحظ</span> أن موضوع الحماية الدبلوماسية يكتسي أهمية كبرى في العلاقات بين الدول،</p>
      </container>
      <container name="وإذ تأخذ في اعتبارها" eId="container_6">
        <p xml:space="preserve">
          <span class="bold italic">وإذ تأخذ في اعتبارها</span> تعليقات الحكومات وملاحظاتها<sup>(</sup><authorialNote marker="2" placement="bottom" eId="authorialNote_2"><p xml:space="preserve">	()	انظر <a href="https://undocs.org/ar/A/62/118">A/62/118</a> و <a href="https://undocs.org/ar/A/62/118/Add.1">A/62/118/Add.1</a> و <a href="https://undocs.org/ar/A/65/182">A/65/182</a> و <a href="https://undocs.org/ar/A/65/182/Add.1">A/65/182/Add.1</a> و <a href="https://undocs.org/ar/A/68/115">A/68/115</a> و <a href="https://undocs.org/ar/A/68/115/Add.1">A/68/115/Add.1</a> و <a href="https://undocs.org/ar/A/71/93">A/71/93</a> و <a href="https://undocs.org/ar/A/71/93/Corr.1">A/71/93/Corr.1</a> و <a href="https://undocs.org/ar/A/74/143">A/74/143</a>.</p></authorialNote><sup>)</sup> والمناقشات التي جرت في اللجنة السادسة بشأن الحماية الدبلوماسية في دورات الجمعية العامة الثانية والستين والخامسة والستين والثامنة والستين والحادية والسبعين والرابعة والسبعين،</p>
      </container>
    </preamble>
    <mainBody>
      <paragraph eId="para_7" class="SingleTxt">
        <content eId="para_7__content">
          <p xml:space="preserve">	1 -	<span class="bold italic">توجه مرة أخرى</span> عناية الحكومات إلى المواد المتعلقة بالحماية الدبلوماسية<sup>(</sup><authorialNote marker="3" placement="bottom" eId="authorialNote_3"><p xml:space="preserve">	()	القرار <a href="https://undocs.org/ar/A/RES/62/67">62/67</a>، المرفق.</p></authorialNote><sup>)</sup>، وتدعو الحكومات إلى أن تقدم إلى الأمين العام كتابة أي تعليقات إضافية عليها، بما في ذلك تعليقات بشأن توصية لجنة القانون الدولي بإعداد اتفاقية على أساس هذه المواد<sup>(1)</sup>؛</p>
        </content>
      </paragraph>
      <paragraph eId="para_8" class="SingleTxt">
        <content eId="para_8__content">
          <p xml:space="preserve">	2 -	<span class="bold italic">تقرر</span> أن تدرج في جدول الأعمال المؤقت لدورتها السابعة والسبعين البند المعنون ”الحماية الدبلوماسية“، وتدعو الحكومات إلى أن تركز في بياناتها، في ضوء التعليقات الخطية المقدَّمة إلى الأمين العام والآراء المعرب عنها في المناقشات التي جرت في دورات الجمعية العامة الثانية والستين والخامسة والستين والثامنة والستين والحادية والسبعين والرابعة والسبعين، على مسألة وضع اتفاقية بشأن الحماية الدبلوماسية أو اتخاذ أي إجراء مناسب آخر على أساس المواد السالفة الذكر، وكذلك على تحديد أي اختلافات في الرأي بشأن المواد.</p>
        </content>
      </paragraph>
    </mainBody>
    <conclusions eId="conclusions">
      <p>
        <inline name="adoptionMeeting" title="51">الجلسة العامة 51</inline>
        <eol />
        <docDate date="2019-12-18" refersTo="#adoptionDate">18 كانون الأول/ديسمبر 2019</docDate>
      </p>
    </conclusions>
  </statement>
</akomaNtoso>