<akomaNtoso xmlns:xsi="http://www.w3.org/2001/XMLSchema-instance" xsi:schemaLocation="http://docs.oasis-open.org/legaldocml/ns/akn/3.0 http://docs.oasis-open.org/legaldocml/akn-core/v1.0/os/part2-specs/schemas/akomantoso30.xsd" xmlns="http://docs.oasis-open.org/legaldocml/ns/akn/3.0" xmlns:html="http://www.w3.org/1999/xhtml" xmlns:akn4un="http://un.org/akn4un">
  <statement name="resolution">
    <meta>
      <identification source="#DGACM">
        <FRBRWork>
          <FRBRthis value="/akn/un/statement/deliberation/unga/2019-12-18/74-143/!main/"></FRBRthis>
          <FRBRuri value="/akn/un/statement/deliberation/unga/2019-12-18/74-143/"></FRBRuri>
          <FRBRdate date="2019-12-18" name="adoption"></FRBRdate>
          <FRBRauthor href="ga" as="author"></FRBRauthor>
          <FRBRcountry value="un"></FRBRcountry>
        </FRBRWork>
        <FRBRExpression>
          <FRBRthis value="/akn/un/statement/deliberation/unga/2019-12-18/74-143/ara@!main/"></FRBRthis>
          <FRBRuri value="/akn/un/statement/deliberation/unga/2019-12-18/74-143/ara@/"></FRBRuri>
          <FRBRdate date="2020-01-22" name="publication"></FRBRdate>
          <FRBRauthor href="ga" as="issuer"></FRBRauthor>
          <FRBRlanguage language="ara"></FRBRlanguage>
        </FRBRExpression>
        <FRBRManifestation>
          <FRBRthis value="/akn/un/statement/deliberation/unga/2019-12-18/74-143/ara@/!main.xml"></FRBRthis>
          <FRBRuri value="/akn/un/statement/deliberation/unga/2019-12-18/74-143/ara@.xml"></FRBRuri>
          <FRBRdate date="2020-09-02" name="markup"></FRBRdate>
          <FRBRauthor href="DGACM" as="editor"></FRBRauthor>
        </FRBRManifestation>
      </identification>
      <classification source="http://metadata.un.org/sdg">
        <keyword value="16" href="http://metadata.un.org/sdg/16" showAs="sdg_16" dictionary="SDGO"></keyword>
        <keyword value="right_to_justice" href="http://eurovoc.europa.eu/516" showAs="right_to_justice" dictionary="EuroVoc"></keyword>
        <keyword value="sustainable_development" href="http://eurovoc.europa.eu/5585" showAs="sustainable_development" dictionary="EuroVoc"></keyword>
        <keyword value="civil_society" href="http://metadata.un.org/thesaurus/1001012" showAs="civil_society" dictionary="UNBIS Thesaurus"></keyword>
        <keyword value="justice" href="http://metadata.un.org/thesaurus/1003500" showAs="justice" dictionary="UNBIS Thesaurus"></keyword>
        <keyword value="peaceful_coexistence" href="http://metadata.un.org/thesaurus/1004777" showAs="peaceful_coexistence" dictionary="UNBIS Thesaurus"></keyword>
        <keyword value="public_institutions" href="http://metadata.un.org/thesaurus/1005254" showAs="public_institutions" dictionary="UNBIS Thesaurus"></keyword>
        <keyword value="social_justice" href="http://metadata.un.org/thesaurus/1005970" showAs="social_justice" dictionary="UNBIS Thesaurus"></keyword>
        <keyword value="sustainable_development" href="http://metadata.un.org/thesaurus/1006319" showAs="sustainable_development" dictionary="UNBIS Thesaurus"></keyword>
      </classification>
      <classification source="http://metadata.un.org/sdg">
        <keyword value="3" href="http://metadata.un.org/sdg/3" showAs="sdg_3" dictionary="SDGO"></keyword>
        <keyword value="public_health" href="http://eurovoc.europa.eu/3885" showAs="public_health" dictionary="EuroVoc"></keyword>
        <keyword value="health" href="http://metadata.un.org/thesaurus/1002824" showAs="health" dictionary="UNBIS Thesaurus"></keyword>
      </classification>
      <workflow source="#un">
        <step date="2019-10-29" outcome="draftResolution" as="A/C.3/74/L.24" by="Albania, Argentina, Austria, Belgium, Canada, Chile, Costa Rica, Croatia, Cyprus, Denmark, Estonia, Finland, France, Georgia, Germany, Greece, Honduras, Hungary, Iceland, Ireland, Italy, Latvia, Liechtenstein, Luxembourg, Mexico, Mongolia, Montenegro, Morocco, Netherlands, North Macedonia, Norway, Poland, Portugal, Republic of Moldova, Romania, Slovakia, Slovenia, Spain, Sweden, Switzerland, Ukraine and United Kingdom of Great Britain and Northern Ireland" />
        <step date="0001-01-01" outcome="draftResolutionAdditionalSponsors" by="Andorra, Angola, Armenia, Australia, Benin, Bosnia and Herzegovina, Brazil, Bulgaria, Cabo Verde, Côte d'Ivoire, Czechia, Dominican Republic, Ecuador, Fiji, Ghana, Guatemala, Guinea-Bissau, Haiti, Israel, Kazakhstan, Lebanon, Liberia, Lithuania, Malta, Micronesia (Federated States of), Nepal, New Zealand, Panama, Paraguay, Peru, Republic of Korea, San Marino, Serbia, Seychelles, Sierra Leone, Tunisia, Turkey, United States, Uruguay and Vanuatu" />
        <step date="0001-01-01" outcome="recommendedForAdoption" as="A/74/399/Add.1" by="" refersTo="13" />
        <step date="2019-12-18" outcome="adopted" as="A/74/PV.50" by="" />
      </workflow>
      <analysis source="#un">
        <parliamentary>
          <voting outcome="adoptedWithoutVote">
            <quorum value=""></quorum>
          </voting>
        </parliamentary>
      </analysis>
      <references source="#DGACM">
        <TLCOrganization eId="source" href="/akn/ontology/organization/un/DGACM" showAs="DGACM"></TLCOrganization>
        <TLCConcept eId="dateOfIssuance" href="/akn/ontology/concept/un/dateOfIssuance" showAs="Date of issuance"></TLCConcept>
        <TLCConcept eId="dateOfAdoption" href="/akn/ontology/concept/un/dateOfAdoption" showAs="Date of adoption"></TLCConcept>
        <TLCConcept eId="symbol" href="/akn/ontology/reference/un/symbol" showAs="Symbol"></TLCConcept>
        <TLCRole eId="publisher" href="/akn/ontology/role/un/publisher" showAs="Publisher"></TLCRole>
        <TLCRole eId="issuingBody" href="/akn/role/concept/un/issuingBody" showAs="Issuing body"></TLCRole>
        <TLCRole eId="author" href="/akn/ontology/role/un/author" showAs="Author"></TLCRole>
        <TLCRole eId="editor" href="/akn/ontology/role/un/editor" showAs="Editor"></TLCRole>
        <TLCRole eId="distribution" href="/akn/ontology/concept/un/generalDistribution" showAs="General distribution"></TLCRole>
        <TLCOrganization eId="ga" href="/akn/ontology/organization/un/generalAssembly" showAs="General Assembly"></TLCOrganization>
        <TLCTerm eId="resolutionTitle" href="/akn/ontology/reference/un/resolutionTitle" showAs="Resolution title"></TLCTerm>
        <TLCTerm eId="thirdCommittee" href="#thirdCommittee" showAs="اللجنة الثالثة"></TLCTerm>
        <TLCTerm eId="memberState" href="/akn/ontology/organization/un/memberState" showAs="Member State"></TLCTerm>
        <TLCTerm eId="inFavour" href="/akn/ontology/concept/un/voting/inFavour" showAs="In favour"></TLCTerm>
        <TLCTerm eId="against" href="/akn/ontology/concept/un/voting/against" showAs="Against"></TLCTerm>
        <TLCTerm eId="abstaining" href="/akn/ontology/concept/un/voting/abstaining" showAs="Abstaining"></TLCTerm>
      </references>
      <presentation source="#un">
        <akn4un:footerFirstPage>
          <akn4un:footerFirstPageLeft>
            <akn4un:internalCode>
              <docketNumber refersTo="#publicationJobNumber">19-22243 (A)</docketNumber>
              <img alt="bar code" class="barCode" src=""></img>
            </akn4un:internalCode>
          </akn4un:footerFirstPageLeft>
          <akn4un:footerFirstPageRight>
            <img alt="Please recycle" class="image" src="./recylcleLogo.jpg"></img>
            <img alt="embedded QR code" class="qrCode" src=""></img>
          </akn4un:footerFirstPageRight>
        </akn4un:footerFirstPage>
      </presentation>
    </meta>
    <coverPage eId="coverPage_1">
      <p>
        <span refersTo="#publisher" class="upperLeft">
          <docAuthority refersTo="#publisher">الأمــم المتحـدة</docAuthority>
        </span>
      </p>
      <p class="upperRight">
        <docNumber refersTo="#symbol">A/RES/74/143</docNumber>
      </p>
      <p class="upperLeft">
        <img src="logo-un.jpg"></img>
        <docAuthority refersTo="#issuingBody" class="rightBig">الجمعية العامة</docAuthority>
      </p>
      <p>
        <docStatus refersTo="#generalDistribution" class="rightSmall">Distr.: General</docStatus>
      </p>
      <p>
        <docDate date="2020-01-22" class="rightSmall" refersTo="#dateOfIssuance">22 January 2020</docDate>
      </p>
      <p>
        <session refersTo="#generalAssembly" value="74" eId="coverPage_1__session_1">الدورة الرابعة والسبعون</session>
      </p>
      <p>
        <inline name="agenda item">البند 70 (أ) من جدول الأعمال</inline>
      </p>
      <p>
        <inline name="agenda item name">تعزيز حقوق الإنسان وحمايتها: تنفيذ الصكوك المتعلقة بحقوق الإنسان</inline>
      </p>
      <p>
        <docTitle>قرار اتخذته الجمعية العامة في 18 كانون الأول/ديسمبر 2019</docTitle>
      </p>
      <p xml:space="preserve">
        <docProponent refersTo="#thirdCommittee">[بناء على تقرير اللجنة الثالثة (<inline name="originating document">A/74/399/Add.1</inline>)]</docProponent>
      </p>
    </coverPage>
    <preface>
      <p>
        <docNumber>74/143.</docNumber>
        <docTitle refersTo="#resolutionTitle">-	التعذيب وغيره من ضروب المعاملة أو العقوبة القاسية أو اللاإنسانية أو المهينة</docTitle>
      </p>
    </preface>
    <preamble>
      <formula name="enactingFormula" eId="formula_1">
        <p xml:space="preserve">
          <span class="bold italic">إن الجمعية العامة</span>،</p>
      </formula>
      <container name="إذ تؤكد من جديد" eId="container_2">
        <p xml:space="preserve">
          <span class="bold italic">إذ تؤكد من جديد</span> قراراتها السابقة المتعلقة بالتعذيب وغيره من ضروب المعاملة أو العقوبة القاسية أو اللاإنسانية أو المهينة،</p>
      </container>
      <container name="وإذ تؤكد من جديد أيضا" eId="container_3">
        <p xml:space="preserve">
          <span class="bold italic">وإذ تؤكد من جديد أيضا</span> أنه لا يجوز إخضاع أحد للتعذيب أو غيره من ضروب المعاملة أو العقوبة القاسية أو اللاإنسانية أو المهينة،</p>
      </container>
      <container name="وإذ تشير" eId="container_4">
        <p xml:space="preserve">
          <span class="bold italic">وإذ تشير</span> إلى أن عدم التعرض للتعذيب ولغيره من ضروب المعاملة أو العقوبة القاسية أو اللاإنسانية أو المهينة حق غير قابل للتقييد بموجب القانون الدولي، بما في ذلك القانون الدولي لحقوق الإنسان والقانون الدولي الإنساني، ولا بد من احترامه وحمايته في جميع الظروف، بما في ذلك في أوقات النزاعات المسلحة أو الاضطرابات الدولية وغير الدولية أو أي حالة طوارئ عامة أخرى، وأن الحظر التام للتعذيب وغيره من ضروب المعاملة أو العقوبة القاسية أو اللاإنسانية أو المهينة مثبّت في الصكوك الدولية ذات الصلة، وأن الضمانات القانونية والإجرائية بعدم ممارسة تلك الأعمال يجب ألا تخضع لتدابير من شأنها الالتفاف على هذا الحق،</p>
      </container>
      <container name="وإذ تشير أيضا" eId="container_5">
        <p xml:space="preserve">
          <span class="bold italic">وإذ تشير أيضا</span> إلى أن حظر التعذيب قاعدة قطعية من قواعد القانون الدولي لا تخضع لأي قيود إقليمية وأن المحاكم الدولية والإقليمية والمحلية تعتبر أن حظر المعاملة أو العقوبة القاسية أو اللاإنسانية أو المهينة من صميم القانون الدولي العرفي،</p>
      </container>
      <container name="وإذ تشير كذلك" eId="container_6">
        <p xml:space="preserve">
          <span class="bold italic">وإذ تشير كذلك</span> إلى تعريف التعذيب الوارد في المادة 1 من اتفاقية مناهضة التعذيب وغيره من ضروب المعاملة أو العقوبة القاسية أو اللاإنسانية أو المهينة<sup>(</sup><authorialNote marker="1" placement="bottom" eId="authorialNote_1"><p xml:space="preserve">	()	United Nations, <span class="italic">Treaty Series</span>, vol. 1465, No. 24841.</p></authorialNote><sup>)</sup>، وإلى التزام الدول بالتقيد بدقة بتعريف التعذيب الوارد في المادة 1، دون المساس بأي صك دولي أو تشريع وطني يحتوي أو قد يحتوي على أحكام أوسع نطاقا من حيث التطبيق، وإذ تشدد على أهمية التفسير السليم لالتزامات الدول فيما يتعلق بالتعذيب وغيره من ضروب المعاملة أو العقوبة القاسية أو اللاإنسانية أو المهينة وأهمية الوفاء بها على الوجه الصحيح،</p>
      </container>
      <container name="وإذ تسلم" eId="container_7">
          <p xml:space="preserve">
            <span class="bold italic">	وإذ تسلم</span> بأن الدول ملزمة بحماية حقوق من يواجهون عقوبات جنائية، بما في ذلك عقوبة الإعدام والسجن المؤبد دون إمكانية الإفراج المشروط، وغيرهم من الأشخاص المتأثرين بهذه العقوبة، وفقا لالتزاماتها الدولية،</p>
      </container>
      <container name="وإذ تلاحظ" eId="container_8">
        <p xml:space="preserve">
          <span class="bold italic">وإذ تلاحظ</span> أن التعذيب أو المعاملة اللاإنسانية يمثلان انتهاكا جسيما بموجب اتفاقيات جنيف لعام 1949<sup>(</sup><authorialNote marker="2" placement="bottom" eId="authorialNote_2"><p xml:space="preserve">	()	المرجع نفسه، المجلد 75، الأرقام 970-973.</p></authorialNote><sup>)</sup> وأن أعمال التعذيب يمكن، بموجب النظام الأساسي للمحكمة الدولية لمحاكمة الأشخاص المسؤولين عن الانتهاكات الجسيمة للقانون الإنساني الدولي التي ارتكبت في إقليم يوغوسلافيا السابقة منذ عام 1991 والنظام الأساسي للمحكمة الجنائية الدولية لمحاكمة الأشخاص المسؤولين عن أعمال الإبادة الجماعية وغير ذلك من الانتهاكات الجسيمة للقانون الإنساني الدولي المرتكبة في إقليم رواندا والمواطنين الروانديين المسؤولين عن أعمال الإبادة الجماعية وغيرها من الانتهاكات المماثلة المرتكبة في أراضي الدول المجاورة بين 1 كانون الثاني/يناير و 31 كانون الأول/ديسمبر 1994 ونظام روما الأساسي للمحكمة الجنائية الدولية<sup>(</sup><authorialNote marker="3" placement="bottom" eId="authorialNote_3"><p xml:space="preserve">	()	المرجع نفسه، المجلد 2187، الرقم 38544.</p></authorialNote><sup>)</sup>، أن تشكل جرائم ضد الإنسانية، بل وجرائم حرب إذا ارتكبت في حالة نزاع مسلح،</p>
      </container>
      <container name="وإذ تدرك" eId="container_9">
        <p xml:space="preserve">
          <span class="bold italic">وإذ تدرك</span> أهمية تنفيذ الاتفاقية الدولية لحماية جميع الأشخاص من الاختفاء القسري<sup>(</sup><authorialNote marker="4" placement="bottom" eId="authorialNote_4"><p xml:space="preserve">	()	المرجع نفسه، المجلد 2716، الرقم 48088.</p></authorialNote><sup>)</sup> التي لها إسهام كبير في منع التعذيب وحظره، بوسائل منها حظر أماكن الاحتجاز السرية وكفالة توفير الضمانات القانونية والإجرائية للأشخاص المحرومين من حريتهم، وإذ تشجع جميع الدول التي لم توقع الاتفاقية أو تصدق عليها أو تنضم إليها على النظر في القيام بذلك،</p>
      </container>
      <container name="وإذ تدرك أيضا" eId="container_10">
        <p xml:space="preserve">
          <span class="bold italic">	وإذ تدرك أيضا</span> أن انتشار الفساد، في أجهزة إنفاذ القانون والعدالة وغيرها، يمكن أن يؤثر سلبا على مكافحة التعذيب وغيره من ضروب المعاملة أو العقوبة القاسية أو اللاإنسانية أو المهينة، بوسائل من بينها إضعاف الضمانات الأساسية ومنع ضحايا التعذيب وغيره من ضروب المعاملة أو العقوبة القاسية أو اللاإنسانية أو المهينة من السعي الفعال للحصول على العدالة والجبر والتعويض من خلال نظام العدالة،</p>
      </container>
      <container name="وإذ تدرك كذلك " eId="container_11">
        <p xml:space="preserve">
          <span class="bold italic">	وإذ تدرك كذلك </span>أن التنفيذ الفعال للحظر المطلق للتعذيب وغيره من ضروب المعاملة أو العقوبة القاسية أو اللاإنسانية أو المهينة يعزز، في جملة أمور، إقامة مجتمعات تعيش في سلام وتحتوي الجميع من أجل تحقيق التنمية المستدامة، ويسهم في جعل اللجوء إلى العدالة متاحا للجميع، ويبني مؤسسات فعالة وجامعة وخاضعة للمساءلة على جميع المستويات، ويساهم في تحقيق أهداف التنمية المستدامة<sup>(</sup><authorialNote marker="5" placement="bottom" eId="authorialNote_5"><p xml:space="preserve">	()	انظر القرار <a href="https://undocs.org/ar/A/RES/70/1">70/1</a>.</p></authorialNote><sup>)</sup>،</p>
      </container>
      <container name="وإذ تشيد " eId="container_12">
          <p xml:space="preserve">
            <span class="bold italic">	وإذ تشيد</span> بالجهود الدؤوبة التي تبذلها منظمات المجتمع المدني، بما فيها المنظمات غير الحكومية، فضلا عن المؤسسات الوطنية المعنية بحقوق الإنسان والآليات الوقائية الوطنية والشبكة الكبيرة لمراكز تأهيل ضحايا التعذيب، في سبيل منع التعذيب ومكافحته وتخفيف معاناة ضحاياه،</p>
      </container>
      <container name="وإذ يساورها بالغ القلق" eId="container_13">
        <p xml:space="preserve">
          <span class="bold italic">وإذ يساورها بالغ القلق</span> إزاء جميع الأعمال التي يمكن أن تصل إلى حد التعذيب وغيره من ضروب المعاملة أو العقوبة القاسية أو اللاإنسانية أو المهينة التي ترتكب ضد الأشخاص الذين يمارسون حقهم في التجمع السلمي وحرية التعبير في جميع أنحاء العالم،</p>
      </container>
    </preamble>
    <mainBody>
      <paragraph eId="para_14" class="SingleTxt">
        <content eId="para_14__content">
          <p xml:space="preserve">	1 -	<span class="bold italic">تدين</span> جميع أشكال التعذيب وغيره من ضروب المعاملة أو العقوبة القاسية أو اللاإنسانية أو المهينة، بما في ذلك من خلال التخويف، التي تحظر وستظل محظورة في كل زمان ومكان ولا يمكن من ثم تبريرها أبدا، وتهيب بجميع الدول أن تنفذ تنفيذا كاملا الحظر المطلق غير القابل للتقييد للتعذيب وغيره من ضروب المعاملة أو العقوبة القاسية أو اللاإنسانية أو المهينة؛</p>
        </content>
      </paragraph>
      <paragraph eId="para_15" class="SingleTxt">
        <content eId="para_15__content">
          <p xml:space="preserve">	2 -	<span class="bold italic">تدين أيضا</span> أي عمل أو أي محاولة تقوم بها الدول أو يقوم بها الموظفون الرسميون لإضفاء صبغة شرعية على التعذيب وغيره من ضروب المعاملة أو العقوبة القاسية أو اللاإنسانية أو المهينة أو الإذن بارتكابها أو قبولها ضمنا في أي ظرف من الظروف، بما في ذلك لدواعي الأمن القومي ومكافحة الإرهاب أو عن طريق اتخاذ قرارات قضائية، وتحث الدول على كفالة محاسبة المسؤولين عن جميع تلك الأعمال؛</p>
        </content>
      </paragraph>
      <paragraph eId="para_16" class="SingleTxt">
        <content eId="para_16__content">
          <p xml:space="preserve">	3 -	<span class="bold italic">تؤكد</span> أنه يجب على الدول ألا تعاقب الموظفين لعدم امتثالهم لأوامر بارتكاب أعمال تصل إلى حد التعذيب أو غيره من ضروب المعاملة أو العقوبة القاسية أو اللاإنسانية أو المهينة أو التستر عليها وألا تتيح تقديم دفوع بإلقاء المسؤولية على الرتبة الأعلى باعتبارها دفاعا جنائيا في الحالات التي أطيعت فيها تلك الأوامر؛ </p>
        </content>
      </paragraph>
      <paragraph eId="para_17" class="SingleTxt">
        <content eId="para_17__content">
          <p xml:space="preserve">	4 -	<span class="bold italic">تشدد</span> على أن أعمال التعذيب أو المعاملة اللاإنسانية تشكّل انتهاكات خطيرة لاتفاقيات جنيف لعام 1949<sup>(2)</sup>، وأن أعمال التعذيب والمعاملة القاسية في النزاعات المسلحة تشكل انتهاكات خطيرة للقانون الدولي الإنساني وتعد في هذا الصدد جرائم حرب، وأن أعمال التعذيب يمكن أن تشكل جرائم ضد الإنسانية، وأنه يجب محاكمة مرتكبي جميع أعمال التعذيب ومعاقبتهم، وتلاحظ في هذا الخصوص الجهود التي تبذلها المحكمة الجنائية الدولية لوضع حد للإفلات من العقاب بالسعي إلى ضمان محاسبة مرتكبي تلك الأعمال ومعاقبتهم وفقا لنظام روما الأساسي<sup>(3)</sup>، مع مراعاة مبدأ التكامل الذي ينص عليه، وتشجع الدول التي لم تصدق على نظام روما الأساسي أو تنضم إليه بعد على أن تنظر في القيام بذلك؛</p>
        </content>
      </paragraph>
      <paragraph eId="para_18" class="SingleTxt">
        <content eId="para_18__content">
          <p xml:space="preserve">	5 -	<span class="bold italic">تشدد أيضا</span> على أنه يجب على الدول اتخاذ تدابير مستمرة وحاسمة وفعالة لمنع ومكافحة جميع أعمال التعذيب وغيره من ضروب المعاملة أو العقوبة القاسية أو اللاإنسانية أو المهينة، وتؤكد وجوب تجريم جميع أعمال التعذيب بموجب القانون الجنائي الوطني، والمعاقبة عليها بعقوبات ملائمة تأخذ في الاعتبار طابعها الجسيم، وتهيب بالدول أن تحظر، بموجب القانون الوطني، الأفعال التي تشكل معاملة أو عقوبة قاسية أو لاإنسانية أو مهينة؛</p>
        </content>
      </paragraph>
      <paragraph eId="para_19" class="SingleTxt">
        <content eId="para_19__content">
          <p xml:space="preserve">	6 -	<span class="bold italic">تؤكد </span>أن على الدول كفالة ألا يستشهد كدليل في أي محاكمة بأي أقوال يثبت أنه تم الإدلاء بها نتيجة التعذيب إلا إذا استخدم الإدلاء بهذه الأقوال كدليل ضد شخص متهم بممارسة التعذيب، وتحث الدول على مد نطاق هذا الحظر بحيث يشمل الأقوال التي يدلى بها نتيجة للمعاملة أو العقوبة القاسية أو اللاإنسانية أو المهينة، وتسلم بأن الإثبات الكافي للأقوال المستخدمة كدليل في أي محاكمة، بما في ذلك الاعترافات، يشكل ضمانا لمنع التعذيب وغيره من ضروب المعاملة أو العقوبة القاسية أو اللاإنسانية أو المهينة؛</p>
        </content>
      </paragraph>
      <paragraph eId="para_20" class="SingleTxt">
        <content eId="para_20__content">
          <p xml:space="preserve">	7 -	<span class="bold italic">تحث</span> الدول على عدم طرد أي شخص أو إعادته (”إعادة قسرية“) أو تسليمه أو نقله بأي طريقة أخرى إلى دولة أخرى توجد أسباب وجيهة للاعتقاد بأن هذا الشخص سيكون فيها عرضة لخطر التعذيب، وتؤكد أهمية الضمانات القانونية والإجرائية الفعالة في هذا الصدد، وتسلم بأن الضمانات الدبلوماسية، حيثما صدرت، لا تعفي الدول من التزاماتها بموجب القانون الدولي لحقوق الإنسان والقانون الدولي الإنساني والقانون الدولي للاجئين، وبخاصة مبدأ عدم الإعادة القسرية؛</p>
        </content>
      </paragraph>
      <paragraph eId="para_21" class="SingleTxt">
        <content eId="para_21__content">
          <p xml:space="preserve">	8 -	<span class="bold italic">تشير</span> إلى أنه يتعين على السلطات المختصة، بغرض تحديد ما إذا كانت هناك أسباب وجيهة من ذلك القبيل، أن تضع في الحسبان جميع الاعتبارات في هذا الصدد، بما في ذلك حسب مقتضى الحال وجود نمط مستمر من الانتهاكات الجسيمة أو الصارخة أو الجماعية لحقوق الإنسان في الدولة المعنية؛</p>
        </content>
      </paragraph>
      <paragraph eId="para_22" class="SingleTxt">
        <content eId="para_22__content">
          <p xml:space="preserve">	9 -	<span class="bold italic">تحث</span> الدول على كفالة أن تمتثل عمليات مراقبة الحدود ومراكز الاستقبال امتثالا تاما للواجبات والالتزامات الدولية في مجال حقوق الإنسان، بما في ذلك حظر التعذيب وغيره من ضروب المعاملة أو العقوبة القاسية أو اللاإنسانية أو المهينة؛</p>
        </content>
      </paragraph>
      <paragraph eId="para_23" class="SingleTxt">
        <content eId="para_23__content">
          <p xml:space="preserve">	10 -	<span class="bold italic">تهيب</span> بجميع الدول أن تعتمد وتنفذ تدابير فعالة لمنع التعذيب وغيره من ضروب المعاملة أو العقوبة القاسية أو اللاإنسانية أو المهينة، وخصوصا في سياق استخدام موظفي إنفاذ القانون للقوة وفي أماكن الاحتجاز والأماكن الأخرى التي يحرم فيها الأشخاص من حريتهم، بما في ذلك توفير الضمانات القانونية والإجرائية، وأن تكفل تمكين السلطات القضائية أو التأديبية، وحيث كان ذلك مناسبا، سلطات الادعاء، من العمل بشكل فعال على كفالة الامتثال لتلك الضمانات؛</p>
        </content>
      </paragraph>
      <paragraph eId="para_24" class="SingleTxt">
        <content eId="para_24__content">
          <p xml:space="preserve">	11 -	<span class="bold italic">تشير</span> إلى قرارها <a href="https://undocs.org/ar/A/RES/43/173">43/173</a> المؤرخ 9 كانون الأول/ديسمبر 1988 بشأن مجموعة المبادئ المتعلقة بحماية جميع الأشخاص الذين يتعرضون لأي شكل من أشكال الاحتجاز أو السجن، وتؤكد، في هذا السياق، أن التدابير التي تكفل لأي شخص تم اعتقاله أو احتجازه المثول بشخصه على وجه السرعة أمام قاض أو موظف قضائي مستقل آخر وتسمح له بالحصول بسرعة وانتظام على الرعاية الطبية والمشورة القانونية في جميع مراحل الاحتجاز وبتلقي زيارات من أفراد عائلته ومن آليات الرصد المستقلة، تشكل تدابير فعالة لمنع التعذيب وغيره من ضروب المعاملة أو العقوبة القاسية أو اللاإنسانية أو المهينة؛</p>
        </content>
      </paragraph>
      <paragraph eId="para_25" class="SingleTxt">
        <content eId="para_25__content">
          <p xml:space="preserve">	12 -	<span class="bold italic">تؤكد</span> التزام الدول بضمان إبلاغ أي شخص يتم توقيفه بأسباب التوقيف وقت حدوث التوقيف، وإبلاغه سريعاً بأية تهم موجهة إليه بأسلوب تواصل ميسر، بما يشمل استخدام اللغة التي يفهمها، وتزويده بالمعلومات المتعلقة بحقوقه وبتفسير لهذه الحقوق؛</p>
        </content>
      </paragraph>
      <paragraph eId="para_26" class="SingleTxt">
        <content eId="para_26__content">
          <p xml:space="preserve">
            <span class="bold">	13 -	</span>
            <span class="italic">تهيب</span> بالدول إدراج التثقيف والمعلومات بشأن الحظر المطلق للتعذيب وغيره من ضروب المعاملة أو العقوبة القاسية أو اللاإنسانية أو المهينة في تدريب الموظفين المكلفين بإنفاذ القوانين وغيرهم من الموظفين المأذون لهم باللجوء إلى القوة أو الذين قد تكون لهم علاقة بحبس أي فرد خاضع لأي شكل من أشكال الاعتقال أو الاحتجاز أو السجن أو باستجوابه أو معاملته، مما قد يشمل التدريب على استخدام القوة وجميع الأساليب العلمية الحديثة المتاحة للتحقيق في الجرائم، والأهمية الحاسمة لإبلاغ السلطات العليا بحالات التعذيب وغيره من ضروب المعاملة أو العقوب القاسية أو اللاإنسانية أو المهينة؛</p>
        </content>
      </paragraph>
      <paragraph eId="para_27" class="SingleTxt">
        <content eId="para_27__content">
          <p xml:space="preserve">	14 -	<span class="bold italic">تشدد</span> على ضرورة أن تبقي الدول قيد الاستعراض المنظم قواعد الاستجواب وتعليماته وأساليبه وممارساته، وكذلك الترتيبات المتعلقة بحجز ومعاملة الأشخاص الذين يتعرضون لأي شكل من أشكال الاعتقال أو الاحتجاز أو السجن في أي إقليم يخضع لولايتها القضائية، وتؤكد أهمية وضع مبادئ توجيهية محلية بشأن إجراء الاستجوابات، وذلك بقصد منع حدوث حالات تعذيب وغيره من ضروب المعاملة أو العقوبة القاسية أو اللاإنسانية أو المهينة؛ </p>
        </content>
      </paragraph>
      <paragraph eId="para_28" class="SingleTxt">
        <content eId="para_28__content">
          <p xml:space="preserve">	15 -	<span class="bold italic">ترحب</span> بالتعاون بين الممارسين والخبراء وغيرهم من أصحاب المصلحة المعنيين بشأن وضع مجموعة من المعايير العالمية لأساليب الاستجواب غير القسرية والضمانات الإجرائية التي تهدف إلى تفعيل افتراض البراءة وتحسين فعالية عمل الشرطة وضمان عدم تعريض أي شخص للتعذيب أو غيره من ضروب المعاملة أو العقوبة القاسية أو اللاإنسانية أو المهينة أثناء الاستجواب، وتشجع على استمرار التعاون بين الممارسين والخبراء وغيرهم من أصحاب المصلحة المعنيين لتحقيق هذا الهدف؛</p>
        </content>
      </paragraph>
      <paragraph eId="para_29" class="SingleTxt">
        <content eId="para_29__content">
          <p xml:space="preserve">	16 -	<span class="bold italic">تشجع</span> جميع الدول على أن تتخذ تدابير مناسبة تشريعية وإدارية وقضائية وغيرها من التدابير لتطبيق قواعد الأمم المتحدة النموذجية الدنيا لمعاملة السجناء (قواعد نيلسون مانديلا)<sup>(</sup><authorialNote marker="6" placement="bottom" eId="authorialNote_6"><p xml:space="preserve">	()	القرار <a href="https://undocs.org/ar/A/RES/70/175">70/175</a>، المرفق.</p></authorialNote><sup>)</sup>؛</p>
        </content>
      </paragraph>
      <paragraph eId="para_30" class="SingleTxt">
        <content eId="para_30__content">
          <p xml:space="preserve">	17 -	<span class="bold italic">تذكر</span> جميع الدول بأن الحبس الانفرادي المطول أو الاحتجاز في أماكن سرية يمكن أن يسهل ممارسة التعذيب وغيره من ضروب المعاملة أو العقوبة القاسية أو اللاإنسانية أو المهينة ويمكن أن يشكل بحد ذاته ضربا من ضروب تلك المعاملة، وتحث جميع الدول على احترام الضمانات المتعلقة بحرية الشخص وأمنه وكرامته وضمان إلغاء الحبس الانفرادي المطول والأماكن السرية للاحتجاز والاستجواب؛</p>
        </content>
      </paragraph>
      <paragraph eId="para_31" class="SingleTxt">
        <content eId="para_31__content">
          <p xml:space="preserve">	18 -	<span class="bold italic">تشدد</span> على وجوب أن تراعي ظروف الاحتجاز كرامة الأشخاص المحرومين من حريتهم وحقوق الإنسان الخاصة بهم، وتؤكد أهمية التفكير مليا في هذا الأمر في إطار الجهود الرامية إلى تعزيز احترام وحماية حقوق الأشخاص المحرومين من حريتهم، وتهيب بالدول أن تعالج وتمنع ظروف الاحتجاز التي تصل إلى حد التعذيب أو غيره من ضروب المعاملة أو العقوبة القاسية أو اللاإنسانية أو المهينة، وتلاحظ في هذا الصدد الشواغل المتعلقة بالحبس الانفرادي وتشجع الدول على اتخاذ تدابير فعالة للتصدي للاكتظاظ في مرافق الاحتجاز، الذي قد يؤثر على كرامة الأشخاص المحرومين من حريتهم وما لهم من حقوق الإنسان؛</p>
        </content>
      </paragraph>
      <paragraph eId="para_32" class="SingleTxt">
        <content eId="para_32__content">
          <p xml:space="preserve">	19 -	<span class="bold italic">ترحب</span> بإنشاء آليات وقائية وطنية لمنع التعذيب وغيره من ضروب المعاملة أو العقوبة القاسية أو اللاإنسانية أو المهينة، وتحث الدول على أن تنظر في إنشاء أو تسمية آليات مستقلة فعالة يستعان فيها بخبراء لديهم القدرات والمعرفة التخصصية المطلوبة للقيام بزيارات رصد إلى أماكن الاحتجاز، لأغراض منها منع وقوع أعمال التعذيب أو غيره من ضروب المعاملة أو العقوبة القاسية أو اللاإنسانية أو المهينة، أو في الإبقاء على ما هو قائم من هذه الآليات أو تعزيزها، وتهيب بالدول الأطراف في البروتوكول الاختياري لاتفاقية مناهضة التعذيب وغيره من ضروب المعاملة أو العقوبة القاسية أو اللاإنسانية أو المهينة<sup>(</sup><authorialNote marker="7" placement="bottom" eId="authorialNote_7"><p xml:space="preserve">	()	United Nations, <span class="italic">Treaty Series</span>, vol. 2375, No. 24841.</p></authorialNote><sup>)</sup> الوفاء بالتزاماتها بتسمية أو إنشاء آليات وقائية وطنية فعالة مستقلة حقا تزود بالموارد المناسبة وتتألف من خبراء يتمتعون بما يلزم من قدرات ومعرفة تخصصية، وذلك في غضون عام واحد على الأكثر من بدء نفاذ البروتوكول أو التصديق عليه أو الانضمام إليه؛</p>
        </content>
      </paragraph>
      <paragraph eId="para_33" class="SingleTxt">
        <content eId="para_33__content">
          <p xml:space="preserve">	20 -	<span class="bold italic">تهيب</span> بجميع الدول أن تتخذ تدابير تشريعية وإدارية وقضائية وغيرها من التدابير المناسبة والفعالة لمنع وحظر إنتاج المعدات التي لا وجه لاستخدامها عمليا إلا لغرض ممارسة التعذيب أو غيره من ضروب المعاملة أو العقوبة القاسية أو اللاإنسانية أو المهينة والاتجار بها وتصديرها واستيرادها واستخدامها؛</p>
        </content>
      </paragraph>
      <paragraph eId="para_34" class="SingleTxt">
        <content eId="para_34__content">
          <p xml:space="preserve">	21 -	<span class="bold italic">تحث</span> الدول على أن تعمل، بوصف ذلك عنصرا هاما في منع ومكافحة التعذيب وغيره من ضروب المعاملة أو العقوبة القاسية أو اللاإنسانية أو المهينة، على ضمان ألا تأمر أي سلطة أو أي مسؤول بإنزال أي عقوبة أو بالقيام بأي عمل انتقامي أو تخويف أو أي شكل آخر من أشكال الإيذاء ضد أي شخص أو جماعة أو جمعية، بما في ذلك الأشخاص المحرومون من حريتهم، بسبب اتصالهم الحالي أو السابق - أو سعيهم للاتصال - بأي هيئة وطنية أو دولية من هيئات الرصد أو المنع العاملة في مجال منع ومكافحة التعذيب وغيره من ضروب المعاملة أو العقوبة القاسية أو اللاإنسانية أو المهينة، وألا يقوما بذلك أو يسمحا به أو يتجاوزا عنه؛</p>
        </content>
      </paragraph>
      <paragraph eId="para_35" class="SingleTxt">
        <content eId="para_35__content">
          <p xml:space="preserve">	22 -	<span class="bold italic">تحث أيضا</span> الدول على ضمان المساءلة عن إنزال أية عقوبة أو القيام بأي عمل انتقامي أو تخويف أو أي شكل آخر من أشكال الإيذاء غير القانوني ضد أي شخص أو جماعة أو جمعية، بما في ذلك الأشخاص المحرومون من حريتهم، بسبب تعاونهم الحالي أو السابق - أو سعيهم للتعاون - مع أي هيئة وطنية أو دولية من هيئات الرصد أو الهيئات الوقائية العاملة في مجال منع ومكافحة التعذيب وغيره من ضروب المعاملة أو العقوبة القاسية أو اللاإنسانية أو المهينة، عن طريق التكفل بالمسارعة إلى إجراء تحقيقات نزيهة ومستقلة ووافية في أي عقوبة أو عمل انتقامي أو تخويف أو أي شكل آخر من أشكال الإيذاء غير القانوني يدعى وقوعه؛ وعلى تقديم الجناة إلى العدالة؛ وإتاحة وصول الضحايا إلى سبل انتصاف فعالة، وفقا لواجباتها والتزاماتها الدولية في مجال حقوق الإنسان؛ ومنع تكرار تلك الأعمال؛</p>
        </content>
      </paragraph>
      <paragraph eId="para_36" class="SingleTxt">
        <content eId="para_36__content">
          <p xml:space="preserve">	23 -	<span class="bold italic">تهيب</span> بالدول الأطراف في اتفاقية مناهضة التعذيب وغيره من ضروب المعاملة أو العقوبة القاسية أو اللاإنسانية أو المهينة<sup>(1)</sup> أن تفي بالتزامها بتقديم من يدعى أنهم ارتكبوا أعمال تعذيب إلى المحاكمة أو بتسليمهم، بصرف النظر عن المكان الذي ارتكبت فيه تلك الأعمال، إذا كان المدعى عليه بارتكاب الجريمة موجودا في أي إقليم يخضع لولايتها القضائية، وتشجع الدول الأخرى أيضا على القيام بذلك، آخذة في اعتبارها ضرورة مكافحة الإفلات من العقاب؛ </p>
        </content>
      </paragraph>
      <paragraph eId="para_37" class="SingleTxt">
        <content eId="para_37__content">
          <p xml:space="preserve">	24 -	<span class="bold italic">تشجع</span> الدول على النظر في إنشاء عمليات وطنية ملائمة لتسجيل الادعاءات بوقوع تعذيب وغيره من ضروب المعاملة أو العقوبة القاسية أو اللاإنسانية أو المهينة أو الإبقاء على ما هو قائم منها وكفالة إتاحة إمكانية الاطلاع على تلك المعلومات وفقا للقوانين السارية؛</p>
        </content>
      </paragraph>
      <paragraph eId="para_38" class="SingleTxt">
        <content eId="para_38__content">
          <p xml:space="preserve">	25 -	<span class="bold italic">تؤكد</span> وجوب أن تسارع سلطة محلية مختصة مستقلة في التحقيق بفعالية ونزاهة في جميع الادعاءات بوقوع تعذيب أو غيره من ضروب المعاملة أو العقوبة القاسية أو اللاإنسانية أو المهينة وحيثما يكون هناك سبب وجيه للاعتقاد بارتكاب أعمال من هذا القبيل ووجوب أن يتحمل المسؤولية عن هذه الأعمال الأشخاص الذين يشجعون أو يحرضون عليها أو يأمرون بارتكابها أو يغضون الطرف عنها أو يقبلونها ضمنا أو صراحة أو يرتكبونها، بمن فيهم الموظفون المسؤولون عن أي مكان من أماكن الاحتجاز أو الأماكن الأخرى التي يحرم فيها الأشخاص من حريتهم ويثبت أن الأعمال المحظورة ارتكبت فيها، وأن يقدموا للمحاكمة ويعاقبوا بما يتناسب وخطورة الجريمة المرتكبة؛</p>
        </content>
      </paragraph>
      <paragraph eId="para_39" class="SingleTxt">
        <content eId="para_39__content">
          <p xml:space="preserve">	26 -	<span class="bold italic">تشير</span>، في هذا الصدد، إلى المبادئ المتعلقة بالتقصي والتوثيق الفعالين بشأن التعذيب وغيره من ضروب المعاملة أو العقوبة القاسية أو اللاإنسانية أو المهينة (مبادئ اسطنبول)<sup>(</sup><authorialNote marker="8" placement="bottom" eId="authorialNote_8"><p xml:space="preserve">	()	القرار <a href="https://undocs.org/ar/A/RES/55/89">55/89</a>، المرفق.</p></authorialNote><sup>)</sup>، باعتبارها أداة قيمة في إطار الجهود الرامية إلى منع التعذيب ومكافحته، وإلى المجموعة المستوفاة من المبادئ المتعلقة بحماية حقوق الإنسان وتعزيزها من خلال اتخاذ إجراءات لمكافحة الإفلات من العقاب<sup>(</sup><authorialNote marker="9" placement="bottom" eId="authorialNote_9"><p xml:space="preserve">	()	<a href="https://undocs.org/ar/E/CN.4/2005/102/Add.1">E/CN.4/2005/102/Add.1</a>.</p></authorialNote><sup>)</sup>؛</p>
        </content>
      </paragraph>
      <paragraph eId="para_40" class="SingleTxt">
        <content eId="para_40__content">
          <p xml:space="preserve">	27 -	<span class="bold italic">تشدد</span> على أنه من المهم أن يتمكن الموظفون المكلفون بإنفاذ القوانين من الاضطلاع بدورهم في حماية الحق في عدم التعرض للتعذيب وغيره من ضروب المعاملة أو العقوبة القاسية أو اللاإنسانية أو المهينة، وأن تضمن الدول حسن سير نظام العدالة الجنائية، ولا سيما باتخاذ تدابير فعالة لمكافحة الفساد، وإنشاء برامج ملائمة للمساعدة القانونية، وكفالة اختيار الموظفين المكلفين بإنفاذ القوانين وتدريبهم ومكافأتهم على نحو ملائم؛</p>
        </content>
      </paragraph>
      <paragraph eId="para_41" class="SingleTxt">
        <content eId="para_41__content">
          <p xml:space="preserve">	28 -	<span class="bold italic">تشجع</span> جميع الدول على كفالة عدم مشاركة الأشخاص المتهمين بارتكاب التعذيب أو غيره من ضروب المعاملة أو العقوبة القاسية أو اللاإنسانية أو المهينة في حجز أو استجواب أو معاملة أي شخص رهن الاعتقال أو الاحتجاز أو السجن أو أي شكل آخر من أشكال الحرمان من الحرية أثناء البت في التهم الموجهة إلى أولئك الأشخاص، وبعد الإدانة إذا ما جرت إدانتهم؛</p>
        </content>
      </paragraph>
      <paragraph eId="para_42" class="SingleTxt">
        <content eId="para_42__content">
          <p xml:space="preserve">	29 -	<span class="bold italic">تهيب</span> بجميع الدول أن تعتمد نهجا يركز على الضحايا<sup>(</sup><authorialNote marker="10" placement="bottom" eId="authorialNote_10"><p xml:space="preserve">	()	<a href="https://undocs.org/ar/A/HRC/16/52">A/HRC/16/52</a>.</p></authorialNote><sup>)</sup> في مكافحة التعذيب وغيره من ضروب المعاملة أو العقوبة القاسية أو اللاإنسانية أو المهينة، مع إيلاء اهتمام خاص لآراء الضحايا واحتياجاتهم لدى وضع السياسات وتنظيم الأنشطة الأخرى ذات الصلة بتأهيل ضحايا التعذيب ومنع التعذيب ومحاسبة المسؤولين عنه؛ </p>
        </content>
      </paragraph>
      <paragraph eId="para_43" class="SingleTxt">
        <content eId="para_43__content">
          <p xml:space="preserve">	30 -	<span class="bold italic">تهيب أيضا</span> بجميع الدول أن تعتمد نهجا يراعي الاعتبارات الجنسانية في مكافحة التعذيب وغيره من ضروب المعاملة أو العقوبة القاسية أو اللاإنسانية أو المهينة، بوسائل منها مراعاة قواعد الأمم المتحدة لمعاملة السجينات والتدابير غير الاحتجازية للمجرمات (قواعد بانكوك)<sup>(</sup><authorialNote marker="11" placement="bottom" eId="authorialNote_11"><p xml:space="preserve">	()	القرار <a href="https://undocs.org/ar/A/RES/65/229">65/229</a>، المرفق.</p></authorialNote><sup>)</sup>، وأن تولي اهتماما خاصا للعنف الجنسي والجنساني؛</p>
        </content>
      </paragraph>
      <paragraph eId="para_44" class="SingleTxt">
        <content eId="para_44__content">
          <p xml:space="preserve">	31 -	<span class="bold">تهيب</span> بالدول أن تكفل مراعاة حقوق الأشخاص المهمشين والأكثر ضعفا، بمن فيهم الأشخاص ذوو الإعاقة، بصورة كاملة في تدابير منع التعذيب والحماية منه، واضعة في اعتبارها اتفاقية حقوق الأشخاص ذوي الإعاقة<sup>(</sup><authorialNote marker="12" placement="bottom" eId="authorialNote_12"><p xml:space="preserve">	()	United Nations, <span class="italic">Treaty Series</span>, vol. 2515, No. 44910.</p></authorialNote><sup>)</sup>، وترحب بجهود المقرر الخاص لمجلس حقوق الإنسان المعني بالتعذيب وغيره من ضروب المعاملة أو العقوبة القاسية أو اللاإنسانية أو المهينة في هذا الصدد؛</p>
        </content>
      </paragraph>
      <paragraph eId="para_45" class="SingleTxt">
        <content eId="para_45__content">
          <p xml:space="preserve">	32 -	<span class="bold italic">تؤكد</span> وجوب أن تضمن النظم القانونية الوطنية تمكن ضحايا التعذيب أو غيره من ضروب المعاملة أو العقوبة القاسية أو اللاإنسانية أو المهينة من اللجوء إلى القضاء بشكل فعال وحصولهم على الإنصاف وحماية مقدمي الشكاوى والشهود من سوء المعاملة أو التخويف بسبب تقديم شكاوى أو أدلة؛</p>
        </content>
      </paragraph>
      <paragraph eId="para_46" class="SingleTxt">
        <content eId="para_46__content">
          <p xml:space="preserve">	33 -	<span class="bold italic">تهيب</span> بالدول أن توفر الإنصاف لضحايا التعذيب أو غيره من ضروب المعاملة أو العقوبة القاسية أو اللاإنسانية أو المهينة، بما في ذلك سبل الانتصاف الفعالة والجبر المناسب والفعال والسريع الذي ينبغي أن يشمل رد الحق، والتعويض العادل والكافي، والتأهيل، والترضية، وضمانات عدم التكرار، مع المراعاة التامة للاحتياجات الخاصة للضحايا؛</p>
        </content>
      </paragraph>
      <paragraph eId="para_47" class="SingleTxt">
        <content eId="para_47__content">
          <p xml:space="preserve">	34 -	<span class="bold italic">تحث</span> الدول على ضمان إتاحة خدمات التأهيل المناسبة على وجه السرعة لجميع الضحايا دون تمييز من أي نوع ودون قيود زمنية حتى تحقيق أقصى قدر ممكن من التأهيل، سواء بشكل مباشر عن طريق نظام الصحة العامة أو عن طريق تمويل المرافق الخاصة للتأهيل، بما في ذلك تلك التي تديرها منظمات المجتمع المدني، وعلى النظر في إتاحة خدمات التأهيل لأفراد الأسرة الأقربين للضحية أو لمن يعولهم والأشخاص الذين أصيبوا بضرر من جراء التدخل لمساعدة الضحايا في محنتهم أو لمنع الإيذاء؛</p>
        </content>
      </paragraph>
      <paragraph eId="para_48" class="SingleTxt">
        <content eId="para_48__content">
          <p xml:space="preserve">	35 -	<span class="bold italic">تحث أيضا</span> الدول على إنشاء مراكز أو مرافق للتأهيل يمكن أن يتلقى فيها الضحايا العلاج اللازم وتتخذ فيها تدابير فعالة تكفل سلامة العاملين فيها والمرضى، أو الإبقاء على الموجود من هذه المراكز أو المرافق أو تيسير عملها أو دعمها؛</p>
        </content>
      </paragraph>
      <paragraph eId="para_49" class="SingleTxt">
        <content eId="para_49__content">
          <p xml:space="preserve">	36 -	<span class="bold italic">تحث</span> جميع الدول التي لم تصبح بعد أطرافا في اتفاقية مناهضة التعذيب وبروتوكولها الاختياري على أن تصبح أطرافا فيهما على سبيل الأولوية؛</p>
        </content>
      </paragraph>
      <paragraph eId="para_50" class="SingleTxt">
        <content eId="para_50__content">
          <p xml:space="preserve">	37 -	<span class="bold italic">تحث</span> جميع الدول الأطراف في الاتفاقية التي لم تصدر بعد الإعلانات المنصوص عليها في المادتين 21 و 22 من الاتفاقية فيما يتعلق بالبلاغات المشتركة بين الدول والبلاغات المقدمة من الأفراد، على القيام بذلك، والنظر في إمكانية سحب تحفظاتها على المادة 20، وإخطار الأمين العام، في أقرب وقت ممكن، بقبولها التعديلات التي أدخلت على المادتين 17 و 18 بغية تعزيز فعالية لجنة مناهضة التعذيب، والوفاء بدقة بما تعهدت به من التزامات بموجب الاتفاقية، بما فيها التزامها بتقديم تقارير وفقا للمادة 19 من الاتفاقية، بالنظر إلى كثرة عدد التقارير التي لم تقدم في الوقت المحدد، وتدعو الدول الأطراف إلى إدراج منظور يراعي الاعتبارات الجنسانية ومعلومات عن الأشخاص المهمشين والأكثر ضعفا، بمن فيهم الأطفال والأحداث والأشخاص ذوو الإعاقة، في التقارير التي تقدمها إلى اللجنة؛</p>
        </content>
      </paragraph>
      <paragraph eId="para_51" class="SingleTxt">
        <content eId="para_51__content">
          <p xml:space="preserve">	38 -	<span class="bold italic">ترحب</span> بأعمال اللجنة واللجنة الفرعية لمنع التعذيب وغيره من ضروب المعاملة أو العقوبة القاسية أو اللاإنسانية أو المهينة وبتقريريهما، وتوصي بأن تواصلا إدراج معلومات عن متابعة الدول الأطراف لتوصياتهما في تقاريرهما، وتؤيد اللجنة واللجنة الفرعية فيما تبذلانه من جهود من أجل مواصلة تعزيز فعالية أساليب عملهما؛</p>
        </content>
      </paragraph>
      <paragraph eId="para_52" class="SingleTxt">
        <content eId="para_52__content">
          <p xml:space="preserve">	39 -	<span class="bold italic">تشدد</span> على أهمية أن تولي اللجنة واللجنة الفرعية الاعتبار الواجب لمبدأ عدم التمييز، مع إيلاء اهتمام خاص لحقوق الأشخاص المهمشين أو الأكثر ضعفا أو الذين يعيشون أوضاعا هشة، بوسائل منها اتباع نهج يركز على الضحايا ويراعي الاعتبارات الجنسانية في مكافحة التعذيب وغيره من ضروب المعاملة أو العقوبة القاسية أو اللاإنسانية أو المهينة؛</p>
        </content>
      </paragraph>
      <paragraph eId="para_53" class="SingleTxt">
        <content eId="para_53__content">
          <p xml:space="preserve">	40 -	<span class="bold italic">تهيب</span> بمفوضة الأمم المتحدة السامية لحقوق الإنسان أن تواصل، وفقا لولايتها التي حددتها الجمعية العامة في قرارها <a href="https://undocs.org/ar/A/RES/48/141">48/141</a> المؤرخ 20 كانون الأول/ديسمبر 1993، هي وغيرها من كيانات الأمم المتحدة المعنية، وفقا لولاية كل منها وفي حدود موارده، تقديم الخدمات الاستشارية للدول، بناء على طلبها، من أجل منع التعذيب وغيره من ضروب المعاملة أو العقوبة القاسية أو اللاإنسانية أو المهينة، لأغراض منها إعداد التقارير الوطنية التي تقدم إلى اللجنة وتنفيذ توصيات اللجنة وإنشاء آليات وقائية وطنية وتشغيلها، وتقديم المساعدة التقنية لأغراض منها إعداد مواد التدريس المخصصة لهذا الغرض وإنتاجها وتوزيعها، وتهيب كذلك بمفوضة الأمم المتحدة السامية لحقوق الإنسان أن تواصل تقديم الدعم اللازم لتمكين اللجنة الفرعية من إسداء المشورة إلى الدول الأطراف في البروتوكول الاختياري وتقديم المساعدة إليها؛</p>
        </content>
      </paragraph>
      <paragraph eId="para_54" class="SingleTxt">
        <content eId="para_54__content">
          <p xml:space="preserve">	41 -	<span class="bold italic">تشدد</span> على أهمية أن تكفل الدول إجراء متابعة مناسبة للتوصيات والاستنتاجات التي تصدر عن الهيئات والآليات ذات الصلة المنشأة بموجب معاهدات، بما يشمل اللجنة واللجنة الفرعية والآليات الوقائية الوطنية والمقرر الخاص، وتسلم في الوقت ذاته بأن للاستعراض الدوري الشامل وللمؤسسات الوطنية المعنية بحقوق الإنسان والهيئات الوطنية أو الإقليمية ذات الصلة الأخرى دورا هاما في منع التعذيب وغيره من ضروب المعاملة أو العقوبة القاسية أو اللاإنسانية أو المهينة؛</p>
        </content>
      </paragraph>
      <paragraph eId="para_55" class="SingleTxt">
        <content eId="para_55__content">
          <p xml:space="preserve">	42 -	<span class="bold italic">تحيط علما مع التقدير</span> بالتقرير المؤقت للمقرر الخاص الذي يتناول الإنجازات التي تحققت في مجال القضاء على التعذيب وغيره من ضروب سوء المعاملة ويتدارس التحديات الرئيسية التي تواجه التنفيذ العالمي للاتفاقية<sup>(</sup><authorialNote marker="13" placement="bottom" eId="authorialNote_13"><p xml:space="preserve">	()	<a href="https://undocs.org/ar/A/73/207">A/73/207</a>.</p></authorialNote><sup>)</sup> وبتقريره الوارد في الوثيقة <a href="https://undocs.org/ar/A/74/148">A/74/148</a>، وتشجعه على مواصلة تضمين توصياته مقترحات بشأن منع التعذيب وغيره من ضروب المعاملة أو العقوبة القاسية أو اللاإنسانية أو المهينة، بما في ذلك مظاهرها الجنسانية، والتحقيق فيها، وتطلب إليه مواصلة النظر في تضمين تقاريره معلومات عن متابعة الدول لتوصياته وزياراته ورسائله، بما في ذلك التقدم الذي يحرزه والمشاكل التي تعترضه، وعن اتصالاته الرسمية الأخرى، وتشجع كذلك على التعاون في المستقبل بين الممارسين والخبراء وغيرهم من أصحاب المصلحة المعنيين من أجل تحقيق هذه الأهداف؛</p>
        </content>
      </paragraph>
      <paragraph eId="para_56" class="SingleTxt">
        <content eId="para_56__content">
          <p xml:space="preserve">	43 -	<span class="bold italic">تهيب</span> بجميع الدول أن تتعاون مع المقرر الخاص وتساعده في أداء مهامه، وأن تقدم جميع المعلومات اللازمة التي يطلبها، وأن تستجيب لنداءاته العاجلة وتتابعها على نحو كامل وعلى وجه السرعة، وأن تنظر بجدية في الاستجابة لطلباته زيارة بلدانها وأن تقيم حوارا بناء معه بشأن الزيارات المطلوبة إلى بلدانها وكذلك في ما يتعلق بمتابعة توصياته؛</p>
        </content>
      </paragraph>
      <paragraph eId="para_57" class="SingleTxt">
        <content eId="para_57__content">
          <p xml:space="preserve">	44 -	<span class="bold italic">تؤكد</span> ضرورة مواصلة التبادل المنتظم للآراء بين اللجنة واللجنة الفرعية والمقرر الخاص وآليات الأمم المتحدة وهيئاتها ذات الصلة الأخرى وضرورة مواصلة التعاون مع برامج الأمم المتحدة ذات الصلة، ولا سيما برنامج الأمم المتحدة لمنع الجريمة والعدالة الجنائية، ومع المنظمات والآليات الإقليمية حسب الاقتضاء، ومع منظمات المجتمع المدني، بما فيها المنظمات غير الحكومية، بغية زيادة تعزيز فعاليتها وتعاونها بشأن المسائل المتعلقة بمنع التعذيب والقضاء عليه، بطرق عدة منها تحسين التنسيق فيما بينها؛</p>
        </content>
      </paragraph>
      <paragraph eId="para_58" class="SingleTxt">
        <content eId="para_58__content">
          <p xml:space="preserve">	45 -	<span class="bold italic">تطلب </span>إلى الأمين العام أن يكفل، في حدود الإطار العام لميزانية الأمم المتحدة، توفير عدد كاف من الموظفين والمرافق للهيئات والآليات التي تشارك في منع التعذيب ومكافحته وفي مساعدة ضحايا التعذيب أو غيره من ضروب المعاملة أو العقوبة القاسية أو اللاإنسانية أو المهينة، بما يشمل على وجه الخصوص اللجنة واللجنة الفرعية والمقرر الخاص، بما يتناسب مع ما أبدته الدول الأعضاء من تأييد قوي لمنع التعذيب ومكافحته ومساعدة ضحايا التعذيب، من أجل تمكين تلك الهيئات والآليات من الاضطلاع بولاياتها على نحو شامل ومطرد وفعال ومع المراعاة الكاملة للطابع المحدد لولاياتها؛</p>
        </content>
      </paragraph>
      <paragraph eId="para_59" class="SingleTxt">
        <content eId="para_59__content">
          <p xml:space="preserve">	46 -	<span class="bold italic">تسلم</span> بضرورة تقديم المساعدة الدولية لضحايا التعذيب على الصعيد العالمي، وتؤكد أهمية عمل مجلس إدارة صندوق الأمم المتحدة للتبرعات لضحايا التعذيب، وتناشد جميع الدول والمنظمات أن تتبرع للصندوق سنويا، ويفضل أن يقترن ذلك بزيادة كبيرة في مستوى تبرعاتها، وترحب بإنشاء الصندوق الخاص بموجب البروتوكول الاختياري وتشجع على التبرع للصندوق من أجل دعم تنفيذ التوصيات الصادرة عن اللجنة الفرعية وبرامج التثقيف التي تقوم بها الآليات الوقائية الوطنية؛</p>
        </content>
      </paragraph>
      <paragraph eId="para_60" class="SingleTxt">
        <content eId="para_60__content">
          <p xml:space="preserve">	47 -	<span class="bold italic">تطلب</span> إلى الأمين العام أن يواصل إحالة النداءات الصادرة عن الجمعية العامة من أجل التبرع للصندوقين إلى جميع الدول، وأن يدرج الصندوقين سنويا ضمن البرامج التي يعلن عن تقديم تبرعات لها في مؤتمر الأمم المتحدة لإعلان التبرعات للأنشطة الإنمائية، وأن يقدم إلى مجلس حقوق الإنسان، وإلى الجمعية العامة في دوراتها الخامسة والسبعين والسادسة والسبعين والسابعة والسبعين، تقريرا عن عمليات الصندوقين، وتشجع رئيس مجلس أمناء صندوق الأمم المتحدة للتبرعات لضحايا التعذيب على مداومة توعية الدول وأصحاب المصلحة المعنيين بمجمل الاتجاهات والتطورات في عمليات الصندوق؛</p>
        </content>
      </paragraph>
      <paragraph eId="para_61" class="SingleTxt">
        <content eId="para_61__content">
          <p xml:space="preserve">	48 -	<span class="bold italic">ترحب وتسلم</span> بالعمل بمبادرة اتفاقية مناهضة التعذيب، التي أعلن عنها في آذار/ مارس 2014 في الذكرى السنوية الثلاثين لاعتماد الاتفاقية، والتي تهدف إلى تحقيق التصديق العالمي على الاتفاقية وتحسين تنفيذها بحلول عام 2024، وكذلك بالمبادرات الإقليمية ذات الصلة المتعلقة بمنع التعذيب والقضاء عليه؛</p>
        </content>
      </paragraph>
      <paragraph eId="para_62" class="SingleTxt">
        <content eId="para_62__content">
          <p xml:space="preserve">	49 -	<span class="bold italic">تهيب</span> بجميع الدول ومفوضية الأمم المتحدة لحقوق الإنسان وهيئات الأمم المتحدة ووكالاتها الأخرى والمنظمات الحكومية الدولية ومنظمات المجتمع المدني ذات الصلة، بما فيها المنظمات غير الحكومية، أن تحتفل في 26 حزيران/يونيه بيوم الأمم المتحدة الدولي لمساندة ضحايا التعذيب؛</p>
        </content>
      </paragraph>
      <paragraph eId="para_63" class="SingleTxt">
        <content eId="para_63__content">
          <p xml:space="preserve">	50 -	<span class="bold italic">تقرر</span> أن تنظر في دوراتها الخامسة والسبعين والسادسة والسبعين والسابعة والسبعين في تقارير الأمين العام، بما فيها التقرير عن صندوق الأمم المتحدة للتبرعات لضحايا التعذيب والصندوق الخاص المنشأ بموجب البروتوكول الاختياري وتقرير اللجنة وتقرير اللجنة الفرعية والتقرير المؤقت للمقرر الخاص؛</p>
        </content>
      </paragraph>
      <paragraph eId="para_64" class="SingleTxt">
        <content eId="para_64__content">
          <p xml:space="preserve">	51 -	<span class="bold italic">تقرر أيضا</span> أن تنظر على نحو واف في هذا الموضوع في دورتها السابعة والسبعين.</p>
        </content>
      </paragraph>
    </mainBody>
    <conclusions eId="conclusions">
      <p>
        <inline name="adoptionMeeting" title="50">الجلسة العامة 50</inline>
        <eol />
        <docDate date="2019-12-18" refersTo="#adoptionDate">18 كانون الأول/ديسمبر 2019</docDate>
      </p>
    </conclusions>
  </statement>
</akomaNtoso>