<akomaNtoso xmlns:xsi="http://www.w3.org/2001/XMLSchema-instance" xsi:schemaLocation="http://docs.oasis-open.org/legaldocml/ns/akn/3.0 http://docs.oasis-open.org/legaldocml/akn-core/v1.0/os/part2-specs/schemas/akomantoso30.xsd" xmlns="http://docs.oasis-open.org/legaldocml/ns/akn/3.0" xmlns:html="http://www.w3.org/1999/xhtml" xmlns:akn4un="http://un.org/akn4un">
  <statement name="resolution">
    <meta>
      <identification source="#DGACM">
        <FRBRWork>
          <FRBRthis value="/akn/un/statement/deliberation/unga/2019-12-16/74-117/!main/"></FRBRthis>
          <FRBRuri value="/akn/un/statement/deliberation/unga/2019-12-16/74-117/"></FRBRuri>
          <FRBRdate date="2019-12-16" name="adoption"></FRBRdate>
          <FRBRauthor href="ga" as="author"></FRBRauthor>
          <FRBRcountry value="un"></FRBRcountry>
        </FRBRWork>
        <FRBRExpression>
          <FRBRthis value="/akn/un/statement/deliberation/unga/2019-12-16/74-117/ara@!main/"></FRBRthis>
          <FRBRuri value="/akn/un/statement/deliberation/unga/2019-12-16/74-117/ara@/"></FRBRuri>
          <FRBRdate date="2020-01-16" name="publication"></FRBRdate>
          <FRBRauthor href="ga" as="issuer"></FRBRauthor>
          <FRBRlanguage language="ara"></FRBRlanguage>
        </FRBRExpression>
        <FRBRManifestation>
          <FRBRthis value="/akn/un/statement/deliberation/unga/2019-12-16/74-117/ara@/!main.xml"></FRBRthis>
          <FRBRuri value="/akn/un/statement/deliberation/unga/2019-12-16/74-117/ara@.xml"></FRBRuri>
          <FRBRdate date="2020-09-01" name="markup"></FRBRdate>
          <FRBRauthor href="DGACM" as="editor"></FRBRauthor>
        </FRBRManifestation>
      </identification>
      <classification source="http://metadata.un.org/sdg">
        <keyword value="17" href="http://metadata.un.org/sdg/17" showAs="sdg_17" dictionary="SDGO"></keyword>
        <keyword value="sustainable_development" href="http://eurovoc.europa.eu/5585" showAs="sustainable_development" dictionary="EuroVoc"></keyword>
        <keyword value="partnership" href="http://eurovoc.europa.eu/4199" showAs="partnership" dictionary="EuroVoc"></keyword>
        <keyword value="sustainable_development" href="http://metadata.un.org/thesaurus/1006319" showAs="sustainable_development" dictionary="UNBIS Thesaurus"></keyword>
        <keyword value="partnership" href="http://metadata.un.org/thesaurus/1004748" showAs="partnership" dictionary="UNBIS Thesaurus"></keyword>
      </classification>
      <classification source="http://metadata.un.org/sdg">
        <keyword value="16" href="http://metadata.un.org/sdg/16" showAs="sdg_16" dictionary="SDGO"></keyword>
        <keyword value="right_to_justice" href="http://eurovoc.europa.eu/516" showAs="right_to_justice" dictionary="EuroVoc"></keyword>
        <keyword value="sustainable_development" href="http://eurovoc.europa.eu/5585" showAs="sustainable_development" dictionary="EuroVoc"></keyword>
        <keyword value="civil_society" href="http://metadata.un.org/thesaurus/1001012" showAs="civil_society" dictionary="UNBIS Thesaurus"></keyword>
        <keyword value="justice" href="http://metadata.un.org/thesaurus/1003500" showAs="justice" dictionary="UNBIS Thesaurus"></keyword>
        <keyword value="peaceful_coexistence" href="http://metadata.un.org/thesaurus/1004777" showAs="peaceful_coexistence" dictionary="UNBIS Thesaurus"></keyword>
        <keyword value="public_institutions" href="http://metadata.un.org/thesaurus/1005254" showAs="public_institutions" dictionary="UNBIS Thesaurus"></keyword>
        <keyword value="social_justice" href="http://metadata.un.org/thesaurus/1005970" showAs="social_justice" dictionary="UNBIS Thesaurus"></keyword>
        <keyword value="sustainable_development" href="http://metadata.un.org/thesaurus/1006319" showAs="sustainable_development" dictionary="UNBIS Thesaurus"></keyword>
      </classification>
      <classification source="http://metadata.un.org/sdg">
        <keyword value="5" href="http://metadata.un.org/sdg/5" showAs="sdg_5" dictionary="SDGO"></keyword>
        <keyword value="gender_equality" href="http://eurovoc.europa.eu/3913" showAs="gender_equality" dictionary="EuroVoc"></keyword>
        <keyword value="participation_of_women" href="http://eurovoc.europa.eu/2265" showAs="participation_of_women" dictionary="EuroVoc"></keyword>
        <keyword value="women&amp;#39;s_rights" href="http://eurovoc.europa.eu/585" showAs="women&amp;#39;s_rights" dictionary="EuroVoc"></keyword>
        <keyword value="position_of_women" href="http://eurovoc.europa.eu/81" showAs="position_of_women" dictionary="EuroVoc"></keyword>
        <keyword value="women" href="http://metadata.un.org/thesaurus/1007029" showAs="women" dictionary="UNBIS Thesaurus"></keyword>
        <keyword value="gender_equality" href="http://metadata.un.org/thesaurus/1002612" showAs="gender_equality" dictionary="UNBIS Thesaurus"></keyword>
        <keyword value="girls" href="http://metadata.un.org/thesaurus/1002684" showAs="girls" dictionary="UNBIS Thesaurus"></keyword>
      </classification>
      <classification source="http://metadata.un.org/sdg">
        <keyword value="3" href="http://metadata.un.org/sdg/3" showAs="sdg_3" dictionary="SDGO"></keyword>
        <keyword value="public_health" href="http://eurovoc.europa.eu/3885" showAs="public_health" dictionary="EuroVoc"></keyword>
        <keyword value="health" href="http://metadata.un.org/thesaurus/1002824" showAs="health" dictionary="UNBIS Thesaurus"></keyword>
      </classification>
      <workflow source="#un">
        <step date="2019-12-09" outcome="draftResolution" as="A/74/L.33" by="Albania, Austria, Belgium, Bosnia and Herzegovina, Bulgaria, Croatia, Cyprus, Czechia, Denmark, Estonia, Finland, France, Germany, Greece, Guinea, Hungary, Ireland, Italy, Latvia, Lebanon, Liechtenstein, Lithuania, Luxembourg, Malta, Montenegro, Netherlands, New Zealand, Poland, Portugal, Romania, Slovakia, Slovenia, Spain, Sweden, Switzerland and United Kingdom of Great Britain and Northern Ireland" />
        <step date="0001-01-01" outcome="draftResolutionAdditionalSponsors" by="Andorra, Bolivia (Plurinational State of), Djibouti, Gambia, Georgia, Japan, Monaco, North Macedonia, Norway, Republic of Korea, San Marino, Serbia, Sudan and Zimbabwe. - Lebanon was removed from the list of sponsors of the draft resolution" />
        <step date="0001-01-01" outcome="recommendedForAdoption" by="" />
        <step date="2019-12-16" outcome="adopted" as="A/74/PV.49" by="" />
      </workflow>
      <analysis source="#un">
        <parliamentary>
          <voting outcome="adoptedWithoutVote">
            <quorum value=""></quorum>
          </voting>
        </parliamentary>
      </analysis>
      <references source="#DGACM">
        <TLCOrganization eId="source" href="/akn/ontology/organization/un/DGACM" showAs="DGACM"></TLCOrganization>
        <TLCConcept eId="dateOfIssuance" href="/akn/ontology/concept/un/dateOfIssuance" showAs="Date of issuance"></TLCConcept>
        <TLCConcept eId="dateOfAdoption" href="/akn/ontology/concept/un/dateOfAdoption" showAs="Date of adoption"></TLCConcept>
        <TLCConcept eId="symbol" href="/akn/ontology/reference/un/symbol" showAs="Symbol"></TLCConcept>
        <TLCRole eId="publisher" href="/akn/ontology/role/un/publisher" showAs="Publisher"></TLCRole>
        <TLCRole eId="issuingBody" href="/akn/role/concept/un/issuingBody" showAs="Issuing body"></TLCRole>
        <TLCRole eId="author" href="/akn/ontology/role/un/author" showAs="Author"></TLCRole>
        <TLCRole eId="editor" href="/akn/ontology/role/un/editor" showAs="Editor"></TLCRole>
        <TLCRole eId="distribution" href="/akn/ontology/concept/un/generalDistribution" showAs="General distribution"></TLCRole>
        <TLCOrganization eId="ga" href="/akn/ontology/organization/un/generalAssembly" showAs="General Assembly"></TLCOrganization>
        <TLCTerm eId="resolutionTitle" href="/akn/ontology/reference/un/resolutionTitle" showAs="Resolution title"></TLCTerm>
        <TLCTerm eId="noMainCommittee" href="#noMainCommittee" showAs="دون الإحالة إلى لجنة رئيسية"></TLCTerm>
        <TLCTerm eId="memberState" href="/akn/ontology/organization/un/memberState" showAs="Member State"></TLCTerm>
        <TLCTerm eId="inFavour" href="/akn/ontology/concept/un/voting/inFavour" showAs="In favour"></TLCTerm>
        <TLCTerm eId="against" href="/akn/ontology/concept/un/voting/against" showAs="Against"></TLCTerm>
        <TLCTerm eId="abstaining" href="/akn/ontology/concept/un/voting/abstaining" showAs="Abstaining"></TLCTerm>
      </references>
      <presentation source="#un">
        <akn4un:footerFirstPage>
          <akn4un:footerFirstPageLeft>
            <akn4un:internalCode>
              <docketNumber refersTo="#publicationJobNumber">19-22034 (A)</docketNumber>
              <img alt="bar code" class="barCode" src=""></img>
            </akn4un:internalCode>
          </akn4un:footerFirstPageLeft>
          <akn4un:footerFirstPageRight>
            <img alt="Please recycle" class="image" src="./recylcleLogo.jpg"></img>
            <img alt="embedded QR code" class="qrCode" src=""></img>
          </akn4un:footerFirstPageRight>
        </akn4un:footerFirstPage>
      </presentation>
    </meta>
    <coverPage eId="coverPage_1">
      <p>
        <span refersTo="#publisher" class="upperLeft">
          <docAuthority refersTo="#publisher">الأمــم المتحـدة</docAuthority>
        </span>
      </p>
      <p class="upperRight">
        <docNumber refersTo="#symbol">A/RES/74/117</docNumber>
      </p>
      <p class="upperLeft">
        <img src="logo-un.jpg"></img>
        <docAuthority refersTo="#issuingBody" class="rightBig">الجمعية العامة</docAuthority>
      </p>
      <p>
        <docStatus refersTo="#generalDistribution" class="rightSmall">Distr.: General</docStatus>
      </p>
      <p>
        <docDate date="2020-01-16" class="rightSmall" refersTo="#dateOfIssuance">16 January 2020</docDate>
      </p>
      <p>
        <session refersTo="#generalAssembly" value="74" eId="coverPage_1__session_1">الدورة الرابعة والسبعون</session>
      </p>
      <p>
        <inline name="agenda item">البند 71 (ب) من جدول الأعمال</inline>
      </p>
      <p>
        <inline name="agenda item name">تعزيز تنسيق المساعدة الإنسانية والمساعدة الغوثية التي تقدمها الأمم المتحدة في حالات الكوارث، بما في ذلك المساعدة الاقتصادية الخاصة: تقديم المساعدة إلى الشعب الفلسطيني</inline>
      </p>
      <p>
        <docTitle>قرار اتخذته الجمعية العامة في 16 كانون الأول/ديسمبر 2019</docTitle>
      </p>
      <p xml:space="preserve">
        <docProponent refersTo="#noMainCommittee">[دون الإحالة إلى لجنة رئيسية (<inline name="originating document">A/74/L.33 و A/74/L.33/Add.1</inline>)]</docProponent>
      </p>
    </coverPage>
    <preface>
      <p>
        <docNumber>74/117.</docNumber>
        <docTitle refersTo="#resolutionTitle">-	تقديم المساعدة إلى الشعب الفلسطيني</docTitle>
      </p>
    </preface>
    <preamble>
      <formula name="enactingFormula" eId="formula_1">
        <p xml:space="preserve">
          <span class="bold italic">إن الجمعية العامة</span>،</p>
      </formula>
      <container name="إذ تشير" eId="container_2">
        <p xml:space="preserve">
          <span class="bold italic">إذ تشير</span> إلى قرارها <a href="https://undocs.org/ar/A/RES/73/256">73/256</a> المؤرخ 20 كانون الأول/ديسمبر 2018 وإلى قراراتها السابقة المتعلقة بهذه المسألة،</p>
      </container>
      <container name="وإذ تشير أيضا" eId="container_3">
        <p xml:space="preserve">
          <span class="bold italic">وإذ تشير أيضا</span> إلى توقيع حكومة دولة إسرائيل ومنظمة التحرير الفلسطينية، ممثلة الشعب الفلسطيني، على إعلان مبادئ ترتيبات الحكم الذاتي المؤقت، في واشنطن العاصمة في 13 أيلول/سبتمبر 1993<sup>(</sup><authorialNote marker="1" placement="bottom" eId="authorialNote_1"><p xml:space="preserve">	()	<a href="https://undocs.org/ar/A/48/486">A/48/486-S/26560</a>، المرفق.</p></authorialNote><sup>)</sup> وإلى اتفاقات التنفيذ اللاحقة التي أبرمها الطرفان،</p>
      </container>
      <container name="وإذ تشير كذلك" eId="container_4">
        <p xml:space="preserve">
          <span class="bold italic">وإذ تشير كذلك</span> إلى جميع القوانين الدولية ذات الصلة، بما فيها القانون الدولي الإنساني والقانون الدولي لحقوق الإنسان، ولا سيما العهد الدولي الخاص بالحقوق المدنية والسياسية<sup>(</sup><authorialNote marker="2" placement="bottom" eId="authorialNote_2"><p xml:space="preserve">	()	انظر القرار 2200 ألف (د-21)، المرفق.</p></authorialNote><sup>)</sup> والعهد الدولي الخاص بالحقوق الاقتصادية والاجتماعية والثقافية<sup>(2)</sup> واتفاقية حقوق الطفل<sup>(</sup><authorialNote marker="3" placement="bottom" eId="authorialNote_3"><p xml:space="preserve">	()	United Nations, <span class="italic">Treaty Series</span>, vol. 1577, No. 27531.</p></authorialNote><sup>)</sup> واتفاقية القضاء على جميع أشكال التمييز ضد المرأة<sup>(</sup><authorialNote marker="4" placement="bottom" eId="authorialNote_4"><p xml:space="preserve">	()	المرجع نفسه، المجلد 1249، الرقم 20378.</p></authorialNote><sup>)</sup>،</p>
      </container>
      <container name="وإذ يساورها شديد القلق" eId="container_5">
        <p xml:space="preserve">
          <span class="bold italic">وإذ يساورها شديد القلق</span> إزاء صعوبة الأحوال المعيشية والحالة الإنسانية التي تؤثر في الشعب الفلسطيني، وفي النساء والأطفال خصوصاً، في جميع أنحاء الأرض الفلسطينية المحتلة، ولا سيما في قطاع غزة حيث الحاجةُ ماسة إلى الإنعاش الاقتصادي وإلى إصلاح البنى التحتية وإعادة تأهيلها وتطويرها على نطاق واسع، خاصة في أعقاب النزاع الذي وقع في تموز/يوليه و آب/أغسطس 2014،</p>
      </container>
      <container name="وإذ تعي" eId="container_6">
          <p xml:space="preserve">
            <span class="bold italic">وإذ تعي</span> الضرورة الملحة لتحسين البنى التحتية الاقتصادية والاجتماعية في الأرض المحتلة،</p>
      </container>
      <container name="وإذ ترحب" eId="container_7">
        <p xml:space="preserve">
          <span class="bold italic">وإذ ترحب</span>، في هذا السياق، بما وُضع من مشاريع، ولا سيما في مجال البنى التحتية، من أجل إنعاش الاقتصاد الفلسطيني وتحسين الأحوال المعيشية للشعب الفلسطيني، وإذ تؤكد ضرورة تهيئة الظروف الملائمة لتيسير تنفيذ هذه المشاريع، وإذ تلاحظ مساهمة الشركاء في المنطقة ومساهمة المجتمع الدولي،</p>
      </container>
      <container name="وإدراكا منها" eId="container_8">
          <p xml:space="preserve">
            <span class="bold italic">وإدراكا منها</span> لصعوبة تحقيق التنمية في ظل الاحتلال وأن السلام والاستقرار يوفران أفضل الظروف لتعزيزها،</p>
      </container>
      <container name="وإذ تلاحظ" eId="container_9">
        <p xml:space="preserve">
          <span class="bold italic">وإذ تلاحظ</span> جسامة التحديات الاقتصادية والاجتماعية التي يواجهها الشعب الفلسطيني وقيادته،</p>
      </container>
      <container name="وإذ تشدد" eId="container_10">
        <p xml:space="preserve">
          <span class="bold italic">وإذ تشدد</span> على أهمية سلامة ورفاه جميع الناس، وبخاصة النساء والأطفال، في منطقة الشرق الأوسط برمتها واللذين يتيسر تعزيزهما في ظروف منها توفر بيئة مستقرة وآمنة،</p>
      </container>
      <container name="وإذ يساورها بالغ القلق" eId="container_11">
        <p xml:space="preserve">
          <span class="bold italic">وإذ يساورها بالغ القلق</span> إزاء التأثير السلبي الذي يخلفه العنف، بما في ذلك الآثار الصحية والنفسية، على رفاه الأطفال في المنطقة حاضرا ومستقبلا،</p>
      </container>
      <container name="وإذ تعي" eId="container_12">
          <p xml:space="preserve">
            <span class="bold italic">وإذ تعي</span> الضرورة الملحة لتقديم مساعدة دولية إلى الشعب الفلسطيني، مع مراعاة الأولويات الفلسطينية، وإذ تشير في هذا الصدد إلى الخطة الوطنية للإنعاش المبكر وإعادة إعمار غزة،</p>
      </container>
      <container name="وإذ تعرب عن بالغ القلق" eId="container_13">
        <p xml:space="preserve">
          <span class="bold italic">وإذ تعرب عن بالغ القلق</span> إزاء الحالة الإنسانية الخطيرة في قطاع غزة، وإذ تشدد على أهمية تقديم المساعدة الطارئة والإنسانية وعلى ضرورة المضي قدماً في إعادة الإعمار بقطاع غزة،</p>
      </container>
      <container name="وإذ ترحب" eId="container_14">
        <p xml:space="preserve">
          <span class="bold italic">وإذ ترحب</span> بنتائج مؤتمر دعم السلام في الشرق الأوسط الذي عقد في واشنطن العاصمة في 1 تشرين الأول/أكتوبر 1993 وبإنشاء لجنة الاتصال المخصصة لتنسيق المساعدة الدولية المقدمة إلى الفلسطينيين وبالعمل الذي يضطلع به البنك الدولي بوصفه أمانتها وبإنشاء الفريق الاستشاري وبكل اجتماعات المتابعة والآليات الدولية التي أنشئت من أجل تقديم المساعدة إلى الشعب الفلسطيني،</p>
      </container>
      <container name="وإذ تبرز" eId="container_15">
        <p xml:space="preserve">
          <span class="bold italic">وإذ تبرز</span> أهمية مؤتمر القاهرة الدولي حول فلسطين: إعادة إعمار غزة، الذي عُقد في 12 تشرين الأول/أكتوبر 2014، وإذ تحث على تسديد التبرعات المعلن عنها كاملةً في الموعد المقرر لها من أجل الإسراع بتوفير المساعدة الإنسانية والتعجيل بعملية إعادة الإعمار،</p>
      </container>
      <container name="وإذ تشير" eId="container_16">
        <p xml:space="preserve">
          <span class="bold italic">وإذ تشير</span> إلى المؤتمر الدولي للمانحين من أجل الدولة الفلسطينية الذي عُقد في باريس في 17 كانون الأول/ديسمبر 2007 ومؤتمر برلين لدعم الأمن المدني الفلسطيني وسيادة القانون الذي عقد في 24 حزيران/يونيه 2008 ومؤتمري الاستثمار الفلسطيني اللذين عقدا في بيت لحم في الفترة من 21 إلى 23 أيار/مايو 2008 وفي 2 و 3 حزيران/يونيه 2010 والمؤتمر الدولي لدعم الاقتصاد الفلسطيني من أجل إعادة إعمار غزة الذي عُقد في شرم الشيخ، مصر، في 2 آذار/مارس 2009،</p>
      </container>
      <container name="وإذ ترحب" eId="container_17">
        <p xml:space="preserve">
          <span class="bold italic">وإذ ترحب</span> بالاجتماعين الوزاريين لمؤتمر التعاون بين بلدان شرق آسيا من أجل التنمية في فلسطين اللذين عُقدا في طوكيو في شباط/فبراير 2013 وفي جاكرتا في آذار/مارس 2014، بوصفهما محفلاً لحشد المساعدة السياسية والاقتصادية بوسائل من بينها تبادل الخبرات والدروس المستفادة لدعم التنمية في فلسطين،</p>
      </container>
      <container name="وإذ ترحب أيضا" eId="container_18">
        <p xml:space="preserve">
          <span class="bold italic">وإذ ترحب أيضا</span> بالاجتماعات الأخيرة للجنة الاتصـال المخصصـة لتنسيق المساعدة الدولية المقدمة إلى الفلسطينيين التي عُقدت في بروكسل في 27 أيار/مايو 2015 وفي نيويورك في 25 أيلول/سبتمبر 2013 و 22 أيلول/سبتمبر 2014 و 30 أيلول/سبتمبر 2015 و 19 أيلول/سبتمبر 2016 و 18 أيلول/سبتمبر 2017 و 27 أيلول/سبتمبر 2018 و 26 أيلول/سبتمبر 2019،</p>
      </container>
      <container name="وإذ ترحب كذلك" eId="container_19">
        <p xml:space="preserve">
          <span class="bold italic">وإذ ترحب كذلك</span> بأنشطة لجنة الاتصال المشتركة التي توفر محفلا تُناقش فيه مع السلطة الفلسطينية السياسة الاقتصادية والمسائل العملية المتصلة بالمساعدة المقدمة من الجهات المانحة،</p>
      </container>
      <container name="وإذ ترحـب" eId="container_20">
        <p xml:space="preserve">
          <span class="bold italic">وإذ ترحـب</span> بتنفيـذ خطة التنمية الوطنية الفلسطينية للفترة 2011-2013 في مجالات الحوكمة والاقتصاد والتنمية الاجتماعية والبنى التحتية وباعتماد خطة التنمية الوطنية الفلسطينية للفترة 2014-2016: من بناء الدولة إلى السيادة، وإذ تؤكد ضرورة استمرار الدعم الدولي لعملية بناء الدولة الفلسطينية، على النحو المبين في الملخص الذي أعده رئيس اجتماع لجنة الاتصال المخصصة المعقود في 22 أيلول/سبتمبر 2014،</p>
      </container>
      <container name="وإذ تؤكد" eId="container_21">
        <p xml:space="preserve">
          <span class="bold italic">وإذ تؤكد</span> ضرورة المشاركة الكاملة للأمم المتحدة في عملية بناء المؤسسات الفلسطينية وتقديم مساعدة واسعة النطاق إلى الشعب الفلسطيني،</p>
      </container>
      <container name="وإذ تقر" eId="container_22">
          <p xml:space="preserve">
            <span class="bold italic">وإذ تقر</span> في هذا الصدد بالمساهمة الإيجابية التي يوفرها إطار عمل الأمم المتحدة للمساعدة الإنمائية للفترة 2014-2016 الذي يهدف في جملة أمور إلى تعزيز الدعم والمساعدة الإنمائيين المقدمين إلى الشعب الفلسطيني وتقوية القدرات المؤسسية بما يتفق مع الأولويات الوطنية الفلسطينية،</p>
      </container>
      <container name="وإذ ترحب" eId="container_23">
        <p xml:space="preserve">
          <span class="bold italic">وإذ ترحب</span> بالخطوات المتخذة لتخفيف القيود المفروضة على الحركة والعبور في الضفة الغربية، وإذ تؤكد في الوقت نفسه ضرورة اتخاذ المزيد من الخطوات في هذا الصدد، وإذ تسلّم بأن هذه الخطوات ستحسِّن الظروف المعيشية والحالة على أرض الواقع ويمكن أن تشجع على تحقيق المزيد من التنمية الاقتصادية الفلسطينية،</p>
      </container>
      <container name="وإذ ترحب أيضا" eId="container_24">
        <p xml:space="preserve">
          <span class="bold italic">وإذ ترحب أيضا</span> بالاتفاق الثلاثي الذي يسرته الأمم المتحدة فيما يتعلق بإمكانية الوصول إلى قطاع غزة، وإذ تدعو إلى التنفيذ التام لهذا الاتفاق وإلى اتخاذ تدابير تكميلية تلبي الحاجة إلى إحداث تغيير جذري في السياسة المتبعة على نحو يسمح بفتح المعابر الحدودية بشكل دائم ومنتظم أمام حركة الأشخاص والسلع، لأغراض منها تيسير وصول التدفقات الإنسانية والتجارية وإعادة إعمار غزة وإنعاشها اقتصادياً،</p>
      </container>
      <container name="وإذ تؤكد" eId="container_25">
        <p xml:space="preserve">
          <span class="bold italic">وإذ تؤكد</span> أن الحالة في قطاع غزة لا يمكن تحملها، وأن أي اتفاق دائم لوقف إطلاق النار يجب أن يؤدي إلى تحسن جوهري في الظروف المعيشية للشعب الفلسطيني في قطاع غزة وأن يكفل سلامة المدنيين ورفاههم في كلا الجانبين،</p>
      </container>
      <container name="وإذ تؤكد أيضا" eId="container_26">
        <p xml:space="preserve">
          <span class="bold italic">وإذ تؤكد أيضا</span> ضرورة التوصل بشكل عاجل إلى حل دائم للأزمة في غزة من خلال التنفيذ التام لقرار مجلس الأمن <a href="https://undocs.org/ar/S/RES/1860 (2009)">1860 (2009)</a> المؤرخ 8 كانون الثاني/يناير 2009، بوسائل منها منع الاتجار غير المشروع بالأسلحة والذخيرة وكفالة إعادة فتح المعابر بشكل دائم على أساس الاتفاقات القائمة، ومنها اتفاق التنقل والعبور المبرم في عام 2005 بين السلطة الفلسطينية وإسرائيل،</p>
      </container>
      <container name="وإذ تشدد" eId="container_27">
        <p xml:space="preserve">
          <span class="bold italic">وإذ تشدد</span> في هذا الصدد على أهمية اضطلاع السلطة الفلسطينية على نحو فعال بمسؤولياتها الحكومية كاملةً في جميع المجالات في قطاع غزة، بوسائل منها وجودها في معابر غزة،</p>
      </container>
      <container name="وإذ تلاحظ" eId="container_28">
        <p xml:space="preserve">
          <span class="bold italic">وإذ تلاحظ</span> المشاركة النشطة لمنسق الأمم المتحدة الخاص لعملية السلام في الشرق الأوسط والممثل الشخصي للأمين العام لدى منظمة التحرير الفلسطينية والسلطة الفلسطينية في أنشطة المبعوثين الخاصين للمجموعة الرباعية،</p>
      </container>
      <container name="وإذ تؤكد مجددا" eId="container_29">
        <p xml:space="preserve">
          <span class="bold italic">وإذ تؤكد مجددا</span> ضرورة التوصل إلى حل شامل للنزاع العربي - الإسرائيلي بجميع جوانبه على أساس قرارات مجلس الأمن ذات الصلة، بما فيها القرارات <a href="https://undocs.org/ar/S/RES/242 (1967)">242 (1967)</a> المؤرخ 22 تشرين الثاني/ نوفمبر 1967 و <a href="https://undocs.org/ar/S/RES/338 (1973)">338 (1973)</a> المؤرخ 22 تشرين الأول/أكتوبر 1973 و <a href="https://undocs.org/ar/S/RES/1397 (2002)">1397 (2002)</a> المؤرخ 12 آذار/مارس 2002 و <a href="https://undocs.org/ar/S/RES/1515 (2003)">1515 (2003)</a> المؤرخ 19 تشرين الثاني/نوفمبر 2003 و <a href="https://undocs.org/ar/S/RES/1850 (2008)">1850</a><a href="https://undocs.org/ar/S/RES/1850 (2008)"> </a><a href="https://undocs.org/ar/S/RES/1850 (2008)">(2008)</a> المؤرخ 16 كانون الأول/ديسمبر 2008 و <a href="https://undocs.org/ar/S/RES/1860 (2009)">1860 (2009)</a>، وعلى أساس مرجعيات مؤتمر مدريد ومبدأ الأرض مقابل السلام، لكفالة التوصل إلى حل سياسي قائم على وجود دولتين - إسرائيل ودولة فلسطينية مستقلة ديمقراطية متصلة الأراضي ذات سيادة تتوافر فيها مقومات البقاء - تعيشان جنباً إلى جنب في سلام وأمن وفي ظل اعتراف متبادل،</p>
      </container>
      <container name="وقد نظرت" eId="container_30">
          <p xml:space="preserve">
            <span class="bold italic">وقد نظرت</span> في تقرير الأمين العام<sup>(</sup><authorialNote marker="5" placement="bottom" eId="authorialNote_5"><p xml:space="preserve">	()	<a href="https://undocs.org/ar/A/74/89">.A/74/89-E/2019/73</a></p></authorialNote><sup>)</sup>،</p>
      </container>
      <container name="وإذ تعرب عن بالغ القلق" eId="container_31">
        <p xml:space="preserve">
          <span class="bold italic">وإذ تعرب عن بالغ القلق</span> إزاء استمرار العنف ضد المدنيين،</p>
      </container>
    </preamble>
    <mainBody>
      <paragraph eId="para_32" class="SingleTxt">
        <content eId="para_32__content">
          <p xml:space="preserve">	1 -	<span class="bold italic">تحيط علما</span> بتقرير الأمين العام<sup>(5)</sup>؛</p>
        </content>
      </paragraph>
      <paragraph eId="para_33" class="SingleTxt">
        <content eId="para_33__content">
          <p xml:space="preserve">	2 -	<span class="bold italic">تعرب عن تقديرها</span> للأمين العام لاستجابته السريعة وجهوده المستمرة فيما يتعلق بتقديم المساعدة إلى الشعب الفلسطيني، بما في ذلك ما يتصل بالاحتياجات الإنسانية الطارئة في قطاع غزة؛</p>
        </content>
      </paragraph>
      <paragraph eId="para_34" class="SingleTxt">
        <content eId="para_34__content">
          <p xml:space="preserve">	3 -	<span class="bold italic">تعرب عن تقديرها أيضا</span> للدول الأعضاء وهيئات الأمم المتحدة والمنظمات الحكومية الدولية والمنظمات الإقليمية والمنظمات غير الحكومية التي قدمت، ولا تزال تقدم، المساعدة إلى الشعب الفلسطيني؛</p>
        </content>
      </paragraph>
      <paragraph eId="para_35" class="SingleTxt">
        <content eId="para_35__content">
          <p xml:space="preserve">	4 -	<span class="bold italic">تؤكد</span> أهمية الأعمال التي يضطلع بها منسق الأمم المتحدة الخاص لعملية السلام في الشرق الأوسط والممثل الشخصي للأمين العام لدى منظمة التحرير الفلسطينية والسلطة الفلسطينية والخطوات المتخذة برعاية الأمين العام لكفالة إنشاء آلية لتنسيق أنشطة الأمم المتحدة في جميع أنحاء الأراضي المحتلة؛</p>
        </content>
      </paragraph>
      <paragraph eId="para_36" class="SingleTxt">
        <content eId="para_36__content">
          <p xml:space="preserve">	5 -	<span class="bold italic">تحث</span> الدول الأعضاء والمؤسسات المالية الدولية التابعة لمنظومة الأمم المتحدة والمنظمات الحكومية الدولية والمنظمات غير الحكومية والمنظمات الإقليمية والأقاليمية على أن تقدم، بأقصى ما يمكن من السرعة والسخاء، مساعدة اقتصادية واجتماعية إلى الشعب الفلسطيني، بالتعاون الوثيق مع منظمة التحرير الفلسطينية وعن طريق المؤسسات الفلسطينية الرسمية؛</p>
        </content>
      </paragraph>
      <paragraph eId="para_37" class="SingleTxt">
        <content eId="para_37__content">
          <p xml:space="preserve">	6 -	<span class="bold italic">ترحب</span> باجتماعات لجنة الاتصـال المخصصة لتنسيق المساعدة ‏الدولية المقدمة إلى الفلسطينيين التي عُقدت في 25 أيلول/سبتمبر 2013 و 22 أيلول/سبتمبر 2014 و 27 أيار/مايو و 30 أيلول/سبتمبر 2015 و 19 أيلول/سبتمبر 2016 و 18 أيلول/سبتمبر 2017 و 27 أيلول/سبتمبر 2018 و 26 أيلول/سبتمبر 2019، وبنتائج مؤتمر القاهرة الدولي حول فلسطين: إعادة إعمار غزة، الذي عقد في 12 تشرين الأول/أكتوبر 2014، وباستجابة المانحين السخية دعماً لاحتياجات الشعب الفلسطيني، وتحث على سرعة سداد التبرعات التي تعهد بها المانحون؛</p>
        </content>
      </paragraph>
      <paragraph eId="para_38" class="SingleTxt">
        <content eId="para_38__content">
          <p xml:space="preserve">	7 -	<span class="bold italic">تؤكد</span> أهمية متابعة نتائج مؤتمر القاهرة الدولي حول فلسطين: إعادة إعمار غزة، لتعزيز الإنعاش الاقتصادي وإعادة الإعمار على نحو فعال ومستدام وفي التوقيت المناسب؛</p>
        </content>
      </paragraph>
      <paragraph eId="para_39" class="SingleTxt">
        <content eId="para_39__content">
          <p xml:space="preserve">	8 -	<span class="bold italic">تهيب</span> بالمانحين الذين لم يدفعوا بعد المبالغ التي تعهدوا بها لدعم الميزانية تحويل الأموال في أقرب وقت ممكن، وتشجع جميع المانحين على زيادة المساعدة التي يقدمونها مباشرة للسلطة الفلسطينية وفقا لبرنامجها الحكومي لتمكينها من إقامة دولة فلسطينية تتوافر فيها مقومات البقاء وتتمتع بالازدهار، وتشدد على ضرورة تقاسم أعباء هذا الجهد بصورة عادلة بين المانحين، وتشجع المانحين على النظر في المواءمة بين دورات التمويل ودورة الميزانية الوطنية للسلطة الفلسطينية؛</p>
        </content>
      </paragraph>
      <paragraph eId="para_40" class="SingleTxt">
        <content eId="para_40__content">
          <p xml:space="preserve">	9 -	<span class="bold italic">تهيب</span> بالمؤسسات والوكالات ذات الصلة في منظومة الأمم المتحدة تكثيف المساعدة التي تقدمها لتلبية الاحتياجات الملحة للشعب الفلسطيني، وفقا للأولويات التي يحددها الجانب الفلسطيني؛</p>
        </content>
      </paragraph>
      <paragraph eId="para_41" class="SingleTxt">
        <content eId="para_41__content">
          <p xml:space="preserve">	10 -	<span class="bold italic">تعرب عن تقديرها</span> لعمل وكالة الأمم المتحدة لإغاثة وتشغيل اللاجئين الفلسطينيين في الشرق الأدنى، وتسلّم بالدور البالغ الأهمية الذي تضطلع به الوكالة في تقديم المساعدة الإنسانية إلى الشعب الفلسطيني، ولا سيما في قطاع غزة؛</p>
        </content>
      </paragraph>
      <paragraph eId="para_42" class="SingleTxt">
        <content eId="para_42__content">
          <p xml:space="preserve">	11 -	<span class="bold italic">تهيب</span> بالمجتمع الدولي تقديم المساعدة والخدمات الملحة سعياً إلى تخفيف الحالة الإنسانية الصعبة التي يواجهها النساء والأطفال الفلسطينيون وأسرهم والمساعدة في إعادة بناء المؤسسات الفلسطينية ذات الصلة وتطويرها؛</p>
        </content>
      </paragraph>
      <paragraph eId="para_43" class="SingleTxt">
        <content eId="para_43__content">
          <p xml:space="preserve">	12 -	<span class="bold italic">تؤكد</span> الدور الذي تؤديه جميع آليات التمويل، بما فيها الآلية الفلسطينية - الأوروبية لإدارة المعونة الاجتماعية الاقتصادية التابعة للمفوضية الأوروبية والصندوق الاستئماني للبنك الدولي، في تقديم المساعدة إلى الشعب الفلسطيني مباشرة؛</p>
        </content>
      </paragraph>
      <paragraph eId="para_44" class="SingleTxt">
        <content eId="para_44__content">
          <p xml:space="preserve">	13 -	<span class="bold italic">تحث</span> الدول الأعضاء على فتح أسواقها أمام صادرات المنتجات الفلسطينية بأفضل الشروط، بما يتفق مع القواعد التجارية المناسبة، وتنفيذ اتفاقات التجارة والتعاون القائمة تنفيذاً تاماً؛</p>
        </content>
      </paragraph>
      <paragraph eId="para_45" class="SingleTxt">
        <content eId="para_45__content">
          <p xml:space="preserve">	14 -	<span class="bold italic">تهيب</span> بالجهات المانحة الدولية التعجيل بإيصال المساعدة التي تعهدت بتقديمها إلى الشعب الفلسطيني لتلبية احتياجاته الملحة؛</p>
        </content>
      </paragraph>
      <paragraph eId="para_46" class="SingleTxt">
        <content eId="para_46__content">
          <p xml:space="preserve">	15 -	<span class="bold italic">تؤكد</span>، في هذا السياق، أهمية كفالة حرية مرور المساعدة الإنسانية إلى الشعب الفلسطيني وحرية حركة الأشخاص والسلع؛</p>
        </content>
      </paragraph>
      <paragraph eId="para_47" class="SingleTxt">
        <content eId="para_47__content">
          <p xml:space="preserve">	16 -	<span class="bold italic">تؤكد أيضا</span> ضرورة تنفيذ كلا الطرفين بالكامل للاتفاقات القائمة، بما فيها اتفاق التنقل والعبور والمبادئ المتفق عليها فيما يتعلق بمعبر رفح، المبرم في 15 تشرين الثاني/نوفمبر 2005، للسماح بحرِّية التنقل للسكان المدنيين الفلسطينيين وللواردات والصادرات داخل قطاع غزة ومنه وإليه؛</p>
        </content>
      </paragraph>
      <paragraph eId="para_48" class="SingleTxt">
        <content eId="para_48__content">
          <p xml:space="preserve">	17 -	<span class="bold italic">تؤكد كذلك</span> ضـرورة ضمان أمن وسلامة العاملين في مجال تقديم المساعدة الإنسانية وأماكن العمل والمرافق والمعدات والمركبات والإمدادات المستخدمة في تقديم المساعدة الإنسانية وضرورة كفالة وصول العاملين في مجال تقديم المساعدة الإنسانية بشكل آمن ودون عوائق إلى مقاصدهم وإيصال الإمدادات والمعدات، لتمكينهم من أداء مهامهم بكفاءة في مساعدة السكان المدنيين المتضررين؛</p>
        </content>
      </paragraph>
      <paragraph eId="para_49" class="SingleTxt">
        <content eId="para_49__content">
          <p xml:space="preserve">	18 -	<span class="bold italic">تحث</span> الجهات المانحة الدولية ووكالات الأمم المتحدة ومؤسساتها والمنظمات غير الحكومية على أن تقدم إلى الشعب الفلسطيني بأسرع ما يمكن مساعدة اقتصادية ومساعدة إنسانية عاجلتين، وبخاصة في قطاع غزة، للتصدي لأثر الأزمة الحالية؛</p>
        </content>
      </paragraph>
      <paragraph eId="para_50" class="SingleTxt">
        <content eId="para_50__content">
          <p xml:space="preserve">	19 -	<span class="bold italic">تؤكد</span> ضـرورة مواصلة تنفيذ بروتوكول باريس بشأن العلاقات الاقتصادية المؤرخ 29 نيسان/أبريل 1994 الوارد في المرفق الخامس للاتفاق الإسرائيلي - الفلسطيني المؤقت بشأن الضفة الغربية وقطاع غزة الموقع في واشنطن العاصمة في 28 أيلول/سبتمبر 1995<sup>(</sup><authorialNote marker="6" placement="bottom" eId="authorialNote_6"><p xml:space="preserve">	()	<a href="https://undocs.org/ar/A/51/889">A/51/889-S/1997/357</a>، المرفق.</p></authorialNote><sup>)</sup>، بما في ذلك ما يتعلق بالتحويل الكامل والفوري والمنتظم لإيرادات الضرائب غير المباشرة المستحقة للفلسطينيين؛</p>
        </content>
      </paragraph>
      <paragraph eId="para_51" class="SingleTxt">
        <content eId="para_51__content">
          <p xml:space="preserve">	20 -	<span class="bold italic">تطلب</span> إلى الأمين العام أن يقدم إلى الجمعية العامة في دورتها الخامسة والسبعين، عن طريق المجلس الاقتصادي والاجتماعي، تقريراً عن تنفيذ هذا القرار يرد فيه:</p>
        </content>
      </paragraph>
      <paragraph eId="para_52" class="SingleTxt">
        <content eId="para_52__content">
          <p xml:space="preserve">	(أ)	تقييم للمساعدة التي تلقاها الشعب الفلسطيني فعلياً؛</p>
        </content>
      </paragraph>
      <paragraph eId="para_53" class="SingleTxt">
        <content eId="para_53__content">
          <p xml:space="preserve">	(ب)	تقييم للاحتياجات التي لم تُلب بعد والمقترحات المحددة لتلبيتها على نحو فعال؛</p>
        </content>
      </paragraph>
      <paragraph eId="para_54" class="SingleTxt">
        <content eId="para_54__content">
          <p xml:space="preserve">	21 -	<span class="bold italic">تقرر</span> أن تدرج في جدول الأعمال المؤقت لدورتها الخامسة والسبعين البند الفرعي المعنون ”تقديم المساعدة إلى الشعب الفلسطيني“ في إطار البند المعنون ”تعزيز تنسيق المساعدة الإنسانية والمساعدة الغوثية التي تقدمها الأمم المتحدة في حالات الكوارث، بما في ذلك المساعدة الاقتصادية الخاصة“.</p>
        </content>
      </paragraph>
    </mainBody>
    <conclusions eId="conclusions">
      <p>
        <inline name="adoptionMeeting" title="49">الجلسة العامة 49</inline>
        <eol />
        <docDate date="2019-12-16" refersTo="#adoptionDate">16 كانون الأول/ديسمبر 2019</docDate>
      </p>
    </conclusions>
  </statement>
</akomaNtoso>