<akomaNtoso xmlns:xsi="http://www.w3.org/2001/XMLSchema-instance" xsi:schemaLocation="http://docs.oasis-open.org/legaldocml/ns/akn/3.0 http://docs.oasis-open.org/legaldocml/akn-core/v1.0/os/part2-specs/schemas/akomantoso30.xsd" xmlns="http://docs.oasis-open.org/legaldocml/ns/akn/3.0" xmlns:html="http://www.w3.org/1999/xhtml" xmlns:akn4un="http://un.org/akn4un">
  <statement name="resolution">
    <meta>
      <identification source="#DGACM">
        <FRBRWork>
          <FRBRthis value="/akn/un/statement/deliberation/unga/2019-12-18/74-129/!main/"></FRBRthis>
          <FRBRuri value="/akn/un/statement/deliberation/unga/2019-12-18/74-129/"></FRBRuri>
          <FRBRdate date="2019-12-18" name="adoption"></FRBRdate>
          <FRBRauthor href="ga" as="author"></FRBRauthor>
          <FRBRcountry value="un"></FRBRcountry>
        </FRBRWork>
        <FRBRExpression>
          <FRBRthis value="/akn/un/statement/deliberation/unga/2019-12-18/74-129/ara@!main/"></FRBRthis>
          <FRBRuri value="/akn/un/statement/deliberation/unga/2019-12-18/74-129/ara@/"></FRBRuri>
          <FRBRdate date="2020-01-08" name="publication"></FRBRdate>
          <FRBRauthor href="ga" as="issuer"></FRBRauthor>
          <FRBRlanguage language="ara"></FRBRlanguage>
        </FRBRExpression>
        <FRBRManifestation>
          <FRBRthis value="/akn/un/statement/deliberation/unga/2019-12-18/74-129/ara@/!main.xml"></FRBRthis>
          <FRBRuri value="/akn/un/statement/deliberation/unga/2019-12-18/74-129/ara@.xml"></FRBRuri>
          <FRBRdate date="2020-09-02" name="markup"></FRBRdate>
          <FRBRauthor href="DGACM" as="editor"></FRBRauthor>
        </FRBRManifestation>
      </identification>
      <workflow source="#un">
        <step date="2019-11-01" outcome="draftResolution" as="A/C.3/74/L.57" by="Burkina Faso, Iceland, Mali and Malta" />
        <step date="0001-01-01" outcome="draftResolutionAdditionalSponsors" by="Democratic Republic of the Congo, Equatorial Guinea, Lesotho, Morocco and Venezuela (Bolivarian Republic of)" />
        <step date="0001-01-01" outcome="recommendedForAdoption" as="A/74/393" by="" refersTo="19" />
        <step date="2019-12-18" outcome="adopted" as="A/74/PV.50" by="" />
      </workflow>
      <analysis source="#un">
        <parliamentary>
          <voting outcome="adoptedWithoutVote">
            <quorum value=""></quorum>
          </voting>
        </parliamentary>
      </analysis>
      <references source="#DGACM">
        <TLCOrganization eId="source" href="/akn/ontology/organization/un/DGACM" showAs="DGACM"></TLCOrganization>
        <TLCConcept eId="dateOfIssuance" href="/akn/ontology/concept/un/dateOfIssuance" showAs="Date of issuance"></TLCConcept>
        <TLCConcept eId="dateOfAdoption" href="/akn/ontology/concept/un/dateOfAdoption" showAs="Date of adoption"></TLCConcept>
        <TLCConcept eId="symbol" href="/akn/ontology/reference/un/symbol" showAs="Symbol"></TLCConcept>
        <TLCRole eId="publisher" href="/akn/ontology/role/un/publisher" showAs="Publisher"></TLCRole>
        <TLCRole eId="issuingBody" href="/akn/role/concept/un/issuingBody" showAs="Issuing body"></TLCRole>
        <TLCRole eId="author" href="/akn/ontology/role/un/author" showAs="Author"></TLCRole>
        <TLCRole eId="editor" href="/akn/ontology/role/un/editor" showAs="Editor"></TLCRole>
        <TLCRole eId="distribution" href="/akn/ontology/concept/un/generalDistribution" showAs="General distribution"></TLCRole>
        <TLCOrganization eId="ga" href="/akn/ontology/organization/un/generalAssembly" showAs="General Assembly"></TLCOrganization>
        <TLCTerm eId="resolutionTitle" href="/akn/ontology/reference/un/resolutionTitle" showAs="Resolution title"></TLCTerm>
        <TLCTerm eId="thirdCommittee" href="#thirdCommittee" showAs="اللجنة الثالثة"></TLCTerm>
        <TLCTerm eId="memberState" href="/akn/ontology/organization/un/memberState" showAs="Member State"></TLCTerm>
        <TLCTerm eId="inFavour" href="/akn/ontology/concept/un/voting/inFavour" showAs="In favour"></TLCTerm>
        <TLCTerm eId="against" href="/akn/ontology/concept/un/voting/against" showAs="Against"></TLCTerm>
        <TLCTerm eId="abstaining" href="/akn/ontology/concept/un/voting/abstaining" showAs="Abstaining"></TLCTerm>
      </references>
      <presentation source="#un">
        <akn4un:footerFirstPage>
          <akn4un:footerFirstPageLeft>
            <akn4un:internalCode>
              <docketNumber refersTo="#publicationJobNumber">19-22224 (A)</docketNumber>
              <img alt="bar code" class="barCode" src=""></img>
            </akn4un:internalCode>
          </akn4un:footerFirstPageLeft>
          <akn4un:footerFirstPageRight>
            <img alt="Please recycle" class="image" src="./recylcleLogo.jpg"></img>
            <img alt="embedded QR code" class="qrCode" src=""></img>
          </akn4un:footerFirstPageRight>
        </akn4un:footerFirstPage>
      </presentation>
    </meta>
    <coverPage eId="coverPage_1">
      <p>
        <span refersTo="#publisher" class="upperLeft">
          <docAuthority refersTo="#publisher">الأمــم المتحـدة</docAuthority>
        </span>
      </p>
      <p class="upperRight">
        <docNumber refersTo="#symbol">A/RES/74/129</docNumber>
      </p>
      <p class="upperLeft">
        <img src="logo-un.jpg"></img>
        <docAuthority refersTo="#issuingBody" class="rightBig">الجمعية العامة</docAuthority>
      </p>
      <p>
        <docStatus refersTo="#generalDistribution" class="rightSmall">Distr.: General</docStatus>
      </p>
      <p>
        <docDate date="2020-01-08" class="rightSmall" refersTo="#dateOfIssuance">8 January 2020</docDate>
      </p>
      <p>
        <session refersTo="#generalAssembly" value="74" eId="coverPage_1__session_1">الدورة الرابعة والسبعون</session>
      </p>
      <p>
        <inline name="agenda item">البند 61 من جدول الأعمال</inline>
      </p>
      <p>
        <inline name="agenda item name">تقرير مفوض الأمم المتحدة السامي لشؤون اللاجئين، والمسائل المتصلة باللاجئين والعائدين والمشردين، والمسائل الإنسانية</inline>
      </p>
      <p>
        <docTitle>قرار اتخذته الجمعية العامة في 18 كانون الأول/ديسمبر 2019</docTitle>
      </p>
      <p xml:space="preserve">
        <docProponent refersTo="#thirdCommittee">[بناء على تقرير اللجنة الثالثة (<inline name="originating document">A/74/393</inline>)]</docProponent>
      </p>
    </coverPage>
    <preface>
      <p>
        <docNumber>74/129.</docNumber>
        <docTitle refersTo="#resolutionTitle">-	توسيع عضوية اللجنة التنفيذية لبرنامج مفوض الأمم المتحدة السامي لشؤون اللاجئين</docTitle>
      </p>
    </preface>
    <preamble>
      <formula name="enactingFormula" eId="formula_1">
        <p xml:space="preserve">
          <span class="bold italic">إن الجمعية العامة</span>،</p>
      </formula>
      <container name="إذ تحيط علما" eId="container_2">
        <p xml:space="preserve">
          <span class="bold italic">إذ تحيط علما</span> بمقررَي المجلس الاقتصادي والاجتماعي <a href="https://undocs.org/ar/E/RES/2019/248">2019</a><a href="https://undocs.org/ar/E/RES/2019/248">/</a><a href="https://undocs.org/ar/E/RES/2019/248">248</a> المؤرخ 23 تموز/ يوليه 2019 و <a href="https://undocs.org/ar/E/RES/2020/204">2020</a><a href="https://undocs.org/ar/E/RES/2020/204">/</a><a href="https://undocs.org/ar/E/RES/2020/204">204</a> المؤرخ 15 تشرين الأول/أكتوبر 2019 بشأن توسيع عضوية اللجنة التنفيذية لبرنامج مفوض الأمم المتحدة السامي لشؤون اللاجئين،</p>
      </container>
      <container name="وإذ تحيط علما أيضا" eId="container_3">
        <p xml:space="preserve">
          <span class="bold italic">وإذ تحيط علما أيضا</span> بالطلبات المتعلقة بتوسيع عضوية اللجنة التنفيذية الواردة في المذكرة الشفوية المؤرخة 3 حزيران/يونيه 2019 والموجهة إلى الأمين العام من البعثة الدائمة لبوركينا فاسو لدى الأمم المتحدة<sup>(</sup><authorialNote marker="1" placement="bottom" eId="authorialNote_1"><p xml:space="preserve">	()	<a href="https://undocs.org/ar/E/2019/82">E/2019/82</a>.</p></authorialNote><sup>)</sup>، والمذكرة الشفوية المؤرخة 13 أيار/مايو 2019 والموجهة إلى الأمين العام من البعثة الدائمة لآيسلندا لدى الأمم المتحدة<sup>(</sup><authorialNote marker="2" placement="bottom" eId="authorialNote_2"><p xml:space="preserve">	()	<a href="https://undocs.org/ar/E/2019/77">E/2019/77</a>.</p></authorialNote><sup>)</sup>، والمذكرة الشفوية المؤرخة 26 تموز/يوليه 2019 والموجهة إلى الأمين العام من البعثة الدائمة لمالي لدى الأمم المتحدة<sup>(</sup><authorialNote marker="3" placement="bottom" eId="authorialNote_3"><p xml:space="preserve">	()	<a href="https://undocs.org/ar/E/2020/3">E/2020/3</a>.</p></authorialNote><sup>)</sup>، والمذكرة الشفوية المؤرخة 8 تشرين الثاني/نوفمبر 2018 والموجهة إلى الأمين العام من البعثة الدائمة لمالطة لدى الأمم المتحدة<sup>(</sup><authorialNote marker="4" placement="bottom" eId="authorialNote_4"><p xml:space="preserve">	()	<a href="https://undocs.org/ar/E/2019/5">E/2019/5</a>.</p></authorialNote><sup>)</sup>،</p>
      </container>
    </preamble>
    <mainBody>
      <paragraph eId="para_4" class="SingleTxt">
        <content eId="para_4__content">
          <p xml:space="preserve">	1 -	<span class="bold italic">تقرر</span> زيادة عدد أعضاء اللجنة التنفيذية لبرنامج مفوض الأمم المتحدة السامي لشؤون اللاجئين من 102 دولة إلى 106 دول؛</p>
        </content>
      </paragraph>
      <paragraph eId="para_5" class="SingleTxt">
        <content eId="para_5__content">
          <p xml:space="preserve">	2 -	<span class="bold italic">تطلب</span> إلى المجلس الاقتصادي والاجتماعي أن ينتخب الأعضاء الإضافيين في اجتماع يُعقد في إطار الجزء المتعلق بالإدارة من دورته لعام 2020.</p>
        </content>
      </paragraph>
    </mainBody>
    <conclusions eId="conclusions">
      <p>
        <inline name="adoptionMeeting" title="50">الجلسة العامة 50</inline>
        <eol />
        <docDate date="2019-12-18" refersTo="#adoptionDate">18 كانون الأول/ديسمبر 2019</docDate>
      </p>
    </conclusions>
  </statement>
</akomaNtoso>