<akomaNtoso xmlns:xsi="http://www.w3.org/2001/XMLSchema-instance" xsi:schemaLocation="http://docs.oasis-open.org/legaldocml/ns/akn/3.0 http://docs.oasis-open.org/legaldocml/akn-core/v1.0/os/part2-specs/schemas/akomantoso30.xsd" xmlns="http://docs.oasis-open.org/legaldocml/ns/akn/3.0" xmlns:html="http://www.w3.org/1999/xhtml" xmlns:akn4un="http://un.org/akn4un">
  <statement name="resolution">
    <meta>
      <identification source="#DGACM">
        <FRBRWork>
          <FRBRthis value="/akn/un/statement/deliberation/unga/2019-12-13/74-101/!main/"></FRBRthis>
          <FRBRuri value="/akn/un/statement/deliberation/unga/2019-12-13/74-101/"></FRBRuri>
          <FRBRdate date="2019-12-13" name="adoption"></FRBRdate>
          <FRBRauthor href="ga" as="author"></FRBRauthor>
          <FRBRcountry value="un"></FRBRcountry>
        </FRBRWork>
        <FRBRExpression>
          <FRBRthis value="/akn/un/statement/deliberation/unga/2019-12-13/74-101/ara@!main/"></FRBRthis>
          <FRBRuri value="/akn/un/statement/deliberation/unga/2019-12-13/74-101/ara@/"></FRBRuri>
          <FRBRdate date="2019-12-27" name="publication"></FRBRdate>
          <FRBRauthor href="ga" as="issuer"></FRBRauthor>
          <FRBRlanguage language="ara"></FRBRlanguage>
        </FRBRExpression>
        <FRBRManifestation>
          <FRBRthis value="/akn/un/statement/deliberation/unga/2019-12-13/74-101/ara@/!main.xml"></FRBRthis>
          <FRBRuri value="/akn/un/statement/deliberation/unga/2019-12-13/74-101/ara@.xml"></FRBRuri>
          <FRBRdate date="2020-09-02" name="markup"></FRBRdate>
          <FRBRauthor href="DGACM" as="editor"></FRBRauthor>
        </FRBRManifestation>
      </identification>
      <classification source="http://metadata.un.org/sdg">
        <keyword value="14" href="http://metadata.un.org/sdg/14" showAs="sdg_14" dictionary="SDGO"></keyword>
        <keyword value="marine_life" href="http://eurovoc.europa.eu/3149" showAs="marine_life" dictionary="EuroVoc"></keyword>
        <keyword value="marine_environment" href="http://eurovoc.europa.eu/5742" showAs="marine_environment" dictionary="EuroVoc"></keyword>
        <keyword value="ocean" href="http://eurovoc.europa.eu/2107" showAs="ocean" dictionary="EuroVoc"></keyword>
        <keyword value="sea" href="http://eurovoc.europa.eu/1870" showAs="sea" dictionary="EuroVoc"></keyword>
        <keyword value="marine_resources" href="http://metadata.un.org/thesaurus/030800" showAs="marine_resources" dictionary="UNBIS Thesaurus"></keyword>
        <keyword value="marine_resources" href="http://metadata.un.org/thesaurus/1003922" showAs="marine_resources" dictionary="UNBIS Thesaurus"></keyword>
        <keyword value="oceans_and_seas" href="http://metadata.un.org/thesaurus/170600" showAs="oceans_and_seas" dictionary="UNBIS Thesaurus"></keyword>
      </classification>
      <classification source="http://metadata.un.org/sdg">
        <keyword value="16" href="http://metadata.un.org/sdg/16" showAs="sdg_16" dictionary="SDGO"></keyword>
        <keyword value="right_to_justice" href="http://eurovoc.europa.eu/516" showAs="right_to_justice" dictionary="EuroVoc"></keyword>
        <keyword value="sustainable_development" href="http://eurovoc.europa.eu/5585" showAs="sustainable_development" dictionary="EuroVoc"></keyword>
        <keyword value="civil_society" href="http://metadata.un.org/thesaurus/1001012" showAs="civil_society" dictionary="UNBIS Thesaurus"></keyword>
        <keyword value="justice" href="http://metadata.un.org/thesaurus/1003500" showAs="justice" dictionary="UNBIS Thesaurus"></keyword>
        <keyword value="peaceful_coexistence" href="http://metadata.un.org/thesaurus/1004777" showAs="peaceful_coexistence" dictionary="UNBIS Thesaurus"></keyword>
        <keyword value="public_institutions" href="http://metadata.un.org/thesaurus/1005254" showAs="public_institutions" dictionary="UNBIS Thesaurus"></keyword>
        <keyword value="social_justice" href="http://metadata.un.org/thesaurus/1005970" showAs="social_justice" dictionary="UNBIS Thesaurus"></keyword>
        <keyword value="sustainable_development" href="http://metadata.un.org/thesaurus/1006319" showAs="sustainable_development" dictionary="UNBIS Thesaurus"></keyword>
      </classification>
      <classification source="http://metadata.un.org/sdg">
        <keyword value="6" href="http://metadata.un.org/sdg/6" showAs="sdg_6" dictionary="SDGO"></keyword>
        <keyword value="water" href="http://eurovoc.europa.eu/597" showAs="water" dictionary="EuroVoc"></keyword>
        <keyword value="public_hygiene" href="http://eurovoc.europa.eu/3371" showAs="public_hygiene" dictionary="EuroVoc"></keyword>
        <keyword value="use_of_water" href="http://eurovoc.europa.eu/4628" showAs="use_of_water" dictionary="EuroVoc"></keyword>
        <keyword value="water" href="http://metadata.un.org/thesaurus/030500" showAs="water" dictionary="UNBIS Thesaurus"></keyword>
        <keyword value="sanitation" href="http://metadata.un.org/thesaurus/1005701" showAs="sanitation" dictionary="UNBIS Thesaurus"></keyword>
        <keyword value="water_management" href="http://metadata.un.org/thesaurus/1006948" showAs="water_management" dictionary="UNBIS Thesaurus"></keyword>
      </classification>
      <classification source="http://metadata.un.org/sdg">
        <keyword value="17" href="http://metadata.un.org/sdg/17" showAs="sdg_17" dictionary="SDGO"></keyword>
        <keyword value="sustainable_development" href="http://eurovoc.europa.eu/5585" showAs="sustainable_development" dictionary="EuroVoc"></keyword>
        <keyword value="partnership" href="http://eurovoc.europa.eu/4199" showAs="partnership" dictionary="EuroVoc"></keyword>
        <keyword value="sustainable_development" href="http://metadata.un.org/thesaurus/1006319" showAs="sustainable_development" dictionary="UNBIS Thesaurus"></keyword>
        <keyword value="partnership" href="http://metadata.un.org/thesaurus/1004748" showAs="partnership" dictionary="UNBIS Thesaurus"></keyword>
      </classification>
      <workflow source="#un">
        <step date="0001-01-01" outcome="draftResolution" by="submitted by the Special Committee on the Situation with regard to the Implementation of the Declaration on the Granting of Independence to Colonial Countries and Peoples" />
        <step date="0001-01-01" outcome="draftResolutionAdditionalSponsors" by="" />
        <step date="0001-01-01" outcome="recommendedForAdoption" as="A/74/418" by="" refersTo="39" />
        <step date="2019-12-13" outcome="adopted" as="A/74/PV.47" by="" />
      </workflow>
      <analysis source="#un">
        <parliamentary>
          <voting outcome="adoptedWithoutVote">
            <quorum value=""></quorum>
          </voting>
        </parliamentary>
      </analysis>
      <references source="#DGACM">
        <TLCOrganization eId="source" href="/akn/ontology/organization/un/DGACM" showAs="DGACM"></TLCOrganization>
        <TLCConcept eId="dateOfIssuance" href="/akn/ontology/concept/un/dateOfIssuance" showAs="Date of issuance"></TLCConcept>
        <TLCConcept eId="dateOfAdoption" href="/akn/ontology/concept/un/dateOfAdoption" showAs="Date of adoption"></TLCConcept>
        <TLCConcept eId="symbol" href="/akn/ontology/reference/un/symbol" showAs="Symbol"></TLCConcept>
        <TLCRole eId="publisher" href="/akn/ontology/role/un/publisher" showAs="Publisher"></TLCRole>
        <TLCRole eId="issuingBody" href="/akn/role/concept/un/issuingBody" showAs="Issuing body"></TLCRole>
        <TLCRole eId="author" href="/akn/ontology/role/un/author" showAs="Author"></TLCRole>
        <TLCRole eId="editor" href="/akn/ontology/role/un/editor" showAs="Editor"></TLCRole>
        <TLCRole eId="distribution" href="/akn/ontology/concept/un/generalDistribution" showAs="General distribution"></TLCRole>
        <TLCOrganization eId="ga" href="/akn/ontology/organization/un/generalAssembly" showAs="General Assembly"></TLCOrganization>
        <TLCTerm eId="resolutionTitle" href="/akn/ontology/reference/un/resolutionTitle" showAs="Resolution title"></TLCTerm>
        <TLCTerm eId="fourthCommittee" href="#fourthCommittee" showAs="لجنة المسائل السياسية الخاصة وإنهاء الاستعمار"></TLCTerm>
        <TLCTerm eId="memberState" href="/akn/ontology/organization/un/memberState" showAs="Member State"></TLCTerm>
        <TLCTerm eId="inFavour" href="/akn/ontology/concept/un/voting/inFavour" showAs="In favour"></TLCTerm>
        <TLCTerm eId="against" href="/akn/ontology/concept/un/voting/against" showAs="Against"></TLCTerm>
        <TLCTerm eId="abstaining" href="/akn/ontology/concept/un/voting/abstaining" showAs="Abstaining"></TLCTerm>
      </references>
      <presentation source="#un">
        <akn4un:footerFirstPage>
          <akn4un:footerFirstPageLeft>
            <akn4un:internalCode>
              <docketNumber refersTo="#publicationJobNumber">19-21918 (A)</docketNumber>
              <img alt="bar code" class="barCode" src=""></img>
            </akn4un:internalCode>
          </akn4un:footerFirstPageLeft>
          <akn4un:footerFirstPageRight>
            <img alt="Please recycle" class="image" src="./recylcleLogo.jpg"></img>
            <img alt="embedded QR code" class="qrCode" src=""></img>
          </akn4un:footerFirstPageRight>
        </akn4un:footerFirstPage>
      </presentation>
    </meta>
    <coverPage eId="coverPage_1">
      <p>
        <span refersTo="#publisher" class="upperLeft">
          <docAuthority refersTo="#publisher">الأمــم المتحـدة</docAuthority>
        </span>
      </p>
      <p class="upperRight">
        <docNumber refersTo="#symbol">A/RES/74/101</docNumber>
      </p>
      <p class="upperLeft">
        <img src="logo-un.jpg"></img>
        <docAuthority refersTo="#issuingBody" class="rightBig">الجمعية العامة</docAuthority>
      </p>
      <p>
        <docStatus refersTo="#generalDistribution" class="rightSmall">Distr.: General</docStatus>
      </p>
      <p>
        <docDate date="2019-12-27" class="rightSmall" refersTo="#dateOfIssuance">27 December 2019</docDate>
      </p>
      <p>
        <session refersTo="#generalAssembly" value="74" eId="coverPage_1__session_1">الدورة الرابعة والسبعون</session>
      </p>
      <p>
        <inline name="agenda item">البند 59 من جدول الأعمال</inline>
      </p>
      <p>
        <inline name="agenda item name">تنفيذ إعلان منح الاستقلال للبلدان والشعوب المستعمرة</inline>
      </p>
      <p>
        <docTitle>قرار اتخذته الجمعية العامة في 13 كانون الأول/ديسمبر 2019</docTitle>
      </p>
      <p xml:space="preserve">
        <docProponent refersTo="#fourthCommittee">[بناء على تقرير لجنة المسائل السياسية الخاصة وإنهاء الاستعمار (اللجنة الرابعة) (<inline name="originating document">A/74/418</inline>)]</docProponent>
      </p>
    </coverPage>
    <preface>
      <p>
        <docNumber>74/101.</docNumber>
        <docTitle refersTo="#resolutionTitle">-	مسألة جزر فرجن البريطانية</docTitle>
      </p>
    </preface>
    <preamble>
      <formula name="enactingFormula" eId="formula_1">
        <p xml:space="preserve">
          <span class="bold italic">إن الجمعية العامة</span>،</p>
      </formula>
      <container name="وقد نظرت" eId="container_2">
          <p xml:space="preserve">
            <span class="bold italic">وقد نظرت</span> في مسألة جزر فرجن البريطانية، ودرست الفصل ذا الصلة من تقرير اللجنة الخاصة المعنية بحالة تنفيذ إعلان منح الاستقلال للبلدان والشعوب المستعمرة لعام 2019<sup>(</sup><authorialNote marker="1" placement="bottom" eId="authorialNote_1"><p xml:space="preserve">	()	<span class="italic">الوثائق الرسمية للجمعية العامة، الدورة الرابعة والسبعون، الملحق رقم 23 </span>(<a href="https://undocs.org/ar/A/74/23">A/74/23</a>)، الفصل العاشر.</p></authorialNote><sup>)</sup>،</p>
      </container>
      <container name="وإذ تحيط علما" eId="container_3">
        <p xml:space="preserve">
          <span class="bold italic">وإذ تحيط علما</span> بورقة العمل التي أعدتها الأمانة العامة بشأن جزر فرجن البريطانية<sup>(</sup><authorialNote marker="2" placement="bottom" eId="authorialNote_2"><p xml:space="preserve">	()	<a href="https://undocs.org/ar/A/AC.109/2019/4">A/AC.109/2019/4</a>.</p></authorialNote><sup>)</sup> والمعلومات الأخرى ذات الصلة،</p>
      </container>
      <container name="وإذ تسلم" eId="container_4">
          <p xml:space="preserve">
            <span class="bold italic">وإذ تسلم </span>بأن جميع الخيارات المتاحة لتقرير مصير الإقليم خيارات سليمة ما دامت تتفق مع الرغبات التي يعرب عنها شعب جزر فرجن البريطانية بحرية، وتتوافق مع المبادئ المحددة بوضوح الواردة في قراري الجمعية العامة 1514 (د-15) المؤرخ 14 كانون الأول/ديسمبر 1960 و 1541 (د-15) المؤرخ 15 كانون الأول/ديسمبر 1960 وغيرهما من قرارات الجمعية،</p>
      </container>
      <container name="وإذ تعرب عن القلق" eId="container_5">
        <p xml:space="preserve">
          <span class="bold italic">وإذ تعرب عن القلق</span> لأن 17 إقليما، بما في ذلك جزر فرجن البريطانية، ما زالت غير متمتعة بالحكم الذاتي رغم مرور 59 عاما على اعتماد إعلان منح الاستقلال للبلدان والشعوب المستعمرة<sup>(</sup><authorialNote marker="3" placement="bottom" eId="authorialNote_3"><p xml:space="preserve">	()	القرار 1514 (د-15).</p></authorialNote><sup>)</sup>،</p>
      </container>
      <container name="وإدراكا منها" eId="container_6">
          <p xml:space="preserve">
            <span class="bold italic">وإدراكا منها</span> لأهمية مواصلة تنفيذ الإعلان تنفيذا فعالا، مع مراعاة هدف القضاء على الاستعمار بحلول عام 2020 الذي حددته الأمم المتحدة، وخطتي عمل العقدين الدوليين الثاني<sup>(</sup><authorialNote marker="4" placement="bottom" eId="authorialNote_4"><p xml:space="preserve">	()	<a href="https://undocs.org/ar/A/56/61">A/56/61</a>، المرفق.</p></authorialNote><sup>)</sup> والثالث للقضاء على الاستعمار،</p>
      </container>
      <container name="وإذ تقر" eId="container_7">
          <p xml:space="preserve">
            <span class="bold italic">وإذ تقر</span> بأن الخصائص المميزة لشعب جزر فرجن البريطانية وتطلعاته تستلزم اتباع نُهج مرنة وعملية ومبتكرة حيال خيارات تقرير المصير، دون أي مساس بحجم الإقليم أو موقعه الجغرافي أو عدد سكانه أو موارده الطبيعية،</p>
      </container>
      <container name="واقتناعا منها" eId="container_8">
        <p xml:space="preserve">
          <span class="bold italic">واقتناعا منها</span> بضرورة أن تظل رغبات شعب الإقليم وتطلعاته الأساس الذي يُسترشد به في تطور مركزه السياسي في المستقبل، وبأهمية الدور الذي تؤديه عمليات الاستفتاء والانتخابات الحرة والنزيهة وغيرها من أشكال الاستطلاع الشعبي في التحقق من رغبات الشعب وتطلعاته،</p>
      </container>
      <container name="وإذ يساورها القلق" eId="container_9">
        <p xml:space="preserve">
          <span class="bold italic">وإذ يساورها القلق</span> إزاء استخدام واستغلال الموارد الطبيعية للأقاليم غير المتمتعة بالحكم الذاتي من جانب الدول القائمة بالإدارة لصالحها، وإزاء استخدام الأقاليم باعتبارها مراكز مالية دولية على حساب الاقتصاد العالمي، وإزاء الآثار المترتبة على أي أنشطة اقتصادية تضطلع بها الدول القائمة بالإدارة على نحو يتعارض مع مصالح شعوب الأقاليم، وكذلك مع القرار 1514 (د-15)،</p>
      </container>
      <container name="واقتناعا منها " eId="container_10">
        <p xml:space="preserve">
          <span class="bold italic">واقتناعا منها </span>بأن أي مفاوضات لتحديد مركز الإقليم لا بد أن ينخرط ويشارك فيها شعب الإقليم بهمة، تحت رعاية الأمم المتحدة على أساس كل حالة على حدة، وبضرورة التحقق من آراء شعب جزر فرجن البريطانية فيما يتعلق بحقه في تقرير المصير،</p>
      </container>
      <container name="وإذ تلاحظ" eId="container_11">
        <p xml:space="preserve">
          <span class="bold italic">وإذ تلاحظ</span> التعاون الذي تُواصل الأقاليم غير المتمتعة بالحكم الذاتي إبداءه على الصعيدين المحلي والإقليمي، بما في ذلك مشاركتها في أعمال المنظمات الإقليمية،</p>
      </container>
      <container name="وإذ تضع في اعتبارها" eId="container_12">
        <p xml:space="preserve">
          <span class="bold italic">وإذ تضع في اعتبارها</span> أن من المهم للجنة الخاصة، كي تتمكن من تعزيز فهمها للمركز السياسي لشعب جزر فرجن البريطانية ومن الاضطلاع بولايتها بشكل فعال، أن تطلع عن طريق المملكة المتحدة لبريطانيا العظمى وأيرلندا الشمالية، بوصفها الدولة القائمة بالإدارة، على رغبات شعب هذا الإقليم وتطلعاته، وأن تتلقى معلومات في هذا الشأن من مصادر مناسبة أخرى، منها ممثلو الإقليم،</p>
      </container>
      <container name="وإذ تعي" eId="container_13">
          <p xml:space="preserve">
            <span class="bold italic">وإذ تعي</span> الأهمية التي تشكلها مشاركة ممثلي جزر فرجن البريطانية المنتخبين والمعينين في أعمال اللجنة لجزر فرجن البريطانية وللجنة الخاصة على حد سواء،</p>
      </container>
      <container name="وإذ تسلم" eId="container_14">
          <p xml:space="preserve">
            <span class="bold italic">	وإذ تسلم</span> بضرورة أن تكفل اللجنة الخاصة قيام هيئات الأمم المتحدة المعنية على نحو نشط بحملة للتوعية العامة تستهدف مساعدة شعب جزر فرجن البريطانية في إعمال حقه غير القابل للتصرف في تقرير المصير وفي فهم خيارات تقرير المصير فهماً أفضل، على أساس كل حالة على حدة،</p>
      </container>
      <container name="وإذ تضع في اعتبارها" eId="container_15">
        <p xml:space="preserve">
          <span class="bold italic">وإذ تضع في اعتبارها</span>، في ذلك الخصوص، أن عقد حلقات دراسية إقليمية في منطقتي البحر الكاريبي والمحيط الهادئ وفي مقر الأمم المتحدة بمشاركة نشطة من ممثلي الأقاليم غير المتمتعة بالحكم الذاتي يساعد اللجنة الخاصة على الاضطلاع بولايتها، وأن الطابع الإقليمي لهذه الحلقات الدراسية التي تعقد بالتناوب بين منطقتي البحر الكاريبي والمحيط الهادئ يشكل عنصرا بالغ الأهمية في إطار برنامج تضطلع به الأمم المتحدة يرمي إلى التحقق من المركز السياسي للأقاليم،</p>
      </container>
      <container name="وإذ ترحب" eId="container_16">
        <p xml:space="preserve">
          <span class="bold italic">وإذ ترحب</span> بالحلقة الدراسية الإقليمية لمنطقة البحر الكاريبي بشأن موضوع ”تنفيذ العقد الدولي الثالث للقضاء على الاستعمار: تسريع عملية إنهاء الاستعمار عن طريق تجديد الالتزام واتخاذ تدابير واقعية“، في غراند آنسي، غرينادا، والتي استضافَتْها حكومة غرينادا في الفترة من 2 إلى 4 أيار/مايو 2019، بوصفها حدثا هاما واستشرافيا أتاح للمشاركين فيه تقييم التقدم المحرز في عملية إنهاء الاستعمار، ومعالجة التحديات التي تواجه العملية، واستعراض أساليب العمل التي تتبعها اللجنة حاليا، وتجديد التزامها بتنفيذ مهمتها التاريخية،</p>
      </container>
      <container name="وإذ تقر" eId="container_17">
          <p xml:space="preserve">
            <span class="bold italic">وإذ تقر</span> بأهمية الاستنتاجات والتوصيات التي اعتمدتها الحلقة الدراسية المرفقة بتقرير اللجنة الخاصة<sup>(</sup><authorialNote marker="5" placement="bottom" eId="authorialNote_5"><p xml:space="preserve">	()	الوثائق الرسمية للجمعية العامة، الدورة الرابعة والسبعون، الملحق رقم 23 (<a href="https://undocs.org/ar/A/74/23">A/74/23</a>).</p></authorialNote><sup>)</sup> والتي تبين النتائج التي تمخضت عنها الحلقة، ومنها على وجه الخصوص سبل المضي قدما بعملية إنهاء الاستعمار في سياق إعلان الجمعية العامة الفترة 2011-2020 العقد الدولي الثالث للقضاء على الاستعمار<sup>(</sup><authorialNote marker="6" placement="bottom" eId="authorialNote_6"><p xml:space="preserve">	()	انظر القرار <a href="https://undocs.org/ar/A/RES/65/119">65/119</a>.</p></authorialNote><sup>)</sup>،</p>
      </container>
      <container name="وإذ تلاحظ مع التقدير" eId="container_18">
        <p xml:space="preserve">
          <span class="bold italic">وإذ تلاحظ مع التقدير</span> المساهمة المقدمة لتنمية بعض الأقاليم من الوكالات المتخصصة والمؤسسات الأخرى التابعة لمنظومة الأمم المتحدة، وبخاصة اللجنة الاقتصادية لأمريكا اللاتينية ومنطقة البحر الكاريبي، واللجنة الاقتصادية والاجتماعية لآسيا والمحيط الهادئ، وبرنامج الأمم المتحدة الإنمائي، وبرنامج الأغذية العالمي، وكذلك المؤسسات الإقليمية مثل مصرف التنمية الكاريبي، والجماعة الكاريبية، ومنظمة دول شرق البحر الكاريبي، ومنتدى جزر المحيط الهادئ، ووكالات مجلس المنظمات الإقليمية في المحيط الهادئ،</p>
      </container>
      <container name="إذ تشير" eId="container_19">
        <p xml:space="preserve">
          <span class="italic">	و</span>
          <span class="bold italic">إذ تشير</span> إلى البيان الذي أدلى به رئيس الوزراء، بوصفه ممثل حكومة جزر فرجن البريطانية، في الحلقة الدراسية الإقليمية لمنطقة البحر الكاريبي لعام 2019،</p>
      </container>
      <container name="وإذ ترحب" eId="container_20">
        <p xml:space="preserve">
          <span class="bold italic">وإذ ترحب</span> باستئناف الإقليم اتصالاته مع اللجنة الخاصة،</p>
      </container>
      <container name="وإذ تحيط علما" eId="container_21">
        <p xml:space="preserve">
          <span class="bold italic">وإذ تحيط علما</span> بالدعوة التي وجهها رئيس وزراء جزر فرجن البريطانية إلى اللجنة الخاصة بأن توفد بعثة زيارة إلى الإقليم،</p>
      </container>
      <container name="وإذ تشدد " eId="container_22">
        <p xml:space="preserve">
          <span class="bold italic">وإذ تشدد </span>على أهمية الروابط الإقليمية في تنمية الإقليم الجزري الصغير،</p>
      </container>
      <container name="وإذ تعي " eId="container_23">
          <p xml:space="preserve">
            <span class="bold italic">وإذ تعي </span>عضوية الإقليم في مجلس بلدان وأقاليم ما وراء البحار لمنطقة البحر الكاريبي،</p>
      </container>
      <container name="&#x9;وإذ تعرب عن قلقها" eId="container_24">
        <p xml:space="preserve">
          <span class="bold italic">	وإذ تعرب عن قلقها</span> مما تسبب فيه إعصار إيرما وإعصار ماريا في الإقليم في عام 2017 من أضرار وآثار مدمرة،</p>
      </container>
      <container name="وإذ تشير" eId="container_25">
        <p xml:space="preserve">
          <span class="bold italic">وإذ تشير</span> إلى الانتخابات العامة التي أجريت شباط/فبراير 2019<sup>(</sup><authorialNote marker="7" placement="bottom" eId="authorialNote_7"><p xml:space="preserve">	()	انظر الوثيقة <a href="https://undocs.org/ar/A/AC.109/2019/4">A/AC.109/2019/4</a>، الفقرة 3.</p></authorialNote><sup>)</sup>،</p>
      </container>
    </preamble>
    <mainBody>
      <paragraph eId="para_26" class="SingleTxt">
        <content eId="para_26__content">
          <p xml:space="preserve">	1 -	<span class="bold italic">تعيد تأكيد</span> حق شعب جزر فرجن البريطانية غير القابل للتصرف في تقرير المصير، وفقا لميثاق الأمم المتحدة وقرار الجمعية العامة 1514 (د-15) المتضمن إعلان منح الاستقلال للبلدان والشعوب المستعمرة؛</p>
        </content>
      </paragraph>
      <paragraph eId="para_27" class="SingleTxt">
        <content eId="para_27__content">
          <p xml:space="preserve">	2 -	<span class="bold italic">تعيد أيضا تأكيد</span> أنه لا بديل في عملية إنهاء استعمار جزر فرجن البريطانية عن مبدأ تقرير المصير، الذي يشكل أيضا حقا أساسيا من حقوق الإنسان، على نحو ما تقر به اتفاقيات حقوق الإنسان ذات الصلة؛</p>
        </content>
      </paragraph>
      <paragraph eId="para_28" class="SingleTxt">
        <content eId="para_28__content">
          <p xml:space="preserve">	3 -	<span class="bold italic">تعيد كذلك تأكيد</span> أن شعب جزر فرجن البريطانية هو في نهاية المطاف صاحب الحق في تحديد مركزه السياسي في المستقبل بحرية وفقا لأحكام الميثاق ذات الصلة، والإعلان، وقرارات الجمعية العامة ذات الصلة، وتدعو في هذا الصدد الدولة القائمة بالإدارة للقيام، بالتعاون مع حكومة الإقليم والهيئات المعنية في منظومة الأمم المتحدة، بإعداد برامج تثقيفية سياسية للإقليم لتوعية الشعب بحقه في تقرير المصير طبقا للخيارات المشروعة المتعلقة بالمركز السياسي المستندة إلى المبادئ المحددة بوضوح في قرار الجمعية 1541 (د-15) والقرارات والمقررات الأخرى المتخذة في هذا الصدد؛</p>
        </content>
      </paragraph>
      <paragraph eId="para_29" class="SingleTxt">
        <content eId="para_29__content">
          <p xml:space="preserve">	4 -	<span class="bold italic">تشير</span> إلى دستور جزر فرجن البريطانية الصادر عام 2007، وتؤكد أهمية استمرار المناقشات بشأن المسائل الدستورية، من أجل منح مسؤولية أكبر لحكومة الإقليم بهدف تطبيق الدستور تطبيقا فعالا ورفع مستويات التثقيف المتصل بالمسائل الدستورية؛</p>
        </content>
      </paragraph>
      <paragraph eId="para_30" class="SingleTxt">
        <content eId="para_30__content">
          <p xml:space="preserve">	5 -	<span class="bold italic">تطلب</span> إلى الدولة القائمة بالإدارة أن تساعد الإقليم بتيسير الأعمال التي يضطلع بها فيما يتعلق بجهود التوعية التثقيفية العامة، بما يتسق مع المادة 73 (ب) من الميثاق، وتهيب في ذلك الصدد بمؤسسات الأمم المتحدة المعنية أن تقدم المساعدة إلى الإقليم إذا طلبها؛</p>
        </content>
      </paragraph>
      <paragraph eId="para_31" class="SingleTxt">
        <content eId="para_31__content">
          <p xml:space="preserve">	6 -	<span class="bold italic">ترحب</span> بمشاركة الإقليم بنشاط في أعمال اللجنة الاقتصادية لأمريكا اللاتينية ومنطقة البحر الكاريبي؛</p>
        </content>
      </paragraph>
      <paragraph eId="para_32" class="SingleTxt">
        <content eId="para_32__content">
          <p xml:space="preserve">	7 -	<span class="bold italic">تؤكد</span> على ضرورة أن يواصل الإقليم المشاركة في أنشطة اللجنة الخاصة المعنية بحالة تنفيذ إعلان منح الاستقلال للبلدان والشعوب المستعمرة، بما في ذلك في الحلقات الدراسية الإقليمية، من أجل تزويد اللجنة بمعلومات مستكملة عن عملية إنهاء الاستعمار؛</p>
        </content>
      </paragraph>
      <paragraph eId="para_33" class="SingleTxt">
        <content eId="para_33__content">
          <p xml:space="preserve">	8 -	<span class="bold italic">تؤكد أيضا</span> أهمية أن تكون اللجنة الخاصة على علم بآراء شعب جزر فرجن البريطانية ورغباته وأن تعزز فهمها لأحوال هذا الشعب، بما في ذلك طبيعة ونطاق الترتيبات السياسية والدستورية القائمة بين جزر فرجن البريطانية والدولة القائمة بالإدارة؛</p>
        </content>
      </paragraph>
      <paragraph eId="para_34" class="SingleTxt">
        <content eId="para_34__content">
          <p xml:space="preserve">	9 -	<span class="bold italic">تهيب</span> بالدولة القائمة بالإدارة أن تشارك في أعمال اللجنة الخاصة وأن تتعاون معها تعاونا كاملا من أجل تنفيذ أحكام المادة 73 (ه) من الميثاق والإعلان، ومن أجل إخطار اللجنة الخاصة بتنفيذ أحكام المادة 73 (ب) من الميثاق فيما يتعلق بالجهود الرامية إلى النهوض بالحكم الذاتي في جزر فرجن البريطانية، وتشجع الدولة القائمة بالإدارة على تيسير إيفاد البعثات الزائرة والبعثات الخاصة إلى الإقليم؛</p>
        </content>
      </paragraph>
      <paragraph eId="para_35" class="SingleTxt">
        <content eId="para_35__content">
          <p xml:space="preserve">	10 -	<span class="bold italic">تهيب أيضا</span> بالدولة القائمة بالإدارة أن تيسر إيفاد بعثة زائرة إلى الإقليم، وتطلب إلى رئيسة اللجنة الخاصة أن تتخذ جميع الخطوات اللازمة لتحقيق تلك الغاية؛</p>
        </content>
      </paragraph>
      <paragraph eId="para_36" class="SingleTxt">
        <content eId="para_36__content">
          <p xml:space="preserve">	11 -	<span class="bold italic">تؤكد من جديد</span> مسؤولية الدولة القائمة بالإدارة، بموجب الميثاق، عن تعزيز التنمية الاقتصادية والاجتماعية وصون الهوية الثقافية للإقليم، وتطلب إلى الدولة القائمة بالإدارة أن تتخذ خطوات للحصول على كل مساعدة ممكنة، سواء على أساس ثنائي أو متعدد الأطراف، واستخدامها بفعالية في تعزيز اقتصاد الإقليم؛</p>
        </content>
      </paragraph>
      <paragraph eId="para_37" class="SingleTxt">
        <content eId="para_37__content">
          <p xml:space="preserve">	12 -	<span class="bold">تأخذ في اعتبارها</span> خطة التنمية المستدامة لعام 2030<sup>(</sup><authorialNote marker="8" placement="bottom" eId="authorialNote_8"><p xml:space="preserve"><span class="italic">()</span>	القرار <a href="https://undocs.org/ar/A/RES/70/1">70/1</a>.</p></authorialNote><sup>)</sup>، بما في ذلك أهداف التنمية المستدامة، وتؤكد أهمية تعزيز التنمية الاقتصادية والاجتماعية المستدامة في الإقليم من خلال تعزيز نمو اقتصادي مستدام وشامل ومنصف، وتهيئة مزيد من الفرص للجميع، والحد من أوجه عدم المساواة، ورفع مستويات المعيشة الأساسية، وتدعيم التنمية الاجتماعية العادلة والاندماج الاجتماعي، وتعزيز الإدارة المتكاملة والمستدامة للموارد الطبيعية والنظم الإيكولوجية التي تدعم، في جملة أمور، التنمية الاقتصادية والاجتماعية والبشرية، وتسهل في الوقت نفسه حفظ النظام الإيكولوجي وتَجَدّده ورَدّه إلى حالته الأصلية وصموده في مواجهة التحديات الجديدة والناشئة، وتحث بقوة الدولة القائمة بالإدارة على الامتناع عن القيام بأي نوع الأنشطة غير المشروعة والضارة وغير المنتجة التي لا تتماشى مع مصالح شعب الإقليم، بما في ذلك استخدام الإقليم باعتباره مركزا ماليا دوليا؛</p>
        </content>
      </paragraph>
      <paragraph eId="para_38" class="SingleTxt">
        <content eId="para_38__content">
          <p xml:space="preserve">	13 -	<span class="bold italic">تطلب</span> إلى الإقليم وإلى الدولة القائمة بالإدارة اتخاذ جميع التدابير اللازمة لحماية البيئة في الإقليم وحفظها من جميع أشكال التدهور، وتطلب مرة أخرى إلى الوكالات المتخصصة المعنية مواصلة رصد الأحوال البيئية في الإقليم وتقديم المساعدة إليه وفقا لنظمه الداخلية السائدة؛</p>
        </content>
      </paragraph>
      <paragraph eId="para_39" class="SingleTxt">
        <content eId="para_39__content">
          <p xml:space="preserve">	14 -	<span class="bold italic">تدعو</span> الدولة القائمة بالإدارة والوكالات المتخصصة وغيرها من مؤسسات منظومة الأمم المتحدة والمنظمات الإقليمية إلى تقديم كل المساعدة اللازمة للإقليم، ودعم جهود الإنعاش وإعادة البناء، وتعزيز القدرات في مجال التأهب لحالات الطوارئ والحد من المخاطر، لا سيما في أعقاب إعصار إيرما وإعصار ماريا اللذين ألحقا أضرارا بالإقليم في عام 2017؛</p>
        </content>
      </paragraph>
      <paragraph eId="para_40" class="SingleTxt">
        <content eId="para_40__content">
          <p xml:space="preserve">	15 -	<span class="bold italic">تطلب</span> إلى اللجنة الخاصة أن تواصل دراسة مسألة جزر فرجن البريطانية وأن تقدم تقريرا عن ذلك إلى الجمعية العامة في دورتها الخامسة والسبعين وعن تنفيذ هذا القرار.</p>
        </content>
      </paragraph>
    </mainBody>
    <conclusions eId="conclusions">
      <p>
        <inline name="adoptionMeeting" title="47">الجلسة العامة 47</inline>
        <eol />
        <docDate date="2019-12-13" refersTo="#adoptionDate">13 كانون الأول/ديسمبر 2019</docDate>
      </p>
    </conclusions>
  </statement>
</akomaNtoso>