<akomaNtoso xmlns:xsi="http://www.w3.org/2001/XMLSchema-instance" xsi:schemaLocation="http://docs.oasis-open.org/legaldocml/ns/akn/3.0 http://docs.oasis-open.org/legaldocml/akn-core/v1.0/os/part2-specs/schemas/akomantoso30.xsd" xmlns="http://docs.oasis-open.org/legaldocml/ns/akn/3.0" xmlns:html="http://www.w3.org/1999/xhtml" xmlns:akn4un="http://un.org/akn4un">
  <statement name="resolution">
    <meta>
      <identification source="#DGACM">
        <FRBRWork>
          <FRBRthis value="/akn/un/statement/deliberation/unga/2019-12-18/74-193/!main/"></FRBRthis>
          <FRBRuri value="/akn/un/statement/deliberation/unga/2019-12-18/74-193/"></FRBRuri>
          <FRBRdate date="2019-12-18" name="adoption"></FRBRdate>
          <FRBRauthor href="ga" as="author"></FRBRauthor>
          <FRBRcountry value="un"></FRBRcountry>
        </FRBRWork>
        <FRBRExpression>
          <FRBRthis value="/akn/un/statement/deliberation/unga/2019-12-18/74-193/ara@!main/"></FRBRthis>
          <FRBRuri value="/akn/un/statement/deliberation/unga/2019-12-18/74-193/ara@/"></FRBRuri>
          <FRBRdate date="2019-12-30" name="publication"></FRBRdate>
          <FRBRauthor href="ga" as="issuer"></FRBRauthor>
          <FRBRlanguage language="ara"></FRBRlanguage>
        </FRBRExpression>
        <FRBRManifestation>
          <FRBRthis value="/akn/un/statement/deliberation/unga/2019-12-18/74-193/ara@/!main.xml"></FRBRthis>
          <FRBRuri value="/akn/un/statement/deliberation/unga/2019-12-18/74-193/ara@.xml"></FRBRuri>
          <FRBRdate date="2020-09-20" name="markup"></FRBRdate>
          <FRBRauthor href="DGACM" as="editor"></FRBRauthor>
        </FRBRManifestation>
      </identification>
      <classification source="http://metadata.un.org/sdg">
        <keyword value="6" href="http://metadata.un.org/sdg/6" showAs="sdg_6" dictionary="SDGO"></keyword>
        <keyword value="water" href="http://eurovoc.europa.eu/597" showAs="water" dictionary="EuroVoc"></keyword>
        <keyword value="public_hygiene" href="http://eurovoc.europa.eu/3371" showAs="public_hygiene" dictionary="EuroVoc"></keyword>
        <keyword value="use_of_water" href="http://eurovoc.europa.eu/4628" showAs="use_of_water" dictionary="EuroVoc"></keyword>
        <keyword value="water" href="http://metadata.un.org/thesaurus/030500" showAs="water" dictionary="UNBIS Thesaurus"></keyword>
        <keyword value="sanitation" href="http://metadata.un.org/thesaurus/1005701" showAs="sanitation" dictionary="UNBIS Thesaurus"></keyword>
        <keyword value="water_management" href="http://metadata.un.org/thesaurus/1006948" showAs="water_management" dictionary="UNBIS Thesaurus"></keyword>
      </classification>
      <classification source="http://metadata.un.org/sdg">
        <keyword value="4.1" href="http://metadata.un.org/sdg/4.1" showAs="sdg_4.1" dictionary="SDGO"></keyword>
        <keyword value="children" href="http://metadata.un.org/thesaurus/1000952" showAs="children" dictionary="UNBIS Thesaurus"></keyword>
      </classification>
      <classification source="http://metadata.un.org/sdg">
        <keyword value="1.4" href="http://metadata.un.org/sdg/1.4" showAs="sdg_1.4" dictionary="SDGO"></keyword>
      </classification>
      <workflow source="#un">
        <step date="2019-10-30" outcome="draftResolution" as="A/C.6/74/L.11" by="introduced in the Committee by the representative of Israel on behalf of the Bureau" />
        <step date="0001-01-01" outcome="draftResolutionAdditionalSponsors" by="" />
        <step date="0001-01-01" outcome="recommendedForAdoption" as="A/74/431" by="" refersTo="7" />
        <step date="2019-12-18" outcome="adopted" as="A/74/PV.51" by="" />
      </workflow>
      <analysis source="#un">
        <parliamentary>
          <voting outcome="adoptedWithoutVote">
            <quorum value=""></quorum>
          </voting>
        </parliamentary>
      </analysis>
      <references source="#DGACM">
        <TLCOrganization eId="source" href="/akn/ontology/organization/un/DGACM" showAs="DGACM"></TLCOrganization>
        <TLCConcept eId="dateOfIssuance" href="/akn/ontology/concept/un/dateOfIssuance" showAs="Date of issuance"></TLCConcept>
        <TLCConcept eId="dateOfAdoption" href="/akn/ontology/concept/un/dateOfAdoption" showAs="Date of adoption"></TLCConcept>
        <TLCConcept eId="symbol" href="/akn/ontology/reference/un/symbol" showAs="Symbol"></TLCConcept>
        <TLCRole eId="publisher" href="/akn/ontology/role/un/publisher" showAs="Publisher"></TLCRole>
        <TLCRole eId="issuingBody" href="/akn/role/concept/un/issuingBody" showAs="Issuing body"></TLCRole>
        <TLCRole eId="author" href="/akn/ontology/role/un/author" showAs="Author"></TLCRole>
        <TLCRole eId="editor" href="/akn/ontology/role/un/editor" showAs="Editor"></TLCRole>
        <TLCRole eId="distribution" href="/akn/ontology/concept/un/generalDistribution" showAs="General distribution"></TLCRole>
        <TLCOrganization eId="ga" href="/akn/ontology/organization/un/generalAssembly" showAs="General Assembly"></TLCOrganization>
        <TLCTerm eId="resolutionTitle" href="/akn/ontology/reference/un/resolutionTitle" showAs="Resolution title"></TLCTerm>
        <TLCTerm eId="sixthCommittee" href="#sixthCommittee" showAs="اللجنة السادسة"></TLCTerm>
        <TLCTerm eId="memberState" href="/akn/ontology/organization/un/memberState" showAs="Member State"></TLCTerm>
        <TLCTerm eId="inFavour" href="/akn/ontology/concept/un/voting/inFavour" showAs="In favour"></TLCTerm>
        <TLCTerm eId="against" href="/akn/ontology/concept/un/voting/against" showAs="Against"></TLCTerm>
        <TLCTerm eId="abstaining" href="/akn/ontology/concept/un/voting/abstaining" showAs="Abstaining"></TLCTerm>
      </references>
      <presentation source="#un">
        <akn4un:footerFirstPage>
          <akn4un:footerFirstPageLeft>
            <akn4un:internalCode>
              <docketNumber refersTo="#publicationJobNumber"></docketNumber>
              <img alt="bar code" class="barCode" src=""></img>
            </akn4un:internalCode>
          </akn4un:footerFirstPageLeft>
          <akn4un:footerFirstPageRight>
            <img alt="Please recycle" class="image" src="./recylcleLogo.jpg"></img>
            <img alt="embedded QR code" class="qrCode" src=""></img>
          </akn4un:footerFirstPageRight>
        </akn4un:footerFirstPage>
      </presentation>
    </meta>
    <coverPage eId="coverPage_1">
      <p>
        <span refersTo="#publisher" class="upperLeft">
          <docAuthority refersTo="#publisher">الأمــم المتحـدة</docAuthority>
        </span>
      </p>
      <p class="upperRight">
        <docNumber refersTo="#symbol">A/RES/74/193</docNumber>
      </p>
      <p class="upperLeft">
        <img src="logo-un.jpg"></img>
        <docAuthority refersTo="#issuingBody" class="rightBig">الجمعية العامة</docAuthority>
      </p>
      <p>
        <docStatus refersTo="#generalDistribution" class="rightSmall">Distr.: General</docStatus>
      </p>
      <p>
        <docDate date="2019-12-30" class="rightSmall" refersTo="#dateOfIssuance">30 December 2019</docDate>
      </p>
      <p>
        <session refersTo="#generalAssembly" value="74" eId="coverPage_1__session_1">الدورة الرابعة والسبعون</session>
      </p>
      <p>
        <inline name="agenda item">البند 85 من جدول الأعمال</inline>
      </p>
      <p>
        <docTitle>قرار اتخذته الجمعية العامة في 18 كانون الأول/ديسمبر 2019</docTitle>
      </p>
      <p xml:space="preserve">
        <docProponent refersTo="#sixthCommittee">[بناء على تقرير اللجنة السادسة (<inline name="originating document">A/74/431</inline>)]</docProponent>
      </p>
    </coverPage>
    <preface>
      <p>
        <docNumber>74/193.</docNumber>
        <docTitle refersTo="#resolutionTitle">-	قانون طبقات المياه الجوفية العابرة للحدود</docTitle>
      </p>
    </preface>
    <preamble>
      <formula name="enactingFormula" eId="formula_1">
        <p xml:space="preserve">
          <span class="bold italic">إن الجمعية العامة</span>،</p>
      </formula>
      <container name="إذ تشير" eId="container_2">
        <p xml:space="preserve">
          <span class="bold italic">إذ تشير</span> إلى قراراتها <a href="https://undocs.org/ar/A/RES/63/124">63/124</a> المؤرخ 11 كانون الأول/ديسمبر 2008 و <a href="https://undocs.org/ar/A/RES/66/104">66/104</a> المؤرخ 9 كانون الأول/ديسمبر 2011 و <a href="https://undocs.org/ar/A/RES/68/118">68/118</a> المؤرخ 16 كانون الأول/ديسمبر 2013 و <a href="https://undocs.org/ar/A/RES/71/150">71/150</a> المؤرخ 13 كانون الأول/ديسمبر 2016،</p>
      </container>
      <container name="وإذ تلاحظ" eId="container_3">
        <p xml:space="preserve">
          <span class="bold italic">وإذ تلاحظ</span> الأهمية الكبرى التي يكتسيها موضوع قانون طبقات المياه الجوفية العابرة للحدود في العلاقات بين الدول وضرورة إدارة طبقات المياه الجوفية العابرة للحدود التي تشكل موردا طبيعيا بالغ الأهمية بصورة معقولة وملائمة، عن طريق التعاون الدولي لمنفعة الأجيال الحالية والمقبلة،</p>
      </container>
      <container name="وإذ تلاحظ أيضا" eId="container_4">
        <p xml:space="preserve">
          <span class="bold italic">وإذ تلاحظ أيضا</span> أن أحكام مشاريع المواد المتعلقة بقانون طبقات المياه الجوفية العابرة للحدود قد تمت مراعاتها في الصكوك ذات الصلة بالموضوع، مثل اتفاق الخزان الجوفي غواراني الذي وقعته الأرجنتين وأوروغواي وباراغواي والبرازيل في 2 آب/أغسطس 2010 والأحكام النموذجية المتعلقة بالمياه الجوفية العابرة للحدود التي اعتمدت في الاجتماع السادس للدول الأطراف في الاتفاقية المتعلقة بحماية واستخدام المجاري المائية العابرة للحدود والبحيرات الدولية في 29 تشرين الثاني/نوفمبر 2012،</p>
      </container>
      <container name="وإذ تدرك" eId="container_5">
        <p xml:space="preserve">
          <span class="bold italic">وإذ تدرك</span> أن خطة التنمية المستدامة لعام 2030<sup>(</sup><authorialNote marker="1" placement="bottom" eId="authorialNote_1"><p xml:space="preserve">	()	القرار <a href="https://undocs.org/ar/A/RES/70/1">70/1</a>.</p></authorialNote><sup>)</sup> تتضمن هدفا يتعلق بضمان توافر المياه وخدمات الصرف الصحي للجميع وإدارتها إدارة مستدامة،</p>
      </container>
      <container name="وإذ تحيط علما" eId="container_6">
        <p xml:space="preserve">
          <span class="bold italic">وإذ تحيط علما</span> بوثيقة الفريق الرفيع المستوى المعني بالمياه الختامية<sup>(</sup><authorialNote marker="2" placement="bottom" eId="authorialNote_2"><p xml:space="preserve">	()	الفريق الرفيع المستوى المعني بالمياه، ”الحفاظ على كل قطرة ماء: خطة للعمل من أجل المياه“ (14 آذار/مارس 2018).</p></authorialNote><sup>)</sup>،</p>
      </container>
      <container name="وإذ تشيد" eId="container_7">
          <p xml:space="preserve">
            <span class="bold italic">وإذ تشيد</span> بالجهود التي يبذلها البرنامج الهيدرولوجي الدولي التابع لمنظمة الأمم المتحدة للتربية والعلم والثقافة لكي توجه الدول الأعضاء مزيدا من الاهتمام لمشاريع المواد المتعلقة بقانون طبقات المياه الجوفية العابرة للحدود<sup>(</sup><authorialNote marker="3" placement="bottom" eId="authorialNote_3"><p xml:space="preserve">	()	القرار <a href="https://undocs.org/ar/A/RES/68/118">68/118</a>، المرفق.</p></authorialNote><sup>)</sup> وتنهض بفهمها، لا سيما عن طريق تنظيم سلسلة من الدورات التدريبية بشأن تطبيق مشاريع المواد فضلا عن وضع قائمة بشبكات طبقات المياه الجوفية العابرة للحدود في العالم وتقييمها،</p>
      </container>
      <container name="وإذ تشدد" eId="container_8">
        <p xml:space="preserve">
          <span class="bold italic">وإذ تشدد</span> على أن تدوين القانون الدولي وتطويره التدريجي لا تزال لهما أهميتهما، على النحو المشار إليه في الفقرة 1 (أ) من المادة 13 من ميثاق الأمم المتحدة،</p>
      </container>
      <container name="وإذ تلاحظ" eId="container_9">
        <p xml:space="preserve">
          <span class="bold italic">وإذ تلاحظ</span> تعليقات الحكومات والمناقشة التي أجريت في اللجنة السادسة بشأن هذا الموضوع في دورات الجمعية العامة الثالثة والستين والسادسة والستين والثامنة والستين والحادية والسبعين والرابعة والسبعين<sup>(</sup><authorialNote marker="4" placement="bottom" eId="authorialNote_4"><p xml:space="preserve">	()	انظر <a href="https://undocs.org/ar/A/C.6/63/SR.16">A/C.6/63/SR.16</a> و <a href="https://undocs.org/ar/A/C.6/63/SR.17">A/C.6/63/SR.17</a> و <a href="https://undocs.org/ar/A/C.6/63/SR.18">A/C.6/63/SR.18</a> و <a href="https://undocs.org/ar/A/C.6/63/SR.19">A/C.6/63/SR.19</a> و <a href="https://undocs.org/ar/A/C.6/63/SR.26">A/C.6/63/SR.26</a>؛ و <a href="https://undocs.org/ar/A/C.6/66/SR.16">A/C.6/66/SR.16</a> و <a href="https://undocs.org/ar/A/C.6/66/SR.29">A/C.6/66/SR.29</a>؛ و A/C.6/68/SR.16 و <a href="https://undocs.org/ar/A/C.6/68/SR.29">A/C.6/68/SR.29</a>؛ و <a href="https://undocs.org/ar/A/C.6/71/SR.18">A/C.6/71/SR.18</a> و <a href="https://undocs.org/ar/A/C.6/71/SR.19">A/C.6/71/SR.19</a> و <a href="https://undocs.org/ar/A/C.6/71/SR.33">A/C.6/71/SR.33</a>؛ و <a href="https://undocs.org/ar/A/C.6/74/SR.21">A/C.6/74/SR.21</a>. وانظر أيضا <a href="https://undocs.org/ar/A/66/116">A/66/116</a> و <a href="https://undocs.org/ar/A/66/116/Add.1">A/66/116/Add.1</a> و <a href="https://undocs.org/ar/A/68/172">A/68/172</a>.</p></authorialNote><sup>)</sup>،</p>
      </container>
    </preamble>
    <mainBody>
      <paragraph eId="para_10" class="SingleTxt">
        <content eId="para_10__content">
          <p xml:space="preserve">	1 -	<span class="bold italic">توجه</span> عناية الحكومات إلى مشاريع المواد المتعلقة بقانون طبقات المياه الجوفية العابرة للحدود المرفقة بقرارها <a href="https://undocs.org/ar/A/RES/68/118">68/118</a> ليسترشد بها في وضع اتفاقات وترتيبات ثنائية أو إقليمية لإدارة طبقات المياه الجوفية العابرة للحدود بصورة سليمة؛</p>
        </content>
      </paragraph>
      <paragraph eId="para_11" class="SingleTxt">
        <content eId="para_11__content">
          <p xml:space="preserve">	2 -	<span class="bold italic">تشجع</span> البرنامج الهيدرولوجي الدولي التابع لمنظمة الأمم المتحدة للتربية والعلم والثقافة على مواصلة تقديم الإسهامات من خلال توفير المزيد من المساعدة العلمية والتقنية بموافقة الدولة المتلقية وفي إطار ولايته؛</p>
        </content>
      </paragraph>
      <paragraph eId="para_12" class="SingleTxt">
        <content eId="para_12__content">
          <p xml:space="preserve">	3 -	<span class="bold italic">تقرر</span> أن تدرج في جدول الأعمال المؤقت لدورتها السابعة والسبعين البند المعنون ”قانون طبقات المياه الجوفية العابرة للحدود“.</p>
        </content>
      </paragraph>
    </mainBody>
    <conclusions eId="conclusions">
      <p>
        <inline name="adoptionMeeting" title="51">الجلسة العامة 51</inline>
        <eol />
        <docDate date="2019-12-18" refersTo="#adoptionDate">18 كانون الأول/ديسمبر 2019</docDate>
      </p>
    </conclusions>
  </statement>
</akomaNtoso>