<akomaNtoso xmlns:xsi="http://www.w3.org/2001/XMLSchema-instance" xsi:schemaLocation="http://docs.oasis-open.org/legaldocml/ns/akn/3.0 http://docs.oasis-open.org/legaldocml/akn-core/v1.0/os/part2-specs/schemas/akomantoso30.xsd" xmlns="http://docs.oasis-open.org/legaldocml/ns/akn/3.0" xmlns:html="http://www.w3.org/1999/xhtml" xmlns:akn4un="http://un.org/akn4un">
  <statement name="resolution">
    <meta>
      <identification source="#DGACM">
        <FRBRWork>
          <FRBRthis value="/akn/un/statement/deliberation/unga/2019-12-18/74-146/!main/"></FRBRthis>
          <FRBRuri value="/akn/un/statement/deliberation/unga/2019-12-18/74-146/"></FRBRuri>
          <FRBRdate date="2019-12-18" name="adoption"></FRBRdate>
          <FRBRauthor href="ga" as="author"></FRBRauthor>
          <FRBRcountry value="un"></FRBRcountry>
        </FRBRWork>
        <FRBRExpression>
          <FRBRthis value="/akn/un/statement/deliberation/unga/2019-12-18/74-146/ara@!main/"></FRBRthis>
          <FRBRuri value="/akn/un/statement/deliberation/unga/2019-12-18/74-146/ara@/"></FRBRuri>
          <FRBRdate date="2020-01-08" name="publication"></FRBRdate>
          <FRBRauthor href="ga" as="issuer"></FRBRauthor>
          <FRBRlanguage language="ara"></FRBRlanguage>
        </FRBRExpression>
        <FRBRManifestation>
          <FRBRthis value="/akn/un/statement/deliberation/unga/2019-12-18/74-146/ara@/!main.xml"></FRBRthis>
          <FRBRuri value="/akn/un/statement/deliberation/unga/2019-12-18/74-146/ara@.xml"></FRBRuri>
          <FRBRdate date="2020-09-02" name="markup"></FRBRdate>
          <FRBRauthor href="DGACM" as="editor"></FRBRauthor>
        </FRBRManifestation>
      </identification>
      <classification source="http://metadata.un.org/sdg">
        <keyword value="16" href="http://metadata.un.org/sdg/16" showAs="sdg_16" dictionary="SDGO"></keyword>
        <keyword value="right_to_justice" href="http://eurovoc.europa.eu/516" showAs="right_to_justice" dictionary="EuroVoc"></keyword>
        <keyword value="sustainable_development" href="http://eurovoc.europa.eu/5585" showAs="sustainable_development" dictionary="EuroVoc"></keyword>
        <keyword value="civil_society" href="http://metadata.un.org/thesaurus/1001012" showAs="civil_society" dictionary="UNBIS Thesaurus"></keyword>
        <keyword value="justice" href="http://metadata.un.org/thesaurus/1003500" showAs="justice" dictionary="UNBIS Thesaurus"></keyword>
        <keyword value="peaceful_coexistence" href="http://metadata.un.org/thesaurus/1004777" showAs="peaceful_coexistence" dictionary="UNBIS Thesaurus"></keyword>
        <keyword value="public_institutions" href="http://metadata.un.org/thesaurus/1005254" showAs="public_institutions" dictionary="UNBIS Thesaurus"></keyword>
        <keyword value="social_justice" href="http://metadata.un.org/thesaurus/1005970" showAs="social_justice" dictionary="UNBIS Thesaurus"></keyword>
        <keyword value="sustainable_development" href="http://metadata.un.org/thesaurus/1006319" showAs="sustainable_development" dictionary="UNBIS Thesaurus"></keyword>
      </classification>
      <classification source="http://metadata.un.org/sdg">
        <keyword value="17" href="http://metadata.un.org/sdg/17" showAs="sdg_17" dictionary="SDGO"></keyword>
        <keyword value="sustainable_development" href="http://eurovoc.europa.eu/5585" showAs="sustainable_development" dictionary="EuroVoc"></keyword>
        <keyword value="partnership" href="http://eurovoc.europa.eu/4199" showAs="partnership" dictionary="EuroVoc"></keyword>
        <keyword value="sustainable_development" href="http://metadata.un.org/thesaurus/1006319" showAs="sustainable_development" dictionary="UNBIS Thesaurus"></keyword>
        <keyword value="partnership" href="http://metadata.un.org/thesaurus/1004748" showAs="partnership" dictionary="UNBIS Thesaurus"></keyword>
      </classification>
      <classification source="http://metadata.un.org/sdg">
        <keyword value="5" href="http://metadata.un.org/sdg/5" showAs="sdg_5" dictionary="SDGO"></keyword>
        <keyword value="gender_equality" href="http://eurovoc.europa.eu/3913" showAs="gender_equality" dictionary="EuroVoc"></keyword>
        <keyword value="participation_of_women" href="http://eurovoc.europa.eu/2265" showAs="participation_of_women" dictionary="EuroVoc"></keyword>
        <keyword value="women&amp;#39;s_rights" href="http://eurovoc.europa.eu/585" showAs="women&amp;#39;s_rights" dictionary="EuroVoc"></keyword>
        <keyword value="position_of_women" href="http://eurovoc.europa.eu/81" showAs="position_of_women" dictionary="EuroVoc"></keyword>
        <keyword value="women" href="http://metadata.un.org/thesaurus/1007029" showAs="women" dictionary="UNBIS Thesaurus"></keyword>
        <keyword value="gender_equality" href="http://metadata.un.org/thesaurus/1002612" showAs="gender_equality" dictionary="UNBIS Thesaurus"></keyword>
        <keyword value="girls" href="http://metadata.un.org/thesaurus/1002684" showAs="girls" dictionary="UNBIS Thesaurus"></keyword>
      </classification>
      <workflow source="#un">
        <step date="2019-11-12" outcome="draftResolution" as="A/C.3/74/L.31/Rev.1" by="Argentina, Armenia, Australia, Cabo Verde, Canada, Chile, Costa Rica, Dominican Republic, Ecuador, Georgia, Honduras, Iceland, Ireland, Jordan, Lebanon, Liberia, Liechtenstein, Marshall Islands, Mexico, New Zealand, Norway, Poland, Switzerland, Tunisia, Ukraine, Uruguay and Vanuatu" />
        <step date="0001-01-01" outcome="draftResolutionAdditionalSponsors" by="Afghanistan, Albania, Andorra, Austria, Belgium, Bolivia (Plurinational State of), Bosnia and Herzegovina, Brazil, Bulgaria, Central African Republic, Colombia, Côte d'Ivoire, Croatia, Cyprus, Czechia, Democratic Republic of the Congo, Denmark, El Salvador, Estonia, Finland, France, Germany, Greece, Guatemala, Guinea, Haiti, Hungary, Italy, Latvia, Lithuania, Luxembourg, Maldives, Mali, Malta, Monaco, Mongolia, Montenegro, Morocco, Netherlands, North Macedonia, Panama, Paraguay, Peru, Portugal, Republic of Korea, Romania, San Marino, Sao Tome and Principe, Serbia, Seychelles, Slovakia, Slovenia, South Africa, Spain, Sweden, United Kingdom and United States" />
        <step date="0001-01-01" outcome="recommendedForAdoption" as="A/74/399/Add.2" by="" refersTo="90" />
        <step date="2019-12-18" outcome="adopted" as="A/74/PV.50" by="" />
      </workflow>
      <analysis source="#un">
        <parliamentary>
          <voting outcome="adoptedWithoutVote">
            <quorum value=""></quorum>
          </voting>
        </parliamentary>
      </analysis>
      <references source="#DGACM">
        <TLCOrganization eId="source" href="/akn/ontology/organization/un/DGACM" showAs="DGACM"></TLCOrganization>
        <TLCConcept eId="dateOfIssuance" href="/akn/ontology/concept/un/dateOfIssuance" showAs="Date of issuance"></TLCConcept>
        <TLCConcept eId="dateOfAdoption" href="/akn/ontology/concept/un/dateOfAdoption" showAs="Date of adoption"></TLCConcept>
        <TLCConcept eId="symbol" href="/akn/ontology/reference/un/symbol" showAs="Symbol"></TLCConcept>
        <TLCRole eId="publisher" href="/akn/ontology/role/un/publisher" showAs="Publisher"></TLCRole>
        <TLCRole eId="issuingBody" href="/akn/role/concept/un/issuingBody" showAs="Issuing body"></TLCRole>
        <TLCRole eId="author" href="/akn/ontology/role/un/author" showAs="Author"></TLCRole>
        <TLCRole eId="editor" href="/akn/ontology/role/un/editor" showAs="Editor"></TLCRole>
        <TLCRole eId="distribution" href="/akn/ontology/concept/un/generalDistribution" showAs="General distribution"></TLCRole>
        <TLCOrganization eId="ga" href="/akn/ontology/organization/un/generalAssembly" showAs="General Assembly"></TLCOrganization>
        <TLCTerm eId="resolutionTitle" href="/akn/ontology/reference/un/resolutionTitle" showAs="Resolution title"></TLCTerm>
        <TLCTerm eId="thirdCommittee" href="#thirdCommittee" showAs="اللجنة الثالثة"></TLCTerm>
        <TLCTerm eId="memberState" href="/akn/ontology/organization/un/memberState" showAs="Member State"></TLCTerm>
        <TLCTerm eId="inFavour" href="/akn/ontology/concept/un/voting/inFavour" showAs="In favour"></TLCTerm>
        <TLCTerm eId="against" href="/akn/ontology/concept/un/voting/against" showAs="Against"></TLCTerm>
        <TLCTerm eId="abstaining" href="/akn/ontology/concept/un/voting/abstaining" showAs="Abstaining"></TLCTerm>
      </references>
      <presentation source="#un">
        <akn4un:footerFirstPage>
          <akn4un:footerFirstPageLeft>
            <akn4un:internalCode>
              <docketNumber refersTo="#publicationJobNumber">19-22249 (A)</docketNumber>
              <img alt="bar code" class="barCode" src=""></img>
            </akn4un:internalCode>
          </akn4un:footerFirstPageLeft>
          <akn4un:footerFirstPageRight>
            <img alt="Please recycle" class="image" src="./recylcleLogo.jpg"></img>
            <img alt="embedded QR code" class="qrCode" src=""></img>
          </akn4un:footerFirstPageRight>
        </akn4un:footerFirstPage>
      </presentation>
    </meta>
    <coverPage eId="coverPage_1">
      <p>
        <span refersTo="#publisher" class="upperLeft">
          <docAuthority refersTo="#publisher">الأمــم المتحـدة</docAuthority>
        </span>
      </p>
      <p class="upperRight">
        <docNumber refersTo="#symbol">A/RES/74/146</docNumber>
      </p>
      <p class="upperLeft">
        <img src="logo-un.jpg"></img>
        <docAuthority refersTo="#issuingBody" class="rightBig">الجمعية العامة</docAuthority>
      </p>
      <p>
        <docStatus refersTo="#generalDistribution" class="rightSmall">Distr.: General</docStatus>
      </p>
      <p>
        <docDate date="2020-01-08" class="rightSmall" refersTo="#dateOfIssuance">8 January 2020</docDate>
      </p>
      <p>
        <session refersTo="#generalAssembly" value="74" eId="coverPage_1__session_1">الدورة الرابعة والسبعون</session>
      </p>
      <p>
        <inline name="agenda item">البند 70 (ب) من جدول الأعمال</inline>
      </p>
      <p>
        <inline name="agenda item name">تعزيز حقوق الإنسان وحمايتها: مسائل حقوق الإنسان، بما في ذلك النُّهُج البديلة لتحسين التمتع الفعلي بحقوق الإنسان والحريات الأساسية</inline>
      </p>
      <p>
        <docTitle>قرار اتخذته الجمعية العامة في 18 كانون الأول/ديسمبر 2019</docTitle>
      </p>
      <p xml:space="preserve">
        <docProponent refersTo="#thirdCommittee">[بناء على تقرير اللجنة الثالثة (<inline name="originating document">A/74/399/Add.2</inline>)]</docProponent>
      </p>
    </coverPage>
    <preface>
      <p>
        <docNumber>74/146.</docNumber>
        <docTitle refersTo="#resolutionTitle">-	تنفيذ الإعلان المتعلق بحق ومسؤولية الأفراد والجماعات وهيئات المجتمع في تعزيز وحماية حقوق الإنسان والحريات الأساسية المعترف بها عالميا من خلال تهيئة بيئة آمنة ومواتية للمدافعين عن حقوق الإنسان وضمان حمايتهم</docTitle>
      </p>
    </preface>
    <preamble>
      <formula name="enactingFormula" eId="formula_1">
        <p xml:space="preserve">
          <span class="bold italic">إن الجمعية العامة</span>،</p>
      </formula>
      <container name="إذ تسترشد" eId="container_2">
        <p xml:space="preserve">
          <span class="bold italic">إذ تسترشد</span> بمقاصد ميثاق الأمم المتحدة ومبادئه،‏ </p>
      </container>
      <container name="وإذ تسترشد أيضا" eId="container_3">
        <p xml:space="preserve">
          <span class="bold italic">وإذ تسترشد أيضا</span> بالإعلان العالمي لحقوق الإنسان<sup>(</sup><authorialNote marker="1" placement="bottom" eId="authorialNote_1"><p xml:space="preserve">	()	القرار 217 ألف (د-3).</p></authorialNote><sup>)</sup> والعهدين الدوليين الخاصين بحقوق الإنسان<sup>(</sup><authorialNote marker="2" placement="bottom" eId="authorialNote_2"><p xml:space="preserve">	()	القرار 2200 ألف (د-21)، المرفق.</p></authorialNote><sup>)</sup> وبصكوك أخرى ذات صلة،</p>
      </container>
      <container name="وإذ تشير" eId="container_4">
        <p xml:space="preserve">
          <span class="bold italic">وإذ تشير</span> إلى قرارها <a href="https://undocs.org/ar/A/RES/53/144">53/144</a> المؤرخ 9 كانون الأول/ديسمبر 1998، الذي اعتمدت به بتوافق الآراء الإعلانَ المتعلق بحق ومسؤولية الأفراد والجماعات وهيئات المجتمع في تعزيز وحماية حقوق الإنسان والحريات الأساسية المعترف بها عالمياً، المشار إليه عادة باسم الإعلان المتعلق بالمدافعين عن حقوق الإنسان، وإذ تشجع الدول على دعم مقاصد هذا الإعلان ومبادئه وأحكامه في سياق تنفيذه،</p>
      </container>
      <container name="وإذ تشدد،" eId="container_5">
        <p xml:space="preserve">
          <span class="bold italic">وإذ تشدد،</span> في هذا الصدد، على أن جميع حقوق الإنسان والحريات الأساسية تنطبق على جميع الأشخاص على قدم المساواة، بمن فيهم المدافعون عن حقوق الإنسان في سياق الإعلان، وعلى أن هذه الحقوق والحريات يجب احترامها وحمايتها وإعمالها دون تمييز،</p>
      </container>
      <container name="وإذ تشير أيضا" eId="container_6">
        <p xml:space="preserve">
          <span class="bold italic">وإذ تشير أيضا</span> إلى سائر قراراتها السابقة المتخذة بشأن هذا الموضوع، بما فيها قراراتها <a href="https://undocs.org/ar/A/RES/66/164">66/164</a> المؤرخ 19 كانون الأول/ديسمبر 2011 و <a href="https://undocs.org/ar/A/RES/68/181">68/181</a> المؤرخ 18 كانون الأول/ديسمبر 2013 و <a href="https://undocs.org/ar/A/RES/70/161">70/161</a> المؤرخ 17 كانون الأول/ديسمبر 2015 و <a href="https://undocs.org/ar/A/RES/72/247">72/247</a> المؤرخ 24 كانون الأول/ديسمبر 2017، وإلى قرارات مجلس حقوق الإنسان <a href="https://undocs.org/ar/A/HRC/RES/13/13">13/13</a> المؤرخ 25 آذار/مارس 2010<sup>(</sup><authorialNote marker="3" placement="bottom" eId="authorialNote_3"><p xml:space="preserve">	()	انظر <span class="italic">الوثائق الرسمية للجمعية العامة، الدورة الخامسة والستون، الملحق رقم 53 </span>(<a href="https://undocs.org/ar/A/65/53">A/65/53</a>)، الفصل الثاني، الفرع ألف.</p></authorialNote><sup>)</sup> و <a href="https://undocs.org/ar/A/HRC/RES/22/6">22/6</a> المؤرخ 21 آذار/مارس 2013<sup>(</sup><authorialNote marker="4" placement="bottom" eId="authorialNote_4"><p xml:space="preserve">	()	المرجع نفسه<span class="italic">، الدورة الثامنة والستون، الملحق رقم 53 </span>(<a href="https://undocs.org/ar/A/68/53">A/68/53</a>)<span class="italic">،</span> الفصل الرابع، الفرع ألف.</p></authorialNote><sup>)</sup> و <a href="https://undocs.org/ar/A/HRC/RES/31/32">31/32</a> المؤرخ 24 آذار/مارس 2016<sup>(</sup><authorialNote marker="5" placement="bottom" eId="authorialNote_5"><p xml:space="preserve">	()	المرجع نفسه، <span class="italic">الدورة الحادية والسبعون</span>، (<a href="https://undocs.org/ar/A/71/53">A/71/53</a>)، الفصل الرابع، الفرع ألف.</p></authorialNote><sup>)</sup> و <a href="https://undocs.org/ar/A/HRC/RES/34/5">34/5</a> المؤرخ 23 آذار/مارس 2017<sup>(</sup><authorialNote marker="6" placement="bottom" eId="authorialNote_6"><p xml:space="preserve">	()	المرجع نفسه، <span class="italic">الدورة الثانية والسبعون</span>، (<a href="https://undocs.org/ar/A/72/53">A/72/53</a>)، الفصل الرابع، الفرع ألف.</p></authorialNote><sup>)</sup> و <a href="https://undocs.org/ar/A/HRC/RES/40/11">40/11</a> المؤرخ 21 آذار/مارس 2019<sup>(</sup><authorialNote marker="7" placement="bottom" eId="authorialNote_7"><p xml:space="preserve">	()	المرجع نفسه، <span class="italic">الدورة الرابعة والسبعون</span>، (<a href="file://unhq.un.org/shared/arabic_wordperfect/MSWDocs/_2Semifinal/A/74/53">A/74/53</a>)، الفصل الرابع، الفرع ألف.</p></authorialNote><sup>)</sup>،</p>
      </container>
      <container name="وإذ تؤكد من جديد" eId="container_7">
        <p xml:space="preserve">
          <span class="bold italic">وإذ تؤكد من جديد</span> أن الدول تتحمل المسؤولية الرئيسية عن احترام جميع حقوق الإنسان والحريات الأساسية الواجبة لجميع الأشخاص وعن تعزيزها وحمايتها وأنها ملزمة بالقيام بذلك،</p>
      </container>
      <container name="وإذ تكرر تأكيدها" eId="container_8">
        <p xml:space="preserve">
          <span class="bold italic">وإذ تكرر تأكيدها</span> أن جميع حقوق الإنسان والحريات الأساسية هي حقوق وحريات عالمية غير قابلة للتجزئة ومترابطة ومتشابكة، وينبغي تعزيزها وتنفيذها بطريقة عادلة ومنصفة، دون الإخلال بإعمال أي من هذه الحقوق والحريات،</p>
      </container>
      <container name="وإذ تعيد تأكيد" eId="container_9">
        <p xml:space="preserve">
          <span class="bold italic">وإذ تعيد تأكيد</span> أهمية الإعلان المتعلق بالمدافعين عن حقوق الإنسان وتنفيذه بشكل كامل وفعال وأن تعزيز الاحترام والدعم والحماية لأنشطة المدافعين عن حقوق الإنسان، بمن فيهم المدافعات عن حقوق الإنسان ومن ينتمون منهم إلى الشعوب الأصلية والمدافعون عن حقوق الإنسان البيئية أمر أساسي لكفالة التمتع التام بحقوق الإنسان، وإذ تسلم بالدور الجوهري الذي يمكن أن يؤديه المدافعون عن حقوق الإنسان في دعم الجهود المبذولة لتعزيز سبل منع نشوب النزاعات وإحلال السلام وتحقيق التنمية المستدامة، بما يشمل حماية البيئة، عن طريق الحوار والانفتاح والمشاركة والعدالة، بوسائل منها رصد جميع الحقوق المدنية والسياسية والاقتصادية والاجتماعية والثقافية وغيرها من الحقوق بما فيها الحق في التنمية، وتقديم التقارير عنها والمساهمة في تعزيزها وحمايتها، وفي سياق تنفيذ خطة التنمية المستدامة لعام 2030<sup>(</sup><authorialNote marker="8" placement="bottom" eId="authorialNote_8"><p xml:space="preserve">	()	القرار <a href="https://undocs.org/ar/A/RES/70/1">70/1</a>.</p></authorialNote><sup>)</sup>،</p>
      </container>
      <container name="وإذ تسلم" eId="container_10">
          <p xml:space="preserve">
            <span class="bold italic">وإذ تسلم </span>بالدور الإيجابي الهام والمشروع الذي يؤديه المدافعون عن حقوق الإنسان في تعزيز وحماية حقوق الإنسان من حيث التمتع ببيئة آمنة ونظيفة وصحية ومستدامة، وإذ يساورها قلق بالغ لكون مَن يتصدون من المدافعين عن حقوق الإنسان للقضايا البيئية، المشار إليهم بالمدافعين عن حقوق الإنسان البيئية، أكثرهم تعرضاً للمخاطر،</p>
      </container>
      <container name="وإذ تشدد" eId="container_11">
        <p xml:space="preserve">
          <span class="bold italic">وإذ تشدد</span> على الدور الإيجابي والهام والمشروع الذي يؤديه المدافعون عن حقوق الإنسان في الترويج والدعوة لإعمال كل حقوق الإنسان على الصعد المحلي والوطني والإقليمي والدولي، بوسائل منها التواصل مع الحكومات والإسهام في الجهود المبذولة كي تؤدي الدول واجباتها وتفي بالتزاماتها في هذا الصدد،</p>
      </container>
      <container name="وإذ تؤكد" eId="container_12">
        <p xml:space="preserve">
          <span class="bold italic">وإذ تؤكد</span> أنه لدى ممارسة الحقوق والحريات المشار إليها في الإعلان، يجب ألا يخضع المدافعون عن حقوق الإنسان، سواء تصرفوا بمفردهم أو بالاشتراك مع غيرهم، إلا للقيود التي تتوافق مع الالتزامات الدولية الواجبة التطبيق والتي يقررها القانون لغرض واحد فقط هو كفالة الاعتراف الواجب بحقوق وحريات الآخرين والاحترام الواجب لها وتلبية المقتضيات العادلة التي يمليها الالتزام الأخلاقي والنظام العام والخير العام في مجتمع ديمقراطي، </p>
      </container>
      <container name="وإذ تشدد" eId="container_13">
        <p xml:space="preserve">
          <span class="bold italic">وإذ تشدد</span> على أن التشريعات الوطنية المتسقة مع أحكام الميثاق والقانون الدولي لحقوق الإنسان تشكل الإطار القانوني الذي يعمل في ظله المدافعون عن حقوق الإنسان بشكل سلمي من أجل تعزيز حقوق الإنسان والحريات الأساسية وحمايتها،</p>
      </container>
      <container name="وإذ ترحب" eId="container_14">
        <p xml:space="preserve">
          <span class="bold italic">وإذ ترحب</span> بالخطوات التي اتخذتها بعض الدول بغية تهيئة بيئة آمنة ومواتية لتعزيز حقوق الإنسان وحمايتها والدفاع عنها، وإذ تعترف في هذا الصدد بالجهود الإيجابية التي تبذلها السلطات، والمؤسسات الوطنية لحقوق الإنسان أينما وُجدت، والمجتمع المدني من أجل صياغة وسن السياسات والقوانين والبرامج والممارسات الوطنية ذات الصلة،</p>
      </container>
      <container name="وإذ تضع في اعتبارها" eId="container_15">
        <p xml:space="preserve">
          <span class="bold italic">وإذ تضع في اعتبارها</span> أن القوانين والأحكام الإدارية المحلية وتطبيقها ينبغي ألا يعيقا عمل المدافعين عن حقوق الإنسان بل أن يُمكِّنا من إنجازه، بسبل منها تفادي تجريم هذا العمل أو وصمه أو تعريضه لأي عوائق أو عراقيل أو قيود على نحو يُنافي واجبات الدول والتزاماتها بموجب القانون الدولي لحقوق الإنسان،</p>
      </container>
      <container name="وإذ يساورها قلق شديد" eId="container_16">
        <p xml:space="preserve">
          <span class="bold italic">وإذ يساورها قلق شديد</span> من أن التشريعات الوطنية المتعلقة بالأمن ومكافحة الإرهاب والجريمة الإلكترونية والتدابير الأخرى، من قبيل القوانين التي تنظم عمل منظمات المجتمع المدني، يُساء استخدامها في بعض الحالات لاستهداف المدافعين عن حقوق الإنسان أو أنها تعوق عملهم وتعرض سلامتهم للخطر على نحو مناف للقانون الدولي، </p>
      </container>
      <container name="وإذ تسلم" eId="container_17">
          <p xml:space="preserve">
            <span class="bold italic">وإذ تسلم</span> بالأهمية الملحة للتصدي لاستخدام التشريعات بهدف إعاقة أو تقييد قدرة المدافعين عن حقوق الإنسان على ممارسة عملهم من دون مبرر، ولاتخاذ خطوات ملموسة لمنع ذلك ووقفه، بوسائل منها إعادة النظر في التشريعات ذات الصلة وطريقة إنفاذها، وتعديلها عند الاقتضاء، لضمان الامتثال للقانون الدولي لحقوق الإنسان،</p>
      </container>
        <container name="وإذ تسلم أيضا" eId="container_18">
          <p xml:space="preserve">
            <span class="bold italic">وإذ تسلم أيضا </span>بأن حماية المدافعين عن حقوق الإنسان لا يمكن تحقيقها بالكامل إلا في سياق نهج كلي يشمل تعزيز المؤسسات الديمقراطية ومكافحة الإفلات من العقاب والحد من التفاوت الاقتصادي وتحقيق المساواة في الوصول إلى العدالة، </p>
        </container>
      <container name="وإذ ترحب" eId="container_19">
        <p xml:space="preserve">
          <span class="bold italic">	وإذ ترحب</span> بالاجتماع الرفيع المستوى للجمعية العامة بشأن الذكرى السنوية العشرين للإعلان المتعلق بحق ومسؤولية الأفراد والجماعات وهيئات المجتمع في تعزيز وحماية حقوق الإنسان والحريات الأساسية المعترف بها عالميا، الذي أكد المساهمة الهامة للمدافعين عن حقوق الإنسان في حماية حقوق الإنسان والتنمية والسلام، وإذ تحيط علما مع التقدير بتقرير الأمين العام عن الجهود التي تبذلها الأمم المتحدة لتعزيز تنفيذ الإعلان<sup>(</sup><authorialNote marker="9" placement="bottom" eId="authorialNote_9"><p xml:space="preserve">	()	<a href="https://undocs.org/ar/A/73/230">A/73/230</a>.</p></authorialNote><sup>)</sup>، </p>
      </container>
      <container name="وإذ تؤكد" eId="container_20">
        <p xml:space="preserve">
          <span class="bold italic">وإذ تؤكد</span> أهمية المشاركة الفعالة للمدافعين عن حقوق الإنسان في تنفيذ الإعلان وإذ تؤكد من جديد حق كل شخص، بمفرده وبالاشتراك مع غيره، في الوصول دون عائق إلى الهيئات الدولية والاتصال بها، لا سيما الأمم المتحدة وممثلوها وآلياتها العاملة في ميدان حقوق الإنسان، بما يشمل مجلس حقوق الإنسان وإجراءاته الخاصة وآلية الاستعراض الدوري الشامل وهيئات المعاهدات، علاوة على الآليات الإقليمية المعنية بحقوق الإنسان، كل وفقاً لولايته ونظامه الداخلي وطرائق عمله الحالية، دون خوف من الانتقام،</p>
      </container>
      <container name="وإذ تشير" eId="container_21">
        <p xml:space="preserve">
          <span class="bold italic">وإذ تشير</span> إلى قرارها <a href="https://undocs.org/ar/A/RES/74/5">74/5</a> المؤرخ 15 تشرين الأول/أكتوبر 2019 الذي أعلنت بموجبه يوم 28 أيلول/ سبتمبر يوما دوليا لتعميم الانتفاع بالمعلومات، وإذ تحيط علماً مع التقدير بتقرير مفوض الأمم المتحدة السامي لحقوق الإنسان المعنون ”الإجراءات والممارسات المتبعة فيما يتعلق بمشاركة المجتمع المدني مع المنظمات الدولية والإقليمية“<sup>(</sup><authorialNote marker="10" placement="bottom" eId="authorialNote_10"><p xml:space="preserve">	()	<a href="https://undocs.org/ar/A/HRC/38/18">A/HRC/38/18</a>.</p></authorialNote><sup>)</sup>،</p>
      </container>
      <container name="وإذ تسلم" eId="container_22">
          <p xml:space="preserve">
            <span class="bold italic">وإذ تسلم</span> بأنه على الرغم من أن التدابير المؤسسية المتاحة لحماية المدافعين عن حقوق الإنسان وتعزيز عملهم داخل الأمم المتحدة والمنظمات الإقليمية والنظم الوطنية تزداد عددا منذ اعتماد الإعلان، فإنها لا تزال غير كافية للتصدي للانتهاكات والتجاوزات المستمرة المرتكبة ضد المدافعين عن حقوق الإنسان في جميع أنحاء العالم، وبأنه لا بد من تعزيز الجهود من أجل التنفيذ الفعال للإعلان،</p>
      </container>
      <container name="وإذ تؤكد" eId="container_23">
        <p xml:space="preserve">
          <span class="bold italic">وإذ تؤكد</span> ضرورة قيام الدول والجهات الفاعلة من غير الدول باتخاذ مزيد من الإجراءات لتهيئة بيئة آمنة ومواتية للمدافعين عن حقوق الإنسان وحمايتهم، مع مراعاة تنوع أحوالهم وتنوع السياقات التي يعملون فيها،</p>
      </container>
    </preamble>
    <mainBody>
      <paragraph eId="para_24" class="SingleTxt">
        <content eId="para_24__content">
          <p xml:space="preserve">	1 -	<span class="bold italic">تعرب عن بالغ القلق</span> إزاء حالة المدافعين عن حقوق الإنسان في جميع أنحاء العالم، وتدين بشدة قتل المدافعين عن حقوق الإنسان، بمن فيهم المدافعات عن حقوق الإنسان والمدافعون عن حقوق الإنسان من الشعوب الأصلية وعن حقوق الإنسان البيئية، وجميع انتهاكات أو تجاوزات حقوق الإنسان الأخرى المرتكبة بحقهم من جانب الجهات التابعة للدول والجهات من غير الدول، وتؤكد أن تلك الأفعال قد تشكل انتهاكا للقانون الدولي وتقوض التنمية المستدامة على الصعد المحلي والوطني والإقليمي والدولي؛ </p>
        </content>
      </paragraph>
      <paragraph eId="para_25" class="SingleTxt">
        <content eId="para_25__content">
          <p xml:space="preserve">	2 -	<span class="bold italic">تؤكد</span> أهمية الدور الذي يؤديه المدافعون عن حقوق الإنسان في دعم الدول في تحقيق خطة التنمية المستدامة لعام 2030<sup>(8)</sup>، بما في ذلك التعهد بألا يترك أحد خلف الركب وبالوصول أولا إلى من هم أكثر تخلفا عن الركب؛ </p>
        </content>
      </paragraph>
      <paragraph eId="para_26" class="SingleTxt">
        <content eId="para_26__content">
          <p xml:space="preserve">	3 -	<span class="bold italic">ترحب</span> بعمل المقرر الخاص لمجلس حقوق الإنسان المعني بحالة المدافعين عن حقوق الإنسان وتحيط علما بتقاريره المقدمة إلى مجلس حقوق الإنسان والجمعية العامة، وتشجع جميع الدول على النظر في تنفيذ التوصيات الواردة في التقارير وعلى التعاون مع المقرر الخاص ومد يد العون له؛ </p>
        </content>
      </paragraph>
      <paragraph eId="para_27" class="SingleTxt">
        <content eId="para_27__content">
          <p xml:space="preserve">	4 -	<span class="bold italic">تحث</span> الدول على تهيئة بيئة آمنة ومواتية، بوسائل منها تنفيذ التشريعات الوطنية القائمة التي تمتثل للقانون الدولي لحقوق الإنسان، وعند الضرورة، اعتماد وتنفيذ تدابير تشريعية وإدارية شاملة، تتيح للمدافعين عن حقوق الإنسان العمل دون أي عراقيل أو أعمال انتقامية أو انعدام الأمن، بما يكفل، في جملة أمور، الحق في المشاركة في إدارة الشؤون العامة وفي الحياة الثقافية، والتمتع بحرية التماس المعلومات وتلقيها ونقلها إلى الآخرين والمساواة في الوصول إلى العدالة، بما يشمل سبل الانتصاف الفعالة؛</p>
        </content>
      </paragraph>
      <paragraph eId="para_28" class="SingleTxt">
        <content eId="para_28__content">
          <p xml:space="preserve">	5 -	<span class="bold italic">تدين</span> جميع أعمال التخويف والانتقام التي تقوم بها الجهات التابعة للدول والجهات من غير الدول، سواء على شبكة الإنترنت أو خارجها، ضد الأفراد والجماعات وهيئات المجتمع، بما في ذلك ضد المدافعين عن حقوق الإنسان وممثليهم القانونيين وشركائهم في العمل وأفراد أسرهم، ممن يسعون إلى التعاون مع الهيئات دون الإقليمية والإقليمية والدولية، ومنها الأمم المتحدة وممثلوها وآلياتها، في ميدان حقوق الإنسان أو ممن يتعاونون معها أو سبق أن تعاونوا معها في هذا الميدان، وتهيب بقوة بجميع الدول أن تكفل إعمال حق الجميع في الوصول إلى الهيئات الدولية، بما فيها الأمم المتحدة والإجراءات الخاصة التابعة لها وآلية الاستعراض الدوري الشامل وهيئات المعاهدات، إضافة إلى آليات حقوق الإنسان الإقليمية، وفي الاتصال بتلك الهيئات دون أية عوائق، سواء أقاموا بذلك منفردين أم بالاشتراك مع آخرين؛ </p>
        </content>
      </paragraph>
      <paragraph eId="para_29" class="SingleTxt">
        <content eId="para_29__content">
          <p xml:space="preserve">	6 -	<span class="bold italic">تواصل الإعراب عن القلق بوجه خاص</span> إزاء ما تتعرض له المدافعات عن حقوق الإنسان على اختلاف أعمارهن من تمييز وعنف ومضايقة بصورة عامة وبنيوية، بما في ذلك العنف الجنسي والجنساني، فضلا عن حملات التشهير وتشويه السمعة، على شبكة الإنترنت وخارجها، وتكرر تأكيد دعوتها الملحة إلى أن تتخذ الدول الخطوات المناسبة والناجعة والعملية لحمايتهن وأن تدمج منظورا جنسانيا في ما تبذله من جهود لتهيئة بيئة آمنة ومواتية للدفاع عن حقوق الإنسان؛ </p>
        </content>
      </paragraph>
      <paragraph eId="para_30" class="SingleTxt">
        <content eId="para_30__content">
          <p xml:space="preserve">	7 -	<span class="bold italic">تسلم</span> بأن الديمقراطية وسيادة القانون عنصران أساسيان لتهيئة بيئة آمنة ومواتية ولحماية المدافعين عن حقوق الإنسان، وتحث الدول على اتخاذ تدابير لتعزيز المؤسسات الديمقراطية والحفاظ على الحيز المدني وتعزيز سيادة القانون ومكافحة الإفلات من العقاب؛</p>
        </content>
      </paragraph>
      <paragraph eId="para_31" class="SingleTxt">
        <content eId="para_31__content">
          <p xml:space="preserve">	8 -	<span class="bold italic">تهيب </span>بالدول أن تعترف، من خلال البيانات العامة أو السياسات أو البرامج أو القوانين، بالدور الهام والمشروع الذي يضطلع به المدافعون عن حقوق الإنسان في تعزيز جميع حقوق الإنسان والديمقراطية وسيادة القانون بوصفها عناصر أساسية لضمان حمايتهم، وذلك بوسائل منها احترام استقلالية منظماتهم وتجنب وصم عملهم؛ </p>
        </content>
      </paragraph>
      <paragraph eId="para_32" class="SingleTxt">
        <content eId="para_32__content">
          <p xml:space="preserve">	9 -	<span class="bold italic">تؤكد مجددا</span> جدوى وفائدة التشاور والحوار مع المدافعين عن حقوق الإنسان فيما يتصل بالسياسات والبرامج العامة، لأغراض منها توفير الحماية، وإذ تعرب عن تقديرها للمشاركة الفعالة للمدافعين عن حقوق الإنسان في وضع البرامج والسياسات والممارسات ذات الصلة بعملهم، وتشجع الدول على إجراء مشاورات هادفة مع المدافعين عن حقوق الإنسان بصفة منتظمة، وتشجع كذلك الدول على أن تعين في الإدارة العامة جهات اتصال تُعنى بالمدافعين عن حقوق الإنسان أو أن تستعين لهذا الغرض بآليات أخرى ذات صلة؛ </p>
        </content>
      </paragraph>
      <paragraph eId="para_33" class="SingleTxt">
        <content eId="para_33__content">
          <p xml:space="preserve">	10 -	<span class="bold italic">تهيب</span> بالدول كافة أن تتخذ جميع التدابير اللازمة لضمان حقوق وسلامة جميع الأشخاص، بمن فيهم المدافعون عن حقوق الإنسان، الذين يمارسون في جملة أمور الحقوق في حرية الرأي، والتعبير، والتجمع السلمي وتكوين الجمعيات، وهي حقوق لا غنى عنها لتعزيز حقوق الإنسان وحمايتها؛ </p>
        </content>
      </paragraph>
      <paragraph eId="para_34" class="SingleTxt">
        <content eId="para_34__content">
          <p xml:space="preserve">	11 -	<span class="bold italic">تحث</span> الدول على التحقيق في الشكاوى والادعاءات المتعلقة بالتهديدات أو بانتهاكات وتجاوزات حقوق الإنسان التي ترتكبها جهات تابعة للدول وجهات من غير الدول بحق الأفراد، بمن فيهم المدافعون عن حقوق الإنسان أو ممثلوهم القانونيون أو شركاؤهم في العمل أو أفراد أسرهم، وذلك بطريقة سريعة وفعالة ومستقلة وقابلة للمساءلة، والشروع، عند الاقتضاء، في إجراءات قضائية ضد مرتكبي تلك الأعمال لضمان القضاء على الإفلات من العقاب على هذه الأعمال، والإبلاغ علنا، إلى أقصى حد ممكن، عن التحقيقات والإجراءات؛ </p>
        </content>
      </paragraph>
      <paragraph eId="para_35" class="SingleTxt">
        <content eId="para_35__content">
          <p xml:space="preserve">	12 -	<span class="bold italic">تهيب</span> بالدول أن تتخذ خطوات ملموسة لمنع الاعتقال والاحتجاز التعسفيين ووقفهما، بما في ذلك اعتقال المدافعين عن حقوق الإنسان واحتجازهم تعسفاً، وتحث بشدة في هذا الصدد على الإفراج عن الأشخاص المحتجزين أو المسجونين، في انتهاك لالتزامات الدول وتعهداتها بموجب القانون الدولي لحقوق الإنسان، بسبب ممارستهم حقوق الإنسان والحريات الأساسية الواجبة لهم، مثل الحقوق في حرية التعبير والتجمع السلمي وتكوين الجمعيات، بما في ذلك فيما يتصل بالتعاون مع الأمم المتحدة أو آليات دولية أخرى في مجال حقوق الإنسان؛ </p>
        </content>
      </paragraph>
      <paragraph eId="para_36" class="SingleTxt">
        <content eId="para_36__content">
          <p xml:space="preserve">	13 -	<span class="bold italic">تهيب أيضا </span>بالدول أن تتخذ التدابير المناسبة لمنع جميع أشكال العنف والتخويف والتهديدات والهجمات ضد المدافعين عن حقوق الإنسان على شبكة الإنترنت ومن خلال التكنولوجيات الرقمية، وأن تحمي المدافعين عن حقوق الإنسان، بمن فيهم المدافعات عن حقوق الإنسان، في الفضاءات الإلكترونية وأن تنظر في اعتماد القوانين والسياسات والممارسات التي تحميهم من التشهير وخطاب الكراهية مع التأكيد في الوقت نفسه على الحق في حرية التعبير والحق في الخصوصية؛</p>
        </content>
      </paragraph>
      <paragraph eId="para_37" class="SingleTxt">
        <content eId="para_37__content">
          <p xml:space="preserve">	14 -	<span class="bold italic">تهيب كذلك</span> بالدول أن تضع وتنفذ مبادرات مناسبة وفعالة لحماية المدافعين عن حقوق الإنسان المعرضين للخطر أو الذين يعيشون ظروفا هشة، بوسائل منها التشاور المجدي معهم وعلى أساس تحليل شامل للمخاطر، فضلا عن ضمان أن تكون هذه التدابير شاملة وأن تستجيب لاحتياجات الحماية للأفراد والمجتمعات التي يعيشون فيها وأن تكون بمثابة إنذار مبكر لكفالة أن يتمكن المدافعون عن حقوق الإنسان، عند تعرضهم للتهديد، من الوصول الفوري إلى السلطات المختصة والمزوَّدة بالموارد الكافية لتوفير التدابير الوقائية الفعالة؛</p>
        </content>
      </paragraph>
      <paragraph eId="para_38" class="SingleTxt">
        <content eId="para_38__content">
          <p xml:space="preserve">	15 -	<span class="bold italic">تهيب</span> بالدول أن تضمن تلقي المعنيين بحماية المدافعين عن حقوق الإنسان أو ممثليهم القانونيين أو شركائهم في العمل أو أفراد أسرهم، تدريبا في مجال حقوق الإنسان وأن تضمن أيضا تلبية الاحتياجات في مجال الحماية للمدافعين عن حقوق الإنسان المعرضين للخطر، وتشجع الجهات من غير الدول على أن تضمن ذلك أيضا؛ </p>
        </content>
      </paragraph>
      <paragraph eId="para_39" class="SingleTxt">
        <content eId="para_39__content">
          <p xml:space="preserve">	16 -	<span class="bold italic">تشدد</span> على الدور المشروع والقيّم الذي يؤديه المدافعون عن حقوق الإنسان في جهود الوساطة وفي دعم الضحايا في اللجوء إلى سبل الانتصاف الفعالة فيما يتعلق بانتهاكات وتجاوزات حقوق الإنسان المكفولة لهم، بما فيها حقوقهم الاقتصادية والاجتماعية والثقافية، وذلك لفائدة فئات منها سكان المجتمعات المحلية الفقيرة والمجتمعات المحلية التي تعيش ظروفا هشة والأشخاص المنتمون إلى الأقليات والشعوب الأصلية؛ </p>
        </content>
      </paragraph>
      <paragraph eId="para_40" class="SingleTxt">
        <content eId="para_40__content">
          <p xml:space="preserve">	17 -	<span class="bold italic">تشدد أيضا </span>على أهمية المؤسسات الوطنية لحقوق الإنسان، المنشأة والعاملة وفقاً للمبادئ المتعلقة بمركز المؤسسات الوطنية لتعزيز حقوق الإنسان وحمايتها (مبادئ باريس)<sup>(</sup><authorialNote marker="11" placement="bottom" eId="authorialNote_11"><p xml:space="preserve">	()	القرار <a href="https://undocs.org/ar/A/RES/48/134">48/134</a>، المرفق.</p></authorialNote><sup>)</sup>، في التواصل المستمر مع المدافعين عن حقوق الإنسان وفي رصد التشريعات القائمة وإطلاع الدول باستمرار على تأثيرها في أنشطة المدافعين عن حقوق الإنسان، بوسائل منها تقديم توصيات مناسبة وعملية؛ </p>
        </content>
      </paragraph>
      <paragraph eId="para_41" class="SingleTxt">
        <content eId="para_41__content">
          <p xml:space="preserve">	18 -	<span class="bold italic">تشجع بقوة</span> الدول على وضع وتنفيذ سياسات وبرامج عامة شاملة ومستدامة ومراعية للمنظور الجنساني تدعم المدافعين عن حقوق الإنسان وتحميهم في جميع مراحل عملهم، وتكفل التنسيق الفعال بين الجهات الفاعلة المؤسسية ذات الصلة، بما في ذلك التنسيق داخل الصعيدين الوطني والمحلي، وتعالج أسباب الاعتداءات على المدافعين والعقبات التي تحول دون الدفاع عن الحقوق، وعلى أن تأخذ هذه السياسات والبرامج العامة في الاعتبار، في جملة أمور، تنوع أحوال المدافعين عن حقوق الإنسان وتنوع السياقات التي يعملون فيها، والأبعاد المتقاطعة للانتهاكات والاعتداءات المرتكبة ضد المدافعات عن حقوق الإنسان، والشعوب الأصلية، والأطفال، والأشخاص المنتمين إلى الأقليات، والمجتمعات المحلية الريفية؛ </p>
        </content>
      </paragraph>
      <paragraph eId="para_42" class="SingleTxt">
        <content eId="para_42__content">
          <p xml:space="preserve">	19 -	<span class="bold italic">تقر</span> بما لتعزيز سلامة المدافعين عن حقوق الإنسان وحمايتها من مساهمة هامة في تحقيق أهداف التنمية المستدامة، ولا سيما الغاية 16-10، وتهيب بالدول أن تعزز الآليات الوطنية لجمع بيانات مصنفة عن عدد ما تم التحقق منه من حالات القتل والاختطاف والاختفاء القسري والاحتجاز التعسفي والتعذيب وغيرها من الأفعال التي تنطوي على إلحاق الأذى بمناصري حقوق الإنسان، وتحليل تلك البيانات والإبلاغ عنها، على نحو ما ورد في المؤشر 6-10-1 من مؤشرات أهداف التنمية المستدامة، وأن تبذل قصارى جهدها لتوفير هذه البيانات للهيئات المعنية؛ </p>
        </content>
      </paragraph>
      <paragraph eId="para_43" class="SingleTxt">
        <content eId="para_43__content">
          <p xml:space="preserve">	20 -	<span class="bold italic">تقر أيضا</span> بأهمية ومشروعية الدور الذي يقوم به المدافعون عن حقوق الإنسان في الوقوف على آثار المشاريع الإنمائية والعمليات التي تنفذها مؤسسات الأعمال التجارية في حقوق الإنسان وعلى فوائد تلك المشاريع والعمليات والمخاطر المرتبطة بها، وفي التوعية بها، وذلك فيما يخص أمورا منها الصحة في مكان العمل، والسلامة والحقوق، واستغلال الموارد الطبيعية، ومسائل البيئة والأراضي والتنمية، من خلال الإعراب عن آرائهم أو شواغلهم إزاء السياسات أو الإجراءات الحكومية أو أنشطة مؤسسات الأعمال التجارية أو عن انتقادهم أو معارضتهم لها، وتشدد على ضرورة أن تتخذ الحكومات التدابير اللازمة لحماية المجال الذي يستوعب هذا الحوار العام والمشاركين فيه؛</p>
        </content>
      </paragraph>
      <paragraph eId="para_44" class="SingleTxt">
        <content eId="para_44__content">
          <p xml:space="preserve">	21 -	<span class="bold italic">تهيب</span> بجميع الدول أن تنفذ المبادئ التوجيهية المتعلقة بالأعمال التجارية وحقوق الإنسان: تنفيذ إطار الأمم المتحدة المعنون ”الحماية والاحترام والانتصاف“<sup>(</sup><authorialNote marker="12" placement="bottom" eId="authorialNote_12"><p xml:space="preserve">	()	<a href="https://undocs.org/ar/A/HRC/17/31">A/HRC/17/31</a>، المرفق.</p></authorialNote><sup>)</sup> وتشجع الجهات من غير الدول على تنفيذها، وتشدد على مسؤولية جميع المؤسسات التجارية، سواء عبر الوطنية أو غيرها، عن احترام حقوق الإنسان، بما في ذلك الحق في الحياة، وحرية المدافعين عن حقوق الإنسان وأمنهم الشخصي، وممارستهم للحقوق في حرية التعبير والتجمع السلمي وتكوين الجمعيات، والمشاركة في مباشرة الشؤون العامة، وتؤكد كذلك على أهمية أن تنشئ المؤسسات التجارية آليات تظلم على المستوى التنفيذي تتسم بالفعالية وسهولة اللجوء إليها للجهات التي قد تتأثر سلبا من أفراد ومجتمعات، أو أن تشارك فيها؛ </p>
        </content>
      </paragraph>
      <paragraph eId="para_45" class="SingleTxt">
        <content eId="para_45__content">
          <p xml:space="preserve">	22 -	<span class="bold italic">تؤكد مجددا بقوة</span> على الحاجة الملحة إلى احترام العمل الذي يضطلع به المدافعون عن حقوق الإنسان الذين يسعون إلى تعزيز الحقوق الاقتصادية والاجتماعية والثقافية ويدافعون عنها، وإلى حماية ذلك العمل وتيسيره وتعزيزه، باعتبار ذلك عاملاً حيوياً يساهم في إعمال تلك الحقوق، بما في ذلك ما يتصل منها بمسائل البيئة والأراضي والشعوب الأصلية وأنشطة الأعمال التجارية علاوة على التنمية، وذلك بسبل منها مساءلة الشركات؛</p>
        </content>
      </paragraph>
      <paragraph eId="para_46" class="SingleTxt">
        <content eId="para_46__content">
          <p xml:space="preserve">	23 -<span class="bold italic">	تحث </span>الجهات الفاعلة من غير الدول، بما فيها الشركات عبر الوطنية وغيرها من مؤسسات الأعمال التجارية، على أن تضطلع بمسؤوليتها في احترام حقوق الإنسان والحريات الأساسية لجميع الأشخاص، بمن فيهم المدافعون عن حقوق الإنسان، وتشدد على الحاجة إلى كفالة بذل العناية الواجبة في مراعاة حقوق الإنسان وضمان مساءلة الشركات عبر الوطنية وغيرها من مؤسسات الأعمال وقيامها بتقديم ما يكفي من وسائل الانتصاف، كما تحث الدول على أن تعتمد السياسات والقوانين ذات الصلة في هذا الصدد، بما يشمل محاسبة جميع الشركات عن ضلوعها في تهديد المدافعين عن حقوق الإنسان أو مهاجمتهم؛ </p>
        </content>
      </paragraph>
      <paragraph eId="para_47" class="SingleTxt">
        <content eId="para_47__content">
          <p xml:space="preserve">	24 -	<span class="bold italic">تحيط علما</span> بتقرير الأمين العام عن الذكرى العشرين لإعلان المدافعين عن حقوق الإنسان<sup>(9)</sup>، الذي دعا فيه إلى وضع نهج أكثر اتساقا وشمولا لدعم الأمم المتحدة للإعلان، وتشجع مفوضية الأمم المتحدة لحقوق الإنسان على أن تواصل، بالتشاور مع المقرر الخاص والإجراءات الخاصة الأخرى لمجلس حقوق الإنسان، تجميع وإتاحة المعلومات بشأن أفضل الممارسات والتحديات في هذا الصدد، وتطلب إلى جميع الكيانات والمؤسسات المعنية التابعة لمنظومة الأمم المتحدة أن تقوم، في حدود ولاياتها، بتقديم كل ما يمكن من مساعدة ودعم إلى المقرر الخاص في سبيل الوفاء بولايته على نحو فعال، بما في ذلك في سياق الزيارات القطرية وعن طريق تقديم مقترحات بشأن سبل ووسائل ضمان حماية المدافعين عن حقوق الإنسان، وتطلب إلى المقرر الخاص مواصلة تقديم تقارير سنوية عن أنشطته إلى الجمعية العامة ومجلس حقوق الإنسان، وفقاً للولاية؛</p>
        </content>
      </paragraph>
      <paragraph eId="para_48" class="SingleTxt">
        <content eId="para_48__content">
          <p xml:space="preserve">	25 -	<span class="bold italic">تقرر</span> أن تبقي المسألة قيد نظرها.</p>
        </content>
      </paragraph>
    </mainBody>
    <conclusions eId="conclusions">
      <p>
        <inline name="adoptionMeeting" title="50">الجلسة العامة 50</inline>
        <eol />
        <docDate date="2019-12-18" refersTo="#adoptionDate">18 كانون الأول/ديسمبر 2019</docDate>
      </p>
    </conclusions>
  </statement>
</akomaNtoso>