<akomaNtoso xmlns:xsi="http://www.w3.org/2001/XMLSchema-instance" xsi:schemaLocation="http://docs.oasis-open.org/legaldocml/ns/akn/3.0 http://docs.oasis-open.org/legaldocml/akn-core/v1.0/os/part2-specs/schemas/akomantoso30.xsd" xmlns="http://docs.oasis-open.org/legaldocml/ns/akn/3.0" xmlns:html="http://www.w3.org/1999/xhtml" xmlns:akn4un="http://un.org/akn4un">
  <statement name="resolution">
    <meta>
      <identification source="#DGACM">
        <FRBRWork>
          <FRBRthis value="/akn/un/statement/deliberation/unga/2019-12-19/74-199/!main/"></FRBRthis>
          <FRBRuri value="/akn/un/statement/deliberation/unga/2019-12-19/74-199/"></FRBRuri>
          <FRBRdate date="2019-12-19" name="adoption"></FRBRdate>
          <FRBRauthor href="ga" as="author"></FRBRauthor>
          <FRBRcountry value="un"></FRBRcountry>
        </FRBRWork>
        <FRBRExpression>
          <FRBRthis value="/akn/un/statement/deliberation/unga/2019-12-19/74-199/ara@!main/"></FRBRthis>
          <FRBRuri value="/akn/un/statement/deliberation/unga/2019-12-19/74-199/ara@/"></FRBRuri>
          <FRBRdate date="2020-01-13" name="publication"></FRBRdate>
          <FRBRauthor href="ga" as="issuer"></FRBRauthor>
          <FRBRlanguage language="ara"></FRBRlanguage>
        </FRBRExpression>
        <FRBRManifestation>
          <FRBRthis value="/akn/un/statement/deliberation/unga/2019-12-19/74-199/ara@/!main.xml"></FRBRthis>
          <FRBRuri value="/akn/un/statement/deliberation/unga/2019-12-19/74-199/ara@.xml"></FRBRuri>
          <FRBRdate date="2020-09-02" name="markup"></FRBRdate>
          <FRBRauthor href="DGACM" as="editor"></FRBRauthor>
        </FRBRManifestation>
      </identification>
      <classification source="http://metadata.un.org/sdg">
        <keyword value="17" href="http://metadata.un.org/sdg/17" showAs="sdg_17" dictionary="SDGO"></keyword>
        <keyword value="sustainable_development" href="http://eurovoc.europa.eu/5585" showAs="sustainable_development" dictionary="EuroVoc"></keyword>
        <keyword value="partnership" href="http://eurovoc.europa.eu/4199" showAs="partnership" dictionary="EuroVoc"></keyword>
        <keyword value="sustainable_development" href="http://metadata.un.org/thesaurus/1006319" showAs="sustainable_development" dictionary="UNBIS Thesaurus"></keyword>
        <keyword value="partnership" href="http://metadata.un.org/thesaurus/1004748" showAs="partnership" dictionary="UNBIS Thesaurus"></keyword>
      </classification>
      <classification source="http://metadata.un.org/sdg">
        <keyword value="16" href="http://metadata.un.org/sdg/16" showAs="sdg_16" dictionary="SDGO"></keyword>
        <keyword value="right_to_justice" href="http://eurovoc.europa.eu/516" showAs="right_to_justice" dictionary="EuroVoc"></keyword>
        <keyword value="sustainable_development" href="http://eurovoc.europa.eu/5585" showAs="sustainable_development" dictionary="EuroVoc"></keyword>
        <keyword value="civil_society" href="http://metadata.un.org/thesaurus/1001012" showAs="civil_society" dictionary="UNBIS Thesaurus"></keyword>
        <keyword value="justice" href="http://metadata.un.org/thesaurus/1003500" showAs="justice" dictionary="UNBIS Thesaurus"></keyword>
        <keyword value="peaceful_coexistence" href="http://metadata.un.org/thesaurus/1004777" showAs="peaceful_coexistence" dictionary="UNBIS Thesaurus"></keyword>
        <keyword value="public_institutions" href="http://metadata.un.org/thesaurus/1005254" showAs="public_institutions" dictionary="UNBIS Thesaurus"></keyword>
        <keyword value="social_justice" href="http://metadata.un.org/thesaurus/1005970" showAs="social_justice" dictionary="UNBIS Thesaurus"></keyword>
        <keyword value="sustainable_development" href="http://metadata.un.org/thesaurus/1006319" showAs="sustainable_development" dictionary="UNBIS Thesaurus"></keyword>
      </classification>
      <classification source="http://metadata.un.org/sdg">
        <keyword value="2" href="http://metadata.un.org/sdg/2" showAs="sdg_2" dictionary="SDGO"></keyword>
        <keyword value="food_shortage" href="http://eurovoc.europa.eu/2318" showAs="food_shortage" dictionary="EuroVoc"></keyword>
        <keyword value="sustainable_agriculture" href="http://eurovoc.europa.eu/6308" showAs="sustainable_agriculture" dictionary="EuroVoc"></keyword>
        <keyword value="food_security" href="http://eurovoc.europa.eu/c_4523e1dd" showAs="food_security" dictionary="EuroVoc"></keyword>
        <keyword value="food_security" href="http://metadata.un.org/thesaurus/1002439" showAs="food_security" dictionary="UNBIS Thesaurus"></keyword>
        <keyword value="food_shortage" href="http://metadata.un.org/thesaurus/1002440" showAs="food_shortage" dictionary="UNBIS Thesaurus"></keyword>
        <keyword value="hunger" href="http://metadata.un.org/thesaurus/1003004" showAs="hunger" dictionary="UNBIS Thesaurus"></keyword>
        <keyword value="sustainable_agriculture" href="http://metadata.un.org/thesaurus/1006317" showAs="sustainable_agriculture" dictionary="UNBIS Thesaurus"></keyword>
      </classification>
      <workflow source="#un">
        <step date="2019-11-21" outcome="draftResolution" as="A/C.2/74/L.68" by="submitted by the Rapporteur of the Committee" />
        <step date="0001-01-01" outcome="draftResolutionAdditionalSponsors" by="" />
        <step date="0001-01-01" outcome="recommendedForAdoption" as="A/74/379" by="" refersTo="17" />
        <step date="2019-12-19" outcome="adopted" as="A/74/PV.52" by="" />
      </workflow>
      <analysis source="#un">
        <parliamentary>
          <voting outcome="adoptedWithoutVote">
            <quorum value=""></quorum>
          </voting>
        </parliamentary>
      </analysis>
      <references source="#DGACM">
        <TLCOrganization eId="source" href="/akn/ontology/organization/un/DGACM" showAs="DGACM"></TLCOrganization>
        <TLCConcept eId="dateOfIssuance" href="/akn/ontology/concept/un/dateOfIssuance" showAs="Date of issuance"></TLCConcept>
        <TLCConcept eId="dateOfAdoption" href="/akn/ontology/concept/un/dateOfAdoption" showAs="Date of adoption"></TLCConcept>
        <TLCConcept eId="symbol" href="/akn/ontology/reference/un/symbol" showAs="Symbol"></TLCConcept>
        <TLCRole eId="publisher" href="/akn/ontology/role/un/publisher" showAs="Publisher"></TLCRole>
        <TLCRole eId="issuingBody" href="/akn/role/concept/un/issuingBody" showAs="Issuing body"></TLCRole>
        <TLCRole eId="author" href="/akn/ontology/role/un/author" showAs="Author"></TLCRole>
        <TLCRole eId="editor" href="/akn/ontology/role/un/editor" showAs="Editor"></TLCRole>
        <TLCRole eId="distribution" href="/akn/ontology/concept/un/generalDistribution" showAs="General distribution"></TLCRole>
        <TLCOrganization eId="ga" href="/akn/ontology/organization/un/generalAssembly" showAs="General Assembly"></TLCOrganization>
        <TLCTerm eId="resolutionTitle" href="/akn/ontology/reference/un/resolutionTitle" showAs="Resolution title"></TLCTerm>
        <TLCTerm eId="secondCommittee" href="#secondCommittee" showAs="اللجنة الثانية"></TLCTerm>
        <TLCTerm eId="memberState" href="/akn/ontology/organization/un/memberState" showAs="Member State"></TLCTerm>
        <TLCTerm eId="inFavour" href="/akn/ontology/concept/un/voting/inFavour" showAs="In favour"></TLCTerm>
        <TLCTerm eId="against" href="/akn/ontology/concept/un/voting/against" showAs="Against"></TLCTerm>
        <TLCTerm eId="abstaining" href="/akn/ontology/concept/un/voting/abstaining" showAs="Abstaining"></TLCTerm>
      </references>
      <presentation source="#un">
        <akn4un:footerFirstPage>
          <akn4un:footerFirstPageLeft>
            <akn4un:internalCode>
              <docketNumber refersTo="#publicationJobNumber">19-22412 (A)</docketNumber>
              <img alt="bar code" class="barCode" src=""></img>
            </akn4un:internalCode>
          </akn4un:footerFirstPageLeft>
          <akn4un:footerFirstPageRight>
            <img alt="Please recycle" class="image" src="./recylcleLogo.jpg"></img>
            <img alt="embedded QR code" class="qrCode" src=""></img>
          </akn4un:footerFirstPageRight>
        </akn4un:footerFirstPage>
      </presentation>
    </meta>
    <coverPage eId="coverPage_1">
      <p>
        <span refersTo="#publisher" class="upperLeft">
          <docAuthority refersTo="#publisher">الأمــم المتحـدة</docAuthority>
        </span>
      </p>
      <p class="upperRight">
        <docNumber refersTo="#symbol">A/RES/74/199</docNumber>
      </p>
      <p class="upperLeft">
        <img src="logo-un.jpg"></img>
        <docAuthority refersTo="#issuingBody" class="rightBig">الجمعية العامة</docAuthority>
      </p>
      <p>
        <docStatus refersTo="#generalDistribution" class="rightSmall">Distr.: General</docStatus>
      </p>
      <p>
        <docDate date="2020-01-13" class="rightSmall" refersTo="#dateOfIssuance">13 January 2020</docDate>
      </p>
      <p>
        <session refersTo="#generalAssembly" value="74" eId="coverPage_1__session_1">الدورة الرابعة والسبعون</session>
      </p>
      <p>
        <inline name="agenda item">البند 17 من جدول الأعمال</inline>
      </p>
      <p>
        <inline name="agenda item name">المسائل المتعلقة بسياسات الاقتصاد الكلي</inline>
      </p>
      <p>
        <docTitle>قرار اتخذته الجمعية العامة في 19 كانون الأول/ديسمبر 2019</docTitle>
      </p>
      <p xml:space="preserve">
        <docProponent refersTo="#secondCommittee">[بناء على تقرير اللجنة الثانية (<inline name="originating document">A/74/379</inline>)]</docProponent>
      </p>
    </coverPage>
    <preface>
      <p>
        <docNumber>74/199.</docNumber>
        <docTitle refersTo="#resolutionTitle">-	تشجيع الاستثمارات من أجل التنمية المستدامة</docTitle>
      </p>
    </preface>
    <preamble>
      <formula name="enactingFormula" eId="formula_1">
        <p xml:space="preserve">
          <span class="bold italic">إن الجمعية العامة</span>،</p>
      </formula>
      <container name="إذ تعيد تأكيد" eId="container_2">
        <p xml:space="preserve">
          <span class="bold italic">إذ تعيد تأكيد</span> قرارها <a href="https://undocs.org/ar/A/RES/70/1">70/1</a> المؤرخ 25 أيلول/سبتمبر 2015 والمعنون ”تحويل عالمنا: خطة التنمية المستدامة لعام 2030“، الذي اعتمدت بموجبه مجموعة من الأهداف والغايات العالمية الشاملة والبعيدة المدى المتعلقة بالتنمية المستدامة، التي تركز على الناس وتفضي إلى التحول، والتزامِها بالعمل دون كلل من أجل تنفيذ هذه الخطة بالكامل بحلول عام 2030، وإدراكها أن القضاء على الفقر بجميع صوره وأبعاده، بما في ذلك الفقر المدقع، هو أكبر تحد يواجه العالم وشرط لا غنى عنه لتحقيق التنمية المستدامة، والتزامها بتحقيق التنمية المستدامة بأبعادها الثلاثة - الاقتصادي والاجتماعي والبيئي - على نحو متوازن ومتكامل، وبالاستفادة من الإنجازات التي تحققت في إطار الأهداف الإنمائية للألفية والسعي إلى استكمال ما لم يُنفَّذ من تلك الأهداف،</p>
      </container>
      <container name="وإذ تعيد أيضا تأكيد " eId="container_3">
          <p xml:space="preserve">
            <span class="bold italic">وإذ تعيد أيضا تأكيد</span> قرارها <a href="https://undocs.org/ar/A/RES/69/313">69/313</a> المؤرخ 27 تموز/يوليه 2015 بشأن خطة عمل أديس أبابا الصادرة عن المؤتمر الدولي الثالث لتمويل التنمية، التي تشكّل جزءا لا يتجزأ من خطة التنمية المستدامة لعام 2030، وتدعمها وتُكمِّلها وتساعد على توضيح سياق غاياتها المتصلة بوسائل التنفيذ من خلال سياسات وإجراءات عملية، وتعيد تأكيد الالتزام السياسي القوي بالتصدي لتحدي التمويل وتهيئة بيئة مؤاتية على جميع المستويات لتحقيق التنمية المستدامة، بروحٍ من الشراكة والتضامن على الصعيد العالمي،</p>
      </container>
        <container name="وإذ تشدّد " eId="container_4">
          <p xml:space="preserve">
            <span class="bold italic">وإذ تشدّد</span> على أن النجاح في تحقيق أهداف التنمية المستدامة والقضاء على الفقر بجميع أشكاله وأبعاده يتوقف على تهيئة بيئة مؤاتية على جميع المستويات،</p>
        </container>
      <container name="وإذ تقر " eId="container_5">
          <p xml:space="preserve">
            <span class="bold italic">وإذ تقر</span> بأن تنشيط الشراكة العالمية سييسّر الانخراط في مسعى عالمي حثيث لدعم تنفيذ جميع أهداف التنمية المستدامة وغاياتها، تلتئم في إطاره الحكومات والمجتمع المدني والقطاع الخاص ومنظومة الأمم المتحدة وسائر الجهات الفاعلة، وتحتشد في ظله كافة الموارد المتاحة،</p>
      </container>
      <container name="وإذ تشير " eId="container_6">
        <p xml:space="preserve">
          <span class="bold italic">وإذ تشير </span>إلى أن خطة التنمية المستدامة لعام 2030 تعترف بأن تنفيذ التنمية المستدامة سيكون رهن المشاركة الفعالة للقطاعين العام والخاص والمنظمات الدولية الأخرى المعنية، بما فيها المؤسسات المالية الدولية والمصارف الإنمائية المتعددة الأطراف،</p>
      </container>
      <container name="وإذ تلاحظ" eId="container_7">
        <p xml:space="preserve">
          <span class="bold italic">وإذ تلاحظ</span> انعقاد المنتدى العالمي السادس للاستثمار في جنيف في الفترة من 22 إلى 26 تشرين الأول/أكتوبر 2018، وإذ ترحب بالمعرض الثاني للاستثمار في أهداف التنمية المستدامة الذي أقيم في نيويورك في الفترة من 15 إلى 17 نيسان/أبريل 2019، وإذ تلاحظ قيام الأمين العام بإنشاء التحالف العالمي للمستثمرين من أجل التنمية المستدامة،</p>
      </container>
      <container name="وإذ تحيط علما" eId="container_8">
        <p xml:space="preserve">
          <span class="bold italic">وإذ تحيط علما</span>
          <span class="italic">بتقرير الاستثمار العالمي لعام 2019</span> و<span class="italic">تقرير تمويل التنمية المستدامة لعام 2019</span> و<span class="italic">التقرير العالمي للتنمية المستدامة</span>، وبالوثيقة الختامية الصادرة عن منتدى المجلس الاقتصادي والاجتماعي المعني بمتابعة تمويل التنمية لعام 2019<sup>(</sup><authorialNote marker="1" placement="bottom" eId="authorialNote_1"><p xml:space="preserve">	()	انظر <a href="https://undocs.org/ar/E/FFDF/2019/3">E/FFDF/2019/3</a>.</p></authorialNote><sup>)</sup>،</p>
      </container>
      <container name="وإذ تلاحظ" eId="container_9">
        <p xml:space="preserve">
          <span class="bold italic">وإذ تلاحظ</span> ما تقوم به الأمم المتحدة من عمل في مجال الاستثمارات من أجل التنمية المستدامة، بما في ذلك منتدى الاستثمار العالمي لمؤتمر الأمم المتحدة للتجارة والتنمية ومعرض الاستثمار في أهداف التنمية المستدامة ومنتدى المجلس الاقتصادي والاجتماعي المعني بمتابعة تمويل التنمية،</p>
      </container>
      <container name="وإذ تلاحظ أيضا" eId="container_10">
        <p xml:space="preserve">
          <span class="bold italic">وإذ تلاحظ أيضا</span> جميع المبادرات المتخذة على الصُعد العالمي والإقليمي والمحلي بهدف التوسّع في حشد التمويل العام والخاص من أجل الاستثمار في تنفيذ خطة التنمية المستدامة لعام 2030 بأبعادها الثلاثة وتعميق التعاون الدولي،</p>
      </container>
      <container name="وإذ تلاحظ كذلك" eId="container_11">
        <p xml:space="preserve">
          <span class="bold italic">وإذ تلاحظ كذلك</span> ما للاستثمار المؤثِّر في تمويل التنمية المستدامة من إمكانات على صعيد دعم السياسات والخطط والأولويات والاحتياجات الإنمائية الوطنية من أجل تحقيق أهداف التنمية المستدامة،</p>
      </container>
      <container name="وإذ تسلّم" eId="container_12">
          <p xml:space="preserve">
            <span class="bold italic">وإذ تسلّم</span> بأن تحقيق أهداف التنمية المستدامة سيستلزم تحوّلا نحو آفاق الاستثمار الطويل الأجل، وإذ تشجع في هذا الصدد المستثمرين على اتخاذ تدابير تحفّز المزيد من الاستثمارات الطويلة الأجل، وإذ تسلم أيضا بأن التمويل الدولي للتنمية، العام والخاص، يمكن إذا ما كمَّلته آليات تمويل مبتكرة أخرى، منها التمويل المختلط، أن يلعب دورا هاما في توسيع ما نبذله من جهود جماعية من أجل تغطية الاحتياجات التمويلية اللازمة لتحقيق أهداف التنمية المستدامة،</p>
      </container>
        <container name="وإذ تسلّم أيضا" eId="container_13">
          <p xml:space="preserve">
            <span class="bold italic">وإذ تسلّم أيضا</span> بأن مباشرة الأعمال الحرة يمكن أن تساعد في تنفيذ خطة التنمية المستدامة لعام 2030، وإذ تشدد على أهمية تطوير أنماط استهلاك وإنتاج مستدامة، وإذ تؤكد ضرورة تعزيز فرص وآليات التمويل المستدام والمبتكر لإطلاق العنان لتدفقات جديدة من رؤوس الأموال نحو الاستثمار المستدام والنهوض بنماذج النشاط التجاري المستدامة، مع التركيز بشكل خاص على المشاريع المتناهية الصغر والصغيرة والمتوسطة،</p>
        </container>
          <container name="وإذ تشدّد أيضا" eId="container_14">
          <p xml:space="preserve">
            <span class="bold italic">وإذ تشدّد </span>على ضرورة دعم جهود التنمية الوطنية بتهيئة بيئة اقتصادية مؤاتية بوسائل منها إنشاء نظم عالمية متسقة ومتعاضدة في الميادين التجاري والنقدي والمالي وتعزيز الحوكمة الاقتصادية العالمية وتحسينها، وإذ تؤكد في هذا الصدد أن آفاق تحقُّق زيادة في الاستثمار الأجنبي المباشر على الصعيد العالمي تعطلها مجموعةٌ من عوامل الخطر،</p>
          </container>
        <container name="وإذ تشدّد أيضا" eId="container_15">
          <p xml:space="preserve">
            <span class="bold italic">وإذ تشدّد أيضا</span> على أن تحقيق أهداف التنمية المستدامة ليس بالأمر المستطاع دون توافر الاستثمار الخاص والعام، بما في ذلك الاستثمار الأجنبي الطويل الأجل، وهو الاستثمار الذي يمكن حشده عندما تتوافر بيئة مؤاتية على جميع المستويات،</p>
        </container>
      <container name="وإذ تدرك" eId="container_16">
        <p xml:space="preserve">
          <span class="bold italic">وإذ تدرك</span> أهمية الاستدامة على مستوى الشركات، بما يشمل الإبلاغ على النحو المناسب عن الآثار البيئية والاجتماعية والإدارية، للمساعدة في ضمان الشفافية والمساءلة وتلافي الممارسات التي تحبط الجهود الرامية إلى تحقيق أهداف التنمية المستدامة،</p>
      </container>
      <container name="وإذ تؤكد مجددا" eId="container_17">
        <p xml:space="preserve">
          <span class="bold italic">وإذ تؤكد مجددا</span> الالتزام بإحداث زيادة كبيرة في الاستثمارات لسدِّ الفجوة بين الجنسين وتعزيز دعم المؤسسات في مجال المساواة بين الجنسين وتمكين المرأة على الصُعد العالمي والإقليمي والوطني،</p>
      </container>
      <container name="وإذ تلاحظ مع القلق" eId="container_18">
        <p xml:space="preserve">
          <span class="bold italic">وإذ تلاحظ مع القلق</span> أن الاستثمارات التي لها أهمية حاسمة في تحقيق أهداف التنمية المستدامة لا تزال تعاني من نقص التمويل، وإذ تدرك أنه سيلزم المزيد من الاستثمار والتمويل من القطاعين العام والخاص على الصعيدين الوطني والدولي لتلبية الاحتياجات الاستثمارية الضخمة، المرتبطة بالثغرات، من أجل تحقيق هذه الأهداف، بما في ذلك الاستثمار في إنشاء بنى تحتية عالية الجودة موثوقة ومستدامة وقادرة على الصمود من أجل دعم التنمية الاقتصادية ورفاه الإنسان، مع التركيز على سبل الوصول العادل للجميع وبتكلفة معقولة،</p>
      </container>
      <container name="وإذ تسلّم" eId="container_19">
          <p xml:space="preserve">
            <span class="bold italic">وإذ تسلّم</span> بأهمية التمويل العام الدولي، ومنه المساعدة الإنمائية الرسمية، بالنسبة إلى الجهود التي تبذلها البلدان النامية من أجل تحقيق أهداف التنمية المستدامة لأسباب منها قدرته على تحفيز حشد موارد إضافية من مصادر أخرى، عامة وخاصة، حيث إنه يستطيع أن يدعم تحسين تحصيل الضرائب وأن يساعد في تعزيز بيئات محلية مؤاتية وفي توفير الخدمات العامة الأساسية،</p>
      </container>
      <container name="وإذ تشدد" eId="container_20">
        <p xml:space="preserve">
          <span class="bold italic">وإذ تشدد</span> على أن المساهمة التي دُعي القطاع الخاص إلى تقديمها في تمويل أهداف التنمية المستدامة ليست بديلا عن التمويل العام بل هي بالأحرى عنصر هام مكمِّل له،</p>
      </container>
      <container name="وإذ تلاحظ بقلق" eId="container_21">
        <p xml:space="preserve">
          <span class="bold italic">وإذ تلاحظ بقلق</span> أن مسار الاستثمار الأجنبي المباشر بقي ضعيفاً منذ عام 2015 وأن تدفقات الاستثمار الأجنبي المباشر إلى البلدان النامية ما زالت، رغم حدوث زيادة طفيفة فيها في عام 2018، غير موزعة بالتساوي بين المناطق وبين مجموعات البلدان، حيث لا تتلقى القارة الأفريقية وأقل البلدان نموا والبلدان النامية غير الساحلية والدول الجزرية الصغيرة النامية إلا حصة ضئيلة أو لا تُذكر من الاستثمار الأجنبي المباشر،</p>
      </container>
      <container name="وإذ تشدّد" eId="container_22">
          <p xml:space="preserve">
            <span class="bold italic">وإذ تشدّد</span> علي أن الشفافية والشمول في النظُم المالية والنقدية والتجارية الدولية ووجودَ مؤسسات قوية علي جميع المستويات وتصميمَ وتنفيذ سياسات، بما في ذلك أنظمة لأسواق رأس المال، حسب الاقتضاء، تشجّع تقديم الحوافز علي طول سلسلة الاستثمار وتكون متسقةً مع مؤشرات الأداء والاستدامة الطويلة الأجل وتقلّل من التقلبات، هي عوامل لا غنى عنها لتشجيع الاستثمار وتحقيق نمو اقتصادي مطرد والقضاء علي الفقر وإيجاد فرص العمل في البلدان النامية، وإذ تشدّد في هذا الصدد علي الحاجة إلى مزيد من الدعم الدولي وإلى مناخ استثماري يتسم بالتنافسية على جميع المستويات حتى يتسنى للبلدان النامية أن تحقق أهداف التنمية المستدامة،</p>
      </container>
      <container name="وإذ تدرك" eId="container_23">
        <p xml:space="preserve">
          <span class="bold italic">وإذ تدرك</span> أن الأنشطة التجارية والاستثمارات والأعمال الحرة والابتكارات التي يضطلع بها القطاع الخاص على الصعيدين الوطني والدولي على نحو مراعٍ للمسؤولية والمساءلة من المنظورين الاجتماعي والبيئي، بما في ذلك تكافؤ فرص الوصول المتاحة للنساء والشباب، هي محركات رئيسية للإنتاجية والنمو الاقتصادي الشامل للجميع ولإيجاد فرص العمل حتى لا يُترك أحد خلف الركب،</p>
      </container>
      <container name="وإذ تلاحظ" eId="container_24">
        <p xml:space="preserve">
          <span class="bold italic">وإذ تلاحظ</span> الدور الذي يقوم به مركز اسطنبول الدولي التابع لبرنامج الأمم المتحدة الإنمائي والمعني بدور القطاع الخاص في التنمية، من خلال تفاعله مع القطاع الخاص لأغراض تحقيق أهداف التنمية المستدامة وتعزيز الأسواق الشاملة للجميع وتنمية الأعمال التجارية على نحو مستدام،</p>
      </container>
      <container name="وإذ تقر" eId="container_25">
          <p xml:space="preserve">
            <span class="bold italic">وإذ تقر </span>بأهمية الاستثمارات في القطاع التكنولوجي والاقتصاد الرقمي لتعزيز الاتصال الإلكتروني والشراكات الرقمية، وبأن تطوير التكنولوجيا ونقلها محركٌ قوي للتنمية المستدامة، وبأن هناك حاجة إلى تعزيز الروابط بين الشركات المتعددة الجنسيات والقطاعين العام والخاص المحليين، حسب الاقتضاء، لتيسير تطوير التكنولوجيا ونقلها بشروط متفق عليها،</p>
      </container>
    </preamble>
    <mainBody>
      <paragraph eId="para_26" class="SingleTxt">
        <content eId="para_26__content">
          <p xml:space="preserve">	1 -	<span class="bold italic">تشدّد </span>على أن تعزيز الاستثمارات في القيمة المضافة وفي تجهيز الموارد الطبيعية والتنويع الإنتاجي يكفل تنمية أكثر شمولا واستدامة، وتشجّع في هذا الصدد تسريع الجهود الوطنية وتوطيد التعاون الدولي في المجالات التي تدعم السياسات والبرامج الرامية إلى زيادة استثمارات القطاعين العام والخاص والاستثمارات المحلية والدولية لإحداث تغييرات هيكلية في اقتصادات البلدان النامية؛</p>
        </content>
      </paragraph>
      <paragraph eId="para_27" class="SingleTxt">
        <content eId="para_27__content">
          <p xml:space="preserve">	2 -	<span class="bold italic">تشجّع</span> تعزيز فرص وآليات التمويل المستدام والمبتكر لإطلاق العنان لتدفقات جديدة من رؤوس الأموال نحو الاستثمار المستدام والنهوض بنماذج النشاط التجاري المستدامة، مع التركيز بشكل خاص على المشاريع المتناهية الصغر والصغيرة والمتوسطة؛</p>
        </content>
      </paragraph>
      <paragraph eId="para_28" class="SingleTxt">
        <content eId="para_28__content">
          <p xml:space="preserve">	3 -	<span class="bold italic">تلاحظ مع القلق</span> أن العديد من أقل البلدان نموا والدول الجزرية الصغيرة النامية ما زالت لا تستفيد من الاستثمار الأجنبي المباشر الذي من شأنه أن يساعدها على تنويع اقتصاداتها، رغم ما أدخلته من تحسينات على مناخها الاستثماري؛</p>
        </content>
      </paragraph>
      <paragraph eId="para_29" class="SingleTxt">
        <content eId="para_29__content">
          <p xml:space="preserve">	4 -	<span class="bold italic">تلاحظ مع القلق أيضا</span> الفجوة في فرص حصول المشاريع المتناهية الصغر والصغيرة والمتوسطة على رأس المال، ولا سيما الأعمال التجارية التي تديرها النساء ومباشرو الأعمال الحرة من الشباب والأشخاص ذوو الإعاقة، وتعترف بأن الأسواق المالية يمكن أن تكون وسيلةً قوية للنمو الاقتصادي والتخفيف من وطأة الفقر، بما في ذلك عندما تدعم هذه الأسواق الأعمالَ التجارية التي تكون أنشطتها مؤثرةً في مجال التنمية المستدامة وعندما يكون الحصول على الائتمان شاملا للجميع في جميع قطاعات الاقتصاد؛</p>
        </content>
      </paragraph>
      <paragraph eId="para_30" class="SingleTxt">
        <content eId="para_30__content">
          <p xml:space="preserve">	5 -	<span class="bold italic">تدرك</span> أن الاستثمار الأجنبي المباشر يمكن أن يأتي بنتائج إيجابية غير مباشرة، مثل توفير الخبرة الفنية والتكنولوجيا، بسبل منها إقامة الروابط مع الموردين المحليين وتشجيع إدماج المنشآت المحلية، ولا سيما المشاريع المتناهية الصغر والصغيرة والمتوسطة في البلدان النامية، في سلاسل القيمة الإقليمية والعالمية؛</p>
        </content>
      </paragraph>
      <paragraph eId="para_31" class="SingleTxt">
        <content eId="para_31__content">
          <p xml:space="preserve">	6 -	<span class="bold italic">تشدّد</span> على أن الاستثمار الأجنبي المباشر يمكن أن تكون له آثار متفاوتة على أهداف التنمية المستدامة، وتؤكد الحاجة إلى تعزيز تواؤم الاستثمار الأجنبي المباشر مع السياسات الوطنية والاستراتيجيات الوطنية للتنمية المستدامة؛</p>
        </content>
      </paragraph>
      <paragraph eId="para_32" class="SingleTxt">
        <content eId="para_32__content">
          <p xml:space="preserve">	7 -<span class="bold italic">	تقر</span> بضرورة وضع وتعزيز السياسات، وعند الاقتضاء، تحسين الأطُر التنظيمية من أجل المواءمة على نحو أفضل بين حوافز القطاع الخاص وأهداف التنمية المستدامة، بما يشمل تقديم الحوافز للقطاع الخاص لكي يعتمد ممارسات مستدامة، ومن أجل تعزيز الاستثمارات الجيدة الطويلة الأجل؛</p>
        </content>
      </paragraph>
      <paragraph eId="para_33" class="SingleTxt">
        <content eId="para_33__content">
          <p xml:space="preserve">	8 -	<span class="bold italic">تشجع</span> الجهود الوطنية والدولية الرامية إلى إدماج الاستدامة في النظام المالي ومن ثم إعادة توجيه تدفقات رؤوس الأموال نحو الاستثمارات المستدامة من المنظور الاقتصادي والاجتماعي والبيئي؛</p>
        </content>
      </paragraph>
      <paragraph eId="para_34" class="SingleTxt">
        <content eId="para_34__content">
          <p xml:space="preserve">	9 -	<span class="bold italic">تشجع أيضا</span> الجهات الفاعلة المالية بجميع مستوياتها على العمل من أجل وضع ممارسات مالية شاملة للجميع وتمثيلية ومسؤولة، بما في ذلك ممارسات تتناول الشفافية والإفصاح والمعايير، حسب الاقتضاء؛</p>
        </content>
      </paragraph>
      <paragraph eId="para_35" class="SingleTxt">
        <content eId="para_35__content">
          <p xml:space="preserve">	10 -	<span class="bold italic">ترحب</span> بالتقدّم الذي أحرزه العديد من البلدان في مجال تعزيز البيئة المؤاتية للأعمال التجارية والاستثمارات التي يقوم بها القطاع الخاص، ولكنها تلاحظ أن ثمة مجالا لمزيد من العمل، بما في ذلك عن طريق تكثيف الجهود لمكافحة الفساد، من أجل إيجاد مناخ للأعمال التجارية والاستثمار يكون قادراً على اجتذاب استثمارات القطاع الخاص ومشاركته دعماً للتنمية المستدامة؛</p>
        </content>
      </paragraph>
      <paragraph eId="para_36" class="SingleTxt">
        <content eId="para_36__content">
          <p xml:space="preserve">	11 -	<span class="bold italic">تكرر تأكيد</span> أن تحقيق قدر أكبر من المساواة بين الجنسين في توزيع الموارد الاقتصادية يمكن أن يوفر للمرأة وسائل لتوليد الدخل وأنه يخلق آثارا مضاعِفة إيجابية دعماً لتحقيق نمو شامل للجميع وعادل ومستدام، وتكرر في هذا الصدد الحاجة إلى إجراءات واستثمارات محددة الأهداف؛</p>
        </content>
      </paragraph>
      <paragraph eId="para_37" class="SingleTxt">
        <content eId="para_37__content">
          <p xml:space="preserve">	12 -	<span class="bold italic">تقر</span> بأهمية اشتراك القطاع الخاص مع المنظمات الوطنية والدولية والحكومية الدولية والدول الأعضاء ومع غيرها من الجهات المعنية، حسب الاقتضاء، فيما تبذله من جهود من أجل تحقيق أهداف التنمية المستدامة، وذلك بطريقة فعالة وتشاورية تخضع للمساءلة؛</p>
        </content>
      </paragraph>
      <paragraph eId="para_38" class="SingleTxt">
        <content eId="para_38__content">
          <p xml:space="preserve">	13 -	<span class="bold italic">تلاحظ</span> أهمية اتباع المؤسسات ممارسات مستدامة، بما يشمل إدماج العوامل البيئية والاجتماعية والإدارية في تقارير الشركات حسب الاقتضاء، على أن تُترك للبلدان حرية تحديد التوازن المناسب بين القواعد الطوعية والإلزامية، وتشجع الأعمال التجارية على اعتماد مبادئ الأعمال والاستثمارات المسؤولة؛</p>
        </content>
      </paragraph>
      <paragraph eId="para_39" class="SingleTxt">
        <content eId="para_39__content">
          <p xml:space="preserve">	14 -	<span class="bold italic">تقر</span> بأهمية إبلاغ الشركات عن الاستدامة فيما تقدمه من تقارير، وتشجع الشركات، ولا سيما الشركات المسجلة في البورصات والشركات الكبرى، على دمج المعلومات المتعلقة بالاستدامة وببذل العناية الواجبة في دورة الإبلاغ الخاصة بها، وتشجع دوائر الصناعة والحكومات المهتمة والجهات المعنية صاحبة المصلحة على أن تقوم، بدعم من منظومة الأمم المتحدة، حسب الاقتضاء، باستحداث نماذج لأفضل الممارسات وتعزيز ما هو قائم منها، وتسهيل العمل على إدراج تقارير تتعلق بالاستدامة، مع مراعاة الخبرات المكتسبة من الأطر القائمة وإيلاء اهتمام خاص لاحتياجات البلدان النامية، بما في ذلك بناء القدرات، وترحب في هذا السياق بتعاون الاتفاق العالمي للأمم المتحدة مع مبادرة الإبلاغ العالمية ومجلس الأعمال العالمي للتنمية المستدامة؛</p>
        </content>
      </paragraph>
      <paragraph eId="para_40" class="SingleTxt">
        <content eId="para_40__content">
          <p xml:space="preserve">	15 -	<span class="bold italic">تهيب</span> بالدول الأعضاء أن تعمل على التخفيف من التوتر وغيره من عوامل الخطر وأن تهيئ بيئات مؤاتية لزيادة الاستثمار الطويل الأجل والمستدام تطبعها عدة سمات منها توافر سياسات للاستثمار منفتحة وشفافة وغير تمييزية؛</p>
        </content>
      </paragraph>
      <paragraph eId="para_41" class="SingleTxt">
        <content eId="para_41__content">
          <p xml:space="preserve">	16 -	<span class="bold italic">تلاحظ مع القلق</span> تزايد عدد سكان الأحياء الفقيرة والآثار السلبية على صحتهم وسلامتهم وفرصهم لكسب العيش، وتشجع في هذا الصدد الاضطلاعَ باستثمارات محددة الأهداف لكفالة الإسكان الميسور التكلفة والمناسب ومواصلةَ الاستثمار من أجل تحقيق غايات أهداف التنمية المستدامة في هذه القطاعات بحلول عام 2030؛</p>
        </content>
      </paragraph>
      <paragraph eId="para_42" class="SingleTxt">
        <content eId="para_42__content">
          <p xml:space="preserve">	17 -	<span class="bold italic">تشدد</span> على أن القطاع الخاص يمكن أن يساهم في تحقيق أهداف خطة التنمية المستدامة لعام 2030<sup>(</sup><authorialNote marker="2" placement="bottom" eId="authorialNote_2"><p xml:space="preserve">	()	القرار <a href="https://undocs.org/ar/A/RES/70/1">70/1</a>.</p></authorialNote><sup>)</sup> بطرق عديدة، بما في ذلك من خلال تطبيق الحلول الإبداعية والابتكارية لإيجاد حلول لتحديات التنمية المستدامة، ومواءمة نماذج أعماله التجارية مع أهداف التنمية المستدامة، ودعم جهود القطاع العام في مجالات منها الحد من مخاطر الكوارث والعمل المناخي وتنمية المهارات، وفقا للخطط والسياسات الوطنية؛</p>
        </content>
      </paragraph>
      <paragraph eId="para_43" class="SingleTxt">
        <content eId="para_43__content">
          <p xml:space="preserve">	18 -	<span class="bold italic">ترحب</span> بالاهتمام المتزايد بين المستثمرين بأخذ مسائل الاستدامة في الاعتبار في قراراتهم الاستثمارية، ولكنها تقر بأن هناك حاجة إلى مزيد من العمل لتحليل ورصد وقياس إسهام هذا الاهتمام في بلوغ أهداف التنمية المستدامة وزيادة أثره الإنمائي الإيجابي إلى أقصى حد ممكن؛</p>
        </content>
      </paragraph>
      <paragraph eId="para_44" class="SingleTxt">
        <content eId="para_44__content">
          <p xml:space="preserve">	19 -	<span class="bold italic">تقر</span> بأن الحدّ من مخاطر الكوارث، على النحو المبين في إطار سِنداي للحد من مخاطر الكوارث للفترة 2015-2030<sup>(</sup><authorialNote marker="3" placement="bottom" eId="authorialNote_3"><p xml:space="preserve">	()	القرار <a href="https://undocs.org/ar/A/RES/69/283">69/283</a>، المرفق الثاني.</p></authorialNote><sup>)</sup>، استثمارٌ فعال من حيث التكلفة في منع وقوع خسائر مستقبلية، وتشجع الدول الأعضاء على وضع معايير وأنظمة لاستثمارات القطاعين العام والخاص المراعية لمخاطر الكوارث وعلى كفالة أن تتضمن المشاريع التي لا تزال قيد التنفيذ والمشاريع المقبولة مصرفياً تقييمات لمخاطر الكوارث؛</p>
        </content>
      </paragraph>
      <paragraph eId="para_45" class="SingleTxt">
        <content eId="para_45__content">
          <p xml:space="preserve">	20 -	<span class="bold italic">تشجع</span> الدول الأعضاء على تحقيق التنمية المستدامة بأبعادها الثلاثة بطريقة مبتكرة ومتكاملة وشفافة ومنصفة وشاملة للجميع، الأمر الذي يتطلب استثمارا كافيا ومستداما ويمكن التنبؤ به من خلال القطاعين العام والخاص على السواء؛</p>
        </content>
      </paragraph>
      <paragraph eId="para_46" class="SingleTxt">
        <content eId="para_46__content">
          <p xml:space="preserve">	21 -<span class="bold italic">	تدعو</span> جميع أصحاب المصلحة المعنيين إلى استطلاع إمكانية وضع عوامل الاستدامة في الاعتبار في تقييم الجدارة الائتمانية وإلى تعزيز أسواق الائتمان لتشجيع نمو المشاريع المتناهية الصغر والصغيرة والمتوسطة، خاصة تلك المملوكة لنساء؛</p>
        </content>
      </paragraph>
      <paragraph eId="para_47" class="SingleTxt">
        <content eId="para_47__content">
          <p xml:space="preserve">	22 -<span class="bold italic">	تسلّم</span> بتنامي الزخم الذي يولِّده الاستثمار والتمويل المستدامان، وتدعو الشركات الخاصة إلى اعتماد ممارسات مستدامة تعزز القيمة في الأجل الطويل؛</p>
        </content>
      </paragraph>
      <paragraph eId="para_48" class="SingleTxt">
        <content eId="para_48__content">
          <p xml:space="preserve">	23 -	<span class="bold italic">تشدد</span> على ضرورة تقييم المبادرات العامة والخاصة لقياس أثر الاستثمار في بلوغ أهداف التنمية المستدامة، وتحديد أوجه التشابه والاختلاف بينها، وتبيان الثغرات المحتملة؛</p>
        </content>
      </paragraph>
      <paragraph eId="para_49" class="SingleTxt">
        <content eId="para_49__content">
          <p xml:space="preserve">	24 -	<span class="bold italic">ترحب</span> في هذا الصدد بالطلب الوارد في الوثيقة الختامية لمنتدى المجلس الاقتصادي والاجتماعي لعام 2019 المعني بمتابعة تمويل التنمية والموجّه إلى فرقه العمل المشتركة بين الوكالات والمعنية بتمويل التنمية بأن تواصل تحليلها لأثر مساهمة استثمارات القطاع الخاص وأدواته في بلوغ أهداف التنمية المستدامة على الصعيد العالمي ومعايير قياس تلك المساهمة<sup>(1)</sup>، وتشجع توفير الدعم الدولي للدول الأعضاء، حسب ظروفها وأولوياتها الوطنية، لتمكينها من القيام من تلقاء نفسها بوضع أدوات عملية لقياس مساهمة القطاع الخاص في تنفيذ أهداف التنمية المستدامة علي الصعيد الوطني ولجمع بيانات حسنة التوقيت وموثوقة عن هذه المساهمة، حسب الاقتضاء؛</p>
        </content>
      </paragraph>
      <paragraph eId="para_50" class="SingleTxt">
        <content eId="para_50__content">
          <p xml:space="preserve">	25 -	<span class="bold italic">تشدد</span> على أن التمويل العام الدولي يؤدي دورا هاما في تكميل الجهود التي تبذلها البلدان من أجل حشد الموارد العامة على الصعيد المحلي وعلى أن المساعدة الإنمائية الرسمية تساعد الدول النامية، باعتبارها مصدرا حيويا لتمويل التنمية، على تأمين موارد حكومية كافية للاستثمار في القطاعات التي يمكن أن تعجِّل بتنفيذ ما تطمح إليه خطة التنمية المستدامة لعام 2030 من تحوّل، وتلاحظ في هذا الصدد ضرورة تكثيف الجهود للوفاء بالالتزامات الخاصة بكل جهة مع تركيز الموارد المقدمة بأكثر الشروط يسراً على من هم أشد احتياجا وأقل قدرة على حشد موارد أخرى؛</p>
        </content>
      </paragraph>
      <paragraph eId="para_51" class="SingleTxt">
        <content eId="para_51__content">
          <p xml:space="preserve">	26 -	<span class="bold italic">تلاحظ</span> ما ينطوي عليه التمويل المختلط من إمكانات، بما في ذلك قدرته على حشد أو تسخير أو حفز التمويل الإضافي، وتؤكد ضرورة أن تكون المشاريع متماشيةً مع الأولويات الوطنية وأن يكون لها أثر إنمائي طويل الأمد وأن تصبّ في المصلحة العامة، مع التسليم في الوقت نفسه بأن أنواع التمويل التي يمكن أن تمثل طريقة التمويل الأكثر فعالية تختلف باختلاف مجالات الاستثمار في أهداف التنمية المستدامة؛</p>
        </content>
      </paragraph>
      <paragraph eId="para_52" class="SingleTxt">
        <content eId="para_52__content">
          <p xml:space="preserve">	27 -<span class="bold italic">	تشجع</span> الدول الأعضاء على تعزيز مشاركة المساهمين والمستهلكين التي يمكن بدورها أن تشجع الشركات على مراعاة أفضليات المستهلك لاستدامة المنتَج؛</p>
        </content>
      </paragraph>
      <paragraph eId="para_53" class="SingleTxt">
        <content eId="para_53__content">
          <p xml:space="preserve">	28 -	<span class="bold italic">تهيب</span> بالشركاء في التنمية أن يواصلوا دعم الجهود الرامية إلى تعزيز أطر السياسات لتحفيز تمويل الاستثمار الإنتاجي، بما في ذلك بناء القدرات على الحصول على التمويل المتاح، ولا سيما في أقل البلدان نموا والبلدان النامية غير الساحلية والدول الجزرية الصغيرة النامية والبلدان الأفريقية، ومع الأخذ في الاعتبار التحديات الخاصة التي تواجهها البلدان المتوسطة الدخل؛</p>
        </content>
      </paragraph>
      <paragraph eId="para_54" class="SingleTxt">
        <content eId="para_54__content">
          <p xml:space="preserve">	29 -<span class="bold italic">	تشدد</span> على الحاجة إلى المساعدة التقنية والدعم في مجال بناء القدرات من أجل تشجيع الاستثمار ووضع مجموعات من المشاريع ومشاريع مقبولة مصرفياً، ولا سيما بالنسبة للبلدان النامية؛</p>
        </content>
      </paragraph>
      <paragraph eId="para_55" class="SingleTxt">
        <content eId="para_55__content">
          <p xml:space="preserve">	30 -	<span class="bold italic">تهيب</span> بمنظومة الأمم المتحدة وجميع الجهات المعنية صاحبة المصلحة أن تدعم بناء قدرات البلدان النامية في مساعيها إلى سد ثغرات الاستثمار في أهداف التنمية المستدامة، ولا سيما على مستوي البرامج القطرية، فيما يتعلق بكيفية استخدام التمويل العام لتسخير الاستثمار الخاص من أجل تنفيذ المشاريع التي تساعد على تحقيق التنمية المستدامة؛</p>
        </content>
      </paragraph>
      <paragraph eId="para_56" class="SingleTxt">
        <content eId="para_56__content">
          <p xml:space="preserve">	31 -	<span class="bold italic">تطلب</span> إلى الأمين العام أن يقوم، بالتعاون مع أمانة مؤتمر الأمم المتحدة للتجارة والتنمية، بتزويد الجمعية العامة في دورتها الخامسة والسبعين بمعلومات عن تنفيذ هذا القرار تستند إلى بحوثهما الجارية وتورَد في قسم مكرس لها من <span class="italic">تقرير الاستثمار العالمي</span>، مع التركيز بشكل خاص علي الثغرات والتحديات الماثلة والتقدم المحرز في مجال تشجيع الاستثمارات من أجل تحقيق التنمية المستدامة وإيراد توصيات محددة للنهوض بالاستثمار بغية تنفيذ خطة عام 2030، وتتطلع إلى مواصلة النظر في هذه المسائل في التقارير المقبلة لفرقة العمل المشتركة بين الوكالات والمعنية بتمويل التنمية؛</p>
        </content>
      </paragraph>
      <paragraph eId="para_57" class="SingleTxt">
        <content eId="para_57__content">
          <p xml:space="preserve">	32 -	<span class="bold italic">تقرر</span> أن تدرج في جدول الأعمال المؤقت لدورتها الخامسة والسبعين، في إطار البند المعنون ”المسائل المتعلقة بسياسات الاقتصاد الكلي“، البند الفرعي المعنون ”تشجيع الاستثمارات من أجل التنمية المستدامة“.</p>
        </content>
      </paragraph>
    </mainBody>
    <conclusions eId="conclusions">
      <p>
        <inline name="adoptionMeeting" title="52">الجلسة العامة 52</inline>
        <eol />
        <docDate date="2019-12-19" refersTo="#adoptionDate">19 كانون الأول/ديسمبر 2019</docDate>
      </p>
    </conclusions>
  </statement>
</akomaNtoso>