<akomaNtoso xmlns:xsi="http://www.w3.org/2001/XMLSchema-instance" xsi:schemaLocation="http://docs.oasis-open.org/legaldocml/ns/akn/3.0 http://docs.oasis-open.org/legaldocml/akn-core/v1.0/os/part2-specs/schemas/akomantoso30.xsd" xmlns="http://docs.oasis-open.org/legaldocml/ns/akn/3.0" xmlns:html="http://www.w3.org/1999/xhtml" xmlns:akn4un="http://un.org/akn4un">
  <statement name="resolution">
    <meta>
      <identification source="#DGACM">
        <FRBRWork>
          <FRBRthis value="/akn/un/statement/deliberation/unga/2019-12-18/74-183/!main/"></FRBRthis>
          <FRBRuri value="/akn/un/statement/deliberation/unga/2019-12-18/74-183/"></FRBRuri>
          <FRBRdate date="2019-12-18" name="adoption"></FRBRdate>
          <FRBRauthor href="ga" as="author"></FRBRauthor>
          <FRBRcountry value="un"></FRBRcountry>
        </FRBRWork>
        <FRBRExpression>
          <FRBRthis value="/akn/un/statement/deliberation/unga/2019-12-18/74-183/ara@!main/"></FRBRthis>
          <FRBRuri value="/akn/un/statement/deliberation/unga/2019-12-18/74-183/ara@/"></FRBRuri>
          <FRBRdate date="2019-12-27" name="publication"></FRBRdate>
          <FRBRauthor href="ga" as="issuer"></FRBRauthor>
          <FRBRlanguage language="ara"></FRBRlanguage>
        </FRBRExpression>
        <FRBRManifestation>
          <FRBRthis value="/akn/un/statement/deliberation/unga/2019-12-18/74-183/ara@/!main.xml"></FRBRthis>
          <FRBRuri value="/akn/un/statement/deliberation/unga/2019-12-18/74-183/ara@.xml"></FRBRuri>
          <FRBRdate date="2020-09-02" name="markup"></FRBRdate>
          <FRBRauthor href="DGACM" as="editor"></FRBRauthor>
        </FRBRManifestation>
      </identification>
      <classification source="http://metadata.un.org/sdg">
        <keyword value="17" href="http://metadata.un.org/sdg/17" showAs="sdg_17" dictionary="SDGO"></keyword>
        <keyword value="sustainable_development" href="http://eurovoc.europa.eu/5585" showAs="sustainable_development" dictionary="EuroVoc"></keyword>
        <keyword value="partnership" href="http://eurovoc.europa.eu/4199" showAs="partnership" dictionary="EuroVoc"></keyword>
        <keyword value="sustainable_development" href="http://metadata.un.org/thesaurus/1006319" showAs="sustainable_development" dictionary="UNBIS Thesaurus"></keyword>
        <keyword value="partnership" href="http://metadata.un.org/thesaurus/1004748" showAs="partnership" dictionary="UNBIS Thesaurus"></keyword>
      </classification>
      <classification source="http://metadata.un.org/sdg">
        <keyword value="16" href="http://metadata.un.org/sdg/16" showAs="sdg_16" dictionary="SDGO"></keyword>
        <keyword value="right_to_justice" href="http://eurovoc.europa.eu/516" showAs="right_to_justice" dictionary="EuroVoc"></keyword>
        <keyword value="sustainable_development" href="http://eurovoc.europa.eu/5585" showAs="sustainable_development" dictionary="EuroVoc"></keyword>
        <keyword value="civil_society" href="http://metadata.un.org/thesaurus/1001012" showAs="civil_society" dictionary="UNBIS Thesaurus"></keyword>
        <keyword value="justice" href="http://metadata.un.org/thesaurus/1003500" showAs="justice" dictionary="UNBIS Thesaurus"></keyword>
        <keyword value="peaceful_coexistence" href="http://metadata.un.org/thesaurus/1004777" showAs="peaceful_coexistence" dictionary="UNBIS Thesaurus"></keyword>
        <keyword value="public_institutions" href="http://metadata.un.org/thesaurus/1005254" showAs="public_institutions" dictionary="UNBIS Thesaurus"></keyword>
        <keyword value="social_justice" href="http://metadata.un.org/thesaurus/1005970" showAs="social_justice" dictionary="UNBIS Thesaurus"></keyword>
        <keyword value="sustainable_development" href="http://metadata.un.org/thesaurus/1006319" showAs="sustainable_development" dictionary="UNBIS Thesaurus"></keyword>
      </classification>
      <classification source="http://metadata.un.org/sdg">
        <keyword value="10" href="http://metadata.un.org/sdg/10" showAs="sdg_10" dictionary="SDGO"></keyword>
        <keyword value="social_inequality" href="http://eurovoc.europa.eu/1420" showAs="social_inequality" dictionary="EuroVoc"></keyword>
        <keyword value="equality" href="http://metadata.un.org/thesaurus/1002102" showAs="equality" dictionary="UNBIS Thesaurus"></keyword>
      </classification>
      <workflow source="#un">
        <step date="2019-10-31" outcome="draftResolution" as="A/C.6/74/L.8" by="introduced in the Committee by the representative of Austria on behalf of the Bureau" />
        <step date="0001-01-01" outcome="draftResolutionAdditionalSponsors" by="" />
        <step date="0001-01-01" outcome="recommendedForAdoption" as="A/74/423" by="" refersTo="12" />
        <step date="2019-12-18" outcome="adopted" as="A/74/PV.51" by="" />
      </workflow>
      <analysis source="#un">
        <parliamentary>
          <voting outcome="adoptedWithoutVote">
            <quorum value=""></quorum>
          </voting>
        </parliamentary>
      </analysis>
      <references source="#DGACM">
        <TLCOrganization eId="source" href="/akn/ontology/organization/un/DGACM" showAs="DGACM"></TLCOrganization>
        <TLCConcept eId="dateOfIssuance" href="/akn/ontology/concept/un/dateOfIssuance" showAs="Date of issuance"></TLCConcept>
        <TLCConcept eId="dateOfAdoption" href="/akn/ontology/concept/un/dateOfAdoption" showAs="Date of adoption"></TLCConcept>
        <TLCConcept eId="symbol" href="/akn/ontology/reference/un/symbol" showAs="Symbol"></TLCConcept>
        <TLCRole eId="publisher" href="/akn/ontology/role/un/publisher" showAs="Publisher"></TLCRole>
        <TLCRole eId="issuingBody" href="/akn/role/concept/un/issuingBody" showAs="Issuing body"></TLCRole>
        <TLCRole eId="author" href="/akn/ontology/role/un/author" showAs="Author"></TLCRole>
        <TLCRole eId="editor" href="/akn/ontology/role/un/editor" showAs="Editor"></TLCRole>
        <TLCRole eId="distribution" href="/akn/ontology/concept/un/generalDistribution" showAs="General distribution"></TLCRole>
        <TLCOrganization eId="ga" href="/akn/ontology/organization/un/generalAssembly" showAs="General Assembly"></TLCOrganization>
        <TLCTerm eId="resolutionTitle" href="/akn/ontology/reference/un/resolutionTitle" showAs="Resolution title"></TLCTerm>
        <TLCTerm eId="sixthCommittee" href="#sixthCommittee" showAs="اللجنة السادسة"></TLCTerm>
        <TLCTerm eId="memberState" href="/akn/ontology/organization/un/memberState" showAs="Member State"></TLCTerm>
        <TLCTerm eId="inFavour" href="/akn/ontology/concept/un/voting/inFavour" showAs="In favour"></TLCTerm>
        <TLCTerm eId="against" href="/akn/ontology/concept/un/voting/against" showAs="Against"></TLCTerm>
        <TLCTerm eId="abstaining" href="/akn/ontology/concept/un/voting/abstaining" showAs="Abstaining"></TLCTerm>
      </references>
      <presentation source="#un">
        <akn4un:footerFirstPage>
          <akn4un:footerFirstPageLeft>
            <akn4un:internalCode>
              <docketNumber refersTo="#publicationJobNumber"></docketNumber>
              <img alt="bar code" class="barCode" src=""></img>
            </akn4un:internalCode>
          </akn4un:footerFirstPageLeft>
          <akn4un:footerFirstPageRight>
            <img alt="Please recycle" class="image" src="./recylcleLogo.jpg"></img>
            <img alt="embedded QR code" class="qrCode" src=""></img>
          </akn4un:footerFirstPageRight>
        </akn4un:footerFirstPage>
      </presentation>
    </meta>
    <coverPage eId="coverPage_1">
      <p>
        <span refersTo="#publisher" class="upperLeft">
          <docAuthority refersTo="#publisher">الأمــم المتحـدة</docAuthority>
        </span>
      </p>
      <p class="upperRight">
        <docNumber refersTo="#symbol">A/RES/74/183</docNumber>
      </p>
      <p class="upperLeft">
        <img src="logo-un.jpg"></img>
        <docAuthority refersTo="#issuingBody" class="rightBig">الجمعية العامة</docAuthority>
      </p>
      <p>
        <docStatus refersTo="#generalDistribution" class="rightSmall">Distr.: General</docStatus>
      </p>
      <p>
        <docDate date="2019-12-27" class="rightSmall" refersTo="#dateOfIssuance">27 December 2019</docDate>
      </p>
      <p>
        <session refersTo="#generalAssembly" value="74" eId="coverPage_1__session_1">الدورة الرابعة والسبعون</session>
      </p>
      <p>
        <inline name="agenda item">البند 77 من جدول الأعمال</inline>
      </p>
      <p>
        <inline name="agenda item name">تقرير لجنة الأمم المتحدة للقانون التجاري الدولي عن أعمال دورتها الثانية والخمسين</inline>
      </p>
      <p>
        <docTitle>قرار اتخذته الجمعية العامة في 18 كانون الأول/ديسمبر 2019</docTitle>
      </p>
      <p xml:space="preserve">
        <docProponent refersTo="#sixthCommittee">[بناء على تقرير اللجنة السادسة (<inline name="originating document">A/74/423</inline>)]</docProponent>
      </p>
    </coverPage>
    <preface>
      <p>
        <docNumber>74/183.</docNumber>
        <docTitle refersTo="#resolutionTitle">-	أحكام لجنة الأمم المتحدة للقانون التجاري الدولي (الأونسيترال) التشريعية النموذجية بشأن الشراكات بين القطاعين العام والخاص</docTitle>
      </p>
    </preface>
    <preamble>
      <formula name="enactingFormula" eId="formula_1">
        <p xml:space="preserve">
          <span class="bold italic">إن الجمعية العامة</span>،</p>
      </formula>
      <container name="إذ تشير" eId="container_2">
        <p xml:space="preserve">
          <span class="bold italic">إذ تشير</span> إلى قرارها 2205 (د-21) المؤرخ 17 كانون الأول/ديسمبر 1966 الذي أنشأت بموجبه لجنة الأمم المتحدة للقانون التجاري الدولي وكلفتها بأن تشجعَ التنسيق والتوحيد التدريجيين للقانون التجاري الدولي وبأن تراعي في هذا الصدد مصالح جميع الشعوب، وخاصة شعوب البلدان النامية، في إنماء التجارة الدولية إنماء كبيراً،</p>
      </container>
      <container name="وإذ تشير أيضا" eId="container_3">
        <p xml:space="preserve">
          <span class="bold italic">وإذ تشير أيضا</span> إلى قرارها <a href="https://undocs.org/ar/A/RES/58/4">58/4</a>، المؤرَّخ 31 تشرين الأول/أكتوبر 2003، الذي اعتمدت بموجبه اتفاقية الأمم المتحدة لمكافحة الفساد<sup>(</sup><authorialNote marker="1" placement="bottom" eId="authorialNote_1"><p xml:space="preserve">	()	انظر أيضا United Nations, <span class="italic">Treaty Series</span>, vol. 2349, No. 42146.</p></authorialNote><sup>)</sup>،</p>
      </container>
      <container name="وإذ تشير كذلك" eId="container_4">
        <p xml:space="preserve">
          <span class="bold italic">وإذ تشير كذلك</span> إلى قرارها <a href="https://undocs.org/ar/A/RES/70/1">70/1</a>، المؤرَّخ 25 أيلول/سبتمبر 2015، الذي اعتمدت بموجبه خطة التنمية المستدامة لعام 2030، وإلى قرارها <a href="https://undocs.org/ar/A/RES/69/313">69/313</a>، المؤرَّخ 27 تموز/يوليه 2015، الذي أقرَّت بموجبه خطة عمل أديس أبابا الصادرة عن المؤتمر الدولي الثالث لتمويل التنمية،</p>
      </container>
      <container name="واقتناعا منها" eId="container_5">
        <p xml:space="preserve">
          <span class="bold italic">واقتناعا منها</span> بأن الشراكات بين القطاعين العام والخاص يمكن أن تؤدي دوراً مهمًّا في تحسين توفير البنى التحتية والخدمات العمومية وإدارتها إدارةً سليمة، وفي دعم الجهود الحكومية الرامية إلى تحقيق أهداف التنمية المستدامة،</p>
      </container>
      <container name="وإذ يساورها القلق" eId="container_6">
        <p xml:space="preserve">
          <span class="bold italic">وإذ يساورها القلق</span> لأن قصور الإطار القانوني ونقص الشفافية يمكن أن يثبطا الاستثمار في البنى التحتية والخدمات العمومية ويفضيا إلى تزايد خطر الفساد وسوء التصرّف في الأموال العمومية،</p>
      </container>
      <container name="وإذ تشدد" eId="container_7">
        <p xml:space="preserve">
          <span class="bold italic">وإذ تشدد</span> على أهمية توفير إجراءات ناجعة وشفافة لإرساء عقود الشراكة بين القطاعين العام والخاص وتيسير تنفيذ المشاريع من خلال قواعد تعزِّز الشفافية والإنصاف والاستدامة الطويلة الأمد وتزيل القيود غير المستصوبة المفروضة على مشاركة القطاع الخاص في تطوير البنى التحتية والخدمات العمومية وتشغيلها،</p>
      </container>
      <container name="وإذ تشير" eId="container_8">
        <p xml:space="preserve">
          <span class="bold italic">وإذ تشير</span> إلى الإرشادات القيِّمة التي وفرتها اللجنة للدول الأعضاء من أجل وضع إطار تشريعي مؤات بهذا الشأن، وذلك من خلال <span class="italic">دليلها التشريعي بشأن مشاريع البنية التحتية الممولة من القطاع الخاص</span><sup>(</sup><authorialNote marker="2" placement="bottom" eId="authorialNote_2"><p xml:space="preserve">	()	منشورات الأمم المتحدة، رقم المبيع A.01.V.4.</p></authorialNote><sup>)</sup> والأحكام التشريعية النموذجية بشأن الشراكات بين القطاعين العام والخاص المصاحبة لهذا الدليل<sup>(</sup><authorialNote marker="3" placement="bottom" eId="authorialNote_3"><p xml:space="preserve">	()	<span class="italic">الوثائق الرسمية للجمعية العامة، الدورة الثامنة والخمسون، الملحق رقم 17</span> (<a href="https://undocs.org/ar/A/58/17">A/58/17</a>)، المرفق الأول.</p></authorialNote><sup>)</sup>، وإلى التوصية الصادرة عن الجمعية العامة في قرارها <a href="https://undocs.org/ar/A/RES/58/76">58/76</a>، المؤرَّخ 9 كانون الأول/ديسمبر 2003، بأن تولي الدول الاعتبار الواجب لتلك النصوص عند تنقيح أو اعتماد تشريعات تتعلق بمشاركة القطاع الخاص في تطوير البنى التحتية العمومية وتشغيلها،</p>
      </container>
      <container name="واقتناعا منها" eId="container_9">
        <p xml:space="preserve">
          <span class="bold italic">واقتناعا منها</span> بأنّ المشورة المسداة من قبل اللجنة ستوفّر المزيد من المساعدة للدول، ولا سيما البلدان النامية، في تعزيز الحوكمة الرشيدة وإرساء أطر تشريعية ملائمة لمشاريع الشراكة بين القطاعين العام والخاص،</p>
      </container>
    </preamble>
    <mainBody>
      <paragraph eId="para_10" class="SingleTxt">
        <content eId="para_10__content">
          <p xml:space="preserve">	1 -	<span class="bold italic">تعرب عن تقديرها </span>للجنة الأمم المتحدة للقانون التجاري الدولي لانتهائها من وضع وإقرار<sup>(</sup><authorialNote marker="4" placement="bottom" eId="authorialNote_4"><p xml:space="preserve">	()	المرجع نفسه، <span class="italic">الدورة الرابعة والسبعون، الملحق رقم 17</span> (<a href="https://undocs.org/ar/A/74/17">A/74/17</a>)، الفصل الثالث.</p></authorialNote><sup>)</sup> الأحكام التشريعية النموذجية بشأن الشراكات بين القطاعين العام والخاص<sup>(</sup><authorialNote marker="5" placement="bottom" eId="authorialNote_5"><p xml:space="preserve">	()	المرجع نفسه، المرفق الأول.</p></authorialNote><sup>)</sup>، والدليل التشريعي بشأن الشراكات بين القطاعين العام والخاص؛</p>
        </content>
      </paragraph>
      <paragraph eId="para_11" class="SingleTxt">
        <content eId="para_11__content">
          <p xml:space="preserve">	2 -	<span class="bold italic">تطلب</span> إلى الأمين العام أن ينشر الأحكام التشريعية النموذجية والدليل التشريعي بلغات الأمم المتحدة الرسمية الست، بما يشمل نشرهما إلكترونيا بتلك اللغات، وأن يعممهما على نطاق واسع على الحكومات والمنظمات الدولية الحكومية وغير الحكومية المعنية، وعلى كيانات القطاع الخاص والمؤسسات الأكاديمية؛</p>
        </content>
      </paragraph>
      <paragraph eId="para_12" class="SingleTxt">
        <content eId="para_12__content">
          <p xml:space="preserve">	3 -	<span class="bold italic">توصي</span> جميع الدول بأن تولي الاعتبار الواجب للأحكام التشريعية النموذجية وللدليل التشريعي عند تنقيح أو اعتماد تشريعات تتعلق بالشراكات بين القطاعين العام والخاص، وتدعو الدول التي استخدمت الأحكام التشريعية النموذجية إلى إبلاغها بذلك.</p>
        </content>
      </paragraph>
    </mainBody>
    <conclusions eId="conclusions">
      <p>
        <inline name="adoptionMeeting" title="51">الجلسة العامة 51</inline>
        <eol />
        <docDate date="2019-12-18" refersTo="#adoptionDate">18 كانون الأول/ديسمبر 2019</docDate>
      </p>
    </conclusions>
  </statement>
</akomaNtoso>