<akomaNtoso xmlns:xsi="http://www.w3.org/2001/XMLSchema-instance" xsi:schemaLocation="http://docs.oasis-open.org/legaldocml/ns/akn/3.0 http://docs.oasis-open.org/legaldocml/akn-core/v1.0/os/part2-specs/schemas/akomantoso30.xsd" xmlns="http://docs.oasis-open.org/legaldocml/ns/akn/3.0" xmlns:html="http://www.w3.org/1999/xhtml" xmlns:akn4un="http://un.org/akn4un">
  <statement name="resolution">
    <meta>
      <identification source="#DGACM">
        <FRBRWork>
          <FRBRthis value="/akn/un/statement/deliberation/unga/2019-12-18/74-166/!main/"></FRBRthis>
          <FRBRuri value="/akn/un/statement/deliberation/unga/2019-12-18/74-166/"></FRBRuri>
          <FRBRdate date="2019-12-18" name="adoption"></FRBRdate>
          <FRBRauthor href="ga" as="author"></FRBRauthor>
          <FRBRcountry value="un"></FRBRcountry>
        </FRBRWork>
        <FRBRExpression>
          <FRBRthis value="/akn/un/statement/deliberation/unga/2019-12-18/74-166/ara@!main/"></FRBRthis>
          <FRBRuri value="/akn/un/statement/deliberation/unga/2019-12-18/74-166/ara@/"></FRBRuri>
          <FRBRdate date="2020-01-27" name="publication"></FRBRdate>
          <FRBRauthor href="ga" as="issuer"></FRBRauthor>
          <FRBRlanguage language="ara"></FRBRlanguage>
        </FRBRExpression>
        <FRBRManifestation>
          <FRBRthis value="/akn/un/statement/deliberation/unga/2019-12-18/74-166/ara@/!main.xml"></FRBRthis>
          <FRBRuri value="/akn/un/statement/deliberation/unga/2019-12-18/74-166/ara@.xml"></FRBRuri>
          <FRBRdate date="2020-09-20" name="markup"></FRBRdate>
          <FRBRauthor href="DGACM" as="editor"></FRBRauthor>
        </FRBRManifestation>
      </identification>
      <classification source="http://metadata.un.org/sdg">
        <keyword value="16" href="http://metadata.un.org/sdg/16" showAs="sdg_16" dictionary="SDGO"></keyword>
        <keyword value="right_to_justice" href="http://eurovoc.europa.eu/516" showAs="right_to_justice" dictionary="EuroVoc"></keyword>
        <keyword value="sustainable_development" href="http://eurovoc.europa.eu/5585" showAs="sustainable_development" dictionary="EuroVoc"></keyword>
        <keyword value="civil_society" href="http://metadata.un.org/thesaurus/1001012" showAs="civil_society" dictionary="UNBIS Thesaurus"></keyword>
        <keyword value="justice" href="http://metadata.un.org/thesaurus/1003500" showAs="justice" dictionary="UNBIS Thesaurus"></keyword>
        <keyword value="peaceful_coexistence" href="http://metadata.un.org/thesaurus/1004777" showAs="peaceful_coexistence" dictionary="UNBIS Thesaurus"></keyword>
        <keyword value="public_institutions" href="http://metadata.un.org/thesaurus/1005254" showAs="public_institutions" dictionary="UNBIS Thesaurus"></keyword>
        <keyword value="social_justice" href="http://metadata.un.org/thesaurus/1005970" showAs="social_justice" dictionary="UNBIS Thesaurus"></keyword>
        <keyword value="sustainable_development" href="http://metadata.un.org/thesaurus/1006319" showAs="sustainable_development" dictionary="UNBIS Thesaurus"></keyword>
      </classification>
      <classification source="http://metadata.un.org/sdg">
        <keyword value="3" href="http://metadata.un.org/sdg/3" showAs="sdg_3" dictionary="SDGO"></keyword>
        <keyword value="public_health" href="http://eurovoc.europa.eu/3885" showAs="public_health" dictionary="EuroVoc"></keyword>
        <keyword value="health" href="http://metadata.un.org/thesaurus/1002824" showAs="health" dictionary="UNBIS Thesaurus"></keyword>
      </classification>
      <classification source="http://metadata.un.org/sdg">
        <keyword value="5" href="http://metadata.un.org/sdg/5" showAs="sdg_5" dictionary="SDGO"></keyword>
        <keyword value="gender_equality" href="http://eurovoc.europa.eu/3913" showAs="gender_equality" dictionary="EuroVoc"></keyword>
        <keyword value="participation_of_women" href="http://eurovoc.europa.eu/2265" showAs="participation_of_women" dictionary="EuroVoc"></keyword>
        <keyword value="women&amp;#39;s_rights" href="http://eurovoc.europa.eu/585" showAs="women&amp;#39;s_rights" dictionary="EuroVoc"></keyword>
        <keyword value="position_of_women" href="http://eurovoc.europa.eu/81" showAs="position_of_women" dictionary="EuroVoc"></keyword>
        <keyword value="women" href="http://metadata.un.org/thesaurus/1007029" showAs="women" dictionary="UNBIS Thesaurus"></keyword>
        <keyword value="gender_equality" href="http://metadata.un.org/thesaurus/1002612" showAs="gender_equality" dictionary="UNBIS Thesaurus"></keyword>
        <keyword value="girls" href="http://metadata.un.org/thesaurus/1002684" showAs="girls" dictionary="UNBIS Thesaurus"></keyword>
      </classification>
      <classification source="http://metadata.un.org/sdg">
        <keyword value="2" href="http://metadata.un.org/sdg/2" showAs="sdg_2" dictionary="SDGO"></keyword>
        <keyword value="food_shortage" href="http://eurovoc.europa.eu/2318" showAs="food_shortage" dictionary="EuroVoc"></keyword>
        <keyword value="sustainable_agriculture" href="http://eurovoc.europa.eu/6308" showAs="sustainable_agriculture" dictionary="EuroVoc"></keyword>
        <keyword value="food_security" href="http://eurovoc.europa.eu/c_4523e1dd" showAs="food_security" dictionary="EuroVoc"></keyword>
        <keyword value="food_security" href="http://metadata.un.org/thesaurus/1002439" showAs="food_security" dictionary="UNBIS Thesaurus"></keyword>
        <keyword value="food_shortage" href="http://metadata.un.org/thesaurus/1002440" showAs="food_shortage" dictionary="UNBIS Thesaurus"></keyword>
        <keyword value="hunger" href="http://metadata.un.org/thesaurus/1003004" showAs="hunger" dictionary="UNBIS Thesaurus"></keyword>
        <keyword value="sustainable_agriculture" href="http://metadata.un.org/thesaurus/1006317" showAs="sustainable_agriculture" dictionary="UNBIS Thesaurus"></keyword>
      </classification>
      <workflow source="#un">
        <step date="2019-10-31" outcome="draftResolution" as="A/C.3/74/L.26" by="Albania, Australia, Austria, Belgium, Bulgaria, Canada, Croatia, Cyprus, Czechia, Denmark, Estonia, Finland, France, Germany, Greece, Honduras, Hungary, Iceland, Ireland, Italy, Japan, Latvia, Liechtenstein, Lithuania, Luxembourg, Malta, Marshall Islands, Monaco, Montenegro, Netherlands, North Macedonia, Norway, Poland, Portugal, Romania, Slovakia, Slovenia, Spain, Sweden, Switzerland, Turkey, Ukraine, United Kingdom of Great Britain and Northern Ireland and United States of America" />
        <step date="0001-01-01" outcome="draftResolutionAdditionalSponsors" by="Andorra, Argentina, Benin, Bosnia and Herzegovina, Chile, Georgia, Israel, Maldives, Mexico, Micronesia (Federated States of), New Zealand, Palau, Republic of Moldova, Samoa, San Marino, Serbia and Tuvalu" />
        <step date="0001-01-01" outcome="recommendedForAdoption" as="A/74/399/Add.3" by="" refersTo="47" />
        <step date="2019-12-18" outcome="adopted" as="A/74/PV.50" by="" />
      </workflow>
      <analysis source="#un">
        <parliamentary>
          <voting outcome="adoptedWithoutVote">
            <quorum value=""></quorum>
          </voting>
        </parliamentary>
      </analysis>
      <references source="#DGACM">
        <TLCOrganization eId="source" href="/akn/ontology/organization/un/DGACM" showAs="DGACM"></TLCOrganization>
        <TLCConcept eId="dateOfIssuance" href="/akn/ontology/concept/un/dateOfIssuance" showAs="Date of issuance"></TLCConcept>
        <TLCConcept eId="dateOfAdoption" href="/akn/ontology/concept/un/dateOfAdoption" showAs="Date of adoption"></TLCConcept>
        <TLCConcept eId="symbol" href="/akn/ontology/reference/un/symbol" showAs="Symbol"></TLCConcept>
        <TLCRole eId="publisher" href="/akn/ontology/role/un/publisher" showAs="Publisher"></TLCRole>
        <TLCRole eId="issuingBody" href="/akn/role/concept/un/issuingBody" showAs="Issuing body"></TLCRole>
        <TLCRole eId="author" href="/akn/ontology/role/un/author" showAs="Author"></TLCRole>
        <TLCRole eId="editor" href="/akn/ontology/role/un/editor" showAs="Editor"></TLCRole>
        <TLCRole eId="distribution" href="/akn/ontology/concept/un/generalDistribution" showAs="General distribution"></TLCRole>
        <TLCOrganization eId="ga" href="/akn/ontology/organization/un/generalAssembly" showAs="General Assembly"></TLCOrganization>
        <TLCTerm eId="resolutionTitle" href="/akn/ontology/reference/un/resolutionTitle" showAs="Resolution title"></TLCTerm>
        <TLCTerm eId="thirdCommittee" href="#thirdCommittee" showAs="اللجنة الثالثة"></TLCTerm>
        <TLCTerm eId="memberState" href="/akn/ontology/organization/un/memberState" showAs="Member State"></TLCTerm>
        <TLCTerm eId="inFavour" href="/akn/ontology/concept/un/voting/inFavour" showAs="In favour"></TLCTerm>
        <TLCTerm eId="against" href="/akn/ontology/concept/un/voting/against" showAs="Against"></TLCTerm>
        <TLCTerm eId="abstaining" href="/akn/ontology/concept/un/voting/abstaining" showAs="Abstaining"></TLCTerm>
      </references>
      <presentation source="#un">
        <akn4un:footerFirstPage>
          <akn4un:footerFirstPageLeft>
            <akn4un:internalCode>
              <docketNumber refersTo="#publicationJobNumber">19-22298 (A)</docketNumber>
              <img alt="bar code" class="barCode" src=""></img>
            </akn4un:internalCode>
          </akn4un:footerFirstPageLeft>
          <akn4un:footerFirstPageRight>
            <img alt="Please recycle" class="image" src="./recylcleLogo.jpg"></img>
            <img alt="embedded QR code" class="qrCode" src=""></img>
          </akn4un:footerFirstPageRight>
        </akn4un:footerFirstPage>
      </presentation>
    </meta>
    <coverPage eId="coverPage_1">
      <p>
        <span refersTo="#publisher" class="upperLeft">
          <docAuthority refersTo="#publisher">الأمــم المتحـدة</docAuthority>
        </span>
      </p>
      <p class="upperRight">
        <docNumber refersTo="#symbol">A/RES/74/166</docNumber>
      </p>
      <p class="upperLeft">
        <img src="logo-un.jpg"></img>
        <docAuthority refersTo="#issuingBody" class="rightBig">الجمعية العامة</docAuthority>
      </p>
      <p>
        <docStatus refersTo="#generalDistribution" class="rightSmall">Distr.: General</docStatus>
      </p>
      <p>
        <docDate date="2020-01-27" class="rightSmall" refersTo="#dateOfIssuance">27 January 2020</docDate>
      </p>
      <p>
        <session refersTo="#generalAssembly" value="74" eId="coverPage_1__session_1">الدورة الرابعة والسبعون</session>
      </p>
      <p>
        <inline name="agenda item">البند 70 (ج) من جدول الأعمال</inline>
      </p>
      <p>
        <docTitle>قرار اتخذته الجمعية العامة في 18 كانون الأول/ديسمبر 2019</docTitle>
      </p>
      <p xml:space="preserve">
        <docProponent refersTo="#thirdCommittee">[بناء على تقرير اللجنة الثالثة (<inline name="originating document">A/74/399/Add.3</inline>)]</docProponent>
      </p>
    </coverPage>
    <preface>
      <p>
        <docNumber>74/166.</docNumber>
        <docTitle refersTo="#resolutionTitle">-	حالة حقوق الإنسان في جمهورية كوريا الشعبية الديمقراطية</docTitle>
      </p>
    </preface>
    <preamble>
      <formula name="enactingFormula" eId="formula_1">
        <p xml:space="preserve">
          <span class="bold italic">إن الجمعية العامة</span>،</p>
      </formula>
      <container name="إذ تؤكد من جديد " eId="container_2">
        <p xml:space="preserve">
          <span class="bold italic">إذ تؤكد من جديد </span>أن على جميع الدول التزاما بتعزيز حقوق الإنسان والحريات الأساسية وحمايتها والوفاء بالالتزامات التي تعهدت بها بموجب مختلف الصكوك الدولية،</p>
      </container>
      <container name="وإذ تشير" eId="container_3">
        <p xml:space="preserve">
          <span class="bold italic">وإذ تشير</span> إلى جميع القرارات السابقة التي اتخذتها الجمعية العامة ولجنة حقوق الإنسان ومجلس حقوق الإنسان بشأن حالة حقوق الإنسان في جمهورية كوريا الشعبية الديمقراطية، بما فيها قرار الجمعية <a href="https://undocs.org/ar/A/RES/73/180">73/180</a> المؤرخ 17 كانون الأول/ديسمبر 2018 وقرار المجلس <a href="https://undocs.org/ar/A/HRC/RES/40/20">40/20</a> المؤرخ 22 آذار/ مارس 2019<sup>(</sup><authorialNote marker="1" placement="bottom" eId="authorialNote_1"><p xml:space="preserve">	()	انظر <span class="italic">الوثائق الرسمية للجمعية العامة، الدورة الرابعة والسبعون، الملحق رقم 53 </span>(<a href="https://undocs.org/ar/A/74/53">A/74/53</a>)، الفصل الرابع، الفرع ألف.</p></authorialNote><sup>)</sup>، وإذ تضع في اعتبارها ضرورة أن يعزز المجتمع الدولي جهوده المتضافرة الرامية إلى تنفيذ تلك القرارات،</p>
      </container>
      <container name="وإذ يساورها بالغ القلق" eId="container_4">
        <p xml:space="preserve">
          <span class="bold italic">	وإذ يساورها بالغ القلق</span> إزاء الحالة الخطيرة لحقوق الإنسان وشيوع ثقافة الإفلات من العقاب وانعدام المساءلة عن انتهاكات حقوق الإنسان في جمهورية كوريا الشعبية الديمقراطية،</p>
      </container>
      <container name="وإذ تشدد " eId="container_5">
        <p xml:space="preserve">
          <span class="bold italic">وإذ تشدد </span>على أهمية متابعة التوصيات التي يتضمنها تقرير لجنة التحقيق المعنية بحقوق الإنسان في جمهورية كوريا الشعبية الديمقراطية<sup>(</sup><authorialNote marker="2" placement="bottom" eId="authorialNote_2"><p xml:space="preserve">	()	<a href="https://undocs.org/ar/A/HRC/25/63">A/HRC/25/63</a>.</p></authorialNote><sup>)</sup>، وإذ تعرب عن بالغ القلق إزاء النتائج التفصيلية الواردة فيه،</p>
      </container>
      <container name="وإذ تشير " eId="container_6">
        <p xml:space="preserve">
          <span class="bold italic">وإذ تشير </span>إلى مسؤولية جمهورية كوريا الشعبية الديمقراطية عن حماية سكانها من الجرائم المرتكبة ضد الإنسانية، وإذ تشير أيضا إلى أن لجنة التحقيق حثت قيادة جمهورية كوريا الشعبية الديمقراطية على منع ارتكاب الجرائم ضد الإنسانية وقمعها، وكفالة ملاحقة الجناة وتقديمهم إلى العدالة،</p>
      </container>
      <container name="وإذ تحيط علما" eId="container_7">
        <p xml:space="preserve">
          <span class="bold italic">وإذ تحيط علما</span> بتقرير المقرر الخاص لمجلس حقوق الإنسان المعني بحالة حقوق الإنسان في جمهورية كوريا الشعبية الديمقراطية<sup>(</sup><authorialNote marker="3" placement="bottom" eId="authorialNote_3"><p xml:space="preserve">	()	A/74/275/Rev.1.</p></authorialNote><sup>)</sup>، وإذ تأسف لعدم السماح له حتى الآن بزيارة البلد وعدم تعاون سلطات جمهورية كوريا الشعبية الديمقراطية معه، وإذ تحيط علما أيضا بالتقرير الشامل للأمين العام عن حالة حقوق الإنسان في جمهورية كوريا الشعبية الديمقراطية المقدم عملا بالقرار 73/180<sup>(</sup><authorialNote marker="4" placement="bottom" eId="authorialNote_4"><p xml:space="preserve">	()	A/74/268.</p></authorialNote><sup>)</sup>،</p>
      </container>
      <container name="وإذ تضع في اعتبارها" eId="container_8">
        <p xml:space="preserve">
          <span class="bold italic">وإذ تضع في اعتبارها</span> أن جمهورية كوريا الشعبية الديمقراطية طرف في العهد الدولي الخاص بالحقوق المدنية والسياسية<sup>(</sup><authorialNote marker="5" placement="bottom" eId="authorialNote_5"><p xml:space="preserve">	()	انظر القرار 2200 ألف (د-21)، المرفق.</p></authorialNote><sup>)</sup> والعهد الدولي الخاص بالحقوق الاقتصادية والاجتماعية والثقافية<sup>(5)</sup> واتفاقية حقوق الطفل<sup>(</sup><authorialNote marker="6" placement="bottom" eId="authorialNote_6"><p xml:space="preserve">	()	United Nations, <span class="italic">Treaty Series</span>, vol. 1577, No. 27531.</p></authorialNote><sup>)</sup> واتفاقية القضاء على جميع أشكال التمييز ضد المرأة<sup>(</sup><authorialNote marker="7" placement="bottom" eId="authorialNote_7"><p xml:space="preserve">	()	المرجع نفسه، المجلد 1249، الرقم 20378.</p></authorialNote><sup>)</sup> واتفاقية حقوق الأشخاص ذوي الإعاقة<sup>(</sup><authorialNote marker="8" placement="bottom" eId="authorialNote_8"><p xml:space="preserve">	()	المرجع نفسه، المجلد 2515، الرقم 44910.</p></authorialNote><sup>)</sup>، وإذ تحث على التنفيذ الكامل لهذه لاتفاقيات، وللتوصيات الواردة في الملاحظات الختامية المنبثقة عن الاستعراضات التي أجرتها هيئات المعاهدات،</p>
      </container>
      <container name="وإذ تلاحظ" eId="container_9">
        <p xml:space="preserve">
          <span class="bold italic">وإذ تلاحظ</span> أن جمهورية كوريا الشعبية الديمقراطية قد قدمت، في كانون الأول/ديسمبر 2018، تقريرها الأولي عن تنفيذ اتفاقية حقوق الأشخاص ذوي الإعاقة<sup>(</sup><authorialNote marker="9" placement="bottom" eId="authorialNote_9"><p xml:space="preserve">	()	CRPD/C/PRK/1.</p></authorialNote><sup>)</sup>،</p>
      </container>
      <container name="وإذ تؤكد" eId="container_10">
        <p xml:space="preserve">
          <span class="bold italic">وإذ تؤكد</span> أهمية أن تقدم جمهورية كوريا الشعبية الديمقراطية تقريرها الدوري الثالث إلى اللجنة المعنية بالحقوق الاقتصادية والاجتماعية والثقافية، المتأخرة عن تقديمه منذ 30 حزيران/يونيه 2008، وأن تقدم تقريرها الدوري الثالث إلى اللجنة المعنية بحقوق الإنسان، المتأخرة عن تقديمه منذ 1 كانون الثاني/ يناير 2004،</p>
      </container>
      <container name="وإذ تلاحظ " eId="container_11">
        <p xml:space="preserve">
          <span class="bold italic">وإذ تلاحظ </span>الزيارة التي أجرتها المقررة الخاصة لمجلس حقوق الإنسان المعنية بحقوق الأشخاص ذوي الإعاقة إلى جمهورية كوريا الشعبية الديمقراطية في عام 2017، وإذ تشجع جمهورية كوريا الشعبية الديمقراطية على تنفيذ جميع التوصيات الواردة في تقرير المقررة الخاصة عن زيارتها إلى جمهورية كوريا الشعبية الديمقراطية المقدم إلى مجلس حقوق الإنسان في دورته السابعة والثلاثين<sup>(</sup><authorialNote marker="10" placement="bottom" eId="authorialNote_10"><p xml:space="preserve">	()	<a href="https://undocs.org/ar/A/HRC/37/56/Add.1">A/HRC/37/56/Add.1</a>.</p></authorialNote><sup>)</sup>، </p>
      </container>
      <container name="وإذ تشدد" eId="container_12">
        <p xml:space="preserve">
          <span class="bold italic">	وإذ تشدد</span> على أهمية تعاون حكومة جمهورية كوريا الشعبية الديمقراطية مع سائر القائمين على الإجراءات الخاصة وآليات حقوق الإنسان التابعة للأمم المتحدة، وخصوصا المقرر الخاص المعني بحالة حقوق الإنسان في جمهورية كوريا الشعبية الديمقراطية، وفقا لاختصاصات كل منهم،</p>
      </container>
      <container name="وإذ تنوه" eId="container_13">
        <p xml:space="preserve">
          <span class="bold italic">وإذ تنوه</span> بمشاركة جمهورية كوريا الشعبية الديمقراطية في عملية الاستعراض الدوري الشامل الثالثة، وإذ تلاحظ قبول حكومة جمهورية كوريا الشعبية الديمقراطية 132 توصية من أصل التوصيات البالغ عددها 262 توصية<sup>(</sup><authorialNote marker="11" placement="bottom" eId="authorialNote_11"><p xml:space="preserve">	()	<a href="https://undocs.org/ar/A/HRC/42/10">A/HRC/42/10</a>.</p></authorialNote><sup>)</sup>، والتزامها المعلن بتنفيذها، وإذ تعرب في الوقت نفسه عن قلقها لعدم تنفيذ توصيات الاستعراضين السابقين حتى الآن،</p>
      </container>
      <container name="وإذ تلاحظ مع الأسف" eId="container_14">
        <p xml:space="preserve">
          <span class="bold italic">وإذ تلاحظ مع الأسف</span> أن منظمات المجتمع المدني المستقلة لا يمكنها العمل في جمهورية كوريا الشعبية الديمقراطية، ونتيجة لذلك، لم تتمكن أي منظمة من منظمات المجتمع المدني مقرها جمهورية كوريا الشعبية الديمقراطية من تقديم تقرير إلى الجهات المعنية في سياق عملية الاستعراض الدوري الشامل،</p>
      </container>
      <container name="وإذ تلاحظ" eId="container_15">
        <p xml:space="preserve">
          <span class="bold italic">وإذ تلاحظ</span> التعاون القائم بين حكومة جمهورية كوريا الشعبية الديمقراطية ومفوضية الأمم المتحدة لحقوق الإنسان في توفير التثقيف في مجال حقوق الإنسان لعدد صغير من المسؤولين الحكوميين في جنيف في أيار/مايو 2019، وإذ تحث على توسيع نطاق هذا التعاون التقني،</p>
      </container>
      <container name="وإذ تؤكد" eId="container_16">
        <p xml:space="preserve">
          <span class="bold italic">وإذ تؤكد</span> أهمية تعاون حكومة جمهورية كوريا الشعبية الديمقراطية مع الجهاز الميداني لمفوضية الأمم المتحدة لحقوق الإنسان في المنطقة،</p>
      </container>
      <container name="وإذ تلاحظ " eId="container_17">
        <p xml:space="preserve">
          <span class="bold italic">وإذ تلاحظ </span>التعاون القائم بين حكومة جمهورية كوريا الشعبية الديمقراطية ومنظمة الأمم المتحدة للطفولة ومنظمة الصحة العالمية من أجل تحسين الحالة الصحية في البلد،</p>
      </container>
      <container name="وإذ تلاحظ أيضا" eId="container_18">
        <p xml:space="preserve">
          <span class="bold italic">وإذ تلاحظ أيضا</span> التعاون القائم بين حكومة جمهورية كوريا الشعبية الديمقراطية ومنظمة الأمم المتحدة للطفولة من أجل تحسين الحالة التغذوية للأطفال ونوعية التعليم الذي يتلقونه،</p>
      </container>
      <container name="وإذ تلاحظ كذلك" eId="container_19">
        <p xml:space="preserve">
          <span class="bold italic">وإذ تلاحظ كذلك</span> الأنشطة التي يقوم بها برنامج الأمم المتحدة الإنمائي على نطاق ضيق في جمهورية كوريا الشعبية الديمقراطية، وإذ تشجع حكومة جمهورية كوريا الشعبية الديمقراطية على العمل مع المجتمع الدولي لضمان استفادة الأشخاص المحتاجين إلى المساعدة من البرامج،</p>
      </container>
      <container name="وإذ تلاحظ " eId="container_20">
        <p xml:space="preserve">
          <span class="bold italic">وإذ تلاحظ </span>التعاون القائم بين حكومة جمهورية كوريا الشعبية الديمقراطية وبرنامج الأغذية العالمي ومنظمة الأمم المتحدة للطفولة ومنظمة الأغذية والزراعة للأمم المتحدة في إجراء عدد من التقييمات، وإذ تشدد على أهمية هذه التقييمات في تحليل التغيرات التي تطرأ على الحالة فيما يتعلق بالأمن الغذائي والتغذية والصحة والمياه والصرف الصحي على المستويات الوطني والأسري والفردي، ومن ثم في دعم ثقة الجهات المانحة في تحديد أهداف برامج المعونة ورصدها، وإذ تلاحظ مع التقدير عمل الجهات الدولية العاملة في مجال تقديم المعونة،</p>
      </container>
      <container name="وإذ تؤكد " eId="container_21">
        <p xml:space="preserve">
          <span class="bold italic">وإذ تؤكد </span>أهمية قيام منظمات المعونة الإنسانية الدولية بإجراء تقييمات مستقلة للاحتياجات وتنفيذ برامجها الإنسانية بما يتمشى مع المعايير الدولية والمبادئ الإنسانية، وذلك في المناطق التي ليس لها وجود عملي فيها وغيرها من المناطق، وإذ تعرب عن القلق إزاء الإجراء الأخير الذي اتخذته جمهورية كوريا الشعبية الديمقراطية لتقليل عدد موظفي وكالات الأمم المتحدة في البلد،</p>
      </container>
      <container name="وإذ تحيط علما" eId="container_22">
        <p xml:space="preserve">
          <span class="bold italic">وإذ تحيط علما</span> بتقرير الأمم المتحدة المتعلق بالعمل الإنساني المعنون ”جمهورية كوريا الشعبية الديمقراطية عام 2019: الاحتياجات والأولويات“ وبالتقييمات المشتركة السريعة للأمن الغذائي التي أجرتها منظمة الأغذية والزراعة للأمم المتحدة وبرنامج الأغذية العالمي وبدعوتهما إلى تلبية الاحتياجات الإنسانية الملحة في جمهورية كوريا الشعبية الديمقراطية،</p>
      </container>
      <container name="وإذ تلاحظ مع القلق" eId="container_23">
        <p xml:space="preserve">
          <span class="bold italic">وإذ تلاحظ مع القلق</span> النتائج التي توصلت إليها الأمم المتحدة والتي تشير إلى أن 10.9 ملايين شخص في جمهورية كوريا الشعبية الديمقراطية يقدر أنهم يعانون من نقص التغذية، وأن ثلث الأطفال الذين تتراوح أعمارهم بين 6 أشهر و 23 شهرًا لا يحصلون على الحد الأدنى المقبول من الغذاء، وأن واحدا من كل 5 أطفال يعاني من التقزم (سوء التغذية المزمن) وأن التقديرات تشير إلى أن نحو 9 ملايين شخص ليس لديهم سوى فرص محدودة للحصول على الخدمات الصحية الجيدة، وأن 39 في المائة، أو ما يقدر بنحو 9.75 ملايين شخص، ليس في متناولهم مصدر مدار بأمان لمياه الشرب، من بينهم 56 في المائة ممن يعيشون في المناطق الريفية، وإذ تدين جمهورية كوريا الشعبية الديمقراطية لتحويل مواردها صوب اقتناء الأسلحة النووية والقذائف التسيارية بدلا من استخدامها لتحقيق الرفاه لشعبها، وإذ تشدد على الحاجة إلى أن تحترم جمهورية كوريا الشعبية الديمقراطية شعبها وأن تكفل رفاهَه وتصون كرامته الأصيلة في البلد على نحو ما أشار إليه مجلس الأمن في قراراته <a href="https://undocs.org/ar/S/RES/2321 (2016)">2321 (2016)</a> المؤرخ 30 تشرين الثاني/ نوفمبر 2016 و <a href="https://undocs.org/ar/S/RES/2371 (2017)">2371 (2017)</a> المؤرخ 5 آب/أغسطس 2017 و <a href="https://undocs.org/ar/S/RES/2375 (2017)">2375 (2017)</a> المؤرخ 11 أيلول/سبتمبر 2017 و <a href="https://undocs.org/ar/S/RES/2397 (2017)">2397 (2017)</a> المؤرخ 22 كانون الأول/ديسمبر 2017،</p>
      </container>
      <container name="وإذ تحيط " eId="container_24">
        <p xml:space="preserve">
          <span class="bold italic">	وإذ تحيط </span>علما بالإطار الاستراتيجي للتعاون بين الأمم المتحدة وحكومة جمهورية كوريا الشعبية الديمقراطية للفترة 2017-2021 وبالتزام الحكومة المتوائم مع المبادئ والمقاصد والغايات المنبثقة من أهداف التنمية المستدامة<sup>(</sup><authorialNote marker="12" placement="bottom" eId="authorialNote_12"><p xml:space="preserve">	()	انظر القرار <a href="https://undocs.org/ar/A/RES/70/1">70/1</a>.</p></authorialNote><sup>)</sup> والمتّسِق مع التزاماتها بموجب الاتفاقات والاتفاقيات الدولية،</p>
      </container>
      <container name="وإذ تلاحظ مع بالغ القلق " eId="container_25">
        <p xml:space="preserve">
          <span class="bold italic">	وإذ تلاحظ مع بالغ القلق </span>ما تتسم به مسألة الاختطاف الدولي والإعادة الفورية لجميع المختطَفين من إلحاح وأهمية، والمعاناة التي يكابدها المختطَفون وأسرهم لسنوات طويلة، وعدم اتخاذ جمهورية كوريا الشعبية الديمقراطية أي إجراءات إيجابية، لا سيما وأن التحقيقات التي أجريت بشأن جميع المواطنين اليابانيين قد بدأت على أساس المشاورات التي أجريت على المستوى الحكومي بين جمهورية كوريا الشعبية الديمقراطية واليابان في أيار/مايو 2014، وإذ تهيب بجمهورية كوريا الشعبية الديمقراطية أن تعالج جميع مزاعم الاختفاء القسري، وأن تقدم معلومات دقيقة إلى أسر الضحايا حول مصير أقاربهم المفقودين وأماكن وجودهم، وأن تحل جميع المسائل المتعلقة بجميع المختطفين في أقرب وقت ممكن، لا سيما عودة مختطفي اليابان وجمهورية كوريا،</p>
      </container>
      <container name="وإذ تلاحظ " eId="container_26">
        <p xml:space="preserve">
          <span class="bold italic">وإذ تلاحظ </span>ما تتسم به مسألة الأسر المشتتة الشمل من إلحاح وأهمية، بما في ذلك بالنسبة للكوريين المتضررين في جميع أنحاء العالم، وإذ ترحب في هذا الصدد باستئناف اللقاءات بين أفراد الأسر المشتتة الشمل عبر الحدود في آب/أغسطس 2018، وما تم التعهّد به بشأن هذه المسألة في مؤتمر قمة الكوريتين المعقود في 19 أيلول/سبتمبر 2018 من التزامات بتعزيز التعاون الإنساني من أجل إيجاد حل جذري لمسألة الأسر المشتتة الشمل، وإذ تبرز أهمية السماح بعمليات لم الشمل الدائمة المنتظمة لأفراد العائلات المشتتة الشمل وبالاتصال فيما بينهم، بوسائل منها عقد لقاءات في مكان يسهل الوصول إليه وفي منشأة نظامية، وإتاحة المراسلات الخطية المنتظمة، واللقاءات بواسطة الفيديو، وتبادل رسائل الفيديو، وفقاً لقرارات مجلس الأمن ذات الصلة،</p>
      </container>
      <container name="وإذ ترحب" eId="container_27">
        <p xml:space="preserve">
          <span class="bold italic">	وإذ ترحب</span> بما تبذله الدول الأعضاء من جهود لإذكاء الوعي على الصعيد الدولي بشأن حالة حقوق الإنسان في جمهورية كوريا الشعبية الديمقراطية، وإذ تواصل تشجيعها على القيام بذلك، وإذ تلاحظ أن حقوق الإنسان، بما في ذلك المساواة بين الجنسين، مرتبطةٌ ارتباطا جوهريا بالسلام والأمن،</p>
      </container>
      <container name="وإذ ترحب" eId="container_28">
        <p xml:space="preserve">
          <span class="bold italic">وإذ ترحب</span> بالجهود الدبلوماسية وإذ تلاحظ أهمية الحوار والتواصل، بما في ذلك الحوار الكوري - الكوري، للسعي من أجل تحسين حالة حقوق الإنسان والحالة الإنسانية في البلد،</p>
      </container>
      <container name="وإذ تشدد" eId="container_29">
        <p xml:space="preserve">
          <span class="bold italic">	وإذ تشدد</span> على الجهود التي يبذلها الأمين العام للإسهام في تحسين العلاقات بين الكوريتين وتعزيز المصالحة وتحقيق الاستقرار في شبه الجزيرة الكورية ورفاه الشعب الكوري،</p>
      </container>
    </preamble>
    <mainBody>
      <paragraph eId="para_30" class="MercuryDocument">
        <content eId="para_30__content">
          <p xml:space="preserve">	1 -	<span class="bold italic">تدين</span> انتهاكات حقوق الإنسان الجسيمة والمنهجية المستمرة التي تُرتكب منذ أمد بعيد وعلى نطاق واسع في جمهورية كوريا الشعبية الديمقراطية وبأيديها، بما في ذلك الانتهاكات التي قد ترقى إلى مستوى الجرائم المرتكبة ضد الإنسانية وفقا لما ذكرته لجنة التحقيق المعنية بحقوق الإنسان في جمهورية كوريا الشعبية الديمقراطية، التي أنشأها مجلس حقوق الإنسان بقراره <a href="https://undocs.org/ar/A/HRC/RES/22/13">22/13</a> المؤرخ 21 آذار/ مارس 2013<sup>(</sup><authorialNote marker="13" placement="bottom" eId="authorialNote_13"><p xml:space="preserve">	()	انظر <span class="italic">الوثائق الرسمية للجمعية العامة، الدورة الثامنة والستون، الملحق رقم 53</span> (<a href="https://undocs.org/ar/A/68/53">A/68/53</a>)، الفصل الرابع، الفرع ألف.</p></authorialNote><sup>)</sup>، والانتهاكات التي حددها فريق الخبراء المستقلين المعني بالمساءلة عن انتهاكات حقوق الإنسان في جمهورية كوريا الشعبية الديمقراطية<sup>(</sup><authorialNote marker="14" placement="bottom" eId="authorialNote_14"><p xml:space="preserve">	()	انظر <a href="https://undocs.org/ar/A/HRC/34/66/Add.1">A/HRC/34/66/Add.1</a>.</p></authorialNote><sup>)</sup> المنشأ عملا بقرار مجلس حقوق الإنسان <a href="https://undocs.org/ar/A/HRC/RES/31/18">31/18</a> المؤرخ 23 آذار/مارس 2016<sup>(</sup><authorialNote marker="15" placement="bottom" eId="authorialNote_15"><p xml:space="preserve">	()	انظر <span class="italic">الوثائق الرسمية للجمعية العامة، الدورة الحادية والسبعون، الملحق رقم 53</span> (<a href="https://undocs.org/ar/A/71/53">A/71/53</a>)، الفصل الرابع، الفرع ألف.</p></authorialNote><sup>)</sup>، ومفوضية الأمم المتحدة لحقوق الإنسان، كما تدين استمرار إفلات مرتكبي هذه الانتهاكات من العقاب؛</p>
        </content>
      </paragraph>
      <paragraph eId="para_31" class="MercuryDocument">
        <content eId="para_31__content">
          <p xml:space="preserve">	2 -	<span class="bold italic">تعرب عن قلقها البالغ</span> إزاء ما يلي:</p>
        </content>
      </paragraph>
      <paragraph eId="para_32" class="MercuryDocument">
        <content eId="para_32__content">
          <p xml:space="preserve">	(أ)	استمرار ورود تقارير متواصلة عن انتهاكات حقوق الإنسان، بما في ذلك النتائج التفصيلية التي توصلت إليها لجنة التحقيق في تقريرها<sup>(2)</sup>، من قبيل ما يلي:</p>
        </content>
      </paragraph>
      <paragraph eId="para_33" class="MercuryDocument">
        <num>	’1‘</num>
        <content eId="para_33__content">
          <p xml:space="preserve">	التعذيب وغيره من ضروب المعاملة أو العقوبة القاسية أو اللاإنسانية أو المهينة، بما فيها ظروف الاحتجاز اللاإنسانية؛ والاغتصاب؛ وحالات الإعدام العلني؛ والاحتجاز خارج نطاق القضاء والاحتجاز التعسفي؛ وعدم مراعاة الأصول القانونية وانعدام سيادة القانون، بما في ذلك عدم وجود ضمانات لإجراء محاكمة عادلة وعدم استقلال القضاء؛ وحالات الإعدام خارج نطاق القضاء وبإجراءات موجزة وتعسفا؛ وفرض عقوبة الإعدام لأسباب سياسية ودينية؛ وإنزال العقوبات الجماعية التي امتدت على مدى ما يقارب ثلاثة أجيال؛ واستخدام السخرة على نطاق واسع؛</p>
        </content>
      </paragraph>
      <paragraph eId="para_34" class="MercuryDocument">
        <num>	’2‘</num>
        <content eId="para_34__content">
          <p xml:space="preserve">	وجود شبكة واسعة من معسكرات الاعتقال السياسي، يحرم فيها عدد كبير من الأشخاص من حريتهم ويعيشون ظروفا يرثى لها، بما يشمل أعمال السخرة، وترتكب فيها انتهاكات مثيرة للجزع على صعيد حقوق الإنسان؛</p>
        </content>
      </paragraph>
      <paragraph eId="para_35" class="MercuryDocument">
        <num>	’3‘</num>
        <content eId="para_35__content">
          <p xml:space="preserve">	حالات الاختفاء القسري وغير الطوعي للأشخاص بالاعتقال أو الاحتجاز أو الاختطاف رغما عنهم؛ ورفض الكشف عن مصير ومكان وجود الأشخاص المعنيين؛ ورفض الاعتراف بسلبهم حريتهم، الأمر الذي يجعل هؤلاء الأشخاص المسلوبة حريتهم خارج نطاق حماية القانون وهو ما يؤدي إلى إلحاق معاناة شديدة بهم وبأسرهم؛</p>
        </content>
      </paragraph>
      <paragraph eId="para_36" class="MercuryDocument">
        <num>	’4‘</num>
        <content eId="para_36__content">
          <p xml:space="preserve">	النقل القسري للسكان والقيود المفروضة على كل شخص يرغب في التنقل بحرية في البلد والسفر إلى الخارج، بما في ذلك معاقبة الأشخاص الذين يغادرون البلد أو يحاولون مغادرته من غير إذن، أو أسرهم، ومعاقبة المعادين إلى البلد؛</p>
        </content>
      </paragraph>
      <paragraph eId="para_37" class="MercuryDocument">
        <num>	’5‘</num>
        <content eId="para_37__content">
          <p xml:space="preserve">	حالة اللاجئين وملتمسي اللجوء المطرودين أو المعادين إلى جمهورية كوريا الشعبية الديمقراطية وعمليات الانتقام ضد مواطني جمهورية كوريا الشعبية الديمقراطية الذين أعيدوا إلى الوطن، التي تفضي إلى فرض عقوبات الحبس أو التعذيب أو غيرها من ضروب المعاملة القاسية أو اللاإنسانية أو المهينة أو العنف الجنسي أو عقوبة الإعدام، وفي هذا الصدد تحث بشدة جميع الدول على احترام المبدأ الأساسي المتمثل في عدم الإعادة القسرية وعلى معاملة ملتمسي اللجوء معاملة إنسانية وعلى كفالة وصول مفوض الأمم المتحدة السامي لشؤون اللاجئين ومفوضيته دون عائق إلى ملتمسي اللجوء بغرض حماية حقوق الإنسان الخاصة بهم، وتحث مرة أخرى الدول الأطراف في اتفاقية عام 1951 الخاصة بوضع اللاجئين<sup>(</sup><authorialNote marker="16" placement="bottom" eId="authorialNote_16"><p xml:space="preserve">	()	United Nations, <span class="italic">Treaty Series</span>, vol. 189, No. 2545.</p></authorialNote><sup>)</sup> وبروتوكولها لعام 1967<sup>(</sup><authorialNote marker="17" placement="bottom" eId="authorialNote_17"><p xml:space="preserve">	()	المرجع نفسه، المجلد 606، الرقم 8791.</p></authorialNote><sup>)</sup> على التقيّد بالتزاماتها بموجبهما فيما يتعلق باللاجئين من جمهورية كوريا الشعبية الديمقراطية المشمولين بأحكام هذين الصكين؛</p>
        </content>
      </paragraph>
      <paragraph eId="para_38" class="MercuryDocument">
        <num>	’6‘</num>
        <content eId="para_38__content">
          <p xml:space="preserve">	القيود الشاملة المشددة المفروضة، خارج شبكة الإنترنت وداخلها، على حريات الفكر أو الضمير أو الدين أو المعتقد، والرأي والتعبير، والتجمع السلمي وتكوين الجمعيات، وعلى الحق في الخصوصية وتكافؤ فرص الحصول على المعلومات، بوسائل منها على سبيل المثال المراقبة غير القانونية والتعسفية واضطهاد وتعذيب وسجن الأفراد الذين يمارسون حرية الرأي أو التعبير أو الدين أو المعتقد، وأسرهم، وفي بعض الحالات إعدامهم بإجراءات موجزة، وعلى حق كل شخص، بمن في ذلك النساء، في المشاركة في إدارة الشؤون العامة لبلده بشكل مباشر أو من خلال ممثلين مختارين بحرية؛</p>
        </content>
      </paragraph>
      <paragraph eId="para_39" class="MercuryDocument">
        <num>	’7‘</num>
        <content eId="para_39__content">
          <p xml:space="preserve">	انتهاكات الحقوق الاقتصادية والاجتماعية والثقافية، التي تؤدي إلى انعدام الأمن الغذائي والجوع الحاد وسوء التغذية ومشاكل صحية واسعة النطاق وغير ذلك من المشاق التي يعاني منها السكان في جمهورية كوريا الشعبية الديمقراطية، وبخاصة النساء والأطفال والأشخاص ذوو الإعاقة وكبار السن والسجناء السياسيون؛</p>
        </content>
      </paragraph>
      <paragraph eId="para_40" class="MercuryDocument">
        <num>	’8‘</num>
        <content eId="para_40__content">
          <p xml:space="preserve">	انتهاكات حقوق الإنسان والحريات الأساسية للنساء والفتيات، وبخاصة إيجادُ ظروف داخل البلد تجبر النساء والفتيات على مغادرته وتجعلهن شديدات الضعف إزاء التعرُّض للاتجار بالأشخاص لغرض البغاء أو السخرة المنزلية أو الزواج بالإكراه، وتعريض النساء والفتيات للتمييز القائم على أساس نوع الجنس، بما في ذلك في المجالين السياسي والاجتماعي، وللإجهاض القسري وغير ذلك من أشكال العنف الجنسي والقائم على أساس نوع الجنس؛</p>
        </content>
      </paragraph>
      <paragraph eId="para_41" class="MercuryDocument">
        <num>	’9‘</num>
        <content eId="para_41__content">
          <p xml:space="preserve">	انتهاكات حقوق الإنسان والحريات الأساسية للأطفال، وخصوصا عدم تمكن الكثير من الأطفال حتى الآن من التمتع بالحقوق الاقتصادية والاجتماعية والثقافية الأساسية، مع ملاحظتها في هذا الصدد حالةَ الضعف التي تعيشها بشكل خاص فئات عدة، منها الأطفال العائدون أو المعادون إلى وطنهم وأطفال الشوارع والأطفال ذوو الإعاقة والأطفال الذين يكون أبواهم رهن الاحتجاز والأطفال الذين يعيشون في أماكن الاحتجاز أو في المؤسسات والأطفال الجانحون؛</p>
        </content>
      </paragraph>
      <paragraph eId="para_42" class="MercuryDocument">
        <num>	’10‘</num>
        <content eId="para_42__content">
          <p xml:space="preserve">	انتهاكات حقوق الإنسان والحريات الأساسية للأشخاص ذوي الإعاقة، وبخاصة الانتهاكات المنطوية على استخدام المعسكرات الجماعية والتدابير القسرية التي تمس حق الأشخاص ذوي الإعاقة في اتخاذ القرار الحر والمسؤول بشأن عدد الأطفال الذين يرغبون في إنجابهم والفترة التي تفصل بين إنجاب طفل وآخر والادعاءات المتعلقة باحتمال استخدام الأشخاص ذوي الإعاقة في التجارب الطبية، والترحيل القسري إلى المناطق الريفية، وفصل الأطفال ذوي الإعاقة عن والديهم؛</p>
        </content>
      </paragraph>
      <paragraph eId="para_43" class="MercuryDocument">
        <num>	’11‘</num>
        <content eId="para_43__content">
          <p xml:space="preserve">	انتهاكات حقوق العمال، بما فيها الحق في حرية تكوين الجمعيات والاعتراف الفعلي بالحق في التفاوض الجماعي والحق في الإضراب على النحو المحدد في الالتزامات التي تعهدت بها جمهورية كوريا الشعبية الديمقراطية بموجب العهد الدولي الخاص بالحقوق الاقتصادية والاجتماعية والثقافية<sup>(5)</sup>، وحظر استغلال الأطفال اقتصاديا وعمل الأطفال الضار أو الخطر بجميع أشكاله على النحو المحدد في الالتزامات التي تعهدت بها جمهورية كوريا الشعبية الديمقراطية بموجب اتفاقية حقوق الطفل<sup>(6)</sup>، وكذلك استغلال العمال الموفدين إلى الخارج من جمهورية كوريا الشعبية الديمقراطية للعمل في ظروف تصل إلى حد السخرة حسبما تفيد به التقارير، مع الإشارة إلى الفقرة 11 من قرار مجلس الأمن <a href="https://undocs.org/ar/S/RES/2371 (2017)">2371 (2017)</a> والفقرة 17 من القرار <a href="https://undocs.org/ar/S/RES/2375 (2017)">2375 (2017)</a> اللتين قرر فيهما المجلس أن على الدول الأعضاء أن تمتنع عن إصدار تراخيص عمل لرعايا جمهورية كوريا الشعبية الديمقراطية في ولاياتها القضائية، ومع الإشارة أيضا إلى الفقرة 8 من قرار المجلس 2397 (2017) التي قرر فيها المجلس أن على الدول الأعضاء أن تعيد إلى جمهورية كوريا الشعبية الديمقراطية فورا وفي غضون مهلة لا تتجاوز 24 شهرا من تاريخ 22 كانون الأول/ديسمبر 2017 جميع رعاياها الذين يكسبون دخلا في إطار الولاية القضائية لتلك الدولة العضو وجميع الملحقين التابعين لجمهورية كوريا الشعبية الديمقراطية المكلفين بمراقبة السلامة الذين يشرفون على العاملين في الخارج من رعايا جمهورية كوريا الشعبية الديمقراطية، ما لم تقرر الدولة العضو أن أحد رعايا جمهورية كوريا الشعبية الديمقراطية هو من رعايا تلك الدولة العضو أو أن أحد رعايا جمهورية كوريا الشعبية الديمقراطية محظور إعادته إلى الوطن، طبقا للقانون الوطني والقانون الدولي المنطبقين، بما في ذلك القانون الدولي للاجئين والقانون الدولي لحقوق الإنسان والاتفاق المبرم بين الأمم المتحدة والولايات المتحدة بشأن مقر الأمم المتحدة<sup>(</sup><authorialNote marker="18" placement="bottom" eId="authorialNote_18"><p xml:space="preserve">	()	انظر القرار 169 (د-2).</p></authorialNote><sup>)</sup> واتفاقية امتيازات الأمم المتحدة وحصاناتها<sup>(</sup><authorialNote marker="19" placement="bottom" eId="authorialNote_19"><p xml:space="preserve">	()	القرار 22 ألف (د-1).</p></authorialNote><sup>)</sup>، وتحث جمهورية كوريا الشعبية الديمقراطية على تعزيز واحترام وحماية حقوق الإنسان الخاصة بالعمال، بمن في ذلك العمال الذين تتم إعادتهم إلى جمهورية كوريا الشعبية الديمقراطية؛</p>
        </content>
      </paragraph>
      <paragraph eId="para_44" class="MercuryDocument">
        <num>	’12‘</num>
        <content eId="para_44__content">
          <p xml:space="preserve">	التمييز على أساس نظام سونغبون الذي يصنف الناس على أساس النسب والطبقة الاجتماعية التي تحددها الدولة، كما يأخذ بعين الاعتبار الآراء السياسية والانتماء الديني؛</p>
        </content>
      </paragraph>
      <paragraph eId="para_45" class="MercuryDocument">
        <num>	’13‘</num>
        <content eId="para_45__content">
          <p xml:space="preserve">	العنف والتمييز ضد المرأة، بما في ذلك عدم تكافؤ فرص الحصول على العمل، والقوانين واللوائح التمييزية؛</p>
        </content>
      </paragraph>
      <paragraph eId="para_46" class="MercuryDocument">
        <content eId="para_46__content">
          <p xml:space="preserve">	(ب)	استمرار حكومة جمهورية كوريا الشعبية الديمقراطية في رفض توجيه دعوة إلى المقرر الخاص لمجلس حقوق الإنسان المعني بحالة حقوق الإنسان في جمهورية كوريا الشعبية الديمقراطية لزيارة البلد أو التعاون مع المقرر الخاص ومع العديد غيره من القائمين على إجراءات الأمم المتحدة الخاصة وفقا لاختصاصات كل منهم، وكذلك مع آليات الأمم المتحدة الأخرى لحقوق الإنسان؛</p>
        </content>
      </paragraph>
      <paragraph eId="para_47" class="MercuryDocument">
        <content eId="para_47__content">
          <p xml:space="preserve">	(ج)	استمرار حكومة جمهورية كوريا الشعبية الديمقراطية في عدم الاعتراف بخطورة حالة حقوق الإنسان في البلد، ومن ثم عدم اتخاذها الإجراءات اللازمة للإبلاغ بحالة تنفيذ التوصيات الواردة في نتائج استعراضيها الدوريين الشاملين الأول<sup>(</sup><authorialNote marker="20" placement="bottom" eId="authorialNote_20"><p xml:space="preserve">	()	<a href="https://undocs.org/ar/A/HRC/13/13">A/HRC/13/13</a>.</p></authorialNote><sup>)</sup> والثاني<sup>(</sup><authorialNote marker="21" placement="bottom" eId="authorialNote_21"><p xml:space="preserve">	()	<a href="https://undocs.org/ar/A/HRC/27/10">A/HRC/27/10</a>.</p></authorialNote><sup>)</sup> أو إيلاء الاعتبار للملاحظات الختامية للهيئات المنشأة بموجب المعاهدات؛</p>
        </content>
      </paragraph>
      <paragraph eId="para_48" class="MercuryDocument">
        <content eId="para_48__content">
          <p xml:space="preserve">	3 -	<span class="bold italic">تدين </span>عمليات اختطاف الأشخاص المنهجية ورفض إعادتهم إلى الوطن وما يتلو ذلك من حالات الاختفاء القسري، بما في ذلك اختفاء رعايا بلدان أخرى، التي تُمارس على نطاق واسع وباعتبارها سياسة تتبعها الدولة، وتهيب بقوة في هذا الصدد بحكومة جمهورية كوريا الشعبية الديمقراطية التعجيل بتسوية هذه الأمور التي تشغل بال المجتمع الدولي بروح من الشفافية، وبسبل منها كفالة عودة المختطفين فورا؛</p>
        </content>
      </paragraph>
      <paragraph eId="para_49" class="MercuryDocument">
        <content eId="para_49__content">
          <p xml:space="preserve">	4 -	<span class="bold italic">تؤكد قلقها الشديد للغاية </span>إزاء التقارير التي تفيد بارتكاب جمهورية كوريا الشعبية الديمقراطية أعمال تعذيب وحالات إعدام بإجراءات موجزة واحتجاز تعسفي وعملياتِ اختطاف وغيرها من أشكال انتهاكات حقوق الإنسان وتجاوزاتها بحق أشخاص من رعايا البلدان الأخرى، وذلك داخل أراضيها وخارجها؛</p>
        </content>
      </paragraph>
      <paragraph eId="para_50" class="MercuryDocument">
        <content eId="para_50__content">
          <p xml:space="preserve">	5 -	<span class="bold italic">تعرب عن قلقها البالغ </span>إزاء الحالة الإنسانية الخطرة السائدة في البلد، التي يمكن أن تتدهور سريعا بسبب القدرة المحدودة على مواجهة الكوارث الطبيعية ومن جراء السياسات الحكومية التي تؤدي إلى نقص توافر الأغذية وقلة إمكانية الحصول على ما يكفي منها، وهما أمران يزيد من خطورتهما ضعف هياكل الإنتاج الزراعي الذي يتسبب في نقص كبير في مدى تنويع الأغذية وقيام الدولة بفرض قيود على زراعة الأغذية والاتجار بها وانتشار سوء التغذية المزمن والحاد، وبخاصة عند أكثر الفئات ضعفا والنساء الحوامل والمرضعات والأطفال والأشخاص ذوي الإعاقة وكبار السن والسجناء، بمن فيهم السجناء السياسيون، ويؤدي إلى تفاقمهما تعذر الحصول على الخدمات الأساسية، بما في ذلك الرعاية الصحية، وخدمات المياه والصرف الصحي والنظافة الصحية، وتحث حكومة جمهورية كوريا الشعبية الديمقراطية، في هذا الصدد، على اتخاذ إجراءات وقائية وعلاجية بالتعاون مع الوكالات المانحة والإنسانية الدولية للوصول إلى الأشخاص الذين ينتمون إلى الفئات الضعيفة، وتيسير تنفيذ البرامج ورصد المساعدة الإنسانية، بما يتمشى مع المعايير الدولية؛</p>
        </content>
      </paragraph>
      <paragraph eId="para_51" class="MercuryDocument">
        <content eId="para_51__content">
          <p xml:space="preserve">	6 -	<span class="bold italic">ترحب</span> بأحدث تقرير قدمه إلى مجلس حقوق الإنسان المقرر الخاص المعني بحالة حقوق الإنسان في جمهورية كوريا الشعبية الديمقراطية<sup>(</sup><authorialNote marker="22" placement="bottom" eId="authorialNote_22"><p xml:space="preserve">	()	<a href="https://undocs.org/ar/A/HRC/40/66">A/HRC/40/66</a>.</p></authorialNote><sup>)</sup>؛</p>
        </content>
      </paragraph>
      <paragraph eId="para_52" class="MercuryDocument">
        <content eId="para_52__content">
          <p xml:space="preserve">	7 -	<span class="bold italic">تكرر الإعراب عن تقديرها</span> لتقرير فريق الخبراء المستقلين المعني بالمساءلة عن انتهاكات حقوق الإنسان في جمهورية كوريا الشعبية الديمقراطية<sup>(</sup><authorialNote marker="23" placement="bottom" eId="authorialNote_23"><p xml:space="preserve">	()	<a href="https://undocs.org/ar/A/HRC/34/66/Add.1">A/HRC/34/66/Add.1</a>.</p></authorialNote><sup>)</sup> والمنشأ عملا بقرار مجلس حقوق الإنسان <a href="https://undocs.org/ar/A/HRC/RES/31/18">31/18</a>، الذي يتضمن خيارات لضمان المساءلة وكفالة التوصل إلى الحقيقة والعدالة لفائدة جميع الضحايا؛</p>
        </content>
      </paragraph>
      <paragraph eId="para_53" class="MercuryDocument">
        <content eId="para_53__content">
          <p xml:space="preserve">	8 -	<span class="bold italic">ترحب</span> بتقرير مفوضة الأمم المتحدة السامية لحقوق الإنسان<sup>(</sup><authorialNote marker="24" placement="bottom" eId="authorialNote_24"><p xml:space="preserve">	()	A/HRC/40/36.</p></authorialNote><sup>)</sup> عن الخطوات المتخذة وفقا لقرار مجلس حقوق الإنسان <a href="https://undocs.org/ar/A/HRC/RES/34/24">34/24</a> المؤرخ 24 آذار/مارس 2017<sup>(</sup><authorialNote marker="25" placement="bottom" eId="authorialNote_25"><p xml:space="preserve">	()	انظر <span class="italic">الوثائق الرسمية للجمعية العامة، الدورة الثانية والسبعون، الملحق رقم 53 </span>(<a href="https://undocs.org/ar/A/72/53">A/72/53</a>)، الفصل الرابع، الفرع ألف.</p></authorialNote><sup>)</sup> لتدعيم قدرات مفوضية الأمم المتحدة لحقوق الإنسان، بما في ذلك جهازها الميداني في سيول، لتيسير تنفيذ التوصيات ذات الصلة التي قدمها فريق الخبراء المستقلين المعني بالمساءلة بهدف تعزيز جهود الرصد والتوثيق الحالية وإنشاء مستودع مركزي للمعلومات والأدلة وتكليف خبراء في المساءلة القانونية بتقييم جميع المعلومات والشهادات بغية وضع استراتيجيات ممكنة للاستخدام في أي عملية مساءلة مستقبلاً؛</p>
        </content>
      </paragraph>
      <paragraph eId="para_54" class="MercuryDocument">
        <content eId="para_54__content">
          <p xml:space="preserve">	9 -	<span class="bold italic">ترحب أيضا</span> بالخطوات المتخذة عملا بقرار مجلس حقوق الإنسان <a href="https://undocs.org/ar/A/HRC/RES/40/20">40/20</a> لمواصلة الجهود المبينة أعلاه، وتعرب عن دعمها الشديد للعمل الذي تقوم به المفوضية لتنفيذ القرار، بهدف ضمان المساءلة عن انتهاكات القانون الدولي المشتبه في ارتكابها في جمهورية كوريا الشعبية الديمقراطية أو من جانبها، وتهيب بجميع الدول أن تدعم هذه الجهود؛</p>
        </content>
      </paragraph>
      <paragraph eId="para_55" class="MercuryDocument">
        <content eId="para_55__content">
          <p xml:space="preserve">	10 -	<span class="bold italic">تكرر الإعراب عن تقديرها</span> لعمل لجنة التحقيق، وتسلم بما يتسم به تقريرها من أهمية مستمرة، وتعرب عن أسفها لعدم تلقّي اللجنة أي تعاون من سلطات جمهورية كوريا الشعبية الديمقراطية، بما في ذلك ما يتعلق بالدخول إلى البلد؛</p>
        </content>
      </paragraph>
      <paragraph eId="para_56" class="MercuryDocument">
        <content eId="para_56__content">
          <p xml:space="preserve">	11 -	<span class="bold italic">تسلّم</span> بما خلصت إليه لجنة التحقيق من أن الروايات التي استمعت إليها من الشهود والمعلومات التي تلقتها تشكل سببا كافيا للاعتقاد بأن جرائم ضد الإنسانية قد ارتُكبت في جمهورية كوريا الشعبية الديمقراطية، عملاً بالسياسات المكرسة على أعلى مستويات الدولة منذ عقود وعلى يد مؤسسات تقع تحت السيطرة الفعلية لقيادتها، وهو ما أكدته مفوضة الأمم المتحدة السامية لحقوق الإنسان في تقريرها المقدم عملا بالقرار <a href="https://undocs.org/ar/A/RES/34/24">34/24</a>؛</p>
        </content>
      </paragraph>
      <paragraph eId="para_57" class="MercuryDocument">
        <content eId="para_57__content">
          <p xml:space="preserve">	12 -	<span class="bold italic">تعرب عن قلقها</span> إزاء تقاعس سلطات جمهورية كوريا الشعبية الديمقراطية عن محاكمة المسؤولين عن انتهاكات حقوق الإنسان، بما في ذلك الانتهاكات التي قالت عنها لجنة التحقيق إنها قد ترقى إلى درجة الجرائم المرتكبة ضد الإنسانية، وتشجع المجتمع الدولي على المساهمة في جهود المساءلة وعلى كفالة ألا يظل مرتكبو هذه الجرائم دون عقاب؛</p>
        </content>
      </paragraph>
      <paragraph eId="para_58" class="MercuryDocument">
        <content eId="para_58__content">
          <p xml:space="preserve">	13 -	<span class="bold italic">تشجع</span> مجلس الأمن على مواصلة نظره في استنتاجات لجنة التحقيق وتوصياتها ذات الصلة واتخاذ الإجراءات المناسبة لكفالة المساءلة، بما في ذلك من خلال النظر في إمكانية إحالة الحالة في جمهورية كوريا الشعبية الديمقراطية إلى المحكمة الجنائية الدولية والنظر في فرض جزاءات إضافية لضمان الفعالية في استهداف أولئك الذين يبدو أنهم يتحملون القسط الأوفر من المسؤولية عن انتهاكات حقوق الإنسان التي قالت عنها اللجنة إنها ربما تشكل جرائم ضد الإنسانية؛</p>
        </content>
      </paragraph>
      <paragraph eId="para_59" class="MercuryDocument">
        <content eId="para_59__content">
          <p xml:space="preserve">	14 -	<span class="bold italic">تشجع أيضا</span> مجلس الأمن على أن يواصل مناقشة الحالة في جمهورية كوريا الشعبية الديمقراطية، بما في ذلك حالة حقوق الإنسان في البلد، في ضوء الشواغل الخطيرة المثارة في هذا القرار، وتتطلع إلى مشاركته باستمرار وبفعالية أكبر فيما يتعلق بهذه المسألة؛</p>
        </content>
      </paragraph>
      <paragraph eId="para_60" class="MercuryDocument">
        <content eId="para_60__content">
          <p xml:space="preserve">	15 -	<span class="bold italic">تشجع</span> الجهود المتواصلة التي يبذلها الجهاز الميداني التابع لمفوضية الأمم المتحدة لحقوق الإنسان في سيول وجهوده المبذولة في إنشاء مستودع مركزي للمعلومات والأدلة المتعلقة بانتهاكات القانون الدولي المشتبه في وقوعها وتقييم جميع هذه الأدلة والمعلومات من أجل وضع استراتيجيات ممكنة لاستخدامها في أي عملية مساءلة في المستقبل، وترحب بتقاريره المنتظمة إلى مجلس حقوق الإنسان؛</p>
        </content>
      </paragraph>
      <paragraph eId="para_61" class="MercuryDocument">
        <content eId="para_61__content">
          <p xml:space="preserve">	16 -	<span class="bold italic">تهيب </span>بالدول الأعضاء العمل على كفالة اضطلاع الجهاز الميداني للمفوضية بعمله باستقلالية، وتزويده بما يكفي من الموارد والدعم من أجل تنفيذ ولايته، وضمان تعاون الدول الأعضاء ذات الصلة بشكل تام مع الجهاز، وعدم تعرضه لأي أعمال انتقامية أو تهديدات؛</p>
        </content>
      </paragraph>
      <paragraph eId="para_62" class="MercuryDocument">
        <content eId="para_62__content">
          <p xml:space="preserve">	17 -	<span class="bold italic">تحث بقوة</span> حكومة جمهورية كوريا الشعبية الديمقراطية على أن تحترم احتراما تاما جميع حقوق الإنسان والحريات الأساسية، وأن تضطلع في هذا الصدد بما يلي:</p>
        </content>
      </paragraph>
      <paragraph eId="para_63" class="MercuryDocument">
        <content eId="para_63__content">
          <p xml:space="preserve">	(أ)	القيام فورا بوضع حد للانتهاكات الجسيمة والمنهجية والواسعة النطاق لحقوق الإنسان التي تم تأكيدها آنفا، بسبل منها التنفيذ الكامل للتدابير المبينة في قرارات الجمعية العامة ولجنة حقوق الإنسان ومجلس حقوق الإنسان المذكورة أعلاه والتوصيات التي وجهها المجلس في سياق الاستعراض الدوري الشامل، وكذلك لجنة التحقيق والهيئات المنشأة بموجب معاهدات والقائمون على الإجراءات الخاصة للأمم المتحدة، إلى جمهورية كوريا الشعبية الديمقراطية؛</p>
        </content>
      </paragraph>
      <paragraph eId="para_64" class="MercuryDocument">
        <content eId="para_64__content">
          <p xml:space="preserve">	(ب)	إغلاق معسكرات الاعتقال السياسي على الفور، وإطلاق سراح جميع السجناء السياسيين دون قيد أو شرط ودون أي تأخير؛</p>
        </content>
      </paragraph>
      <paragraph eId="para_65" class="MercuryDocument">
        <content eId="para_65__content">
          <p xml:space="preserve">	(ج)	حماية سكانها والتصدي لمسألة الإفلات من العقاب وكفالة تقديم المسؤولين عن ارتكاب جرائم تنطوي على انتهاكات حقوق الإنسان إلى المحاكمة أمام هيئة قضائية مستقلة؛</p>
        </content>
      </paragraph>
      <paragraph eId="para_66" class="MercuryDocument">
        <content eId="para_66__content">
          <p xml:space="preserve">	(د)	التصدي للأسباب الجذرية لنزوح المهاجرين واللاجئين إلى الخارج ومقاضاة الأشخاص الضالعين في تهريب المهاجرين والاتجار بالبشر والابتزاز، مع عدم تجريم ضحايا الاتجار؛</p>
        </content>
      </paragraph>
      <paragraph eId="para_67" class="MercuryDocument">
        <content eId="para_67__content">
          <p xml:space="preserve">	(ه)	كفالة أن يتمتع جميع الأشخاص في أراضي جمهورية كوريا الشعبية الديمقراطية بالحق في حرية التنقل وأن تكون لهم حرية مغادرة البلد، بما في ذلك لغرض التماس اللجوء خارج جمهورية كوريا الشعبية الديمقراطية، دون تدخل من جانب سلطات جمهورية كوريا الشعبية الديمقراطية؛</p>
        </content>
      </paragraph>
      <paragraph eId="para_68" class="MercuryDocument">
        <content eId="para_68__content">
          <p xml:space="preserve">	(و)	كفالة أن يكون بإمكان مواطني جمهورية كوريا الشعبية الديمقراطية المطرودين أو المعادين إليها العودة بأمان وكرامة وأن يعاملوا معاملة إنسانية وألا يتعرضوا لأي نوع من العقاب، وتقديم المعلومات عن وضعهم ومعاملتهم؛</p>
        </content>
      </paragraph>
      <paragraph eId="para_69" class="MercuryDocument">
        <content eId="para_69__content">
          <p xml:space="preserve">	(ز)	تزويد مواطني البلدان الأخرى المحتجزين في جمهورية كوريا الشعبية الديمقراطية بأشكال الحماية، بما في ذلك حرية الاتصال بالموظفين القنصليين والوصول إليهم وفقا لأحكام اتفاقية فيينا للعلاقات القنصلية<sup>(</sup><authorialNote marker="26" placement="bottom" eId="authorialNote_26"><p xml:space="preserve">	()	United Nations, <span class="italic">Treaty Series</span>, vol. 596, No. 8638.</p></authorialNote><sup>)</sup> التي تعد جمهورية كوريا الشعبية الديمقراطية إحدى الدول الأطراف فيها، وأيّ ترتيبات أخرى تلزم لتأكيد وضعهم والاتصال بأسرهم؛</p>
        </content>
      </paragraph>
      <paragraph eId="para_70" class="MercuryDocument">
        <content eId="para_70__content">
          <p xml:space="preserve">	(ح)	التعاون التام مع المقرر الخاص بطرق منها إتاحة كل الفرص أمامه للدخول بحرية ودون عوائق إلى جمهورية كوريا الشعبية الديمقراطية، والوصول بحرية ودون عوائق إلى سائر الإجراءات الخاصة التابعة لمجلس حقوق الإنسان وكذلك إلى آليات الأمم المتحدة الأخرى المعنية بحقوق الإنسان ليتسنى له إجراء تقييم كامل للاحتياجات في مجال حقوق الإنسان؛</p>
        </content>
      </paragraph>
      <paragraph eId="para_71" class="MercuryDocument">
        <content eId="para_71__content">
          <p xml:space="preserve">	(ط)	الاشتراك في أنشطة التعاون التقني في ميدان حقوق الإنسان مع مفوضة الأمم المتحدة السامية لحقـوق الإنسـان ومفوضيتها، بما في ذلك جهازها الميداني في المنطقة، على نحـو ما سعى(سعت) إليه المفوضـ/ـة الساميـ/ـة في السنوات الأخيرة، من أجل تحسين حالة حقوق الإنسان في البلد؛</p>
        </content>
      </paragraph>
      <paragraph eId="para_72" class="MercuryDocument">
        <content eId="para_72__content">
          <p xml:space="preserve">	(ي)	تنفيذ التوصيات المقبولة المنبثقة من الاستعراضات الدورية الشاملة والنظر بصورة إيجابية في التوصيات التي ما زالت قيد النظر منذ دورة الاستعراض الثالثة، وتقديم تقرير طوعي لمنتصف المدة يفصِّل ما أحرز من تقدم في تنفيذ التوصيات المقبولة من الدورة الثالثة؛</p>
        </content>
      </paragraph>
      <paragraph eId="para_73" class="MercuryDocument">
        <content eId="para_73__content">
          <p xml:space="preserve">	(ك)	الانضمام إلى عضوية منظمة العمل الدولية، وسن القوانين واعتماد الممارسات الكفيلة بالامتثال لمعايير العمل الدولية، والنظر في التصديق على جميع الاتفاقيات ذات الصلة ولا سيما الاتفاقيات الأساسية المتعلقة بالعمل الصادرة عن منظمة العمل الدولية؛</p>
        </content>
      </paragraph>
      <paragraph eId="para_74" class="MercuryDocument">
        <content eId="para_74__content">
          <p xml:space="preserve">	(ل)	مواصلة تعاونها مع الوكالات الإنسانية التابعة للأمم المتحدة وتعزيزه؛</p>
        </content>
      </paragraph>
      <paragraph eId="para_75" class="MercuryDocument">
        <content eId="para_75__content">
          <p xml:space="preserve">	(م)	ضمان وصول المساعدات الإنسانية بشكل كامل وآمن ودون عوائق إلى الأشخاص الذين يعيشون أوضاعا هشة، واتخاذ تدابير للسماح للوكالات الإنسانية باستطلاع احتياجات الأشخاص المنتمين إلى الفئات الضعيفة، والحصول على بيانات أساسية حيوية والتمكين من إيصال هذه المساعدات الإنسانية دون عوائق وبشكل نزيه إلى جميع أنحاء البلد، استنادا إلى الاحتياجات ووفقا للمبادئ الإنسانية، على نحو ما تعهدت به، والتكفل، فضلا عن ذلك، بتوفير سبل الحصول على الخدمات الأساسية وتنفيذ سياسات أكثر فعالية في مجال الأمن الغذائي والتغذية، بسبل منها الزراعة المستدامة واتخاذ تدابير سليمة لإنتاج وتوزيع الأغذية وتخصيص مزيد من الأموال لقطاع الأغذية، والسماح برصد واف للمساعدة الإنسانية؛</p>
        </content>
      </paragraph>
      <paragraph eId="para_76" class="MercuryDocument">
        <content eId="para_76__content">
          <p xml:space="preserve">	(ن)	مواصلة تحسين سبل التعاون مع أعضاء فريق الأمم المتحدة القطري ووكالات التنمية بما يتيح لهم أن يساهموا مباشرة في تحسين الظروف المعيشية للسكان المدنيين، بما في ذلك إحراز تقدم في تحقيق أهداف التنمية المستدامة<sup>(12)</sup>؛</p>
        </content>
      </paragraph>
      <paragraph eId="para_77" class="MercuryDocument">
        <content eId="para_77__content">
          <p xml:space="preserve">	(س)	النظر في التصديق على بقية المعاهدات الدولية لحقوق الإنسان والانضمام إليها، مما سيتيح المجال لإجراء حوار مع الهيئات المنشأة بموجب معاهدات حقوق الإنسان، واستئناف تقديم التقارير إلى هيئات رصد المعاهدات التي هي طرف فيها، والمشاركة بصورة مجدية في استعراضات هيئات المعاهدات، والنظر في الملاحظات الختامية المقدمة من هذه الهيئات من أجل تحسين حالة حقوق الإنسان في البلد؛</p>
        </content>
      </paragraph>
      <paragraph eId="para_78" class="MercuryDocument">
        <content eId="para_78__content">
          <p xml:space="preserve">	18 -	<span class="bold italic">تحث</span> حكومة جمهورية كوريا الشعبية الديمقراطية على تنفيذ توصيات لجنة التحقيق وفريق الخبراء المستقلين التابع لمفوضية الأمم المتحدة لحقوق الإنسان دون تأخير؛</p>
        </content>
      </paragraph>
      <paragraph eId="para_79" class="MercuryDocument">
        <content eId="para_79__content">
          <p xml:space="preserve">	19 -	<span class="bold italic">تكرر تأكيد</span> أهمية إبقاء الحالة الخطيرة لحقوق الإنسان في جمهورية كوريا الشعبية الديمقراطية في صدارة جدول الأعمال الدولي عبر سبل منها المبادرات المستمرة في مجالات الاتصالات والدعوة والتوعية، وتطلب إلى مفوضية الأمم المتحدة لحقوق الإنسان تعزيز هذه الأنشطة؛</p>
        </content>
      </paragraph>
      <paragraph eId="para_80" class="MercuryDocument">
        <content eId="para_80__content">
          <p xml:space="preserve">	20 -	<span class="bold italic">تشجع</span> جميع الدول الأعضاء، والجمعية العامة، ومجلس حقوق الإنسان، والمفوضية، والأمانة العامة للأمم المتحدة، والوكالات المتخصصة ذات الصلة، والمنظمات والمنتديات الحكومية الدولية الإقليمية، ومنظمات المجتمع المدني، والمؤسسات، ومؤسسات مباشرة الأعمال التجارية، والأطراف صاحبة المصلحة الأخرى التي توجهت إليها لجنة التحقيق بتوصياتها، على تنفيذ تلك التوصيات أو المضي قدما في تنفيذها؛</p>
        </content>
      </paragraph>
      <paragraph eId="para_81" class="MercuryDocument">
        <content eId="para_81__content">
          <p xml:space="preserve">	21 -	<span class="bold italic">تشجع</span> منظومة الأمم المتحدة برمتها على مواصلة التصدي بطريقة منسقة وموحدة للحالة الخطيرة التي تشهدها حقوق الإنسان في جمهورية كوريا الشعبية الديمقراطية؛</p>
        </content>
      </paragraph>
      <paragraph eId="para_82" class="MercuryDocument">
        <content eId="para_82__content">
          <p xml:space="preserve">	22 -	<span class="bold italic">تشجع </span>برامج الأمم المتحدة وصناديقها ووكالاتها المتخصصة وسائر المنظمات ذات الصلة على تقديم المساعدة لحكومة جمهورية كوريا الشعبية الديمقراطية في تنفيذ التوصيات المنبثقة من الاستعراضات الدورية الشاملة والصادرة عن هيئات معاهدات حقوق الإنسان والواردة في تقرير لجنة التحقيق؛</p>
        </content>
      </paragraph>
      <paragraph eId="para_83" class="MercuryDocument">
        <content eId="para_83__content">
          <p xml:space="preserve">	23 -	<span class="bold italic">تهيب</span> بجمهورية كوريا الشعبية الديمقراطية أن تتعاون بروح بنّاءة مع المحاورين الدوليين بهدف تحقيق تحسّن ملموس في حالة حقوق الإنسان على أرض الواقع، بوسائل منها إجراء حوارات بشأن حقوق الإنسان والقيام بزيارات رسمية إلى البلد توفر خلالها سبل الوصول الكافية لإجراء تقييم تام لأوضاع حقوق الإنسان ومبادرات التعاون، والقيام بالمزيد من الاتصالات الشخصية المباشرة على سبيل الأولوية؛</p>
        </content>
      </paragraph>
      <paragraph eId="para_84" class="MercuryDocument">
        <content eId="para_84__content">
          <p xml:space="preserve">	24 -	<span class="bold italic">تقرر</span> مواصلة دراسة حالة حقوق الإنسان في جمهورية كوريا الشعبية الديمقراطية في دورتها الخامسة والسبعين، وتطلب إلى الأمين العام، تحقيقا لهذه الغاية، أن يقدم تقريرا شاملا عن حالة حقوق الإنسان في جمهورية كوريا الشعبية الديمقراطية، وتطلب إلى المقرر الخاص أن يواصل موافاتها باستنتاجاته وتوصياته، وأن يقدم كذلك تقريرا عن متابعة حالة تنفيذ توصيات لجنة التحقيق.</p>
        </content>
      </paragraph>
    </mainBody>
    <conclusions eId="conclusions">
      <p>
        <inline name="adoptionMeeting" title="50">الجلسة العامة 50</inline>
        <eol />
        <docDate date="2019-12-18" refersTo="#adoptionDate">18 كانون الأول/ديسمبر 2019</docDate>
      </p>
    </conclusions>
  </statement>
</akomaNtoso>