<akomaNtoso xmlns:xsi="http://www.w3.org/2001/XMLSchema-instance" xsi:schemaLocation="http://docs.oasis-open.org/legaldocml/ns/akn/3.0 http://docs.oasis-open.org/legaldocml/akn-core/v1.0/os/part2-specs/schemas/akomantoso30.xsd" xmlns="http://docs.oasis-open.org/legaldocml/ns/akn/3.0" xmlns:html="http://www.w3.org/1999/xhtml" xmlns:akn4un="http://un.org/akn4un">
  <statement name="resolution">
    <meta>
      <identification source="#DGACM">
        <FRBRWork>
          <FRBRthis value="/akn/un/statement/deliberation/unga/2019-12-18/74-157/!main/"></FRBRthis>
          <FRBRuri value="/akn/un/statement/deliberation/unga/2019-12-18/74-157/"></FRBRuri>
          <FRBRdate date="2019-12-18" name="adoption"></FRBRdate>
          <FRBRauthor href="ga" as="author"></FRBRauthor>
          <FRBRcountry value="un"></FRBRcountry>
        </FRBRWork>
        <FRBRExpression>
          <FRBRthis value="/akn/un/statement/deliberation/unga/2019-12-18/74-157/ara@!main/"></FRBRthis>
          <FRBRuri value="/akn/un/statement/deliberation/unga/2019-12-18/74-157/ara@/"></FRBRuri>
          <FRBRdate date="2020-01-23" name="publication"></FRBRdate>
          <FRBRauthor href="ga" as="issuer"></FRBRauthor>
          <FRBRlanguage language="ara"></FRBRlanguage>
        </FRBRExpression>
        <FRBRManifestation>
          <FRBRthis value="/akn/un/statement/deliberation/unga/2019-12-18/74-157/ara@/!main.xml"></FRBRthis>
          <FRBRuri value="/akn/un/statement/deliberation/unga/2019-12-18/74-157/ara@.xml"></FRBRuri>
          <FRBRdate date="2020-09-02" name="markup"></FRBRdate>
          <FRBRauthor href="DGACM" as="editor"></FRBRauthor>
        </FRBRManifestation>
      </identification>
      <classification source="http://metadata.un.org/sdg">
        <keyword value="16" href="http://metadata.un.org/sdg/16" showAs="sdg_16" dictionary="SDGO"></keyword>
        <keyword value="right_to_justice" href="http://eurovoc.europa.eu/516" showAs="right_to_justice" dictionary="EuroVoc"></keyword>
        <keyword value="sustainable_development" href="http://eurovoc.europa.eu/5585" showAs="sustainable_development" dictionary="EuroVoc"></keyword>
        <keyword value="civil_society" href="http://metadata.un.org/thesaurus/1001012" showAs="civil_society" dictionary="UNBIS Thesaurus"></keyword>
        <keyword value="justice" href="http://metadata.un.org/thesaurus/1003500" showAs="justice" dictionary="UNBIS Thesaurus"></keyword>
        <keyword value="peaceful_coexistence" href="http://metadata.un.org/thesaurus/1004777" showAs="peaceful_coexistence" dictionary="UNBIS Thesaurus"></keyword>
        <keyword value="public_institutions" href="http://metadata.un.org/thesaurus/1005254" showAs="public_institutions" dictionary="UNBIS Thesaurus"></keyword>
        <keyword value="social_justice" href="http://metadata.un.org/thesaurus/1005970" showAs="social_justice" dictionary="UNBIS Thesaurus"></keyword>
        <keyword value="sustainable_development" href="http://metadata.un.org/thesaurus/1006319" showAs="sustainable_development" dictionary="UNBIS Thesaurus"></keyword>
      </classification>
      <classification source="http://metadata.un.org/sdg">
        <keyword value="5" href="http://metadata.un.org/sdg/5" showAs="sdg_5" dictionary="SDGO"></keyword>
        <keyword value="gender_equality" href="http://eurovoc.europa.eu/3913" showAs="gender_equality" dictionary="EuroVoc"></keyword>
        <keyword value="participation_of_women" href="http://eurovoc.europa.eu/2265" showAs="participation_of_women" dictionary="EuroVoc"></keyword>
        <keyword value="women&amp;#39;s_rights" href="http://eurovoc.europa.eu/585" showAs="women&amp;#39;s_rights" dictionary="EuroVoc"></keyword>
        <keyword value="position_of_women" href="http://eurovoc.europa.eu/81" showAs="position_of_women" dictionary="EuroVoc"></keyword>
        <keyword value="women" href="http://metadata.un.org/thesaurus/1007029" showAs="women" dictionary="UNBIS Thesaurus"></keyword>
        <keyword value="gender_equality" href="http://metadata.un.org/thesaurus/1002612" showAs="gender_equality" dictionary="UNBIS Thesaurus"></keyword>
        <keyword value="girls" href="http://metadata.un.org/thesaurus/1002684" showAs="girls" dictionary="UNBIS Thesaurus"></keyword>
      </classification>
      <classification source="http://metadata.un.org/sdg">
        <keyword value="17" href="http://metadata.un.org/sdg/17" showAs="sdg_17" dictionary="SDGO"></keyword>
        <keyword value="sustainable_development" href="http://eurovoc.europa.eu/5585" showAs="sustainable_development" dictionary="EuroVoc"></keyword>
        <keyword value="partnership" href="http://eurovoc.europa.eu/4199" showAs="partnership" dictionary="EuroVoc"></keyword>
        <keyword value="sustainable_development" href="http://metadata.un.org/thesaurus/1006319" showAs="sustainable_development" dictionary="UNBIS Thesaurus"></keyword>
        <keyword value="partnership" href="http://metadata.un.org/thesaurus/1004748" showAs="partnership" dictionary="UNBIS Thesaurus"></keyword>
      </classification>
      <workflow source="#un">
        <step date="2019-11-13" outcome="draftResolution" as="A/C.3/74/L.45/Rev.1" by="Afghanistan, Albania, Andorra, Antigua and Barbuda, Argentina, Armenia, Australia, Austria, Belgium, Belize, Bosnia and Herzegovina, Brazil, Bulgaria, Cabo Verde, Central African Republic, Chile, Costa Rica, Croatia, Cyprus, Czechia, Denmark, Dominican Republic, Ecuador, El Salvador, Estonia, Finland, France, Georgia, Germany, Greece, Haiti, Honduras, Hungary, Iceland, Ireland, Italy, Japan, Jordan, Latvia, Lebanon, Libya, Liechtenstein, Lithuania, Luxembourg, Mali, Malta, Mexico, Monaco, Montenegro, Netherlands, North Macedonia, Panama, Poland, Portugal, Republic of Moldova, Romania, Serbia, Seychelles, Slovakia, Slovenia, Spain, Sri Lanka, Sweden, Switzerland, Tunisia, Ukraine, United Kingdom of Great Britain and Northern Ireland and Uruguay" />
        <step date="0001-01-01" outcome="draftResolutionAdditionalSponsors" by="Bolivia (Plurinational State of), Burkina Faso, Canada, Colombia, Côte d'Ivoire, Egypt, Ghana, Guatemala, Guinea, Israel, Lesotho, Liberia, Maldives, Marshall Islands, Mauritania, Mongolia, Morocco, Namibia, New Zealand, Niger, Nigeria, Norway, Palau, Paraguay, Peru, Qatar, Republic of Korea, San Marino, Sao Tome and Principe, Solomon Islands, South Africa, Sudan, Tajikistan, Timor-Leste, United States, Vanuatu, Yemen and Zambia" />
        <step date="0001-01-01" outcome="recommendedForAdoption" as="A/74/399/Add.2" by="" refersTo="90" />
        <step date="2019-12-18" outcome="adopted" as="A/74/PV.50" by="" />
      </workflow>
      <analysis source="#un">
        <parliamentary>
          <voting outcome="adoptedWithoutVote">
            <quorum value=""></quorum>
          </voting>
        </parliamentary>
      </analysis>
      <references source="#DGACM">
        <TLCOrganization eId="source" href="/akn/ontology/organization/un/DGACM" showAs="DGACM"></TLCOrganization>
        <TLCConcept eId="dateOfIssuance" href="/akn/ontology/concept/un/dateOfIssuance" showAs="Date of issuance"></TLCConcept>
        <TLCConcept eId="dateOfAdoption" href="/akn/ontology/concept/un/dateOfAdoption" showAs="Date of adoption"></TLCConcept>
        <TLCConcept eId="symbol" href="/akn/ontology/reference/un/symbol" showAs="Symbol"></TLCConcept>
        <TLCRole eId="publisher" href="/akn/ontology/role/un/publisher" showAs="Publisher"></TLCRole>
        <TLCRole eId="issuingBody" href="/akn/role/concept/un/issuingBody" showAs="Issuing body"></TLCRole>
        <TLCRole eId="author" href="/akn/ontology/role/un/author" showAs="Author"></TLCRole>
        <TLCRole eId="editor" href="/akn/ontology/role/un/editor" showAs="Editor"></TLCRole>
        <TLCRole eId="distribution" href="/akn/ontology/concept/un/generalDistribution" showAs="General distribution"></TLCRole>
        <TLCOrganization eId="ga" href="/akn/ontology/organization/un/generalAssembly" showAs="General Assembly"></TLCOrganization>
        <TLCTerm eId="resolutionTitle" href="/akn/ontology/reference/un/resolutionTitle" showAs="Resolution title"></TLCTerm>
        <TLCTerm eId="thirdCommittee" href="#thirdCommittee" showAs="اللجنة الثالثة"></TLCTerm>
        <TLCTerm eId="memberState" href="/akn/ontology/organization/un/memberState" showAs="Member State"></TLCTerm>
        <TLCTerm eId="inFavour" href="/akn/ontology/concept/un/voting/inFavour" showAs="In favour"></TLCTerm>
        <TLCTerm eId="against" href="/akn/ontology/concept/un/voting/against" showAs="Against"></TLCTerm>
        <TLCTerm eId="abstaining" href="/akn/ontology/concept/un/voting/abstaining" showAs="Abstaining"></TLCTerm>
      </references>
      <presentation source="#un">
        <akn4un:footerFirstPage>
          <akn4un:footerFirstPageLeft>
            <akn4un:internalCode>
              <docketNumber refersTo="#publicationJobNumber">19-22283 (A)</docketNumber>
              <img alt="bar code" class="barCode" src=""></img>
            </akn4un:internalCode>
          </akn4un:footerFirstPageLeft>
          <akn4un:footerFirstPageRight>
            <img alt="Please recycle" class="image" src="./recylcleLogo.jpg"></img>
            <img alt="embedded QR code" class="qrCode" src=""></img>
          </akn4un:footerFirstPageRight>
        </akn4un:footerFirstPage>
      </presentation>
    </meta>
    <coverPage eId="coverPage_1">
      <p>
        <span refersTo="#publisher" class="upperLeft">
          <docAuthority refersTo="#publisher">الأمــم المتحـدة</docAuthority>
        </span>
      </p>
      <p class="upperRight">
        <docNumber refersTo="#symbol">A/RES/74/157</docNumber>
      </p>
      <p class="upperLeft">
        <img src="logo-un.jpg"></img>
        <docAuthority refersTo="#issuingBody" class="rightBig">الجمعية العامة</docAuthority>
      </p>
      <p>
        <docStatus refersTo="#generalDistribution" class="rightSmall">Distr.: General</docStatus>
      </p>
      <p>
        <docDate date="2020-01-23" class="rightSmall" refersTo="#dateOfIssuance">23 January 2020</docDate>
      </p>
      <p>
        <session refersTo="#generalAssembly" value="74" eId="coverPage_1__session_1">الدورة الرابعة والسبعون</session>
      </p>
      <p>
        <inline name="agenda item">البند 70 (ب) من جدول الأعمال</inline>
      </p>
      <p>
        <inline name="agenda item name">تعزيز حقوق الإنسان وحمايتها: مسائل حقوق الإنسان، بما في ذلك النُّهُج البديلة لتحسين التمتع الفعلي بحقوق الإنسان والحريات الأساسية</inline>
      </p>
      <p>
        <docTitle>قرار اتخذته الجمعية العامة في 18 كانون الأول/ديسمبر 2019</docTitle>
      </p>
      <p xml:space="preserve">
        <docProponent refersTo="#thirdCommittee">[بناء على تقرير اللجنة الثالثة (<inline name="originating document">A/74/399/Add.2</inline>)]</docProponent>
      </p>
    </coverPage>
    <preface>
      <p>
        <docNumber>74/157.</docNumber>
        <docTitle refersTo="#resolutionTitle">-	سلامة الصحفيين ومسألة الإفلات من العقاب</docTitle>
      </p>
    </preface>
    <preamble>
      <formula name="enactingFormula" eId="formula_1">
        <p xml:space="preserve">
          <span class="bold italic">إن الجمعية العامة</span>،</p>
      </formula>
      <container name="إذ تسترشد" eId="container_2">
        <p xml:space="preserve">
          <span class="bold italic">إذ تسترشد</span> بمقاصد ميثاق الأمم المتحدة ومبادئه،</p>
      </container>
      <container name="وإذ تعيد تأكيد" eId="container_3">
        <p xml:space="preserve">
          <span class="bold italic">وإذ تعيد تأكيد</span> الإعلان العالمي لحقوق الإنسان<sup>(</sup><authorialNote marker="1" placement="bottom" eId="authorialNote_1"><p xml:space="preserve">	()	القرار 217 ألف (د-3).</p></authorialNote><sup>)</sup> وإذ تشير إلى ما يتصل بهذا الموضوع من معاهدات دولية متعلقة بحقوق الإنسان، بما في ذلك العهد الدولي الخاص بالحقوق المدنية والسياسية<sup>(</sup><authorialNote marker="2" placement="bottom" eId="authorialNote_2"><p xml:space="preserve">	()	انظر القرار 2200 ألف (د-21)، المرفق.</p></authorialNote><sup>)</sup> والاتفاقية الدولية لحماية جميع الأشخاص من الاختفاء القسري<sup>(</sup><authorialNote marker="3" placement="bottom" eId="authorialNote_3"><p xml:space="preserve">	()	United Nations, <span class="italic">Treaty Series</span>, vol. 2716, 48088.</p></authorialNote><sup>)</sup>، وكذلك اتفاقيات جنيف المؤرخة 12 آب/أغسطس 1949<sup>(</sup><authorialNote marker="4" placement="bottom" eId="authorialNote_4"><p xml:space="preserve">	()	المرجع نفسه، المجلد 75 الأرقام 970-973.</p></authorialNote><sup>)</sup> وبروتوكولاتها الإضافية<sup>(</sup><authorialNote marker="5" placement="bottom" eId="authorialNote_5"><p xml:space="preserve">	()	المرجع نفسه، المجلد 1125، الرقمان 17512 و 17513.</p></authorialNote><sup>)</sup>،</p>
      </container>
      <container name="وإذ تشير" eId="container_4">
        <p xml:space="preserve">
          <span class="bold italic">	وإذ تشير</span> إلى قراراتها السابقة المتعلقة بسلامة الصحفيين ومسألة الإفلات من العقاب، بما في ذلك القرار <a href="https://undocs.org/ar/A/RES/68/163">68/163</a> المؤرخ 18 كانون الأول/ديسمبر 2013، الذي أعلنت فيه 2 تشرين الثاني/ نوفمبر يوماً دولياً لإنهاء الإفلات من العقاب على الجرائم المرتكبة ضد الصحفيين، والقرارات <a href="https://undocs.org/ar/A/RES/69/185">69/185</a> المؤرخ 18 كانون الأول/ديسمبر 2014 و <a href="https://undocs.org/ar/A/RES/70/162">70/162</a> المؤرخ 17 كانون الأول/ديسمبر 2015 و <a href="https://undocs.org/ar/A/RES/72/175">72/175</a> المؤرخ 19 كانون الأول/ديسمبر 2017،</p>
      </container>
      <container name="وإذ ترحب" eId="container_5">
        <p xml:space="preserve">
          <span class="bold italic">	وإذ ترحب</span> بآخر تقرير للأمين العام عن سلامة الصحفيين ومسألة الإفلات من العقاب، وعن الحالة الراهنة والإجراءات المتخذة بشأنها حتى الآن<sup>(</sup><authorialNote marker="6" placement="bottom" eId="authorialNote_6"><p xml:space="preserve">	()	<a href="https://undocs.org/ar/A/74/314">A/74/314</a>.</p></authorialNote><sup>)</sup>،</p>
      </container>
      <container name="وإذ تحيط علما مع التقدير" eId="container_6">
        <p xml:space="preserve">
          <span class="bold italic">وإذ تحيط علما مع التقدير</span> بخطة عمل الأمم المتحدة المتعلقة بسلامة الصحفيين ومسألة الإفلات من العقاب، التي أقرها مجلس الرؤساء التنفيذيين في منظومة الأمم المتحدة المعني بالتنسيق في 12 نيسان/أبريل 2012، ودعيت فيها وكالات الأمم المتحدة وصناديقها وبرامجها إلى العمل مع الدول الأعضاء من أجل تهيئة أجواء حرة وآمنة للصحفيين والعاملين في وسائط الإعلام سواء في حالات النزاع أو في غير حالات النزاع، بهدف تعزيز السلام والديمقراطية والتنمية في العالم أجمع،</p>
      </container>
      <container name="وإذ تشير " eId="container_7">
        <p xml:space="preserve">
          <span class="bold italic">وإذ تشير </span>إلى قرارات مجلس حقوق الإنسان <a href="https://undocs.org/ar/A/HRC/RES/21/12">21/12</a> المؤرخ 27 أيلول/سبتمبر 2012<sup>(</sup><authorialNote marker="7" placement="bottom" eId="authorialNote_7"><p xml:space="preserve">	()	<span class="italic">الوثائق الرسمية للجمعية العامة، الدورة السابعة والستون، الملحق رقم 53 ألف</span> (<a href="https://undocs.org/ar/A/67/53/Add.1">A/67/53/Add.1</a>)، الفصل الثالث.</p></authorialNote><sup>)</sup> و <a href="https://undocs.org/ar/A/HRC/RES/27/5">27/5</a> المؤرخ 25 أيلول/سبتمبر 2014<sup>(</sup><authorialNote marker="8" placement="bottom" eId="authorialNote_8"><p xml:space="preserve">	()	المرجع نفسه،<span class="italic"> الدورة التاسعة والستون، الملحق رقم 53 ألف </span>والتصويبان (<a href="https://undocs.org/ar/A/69/53/Add.1">A/69/53/Add.1</a> و <a href="https://undocs.org/ar/A/69/53/Add.1/Corr.1">A/69/53/Add.1/Corr.1</a> و <a href="https://undocs.org/ar/A/69/53/Add.1/Corr.2">A/69/53/Add.1/Corr.2</a>)، الفصل الرابع، الفرع ألف.</p></authorialNote><sup>)</sup> و <a href="https://undocs.org/ar/A/HRC/RES/33/2">33/2</a> المؤرخ 29 أيلول/سبتمبر 2016<sup>(</sup><authorialNote marker="9" placement="bottom" eId="authorialNote_9"><p xml:space="preserve">	()	المرجع نفسه<span class="italic">، الدورة الحادية والسبعون، الملحق رقم 53 ألف </span>والتصويب (<a href="https://undocs.org/ar/A/71/53/Add.1">A/71/53/Add.1</a> و <a href="https://undocs.org/ar/A/71/53/Add.1/Corr.1">A/71/53/Add.1/Corr.1</a>)، الفصل الثاني.</p></authorialNote><sup>)</sup> و <a href="https://undocs.org/ar/A/HRC/RES/39/6">39/6</a> المؤرخ 27 أيلول/سبتمبر 2018<sup>(</sup><authorialNote marker="10" placement="bottom" eId="authorialNote_10"><p xml:space="preserve">	()	المرجع نفسه، الدورة الثالثة<span class="italic"> والسبعون، الملحق رقم 53 ألف </span>(<a href="https://undocs.org/ar/A/73/53/Add.1">A/73/53/Add.1</a>)، الفصل الثالث.</p></authorialNote><sup>)</sup> بشأن سلامة الصحفيين و <a href="https://undocs.org/ar/A/HRC/RES/32/13">32/13</a> المؤرخ 1 تموز/يوليه 2016 بشأن تعزيز وحماية حقوق الإنسان على الإنترنت والتمتع بها<sup>(</sup><authorialNote marker="11" placement="bottom" eId="authorialNote_11"><p xml:space="preserve">	()	المرجع نفسه<span class="italic">، الدورة الحادية والسبعون، الملحق رقم 53 </span>(<a href="https://undocs.org/ar/A/71/53">A/71/53</a>)، الفصل الخامس، الفرع ألف.</p></authorialNote><sup>)</sup> و <a href="https://undocs.org/ar/A/HRC/RES/34/7">34/7</a> المؤرخ 23 آذار/مارس 2017 بشأن الحق في الخصوصية في العصر الرقمي<sup>(</sup><authorialNote marker="12" placement="bottom" eId="authorialNote_12"><p xml:space="preserve">	()	المرجع نفسه، <span class="italic">الدورة الثانية والسبعون، الملحق رقم 53</span> (<a href="https://undocs.org/ar/A/72/53">A/72/53</a>)، الفصل الرابع، الفرع ألف.</p></authorialNote><sup>)</sup> و <a href="https://undocs.org/ar/A/HRC/RES/27/12">27/12</a> المؤرخ 25 أيلول/سبتمبر 2014<sup>(8)</sup> بشأن البرنامج العالمي للتثقيف في مجال حقوق الإنسان، وإلى قرارات مجلس الأمن <a href="https://undocs.org/ar/S/RES/1325 (2000)">1325 (2000)</a> المؤرخ 31 تشرين الأول/ أكتوبر 2000 و <a href="https://undocs.org/ar/S/RES/1738 (2006)">1738 (2006)</a> المؤرخ 23 كانون الأول/ديسمبر 2006 و <a href="https://undocs.org/ar/S/RES/2222 (2015)">2222 (2015)</a> المؤرخ 27 أيار/مايو 2015 وقرار المجلس الاقتصادي والاجتماعي <a href="https://undocs.org/ar/E/RES/2019/2">2019/2</a> المؤرخ 6 حزيران/يونيه 2019 المتعلق بتعميم مراعاة المنظور الجنساني في جميع سياسات منظومة الأمم المتحدة وبرامجها،</p>
      </container>
      <container name="وإذ تحيط علما مع التقدير" eId="container_8">
        <p xml:space="preserve">
          <span class="bold italic">	وإذ تحيط علما مع التقدير</span>
          <span class="italic"> بمنشور الاتجاهات العالمية على صعيد حرية التعبير وتطوير وسائل الإعلام: التقرير العالمي 2017-2018</span> الصادر عن منظمة الأمم المتحدة للتربية والعلم والثقافة، وإذ تحيط علما مع التقدير بصدور طبعة 2017 من <span class="italic">دليل السلامة للصحفيين: دليل للمراسلين في البيئات الشديدة الخطورة</span>،</p>
      </container>
      <container name="وإذ تشير" eId="container_9">
        <p xml:space="preserve">
          <span class="bold italic">وإذ تشير</span> إلى جميع التقارير الأخرى ذات الصلة الصادرة عن الأمين العام ومفوضية الأمم المتحدة لحقوق الإنسان والإجراءات الخاصة لمجلس حقوق الإنسان بشأن سلامة الصحفيين، وإلى آخر تقرير للأمين العام عن المرأة والسلام والأمن<sup>(</sup><authorialNote marker="13" placement="bottom" eId="authorialNote_13"><p xml:space="preserve">	()	<a href="https://undocs.org/ar/S/2019/800">S/2019/800</a>.</p></authorialNote><sup>)</sup>،</p>
      </container>
      <container name="وإذ تثني" eId="container_10">
          <p xml:space="preserve">
            <span class="bold italic">وإذ تثني</span> على دور مفوضية حقوق الإنسان ومنظمة الأمم المتحدة للتربية والعلم والثقافة وأنشطتهما في ما يتعلق بسلامة الصحفيين ومسألة الإفلات من العقاب، بما في ذلك تعاونهما من أجل تعزيز تنفيذ خطة عمل الأمم المتحدة بشأن سلامة الصحفيين ومسألة الإفلات من العقاب، بما في ذلك إسهامهما، بالتشاور مع الكيانات المعنية داخل منظومة الأمم المتحدة والحكومات وأصحاب المصلحة ذوي الصلة، في تعزيز تنفيذ خطة عمل الأمم المتحدة بشأن سلامة الصحفيين ومسألة الإفلات من العقاب وتيسيرهما الاحتفال في 2 تشرين الثاني/نوفمبر باليوم الدولي لإنهاء الإفلات من العقاب على الجرائم المرتكبة ضد الصحفيين، وإذ تحيط علما بنتائج مشاورات أصحاب المصلحة المتعددين بشأن تعزيز تنفيذ خطة عمل الأمم المتحدة بشأن سلامة الصحفيين ومسألة الإفلات من العقاب،</p>
      </container>
      <container name="وإذ ترحب" eId="container_11">
        <p xml:space="preserve">
          <span class="bold italic">وإذ ترحب</span> باعتماد خطة التنمية المستدامة لعام 2030<sup>(</sup><authorialNote marker="14" placement="bottom" eId="authorialNote_14"><p xml:space="preserve">	()	القرار <a href="https://undocs.org/ar/A/RES/70/1">70/1</a>.</p></authorialNote><sup>)</sup> والالتزامات الواردة فيها لتحقيق أمور منها إقامة مجتمعات مسالمة وشاملة للجميع وحماية حقوق الإنسان وتعزيز المساواة بين الجنسين سعيا لتحقيق التنمية المستدامة بما يضمن عدم ترك أحد خلف الركب، وذلك بسبل منها ضمان وصول عامة الناس إلى المعلومات وحماية الحريات الأساسية، وفقاً للتشريعات الوطنية والاتفاقات الدولية، وإذ تسلم من ثم بالمساهمة المهمة لتعزيز وحماية سلامة الصحفيين في هذا الصدد،‬</p>
      </container>
      <container name="وإذ تضع في اعتبارها" eId="container_12">
        <p xml:space="preserve">
          <span class="bold italic">وإذ تضع في اعتبارها</span> أن الحق في حرية الرأي والتعبير من حقوق الإنسان المكفولة للجميع بموجب المادة 19 من الإعلان العالمي لحقوق الإنسان ومن العهد الدولي الخاص بالحقوق المدنية والسياسية وأنه يشكل أحد الدعائم الأساسية لكل مجتمع ديمقراطي وشرطا من الشروط الأساسية لتحقيق تقدمه وتنميته،</p>
      </container>
      <container name="وإذ تعترف" eId="container_13">
        <p xml:space="preserve">
          <span class="bold italic">وإذ تعترف</span> بأن الصحافة تتطور باستمرار لتستوعب إسهامات مقدمة من مؤسسات إعلامية وأفراد خاصين وطائفة من المنظمات التي تلتمس المعلومات والأفكار بجميع أنواعها وتتلقاها وتبثها عن طريق شبكة الإنترنت وغيرها من الوسائط، ممارسة منها لحرية الرأي والتعبير، وفقا للمادة 19 من العهد الدولي الخاص بالحقوق المدنية والسياسية، مُسهمة بذلك في تشكيل ملامح النقاش العام،</p>
      </container>
      <container name="وإذ تسلم" eId="container_14">
          <p xml:space="preserve">
            <span class="bold italic">وإذ تسلم</span> بأهمية حرية التعبير ووسائط الإعلام الحرة والمستقلة والمتعددة والمتنوعة، وأهمية الحصول على المعلومات، سواء على شبكة الإنترنت أو في غيرها من الوسائط، لبناء مجتمعات وديمقراطيات سلمية شاملة للجميع وقائمة على المعرفة ولتعزيز الحوار بين الثقافات والسلام والحكم الرشيد، وكذلك التفاهم والتعاون،</p>
      </container>
        <container name="وإذ تسلم أيضا" eId="container_15">
          <p xml:space="preserve">
            <span class="bold italic">	وإذ تسلم أيضا </span>بأهمية ثقة الجمهور في الصحافة ومصداقيتها، ولا سيما بالصعوبات التي ينطوي عليها الحفاظ على مهنية وسائط الإعلام في بيئة تتطور فيها أشكال وسائط الإعلام الجديدة باستمرار وتتزايد فيها حملات التضليل والتشهير التي تستهدف النيل من مصداقية عمل الصحفيين،</p>
        </container>
          <container name="وإذ تسلم كذلك" eId="container_16">
          <p xml:space="preserve">
            <span class="bold italic">وإذ تسلم كذلك</span> بأن عمل الصحفيين كثيراً ما يعرِّضهم ويعرِّض أفراد أسرهم بشكل خاص لخطر التخويف والتهديد والمضايقة والعنف، وهو خطر كثيرا ما يثني الصحفيين عن مواصلة عملهم أو يشجع الرقابة الذاتية، فيفضي من ثم إلى حرمان المجتمع من معلومات مهمة،</p>
          </container>
      <container name="وإذ تلاحظ" eId="container_17">
        <p xml:space="preserve">
          <span class="bold italic">وإذ تلاحظ</span> الممارسات الجيدة التي تنتهجها بلدان مختلفة بهدف حماية الصحفيين، والممارسات الجيدة الأخرى، ومن بينها تلك التي تستهدف حماية المدافعين عن حقوق الإنسان ويمكن أن تكون، حيثما انطبق ذلك، ذات صلة بحماية الصحفيين،</p>
      </container>
      <container name="وإذ تحث" eId="container_18">
        <p xml:space="preserve">
          <span class="bold italic">	وإذ تحث</span> الدول على أن تبذل قصارى جهدها لمنع أعمال العنف والترهيب والتهديد والاعتداء التي تستهدف الصحفيين والعاملين في وسائط الإعلام، بسبل منها دعم بناء قدرات العاملين في الجهاز القضائي والموظفين المكلفين بإنفاذ القانون والأفراد العسكريين وأفراد الأمن، وكذلك العاملين في المنظمات الإعلامية والصحفيين وأفراد المجتمع المدني، وتدريبهم وتوعيتهم فيما يتعلق بواجبات الدول والتزاماتها المنصوص عليها في القانون الدولي لحقوق الإنسان والقانون الدولي الإنساني فيما يتصل بسلامة الصحفيين،</p>
      </container>
      <container name="وإذ تسلم" eId="container_19">
          <p xml:space="preserve">
            <span class="bold italic">وإذ تسلم</span> بالجهود التي تبذلها الدول لاستعراض القوانين والسياسات والممارسات التي تحد من قدرة الصحفيين على القيام بعملهم باستقلال ودون تدخل لا موجب له، وتعديل تلك القوانين والسياسات والممارسات، عند الاقتضاء، وجعلها تتفق تماماً مع التزاماتها بموجب القانون الدولي،</p>
      </container>
      <container name="وإذ تؤكد " eId="container_20">
        <p xml:space="preserve">
          <span class="bold italic">	وإذ تؤكد </span>دور التعاون الدولي في دعم الجهود الوطنية الرامية إلى منع الاعتداءات وأعمال العنف الموجهة ضد الصحفيين وفي تعزيز قدرات الدول في مجال حقوق الإنسان، بوسائل منها منع الاعتداءات وأعمال العنف الموجهة ضد الصحفيين، بما في ذلك من خلال توفير المساعدة التقنية بناء على الطلب ووفقاً للأولويات التي تحددها الدول المعنية،</p>
      </container>
      <container name="وإذ تسلم " eId="container_21">
          <p xml:space="preserve">
            <span class="bold italic">وإذ تسلم</span> بكثرة عدد الذين تتأثر حياتهم بطريقة عرض المعلومات وبأن الصحافة تؤثر في الرأي العام،</p>
      </container>
        <container name="وإذ تسلم أيضا " eId="container_22">
          <p xml:space="preserve">
            <span class="bold italic">وإذ تسلم أيضا</span> بالدور الحاسم الذي يؤديه الصحفيون والعاملون في وسائط الإعلام في سياق الانتخابات، بما في ذلك إطلاع الجمهور على المرشحين ومنابرهم ومناقشاتهم الجارية، وإذ تعرب عن قلقها البالغ من تزايد الهجمات على الصحفيين والعاملين في وسائط الإعلام خلال فترات الانتخابات،</p>
        </container>
          <container name="وإذ تثير جزعها " eId="container_23">
          <p xml:space="preserve">
            <span class="bold italic">	وإذ تثير جزعها</span> الحالات التي يعمد فيها زعماء سياسيون ومسؤولون حكوميون و/أو سلطات حكومية إلى تشويه صورة وسائط الإعلام أو ترهيبها أو تهديدها، بما في ذلك الصحفيون، على نحو يزيد من احتمال تعرض الصحفيين للتهديدات وأعمال العنف ويقوض ثقة الجمهور في مصداقية الصحافة،</p>
          </container>
      <container name="وإذ تضع في اعتبارها" eId="container_24">
        <p xml:space="preserve">
          <span class="bold italic">وإذ تضع في اعتبارها</span> أن الإفلات من العقاب على الاعتداءات التي تستهدف الصحفيين يظل أحد أكبر التحديات التي تهدد سلامة الصحفيين وأن كفالة المساءلة عن الجرائم المرتكبة ضد الصحفيين عنصر أساسي في منع وقوع اعتداءات في المستقبل،</p>
      </container>
      <container name="وإذ تشير" eId="container_25">
        <p xml:space="preserve">
          <span class="bold italic">وإذ تشير</span> في هذا الصدد إلى ضرورة اعتبار الصحفيين ومهنيي الإعلام والأفراد المرتبطين بوسائط الإعلام الذين يقومون بمهام مهنية خطيرة في مناطق النزاع المسلح أشخاصاً مدنيين يجب احترامهم وحمايتهم بصفتهم هذه، شريطة ألا يقوموا بأي عمل يضر بوضعهم كمدنيين،</p>
      </container>
      <container name="وإذ تسلم" eId="container_26">
          <p xml:space="preserve">
            <span class="bold italic">	وإذ تسلم</span> بالدور الهام الذي يمكن أن تؤديه المؤسسات الوطنية لحقوق الإنسان، حيثما وجدت، في تعزيز حقوق الإنسان وحمايتها، بما فيها الحق في حرية الرأي والتعبير، وفي التصدي لانتهاكات وتجاوزات حقوق الإنسان المرتكبة في حق الصحفيين من خلال أنشطة الرصد والتثقيف والتوعية، وكذلك من خلال النظر في الشكاوى، وإذ تسلّم كذلك بالمساهمة التي يمكن أن تقدمها الآليات الوطنية للإبلاغ والمتابعة في منع انتهاكات وتجاوزات حقوق الإنسان المرتكبة في حق الصحفيين،</p>
      </container>
      <container name="وإذ يساورها قلق بالغ" eId="container_27">
        <p xml:space="preserve">
          <span class="bold italic">	وإذ يساورها قلق بالغ</span> إزاء جميع انتهاكات وتجاوزات حقوق الإنسان المرتكبة فيما يتعلق بسلامة الصحفيين والعاملين في وسائط الإعلام، بما في ذلك القتل والتعذيب والاختفاء القسري والقبض التعسفي والاحتجاز التعسفي والطرد والتخويف والمضايقة والتهديد على شبكة الإنترنت وخارجها وغير ذلك من أشكال العنف،</p>
      </container>
      <container name="وإذ تعرب عن القلق البالغ" eId="container_28">
        <p xml:space="preserve">
          <span class="bold italic">	وإذ تعرب عن القلق البالغ</span> إزاء تزايد عدد الصحفيين والعاملين في وسائط الإعلام الذين قُتلوا أو عُذبوا أو اعتقلوا أو احتُجزوا أو تعرضوا للمضايقة أو التخويف في السنوات الأخيرة كنتيجة مباشرة لممارستهم مهنتهم،</p>
      </container>
      <container name="وإذ تعرب أيضا عن القلق البالغ" eId="container_29">
        <p xml:space="preserve">
          <span class="bold italic">وإذ تعرب أيضا عن القلق البالغ</span> إزاء ما تمثله الجهات الفاعلة من غير الدول، بما فيها الجماعات الإرهابية والمنظمات الإجرامية، من خطر متزايد يهدد سلامة الصحفيين،</p>
      </container>
      <container name="وإذ يساورها قلق بالغ" eId="container_30">
        <p xml:space="preserve">
          <span class="bold italic">وإذ يساورها قلق بالغ</span> إزاء المخاطر الخاصة التي تواجه الصحفيات في سياق ممارستهن لعملهن، في حالات النزاع المسلح وفي غير حالات النزاع، حيث ما زلن عرضة للاستهداف بمعدلات مثيرة للقلق، وإذ تشدد في هذا السياق على أهمية اتباع نهج يراعي الفوارق بين الجنسين عند النظر في التدابير اللازمة لكفالة سلامة الصحفيين والعاملين في وسائط الإعلام، بما في ذلك في الفضاء الإلكتروني، ولا سيما للتصدي بفعالية لممارسات التمييز والعنف والانتهاك والمضايقة القائمة على نوع الجنس، بما في ذلك التحرش الجنسي والتهديد والتخويف وعدم المساواة والقوالب النمطية القائمة على نوع الجنس، ولتمكين المرأة من ممارسة الصحافة والبقاء فيها على أساس المساواة وعدم التمييز، مع ضمان أكبر قدر ممكن من السلامة لهن، ولكفالة معالجة تجارب الصحفيات وشواغلهن بفعالية والتصدي للقوالب النمطية الجنسانية في وسائط الإعلام على النحو المناسب،</p>
      </container>
      <container name="وإذ تعترف" eId="container_31">
        <p xml:space="preserve">
          <span class="bold italic">	وإذ تعترف</span> بتعرض الصحفيين لمخاطر خاصة على سلامتهم في العصر الرقمي، بما في ذلك تعرض الصحفيين بشكل خاص لأن يصبحوا أهدافاً لمراقبة الاتصالات أو اعتراضها على نحو غير قانوني أو تعسفي، انتهاكا لحقهم في الخصوصية وفي حرية التعبير،</p>
      </container>
      <container name="وإذ تسلم " eId="container_32">
          <p xml:space="preserve">
            <span class="bold italic">	وإذ تسلم </span>بأن الأطر القانونية الوطنية المتسقة مع الالتزامات والتعهدات الدولية التي قطعتها الدول في مجال حقوق الإنسان شرطٌ أساسي لتهيئة بيئة آمنة ومواتية للصحفيين، وإذ تعرب عن قلقها البالغ إزاء إساءة استخدام القوانين والسياسات والممارسات الوطنية لعرقلة أو تقييد قدرة الصحفيين على أداء عملهم باستقلال ودون تدخل لا موجب له،</p>
      </container>
      <container name="وإذ تشدد " eId="container_33">
        <p xml:space="preserve">
          <span class="bold italic">	وإذ تشدد </span>على ضرورة زيادة التركيز على التدابير الوقائية وعلى وضع أطر قانونية تمكينية تكفل حرية التعبير بما يضمن تهيئة بيئة آمنة ومواتية للصحفيين والعاملين في وسائط الإعلام،</p>
      </container>
    </preamble>
    <mainBody>
      <paragraph eId="para_34" class="SingleTxt">
        <content eId="para_34__content">
          <p xml:space="preserve">	1 -	<span class="bold italic">تدين بشكل قاطع</span> جميع الاعتداءات وأعمال العنف الموجهة ضد الصحفيين والعاملين في وسائط الإعلام، من قبيل التعذيب وحالات الإعدام خارج نطاق القضاء، وحالات الاختفاء القسري، والاعتقال التعسفي، والاحتجاز التعسفي، والطرد، والتخويف والتهديد والمضايقة على شبكة الإنترنت وخارجها، بطرق منها الاعتداء على مكاتبهم ومنافذهم الإعلامية أو إجبارهم على إغلاقها، سواء في حالات النزاع أو في غير حالات النزاع؛</p>
        </content>
      </paragraph>
      <paragraph eId="para_35" class="SingleTxt">
        <content eId="para_35__content">
          <p xml:space="preserve">	2 -	<span class="bold italic">تدين بشكل قاطع أيضا</span> الاعتداءات المحددة على الصحفيات والعاملات في وسائط الإعلام في سياق ممارسة عملهن، مثل التمييز والعنف القائمين على نوع الجنس، بما يشمل التحرش الجنسي والتخويف، على شبكة الإنترنت وخارجها، والتحريض على الكراهية التي تستهدف الصحفيات، على شبكة الإنترنت وخارجها، وتهيب بالدول أن تتصدى لهذه المسائل في إطار ما يُبذَل من جهود على نطاق أوسع لتعزيز وحماية ما للمرأة من حقوق الإنسان، والقضاء على عدم المساواة بين الجنسين والتصدي للقوالب النمطية الجنسانية في المجتمع؛</p>
        </content>
      </paragraph>
      <paragraph eId="para_36" class="SingleTxt">
        <content eId="para_36__content">
          <p xml:space="preserve">	3 -	<span class="bold italic">تدين بقوة</span> انتشار الإفلات من العقاب على الاعتداءات وأعمال العنف الموجهة ضد الصحفيين، وتعرب عن قلقها لإفلات الغالبية العظمى من مرتكبي هذه الجرائم من العقاب، مما يسهم بدوره في تكرار هذه الجرائم؛</p>
        </content>
      </paragraph>
      <paragraph eId="para_37" class="SingleTxt">
        <content eId="para_37__content">
          <p xml:space="preserve">	4 -	<span class="bold italic">تهيب</span> بالدول أن تضع وتنفِّذ بفعالية الأطر والتدابير القانونية المتعلقة بحماية الصحفيين والعاملين في وسائط الإعلام وبالتصدي للإفلات من العقاب، مع مراعاة أبعادها الجنسانية، بطرق منها القيام، حسب مقتضى الحال، إنشاء وتعزيز وحدات تحقيق خاصة أو لجان تحقيق مستقلة، وتعيين مدعٍ عام متخصص، واعتماد بروتوكولات وأساليب تحقيق وادعاء محددة؛</p>
        </content>
      </paragraph>
      <paragraph eId="para_38" class="SingleTxt">
        <content eId="para_38__content">
          <p xml:space="preserve">	5 -	<span class="bold italic">تحث</span> على أن يفرج فوراً وبلا شروط عن الصحفيين والعاملين في وسائط الإعلام الذين اعتقلوا تعسفاً أو احتجزوا تعسفاً أو أخذوا رهائن أو الذين أصبحوا ضحايا للاختفاء القسري؛</p>
        </content>
      </paragraph>
      <paragraph eId="para_39" class="SingleTxt">
        <content eId="para_39__content">
          <p xml:space="preserve">	6 -	<span class="bold italic">تهيب</span> بجميع الدول أن تولي الاهتمام لسلامة الصحفيين الذين يغطون أحداثا يمارس الناس فيها حقهم في التجمع السلمي وحرية التعبير، واضعة في اعتبارها دورهم الخاص وتعرضهم للخطر وضعفهم بصفة خاصة؛</p>
        </content>
      </paragraph>
      <paragraph eId="para_40" class="SingleTxt">
        <content eId="para_40__content">
          <p xml:space="preserve">	7 -	<span class="bold italic">تشجع</span> الدول على اغتنام فرصة إعلان يوم 2 تشرين الثاني/نوفمبر يوماً دولياً لإنهاء الإفلات من العقاب على الجرائم المرتكبة ضد الصحفيين من أجل إذكاء التوعية بمسألة سلامة الصحفيين وإطلاق مبادرات ملموسة في هذا الصدد؛</p>
        </content>
      </paragraph>
      <paragraph eId="para_41" class="SingleTxt">
        <content eId="para_41__content">
          <p xml:space="preserve">	8 -	<span class="bold italic">تطلب</span> إلى منظمة الأمم المتحدة للتربية والعلم والثقافة أن تواصل تيسير تنفيذ أنشطة اليوم الدولي، بالتعاون مع الحكومات وأصحاب المصلحة ذوي الصلة، وبالتشاور مع الكيانات المعنية داخل منظومة الأمم المتحدة، آخذة في اعتبارها الأحكام الواردة في مرفق قرار المجلس الاقتصادي والاجتماعي 1980/67 المؤرخ 25 تموز/يوليه 1980؛</p>
        </content>
      </paragraph>
      <paragraph eId="para_42" class="SingleTxt">
        <content eId="para_42__content">
          <p xml:space="preserve">	9 -	<span class="bold italic">تحث</span> الدول الأعضاء على أن تبذل قصاراها لمنع أعمال العنف والتهديدات والاعتداءات التي تستهدف الصحفيين والعاملين في وسائط الإعلام وأن تكفل المساءلة عن طريق إجراء تحقيقات محايدة وسريعة ومستفيضة ومستقلة وفعالة في جميع ما يُدعى وقوعه في نطاق ولايتها من أعمال عنف وتهديدات واعتداءات ضد الصحفيين والعاملين في وسائط الإعلام، بما في ذلك العنف الجنسي والجنساني ضد الصحفيات والعاملات في وسائط الإعلام في حالات النزاع المسلح وفي غير حالات النزاع، وأن تقدم إلى العدالة مرتكبي هذه الجرائم، بما في ذلك كل من يصدر الأوامر أو يتواطأ لارتكاب مثل تلك الجرائم أو يساعد ويحرض على ارتكابها أو يتستر عليها، وأن تضمن استفادة الضحايا وأسرهم من سبل الانتصاف المناسبة؛</p>
        </content>
      </paragraph>
      <paragraph eId="para_43" class="SingleTxt">
        <content eId="para_43__content">
          <p xml:space="preserve">	10 -	<span class="bold italic">تحث</span> الزعماء السياسيين والمسؤولين الحكوميين و/أو السلطات الحكومية على الامتناع عن تعريض وسائط الإعلام، بما في ذلك فرادى الصحفيين والعاملون في وسائط الإعلام، لا سيما النساء، للتشويه أو التخويف أو التهديد، على نحو يقوض الثقة في مصداقية الصحفيين وينال من احترام أهمية الصحافة المستقلة؛</p>
        </content>
      </paragraph>
      <paragraph eId="para_44" class="SingleTxt">
        <content eId="para_44__content">
          <p xml:space="preserve">	11 -	<span class="bold italic">تهيب</span> بالدول أن تعمل، في إطار القانون والممارسة العملية، على إيجاد وإدامة بيئة آمنة ومواتية للصحفيين لكي يقوموا بعملهم باستقلال ودون تدخل لا موجب له، مع مراعاة أبعاده الجنسانية، وذلك بوسائل منها (أ) وضع التدابير التشريعية؛ و (ب) دعم الجهاز القضائي للنظر في إمكانية تنفيذ أنشطة للتدريب وإذكاء الوعي ودعم التدريب والتوعية في أوساط الأفراد المكلفين بإنفاذ القانون والأفراد العسكريين، وكذلك الصحفيين والمجتمع المدني، في ما يتعلق بالواجبات والالتزامات المنصوص عليها في القانون الدولي لحقوق الإنسان والقانون الدولي الإنساني في ما يتصل بسلامة الصحفيين، بسبل منها التركيز الشديد على التمييز الجنسي والجنساني والعنف ضد الصحفيات، وكذلك على السمات الخاصة للتهديدات والمضايقة التي تستهدف الصحفيات عبر الإنترنت؛ و (ج) رصد الاعتداءات على الصحفيين والإبلاغ عنها بانتظام؛ و (د) جمع وتحليل بيانات كمية ونوعية محددة عن الاعتداءات أو أعمال العنف الموجهة ضد الصحفيين على شبكة الإنترنت وخارجها، مصنفة حسب عوامل منها الجنس؛ و (ه) الإدانة العلنية والمنهجية للاعتداءات وأعمال المضايقة والعنف الموجهة ضد الصحفيين والعاملين في وسائط الإعلام على شبكة الإنترنت وخارجها؛ و (و) تخصيص الموارد اللازمة للتحقيق في هذه الاعتداءات ومقاضاة مرتكبيها ووضع وتنفيذ استراتيجيات تراعي الاعتبارات الجنسانية لمكافحة الإفلات من العقاب على الاعتداءات وأعمال العنف الموجهة ضد الصحفيين، بوسائل منها تطبيق الممارسات الجيدة، حيثما كان ذلك مناسباً، من قبيل تلك المحددة في قرار مجلس حقوق الإنسان 33/2<sup>(9)</sup>؛ و (ز) اتخاذ تدابير وقائية وإجراءات تحقيقية مأمونة ومراعية للاعتبارات الجنسانية من أجل تشجيع الصحفيات على الإبلاغ عن الاعتداءات التي يتعرضن لها على شبكة الإنترنت وخارجها، وتقديم الدعم الكافي لهن، بما في ذلك الدعم النفسي والاجتماعي، للضحايا والناجيات؛</p>
        </content>
      </paragraph>
      <paragraph eId="para_45" class="SingleTxt">
        <content eId="para_45__content">
          <p xml:space="preserve">	12 -	<span class="bold italic">تدين إدانة قاطعة</span> التدابير التي تتخذها الدول، في انتهاك للقانون الدولي لحقوق الإنسان، وتستهدف أو تتعمد منع أو تعطيل سبل الوصول إلى المعلومات أو نشرها على شبكة الإنترنت أو خارجها، بهدف تقويض عمل الصحفيين في إبلاغ الجمهور، بما فيها التدابير التي تستهدف تقييد أو منع الوصول إلى المواقع الشبكية أو إغلاقها بلا موجب، مثل الهجمات التي تستهدف هذه المواقع لقطع الخدمة عنها، وتهيب بجميع الدول أن تتوقف وتمتنع عن اتخاذ هذه التدابير التي تتسبب في إلحاق ضرر لا يمكن تداركه بالجهود الرامية إلى بناء مجتمعات وديمقراطيات سلمية قائمة على المعرفة وشاملة للجميع؛</p>
        </content>
      </paragraph>
      <paragraph eId="para_46" class="SingleTxt">
        <content eId="para_46__content">
          <p xml:space="preserve">	13 -	<span class="bold italic">تهيب</span> بالدول أن تكفل أن تكون تدابير مكافحة الإرهاب وحفظ الأمن القومي أو النظام العام متسقة مع التزاماتها بموجب القانون الدولي، وأنها لا تعيق تعسفاً أو بلا موجب عمل الصحفيين ولا تخل بسلامتهم، بطرق منها الاعتقال أو الاحتجاز التعسفي أو التهديد بذلك؛</p>
        </content>
      </paragraph>
      <paragraph eId="para_47" class="SingleTxt">
        <content eId="para_47__content">
          <p xml:space="preserve">	14 -	<span class="bold italic">تهيب أيضا</span> بالدول أن تكفل عدم إساءة استخدام قوانين التشهير والقذف، ولا سيما من خلال فرض جزاءات جنائية مفرطة، بغرض إخضاع الصحفيين للرقابة التعسفية أو غير المشروعة والتدخل في أدائهم واجبهم المتمثل في إعلام الجمهور، وتعديل هذه القوانين وإلغائها عند الاقتضاء، وفقاً لالتزامات الدول بموجب القانون الدولي لحقوق الإنسان؛</p>
        </content>
      </paragraph>
      <paragraph eId="para_48" class="SingleTxt">
        <content eId="para_48__content">
          <p xml:space="preserve">	15 -	<span class="bold italic">تؤكد</span> أن أدوات التشفير وإخفاء الهوية أصبحت، في العصر الرقمي، ضرورية لتمكين صحفيين كثيرين من أداء عملهم بحرية والتمتع بحقوق الإنسان، لا سيما حقهم في حرية التعبير وفي الخصوصية، بما في ذلك تأمين اتصالاتهم وحماية سرية مصادرهم، وتهيب بالدول ألا تتدخل في استعمال تلك التكنولوجيات، وأن تكفل أن يتمشى أي تقييد لهذا الاستعمال مع التزامات الدول بموجب القانون الدولي لحقوق الإنسان؛</p>
        </content>
      </paragraph>
      <paragraph eId="para_49" class="SingleTxt">
        <content eId="para_49__content">
          <p xml:space="preserve">	16 -	<span class="bold italic">تؤكد أيضا</span> أهمية الدور الذي يمكن أن تؤدِّيه المنظمات الإعلامية في تزويد الصحفيين والعاملين في وسائط الإعلام بالتدريب والإرشاد المناسبين في مجال السلامة والتوعية بالمخاطر والأمن الرقمي والحماية الذاتية، فضلاً عن معدات الحماية؛</p>
        </content>
      </paragraph>
      <paragraph eId="para_50" class="SingleTxt">
        <content eId="para_50__content">
          <p xml:space="preserve">	17 -	<span class="bold italic">تشدد</span> على ضرورة ضمان تحسين التعاون والتنسيق على الصعيدين الدولي والإقليمي، بطرق منها تقديم المساعدة التقنية وبناء القدرات في ما يتعلق بالمساعدة على تعزيز سلامة الصحفيين على الصعيدين الوطني والمحلي؛</p>
        </content>
      </paragraph>
      <paragraph eId="para_51" class="SingleTxt">
        <content eId="para_51__content">
          <p xml:space="preserve">	18 -	<span class="bold italic">تهيب</span> بالدول أن تتعاون مع كيانات الأمم المتحدة المعنية، ولا سيما منظمة الأمم المتحدة للتربية والعلم والثقافة، وكذلك مع آليات حقوق الإنسان الدولية والإقليمية، بما فيها الإجراءات الخاصة ذات الصلة التابعة لمجلس حقوق الإنسان، وتدعو الدول إلى أن تتبادل المعلومات على أساس طوعي بشأن حالة التحقيقات في الاعتداءات وأعمال العنف الموجهة ضد الصحفيين، بما في ذلك في سياق الرد على طلبات منظمة الأمم المتحدة للتربية والعلم والثقافة عن طريق الآلية التي يديرها برنامجها الدولي لتنمية الاتصال؛</p>
        </content>
      </paragraph>
      <paragraph eId="para_52" class="SingleTxt">
        <content eId="para_52__content">
          <p xml:space="preserve">	19 -	<span class="bold italic">تشجع</span> الدول على أن تستمر في تناول مسألة سلامة الصحفيين في إطار عملية الاستعراض الدوري الشامل؛</p>
        </content>
      </paragraph>
      <paragraph eId="para_53" class="SingleTxt">
        <content eId="para_53__content">
          <p xml:space="preserve">	20 -	<span class="bold italic">تشجع</span> الأمين العام على مواصلة تكثيف جهوده المتعلقة بسلامة الصحفيين والعاملين في وسائط الإعلام، وتدعو وكالات منظومة الأمم المتحدة ومؤسساتها وصناديقها وبرامجها إلى تبادل المعلومات بنشاط وتعزيز التعاون، بوسائل منها شبكة جهات التنسيق، وكذلك التعجيل بتعميم مراعاة المنظور الجنساني في إطار تنفيذ خطة عمل الأمم المتحدة بشأن سلامة الصحفيين ومسألة الإفلات من العقاب، بالتعاون مع الدول الأعضاء وبتنسيق عام من قبل منظمة الأمم المتحدة للتربية والعلم والثقافة؛</p>
        </content>
      </paragraph>
      <paragraph eId="para_54" class="SingleTxt">
        <content eId="para_54__content">
          <p xml:space="preserve">	21 -	<span class="bold italic">تسلم</span> بما لتعزيز سلامة الصحفيين وحمايتها من مساهمة هامة في تحقيق خطة عام 2030 وأهداف التنمية المستدامة الواردة فيها<sup>(14)</sup>، وبخاصة الغاية 16-10، وتهيب بالدول أن تعزز الآليات الوطنية لجمع بيانات مصنفة عن عدد ما تم التحقق منه من حالات القتل والاختطاف والاختفاء القسري والاحتجاز التعسفي والتعذيب وغيرها من الأعمال التي تنطوي على إلحاق الأذى بالصحفيين ومن يرتبط بهم من العاملين في وسائط الإعلام، وتحليل تلك البيانات والإبلاغ عنها، وفقاً للمؤشر  16-10-1 من مؤشرات أهداف التنمية المستدامة، وأن تبذل قصارى جهدها لتوفير هذه البيانات للكيانات المعنية، ولا سيما مفوضية الأمم المتحدة لحقوق الإنسان ومنظمة الأمم المتحدة للتربية والعلم والثقافة؛</p>
        </content>
      </paragraph>
      <paragraph eId="para_55" class="SingleTxt">
        <content eId="para_55__content">
          <p xml:space="preserve">	22 -	<span class="bold italic">تطلب</span> إلى الأمين العام أن يواصل تقديم المساعدة في تنفيذ هذا القرار وأن يقدم إلى الجمعية العامة في دورتها السادسة والسبعين وإلى مجلس حقوق الإنسان في دورته التاسعة والأربعين تقريراً عن سلامة الصحفيين، مع التركيز بوجه خاص على أنشطة شبكة جهات التنسيق في كفالة سلامة الصحفيين ومعالجة مسألة الإفلات من العقاب، ومع مراعاة خطة عمل الأمم المتحدة بشأن سلامة الصحفيين ومسألة الإفلات من العقاب ومتابعتها.</p>
        </content>
      </paragraph>
    </mainBody>
    <conclusions eId="conclusions">
      <p>
        <inline name="adoptionMeeting" title="50">الجلسة العامة 50</inline>
        <eol />
        <docDate date="2019-12-18" refersTo="#adoptionDate">18 كانون الأول/ديسمبر 2019</docDate>
      </p>
    </conclusions>
  </statement>
</akomaNtoso>