<akomaNtoso xmlns:xsi="http://www.w3.org/2001/XMLSchema-instance" xsi:schemaLocation="http://docs.oasis-open.org/legaldocml/ns/akn/3.0 http://docs.oasis-open.org/legaldocml/akn-core/v1.0/os/part2-specs/schemas/akomantoso30.xsd" xmlns="http://docs.oasis-open.org/legaldocml/ns/akn/3.0" xmlns:html="http://www.w3.org/1999/xhtml" xmlns:akn4un="http://un.org/akn4un">
  <statement name="resolution">
    <meta>
      <identification source="#DGACM">
        <FRBRWork>
          <FRBRthis value="/akn/un/statement/deliberation/unga/2019-12-18/74-165/!main/"></FRBRthis>
          <FRBRuri value="/akn/un/statement/deliberation/unga/2019-12-18/74-165/"></FRBRuri>
          <FRBRdate date="2019-12-18" name="adoption"></FRBRdate>
          <FRBRauthor href="ga" as="author"></FRBRauthor>
          <FRBRcountry value="un"></FRBRcountry>
        </FRBRWork>
        <FRBRExpression>
          <FRBRthis value="/akn/un/statement/deliberation/unga/2019-12-18/74-165/ara@!main/"></FRBRthis>
          <FRBRuri value="/akn/un/statement/deliberation/unga/2019-12-18/74-165/ara@/"></FRBRuri>
          <FRBRdate date="2020-01-16" name="publication"></FRBRdate>
          <FRBRauthor href="ga" as="issuer"></FRBRauthor>
          <FRBRlanguage language="ara"></FRBRlanguage>
        </FRBRExpression>
        <FRBRManifestation>
          <FRBRthis value="/akn/un/statement/deliberation/unga/2019-12-18/74-165/ara@/!main.xml"></FRBRthis>
          <FRBRuri value="/akn/un/statement/deliberation/unga/2019-12-18/74-165/ara@.xml"></FRBRuri>
          <FRBRdate date="2020-09-02" name="markup"></FRBRdate>
          <FRBRauthor href="DGACM" as="editor"></FRBRauthor>
        </FRBRManifestation>
      </identification>
      <classification source="http://metadata.un.org/sdg">
        <keyword value="16" href="http://metadata.un.org/sdg/16" showAs="sdg_16" dictionary="SDGO"></keyword>
        <keyword value="right_to_justice" href="http://eurovoc.europa.eu/516" showAs="right_to_justice" dictionary="EuroVoc"></keyword>
        <keyword value="sustainable_development" href="http://eurovoc.europa.eu/5585" showAs="sustainable_development" dictionary="EuroVoc"></keyword>
        <keyword value="civil_society" href="http://metadata.un.org/thesaurus/1001012" showAs="civil_society" dictionary="UNBIS Thesaurus"></keyword>
        <keyword value="justice" href="http://metadata.un.org/thesaurus/1003500" showAs="justice" dictionary="UNBIS Thesaurus"></keyword>
        <keyword value="peaceful_coexistence" href="http://metadata.un.org/thesaurus/1004777" showAs="peaceful_coexistence" dictionary="UNBIS Thesaurus"></keyword>
        <keyword value="public_institutions" href="http://metadata.un.org/thesaurus/1005254" showAs="public_institutions" dictionary="UNBIS Thesaurus"></keyword>
        <keyword value="social_justice" href="http://metadata.un.org/thesaurus/1005970" showAs="social_justice" dictionary="UNBIS Thesaurus"></keyword>
        <keyword value="sustainable_development" href="http://metadata.un.org/thesaurus/1006319" showAs="sustainable_development" dictionary="UNBIS Thesaurus"></keyword>
      </classification>
      <classification source="http://metadata.un.org/sdg">
        <keyword value="5" href="http://metadata.un.org/sdg/5" showAs="sdg_5" dictionary="SDGO"></keyword>
        <keyword value="gender_equality" href="http://eurovoc.europa.eu/3913" showAs="gender_equality" dictionary="EuroVoc"></keyword>
        <keyword value="participation_of_women" href="http://eurovoc.europa.eu/2265" showAs="participation_of_women" dictionary="EuroVoc"></keyword>
        <keyword value="women&amp;#39;s_rights" href="http://eurovoc.europa.eu/585" showAs="women&amp;#39;s_rights" dictionary="EuroVoc"></keyword>
        <keyword value="position_of_women" href="http://eurovoc.europa.eu/81" showAs="position_of_women" dictionary="EuroVoc"></keyword>
        <keyword value="women" href="http://metadata.un.org/thesaurus/1007029" showAs="women" dictionary="UNBIS Thesaurus"></keyword>
        <keyword value="gender_equality" href="http://metadata.un.org/thesaurus/1002612" showAs="gender_equality" dictionary="UNBIS Thesaurus"></keyword>
        <keyword value="girls" href="http://metadata.un.org/thesaurus/1002684" showAs="girls" dictionary="UNBIS Thesaurus"></keyword>
      </classification>
      <classification source="http://metadata.un.org/sdg">
        <keyword value="4" href="http://metadata.un.org/sdg/4" showAs="sdg_4" dictionary="SDGO"></keyword>
        <keyword value="education" href="http://eurovoc.europa.eu/668" showAs="education" dictionary="EuroVoc"></keyword>
        <keyword value="right_to_education" href="http://eurovoc.europa.eu/512" showAs="right_to_education" dictionary="EuroVoc"></keyword>
        <keyword value="education" href="http://metadata.un.org/thesaurus/1001893" showAs="education" dictionary="UNBIS Thesaurus"></keyword>
      </classification>
      <classification source="http://metadata.un.org/sdg">
        <keyword value="10" href="http://metadata.un.org/sdg/10" showAs="sdg_10" dictionary="SDGO"></keyword>
        <keyword value="social_inequality" href="http://eurovoc.europa.eu/1420" showAs="social_inequality" dictionary="EuroVoc"></keyword>
        <keyword value="equality" href="http://metadata.un.org/thesaurus/1002102" showAs="equality" dictionary="UNBIS Thesaurus"></keyword>
      </classification>
      <workflow source="#un">
        <step date="2019-11-11" outcome="draftResolution" as="A/C.3/74/L.55/Rev.1" by="Armenia, Australia, Austria, Chile, Cyprus, Ecuador, Georgia, Honduras, Hungary, Russian Federation, Slovenia and Switzerland" />
        <step date="0001-01-01" outcome="draftResolutionAdditionalSponsors" by="Albania, Antigua and Barbuda, Argentina, Belarus, Belize, Benin, Bolivia (Plurinational State of), Bosnia and Herzegovina, Canada, Colombia, Costa Rica, Côte d'Ivoire, Croatia, Czechia, Denmark, Dominican Republic, El Salvador, Estonia, Ethiopia, Finland, Germany, Greece, Guatemala, Haiti, Iceland, Ireland, Italy, Japan, Latvia, Lebanon, Liechtenstein, Lithuania, Luxembourg, Malta, Mexico, Monaco, Montenegro, Netherlands, North Macedonia, Norway, Panama, Paraguay, Peru, Poland, Republic of Korea, Romania, San Marino, Senegal, Serbia, Slovakia, South Africa, Sweden, Ukraine, United Kingdom, United States and Venezuela (Bolivarian Republic of)" />
        <step date="0001-01-01" outcome="recommendedForAdoption" as="A/74/399/Add.2" by="" refersTo="90" />
        <step date="2019-12-18" outcome="adopted" as="A/74/PV.50" by="" />
      </workflow>
      <analysis source="#un">
        <parliamentary>
          <voting outcome="adoptedWithoutVote">
            <quorum value=""></quorum>
          </voting>
        </parliamentary>
      </analysis>
      <references source="#DGACM">
        <TLCOrganization eId="source" href="/akn/ontology/organization/un/DGACM" showAs="DGACM"></TLCOrganization>
        <TLCConcept eId="dateOfIssuance" href="/akn/ontology/concept/un/dateOfIssuance" showAs="Date of issuance"></TLCConcept>
        <TLCConcept eId="dateOfAdoption" href="/akn/ontology/concept/un/dateOfAdoption" showAs="Date of adoption"></TLCConcept>
        <TLCConcept eId="symbol" href="/akn/ontology/reference/un/symbol" showAs="Symbol"></TLCConcept>
        <TLCRole eId="publisher" href="/akn/ontology/role/un/publisher" showAs="Publisher"></TLCRole>
        <TLCRole eId="issuingBody" href="/akn/role/concept/un/issuingBody" showAs="Issuing body"></TLCRole>
        <TLCRole eId="author" href="/akn/ontology/role/un/author" showAs="Author"></TLCRole>
        <TLCRole eId="editor" href="/akn/ontology/role/un/editor" showAs="Editor"></TLCRole>
        <TLCRole eId="distribution" href="/akn/ontology/concept/un/generalDistribution" showAs="General distribution"></TLCRole>
        <TLCOrganization eId="ga" href="/akn/ontology/organization/un/generalAssembly" showAs="General Assembly"></TLCOrganization>
        <TLCTerm eId="resolutionTitle" href="/akn/ontology/reference/un/resolutionTitle" showAs="Resolution title"></TLCTerm>
        <TLCTerm eId="thirdCommittee" href="#thirdCommittee" showAs="اللجنة الثالثة"></TLCTerm>
        <TLCTerm eId="memberState" href="/akn/ontology/organization/un/memberState" showAs="Member State"></TLCTerm>
        <TLCTerm eId="inFavour" href="/akn/ontology/concept/un/voting/inFavour" showAs="In favour"></TLCTerm>
        <TLCTerm eId="against" href="/akn/ontology/concept/un/voting/against" showAs="Against"></TLCTerm>
        <TLCTerm eId="abstaining" href="/akn/ontology/concept/un/voting/abstaining" showAs="Abstaining"></TLCTerm>
      </references>
      <presentation source="#un">
        <akn4un:footerFirstPage>
          <akn4un:footerFirstPageLeft>
            <akn4un:internalCode>
              <docketNumber refersTo="#publicationJobNumber"></docketNumber>
              <img alt="bar code" class="barCode" src=""></img>
            </akn4un:internalCode>
          </akn4un:footerFirstPageLeft>
          <akn4un:footerFirstPageRight>
            <img alt="Please recycle" class="image" src="./recylcleLogo.jpg"></img>
            <img alt="embedded QR code" class="qrCode" src=""></img>
          </akn4un:footerFirstPageRight>
        </akn4un:footerFirstPage>
      </presentation>
    </meta>
    <coverPage eId="coverPage_1">
      <p>
        <span refersTo="#publisher" class="upperLeft">
          <docAuthority refersTo="#publisher">الأمــم المتحـدة</docAuthority>
        </span>
      </p>
      <p class="upperRight">
        <docNumber refersTo="#symbol">A/RES/74/165</docNumber>
      </p>
      <p class="upperLeft">
        <img src="logo-un.jpg"></img>
        <docAuthority refersTo="#issuingBody" class="rightBig">الجمعية العامة</docAuthority>
      </p>
      <p>
        <docStatus refersTo="#generalDistribution" class="rightSmall">Distr.: General</docStatus>
      </p>
      <p>
        <docDate date="2020-01-16" class="rightSmall" refersTo="#dateOfIssuance">16 January 2020</docDate>
      </p>
      <p>
        <session refersTo="#generalAssembly" value="74" eId="coverPage_1__session_1">الدورة الرابعة والسبعون</session>
      </p>
      <p>
        <inline name="agenda item">البند 70 (ب) من جدول الأعمال</inline>
      </p>
      <p>
        <inline name="agenda item name">تعزيز حقوق الإنسان وحمايتها: مسائل حقوق الإنسان، بما في ذلك النُّهُج البديلة لتحسين التمتع الفعلي بحقوق الإنسان والحريات الأساسية</inline>
      </p>
      <p>
        <docTitle>قرار اتخذته الجمعية العامة في 18 كانون الأول/ديسمبر 2019</docTitle>
      </p>
      <p xml:space="preserve">
        <docProponent refersTo="#thirdCommittee">[بناء على تقرير اللجنة الثالثة (<inline name="originating document">A/74/399/Add.2</inline>)]</docProponent>
      </p>
    </coverPage>
    <preface>
      <p>
        <docNumber>74/165.</docNumber>
        <docTitle refersTo="#resolutionTitle">- 	التعزيز الفعال للإعلان المتعلق بحقوق الأشخاص المنتمين إلى أقليات قومية أو إثنية وإلى أقليات دينية ولغوية</docTitle>
      </p>
    </preface>
    <preamble>
      <formula name="enactingFormula" eId="formula_1">
        <p xml:space="preserve">
          <span class="bold italic">إن الجمعية العامة</span>،</p>
      </formula>
      <container name="إذ تشير" eId="container_2">
        <p xml:space="preserve">
          <span class="bold italic">إذ تشير</span> إلى قرارها <a href="https://undocs.org/ar/A/RES/47/135">47/135</a> المؤرخ 18 كانون الأول/ديسمبر 1992 الذي اعتمدت بموجبه الإعلان المتعلق بحقوق الأشخاص المنتمين إلى أقليات قومية أو إثنية وإلى أقليات دينية ولغوية، المرفق بذلك القرار، وإذ تضع في اعتبارها المادة 27 من العهد الدولي الخاص بالحقوق المدنية والسياسية<sup>(</sup><authorialNote marker="1" placement="bottom" eId="authorialNote_1"><p xml:space="preserve">	()	انظر القرار 2200 ألف (د-21)، المرفق.</p></authorialNote><sup>)</sup> وغيره من المعايير الدولية والتشريعات الوطنية القائمة ذات الصلة بالموضوع،</p>
      </container>
      <container name="وإذ تشير أيضا" eId="container_3">
        <p xml:space="preserve">
          <span class="bold italic">وإذ تشير أيضا</span> إلى قراراتها اللاحقة بشأن التعزيز الفعال للإعلان وإلى جميع قرارات مجلس حقوق الإنسان ذات الصلة،</p>
      </container>
      <container name="وإذ تشير كذلك " eId="container_4">
        <p xml:space="preserve">
          <span class="bold italic">	وإذ تشير كذلك </span>إلى قرار مجلس حقوق الإنسان <a href="https://undocs.org/ar/A/HRC/RES/32/5">32/5</a> المؤرخ 30 حزيران/يونيه 2016 والمعنون ”حقوق الإنسان والحرمان التعسفي من الجنسية“<sup>(</sup><authorialNote marker="2" placement="bottom" eId="authorialNote_2"><p xml:space="preserve">	()	انظر <span class="italic">الوثائق الرسمية للجمعية العامة، الدورة الحادية والسبعون، الملحق رقم 53</span> (<a href="https://undocs.org/ar/A/71/53">A/71/53</a>)، الفصل الخامس، الفرع ألف.</p></authorialNote><sup>)</sup> وإلى جميع القرارات السابقة الصادرة عن مجلس حقوق الإنسان ولجنة حقوق الإنسان بشأن مسألة حقوق الإنسان والحرمان التعسفي من الجنسية،</p>
      </container>
      <container name="وإذ تشير " eId="container_5">
        <p xml:space="preserve">
          <span class="bold italic">	وإذ تشير </span>إلى قرار مجلس حقوق الإنسان <a href="https://undocs.org/ar/A/HRC/RES/37/14">37/14</a> المؤرخ 22 آذار/مارس 2018<sup>(</sup><authorialNote marker="3" placement="bottom" eId="authorialNote_3"><p xml:space="preserve">	()	المرجع نفسه<span class="italic">، الدورة الثالثة والسبعون، الملحق رقم 53</span> (<a href="https://undocs.org/ar/A/73/53">A/73/53</a>)، الفصل الرابع، الفرع ألف.</p></authorialNote><sup>)</sup>، الذي نظر فيه المجلس في توصيات المنتدى المعني بقضايا الأقليات في دورته العاشرة، التي عُقدت في كانون الأول/ديسمبر 2017، بشأن حقوق شباب الأقليات<sup>(</sup><authorialNote marker="4" placement="bottom" eId="authorialNote_4"><p xml:space="preserve">	()	<a href="https://undocs.org/ar/A/HRC/37/73">A/HRC/37/73</a>.</p></authorialNote><sup>)</sup>،</p>
      </container>
      <container name="وإذ تؤكد" eId="container_6">
        <p xml:space="preserve">
          <span class="bold italic">وإذ تؤكد</span> أن تعزيز حقوق الأشخاص المنتمين إلى أقليات قومية أو إثنية وإلى أقليات دينية ولغوية وحمايتها وإقامة الحوار بين هذه الأقليات وبقية المجتمع وإرساء ممارسات وترتيبات مؤسسية بناءة وشاملة للجميع تستوعب التنوع داخل المجتمعات أمور تسهم في الاستقرار السياسي والاجتماعي وفي منع نشوب النزاعات التي لها علاقة بحقوق الأشخاص المنتمين إلى أقليات قومية أو إثنية وإلى أقليات دينية ولغوية وفي حلها بطريقة سلمية،</p>
      </container>
      <container name="وإذ ترحب" eId="container_7">
        <p xml:space="preserve">
          <span class="bold italic">وإذ ترحب</span> باعتماد خطة التنمية المستدامة لعام 2030<sup>(</sup><authorialNote marker="5" placement="bottom" eId="authorialNote_5"><p xml:space="preserve">	()	القرار <a href="https://undocs.org/ar/A/RES/70/1">70/1</a>.</p></authorialNote><sup>)</sup> التي تشكّل خطة عمل أديس أبابا الصادرة عن المؤتمر الدولي الثالث لتمويل التنمية<sup>(</sup><authorialNote marker="6" placement="bottom" eId="authorialNote_6"><p xml:space="preserve">	()	القرار <a href="https://undocs.org/ar/A/RES/69/313">69/313</a>، المرفق.</p></authorialNote><sup>)</sup> جزءا لا يتجزأ منها، وإذ تشير إلى أن أهداف وغايات التنمية المستدامة تسعى إلى إعمال حقوق الإنسان للجميع، وإذ تشدّد على ضرورة أن تقوم الدول الأعضاء بإدماج الخطة في سياساتها الوطنية وأطرها الإنمائية، حسب الاقتضاء، حتى يتم تنفيذها ومتابعتها واستعراضها بفعالية تكفل عدم تخلّف أي أحد عن الركب،</p>
      </container>
      <container name="وإذ تعرب عن القلق" eId="container_8">
        <p xml:space="preserve">
          <span class="bold italic">وإذ تعرب عن القلق</span> إزاء كثرة تواتر وشدة المنازعات والنزاعات التي تتعلق بالأشخاص المنتمين إلى أقليات قومية أو إثنية وإلى أقليات دينية ولغوية في بلدان كثيرة وإزاء نتائجها المأساوية في كثير من الأحيان، وإزاء الآثار الجائرة التي تلحقها النزاعات بهؤلاء الأشخاص في أغلب الأحيان، مما يؤدي إلى انتهاك حقوق الإنسان الخاصة بهم، وإزاء تعرضهم على وجه الخصوص لأخطار التشريد القسري بطرق منها نقل السكان وإلغاء وثائق الهوية وتدفق اللاجئين وإعادة التوطين قسرا،</p>
      </container>
      <container name="وإذ تشدد " eId="container_9">
        <p xml:space="preserve">
          <span class="bold italic">وإذ تشدد </span>على ضرورة تعزيز الجهود من أجل إعمال حقوق الأشخاص المنتمين إلى أقليات قومية أو إثنية وإلى أقليات دينية ولغوية بطرق منها معالجة الظروف الاقتصادية والاجتماعية والتهميش ووضع حد لجميع أنواع التمييز ضدهم، بأساليب منها التصدي للأشكال المتعددة والمتفاقمة والمتداخلة للتمييز،</p>
      </container>
      <container name="وإذ تشدد أيضا" eId="container_10">
        <p xml:space="preserve">
          <span class="bold italic">وإذ تشدد أيضا</span> على الأهمية الأساسية التي يتسم بها التثقيف والتدريب والتعلم في مجال حقوق الإنسان، وكذلك الحوار، بما في ذلك الحوار بين الثقافات والأديان، والتفاعل بين جميع أصحاب المصلحة ذوي الصلة وأفراد المجتمع بشأن تعزيز وحماية حقوق الأشخاص المنتمين إلى أقليات قومية أو إثنية وإلى أقليات دينية ولغوية،</p>
      </container>
      <container name="وإذ تسلم" eId="container_11">
          <p xml:space="preserve">
            <span class="bold italic">وإذ تسلم</span> بأهمية إعمال الحق في التعليم للجميع والقيام، حيثما تسنّى ذلك، بإتاحة فرص كافية للأشخاص المنتمين إلى أقليات قومية أو إثنية وإلى أقليات دينية ولغوية لتعلم لغتهم الخاصة أو تلقي العلم بلغتهم الخاصة،</p>
      </container>
      <container name="وإذ تشدد" eId="container_12">
        <p xml:space="preserve">
          <span class="bold italic">وإذ تشدد</span> على الدور المهم الذي يمكن أن تضطلع به المؤسسات الوطنية في تعزيز وحماية حقوق الأشخاص المنتمين إلى أقليات قومية أو إثنية وإلى أقليات دينية ولغوية وتسلم بالدور الذي تضطلع به الأمم المتحدة ووكالاتها المتخصصة والمنظمات الأخرى ذات الصلة والمقرر الخاص لمجلس حقوق الإنسان المعني بقضايا الأقليات في هذا الصدد، وذلك بوسائل منها تعزيز تنفيذ الإعلان،</p>
      </container>
      <container name="وإذ تسلم" eId="container_13">
          <p xml:space="preserve">
            <span class="bold italic">	وإذ تسلم </span>بأن الغالبية العظمى من الأشخاص عديمي الجنسية هم أشخاص ينتمون إلى أقليات قومية أو إثنية وإلى أقليات دينية ولغوية،</p>
      </container>
    </preamble>
    <mainBody>
      <paragraph eId="para_14" class="SingleTxt">
        <content eId="para_14__content">
          <p xml:space="preserve">	1 -	<span class="bold italic">تعيد تأكيد</span> التزام الدول بضمان أن يمارس الأشخاص المنتمون إلى أقليات قومية أو إثنية وإلى أقليات دينية ولغوية على نحو تام وفعال جميع حقوق الإنسان والحريات الأساسية دون أي تمييز وفي مساواة تامة أمام القانون، على النحو الوارد في الإعلان المتعلق بحقوق الأشخاص المنتمين إلى أقليات قومية أو إثنية وإلى أقليات دينية ولغوية<sup>(</sup><authorialNote marker="7" placement="bottom" eId="authorialNote_7"><p xml:space="preserve">	()	القرار <a href="https://undocs.org/ar/A/RES/47/135">47/135</a>، المرفق.</p></authorialNote><sup>)</sup>، وتوجه الانتباه إلى الأحكام ذات الصلة من إعلان وبرنامج عمل ديربان<sup>(</sup><authorialNote marker="8" placement="bottom" eId="authorialNote_8"><p xml:space="preserve">	()	انظر <a href="https://undocs.org/ar/A/CONF.189/12">A/CONF.189/12</a> و <a href="https://undocs.org/ar/A/CONF.189/12/Corr.1">A/CONF.189/12/Corr.1</a>، الفصل الأول.</p></authorialNote><sup>)</sup>، بما فيها الأحكام المتعلقة بأشكال التمييز المتعدد الأوجه؛</p>
        </content>
      </paragraph>
      <paragraph eId="para_15" class="SingleTxt">
        <content eId="para_15__content">
          <p xml:space="preserve">	2 -	<span class="bold italic">تحث</span> الدول والمجتمع الدولي على تعزيز وحماية حقوق الأشخاص المنتمين إلى أقليات قومية أو إثنية وإلى أقليات دينية ولغوية، على النحو المنصوص عليه في الإعلان المتعلق بحقوق الأشخاص المنتمين إلى أقليات قومية أو إثنية وإلى أقليات دينية ولغوية، بوسائل منها تهيئة الأوضاع المؤاتية لتعزيز هويتهم وتثقيفهم بالشكل المناسب وتيسير مشاركتهم في جميع جوانب الحياة السياسية والاقتصادية والاجتماعية والدينية والثقافية للمجتمع وفي التقدم والتنمية الاقتصاديين في بلدانهم دون تمييز، وتطبيق منظور يأخذ بعين الاعتبار احتياجات الجنسين عند القيام بذلك؛</p>
        </content>
      </paragraph>
      <paragraph eId="para_16" class="SingleTxt">
        <content eId="para_16__content">
          <p xml:space="preserve">	3 -	<span class="bold italic">تشجع</span> الدول على أن تتخذ تدابير ملائمة كي يكون بمقدور الأشخاص المنتمين إلى أقليات قومية أو إثنية وإلى أقليات دينية ولغوية، الحصول على فرص كافية لتعلم لغتهم الخاصة أو تلقي العلم بلغتهم الخاصة، حيثما أمكن ذلك؛</p>
        </content>
      </paragraph>
      <paragraph eId="para_17" class="SingleTxt">
        <content eId="para_17__content">
          <p xml:space="preserve">	4 -	<span class="bold italic">تحث</span> الدول على أن تتخذ جميع التدابير المناسبة لتعزيز الإعلان وتنفيذه، بما فيها التدابير الدستورية والتشريعية والإدارية وغيرها من التدابير، وتناشد الدول أن تتعاون على الصعيدين الثنائي والمتعدد الأطراف، وبخاصة في تبادل أفضل الممارسات والدروس المستفادة، وفقا للإعلان، من أجل تعزيز وحماية حقوق الأشخاص المنتمين إلى أقليات قومية أو إثنية وإلى أقليات دينية ولغوية؛</p>
        </content>
      </paragraph>
      <paragraph eId="para_18" class="SingleTxt">
        <content eId="para_18__content">
          <p xml:space="preserve">	5 -	<span class="bold italic">توصي</span> الدول بمواصلة التفكُّر في التحديات الراهنة والمستجدة التي تواجه الأشخاص المنتمين إلى أقليات قومية أو إثنية وإلى أقليات دينية ولغوية، بما في ذلك زيادة الاضطهاد على أسس دينية وإثنية، وزيادة مستويات الجرائم المرتكبة بدافع الكراهية التي تستهدف جملة أشخاص، منهم المنتمون إلى أقليات قومية أو إثنية وإلى أقليات دينية ولغوية؛</p>
        </content>
      </paragraph>
      <paragraph eId="para_19" class="SingleTxt">
        <content eId="para_19__content">
          <p xml:space="preserve">	6 -	<span class="bold italic">توصي أيضا </span>بأن تكفل الدول مشاركة الأشخاص المنتمين إلى أقليات قومية أو إثنية وإلى أقليات دينية ولغوية مشاركة كاملة وفعالة وعلى قدم المساواة، إلى أقصى حد ممكن، في وضع جميع التدابير المتخذة لتنفيذ الإعلان وفي صياغتها وتنفيذها واستعراضها؛</p>
        </content>
      </paragraph>
      <paragraph eId="para_20" class="SingleTxt">
        <content eId="para_20__content">
          <p xml:space="preserve">	7 -	<span class="bold italic">تهيب</span> بالدول أن تبذل جهودا فعالة من أجل منع ومكافحة أعمال العنف الموجهة تحديدا ضد الأشخاص الذين ينتمون إلى أقليات قومية أو إثنية وإلى أقليات دينية ولغوية؛</p>
        </content>
      </paragraph>
      <paragraph eId="para_21" class="SingleTxt">
        <content eId="para_21__content">
          <p xml:space="preserve">	8 -	<span class="bold italic">تهيب أيضا</span> بالدول أن تتخذ جميع التدابير المناسبة لضمان حماية الأطفال الذين ينتمون إلى أقليات قومية أو إثنية وإلى أقليات دينية ولغوية ويواجهون خطر أن يصبحوا عديمي الجنسية أو أصبحوا كذلك بالفعل، وذلك وفقا للالتزامات ذات الصلة بموجب اتفاقية حقوق الطفل<sup>(</sup><authorialNote marker="9" placement="bottom" eId="authorialNote_9"><p xml:space="preserve">	()	United Nations, <span class="italic">Treaty Series</span>, vol. 1577, No. 27531.</p></authorialNote><sup>)</sup>؛</p>
        </content>
      </paragraph>
      <paragraph eId="para_22" class="SingleTxt">
        <content eId="para_22__content">
          <p xml:space="preserve">	9 -	<span class="bold italic">تهيب كذلك</span> بالدول أن تتخذ جميع التدابير المناسبة لضمان حماية النساء والفتيات المنتميات إلى أقليات قومية أو إثنية وإلى أقليات دينية ولغوية اللاتي يتعرّضن للتمييز لكونهن عديمات الجنسية، وأن تولي أيضا اهتماما خاصا للاحتياجات المحدّدة لكبار السنّ والأشخاص ذوي الإعاقة المنتمين إلى أقليات قومية أو إثنية وإلى أقليات دينية ولغوية والذين يكونون عديمي الجنسية؛</p>
        </content>
      </paragraph>
      <paragraph eId="para_23" class="SingleTxt">
        <content eId="para_23__content">
          <p xml:space="preserve">	10 -	<span class="bold italic">توصي</span> الدول وسائر الجهات الفاعلة ذات الصلة بأن تضمن، إلى أقصى حد ممكن، ترجمة الإعلان إلى جميع لغات الأقليات ونشره على نطاق واسع؛</p>
        </content>
      </paragraph>
      <paragraph eId="para_24" class="SingleTxt">
        <content eId="para_24__content">
          <p xml:space="preserve">	11 -	<span class="bold italic">تعرب عن تقديرها</span> للنجاح الذي كُلِّلت به أعمال الدورة الحادية عشرة للمنتدى المعني بقضايا الأقليات المعقودة في تشرين الثاني/نوفمبر 2018 تحت عنوان ”انعدام الجنسية: قضية تخص الأقليات“، التي أتاحت، من خلال المشاركة الواسعة لأصحاب المصلحة، منبرا هاما لتعزيز الحوار حول هذا الموضوع ووضعت، كجزء من وثيقتها الختامية، توصيات تدعو إلى تسليط الضوء على ضرورة قيام الدول بمنع وخفض حالات انعدام الجنسية من خلال تعزيز حقوق الإنسان الخاصة بالأشخاص المنتمين إلى أقليات قومية أو إثنية وإلى أقليات دينية ولغوية وتأكيد أهمية إشراك الأشخاص عديمي الجنسية المنتمين إلى أقليات قومية أو إثنية وإلى أقليات دينية ولغوية وممثليهم في عمليات تقرير السياسات وصنع القرارات التي تؤثر عليهم<sup>(</sup><authorialNote marker="10" placement="bottom" eId="authorialNote_10"><p xml:space="preserve">	()	<a href="https://undocs.org/ar/A/HRC/40/71">A/HRC/40/71</a>.</p></authorialNote><sup>)</sup>، وتشجع الدول على أن تراعي توصيات المنتدى ذات الصلة؛</p>
        </content>
      </paragraph>
      <paragraph eId="para_25" class="SingleTxt">
        <content eId="para_25__content">
          <p xml:space="preserve">	12 -	<span class="bold italic">تهيب</span> بالدول أن تتخذ التدابير الملائمة بهدف تعزيز تنفيذ الإعلان وضمان إعمال حقوق الأشخاص المنتمين إلى أقليات قومية أو إثنية وإلى أقليات دينية ولغوية، واضعة في اعتبارها موضوع الدورة الحادية عشرة للمنتدى المعني بقضايا الأقليات، وذلك بوسائل منها ما يلي:</p>
        </content>
      </paragraph>
      <paragraph eId="para_26" class="SingleTxt">
        <content eId="para_26__content">
          <p xml:space="preserve">	(أ)	استعراض أي تشريعات أو سياسات أو ممارسات يكون لها أثر تمييزي أو سلبي غير متناسب في الأشخاص المنتمين إلى أقليات قومية أو إثنية وإلى أقليات دينية ولغوية ويمكن أن تجعلهم مستضعفين، بهدف النظر في تعديلها؛</p>
        </content>
      </paragraph>
      <paragraph eId="para_27" class="SingleTxt">
        <content eId="para_27__content">
          <p xml:space="preserve">	(ب)	النظر في التصديق على جميع الصكوك الدولية ذات الصلة التي تحمي وتعزز حقوق الأشخاص المنتمين إلى أقليات قومية أو إثنية وإلى أقليات دينية ولغوية، والتي تهدف إلى القضاء على حالات انعدام الجنسية، والانضمام إلى هذه الصكوك والتقيّد بها؛</p>
        </content>
      </paragraph>
      <paragraph eId="para_28" class="SingleTxt">
        <content eId="para_28__content">
          <p xml:space="preserve">	(ج)	الامتناع عن رفض إعطاء الجنسية للأشخاص المنتمين إلى أقليات قومية أو إثنية وإلى أقليات دينية ولغوية أو حرمانهم من الجنسية بشكل تعسّفي وتمييزي؛</p>
        </content>
      </paragraph>
      <paragraph eId="para_29" class="SingleTxt">
        <content eId="para_29__content">
          <p xml:space="preserve">	(د)	ضمان توفير حماية حقوق الإنسان للأشخاص عديمي الجنسية المنتمين إلى أقليات قومية أو إثنية وإلى أقليات دينية ولغوية، ذلك أن حقوق الإنسان حقوقٌ عالمية تنطبق على جميع الناس؛</p>
        </content>
      </paragraph>
      <paragraph eId="para_30" class="SingleTxt">
        <content eId="para_30__content">
          <p xml:space="preserve">	(هـ)	ضمان توفير خدمات تسجيل المواليد والتسجيل المدني وإصدار وثائق الهوية الوطنية دون تمييز على أي أساس، وبخاصة أسس العرق والإثنية والدين واللغة، تماشيا مع خطة التنمية المستدامة لعام 2030<sup>(5)</sup>، ولا سيما الغاية التي تتوخّى توفير هوية قانونية للجميع؛</p>
        </content>
      </paragraph>
      <paragraph eId="para_31" class="SingleTxt">
        <content eId="para_31__content">
          <p xml:space="preserve">	(و)	ضمان أن يكون باستطاعة الأشخاص عديمي الجنسية المنتمين إلى أقليات قومية أو إثنية وإلى أقليات دينية ولغوية إمكانية اللجوء إلى القضاء والوصول إلى سبل الانتصاف بشأن انتهاكات حقوق الإنسان وضمان أن يكون باستطاعة هؤلاء الأشخاص التظلّم أمام الهيئات القضائية والإدارية المختصة في حال رفض إعطائهم الجنسية أو حرمانهم منها؛</p>
        </content>
      </paragraph>
      <paragraph eId="para_32" class="SingleTxt">
        <content eId="para_32__content">
          <p xml:space="preserve">	(ز)	ضمان الامتثال التام لاتفاقية حقوق الطفل، وخاصة المادتان 7 و 8 منها، والنظر في إزالة جميع تحفظاتها عليها؛</p>
        </content>
      </paragraph>
      <paragraph eId="para_33" class="SingleTxt">
        <content eId="para_33__content">
          <p xml:space="preserve">	(ح)	ضمان تساوي المرأة مع الرجل في الحق في اكتساب الجنسية أو تغييرها أو الاحتفاظ بها، وتساويها في الحقوق مع الرجل من أجل منح جنسيتها إلى أطفالها؛</p>
        </content>
      </paragraph>
      <paragraph eId="para_34" class="SingleTxt">
        <content eId="para_34__content">
          <p xml:space="preserve">	13 -	<span class="bold italic">تحيط علما</span> بتقرير الأمين العام عن التعزيز الفعال للإعلان<sup>(</sup><authorialNote marker="11" placement="bottom" eId="authorialNote_11"><p xml:space="preserve">	()	<a href="https://undocs.org/ar/A/74/215">A/74/215</a>.</p></authorialNote><sup>)</sup> وبتقارير المقرر الخاص لمجلس حقوق الإنسان المعني بقضايا الأقليات وتركيزها بوجه خاص على مسألة انعدام الجنسية باعتبارها تؤثر في الأشخاص المنتمين لأقليات قومية أو إثنية وإلى أقليات دينية ولغوية <sup>(</sup><authorialNote marker="12" placement="bottom" eId="authorialNote_12"><p xml:space="preserve">	()	<a href="https://undocs.org/ar/A/73/205">A/73/205</a> و <a href="https://undocs.org/ar/A/74/160">A/74/160</a>.</p></authorialNote><sup>)</sup>؛</p>
        </content>
      </paragraph>
      <paragraph eId="para_35" class="SingleTxt">
        <content eId="para_35__content">
          <p xml:space="preserve">	14 -	<span class="bold italic">تثني</span> على المقرر الخاص للعمل المضطلع به والدور الهام الذي تم القيام به في رفع مستوى الوعي بحقوق الأشخاص المنتمين إلى أقليات قومية أو إثنية وإلى أقليات دينية ولغوية وتسليط المزيد من الضوء على هذه الحقوق؛</p>
        </content>
      </paragraph>
      <paragraph eId="para_36" class="SingleTxt">
        <content eId="para_36__content">
          <p xml:space="preserve">	15 -	<span class="bold italic">تهيب</span> بجميع الدول أن تتعاون مع المقرّر الخاص في تأدية المهام والواجبات المنوطة به وأن تساعده في ذلك وأن تزوده بكل المعلومات اللازمة التي يطلبها وأن تنظر جديا في الاستجابة على وجه السرعة لطلبات المقرر الخاص لزيارة بلدانها لتمكينه من الاضطلاع بواجباته على نحو فعال؛</p>
        </content>
      </paragraph>
      <paragraph eId="para_37" class="SingleTxt">
        <content eId="para_37__content">
          <p xml:space="preserve">	16 -	<span class="bold italic">تشجع</span> الوكالات المتخصصة والمنظمات الإقليمية والمؤسسات الوطنية لحقوق الإنسان والمنظمات غير الحكومية على إجراء حوار منتظم مع المقرر الخاص والتعاون معه وعلى مواصلة الإسهام في تعزيز وحماية حقوق الأشخاص المنتمين إلى أقليات قومية أو إثنية وإلى أقليات دينية ولغوية؛</p>
        </content>
      </paragraph>
      <paragraph eId="para_38" class="SingleTxt">
        <content eId="para_38__content">
          <p xml:space="preserve">	17 -	<span class="bold italic">تهيب</span> بمفوضة الأمم المتحدة السامية لحقوق الإنسان أن تواصل، في نطاق ولايتها، تعزيز تنفيذ الإعلان، وأن تجري حوارا مع الحكومات تحقيقا لهذا الغرض، وأن تقوم بتحديث دليل الأمم المتحدة للأقليات بانتظام وأن تنشره على نطاق واسع؛</p>
        </content>
      </paragraph>
      <paragraph eId="para_39" class="SingleTxt">
        <content eId="para_39__content">
          <p xml:space="preserve">	18 -	<span class="bold italic">ترحب</span> بالتعاون بين وكالات الأمم المتحدة وصناديقها وبرامجها بشأن قضايا الأقليات، بقيادة مفوضية الأمم المتحدة لحقوق الإنسان، وتحث هذه الوكالات والصناديق والبرامج على مواصلة زيادة تنسيقها وتعاونها بوسائل منها وضع سياسات تتعلق بتعزيز وحماية حقوق الأشخاص المنتمين إلى أقليات، مع الاستفادة أيضا من النتائج التي توصل إليها المنتدى المعني بقضايا الأقليات في هذا الصدد، ومراعاة عمل المنظمات الإقليمية ذات الصلة؛</p>
        </content>
      </paragraph>
      <paragraph eId="para_40" class="SingleTxt">
        <content eId="para_40__content">
          <p xml:space="preserve">	19 -	<span class="bold italic">تهيب</span> بالأمين العام أن يوفر، بناء على طلب الحكومات المعنية، خدمات خبراء مؤهلين بشأن قضايا الأقليات، بما في ذلك في سياق منع حدوث حالات انعدام الجنسية والجهود الرامية إلى مكافحتها، بغية المساعدة في معالجة الحالات الراهنة أو المحتملة المتعلقة بالأقليات؛</p>
        </content>
      </paragraph>
      <paragraph eId="para_41" class="SingleTxt">
        <content eId="para_41__content">
          <p xml:space="preserve">	20 -	<span class="bold italic">تدعو</span> الهيئات المنشأة بموجب معاهدات حقوق الإنسان وكذلك الإجراءات الخاصة التابعة لمجلس حقوق الإنسان إلى أن تواصل الاهتمام، كل منها في إطار ولايته، بحالات وحقوق الأشخاص المنتمين إلى أقليات قومية أو إثنية وإلى أقليات دينية ولغوية، وأن تضع في اعتبارها في هذا الصدد التوصيات ذات الصلة الصادرة عن المنتدى المعني بقضايا الأقليات؛</p>
        </content>
      </paragraph>
      <paragraph eId="para_42" class="SingleTxt">
        <content eId="para_42__content">
          <p xml:space="preserve">	21 -	<span class="bold italic">تدعو</span> آليات وهيئات الأمم المتحدة والوكالات المتخصصة والمنظمات الإقليمية، كل في إطار ولايته، إلى مواصلة الإسهام في حماية حقوق الأشخاص المنتمين إلى أقليات قومية أو إثنية وإلى أقليات دينية ولغوية وفي منع انتهاك هذه الحقوق، بوسائل منها تعزيز التعاون على جمع المعلومات وتحسين تدفق المعلومات فيما بينها ومع الدول؛</p>
        </content>
      </paragraph>
      <paragraph eId="para_43" class="SingleTxt">
        <content eId="para_43__content">
          <p xml:space="preserve">	22 -	<span class="bold italic">تشجع</span> الهيئات الحكومية الدولية الإقليمية على زيادة الاهتمام بحقوق الأشخاص المنتمين إلى أقليات قومية أو إثنية وإلى أقليات دينية ولغوية، كل منها في منطقته، بطرائق تشمل التوعية النشطة بالإعلان وتعزيزه في إطار ما تضطلع به من أعمال والتشجيع على تنفيذه على الصعيد الوطني والنظر في إنشاء آليات مواضيعية و/أو خاصة بشأن هذه المسألة؛</p>
        </content>
      </paragraph>
      <paragraph eId="para_44" class="SingleTxt">
        <content eId="para_44__content">
          <p xml:space="preserve">	23 -	<span class="bold italic">تشجع</span> المؤسسات الوطنية لحقوق الإنسان على إيلاء العناية الواجبة لحقوق الأشخاص المنتمين إلى أقليات قومية أو إثنية وإلى أقليات دينية ولغوية، بوسائل منها رصد حالات التهديدات المحتملة للأشخاص المنتمين إلى أقليات قومية أو إثنية وإلى أقليات دينية ولغوية، والتحقيق والإبلاغ، وفقا للمبادئ المتعلقة بمركز المؤسسات الوطنية لتعزيز حقوق الإنسان وحمايتها (مبادئ باريس)<sup>(</sup><authorialNote marker="13" placement="bottom" eId="authorialNote_13"><p xml:space="preserve">	()	القرار <a href="https://undocs.org/ar/A/RES/48/134">48/134</a>، المرفق.</p></authorialNote><sup>)</sup>، والولاية المنوطة بكل منها، عن حوادث العنف الموجهة ضد الأشخاص المنتمين إلى أقليات، بما في ذلك، عند الاقتضاء، لدى الهيئات الإقليمية والدولية؛</p>
        </content>
      </paragraph>
      <paragraph eId="para_45" class="SingleTxt">
        <content eId="para_45__content">
          <p xml:space="preserve">	24 -	<span class="bold italic">تشجع</span> المجتمع المدني، بما فيه المنظمات غير الحكومية، على تعزيز الوعي بالإعلان واستعراض مدى إدماجه حقوق الأشخاص المنتمين إلى أقليات قومية أو إثنية وإلى أقليات دينية ولغوية وما نص عليه الإعلان في عمله، وتشجعه كذلك على إعلام الأشخاص المنتمين إلى أقليات قومية أو إثنية وإلى أقليات دينية ولغوية بحقوقهم؛</p>
        </content>
      </paragraph>
      <paragraph eId="para_46" class="SingleTxt">
        <content eId="para_46__content">
          <p xml:space="preserve">	25 -	<span class="bold italic">تطلب</span> إلى المقرر الخاص تزويد الجمعية العامة سنويا بتقرير يتضمّن توصيات بشأن الاستراتيجيات الفعالة لتحسين إعمال حقوق الأشخاص المنتمين إلى أقليات قومية أو إثنية وإلى أقليات دينية ولغوية؛</p>
        </content>
      </paragraph>
      <paragraph eId="para_47" class="SingleTxt">
        <content eId="para_47__content">
          <p xml:space="preserve">	26 -	<span class="bold italic">تدعو</span> مفوضية حقوق الإنسان وهيئات الأمم المتحدة والدول الأعضاء إلى تقديم الدعم وبذل الجهود التعاونية في سبيل تنظيم المنتديات الإقليمية المعنية بقضايا الأقليات، بمبادرة من المقرر الخاص وفقا لولايته، من أجل تكملة وإثراء العمل الذي يضطلع به المنتدى المعني بقضايا الأقليات والتوصيات التي تصدر عنه؛</p>
        </content>
      </paragraph>
      <paragraph eId="para_48" class="SingleTxt">
        <content eId="para_48__content">
          <p xml:space="preserve">	27 -	<span class="bold italic">تطلب</span> إلى الأمين العام أن يقدم إلى الجمعية العامة في دورتها السادسة والسبعين تقريرا عن تنفيذ هذا القرار، يضمّنه معلومات عن الأنشطة التي تضطلع بها الدول الأعضاء ومفوضية حقوق الإنسان والمقرّر الخاص وكيانات الأمم المتحدة ذات الصلة وغيرها من أصحاب المصلحة المعنيين، لتعزيز تنفيذ الإعلان وضمان إعمال حقوق الأشخاص المنتمين إلى أقليات قومية أو إثنية وإلى أقليات دينية ولغوية؛</p>
        </content>
      </paragraph>
      <paragraph eId="para_49" class="SingleTxt">
        <content eId="para_49__content">
          <p xml:space="preserve">	28 -	<span class="bold italic">تقرر</span> أن تواصل النظر في المسألة في دورتها السادسة والسبعين في إطار البند المعنون ”تعزيز حقوق الإنسان وحمايتها“.</p>
        </content>
      </paragraph>
    </mainBody>
    <conclusions eId="conclusions">
      <p>
        <inline name="adoptionMeeting" title="50">الجلسة العامة 50</inline>
        <eol />
        <docDate date="2019-12-18" refersTo="#adoptionDate">18 كانون الأول/ديسمبر 2019</docDate>
      </p>
    </conclusions>
  </statement>
</akomaNtoso>