<akomaNtoso xmlns:xsi="http://www.w3.org/2001/XMLSchema-instance" xsi:schemaLocation="http://docs.oasis-open.org/legaldocml/ns/akn/3.0 http://docs.oasis-open.org/legaldocml/akn-core/v1.0/os/part2-specs/schemas/akomantoso30.xsd" xmlns="http://docs.oasis-open.org/legaldocml/ns/akn/3.0" xmlns:html="http://www.w3.org/1999/xhtml" xmlns:akn4un="http://un.org/akn4un">
  <statement name="resolution">
    <meta>
      <identification source="#DGACM">
        <FRBRWork>
          <FRBRthis value="/akn/un/statement/deliberation/unga/2019-12-19/74-239/!main/"></FRBRthis>
          <FRBRuri value="/akn/un/statement/deliberation/unga/2019-12-19/74-239/"></FRBRuri>
          <FRBRdate date="2019-12-19" name="adoption"></FRBRdate>
          <FRBRauthor href="ga" as="author"></FRBRauthor>
          <FRBRcountry value="un"></FRBRcountry>
        </FRBRWork>
        <FRBRExpression>
          <FRBRthis value="/akn/un/statement/deliberation/unga/2019-12-19/74-239/ara@!main/"></FRBRthis>
          <FRBRuri value="/akn/un/statement/deliberation/unga/2019-12-19/74-239/ara@/"></FRBRuri>
          <FRBRdate date="2020-01-21" name="publication"></FRBRdate>
          <FRBRauthor href="ga" as="issuer"></FRBRauthor>
          <FRBRlanguage language="ara"></FRBRlanguage>
        </FRBRExpression>
        <FRBRManifestation>
          <FRBRthis value="/akn/un/statement/deliberation/unga/2019-12-19/74-239/ara@/!main.xml"></FRBRthis>
          <FRBRuri value="/akn/un/statement/deliberation/unga/2019-12-19/74-239/ara@.xml"></FRBRuri>
          <FRBRdate date="2020-09-20" name="markup"></FRBRdate>
          <FRBRauthor href="DGACM" as="editor"></FRBRauthor>
        </FRBRManifestation>
      </identification>
      <classification source="http://metadata.un.org/sdg">
        <keyword value="17" href="http://metadata.un.org/sdg/17" showAs="sdg_17" dictionary="SDGO"></keyword>
        <keyword value="sustainable_development" href="http://eurovoc.europa.eu/5585" showAs="sustainable_development" dictionary="EuroVoc"></keyword>
        <keyword value="partnership" href="http://eurovoc.europa.eu/4199" showAs="partnership" dictionary="EuroVoc"></keyword>
        <keyword value="sustainable_development" href="http://metadata.un.org/thesaurus/1006319" showAs="sustainable_development" dictionary="UNBIS Thesaurus"></keyword>
        <keyword value="partnership" href="http://metadata.un.org/thesaurus/1004748" showAs="partnership" dictionary="UNBIS Thesaurus"></keyword>
      </classification>
      <classification source="http://metadata.un.org/sdg">
        <keyword value="16" href="http://metadata.un.org/sdg/16" showAs="sdg_16" dictionary="SDGO"></keyword>
        <keyword value="right_to_justice" href="http://eurovoc.europa.eu/516" showAs="right_to_justice" dictionary="EuroVoc"></keyword>
        <keyword value="sustainable_development" href="http://eurovoc.europa.eu/5585" showAs="sustainable_development" dictionary="EuroVoc"></keyword>
        <keyword value="civil_society" href="http://metadata.un.org/thesaurus/1001012" showAs="civil_society" dictionary="UNBIS Thesaurus"></keyword>
        <keyword value="justice" href="http://metadata.un.org/thesaurus/1003500" showAs="justice" dictionary="UNBIS Thesaurus"></keyword>
        <keyword value="peaceful_coexistence" href="http://metadata.un.org/thesaurus/1004777" showAs="peaceful_coexistence" dictionary="UNBIS Thesaurus"></keyword>
        <keyword value="public_institutions" href="http://metadata.un.org/thesaurus/1005254" showAs="public_institutions" dictionary="UNBIS Thesaurus"></keyword>
        <keyword value="social_justice" href="http://metadata.un.org/thesaurus/1005970" showAs="social_justice" dictionary="UNBIS Thesaurus"></keyword>
        <keyword value="sustainable_development" href="http://metadata.un.org/thesaurus/1006319" showAs="sustainable_development" dictionary="UNBIS Thesaurus"></keyword>
      </classification>
      <classification source="http://metadata.un.org/sdg">
        <keyword value="2.a" href="http://metadata.un.org/sdg/2.a" showAs="sdg_2.a" dictionary="SDGO"></keyword>
        <keyword value="agricultural_policy" href="http://eurovoc.europa.eu/2442" showAs="agricultural_policy" dictionary="EuroVoc"></keyword>
        <keyword value="economic_policy" href="http://eurovoc.europa.eu/2497" showAs="economic_policy" dictionary="EuroVoc"></keyword>
        <keyword value="power_of_implementation" href="http://eurovoc.europa.eu/2577" showAs="power_of_implementation" dictionary="EuroVoc"></keyword>
        <keyword value="agricultural_policy" href="http://metadata.un.org/thesaurus/1000150" showAs="agricultural_policy" dictionary="UNBIS Thesaurus"></keyword>
        <keyword value="economic_policy" href="http://metadata.un.org/thesaurus/1001863" showAs="economic_policy" dictionary="UNBIS Thesaurus"></keyword>
      </classification>
      <workflow source="#un">
        <step date="2019-11-20" outcome="draftResolution" as="A/C.2/74/L.65" by="submitted by the Vice-Chair of the Committee" />
        <step date="0001-01-01" outcome="draftResolutionAdditionalSponsors" by="" />
        <step date="0001-01-01" outcome="recommendedForAdoption" as="A/74/385/Add.2" by="" refersTo="8" />
        <step date="2019-12-19" outcome="adopted" as="A/74/PV.52" by="" />
      </workflow>
      <analysis source="#un">
        <parliamentary>
          <voting outcome="adoptedWithoutVote">
            <quorum value=""></quorum>
          </voting>
        </parliamentary>
      </analysis>
      <references source="#DGACM">
        <TLCOrganization eId="source" href="/akn/ontology/organization/un/DGACM" showAs="DGACM"></TLCOrganization>
        <TLCConcept eId="dateOfIssuance" href="/akn/ontology/concept/un/dateOfIssuance" showAs="Date of issuance"></TLCConcept>
        <TLCConcept eId="dateOfAdoption" href="/akn/ontology/concept/un/dateOfAdoption" showAs="Date of adoption"></TLCConcept>
        <TLCConcept eId="symbol" href="/akn/ontology/reference/un/symbol" showAs="Symbol"></TLCConcept>
        <TLCRole eId="publisher" href="/akn/ontology/role/un/publisher" showAs="Publisher"></TLCRole>
        <TLCRole eId="issuingBody" href="/akn/role/concept/un/issuingBody" showAs="Issuing body"></TLCRole>
        <TLCRole eId="author" href="/akn/ontology/role/un/author" showAs="Author"></TLCRole>
        <TLCRole eId="editor" href="/akn/ontology/role/un/editor" showAs="Editor"></TLCRole>
        <TLCRole eId="distribution" href="/akn/ontology/concept/un/generalDistribution" showAs="General distribution"></TLCRole>
        <TLCOrganization eId="ga" href="/akn/ontology/organization/un/generalAssembly" showAs="General Assembly"></TLCOrganization>
        <TLCTerm eId="resolutionTitle" href="/akn/ontology/reference/un/resolutionTitle" showAs="Resolution title"></TLCTerm>
        <TLCTerm eId="secondCommittee" href="#secondCommittee" showAs="اللجنة الثانية"></TLCTerm>
        <TLCTerm eId="memberState" href="/akn/ontology/organization/un/memberState" showAs="Member State"></TLCTerm>
        <TLCTerm eId="inFavour" href="/akn/ontology/concept/un/voting/inFavour" showAs="In favour"></TLCTerm>
        <TLCTerm eId="against" href="/akn/ontology/concept/un/voting/against" showAs="Against"></TLCTerm>
        <TLCTerm eId="abstaining" href="/akn/ontology/concept/un/voting/abstaining" showAs="Abstaining"></TLCTerm>
      </references>
      <presentation source="#un">
        <akn4un:footerFirstPage>
          <akn4un:footerFirstPageLeft>
            <akn4un:internalCode>
              <docketNumber refersTo="#publicationJobNumber">19-22513 (A)</docketNumber>
              <img alt="bar code" class="barCode" src=""></img>
            </akn4un:internalCode>
          </akn4un:footerFirstPageLeft>
          <akn4un:footerFirstPageRight>
            <img alt="Please recycle" class="image" src="./recylcleLogo.jpg"></img>
            <img alt="embedded QR code" class="qrCode" src=""></img>
          </akn4un:footerFirstPageRight>
        </akn4un:footerFirstPage>
      </presentation>
    </meta>
    <coverPage eId="coverPage_1">
      <p>
        <span refersTo="#publisher" class="upperLeft">
          <docAuthority refersTo="#publisher">الأمــم المتحـدة</docAuthority>
        </span>
      </p>
      <p class="upperRight">
        <docNumber refersTo="#symbol">A/RES/74/239</docNumber>
      </p>
      <p class="upperLeft">
        <img src="logo-un.jpg"></img>
        <docAuthority refersTo="#issuingBody" class="rightBig">الجمعية العامة</docAuthority>
      </p>
      <p>
        <docStatus refersTo="#generalDistribution" class="rightSmall">Distr.: General</docStatus>
      </p>
      <p>
        <docDate date="2020-01-21" class="rightSmall" refersTo="#dateOfIssuance">21 January 2020</docDate>
      </p>
      <p>
        <session refersTo="#generalAssembly" value="74" eId="coverPage_1__session_1">الدورة الرابعة والسبعون</session>
      </p>
      <p>
        <inline name="agenda item">البند 23 (ب) من جدول الأعمال</inline>
      </p>
      <p>
        <docTitle>قرار اتخذته الجمعية العامة في 19 كانون الأول/ديسمبر 2019</docTitle>
      </p>
      <p xml:space="preserve">
        <docProponent refersTo="#secondCommittee">[بناء على تقرير اللجنة الثانية (<inline name="originating document">A/74/385/Add.2</inline>)]</docProponent>
      </p>
    </coverPage>
    <preface>
      <p>
        <docNumber>74/239.</docNumber>
        <docTitle refersTo="#resolutionTitle">- 	التعاون بين بلدان الجنوب</docTitle>
      </p>
    </preface>
    <preamble>
      <formula name="enactingFormula" eId="formula_1">
        <p xml:space="preserve">
          <span class="bold italic">إن الجمعية العامة</span>،</p>
      </formula>
      <container name="إذ تؤكد من جديد" eId="container_2">
        <p xml:space="preserve">
          <span class="bold italic">إذ تؤكد من جديد</span> قرارها <a href="https://undocs.org/ar/A/RES/73/291">73/291</a> المؤرخ 15 نيسان/أبريل 2019، الذي أقرت فيه وثيقة بوينس آيرس الختامية لمؤتمر الأمم المتحدة الرفيع المستوى الثاني المعني بالتعاون فيما بين بلدان الجنوب،</p>
      </container>
      <container name="وإذ تؤكد من جديد أيضا" eId="container_3">
        <p xml:space="preserve">
          <span class="bold italic">وإذ تؤكد من جديد أيضا</span> قرارها <a href="https://undocs.org/ar/A/RES/64/222">64/222</a> المؤرخ 21 كانون الأول/ديسمبر 2009، الذي أقرت فيه وثيقة نيروبي الختامية لمؤتمر الأمم المتحدة الرفيع المستوى المعني بالتعاون فيما بين بلدان الجنوب،</p>
      </container>
      <container name="وإذ تؤكد من جديد كذلك" eId="container_4">
        <p xml:space="preserve">
          <span class="bold italic">وإذ تؤكد من جديد كذلك</span> قرارها <a href="https://undocs.org/ar/A/RES/33/134">33/134</a> المؤرخ 19 كانون الأول/ديسمبر 1978، الذي أقرت فيه خطة عمل بوينس آيرس لتشجيع وتنفيذ التعاون التقني فيما بين البلدان النامية<sup>(</sup><authorialNote marker="1" placement="bottom" eId="authorialNote_1"><p xml:space="preserve">	()	تقرير مؤتمر الأمم المتحدة للتعاون التقني فيما بين البلدان النامية، بوينس آيرس، 30 آب/أغسطس – 12 أيلول/سبتمبر 1978 (منشورات الأمم المتحدة، رقم المبيع A.78.II.A.11 والتصويب)، الفصل الأول.</p></authorialNote><sup>)</sup>،</p>
      </container>
      <container name="وإذ تشير" eId="container_5">
        <p xml:space="preserve">
          <span class="bold italic">وإذ تشير</span> إلى قراراتها <a href="https://undocs.org/ar/A/RES/57/270">57/270</a> باء المؤرخ 23 حزيران/يونيه 2003، و <a href="https://undocs.org/ar/A/RES/60/212">60/212</a> المؤرخ 22 كانون الأول/ديسمبر 2005، و <a href="https://undocs.org/ar/A/RES/62/209">62/209</a> المؤرخ 19 كانون الأول/ديسمبر 2007، و <a href="https://undocs.org/ar/A/RES/63/233">63/233</a> المؤرخ 19 كانون الأول/ديسمبر 2008، و <a href="https://undocs.org/ar/A/RES/64/1">64/1</a> المؤرخ 6 تشرين الأول/أكتوبر 2009، و <a href="https://undocs.org/ar/A/RES/66/219">66/219</a> المؤرخ 22 كانون الأول/ديسمبر 2011، و <a href="https://undocs.org/ar/A/RES/67/227">67/227</a> المؤرخ 21 كانون الأول/ديسمبر 2012، و <a href="https://undocs.org/ar/A/RES/68/230">68/230</a> المؤرخ 20 كانون الأول/ديسمبر 2013، و <a href="https://undocs.org/ar/A/RES/69/239">69/239</a> المؤرخ 19 كانون الأول/ ديسمبر 2014، و <a href="https://undocs.org/ar/A/RES/70/222">70/222</a> المؤرخ 22 كانون الأول/ديسمبر 2015، و <a href="https://undocs.org/ar/A/RES/71/244">71/244</a> المؤرخ 21 كانون الأول/ديسمبر 2016، و <a href="https://undocs.org/ar/A/RES/72/237">72/237</a> المؤرخ 20 كانون الأول/ديسمبر 2017، و <a href="https://undocs.org/ar/A/RES/73/249">73/249</a> المؤرخ 20 كانون الأول/ديسمبر 2018،</p>
      </container>
      <container name="وإذ تؤكد من جديد " eId="container_6">
        <p xml:space="preserve">
          <span class="bold italic">وإذ تؤكد من جديد </span>قرارها <a href="https://undocs.org/ar/A/RES/70/1">70/1</a> المؤرخ 25 أيلول/سبتمبر 2015، المعنون ”تحويل عالمنا: خطة التنمية المستدامة لعام 2030“، الذي اعتمدت فيه مجموعة من الأهداف والغايات المتعلقة بالتنمية المستدامة، تتسم بالعالمية والشمول وبعد المدى، وتركز على الناس وتفضي إلى التحول، وإذ تعيد تأكيد التزامها بالعمل دون كلل من أجل تنفيذ خطة التنمية المستدامة بالكامل بحلول عام 2030، وإدراكها أن القضاء على الفقر بجميع صوره وأبعاده، بما في ذلك الفقر المدقع، هو أكبر تحد يواجهه العالم وشرط لا غنى عنه لتحقيق التنمية المستدامة، والتزامها بتحقيق التنمية المستدامة بأبعادها الثلاثة - الاقتصادي والاجتماعي والبيئي - على نحو متوازن ومتكامل، وبالاستناد إلى الإنجازات التي تحققت في إطار الأهداف الإنمائية للألفية والسعي إلى استكمال ما لم يُنفّذ من تلك الأهداف،</p>
      </container>
      <container name="وإذ تؤكد من جديد أيضا" eId="container_7">
        <p xml:space="preserve">
          <span class="bold italic">وإذ تؤكد من جديد أيضا</span> قرارها <a href="https://undocs.org/ar/A/RES/69/313">69/313</a> المؤرخ 27 تموز/يوليه 2015 بشأن خطة عمل أديس أبابا الصادرة عن المؤتمر الدولي الثالث لتمويل التنمية، التي تشكل جزءا لا يتجزأ من خطة التنمية المستدامة لعام 2030، وتدعمُها وتكملُها وتساعد على توضيح سياق غاياتها المتصلة بوسائل التنفيذ من خلال سياسات وإجراءات عملية، وتعيد تأكيد الالتزام السياسي القوي بالتصدي لتحدي التمويل وتهيئة بيئة مواتية على جميع المستويات لتحقيق التنمية المستدامة، بروحٍ من الشراكة والتضامن على الصعيد العالمي،</p>
      </container>
      <container name="وإذ تؤكد من جديد كذلك " eId="container_8">
        <p xml:space="preserve">
          <span class="bold italic">وإذ تؤكد من جديد كذلك </span>اتفاق باريس<sup>(</sup><authorialNote marker="2" placement="bottom" eId="authorialNote_2"><p xml:space="preserve">	()	اعتمد بموجب اتفاقية الأمم المتحدة الإطارية بشأن تغير المناخ، في الوثيقة <a href="https://undocs.org/ar/FCCC/CP/2015/10/Add.1">FCCC/CP/2015/10/Add.1</a>،  المقرر 1/م أ-21، المرفق.</p></authorialNote><sup>)</sup> وبدء نفاذه بصورة مبكرة، وإذ تشجع جميع الأطراف في الاتفاق على تنفيذه بشكل كامل، وإذ تشجع الأطراف في اتفاقية الأمم المتحدة الإطارية بشأن تغير المناخ<sup>(</sup><authorialNote marker="3" placement="bottom" eId="authorialNote_3"><p xml:space="preserve">	()	United Nations, <span class="italic">Treaty Series</span>, vol. 1771, No. 30822.</p></authorialNote><sup>)</sup> التي لم تودع بعدُ صك التصديق عليها أو قبولها أو الموافقة عليها أو الانضمام إليها، حسب الاقتضاء، على أن تفعل ذلك في أقرب وقت ممكن،</p>
      </container>
      <container name="وإذ تكرر تأكيد" eId="container_9">
        <p xml:space="preserve">
          <span class="bold italic">وإذ تكرر تأكيد</span> التعهّد بعدم ترك أي أحد خلف الركب، وإذ تعيد تأكيد تسليمها بأن كرامة الإنسان أمر أساسي ورغبتها في أن ترى أهداف التنمية المستدامة وغاياتها تتحقق لما فيه منفعة جميع الأمم والشعوب وشرائح المجتمع كافة، وإذ تجدد التزامها ببذل قصاراها لكي تشمل جهودها الأشد تخلّفا عن الركب في المقام الأول،</p>
      </container>
    </preamble>
    <mainBody>
      <paragraph eId="para_10" class="SingleTxt">
        <content eId="para_10__content">
          <p xml:space="preserve">	1 -	<span class="bold italic">ترحب</span> بعقد مؤتمر الأمم المتحدة الرفيع المستوى الثاني المعني بالتعاون فيما بين بلدان الجنوب في بوينس آيرس في الفترة من 20 إلى 22 آذار/مارس 2019، وبوثيقته الختامية<sup>(</sup><authorialNote marker="4" placement="bottom" eId="authorialNote_4"><p xml:space="preserve">	()	القرار <a href="https://undocs.org/ar/A/RES/73/291">73/291</a>، المرفق.</p></authorialNote><sup>)</sup> وتهيب في هذا الصدد بالمجتمع الدولي أن يدعم التنفيذ الكامل للوثيقة الختامية للمؤتمر الرفيع المستوى الثاني؛</p>
        </content>
      </paragraph>
      <paragraph eId="para_11" class="SingleTxt">
        <content eId="para_11__content">
          <p xml:space="preserve">	2 -	<span class="bold italic">تحيط علما</span> بتقرير الأمين العام عن حالة التعاون فيما بين بلدان الجنوب<sup>(</sup><authorialNote marker="5" placement="bottom" eId="authorialNote_5"><p xml:space="preserve">	()	<a href="https://undocs.org/ar/A/74/336">A/74/336</a>.</p></authorialNote><sup>)</sup>؛</p>
        </content>
      </paragraph>
      <paragraph eId="para_12" class="SingleTxt">
        <content eId="para_12__content">
          <p xml:space="preserve">	3 -	<span class="bold italic">تؤكد من جديد دعمها</span> للجنة الرفيعة المستوى المعنية بالتعاون فيما بين بلدان الجنوب، وتهيب باللجنة أن تكرس دورتها العشرين، المقرر عقدها في عام 2020، لتنفيذ وثيقة بوينس آيرس الختامية لمؤتمر الأمم المتحدة الرفيع المستوى الثاني المعني بالتعاون فيما بين بلدان الجنوب؛</p>
        </content>
      </paragraph>
      <paragraph eId="para_13" class="SingleTxt">
        <content eId="para_13__content">
          <p xml:space="preserve">	4 -	<span class="bold italic">تؤكد من جديد</span> الالتزام المكرس في صميم خطة عام 2030 بعدم ترك أي أحد خلف الركب والالتزام باتخاذ مزيد من الخطوات الملموسة لدعم الأشخاص الذين يعيشون في أوضاع هشة والبلدان الأشد ضعفا والوصول أولا إلى من هم أشد بعدا عن الركب؛</p>
        </content>
      </paragraph>
      <paragraph eId="para_14" class="SingleTxt">
        <content eId="para_14__content">
          <p xml:space="preserve">	5 -	<span class="bold italic">تقرر</span> أن تدرج في جدول الأعمال المؤقت لدورتها الخامسة والسبعين البند الفرعي المعنون ”التعاون فيما بين بلدان الجنوب من أجل التنمية“ في إطار البند المعنون ”الأنشطة التنفيذية من أجل التنمية“، وتطلب إلى الأمين العام أن يقدم إلى الجمعية العامة، في دورتها الخامسة والسبعين، تقريرا شاملا عن حالة التعاون فيما بين بلدان الجنوب، بما في ذلك تنفيذ الوثيقة الختامية للمؤتمر الرفيع المستوى الثاني.</p>
        </content>
      </paragraph>
    </mainBody>
    <conclusions eId="conclusions">
      <p>
        <inline name="adoptionMeeting" title="52">الجلسة العامة 52</inline>
        <eol />
        <docDate date="2019-12-19" refersTo="#adoptionDate">19 كانون الأول/ديسمبر 2019</docDate>
      </p>
    </conclusions>
  </statement>
</akomaNtoso>