<akomaNtoso xmlns:xsi="http://www.w3.org/2001/XMLSchema-instance" xsi:schemaLocation="http://docs.oasis-open.org/legaldocml/ns/akn/3.0 http://docs.oasis-open.org/legaldocml/akn-core/v1.0/os/part2-specs/schemas/akomantoso30.xsd" xmlns="http://docs.oasis-open.org/legaldocml/ns/akn/3.0" xmlns:html="http://www.w3.org/1999/xhtml" xmlns:akn4un="http://un.org/akn4un">
  <statement name="resolution">
    <meta>
      <identification source="#DGACM">
        <FRBRWork>
          <FRBRthis value="/akn/un/statement/deliberation/unga/2020-08-12/74-298/!main/"></FRBRthis>
          <FRBRuri value="/akn/un/statement/deliberation/unga/2020-08-12/74-298/"></FRBRuri>
          <FRBRdate date="2020-08-12" name="adoption"></FRBRdate>
          <FRBRauthor href="ga" as="author"></FRBRauthor>
          <FRBRcountry value="un"></FRBRcountry>
        </FRBRWork>
        <FRBRExpression>
          <FRBRthis value="/akn/un/statement/deliberation/unga/2020-08-12/74-298/ara@!main/"></FRBRthis>
          <FRBRuri value="/akn/un/statement/deliberation/unga/2020-08-12/74-298/ara@/"></FRBRuri>
          <FRBRdate date="2020-08-17" name="publication"></FRBRdate>
          <FRBRauthor href="ga" as="issuer"></FRBRauthor>
          <FRBRlanguage language="ara"></FRBRlanguage>
        </FRBRExpression>
        <FRBRManifestation>
          <FRBRthis value="/akn/un/statement/deliberation/unga/2020-08-12/74-298/ara@/!main.xml"></FRBRthis>
          <FRBRuri value="/akn/un/statement/deliberation/unga/2020-08-12/74-298/ara@.xml"></FRBRuri>
          <FRBRdate date="2020-10-16" name="markup"></FRBRdate>
          <FRBRauthor href="DGACM" as="editor"></FRBRauthor>
        </FRBRManifestation>
      </identification>
      <classification source="http://metadata.un.org/sdg">
        <keyword value="2" href="http://metadata.un.org/sdg/2" showAs="sdg_2" dictionary="SDGO"></keyword>
        <keyword value="food_shortage" href="http://eurovoc.europa.eu/2318" showAs="food_shortage" dictionary="EuroVoc"></keyword>
        <keyword value="sustainable_agriculture" href="http://eurovoc.europa.eu/6308" showAs="sustainable_agriculture" dictionary="EuroVoc"></keyword>
        <keyword value="food_security" href="http://eurovoc.europa.eu/c_4523e1dd" showAs="food_security" dictionary="EuroVoc"></keyword>
        <keyword value="food_security" href="http://metadata.un.org/thesaurus/1002439" showAs="food_security" dictionary="UNBIS Thesaurus"></keyword>
        <keyword value="food_shortage" href="http://metadata.un.org/thesaurus/1002440" showAs="food_shortage" dictionary="UNBIS Thesaurus"></keyword>
        <keyword value="hunger" href="http://metadata.un.org/thesaurus/1003004" showAs="hunger" dictionary="UNBIS Thesaurus"></keyword>
        <keyword value="sustainable_agriculture" href="http://metadata.un.org/thesaurus/1006317" showAs="sustainable_agriculture" dictionary="UNBIS Thesaurus"></keyword>
      </classification>
      <classification source="http://metadata.un.org/sdg">
        <keyword value="16" href="http://metadata.un.org/sdg/16" showAs="sdg_16" dictionary="SDGO"></keyword>
        <keyword value="right_to_justice" href="http://eurovoc.europa.eu/516" showAs="right_to_justice" dictionary="EuroVoc"></keyword>
        <keyword value="sustainable_development" href="http://eurovoc.europa.eu/5585" showAs="sustainable_development" dictionary="EuroVoc"></keyword>
        <keyword value="civil_society" href="http://metadata.un.org/thesaurus/1001012" showAs="civil_society" dictionary="UNBIS Thesaurus"></keyword>
        <keyword value="justice" href="http://metadata.un.org/thesaurus/1003500" showAs="justice" dictionary="UNBIS Thesaurus"></keyword>
        <keyword value="peaceful_coexistence" href="http://metadata.un.org/thesaurus/1004777" showAs="peaceful_coexistence" dictionary="UNBIS Thesaurus"></keyword>
        <keyword value="public_institutions" href="http://metadata.un.org/thesaurus/1005254" showAs="public_institutions" dictionary="UNBIS Thesaurus"></keyword>
        <keyword value="social_justice" href="http://metadata.un.org/thesaurus/1005970" showAs="social_justice" dictionary="UNBIS Thesaurus"></keyword>
        <keyword value="sustainable_development" href="http://metadata.un.org/thesaurus/1006319" showAs="sustainable_development" dictionary="UNBIS Thesaurus"></keyword>
      </classification>
      <classification source="http://metadata.un.org/sdg">
        <keyword value="17" href="http://metadata.un.org/sdg/17" showAs="sdg_17" dictionary="SDGO"></keyword>
        <keyword value="sustainable_development" href="http://eurovoc.europa.eu/5585" showAs="sustainable_development" dictionary="EuroVoc"></keyword>
        <keyword value="partnership" href="http://eurovoc.europa.eu/4199" showAs="partnership" dictionary="EuroVoc"></keyword>
        <keyword value="sustainable_development" href="http://metadata.un.org/thesaurus/1006319" showAs="sustainable_development" dictionary="UNBIS Thesaurus"></keyword>
        <keyword value="partnership" href="http://metadata.un.org/thesaurus/1004748" showAs="partnership" dictionary="UNBIS Thesaurus"></keyword>
      </classification>
      <workflow source="#un">
        <step date="2020-08-06" outcome="draftResolution" as="A/74/L.83" by="submitted by the President of the General Assembly" />
        <step date="0001-01-01" outcome="draftResolutionAdditionalSponsors" by="" />
        <step date="0001-01-01" outcome="recommendedForAdoption" by="" />
        <step date="2020-08-12" outcome="adopted" as="Adopted through silence procedure" by="" />
      </workflow>
      <analysis source="#un">
        <parliamentary>
          <voting outcome="adoptedWithoutVote">
            <quorum value=""></quorum>
          </voting>
        </parliamentary>
      </analysis>
      <references source="#DGACM">
        <TLCOrganization eId="source" href="/akn/ontology/organization/un/DGACM" showAs="DGACM"></TLCOrganization>
        <TLCConcept eId="dateOfIssuance" href="/akn/ontology/concept/un/dateOfIssuance" showAs="Date of issuance"></TLCConcept>
        <TLCConcept eId="dateOfAdoption" href="/akn/ontology/concept/un/dateOfAdoption" showAs="Date of adoption"></TLCConcept>
        <TLCConcept eId="symbol" href="/akn/ontology/reference/un/symbol" showAs="Symbol"></TLCConcept>
        <TLCRole eId="publisher" href="/akn/ontology/role/un/publisher" showAs="Publisher"></TLCRole>
        <TLCRole eId="issuingBody" href="/akn/role/concept/un/issuingBody" showAs="Issuing body"></TLCRole>
        <TLCRole eId="author" href="/akn/ontology/role/un/author" showAs="Author"></TLCRole>
        <TLCRole eId="editor" href="/akn/ontology/role/un/editor" showAs="Editor"></TLCRole>
        <TLCRole eId="distribution" href="/akn/ontology/concept/un/generalDistribution" showAs="General distribution"></TLCRole>
        <TLCOrganization eId="ga" href="/akn/ontology/organization/un/generalAssembly" showAs="General Assembly"></TLCOrganization>
        <TLCTerm eId="resolutionTitle" href="/akn/ontology/reference/un/resolutionTitle" showAs="Resolution title"></TLCTerm>
        <TLCTerm eId="noMainCommittee" href="#noMainCommittee" showAs="دون الإحالة إلى لجنة رئيسية"></TLCTerm>
        <TLCTerm eId="memberState" href="/akn/ontology/organization/un/memberState" showAs="Member State"></TLCTerm>
        <TLCTerm eId="inFavour" href="/akn/ontology/concept/un/voting/inFavour" showAs="In favour"></TLCTerm>
        <TLCTerm eId="against" href="/akn/ontology/concept/un/voting/against" showAs="Against"></TLCTerm>
        <TLCTerm eId="abstaining" href="/akn/ontology/concept/un/voting/abstaining" showAs="Abstaining"></TLCTerm>
      </references>
      <presentation source="#un">
        <akn4un:footerFirstPage>
          <akn4un:footerFirstPageLeft>
            <akn4un:internalCode>
              <docketNumber refersTo="#publicationJobNumber">20-10801 (A)</docketNumber>
              <img alt="bar code" class="barCode" src=""></img>
            </akn4un:internalCode>
          </akn4un:footerFirstPageLeft>
          <akn4un:footerFirstPageRight>
            <img alt="Please recycle" class="image" src="./recylcleLogo.jpg"></img>
            <img alt="embedded QR code" class="qrCode" src=""></img>
          </akn4un:footerFirstPageRight>
        </akn4un:footerFirstPage>
      </presentation>
    </meta>
    <coverPage eId="coverPage_1">
      <p>
        <span refersTo="#publisher" class="upperLeft">
          <docAuthority refersTo="#publisher">الأمــم المتحـدة</docAuthority>
        </span>
      </p>
      <p class="upperRight">
        <docNumber refersTo="#symbol">A/RES/74/298</docNumber>
      </p>
      <p class="upperLeft">
        <img src="logo-un.jpg"></img>
        <docAuthority refersTo="#issuingBody" class="rightBig">الجمعية العامة</docAuthority>
      </p>
      <p>
        <docStatus refersTo="#generalDistribution" class="rightSmall">Distr.: General</docStatus>
      </p>
      <p>
        <docDate date="2020-08-17" class="rightSmall" refersTo="#dateOfIssuance">17 August 2020</docDate>
      </p>
      <p>
        <session refersTo="#generalAssembly" value="74" eId="coverPage_1__session_1">الدورة الرابعة والسبعون</session>
      </p>
      <p>
        <inline name="agenda item">البندان 14 و 117 من جدول الأعمال</inline>
      </p>
      <p>
        <inline name="agenda item name">التنفيذ والمتابعة المتكاملان والمنسقان لنتائج المؤتمرات الرئيسية ومؤتمرات القمة التي تعقدها الأمم المتحدة في الميدانين الاقتصادي والاجتماعي والميادين المتصلة بهما</inline>
      </p>
      <p>
        <inline name="agenda item name">متابعة نتائج مؤتمر قمة الألفية</inline>
      </p>
      <p>
        <docTitle>قرار اتخذته الجمعية العامة في 12 آب/أغسطس 2020</docTitle>
      </p>
      <p xml:space="preserve">
        <docProponent refersTo="#noMainCommittee">[دون الإحالة إلى لجنة رئيسية (<inline name="originating document">A/74/L.83</inline>)]</docProponent>
      </p>
    </coverPage>
    <preface>
      <p>
        <docNumber>74/298.</docNumber>
        <docTitle refersTo="#resolutionTitle">- استعراض تنفيذ قرار الجمعية العامة 67/290 بشأن المنتدى السياسي الرفيع المستوى المعني بالتنمية المستدامة، والقرار 70/299 بشأن متابعة واستعراض خطة التنمية المستدامة لعام 2030 على الصعيد العالمي والقرار 72/305 بشأن تعزيز المجلس الاقتصادي والاجتماعي</docTitle>
      </p>
    </preface>
    <preamble>
      <formula name="enactingFormula" eId="formula_1">
        <p xml:space="preserve">
          <span class="bold italic">إن الجمعية العامة</span>
          <span class="bold">،</span>
        </p>
      </formula>
      <container name="إذ تشير" eId="container_2">
        <p xml:space="preserve">
          <span class="bold italic">إذ تشير</span> إلى قراريها <a href="https://undocs.org/ar/A/RES/67/290">67/290</a>، المؤرخ 9 تموز/يوليه 2013 والمعنون ”شكل المنتدى السياسي الرفيع المستوى المعني بالتنمية المستدامة وجوانبه التنظيمية“، و <a href="https://undocs.org/ar/A/RES/70/299">70/299</a>، المؤرخ 29 تموز/يوليه 2016 والمعنون ”متابعة خطة التنمية المستدامة لعام 2030 واستعراضها على الصعيد العالمي“،</p>
      </container>
      <container name="وإذ تشير" eId="container_3">
        <p xml:space="preserve">
          <span class="bold italic">وإذ تشير</span> إلى قرارها <a href="https://undocs.org/ar/A/RES/72/305">72/305</a>، المؤرخ 23 تموز/يوليه 2018 والمعنون ”استعراض تنفيذ قرار الجمعية العامة <a href="https://undocs.org/ar/A/RES/68/1">68/1</a> المتعلق بتعزيز المجلس الاقتصادي والاجتماعي“ وجميع القرارات السابقة ذات الصلة بتعزيز المجلس،</p>
      </container>
      <container name="وإذ تعيد تأكيد" eId="container_4">
        <p xml:space="preserve">
          <span class="bold italic">وإذ تعيد تأكيد</span> قرارها <a href="https://undocs.org/ar/A/RES/70/1">70/1</a>، المؤرخ 25 أيلول/سبتمبر 2015 والمعنون ”تحويل عالمنا: خطة التنمية المستدامة لعام 2030“، وإذ تعيد أيضا تأكيد التزامها الراسخ بتنفيذ الخطة وتسخيرها على نحو كامل لإحداث التحول المطلوب للمضي بعالمنا نحو الأفضل بحلول عام 2030،</p>
      </container>
      <container name="وإذ تعيد أيضا تأكيد" eId="container_5">
          <p xml:space="preserve">
            <span class="bold italic">وإذ تعيد أيضا تأكيد</span> قرارها <a href="https://undocs.org/ar/A/RES/74/4">74/4</a>، المؤرخ 15 تشرين الأول/أكتوبر 2019 والمعنون ”الإعلان السياسي للمنتدى السياسي الرفيع المستوى المعني بالتنمية المستدامة الذي يعقد تحت رعاية الجمعية العامة“ والتعهد بإعلان عقد للعمل والإنجاز من أجل التنمية المستدامة،</p>
      </container>
      <container name="وإذ تسلم" eId="container_6">
          <p xml:space="preserve">
            <span class="bold italic">وإذ تسلم</span> بأخطار جائحة مرض فيروس كورونا (كوفيد-19) على تحقيق التنمية المستدامة، بما في ذلك خطرها على الصحة والسلامة والرفاه، وعلى الاقتصاد العالمي، وما ترتب عنها من آثار غير مسبوقة، مما يتطلب اتخاذ تدابير منسقة وتضامنا عالميا لمواجهتها،</p>
      </container>
        <container name="وإذ تسلم أيضا" eId="container_7">
          <p xml:space="preserve">
            <span class="bold italic">وإذ تسلم أيضا</span> بأن أشد الناس فقرا والأشخاص الذين يعيشون في أوضاع هشة هم الأكثر تضررا من الجائحة وأن أثرها سيكون له انعكاسات على التنمية المستدامة في جميع البلدان، ولا سيما في البلدان النامية، بسبب عرقلة التقدم صوب تحقيق أهداف التنمية المستدامة،</p>
        </container>
      <container name="وإذ تؤكد" eId="container_8">
        <p xml:space="preserve">
          <span class="bold italic">وإذ تؤكد</span> أن الأزمة الحالية هي تذكير بأن تنفيذ خطة عام 2030 أمر حاسم لمساعدة العالم على التهيؤ بشكل أفضل لمواجهة الصدمات العامة في المستقبل، وأن أهداف التنمية المستدامة هي إطار مشترك لإعادة البناء على نحو أفضل عن طريق اتباع نهج شامل ومستدام ومرن في التعافي من آثار الجائحة يكون محوره الإنسان ويعزز الأبعاد الاقتصادية والاجتماعية والبيئية للتنمية المستدامة ولا يترك أحدا خلف الركب،</p>
      </container>
    </preamble>
    <mainBody>
      <paragraph eId="para_9" class="MercuryDocument">
        <content eId="para_9__content">
          <p xml:space="preserve">	1 -	<span class="bold italic">تسلم </span>بالدور الذي أناطه ميثاق الأمم المتحدة والجمعية العامة بالمجلس الاقتصادي والاجتماعي بوصفه جهازا رئيسيا في شؤون التنسيق واستعراض السياسات والحوار السياساتي وصوغ التوصيات المتعلقة بقضايا التنمية الاقتصادية والاجتماعية، وفي تنفيذ الأهداف الإنمائية الدولية المتفق عليها في المؤتمرات الرئيسية ومؤتمرات القمة التي تعقدها الأمم المتحدة في الميادين الاقتصادية والاجتماعية والبيئية والميادين المتصلة بها، وبالدور المركزي للمنتدى السياسي الرفيع المستوى المعني بالتنمية المستدامة المنعقد تحت رعاية الجمعية والمجلس وطابعه الفعال والتشاركي في الإشراف على متابعة خطة التنمية المستدامة لعام 2030<sup>(</sup><authorialNote marker="1" placement="bottom" eId="authorialNote_1"><p xml:space="preserve">	()	القرار <a href="https://undocs.org/ar/A/RES/70/1">70/1</a>.</p></authorialNote><sup>)</sup> واستعراضها على الصعيد العالمي، من خلال العمل بانسجام مع الجمعية والمجلس وغيرهما من الأجهزة والمنتديات المعنية، وفقا للولايات القائمة؛</p>
        </content>
      </paragraph>
      <paragraph eId="para_10" class="MercuryDocument">
        <content eId="para_10__content">
          <p xml:space="preserve">	2 -	<span class="bold italic">تقرر</span> أن تجري استعراضات لقرارات الجمعية العامة <a href="https://undocs.org/ar/A/RES/72/305">72/305</a> بشأن استعراض تنفيذ قرار الجمعية العامة <a href="https://undocs.org/ar/A/RES/68/1">68/1</a> المتعلق بتعزيز المجلس الاقتصادي والاجتماعي، و <a href="https://undocs.org/ar/A/RES/67/290">67/290</a> بشأن شكل المنتدى السياسي الرفيع المستوى المعني بالتنمية المستدامة وجوانبه التنظيمية، و <a href="https://undocs.org/ar/A/RES/70/299">70/299</a> بشأن متابعة خطة التنمية المستدامة لعام 2030 واستعراضها على الصعيد العالمي، مقترناً بعضها ببعض في أثناء دورتها الخامسة والسبعين، مع مراعاة أحكام هذا القرار؛</p>
        </content>
      </paragraph>
      <paragraph eId="para_11" class="MercuryDocument">
        <content eId="para_11__content">
          <p xml:space="preserve">	3 -	<span class="bold italic">تقرر أيضا</span> أن يكون محور تركيز المجلس الاقتصادي والاجتماعي لدورته في عام 2021 والمنتدى السياسي الرفيع المستوى المعني بالتنمية المستدامة المنعقد تحت رعاية المجلس في عام 2021، هو ”التعافي المستدام والمرن من آثار جائحة كوفيد-19 على نحو يعزز الأبعاد الاقتصادية والاجتماعية والبيئية للتنمية المستدامة: بناء مسار شامل وفعال لتحقيق خطة عام 2030 في سياق عقد العمل والإنجاز من أجل التنمية المستدامة“؛</p>
        </content>
      </paragraph>
      <paragraph eId="para_12" class="MercuryDocument">
        <content eId="para_12__content">
          <p xml:space="preserve">	4 -	<span class="bold italic">تقرر كذلك </span>أن يناقش المنتدى السياسي الرفيع المستوى لعام 2021 بتعمق الأهداف 1 و 2 و 3 و 8 و 10 و 12 و 13 و 16 و 17، دون الإخلال بالطابع المتكامل والمترابط وغير القابل للتجزئة لأهداف التنمية المستدامة؛</p>
        </content>
      </paragraph>
      <paragraph eId="para_13" class="MercuryDocument">
        <content eId="para_13__content">
          <p xml:space="preserve">	5 -	<span class="bold italic">تقرر</span> أن يأخذ الاستعراض في الاعتبار تباين وخصوصية أثر جائحة كوفيد-19 على جميع أهداف التنمية المستدامة، وأن ينظر في التقدم المحرز في تنفيذ خطة عام 2030 برمتها، ويتناول أوجه الترابط بين الأهداف، بغاية تشجيع إجراءات متكاملة تشمل الأبعاد الثلاثة للتنمية المستدامة يكون بوسعها أن تحقق فوائد مشتركة، وتعالج أوجه التآزر والمفاضلات، وتحقق أهدافا متعددة بطريقة متسقة، بما يضمن عدم ترك أحد خلف الركب؛</p>
        </content>
      </paragraph>
      <paragraph eId="para_14" class="MercuryDocument">
        <content eId="para_14__content">
          <p xml:space="preserve">	6 -	<span class="bold italic">تقرر أيضا</span> أن يغطي الاستعراض غايات أهداف التنمية المستدامة المحدد موعدها في عام 2020؛</p>
        </content>
      </paragraph>
      <paragraph eId="para_15" class="MercuryDocument">
        <content eId="para_15__content">
          <p xml:space="preserve">	7 -	<span class="bold italic">تقرر كذلك</span> أن تحدد موضوع المجلس الاقتصادي والاجتماعي وموضوع المنتدى السياسي الرفيع المستوى المنعقد تحت رعاية المجلس وكذلك ما بقي من أهداف التنمية المستدامة التي يتعين استعراضها بتعمق خلال السنتين المتبقيتين من دورة المنتدى الرباعية السنوات في أقرب وقت ممكن خلال دورتها الخامسة والسبعين، بطريقة تكفل الاتساق على مدى دورة 2020-2023 وتجسد الطبيعة الشاملة لخطة عام 2030؛</p>
        </content>
      </paragraph>
      <paragraph eId="para_16" class="MercuryDocument">
        <content eId="para_16__content">
          <p xml:space="preserve">	8 -	<span class="bold italic">تقرر</span> الموافقة في دورتها السابعة والسبعين على الاستعراض المواضيعي للتقدم المحرز الذي سيجري في الدورة المقبلة للمنتدى، بما في ذلك تسلسل المواضيع عبر السنوات ومجموعة أهداف التنمية المستدامة التي ستُستعرض في كل دورة.</p>
        </content>
      </paragraph>
    </mainBody>
    <conclusions eId="conclusions">
      <p>
        <docDate date="2020-08-12" refersTo="#adoptionDate">12 آب/أغسطس 2020</docDate>
      </p>
    </conclusions>
  </statement>
</akomaNtoso>