<akomaNtoso xmlns:xsi="http://www.w3.org/2001/XMLSchema-instance" xsi:schemaLocation="http://docs.oasis-open.org/legaldocml/ns/akn/3.0 http://docs.oasis-open.org/legaldocml/akn-core/v1.0/os/part2-specs/schemas/akomantoso30.xsd" xmlns="http://docs.oasis-open.org/legaldocml/ns/akn/3.0" xmlns:html="http://www.w3.org/1999/xhtml" xmlns:akn4un="http://un.org/akn4un">
  <statement name="resolution">
    <meta>
      <identification source="#DGACM">
        <FRBRWork>
          <FRBRthis value="/akn/un/statement/deliberation/unga/2019-12-27/74-247/!main/"></FRBRthis>
          <FRBRuri value="/akn/un/statement/deliberation/unga/2019-12-27/74-247/"></FRBRuri>
          <FRBRdate date="2019-12-27" name="adoption"></FRBRdate>
          <FRBRauthor href="ga" as="author"></FRBRauthor>
          <FRBRcountry value="un"></FRBRcountry>
        </FRBRWork>
        <FRBRExpression>
          <FRBRthis value="/akn/un/statement/deliberation/unga/2019-12-27/74-247/ara@!main/"></FRBRthis>
          <FRBRuri value="/akn/un/statement/deliberation/unga/2019-12-27/74-247/ara@/"></FRBRuri>
          <FRBRdate date="2020-01-20" name="publication"></FRBRdate>
          <FRBRauthor href="ga" as="issuer"></FRBRauthor>
          <FRBRlanguage language="ara"></FRBRlanguage>
        </FRBRExpression>
        <FRBRManifestation>
          <FRBRthis value="/akn/un/statement/deliberation/unga/2019-12-27/74-247/ara@/!main.xml"></FRBRthis>
          <FRBRuri value="/akn/un/statement/deliberation/unga/2019-12-27/74-247/ara@.xml"></FRBRuri>
          <FRBRdate date="2020-09-02" name="markup"></FRBRdate>
          <FRBRauthor href="DGACM" as="editor"></FRBRauthor>
        </FRBRManifestation>
      </identification>
      <classification source="http://metadata.un.org/sdg">
        <keyword value="16" href="http://metadata.un.org/sdg/16" showAs="sdg_16" dictionary="SDGO"></keyword>
        <keyword value="right_to_justice" href="http://eurovoc.europa.eu/516" showAs="right_to_justice" dictionary="EuroVoc"></keyword>
        <keyword value="sustainable_development" href="http://eurovoc.europa.eu/5585" showAs="sustainable_development" dictionary="EuroVoc"></keyword>
        <keyword value="civil_society" href="http://metadata.un.org/thesaurus/1001012" showAs="civil_society" dictionary="UNBIS Thesaurus"></keyword>
        <keyword value="justice" href="http://metadata.un.org/thesaurus/1003500" showAs="justice" dictionary="UNBIS Thesaurus"></keyword>
        <keyword value="peaceful_coexistence" href="http://metadata.un.org/thesaurus/1004777" showAs="peaceful_coexistence" dictionary="UNBIS Thesaurus"></keyword>
        <keyword value="public_institutions" href="http://metadata.un.org/thesaurus/1005254" showAs="public_institutions" dictionary="UNBIS Thesaurus"></keyword>
        <keyword value="social_justice" href="http://metadata.un.org/thesaurus/1005970" showAs="social_justice" dictionary="UNBIS Thesaurus"></keyword>
        <keyword value="sustainable_development" href="http://metadata.un.org/thesaurus/1006319" showAs="sustainable_development" dictionary="UNBIS Thesaurus"></keyword>
      </classification>
      <classification source="http://metadata.un.org/sdg">
        <keyword value="3" href="http://metadata.un.org/sdg/3" showAs="sdg_3" dictionary="SDGO"></keyword>
        <keyword value="public_health" href="http://eurovoc.europa.eu/3885" showAs="public_health" dictionary="EuroVoc"></keyword>
        <keyword value="health" href="http://metadata.un.org/thesaurus/1002824" showAs="health" dictionary="UNBIS Thesaurus"></keyword>
      </classification>
      <classification source="http://metadata.un.org/sdg">
        <keyword value="5" href="http://metadata.un.org/sdg/5" showAs="sdg_5" dictionary="SDGO"></keyword>
        <keyword value="gender_equality" href="http://eurovoc.europa.eu/3913" showAs="gender_equality" dictionary="EuroVoc"></keyword>
        <keyword value="participation_of_women" href="http://eurovoc.europa.eu/2265" showAs="participation_of_women" dictionary="EuroVoc"></keyword>
        <keyword value="women&amp;#39;s_rights" href="http://eurovoc.europa.eu/585" showAs="women&amp;#39;s_rights" dictionary="EuroVoc"></keyword>
        <keyword value="position_of_women" href="http://eurovoc.europa.eu/81" showAs="position_of_women" dictionary="EuroVoc"></keyword>
        <keyword value="women" href="http://metadata.un.org/thesaurus/1007029" showAs="women" dictionary="UNBIS Thesaurus"></keyword>
        <keyword value="gender_equality" href="http://metadata.un.org/thesaurus/1002612" showAs="gender_equality" dictionary="UNBIS Thesaurus"></keyword>
        <keyword value="girls" href="http://metadata.un.org/thesaurus/1002684" showAs="girls" dictionary="UNBIS Thesaurus"></keyword>
      </classification>
      <workflow source="#un">
        <step date="2019-11-05" outcome="draftResolution" as="A/C.3/74/L.11/Rev.1" by="Algeria, Angola, Azerbaijan, Belarus, Bolivia (Plurinational State of), Burundi, Cambodia, China, Cuba, Democratic People's Republic of Korea, Egypt, Eritrea, Iran (Islamic Republic of), Kazakhstan, Lao People's Democratic Republic, Libya, Madagascar, Myanmar, Nicaragua, Russian Federation, Sudan, Suriname, Syrian Arab Republic, Tajikistan, Uzbekistan, Venezuela (Bolivarian Republic of) and Zimbabwe" />
        <step date="0001-01-01" outcome="draftResolutionAdditionalSponsors" by="Antigua and Barbuda, Armenia, Benin, Cameroon, Central African Republic, Congo, Equatorial Guinea, Eswatini, Guinea, India, Indonesia, Jamaica, Kyrgyzstan, Nauru, Niger, Saint Vincent and the Grenadines, South Africa, Togo, Turkmenistan and Uganda" />
        <step date="0001-01-01" outcome="recommendedForAdoption" as="A/74/401" by="" refersTo="13" />
        <step date="2019-12-27" outcome="adopted" as="A/74/PV.52" by="" />
      </workflow>
      <analysis source="#un">
        <parliamentary>
          <voting outcome="adoptedRecordedVote">
            <count value="79" refersTo="inFavour">
              <akn4un:voters>
                <organization refersTo="memberState">ALGERIA</organization>
                <organization refersTo="memberState">ANTIGUA AND BARBUDA</organization>
                <organization refersTo="memberState">ARMENIA</organization>
                <organization refersTo="memberState">AZERBAIJAN</organization>
                <organization refersTo="memberState">BELARUS</organization>
                <organization refersTo="memberState">BHUTAN</organization>
                <organization refersTo="memberState">BOTSWANA</organization>
                <organization refersTo="memberState">BRUNEI DARUSSALAM</organization>
                <organization refersTo="memberState">BURUNDI</organization>
                <organization refersTo="memberState">CAMBODIA</organization>
                <organization refersTo="memberState">CAMEROON</organization>
                <organization refersTo="memberState">CENTRAL AFRICAN REPUBLIC</organization>
                <organization refersTo="memberState">CHAD</organization>
                <organization refersTo="memberState">CHINA</organization>
                <organization refersTo="memberState">CUBA</organization>
                <organization refersTo="memberState">DEMOCRATIC PEOPLE'S REPUBLIC OF KOREA</organization>
                <organization refersTo="memberState">EGYPT</organization>
                <organization refersTo="memberState">EQUATORIAL GUINEA</organization>
                <organization refersTo="memberState">ERITREA</organization>
                <organization refersTo="memberState">ETHIOPIA</organization>
                <organization refersTo="memberState">GABON</organization>
                <organization refersTo="memberState">GAMBIA</organization>
                <organization refersTo="memberState">GUINEA</organization>
                <organization refersTo="memberState">INDIA</organization>
                <organization refersTo="memberState">INDONESIA</organization>
                <organization refersTo="memberState">IRAN (ISLAMIC REPUBLIC OF)</organization>
                <organization refersTo="memberState">IRAQ</organization>
                <organization refersTo="memberState">JAMAICA</organization>
                <organization refersTo="memberState">JORDAN</organization>
                <organization refersTo="memberState">KAZAKHSTAN</organization>
                <organization refersTo="memberState">KENYA</organization>
                <organization refersTo="memberState">KUWAIT</organization>
                <organization refersTo="memberState">KYRGYZSTAN</organization>
                <organization refersTo="memberState">LAO PEOPLE'S DEMOCRATIC REPUBLIC</organization>
                <organization refersTo="memberState">LEBANON</organization>
                <organization refersTo="memberState">LIBYA</organization>
                <organization refersTo="memberState">MADAGASCAR</organization>
                <organization refersTo="memberState">MALAWI</organization>
                <organization refersTo="memberState">MALAYSIA</organization>
                <organization refersTo="memberState">MALDIVES</organization>
                <organization refersTo="memberState">MALI</organization>
                <organization refersTo="memberState">MAURITANIA</organization>
                <organization refersTo="memberState">MONGOLIA</organization>
                <organization refersTo="memberState">MOZAMBIQUE</organization>
                <organization refersTo="memberState">MYANMAR</organization>
                <organization refersTo="memberState">NAMIBIA</organization>
                <organization refersTo="memberState">NAURU</organization>
                <organization refersTo="memberState">NEPAL</organization>
                <organization refersTo="memberState">NICARAGUA</organization>
                <organization refersTo="memberState">NIGER</organization>
                <organization refersTo="memberState">NIGERIA</organization>
                <organization refersTo="memberState">OMAN</organization>
                <organization refersTo="memberState">PAKISTAN</organization>
                <organization refersTo="memberState">QATAR</organization>
                <organization refersTo="memberState">RUSSIAN FEDERATION</organization>
                <organization refersTo="memberState">RWANDA</organization>
                <organization refersTo="memberState">SAINT KITTS AND NEVIS</organization>
                <organization refersTo="memberState">SAINT LUCIA</organization>
                <organization refersTo="memberState">SAINT VINCENT AND THE GRENADINES</organization>
                <organization refersTo="memberState">SENEGAL</organization>
                <organization refersTo="memberState">SERBIA</organization>
                <organization refersTo="memberState">SINGAPORE</organization>
                <organization refersTo="memberState">SOUTH AFRICA</organization>
                <organization refersTo="memberState">SRI LANKA</organization>
                <organization refersTo="memberState">SUDAN</organization>
                <organization refersTo="memberState">SURINAME</organization>
                <organization refersTo="memberState">SYRIAN ARAB REPUBLIC</organization>
                <organization refersTo="memberState">TAJIKISTAN</organization>
                <organization refersTo="memberState">THAILAND</organization>
                <organization refersTo="memberState">TOGO</organization>
                <organization refersTo="memberState">TURKMENISTAN</organization>
                <organization refersTo="memberState">UGANDA</organization>
                <organization refersTo="memberState">UNITED ARAB EMIRATES</organization>
                <organization refersTo="memberState">UNITED REPUBLIC OF TANZANIA</organization>
                <organization refersTo="memberState">UZBEKISTAN</organization>
                <organization refersTo="memberState">VENEZUELA (BOLIVARIAN REPUBLIC OF)</organization>
                <organization refersTo="memberState">VIET NAM</organization>
                <organization refersTo="memberState">YEMEN</organization>
                <organization refersTo="memberState">ZIMBABWE</organization>
              </akn4un:voters>
            </count>
            <count value="60" refersTo="against">
              <akn4un:voters>
                <organization refersTo="memberState">ALBANIA</organization>
                <organization refersTo="memberState">ANDORRA</organization>
                <organization refersTo="memberState">AUSTRALIA</organization>
                <organization refersTo="memberState">AUSTRIA</organization>
                <organization refersTo="memberState">BELGIUM</organization>
                <organization refersTo="memberState">BELIZE</organization>
                <organization refersTo="memberState">BOSNIA AND HERZEGOVINA</organization>
                <organization refersTo="memberState">BULGARIA</organization>
                <organization refersTo="memberState">CABO VERDE</organization>
                <organization refersTo="memberState">CANADA</organization>
                <organization refersTo="memberState">CHILE</organization>
                <organization refersTo="memberState">COLOMBIA</organization>
                <organization refersTo="memberState">CROATIA</organization>
                <organization refersTo="memberState">CYPRUS</organization>
                <organization refersTo="memberState">CZECHIA</organization>
                <organization refersTo="memberState">DENMARK</organization>
                <organization refersTo="memberState">DOMINICAN REPUBLIC</organization>
                <organization refersTo="memberState">ESTONIA</organization>
                <organization refersTo="memberState">FINLAND</organization>
                <organization refersTo="memberState">FRANCE</organization>
                <organization refersTo="memberState">GEORGIA</organization>
                <organization refersTo="memberState">GERMANY</organization>
                <organization refersTo="memberState">GREECE</organization>
                <organization refersTo="memberState">HONDURAS</organization>
                <organization refersTo="memberState">HUNGARY</organization>
                <organization refersTo="memberState">ICELAND</organization>
                <organization refersTo="memberState">IRELAND</organization>
                <organization refersTo="memberState">ISRAEL</organization>
                <organization refersTo="memberState">ITALY</organization>
                <organization refersTo="memberState">JAPAN</organization>
                <organization refersTo="memberState">LATVIA</organization>
                <organization refersTo="memberState">LIECHTENSTEIN</organization>
                <organization refersTo="memberState">LITHUANIA</organization>
                <organization refersTo="memberState">LUXEMBOURG</organization>
                <organization refersTo="memberState">MALTA</organization>
                <organization refersTo="memberState">MARSHALL ISLANDS</organization>
                <organization refersTo="memberState">MICRONESIA (FEDERATED STATES OF)</organization>
                <organization refersTo="memberState">MONACO</organization>
                <organization refersTo="memberState">MONTENEGRO</organization>
                <organization refersTo="memberState">NETHERLANDS</organization>
                <organization refersTo="memberState">NEW ZEALAND</organization>
                <organization refersTo="memberState">NORTH MACEDONIA</organization>
                <organization refersTo="memberState">NORWAY</organization>
                <organization refersTo="memberState">PANAMA</organization>
                <organization refersTo="memberState">PARAGUAY</organization>
                <organization refersTo="memberState">POLAND</organization>
                <organization refersTo="memberState">PORTUGAL</organization>
                <organization refersTo="memberState">REPUBLIC OF KOREA</organization>
                <organization refersTo="memberState">REPUBLIC OF MOLDOVA</organization>
                <organization refersTo="memberState">ROMANIA</organization>
                <organization refersTo="memberState">SAN MARINO</organization>
                <organization refersTo="memberState">SLOVAKIA</organization>
                <organization refersTo="memberState">SLOVENIA</organization>
                <organization refersTo="memberState">SPAIN</organization>
                <organization refersTo="memberState">SWEDEN</organization>
                <organization refersTo="memberState">SWITZERLAND</organization>
                <organization refersTo="memberState">TONGA</organization>
                <organization refersTo="memberState">UKRAINE</organization>
                <organization refersTo="memberState">UNITED KINGDOM</organization>
                <organization refersTo="memberState">UNITED STATES</organization>
              </akn4un:voters>
            </count>
            <count value="33" refersTo="abstaining">
              <akn4un:voters>
                <organization refersTo="memberState">ARGENTINA</organization>
                <organization refersTo="memberState">BAHAMAS</organization>
                <organization refersTo="memberState">BAHRAIN</organization>
                <organization refersTo="memberState">BANGLADESH</organization>
                <organization refersTo="memberState">BARBADOS</organization>
                <organization refersTo="memberState">BOLIVIA (PLURINATIONAL STATE OF)</organization>
                <organization refersTo="memberState">BRAZIL</organization>
                <organization refersTo="memberState">COSTA RICA</organization>
                <organization refersTo="memberState">COTE D'IVOIRE</organization>
                <organization refersTo="memberState">DJIBOUTI</organization>
                <organization refersTo="memberState">ECUADOR</organization>
                <organization refersTo="memberState">EL SALVADOR</organization>
                <organization refersTo="memberState">GHANA</organization>
                <organization refersTo="memberState">GUATEMALA</organization>
                <organization refersTo="memberState">GUYANA</organization>
                <organization refersTo="memberState">HAITI</organization>
                <organization refersTo="memberState">LESOTHO</organization>
                <organization refersTo="memberState">MAURITIUS</organization>
                <organization refersTo="memberState">MEXICO</organization>
                <organization refersTo="memberState">MOROCCO</organization>
                <organization refersTo="memberState">PALAU</organization>
                <organization refersTo="memberState">PAPUA NEW GUINEA</organization>
                <organization refersTo="memberState">PERU</organization>
                <organization refersTo="memberState">PHILIPPINES</organization>
                <organization refersTo="memberState">SAUDI ARABIA</organization>
                <organization refersTo="memberState">SOLOMON ISLANDS</organization>
                <organization refersTo="memberState">TIMOR-LESTE</organization>
                <organization refersTo="memberState">TRINIDAD AND TOBAGO</organization>
                <organization refersTo="memberState">TUNISIA</organization>
                <organization refersTo="memberState">TURKEY</organization>
                <organization refersTo="memberState">TUVALU</organization>
                <organization refersTo="memberState">URUGUAY</organization>
                <organization refersTo="memberState">ZAMBIA</organization>
              </akn4un:voters>
            </count>
          </voting>
        </parliamentary>
      </analysis>
      <references source="#DGACM">
        <TLCOrganization eId="source" href="/akn/ontology/organization/un/DGACM" showAs="DGACM"></TLCOrganization>
        <TLCConcept eId="dateOfIssuance" href="/akn/ontology/concept/un/dateOfIssuance" showAs="Date of issuance"></TLCConcept>
        <TLCConcept eId="dateOfAdoption" href="/akn/ontology/concept/un/dateOfAdoption" showAs="Date of adoption"></TLCConcept>
        <TLCConcept eId="symbol" href="/akn/ontology/reference/un/symbol" showAs="Symbol"></TLCConcept>
        <TLCRole eId="publisher" href="/akn/ontology/role/un/publisher" showAs="Publisher"></TLCRole>
        <TLCRole eId="issuingBody" href="/akn/role/concept/un/issuingBody" showAs="Issuing body"></TLCRole>
        <TLCRole eId="author" href="/akn/ontology/role/un/author" showAs="Author"></TLCRole>
        <TLCRole eId="editor" href="/akn/ontology/role/un/editor" showAs="Editor"></TLCRole>
        <TLCRole eId="distribution" href="/akn/ontology/concept/un/generalDistribution" showAs="General distribution"></TLCRole>
        <TLCOrganization eId="ga" href="/akn/ontology/organization/un/generalAssembly" showAs="General Assembly"></TLCOrganization>
        <TLCTerm eId="resolutionTitle" href="/akn/ontology/reference/un/resolutionTitle" showAs="Resolution title"></TLCTerm>
        <TLCTerm eId="thirdCommittee" href="#thirdCommittee" showAs="اللجنة الثالثة"></TLCTerm>
        <TLCTerm eId="memberState" href="/akn/ontology/organization/un/memberState" showAs="Member State"></TLCTerm>
        <TLCTerm eId="inFavour" href="/akn/ontology/concept/un/voting/inFavour" showAs="In favour"></TLCTerm>
        <TLCTerm eId="against" href="/akn/ontology/concept/un/voting/against" showAs="Against"></TLCTerm>
        <TLCTerm eId="abstaining" href="/akn/ontology/concept/un/voting/abstaining" showAs="Abstaining"></TLCTerm>
      </references>
      <presentation source="#un">
        <akn4un:footerFirstPage>
          <akn4un:footerFirstPageLeft>
            <akn4un:internalCode>
              <docketNumber refersTo="#publicationJobNumber">19-22674 (A)</docketNumber>
              <img alt="bar code" class="barCode" src=""></img>
            </akn4un:internalCode>
          </akn4un:footerFirstPageLeft>
          <akn4un:footerFirstPageRight>
            <img alt="Please recycle" class="image" src="./recylcleLogo.jpg"></img>
            <img alt="embedded QR code" class="qrCode" src=""></img>
          </akn4un:footerFirstPageRight>
        </akn4un:footerFirstPage>
      </presentation>
    </meta>
    <coverPage eId="coverPage_1">
      <p>
        <span refersTo="#publisher" class="upperLeft">
          <docAuthority refersTo="#publisher">الأمــم المتحـدة</docAuthority>
        </span>
      </p>
      <p class="upperRight">
        <docNumber refersTo="#symbol">A/RES/74/247</docNumber>
      </p>
      <p class="upperLeft">
        <img src="logo-un.jpg"></img>
        <docAuthority refersTo="#issuingBody" class="rightBig">الجمعية العامة</docAuthority>
      </p>
      <p>
        <docStatus refersTo="#generalDistribution" class="rightSmall">Distr.: General</docStatus>
      </p>
      <p>
        <docDate date="2020-01-20" class="rightSmall" refersTo="#dateOfIssuance">20 January 2020</docDate>
      </p>
      <p>
        <session refersTo="#generalAssembly" value="74" eId="coverPage_1__session_1">الدورة الرابعة والسبعون</session>
      </p>
      <p>
        <inline name="agenda item">البند 107 من جدول الأعمال</inline>
      </p>
      <p>
        <inline name="agenda item name">مكافحة استخدام تكنولوجيات المعلومات والاتصالات للأغراض الإجرامية</inline>
      </p>
      <p>
        <docTitle>قرار اتخذته الجمعية العامة في 27 كانون الأول/ديسمبر 2019</docTitle>
      </p>
      <p xml:space="preserve">
        <docProponent refersTo="#thirdCommittee">[بناء على تقرير اللجنة الثالثة (<inline name="originating document">A/74/401</inline>)]</docProponent>
      </p>
    </coverPage>
    <preface>
      <p>
        <docNumber>74/247.</docNumber>
        <docTitle refersTo="#resolutionTitle">-	مكافحة استخدام تكنولوجيات المعلومات والاتصالات للأغراض الإجرامية</docTitle>
      </p>
    </preface>
    <preamble>
      <formula name="enactingFormula" eId="formula_1">
        <p xml:space="preserve">إن الجمعية العامة،</p>
      </formula>
      <container name="إذ تلاحظ" eId="container_2">
        <p xml:space="preserve">
          <span class="bold italic">إذ تلاحظ</span> أن تكنولوجيات المعلومات والاتصالات، ولئن أوجدت إمكانات هائلة لتنمية الدول، فإنها تخلق فرصا جديدة للجناة ويمكن أن تؤدي إلى ارتفاع في مستويات الجريمة ودرجات تعقيدها،</p>
      </container>
      <container name="وإذ تلاحظ أيضا " eId="container_3">
        <p xml:space="preserve">
          <span class="bold italic">وإذ تلاحظ أيضا </span>الخطر المحتمل لإساءة استخدام التكنولوجيات الناشئة، بما في ذلك الذكاء الاصطناعي، وإذ تسلم بالإمكانات التي توفرها هذه التكنولوجيات لمنع ومكافحة استخدام تكنولوجيات المعلومات والاتصالات للأغراض الإجرامية،</p>
      </container>
      <container name="وإذ يساورها القلق" eId="container_4">
        <p xml:space="preserve">
          <span class="bold italic">وإذ يساورها القلق</span> إزاء ارتفاع معدلات الجرائم المرتكبة في العالم الرقمي وازدياد تنوعها، وإزاء تأثير هذه الجرائم على استقرار البنى التحتية الحيوية للدول والمؤسسات وعلى رفاه الأفراد،</p>
      </container>
      <container name="إجرامية" eId="container_5">
          <p xml:space="preserve">	وإذ تسلم بأن مختلف المجرمين، بمن فيهم المتجرون بالأشخاص، يستفيدون من تكنولوجيات المعلومات والاتصالات للقيام بأنشطة إجرامية،</p>
      </container>
      <container name="وإذ تشدد" eId="container_6">
        <p xml:space="preserve">
          <span class="bold italic">وإذ تشدد</span> على ضرورة تعزيز التنسيق والتعاون بين الدول في مكافحة استخدام تكنولوجيات المعلومات والاتصالات للأغراض الإجرامية، بما في ذلك من خلال تقديم المساعدة التقنية إلى البلدان النامية بناء على طلبها من أجل تحسين التشريعات وأطر العمل الوطنية وبناء قدرات السلطات الوطنية بغية التصدّي لذلك الاستخدام بكل أشكاله، بما يشمل منعه والكشف عنه والتحقيق فيه وملاحقة مرتكبيه قضائياً، وإذ تؤكد في هذا السياق الدور الذي تؤديه الأمم المتحدة، وبالأخص لجنة منع الجريمة والعدالة الجنائية،</p>
      </container>
      <container name="الوثائق الرسمية للمجلس الاقتصادي والاجتماعي، 2013، الملحق رقم 10" eId="container_7">
        <p xml:space="preserve">	وإذ تشير إلى قرار لجنة منع الجريمة والعدالة الجنائية 22/8 المؤرخ 26 نيسان/أبريل 2013<sup>(</sup><authorialNote marker="1" placement="bottom" eId="authorialNote_1"><p xml:space="preserve">	()	انظر <span class="italic">الوثائق الرسمية للمجلس الاقتصادي والاجتماعي، 2013، الملحق رقم 10</span> والتصويب (<a href="https://undocs.org/ar/E/2013/30">E/2013/30</a> و <a href="https://undocs.org/ar/E/2013/30/Corr.1">E/2013/30/Corr.1</a>)، الفصل الأول، الفرع دال.</p></authorialNote><sup>)</sup>، الذي رحبت فيه اللجنة بالجهود التي يبذلها مكتب الأمم المتحدة المعني بالمخدرات والجريمة في سبيل إنجاز ولايته المتمثلة في تقديم المساعدة التقنية وبناء القدرات فيما يتعلق بالجريمة السيبرانية،</p>
      </container>
      <container name="إذ تلاحظ" eId="container_8">
        <p xml:space="preserve">	وإذ تلاحظ العمل الذي قامت به لجنة منع الجريمة والعدالة الجنائية، تحت رعاية فريق الخبراء الحكومي الدولي المفتوح العضوية الذي أنشئ لإجراء دراسة شاملة عن مشكلة الجريمة السيبرانية والتدابير التي تتخذها الدول الأعضاء والمجتمع الدولي والقطاع الخاص للتصدي لها،</p>
      </container>
      <container name="إذ تشير" eId="container_9">
        <p xml:space="preserve">	وإذ تشير إلى قرارها <a href="https://undocs.org/ar/A/RES/65/230">65/230</a> المؤرخ 21 كانون الأول/ديسمبر 2010، الذي أيدت فيه الجمعية العامة إعلان سلفادور بشأن الاستراتيجيات الشاملة لمواجهة التحديات العالمية: نظم منع الجريمة والعدالة الجنائية وتطورها في عالم متغيِّر،</p>
      </container>
      <container name=" إلى " eId="container_10">
        <p xml:space="preserve">	وإذ تشير أيضا<span class="bold italic"> إلى </span>إعلان الدوحة بشأن إدماج منع الجريمة والعدالة الجنائية في جدول أعمال الأمم المتحدة الأوسع من أجل التصدي للتحديات الاجتماعية والاقتصادية وتعزيز سيادة القانون على الصعيدين الوطني والدولي ومشاركة الجمهور<sup>(</sup><authorialNote marker="2" placement="bottom" eId="authorialNote_2"><p xml:space="preserve">	()	القرار <a href="https://undocs.org/ar/A/RES/70/174">70/174</a>، المرفق.</p></authorialNote><sup>)</sup>، الذي اعتمد في مؤتمر الأمم المتحدة الثالث عشر لمنع الجريمة والعدالة الجنائية المعقود في الدوحة في الفترة من 12 إلى 19 نيسان/أبريل 2015،</p>
      </container>
      <container name="إذ تلاحظ" eId="container_11">
        <p xml:space="preserve">	وإذ تلاحظ المناقشات التي جرت خلال الاجتماعات الأول إلى الخامس لفريق الخبراء الحكومي الدولي المفتوح العضوية، التي عُقدت في فيينا من 17 إلى 21 كانون الثاني/يناير 2011، ومن 25 إلى 28 شباط/فبراير 2013، ومن 10 إلى 13 نيسان/أبريل 2017، ومن 3 إلى 5 نيسان/أبريل 2018، ومن 27 إلى 29 آذار/مارس 2019، والتي أكدت من جديد أهمية الدراسة وضرورة مواصلة تعزيز النقاش على الصعيد الدولي بشأن الجريمة السيبرانية والتعاون على مكافحتها،</p>
      </container>
      <container name="إذ تلاحظ" eId="container_12">
        <p xml:space="preserve">	وإذ تلاحظ أيضا أهمية الصكوك الدولية والإقليمية في مجال مكافحة الجريمة السيبرانية والجهود الجارية الرامية إلى بحث الخيارات المتاحة لتعزيز التدابير القانونية أو غيرها من التدابير القائمة على الصعيدين الوطني والدولي للتصدِّي لاستخدام تكنولوجيات المعلومات والاتصالات للأغراض الإجرامية، واقتراح تدابير جديدة في هذا الشأن،</p>
      </container>
      <container name="إذ تشير" eId="container_13">
        <p xml:space="preserve">	وإذ تشير إلى قراراتها <a href="https://undocs.org/ar/A/RES/53/70">53/70</a> المؤرخ 4 كانون الأول/ديسمبر 1998 و <a href="https://undocs.org/ar/A/RES/54/49">54/49</a> المؤرخ 1 كانون الأول/ديسمبر 1999 و <a href="https://undocs.org/ar/A/RES/55/28">55/28</a> المؤرخ 20 تشرين الثاني/نوفمبر 2000 و <a href="https://undocs.org/ar/A/RES/56/19">56/19</a> المؤرخ 29 تشرين الثاني/نوفمبر 2001 و <a href="https://undocs.org/ar/A/RES/57/53">57/53</a> المؤرخ 22 تشرين الثاني/نوفمبر 2002 و <a href="https://undocs.org/ar/A/RES/58/32">58/32</a> المؤرخ 8 كانون الأول/ديسمبر 2003 و <a href="https://undocs.org/ar/A/RES/59/61">59/61</a> المؤرخ 3 كانون الأول/ديسمبر 2004 و <a href="https://undocs.org/ar/A/RES/60/45">60/45</a> المؤرخ 8 كانون الأول/ديسمبر 2005 و <a href="https://undocs.org/ar/A/RES/61/54">61/54</a> المؤرخ 6 كانون الأول/ديسمبر 2006 و <a href="https://undocs.org/ar/A/RES/62/17">62/17</a> المؤرخ 5 كانون الأول/ديسمبر 2007 و <a href="https://undocs.org/ar/A/RES/63/37">63/37</a> المؤرخ 2 كانون الأول/ديسمبر 2008 و <a href="https://undocs.org/ar/A/RES/64/25">64/25</a> المؤرخ 2 كانون الأول/ديسمبر 2009 و <a href="https://undocs.org/ar/A/RES/65/41">65/41</a> المــــؤرخ 8 كانون الأول/ديسمبر 2010 و <a href="https://undocs.org/ar/A/RES/66/24">66/24</a> المؤرخ 2 كانون الأول/ديسمبر 2011 و <a href="https://undocs.org/ar/A/RES/66/181">66/181</a> المؤرخ 19 كانون الأول/ديسمبر 2011 و <a href="https://undocs.org/ar/A/RES/67/27">67/27</a> المؤرخ 3 كانون الأول/ديسمبر 2012 و <a href="https://undocs.org/ar/A/RES/68/193">68/193</a> المؤرخ 18 كانون الأول/ديسمبر 2013 و <a href="https://undocs.org/ar/A/RES/68/243">68/243</a> المؤرخ 27 كانون الأول/ديسمبر 2013 و <a href="https://undocs.org/ar/A/RES/69/28">69/28</a> المؤرخ 2 كانون الأول/ديسمبر 2014 و <a href="https://undocs.org/ar/A/RES/70/237">70/237</a> المؤرخ 23 كانون الأول/ديسمبر 2015 و <a href="https://undocs.org/ar/A/RES/71/28">71/28</a> المؤرخ 5 كانون الأول/ديسمبر 2016 و <a href="https://undocs.org/ar/A/RES/72/196">72/196</a> المؤرخ 19 كانون الأول/ديسمبر 2017 و <a href="https://undocs.org/ar/A/RES/73/27">73/27</a> المؤرخ 5 كانون الأول/ديسمبر 2018 و <a href="https://undocs.org/ar/A/RES/73/187">73/187</a> المؤرخ 17 كانون الأول/ديسمبر 2018،</p>
      </container>
      <container name="إذ تشير" eId="container_14">
        <p xml:space="preserve">	وإذ تشير أيضا إلى تقارير أفرقة الخبراء الحكوميين المعنيين بالتطورات في ميدان المعلومات والاتصالات السلكية واللاسلكية في سياق الأمن الدولي<sup>(</sup><authorialNote marker="3" placement="bottom" eId="authorialNote_3"><p xml:space="preserve">	()	<a href="https://undocs.org/ar/A/65/201">A/65/201</a> و <a href="https://undocs.org/ar/A/68/98">A/68/98</a> و <a href="https://undocs.org/ar/A/70/174">A/70/174</a>.</p></authorialNote><sup>)</sup>، الذي يرى أنه ينبغي للدول النظر في أفضل السبل للتعاون على الملاحقة القضائية على إساءة الاستخدام الجنائية لتكنولوجيات المعلومات والاتصالات،</p>
      </container>
      <container name="علما " eId="container_15">
        <p xml:space="preserve">	وإذ تحيط <span class="bold italic">علما </span>بقرار لجنة منع الجريمة والعدالة الجنائية 26/4 المؤرخ 26 أيار/مايو 2017<sup>(</sup><authorialNote marker="4" placement="bottom" eId="authorialNote_4"><p xml:space="preserve">	()	انظر <span class="italic">الوثائق الرسمية للمجلس الاقتصادي والاجتماعي، 2017، الملحق رقم 10</span> (<a href="https://undocs.org/ar/E/2017/30">E/2017/30</a>)، الفصل الأول، الفرع دال.</p></authorialNote><sup>)</sup>، الذي أعربت فيه اللجنة عن تقديرها للعمل الذي يقوم به فريق الخبراء المعني بإجراء دراسة شاملة عن الجريمة السيبرانية وطلبت إلى فريق الخبراء أن يواصل عمله بهدف بحث الخيارات المتاحة لتعزيز التدابير القانونية أو غيرها من التدابير القائمة على الصعيدين الوطني والدولي للتصدِّي للجريمة السيبرانية واقتراح تدابير جديدة في هذا الشأن، وإذ تؤكد من جديد في هذا الصدد دور مكتب الأمم المتحدة المعني بالمخدرات والجريمة،</p>
      </container>
      <container name=" بقرار المجلس الاقتصادي والاجتماعي " eId="container_16">
        <p xml:space="preserve">	وإذ تحيط علما أيضا<span class="bold italic"> بقرار المجلس الاقتصادي والاجتماعي </span><span class="bold italic"><a href="https://undocs.org/ar/E/RES/2019/19">2019/19</a></span><span class="bold italic"> المؤرخ 23 تموز/يوليه 2019، المعنون ”تعزيز المساعدة التقنية وبناء القدرات لتدعيم التدابير الوطنية والتعاون الدولي في مجال مكافحة الجريمة السيبرانية، بما يشمل تبادل المعلومات“ المتخذ بناء على توصية لجنة منع الجريمة والعدالة الجنائية،</span></p>
      </container>
      <container name="وإذ تسلم " eId="container_17">
          <p xml:space="preserve">	وإذ تسلم <span class="bold italic">بالدور الذي يؤديه </span>فريق الخبراء الحكومي الدولي المفتوح العضوية المعني بإجراء دراسة شاملة عن مشكلة الجريمة السيبرانية<span class="bold italic"> باعتباره منبراً هاماً لتبادل المعلومات بشأن التشريعات الوطنية وأفضل الممارسات والمساعدة التقنية والتعاون الدولي، </span>بهدف بحث الخيارات المتاحة لتعزيز التدابير القانونية أو غيرها من التدابير القائمة على الصعيدين الوطني والدولي للتصدي للجريمة السيبرانية واقتراح تدابير جديدة في هذا الشأن،</p>
      </container>
      <container name="إذ تؤكد" eId="container_18">
        <p xml:space="preserve">	وإذ تؤكد من جديد أهمية احترام حقوق الإنسان والحريات الأساسية في استخدام تكنولوجيات المعلومات والاتصالات،</p>
      </container>
    </preamble>
    <mainBody>
      <paragraph eId="para_19" class="SingleTxt">
        <content eId="para_19__content">
          <p xml:space="preserve">	1 -	<span class="bold italic">تحيط علما</span> بتقرير الأمين العام<sup>(</sup><authorialNote marker="5" placement="bottom" eId="authorialNote_5"><p xml:space="preserve">	()	<a href="https://undocs.org/ar/A/74/130">A/74/130</a>.</p></authorialNote><sup>)</sup> الذي أُعد عملا بالقرار <a href="https://undocs.org/ar/A/RES/73/187">73/187</a>؛</p>
        </content>
      </paragraph>
      <paragraph eId="para_20" class="SingleTxt">
        <content eId="para_20__content">
          <p xml:space="preserve">	2 -	<span class="bold italic">تقرر</span> إنشاء لجنة خبراء حكومية دولية مخصصة مفتوحة العضوية، تُمثَّل فيها جميع الأقاليم، لوضع اتفاقية دولية شاملة بشأن مكافحة استخدام تكنولوجيات المعلومات والاتصالات للأغراض الإجرامية، مع المراعاة الكاملة للصكوك الدولية القائمة وللجهود المبذولة حالياً على كل من الصعيد الوطني والإقليمي والدولي لمكافحة استخدام تكنولوجيات المعلومات والاتصالات للأغراض الإجرامية، ولا سيما ما قام به فريق الخبراء الحكومي الدولي المفتوح العضوية المعني بإجراء دراسة شاملة عن الجريمة السيبرانية من أعمال وما توصل إليه من نتائج؛</p>
        </content>
      </paragraph>
      <paragraph eId="para_21" class="SingleTxt">
        <content eId="para_21__content">
          <p xml:space="preserve">	3 -	<span class="bold italic">تقرر أيضا</span> أن تقوم هذه اللجنة المخصصة بالدعوة إلى عقد دورة تنظيمية لمدة ثلاث أيام في آب/أغسطس 2020، في نيويورك، من أجل الاتفاق على الخطوط العريضة لأنشطتها المستقبلية وطرائقها قصد عرضها على الجمعية العامة في دورتها الخامسة والسبعين للنظر فيها والموافقة عليها؛</p>
        </content>
      </paragraph>
      <paragraph eId="para_22" class="SingleTxt">
        <content eId="para_22__content">
          <p xml:space="preserve">	4 -<span class="bold italic">	تطلب</span> إلى الأمين العام أن يخصص الموارد اللازمة لتنظيم ودعم عمل اللجنة المخصصة من ميزانية الأمم المتحدة البرنامجية؛</p>
        </content>
      </paragraph>
      <paragraph eId="para_23" class="SingleTxt">
        <content eId="para_23__content">
          <p xml:space="preserve">	5 -	<span class="bold italic">تدعو</span> البلدان المانحة إلى تقديم المساعدة إلى الأمم المتحدة لضمان مشاركة البلدان النامية بفعالية في أعمال اللجنة المخصصة، بما في ذلك عن طريق تغطية تكاليف السفر ونفقات الإقامة؛	6 -	<span class="bold italic">تقرر</span> أن تدرج في جدول الأعمال المؤقت لدورتها الخامسة والسبعين البند المعنون ”مكافحة استخدام تكنولوجيات المعلومات والاتصالات للأغراض الإجرامية“.</p>
        </content>
      </paragraph>
    </mainBody>
    <conclusions eId="conclusions">
      <p>
        <inline name="adoptionMeeting" title="52">الجلسة العامة 52</inline>
        <eol />
        <docDate date="2019-12-27" refersTo="#adoptionDate">27 كانون الأول/ديسمبر 2019</docDate>
      </p>
    </conclusions>
  </statement>
</akomaNtoso>