<akomaNtoso xmlns:xsi="http://www.w3.org/2001/XMLSchema-instance" xsi:schemaLocation="http://docs.oasis-open.org/legaldocml/ns/akn/3.0 http://docs.oasis-open.org/legaldocml/akn-core/v1.0/os/part2-specs/schemas/akomantoso30.xsd" xmlns="http://docs.oasis-open.org/legaldocml/ns/akn/3.0" xmlns:html="http://www.w3.org/1999/xhtml" xmlns:akn4un="http://un.org/akn4un">
  <statement name="resolution">
    <meta>
      <identification source="#DGACM">
        <FRBRWork>
          <FRBRthis value="/akn/un/statement/deliberation/unga/2019-12-27/74-248/!main/"></FRBRthis>
          <FRBRuri value="/akn/un/statement/deliberation/unga/2019-12-27/74-248/"></FRBRuri>
          <FRBRdate date="2019-12-27" name="adoption"></FRBRdate>
          <FRBRauthor href="ga" as="author"></FRBRauthor>
          <FRBRcountry value="un"></FRBRcountry>
        </FRBRWork>
        <FRBRExpression>
          <FRBRthis value="/akn/un/statement/deliberation/unga/2019-12-27/74-248/ara@!main/"></FRBRthis>
          <FRBRuri value="/akn/un/statement/deliberation/unga/2019-12-27/74-248/ara@/"></FRBRuri>
          <FRBRdate date="2020-01-21" name="publication"></FRBRdate>
          <FRBRauthor href="ga" as="issuer"></FRBRauthor>
          <FRBRlanguage language="ara"></FRBRlanguage>
        </FRBRExpression>
        <FRBRManifestation>
          <FRBRthis value="/akn/un/statement/deliberation/unga/2019-12-27/74-248/ara@/!main.xml"></FRBRthis>
          <FRBRuri value="/akn/un/statement/deliberation/unga/2019-12-27/74-248/ara@.xml"></FRBRuri>
          <FRBRdate date="2020-09-01" name="markup"></FRBRdate>
          <FRBRauthor href="DGACM" as="editor"></FRBRauthor>
        </FRBRManifestation>
      </identification>
      <classification source="http://metadata.un.org/sdg">
        <keyword value="3" href="http://metadata.un.org/sdg/3" showAs="sdg_3" dictionary="SDGO"></keyword>
        <keyword value="public_health" href="http://eurovoc.europa.eu/3885" showAs="public_health" dictionary="EuroVoc"></keyword>
        <keyword value="health" href="http://metadata.un.org/thesaurus/1002824" showAs="health" dictionary="UNBIS Thesaurus"></keyword>
      </classification>
      <workflow source="#un">
        <step date="2019-11-27" outcome="draftResolution" as="A/74/L.20" by="Andorra, Argentina, Armenia, Austria, Azerbaijan, Belarus, Belgium, Bolivia (Plurinational State of), Bosnia and Herzegovina, Burkina Faso, Canada, Costa Rica, Croatia, Cyprus, Czechia, Democratic Republic of the Congo, Denmark, Egypt, Equatorial Guinea, Estonia, Finland, France, Ghana, Greece, Hungary, Iceland, Indonesia, Iraq, Ireland, Jordan, Lao People's Democratic  Republic, Latvia, Lebanon, Liechtenstein, Lithuania, Luxembourg, Malta, Mexico, Monaco, Mongolia, Montenegro, Nauru, Netherlands, New Zealand, North Macedonia, Paraguay, Poland, Portugal, Republic of Korea, Russian Federation, San Marino, Serbia, Sierra Leone, Slovakia, Slovenia, Somalia, South Africa, Spain, Sudan, Sweden, Switzerland, Tunisia and Turkey" />
        <step date="0001-01-01" outcome="draftResolutionAdditionalSponsors" by="Albania, Algeria, Antigua and Barbuda, Australia, Bangladesh, Benin, Brazil, Bulgaria, Burundi, Cabo Verde, Central African Republic, Chad, Chile, Colombia, Congo, Côte d'Ivoire, Cuba, Democratic People's Republic of Korea, Djibouti, Ecuador, El Salvador, Ethiopia, Fiji, Gabon, Gambia, Georgia, Germany, Guinea, Guinea-Bissau, Honduras, Italy, Kazakhstan, Kenya, Kuwait, Liberia, Libya, Malawi, Malaysia, Marshall Islands, Mauritius, Micronesia (Federated States of), Morocco, Mozambique, Myanmar, Namibia, Nicaragua, Niger, Nigeria, Norway, Palau, Panama, Papua New Guinea, Peru, Philippines, Romania, Senegal, Singapore, Suriname, Thailand, Togo, Ukraine, United Republic of Tanzania, Uruguay, Viet Nam and Zambia" />
        <step date="0001-01-01" outcome="recommendedForAdoption" by="" />
        <step date="2019-12-27" outcome="adopted" as="A/74/PV.52" by="" />
      </workflow>
      <analysis source="#un">
        <parliamentary>
          <voting outcome="adoptedWithoutVote">
            <quorum value=""></quorum>
          </voting>
        </parliamentary>
      </analysis>
      <references source="#DGACM">
        <TLCOrganization eId="source" href="/akn/ontology/organization/un/DGACM" showAs="DGACM"></TLCOrganization>
        <TLCConcept eId="dateOfIssuance" href="/akn/ontology/concept/un/dateOfIssuance" showAs="Date of issuance"></TLCConcept>
        <TLCConcept eId="dateOfAdoption" href="/akn/ontology/concept/un/dateOfAdoption" showAs="Date of adoption"></TLCConcept>
        <TLCConcept eId="symbol" href="/akn/ontology/reference/un/symbol" showAs="Symbol"></TLCConcept>
        <TLCRole eId="publisher" href="/akn/ontology/role/un/publisher" showAs="Publisher"></TLCRole>
        <TLCRole eId="issuingBody" href="/akn/role/concept/un/issuingBody" showAs="Issuing body"></TLCRole>
        <TLCRole eId="author" href="/akn/ontology/role/un/author" showAs="Author"></TLCRole>
        <TLCRole eId="editor" href="/akn/ontology/role/un/editor" showAs="Editor"></TLCRole>
        <TLCRole eId="distribution" href="/akn/ontology/concept/un/generalDistribution" showAs="General distribution"></TLCRole>
        <TLCOrganization eId="ga" href="/akn/ontology/organization/un/generalAssembly" showAs="General Assembly"></TLCOrganization>
        <TLCTerm eId="resolutionTitle" href="/akn/ontology/reference/un/resolutionTitle" showAs="Resolution title"></TLCTerm>
        <TLCTerm eId="noMainCommittee" href="#noMainCommittee" showAs="دون الإحالة إلى لجنة رئيسية"></TLCTerm>
        <TLCTerm eId="memberState" href="/akn/ontology/organization/un/memberState" showAs="Member State"></TLCTerm>
        <TLCTerm eId="inFavour" href="/akn/ontology/concept/un/voting/inFavour" showAs="In favour"></TLCTerm>
        <TLCTerm eId="against" href="/akn/ontology/concept/un/voting/against" showAs="Against"></TLCTerm>
        <TLCTerm eId="abstaining" href="/akn/ontology/concept/un/voting/abstaining" showAs="Abstaining"></TLCTerm>
      </references>
      <presentation source="#un">
        <akn4un:footerFirstPage>
          <akn4un:footerFirstPageLeft>
            <akn4un:internalCode>
              <docketNumber refersTo="#publicationJobNumber">19-22676 (A)</docketNumber>
              <img alt="bar code" class="barCode" src=""></img>
            </akn4un:internalCode>
          </akn4un:footerFirstPageLeft>
          <akn4un:footerFirstPageRight>
            <img alt="Please recycle" class="image" src="./recylcleLogo.jpg"></img>
            <img alt="embedded QR code" class="qrCode" src=""></img>
          </akn4un:footerFirstPageRight>
        </akn4un:footerFirstPage>
      </presentation>
    </meta>
    <coverPage eId="coverPage_1">
      <p>
        <span refersTo="#publisher" class="upperLeft">
          <docAuthority refersTo="#publisher">الأمــم المتحـدة</docAuthority>
        </span>
      </p>
      <p class="upperRight">
        <docNumber refersTo="#symbol">A/RES/74/248</docNumber>
      </p>
      <p class="upperLeft">
        <img src="logo-un.jpg"></img>
        <docAuthority refersTo="#issuingBody" class="rightBig">الجمعية العامة</docAuthority>
      </p>
      <p>
        <docStatus refersTo="#generalDistribution" class="rightSmall">Distr.: General</docStatus>
      </p>
      <p>
        <docDate date="2020-01-21" class="rightSmall" refersTo="#dateOfIssuance">21 January 2020</docDate>
      </p>
      <p>
        <session refersTo="#generalAssembly" value="74" eId="coverPage_1__session_1">الدورة الرابعة والسبعون</session>
      </p>
      <p>
        <inline name="agenda item">البند 128 من جدول الأعمال</inline>
      </p>
      <p>
        <inline name="agenda item name">التحقيق في الظروف والملابسات المؤدية إلى الوفاة المأساوية لداغ همرشولد ومرافقيه</inline>
      </p>
      <p>
        <docTitle>قرار اتخذته الجمعية العامة في 27 كانون الأول/ديسمبر 2019</docTitle>
      </p>
      <p xml:space="preserve">
        <docProponent refersTo="#noMainCommittee">[دون الإحالة إلى لجنة رئيسية (<inline name="originating document">A/74/L.20 و A/74/L.20/Add.1</inline>)]</docProponent>
      </p>
    </coverPage>
    <preface>
      <p>
        <docNumber>74/248.</docNumber>
        <docTitle refersTo="#resolutionTitle">-	التحقيق في الظروف والملابسات المؤدية إلى الوفاة المأساوية لداغ همرشولد ومرافقيه</docTitle>
      </p>
    </preface>
    <preamble>
      <formula name="enactingFormula" eId="formula_1">
        <p xml:space="preserve">
          <span class="bold italic">إن الجمعية العامة</span>،</p>
      </formula>
      <container name="إذ تشير" eId="container_2">
        <p xml:space="preserve">
          <span class="bold italic">إذ تشير</span> إلى قراراتها 1759 (د-17) المؤرخ 26 تشرين الأول/أكتوبر 1962 و <a href="https://undocs.org/ar/A/RES/69/246">69/246</a> المؤرخ 29 كانون الأول/ديسمبر 2014 و <a href="https://undocs.org/ar/A/RES/70/11">70/11</a> المؤرخ 19 تشرين الثاني/نوفمبر 2015 و <a href="https://undocs.org/ar/A/RES/71/260">71/260</a> المؤرخ 23 كانون الأول/ديسمبر 2016 و <a href="https://undocs.org/ar/A/RES/72/252">72/252</a> المؤرخ 24 كانون الأول/ديسمبر 2017،</p>
      </container>
      <container name="وإذ تؤكد" eId="container_3">
        <p xml:space="preserve">
          <span class="bold italic">وإذ تؤكد</span> المسؤولية المشتركة عن السعي إلى معرفة الحقيقة الكاملة للظروف والملابسات التي أدت إلى الوفاة المأساوية لداغ همرشولد ومرافقيه،</p>
      </container>
      <container name="وإذ تسلم" eId="container_4">
          <p xml:space="preserve">
            <span class="bold italic">وإذ تسلم</span> بأنه سيكون من الضروري إجراء المزيد من التحريات أو التحقيقات للتثبت من الوقائع بصورة نهائية،</p>
      </container>
      <container name="وإذ تعرب عن تقديرها" eId="container_5">
        <p xml:space="preserve">
          <span class="bold italic">وإذ تعرب عن تقديرها</span> لالتزام الأمين العام المستمر بالبحث عن الحقيقة في هذا الصدد،</p>
      </container>
      <container name="وإذ ترحب" eId="container_6">
        <p xml:space="preserve">
          <span class="bold italic">وإذ ترحب</span> بتقرير الشخصية البارزة المعين عملا بقرار الجمعية العامة <a href="https://undocs.org/ar/A/RES/72/252">72/252</a><sup>(</sup><authorialNote marker="1" placement="bottom" eId="authorialNote_1"><p xml:space="preserve">	()	انظر <a href="https://undocs.org/ar/A/73/973">A/73/973</a>.</p></authorialNote><sup>)</sup>، وإذ تنوه بمساهمات الدول الأعضاء في العمل الذي قام به، ولا سيما الدول التي عينت مسؤولين مستقلين رفيعي الدرجة،</p>
      </container>
      <container name="وإذ تحيط علما" eId="container_7">
        <p xml:space="preserve">
          <span class="bold italic">وإذ تحيط علما</span> بالرسالة المؤرخة 12 أيلول/سبتمبر 2019 الموجهة إلى رئيس الجمعية العامة من الأمين العام، يحيل بها تقرير الشخصية البارزة وتقييمه للخطوات المقبلة<sup>(1)</sup>، </p>
      </container>
      <container name="وإذ تلاحظ" eId="container_8">
        <p xml:space="preserve">
          <span class="bold italic">وإذ تلاحظ</span>، على وجه الخصوص، استنتاج الشخصية البارزة أنه يبدو من غير المستبعد أن يكون هجوم أو تهديد خارجي سببا لتحطم الطائرة SE-BDY، سواء عن طريق الهجوم المباشر المؤدي إلى تحطمها أو التسبب في تشتت لحظي لانتباه الطياريْن،</p>
      </container>
    </preamble>
    <mainBody>
      <paragraph eId="para_9" class="SingleTxt">
        <content eId="para_9__content">
          <p xml:space="preserve">	1 -	<span class="bold italic">تطلب</span> إلى الأمين العام أن يعيد تعيين الشخصية البارزة المعين عملا بقرار الجمعية العامة <a href="https://undocs.org/ar/A/RES/72/252">72/252</a> كي يواصل استعراض المعلومات التي وردت والمعلومات الجديدة المحتمل إتاحتها من جانب الدول الأعضاء، بمن في ذلك الأفراد والكيانات الخاصة، من أجل تقدير قيمتها الإثباتية واستخلاص نتائج من التحقيقات التي سبق إجراؤها؛</p>
        </content>
      </paragraph>
      <paragraph eId="para_10" class="SingleTxt">
        <content eId="para_10__content">
          <p xml:space="preserve">	2 -	<span class="bold italic">تحث</span> جميع الدول الأعضاء، ولا سيما تلك المشار إليها في التقرير<sup>(1)</sup>، أن تكشف عن أي سجلات ذات صلة بالموضوع تكون بحوزتها، وأن تقدم إلى الشخصية البارزة والأمين العام معلومات تتصل بموضوع وفاة داغ همرشولد ومرافقيه، وأن تتأكد من أنها استعرضت محفوظاتها وسجلاتها استعراضا تاما؛</p>
        </content>
      </paragraph>
      <paragraph eId="para_11" class="SingleTxt">
        <content eId="para_11__content">
          <p xml:space="preserve">	3 -	<span class="bold italic">تهيب</span> بالدول الأعضاء المشار إليها في التقرير أن تتعاون مع الشخصية البارزة وتسدي له المساعدة على الوجه التام، بوسائل من ضمنها القيام دون تأخير بتعيين مسؤولين مستقلين رفيعي الدرجة لتحديد ما إذا كانت محفوظاتها الأمنية والاستخباراتية والمتعلقة بشؤون الدفاع تحتوي على معلومات ذات صلة بالموضوع، وتشجع الشخصية البارزة على مواصلة العمل مع جميع المسؤولين الرفيعي الدرجة، بمن فيهم أولئك الذين أنهوا عملهم؛</p>
        </content>
      </paragraph>
      <paragraph eId="para_12" class="SingleTxt">
        <content eId="para_12__content">
          <p xml:space="preserve">	4 -	<span class="bold italic">تهيب</span> بالدول الأعضاء إلى تشجيع الأفراد والكيانات الخاصة على أن تكفل إتاحة أي سجلات ذات صلة بوفاة داغ همرشولد ومرافقيه لاستعراضها من قبل الشخصية البارزة؛</p>
        </content>
      </paragraph>
      <paragraph eId="para_13" class="SingleTxt">
        <content eId="para_13__content">
          <p xml:space="preserve">	5 -	<span class="bold italic">تطلب</span> إلى الأمين العام أن يقدم إلى الجمعية العامة قبل نهاية دورتها الخامسة والسبعين تقريرا عن التقدم المحرز بهذا الشأن؛</p>
        </content>
      </paragraph>
      <paragraph eId="para_14" class="SingleTxt">
        <content eId="para_14__content">
          <p xml:space="preserve">	6 -	<span class="bold italic">تقــرر</span> أن تــدرج فــي جــدول الأعمال المؤقــت لدورتها السادسة والسبعين البنـــد المعنــون ”التحقيـــق فــي الظـــــروف والملابســـات المؤديـــة إلــــى الوفـــاة المأساويـــة لداغ همرشولد ومرافقيه“.</p>
        </content>
      </paragraph>
    </mainBody>
    <conclusions eId="conclusions">
      <p>
        <inline name="adoptionMeeting" title="52">الجلسة العامة (المستأنفة) 52</inline>
        <eol />
        <docDate date="2019-12-27" refersTo="#adoptionDate">27 كانون الأول/ديسمبر 2019</docDate>
      </p>
    </conclusions>
  </statement>
</akomaNtoso>