<akomaNtoso xmlns:xsi="http://www.w3.org/2001/XMLSchema-instance" xsi:schemaLocation="http://docs.oasis-open.org/legaldocml/ns/akn/3.0 http://docs.oasis-open.org/legaldocml/akn-core/v1.0/os/part2-specs/schemas/akomantoso30.xsd" xmlns="http://docs.oasis-open.org/legaldocml/ns/akn/3.0" xmlns:html="http://www.w3.org/1999/xhtml" xmlns:akn4un="http://un.org/akn4un">
  <statement name="resolution">
    <meta>
      <identification source="#DGACM">
        <FRBRWork>
          <FRBRthis value="/akn/un/statement/deliberation/unga/2019-12-27/74-256/!main/"></FRBRthis>
          <FRBRuri value="/akn/un/statement/deliberation/unga/2019-12-27/74-256/"></FRBRuri>
          <FRBRdate date="2019-12-27" name="adoption"></FRBRdate>
          <FRBRauthor href="ga" as="author"></FRBRauthor>
          <FRBRcountry value="un"></FRBRcountry>
        </FRBRWork>
        <FRBRExpression>
          <FRBRthis value="/akn/un/statement/deliberation/unga/2019-12-27/74-256/ara@!main/"></FRBRthis>
          <FRBRuri value="/akn/un/statement/deliberation/unga/2019-12-27/74-256/ara@/"></FRBRuri>
          <FRBRdate date="2020-01-09" name="publication"></FRBRdate>
          <FRBRauthor href="ga" as="issuer"></FRBRauthor>
          <FRBRlanguage language="ara"></FRBRlanguage>
        </FRBRExpression>
        <FRBRManifestation>
          <FRBRthis value="/akn/un/statement/deliberation/unga/2019-12-27/74-256/ara@/!main.xml"></FRBRthis>
          <FRBRuri value="/akn/un/statement/deliberation/unga/2019-12-27/74-256/ara@.xml"></FRBRuri>
          <FRBRdate date="2020-09-20" name="markup"></FRBRdate>
          <FRBRauthor href="DGACM" as="editor"></FRBRauthor>
        </FRBRManifestation>
      </identification>
      <workflow source="#un">
        <step date="2019-12-27" outcome="draftResolution" as="A/C.5/74/L.12" by="submitted by the Chair of the Committee" />
        <step date="0001-01-01" outcome="draftResolutionAdditionalSponsors" by="" />
        <step date="0001-01-01" outcome="recommendedForAdoption" as="A/74/604" by="" refersTo="6" />
        <step date="2019-12-27" outcome="adopted" as="A/74/PV.52" by="" />
      </workflow>
      <analysis source="#un">
        <parliamentary>
          <voting outcome="adoptedWithoutVote">
            <quorum value=""></quorum>
          </voting>
        </parliamentary>
      </analysis>
      <references source="#DGACM">
        <TLCOrganization eId="source" href="/akn/ontology/organization/un/DGACM" showAs="DGACM"></TLCOrganization>
        <TLCConcept eId="dateOfIssuance" href="/akn/ontology/concept/un/dateOfIssuance" showAs="Date of issuance"></TLCConcept>
        <TLCConcept eId="dateOfAdoption" href="/akn/ontology/concept/un/dateOfAdoption" showAs="Date of adoption"></TLCConcept>
        <TLCConcept eId="symbol" href="/akn/ontology/reference/un/symbol" showAs="Symbol"></TLCConcept>
        <TLCRole eId="publisher" href="/akn/ontology/role/un/publisher" showAs="Publisher"></TLCRole>
        <TLCRole eId="issuingBody" href="/akn/role/concept/un/issuingBody" showAs="Issuing body"></TLCRole>
        <TLCRole eId="author" href="/akn/ontology/role/un/author" showAs="Author"></TLCRole>
        <TLCRole eId="editor" href="/akn/ontology/role/un/editor" showAs="Editor"></TLCRole>
        <TLCRole eId="distribution" href="/akn/ontology/concept/un/generalDistribution" showAs="General distribution"></TLCRole>
        <TLCOrganization eId="ga" href="/akn/ontology/organization/un/generalAssembly" showAs="General Assembly"></TLCOrganization>
        <TLCTerm eId="resolutionTitle" href="/akn/ontology/reference/un/resolutionTitle" showAs="Resolution title"></TLCTerm>
        <TLCTerm eId="fifthCommittee" href="#fifthCommittee" showAs="اللجنة الخامسة"></TLCTerm>
        <TLCTerm eId="memberState" href="/akn/ontology/organization/un/memberState" showAs="Member State"></TLCTerm>
        <TLCTerm eId="inFavour" href="/akn/ontology/concept/un/voting/inFavour" showAs="In favour"></TLCTerm>
        <TLCTerm eId="against" href="/akn/ontology/concept/un/voting/against" showAs="Against"></TLCTerm>
        <TLCTerm eId="abstaining" href="/akn/ontology/concept/un/voting/abstaining" showAs="Abstaining"></TLCTerm>
      </references>
      <presentation source="#un">
        <akn4un:footerFirstPage>
          <akn4un:footerFirstPageLeft>
            <akn4un:internalCode>
              <docketNumber refersTo="#publicationJobNumber">19-22722 (A)</docketNumber>
              <img alt="bar code" class="barCode" src=""></img>
            </akn4un:internalCode>
          </akn4un:footerFirstPageLeft>
          <akn4un:footerFirstPageRight>
            <img alt="Please recycle" class="image" src="./recylcleLogo.jpg"></img>
            <img alt="embedded QR code" class="qrCode" src=""></img>
          </akn4un:footerFirstPageRight>
        </akn4un:footerFirstPage>
      </presentation>
    </meta>
    <coverPage eId="coverPage_1">
      <p>
        <span refersTo="#publisher" class="upperLeft">
          <docAuthority refersTo="#publisher">الأمــم المتحـدة</docAuthority>
        </span>
      </p>
      <p class="upperRight">
        <docNumber refersTo="#symbol">A/RES/74/256</docNumber>
      </p>
      <p class="upperLeft">
        <img src="logo-un.jpg"></img>
        <docAuthority refersTo="#issuingBody" class="rightBig">الجمعية العامة</docAuthority>
      </p>
      <p>
        <docStatus refersTo="#generalDistribution" class="rightSmall">Distr.: General</docStatus>
      </p>
      <p>
        <docDate date="2020-01-09" class="rightSmall" refersTo="#dateOfIssuance">9 January 2020</docDate>
      </p>
      <p>
        <session refersTo="#generalAssembly" value="74" eId="coverPage_1__session_1">الدورة الرابعة والسبعون</session>
      </p>
      <p>
        <inline name="agenda item">البندان 133 و 144 من جدول الأعمال</inline>
      </p>
      <p>
        <inline name="agenda item name">استعراض كفاءة الأداء الإداري والمالي للأمم المتحدة</inline>
      </p>
      <p>
        <docTitle>قرار اتخذته الجمعية العامة في 27 كانون الأول/ديسمبر 2019</docTitle>
      </p>
      <p xml:space="preserve">
        <docProponent refersTo="#fifthCommittee">[بناء على تقرير اللجنة الخامسة (<inline name="originating document">A/74/604</inline>)]</docProponent>
      </p>
    </coverPage>
    <preface>
      <p>
        <docNumber>74/256.</docNumber>
        <docTitle refersTo="#resolutionTitle">- تقرير عن أنشطة مكتب خدمات الرقابة الداخلية</docTitle>
      </p>
    </preface>
    <preamble>
      <formula name="enactingFormula" eId="formula_1">
        <p xml:space="preserve">
          <span class="bold italic">إن الجمعية العامة</span>،</p>
      </formula>
    </preamble>
    <mainBody>
      <section>
      <paragraph eId="para_2" class="MercuryDocument">
        <num>أولا</num>
        <subheading>		 أنشطة مكتب خدمات الرقابة الداخلية</subheading>
      </paragraph>
      <crossHeading refersTo="#preamble" eId="preamble_3">
        <span class="bold italic">	إذ تشير</span> إلى قراراتها <a href="https://undocs.org/ar/A/RES/48/218">48/218</a> باء المؤرخ 29 تموز/يوليه 1994 و <a href="https://undocs.org/ar/A/RES/54/244">54/244</a> المؤرخ 23 كانون الأول/ديسمبر 1999 و <a href="https://undocs.org/ar/A/RES/59/272">59/272</a> المؤرخ 23 كانون الأول/ديسمبر 2004 و <a href="https://undocs.org/ar/A/RES/60/259">60/259</a> المؤرخ 8 أيار/مايو 2006 و <a href="https://undocs.org/ar/A/RES/63/265">63/265</a> المؤرخ 24 كانون الأول/ديسمبر 2008 و <a href="https://undocs.org/ar/A/RES/64/232">64/232</a> المؤرخ 22 كانون الأول/ديسمبر 2009 و <a href="https://undocs.org/ar/A/RES/64/263">64/263</a> المؤرخ 29 آذار/مارس 2010 و <a href="https://undocs.org/ar/A/RES/65/250">65/250</a> المؤرخ 24 كانون الأول/ديسمبر 2010 و <a href="https://undocs.org/ar/A/RES/66/236">66/236</a> المؤرخ 24 كانون الأول/ديسمبر 2011 و <a href="https://undocs.org/ar/A/RES/67/258">67/258</a> المؤرخ 12 نيسان/أبريل 2013 و <a href="https://undocs.org/ar/A/RES/68/21">68/21</a> المؤرخ 4 كانون الأول/ديسمبر 2013 و <a href="https://undocs.org/ar/A/RES/69/252">69/252</a> و <a href="https://undocs.org/ar/A/RES/69/253">69/253</a> المؤرخين 29 كانون الأول/ديسمبر 2014 و <a href="https://undocs.org/ar/A/RES/70/111">70/111</a> المؤرخ 14 كانون الأول/ ديسمبر 2015 و <a href="https://undocs.org/ar/A/RES/71/7">71/7</a> المؤرخ 27 تشرين الأول/أكتوبر 2016 و <a href="https://undocs.org/ar/A/RES/72/18">72/18</a> المؤرخ 1 كانون الأول/ ديسمبر 2017 و <a href="https://undocs.org/ar/A/RES/73/275">73/275</a> المؤرخ 22 كانون الأول/ديسمبر 2018،</crossHeading>
        <crossHeading refersTo="#preamble" eId="preamble_4">
            <span class="bold italic">	وقد نظرت</span> في تقرير مكتب خدمات الرقابة الداخلية عن أنشطته للفترة من 1 تموز/ يوليه 2018 إلى 30 حزيران/يونيه 2019<sup>(</sup><authorialNote marker="1" placement="bottom" eId="authorialNote_1"><p xml:space="preserve">	()	<a href="https://undocs.org/ar/A/74/305 (Part I)">A/74/305 (Part I)</a> و <a href="https://undocs.org/ar/A/74/305 (Part I)/Add.1">A/74/305 (Part I)/Add.1</a>.</p></authorialNote><sup>)</sup>،</crossHeading>
      <paragraph eId="para_5" class="MercuryDocument">
        <content eId="para_5__content">
          <p xml:space="preserve">	1 -<span class="bold italic">	تعيد تأكيد</span> دورها الرئيسي في النظر في التقارير المقدمة إليها وفي اتخاذ إجراءات بشأنها؛</p>
        </content>
      </paragraph>
      <paragraph eId="para_6" class="MercuryDocument">
        <content eId="para_6__content">
          <p xml:space="preserve">	2 -<span class="bold italic">	تعيد أيضا تأكيد</span> دورها الرقابي ودور اللجنة الخامسة في المسائل الإدارية والمسائل المتعلقة بالميزانية؛</p>
        </content>
      </paragraph>
      <paragraph eId="para_7" class="MercuryDocument">
        <content eId="para_7__content">
          <p xml:space="preserve">	3 -<span class="bold italic">	تعيد كذلك تأكيد</span> استقلالية آليات الرقابة الداخلية والخارجية وأدوارها المنفصلة والمتمايزة؛</p>
        </content>
      </paragraph>
      <paragraph eId="para_8" class="MercuryDocument">
        <content eId="para_8__content">
          <p xml:space="preserve">	4 -<span class="bold italic">	تسلم </span>بالأدوار الهامة والاستقلالية التشغيلية لهيئات الرقابة، بما فيها مكتب خدمات الرقابة الداخلية التابع للأمانة العامة، في الإسهام في تحسين الفعالية والشفافية والمساءلة في المنظمة؛</p>
        </content>
      </paragraph>
      <paragraph eId="para_9" class="MercuryDocument">
        <content eId="para_9__content">
          <p xml:space="preserve">	5 -<span class="bold italic">	تشير</span> إلى أن المكتب يؤدي مهام الرقابة الداخلية الموكلة إليه باستقلالية تشغيلية تحت سلطة الأمين العام، وفقاً للقرارات ذات الصلة؛</p>
        </content>
      </paragraph>
      <paragraph eId="para_10" class="MercuryDocument">
        <content eId="para_10__content">
          <p xml:space="preserve">	6 -	<span class="bold italic">تشدد</span> على أن استقلالية المكتب وموضوعيته تتسمان بأهمية حيوية في كفالة أداء وظائفه الرقابية الداخلية بمصداقية وواقعية ودون تحيز، وتعيد تأكيد صلاحية المكتب في اتخاذ أي إجراءات للوفاء بوظائفه الرقابية وفي تنفيذ تلك الإجراءات والإبلاغ بها؛</p>
        </content>
      </paragraph>
      <paragraph eId="para_11" class="MercuryDocument">
        <content eId="para_11__content">
          <p xml:space="preserve">	7 -<span class="bold italic">	تشجع</span> هيئات الرقابة الداخلية والخارجية في الأمم المتحدة على مواصلة الارتقاء بمستوى التعاون مع بعضها بعضا، بطرق منها عقد دورات مشتركة لتخطيط العمل، دون المساس باستقلالية أي منها؛</p>
        </content>
      </paragraph>
      <paragraph eId="para_12" class="MercuryDocument">
        <content eId="para_12__content">
          <p xml:space="preserve">	8 -	<span class="bold italic">تعيد التأكيد</span> على أن تستمر موافاة مجلس مراجعي الحسابات ووحدة التفتيش المشتركة بنسخ من جميع تقارير المكتب، وتطلب إتاحة تلك التقارير في غضون شهر واحد من الانتهاء منها؛</p>
        </content>
      </paragraph>
      <paragraph eId="para_13" class="MercuryDocument">
        <content eId="para_13__content">
          <p xml:space="preserve">	9 -	<span class="bold italic">تحيط علما </span>بتقرير مكتــب خدمات الرقابة الداخلية عن أنشطته للفترة من 1 تموز/ يوليه 2018 إلى 30 حزيران/يونيه 2019<sup>(1)</sup>؛</p>
        </content>
      </paragraph>
      <paragraph eId="para_14" class="MercuryDocument">
        <content eId="para_14__content">
          <p xml:space="preserve">	10 -<span class="bold italic">	تطلب</span> إلى الأمين العام أن يكفل استمرار تضمين التقارير السنوية للمكتب وصفا موجزا لأي إخلال باستقلاليته؛</p>
        </content>
      </paragraph>
      <paragraph eId="para_15" class="MercuryDocument">
        <content eId="para_15__content">
          <p xml:space="preserve">	11 -<span class="bold italic">	تطلب أيضا </span>إلى الأمين العام أن يكفل عرض جميع القرارات المتعلقة بأعمال المكتب على المديرين المعنيين؛</p>
        </content>
      </paragraph>
      <paragraph eId="para_16" class="MercuryDocument">
        <content eId="para_16__content">
          <p xml:space="preserve">	12 -<span class="bold italic">	تطلب كذلك</span> إلى الأمين العام أن يكفل عرض جميع القرارات ذات الصلة، بما فيها القرارات التي تتناول مسائل مشتركة، على المديرين المعنيين ومراعاة المكتب أيضا لتلك القرارات لدى اضطلاعه بأنشطته؛</p>
        </content>
      </paragraph>
      <paragraph eId="para_17" class="MercuryDocument">
        <content eId="para_17__content">
          <p xml:space="preserve">	13 -<span class="bold italic">	تطلب </span>إلى الأمين العام أن يواصل كفالة التنفيذ التام، على وجه السرعة وفي الوقت المقرر، لتوصيات المكتب التي تم قبولها، بما فيها التوصيات المتعلقة بآليات المساءلة، والوفورات في التكاليف، واسترداد المدفوعات الزائدة، والارتقاء بالكفاءة والفعالية على صعيد المنظمة وغير ذلك من التحسينات، وأن يقدم تبريرا مفصلا في الحالات التي لا تُقبل فيها توصيات المكتب؛</p>
        </content>
      </paragraph>
      <paragraph eId="para_18" class="MercuryDocument">
        <content eId="para_18__content">
          <p xml:space="preserve">	14 -<span class="bold italic">	تلاحظ بقلق</span> حالات التأخير في تنفيذ توصيات المكتب، وتطلب إلى الأمين العام أن ينفذ توصيات المكتب المتبقية والبالغة الأهمية في الوقت المحدد؛</p>
        </content>
      </paragraph>
      <paragraph eId="para_19" class="MercuryDocument">
        <content eId="para_19__content">
          <p xml:space="preserve">	15 -<span class="bold italic">	تدعو</span> إلى استمرار تركيز شعبة المراجعة الداخلية للحسابات على نهج قائم على تقييم المخاطر وعلى خطة عمل تركز على الفعالية والكفاءة والإدارة والرقابة وعلى التحقيق في الغش المحتمل؛</p>
        </content>
      </paragraph>
      <paragraph eId="para_20" class="MercuryDocument">
        <content eId="para_20__content">
          <p xml:space="preserve">	16 -	<span class="bold italic">ترحب</span> بالجهود المتواصلة التي يبذلها المكتب من أجل تعزيز نهج المنظمة المتمثل في عدم التسامح إطلاقا إزاء الغش، والفساد، والتحرش الجنسي والاستغلال والانتهاك الجنسيين، وبالإجراءات المتخذة في هذا الصدد، بما في ذلك إنشاء فريق متخصص للتحقيق في شكاوى التحرش الجنسي وتنفيذ إجراءات لمعالجة هذه الشكاوى، وترحب أيضا بالجهود المبذولة لتعزيز قدرة المكتب على إجراء التحقيقات في ضوء الحاجة إلى تحسين متوسط الوقت اللازم لإنجاز العدد المتزايد من التحقيقات في طائفة من حالات سوء السلوك، بما في ذلك حالات التحرش الجنسي؛</p>
        </content>
      </paragraph>
      <paragraph eId="para_21" class="MercuryDocument">
        <content eId="para_21__content">
          <p xml:space="preserve">	17 -	<span class="bold italic">تلاحظ</span> متوسط الوقت الذي يستغرقه إنجاز التحقيقات، وتشجع المكتب على مواصلة خفض متوسط الوقت الذي يستغرقه إنجاز التحقيقات والإبلاغ عن التدابير المتخذة في هذا الصدد في تقريره المقبل؛</p>
        </content>
      </paragraph>
      <paragraph eId="para_22" class="MercuryDocument">
        <content eId="para_22__content">
          <p xml:space="preserve">	18 -	<span class="bold italic">تشجع</span> المكتب على أن يواصل كفالة الرقابة، عن طريق مراجعة الحسابات وإجراء التحقيقات فيما يتعلق ببعثات الأمم المتحدة لحفظ السلام التي تكون في طور الإغلاق، وأن يبلغ عن ذلك في تقريره المقبل؛</p>
        </content>
      </paragraph>
      <paragraph eId="para_23" class="MercuryDocument">
        <content eId="para_23__content">
          <p xml:space="preserve">	19 -<span class="bold italic">	تقر</span> بالمستوى المرتفع للمخاطر الكامنة في أنشطة الشراء في الأمم المتحدة، وتطلب إلى الأمين العام أن يعهد إلى المكتب بمهمة تعزيز تركيزه على رصد هذه الأنشطة، بما في ذلك تقييم التنفيذ والممارسة القائمة داخل المنظمة فيما يتعلق بالقيود المفروضة على عمل موظفي المشتريات بعد انتهاء الخدمة والجزاءات المفروضة في حال انتهاكها، والإبلاغ عن ذلك بالاقتران مع تقرير الأمين العام ذي الصلة بشأن المشتريات؛</p>
        </content>
      </paragraph>
      <paragraph eId="para_24" class="MercuryDocument">
        <content eId="para_24__content">
          <p xml:space="preserve">	20 -<span class="bold italic">	ترحب</span> بالجهود التي بذلها المكتب وبما أحرزه من تقدم في تقليل عدد الوظائف الشاغرة، وتطلب إلى الأمين العام مواصلة بذل كل جهد ممكن لملء الشواغر المتبقية في المكتب وكفالة استبقاء الموظفين، لا سيما في شعبة التحقيقات، وفقا للمادة 101 من ميثاق الأمم المتحدة؛</p>
        </content>
      </paragraph>
      </section>
      <section>
      <paragraph eId="para_25" class="MercuryDocument">
          <num>		ثانيا</num>
      </paragraph>
      <paragraph eId="para_26" class="MercuryDocument">
        <subheading>		أنشطة اللجنة الاستشارية المستقلة للمراجعة</subheading>
      </paragraph>
      <crossHeading refersTo="#preamble" eId="preamble_27">
        <span class="bold italic">	إذ تشير</span> إلى قراريها <a href="https://undocs.org/ar/A/RES/61/275">61/275</a> المؤرخ 29 حزيران/يونيه 2007 و <a href="https://undocs.org/ar/A/RES/64/263">64/263</a>، وإلى الجزء الثاني من قرارها <a href="https://undocs.org/ar/A/RES/65/250">65/250</a> والجزء الثاني من قرارها <a href="https://undocs.org/ar/A/RES/66/236">66/236</a> والجزء الثاني من قرارها <a href="https://undocs.org/ar/A/RES/67/258">67/258</a> والجزء الثاني من قرارها <a href="https://undocs.org/ar/A/RES/68/21">68/21</a> والجزء الثاني من قرارها <a href="https://undocs.org/ar/A/RES/69/252">69/252</a> والجزء الثاني من قرارها <a href="https://undocs.org/ar/A/RES/70/111">70/111</a> والجزء الثاني من قرارها <a href="https://undocs.org/ar/A/RES/71/7">71/7</a> والجزء الثاني من قرارها <a href="https://undocs.org/ar/A/RES/72/18">72/18</a> والجزء الثاني من قرارها <a href="https://undocs.org/ar/A/RES/73/275">73/275</a>،</crossHeading>
        <crossHeading refersTo="#preamble" eId="preamble_28">
            <span class="bold italic">	وقد نظرت</span> في تقرير اللجنة الاستشارية المستقلة للمراجعة عن أنشطتها في الفترة من 1 آب/ أغسطس 2018 إلى 31 تموز/يوليه 2019<sup>(</sup><authorialNote marker="2" placement="bottom" eId="authorialNote_2"><p xml:space="preserve">	()	<a href="https://undocs.org/ar/A/74/280">A/74/280</a>.</p></authorialNote><sup>)</sup>،</crossHeading>
      <paragraph eId="para_29" class="MercuryDocument">
        <content eId="para_29__content">
          <p xml:space="preserve">	1 -<span class="bold italic">	تلاحظ مع التقدير</span> أعمال اللجنة الاستشارية المستقلة للمراجعة؛</p>
        </content>
      </paragraph>
      <paragraph eId="para_30" class="MercuryDocument">
        <content eId="para_30__content">
          <p xml:space="preserve">	2 -<span class="bold italic">	تعيد تأكيد</span> اختصاصات اللجنة على النحو الوارد في مرفق قرارها <a href="https://undocs.org/ar/A/RES/61/275">61/275</a>؛</p>
        </content>
      </paragraph>
      <paragraph eId="para_31" class="MercuryDocument">
        <content eId="para_31__content">
          <p xml:space="preserve">	3 -	<span class="bold italic">تؤيد</span> الملاحظات والتعليقات والتوصيات الواردة في تقرير اللجنة<sup>(2)</sup>؛</p>
        </content>
      </paragraph>
      <paragraph eId="para_32" class="MercuryDocument">
        <content eId="para_32__content">
          <p xml:space="preserve">	4 -<span class="bold italic">	تدعو</span> اللجنة إلى أن تواصل النظر في الاستقلالية التشغيلية للمكتب، بما يشمل ما يتصل بالمسائل المتعلقة بالميزانية؛</p>
        </content>
      </paragraph>
      <paragraph eId="para_33" class="SingleTxt">
        <content eId="para_33__content">
          <p xml:space="preserve">	5 -<span class="bold italic">	تشجع</span> اللجنة على مواصلة مشاوراتها مع جميع الهيئات المعنية في الأمم المتحدة، بشأن أمور منها تنفيذ توصياتها، حسب الاقتضاء.</p>
        </content>
      </paragraph>
      </section>
    </mainBody>
    <conclusions eId="conclusions">
      <p>
        <inline name="adoptionMeeting" title="52">الجلسة العامة (المستأنفة) 52</inline>
        <eol />
        <docDate date="2019-12-27" refersTo="#adoptionDate">27 كانون الأول/ديسمبر 2019</docDate>
      </p>
    </conclusions>
  </statement>
</akomaNtoso>