<akomaNtoso xmlns:xsi="http://www.w3.org/2001/XMLSchema-instance" xsi:schemaLocation="http://docs.oasis-open.org/legaldocml/ns/akn/3.0 http://docs.oasis-open.org/legaldocml/akn-core/v1.0/os/part2-specs/schemas/akomantoso30.xsd" xmlns="http://docs.oasis-open.org/legaldocml/ns/akn/3.0" xmlns:html="http://www.w3.org/1999/xhtml" xmlns:akn4un="http://un.org/akn4un">
  <statement name="resolution">
    <meta>
      <identification source="#DGACM">
        <FRBRWork>
          <FRBRthis value="/akn/un/statement/deliberation/unga/2019-12-19/74-211/!main/"></FRBRthis>
          <FRBRuri value="/akn/un/statement/deliberation/unga/2019-12-19/74-211/"></FRBRuri>
          <FRBRdate date="2019-12-19" name="adoption"></FRBRdate>
          <FRBRauthor href="ga" as="author"></FRBRauthor>
          <FRBRcountry value="un"></FRBRcountry>
        </FRBRWork>
        <FRBRExpression>
          <FRBRthis value="/akn/un/statement/deliberation/unga/2019-12-19/74-211/ara@!main/"></FRBRthis>
          <FRBRuri value="/akn/un/statement/deliberation/unga/2019-12-19/74-211/ara@/"></FRBRuri>
          <FRBRdate date="2020-01-15" name="publication"></FRBRdate>
          <FRBRauthor href="ga" as="issuer"></FRBRauthor>
          <FRBRlanguage language="ara"></FRBRlanguage>
        </FRBRExpression>
        <FRBRManifestation>
          <FRBRthis value="/akn/un/statement/deliberation/unga/2019-12-19/74-211/ara@/!main.xml"></FRBRthis>
          <FRBRuri value="/akn/un/statement/deliberation/unga/2019-12-19/74-211/ara@.xml"></FRBRuri>
          <FRBRdate date="2020-09-02" name="markup"></FRBRdate>
          <FRBRauthor href="DGACM" as="editor"></FRBRauthor>
        </FRBRManifestation>
      </identification>
      <classification source="http://metadata.un.org/sdg">
        <keyword value="17" href="http://metadata.un.org/sdg/17" showAs="sdg_17" dictionary="SDGO"></keyword>
        <keyword value="sustainable_development" href="http://eurovoc.europa.eu/5585" showAs="sustainable_development" dictionary="EuroVoc"></keyword>
        <keyword value="partnership" href="http://eurovoc.europa.eu/4199" showAs="partnership" dictionary="EuroVoc"></keyword>
        <keyword value="sustainable_development" href="http://metadata.un.org/thesaurus/1006319" showAs="sustainable_development" dictionary="UNBIS Thesaurus"></keyword>
        <keyword value="partnership" href="http://metadata.un.org/thesaurus/1004748" showAs="partnership" dictionary="UNBIS Thesaurus"></keyword>
      </classification>
      <classification source="http://metadata.un.org/sdg">
        <keyword value="16" href="http://metadata.un.org/sdg/16" showAs="sdg_16" dictionary="SDGO"></keyword>
        <keyword value="right_to_justice" href="http://eurovoc.europa.eu/516" showAs="right_to_justice" dictionary="EuroVoc"></keyword>
        <keyword value="sustainable_development" href="http://eurovoc.europa.eu/5585" showAs="sustainable_development" dictionary="EuroVoc"></keyword>
        <keyword value="civil_society" href="http://metadata.un.org/thesaurus/1001012" showAs="civil_society" dictionary="UNBIS Thesaurus"></keyword>
        <keyword value="justice" href="http://metadata.un.org/thesaurus/1003500" showAs="justice" dictionary="UNBIS Thesaurus"></keyword>
        <keyword value="peaceful_coexistence" href="http://metadata.un.org/thesaurus/1004777" showAs="peaceful_coexistence" dictionary="UNBIS Thesaurus"></keyword>
        <keyword value="public_institutions" href="http://metadata.un.org/thesaurus/1005254" showAs="public_institutions" dictionary="UNBIS Thesaurus"></keyword>
        <keyword value="social_justice" href="http://metadata.un.org/thesaurus/1005970" showAs="social_justice" dictionary="UNBIS Thesaurus"></keyword>
        <keyword value="sustainable_development" href="http://metadata.un.org/thesaurus/1006319" showAs="sustainable_development" dictionary="UNBIS Thesaurus"></keyword>
      </classification>
      <classification source="http://metadata.un.org/sdg">
        <keyword value="15" href="http://metadata.un.org/sdg/15" showAs="sdg_15" dictionary="SDGO"></keyword>
        <keyword value="deforestation" href="http://eurovoc.europa.eu/339" showAs="deforestation" dictionary="EuroVoc"></keyword>
        <keyword value="desertification" href="http://eurovoc.europa.eu/416" showAs="desertification" dictionary="EuroVoc"></keyword>
        <keyword value="biodiversity" href="http://eurovoc.europa.eu/5463" showAs="biodiversity" dictionary="EuroVoc"></keyword>
        <keyword value="land,_plant_and_soil_resources" href="http://metadata.un.org/thesaurus/030600" showAs="land,_plant_and_soil_resources" dictionary="UNBIS Thesaurus"></keyword>
        <keyword value="deforestation" href="http://metadata.un.org/thesaurus/1001550" showAs="deforestation" dictionary="UNBIS Thesaurus"></keyword>
      </classification>
      <classification source="http://metadata.un.org/sdg">
        <keyword value="1" href="http://metadata.un.org/sdg/1" showAs="sdg_1" dictionary="SDGO"></keyword>
        <keyword value="poverty" href="http://eurovoc.europa.eu/2281" showAs="poverty" dictionary="EuroVoc"></keyword>
        <keyword value="poverty" href="http://metadata.un.org/thesaurus/1005064" showAs="poverty" dictionary="UNBIS Thesaurus"></keyword>
        <keyword value="poverty_mitigation" href="http://metadata.un.org/thesaurus/1005065" showAs="poverty_mitigation" dictionary="UNBIS Thesaurus"></keyword>
      </classification>
      <workflow source="#un">
        <step date="2019-11-20" outcome="draftResolution" as="A/C.2/74/L.33/Rev.1" by="Afghanistan, Belize, Costa Rica, Dominican Republic, El Salvador, Eswatini, Georgia, Guatemala, Haiti, Honduras, Indonesia, Mauritius, Nicaragua, Panama and Turkmenistan" />
        <step date="0001-01-01" outcome="draftResolutionAdditionalSponsors" by="Argentina, Barbados, Bolivia (Plurinational State of), Bosnia and Herzegovina, Brazil, Canada, Chile, Colombia, Comoros, Ecuador, Ireland, Israel, Maldives, Mexico, Morocco, Namibia, Norway, Paraguay, Peru, Republic of Moldova, Singapore, Sri Lanka, Suriname, Uruguay, Uzbekistan" />
        <step date="0001-01-01" outcome="recommendedForAdoption" as="A/74/381" by="" refersTo="57" />
        <step date="2019-12-19" outcome="adopted" as="A/74/PV.52" by="" />
      </workflow>
      <analysis source="#un">
        <parliamentary>
          <voting outcome="adoptedWithoutVote">
            <quorum value=""></quorum>
          </voting>
        </parliamentary>
      </analysis>
      <references source="#DGACM">
        <TLCOrganization eId="source" href="/akn/ontology/organization/un/DGACM" showAs="DGACM"></TLCOrganization>
        <TLCConcept eId="dateOfIssuance" href="/akn/ontology/concept/un/dateOfIssuance" showAs="Date of issuance"></TLCConcept>
        <TLCConcept eId="dateOfAdoption" href="/akn/ontology/concept/un/dateOfAdoption" showAs="Date of adoption"></TLCConcept>
        <TLCConcept eId="symbol" href="/akn/ontology/reference/un/symbol" showAs="Symbol"></TLCConcept>
        <TLCRole eId="publisher" href="/akn/ontology/role/un/publisher" showAs="Publisher"></TLCRole>
        <TLCRole eId="issuingBody" href="/akn/role/concept/un/issuingBody" showAs="Issuing body"></TLCRole>
        <TLCRole eId="author" href="/akn/ontology/role/un/author" showAs="Author"></TLCRole>
        <TLCRole eId="editor" href="/akn/ontology/role/un/editor" showAs="Editor"></TLCRole>
        <TLCRole eId="distribution" href="/akn/ontology/concept/un/generalDistribution" showAs="General distribution"></TLCRole>
        <TLCOrganization eId="ga" href="/akn/ontology/organization/un/generalAssembly" showAs="General Assembly"></TLCOrganization>
        <TLCTerm eId="resolutionTitle" href="/akn/ontology/reference/un/resolutionTitle" showAs="Resolution title"></TLCTerm>
        <TLCTerm eId="secondCommittee" href="#secondCommittee" showAs="اللجنة الثانية"></TLCTerm>
        <TLCTerm eId="memberState" href="/akn/ontology/organization/un/memberState" showAs="Member State"></TLCTerm>
        <TLCTerm eId="inFavour" href="/akn/ontology/concept/un/voting/inFavour" showAs="In favour"></TLCTerm>
        <TLCTerm eId="against" href="/akn/ontology/concept/un/voting/against" showAs="Against"></TLCTerm>
        <TLCTerm eId="abstaining" href="/akn/ontology/concept/un/voting/abstaining" showAs="Abstaining"></TLCTerm>
      </references>
      <presentation source="#un">
        <akn4un:footerFirstPage>
          <akn4un:footerFirstPageLeft>
            <akn4un:internalCode>
              <docketNumber refersTo="#publicationJobNumber">19-22424 (A)</docketNumber>
              <img alt="bar code" class="barCode" src=""></img>
            </akn4un:internalCode>
          </akn4un:footerFirstPageLeft>
          <akn4un:footerFirstPageRight>
            <img alt="Please recycle" class="image" src="./recylcleLogo.jpg"></img>
            <img alt="embedded QR code" class="qrCode" src=""></img>
          </akn4un:footerFirstPageRight>
        </akn4un:footerFirstPage>
      </presentation>
    </meta>
    <coverPage eId="coverPage_1">
      <p>
        <span refersTo="#publisher" class="upperLeft">
          <docAuthority refersTo="#publisher">الأمــم المتحـدة</docAuthority>
        </span>
      </p>
      <p class="upperRight">
        <docNumber refersTo="#symbol">A/RES/74/211</docNumber>
      </p>
      <p class="upperLeft">
        <img src="logo-un.jpg"></img>
        <docAuthority refersTo="#issuingBody" class="rightBig">الجمعية العامة</docAuthority>
      </p>
      <p>
        <docStatus refersTo="#generalDistribution" class="rightSmall">Distr.: General</docStatus>
      </p>
      <p>
        <docDate date="2020-01-15" class="rightSmall" refersTo="#dateOfIssuance">15 January 2020</docDate>
      </p>
      <p>
        <session refersTo="#generalAssembly" value="74" eId="coverPage_1__session_1">الدورة الرابعة والسبعون</session>
      </p>
      <p>
        <inline name="agenda item">البند 19 من جدول الأعمال</inline>
      </p>
      <p>
        <inline name="agenda item name">التنمية المستدامة</inline>
      </p>
      <p>
        <docTitle>قرار اتخذته الجمعية العامة في 19 كانون الأول/ديسمبر 2019</docTitle>
      </p>
      <p xml:space="preserve">
        <docProponent refersTo="#secondCommittee">[بناء على تقرير اللجنة الثانية (<inline name="originating document">A/74/381</inline>)]</docProponent>
      </p>
    </coverPage>
    <preface>
      <p>
        <docNumber>74/211.</docNumber>
        <docTitle refersTo="#resolutionTitle">-	السياحة المستدامة والتنمية المستدامة في أمريكا الوسطى</docTitle>
      </p>
    </preface>
    <preamble>
      <formula name="enactingFormula" eId="formula_1">
        <p xml:space="preserve">
          <span class="bold italic">إن الجمعية العامة</span>،</p>
      </formula>
      <container name="إذ تشير" eId="container_2">
        <p xml:space="preserve">
          <span class="bold italic">	إذ تشير</span> إلى قراراتها <a href="https://undocs.org/ar/A/RES/68/207">68/207</a> المؤرخ 20 كانون الأول/ديسمبر 2013 و <a href="https://undocs.org/ar/A/RES/70/196">70/196</a> المؤرخ 22 كانون الأول/ديسمبر 2015 و <a href="https://undocs.org/ar/A/RES/72/214">72/214</a> المؤرخ 20 كانون الأول/ديسمبر 2017، وإلى سائر الإعلانات والمؤتمرات ذات الصلة بالموضوع،</p>
      </container>
      <container name="وإذ تؤكد من جديد" eId="container_3">
        <p xml:space="preserve">
          <span class="bold italic">	وإذ تؤكد من جديد</span> قرارها <a href="https://undocs.org/ar/A/RES/70/1">70/1</a> المؤرخ 25 أيلول/سبتمبر 2015، المعنون ”تحويل عالمنا: خطة التنمية المستدامة لعام 2030“، الذي اعتمدت فيه مجموعة من الأهداف والغايات العالمية الشاملة والبعيدة المدى المتعلقة بالتنمية المستدامة، التي تركز على الناس وتفضي إلى التحول، وإذ تؤكد من جديد التزامها بالعمل دون كلل من أجل تنفيذ هذه الخطة بالكامل بحلول عام 2030، وإدراكها أن القضاء على الفقر بجميع صوره وأبعاده، بما في ذلك الفقر المدقع، هو أكبر تحد يواجهه العالم وشرط لا غنى عنه لتحقيق التنمية المستدامة، والتزامها بتحقيق التنمية المستدامة بأبعادها الثلاثة - الاقتصادي والاجتماعي والبيئي - على نحو متوازن ومتكامل، وبالاستناد إلى الإنجازات التي تحققت في إطار الأهداف الإنمائية للألفية والسعي إلى إنجاز ما لم يُنفّذ من أعمال في إطار تلك الأهداف،</p>
      </container>
      <container name="وإذ تؤكد من جديد أيضا" eId="container_4">
        <p xml:space="preserve">
          <span class="bold italic">	وإذ تؤكد من جديد أيضا</span> قرارها <a href="https://undocs.org/ar/A/RES/69/313">69/313</a> المؤرخ 27 تموز/يوليه 2015 بشأن خطة عمل أديس أبابا الصادرة عن المؤتمر الدولي الثالث لتمويل التنمية، التي تشكل جزءا لا يتجزأ من خطة التنمية المستدامة لعام 2030، وتدعمُها وتكملُها وتساعد على توضيح سياق غاياتها المتصلة بوسائل التنفيذ من خلال سياسات وإجراءات عملية، وتعيد تأكيد الالتزام السياسي القوي بالتصدي لتحدي التمويل وتهيئة بيئة مؤاتية على جميع المستويات لتحقيق التنمية المستدامة، بروحٍ من الشراكة والتضامن على الصعيد العالمي،</p>
      </container>
      <container name="وإذ تؤكد من جديد كذلك" eId="container_5">
        <p xml:space="preserve">
          <span class="italic">وإذ تؤكد من جديد كذلك</span> اتفاق باريس<sup>(</sup><authorialNote marker="1" placement="bottom" eId="authorialNote_1"><p xml:space="preserve">	()	اعتُمد في إطار اتفاقية الأمم المتحدة الإطارية بشأن تغيّر المناخ في الوثيقة <a href="https://undocs.org/ar/FCCC/CP/2015/10/Add.1">FCCC/CP/2015/10/Add.1</a>، المقرر 1/م أ-21.</p></authorialNote><sup>)</sup> وببدء نفاذه في وقت مبكر، وإذ تشجع جميع الأطراف فيه على تنفيذه تنفيذا تاما، والأطرافَ في اتفاقية الأمم المتحدة الإطارية بشأن تغيّر المناخ<sup>(</sup><authorialNote marker="2" placement="bottom" eId="authorialNote_2"><p xml:space="preserve">	()	United Nations, <span class="italic">Treaty Series</span>, vol. 1771, No. 30822.</p></authorialNote><sup>)</sup> التي لم تودع بعد صكوك تصديقها عليها أو قبولها أو الموافقة عليها أو الانضمام إليها، حسب الاقتضاء، على أن تفعل ذلك في أقرب وقت ممكن،</p>
      </container>
      <container name="وإذ تشير" eId="container_6">
        <p xml:space="preserve">
          <span class="bold italic">وإذ تشير</span> إلى إطار سِنداي للحد من مخاطر الكوارث للفترة 2015-2030<sup>(</sup><authorialNote marker="3" placement="bottom" eId="authorialNote_3"><p xml:space="preserve">	()	القرار <a href="https://undocs.org/ar/A/RES/69/283">69/283</a>، المرفق الثاني.</p></authorialNote><sup>)</sup>، الذي أقرت فيه الدول الأعضاء بالحاجة إلى تعزيز ودمج نُهج إدارة مخاطر الكوارث في جميع عناصر قطاع السياحة بالنظر إلى شدة الاعتماد على السياحة في كثير من الأحيان كمحرك اقتصادي رئيسي،</p>
      </container>
      <container name="وإذ تلاحظ مع القلق" eId="container_7">
        <p xml:space="preserve">
          <span class="bold italic">وإذ تلاحظ مع القلق</span> أن أمريكا الوسطى، بسبب موقعها الجغرافي وخصائصها الجيولوجية والمائية المناخية، هي منطقة هشة ومعرضة للحوادث الطبيعية السلبية التي تسببت في خسائر بشرية واقتصادية جمة، تشمل ما يترتب على ذلك من آثار على نصيب الفرد من الناتج المحلي الإجمالي، والدخل، وجهود الحد من الفقر،</p>
      </container>
      <container name="وإذ تعترف" eId="container_8">
        <p xml:space="preserve">
          <span class="bold italic">وإذ تعترف</span> بأن أمريكا الوسطى منطقة تزخر بموارد طبيعية جمة وأن ثراء تنوعها البيولوجي يوفر فوائد قيّمة لسكانها ولاقتصادات البلدان، وإذ تلاحظ أن السياحة المستدامة يمكن أن تسهم إسهاما مباشرا في حفظ النظم الإيكولوجية عبر تنفيذ مجموعة متنوعة من الأنشطة ونشر الوعي بأهمية التنوع البيولوجي، وأن بلدان أمريكا الوسطة تعمل، في هذا الصدد، على تحسين أطرها واستراتيجياتها وخطط عملها المؤسسية والسياساتية،</p>
      </container>
      <container name="وإذ تلاحظ" eId="container_9">
        <p xml:space="preserve">
          <span class="bold italic">وإذ تلاحظ</span> الدور الذي تضطلع به المنظمة العالمية للسياحة بوصفها عضوا في الفريق الاستشاري غير الرسمي المعني بتعميم مراعاة التنوع البيولوجي والمكلف بدعم الأمينة التنفيذية لاتفاقية التنوع البيولوجي ومكتب مؤتمر الأطراف فيها في وضع مخطط متسق لاتباع نهج طويل الأمد بشأن تعميم مراعاة التنوع البيولوجي، يشمل سبل دمج هذا التعميم على النحو الملائم في إطار عالمي للتنوع البيولوجي لما بعد عام 2020، وإذ تتطلع إلى انعقاد قمة التنوع البيولوجي في عام 2020، وتتطلع أيضا إلى الاجتماع الخامس عشر لمؤتمر الأطراف في اتفاقية التنوع البيولوجي الذي يزمع عقده في كونمينغ، الصين، في عام 2020، ويتوقع أن يعتمد إطارا عالميا للتنوع البيولوجي لما بعد عام 2020،</p>
      </container>
      <container name="وإذ تشير " eId="container_10">
        <p xml:space="preserve">
          <span class="bold italic">وإذ تشير </span>إلى قرارها <a href="https://undocs.org/ar/A/RES/70/193">70/193</a> المؤرخ 22 كانون الأول/ديسمبر 2015، المعنون ”السنة الدولية لتسخير السياحة المستدامة لأغراض التنمية لعام 2017“، وإذ تلاحظ الجهود والمبادراتِ المضطلع بها من أجل الاحتفال بالسنة الدولية بغية التوعية بما للسياحة من مساهمة هامة في التنمية المستدامة مع تعزيز تبادل الممارسات الجيدة والمعارف والخبرات وتكثيف التعاون عبر الحدود من خلال إقامة المشاريع المشتركة بهدف زيادة أوجه التآزر في مجال السياحة، بما في ذلك تبادل البيانات والإحصاءات المتعلقة بها، حسب الاقتضاء،</p>
      </container>
      <container name="وإذ تسلّم" eId="container_11">
          <p xml:space="preserve">
            <span class="bold italic">	وإذ تسلّم</span> بما للسياحة المستدامة من دور هام وشامل لقطاعات متعددة، بوصفها مساهمةً إيجابية في الأبعاد الثلاثة للتنمية المستدامة وفي تحقيق أهداف التنمية المستدامة، بما في ذلك القضاء على الفقر، مع التركيز على السياحة البيئية والسياحة الريفية والسياحة المجتمعية والمشاريع المتوسطة والصغيرة والبالغة الصغر، وخلق فرص التبادل التجاري، وحماية البيئة، وتحسين نوعية الحياة، والنهوض بالمساواة بين الجنسين، وتمكين النساء والفتيات، ولا سيما في البلدان النامية،</p>
      </container>
        <container name="وإذ تسلم أيضا" eId="container_12">
          <p xml:space="preserve">
            <span class="bold italic">وإذ تسلم أيضا</span> بأهمية تشجيع تنمية المنتجات السياحية للشعوب الأصلية والمجتمعات المحلية من أجل دعم تنميتها الاقتصادية ومشاركتها في التجارة مع حماية البيئات الطبيعية والتقاليد الثقافية في الوقت نفسه،</p>
        </container>
      <container name="وإذ تشدد" eId="container_13">
        <p xml:space="preserve">
          <span class="bold italic">وإذ تشدد</span> على الحاجة إلى السياحة المسؤولة وأثرها الاجتماعي - الاقتصادي المفيد على المجتمعات المحلية، وتمكين المرأة اقتصاديا من خلال السياحة، والسياحة العادلة، وحماية النساء والأطفال والأشخاص الذين يعيشون في أوضاع هشة من جميع أشكال الاستغلال في قطاع السياحة، ومنع الاتجار بالأشخاص وبالمصنوعات اليدوية ذات القيمة الثقافية، واحترام التراث الثقافي غير المادي والمواقع الثقافية والطبيعية، وحماية السياح كمستهلكين، وتوفير معلومات غير متحيزة للسياح،</p>
      </container>
      <container name="وإذ تلاحظ" eId="container_14">
        <p xml:space="preserve">
          <span class="bold italic">وإذ تلاحظ</span> في هذا الصدد الدور الذي تقوم به منظومة التكامل لأمريكا الوسطى<sup>(</sup><authorialNote marker="4" placement="bottom" eId="authorialNote_4"><p xml:space="preserve">	()	تتألف عضوية منظومة التكامل بين دول أمريكا الوسطى من بليز، وبنما، والجمهورية الدومينيكية، والسلفادور، وغواتيمالا، وكوستاريكا، ونيكاراغوا، وهندوراس.</p></authorialNote><sup>)</sup>، عن طريق الأمانة العامة للتكامل السياحي في أمريكا الوسطى، في تعزيز السياحة المستدامة في المنطقة،</p>
      </container>
      <container name="وإذ تشيد" eId="container_15">
          <p xml:space="preserve">
            <span class="bold italic">وإذ تشيد</span> بالجهود الجارية التي تبذلها حكومات بلدان أمريكا الوسطى، بالتنسيق مع لجنة أمريكا الوسطى للبيئة والتنمية وبالتعاون مع منظمة السياحة العالمية، من أجل تنفيذ البرامج القائمة التي تهدف إلى الترويج للسياحة المستدامة وتعزيزها في جميع أنحاء المنطقة وما يستجد من برامج على شاكلتها،</p>
      </container>
      <container name="وإذ تلاحظ" eId="container_16">
        <p xml:space="preserve">
          <span class="bold italic">وإذ تلاحظ</span> المبادراتِ المشتركة الحالية التي تُصمم وتُنفّذ لتحفيز تكامل السياحة الإقليمية وتعزيز تنمية مجتمعات الشعوب الأصلية والمجتمعات المحلية، مثل العلامة التجارية الإقليمية لعالم المايا،</p>
      </container>
      <container name="وإذ تشير" eId="container_17">
        <p xml:space="preserve">
          <span class="bold italic">	وإذ تشير</span> إلى نتائج المنتدى المعني بالسياحة والاستدامة وتغير المناخ في أمريكا الوسطى، الذي عقد في الفترة من 11 إلى 13 نيسان/أبريل 2013 في لا سيبا، هندوراس، وإعلان المنتدى الخامس عشر المعني بتنمية السياحة وتنسيق الجهود الرامية إلى النهوض بالسياحة في أمريكا الوسطى والجمهورية الدومينيكية، الذي عقد في مدينة غواتيمالا في 27 آب/أغسطس 2014، والنتائج المعتمدة في الاجتماع 112 لمجلس أمريكا الوسطى للسياحة الذي عقد في سان سلفادور في 23 أيلول/سبتمبر 2019،</p>
      </container>
      <container name="وإذ تشير " eId="container_18">
        <p xml:space="preserve">
          <span class="bold italic">	وإذ تشير </span>إلى الدورة الثالثة والعشرين للجمعية العامة لمنظمة السياحة العالمية، المعقودة في سانت بطرسبرغ بالاتحاد الروسي في الفترة من 9 إلى 13 أيلول/سبتمبر 2019،</p>
      </container>
      <container name="وإذ تسلم " eId="container_19">
          <p xml:space="preserve">
            <span class="bold italic">	وإذ تسلم</span> بأهمية الأعمال الجارية من أجل الإسراع بالتحول نحو الاستهلاك والإنتاج المستدامين<sup>(</sup><authorialNote marker="5" placement="bottom" eId="authorialNote_5"><p xml:space="preserve">	()	انسجاما مع قرار جمعية الأمم المتحدة للبيئة 4/1 (UNEP/EA.4/Res.1).</p></authorialNote><sup>)</sup> في قطاع السياحة، مع الإسهام في التنمية المستدامة وتعزيز قدرة المجتمعات على التكيف، </p>
      </container>
      <container name="وإذ تحيط علما" eId="container_20">
        <p xml:space="preserve">
          <span class="bold italic">وإذ تحيط علما</span> بالعدد الصادر في كانون الثاني/يناير 2019 من تقرير بارومتر السياحة العالمية (<span class="italic">World Tourism Barometer</span>) لمنظمة السياحة العالمية، الذي يفيد بأن قطاع السياحة أصبح أهم قطاعات النشاط الاقتصادي في العديد من بلدان المنطقة، حيث أنه خلق فرص عمل تشتد الحاجة إليها وحقق مستويات عالية من الدخل وإيرادات القطع الأجنبي،</p>
      </container>
    </preamble>
    <mainBody>
      <paragraph eId="para_21" class="SingleTxt">
        <content eId="para_21__content">
          <p xml:space="preserve">	1 -	<span class="bold italic">تحيط علما</span> بتقرير الأمين العام<sup>(</sup><authorialNote marker="6" placement="bottom" eId="authorialNote_6"><p xml:space="preserve">	()	<a href="https://undocs.org/ar/A/74/208">A/74/208</a>. </p></authorialNote><sup>)</sup>؛</p>
        </content>
      </paragraph>
      <paragraph eId="para_22" class="SingleTxt">
        <content eId="para_22__content">
          <p xml:space="preserve">
            <span class="italic">	2 -</span>
            <span class="bold italic">	تسلّم</span> بما للسياحة المستدامة من دور رئيسي في تنمية بلدان أمريكا الوسطى، باعتبارها أداة للإدماج الاجتماعي تولّد الوظائف اللائقة وتساهم في تحسين نوعية حياة السكان وتهدف إلى القضاء على الفقر بجميع صوره وأبعاده؛</p>
        </content>
      </paragraph>
      <paragraph eId="para_23" class="SingleTxt">
        <content eId="para_23__content">
          <p xml:space="preserve">	3 -	<span class="bold italic">تسلم أيضا</span> بأن بلدان أمريكا الوسطى، منذ اتخاذ القرار <a href="https://undocs.org/ar/A/RES/72/214">72/214</a> في عام 2017، كثفت <span class="bold">الجهود الرامية إلى تشجيع السياحة المستدامة والتنمية المستدامة، فضلا عن تعزيز الشمول والتنسيق بين جميع أصحاب المصلحة، وبأنها أبرزت أيضا الدور الرئيسي الذي تؤديه السياحة المستدامة في تحقيق أهداف التنمية المستدامة وغاياتها</span><sup>(</sup><authorialNote marker="7" placement="bottom" eId="authorialNote_7"><p xml:space="preserve">	()	انظر القرار <a href="https://undocs.org/ar/A/RES/70/1">70/1</a>.</p></authorialNote><sup>)</sup><span class="bold">؛</span></p>
        </content>
      </paragraph>
      <paragraph eId="para_24" class="SingleTxt">
        <content eId="para_24__content">
          <p xml:space="preserve">	4 -	<span class="bold italic">تشير </span>إلى اعتماد مبادئ السياحة المستدامة التي صاغتها الأمانة العامة للتكامل السياحي في أمريكا الوسطى وأُدرجت في خطتها الاستراتيجية للتنمية المستدامة للفترة 2014-2018، التي تجسّد رؤية المنطقة لنفسها كوجهة متكاملة ومستدامة متعددة المقاصد وعابرة للحدود وذات جودة عالية وتشدّد على خطة عملها المتعلقة بالسياحة وتغير المناخ باعتبارها عنصرا من عناصر الاستراتيجية الإقليمية المتعلقة بتغير المناخ؛</p>
        </content>
      </paragraph>
      <paragraph eId="para_25" class="SingleTxt">
        <content eId="para_25__content">
          <p xml:space="preserve">	5 -	<span class="bold italic">تقر </span>بأن قطاع السياحة يشكل عاملا محفزا لتحقيق التنمية المستدامة بأبعادها الثلاثة في أمريكا الوسطى، بما في ذلك التصدي للمسائل البيئية، ولا سيما تغير المناخ، والقضاء على الفقر وتحقيق التنمية الاقتصادية، مما يبرز أهمية تعزيز وضع السياسات الملائمة وتوفير الدعم المالي ضمن الإطار الأوسع لسياسات التنمية المستدامة؛</p>
        </content>
      </paragraph>
      <paragraph eId="para_26" class="SingleTxt">
        <content eId="para_26__content">
          <p xml:space="preserve">	6 -	<span class="bold italic">تشجع</span> منظمات السياحة الإقليمية والوطنية على تعزيز نماذج الوجهة المقصودة التي تسعى إلى تحقيق أكبر قدر ممكن من الفوائد المباشرة للاقتصادات المحلية والوطنية، بغية المساهمة في تحسين نوعية حياة المجتمعات المحلية والحد من الفقر في أوساطها، مع مراعاة التكامل بين سياسات تحقيق الاستدامة في قطاع السياحة، وتدعو جميع الجهات صاحبة المصلحة إلى استجلاء آثار السياحة على الأبعاد الثلاثة للتنمية المستدامة وتقييمها والتخفيف من وطأتها؛</p>
        </content>
      </paragraph>
      <paragraph eId="para_27" class="SingleTxt">
        <content eId="para_27__content">
          <p xml:space="preserve">	7 -	<span class="bold italic">تسلّم</span> بالدور القيِّم للتعاون الدولي مع الشركاء المعنيين وتشجعهم على مواصلة تقديم الدعم لتنفيذ مشاريع متعددة تهدف إلى الترويج للسياحة المستدامة في المنطقة، بوسائل منها تعزيز السياحة البيئية والسياحة الريفية والسياحة الثقافية والتراثية، بما فيها سياحة المواقع الأثرية التي تعود إلى عهد الاستعمار، ومنع الاتجار بالمصنوعات اليدوية ذات القيمة الثقافية، وكفالة الاحترام الواجب للإرث الثقافي غير المادي والمواقع الثقافية والطبيعية؛</p>
        </content>
      </paragraph>
      <paragraph eId="para_28" class="SingleTxt">
        <content eId="para_28__content">
          <p xml:space="preserve">	8 -	<span class="bold italic">ترحب</span> بالتقدم الذي أحرزته بلدان أمريكا الوسطى في التلاقي على استراتيجية إقليمية للسياحة تستند إلى حفظ التنوع البيولوجي في المنطقة ومعالم الجذب الطبيعية والثقافية، والحد من الفقر من خلال العمالة وتنمية القدرات على مباشرة الأعمال الحرة في السياحة التي تركز على المشاريع المتوسطة والصغيرة والبالغة الصغر، مع التصدي في الوقت نفسه للآثار الضارة الناجمة عن تغير المناخ من أجل تحسين نوعية حياة سكان المنطقة؛</p>
        </content>
      </paragraph>
      <paragraph eId="para_29" class="SingleTxt">
        <content eId="para_29__content">
          <p xml:space="preserve">	9 -	<span class="bold italic">تعرب عن تقديرها</span> للجهود المتواصلة التي تبذلها بلدان أمريكا الوسطى من أجل دعم تنمية السياحة المستدامة، بما في ذلك اعتمادها وتنفيذها لتشريعات وسياسات جديدة، وتشجع هذه البلدان على استغلال السياحة المستدامة كأداة لتعزيز جهود القضاء على الفقر وتحسين سبل حماية التنوع البيولوجي والإرث الثقافي والنهوض بالمجتمعات المحلية؛</p>
        </content>
      </paragraph>
      <paragraph eId="para_30" class="SingleTxt">
        <content eId="para_30__content">
          <p xml:space="preserve">	10 -	<span class="bold italic">تشجع </span>على التعاون من أجل تعزيز مشاركة النساء والشباب والشعوب الأصلية والمجتمعات المحلية والمبادرات التي تعزز تمكينهم من الناحية الاجتماعية الاقتصادية، من خلال السياحة المستدامة التي تواصل تعزيز الشراكات المنصفة وإيجاد فرص العمل وفرص مباشرة الأعمال الحرة؛</p>
        </content>
      </paragraph>
      <paragraph eId="para_31" class="SingleTxt">
        <content eId="para_31__content">
          <p xml:space="preserve">	11 -	<span class="bold italic">تعترف</span> بالحاجة المستمرة إلى دعم أنشطة السياحة المستدامة وجهود بناء القدرات ذات الصلة التي تعزز الوعي البيئي وتحافظ على البيئة وتحميها وتحترم الحياة البرية والتنوع البيولوجي والنظم الإيكولوجية والتنوع الثقافي وتحسّن رفاه المجتمعات المحلية وسبل عيشها من خلال دعم اقتصاداتها المحلية والبيئة البشرية والطبيعية ككل؛</p>
        </content>
      </paragraph>
      <paragraph eId="para_32" class="SingleTxt">
        <content eId="para_32__content">
          <p xml:space="preserve">	12 -	<span class="bold italic">تلاحظ</span> أهمية قياس الأثر الاجتماعي الثقافي للسياحة وأثرها البيئي على نحو كاف، وتشجع بذل الجهود من أجل سد ثغرة البيانات القائمة حالياً في هذا المجال عن طريق الاستفادة من ظهور حلول ومصادر بيانات غير تقليدية، ليكون الهدف الشامل هو النهوض بخطة التنمية المستدامة الوطنية بما يتجاوز قطاع السياحة؛</p>
        </content>
      </paragraph>
      <paragraph eId="para_33" class="SingleTxt">
        <content eId="para_33__content">
          <p xml:space="preserve">	13 -	<span class="bold italic">تعترف</span> بأن اتباع أنماط استهلاك وإنتاج مستدامة في قطاع السياحة بأمريكا الوسطى، ومن ثمّ المضي قدما بتنفيذ خطة التنمية المستدامة لعام 2030 في المنطقة<sup>(7)</sup>، يتطلب جملة أمور من بينها تحديد أصحاب المصلحة المعنيين نُهجا للتخطيط السياحي تستخدم الموارد بصورة أكثر كفاءة واعتمادهم جميعاً لها؛</p>
        </content>
      </paragraph>
      <paragraph eId="para_34" class="SingleTxt">
        <content eId="para_34__content">
          <p xml:space="preserve">	14 -	<span class="bold italic">تشدد</span> على الحاجة إلى تعزيز مواصلة تنمية السياحة المستدامة، ولا سيما من خلال استهلاك منتجات السياحة المستدامة والاستفادة بخدماتها، وإلى تعزيز تنمية السياحة البيئية، مع الحفاظ بوجه خاص على ثقافة المجتمعات الأصلية والمحلية وسلامة بيئتها وتعزيز حماية المناطق الحساسة إيكولوجياً والتراث الطبيعي، والمواقع الثقافية والدينية الأصلية لتلك المجتمعات؛ </p>
        </content>
      </paragraph>
      <paragraph eId="para_35" class="SingleTxt">
        <content eId="para_35__content">
          <p xml:space="preserve">	15 -	<span class="bold italic">تدعو</span> الحكومات وغيرها من الجهات صاحبة المصلحة إلى الانضمام لبرنامج السياحة المستدامة التابع لإطار العمل العشري للبرامج المتعلقة بأنماط الاستهلاك والإنتاج المستدامة<sup>(</sup><authorialNote marker="8" placement="bottom" eId="authorialNote_8"><p xml:space="preserve">	()	<a href="https://undocs.org/ar/A/CONF.216/5">A/CONF.216/5</a>، المرفق.</p></authorialNote><sup>)</sup>، وهو البرنامج الذي يهدف إلى تشجيع الابتكار والتفكير انطلاقاً من الغاية المطلوبة من أجل الإسراع بتحقيق الكفاءة في استخدام الموارد في سلسلة القيمة السياحية؛</p>
        </content>
      </paragraph>
      <paragraph eId="para_36" class="SingleTxt">
        <content eId="para_36__content">
          <p xml:space="preserve">	16 -	<span class="bold italic">ترحب</span> بإنشاء مرصدين للسياحة المستدامة في أمريكا الوسطى<sup>(</sup><authorialNote marker="9" placement="bottom" eId="authorialNote_9"><p xml:space="preserve">	()	المرصدان موجودان في بنما سيتي وفي لا أنتيغوا غواتيمالا.</p></authorialNote><sup>)</sup>، وتدعو الحكومات وغيرها من الجهات صاحبة المصلحة إلى النظر في الانضمام للشبكة الدولية لمراصد السياحة المستدامة التابعة لمنظمة السياحة العالمية، التي تساهم في تعزيز سياحة مستدامة اقتصادياً واجتماعياً وبيئياً، وإلى دعم ممارسة وضع السياسات المستنيرة في جميع أنحاء العالم؛</p>
        </content>
      </paragraph>
      <paragraph eId="para_37" class="SingleTxt">
        <content eId="para_37__content">
          <p xml:space="preserve">	17 -	<span class="bold italic">تشجع </span>إقامة المزيد من التعاون بين شراكات القطاعين العام والخاص من أجل تحسين جودة جمع البيانات، مع مراعاة الجهود المتضافرة التي تبذلها السلطات الوطنية في بلدان أمريكا الوسطى، بالاشتراك مع القطاع الخاص، من خلال إنشاء مراصد للسياحة المستدامة لرصد تنمية السياحة على مستوى الوجهات المقصودة بغية توفير المعلومات اللازمة لصنع السياسات والقرارات القائمة على الأدلة في الوقت المناسب؛ </p>
        </content>
      </paragraph>
      <paragraph eId="para_38" class="SingleTxt">
        <content eId="para_38__content">
          <p xml:space="preserve">	18 -	<span class="bold italic">تحث</span> القائمين على قطاع السياحة في بلدان أمريكا الوسطى على جعل القطاع جزءا من آليات التنسيق وتبادل المعارف والاتصال لأغراض إدارة الأمن وحالات الطوارئ على الصعيدين الوطني والإقليمي، وعلى الترويج بشكل جماعي لاتباع نهج قائم على الأدلة في وضع تدابير تكفل السفر الآمن والمأمون والخالي من المصاعب، وهو ما يتيح للوكالات الحكومية اتخاذ قرارات ذات صلة ومستنيرة ومنسقة؛</p>
        </content>
      </paragraph>
      <paragraph eId="para_39" class="SingleTxt">
        <content eId="para_39__content">
          <p xml:space="preserve">	19 -	<span class="bold italic">تشدد </span>على ضرورة دعم تنمية السياحة القادرة على التكيف في منطقة أمريكا الوسطى، مع مراعاة أن قطاع السياحة عرضة للكوارث الطبيعية، بوسائل تشمل وضع استراتيجيات وطنية لإعادة التأهيل بعد الصدمات والتكيف مع تغير المناخ وخطط الحد من مخاطر الكوارث والشراكات بين القطاعين العام والخاص؛</p>
        </content>
      </paragraph>
      <paragraph eId="para_40" class="SingleTxt">
        <content eId="para_40__content">
          <p xml:space="preserve">	20 -	<span class="bold italic">ترحب</span> بالجهود التي يبذلها كل من منظمة السياحة العالمية وبرنامج الأمم المتحدة للبيئة ومؤتمر الأمم المتحدة للتجارة والتنمية ومنظمة الأمم المتحدة للتربية والعلم والثقافة واللجان الإقليمية وغيرها من المنظمات الإقليمية، وكذلك مؤتمر الأطراف في اتفاقية التنوع البيولوجي، من أجل الترويج للسياحة المستدامة في جميع أنحاء العالم؛</p>
        </content>
      </paragraph>
      <paragraph eId="para_41" class="SingleTxt">
        <content eId="para_41__content">
          <p xml:space="preserve">	21 -	<span class="bold italic">تدعو</span> الدول الأعضاء وغيرها من الجهات صاحبة المصلحة ومنظمة السياحة العالمية إلى مواصلة دعم الأنشطة التي تضطلع بها بلدان أمريكا الوسطى من أجل تعزيز السياحة المستدامة في المنطقة، بما في ذلك فيما يتعلق بالتأهب لحالات الطوارئ بغية الحدّ من مخاطر الكوارث على نحو أفضل، وأوجه تأثر بلدان أمريكا الوسطى بالكوارث الطبيعية وآثارها على السياحة المستدامة، ومن أجل بناء القدرات وإيجاد فرص العمل والترويج للثقافة والمنتجات المحلية، وتحقيق أهداف التنمية المستدامة؛</p>
        </content>
      </paragraph>
      <paragraph eId="para_42" class="SingleTxt">
        <content eId="para_42__content">
          <p xml:space="preserve">	22 -	<span class="bold italic">تدعو</span> المجتمع الدولي إلى دعم الجهود المبذولة، حسب الاقتضاء، في استحداث تكنولوجيات مبتكرة وتسخيرها في تحديث قطاع السياحة في بلدان أمريكا الوسطى؛</p>
        </content>
      </paragraph>
      <paragraph eId="para_43" class="SingleTxt">
        <content eId="para_43__content">
          <p xml:space="preserve">	23 -	<span class="bold italic">تشجع</span> بلدان أمريكا الوسطى أن تعمل، من خلال مجلس أمريكا الوسطى للسياحة والأمانة العامة للتكامل السياحي في أمريكا الوسطى، على تعزيز السياحة المستدامة عن طريق التعاون الثنائي والإقليمي والمتعدد الأطراف على صعيد قطاع السياحة، ومواصلة دعم السياحة المستدامة باعتماد سياسات ترعى السياحة المؤاتية والشاملة للجميع وتعزز الهوية الإقليمية وتحمي التراث الطبيعي والثقافي لتلك البلدان، بما في ذلك النظم الإيكولوجية والتنوع البيولوجي فيها، وتشير إلى أن المبادرات الحالية، كالشراكة العالمية من أجل سياحة مستدامة وغيرها من المبادرات الدولية، يمكن أن توفر الدعم المباشر والمركّز للحكومات؛</p>
        </content>
      </paragraph>
      <paragraph eId="para_44" class="SingleTxt">
        <content eId="para_44__content">
          <p xml:space="preserve">	24 -	<span class="bold italic">تشجع أيضا</span> بلدان أمريكا الوسطى على إقامة بنيات تحتية تتوفر لها مقومات الأمن والموثوقية والفعالية والاستدامة والمرونة والجودة العالية وتوطيد تلك البنيات، بما في ذلك نظم المرور العابر التي تربطها بالأسواق الدولية، ومصادر الطاقة الميسورة التكلفة والموثوقة والمستدامة والحديثة، وتكنولوجيا المعلومات والاتصالات، بدعم من المجتمع الدولي، حسب الاقتضاء، من أجل تعزيز السياحة المستدامة في المنطقة؛</p>
        </content>
      </paragraph>
      <paragraph eId="para_45" class="SingleTxt">
        <content eId="para_45__content">
          <p xml:space="preserve">	25 -	<span class="bold italic">تقر</span> بأن الأشخاص ذوي الإعاقة يتمتعون على قدم المساواة مع غيرهم بالحق في الاستفادة من خدمات السياحة وفرصها، من قبيل السياحة الحرة والخدمات المصممة لكي تكون في متناولهم والموظفين المدربين والمعلومات الموثوقة والتسويق الشامل للجميع، وبأن من الضروري بذل جهود هائلة لكفالة تلبية سياسات السياحة وممارساتها لاحتياجات الأشخاص ذوي الإعاقة الذين يعيش معظمهم في بلدان نامية؛</p>
        </content>
      </paragraph>
      <paragraph eId="para_46" class="SingleTxt">
        <content eId="para_46__content">
          <p xml:space="preserve">	26 -	<span class="bold italic">تهيب</span> بالدول الأعضاء والجهات القائمة على قطاع السياحة أن تتخذ التدابير الفعالة، في سياق السياحة المستدامة، بما في ذلك مبادرات السياحة البيئية، من أجل المساعدة على تعزيز مشاركةِ المرأة على قدم المساواة مع الرجل ومشاركة الشباب والمسنين والأشخاص ذوي الإعاقة والشعوب الأصلية والمجتمعات المحلية بشكل متوازن، على جميع المستويات وفي عمليات صنع القرار في كافة الميادين، وتعزيز التمكين الاقتصادي الفعال، لا سيما من خلال توفير العمل اللائق وتوليد الدخل؛</p>
        </content>
      </paragraph>
      <paragraph eId="para_47" class="SingleTxt">
        <content eId="para_47__content">
          <p xml:space="preserve">	27 -	<span class="bold italic">تقر</span> بأن تلبية الحاجة إلى <span class="bold">تحسين رصد الآثار الإنمائية للسياحة تتطلب إعادةَ التفكير في الممارسات التقليدية وتغييرها للاستفادة من مصادر البيانات المتعددة من أجل تزويد الإدارات العامة وقطاع السياحة بأحدث المعلومات الاستخبارية المتاحة عن السياحة، وتلاحظ التقدم الْمُحرز من خلال الشبكة الدولية لمراصد السياحة المستدامة التابعة لمنظمة السياحة العالمية، التي تركز على الرصد المستمر لآثار السياحة، ومعالجة الأبعاد الثلاثة للاستدامة، وتعزيز عملية صنع القرار استنادا إلى الأدلة، وتهيئة ثقافة قائمة على الرصد والقياس بشكل مستمر وفي الوقت المناسب؛</span></p>
        </content>
      </paragraph>
      <paragraph eId="para_48" class="SingleTxt">
        <content eId="para_48__content">
          <p xml:space="preserve">	28 -	<span class="bold italic">ترحب</span> بالدور <span class="bold">الإيجابي الذي تؤديه السياحة في حفظ التنوع البيولوجي وفي مكافحة تغير المناخ، والذي يوفر حجة أخرى في صالح تعزيز العناصر البيئية في السياسات المعنية بالسياحة وتحسين الاستفادة من إمكانات السياحة بوصفها عاملا مؤثرا من عوامل التغيير، وبعقد مؤتمر الأمم المتحدة بشأن تغير المناخ في مدريد في سياق الدورة الخامسة والعشرين لمؤتمر الأطراف في اتفاقية الأمم المتحدة الإطارية بشأن تغير المناخ؛</span></p>
        </content>
      </paragraph>
      <paragraph eId="para_49" class="SingleTxt">
        <content eId="para_49__content">
          <p xml:space="preserve">
            <span class="bold">	29 -	</span>
            <span class="italic">تطلب</span>
            <span class="bold"> إلى الأمين العام أن يقوم، بالتعاون مع الأمين العام لمنظمة السياحة العالمية وغيرها من كيانات الأمم المتحدة المعنية، بإعداد تقرير عملي المنحى عن تنفيذ هذا القرار يقدمه إلى الجمعية العامة في دورتها السادسة والسبعين يشمل توصيات محددة للإسراع بتنفيذ خطة التنمية المستدامة لعام 2030 في هذا الصدد في بلدان أمريكا الوسطى، وتقرر أن تدرج في جدول الأعمال المؤقت لدورتها السادسة والسبعين البند المعنون ”التنمية المستدامة“.</span>
          </p>
        </content>
      </paragraph>
    </mainBody>
    <conclusions eId="conclusions">
      <p>
        <inline name="adoptionMeeting" title="52">الجلسة العامة 52</inline>
        <eol />
        <docDate date="2019-12-19" refersTo="#adoptionDate">19 كانون الأول/ديسمبر 2019</docDate>
      </p>
    </conclusions>
  </statement>
</akomaNtoso>