<akomaNtoso xmlns:xsi="http://www.w3.org/2001/XMLSchema-instance" xsi:schemaLocation="http://docs.oasis-open.org/legaldocml/ns/akn/3.0 http://docs.oasis-open.org/legaldocml/akn-core/v1.0/os/part2-specs/schemas/akomantoso30.xsd" xmlns="http://docs.oasis-open.org/legaldocml/ns/akn/3.0" xmlns:html="http://www.w3.org/1999/xhtml" xmlns:akn4un="http://un.org/akn4un">
  <statement name="resolution">
    <meta>
      <identification source="#DGACM">
        <FRBRWork>
          <FRBRthis value="/akn/un/statement/deliberation/unga/2019-12-19/74-219/!main/"></FRBRthis>
          <FRBRuri value="/akn/un/statement/deliberation/unga/2019-12-19/74-219/"></FRBRuri>
          <FRBRdate date="2019-12-19" name="adoption"></FRBRdate>
          <FRBRauthor href="ga" as="author"></FRBRauthor>
          <FRBRcountry value="un"></FRBRcountry>
        </FRBRWork>
        <FRBRExpression>
          <FRBRthis value="/akn/un/statement/deliberation/unga/2019-12-19/74-219/ara@!main/"></FRBRthis>
          <FRBRuri value="/akn/un/statement/deliberation/unga/2019-12-19/74-219/ara@/"></FRBRuri>
          <FRBRdate date="2020-01-27" name="publication"></FRBRdate>
          <FRBRauthor href="ga" as="issuer"></FRBRauthor>
          <FRBRlanguage language="ara"></FRBRlanguage>
        </FRBRExpression>
        <FRBRManifestation>
          <FRBRthis value="/akn/un/statement/deliberation/unga/2019-12-19/74-219/ara@/!main.xml"></FRBRthis>
          <FRBRuri value="/akn/un/statement/deliberation/unga/2019-12-19/74-219/ara@.xml"></FRBRuri>
          <FRBRdate date="2020-09-02" name="markup"></FRBRdate>
          <FRBRauthor href="DGACM" as="editor"></FRBRauthor>
        </FRBRManifestation>
      </identification>
      <classification source="http://metadata.un.org/sdg">
        <keyword value="17" href="http://metadata.un.org/sdg/17" showAs="sdg_17" dictionary="SDGO"></keyword>
        <keyword value="sustainable_development" href="http://eurovoc.europa.eu/5585" showAs="sustainable_development" dictionary="EuroVoc"></keyword>
        <keyword value="partnership" href="http://eurovoc.europa.eu/4199" showAs="partnership" dictionary="EuroVoc"></keyword>
        <keyword value="sustainable_development" href="http://metadata.un.org/thesaurus/1006319" showAs="sustainable_development" dictionary="UNBIS Thesaurus"></keyword>
        <keyword value="partnership" href="http://metadata.un.org/thesaurus/1004748" showAs="partnership" dictionary="UNBIS Thesaurus"></keyword>
      </classification>
      <classification source="http://metadata.un.org/sdg">
        <keyword value="16" href="http://metadata.un.org/sdg/16" showAs="sdg_16" dictionary="SDGO"></keyword>
        <keyword value="right_to_justice" href="http://eurovoc.europa.eu/516" showAs="right_to_justice" dictionary="EuroVoc"></keyword>
        <keyword value="sustainable_development" href="http://eurovoc.europa.eu/5585" showAs="sustainable_development" dictionary="EuroVoc"></keyword>
        <keyword value="civil_society" href="http://metadata.un.org/thesaurus/1001012" showAs="civil_society" dictionary="UNBIS Thesaurus"></keyword>
        <keyword value="justice" href="http://metadata.un.org/thesaurus/1003500" showAs="justice" dictionary="UNBIS Thesaurus"></keyword>
        <keyword value="peaceful_coexistence" href="http://metadata.un.org/thesaurus/1004777" showAs="peaceful_coexistence" dictionary="UNBIS Thesaurus"></keyword>
        <keyword value="public_institutions" href="http://metadata.un.org/thesaurus/1005254" showAs="public_institutions" dictionary="UNBIS Thesaurus"></keyword>
        <keyword value="social_justice" href="http://metadata.un.org/thesaurus/1005970" showAs="social_justice" dictionary="UNBIS Thesaurus"></keyword>
        <keyword value="sustainable_development" href="http://metadata.un.org/thesaurus/1006319" showAs="sustainable_development" dictionary="UNBIS Thesaurus"></keyword>
      </classification>
      <workflow source="#un">
        <step date="2019-11-21" outcome="draftResolution" as="A/C.2/74/L.37/Rev.1" by="State of Palestine (on behalf of the States Members of the United Nations that are members of the Group of 77 and China)" />
        <step date="0001-01-01" outcome="draftResolutionAdditionalSponsors" by="" />
        <step date="0001-01-01" outcome="recommendedForAdoption" as="A/74/381/Add.4" by="" refersTo="11" />
        <step date="2019-12-19" outcome="adopted" as="A/74/PV.52" by="" />
      </workflow>
      <analysis source="#un">
        <parliamentary>
          <voting outcome="adoptedWithoutVote">
            <quorum value=""></quorum>
          </voting>
        </parliamentary>
      </analysis>
      <references source="#DGACM">
        <TLCOrganization eId="source" href="/akn/ontology/organization/un/DGACM" showAs="DGACM"></TLCOrganization>
        <TLCConcept eId="dateOfIssuance" href="/akn/ontology/concept/un/dateOfIssuance" showAs="Date of issuance"></TLCConcept>
        <TLCConcept eId="dateOfAdoption" href="/akn/ontology/concept/un/dateOfAdoption" showAs="Date of adoption"></TLCConcept>
        <TLCConcept eId="symbol" href="/akn/ontology/reference/un/symbol" showAs="Symbol"></TLCConcept>
        <TLCRole eId="publisher" href="/akn/ontology/role/un/publisher" showAs="Publisher"></TLCRole>
        <TLCRole eId="issuingBody" href="/akn/role/concept/un/issuingBody" showAs="Issuing body"></TLCRole>
        <TLCRole eId="author" href="/akn/ontology/role/un/author" showAs="Author"></TLCRole>
        <TLCRole eId="editor" href="/akn/ontology/role/un/editor" showAs="Editor"></TLCRole>
        <TLCRole eId="distribution" href="/akn/ontology/concept/un/generalDistribution" showAs="General distribution"></TLCRole>
        <TLCOrganization eId="ga" href="/akn/ontology/organization/un/generalAssembly" showAs="General Assembly"></TLCOrganization>
        <TLCTerm eId="resolutionTitle" href="/akn/ontology/reference/un/resolutionTitle" showAs="Resolution title"></TLCTerm>
        <TLCTerm eId="secondCommittee" href="#secondCommittee" showAs="اللجنة الثانية"></TLCTerm>
        <TLCTerm eId="memberState" href="/akn/ontology/organization/un/memberState" showAs="Member State"></TLCTerm>
        <TLCTerm eId="inFavour" href="/akn/ontology/concept/un/voting/inFavour" showAs="In favour"></TLCTerm>
        <TLCTerm eId="against" href="/akn/ontology/concept/un/voting/against" showAs="Against"></TLCTerm>
        <TLCTerm eId="abstaining" href="/akn/ontology/concept/un/voting/abstaining" showAs="Abstaining"></TLCTerm>
      </references>
      <presentation source="#un">
        <akn4un:footerFirstPage>
          <akn4un:footerFirstPageLeft>
            <akn4un:internalCode>
              <docketNumber refersTo="#publicationJobNumber"></docketNumber>
              <img alt="bar code" class="barCode" src=""></img>
            </akn4un:internalCode>
          </akn4un:footerFirstPageLeft>
          <akn4un:footerFirstPageRight>
            <img alt="Please recycle" class="image" src="./recylcleLogo.jpg"></img>
            <img alt="embedded QR code" class="qrCode" src=""></img>
          </akn4un:footerFirstPageRight>
        </akn4un:footerFirstPage>
      </presentation>
    </meta>
    <coverPage eId="coverPage_1">
      <p>
        <span refersTo="#publisher" class="upperLeft">
          <docAuthority refersTo="#publisher">الأمــم المتحـدة</docAuthority>
        </span>
      </p>
      <p class="upperRight">
        <docNumber refersTo="#symbol">A/RES/74/219</docNumber>
      </p>
      <p class="upperLeft">
        <img src="logo-un.jpg"></img>
        <docAuthority refersTo="#issuingBody" class="rightBig">الجمعية العامة</docAuthority>
      </p>
      <p>
        <docStatus refersTo="#generalDistribution" class="rightSmall">Distr.: General</docStatus>
      </p>
      <p>
        <docDate date="2020-01-27" class="rightSmall" refersTo="#dateOfIssuance">27 January 2020</docDate>
      </p>
      <p>
        <session refersTo="#generalAssembly" value="74" eId="coverPage_1__session_1">الدورة الرابعة والسبعون</session>
      </p>
      <p>
        <inline name="agenda item">البند 19 (د) من جدول الأعمال</inline>
      </p>
      <p>
        <inline name="agenda item name">التنمية المستدامة: حماية المناخ العالمي لمنفعة الأجيال البشرية الحالية والمقبلة</inline>
      </p>
      <p>
        <docTitle>قرار اتخذته الجمعية العامة في 19 كانون الأول/ديسمبر 2019</docTitle>
      </p>
      <p xml:space="preserve">
        <docProponent refersTo="#secondCommittee">[بناء على تقرير اللجنة الثانية (<inline name="originating document">A/74/381/Add.4</inline>)]</docProponent>
      </p>
    </coverPage>
    <preface>
      <p>
        <docNumber>74/219.</docNumber>
        <docTitle refersTo="#resolutionTitle">-	حماية المناخ العالمي لمنفعة الأجيال البشرية الحالية والمقبلة</docTitle>
      </p>
    </preface>
    <preamble>
      <formula name="enactingFormula" eId="formula_1">
        <p xml:space="preserve">
          <span class="bold italic">إن الجمعية العامة</span>،</p>
      </formula>
      <container name="إذ تشير" eId="container_2">
        <p xml:space="preserve">
          <span class="bold italic">إذ تشير</span> إلى قراراتها <a href="https://undocs.org//A/RES/43/53">43/53</a> المؤرخ 6 كانون الأول/ديسمبر 1988 و <a href="https://undocs.org//A/RES/54/222">54/222</a> المؤرخ 22 كانون الأول/ديسمبر 1999 و <a href="https://undocs.org//A/RES/62/86">62/86</a> المؤرخ 10 كانون الأول/ديسمبر 2007 و <a href="https://undocs.org//A/RES/63/32">63/32</a> المؤرخ 26 تشرين الثاني/نوفمبر 2008 و <a href="https://undocs.org//A/RES/64/73">64/73</a> المؤرخ 7 كانون الأول/ديسمبر 2009 و <a href="https://undocs.org//A/RES/65/159">65/159</a> المؤرخ 20 كانون الأول/ديسمبر 2010 و <a href="https://undocs.org//A/RES/66/200">66/200</a> المؤرخ 22 كانون الأول/ديسمبر 2011 و <a href="https://undocs.org//A/RES/67/210">67/210</a> المؤرخ 21 كانون الأول/ديسمبر 2012 و <a href="https://undocs.org//A/RES/68/212">68/212</a> المؤرخ 20 كانون الأول/ ديسمبر 2013 و <a href="https://undocs.org//A/RES/69/220">69/220</a> المؤرخ 19 كانون الأول/ديسمبر 2014 و <a href="https://undocs.org//A/RES/70/205">70/205</a> المؤرخ 22 كانون الأول/ ديسمبر 2015 و <a href="https://undocs.org//A/RES/71/228">71/228</a> المؤرخ 21 كانون الأول/ديسمبر 2016 و <a href="https://undocs.org//A/RES/72/219">72/219</a> المؤرخ 20 كانون الأول/ديسمبر 2017 و <a href="https://undocs.org//A/RES/73/232">73/232</a> المؤرخ 20 كانون الأول/ديسمبر 2018 وإلى القرارات والمقررات الأخرى المتعلقة بحماية المناخ العالمي لمنفعة الأجيال البشرية الحالية والمقبلة،</p>
      </container>
      <container name="وإذ تشير أيضا" eId="container_3">
        <p xml:space="preserve">
          <span class="bold italic">	وإذ تشير أيضا</span> إلى اتفاقية الأمم المتحدة الإطارية بشأن تغير المناخ<sup>(</sup><authorialNote marker="1" placement="bottom" eId="authorialNote_1"><p xml:space="preserve">	()	United Nations, <span class="italic">Treaty Series</span>, vol. 1771, No. 30822.</p></authorialNote><sup>)</sup> واتفاق باريس المعتمد بموجب الاتفاقية<sup>(</sup><authorialNote marker="2" placement="bottom" eId="authorialNote_2"><p xml:space="preserve">	()	انظر <a href="https://undocs.org//FCCC/CP/2015/10/Add.1">FCCC/CP/2015/10/Add.1</a>، المقرر 1/م أ-21، المرفق.</p></authorialNote><sup>)</sup>، وإذ تعترف بأنهما يمثلان المحفلين الحكوميين الدوليين الرئيسين اللذين يجري في إطارهما التفاوض دوليا بشأن التدابير العالمية لمواجهة تغير المناخ، وإذ تعرب عن تصميمها على التصدي بشكل حاسم للتهديد الذي يطرحه تغير المناخ وتدهور البيئة، وإذ تسلّم بأن الطابع العالمي لتغير المناخ يستوجب تعاونا دوليا على أوسع نطاق ممكن يرمي إلى الإسراع بخفض انبعاثات غازات الدفيئة على الصعيد العالمي ومعالجة مسألة التكيف مع الآثار الضارة لتغير المناخ، وإذ تلاحظ بقلق الفجوة الكبيرة بين الأثر الإجمالي لوعود التخفيف التي تعهدت الأطراف بتحقيقها، ولا سيما مساهماتها المحددة على الصعيد الوطني، حسب الاقتضاء، ومسارات الانبعاثات الإجمالية،</p>
      </container>
      <container name="وإذ تشير كذلك" eId="container_4">
        <p xml:space="preserve">
          <span class="bold italic">وإذ تشير كذلك</span> إلى اتفاق باريس، الذي سيُنفَّذ عملا بالفقرة 2 من المادة 2 منه على نحو يجسد الإنصاف ومبدأ المسؤوليات المشتركة وإن كانت متباينة وقدرات كل طرف، في ضوء الظروف الوطنية المختلفة،</p>
      </container>
      <container name="وإذ تعترف" eId="container_5">
        <p xml:space="preserve">
          <span class="bold italic">وإذ تعترف</span> بأن اتخاذ إجراءات بشأن التكيف مع تغير المناخ يمثل أولوية ملحة وتحديا عالميا أمام جميع البلدان، وخاصة البلدان النامية، لا سيما تلك المعرضة بشكل خاص للآثار الضارة لتغير المناخ، وإذ تسلّم بالحاجة الراهنة الكبيرة إلى التكيف مع تغير المناخ وبأن التخفيف من آثار تغير المناخ بمستويات أعلى من شأنه أن يحد من الحاجة إلى بذل جهود إضافية للتكيف مع تغير المناخ، وإذ تضع في اعتبارها أن إتاحة موارد مالية مزيدة ينبغي أن تهدف إلى تحقيق توازن بين التكيف والتخفيف،</p>
      </container>
      <container name="وإذ ترحب" eId="container_6">
        <p xml:space="preserve">
          <span class="bold italic">وإذ ترحب</span> بالدعوة إلى عقد الدورة الخامسة والعشرين لمؤتمر الأطراف في اتفاقية الأمم المتحدة الإطارية بشأن تغير المناخ والدورة الخامسة عشرة لمؤتمر الأطراف العامل بوصفه اجتماع الأطراف في بروتوكول كيوتو والدورة الثانية لمؤتمر الأطراف العامل بوصفه اجتماع الأطراف في اتفاق باريس، وذلك برئاسة حكومة شيلي في مدريد، خلال الفترة من 2 إلى 13 كانون الأول/ديسمبر 2019،</p>
      </container>
      <container name="وإذ تشير" eId="container_7">
        <p xml:space="preserve">
          <span class="bold italic">وإذ تشير</span> إلى إعلان الأمم المتحدة للألفية<sup>(</sup><authorialNote marker="3" placement="bottom" eId="authorialNote_3"><p xml:space="preserve">	()	القرار <a href="https://undocs.org//A/RES/55/2">55/2</a>.</p></authorialNote><sup>)</sup>، وإعلان جوهانسبرغ بشأن التنمية المستدامة<sup>(</sup><authorialNote marker="4" placement="bottom" eId="authorialNote_4"><p xml:space="preserve">	()	تقرير مؤتمر القمة العالمي للتنمية المستدامة، جوهانسبرغ، جنوب أفريقيا، 26 آب/أغسطس - 4 أيلول/سبتمبر 2002 (منشورات الأمم المتحدة، رقم المبيع A.03.II.A.1 والتصويب)، الفصل الأول، القرار 1، المرفق.</p></authorialNote><sup>)</sup>، وخطة تنفيذ نتائج مؤتمر القمة العالمي للتنمية المستدامة (خطة جوهانسبرغ للتنفيذ)<sup>(</sup><authorialNote marker="5" placement="bottom" eId="authorialNote_5"><p xml:space="preserve">	()	المرجع نفسه، القرار 2، المرفق.</p></authorialNote><sup>)</sup>، ونتائج مؤتمر القمة العالمي لعام 2005<sup>(</sup><authorialNote marker="6" placement="bottom" eId="authorialNote_6"><p xml:space="preserve">	()	القرار <a href="https://undocs.org//A/RES/60/1">60/1</a>.</p></authorialNote><sup>)</sup> والوثيقة الختامية لمؤتمر الأمم المتحدة للتنمية المستدامة الذي عقد في ريو دي جانيرو، البرازيل، في الفترة من 20 إلى 22 حزيران/يونيه 2012، المعنونة ”المستقبل الذي نصبو إليه“<sup>(</sup><authorialNote marker="7" placement="bottom" eId="authorialNote_7"><p xml:space="preserve">	()	القرار <a href="https://undocs.org//A/RES/66/288">66/288</a>، المرفق.</p></authorialNote><sup>)</sup>، ونتائج دورات مؤتمر الأطراف في اتفاقية الأمم المتحدة الإطارية بشأن تغير المناخ ودورات مؤتمر الأطراف العامل بوصفه اجتماع الأطراف في بروتوكول كيوتو، وبرنامج العمل لصالح أقل البلدان نموا للعقد 2011-2020 المعتمد في مؤتمر الأمم المتحدة الرابع المعني بأقل البلدان نموا الذي عقد في إسطنبول، تركيا، في الفترة من 9 إلى 13 أيار/مايو 2011<sup>(</sup><authorialNote marker="8" placement="bottom" eId="authorialNote_8"><p xml:space="preserve">	()	تقرير مؤتمر الأمم المتحدة الرابع المعني بأقل البلدان نموا، إسطنبول، تركيا، 9-13 أيار/مايو 2011 (<a href="https://undocs.org//A/CONF.219/7">A/CONF.219/7</a>)، الفصل الثاني.</p></authorialNote><sup>)</sup>، والإعلان السياسي لاستعراض منتصف المدة الشامل والرفيع المستوى لتنفيذ برنامج عمل إسطنبول لصالح أقل البلدان نمواً للعقد 2011-2020، المعقود في أنطاليا، تركيا، في الفترة من 27 إلى 29 أيار/مايو 2016<sup>(</sup><authorialNote marker="9" placement="bottom" eId="authorialNote_9"><p xml:space="preserve">	()	القرار <a href="https://undocs.org//A/RES/70/294">70/294</a>، المرفق.</p></authorialNote><sup>)</sup>، وبرنامج عمل فيينا لصالح البلدان النامية غير الساحلية للعقد 2014-2024 الذي اعتمد في مؤتمر الأمم المتحدة الثاني المعني بالبلدان النامية غير الساحلية، الذي عقد في فيينا، في الفترة من 3 إلى 5 تشرين الثاني/نوفمبر 2014<sup>(</sup><authorialNote marker="10" placement="bottom" eId="authorialNote_10"><p xml:space="preserve">	()	القرار <a href="https://undocs.org//A/RES/69/137">69/137</a>، المرفق الثاني.</p></authorialNote><sup>)</sup>، وبرنامج العمل من أجل التنمية المستدامة للدول الجزرية الصغيرة النامية<sup>(</sup><authorialNote marker="11" placement="bottom" eId="authorialNote_11"><p xml:space="preserve">	()	تقرير المؤتمر العالمي المعني بالتنمية المستدامة للدول الجزرية الصغيرة النامية، بريدجتاون، بربادوس، 25 نيسان/أبريل - 6 أيار/مايو 1994 (منشورات الأمم المتحدة، رقم المبيع A.94.I.18 والتصويبان)، الفصل الأول، القرار 1، المرفق الثاني.</p></authorialNote><sup>)</sup>، وإعلان موريشيوس<sup>(</sup><authorialNote marker="12" placement="bottom" eId="authorialNote_12"><p xml:space="preserve">	()	تقرير الاجتماع الدولي لاستعراض تنفيذ برنامج العمل من أجل التنمية المستدامة للدول الجزرية الصغيرة النامية، بورت لويس، موريشيوس، 10-14 كانون الثاني/يناير 2005 (منشورات الأمم المتحدة، رقم المبيع A.05.II.A.4 والتصويب)، الفصل الأول، القرار 1، المرفق الأول.</p></authorialNote><sup>)</sup>، واستراتيجية موريشيوس لمواصلة تنفيذ برنامج العمل من أجل التنمية المستدامة للدول الجزرية الصغيرة النامية<sup>(</sup><authorialNote marker="13" placement="bottom" eId="authorialNote_13"><p xml:space="preserve">	()	المرجع نفسه، المرفق الثاني.</p></authorialNote><sup>)</sup>، وإجراءات العمل المعجل للدول الجزرية الصغيرة النامية (مسار ساموا)<sup>(</sup><authorialNote marker="14" placement="bottom" eId="authorialNote_14"><p xml:space="preserve">	()	القرار <a href="https://undocs.org//A/RES/69/15">69/15</a>، المرفق.</p></authorialNote><sup>)</sup>، وإعلان سِنداي وإطار سِنداي للحد من مخاطر الكوارث للفترة 2015-2030<sup>(</sup><authorialNote marker="15" placement="bottom" eId="authorialNote_15"><p xml:space="preserve">	()	القرار <a href="https://undocs.org//A/RES/69/283">69/283</a>، المرفقان الأول والثاني.</p></authorialNote><sup>)</sup>، وإعلان وبرنامج عمل بيجين<sup>(</sup><authorialNote marker="16" placement="bottom" eId="authorialNote_16"><p xml:space="preserve">	()	<span class="italic">تقرير المؤتمر العالمي الرابع المعني بالمرأة، بيجين، 4-15 أيلول/سبتمبر 1995</span> (منشورات الأمم المتحدة، رقم المبيع A.96.IV.13)، الفصل الأول، القرار 1، المرفقان الأول والثاني.</p></authorialNote><sup>)</sup>، والخطة الحضرية الجديدة التي اعتمدها مؤتمر الأمم المتحدة المعني بالإسكان والتنمية الحضرية المستدامة (الموئل الثالث) المعقود في كيتو في الفترة من 17 إلى 20 تشرين الأول/أكتوبر 2016<sup>(</sup><authorialNote marker="17" placement="bottom" eId="authorialNote_17"><p xml:space="preserve">	()	القرار <a href="https://undocs.org//A/RES/71/256">71/256</a>، المرفق.</p></authorialNote><sup>)</sup></p>
      </container>
      <container name="وإذ تلاحظ " eId="container_8">
        <p xml:space="preserve">
          <span class="bold italic">	وإذ تلاحظ </span>ما تُقدّمه مختلف المبادرات، ومنها المنتدى العالمي للحد من مخاطر الكوارث وأيضا المنتديات الإقليمية ودون الإقليمية للحد من مخاطر الكوارث، من إسهامات في تعزيز الاتساق بين الحد من أخطار الكوارث والتنمية المستدامة وجهود التخفيف من حدّة تغير المناخ ونتائج <span class="italic">تقرير التقييم العالمي بشأن الحد من مخاطر الكوارث لعام 2019</span>، وإذ تسلّم بأنّ جهود الحد من مخاطر الكوارث المبذولة بالاتساق مع إطار سنداي تسهم في تعزيز القدرة على الصمود أمام تغيّر المناخ والتكيّف معه، وتبرز في هذا الصدد أوجه التآزر التي تساعد علي ضمان احراز تقدم نحو تحقيق التنمية المستدامة،</p>
      </container>
      <container name="وإذ تؤكد من جديد" eId="container_9">
        <p xml:space="preserve">
          <span class="bold italic">وإذ تؤكد من جديد</span> قرارها <a href="https://undocs.org//A/RES/70/1">70/1</a> المؤرخ 25 أيلول/سبتمبر 2015، المعنون ”تحويل عالمنا: خطة التنمية المستدامة لعام 2030“، الذي اعتمدت فيه مجموعة من الأهداف والغايات العالمية الشاملة والبعيدة المدى المتعلقة بالتنمية المستدامة، التي تركز على الناس وتفضي إلى التحول، وتعيد تأكيد التزامها بالعمل دون كلل من أجل تنفيذ هذه الخطة بالكامل بحلول عام 2030، وإدراكها أن القضاء على الفقر بجميع صوره وأبعاده، بما في ذلك الفقر المدقع، هو أكبر تحد يواجهه العالم وشرط لا غنى عنه لتحقيق التنمية المستدامة، والتزامها بتحقيق التنمية المستدامة بأبعادها الثلاثة - الاقتصادي والاجتماعي والبيئي - على نحو متوازن ومتكامل، وبالاستناد إلى الإنجازات التي تحققت في إطار الأهداف الإنمائية للألفية والسعي إلى استكمال ما لم يُنفّذ من تلك الأهداف،</p>
      </container>
      <container name="وإذ تؤكد من جديد أيضا" eId="container_10">
        <p xml:space="preserve">
          <span class="bold italic">وإذ تؤكد من جديد أيضا</span> قرارها <a href="https://undocs.org//A/RES/69/313">69/313</a> المؤرخ 27 تموز/يوليه 2015 بشأن خطة عمل أديس أبابا الصادرة عن المؤتمر الدولي الثالث لتمويل التنمية، التي تشكل جزءا لا يتجزأ من خطة التنمية المستدامة لعام 2030، وتدعمُها وتكملُها وتساعد على توضيح سياق غاياتها المتصلة بوسائل التنفيذ من خلال سياسات وإجراءات عملية، وتعيد تأكيد الالتزام السياسي القوي بالتصدي لتحدي التمويل وتهيئة بيئة مواتية على جميع المستويات لتحقيق التنمية المستدامة، بروحٍ من الشراكة والتضامن على الصعيد العالمي،</p>
      </container>
      <container name="وإذ تلاحظ بقلق" eId="container_11">
        <p xml:space="preserve">
          <span class="bold italic">وإذ تلاحظ بقلق</span> الاستنتاجات الواردة في التقرير الخاص للهيئة الحكومية الدولية المعنية بتغير المناخ المعنون <span class="italic">الاحترار العالمي بمقدار 1.5 درجة مئوية</span> عن آثار احترار عالمي بمقدار 1.5 درجة مئوية فوق مستويات ما قبل العصر الصناعي، والمسارات ذات الصلة للانبعاثات العالمية لغاز الدفيئة، في سياق تعزيز التصدي العالمي لخطر تغير المناخ، والتنمية المستدامة، والجهود المبذولة للقضاء على الفقر،</p>
      </container>
      <container name="وإذ تلاحظ أيضا مع القلق" eId="container_12">
        <p xml:space="preserve">
          <span class="bold italic">	وإذ تلاحظ أيضا مع القلق</span> الاستنتاجات الواردة في التقرير الخاص للهيئة الحكومية الدولية المعنون <span class="italic">تغير المناخ، والتصحر، وتدهور الأراضي، والإدارة المستدامة للأراضي، والأمن الغذائي، وتدفقات غازات الدفيئة في النظم الإيكولوجية الأرضية</span>، وإذ تلاحظ بقلق كذلك الاستنتاجات الواردة في التقرير الخاص للهيئة المعنون <span class="italic">المحيطات والغلاف الجليدي في مناخ متغير</span>،</p>
      </container>
      <container name="وإذ تكرر تأكيد" eId="container_13">
        <p xml:space="preserve">
          <span class="bold italic">وإذ تكرر تأكيد</span> دعمها لأهداف الصندوق الأخضر للمناخ ومبادئه التوجيهية، بما في ذلك اتباع نهج مراع للاعتبارات الجنسانية في إجراءاته وعملياته، وإذ تشدد على هدفه المتمثل في كفالة الاستفادة من موارده بصورة ناجعة عن طريق تبسيط إجراءات الموافقة وتعزيز الدعم الموجه للجاهزية، مما سيساعد في إنجاز نواتج في البلدان النامية للحد من انبعاثات غازات الدفيئة أو تقليصها ومساعدتها على التكيف مع آثار تغير المناخ،</p>
      </container>
      <container name="وإذ ترحب" eId="container_14">
        <p xml:space="preserve">
          <span class="bold italic">وإذ ترحب</span> بالتبرعات المتعهَّد بها إلى الصندوق الأخضر للمناخ ضمن إطار العملية الحالية الأولى لتجديد موارد الصندوق رسمياً، بما في ذلك أثناء قمة العمل المناخي لعام 2019 التي دعا إلى عقدها الأمين العام، والمعقودة في 23 أيلول/سبتمبر، وخلال المؤتمر الرفيع المستوى لإعلان التبرعات للصندوق الأخضر للمناخ، الذي عُقد في تشرين الأول/أكتوبر 2019، حيث بلغ مجموع التبرعات المعلنة 9.78 بلايين دولار من دولارات الولايات المتحدة حتى 25 تشرين الأول/أكتوبر 2019، وإذ تشدد على أهمية أن تتكلل العملية بالنجاح حتى يظل الصندوق إحدى القنوات الرئيسية التي تتيح تدفق الموارد المالية نحو البلدان النامية في إطار اتفاق باريس واتفاقية الأمم المتحدة الإطارية بشأن تغير المناخ،</p>
      </container>
      <container name="وإذ تشدد " eId="container_15">
        <p xml:space="preserve">
          <span class="bold italic">	وإذ تشدد </span>على أنّ التنمية ذات المستويات المنخفضة من حيث انبعاثات غازات الدفيئة يمكن ان تخلق فرص عمل ووظائف جيّدة، وفقا للأولويات الإنمائية المحددة وطنيا،</p>
      </container>
      <container name="وإذ تشير" eId="container_16">
        <p xml:space="preserve">
          <span class="bold italic">	وإذ تشير</span> إلى خطة الأمم المتحدة الاستراتيجية للغابات للفترة 2017-2030<sup>(</sup><authorialNote marker="18" placement="bottom" eId="authorialNote_18"><p xml:space="preserve">	()	انظر القرار <a href="https://undocs.org//A/RES/71/285">71/285</a>.</p></authorialNote><sup>)</sup>، وإذ تقر بأن الغابات بجميع أنواعها تسهم إسهاما كبيرا في التخفيف من آثار تغير المناخ والتكيف معه،</p>
      </container>
      <container name="وإذ تلاحظ " eId="container_17">
        <p xml:space="preserve">
          <span class="bold italic">	وإذ تلاحظ </span>أن الغابات مسألة تعالج ضمن اتفاقية الأمم المتحدة الإطارية بشأن تغير المناخ، وإذ تلاحظ أيضا المادة 5 من اتفاق باريس،</p>
      </container>
      <container name="وإذ تسلم " eId="container_18">
          <p xml:space="preserve">
            <span class="bold italic">	وإذ تسلم </span>بأنّ تغير المناخ هو من العوامل المحركة الرئيسية والمتنامية لفقدان التنوع البيولوجي وتدهور النظم الايكولوجية، وبأنّ حفظ التنوع البيولوجي ووظائف النظم الأيكولوجية وخدماتها واستخدامها بشكل مستدام هي أمور تسهم إلى حد كبير في التكيّف مع تغير المناخ والتخفيف من حدّته، وفي الحدّ من أخطار الكوارث، وتحقيق الأمن الغذائي والتغذية،</p>
      </container>
      <container name="وإذ تتطلع " eId="container_19">
        <p xml:space="preserve">
          <span class="bold italic">	وإذ تتطلع </span>إلى مؤتمر قمة التنوع البيولوجي لعام 2020، وإلى الدورة الخامسة عشرة لمؤتمر الأطراف في الاتفاقية، وإلى إطار عالمي للتنوع البيولوجي لما بعد عام 2020،</p>
      </container>
      <container name="وإذ تلاحظ " eId="container_20">
        <p xml:space="preserve">
          <span class="bold italic">	وإذ تلاحظ </span>ضرورة تعزيز التنسيق والتعاون على جميع المستويات بين الأطراف في اتفاقية الأمم المتحدة الإطارية بشأن تغير المناخ، واتفاقية الأمم المتحدة لمكافحة التصحر في البلدان التي تعاني من الجفاف الشديد و/أو من التصحر، وبخاصة في أفريقيا<sup>(</sup><authorialNote marker="19" placement="bottom" eId="authorialNote_19"><p xml:space="preserve">	()	United Nations, <span class="italic">Treaty Series</span>, vol. 1954, No. 33480.</p></authorialNote><sup>)</sup>، واتفاقية التنوع البيولوجي<sup>(</sup><authorialNote marker="20" placement="bottom" eId="authorialNote_20"><p xml:space="preserve">	()	المرجع نفسه، المجلد 1760، الرقم 30619.</p></authorialNote><sup>)</sup> وأماناتها، حسب الاقتضاء، مع احترام الولايات المنوطة بكل منها،</p>
      </container>
      <container name="وإذ تلاحظ أيضا" eId="container_21">
        <p xml:space="preserve">
          <span class="bold italic">	وإذ تلاحظ أيضا</span> إسهام جمعية الأمم المتحدة للبيئة في التصدي لتحدي تغير المناخ في جملة أمور أخرى، في إطار ولايتها وبالتعاون مع غيرها من المنظمات ذات الصلة وأصحاب المصلحة المعنيين،</p>
      </container>
      <container name="وإذ تشير " eId="container_22">
        <p xml:space="preserve">
          <span class="bold italic">وإذ تشير </span>إلى قرارها <a href="https://undocs.org//A/RES/71/312">71/312</a> المؤرخ 6 تموز/يوليه 2017 المعنون ”محيطاتنا، مستقبلنا: نداء للعمل“، وإذ تتطلع إلى انعقاد مؤتمر الأمم المتحدة لعام 2020 لدعم تنفيذ الهدف 14 من أهداف التنمية المستدامة: حفظ المحيطات والبحار والموارد البحرية واستخدامها على نحو مستدام لتحقيق التنمية المستدامة،</p>
      </container>
      <container name="وإذ تسلم " eId="container_23">
          <p xml:space="preserve">
            <span class="bold italic">	وإذ تسلم</span> بأن على الأمم المتحدة، عند اضطلاعها بعملها، أن تشجع حماية المناخ العالمي خدمة لمصلحة الأجيال البشرية الحالية والمقبلة،</p>
      </container>
      <container name="وإذ تشير " eId="container_24">
        <p xml:space="preserve">
          <span class="bold italic">وإذ تشير </span>إلى بدء نفاذ تعديل كيغالي لبروتوكول مونتريال بشأن المواد المستنفدة لطبقة الأوزون<sup>(</sup><authorialNote marker="21" placement="bottom" eId="authorialNote_21"><p xml:space="preserve">	()	UNEP/OzL.Pro.28/12، المرفق الأول.</p></authorialNote><sup>)</sup> في 1 كانون الثاني/يناير 2019، وترحب بقيام 90 بلدا ومنظمة إقليمية واحدة للتكامل الاقتصادي بالتصديق عليه، وتشجع في الوقت نفسه على المزيد من عمليات التصديق في أقرب وقت ممكن، وإذ تشير إلى الاجتماع الحادي والثلاثين للأطراف في بروتوكول مونتريال، المعقود في يومي 14 و 15 تشرين الثاني/نوفمبر 2019 في روما،</p>
      </container>
      <container name="وإذ تلاحظ مع التقدير " eId="container_25">
        <p xml:space="preserve">
          <span class="bold italic">	وإذ تلاحظ مع التقدير </span>جلسة التحاور بشأن الانسجام مع الطبيعة التي عقدتها رئيسة الجمعية العامة، وقد كان موضوعها العام هو ”العمل بنهج أمّنا الأرض“ في تنفيذ برامج التعليم والعمل المناخي في انسجام مع الطبيعة، وذلك في 22 نيسان/أبريل 2019 احتفالاً باليوم الدولي لأمنا الأرض،</p>
      </container>
      <container name="وإذ تلاحظ" eId="container_26">
        <p xml:space="preserve">
          <span class="bold italic">وإذ تلاحظ</span> إسهامات منظمة الطيران المدني الدولي في الجهود العالمية المبذولة لمكافحة تغير المناخ، وإذ تلاحظ أيضا إسهامات المنظمة البحرية الدولية في هذا الصدد،</p>
      </container>
      <container name="وإذ تشجع " eId="container_27">
        <p xml:space="preserve">
          <span class="bold italic">	وإذ تشجع </span>الدول الأعضاء على إيجاد مسارات مبتكرة لتحقيق الاستهلاك والإنتاج المستدامين، تمشيا مع قرار جمعية الأمم المتحدة للبيئة 4/1<sup>(</sup><authorialNote marker="22" placement="bottom" eId="authorialNote_22"><p xml:space="preserve">	()	UNEP/EA.4/Res.1.</p></authorialNote><sup>)</sup>،</p>
      </container>
    </preamble>
    <mainBody>
      <paragraph eId="para_28" class="SingleTxt">
        <content eId="para_28__content">
          <p xml:space="preserve">	1 -	<span class="bold italic">تؤكد من جديد</span> أن تغير المناخ هو واحد من أكبر التحديات في عصرنا، وتعرب عن جزعها الشديد إزاء استمرار ارتفاع مستوى انبعاثات غازات الدفيئة على الصعيد العالمي، ولا يزال يساورها قلق بالغ لأن جميع البلدان، ولا سيما البلدان النامية، قليلة المناعة في مواجهة الآثار الوخيمة المترتبة على تغير المناخ ولأنها تعاني بالفعل من تفاقم تلك الآثار، ومن بينها الجفاف المستمر والظواهر الجوية البالغة الشدة وتدهور الأراضي وارتفاع مستوى سطح البحر والتحات الساحلي وتحمض المحيطات وانحسار الجليديات الجبلية مما يزيد من الخطر الذي يهدد الأمن الغذائي، وتوافر المياه، وسبل العيش، والجهود المبذولة للقضاء على الفقر بجميع أشكاله وأبعاده وتحقيق التنمية المستدامة، وتدرك ما يترتب على تغير المناخ من مخاطر كبيرة على الصحة، وتشدد في هذا الصدد على أن التخفيف من آثار تغير المناخ والتكيف معه يشكلان أولوية فورية ملحة على الصعيد العالمي؛</p>
        </content>
      </paragraph>
      <paragraph eId="para_29" class="SingleTxt">
        <content eId="para_29__content">
          <p xml:space="preserve">	2 -	<span class="bold italic">تكرر أيضا تأكيد </span>اتفاق باريس ودخوله حيز النفاذ بصورة مبكرة، وتشجّع كلّ الأطراف في الاتفاق على أن تنفذه تنفيذا تاما، وتشجع الأطراف في اتفاقية الأمم المتحدة الإطارية بشأن تغير المناخ<sup>(1)</sup> التي لم تودع بعد صكوك تصديقها عليها أو قبولها لها أو موافقتها عليها أو انضمامها إليها على أن تفعل ذلك، حسب الاقتضاء وفي أقرب وقت ممكن، وتبرز أوجه التآزر بين تنفيذ خطة التنمية المستدامة لعام 2030<sup>(</sup><authorialNote marker="23" placement="bottom" eId="authorialNote_23"><p xml:space="preserve">	()	القرار <a href="https://undocs.org//A/RES/70/1">70/1</a>.</p></authorialNote><sup>)</sup> واتفاق باريس؛</p>
        </content>
      </paragraph>
      <paragraph eId="para_30" class="SingleTxt">
        <content eId="para_30__content">
          <p xml:space="preserve">	3 -	<span class="bold italic">تشير</span> إلى أن اتفاق باريس يهدف، بتعزيزه تنفيذ اتفاقية الأمم المتحدة الإطارية بشأن تغير المناخ، بما في ذلك الهدف منها، إلى تعزيز إجراءات التصدي على الصعيد العالمي للتهديد الذي يشكله تغير المناخ، في سياق التنمية المستدامة والجهود الرامية إلى القضاء على الفقر، بوسائل منها الإبقاء على الارتفاع في متوسط درجة الحرارة العالمية في حدود أقل بكثير من درجتين مئويتين فوق مستويات ما قبل العصر الصناعي ومواصلة الجهود الرامية إلى حصر ارتفاع درجة الحرارة في حد لا يتجاوز 1.5 درجة مئوية فوق مستويات ما قبل العصر الصناعي، تسليما بأن ذلك سوف يقلص بصورة كبيرة مخاطر تغير المناخ وآثاره، ويعزز القدرة على التكيف مع الآثار الضارة لتغير المناخ، ويوطد القدرة على تحمل تغير المناخ والتنمية الخفيضة انبعاثات غازات الدفيئة على نحو لا يهدد إنتاج الأغذية، ويجعل التدفقات المالية متماشية مع مسار يؤدي إلى تنمية خفيضة انبعاثات غازات الدفيئة وقادرة على تحمل تغير المناخ؛</p>
        </content>
      </paragraph>
      <paragraph eId="para_31" class="SingleTxt">
        <content eId="para_31__content">
          <p xml:space="preserve">	4 -	<span class="bold italic">ترحب </span>بالمساهمات المحددة على الصعيد الوطني التي قدمت حتى الآن، وتشير إلى أن تحديثها بانتظام سيجسد أعلى مستوى ممكن من الطموح، في ضوء اختلاف الظروف الوطنية، وسيتيح المعلومات الضرورية لكفالة الوضوح والشفافية والفهم، وفقا للقرارات ذات الصلة؛</p>
        </content>
      </paragraph>
      <paragraph eId="para_32" class="SingleTxt">
        <content eId="para_32__content">
          <p xml:space="preserve">	5 -	<span class="bold italic">تلاحظ مع القلق</span> أن المساهمات المحددة على الصعيد الوطني المقدمة حتى الآن من قبل الأطراف في اتفاق باريس ليست كافية، وأنّه لا بد من العمل على إبقاء على ارتفاع متوسط درجة الحرارة العالمية في حدود أقل بكثير من درجتين مئويتين فوق مستويات ما قبل الحقبة الصناعية ومواصلة الجهود الرامية إلى حصر ارتفاع درجة الحرارة في حد لا يتجاوز 1.5 درجة مئوية فوق مستويات ما قبل الحقبة الصناعية، وتشدد على أهمية ما ورد في المقرر 1/م أ-21<sup>(</sup><authorialNote marker="24" placement="bottom" eId="authorialNote_24"><p xml:space="preserve">	()	انظر <a href="https://undocs.org//FCCC/CP/2015/10/Add.1">FCCC/CP/2015/10/Add.1</a>.</p></authorialNote><sup>)</sup> من طلب مؤتمر الأطراف في الاتفاقية إلى الأطراف في اتفاق باريس بأن تبلّغ مساهماتها المحددة وطنيا أو تحدّثها بحلول سنة 2020، حسب الاقتضاء؛</p>
        </content>
      </paragraph>
      <paragraph eId="para_33" class="SingleTxt">
        <content eId="para_33__content">
          <p xml:space="preserve">	6 -	<span class="bold italic">تشدد</span> على أنّ الضرورة تقضي بشكل ملح تعزيز القدرة على التكيُّف، وتقوية القدرة على الصمود والحد من الهشاشة في وجه تغيُّر المناخ والظواهر الجوية القصوى، وفي هذا الصدد تحث الدول الأعضاء على مواصلة الانخراط في عمليات التخطيط للتكيف وعلى تعزيز التعاون، لا سيما في مجال الحد من مخاطر الكوارث؛</p>
        </content>
      </paragraph>
      <paragraph eId="para_34" class="SingleTxt">
        <content eId="para_34__content">
          <p xml:space="preserve">	7 -	<span class="bold italic">ترحب </span>ببرنامج عمل اتفاق باريس، المعروف باسم دفتر قواعد كاتوفيتسه، الذي اعتُمد في الجزء الثالث من الدورة الأولى لمؤتمر الأطراف العامل بوصفه اجتماع الأطراف في اتفاق باريس<sup>(</sup><authorialNote marker="25" placement="bottom" eId="authorialNote_25"><p xml:space="preserve">	()	انظر <a href="https://undocs.org//FCCC/CP/2018/10/Add.1">FCCC/CP/2018/10/Add.1</a>.</p></authorialNote><sup>)</sup> وتشجع الأطراف في اتفاق باريس على أن تقوم في الدورات المقبلة بوضع القرارات المعلقة في صيغتها النهائية؛</p>
        </content>
      </paragraph>
      <paragraph eId="para_35" class="SingleTxt">
        <content eId="para_35__content">
          <p xml:space="preserve">	8 -	<span class="bold italic">تحيط علما</span> بتقرير الأمينة التنفيذية لاتفاقية الأمم المتحدة الإطارية بشأن تغير المناخ عن أعمال الدورة الرابعة والعشرين لمؤتمر الأطراف في الاتفاقية<sup>(</sup><authorialNote marker="26" placement="bottom" eId="authorialNote_26"><p xml:space="preserve">	()	<a href="https://undocs.org//A/74/207">A/74/207</a>، الجزء الأول.</p></authorialNote><sup>)</sup>؛</p>
        </content>
      </paragraph>
      <paragraph eId="para_36" class="SingleTxt">
        <content eId="para_36__content">
          <p xml:space="preserve">	9 -	<span class="bold italic">تشدد </span>على ضرورة بذل جهود جماعية من أجل تعزيز التنمية المستدامة بأبعادها الثلاثة بطريقة مبتكرة ومنسقة وسليمة بيئيا ومنفتحة ومشتركة؛</p>
        </content>
      </paragraph>
      <paragraph eId="para_37" class="SingleTxt">
        <content eId="para_37__content">
          <p xml:space="preserve">	10 -	<span class="bold italic">تؤكد</span> ضرورة التصدي للآثار الاقتصادية والاجتماعية والبيئية لتغير المناخ، وتشدد على ضرورة اتخاذ إجراءات على كافة الأصعدة من أجل تعزيز الجهود الرامية إلى بناء القدرة على تحمل تغير المناخ، بسبل منها الإدارة المستدامة للنظم الإيكولوجية، وبناء القدرة على تحمل تغير المناخ من أجل خفض آثار وتكاليف الكوارث الطبيعية؛</p>
        </content>
      </paragraph>
      <paragraph eId="para_38" class="SingleTxt">
        <content eId="para_38__content">
          <p xml:space="preserve">	11 -	<span class="bold italic">تسلم</span> بأن تعزيز سبل الحصول على التمويل الدولي للأنشطة المتعلقة بالمناخ له أهمية في دعم مساعي التخفيف من آثار تغير المناخ والتكيف معه في البلدان النامية، لا سيما تلك المعرضة بشكل خاص للآثار الضارة لتغير المناخ، وتسلّم أيضا بالجهود المبذولة حاليا في هذا الصدد؛</p>
        </content>
      </paragraph>
      <paragraph eId="para_39" class="SingleTxt">
        <content eId="para_39__content">
          <p xml:space="preserve">	12 -	<span class="bold italic">تعترف</span> بالعمل المضطلع به في إطار شراكة مراكش للعمل المتعلق بتغير المناخ<sup>(</sup><authorialNote marker="27" placement="bottom" eId="authorialNote_27"><p xml:space="preserve">	()	انظر <a href="https://undocs.org//FCCC/CP/2016/10/Add.1">FCCC/CP/2016/10/Add.1</a>.</p></authorialNote><sup>)</sup>، وتشجع الجهات صاحبة المصلحة التي ليست أطرافا على تكثيف جهودها للتصدي لتغير المناخ والتعامل معه؛</p>
        </content>
      </paragraph>
      <paragraph eId="para_40" class="SingleTxt">
        <content eId="para_40__content">
          <p xml:space="preserve">	13 -	<span class="bold italic">ترحب</span> بقمة العمل المناخي لعام 2019 التي دعا إلى عقدها الأمين العام في 23 أيلول/سبتمبر، وتلاحظ المبادرات والالتزامات المتعددة الشركاء المقدمة خلال مؤتمر القمة، وتلاحظ أيضا عقد مؤتمر قمة الشباب المعني بالمناخ في 21 أيلول/سبتمبر؛</p>
        </content>
      </paragraph>
      <paragraph eId="para_41" class="SingleTxt">
        <content eId="para_41__content">
          <p xml:space="preserve">	14 -	<span class="bold italic">ترحب أيضا </span>بقيام رئيسة الجمعية العامة بعقد اجتماع رفيع المستوى، خلال الدورة الثالثة والسبعين للجمعية العامة، بشأن مسألة حماية المناخ العالمي لمنفعة الأجيال الحالية والمقبلة في سياق الأبعاد الاقتصادية والاجتماعية والبيئية لخطة التنمية المستدامة لعام 2030؛</p>
        </content>
      </paragraph>
      <paragraph eId="para_42" class="SingleTxt">
        <content eId="para_42__content">
          <p xml:space="preserve">	15 -	<span class="bold italic">تكرر الإعراب</span> عن تصميم مؤتمر الأطراف في اتفاقية الأمم المتحدة الإطارية بشأن تغير المناخ، على النحو المنصوص عليه في الفقرتين 3 و 4 من مقرره 1/م أ-19<sup>(</sup><authorialNote marker="28" placement="bottom" eId="authorialNote_28"><p xml:space="preserve">	()	انظر <a href="https://undocs.org//FCCC/CP/2013/10/Add.1">FCCC/CP/2013/10/Add.1</a>.</p></authorialNote><sup>)</sup>، على التعجيل بالتنفيذ التام للمقررات التي تمثل الوثيقة الختامية المتفق عليها عملا بمقرره 1/م أ-13<sup>(</sup><authorialNote marker="29" placement="bottom" eId="authorialNote_29"><p xml:space="preserve">	()	انظر <a href="https://undocs.org//FCCC/CP/2007/6/Add.1">FCCC/CP/2007/6/Add.1</a>.</p></authorialNote><sup>)</sup>، وعلى تعزيز التطلعات في الفترة السابقة لعام 2020 وذلك وفقا للمقرر 1/CP.21 ومن أجل كفالة بذل جميع الأطراف لأكبر قدر ممكن من جهود التخفيف بموجب الاتفاقية؛</p>
        </content>
      </paragraph>
      <paragraph eId="para_43" class="SingleTxt">
        <content eId="para_43__content">
          <p xml:space="preserve">	16 -	<span class="bold italic">ترحب</span> بتزايد عدد الأطراف التي قبلت تعديل الدوحة على بروتوكول كيوتو<sup>(</sup><authorialNote marker="30" placement="bottom" eId="authorialNote_30"><p xml:space="preserve">	()	انظر <a href="https://undocs.org//FCCC/KP/CMP/2012/13/Add.1">FCCC/KP/CMP/2012/13/Add.1</a>.</p></authorialNote><sup>)</sup> أو صدّقت عليه، حيث ارتفع عددها من 117 بلدا قبل سنة إلى 135 بلدا، وتعرب عن القلق لأن تعديل الدوحة لم يدخل بعد حيز النفاذ، وترحب بجهود الأطراف التي تنفذ فعلا تعديل الدوحة قبل دخوله حيز النفاذ؛</p>
        </content>
      </paragraph>
      <paragraph eId="para_44" class="SingleTxt">
        <content eId="para_44__content">
          <p xml:space="preserve">	17 -	<span class="bold italic">تدرك</span> أهمية تفادي الخسائر والأضرار المرتبطة بالتأثيرات الضارة لتغير المناخ وتقليصها إلى أدنى حد والتصدي لها لجميع البلدان، بما في ذلك الظواهر الجوية البالغة الشدة والظواهر البطيئة الحدوث، ودور التنمية المستدامة في خفض مخاطر التعرض للخسائر والأضرار، وتتطلع في هذا الصدد إلى نتائج استعراض آلية وارسو الدولية المعنية بالخسائر والأضرار المرتبطة بتأثيرات تغير المناخ، في سياق المقررات اللاحقة ذات الصلة بها التي اتخذها مؤتمر الأطراف في اتفاقية الأمم المتحدة الإطارية بشأن تغير المناخ، وبالمادة 8 من اتفاق باريس؛</p>
        </content>
      </paragraph>
      <paragraph eId="para_45" class="SingleTxt">
        <content eId="para_45__content">
          <p xml:space="preserve">	18 -	<span class="bold italic">تلاحظ مع التقدير</span> قيام حكومة شيلي، في مدريد، باستضافة الدورة الخامسة والعشرين لمؤتمر الأطراف في اتفاقية الأمم المتحدة الإطارية بشأن تغير المناخ والدورة الخامسة عشرة لمؤتمر الأطراف العامل بوصفه اجتماع الأطراف في بروتوكول كيوتو والدورة الثانية لمؤتمر الأطراف العامل بوصفه اجتماع الأطراف في اتفاق باريس، وذلك في مدريد خلال الفترة من 2 إلى 13 كانون الأول/ديسمبر 2019؛</p>
        </content>
      </paragraph>
      <paragraph eId="para_46" class="SingleTxt">
        <content eId="para_46__content">
          <p xml:space="preserve">	19 -	<span class="bold italic">تحث</span> الدول الأعضاء على أن تقوم، آخذة في اعتبارها أن النساء والفتيات كثيرا ما يتضررن بتغير المناخ على نحو غير متكافئ نظرا لعدم المساواة بين الجنسين واعتماد العديد من النساء على الموارد الطبيعية في معيشتهن، بتشجيع إدماج منظور جنساني في السياسات البيئية والسياسات المتعلقة بتغير المناخ، وتعزيز آليات مشاركة المرأة مشاركة كاملة وعلى قدم المساواة في صنع القرار على جميع المستويات بشأن القضايا البيئية وتوفير الموارد الكافية لهذه المشاركة، وتؤكد ضرورة التصدي للتحديات التي يطرحها تغير المناخ، والتي تؤثر، بصفة خاصة، على النساء والفتيات بسبب تغير المناخ، بما في ذلك من خلال تنفيذ خطة عمل جنسانية جديدة اعتمدها مؤتمر الأطراف في اتفاقية الأمم المتحدة الإطارية بشأن تغير المناخ في دورته الثالثة والعشرين<sup>(</sup><authorialNote marker="31" placement="bottom" eId="authorialNote_31"><p xml:space="preserve">	()	<a href="https://undocs.org//FCCC/CP/2017/11/Add.1">FCCC/CP/2017/11/Add.1</a>، المقرر 3/م أ-23، المرفق.</p></authorialNote><sup>)</sup>، وتتطلع إلى استعراضها بغية المضي قدما نحو تحقيق هدف تعزيز مراعاة المنظور الجنساني وتحقيق مشاركة المرأة بفعالية وعلى قدم المساواة في دعم الإجراءات المتعلقة بالمناخ؛</p>
        </content>
      </paragraph>
      <paragraph eId="para_47" class="SingleTxt">
        <content eId="para_47__content">
          <p xml:space="preserve">	20 -	<span class="bold italic">تشير</span> إلى خطة العمل الرامية إلى إدماج ممارسات التنمية المستدامة في إدارة العمليات والمرافق على نطاق الأمانة العامة التي قدمها الأمين العام<sup>(</sup><authorialNote marker="32" placement="bottom" eId="authorialNote_32"><p xml:space="preserve">	()	<a href="https://undocs.org//A/72/82">A/72/82</a>.</p></authorialNote><sup>)</sup> وأُقرت بقرارها <a href="https://undocs.org//A/RES/72/219">72/219</a>، وتطلب إلى الأمين العام أن يقدم تقريرا عن الإنجازات المتحققة في تنفيذها وتحسينها إلى الجمعية العامة في دورتها الخامسة والسبعين؛</p>
        </content>
      </paragraph>
      <paragraph eId="para_48" class="SingleTxt">
        <content eId="para_48__content">
          <p xml:space="preserve">	21 -	<span class="bold italic">تلاحظ</span> الأعمال الجارية التي يضطلع بها منبر المجتمعات المحلية والشعوب الأصلية التابع لاتفاقية الأمم المتحدة الإطارية بشأن تغير المناخ المنشأ من أجل تبادل الخبرات وأفضل الممارسات فيما يتعلق بالتخفيف من آثار تغير المناخ والتكيف معه بشكل شامل متكامل، وما ينطوي عليه من إمكانات، وتشير إلى المقرر 2/م أ -23 لمؤتمر الأطراف في الاتفاقية بشأن غرض المنتدى ووظائفه<sup>(</sup><authorialNote marker="33" placement="bottom" eId="authorialNote_33"><p xml:space="preserve">	()	انظر <a href="https://undocs.org//FCCC/CP/2017/11/Add.1">FCCC/CP/2017/11/Add.1</a>.</p></authorialNote><sup>)</sup> وإلى المقرر 2/م أ-24 لمؤتمر الأطراف بشأن إدارة المنتدى ومواصلة تفعيله<sup>(</sup><authorialNote marker="34" placement="bottom" eId="authorialNote_34"><p xml:space="preserve">	()	انظر <a href="https://undocs.org//FCCC/CP/2018/10/Add.1">FCCC/CP/2018/10/Add.1</a>.</p></authorialNote><sup>)</sup>؛</p>
        </content>
      </paragraph>
      <paragraph eId="para_49" class="SingleTxt">
        <content eId="para_49__content">
          <p xml:space="preserve">	22 -	<span class="bold italic">تقرر</span> أن تدرج في جدول الأمم المتحدة للمؤتمرات والاجتماعات لسنتي 2020 و 2021 دورات مؤتمر الأطراف في الاتفاقية وهيئاته الفرعية المزمع عقدها في عامي 2020 و 2021؛</p>
        </content>
      </paragraph>
      <paragraph eId="para_50" class="SingleTxt">
        <content eId="para_50__content">
          <p xml:space="preserve">	23 -	<span class="bold italic">تدعو</span> أمانة اتفاقية الأمم المتحدة الإطارية بشأن تغير المناخ إلى أن تقدم، عن طريق الأمين العام، تقريرا إلى الجمعية العامة في دورتها الخامسة والسبعين عن أعمال مؤتمر الأطراف في الاتفاقية، وتقرر أن تدرج في جدول الأعمال المؤقت لدورتها الخامسة والسبعين البند الفرعي المعنون ”حماية المناخ العالمي لمنفعة الأجيال البشرية الحالية والمقبلة“ في إطار البند المعنون ”التنمية المستدامة“.</p>
        </content>
      </paragraph>
    </mainBody>
    <conclusions eId="conclusions">
      <p>
        <inline name="adoptionMeeting" title="52">الجلسة العامة 52</inline>
        <eol />
        <docDate date="2019-12-19" refersTo="#adoptionDate">19 كانون الأول/ديسمبر 2019</docDate>
      </p>
    </conclusions>
  </statement>
</akomaNtoso>