<akomaNtoso xmlns:xsi="http://www.w3.org/2001/XMLSchema-instance" xsi:schemaLocation="http://docs.oasis-open.org/legaldocml/ns/akn/3.0 http://docs.oasis-open.org/legaldocml/akn-core/v1.0/os/part2-specs/schemas/akomantoso30.xsd" xmlns="http://docs.oasis-open.org/legaldocml/ns/akn/3.0" xmlns:html="http://www.w3.org/1999/xhtml" xmlns:akn4un="http://un.org/akn4un">
  <statement name="resolution">
    <meta>
      <identification source="#DGACM">
        <FRBRWork>
          <FRBRthis value="/akn/un/statement/deliberation/unga/2019-12-27/74-259/!main/"></FRBRthis>
          <FRBRuri value="/akn/un/statement/deliberation/unga/2019-12-27/74-259/"></FRBRuri>
          <FRBRdate date="2019-12-27" name="adoption"></FRBRdate>
          <FRBRauthor href="ga" as="author"></FRBRauthor>
          <FRBRcountry value="un"></FRBRcountry>
        </FRBRWork>
        <FRBRExpression>
          <FRBRthis value="/akn/un/statement/deliberation/unga/2019-12-27/74-259/ara@!main/"></FRBRthis>
          <FRBRuri value="/akn/un/statement/deliberation/unga/2019-12-27/74-259/ara@/"></FRBRuri>
          <FRBRdate date="2020-01-09" name="publication"></FRBRdate>
          <FRBRauthor href="ga" as="issuer"></FRBRauthor>
          <FRBRlanguage language="ara"></FRBRlanguage>
        </FRBRExpression>
        <FRBRManifestation>
          <FRBRthis value="/akn/un/statement/deliberation/unga/2019-12-27/74-259/ara@/!main.xml"></FRBRthis>
          <FRBRuri value="/akn/un/statement/deliberation/unga/2019-12-27/74-259/ara@.xml"></FRBRuri>
          <FRBRdate date="2020-09-20" name="markup"></FRBRdate>
          <FRBRauthor href="DGACM" as="editor"></FRBRauthor>
        </FRBRManifestation>
      </identification>
      <classification source="http://metadata.un.org/sdg">
        <keyword value="17.1" href="http://metadata.un.org/sdg/17.1" showAs="sdg_17.1" dictionary="SDGO"></keyword>
        <keyword value="developing_countries" href="http://eurovoc.europa.eu/2295" showAs="developing_countries" dictionary="EuroVoc"></keyword>
        <keyword value="economic_support" href="http://eurovoc.europa.eu/712" showAs="economic_support" dictionary="EuroVoc"></keyword>
        <keyword value="developing_countries" href="http://metadata.un.org/thesaurus/1001613" showAs="developing_countries" dictionary="UNBIS Thesaurus"></keyword>
        <keyword value="resources_mobilization" href="http://metadata.un.org/thesaurus/1005517" showAs="resources_mobilization" dictionary="UNBIS Thesaurus"></keyword>
      </classification>
      <workflow source="#un">
        <step date="2019-12-27" outcome="draftResolution" as="A/C.5/74/L.8" by="submitted by the Chair of the Committee" />
        <step date="0001-01-01" outcome="draftResolutionAdditionalSponsors" by="" />
        <step date="0001-01-01" outcome="recommendedForAdoption" as="A/74/601" by="" refersTo="6" />
        <step date="2019-12-27" outcome="adopted" as="A/74/PV.52" by="" />
      </workflow>
      <analysis source="#un">
        <parliamentary>
          <voting outcome="adoptedWithoutVote">
            <quorum value=""></quorum>
          </voting>
        </parliamentary>
      </analysis>
      <references source="#DGACM">
        <TLCOrganization eId="source" href="/akn/ontology/organization/un/DGACM" showAs="DGACM"></TLCOrganization>
        <TLCConcept eId="dateOfIssuance" href="/akn/ontology/concept/un/dateOfIssuance" showAs="Date of issuance"></TLCConcept>
        <TLCConcept eId="dateOfAdoption" href="/akn/ontology/concept/un/dateOfAdoption" showAs="Date of adoption"></TLCConcept>
        <TLCConcept eId="symbol" href="/akn/ontology/reference/un/symbol" showAs="Symbol"></TLCConcept>
        <TLCRole eId="publisher" href="/akn/ontology/role/un/publisher" showAs="Publisher"></TLCRole>
        <TLCRole eId="issuingBody" href="/akn/role/concept/un/issuingBody" showAs="Issuing body"></TLCRole>
        <TLCRole eId="author" href="/akn/ontology/role/un/author" showAs="Author"></TLCRole>
        <TLCRole eId="editor" href="/akn/ontology/role/un/editor" showAs="Editor"></TLCRole>
        <TLCRole eId="distribution" href="/akn/ontology/concept/un/generalDistribution" showAs="General distribution"></TLCRole>
        <TLCOrganization eId="ga" href="/akn/ontology/organization/un/generalAssembly" showAs="General Assembly"></TLCOrganization>
        <TLCTerm eId="resolutionTitle" href="/akn/ontology/reference/un/resolutionTitle" showAs="Resolution title"></TLCTerm>
        <TLCTerm eId="fifthCommittee" href="#fifthCommittee" showAs="اللجنة الخامسة"></TLCTerm>
        <TLCTerm eId="memberState" href="/akn/ontology/organization/un/memberState" showAs="Member State"></TLCTerm>
        <TLCTerm eId="inFavour" href="/akn/ontology/concept/un/voting/inFavour" showAs="In favour"></TLCTerm>
        <TLCTerm eId="against" href="/akn/ontology/concept/un/voting/against" showAs="Against"></TLCTerm>
        <TLCTerm eId="abstaining" href="/akn/ontology/concept/un/voting/abstaining" showAs="Abstaining"></TLCTerm>
      </references>
      <presentation source="#un">
        <akn4un:footerFirstPage>
          <akn4un:footerFirstPageLeft>
            <akn4un:internalCode>
              <docketNumber refersTo="#publicationJobNumber"></docketNumber>
              <img alt="bar code" class="barCode" src=""></img>
            </akn4un:internalCode>
          </akn4un:footerFirstPageLeft>
          <akn4un:footerFirstPageRight>
            <img alt="Please recycle" class="image" src="./recylcleLogo.jpg"></img>
            <img alt="embedded QR code" class="qrCode" src=""></img>
          </akn4un:footerFirstPageRight>
        </akn4un:footerFirstPage>
      </presentation>
    </meta>
    <coverPage eId="coverPage_1">
      <p>
        <span refersTo="#publisher" class="upperLeft">
          <docAuthority refersTo="#publisher">الأمــم المتحـدة</docAuthority>
        </span>
      </p>
      <p class="upperRight">
        <docNumber refersTo="#symbol">A/RES/74/259</docNumber>
      </p>
      <p class="upperLeft">
        <img src="logo-un.jpg"></img>
        <docAuthority refersTo="#issuingBody" class="rightBig">الجمعية العامة</docAuthority>
      </p>
      <p>
        <docStatus refersTo="#generalDistribution" class="rightSmall">Distr.: General</docStatus>
      </p>
      <p>
        <docDate date="2020-01-09" class="rightSmall" refersTo="#dateOfIssuance">9 January 2020</docDate>
      </p>
      <p>
        <session refersTo="#generalAssembly" value="74" eId="coverPage_1__session_1">الدورة الرابعة والسبعون</session>
      </p>
      <p>
        <inline name="agenda item">البند 147 من جدول الأعمال</inline>
      </p>
      <p>
        <inline name="agenda item name">تمويل الآلية الدولية لتصريف الأعمال المتبقية للمحكمتين الجنائيتين الدوليتين</inline>
      </p>
      <p>
        <docTitle>قرار اتخذته الجمعية العامة في 27 كانون الأول/ديسمبر 2019</docTitle>
      </p>
      <p xml:space="preserve">
        <docProponent refersTo="#fifthCommittee">[بناء على تقرير اللجنة الخامسة (<inline name="originating document">A/74/601</inline>)]</docProponent>
      </p>
    </coverPage>
    <preface>
      <p>
        <docNumber>74/259.</docNumber>
        <docTitle refersTo="#resolutionTitle">- تمويل الآلية الدولية لتصريف الأعمال المتبقية للمحكمتين الجنائيتين الدوليتين</docTitle>
      </p>
    </preface>
    <preamble>
      <formula name="enactingFormula" eId="formula_1">
        <p xml:space="preserve">
          <span class="bold italic">إن الجمعية العامة</span>،</p>
      </formula>
    </preamble>
    <mainBody>
      <section>
      <paragraph eId="para_2" class="SingleTxt">
      <num>		أولا</num>
      </paragraph>
      <paragraph eId="para_3" class="SingleTxt">
      <subheading>		تقرير الأداء الثاني عن ميزانية الآلية الدولية لتصريف الأعمال المتبقية للمحكمتين الجنائيتين الدوليتين لفترة السنتين 2018-2019</subheading>
      </paragraph>
      <crossHeading refersTo="#preamble" eId="preamble_4">
            <span class="bold italic">	وقد نظرت</span> في تقرير الأداء الثاني للأمين العام عن ميزانية الآلية الدولية لتصريف الأعمال المتبقية للمحكمتين الجنائيتين الدوليتين لفترة السنتين 2018-2019<sup>(</sup><authorialNote marker="1" placement="bottom" eId="authorialNote_1"><p xml:space="preserve">	()	<a href="https://undocs.org//A/74/566">A/74/566</a>.</p></authorialNote><sup>)</sup>، وتقرير اللجنة الاستشارية لشؤون الإدارة والميزانية ذي الصلة<sup>(</sup><authorialNote marker="2" placement="bottom" eId="authorialNote_2"><p xml:space="preserve">	()	<a href="https://undocs.org//A/74/593">A/74/593</a>.</p></authorialNote><sup>)</sup>، والتقرير المالي والبيانات المالية المراجعة للسنة المنتهية في 31 كانون الأول/ ديسمبر 2018 وتقرير مجلس مراجعي الحسابات عن آلية تصريف الأعمال المتبقية للمحكمتين الجنائيتين<sup>(</sup><authorialNote marker="3" placement="bottom" eId="authorialNote_3"><p xml:space="preserve">	()	<span class="italic">الوثائق الرسمية للجمعية العامة، الدورة الرابعة والسبعون، الملحق رقم 50</span> (<a href="https://undocs.org//A/74/5/Add.15">A/74/5/Add.15</a>).</p></authorialNote><sup>)</sup> والتوصيات الواردة فيها،</crossHeading>
      <crossHeading refersTo="#preamble" eId="preamble_5">
        <span class="bold italic">	وإذ تشير</span> إلى قرارها <a href="https://undocs.org//A/RES/66/240">66/240</a> ألف المؤرخ 24 كانون الأول/ديسمبر 2011 بشأن تمويل الآلية الدولية لتصريف الأعمال المتبقية للمحكمتين الجنائيتين وإلى قراراتها اللاحقة بهذا الشأن، وآخرها القرار <a href="https://undocs.org//A/RES/73/277">73/277</a> المؤرخ 22 كانون الأول/ديسمبر 2018،</crossHeading>
      <paragraph eId="para_6" class="SingleTxt">
        <content eId="para_6__content">
          <p xml:space="preserve">	1 -<span class="bold italic">	تحيط علما </span>بتقرير الأداء الثاني للأمين العام عن ميزانية الآلية الدولية لتصريف الأعمال المتبقية للمحكمتين الجنائيتين الدوليتين لفترة السنتين 2018-2019<sup>(1)</sup>؛</p>
        </content>
      </paragraph>
      <paragraph eId="para_7" class="SingleTxt">
        <content eId="para_7__content">
          <p xml:space="preserve">	2 -	<span class="bold italic">تؤيــد</span> الاستنتاجات والتوصيات الواردة في الفرع - الثاني من تقرير اللجنة الاستشارية لشؤون الإدارة والميزانية<sup>(2)</sup>؛</p>
        </content>
      </paragraph>
      <paragraph eId="para_8" class="SingleTxt">
        <content eId="para_8__content">
          <p xml:space="preserve">	3 -	<span class="bold italic">تقرر</span>، بالنسبة لفترة السنتين 2018-2019، تسوية الاعتماد الذي يبلغ إجماليه 600 720 195 دولار من دولارات الولايات المتحدة (صافيه 800 690 174 دولار) الموافق عليه في قرارها <a href="https://undocs.org//A/RES/73/277">73/277</a> لتمويل الآلية بخصم مبلغ إجماليه 300 292 10 دولار (صافيه 900 668 8 دولار) ليصبح مجموع الاعتماد مبلغا إجماليه 300 428 185 دولار (صافيه 900 021 166 دولار)؛</p>
        </content>
      </paragraph>
      </section>
      <section>
        <paragraph eId="para_9" class="SingleTxt">  
      <num>		ثانيا</num>
        </paragraph>
        <paragraph eId="para_10" class="SingleTxt">
      <subheading>		ميزانية الآلية الدولية لتصريف الأعمال المتبقية للمحكمتين الجنائيتين لعام 2020</subheading>
        </paragraph>
        <crossHeading refersTo="#preamble" eId="preamble_11">            <span class="bold italic">	وقد نظرت </span>في تقريرَي الأمين العام عن الميزانية المقترحة للآلية الدولية لتصريف الأعمال المتبقية للمحكمتين الجنائيتين لعام 2020<sup>(</sup><authorialNote marker="4" placement="bottom" eId="authorialNote_4"><p xml:space="preserve">	()	<a href="https://undocs.org//A/74/355">A/74/355</a> و <a href="https://undocs.org//A/74/355/Corr.1">A/74/355/Corr.1</a>.</p></authorialNote><sup>)</sup> وعن التقديرات المنقحة الناشئة عن آثار التغيرات في أسعار الصرف ومعدلات التضخم<sup>(</sup><authorialNote marker="5" placement="bottom" eId="authorialNote_5"><p xml:space="preserve">	()	<a href="https://undocs.org//A/74/586">A/74/586</a>.</p></authorialNote><sup>)</sup>،</crossHeading>
          <crossHeading refersTo="#preamble" eId="preamble_12">
            <span class="bold italic">	وقد نظرت أيضا</span> في تقريري اللجنة الاستشارية<sup>(</sup><authorialNote marker="6" placement="bottom" eId="authorialNote_6"><p xml:space="preserve">	()	<a href="https://undocs.org//A/74/593">A/74/593</a> و <a href="https://undocs.org//A/74/7/Add.31">A/74/7/Add.31</a>.</p></authorialNote><sup>)</sup>،</crossHeading>
      <paragraph eId="para_13" class="SingleTxt">
        <content eId="para_13__content">
          <p xml:space="preserve">	1 -	<span class="bold italic">تحيط علما</span> بتقريري الأمين العام عن الميزانية المقترحة للآلية الدولية لتصريف الأعمال المتبقية للمحكمتين الجنائيتين الدوليتين لعام 2020<sup>(4)</sup> وعن التقديرات المنقحة الناشئة عن آثار التغيرات في أسعار الصرف ومعدلات التضخم<sup>(5)</sup>؛</p>
        </content>
      </paragraph>
      <paragraph eId="para_14" class="SingleTxt">
        <content eId="para_14__content">
          <p xml:space="preserve">	2 -	<span class="bold italic">تؤيد</span> الاستنتاجات والتوصيات الواردة في تقريري اللجنة الاستشارية<sup>(6)</sup>؛</p>
        </content>
      </paragraph>
      <paragraph eId="para_15" class="SingleTxt">
        <content eId="para_15__content">
          <p xml:space="preserve">	3 -	<span class="bold italic">تقرر </span>إنشاء وظيفة مؤقتة واحدة من الرتبة ف-4 (الميزانية والمالية) في فرع أروشا، في حدود الموارد المتاحة؛</p>
        </content>
      </paragraph>
      <paragraph eId="para_16" class="SingleTxt">
        <content eId="para_16__content">
          <p xml:space="preserve">	4 -	<span class="bold italic">تطلب</span> إلى الأمين العام أن يكفل قيام الآلية ببذل قصارى جهدها لإنجاز ما تبقى من عملها على وجه السرعة؛</p>
        </content>
      </paragraph>
      <paragraph eId="para_17" class="SingleTxt">
        <content eId="para_17__content">
          <p xml:space="preserve">	5 -	<span class="bold italic">تقرر</span> أن تعتمد للحساب الخاص للآلية الدولية لتصريف الأعمال المتبقية للمحكمتين الجنائيتين مبلغا إجماليه 500 924 96 دولار (صافيه 800 911 86 دولار) لعام 2020، على النحو المبين بالتفصيل في مرفق هذا القرار؛</p>
        </content>
      </paragraph>
      <paragraph eId="para_18" class="SingleTxt">
        <content eId="para_18__content">
          <p xml:space="preserve">	6 -	<span class="bold italic">تقرر أيضا </span>أن يتألف مجموع الأنصبة المقررة لعام 2020 في إطار الحساب الخاص، البالغ 200 632 86 دولار، مما يلي:</p>
        </content>
      </paragraph>
      <paragraph eId="para_19" class="SingleTxt">
        <content eId="para_19__content">
          <p xml:space="preserve">	(أ)	مبلغ 500 924 96 دولار، يمثل الاعتماد المقدر الموافق عليه للفترة؛</p>
        </content>
      </paragraph>
      <paragraph eId="para_20" class="SingleTxt">
        <content eId="para_20__content">
          <p xml:space="preserve">	(ب)	مخصوما منه مبلغ قدره 300 292 10 دولار، يمثل الانخفاض في الاعتماد النهائي لفترة السنتين 2018-2019، الذي وافقت عليه الجمعية العامة في الفقرة 3 من الجزء الأول أعلاه؛</p>
        </content>
      </paragraph>
      <paragraph eId="para_21" class="SingleTxt">
        <content eId="para_21__content">
          <p xml:space="preserve">	7 -	<span class="bold italic">تقرر كذلك</span> أن تقسّم فيما بين الدول الأعضاء مبلغا إجماليه 100 316 43 دولار (صافيه 450 121 39 دولارا) وفقا لجدول الأنصبة المقررة المطبق على الميزانية العادية للأمم المتحدة لعام 2020؛</p>
        </content>
      </paragraph>
      <paragraph eId="para_22" class="SingleTxt">
        <content eId="para_22__content">
          <p xml:space="preserve">	8 -	<span class="bold italic">تقرر </span>أن تقسّم فيما بين الدول الأعضاء مبلغا إجماليه 100 316 43 دولار (صافيه 450 121 39 دولارا) وفقا لجدول الأنصبة المقررة المطبق على عمليات الأمم المتحدة لحفظ السلام لعام 2020؛</p>
        </content>
      </paragraph>
      <paragraph eId="para_23" class="SingleTxt">
        <content eId="para_23__content">
          <p xml:space="preserve">	9 -	<span class="bold italic">تقـرر أيضا </span>أن تخصم، وفقا لأحكام قرارها 973 (د-10) المؤرخ 15 كانون الأول/ديسمبر 1955، من المبلغ المقسم فيما بين الدول الأعضاء، على النحو المنصوص عليــه في الفقــرتين 7 و 8 أعلاه، حصــة كل منهـا في صندوق معادلة الضرائب من الإيرادات المقدر أن تأتي من الاقتطاعات الإلزامية من مرتبات الموظفين البالغة 300 389 8 دولار والموافق عليها للآلية لعام 2020.</p>
        </content>
      </paragraph>
      </section>
    </mainBody>
    <conclusions eId="conclusions">
      <p>
        <inline name="adoptionMeeting" title="52">الجلسة العامة (المستأنفة) 52</inline>
        <eol />
        <docDate date="2019-12-27" refersTo="#adoptionDate">27 كانون الأول/ديسمبر 2019</docDate>
      </p>
    </conclusions>
    <attachments>
      <attachment>
        <doc name="annex">
          <meta>
            <identification source="#DGACM">
              <FRBRWork>
                <FRBRthis value="/akn/un/statement/deliberation/unga/2019-12-27/74-259/!main/annex"></FRBRthis>
                <FRBRuri value="/akn/un/statement/deliberation/unga/2019-12-27/74-259/"></FRBRuri>
                <FRBRdate date="2019-12-27" name="adoption"></FRBRdate>
                <FRBRauthor href="ga" as="author"></FRBRauthor>
                <FRBRcountry value="un"></FRBRcountry>
              </FRBRWork>
              <FRBRExpression>
                <FRBRthis value="/akn/un/statement/deliberation/unga/2019-12-27/74-259/ara@!main/annex"></FRBRthis>
                <FRBRuri value="/akn/un/statement/deliberation/unga/2019-12-27/74-259/ara@/"></FRBRuri>
                <FRBRdate date="2020-01-09" name="publication"></FRBRdate>
                <FRBRauthor href="ga" as="issuer"></FRBRauthor>
                <FRBRlanguage language="ara"></FRBRlanguage>
              </FRBRExpression>
              <FRBRManifestation>
                <FRBRthis value="/akn/un/statement/deliberation/unga/2019-12-27/74-259/ara@/!main/annex.xml"></FRBRthis>
                <FRBRuri value="/akn/un/statement/deliberation/unga/2019-12-27/74-259/ara@.xml"></FRBRuri>
                <FRBRdate date="2020-07-31" name="markup"></FRBRdate>
                <FRBRauthor href="DGACM" as="editor"></FRBRauthor>
              </FRBRManifestation>
            </identification>
          </meta>
        <mainBody>        
          <paragraph eId="para_26" class="H1">
          <content eId="para_26__content">
            <p xml:space="preserve">
              <docType>ا رفق</docType>
              <docTitle>		تمويل الآلية الدولية لتصريف الأعمال المتبقية للمحكمتين الجنائيتين لعام 2020</docTitle>
            </p>
          </content>
        </paragraph>
        <container name="table" eId="container_27">
          <table eId="container_27_table_1" akn4un:data-width-type="7320-dxa">
            <tr>
              <th akn4un:data-borders-info="{&quot;Top&quot;:{&quot;Style&quot;:&quot;single&quot;,&quot;Size&quot;:4,&quot;Space&quot;:0},&quot;Right&quot;:null,&quot;Bottom&quot;:null,&quot;Left&quot;:null,&quot;InsideHorizontal&quot;:null,&quot;InsideVertical&quot;:null}" akn4un:data-vertical-align="bottom" akn4un:data-width-type="3722-dxa"></th>
              <th akn4un:data-borders-info="{&quot;Top&quot;:{&quot;Style&quot;:&quot;single&quot;,&quot;Size&quot;:4,&quot;Space&quot;:0},&quot;Right&quot;:null,&quot;Bottom&quot;:{&quot;Style&quot;:&quot;single&quot;,&quot;Size&quot;:4,&quot;Space&quot;:0},&quot;Left&quot;:null,&quot;InsideHorizontal&quot;:null,&quot;InsideVertical&quot;:null}" akn4un:data-vertical-align="bottom" akn4un:data-width-type="1712-dxa">
                <p>
                  <span class="italic">الإجمالي</span>
                </p>
              </th>
              <th akn4un:data-borders-info="{&quot;Top&quot;:{&quot;Style&quot;:&quot;single&quot;,&quot;Size&quot;:4,&quot;Space&quot;:0},&quot;Right&quot;:null,&quot;Bottom&quot;:{&quot;Style&quot;:&quot;single&quot;,&quot;Size&quot;:4,&quot;Space&quot;:0},&quot;Left&quot;:null,&quot;InsideHorizontal&quot;:null,&quot;InsideVertical&quot;:null}" akn4un:data-vertical-align="bottom" akn4un:data-width-type="1886-dxa">
                <p>
                  <span class="italic">بعد خصم الاقتطاعات الإلزامية من مرتبات الموظفين</span>
                </p>
              </th>
            </tr>
            <tr>
              <th akn4un:data-borders-info="{&quot;Top&quot;:null,&quot;Right&quot;:null,&quot;Bottom&quot;:{&quot;Style&quot;:&quot;single&quot;,&quot;Size&quot;:12,&quot;Space&quot;:0},&quot;Left&quot;:null,&quot;InsideHorizontal&quot;:null,&quot;InsideVertical&quot;:null}" akn4un:data-vertical-align="bottom" akn4un:data-width-type="3722-dxa"></th>
              <th akn4un:data-borders-info="{&quot;Top&quot;:{&quot;Style&quot;:&quot;single&quot;,&quot;Size&quot;:4,&quot;Space&quot;:0},&quot;Right&quot;:null,&quot;Bottom&quot;:{&quot;Style&quot;:&quot;single&quot;,&quot;Size&quot;:12,&quot;Space&quot;:0},&quot;Left&quot;:null,&quot;InsideHorizontal&quot;:null,&quot;InsideVertical&quot;:null}" akn4un:data-vertical-align="bottom" colspan="2" akn4un:data-width-type="3598-dxa" akn4un:data-justification="Center">
                <p>
                  <span class="italic">(بدولارات الولايات المتحدة)</span>
                </p>
              </th>
            </tr>
            <tr>
              <th akn4un:data-borders-info="{&quot;Top&quot;:{&quot;Style&quot;:&quot;single&quot;,&quot;Size&quot;:12,&quot;Space&quot;:0},&quot;Right&quot;:null,&quot;Bottom&quot;:null,&quot;Left&quot;:null,&quot;InsideHorizontal&quot;:null,&quot;InsideVertical&quot;:null}" akn4un:data-vertical-align="bottom" akn4un:data-width-type="3722-dxa"></th>
              <th akn4un:data-borders-info="{&quot;Top&quot;:{&quot;Style&quot;:&quot;single&quot;,&quot;Size&quot;:12,&quot;Space&quot;:0},&quot;Right&quot;:null,&quot;Bottom&quot;:null,&quot;Left&quot;:null,&quot;InsideHorizontal&quot;:null,&quot;InsideVertical&quot;:null}" akn4un:data-vertical-align="bottom" akn4un:data-width-type="1712-dxa"></th>
              <th akn4un:data-borders-info="{&quot;Top&quot;:{&quot;Style&quot;:&quot;single&quot;,&quot;Size&quot;:12,&quot;Space&quot;:0},&quot;Right&quot;:null,&quot;Bottom&quot;:null,&quot;Left&quot;:null,&quot;InsideHorizontal&quot;:null,&quot;InsideVertical&quot;:null}" akn4un:data-vertical-align="bottom" akn4un:data-width-type="1886-dxa"></th>
            </tr>
            <tr>
              <td akn4un:data-vertical-align="bottom" akn4un:data-width-type="3722-dxa">
                <p>الاعتماد المقدر لعام 2020 (<a href="https://undocs.org//A/74/355">A/74/355</a> و <a href="https://undocs.org//A/74/355/Corr.1">A/74/355/Corr.1</a>)</p>
              </td>
              <td akn4un:data-vertical-align="bottom" akn4un:data-width-type="1712-dxa">
                <p>900 054 106</p>
              </td>
              <td akn4un:data-vertical-align="bottom" akn4un:data-width-type="1886-dxa">
                <p>800 793 94</p>
              </td>
            </tr>
            <tr>
              <td akn4un:data-vertical-align="bottom" akn4un:data-width-type="3722-dxa">
                <p>التقديرات المنقحة: آثار التغيرات في أسعار الصرف ومعدلات التضخم</p>
              </td>
              <td akn4un:data-vertical-align="bottom" akn4un:data-width-type="1712-dxa">
                <p>(400 488 3)</p>
              </td>
              <td akn4un:data-vertical-align="bottom" akn4un:data-width-type="1886-dxa">
                <p>(900 967 2)</p>
              </td>
            </tr>
            <tr>
              <td akn4un:data-vertical-align="bottom" akn4un:data-width-type="3722-dxa">
                <p>توصيات اللجنة الاستشارية لشؤون الإدارة والميزانية<sup>(أ)</sup></p>
              </td>
              <td akn4un:data-vertical-align="bottom" akn4un:data-width-type="1712-dxa">
                <p>(000 642 5)</p>
              </td>
              <td akn4un:data-vertical-align="bottom" akn4un:data-width-type="1886-dxa">
                <p>(100 914 4)</p>
              </td>
            </tr>
            <tr>
              <td akn4un:data-borders-info="{&quot;Top&quot;:null,&quot;Right&quot;:null,&quot;Bottom&quot;:{&quot;Style&quot;:&quot;single&quot;,&quot;Size&quot;:4,&quot;Space&quot;:0},&quot;Left&quot;:null,&quot;InsideHorizontal&quot;:null,&quot;InsideVertical&quot;:null}" akn4un:data-vertical-align="bottom" akn4un:data-width-type="3722-dxa">
                <p>توصيات اللجنة الخامسة </p>
              </td>
              <td akn4un:data-borders-info="{&quot;Top&quot;:null,&quot;Right&quot;:null,&quot;Bottom&quot;:{&quot;Style&quot;:&quot;single&quot;,&quot;Size&quot;:4,&quot;Space&quot;:0},&quot;Left&quot;:null,&quot;InsideHorizontal&quot;:null,&quot;InsideVertical&quot;:null}" akn4un:data-vertical-align="bottom" akn4un:data-width-type="1712-dxa">
                <p>-</p>
              </td>
              <td akn4un:data-borders-info="{&quot;Top&quot;:null,&quot;Right&quot;:null,&quot;Bottom&quot;:{&quot;Style&quot;:&quot;single&quot;,&quot;Size&quot;:4,&quot;Space&quot;:0},&quot;Left&quot;:null,&quot;InsideHorizontal&quot;:null,&quot;InsideVertical&quot;:null}" akn4un:data-vertical-align="bottom" akn4un:data-width-type="1886-dxa">
                <p>-</p>
              </td>
            </tr>
            <tr>
              <td akn4un:data-borders-info="{&quot;Top&quot;:{&quot;Style&quot;:&quot;single&quot;,&quot;Size&quot;:4,&quot;Space&quot;:0},&quot;Right&quot;:null,&quot;Bottom&quot;:{&quot;Style&quot;:&quot;single&quot;,&quot;Size&quot;:4,&quot;Space&quot;:0},&quot;Left&quot;:null,&quot;InsideHorizontal&quot;:null,&quot;InsideVertical&quot;:null}" akn4un:data-vertical-align="bottom" akn4un:data-width-type="3722-dxa">
                <p>
                  <span class="bold">	الاعتماد الأولي المقدَّر لعام 2020</span>
                </p>
              </td>
              <td akn4un:data-borders-info="{&quot;Top&quot;:{&quot;Style&quot;:&quot;single&quot;,&quot;Size&quot;:4,&quot;Space&quot;:0},&quot;Right&quot;:null,&quot;Bottom&quot;:{&quot;Style&quot;:&quot;single&quot;,&quot;Size&quot;:4,&quot;Space&quot;:0},&quot;Left&quot;:null,&quot;InsideHorizontal&quot;:null,&quot;InsideVertical&quot;:null}" akn4un:data-vertical-align="bottom" akn4un:data-width-type="1712-dxa">
                <p>
                  <span class="bold">500 924 96</span>
                </p>
              </td>
              <td akn4un:data-borders-info="{&quot;Top&quot;:{&quot;Style&quot;:&quot;single&quot;,&quot;Size&quot;:4,&quot;Space&quot;:0},&quot;Right&quot;:null,&quot;Bottom&quot;:{&quot;Style&quot;:&quot;single&quot;,&quot;Size&quot;:4,&quot;Space&quot;:0},&quot;Left&quot;:null,&quot;InsideHorizontal&quot;:null,&quot;InsideVertical&quot;:null}" akn4un:data-vertical-align="bottom" akn4un:data-width-type="1886-dxa">
                <p>
                  <span class="bold">800 911 86</span>
                </p>
              </td>
            </tr>
            <tr>
              <td akn4un:data-borders-info="{&quot;Top&quot;:{&quot;Style&quot;:&quot;single&quot;,&quot;Size&quot;:4,&quot;Space&quot;:0},&quot;Right&quot;:null,&quot;Bottom&quot;:null,&quot;Left&quot;:null,&quot;InsideHorizontal&quot;:null,&quot;InsideVertical&quot;:null}" akn4un:data-vertical-align="bottom" akn4un:data-width-type="3722-dxa">
                <p>مجموع الأنصبة المقررة لعام 2020</p>
              </td>
              <td akn4un:data-borders-info="{&quot;Top&quot;:{&quot;Style&quot;:&quot;single&quot;,&quot;Size&quot;:4,&quot;Space&quot;:0},&quot;Right&quot;:null,&quot;Bottom&quot;:null,&quot;Left&quot;:null,&quot;InsideHorizontal&quot;:null,&quot;InsideVertical&quot;:null}" akn4un:data-vertical-align="bottom" akn4un:data-width-type="1712-dxa"></td>
              <td akn4un:data-borders-info="{&quot;Top&quot;:{&quot;Style&quot;:&quot;single&quot;,&quot;Size&quot;:4,&quot;Space&quot;:0},&quot;Right&quot;:null,&quot;Bottom&quot;:null,&quot;Left&quot;:null,&quot;InsideHorizontal&quot;:null,&quot;InsideVertical&quot;:null}" akn4un:data-vertical-align="bottom" akn4un:data-width-type="1886-dxa"></td>
            </tr>
            <tr>
              <td akn4un:data-vertical-align="bottom" akn4un:data-width-type="3722-dxa">
                <p>	الاحتياجات لعام 2020</p>
              </td>
              <td akn4un:data-vertical-align="bottom" akn4un:data-width-type="1712-dxa">
                <p>500 924 96</p>
              </td>
              <td akn4un:data-vertical-align="bottom" akn4un:data-width-type="1886-dxa">
                <p>800 911 86</p>
              </td>
            </tr>
            <tr>
              <td akn4un:data-borders-info="{&quot;Top&quot;:null,&quot;Right&quot;:null,&quot;Bottom&quot;:{&quot;Style&quot;:&quot;single&quot;,&quot;Size&quot;:4,&quot;Space&quot;:0},&quot;Left&quot;:null,&quot;InsideHorizontal&quot;:null,&quot;InsideVertical&quot;:null}" akn4un:data-vertical-align="bottom" akn4un:data-width-type="3722-dxa">
                <p>	الاحتياجات الناشئة عن الاعتماد النهائي لفترة السنتين 2018-2019</p>
              </td>
              <td akn4un:data-borders-info="{&quot;Top&quot;:null,&quot;Right&quot;:null,&quot;Bottom&quot;:{&quot;Style&quot;:&quot;single&quot;,&quot;Size&quot;:4,&quot;Space&quot;:0},&quot;Left&quot;:null,&quot;InsideHorizontal&quot;:null,&quot;InsideVertical&quot;:null}" akn4un:data-vertical-align="bottom" akn4un:data-width-type="1712-dxa">
                <p>(300 292 10)</p>
              </td>
              <td akn4un:data-borders-info="{&quot;Top&quot;:null,&quot;Right&quot;:null,&quot;Bottom&quot;:{&quot;Style&quot;:&quot;single&quot;,&quot;Size&quot;:4,&quot;Space&quot;:0},&quot;Left&quot;:null,&quot;InsideHorizontal&quot;:null,&quot;InsideVertical&quot;:null}" akn4un:data-vertical-align="bottom" akn4un:data-width-type="1886-dxa">
                <p>(900 668 8)</p>
              </td>
            </tr>
            <tr>
              <td akn4un:data-borders-info="{&quot;Top&quot;:{&quot;Style&quot;:&quot;single&quot;,&quot;Size&quot;:4,&quot;Space&quot;:0},&quot;Right&quot;:null,&quot;Bottom&quot;:{&quot;Style&quot;:&quot;single&quot;,&quot;Size&quot;:4,&quot;Space&quot;:0},&quot;Left&quot;:null,&quot;InsideHorizontal&quot;:null,&quot;InsideVertical&quot;:null}" akn4un:data-vertical-align="bottom" akn4un:data-width-type="3722-dxa">
                <p>
                  <span class="bold">	صافي الاشتراكات المقررة على الدول الأعضاء لعام 2020</span>
                </p>
              </td>
              <td akn4un:data-borders-info="{&quot;Top&quot;:{&quot;Style&quot;:&quot;single&quot;,&quot;Size&quot;:4,&quot;Space&quot;:0},&quot;Right&quot;:null,&quot;Bottom&quot;:{&quot;Style&quot;:&quot;single&quot;,&quot;Size&quot;:4,&quot;Space&quot;:0},&quot;Left&quot;:null,&quot;InsideHorizontal&quot;:null,&quot;InsideVertical&quot;:null}" akn4un:data-vertical-align="bottom" akn4un:data-width-type="1712-dxa">
                <p>
                  <span class="bold">200 632 86</span>
                </p>
              </td>
              <td akn4un:data-borders-info="{&quot;Top&quot;:{&quot;Style&quot;:&quot;single&quot;,&quot;Size&quot;:4,&quot;Space&quot;:0},&quot;Right&quot;:null,&quot;Bottom&quot;:{&quot;Style&quot;:&quot;single&quot;,&quot;Size&quot;:4,&quot;Space&quot;:0},&quot;Left&quot;:null,&quot;InsideHorizontal&quot;:null,&quot;InsideVertical&quot;:null}" akn4un:data-vertical-align="bottom" akn4un:data-width-type="1886-dxa">
                <p>
                  <span class="bold">900 242 78</span>
                </p>
              </td>
            </tr>
            <tr>
              <td akn4un:data-borders-info="{&quot;Top&quot;:{&quot;Style&quot;:&quot;single&quot;,&quot;Size&quot;:4,&quot;Space&quot;:0},&quot;Right&quot;:null,&quot;Bottom&quot;:null,&quot;Left&quot;:null,&quot;InsideHorizontal&quot;:null,&quot;InsideVertical&quot;:null}" akn4un:data-vertical-align="bottom" akn4un:data-width-type="3722-dxa">
                <p>
                  <span class="italic">شاملا</span>:</p>
              </td>
              <td akn4un:data-borders-info="{&quot;Top&quot;:{&quot;Style&quot;:&quot;single&quot;,&quot;Size&quot;:4,&quot;Space&quot;:0},&quot;Right&quot;:null,&quot;Bottom&quot;:null,&quot;Left&quot;:null,&quot;InsideHorizontal&quot;:null,&quot;InsideVertical&quot;:null}" akn4un:data-vertical-align="bottom" akn4un:data-width-type="1712-dxa"></td>
              <td akn4un:data-borders-info="{&quot;Top&quot;:{&quot;Style&quot;:&quot;single&quot;,&quot;Size&quot;:4,&quot;Space&quot;:0},&quot;Right&quot;:null,&quot;Bottom&quot;:null,&quot;Left&quot;:null,&quot;InsideHorizontal&quot;:null,&quot;InsideVertical&quot;:null}" akn4un:data-vertical-align="bottom" akn4un:data-width-type="1886-dxa"></td>
            </tr>
            <tr>
              <td akn4un:data-vertical-align="bottom" akn4un:data-width-type="3722-dxa">
                <p>	الاشتراكات المقررة على الدول الأعضاء وفقا لجدول الأنصبة المقررة المطبق على الميزانية العادية للأمم المتحدة لعام 2020</p>
              </td>
              <td akn4un:data-vertical-align="bottom" akn4un:data-width-type="1712-dxa">
                <p>100 316 43</p>
              </td>
              <td akn4un:data-vertical-align="bottom" akn4un:data-width-type="1886-dxa">
                <p>450 121 39</p>
              </td>
            </tr>
            <tr>
              <td akn4un:data-borders-info="{&quot;Top&quot;:null,&quot;Right&quot;:null,&quot;Bottom&quot;:{&quot;Style&quot;:&quot;single&quot;,&quot;Size&quot;:12,&quot;Space&quot;:0},&quot;Left&quot;:null,&quot;InsideHorizontal&quot;:null,&quot;InsideVertical&quot;:null}" akn4un:data-vertical-align="bottom" akn4un:data-width-type="3722-dxa">
                <p>	الاشتراكات المقررة على الدول الأعضاء وفقا لجدول الأنصبة المقررة المطبق على عمليات الأمم المتحدة لحفظ السلام لعام 2020</p>
              </td>
              <td akn4un:data-borders-info="{&quot;Top&quot;:null,&quot;Right&quot;:null,&quot;Bottom&quot;:{&quot;Style&quot;:&quot;single&quot;,&quot;Size&quot;:12,&quot;Space&quot;:0},&quot;Left&quot;:null,&quot;InsideHorizontal&quot;:null,&quot;InsideVertical&quot;:null}" akn4un:data-vertical-align="bottom" akn4un:data-width-type="1712-dxa">
                <p>100 316 43</p>
              </td>
              <td akn4un:data-borders-info="{&quot;Top&quot;:null,&quot;Right&quot;:null,&quot;Bottom&quot;:{&quot;Style&quot;:&quot;single&quot;,&quot;Size&quot;:12,&quot;Space&quot;:0},&quot;Left&quot;:null,&quot;InsideHorizontal&quot;:null,&quot;InsideVertical&quot;:null}" akn4un:data-vertical-align="bottom" akn4un:data-width-type="1886-dxa">
                <p>450 121 39</p>
              </td>
            </tr>
          </table>
        </container>
        <paragraph eId="para_28" class="FootnoteText">
          <content eId="para_28__content">
            <p xml:space="preserve">	(أ)	بما يعكس المبالغ بعد إعادة تقدير التكاليف.</p>
          </content>
        </paragraph>
        </mainBody>
        </doc>
      </attachment>
    </attachments>
  </statement>
</akomaNtoso>