<akomaNtoso xmlns:xsi="http://www.w3.org/2001/XMLSchema-instance" xsi:schemaLocation="http://docs.oasis-open.org/legaldocml/ns/akn/3.0 http://docs.oasis-open.org/legaldocml/akn-core/v1.0/os/part2-specs/schemas/akomantoso30.xsd" xmlns="http://docs.oasis-open.org/legaldocml/ns/akn/3.0" xmlns:html="http://www.w3.org/1999/xhtml" xmlns:akn4un="http://un.org/akn4un">
  <statement name="resolution">
    <meta>
      <identification source="#DGACM">
        <FRBRWork>
          <FRBRthis value="/akn/un/statement/deliberation/unga/2019-12-11/74-20/!main/"></FRBRthis>
          <FRBRuri value="/akn/un/statement/deliberation/unga/2019-12-11/74-20/"></FRBRuri>
          <FRBRdate date="2019-12-11" name="adoption"></FRBRdate>
          <FRBRauthor href="ga" as="author"></FRBRauthor>
          <FRBRcountry value="un"></FRBRcountry>
        </FRBRWork>
        <FRBRExpression>
          <FRBRthis value="/akn/un/statement/deliberation/unga/2019-12-11/74-20/ara@!main/"></FRBRthis>
          <FRBRuri value="/akn/un/statement/deliberation/unga/2019-12-11/74-20/ara@/"></FRBRuri>
          <FRBRdate date="2020-01-28" name="publication"></FRBRdate>
          <FRBRauthor href="ga" as="issuer"></FRBRauthor>
          <FRBRlanguage language="ara"></FRBRlanguage>
        </FRBRExpression>
        <FRBRManifestation>
          <FRBRthis value="/akn/un/statement/deliberation/unga/2019-12-11/74-20/ara@/!main.xml"></FRBRthis>
          <FRBRuri value="/akn/un/statement/deliberation/unga/2019-12-11/74-20/ara@.xml"></FRBRuri>
          <FRBRdate date="2020-09-01" name="markup"></FRBRdate>
          <FRBRauthor href="DGACM" as="editor"></FRBRauthor>
        </FRBRManifestation>
      </identification>
      <classification source="http://metadata.un.org/sdg">
        <keyword value="3" href="http://metadata.un.org/sdg/3" showAs="sdg_3" dictionary="SDGO"></keyword>
        <keyword value="public_health" href="http://eurovoc.europa.eu/3885" showAs="public_health" dictionary="EuroVoc"></keyword>
        <keyword value="health" href="http://metadata.un.org/thesaurus/1002824" showAs="health" dictionary="UNBIS Thesaurus"></keyword>
      </classification>
      <classification source="http://metadata.un.org/sdg">
        <keyword value="2" href="http://metadata.un.org/sdg/2" showAs="sdg_2" dictionary="SDGO"></keyword>
        <keyword value="food_shortage" href="http://eurovoc.europa.eu/2318" showAs="food_shortage" dictionary="EuroVoc"></keyword>
        <keyword value="sustainable_agriculture" href="http://eurovoc.europa.eu/6308" showAs="sustainable_agriculture" dictionary="EuroVoc"></keyword>
        <keyword value="food_security" href="http://eurovoc.europa.eu/c_4523e1dd" showAs="food_security" dictionary="EuroVoc"></keyword>
        <keyword value="food_security" href="http://metadata.un.org/thesaurus/1002439" showAs="food_security" dictionary="UNBIS Thesaurus"></keyword>
        <keyword value="food_shortage" href="http://metadata.un.org/thesaurus/1002440" showAs="food_shortage" dictionary="UNBIS Thesaurus"></keyword>
        <keyword value="hunger" href="http://metadata.un.org/thesaurus/1003004" showAs="hunger" dictionary="UNBIS Thesaurus"></keyword>
        <keyword value="sustainable_agriculture" href="http://metadata.un.org/thesaurus/1006317" showAs="sustainable_agriculture" dictionary="UNBIS Thesaurus"></keyword>
      </classification>
      <classification source="http://metadata.un.org/sdg">
        <keyword value="5" href="http://metadata.un.org/sdg/5" showAs="sdg_5" dictionary="SDGO"></keyword>
        <keyword value="gender_equality" href="http://eurovoc.europa.eu/3913" showAs="gender_equality" dictionary="EuroVoc"></keyword>
        <keyword value="participation_of_women" href="http://eurovoc.europa.eu/2265" showAs="participation_of_women" dictionary="EuroVoc"></keyword>
        <keyword value="women&amp;#39;s_rights" href="http://eurovoc.europa.eu/585" showAs="women&amp;#39;s_rights" dictionary="EuroVoc"></keyword>
        <keyword value="position_of_women" href="http://eurovoc.europa.eu/81" showAs="position_of_women" dictionary="EuroVoc"></keyword>
        <keyword value="women" href="http://metadata.un.org/thesaurus/1007029" showAs="women" dictionary="UNBIS Thesaurus"></keyword>
        <keyword value="gender_equality" href="http://metadata.un.org/thesaurus/1002612" showAs="gender_equality" dictionary="UNBIS Thesaurus"></keyword>
        <keyword value="girls" href="http://metadata.un.org/thesaurus/1002684" showAs="girls" dictionary="UNBIS Thesaurus"></keyword>
      </classification>
      <workflow source="#un">
        <step date="2019-12-04" outcome="draftResolution" as="A/74/L.26" by="Brazil, Ecuador, France, Norway, South Africa, Thailand and Viet Nam" />
        <step date="0001-01-01" outcome="draftResolutionAdditionalSponsors" by="Albania, Andorra, Argentina, Austria, Bangladesh, Belgium, Bosnia and Herzegovina, Bulgaria, Burkina Faso, Cabo Verde, Canada, Central African Republic, Chad, Chile, Congo, Costa Rica, Côte d'Ivoire, Croatia, Cyprus, Czechia, Denmark, Djibouti, El Salvador, Estonia, Finland, Gambia, Georgia, Germany, Greece, Guinea, Guinea-Bissau, Haiti, Honduras, Iceland, India, Indonesia, Ireland, Italy, Japan, Jordan, Kazakhstan, Latvia, Lebanon, Lithuania, Luxembourg, Malta, Mauritius, Mexico, Monaco, Mongolia, Montenegro, Morocco, Netherlands, Niger, Palau, Panama, Philippines, Portugal, Romania, Rwanda, Senegal, Serbia, Slovenia, Spain, Sri Lanka, Sweden, Togo, Tunisia, Turkey, Ukraine, United Kingdom, Uruguay and Zambia. - Viet Nam was removed from the list of sponsors of the draft resolution" />
        <step date="0001-01-01" outcome="recommendedForAdoption" by="" />
        <step date="2019-12-11" outcome="adopted" as="A/74/PV.44" by="" />
      </workflow>
      <analysis source="#un">
        <parliamentary>
          <voting outcome="adoptedWithoutVote">
            <quorum value=""></quorum>
          </voting>
        </parliamentary>
      </analysis>
      <references source="#DGACM">
        <TLCOrganization eId="source" href="/akn/ontology/organization/un/DGACM" showAs="DGACM"></TLCOrganization>
        <TLCConcept eId="dateOfIssuance" href="/akn/ontology/concept/un/dateOfIssuance" showAs="Date of issuance"></TLCConcept>
        <TLCConcept eId="dateOfAdoption" href="/akn/ontology/concept/un/dateOfAdoption" showAs="Date of adoption"></TLCConcept>
        <TLCConcept eId="symbol" href="/akn/ontology/reference/un/symbol" showAs="Symbol"></TLCConcept>
        <TLCRole eId="publisher" href="/akn/ontology/role/un/publisher" showAs="Publisher"></TLCRole>
        <TLCRole eId="issuingBody" href="/akn/role/concept/un/issuingBody" showAs="Issuing body"></TLCRole>
        <TLCRole eId="author" href="/akn/ontology/role/un/author" showAs="Author"></TLCRole>
        <TLCRole eId="editor" href="/akn/ontology/role/un/editor" showAs="Editor"></TLCRole>
        <TLCRole eId="distribution" href="/akn/ontology/concept/un/generalDistribution" showAs="General distribution"></TLCRole>
        <TLCOrganization eId="ga" href="/akn/ontology/organization/un/generalAssembly" showAs="General Assembly"></TLCOrganization>
        <TLCTerm eId="resolutionTitle" href="/akn/ontology/reference/un/resolutionTitle" showAs="Resolution title"></TLCTerm>
        <TLCTerm eId="noMainCommittee" href="#noMainCommittee" showAs="دون الإحالة إلى لجنة رئيسية"></TLCTerm>
        <TLCTerm eId="memberState" href="/akn/ontology/organization/un/memberState" showAs="Member State"></TLCTerm>
        <TLCTerm eId="inFavour" href="/akn/ontology/concept/un/voting/inFavour" showAs="In favour"></TLCTerm>
        <TLCTerm eId="against" href="/akn/ontology/concept/un/voting/against" showAs="Against"></TLCTerm>
        <TLCTerm eId="abstaining" href="/akn/ontology/concept/un/voting/abstaining" showAs="Abstaining"></TLCTerm>
      </references>
      <presentation source="#un">
        <akn4un:footerFirstPage>
          <akn4un:footerFirstPageLeft>
            <akn4un:internalCode>
              <docketNumber refersTo="#publicationJobNumber"></docketNumber>
              <img alt="bar code" class="barCode" src=""></img>
            </akn4un:internalCode>
          </akn4un:footerFirstPageLeft>
          <akn4un:footerFirstPageRight>
            <img alt="Please recycle" class="image" src="./recylcleLogo.jpg"></img>
            <img alt="embedded QR code" class="qrCode" src=""></img>
          </akn4un:footerFirstPageRight>
        </akn4un:footerFirstPage>
      </presentation>
    </meta>
    <coverPage eId="coverPage_1">
      <p>
        <span refersTo="#publisher" class="upperLeft">
          <docAuthority refersTo="#publisher">الأمــم المتحـدة</docAuthority>
        </span>
      </p>
      <p class="upperRight">
        <docNumber refersTo="#symbol">A/RES/74/20</docNumber>
      </p>
      <p class="upperLeft">
        <img src="logo-un.jpg"></img>
        <docAuthority refersTo="#issuingBody" class="rightBig">الجمعية العامة</docAuthority>
      </p>
      <p>
        <docStatus refersTo="#generalDistribution" class="rightSmall">Distr.: General</docStatus>
      </p>
      <p>
        <docDate date="2020-01-28" class="rightSmall" refersTo="#dateOfIssuance">28 January 2020</docDate>
      </p>
      <p>
        <session refersTo="#generalAssembly" value="74" eId="coverPage_1__session_1">الدورة الرابعة والسبعون</session>
      </p>
      <p>
        <inline name="agenda item">البند 126 من جدول الأعمال</inline>
      </p>
      <p>
        <inline name="agenda item name">الصحة العالمية والسياسة الخارجية</inline>
      </p>
      <p>
        <docTitle>قرار اتخذته الجمعية العامة في 11 كانون الأول/ديسمبر 2019</docTitle>
      </p>
      <p xml:space="preserve">
        <docProponent refersTo="#noMainCommittee">[دون الإحالة إلى لجنة رئيسية (<inline name="originating document">A/74/L.26 و A/74/L.26/Add.1</inline>)]</docProponent>
      </p>
    </coverPage>
    <preface>
      <p>
        <docNumber>74/20.</docNumber>
        <docTitle refersTo="#resolutionTitle">-	الصحة العالمية والسياسة الخارجية: نهج شامل لتعزيز النظم الصحية</docTitle>
      </p>
    </preface>
    <preamble>
      <formula name="enactingFormula" eId="formula_1">
        <p xml:space="preserve">
          <span class="bold italic">إن الجمعية العامة</span>،</p>
      </formula>
      <container name="إذ تشير" eId="container_2">
        <p xml:space="preserve">
          <span class="bold italic">إذ تشير</span> إلى قراراتها <a href="https://undocs.org//A/RES/63/33">63/33</a> المؤرخ 26 تشرين الثاني/نوفمبر 2008 و <a href="https://undocs.org//A/RES/64/108">64/108</a> المؤرخ 10 كانون الأول/ديسمبر 2009 و <a href="https://undocs.org//A/RES/65/95">65/95</a> المؤرخ 9 كانون الأول/ديسمبر 2010 و <a href="https://undocs.org//A/RES/66/115">66/115</a> المؤرخ 12 كانون الأول/ديسمبر 2011 و <a href="https://undocs.org//A/RES/67/81">67/81</a> المؤرخ 12 كانون الأول/ديسمبر 2012 و <a href="https://undocs.org//A/RES/68/98">68/98</a> المؤرخ 11 كانون الأول/ديسمبر 2013 و <a href="https://undocs.org//A/RES/69/132">69/132</a> المؤرخ 11 كانون الأول/ديسمبر 2014 و <a href="https://undocs.org//A/RES/70/183">70/183</a> المؤرخ 17 كانون الأول/ديسمبر 2015 و <a href="https://undocs.org//A/RES/71/159">71/159</a> المؤرخ 15 كانون الأول/ديسمبر 2016 و <a href="https://undocs.org//A/RES/72/139">72/139</a> المؤرخ 12 كانون الأول/ديسمبر 2017، و <a href="https://undocs.org//A/RES/73/132">73/132</a> المؤرخ 13 كانون الأول/ ديسمبر 2018،</p>
      </container>
      <container name="وإذ تؤكد من جديد" eId="container_3">
        <p xml:space="preserve">
          <span class="bold italic">وإذ تؤكد من جديد</span> قرارها <a href="https://undocs.org//A/RES/70/1">70/1</a> المؤرخ 25 أيلول/سبتمبر 2015، المعنون ”تحويل عالمنا: خطة التنمية المستدامة لعام 2030“ الذي اعتمدت فيه مجموعة من الأهداف والغايات العالمية الواسعة النطاق والبعيدة المدى المتعلقة بالتنمية المستدامة، التي تركز على الناس وتفضي إلى التحول، وإذ تعيد تأكيد التزامها بالعمل دون كلل من أجل تنفيذ هذه الخطة تنفيذا كاملا بحلول عام 2030، وإدراكها أن القضاء على الفقر بجميع صوره وأبعاده، بما في ذلك الفقر المدقع، هو أكبر تحدٍ يواجهه العالم وشرطٌ لا غنى عنه لتحقيق التنمية المستدامة، والتزامها بتحقيق التنمية المستدامة بأبعادها الثلاثة - الاقتصادي والاجتماعي والبيئي - على نحو متوازن ومتكامل، والتزامها بالاستناد إلى الإنجازات التي تحققت في إطار الأهداف الإنمائية للألفية والسعي إلى استكمال ما لم يُنفَّذ من تلك الأهداف، والتزامها من جديد بألا يترك أحد خلف الركب والسعي إلى اللحاق أولا بمن هم عن الركب أبعد،</p>
      </container>
      <container name="وإذ تؤكد من جديد أيضا" eId="container_4">
        <p xml:space="preserve">
          <span class="bold italic">وإذ تؤكد من جديد أيضا</span> قرارها <a href="https://undocs.org//A/RES/69/313">69/313</a> المؤرخ 27 تموز/يوليه 2015 بشأن خطة عمل أديس أبابا الصادرة عن المؤتمر الدولي الثالث لتمويل التنمية، التي تشكل جزءا لا يتجزأ من خطة التنمية المستدامة لعام 2030، وتدعمُها وتكملُها وتساعد على توضيح سياق غاياتها المتصلة بوسائل التنفيذ من خلال سياسات وإجراءات عملية، وتؤكد من جديد الالتزام السياسي القوي بالتصدي لتحدي التمويل وتهيئة بيئة مؤاتية على جميع المستويات لتحقيق التنمية المستدامة، بروحٍ من الشراكة والتضامن على الصعيد العالمي،</p>
      </container>
      <container name="وإذ تؤكد من جديد كذلك" eId="container_5">
        <p xml:space="preserve">
          <span class="bold italic">وإذ تؤكد من جديد كذلك</span> الالتزامات القوية المقطوعة من خلال الإعلانات السياسية المعتمدة في الاجتماعات الرفيعة المستوى التي عقدتها الجمعية العامة بشأن التغطية الصحية الشاملة، والقضاء على الإيدز، والتصدي لمقاومة مضادات الميكروبات، والقضاء على السل، والوقاية من الأمراض غير المعدية ومكافحتها، وقرار الجمعية العامة بشأن تعزيز المكاسب والتعجيل بالجهود المبذولة لمكافحة الملاريا والقضاء عليها في البلدان النامية، لا سيما في أفريقيا، بحلول عام 2030،</p>
      </container>
      <container name="وإذ تعيد تأكيد" eId="container_6">
        <p xml:space="preserve">
          <span class="bold italic">وإذ تعيد تأكيد</span> الإعلان العالمي لحقوق الإنسان<sup>(</sup><authorialNote marker="1" placement="bottom" eId="authorialNote_1"><p xml:space="preserve">	()	القرار 217 ألف (د-3).</p></authorialNote><sup>)</sup> والعهد الدولي الخاص بالحقوق الاقتصادية والاجتماعية والسياسية<sup>(</sup><authorialNote marker="2" placement="bottom" eId="authorialNote_2"><p xml:space="preserve">	()	انظر القرار 2200 ألف (د-21)، المرفق.</p></authorialNote><sup>)</sup> والاتفاقية الدولية للقضاء على جميع أشكال التمييز العنصري<sup>(</sup><authorialNote marker="3" placement="bottom" eId="authorialNote_3"><p xml:space="preserve">	()	United Nations, <span class="italic">Treaty Series</span>, vol. 660, No. 9464.</p></authorialNote><sup>)</sup> واتفاقية القضاء على جميع أشكال التمييز ضد المرأة<sup>(</sup><authorialNote marker="4" placement="bottom" eId="authorialNote_4"><p xml:space="preserve">	()	المرجع نفسه، المجلد 1249، الرقم 20378.</p></authorialNote><sup>)</sup> واتفاقية حقوق الطفل<sup>(</sup><authorialNote marker="5" placement="bottom" eId="authorialNote_5"><p xml:space="preserve">	()	المرجع نفسه، المجلد 1577، الرقم 27531.</p></authorialNote><sup>)</sup> واتفاقية حقوق الأشخاص ذوي الإعاقة<sup>(</sup><authorialNote marker="6" placement="bottom" eId="authorialNote_6"><p xml:space="preserve">	()	المرجع نفسه، المجلد 2515، الرقم 44910.</p></authorialNote><sup>)</sup> ودستور منظمة الصحة العالمية<sup>(</sup><authorialNote marker="7" placement="bottom" eId="authorialNote_7"><p xml:space="preserve">	()	المرجع نفسه، المجلد 14، الرقم 221.</p></authorialNote><sup>)</sup> والأحكام ذات الصلة من القانون الدولي الإنساني،</p>
      </container>
      <container name="وإذ تلاحظ" eId="container_7">
        <p xml:space="preserve">
          <span class="bold italic">وإذ تلاحظ</span> الدور الهام الذي تضطلع به مبادرة السياسة الخارجية والصحة العالمية في تعزيز أوجه التآزر بين السياسة الخارجية والصحة العالمية، وكذلك مساهمة إعلان أوسلو الوزاري المؤرخ 20 آذار/مارس 2007 والمعنون ”الصحة العالمية: إحدى قضايا السياسة الخارجية الملحّة في عصرنا“<sup>(</sup><authorialNote marker="8" placement="bottom" eId="authorialNote_8"><p xml:space="preserve">	()	<a href="https://undocs.org//A/63/591">A/63/591</a>، المرفق.</p></authorialNote><sup>)</sup>، الذي أعيد تأكيده، بتجديد الإجراءات والالتزامات، في البيان الوزاري للمبادرة المعنون ”تجديد عشر سنوات من الجهود المتضافرة والاستعداد لمواجهة التحديات الجديدة“ الصادر في 22 أيلول/سبتمبر 2017<sup>(</sup><authorialNote marker="9" placement="bottom" eId="authorialNote_9"><p xml:space="preserve">	()	<a href="https://undocs.org//A/72/559">A/72/559</a>، المرفق.</p></authorialNote><sup>)</sup>،</p>
      </container>
      <container name="وإذ تؤكد من جديد" eId="container_8">
        <p xml:space="preserve">
          <span class="bold italic">وإذ تؤكد من جديد</span> أن الصحة شرط مسبق ونتيجة ومؤشر للأبعاد الاجتماعية والاقتصادية والبيئية للتنمية المستدامة وتنفيذ خطة التنمية المستدامة لعام 2030، وأنه على الرغم من التقدم المحرز، لا تزال التحديات في مجال الصحة العالمية قائمةً، وخاصة فيما يتعلق بأوجه التفاوت واللامساواة داخل البلدان والمناطق والشرائح السكانية وفيما بينها، وأن الاستثمارات في مجال الصحة تسهم في إحراز النمو الاقتصادي المستدام والشامل للجميع وتحقيق التنمية الاجتماعية وحماية البيئة والقضاء على الفقر والجوع وسوء التغذية وتحقيق المساواة بين الجنسين وتمكين جميع النساء والفتيات والحدّ من أوجه التفاوت، وإذ تقر أيضا بالفوائد المتبادلة بين بلوغ الهدف 3 من أهداف التنمية المستدامة وبلوغ سائر أهداف التنمية المستدامة،</p>
      </container>
      <container name="وإذ تؤكد من جديد أيضا" eId="container_9">
        <p xml:space="preserve">
          <span class="bold italic">وإذ تؤكد من جديد أيضا</span> حق كل إنسان في التمتع بأعلى مستوى يمكن بلوغه من الصحة البدنية والعقلية دون تمييز من أي نوع، وحقه في مستوى معيشة لائق يضمن الصحة والرفاه له ولأسرته، بما في ذلك ما يكفيه من الغذاء ومياه الشرب المأمونة والملبس والمسكن، وحقه في مواصلة تحسين ظروفه المعيشية، مع إيلاء اهتمام خاص للحالة المفزعة التي يعاني منها الملايين من الناس الذين لا تزال إمكانية حصولهم على خدمات الرعاية الصحية والأدوية هدفاً بعيد المنال، ولا سيما الضعفاء أو الذين يعيشون في ظروف هشة،</p>
      </container>
      <container name="وإذ تسلم" eId="container_10">
          <p xml:space="preserve">
            <span class="bold italic">وإذ تسلم</span> بأهمية جميع حقوق الإنسان في إدارة النظام الصحي على نحو يتسم بالشفافية والمسؤولية والمساءلة والانفتاح والمشاركة ويستجيب لاحتياجات الأشخاص وتطلعاتهم إلى إعمال الحق في التمتع بأعلى مستوى يمكن بلوغه من الصحة البدنية والعقلية،</p>
      </container>
      <container name="وإذ تشير" eId="container_11">
        <p xml:space="preserve">
          <span class="bold italic">وإذ تشير</span> إلى إعلان ريو السياسي بشأن المحدِّدات الاجتماعية للصحة الذي اعتُمد في المؤتمر العالمي لعام 2011 بشأن المحدّدات الاجتماعية للصحة، والذي أكد من جديد أن التفاوتات في مجال الصحة داخل البلدان وفيما بينها أمر غير مقبول سياسياً واجتماعياً واقتصادياً علاوة على أنه غير عادل ويمكن تلافيه إلى حد بعيد، وإذ تلاحظ أن كثيرا من المحدّدات الأساسية للصحة ومن عوامل الخطر المؤدية للإصابة بالأمراض المعدية وغير المعدية يرتبط بالظروف الاجتماعية والاقتصادية والبيئية وأنماط السلوك،</p>
      </container>
      <container name="وإذ تسلم" eId="container_12">
          <p xml:space="preserve">
            <span class="bold italic">وإذ تسلم</span> بالحاجة إلى معالجة أوجه عدم الإنصاف وعدم المساواة في الميدان الصحي داخل البلدان وفيما بينها من خلال الالتزام السياسي والسياسات والتعاون الدولي، بما يشمل ما يتناول من ذلك المحدِّدات الاجتماعية والاقتصادية والبيئية للصحة،</p>
      </container>
        <container name="وإذ تسلم أيضا" eId="container_13">
          <p xml:space="preserve">
            <span class="bold italic">وإذ تسلم أيضا</span> بالأهمية الأساسية لآليات الإنصاف والعدالة الاجتماعية والحماية الاجتماعية وكذلك القضاء على الأسباب الجذرية للتمييز والوصم في أماكن الرعاية الصحية لكفالة استفادة جميع الناس استفادة شاملة ومتساوية من خدمات صحية جيدة دون أن يواجهوا ضائقة مالية، ولا سيما الضعفاء منهم أو من يعيشون في أوضاع هشة،</p>
        </container>
      <container name="وإذ تؤكد من جديد" eId="container_14">
        <p xml:space="preserve">
          <span class="bold italic">وإذ تؤكد من جديد</span> الالتزام بضمان حصول الجميع على خدمات الصحة الجنسية والإنجابية وعلى الحقوق الإنجابية، على النحو المتفق عليه وفقا لبرنامج عمل المؤتمر الدولي للسكان والتنمية<sup>(</sup><authorialNote marker="10" placement="bottom" eId="authorialNote_10"><p xml:space="preserve">	()	<span class="italic">تقرير المؤتمر الدولي للسكان والتنمية، القاهرة، 5-13 أيلول/سبتمبر 1994</span> (منشورات الأمم المتحدة، رقم المبيع A.95.XIII.18)، الفصل الأول، القرار 1، المرفق.</p></authorialNote><sup>)</sup> ومنهاج عمل بيجين<sup>(</sup><authorialNote marker="11" placement="bottom" eId="authorialNote_11"><p xml:space="preserve">	()	<span class="italic">تقرير المؤتمر العالمي الرابع المعني بالمرأة، بيجين، 4-15 أيلول/سبتمبر 1995</span> (منشورات الأمم المتحدة، رقم المبيع A.96.IV.13)، الفصل الأول، القرار 1، المرفق الثاني.</p></authorialNote><sup>)</sup> والوثائق الختامية لمؤتمرات استعراضهما،</p>
      </container>
      <container name="وإذ تؤكد من جديد أيضا" eId="container_15">
        <p xml:space="preserve">
          <span class="bold italic">وإذ تؤكد من جديد أيضا</span> أهمية ولاية مقاليد الأمور على الصعيد الوطني والمسؤولية الرئيسية للدول الأعضاء في تحديد وتعزيز مساراتها نحو تحقيق التغطية الصحية الشاملة، بما في ذلك من خلال التوعية المجتمعية وإشراك القطاع الخاص، وبدعم المجتمع الدولي،</p>
      </container>
      <container name="وإذ تسلم" eId="container_16">
          <p xml:space="preserve">
            <span class="bold italic">وإذ تسلم</span> بأن التغطية الصحية للجميع تستتبع أن تتاح للناس كافةً إمكانية الحصول دون تمييز على المجموعات المقررة وطنيا من الخدمات الصحية الأساسية اللازمة، الإرشادية والوقائية والعلاجية والتأهيلية والتلطيفية، وعلى الأدوية واللقاحات الأساسية المأمونة الناجعة والجيدة بأسعار ميسورة مع ضمان ألا يتسبب الحصول على هذه الخدمات في أي ضائقة مالية للمستفيدين منها، مع التركيز بشكل خاص على الشرائح الفقيرة والضعيفة والمهمشة من السكان،</p>
      </container>
      <container name="وإذ تشير" eId="container_17">
        <p xml:space="preserve">
          <span class="bold italic">وإذ تشير</span> إلى أن مفهوم ”إدماج الصحة في كل السياسات“ يشير إلى مراعاة آثار القرارات من الناحية الصحية مراعاة منهجية في السياسات العامة في جميع القطاعات، والسعي إلى تحقيق أوجه التآزر وتجنب الآثار الصحية الضارة ابتغاء تحسين صحة السكان وزيادة الإنصاف الصحي من خلال تقييم آثار السياسات العامة على محددات الصحة والرفاهية وعلى النظم الصحية،</p>
      </container>
      <container name="وإذ تسلم" eId="container_18">
          <p xml:space="preserve">
            <span class="bold italic">وإذ تسلم</span> بأن الصحة الجيدة تتطلب وجود نظام صحي جيد شاملٍ منصف فعال متجاوب سهلِ المنال حاضنٍ للجميع، وبأنها تتوقف أيضا على إشراك القطاعات والجهات الفاعلة الأخرى والتحاور معها، حيث إن أداءها قد تكون له آثار صحية مهمة، وعلى التعاون بشكل فعال في الإجراءات السياساتية المنسقة والمشتركة بين القطاعات،</p>
            </container>
        <container name="وإذ تسلم أيضا" eId="container_19">
          <p xml:space="preserve">
            <span class="bold italic">وإذ تسلم أيضا</span> بأن تعزيز مشاركة الناس، ولا سيما النساء والفتيات والأسر والمجتمعات المحلية، وشمول الجميع أمران أساسيان لتنفيذ السياسات والاستراتيجيات والخطط الصحية تنفيذا فعالا، وخصوصا في سياق التأهب والاستجابة لحالات الطوارئ الصحية،</p>
            </container>
        <container name="وإذ تسلم كذلك" eId="container_20">
          <p xml:space="preserve">
            <span class="bold italic">وإذ تسلم كذلك</span> بأن النساء والفتيات يؤدين دورا حيويا بوصفهن عوامل فاعلة في التنمية، وإذ تعترف بأن تحقيق المساواة بين الجنسين وتمكين كل النساء والفتيات والقضاء على جميع أشكال العنف ضد النساء والفتيات أمور ذات أهمية حاسمة في تنفيذ خطة التنمية المستدامة لعام 2030 تنفيذا تاما، وإذ تدرك أيضاً أن سياساتِ التغذية وما يتصل بها من سياسات أخرى ينبغي أن تراعي احتياجات المرأة وأن تمكّن النساء والفتيات بحيث تسهم في تحسين قدرة المرأة على الاستفادة بمساواة مع الرجل من الحماية الاجتماعية والموارد، بما فيها الدخل، والأراضي، والمياه، والتمويل، والتعليم، والتدريب، والعلم والتكنولوجيا، والخدمات الصحية، ومن ثمّ تعزز الأمنَ الغذائي والصحة،</p>
        </container>
        <container name="وإذ تسلم" eId="container_21">
          <p xml:space="preserve">
            <span class="bold italic">وإذ تسلم</span> بأن الرعاية الجيدة الملائمة قبل الولادة تقلل من مخاطر الوفيات وحالات الاعتلال لدى الأمهات، ومن مخاطر الولادات قبل الأوان وغير ذلك من مضاعفات الحمل والولادة التي يمكن أن تؤدي إلى آثار صحية سيئة للأمهات والمواليد، وأن تعميم الاستفادة من التدخلات الصحية الفعالة من حيث التكلفة على الأمهات في الفترة المحيطة بالولادة وعلى المواليد، بوسائل من بينها التوعية بخدمات الوقاية والإرشاد والعلاج على صعيد الأسرة والمجتمع المحلي وفي المرافق الصحية، يقلص أيضا نسبة كبيرة من وفيات الأمهات في الفترة المحيطة بالولادة ومن وفيات المواليد على النطاق العالمي،</p>
        </container>
      <container name="وإذ تعترف" eId="container_22">
        <p xml:space="preserve">
          <span class="bold italic">وإذ تعترف</span> بأن تعزيز الإنصاف في مجال الصحة والقضاء على الوصم والتمييز في مرافق الرعاية الصحية أمران هامان لتحقيق أهداف التنمية المستدامة وبناء مجتمع أكثر شمولا يتمتع فيه بنوعيةِ حياةٍ أفضل وبالرفاه الضعفاءُ أو الذين يعيشون في ظروف هشة، ولا سيما النساء والفتيات، والأطفال، والشباب، وكبار السن، وأفراد الشعوب الأصلية، واللاجئون، والنازحون والمهاجرون، والأشخاص ذوو الإعاقة، والذين يعانون من مشاكل الصحة العقلية أو الإعاقة النفسية، والمصابون بالأمراض المعدية ومنها فيروس نقص المناعة البشرية/الإيدز، وداء السل، والكوليرا، وبالأمراض غير المعدية والأمراض الأخرى، أو المعرضون لخطر الإصابة بها أو المتأثرون بها، وإذ تحيط علما، في هذا الصدد، ببيان الأمم المتحدة المشترك بشأن إنهاء التمييز في مرافق الرعاية الصحية،</p>
      </container>
      <container name="وإذ تشجع" eId="container_23">
        <p xml:space="preserve">
          <span class="bold italic">وإذ تشجع</span> على زيادة فرص الحصول على الأدوية، بما فيها الأدوية الجنيسة واللقاحات ووسائل التشخيص والتكنولوجيات الصحية المأمونة والناجعة والجيدة والميسورة التكلفة، وإذ تؤكد من جديد اتفاق منظمة التجارة العالمية المتعلق بالجوانب المتصلة بالتجارة من حقوق الملكية الفكرية، بصيغته المعدلة، وإذ تؤكد من جديد أيضا إعلان الدوحة لمنظمة التجارة العالمية لعام 2001 بشأن الاتفاق المتعلق بالجوانب المتصلة بالتجارة من حقوق الملكية الفكرية وبالصحة العامة، الذي يقر بأن حقوق الملكية الفكرية ينبغي أن تُفسر وتُطبّق بما يدعم حق الدول الأعضاء في حماية الصحة العامة، وبخاصة حقها في تعزيز فرص حصول الجميع على الأدوية، وإذ تشير للحاجة إلى توفير الحوافز الملائمة لاستحداث منتجات صحية جديدة،</p>
      </container>
      <container name="وإذ تشير" eId="container_24">
        <p xml:space="preserve">
          <span class="bold italic">وإذ تشير</span> إلى الاستراتيجية العالمية لمنظمة الصحة العالمية وخطة عملها بشأن الصحة العمومية والابتكار والملكية الفكرية<sup>(</sup><authorialNote marker="12" placement="bottom" eId="authorialNote_12"><p xml:space="preserve">	()	انظر منظمة الصحة العالمية، الوثيقة WHA61/2008/REC/1.</p></authorialNote><sup>)</sup>، التي وُضعت بغرض تعزيز الابتكار في مجال الأدوية وبناء القدرات وتحسين سبل الحصول على الأدوية، وإذ تشجع إجراء مزيد من المناقشات بشأن سبل الحصول على الأدوية، وإذ تكرر التأكيد على أن أعمال البحث والتطوير في مجال الصحة ينبغي أن تستند إلى الاحتياجات وأن تقوم على الأدلة وأن تسترشد بالمبادئ الأساسية المتمثلة في يُسْر التكلفة والفعالية والكفاءة والإنصاف وأن تُعتبر مسؤوليةً مشتركة، وإذ تشير إلى تقرير الفريق الرفيع المستوى المعني بسبل الحصول على الأدوية، بما في ذلك توصياته،</p>
      </container>
      <container name="وإذ تسلم" eId="container_25">
          <p xml:space="preserve">
            <span class="bold italic">وإذ تسلم</span> بأن التنفيذ الفعال والمستدام ماليا للتغطية الصحية الشاملة يقوم على وجود نظام صحي مرن ومتجاوب يمتلك قدرات لاتخاذ تدابير واسعة النطاق في مجال الصحة العامة، والوقاية من الأمراض، والحماية الصحية، والإرشاد الصحي، ومعالجة محددات الصحة من خلال سياسات متماسكة في جميع القطاعات، بما في ذلك تعزيز محو الأمية الصحية لدى السكان، </p>
      </container>
        <container name="وإذ تسلم أيضا" eId="container_26">
          <p xml:space="preserve">
            <span class="bold italic">وإذ تسلم أيضا</span> بالحاجة إلى وجود نظم صحية قوية ومنيعة ومتجاوبة ومتكاملة وجيدة الأداء والإدارة وخاضعة للمساءلة ونابعة من المجتمع المحلي وتركز على الناس وقادرة على تقديم خدمات جيدة، تدعمها قوى عاملة صحية مقتدرة وبنية تحتية صحية ملائمة وأطر تشريعية وتنظيمية داعمة إلى جانب تمويل كافٍ ومستدام،</p>
        </container>
        <container name="وإذ تسلم كذلك" eId="container_27">
          <p xml:space="preserve">
            <span class="bold italic">وإذ تسلم كذلك</span> بأن الرعاية الصحية الأولية هي المدخل الأول للناس إلى النظام الصحي وهي النهج الأكثر شمولاً وفعالية وكفاءة لتعزيز صحتهم البدنية والعقلية ورفاهيتهم الاجتماعية، وأن تلك الرعاية هي الركن الأساس في إقامة نظام صحي مستدام يكفل تحقيق التغطية الصحية الشاملة والأهداف المتصلة بالصحة من أهداف التنمية المستدامة، كما أُعلن في إعلان ألما آتا وأعيد تأكيده في إعلان أستانا،</p>
        </container>
      <container name="وإذ تشير" eId="container_28">
        <p xml:space="preserve">
          <span class="bold italic">وإذ تشير</span> إلى اعتماد إعلان روما بشأن التغذية<sup>(</sup><authorialNote marker="13" placement="bottom" eId="authorialNote_13"><p xml:space="preserve">	()	منظمة الصحة العالمية، الوثيقة م ت 136/8، المرفق الأول.</p></authorialNote><sup>)</sup> الذي أكد من جديد أن على النظم الصحية الوطنية أن تدمج التغذية في صلبها وأن توفر للجميع إمكانية الاستفادة من الخدمات الصحية المتكاملة وتتيح نهجا يقوم على الرعاية المتواصلة ومجموعة من الخيارات والاستراتيجيات السياساتية الطوعية للحكومات، فضلا عن إطار العمل الملحق به<sup>(</sup><authorialNote marker="14" placement="bottom" eId="authorialNote_14"><p xml:space="preserve">	()	المرجع نفسه، المرفق الثاني.</p></authorialNote><sup>)</sup>،</p>
      </container>
      <container name="وإذ تشير أيضا" eId="container_29">
        <p xml:space="preserve">
          <span class="bold italic">وإذ تشير أيضا</span> إلى أهمية اتخاذ إجراءات متعددة القطاعات لتعزيز أنماط الحياة النشطة والصحية، بما في ذلك النشاط البدني، لصالح جميع الناس طوال حياتهم، والعمل على تخليص العالم من سوء التغذية بجميع أشكاله، بحيث يزوَّد الناس كافة بالأسباب التي تجعلهم قادرين على تحمُّل المسؤولية عن صحتهم، مدعومين في ذلك بتدابير تنظيمية حكومية، والحصول على مياه الشرب المأمونة وخدمات الصرف الصحي والأغذية المأمونة والكافية والمغذية، واتباع نظم غذائية متنوعة ومتوازنة وصحية طوال حياتهم، وإذ تحيط علما بمبادرة التغذية من أجل النمو، وإذ تتطلع، في هذا الصدد، إلى قمتها المزمع عقدها بطوكيو في عام 2020،</p>
      </container>
      <container name="وإذ تسلم" eId="container_30">
          <p xml:space="preserve">
            <span class="bold italic">وإذ تسلم</span> بعواقب الآثار الضارة بالصحة الناجمة عن تغير المناخ والكوارث الطبيعية والظواهر الجوية القصوى، فضلاً عن المحددات البيئية الأخرى للصحة، مثل الهواء النقي ومياه الشرب المأمونة والصرف الصحي والغذاء المأمون والكافي والمغذي والمأوى الآمن، وإذ تشدد، في هذا الصدد، على الحاجة إلى التركيز على الصحة في جهود التكيف مع تغير المناخ، مؤكدة أن النظم الصحية المنيعة التي تركز على الناس ضرورية لحماية صحة الناس كافة، لا سيما الضعفاء أو من يعيشون في أوضاع هشة، خاصة أولئك الذين يعيشون في الدول الجزرية الصغيرة النامية،</p>
      </container>
      <container name="وإذ تلاحظ" eId="container_31">
        <p xml:space="preserve">
          <span class="bold italic">وإذ تلاحظ</span> أن العدد المتزايد من حالات الطوارئ المعقدة يعوق تحقيق التغطية الصحية الشاملة، وأن من الضروري اتباع نهج متسقة وشاملة للجميع في ضمان التغطية الصحية الشاملة أثناء حالات الطوارئ، من خلال التعاون الدولي، وضمان تواصل الخدمات الصحية الأساسية وتوافرها، وتوفير وظائف الصحة العامة، بما ينسجم والمبادئ الإنسانية،</p>
      </container>
      <container name="وإذ تعرب عن أهمية" eId="container_32">
        <p xml:space="preserve">
          <span class="bold italic">وإذ تعرب عن أهمية</span> الحرص في حالات النـزاع المسلح، وفقا لمقتضيات القانون الدولي الإنساني، على احترام وحماية الأفراد الطبيين وأفراد المساعدة الإنسانية الذين يزاولون حصريا مهام طبية، ووسائل نقلهم ومعداتهم، والمستشفيات وسائر المرافق الطبية، التي يجب ألا تهاجَم بلا مبرر مشروع، وكفالة أن يتلقى الجرحى والمرضى، إلى أقصى قدر ممكن عملياً وبأقل قدر ممكن من التأخير، الرعاية والعناية الطبيتين اللازمتين،</p>
      </container>
      <container name="وإذ تعرب عن القلق" eId="container_33">
        <p xml:space="preserve">
          <span class="bold italic">وإذ تعرب عن القلق</span> من نقص عدد العاملين في القطاع الصحي بما عدده 18 مليون فرد على الصعيد العالمي، ولا سيما في البلدان المنخفضة الدخل والبلدان المتوسطة الدخل، وإذ تسلّم بالحاجة إلى تدريب قوة عاملة ماهرة في الميدان الصحي وإلى تكوينها واستبقائها، بما يشمل مهنيي التمريض والقابلات والعمال الصحيين على صعيد المجتمعات المحلية، الذين هم عنصر هام في النظم الصحية القوية والقادرة على الصمود، وإذ تسلم كذلك بأن زيادة الاستثمار في قوة عاملة في الميدان الصحي تكون أكثر فعالية وتحليا بالمسؤولية الاجتماعية يمكن أن تُدرَّ مكاسب اجتماعية واقتصادية كبيرة وأن تسهم في القضاء على الفقر بجميع أشكاله وأبعاده، وفي تمكين جميع النساء والفتيات والحد من عدم المساواة،</p>
      </container>
      <container name="وإذ تؤكد من جديد " eId="container_34">
          <p xml:space="preserve">
            <span class="bold italic">وإذ تسلم</span> بأهمية الموارد البشرية في تعزيز النظم الصحية والتوصل إلى تحقيق الأهداف المتفق عليها دوليا المنصوص عليها في خطة التنمية المستدامة لعام 2030، وإذ تلاحظ بقلق استمرار هجرة أفراد القطاع الصحي المتمرسين والمهرة من البلدان النامية بوتيرة متنامية صوب بلدان بعينها، مما يضعف النظم الصحية في بلدانهم الأصلية،</p>
      </container>
      <container name="وإذ تؤكد من جديد " eId="container_35">
        <p xml:space="preserve">
          <span class="bold italic">وإذ تؤكد من جديد </span>أهمية إنشاء أطر وطنية ملائمة لإدارة الموارد البشرية للزيادة بقدر كبير في تدريب عمال قطاع الصحة وتوظيفهم ونشرهم وتنظيمهم ودعمهم واستبقائهم،</p>
      </container>
      <container name="وإذ تقر" eId="container_36">
          <p xml:space="preserve">
            <span class="bold italic">وإذ تقر</span> بالتغير السريع الذي تشهده التكنولوجيات، ولا سيما التكنولوجيات الرقمية، وما يمكن أن يؤديه ذلك من دور في زيادة استفادة الناس من الخدمات الصحية، وتحسين استجابة النظام الصحي لاحتياجات الأفراد والمجتمعات المحلية، والارتقاء بجودة الخدمات الصحية وكفاءتها، وتمكين المرضى، ومنحهم إمكانية الاطلاع على معلومات الرعاية الصحية الخاصة بهم، وتعزيز إلمامهم بأبجديات المعرفة الصحية، وتعزيز إشراك المرضى في اتخاذ القرارات العلاجية، مع التركيز على التواصل بينهم وبين المهنيين الصحيين،</p>
      </container>
      <container name="وإذ تسلم" eId="container_37">
          <p xml:space="preserve">
            <span class="bold italic">وإذ تسلم</span> بمشكلة مقاومة مضادات الميكروبات التي يواجهها العالم والتي تستوجب اتخاذ إجراءات متعددة القطاعات من خلال ”النهج الصحي الموحَّد“ الذي تشارك فيه الدول الأعضاء ومنظمة الصحة العالمية ومنظمة الأغذية والزراعة للأمم المتحدة والمنظمة العالمية لرعاية الحيوان وغيرها من الجهات المعنية صاحبة المصلحة، وإذ تعيد تأكيد أهمية الإعلان السياسي للاجتماع الرفيع المستوي للجمعية العامة بشأن مقاومة مضادات الميكروبات<sup>(</sup><authorialNote marker="15" placement="bottom" eId="authorialNote_15"><p xml:space="preserve">	()	القرار <a href="https://undocs.org//A/RES/71/3">71/3</a>.</p></authorialNote><sup>)</sup>، وإذ تقر بأن مقاومة مضادات الميكروبات تهدد بصورة خطيرة العديد من إنجازات القرن العشرين، ولا سيما انخفاض حالات المرض والوفاة الناجمة عن الأمراض المعدية الذي تحقق بفضل التنمية الاجتماعية والاقتصادية؛ وإمكانية الحصول على الخدمات الصحية وعلى أدوية مأمونة وناجعة وجيدة وميسورة التكلفة؛ ووسائل النظافة الصحية ومياه الشرب المأمونة وخدمات الصرف الصحي؛ والوقاية من الأمراض في المرافق المجتمعية ومرافق الرعاية الصحية، بما في ذلك التحصين؛ والغذاء المأمون والمغذي؛ والتحسّنات الطارئة في مجالي الطب البشري والبيطري؛ واستحداث أدوية جديدة مضادة للميكروبات وغير ذلك من الأدوية،</p>
      </container>
      <container name="وإذ تؤكد" eId="container_38">
        <p xml:space="preserve">
          <span class="bold italic">وإذ تؤكد</span> أن الصحة العالمية هدفٌ طويل الأمد له نطاق وطني وإقليمي ودولي ويتطلب التزاماً مستمراً رفيع المستوى وتعاوناً دولياً أوثق، يشمل إقامة شراكات واسعة النطاق بين الجهات صاحبة المصلحة، وعلى ضرورة الحفاظ على التقدم المحرز والمضي به قدماً من خلال إيلاء العناية الواجبة لاستمرارية الإجراءات الحالية في مجال الصحة العالمية وإمكانية تواصلها،</p>
      </container>
      <container name="وإذ تؤكد أيضا" eId="container_39">
        <p xml:space="preserve">
          <span class="bold italic">وإذ تؤكد أيضا</span> أهمية تعزيز التعاون الدولي في دعم جهود الدول الأعضاء من أجل تحقيق الأهداف الصحية، ومن ضمنها الغاية المتصلة بتحقيق التغطية الصحية الشاملة، بما في ذلك الحماية من المخاطر المالية، وإمكانية الحصول على خدمات الرعاية الصحية الأساسية الجيدة، وإمكانية حصول الجميع على الأدوية واللقاحات الأساسية الجيدة والمأمونة والناجعة والميسورة التكلفة،</p>
      </container>
      <container name="وإذ تعيد تأكيد" eId="container_40">
        <p xml:space="preserve">
          <span class="bold italic">وإذ تعيد تأكيد</span> أهمية تنشيط وتشجيع إقامة شراكات عالمية متينة مع جميع الجهات المعنية صاحبة المصلحة من أجل التعاون في دعم جهود الدول الأعضاء، حسب الاقتضاء، لتحقيق التغطية الصحية الشاملة وغيرها من الغايات المتعلقة بالصحة من أهداف التنمية المستدامة، بوسائل منها إسداء الدعم التقني والمساهمة في بناء القدرات وتعزيز أنشطة الدعوة، مع الاستفادة مما أنجزته الشبكات العالمية الحالية مثل الشراكة الصحية الدولية من أجل التغطية الصحية الشاملة بحلول عام 2030،</p>
      </container>
      <container name="وإذ تحيط علما" eId="container_41">
        <p xml:space="preserve">
          <span class="bold italic">وإذ تحيط علما</span> بإعلان خطة العمل العالمية للحياة الصحية والرفاه للجميع بنيويورك في 24 أيلول/سبتمبر 2019،</p>
      </container>
      <container name="وإذ تحيط علما أيضا" eId="container_42">
        <p xml:space="preserve">
          <span class="bold italic">وإذ تحيط علما أيضا</span> بقرار الاتحاد البرلماني الدولي المؤرخ 17 تشرين الأول/أكتوبر 2019 والمعنون ”تحقيق التغطية الصحية الشاملة بحلول عام 2030: دور البرلمانات في ضمان الحق في الصحة“،</p>
      </container>
      <container name="وإذ تشدد" eId="container_43">
        <p xml:space="preserve">
          <span class="bold italic">وإذ تشدد</span> على أن لمنظومة الأمم المتحدة مسؤولية ودورا هامين في مساعدة الدول الأعضاء، بناء على طلبها، في المتابعة والتنفيذ التام للاتفاقات والالتزامات التي تم التوصل إليها في المؤتمرات الرئيسية ومؤتمرات القمة التي تعقدها الأمم المتحدة، ولا سيما تلك التي تركز على المجالات المتصلة بالصحة، وإذ تشدد أيضا على الدور الرئيسي لمنظمة الصحة العالمية، بوصفها وكالة الأمم المتحدة المتخصصة في قضايا الصحة، وسائر المنظمات الدولية المعنية، في إسداء الدعم التقني للبلدان بشأن أفضل السبل المفضية إلى إشراك شرائح السكان وهيئات المجتمع المدني والمجتمعات المحلية في السياسات الوطنية المتعلقة بالصحة،</p>
      </container>
    </preamble>
    <mainBody>
      <paragraph eId="para_44" class="SingleTxt">
        <content eId="para_44__content">
          <p xml:space="preserve">	1 -	<span class="bold italic">تهيب</span> بالدول الأعضاء إلى تعزيز النظم الصحية، ولا سيما جانبها المتعلق بالرعاية الصحية الأولية، ابتغاء تمكين جميع الناس من الحصول على طائفة عريضة من خدمات الرعاية الصحية المتميزة بجودتها وأمانها ووفرتها وسهولة نيلها ويسر تكلفتها وحسن توقيتها وتكاملها من الناحية العلاجية والمالية وتركيزها على الناس ومراعاتها للاعتبارات الجنسانية واستنادها إلى المجتمع المحلي، مما سيساعد في تمكين الضعفاء أو من يعيشون في أوضاع هشة من تلبية احتياجاتهم من حيث الصحة البدنية والعقلية، وتعزيز الإنصاف والمساواة في الميدان الصحي، وإنهاء التمييز والوصم، وسد الثغرات القائمة في مجال التغطية الصحية وإقامة مجتمع أكثر شمولا؛</p>
        </content>
      </paragraph>
      <paragraph eId="para_45" class="SingleTxt">
        <content eId="para_45__content">
          <p xml:space="preserve">	2 -	<span class="bold italic">ترحب</span> بالاجتماع الرفيع المستوى المعني بالتغطية الصحية الشاملة، المعقود بنيويورك في 23 أيلول/سبتمبر 2019، وتؤكد من جديد الإعلان السياسي المنبثق عنه بعنوان ”التغطية الصحية الشاملة: التحرك معا لبناء عالم أكثر صحة“<sup>(</sup><authorialNote marker="16" placement="bottom" eId="authorialNote_16"><p xml:space="preserve">	()	القرار <a href="https://undocs.org//A/RES/74/2">74/2</a>.</p></authorialNote><sup>)</sup>؛</p>
        </content>
      </paragraph>
      <paragraph eId="para_46" class="SingleTxt">
        <content eId="para_46__content">
          <p xml:space="preserve">	3 -	<span class="bold italic">تهيب</span> بالدول الأعضاء إلى تسريع الجهود المبذولة في سبيل تحقيق التغطية الصحية الشاملة بحلول عام 2030 بما يكفل اتباع الناس أنماطا حياتية صحية وتعزيز الرفاهية لصالح الكافة طيلة مسار الحياة، وتؤكد من جديد، في هذا الصدد، عزمها على ما يلي:</p>
        </content>
      </paragraph>
      <paragraph eId="para_47" class="SingleTxt">
        <content eId="para_47__content">
          <p xml:space="preserve">	(أ)	التدرج في إمداد بليون شخص إضافيين بحلول عام 2023 بالخدمات الصحية الأساسية الجيدة وبالأدوية واللقاحات الأساسية ووسائل التشخيص والتكنولوجيات الصحية الجيدة والمأمونة والناجعة والميسورة التكلفة، بهدف توفيرها لجميع الأشخاص بحلول عام 2030؛</p>
        </content>
      </paragraph>
      <paragraph eId="para_48" class="SingleTxt">
        <content eId="para_48__content">
          <p xml:space="preserve">	(ب)	وقف ارتفاع النفقات الصحية التي يدفعها الناس من جيوبهم الخاصة وعكس الاتجاه الصعودي الكارثي لتلك النفقات من خلال توفير تدابير لضمان الحماية من المخاطر المالية والقضاء على الفقر الناجم عن النفقات المتعلقة بالصحة بحلول عام 2030، مع التركيز بشكل خاص على الفقراء إلى جانب الضعفاء ومن يعيشون في ظروف هشة؛</p>
        </content>
      </paragraph>
      <paragraph eId="para_49" class="SingleTxt">
        <content eId="para_49__content">
          <p xml:space="preserve">	4 -	<span class="bold italic">تسلم</span> بأن مشاركة الناس، لا سيما النساء والفتيات والأسر والمجتمعات المحلية، وإشراك جميع الجهات المعنية صاحبة المصلحة هما أحد المكونات الأساسية لإدارة النظام الصحي، اللازمة لتمام تمكين الناس كافة من تحسين صحتهم وحمايتها، مع إيلاء الاعتبار الواجب لمعالجة وإدارة تضارب المصالح والتأثير غير المبرر، والمساهمة في تحقيق التغطية الصحية الشاملة للجميع، مع التركيز على النتائج الصحية؛</p>
        </content>
      </paragraph>
      <paragraph eId="para_50" class="SingleTxt">
        <content eId="para_50__content">
          <p xml:space="preserve">	5 -	<span class="bold italic">تهيب</span> بالدول الأعضاء إلى ضمان عدم ترك أحد خلف الركب مع السعي إلى اللحاق أولا بمَن هم عن الركب أبعد، استنادا إلى كرامة الإنسان وتجسيدا لمبدأي المساواة وعدم التمييز، وإلى تمكين الضعفاء أو من يعيشون في ظروف هشة وتلبية احتياجاتهم الصحية البدنية والعقلية الواردة في خطة التنمية المستدامة لعام 2030<sup>(</sup><authorialNote marker="17" placement="bottom" eId="authorialNote_17"><p xml:space="preserve">	()	القرار <a href="https://undocs.org//A/RES/70/1">70/1</a>.</p></authorialNote><sup>)</sup>، بمن فيهم جميع الأطفال والشباب والأشخاص ذوي الإعاقة والمصابين بفيروس نقص المناعة البشرية/الإيدز وكبار السن والشعوب الأصلية واللاجئين والنازحين والمهاجرين؛</p>
        </content>
      </paragraph>
      <paragraph eId="para_51" class="SingleTxt">
        <content eId="para_51__content">
          <p xml:space="preserve">	6 -	<span class="bold italic">تهيب أيضا</span> بالدول الأعضاء إلى تعزيز آليات الحماية الاجتماعية لكفالة الحصول على خدمات صحية أساسية مضمونة الجودة وميسورة التكلفة، من ضمنها الأدوية واللقاحات ووسائل التشخيص والمنتجات الطبية والتكنولوجيات الصحية؛</p>
        </content>
      </paragraph>
      <paragraph eId="para_52" class="SingleTxt">
        <content eId="para_52__content">
          <p xml:space="preserve">	7 -	<span class="bold italic">تهيب كذلك</span> بالدول الأعضاء إلى اتخاذ تدابير لتقاسم وتنفيذ رؤية إعلان آستانا والالتزامات الواردة فيه، وتكرر تأكيد التزام إعلان ألما آتا، ومن ضمنه تعزيز تمكين الأفراد والمجتمعات المحلية، في سياق الرعاية الصحية الأولية؛</p>
        </content>
      </paragraph>
      <paragraph eId="para_53" class="SingleTxt">
        <content eId="para_53__content">
          <p xml:space="preserve">	8 -	<span class="bold italic">تهيب</span> بالدول الأعضاء إلى كفالة حق كل إنسان، دون تمييز من أي نوع، في التمتع بأعلى مستوى يمكن بلوغه من الصحة البدنية والعقلية، وتشير في الوقت نفسه إلى أن لكل شخص الحق، بمفرده أو بالارتباط مع غيره، في تعزيز حماية وإعمال هذا الحق بوجه خاص والسعي إلى تحقيق ذلك، وتشجع القادة في جميع قطاعات المجتمع وداخل مجتمعاتهم المحلية على أن يعبروا عن دعمهم العلني له؛</p>
        </content>
      </paragraph>
      <paragraph eId="para_54" class="SingleTxt">
        <content eId="para_54__content">
          <p xml:space="preserve">	9 -	<span class="bold italic">تشجع</span> الدول الأعضاء على إشراك جميع الجهات المعنية صاحبة المصلحة، بما فيها المجتمع المدني والقطاع الخاص والأوساط الأكاديمية، حسب الاقتضاء، في الإسهام، من خلال ما تنشئه من منصات وشراكات شفافة وتشاركية متعددة أصحاب المصلحة، في وضع السياسات المتعلقة بالصحة وبالبعد الاجتماعي وفي تنفيذها وتقييمها، واستعراض ما يحرَز من تقدم في تحقيق الأهداف الوطنية في مجال التغطية الصحية الشاملة، مع إيلاء الاعتبار الواجب لمعالجة وإدارة تضارب المصالح والتأثير الذي لا مبرر له؛</p>
        </content>
      </paragraph>
      <paragraph eId="para_55" class="SingleTxt">
        <content eId="para_55__content">
          <p xml:space="preserve">	10 -	<span class="bold italic">تشجع أيضا</span> الدول الأعضاء على تعميم مراعاة المنظور الجنساني على نطاق النظم عند تصميم السياسات الصحية وتنفيذها ورصدها، مع مراعاة الاحتياجات الخاصة لجميع النساء والفتيات، بغية تحقيق المساواة بين الجنسين وتمكين المرأة في السياسات الصحية وفي تنفيذ النظم الصحية؛</p>
        </content>
      </paragraph>
      <paragraph eId="para_56" class="SingleTxt">
        <content eId="para_56__content">
          <p xml:space="preserve">	11 -	<span class="bold italic">تهيب</span> بالدول الأعضاء إلى تشجيع النهج الأكثر اتساقا وشمولا لحماية التغطية الصحية الشاملة في حالات الطوارئ، بطرق من ضمنها التعاون الدولي، وضمان استمرارية وتوفير الخدمات الصحية الأساسية ووظائف الصحة العامة، بما ينسجم والمبادئ الإنسانية؛</p>
        </content>
      </paragraph>
      <paragraph eId="para_57" class="SingleTxt">
        <content eId="para_57__content">
          <p xml:space="preserve">	12 -	<span class="bold italic">تهيب أيضا</span> بالدول الأعضاء إلى ضمان حصول الأشخاص المتضررين من العنف الجنسي في حالات الكوارث الطبيعية وحالات الطوارئ الإنسانية والنزاعات المسلحة على خدمات الرعاية الصحية بأمان وعلى أساس غير تمييزي؛</p>
        </content>
      </paragraph>
      <paragraph eId="para_58" class="SingleTxt">
        <content eId="para_58__content">
          <p xml:space="preserve">	13 -	<span class="bold italic">تحث</span> جميع الدول الأعضاء أن تقوم، حسبما يكون مناسبا للسياقات المحلية والوطنية وبهدف إنجاح الرعاية الصحية الأولية وتحقيق التغطية الصحية الشاملة، بتنفيذ برامج العمال الصحيين المجتمعيين من أجل تمكين هؤلاء من تقديم رعاية مأمونة وعالية الجودة، وتحسين تلك البرامج على الصعيد الوطني باعتبارها جزءا من الاستراتيجيات الوطنية المتعلقة بالقوة العاملة في الميدان الصحي والقطاع الصحي بشكل أوسع والعمالة والتنمية الاقتصادية، انسجاما مع الأولويات والموارد والخصوصيات الوطنية؛</p>
        </content>
      </paragraph>
      <paragraph eId="para_59" class="SingleTxt">
        <content eId="para_59__content">
          <p xml:space="preserve">	14 -	<span class="bold italic">تحث</span> الدول الأعضاء على تكثيف الجهود لتشجيع توظيف العمال الصحيين الأكفاء والمهرة والمتحمسين واستبقائهم، بمن فيهم العمال الصحيون المجتمعيون وأخصائيو الصحة العقلية، وتشجيع منح الحوافز الهادفة إلى ضمان توزيع العمال الصحيين المؤهلين توزيعا عادلا وخاصة في المناطق الريفية والمناطق التي يصعب الوصول إليها والمناطق الناقصة الخدمات وفي المجالات التي يرتفع فيها الطلب على الخدمات، وذلك بوسائل منها توفير ظروف عمل لائقة ومأمونة وتوفير أجور مناسبة للعمال الصحيين في تلك المناطق، بما يتماشى مع المدونة العالمية لقواعد الممارسة بشأن توظيف العمال الصحيين على المستوى الدولي الصادرة عن منظمة الصحة العالمية<sup>(</sup><authorialNote marker="18" placement="bottom" eId="authorialNote_18"><p xml:space="preserve">	()	منظمة الصحة العالمية، الوثيقة WHA63/2010/REC/1، المرفق 5.</p></authorialNote><sup>)</sup>، وتلاحظ بقلق استمرار هجرة العمال الصحيين المهرة المتمرسين مما يضعف النظم الصحية في بلدانهم الأصلية؛</p>
        </content>
      </paragraph>
      <paragraph eId="para_60" class="SingleTxt">
        <content eId="para_60__content">
          <p xml:space="preserve">	15 -	<span class="bold italic">تهيب</span> بالدول الأعضاء إلى تطوير التدريب القائم على الأدلة الذي يراعي الثقافات المختلفة والاحتياجات الخاصة للنساء والأطفال والأشخاص ذوي الإعاقة، وتعزيز مهارات العمال الصحيين وتعليمهم، بمن فيهم القابلات والعمال الصحيون المجتمعيون، وكذلك تشجيع خطط التعليم المستمر والتعلم مدى الحياة وتوسيع نطاق التعليم والتدريب المجتمعي في مجال الصحة من أجل توفير رعاية جيدة للناس طيلة مسار حياتهم؛</p>
        </content>
      </paragraph>
      <paragraph eId="para_61" class="SingleTxt">
        <content eId="para_61__content">
          <p xml:space="preserve">	16 -	<span class="bold italic">تشجع</span> الدول الأعضاء على الوفاء بالتزامها أن تكفل، بحلول العام 2030، حصول الجميع على خدمات رعاية الصحة الجنسية والإنجابية، بما في ذلك خدمات تنظيم الأسرة والتوعية والتثقيف بشأنها، وإدماج الصحة الإنجابية في الاستراتيجيات والبرامج الوطنية؛</p>
        </content>
      </paragraph>
      <paragraph eId="para_62" class="SingleTxt">
        <content eId="para_62__content">
          <p xml:space="preserve">	17 -	<span class="bold italic">تهيب</span> بالدول الأعضاء إلى تعزيز الجهود الرامية إلى معالجة الأمراض المعدية، بما في ذلك فيروس نقص المناعة البشرية/الإيدز والسل والملاريا والتهاب الكبد باعتبار ذلك جزءا من التغطية الصحية الشاملة وضمان استمرار المكاسب الهشة وتوسيع نطاقها من خلال تعزيز النهج الشاملة وتقديم خدمات متكاملة وضمان عدم ترك أحد خلف الركب؛</p>
        </content>
      </paragraph>
      <paragraph eId="para_63" class="SingleTxt">
        <content eId="para_63__content">
          <p xml:space="preserve">	18 -	<span class="bold italic">تهيب أيضا </span>بالدول الأعضاء إلى مواصلة تعزيز الجهود الرامية إلى معالجة الأمراض غير المعدية، بما في ذلك أمراض القلب والأوعية الدموية والسرطان وأمراض الجهاز التنفسي المزمنة ومرض السكري والأمراض الكلوية، باعتبار ذلك جزءا من التغطية الصحية الشاملة؛</p>
        </content>
      </paragraph>
      <paragraph eId="para_64" class="SingleTxt">
        <content eId="para_64__content">
          <p xml:space="preserve">	19 -	<span class="bold italic">تهيب كذلك</span> بالدول الأعضاء إلى اتخاذ الخطوات اللازمة لتعزيز الإجراءات الرامية إلى التوعية على الصعيد الدولي بمسألة الأمراض المنقولة بالمياه، وخاصة الكوليرا وإسهال الأطفال، التي يمكن الوقاية منها من خلال توفير مياه الشرب المأمونة وخدمات الصرف الصحي والنظافة الصحية الكافية، وإقامة الشراكات مع الجهات المعنية صاحبة المصلحة من أجل تنفيذ مشاريع تهدف إلى توسيع نطاق الحصول على المياه المأمونة وخدمات الصرف الصحي في البلدان النامية؛</p>
        </content>
      </paragraph>
      <paragraph eId="para_65" class="SingleTxt">
        <content eId="para_65__content">
          <p xml:space="preserve">	20 -	<span class="bold italic">تشجع</span> الدول الأعضاء على تهيئة بيئات تعزز الصحة والتغذية، بما في ذلك من خلال التثقيف في مجال التغذية في المدارس والمؤسسات التعليمية الأخرى، حسب الاقتضاء، وتوسيع نطاق الإجراءات المجتمعية التي تدعم الأطفال والأسر، من خلال النهوض بصحة الأمهات وممارسات تغذية الرضّع الموصى بها مثل الرضاعة الطبيعية؛</p>
        </content>
      </paragraph>
      <paragraph eId="para_66" class="SingleTxt">
        <content eId="para_66__content">
          <p xml:space="preserve">	21 -	<span class="bold italic">تهيب</span> بالدول الأعضاء القيام، بالشراكة مع غيرها من الجهات المعنية صاحبة المصلحة، بما في ذلك المنظمات الدولية والإقليمية والأوساط الأكاديمية، بالنظر في توسيع نطاق البحوث ونشر المعارف بشأن الروابط بين الصحة، ولا سيما محدداتها الاقتصادية والاجتماعية، وبين التغذية والنظم الغذائية لإبراز الأدلة ووضع الإرشادات المتعلقة ببرامج وسياسات التغذية الناجعة؛</p>
        </content>
      </paragraph>
      <paragraph eId="para_67" class="SingleTxt">
        <content eId="para_67__content">
          <p xml:space="preserve">	22 -	<span class="bold italic">تشجع</span> الدول الأعضاء والمنظمات المعنية على تعزيز برامج التحصين والتلقيح باعتبارها أحد أهم السبل القمينة بالحد من عدد الوفيات الناجمة عن الأمراض التي يمكن الوقاية منها وعلى تعزيز أيضا سلامة وفعالية اللقاحات في مجتمعاتها، بهدف القضاء على الأمراض التي يمكن الوقاية منها بالتلقيح، وتهيب بالدول الأعضاء إلى تعزيز نظم مراقبة الصحة العامة والبيانات المتعلقة بها، وتحسين قدرات التحصين والتلقيح بشكل منتظم، بسبل من بينها توفير المعلومات القائمة على الأدلة لمكافحة موقف التردد حيال التلقيح، وتوسيع نطاق التغطية بالتلقيح من أجل الوقاية من تفشي الأمراض المعدية والأمراض غير المعدية ومن انتشارها وعودتها إلى الظهور، بما في ذلك ما يتعلق بالأمراض التي يمكن الوقاية منها بالتلقيح وتم القضاء عليها بالفعل والجهود الجارية لاستئصال الأمراض من قبيل شلل الأطفال؛</p>
        </content>
      </paragraph>
      <paragraph eId="para_68" class="SingleTxt">
        <content eId="para_68__content">
          <p xml:space="preserve">	23 -	<span class="bold italic">تهيب</span> بالدول الأعضاء إلى تكثيف الجهود المبذولة للتشجيع على أن تكون الشيخوخة صحية ونشطة، وللحفاظ على نوعية حياة كبار السن وتحسينها والاستجابة للاحتياجات الناجمة عن تسارع شيخوجة السكان، ولا سيما الحاجة إلى الرعاية الإرشادية والوقائية والعلاجية والتأهيلية والتلطيفية، وكذلك الرعاية المتخصصة وتوفير الرعاية الطويلة الأجل بشكل مستدام، مع مراعاة السياقات والأولويات الوطنية؛</p>
        </content>
      </paragraph>
      <paragraph eId="para_69" class="SingleTxt">
        <content eId="para_69__content">
          <p xml:space="preserve">	24 -	<span class="bold italic">تهيب أيضا</span> بالدول الأعضاء إلى زيادة إمكانية حصول جميع الأشخاص ذوي الإعاقة على الخدمات الصحية، وإزالة الحواجز المادية والاجتماعية والبنيوية والمالية والحواجز الراجعة إلى المواقف، وتوفير مستوى جيد من الرعاية وتكثيف الجهود من أجل تمكينهم وإدماجهم، مع ملاحظة أن الأشخاص ذوي الإعاقة، الذين يمثلون 15 في المائة من سكان العالم، ما زالت احتياجاتهم الصحية غير ملباة بالكامل؛</p>
        </content>
      </paragraph>
      <paragraph eId="para_70" class="SingleTxt">
        <content eId="para_70__content">
          <p xml:space="preserve">	25 -	<span class="bold italic">تشجع</span> الدول الأعضاء على دمج الاحتياجات الصحية للمهاجرين في السياسات والخطط الوطنية والمحلية المتعلقة بالرعاية الصحية، من قبيل تعزيز القدرات اللازمة لتقديم الخدمات، وتيسير الاستفادة من الخدمات بطريقة ميسرة وغير تمييزية، والحد من الحواجز المعيقة للتواصل، وتدريب مقدمي خدمات الرعاية الصحية على تقديم الخدمات الصحية المراعية للاعتبارات الثقافية، ابتغاء تعزيز الصحة البدنية والعقلية للمهاجرين والمجتمعات المحلية عموما؛</p>
        </content>
      </paragraph>
      <paragraph eId="para_71" class="SingleTxt">
        <content eId="para_71__content">
          <p xml:space="preserve">	26 -	<span class="bold italic">تهيب</span> بالدول الأعضاء إلى تعزيز التعاون على كل من الصعيد الوطني والإقليمي والعالمي للتصدي لمقاومة مضادات الميكروبات، باستخدام نهج صحي موحّد نظُمِيٍّ متكامل، بوسائل منها تعزيز النظام الصحي، وبناء القدرات، بما في ذلك القدرات البحثية والتنظيمية، وتقديم الدعم التقني وضمان الإنصاف في الاستفادة من الأدوية واللقاحات المضادة للميكروبات ووسائل التشخيص الموجودة والجديدة المأمونة والناجعة والجيدة والميسورة التكلفة، بالإضافة إلى الإشراف الفعال، حيث تشكل مقاومة مضادات الميكروبات تحديا أمام تحقيق التغطية الصحية الشاملة، مع ملاحظة عمل فريق التنسيق المخصص المشترك بين الوكالات المعني بمقاومة مضادات الميكروبات وتوصياته على النحو الوارد في تقرير الأمين العام بشأن مقاومة مضادات الميكروبات<sup>(</sup><authorialNote marker="19" placement="bottom" eId="authorialNote_19"><p xml:space="preserve">	()	<a href="https://undocs.org//A/73/869">A/73/869</a>.</p></authorialNote><sup>)</sup>، وتتطلع إلى مناقشته خلال الدورة الرابعة والسبعين للجمعية العامة، مع مراعاة قرار جمعية الصحة العالمية 72-5 المؤرخ 28 أيار/مايو 2019<sup>(</sup><authorialNote marker="20" placement="bottom" eId="authorialNote_20"><p xml:space="preserve">	()	انظر منظمة الصحة العالمية، الوثيقة WHA72/2019/REC/1.</p></authorialNote><sup>)</sup>؛</p>
        </content>
      </paragraph>
      <paragraph eId="para_72" class="SingleTxt">
        <content eId="para_72__content">
          <p xml:space="preserve">	27 -	<span class="bold italic">تهيب أيضا</span> بالدول الأعضاء إلى تشجيع التوزيع العادل للأدوية الأساسية الجيدة والمأمونة والناجعة والميسورة وزيادة فرص الحصول عليها، بما في ذلك الأدوية الجنيسة واللقاحات ووسائل التشخيص والتكنولوجيات الصحية، لضمان خدمات صحية جيدة ميسورة التكلفة وتوفيرها في الوقت المناسب؛</p>
        </content>
      </paragraph>
      <paragraph eId="para_73" class="SingleTxt">
        <content eId="para_73__content">
          <p xml:space="preserve">	28 -	<span class="bold italic">تهيب كذلك</span> بالدول الأعضاء إلى تحسين توافر المنتجات الصحية والقدرة على تحمل تكاليفها ونجاعتها من خلال زيادة شفافية أسعار الأدوية واللقاحات والأجهزة الطبية ووسائل التشخيص والمنتجات المساعدة والعلاجات الخلوية والجينية والتكنولوجيات الصحية الأخرى على امتداد سلسلة القيمة، بوسائل منها تحسين القواعد التنظيمية وإقامة تواصل بنّاء وشراكة أقوى مع الجهات المعنية صاحبة المصلحة، بما في ذلك الصناعات والقطاع الخاص والمجتمع المدني، وفقاً للأطر القانونية والسياقات الوطنية والإقليمية، وذلك لمعالجة القلق العالمي من ارتفاع أسعار بعض المنتجات الصحية، وتشجع منظمة الصحة العالمية، في هذا الصدد، على مواصلة الجهود التي تبذلها لعقد منتدى التسعير العادل كل سنتين مع الدول الأعضاء وجميع الجهات المعنية صاحبة المصلحة لمناقشة مسائل القدرة على تحمل الأسعار وشفافيتها وتكاليف المنتجات الصحية؛</p>
        </content>
      </paragraph>
      <paragraph eId="para_74" class="SingleTxt">
        <content eId="para_74__content">
          <p xml:space="preserve">	29 -	<span class="bold italic">تؤكد من جديد</span> الحق في الاستفادة إلى أقصى حد ممكن من الأحكام الواردة في اتفاق منظمة التجارة العالمية المتعلق بالجوانب المتصلة بالتجارة من حقوق الملكية الفكرية، الذي يوفر أوجه المرونة اللازمة لحماية الصحة العامة، ويشجع حصول الجميع على الأدوية، ولا سيما بالنسبة للبلدان النامية، وإعلان الدوحة بشأن اتفاق الجوانب المتصلة بالتجارة من حقوق الملكية الفكرية وبالصحة العامة، الذي يقر بأن حماية الملكية الفكرية مهمة لتطوير أدوية جديدة، ويعترف أيضا بالشواغل المتعلقة بآثارها على الأسعار؛</p>
        </content>
      </paragraph>
      <paragraph eId="para_75" class="SingleTxt">
        <content eId="para_75__content">
          <p xml:space="preserve">	30 -	<span class="bold italic">تهيب</span> بالدول الأعضاء إلى بحث وتشجيع وتعزيز مجموعة مبتكرة من الحوافز وآليات التمويل للبحث والتطوير في مجال الصحة، بما في ذلك إقامة شراكة أقوى تتسم بالشفافية بين القطاعين العام والخاص، فضلا عن الأوساط الأكاديمية، مع الاعتراف بالحاجة إلى زيادة البحث والتطوير في مجال الصحة العامة النابعيْن من الاحتياجات والقائميْن على الأدلة والمسترشديْن بمبادئ أساسية هي السلامة ويسر الأسعار والنجاعة والكفاءة والإنصاف ومع اعتبار ذلك مسؤولية مشتركة، فضلا عن الحاجة إلى حوافز مناسبة لابتكار منتجات وتكنولوجيات صحية جديدة؛</p>
        </content>
      </paragraph>
      <paragraph eId="para_76" class="SingleTxt">
        <content eId="para_76__content">
          <p xml:space="preserve">	31 -	<span class="bold italic">تهيب أيضا</span> بالدول الأعضاء إلى التسليم بالدور الهام الذي يؤديه القطاع الخاص في البحث والتطوير في مجال الأدوية المبتكرة، والتشجيع على الاستعانة، حسب الاقتضاء، بآليات تمويل بديلة للبحث والتطوير باعتبارها قوة دافعة لابتكار أدوية جديدة واستخدامات جديدة للأدوية، وعلى مواصلة دعم المبادرات الطوعية وآليات الحوافز التي تفصل تكلفة الاستثمار في البحث والتطوير عن سعر المبيعات وحجمها، وتسهيل الحصول المنصف وبأسعار ميسورة على الأدوات الجديدة والنتائج الأخرى التي يمكن إحرازها من خلال البحث والتطوير؛</p>
        </content>
      </paragraph>
      <paragraph eId="para_77" class="SingleTxt">
        <content eId="para_77__content">
          <p xml:space="preserve">	32 -	<span class="bold italic">تحث</span> الدول الأعضاء على تحسين المهارات الرقمية لجميع الأشخاص، بسبل من بينها العمل مع المجتمع المدني لبناء الثقة في الحلول الصحية الرقمية ودعمها، وتشجيع تطبيق التكنولوجيا الصحية الرقمية في توفير خدمات الرعاية الصحية اليومية والحصول عليها، مع التركيز على الإرشاد الصحي والاختبارات والفحوص التنبؤية، والعمل في الآن نفسه على ضمان إمكانية الحصول على المعلومات العلاجية المهمة، والإلمام بالمخاطر المحدقة بالسلامة وحماية الخصوصية؛</p>
        </content>
      </paragraph>
      <paragraph eId="para_78" class="SingleTxt">
        <content eId="para_78__content">
          <p xml:space="preserve">	33 -	<span class="bold italic">تهيب</span> بالدول الأعضاء إلى الاستثمار في الاستخدام الأخلاقي المبتغي الصحةَ العامة للتكنولوجيات المناسبة القائمة على الأدلة والسهلة الاستعمال، بما فيها التكنولوجيات الرقمية، فضلا عن الابتكار، وتشجيع ذلك الاستخدام، بهدف زيادة إمكانية الحصول على الخدمات الصحية الجيدة والخدمات الاجتماعية المتصلة بها والمعلومات الوجيهة، وتحسين مردودية النظم الصحية والكفاءة في توفير وتقديم الرعاية الجيدة بطريقة تراعي الحاجة إلى بناء وتعزيز نظم المعلومات الصحية القابلة للتشغيل البيني والمتكاملة من أجل إدارة النظم الصحية ومراقبة الصحة العامة، وكذلك الحاجة إلى حماية البيانات والخصوصية وتضييق الفجوة الرقمية؛</p>
        </content>
      </paragraph>
      <paragraph eId="para_79" class="SingleTxt">
        <content eId="para_79__content">
          <p xml:space="preserve">	34 -	<span class="bold italic">تهيب أيضا</span> بالدول الأعضاء إلى بحث السبل التي تمكنها، حسب الاقتضاء، من إدماج خدمات الطب التقليدي والتكميلي المأمونة والمدعومة بالأدلة في النظم الصحية الوطنية و/أو دون الوطنية، لا سيما على مستوى الرعاية الصحية الأولية، وفقاً للسياق الوطني والأولويات الوطنية؛</p>
        </content>
      </paragraph>
      <paragraph eId="para_80" class="SingleTxt">
        <content eId="para_80__content">
          <p xml:space="preserve">	35 -	<span class="bold italic">تهيب كذلك</span> بالدول الأعضاء إلى تشجيع التفاعل بين الحكومات والمنظمات الدولية والمنظمات غير الحكومية والمؤسسات الأكاديمية والبحثية والمؤسسات الخيرية والقطاع الخاص، وزيادة اتساق السياسات وتنسيق الإجراءات عن طريق الأخذ بنهجيْ العمل المشترك من قبل جميع الإدارات الحكومية وإدماج الجانب الصحي في جميع السياسات لإيجاد حلول للتحديات الصحية، مثل الحاجة إلى أنشطة البحث والتطوير المبنية على الاحتياجات الصحية، وتحسين الأطر القائمة والبديلة للمكافئة بالقدر الملائم على الابتكار في المنتجات الصحية وأسعارها ويسر تكلفتها، والاستفادة من التكنولوجيات المبتكرة، بما في ذلك التكنولوجيات الرقمية، والحلول المتعلقة بالصحة؛</p>
        </content>
      </paragraph>
      <paragraph eId="para_81" class="SingleTxt">
        <content eId="para_81__content">
          <p xml:space="preserve">	36 -	<span class="bold italic">تهيب</span> بالدول الأعضاء إلى تعزيز نظم المعلومات الصحية وجمع بيانات موثوقة جيدة وحسنة التوقيت، بما في ذلك الإحصاءات الحيوية، مع تصنيفها حسب الدخل ونوع الجنس والعمر والعرق والأصل الإثني والوضع من حيث الهجرة والإعاقة والموقع الجغرافي، وغير ذلك من الخصائص المهمة في السياقات الوطنية على النحو المطلوب لرصد ما يحرز من تقدم والوقوف على الثغرات في الإنجاز العام الشامل للجميع للهدف 3 من أهداف التنمية المستدامة وسائر ما يتصل من تلك الأهداف بالصحة، مع حماية خصوصية البيانات التي يمكن ربطها بالأفراد، ولضمان أن تكون الإحصاءات المستخدمة في رصد التقدم عاكسة للتقدم الفعلي المحرز على أرض الواقع، من أجل تحقيق التغطية الصحية الشاملة، تمشيا مع خطة التنمية المستدامة لعام 2030؛</p>
        </content>
      </paragraph>
      <paragraph eId="para_82" class="SingleTxt">
        <content eId="para_82__content">
          <p xml:space="preserve">	37 -	<span class="bold italic">تهيب أيضا</span> بالدول الأعضاء إلى وضع غايات وطنية قابلة للقياس وتعزيز البرامج الوطنية للرصد والتقييم، حسب الاقتضاء، انسجاما مع خطة التنمية المستدامة لعام 2030، دعما للتتبع المنتظم لما يحرز من تقدم في تحقيق التغطية الصحية الشاملة بحلول عام 2030؛</p>
        </content>
      </paragraph>
      <paragraph eId="para_83" class="SingleTxt">
        <content eId="para_83__content">
          <p xml:space="preserve">	38 -	<span class="bold italic">تهيب كذلك</span> بالدول الأعضاء إلى توفير قيادة استراتيجية بشأن التغطية الصحية الشاملة على أعلى مستوى سياسي وتشجيع قدر أكبر من الاتساق في السياسات والإجراءات المنسقة عن طريق الأخذ بنهجيْ العمل المشترك من قبل جميع الإدارات الحكومية وإدماج الجانب الصحي في جميع السياسات، وصياغة استجابة منسقة ومتكاملة ومتعددة القطاعات تشمل المجتمع بأكمله، مع التسليم بالحاجة إلى مواءمة الدعم المقدم من جميع الجهات صاحبة المصلحة من أجل تحقيق الأهداف الصحية الوطنية؛</p>
        </content>
      </paragraph>
      <paragraph eId="para_84" class="SingleTxt">
        <content eId="para_84__content">
          <p xml:space="preserve">	39 -	<span class="bold italic">تشجع</span> الدول الأعضاء على تعزيز التعاون الدولي والمساعدة الإنمائية الرسمية من أجل الصحة، وتطوير التأهب لحالات الطوارئ الصحية بالتركيز على الرعاية الصحية الأولية، ودعم الاستراتيجيات والسياسات والبرامج ومبادرات الرصد على الصعيدين الوطني والإقليمي وتكميلها؛</p>
        </content>
      </paragraph>
      <paragraph eId="para_85" class="SingleTxt">
        <content eId="para_85__content">
          <p xml:space="preserve">	40 -	<span class="bold italic">تشجع أيضا</span> الدول الأعضاء على ضمان الإنفاق العام المحلي الكافي على الصحة، وعند الاقتضاء، التوسع في تخصيص موارد جماعية للصحة، وتعظيم كفاءة الإنفاق الصحي وضمان عدالة توزيعه، من أجل تقديم الخدمات الصحية الأساسية التي لها مردودية في حينها وبتكلفة ميسرة وبجودة عالية، وتحسين تغطية الخدمات، والحد من الفقر الناجم عن الإنفاق الصحي، وضمان الحماية من المخاطر المالية، مع مراعاة دور استثمارات القطاع الخاص، حسب الاقتضاء؛</p>
        </content>
      </paragraph>
      <paragraph eId="para_86" class="SingleTxt">
        <content eId="para_86__content">
          <p xml:space="preserve">	41 -	<span class="bold italic">تشجع كذلك</span> الدول الأعضاء على تعبئة جميع شركاء التعاون الإنمائي المعنيين والجهات المعنية صاحبة المصلحة من القطاع الصحي وخارجه، كل في إطار ولايته، لتأمين التمويل الضروري والمستدام لتعزيز النظم الصحية، بما في ذلك من خلال تنفيذ الآليات المبتكرة، وتعزيز التعاون الدولي، وتعزيز حصول الجميع على خدمات الرعاية الصحية الجيدة، بسبل تشمل إقامة الشراكات مع المجتمع المدني ومع من يعنيه الأمر من المؤسسات البحثية والقطاع الخاص؛</p>
        </content>
      </paragraph>
      <paragraph eId="para_87" class="SingleTxt">
        <content eId="para_87__content">
          <p xml:space="preserve">	42 -	<span class="bold italic">تشجع</span> الأمين العام على تشجيع إجراء مناقشة بين الدول الأعضاء والجهات المعنية صاحبة المصلحة، وبخاصة وكالات الأمم المتحدة، بشأن الخيارات السياساتية المناسبة لتعزيز فرص الاستفادة من الأدوية والابتكار والتكنولوجيات الصحية في سياق تعزيز النظم الصحية؛</p>
        </content>
      </paragraph>
      <paragraph eId="para_88" class="SingleTxt">
        <content eId="para_88__content">
          <p xml:space="preserve">	43 -	<span class="bold italic">تطلب</span> إلى الأمين العام التطرق، بالتعاون الوثيق مع المدير العام لمنظمة الصحة العالمية، للتحديات التي تطرحها النهج الشاملة والفرص التي تتيحها لتعزيز النظم الصحية في جملة ما يتطرق إليه ضمن التقرير المرحلي الذي سيقدم أثناء الدورة الخامسة والسبعين للجمعية العامة على النحو المطلوب في الإعلان السياسي المنبثق من الاجتماع الرفيع المستوى بشأن التغطية الصحية الشاملة.</p>
        </content>
      </paragraph>
    </mainBody>
    <conclusions eId="conclusions">
      <p>
        <inline name="adoptionMeeting" title="44">الجلسة العامة 44</inline>
        <eol />
        <docDate date="2019-12-11" refersTo="#adoptionDate">11 كانون الأول/ديسمبر 2019</docDate>
      </p>
    </conclusions>
  </statement>
</akomaNtoso>