<akomaNtoso xmlns:xsi="http://www.w3.org/2001/XMLSchema-instance" xsi:schemaLocation="http://docs.oasis-open.org/legaldocml/ns/akn/3.0 http://docs.oasis-open.org/legaldocml/akn-core/v1.0/os/part2-specs/schemas/akomantoso30.xsd" xmlns="http://docs.oasis-open.org/legaldocml/ns/akn/3.0" xmlns:html="http://www.w3.org/1999/xhtml" xmlns:akn4un="http://un.org/akn4un">
  <statement name="resolution">
    <meta>
      <identification source="#DGACM">
        <FRBRWork>
          <FRBRthis value="/akn/un/statement/deliberation/unga/2019-12-12/74-27/!main/"></FRBRthis>
          <FRBRuri value="/akn/un/statement/deliberation/unga/2019-12-12/74-27/"></FRBRuri>
          <FRBRdate date="2019-12-12" name="adoption"></FRBRdate>
          <FRBRauthor href="ga" as="author"></FRBRauthor>
          <FRBRcountry value="un"></FRBRcountry>
        </FRBRWork>
        <FRBRExpression>
          <FRBRthis value="/akn/un/statement/deliberation/unga/2019-12-12/74-27/ara@!main/"></FRBRthis>
          <FRBRuri value="/akn/un/statement/deliberation/unga/2019-12-12/74-27/ara@/"></FRBRuri>
          <FRBRdate date="2019-12-18" name="publication"></FRBRdate>
          <FRBRauthor href="ga" as="issuer"></FRBRauthor>
          <FRBRlanguage language="ara"></FRBRlanguage>
        </FRBRExpression>
        <FRBRManifestation>
          <FRBRthis value="/akn/un/statement/deliberation/unga/2019-12-12/74-27/ara@/!main.xml"></FRBRthis>
          <FRBRuri value="/akn/un/statement/deliberation/unga/2019-12-12/74-27/ara@.xml"></FRBRuri>
          <FRBRdate date="2020-09-01" name="markup"></FRBRdate>
          <FRBRauthor href="DGACM" as="editor"></FRBRauthor>
        </FRBRManifestation>
      </identification>
      <classification source="http://metadata.un.org/sdg">
        <keyword value="7" href="http://metadata.un.org/sdg/7" showAs="sdg_7" dictionary="SDGO"></keyword>
        <keyword value="66_energy" href="http://eurovoc.europa.eu/100159" showAs="66_energy" dictionary="EuroVoc"></keyword>
        <keyword value="energy_market" href="http://eurovoc.europa.eu/4886" showAs="energy_market" dictionary="EuroVoc"></keyword>
        <keyword value="sustainable_energy" href="http://metadata.un.org/thesaurus/1006320" showAs="sustainable_energy" dictionary="UNBIS Thesaurus"></keyword>
      </classification>
      <classification source="http://metadata.un.org/sdg">
        <keyword value="8" href="http://metadata.un.org/sdg/8" showAs="sdg_8" dictionary="SDGO"></keyword>
        <keyword value="economic_growth" href="http://eurovoc.europa.eu/310" showAs="economic_growth" dictionary="EuroVoc"></keyword>
        <keyword value="full_employment" href="http://eurovoc.europa.eu/2427" showAs="full_employment" dictionary="EuroVoc"></keyword>
        <keyword value="unemployment" href="http://eurovoc.europa.eu/5974" showAs="unemployment" dictionary="EuroVoc"></keyword>
        <keyword value="economic_growth" href="http://metadata.un.org/thesaurus/1001854" showAs="economic_growth" dictionary="UNBIS Thesaurus"></keyword>
        <keyword value="employment" href="http://metadata.un.org/thesaurus/1002007" showAs="employment" dictionary="UNBIS Thesaurus"></keyword>
        <keyword value="full_employment" href="http://metadata.un.org/thesaurus/1002563" showAs="full_employment" dictionary="UNBIS Thesaurus"></keyword>
        <keyword value="unemployment" href="http://metadata.un.org/thesaurus/1006773" showAs="unemployment" dictionary="UNBIS Thesaurus"></keyword>
      </classification>
      <classification source="http://metadata.un.org/sdg">
        <keyword value="12" href="http://metadata.un.org/sdg/12" showAs="sdg_12" dictionary="SDGO"></keyword>
        <keyword value="consumption" href="http://eurovoc.europa.eu/139" showAs="consumption" dictionary="EuroVoc"></keyword>
        <keyword value="production" href="http://eurovoc.europa.eu/2707" showAs="production" dictionary="EuroVoc"></keyword>
        <keyword value="sustainable_consumption" href="http://metadata.un.org/thesaurus/1006318" showAs="sustainable_consumption" dictionary="UNBIS Thesaurus"></keyword>
        <keyword value="consumption" href="http://metadata.un.org/thesaurus/1001264" showAs="consumption" dictionary="UNBIS Thesaurus"></keyword>
        <keyword value="production" href="http://metadata.un.org/thesaurus/1005146" showAs="production" dictionary="UNBIS Thesaurus"></keyword>
      </classification>
      <workflow source="#un">
        <step date="2019-10-21" outcome="draftResolution" as="A/C.1/74/L.14" by="Angola, Antigua and Barbuda, Argentina, Austria, Bahamas, Belize, Bolivia (Plurinational State of), Brazil, Chile, Colombia, Costa Rica, Cuba, Dominican Republic, Ecuador, El Salvador, Guatemala, Guyana, Haiti, Honduras, Jamaica, Kazakhstan, Mexico, Nicaragua, Panama, Paraguay, Peru, Saint Kitts and Nevis, Saint Lucia, Suriname, Trinidad and Tobago and Uruguay" />
        <step date="0001-01-01" outcome="draftResolutionAdditionalSponsors" by="Kyrgyzstan, Nigeria, Saint Vincent and the Grenadines and Venezuela (Bolivarian Republic of)" />
        <step date="0001-01-01" outcome="recommendedForAdoption" as="A/74/451" by="" refersTo="7" />
        <step date="2019-12-12" outcome="adopted" as="A/74/PV.46" by="" />
      </workflow>
      <analysis source="#un">
        <parliamentary>
          <voting outcome="adoptedWithoutVote">
            <quorum value=""></quorum>
          </voting>
        </parliamentary>
      </analysis>
      <references source="#DGACM">
        <TLCOrganization eId="source" href="/akn/ontology/organization/un/DGACM" showAs="DGACM"></TLCOrganization>
        <TLCConcept eId="dateOfIssuance" href="/akn/ontology/concept/un/dateOfIssuance" showAs="Date of issuance"></TLCConcept>
        <TLCConcept eId="dateOfAdoption" href="/akn/ontology/concept/un/dateOfAdoption" showAs="Date of adoption"></TLCConcept>
        <TLCConcept eId="symbol" href="/akn/ontology/reference/un/symbol" showAs="Symbol"></TLCConcept>
        <TLCRole eId="publisher" href="/akn/ontology/role/un/publisher" showAs="Publisher"></TLCRole>
        <TLCRole eId="issuingBody" href="/akn/role/concept/un/issuingBody" showAs="Issuing body"></TLCRole>
        <TLCRole eId="author" href="/akn/ontology/role/un/author" showAs="Author"></TLCRole>
        <TLCRole eId="editor" href="/akn/ontology/role/un/editor" showAs="Editor"></TLCRole>
        <TLCRole eId="distribution" href="/akn/ontology/concept/un/generalDistribution" showAs="General distribution"></TLCRole>
        <TLCOrganization eId="ga" href="/akn/ontology/organization/un/generalAssembly" showAs="General Assembly"></TLCOrganization>
        <TLCTerm eId="resolutionTitle" href="/akn/ontology/reference/un/resolutionTitle" showAs="Resolution title"></TLCTerm>
        <TLCTerm eId="firstCommittee" href="#firstCommittee" showAs="اللجنة الأولى"></TLCTerm>
        <TLCTerm eId="memberState" href="/akn/ontology/organization/un/memberState" showAs="Member State"></TLCTerm>
        <TLCTerm eId="inFavour" href="/akn/ontology/concept/un/voting/inFavour" showAs="In favour"></TLCTerm>
        <TLCTerm eId="against" href="/akn/ontology/concept/un/voting/against" showAs="Against"></TLCTerm>
        <TLCTerm eId="abstaining" href="/akn/ontology/concept/un/voting/abstaining" showAs="Abstaining"></TLCTerm>
      </references>
      <presentation source="#un">
        <akn4un:footerFirstPage>
          <akn4un:footerFirstPageLeft>
            <akn4un:internalCode>
              <docketNumber refersTo="#publicationJobNumber"></docketNumber>
              <img alt="bar code" class="barCode" src=""></img>
            </akn4un:internalCode>
          </akn4un:footerFirstPageLeft>
          <akn4un:footerFirstPageRight>
            <img alt="Please recycle" class="image" src="./recylcleLogo.jpg"></img>
            <img alt="embedded QR code" class="qrCode" src=""></img>
          </akn4un:footerFirstPageRight>
        </akn4un:footerFirstPage>
      </presentation>
    </meta>
    <coverPage eId="coverPage_1">
      <p>
        <span refersTo="#publisher" class="upperLeft">
          <docAuthority refersTo="#publisher">الأمــم المتحـدة</docAuthority>
        </span>
      </p>
      <p class="upperRight">
        <docNumber refersTo="#symbol">A/RES/74/27</docNumber>
      </p>
      <p class="upperLeft">
        <img src="logo-un.jpg"></img>
        <docAuthority refersTo="#issuingBody" class="rightBig">الجمعية العامة</docAuthority>
      </p>
      <p>
        <docStatus refersTo="#generalDistribution" class="rightSmall">Distr.: General</docStatus>
      </p>
      <p>
        <docDate date="2019-12-18" class="rightSmall" refersTo="#dateOfIssuance">18 December 2019</docDate>
      </p>
      <p>
        <session refersTo="#generalAssembly" value="74" eId="coverPage_1__session_1">الدورة الرابعة والسبعون</session>
      </p>
      <p>
        <inline name="agenda item">البند 92 من جدول الأعمال</inline>
      </p>
      <p>
        <inline name="agenda item name">معاهدة حظر الأسلحة النووية في أمريكا اللاتينية ومنطقة البحر الكاريبي (معاهدة تلاتيلولكو)</inline>
      </p>
      <p>
        <docTitle>قرار اتخذته الجمعية العامة في 12 كانون الأول/ديسمبر 2019</docTitle>
      </p>
      <p xml:space="preserve">
        <docProponent refersTo="#firstCommittee">[بناء على تقرير اللجنة الأولى (<inline name="originating document">A/74/451</inline>)]</docProponent>
      </p>
    </coverPage>
    <preface>
      <p>
        <docNumber>74/27.</docNumber>
        <docTitle refersTo="#resolutionTitle">-	معاهدة حظر الأسلحة النووية في أمريكا اللاتينية ومنطقة البحر الكاريبي (معاهدة تلاتيلولكو)</docTitle>
      </p>
    </preface>
    <preamble>
      <formula name="enactingFormula" eId="formula_1">
        <p xml:space="preserve">
          <span class="bold italic">إن الجمعية العامة</span>،</p>
      </formula>
      <container name="إذ تشير " eId="container_2">
        <p xml:space="preserve">
          <span class="bold italic">إذ تشير </span>إلى فتح باب توقيع معاهدة حظر الأسلحة النووية في أمريكا اللاتينية ومنطقة البحر الكاريبي (معاهدة تلاتيلولكو)<sup>(</sup><authorialNote marker="1" placement="bottom" eId="authorialNote_1"><p xml:space="preserve">	()	United Nations, <span class="italic">Treaty Series</span>, vol. 634, No. 9068.</p></authorialNote><sup>)</sup> في مدينة مكسيكو في 14 شباط/فبراير 1967،</p>
      </container>
      <container name="وإذ تشير أيضا " eId="container_3">
        <p xml:space="preserve">
          <span class="bold italic">وإذ تشير أيضا </span>إلى أنها رحبت مع الارتياح الخاص، في قرارهـا 2286 (د-22) المؤرخ 5 كانون الأول/ديسمبر 1967، بمعاهدة تلاتيلولكو بوصفها حدثاً ذا أهمية تاريخية في سياق الجهود المبذولة لمنع انتشار الأسلحة النووية وتعزيز السلام والأمن الدوليين،</p>
      </container>
      <container name="وإذ تشير كذلك" eId="container_4">
        <p xml:space="preserve">
          <span class="bold italic">وإذ تشير كذلك</span> إلى أن معاهدة تلاتيلولكو تنص في ديباجتها على أن المناطق الخالية عسكريًّا من الأسلحة النووية ليست غاية في حد ذاتها بل وسيلة لتحقيق نـزع السلاح العام الكامل في مرحلة لاحقة،</p>
      </container>
      <container name="وإذ تشير " eId="container_5">
        <p xml:space="preserve">
          <span class="bold italic">وإذ تشير </span>إلى أن معاهدة تلاتيلولكو تنص في ديباجتها على أن إنشاء مناطق خالية من الأسلحة النووية يرتبط ارتباطاً وثيقاً بصون السلام والأمن في المناطق المعنية وأن جعل مناطق جغرافية واسعة خالية من الأسلحة النووية، بقرار سيادي تتخذه الدول التي تضمها تلك المناطق، سيكون له تأثير مفيدٌ على المناطق الأخرى التي توجد فيها ظروف مماثلة،</p>
      </container>
      <container name="وإذ ترى" eId="container_6">
        <p xml:space="preserve">
          <span class="bold italic">وإذ ترى</span> أن معاهدة تلاتيلولكو، بعد مرور اثنين وخمسين عاماً على اعتمادها، لا تزال أداة حية ومصدر إلهام لإنشاء مناطق أخرى خالية من الأسلحة النووية،</p>
      </container>
      <container name="وإذ تحيط علما" eId="container_7">
        <p xml:space="preserve">
          <span class="bold italic">وإذ تحيط علما</span> بإعلان أمريكا اللاتينية ومنطقة البحر الكاريبي منطقة سلام، الصادر عن جماعة دول أمريكا اللاتينية ومنطقة البحر الكاريبي في مؤتمر قمتها الثاني الذي عقدته في هافانا يومي 28 و 29 كانون الثاني/يناير 2014، والالتزام الذي قطعته دول المنطقة على نفسها في هذا السياق لمواصلة تشجيع نزع السلاح النووي باعتباره هدفاً ذا أولوية<sup>(</sup><authorialNote marker="2" placement="bottom" eId="authorialNote_2"><p xml:space="preserve">	()	انظر <a href="https://undocs.org/ar/A/68/914">A/68/914</a>، المرفق.</p></authorialNote><sup>)</sup>،</p>
      </container>
      <container name="وإذ تؤكد" eId="container_8">
        <p xml:space="preserve">
          <span class="bold italic">	وإذ تؤكد</span> أن معاهدة تلاتيلولكو، التي أصبحت سارية بالنسبة لجميع الدول الثلاث والثلاثين ذات السيادة في المنطقة، وطدت أول منطقة خالية من الأسلحة النووية تنشأ في منطقة آهلة بالسكان،</p>
      </container>
      <container name="وإذ تقر" eId="container_9">
          <p xml:space="preserve">
            <span class="bold italic">	وإذ تقر</span> بما لمعاهدات تلاتيلولكو وراروتونغا<sup>(</sup><authorialNote marker="3" placement="bottom" eId="authorialNote_3"><p xml:space="preserve">	()	<span class="italic">حولية الأمم المتحدة لنـزع السلاح</span>، المجلد 10: 1985 (منشورات الأمم المتحدة، رقم المبيع A.86.IX.7)، التذييل السابع.</p></authorialNote><sup>)</sup> وبانكوك<sup>(</sup><authorialNote marker="4" placement="bottom" eId="authorialNote_4"><p xml:space="preserve">	()	United Nations, <span class="italic">Treaty Series</span>, vol. 1981, No. 33873.</p></authorialNote><sup>)</sup> وبليندابا<sup>(</sup><authorialNote marker="5" placement="bottom" eId="authorialNote_5"><p xml:space="preserve">	()	<a href="https://undocs.org/ar/A/50/426">A/50/426</a>، المرفق.</p></authorialNote><sup>)</sup> ومعاهدة إنشاء منطقة خالية من الأسلحة النووية في وسط آسيا ومعاهدة أنتاركتيكا<sup>(</sup><authorialNote marker="6" placement="bottom" eId="authorialNote_6"><p xml:space="preserve">	()	United Nations, <span class="italic">Treaty Series</span>, vol. 402, No. 5778.</p></authorialNote><sup>)</sup> وإعلان منغوليا مركزها كدولة خالية من الأسلحة النووية، من مساهمة هامة في تحقيق عدم الانتشار النووي ونزع السلاح النووي،</p>
      </container>
      <container name="وإذ تشير" eId="container_10">
        <p xml:space="preserve">
          <span class="bold italic">	وإذ تشير</span> إلى جميع قرارات الأمم المتحدة المتخذة في هذا الصدد التي تدعم إنشاء المناطق الخالية من الأسلحة النووية،</p>
      </container>
      <container name="وإذ تؤكد " eId="container_11">
        <p xml:space="preserve">
          <span class="bold italic">	وإذ تؤكد </span>أهمية توثيق التعاون بين المناطق الخالية من الأسلحة النووية بطرق منها عقد اجتماعات مشتركة للدول الأطراف في معاهدات إنشاء تلك المناطق والدول الموقِّعة عليها والدول التي لها مركز مراقب فيها،</p>
      </container>
      <container name="وإذ ترحب" eId="container_12">
        <p xml:space="preserve">
          <span class="bold italic">	وإذ ترحب</span> بعقد مؤتمرات الدول الأطراف في معاهدات إنشاء مناطق خالية من الأسلحة النووية والدول الموقِّعة عليها ومنغوليا، ومساهمتها في إيجاد عالم خال من الأسلحة النووية والحفاظ عليه،</p>
      </container>
      <container name="وإذ تلاحظ مع الارتياح" eId="container_13">
        <p xml:space="preserve">
          <span class="bold italic">وإذ تلاحظ مع الارتياح</span> اتخاذ قرارها <a href="https://undocs.org/ar/A/RES/73/71">73/71</a> المؤرخ 5 كانون الأول/ديسمبر 2018، الذي قررت فيه عقد المؤتمر الرابع للمناطق الخالية من الأسلحة النووية ومنغوليا، لمدة يوم واحد، في مقر الأمم المتحدة في نيويورك في 24 نيسان/أبريل 2020، وإذ ترحب بالعرض المقدم من منغوليا للقيام بدور المنسق للمؤتمر الرابع ولتنظيم الاجتماعات التحضيرية والمشاورات غير الرسمية،</p>
      </container>
      <container name="وإذ تلاحظ" eId="container_14">
        <p xml:space="preserve">
          <span class="bold italic">	وإذ تلاحظ</span> أن مؤتمر الأطراف في معاهدة عدم انتشار الأسلحة النووية لاستعراض المعاهدة في عام 2010 شجع في وثيقته الختامية<sup>(</sup><authorialNote marker="7" placement="bottom" eId="authorialNote_7"><p xml:space="preserve">	()	<span class="italic">مؤتمر الأطراف في معاهدة عدم انتشار الأسلحة النووية لاستعراض المعاهدة في عام 2010، الوثيقة الختامية</span>، المجلدات الأول إلى الثالث (<a href="https://undocs.org/ar/NPT/CONF.2010/50 (Vol. I)">NPT/CONF.2010/50 (Vol. I)</a>) و <a href="https://undocs.org/ar/NPT/CONF.2010/50 (Vol. II)">NPT/CONF.2010/50 (Vol. II)</a> و <a href="https://undocs.org/ar/NPT/CONF.2010/50 (Vol. III)">NPT/CONF.2010/50 (Vol. III)</a>).</p></authorialNote><sup>)</sup> على إنشاء مناطق جديدة خالية من الأسلحة النووية، على أساس ترتيبات يتفق عليها بحرِّية في ما بين دول المنطقة المعنية، وعلى تعزيز التعاون وآليات التشاور بين المناطق الخالية من الأسلحة النووية المنشأة بالفعل عن طريق اتخاذ تدابير ملموسة لتنفيذ مبادئ معاهدات إنشاء مناطق خالية من الأسلحة النووية وأهدافها على نحو تام، وأثنى على وكالة حظر الأسلحة النووية في أمريكا اللاتينية ومنطقة البحر الكاريبي لدورها القيادي في هذا المجال،</p>
      </container>
      <container name="وإذ تعيد تأكيد" eId="container_15">
        <p xml:space="preserve">
          <span class="bold italic">	وإذ تعيد تأكيد</span> أهمية وكالة حظر الأسلحة النووية في أمريكا اللاتينية ومنطقة البحر الكاريبي بوصفها المحفل القانوني والسياسي الملائم لكفالة الامتثال التام لمعاهدة تلاتيلولكو وتنفيذها بالكامل والتعاون مع كيانات المناطق الأخرى الخالية من الأسلحة النووية،</p>
      </container>
    </preamble>
    <mainBody>
      <paragraph eId="para_16" class="SingleTxt">
        <content eId="para_16__content">
          <p xml:space="preserve">	1 -	<span class="bold">ترحب</span> بسريان معاهدة حظر الأسلحة النووية في أمريكا اللاتينية ومنطقة البحر الكاريبي (معاهدة تلاتيلولكو)<sup>(1)</sup> بالنسبة لجميع الدول ذات السيادة في المنطقة؛</p>
        </content>
      </paragraph>
      <paragraph eId="para_17" class="SingleTxt">
        <content eId="para_17__content">
          <p xml:space="preserve">	2 -	<span class="bold italic">تلاحظ مع الارتياح</span> أن عام 2019 يوافق الذكرى السنوية الخمسين لبدء نفاذ معاهدة تلاتيلولكو، في 25 نيسان/أبريل 1969، ولإنشاء وكالة حظر الأسلحة النووية في أمريكا اللاتينية ومنطقة البحر الكاريبي، التي سيحتفل بإحيائها خلال الدورة السادسة والعشرين للمؤتمر العام للوكالة؛</p>
        </content>
      </paragraph>
      <paragraph eId="para_18" class="SingleTxt">
        <content eId="para_18__content">
          <p xml:space="preserve">	3 -	<span class="bold italic">تشجع مرة أخرى </span>الدول الأطراف في البروتوكولين الإضافيين الأول والثاني لمعاهدة تلاتيلولكو<sup>(1)</sup> على استعراض إعلاناتها التفسيرية للبروتوكولين الإضافيين، وفقاً للإجراء 9 من الوثيقة الختامية لمؤتمر الأطراف في معاهدة عدم انتشار الأسلحة النووية لاستعراض المعاهدة في عام 2010<sup>(</sup><authorialNote marker="8" placement="bottom" eId="authorialNote_8"><p xml:space="preserve">	()	المرجع نفسه، المجلد الأول (<a href="https://undocs.org/ar/NPT/CONF.2010/50 (Vol. I)">NPT/CONF.2010/50 (Vol. I)</a>)، الجزء الأول، <span class="italic">الاستنتاجات والتوصيات المتعلقة بإجراءات المتابعة،</span> الفرع الأول المعنون ”نزع السلاح النووي“.</p></authorialNote><sup>)</sup>، مؤكِّدة مجدداً ومُدركة المصالح المشروعة للدول التي تتألف منها المنطقة الخالية من الأسلحة النووية في أمريكا اللاتينية ومنطقة البحر الكاريبي في الحصول على ضمانات أمنية كاملة لا لبس فيها من الدول الحائزة للأسلحة النووية؛</p>
        </content>
      </paragraph>
      <paragraph eId="para_19" class="SingleTxt">
        <content eId="para_19__content">
          <p xml:space="preserve">	4 -	<span class="bold italic">تشجع</span> الدول الأعضاء في وكالة حظر الأسلحة النووية في أمريكا اللاتينية ومنطقة البحر الكاريبي على مواصلة الأنشطة والجهود التي تقوم بها مع الوكالة، وذلك لأغراض منها:</p>
        </content>
      </paragraph>
      <paragraph eId="para_20" class="SingleTxt">
        <content eId="para_20__content">
          <p xml:space="preserve">	(أ)	أن تؤيد الجهود المبذولة حالياً في إطار متعدد الأطراف من أجل تحديد والتماس التدابير الفعالة التي تشجع على الامتثال لالتزامات نزع السلاح وعدم الانتشار؛</p>
        </content>
      </paragraph>
      <paragraph eId="para_21" class="SingleTxt">
        <content eId="para_21__content">
          <p xml:space="preserve">	(ب)	أن تعزِّز سبل التعاون مع الدول الأطراف في معاهدات إنشاء مناطق خالية من الأسلحة النووية والدول الموقِّعة عليها ومنغوليا؛</p>
        </content>
      </paragraph>
      <paragraph eId="para_22" class="SingleTxt">
        <content eId="para_22__content">
          <p xml:space="preserve">	(ج)	أن تشجِّع أنشطة التثقيف المتعلقة بنـزع السلاح النووي وعدم الانتشار؛</p>
        </content>
      </paragraph>
      <paragraph eId="para_23" class="SingleTxt">
        <content eId="para_23__content">
          <p xml:space="preserve">	5 -	<span class="italic">تقرر</span> أن تدرج في جدول الأعمال المؤقت لدورتها السابعة والسبعين البند المعنون ”معاهدة حظر الأسلحة النووية في أمريكا اللاتينية ومنطقة البحر الكاريبي (معاهدة تلاتيلولكو)“.</p>
        </content>
      </paragraph>
    </mainBody>
    <conclusions eId="conclusions">
      <p>
        <inline name="adoptionMeeting" title="46">الجلسة العامة 46</inline>
        <eol />
        <docDate date="2019-12-12" refersTo="#adoptionDate">12 كانون الأول/ديسمبر 2019</docDate>
      </p>
    </conclusions>
  </statement>
</akomaNtoso>