<akomaNtoso xmlns:xsi="http://www.w3.org/2001/XMLSchema-instance" xsi:schemaLocation="http://docs.oasis-open.org/legaldocml/ns/akn/3.0 http://docs.oasis-open.org/legaldocml/akn-core/v1.0/os/part2-specs/schemas/akomantoso30.xsd" xmlns="http://docs.oasis-open.org/legaldocml/ns/akn/3.0" xmlns:html="http://www.w3.org/1999/xhtml" xmlns:akn4un="http://un.org/akn4un">
  <statement name="resolution">
    <meta>
      <identification source="#DGACM">
        <FRBRWork>
          <FRBRthis value="/akn/un/statement/deliberation/unga/2019-12-12/74-24/!main/"></FRBRthis>
          <FRBRuri value="/akn/un/statement/deliberation/unga/2019-12-12/74-24/"></FRBRuri>
          <FRBRdate date="2019-12-12" name="adoption"></FRBRdate>
          <FRBRauthor href="ga" as="author"></FRBRauthor>
          <FRBRcountry value="un"></FRBRcountry>
        </FRBRWork>
        <FRBRExpression>
          <FRBRthis value="/akn/un/statement/deliberation/unga/2019-12-12/74-24/ara@!main/"></FRBRthis>
          <FRBRuri value="/akn/un/statement/deliberation/unga/2019-12-12/74-24/ara@/"></FRBRuri>
          <FRBRdate date="2019-12-18" name="publication"></FRBRdate>
          <FRBRauthor href="ga" as="issuer"></FRBRauthor>
          <FRBRlanguage language="ara"></FRBRlanguage>
        </FRBRExpression>
        <FRBRManifestation>
          <FRBRthis value="/akn/un/statement/deliberation/unga/2019-12-12/74-24/ara@/!main.xml"></FRBRthis>
          <FRBRuri value="/akn/un/statement/deliberation/unga/2019-12-12/74-24/ara@.xml"></FRBRuri>
          <FRBRdate date="2020-09-01" name="markup"></FRBRdate>
          <FRBRauthor href="DGACM" as="editor"></FRBRauthor>
        </FRBRManifestation>
      </identification>
      <classification source="http://metadata.un.org/sdg">
        <keyword value="17" href="http://metadata.un.org/sdg/17" showAs="sdg_17" dictionary="SDGO"></keyword>
        <keyword value="sustainable_development" href="http://eurovoc.europa.eu/5585" showAs="sustainable_development" dictionary="EuroVoc"></keyword>
        <keyword value="partnership" href="http://eurovoc.europa.eu/4199" showAs="partnership" dictionary="EuroVoc"></keyword>
        <keyword value="sustainable_development" href="http://metadata.un.org/thesaurus/1006319" showAs="sustainable_development" dictionary="UNBIS Thesaurus"></keyword>
        <keyword value="partnership" href="http://metadata.un.org/thesaurus/1004748" showAs="partnership" dictionary="UNBIS Thesaurus"></keyword>
      </classification>
      <classification source="http://metadata.un.org/sdg">
        <keyword value="16" href="http://metadata.un.org/sdg/16" showAs="sdg_16" dictionary="SDGO"></keyword>
        <keyword value="right_to_justice" href="http://eurovoc.europa.eu/516" showAs="right_to_justice" dictionary="EuroVoc"></keyword>
        <keyword value="sustainable_development" href="http://eurovoc.europa.eu/5585" showAs="sustainable_development" dictionary="EuroVoc"></keyword>
        <keyword value="civil_society" href="http://metadata.un.org/thesaurus/1001012" showAs="civil_society" dictionary="UNBIS Thesaurus"></keyword>
        <keyword value="justice" href="http://metadata.un.org/thesaurus/1003500" showAs="justice" dictionary="UNBIS Thesaurus"></keyword>
        <keyword value="peaceful_coexistence" href="http://metadata.un.org/thesaurus/1004777" showAs="peaceful_coexistence" dictionary="UNBIS Thesaurus"></keyword>
        <keyword value="public_institutions" href="http://metadata.un.org/thesaurus/1005254" showAs="public_institutions" dictionary="UNBIS Thesaurus"></keyword>
        <keyword value="social_justice" href="http://metadata.un.org/thesaurus/1005970" showAs="social_justice" dictionary="UNBIS Thesaurus"></keyword>
        <keyword value="sustainable_development" href="http://metadata.un.org/thesaurus/1006319" showAs="sustainable_development" dictionary="UNBIS Thesaurus"></keyword>
      </classification>
      <workflow source="#un">
        <step date="2019-10-21" outcome="draftResolution" as="A/C.1/74/L.51" by="Angola, Australia, Austria, Belgium, Bulgaria, Canada, Chile, China, Croatia, Czechia, Denmark, Estonia, Finland, France, Germany, Greece, Ireland, Italy, Japan, Latvia, Lithuania, Luxembourg, Malta, Montenegro, Netherlands, Poland, Portugal, Romania, Slovakia, Slovenia, Spain, Sweden and Switzerland" />
        <step date="0001-01-01" outcome="draftResolutionAdditionalSponsors" by="Andorra, Argentina, Armenia, Bosnia and Herzegovina, Cyprus, Hungary, Liechtenstein, North Macedonia, Norway, Republic of Korea, Republic of Moldova, San Marino, Serbia, Thailand, Turkey, United Kingdom and United States" />
        <step date="0001-01-01" outcome="recommendedForAdoption" as="A/74/360" by="" refersTo="8" />
        <step date="2019-12-12" outcome="adopted" as="A/74/PV.46" by="" />
      </workflow>
      <analysis source="#un">
        <parliamentary>
          <voting outcome="adoptedRecordedVote">
            <count value="176" refersTo="inFavour">
              <akn4un:voters>
                <organization refersTo="memberState">AFGHANISTAN</organization>
                <organization refersTo="memberState">ALBANIA</organization>
                <organization refersTo="memberState">ALGERIA</organization>
                <organization refersTo="memberState">ANDORRA</organization>
                <organization refersTo="memberState">ANGOLA</organization>
                <organization refersTo="memberState">ANTIGUA AND BARBUDA</organization>
                <organization refersTo="memberState">ARGENTINA</organization>
                <organization refersTo="memberState">ARMENIA</organization>
                <organization refersTo="memberState">AUSTRALIA</organization>
                <organization refersTo="memberState">AUSTRIA</organization>
                <organization refersTo="memberState">AZERBAIJAN</organization>
                <organization refersTo="memberState">BAHAMAS</organization>
                <organization refersTo="memberState">BAHRAIN</organization>
                <organization refersTo="memberState">BANGLADESH</organization>
                <organization refersTo="memberState">BARBADOS</organization>
                <organization refersTo="memberState">BELARUS</organization>
                <organization refersTo="memberState">BELGIUM</organization>
                <organization refersTo="memberState">BELIZE</organization>
                <organization refersTo="memberState">BENIN</organization>
                <organization refersTo="memberState">BHUTAN</organization>
                <organization refersTo="memberState">BOLIVIA (PLURINATIONAL STATE OF)</organization>
                <organization refersTo="memberState">BOSNIA AND HERZEGOVINA</organization>
                <organization refersTo="memberState">BOTSWANA</organization>
                <organization refersTo="memberState">BRAZIL</organization>
                <organization refersTo="memberState">BRUNEI DARUSSALAM</organization>
                <organization refersTo="memberState">BULGARIA</organization>
                <organization refersTo="memberState">BURKINA FASO</organization>
                <organization refersTo="memberState">BURUNDI</organization>
                <organization refersTo="memberState">CABO VERDE</organization>
                <organization refersTo="memberState">CAMBODIA</organization>
                <organization refersTo="memberState">CAMEROON</organization>
                <organization refersTo="memberState">CANADA</organization>
                <organization refersTo="memberState">CENTRAL AFRICAN REPUBLIC</organization>
                <organization refersTo="memberState">CHAD</organization>
                <organization refersTo="memberState">CHILE</organization>
                <organization refersTo="memberState">CHINA</organization>
                <organization refersTo="memberState">COLOMBIA</organization>
                <organization refersTo="memberState">COMOROS</organization>
                <organization refersTo="memberState">COSTA RICA</organization>
                <organization refersTo="memberState">COTE D'IVOIRE</organization>
                <organization refersTo="memberState">CROATIA</organization>
                <organization refersTo="memberState">CUBA</organization>
                <organization refersTo="memberState">CYPRUS</organization>
                <organization refersTo="memberState">CZECHIA</organization>
                <organization refersTo="memberState">DEMOCRATIC REPUBLIC OF THE CONGO</organization>
                <organization refersTo="memberState">DENMARK</organization>
                <organization refersTo="memberState">DJIBOUTI</organization>
                <organization refersTo="memberState">DOMINICAN REPUBLIC</organization>
                <organization refersTo="memberState">ECUADOR</organization>
                <organization refersTo="memberState">EGYPT</organization>
                <organization refersTo="memberState">EL SALVADOR</organization>
                <organization refersTo="memberState">ERITREA</organization>
                <organization refersTo="memberState">ESTONIA</organization>
                <organization refersTo="memberState">ESWATINI</organization>
                <organization refersTo="memberState">ETHIOPIA</organization>
                <organization refersTo="memberState">FIJI</organization>
                <organization refersTo="memberState">FINLAND</organization>
                <organization refersTo="memberState">FRANCE</organization>
                <organization refersTo="memberState">GABON</organization>
                <organization refersTo="memberState">GAMBIA</organization>
                <organization refersTo="memberState">GEORGIA</organization>
                <organization refersTo="memberState">GERMANY</organization>
                <organization refersTo="memberState">GHANA</organization>
                <organization refersTo="memberState">GREECE</organization>
                <organization refersTo="memberState">GUATEMALA</organization>
                <organization refersTo="memberState">GUINEA-BISSAU</organization>
                <organization refersTo="memberState">GUYANA</organization>
                <organization refersTo="memberState">HAITI</organization>
                <organization refersTo="memberState">HONDURAS</organization>
                <organization refersTo="memberState">HUNGARY</organization>
                <organization refersTo="memberState">ICELAND</organization>
                <organization refersTo="memberState">INDIA</organization>
                <organization refersTo="memberState">INDONESIA</organization>
                <organization refersTo="memberState">IRAN (ISLAMIC REPUBLIC OF)</organization>
                <organization refersTo="memberState">IRAQ</organization>
                <organization refersTo="memberState">IRELAND</organization>
                <organization refersTo="memberState">ISRAEL</organization>
                <organization refersTo="memberState">ITALY</organization>
                <organization refersTo="memberState">JAMAICA</organization>
                <organization refersTo="memberState">JAPAN</organization>
                <organization refersTo="memberState">JORDAN</organization>
                <organization refersTo="memberState">KAZAKHSTAN</organization>
                <organization refersTo="memberState">KENYA</organization>
                <organization refersTo="memberState">KIRIBATI</organization>
                <organization refersTo="memberState">KUWAIT</organization>
                <organization refersTo="memberState">KYRGYZSTAN</organization>
                <organization refersTo="memberState">LAO PEOPLE'S DEMOCRATIC REPUBLIC</organization>
                <organization refersTo="memberState">LATVIA</organization>
                <organization refersTo="memberState">LEBANON</organization>
                <organization refersTo="memberState">LESOTHO</organization>
                <organization refersTo="memberState">LIBERIA</organization>
                <organization refersTo="memberState">LIBYA</organization>
                <organization refersTo="memberState">LIECHTENSTEIN</organization>
                <organization refersTo="memberState">LITHUANIA</organization>
                <organization refersTo="memberState">LUXEMBOURG</organization>
                <organization refersTo="memberState">MADAGASCAR</organization>
                <organization refersTo="memberState">MALAYSIA</organization>
                <organization refersTo="memberState">MALDIVES</organization>
                <organization refersTo="memberState">MALI</organization>
                <organization refersTo="memberState">MALTA</organization>
                <organization refersTo="memberState">MARSHALL ISLANDS</organization>
                <organization refersTo="memberState">MAURITANIA</organization>
                <organization refersTo="memberState">MAURITIUS</organization>
                <organization refersTo="memberState">MEXICO</organization>
                <organization refersTo="memberState">MONACO</organization>
                <organization refersTo="memberState">MONGOLIA</organization>
                <organization refersTo="memberState">MONTENEGRO</organization>
                <organization refersTo="memberState">MOROCCO</organization>
                <organization refersTo="memberState">MOZAMBIQUE</organization>
                <organization refersTo="memberState">MYANMAR</organization>
                <organization refersTo="memberState">NAMIBIA</organization>
                <organization refersTo="memberState">NEPAL</organization>
                <organization refersTo="memberState">NETHERLANDS</organization>
                <organization refersTo="memberState">NEW ZEALAND</organization>
                <organization refersTo="memberState">NICARAGUA</organization>
                <organization refersTo="memberState">NIGER</organization>
                <organization refersTo="memberState">NIGERIA</organization>
                <organization refersTo="memberState">NORTH MACEDONIA</organization>
                <organization refersTo="memberState">NORWAY</organization>
                <organization refersTo="memberState">OMAN</organization>
                <organization refersTo="memberState">PAKISTAN</organization>
                <organization refersTo="memberState">PANAMA</organization>
                <organization refersTo="memberState">PARAGUAY</organization>
                <organization refersTo="memberState">PERU</organization>
                <organization refersTo="memberState">PHILIPPINES</organization>
                <organization refersTo="memberState">POLAND</organization>
                <organization refersTo="memberState">PORTUGAL</organization>
                <organization refersTo="memberState">QATAR</organization>
                <organization refersTo="memberState">REPUBLIC OF KOREA</organization>
                <organization refersTo="memberState">REPUBLIC OF MOLDOVA</organization>
                <organization refersTo="memberState">ROMANIA</organization>
                <organization refersTo="memberState">RUSSIAN FEDERATION</organization>
                <organization refersTo="memberState">RWANDA</organization>
                <organization refersTo="memberState">SAINT KITTS AND NEVIS</organization>
                <organization refersTo="memberState">SAINT LUCIA</organization>
                <organization refersTo="memberState">SAMOA</organization>
                <organization refersTo="memberState">SAN MARINO</organization>
                <organization refersTo="memberState">SAO TOME AND PRINCIPE</organization>
                <organization refersTo="memberState">SAUDI ARABIA</organization>
                <organization refersTo="memberState">SENEGAL</organization>
                <organization refersTo="memberState">SERBIA</organization>
                <organization refersTo="memberState">SEYCHELLES</organization>
                <organization refersTo="memberState">SIERRA LEONE</organization>
                <organization refersTo="memberState">SINGAPORE</organization>
                <organization refersTo="memberState">SLOVAKIA</organization>
                <organization refersTo="memberState">SLOVENIA</organization>
                <organization refersTo="memberState">SOLOMON ISLANDS</organization>
                <organization refersTo="memberState">SOUTH AFRICA</organization>
                <organization refersTo="memberState">SOUTH SUDAN</organization>
                <organization refersTo="memberState">SPAIN</organization>
                <organization refersTo="memberState">SRI LANKA</organization>
                <organization refersTo="memberState">SUDAN</organization>
                <organization refersTo="memberState">SURINAME</organization>
                <organization refersTo="memberState">SWEDEN</organization>
                <organization refersTo="memberState">SWITZERLAND</organization>
                <organization refersTo="memberState">SYRIAN ARAB REPUBLIC</organization>
                <organization refersTo="memberState">TAJIKISTAN</organization>
                <organization refersTo="memberState">THAILAND</organization>
                <organization refersTo="memberState">TIMOR-LESTE</organization>
                <organization refersTo="memberState">TOGO</organization>
                <organization refersTo="memberState">TRINIDAD AND TOBAGO</organization>
                <organization refersTo="memberState">TUNISIA</organization>
                <organization refersTo="memberState">TURKEY</organization>
                <organization refersTo="memberState">UGANDA</organization>
                <organization refersTo="memberState">UKRAINE</organization>
                <organization refersTo="memberState">UNITED ARAB EMIRATES</organization>
                <organization refersTo="memberState">UNITED KINGDOM</organization>
                <organization refersTo="memberState">UNITED STATES</organization>
                <organization refersTo="memberState">URUGUAY</organization>
                <organization refersTo="memberState">UZBEKISTAN</organization>
                <organization refersTo="memberState">VANUATU</organization>
                <organization refersTo="memberState">VENEZUELA (BOLIVARIAN REPUBLIC OF)</organization>
                <organization refersTo="memberState">VIET NAM</organization>
                <organization refersTo="memberState">YEMEN</organization>
                <organization refersTo="memberState">ZAMBIA</organization>
                <organization refersTo="memberState">ZIMBABWE</organization>
              </akn4un:voters>
            </count>
            <count value="2" refersTo="abstaining">
              <akn4un:voters>
                <organization refersTo="memberState">MALAWI</organization>
                <organization refersTo="memberState">PALAU</organization>
              </akn4un:voters>
            </count>
          </voting>
        </parliamentary>
      </analysis>
      <references source="#DGACM">
        <TLCOrganization eId="source" href="/akn/ontology/organization/un/DGACM" showAs="DGACM"></TLCOrganization>
        <TLCConcept eId="dateOfIssuance" href="/akn/ontology/concept/un/dateOfIssuance" showAs="Date of issuance"></TLCConcept>
        <TLCConcept eId="dateOfAdoption" href="/akn/ontology/concept/un/dateOfAdoption" showAs="Date of adoption"></TLCConcept>
        <TLCConcept eId="symbol" href="/akn/ontology/reference/un/symbol" showAs="Symbol"></TLCConcept>
        <TLCRole eId="publisher" href="/akn/ontology/role/un/publisher" showAs="Publisher"></TLCRole>
        <TLCRole eId="issuingBody" href="/akn/role/concept/un/issuingBody" showAs="Issuing body"></TLCRole>
        <TLCRole eId="author" href="/akn/ontology/role/un/author" showAs="Author"></TLCRole>
        <TLCRole eId="editor" href="/akn/ontology/role/un/editor" showAs="Editor"></TLCRole>
        <TLCRole eId="distribution" href="/akn/ontology/concept/un/generalDistribution" showAs="General distribution"></TLCRole>
        <TLCOrganization eId="ga" href="/akn/ontology/organization/un/generalAssembly" showAs="General Assembly"></TLCOrganization>
        <TLCTerm eId="resolutionTitle" href="/akn/ontology/reference/un/resolutionTitle" showAs="Resolution title"></TLCTerm>
        <TLCTerm eId="firstCommittee" href="#firstCommittee" showAs="اللجنة الأولى"></TLCTerm>
        <TLCTerm eId="memberState" href="/akn/ontology/organization/un/memberState" showAs="Member State"></TLCTerm>
        <TLCTerm eId="inFavour" href="/akn/ontology/concept/un/voting/inFavour" showAs="In favour"></TLCTerm>
        <TLCTerm eId="against" href="/akn/ontology/concept/un/voting/against" showAs="Against"></TLCTerm>
        <TLCTerm eId="abstaining" href="/akn/ontology/concept/un/voting/abstaining" showAs="Abstaining"></TLCTerm>
      </references>
      <presentation source="#un">
        <akn4un:footerFirstPage>
          <akn4un:footerFirstPageLeft>
            <akn4un:internalCode>
              <docketNumber refersTo="#publicationJobNumber">19-21672 (A)</docketNumber>
              <img alt="bar code" class="barCode" src=""></img>
            </akn4un:internalCode>
          </akn4un:footerFirstPageLeft>
          <akn4un:footerFirstPageRight>
            <img alt="Please recycle" class="image" src="./recylcleLogo.jpg"></img>
            <img alt="embedded QR code" class="qrCode" src=""></img>
          </akn4un:footerFirstPageRight>
        </akn4un:footerFirstPage>
      </presentation>
    </meta>
    <coverPage eId="coverPage_1">
      <p>
        <span refersTo="#publisher" class="upperLeft">
          <docAuthority refersTo="#publisher">الأمــم المتحـدة</docAuthority>
        </span>
      </p>
      <p class="upperRight">
        <docNumber refersTo="#symbol">A/RES/74/24</docNumber>
      </p>
      <p class="upperLeft">
        <img src="logo-un.jpg"></img>
        <docAuthority refersTo="#issuingBody" class="rightBig">الجمعية العامة</docAuthority>
      </p>
      <p>
        <docStatus refersTo="#generalDistribution" class="rightSmall">Distr.: General</docStatus>
      </p>
      <p>
        <docDate date="2019-12-18" class="rightSmall" refersTo="#dateOfIssuance">18 December 2019</docDate>
      </p>
      <p>
        <session refersTo="#generalAssembly" value="74" eId="coverPage_1__session_1">الدورة الرابعة والسبعون</session>
      </p>
      <p>
        <inline name="agenda item">البند 89 (ب) من جدول الأعمال</inline>
      </p>
      <p>
        <inline name="agenda item name">تخفيض الميزانيات العسكرية: المعلومات الموضوعية عن المسائل العسكرية، بما في ذلك شفافية النفقات العسكرية</inline>
      </p>
      <p>
        <docTitle>قرار اتخذته الجمعية العامة في 12 كانون الأول/ديسمبر 2019</docTitle>
      </p>
      <p xml:space="preserve">
        <docProponent refersTo="#firstCommittee">[بناء على تقرير اللجنة الأولى (<inline name="originating document">A/74/360</inline>)]</docProponent>
      </p>
    </coverPage>
    <preface>
      <p>
        <docNumber>74/24.</docNumber>
        <docTitle refersTo="#resolutionTitle">-	المعلومات الموضوعية عن المسائل العسكرية، بما في ذلك شفافية النفقات العسكرية</docTitle>
      </p>
    </preface>
    <preamble>
      <formula name="enactingFormula" eId="formula_1">
        <p xml:space="preserve">
          <span class="bold italic">إن الجمعية العامة</span>،</p>
      </formula>
      <container name="إذ تشير" eId="container_2">
        <p xml:space="preserve">
          <span class="bold italic">إذ تشير</span> إلى قراراتها <a href="https://undocs.org/ar/A/RES/53/72">53/72</a> المؤرخ 4 كانون الأول/ديسمبر 1998 و <a href="https://undocs.org/ar/A/RES/54/43">54/43</a> المؤرخ 1 كانون الأول/ديسمبر 1999 و <a href="https://undocs.org/ar/A/RES/56/14">56/14</a> المؤرخ 29 تشرين الثاني/نوفمبر 2001 و <a href="https://undocs.org/ar/A/RES/58/28">58/28</a> المؤرخ 8 كانون الأول/ديسمبر 2003 و <a href="https://undocs.org/ar/A/RES/60/44">60/44</a> المؤرخ 8 كانون الأول/ديسمبر 2005 و <a href="https://undocs.org/ar/A/RES/62/13">62/13</a> المؤرخ 5 كانون الأول/ديسمبر 2007 و <a href="https://undocs.org/ar/A/RES/64/22">64/22</a> المؤرخ 2 كانون الأول/ديسمبر 2009 و <a href="https://undocs.org/ar/A/RES/66/20">66/20</a> المؤرخ 2 كانون الأول/ديسمبر 2011 و <a href="https://undocs.org/ar/A/RES/68/23">68/23</a> المؤرخ 5 كانون الأول/ديسمبر 2013 و <a href="https://undocs.org/ar/A/RES/70/21">70/21</a> المؤرخ 7 كانون الأول/ديسمبر 2015 و <a href="https://undocs.org/ar/A/RES/72/20">72/20</a> المؤرخ 4 كانون الأول/ديسمبر 2017 المتعلقة بالمعلومات الموضوعية عن المسائل العسكرية، بما في ذلك شفافية النفقات العسكرية،</p>
      </container>
      <container name="وإذ تشير أيضا" eId="container_3">
        <p xml:space="preserve">
          <span class="bold italic">وإذ تشير أيضا</span> إلى قرارها <a href="https://undocs.org/ar/A/RES/35/142">35/142</a> باء المؤرخ 12 كانون الأول/ديسمبر 1980 الذي أرست فيه نظام الأمم المتحدة للإبلاغ الموحد عن النفقات العسكرية وإلى قراراتها <a href="https://undocs.org/ar/A/RES/48/62">48/62</a> المؤرخ 16 كانون الأول/ديسمبر 1993 و <a href="https://undocs.org/ar/A/RES/49/66">49/66</a> المؤرخ 15 كانون الأول/ديسمبر 1994 و <a href="https://undocs.org/ar/A/RES/51/38">51/38</a> المؤرخ 10 كانون الأول/ديسمبر 1996 و <a href="https://undocs.org/ar/A/RES/52/32">52/32</a> المؤرخ 9 كانون الأول/ديسمبر 1997 التي أهابت فيها الجمعية العامة بجميع الدول الأعضاء المشاركة في ذلك النظام وإلى قرارها <a href="https://undocs.org/ar/A/RES/47/54">47/54</a> باء المؤرخ 9 كانون الأول/ديسمبر 1992 الذي أيدت فيه الجمعية المبادئ التوجيهية والتوصيات المتعلقة بالمعلومات الموضوعية عن المسائل العسكرية ودعت فيه الدول الأعضاء إلى تزويد الأمين العام بمعلومات ذات صلة بالموضوع عن كيفية تنفيذها،</p>
      </container>
      <container name="وإذ تلاحظ" eId="container_4">
        <p xml:space="preserve">
          <span class="bold italic">وإذ تلاحظ</span> أنه منذ ذلك الحين قدم عدد من الدول الأعضاء التي تنتمي إلى مناطق جغرافية مختلفة تقارير وطنية عن النفقات العسكرية وعن المبادئ التوجيهية والتوصيات المتعلقة بالمعلومات الموضوعية عن المسائل العسكرية،</p>
      </container>
      <container name="واقتناعا" eId="container_5">
        <p xml:space="preserve">
          <span class="bold italic">واقتناعا</span>
          <span class="bold italic">منها</span> بأن الشفافية في المسائل العسكرية عنصر أساسي في إرساء مناخ من الثقة بين الدول في جميع أنحاء العالم وأن تحسين تدفق المعلومات الموضوعية عن المسائل العسكرية يمكن أن يساعد على تخفيف حدة التوتر على الصعيد الدولي، وبالتالي فهو يشكل مساهمة هامة في منع نشوب النزاعات،</p>
      </container>
      <container name="وإذ" eId="container_6">
        <p xml:space="preserve">
          <span class="bold italic">وإذ</span>
          <span class="bold italic">تلاحظ</span> الدور الذي يؤديه نظام الإبلاغ الموحد الذي أرسي في قرارها <a href="https://undocs.org/ar/A/RES/35/142">35/142</a> باء، بوصفه أداة هامة لتعزيز الشفافية في المسائل العسكرية،</p>
      </container>
      <container name="وإذ" eId="container_7">
        <p xml:space="preserve">
          <span class="bold italic">وإذ</span>
          <span class="bold italic">تدرك</span> أن توسيع نطاق مشاركة جميع الدول الأعضاء في نظام الإبلاغ الموحد من شأنه أن يزيد من تعزيز قيمة هذا النظام،</p>
      </container>
      <container name="وإذ" eId="container_8">
        <p xml:space="preserve">
          <span class="bold italic">وإذ</span>
          <span class="bold italic">تلاحظ</span> أن استعراض تقرير الأمم المتحدة المتعلق بالنفقات العسكرية بصفة دورية يمكن أن ييسر مواصلة تطويره لضمان استمرار جدواه ومواصلة العمل به، وإذ تشير إلى أن الجمعية العامة أوصت في قرارها <a href="https://undocs.org/ar/A/RES/66/20">66/20</a> باستحداث عملية لإجراء استعراضات دورية،</p>
      </container>
      <container name="وإذ تشير" eId="container_9">
        <p xml:space="preserve">
          <span class="bold italic">وإذ تشير</span> في هذا الصدد إلى تقرير الأمين العام عن سبل ووسائل تنفيذ المبادئ التوجيهية والتوصيات المتعلقة بالمعلومات الموضوعية عن المسائل العسكرية، بما في ذلك بوجه خاص ما يتعلق منها بكيفية تعزيز المشاركة في نظام الإبلاغ الموحد وتوسيع نطاقها<sup>(</sup><authorialNote marker="1" placement="bottom" eId="authorialNote_1"><p xml:space="preserve">	()	<a href="https://undocs.org/ar/A/54/298">A/54/298</a>.</p></authorialNote><sup>)</sup>،</p>
      </container>
      <container name="وإذ" eId="container_10">
        <p xml:space="preserve">
          <span class="bold italic">وإذ</span>
          <span class="bold italic">تشير</span>
          <span class="bold italic">أيضا</span> إلى تقرير فريق الخبراء الحكوميين المعني بتسيير أعمال أداة الأمم المتحدة الموحدة للإبلاغ عن النفقات العسكرية ومواصلة تطويرها عن سبل ووسائل تنفيذ المبادئ التوجيهية والتوصيات المتعلقة بالمعلومات الموضوعية عن المسائل العسكرية، بما في ذلك بوجه خاص ما يتعلق منها بكيفية تعزيز المشاركة في نظام الإبلاغ الموحد وتوسيع نطاقها<sup>(</sup><authorialNote marker="2" placement="bottom" eId="authorialNote_2"><p xml:space="preserve">	()	<a href="https://undocs.org/ar/A/66/89">A/66/89</a> و <a href="https://undocs.org/ar/A/66/89/Corr.1">A/66/89/Corr.1</a> و <a href="https://undocs.org/ar/A/66/89/Corr.2">A/66/89/Corr.2</a> و <a href="https://undocs.org/ar/A/66/89/Corr.3">A/66/89/Corr.3</a>.</p></authorialNote><sup>)</sup>،</p>
      </container>
      <container name="وإذ" eId="container_11">
        <p xml:space="preserve">
          <span class="bold italic">وإذ</span>
          <span class="bold italic">ترحب</span> بالبرنامج الشبكي التفاعلي للأمانة العامة بشأن النفقات العسكرية، الذي يضم خاصية إبلاغ على الشبكة، مما يزيد من سهولة استعماله وييسر تقديم التقارير<sup>(</sup><authorialNote marker="3" placement="bottom" eId="authorialNote_3"><p xml:space="preserve">	()	انظر www.un.org/disarmament/milex.</p></authorialNote><sup>)</sup>، وفقا للقرار <a href="https://undocs.org/ar/A/RES/66/20">66/20</a>،</p>
      </container>
      <container name="وإذ" eId="container_12">
        <p xml:space="preserve">
          <span class="bold italic">وإذ</span>
          <span class="bold italic">تلاحظ</span> الجهود التي تبذلها عدة منظمات إقليمية لتعزيز شفافية النفقات العسكرية، بما في ذلك تبادل دولها الأعضاء المعلومات في هذا الصدد سنويا وبشكل موحد،</p>
      </container>
      <container name="وإذ تشدد" eId="container_13">
        <p xml:space="preserve">
          <span class="bold italic">وإذ تشدد</span> على أن تقرير الأمم المتحدة المتعلق بالنفقات العسكرية لا تزال له أهميته في ظل الظروف السياسية والاقتصادية الراهنة،</p>
      </container>
      <container name="وإذ" eId="container_14">
        <p xml:space="preserve">
          <span class="bold italic">وإذ</span>
          <span class="bold italic">تشير</span> إلى أن الجمعية العامة أوصت في قرارها <a href="https://undocs.org/ar/A/RES/66/20">66/20</a>، لغرض قيام الدول الأعضاء بالإبلاغ عن نفقاتها العسكرية الوطنية في إطار التقرير المتعلق بالنفقات العسكرية، بأن يكون مفهوما لدى الجميع بأن المقصود بـ ”النفقات العسكرية“ كل الموارد المالية التي تنفقها الدولة على أوجه استخدام قواتها العسكرية ومهامها وبأن المعلومات عن النفقات العسكرية ينبغي أن تجسد الإنفاق الفعلي بالأسعار الجارية والعملة المحلية،</p>
      </container>
      <container name="وإذ" eId="container_15">
        <p xml:space="preserve">
          <span class="bold italic">وإذ</span>
          <span class="bold italic">تضع</span>
          <span class="bold italic">في</span>
          <span class="bold italic">اعتبارها</span> أحكام ميثاق الأمم المتحدة، بما في ذلك المادة 26 منه،</p>
      </container>
    </preamble>
    <mainBody>
      <paragraph eId="para_16" class="SingleTxt">
        <content eId="para_16__content">
          <p xml:space="preserve">	1 -	<span class="bold italic">تهيب</span> بالدول الأعضاء أن تقدم إلى الأمين العام، بحلول 30 نيسان/أبريل من كل سنة، تحقيقا لأوسع مشاركة ممكنة، تقريرا عن نفقاتها العسكرية عن آخر سنة مالية تتوافر عنها بيانات، ويفضل أن تستخدم قدر المستطاع أحد أشكال الإبلاغ على الشبكة، بما في ذلك، عند الاقتضاء، تقديم تقرير يفيد بعدم وجود ما تبلغ عنه أو تقرير ”الرقم الواحد“ بشأن النفقات العسكرية أو باستخدام أي شكل آخر يستحدث في سياق إبلاغ المنظمات الدولية أو الإقليمية الأخرى عن النفقات العسكرية بطريقة مماثلة؛</p>
        </content>
      </paragraph>
      <paragraph eId="para_17" class="SingleTxt">
        <content eId="para_17__content">
          <p xml:space="preserve">	2 -	<span class="bold italic">توصي</span> جميع الدول الأعضاء بتنفيذ المبادئ التوجيهية والتوصيات المتعلقة بالمعلومات الموضوعية عن المسائل العسكرية<sup>)1(</sup>، على أن تراعي مراعاة تامة الأوضاع السياسية والعسكرية والأوضاع الأخرى السائدة في كل منطقة؛</p>
        </content>
      </paragraph>
      <paragraph eId="para_18" class="SingleTxt">
        <content eId="para_18__content">
          <p xml:space="preserve">	3 -	<span class="bold italic">تدعو</span> الدول الأعضاء إلى تضمين تقاريرها ملاحظات توضيحية عن البيانات المقدمة تشرح أو توضح فيها الأرقام الواردة في استمارات الإبلاغ، مثل نسبة إجمالي النفقات العسكرية من الناتج المحلي الإجمالي وأي تغييرات أساسية أجريت منذ تقديم آخر تقرير وأية معلومات إضافية تجسد سياستها الدفاعية واستراتيجياتها وعقائدها العسكرية؛</p>
        </content>
      </paragraph>
      <paragraph eId="para_19" class="SingleTxt">
        <content eId="para_19__content">
          <p xml:space="preserve">	4 -	<span class="bold italic">تدعو أيضا</span> الدول الأعضاء إلى أن تقدم في تقاريرها السنوية معلومات عن جهات الاتصال الوطنية التابعة لها؛</p>
        </content>
      </paragraph>
      <paragraph eId="para_20" class="SingleTxt">
        <content eId="para_20__content">
          <p xml:space="preserve">	5 -	<span class="bold italic">تشجع</span> الهيئات الدولية والمنظمات الإقليمية المعنية على تعزيز شفافية النفقات العسكرية وتعزيز أوجه التكامل بين نظم الإبلاغ، مع مراعاة السمات الخاصة بكل منطقة، وعلى النظر في إمكانية تبادل المعلومات مع الأمم المتحدة؛</p>
        </content>
      </paragraph>
      <paragraph eId="para_21" class="SingleTxt">
        <content eId="para_21__content">
          <p xml:space="preserve">	6 -	<span class="bold italic">تحيط</span><span class="bold italic">علما</span> بالتقرير السنوي للأمين العام<sup>(</sup><authorialNote marker="4" placement="bottom" eId="authorialNote_4"><p xml:space="preserve">	()	<a href="https://undocs.org/ar/A/74/155">A/74/155</a>.</p></authorialNote><sup>)</sup>؛</p>
        </content>
      </paragraph>
      <paragraph eId="para_22" class="SingleTxt">
        <content eId="para_22__content">
          <p xml:space="preserve">	7 -	<span class="bold italic">تطلب</span> إلى الأمين العام أن يقوم، في حدود الموارد المتاحة، بما يلي:</p>
        </content>
      </paragraph>
      <paragraph eId="para_23" class="SingleTxt">
        <content eId="para_23__content">
          <p xml:space="preserve">	(أ)	مواصلة ما درج عليه من إرسال مذكرة شفوية سنوية إلى الدول الأعضاء يطلب فيها تقديم تقاريرها عن النفقات العسكرية؛</p>
        </content>
      </paragraph>
      <paragraph eId="para_24" class="SingleTxt">
        <content eId="para_24__content">
          <p xml:space="preserve">	(ب)	تعميم مذكرة شفوية سنويا على الدول الأعضاء تورد بالتفصيل التقارير التي جرى تقديمها عن النفقات العسكرية وتمت إتاحتها على الموقع الشبكي؛</p>
        </content>
      </paragraph>
      <paragraph eId="para_25" class="SingleTxt">
        <content eId="para_25__content">
          <p xml:space="preserve">	(ج)	مواصلة المشاورات مع الهيئات الدولية المعنية بهدف التيقن من مقتضيات تعديل الأداة القائمة، من أجل تشجيع المشاركة فيها على نطاق أوسع وتقديم توصيات تستند إلى نتائج تلك المشاورات وتأخذ في الحسبان آراء الدول الأعضاء بشأن التغييرات اللازم إدخالها على مضمون نظام الإبلاغ الموحد وهيكله؛</p>
        </content>
      </paragraph>
      <paragraph eId="para_26" class="SingleTxt">
        <content eId="para_26__content">
          <p xml:space="preserve">	(د)	تشجيع الهيئات والمنظمات الدولية المعنية على تعزيز شفافية النفقات العسكرية والتشاور مع تلك الهيئات والمنظمات مع التركيز على دراسة إمكانيات تعزيز أوجه التكامل بين نظم الإبلاغ الدولية والإقليمية وفرص تبادل المعلومات المتصلة بذلك بين تلك الهيئات والأمم المتحدة؛</p>
        </content>
      </paragraph>
      <paragraph eId="para_27" class="SingleTxt">
        <content eId="para_27__content">
          <p xml:space="preserve">	(ه)	مواصلة التشجيع على زيادة التعاون مع المنظمات الإقليمية المختصة من أجل التوعية بتقرير الأمم المتحدة المتعلــق بالنفقات العسكرية وبدوره كتدبير من تدابير بناء الثقة؛</p>
        </content>
      </paragraph>
      <paragraph eId="para_28" class="SingleTxt">
        <content eId="para_28__content">
          <p xml:space="preserve">	(و)	تشجيع مراكز الأمم المتحدة الإقليمية للسلام ونزع السلاح في أفريقيا وفي آسيا والمحيط الهادئ وفي أمريكا اللاتينية ومنطقة البحر الكاريبي على أن تساعد الدول الأعضاء، في منطقة كل منها، في تعزيز معرفتها بنظام الإبلاغ الموحد؛</p>
        </content>
      </paragraph>
      <paragraph eId="para_29" class="SingleTxt">
        <content eId="para_29__content">
          <p xml:space="preserve">	(ز)	تشجيع عقد ندوات وحلقات تدريبية دولية وإقليمية أو دون إقليمية ودعم إعداد الأمانة العامة دورة تدريبية على الموقع الشبكي بدعم مالي وتقني من الدول المهتمة بالأمر، لشرح الغرض من نظام الإبلاغ الموحد وتيسير الإيداع الإلكتروني الآمن للتقارير؛</p>
        </content>
      </paragraph>
      <paragraph eId="para_30" class="SingleTxt">
        <content eId="para_30__content">
          <p xml:space="preserve">	(ح)	تقديم تقرير عن الخبرات المكتسبة في أثناء تلك الندوات والحلقات التدريبية؛</p>
        </content>
      </paragraph>
      <paragraph eId="para_31" class="SingleTxt">
        <content eId="para_31__content">
          <p xml:space="preserve">	(ط)	تقديم المساعدة التقنية، عند الطلب، إلى الدول الأعضاء التي لا تتوفر لها القدرات اللازمة لإبلاغ البيانات، وتشجيع الدول الأعضاء على أن تقدم طوعا مساعدة ثنائية إلى الدول الأعضاء الأخرى؛</p>
        </content>
      </paragraph>
      <paragraph eId="para_32" class="SingleTxt">
        <content eId="para_32__content">
          <p xml:space="preserve">	8 -	<span class="bold italic">تشجع</span> الدول الأعضاء على ما يلي:</p>
        </content>
      </paragraph>
      <paragraph eId="para_33" class="SingleTxt">
        <content eId="para_33__content">
          <p xml:space="preserve">	(أ)	إبلاغ الأمين العام بالمشاكل التي قد تواجهها في نظام الإبلاغ الموحد وبأسباب عدم تقديمها للبيانات المطلوبة؛</p>
        </content>
      </paragraph>
      <paragraph eId="para_34" class="SingleTxt">
        <content eId="para_34__content">
          <p xml:space="preserve">	(ب)	مواصلة موافاة الأمين العام بآرائها واقتراحاتها بشأن سبل ووسائل تحسين أداء نظام الإبلاغ الموحد في المستقبل وتوسيع نطاق المشاركة فيه، بما في ذلك إدخال التغييرات اللازمة على مضمونه وهيكله، وبتوصيات لتيسير مواصلة تطويره؛</p>
        </content>
      </paragraph>
      <paragraph eId="para_35" class="SingleTxt">
        <content eId="para_35__content">
          <p xml:space="preserve">	9 -	<span class="bold italic">تقرر </span>أن تبقي قيد نظرها مسألة إمكانية إنشاء عملية استعراضات دورية لتقرير النفقات العسكرية، مع مراعاة المعلومات المشار إليها في الفقرة 8 أعلاه؛</p>
        </content>
      </paragraph>
      <paragraph eId="para_36" class="SingleTxt">
        <content eId="para_36__content">
          <p xml:space="preserve">	10 -	<span class="bold italic">تقرر أيضا</span> أن تدرج في جدول الأعمال المؤقت لدورتها السابعة والسبعين البند الفرعي المعنون ”المعلومات الموضوعية عن المسائل العسكرية، بما في ذلك شفافية النفقات العسكرية“ في إطار البند المعنون ”تخفيض الميزانيات العسكرية“.</p>
        </content>
      </paragraph>
    </mainBody>
    <conclusions eId="conclusions">
      <p>
        <inline name="adoptionMeeting" title="46">الجلسة العامة 46</inline>
        <eol />
        <docDate date="2019-12-12" refersTo="#adoptionDate">12 كانون الأول/ديسمبر 2019</docDate>
      </p>
    </conclusions>
  </statement>
</akomaNtoso>