<akomaNtoso xmlns:xsi="http://www.w3.org/2001/XMLSchema-instance" xsi:schemaLocation="http://docs.oasis-open.org/legaldocml/ns/akn/3.0 http://docs.oasis-open.org/legaldocml/akn-core/v1.0/os/part2-specs/schemas/akomantoso30.xsd" xmlns="http://docs.oasis-open.org/legaldocml/ns/akn/3.0" xmlns:html="http://www.w3.org/1999/xhtml" xmlns:akn4un="http://un.org/akn4un">
  <statement name="resolution">
    <meta>
      <identification source="#DGACM">
        <FRBRWork>
          <FRBRthis value="/akn/un/statement/deliberation/unga/2019-12-19/74-201/!main/"></FRBRthis>
          <FRBRuri value="/akn/un/statement/deliberation/unga/2019-12-19/74-201/"></FRBRuri>
          <FRBRdate date="2019-12-19" name="adoption"></FRBRdate>
          <FRBRauthor href="ga" as="author"></FRBRauthor>
          <FRBRcountry value="un"></FRBRcountry>
        </FRBRWork>
        <FRBRExpression>
          <FRBRthis value="/akn/un/statement/deliberation/unga/2019-12-19/74-201/ara@!main/"></FRBRthis>
          <FRBRuri value="/akn/un/statement/deliberation/unga/2019-12-19/74-201/ara@/"></FRBRuri>
          <FRBRdate date="2020-01-13" name="publication"></FRBRdate>
          <FRBRauthor href="ga" as="issuer"></FRBRauthor>
          <FRBRlanguage language="ara"></FRBRlanguage>
        </FRBRExpression>
        <FRBRManifestation>
          <FRBRthis value="/akn/un/statement/deliberation/unga/2019-12-19/74-201/ara@/!main.xml"></FRBRthis>
          <FRBRuri value="/akn/un/statement/deliberation/unga/2019-12-19/74-201/ara@.xml"></FRBRuri>
          <FRBRdate date="2020-09-02" name="markup"></FRBRdate>
          <FRBRauthor href="DGACM" as="editor"></FRBRauthor>
        </FRBRManifestation>
      </identification>
      <classification source="http://metadata.un.org/sdg">
        <keyword value="17" href="http://metadata.un.org/sdg/17" showAs="sdg_17" dictionary="SDGO"></keyword>
        <keyword value="sustainable_development" href="http://eurovoc.europa.eu/5585" showAs="sustainable_development" dictionary="EuroVoc"></keyword>
        <keyword value="partnership" href="http://eurovoc.europa.eu/4199" showAs="partnership" dictionary="EuroVoc"></keyword>
        <keyword value="sustainable_development" href="http://metadata.un.org/thesaurus/1006319" showAs="sustainable_development" dictionary="UNBIS Thesaurus"></keyword>
        <keyword value="partnership" href="http://metadata.un.org/thesaurus/1004748" showAs="partnership" dictionary="UNBIS Thesaurus"></keyword>
      </classification>
      <classification source="http://metadata.un.org/sdg">
        <keyword value="16" href="http://metadata.un.org/sdg/16" showAs="sdg_16" dictionary="SDGO"></keyword>
        <keyword value="right_to_justice" href="http://eurovoc.europa.eu/516" showAs="right_to_justice" dictionary="EuroVoc"></keyword>
        <keyword value="sustainable_development" href="http://eurovoc.europa.eu/5585" showAs="sustainable_development" dictionary="EuroVoc"></keyword>
        <keyword value="civil_society" href="http://metadata.un.org/thesaurus/1001012" showAs="civil_society" dictionary="UNBIS Thesaurus"></keyword>
        <keyword value="justice" href="http://metadata.un.org/thesaurus/1003500" showAs="justice" dictionary="UNBIS Thesaurus"></keyword>
        <keyword value="peaceful_coexistence" href="http://metadata.un.org/thesaurus/1004777" showAs="peaceful_coexistence" dictionary="UNBIS Thesaurus"></keyword>
        <keyword value="public_institutions" href="http://metadata.un.org/thesaurus/1005254" showAs="public_institutions" dictionary="UNBIS Thesaurus"></keyword>
        <keyword value="social_justice" href="http://metadata.un.org/thesaurus/1005970" showAs="social_justice" dictionary="UNBIS Thesaurus"></keyword>
        <keyword value="sustainable_development" href="http://metadata.un.org/thesaurus/1006319" showAs="sustainable_development" dictionary="UNBIS Thesaurus"></keyword>
      </classification>
      <classification source="http://metadata.un.org/sdg">
        <keyword value="10" href="http://metadata.un.org/sdg/10" showAs="sdg_10" dictionary="SDGO"></keyword>
        <keyword value="social_inequality" href="http://eurovoc.europa.eu/1420" showAs="social_inequality" dictionary="EuroVoc"></keyword>
        <keyword value="equality" href="http://metadata.un.org/thesaurus/1002102" showAs="equality" dictionary="UNBIS Thesaurus"></keyword>
      </classification>
      <classification source="http://metadata.un.org/sdg">
        <keyword value="2" href="http://metadata.un.org/sdg/2" showAs="sdg_2" dictionary="SDGO"></keyword>
        <keyword value="food_shortage" href="http://eurovoc.europa.eu/2318" showAs="food_shortage" dictionary="EuroVoc"></keyword>
        <keyword value="sustainable_agriculture" href="http://eurovoc.europa.eu/6308" showAs="sustainable_agriculture" dictionary="EuroVoc"></keyword>
        <keyword value="food_security" href="http://eurovoc.europa.eu/c_4523e1dd" showAs="food_security" dictionary="EuroVoc"></keyword>
        <keyword value="food_security" href="http://metadata.un.org/thesaurus/1002439" showAs="food_security" dictionary="UNBIS Thesaurus"></keyword>
        <keyword value="food_shortage" href="http://metadata.un.org/thesaurus/1002440" showAs="food_shortage" dictionary="UNBIS Thesaurus"></keyword>
        <keyword value="hunger" href="http://metadata.un.org/thesaurus/1003004" showAs="hunger" dictionary="UNBIS Thesaurus"></keyword>
        <keyword value="sustainable_agriculture" href="http://metadata.un.org/thesaurus/1006317" showAs="sustainable_agriculture" dictionary="UNBIS Thesaurus"></keyword>
      </classification>
      <workflow source="#un">
        <step date="2019-11-20" outcome="draftResolution" as="A/C.2/74/L.15/Rev.1" by="Kazakhstan and State of Palestine (on behalf of the States Members of the United Nations that are members of the Group of 77 and China)" />
        <step date="0001-01-01" outcome="draftResolutionAdditionalSponsors" by="" />
        <step date="0001-01-01" outcome="recommendedForAdoption" as="A/74/379/Add.1" by="" refersTo="21" />
        <step date="2019-12-19" outcome="adopted" as="A/74/PV.52" by="" />
      </workflow>
      <analysis source="#un">
        <parliamentary>
          <voting outcome="adoptedRecordedVote">
            <count value="176" refersTo="inFavour">
              <akn4un:voters>
                <organization refersTo="memberState">AFGHANISTAN</organization>
                <organization refersTo="memberState">ALBANIA</organization>
                <organization refersTo="memberState">ALGERIA</organization>
                <organization refersTo="memberState">ANDORRA</organization>
                <organization refersTo="memberState">ANGOLA</organization>
                <organization refersTo="memberState">ANTIGUA AND BARBUDA</organization>
                <organization refersTo="memberState">ARGENTINA</organization>
                <organization refersTo="memberState">ARMENIA</organization>
                <organization refersTo="memberState">AUSTRALIA</organization>
                <organization refersTo="memberState">AUSTRIA</organization>
                <organization refersTo="memberState">AZERBAIJAN</organization>
                <organization refersTo="memberState">BAHAMAS</organization>
                <organization refersTo="memberState">BAHRAIN</organization>
                <organization refersTo="memberState">BANGLADESH</organization>
                <organization refersTo="memberState">BARBADOS</organization>
                <organization refersTo="memberState">BELARUS</organization>
                <organization refersTo="memberState">BELGIUM</organization>
                <organization refersTo="memberState">BELIZE</organization>
                <organization refersTo="memberState">BENIN</organization>
                <organization refersTo="memberState">BHUTAN</organization>
                <organization refersTo="memberState">BOLIVIA (PLURINATIONAL STATE OF)</organization>
                <organization refersTo="memberState">BOSNIA AND HERZEGOVINA</organization>
                <organization refersTo="memberState">BOTSWANA</organization>
                <organization refersTo="memberState">BRAZIL</organization>
                <organization refersTo="memberState">BRUNEI DARUSSALAM</organization>
                <organization refersTo="memberState">BULGARIA</organization>
                <organization refersTo="memberState">BURKINA FASO</organization>
                <organization refersTo="memberState">BURUNDI</organization>
                <organization refersTo="memberState">CABO VERDE</organization>
                <organization refersTo="memberState">CAMBODIA</organization>
                <organization refersTo="memberState">CAMEROON</organization>
                <organization refersTo="memberState">CANADA</organization>
                <organization refersTo="memberState">CENTRAL AFRICAN REPUBLIC</organization>
                <organization refersTo="memberState">CHAD</organization>
                <organization refersTo="memberState">CHILE</organization>
                <organization refersTo="memberState">CHINA</organization>
                <organization refersTo="memberState">COLOMBIA</organization>
                <organization refersTo="memberState">CONGO</organization>
                <organization refersTo="memberState">COSTA RICA</organization>
                <organization refersTo="memberState">COTE D'IVOIRE</organization>
                <organization refersTo="memberState">CROATIA</organization>
                <organization refersTo="memberState">CUBA</organization>
                <organization refersTo="memberState">CYPRUS</organization>
                <organization refersTo="memberState">CZECHIA</organization>
                <organization refersTo="memberState">DEMOCRATIC PEOPLE'S REPUBLIC OF KOREA</organization>
                <organization refersTo="memberState">DENMARK</organization>
                <organization refersTo="memberState">DJIBOUTI</organization>
                <organization refersTo="memberState">DOMINICAN REPUBLIC</organization>
                <organization refersTo="memberState">ECUADOR</organization>
                <organization refersTo="memberState">EGYPT</organization>
                <organization refersTo="memberState">EL SALVADOR</organization>
                <organization refersTo="memberState">ERITREA</organization>
                <organization refersTo="memberState">ESTONIA</organization>
                <organization refersTo="memberState">ETHIOPIA</organization>
                <organization refersTo="memberState">FIJI</organization>
                <organization refersTo="memberState">FINLAND</organization>
                <organization refersTo="memberState">FRANCE</organization>
                <organization refersTo="memberState">GABON</organization>
                <organization refersTo="memberState">GAMBIA</organization>
                <organization refersTo="memberState">GEORGIA</organization>
                <organization refersTo="memberState">GERMANY</organization>
                <organization refersTo="memberState">GHANA</organization>
                <organization refersTo="memberState">GREECE</organization>
                <organization refersTo="memberState">GRENADA</organization>
                <organization refersTo="memberState">GUATEMALA</organization>
                <organization refersTo="memberState">GUINEA</organization>
                <organization refersTo="memberState">GUINEA-BISSAU</organization>
                <organization refersTo="memberState">GUYANA</organization>
                <organization refersTo="memberState">HAITI</organization>
                <organization refersTo="memberState">HONDURAS</organization>
                <organization refersTo="memberState">HUNGARY</organization>
                <organization refersTo="memberState">ICELAND</organization>
                <organization refersTo="memberState">INDIA</organization>
                <organization refersTo="memberState">INDONESIA</organization>
                <organization refersTo="memberState">IRAN (ISLAMIC REPUBLIC OF)</organization>
                <organization refersTo="memberState">IRAQ</organization>
                <organization refersTo="memberState">IRELAND</organization>
                <organization refersTo="memberState">ITALY</organization>
                <organization refersTo="memberState">JAMAICA</organization>
                <organization refersTo="memberState">JAPAN</organization>
                <organization refersTo="memberState">JORDAN</organization>
                <organization refersTo="memberState">KAZAKHSTAN</organization>
                <organization refersTo="memberState">KENYA</organization>
                <organization refersTo="memberState">KIRIBATI</organization>
                <organization refersTo="memberState">KUWAIT</organization>
                <organization refersTo="memberState">KYRGYZSTAN</organization>
                <organization refersTo="memberState">LAO PEOPLE'S DEMOCRATIC REPUBLIC</organization>
                <organization refersTo="memberState">LATVIA</organization>
                <organization refersTo="memberState">LEBANON</organization>
                <organization refersTo="memberState">LESOTHO</organization>
                <organization refersTo="memberState">LIBYA</organization>
                <organization refersTo="memberState">LIECHTENSTEIN</organization>
                <organization refersTo="memberState">LITHUANIA</organization>
                <organization refersTo="memberState">LUXEMBOURG</organization>
                <organization refersTo="memberState">MADAGASCAR</organization>
                <organization refersTo="memberState">MALAWI</organization>
                <organization refersTo="memberState">MALAYSIA</organization>
                <organization refersTo="memberState">MALDIVES</organization>
                <organization refersTo="memberState">MALI</organization>
                <organization refersTo="memberState">MALTA</organization>
                <organization refersTo="memberState">MAURITANIA</organization>
                <organization refersTo="memberState">MAURITIUS</organization>
                <organization refersTo="memberState">MEXICO</organization>
                <organization refersTo="memberState">MONACO</organization>
                <organization refersTo="memberState">MONGOLIA</organization>
                <organization refersTo="memberState">MONTENEGRO</organization>
                <organization refersTo="memberState">MOROCCO</organization>
                <organization refersTo="memberState">MOZAMBIQUE</organization>
                <organization refersTo="memberState">MYANMAR</organization>
                <organization refersTo="memberState">NAMIBIA</organization>
                <organization refersTo="memberState">NEPAL</organization>
                <organization refersTo="memberState">NETHERLANDS</organization>
                <organization refersTo="memberState">NEW ZEALAND</organization>
                <organization refersTo="memberState">NICARAGUA</organization>
                <organization refersTo="memberState">NIGERIA</organization>
                <organization refersTo="memberState">NORTH MACEDONIA</organization>
                <organization refersTo="memberState">NORWAY</organization>
                <organization refersTo="memberState">OMAN</organization>
                <organization refersTo="memberState">PAKISTAN</organization>
                <organization refersTo="memberState">PALAU</organization>
                <organization refersTo="memberState">PANAMA</organization>
                <organization refersTo="memberState">PAPUA NEW GUINEA</organization>
                <organization refersTo="memberState">PARAGUAY</organization>
                <organization refersTo="memberState">PERU</organization>
                <organization refersTo="memberState">PHILIPPINES</organization>
                <organization refersTo="memberState">POLAND</organization>
                <organization refersTo="memberState">PORTUGAL</organization>
                <organization refersTo="memberState">QATAR</organization>
                <organization refersTo="memberState">REPUBLIC OF KOREA</organization>
                <organization refersTo="memberState">REPUBLIC OF MOLDOVA</organization>
                <organization refersTo="memberState">ROMANIA</organization>
                <organization refersTo="memberState">RUSSIAN FEDERATION</organization>
                <organization refersTo="memberState">RWANDA</organization>
                <organization refersTo="memberState">SAINT KITTS AND NEVIS</organization>
                <organization refersTo="memberState">SAINT LUCIA</organization>
                <organization refersTo="memberState">SAINT VINCENT AND THE GRENADINES</organization>
                <organization refersTo="memberState">SAMOA</organization>
                <organization refersTo="memberState">SAN MARINO</organization>
                <organization refersTo="memberState">SAUDI ARABIA</organization>
                <organization refersTo="memberState">SENEGAL</organization>
                <organization refersTo="memberState">SERBIA</organization>
                <organization refersTo="memberState">SEYCHELLES</organization>
                <organization refersTo="memberState">SIERRA LEONE</organization>
                <organization refersTo="memberState">SINGAPORE</organization>
                <organization refersTo="memberState">SLOVAKIA</organization>
                <organization refersTo="memberState">SLOVENIA</organization>
                <organization refersTo="memberState">SOUTH AFRICA</organization>
                <organization refersTo="memberState">SPAIN</organization>
                <organization refersTo="memberState">SRI LANKA</organization>
                <organization refersTo="memberState">SUDAN</organization>
                <organization refersTo="memberState">SURINAME</organization>
                <organization refersTo="memberState">SWEDEN</organization>
                <organization refersTo="memberState">SWITZERLAND</organization>
                <organization refersTo="memberState">SYRIAN ARAB REPUBLIC</organization>
                <organization refersTo="memberState">TAJIKISTAN</organization>
                <organization refersTo="memberState">THAILAND</organization>
                <organization refersTo="memberState">TIMOR-LESTE</organization>
                <organization refersTo="memberState">TOGO</organization>
                <organization refersTo="memberState">TONGA</organization>
                <organization refersTo="memberState">TRINIDAD AND TOBAGO</organization>
                <organization refersTo="memberState">TUNISIA</organization>
                <organization refersTo="memberState">TURKEY</organization>
                <organization refersTo="memberState">TURKMENISTAN</organization>
                <organization refersTo="memberState">UGANDA</organization>
                <organization refersTo="memberState">UKRAINE</organization>
                <organization refersTo="memberState">UNITED ARAB EMIRATES</organization>
                <organization refersTo="memberState">UNITED KINGDOM</organization>
                <organization refersTo="memberState">UNITED REPUBLIC OF TANZANIA</organization>
                <organization refersTo="memberState">URUGUAY</organization>
                <organization refersTo="memberState">UZBEKISTAN</organization>
                <organization refersTo="memberState">VANUATU</organization>
                <organization refersTo="memberState">VENEZUELA (BOLIVARIAN REPUBLIC OF)</organization>
                <organization refersTo="memberState">VIET NAM</organization>
                <organization refersTo="memberState">YEMEN</organization>
                <organization refersTo="memberState">ZAMBIA</organization>
                <organization refersTo="memberState">ZIMBABWE</organization>
              </akn4un:voters>
            </count>
            <count value="2" refersTo="against">
              <akn4un:voters>
                <organization refersTo="memberState">ISRAEL</organization>
                <organization refersTo="memberState">UNITED STATES</organization>
              </akn4un:voters>
            </count>
          </voting>
        </parliamentary>
      </analysis>
      <references source="#DGACM">
        <TLCOrganization eId="source" href="/akn/ontology/organization/un/DGACM" showAs="DGACM"></TLCOrganization>
        <TLCConcept eId="dateOfIssuance" href="/akn/ontology/concept/un/dateOfIssuance" showAs="Date of issuance"></TLCConcept>
        <TLCConcept eId="dateOfAdoption" href="/akn/ontology/concept/un/dateOfAdoption" showAs="Date of adoption"></TLCConcept>
        <TLCConcept eId="symbol" href="/akn/ontology/reference/un/symbol" showAs="Symbol"></TLCConcept>
        <TLCRole eId="publisher" href="/akn/ontology/role/un/publisher" showAs="Publisher"></TLCRole>
        <TLCRole eId="issuingBody" href="/akn/role/concept/un/issuingBody" showAs="Issuing body"></TLCRole>
        <TLCRole eId="author" href="/akn/ontology/role/un/author" showAs="Author"></TLCRole>
        <TLCRole eId="editor" href="/akn/ontology/role/un/editor" showAs="Editor"></TLCRole>
        <TLCRole eId="distribution" href="/akn/ontology/concept/un/generalDistribution" showAs="General distribution"></TLCRole>
        <TLCOrganization eId="ga" href="/akn/ontology/organization/un/generalAssembly" showAs="General Assembly"></TLCOrganization>
        <TLCTerm eId="resolutionTitle" href="/akn/ontology/reference/un/resolutionTitle" showAs="Resolution title"></TLCTerm>
        <TLCTerm eId="secondCommittee" href="#secondCommittee" showAs="اللجنة الثانية"></TLCTerm>
        <TLCTerm eId="memberState" href="/akn/ontology/organization/un/memberState" showAs="Member State"></TLCTerm>
        <TLCTerm eId="inFavour" href="/akn/ontology/concept/un/voting/inFavour" showAs="In favour"></TLCTerm>
        <TLCTerm eId="against" href="/akn/ontology/concept/un/voting/against" showAs="Against"></TLCTerm>
        <TLCTerm eId="abstaining" href="/akn/ontology/concept/un/voting/abstaining" showAs="Abstaining"></TLCTerm>
      </references>
      <presentation source="#un">
        <akn4un:footerFirstPage>
          <akn4un:footerFirstPageLeft>
            <akn4un:internalCode>
              <docketNumber refersTo="#publicationJobNumber">19-22414 (A)</docketNumber>
              <img alt="bar code" class="barCode" src=""></img>
            </akn4un:internalCode>
          </akn4un:footerFirstPageLeft>
          <akn4un:footerFirstPageRight>
            <img alt="Please recycle" class="image" src="./recylcleLogo.jpg"></img>
            <img alt="embedded QR code" class="qrCode" src=""></img>
          </akn4un:footerFirstPageRight>
        </akn4un:footerFirstPage>
      </presentation>
    </meta>
    <coverPage eId="coverPage_1">
      <p>
        <span refersTo="#publisher" class="upperLeft">
          <docAuthority refersTo="#publisher">الأمــم المتحـدة</docAuthority>
        </span>
      </p>
      <p class="upperRight">
        <docNumber refersTo="#symbol">A/RES/74/201</docNumber>
      </p>
      <p class="upperLeft">
        <img src="logo-un.jpg"></img>
        <docAuthority refersTo="#issuingBody" class="rightBig">الجمعية العامة</docAuthority>
      </p>
      <p>
        <docStatus refersTo="#generalDistribution" class="rightSmall">Distr.: General</docStatus>
      </p>
      <p>
        <docDate date="2020-01-13" class="rightSmall" refersTo="#dateOfIssuance">13 January 2020</docDate>
      </p>
      <p>
        <session refersTo="#generalAssembly" value="74" eId="coverPage_1__session_1">الدورة الرابعة والسبعون</session>
      </p>
      <p>
        <inline name="agenda item">البند 17 (أ) من جدول الأعمال</inline>
      </p>
      <p>
        <inline name="agenda item name">المسائل المتعلقة بسياسات الاقتصاد الكلي: التجارة الدولية والتنمية</inline>
      </p>
      <p>
        <docTitle>قرار اتخذته الجمعية العامة في 19 كانون الأول/ديسمبر 2019</docTitle>
      </p>
      <p xml:space="preserve">
        <docProponent refersTo="#secondCommittee">[بناء على تقرير اللجنة الثانية (<inline name="originating document">A/74/379/Add.1</inline>)]</docProponent>
      </p>
    </coverPage>
    <preface>
      <p>
        <docNumber>74/201.</docNumber>
        <docTitle refersTo="#resolutionTitle">-	التجارة الدولية والتنمية</docTitle>
      </p>
    </preface>
    <preamble>
      <formula name="enactingFormula" eId="formula_1">
        <p xml:space="preserve">
          <span class="bold italic">إن الجمعية العامة</span>،</p>
      </formula>
      <container name="إذ تشير" eId="container_2">
        <p xml:space="preserve">
          <span class="bold italic">إذ تشير</span> إلى قراراتها <a href="https://undocs.org/ar/A/RES/56/178">56/178</a> المؤرخ 21 كانون الأول/ديسمبر 2001 و <a href="https://undocs.org/ar/A/RES/57/235">57/235</a> المـؤرخ 20 كانون الأول/ديسمبر 2002 و <a href="https://undocs.org/ar/A/RES/58/197">58/197</a> المؤرخ 23 كانون الأول/ديسمبر 2003 و <a href="https://undocs.org/ar/A/RES/59/221">59/221</a> المؤرخ 22 كانون الأول/ديسمبر 2004 و <a href="https://undocs.org/ar/A/RES/60/184">60/184</a> المؤرخ 22 كانون الأول/ديسمبر 2005 و <a href="https://undocs.org/ar/A/RES/61/186">61/186</a> المؤرخ 20 كانون الأول/ديسمبر 2006 و <a href="https://undocs.org/ar/A/RES/62/184">62/184</a> المؤرخ 19 كانون الأول/ ديسمبر 2007 و <a href="https://undocs.org/ar/A/RES/63/203">63/203</a> المؤرخ 19 كانون الأول/ديسمبر 2008 و <a href="https://undocs.org/ar/A/RES/64/188">64/188</a> المؤرخ 21 كانون الأول/ديسمبر 2009 و <a href="https://undocs.org/ar/A/RES/65/142">65/142</a> المؤرخ 20 كانون الأول/ديسمبر 2010 و <a href="https://undocs.org/ar/A/RES/66/185">66/185</a> المؤرخ 22 كانون الأول/ديسمبر 2011 و <a href="https://undocs.org/ar/A/RES/67/196">67/196</a> المؤرخ 21 كانون الأول/ديسمبر 2012 و <a href="https://undocs.org/ar/A/RES/68/199">68/199</a> المؤرخ 20 كانون الأول/ديسمبر 2013 و <a href="https://undocs.org/ar/A/RES/69/205">69/205</a> المؤرخ 19 كانون الأول/ديسمبر 2014 و <a href="https://undocs.org/ar/A/RES/70/187">70/187</a> المؤرخ 22 كانون الأول/ديسمبر 2015 و <a href="https://undocs.org/ar/A/RES/71/214">71/214</a> المؤرخ 21 كانون الأول/ ديسمبر 2016 و <a href="https://undocs.org/ar/A/RES/72/202">72/202</a> المؤرخ 20 كانون الأول/ديسمبر 2017 و <a href="https://undocs.org/ar/A/RES/73/219">73/219</a> المؤرخ 20 كانون الأول/ديسمبر 2018،</p>
      </container>
      <container name="وإذ تؤكد من جديد" eId="container_3">
        <p xml:space="preserve">
          <span class="bold italic">وإذ تؤكد من جديد</span> قرارها <a href="https://undocs.org/ar/A/RES/70/1">70/1</a> المؤرخ 25 أيلول/سبتمبر 2015 المعنون ”تحويل عالمنا: خطة التنمية المستدامة لعام 2030“، الذي اعتمدت فيه مجموعة من الأهداف والغايات العالمية الشاملة والبعيدة المدى المتعلقة بالتنمية المستدامة، التي تركِّز على الناس وتفضي إلى التحول، وإذ تعيد تأكيد التزامها بالعمل دون كلل من أجل تنفيذ هذه الخطة بالكامل بحلول عام 2030، وإدراكها أن القضاء على الفقر بجميع صوره وأبعاده، بما في ذلك الفقر المدقع، هو أكبر تحدٍّ يواجهه العالم وشرطٌ لا غنى عنه لتحقيق التنمية المستدامة، والتزامها بتحقيق التنمية المستدامة بأبعادها الثلاثة - الاقتصادي والاجتماعي والبيئي - على نحو متوازن ومتكامل، وبالاستفادة من الإنجازات التي تحققت في إطار الأهداف الإنمائية للألفية والسعي إلى استكمال ما لم ينفذ من تلك الأهداف،</p>
      </container>
      <container name="وإذ تؤكد من جديد أيضا" eId="container_4">
        <p xml:space="preserve">
          <span class="bold italic">وإذ تؤكد من جديد أيضا</span> قرارها <a href="https://undocs.org/ar/A/RES/69/313">69/313</a> المؤرخ 27 تموز/يوليه 2015 بشأن خطة عمل أديس أبابا الصادرة عن المؤتمر الدولي الثالث لتمويل التنمية، التي تشكل جزءاً لا يتجزأ من خطة التنمية المستدامة لعام 2030 وتدْعمُها وتكملُها وتساعدُ على توضيح سياق غاياتها المتصلة بوسائل التنفيذ من خلال سياسات وإجراءات عملية، والتي تؤكد من جديد الالتزام السياسي القوي بالتصدي لتحدي التمويل وتهيئة بيئة مؤاتية على جميع المستويات لتحقيق التنمية المستدامة، بروحٍ من الشراكة والتضامن على الصعيد العالمي،</p>
      </container>
      <container name="وإذ تسلّم" eId="container_5">
          <p xml:space="preserve">
            <span class="bold italic">وإذ تسلّم</span> بضرورة ضمان تقاسم فوائد التجارة على نطاق أوسع،</p>
      </container>
      <container name="وإذ تؤكد من جديد" eId="container_6">
        <p xml:space="preserve">
          <span class="bold italic">وإذ تؤكد من جديد</span> قرار منظمة التجارة العالمية WT/MIN(15)/48-WT/L/982 المؤرخ 19 كانون الأول/ديسمبر 2015 بشأن تنفيذ المعاملة التفضيلية لصالح قطاع الخدمات ومقدمي الخدمات في أقل البلدان نمواً وزيادة مشاركتهم في تجارة الخدمات والقرار WT/L/508/Add.1 المؤرخ 25 تموز/يوليه 2012 بشأن انضمام أقل البلدان نمواً، وإذ تشجع على إحراز تقدم في تنفيذ برنامج عمل منظمة التجارة العالمية بشأن الاقتصادات الصغيرة، الذي يدعم جهودها صوب تحقيق التنمية المستدامة، على النحو الوارد أيضاً في الوثيقة الختامية للمؤتمر الدولي الثالث المعني بالدول الجزرية الصغيرة النامية، المعنونة ”إجراءات العمل المعجَّل للدول الجزرية الصغيرة النامية (مسار ساموا)“<sup>(</sup><authorialNote marker="1" placement="bottom" eId="authorialNote_1"><p xml:space="preserve">	()	القرار <a href="https://undocs.org/ar/A/RES/69/15">69/15</a>، المرفق.</p></authorialNote><sup>)</sup>، وإذ تؤكد أن كلا من مبادرة المعونة لصالح التجارة وبناء القدرات المحدد الهدف في مجال التجارة يتسم بالأهمية لإدماج البلدان النامية، ولا سيما أقل البلدان نموا، والبلدان النامية غير الساحلية والدول الجزرية الصغيرة النامية، في النظام التجاري الدولي،</p>
      </container>
      <container name="وإذ تسلّم" eId="container_7">
          <p xml:space="preserve">
            <span class="bold italic">وإذ تسلّم</span> بالدور الحاسم الذي تضطلع به المرأة كمنتجة وتاجرة، وبضرورة التصدي للتحديات التي تواجهها من أجل تيسير مشاركتها الفعالة والمتساوية في التجارة الداخلية والإقليمية والدولية،</p>
      </container>
      <container name="وإذ تسلّم أيضا" eId="container_8">
          <p xml:space="preserve">
            <span class="bold italic">وإذ تسلّم أيضا</span> بأن القواعد والضوابط المتعددة الأطراف هي خير ضمان ضد النزعة الحمائية وبأنها ذات أهمية أساسية لتحقيق الشفافية وقابلية التنبؤ والاستقرار في التجارة الدولية،</p>
      </container>
      <container name="وإذ تلاحظ" eId="container_9">
        <p xml:space="preserve">
          <span class="bold italic">وإذ تلاحظ</span> الالتزامات المقطوعة بالعمل على كفالة أن تكون الاتفاقات التجارية الثنائية والمتعددة الأطراف والإقليمية مكمِّلة للنظام التجاري المتعدد الأطراف، وإذ تقر بأن تلك الاتفاقات يمكن أن تؤدي دورا مهما في تكملة المبادرات العالمية لتحرير التجارة، وإذ ترحب في هذا الصدد ببدء نفاذ الاتفاق المتعلق بإنشاء منطقة التجارة الحرة القارية الأفريقية، في 30 أيار/مايو 2019،</p>
      </container>
      <container name="وإذ تكرر" eId="container_10">
          <p xml:space="preserve">
            <span class="bold italic">وإذ تكرر </span>التعهد بألا يترك أحد خلف الركب، وإذ تؤكد من جديد التسليم بأن كرامة الإنسان أمر أساسي، والأمل في أن ترى الأهداف والغايات وقد تحققت لجميع الأمم والشعوب ولجميع شرائح المجتمع، وإذ تعيد الالتزام بالسعي إلى الوصول أولا إلى أشد الناس تخلفا عن الركب،</p>
      </container>
    </preamble>
    <mainBody>
      <paragraph eId="para_11" class="SingleTxt">
        <content eId="para_11__content">
          <p xml:space="preserve">	1 -	<span class="bold italic">تحيط علما</span> بتقرير مجلس التجارة والتنمية التابع لمؤتمر الأمم المتحدة للتجارة والتنمية<sup>(</sup><authorialNote marker="2" placement="bottom" eId="authorialNote_2"><p xml:space="preserve">	()	<a href="https://undocs.org/ar/A/74/15 (Part I)">A/74/15 (Part I)</a> و <a href="https://undocs.org/ar/A/74/15 (Part II)">A/74/15 (Part II)</a>.</p></authorialNote><sup>)</sup> وبتقرير الأمين العام<sup>(</sup><authorialNote marker="3" placement="bottom" eId="authorialNote_3"><p xml:space="preserve">	()	<a href="https://undocs.org/ar/A/74/221">A/74/221</a>.</p></authorialNote><sup>)</sup>؛</p>
        </content>
      </paragraph>
      <paragraph eId="para_12" class="SingleTxt">
        <content eId="para_12__content">
          <p xml:space="preserve">	2 -	<span class="bold italic">تؤكد من جديد</span> أن التجارة الدولية محرك للنمو الشامل للجميع وللقضاء على الفقر، وأنها تسهم في تعزيز التنمية المستدامة والتحول الهيكلي والتصنيع، ولا سيما في البلدان النامية؛</p>
        </content>
      </paragraph>
      <paragraph eId="para_13" class="SingleTxt">
        <content eId="para_13__content">
          <p xml:space="preserve">	3 -	<span class="bold italic">تكرر تأكيد </span>أن الدول لن تستطيع بلوغ الأهداف والغايات الطموحة الواردة في خطة التنمية المستدامة لعام 2030<sup>(</sup><authorialNote marker="4" placement="bottom" eId="authorialNote_4"><p xml:space="preserve">	()	القرار <a href="https://undocs.org/ar/A/RES/70/1">70/1</a>.</p></authorialNote><sup>)</sup> دون تنشيط الشراكة العالمية وتعزيزها ودون إيجاد وسائل تنفيذ تكون طموحة بنفس القدر، وأن إعادة تنشيط الشراكة العالمية سيساعد في تيسير انخراط عالمي مكثف في دعم تنفيذ خطة عام 2030، تتكاتف فيه الحكومات والمجتمع المدني والقطاع الخاص ومنظومة الأمم المتحدة وغيرها من الجهات الفاعلة، وتعبَّأ له جميع الموارد المتاحة؛</p>
        </content>
      </paragraph>
      <paragraph eId="para_14" class="SingleTxt">
        <content eId="para_14__content">
          <p xml:space="preserve">	4 -	<span class="bold italic">تؤكد من جديد </span>الالتزامات التي قُطعت باعتماد خطة عمل أديس أبابا الصادرة عن المؤتمر الدولي الثالث لتمويل التنمية<sup>(</sup><authorialNote marker="5" placement="bottom" eId="authorialNote_5"><p xml:space="preserve">	()	القرار <a href="https://undocs.org/ar/A/RES/69/313">69/313</a>، المرفق.</p></authorialNote><sup>)</sup>، في مجالات منها التجارة الدولية باعتبارها مجالا هاماً من مجالات العمل من أجل التنمية المستدامة؛</p>
        </content>
      </paragraph>
      <paragraph eId="para_15" class="SingleTxt">
        <content eId="para_15__content">
          <p xml:space="preserve">	5 -	<span class="bold italic">تلاحظ مع القلق</span> أن منظمة التجارة العالمية تتأثر بصورة متزايدة بعدم كفاية التقدم المحرز في المفاوضات التجارية المتعددة الأطراف وأنه يتحتم على منظمة التجارة العالمية أن تعالج المسائل التي تقع في صميم المشاكل التي تعاني منها التجارة الدولية حاليا، وتقر في هذا الصدد بضرورة تعزيز منظمة التجارة العالمية، بهدف ضمان استمرارية جدوى وفعالية مهامها المتصلة بتسوية المنازعات والتفاوض والرصد؛</p>
        </content>
      </paragraph>
      <paragraph eId="para_16" class="SingleTxt">
        <content eId="para_16__content">
          <p xml:space="preserve">	6 -	<span class="bold italic">تجدد التزامها بقوة</span> بالترويج للأخذ بنظام تجاري متعدد الأطراف يكون عالمي النطاق ومبنيا على القواعد ويتسم بالانفتاح والشفافية وقابلية التنبؤ والشمول والإنصاف وعدم التمييز في إطار منظمة التجارة العالمية، فضلا عن تحرير التجارة بصورة مجدية؛</p>
        </content>
      </paragraph>
      <paragraph eId="para_17" class="SingleTxt">
        <content eId="para_17__content">
          <p xml:space="preserve">	7 -	<span class="bold italic">تؤكد</span> الضرورة العاجلة لمكافحة النزعة الحمائية بكافة أشكالها، وتصحيح كل التدابير التي تفسد التجارة وتتعارض مع قواعد منظمة التجارة العالمية، مع الإقرار بحق البلدان، ولا سيما البلدان النامية، في الاستفادة بالكامل من أشكال المرونة بما يتوافق وتعهداتها والتـزاماتها في إطار منظمة التجارة العالمية، وتشدد أيضا على أن منظمة التجارة العالمية ستُبقي التنمية محورا لعملها، على أن تظل أحكام المعاملة الخاصة والتفضيلية جزءاً لا يتجزأ من اتفاقات المنظمة؛</p>
        </content>
      </paragraph>
      <paragraph eId="para_18" class="SingleTxt">
        <content eId="para_18__content">
          <p xml:space="preserve">	8 -	<span class="bold italic">تحث </span>المجتمع الدولي على اتخاذ تدابير عاجلة وفعالة للقضاء على استعمال التدابير الاقتصادية أو المالية أو التجارية الانفرادية التي لا تأذن بها الأجهزة المعنية التابعة للأمم المتحدة، والتي تتنافى مع مبادئ القانون الدولي أو ميثاق الأمم المتحدة أو التي تخالف المبادئ الأساسية للنظام التجاري المتعدد الأطراف والتي تؤثر بوجه خاص على البلدان النامية، دون الاقتصار عليها؛</p>
        </content>
      </paragraph>
      <paragraph eId="para_19" class="SingleTxt">
        <content eId="para_19__content">
          <p xml:space="preserve">	9 -	<span class="bold italic">تهيب </span>بجميع أعضاء منظمة التجارة العالمية أن تنجز على وجه السرعة المفاوضات المتعلقة بالإعانات المقدمة لمصائد الأسماك في عام 2019، بما يتفق مع القرار الصادر عن المؤتمر الوزاري الحادي عشر لمنظمة التجارة العالمية<sup>(</sup><authorialNote marker="6" placement="bottom" eId="authorialNote_6"><p xml:space="preserve">	()	WT/MIN (17)/64-WT/L/1031 المؤرخ 13 كانون الأول/ديسمبر 2017.</p></authorialNote><sup>)</sup> وبهدف تحقيق أهداف التنمية المستدامة؛</p>
        </content>
      </paragraph>
      <paragraph eId="para_20" class="SingleTxt">
        <content eId="para_20__content">
          <p xml:space="preserve">	10 -	<span class="bold italic">تشدد</span> على أهمية الاتفاق المتعلق بتيسير التجارة الملحق بالبروتوكول المعدل لاتفاق مراكش المنشئ لمنظمة التجارة العالمية في تحسين الشفافية، والتعجيل بنقل السلع والإفراج عنها وتخليصها، بما في ذلك السلع العابرة، والحد من ثم من تكاليف التجارة، وتشجع في هذا الصدد على تنفيذه بصورة كاملة وفعالة، بسبل منها تعزيز الدعم المقدم من أجل تنفيذه؛</p>
        </content>
      </paragraph>
      <paragraph eId="para_21" class="SingleTxt">
        <content eId="para_21__content">
          <p xml:space="preserve">	11 -	<span class="bold italic">تتطلع</span> إلى عقد الدورة الخامسة عشرة لمؤتمر الأمم المتحدة للتجارة والتنمية في بربادوس في الفترة من 18 إلى 23 تشرين الأول/أكتوبر 2020؛</p>
        </content>
      </paragraph>
      <paragraph eId="para_22" class="SingleTxt">
        <content eId="para_22__content">
          <p xml:space="preserve">	12 -	<span class="bold italic">ترحب</span> بانعقاد المؤتمر الوزاري الثاني عشر لمنظمة التجارة العالمية في نور سلطان في الفترة من 8 إلى 11 حزيران/يونيه 2020، وتتطلع إلى تحقيق نتائج إيجابية على نحو متوازن وشفاف وشامل للجميع، وتعرب عن تقديرها لحكومة كازاخستان لاستضافتها هذا الاجتماع؛</p>
        </content>
      </paragraph>
      <paragraph eId="para_23" class="SingleTxt">
        <content eId="para_23__content">
          <p xml:space="preserve">	13 -	<span class="bold italic">تكرر تأكيد</span> أهمية دور مؤتمر الأمم المتحدة للتجارة والتنمية بوصفه جهة التنسيق داخل منظومة الأمم المتحدة في ما يتعلق بالمعالجة المتكاملة لمسائل التجارة والتنمية والمسائل المترابطة في مجالات المالية والتكنولوجيا والاستثمار والتنمية المستدامة، وفي المساهمة في دعم تنفيذ خطة عام 2030؛</p>
        </content>
      </paragraph>
      <paragraph eId="para_24" class="SingleTxt">
        <content eId="para_24__content">
          <p xml:space="preserve">	14 -	<span class="bold italic">تؤكد من جديد</span> الالتزام الوارد في صميم خطة عام 2030 بعدم ترك أي أحد خلف الركب وبالالتزام باتخاذ مزيد من الخطوات الملموسة لدعم الأشخاص الذين يعيشون في أوضاع هشة والبلدان الأكثر ضعفا وللوصول أولا إلى أشد الناس تخلفا عن الركب؛</p>
        </content>
      </paragraph>
      <paragraph eId="para_25" class="SingleTxt">
        <content eId="para_25__content">
          <p xml:space="preserve">	15 -	<span class="bold italic">تطلب</span> إلى الأمين العام أن يقدم، بالتعاون مع أمانة مؤتمر الأمم المتحدة للتجارة والتنمية، تقريراً إلى الجمعية العامة في دورتها الخامسة والسبعين عن تنفيذ هذا القرار وعن التطورات في النظام التجاري الدولي، بما في ذلك توصيات ملموسة من أجل التعجيل بتنفيذ خطة عمل أديس أبابا في هذا الصدد، وتقرر أن تُدرج في جدول الأعمال المؤقت لدورتها الخامسة والسبعين، في إطار البند المعنون ”المسائل المتعلقة بسياسات الاقتصاد الكلي“، البند الفرعي المعنون ”التجارة الدولية والتنمية“.</p>
        </content>
      </paragraph>
    </mainBody>
    <conclusions eId="conclusions">
      <p>
        <inline name="adoptionMeeting" title="52">الجلسة العامة 52</inline>
        <eol />
        <docDate date="2019-12-19" refersTo="#adoptionDate">19 كانون الأول/ديسمبر 2019</docDate>
      </p>
    </conclusions>
  </statement>
</akomaNtoso>