<akomaNtoso xmlns:xsi="http://www.w3.org/2001/XMLSchema-instance" xsi:schemaLocation="http://docs.oasis-open.org/legaldocml/ns/akn/3.0 http://docs.oasis-open.org/legaldocml/akn-core/v1.0/os/part2-specs/schemas/akomantoso30.xsd" xmlns="http://docs.oasis-open.org/legaldocml/ns/akn/3.0" xmlns:html="http://www.w3.org/1999/xhtml" xmlns:akn4un="http://un.org/akn4un">
  <statement name="resolution">
    <meta>
      <identification source="#DGACM">
        <FRBRWork>
          <FRBRthis value="/akn/un/statement/deliberation/unga/2019-12-12/74-21/!main/"></FRBRthis>
          <FRBRuri value="/akn/un/statement/deliberation/unga/2019-12-12/74-21/"></FRBRuri>
          <FRBRdate date="2019-12-12" name="adoption"></FRBRdate>
          <FRBRauthor href="ga" as="author"></FRBRauthor>
          <FRBRcountry value="un"></FRBRcountry>
        </FRBRWork>
        <FRBRExpression>
          <FRBRthis value="/akn/un/statement/deliberation/unga/2019-12-12/74-21/ara@!main/"></FRBRthis>
          <FRBRuri value="/akn/un/statement/deliberation/unga/2019-12-12/74-21/ara@/"></FRBRuri>
          <FRBRdate date="2019-12-18" name="publication"></FRBRdate>
          <FRBRauthor href="ga" as="issuer"></FRBRauthor>
          <FRBRlanguage language="ara"></FRBRlanguage>
        </FRBRExpression>
        <FRBRManifestation>
          <FRBRthis value="/akn/un/statement/deliberation/unga/2019-12-12/74-21/ara@/!main.xml"></FRBRthis>
          <FRBRuri value="/akn/un/statement/deliberation/unga/2019-12-12/74-21/ara@.xml"></FRBRuri>
          <FRBRdate date="2020-09-01" name="markup"></FRBRdate>
          <FRBRauthor href="DGACM" as="editor"></FRBRauthor>
        </FRBRManifestation>
      </identification>      <classification source="http://metadata.un.org/sdg">
        <keyword value="16" href="http://metadata.un.org/sdg/16" showAs="sdg_16" dictionary="SDGO"></keyword>
        <keyword value="right_to_justice" href="http://eurovoc.europa.eu/516" showAs="right_to_justice" dictionary="EuroVoc"></keyword>
        <keyword value="sustainable_development" href="http://eurovoc.europa.eu/5585" showAs="sustainable_development" dictionary="EuroVoc"></keyword>
        <keyword value="civil_society" href="http://metadata.un.org/thesaurus/1001012" showAs="civil_society" dictionary="UNBIS Thesaurus"></keyword>
        <keyword value="justice" href="http://metadata.un.org/thesaurus/1003500" showAs="justice" dictionary="UNBIS Thesaurus"></keyword>
        <keyword value="peaceful_coexistence" href="http://metadata.un.org/thesaurus/1004777" showAs="peaceful_coexistence" dictionary="UNBIS Thesaurus"></keyword>
        <keyword value="public_institutions" href="http://metadata.un.org/thesaurus/1005254" showAs="public_institutions" dictionary="UNBIS Thesaurus"></keyword>
        <keyword value="social_justice" href="http://metadata.un.org/thesaurus/1005970" showAs="social_justice" dictionary="UNBIS Thesaurus"></keyword>
        <keyword value="sustainable_development" href="http://metadata.un.org/thesaurus/1006319" showAs="sustainable_development" dictionary="UNBIS Thesaurus"></keyword>
      </classification>
      <classification source="http://metadata.un.org/sdg">
        <keyword value="17" href="http://metadata.un.org/sdg/17" showAs="sdg_17" dictionary="SDGO"></keyword>
        <keyword value="sustainable_development" href="http://eurovoc.europa.eu/5585" showAs="sustainable_development" dictionary="EuroVoc"></keyword>
        <keyword value="partnership" href="http://eurovoc.europa.eu/4199" showAs="partnership" dictionary="EuroVoc"></keyword>
        <keyword value="sustainable_development" href="http://metadata.un.org/thesaurus/1006319" showAs="sustainable_development" dictionary="UNBIS Thesaurus"></keyword>
        <keyword value="partnership" href="http://metadata.un.org/thesaurus/1004748" showAs="partnership" dictionary="UNBIS Thesaurus"></keyword>
      </classification>
      <classification source="http://metadata.un.org/sdg">
        <keyword value="5" href="http://metadata.un.org/sdg/5" showAs="sdg_5" dictionary="SDGO"></keyword>
        <keyword value="gender_equality" href="http://eurovoc.europa.eu/3913" showAs="gender_equality" dictionary="EuroVoc"></keyword>
        <keyword value="participation_of_women" href="http://eurovoc.europa.eu/2265" showAs="participation_of_women" dictionary="EuroVoc"></keyword>
        <keyword value="women&amp;#39;s_rights" href="http://eurovoc.europa.eu/585" showAs="women&amp;#39;s_rights" dictionary="EuroVoc"></keyword>
        <keyword value="position_of_women" href="http://eurovoc.europa.eu/81" showAs="position_of_women" dictionary="EuroVoc"></keyword>
        <keyword value="women" href="http://metadata.un.org/thesaurus/1007029" showAs="women" dictionary="UNBIS Thesaurus"></keyword>
        <keyword value="gender_equality" href="http://metadata.un.org/thesaurus/1002612" showAs="gender_equality" dictionary="UNBIS Thesaurus"></keyword>
        <keyword value="girls" href="http://metadata.un.org/thesaurus/1002684" showAs="girls" dictionary="UNBIS Thesaurus"></keyword>
      </classification>
      <workflow source="#un">
        <step date="2019-12-02" outcome="draftResolution" as="A/74/L.23" by="Armenia, Bangladesh, Bhutan, China, Costa Rica, Dominican Republic, Equatorial Guinea, India, Malaysia, Mexico, Mongolia, Paraguay, Russian Federation, Saudi Arabia, Singapore and Sri Lanka" />
        <step date="0001-01-01" outcome="draftResolutionAdditionalSponsors" by="Albania, Algeria, Antigua and Barbuda, Argentina, Austria, Azerbaijan, Bahrain, Belarus, Belize, Benin, Bolivia (Plurinational State of), Bosnia and Herzegovina, Brunei Darussalam, Bulgaria, Burkina Faso, Cabo Verde, Cameroon, Canada, Central African Republic, Chad, Chile, Colombia, Comoros, Congo, Côte d'Ivoire, Djibouti, Ecuador, Egypt, El Salvador, Eritrea, Ethiopia, Finland, Gabon, Gambia, Ghana, Greece, Guatemala, Guinea, Guinea-Bissau, Guyana, Haiti, Honduras, Hungary, Iraq, Ireland, Italy, Japan, Jordan, Kazakhstan, Kenya, Kiribati, Kuwait, Lao People's Democratic Republic, Latvia, Lebanon, Libya, Lithuania, Luxembourg, Madagascar, Maldives, Malta, Mauritania, Mauritius, Montenegro, Morocco, Mozambique, Namibia, Nepal, Nicaragua, Nigeria, Norway, Pakistan, Palau, Panama, Papua New Guinea, Peru, Philippines, Poland, Portugal, Qatar, Republic of Korea, Saint Lucia, Saint Vincent and the Grenadines, Samoa, Sao Tome and Principe, Senegal, Serbia, Seychelles, Sierra Leone, Solomon Islands, Somalia, Spain, Sudan, Suriname, Syrian Arab Republic, Tajikistan, Thailand, Timor-Leste, Togo, Tunisia, Turkmenistan, Tuvalu, United Arab Emirates, Uruguay, Uzbekistan, Venezuela (Bolivarian Republic of), Viet Nam, Yemen, Zambia and Zimbabwe" />
        <step date="0001-01-01" outcome="recommendedForAdoption" by="" />
        <step date="2019-12-12" outcome="adopted" as="A/74/PV.45" by="" />
      </workflow>
      <analysis source="#un">
        <parliamentary>
          <voting outcome="adoptedWithoutVote">
            <quorum value=""></quorum>
          </voting>
        </parliamentary>
      </analysis>
      <references source="#DGACM">
        <TLCOrganization eId="source" href="/akn/ontology/organization/un/DGACM" showAs="DGACM"></TLCOrganization>
        <TLCConcept eId="dateOfIssuance" href="/akn/ontology/concept/un/dateOfIssuance" showAs="Date of issuance"></TLCConcept>
        <TLCConcept eId="dateOfAdoption" href="/akn/ontology/concept/un/dateOfAdoption" showAs="Date of adoption"></TLCConcept>
        <TLCConcept eId="symbol" href="/akn/ontology/reference/un/symbol" showAs="Symbol"></TLCConcept>
        <TLCRole eId="publisher" href="/akn/ontology/role/un/publisher" showAs="Publisher"></TLCRole>
        <TLCRole eId="issuingBody" href="/akn/role/concept/un/issuingBody" showAs="Issuing body"></TLCRole>
        <TLCRole eId="author" href="/akn/ontology/role/un/author" showAs="Author"></TLCRole>
        <TLCRole eId="editor" href="/akn/ontology/role/un/editor" showAs="Editor"></TLCRole>
        <TLCRole eId="distribution" href="/akn/ontology/concept/un/generalDistribution" showAs="General distribution"></TLCRole>
        <TLCOrganization eId="ga" href="/akn/ontology/organization/un/generalAssembly" showAs="General Assembly"></TLCOrganization>
        <TLCTerm eId="resolutionTitle" href="/akn/ontology/reference/un/resolutionTitle" showAs="Resolution title"></TLCTerm>
        <TLCTerm eId="noMainCommittee" href="#noMainCommittee" showAs="دون الإحالة إلى لجنة رئيسية"></TLCTerm>
        <TLCTerm eId="memberState" href="/akn/ontology/organization/un/memberState" showAs="Member State"></TLCTerm>
        <TLCTerm eId="inFavour" href="/akn/ontology/concept/un/voting/inFavour" showAs="In favour"></TLCTerm>
        <TLCTerm eId="against" href="/akn/ontology/concept/un/voting/against" showAs="Against"></TLCTerm>
        <TLCTerm eId="abstaining" href="/akn/ontology/concept/un/voting/abstaining" showAs="Abstaining"></TLCTerm>
      </references>
      <presentation source="#un">
        <akn4un:footerFirstPage>
          <akn4un:footerFirstPageLeft>
            <akn4un:internalCode>
              <docketNumber refersTo="#publicationJobNumber"></docketNumber>
              <img alt="bar code" class="barCode" src=""></img>
            </akn4un:internalCode>
          </akn4un:footerFirstPageLeft>
          <akn4un:footerFirstPageRight>
            <img alt="Please recycle" class="image" src="./recylcleLogo.jpg"></img>
            <img alt="embedded QR code" class="qrCode" src=""></img>
          </akn4un:footerFirstPageRight>
        </akn4un:footerFirstPage>
      </presentation>
    </meta>
    <coverPage eId="coverPage_1">
      <p>
        <span refersTo="#publisher" class="upperLeft">
          <docAuthority refersTo="#publisher">الأمــم المتحـدة</docAuthority>
        </span>
      </p>
      <p class="upperRight">
        <docNumber refersTo="#symbol">A/RES/74/21</docNumber>
      </p>
      <p class="upperLeft">
        <img src="logo-un.jpg"></img>
        <docAuthority refersTo="#issuingBody" class="rightBig">الجمعية العامة</docAuthority>
      </p>
      <p>
        <docStatus refersTo="#generalDistribution" class="rightSmall">Distr.: General</docStatus>
      </p>
      <p>
        <docDate date="2019-12-18" class="rightSmall" refersTo="#dateOfIssuance">18 December 2019</docDate>
      </p>
      <p>
        <session refersTo="#generalAssembly" value="74" eId="coverPage_1__session_1">الدورة الرابعة والسبعون</session>
      </p>
      <p>
        <inline name="agenda item">البند 15 من جدول الأعمال</inline>
      </p>
      <p>
        <inline name="agenda item name">ثقافة السلام</inline>
      </p>
      <p>
        <docTitle>قرار اتخذته الجمعية العامة في 12 كانون الأول/ديسمبر 2019</docTitle>
      </p>
      <p xml:space="preserve">
        <docProponent refersTo="#noMainCommittee">[دون الإحالة إلى لجنة رئيسية (<inline name="originating document">A/74/L.23 و A/74/L.23/Add.1</inline>)]</docProponent>
      </p>
    </coverPage>
    <preface>
      <p>
        <docNumber>74/21.</docNumber>
        <docTitle refersTo="#resolutionTitle">-	متابعة تنفيذ الإعلان وبرنامج العمل المتعلقين بثقافة السلام</docTitle>
      </p>
    </preface>
    <preamble>
      <formula name="enactingFormula" eId="formula_1">
        <p xml:space="preserve">
          <span class="italic">إن الجمعية العامة</span>،</p>
      </formula>
      <container name="إذ تضع في اعتبارها" eId="container_2">
        <p xml:space="preserve">
          <span class="italic">إذ تضع في اعتبارها</span> ميثاق الأمم المتحدة وما يتضمنه من مقاصد ومبادئ، وبخاصة التصميم على إنقاذ الأجيال المقبلة من ويلات الحرب،</p>
      </container>
      <container name="وإذ تشير" eId="container_3">
        <p xml:space="preserve">
          <span class="italic">وإذ تشير</span> إلى الميثاق التأسيسي لمنظمة الأمم المتحدة للتربية والعلم والثقافة الذي جاء فيه أنه ”لما كانت الحروب تتولد في عقول البشر، ففي عقولهم يجب أن تبنى حصون السلام“،</p>
      </container>
      <container name="وإذ تسلم" eId="container_4">
          <p xml:space="preserve">
            <span class="italic">وإذ تسلم</span> بأهمية الإعلان<sup>(</sup><authorialNote marker="1" placement="bottom" eId="authorialNote_1"><p xml:space="preserve">	()	القرار <a href="https://undocs.org/ar/A/RES/53/243">53/243</a> ألف.</p></authorialNote><sup>)</sup> وبرنامج العمل<sup>(</sup><authorialNote marker="2" placement="bottom" eId="authorialNote_2"><p xml:space="preserve">	()	القرار <a href="https://undocs.org/ar/A/RES/53/243">53/243</a> باء.</p></authorialNote><sup>)</sup> المتعلقين بثقافة السلام اللذين اعتمدتهما الجمعية العامة في 13 أيلول/سبتمبر 1999، واللذين يمثلان تكليفاً من العالم للمجتمع الدولي، وبخاصة منظومة الأمم المتحدة، بالترويج لثقافة قوامها السلام واللاعنف تعود بالنفع على البشرية، وبخاصة الأجيال المقبلة،</p>
      </container>
      <container name="وإذ تشير" eId="container_5">
        <p xml:space="preserve">
          <span class="italic">وإذ تشير</span> إلى قراراتها السابقة المتعلقة بثقافة السلام، ولا سيما القرار <a href="https://undocs.org/ar/A/RES/52/15">52/15</a> المؤرخ 20 تشرين الثاني/نوفمبر 1997 الذي أعلنت فيه سنة 2000 سنة دولية لثقافة السلام والقرار <a href="https://undocs.org/ar/A/RES/53/25">53/25</a> المؤرخ 10 تشرين الثاني/نوفمــبر 1998 الذي أعلنت فيه الفترة 2001-2010 عقدا دوليا لثقافة السلام واللاعنف من أجل أطفال العالم، والقرارات <a href="https://undocs.org/ar/A/RES/56/5">56/5</a> المؤرخ 5 تشرين الثاني/نوفمبر 2001 و <a href="https://undocs.org/ar/A/RES/57/6">57/6</a> المؤرخ 4 تشرين الثاني/نوفمبر 2002 و <a href="https://undocs.org/ar/A/RES/58/11">58/11</a> المؤرخ 10 تشرين الثاني/نوفمبر 2003 و <a href="https://undocs.org/ar/A/RES/59/143">59/143</a> المؤرخ 15 كانون الأول/ديسمبر 2004 و <a href="https://undocs.org/ar/A/RES/60/3">60/3</a> المؤرخ 20 تشرين الأول/أكتوبر 2005 و <a href="https://undocs.org/ar/A/RES/61/45">61/45</a> المؤرخ 4 كانون الأول/ديسمبر 2006 و <a href="https://undocs.org/ar/A/RES/62/89">62/89</a> المؤرخ 17 كانون الأول/ديسمبر 2007 و <a href="https://undocs.org/ar/A/RES/63/113">63/113</a> المؤرخ 5 كانون الأول/ديسمبر 2008 و <a href="https://undocs.org/ar/A/RES/64/80">64/80</a> المؤرخ 7 كانون الأول/ديسمبر 2009 و <a href="https://undocs.org/ar/A/RES/65/11">65/11</a> المؤرخ 23 تشرين الثاني/نوفمبر 2010 و <a href="https://undocs.org/ar/A/RES/66/116">66/116</a> المؤرخ 12 كانون الأول/ديسمبر 2011 و <a href="https://undocs.org/ar/A/RES/67/106">67/106</a> المؤرخ 17 كانون الأول/ديسمبر 2012 و <a href="https://undocs.org/ar/A/RES/68/125">68/125</a> المؤرخ 18 كانون الأول/ديسمبر 2013 و <a href="https://undocs.org/ar/A/RES/69/139">69/139</a> المؤرخ 15 كانون الأول/ديسمبر 2014 و <a href="https://undocs.org/ar/A/RES/70/20">70/20</a> المؤرخ 3 كانون الأول/ديسمبر 2015 و <a href="https://undocs.org/ar/A/RES/71/252">71/252</a> المؤرخ 23 كانون الأول/ديسمبر 2016 و <a href="https://undocs.org/ar/A/RES/72/137">72/137</a> المؤرخ 11 كانون الأول/ديسمبر 2017 و <a href="https://undocs.org/ar/A/RES/73/126">73/126</a> المؤرخ 12 كانون الأول/ديسمبر 2018 التي اتخذت في إطار بند جدول الأعمال المعنون ”ثقافة السلام“،</p>
      </container>
      <container name=" إلى " eId="container_6">
        <p xml:space="preserve">
          <span class="italic">	وإذ تشير أيضا</span>
          <span class="bold"> إلى </span>إعلان الأمم المتحدة للألفية<sup>(</sup><authorialNote marker="3" placement="bottom" eId="authorialNote_3"><p xml:space="preserve">	()	القرار <a href="https://undocs.org/ar/A/RES/55/2">55/2</a>.</p></authorialNote><sup>)</sup> الذي يدعو إلى الترويج على نحو فعال لثقافة السلام،</p>
      </container>
      <container name=" تأكيد" eId="container_7">
        <p xml:space="preserve">
          <span class="italic">وإذ تعيد</span>
          <span class="bold italic"> تأكيد</span> قرارها <a href="https://undocs.org/ar/A/RES/70/1">70/1</a> المؤرخ 25 أيلول/سبتمبر 2015، المعنون ”تحويل عالمنا: خطة التنمية المستدامة لعام 2030“،</p>
      </container>
      <container name="إلى قراريها " eId="container_8">
        <p xml:space="preserve">
          <span class="italic">	وإذ تشير </span>
          <span class="bold">إلى قراريها </span>
          <span class="bold">
            <a href="https://undocs.org/ar/A/RES/70/262">70/262</a>
          </span>
          <span class="bold"> المؤرخ 27 نيسان/أبريل 2016 بشأن استعراض هيكل الأمم المتحدة لبناء السلام و </span>
          <span class="bold">
            <a href="https://undocs.org/ar/A/RES/72/276">72/276</a>
          </span>
          <span class="bold"> المؤرخ 26 نيسان/أبريل 2018 بشأن متابعة تقرير الأمين العام عن بناء السلام والحفاظ على السلام،</span>
        </p>
      </container>
      <container name="وإذ تشير أيضا" eId="container_9">
        <p xml:space="preserve">
          <span class="italic">وإذ تشير أيضا</span> إلى قراراتها <a href="https://undocs.org/ar/A/RES/72/241">72/241</a> المؤرخ 20 كانون الأول/ديسمبر 2017 بشأن إيجاد عالم ينبذ العنف والتطرف العنيف، و <a href="https://undocs.org/ar/A/RES/72/284">72/284</a> المؤرخ 26 حزيران/يونيه 2018 بشأن استعراض استراتيجية الأمم المتحدة العالمية لمكافحة الإرهاب، و <a href="https://undocs.org/ar/A/RES/70/254">70/254</a> المؤرخ 12 شباط/فبراير 2016 بشأن خطة عمل الأمين العام لمنع التطرف العنيف، وإذ تلاحظ إنشاء مكتب الأمم المتحدة لمكافحة الإرهاب بموجب القرار <a href="https://undocs.org/ar/A/RES/71/291">71/291</a> المؤرخ 15 حزيران/يونيه 2017،</p>
      </container>
      <container name="وإذ تحيط علما" eId="container_10">
        <p xml:space="preserve">
          <span class="italic">وإذ تحيط علما</span> بالوثيقة الختامية لمؤتمر القمة العالمي لعام 2005 التي اعتمدت في الاجتماع العام الرفيع المستوى للجمعية العامة<sup>(</sup><authorialNote marker="4" placement="bottom" eId="authorialNote_4"><p xml:space="preserve">	()	القرار <a href="https://undocs.org/ar/A/RES/60/1">60/1</a>.</p></authorialNote><sup>)</sup>،</p>
      </container>
      <container name="وإذ ترحب" eId="container_11">
        <p xml:space="preserve">
          <span class="italic">وإذ ترحب</span> بالاحتفال بيوم 10 كانون الأول/ديسمبر باعتباره يوم حقوق الإنسان<sup>(</sup><authorialNote marker="5" placement="bottom" eId="authorialNote_5"><p xml:space="preserve">	()	القرار 423 (د-5).</p></authorialNote><sup>)</sup>، وبيوم 9 كانون الأول/ديسمبر باعتباره اليوم الدولي لإحياء ذكرى ضحايا جريمة الإبادة الجماعية وتكريمهم ومنع هذه الجريمة<sup>(</sup><authorialNote marker="6" placement="bottom" eId="authorialNote_6"><p xml:space="preserve">	()	القرار <a href="https://undocs.org/ar/A/RES/69/323">69/323</a>.</p></authorialNote><sup>)</sup>، وبيوم 2 تشرين الأول/أكتوبر باعتباره اليوم الدولي لنبذ العنف<sup>(</sup><authorialNote marker="7" placement="bottom" eId="authorialNote_7"><p xml:space="preserve">	()	القرار <a href="https://undocs.org/ar/A/RES/61/271">61/271</a>.</p></authorialNote><sup>)</sup>، وفق ما أعلنته الأمم المتحدة،</p>
      </container>
      <container name="وإذ تسلم " eId="container_12">
          <p xml:space="preserve">
            <span class="italic">وإذ تسلم</span> بأن جميع الجهود التي تبذلها منظومة الأمم المتحدة بصفة عامة والمجتمع الدولي برمته من أجل منع نشوب النزاعات وتسوية المنازعات بالوسائل السلمية وحفظ السلام وبناء السلام والوساطة ونـزع السلاح والتنمية المستدامة وتعزيز كرامة الإنسان وحقوق الإنسان والإدماج الاجتماعي وإرساء الديمقراطية وسيادة القانون والحكم الرشيد والمساواة بين الجنسين، على الصعيدين الوطني والدولي، تسهم إلى حد كبير في تعزيز ثقافة السلام،</p>
      </container>
      <container name="وإذ تسلم أيضا " eId="container_13">
          <p xml:space="preserve">
            <span class="italic">وإذ تسلم أيضا </span>بأنه ينبغي مراعاة الترويج لثقافة السلام في الجهود المبذولة لبناء السلام والحفاظ عليه والعكس صحيح،</p>
      </container>
        <container name="وإذ تسلم كذلك" eId="container_14">
          <p xml:space="preserve">
            <span class="italic">وإذ تسلم كذلك</span> بأهمية احترام وتفهم التنوع الديني والثقافي في جميع أرجاء العالم وتغليب الحوار والتفاوض على المواجهة والعمل سويا بدلا من التصادم،</p>
        </container>
      <container name="وإذ تحيط علما" eId="container_15">
        <p xml:space="preserve">
          <span class="italic">وإذ تحيط علما</span> بتقرير الأمين العام<sup>(</sup><authorialNote marker="8" placement="bottom" eId="authorialNote_8"><p xml:space="preserve">	()	<a href="https://undocs.org/ar/A/74/476">A/74/476</a>.</p></authorialNote><sup>)</sup>، الذي يقدم لمحة عامة عن الأنشطة التي اضطلعت بها كيانات الأمم المتحدة الرئيسية التي تعمل في مجال ثقافة السلام، وكذلك في مجالات الحوار والتفاهم والتعاون بين الأديان والثقافات من أجل إرساء السلام، منذ اتخاذ الجمعية العامة قراريها <a href="https://undocs.org/ar/A/RES/73/126">73/126</a> و <a href="https://undocs.org/ar/A/RES/73/129">73/129</a> المؤرخين 12 كانون الأول/ديسمبر 2018،</p>
      </container>
      <container name="وإذ تشير" eId="container_16">
        <p xml:space="preserve">
          <span class="italic">وإذ تشير</span> إلى إعلان منظمة الأمم المتحدة للتربية والعلم والثقافة يوم 21 شباط/فبراير يوما دوليا للغة الأم ابتغاء حماية وتعزيز وصون التنوع اللغوي والثقافي وتعدد اللغات بما ينمي ويثري ثقافة قوامها السلام والوئام الاجتماعي والحوار والتفاهم بين الثقافات،</p>
      </container>
      <container name="وإذ تشير أيضا" eId="container_17">
        <p xml:space="preserve">
          <span class="italic">وإذ تشير أيضا</span> إلى إعلان منظمة الأمم المتحدة للتربية والعلم والثقافة يوم 30 نيسان/أبريل يوما دوليا لموسيقى الجاز بهدف تطوير وزيادة التبادل الثقافي والتفاهم بين الثقافات تحقيقا للتفاهم والتسامح وتعزيزا لثقافة السلام،</p>
      </container>
      <container name="وإذ ترحب" eId="container_18">
        <p xml:space="preserve">
          <span class="italic">وإذ ترحب</span> بالجهود التي يبذلها المجتمع الدولي لتعزيز التفاهم من خلال الحوار البناء بين الحضارات، ولا سيما من خلال مختلف المبادرات المتخذة على المستويات المحلي والوطني والإقليمي والدولي،</p>
      </container>
      <container name="وإذ تعرب عن تقديرها" eId="container_19">
        <p xml:space="preserve">
          <span class="italic">وإذ تعرب عن تقديرها</span> للجهود المتواصلة التي ما برح تحالف الأمم المتحدة للحضارات يبذلها للترويج لثقافة السلام من خلال عدد من المشاريع العملية في المجالات المتعلقة بالشباب والتثقيف ووسائط الإعلام والهجرة، بالتعاون مع الحكومات والمنظمات الدولية والمؤسسات وفئات المجتمع المدني ووسائط الإعلام والقطاع الخاص،</p>
      </container>
      <container name="&#x9;وإذ تحيط علما " eId="container_20">
        <p xml:space="preserve">
          <span class="italic">	وإذ تحيط علما </span>بالمنتدى الثامن لتحالف الأمم المتحدة للحضارات الذي عُقد في مقر الأمم المتحدة في 19 و 20 تشرين الثاني/نوفمبر 2018 حول موضوع ”# الالتزام بالحوار: إقامة الشراكات لمنع نشوب النزاعات والحفاظ على السلام“،</p>
      </container>
      <container name=" أيضا" eId="container_21">
        <p xml:space="preserve">
          <span class="italic">وإذ تحيط علما</span>
          <span class="bold italic"> أيضا</span> باجتماع فريق أصدقاء تحالف الأمم المتحدة للحضارات الذي عقد في مقر الأمم المتحدة في 27 أيلول/سبتمبر 2019 على مستوى وزراء الخارجية ورؤساء المنظمات الدولية حول موضوع ”أهمية عمل تحالف الأمم المتحدة للحضارات لخطة الأمم المتحدة لمنع نشوب النزاعات وأثرها على أرض الواقع“،</p>
      </container>
      <container name="بنجاح المنتدى الرفيع المستوى للجمعية العامة بشأن ثقافة السلام الذي عقد في 13 أيلول/سبتمبر 2019، بدعوة من رئيس الجمعية العامة، بمناسبة الذكرى السنوية العشرين لاعتماد الإعلان وبرنامج العمل، والذي شددت فيه الدول الأعضاء على الشراكة الواسعة النطاق والتعاون الشامل بين الدول الأعضاء والمنظمات الدولية والمجتمع المدني من أجل تنفيذ الإعلان وبرنامج العمل، وإذ تحيط علما مع التقدير بالموجز الذي أعده الرئيس عن الاجتماع حول موضوع ”ثقافة السلام: تمكين البشرية وتغييرها“،" eId="container_22">
        <p xml:space="preserve">
          <span class="italic">	وإذ ترحب </span>
          <span class="bold">بنجاح المنتدى الرفيع المستوى للجمعية العامة بشأن ثقافة السلام الذي عقد في 13 أيلول/سبتمبر 2019، بدعوة من رئيس الجمعية العامة، بمناسبة الذكرى السنوية العشرين لاعتماد الإعلان وبرنامج العمل، والذي شددت فيه الدول الأعضاء على الشراكة الواسعة النطاق والتعاون الشامل بين الدول الأعضاء والمنظمات الدولية والمجتمع المدني من أجل تنفيذ الإعلان وبرنامج العمل، وإذ تحيط علما مع التقدير بالموجز الذي أعده الرئيس عن الاجتماع حول موضوع ”ثقافة السلام: تمكين البشرية وتغييرها“،</span>
        </p>
      </container>
      <container name="أن الإعلان وبرنامج العمل المتعلقين بثقافة السلام ما زالا في جميع ركائز الأمم المتحدة الثلاث المترابطة والمتعاضدة يكتسيان أهمية في التصدي للتحديات العالمية المعاصرة،" eId="container_23">
        <p xml:space="preserve">
          <span class="italic">وإذ تلاحظ مع التقدير </span>
          <span class="bold">أن الإعلان وبرنامج العمل المتعلقين بثقافة السلام ما زالا في جميع ركائز الأمم المتحدة الثلاث المترابطة والمتعاضدة يكتسيان أهمية في التصدي للتحديات العالمية المعاصرة،</span>
        </p>
      </container>
      <container name="بالاجتماع العام الرفيع المستوى للجمعية العامة، المعروف باسم مؤتمر قمة نلسون مانديلا للسلام، الذي عقدته رئيسة الجمعية العامة في 24 أيلول/سبتمبر 2018، واعتماد إعلانه السياسي" eId="container_24">
        <p xml:space="preserve">
          <span class="italic">	وإذ ترحب </span>
          <span class="bold">بالاجتماع العام الرفيع المستوى للجمعية العامة، المعروف باسم مؤتمر قمة نلسون مانديلا للسلام، الذي عقدته رئيسة الجمعية العامة في 24 أيلول/سبتمبر 2018، واعتماد إعلانه السياسي</span>
          <span class="bold">
            <sup>(</sup>
          </span>
          <authorialNote marker="9" placement="bottom" eId="authorialNote_9">
            <p xml:space="preserve">	()	القرار <a href="https://undocs.org/ar/A/RES/73/1">73/1</a>.</p>
          </authorialNote>
          <span class="bold">
            <sup>)</sup>
          </span>
          <span class="bold">،</span>
        </p>
      </container>
      <container name="وإذ تعترف" eId="container_25">
        <p xml:space="preserve">
          <span class="italic">وإذ تعترف</span> بدور النساء والشباب، وكذلك بإسهام الأطفال وكبار السن، في تعزيز ثقافة قوامها السلام، ولا سيما بأهمية زيادة مشاركة المرأة في منع نشوب النزاعات وحلها وفي الأنشطة التي تعزز ثقافة السلام، بما في ذلك في حالات ما بعد النزاع،</p>
      </container>
      <container name="إلى أهمية الإسهام الإيجابي للشباب في الجهود المبذولة لمكافحة الإرهاب ومنع التطرف العنيف المفضي إلى الإرهاب وكذلك من أجل تعزيز السلام والأمن،" eId="container_26">
        <p xml:space="preserve">
          <span class="italic">	وإذ تشير </span>
          <span class="bold">إلى أهمية الإسهام الإيجابي للشباب في الجهود المبذولة لمكافحة الإرهاب ومنع التطرف العنيف المفضي إلى الإرهاب وكذلك من أجل تعزيز السلام والأمن،</span>
        </p>
      </container>
      <container name="وإذ ترحب" eId="container_27">
        <p xml:space="preserve">
          <span class="italic">وإذ ترحب</span> باعتماد المؤتمر العام لمنظمة الأمم المتحدة للتربية والعلم والثقافة في دورته السادسة والثلاثين برنامج عمل من أجل ثقافة السلام واللاعنف، وإذ تلاحظ أن أهداف برنامج العمل تتسق مع الإعلان وبرنامج العمل المتعلقين بثقافة السلام اللذين اعتمدتهما الجمعية العامة،</p>
      </container>
      <container name="وإذ تنوه" eId="container_28">
        <p xml:space="preserve">
          <span class="bold italic">وإذ تنوه</span> بأنشطة منظمة الأمم المتحدة للتربية والعلم والثقافة المتصلة بترسيخ ثقافة السلام واللاعنف وتركيزها على اتخاذ إجراءات محددة على الصعد العالمي والإقليمي ودون الإقليمي، وإذ تلاحظ الدعم الذي تقدمه إلى الدول الأعضاء، بناء على طلبها، في الترويج لثقافة السلام على الصعيد الوطني،</p>
      </container>
      <container name="وإذ تنوه" eId="container_29">
        <p xml:space="preserve">
          <span class="italic">وإذ تنوه</span> بالمبادرات التي اتخذها المجتمع المدني، بالتعاون مع الحكومات، لتعزيز القدرات المدنية المتعلقة بتعزيز السلامة البدنية للفئات الضعيفة من السكان المعرضة لخطر العنف وبالعمل على تسوية المنازعات بالوسائل السلمية،</p>
      </container>
      <container name="وإذ تشجع" eId="container_30">
        <p xml:space="preserve">
          <span class="italic">وإذ تشجع</span> على مواصلة وزيادة الجهود والأنشطة التي تضطلع بها منظمات المجتمع المدني في جميع أرجاء العالم تشجيعا لثقافة قوامها السلام على النحو المتوخى في الإعلان وبرنامج العمل،</p>
      </container>
    </preamble>
    <mainBody>
      <paragraph eId="para_31" class="SingleTxt">
        <content eId="para_31__content">
          <p xml:space="preserve">	1 -	<span class="italic">تكرر تأكيد</span> أن الهدف من التنفيذ الفعال لبرنامج العمل المتعلق بثقافة السلام<sup>(2)</sup> هو زيادة تعزيز الحركـة العالمية من أجل ثقافة السلام عقب الاحتفال بالعقد الدولي لثقافة السلام واللاعنف من أجل أطفال العالم، 2001-2010، وتهيب بجميع الأطراف المعنية الاهتمام مجددا بهذا الهدف؛</p>
        </content>
      </paragraph>
      <paragraph eId="para_32" class="SingleTxt">
        <content eId="para_32__content">
          <p xml:space="preserve">	2 -	<span class="italic">ترحب</span> بإدراج الترويج لثقافة السلام في خطة التنمية المستدامة لعام 2030<sup>(</sup><authorialNote marker="10" placement="bottom" eId="authorialNote_10"><p xml:space="preserve">	()	القرار <a href="https://undocs.org/ar/A/RES/70/1">70/1</a>.</p></authorialNote><sup>)</sup>؛</p>
        </content>
      </paragraph>
      <paragraph eId="para_33" class="SingleTxt">
        <content eId="para_33__content">
          <p xml:space="preserve">	3 -	<span class="italic">تدعو</span> الدول الأعضاء إلى مواصلة إيلاء مزيد من الاهتمام لأنشطتها الرامية إلى الترويج لثقافة السلام وإلى توسيع نطاق هذه الأنشطة على الصعد الوطني والإقليمي والدولي وإلى ضمان تعزيز السلام واللاعنف على جميع المستويات؛</p>
        </content>
      </paragraph>
      <paragraph eId="para_34" class="SingleTxt">
        <content eId="para_34__content">
          <p xml:space="preserve">	4 -	<span class="italic">تدعو</span> كيانات منظومة الأمم المتحدة إلى القيام، حسب الاقتضاء وفي إطار ولاياتها القائمة، بدمج مجالات العمل الثمانية لبرنامج العمل في برامج أنشطتها، مع التركيز على النهوض بثقافة السلام واللاعنف على الصعد الوطني والإقليمي والدولي؛</p>
        </content>
      </paragraph>
      <paragraph eId="para_35" class="SingleTxt">
        <content eId="para_35__content">
          <p xml:space="preserve">	5 -	<span class="italic">تثني</span> على منظمة الأمم المتحدة للتربية والعلم والثقافة لتعزيزها الجهود الرامية إلى حشد جميع الجهات صاحبة المصلحة، سواء داخل منظومة الأمم المتحدة أو خارجها، دعما لثقافة السلام، وتدعو المنظمة إلى مواصلة تعزيز جهود الاتصال والتوعية، بما في ذلك من خلال الموقع الشبكي الخاص بثقافة السلام؛ </p>
        </content>
      </paragraph>
      <paragraph eId="para_36" class="SingleTxt">
        <content eId="para_36__content">
          <p xml:space="preserve">	6 -	<span class="italic">تثني</span> على هيئات الأمم المتحدة ذات الصلة، بما في ذلك منظمة الأمم المتحدة للطفولة وهيئة الأمم المتحدة للمساواة بين الجنسين وتمكين المرأة (هيئة الأمم المتحدة للمرأة) وجامعة السلام، للمبادرات والإجراءات العملية التي اتخذتها والأنشطة التي اضطلعت بها للترويج بقدر أكبر لثقافة قوامها السلام واللاعنف، ولا سيما تشجيع التثقيف في مجال السلام والأنشطة المتصلة بمجالات معينة حددت في برنامج العمل، وتشجعها على مواصلة جهودها وزيادة تعزيزها وتوسيع نطاقها؛</p>
        </content>
      </paragraph>
      <paragraph eId="para_37" class="SingleTxt">
        <content eId="para_37__content">
          <p xml:space="preserve">	7 -<span class="italic">	تؤكد </span>أن التنشئة في مرحلة الطفولة المبكرة تسهم في إقامة مجتمعات أكثر سلمية من خلال النهوض بالمساواة والتسامح والتنمية البشرية وتعزيز حقوق الإنسان، وتدعو إلى الاستثمار في التعليم في مرحلة الطفولة المبكرة، بما في ذلك من خلال السياسات والممارسات الفعّالة، من أجل الترويج لثقافة السلام؛</p>
        </content>
      </paragraph>
      <paragraph eId="para_38" class="SingleTxt">
        <content eId="para_38__content">
          <p xml:space="preserve">	8 -<span class="bold italic">	تشجع</span> الدول الأعضاء وكيانات الأمم المتحدة والمنظمات الإقليمية ودون الإقليمية والجهات الفاعلة ذات الصلة على أن تنظر في إنشاء آليات لإشراك الشباب في الترويج لثقافة السلام والتسامح والحوار بين الثقافات وبين الأديان، وأن تعمل، حسب الاقتضاء، على بلورة فهم لاحترام كرامة الإنسان والتعددية والتنوع، بسبل منها، حسب الاقتضاء، برامج التعليم التي يمكن أن تثنيهم عن المشاركة في أعمال إرهابية والتطرف العنيف المفضي إلى الإرهاب، والعنف، وكراهية الأجانب، وجميع أشكال التمييز؛</p>
        </content>
      </paragraph>
      <paragraph eId="para_39" class="SingleTxt">
        <content eId="para_39__content">
          <p xml:space="preserve">	9<span class="italic"> -	تشجع </span>تحالف الأمم المتحدة للحضارات على زيادة أنشطته التي تركّز على التثقيف في مجال السلام وعلى التعليم من أجل المواطنة العالمية لتعزيز التفاهم بين الشباب بشأن قيم من قبيل السلام والتسامح والانفتاح وعدم الإقصاء والاحترام المتبادل، التي هي قيم أساسية بشكل خاص لتنمية ثقافة السلام؛</p>
        </content>
      </paragraph>
      <paragraph eId="para_40" class="SingleTxt">
        <content eId="para_40__content">
          <p xml:space="preserve">	10 -	<span class="italic">تشجع</span> هيكل الأمم المتحدة لبناء السلام على مواصلة الترويج لأنشطة بناء السلام والحفاظ على السلام، على النحو المبين في قرارها <a href="https://undocs.org/ar/A/RES/72/276">72/276</a>، وتعزيز ثقافة قوامها السلام واللاعنف في جهود بناء السلام في مرحلة ما بعد انتهاء النزاع على الصعيد القطري؛</p>
        </content>
      </paragraph>
      <paragraph eId="para_41" class="SingleTxt">
        <content eId="para_41__content">
          <p xml:space="preserve">	11 -	<span class="italic">تحث</span> السلطات المعنية على أن توفر في مدارس الأطفال تعليما يناسب أعمارهم ويبني ثقافة للسلام واللاعنف ويشمل دروسا في التفاهم والاحترام والتسامح والمواطنة الإيجابية والعالمية وحقوق الإنسان؛</p>
        </content>
      </paragraph>
      <paragraph eId="para_42" class="SingleTxt">
        <content eId="para_42__content">
          <p xml:space="preserve">	12 -	<span class="italic">تشجع</span> وسائط الإعلام، ولا سيما وسائط الإعلام الجماهيري، على المشاركة في الترويج لثقافة السلام واللاعنف، مع إيلاء عناية خاصة للأطفال والشباب؛</p>
        </content>
      </paragraph>
      <paragraph eId="para_43" class="SingleTxt">
        <content eId="para_43__content">
          <p xml:space="preserve">	13 -	<span class="italic">تثني</span> على المجتمع المدني والمنظمات غير الحكومية والشباب لما يضطلعون به من أنشطة تروج بقدر أكبر لثقافة قوامها السلام واللاعنف، بوسائل من بينها حملتهم الرامية إلى التوعية بثقافة السلام وتسوية المنازعات بالوسائل السلمية؛</p>
        </content>
      </paragraph>
      <paragraph eId="para_44" class="SingleTxt">
        <content eId="para_44__content">
          <p xml:space="preserve">	14 -	<span class="italic">تشجع</span> المجتمع المدني والمنظمات غير الحكومية على مواصلة تعزيز جهودها للترويج لثقافة قوامها السلام، بسبل منها اعتماد برنامج أنشطة خاص بهما يكمل مبادرات الدول الأعضاء ومؤسسات منظومة الأمم المتحدة والمنظمات الدولية والإقليمية الأخرى، بما يتسق مع الإعلان<sup>(1)</sup> وبرنامج العمل المتعلقين بثقافة السلام؛</p>
        </content>
      </paragraph>
      <paragraph eId="para_45" class="SingleTxt">
        <content eId="para_45__content">
          <p xml:space="preserve">	15 -	<span class="italic">تدعو</span> الدول الأعضاء وجميع كيانات منظومة الأمم المتحدة ومنظمات المجتمع المدني إلى إيلاء اهتمام متزايد للاحتفال باليوم الدولي للسلام في يوم 21 أيلول/سبتمبر من كل عام بوصفه يوما لوقف إطلاق النار واللاعنف في جميع أنحاء العالم، وفقا لقرارها <a href="https://undocs.org/ar/A/RES/55/282">55/282</a> المؤرخ 7 أيلول/ سبتمبر 2001، وباليوم الدولي لنبذ العنف في 2 تشرين الأول/أكتوبر، وفقا لقرارها <a href="https://undocs.org/ar/A/RES/61/271">61/271</a> المؤرخ 15 حزيران/يونيه 2007؛</p>
        </content>
      </paragraph>
      <paragraph eId="para_46" class="SingleTxt">
        <content eId="para_46__content">
          <p xml:space="preserve">	16 -	<span class="italic">تكرر</span> طلبها إلى رئاسة الجمعية العامة أن تنظر في عقد منتدى رفيع المستوى، في 13 أيلول/سبتمبر أو في موعد قريب من ذلك التاريخ، يكرس لتنفيذ برنامج العمل بمناسبة الذكرى السنوية لاعتماده، حسب الاقتضاء وفي حدود الموارد المتاحة، وتطلب إلى الأمانة العامة تقديم الدعم اللوجستي المطلوب لتنظيمه الفعلي، كل في حدود الولاية المنوطة به والموارد المتاحة لديه؛</p>
        </content>
      </paragraph>
      <paragraph eId="para_47" class="SingleTxt">
        <content eId="para_47__content">
          <p xml:space="preserve">	17 -	<span class="bold italic">ترحب</span> بانعقاد المنتدى الرفيع المستوى المعني بثقافة السلام في 13 أيلول/سبتمبر 2019 بدعوة من رئيس الجمعية العامة في دورتها الثالثة والسبعين بمناسبة الذكرى السنوية العشرين لاعتماد الإعلان وبرنامج العمل، تنفيذا للتكليف الوارد في قرارها <a href="https://undocs.org/ar/A/RES/73/126">73/126</a>، المكرس لتنفيذ الإعلان وبرنامج العمل المعتمدين بالإجماع قبل عقدين من الزمن، والذي يشجع على اتخاذ إجراءات على جميع المستويات - الفردي والأسري والمجتمعي والوطني والإقليمي والعالمي؛ </p>
        </content>
      </paragraph>
      <paragraph eId="para_48" class="SingleTxt">
        <content eId="para_48__content">
          <p xml:space="preserve">	18 -	<span class="bold italic">تعرب عن تقديرها</span>، في هذا السياق، لما أتاحه المنتدى الرفيع المستوى من فرصة للدول الأعضاء وكيانات الأمم المتحدة والمجتمع المدني والمنظمات غير الحكومية وجميع الجهات المعنية لتبادل الأفكار وتقديم اقتراحات بشأن كيفية بناء ثقافة السلام ومواصلة الترويج لها في القرن الحادي والعشرين، وتقر بأن موضوع المنتدى الرفيع المستوى، ”ثقافة السلام: تمكين البشرية وتغييرها“، يعكس القيمة الدائمة التي تحظى بها ثقافة السلام للتنفيذ الكامل والفعال لخطة التنمية المستدامة لعام 2030 وغير ذلك؛</p>
        </content>
      </paragraph>
      <paragraph eId="para_49" class="SingleTxt">
        <content eId="para_49__content">
          <p xml:space="preserve">	19 -	<span class="italic">تدعو</span> الأمين العام إلى أن يدرس، في حدود الموارد المتاحة وبالتشاور مع الدول الأعضاء، آخذا في اعتباره الملاحظات التي تبديها منظمات المجتمع المدني، إمكانية اعتماد آليات واستراتيجيات، وبصفة خاصة استراتيجيات في مجال تكنولوجيا المعلومات والاتصالات، لتنفيذ الإعلان وبرنامج العمل وإلى أن يشرع في بذل الجهود في مجال التوعية لزيادة الوعي العالمي ببرنامج العمل وبمجالات عمله الثمانية بهدف تنفيذهما، بسبل منها الأنشطة الإعلامية التي تقوم بها إدارة التواصل العالمي التابعة للأمانة العامة؛</p>
        </content>
      </paragraph>
      <paragraph eId="para_50" class="SingleTxt">
        <content eId="para_50__content">
          <p xml:space="preserve">	20 -	<span class="italic">تطلب</span> إلى الأمين العام أن يقدم إلى الجمعية العامة في دورتها الخامسة والسبعين، في حدود الموارد القائمة، تقريرا عن الإجراءات التي اتخذتها الدول الأعضاء تنفيذا لهذا القرار، يستند فيه إلى المعلومات التي تقدمها تلك الدول، والإجراءات التي اتخذت لذلك الغرض على مستوى المنظومة من جانب جميع الكيانات المعنية في الأمم المتحدة، وعن الأنشطة المكثفة التي اضطلعت بها المنظمة والوكالات المنتسبة إليها لتنفيذ برنامج العمل وللترويج لثقافة قوامها السلام واللاعنف؛</p>
        </content>
      </paragraph>
      <paragraph eId="para_51" class="SingleTxt">
        <content eId="para_51__content">
          <p xml:space="preserve">	21 -	<span class="italic">تقرر</span> أن تدرج في جدول الأعمال المؤقت لدورتها الخامسة والسبعين البند المعنون ”ثقافة السلام“.</p>
        </content>
      </paragraph>
    </mainBody>
    <conclusions eId="conclusions">
      <p>
        <inline name="adoptionMeeting" title="45">الجلسة العامة 45</inline>
        <eol />
        <docDate date="2019-12-12" refersTo="#adoptionDate">12 كانون الأول/ديسمبر 2019</docDate>
      </p>
    </conclusions>
  </statement>
</akomaNtoso>