<akomaNtoso xmlns:xsi="http://www.w3.org/2001/XMLSchema-instance" xsi:schemaLocation="http://docs.oasis-open.org/legaldocml/ns/akn/3.0 http://docs.oasis-open.org/legaldocml/akn-core/v1.0/os/part2-specs/schemas/akomantoso30.xsd" xmlns="http://docs.oasis-open.org/legaldocml/ns/akn/3.0" xmlns:html="http://www.w3.org/1999/xhtml" xmlns:akn4un="http://un.org/akn4un">
  <statement name="resolution">
    <meta>
      <identification source="#DGACM">
        <FRBRWork>
          <FRBRthis value="/akn/un/statement/deliberation/unga/2020-06-30/74-281/!main/"></FRBRthis>
          <FRBRuri value="/akn/un/statement/deliberation/unga/2020-06-30/74-281/"></FRBRuri>
          <FRBRdate date="2020-06-30" name="adoption"></FRBRdate>
          <FRBRauthor href="ga" as="author"></FRBRauthor>
          <FRBRcountry value="un"></FRBRcountry>
        </FRBRWork>
        <FRBRExpression>
          <FRBRthis value="/akn/un/statement/deliberation/unga/2020-06-30/74-281/ara@!main/"></FRBRthis>
          <FRBRuri value="/akn/un/statement/deliberation/unga/2020-06-30/74-281/ara@/"></FRBRuri>
          <FRBRdate date="2020-07-09" name="publication"></FRBRdate>
          <FRBRauthor href="ga" as="issuer"></FRBRauthor>
          <FRBRlanguage language="ara"></FRBRlanguage>
        </FRBRExpression>
        <FRBRManifestation>
          <FRBRthis value="/akn/un/statement/deliberation/unga/2020-06-30/74-281/ara@/!main.xml"></FRBRthis>
          <FRBRuri value="/akn/un/statement/deliberation/unga/2020-06-30/74-281/ara@.xml"></FRBRuri>
          <FRBRdate date="2020-10-16" name="markup"></FRBRdate>
          <FRBRauthor href="DGACM" as="editor"></FRBRauthor>
        </FRBRManifestation>
      </identification>
      <workflow source="#un">
        <step date="2020-06-27" outcome="draftResolution" as="A/C.5/74/L.34" by="submitted by the Chair of the Committee following informal consultations" />
        <step date="0001-01-01" outcome="draftResolutionAdditionalSponsors" by="" />
        <step date="0001-01-01" outcome="recommendedForAdoption" as="A/74/910" refersTo="17" by="" />
        <step date="2020-06-30" outcome="adopted" as="Adopted through silence procedure" by="" />
      </workflow>
      <analysis source="#un">
        <parliamentary>
          <voting outcome="adoptedWithoutVote">
            <quorum value=""></quorum>
          </voting>
        </parliamentary>
      </analysis>
      <references source="#DGACM">
        <TLCOrganization eId="source" href="/akn/ontology/organization/un/DGACM" showAs="DGACM"></TLCOrganization>
        <TLCConcept eId="dateOfIssuance" href="/akn/ontology/concept/un/dateOfIssuance" showAs="Date of issuance"></TLCConcept>
        <TLCConcept eId="dateOfAdoption" href="/akn/ontology/concept/un/dateOfAdoption" showAs="Date of adoption"></TLCConcept>
        <TLCConcept eId="symbol" href="/akn/ontology/reference/un/symbol" showAs="Symbol"></TLCConcept>
        <TLCRole eId="publisher" href="/akn/ontology/role/un/publisher" showAs="Publisher"></TLCRole>
        <TLCRole eId="issuingBody" href="/akn/role/concept/un/issuingBody" showAs="Issuing body"></TLCRole>
        <TLCRole eId="author" href="/akn/ontology/role/un/author" showAs="Author"></TLCRole>
        <TLCRole eId="editor" href="/akn/ontology/role/un/editor" showAs="Editor"></TLCRole>
        <TLCRole eId="distribution" href="/akn/ontology/concept/un/generalDistribution" showAs="General distribution"></TLCRole>
        <TLCOrganization eId="ga" href="/akn/ontology/organization/un/generalAssembly" showAs="General Assembly"></TLCOrganization>
        <TLCTerm eId="resolutionTitle" href="/akn/ontology/reference/un/resolutionTitle" showAs="Resolution title"></TLCTerm>
        <TLCTerm eId="fifthCommittee" href="#fifthCommittee" showAs="اللجنة الخامسة"></TLCTerm>
        <TLCTerm eId="memberState" href="/akn/ontology/organization/un/memberState" showAs="Member State"></TLCTerm>
        <TLCTerm eId="inFavour" href="/akn/ontology/concept/un/voting/inFavour" showAs="In favour"></TLCTerm>
        <TLCTerm eId="against" href="/akn/ontology/concept/un/voting/against" showAs="Against"></TLCTerm>
        <TLCTerm eId="abstaining" href="/akn/ontology/concept/un/voting/abstaining" showAs="Abstaining"></TLCTerm>
      </references>
      <presentation source="#un">
        <akn4un:footerFirstPage>
          <akn4un:footerFirstPageLeft>
            <akn4un:internalCode>
              <docketNumber refersTo="#publicationJobNumber">20-08789 (A)</docketNumber>
              <img alt="bar code" class="barCode" src=""></img>
            </akn4un:internalCode>
          </akn4un:footerFirstPageLeft>
          <akn4un:footerFirstPageRight>
            <img alt="Please recycle" class="image" src="./recylcleLogo.jpg"></img>
            <img alt="embedded QR code" class="qrCode" src=""></img>
          </akn4un:footerFirstPageRight>
        </akn4un:footerFirstPage>
      </presentation>
    </meta>
    <coverPage eId="coverPage_1">
      <p>
        <span refersTo="#publisher" class="upperLeft">
          <docAuthority refersTo="#publisher">الأمــم المتحـدة</docAuthority>
        </span>
      </p>
      <p class="upperRight">
        <docNumber refersTo="#symbol">A/RES/74/281</docNumber>
      </p>
      <p class="upperLeft">
        <img src="logo-un.jpg"></img>
        <docAuthority refersTo="#issuingBody" class="rightBig">الجمعية العامة</docAuthority>
      </p>
      <p>
        <docStatus refersTo="#generalDistribution" class="rightSmall">Distr.: General</docStatus>
      </p>
      <p>
        <docDate date="2020-07-09" class="rightSmall" refersTo="#dateOfIssuance">9 July 2020</docDate>
      </p>
      <p>
        <session refersTo="#generalAssembly" value="74" eId="coverPage_1__session_1">الدورة الرابعة والسبعون</session>
      </p>
      <p>
        <inline name="agenda item">البند 148 من جدول الأعمال</inline>
      </p>
      <p>
        <inline name="agenda item name">الجوانب الإدارية والمتعلقة بالميزانية لتمويل عمليات الأمم المتحدة لحفظ السلام</inline>
      </p>
      <p>
        <docTitle>قرار اتخذته الجمعية العامة في 30 حزيران/يونيه 2020</docTitle>
      </p>
      <p xml:space="preserve">
        <docProponent refersTo="#fifthCommittee">[بناء على تقرير اللجنة الخامسة (<inline name="originating document">A/74/910</inline>)]</docProponent>
      </p>
    </coverPage>
    <preface>
      <p>
        <docNumber>74/281.</docNumber>
        <docTitle refersTo="#resolutionTitle">- تمويل مركز الخدمات الإقليمي في عنتيبي، أوغندا</docTitle>
      </p>
    </preface>
    <preamble>
      <formula name="enactingFormula" eId="formula_1">
        <p xml:space="preserve">
          <span class="bold italic">إن الجمعية العامة،</span>
        </p>
      </formula>
      <container name="إذ تشير" eId="container_2">
        <p xml:space="preserve">
          <span class="bold italic">إذ تشير</span> إلى قراراتها <a href="https://undocs.org/ar/A/RES/69/307">69/307</a> المؤرخ 25 حزيران/يونيه 2015 و <a href="https://undocs.org/ar/A/RES/70/289">70/289</a> المؤرخ 17 حزيران/يونيه 2016 و <a href="https://undocs.org/ar/A/RES/71/293">71/293</a> المؤرخ 30 حزيران/يونيه 2017 و <a href="https://undocs.org/ar/A/RES/72/286">72/286</a> المؤرخ 5 تموز/ يوليه 2018 و <a href="https://undocs.org/ar/A/RES/73/309">73/309</a> المؤرخ 3 تموز/يوليه 2019، وكذلك مقرريها 72/558 المؤرخ 5 تموز/ يوليه 2018 و 73/555 المؤرخ 3 تموز/يوليه 2019،</p>
      </container>
      <container name="وقد نظرت" eId="container_3">
          <p xml:space="preserve">
            <span class="bold italic">وقد نظرت</span> في تقريري الأمين العام عن تمويل مركز الخدمات الإقليمي في عنتيبي، أوغندا<sup>(</sup><authorialNote marker="1" placement="bottom" eId="authorialNote_1"><p xml:space="preserve">	()	<a href="https://undocs.org/ar/A/74/594">A/74/594</a> و <a href="https://undocs.org/ar/A/74/717">A/74/717</a>.</p></authorialNote><sup>)</sup>، وتقرير اللجنة الاستشارية لشؤون الإدارة والميزانية ذي الصلة<sup>(</sup><authorialNote marker="2" placement="bottom" eId="authorialNote_2"><p xml:space="preserve">	()	<a href="https://undocs.org/ar/A/74/737/Add.3">A/74/737/Add.3</a>.</p></authorialNote><sup>)</sup>،</p>
      </container>
    </preamble>
    <mainBody>
      <paragraph eId="para_4" class="SingleTxt">
        <content eId="para_4__content">
          <p xml:space="preserve">	1 -	<span class="bold italic">تؤكد من جديد</span> قراراتها <a href="https://undocs.org/ar/A/RES/57/290">57/290</a> باء المؤرخ 18 حزيران/يونيه 2003 و <a href="https://undocs.org/ar/A/RES/59/296">59/296</a> المؤرخ 22 حزيران/يونيه 2005 و <a href="https://undocs.org/ar/A/RES/60/266">60/266</a> المؤرخ 30 حزيران/يونيه 2006 و <a href="https://undocs.org/ar/A/RES/61/276">61/276</a> المؤرخ 29 حزيران/يونيه 2007 و <a href="https://undocs.org/ar/A/RES/64/269">64/269</a> المؤرخ 24 حزيران/يونيه 2010 و <a href="https://undocs.org/ar/A/RES/65/289">65/289</a> المؤرخ 30 حزيران/ يونيه 2011 و <a href="https://undocs.org/ar/A/RES/66/264">66/264</a> المؤرخ 21 حزيران/يونيه 2012 و <a href="https://undocs.org/ar/A/RES/69/307">69/307</a> و <a href="https://undocs.org/ar/A/RES/70/286">70/286</a> المؤرخ 17 حزيران/ يونيه 2016، وتطلب إلى الأمين العام أن يكفل التنفيذ الكامل لأحكامها ذات الصلة؛ </p>
        </content>
      </paragraph>
      <paragraph eId="para_5" class="SingleTxt">
        <content eId="para_5__content">
          <p xml:space="preserve">	2 -	<span class="bold italic">تحيط علما</span> بتقريري الأمين العام<sup>(1)</sup>؛ </p>
        </content>
      </paragraph>
      <paragraph eId="para_6" class="SingleTxt">
        <content eId="para_6__content">
          <p xml:space="preserve">	3 -	<span class="bold italic">تؤيد</span> الاستنتاجات والتوصيات الواردة في تقرير اللجنة الاستشارية لشؤون الإدارة والميزانية<sup>(2)</sup>، رهنا بأحكام هذا القرار، وتطلب إلى الأمين العام أن يكفل تنفيذها بالكامل؛ </p>
        </content>
      </paragraph>
      <paragraph eId="para_7" class="SingleTxt">
        <content eId="para_7__content">
          <p xml:space="preserve">	4 -	<span class="bold italic">تنوه</span> بالدعم الذي تقدمه حكومة أوغندا لتيسير عمل الأمم المتحدة في مركز الخدمات الإقليمي في عنتيبي، أوغندا؛ </p>
        </content>
      </paragraph>
      <paragraph eId="para_8" class="SingleTxt">
        <content eId="para_8__content">
          <p xml:space="preserve">	5 -	<span class="bold italic">تقرر</span> رفع رتبة وظيفة رئيس مركز الخدمات الإقليمي إلى رتبة مد-2؛ </p>
        </content>
      </paragraph>
      <paragraph eId="para_9" class="SingleTxt">
        <content eId="para_9__content">
          <p xml:space="preserve">	6 -	<span class="bold italic">تواصل تشجيع</span> الأمين العام على إتاحة آليات الدعم لتيسير خدمات النقل الجوي العسكري التي توفرها الدول الأعضاء من أجل خدمة بعثات متعددة لحفظ السلام في المنطقة انطلاقا من عنتيبي؛ </p>
        </content>
      </paragraph>
      <paragraph eId="para_10" class="SingleTxt">
        <content eId="para_10__content">
          <p xml:space="preserve">	7 -	<span class="bold italic">ترحب</span> بالتكامل بين مركز الخدمات الإقليمي في عنتيبي وقاعدة الأمم المتحدة للوجستيات في برينديزي، إيطاليا، وتشجع الأمين العام على السعي إلى تعزيز أوجه التآزر بين كياني الدعم في ولاية كل منهما؛ </p>
        </content>
      </paragraph>
      <paragraph eId="para_11" class="SingleTxt">
        <content eId="para_11__content">
          <p xml:space="preserve">	8 -	<span class="bold italic">تلاحظ</span> الدراسة الجارية بشأن مركز العمليات الجوية الاستراتيجية ومركز المراقبة المتكاملة للنقل والتحركات وقسم دعم المشتريات على الصعيد العالمي في سياق نهج متكامل لإدارة سلسلة الإمدادات، وتتطلع إلى تلقي نتائج الدراسة لتنظر فيها في الدورة الخامسة والسبعين؛</p>
        </content>
      </paragraph>
      <paragraph eId="para_12" class="H23">
        <subheading>		تقرير أداء الميزانية للفترة من 1 تموز/يوليه 2018 إلى 30 حزيران/يونيه 2019</subheading>
      </paragraph>
      <paragraph eId="para_13" class="SingleTxt">
        <content eId="para_13__content">
          <p xml:space="preserve">	9 -	<span class="bold italic">تحيط علما</span> بتقرير الأمين العام عن أداء ميزانية مركز الخدمات الإقليمي للفترة من 1 تموز/يوليه 2018 إلى 30 حزيران/يونيه 2019<sup>(</sup><authorialNote marker="3" placement="bottom" eId="authorialNote_3"><p xml:space="preserve">	()	<a href="https://undocs.org/ar/A/74/594">A/74/594</a>.</p></authorialNote><sup>)</sup>؛</p>
        </content>
      </paragraph>
      <paragraph eId="para_14" class="H23">
        <subheading>		تقديرات الميزانية للفترة من 1 تموز/يوليه 2020 إلى 30 حزيران/يونيه 2021</subheading>
      </paragraph>
      <paragraph eId="para_15" class="SingleTxt">
        <content eId="para_15__content">
          <p xml:space="preserve">	10 -	<span class="bold italic">تعتمد</span> مبلغ 200 159 37 دولار من دولارات الولايات المتحدة للإنفاق على مركز الخدمات الإقليمي خلال الفترة من 1 تموز/يوليه 2020 إلى 30 حزيران/يونيه 2021؛ </p>
        </content>
      </paragraph>
      <paragraph eId="para_16" class="H23">
        <subheading>		تمويل تقديرات الميزانية للفترة من 1 تموز/يوليه 2020 إلى 30 حزيران/يونيه 2021</subheading>
      </paragraph>
      <paragraph eId="para_17" class="SingleTxt">
        <content eId="para_17__content">
          <p xml:space="preserve">	11 -	<span class="bold italic">تقرر</span> أن تمول الاحتياجات اللازمة لمركز الخدمات الإقليمي للفترة من 1 تموز/ يوليه 2020 إلى 30 حزيران/يونيه 2021 على النحو التالي: </p>
        </content>
      </paragraph>
      <paragraph eId="para_18" class="SingleTxt">
        <content eId="para_18__content">
          <p xml:space="preserve">	(أ)	يستخدم الرصيد الحر ورصيد الإيرادات الأخرى البالغان 400 165 دولار فيما يتعلق بالفترة المالية المنتهية في 30 حزيران/يونيه 2019 لتوفير الموارد المطلوبة للفترة من 1 تموز/يوليه 2020 إلى 30 حزيران/يونيه 2021؛ </p>
        </content>
      </paragraph>
      <paragraph eId="para_19" class="SingleTxt">
        <content eId="para_19__content">
          <p xml:space="preserve">	(ب)	يقسم مبلغ 35 581 400 دولار بالتناسب بين ميزانيات عمليات حفظ السلام العاملة التي تستفيد من خدمات المركز للفترة من 1 تموز/يوليه 2020 إلى 30 حزيران/يونيه 2021؛ </p>
        </content>
      </paragraph>
      <paragraph eId="para_20" class="SingleTxt">
        <content eId="para_20__content">
          <p xml:space="preserve">	(ج)	يمول مبلغ 400 412 1 دولار، المتعلق بحصة البعثات السياسية الخاصة التي تستفيد من خدمات المركز، في إطار الباب 3، الشؤون السياسية، حسبما قد توافق عليه الجمعية العامة في سياق الميزانية البرنامجية المقترحة لعام 2021؛</p>
        </content>
      </paragraph>
      <paragraph eId="para_21" class="SingleTxt">
        <content eId="para_21__content">
          <p xml:space="preserve">	(د)	تخصم من الرصيد المشار إليه في الفقرة الفرعية (ب) أعلاه الإيرادات المقدر أن تأتي من الاقتطاعات الإلزامية من مرتبات الموظفين البالغة 300 723 3 دولار، وتشمل مبلغ 200 530 3 دولار للفترة من 1 تموز/يوليه 2020 إلى 30 حزيران/يونيه 2021 والزيادة البالغ قدرها 100 193 دولار فيما يتعلق بالفترة من 1 تموز/يوليه 2018 إلى 30 حزيران/يونيه 2019، وتقسم بالتناسب بين ميزانيات فرادى عمليات حفظ السلام العاملة التي تستفيد من خدمات المركز؛ </p>
        </content>
      </paragraph>
      <paragraph eId="para_22" class="SingleTxt">
        <content eId="para_22__content">
          <p xml:space="preserve">	12 -	<span class="bold italic">تقرر أيضا</span> أن تنظر في دورتها الخامسة والسبعين في مسألة تمويل مركز الخدمات الإقليمي.</p>
        </content>
      </paragraph>
    </mainBody>
    <conclusions eId="conclusions">
      <p>
        <docDate date="2020-06-30" refersTo="#adoptionDate">30 حزيران/يونيه 2020</docDate>
      </p>
    </conclusions>
  </statement>
</akomaNtoso>