<akomaNtoso xmlns:xsi="http://www.w3.org/2001/XMLSchema-instance" xsi:schemaLocation="http://docs.oasis-open.org/legaldocml/ns/akn/3.0 http://docs.oasis-open.org/legaldocml/akn-core/v1.0/os/part2-specs/schemas/akomantoso30.xsd" xmlns="http://docs.oasis-open.org/legaldocml/ns/akn/3.0" xmlns:html="http://www.w3.org/1999/xhtml" xmlns:akn4un="http://un.org/akn4un">
  <statement name="resolution">
    <meta>
      <identification source="#DGACM">
        <FRBRWork>
          <FRBRthis value="/akn/un/statement/deliberation/unga/2019-12-19/74-204/!main/"></FRBRthis>
          <FRBRuri value="/akn/un/statement/deliberation/unga/2019-12-19/74-204/"></FRBRuri>
          <FRBRdate date="2019-12-19" name="adoption"></FRBRdate>
          <FRBRauthor href="ga" as="author"></FRBRauthor>
          <FRBRcountry value="un"></FRBRcountry>
        </FRBRWork>
        <FRBRExpression>
          <FRBRthis value="/akn/un/statement/deliberation/unga/2019-12-19/74-204/ara@!main/"></FRBRthis>
          <FRBRuri value="/akn/un/statement/deliberation/unga/2019-12-19/74-204/ara@/"></FRBRuri>
          <FRBRdate date="2020-01-13" name="publication"></FRBRdate>
          <FRBRauthor href="ga" as="issuer"></FRBRauthor>
          <FRBRlanguage language="ara"></FRBRlanguage>
        </FRBRExpression>
        <FRBRManifestation>
          <FRBRthis value="/akn/un/statement/deliberation/unga/2019-12-19/74-204/ara@/!main.xml"></FRBRthis>
          <FRBRuri value="/akn/un/statement/deliberation/unga/2019-12-19/74-204/ara@.xml"></FRBRuri>
          <FRBRdate date="2020-09-02" name="markup"></FRBRdate>
          <FRBRauthor href="DGACM" as="editor"></FRBRauthor>
        </FRBRManifestation>
      </identification>
      <classification source="http://metadata.un.org/sdg">
        <keyword value="17" href="http://metadata.un.org/sdg/17" showAs="sdg_17" dictionary="SDGO"></keyword>
        <keyword value="sustainable_development" href="http://eurovoc.europa.eu/5585" showAs="sustainable_development" dictionary="EuroVoc"></keyword>
        <keyword value="partnership" href="http://eurovoc.europa.eu/4199" showAs="partnership" dictionary="EuroVoc"></keyword>
        <keyword value="sustainable_development" href="http://metadata.un.org/thesaurus/1006319" showAs="sustainable_development" dictionary="UNBIS Thesaurus"></keyword>
        <keyword value="partnership" href="http://metadata.un.org/thesaurus/1004748" showAs="partnership" dictionary="UNBIS Thesaurus"></keyword>
      </classification>
      <classification source="http://metadata.un.org/sdg">
        <keyword value="16" href="http://metadata.un.org/sdg/16" showAs="sdg_16" dictionary="SDGO"></keyword>
        <keyword value="right_to_justice" href="http://eurovoc.europa.eu/516" showAs="right_to_justice" dictionary="EuroVoc"></keyword>
        <keyword value="sustainable_development" href="http://eurovoc.europa.eu/5585" showAs="sustainable_development" dictionary="EuroVoc"></keyword>
        <keyword value="civil_society" href="http://metadata.un.org/thesaurus/1001012" showAs="civil_society" dictionary="UNBIS Thesaurus"></keyword>
        <keyword value="justice" href="http://metadata.un.org/thesaurus/1003500" showAs="justice" dictionary="UNBIS Thesaurus"></keyword>
        <keyword value="peaceful_coexistence" href="http://metadata.un.org/thesaurus/1004777" showAs="peaceful_coexistence" dictionary="UNBIS Thesaurus"></keyword>
        <keyword value="public_institutions" href="http://metadata.un.org/thesaurus/1005254" showAs="public_institutions" dictionary="UNBIS Thesaurus"></keyword>
        <keyword value="social_justice" href="http://metadata.un.org/thesaurus/1005970" showAs="social_justice" dictionary="UNBIS Thesaurus"></keyword>
        <keyword value="sustainable_development" href="http://metadata.un.org/thesaurus/1006319" showAs="sustainable_development" dictionary="UNBIS Thesaurus"></keyword>
      </classification>
      <classification source="http://metadata.un.org/sdg">
        <keyword value="10" href="http://metadata.un.org/sdg/10" showAs="sdg_10" dictionary="SDGO"></keyword>
        <keyword value="social_inequality" href="http://eurovoc.europa.eu/1420" showAs="social_inequality" dictionary="EuroVoc"></keyword>
        <keyword value="equality" href="http://metadata.un.org/thesaurus/1002102" showAs="equality" dictionary="UNBIS Thesaurus"></keyword>
      </classification>
      <classification source="http://metadata.un.org/sdg">
        <keyword value="2" href="http://metadata.un.org/sdg/2" showAs="sdg_2" dictionary="SDGO"></keyword>
        <keyword value="food_shortage" href="http://eurovoc.europa.eu/2318" showAs="food_shortage" dictionary="EuroVoc"></keyword>
        <keyword value="sustainable_agriculture" href="http://eurovoc.europa.eu/6308" showAs="sustainable_agriculture" dictionary="EuroVoc"></keyword>
        <keyword value="food_security" href="http://eurovoc.europa.eu/c_4523e1dd" showAs="food_security" dictionary="EuroVoc"></keyword>
        <keyword value="food_security" href="http://metadata.un.org/thesaurus/1002439" showAs="food_security" dictionary="UNBIS Thesaurus"></keyword>
        <keyword value="food_shortage" href="http://metadata.un.org/thesaurus/1002440" showAs="food_shortage" dictionary="UNBIS Thesaurus"></keyword>
        <keyword value="hunger" href="http://metadata.un.org/thesaurus/1003004" showAs="hunger" dictionary="UNBIS Thesaurus"></keyword>
        <keyword value="sustainable_agriculture" href="http://metadata.un.org/thesaurus/1006317" showAs="sustainable_agriculture" dictionary="UNBIS Thesaurus"></keyword>
      </classification>
      <workflow source="#un">
        <step date="2019-11-19" outcome="draftResolution" as="A/C.2/74/L.55" by="submitted by the Rapporteur of the Committee" />
        <step date="0001-01-01" outcome="draftResolutionAdditionalSponsors" by="" />
        <step date="0001-01-01" outcome="recommendedForAdoption" as="A/74/379/Add.4" by="" refersTo="8" />
        <step date="2019-12-19" outcome="adopted" as="A/74/PV.52" by="" />
      </workflow>
      <analysis source="#un">
        <parliamentary>
          <voting outcome="adoptedRecordedVote">
            <count value="177" refersTo="inFavour">
              <akn4un:voters>
                <organization refersTo="memberState">AFGHANISTAN</organization>
                <organization refersTo="memberState">ALBANIA</organization>
                <organization refersTo="memberState">ALGERIA</organization>
                <organization refersTo="memberState">ANDORRA</organization>
                <organization refersTo="memberState">ANGOLA</organization>
                <organization refersTo="memberState">ANTIGUA AND BARBUDA</organization>
                <organization refersTo="memberState">ARGENTINA</organization>
                <organization refersTo="memberState">ARMENIA</organization>
                <organization refersTo="memberState">AUSTRALIA</organization>
                <organization refersTo="memberState">AUSTRIA</organization>
                <organization refersTo="memberState">AZERBAIJAN</organization>
                <organization refersTo="memberState">BAHAMAS</organization>
                <organization refersTo="memberState">BAHRAIN</organization>
                <organization refersTo="memberState">BANGLADESH</organization>
                <organization refersTo="memberState">BARBADOS</organization>
                <organization refersTo="memberState">BELARUS</organization>
                <organization refersTo="memberState">BELGIUM</organization>
                <organization refersTo="memberState">BELIZE</organization>
                <organization refersTo="memberState">BENIN</organization>
                <organization refersTo="memberState">BHUTAN</organization>
                <organization refersTo="memberState">BOLIVIA (PLURINATIONAL STATE OF)</organization>
                <organization refersTo="memberState">BOSNIA AND HERZEGOVINA</organization>
                <organization refersTo="memberState">BOTSWANA</organization>
                <organization refersTo="memberState">BRAZIL</organization>
                <organization refersTo="memberState">BRUNEI DARUSSALAM</organization>
                <organization refersTo="memberState">BULGARIA</organization>
                <organization refersTo="memberState">BURKINA FASO</organization>
                <organization refersTo="memberState">BURUNDI</organization>
                <organization refersTo="memberState">CABO VERDE</organization>
                <organization refersTo="memberState">CAMBODIA</organization>
                <organization refersTo="memberState">CAMEROON</organization>
                <organization refersTo="memberState">CANADA</organization>
                <organization refersTo="memberState">CENTRAL AFRICAN REPUBLIC</organization>
                <organization refersTo="memberState">CHILE</organization>
                <organization refersTo="memberState">CHINA</organization>
                <organization refersTo="memberState">COLOMBIA</organization>
                <organization refersTo="memberState">CONGO</organization>
                <organization refersTo="memberState">COSTA RICA</organization>
                <organization refersTo="memberState">COTE D'IVOIRE</organization>
                <organization refersTo="memberState">CROATIA</organization>
                <organization refersTo="memberState">CUBA</organization>
                <organization refersTo="memberState">CYPRUS</organization>
                <organization refersTo="memberState">CZECHIA</organization>
                <organization refersTo="memberState">DEMOCRATIC PEOPLE'S REPUBLIC OF KOREA</organization>
                <organization refersTo="memberState">DENMARK</organization>
                <organization refersTo="memberState">DJIBOUTI</organization>
                <organization refersTo="memberState">DOMINICAN REPUBLIC</organization>
                <organization refersTo="memberState">ECUADOR</organization>
                <organization refersTo="memberState">EGYPT</organization>
                <organization refersTo="memberState">EL SALVADOR</organization>
                <organization refersTo="memberState">ERITREA</organization>
                <organization refersTo="memberState">ESTONIA</organization>
                <organization refersTo="memberState">ETHIOPIA</organization>
                <organization refersTo="memberState">FIJI</organization>
                <organization refersTo="memberState">FINLAND</organization>
                <organization refersTo="memberState">FRANCE</organization>
                <organization refersTo="memberState">GABON</organization>
                <organization refersTo="memberState">GAMBIA</organization>
                <organization refersTo="memberState">GEORGIA</organization>
                <organization refersTo="memberState">GERMANY</organization>
                <organization refersTo="memberState">GHANA</organization>
                <organization refersTo="memberState">GREECE</organization>
                <organization refersTo="memberState">GRENADA</organization>
                <organization refersTo="memberState">GUATEMALA</organization>
                <organization refersTo="memberState">GUINEA</organization>
                <organization refersTo="memberState">GUINEA-BISSAU</organization>
                <organization refersTo="memberState">GUYANA</organization>
                <organization refersTo="memberState">HONDURAS</organization>
                <organization refersTo="memberState">HUNGARY</organization>
                <organization refersTo="memberState">ICELAND</organization>
                <organization refersTo="memberState">INDIA</organization>
                <organization refersTo="memberState">INDONESIA</organization>
                <organization refersTo="memberState">IRAN (ISLAMIC REPUBLIC OF)</organization>
                <organization refersTo="memberState">IRAQ</organization>
                <organization refersTo="memberState">IRELAND</organization>
                <organization refersTo="memberState">ITALY</organization>
                <organization refersTo="memberState">JAMAICA</organization>
                <organization refersTo="memberState">JAPAN</organization>
                <organization refersTo="memberState">JORDAN</organization>
                <organization refersTo="memberState">KAZAKHSTAN</organization>
                <organization refersTo="memberState">KENYA</organization>
                <organization refersTo="memberState">KIRIBATI</organization>
                <organization refersTo="memberState">KUWAIT</organization>
                <organization refersTo="memberState">KYRGYZSTAN</organization>
                <organization refersTo="memberState">LAO PEOPLE'S DEMOCRATIC REPUBLIC</organization>
                <organization refersTo="memberState">LATVIA</organization>
                <organization refersTo="memberState">LEBANON</organization>
                <organization refersTo="memberState">LESOTHO</organization>
                <organization refersTo="memberState">LIBYA</organization>
                <organization refersTo="memberState">LIECHTENSTEIN</organization>
                <organization refersTo="memberState">LITHUANIA</organization>
                <organization refersTo="memberState">LUXEMBOURG</organization>
                <organization refersTo="memberState">MADAGASCAR</organization>
                <organization refersTo="memberState">MALAWI</organization>
                <organization refersTo="memberState">MALAYSIA</organization>
                <organization refersTo="memberState">MALDIVES</organization>
                <organization refersTo="memberState">MALI</organization>
                <organization refersTo="memberState">MALTA</organization>
                <organization refersTo="memberState">MARSHALL ISLANDS</organization>
                <organization refersTo="memberState">MAURITANIA</organization>
                <organization refersTo="memberState">MAURITIUS</organization>
                <organization refersTo="memberState">MEXICO</organization>
                <organization refersTo="memberState">MICRONESIA (FEDERATED STATES OF)</organization>
                <organization refersTo="memberState">MONACO</organization>
                <organization refersTo="memberState">MONGOLIA</organization>
                <organization refersTo="memberState">MONTENEGRO</organization>
                <organization refersTo="memberState">MOROCCO</organization>
                <organization refersTo="memberState">MOZAMBIQUE</organization>
                <organization refersTo="memberState">MYANMAR</organization>
                <organization refersTo="memberState">NAMIBIA</organization>
                <organization refersTo="memberState">NAURU</organization>
                <organization refersTo="memberState">NEPAL</organization>
                <organization refersTo="memberState">NETHERLANDS</organization>
                <organization refersTo="memberState">NEW ZEALAND</organization>
                <organization refersTo="memberState">NICARAGUA</organization>
                <organization refersTo="memberState">NIGERIA</organization>
                <organization refersTo="memberState">NORTH MACEDONIA</organization>
                <organization refersTo="memberState">NORWAY</organization>
                <organization refersTo="memberState">OMAN</organization>
                <organization refersTo="memberState">PAKISTAN</organization>
                <organization refersTo="memberState">PALAU</organization>
                <organization refersTo="memberState">PANAMA</organization>
                <organization refersTo="memberState">PAPUA NEW GUINEA</organization>
                <organization refersTo="memberState">PARAGUAY</organization>
                <organization refersTo="memberState">PERU</organization>
                <organization refersTo="memberState">PHILIPPINES</organization>
                <organization refersTo="memberState">POLAND</organization>
                <organization refersTo="memberState">PORTUGAL</organization>
                <organization refersTo="memberState">QATAR</organization>
                <organization refersTo="memberState">REPUBLIC OF KOREA</organization>
                <organization refersTo="memberState">REPUBLIC OF MOLDOVA</organization>
                <organization refersTo="memberState">ROMANIA</organization>
                <organization refersTo="memberState">RUSSIAN FEDERATION</organization>
                <organization refersTo="memberState">RWANDA</organization>
                <organization refersTo="memberState">SAINT KITTS AND NEVIS</organization>
                <organization refersTo="memberState">SAINT LUCIA</organization>
                <organization refersTo="memberState">SAINT VINCENT AND THE GRENADINES</organization>
                <organization refersTo="memberState">SAMOA</organization>
                <organization refersTo="memberState">SAN MARINO</organization>
                <organization refersTo="memberState">SAUDI ARABIA</organization>
                <organization refersTo="memberState">SENEGAL</organization>
                <organization refersTo="memberState">SERBIA</organization>
                <organization refersTo="memberState">SEYCHELLES</organization>
                <organization refersTo="memberState">SIERRA LEONE</organization>
                <organization refersTo="memberState">SINGAPORE</organization>
                <organization refersTo="memberState">SLOVAKIA</organization>
                <organization refersTo="memberState">SLOVENIA</organization>
                <organization refersTo="memberState">SOLOMON ISLANDS</organization>
                <organization refersTo="memberState">SOUTH AFRICA</organization>
                <organization refersTo="memberState">SPAIN</organization>
                <organization refersTo="memberState">SRI LANKA</organization>
                <organization refersTo="memberState">SUDAN</organization>
                <organization refersTo="memberState">SURINAME</organization>
                <organization refersTo="memberState">SWEDEN</organization>
                <organization refersTo="memberState">SWITZERLAND</organization>
                <organization refersTo="memberState">SYRIAN ARAB REPUBLIC</organization>
                <organization refersTo="memberState">TAJIKISTAN</organization>
                <organization refersTo="memberState">THAILAND</organization>
                <organization refersTo="memberState">TIMOR-LESTE</organization>
                <organization refersTo="memberState">TOGO</organization>
                <organization refersTo="memberState">TRINIDAD AND TOBAGO</organization>
                <organization refersTo="memberState">TUNISIA</organization>
                <organization refersTo="memberState">TURKEY</organization>
                <organization refersTo="memberState">TUVALU</organization>
                <organization refersTo="memberState">UGANDA</organization>
                <organization refersTo="memberState">UKRAINE</organization>
                <organization refersTo="memberState">UNITED ARAB EMIRATES</organization>
                <organization refersTo="memberState">UNITED KINGDOM</organization>
                <organization refersTo="memberState">UNITED REPUBLIC OF TANZANIA</organization>
                <organization refersTo="memberState">URUGUAY</organization>
                <organization refersTo="memberState">UZBEKISTAN</organization>
                <organization refersTo="memberState">VANUATU</organization>
                <organization refersTo="memberState">VENEZUELA (BOLIVARIAN REPUBLIC OF)</organization>
                <organization refersTo="memberState">VIET NAM</organization>
                <organization refersTo="memberState">YEMEN</organization>
                <organization refersTo="memberState">ZAMBIA</organization>
                <organization refersTo="memberState">ZIMBABWE</organization>
              </akn4un:voters>
            </count>
            <count value="1" refersTo="against">
              <akn4un:voters>
                <organization refersTo="memberState">UNITED STATES</organization>
              </akn4un:voters>
            </count>
          </voting>
        </parliamentary>
      </analysis>
      <references source="#DGACM">
        <TLCOrganization eId="source" href="/akn/ontology/organization/un/DGACM" showAs="DGACM"></TLCOrganization>
        <TLCConcept eId="dateOfIssuance" href="/akn/ontology/concept/un/dateOfIssuance" showAs="Date of issuance"></TLCConcept>
        <TLCConcept eId="dateOfAdoption" href="/akn/ontology/concept/un/dateOfAdoption" showAs="Date of adoption"></TLCConcept>
        <TLCConcept eId="symbol" href="/akn/ontology/reference/un/symbol" showAs="Symbol"></TLCConcept>
        <TLCRole eId="publisher" href="/akn/ontology/role/un/publisher" showAs="Publisher"></TLCRole>
        <TLCRole eId="issuingBody" href="/akn/role/concept/un/issuingBody" showAs="Issuing body"></TLCRole>
        <TLCRole eId="author" href="/akn/ontology/role/un/author" showAs="Author"></TLCRole>
        <TLCRole eId="editor" href="/akn/ontology/role/un/editor" showAs="Editor"></TLCRole>
        <TLCRole eId="distribution" href="/akn/ontology/concept/un/generalDistribution" showAs="General distribution"></TLCRole>
        <TLCOrganization eId="ga" href="/akn/ontology/organization/un/generalAssembly" showAs="General Assembly"></TLCOrganization>
        <TLCTerm eId="resolutionTitle" href="/akn/ontology/reference/un/resolutionTitle" showAs="Resolution title"></TLCTerm>
        <TLCTerm eId="secondCommittee" href="#secondCommittee" showAs="اللجنة الثانية"></TLCTerm>
        <TLCTerm eId="memberState" href="/akn/ontology/organization/un/memberState" showAs="Member State"></TLCTerm>
        <TLCTerm eId="inFavour" href="/akn/ontology/concept/un/voting/inFavour" showAs="In favour"></TLCTerm>
        <TLCTerm eId="against" href="/akn/ontology/concept/un/voting/against" showAs="Against"></TLCTerm>
        <TLCTerm eId="abstaining" href="/akn/ontology/concept/un/voting/abstaining" showAs="Abstaining"></TLCTerm>
      </references>
      <presentation source="#un">
        <akn4un:footerFirstPage>
          <akn4un:footerFirstPageLeft>
            <akn4un:internalCode>
              <docketNumber refersTo="#publicationJobNumber">19-22417 (A)</docketNumber>
              <img alt="bar code" class="barCode" src=""></img>
            </akn4un:internalCode>
          </akn4un:footerFirstPageLeft>
          <akn4un:footerFirstPageRight>
            <img alt="Please recycle" class="image" src="./recylcleLogo.jpg"></img>
            <img alt="embedded QR code" class="qrCode" src=""></img>
          </akn4un:footerFirstPageRight>
        </akn4un:footerFirstPage>
      </presentation>
    </meta>
    <coverPage eId="coverPage_1">
      <p>
        <span refersTo="#publisher" class="upperLeft">
          <docAuthority refersTo="#publisher">الأمــم المتحـدة</docAuthority>
        </span>
      </p>
      <p class="upperRight">
        <docNumber refersTo="#symbol">A/RES/74/204</docNumber>
      </p>
      <p class="upperLeft">
        <img src="logo-un.jpg"></img>
        <docAuthority refersTo="#issuingBody" class="rightBig">الجمعية العامة</docAuthority>
      </p>
      <p>
        <docStatus refersTo="#generalDistribution" class="rightSmall">Distr.: General</docStatus>
      </p>
      <p>
        <docDate date="2020-01-13" class="rightSmall" refersTo="#dateOfIssuance">13 January 2020</docDate>
      </p>
      <p>
        <session refersTo="#generalAssembly" value="74" eId="coverPage_1__session_1">الدورة الرابعة والسبعون</session>
      </p>
      <p>
        <inline name="agenda item">البند 17 (د) من جدول الأعمال</inline>
      </p>
      <p>
        <inline name="agenda item name">المسائل المتعلقة بسياسات الاقتصاد الكلي: السلع الأساسية</inline>
      </p>
      <p>
        <docTitle>قرار اتخذته الجمعية العامة في 19 كانون الأول/ديسمبر 2019</docTitle>
      </p>
      <p xml:space="preserve">
        <docProponent refersTo="#secondCommittee">[بناء على تقرير اللجنة الثانية (<inline name="originating document">A/74/379/Add.4</inline>)]</docProponent>
      </p>
    </coverPage>
    <preface>
      <p>
        <docNumber>74/204.</docNumber>
        <docTitle refersTo="#resolutionTitle">-	السلع الأساسية</docTitle>
      </p>
    </preface>
    <preamble>
      <formula name="enactingFormula" eId="formula_1">
        <p xml:space="preserve">
          <span class="bold italic">إن الجمعية العامة</span>،</p>
      </formula>
      <container name="إذ تشير" eId="container_2">
        <p xml:space="preserve">
          <span class="bold italic">إذ تشير</span> إلى قراراتها <a href="https://undocs.org/ar/A/RES/59/224">59/224</a> المؤرخ 22 كانون الأول/ديسمبر 2004 و <a href="https://undocs.org/ar/A/RES/61/190">61/190</a> المؤرخ 20 كانون الأول/ديسمبر 2006 و <a href="https://undocs.org/ar/A/RES/63/207">63/207</a> المؤرخ 19 كانون الأول/ديسمبر 2008 و <a href="https://undocs.org/ar/A/RES/64/192">64/192</a> المؤرخ 21 كانون الأول/ديسمبر 2009 و <a href="https://undocs.org/ar/A/RES/66/190">66/190</a> المؤرخ 22 كانون الأول/ديسمبر 2011 و <a href="https://undocs.org/ar/A/RES/68/203">68/203</a> المؤرخ 20 كانون الأول/ديسمبر 2013 و <a href="https://undocs.org/ar/A/RES/70/191">70/191</a> المؤرخ 22 كانون الأول/ ديسمبر 2015 و <a href="https://undocs.org/ar/A/RES/72/205">72/205</a> المؤرخ 20 كانون الأول/ديسمبر 2017 بشأن السلع الأساسية،</p>
      </container>
      <container name="وإذ تشير أيضا" eId="container_3">
        <p xml:space="preserve">
          <span class="bold italic">وإذ تشير أيضا</span> إلى إعلان الأمم المتحدة للألفية الذي اعتمده رؤساء الدول والحكومات في 8 أيلول/سبتمبر 2000<sup>(</sup><authorialNote marker="1" placement="bottom" eId="authorialNote_1"><p xml:space="preserve">	()	القرار <a href="https://undocs.org/ar/A/RES/55/2">55/2</a>.</p></authorialNote><sup>)</sup> والوثيقة الختامية لمؤتمر القمة العالمي لعام 2005 التي اعتمدت في 16 أيلول/سبتمبر 2005<sup>(</sup><authorialNote marker="2" placement="bottom" eId="authorialNote_2"><p xml:space="preserve">	()	القرار <a href="https://undocs.org/ar/A/RES/60/1">60/1</a>.</p></authorialNote><sup>)</sup> وقرارها <a href="https://undocs.org/ar/A/RES/60/265">60/265</a> المؤرخ 30 حزيران/يونيه 2006 بشأن متابعة النتائج المتعلقة بالتنمية لمؤتمر القمة العالمي لعام 2005، بما يشمل الأهداف الإنمائية للألفية وغيرها من الأهداف الإنمائية المتفق عليها دولياً،</p>
      </container>
      <container name="وإذ تشير كذلك" eId="container_4">
        <p xml:space="preserve">
          <span class="bold italic">وإذ تشير كذلك</span> إلى المؤتمر الدولي لتمويل التنمية الذي عُقد في مونتيري، المكسيك، في الفترة من 18 إلى 22 آذار/مارس 2002 ومؤتمر المتابعة الدولي لتمويل التنمية لاستعراض تنفيذ توافق آراء مونتيري الذي عقد في الدوحة في الفترة من 29 تشرين الثاني/نوفمبر إلى 2 كانون الأول/ديسمبر 2008،</p>
      </container>
      <container name="وإذ تشير" eId="container_5">
        <p xml:space="preserve">
          <span class="bold italic">وإذ تشير</span> إلى المؤتمر المتعلق بالأزمة المالية والاقتصادية العالمية وتأثيرها في التنمية وإلى وثيقته الختامية<sup>(</sup><authorialNote marker="3" placement="bottom" eId="authorialNote_3"><p xml:space="preserve">	()	القرار <a href="https://undocs.org/ar/A/RES/63/303">63/303</a>، المرفق.</p></authorialNote><sup>)</sup>،</p>
      </container>
      <container name="وإذ تشير أيضا" eId="container_6">
        <p xml:space="preserve">
          <span class="bold italic">وإذ تشير أيضا</span> إلى خطة تنفيذ نتائج مؤتمر القمة العالمي للتنمية المستدامة (خطة جوهانسبرغ التنفيذية)<sup>(</sup><authorialNote marker="4" placement="bottom" eId="authorialNote_4"><p xml:space="preserve">	()	<span class="italic">تقرير مؤتمر القمة العالمي للتنمية المستدامة، جوهانســبرغ، جنوب أفريقيا، 26 آب/أغسطس - 4 أيلول/ســبتمبر 2002</span> (منشورات الأمم المتحدة، رقم المبيع A.03.II.A.1 والتصويب)، الفصل الأول، القرار 2، المرفق.</p></authorialNote><sup>)</sup>، والوثيقة الختامية الصادرة عن مؤتمر الأمم المتحدة للتنمية المستدامة الذي عُقد في ريو دي جانيرو، البرازيل، في الفترة من 20 إلى 22 حزيران/يونيه 2012، والمعنونة ”المستقبل الذي نصبو إليه“<sup>(</sup><authorialNote marker="5" placement="bottom" eId="authorialNote_5"><p xml:space="preserve">	()	القرار <a href="https://undocs.org/ar/A/RES/66/288">66/288</a>، المرفق.</p></authorialNote><sup>)</sup>،</p>
      </container>
      <container name="وإذ تؤكد من جديد" eId="container_7">
        <p xml:space="preserve">
          <span class="bold italic">وإذ تؤكد من جديد</span> قرارها <a href="https://undocs.org/ar/A/RES/70/1">70/1</a> المؤرخ 25 أيلول/سبتمبر 2015، المعنون ”تحويل عالمنا: خطة التنمية المستدامة لعام 2030“، الذي اعتمدت فيه مجموعة من الأهداف والغايات العالمية الشاملة والبعيدة المدى المتعلقة بالتنمية المستدامة، التي تركز على الناس وتفضي إلى التحول، وإذ تعيد تأكيد التزامها بالعمل دون كلل من أجل تنفيذ هذه الخطة بالكامل بحلول عام 2030، وإدراكها أن القضاء على الفقر بجميع صوره وأبعاده، بما في ذلك الفقر المدقع، هو أكبر تحد يواجهه العالم وشرط لا غنى عنه لتحقيق التنمية المستدامة، والتزامها بتحقيق التنمية المستدامة بأبعادها الثلاثة - الاقتصادي والاجتماعي والبيئي - على نحو متوازن ومتكامل، وبالاستناد إلى الإنجازات التي تحققت في إطار الأهداف الإنمائية للألفية والسعي إلى استكمال ما لم يُنفّذ من تلك الأهداف،</p>
      </container>
      <container name="وإذ تؤكد من جديد أيضا" eId="container_8">
        <p xml:space="preserve">
          <span class="bold italic">وإذ تؤكد من جديد أيضا</span> قرارها <a href="https://undocs.org/ar/A/RES/69/313">69/313</a> المؤرخ 27 تموز/يوليه 2015 بشأن خطة عمل أديس أبابا الصادرة عن المؤتمر الدولي الثالث لتمويل التنمية، التي تشكل جزءا لا يتجزأ من خطة التنمية المستدامة لعام 2030، وتدعمُها وتكملُها وتساعد على توضيح سياق غاياتها المتصلة بوسائل التنفيذ من خلال سياسات وإجراءات عملية، وتعيد تأكيد الالتزام السياسي القوي بالتصدي لتحدي التمويل وتهيئة بيئة مؤاتية على جميع المستويات لتحقيق التنمية المستدامة، بروحٍ من الشراكة والتضامن على الصعيد العالمي،</p>
      </container>
      <container name="وإذ تؤكد من جديد كذلك" eId="container_9">
        <p xml:space="preserve">
          <span class="bold italic">وإذ تؤكد من جديد كذلك</span> اتفاق باريس<sup>(</sup><authorialNote marker="6" placement="bottom" eId="authorialNote_6"><p xml:space="preserve">	()	اعتُمد في إطار اتفاقية الأمم المتحدة الإطارية بشأن تغير المناخ في الوثيقة <a href="https://undocs.org/ar/FCCC/CP/2015/10/Add.1">FCCC/CP/2015/10/Add.1</a>، المقرر 1/م أ-21.</p></authorialNote><sup>)</sup> ودخوله حيز النفاذ باكرا، وإذ تشجع جميع أطراف الاتفاق على أن تنفذه تنفيذا تاما، وأطراف اتفاقية الأمم المتحدة الإطارية بشأن تغير المناخ<sup>(</sup><authorialNote marker="7" placement="bottom" eId="authorialNote_7"><p xml:space="preserve">	()	United Nations, <span class="italic">Treaty Series</span>, vol. 1771, No. 30822.</p></authorialNote><sup>)</sup> التي لم تودع بعد صكوك تصديقها أو قبولها أو موافقتها أو انضمامها، على أن تقوم بذلك حسب الاقتضاء وفي أقرب وقت ممكن،</p>
      </container>
      <container name="وإذ تلاحظ" eId="container_10">
        <p xml:space="preserve">
          <span class="bold italic">وإذ تلاحظ</span> الجهود الجاري بذلها لتنفيذ برنامج العمل لصالح أقل البلدان نمواً للعقد 2011-2020، الذي اعتمد في أيار/مايو 2011 في مؤتمر الأمم المتحدة الرابع المعني بأقل البلدان نمواً<sup>(</sup><authorialNote marker="8" placement="bottom" eId="authorialNote_8"><p xml:space="preserve">	()<span class="italic">	تقرير مؤتمر الأمم المتحدة الرابع المعني بأقل البلدان نمواً، إسطنبول، تركيا، 9-13 أيار/مايو 2011</span>(A/CONF.219/7)، الفصل الثاني.</p></authorialNote><sup>)</sup>، ومسار إجراءات العمل المعجل للدول الجزرية الصغيرة النامية (مسار ساموا)، الذي اعتمد في أيلول/سبتمبر 2014 في المؤتمر الدولي الثالث المعني بالدول الجزرية الصغيرة النامية<sup>(</sup><authorialNote marker="9" placement="bottom" eId="authorialNote_9"><p xml:space="preserve">	()	القرار <a href="https://undocs.org/ar/A/RES/69/15">69/15</a>، المرفق.</p></authorialNote><sup>)</sup> وبرنامج عمل فيينا لصالح البلدان النامية غير الساحلية للعقد 2014-2024 الذي اعتمد في تشرين الثاني/نوفمبر 2014 في مؤتمر الأمم المتحدة الثاني المعني بالبلدان النامية غير الساحلية<sup>(</sup><authorialNote marker="10" placement="bottom" eId="authorialNote_10"><p xml:space="preserve">	()	القرار <a href="https://undocs.org/ar/A/RES/69/137">69/137</a>، المرفق الثاني.</p></authorialNote><sup>)</sup>، وإذ تعترف بالتحديات الخاصة التي تواجه البلدان المتوسطة الدخل، </p>
      </container>
      <container name="وإذ تشير" eId="container_11">
        <p xml:space="preserve">
          <span class="bold italic">وإذ تشير</span> إلى إعلان سِنداي<sup>(</sup><authorialNote marker="11" placement="bottom" eId="authorialNote_11"><p xml:space="preserve">	()	القرار <a href="https://undocs.org/ar/A/RES/69/283">69/283</a>، المرفق الأول.</p></authorialNote><sup>)</sup> وإطار سِنداي للحد من مخاطر الكوارث للفترة 2015-2030<sup>(</sup><authorialNote marker="12" placement="bottom" eId="authorialNote_12"><p xml:space="preserve">	()	المرجع نفسه، المرفق الثاني.</p></authorialNote><sup>)</sup>،</p>
      </container>
      <container name="وإذ تلاحظ" eId="container_12">
        <p xml:space="preserve">
          <span class="bold italic">وإذ تلاحظ</span> انعقاد الحوار التفاعلي غير الرسمي لمدة يوم واحد بشأن أسواق السلع الأساسية في نيويورك في 15 أيار/مايو 2019، والذي تمخض عن موجز حدد الرسائل والاستنتاجات الأساسية لحلقتي النقاش اللتين عقدتا في أثناء الحوار،</p>
      </container>
      <container name="وإذ تؤكد من جديد" eId="container_13">
        <p xml:space="preserve">
          <span class="bold italic">وإذ تؤكد من جديد</span> أهمية دعم خطة الاتحاد الأفريقي لعام 2063 وإلى خطة تنفيذه للسنوات العشر الأولى، باعتباره إطاراً استراتيجياً لضمان إحداث تحوّل اجتماعي اقتصادي إيجابي في أفريقيا في غضون السنوات الخمسين القادمة، وبرنامجه الخاص بالقارة الوارد في قرارات الجمعية العامة بشأن الشراكة الجديدة من أجل تنمية أفريقيا، والمبادرات الإقليمية،</p>
      </container>
      <container name="وإذ تؤكد من جديد أيضا" eId="container_14">
        <p xml:space="preserve">
          <span class="bold italic">وإذ تؤكد من جديد أيضا</span> أن رؤساء الدول والحكومات أعربوا في خطة عمل أديس أبابا عن القلق إزاء التقلبات المفرطة في أسعار السلع الأساسية، خصوصاً ما يتصل منها بالأغذية والزراعة وما لتلك التقلبات من نتائج بالنسبة للأمن الغذائي العالمي وتحقيق نتائج أفضل في مجال التغذية، وأشاروا إلى نظام معلومات الأسواق الزراعية الذي تستضيفه منظمة الأغذية والزراعة للأمم المتحدة ودعت إلى توفير إمكانية وصول صغار الصيادين الحرفيين إلى الموارد البحرية والأسواق، بما يتوافق مع الممارسات الإدارية المستدامة والمبادرات التي تضيف قيمة إلى منتجات صغار الصيادين، وإذ تلاحظ أن منظمة الأغذية والزراعة أبرزت في تقريرها عن <span class="italic">حالة الأمن الغذائي والتغذية في العالم لعام 2019: الاحتراز من حالات التباطؤ والانكماش الاقتصاديين</span> أبرز أن 80 في المائة من البلدان - 52 من أصل 65 - التي سجلت ارتفاعا في نسبة الجوع وزيادة في نقص التغذية في أثناء فترات تباطؤ وركود الاقتصاد في الآونة الأخيرة هي البلدان التي يعتمد اقتصادها اعتمادا كبيرا على السلع الأساسية الأولية الموجهة للتصدير و/أو الاستيراد، </p>
      </container>
      <container name="وإذ تشير" eId="container_15">
        <p xml:space="preserve">
          <span class="bold italic">وإذ تشير</span> إلى الوثيقة الختامية للدورة الرابعة عشرة لمؤتمر الأمم المتحدة للتجارة والتنمية<sup>(</sup><authorialNote marker="13" placement="bottom" eId="authorialNote_13"><p xml:space="preserve">	()	انظر: <a href="https://undocs.org/ar/TD/519">TD/519</a> و <a href="https://undocs.org/ar/TD/519/Add.1">TD/519/Add.1</a> و <a href="https://undocs.org/ar/TD/519/Add.2">TD/519/Add.2</a> و <a href="https://undocs.org/ar/TD/519/Add.2/Corr.1">TD/519/Add.2/Corr.1</a>.</p></authorialNote><sup>)</sup>، وإذ تحيط علما بالقرارات التي اتخذها وبالاستنتاجات المتفق عليها التي اعتمدها مجلس التجارة والتنمية وهيئاته الفرعية، </p>
      </container>
      <container name="وإذ تحيط علما" eId="container_16">
        <p xml:space="preserve">
          <span class="bold italic">وإذ تحيط علما</span> بتقارير مؤتمر الأمم المتحدة للتجارة والتنمية عن <span class="italic">السلع الأساسية والتنمية</span> وتقاريره عن <span class="italic">حالة الاعتماد على السلع الأساسية</span> ومذكرته عن الاعتماد على السلع الأساسية وأهداف التنمية المستدامة، وإذ تشير إلى الدور الذي ما فتئ المؤتمر يقوم به باعتباره مؤسسة في دراسة التفاعل بين أسواق السلع الأساسية والتنمية الاقتصادية وفي وضع مفهوم للبلدان النامية المعتمدة على السلع الأساسية،</p>
      </container>
      <container name="وإذ تشدد" eId="container_17">
        <p xml:space="preserve">
          <span class="bold italic">وإذ تشدد</span> على أهمية النهوض بأنماط الاستهلاك والإنتاج المستدامة،</p>
      </container>
      <container name="وإذ تلاحظ بقلق" eId="container_18">
        <p xml:space="preserve">
          <span class="bold italic">وإذ تلاحظ بقلق</span> أن أسعار معظم السلع الأساسية سجلت اتجاها نزوليا بفعل مجموعة متنوعة من العوامل المتصلة بالعرض والطلب وتغيير المخزونات، </p>
      </container>
      <container name="وإذ تسلم" eId="container_19">
          <p xml:space="preserve">
            <span class="bold italic">وإذ تسلم</span> بأن تقلب أسعار السلع الأساسية، بما فيه التقلب المفرط، يمكن أن يخلف آثارا ضارة على البلدان المنتجة والبلدان المستهلكة على السواء، لا سيما في البلدان التي تعتمد على السلع الأساسية، وإذ تلاحظ بقلق أن ذلك يمكن يقوض جهودها الإنمائية بما أن من شأنه أن يثبط الاستثمار ويوسع نطاق العجز التجاري ويؤدي إلى تفاقم الفقر في أوساط الأسر المعيشية،</p>
      </container>
      <container name="وإذ تلاحظ" eId="container_20">
        <p xml:space="preserve">
          <span class="bold italic">وإذ تلاحظ</span> أن تغير أسعار السلع الأساسية له آثار على مستويي الاقتصاد الكلي والاقتصاد الجزئي كليهما في البلدان النامية المعتمدة على السلع الأساسية وفي البلدان النامية المستوردة الصافية للسلع الأساسية، وإذ تلاحظ أيضا أن ارتفاع أسعار السلع الأساسية قد يساهم في تحسن إيرادات البلدان المصدرة المتأتية من الصادرات والضرائب، وهو أمر يسمح لها بزيادة النفقات الحكومية الجارية والرأسمالية، وأن انخفاضها قد يؤدي، على عكس ذلك، إلى نقص في إيرادات التصدير والإيرادات الضريبية وإلى عجز الحكومات عن توفير السلع والخدمات الأساسية،</p>
      </container>
      <container name="وإذ تعرب" eId="container_21">
        <p xml:space="preserve">
          <span class="bold italic">	وإذ تعرب</span>
          <span class="bold italic">عن القلق</span> من أن الاقتصاد العالمي لم ينتعش بعد انتعاشاً تاماً ولا يزال يمر بمرحلة مليئة بالتحديات، على الرغم مما حدث في الآونة الأخيرة من زيادة دورية في النشاط الاقتصادي العالمي، ومن أن النمو لا يزال ضعيفا في عدة بلدان، حيث يتسم بضعف النمو التجاري وتقلب تدفقات رؤوس الأموال واتساع نطاق الضائقة المالية والديون غير المستدامة في بعض البلدان، ولا سيما البلدان النامية، ومن أن مصدِّري السلع الأساسية على وجه الخصوص يتضررون كثيرا بسبب استمرار تكيفهم مع الانخفاض الحاد في الإيرادات الأجنبية، وإذ تدرك أن على الرغم من توازن المخاطر في الأجل القصير بشكل عام، فإن مخاطر الأجل المتوسط لا تزال تميل إلى الانتكاس، وإذ تؤكد في هذا الصدد الحاجة إلى مواصلة بذل الجهود من أجل التصدي لأوجه الضعف والاختلال في المنظومة، وإصلاح النظام المالي الدولي وتعزيزه، وإحراز مزيد من التقدم نحو الحفاظ على الطلب العالمي وإعادة التوازن إليه،</p>
      </container>
      <container name="وإذ تقر" eId="container_22">
          <p xml:space="preserve">
            <span class="bold italic">وإذ تقر</span> بالتأثير السلبي للتقلب المفرط في أسعار السلع الأساسية، وخاصة على النساء والفتيات والشباب والأشخاص الذين يعيشون في أوضاع هشة،</p>
      </container>
      <container name="وإذ تقر أيضا" eId="container_23">
          <p xml:space="preserve">
            <span class="bold italic">	وإذ تقر أيضا</span> بأن القيود الهيكلية التي تواجهها المرأة باعتبارها عنصراً فاعلا في الحياة الاقتصادية، ومن ضمنها التجزؤ في العمل ذي القيمة المضافة المنخفضة أو في العمل المعيشي، وعدم المساواة في الحصول على الموارد الإنتاجية، وقلة إمكانيات الحصول على التدريب واكتساب المهارات بسبب التفرقة بين الجنسين في مجال التعليم وأسواق العمل والافتقار إلى الموارد، وكذلك العبء الثقيل من العمل غير المدفوع الأجر، كلها أمورٌ تجعل النساء والفتيات معرضات بوجه خاص للأثر السلبي للتقلب المفرط في أسعار السلع الأساسية،</p>
      </container>
      <container name="وإذ تؤكد " eId="container_24">
        <p xml:space="preserve">
          <span class="bold italic">	وإذ تؤكد </span>أهمية وضع سياسات لمعالجة القضايا الهيكلية الأطول أجلا، بما فيها القيود الهيكلية التي تواجهها المرأة باعتبارها عنصراً فاعلاً في الحياة الاقتصادية، من أجل تنويع الاقتصادات التي تعتمد على السلع الأساسية وإدماج السياسات المتعلقة بالسلع الأساسية في استراتيجيات أوسع نطاقاً للتنمية والقضاء على الفقر على جميع المستويات،</p>
      </container>
      <container name="وإذ تقر " eId="container_25">
          <p xml:space="preserve">
            <span class="bold italic">وإذ تقر</span> بأن حالة الارتياب السائدة في أسواق السلع الأساسية العالمية تعزز الحاجة إلى معالجة إشكالية السلع الأساسية معالجة شاملة، بما يشمل أموراً منها الطلب على السلع الأساسية وقدرات الإمداد وإيرادات السلع الأساسية والاستثمارات في الاقتصادات التي تعتمد على السلع الأساسية، مع إيلاء الاعتبار الواجب لتنوع أوضاع واحتياجات فرادى البلدان ولتعزيز تنميتها المستدامة، وإلى توطيد العلاقة بين جملة أمور، منها التجارة والتمويل والاستثمار في الزراعة المستدامة والنظم الغذائية والطاقة والتصنيع،</p>
      </container>
      <container name="وإذ تلاحظ" eId="container_26">
        <p xml:space="preserve">
          <span class="bold italic">وإذ تلاحظ</span> العمل على بناء توافق في الآراء بشأن المسائل المتصلة بالسلع الأساسية الذي يتم عن طريق اجتماعات مؤتمر الأمم المتحدة للتجارة والتنمية، بما فيها اجتماعات الخبراء المتعددة السنوات المعنية بالسلع الأساسية والتنمية والمنتدى العالمي للسلع الأساسية والمؤتمر والمعرض الأفريقيان لتجارة النفط والغاز والمناجم والتمويل المتعلق بهما،</p>
      </container>
      <container name="وإذ تؤكد " eId="container_27">
        <p xml:space="preserve">
          <span class="bold italic">	وإذ تؤكد </span>أهمية توفير معلومات دقيقة وشفافة في الوقت المناسب لضمان اشتغال أسواق السلع الأساسية الغذائية على الوجه المناسب، وفقا لخطة عام 2030، وإذ تلاحظ المبادرات العالمية والإقليمية، بما فيها نظام المعلومات المتعلقة بالأسواق الزراعية ومنتدى الاستجابة السريعة التابع له، والمبادرة المشتركة بين المنظمات لنشر البيانات، وغيرهما من النظم والبرامج الإقليمية للبيانات، وإذ تحث المنظمات الدولية المشاركة فيها والجهات الفاعلة في القطاع الخاص والحكومات على كفالة نشر مواد إعلامية عالية الجودة عن أسواق الأغذية في الوقت المناسب،</p>
      </container>
      <container name="وإذ تعرب عن بالغ القلق" eId="container_28">
        <p xml:space="preserve">
          <span class="bold italic">وإذ تعرب عن بالغ القلق</span> مما يحدِثه تغير المناخ والظواهر المناخية الشديدة من آثار سلبية على إمكانية الحصول على السلع الأساسية الزراعية واستخدامها وأسعارها، مع التسليم في الوقت ذاته بأهمية دور الأراضي وإدارتها على نحو مستدام في المنظومة المناخية،</p>
      </container>
    </preamble>
    <mainBody>
      <paragraph eId="para_29" class="SingleTxt">
        <content eId="para_29__content">
          <p xml:space="preserve">	1 -	<span class="bold italic">تحيط علما</span> بتقرير الأمين العام عن الاتجاهات والتوقعات العالمية المتعلقة بالسلع الأساسية<sup>(</sup><authorialNote marker="14" placement="bottom" eId="authorialNote_14"><p xml:space="preserve">	()	<a href="https://undocs.org/ar/A/74/232">A/74/232</a>.</p></authorialNote><sup>)</sup>؛</p>
        </content>
      </paragraph>
      <paragraph eId="para_30" class="SingleTxt">
        <content eId="para_30__content">
          <p xml:space="preserve">	2 -	<span class="bold italic">تسلم</span> بالترابط الوثيق بين الأداء الكافي والشفاف لأسواق السلع الأساسية وقدرة بعض البلدان التي تعتمد على السلع الأساسية على تحصيل الإيرادات الضريبية المناسبة من صادرات السلع الأساسية وتعبئة المصادر المحلية لدعم تحقيق أهداف التنمية المستدامة، بوسائل تتمثل أساساً في النمو الاقتصادي المستدام والشامل والتصنيع والعمل اللائق وتنويع الأسواق؛</p>
        </content>
      </paragraph>
      <paragraph eId="para_31" class="SingleTxt">
        <content eId="para_31__content">
          <p xml:space="preserve">	3 -	<span class="bold italic">تشجع</span> على دعم البلدان النامية لتقوم، وفقاً لخططها وسياساتها الوطنية وباستخدام المساعدة التقنية، بزيادة قدرتها على اكتشاف ومنع ممارسات التلاعب بالتسعير التجاري في قطاعات السلع الأساسية لديها، حتى تزيد من الفوائد التي تعود عليها من هذه القطاعات لدعم تحقيق أهداف التنمية المستدامة؛</p>
        </content>
      </paragraph>
      <paragraph eId="para_32" class="SingleTxt">
        <content eId="para_32__content">
          <p xml:space="preserve">	4 -	<span class="bold italic">تكرر تأكيد</span> ضرورة بذل المزيد من الجهود للتصدي للتقلب المفرط في أسعار السلع الأساسية، بسبل تشمل على وجه الخصوص مساعدة المنتجين، ولا سيما صغار المنتجين ومن ضمنهم النساء، على إدارة المخاطر، وفقاً للخطط والسياسات الوطنية؛</p>
        </content>
      </paragraph>
      <paragraph eId="para_33" class="SingleTxt">
        <content eId="para_33__content">
          <p xml:space="preserve">	5 -	<span class="bold italic">تشدد</span> على أن البلدان النامية، بما فيها البلدان الأفريقية وأقل البلدان نموا والبلدان النامية غير الساحلية والدول الجزرية الصغيرة النامية، تواجه تحديات خاصة لأن انخفاض أسعار السلع الأساسية التي ينتجونها يهدد النمو المستدام وحالة الديون في هذه البلدان، وبالتالي تلاحظ في هذا السياق أن التنويع الاقتصادي وتنويع الصادرات وتوليد القيمة المضافة والتصنيع يمكن أن تسهم في تعزيز قدرة هذه البلدان على الصمود في مواجهة التقلّب المفرط في الأسعار، عن طريق تمكينها من جني إيرادات من مصادر متنوعة؛</p>
        </content>
      </paragraph>
      <paragraph eId="para_34" class="SingleTxt">
        <content eId="para_34__content">
          <p xml:space="preserve">	6 -	<span class="bold italic">تقر </span>بالحاجة إلى مواصلة بذل الجهود من أجل تنويع الاقتصادات وتحسين تنظيم الأسواق المالية وأسواق السلع الأساسية، وتحسين كفاءتها وتجاوبها وأدائها وشفافيتها، عند الاقتضاء، على كل من الصعيد الوطني والإقليمي والدولي؛</p>
        </content>
      </paragraph>
      <paragraph eId="para_35" class="SingleTxt">
        <content eId="para_35__content">
          <p xml:space="preserve">	7 -	<span class="bold italic">تسلم</span> بوجود استراتيجيتين رئيسيتين للتنويع، تتمثل إحداهما في التنويع الأفقي لتصدير أنواع مختلفة من السلع الأساسية والمنتجات الأخرى والتصدير إلى أسواق مختلفة، والأخرى في التنويع الرأسي من خلال توليد القيمة المضافة، وتلاحظ أن استراتيجيتي التنويع هاتين يمكنهما الإسهام في إيجاد وظائف دائمة ودعم عملية تصنيع تتسم بالشمول والاستدامة بغية تحقيق أهداف التنمية المستدامة؛</p>
        </content>
      </paragraph>
      <paragraph eId="para_36" class="SingleTxt">
        <content eId="para_36__content">
          <p xml:space="preserve">	8 -	<span class="bold italic">تهيب</span> بالمجتمع الدولي أن يدعم الجهود التي تبذلها البلدان النامية المعتمدة على السلع الأساسية وأن يعزز التعاون معها من أجل التصدي للعوامل التي تحدث عوائق هيكلية أمام التجارة الدولية وتعرقل أمورا من بينها التنويع، بما في ذلك الحواجز الجمركية وغير الجمركية، ومحدودية فرص الحصول على الخدمات المالية، مما يؤدي إلى ندرة الموارد المتاحة للاستثمار في قطاع السلع الأساسية، وضعف الهياكل الأساسية، ولا سيما في ما يتعلق بتكلفة وسائل النقل والتخزين ومدى توافرها، ونقص المهارات في مجال إنتاج وتسويق المنتجات البديلة؛</p>
        </content>
      </paragraph>
      <paragraph eId="para_37" class="SingleTxt">
        <content eId="para_37__content">
          <p xml:space="preserve">	9 -	<span class="bold italic">تشدد</span> على أهمية تعزيز التعاون بين القطاعين العام والخاص، وارتفاع مستويات الاستثمار في البلدان النامية المعتمدة على السلع الأساسية لتشجيع التنويع وتحسين الهياكل الإنتاجية المدمجة في سلاسل القيمة العالمية من أجل التنمية المستدامة؛</p>
        </content>
      </paragraph>
      <paragraph eId="para_38" class="SingleTxt">
        <content eId="para_38__content">
          <p xml:space="preserve">	10 -	<span class="bold italic">تتطلع</span> إلى عقد المؤتمر الوزاري الثاني عشر لمنظمة التجارة العالمية في نور سلطان، في الفترة من 8 إلى 11 حزيران/يونيه 2020؛</p>
        </content>
      </paragraph>
      <paragraph eId="para_39" class="SingleTxt">
        <content eId="para_39__content">
          <p xml:space="preserve">	11 -	<span class="bold italic">تلاحظ مع القلق</span> بطء التعافي من الأزمة الاقتصادية والمالية الشديدة التي حدثت في عام 2008 وتفاوته، على الرغم من تعزيز النشاط الاقتصادي العالمي في الآونة الأخيرة، إذ لا يزال النمو ضعيفا في بلدان عديدة ولا تزال أسعار السلع الزراعية وغيرها من السلع متدنِّية بينما تتفاقم أوجه عدم المساواة، وتسلّم بأن التجارة الدولية يمكن أن تؤدي دورا في إنجاز خطة التنمية المستدامة لعام 2030<sup>(</sup><authorialNote marker="15" placement="bottom" eId="authorialNote_15"><p xml:space="preserve">	()	القرار <a href="https://undocs.org/ar/A/RES/70/1">70/1</a>.</p></authorialNote><sup>)</sup> وتحقيق نمو مستدام وقوي ومتوازن تعمّ فوائده الجميع؛</p>
        </content>
      </paragraph>
      <paragraph eId="para_40" class="SingleTxt">
        <content eId="para_40__content">
          <p xml:space="preserve">	12 <span class="italic">-</span><span class="bold italic">	تدعو </span>إلى اتخاذ مجموعة متسقة من الإجراءات السياساتية على كل من الصعيد الوطني والإقليمي والدولي لمعالجة التقلبات المفرطة في الأسعار ودعم البلدان النامية المعتمدة على السلع الأساسية في التخفيف من الآثار السلبية، وخصوصاً بتسهيل تحقيق القيمة المضافة وتعزيز مشاركة هذه البلدان في سلاسل الأنشطة المضيفة للقيمة للسلع الأساسية والمنتجات المتصلة بها، وبدعم تنويع هذه الاقتصادات على نطاق كبير، وبتشجيع استخدام ومواصلة تطوير أدوات وصكوك واستراتيجيات لإدارة المخاطر تكون موجهة نحو السوق؛</p>
        </content>
      </paragraph>
      <paragraph eId="para_41" class="SingleTxt">
        <content eId="para_41__content">
          <p xml:space="preserve">	13 -	<span class="bold italic">تؤكد</span> أهمية وضع وتعزيز السياسات والاستراتيجيات الزراعية التي تعترف بالدور الحاسم الذي تضطلع به المرأة في مجال الأمن الغذائي وتحسين النتائج المتحققة في مجال التغذية وتتناوله بوصفه جزءاً لا يتجزأ من تدابير التصدي في الأجلين القصير والطويل لانعدام الأمن الغذائي وسوء التغذية، والأزمات الغذائية في البلدان النامية؛</p>
        </content>
      </paragraph>
      <paragraph eId="para_42" class="SingleTxt">
        <content eId="para_42__content">
          <p xml:space="preserve">	14 -	<span class="bold italic">تسلم</span> بوجود إمكانيات للابتكار وتحسين الإنتاجية وتعزيز الصادرات غير التقليدية في معظم البلدان النامية المعتمدة على السلع الأساسية، ولا سيما في أفريقيا، وتدعو إلى تعزيز الدعم المقدم من المجتمع الدولي، وكذلك تبادل الخبرات في هذه المجالات في إطار التعاون الاقتصادي في ما بين بلدان الجنوب؛</p>
        </content>
      </paragraph>
      <paragraph eId="para_43" class="SingleTxt">
        <content eId="para_43__content">
          <p xml:space="preserve">	15 -	<span class="bold italic">تشدد </span>على أهمية زيادة الاستثمارات في الهياكل الأساسية العالية الجودة والموثوقة والمستدامة والقادرة على الصمود باعتبارها وسيلة لتعزيز التنمية الزراعية المستدامة وزيادة التنويع في السلع الأساسية، بما في ذلك الإنتاج ذو القيمة المضافة، والتجارة بهذه السلع، وتحث المجتمع الدولي على مساعدة البلدان النامية المعتمدة على السلع الأساسية في أن تعمم، استناداً إلى الظروف والأولويات الإنمائية الوطنية، سياسات تجارية وكذلك سياسات استثمارية ومالية سليمة بوصفها عناصر رئيسية لاستراتيجيات التنمية، وعلى مساعدة تلك البلدان على الاستثمار في البحث والابتكار والتطوير في مجال الإنتاجية الزراعية المستدامة ودعمها؛</p>
        </content>
      </paragraph>
      <paragraph eId="para_44" class="SingleTxt">
        <content eId="para_44__content">
          <p xml:space="preserve">	16 -	<span class="bold italic">تؤكد</span> أن المساعدة التقنية وبناء القدرات الهادفين إلى تحسين قدرة المنتجين على التنافس في مجال تصدير السلع الأساسية لهما أهمية خاصة بالنسبة للبلدان النامية، وبخاصة في أفريقيا، وتدعو الدول الأعضاء وجميع أصحاب المصلحة المعنيين إلى توفير الموارد الضرورية لغرض المساعدة المالية والتقنية المخصصة تحديداً للسلع الأساسية، وبخاصة لبناء القدرات البشرية والمؤسسية، بما فيها الإجراءات المراعية للاعتبارات الجنسانية، وكذلك تطوير الهياكل الأساسية العالية الجودة والموثوقة والمستدامة والقادرة على الصمود للبلدان النامية، بغية الحد من العوائق المؤسسية وخفض تكاليف المعاملات وتعزيز تجارة السلع الأساسية فيها وتنميتها وفقا لخطط التنمية الوطنية؛</p>
        </content>
      </paragraph>
      <paragraph eId="para_45" class="SingleTxt">
        <content eId="para_45__content">
          <p xml:space="preserve">	17 -	<span class="bold italic">تؤكد أيضا</span> ضرورة أن يكون الهدف من مبادرة المعونة التجارية مساعدة البلدان النامية، ولا سيما أقل البلدان نمواً، على بناء ما تحتاج إليه من قدرات في ما يتعلق بجانب العرض ومن هياكل أساسية تتصل بالتجارة ليتسنى لها تنفيذ اتفاقات منظمة التجارة العالمية والاستفادة منها والقيام، بشكل أعم، بتوسيع نطاق تجارتها؛</p>
        </content>
      </paragraph>
      <paragraph eId="para_46" class="SingleTxt">
        <content eId="para_46__content">
          <p xml:space="preserve">	18 -	<span class="bold italic">تشير</span> إلى الاتفاق على أن يواصل المؤتمر الوزاري والهيئات المختصة في منظمة التجارة العالمية استعراض تأثير نتائج جولة أوروغواي على أقل البلدان نمواً والبلدان النامية المستوردة الصافية للأغذية استعراضاً منتظماً، بهدف اتخاذ تدابير إيجابية لتمكين هذه البلدان من تحقيق أهدافها الإنمائية، وتدعو في هذا الصدد إلى تنفيذ قرار مراكش الوزاري الخاص بالتدابير المتعلقة بما قد يحدث من آثار سلبية لبرنامج الإصلاح على أقل البلدان نموا والبلدان النامية المستوردة الصافية للأغذية؛</p>
        </content>
      </paragraph>
      <paragraph eId="para_47" class="SingleTxt">
        <content eId="para_47__content">
          <p xml:space="preserve">	19 -	<span class="bold italic">تشجع </span>البلدان المتقدمة النمو التي لم تقم بعد باتخاذ خطوات نحو بلوغ الهدف المتمثل في تنفيذ عملية وصول منتجات أقل البلدان نمواً جميعها إلى الأسواق بصورة دائمة دون أن تخضع لرسوم جمركية أو حصص، والبلدان النامية التي تعلن أنها في وضع يسمح لها بالقيام بذلك، على أن تفعل ذلك، بما يتفق وإعلان هونغ كونغ الوزاري الذي اعتمدته منظمة التجارة العالمية في عام 2005؛</p>
        </content>
      </paragraph>
      <paragraph eId="para_48" class="SingleTxt">
        <content eId="para_48__content">
          <p xml:space="preserve">	20 -	<span class="bold italic">تشجع بقوة </span>المؤسسات المالية الدولية ومصارف التنمية الدولية على أن تساعد البلدان النامية، وبخاصة البلدان النامية المعتمدة على السلع الأساسية، في معالجة آثار تقلبات أسعار السلع الأساسية، بما فيها التقلبات المفرطة؛</p>
        </content>
      </paragraph>
      <paragraph eId="para_49" class="SingleTxt">
        <content eId="para_49__content">
          <p xml:space="preserve">	21 -	<span class="bold italic">تؤكد من جديد</span> أن لكل دولة سيادة دائمة كاملة من حقها أن تمارسها بحرية على كل ثرواتها ومواردها الطبيعية وأنشطتها الاقتصادية؛</p>
        </content>
      </paragraph>
      <paragraph eId="para_50" class="SingleTxt">
        <content eId="para_50__content">
          <p xml:space="preserve">	22 -	<span class="bold italic">تسلم</span> بأهمية زيادة الكفاءة والفعالية والشفافية في إدارة إيرادات القطاعين العام والخاص في البلدان المتقدمة النمو والبلدان النامية المتأتية من جميع السلع الأساسية والصناعات المرتبطة بالسلع الأساسية، بما فيها السلع التامة الصنع، دعماً للتنمية؛</p>
        </content>
      </paragraph>
      <paragraph eId="para_51" class="SingleTxt">
        <content eId="para_51__content">
          <p xml:space="preserve">	23 -	<span class="bold italic">تحيط علما</span> بالمساهمات الهامة للصندوق المشترك للسلع الأساسية والمنظمات الدولية الأخرى المعنية بالسلع الأساسية، وتشجعهما على القيام، بالتعاون مع مركز التجارة الدولية ومؤتمر الأمم المتحدة للتجارة والتنمية ومنظمة الأمم المتحدة للتنمية الصناعية والهيئات الأخرى المعنية، بتعزيز التنسيق فيما بينها وتحديد وتنفيذ تدابير مبتكرة لتمكين قطاع السلع الأساسية من الإسهام بشكل مستدام في التنمية الاقتصادية، بما يشمل التوصل إلى طرق للحد من القابلية للتضرر من تقلبات أسعار السلع الأساسية وتعزيز الأنشطة المضطلع بها في البلدان النامية بهدف تحسين فرص الوصول إلى الأسواق وإمكانية التعويل على عرض هذه السلع، وتعزيز التنويع وإضافة القيمة، وتحسين القدرة التنافسية للسلع الأساسية وتمتين سلسلة الأسواق وتحسين هياكل الأسواق وتوسيع قاعدة الصادرات وضمان مشاركة جميع أصحاب المصلحة بشكل فعال، استنادا إلى فهم مشترك لإسهام السلع الأساسية في التنمية المستدامة؛</p>
        </content>
      </paragraph>
      <paragraph eId="para_52" class="SingleTxt">
        <content eId="para_52__content">
          <p xml:space="preserve">	24 -	<span class="bold italic">تؤكد</span> ضرورة أن يواصل مؤتمر الأمم المتحدة للتجارة والتنمية وشركاؤه، بروح من التعاون المشترك بين الوكالات والشراكات التي تضم أصحاب مصلحة متعددين وضمن ولاية كل منهم، مشاركتهم الفعالة في إجراء بحوث وتحليلات ذات نهج تعاوني لإشكالية السلع الأساسية وما يتصل بذلك من أنشطة في مجال بناء القدرات وتوافق الآراء ليتسنى بانتظام توفير التحليلات والمشورة في مجال السياسة العامة المتصلة بالتنمية المستدامة للبلدان النامية المعتمدة على السلع الأساسية، ولا سيما البلدان المنخفضة الدخل؛</p>
        </content>
      </paragraph>
      <paragraph eId="para_53" class="SingleTxt">
        <content eId="para_53__content">
          <p xml:space="preserve">	25 -	<span class="bold italic">تتطلع</span> إلى عقد الدورة الخامسة عشرة لمؤتمر الأمم المتحدة للتجارة والتنمية في بربادوس في الفترة من 18 إلى 23 تشرين الأول/أكتوبر 2020؛ </p>
        </content>
      </paragraph>
      <paragraph eId="para_54" class="SingleTxt">
        <content eId="para_54__content">
          <p xml:space="preserve">	26 -	<span class="bold italic">تؤكد </span>أهمية تيسير سبل الانضمام إلى منظمة التجارة العالمية، ولا سيما بالنسبة للبلدان النامية المعتمدة على السلع الأساسية، بما يتفق تماماً وقواعدها؛</p>
        </content>
      </paragraph>
      <paragraph eId="para_55" class="SingleTxt">
        <content eId="para_55__content">
          <p xml:space="preserve">	27 -<span class="bold italic">	تشدد</span> على الحاجة الماسة إلى توفير التمويل اللازم للتجارة للبلدان النامية المعتمدة على السلع الأساسية وحصولها عليه في ضوء تزايد صعوبة الحصول على جميع أنواع الائتمان ومع مراعاة القدرة على تحمل الديون؛</p>
        </content>
      </paragraph>
      <paragraph eId="para_56" class="SingleTxt">
        <content eId="para_56__content">
          <p xml:space="preserve">	28 -	<span class="bold italic">ترحب</span> بالالتزام بمضاعفة الجهود للحد بقدر كبير من التدفقات المالية غير المشروعة بحلول عام 2030، بغية القضاء عليها في نهاية المطاف؛</p>
        </content>
      </paragraph>
      <paragraph eId="para_57" class="SingleTxt">
        <content eId="para_57__content">
          <p xml:space="preserve">	29 -	<span class="bold italic">تؤكد</span> أن الإيرادات المتأتية من إنتاج السلع الأساسية وصادراتها تظل بالغة الأهمية بالنسبة للبلدان النامية، ولا سيما في سياق تنفيذ خطة عام 2030، نظرا إلى حاجة البلدان النامية إلى تعبئة الموارد من أجل تحقيق أهداف التنمية المستدامة وأن أسعار السلع الأساسية ظلت تتراجع منذ عام 2011، وهو الأمر الذي شكل ضغطا على الميزانيات الحكومية في البلدان النامية؛</p>
        </content>
      </paragraph>
      <paragraph eId="para_58" class="SingleTxt">
        <content eId="para_58__content">
          <p xml:space="preserve">	30 -	<span class="bold italic">تدعو </span>رئيس الجمعية العامة إلى تنظيم جلسة تحاور غير رسمية في الجمعية العامة لمدة يوم واحد بشأن أسواق السلع الأساسية في النصف الأول من عام 2020 لاستعراض الاتجاهات والتوقعات العالمية المتعلقة بالسلع الأساسية، والاستراتيجيات الممكنة للتنويع الاقتصادي وتنويع الصادرات وكذلك توليد القيمة المضافة من أجل التنمية المستدامة، خاصة في البلدان النامية المعتمدة على السلع الأساسية، بهدف تبادل الخبرات والدروس المستفادة، في موعد وشكل يقررهما رئيس الجمعية العامة؛</p>
        </content>
      </paragraph>
      <paragraph eId="para_59" class="SingleTxt">
        <content eId="para_59__content">
          <p xml:space="preserve">	31 -	<span class="bold italic">تهيب </span>بجميع هيئات منظومة الأمم المتحدة ووكالاتها وصناديقها وبرامجها المعنية وغيرها من المنظمات الحكومية الدولية والعالمية والإقليمية ودون الإقليمية المعنية، بما فيها على وجه الخصوص مؤتمر الأمم المتحدة للتجارة والتنمية وجميع المؤسسات المالية والاقتصادية الدولية المعنية أن تواصل، في حدود ولاية كل منها، بحث مسألة قلة التصنيع والتنويع في اقتصادات بعض البلدان النامية التي تعتمد على السلع الأساسية في ما يتعلق بقدرة الدول الأعضاء على تحقيق جميع أهداف التنمية المستدامة بحلول عام 2030؛</p>
        </content>
      </paragraph>
      <paragraph eId="para_60" class="SingleTxt">
        <content eId="para_60__content">
          <p xml:space="preserve">	32 -	<span class="bold italic">تطلب</span> إلى الأمين العام أن يقدم، بالتعاون مع أمانة مؤتمر الأمم المتحدة للتجارة والتنمية، إلى الجمعية العامة في دورتها السادسة والسبعين تقريراً عملي المنحى عن تنفيذ هذا القرار، مع التركيز بشكل خاص على التوصيات والاستراتيجيات المتعلقة بالتنويع الاقتصادي وتنويع الصادرات وإنتاج السلع الأساسية وتوليد القيمة المضافة من أجل التنمية المستدامة، باتساق مع تنفيذ خطة عمل أديس أبابا الصادرة عن المؤتمر الدولي الثالث لتمويل التنمية <sup>(</sup><authorialNote marker="16" placement="bottom" eId="authorialNote_16"><p xml:space="preserve">	()	القرار <a href="https://undocs.org/ar/A/RES/69/313">69/313</a>، المرفق.</p></authorialNote><sup>)</sup>، وتقرر في هذا الصدد أن تدرج، ضمن البند المعنون ”المسائل المتعلقة بسياسات الاقتصاد الكلي“ من جدول الأعمال المؤقت لدورتها السادسة والسبعين، البندَ الفرعي المعنون ”السلع الأساسية“.</p>
        </content>
      </paragraph>
    </mainBody>
    <conclusions eId="conclusions">
      <p>
        <inline name="adoptionMeeting" title="52">الجلسة العامة 52</inline>
        <eol />
        <docDate date="2019-12-19" refersTo="#adoptionDate">19 كانون الأول/ديسمبر 2019</docDate>
      </p>
    </conclusions>
  </statement>
</akomaNtoso>