<akomaNtoso xmlns:xsi="http://www.w3.org/2001/XMLSchema-instance" xsi:schemaLocation="http://docs.oasis-open.org/legaldocml/ns/akn/3.0 http://docs.oasis-open.org/legaldocml/akn-core/v1.0/os/part2-specs/schemas/akomantoso30.xsd" xmlns="http://docs.oasis-open.org/legaldocml/ns/akn/3.0" xmlns:html="http://www.w3.org/1999/xhtml" xmlns:akn4un="http://un.org/akn4un">
  <statement name="resolution">
    <meta>
      <identification source="#DGACM">
        <FRBRWork>
          <FRBRthis value="/akn/un/statement/deliberation/unga/2019-12-27/74-254/!main/"></FRBRthis>
          <FRBRuri value="/akn/un/statement/deliberation/unga/2019-12-27/74-254/"></FRBRuri>
          <FRBRdate date="2019-12-27" name="adoption"></FRBRdate>
          <FRBRauthor href="ga" as="author"></FRBRauthor>
          <FRBRcountry value="un"></FRBRcountry>
        </FRBRWork>
        <FRBRExpression>
          <FRBRthis value="/akn/un/statement/deliberation/unga/2019-12-27/74-254/ara@!main/"></FRBRthis>
          <FRBRuri value="/akn/un/statement/deliberation/unga/2019-12-27/74-254/ara@/"></FRBRuri>
          <FRBRdate date="2020-01-09" name="publication"></FRBRdate>
          <FRBRauthor href="ga" as="issuer"></FRBRauthor>
          <FRBRlanguage language="ara"></FRBRlanguage>
        </FRBRExpression>
        <FRBRManifestation>
          <FRBRthis value="/akn/un/statement/deliberation/unga/2019-12-27/74-254/ara@/!main.xml"></FRBRthis>
          <FRBRuri value="/akn/un/statement/deliberation/unga/2019-12-27/74-254/ara@.xml"></FRBRuri>
          <FRBRdate date="2020-09-02" name="markup"></FRBRdate>
          <FRBRauthor href="DGACM" as="editor"></FRBRauthor>
        </FRBRManifestation>
      </identification>
      <classification source="http://metadata.un.org/sdg">
        <keyword value="5" href="http://metadata.un.org/sdg/5" showAs="sdg_5" dictionary="SDGO"></keyword>
        <keyword value="gender_equality" href="http://eurovoc.europa.eu/3913" showAs="gender_equality" dictionary="EuroVoc"></keyword>
        <keyword value="participation_of_women" href="http://eurovoc.europa.eu/2265" showAs="participation_of_women" dictionary="EuroVoc"></keyword>
        <keyword value="women&amp;#39;s_rights" href="http://eurovoc.europa.eu/585" showAs="women&amp;#39;s_rights" dictionary="EuroVoc"></keyword>
        <keyword value="position_of_women" href="http://eurovoc.europa.eu/81" showAs="position_of_women" dictionary="EuroVoc"></keyword>
        <keyword value="women" href="http://metadata.un.org/thesaurus/1007029" showAs="women" dictionary="UNBIS Thesaurus"></keyword>
        <keyword value="gender_equality" href="http://metadata.un.org/thesaurus/1002612" showAs="gender_equality" dictionary="UNBIS Thesaurus"></keyword>
        <keyword value="girls" href="http://metadata.un.org/thesaurus/1002684" showAs="girls" dictionary="UNBIS Thesaurus"></keyword>
      </classification>
      <classification source="http://metadata.un.org/sdg">
        <keyword value="1.5" href="http://metadata.un.org/sdg/1.5" showAs="sdg_1.5" dictionary="SDGO"></keyword>
      </classification>
      <classification source="http://metadata.un.org/sdg">
        <keyword value="11.b" href="http://metadata.un.org/sdg/11.b" showAs="sdg_11.b" dictionary="SDGO"></keyword>
      </classification>  
      <classification source="http://metadata.un.org/sdg">
        <keyword value="13.1" href="http://metadata.un.org/sdg/13.1" showAs="sdg_13.1" dictionary="SDGO"></keyword>
      </classification> 
      <classification source="http://metadata.un.org/sdg">
        <keyword value="6.b" href="http://metadata.un.org/sdg/6.b" showAs="sdg_6.b" dictionary="SDGO"></keyword>
      </classification>  
      <workflow source="#un">
        <step date="2019-12-27" outcome="draftResolution" as="A/C.5/74/L.21" by="submitted by the Chair of the Committee" />
        <step date="0001-01-01" outcome="draftResolutionAdditionalSponsors" by="" />
        <step date="0001-01-01" outcome="recommendedForAdoption" as="A/74/615" by="" refersTo="6" />
        <step date="2019-12-27" outcome="adopted" as="A/74/PV.52" by="" />
      </workflow>
      <analysis source="#un">
        <parliamentary>
          <voting outcome="adoptedWithoutVote">
            <quorum value=""></quorum>
          </voting>
        </parliamentary>
      </analysis>
      <references source="#DGACM">
        <TLCOrganization eId="source" href="/akn/ontology/organization/un/DGACM" showAs="DGACM"></TLCOrganization>
        <TLCConcept eId="dateOfIssuance" href="/akn/ontology/concept/un/dateOfIssuance" showAs="Date of issuance"></TLCConcept>
        <TLCConcept eId="dateOfAdoption" href="/akn/ontology/concept/un/dateOfAdoption" showAs="Date of adoption"></TLCConcept>
        <TLCConcept eId="symbol" href="/akn/ontology/reference/un/symbol" showAs="Symbol"></TLCConcept>
        <TLCRole eId="publisher" href="/akn/ontology/role/un/publisher" showAs="Publisher"></TLCRole>
        <TLCRole eId="issuingBody" href="/akn/role/concept/un/issuingBody" showAs="Issuing body"></TLCRole>
        <TLCRole eId="author" href="/akn/ontology/role/un/author" showAs="Author"></TLCRole>
        <TLCRole eId="editor" href="/akn/ontology/role/un/editor" showAs="Editor"></TLCRole>
        <TLCRole eId="distribution" href="/akn/ontology/concept/un/generalDistribution" showAs="General distribution"></TLCRole>
        <TLCOrganization eId="ga" href="/akn/ontology/organization/un/generalAssembly" showAs="General Assembly"></TLCOrganization>
        <TLCTerm eId="resolutionTitle" href="/akn/ontology/reference/un/resolutionTitle" showAs="Resolution title"></TLCTerm>
        <TLCTerm eId="fifthCommittee" href="#fifthCommittee" showAs="اللجنة الخامسة"></TLCTerm>
        <TLCTerm eId="memberState" href="/akn/ontology/organization/un/memberState" showAs="Member State"></TLCTerm>
        <TLCTerm eId="inFavour" href="/akn/ontology/concept/un/voting/inFavour" showAs="In favour"></TLCTerm>
        <TLCTerm eId="against" href="/akn/ontology/concept/un/voting/against" showAs="Against"></TLCTerm>
        <TLCTerm eId="abstaining" href="/akn/ontology/concept/un/voting/abstaining" showAs="Abstaining"></TLCTerm>
      </references>
      <presentation source="#un">
        <akn4un:footerFirstPage>
          <akn4un:footerFirstPageLeft>
            <akn4un:internalCode>
              <docketNumber refersTo="#publicationJobNumber">19-22682 (A)</docketNumber>
              <img alt="bar code" class="barCode" src=""></img>
            </akn4un:internalCode>
          </akn4un:footerFirstPageLeft>
          <akn4un:footerFirstPageRight>
            <img alt="Please recycle" class="image" src="./recylcleLogo.jpg"></img>
            <img alt="embedded QR code" class="qrCode" src=""></img>
          </akn4un:footerFirstPageRight>
        </akn4un:footerFirstPage>
      </presentation>
    </meta>
    <coverPage eId="coverPage_1">
      <p>
        <span refersTo="#publisher" class="upperLeft">
          <docAuthority refersTo="#publisher">الأمــم المتحـدة</docAuthority>
        </span>
      </p>
      <p class="upperRight">
        <docNumber refersTo="#symbol">A/RES/74/254</docNumber>
      </p>
      <p class="upperLeft">
        <img src="logo-un.jpg"></img>
        <docAuthority refersTo="#issuingBody" class="rightBig">الجمعية العامة</docAuthority>
      </p>
      <p>
        <docStatus refersTo="#generalDistribution" class="rightSmall">Distr.: General</docStatus>
      </p>
      <p>
        <docDate date="2020-01-09" class="rightSmall" refersTo="#dateOfIssuance">9 January 2020</docDate>
      </p>
      <p>
        <session refersTo="#generalAssembly" value="74" eId="coverPage_1__session_1">الدورة الرابعة والسبعون</session>
      </p>
      <p>
        <inline name="agenda item">البند 140 من جدول الأعمال</inline>
      </p>
      <p>
        <inline name="agenda item name">إدارة الموارد البشرية</inline>
      </p>
      <p>
        <docTitle>قرار اتخذته الجمعية العامة في 27 كانون الأول/ديسمبر 2019</docTitle>
      </p>
      <p xml:space="preserve">
        <docProponent refersTo="#fifthCommittee">[بناء على تقرير اللجنة الخامسة (<inline name="originating document">A/74/615</inline>)]</docProponent>
      </p>
    </coverPage>
    <preface>
      <p>
        <docNumber>74/254.</docNumber>
        <docTitle refersTo="#resolutionTitle">-	الأفراد العسكريون وأفراد الشرطة المعارون وهم في الخدمة الفعلية</docTitle>
      </p>
    </preface>
    <preamble>
      <formula name="enactingFormula" eId="formula_1">
        <p xml:space="preserve">
          <span class="bold italic">إن الجمعية العامة</span>
          <span class="bold">،</span>
        </p>
      </formula>
      <container name="إذ تشير" eId="container_2">
        <p xml:space="preserve">
          <span class="bold italic">	إذ تشير</span> إلى قراراتها <a href="https://undocs.org/ar/A/RES/67/287">67/287</a> المؤرخ 28 حزيران/يونيه 2013 و <a href="https://undocs.org/ar/A/RES/68/252">68/252</a> المؤرخ 27 كانون الأول/ديسمبر 2013 و <a href="https://undocs.org/ar/A/RES/71/263">71/263</a> المؤرخ 23 كانون الأول/ديسمبر 2016،</p>
      </container>
      <container name="	وقد نظرت" eId="container_3">
          <p xml:space="preserve">
            <span class="bold italic">	وقد نظرت</span> في مذكرة الأمين العام بشأن الأفراد العسكريين وأفراد الشرطة المعارين وهم في الخدمة الفعلية<sup>(</sup><authorialNote marker="1" placement="bottom" eId="authorialNote_1"><p xml:space="preserve">	()	<a href="https://undocs.org/ar/A/74/546">A/74/546</a>.</p></authorialNote><sup>)</sup> وفي تقرير اللجنة الاستشارية لشؤون الإدارة والميزانية ذي الصلة<sup>(</sup><authorialNote marker="2" placement="bottom" eId="authorialNote_2"><p xml:space="preserve">	()	<a href="https://undocs.org/ar/A/74/584">A/74/584</a>.</p></authorialNote><sup>)</sup>،</p>
      </container>
    </preamble>
    <mainBody>
      <paragraph eId="para_4" class="SingleTxt">
        <content eId="para_4__content">
          <p xml:space="preserve">	1 -	<span class="bold italic">تحيط علما</span> بمذكرة الأمين العام<sup>(1)</sup>؛</p>
        </content>
      </paragraph>
      <paragraph eId="para_5" class="SingleTxt">
        <content eId="para_5__content">
          <p xml:space="preserve">	2 -	<span class="bold italic">تؤيد</span> الاستنتاجات والتوصيات الواردة في تقرير اللجنة الاستشارية لشؤون الإدارة والميزانية<sup>(2)</sup>، رهنا بأحكام هذا القرار؛</p>
        </content>
      </paragraph>
      <paragraph eId="para_6" class="SingleTxt">
        <content eId="para_6__content">
          <p xml:space="preserve">	3 -	<span class="bold italic">تعرب عن أسفها البالغ</span> لعدم تمكّن الأمين العام منذ عام 2013 من إيجاد حلول لمعالجة أوجه التضارب بين التشريعات الوطنية والنظامين الأساسي والإداري لموظفي الأمم المتحدة فيما يتعلق بإعارة الأفراد العسكريين وأفراد الشرطة وهم في الخدمة الفعلية؛</p>
        </content>
      </paragraph>
      <paragraph eId="para_7" class="SingleTxt">
        <content eId="para_7__content">
          <p xml:space="preserve">	4 -	<span class="bold italic">تطلب </span>إلى الأمين العام أن يكثف جهوده الرامية إلى التواصل مع الدول الأعضاء واستطلاع جميع الخيارات الممكنة لتسوية أوجه التضارب، وأن يوافي الجمعية العامة في الجزء الأول من دورتها الرابعة والسبعين المستأنفة بتقرير عن تطورات هذه المسألة ويعرض عليها مقترحاته لمعالجة أوجه التضارب المذكورة؛</p>
        </content>
      </paragraph>
      <paragraph eId="para_8" class="SingleTxt">
        <content eId="para_8__content">
          <p xml:space="preserve">	5 -	<span class="bold italic">تحيط علما</span> بالفقرة 11 من تقرير اللجنة الاستشارية، وتقرر لغرض التوصل إلى حلول لمعالجة أوجه التضارب بين التشريعات الوطنية والنظامين الأساسي والإداري للموظفين أن تأذن للأمين العام بتمديد العمل حتى 30 حزيران/يونيه 2020 بالتدابير الاستثنائية المتعلقة بالأفراد العسكريين وأفراد الشرطة المعارين وهم في الخدمة الفعلية.</p>
        </content>
      </paragraph>
    </mainBody>
    <conclusions eId="conclusions">
      <p>
        <inline name="adoptionMeeting" title="52">الجلسة العامة (المستأنفة) 52</inline>
        <eol />
        <docDate date="2019-12-27" refersTo="#adoptionDate">27 كانون الأول/ديسمبر 2019</docDate>
      </p>
    </conclusions>
  </statement>
</akomaNtoso>