<akomaNtoso xmlns:xsi="http://www.w3.org/2001/XMLSchema-instance" xsi:schemaLocation="http://docs.oasis-open.org/legaldocml/ns/akn/3.0 http://docs.oasis-open.org/legaldocml/akn-core/v1.0/os/part2-specs/schemas/akomantoso30.xsd" xmlns="http://docs.oasis-open.org/legaldocml/ns/akn/3.0" xmlns:html="http://www.w3.org/1999/xhtml" xmlns:akn4un="http://un.org/akn4un">
  <statement name="resolution">
    <meta>
      <identification source="#DGACM">
        <FRBRWork>
          <FRBRthis value="/akn/un/statement/deliberation/unga/2020-06-30/74-294/!main/"></FRBRthis>
          <FRBRuri value="/akn/un/statement/deliberation/unga/2020-06-30/74-294/"></FRBRuri>
          <FRBRdate date="2020-06-30" name="adoption"></FRBRdate>
          <FRBRauthor href="ga" as="author"></FRBRauthor>
          <FRBRcountry value="un"></FRBRcountry>
        </FRBRWork>
        <FRBRExpression>
          <FRBRthis value="/akn/un/statement/deliberation/unga/2020-06-30/74-294/ara@!main/"></FRBRthis>
          <FRBRuri value="/akn/un/statement/deliberation/unga/2020-06-30/74-294/ara@/"></FRBRuri>
          <FRBRdate date="2020-07-15" name="publication"></FRBRdate>
          <FRBRauthor href="ga" as="issuer"></FRBRauthor>
          <FRBRlanguage language="ara"></FRBRlanguage>
        </FRBRExpression>
        <FRBRManifestation>
          <FRBRthis value="/akn/un/statement/deliberation/unga/2020-06-30/74-294/ara@/!main.xml"></FRBRthis>
          <FRBRuri value="/akn/un/statement/deliberation/unga/2020-06-30/74-294/ara@.xml"></FRBRuri>
          <FRBRdate date="2020-10-16" name="markup"></FRBRdate>
          <FRBRauthor href="DGACM" as="editor"></FRBRauthor>
        </FRBRManifestation>
      </identification>
      <classification source="http://metadata.un.org/sdg">
        <keyword value="2" href="http://metadata.un.org/sdg/2" showAs="sdg_2" dictionary="SDGO"></keyword>
        <keyword value="food_shortage" href="http://eurovoc.europa.eu/2318" showAs="food_shortage" dictionary="EuroVoc"></keyword>
        <keyword value="sustainable_agriculture" href="http://eurovoc.europa.eu/6308" showAs="sustainable_agriculture" dictionary="EuroVoc"></keyword>
        <keyword value="food_security" href="http://eurovoc.europa.eu/c_4523e1dd" showAs="food_security" dictionary="EuroVoc"></keyword>
        <keyword value="food_security" href="http://metadata.un.org/thesaurus/1002439" showAs="food_security" dictionary="UNBIS Thesaurus"></keyword>
        <keyword value="food_shortage" href="http://metadata.un.org/thesaurus/1002440" showAs="food_shortage" dictionary="UNBIS Thesaurus"></keyword>
        <keyword value="hunger" href="http://metadata.un.org/thesaurus/1003004" showAs="hunger" dictionary="UNBIS Thesaurus"></keyword>
        <keyword value="sustainable_agriculture" href="http://metadata.un.org/thesaurus/1006317" showAs="sustainable_agriculture" dictionary="UNBIS Thesaurus"></keyword>
      </classification>
      <classification source="http://metadata.un.org/sdg">
        <keyword value="3" href="http://metadata.un.org/sdg/3" showAs="sdg_3" dictionary="SDGO"></keyword>
        <keyword value="public_health" href="http://eurovoc.europa.eu/3885" showAs="public_health" dictionary="EuroVoc"></keyword>
        <keyword value="health" href="http://metadata.un.org/thesaurus/1002824" showAs="health" dictionary="UNBIS Thesaurus"></keyword>
      </classification>
      <classification source="http://metadata.un.org/sdg">
        <keyword value="4" href="http://metadata.un.org/sdg/4" showAs="sdg_4" dictionary="SDGO"></keyword>
        <keyword value="education" href="http://eurovoc.europa.eu/668" showAs="education" dictionary="EuroVoc"></keyword>
        <keyword value="right_to_education" href="http://eurovoc.europa.eu/512" showAs="right_to_education" dictionary="EuroVoc"></keyword>
        <keyword value="education" href="http://metadata.un.org/thesaurus/1001893" showAs="education" dictionary="UNBIS Thesaurus"></keyword>
      </classification>
      <workflow source="#un">
        <step date="2020-06-27" outcome="draftResolution" as="A/C.5/74/L.49" by="submitted by the Chair of the Committee following informal consultations" />
        <step date="0001-01-01" outcome="draftResolutionAdditionalSponsors" by="" />
        <step date="0001-01-01" outcome="recommendedForAdoption" as="A/74/922" refersTo="6" by="" />
        <step date="2020-06-30" outcome="adopted" as="Adopted through silence procedure" by="" />
      </workflow>
      <analysis source="#un">
        <parliamentary>
          <voting outcome="adoptedWithoutVote">
            <quorum value=""></quorum>
          </voting>
        </parliamentary>
      </analysis>
      <references source="#DGACM">
        <TLCOrganization eId="source" href="/akn/ontology/organization/un/DGACM" showAs="DGACM"></TLCOrganization>
        <TLCConcept eId="dateOfIssuance" href="/akn/ontology/concept/un/dateOfIssuance" showAs="Date of issuance"></TLCConcept>
        <TLCConcept eId="dateOfAdoption" href="/akn/ontology/concept/un/dateOfAdoption" showAs="Date of adoption"></TLCConcept>
        <TLCConcept eId="symbol" href="/akn/ontology/reference/un/symbol" showAs="Symbol"></TLCConcept>
        <TLCRole eId="publisher" href="/akn/ontology/role/un/publisher" showAs="Publisher"></TLCRole>
        <TLCRole eId="issuingBody" href="/akn/role/concept/un/issuingBody" showAs="Issuing body"></TLCRole>
        <TLCRole eId="author" href="/akn/ontology/role/un/author" showAs="Author"></TLCRole>
        <TLCRole eId="editor" href="/akn/ontology/role/un/editor" showAs="Editor"></TLCRole>
        <TLCRole eId="distribution" href="/akn/ontology/concept/un/generalDistribution" showAs="General distribution"></TLCRole>
        <TLCOrganization eId="ga" href="/akn/ontology/organization/un/generalAssembly" showAs="General Assembly"></TLCOrganization>
        <TLCTerm eId="resolutionTitle" href="/akn/ontology/reference/un/resolutionTitle" showAs="Resolution title"></TLCTerm>
        <TLCTerm eId="fifthCommittee" href="#fifthCommittee" showAs="اللجنة الخامسة"></TLCTerm>
        <TLCTerm eId="memberState" href="/akn/ontology/organization/un/memberState" showAs="Member State"></TLCTerm>
        <TLCTerm eId="inFavour" href="/akn/ontology/concept/un/voting/inFavour" showAs="In favour"></TLCTerm>
        <TLCTerm eId="against" href="/akn/ontology/concept/un/voting/against" showAs="Against"></TLCTerm>
        <TLCTerm eId="abstaining" href="/akn/ontology/concept/un/voting/abstaining" showAs="Abstaining"></TLCTerm>
      </references>
      <presentation source="#un">
        <akn4un:footerFirstPage>
          <akn4un:footerFirstPageLeft>
            <akn4un:internalCode>
              <docketNumber refersTo="#publicationJobNumber">20-08806 (A)</docketNumber>
              <img alt="bar code" class="barCode" src=""></img>
            </akn4un:internalCode>
          </akn4un:footerFirstPageLeft>
          <akn4un:footerFirstPageRight>
            <img alt="Please recycle" class="image" src="./recylcleLogo.jpg"></img>
            <img alt="embedded QR code" class="qrCode" src=""></img>
          </akn4un:footerFirstPageRight>
        </akn4un:footerFirstPage>
      </presentation>
    </meta>
    <coverPage eId="coverPage_1">
      <p>
        <span refersTo="#publisher" class="upperLeft">
          <docAuthority refersTo="#publisher">الأمــم المتحـدة</docAuthority>
        </span>
      </p>
      <p class="upperRight">
        <docNumber refersTo="#symbol">A/RES/74/294</docNumber>
      </p>
      <p class="upperLeft">
        <img src="logo-un.jpg"></img>
        <docAuthority refersTo="#issuingBody" class="rightBig">الجمعية العامة</docAuthority>
      </p>
      <p>
        <docStatus refersTo="#generalDistribution" class="rightSmall">Distr.: General</docStatus>
      </p>
      <p>
        <docDate date="2020-07-15" class="rightSmall" refersTo="#dateOfIssuance">15 July 2020</docDate>
      </p>
      <p>
        <session refersTo="#generalAssembly" value="74" eId="coverPage_1__session_1">الدورة الرابعة والسبعون</session>
      </p>
      <p>
        <inline name="agenda item">البند 162 من جدول الأعمال</inline>
      </p>
      <p>
        <inline name="agenda item name">تمويل بعثة الأمم المتحدة للاستفتاء في الصحراء الغربية</inline>
      </p>
      <p>
        <docTitle>قرار اتخذته الجمعية العامة في 30 حزيران/يونيه 2020</docTitle>
      </p>
      <p xml:space="preserve">
        <docProponent refersTo="#fifthCommittee">[بناء على تقرير اللجنة الخامسة (<inline name="originating document">A/74/922</inline>)]</docProponent>
      </p>
    </coverPage>
    <preface>
      <p>
        <docNumber>74/294.</docNumber>
        <docTitle refersTo="#resolutionTitle">- تمويل بعثة الأمم المتحدة للاستفتاء في الصحراء الغربية</docTitle>
      </p>
    </preface>
    <preamble>
      <formula name="enactingFormula" eId="formula_1">
        <p xml:space="preserve">
          <span class="bold italic">إن الجمعية العامة</span>،</p>
      </formula>
      <container name="وقد نظرت" eId="container_2">
          <p xml:space="preserve">
            <span class="bold italic">وقد نظرت</span> في تقريرَي الأمين العام عن تمويل بعثة الأمم المتحدة للاستفتاء في الصحراء الغربية<sup>(</sup><authorialNote marker="1" placement="bottom" eId="authorialNote_1"><p xml:space="preserve">	()	<a href="https://undocs.org/ar/A/74/645">A/74/645</a> و <a href="https://undocs.org/ar/A/74/708">A/74/708</a>.</p></authorialNote><sup>)</sup>، والتقرير ذي الصلة للّجنة الاستشارية لشؤون الإدارة والميزانية<sup>(</sup><authorialNote marker="2" placement="bottom" eId="authorialNote_2"><p xml:space="preserve">	()	<a href="https://undocs.org/ar/A/74/737/Add.1">A/74/737/Add.1</a>.</p></authorialNote><sup>)</sup>،</p>
      </container>
      <container name="وإذ تشير" eId="container_3">
        <p xml:space="preserve">
          <span class="bold italic">وإذ تشير</span> إلى قرار مجلس الأمن <a href="https://undocs.org/ar/S/RES/690(1991)">690</a><a href="https://undocs.org/ar/S/RES/690(1991)"> (1991)</a> المؤرخ 29 نيسان/أبريل 1991 الذي أنشأ المجلس بموجبه بعثة الأمم المتحدة للاستفتاء في الصحراء الغربية، والقرارات اللاحقة التي مدد المجلس بموجبها ولاية البعثة، وآخرها القرار <a href="https://undocs.org/ar/S/RES/2494(2019)">2494</a><a href="https://undocs.org/ar/S/RES/2494(2019)"> (2019)</a> المؤرخ 30 تشرين الأول/أكتوبر 2019 الذي مدد المجلس بموجبه ولاية البعثة حتى 31 تشرين الأول/أكتوبر 2020،</p>
      </container>
      <container name="وإذ تشير أيضا" eId="container_4">
        <p xml:space="preserve">
          <span class="bold italic">وإذ تشير أيضا</span> إلى قرارها <a href="https://undocs.org/ar/A/RES/45/266">45/266</a> المؤرخ 17 أيار/مايو 1991 المتعلق بتمويل البعثة وإلى قراراتها اللاحقة المتخذة في هذا الصدد، وآخرها القرار <a href="https://undocs.org/ar/A/RES/73/324">73/324</a> المؤرخ 3 تموز/يوليه 2019، وكذلك إلى مقررها 73/555 المؤرخ 3 تموز/يوليه 2019،</p>
      </container>
      <container name="وإذ تعيد تأكيد" eId="container_5">
        <p xml:space="preserve">
          <span class="bold italic">وإذ تعيد تأكيد</span> المبادئ العامة التي يستند إليها تمويل عمليات الأمم المتحدة لحفظ السلام، حسبما نصت عليه قراراتها 1874 (دإ-4) المؤرخ 27 حزيران/يونيه 1963 و 3101 (د-28) المؤرخ 11 كانون الأول/ديسمبر 1973 و <a href="https://undocs.org/ar/A/RES/55/235">55/235</a> المؤرخ 23 كانون الأول/ديسمبر 2000،</p>
      </container>
      <container name="وإذ تلاحظ مع التقدير" eId="container_6">
        <p xml:space="preserve">
          <span class="bold italic">وإذ تلاحظ مع التقدير</span> التبرعات التي قُدِّمت للبعثة،</p>
      </container>
      <container name="وإذ تضع في اعتبارها" eId="container_7">
        <p xml:space="preserve">
          <span class="bold italic">وإذ تضع في اعتبارها</span> ضرورة تزويد البعثة بالموارد المالية اللازمة لتمكينها من الاضطلاع بمسؤولياتها بموجب قرارات مجلس الأمن ذات الصلة،</p>
      </container>
    </preamble>
    <mainBody>
      <paragraph eId="para_8" class="MercuryDocument">
        <content eId="para_8__content">
          <p xml:space="preserve">	1 -	<span class="bold italic">تطلب</span> إلى الأمين العام أن يعهد إلى رئيس البعثة بمهمة صياغة مقترحات الميزانية المقبلة على نحو يتفق تماما مع أحكام قراراتها <a href="https://undocs.org/ar/A/RES/59/296">59/296</a> المؤرخ 22 حزيران/يونيه 2005، و <a href="https://undocs.org/ar/A/RES/60/266">60/266</a> المؤرخ 30 حزيران/يونيه 2006، و <a href="https://undocs.org/ar/A/RES/61/276">61/276</a> المؤرخ 29 حزيران/يونيه 2007، و <a href="https://undocs.org/ar/A/RES/64/269">64/269</a> المؤرخ 24 حزيران/يونيه 2010، و <a href="https://undocs.org/ar/A/RES/65/289">65/289</a> المؤرخ 30 حزيران/يونيه 2011، و <a href="https://undocs.org/ar/A/RES/66/264">66/264</a> المؤرخ 21 حزيران/يونيه 2012، و <a href="https://undocs.org/ar/A/RES/69/307">69/307</a> المؤرخ 25 حزيران/يونيه 2015، و <a href="https://undocs.org/ar/A/RES/70/286">70/286</a> المؤرخ 17 حزيران/يونيه 2016، وغير ذلك من القرارات ذات الصلة؛</p>
        </content>
      </paragraph>
      <paragraph eId="para_9" class="MercuryDocument">
        <content eId="para_9__content">
          <p xml:space="preserve">	2 -	<span class="bold italic">تحيط علما</span> بحالة الاشتراكات المقدمــة إلى بعثـــة الأمم المتحدة للاستفتاء في الصحراء الغربية في 30 نيسان/أبريل 2020، بما في ذلك الاشتراكات غير المسددة البالغة 47٫2 مليون دولار من دولارات الولايات المتحدة، التي تمثل نحو 3٫5 في المائة من مجموع الاشتراكات المقررة، وتلاحظ بقلق أن 103 دول فقط من الدول الأعضاء قد سددت اشتراكاتها المقررة بالكامل، وتحث جميع الدول الأعضاء الأخرى، ولا سيما الدول التي عليها متأخرات، على أن تكفل دفع اشتراكاتها المقررة غير المسددة؛</p>
        </content>
      </paragraph>
      <paragraph eId="para_10" class="MercuryDocument">
        <content eId="para_10__content">
          <p xml:space="preserve">	3 -	<span class="bold italic">تعرب عن تقديرها</span> للدول الأعضاء التي سددت اشتراكاتها المقررة بالكامل، وتحث جميع الدول الأعضاء الأخرى على بذل كل جهد ممكن لكفالة تسديد اشتراكاتها المقررة للبعثة بالكامل؛</p>
        </content>
      </paragraph>
      <paragraph eId="para_11" class="MercuryDocument">
        <content eId="para_11__content">
          <p xml:space="preserve">	4 -	<span class="bold italic">تعرب عن القلق</span> إزاء الحالة المالية المتعلقة بأنشطة حفظ السلام، وبخاصة فيما يتصل بتسديد التكاليف للدول المساهمة بقوات التي تتحمل أعباء إضافية بسبب تأخر بعض الدول الأعضاء في دفع أنصبتها المقررة؛</p>
        </content>
      </paragraph>
      <paragraph eId="para_12" class="MercuryDocument">
        <content eId="para_12__content">
          <p xml:space="preserve">	5 -	<span class="bold italic">تشدد</span> على ضرورة أن تُعامَل جميع بعثات حفظ السلام المقبلة والحالية معاملة متساوية لا تمييز فيها فيما يتعلق بالترتيبات المالية والإدارية؛</p>
        </content>
      </paragraph>
      <paragraph eId="para_13" class="MercuryDocument">
        <content eId="para_13__content">
          <p xml:space="preserve">	6 -	<span class="bold italic">تشدد أيضا</span> على ضرورة تزويد جميع بعثات حفظ السلام بالموارد الكافية لكي تضطلع كل منها بولايتها بفعالية وكفاءة؛</p>
        </content>
      </paragraph>
      <paragraph eId="para_14" class="MercuryDocument">
        <content eId="para_14__content">
          <p xml:space="preserve">	7 -	<span class="bold italic">تطلب</span> إلى الأمين العام كفالة أن توضع الميزانيات المقترحة لحفظ السلام على أساس الولايات التشريعية ذات الصلة؛</p>
        </content>
      </paragraph>
      <paragraph eId="para_15" class="MercuryDocument">
        <content eId="para_15__content">
          <p xml:space="preserve">	8 -	<span class="bold italic">تؤيد</span> الاستنتاجات والتوصيات الواردة في تقرير اللجنة الاستشارية لشؤون الإدارة والميزانية<sup>(2)</sup>، وتطلب إلى الأمين العام أن يكفل تنفيذها بالكامل؛</p>
        </content>
      </paragraph>
      <paragraph eId="para_16" class="MercuryDocument">
        <content eId="para_16__content">
          <p xml:space="preserve">	9 -	<span class="bold italic">تطلب</span> إلى الأمين العام أن يضع أطرا ومبادئ توجيهية واضحة لتحديد إجراءات تقديم العطاءات، سواء كانت دعوة لتقديم العطاءات أو طلبا لتقديم العروض، التي ستُستَخدم لأغراض منها الحصول على أنواع مختلفة من السلع والخدمات، بما في ذلك خدمات الطيران، وأن يقوم بتحديث دليل مشتريات الأمم المتحدة تبعا لذلك؛</p>
        </content>
      </paragraph>
      <paragraph eId="para_17" class="MercuryDocument">
        <content eId="para_17__content">
          <p xml:space="preserve">	10 -	<span class="bold italic">تطلب أيضا</span> إلى الأمين العام أن يتخذ تدابير لكفالة أن تمتثل المنظمة لأفضل الممارسات المتبعة في مجال المشتريات العامة فيما يتعلق بالشفافية، بما في ذلك من خلال نشر معلومات إضافية في الحيز العام عن نتائج عمليات الشراء المنفذة، بما في ذلك في مجال خدمات الطيران، توخيا لمزيد من الشفافية في عمليات الشراء التي تضطلع بها المنظمة، وأن يقوم بتحديث دليل مشتريات الأمم المتحدة تبعا لذلك؛</p>
        </content>
      </paragraph>
      <paragraph eId="para_18" class="MercuryDocument">
        <content eId="para_18__content">
          <p xml:space="preserve">	11 -	<span class="bold italic">تلاحظ</span> العملية الجارية لوضع مؤشرات الأداء القائمة على الأثر في إطار تنفيذ النظام الشامل لتقييم الأداء، وتطلب في هذا الصدد إلى الأمين العام أن يقدم في تقريره المقبل معلومات عن الكيفية التي ستُستخدم بها هذه المؤشرات لقياس أداء البعثة للمهام المقررة وأثر تخصيص الموارد على ذلك الأداء، وكذلك الكيفية التي ستُسهم بها تلك المؤشرات في تحديد الموارد اللازمة لكل مهمة من المهام المقررة؛</p>
        </content>
      </paragraph>
      <paragraph eId="para_19" class="MercuryDocument">
        <content eId="para_19__content">
          <p xml:space="preserve">	12 -	<span class="bold italic">تطلب</span> إلى الأمين العام أن يقدم في تقريره المقبل خطة تنفيذية وتحليلا لتنفيذ النظام الجديد الشامل لتقييم الأداء، بما في ذلك ما يتعلق بارتباط النظام بتخطيط البعثة وصياغة الميزانية، لتيسير نظر الجمعية العامة في طلبات الموارد اللازمة لتنفيذ النظام؛</p>
        </content>
      </paragraph>
      <paragraph eId="para_20" class="MercuryDocument">
        <content eId="para_20__content">
          <p xml:space="preserve">	13 -	<span class="bold italic">تشدد</span> على أهمية نظام المساءلة في الأمانة العامة، وتطلب إلى الأمين العام مواصلة تعزيز إدارة المخاطر والضوابط الداخلية في إدارة ميزانيات حفظ السلام من أجل تيسير تنفيذ الولاية وزيادة الشفافية، والإبلاغ عن ذلك في تقريره المقبل؛</p>
        </content>
      </paragraph>
      <paragraph eId="para_21" class="MercuryDocument">
        <content eId="para_21__content">
          <p xml:space="preserve">	14 -	<span class="bold italic">تشدد أيضا</span> على أهمية الأداء العام للميزانية في عمليات حفظ السلام، وتطلب إلى الأمين العام مواصلة تنفيذ توصيات هيئات الرقابة المعنية، مع إيلاء الاعتبار الواجب لتوجيهات الجمعية العامة وتوصياتها، والإبلاغ عن ذلك في سياق تقارير الأداء؛</p>
        </content>
      </paragraph>
      <paragraph eId="para_22" class="MercuryDocument">
        <content eId="para_22__content">
          <p xml:space="preserve">	15 -	<span class="bold italic">تلاحظ بقلق بالغ</span> ما تشكله جائحة مرض فيروس كورونا (كوفيد-19) من خطر على الحياة والصحة والسلامة والأمن، وأهمية ضمان سلامة أفراد حفظ السلام وأمنهم وصحتهم، والحفاظ على استمرارية تنفيذ الولايات الحيوية، بما في ذلك حماية المدنيين، والتقليل إلى أدنى حد من احتمال تسبُّب أنشطة البعثة في نشر الفيروس، والقيام حسب الاقتضاء، وفي حدود الولايات، بدعم السلطات الوطنية، بناء على طلبها، فيما تتخذه من تدابير من أجل التصدي لجائحة كوفيد-19 بالتعاون مع المنسق المقيم وغيره من كيانات الأمم المتحدة في البلد؛</p>
        </content>
      </paragraph>
      <paragraph eId="para_23" class="MercuryDocument">
        <content eId="para_23__content">
          <p xml:space="preserve">	16 -	<span class="bold italic">تطلب</span> إلى الأمين العام أن يضمِّن تقريره المقبل عن الأداء معلوماتٍ عن تدابير التصدي التي اتخذتها البعثة وعن الدروس المستخلصة من الأوبئة والجوائح الماضية والراهنة، وأن يقترح خيارات لتحسين التأهب مستقبلا للأوبئة والجوائح، لأغراض منها استمرارية تصريف الأعمال؛</p>
        </content>
      </paragraph>
      <paragraph eId="para_24" class="MercuryDocument">
        <content eId="para_24__content">
          <p xml:space="preserve">	17 -	<span class="bold italic">تلاحظ</span> التقدم المحرز في تنفيذ الاستراتيجية البيئية المتعددة السنوات لخفض الآثار البيئية لعمليات حفظ السلام، وتطلب إلى الأمين العام تعزيز التدابير المتخذة لتنفيذ الاستراتيجية في جميع بعثات حفظ السلام، تمشيا مع الركائز الخمس للاستراتيجية، وفقا للظروف الخاصة في الميدان، وفي امتثال تام للقواعد والأنظمة ذات الصلة، والإبلاغ عن ذلك في سياق تقريره الاستعراضي المقبل؛</p>
        </content>
      </paragraph>
      <paragraph eId="para_25" class="MercuryDocument">
        <content eId="para_25__content">
          <p xml:space="preserve">	18 -	<span class="bold italic">تعرب عن القلق</span> إزاء الادعاءات المتعلقة بالاستغلال والانتهاك الجنسيين التي أُبلغ عنها في بعثات حفظ السلام، وتطلب إلى الأمين العام مواصلة تنفيذ سياسته المتمثلة في عدم التسامح إطلاقا إزاء الاستغلال والانتهاك الجنسيين فيما يتعلق بجميع الأفراد المدنيين والعسكريين وأفراد الشرطة، والإبلاغ عن ذلك في سياق تقريره المقبل عن المسائل الشاملة لعدة قطاعات؛</p>
        </content>
      </paragraph>
      <paragraph eId="para_26" class="MercuryDocument">
        <content eId="para_26__content">
          <p xml:space="preserve">	19 -	<span class="bold italic">تسلم</span> بالتحديات الأمنية المتزايدة التي يواجهها حفظة السلام التابعون للأمم المتحدة، وتؤكد من جديد التزامها بتحسين سلامة وأمن أفراد البعثة، ولا سيما الأفراد النظاميين، وتطلب إلى الأمين العام أن يواصل تعزيز التدابير المتخذة في هذا الصدد، وأن يقدم تقريرا عن ذلك إلى الجمعية العامة في سياق مشروع الميزانية المقبل للبعثة؛</p>
        </content>
      </paragraph>
      <paragraph eId="para_27" class="MercuryDocument">
        <content eId="para_27__content">
          <p xml:space="preserve">	20 -	<span class="bold italic">تؤكد من جديد</span> أحكام الجزء الثامن عشر من قرارها <a href="https://undocs.org/ar/A/RES/61/276">61/276</a>، وتسلّم كذلك بالدور الهام الذي تؤديه المشاريع السريعة الأثر في دعم تنفيذ ولايات البعثة، وتؤكد ضرورة تنفيذ جميع تلك المشاريع في الوقت المناسب وبروح من المسؤولية والمساءلة، وتطلب إلى الأمين العام أن يعزز أثر هذه المشاريع مع التصدي في الوقت نفسه للتحديات الأساسية؛</p>
        </content>
      </paragraph>
      <paragraph eId="para_28" class="MercuryDocument">
        <content eId="para_28__content">
          <p xml:space="preserve">	21 -	<span class="bold italic">تطلب</span> إلى الأمين العام أن ينظر، لدى صياغة مشاريع الميزانية، في الخيارات المتاحة لزيادة الاستعانة بموظفين وطنيين في أداء المهام بما يتناسب مع ولايات البعثة واحتياجاتها؛</p>
        </content>
      </paragraph>
      <paragraph eId="para_29" class="MercuryDocument">
        <content eId="para_29__content">
          <p xml:space="preserve">	22 -	<span class="bold italic">تكرر الإعراب </span>عن قلقها إزاء ارتفاع عدد الشواغر في ملاك الموظفين المدنيين، وتكرر كذلك طلبها إلى الأمين العام أن يكفل شغل الوظائف الشاغرة على وجه السرعة؛</p>
        </content>
      </paragraph>
      <paragraph eId="para_30" class="MercuryDocument">
        <content eId="para_30__content">
          <p xml:space="preserve">	23 -	<span class="bold italic">تطلب</span> إلى الأمين العام أن يكفل شغل الوظائف الشاغرة على وجه السرعة، وتقرر عدم إلغاء الوظائف التي ظلت شاغرة لمدة 24 شهرا أو أكثر خلال فترة الميزانية الحالية؛</p>
        </content>
      </paragraph>
      <paragraph eId="para_31" class="MercuryDocument">
        <content eId="para_31__content">
          <p xml:space="preserve">	24 -	<span class="bold italic">تطلب أيضا</span> إلى الأمين العام أن يستعرض الوظائف التي ظلت شاغرة لمدة 24 شهرا أو أكثر وأن يقترح في مشروع الميزانية المقبل إما الاحتفاظ بها مع تبرير واضح للحاجة إليها أو إلغاءها؛</p>
        </content>
      </paragraph>
      <paragraph eId="para_32" class="MercuryDocument">
        <content eId="para_32__content">
          <p xml:space="preserve">	25 -	<span class="bold italic">تطلب كذلك</span> إلى الأمين العام أن يجري تقييما مقارنا للخدمات التي تقدمها الكيانات المعنية في إطار أنشطة إزالة الألغام وأن يقدم النتائج في سياق تقريره المقبل؛</p>
        </content>
      </paragraph>
      <paragraph eId="para_33" class="MercuryDocument">
        <content eId="para_33__content">
          <p xml:space="preserve">	26 -	<span class="bold italic">تسلم</span> بالدور الهام الذي تضطلع به الجهات الفاعلة الإقليمية ودون الإقليمية في عمليات حفظ السلام، وتشجع في هذا الصدد الأمين العام على تعميق الشراكة والتعاون والتنسيق بين الأمم المتحدة والجهات الفاعلة الإقليمية ودون الإقليمية وفقا للولايات ذات الصلة، وعلى تقديم معلومات عن هذا التعاون المعمّق في سياق تقريره المقبل؛</p>
        </content>
      </paragraph>
      <paragraph eId="para_34" class="MercuryDocument">
        <content eId="para_34__content">
          <p xml:space="preserve">	27 -	<span class="bold italic">تطلب</span> إلى الأمين العام أن يكفل التنفيذ التام للأحكام ذات الصلة من قراراتها <a href="https://undocs.org/ar/A/RES/59/296">59/296</a> و <a href="https://undocs.org/ar/A/RES/60/266">60/266</a> و <a href="https://undocs.org/ar/A/RES/61/276">61/276</a> و <a href="https://undocs.org/ar/A/RES/64/269">64/269</a> و <a href="https://undocs.org/ar/A/RES/65/289">65/289</a> و <a href="https://undocs.org/ar/A/RES/66/264">66/264</a> و <a href="https://undocs.org/ar/A/RES/69/307">69/307</a> و <a href="https://undocs.org/ar/A/RES/70/286">70/286</a>؛</p>
        </content>
      </paragraph>
      <paragraph eId="para_35" class="MercuryDocument">
        <content eId="para_35__content">
          <p xml:space="preserve">	28 -	<span class="bold italic">تطلب أيضا</span> إلى الأمين العام أن يتخذ جميع الإجراءات اللازمة لضمان إدارة البعثة بأقصى قدر من الكفاءة والاقتصاد؛</p>
        </content>
      </paragraph>
      <paragraph eId="para_36" class="MercuryDocument">
        <subheading>		تقرير أداء الميزانية للفترة من 1 تموز/يوليه 2018 إلى 30 حزيران/يونيه 2019</subheading>
      </paragraph>
      <paragraph eId="para_37" class="MercuryDocument">
        <content eId="para_37__content">
          <p xml:space="preserve">	29 -	<span class="bold italic">تحيط علما</span> بتقرير الأمين العام عن أداء ميزانية البعثة للفترة من 1 تموز/يوليه 2018 إلى 30 حزيران/يونيه 2019<sup>(</sup><authorialNote marker="3" placement="bottom" eId="authorialNote_3"><p xml:space="preserve">	()	<a href="https://undocs.org/ar/A/74/645">A/74/645</a>.</p></authorialNote><sup>)</sup>؛</p>
        </content>
      </paragraph>
      <paragraph eId="para_38" class="MercuryDocument">
        <subheading>		تقديرات الميزانية للفترة من 1 تموز/يوليه 2020 إلى 30 حزيران/يونيه 2021</subheading>
      </paragraph>
      <paragraph eId="para_39" class="MercuryDocument">
        <content eId="para_39__content">
          <p xml:space="preserve">	30 -	<span class="bold italic">تقرر</span> أن تعتمد للحساب الخاص لبعثة الأمم المتحدة للاستفتاء في الصحراء الغربية مبلغ 200 740 61 دولار للفترة من 1 تموز/يوليه 2020 إلى 30 حزيران/يونيه 2021، يشمل مبلغ 700 524 57 دولار للإنفاق على البعثة، ومبلغ 200 288 3 دولار لحساب دعم عمليات حفظ السلام، ومبلغ 300 554 دولار لقاعدة الأمم المتحدة للوجستيات في برينديزي، إيطاليا، ومبلغ 000 373 دولار لمركز الخدمات الإقليمي في عنتيبي، أوغندا؛</p>
        </content>
      </paragraph>
      <paragraph eId="para_40" class="MercuryDocument">
        <subheading>		تمويل الاعتماد للفترة من 1 تموز/يوليه 2020 إلى 30 حزيران/يونيه 2021</subheading>
      </paragraph>
      <paragraph eId="para_41" class="MercuryDocument">
        <content eId="para_41__content">
          <p xml:space="preserve">	31 -	<span class="bold italic">تقرر</span> أن تقسم بين الدول الأعضاء مبلغ 067 580 20 دولارا للفترة من 1 تموز/ يوليه إلى 31 تشرين الأول/أكتوبر 2020، وفقا للمستويات المستكملة في قرارها <a href="https://undocs.org/ar/A/RES/73/272">73/272</a> المؤرخ 22 كانون الأول/ديسمبر 2018، مع مراعاة جدول الأنصبة المقررة لعام 2020، على النحو المبين في قرارها <a href="https://undocs.org/ar/A/RES/73/271">73/271</a> المؤرخ 22 كانون الأول/ديسمبر 2018؛</p>
        </content>
      </paragraph>
      <paragraph eId="para_42" class="MercuryDocument">
        <content eId="para_42__content">
          <p xml:space="preserve">	32 -	<span class="bold italic">تقرر أيضا</span> أن تُخصم، وفقاً لأحكام قرارها 973 (د-10) المؤرخ 15 كانون الأول/ ديسمبر 1955، من المبلغ المقسم بين الدول الأعضاء على النحو المنصوص عليه في الفقرة 31 أعلاه، حصـــةُ كل منها في صنـدوق معادلـــة الضرائب البالغ رصيده 633 961 دولارا، الذي يشمل الإيرادات المقدر أن تأتي من الاقتطاعات الإلزامية من مرتبات الموظفين البالغة 533 842 دولارا والموافق عليها للبعثة، والحصة التناسبية البالغة 100 88 دولار من الإيرادات المقدر أن تأتي من الاقتطاعات الإلزامية من مرتبات الموظفين والموافق عليها لحساب الدعم، والحصة التناسبية البالغة 000 18 دولار من الإيرادات المقدر أن تأتي من الاقتطاعات الإلزامية من مرتبات الموظفين والموافق عليها لقاعدة الأمم المتحدة للوجستيات، والحصة التناسبية البالغة 000 13 دولار من الإيرادات المقدر أن تأتي من الاقتطاعات الإلزامية من مرتبات الموظفين والموافق عليها لمركز الخدمات الإقليمي؛</p>
        </content>
      </paragraph>
      <paragraph eId="para_43" class="MercuryDocument">
        <content eId="para_43__content">
          <p xml:space="preserve">	33 -	<span class="bold italic">تقرر كذلك</span> أن تقسم بين الدول الأعضاء مبلغ 133 160 41 دولارا للفترة من 1 تشرين الثاني/نوفمبر 2020 إلى 30 حزيران/يونيه 2021، بمعدل شهري قدره 017 145 5 دولارا، وفقا للمستويات المستكملة في قرارها <a href="https://undocs.org/ar/A/RES/73/272">73/272</a>، مع مراعاة جدول الأنصبة المقررة لعامي 2020 و 2021 على النحو المبين في قرارها <a href="https://undocs.org/ar/A/RES/73/271">73/271</a>، رهنا باتخاذ مجلس الأمن قرارا بتمديد ولاية البعثة؛</p>
        </content>
      </paragraph>
      <paragraph eId="para_44" class="MercuryDocument">
        <content eId="para_44__content">
          <p xml:space="preserve">	34 -	<span class="bold italic">تقرر</span> أن تُخصم، وفقا لأحكام قرارها 973 (د-10)، من المبلغ المقسم بين الدول الأعضاء على النحو المنصوص عليه في الفقرة 33 أعلاه، حصـــةُ كل منها في صنـدوق معادلـــة الضرائب البالغ رصيده 267 932 1 دولارا، الذي يشمل الإيرادات المقدر أن تأتي من الاقتطاعات الإلزامية من مرتبات الموظفين البالغة 067 685 1 دولارا والموافق عليها للبعثة، والحصة التناسبية البالغة 200 176 دولار من الإيرادات المقدر أن تأتي من الاقتطاعات الإلزامية من مرتبات الموظفين والموافق عليها لحساب الدعم، والحصة التناسبية البالغة 000 36 دولار من الإيرادات المقدر أن تأتي من الاقتطاعات الإلزامية من مرتبات الموظفين والموافق عليها لقاعدة الأمم المتحدة للوجستيات، والحصة التناسبية البالغة 000 26 دولار من الإيرادات المقدر أن تأتي من الاقتطاعات الإلزامية من مرتبات الموظفين والموافق عليها لمركز الخدمات الإقليمي؛</p>
        </content>
      </paragraph>
      <paragraph eId="para_45" class="MercuryDocument">
        <content eId="para_45__content">
          <p xml:space="preserve">	35 -	<span class="bold italic">تقرر أيضا</span> أن تُخصم من المبلغ المقسم بين الدول الأعضاء التي أوفت بالتزاماتها المالية تجاه البعثة، على النحو المنصوص عليه في الفقرة 31 أعلاه، حصةُ كل منها في الرصيد الحر والإيرادات الأخرى البالغة 200 896 دولار فيما يتعلق بالفترة المالية المنتهية في 30 حزيران/يونيه 2019، وفقا للمستويات المستكملة في قرارها <a href="https://undocs.org/ar/A/RES/73/272">73/272</a> مع مراعاة جدول الأنصبة المقررة لعام 2019، على النحو المبين في قرارها <a href="https://undocs.org/ar/A/RES/73/271">73/271</a>؛</p>
        </content>
      </paragraph>
      <paragraph eId="para_46" class="MercuryDocument">
        <content eId="para_46__content">
          <p xml:space="preserve">	36 -	<span class="bold italic">تقرر كذلك</span> أن تُخصم من الالتزامات غير المسـددة للدول الأعضاء التي لم تـف بالتزاماتها المالية تجاه البعثة، حصةُ كل منها في الرصيد الحر والإيرادات الأخرى البالغة 200 896 دولار فيما يتعلق بالفترة المالية المنتهية في 30 حزيران/يونيه 2019، وفقا للخطة المبينة في الفقرة 35 أعلاه؛</p>
        </content>
      </paragraph>
      <paragraph eId="para_47" class="MercuryDocument">
        <content eId="para_47__content">
          <p xml:space="preserve">	37 -	<span class="bold italic">تقرر</span> أن تُضاف الزيادة البالغة 400 199 دولار في الإيرادات المقدر أن تأتي من الاقتطاعات الإلزامية من مرتبات الموظفين فيما يتعلق بالفترة المالية المنتهية في 30 حزيران/يونيه 2019 إلى الأرصدة التي تحققت بمبلغ 200 896 دولار المشار إليه في الفقرتين 35 و 36 أعلاه؛</p>
        </content>
      </paragraph>
      <paragraph eId="para_48" class="MercuryDocument">
        <content eId="para_48__content">
          <p xml:space="preserve">	38 -	<span class="bold italic">تشجع</span> الأمين العام على مواصلة اتخاذ تدابير إضافيـة لضمان سلامة وأمن جميع الأفراد المشـاركين في البعثة تحت رعايـة الأمم المتحدة، مع مراعاة أحكام الفقرتين 5 و 6 من قرار مجلس الأمن <a href="https://undocs.org/ar/S/RES/1502(2003)">1502</a><a href="https://undocs.org/ar/S/RES/1502(2003)"> (2003)</a> المؤرخ 26 آب/أغسطس 2003؛</p>
        </content>
      </paragraph>
      <paragraph eId="para_49" class="MercuryDocument">
        <content eId="para_49__content">
          <p xml:space="preserve">	39 -	<span class="bold italic">تدعو</span> إلى تقديم تبرعات للبعثة، نقـدا وفي شكل خدمات ولوازم تحظى بقبول الأمين العام، على أن تـُدار التبرعات، حسب الاقتضاء، وفقا للإجراءات والممارسات التي أرستها الجمعية العامة؛</p>
        </content>
      </paragraph>
      <paragraph eId="para_50" class="MercuryDocument">
        <content eId="para_50__content">
          <p xml:space="preserve">	40 -	<span class="bold italic">تقرر</span> أن تدرج في جدول الأعمال المؤقت لدورتها الخامسة والسبعين البند المعنون ”تمويل بعثة الأمم المتحدة للاستفتاء في الصحراء الغربية“.</p>
        </content>
      </paragraph>
    </mainBody>
    <conclusions eId="conclusions">
      <p>
        <docDate date="2020-06-30" refersTo="#adoptionDate">30 حزيران/يونيه 2020</docDate>
      </p>
    </conclusions>
  </statement>
</akomaNtoso>