<akomaNtoso xmlns:xsi="http://www.w3.org/2001/XMLSchema-instance" xsi:schemaLocation="http://docs.oasis-open.org/legaldocml/ns/akn/3.0 http://docs.oasis-open.org/legaldocml/akn-core/v1.0/os/part2-specs/schemas/akomantoso30.xsd" xmlns="http://docs.oasis-open.org/legaldocml/ns/akn/3.0" xmlns:html="http://www.w3.org/1999/xhtml" xmlns:akn4un="http://un.org/akn4un">
  <statement name="resolution">
    <meta>
      <identification source="#DGACM">
        <FRBRWork>
          <FRBRthis value="/akn/un/statement/deliberation/unga/2019-12-12/74-28/!main/"></FRBRthis>
          <FRBRuri value="/akn/un/statement/deliberation/unga/2019-12-12/74-28/"></FRBRuri>
          <FRBRdate date="2019-12-12" name="adoption"></FRBRdate>
          <FRBRauthor href="ga" as="author"></FRBRauthor>
          <FRBRcountry value="un"></FRBRcountry>
        </FRBRWork>
        <FRBRExpression>
          <FRBRthis value="/akn/un/statement/deliberation/unga/2019-12-12/74-28/ara@!main/"></FRBRthis>
          <FRBRuri value="/akn/un/statement/deliberation/unga/2019-12-12/74-28/ara@/"></FRBRuri>
          <FRBRdate date="2019-12-18" name="publication"></FRBRdate>
          <FRBRauthor href="ga" as="issuer"></FRBRauthor>
          <FRBRlanguage language="ara"></FRBRlanguage>
        </FRBRExpression>
        <FRBRManifestation>
          <FRBRthis value="/akn/un/statement/deliberation/unga/2019-12-12/74-28/ara@/!main.xml"></FRBRthis>
          <FRBRuri value="/akn/un/statement/deliberation/unga/2019-12-12/74-28/ara@.xml"></FRBRuri>
          <FRBRdate date="2020-09-01" name="markup"></FRBRdate>
          <FRBRauthor href="DGACM" as="editor"></FRBRauthor>
        </FRBRManifestation>
      </identification>
      <classification source="http://metadata.un.org/sdg">
        <keyword value="17" href="http://metadata.un.org/sdg/17" showAs="sdg_17" dictionary="SDGO"></keyword>
        <keyword value="sustainable_development" href="http://eurovoc.europa.eu/5585" showAs="sustainable_development" dictionary="EuroVoc"></keyword>
        <keyword value="partnership" href="http://eurovoc.europa.eu/4199" showAs="partnership" dictionary="EuroVoc"></keyword>
        <keyword value="sustainable_development" href="http://metadata.un.org/thesaurus/1006319" showAs="sustainable_development" dictionary="UNBIS Thesaurus"></keyword>
        <keyword value="partnership" href="http://metadata.un.org/thesaurus/1004748" showAs="partnership" dictionary="UNBIS Thesaurus"></keyword>
      </classification>
      <classification source="http://metadata.un.org/sdg">
        <keyword value="16" href="http://metadata.un.org/sdg/16" showAs="sdg_16" dictionary="SDGO"></keyword>
        <keyword value="right_to_justice" href="http://eurovoc.europa.eu/516" showAs="right_to_justice" dictionary="EuroVoc"></keyword>
        <keyword value="sustainable_development" href="http://eurovoc.europa.eu/5585" showAs="sustainable_development" dictionary="EuroVoc"></keyword>
        <keyword value="civil_society" href="http://metadata.un.org/thesaurus/1001012" showAs="civil_society" dictionary="UNBIS Thesaurus"></keyword>
        <keyword value="justice" href="http://metadata.un.org/thesaurus/1003500" showAs="justice" dictionary="UNBIS Thesaurus"></keyword>
        <keyword value="peaceful_coexistence" href="http://metadata.un.org/thesaurus/1004777" showAs="peaceful_coexistence" dictionary="UNBIS Thesaurus"></keyword>
        <keyword value="public_institutions" href="http://metadata.un.org/thesaurus/1005254" showAs="public_institutions" dictionary="UNBIS Thesaurus"></keyword>
        <keyword value="social_justice" href="http://metadata.un.org/thesaurus/1005970" showAs="social_justice" dictionary="UNBIS Thesaurus"></keyword>
        <keyword value="sustainable_development" href="http://metadata.un.org/thesaurus/1006319" showAs="sustainable_development" dictionary="UNBIS Thesaurus"></keyword>
      </classification>
      <classification source="http://metadata.un.org/sdg">
        <keyword value="9" href="http://metadata.un.org/sdg/9" showAs="sdg_9" dictionary="SDGO"></keyword>
        <keyword value="industrial_infrastructure" href="http://eurovoc.europa.eu/1434" showAs="industrial_infrastructure" dictionary="EuroVoc"></keyword>
        <keyword value="innovation" href="http://eurovoc.europa.eu/1439" showAs="innovation" dictionary="EuroVoc"></keyword>
        <keyword value="industrialization" href="http://metadata.un.org/thesaurus/1003177" showAs="industrialization" dictionary="UNBIS Thesaurus"></keyword>
        <keyword value="innovations" href="http://metadata.un.org/thesaurus/1003223" showAs="innovations" dictionary="UNBIS Thesaurus"></keyword>
      </classification>
      <classification source="http://metadata.un.org/sdg">
        <keyword value="5" href="http://metadata.un.org/sdg/5" showAs="sdg_5" dictionary="SDGO"></keyword>
        <keyword value="gender_equality" href="http://eurovoc.europa.eu/3913" showAs="gender_equality" dictionary="EuroVoc"></keyword>
        <keyword value="participation_of_women" href="http://eurovoc.europa.eu/2265" showAs="participation_of_women" dictionary="EuroVoc"></keyword>
        <keyword value="women&amp;#39;s_rights" href="http://eurovoc.europa.eu/585" showAs="women&amp;#39;s_rights" dictionary="EuroVoc"></keyword>
        <keyword value="position_of_women" href="http://eurovoc.europa.eu/81" showAs="position_of_women" dictionary="EuroVoc"></keyword>
        <keyword value="women" href="http://metadata.un.org/thesaurus/1007029" showAs="women" dictionary="UNBIS Thesaurus"></keyword>
        <keyword value="gender_equality" href="http://metadata.un.org/thesaurus/1002612" showAs="gender_equality" dictionary="UNBIS Thesaurus"></keyword>
        <keyword value="girls" href="http://metadata.un.org/thesaurus/1002684" showAs="girls" dictionary="UNBIS Thesaurus"></keyword>
      </classification>
      <workflow source="#un">
        <step date="2019-11-01" outcome="draftResolution" as="A/C.1/74/L.49/Rev.1" by="Albania, Australia, Canada, Croatia, Democratic Republic of the Congo, Denmark, Estonia, Finland, Georgia, Haiti, Hungary, Iceland, Israel, Italy, Japan, Latvia, Lithuania, Luxembourg, Malawi, Montenegro, Netherlands, Norway, Poland, Portugal, Republic of Moldova, Romania, Sweden, United Kingdom of Great Britain and Northern Ireland and United States of America" />
        <step date="0001-01-01" outcome="draftResolutionAdditionalSponsors" by="Austria, Belgium, Benin, Bulgaria, Chile, Cyprus, Czechia, France, Germany, Greece, Ireland, Malta, New Zealand, North Macedonia, Panama,Republic of Korea, Slovakia, Slovenia, Spain and Turkey" />
        <step date="0001-01-01" outcome="recommendedForAdoption" as="A/74/363" by="" refersTo="9" />
        <step date="2019-12-12" outcome="adopted" as="A/74/PV.46" by="" />
      </workflow>
      <analysis source="#un">
        <parliamentary>
          <voting outcome="adoptedRecordedVote">
            <count value="163" refersTo="inFavour">
              <akn4un:voters>
                <organization refersTo="memberState">AFGHANISTAN</organization>
                <organization refersTo="memberState">ALBANIA</organization>
                <organization refersTo="memberState">ALGERIA</organization>
                <organization refersTo="memberState">ANDORRA</organization>
                <organization refersTo="memberState">ANGOLA</organization>
                <organization refersTo="memberState">ANTIGUA AND BARBUDA</organization>
                <organization refersTo="memberState">ARGENTINA</organization>
                <organization refersTo="memberState">ARMENIA</organization>
                <organization refersTo="memberState">AUSTRALIA</organization>
                <organization refersTo="memberState">AUSTRIA</organization>
                <organization refersTo="memberState">AZERBAIJAN</organization>
                <organization refersTo="memberState">BAHAMAS</organization>
                <organization refersTo="memberState">BAHRAIN</organization>
                <organization refersTo="memberState">BANGLADESH</organization>
                <organization refersTo="memberState">BARBADOS</organization>
                <organization refersTo="memberState">BELGIUM</organization>
                <organization refersTo="memberState">BELIZE</organization>
                <organization refersTo="memberState">BENIN</organization>
                <organization refersTo="memberState">BHUTAN</organization>
                <organization refersTo="memberState">BOLIVIA (PLURINATIONAL STATE OF)</organization>
                <organization refersTo="memberState">BOSNIA AND HERZEGOVINA</organization>
                <organization refersTo="memberState">BOTSWANA</organization>
                <organization refersTo="memberState">BRAZIL</organization>
                <organization refersTo="memberState">BRUNEI DARUSSALAM</organization>
                <organization refersTo="memberState">BULGARIA</organization>
                <organization refersTo="memberState">BURKINA FASO</organization>
                <organization refersTo="memberState">BURUNDI</organization>
                <organization refersTo="memberState">CABO VERDE</organization>
                <organization refersTo="memberState">CANADA</organization>
                <organization refersTo="memberState">CENTRAL AFRICAN REPUBLIC</organization>
                <organization refersTo="memberState">CHAD</organization>
                <organization refersTo="memberState">CHILE</organization>
                <organization refersTo="memberState">COLOMBIA</organization>
                <organization refersTo="memberState">COMOROS</organization>
                <organization refersTo="memberState">COSTA RICA</organization>
                <organization refersTo="memberState">COTE D'IVOIRE</organization>
                <organization refersTo="memberState">CROATIA</organization>
                <organization refersTo="memberState">CYPRUS</organization>
                <organization refersTo="memberState">CZECHIA</organization>
                <organization refersTo="memberState">DEMOCRATIC REPUBLIC OF THE CONGO</organization>
                <organization refersTo="memberState">DENMARK</organization>
                <organization refersTo="memberState">DJIBOUTI</organization>
                <organization refersTo="memberState">DOMINICAN REPUBLIC</organization>
                <organization refersTo="memberState">ECUADOR</organization>
                <organization refersTo="memberState">EL SALVADOR</organization>
                <organization refersTo="memberState">ERITREA</organization>
                <organization refersTo="memberState">ESTONIA</organization>
                <organization refersTo="memberState">ESWATINI</organization>
                <organization refersTo="memberState">ETHIOPIA</organization>
                <organization refersTo="memberState">FIJI</organization>
                <organization refersTo="memberState">FINLAND</organization>
                <organization refersTo="memberState">FRANCE</organization>
                <organization refersTo="memberState">GABON</organization>
                <organization refersTo="memberState">GAMBIA</organization>
                <organization refersTo="memberState">GEORGIA</organization>
                <organization refersTo="memberState">GERMANY</organization>
                <organization refersTo="memberState">GHANA</organization>
                <organization refersTo="memberState">GREECE</organization>
                <organization refersTo="memberState">GRENADA</organization>
                <organization refersTo="memberState">GUATEMALA</organization>
                <organization refersTo="memberState">GUINEA-BISSAU</organization>
                <organization refersTo="memberState">GUYANA</organization>
                <organization refersTo="memberState">HAITI</organization>
                <organization refersTo="memberState">HONDURAS</organization>
                <organization refersTo="memberState">HUNGARY</organization>
                <organization refersTo="memberState">ICELAND</organization>
                <organization refersTo="memberState">INDIA</organization>
                <organization refersTo="memberState">INDONESIA</organization>
                <organization refersTo="memberState">IRAQ</organization>
                <organization refersTo="memberState">IRELAND</organization>
                <organization refersTo="memberState">ISRAEL</organization>
                <organization refersTo="memberState">ITALY</organization>
                <organization refersTo="memberState">JAMAICA</organization>
                <organization refersTo="memberState">JAPAN</organization>
                <organization refersTo="memberState">JORDAN</organization>
                <organization refersTo="memberState">KAZAKHSTAN</organization>
                <organization refersTo="memberState">KENYA</organization>
                <organization refersTo="memberState">KIRIBATI</organization>
                <organization refersTo="memberState">KUWAIT</organization>
                <organization refersTo="memberState">KYRGYZSTAN</organization>
                <organization refersTo="memberState">LATVIA</organization>
                <organization refersTo="memberState">LESOTHO</organization>
                <organization refersTo="memberState">LIBERIA</organization>
                <organization refersTo="memberState">LIBYA</organization>
                <organization refersTo="memberState">LIECHTENSTEIN</organization>
                <organization refersTo="memberState">LITHUANIA</organization>
                <organization refersTo="memberState">LUXEMBOURG</organization>
                <organization refersTo="memberState">MADAGASCAR</organization>
                <organization refersTo="memberState">MALAWI</organization>
                <organization refersTo="memberState">MALAYSIA</organization>
                <organization refersTo="memberState">MALDIVES</organization>
                <organization refersTo="memberState">MALI</organization>
                <organization refersTo="memberState">MALTA</organization>
                <organization refersTo="memberState">MARSHALL ISLANDS</organization>
                <organization refersTo="memberState">MAURITANIA</organization>
                <organization refersTo="memberState">MAURITIUS</organization>
                <organization refersTo="memberState">MEXICO</organization>
                <organization refersTo="memberState">MICRONESIA (FEDERATED STATES OF)</organization>
                <organization refersTo="memberState">MONACO</organization>
                <organization refersTo="memberState">MONGOLIA</organization>
                <organization refersTo="memberState">MONTENEGRO</organization>
                <organization refersTo="memberState">MOROCCO</organization>
                <organization refersTo="memberState">MOZAMBIQUE</organization>
                <organization refersTo="memberState">NAMIBIA</organization>
                <organization refersTo="memberState">NEPAL</organization>
                <organization refersTo="memberState">NETHERLANDS</organization>
                <organization refersTo="memberState">NEW ZEALAND</organization>
                <organization refersTo="memberState">NIGER</organization>
                <organization refersTo="memberState">NIGERIA</organization>
                <organization refersTo="memberState">NORTH MACEDONIA</organization>
                <organization refersTo="memberState">NORWAY</organization>
                <organization refersTo="memberState">OMAN</organization>
                <organization refersTo="memberState">PAKISTAN</organization>
                <organization refersTo="memberState">PANAMA</organization>
                <organization refersTo="memberState">PARAGUAY</organization>
                <organization refersTo="memberState">PERU</organization>
                <organization refersTo="memberState">PHILIPPINES</organization>
                <organization refersTo="memberState">POLAND</organization>
                <organization refersTo="memberState">PORTUGAL</organization>
                <organization refersTo="memberState">QATAR</organization>
                <organization refersTo="memberState">REPUBLIC OF KOREA</organization>
                <organization refersTo="memberState">REPUBLIC OF MOLDOVA</organization>
                <organization refersTo="memberState">ROMANIA</organization>
                <organization refersTo="memberState">SAINT KITTS AND NEVIS</organization>
                <organization refersTo="memberState">SAINT LUCIA</organization>
                <organization refersTo="memberState">SAINT VINCENT AND THE GRENADINES</organization>
                <organization refersTo="memberState">SAMOA</organization>
                <organization refersTo="memberState">SAN MARINO</organization>
                <organization refersTo="memberState">SAO TOME AND PRINCIPE</organization>
                <organization refersTo="memberState">SAUDI ARABIA</organization>
                <organization refersTo="memberState">SENEGAL</organization>
                <organization refersTo="memberState">SERBIA</organization>
                <organization refersTo="memberState">SEYCHELLES</organization>
                <organization refersTo="memberState">SIERRA LEONE</organization>
                <organization refersTo="memberState">SINGAPORE</organization>
                <organization refersTo="memberState">SLOVAKIA</organization>
                <organization refersTo="memberState">SLOVENIA</organization>
                <organization refersTo="memberState">SOLOMON ISLANDS</organization>
                <organization refersTo="memberState">SOUTH AFRICA</organization>
                <organization refersTo="memberState">SPAIN</organization>
                <organization refersTo="memberState">SRI LANKA</organization>
                <organization refersTo="memberState">SUDAN</organization>
                <organization refersTo="memberState">SWEDEN</organization>
                <organization refersTo="memberState">SWITZERLAND</organization>
                <organization refersTo="memberState">TAJIKISTAN</organization>
                <organization refersTo="memberState">THAILAND</organization>
                <organization refersTo="memberState">TIMOR-LESTE</organization>
                <organization refersTo="memberState">TOGO</organization>
                <organization refersTo="memberState">TRINIDAD AND TOBAGO</organization>
                <organization refersTo="memberState">TUNISIA</organization>
                <organization refersTo="memberState">TURKEY</organization>
                <organization refersTo="memberState">TURKMENISTAN</organization>
                <organization refersTo="memberState">UGANDA</organization>
                <organization refersTo="memberState">UKRAINE</organization>
                <organization refersTo="memberState">UNITED ARAB EMIRATES</organization>
                <organization refersTo="memberState">UNITED KINGDOM</organization>
                <organization refersTo="memberState">UNITED STATES</organization>
                <organization refersTo="memberState">URUGUAY</organization>
                <organization refersTo="memberState">UZBEKISTAN</organization>
                <organization refersTo="memberState">VANUATU</organization>
                <organization refersTo="memberState">VIET NAM</organization>
                <organization refersTo="memberState">YEMEN</organization>
                <organization refersTo="memberState">ZAMBIA</organization>
              </akn4un:voters>
            </count>
            <count value="10" refersTo="against">
              <akn4un:voters>
                <organization refersTo="memberState">CHINA</organization>
                <organization refersTo="memberState">CUBA</organization>
                <organization refersTo="memberState">DEMOCRATIC PEOPLE'S REPUBLIC OF KOREA</organization>
                <organization refersTo="memberState">EGYPT</organization>
                <organization refersTo="memberState">IRAN (ISLAMIC REPUBLIC OF)</organization>
                <organization refersTo="memberState">NICARAGUA</organization>
                <organization refersTo="memberState">RUSSIAN FEDERATION</organization>
                <organization refersTo="memberState">SYRIAN ARAB REPUBLIC</organization>
                <organization refersTo="memberState">VENEZUELA (BOLIVARIAN REPUBLIC OF)</organization>
                <organization refersTo="memberState">ZIMBABWE</organization>
              </akn4un:voters>
            </count>
            <count value="6" refersTo="abstaining">
              <akn4un:voters>
                <organization refersTo="memberState">BELARUS</organization>
                <organization refersTo="memberState">CAMBODIA</organization>
                <organization refersTo="memberState">LAO PEOPLE'S DEMOCRATIC REPUBLIC</organization>
                <organization refersTo="memberState">LEBANON</organization>
                <organization refersTo="memberState">MYANMAR</organization>
                <organization refersTo="memberState">PALAU</organization>
              </akn4un:voters>
            </count>
          </voting>
        </parliamentary>
      </analysis>
      <references source="#DGACM">
        <TLCOrganization eId="source" href="/akn/ontology/organization/un/DGACM" showAs="DGACM"></TLCOrganization>
        <TLCConcept eId="dateOfIssuance" href="/akn/ontology/concept/un/dateOfIssuance" showAs="Date of issuance"></TLCConcept>
        <TLCConcept eId="dateOfAdoption" href="/akn/ontology/concept/un/dateOfAdoption" showAs="Date of adoption"></TLCConcept>
        <TLCConcept eId="symbol" href="/akn/ontology/reference/un/symbol" showAs="Symbol"></TLCConcept>
        <TLCRole eId="publisher" href="/akn/ontology/role/un/publisher" showAs="Publisher"></TLCRole>
        <TLCRole eId="issuingBody" href="/akn/role/concept/un/issuingBody" showAs="Issuing body"></TLCRole>
        <TLCRole eId="author" href="/akn/ontology/role/un/author" showAs="Author"></TLCRole>
        <TLCRole eId="editor" href="/akn/ontology/role/un/editor" showAs="Editor"></TLCRole>
        <TLCRole eId="distribution" href="/akn/ontology/concept/un/generalDistribution" showAs="General distribution"></TLCRole>
        <TLCOrganization eId="ga" href="/akn/ontology/organization/un/generalAssembly" showAs="General Assembly"></TLCOrganization>
        <TLCTerm eId="resolutionTitle" href="/akn/ontology/reference/un/resolutionTitle" showAs="Resolution title"></TLCTerm>
        <TLCTerm eId="firstCommittee" href="#firstCommittee" showAs="اللجنة الأولى"></TLCTerm>
        <TLCTerm eId="memberState" href="/akn/ontology/organization/un/memberState" showAs="Member State"></TLCTerm>
        <TLCTerm eId="inFavour" href="/akn/ontology/concept/un/voting/inFavour" showAs="In favour"></TLCTerm>
        <TLCTerm eId="against" href="/akn/ontology/concept/un/voting/against" showAs="Against"></TLCTerm>
        <TLCTerm eId="abstaining" href="/akn/ontology/concept/un/voting/abstaining" showAs="Abstaining"></TLCTerm>
      </references>
      <presentation source="#un">
        <akn4un:footerFirstPage>
          <akn4un:footerFirstPageLeft>
            <akn4un:internalCode>
              <docketNumber refersTo="#publicationJobNumber"></docketNumber>
              <img alt="bar code" class="barCode" src=""></img>
            </akn4un:internalCode>
          </akn4un:footerFirstPageLeft>
          <akn4un:footerFirstPageRight>
            <img alt="Please recycle" class="image" src="./recylcleLogo.jpg"></img>
            <img alt="embedded QR code" class="qrCode" src=""></img>
          </akn4un:footerFirstPageRight>
        </akn4un:footerFirstPage>
      </presentation>
    </meta>
    <coverPage eId="coverPage_1">
      <p>
        <span refersTo="#publisher" class="upperLeft">
          <docAuthority refersTo="#publisher">الأمــم المتحـدة</docAuthority>
        </span>
      </p>
      <p class="upperRight">
        <docNumber refersTo="#symbol">A/RES/74/28</docNumber>
      </p>
      <p class="upperLeft">
        <img src="logo-un.jpg"></img>
        <docAuthority refersTo="#issuingBody" class="rightBig">الجمعية العامة</docAuthority>
      </p>
      <p>
        <docStatus refersTo="#generalDistribution" class="rightSmall">Distr.: General</docStatus>
      </p>
      <p>
        <docDate date="2019-12-18" class="rightSmall" refersTo="#dateOfIssuance">18 December 2019</docDate>
      </p>
      <p>
        <session refersTo="#generalAssembly" value="74" eId="coverPage_1__session_1">الدورة الرابعة والسبعون</session>
      </p>
      <p>
        <inline name="agenda item">البند 93 من جدول الأعمال</inline>
      </p>
      <p>
        <inline name="agenda item name">التطورات في ميدان المعلومات والاتصالات السلكية واللاسلكية في سياق الأمن الدولي</inline>
      </p>
      <p>
        <docTitle>قرار اتخذته الجمعية العامة في 12 كانون الأول/ديسمبر 2019</docTitle>
      </p>
      <p xml:space="preserve">
        <docProponent refersTo="#firstCommittee">[بناء على تقرير اللجنة الأولى (<inline name="originating document">A/74/363</inline>)]</docProponent>
      </p>
    </coverPage>
    <preface>
      <p>
        <docNumber>74/28.</docNumber>
        <docTitle refersTo="#resolutionTitle">-	الارتقاء بسلوك الدول المسؤول في الفضاء الإلكتروني في سياق الأمن الدولي</docTitle>
      </p>
    </preface>
    <preamble>
      <formula name="enactingFormula" eId="formula_1">
        <p xml:space="preserve">
          <span class="bold italic">إن الجمعية العامة</span>،</p>
      </formula>
      <container name="إذ تشير" eId="container_2">
        <p xml:space="preserve">
          <span class="bold italic">إذ تشير</span> إلى قراراتها <a href="https://undocs.org/ar/A/RES/53/70">53/70</a> المؤرخ 4 كانون الأول/ديسمبر 1998 و <a href="https://undocs.org/ar/A/RES/54/49">54/49</a> المؤرخ 1 كانون الأول/ديسمبر 1999 و <a href="https://undocs.org/ar/A/RES/55/28">55/28</a> المؤرخ 20 تشرين الثاني/نوفمبر 2000 و <a href="https://undocs.org/ar/A/RES/56/19">56/19</a> المؤرخ 29 تشرين الثاني/نوفمبر 2001 و <a href="https://undocs.org/ar/A/RES/57/53">57/53</a> المؤرخ 22 تشرين الثاني/نوفمبر 2002 و <a href="https://undocs.org/ar/A/RES/58/32">58/32</a> المؤرخ 8 كانون الأول/ديسمبر 2003 و <a href="https://undocs.org/ar/A/RES/59/61">59/61</a> المؤرخ 3 كانون الأول/ديسمبر 2004 و <a href="https://undocs.org/ar/A/RES/60/45">60/45</a> المؤرخ 8 كانون الأول/ديسمبر 2005 و <a href="https://undocs.org/ar/A/RES/61/54">61/54</a> المؤرخ 6 كانون الأول/ديسمبر 2006 و <a href="https://undocs.org/ar/A/RES/62/17">62/17</a> المؤرخ 5 كانون الأول/ديسمبر 2007 و <a href="https://undocs.org/ar/A/RES/63/37">63/37</a> المؤرخ 2 كانون الأول/ديسمبر 2008 و <a href="https://undocs.org/ar/A/RES/64/25">64/25</a> المؤرخ 2 كانون الأول/ديسمبر 2009 و <a href="https://undocs.org/ar/A/RES/65/41">65/41</a> المؤرخ 8 كانون الأول/ديسمبر 2010 و <a href="https://undocs.org/ar/A/RES/66/24">66/24</a> المؤرخ 2 كانون الأول/ديسمبر 2011 و <a href="https://undocs.org/ar/A/RES/67/27">67/27</a> المؤرخ 3 كانون الأول/ديسمبر 2012 و <a href="https://undocs.org/ar/A/RES/68/243">68/243</a> المؤرخ 27 كانون الأول/ديسمبر 2013 و <a href="https://undocs.org/ar/A/RES/69/28">69/28</a> المؤرخ 2 كانون الأول/ديسمبر 2014 و <a href="https://undocs.org/ar/A/RES/70/237">70/237</a> المؤرخ 23 كانون الأول/ديسمبر 2015 و <a href="https://undocs.org/ar/A/RES/71/28">71/28</a> المؤرخ 5 كانون الأول/ديسمبر 2016 و <a href="https://undocs.org/ar/A/RES/73/266">73/266</a> المؤرخ 22 كانون الأول/ديسمبر 2018، وإلى مقررها 72/512 المؤرخ 4 كانون الأول/ديسمبر 2017،</p>
      </container>
      <container name="وإذ تلاحظ" eId="container_3">
        <p xml:space="preserve">
          <span class="bold italic">وإذ تلاحظ</span> أن تقدما كبيرا قد أُحرز في تطوير وتطبيق أحدث ما وصلت إليه تكنولوجيا المعلومات ووسائل الاتصال السلكية واللاسلكية، </p>
      </container>
      <container name="وإذ تؤكد" eId="container_4">
        <p xml:space="preserve">
          <span class="bold italic">وإذ تؤكد</span> أنها ترى في هذا التقدم أوسع الفرص الإيجابية لمواصلة تطوير الحضارة وتوسيع فرص التعاون تحقيقا للصالح العام لجميع الدول، وتعزيز الإمكانات الخلاقة لدى البشرية، وإدخال تحسينات إضافية على تداول المعلومات في المجتمع العالمي،</p>
      </container>
      <container name="وإذ تلاحظ" eId="container_5">
        <p xml:space="preserve">
          <span class="bold italic">وإذ تلاحظ</span> أن نشر واستخدام تكنولوجيا ووسائل المعلومات يؤثران في مصالح المجتمع الدولي بأكمله، وأن الفعالية المثلى في هذا الصدد تتعزز بالتعاون الدولي الواسع النطاق،</p>
      </container>
      <container name="وإذ تؤكد" eId="container_6">
        <p xml:space="preserve">
          <span class="bold italic">وإذ تؤكد</span> أن تكنولوجيا المعلومات والاتصالات هي تكنولوجيا مزدوجة الاستخدام ويمكن أن تستخدم في أغراض مشروعة ومؤذية على السواء،</p>
      </container>
      <container name="وإذ تؤكد" eId="container_7">
        <p xml:space="preserve">
          <span class="bold italic">وإذ تؤكد</span> أنه من مصلحة جميع الدول تعزيز استخدام تكنولوجيا المعلومات والاتصالات في الأغراض السلمية ومنع نشوب النزاعات نتيجة استخدامها،</p>
      </container>
      <container name="وإذ تعرب" eId="container_8">
        <p xml:space="preserve">
          <span class="bold italic">وإذ تعرب</span> عن القلق لاحتمال استخدام هذه التكنولوجيا والوسائل في أغراض لا تتفق مع أهداف صون الاستقرار والأمن الدوليين ويمكن أن تؤثر تأثيرا سلبيا في سلامة الهياكل الأساسية للدول، مما يضر بأمنها في الميدانين المدني والعسكري على السواء،</p>
      </container>
      <container name="وإذ تؤكد" eId="container_9">
        <p xml:space="preserve">
          <span class="bold italic">وإذ تؤكد</span> ضرورة تعزيز التنسيق والتعاون بين الدول في مكافحة إساءة استخدام تكنولوجيا المعلومات لأغراض إجرامية،</p>
      </container>
      <container name="وإذ تشدد" eId="container_10">
        <p xml:space="preserve">
          <span class="bold italic">وإذ تشدد</span> على أهمية احترام حقوق الإنسان والحريات الأساسية في استخدام تكنولوجيا المعلومات والاتصالات،</p>
      </container>
      <container name="وإذ ترحب" eId="container_11">
        <p xml:space="preserve">
          <span class="bold italic">وإذ ترحب</span> بالعمل الفعال الذي اضطلع به فريق الخبراء الحكوميين المعني بالتطورات في ميدان المعلومات والاتصالات السلكية واللاسلكية في سياق الأمن الدولي، وبتقارير أعوام 2010<sup>(</sup><authorialNote marker="1" placement="bottom" eId="authorialNote_1"><p xml:space="preserve">	()	<a href="https://undocs.org/ar/A/65/201">A/65/201</a>.</p></authorialNote><sup>)</sup> و 2013<sup>(</sup><authorialNote marker="2" placement="bottom" eId="authorialNote_2"><p xml:space="preserve">	()	<a href="https://undocs.org/ar/A/68/98">A/68/98</a>.</p></authorialNote><sup>)</sup> و 2015<sup>(</sup><authorialNote marker="3" placement="bottom" eId="authorialNote_3"><p xml:space="preserve">	()	<a href="https://undocs.org/ar/A/70/174">A/70/174</a>.</p></authorialNote><sup>)</sup> التي أحالها الأمين العام في هذا الشأن،</p>
      </container>
      <container name="وإذ تؤكد" eId="container_12">
        <p xml:space="preserve">
          <span class="bold italic">وإذ تؤكد</span> أهمية التقييمات والتوصيات الواردة في تقارير فريق الخبراء الحكوميين،</p>
      </container>
      <container name="وإذ تؤكد" eId="container_13">
        <p xml:space="preserve">
          <span class="bold italic">وإذ تؤكد</span> استنتاجات فريق الخبراء الحكوميين في تقريريه لعامي 2013 و 2015، ومفادها أن القانون الدولي، وبخاصة ميثاق الأمم المتحدة، تنطبق أحكامه وتعتبر أساسية في صون السلام والاستقرار والنهوض ببيئة لتكنولوجيا المعلومات والاتصالات منفتحة ومأمونة ومستقرة وسلمية ويمكن الوصول إليها، وأن من شأن وضع معايير وقواعد ومبادئ طوعية وغير ملزمة لسلوك الدول المسؤول في استخدام تكنولوجيا المعلومات والاتصالات أن يحد من المخاطر التي تهدد السلام والأمن والاستقرار على الصعيد الدولي، وأنه نظرا لما لهذه التكنولوجيا من سمات فريدة، يمكن وضع معايير إضافية مع مرور الوقت،</p>
      </container>
      <container name="وإذ تؤكد أيضا" eId="container_14">
        <p xml:space="preserve">
          <span class="bold italic">وإذ تؤكد أيضا</span> استنتاجات فريق الخبراء الحكوميين بأن التدابير الطوعية لبناء الثقة يمكن أن تعزز الثقة والضمانات بين الدول وأن تساعد في الحد من مخاطر النزاعات بزيادة القدرة على التنبؤ والحد من التصورات الخاطئة، وأن تسهم بالتالي إسهاما هاما في معالجة شواغل الدول بشأن استخدام الدول لتكنولوجيا المعلومات والاتصالات، ويمكن أن تمثل خطوة هامة نحو توطيد الأمن الدولي،</p>
      </container>
      <container name="وإذ تؤكد كذلك" eId="container_15">
        <p xml:space="preserve">
          <span class="bold italic">وإذ تؤكد كذلك</span> استنتاجات فريق الخبراء الحكوميين بأن تقديم المساعدة لبناء القدرات في مجال أمن تكنولوجيا المعلومات والاتصالات أمر أساسي أيضا للأمن الدولي، عن طريق تحسين قدرة الدول على التعاون والعمل الجماعي وتعزيز استخدام هذه التكنولوجيا في الأغراض السلمية، </p>
      </container>
      <container name="وإذ تؤكد" eId="container_16">
        <p xml:space="preserve">
          <span class="bold italic">وإذ تؤكد</span> أنه في الوقت الذي تتحمل فيه الدول المسؤولية الرئيسية عن الحفاظ على بيئة لتكنولوجيا المعلومات والاتصالات مأمونة وسلمية، يمكن أن يعود تحديد آليات لمشاركة القطاع الخاص والأوساط الأكاديمية ومنظمات المجتمع المدني، حسب الاقتضاء، بالنفع على التعاون الدولي الفعال، </p>
      </container>
    </preamble>
    <mainBody>
      <paragraph eId="para_17" class="SingleTxt">
        <content eId="para_17__content">
          <p xml:space="preserve">	1 -	<span class="bold italic">تهيب </span>بالدول الأعضاء إلى القيام بما يلي:</p>
        </content>
      </paragraph>
      <paragraph eId="para_18" class="SingleTxt">
        <content eId="para_18__content">
          <p xml:space="preserve">	(أ)	أن تسترشد في استخدامها لتكنولوجيا المعلومات والاتصالات بتقارير الأعوام 2010<sup>(1)</sup> و 2013<sup>(2)</sup> و 2015<sup>(3)</sup> الصادرة عن فريق الخبراء الحكوميين المعني بالتطورات في ميدان المعلومات والاتصالات السلكية واللاسلكية في سياق الأمن الدولي؛</p>
        </content>
      </paragraph>
      <paragraph eId="para_19" class="SingleTxt">
        <content eId="para_19__content">
          <p xml:space="preserve">	(ب)	أن تدعم تنفيذ التدابير التعاونية، على النحو المحدد في تقارير فريق الخبراء الحكوميين، للتصدي للأخطار الناشئة في هذا الميدان وضمان تهيئة بيئة لتكنولوجيا المعلومات والاتصالات منفتحة وقابلة للتشغيل البيني وموثوقة ومأمونة، بما يتفق وضرورة صون التدفق الحر للمعلومات؛</p>
        </content>
      </paragraph>
      <paragraph eId="para_20" class="SingleTxt">
        <content eId="para_20__content">
          <p xml:space="preserve">	2 -	<span class="bold italic">تدعو</span> جميع الدول الأعضاء إلى أن تواصل، آخذة في اعتبارها التقييمات والتوصيات الواردة في تقارير فريق الخبراء الحكوميين، موافاة الأمين العام بآرائها وتقييماتها بشأن المسألتين التاليتين:</p>
        </content>
      </paragraph>
      <paragraph eId="para_21" class="SingleTxt">
        <content eId="para_21__content">
          <p xml:space="preserve">	(أ)	الجهود المبذولة على الصعيد الوطني لتعزيز أمن المعلومات وتشجيع التعاون الدولي في هذا الميدان؛</p>
        </content>
      </paragraph>
      <paragraph eId="para_22" class="SingleTxt">
        <content eId="para_22__content">
          <p xml:space="preserve">	(ب)	مضمون المفاهيم المشار إليها في تقارير فريق الخبراء الحكوميين؛</p>
        </content>
      </paragraph>
      <paragraph eId="para_23" class="SingleTxt">
        <content eId="para_23__content">
          <p xml:space="preserve">	3 -	<span class="bold italic">ترحب</span> بانطلاق أعمال فريق الخبراء الحكوميين الذي أنشأه الأمين العام عملا بالقرار <a href="https://undocs.org/ar/A/RES/73/266">73/266</a>، على أساس التوزيع الجغرافي العادل، والذي يرد بيان الولاية المنوطة به في الفقرة 3 من ذلك القرار؛ </p>
        </content>
      </paragraph>
      <paragraph eId="para_24" class="SingleTxt">
        <content eId="para_24__content">
          <p xml:space="preserve">	4 -	<span class="bold italic">ترحب أيضا </span>ببدء أعمال الفريق العامل المفتوح العضوية المعني بالتطورات في ميدان المعلومات والاتصالات السلكية واللاسلكية في سياق الأمن الدولي؛ </p>
        </content>
      </paragraph>
      <paragraph eId="para_25" class="SingleTxt">
        <content eId="para_25__content">
          <p xml:space="preserve">	5 -	<span class="bold italic">تقرر</span> أن تدرج في جدول الأعمال المؤقت لدورتها الخامسة والسبعين البند المعنون ”التطورات في ميدان المعلومات والاتصالات السلكية واللاسلكية في سياق الأمن الدولي“.</p>
        </content>
      </paragraph>
    </mainBody>
    <conclusions eId="conclusions">
      <p>
        <inline name="adoptionMeeting" title="46">الجلسة العامة 46</inline>
        <eol />
        <docDate date="2019-12-12" refersTo="#adoptionDate">12 كانون الأول/ديسمبر 2019</docDate>
      </p>
    </conclusions>
  </statement>
</akomaNtoso>