<akomaNtoso xmlns:xsi="http://www.w3.org/2001/XMLSchema-instance" xsi:schemaLocation="http://docs.oasis-open.org/legaldocml/ns/akn/3.0 http://docs.oasis-open.org/legaldocml/akn-core/v1.0/os/part2-specs/schemas/akomantoso30.xsd" xmlns="http://docs.oasis-open.org/legaldocml/ns/akn/3.0" xmlns:html="http://www.w3.org/1999/xhtml" xmlns:akn4un="http://un.org/akn4un">
  <statement name="resolution">
    <meta>
      <identification source="#DGACM">
        <FRBRWork>
          <FRBRthis value="/akn/un/statement/deliberation/unga/2020-06-30/74-293/!main/"></FRBRthis>
          <FRBRuri value="/akn/un/statement/deliberation/unga/2020-06-30/74-293/"></FRBRuri>
          <FRBRdate date="2020-06-30" name="adoption"></FRBRdate>
          <FRBRauthor href="ga" as="author"></FRBRauthor>
          <FRBRcountry value="un"></FRBRcountry>
        </FRBRWork>
        <FRBRExpression>
          <FRBRthis value="/akn/un/statement/deliberation/unga/2020-06-30/74-293/ara@!main/"></FRBRthis>
          <FRBRuri value="/akn/un/statement/deliberation/unga/2020-06-30/74-293/ara@/"></FRBRuri>
          <FRBRdate date="2020-07-15" name="publication"></FRBRdate>
          <FRBRauthor href="ga" as="issuer"></FRBRauthor>
          <FRBRlanguage language="ara"></FRBRlanguage>
        </FRBRExpression>
        <FRBRManifestation>
          <FRBRthis value="/akn/un/statement/deliberation/unga/2020-06-30/74-293/ara@/!main.xml"></FRBRthis>
          <FRBRuri value="/akn/un/statement/deliberation/unga/2020-06-30/74-293/ara@.xml"></FRBRuri>
          <FRBRdate date="2020-10-16" name="markup"></FRBRdate>
          <FRBRauthor href="DGACM" as="editor"></FRBRauthor>
        </FRBRManifestation>
      </identification>
      <classification source="http://metadata.un.org/sdg">
        <keyword value="3" href="http://metadata.un.org/sdg/3" showAs="sdg_3" dictionary="SDGO"></keyword>
        <keyword value="public_health" href="http://eurovoc.europa.eu/3885" showAs="public_health" dictionary="EuroVoc"></keyword>
        <keyword value="health" href="http://metadata.un.org/thesaurus/1002824" showAs="health" dictionary="UNBIS Thesaurus"></keyword>
      </classification>
      <classification source="http://metadata.un.org/sdg">
        <keyword value="4" href="http://metadata.un.org/sdg/4" showAs="sdg_4" dictionary="SDGO"></keyword>
        <keyword value="education" href="http://eurovoc.europa.eu/668" showAs="education" dictionary="EuroVoc"></keyword>
        <keyword value="right_to_education" href="http://eurovoc.europa.eu/512" showAs="right_to_education" dictionary="EuroVoc"></keyword>
        <keyword value="education" href="http://metadata.un.org/thesaurus/1001893" showAs="education" dictionary="UNBIS Thesaurus"></keyword>
      </classification>
      <classification source="http://metadata.un.org/sdg">
        <keyword value="9" href="http://metadata.un.org/sdg/9" showAs="sdg_9" dictionary="SDGO"></keyword>
        <keyword value="industrial_infrastructure" href="http://eurovoc.europa.eu/1434" showAs="industrial_infrastructure" dictionary="EuroVoc"></keyword>
        <keyword value="innovation" href="http://eurovoc.europa.eu/1439" showAs="innovation" dictionary="EuroVoc"></keyword>
        <keyword value="industrialization" href="http://metadata.un.org/thesaurus/1003177" showAs="industrialization" dictionary="UNBIS Thesaurus"></keyword>
        <keyword value="innovations" href="http://metadata.un.org/thesaurus/1003223" showAs="innovations" dictionary="UNBIS Thesaurus"></keyword>
      </classification>
      <workflow source="#un">
        <step date="2020-06-27" outcome="draftResolution" as="A/C.5/74/L.48" by="submitted by the Chair of the Committee following informal consultations" />
        <step date="0001-01-01" outcome="draftResolutionAdditionalSponsors" by="" />
        <step date="0001-01-01" outcome="recommendedForAdoption" as="A/74/921" refersTo="6" by="" />
        <step date="2020-06-30" outcome="adopted" as="Adopted through silence procedure" by="" />
      </workflow>
      <analysis source="#un">
        <parliamentary>
          <voting outcome="adoptedWithoutVote">
            <quorum value=""></quorum>
          </voting>
        </parliamentary>
      </analysis>
      <references source="#DGACM">
        <TLCOrganization eId="source" href="/akn/ontology/organization/un/DGACM" showAs="DGACM"></TLCOrganization>
        <TLCConcept eId="dateOfIssuance" href="/akn/ontology/concept/un/dateOfIssuance" showAs="Date of issuance"></TLCConcept>
        <TLCConcept eId="dateOfAdoption" href="/akn/ontology/concept/un/dateOfAdoption" showAs="Date of adoption"></TLCConcept>
        <TLCConcept eId="symbol" href="/akn/ontology/reference/un/symbol" showAs="Symbol"></TLCConcept>
        <TLCRole eId="publisher" href="/akn/ontology/role/un/publisher" showAs="Publisher"></TLCRole>
        <TLCRole eId="issuingBody" href="/akn/role/concept/un/issuingBody" showAs="Issuing body"></TLCRole>
        <TLCRole eId="author" href="/akn/ontology/role/un/author" showAs="Author"></TLCRole>
        <TLCRole eId="editor" href="/akn/ontology/role/un/editor" showAs="Editor"></TLCRole>
        <TLCRole eId="distribution" href="/akn/ontology/concept/un/generalDistribution" showAs="General distribution"></TLCRole>
        <TLCOrganization eId="ga" href="/akn/ontology/organization/un/generalAssembly" showAs="General Assembly"></TLCOrganization>
        <TLCTerm eId="resolutionTitle" href="/akn/ontology/reference/un/resolutionTitle" showAs="Resolution title"></TLCTerm>
        <TLCTerm eId="fifthCommittee" href="#fifthCommittee" showAs="اللجنة الخامسة"></TLCTerm>
        <TLCTerm eId="memberState" href="/akn/ontology/organization/un/memberState" showAs="Member State"></TLCTerm>
        <TLCTerm eId="inFavour" href="/akn/ontology/concept/un/voting/inFavour" showAs="In favour"></TLCTerm>
        <TLCTerm eId="against" href="/akn/ontology/concept/un/voting/against" showAs="Against"></TLCTerm>
        <TLCTerm eId="abstaining" href="/akn/ontology/concept/un/voting/abstaining" showAs="Abstaining"></TLCTerm>
      </references>
      <presentation source="#un">
        <akn4un:footerFirstPage>
          <akn4un:footerFirstPageLeft>
            <akn4un:internalCode>
              <docketNumber refersTo="#publicationJobNumber">20-08805 (A)</docketNumber>
              <img alt="bar code" class="barCode" src=""></img>
            </akn4un:internalCode>
          </akn4un:footerFirstPageLeft>
          <akn4un:footerFirstPageRight>
            <img alt="Please recycle" class="image" src="./recylcleLogo.jpg"></img>
            <img alt="embedded QR code" class="qrCode" src=""></img>
          </akn4un:footerFirstPageRight>
        </akn4un:footerFirstPage>
      </presentation>
    </meta>
    <coverPage eId="coverPage_1">
      <p>
        <span refersTo="#publisher" class="upperLeft">
          <docAuthority refersTo="#publisher">الأمــم المتحـدة</docAuthority>
        </span>
      </p>
      <p class="upperRight">
        <docNumber refersTo="#symbol">A/RES/74/293</docNumber>
      </p>
      <p class="upperLeft">
        <img src="logo-un.jpg"></img>
        <docAuthority refersTo="#issuingBody" class="rightBig">الجمعية العامة</docAuthority>
      </p>
      <p>
        <docStatus refersTo="#generalDistribution" class="rightSmall">Distr.: General</docStatus>
      </p>
      <p>
        <docDate date="2020-07-15" class="rightSmall" refersTo="#dateOfIssuance">15 July 2020</docDate>
      </p>
      <p>
        <session refersTo="#generalAssembly" value="74" eId="coverPage_1__session_1">الدورة الرابعة والسبعون</session>
      </p>
      <p>
        <inline name="agenda item">البند 161 من جدول الأعمال</inline>
      </p>
      <p>
        <inline name="agenda item name">تمويل بعثة الأمم المتحدة في جنوب السودان</inline>
      </p>
      <p>
        <docTitle>قرار اتخذته الجمعية العامة في 30 حزيران/يونيه 2020</docTitle>
      </p>
      <p xml:space="preserve">
        <docProponent refersTo="#fifthCommittee">[بناء على تقرير اللجنة الخامسة (<inline name="originating document">A/74/921</inline>)]</docProponent>
      </p>
    </coverPage>
    <preface>
      <p>
        <docNumber>74/293.</docNumber>
        <docTitle refersTo="#resolutionTitle">- تمويل بعثة الأمم المتحدة في جنوب السودان</docTitle>
      </p>
    </preface>
    <preamble>
      <formula name="enactingFormula" eId="formula_1">
        <p xml:space="preserve">
          <span class="bold italic">إن الجمعية العامة</span>،</p>
      </formula>
      <container name="وقد نظرت " eId="container_2">
          <p xml:space="preserve">
            <span class="bold italic">وقد نظرت</span> في تقريري الأمين العام عن تمويل بعثة الأمم المتحدة في جنوب السودان<sup>(</sup><authorialNote marker="1" placement="bottom" eId="authorialNote_1"><p xml:space="preserve">	()	<a href="https://undocs.org/ar/A/74/597">A/74/597</a> و <a href="https://undocs.org/ar/A/74/742">A/74/742</a>.</p></authorialNote><sup>)</sup> وتقرير اللجنة الاستشارية لشؤون الإدارة والميزانية ذي الصلة<sup>(</sup><authorialNote marker="2" placement="bottom" eId="authorialNote_2"><p xml:space="preserve">	()	<a href="https://undocs.org/ar/A/74/737/Add.13">A/74/737/Add.13</a>.</p></authorialNote><sup>)</sup>،</p>
      </container>
      <container name="وإذ تشير " eId="container_3">
        <p xml:space="preserve">
          <span class="bold italic">وإذ تشير </span>إلى قرار مجلس الأمن <a href="https://undocs.org/ar/S/RES/1996(2011)">1996</a><a href="https://undocs.org/ar/S/RES/1996(2011)"> (2011)</a> المؤرخ 8 تموز/يوليه 2011 الذي أنشأ المجلس بموجبه بعثة الأمم المتحدة في جنوب السودان، اعتبارا من 9 تموز/يوليه 2011، والقرارات اللاحقة التي مدد المجلس بموجبها ولاية البعثة، وآخرها القرار <a href="https://undocs.org/ar/S/RES/2514(2020)">2514</a><a href="https://undocs.org/ar/S/RES/2514(2020)"> (2020)</a> المؤرخ 12 آذار/مارس 2020، الذي مدد المجلس بموجبه ولاية البعثة حتى 15 آذار/مارس 2021، </p>
      </container>
      <container name="وإذ تشير أيضا " eId="container_4">
        <p xml:space="preserve">
          <span class="bold italic">وإذ تشير أيضا </span>إلى قرارها <a href="https://undocs.org/ar/A/RES/66/243">66/243</a> ألف المؤرخ 24 كانون الأول/ديسمبر 2011 بشأن تمويل البعثة، وقرارتها اللاحقة في الموضوع وآخرها القرار <a href="https://undocs.org/ar/A/RES/73/323">73/323</a> المؤرخ 3 تموز/يوليه 2019، وكذلك مقررها 73/555 المؤرخ 3 تموز/يوليه 2019، </p>
      </container>
      <container name="وإذ تعيد تأكيد " eId="container_5">
        <p xml:space="preserve">
          <span class="bold italic">وإذ تعيد تأكيد </span>المبادئ العامة التي يستند إليها تمويل عمليات الأمم المتحدة لحفظ السلام، المنصوص عليها في قراراتها 1874 (دإ-4) المؤرخ 27 حزيران/يونيه 1963 و 3101 (د-28) المؤرخ 11 كانون الأول/ديسمبر 1973 و <a href="https://undocs.org/ar/A/RES/55/235">55</a><a href="https://undocs.org/ar/A/RES/55/235">/235</a> المؤرخ 23 كانون الأول/ديسمبر 2000، </p>
      </container>
      <container name="وإذ تضع في اعتبارها" eId="container_6">
        <p xml:space="preserve">
          <span class="bold italic">وإذ تضع في اعتبارها</span> ضرورة تزويد البعثة بالموارد المالية اللازمة لتمكينها من الاضطلاع بمسؤولياتها بموجب قرارات مجلس الأمن المتخذة بهذا الشأن، </p>
      </container>
    </preamble>
    <mainBody>
      <paragraph eId="para_7" class="MercuryDocument">
        <content eId="para_7__content">
          <p xml:space="preserve">	1 -	<span class="bold italic">تطلب </span>إلى الأمين العام أن يعهد إلى رئيس البعثة بمهمة صياغة مقترحات الميزانية المقبلة على نحو يتفق تمام الاتفاق مع أحكام قراراتها <a href="https://undocs.org/ar/A/RES/59/296">59</a><a href="https://undocs.org/ar/A/RES/59/296">/296</a> المؤرخ 22 حزيران/يونيه 2005، و <a href="https://undocs.org/ar/A/RES/60/266">60</a><a href="https://undocs.org/ar/A/RES/60/266">/266</a> المؤرخ 30 حزيران/يونيه 2006، و <a href="https://undocs.org/ar/A/RES/61/276">61</a><a href="https://undocs.org/ar/A/RES/61/276">/276</a> المؤرخ 29 حزيران/يونيه 2007، و <a href="https://undocs.org/ar/A/RES/64/269">64</a><a href="https://undocs.org/ar/A/RES/64/269">/269</a> المؤرخ 24 حزيران/يونيه 2010، و <a href="https://undocs.org/ar/A/RES/65/289">65</a><a href="https://undocs.org/ar/A/RES/65/289">/289</a> المؤرخ 30 حزيران/يونيه 2011، و <a href="https://undocs.org/ar/A/RES/66/264">66</a><a href="https://undocs.org/ar/A/RES/66/264">/264</a> المؤرخ 21 حزيران/يونيه 2012، و <a href="https://undocs.org/ar/A/RES/69/307">69</a><a href="https://undocs.org/ar/A/RES/69/307">/307</a> المؤرخ 25 حزيران/يونيه 2015، و <a href="https://undocs.org/ar/A/RES/70/286">70</a><a href="https://undocs.org/ar/A/RES/70/286">/286</a> المؤرخ 17 حزيران/ يونيه 2016، وغير ذلك من القرارات ذات الصلة؛ </p>
        </content>
      </paragraph>
      <paragraph eId="para_8" class="MercuryDocument">
        <content eId="para_8__content">
          <p xml:space="preserve">	2 -	<span class="bold italic">تحيط علما </span>بحالة الاشتراكات المقدمة إلى بعثة الأمم المتحدة في جنوب السودان في 30 نيسان/أبريل 2020، بما في ذلك الاشتراكات غير المسددة، البالغة 369,8 مليون من دولارات الولايات المتحدة، التي تمثل نحو 4 في المائة من مجموع الاشتراكات المقررة، وتلاحظ مع القلق أن 61 دولة فقط من الدول الأعضاء سددت اشتراكاتها المقررة بالكامل، وتحث جميع الدول الأعضاء الأخرى، ولا سيما الدول التي عليها متأخرات، على أن تكفل دفع اشتراكاتها المقررة غير المسددة؛ </p>
        </content>
      </paragraph>
      <paragraph eId="para_9" class="MercuryDocument">
        <content eId="para_9__content">
          <p xml:space="preserve">	3 -<span class="bold italic">	تعرب عن تقديرها </span>للدول الأعضاء التي سدَّدت اشتراكاتها المقررة بالكامل، وتحث جميع الدول الأعضاء الأخرى على بذل كل جهد ممكن لكفالة تسديد كامل اشتراكاتها المقررة للبعثة؛ </p>
        </content>
      </paragraph>
      <paragraph eId="para_10" class="MercuryDocument">
        <content eId="para_10__content">
          <p xml:space="preserve">	4 -	<span class="bold italic">تعرب عن القلق </span>تجاه الحالة المالية المتعلقة بأنشطة حفظ السلام، وبخاصة فيما يتصل بتسديد التكاليف للدول المساهمة بقوات التي تتحمل أعباء إضافية بسبب تأخر بعض الدول الأعضاء في دفع أنصبتها المقررة؛ </p>
        </content>
      </paragraph>
      <paragraph eId="para_11" class="MercuryDocument">
        <content eId="para_11__content">
          <p xml:space="preserve">	5 -<span class="bold italic">	تشدد</span> على ضرورة أن تعامل جميع بعثات حفظ السلام المقبلة والحالية معاملة متساوية لا تمييز فيها فيما يتعلق بالترتيبات المالية والإدارية؛ </p>
        </content>
      </paragraph>
      <paragraph eId="para_12" class="MercuryDocument">
        <content eId="para_12__content">
          <p xml:space="preserve">	6 -	<span class="bold italic">تشدد أيضا </span>على ضرورة تزويد جميع بعثات حفظ السلام بالموارد الكافية لكي يضطلع كل منها بولايته بفعالية وكفاءة؛ </p>
        </content>
      </paragraph>
      <paragraph eId="para_13" class="MercuryDocument">
        <content eId="para_13__content">
          <p xml:space="preserve">	7 -<span class="bold italic">	تطلب </span>إلى الأمين العام كفالة أن توضع الميزانيات المقترحة لحفظ السلام على أساس الولاية التشريعية لكل منها؛ </p>
        </content>
      </paragraph>
      <paragraph eId="para_14" class="MercuryDocument">
        <content eId="para_14__content">
          <p xml:space="preserve">	8 -<span class="bold italic">	تؤيد </span>الاستنتاجات والتوصيات الواردة في تقرير اللجنة الاستشارية لشؤون الإدارة والميزانية<sup>(2)</sup>، رهناً بأحكام هذا القرار، وتطلب إلى الأمين العام أن يكفل تنفيذها بالكامل؛ </p>
        </content>
      </paragraph>
      <paragraph eId="para_15" class="MercuryDocument">
        <content eId="para_15__content">
          <p xml:space="preserve">	9 -	<span class="bold italic">تطلب </span>إلى الأمين العام وضع أطر ومبادئ توجيهية واضحة تحدد ما إذا كان يتعين استخدام إعلانات المناقصة أو طلبات تقديم العروض كإجراء لطلب تقديم العطاءات من أجل الحصول على مختلف أنواع السلع والخدمات، ومن جملتها خدمات الطيران، وتحديث دليل مشتريات الأمم المتحدة وفقا لذلك؛</p>
        </content>
      </paragraph>
      <paragraph eId="para_16" class="MercuryDocument">
        <content eId="para_16__content">
          <p xml:space="preserve">	10 -	<span class="bold italic">تطلب أيضا </span>إلى الأمين العام أن يتخذ تدابير لكفالة امتثال المنظمة لأفضل الممارسات المتبعة في مجال المشتريات العامة فيما يتعلق بالشفافية، تشمل نشر معلومات إضافية في المجال العام عن نتائج عمليات الشراء المنجزة، بما في ذلك في مجال خدمات الطيران، وذلك لزيادة الشفافية في عمليات الشراء التي تقوم بها المنظمة وتحديث دليل مشتريات الأمم المتحدة وفقا لذلك؛</p>
        </content>
      </paragraph>
      <paragraph eId="para_17" class="MercuryDocument">
        <content eId="para_17__content">
          <p xml:space="preserve">	11 -	<span class="bold italic">تلاحظ </span>العملية الجارية لوضع مؤشرات الأداء القائمة على الأثر في إطار تنفيذ النظام الشامل لتقييم الأداء، وتطلب في هذا الصدد إلى الأمين العام أن يقدم في تقريره المقبل معلومات عن الطريقة التي ستقيس بها هذه المؤشرات أداء البعثة للمهام المقررة، وأثر تخصيص الموارد على ذلك الأداء، وعن كيفية إسهام المؤشرات في تحديد الموارد اللازمة لكل واحدة من المهام الصادر بها تكليف؛</p>
        </content>
      </paragraph>
      <paragraph eId="para_18" class="MercuryDocument">
        <content eId="para_18__content">
          <p xml:space="preserve">	12 -<span class="bold italic">	تطلب </span>إلى الأمين العام أن يقدم في تقريره المقبل خطة لتنفيذ النظام الشامل الجديد لتقييم الأداء وتحليله، بما في ذلك ارتباطه بتخطيط أنشطة البعثات وإعداد الميزانية، لتيسير نظر الجمعية العامة في طلبات الموارد اللازمة لتنفيذ النظام؛</p>
        </content>
      </paragraph>
      <paragraph eId="para_19" class="MercuryDocument">
        <content eId="para_19__content">
          <p xml:space="preserve">	13 -<span class="bold italic">	تشدد </span>على أهمية نظام المساءلة في الأمانة العامة، وتطلب إلى الأمين العام مواصلة تعزيز إدارة المخاطر والضوابط الداخلية في إدارة ميزانيات حفظ السلام لتيسير تنفيذ الولايات وزيادة الشفافية، وأن يقدم معلومات عن ذلك في سياق تقريره المقبل؛</p>
        </content>
      </paragraph>
      <paragraph eId="para_20" class="MercuryDocument">
        <content eId="para_20__content">
          <p xml:space="preserve">	14 -<span class="bold italic">	تشدد أيضا </span>على أهمية الأداء العام للميزانية في عمليات حفظ السلام، وتطلب إلى الأمين العام أن يواصل تنفيذ توصيات هيئات الرقابة المعنية، مع إيلاء ما يلزم من اعتبار لتوجيهات الجمعية العامة وتوصياتها، وأن يقدم معلومات عن ذلك في سياق تقارير الأداء؛</p>
        </content>
      </paragraph>
      <paragraph eId="para_21" class="MercuryDocument">
        <content eId="para_21__content">
          <p xml:space="preserve">	15 -<span class="bold italic">	تلاحظ بقلق بالغ </span>الأخطار التي تتهدد الحياة والصحة والسلامة والأمن بسبب جائحة مرض فيروس كورونا (كوفيد-19) وأهمية ضمان سلامة أفراد حفظ السلام وأمنهم وصحتهم، والحفاظ على استمرار تنفيذ الولايات الحيوية، بما فيها حماية المدنيين، والتقليل إلى أدنى حد من خطر تسبب أنشطة البعثة في انتشار الفيروس، والقيام، عند الاقتضاء، وفي حدود الولايات المسندة، بدعم السلطات الوطنية، بناء على طلبها، فيما تتخذه من تدابير لمواجهة الجائحة بالتعاون مع المنسق المقيم وغيره من كيانات الأمم المتحدة العاملة في البلد ؛</p>
        </content>
      </paragraph>
      <paragraph eId="para_22" class="MercuryDocument">
        <content eId="para_22__content">
          <p xml:space="preserve">	16 -<span class="bold italic">	تطلب </span>إلى الأمين العام أن يضمن تقريره المقبل عن الأداء معلومات عن التدابير التي اتخذتها البعثة، والدروس المستخلصة من الأوبئة والجوائح الماضية والحالية، وأن يقترح خيارات لتحسين التأهب مستقبلا لمواجهة الأوبئة والجوائح، بما في ذلك لأغراض استمرارية تصريف الأعمال؛</p>
        </content>
      </paragraph>
      <paragraph eId="para_23" class="MercuryDocument">
        <content eId="para_23__content">
          <p xml:space="preserve">	17 -	<span class="bold italic">تلاحظ </span>التقدم المحرز في تنفيذ الاستراتيجية البيئية المتعددة السنوات للحد من الأثر البيئي لعمليات حفظ السلام، وتطلب إلى الأمين العام أن يعزز التدابير المتخذة لتنفيذ الاستراتيجية في جميع بعثات حفظ السلام، انسجاما مع الركائز الخمس للاستراتيجية ووفقا للظروف الخاصة القائمة في الميدان، وفي امتثال تام للقواعد والأنظمة ذات الصلة بالموضوع، وأن يقدم تقريرا عن ذلك في سياق تقريره الاستعراضي المقبل؛</p>
        </content>
      </paragraph>
      <paragraph eId="para_24" class="MercuryDocument">
        <content eId="para_24__content">
          <p xml:space="preserve">	18 -	<span class="bold italic">تؤكد </span>أن الأنشطة البرنامجية تساهم مساهمة مهمة في تنفيذ ولايات البعثة، بما يشمل منع نشوب النزاعات وحلها، وأن جميع تلك الأنشطة يجب أن تكون ذات صلة مباشرة بولايات البعثة؛</p>
        </content>
      </paragraph>
      <paragraph eId="para_25" class="MercuryDocument">
        <content eId="para_25__content">
          <p xml:space="preserve">	19 -<span class="bold italic">	تطلب </span>إلى الأمين العام أن يكفل تحمل البعثة المسؤولية عن استخدام أموالها البرنامجية وخضوعها للمساءلة عن ذلك، انسجاما مع التوجيهات ذات الصلة بهذا الموضوع وفي ظل مراعاة السياق المحدد الذي تعمل فيه البعثة، وأن يدرج في مشروع الميزانية وتقرير الأداء المقبلين معلومات مفصلة عن الأنشطة البرنامجية التي اضطلعت بها البعثة، تشمل إسهام تلك الأنشطة في تنفيذ ولايات البعثة، وارتباطها بالولايات، والكيانات المنفذة، واضطلاع البعثة بالرقابة اللازمة؛</p>
        </content>
      </paragraph>
      <paragraph eId="para_26" class="MercuryDocument">
        <content eId="para_26__content">
          <p xml:space="preserve">	20 -<span class="bold italic">	تعرب عن القلق </span>من ادعاءات ممارسات الاستغلال والانتهاك الجنسيين المبلغ عنها في بعثات حفظ السلام، وتطلب إلى الأمين العام أن يواصل تنفيذ سياسته المتمثلة في عدم التسامح إطلاقا إزاء حالات الاستغلال والانتهاك الجنسيين فيما يتعلق بجميع الأفراد المدنيين والعسكريين وأفراد الشرطة، وأن يقدم معلومات عن ذلك في سياق تقريره المقبل عن المسائل الشاملة؛</p>
        </content>
      </paragraph>
      <paragraph eId="para_27" class="MercuryDocument">
        <content eId="para_27__content">
          <p xml:space="preserve">	21 -<span class="bold italic">	تسلم </span>بالتحديات الأمنية المتزايدة التي يواجهها حفظة السلام التابعون للأمم المتحدة، وتؤكد من جديد التزامها بتحسين سلامة أفراد البعثة وأمنهم، ولا سيما الأفراد النظاميون، وتطلب إلى الأمين العام أن يواصل تعزيز التدابير المتخذة في هذا الصدد، وأن يقدم تقريرا عن ذلك إلى الجمعية العامة في سياق مشروع ميزانية البعثة المقبل؛</p>
        </content>
      </paragraph>
      <paragraph eId="para_28" class="MercuryDocument">
        <content eId="para_28__content">
          <p xml:space="preserve">	22 -	<span class="bold italic">تعيد تأكيد </span>أحكام الجزء الثامن عشر من قرارها <a href="https://undocs.org/ar/A/RES/61/276">61/276</a> وتسلم كذلك بالدور الهام الذي تؤديه المشاريع السريعة الأثر في دعم تنفيذ ولايات البعثات، وتؤكد ضرورة تنفيذ جميع تلك المشاريع في الوقت المناسب وبروح من المسؤولية والمساءلة، وتطلب إلى الأمين العام أن يعزز أثرها مع التصدي في الوقت نفسه للتحديات الأساسية؛</p>
        </content>
      </paragraph>
      <paragraph eId="para_29" class="MercuryDocument">
        <content eId="para_29__content">
          <p xml:space="preserve">	23 -	<span class="bold italic">تطلب </span>إلى الأمين العام أن ينظر في خيارات زيادة إضفاء الطابع الوطني على المهام عند صياغة مشاريع الميزانية بما يتناسب مع ولايات البعثة واحتياجاتها؛</p>
        </content>
      </paragraph>
      <paragraph eId="para_30" class="MercuryDocument">
        <content eId="para_30__content">
          <p xml:space="preserve">	24 -<span class="bold italic">	تكرر تأكيد </span>قلقها من ارتفاع عدد الشواغر في ملاك الموظفين المدنيين، وتكرر أيضا تأكيد طلبها إلى الأمين العام أن يكفل شغل الوظائف الشاغرة على وجه السرعة؛</p>
        </content>
      </paragraph>
      <paragraph eId="para_31" class="MercuryDocument">
        <content eId="para_31__content">
          <p xml:space="preserve">	25 -<span class="bold italic">	تطلب </span>إلى الأمين العام كفالة شغل الوظائف الشاغرة على وجه السرعة، وتقرر عدم إلغاء الوظائف التي ظلت شاغرة لمدة 24 شهرا أو أكثر خلال فترة الميزانية الحالية؛</p>
        </content>
      </paragraph>
      <paragraph eId="para_32" class="MercuryDocument">
        <content eId="para_32__content">
          <p xml:space="preserve">	26 -<span class="bold italic">	تطلب أيضا </span>إلى الأمين العام أن يستعرض الوظائف التي ظلت شاغرة لمدة 24 شهرا أو أكثر وأن يقترح في مشروع الميزانية المقبل إما الاحتفاظ بها، مع تقديم مبررات واضحة لضرورتها، وإما إلغاءها؛</p>
        </content>
      </paragraph>
      <paragraph eId="para_33" class="MercuryDocument">
        <content eId="para_33__content">
          <p xml:space="preserve">	27 -<span class="bold italic">	تطلب كذلك </span>إلى الأمين العام أن يجري تقييما مقارنا للخدمات التي تقدمها الكيانات المعنية لأنشطة الإجراءات المتعلقة بالألغام وأن يقدم النتائج في سياق تقريره المقبل؛</p>
        </content>
      </paragraph>
      <paragraph eId="para_34" class="MercuryDocument">
        <content eId="para_34__content">
          <p xml:space="preserve">	28 -<span class="bold italic">	تسلم </span>بالدور الهام الذي تضطلع به الجهات الفاعلة الإقليمية ودون الإقليمية في عمليات حفظ السلام، وتشجع في هذا الصدد الأمين العام على تعميق أنشطة الشراكة والتعاون والتنسيق بين الأمم المتحدة والجهات الفاعلة الإقليمية ودون الإقليمية، وفقا للولايات ذات الصلة بالموضوع، وعلى تقديم معلومات عن هذا التفاعل المعمق في سياق تقريره المقبل؛ </p>
        </content>
      </paragraph>
      <paragraph eId="para_35" class="MercuryDocument">
        <content eId="para_35__content">
          <p xml:space="preserve">	29 -<span class="bold italic">	تطلب </span>إلى الأمين العام أن يكفل التنفيذ التام للأحكام ذات الصلة من قراراتها <a href="https://undocs.org/ar/A/RES/59/296">59</a><a href="https://undocs.org/ar/A/RES/59/296">/296</a> و <a href="https://undocs.org/ar/A/RES/60/266">60</a><a href="https://undocs.org/ar/A/RES/60/266">/266</a> و <a href="https://undocs.org/ar/A/RES/61/276">61</a><a href="https://undocs.org/ar/A/RES/61/276">/276</a> و <a href="https://undocs.org/ar/A/RES/64/269">64</a><a href="https://undocs.org/ar/A/RES/64/269">/269</a> و <a href="https://undocs.org/ar/A/RES/65/289">65</a><a href="https://undocs.org/ar/A/RES/65/289">/289</a> و <a href="https://undocs.org/ar/A/RES/66/264">66</a><a href="https://undocs.org/ar/A/RES/66/264">/264</a> و <a href="https://undocs.org/ar/A/RES/69/307">69</a><a href="https://undocs.org/ar/A/RES/69/307">/307</a> و <a href="https://undocs.org/ar/A/RES/70/286">70</a><a href="https://undocs.org/ar/A/RES/70/286">/286</a>؛</p>
        </content>
      </paragraph>
      <paragraph eId="para_36" class="MercuryDocument">
        <content eId="para_36__content">
          <p xml:space="preserve">	30 -<span class="bold italic">	تطلب أيضا </span>إلى الأمين العام أن يتخذ جميع الإجراءات اللازمة لضمان إدارة البعثة بأقصى قدر من الكفاءة والاقتصاد؛ ‬‬</p>
        </content>
      </paragraph>
      <paragraph eId="para_37" class="MercuryDocument">
        <subheading>		تقرير أداء الميزانية للفترة من 1 تموز/يوليه 2018 إلى 30 حزيران/يونيه 2019</subheading>
      </paragraph>
      <paragraph eId="para_38" class="MercuryDocument">
        <content eId="para_38__content">
          <p xml:space="preserve">	31 -<span class="bold italic">	تحيط علما </span>بتقرير الأمين العام عن أداء ميزانية البعثة للفترة من 1 تموز/يوليه 2018 إلى 30 حزيران/يونيه 2019<sup>(</sup><authorialNote marker="3" placement="bottom" eId="authorialNote_3"><p xml:space="preserve">	()	<a href="https://undocs.org/ar/A/74/597">A/74/597</a>.</p></authorialNote><sup>)</sup>؛</p>
        </content>
      </paragraph>
      <paragraph eId="para_39" class="MercuryDocument">
        <content eId="para_39__content">
          <p xml:space="preserve">	32 -	<span class="bold italic">تقرر </span>أن تعتمد للحساب الخاص لبعثة الأمم المتحدة في جنوب السودان مبلغ  700 146 25 دولار للإنفاق على البعثة، وهو المبلغ الذي سبق أن أذنت به اللجنة الاستشارية للفترة من 1 تموز/يوليه 2018 إلى 30 حزيران/يونيه 2019 بموجب أحكام الجزء السادس من قرارها <a href="https://undocs.org/ar/A/RES/64/269">64</a><a href="https://undocs.org/ar/A/RES/64/269">/269</a>، إضافةً إلى مبلغ 400 960 124 1 دولار سبقت الموافقة عليه للفترة نفسها بموجب أحكام قرارها <a href="https://undocs.org/ar/A/RES/72/300">72</a><a href="https://undocs.org/ar/A/RES/72/300">/300</a> المؤرخ 5 تموز/يوليه 2018 ومقررها 72/558 المؤرخ 5 تموز/يوليه 2018؛ </p>
        </content>
      </paragraph>
      <paragraph eId="para_40" class="MercuryDocument">
        <subheading>		تمويل الاعتماد الإضافي للفترة من 1 تموز/يوليه 2018 إلى 30 حزيران/يونيه 2019</subheading>
      </paragraph>
      <paragraph eId="para_41" class="MercuryDocument">
        <content eId="para_41__content">
          <p xml:space="preserve">	33 -	<span class="bold italic">تقرر </span>أن تقسم بين الدول الأعضاء، آخذة في الاعتبار مبلغ 400 960 124 1 دولار الذي سبق تقسيمه بموجب أحكام قرارها <a href="https://undocs.org/ar/A/RES/72/300">72</a><a href="https://undocs.org/ar/A/RES/72/300">/300</a> ومقررها 72/558 للفترة من 1 تموز/يوليه 2018 إلى 30 حزيران/يونيه 2019، المبلغ الإضافي البالغ 700 146 25 دولار للإنفاق على البعثة خلال الفترة نفسها، وفقا للمستويات المستكملة في قراريها <a href="https://undocs.org/ar/A/RES/70/246">70</a><a href="https://undocs.org/ar/A/RES/70/246">/246</a> المؤرخ 23 كانون الأول/ديسمبر 2015 و <a href="https://undocs.org/ar/A/RES/73/272">73</a><a href="https://undocs.org/ar/A/RES/73/272">/272</a> المؤرخ 22 كانون الأول/ديسمبر 2018، ومع مراعاة جدول الأنصبة المقررة لعام 2018، على النحو المبين في قرارها <a href="https://undocs.org/ar/A/RES/70/245">70</a><a href="https://undocs.org/ar/A/RES/70/245">/245</a> المؤرخ 23 كانون الأول/ديسمبر 2015، ولعام 2019، على النحو المبين في قرارها <a href="https://undocs.org/ar/A/RES/73/271">73</a><a href="https://undocs.org/ar/A/RES/73/271">/271</a> المؤرخ 22 كانون الأول/ديسمبر 2018؛</p>
        </content>
      </paragraph>
      <paragraph eId="para_42" class="MercuryDocument">
        <content eId="para_42__content">
          <p xml:space="preserve">	34 -<span class="bold italic">	تقرر أيضا </span>أن يُخصَم من المبلغ المقسَّم فيما بين الدول الأعضاء على النحو المنصوص عليه في الفقرة 33 أعلاه المبلغ 400 619 19 دولار، الذي يمثل إيرادات أخرى تتعلق بالفترة المالية المنتهية في 30 حزيران/يونيه 2019؛</p>
        </content>
      </paragraph>
      <paragraph eId="para_43" class="MercuryDocument">
        <content eId="para_43__content">
          <p xml:space="preserve">	35 -<span class="bold italic">	تقرر كذلك </span>أن تُخصم، وفقاً لأحكام قرارها 973 (د-10) المؤرخ 15 كانون الأول/ ديسمبر 1955، من المبلغ المقسَّم فيما بين الدول الأعضاء، على النحو المنصوص عليه في الفقرة 33 أعلاه، حصةُ كل منها في صندوق معادلة الضرائب البالغ رصيده 300 527 5 دولار، والذي يمثل جزءا من الزيادة في الإيرادات المقدَّر أن تتأتى للبعثة من الاقتطاعات الإلزامية من مرتبات الموظفين خلال الفترتين الماليتين المنتهيتين في 30 حزيران/يونيه 2018 و 30 حزيران/يونيه 2019؛ </p>
        </content>
      </paragraph>
      <paragraph eId="para_44" class="MercuryDocument">
        <subheading>		تقديرات الميزانية للفترة من 1 تموز/يوليه 2020 إلى 30 حزيران/يونيه 2021</subheading>
      </paragraph>
      <paragraph eId="para_45" class="MercuryDocument">
        <content eId="para_45__content">
          <p xml:space="preserve">	36 -	<span class="bold italic">تقرر </span>أن تعتمد للحساب الخاص مبلغ 800 877 264 1 دولار للفترة من 1 تموز/ يوليه 2020 إلى 30 حزيران/يونيه 2021، ويشمل 100 515 178 1 دولار للإنفاق على البعثة و 000 365 67 دولار لحساب دعم عمليات حفظ السلام و 500 355 11 دولار لقاعدة الأمم المتحدة للوجستيات في برينديزي، إيطاليا، و 200 642 7 دولار لمركز الخدمات الإقليمي في عنتيبي، أوغندا؛</p>
        </content>
      </paragraph>
      <paragraph eId="para_46" class="MercuryDocument">
        <subheading>		تمويل الاعتماد المخصص للفترة من 1 تموز/يوليه 2020 إلى 30 حزيران/يونيه 2021</subheading>
      </paragraph>
      <paragraph eId="para_47" class="MercuryDocument">
        <content eId="para_47__content">
          <p xml:space="preserve">	37 -<span class="bold italic">	تقرر </span>أن تقسم بين الدول الأعضاء مبلغ 003 255 894 دولارات للفترة من 1 تموز/يوليه 2020 إلى 15 آذار/مارس 2021، وفقا للمستويات التي تم تحديثها في قرارها <a href="https://undocs.org/ar/A/RES/73/272">73</a><a href="https://undocs.org/ar/A/RES/73/272">/272</a>، ومع مراعاة جدول الأنصبة المقررة لعامي 2020 و 2021، على النحو المبين في قرارها <a href="https://undocs.org/ar/A/RES/73/271">73</a><a href="https://undocs.org/ar/A/RES/73/271">/271</a>؛ </p>
        </content>
      </paragraph>
      <paragraph eId="para_48" class="MercuryDocument">
        <content eId="para_48__content">
          <p xml:space="preserve">	38 -<span class="bold italic">	تقرر أيضا </span>أن تُخصم، وفقاً لأحكام قرارها 973 (د-10)، من المبلغ المقسم بين الدول الأعضاء على النحو المنصوص عليه في الفقرة 37 أعلاه، حصّةُ كل منها في صندوق معادلة الضرائب البالغ رصيده 232 585 23 دولارا والذي يشمل الإيرادات المقدر أن تأتي من الاقتطاعات الإلزامية من مرتبات الموظفين بمبلغ 212 410 18 دولارا والموافق عليها للبعثة، والحصة التناسبية البالغة 852 827 3 دولارا من الإيرادات المقدر أن تأتي من الاقتطاعات الإلزامية من مرتبات الموظفين والموافق عليها لحساب الدعم، والحصة التناسبية البالغة 789 781 دولارا من الإيرادات المقدر أن تأتي من الاقتطاعات الإلزامية من مرتبات الموظفين والموافق عليها لقاعدة الأمم المتحدة للوجستيات، والحصة التناسبية البالغة 379 565 دولارا من الإيرادات المقدر أن تأتي من الاقتطاعات الإلزامية من مرتبات الموظفين والموافق عليها لمركز الخدمات الإقليمي؛ </p>
        </content>
      </paragraph>
      <paragraph eId="para_49" class="MercuryDocument">
        <content eId="para_49__content">
          <p xml:space="preserve">	39 -<span class="bold italic">	تقرر كذلك </span>أن تقسم بين الدول الأعضاء مبلغ 797 622 370 دولارا للفترة من 16 آذار/مارس إلى 30 حزيران/يونيه 2021، بمعدل شهري قدره 483 406 105 دولارا، وفقاً للمستويات المستكملة في قرارها <a href="https://undocs.org/ar/A/RES/73/272">73</a><a href="https://undocs.org/ar/A/RES/73/272">/272</a>، ومع مراعاة جدول الأنصبة المقررة لعام 2021، على النحو المبين في قرارها <a href="https://undocs.org/ar/A/RES/73/271">73</a><a href="https://undocs.org/ar/A/RES/73/271">/271</a>، رهناً باتخاذ مجلس الأمن قرارا بتمديد ولايـة البعثة؛</p>
        </content>
      </paragraph>
      <paragraph eId="para_50" class="MercuryDocument">
        <content eId="para_50__content">
          <p xml:space="preserve">	40 -<span class="bold italic">	تقرر </span>أن تُخصم، وفقاً لأحكام قرارها 973 (د-10)، من المبلغ المقسم بين الدول الأعضاء على النحو المنصوص عليه في الفقرة 39 أعلاه، حصّةُ كل منها في صندوق معادلة الضرائب البالغ رصيده 868 774 9 دولارا والذي يشمل الإيرادات المقدر أن تأتي من الاقتطاعات الإلزامية من مرتبات الموظفين بمبلغ 088 630 7 دولارا والموافق عليها للبعثة، والحصة التناسبية البالغة 448 586 1 دولارا من الإيرادات المقدر أن تأتي من الاقتطاعات الإلزامية من مرتبات الموظفين والموافق عليها لحساب الدعم، والحصة التناسبية البالغة 011 324 دولارا من الإيرادات المقدر أن تأتي من الاقتطاعات الإلزامية من مرتبات الموظفين والموافق عليها لقاعدة الأمم المتحدة للوجستيات، والحصة التناسبية البالغة 321 234 دولارا من الإيرادات المقدر أن تأتي من الاقتطاعات الإلزامية من مرتبات الموظفين والموافق عليها لمركز الخدمات الإقليمي؛ </p>
        </content>
      </paragraph>
      <paragraph eId="para_51" class="MercuryDocument">
        <content eId="para_51__content">
          <p xml:space="preserve">	41 -<span class="bold italic">	تقرر أيضا </span>أن تُخصم، وفقاً لأحكام قرارها 973 (د-10)، من المبلغ المقسَّم فيما بين الدول الأعضاء، على النحو المنصوص عليه في الفقرة 37 أعلاه، حصةُ كل منها في صندوق معادلة الضرائب البالغ رصيده 100 254 3 دولار، والذي يمثل الجزء المتبقي من الزيادة في الإيرادات المقدَّر أن تتأتى للبعثة من الاقتطاعات الإلزامية من مرتبات الموظفين خلال الفترتين الماليتين المنتهيتين في 30 حزيران/يونيه 2018 و 30 حزيران/يونيه 2019؛ </p>
        </content>
      </paragraph>
      <paragraph eId="para_52" class="MercuryDocument">
        <content eId="para_52__content">
          <p xml:space="preserve">	42 -<span class="bold italic">	تشجع </span>الأمين العام على مواصلة اتخاذ تدابير إضافية لكفالة سلامة وأمن جميع الأفراد المشاركين في البعثة تحت رعاية الأمم المتحدة، مع مراعاة أحكام الفقرتين 5 و 6 من قرار مجلس الأمن <a href="https://undocs.org/ar/S/RES/1502(2003)">1502</a><a href="https://undocs.org/ar/S/RES/1502(2003)"> (2003)</a> المؤرخ 26 آب/أغسطس 2003؛ </p>
        </content>
      </paragraph>
      <paragraph eId="para_53" class="MercuryDocument">
        <content eId="para_53__content">
          <p xml:space="preserve">	43 -	<span class="bold italic">تدعو </span>إلى تقديم تبرعات للبعثة، نقـدا وفي شكل خدمات ولوازم تحظى بقبول الأمين العام، على أن تـدار التبرعات، حسب الاقتضاء، وفقا للإجراءات والممارسات التي أرستها الجمعية العامة؛ </p>
        </content>
      </paragraph>
      <paragraph eId="para_54" class="MercuryDocument">
        <content eId="para_54__content">
          <p xml:space="preserve">	44 -	<span class="bold italic">تقرر </span>أن تدرج في جدول الأعمال المؤقت لدورتها الخامسة والسبعين البند المعنون ”تمويل بعثة الأمم المتحدة في جنوب السودان“.</p>
        </content>
      </paragraph>
    </mainBody>
    <conclusions eId="conclusions">
      <p>
        <docDate date="2020-06-30" refersTo="#adoptionDate">30 حزيران/يونيه 2020</docDate>
      </p>
    </conclusions>
  </statement>
</akomaNtoso>