<akomaNtoso xmlns:xsi="http://www.w3.org/2001/XMLSchema-instance" xsi:schemaLocation="http://docs.oasis-open.org/legaldocml/ns/akn/3.0 http://docs.oasis-open.org/legaldocml/akn-core/v1.0/os/part2-specs/schemas/akomantoso30.xsd" xmlns="http://docs.oasis-open.org/legaldocml/ns/akn/3.0" xmlns:html="http://www.w3.org/1999/xhtml" xmlns:akn4un="http://un.org/akn4un">
  <statement name="resolution">
    <meta>
      <identification source="#DGACM">
        <FRBRWork>
          <FRBRthis value="/akn/un/statement/deliberation/unga/2019-12-12/74-36/!main/"></FRBRthis>
          <FRBRuri value="/akn/un/statement/deliberation/unga/2019-12-12/74-36/"></FRBRuri>
          <FRBRdate date="2019-12-12" name="adoption"></FRBRdate>
          <FRBRauthor href="ga" as="author"></FRBRauthor>
          <FRBRcountry value="un"></FRBRcountry>
        </FRBRWork>
        <FRBRExpression>
          <FRBRthis value="/akn/un/statement/deliberation/unga/2019-12-12/74-36/ara@!main/"></FRBRthis>
          <FRBRuri value="/akn/un/statement/deliberation/unga/2019-12-12/74-36/ara@/"></FRBRuri>
          <FRBRdate date="2019-12-19" name="publication"></FRBRdate>
          <FRBRauthor href="ga" as="issuer"></FRBRauthor>
          <FRBRlanguage language="ara"></FRBRlanguage>
        </FRBRExpression>
        <FRBRManifestation>
          <FRBRthis value="/akn/un/statement/deliberation/unga/2019-12-12/74-36/ara@/!main.xml"></FRBRthis>
          <FRBRuri value="/akn/un/statement/deliberation/unga/2019-12-12/74-36/ara@.xml"></FRBRuri>
          <FRBRdate date="2020-09-01" name="markup"></FRBRdate>
          <FRBRauthor href="DGACM" as="editor"></FRBRauthor>
        </FRBRManifestation>
      </identification>
      <classification source="http://metadata.un.org/sdg">
        <keyword value="7" href="http://metadata.un.org/sdg/7" showAs="sdg_7" dictionary="SDGO"></keyword>
        <keyword value="66_energy" href="http://eurovoc.europa.eu/100159" showAs="66_energy" dictionary="EuroVoc"></keyword>
        <keyword value="energy_market" href="http://eurovoc.europa.eu/4886" showAs="energy_market" dictionary="EuroVoc"></keyword>
        <keyword value="sustainable_energy" href="http://metadata.un.org/thesaurus/1006320" showAs="sustainable_energy" dictionary="UNBIS Thesaurus"></keyword>
      </classification>
      <classification source="http://metadata.un.org/sdg">
        <keyword value="8" href="http://metadata.un.org/sdg/8" showAs="sdg_8" dictionary="SDGO"></keyword>
        <keyword value="economic_growth" href="http://eurovoc.europa.eu/310" showAs="economic_growth" dictionary="EuroVoc"></keyword>
        <keyword value="full_employment" href="http://eurovoc.europa.eu/2427" showAs="full_employment" dictionary="EuroVoc"></keyword>
        <keyword value="unemployment" href="http://eurovoc.europa.eu/5974" showAs="unemployment" dictionary="EuroVoc"></keyword>
        <keyword value="economic_growth" href="http://metadata.un.org/thesaurus/1001854" showAs="economic_growth" dictionary="UNBIS Thesaurus"></keyword>
        <keyword value="employment" href="http://metadata.un.org/thesaurus/1002007" showAs="employment" dictionary="UNBIS Thesaurus"></keyword>
        <keyword value="full_employment" href="http://metadata.un.org/thesaurus/1002563" showAs="full_employment" dictionary="UNBIS Thesaurus"></keyword>
        <keyword value="unemployment" href="http://metadata.un.org/thesaurus/1006773" showAs="unemployment" dictionary="UNBIS Thesaurus"></keyword>
      </classification>
      <classification source="http://metadata.un.org/sdg">
        <keyword value="12" href="http://metadata.un.org/sdg/12" showAs="sdg_12" dictionary="SDGO"></keyword>
        <keyword value="consumption" href="http://eurovoc.europa.eu/139" showAs="consumption" dictionary="EuroVoc"></keyword>
        <keyword value="production" href="http://eurovoc.europa.eu/2707" showAs="production" dictionary="EuroVoc"></keyword>
        <keyword value="sustainable_consumption" href="http://metadata.un.org/thesaurus/1006318" showAs="sustainable_consumption" dictionary="UNBIS Thesaurus"></keyword>
        <keyword value="consumption" href="http://metadata.un.org/thesaurus/1001264" showAs="consumption" dictionary="UNBIS Thesaurus"></keyword>
        <keyword value="production" href="http://metadata.un.org/thesaurus/1005146" showAs="production" dictionary="UNBIS Thesaurus"></keyword>
      </classification>
      <workflow source="#un">
        <step date="2019-10-01" outcome="draftResolution" as="A/C.1/74/L.4" by="Islamic Republic of Iran" />
        <step date="0001-01-01" outcome="draftResolutionAdditionalSponsors" by="" />
        <step date="0001-01-01" outcome="recommendedForAdoption" as="A/74/368" by="" refersTo="89" />
        <step date="2019-12-12" outcome="adopted" as="A/74/PV.46" by="" />
      </workflow>
      <analysis source="#un">
        <parliamentary>
          <voting outcome="adoptedRecordedVote">
            <count value="118" refersTo="inFavour">
              <akn4un:voters>
                <organization refersTo="memberState">AFGHANISTAN</organization>
                <organization refersTo="memberState">ALGERIA</organization>
                <organization refersTo="memberState">ANGOLA</organization>
                <organization refersTo="memberState">ANTIGUA AND BARBUDA</organization>
                <organization refersTo="memberState">ARGENTINA</organization>
                <organization refersTo="memberState">AZERBAIJAN</organization>
                <organization refersTo="memberState">BAHAMAS</organization>
                <organization refersTo="memberState">BAHRAIN</organization>
                <organization refersTo="memberState">BANGLADESH</organization>
                <organization refersTo="memberState">BARBADOS</organization>
                <organization refersTo="memberState">BELARUS</organization>
                <organization refersTo="memberState">BELIZE</organization>
                <organization refersTo="memberState">BENIN</organization>
                <organization refersTo="memberState">BHUTAN</organization>
                <organization refersTo="memberState">BOLIVIA (PLURINATIONAL STATE OF)</organization>
                <organization refersTo="memberState">BOTSWANA</organization>
                <organization refersTo="memberState">BRAZIL</organization>
                <organization refersTo="memberState">BRUNEI DARUSSALAM</organization>
                <organization refersTo="memberState">BURKINA FASO</organization>
                <organization refersTo="memberState">BURUNDI</organization>
                <organization refersTo="memberState">CABO VERDE</organization>
                <organization refersTo="memberState">CAMBODIA</organization>
                <organization refersTo="memberState">CAMEROON</organization>
                <organization refersTo="memberState">CHAD</organization>
                <organization refersTo="memberState">CHILE</organization>
                <organization refersTo="memberState">COLOMBIA</organization>
                <organization refersTo="memberState">COMOROS</organization>
                <organization refersTo="memberState">CONGO</organization>
                <organization refersTo="memberState">COSTA RICA</organization>
                <organization refersTo="memberState">COTE D'IVOIRE</organization>
                <organization refersTo="memberState">CUBA</organization>
                <organization refersTo="memberState">DEMOCRATIC REPUBLIC OF THE CONGO</organization>
                <organization refersTo="memberState">DJIBOUTI</organization>
                <organization refersTo="memberState">DOMINICAN REPUBLIC</organization>
                <organization refersTo="memberState">ECUADOR</organization>
                <organization refersTo="memberState">EGYPT</organization>
                <organization refersTo="memberState">EL SALVADOR</organization>
                <organization refersTo="memberState">ERITREA</organization>
                <organization refersTo="memberState">ETHIOPIA</organization>
                <organization refersTo="memberState">FIJI</organization>
                <organization refersTo="memberState">GABON</organization>
                <organization refersTo="memberState">GAMBIA</organization>
                <organization refersTo="memberState">GHANA</organization>
                <organization refersTo="memberState">GRENADA</organization>
                <organization refersTo="memberState">GUATEMALA</organization>
                <organization refersTo="memberState">GUINEA-BISSAU</organization>
                <organization refersTo="memberState">GUYANA</organization>
                <organization refersTo="memberState">HONDURAS</organization>
                <organization refersTo="memberState">INDONESIA</organization>
                <organization refersTo="memberState">IRAN (ISLAMIC REPUBLIC OF)</organization>
                <organization refersTo="memberState">IRAQ</organization>
                <organization refersTo="memberState">JAMAICA</organization>
                <organization refersTo="memberState">JORDAN</organization>
                <organization refersTo="memberState">KAZAKHSTAN</organization>
                <organization refersTo="memberState">KENYA</organization>
                <organization refersTo="memberState">KIRIBATI</organization>
                <organization refersTo="memberState">KUWAIT</organization>
                <organization refersTo="memberState">KYRGYZSTAN</organization>
                <organization refersTo="memberState">LAO PEOPLE'S DEMOCRATIC REPUBLIC</organization>
                <organization refersTo="memberState">LEBANON</organization>
                <organization refersTo="memberState">LESOTHO</organization>
                <organization refersTo="memberState">LIBYA</organization>
                <organization refersTo="memberState">MADAGASCAR</organization>
                <organization refersTo="memberState">MALAWI</organization>
                <organization refersTo="memberState">MALAYSIA</organization>
                <organization refersTo="memberState">MALDIVES</organization>
                <organization refersTo="memberState">MARSHALL ISLANDS</organization>
                <organization refersTo="memberState">MAURITANIA</organization>
                <organization refersTo="memberState">MAURITIUS</organization>
                <organization refersTo="memberState">MEXICO</organization>
                <organization refersTo="memberState">MONGOLIA</organization>
                <organization refersTo="memberState">MOROCCO</organization>
                <organization refersTo="memberState">MOZAMBIQUE</organization>
                <organization refersTo="memberState">MYANMAR</organization>
                <organization refersTo="memberState">NAMIBIA</organization>
                <organization refersTo="memberState">NEPAL</organization>
                <organization refersTo="memberState">NICARAGUA</organization>
                <organization refersTo="memberState">NIGER</organization>
                <organization refersTo="memberState">NIGERIA</organization>
                <organization refersTo="memberState">OMAN</organization>
                <organization refersTo="memberState">PALAU</organization>
                <organization refersTo="memberState">PANAMA</organization>
                <organization refersTo="memberState">PARAGUAY</organization>
                <organization refersTo="memberState">PERU</organization>
                <organization refersTo="memberState">PHILIPPINES</organization>
                <organization refersTo="memberState">QATAR</organization>
                <organization refersTo="memberState">RWANDA</organization>
                <organization refersTo="memberState">SAINT KITTS AND NEVIS</organization>
                <organization refersTo="memberState">SAINT LUCIA</organization>
                <organization refersTo="memberState">SAINT VINCENT AND THE GRENADINES</organization>
                <organization refersTo="memberState">SAO TOME AND PRINCIPE</organization>
                <organization refersTo="memberState">SAUDI ARABIA</organization>
                <organization refersTo="memberState">SENEGAL</organization>
                <organization refersTo="memberState">SEYCHELLES</organization>
                <organization refersTo="memberState">SIERRA LEONE</organization>
                <organization refersTo="memberState">SINGAPORE</organization>
                <organization refersTo="memberState">SOUTH AFRICA</organization>
                <organization refersTo="memberState">SOUTH SUDAN</organization>
                <organization refersTo="memberState">SRI LANKA</organization>
                <organization refersTo="memberState">SUDAN</organization>
                <organization refersTo="memberState">SURINAME</organization>
                <organization refersTo="memberState">SYRIAN ARAB REPUBLIC</organization>
                <organization refersTo="memberState">TAJIKISTAN</organization>
                <organization refersTo="memberState">THAILAND</organization>
                <organization refersTo="memberState">TIMOR-LESTE</organization>
                <organization refersTo="memberState">TOGO</organization>
                <organization refersTo="memberState">TRINIDAD AND TOBAGO</organization>
                <organization refersTo="memberState">TUNISIA</organization>
                <organization refersTo="memberState">TURKMENISTAN</organization>
                <organization refersTo="memberState">UGANDA</organization>
                <organization refersTo="memberState">UNITED ARAB EMIRATES</organization>
                <organization refersTo="memberState">URUGUAY</organization>
                <organization refersTo="memberState">UZBEKISTAN</organization>
                <organization refersTo="memberState">VANUATU</organization>
                <organization refersTo="memberState">VENEZUELA (BOLIVARIAN REPUBLIC OF)</organization>
                <organization refersTo="memberState">VIET NAM</organization>
                <organization refersTo="memberState">YEMEN</organization>
                <organization refersTo="memberState">ZAMBIA</organization>
              </akn4un:voters>
            </count>
            <count value="43" refersTo="against">
              <akn4un:voters>
                <organization refersTo="memberState">ALBANIA</organization>
                <organization refersTo="memberState">AUSTRALIA</organization>
                <organization refersTo="memberState">BELGIUM</organization>
                <organization refersTo="memberState">BOSNIA AND HERZEGOVINA</organization>
                <organization refersTo="memberState">BULGARIA</organization>
                <organization refersTo="memberState">CANADA</organization>
                <organization refersTo="memberState">CROATIA</organization>
                <organization refersTo="memberState">CYPRUS</organization>
                <organization refersTo="memberState">CZECHIA</organization>
                <organization refersTo="memberState">DENMARK</organization>
                <organization refersTo="memberState">ESTONIA</organization>
                <organization refersTo="memberState">FRANCE</organization>
                <organization refersTo="memberState">GERMANY</organization>
                <organization refersTo="memberState">GREECE</organization>
                <organization refersTo="memberState">HUNGARY</organization>
                <organization refersTo="memberState">ICELAND</organization>
                <organization refersTo="memberState">IRELAND</organization>
                <organization refersTo="memberState">ISRAEL</organization>
                <organization refersTo="memberState">ITALY</organization>
                <organization refersTo="memberState">LATVIA</organization>
                <organization refersTo="memberState">LITHUANIA</organization>
                <organization refersTo="memberState">LUXEMBOURG</organization>
                <organization refersTo="memberState">MALTA</organization>
                <organization refersTo="memberState">MICRONESIA (FEDERATED STATES OF)</organization>
                <organization refersTo="memberState">MONACO</organization>
                <organization refersTo="memberState">MONTENEGRO</organization>
                <organization refersTo="memberState">NETHERLANDS</organization>
                <organization refersTo="memberState">NEW ZEALAND</organization>
                <organization refersTo="memberState">NORTH MACEDONIA</organization>
                <organization refersTo="memberState">NORWAY</organization>
                <organization refersTo="memberState">POLAND</organization>
                <organization refersTo="memberState">PORTUGAL</organization>
                <organization refersTo="memberState">REPUBLIC OF KOREA</organization>
                <organization refersTo="memberState">REPUBLIC OF MOLDOVA</organization>
                <organization refersTo="memberState">ROMANIA</organization>
                <organization refersTo="memberState">RUSSIAN FEDERATION</organization>
                <organization refersTo="memberState">SLOVAKIA</organization>
                <organization refersTo="memberState">SLOVENIA</organization>
                <organization refersTo="memberState">SPAIN</organization>
                <organization refersTo="memberState">SWEDEN</organization>
                <organization refersTo="memberState">UKRAINE</organization>
                <organization refersTo="memberState">UNITED KINGDOM</organization>
                <organization refersTo="memberState">UNITED STATES</organization>
              </akn4un:voters>
            </count>
            <count value="19" refersTo="abstaining">
              <akn4un:voters>
                <organization refersTo="memberState">ANDORRA</organization>
                <organization refersTo="memberState">ARMENIA</organization>
                <organization refersTo="memberState">AUSTRIA</organization>
                <organization refersTo="memberState">CHINA</organization>
                <organization refersTo="memberState">ESWATINI</organization>
                <organization refersTo="memberState">FINLAND</organization>
                <organization refersTo="memberState">GEORGIA</organization>
                <organization refersTo="memberState">INDIA</organization>
                <organization refersTo="memberState">JAPAN</organization>
                <organization refersTo="memberState">LIECHTENSTEIN</organization>
                <organization refersTo="memberState">MALI</organization>
                <organization refersTo="memberState">PAKISTAN</organization>
                <organization refersTo="memberState">SAMOA</organization>
                <organization refersTo="memberState">SAN MARINO</organization>
                <organization refersTo="memberState">SERBIA</organization>
                <organization refersTo="memberState">SWITZERLAND</organization>
                <organization refersTo="memberState">TONGA</organization>
                <organization refersTo="memberState">TURKEY</organization>
                <organization refersTo="memberState">ZIMBABWE</organization>
              </akn4un:voters>
            </count>
          </voting>
        </parliamentary>
      </analysis>
      <references source="#DGACM">
        <TLCOrganization eId="source" href="/akn/ontology/organization/un/DGACM" showAs="DGACM"></TLCOrganization>
        <TLCConcept eId="dateOfIssuance" href="/akn/ontology/concept/un/dateOfIssuance" showAs="Date of issuance"></TLCConcept>
        <TLCConcept eId="dateOfAdoption" href="/akn/ontology/concept/un/dateOfAdoption" showAs="Date of adoption"></TLCConcept>
        <TLCConcept eId="symbol" href="/akn/ontology/reference/un/symbol" showAs="Symbol"></TLCConcept>
        <TLCRole eId="publisher" href="/akn/ontology/role/un/publisher" showAs="Publisher"></TLCRole>
        <TLCRole eId="issuingBody" href="/akn/role/concept/un/issuingBody" showAs="Issuing body"></TLCRole>
        <TLCRole eId="author" href="/akn/ontology/role/un/author" showAs="Author"></TLCRole>
        <TLCRole eId="editor" href="/akn/ontology/role/un/editor" showAs="Editor"></TLCRole>
        <TLCRole eId="distribution" href="/akn/ontology/concept/un/generalDistribution" showAs="General distribution"></TLCRole>
        <TLCOrganization eId="ga" href="/akn/ontology/organization/un/generalAssembly" showAs="General Assembly"></TLCOrganization>
        <TLCTerm eId="resolutionTitle" href="/akn/ontology/reference/un/resolutionTitle" showAs="Resolution title"></TLCTerm>
        <TLCTerm eId="firstCommittee" href="#firstCommittee" showAs="اللجنة الأولى"></TLCTerm>
        <TLCTerm eId="memberState" href="/akn/ontology/organization/un/memberState" showAs="Member State"></TLCTerm>
        <TLCTerm eId="inFavour" href="/akn/ontology/concept/un/voting/inFavour" showAs="In favour"></TLCTerm>
        <TLCTerm eId="against" href="/akn/ontology/concept/un/voting/against" showAs="Against"></TLCTerm>
        <TLCTerm eId="abstaining" href="/akn/ontology/concept/un/voting/abstaining" showAs="Abstaining"></TLCTerm>
      </references>
      <presentation source="#un">
        <akn4un:footerFirstPage>
          <akn4un:footerFirstPageLeft>
            <akn4un:internalCode>
              <docketNumber refersTo="#publicationJobNumber">19-21731 (A)</docketNumber>
              <img alt="bar code" class="barCode" src=""></img>
            </akn4un:internalCode>
          </akn4un:footerFirstPageLeft>
          <akn4un:footerFirstPageRight>
            <img alt="Please recycle" class="image" src="./recylcleLogo.jpg"></img>
            <img alt="embedded QR code" class="qrCode" src=""></img>
          </akn4un:footerFirstPageRight>
        </akn4un:footerFirstPage>
      </presentation>
    </meta>
    <coverPage eId="coverPage_1">
      <p>
        <span refersTo="#publisher" class="upperLeft">
          <docAuthority refersTo="#publisher">الأمــم المتحـدة</docAuthority>
        </span>
      </p>
      <p class="upperRight">
        <docNumber refersTo="#symbol">A/RES/74/36</docNumber>
      </p>
      <p class="upperLeft">
        <img src="logo-un.jpg"></img>
        <docAuthority refersTo="#issuingBody" class="rightBig">الجمعية العامة</docAuthority>
      </p>
      <p>
        <docStatus refersTo="#generalDistribution" class="rightSmall">Distr.: General</docStatus>
      </p>
      <p>
        <docDate date="2019-12-19" class="rightSmall" refersTo="#dateOfIssuance">19 December 2019</docDate>
      </p>
      <p>
        <session refersTo="#generalAssembly" value="74" eId="coverPage_1__session_1">الدورة الرابعة والسبعون</session>
      </p>
      <p>
        <inline name="agenda item">البند 98 (خ) من جدول الأعمال</inline>
      </p>
      <p>
        <inline name="agenda item name">نزع السلاح العام الكامل: متابعة الالتزامات في مجال نزع السلاح النووي المتفق عليها في مؤتمرات الأطراف في معاهدة عدم انتشار الأسلحة النووية لاستعراض المعاهدة في الأعوام 1995 و 2000 و 2010</inline>
      </p>
      <p>
        <docTitle>قرار اتخذته الجمعية العامة في 12 كانون الأول/ديسمبر 2019</docTitle>
      </p>
      <p xml:space="preserve">
        <docProponent refersTo="#firstCommittee">[بناء على تقرير اللجنة الأولى (<inline name="originating document">A/74/368</inline>)]</docProponent>
      </p>
    </coverPage>
    <preface>
      <p>
        <docNumber>74/36.</docNumber>
        <docTitle refersTo="#resolutionTitle">-	متابعة الالتزامات في مجال نزع السلاح النووي المتفق عليها في مؤتمرات الأطراف في معاهدة عدم انتشار الأسلحة النووية لاستعراض المعاهدة في الأعوام 1995 و 2000 و 2010</docTitle>
      </p>
    </preface>
    <preamble>
      <formula name="enactingFormula" eId="formula_1">
        <p xml:space="preserve">
          <span class="bold italic">إن الجمعية العامة</span>،</p>
      </formula>
      <container name="إذ تشير" eId="container_2">
        <p xml:space="preserve">
          <span class="bold italic">إذ تشير</span> إلى مختلف قراراتها في مجال نزع السلاح النووي، بما فيها القرارات <a href="https://undocs.org/ar/A/RES/60/72">60/72</a> المؤرخ 8 كانون الأول/ديسمبر 2005 و <a href="https://undocs.org/ar/A/RES/62/24">62/24</a> المؤرخ 5 كانون الأول/ديسمبر 2007 و <a href="https://undocs.org/ar/A/RES/64/31">64/31</a> المؤرخ 2 كانون الأول/ديسمبر 2009 و <a href="https://undocs.org/ar/A/RES/66/28">66/28</a> المؤرخ 2 كانون الأول/ديسمبر 2011 و <a href="https://undocs.org/ar/A/RES/68/35">68/35</a> المؤرخ 5 كانون الأول/ديسمبر 2013 و <a href="https://undocs.org/ar/A/RES/69/43">69/43</a> و <a href="https://undocs.org/ar/A/RES/69/48">69/48</a> المؤرخين 2 كانون الأول/ديسمبر 2014 و <a href="https://undocs.org/ar/A/RES/70/38">70/38</a> المؤرخ 7 كانون الأول/ديسمبر 2015 و <a href="https://undocs.org/ar/A/RES/72/29">72/29</a> المؤرخ 4 كانون الأول/ديسمبر 2017،</p>
      </container>
      <container name="وإذ تضع في اعتبارها" eId="container_3">
        <p xml:space="preserve">
          <span class="bold italic">وإذ تضع في اعتبارها</span> قرارها 2373 (د-22) المؤرخ 12 حزيران/يونيه 1968 الذي يتضمن مرفقه معاهدة عدم انتشار الأسلحة النووية<sup>(</sup><authorialNote marker="1" placement="bottom" eId="authorialNote_1"><p xml:space="preserve">	()	انظر أيضا United Nations, <span class="italic">Treaty Series</span>, vol. 729, No. 10485.</p></authorialNote><sup>)</sup>،</p>
      </container>
      <container name="وإذ تلاحظ" eId="container_4">
        <p xml:space="preserve">
          <span class="bold italic">وإذ تلاحظ</span> أحكام الفقرة 3 من المادة الثامنة من المعاهدة التي تتعلق بعقد مؤتمرات استعراض كل خمس سنوات،</p>
      </container>
      <container name="وإذ تشير" eId="container_5">
        <p xml:space="preserve">
          <span class="bold italic">وإذ تشير</span> إلى قرارها <a href="https://undocs.org/ar/A/RES/50/70">50/70</a> فاء المؤرخ 12 كانون الأول/ديسمبر 1995 الذي لاحظت فيه الجمعية العامة أن الدول الأطراف في المعاهدة أكدت ضرورة مواصلة العمل بعزم على تطبيق أحكام المعاهدة على نحو تام وتنفيذها بفعالية، واعتمدت بالتالي مجموعة من المبادئ والأهداف،</p>
      </container>
      <container name="وإذ تشير أيضا" eId="container_6">
        <p xml:space="preserve">
          <span class="bold italic">وإذ تشير أيضا</span> إلى أن مؤتمر الأطراف في معاهدة عدم انتشار الأسلحة النووية لاستعراض المعاهدة وتمديدها في عام 1995 اتخذ في 11 أيار/مايو 1995 ثلاثة مقررات بشأن تعزيز عملية استعراض المعاهدة وبشأن مبادئ وأهداف عدم الانتشار النووي ونزع السلاح النووي وبشأن تمديد المعاهدة<sup>(</sup><authorialNote marker="2" placement="bottom" eId="authorialNote_2"><p xml:space="preserve">	()	انظر <span class="italic">مؤتمر الأطراف في معاهدة عدم انتشار الأسلحة النووية لاستعراض المعاهـــدة وتمديدها في عام 1995، الوثيقة الختامية</span>، <span class="italic">الجزء الأول</span> (NPT/CONF.1995/32 (Part I) و (<a href="https://undocs.org/ar/NPT/CONF.1995/32 (Part I)/Corr.1">NPT/CONF.1995/32 (Part I)/Corr.1</a>، المرفق.</p></authorialNote><sup>)</sup>،</p>
      </container>
      <container name="وإذ تعيد تأكيد" eId="container_7">
        <p xml:space="preserve">
          <span class="bold italic">وإذ تعيد تأكيد</span> القرار المتعلق بالشرق الأوسط الذي اتخذه مؤتمر استعراض المعاهدة وتمديدها في عام 1995 في 11 أيار/مايو 1995<sup>(2)</sup> وأعاد فيه تأكيد أهمية تحقيق الانضمام العالمي المبكر إلى المعاهدة وإخضاع المنشآت النووية للضمانات الشاملة التي وضعتها الوكالة الدولية للطاقة الذرية،</p>
      </container>
      <container name="وإذ تعيد أيضا تأكيد" eId="container_8">
          <p xml:space="preserve">
            <span class="bold italic">وإذ تعيد أيضا تأكيد</span> قرارها <a href="https://undocs.org/ar/A/RES/55/33">55/33</a> دال المؤرخ 20 تشرين الثاني/نوفمبر 2000 الذي رحبت فيه الجمعية العامة باعتماد الوثيقة الختامية لمؤتمر الأطراف في معاهدة عدم انتشار الأسلحة النووية لاستعراض المعاهدة في عام 2000 بتوافق الآراء في 19 أيار/مايو 2000<sup>(</sup><authorialNote marker="3" placement="bottom" eId="authorialNote_3"><p xml:space="preserve">	()	مؤتمر الأطراف في معاهدة عدم انتشار الأسلحة النووية لاستعراض المعاهـــدة في عام 2000، الوثيقة الختامية، المجلدات الأول إلى الثالث (<a href="https://undocs.org/ar/NPT/CONF.2000/28 (Parts I and II)">NPT/CONF.2000/28 (Parts I and II)</a> و <a href="https://undocs.org/ar/NPT/CONF.2000/28 (Parts I and II)/Corr.1">NPT/CONF.2000/28 (Parts I and II)/Corr.1</a> و <a href="https://undocs.org/ar/NPT/CONF.2000/28 (Parts I and II)/Corr.2">NPT/CONF.2000/28 (Parts I and II)/Corr.2</a> و <a href="https://undocs.org/ar/NPT/CONF.2000/28 (Part III)">NPT/CONF.2000/28 (Part III)</a> و <a href="https://undocs.org/ar/NPT/CONF.2000/28 (Part IV)">NPT/CONF.2000/28 (Part IV)</a>).</p></authorialNote><sup>)</sup>، بما في ذلك بوجه خاص اعتماد الوثيقتين المعنونتين ”استعراض سير المعاهدة مع مراعاة المقررات والقرار التي اتخذها مؤتمر استعراض المعاهدة وتمديدها في عام 1995“ و ”تحسين فعالية عملية الاستعراض المعززة للمعاهدة“<sup>(</sup><authorialNote marker="4" placement="bottom" eId="authorialNote_4"><p xml:space="preserve">	()	المرجع نفسه، المجلد الأول (<a href="https://undocs.org/ar/NPT/CONF.2000/28 (Parts I and II)">NPT/CONF.2000/28 (Parts I and II)</a> و <a href="https://undocs.org/ar/NPT/CONF.2000/28 (Parts I and II)/Corr.1">NPT/CONF.2000/28 (Parts I and II)/Corr.1</a> و <a href="https://undocs.org/ar/NPT/CONF.2000/28 (Parts I and II)/Corr.2">NPT/CONF.2000/28 (Parts I and II)/Corr.2</a>) الجزء الأول.</p></authorialNote><sup>)</sup>،</p>
      </container>
        <container name="وإذ تأخذ بعين الاعتبار" eId="container_9">
          <p xml:space="preserve">
            <span class="bold italic">وإذ تأخذ بعين الاعتبار</span> تعهد الدول الحائزة للأسلحة النووية الصريح في الوثيقة الختامية لمؤتمر استعراض المعاهدة في عام 2000 بإزالة ترساناتها النووية إزالة تامة، بما يفضي إلى نزع السلاح النووي، الأمر الذي تلتزم به جميع الدول الأطراف في المعاهدة بموجب المادة السادسة من المعاهدة،</p>
        </container>
      <container name="وإذ تعرب عن القلق" eId="container_10">
        <p xml:space="preserve">
          <span class="bold italic">وإذ تعرب عن القلق</span> لأن المؤتمر التاسع للأطراف في معاهدة عدم انتشار الأسلحة النووية لاستعراض المعاهدة، الذي عقد في الفترة من 27 نيسان/أبريل إلى 22 أيار/مايو 2015، لم يستطع التوصل إلى اتفاق بشأن وثيقة ختامية تعالج المسائل الجوهرية،</p>
      </container>
    </preamble>
    <mainBody>
      <paragraph eId="para_11" class="SingleTxt">
        <content eId="para_11__content">
          <p xml:space="preserve">	1 -	<span class="bold italic">تشير</span> إلى أن مؤتمر الأطراف في معاهدة عدم انتشار الأسلحة النووية لاستعراض المعاهدة في عام 2010 أعاد تأكيد أن الخطوات العملية المتفق عليها في الوثيقة الختامية لمؤتمر الأطراف في معاهدة عدم انتشار الأسلحة النووية لاستعراض المعاهدة في عام 2000<sup>(</sup><authorialNote marker="5" placement="bottom" eId="authorialNote_5"><p xml:space="preserve">	()	المرجع نفسه، الفرع المعنون ”المادة السادسة والفقرات الثامنة إلى الثانية عشرة من الديباجة“، الفقرة 15.</p></authorialNote><sup>)</sup> لا تزال سارية؛</p>
        </content>
      </paragraph>
      <paragraph eId="para_12" class="SingleTxt">
        <content eId="para_12__content">
          <p xml:space="preserve">	2 -	<span class="bold italic">تقرر</span> مواصلة اتخاذ خطوات عملية لبذل جهود منتظمة وتدريجية ترمي إلى تنفيذ المادة السادسة من معاهدة عدم انتشار الأسلحة النووية<sup>(1)</sup> والفقرتين 3 و 4 (ج) من المقرر المتعلق بمبادئ وأهداف عدم الانتشار النووي ونزع السلاح النووي الذي اتخذه مؤتمر الأطراف في معاهدة عدم انتشار الأسلحة النووية لاستعراض المعاهدة وتمديدها في عام 1995<sup>(2)</sup>؛</p>
        </content>
      </paragraph>
      <paragraph eId="para_13" class="SingleTxt">
        <content eId="para_13__content">
          <p xml:space="preserve">	3 -	<span class="bold italic">تدعو</span> جميع الدول الحائزة للأسلحة النووية إلى اتخاذ خطوات عملية، على نحو ما اتفق عليه في مؤتمر الأطراف في معاهدة عدم انتشار الأسلحة النووية لاستعراض المعاهدة في عام 2000، تفضي إلى نزع السلاح النووي على نحو يعزز الاستقرار الدولي، وإلى القيام بما يلي استنادا إلى مبدأ الأمن غير المنقوص للجميع:</p>
        </content>
      </paragraph>
      <paragraph eId="para_14" class="SingleTxt">
        <content eId="para_14__content">
          <p xml:space="preserve">	(أ)	بذل مزيد من الجهود بقصد الحد من ترساناتها النووية من طرف واحد؛</p>
        </content>
      </paragraph>
      <paragraph eId="para_15" class="SingleTxt">
        <content eId="para_15__content">
          <p xml:space="preserve">	(ب)	زيادة الشفافية فيما يتصل بقدراتها في مجال الأسلحة النووية وتنفيذ الاتفاقات عملا بالمادة السادسة من المعاهدة وكإجراء طوعي لبناء الثقة لدعم مواصلة التقدم صوب نزع السلاح النووي؛</p>
        </content>
      </paragraph>
      <paragraph eId="para_16" class="SingleTxt">
        <content eId="para_16__content">
          <p xml:space="preserve">	(ج)	مواصلة تخفيض الأسلحة النووية غير الاستراتيجية، على أساس مبادرات انفرادية وكجزء لا يتجزأ من عملية تخفيض الأسلحة النووية ونزع السلاح النووي؛</p>
        </content>
      </paragraph>
      <paragraph eId="para_17" class="SingleTxt">
        <content eId="para_17__content">
          <p xml:space="preserve">	(د)	اتخاذ تدابير ملموسة ومتفق عليها لزيادة خفض الوضع التشغيلي لمنظومات الأسلحة النووية؛</p>
        </content>
      </paragraph>
      <paragraph eId="para_18" class="SingleTxt">
        <content eId="para_18__content">
          <p xml:space="preserve">	(ه)	تقليص دور الأسلحة النووية في السياسات الأمنية بقصد تقليل خطر استخدام هذه الأسلحة في يوم ما إلى أدنى حد وبقصد تيسير عملية إزالتها إزالة تامة؛</p>
        </content>
      </paragraph>
      <paragraph eId="para_19" class="SingleTxt">
        <content eId="para_19__content">
          <p xml:space="preserve">	(و)	المشاركة في أقرب وقت ممكن في العملية الرامية إلى الإزالة التامة لأسلحتها النووية؛</p>
        </content>
      </paragraph>
      <paragraph eId="para_20" class="SingleTxt">
        <content eId="para_20__content">
          <p xml:space="preserve">	4 -	<span class="bold italic">تلاحظ</span> أنه تم الاتفاق في مؤتمري استعراض المعاهدة في عامي 2000 و 2010 على أن تقديم الدول الخمس الحائزة للأسلحة النووية ضمانات أمنية ملزمة قانونا إلى الدول الأطراف في المعاهدة غير الحائزة لهذه الأسلحة من شأنه أن يعزز نظام منع الانتشار النووي؛</p>
        </content>
      </paragraph>
      <paragraph eId="para_21" class="SingleTxt">
        <content eId="para_21__content">
          <p xml:space="preserve">	5 -	<span class="bold italic">تحث</span> الدول الأطراف في المعاهدة على متابعة تنفيذ الالتزامات في مجال نزع السلاح النووي المتعهد بها بموجب المعاهدة والمتفق عليها في مؤتمرات استعراض المعاهدة في الأعوام 1995 و 2000 و 2010، في إطار مؤتمرات الاستعراض ولجانها التحضيرية؛</p>
        </content>
      </paragraph>
      <paragraph eId="para_22" class="SingleTxt">
        <content eId="para_22__content">
          <p xml:space="preserve">	6 -	<span class="bold italic">تقرر </span>أن تدرج في جدول الأعمال المؤقت لدورتها السادسة والسبعين البند الفرعي المعنون ”متابعة الالتزامات في مجال نزع السلاح النووي المتفق عليها في مؤتمرات الأطراف في معاهدة عدم انتشار الأسلحة النووية لاستعراض المعاهدة في الأعوام 1995 و 2000 و 2010“ في إطار البند المعنون ”نزع السلاح العام الكامل“.</p>
        </content>
      </paragraph>
    </mainBody>
    <conclusions eId="conclusions">
      <p>
        <inline name="adoptionMeeting" title="46">الجلسة العامة 46</inline>
        <eol />
        <docDate date="2019-12-12" refersTo="#adoptionDate">12 كانون الأول/ديسمبر 2019</docDate>
      </p>
    </conclusions>
  </statement>
</akomaNtoso>