<akomaNtoso xmlns:xsi="http://www.w3.org/2001/XMLSchema-instance" xsi:schemaLocation="http://docs.oasis-open.org/legaldocml/ns/akn/3.0 http://docs.oasis-open.org/legaldocml/akn-core/v1.0/os/part2-specs/schemas/akomantoso30.xsd" xmlns="http://docs.oasis-open.org/legaldocml/ns/akn/3.0" xmlns:html="http://www.w3.org/1999/xhtml" xmlns:akn4un="http://un.org/akn4un">
  <statement name="resolution">
    <meta>
      <identification source="#DGACM">
        <FRBRWork>
          <FRBRthis value="/akn/un/statement/deliberation/unga/2019-12-12/74-31/!main/"></FRBRthis>
          <FRBRuri value="/akn/un/statement/deliberation/unga/2019-12-12/74-31/"></FRBRuri>
          <FRBRdate date="2019-12-12" name="adoption"></FRBRdate>
          <FRBRauthor href="ga" as="author"></FRBRauthor>
          <FRBRcountry value="un"></FRBRcountry>
        </FRBRWork>
        <FRBRExpression>
          <FRBRthis value="/akn/un/statement/deliberation/unga/2019-12-12/74-31/ara@!main/"></FRBRthis>
          <FRBRuri value="/akn/un/statement/deliberation/unga/2019-12-12/74-31/ara@/"></FRBRuri>
          <FRBRdate date="2019-12-18" name="publication"></FRBRdate>
          <FRBRauthor href="ga" as="issuer"></FRBRauthor>
          <FRBRlanguage language="ara"></FRBRlanguage>
        </FRBRExpression>
        <FRBRManifestation>
          <FRBRthis value="/akn/un/statement/deliberation/unga/2019-12-12/74-31/ara@/!main.xml"></FRBRthis>
          <FRBRuri value="/akn/un/statement/deliberation/unga/2019-12-12/74-31/ara@.xml"></FRBRuri>
          <FRBRdate date="2020-09-01" name="markup"></FRBRdate>
          <FRBRauthor href="DGACM" as="editor"></FRBRauthor>
        </FRBRManifestation>
      </identification>
      <classification source="http://metadata.un.org/sdg">
        <keyword value="12" href="http://metadata.un.org/sdg/12" showAs="sdg_12" dictionary="SDGO"></keyword>
        <keyword value="consumption" href="http://eurovoc.europa.eu/139" showAs="consumption" dictionary="EuroVoc"></keyword>
        <keyword value="production" href="http://eurovoc.europa.eu/2707" showAs="production" dictionary="EuroVoc"></keyword>
        <keyword value="sustainable_consumption" href="http://metadata.un.org/thesaurus/1006318" showAs="sustainable_consumption" dictionary="UNBIS Thesaurus"></keyword>
        <keyword value="consumption" href="http://metadata.un.org/thesaurus/1001264" showAs="consumption" dictionary="UNBIS Thesaurus"></keyword>
        <keyword value="production" href="http://metadata.un.org/thesaurus/1005146" showAs="production" dictionary="UNBIS Thesaurus"></keyword>
      </classification>
      <classification source="http://metadata.un.org/sdg">
        <keyword value="6" href="http://metadata.un.org/sdg/6" showAs="sdg_6" dictionary="SDGO"></keyword>
        <keyword value="water" href="http://eurovoc.europa.eu/597" showAs="water" dictionary="EuroVoc"></keyword>
        <keyword value="public_hygiene" href="http://eurovoc.europa.eu/3371" showAs="public_hygiene" dictionary="EuroVoc"></keyword>
        <keyword value="use_of_water" href="http://eurovoc.europa.eu/4628" showAs="use_of_water" dictionary="EuroVoc"></keyword>
        <keyword value="water" href="http://metadata.un.org/thesaurus/030500" showAs="water" dictionary="UNBIS Thesaurus"></keyword>
        <keyword value="sanitation" href="http://metadata.un.org/thesaurus/1005701" showAs="sanitation" dictionary="UNBIS Thesaurus"></keyword>
        <keyword value="water_management" href="http://metadata.un.org/thesaurus/1006948" showAs="water_management" dictionary="UNBIS Thesaurus"></keyword>
      </classification>
      <classification source="http://metadata.un.org/sdg">
        <keyword value="15" href="http://metadata.un.org/sdg/15" showAs="sdg_15" dictionary="SDGO"></keyword>
        <keyword value="deforestation" href="http://eurovoc.europa.eu/339" showAs="deforestation" dictionary="EuroVoc"></keyword>
        <keyword value="desertification" href="http://eurovoc.europa.eu/416" showAs="desertification" dictionary="EuroVoc"></keyword>
        <keyword value="biodiversity" href="http://eurovoc.europa.eu/5463" showAs="biodiversity" dictionary="EuroVoc"></keyword>
        <keyword value="land,_plant_and_soil_resources" href="http://metadata.un.org/thesaurus/030600" showAs="land,_plant_and_soil_resources" dictionary="UNBIS Thesaurus"></keyword>
        <keyword value="deforestation" href="http://metadata.un.org/thesaurus/1001550" showAs="deforestation" dictionary="UNBIS Thesaurus"></keyword>
      </classification>
      <classification source="http://metadata.un.org/sdg">
        <keyword value="14" href="http://metadata.un.org/sdg/14" showAs="sdg_14" dictionary="SDGO"></keyword>
        <keyword value="marine_life" href="http://eurovoc.europa.eu/3149" showAs="marine_life" dictionary="EuroVoc"></keyword>
        <keyword value="marine_environment" href="http://eurovoc.europa.eu/5742" showAs="marine_environment" dictionary="EuroVoc"></keyword>
        <keyword value="ocean" href="http://eurovoc.europa.eu/2107" showAs="ocean" dictionary="EuroVoc"></keyword>
        <keyword value="sea" href="http://eurovoc.europa.eu/1870" showAs="sea" dictionary="EuroVoc"></keyword>
        <keyword value="marine_resources" href="http://metadata.un.org/thesaurus/030800" showAs="marine_resources" dictionary="UNBIS Thesaurus"></keyword>
        <keyword value="marine_resources" href="http://metadata.un.org/thesaurus/1003922" showAs="marine_resources" dictionary="UNBIS Thesaurus"></keyword>
        <keyword value="oceans_and_seas" href="http://metadata.un.org/thesaurus/170600" showAs="oceans_and_seas" dictionary="UNBIS Thesaurus"></keyword>
      </classification>
      <workflow source="#un">
        <step date="2019-10-21" outcome="draftResolution" as="A/C.1/74/L.6" by="Algeria, Angola, Bolivia (Plurinational State of), Cuba, Eritrea, Iraq, Pakistan, Paraguay, Peru and Syrian Arab Republic" />
        <step date="0001-01-01" outcome="draftResolutionAdditionalSponsors" by="Bangladesh, Colombia, Egypt, Honduras, Iran (Islamic Republic of), Kuwait, Libya, Nicaragua, Saudi Arabia, Sri Lanka and Venezuela (Bolivarian Republic of)" />
        <step date="0001-01-01" outcome="recommendedForAdoption" as="A/74/365" by="" refersTo="7" />
        <step date="2019-12-12" outcome="adopted" as="A/74/PV.46" by="" />
      </workflow>
      <analysis source="#un">
        <parliamentary>
          <voting outcome="adoptedRecordedVote">
            <count value="122" refersTo="inFavour">
              <akn4un:voters>
                <organization refersTo="memberState">AFGHANISTAN</organization>
                <organization refersTo="memberState">ALGERIA</organization>
                <organization refersTo="memberState">ANGOLA</organization>
                <organization refersTo="memberState">ANTIGUA AND BARBUDA</organization>
                <organization refersTo="memberState">AZERBAIJAN</organization>
                <organization refersTo="memberState">BAHAMAS</organization>
                <organization refersTo="memberState">BAHRAIN</organization>
                <organization refersTo="memberState">BANGLADESH</organization>
                <organization refersTo="memberState">BARBADOS</organization>
                <organization refersTo="memberState">BELARUS</organization>
                <organization refersTo="memberState">BELIZE</organization>
                <organization refersTo="memberState">BENIN</organization>
                <organization refersTo="memberState">BHUTAN</organization>
                <organization refersTo="memberState">BOLIVIA (PLURINATIONAL STATE OF)</organization>
                <organization refersTo="memberState">BOTSWANA</organization>
                <organization refersTo="memberState">BRAZIL</organization>
                <organization refersTo="memberState">BRUNEI DARUSSALAM</organization>
                <organization refersTo="memberState">BURKINA FASO</organization>
                <organization refersTo="memberState">BURUNDI</organization>
                <organization refersTo="memberState">CABO VERDE</organization>
                <organization refersTo="memberState">CAMBODIA</organization>
                <organization refersTo="memberState">CAMEROON</organization>
                <organization refersTo="memberState">CHAD</organization>
                <organization refersTo="memberState">CHILE</organization>
                <organization refersTo="memberState">CHINA</organization>
                <organization refersTo="memberState">COLOMBIA</organization>
                <organization refersTo="memberState">COMOROS</organization>
                <organization refersTo="memberState">COSTA RICA</organization>
                <organization refersTo="memberState">COTE D'IVOIRE</organization>
                <organization refersTo="memberState">CUBA</organization>
                <organization refersTo="memberState">DEMOCRATIC REPUBLIC OF THE CONGO</organization>
                <organization refersTo="memberState">DJIBOUTI</organization>
                <organization refersTo="memberState">DOMINICAN REPUBLIC</organization>
                <organization refersTo="memberState">ECUADOR</organization>
                <organization refersTo="memberState">EGYPT</organization>
                <organization refersTo="memberState">EL SALVADOR</organization>
                <organization refersTo="memberState">ERITREA</organization>
                <organization refersTo="memberState">ESWATINI</organization>
                <organization refersTo="memberState">ETHIOPIA</organization>
                <organization refersTo="memberState">FIJI</organization>
                <organization refersTo="memberState">GABON</organization>
                <organization refersTo="memberState">GAMBIA</organization>
                <organization refersTo="memberState">GHANA</organization>
                <organization refersTo="memberState">GRENADA</organization>
                <organization refersTo="memberState">GUATEMALA</organization>
                <organization refersTo="memberState">GUINEA-BISSAU</organization>
                <organization refersTo="memberState">GUYANA</organization>
                <organization refersTo="memberState">HONDURAS</organization>
                <organization refersTo="memberState">INDIA</organization>
                <organization refersTo="memberState">INDONESIA</organization>
                <organization refersTo="memberState">IRAN (ISLAMIC REPUBLIC OF)</organization>
                <organization refersTo="memberState">IRAQ</organization>
                <organization refersTo="memberState">JAMAICA</organization>
                <organization refersTo="memberState">JAPAN</organization>
                <organization refersTo="memberState">JORDAN</organization>
                <organization refersTo="memberState">KAZAKHSTAN</organization>
                <organization refersTo="memberState">KENYA</organization>
                <organization refersTo="memberState">KIRIBATI</organization>
                <organization refersTo="memberState">KUWAIT</organization>
                <organization refersTo="memberState">KYRGYZSTAN</organization>
                <organization refersTo="memberState">LAO PEOPLE'S DEMOCRATIC REPUBLIC</organization>
                <organization refersTo="memberState">LEBANON</organization>
                <organization refersTo="memberState">LIBERIA</organization>
                <organization refersTo="memberState">LIBYA</organization>
                <organization refersTo="memberState">MADAGASCAR</organization>
                <organization refersTo="memberState">MALAWI</organization>
                <organization refersTo="memberState">MALAYSIA</organization>
                <organization refersTo="memberState">MALDIVES</organization>
                <organization refersTo="memberState">MALI</organization>
                <organization refersTo="memberState">MAURITANIA</organization>
                <organization refersTo="memberState">MAURITIUS</organization>
                <organization refersTo="memberState">MEXICO</organization>
                <organization refersTo="memberState">MONGOLIA</organization>
                <organization refersTo="memberState">MOROCCO</organization>
                <organization refersTo="memberState">MOZAMBIQUE</organization>
                <organization refersTo="memberState">MYANMAR</organization>
                <organization refersTo="memberState">NAURU</organization>
                <organization refersTo="memberState">NEPAL</organization>
                <organization refersTo="memberState">NICARAGUA</organization>
                <organization refersTo="memberState">NIGER</organization>
                <organization refersTo="memberState">NIGERIA</organization>
                <organization refersTo="memberState">OMAN</organization>
                <organization refersTo="memberState">PAKISTAN</organization>
                <organization refersTo="memberState">PANAMA</organization>
                <organization refersTo="memberState">PARAGUAY</organization>
                <organization refersTo="memberState">PERU</organization>
                <organization refersTo="memberState">PHILIPPINES</organization>
                <organization refersTo="memberState">QATAR</organization>
                <organization refersTo="memberState">RWANDA</organization>
                <organization refersTo="memberState">SAINT KITTS AND NEVIS</organization>
                <organization refersTo="memberState">SAINT LUCIA</organization>
                <organization refersTo="memberState">SAINT VINCENT AND THE GRENADINES</organization>
                <organization refersTo="memberState">SAMOA</organization>
                <organization refersTo="memberState">SAO TOME AND PRINCIPE</organization>
                <organization refersTo="memberState">SAUDI ARABIA</organization>
                <organization refersTo="memberState">SENEGAL</organization>
                <organization refersTo="memberState">SEYCHELLES</organization>
                <organization refersTo="memberState">SIERRA LEONE</organization>
                <organization refersTo="memberState">SINGAPORE</organization>
                <organization refersTo="memberState">SOLOMON ISLANDS</organization>
                <organization refersTo="memberState">SOUTH SUDAN</organization>
                <organization refersTo="memberState">SRI LANKA</organization>
                <organization refersTo="memberState">SUDAN</organization>
                <organization refersTo="memberState">SURINAME</organization>
                <organization refersTo="memberState">SYRIAN ARAB REPUBLIC</organization>
                <organization refersTo="memberState">TAJIKISTAN</organization>
                <organization refersTo="memberState">THAILAND</organization>
                <organization refersTo="memberState">TIMOR-LESTE</organization>
                <organization refersTo="memberState">TOGO</organization>
                <organization refersTo="memberState">TONGA</organization>
                <organization refersTo="memberState">TRINIDAD AND TOBAGO</organization>
                <organization refersTo="memberState">TUNISIA</organization>
                <organization refersTo="memberState">TURKMENISTAN</organization>
                <organization refersTo="memberState">UGANDA</organization>
                <organization refersTo="memberState">UNITED ARAB EMIRATES</organization>
                <organization refersTo="memberState">URUGUAY</organization>
                <organization refersTo="memberState">UZBEKISTAN</organization>
                <organization refersTo="memberState">VANUATU</organization>
                <organization refersTo="memberState">VENEZUELA (BOLIVARIAN REPUBLIC OF)</organization>
                <organization refersTo="memberState">VIET NAM</organization>
                <organization refersTo="memberState">YEMEN</organization>
                <organization refersTo="memberState">ZAMBIA</organization>
              </akn4un:voters>
            </count>
            <count value="64" refersTo="abstaining">
              <akn4un:voters>
                <organization refersTo="memberState">ALBANIA</organization>
                <organization refersTo="memberState">ANDORRA</organization>
                <organization refersTo="memberState">ARGENTINA</organization>
                <organization refersTo="memberState">ARMENIA</organization>
                <organization refersTo="memberState">AUSTRALIA</organization>
                <organization refersTo="memberState">AUSTRIA</organization>
                <organization refersTo="memberState">BELGIUM</organization>
                <organization refersTo="memberState">BOSNIA AND HERZEGOVINA</organization>
                <organization refersTo="memberState">BULGARIA</organization>
                <organization refersTo="memberState">CANADA</organization>
                <organization refersTo="memberState">CENTRAL AFRICAN REPUBLIC</organization>
                <organization refersTo="memberState">CROATIA</organization>
                <organization refersTo="memberState">CYPRUS</organization>
                <organization refersTo="memberState">CZECHIA</organization>
                <organization refersTo="memberState">DEMOCRATIC PEOPLE'S REPUBLIC OF KOREA</organization>
                <organization refersTo="memberState">DENMARK</organization>
                <organization refersTo="memberState">ESTONIA</organization>
                <organization refersTo="memberState">FINLAND</organization>
                <organization refersTo="memberState">FRANCE</organization>
                <organization refersTo="memberState">GEORGIA</organization>
                <organization refersTo="memberState">GERMANY</organization>
                <organization refersTo="memberState">GREECE</organization>
                <organization refersTo="memberState">HAITI</organization>
                <organization refersTo="memberState">HUNGARY</organization>
                <organization refersTo="memberState">ICELAND</organization>
                <organization refersTo="memberState">IRELAND</organization>
                <organization refersTo="memberState">ISRAEL</organization>
                <organization refersTo="memberState">ITALY</organization>
                <organization refersTo="memberState">LATVIA</organization>
                <organization refersTo="memberState">LESOTHO</organization>
                <organization refersTo="memberState">LIECHTENSTEIN</organization>
                <organization refersTo="memberState">LITHUANIA</organization>
                <organization refersTo="memberState">LUXEMBOURG</organization>
                <organization refersTo="memberState">MALTA</organization>
                <organization refersTo="memberState">MARSHALL ISLANDS</organization>
                <organization refersTo="memberState">MICRONESIA (FEDERATED STATES OF)</organization>
                <organization refersTo="memberState">MONACO</organization>
                <organization refersTo="memberState">MONTENEGRO</organization>
                <organization refersTo="memberState">NAMIBIA</organization>
                <organization refersTo="memberState">NETHERLANDS</organization>
                <organization refersTo="memberState">NEW ZEALAND</organization>
                <organization refersTo="memberState">NORTH MACEDONIA</organization>
                <organization refersTo="memberState">NORWAY</organization>
                <organization refersTo="memberState">PALAU</organization>
                <organization refersTo="memberState">POLAND</organization>
                <organization refersTo="memberState">PORTUGAL</organization>
                <organization refersTo="memberState">REPUBLIC OF KOREA</organization>
                <organization refersTo="memberState">REPUBLIC OF MOLDOVA</organization>
                <organization refersTo="memberState">ROMANIA</organization>
                <organization refersTo="memberState">RUSSIAN FEDERATION</organization>
                <organization refersTo="memberState">SAN MARINO</organization>
                <organization refersTo="memberState">SERBIA</organization>
                <organization refersTo="memberState">SLOVAKIA</organization>
                <organization refersTo="memberState">SLOVENIA</organization>
                <organization refersTo="memberState">SOUTH AFRICA</organization>
                <organization refersTo="memberState">SPAIN</organization>
                <organization refersTo="memberState">SWEDEN</organization>
                <organization refersTo="memberState">SWITZERLAND</organization>
                <organization refersTo="memberState">TURKEY</organization>
                <organization refersTo="memberState">TUVALU</organization>
                <organization refersTo="memberState">UKRAINE</organization>
                <organization refersTo="memberState">UNITED KINGDOM</organization>
                <organization refersTo="memberState">UNITED STATES</organization>
                <organization refersTo="memberState">ZIMBABWE</organization>
              </akn4un:voters>
            </count>
          </voting>
        </parliamentary>
      </analysis>
      <references source="#DGACM">
        <TLCOrganization eId="source" href="/akn/ontology/organization/un/DGACM" showAs="DGACM"></TLCOrganization>
        <TLCConcept eId="dateOfIssuance" href="/akn/ontology/concept/un/dateOfIssuance" showAs="Date of issuance"></TLCConcept>
        <TLCConcept eId="dateOfAdoption" href="/akn/ontology/concept/un/dateOfAdoption" showAs="Date of adoption"></TLCConcept>
        <TLCConcept eId="symbol" href="/akn/ontology/reference/un/symbol" showAs="Symbol"></TLCConcept>
        <TLCRole eId="publisher" href="/akn/ontology/role/un/publisher" showAs="Publisher"></TLCRole>
        <TLCRole eId="issuingBody" href="/akn/role/concept/un/issuingBody" showAs="Issuing body"></TLCRole>
        <TLCRole eId="author" href="/akn/ontology/role/un/author" showAs="Author"></TLCRole>
        <TLCRole eId="editor" href="/akn/ontology/role/un/editor" showAs="Editor"></TLCRole>
        <TLCRole eId="distribution" href="/akn/ontology/concept/un/generalDistribution" showAs="General distribution"></TLCRole>
        <TLCOrganization eId="ga" href="/akn/ontology/organization/un/generalAssembly" showAs="General Assembly"></TLCOrganization>
        <TLCTerm eId="resolutionTitle" href="/akn/ontology/reference/un/resolutionTitle" showAs="Resolution title"></TLCTerm>
        <TLCTerm eId="firstCommittee" href="#firstCommittee" showAs="اللجنة الأولى"></TLCTerm>
        <TLCTerm eId="memberState" href="/akn/ontology/organization/un/memberState" showAs="Member State"></TLCTerm>
        <TLCTerm eId="inFavour" href="/akn/ontology/concept/un/voting/inFavour" showAs="In favour"></TLCTerm>
        <TLCTerm eId="against" href="/akn/ontology/concept/un/voting/against" showAs="Against"></TLCTerm>
        <TLCTerm eId="abstaining" href="/akn/ontology/concept/un/voting/abstaining" showAs="Abstaining"></TLCTerm>
      </references>
      <presentation source="#un">
        <akn4un:footerFirstPage>
          <akn4un:footerFirstPageLeft>
            <akn4un:internalCode>
              <docketNumber refersTo="#publicationJobNumber"></docketNumber>
              <img alt="bar code" class="barCode" src=""></img>
            </akn4un:internalCode>
          </akn4un:footerFirstPageLeft>
          <akn4un:footerFirstPageRight>
            <img alt="Please recycle" class="image" src="./recylcleLogo.jpg"></img>
            <img alt="embedded QR code" class="qrCode" src=""></img>
          </akn4un:footerFirstPageRight>
        </akn4un:footerFirstPage>
      </presentation>
    </meta>
    <coverPage eId="coverPage_1">
      <p>
        <span refersTo="#publisher" class="upperLeft">
          <docAuthority refersTo="#publisher">الأمــم المتحـدة</docAuthority>
        </span>
      </p>
      <p class="upperRight">
        <docNumber refersTo="#symbol">A/RES/74/31</docNumber>
      </p>
      <p class="upperLeft">
        <img src="logo-un.jpg"></img>
        <docAuthority refersTo="#issuingBody" class="rightBig">الجمعية العامة</docAuthority>
      </p>
      <p>
        <docStatus refersTo="#generalDistribution" class="rightSmall">Distr.: General</docStatus>
      </p>
      <p>
        <docDate date="2019-12-18" class="rightSmall" refersTo="#dateOfIssuance">18 December 2019</docDate>
      </p>
      <p>
        <session refersTo="#generalAssembly" value="74" eId="coverPage_1__session_1">الدورة الرابعة والسبعون</session>
      </p>
      <p>
        <inline name="agenda item">البند 95 من جدول الأعمال</inline>
      </p>
      <p>
        <inline name="agenda item name">عقد ترتيبات دولية فعالة لإعطاء الدول غير الحائزة للأسلحة النووية ضمانات بعدم استعمال الأسلحة النووية أو التهديد باستعمالها</inline>
      </p>
      <p>
        <docTitle>قرار اتخذته الجمعية العامة في 12 كانون الأول/ديسمبر 2019</docTitle>
      </p>
      <p xml:space="preserve">
        <docProponent refersTo="#firstCommittee">[بناء على تقرير اللجنة الأولى (<inline name="originating document">A/74/365</inline>)]</docProponent>
      </p>
    </coverPage>
    <preface>
      <p>
        <docNumber>74/31.</docNumber>
        <docTitle refersTo="#resolutionTitle">-	عقد ترتيبات دولية فعالة لإعطاء الدول غير الحائزة للأسلحة النووية ضمانات بعدم استعمال الأسلحة النووية أو التهديد باستعمالها</docTitle>
      </p>
    </preface>
    <preamble>
      <formula name="enactingFormula" eId="formula_1">
        <p xml:space="preserve">
          <span class="bold italic">إن الجمعية العامة</span>
          <span class="italic">،</span>
        </p>
      </formula>
      <container name="إذ تضع في اعتبارها" eId="container_2">
        <p xml:space="preserve">
          <span class="bold italic">إذ تضع في اعتبارها</span> ضرورة التخفيف من القلق المشروع الذي تشعر به دول العالم بخصوص ضمان الأمن الدائم لشعوبها،</p>
      </container>
      <container name="واقتناعا منها" eId="container_3">
        <p xml:space="preserve">
          <span class="bold italic">واقتناعا منها</span> بأن الأسلحة النووية تشكل أكبر خطر يهدد الجنس البشري وبقاء الحضارة،</p>
      </container>
      <container name="وإذ تلاحظ" eId="container_4">
        <p xml:space="preserve">
          <span class="bold italic">وإذ تلاحظ</span> أن تجدد الاهتمام بنزع السلاح النووي ينبغي تجسيده في إجراءات ملموسة من أجل تحقيق نزع السلاح العام الكامل في ظل رقابة دولية فعالة،</p>
      </container>
      <container name="واقتناعا منها" eId="container_5">
        <p xml:space="preserve">
          <span class="bold italic">واقتناعا منها</span> بأن نزع السلاح النووي والإزالة الكاملة للأسلحة النووية أمران أساسيان لإزالة خطر نشوب حرب نووية،</p>
      </container>
      <container name="وتصميما منها" eId="container_6">
        <p xml:space="preserve">
          <span class="bold italic">وتصميما منها</span> على التقيد التام بالأحكام ذات الصلة من ميثاق الأمم المتحدة المتعلقة بعدم استعمال القوة أو التهديد باستعمالها،</p>
      </container>
      <container name="وإذ تسلم" eId="container_7">
          <p xml:space="preserve">
            <span class="bold italic">وإذ تسلم</span> بضرورة صون استقلال الدول غير الحائزة للأسلحة النووية وسلامتها الإقليمية وسيادتها من استعمال القوة أو التهديد باستعمالها، بما في ذلك استعمال الأسلحة النووية أو التهديد باستعمالها،</p>
      </container>
      <container name="وإذ ترى" eId="container_8">
        <p xml:space="preserve">
          <span class="bold italic">وإذ ترى</span> أنه لا بد أن يضع المجتمع الدولي، ريثما يتحقق نزع السلاح النووي عالميا، تدابير وترتيبات فعالة لضمان أمن الدول غير الحائزة للأسلحة النووية من استعمال الأسلحة النووية أو التهديد باستعمالها من قبل أي جهة،</p>
      </container>
      <container name="وإذ تسلم" eId="container_9">
          <p xml:space="preserve">
            <span class="bold italic">وإذ تسلم</span> بأن التدابير والترتيبات الفعالة لإعطاء الدول غير الحائزة للأسلحة النووية ضمانات بعدم استعمال الأسلحة النووية أو التهديد باستعمالها يمكن أن تسهم إسهاما إيجابيا في منع انتشار الأسلحة النووية،</p>
      </container>
      <container name="وإذ تضع في اعتبارها" eId="container_10">
        <p xml:space="preserve">
          <span class="bold italic">وإذ تضع في اعتبارها</span> الفقرة 59 من الوثيقة الختامية لدورة الجمعية العامة الاستثنائية العاشرة، وهي أول دورة استثنائية مكرسة لنزع<sup></sup>السلاح<sup>(</sup><authorialNote marker="1" placement="bottom" eId="authorialNote_1"><p xml:space="preserve">	()	القرار دإ-10/2.</p></authorialNote><sup>)</sup>، التي حثت فيها الدول الحائزة للأسلحة النووية على متابعة الجهود الرامية إلى عقد ترتيبات فعالة، حسب الاقتضاء، لإعطاء الدول غير الحائزة للأسلحة النووية ضمانات بعدم استعمال الأسلحة النووية أو التهديد باستعمالها، وإذ ترغب في التشجيع على تنفيذ الأحكام ذات الصلة من الوثيقة الختامية،</p>
      </container>
      <container name="وإذ تشير" eId="container_11">
        <p xml:space="preserve">
          <span class="bold italic">وإذ تشير</span> إلى الأجزاء ذات الصلة من التقرير الخاص للجنة نزع السلاح<sup>(</sup><authorialNote marker="2" placement="bottom" eId="authorialNote_2"><p xml:space="preserve">	()	أصبحت لجنة نزع السلاح تسمى مؤتمر نزع السلاح اعتبارا من 7 شباط/فبراير 1984.</p></authorialNote><sup>)</sup> المقدم إلى الجمعية العامة في دورتها الاستثنائية الثانية عشرة، وهي ثاني دورة استثنائية مكرسة لنزع السلاح<sup>(</sup><authorialNote marker="3" placement="bottom" eId="authorialNote_3"><p xml:space="preserve">	()	<span class="italic">الوثائــق الرسميــة للجمعيــة العامــة، الــدورة الاستثنائيــة الثانية عشرة، الملحق رقم 2</span> (<a href="https://undocs.org/ar/A/S-12/2">A/S-12/2</a>)، الفرع الثالث - جيم.</p></authorialNote><sup>)</sup>، ومن التقرير الخاص لمؤتمر نزع السلاح المقدم إلى الجمعية في دورتها الاستثنائية الخامسة عشرة، وهي ثالث دورة استثنائية مكرسة لنزع السلاح<sup>(</sup><authorialNote marker="4" placement="bottom" eId="authorialNote_4"><p xml:space="preserve">	()	المرجع نفسـه، <span class="italic">الدورة الاستثنائية الخامسة عشرة، الملحق رقم 2</span> (<a href="https://undocs.org/ar/A/S-15/2">A/S-15/2</a>)، الفرع الثالث - واو.</p></authorialNote><sup>)</sup>، وإلى تقرير المؤتمر عن دورته لعام 1992<sup>(</sup><authorialNote marker="5" placement="bottom" eId="authorialNote_5"><p xml:space="preserve">	()	المرجع نفسه، <span class="italic">الدورة السابعة والأربعون، الملحق رقم 27</span> (<a href="https://undocs.org/ar/A/47/27">A/47/27</a>)، الفرع الثالث - واو.</p></authorialNote><sup>)</sup>،</p>
      </container>
      <container name="وإذ تشير أيضا" eId="container_12">
        <p xml:space="preserve">
          <span class="bold italic">وإذ تشير أيضا</span> إلى الفقرة 12 من إعلان الثمانينات العقد الثاني لنزع السلاح، الوارد في مرفق قرارها <a href="https://undocs.org/ar/A/RES/35/46">35/46</a> المؤرخ 3 كانون الأول/ديسمبر 1980، التي تنص في جملة أمور على ضرورة أن تبذل لجنة نزع السلاح كل ما في وسعها كي تعجل بالمفاوضات بهدف التوصل إلى اتفاق بشأن ترتيبات دولية فعالة لإعطاء الدول غير الحائزة للأسلحة النووية ضمانات بعدم استعمال الأسلحة النووية أو التهديد باستعمالها،</p>
      </container>
      <container name="وإذ تلاحظ" eId="container_13">
        <p xml:space="preserve">
          <span class="bold italic">وإذ تلاحظ</span> المفاوضات المتعمقة التي جرت في مؤتمر نزع السلاح ولجنته المخصصة للترتيبات الدولية الفعالة لإعطاء الدول غير الحائزة للأسلحة النووية ضمانات بعدم استعمال الأسلحة النووية أو التهديد باستعمالها<sup>(</sup><authorialNote marker="6" placement="bottom" eId="authorialNote_6"><p xml:space="preserve">	()	المرجع نفسه، <span class="italic">الدورة الثامنة والأربعون، الملحق رقم 27</span> (<a href="https://undocs.org/ar/A/48/27">A/48/27</a>)، الفرع الثالث - هاء.</p></authorialNote><sup>)</sup>، من أجل التوصل إلى اتفاق بشأن هذه المسألة،</p>
      </container>
      <container name="وإذ تحيط علما" eId="container_14">
        <p xml:space="preserve">
          <span class="bold italic">وإذ تحيط علما</span> بالمقترحات المقدمة في إطار هذا البند في مؤتمر نزع السلاح، بما فيها مشاريع اتفاقية دولية،</p>
      </container>
      <container name="وإذ تحيط علما أيضا" eId="container_15">
        <p xml:space="preserve">
          <span class="bold italic">وإذ تحيط علما أيضا</span> بالقرار الذي اتخذ في هذا الصدد في المؤتمر الثالث عشر لرؤساء دول أو حكومات بلدان عدم الانحياز الذي عقد في كوالالمبور في 24 و 25 شباط/فبراير 2003<sup>(</sup><authorialNote marker="7" placement="bottom" eId="authorialNote_7"><p xml:space="preserve">	()	انظر <a href="https://undocs.org/ar/A/57/759">A/57/759-S/2003/332</a>، المرفق الأول.</p></authorialNote><sup>)</sup> وأعيد تأكيده في المؤتمر السابع عشر لرؤساء دول أو حكومات بلدان عدم الانحياز الذي عقد في جزيرة مارغاريتا بجمهورية فنزويلا البوليفارية في الفترة من 13 إلى 18 أيلول/سبتمبر 2016، وبالتوصيات الصادرة عن منظمة التعاون الإسلامي في هذا الشأن،</p>
      </container>
      <container name="وإذ تحيط علما كذلك" eId="container_16">
        <p xml:space="preserve">
          <span class="bold italic">وإذ تحيط علما كذلك</span> بالإعلانات التي أصدرتها بصفة انفرادية جميع الدول الحائزة للأسلحة النووية فيما يتعلق بسياساتها بشأن عدم استعمال الأسلحة النووية أو التهديد باستعمالها ضد الدول غير الحائزة للأسلحة النووية،</p>
      </container>
      <container name="وإذ تلاحظ" eId="container_17">
        <p xml:space="preserve">
          <span class="bold italic">وإذ تلاحظ</span> التأييد المعرب عنه في مؤتمر نزع السلاح وفي الجمعية العامة لإعداد اتفاقية دولية لإعطاء الدول غير الحائزة للأسلحة النووية ضمانات بعدم استعمال الأسلحة النووية أو التهديد باستعمالها والصعوبات المشار إليها فيما يتعلق بالتوصل إلى نهج مشترك مقبول من الجميع،</p>
      </container>
      <container name="وإذ تحيط علما" eId="container_18">
        <p xml:space="preserve">
          <span class="bold italic">وإذ تحيط علما</span> بقرار مجلس الأمن <a href="https://undocs.org/ar/S/RES/984 (1995)">984 (1995)</a> المؤرخ 11 نيسان/أبريل 1995 والآراء المعرب عنها بشأنه،</p>
      </container>
      <container name="وإذ تشير" eId="container_19">
        <p xml:space="preserve">
          <span class="bold italic">وإذ تشير</span> إلى قراراتها ذات الصلة المتخذة في السنوات السابقة، ولا سيما القرارات <a href="https://undocs.org/ar/A/RES/45/54">45/54</a> المؤرخ 4 كانون الأول/ديسمبر 1990 و <a href="https://undocs.org/ar/A/RES/46/32">46/32</a> المؤرخ 6 كانون الأول/ديسمبر 1991 و <a href="https://undocs.org/ar/A/RES/47/50">47/50</a> المؤرخ 9 كانون الأول/ديسمبر 1992 و <a href="https://undocs.org/ar/A/RES/48/73">48/73</a> المؤرخ 16 كانون الأول/ديسمبر 1993 و <a href="https://undocs.org/ar/A/RES/49/73">49/73</a> المؤرخ 15 كانون الأول/ديسمبر 1994 و <a href="https://undocs.org/ar/A/RES/50/68">50/68</a> المؤرخ 12 كانون الأول/ديسمبر 1995 و <a href="https://undocs.org/ar/A/RES/51/43">51/43</a> المؤرخ 10 كانون الأول/ديسمبر 1996 و <a href="https://undocs.org/ar/A/RES/52/36">52/36</a> المؤرخ 9 كانون الأول/ديسمبر 1997 و <a href="https://undocs.org/ar/A/RES/53/75">53/75</a> المؤرخ 4 كانون الأول/ديسمبر 1998 و <a href="https://undocs.org/ar/A/RES/54/52">54/52</a> المؤرخ 1 كانون الأول/ديسمبر 1999 و <a href="https://undocs.org/ar/A/RES/55/31">55/31</a> المؤرخ 20 تشرين الثاني/نوفمبر 2000 و <a href="https://undocs.org/ar/A/RES/56/22">56/22</a> المؤرخ 29 تشرين الثاني/نوفمبر 2001 و <a href="https://undocs.org/ar/A/RES/57/56">57/56</a> المؤرخ 22 تشرين الثاني/نوفمبر 2002 و <a href="https://undocs.org/ar/A/RES/58/35">58/35</a> المؤرخ 8 كانون الأول/ديسمبر 2003 و <a href="https://undocs.org/ar/A/RES/59/64">59/64</a> المؤرخ 3 كانون الأول/ديسمبر 2004 و <a href="https://undocs.org/ar/A/RES/60/53">60/53</a> المؤرخ 8 كانون الأول/ديسمبر 2005 و <a href="https://undocs.org/ar/A/RES/61/57">61/57</a> المؤرخ 6 كانون الأول/ديسمبر 2006 و <a href="https://undocs.org/ar/A/RES/62/19">62/19</a> المؤرخ 5 كانون الأول/ديسمبر 2007 و <a href="https://undocs.org/ar/A/RES/63/39">63/39</a> المؤرخ 2 كانون الأول/ديسمبر 2008 و <a href="https://undocs.org/ar/A/RES/64/27">64/27</a> المؤرخ 2 كانون الأول/ديسمبر 2009 و <a href="https://undocs.org/ar/A/RES/65/43">65/43</a> المؤرخ 8 كانون الأول/ديسمبر 2010 و <a href="https://undocs.org/ar/A/RES/66/26">66/26</a> المؤرخ 2 كانون الأول/ديسمبر 2011 و <a href="https://undocs.org/ar/A/RES/67/29">67/29</a> المؤرخ 3 كانون الأول/ديسمبر 2012 و <a href="https://undocs.org/ar/A/RES/68/28">68/28</a> المؤرخ 5 كانون الأول/ديسمبر 2013 و <a href="https://undocs.org/ar/A/RES/69/30">69/30</a> المؤرخ 2 كانون الأول/ديسمبر 2014 و <a href="https://undocs.org/ar/A/RES/70/25">70/25</a> المؤرخ 7 كانون الأول/ديسمبر 2015 و <a href="https://undocs.org/ar/A/RES/71/30">71/30</a> المؤرخ 5 كانون الأول/ديسمبر 2016 و <a href="https://undocs.org/ar/A/RES/72/25">72/25</a> المؤرخ 4 كانون الأول/ديسمبر 2017 و <a href="https://undocs.org/ar/A/RES/73/29">73/29</a> المؤرخ 5 كانون الأول/ديسمبر 2018،</p>
      </container>
    </preamble>
    <mainBody>
      <paragraph eId="para_20" class="SingleTxt">
        <content eId="para_20__content">
          <p xml:space="preserve">	1 -	<span class="bold italic">تعيد تأكيد</span> الضرورة الملحة للتوصل بشكل عاجل إلى اتفاق بشأن ترتيبات دولية فعالة لإعطاء الدول غير الحائزة للأسلحة النووية ضمانات بعدم استعمال الأسلحة النووية أو التهديد باستعمالها؛</p>
        </content>
      </paragraph>
      <paragraph eId="para_21" class="SingleTxt">
        <content eId="para_21__content">
          <p xml:space="preserve">	2 -	<span class="bold italic">تلاحظ مع الارتياح</span> عدم وجود اعتراض في مؤتمر نزع السلاح، من حيث المبدأ، على فكرة وضع اتفاقية دولية لإعطاء الدول غير الحائزة للأسلحة النووية ضمانات بعدم استعمال الأسلحة النووية أو التهديد باستعمالها، وإن كان قد أشير أيضا إلى الصعوبات المتعلقة بالتوصل إلى نهج مشترك مقبول من الجميع؛</p>
        </content>
      </paragraph>
      <paragraph eId="para_22" class="SingleTxt">
        <content eId="para_22__content">
          <p xml:space="preserve">	3 -	<span class="bold italic">تناشد</span> جميع الدول، ولا سيما الدول الحائزة للأسلحة النووية، أن تعمل بنشاط من أجل التوصل بشكل عاجل إلى اتفاق بشأن نهج مشترك، وبوجه خاص بشأن صيغة موحدة يمكن إدراجها في صك دولي ذي طابع ملزم قانونا؛</p>
        </content>
      </paragraph>
      <paragraph eId="para_23" class="SingleTxt">
        <content eId="para_23__content">
          <p xml:space="preserve">	4 -	<span class="bold italic">توصي</span> بتكريس مزيد من الجهود المكثفة للسعي إلى التوصل إلى هذا النهج المشترك أو هذه الصيغة الموحدة وبمواصلة بحث مختلف النُهج البديلة، بما فيها بوجه خاص النُهج التي نظر فيها مؤتمر نزع السلاح، بقصد تذليل الصعوبات؛</p>
        </content>
      </paragraph>
      <paragraph eId="para_24" class="SingleTxt">
        <content eId="para_24__content">
          <p xml:space="preserve">	5 -	<span class="bold italic">توصي أيضا</span> بأن يواصل مؤتمر نزع السلاح بنشاط مفاوضاته المكثفة للتوصل بشكل عاجل إلى اتفاق وعقد اتفاقات دولية فعالة لإعطاء الدول غير الحائزة للأسلحة النووية ضمانات بعدم استعمال الأسلحة النووية أو التهديد باستعمالها، آخذا في الاعتبار التأييد الواسع النطاق لوضع اتفاقية دولية ومراعيا أي اقتراحات أخرى ترمي إلى تحقيق الهدف نفسه؛</p>
        </content>
      </paragraph>
      <paragraph eId="para_25" class="SingleTxt">
        <content eId="para_25__content">
          <p xml:space="preserve">	6 -	<span class="bold italic">تقرر</span> أن تدرج في جدول الأعمال المؤقت لدورتها الخامسة والسبعين البند المعنون ”عقد ترتيبات دولية فعالة لإعطاء الدول غير الحائزة للأسلحة النووية ضمانات بعدم استعمال الأسلحة النووية أو التهديد باستعمالها“.</p>
        </content>
      </paragraph>
    </mainBody>
    <conclusions eId="conclusions">
      <p>
        <inline name="adoptionMeeting" title="46">الجلسة العامة 46</inline>
        <eol />
        <docDate date="2019-12-12" refersTo="#adoptionDate">12 كانون الأول/ديسمبر 2019</docDate>
      </p>
    </conclusions>
  </statement>
</akomaNtoso>