<akomaNtoso xmlns:xsi="http://www.w3.org/2001/XMLSchema-instance" xsi:schemaLocation="http://docs.oasis-open.org/legaldocml/ns/akn/3.0 http://docs.oasis-open.org/legaldocml/akn-core/v1.0/os/part2-specs/schemas/akomantoso30.xsd" xmlns="http://docs.oasis-open.org/legaldocml/ns/akn/3.0" xmlns:html="http://www.w3.org/1999/xhtml" xmlns:akn4un="http://un.org/akn4un">
  <statement name="resolution">
    <meta>
      <identification source="#DGACM">
        <FRBRWork>
          <FRBRthis value="/akn/un/statement/deliberation/unga/2019-12-12/74-34/!main/"></FRBRthis>
          <FRBRuri value="/akn/un/statement/deliberation/unga/2019-12-12/74-34/"></FRBRuri>
          <FRBRdate date="2019-12-12" name="adoption"></FRBRdate>
          <FRBRauthor href="ga" as="author"></FRBRauthor>
          <FRBRcountry value="un"></FRBRcountry>
        </FRBRWork>
        <FRBRExpression>
          <FRBRthis value="/akn/un/statement/deliberation/unga/2019-12-12/74-34/ara@!main/"></FRBRthis>
          <FRBRuri value="/akn/un/statement/deliberation/unga/2019-12-12/74-34/ara@/"></FRBRuri>
          <FRBRdate date="2019-12-18" name="publication"></FRBRdate>
          <FRBRauthor href="ga" as="issuer"></FRBRauthor>
          <FRBRlanguage language="ara"></FRBRlanguage>
        </FRBRExpression>
        <FRBRManifestation>
          <FRBRthis value="/akn/un/statement/deliberation/unga/2019-12-12/74-34/ara@/!main.xml"></FRBRthis>
          <FRBRuri value="/akn/un/statement/deliberation/unga/2019-12-12/74-34/ara@.xml"></FRBRuri>
          <FRBRdate date="2020-09-01" name="markup"></FRBRdate>
          <FRBRauthor href="DGACM" as="editor"></FRBRauthor>
        </FRBRManifestation>
      </identification>
      <classification source="http://metadata.un.org/sdg">
        <keyword value="6" href="http://metadata.un.org/sdg/6" showAs="sdg_6" dictionary="SDGO"></keyword>
        <keyword value="water" href="http://eurovoc.europa.eu/597" showAs="water" dictionary="EuroVoc"></keyword>
        <keyword value="public_hygiene" href="http://eurovoc.europa.eu/3371" showAs="public_hygiene" dictionary="EuroVoc"></keyword>
        <keyword value="use_of_water" href="http://eurovoc.europa.eu/4628" showAs="use_of_water" dictionary="EuroVoc"></keyword>
        <keyword value="water" href="http://metadata.un.org/thesaurus/030500" showAs="water" dictionary="UNBIS Thesaurus"></keyword>
        <keyword value="sanitation" href="http://metadata.un.org/thesaurus/1005701" showAs="sanitation" dictionary="UNBIS Thesaurus"></keyword>
        <keyword value="water_management" href="http://metadata.un.org/thesaurus/1006948" showAs="water_management" dictionary="UNBIS Thesaurus"></keyword>
      </classification>
      <classification source="http://metadata.un.org/sdg">
        <keyword value="12" href="http://metadata.un.org/sdg/12" showAs="sdg_12" dictionary="SDGO"></keyword>
        <keyword value="consumption" href="http://eurovoc.europa.eu/139" showAs="consumption" dictionary="EuroVoc"></keyword>
        <keyword value="production" href="http://eurovoc.europa.eu/2707" showAs="production" dictionary="EuroVoc"></keyword>
        <keyword value="sustainable_consumption" href="http://metadata.un.org/thesaurus/1006318" showAs="sustainable_consumption" dictionary="UNBIS Thesaurus"></keyword>
        <keyword value="consumption" href="http://metadata.un.org/thesaurus/1001264" showAs="consumption" dictionary="UNBIS Thesaurus"></keyword>
        <keyword value="production" href="http://metadata.un.org/thesaurus/1005146" showAs="production" dictionary="UNBIS Thesaurus"></keyword>
      </classification>
      <classification source="http://metadata.un.org/sdg">
        <keyword value="14" href="http://metadata.un.org/sdg/14" showAs="sdg_14" dictionary="SDGO"></keyword>
        <keyword value="marine_life" href="http://eurovoc.europa.eu/3149" showAs="marine_life" dictionary="EuroVoc"></keyword>
        <keyword value="marine_environment" href="http://eurovoc.europa.eu/5742" showAs="marine_environment" dictionary="EuroVoc"></keyword>
        <keyword value="ocean" href="http://eurovoc.europa.eu/2107" showAs="ocean" dictionary="EuroVoc"></keyword>
        <keyword value="sea" href="http://eurovoc.europa.eu/1870" showAs="sea" dictionary="EuroVoc"></keyword>
        <keyword value="marine_resources" href="http://metadata.un.org/thesaurus/030800" showAs="marine_resources" dictionary="UNBIS Thesaurus"></keyword>
        <keyword value="marine_resources" href="http://metadata.un.org/thesaurus/1003922" showAs="marine_resources" dictionary="UNBIS Thesaurus"></keyword>
        <keyword value="oceans_and_seas" href="http://metadata.un.org/thesaurus/170600" showAs="oceans_and_seas" dictionary="UNBIS Thesaurus"></keyword>
      </classification>
      <classification source="http://metadata.un.org/sdg">
        <keyword value="15" href="http://metadata.un.org/sdg/15" showAs="sdg_15" dictionary="SDGO"></keyword>
        <keyword value="deforestation" href="http://eurovoc.europa.eu/339" showAs="deforestation" dictionary="EuroVoc"></keyword>
        <keyword value="desertification" href="http://eurovoc.europa.eu/416" showAs="desertification" dictionary="EuroVoc"></keyword>
        <keyword value="biodiversity" href="http://eurovoc.europa.eu/5463" showAs="biodiversity" dictionary="EuroVoc"></keyword>
        <keyword value="land,_plant_and_soil_resources" href="http://metadata.un.org/thesaurus/030600" showAs="land,_plant_and_soil_resources" dictionary="UNBIS Thesaurus"></keyword>
        <keyword value="deforestation" href="http://metadata.un.org/thesaurus/1001550" showAs="deforestation" dictionary="UNBIS Thesaurus"></keyword>
      </classification>
      <workflow source="#un">
        <step date="2019-10-31" outcome="draftResolution" as="A/C.1/74/L.58/Rev.1" by="Algeria, Angola, Armenia, Belarus, Bolivia (Plurinational State of), Burundi, China, Cuba, Egypt, Eritrea, Iran (Islamic Republic of), Kazakhstan, Kyrgyzstan, Lao People's Democratic Republic, Madagascar, Myanmar, Nicaragua, Russian Federation, South Africa, Suriname, Syrian Arab Republic, Tajikistan and Venezuela (Bolivarian Republic of)" />
        <step date="0001-01-01" outcome="draftResolutionAdditionalSponsors" by="Central African Republic and Uzbekistan" />
        <step date="0001-01-01" outcome="recommendedForAdoption" as="A/74/366, as amended in A/74/L.27" by="" refersTo="11" />
        <step date="2019-12-12" outcome="adopted" as="A/74/PV.46" by="" />
      </workflow>
      <analysis source="#un">
        <parliamentary>
          <voting outcome="adoptedRecordedVote">
            <count value="131" refersTo="inFavour">
              <akn4un:voters>
                <organization refersTo="memberState">AFGHANISTAN</organization>
                <organization refersTo="memberState">ALGERIA</organization>
                <organization refersTo="memberState">ANGOLA</organization>
                <organization refersTo="memberState">ANTIGUA AND BARBUDA</organization>
                <organization refersTo="memberState">ARGENTINA</organization>
                <organization refersTo="memberState">ARMENIA</organization>
                <organization refersTo="memberState">AZERBAIJAN</organization>
                <organization refersTo="memberState">BAHAMAS</organization>
                <organization refersTo="memberState">BAHRAIN</organization>
                <organization refersTo="memberState">BANGLADESH</organization>
                <organization refersTo="memberState">BARBADOS</organization>
                <organization refersTo="memberState">BELARUS</organization>
                <organization refersTo="memberState">BENIN</organization>
                <organization refersTo="memberState">BHUTAN</organization>
                <organization refersTo="memberState">BOLIVIA (PLURINATIONAL STATE OF)</organization>
                <organization refersTo="memberState">BOTSWANA</organization>
                <organization refersTo="memberState">BRAZIL</organization>
                <organization refersTo="memberState">BRUNEI DARUSSALAM</organization>
                <organization refersTo="memberState">BURKINA FASO</organization>
                <organization refersTo="memberState">BURUNDI</organization>
                <organization refersTo="memberState">CABO VERDE</organization>
                <organization refersTo="memberState">CAMBODIA</organization>
                <organization refersTo="memberState">CAMEROON</organization>
                <organization refersTo="memberState">CENTRAL AFRICAN REPUBLIC</organization>
                <organization refersTo="memberState">CHAD</organization>
                <organization refersTo="memberState">CHILE</organization>
                <organization refersTo="memberState">CHINA</organization>
                <organization refersTo="memberState">COLOMBIA</organization>
                <organization refersTo="memberState">COMOROS</organization>
                <organization refersTo="memberState">CONGO</organization>
                <organization refersTo="memberState">COSTA RICA</organization>
                <organization refersTo="memberState">COTE D'IVOIRE</organization>
                <organization refersTo="memberState">CUBA</organization>
                <organization refersTo="memberState">DEMOCRATIC PEOPLE'S REPUBLIC OF KOREA</organization>
                <organization refersTo="memberState">DEMOCRATIC REPUBLIC OF THE CONGO</organization>
                <organization refersTo="memberState">DJIBOUTI</organization>
                <organization refersTo="memberState">DOMINICAN REPUBLIC</organization>
                <organization refersTo="memberState">ECUADOR</organization>
                <organization refersTo="memberState">EGYPT</organization>
                <organization refersTo="memberState">EL SALVADOR</organization>
                <organization refersTo="memberState">ERITREA</organization>
                <organization refersTo="memberState">ESWATINI</organization>
                <organization refersTo="memberState">ETHIOPIA</organization>
                <organization refersTo="memberState">FIJI</organization>
                <organization refersTo="memberState">GABON</organization>
                <organization refersTo="memberState">GAMBIA</organization>
                <organization refersTo="memberState">GHANA</organization>
                <organization refersTo="memberState">GRENADA</organization>
                <organization refersTo="memberState">GUATEMALA</organization>
                <organization refersTo="memberState">GUINEA-BISSAU</organization>
                <organization refersTo="memberState">GUYANA</organization>
                <organization refersTo="memberState">HONDURAS</organization>
                <organization refersTo="memberState">INDIA</organization>
                <organization refersTo="memberState">INDONESIA</organization>
                <organization refersTo="memberState">IRAN (ISLAMIC REPUBLIC OF)</organization>
                <organization refersTo="memberState">IRAQ</organization>
                <organization refersTo="memberState">JAMAICA</organization>
                <organization refersTo="memberState">JORDAN</organization>
                <organization refersTo="memberState">KAZAKHSTAN</organization>
                <organization refersTo="memberState">KENYA</organization>
                <organization refersTo="memberState">KIRIBATI</organization>
                <organization refersTo="memberState">KUWAIT</organization>
                <organization refersTo="memberState">KYRGYZSTAN</organization>
                <organization refersTo="memberState">LAO PEOPLE'S DEMOCRATIC REPUBLIC</organization>
                <organization refersTo="memberState">LEBANON</organization>
                <organization refersTo="memberState">LESOTHO</organization>
                <organization refersTo="memberState">LIBYA</organization>
                <organization refersTo="memberState">MADAGASCAR</organization>
                <organization refersTo="memberState">MALAWI</organization>
                <organization refersTo="memberState">MALAYSIA</organization>
                <organization refersTo="memberState">MALDIVES</organization>
                <organization refersTo="memberState">MALI</organization>
                <organization refersTo="memberState">MAURITANIA</organization>
                <organization refersTo="memberState">MAURITIUS</organization>
                <organization refersTo="memberState">MEXICO</organization>
                <organization refersTo="memberState">MONGOLIA</organization>
                <organization refersTo="memberState">MOROCCO</organization>
                <organization refersTo="memberState">MOZAMBIQUE</organization>
                <organization refersTo="memberState">MYANMAR</organization>
                <organization refersTo="memberState">NAMIBIA</organization>
                <organization refersTo="memberState">NAURU</organization>
                <organization refersTo="memberState">NEPAL</organization>
                <organization refersTo="memberState">NICARAGUA</organization>
                <organization refersTo="memberState">NIGER</organization>
                <organization refersTo="memberState">NIGERIA</organization>
                <organization refersTo="memberState">OMAN</organization>
                <organization refersTo="memberState">PAKISTAN</organization>
                <organization refersTo="memberState">PANAMA</organization>
                <organization refersTo="memberState">PARAGUAY</organization>
                <organization refersTo="memberState">PERU</organization>
                <organization refersTo="memberState">PHILIPPINES</organization>
                <organization refersTo="memberState">QATAR</organization>
                <organization refersTo="memberState">RUSSIAN FEDERATION</organization>
                <organization refersTo="memberState">RWANDA</organization>
                <organization refersTo="memberState">SAINT KITTS AND NEVIS</organization>
                <organization refersTo="memberState">SAINT LUCIA</organization>
                <organization refersTo="memberState">SAINT VINCENT AND THE GRENADINES</organization>
                <organization refersTo="memberState">SAMOA</organization>
                <organization refersTo="memberState">SAO TOME AND PRINCIPE</organization>
                <organization refersTo="memberState">SAUDI ARABIA</organization>
                <organization refersTo="memberState">SENEGAL</organization>
                <organization refersTo="memberState">SERBIA</organization>
                <organization refersTo="memberState">SEYCHELLES</organization>
                <organization refersTo="memberState">SIERRA LEONE</organization>
                <organization refersTo="memberState">SINGAPORE</organization>
                <organization refersTo="memberState">SOLOMON ISLANDS</organization>
                <organization refersTo="memberState">SOUTH AFRICA</organization>
                <organization refersTo="memberState">SOUTH SUDAN</organization>
                <organization refersTo="memberState">SRI LANKA</organization>
                <organization refersTo="memberState">SUDAN</organization>
                <organization refersTo="memberState">SURINAME</organization>
                <organization refersTo="memberState">SYRIAN ARAB REPUBLIC</organization>
                <organization refersTo="memberState">TAJIKISTAN</organization>
                <organization refersTo="memberState">THAILAND</organization>
                <organization refersTo="memberState">TIMOR-LESTE</organization>
                <organization refersTo="memberState">TOGO</organization>
                <organization refersTo="memberState">TRINIDAD AND TOBAGO</organization>
                <organization refersTo="memberState">TUNISIA</organization>
                <organization refersTo="memberState">TURKMENISTAN</organization>
                <organization refersTo="memberState">TUVALU</organization>
                <organization refersTo="memberState">UGANDA</organization>
                <organization refersTo="memberState">UNITED ARAB EMIRATES</organization>
                <organization refersTo="memberState">UNITED REPUBLIC OF TANZANIA</organization>
                <organization refersTo="memberState">URUGUAY</organization>
                <organization refersTo="memberState">UZBEKISTAN</organization>
                <organization refersTo="memberState">VANUATU</organization>
                <organization refersTo="memberState">VENEZUELA (BOLIVARIAN REPUBLIC OF)</organization>
                <organization refersTo="memberState">VIET NAM</organization>
                <organization refersTo="memberState">YEMEN</organization>
                <organization refersTo="memberState">ZAMBIA</organization>
                <organization refersTo="memberState">ZIMBABWE</organization>
              </akn4un:voters>
            </count>
            <count value="6" refersTo="against">
              <akn4un:voters>
                <organization refersTo="memberState">AUSTRALIA</organization>
                <organization refersTo="memberState">CANADA</organization>
                <organization refersTo="memberState">ISRAEL</organization>
                <organization refersTo="memberState">UKRAINE</organization>
                <organization refersTo="memberState">UNITED KINGDOM</organization>
                <organization refersTo="memberState">UNITED STATES</organization>
              </akn4un:voters>
            </count>
            <count value="45" refersTo="abstaining">
              <akn4un:voters>
                <organization refersTo="memberState">ALBANIA</organization>
                <organization refersTo="memberState">ANDORRA</organization>
                <organization refersTo="memberState">AUSTRIA</organization>
                <organization refersTo="memberState">BELGIUM</organization>
                <organization refersTo="memberState">BELIZE</organization>
                <organization refersTo="memberState">BOSNIA AND HERZEGOVINA</organization>
                <organization refersTo="memberState">BULGARIA</organization>
                <organization refersTo="memberState">CROATIA</organization>
                <organization refersTo="memberState">CYPRUS</organization>
                <organization refersTo="memberState">CZECHIA</organization>
                <organization refersTo="memberState">DENMARK</organization>
                <organization refersTo="memberState">ESTONIA</organization>
                <organization refersTo="memberState">FINLAND</organization>
                <organization refersTo="memberState">FRANCE</organization>
                <organization refersTo="memberState">GEORGIA</organization>
                <organization refersTo="memberState">GERMANY</organization>
                <organization refersTo="memberState">GREECE</organization>
                <organization refersTo="memberState">HUNGARY</organization>
                <organization refersTo="memberState">ICELAND</organization>
                <organization refersTo="memberState">IRELAND</organization>
                <organization refersTo="memberState">ITALY</organization>
                <organization refersTo="memberState">JAPAN</organization>
                <organization refersTo="memberState">LATVIA</organization>
                <organization refersTo="memberState">LIECHTENSTEIN</organization>
                <organization refersTo="memberState">LITHUANIA</organization>
                <organization refersTo="memberState">LUXEMBOURG</organization>
                <organization refersTo="memberState">MALTA</organization>
                <organization refersTo="memberState">MONACO</organization>
                <organization refersTo="memberState">MONTENEGRO</organization>
                <organization refersTo="memberState">NETHERLANDS</organization>
                <organization refersTo="memberState">NEW ZEALAND</organization>
                <organization refersTo="memberState">NORTH MACEDONIA</organization>
                <organization refersTo="memberState">NORWAY</organization>
                <organization refersTo="memberState">POLAND</organization>
                <organization refersTo="memberState">PORTUGAL</organization>
                <organization refersTo="memberState">REPUBLIC OF KOREA</organization>
                <organization refersTo="memberState">REPUBLIC OF MOLDOVA</organization>
                <organization refersTo="memberState">ROMANIA</organization>
                <organization refersTo="memberState">SAN MARINO</organization>
                <organization refersTo="memberState">SLOVAKIA</organization>
                <organization refersTo="memberState">SLOVENIA</organization>
                <organization refersTo="memberState">SPAIN</organization>
                <organization refersTo="memberState">SWEDEN</organization>
                <organization refersTo="memberState">SWITZERLAND</organization>
                <organization refersTo="memberState">TURKEY</organization>
              </akn4un:voters>
            </count>
          </voting>
        </parliamentary>
      </analysis>
      <references source="#DGACM">
        <TLCOrganization eId="source" href="/akn/ontology/organization/un/DGACM" showAs="DGACM"></TLCOrganization>
        <TLCConcept eId="dateOfIssuance" href="/akn/ontology/concept/un/dateOfIssuance" showAs="Date of issuance"></TLCConcept>
        <TLCConcept eId="dateOfAdoption" href="/akn/ontology/concept/un/dateOfAdoption" showAs="Date of adoption"></TLCConcept>
        <TLCConcept eId="symbol" href="/akn/ontology/reference/un/symbol" showAs="Symbol"></TLCConcept>
        <TLCRole eId="publisher" href="/akn/ontology/role/un/publisher" showAs="Publisher"></TLCRole>
        <TLCRole eId="issuingBody" href="/akn/role/concept/un/issuingBody" showAs="Issuing body"></TLCRole>
        <TLCRole eId="author" href="/akn/ontology/role/un/author" showAs="Author"></TLCRole>
        <TLCRole eId="editor" href="/akn/ontology/role/un/editor" showAs="Editor"></TLCRole>
        <TLCRole eId="distribution" href="/akn/ontology/concept/un/generalDistribution" showAs="General distribution"></TLCRole>
        <TLCOrganization eId="ga" href="/akn/ontology/organization/un/generalAssembly" showAs="General Assembly"></TLCOrganization>
        <TLCTerm eId="resolutionTitle" href="/akn/ontology/reference/un/resolutionTitle" showAs="Resolution title"></TLCTerm>
        <TLCTerm eId="firstCommittee" href="#firstCommittee" showAs="اللجنة الأولى"></TLCTerm>
        <TLCTerm eId="memberState" href="/akn/ontology/organization/un/memberState" showAs="Member State"></TLCTerm>
        <TLCTerm eId="inFavour" href="/akn/ontology/concept/un/voting/inFavour" showAs="In favour"></TLCTerm>
        <TLCTerm eId="against" href="/akn/ontology/concept/un/voting/against" showAs="Against"></TLCTerm>
        <TLCTerm eId="abstaining" href="/akn/ontology/concept/un/voting/abstaining" showAs="Abstaining"></TLCTerm>
      </references>
      <presentation source="#un">
        <akn4un:footerFirstPage>
          <akn4un:footerFirstPageLeft>
            <akn4un:internalCode>
              <docketNumber refersTo="#publicationJobNumber"></docketNumber>
              <img alt="bar code" class="barCode" src=""></img>
            </akn4un:internalCode>
          </akn4un:footerFirstPageLeft>
          <akn4un:footerFirstPageRight>
            <img alt="Please recycle" class="image" src="./recylcleLogo.jpg"></img>
            <img alt="embedded QR code" class="qrCode" src=""></img>
          </akn4un:footerFirstPageRight>
        </akn4un:footerFirstPage>
      </presentation>
    </meta>
    <coverPage eId="coverPage_1">
      <p>
        <span refersTo="#publisher" class="upperLeft">
          <docAuthority refersTo="#publisher">الأمــم المتحـدة</docAuthority>
        </span>
      </p>
      <p class="upperRight">
        <docNumber refersTo="#symbol">A/RES/74/34</docNumber>
      </p>
      <p class="upperLeft">
        <img src="logo-un.jpg"></img>
        <docAuthority refersTo="#issuingBody" class="rightBig">الجمعية العامة</docAuthority>
      </p>
      <p>
        <docStatus refersTo="#generalDistribution" class="rightSmall">Distr.: General</docStatus>
      </p>
      <p>
        <docDate date="2019-12-18" class="rightSmall" refersTo="#dateOfIssuance">18 December 2019</docDate>
      </p>
      <p>
        <session refersTo="#generalAssembly" value="74" eId="coverPage_1__session_1">الدورة الرابعة والسبعون</session>
      </p>
      <p>
        <inline name="agenda item">البند 96 (ج) من جدول الأعمال</inline>
      </p>
      <p>
        <inline name="agenda item name">منع حدوث سباق تسلح في الفضاء الخارجي: تدابير عملية أخرى لمنع حدوث سباق تسلح في الفضاء الخارجي</inline>
      </p>
      <p>
        <docTitle>قرار اتخذته الجمعية العامة في 12 كانون الأول/ديسمبر 2019</docTitle>
      </p>
      <p xml:space="preserve">
        <docProponent refersTo="#firstCommittee">[بناء على تقرير اللجنة الأولى (<inline name="originating document">A/74/366</inline>)]</docProponent>
      </p>
    </coverPage>
    <preface>
      <p>
        <docNumber>74/34.</docNumber>
        <docTitle refersTo="#resolutionTitle">-	تدابير عملية أخرى لمنع حدوث سباق تسلح في الفضاء الخارجي</docTitle>
      </p>
    </preface>
    <preamble>
      <formula name="enactingFormula" eId="formula_1">
          <p xml:space="preserve">
            <span class="bold italic">إنّ الجمعية العامة</span>،</p>
      </formula>
      <container name="إذ تشير" eId="container_2">
        <p xml:space="preserve">
          <span class="bold italic">	إذ تشير</span> إلى قراراتها <a href="https://undocs.org/ar/A/RES/71/31">71/31</a> و <a href="https://undocs.org/ar/A/RES/71/32">71/32</a> المؤرخين 5 كانون الأول/ديسمبر 2016 و <a href="https://undocs.org/ar/A/RES/71/90">71/90</a> المؤرخ 6 كانون الأول/ديسمبر 2016 و <a href="https://undocs.org/ar/A/RES/72/250">72/250</a> المؤرخ 24 كانون الأول/ديسمبر 2017 و <a href="https://undocs.org/ar/A/RES/73/6">73/6</a> المؤرخ 26 تشرين الأول/أكتوبر 2018 و <a href="https://undocs.org/ar/A/RES/73/91">73/91</a> المؤرخ 7 كانون الأول/ديسمبر 2018، ومقررها 73/512 المؤرخ 5 كانون الأول/ديسمبر 2018، وإلى قراراتها ومقرراتها الأخرى بشأن هذا الموضوع،</p>
      </container>
      <container name="وإذ تسلم" eId="container_3">
          <p xml:space="preserve">
            <span class="bold italic">وإذ تسلم</span> بالعواقب الكارثية المترتبة على تسليح الفضاء الخارجي أو أي نزاعات عسكرية في الفضاء الخارجي، وبأن منع حدوث سباق تسلح في الفضاء الخارجي من شأنه أن يحول دون تعرض السلام والأمن الدوليين لخطر جسيم،</p>
        </container>
      <container name="وإذ تشدد" eId="container_4">
        <p xml:space="preserve">
          <span class="bold italic">وإذ تشدد</span> على أهمية المادة الرابعة من معاهدة المبادئ المنظمة لأنشطة الدول في ميدان استكشاف واستخدام الفضاء الخارجي، بما في ذلك القمر والأجرام السماوية الأخرى<sup>(</sup><authorialNote marker="1" placement="bottom" eId="authorialNote_1"><p xml:space="preserve">	()	United Nations,<span class="italic"> Treaty Series</span>, vol. 610, No. 8843.</p></authorialNote><sup>)</sup>،</p>
      </container>
      <container name="وإذ تضع في اعتبارها" eId="container_5">
        <p xml:space="preserve">
          <span class="bold italic">وإذ تضع في اعتبارها</span> ضرورة أن تسهم جميع الدول الأعضاء، ولا سيما الدول التي لديها قدرات كبيرة في ميدان الفضاء، إسهاما فعليا في منع حدوث سباق تسلح في الفضاء الخارجي من أجل تشجيع وتعزيز التعاون الدولي في مجال استكشاف الفضاء الخارجي واستخدامه في الأغراض السلمية، بهدف بناء مجتمع بشري يجمعه مستقبل مشترك،</p>
      </container>
      <container name="وإذ تسلم" eId="container_6">
          <p xml:space="preserve">
            <span class="bold italic">وإذ تسلم</span> بأن المعاهدات الدولية القائمة والمتعلقة بالفضاء الخارجي، والنظام القانوني المنصوص عليه فيها، تؤدي دورا إيجابيا في تنظيم أنشطة الفضاء الخارجي، إلا أنها لا يمكن أن تحول تماما دون وضع أسلحة في الفضاء الخارجي، ومن ثم تجنب حدوث سباق تسلح فيه، وأن هناك حاجة إلى تدعيم هذا النظام وتعزيزه،</p>
      </container>
      <container name="وإذ تعرب عن بالغ قلقها" eId="container_7">
        <p xml:space="preserve">
          <span class="bold italic">وإذ تعرب عن بالغ قلقها</span> إزاء الخطط التي أعلنتها بعض الدول والتي تشمل وضع أسلحة، ولا سيما نظم قتال هجومية، في الفضاء الخارجي،</p>
      </container>
      <container name="واقتناعا منها" eId="container_8">
        <p xml:space="preserve">
          <span class="bold italic">واقتناعا منها</span> بضرورة النظر في اتخاذ تدابير أخرى سعيا إلى التوصل إلى اتفاقات ثنائية ومتعددة الأطراف تكون فعالة ويمكن التحقق منها، بغرض منع تسليح الفضاء الخارجي، وحدوث سباق تسلح في الفضاء الخارجي نتيجة لذلك،</p>
      </container>
      <container name="وإذ ترحب" eId="container_9">
        <p xml:space="preserve">
          <span class="bold italic">وإذ ترحب</span> في هذا الصدد بمشروع المعاهدة المتعلقة بمنع وضع الأسلحة في الفضاء الخارجي وحظر التهديد باستعمال القوة أو استعمالها ضد الأجسام الموجودة في الفضاء الخارجي الذي قدمه الاتحاد الروسي والصين في مؤتمر نزع السلاح في عام 2008<sup>(</sup><authorialNote marker="2" placement="bottom" eId="authorialNote_2"><p xml:space="preserve">	()	انظر <a href="https://undocs.org/ar/CD/1839">CD/1839</a>.</p></authorialNote><sup>)</sup>، كما ترحب بتقديم الصيغة المحدثة من المشروع في عام 2014<sup>(</sup><authorialNote marker="3" placement="bottom" eId="authorialNote_3"><p xml:space="preserve">	()	انظر <a href="https://undocs.org/ar/CD/1985">CD/1985</a>.</p></authorialNote><sup>)</sup>،</p>
      </container>
      <container name="وإذ تشدد" eId="container_10">
        <p xml:space="preserve">
          <span class="bold italic">وإذ تشدد</span> على أهمية البيانات السياسية التي أدلى بها عدد من الدول<sup>(</sup><authorialNote marker="4" placement="bottom" eId="authorialNote_4"><p xml:space="preserve">	()	الاتحاد الروسي والأرجنتين وأرمينيا وإكوادور وإندونيسيا وأوروغواي وأوزبكستان وباكستان والبرازيل وبوليفيا (دولة - المتعددة القوميات) وبيلاروس وسري لانكا وسورينام وطاجيكستان وغواتيمالا وفنزويلا (جمهورية - البوليفارية) وفييت نام وقيرغيزستان وكازاخستان وكمبوديا وكوبا ونيكاراغوا.</p></authorialNote><sup>)</sup> معلنة أنها لن تكون أول من يضع أسلحة في الفضاء الخارجي،</p>
      </container>
      <container name="وإذ تسلم" eId="container_11">
          <p xml:space="preserve">
            <span class="bold italic">	وإذ تسلم</span> بالدور والمسؤولية الرئيسيين لمؤتمر نزع السلاح في التفاوض بشأن اتفاق أو اتفاقات متعددة الأطراف بشأن منع حدوث سباق تسلح في الفضاء الخارجي،</p>
      </container>
      </preamble>
      <mainBody>
      <paragraph eId="para_12" class="SingleTxt">
        <content eId="para_12__content">
          <p xml:space="preserve">	1 -	<span class="bold italic">ترحب</span> بالمداولات التي أجراها في عامي 2018 و 2019 فريق الخبراء الحكوميين المعني باتخاذ تدابير عملية أخرى لمنع حدوث سباق تسلح في الفضاء الخارجي والمكلف بالنظر في عناصر هامة من صك دولي ملزم قانونا بشأن منع حدوث سباق تسلح في الفضاء الخارجي، بما في ذلك بشأن أمور منها منع وضع أسلحة في الفضاء الخارجي، وتقديم توصيات بشأن تلك العناصر؛</p>
        </content>
      </paragraph>
      <paragraph eId="para_13" class="SingleTxt">
        <content eId="para_13__content">
          <p xml:space="preserve">	2 -	<span class="bold italic">تشدد</span> على أن عمل فريق الخبراء الحكوميين شكل إسهاما هاما في الجهود الدولية لإبرام الصك الدولي الملزم قانونا المذكور أعلاه؛</p>
        </content>
      </paragraph>
      <paragraph eId="para_14" class="SingleTxt">
        <content eId="para_14__content">
          <p xml:space="preserve">	3 -	<span class="bold italic">توصي</span> بأن يؤخذ عمل فريق الخبراء الحكوميين في الاعتبار لدى البحث عن تدابير عملية أخرى لمنع حدوث سباق تسلح في الفضاء الخارجي، ولا سيما في سياق المفاوضات المقبلة في مؤتمر نزع السلاح بشأن وضع صك دولي ملزم قانونا في هذا الصدد؛</p>
        </content>
      </paragraph>
      <paragraph eId="para_15" class="SingleTxt">
        <content eId="para_15__content">
          <p xml:space="preserve">	4 -	<span class="bold italic">تطلب</span> إلى الرئيس السابق لفريق الخبراء الحكوميين تقديم تقرير إلى المحافل المتعددة الأطراف ذات الصلة، بما في ذلك اللجنة الأولى التابعة للجمعية العامة، ومؤتمر نزع السلاح وهيئة نزع السلاح ولجنة استخدام الفضاء الخارجي في الأغراض السلمية، عن العمل الذي اضطلع به الفريق؛</p>
        </content>
      </paragraph>
      <paragraph eId="para_16" class="SingleTxt">
        <content eId="para_16__content">
          <p xml:space="preserve">	5 -	<span class="bold italic">تحث</span> المجتمع الدولي على مواصلة جهوده الرامية إلى منع حدوث سباق تسلح، بما في ذلك وضع أسلحة، في الفضاء الخارجي، بغية صون السلام الدولي وتعزيز الأمن العالمي؛</p>
        </content>
      </paragraph>
      <paragraph eId="para_17" class="SingleTxt">
        <content eId="para_17__content">
          <p xml:space="preserve">	6 -	<span class="bold italic">تقرر</span> أن تدرج في جدول الأعمال المؤقت لدورتها الخامسة والسبعين، في إطار البند المعنون ”منع حدوث سباق تسلح في الفضاء الخارجي“، البند الفرعي المعنون ”تدابير عملية أخرى لمنع حدوث سباق تسلح في الفضاء الخارجي“.</p>
        </content>
      </paragraph>
    </mainBody>
    <conclusions eId="conclusions">
      <p>
        <inline name="adoptionMeeting" title="46">الجلسة العامة 46</inline>
        <eol />
        <docDate date="2019-12-12" refersTo="#adoptionDate">12 كانون الأول/ديسمبر 2019</docDate>
      </p>
    </conclusions>
  </statement>
</akomaNtoso>