<akomaNtoso xmlns:xsi="http://www.w3.org/2001/XMLSchema-instance" xsi:schemaLocation="http://docs.oasis-open.org/legaldocml/ns/akn/3.0 http://docs.oasis-open.org/legaldocml/akn-core/v1.0/os/part2-specs/schemas/akomantoso30.xsd" xmlns="http://docs.oasis-open.org/legaldocml/ns/akn/3.0" xmlns:html="http://www.w3.org/1999/xhtml" xmlns:akn4un="http://un.org/akn4un">
  <statement name="resolution">
    <meta>
      <identification source="#DGACM">
        <FRBRWork>
          <FRBRthis value="/akn/un/statement/deliberation/unga/2019-12-12/74-43/!main/"></FRBRthis>
          <FRBRuri value="/akn/un/statement/deliberation/unga/2019-12-12/74-43/"></FRBRuri>
          <FRBRdate date="2019-12-12" name="adoption"></FRBRdate>
          <FRBRauthor href="ga" as="author"></FRBRauthor>
          <FRBRcountry value="un"></FRBRcountry>
        </FRBRWork>
        <FRBRExpression>
          <FRBRthis value="/akn/un/statement/deliberation/unga/2019-12-12/74-43/ara@!main/"></FRBRthis>
          <FRBRuri value="/akn/un/statement/deliberation/unga/2019-12-12/74-43/ara@/"></FRBRuri>
          <FRBRdate date="2019-12-19" name="publication"></FRBRdate>
          <FRBRauthor href="ga" as="issuer"></FRBRauthor>
          <FRBRlanguage language="ara"></FRBRlanguage>
        </FRBRExpression>
        <FRBRManifestation>
          <FRBRthis value="/akn/un/statement/deliberation/unga/2019-12-12/74-43/ara@/!main.xml"></FRBRthis>
          <FRBRuri value="/akn/un/statement/deliberation/unga/2019-12-12/74-43/ara@.xml"></FRBRuri>
          <FRBRdate date="2020-09-01" name="markup"></FRBRdate>
          <FRBRauthor href="DGACM" as="editor"></FRBRauthor>
        </FRBRManifestation>
      </identification>
      <classification source="http://metadata.un.org/sdg">
        <keyword value="6" href="http://metadata.un.org/sdg/6" showAs="sdg_6" dictionary="SDGO"></keyword>
        <keyword value="water" href="http://eurovoc.europa.eu/597" showAs="water" dictionary="EuroVoc"></keyword>
        <keyword value="public_hygiene" href="http://eurovoc.europa.eu/3371" showAs="public_hygiene" dictionary="EuroVoc"></keyword>
        <keyword value="use_of_water" href="http://eurovoc.europa.eu/4628" showAs="use_of_water" dictionary="EuroVoc"></keyword>
        <keyword value="water" href="http://metadata.un.org/thesaurus/030500" showAs="water" dictionary="UNBIS Thesaurus"></keyword>
        <keyword value="sanitation" href="http://metadata.un.org/thesaurus/1005701" showAs="sanitation" dictionary="UNBIS Thesaurus"></keyword>
        <keyword value="water_management" href="http://metadata.un.org/thesaurus/1006948" showAs="water_management" dictionary="UNBIS Thesaurus"></keyword>
      </classification>
      <classification source="http://metadata.un.org/sdg">
        <keyword value="7" href="http://metadata.un.org/sdg/7" showAs="sdg_7" dictionary="SDGO"></keyword>
        <keyword value="66_energy" href="http://eurovoc.europa.eu/100159" showAs="66_energy" dictionary="EuroVoc"></keyword>
        <keyword value="energy_market" href="http://eurovoc.europa.eu/4886" showAs="energy_market" dictionary="EuroVoc"></keyword>
        <keyword value="sustainable_energy" href="http://metadata.un.org/thesaurus/1006320" showAs="sustainable_energy" dictionary="UNBIS Thesaurus"></keyword>
      </classification>
      <classification source="http://metadata.un.org/sdg">
        <keyword value="12" href="http://metadata.un.org/sdg/12" showAs="sdg_12" dictionary="SDGO"></keyword>
        <keyword value="consumption" href="http://eurovoc.europa.eu/139" showAs="consumption" dictionary="EuroVoc"></keyword>
        <keyword value="production" href="http://eurovoc.europa.eu/2707" showAs="production" dictionary="EuroVoc"></keyword>
        <keyword value="sustainable_consumption" href="http://metadata.un.org/thesaurus/1006318" showAs="sustainable_consumption" dictionary="UNBIS Thesaurus"></keyword>
        <keyword value="consumption" href="http://metadata.un.org/thesaurus/1001264" showAs="consumption" dictionary="UNBIS Thesaurus"></keyword>
        <keyword value="production" href="http://metadata.un.org/thesaurus/1005146" showAs="production" dictionary="UNBIS Thesaurus"></keyword>
      </classification>
      <classification source="http://metadata.un.org/sdg">
        <keyword value="5" href="http://metadata.un.org/sdg/5" showAs="sdg_5" dictionary="SDGO"></keyword>
        <keyword value="gender_equality" href="http://eurovoc.europa.eu/3913" showAs="gender_equality" dictionary="EuroVoc"></keyword>
        <keyword value="participation_of_women" href="http://eurovoc.europa.eu/2265" showAs="participation_of_women" dictionary="EuroVoc"></keyword>
        <keyword value="women&amp;#39;s_rights" href="http://eurovoc.europa.eu/585" showAs="women&amp;#39;s_rights" dictionary="EuroVoc"></keyword>
        <keyword value="position_of_women" href="http://eurovoc.europa.eu/81" showAs="position_of_women" dictionary="EuroVoc"></keyword>
        <keyword value="women" href="http://metadata.un.org/thesaurus/1007029" showAs="women" dictionary="UNBIS Thesaurus"></keyword>
        <keyword value="gender_equality" href="http://metadata.un.org/thesaurus/1002612" showAs="gender_equality" dictionary="UNBIS Thesaurus"></keyword>
        <keyword value="girls" href="http://metadata.un.org/thesaurus/1002684" showAs="girls" dictionary="UNBIS Thesaurus"></keyword>
      </classification>
      <workflow source="#un">
        <step date="2019-10-21" outcome="draftResolution" as="A/C.1/74/L.16" by="Angola, Argentina, Australia, Austria, Bangladesh, Belgium, Bosnia and Herzegovina, Bulgaria, Canada, Croatia, Cyprus, Czechia, Denmark, Eritrea, Estonia, Finland, France, Georgia, Germany, Greece, Guatemala, Hungary, Iceland, India, Iraq, Ireland, Italy, Latvia, Lithuania, Luxembourg, Malawi, Malta, Montenegro, Myanmar, Nepal, Netherlands, New Zealand, North Macedonia, Norway, Philippines, Poland, Portugal, Republic of Moldova, Romania, San Marino, Serbia, Singapore, Slovakia, Spain, Sweden, Thailand, United Kingdom of Great Britain and Northern Ireland and United States of America" />
        <step date="0001-01-01" outcome="draftResolutionAdditionalSponsors" by="Albania, Armenia, Azerbaijan, Benin, Bhutan, Burkina Faso, Democratic Republic of the Congo, Ghana, Guinea-Bissau, Haiti, Jamaica, Kazakhstan, Kyrgyzstan, Liechtenstein, Madagascar, Maldives, Mauritius, Monaco, Mongolia, Nigeria, Paraguay, Republic of Korea, Russian Federation, Samoa, Senegal, Slovenia, Sri Lanka, Togo, Tunisia, Turkey and Ukraine" />
        <step date="0001-01-01" outcome="recommendedForAdoption" as="A/74/368" by="" refersTo="89" />
        <step date="2019-12-12" outcome="adopted" as="A/74/PV.46" by="" />
      </workflow>
      <analysis source="#un">
        <parliamentary>
          <voting outcome="adoptedWithoutVote">
            <quorum value=""></quorum>
          </voting>
        </parliamentary>
      </analysis>
      <references source="#DGACM">
        <TLCOrganization eId="source" href="/akn/ontology/organization/un/DGACM" showAs="DGACM"></TLCOrganization>
        <TLCConcept eId="dateOfIssuance" href="/akn/ontology/concept/un/dateOfIssuance" showAs="Date of issuance"></TLCConcept>
        <TLCConcept eId="dateOfAdoption" href="/akn/ontology/concept/un/dateOfAdoption" showAs="Date of adoption"></TLCConcept>
        <TLCConcept eId="symbol" href="/akn/ontology/reference/un/symbol" showAs="Symbol"></TLCConcept>
        <TLCRole eId="publisher" href="/akn/ontology/role/un/publisher" showAs="Publisher"></TLCRole>
        <TLCRole eId="issuingBody" href="/akn/role/concept/un/issuingBody" showAs="Issuing body"></TLCRole>
        <TLCRole eId="author" href="/akn/ontology/role/un/author" showAs="Author"></TLCRole>
        <TLCRole eId="editor" href="/akn/ontology/role/un/editor" showAs="Editor"></TLCRole>
        <TLCRole eId="distribution" href="/akn/ontology/concept/un/generalDistribution" showAs="General distribution"></TLCRole>
        <TLCOrganization eId="ga" href="/akn/ontology/organization/un/generalAssembly" showAs="General Assembly"></TLCOrganization>
        <TLCTerm eId="resolutionTitle" href="/akn/ontology/reference/un/resolutionTitle" showAs="Resolution title"></TLCTerm>
        <TLCTerm eId="firstCommittee" href="#firstCommittee" showAs="اللجنة الأولى"></TLCTerm>
        <TLCTerm eId="memberState" href="/akn/ontology/organization/un/memberState" showAs="Member State"></TLCTerm>
        <TLCTerm eId="inFavour" href="/akn/ontology/concept/un/voting/inFavour" showAs="In favour"></TLCTerm>
        <TLCTerm eId="against" href="/akn/ontology/concept/un/voting/against" showAs="Against"></TLCTerm>
        <TLCTerm eId="abstaining" href="/akn/ontology/concept/un/voting/abstaining" showAs="Abstaining"></TLCTerm>
      </references>
      <presentation source="#un">
        <akn4un:footerFirstPage>
          <akn4un:footerFirstPageLeft>
            <akn4un:internalCode>
              <docketNumber refersTo="#publicationJobNumber"></docketNumber>
              <img alt="bar code" class="barCode" src=""></img>
            </akn4un:internalCode>
          </akn4un:footerFirstPageLeft>
          <akn4un:footerFirstPageRight>
            <img alt="Please recycle" class="image" src="./recylcleLogo.jpg"></img>
            <img alt="embedded QR code" class="qrCode" src=""></img>
          </akn4un:footerFirstPageRight>
        </akn4un:footerFirstPage>
      </presentation>
    </meta>
    <coverPage eId="coverPage_1">
      <p>
        <span refersTo="#publisher" class="upperLeft">
          <docAuthority refersTo="#publisher">الأمــم المتحـدة</docAuthority>
        </span>
      </p>
      <p class="upperRight">
        <docNumber refersTo="#symbol">A/RES/74/43</docNumber>
      </p>
      <p class="upperLeft">
        <img src="logo-un.jpg"></img>
        <docAuthority refersTo="#issuingBody" class="rightBig">الجمعية العامة</docAuthority>
      </p>
      <p>
        <docStatus refersTo="#generalDistribution" class="rightSmall">Distr.: General</docStatus>
      </p>
      <p>
        <docDate date="2019-12-19" class="rightSmall" refersTo="#dateOfIssuance">19 December 2019</docDate>
      </p>
      <p>
        <session refersTo="#generalAssembly" value="74" eId="coverPage_1__session_1">الدورة الرابعة والسبعون</session>
      </p>
      <p>
        <inline name="agenda item">البند 98 (ر) من جدول الأعمال</inline>
      </p>
      <p>
        <inline name="agenda item name">نزع السلاح العام الكامل: تدابير لمنع الإرهابيين من حيازة أسلحة الدمار الشامل</inline>
      </p>
      <p>
        <docTitle>قرار اتخذته الجمعية العامة في 12 كانون الأول/ديسمبر 2019</docTitle>
      </p>
      <p xml:space="preserve">
        <docProponent refersTo="#firstCommittee">[بناء على تقرير اللجنة الأولى (<inline name="originating document">A/74/368</inline>)]</docProponent>
      </p>
    </coverPage>
    <preface>
      <p>
        <docNumber>74/43.</docNumber>
        <docTitle refersTo="#resolutionTitle">-	تدابير لمنع الإرهابيين من حيازة أسلحة الدمار الشامل</docTitle>
      </p>
    </preface>
    <preamble>
      <formula name="enactingFormula" eId="formula_1">
        <p xml:space="preserve">
          <span class="bold italic">إن الجمعية العامة</span>،</p>
      </formula>
      <container name="إذ تشير" eId="container_2">
        <p xml:space="preserve">
          <span class="bold italic">إذ تشير</span> إلى قرارها <a href="https://undocs.org/ar/A/RES/73/55">73/55</a> المؤرخ 5 كانون الأول/ديسمبر 2018،</p>
      </container>
      <container name="وإذ تسلّم" eId="container_3">
          <p xml:space="preserve">
            <span class="bold italic">وإذ تسلّم</span> بتصميم المجتمع الدولي على مكافحة الإرهاب، كما يتضح من قرارات الجمعية العامة ومجلس الأمن ذات الصلة،</p>
      </container>
      <container name="وإذ يساورها بالغ القلق" eId="container_4">
        <p xml:space="preserve">
          <span class="bold italic">وإذ يساورها بالغ القلق</span> إزاء احتمال تعاظم الصلة بين الإرهاب وأسلحة الدمار الشامل، وعلى وجه الخصوص إزاء احتمال أن يسعى الإرهابيون إلى حيازة أسلحة الدمار الشامل،</p>
      </container>
      <container name="وإذ تدرك" eId="container_5">
        <p xml:space="preserve">
          <span class="bold italic">وإذ تدرك</span> أن الدول اتخذت خطوات لتنفيذ قرار مجلس الأمن <a href="https://undocs.org/ar/S/RES/1540 (2004)">1540 (2004)</a> المؤرخ 28 نيسان/أبريل 2004 بشأن عدم انتشار أسلحة الدمار الشامل،</p>
      </container>
      <container name="وإذ تحيط علما" eId="container_6">
        <p xml:space="preserve">
          <span class="bold italic">وإذ تحيط علما</span> بقرار مجلس الأمن <a href="https://undocs.org/ar/S/RES/2325 (2016)">2325 (2016)</a> المؤرخ 15 كانون الأول/ديسمبر 2016 بشأن عدم انتشار أسلحة الدمار الشامل،</p>
      </container>
      <container name="وإذ ترحب" eId="container_7">
        <p xml:space="preserve">
          <span class="bold italic">وإذ ترحب</span> ببدء نفاذ الاتفاقية الدولية لقمع أعمال الإرهاب النووي في 7 تموز/يوليه 2007<sup>(</sup><authorialNote marker="1" placement="bottom" eId="authorialNote_1"><p xml:space="preserve">	()	United Nations, <span class="italic">Treaty Series</span>, vol. 2445, No. 44004.</p></authorialNote><sup>)</sup>،</p>
      </container>
      <container name="وإذ ترحب أيضا" eId="container_8">
        <p xml:space="preserve">
          <span class="bold italic">وإذ ترحب أيضا</span> باعتماد الوكالة الدولية للطاقة الذرية بتوافق الآراء في 8 تموز/يوليه 2005 تعديلات تهدف إلى تعزيز اتفاقية الحماية المادية للمواد النووية<sup>(</sup><authorialNote marker="2" placement="bottom" eId="authorialNote_2"><p xml:space="preserve">	()	المرجع نفسه، المجلد 1456، الرقم 24631.</p></authorialNote><sup>)</sup>، وبدء نفاذها في 8 أيار/مايو 2016،</p>
      </container>
      <container name="وإذ تلاحظ" eId="container_9">
        <p xml:space="preserve">
          <span class="bold italic">وإذ تلاحظ</span> ما أعرب عنه في الوثيقة الختامية للمؤتمر السابع عشر لرؤساء دول أو حكومات بلدان عدم الانحياز الذي عقد في جزيرة مارغاريتا، جمهورية فنزويلا البوليفارية، في الفترة من 13 إلى 18 أيلول/سبتمبر 2016، من دعم لاتخاذ تدابير لمنع الإرهابيين من حيازة أسلحة الدمار الشامل،</p>
      </container>
      <container name="وإذ تلاحظ أيضا" eId="container_10">
        <p xml:space="preserve">
          <span class="bold italic">	وإذ تلاحظ أيضا</span> أن مجموعة البلدان الثمانية والاتحاد الأوروبي والمنتدى الإقليمي لرابطة أمم جنوب شرق آسيا وأطرافا أخرى قد تناولت في مداولاتها الأخطار التي يشكلها احتمال حيازة الإرهابيين لأسلحة الدمار الشامل وضرورة التعاون على الصعيد الدولي في التصدي لذلك، وأن الاتحاد الروسي والولايات المتحدة الأمريكية قد اشتركا معا في إعلان المبادرة العالمية لمكافحة الإرهاب النووي،</p>
      </container>
      <container name="وإذ تلاحظ كذلك" eId="container_11">
        <p xml:space="preserve">
          <span class="bold italic">وإذ تلاحظ كذلك</span> انعقاد مؤتمر القمة للأمن النووي في 12 و 13 نيسان/أبريل 2010 في واشنطن العاصمة، وفي 26 و 27 آذار/مارس 2012 في سول، وفي 24 و 25 آذار/مارس 2014 في لاهاي، وفي 31 آذار/مارس و 1 نيسان/أبريل 2016 في واشنطن العاصمة،</p>
      </container>
      <container name="وإذ تلاحظ" eId="container_12">
        <p xml:space="preserve">
          <span class="bold italic">وإذ تلاحظ</span> عقد الاجتماع الرفيع المستوى المتعلق بمكافحة الإرهاب النووي الذي جرى فيه التركيز على تعزيز الإطار القانوني، في نيويورك في 28 أيلول/سبتمبر 2012،</p>
      </container>
      <container name="وإذ تنوه" eId="container_13">
        <p xml:space="preserve">
          <span class="bold italic">	وإذ تنوه</span> بنظر المجلس الاستشاري لمسائل نزع السلاح في المسائل المتصلة بالإرهاب وأسلحة الدمار الشامل<sup>(</sup><authorialNote marker="3" placement="bottom" eId="authorialNote_3"><p xml:space="preserve">	()	انظر <a href="https://undocs.org/ar/A/59/361">A/59/361</a>.</p></authorialNote><sup>)</sup>،</p>
      </container>
      <container name="وإذ تحيط علما" eId="container_14">
        <p xml:space="preserve">
          <span class="bold italic">	وإذ تحيط علما</span> بقيام الوكالة الدولية للطاقة الذرية بعقد المؤتمر الدولي المعني بالأمن النووي: التزامات وإجراءات، في فيينا في كانون الأول/ديسمبر 2016 والمؤتمر الدولي الأول المعني بالأمن النووي: تعزيز الجهود العالمية، في فيينا في تموز/يوليه 2013، والقرارات ذات الصلة التي اتخذها المؤتمر العام للوكالة في دورته العادية الثانية والستين،</p>
      </container>
      <container name="وإذ تحيط علما أيضا" eId="container_15">
        <p xml:space="preserve">
          <span class="bold italic">وإذ تحيط علما أيضا</span> بمدونة قواعد السلوك المتعلقة بأمان المصادر المشعة وأمنها التي اعتمدها مجلس محافظي الوكالة الدولية للطاقة الذرية في 8 أيلول/سبتمبر 2003، وبالإرشادات التكميلية المتعلقة بالتصرف في المصادر المشعة المهملة التي وافق عليها مجلس محافظي الوكالة في 11 أيلول/سبتمبر 2017،</p>
      </container>
      <container name="وإذ تحيط علما كذلك" eId="container_16">
        <p xml:space="preserve">
          <span class="bold italic">وإذ تحيط علما كذلك</span> بالوثيقة الختامية لمؤتمر القمة العالمي لعام 2005 التي اعتمدت في الاجتماع العام الرفيع المستوى للجمعية العامة في 16 أيلول/سبتمبر 2005<sup>(</sup><authorialNote marker="4" placement="bottom" eId="authorialNote_4"><p xml:space="preserve">	()	القرار <a href="https://undocs.org/ar/A/RES/60/1">60/1</a>.</p></authorialNote><sup>)</sup> وباعتماد استراتيجية الأمم المتحدة العالمية لمكافحة الإرهاب<sup>(</sup><authorialNote marker="5" placement="bottom" eId="authorialNote_5"><p xml:space="preserve">	()	القرار <a href="https://undocs.org/ar/A/RES/60/288">60/288</a>.</p></authorialNote><sup>)</sup> في 8 أيلول/سبتمبر 2006،</p>
      </container>
      <container name="وإذ تحيط علما" eId="container_17">
        <p xml:space="preserve">
          <span class="bold italic">	وإذ تحيط علما</span> بتقرير الأمين العام المقدم عملا بالفقرة 5 من القرار 73/55<sup>(</sup><authorialNote marker="6" placement="bottom" eId="authorialNote_6"><p xml:space="preserve">	()	<a href="https://undocs.org/ar/A/74/140">A/74/140</a>.</p></authorialNote><sup>)</sup>،</p>
      </container>
      <container name="وإذ تضع في اعتبارها" eId="container_18">
        <p xml:space="preserve">
          <span class="bold italic">	وإذ تضع في اعتبارها</span> الضرورة الملحة للتصدي، في إطار الأمم المتحدة وعن طريق التعاون الدولي، لهذا الخطر الذي يهدد البشرية،</p>
      </container>
      <container name="وإذ تشدد" eId="container_19">
        <p xml:space="preserve">
          <span class="bold italic">وإذ تشدد</span> على أن هناك ضرورة ملحة لإحراز تقدم في مجال نزع السلاح وعدم الانتشار، سعيا إلى صون السلام والأمن الدوليين والمساهمة في الجهود العالمية لمكافحة الإرهاب،</p>
      </container>
    </preamble>
    <mainBody>
      <paragraph eId="para_20" class="MercuryDocument">
        <content eId="para_20__content">
          <p xml:space="preserve">	1 -	<span class="bold italic">تهيـب</span> بجميع الدول الأعضاء أن تدعم الجهود الدولية لمنع الإرهابيين من حيازة أسلحة الدمار الشامل ووسائل إيصالها؛</p>
        </content>
      </paragraph>
      <paragraph eId="para_21" class="MercuryDocument">
        <content eId="para_21__content">
          <p xml:space="preserve">	2 -	<span class="bold italic">تناشد</span> جميع الدول الأعضاء أن تنظر في الانضمام إلى الاتفاقية الدولية لقمع أعمال الإرهاب النووي والتصديق عليها في أقرب وقت ممكن<sup>(1)</sup>، وتشجع الدول الأطراف في هذه الاتفاقية على استعراض تنفيذها؛</p>
        </content>
      </paragraph>
      <paragraph eId="para_22" class="MercuryDocument">
        <content eId="para_22__content">
          <p xml:space="preserve">	3 -	<span class="bold italic">تحث</span> جميع الدول الأعضاء على اتخاذ تدابير وطنية وتعزيزها، حسب الاقتضاء، لمنع الإرهابيين من حيازة أسلحة الدمار الشامل ووسائل إيصالها والمواد والتكنولوجيات المتصلة بتصنيعها؛</p>
        </content>
      </paragraph>
      <paragraph eId="para_23" class="MercuryDocument">
        <content eId="para_23__content">
          <p xml:space="preserve">	4 -	<span class="bold italic">تشجع</span> التعاون فيما بين الدول الأعضاء وبين الدول الأعضاء والمنظمات الإقليمية والدولية المعنية لتعزيز القدرات الوطنية في هذا الصدد؛</p>
        </content>
      </paragraph>
      <paragraph eId="para_24" class="MercuryDocument">
        <content eId="para_24__content">
          <p xml:space="preserve">	5 -	<span class="bold italic">تطلب</span> إلى الأمين العام أن يعد تقريرا عن التدابير التي اتخذتها المنظمات الدولية بشأن المسائل المتعلقة بالصلة بين مكافحة الإرهاب وانتشار أسلحة الدمار الشامل، وأن يلتمس آراء الدول الأعضاء بشأن اتخاذ تدابير إضافية وثيقة الصلة بالموضوع، بما في ذلك التدابير الوطنية، للتصدي للخطر العالمي الذي تشكله حيازة الإرهابيين لأسلحة الدمار الشامل، وأن يقدم تقريرا إلى الجمعية العامة في دورتها الخامسة والسبعين؛</p>
        </content>
      </paragraph>
      <paragraph eId="para_25" class="SingleTxt">
        <content eId="para_25__content">
          <p xml:space="preserve">	6 -	<span class="bold italic">تقرر</span> أن تدرج في جدول الأعمال المؤقت لدورتها الخامسة والسبعين البند الفرعي المعنون ”تدابير لمنع الإرهابيين من حيازة أسلحة الدمار الشامل“ في إطار البند المعنون ”نزع السلاح العام الكامل“.</p>
        </content>
      </paragraph>
    </mainBody>
    <conclusions eId="conclusions">
      <p>
        <inline name="adoptionMeeting" title="46">الجلسة العامة 46</inline>
        <eol />
        <docDate date="2019-12-12" refersTo="#adoptionDate">12 كانون الأول/ديسمبر 2019</docDate>
      </p>
    </conclusions>
  </statement>
</akomaNtoso>