<akomaNtoso xmlns:xsi="http://www.w3.org/2001/XMLSchema-instance" xsi:schemaLocation="http://docs.oasis-open.org/legaldocml/ns/akn/3.0 http://docs.oasis-open.org/legaldocml/akn-core/v1.0/os/part2-specs/schemas/akomantoso30.xsd" xmlns="http://docs.oasis-open.org/legaldocml/ns/akn/3.0" xmlns:html="http://www.w3.org/1999/xhtml" xmlns:akn4un="http://un.org/akn4un">
  <statement name="resolution">
    <meta>
      <identification source="#DGACM">
        <FRBRWork>
          <FRBRthis value="/akn/un/statement/deliberation/unga/2019-12-12/74-51/!main/"></FRBRthis>
          <FRBRuri value="/akn/un/statement/deliberation/unga/2019-12-12/74-51/"></FRBRuri>
          <FRBRdate date="2019-12-12" name="adoption"></FRBRdate>
          <FRBRauthor href="ga" as="author"></FRBRauthor>
          <FRBRcountry value="un"></FRBRcountry>
        </FRBRWork>
        <FRBRExpression>
          <FRBRthis value="/akn/un/statement/deliberation/unga/2019-12-12/74-51/ara@!main/"></FRBRthis>
          <FRBRuri value="/akn/un/statement/deliberation/unga/2019-12-12/74-51/ara@/"></FRBRuri>
          <FRBRdate date="2019-12-19" name="publication"></FRBRdate>
          <FRBRauthor href="ga" as="issuer"></FRBRauthor>
          <FRBRlanguage language="ara"></FRBRlanguage>
        </FRBRExpression>
        <FRBRManifestation>
          <FRBRthis value="/akn/un/statement/deliberation/unga/2019-12-12/74-51/ara@/!main.xml"></FRBRthis>
          <FRBRuri value="/akn/un/statement/deliberation/unga/2019-12-12/74-51/ara@.xml"></FRBRuri>
          <FRBRdate date="2020-09-01" name="markup"></FRBRdate>
          <FRBRauthor href="DGACM" as="editor"></FRBRauthor>
        </FRBRManifestation>
      </identification>
      <classification source="http://metadata.un.org/sdg">
        <keyword value="16" href="http://metadata.un.org/sdg/16" showAs="sdg_16" dictionary="SDGO"></keyword>
        <keyword value="right_to_justice" href="http://eurovoc.europa.eu/516" showAs="right_to_justice" dictionary="EuroVoc"></keyword>
        <keyword value="sustainable_development" href="http://eurovoc.europa.eu/5585" showAs="sustainable_development" dictionary="EuroVoc"></keyword>
        <keyword value="civil_society" href="http://metadata.un.org/thesaurus/1001012" showAs="civil_society" dictionary="UNBIS Thesaurus"></keyword>
        <keyword value="justice" href="http://metadata.un.org/thesaurus/1003500" showAs="justice" dictionary="UNBIS Thesaurus"></keyword>
        <keyword value="peaceful_coexistence" href="http://metadata.un.org/thesaurus/1004777" showAs="peaceful_coexistence" dictionary="UNBIS Thesaurus"></keyword>
        <keyword value="public_institutions" href="http://metadata.un.org/thesaurus/1005254" showAs="public_institutions" dictionary="UNBIS Thesaurus"></keyword>
        <keyword value="social_justice" href="http://metadata.un.org/thesaurus/1005970" showAs="social_justice" dictionary="UNBIS Thesaurus"></keyword>
        <keyword value="sustainable_development" href="http://metadata.un.org/thesaurus/1006319" showAs="sustainable_development" dictionary="UNBIS Thesaurus"></keyword>
      </classification>
      <classification source="http://metadata.un.org/sdg">
        <keyword value="17" href="http://metadata.un.org/sdg/17" showAs="sdg_17" dictionary="SDGO"></keyword>
        <keyword value="sustainable_development" href="http://eurovoc.europa.eu/5585" showAs="sustainable_development" dictionary="EuroVoc"></keyword>
        <keyword value="partnership" href="http://eurovoc.europa.eu/4199" showAs="partnership" dictionary="EuroVoc"></keyword>
        <keyword value="sustainable_development" href="http://metadata.un.org/thesaurus/1006319" showAs="sustainable_development" dictionary="UNBIS Thesaurus"></keyword>
        <keyword value="partnership" href="http://metadata.un.org/thesaurus/1004748" showAs="partnership" dictionary="UNBIS Thesaurus"></keyword>
      </classification>
      <classification source="http://metadata.un.org/sdg">
        <keyword value="2" href="http://metadata.un.org/sdg/2" showAs="sdg_2" dictionary="SDGO"></keyword>
        <keyword value="food_shortage" href="http://eurovoc.europa.eu/2318" showAs="food_shortage" dictionary="EuroVoc"></keyword>
        <keyword value="sustainable_agriculture" href="http://eurovoc.europa.eu/6308" showAs="sustainable_agriculture" dictionary="EuroVoc"></keyword>
        <keyword value="food_security" href="http://eurovoc.europa.eu/c_4523e1dd" showAs="food_security" dictionary="EuroVoc"></keyword>
        <keyword value="food_security" href="http://metadata.un.org/thesaurus/1002439" showAs="food_security" dictionary="UNBIS Thesaurus"></keyword>
        <keyword value="food_shortage" href="http://metadata.un.org/thesaurus/1002440" showAs="food_shortage" dictionary="UNBIS Thesaurus"></keyword>
        <keyword value="hunger" href="http://metadata.un.org/thesaurus/1003004" showAs="hunger" dictionary="UNBIS Thesaurus"></keyword>
        <keyword value="sustainable_agriculture" href="http://metadata.un.org/thesaurus/1006317" showAs="sustainable_agriculture" dictionary="UNBIS Thesaurus"></keyword>
      </classification>
      <workflow source="#un">
        <step date="2019-10-21" outcome="draftResolution" as="A/C.1/74/L.27" by="Angola, Australia, Austria, Belgium, Bosnia and Herzegovina, Bulgaria, Croatia, Cyprus, Czechia, Democratic Republic of the Congo, Denmark, Estonia, Finland, France, Georgia, Germany, Greece, Hungary, Iceland, Ireland, Italy, Kenya, Latvia, Lithuania, Luxembourg, Malawi, Mali (on behalf of the States Members of the United Nations that are members of the members of the Economic Community of West African States), Malta,  Montenegro, Netherlands, New Zealand, Norway, Poland, Portugal, Republic of  Moldova, Romania, San Marino, Serbia, Slovakia, Spain, Sweden, Thailand  and Uganda" />
        <step date="0001-01-01" outcome="draftResolutionAdditionalSponsors" by="Albania, Andorra, Antigua and Barbuda, Botswana, Canada, Central African Republic, Colombia, Djibouti, Guatemala, Kyrgyzstan, Madagascar, Maldives, Monaco, Morocco, Mozambique,  North Macedonia, Papua New Guinea, Samoa, Slovenia, Tunisia, Turkey, United Kingdom and Uruguay" />
        <step date="0001-01-01" outcome="recommendedForAdoption" as="A/74/368" by="" refersTo="89" />
        <step date="2019-12-12" outcome="adopted" as="A/74/PV.46" by="" />
      </workflow>
      <analysis source="#un">
        <parliamentary>
          <voting outcome="adoptedWithoutVote">
            <quorum value=""></quorum>
          </voting>
        </parliamentary>
      </analysis>
      <references source="#DGACM">
        <TLCOrganization eId="source" href="/akn/ontology/organization/un/DGACM" showAs="DGACM"></TLCOrganization>
        <TLCConcept eId="dateOfIssuance" href="/akn/ontology/concept/un/dateOfIssuance" showAs="Date of issuance"></TLCConcept>
        <TLCConcept eId="dateOfAdoption" href="/akn/ontology/concept/un/dateOfAdoption" showAs="Date of adoption"></TLCConcept>
        <TLCConcept eId="symbol" href="/akn/ontology/reference/un/symbol" showAs="Symbol"></TLCConcept>
        <TLCRole eId="publisher" href="/akn/ontology/role/un/publisher" showAs="Publisher"></TLCRole>
        <TLCRole eId="issuingBody" href="/akn/role/concept/un/issuingBody" showAs="Issuing body"></TLCRole>
        <TLCRole eId="author" href="/akn/ontology/role/un/author" showAs="Author"></TLCRole>
        <TLCRole eId="editor" href="/akn/ontology/role/un/editor" showAs="Editor"></TLCRole>
        <TLCRole eId="distribution" href="/akn/ontology/concept/un/generalDistribution" showAs="General distribution"></TLCRole>
        <TLCOrganization eId="ga" href="/akn/ontology/organization/un/generalAssembly" showAs="General Assembly"></TLCOrganization>
        <TLCTerm eId="resolutionTitle" href="/akn/ontology/reference/un/resolutionTitle" showAs="Resolution title"></TLCTerm>
        <TLCTerm eId="firstCommittee" href="#firstCommittee" showAs="اللجنة الأولى"></TLCTerm>
        <TLCTerm eId="memberState" href="/akn/ontology/organization/un/memberState" showAs="Member State"></TLCTerm>
        <TLCTerm eId="inFavour" href="/akn/ontology/concept/un/voting/inFavour" showAs="In favour"></TLCTerm>
        <TLCTerm eId="against" href="/akn/ontology/concept/un/voting/against" showAs="Against"></TLCTerm>
        <TLCTerm eId="abstaining" href="/akn/ontology/concept/un/voting/abstaining" showAs="Abstaining"></TLCTerm>
      </references>
      <presentation source="#un">
        <akn4un:footerFirstPage>
          <akn4un:footerFirstPageLeft>
            <akn4un:internalCode>
              <docketNumber refersTo="#publicationJobNumber"></docketNumber>
              <img alt="bar code" class="barCode" src=""></img>
            </akn4un:internalCode>
          </akn4un:footerFirstPageLeft>
          <akn4un:footerFirstPageRight>
            <img alt="Please recycle" class="image" src="./recylcleLogo.jpg"></img>
            <img alt="embedded QR code" class="qrCode" src=""></img>
          </akn4un:footerFirstPageRight>
        </akn4un:footerFirstPage>
      </presentation>
    </meta>
    <coverPage eId="coverPage_1">
      <p>
        <span refersTo="#publisher" class="upperLeft">
          <docAuthority refersTo="#publisher">الأمــم المتحـدة</docAuthority>
        </span>
      </p>
      <p class="upperRight">
        <docNumber refersTo="#symbol">A/RES/74/51</docNumber>
      </p>
      <p class="upperLeft">
        <img src="logo-un.jpg"></img>
        <docAuthority refersTo="#issuingBody" class="rightBig">الجمعية العامة</docAuthority>
      </p>
      <p>
        <docStatus refersTo="#generalDistribution" class="rightSmall">Distr.: General</docStatus>
      </p>
      <p>
        <docDate date="2019-12-19" class="rightSmall" refersTo="#dateOfIssuance">19 December 2019</docDate>
      </p>
      <p>
        <session refersTo="#generalAssembly" value="74" eId="coverPage_1__session_1">الدورة الرابعة والسبعون</session>
      </p>
      <p>
        <inline name="agenda item">البند 98 (س) من جدول الأعمال</inline>
      </p>
      <p>
        <inline name="agenda item name">نزع السلاح العام الكامل: تقديم المساعدة إلى الدول من أجل كبح الاتجار غير المشروع بالأسلحة الصغيرة والأسلحة الخفيفة وجمعها</inline>
      </p>
      <p>
        <docTitle>قرار اتخذته الجمعية العامة في 12 كانون الأول/ديسمبر 2019</docTitle>
      </p>
      <p xml:space="preserve">
        <docProponent refersTo="#firstCommittee">[بناء على تقرير اللجنة الأولى (<inline name="originating document">A/74/368</inline>)]</docProponent>
      </p>
    </coverPage>
    <preface>
      <p>
        <docNumber>74/51.</docNumber>
        <docTitle refersTo="#resolutionTitle">-	تقديم المساعدة إلى الدول من أجل كبح الاتجار غير المشروع بالأسلحة الصغيرة والأسلحة الخفيفة وجمعها</docTitle>
      </p>
    </preface>
    <preamble>
      <formula name="enactingFormula" eId="formula_1">
        <p xml:space="preserve">
          <span class="bold italic">إن الجمعية العامة</span>،</p>
      </formula>
      <container name="إذ تشير" eId="container_2">
        <p xml:space="preserve">
          <span class="bold italic">	إذ تشير</span> إلى قرارها <a href="https://undocs.org/ar/A/RES/73/52">73/52</a> المؤرخ 5 كانون الأول/ديسمبر 2018،</p>
      </container>
      <container name="وإذ يساورها بالغ القلق" eId="container_3">
        <p xml:space="preserve">
          <span class="bold italic">وإذ يساورها بالغ القلق</span> إزاء فداحة ما يخلِّفه انتشار الأسلحة الصغيرة والأسلحة الخفيفة واستخدامها بصورة غير مشروعة من ضحايا ومعاناة إنسانية، وبخاصة بين الأطفال،</p>
      </container>
      <container name="وإذ يساورها القلق" eId="container_4">
        <p xml:space="preserve">
          <span class="bold italic">وإذ يساورها القلق</span> من أن انتشار تلك الأسلحة واستخدامها بصورة غير مشروعة ما زالا يؤثران سلبا في جهود الدول في منطقة الساحل والصحراء دون الإقليمية في مجالات القضاء على الفقر وتحقيق التنمية المستدامة وصون السلام والأمن والاستقرار،</p>
      </container>
      <container name="وإذ تضع في اعتبارها" eId="container_5">
        <p xml:space="preserve">
          <span class="bold italic">وإذ تضع في اعتبارها</span> إعلان باماكو المتعلق بالموقف الأفريقي المشترك بشأن انتشار الأسلحة الصغيرة والأسلحة الخفيفة وتداولها والاتجار بها بصورة غير مشروعة الذي اعتمد في باماكو في 1 كانون الأول/ديسمبر 2000<sup>(</sup><authorialNote marker="1" placement="bottom" eId="authorialNote_1"><p xml:space="preserve">	()	<a href="https://undocs.org/ar/A/CONF.192/PC/23">A/CONF.192/PC/23</a>، المرفق.</p></authorialNote><sup>)</sup>،</p>
      </container>
      <container name="وإذ تشير" eId="container_6">
        <p xml:space="preserve">
          <span class="bold italic">وإذ تشير</span> إلى تقرير الأمين العام المعنون ”في جو من الحرية أفسح: صوب تحقيق التنمية والأمن وحقوق الإنسان للجميع“<sup>(</sup><authorialNote marker="2" placement="bottom" eId="authorialNote_2"><p xml:space="preserve">	()	<a href="https://undocs.org/ar/A/59/2005">A/59/2005</a>.</p></authorialNote><sup>)</sup> الذي أكد فيه أن على الدول أن تسعى جاهدة إلى القضاء على خطر الأسلحة الصغيرة والأسلحة الخفيفة بمقدار سعيها إلى القضاء على خطر أسلحة الدمار الشامل،</p>
      </container>
      <container name="وإذ تشير أيضا" eId="container_7">
        <p xml:space="preserve">
          <span class="bold italic">وإذ تشير أيضا</span> إلى الصك الدولي لتمكين الدول من التعرف على الأسلحة الصغيرة والأسلحة الخفيفة غير المشروعة وتعقبها في الوقت المناسب وبطريقة يعول عليها الذي اعتمد في 8 كانون الأول/ ديسمبر 2005<sup>(</sup><authorialNote marker="3" placement="bottom" eId="authorialNote_3"><p xml:space="preserve">	()	انظر المقرر 60/519 و <a href="https://undocs.org/ar/A/60/88">A/60/88</a> و <a href="https://undocs.org/ar/A/60/88/Corr.2">A/60/88/Corr.2</a>، المرفق.</p></authorialNote><sup>)</sup>،</p>
      </container>
      <container name="وإذ تشير كذلك" eId="container_8">
        <p xml:space="preserve">
          <span class="bold italic">وإذ تشير كذلك</span> إلى الدعم الذي أعرب عنه في الوثيقة الختامية لمؤتمر القمة العالمي لعام 2005 لتنفيذ برنامج العمل المتعلق بمنع الاتجار غير المشروع بالأسلحة الصغيرة والأسلحة الخفيفة من جميع جوانبه ومكافحته والقضاء عليه<sup>(</sup><authorialNote marker="4" placement="bottom" eId="authorialNote_4"><p xml:space="preserve">	()	القرار <a href="https://undocs.org/ar/A/RES/60/1">60/1</a>، الفقرة 94.</p></authorialNote><sup>)</sup>،</p>
      </container>
      <container name="وإذ تشير" eId="container_9">
        <p xml:space="preserve">
          <span class="bold italic">وإذ تشير</span> إلى اعتماد الاتفاقية المتعلقة بالأسلحة الصغيرة والأسلحة الخفيفة وذخائرها والمواد الأخرى ذات الصلة في 14 حزيران/يونيه 2006 في أبوجا في مؤتمر القمة العادي الثلاثين للجماعة الاقتصادية لدول غرب أفريقيا لتحل محل الوقف الاختياري لاستيراد الأسلحة الصغيرة والأسلحة الخفيفة وتصديرها وتصنيعها في غرب أفريقيا،</p>
      </container>
      <container name="وإذ تشير أيضا" eId="container_10">
        <p xml:space="preserve">
          <span class="bold italic">وإذ تشير أيضا</span> إلى بدء نفاذ الاتفاقية في 29 أيلول/سبتمبر 2009،</p>
      </container>
      <container name="وإذ تشير كذلك" eId="container_11">
        <p xml:space="preserve">
          <span class="bold italic">وإذ تشير كذلك</span> إلى قرار الجماعة الاقتصادية إنشاء الوحدة المعنية بالأسلحة الصغيرة التي تتولى التوصية بسياسات مناسبة ووضع البرامج وتنفيذها وإلى وضع برنامج الجماعة الاقتصادية لمراقبة الأسلحة الصغيرة الذي بدأ العمل به في 6 حزيران/يونيه 2006 في باماكو ليحل محل برنامج التنسيق والمساعدة من أجل الأمن والتنمية،</p>
      </container>
      <container name="وإذ تحيط علما" eId="container_12">
        <p xml:space="preserve">
          <span class="bold italic">وإذ تحيط علما</span> بالتقرير الأخير للأمين العام عن الاتجار غير المشروع بالأسلحة الصغيرة والأسلحة الخفيفة من جميع جوانبه وتقديم المساعدة إلى الدول من أجل كبح الاتجار غير المشروع بالأسلحة الصغيرة والأسلحة الخفيفة وجمعها<sup>(</sup><authorialNote marker="5" placement="bottom" eId="authorialNote_5"><p xml:space="preserve">	()	<a href="https://undocs.org/ar/A/74/187">A/74/187</a>.</p></authorialNote><sup>)</sup>،</p>
      </container>
      <container name="وإذ تشير" eId="container_13">
        <p xml:space="preserve">
          <span class="bold italic">وإذ تشير</span> في هذا الصدد إلى قرار الاتحاد الأوروبي تقديم دعم كبير للجماعة الاقتصادية في الجهود التي تبذلها لمكافحة انتشار الأسلحة الصغيرة والأسلحة الخفيفة بصورة غير مشروعة،</p>
      </container>
      <container name="وإذ تسلّم" eId="container_14">
          <p xml:space="preserve">
            <span class="bold italic">وإذ تسلّم</span> بالدور الهام الذي تسهم بـه منظمات المجتمع المدني، عن طريق توعية الجمهور، في الجهود المبذولة لكبح الاتجار غير المشروع بالأسلحة الصغيرة والأسلحة الخفيفة،</p>
      </container>
      <container name="وإذ تشير" eId="container_15">
        <p xml:space="preserve">
          <span class="bold italic">وإذ تشير</span> إلى تقرير الاجتماع السادس من الاجتماعات التي تعقدها الدول مرة كل سنتين للنظر في تنفيذ برنامج العمل المتعلق بمنع الاتجار غير المشروع بالأسلحة الصغيرة والأسلحة الخفيفة من جميع جوانبه ومكافحته والقضاء عليه الذي عقد في نيويورك في الفترة من 6 إلى 10 حزيران/يونيه 2016<sup>(</sup><authorialNote marker="6" placement="bottom" eId="authorialNote_6"><p xml:space="preserve">	()	<a href="https://undocs.org/ar/A/CONF.192/BMS/2016/2">A/CONF.192/BMS/2016/2</a>.</p></authorialNote><sup>)</sup>،</p>
      </container>
      <container name="وإذ تشير أيضا" eId="container_16">
        <p xml:space="preserve">
          <span class="bold italic">	وإذ تشير أيضا</span> إلى تقرير مؤتمر الأمم المتحدة الثالث لاستعراض التقدم المحرز في تنفيذ برنامج العمل المتعلق بمنع الاتجار غير المشروع بالأسلحة الصغيرة والأسلحة الخفيفة من جميع جوانبه ومكافحته والقضاء عليه المعقود في نيويورك في الفترة من 18 إلى 29 حزيران/يونيه 2018<sup>(</sup><authorialNote marker="7" placement="bottom" eId="authorialNote_7"><p xml:space="preserve">	()	<a href="https://undocs.org/ar/A/CONF.192/2018/RC/3">A/CONF.192/2018/RC/3</a>.</p></authorialNote><sup>)</sup>،</p>
      </container>
      <container name="وإذ ترحب" eId="container_17">
        <p xml:space="preserve">
          <span class="bold italic">	وإذ ترحب</span> بإدراج الأسلحة الصغيرة والأسلحة الخفيفة في نطاق معاهدة تجارة الأسلحة<sup>(</sup><authorialNote marker="8" placement="bottom" eId="authorialNote_8"><p xml:space="preserve">	()	انظر القرار <a href="https://undocs.org/ar/A/RES/67/324">67/324</a> باء.</p></authorialNote><sup>)</sup> وبإدراج المساعدة الدولية في أحكامها،</p>
      </container>
    </preamble>
    <mainBody>
      <paragraph eId="para_18" class="MercuryDocument">
        <content eId="para_18__content">
          <p xml:space="preserve">	1 -	<span class="bold italic">تثني</span> على الأمم المتحدة والمنظمات الدولية والإقليمية وغيرها من المنظمات لما تقدمه من مساعدة للدول بهدف كبح الاتجار غير المشروع بالأسلحة الصغيرة والأسلحة الخفيفة وجمعها؛</p>
        </content>
      </paragraph>
      <paragraph eId="para_19" class="MercuryDocument">
        <content eId="para_19__content">
          <p xml:space="preserve">	2 -	<span class="bold italic">تشجع</span> الأمين العام على مواصلة ما يبذله من جهود في سياق تنفيذ قرار الجمعية العامة <a href="https://undocs.org/ar/A/RES/49/75">49/75</a> زاي المؤرخ 15 كانون الأول/ديسمبر 1994، وفي سياق توصيات البعثات الاستشارية الموفدة من الأمم المتحدة، بهدف كبح التداول غير المشروع للأسلحة الصغيرة والأسلحة الخفيفة وجمعها في الدول المتضررة التي تطلب ذلك، بدعم من مركز الأمم المتحدة الإقليمي للسلام ونزع السلاح في أفريقيا وبالتعاون الوثيق مع الاتحاد الأفريقي؛</p>
        </content>
      </paragraph>
      <paragraph eId="para_20" class="MercuryDocument">
        <content eId="para_20__content">
          <p xml:space="preserve">	3 -	<span class="bold italic">تشجع</span> المجتمع الدولي على دعم تنفيذ اتفاقية الجماعة الاقتصادية لدول غرب أفريقيا المتعلقة بالأسلحة الصغيرة والأسلحة الخفيفة وذخائرها والمواد الأخرى ذات الصلة؛</p>
        </content>
      </paragraph>
      <paragraph eId="para_21" class="MercuryDocument">
        <content eId="para_21__content">
          <p xml:space="preserve">	4 -	<span class="bold italic">تشجع</span> بلدان منطقة الساحل والصحراء دون الإقليمية على تسهيل سير عمل اللجان الوطنية بفعالية من أجل مكافحة الانتشار غير المشروع للأسلحة الصغيرة والأسلحة الخفيفة، وتدعو في هذا الصدد المجتمع الدولي إلى تقديم دعمه حيثما أمكن ذلك؛</p>
        </content>
      </paragraph>
      <paragraph eId="para_22" class="MercuryDocument">
        <content eId="para_22__content">
          <p xml:space="preserve">	5 -	<span class="bold italic">تشجع</span> تعاون منظمات ورابطات المجتمع المدني مع اللجان الوطنية فيما تبذله من جهود لمكافحة الاتجار غير المشروع بالأسلحة الصغيرة والأسلحة الخفيفة، وفي تنفيذ برنامج العمل المتعلق بمنع الاتجار غير المشروع بالأسلحة الصغيرة والأسلحة الخفيفة بجميع جوانبه ومكافحته والقضاء عليه<sup>(</sup><authorialNote marker="9" placement="bottom" eId="authorialNote_9"><p xml:space="preserve">	()	<span class="italic">تقرير مؤتمر الأمم المتحدة المعني بالاتجار غير المشروع بالأسلحة الصغيرة والأسلحة الخفيفة من جميع جوانبه، نيويورك، 9-20 تموز/يوليه 2001</span> (<a href="https://undocs.org/ar/A/CONF.192/15">A/CONF.192/15</a>)، الفصل الرابع، الفقرة 24.</p></authorialNote><sup>)</sup>؛</p>
        </content>
      </paragraph>
      <paragraph eId="para_23" class="MercuryDocument">
        <content eId="para_23__content">
          <p xml:space="preserve">	6 -	<span class="bold italic">تشجع</span> التعاون بين الهيئات الحكومية والمنظمات الدولية والمجتمع المدني لدعم البرامج والمشاريع الرامية إلى مكافحة الاتجار غير المشروع بالأسلحة الصغيرة والأسلحة الخفيفة وجمعها؛</p>
        </content>
      </paragraph>
      <paragraph eId="para_24" class="MercuryDocument">
        <content eId="para_24__content">
          <p xml:space="preserve">	7 -	<span class="bold italic">تهيب</span> بالمجتمع الدولي أن يقدم الدعم التقني والمالي لتعزيز قدرة منظمات المجتمع المدني على اتخاذ الإجراءات اللازمة للمساعدة في مكافحة الاتجار غير المشروع بالأسلحة الصغيرة والأسلحة الخفيفة؛</p>
        </content>
      </paragraph>
      <paragraph eId="para_25" class="MercuryDocument">
        <content eId="para_25__content">
          <p xml:space="preserve">	8 -	<span class="bold italic">تدعو</span> الأمين العام والدول والمنظمات التي بوسعها مواصلة تقديم المساعدة إلى الدول بغرض كبح الاتجار غير المشروع بالأسلحة الصغيرة والأسلحة الخفيفة وجمعها إلى القيام بذلك؛</p>
        </content>
      </paragraph>
      <paragraph eId="para_26" class="MercuryDocument">
        <content eId="para_26__content">
          <p xml:space="preserve">	9 -	<span class="bold italic">تطلب</span> إلى الأمين العام أن يواصل النظر في المسألة وأن يقدم إلى الجمعية العامة في دورتها الخامسة والسبعين تقريرا عن تنفيذ هذا القرار؛</p>
        </content>
      </paragraph>
      <paragraph eId="para_27" class="SingleTxt">
        <content eId="para_27__content">
          <p xml:space="preserve">	10 -	<span class="bold italic">تقرر </span>أن تدرج في جدول الأعمال المؤقت لدورتها الخامسة والسبعين البند الفرعي المعنون ”تقديم المساعدة إلى الدول من أجل كبح الاتجار غير المشروع بالأسلحة الصغيرة والأسلحة الخفيفة وجمعها“ في إطار البند المعنون ”نزع السلاح العام الكامل“.</p>
        </content>
      </paragraph>
    </mainBody>
    <conclusions eId="conclusions">
      <p>
        <inline name="adoptionMeeting" title="46">الجلسة العامة 46</inline>
        <eol />
        <docDate date="2019-12-12" refersTo="#adoptionDate">12 كانون الأول/ديسمبر 2019</docDate>
      </p>
    </conclusions>
  </statement>
</akomaNtoso>