<akomaNtoso xmlns:xsi="http://www.w3.org/2001/XMLSchema-instance" xsi:schemaLocation="http://docs.oasis-open.org/legaldocml/ns/akn/3.0 http://docs.oasis-open.org/legaldocml/akn-core/v1.0/os/part2-specs/schemas/akomantoso30.xsd" xmlns="http://docs.oasis-open.org/legaldocml/ns/akn/3.0" xmlns:html="http://www.w3.org/1999/xhtml" xmlns:akn4un="http://un.org/akn4un">
  <statement name="resolution">
    <meta>
      <identification source="#DGACM">
        <FRBRWork>
          <FRBRthis value="/akn/un/statement/deliberation/unga/2019-12-12/74-52/!main/"></FRBRthis>
          <FRBRuri value="/akn/un/statement/deliberation/unga/2019-12-12/74-52/"></FRBRuri>
          <FRBRdate date="2019-12-12" name="adoption"></FRBRdate>
          <FRBRauthor href="ga" as="author"></FRBRauthor>
          <FRBRcountry value="un"></FRBRcountry>
        </FRBRWork>
        <FRBRExpression>
          <FRBRthis value="/akn/un/statement/deliberation/unga/2019-12-12/74-52/ara@!main/"></FRBRthis>
          <FRBRuri value="/akn/un/statement/deliberation/unga/2019-12-12/74-52/ara@/"></FRBRuri>
          <FRBRdate date="2019-12-19" name="publication"></FRBRdate>
          <FRBRauthor href="ga" as="issuer"></FRBRauthor>
          <FRBRlanguage language="ara"></FRBRlanguage>
        </FRBRExpression>
        <FRBRManifestation>
          <FRBRthis value="/akn/un/statement/deliberation/unga/2019-12-12/74-52/ara@/!main.xml"></FRBRthis>
          <FRBRuri value="/akn/un/statement/deliberation/unga/2019-12-12/74-52/ara@.xml"></FRBRuri>
          <FRBRdate date="2020-09-01" name="markup"></FRBRdate>
          <FRBRauthor href="DGACM" as="editor"></FRBRauthor>
        </FRBRManifestation>
      </identification>
      <classification source="http://metadata.un.org/sdg">
        <keyword value="15" href="http://metadata.un.org/sdg/15" showAs="sdg_15" dictionary="SDGO"></keyword>
        <keyword value="deforestation" href="http://eurovoc.europa.eu/339" showAs="deforestation" dictionary="EuroVoc"></keyword>
        <keyword value="desertification" href="http://eurovoc.europa.eu/416" showAs="desertification" dictionary="EuroVoc"></keyword>
        <keyword value="biodiversity" href="http://eurovoc.europa.eu/5463" showAs="biodiversity" dictionary="EuroVoc"></keyword>
        <keyword value="land,_plant_and_soil_resources" href="http://metadata.un.org/thesaurus/030600" showAs="land,_plant_and_soil_resources" dictionary="UNBIS Thesaurus"></keyword>
        <keyword value="deforestation" href="http://metadata.un.org/thesaurus/1001550" showAs="deforestation" dictionary="UNBIS Thesaurus"></keyword>
      </classification>
      <classification source="http://metadata.un.org/sdg">
        <keyword value="14" href="http://metadata.un.org/sdg/14" showAs="sdg_14" dictionary="SDGO"></keyword>
        <keyword value="marine_life" href="http://eurovoc.europa.eu/3149" showAs="marine_life" dictionary="EuroVoc"></keyword>
        <keyword value="marine_environment" href="http://eurovoc.europa.eu/5742" showAs="marine_environment" dictionary="EuroVoc"></keyword>
        <keyword value="ocean" href="http://eurovoc.europa.eu/2107" showAs="ocean" dictionary="EuroVoc"></keyword>
        <keyword value="sea" href="http://eurovoc.europa.eu/1870" showAs="sea" dictionary="EuroVoc"></keyword>
        <keyword value="marine_resources" href="http://metadata.un.org/thesaurus/030800" showAs="marine_resources" dictionary="UNBIS Thesaurus"></keyword>
        <keyword value="marine_resources" href="http://metadata.un.org/thesaurus/1003922" showAs="marine_resources" dictionary="UNBIS Thesaurus"></keyword>
        <keyword value="oceans_and_seas" href="http://metadata.un.org/thesaurus/170600" showAs="oceans_and_seas" dictionary="UNBIS Thesaurus"></keyword>
      </classification>
      <classification source="http://metadata.un.org/sdg">
        <keyword value="17" href="http://metadata.un.org/sdg/17" showAs="sdg_17" dictionary="SDGO"></keyword>
        <keyword value="sustainable_development" href="http://eurovoc.europa.eu/5585" showAs="sustainable_development" dictionary="EuroVoc"></keyword>
        <keyword value="partnership" href="http://eurovoc.europa.eu/4199" showAs="partnership" dictionary="EuroVoc"></keyword>
        <keyword value="sustainable_development" href="http://metadata.un.org/thesaurus/1006319" showAs="sustainable_development" dictionary="UNBIS Thesaurus"></keyword>
        <keyword value="partnership" href="http://metadata.un.org/thesaurus/1004748" showAs="partnership" dictionary="UNBIS Thesaurus"></keyword>
      </classification>
      <workflow source="#un">
        <step date="2019-10-16" outcome="draftResolution" as="A/C.1/74/L.29" by="Indonesia (on behalf of the States Members of the United Nations that are members of the Movement of Non-Aligned Countries)" />
        <step date="0001-01-01" outcome="draftResolutionAdditionalSponsors" by="" />
        <step date="0001-01-01" outcome="recommendedForAdoption" as="A/74/368" by="" refersTo="89" />
        <step date="2019-12-12" outcome="adopted" as="A/74/PV.46" by="" />
      </workflow>
      <analysis source="#un">
        <parliamentary>
          <voting outcome="adoptedWithoutVote">
            <quorum value=""></quorum>
          </voting>
        </parliamentary>
      </analysis>
      <references source="#DGACM">
        <TLCOrganization eId="source" href="/akn/ontology/organization/un/DGACM" showAs="DGACM"></TLCOrganization>
        <TLCConcept eId="dateOfIssuance" href="/akn/ontology/concept/un/dateOfIssuance" showAs="Date of issuance"></TLCConcept>
        <TLCConcept eId="dateOfAdoption" href="/akn/ontology/concept/un/dateOfAdoption" showAs="Date of adoption"></TLCConcept>
        <TLCConcept eId="symbol" href="/akn/ontology/reference/un/symbol" showAs="Symbol"></TLCConcept>
        <TLCRole eId="publisher" href="/akn/ontology/role/un/publisher" showAs="Publisher"></TLCRole>
        <TLCRole eId="issuingBody" href="/akn/role/concept/un/issuingBody" showAs="Issuing body"></TLCRole>
        <TLCRole eId="author" href="/akn/ontology/role/un/author" showAs="Author"></TLCRole>
        <TLCRole eId="editor" href="/akn/ontology/role/un/editor" showAs="Editor"></TLCRole>
        <TLCRole eId="distribution" href="/akn/ontology/concept/un/generalDistribution" showAs="General distribution"></TLCRole>
        <TLCOrganization eId="ga" href="/akn/ontology/organization/un/generalAssembly" showAs="General Assembly"></TLCOrganization>
        <TLCTerm eId="resolutionTitle" href="/akn/ontology/reference/un/resolutionTitle" showAs="Resolution title"></TLCTerm>
        <TLCTerm eId="firstCommittee" href="#firstCommittee" showAs="اللجنة الأولى"></TLCTerm>
        <TLCTerm eId="memberState" href="/akn/ontology/organization/un/memberState" showAs="Member State"></TLCTerm>
        <TLCTerm eId="inFavour" href="/akn/ontology/concept/un/voting/inFavour" showAs="In favour"></TLCTerm>
        <TLCTerm eId="against" href="/akn/ontology/concept/un/voting/against" showAs="Against"></TLCTerm>
        <TLCTerm eId="abstaining" href="/akn/ontology/concept/un/voting/abstaining" showAs="Abstaining"></TLCTerm>
      </references>
      <presentation source="#un">
        <akn4un:footerFirstPage>
          <akn4un:footerFirstPageLeft>
            <akn4un:internalCode>
              <docketNumber refersTo="#publicationJobNumber"></docketNumber>
              <img alt="bar code" class="barCode" src=""></img>
            </akn4un:internalCode>
          </akn4un:footerFirstPageLeft>
          <akn4un:footerFirstPageRight>
            <img alt="Please recycle" class="image" src="./recylcleLogo.jpg"></img>
            <img alt="embedded QR code" class="qrCode" src=""></img>
          </akn4un:footerFirstPageRight>
        </akn4un:footerFirstPage>
      </presentation>
    </meta>
    <coverPage eId="coverPage_1">
      <p>
        <span refersTo="#publisher" class="upperLeft">
          <docAuthority refersTo="#publisher">الأمــم المتحـدة</docAuthority>
        </span>
      </p>
      <p class="upperRight">
        <docNumber refersTo="#symbol">A/RES/74/52</docNumber>
      </p>
      <p class="upperLeft">
        <img src="logo-un.jpg"></img>
        <docAuthority refersTo="#issuingBody" class="rightBig">الجمعية العامة</docAuthority>
      </p>
      <p>
        <docStatus refersTo="#generalDistribution" class="rightSmall">Distr.: General</docStatus>
      </p>
      <p>
        <docDate date="2019-12-19" class="rightSmall" refersTo="#dateOfIssuance">19 December 2019</docDate>
      </p>
      <p>
        <session refersTo="#generalAssembly" value="74" eId="coverPage_1__session_1">الدورة الرابعة والسبعون</session>
      </p>
      <p>
        <inline name="agenda item">البند 98 (ك) من جدول الأعمال</inline>
      </p>
      <p>
        <inline name="agenda item name">نزع السلاح العام الكامل: مراعاة المعايير البيئية في صياغة وتنفيذ اتفاقات نزع السلاح وتحديد الأسلحة</inline>
      </p>
      <p>
        <docTitle>قرار اتخذته الجمعية العامة في 12 كانون الأول/ديسمبر 2019</docTitle>
      </p>
      <p xml:space="preserve">
        <docProponent refersTo="#firstCommittee">[بناء على تقرير اللجنة الأولى (<inline name="originating document">A/74/368</inline>)]</docProponent>
      </p>
    </coverPage>
    <preface>
      <p>
        <docNumber>74/52.</docNumber>
        <docTitle refersTo="#resolutionTitle">-	مراعاة المعايير البيئية في صياغة وتنفيذ اتفاقات نزع السلاح وتحديد الأسلحة</docTitle>
      </p>
    </preface>
    <preamble>
      <formula name="enactingFormula" eId="formula_1">
        <p xml:space="preserve">
          <span class="bold italic">إن الجمعية العامة</span>،</p>
      </formula>
      <container name="إذ تشير " eId="container_2">
        <p xml:space="preserve">
          <span class="bold italic">	إذ تشير </span>إلى قراراتها <a href="https://undocs.org/ar/A/RES/50/70">50/70</a> ميم المؤرخ 12 كانون الأول/ديسمبر 1995 و <a href="https://undocs.org/ar/A/RES/51/45">51/45</a> هاء المؤرخ 10 كانون الأول/ديسمبر 1996 و <a href="https://undocs.org/ar/A/RES/52/38">52/38</a> هاء المؤرخ 9 كانون الأول/ديسمبر 1997 و <a href="https://undocs.org/ar/A/RES/53/77">53/77</a> ياء المؤرخ 4 كانون الأول/ديسمبر 1998 و <a href="https://undocs.org/ar/A/RES/54/54">54/54</a> قاف المؤرخ 1 كانون الأول/ديسمبر 1999 و <a href="https://undocs.org/ar/A/RES/55/33">55/33</a> كاف المؤرخ 20 تشرين الثاني/نوفمبر 2000 و <a href="https://undocs.org/ar/A/RES/56/24">56/24</a> واو المؤرخ 29 تشرين الثاني/نوفمبر 2001 و <a href="https://undocs.org/ar/A/RES/57/64">57/64</a> المؤرخ 22 تشرين الثاني/نوفمبر 2002 و <a href="https://undocs.org/ar/A/RES/58/45">58/45</a> المؤرخ 8 كانون الأول/ديسمبر 2003 و <a href="https://undocs.org/ar/A/RES/59/68">59/68</a> المؤرخ 3 كانون الأول/ديسمبر 2004 و <a href="https://undocs.org/ar/A/RES/60/60">60/60</a> المؤرخ 8 كانون الأول/ديسمبر 2005 و <a href="https://undocs.org/ar/A/RES/61/63">61/63</a> المؤرخ 6 كانون الأول/ديسمبر 2006 و <a href="https://undocs.org/ar/A/RES/62/28">62/28</a> المؤرخ 5 كانون الأول/ديسمبر 2007 و <a href="https://undocs.org/ar/A/RES/63/51">63/51</a> المؤرخ 2 كانون الأول/ديسمبر 2008 و <a href="https://undocs.org/ar/A/RES/64/33">64/33</a> المؤرخ 2 كانون الأول/ديسمبر 2009 و <a href="https://undocs.org/ar/A/RES/65/53">65/53</a> المؤرخ 8 كانون الأول/ديسمبر 2010 و <a href="https://undocs.org/ar/A/RES/66/31">66/31</a> المؤرخ 2 كانون الأول/ديسمبر 2011 و <a href="https://undocs.org/ar/A/RES/67/37">67/37</a> المؤرخ 3 كانون الأول/ديسمبر 2012 و <a href="https://undocs.org/ar/A/RES/68/36">68/36</a> المؤرخ 5 كانون الأول/ديسمبر 2013 و <a href="https://undocs.org/ar/A/RES/69/55">69/55</a> المؤرخ 2 كانون الأول/ديسمبر 2014 و <a href="https://undocs.org/ar/A/RES/70/30">70/30</a> المؤرخ 7 كانون الأول/ديسمبر 2015 و <a href="https://undocs.org/ar/A/RES/71/60">71/60</a> المؤرخ 5 كانون الأول/ديسمبر 2016 و <a href="https://undocs.org/ar/A/RES/72/47">72/47</a> المؤرخ 4 كانون الأول/ديسمبر 2017، و <a href="https://undocs.org/ar/A/RES/73/39">73/39</a> المؤرخ 5 كانون الأول/ديسمبر 2018،</p>
      </container>
      <container name="وإذ تشدد " eId="container_3">
        <p xml:space="preserve">
          <span class="bold italic">وإذ تشدد </span>على أهمية مراعاة المعايير البيئية في صياغة وتنفيذ اتفاقات نزع السلاح والحد من الأسلحة،</p>
      </container>
      <container name="وإذ تسلّم" eId="container_4">
          <p xml:space="preserve">
            <span class="bold italic">وإذ تسلّم </span>بضرورة أن تراعى على النحو الواجب، لدى صياغة اتفاقات نزع السلاح والحد من الأسلحة وتنفيذها، الاتفاقاتُ المعتمدة في مؤتمر الأمم المتحدة المعني بالبيئة والتنمية والاتفاقات السابقة المبرمة في هذا الصدد،</p>
      </container>
      <container name="وإذ تحيط علما" eId="container_5">
        <p xml:space="preserve">
          <span class="bold italic">وإذ تحيط علما</span> بتقرير الأمين العام المقدم عملا بالقرار 73/39<sup>(</sup><authorialNote marker="1" placement="bottom" eId="authorialNote_1"><p xml:space="preserve">	()	<a href="https://undocs.org/ar/A/74/99">A/74/99</a>.</p></authorialNote><sup>)</sup>،</p>
      </container>
      <container name="وإذ تلاحظ" eId="container_6">
        <p xml:space="preserve">
          <span class="bold italic">وإذ تلاحظ</span> أن الاجتماع الوزاري لمكتب التنسيق لحركة بلدان عدم الانحياز، المعقود في كاراكاس، يومي 20 و 21 تموز/يوليه 2019، قد رحب باتخاذ الجمعية العامة، دون تصويت، القرار <a href="https://undocs.org/ar/A/RES/73/39">73/39</a> المتعلق بمراعاة المعايير البيئية في صياغة وتنفيذ اتفاقات نزع السلاح وتحديد الأسلحة،</p>
      </container>
      <container name="وإذ تضع في اعتبارها" eId="container_7">
        <p xml:space="preserve">
          <span class="bold italic">وإذ تضع في اعتبارها</span> الآثار الضارة بالبيئة المترتبة على استعمال الأسلحة النووية،</p>
      </container>
    </preamble>
    <mainBody>
      <paragraph eId="para_8" class="MercuryDocument">
        <content eId="para_8__content">
          <p xml:space="preserve">	1 -	<span class="bold italic">تؤكد مجددا</span> ضرورة أن تولي المنتديات الدولية لنزع السلاح الاعتبار التام للمعايير البيئية في هذا المجال عند التفاوض بشأن معاهدات واتفاقات نزع السلاح والحد من الأسلحة، وأن تسهم جميع الدول بأعمالها على نحو تام في كفالة التقيد بالمعايير المذكورة آنفا لدى تنفيذ المعاهدات والاتفاقيات التي هي أطراف فيها؛</p>
        </content>
      </paragraph>
      <paragraph eId="para_9" class="MercuryDocument">
        <content eId="para_9__content">
          <p xml:space="preserve">	2 -	<span class="bold italic">تهيب</span> بالدول أن تتخذ تدابير انفرادية وثنائية وإقليمية ومتعددة الأطراف لكي تسهم في كفالة تطبيق أوجه التقدم العلمي والتكنولوجي في إطار الأمن الدولي ونزع السلاح والمجالات الأخرى المتصلة بذلك، دون الإضرار بالبيئة أو الانتقاص من الإسهام الفعال لأوجه التقدم تلك في تحقيق التنمية المستدامة؛</p>
        </content>
      </paragraph>
      <paragraph eId="para_10" class="MercuryDocument">
        <content eId="para_10__content">
          <p xml:space="preserve">	3 -	<span class="bold italic">ترحب</span> بالمعلومات التي قدمتها الدول الأعضاء بشأن تنفيذ التدابير التي اتخذتها لتعزيز الأهداف المتوخاة في هذا القرار<sup>(1)</sup>؛</p>
        </content>
      </paragraph>
      <paragraph eId="para_11" class="MercuryDocument">
        <content eId="para_11__content">
          <p xml:space="preserve">	4 -	<span class="bold italic">تدعو</span> جميع الدول الأعضاء إلى أن تقدم إلى الأمين العام معلومات عن التدابير التي اتخذتها لتعزيز الأهداف المتوخاة في هذا القرار، وتطلب إلى الأمين العام أن يقدم تقريرا يتضمن تلك المعلومات إلى الجمعية العامة في دورتها الخامسة والسبعين؛</p>
        </content>
      </paragraph>
      <paragraph eId="para_12" class="SingleTxt">
        <content eId="para_12__content">
          <p xml:space="preserve">	5 -	<span class="bold italic">تقرر</span> أن تدرج في جدول الأعمال المؤقت لدورتها الخامسة والسبعين البند الفرعي المعنون ”مراعاة المعايير البيئية في صياغة وتنفيذ اتفاقات نزع السلاح وتحديد الأسلحة“ في إطار البند المعنون ”نزع السلاح العام الكامل“.</p>
        </content>
      </paragraph>
    </mainBody>
    <conclusions eId="conclusions">
      <p>
        <inline name="adoptionMeeting" title="46">الجلسة العامة 46</inline>
        <eol />
        <docDate date="2019-12-12" refersTo="#adoptionDate">12 كانون الأول/ديسمبر 2019</docDate>
      </p>
    </conclusions>
  </statement>
</akomaNtoso>