<akomaNtoso xmlns:xsi="http://www.w3.org/2001/XMLSchema-instance" xsi:schemaLocation="http://docs.oasis-open.org/legaldocml/ns/akn/3.0 http://docs.oasis-open.org/legaldocml/akn-core/v1.0/os/part2-specs/schemas/akomantoso30.xsd" xmlns="http://docs.oasis-open.org/legaldocml/ns/akn/3.0" xmlns:html="http://www.w3.org/1999/xhtml" xmlns:akn4un="http://un.org/akn4un">
  <statement name="resolution">
    <meta>
      <identification source="#DGACM">
        <FRBRWork>
          <FRBRthis value="/akn/un/statement/deliberation/unga/2019-12-12/74-64/!main/"></FRBRthis>
          <FRBRuri value="/akn/un/statement/deliberation/unga/2019-12-12/74-64/"></FRBRuri>
          <FRBRdate date="2019-12-12" name="adoption"></FRBRdate>
          <FRBRauthor href="ga" as="author"></FRBRauthor>
          <FRBRcountry value="un"></FRBRcountry>
        </FRBRWork>
        <FRBRExpression>
          <FRBRthis value="/akn/un/statement/deliberation/unga/2019-12-12/74-64/ara@!main/"></FRBRthis>
          <FRBRuri value="/akn/un/statement/deliberation/unga/2019-12-12/74-64/ara@/"></FRBRuri>
          <FRBRdate date="2019-12-20" name="publication"></FRBRdate>
          <FRBRauthor href="ga" as="issuer"></FRBRauthor>
          <FRBRlanguage language="ara"></FRBRlanguage>
        </FRBRExpression>
        <FRBRManifestation>
          <FRBRthis value="/akn/un/statement/deliberation/unga/2019-12-12/74-64/ara@/!main.xml"></FRBRthis>
          <FRBRuri value="/akn/un/statement/deliberation/unga/2019-12-12/74-64/ara@.xml"></FRBRuri>
          <FRBRdate date="2020-09-01" name="markup"></FRBRdate>
          <FRBRauthor href="DGACM" as="editor"></FRBRauthor>
        </FRBRManifestation>
      </identification>
      <classification source="http://metadata.un.org/sdg">
        <keyword value="16" href="http://metadata.un.org/sdg/16" showAs="sdg_16" dictionary="SDGO"></keyword>
        <keyword value="right_to_justice" href="http://eurovoc.europa.eu/516" showAs="right_to_justice" dictionary="EuroVoc"></keyword>
        <keyword value="sustainable_development" href="http://eurovoc.europa.eu/5585" showAs="sustainable_development" dictionary="EuroVoc"></keyword>
        <keyword value="civil_society" href="http://metadata.un.org/thesaurus/1001012" showAs="civil_society" dictionary="UNBIS Thesaurus"></keyword>
        <keyword value="justice" href="http://metadata.un.org/thesaurus/1003500" showAs="justice" dictionary="UNBIS Thesaurus"></keyword>
        <keyword value="peaceful_coexistence" href="http://metadata.un.org/thesaurus/1004777" showAs="peaceful_coexistence" dictionary="UNBIS Thesaurus"></keyword>
        <keyword value="public_institutions" href="http://metadata.un.org/thesaurus/1005254" showAs="public_institutions" dictionary="UNBIS Thesaurus"></keyword>
        <keyword value="social_justice" href="http://metadata.un.org/thesaurus/1005970" showAs="social_justice" dictionary="UNBIS Thesaurus"></keyword>
        <keyword value="sustainable_development" href="http://metadata.un.org/thesaurus/1006319" showAs="sustainable_development" dictionary="UNBIS Thesaurus"></keyword>
      </classification>
      <classification source="http://metadata.un.org/sdg">
        <keyword value="4" href="http://metadata.un.org/sdg/4" showAs="sdg_4" dictionary="SDGO"></keyword>
        <keyword value="education" href="http://eurovoc.europa.eu/668" showAs="education" dictionary="EuroVoc"></keyword>
        <keyword value="right_to_education" href="http://eurovoc.europa.eu/512" showAs="right_to_education" dictionary="EuroVoc"></keyword>
        <keyword value="education" href="http://metadata.un.org/thesaurus/1001893" showAs="education" dictionary="UNBIS Thesaurus"></keyword>
      </classification>
      <classification source="http://metadata.un.org/sdg">
        <keyword value="5" href="http://metadata.un.org/sdg/5" showAs="sdg_5" dictionary="SDGO"></keyword>
        <keyword value="gender_equality" href="http://eurovoc.europa.eu/3913" showAs="gender_equality" dictionary="EuroVoc"></keyword>
        <keyword value="participation_of_women" href="http://eurovoc.europa.eu/2265" showAs="participation_of_women" dictionary="EuroVoc"></keyword>
        <keyword value="women&amp;#39;s_rights" href="http://eurovoc.europa.eu/585" showAs="women&amp;#39;s_rights" dictionary="EuroVoc"></keyword>
        <keyword value="position_of_women" href="http://eurovoc.europa.eu/81" showAs="position_of_women" dictionary="EuroVoc"></keyword>
        <keyword value="women" href="http://metadata.un.org/thesaurus/1007029" showAs="women" dictionary="UNBIS Thesaurus"></keyword>
        <keyword value="gender_equality" href="http://metadata.un.org/thesaurus/1002612" showAs="gender_equality" dictionary="UNBIS Thesaurus"></keyword>
        <keyword value="girls" href="http://metadata.un.org/thesaurus/1002684" showAs="girls" dictionary="UNBIS Thesaurus"></keyword>
      </classification>
      <workflow source="#un">
        <step date="2019-10-21" outcome="draftResolution" as="A/C.1/74/L.48" by="Angola, Australia, Austria, Belgium, Bulgaria, Canada, China, Colombia, Croatia, Czechia, Denmark, El Salvador, Estonia, Finland, France, Germany, Greece, Haiti, Iceland, Ireland, Italy, Japan, Kazakhstan, Latvia, Luxembourg, Malta, Mexico, Montenegro, Netherlands, Norway, Philippines, Poland, Portugal, Republic of Korea, Republic of Moldova, Romania, Samoa, Slovakia, Spain, Sweden, Thailand, United Arab Emirates and United States of America" />
        <step date="0001-01-01" outcome="draftResolutionAdditionalSponsors" by="Albania, Andorra, Antigua and Barbuda, Argentina, Bangladesh, Brazil, Central African Republic, Chile, Cyprus, Democratic Republic of the Congo, Dominican Republic, Ecuador, Gambia, Georgia, Ghana, Hungary, India, Indonesia, Jamaica, Lebanon, Liechtenstein, Lithuania, Malaysia, Marshall Islands, Monaco, Mongolia, North Macedonia, Panama, Papua New Guinea, Peru, San Marino, Slovenia, Sri Lanka, Switzerland, Timor-Leste, Tunisia, Turkey, Ukraine, United Kingdom, Uzbekistan and Viet Nam" />
        <step date="0001-01-01" outcome="recommendedForAdoption" as="A/74/368" by="" refersTo="89" />
        <step date="2019-12-12" outcome="adopted" as="A/74/PV.46" by="" />
      </workflow>
      <analysis source="#un">
        <parliamentary>
          <voting outcome="adoptedWithoutVote">
            <quorum value=""></quorum>
          </voting>
        </parliamentary>
      </analysis>
      <references source="#DGACM">
        <TLCOrganization eId="source" href="/akn/ontology/organization/un/DGACM" showAs="DGACM"></TLCOrganization>
        <TLCConcept eId="dateOfIssuance" href="/akn/ontology/concept/un/dateOfIssuance" showAs="Date of issuance"></TLCConcept>
        <TLCConcept eId="dateOfAdoption" href="/akn/ontology/concept/un/dateOfAdoption" showAs="Date of adoption"></TLCConcept>
        <TLCConcept eId="symbol" href="/akn/ontology/reference/un/symbol" showAs="Symbol"></TLCConcept>
        <TLCRole eId="publisher" href="/akn/ontology/role/un/publisher" showAs="Publisher"></TLCRole>
        <TLCRole eId="issuingBody" href="/akn/role/concept/un/issuingBody" showAs="Issuing body"></TLCRole>
        <TLCRole eId="author" href="/akn/ontology/role/un/author" showAs="Author"></TLCRole>
        <TLCRole eId="editor" href="/akn/ontology/role/un/editor" showAs="Editor"></TLCRole>
        <TLCRole eId="distribution" href="/akn/ontology/concept/un/generalDistribution" showAs="General distribution"></TLCRole>
        <TLCOrganization eId="ga" href="/akn/ontology/organization/un/generalAssembly" showAs="General Assembly"></TLCOrganization>
        <TLCTerm eId="resolutionTitle" href="/akn/ontology/reference/un/resolutionTitle" showAs="Resolution title"></TLCTerm>
        <TLCTerm eId="firstCommittee" href="#firstCommittee" showAs="اللجنة الأولى"></TLCTerm>
        <TLCTerm eId="memberState" href="/akn/ontology/organization/un/memberState" showAs="Member State"></TLCTerm>
        <TLCTerm eId="inFavour" href="/akn/ontology/concept/un/voting/inFavour" showAs="In favour"></TLCTerm>
        <TLCTerm eId="against" href="/akn/ontology/concept/un/voting/against" showAs="Against"></TLCTerm>
        <TLCTerm eId="abstaining" href="/akn/ontology/concept/un/voting/abstaining" showAs="Abstaining"></TLCTerm>
      </references>
      <presentation source="#un">
        <akn4un:footerFirstPage>
          <akn4un:footerFirstPageLeft>
            <akn4un:internalCode>
              <docketNumber refersTo="#publicationJobNumber"></docketNumber>
              <img alt="bar code" class="barCode" src=""></img>
            </akn4un:internalCode>
          </akn4un:footerFirstPageLeft>
          <akn4un:footerFirstPageRight>
            <img alt="Please recycle" class="image" src="./recylcleLogo.jpg"></img>
            <img alt="embedded QR code" class="qrCode" src=""></img>
          </akn4un:footerFirstPageRight>
        </akn4un:footerFirstPage>
      </presentation>
    </meta>
    <coverPage eId="coverPage_1">
      <p>
        <span refersTo="#publisher" class="upperLeft">
          <docAuthority refersTo="#publisher">الأمــم المتحـدة</docAuthority>
        </span>
      </p>
      <p class="upperRight">
        <docNumber refersTo="#symbol">A/RES/74/64</docNumber>
      </p>
      <p class="upperLeft">
        <img src="logo-un.jpg"></img>
        <docAuthority refersTo="#issuingBody" class="rightBig">الجمعية العامة</docAuthority>
      </p>
      <p>
        <docStatus refersTo="#generalDistribution" class="rightSmall">Distr.: General</docStatus>
      </p>
      <p>
        <docDate date="2019-12-20" class="rightSmall" refersTo="#dateOfIssuance">20 December 2019</docDate>
      </p>
      <p>
        <session refersTo="#generalAssembly" value="74" eId="coverPage_1__session_1">الدورة الرابعة والسبعون</session>
      </p>
      <p>
        <inline name="agenda item">البند 98 من جدول الأعمال</inline>
      </p>
      <p>
        <inline name="agenda item name">نزع السلاح العام الكامل</inline>
      </p>
      <p>
        <docTitle>قرار اتخذته الجمعية العامة في 12 كانون الأول/ديسمبر 2019</docTitle>
      </p>
      <p xml:space="preserve">
        <docProponent refersTo="#firstCommittee">[بناء على تقرير اللجنة الأولى (<inline name="originating document">A/74/368</inline>)]</docProponent>
      </p>
    </coverPage>
    <preface>
      <p>
        <docNumber>74/64.</docNumber>
        <docTitle refersTo="#resolutionTitle">-	الشباب ونزع السلاح وعدم الانتشار</docTitle>
      </p>
    </preface>
    <preamble>
      <formula name="enactingFormula" eId="formula_1">
        <p xml:space="preserve">
          <span class="bold italic">إن الجمعية العامة</span>،</p>
      </formula>
      <container name="إذ تسلّم" eId="container_2">
          <p xml:space="preserve">
            <span class="bold italic">إذ تسلّم</span> بأن الشباب في جميع البلدان فاعلون رئيسيون في التغيير الاجتماعي والتنمية الاقتصادية والابتكار التكنولوجي،</p>
      </container>
      
      <container name="وإذ تعيد تأكيد" eId="container_3">
        <p xml:space="preserve">
          <span class="bold italic">وإذ تعيد تأكيد</span> الإسهام الهام والإيجابي الذي يمكن أن يقدمه الشباب في تشجيع وتحقيق السلام والأمن المستدامين،</p>
      </container>
      <container name="وإذ تلاحظ" eId="container_4">
        <p xml:space="preserve">
          <span class="bold italic">وإذ تلاحظ</span> أن التحاور مع الشباب يمكن أن يتيح فرصا للاستفادة من آرائهم ورؤاهم وأفكارهم،</p>
      </container>
      <container name="وإذ تضع في الاعتبار" eId="container_5">
          <p xml:space="preserve">
            <span class="bold italic">وإذ تضع في الاعتبار</span> قرارها <a href="https://undocs.org/ar/A/RES/73/59">73/59</a> المؤرخ 5 كانون الأول/ديسمبر 2018، الذي يؤكد الحاجة إلى التثقيف في مجال نزع السلاح وعدم الانتشار، وبخاصة بين الشباب،</p>
      </container>
      <container name="وإذ تشير" eId="container_6">
        <p xml:space="preserve">
          <span class="bold italic">وإذ تشير</span> إلى قرارها <a href="https://undocs.org/ar/A/RES/73/46">73/46</a> المؤرخ 5 كانون الأول/ديسمبر 2018، الذي تؤكد فيه من جديد أن المشاركة المتساوية والكاملة والفعالة للمرأة والرجل هي أحد العوامل الأساسية لتشجيع وتحقيق السلام والأمن المستدامين،</p>
      </container>
      <container name="وإذ تشير أيضا" eId="container_7">
        <p xml:space="preserve">
          <span class="bold italic">وإذ تشير أيضا</span> إلى قرارات الجمعية العامة ومجلس الأمن المتعلقة بمسألة الشباب والسلام والأمن،</p>
      </container>
      <container name="وإذ تلاحظ" eId="container_8">
        <p xml:space="preserve">
          <span class="bold italic">وإذ تلاحظ</span> الإعلان في 24 أيلول/سبتمبر 2018 عن صدور الاستراتيجية المعنونة ”شباب 2030: استراتيجية الأمم المتحدة للشباب“، التي تتضمن السلام والأمن باعتبارهما مجالا من مجالاتها المواضيعية ذات الأولوية،</p>
      </container>
      <container name="وإذ تلاحظ أيضا" eId="container_9">
        <p xml:space="preserve">
          <span class="bold italic">وإذ تلاحظ أيضا</span> الإجراء 38 من خطة نزع السلاح التي قدمها الأمين العام، والتي يصف فيها جيل الشباب بأنه القوة المطلقة للتغيير ويقترح إجراءات لتعزيز مشاركة الشباب،</p>
      </container>
      <container name="وإذ تضع في اعتبارها" eId="container_10">
        <p xml:space="preserve">
          <span class="bold italic">وإذ تضع في اعتبارها</span> المبادرات والأنشطة التي تضطلع بها الدول الأعضاء وكيانات الأمم المتحدة ومنظمات المجتمع المدني ذات الصلة من أجل تنفيذ برنامج العمل العالمي للشباب<sup>(</sup><authorialNote marker="1" placement="bottom" eId="authorialNote_1"><p xml:space="preserve">	()	القرار <a href="https://undocs.org/ar/A/RES/50/81">50/81</a>، المرفق، والقرار <a href="https://undocs.org/ar/A/RES/62/126">62/126</a>، المرفق.</p></authorialNote><sup>)</sup> وتحقيق أهداف التنمية المستدامة<sup>(</sup><authorialNote marker="2" placement="bottom" eId="authorialNote_2"><p xml:space="preserve">	()	انظر القرار <a href="https://undocs.org/ar/A/RES/70/1">70/1</a>.</p></authorialNote><sup>)</sup>،</p>
      </container>
      <container name="وإذ تسلّم" eId="container_11">
          <p xml:space="preserve">
            <span class="bold italic">وإذ تسلّم</span> بدور المجتمع المدني في تعزيز مشاركة الشباب في ميدان نزع السلاح وعدم الانتشار،</p>
      </container>
    </preamble>
    <mainBody>
      <paragraph eId="para_12" class="SingleTxt">
        <content eId="para_12__content">
          <p xml:space="preserve">	1 -	<span class="bold italic">تشجع</span> الدول الأعضاء والأمم المتحدة والوكالات المتخصصة ذات الصلة والمنظمات الإقليمية ودون الإقليمية على تعزيز المشاركة الفعلية والشاملة للشباب في المناقشات التي تجرى في ميدان نزع السلاح وعدم الانتشار، بسبل منها منابر الحوار والتوجيه والتدريب الداخلي والزمالات والمنح الدراسية والمناسبات النموذجية والأنشطة الجماعية للشباب؛</p>
        </content>
      </paragraph>
      <paragraph eId="para_13" class="SingleTxt">
        <content eId="para_13__content">
          <p xml:space="preserve">	2 -	<span class="bold italic">تهيب</span> بالدول الأعضاء والأمم المتحدة والوكالات المتخصصة ذات الصلة والمنظمات الإقليمية ودون الإقليمية أن تنظر في وضع وتنفيذ سياسات وبرامج للشباب لزيادة وتيسير مشاركتهم البنّاءة في ميدان نزع السلاح وعدم الانتشار؛</p>
        </content>
      </paragraph>
      <paragraph eId="para_14" class="SingleTxt">
        <content eId="para_14__content">
          <p xml:space="preserve">	3 -	<span class="bold italic">تشدد</span> على أهمية تحقيق الإمكانات الكاملة للشباب من خلال التثقيف وبناء القدرات، مع مراعاة الجهود الجارية والحاجة إلى تعزيز دخول الشباب إلى ميدان نزع السلاح وعدم الانتشار على نحو مستدام؛</p>
        </content>
      </paragraph>
      <paragraph eId="para_15" class="SingleTxt">
        <content eId="para_15__content">
          <p xml:space="preserve">	4 -	<span class="bold italic">تطلب</span> إلى الأمين العام أن يسعى إلى اتخاذ تدابير محددة لتعزيز المشاركة الفعلية والشاملة للشباب وتمكينهم بشأن المسائل المتعلقة بنزع السلاح وعدم الانتشار؛</p>
        </content>
      </paragraph>
      <paragraph eId="para_16" class="SingleTxt">
        <content eId="para_16__content">
          <p xml:space="preserve">	5 -	<span class="bold italic">تشجع</span> الدول الأعضاء على مواصلة الجهود الرامية إلى زيادة الوعي وتعزيز التنسيق داخل منظومة الأمم المتحدة وخارجها بشأن الجهود الجارية لتعزيز دور الشباب؛</p>
        </content>
      </paragraph>
      <paragraph eId="para_17" class="SingleTxt">
        <content eId="para_17__content">
          <p xml:space="preserve">	6 -	<span class="bold italic">تقرر</span> أن تدرج في جدول الأعمال المؤقت لدورتها السادسة والسبعين البند الفرعي المعنون ”الشباب ونزع السلاح وعدم الانتشار“ في إطار البند المعنون ”نزع السلاح العام الكامل“.</p>
        </content>
      </paragraph>
    </mainBody>
    <conclusions eId="conclusions">
      <p>
        <inline name="adoptionMeeting" title="46">الجلسة العامة 46</inline>
        <eol />
        <docDate date="2019-12-12" refersTo="#adoptionDate">12 كانون الأول/ديسمبر 2019</docDate>
      </p>
    </conclusions>
  </statement>
</akomaNtoso>