<akomaNtoso xmlns:xsi="http://www.w3.org/2001/XMLSchema-instance" xsi:schemaLocation="http://docs.oasis-open.org/legaldocml/ns/akn/3.0 http://docs.oasis-open.org/legaldocml/akn-core/v1.0/os/part2-specs/schemas/akomantoso30.xsd" xmlns="http://docs.oasis-open.org/legaldocml/ns/akn/3.0" xmlns:html="http://www.w3.org/1999/xhtml" xmlns:akn4un="http://un.org/akn4un">
  <statement name="resolution">
    <meta>
      <identification source="#DGACM">
        <FRBRWork>
          <FRBRthis value="/akn/un/statement/deliberation/unga/2019-12-12/74-72/!main/"></FRBRthis>
          <FRBRuri value="/akn/un/statement/deliberation/unga/2019-12-12/74-72/"></FRBRuri>
          <FRBRdate date="2019-12-12" name="adoption"></FRBRdate>
          <FRBRauthor href="ga" as="author"></FRBRauthor>
          <FRBRcountry value="un"></FRBRcountry>
        </FRBRWork>
        <FRBRExpression>
          <FRBRthis value="/akn/un/statement/deliberation/unga/2019-12-12/74-72/ara@!main/"></FRBRthis>
          <FRBRuri value="/akn/un/statement/deliberation/unga/2019-12-12/74-72/ara@/"></FRBRuri>
          <FRBRdate date="2019-12-23" name="publication"></FRBRdate>
          <FRBRauthor href="ga" as="issuer"></FRBRauthor>
          <FRBRlanguage language="ara"></FRBRlanguage>
        </FRBRExpression>
        <FRBRManifestation>
          <FRBRthis value="/akn/un/statement/deliberation/unga/2019-12-12/74-72/ara@/!main.xml"></FRBRthis>
          <FRBRuri value="/akn/un/statement/deliberation/unga/2019-12-12/74-72/ara@.xml"></FRBRuri>
          <FRBRdate date="2020-09-20" name="markup"></FRBRdate>
          <FRBRauthor href="DGACM" as="editor"></FRBRauthor>
        </FRBRManifestation>
      </identification>
      <classification source="http://metadata.un.org/sdg">
        <keyword value="17" href="http://metadata.un.org/sdg/17" showAs="sdg_17" dictionary="SDGO"></keyword>
        <keyword value="sustainable_development" href="http://eurovoc.europa.eu/5585" showAs="sustainable_development" dictionary="EuroVoc"></keyword>
        <keyword value="partnership" href="http://eurovoc.europa.eu/4199" showAs="partnership" dictionary="EuroVoc"></keyword>
        <keyword value="sustainable_development" href="http://metadata.un.org/thesaurus/1006319" showAs="sustainable_development" dictionary="UNBIS Thesaurus"></keyword>
        <keyword value="partnership" href="http://metadata.un.org/thesaurus/1004748" showAs="partnership" dictionary="UNBIS Thesaurus"></keyword>
      </classification>
      <classification source="http://metadata.un.org/sdg">
        <keyword value="15" href="http://metadata.un.org/sdg/15" showAs="sdg_15" dictionary="SDGO"></keyword>
        <keyword value="deforestation" href="http://eurovoc.europa.eu/339" showAs="deforestation" dictionary="EuroVoc"></keyword>
        <keyword value="desertification" href="http://eurovoc.europa.eu/416" showAs="desertification" dictionary="EuroVoc"></keyword>
        <keyword value="biodiversity" href="http://eurovoc.europa.eu/5463" showAs="biodiversity" dictionary="EuroVoc"></keyword>
        <keyword value="land,_plant_and_soil_resources" href="http://metadata.un.org/thesaurus/030600" showAs="land,_plant_and_soil_resources" dictionary="UNBIS Thesaurus"></keyword>
        <keyword value="deforestation" href="http://metadata.un.org/thesaurus/1001550" showAs="deforestation" dictionary="UNBIS Thesaurus"></keyword>
      </classification>
      <classification source="http://metadata.un.org/sdg">
        <keyword value="2" href="http://metadata.un.org/sdg/2" showAs="sdg_2" dictionary="SDGO"></keyword>
        <keyword value="food_shortage" href="http://eurovoc.europa.eu/2318" showAs="food_shortage" dictionary="EuroVoc"></keyword>
        <keyword value="sustainable_agriculture" href="http://eurovoc.europa.eu/6308" showAs="sustainable_agriculture" dictionary="EuroVoc"></keyword>
        <keyword value="food_security" href="http://eurovoc.europa.eu/c_4523e1dd" showAs="food_security" dictionary="EuroVoc"></keyword>
        <keyword value="food_security" href="http://metadata.un.org/thesaurus/1002439" showAs="food_security" dictionary="UNBIS Thesaurus"></keyword>
        <keyword value="food_shortage" href="http://metadata.un.org/thesaurus/1002440" showAs="food_shortage" dictionary="UNBIS Thesaurus"></keyword>
        <keyword value="hunger" href="http://metadata.un.org/thesaurus/1003004" showAs="hunger" dictionary="UNBIS Thesaurus"></keyword>
        <keyword value="sustainable_agriculture" href="http://metadata.un.org/thesaurus/1006317" showAs="sustainable_agriculture" dictionary="UNBIS Thesaurus"></keyword>
      </classification>
      <workflow source="#un">
        <step date="2019-10-17" outcome="draftResolution" as="A/C.1/74/L.42" by="Peru (on behalf of the States Members of the United Nations that are members of the Group of Latin American and Caribbean States)" />
        <step date="0001-01-01" outcome="draftResolutionAdditionalSponsors" by="" />
        <step date="0001-01-01" outcome="recommendedForAdoption" as="A/74/369" by="" refersTo="19" />
        <step date="2019-12-12" outcome="adopted" as="A/74/PV.46" by="" />
      </workflow>
      <analysis source="#un">
        <parliamentary>
          <voting outcome="adoptedWithoutVote">
            <quorum value=""></quorum>
          </voting>
        </parliamentary>
      </analysis>
      <references source="#DGACM">
        <TLCOrganization eId="source" href="/akn/ontology/organization/un/DGACM" showAs="DGACM"></TLCOrganization>
        <TLCConcept eId="dateOfIssuance" href="/akn/ontology/concept/un/dateOfIssuance" showAs="Date of issuance"></TLCConcept>
        <TLCConcept eId="dateOfAdoption" href="/akn/ontology/concept/un/dateOfAdoption" showAs="Date of adoption"></TLCConcept>
        <TLCConcept eId="symbol" href="/akn/ontology/reference/un/symbol" showAs="Symbol"></TLCConcept>
        <TLCRole eId="publisher" href="/akn/ontology/role/un/publisher" showAs="Publisher"></TLCRole>
        <TLCRole eId="issuingBody" href="/akn/role/concept/un/issuingBody" showAs="Issuing body"></TLCRole>
        <TLCRole eId="author" href="/akn/ontology/role/un/author" showAs="Author"></TLCRole>
        <TLCRole eId="editor" href="/akn/ontology/role/un/editor" showAs="Editor"></TLCRole>
        <TLCRole eId="distribution" href="/akn/ontology/concept/un/generalDistribution" showAs="General distribution"></TLCRole>
        <TLCOrganization eId="ga" href="/akn/ontology/organization/un/generalAssembly" showAs="General Assembly"></TLCOrganization>
        <TLCTerm eId="resolutionTitle" href="/akn/ontology/reference/un/resolutionTitle" showAs="Resolution title"></TLCTerm>
        <TLCTerm eId="firstCommittee" href="#firstCommittee" showAs="اللجنة الأولى"></TLCTerm>
        <TLCTerm eId="memberState" href="/akn/ontology/organization/un/memberState" showAs="Member State"></TLCTerm>
        <TLCTerm eId="inFavour" href="/akn/ontology/concept/un/voting/inFavour" showAs="In favour"></TLCTerm>
        <TLCTerm eId="against" href="/akn/ontology/concept/un/voting/against" showAs="Against"></TLCTerm>
        <TLCTerm eId="abstaining" href="/akn/ontology/concept/un/voting/abstaining" showAs="Abstaining"></TLCTerm>
      </references>
      <presentation source="#un">
        <akn4un:footerFirstPage>
          <akn4un:footerFirstPageLeft>
            <akn4un:internalCode>
              <docketNumber refersTo="#publicationJobNumber">19-21873 (A)</docketNumber>
              <img alt="bar code" class="barCode" src=""></img>
            </akn4un:internalCode>
          </akn4un:footerFirstPageLeft>
          <akn4un:footerFirstPageRight>
            <img alt="Please recycle" class="image" src="./recylcleLogo.jpg"></img>
            <img alt="embedded QR code" class="qrCode" src=""></img>
          </akn4un:footerFirstPageRight>
        </akn4un:footerFirstPage>
      </presentation>
    </meta>
    <coverPage eId="coverPage_1">
      <p>
        <span refersTo="#publisher" class="upperLeft">
          <docAuthority refersTo="#publisher">الأمــم المتحـدة</docAuthority>
        </span>
      </p>
      <p class="upperRight">
        <docNumber refersTo="#symbol">A/RES/74/72</docNumber>
      </p>
      <p class="upperLeft">
        <img src="logo-un.jpg"></img>
        <docAuthority refersTo="#issuingBody" class="rightBig">الجمعية العامة</docAuthority>
      </p>
      <p>
        <docStatus refersTo="#generalDistribution" class="rightSmall">Distr.: General</docStatus>
      </p>
      <p>
        <docDate date="2019-12-23" class="rightSmall" refersTo="#dateOfIssuance">23 December 2019</docDate>
      </p>
      <p>
        <session refersTo="#generalAssembly" value="74" eId="coverPage_1__session_1">الدورة الرابعة والسبعون</session>
      </p>
      <p>
        <inline name="agenda item">البند 99 (ج) من جدول الأعمال</inline>
      </p>
      <p>
        <docTitle>قرار اتخذته الجمعية العامة في 12 كانون الأول/ديسمبر 2019</docTitle>
      </p>
      <p xml:space="preserve">
        <docProponent refersTo="#firstCommittee">[بناء على تقرير اللجنة الأولى (<inline name="originating document">A/74/369</inline>)]</docProponent>
      </p>
    </coverPage>
    <preface>
      <p>
        <docNumber>74/72.</docNumber>
        <docTitle refersTo="#resolutionTitle">-	مركز الأمم المتحدة الإقليمي للسلام ونزع السلاح والتنمية في أمريكا اللاتينية ومنطقة البحر الكاريبي</docTitle>
      </p>
    </preface>
    <preamble>
      <formula name="enactingFormula" eId="formula_1">
        <p xml:space="preserve">
          <span class="bold italic">إن الجمعية العامة</span>،</p>
      </formula>
      <container name="إذ تشير" eId="container_2">
        <p xml:space="preserve">
          <span class="bold italic">إذ تشير</span> إلى قراراتها <a href="https://undocs.org/ar/A/RES/41/60">41/60</a> ياء المؤرخ 3 كانون الأول/ديسمبر 1986 و <a href="https://undocs.org/ar/A/RES/42/39">42/39</a> كاف المؤرخ 30 تشرين الثاني/نوفمبر 1987 و <a href="https://undocs.org/ar/A/RES/43/76">43/76</a> حاء المؤرخ 7 كانون الأول/ديسمبر 1988 المتعلقة بمركز الأمم المتحدة الإقليمي للسلام ونزع السلاح والتنمية في أمريكا اللاتينية ومنطقة البحر الكاريبي، الكائن مقره في ليما،</p>
      </container>
      <container name="وإذ تشير أيضا" eId="container_3">
        <p xml:space="preserve">
          <span class="bold italic">وإذ تشير أيضا</span> إلى قرارها <a href="https://undocs.org/ar/A/RES/73/76">73/76</a> المؤرخ 5 كانون الأول/ديسمبر 2018، وجميع قراراتها السابقة بشأن المركز الإقليمي،</p>
      </container>
      <container name="وإذ تسلم" eId="container_4">
          <p xml:space="preserve">
            <span class="bold italic">وإذ تسلم</span> بأن المركز الإقليمي يواصل توفير الدعم الفني لتنفيذ المبادرات الإقليمية ودون الإقليمية ويكثف مساهمته في تنسيق جهود الأمم المتحدة الرامية إلى تحقيق السلام ونزع السلاح وتعزيز التنمية الاقتصادية والاجتماعية، وإذ تشدد على دور المركز في تقديم الدعم لتحقيق خطة التنمية المستدامة لعام 2030<sup>(</sup><authorialNote marker="1" placement="bottom" eId="authorialNote_1"><p xml:space="preserve">	()	القرار <a href="https://undocs.org/ar/A/RES/70/1">70/1</a>.</p></authorialNote><sup>)</sup>.</p>
      </container>
      <container name="وإذ تعيد تأكيد" eId="container_5">
        <p xml:space="preserve">
          <span class="bold italic">وإذ تعيد تأكيد</span> ولاية المركز الإقليمي المتمثلة في أن يقدم، عند الطلب، دعما فنيا للمبادرات والأنشطة الأخرى التي تضطلع بها الدول الأعضاء في المنطقة من أجل تنفيذ التدابير الرامية إلى تحقيق السلام ونزع السلاح ومن أجل تعزيز التنمية الاقتصادية والاجتماعية،</p>
      </container>
      <container name="وإذ تحيط علما" eId="container_6">
        <p xml:space="preserve">
          <span class="bold italic">وإذ تحيط علما</span> بتقرير الأمين العام<sup>(</sup><authorialNote marker="2" placement="bottom" eId="authorialNote_2"><p xml:space="preserve">	()	<a href="https://undocs.org/ar/A/74/115">A/74/115</a>.</p></authorialNote><sup>)</sup>، وإذ تعرب عن تقديرها للمركز الإقليمي للمساعدة المهمة التي يقدمها إلى عدة بلدان في المنطقة بناء على طلبها، بوسائل منها أنشطة بناء القدرات وتقديم المساعدة التقنية لتنفيذ الصكوك المتعلقة بنزع السلاح وعدم الانتشار وتحديد الأسلحة،</p>
      </container>
      <container name="وإذ ترحب" eId="container_7">
        <p xml:space="preserve">
          <span class="bold italic">وإذ ترحب</span> بالدعم الذي يقدمه المركز الإقليمي إلى الدول الأعضاء في تنفيذ الصكوك المتعلقة بنزع السلاح ومنع الانتشار،</p>
      </container>
      <container name="وإذ تشدد" eId="container_8">
        <p xml:space="preserve">
          <span class="bold italic">وإذ تشدد</span> على ضرورة أن يطور المركز الإقليمي أنشطته وبرامجه ويعززها على نحو شامل ومتوازن، وفقا لولايته وبما يتسق مع طلبات المساعدة الواردة من الدول الأعضاء،</p>
      </container>
      <container name="وإذ ترحب" eId="container_9">
        <p xml:space="preserve">
          <span class="bold italic">وإذ ترحب</span> بالدعم الذي يواصل المركز الإقليمي تقديمه إلى الدول الأعضاء في تنفيذ برنامج العمل المتعلق بمنع الاتجار غير المشروع بالأسلحة الصغيرة والأسلحة الخفيفة من جميع جوانبه ومكافحته والقضاء عليه<sup>(</sup><authorialNote marker="3" placement="bottom" eId="authorialNote_3"><p xml:space="preserve">	()	تقرير مؤتمر الأمم المتحدة المعني بالاتجار غير المشروع بالأسلحة الصغيرة والأسلحة الخفيفة من جميع جوانبه، نيويورك،  9-20 تموز/يوليه 2001 (<a href="https://undocs.org/ar/A/CONF.192/15">A/CONF.192/15</a>)، الفصل الرابع، الفقرة 24.</p></authorialNote><sup>)</sup>،</p>
      </container>
      <container name="وإذ ترحب أيضا" eId="container_10">
        <p xml:space="preserve">
          <span class="bold italic">وإذ ترحب أيضا</span> بالمساعدة التي يقدمها المركز الإقليمي إلى بعض الدول بناء على طلبها، في مجال إدارة مخزونات الأسلحة الوطنية وتأمينها وتحديد وتدمير الأسلحة والذخيرة الفائضة أو المتقادمة أو المضبوطة، وفقا لما أعلنته السلطات الوطنية المختصة، وبخاصة إنشاء مركز تدريب إقليمي في بورت أوف سبين لإدارة مخزونات الأسلحة،</p>
      </container>
      <container name="وإذ ترحب كذلك" eId="container_11">
        <p xml:space="preserve">
          <span class="bold italic">وإذ ترحب كذلك</span> بمبادرة المركز الإقليمي إلى مواصلة الاضطلاع بأنشطة تتسق مع الجهود الرامية إلى كفالة تمتع المرأة بالمساواة في التمثيل في جميع عمليات صنع القرار المتعلقة بالمسائل المتصلة بنزع السلاح ومنع الانتشار وتحديد الأسلحة، على نحو ما شجعت عليه في قرارها <a href="https://undocs.org/ar/A/RES/65/69">65/69</a> المؤرخ 8 كانون الأول/ديسمبر 2010 وقراراتها اللاحقة، بما في ذلك القرار <a href="https://undocs.org/ar/A/RES/73/46">73/46</a> المؤرخ 5 كانون الأول/ ديسمبر 2018،</p>
      </container>
      <container name="وإذ تشير" eId="container_12">
        <p xml:space="preserve">
          <span class="bold italic">وإذ تشير</span> إلى تقرير فريق الخبراء الحكوميين المعني بالصلة بين نزع السلاح والتنمية<sup>(</sup><authorialNote marker="4" placement="bottom" eId="authorialNote_4"><p xml:space="preserve">	()	انظر <a href="https://undocs.org/ar/A/59/119">A/59/119</a>.</p></authorialNote><sup>)</sup> المشار إليه في قرار الجمعية العامة <a href="https://undocs.org/ar/A/RES/59/78">59/78</a> المؤرخ 3 كانون الأول/ديسمبر 2004 الذي يكتسي أهمية قصوى فيما يتعلق بالدور الذي يؤديه المركز الإقليمي في الترويج لهذه المسألة في المنطقة في إطار الاضطلاع بالولاية المنوطة به المتمثلة في تحقيق التنمية الاقتصادية والاجتماعية في سياق السلام ونزع السلاح،</p>
      </container>
      <container name="وإذ تلاحظ" eId="container_13">
        <p xml:space="preserve">
          <span class="bold italic">وإذ تلاحظ</span> أن مسائل الأمن ونزع السلاح والتنمية كانت دائما ولا تزال من المواضيع التي يسلّم بأهميتها في أمريكا اللاتينية ومنطقة البحر الكاريبي التي هي أول منطقة مأهولة في العالم تعلن منطقة خالية من الأسلحة النووية،</p>
      </container>
      <container name="وإذ تسلم" eId="container_14">
          <p xml:space="preserve">
            <span class="bold italic">وإذ تسلم</span> بالتعاون بين المركز الإقليمي ووكالة حظر الأسلحة النووية في أمريكا اللاتينية ومنطقة البحر الكاريبي بشأن تعزيز المنطقة الخالية من الأسلحة النووية المنشأة بموجب معاهدة حظر الأسلحة النووية في أمريكا اللاتينية ومنطقة البحر الكاريبي (معاهدة تلاتيلولكو)<sup>(</sup><authorialNote marker="5" placement="bottom" eId="authorialNote_5"><p xml:space="preserve">	()	United Nations, <span class="italic">Treaty Series</span>, vol. 634, No. 9068.</p></authorialNote><sup>)</sup> والجهود التي يبذلها المركز للنهوض بالتثقيف في مجال السلام ونزع السلاح، ولا سيما في صفوف الشباب،</p>
      </container>
        <container name="وإذ تضع في اعتبارها" eId="container_15">
        <p xml:space="preserve">
          <span class="bold italic">وإذ تضع في اعتبارها</span> الدور المهم الذي يؤديه المركز الإقليمي في تعزيز تدابير بناء الثقة وفي تحديد الأسلحة والحد منها ونزع السلاح والتنمية على الصعيد الإقليمي،</p>
      </container>
      <container name="وإذ تسلم" eId="container_16">
          <p xml:space="preserve">
            <span class="bold italic">وإذ تسلم</span> بأهمية المعلومات والبحوث والتثقيف والتدريب من أجل السلام ونزع السلاح والتنمية لتحقيق التفاهم والتعاون بين الدول،</p>
      </container>
    </preamble>
    <mainBody>
      <paragraph eId="para_17" class="SingleTxt">
        <content eId="para_17__content">
          <p xml:space="preserve">	1 -	<span class="bold italic">تكرر تأكيد دعمها القوي</span> للدور الذي يقوم به مركز الأمم المتحدة الإقليمي للسلام ونزع السلاح والتنمية في أمريكا اللاتينية ومنطقة البحر الكاريبي في الترويج للأنشطة التي تضطلع بها الأمم المتحدة على الصعيدين الإقليمي ودون الإقليمي تعزيزا للسلام ونزع السلاح والاستقرار والأمن والتنمية بين الدول الأعضاء فيه؛</p>
        </content>
      </paragraph>
      <paragraph eId="para_18" class="SingleTxt">
        <content eId="para_18__content">
          <p xml:space="preserve">	2 -	<span class="bold italic">ترحب</span> بالأنشطة التي اضطلع بها المركز الإقليمي في العام الماضي، وتطلب إلى المركز أن يواصل أخذ المقترحات التي ستقدمها بلدان المنطقة في الاعتبار من أجل تنفيذ ولاية المركز في مجالات السلام ونزع السلاح والتنمية، والنهوض، في جملة أمور، بنزع السلاح النووي وبمنع الاتجار غير المشروع بالأسلحة الصغيرة والأسلحة الخفيفة والذخيرة والمتفجرات ومكافحته والقضاء عليه، وبعدم انتشار أسلحة الدمار الشامل، وبتدابير بناء الثقة وتحديد الأسلحة والحد منها والشفافية والحد من العنف المسلح ومنع نشوبه على الصعيدين الإقليمي ودون الإقليمي؛</p>
        </content>
      </paragraph>
      <paragraph eId="para_19" class="SingleTxt">
        <content eId="para_19__content">
          <p xml:space="preserve">	3 -	<span class="bold italic">تعرب عن تقديرها</span> للدول الأعضاء للدعم السياسي الذي تقدمه من أجل تعزيز المركز الإقليمي وبرنامج أنشطته وتنفيذ ذلك البرنامج وللدول الأعضاء والمنظمات الدولية، الحكومية منها وغير الحكومية، للمساهمات المالية التي تقدمها لهذا الغرض، وتشجعها على مواصلة تقديم التبرعات وزيادة حجمها؛</p>
        </content>
      </paragraph>
      <paragraph eId="para_20" class="SingleTxt">
        <content eId="para_20__content">
          <p xml:space="preserve">	4 -	<span class="bold italic">تدعو</span> جميع دول المنطقة إلى مواصلة المشاركة في الأنشطة التي يقوم بها المركز الإقليمي، باقتراح مواضيع لإدراجها في برنامج أنشطته وتعظيم الاستفادة من إمكاناته للتصدي للتحديات الماثلة حاليا أمام المجتمع الدولي، بغية تحقيق أهداف ميثاق الأمم المتحدة في مجالات السلام ونزع السلاح والتنمية؛</p>
        </content>
      </paragraph>
      <paragraph eId="para_21" class="SingleTxt">
        <content eId="para_21__content">
          <p xml:space="preserve">	5 -	<span class="bold italic">تسلم</span> بأن للمركز الإقليمي دورا مهما في تعزيز وتطوير المبادرات الإقليمية ودون الإقليمية التي اتفقت عليها بلدان أمريكا اللاتينية ومنطقة البحر الكاريبي في مجال أسلحة الدمار الشامل، وبخاصة الأسلحة النووية، وفي مجال الأسلحة التقليدية، بما فيها الأسلحة الصغيرة والأسلحة الخفيفة، وفي مجال الصلة بين نزع السلاح والتنمية، بما في ذلك تنفيذ أهداف التنمية المستدامة<sup>(1)</sup>، وفي تشجيع مشاركة المرأة في هذا المضمار، وفي مجال تعزيز تدابير بناء الثقة بين بلدان المنطقة المضطلع بها طوعا؛</p>
        </content>
      </paragraph>
      <paragraph eId="para_22" class="SingleTxt">
        <content eId="para_22__content">
          <p xml:space="preserve">	6 -	<span class="bold italic">تشجع</span> المركز الإقليمي على أن يواصل تطوير الأنشطة في جميع بلدان المنطقة في مجالات السلام ونزع السلاح والتنمية ذات الأهمية وأن يقدم، بناء على الطلب ووفق ولايته، الدعم إلى الدول الأعضاء في المنطقة لتنفيذ الصكوك ذات الصلة بالموضوع على الصعيد الوطني، ومن ضمنها برنامج العمل المتعلق بمنع الاتجار غير المشروع بالأسلحة الصغيرة والأسلحة الخفيفة من جميع جوانبه ومكافحته والقضاء عليه<sup>(3)</sup> ومعاهدة تجارة الأسلحة<sup>(</sup><authorialNote marker="6" placement="bottom" eId="authorialNote_6"><p xml:space="preserve">	()	انظر القرار <a href="https://undocs.org/ar/A/RES/67/234">67/234</a> باء.</p></authorialNote><sup>)</sup>، ولتنفيذ برنامج القرار 1540 المتعلق بمنع انتشار أسلحة الدمار الشامل؛</p>
        </content>
      </paragraph>
      <paragraph eId="para_23" class="SingleTxt">
        <content eId="para_23__content">
          <p xml:space="preserve">	7 -	<span class="bold italic">تطلب</span> إلى الأمين العام أن يقدم إلى الجمعية العامة في دورتها الخامسة والسبعين تقريرا عن تنفيذ هذا القرار؛</p>
        </content>
      </paragraph>
      <paragraph eId="para_24" class="SingleTxt">
        <content eId="para_24__content">
          <p xml:space="preserve">	8 -	<span class="bold italic">تقرر</span> أن تدرج في جدول الأعمال المؤقت لدورتها الخامسة والسبعين البند الفرعي المعنون ”مركز الأمم المتحدة الإقليمي للسلام ونزع السلاح والتنمية في أمريكا اللاتينية ومنطقة البحر الكاريبي“ في إطار البند المعنون ”استعراض وتنفيذ وثيقة اختتام دورة الجمعية العامة الاستثنائية الثانية عشرة“. </p>
        </content>
      </paragraph>
    </mainBody>
    <conclusions eId="conclusions">
      <p>
        <inline name="adoptionMeeting" title="46">الجلسة العامة 46</inline>
        <eol />
        <docDate date="2019-12-12" refersTo="#adoptionDate">12 كانون الأول/ديسمبر 2019</docDate>
      </p>
    </conclusions>
  </statement>
</akomaNtoso>