<akomaNtoso xmlns:xsi="http://www.w3.org/2001/XMLSchema-instance" xsi:schemaLocation="http://docs.oasis-open.org/legaldocml/ns/akn/3.0 http://docs.oasis-open.org/legaldocml/akn-core/v1.0/os/part2-specs/schemas/akomantoso30.xsd" xmlns="http://docs.oasis-open.org/legaldocml/ns/akn/3.0" xmlns:html="http://www.w3.org/1999/xhtml" xmlns:akn4un="http://un.org/akn4un">
  <statement name="resolution">
    <meta>
      <identification source="#DGACM">
        <FRBRWork>
          <FRBRthis value="/akn/un/statement/deliberation/unga/2019-12-12/74-77/!main/"></FRBRthis>
          <FRBRuri value="/akn/un/statement/deliberation/unga/2019-12-12/74-77/"></FRBRuri>
          <FRBRdate date="2019-12-12" name="adoption"></FRBRdate>
          <FRBRauthor href="ga" as="author"></FRBRauthor>
          <FRBRcountry value="un"></FRBRcountry>
        </FRBRWork>
        <FRBRExpression>
          <FRBRthis value="/akn/un/statement/deliberation/unga/2019-12-12/74-77/ara@!main/"></FRBRthis>
          <FRBRuri value="/akn/un/statement/deliberation/unga/2019-12-12/74-77/ara@/"></FRBRuri>
          <FRBRdate date="2019-12-23" name="publication"></FRBRdate>
          <FRBRauthor href="ga" as="issuer"></FRBRauthor>
          <FRBRlanguage language="ara"></FRBRlanguage>
        </FRBRExpression>
        <FRBRManifestation>
          <FRBRthis value="/akn/un/statement/deliberation/unga/2019-12-12/74-77/ara@/!main.xml"></FRBRthis>
          <FRBRuri value="/akn/un/statement/deliberation/unga/2019-12-12/74-77/ara@.xml"></FRBRuri>
          <FRBRdate date="2020-09-01" name="markup"></FRBRdate>
          <FRBRauthor href="DGACM" as="editor"></FRBRauthor>
        </FRBRManifestation>
      </identification>
      <classification source="http://metadata.un.org/sdg">
        <keyword value="14" href="http://metadata.un.org/sdg/14" showAs="sdg_14" dictionary="SDGO"></keyword>
        <keyword value="marine_life" href="http://eurovoc.europa.eu/3149" showAs="marine_life" dictionary="EuroVoc"></keyword>
        <keyword value="marine_environment" href="http://eurovoc.europa.eu/5742" showAs="marine_environment" dictionary="EuroVoc"></keyword>
        <keyword value="ocean" href="http://eurovoc.europa.eu/2107" showAs="ocean" dictionary="EuroVoc"></keyword>
        <keyword value="sea" href="http://eurovoc.europa.eu/1870" showAs="sea" dictionary="EuroVoc"></keyword>
        <keyword value="marine_resources" href="http://metadata.un.org/thesaurus/030800" showAs="marine_resources" dictionary="UNBIS Thesaurus"></keyword>
        <keyword value="marine_resources" href="http://metadata.un.org/thesaurus/1003922" showAs="marine_resources" dictionary="UNBIS Thesaurus"></keyword>
        <keyword value="oceans_and_seas" href="http://metadata.un.org/thesaurus/170600" showAs="oceans_and_seas" dictionary="UNBIS Thesaurus"></keyword>
      </classification>
      <classification source="http://metadata.un.org/sdg">
        <keyword value="6" href="http://metadata.un.org/sdg/6" showAs="sdg_6" dictionary="SDGO"></keyword>
        <keyword value="water" href="http://eurovoc.europa.eu/597" showAs="water" dictionary="EuroVoc"></keyword>
        <keyword value="public_hygiene" href="http://eurovoc.europa.eu/3371" showAs="public_hygiene" dictionary="EuroVoc"></keyword>
        <keyword value="use_of_water" href="http://eurovoc.europa.eu/4628" showAs="use_of_water" dictionary="EuroVoc"></keyword>
        <keyword value="water" href="http://metadata.un.org/thesaurus/030500" showAs="water" dictionary="UNBIS Thesaurus"></keyword>
        <keyword value="sanitation" href="http://metadata.un.org/thesaurus/1005701" showAs="sanitation" dictionary="UNBIS Thesaurus"></keyword>
        <keyword value="water_management" href="http://metadata.un.org/thesaurus/1006948" showAs="water_management" dictionary="UNBIS Thesaurus"></keyword>
      </classification>
      <workflow source="#un">
        <step date="2019-10-21" outcome="draftResolution" as="A/C.1/74/L.9" by="Algeria, Angola, Austria, Cyprus, Egypt, Eritrea, Greece, Ireland, Libya, Malta, Myanmar, Netherlands, Portugal and Tunisia" />
        <step date="0001-01-01" outcome="draftResolutionAdditionalSponsors" by="Georgia, Iraq, Jordan, Kazakhstan, Lebanon, Morocco, Mozambique, Nigeria, San Marino, Saudi Arabia, Serbia, Slovenia, Sudan, Turkey and United Kingdom" />
        <step date="0001-01-01" outcome="recommendedForAdoption" as="A/74/373" by="" refersTo="7" />
        <step date="2019-12-12" outcome="adopted" as="A/74/PV.46" by="" />
      </workflow>
      <analysis source="#un">
        <parliamentary>
          <voting outcome="adoptedRecordedVote">
            <count value="179" refersTo="inFavour">
              <akn4un:voters>
                <organization refersTo="memberState">AFGHANISTAN</organization>
                <organization refersTo="memberState">ALBANIA</organization>
                <organization refersTo="memberState">ALGERIA</organization>
                <organization refersTo="memberState">ANDORRA</organization>
                <organization refersTo="memberState">ANGOLA</organization>
                <organization refersTo="memberState">ANTIGUA AND BARBUDA</organization>
                <organization refersTo="memberState">ARGENTINA</organization>
                <organization refersTo="memberState">ARMENIA</organization>
                <organization refersTo="memberState">AUSTRALIA</organization>
                <organization refersTo="memberState">AUSTRIA</organization>
                <organization refersTo="memberState">AZERBAIJAN</organization>
                <organization refersTo="memberState">BAHAMAS</organization>
                <organization refersTo="memberState">BAHRAIN</organization>
                <organization refersTo="memberState">BANGLADESH</organization>
                <organization refersTo="memberState">BARBADOS</organization>
                <organization refersTo="memberState">BELARUS</organization>
                <organization refersTo="memberState">BELGIUM</organization>
                <organization refersTo="memberState">BELIZE</organization>
                <organization refersTo="memberState">BENIN</organization>
                <organization refersTo="memberState">BHUTAN</organization>
                <organization refersTo="memberState">BOSNIA AND HERZEGOVINA</organization>
                <organization refersTo="memberState">BOTSWANA</organization>
                <organization refersTo="memberState">BRAZIL</organization>
                <organization refersTo="memberState">BRUNEI DARUSSALAM</organization>
                <organization refersTo="memberState">BULGARIA</organization>
                <organization refersTo="memberState">BURKINA FASO</organization>
                <organization refersTo="memberState">BURUNDI</organization>
                <organization refersTo="memberState">CABO VERDE</organization>
                <organization refersTo="memberState">CAMBODIA</organization>
                <organization refersTo="memberState">CAMEROON</organization>
                <organization refersTo="memberState">CANADA</organization>
                <organization refersTo="memberState">CENTRAL AFRICAN REPUBLIC</organization>
                <organization refersTo="memberState">CHAD</organization>
                <organization refersTo="memberState">CHILE</organization>
                <organization refersTo="memberState">CHINA</organization>
                <organization refersTo="memberState">COLOMBIA</organization>
                <organization refersTo="memberState">COMOROS</organization>
                <organization refersTo="memberState">CONGO</organization>
                <organization refersTo="memberState">COSTA RICA</organization>
                <organization refersTo="memberState">COTE D'IVOIRE</organization>
                <organization refersTo="memberState">CROATIA</organization>
                <organization refersTo="memberState">CUBA</organization>
                <organization refersTo="memberState">CYPRUS</organization>
                <organization refersTo="memberState">CZECHIA</organization>
                <organization refersTo="memberState">DEMOCRATIC PEOPLE'S REPUBLIC OF KOREA</organization>
                <organization refersTo="memberState">DEMOCRATIC REPUBLIC OF THE CONGO</organization>
                <organization refersTo="memberState">DENMARK</organization>
                <organization refersTo="memberState">DJIBOUTI</organization>
                <organization refersTo="memberState">DOMINICAN REPUBLIC</organization>
                <organization refersTo="memberState">ECUADOR</organization>
                <organization refersTo="memberState">EGYPT</organization>
                <organization refersTo="memberState">EL SALVADOR</organization>
                <organization refersTo="memberState">ERITREA</organization>
                <organization refersTo="memberState">ESTONIA</organization>
                <organization refersTo="memberState">ESWATINI</organization>
                <organization refersTo="memberState">ETHIOPIA</organization>
                <organization refersTo="memberState">FIJI</organization>
                <organization refersTo="memberState">FINLAND</organization>
                <organization refersTo="memberState">FRANCE</organization>
                <organization refersTo="memberState">GABON</organization>
                <organization refersTo="memberState">GAMBIA</organization>
                <organization refersTo="memberState">GEORGIA</organization>
                <organization refersTo="memberState">GERMANY</organization>
                <organization refersTo="memberState">GHANA</organization>
                <organization refersTo="memberState">GREECE</organization>
                <organization refersTo="memberState">GRENADA</organization>
                <organization refersTo="memberState">GUATEMALA</organization>
                <organization refersTo="memberState">GUINEA-BISSAU</organization>
                <organization refersTo="memberState">GUYANA</organization>
                <organization refersTo="memberState">HAITI</organization>
                <organization refersTo="memberState">HONDURAS</organization>
                <organization refersTo="memberState">HUNGARY</organization>
                <organization refersTo="memberState">ICELAND</organization>
                <organization refersTo="memberState">INDIA</organization>
                <organization refersTo="memberState">INDONESIA</organization>
                <organization refersTo="memberState">IRAQ</organization>
                <organization refersTo="memberState">IRELAND</organization>
                <organization refersTo="memberState">ITALY</organization>
                <organization refersTo="memberState">JAMAICA</organization>
                <organization refersTo="memberState">JAPAN</organization>
                <organization refersTo="memberState">JORDAN</organization>
                <organization refersTo="memberState">KAZAKHSTAN</organization>
                <organization refersTo="memberState">KENYA</organization>
                <organization refersTo="memberState">KIRIBATI</organization>
                <organization refersTo="memberState">KUWAIT</organization>
                <organization refersTo="memberState">KYRGYZSTAN</organization>
                <organization refersTo="memberState">LAO PEOPLE'S DEMOCRATIC REPUBLIC</organization>
                <organization refersTo="memberState">LATVIA</organization>
                <organization refersTo="memberState">LEBANON</organization>
                <organization refersTo="memberState">LESOTHO</organization>
                <organization refersTo="memberState">LIBERIA</organization>
                <organization refersTo="memberState">LIBYA</organization>
                <organization refersTo="memberState">LIECHTENSTEIN</organization>
                <organization refersTo="memberState">LITHUANIA</organization>
                <organization refersTo="memberState">LUXEMBOURG</organization>
                <organization refersTo="memberState">MADAGASCAR</organization>
                <organization refersTo="memberState">MALAWI</organization>
                <organization refersTo="memberState">MALAYSIA</organization>
                <organization refersTo="memberState">MALDIVES</organization>
                <organization refersTo="memberState">MALI</organization>
                <organization refersTo="memberState">MALTA</organization>
                <organization refersTo="memberState">MAURITANIA</organization>
                <organization refersTo="memberState">MAURITIUS</organization>
                <organization refersTo="memberState">MEXICO</organization>
                <organization refersTo="memberState">MONACO</organization>
                <organization refersTo="memberState">MONGOLIA</organization>
                <organization refersTo="memberState">MONTENEGRO</organization>
                <organization refersTo="memberState">MOROCCO</organization>
                <organization refersTo="memberState">MOZAMBIQUE</organization>
                <organization refersTo="memberState">MYANMAR</organization>
                <organization refersTo="memberState">NAMIBIA</organization>
                <organization refersTo="memberState">NEPAL</organization>
                <organization refersTo="memberState">NETHERLANDS</organization>
                <organization refersTo="memberState">NEW ZEALAND</organization>
                <organization refersTo="memberState">NICARAGUA</organization>
                <organization refersTo="memberState">NIGER</organization>
                <organization refersTo="memberState">NIGERIA</organization>
                <organization refersTo="memberState">NORTH MACEDONIA</organization>
                <organization refersTo="memberState">NORWAY</organization>
                <organization refersTo="memberState">OMAN</organization>
                <organization refersTo="memberState">PAKISTAN</organization>
                <organization refersTo="memberState">PANAMA</organization>
                <organization refersTo="memberState">PARAGUAY</organization>
                <organization refersTo="memberState">PERU</organization>
                <organization refersTo="memberState">PHILIPPINES</organization>
                <organization refersTo="memberState">POLAND</organization>
                <organization refersTo="memberState">PORTUGAL</organization>
                <organization refersTo="memberState">QATAR</organization>
                <organization refersTo="memberState">REPUBLIC OF KOREA</organization>
                <organization refersTo="memberState">REPUBLIC OF MOLDOVA</organization>
                <organization refersTo="memberState">ROMANIA</organization>
                <organization refersTo="memberState">RUSSIAN FEDERATION</organization>
                <organization refersTo="memberState">RWANDA</organization>
                <organization refersTo="memberState">SAINT KITTS AND NEVIS</organization>
                <organization refersTo="memberState">SAINT LUCIA</organization>
                <organization refersTo="memberState">SAINT VINCENT AND THE GRENADINES</organization>
                <organization refersTo="memberState">SAMOA</organization>
                <organization refersTo="memberState">SAN MARINO</organization>
                <organization refersTo="memberState">SAO TOME AND PRINCIPE</organization>
                <organization refersTo="memberState">SAUDI ARABIA</organization>
                <organization refersTo="memberState">SENEGAL</organization>
                <organization refersTo="memberState">SERBIA</organization>
                <organization refersTo="memberState">SEYCHELLES</organization>
                <organization refersTo="memberState">SIERRA LEONE</organization>
                <organization refersTo="memberState">SINGAPORE</organization>
                <organization refersTo="memberState">SLOVAKIA</organization>
                <organization refersTo="memberState">SLOVENIA</organization>
                <organization refersTo="memberState">SOLOMON ISLANDS</organization>
                <organization refersTo="memberState">SOUTH AFRICA</organization>
                <organization refersTo="memberState">SOUTH SUDAN</organization>
                <organization refersTo="memberState">SPAIN</organization>
                <organization refersTo="memberState">SRI LANKA</organization>
                <organization refersTo="memberState">SUDAN</organization>
                <organization refersTo="memberState">SURINAME</organization>
                <organization refersTo="memberState">SWEDEN</organization>
                <organization refersTo="memberState">SWITZERLAND</organization>
                <organization refersTo="memberState">SYRIAN ARAB REPUBLIC</organization>
                <organization refersTo="memberState">TAJIKISTAN</organization>
                <organization refersTo="memberState">THAILAND</organization>
                <organization refersTo="memberState">TIMOR-LESTE</organization>
                <organization refersTo="memberState">TOGO</organization>
                <organization refersTo="memberState">TRINIDAD AND TOBAGO</organization>
                <organization refersTo="memberState">TUNISIA</organization>
                <organization refersTo="memberState">TURKEY</organization>
                <organization refersTo="memberState">TURKMENISTAN</organization>
                <organization refersTo="memberState">TUVALU</organization>
                <organization refersTo="memberState">UGANDA</organization>
                <organization refersTo="memberState">UKRAINE</organization>
                <organization refersTo="memberState">UNITED ARAB EMIRATES</organization>
                <organization refersTo="memberState">UNITED KINGDOM</organization>
                <organization refersTo="memberState">UNITED REPUBLIC OF TANZANIA</organization>
                <organization refersTo="memberState">URUGUAY</organization>
                <organization refersTo="memberState">UZBEKISTAN</organization>
                <organization refersTo="memberState">VANUATU</organization>
                <organization refersTo="memberState">VENEZUELA (BOLIVARIAN REPUBLIC OF)</organization>
                <organization refersTo="memberState">VIET NAM</organization>
                <organization refersTo="memberState">YEMEN</organization>
                <organization refersTo="memberState">ZAMBIA</organization>
                <organization refersTo="memberState">ZIMBABWE</organization>
              </akn4un:voters>
            </count>
            <count value="2" refersTo="abstaining">
              <akn4un:voters>
                <organization refersTo="memberState">ISRAEL</organization>
                <organization refersTo="memberState">UNITED STATES</organization>
              </akn4un:voters>
            </count>
          </voting>
        </parliamentary>
      </analysis>
      <references source="#DGACM">
        <TLCOrganization eId="source" href="/akn/ontology/organization/un/DGACM" showAs="DGACM"></TLCOrganization>
        <TLCConcept eId="dateOfIssuance" href="/akn/ontology/concept/un/dateOfIssuance" showAs="Date of issuance"></TLCConcept>
        <TLCConcept eId="dateOfAdoption" href="/akn/ontology/concept/un/dateOfAdoption" showAs="Date of adoption"></TLCConcept>
        <TLCConcept eId="symbol" href="/akn/ontology/reference/un/symbol" showAs="Symbol"></TLCConcept>
        <TLCRole eId="publisher" href="/akn/ontology/role/un/publisher" showAs="Publisher"></TLCRole>
        <TLCRole eId="issuingBody" href="/akn/role/concept/un/issuingBody" showAs="Issuing body"></TLCRole>
        <TLCRole eId="author" href="/akn/ontology/role/un/author" showAs="Author"></TLCRole>
        <TLCRole eId="editor" href="/akn/ontology/role/un/editor" showAs="Editor"></TLCRole>
        <TLCRole eId="distribution" href="/akn/ontology/concept/un/generalDistribution" showAs="General distribution"></TLCRole>
        <TLCOrganization eId="ga" href="/akn/ontology/organization/un/generalAssembly" showAs="General Assembly"></TLCOrganization>
        <TLCTerm eId="resolutionTitle" href="/akn/ontology/reference/un/resolutionTitle" showAs="Resolution title"></TLCTerm>
        <TLCTerm eId="firstCommittee" href="#firstCommittee" showAs="اللجنة الأولى"></TLCTerm>
        <TLCTerm eId="memberState" href="/akn/ontology/organization/un/memberState" showAs="Member State"></TLCTerm>
        <TLCTerm eId="inFavour" href="/akn/ontology/concept/un/voting/inFavour" showAs="In favour"></TLCTerm>
        <TLCTerm eId="against" href="/akn/ontology/concept/un/voting/against" showAs="Against"></TLCTerm>
        <TLCTerm eId="abstaining" href="/akn/ontology/concept/un/voting/abstaining" showAs="Abstaining"></TLCTerm>
      </references>
      <presentation source="#un">
        <akn4un:footerFirstPage>
          <akn4un:footerFirstPageLeft>
            <akn4un:internalCode>
              <docketNumber refersTo="#publicationJobNumber"></docketNumber>
              <img alt="bar code" class="barCode" src=""></img>
            </akn4un:internalCode>
          </akn4un:footerFirstPageLeft>
          <akn4un:footerFirstPageRight>
            <img alt="Please recycle" class="image" src="./recylcleLogo.jpg"></img>
            <img alt="embedded QR code" class="qrCode" src=""></img>
          </akn4un:footerFirstPageRight>
        </akn4un:footerFirstPage>
      </presentation>
    </meta>
    <coverPage eId="coverPage_1">
      <p>
        <span refersTo="#publisher" class="upperLeft">
          <docAuthority refersTo="#publisher">الأمــم المتحـدة</docAuthority>
        </span>
      </p>
      <p class="upperRight">
        <docNumber refersTo="#symbol">A/RES/74/77</docNumber>
      </p>
      <p class="upperLeft">
        <img src="logo-un.jpg"></img>
        <docAuthority refersTo="#issuingBody" class="rightBig">الجمعية العامة</docAuthority>
      </p>
      <p>
        <docStatus refersTo="#generalDistribution" class="rightSmall">Distr.: General</docStatus>
      </p>
      <p>
        <docDate date="2019-12-23" class="rightSmall" refersTo="#dateOfIssuance">23 December 2019</docDate>
      </p>
      <p>
        <session refersTo="#generalAssembly" value="74" eId="coverPage_1__session_1">الدورة الرابعة والسبعون</session>
      </p>
      <p>
        <inline name="agenda item">البند 103 من جدول الأعمال</inline>
      </p>
      <p>
        <inline name="agenda item name">تعزيز الأمن والتعاون في منطقة البحر الأبيض المتوسط</inline>
      </p>
      <p>
        <docTitle>قرار اتخذته الجمعية العامة في 12 كانون الأول/ديسمبر 2019</docTitle>
      </p>
      <p xml:space="preserve">
        <docProponent refersTo="#firstCommittee">[بناء على تقرير اللجنة الأولى (<inline name="originating document">A/74/373</inline>)]</docProponent>
      </p>
    </coverPage>
    <preface>
      <p>
        <docNumber>74/77.</docNumber>
        <docTitle refersTo="#resolutionTitle">-	تعزيز الأمن والتعاون في منطقة البحر الأبيض المتوسط</docTitle>
      </p>
    </preface>
    <preamble>
      <formula name="enactingFormula" eId="formula_1">
        <p xml:space="preserve">
          <span class="bold italic">إن الجمعية العامة</span>،</p>
      </formula>
      <container name="إذ تشير" eId="container_2">
        <p xml:space="preserve">
          <span class="bold italic">إذ تشير</span> إلى قراراتها السابقة المتعلقة بهذا الموضوع، بما فيها القرار <a href="https://undocs.org/ar/A/RES/73/85">73/85</a> المؤرخ 5 كانون الأول/ ديسمبر 2018،</p>
      </container>
      <container name="وإذ تعيد تأكيد" eId="container_3">
        <p xml:space="preserve">
          <span class="bold italic">وإذ تعيد تأكيد</span> الدور الرئيسي لبلدان البحر الأبيض المتوسط في تدعيم وتعزيز السلام والأمن والتعاون في منطقة البحر الأبيض المتوسط،</p>
      </container>
      <container name="وإذ ترحب" eId="container_4">
        <p xml:space="preserve">
          <span class="bold italic">وإذ ترحب</span> بالجهود التي تبذلها بلدان أوروبا والبحر الأبيض المتوسط لتعزيز تعاونها في مكافحة الإرهاب، وخصوصا باعتماد مؤتمر قمة بلدان أوروبا والبحر الأبيض المتوسط الذي عُقد في برشلونة، إسبانيا في 27 و 28 تشرين الثاني/نوفمبر 2005 مدونة قواعد السلوك لمكافحة الإرهاب لبلدان أوروبا والبحر الأبيض المتوسط،</p>
      </container>
      <container name="وإذ تضع في اعتبارها" eId="container_5">
        <p xml:space="preserve">
          <span class="bold italic">وإذ تضع في اعتبارها</span> جميع الإعلانات والالتزامات السابقة وجميع المبادرات التي اتخذتها بلدان حوض البحر الأبيض المتوسط في مؤتمرات القمة والاجتماعات الوزارية ومختلف المنتديات التي عقدت مؤخرا بشأن مسألة منطقة البحر الأبيض المتوسط،</p>
      </container>
      <container name="وإذ تشير" eId="container_6">
        <p xml:space="preserve">
          <span class="bold italic">وإذ تشير</span>، في هذا الصدد، إلى اعتماد الإعلان المشترك لمؤتمر قمة باريس من أجل منطقة البحر الأبيض المتوسط في 13 تموز/يوليه 2008 الذي استهل شراكة معززة سميت ”عملية برشلونة: الاتحاد من أجل منطقة البحر الأبيض المتوسط“ وإلى الإرادة السياسية المشتركة لتنشيط الجهود الرامية إلى تحويل منطقة البحر الأبيض المتوسط إلى منطقة يعمها السلام والديمقراطية والتعاون والازدهار،</p>
      </container>
      <container name="وإذ ترحب" eId="container_7">
        <p xml:space="preserve">
          <span class="bold italic">وإذ ترحب</span> ببدء نفاذ معاهدة إنشاء منطقة خالية من الأسلحة النووية في أفريقيا (معاهدة بليندابا)<sup>(</sup><authorialNote marker="1" placement="bottom" eId="authorialNote_1"><p xml:space="preserve">	()	<a href="https://undocs.org/ar/A/50/426">A/50/426</a>، المرفق.</p></authorialNote><sup>)</sup> بوصفه إسهاما في تعزيز السلام والأمن على الصعيدين الإقليمي والدولي،</p>
      </container>
      <container name="وإذ تسلّم" eId="container_8">
          <p xml:space="preserve">
            <span class="bold italic">وإذ تسلّم</span> بأن الأمن في منطقة البحر الأبيض المتوسط ذو طابع لا يتجزأ وأن تعزيز التعاون بين بلدان البحر الأبيض المتوسط بهدف تشجيع التنمية الاقتصادية والاجتماعية لجميع شعوب المنطقة سيُسهم إلى حد كبير في تحقيق الاستقرار والسلام والأمن فيها،</p>
      </container>
        <container name="وإذ تسلّم أيضا" eId="container_9">
          <p xml:space="preserve">
            <span class="bold italic">وإذ تسلّم أيضا</span> بالجهود التي بُذلت حتى الآن وبتصميم بلدان البحر الأبيض المتوسط على تكثيف عملية الحوار والتشاور من أجل حل المشاكل القائمة في منطقة البحر الأبيض المتوسط وإزالة أسباب التوتر وما ينجم عنها من تهديد للسلام والأمن وبوعي هذه البلدان المتزايد بضرورة بذل مزيد من الجهود المشتركة لتعزيز التعاون الاقتصادي والاجتماعي والثقافي والبيئي في المنطقة،</p>
        </container>
          <container name="وإذ تسلّم كذلك" eId="container_10">
          <p xml:space="preserve">
            <span class="bold italic">وإذ تسلّم كذلك</span> بأن التطورات الإيجابية في جميع أنحاء العالم، وبخاصة في أوروبا والمغرب العربي والشرق الأوسط، يمكن أن تعزز آفاق إقامة تعاون أوثق بين أوروبا ومنطقة البحر الأبيض المتوسط في جميع المجالات،</p>
          </container>
      <container name="وإذ تعيد تأكيد" eId="container_11">
        <p xml:space="preserve">
          <span class="bold italic">وإذ تعيد تأكيد</span> مسؤولية جميع الدول عن الإسهام في استقرار منطقة البحر الأبيض المتوسط وازدهارها والتزام تلك الدول باحترام مقاصد ميثاق الأمم المتحدة ومبادئه وأحكام إعلان مبادئ القانون الدولي المتصلة بالعلاقات الودية والتعاون بين الدول وفقا لميثاق الأمم المتحدة<sup>(</sup><authorialNote marker="2" placement="bottom" eId="authorialNote_2"><p xml:space="preserve">	()	القرار 2625 (د-25)، المرفق.</p></authorialNote><sup>)</sup>،</p>
      </container>
      <container name="وإذ تلاحظ" eId="container_12">
        <p xml:space="preserve">
          <span class="bold italic">وإذ تلاحظ</span> مفاوضات السلام في الشرق الأوسط التي ينبغي أن تكون ذات طابع شامل وأن تمثل إطارا ملائما لتسوية المسائل المتنازع عليها في المنطقة بالطرق السلمية،</p>
      </container>
      <container name="وإذ تعرب عن القلق" eId="container_13">
        <p xml:space="preserve">
          <span class="bold italic">وإذ تعرب عن القلق</span> من استمرار حالة التوتر والأنشطة العسكرية في أجزاء من منطقة البحر الأبيض المتوسط، الأمر الذي يعوق الجهود الرامية إلى تعزيز الأمن والتعاون في المنطقة،</p>
      </container>
      <container name="وإذ تحيط علما" eId="container_14">
        <p xml:space="preserve">
          <span class="bold italic">وإذ تحيط علما</span> بتقرير الأمين العام<sup>(</sup><authorialNote marker="3" placement="bottom" eId="authorialNote_3"><p xml:space="preserve">	()	<a href="https://undocs.org/ar/A/74/97">A/74/97</a>.</p></authorialNote><sup>)</sup>،</p>
      </container>
    </preamble>
    <mainBody>
      <paragraph eId="para_15" class="MercuryDocument">
        <content eId="para_15__content">
          <p xml:space="preserve">	1 -	<span class="bold italic">تعيد تأكيد</span> أن الأمن في منطقة البحر الأبيض المتوسط يرتبط ارتباطا وثيقا بالأمن في أوروبا وبالسلام والأمن الدوليين؛</p>
        </content>
      </paragraph>
      <paragraph eId="para_16" class="MercuryDocument">
        <content eId="para_16__content">
          <p xml:space="preserve">	2 -	<span class="bold italic">تعرب عن ارتياحها</span> للجهود المتواصلة التي تبذلها بلدان البحر الأبيض المتوسط للإسهام بنشاط في إزالة جميع أسباب التوتر في المنطقة وفي إيجاد حلول عادلة دائمة للمشاكل المستمرة في المنطقة بالوسائل السلمية، لتضمن بذلك انسحاب قوات الاحتلال الأجنبية واحترام سيادة جميع بلدان البحر الأبيض المتوسط واستقلالها وسلامتها الإقليمية وحق الشعوب في تقرير المصير، ومن ثم فإنها تدعو إلى التقيد التام بمبادئ عدم التدخل بكل أشكاله وعدم استعمال القوة أو التهديد باستعمالها وعدم جواز حيازة الأرض بالقوة، وفقا للميثاق وقرارات الأمم المتحدة ذات الصلة؛</p>
        </content>
      </paragraph>
      <paragraph eId="para_17" class="MercuryDocument">
        <content eId="para_17__content">
          <p xml:space="preserve">	3 -	<span class="bold italic">تثني</span> على بلدان البحر الأبيض المتوسط لما تبذله من جهود في مواجهة التحديات المشتركة من خلال إجراءات شاملة منسقة تقوم على أساس روح الشراكة المتعددة الأطراف لتحقيق الهدف العام المتمثل في تحويل حوض البحر الأبيض المتوسط إلى منطقة للحوار والتبادل والتعاون، بما يضمن السلام والاستقرار والازدهار، وتشجع هذه البلدان على تعزيز هذه الجهود بوسائل منها إقامة حوار تعاوني عملي المنحى على أساس دائم متعدد الأطراف بين دول المنطقة، وتنوه بدور الأمم المتحدة في تعزيز السلام والأمن على الصعيدين الإقليمي والدولي؛</p>
        </content>
      </paragraph>
      <paragraph eId="para_18" class="MercuryDocument">
        <content eId="para_18__content">
          <p xml:space="preserve">	4 -	<span class="bold italic">تسلّم</span> بأن إزالة أوجه التفاوت الاقتصادي والاجتماعي في مستويات التنمية وغير ذلك من العقبات واحترام ثقافات منطقة البحر الأبيض المتوسط وزيادة التفاهم بينها أمور من شأنها أن تسهم في تعزيز السلام والأمن والتعاون بين بلدان البحر الأبيض المتوسط من خلال المنتديات القائمة؛</p>
        </content>
      </paragraph>
      <paragraph eId="para_19" class="MercuryDocument">
        <content eId="para_19__content">
          <p xml:space="preserve">	5 -	<span class="bold italic">تهيب</span> بجميع دول منطقة البحر الأبيض المتوسط التي لم تنضم بعد إلى جميع الصكوك القانونية المعمول بها المتصلة بميدان نزع السلاح ومنع الانتشار التي تم التوصل إليها في مفاوضات متعددة الأطراف أن تقوم بذلك، مما يهيئ الظروف اللازمة لتعزيز السلام والتعاون في المنطقة؛</p>
        </content>
      </paragraph>
      <paragraph eId="para_20" class="MercuryDocument">
        <content eId="para_20__content">
          <p xml:space="preserve">	6 -	<span class="bold italic">تشجع</span> جميع دول المنطقة على تهيئة الظروف اللازمة لتعزيز تدابير بناء الثقة فيما بينها بتشجيع المصارحة والشفافية الحقيقيتين في جميع المسائل العسكرية وبالمشاركة في جملة أمور منها تقرير الأمم المتحدة المتعلق بالنفقات العسكرية وبتقديم بيانات ومعلومات مطابقة للواقع إلى سجل الأمم المتحدة للأسلحة التقليدية؛</p>
        </content>
      </paragraph>
      <paragraph eId="para_21" class="MercuryDocument">
        <content eId="para_21__content">
          <p xml:space="preserve">	7 -	<span class="bold italic">تشجع</span> بلدان البحر الأبيض المتوسط على مواصلة توطيد تعاونها في مكافحة الإرهاب بجميع أشكاله ومظاهره، بما في ذلك إمكانية لجوء الإرهابيين إلى استخدام أسلحة الدمار الشامل، آخذة في الاعتبار قرارات الأمم المتحدة ذات الصلة، وفي مكافحة الجريمة الدولية ونقل الأسلحة غير المشروع وإنتاج المخدرات واستهلاكها والاتجار بها بصورة غير مشروعة، مما يشكل خطرا جسيما يهدد السلام والأمن والاستقرار في المنطقة ويحول، بالتالي، دون تحسن الحالة السياسية والاقتصادية والاجتماعية الراهنة ويعرض العلاقات الودية بين الدول للخطر ويعوق تنمية التعاون الدولي ويؤدي إلى تقويض حقوق الإنسان والحريات الأساسية والأساس الديمقراطي للمجتمع التعددي؛</p>
        </content>
      </paragraph>
      <paragraph eId="para_22" class="MercuryDocument">
        <content eId="para_22__content">
          <p xml:space="preserve">	8 -	<span class="bold italic">تطلب</span> إلى الأمين العام أن يقدم إلى الجمعية العامة في دورتها الخامسة والسبعين تقريرا عن سبل تعزيز الأمن والتعاون في منطقة البحر الأبيض المتوسط؛</p>
        </content>
      </paragraph>
      <paragraph eId="para_23" class="SingleTxt">
        <content eId="para_23__content">
          <p xml:space="preserve">	9 -	<span class="bold italic">تقرر</span> أن تدرج في جدول الأعمال المؤقت لدورتها الخامسة والسبعين البند المعنون ”تعزيز الأمن والتعاون في منطقة البحر الأبيض المتوسط“.</p>
        </content>
      </paragraph>
    </mainBody>
    <conclusions eId="conclusions">
      <p>
        <inline name="adoptionMeeting" title="46">الجلسة العامة 46</inline>
        <eol />
        <docDate date="2019-12-12" refersTo="#adoptionDate">12 كانون الأول/ديسمبر 2019</docDate>
      </p>
    </conclusions>
  </statement>
</akomaNtoso>