<akomaNtoso xmlns:xsi="http://www.w3.org/2001/XMLSchema-instance" xsi:schemaLocation="http://docs.oasis-open.org/legaldocml/ns/akn/3.0 http://docs.oasis-open.org/legaldocml/akn-core/v1.0/os/part2-specs/schemas/akomantoso30.xsd" xmlns="http://docs.oasis-open.org/legaldocml/ns/akn/3.0" xmlns:html="http://www.w3.org/1999/xhtml" xmlns:akn4un="http://un.org/akn4un">
  <statement name="resolution">
    <meta>
      <identification source="#DGACM">
        <FRBRWork>
          <FRBRthis value="/akn/un/statement/deliberation/unga/2019-11-07/74-7/!main/"></FRBRthis>
          <FRBRuri value="/akn/un/statement/deliberation/unga/2019-11-07/74-7/"></FRBRuri>
          <FRBRdate date="2019-11-07" name="adoption"></FRBRdate>
          <FRBRauthor href="ga" as="author"></FRBRauthor>
          <FRBRcountry value="un"></FRBRcountry>
        </FRBRWork>
        <FRBRExpression>
          <FRBRthis value="/akn/un/statement/deliberation/unga/2019-11-07/74-7/ara@!main/"></FRBRthis>
          <FRBRuri value="/akn/un/statement/deliberation/unga/2019-11-07/74-7/ara@/"></FRBRuri>
          <FRBRdate date="2019-11-12" name="publication"></FRBRdate>
          <FRBRauthor href="ga" as="issuer"></FRBRauthor>
          <FRBRlanguage language="ara"></FRBRlanguage>
        </FRBRExpression>
        <FRBRManifestation>
          <FRBRthis value="/akn/un/statement/deliberation/unga/2019-11-07/74-7/ara@/!main.xml"></FRBRthis>
          <FRBRuri value="/akn/un/statement/deliberation/unga/2019-11-07/74-7/ara@.xml"></FRBRuri>
          <FRBRdate date="2020-09-01" name="markup"></FRBRdate>
          <FRBRauthor href="DGACM" as="editor"></FRBRauthor>
        </FRBRManifestation>
      </identification>
      <classification source="http://metadata.un.org/sdg">
        <keyword value="10" href="http://metadata.un.org/sdg/10" showAs="sdg_10" dictionary="SDGO"></keyword>
        <keyword value="social_inequality" href="http://eurovoc.europa.eu/1420" showAs="social_inequality" dictionary="EuroVoc"></keyword>
        <keyword value="equality" href="http://metadata.un.org/thesaurus/1002102" showAs="equality" dictionary="UNBIS Thesaurus"></keyword>
      </classification>
      <classification source="http://metadata.un.org/sdg">
        <keyword value="16" href="http://metadata.un.org/sdg/16" showAs="sdg_16" dictionary="SDGO"></keyword>
        <keyword value="right_to_justice" href="http://eurovoc.europa.eu/516" showAs="right_to_justice" dictionary="EuroVoc"></keyword>
        <keyword value="sustainable_development" href="http://eurovoc.europa.eu/5585" showAs="sustainable_development" dictionary="EuroVoc"></keyword>
        <keyword value="civil_society" href="http://metadata.un.org/thesaurus/1001012" showAs="civil_society" dictionary="UNBIS Thesaurus"></keyword>
        <keyword value="justice" href="http://metadata.un.org/thesaurus/1003500" showAs="justice" dictionary="UNBIS Thesaurus"></keyword>
        <keyword value="peaceful_coexistence" href="http://metadata.un.org/thesaurus/1004777" showAs="peaceful_coexistence" dictionary="UNBIS Thesaurus"></keyword>
        <keyword value="public_institutions" href="http://metadata.un.org/thesaurus/1005254" showAs="public_institutions" dictionary="UNBIS Thesaurus"></keyword>
        <keyword value="social_justice" href="http://metadata.un.org/thesaurus/1005970" showAs="social_justice" dictionary="UNBIS Thesaurus"></keyword>
        <keyword value="sustainable_development" href="http://metadata.un.org/thesaurus/1006319" showAs="sustainable_development" dictionary="UNBIS Thesaurus"></keyword>
      </classification>
      <workflow source="#un">
        <step date="2019-10-08" outcome="draftResolution" as="A/74/L.6" by="Cuba" />
        <step date="0001-01-01" outcome="draftResolutionAdditionalSponsors" by="" />
        <step date="0001-01-01" outcome="recommendedForAdoption" by="" />
        <step date="2019-11-07" outcome="adopted" as="A/74/PV.28" by="" />
      </workflow>
      <analysis source="#un">
        <parliamentary>
          <voting outcome="adoptedRecordedVote">
            <count value="187" refersTo="inFavour">
              <akn4un:voters>
                <organization refersTo="memberState">AFGHANISTAN</organization>
                <organization refersTo="memberState">ALBANIA</organization>
                <organization refersTo="memberState">ALGERIA</organization>
                <organization refersTo="memberState">ANDORRA</organization>
                <organization refersTo="memberState">ANGOLA</organization>
                <organization refersTo="memberState">ANTIGUA AND BARBUDA</organization>
                <organization refersTo="memberState">ARGENTINA</organization>
                <organization refersTo="memberState">ARMENIA</organization>
                <organization refersTo="memberState">AUSTRALIA</organization>
                <organization refersTo="memberState">AUSTRIA</organization>
                <organization refersTo="memberState">AZERBAIJAN</organization>
                <organization refersTo="memberState">BAHAMAS</organization>
                <organization refersTo="memberState">BAHRAIN</organization>
                <organization refersTo="memberState">BANGLADESH</organization>
                <organization refersTo="memberState">BARBADOS</organization>
                <organization refersTo="memberState">BELARUS</organization>
                <organization refersTo="memberState">BELGIUM</organization>
                <organization refersTo="memberState">BELIZE</organization>
                <organization refersTo="memberState">BENIN</organization>
                <organization refersTo="memberState">BHUTAN</organization>
                <organization refersTo="memberState">BOLIVIA (PLURINATIONAL STATE OF)</organization>
                <organization refersTo="memberState">BOSNIA AND HERZEGOVINA</organization>
                <organization refersTo="memberState">BOTSWANA</organization>
                <organization refersTo="memberState">BRUNEI DARUSSALAM</organization>
                <organization refersTo="memberState">BULGARIA</organization>
                <organization refersTo="memberState">BURKINA FASO</organization>
                <organization refersTo="memberState">BURUNDI</organization>
                <organization refersTo="memberState">CABO VERDE</organization>
                <organization refersTo="memberState">CAMBODIA</organization>
                <organization refersTo="memberState">CAMEROON</organization>
                <organization refersTo="memberState">CANADA</organization>
                <organization refersTo="memberState">CENTRAL AFRICAN REPUBLIC</organization>
                <organization refersTo="memberState">CHAD</organization>
                <organization refersTo="memberState">CHILE</organization>
                <organization refersTo="memberState">CHINA</organization>
                <organization refersTo="memberState">COMOROS</organization>
                <organization refersTo="memberState">CONGO</organization>
                <organization refersTo="memberState">COSTA RICA</organization>
                <organization refersTo="memberState">COTE D'IVOIRE</organization>
                <organization refersTo="memberState">CROATIA</organization>
                <organization refersTo="memberState">CUBA</organization>
                <organization refersTo="memberState">CYPRUS</organization>
                <organization refersTo="memberState">CZECHIA</organization>
                <organization refersTo="memberState">DEMOCRATIC PEOPLE'S REPUBLIC OF KOREA</organization>
                <organization refersTo="memberState">DEMOCRATIC REPUBLIC OF THE CONGO</organization>
                <organization refersTo="memberState">DENMARK</organization>
                <organization refersTo="memberState">DJIBOUTI</organization>
                <organization refersTo="memberState">DOMINICA</organization>
                <organization refersTo="memberState">DOMINICAN REPUBLIC</organization>
                <organization refersTo="memberState">ECUADOR</organization>
                <organization refersTo="memberState">EGYPT</organization>
                <organization refersTo="memberState">EL SALVADOR</organization>
                <organization refersTo="memberState">EQUATORIAL GUINEA</organization>
                <organization refersTo="memberState">ERITREA</organization>
                <organization refersTo="memberState">ESTONIA</organization>
                <organization refersTo="memberState">ESWATINI</organization>
                <organization refersTo="memberState">ETHIOPIA</organization>
                <organization refersTo="memberState">FIJI</organization>
                <organization refersTo="memberState">FINLAND</organization>
                <organization refersTo="memberState">FRANCE</organization>
                <organization refersTo="memberState">GABON</organization>
                <organization refersTo="memberState">GAMBIA</organization>
                <organization refersTo="memberState">GEORGIA</organization>
                <organization refersTo="memberState">GERMANY</organization>
                <organization refersTo="memberState">GHANA</organization>
                <organization refersTo="memberState">GREECE</organization>
                <organization refersTo="memberState">GRENADA</organization>
                <organization refersTo="memberState">GUATEMALA</organization>
                <organization refersTo="memberState">GUINEA</organization>
                <organization refersTo="memberState">GUINEA-BISSAU</organization>
                <organization refersTo="memberState">GUYANA</organization>
                <organization refersTo="memberState">HAITI</organization>
                <organization refersTo="memberState">HONDURAS</organization>
                <organization refersTo="memberState">HUNGARY</organization>
                <organization refersTo="memberState">ICELAND</organization>
                <organization refersTo="memberState">INDIA</organization>
                <organization refersTo="memberState">INDONESIA</organization>
                <organization refersTo="memberState">IRAN (ISLAMIC REPUBLIC OF)</organization>
                <organization refersTo="memberState">IRAQ</organization>
                <organization refersTo="memberState">IRELAND</organization>
                <organization refersTo="memberState">ITALY</organization>
                <organization refersTo="memberState">JAMAICA</organization>
                <organization refersTo="memberState">JAPAN</organization>
                <organization refersTo="memberState">JORDAN</organization>
                <organization refersTo="memberState">KAZAKHSTAN</organization>
                <organization refersTo="memberState">KENYA</organization>
                <organization refersTo="memberState">KIRIBATI</organization>
                <organization refersTo="memberState">KUWAIT</organization>
                <organization refersTo="memberState">KYRGYZSTAN</organization>
                <organization refersTo="memberState">LAO PEOPLE'S DEMOCRATIC REPUBLIC</organization>
                <organization refersTo="memberState">LATVIA</organization>
                <organization refersTo="memberState">LEBANON</organization>
                <organization refersTo="memberState">LESOTHO</organization>
                <organization refersTo="memberState">LIBERIA</organization>
                <organization refersTo="memberState">LIBYA</organization>
                <organization refersTo="memberState">LIECHTENSTEIN</organization>
                <organization refersTo="memberState">LITHUANIA</organization>
                <organization refersTo="memberState">LUXEMBOURG</organization>
                <organization refersTo="memberState">MADAGASCAR</organization>
                <organization refersTo="memberState">MALAWI</organization>
                <organization refersTo="memberState">MALAYSIA</organization>
                <organization refersTo="memberState">MALDIVES</organization>
                <organization refersTo="memberState">MALI</organization>
                <organization refersTo="memberState">MALTA</organization>
                <organization refersTo="memberState">MARSHALL ISLANDS</organization>
                <organization refersTo="memberState">MAURITANIA</organization>
                <organization refersTo="memberState">MAURITIUS</organization>
                <organization refersTo="memberState">MEXICO</organization>
                <organization refersTo="memberState">MICRONESIA (FEDERATED STATES OF)</organization>
                <organization refersTo="memberState">MONACO</organization>
                <organization refersTo="memberState">MONGOLIA</organization>
                <organization refersTo="memberState">MONTENEGRO</organization>
                <organization refersTo="memberState">MOROCCO</organization>
                <organization refersTo="memberState">MOZAMBIQUE</organization>
                <organization refersTo="memberState">MYANMAR</organization>
                <organization refersTo="memberState">NAMIBIA</organization>
                <organization refersTo="memberState">NAURU</organization>
                <organization refersTo="memberState">NEPAL</organization>
                <organization refersTo="memberState">NETHERLANDS</organization>
                <organization refersTo="memberState">NEW ZEALAND</organization>
                <organization refersTo="memberState">NICARAGUA</organization>
                <organization refersTo="memberState">NIGER</organization>
                <organization refersTo="memberState">NIGERIA</organization>
                <organization refersTo="memberState">NORTH MACEDONIA</organization>
                <organization refersTo="memberState">NORWAY</organization>
                <organization refersTo="memberState">OMAN</organization>
                <organization refersTo="memberState">PAKISTAN</organization>
                <organization refersTo="memberState">PALAU</organization>
                <organization refersTo="memberState">PANAMA</organization>
                <organization refersTo="memberState">PAPUA NEW GUINEA</organization>
                <organization refersTo="memberState">PARAGUAY</organization>
                <organization refersTo="memberState">PERU</organization>
                <organization refersTo="memberState">PHILIPPINES</organization>
                <organization refersTo="memberState">POLAND</organization>
                <organization refersTo="memberState">PORTUGAL</organization>
                <organization refersTo="memberState">QATAR</organization>
                <organization refersTo="memberState">REPUBLIC OF KOREA</organization>
                <organization refersTo="memberState">ROMANIA</organization>
                <organization refersTo="memberState">RUSSIAN FEDERATION</organization>
                <organization refersTo="memberState">RWANDA</organization>
                <organization refersTo="memberState">SAINT KITTS AND NEVIS</organization>
                <organization refersTo="memberState">SAINT LUCIA</organization>
                <organization refersTo="memberState">SAINT VINCENT AND THE GRENADINES</organization>
                <organization refersTo="memberState">SAMOA</organization>
                <organization refersTo="memberState">SAN MARINO</organization>
                <organization refersTo="memberState">SAO TOME AND PRINCIPE</organization>
                <organization refersTo="memberState">SAUDI ARABIA</organization>
                <organization refersTo="memberState">SENEGAL</organization>
                <organization refersTo="memberState">SERBIA</organization>
                <organization refersTo="memberState">SEYCHELLES</organization>
                <organization refersTo="memberState">SIERRA LEONE</organization>
                <organization refersTo="memberState">SINGAPORE</organization>
                <organization refersTo="memberState">SLOVAKIA</organization>
                <organization refersTo="memberState">SLOVENIA</organization>
                <organization refersTo="memberState">SOLOMON ISLANDS</organization>
                <organization refersTo="memberState">SOMALIA</organization>
                <organization refersTo="memberState">SOUTH AFRICA</organization>
                <organization refersTo="memberState">SOUTH SUDAN</organization>
                <organization refersTo="memberState">SPAIN</organization>
                <organization refersTo="memberState">SRI LANKA</organization>
                <organization refersTo="memberState">SUDAN</organization>
                <organization refersTo="memberState">SURINAME</organization>
                <organization refersTo="memberState">SWEDEN</organization>
                <organization refersTo="memberState">SWITZERLAND</organization>
                <organization refersTo="memberState">SYRIAN ARAB REPUBLIC</organization>
                <organization refersTo="memberState">TAJIKISTAN</organization>
                <organization refersTo="memberState">THAILAND</organization>
                <organization refersTo="memberState">TIMOR-LESTE</organization>
                <organization refersTo="memberState">TOGO</organization>
                <organization refersTo="memberState">TONGA</organization>
                <organization refersTo="memberState">TRINIDAD AND TOBAGO</organization>
                <organization refersTo="memberState">TUNISIA</organization>
                <organization refersTo="memberState">TURKEY</organization>
                <organization refersTo="memberState">TURKMENISTAN</organization>
                <organization refersTo="memberState">TUVALU</organization>
                <organization refersTo="memberState">UGANDA</organization>
                <organization refersTo="memberState">UNITED ARAB EMIRATES</organization>
                <organization refersTo="memberState">UNITED KINGDOM</organization>
                <organization refersTo="memberState">UNITED REPUBLIC OF TANZANIA</organization>
                <organization refersTo="memberState">URUGUAY</organization>
                <organization refersTo="memberState">UZBEKISTAN</organization>
                <organization refersTo="memberState">VANUATU</organization>
                <organization refersTo="memberState">VENEZUELA (BOLIVARIAN REPUBLIC OF)</organization>
                <organization refersTo="memberState">VIET NAM</organization>
                <organization refersTo="memberState">YEMEN</organization>
                <organization refersTo="memberState">ZAMBIA</organization>
                <organization refersTo="memberState">ZIMBABWE</organization>
              </akn4un:voters>
            </count>
            <count value="3" refersTo="against">
              <akn4un:voters>
                <organization refersTo="memberState">BRAZIL</organization>
                <organization refersTo="memberState">ISRAEL</organization>
                <organization refersTo="memberState">UNITED STATES</organization>
              </akn4un:voters>
            </count>
            <count value="2" refersTo="abstaining">
              <akn4un:voters>
                <organization refersTo="memberState">COLOMBIA</organization>
                <organization refersTo="memberState">UKRAINE</organization>
              </akn4un:voters>
            </count>
          </voting>
        </parliamentary>
      </analysis>
      <references source="#DGACM">
        <TLCOrganization eId="source" href="/akn/ontology/organization/un/DGACM" showAs="DGACM"></TLCOrganization>
        <TLCConcept eId="dateOfIssuance" href="/akn/ontology/concept/un/dateOfIssuance" showAs="Date of issuance"></TLCConcept>
        <TLCConcept eId="dateOfAdoption" href="/akn/ontology/concept/un/dateOfAdoption" showAs="Date of adoption"></TLCConcept>
        <TLCConcept eId="symbol" href="/akn/ontology/reference/un/symbol" showAs="Symbol"></TLCConcept>
        <TLCRole eId="publisher" href="/akn/ontology/role/un/publisher" showAs="Publisher"></TLCRole>
        <TLCRole eId="issuingBody" href="/akn/role/concept/un/issuingBody" showAs="Issuing body"></TLCRole>
        <TLCRole eId="author" href="/akn/ontology/role/un/author" showAs="Author"></TLCRole>
        <TLCRole eId="editor" href="/akn/ontology/role/un/editor" showAs="Editor"></TLCRole>
        <TLCRole eId="distribution" href="/akn/ontology/concept/un/generalDistribution" showAs="General distribution"></TLCRole>
        <TLCOrganization eId="ga" href="/akn/ontology/organization/un/generalAssembly" showAs="General Assembly"></TLCOrganization>
        <TLCTerm eId="resolutionTitle" href="/akn/ontology/reference/un/resolutionTitle" showAs="Resolution title"></TLCTerm>
        <TLCTerm eId="noMainCommittee" href="#noMainCommittee" showAs="دون الإحالة إلى لجنة رئيسية"></TLCTerm>
        <TLCTerm eId="memberState" href="/akn/ontology/organization/un/memberState" showAs="Member State"></TLCTerm>
        <TLCTerm eId="inFavour" href="/akn/ontology/concept/un/voting/inFavour" showAs="In favour"></TLCTerm>
        <TLCTerm eId="against" href="/akn/ontology/concept/un/voting/against" showAs="Against"></TLCTerm>
        <TLCTerm eId="abstaining" href="/akn/ontology/concept/un/voting/abstaining" showAs="Abstaining"></TLCTerm>
      </references>
      <presentation source="#un">
        <akn4un:footerFirstPage>
          <akn4un:footerFirstPageLeft>
            <akn4un:internalCode>
              <docketNumber refersTo="#publicationJobNumber">19-19266 (A)</docketNumber>
              <img alt="bar code" class="barCode" src=""></img>
            </akn4un:internalCode>
          </akn4un:footerFirstPageLeft>
          <akn4un:footerFirstPageRight>
            <img alt="Please recycle" class="image" src="./recylcleLogo.jpg"></img>
            <img alt="embedded QR code" class="qrCode" src=""></img>
          </akn4un:footerFirstPageRight>
        </akn4un:footerFirstPage>
      </presentation>
    </meta>
    <coverPage eId="coverPage_1">
      <p>
        <span refersTo="#publisher" class="upperLeft">
          <docAuthority refersTo="#publisher">الأمــم المتحـدة</docAuthority>
        </span>
      </p>
      <p class="upperRight">
        <docNumber refersTo="#symbol">A/RES/74/7</docNumber>
      </p>
      <p class="upperLeft">
        <img src="logo-un.jpg"></img>
        <docAuthority refersTo="#issuingBody" class="rightBig">الجمعية العامة</docAuthority>
      </p>
      <p>
        <docStatus refersTo="#generalDistribution" class="rightSmall">Distr.: General</docStatus>
      </p>
      <p>
        <docDate date="2019-11-12" class="rightSmall" refersTo="#dateOfIssuance">12 November 2019</docDate>
      </p>
      <p>
        <session refersTo="#generalAssembly" value="74" eId="coverPage_1__session_1">الدورة الرابعة والسبعون</session>
      </p>
      <p>
        <inline name="agenda item">البند 39 من جدول الأعمال</inline>
      </p>
      <p>
        <inline name="agenda item name">ضرورة إنهاء الحصار الاقتصادي والتجاري والمالي الذي تفرضه الولايات المتحدة الأمريكية على كوبا</inline>
      </p>
      <p>
        <docTitle>قرار اتخذته الجمعية العامة في 7 تشرين الثاني/نوفمبر 2019</docTitle>
      </p>
      <p xml:space="preserve">
        <docProponent refersTo="#noMainCommittee">[دون الإحالة إلى لجنة رئيسية (<inline name="originating document">A/74/L.6</inline>)]</docProponent>
      </p>
    </coverPage>
    <preface>
      <p>
        <docNumber>74/7.</docNumber>
        <docTitle refersTo="#resolutionTitle">-	ضرورة إنهاء الحصار الاقتصادي والتجاري والمالي الذي تفرضه الولايات المتحدة الأمريكية على كوبا</docTitle>
      </p>
    </preface>
    <preamble>
      <formula name="enactingFormula" eId="formula_1">
        <p xml:space="preserve">
          <span class="bold italic">إن الجمعية العامة</span>،</p>
      </formula>
      <container name="تصميما منها" eId="container_2">
        <p xml:space="preserve">
          <span class="bold italic">تصميما منها</span> على تشجيع الامتثال الدقيق للمقاصد والمبادئ المكرسة في ميثاق الأمم المتحدة،</p>
      </container>
      <container name="وإذ تعيد تأكيد" eId="container_3">
        <p xml:space="preserve">
          <span class="bold italic">وإذ تعيد تأكيد</span> مبادئ عدة منها تساوي الدول في السيادة وعدم التدخل بجميع أشكاله في شؤونها الداخلية وحرية التجارة والملاحة الدوليتين، وهي مبادئ مكرسة أيضا في العديد من الصكوك القانونية الدولية،</p>
      </container>
      <container name="وإذ تشير" eId="container_4">
        <p xml:space="preserve">
          <span class="bold italic">وإذ تشير</span> إلى البيانات التي أدلى بها رؤساء دول أو حكومات أمريكا اللاتينية ومنطقة البحر الكاريبي في مؤتمرات القمة التي عقدتها جماعة دول أمريكا اللاتينية ومنطقة البحر الكاريبي بشأن ضرورة إنهاء الحصار الاقتصادي والتجاري والمالي المفروض على كوبا،</p>
      </container>
      <container name="وإذ يساورها القلق" eId="container_5">
        <p xml:space="preserve">
          <span class="bold italic">وإذ يساورها القلق</span> إزاء استمرار دول أعضاء في إصدار وتطبيق قوانين وأنظمة على شاكلة القانون المسمى ”قانون هيلمز - بيرتون“ الصادر في 12 آذار/مارس 1996، تمس بآثارها التي تتجاوز حدود تلك الدول سيادةَ دول أخرى والمصالح المشروعة لكيانات أو أشخاص خاضعين لولايتها القضائية وحريةَ التجارة والملاحة،</p>
      </container>
      <container name="وإذ تحيط علما" eId="container_6">
        <p xml:space="preserve">
          <span class="bold italic">وإذ تحيط علما</span> بإعلانات وقرارات مختلف المنتديات الحكومية الدولية والهيئات والحكومات التي تعرب عن رفض المجتمع الدولي والرأي العام لإصدار وتطبيق تدابير من النوع المشار إليه أعلاه،</p>
      </container>
      <container name="وإذ تشير" eId="container_7">
        <p xml:space="preserve">
          <span class="bold italic">وإذ تشير</span> إلى قراراتها <a href="https://undocs.org/ar/A/RES/47/19">47/19</a> المؤرخ 24 تشرين الثاني/نوفمبر 1992 و <a href="https://undocs.org/ar/A/RES/48/16">48/16</a> المؤرخ 3 تشرين الثاني/نوفمبر 1993 و <a href="https://undocs.org/ar/A/RES/49/9">49/9</a> المؤرخ 26 تشرين الأول/أكتوبر 1994 و <a href="https://undocs.org/ar/A/RES/50/10">50/10</a> المؤرخ 2 تشرين الثاني/نوفمبر 1995 و <a href="https://undocs.org/ar/A/RES/51/17">51/17</a> المؤرخ 12 تشرين الثاني/نوفمبر 1996 و <a href="https://undocs.org/ar/A/RES/52/10">52/10</a> المؤرخ 5 تشرين الثاني/نوفمبر 1997 و <a href="https://undocs.org/ar/A/RES/53/4">53/4</a> المؤرخ 14 تشرين الأول/أكتوبر 1998 و <a href="https://undocs.org/ar/A/RES/54/21">54/21</a> المؤرخ 9 تشرين الثاني/نوفمبر 1999 و <a href="https://undocs.org/ar/A/RES/55/20">55/20</a> المؤرخ 9 تشرين الثاني/نوفمبر 2000 و <a href="https://undocs.org/ar/A/RES/56/9">56/9</a> المؤرخ 27 تشرين الثاني/نوفمبر 2001 و <a href="https://undocs.org/ar/A/RES/57/11">57/11</a> المؤرخ 12 تشرين الثاني/نوفمبر 2002 و <a href="https://undocs.org/ar/A/RES/58/7">58/7</a> المؤرخ 4 تشرين الثاني/نوفمبر 2003 و <a href="https://undocs.org/ar/A/RES/59/11">59/11</a> المؤرخ 28 تشرين الأول/أكتوبر 2004 و <a href="https://undocs.org/ar/A/RES/60/12">60/12</a> المؤرخ 8 تشرين الثاني/نوفمبر 2005 و <a href="https://undocs.org/ar/A/RES/61/11">61/11</a> المؤرخ 8 تشرين الثاني/نوفمبر 2006 و <a href="https://undocs.org/ar/A/RES/62/3">62/3</a> المؤرخ 30 تشرين الأول/أكتوبر 2007 و <a href="https://undocs.org/ar/A/RES/63/7">63/7</a> المؤرخ 29 تشرين الأول/أكتوبر 2008 و <a href="https://undocs.org/ar/A/RES/64/6">64/6</a> المؤرخ 28 تشرين الأول/أكتوبر 2009 و <a href="https://undocs.org/ar/A/RES/65/6">65/6</a> المؤرخ 26 تشرين الأول/أكتوبر 2010 و <a href="https://undocs.org/ar/A/RES/66/6">66/6</a> المؤرخ 25 تشرين الأول/أكتوبر 2011 و <a href="https://undocs.org/ar/A/RES/67/4">67/4</a> المؤرخ 13 تشرين الثاني/نوفمبر 2012 و <a href="https://undocs.org/ar/A/RES/68/8">68/8</a> المؤرخ 29 تشرين الأول/أكتوبر 2013 و <a href="https://undocs.org/ar/A/RES/69/5">69/5</a> المؤرخ 28 تشرين الأول/أكتوبر 2014 و <a href="https://undocs.org/ar/A/RES/70/5">70/5</a> المؤرخ 27 تشرين الأول/أكتوبر 2015 و <a href="https://undocs.org/ar/A/RES/71/5">71/5</a> المؤرخ 26 تشرين الأول/أكتوبر 2016 و <a href="https://undocs.org/ar/A/RES/72/4">72/4</a> المؤرخ 1 تشرين الثاني/نوفمبر 2017 و <a href="https://undocs.org/ar/A/RES/73/8">73/8</a> المؤرخ 1 تشرين الثاني/نوفمبر 2018،</p>
      </container>
      <container name="وإذ تشير أيضا" eId="container_8">
        <p xml:space="preserve">
          <span class="bold italic">وإذ تشير أيضا</span> إلى التدابير التي اتخذتها السلطة التنفيذية بالولايات المتحدة الأمريكية في عامي 2015 و 2016 لتعديل بعض جوانب تطبيق الحصار، والتي تنافيها التدابير المطبقة منذ عام 2017 من أجل تشديد الحصار،</p>
      </container>
      <container name="وإذ يساورها القلق" eId="container_9">
        <p xml:space="preserve">
          <span class="bold italic">وإذ يساورها القلق</span> لكون الحصار الاقتصادي والتجاري والمالي المفروض على كوبا لا يزال ساريا حتى بعد اتخاذها القرارات <a href="https://undocs.org/ar/A/RES/47/19">47/19</a> و <a href="https://undocs.org/ar/A/RES/48/16">48/16</a> و <a href="https://undocs.org/ar/A/RES/49/9">49/9</a> و <a href="https://undocs.org/ar/A/RES/50/10">50/10</a> و <a href="https://undocs.org/ar/A/RES/51/17">51/17</a> و <a href="https://undocs.org/ar/A/RES/52/10">52/10</a> و <a href="https://undocs.org/ar/A/RES/53/4">53/4</a> و <a href="https://undocs.org/ar/A/RES/54/21">54/21</a> و <a href="https://undocs.org/ar/A/RES/55/20">55/20</a> و <a href="https://undocs.org/ar/A/RES/56/9">56/9</a> و <a href="https://undocs.org/ar/A/RES/57/11">57/11</a> و <a href="https://undocs.org/ar/A/RES/58/7">58/7</a> و <a href="https://undocs.org/ar/A/RES/59/11">59/11</a> و <a href="https://undocs.org/ar/A/RES/60/12">60/12</a> و <a href="https://undocs.org/ar/A/RES/61/11">61/11</a> و <a href="https://undocs.org/ar/A/RES/62/3">62/3</a> و <a href="https://undocs.org/ar/A/RES/63/7">63/7</a> و <a href="https://undocs.org/ar/A/RES/64/6">64/6</a> و <a href="https://undocs.org/ar/A/RES/65/6">65/6</a> و <a href="https://undocs.org/ar/A/RES/66/6">66/6</a> و <a href="https://undocs.org/ar/A/RES/67/4">67/4</a> و <a href="https://undocs.org/ar/A/RES/68/8">68/8</a> و <a href="https://undocs.org/ar/A/RES/69/5">69/5</a> و <a href="https://undocs.org/ar/A/RES/70/5">70/5</a> و <a href="https://undocs.org/ar/A/RES/71/5">71/5</a> و <a href="https://undocs.org/ar/A/RES/72/4">72/4</a> و <a href="https://undocs.org/ar/A/RES/73/8">73/8</a>، وإذ يساورها القلق أيضا إزاء الآثار الضارة لهذه التدابير التي تلحق بالشعب الكوبي والمواطنين الكوبيين المقيمين في بلدان أخرى،</p>
      </container>
    </preamble>
    <mainBody>
      <paragraph eId="para_10" class="SingleTxt">
        <content eId="para_10__content">
          <p xml:space="preserve">	1 -	<span class="bold italic">تحيط علما</span> بتقرير الأمين العام عن تنفيذ القرار 73/8<sup>(</sup><authorialNote marker="1" placement="bottom" eId="authorialNote_1"><p xml:space="preserve">	()	<a href="https://undocs.org/ar/A/74/91/Rev.1">A/74/91/Rev.1</a>.</p></authorialNote><sup>)</sup>؛</p>
        </content>
      </paragraph>
      <paragraph eId="para_11" class="SingleTxt">
        <content eId="para_11__content">
          <p xml:space="preserve">	2 -	<span class="bold italic">تكرر دعوتها</span> جميع الدول إلى الامتناع عن إصدار وتطبيق قوانين وتدابير من النوع المشار إليه في ديباجة هذا القرار، عملا بالتزاماتها بموجب ميثاق الأمم المتحدة والقانون الدولي اللذين يعيدان تأكيد أمور عدة منها حرية التجارة والملاحة؛</p>
        </content>
      </paragraph>
      <paragraph eId="para_12" class="SingleTxt">
        <content eId="para_12__content">
          <p xml:space="preserve">	3 -	<span class="bold italic">تحث مرة أخرى</span> الدول التي سنّت قوانين وتدابير من هذا القبيل ولا تزال تطبقها على اتخاذ الخطوات اللازمة لإلغائها أو إبطالها في أقرب وقت ممكن وفقا لنظامها القانوني؛</p>
        </content>
      </paragraph>
      <paragraph eId="para_13" class="SingleTxt">
        <content eId="para_13__content">
          <p xml:space="preserve">	4 -	<span class="bold italic">تطلب</span> إلى الأمين العام أن يعد، بالتشاور مع الأجهزة والوكالات المختصة في منظومة الأمم المتحدة، تقريرا عن تنفيذ هذا القرار في ضوء مقاصد ومبادئ الميثاق والقانون الدولي، وأن يقدمه إلى الجمعية العامة في دورتها الخامسة والسبعين؛</p>
        </content>
      </paragraph>
      <paragraph eId="para_14" class="SingleTxt">
        <content eId="para_14__content">
          <p xml:space="preserve">	5 -	<span class="bold italic">تقرر</span> أن تدرج في جدول الأعمال المؤقت لدورتها الخامسة والسبعين البند المعنون ”ضرورة إنهاء الحصار الاقتصادي والتجاري والمالي الذي تفرضه الولايات المتحدة الأمريكية على كوبا“.</p>
        </content>
      </paragraph>
    </mainBody>
    <conclusions eId="conclusions">
      <p>
        <inline name="adoptionMeeting" title="28">الجلسة العامة 28</inline>
        <eol />
        <docDate date="2019-11-07" refersTo="#adoptionDate">7 تشرين الثاني/نوفمبر 2019</docDate>
      </p>
    </conclusions>
  </statement>
</akomaNtoso>