<akomaNtoso xmlns:xsi="http://www.w3.org/2001/XMLSchema-instance" xsi:schemaLocation="http://docs.oasis-open.org/legaldocml/ns/akn/3.0 http://docs.oasis-open.org/legaldocml/akn-core/v1.0/os/part2-specs/schemas/akomantoso30.xsd" xmlns="http://docs.oasis-open.org/legaldocml/ns/akn/3.0" xmlns:html="http://www.w3.org/1999/xhtml" xmlns:akn4un="http://un.org/akn4un">
  <statement name="resolution">
    <meta>
      <identification source="#DGACM">
        <FRBRWork>
          <FRBRthis value="/akn/un/statement/deliberation/unga/2019-12-13/74-81/!main/"></FRBRthis>
          <FRBRuri value="/akn/un/statement/deliberation/unga/2019-12-13/74-81/"></FRBRuri>
          <FRBRdate date="2019-12-13" name="adoption"></FRBRdate>
          <FRBRauthor href="ga" as="author"></FRBRauthor>
          <FRBRcountry value="un"></FRBRcountry>
        </FRBRWork>
        <FRBRExpression>
          <FRBRthis value="/akn/un/statement/deliberation/unga/2019-12-13/74-81/ara@!main/"></FRBRthis>
          <FRBRuri value="/akn/un/statement/deliberation/unga/2019-12-13/74-81/ara@/"></FRBRuri>
          <FRBRdate date="2019-12-26" name="publication"></FRBRdate>
          <FRBRauthor href="ga" as="issuer"></FRBRauthor>
          <FRBRlanguage language="ara"></FRBRlanguage>
        </FRBRExpression>
        <FRBRManifestation>
          <FRBRthis value="/akn/un/statement/deliberation/unga/2019-12-13/74-81/ara@/!main.xml"></FRBRthis>
          <FRBRuri value="/akn/un/statement/deliberation/unga/2019-12-13/74-81/ara@.xml"></FRBRuri>
          <FRBRdate date="2020-09-02" name="markup"></FRBRdate>
          <FRBRauthor href="DGACM" as="editor"></FRBRauthor>
        </FRBRManifestation>
      </identification>
      <classification source="http://metadata.un.org/sdg">
        <keyword value="3" href="http://metadata.un.org/sdg/3" showAs="sdg_3" dictionary="SDGO"></keyword>
        <keyword value="public_health" href="http://eurovoc.europa.eu/3885" showAs="public_health" dictionary="EuroVoc"></keyword>
        <keyword value="health" href="http://metadata.un.org/thesaurus/1002824" showAs="health" dictionary="UNBIS Thesaurus"></keyword>
      </classification>
      <classification source="http://metadata.un.org/sdg">
        <keyword value="7" href="http://metadata.un.org/sdg/7" showAs="sdg_7" dictionary="SDGO"></keyword>
        <keyword value="66_energy" href="http://eurovoc.europa.eu/100159" showAs="66_energy" dictionary="EuroVoc"></keyword>
        <keyword value="energy_market" href="http://eurovoc.europa.eu/4886" showAs="energy_market" dictionary="EuroVoc"></keyword>
        <keyword value="sustainable_energy" href="http://metadata.un.org/thesaurus/1006320" showAs="sustainable_energy" dictionary="UNBIS Thesaurus"></keyword>
      </classification>
      <workflow source="#un">
        <step date="2019-10-18" outcome="draftResolution" as="A/C.4/74/L.6" by="Australia, Belarus, Canada and Russian Federation" />
        <step date="0001-01-01" outcome="draftResolutionAdditionalSponsors" by="Algeria, Argentina, Austria, Belgium, Bosnia and Herzegovina, Cyprus, Czechia, Fiji, Finland, Greece, Hungary, Japan, Luxembourg, Malta, Palau, Peru, Poland, Portugal, Republic of Korea, Singapore, Slovakia, Slovenia, Spain, Thailand and Ukraine" />
        <step date="0001-01-01" outcome="recommendedForAdoption" as="A/74/407" by="" refersTo="8" />
        <step date="2019-12-13" outcome="adopted" as="A/74/PV.47" by="" />
      </workflow>
      <analysis source="#un">
        <parliamentary>
          <voting outcome="adoptedWithoutVote">
            <quorum value=""></quorum>
          </voting>
        </parliamentary>
      </analysis>
      <references source="#DGACM">
        <TLCOrganization eId="source" href="/akn/ontology/organization/un/DGACM" showAs="DGACM"></TLCOrganization>
        <TLCConcept eId="dateOfIssuance" href="/akn/ontology/concept/un/dateOfIssuance" showAs="Date of issuance"></TLCConcept>
        <TLCConcept eId="dateOfAdoption" href="/akn/ontology/concept/un/dateOfAdoption" showAs="Date of adoption"></TLCConcept>
        <TLCConcept eId="symbol" href="/akn/ontology/reference/un/symbol" showAs="Symbol"></TLCConcept>
        <TLCRole eId="publisher" href="/akn/ontology/role/un/publisher" showAs="Publisher"></TLCRole>
        <TLCRole eId="issuingBody" href="/akn/role/concept/un/issuingBody" showAs="Issuing body"></TLCRole>
        <TLCRole eId="author" href="/akn/ontology/role/un/author" showAs="Author"></TLCRole>
        <TLCRole eId="editor" href="/akn/ontology/role/un/editor" showAs="Editor"></TLCRole>
        <TLCRole eId="distribution" href="/akn/ontology/concept/un/generalDistribution" showAs="General distribution"></TLCRole>
        <TLCOrganization eId="ga" href="/akn/ontology/organization/un/generalAssembly" showAs="General Assembly"></TLCOrganization>
        <TLCTerm eId="resolutionTitle" href="/akn/ontology/reference/un/resolutionTitle" showAs="Resolution title"></TLCTerm>
        <TLCTerm eId="fourthCommittee" href="#fourthCommittee" showAs="لجنة المسائل السياسية الخاصة وإنهاء الاستعمار"></TLCTerm>
        <TLCTerm eId="memberState" href="/akn/ontology/organization/un/memberState" showAs="Member State"></TLCTerm>
        <TLCTerm eId="inFavour" href="/akn/ontology/concept/un/voting/inFavour" showAs="In favour"></TLCTerm>
        <TLCTerm eId="against" href="/akn/ontology/concept/un/voting/against" showAs="Against"></TLCTerm>
        <TLCTerm eId="abstaining" href="/akn/ontology/concept/un/voting/abstaining" showAs="Abstaining"></TLCTerm>
      </references>
      <presentation source="#un">
        <akn4un:footerFirstPage>
          <akn4un:footerFirstPageLeft>
            <akn4un:internalCode>
              <docketNumber refersTo="#publicationJobNumber"></docketNumber>
              <img alt="bar code" class="barCode" src=""></img>
            </akn4un:internalCode>
          </akn4un:footerFirstPageLeft>
          <akn4un:footerFirstPageRight>
            <img alt="Please recycle" class="image" src="./recylcleLogo.jpg"></img>
            <img alt="embedded QR code" class="qrCode" src=""></img>
          </akn4un:footerFirstPageRight>
        </akn4un:footerFirstPage>
      </presentation>
    </meta>
    <coverPage eId="coverPage_1">
      <p>
        <span refersTo="#publisher" class="upperLeft">
          <docAuthority refersTo="#publisher">الأمــم المتحـدة</docAuthority>
        </span>
      </p>
      <p class="upperRight">
        <docNumber refersTo="#symbol">A/RES/74/81</docNumber>
      </p>
      <p class="upperLeft">
        <img src="logo-un.jpg"></img>
        <docAuthority refersTo="#issuingBody" class="rightBig">الجمعية العامة</docAuthority>
      </p>
      <p>
        <docStatus refersTo="#generalDistribution" class="rightSmall">Distr.: General</docStatus>
      </p>
      <p>
        <docDate date="2019-12-26" class="rightSmall" refersTo="#dateOfIssuance">26 December 2019</docDate>
      </p>
      <p>
        <session refersTo="#generalAssembly" value="74" eId="coverPage_1__session_1">الدورة الرابعة والسبعون</session>
      </p>
      <p>
        <inline name="agenda item">البند 48 من جدول الأعمال</inline>
      </p>
      <p>
        <inline name="agenda item name">آثار الإشعاع الذري</inline>
      </p>
      <p>
        <docTitle>قرار اتخذته الجمعية العامة في 13 كانون الأول/ديسمبر 2019</docTitle>
      </p>
      <p xml:space="preserve">
        <docProponent refersTo="#fourthCommittee">[بناء على تقرير لجنة المسائل السياسية الخاصة وإنهاء الاستعمار (اللجنة الرابعة) (<inline name="originating document">A/74/407</inline>)]</docProponent>
      </p>
    </coverPage>
    <preface>
      <p>
        <docNumber>74/81.</docNumber>
        <docTitle refersTo="#resolutionTitle">-	آثار الإشعاع الذري</docTitle>
      </p>
    </preface>
    <preamble>
      <formula name="enactingFormula" eId="formula_1">
        <p xml:space="preserve">
          <span class="bold italic">إن الجمعية العامة</span>،</p>
      </formula>
      <container name="إذ تشير" eId="container_2">
        <p xml:space="preserve">
          <span class="bold italic">إذ تشير</span> إلى قرارها 913 (د-10) المؤرخ 3 كانون الأول/ديسمبر 1955، الذي أنشأت بموجبه لجنة الأمم المتحدة العلمية المعنية بآثار الإشعاع الذري، وإلى قراراتها اللاحقة المتخذة في هذا الصدد، التي طلبت فيها، في جملة أمور، إلى اللجنة العلمية مواصلة أعمالها،</p>
      </container>
      <container name="وإذ يساورها القلق" eId="container_3">
        <p xml:space="preserve">
          <span class="bold italic">وإذ يساورها القلق</span> إزاء الآثار الضارة التي يمكن أن تلحق بالأجيال الحالية والمقبلة من جراء مستويات الإشعاع التي تتعرض لها البشرية والبيئة،</p>
      </container>
      <container name="وإذ تدرك" eId="container_4">
        <p xml:space="preserve">
          <span class="bold italic">وإذ تدرك</span> أن دراسة المعلومات عن الإشعاع الذري والمؤين وتجميعها وتحليل آثاره على البشر والبيئة لا تزال ضرورية، وإذ تدرك أيضاً ازدياد حجم تلك المعلومات وتعقيدها وتنوعها،</p>
      </container>
      <container name="وإذ تقر" eId="container_5">
          <p xml:space="preserve">
            <span class="bold italic">وإذ تقر</span> بالقلق من آثار الإشعاع الناجمة عن الحوادث النووية،</p>
      </container>
      <container name="وإذ تعيد تأكيد" eId="container_6">
        <p xml:space="preserve">
          <span class="bold italic">وإذ تعيد تأكيد</span> استصواب مواصلة اللجنة العلمية أعمالها، وإذ ترحب بما تبديه الدول الأعضاء في اللجنة من التزام متزايد،</p>
      </container>
      <container name="وإذ تشدد" eId="container_7">
        <p xml:space="preserve">
          <span class="bold italic">وإذ تشدد</span> على الضرورة الملحة لتوفر تمويل كاف مضمون يمكن التنبؤ به لعمل أمانة اللجنة العلمية ولإدارته بكفاءة من أجل وضع الترتيبات للدورات السنوية وتنسيق أعمال إعداد الوثائق استناداً إلى الاستعراضات العلمية لمصادر الإشعاع المؤين والآثار المترتبة عليه في صحة البشر وفي البيئة،</p>
      </container>
      <container name="وإذ تقر" eId="container_8">
          <p xml:space="preserve">
            <span class="bold italic">وإذ تقر</span> بتزايد أهمية العمل العلمي الذي تضطلع به اللجنة العلمية وبضرورة اضطلاعها بأعباء عمل إضافية غير متوقعة، على غرار ما وقع بعد حادثة محطة الطاقة النووية في فوكوشيما داييتشي،</p>
      </container>
      <container name="وإذ ترى" eId="container_9">
        <p xml:space="preserve">
          <span class="bold italic">وإذ ترى</span> أنه يلزم الحفاظ على جودة أعمال اللجنة ودقتها العلمية في المستقبل،</p>
      </container>
      <container name="وإذ تسلم" eId="container_10">
          <p xml:space="preserve">
            <span class="bold italic">وإذ تسلم</span> بأهمية نشر النتائج التي تتوصل إليها اللجنة العلمية، ولا سيما تعميمها على الجمهور، ونشر المعارف العلمية حول الإشعاع الذري على نطاق واسع، وإذ تشير في هذا السياق إلى المبدأ 10 من إعلان ريو بشأن البيئة والتنمية<sup>(</sup><authorialNote marker="1" placement="bottom" eId="authorialNote_1"><p xml:space="preserve">	()	تقرير مؤتمر الأمم المتحدة المعني بالبيئة والتنمية، ريو دي جانيرو، 3-14 حزيران/يونيه 1992، المجلد الأول، القرارات التي اتخذها المؤتمر (منشورات الأمم المتحدة، رقم المبيع A.93.I.8 والتصويب)، القرار 1، المرفق الأول.</p></authorialNote><sup>)</sup>،</p>
      </container>
      <container name="وإذ تشير" eId="container_11">
        <p xml:space="preserve">
          <span class="bold italic">وإذ تشير</span> إلى ضرورة أن تكون موارد اللجنة العلمية كافية ومضمونة ويمكن التنبؤ بها، وإذ تسلّم بأهمية تقديم التبرعات إلى الصندوق الاستئماني العام الذي أنشأه المدير التنفيذي لبرنامج الأمم المتحدة للبيئة لدعم أعمال اللجنة،</p>
      </container>
      <container name="وإذ تنوه" eId="container_12">
        <p xml:space="preserve">
          <span class="bold italic">وإذ تنوه</span> بحضور الإمارات العربية المتحدة، وإيران (جمهورية - الإسلامية)، والجزائر، والنرويج بصفة مراقب في الدورتين الخامسة والستين والسادسة والستين للجنة العلمية،</p>
      </container>
      <container name="وإذ تضع في اعتبارها" eId="container_13">
        <p xml:space="preserve">
          <span class="bold italic">وإذ تضع في اعتبارها</span> أن انضمام أعضاء جدد يستتبع زيادة تناسبية في التكاليف التشغيلية للجنة العلمية، بما فيها تكاليف السفر،</p>
      </container>
      <container name="وإذ تثني" eId="container_14">
          <p xml:space="preserve">
            <span class="bold italic">وإذ تثني</span> على أمانة اللجنة العلمية لما تبذله من جهود مستمرة من أجل ضمان استدامة عمل اللجنة وفعاليته، وإذ تشجع كل الدول التي في وسعها أن تزوّد أمانة اللجنة بالدعم على أن تقوم بذلك،</p>
      </container>
      <container name="وإذ تشير " eId="container_15">
        <p xml:space="preserve">
          <span class="bold italic">وإذ تشير </span>إلى التأييد الذي أعربت عنه الوكالة الدولية للطاقة الذرية ومنظمة الصحة العالمية لجهود اللجنة العلمية لإيجاد أكثر مصادر المعلومات العلمية موثوقية وشمولا بشأن مستويات الإشعاع المؤيِّن وآثاره، التي لا يمكن بدونها إعداد توجيهات السلامة ومعاييرها وتعهدها، ولا يمكن تحديد أولويات البحث في مجالات مصادر الإشعاع المؤيِّن وآثاره،</p>
      </container>
      <container name="وإذ تلاحظ " eId="container_16">
        <p xml:space="preserve">
          <span class="bold italic">وإذ تلاحظ </span>التزام برنامج الأمم المتحدة للبيئة بمعالجة التطورات التي دفعت اللجنة العلمية إلى أن تطلب خلال دورتها الخامسة والستين إجراء تحقيق أو تفتيش في عملية توظيف الأمين العلمي، ضماناً لاختيار المرشح الفائز على أساس مؤهلاته ومصداقيته العلمية، وأن تكون العملية متوافقة مع الفقرة 3 من المادة 101 من ميثاق الأمم المتحدة<sup>(</sup><authorialNote marker="2" placement="bottom" eId="authorialNote_2"><p xml:space="preserve">	()	انظر: الوثائق الرسمية للجمعية العامة، الدورة الرابعة والسبعون، الملحق رقم 46 (<a href="https://undocs.org/ar/A/74/46">A/74/46</a>).</p></authorialNote><sup>)</sup>،</p>
      </container>
      <container name="وإذ تسلم " eId="container_17">
          <p xml:space="preserve">
            <span class="bold italic">	وإذ تسلم </span>بأن وجود ما يكفي من الموظفين في الأمانة أمر أساسي لدعم أعمال اللجنة العلمية،</p>
      </container>
    </preamble>
    <mainBody>
      <paragraph eId="para_18" class="SingleTxt">
        <content eId="para_18__content">
          <p xml:space="preserve">	1 -	<span class="bold italic">تثنـي</span> على لجنة الأمم المتحدة العلمية المعنية بآثار الإشعاع الذري لإسهامها القيم منذ إنشائها في زيادة المعرفة بمستويات التعرض للإشعاع المؤين وآثاره ومخاطره وفهمها، ولأدائها ولايتها الأصلية باقتدار علمي واستقلال في الرأي؛</p>
        </content>
      </paragraph>
      <paragraph eId="para_19" class="SingleTxt">
        <content eId="para_19__content">
          <p xml:space="preserve">	2 -	<span class="bold italic">تعيد تأكيد</span> قرارها الإبقاء على المهام الحالية للجنة العلمية ودورها المستقل؛</p>
        </content>
      </paragraph>
      <paragraph eId="para_20" class="SingleTxt">
        <content eId="para_20__content">
          <p xml:space="preserve">	3 -	<span class="bold italic">تكرر التشديد</span> على ضرورة أن تعقد اللجنة العلمية دورات عادية سنوية لكي تتمكن من أن تدرج في تقريرها آخر التطورات والنتائج في مجال الإشعاع المؤين فتوفّر بذلك معلومات مستكملة يتم تعميمها على جميع الدول؛</p>
        </content>
      </paragraph>
      <paragraph eId="para_21" class="SingleTxt">
        <content eId="para_21__content">
          <p xml:space="preserve">	4 -	<span class="bold italic">تلاحظ مع التقدير</span> أعمال اللجنة العلمية، وتحيط علما بالتقرير المقدم عن دورتها السادسة والستين<sup>(2)</sup>، بما في ذلك التقرير عن تنفيذ توجهاتها الاستراتيجية الطويلة الأجل، وتشجع اللجنة على أن تواصل العمل، في دوراتها المقبلة، من أجل تنفيذ استراتيجيات لدعم جهودها الطويلة الأجل المبذولة لخدمة الأوساط العلمية والجمهور الأوسع نطاقا؛</p>
        </content>
      </paragraph>
      <paragraph eId="para_22" class="SingleTxt">
        <content eId="para_22__content">
          <p xml:space="preserve">	5 -	 <span class="bold italic">ترحب</span> باستمرار وجود الفريق العامل المخصص لمساعدة اللجنة العلمية في إعداد برنامج عملها المقبل بشأن آثار التعرض للإشعاع والآليات البيولوجية لنشوء تلك الآثار<sup>(</sup><authorialNote marker="3" placement="bottom" eId="authorialNote_3"><p xml:space="preserve">	()	المرجع نفسه، الفصل الثاني، الفرع جيم.</p></authorialNote><sup>)</sup>؛</p>
        </content>
      </paragraph>
      <paragraph eId="para_23" class="SingleTxt">
        <content eId="para_23__content">
          <p xml:space="preserve">	6 -	<span class="bold italic">ترحب أيضا</span> بإنشاء فريق عامل مخصَّص يعنى بمصادر الإشعاع والتعرُّض له، وذلك في أعقاب تجربة الفريق العامل المخصَّص المعني بالآثار والآليات<sup>(3)</sup>؛</p>
        </content>
      </paragraph>
      <paragraph eId="para_24" class="SingleTxt">
        <content eId="para_24__content">
          <p xml:space="preserve">	7 -	<span class="bold italic">تعرب عن التقدير</span> للترتيبات التي وضعتها اللجنة العلمية من أجل تنفيذ أنشطة ضمن سياق متابعة التقييم الذي أجرته في عام 2013 لمستويات وآثار التعرض للإشعاع الناجم عن الحادث النووي الذي أعقب الزلزال الكبير والتسونامي اللذين ضربا شرق اليابان في عام 2011، وتتطلع إلى تقييم اللجنة للآثار المترتبة على المعلومات التي نُشرت منذ صدور تقرير عام 2013، وتشجع أمانة اللجنة على نشر النتائج المستخلصة من تقييم اللجنة، ولا سيما تعميمها على الجمهور؛</p>
        </content>
      </paragraph>
      <paragraph eId="para_25" class="SingleTxt">
        <content eId="para_25__content">
          <p xml:space="preserve">	8 -	<span class="bold italic">ترحب </span>بالتقريرين العلميين الفنيين اللذين اعتمدتهما اللجنة العلمية خلال دورتها السادسة والستين، بشأن آثار صحية معينة ناجمة عن التعرُّض للإشعاع وطرائق الاستدلال على مخاطره وبشأن سرطان الرئة الناتج عن التعرض للرادون<sup>(</sup><authorialNote marker="4" placement="bottom" eId="authorialNote_4"><p xml:space="preserve">	()	المرجع نفسه، الفصل الثالث.</p></authorialNote><sup>)</sup>، وتتطلع إلى نشر المرفقات العلمية الداعمة الملحقة بالتقريرين إذ إن منظمات دولية أخرى تعتمد على نتائجها؛</p>
        </content>
      </paragraph>
      <paragraph eId="para_26" class="SingleTxt">
        <content eId="para_26__content">
          <p xml:space="preserve">	9 -	<span class="bold italic">تتطلع</span> إلى تقييمات اللجنة العلمية للآليات البيولوجية ذات الصلة بالاستدلال على مخاطر الإصابة بالسرطان على إثر التعرض لجرعات منخفضة من الأشعة، وتقييمات التعرض البشري للإشعاع المؤيِّن في السياق الطبي والإشعاع المؤيِّن في السياق المهني؛</p>
        </content>
      </paragraph>
      <paragraph eId="para_27" class="SingleTxt">
        <content eId="para_27__content">
          <p xml:space="preserve">	10 -	<span class="bold italic">تطلب</span> إلى اللجنة العلمية أن تواصل أعمالها، بما في ذلك أنشطتها الهامة الرامية إلى زيادة المعرفة بمستويات الإشعاع المؤين من جميع المصادر وآثاره ومخاطره، وأن تقدم تقريراً عن ذلك إلى الجمعية العامة في دورتها الخامسة والسبعين؛</p>
        </content>
      </paragraph>
      <paragraph eId="para_28" class="SingleTxt">
        <content eId="para_28__content">
          <p xml:space="preserve">	11 -	<span class="bold italic">تؤيد</span> نوايا اللجنة العلمية وخططها لتنفيذ برنامج عملها للاستعراض والتقييم العلميين نيابة عن الجمعية العامة، وبخاصة دراستها الاستقصائية العالمية المقبلة عن تعرض الجمهور للإشعاعات، وتقييماتها للإصابة بالسرطان الثاني بعد العلاج الإشعاعي للسرطان الأول، ودراساتها الوبائية عن الإشعاع والسرطان، التي ستجرى بالتعاون الوثيق مع المنظمات المعنية الأخرى، وتطلب إلى اللجنة أن تقدم إلى الجمعية في دورتها الخامسة والسبعين خططاً بشأن برنامج عملها الجاري والمقبل؛</p>
        </content>
      </paragraph>
      <paragraph eId="para_29" class="SingleTxt">
        <content eId="para_29__content">
          <p xml:space="preserve">	12 -	<span class="bold italic">ترحب</span> بالتطورات الحاصلة في تبسيط الإجراءات المتبعة لنشر تقارير اللجنة العلمية إلكترونياً على موقعها الشبكي الرسمي وكمنشورات للبيع، وتهيب بالأمانة أن تواصل رصد نشر تلك التقارير في الوقت المناسب وبذل قصاراها لنشر التقارير في نفس السنة التي تعتمد فيها؛</p>
        </content>
      </paragraph>
      <paragraph eId="para_30" class="SingleTxt">
        <content eId="para_30__content">
          <p xml:space="preserve">	13 -	<span class="bold italic">تدعو</span> اللجنة العلمية إلى مواصلة مشاوراتها مع العلماء والخبراء من الدول الأعضاء المهتمة في سياق إعداد تقاريرها العلمية المقبلة، وتطلب إلى الأمانة أن تواصل تيسير إجراء هذه المشاورات؛</p>
        </content>
      </paragraph>
      <paragraph eId="para_31" class="SingleTxt">
        <content eId="para_31__content">
          <p xml:space="preserve">	14 -	<span class="bold italic">ترحب</span>، في هذا السياق، باستعداد الدول الأعضاء لتزويد اللجنة العلمية بمعلومات مفيدة عن مستويات الإشعاع المؤين وآثاره، وتدعو اللجنة إلى تحليل تلك المعلومات وإيلائها الاعتبار الواجب، وخصوصاً في ضوء ما تتوصل إليه هي نفسها من نتائج؛</p>
        </content>
      </paragraph>
      <paragraph eId="para_32" class="SingleTxt">
        <content eId="para_32__content">
          <p xml:space="preserve">	15 -	<span class="bold italic">تشير</span> إلى الاستراتيجية التي وضعتها اللجنة العلمية لتحسين جمع البيانات، وتشجع، في هذا الصدد، الدول الأعضاء ومؤسسات منظومة الأمم المتحدة والمنظمات غير الحكومية المعنية على توفير المزيد من البيانات ذات الصلة عن مستويات التعرض للإشعاع من مختلف المصادر وآثاره ومخاطره، الأمر الذي من شأنه أن يساعد اللجنة إلى حد كبير في إعداد تقاريرها التي تقدم في المستقبل إلى الجمعية العامة، وتشجع الوكالة الدولية للطاقة الذرية ومنظمة الصحة العالمية ومنظمة العمل الدولية والمنظمات المعنية الأخرى على زيادة التعاون مع الأمانة في اتخاذ الترتيبات اللازمة لجمع البيانات عن تعرض المرضى والعمال وعامة الجمهور للإشعاع وتحليل تلك البيانات ونشرها؛</p>
        </content>
      </paragraph>
      <paragraph eId="para_33" class="SingleTxt">
        <content eId="para_33__content">
          <p xml:space="preserve">	16 -	<span class="bold italic">ترحب</span> باستعمال الأمانة منبرا إلكترونيا لجمع البيانات عن تعرض المرضى والعمال والجمهور للإشعاع وبأعمالها المتواصلة في تطوير هذا المنبر، وتحثّ الدول الأعضاء على المشاركة في الدراسات الاستقصائية العالمية التي تجريها اللجنة العلمية عن التعرض للإشعاع، وعلى تعيين شخصية وطنية كجهة اتصال تتولى تيسير تنسيق جمع وتقديم بيانات عن تعرض المرضى والعمال وعامة الجمهور للإشعاع في البلد؛</p>
        </content>
      </paragraph>
      <paragraph eId="para_34" class="SingleTxt">
        <content eId="para_34__content">
          <p xml:space="preserve">	17 -	<span class="bold italic">ترحب أيضا </span>باستراتيجية الاتصال التي وضعتها اللجنة العلمية للفترة 2020-2024، ولا سيما تحسين الموقع الشبكي للجنة، ونشر معلومات موجهة للجمهور بجميع اللغات الرسمية للأمم المتحدة، وتشجع مجددا على النظر في نشر محتويات الموقع الشبكي بجميع تلك اللغات، وتلاحظ أن تعميم النتائج التي تتوصل إليها اللجنة وإدخال مزيد من التحسينات على موقعها الشبكي سوف يتوقفان على الموارد المالية والبشرية المتاحة للأمانة؛</p>
        </content>
      </paragraph>
      <paragraph eId="para_35" class="SingleTxt">
        <content eId="para_35__content">
          <p xml:space="preserve">	18 -	<span class="bold italic">تطلب</span> إلى برنامج الأمم المتحدة للبيئة أن يواصل، في حدود الموارد المتاحة، تزويد اللجنة العلمية بالخدمات وتعميم ما تتوصل إليه من نتائج على الدول الأعضاء وعلى الأوساط العلمية والجمهور، وكفالة أن تكون التدابير الإدارية القائمة ملائمةٌ، بما في ذلك توضيح أدوار ومسؤوليات مختلف الأطراف الفاعلة، حتى تكون الأمانة قادرةً بفعالية ونجاعة على خدمة اللجنة بشكل مستدام يمكن التنبؤ به، وعلى تيسير استفادة اللجنة بالفعل من الخبرة القيمة التي يوفرها لها أعضاؤها بما يؤهلها للاضطلاع بالمسؤوليات والولاية التي أناطتها بها الجمعية العامة؛</p>
        </content>
      </paragraph>
      <paragraph eId="para_36" class="SingleTxt">
        <content eId="para_36__content">
          <p xml:space="preserve">	19 -	<span class="bold italic">ترحب</span> بتعيين أمينٍ جديدٍ للجنة العلمية من قبل برنامج الأمم المتحدة للبيئة، وتحث برنامج الأمم المتحدة للبيئة على أن يكفل إجراء عمليات التوظيف المقبلة بطريقة تتسم بالكفاءة والفعالية وحسن التوقيت والشفافية؛</p>
        </content>
      </paragraph>
      <paragraph eId="para_37" class="SingleTxt">
        <content eId="para_37__content">
          <p xml:space="preserve">	20 -	<span class="bold italic">ترحب أيضا</span> بإنشاء وظيفة نائب الأمين، التي تحل محل وظيفة موظف الشؤون العلمية، وتسمح بإنابة نائب الأمين لتولي مهام الأمين عند الاقتضاء، وتساعد على تجنّب التعطيلات في تشكيل ملاك الموظفين؛</p>
        </content>
      </paragraph>
      <paragraph eId="para_38" class="SingleTxt">
        <content eId="para_38__content">
          <p xml:space="preserve">	21 -	<span class="bold italic">تطلب</span> إلى الأمين العام أن يعزز الدعم المقدم إلى اللجنة العلمية، في حدود الموارد المتاحة، ولا سيما فيما يتعلق بزيادة التكاليف التشغيلية في حالة زيادة أخرى في عدد الأعضاء، وأن يقدم تقريرا عن هذه المسائل إلى الجمعية العامة في دورتها الخامسة والسبعين؛</p>
        </content>
      </paragraph>
      <paragraph eId="para_39" class="SingleTxt">
        <content eId="para_39__content">
          <p xml:space="preserve">	22 -	<span class="bold italic">تشجع</span> الدول الأعضاء التي بوسعها تقديم تبرعات إلى الصندوق الاستئماني العام الذي أنشأه المدير التنفيذي لبرنامج الأمم المتحدة للبيئة، وأيضا تبرعات عينية من أجل دعم أعمال اللجنة العلمية ونشر نتائجها على الدوام، على القيام بذلك؛</p>
        </content>
      </paragraph>
      <paragraph eId="para_40" class="SingleTxt">
        <content eId="para_40__content">
          <p xml:space="preserve">	23 -	<span class="bold italic">تدعو</span> الإمارات العربية المتحدة، وإيران (جمهورية - الإسلامية)، والجزائر، والنرويج إلى تعيين عالم واحد لحضور الدورة السابعة والستين للجنة العلمية بصفة مراقب، عملا بالفقرة 19 من قرار الجمعية العامة <a href="https://undocs.org/ar/A/RES/72/76">72/76</a> المؤرخ 7 كانون الأول/ديسمبر 2017 وبالإجراءات المشار إليها في الفقرة 21 من قرار الجمعية <a href="https://undocs.org/ar/A/RES/73/261">73/261</a> المؤرخ 22 كانون الأول/ديسمبر 2018؛</p>
        </content>
      </paragraph>
      <paragraph eId="para_41" class="SingleTxt">
        <content eId="para_41__content">
          <p xml:space="preserve">	24 -	<span class="bold italic">تشير</span> إلى الإجراء الذي وُضع تحسبا لإمكانية الزيادة مرة أخرى في عضوية اللجنة العلمية على النحو المعتمد في الفقرة 21 من قرار الجمعية العامة <a href="https://undocs.org/ar/A/RES/73/261">73/261</a>، عملا بالفقرة 19 من قرار الجمعية <a href="https://undocs.org/ar/A/RES/66/70">66/70</a> المؤرخ 9 كانون الأول/ديسمبر 2011.</p>
        </content>
      </paragraph>
    </mainBody>
    <conclusions eId="conclusions">
      <p>
        <inline name="adoptionMeeting" title="47">الجلسة العامة 47</inline>
        <eol />
        <docDate date="2019-12-13" refersTo="#adoptionDate">13 كانون الأول/ديسمبر 2019</docDate>
      </p>
    </conclusions>
  </statement>
</akomaNtoso>