<akomaNtoso xmlns:xsi="http://www.w3.org/2001/XMLSchema-instance" xsi:schemaLocation="http://docs.oasis-open.org/legaldocml/ns/akn/3.0 http://docs.oasis-open.org/legaldocml/akn-core/v1.0/os/part2-specs/schemas/akomantoso30.xsd" xmlns="http://docs.oasis-open.org/legaldocml/ns/akn/3.0" xmlns:html="http://www.w3.org/1999/xhtml" xmlns:akn4un="http://un.org/akn4un">
  <statement name="resolution">
    <meta>
      <identification source="#DGACM">
        <FRBRWork>
          <FRBRthis value="/akn/un/statement/deliberation/unga/2019-11-11/74-8/!main/"></FRBRthis>
          <FRBRuri value="/akn/un/statement/deliberation/unga/2019-11-11/74-8/"></FRBRuri>
          <FRBRdate date="2019-11-11" name="adoption"></FRBRdate>
          <FRBRauthor href="ga" as="author"></FRBRauthor>
          <FRBRcountry value="un"></FRBRcountry>
        </FRBRWork>
        <FRBRExpression>
          <FRBRthis value="/akn/un/statement/deliberation/unga/2019-11-11/74-8/ara@!main/"></FRBRthis>
          <FRBRuri value="/akn/un/statement/deliberation/unga/2019-11-11/74-8/ara@/"></FRBRuri>
          <FRBRdate date="2019-11-12" name="publication"></FRBRdate>
          <FRBRauthor href="ga" as="issuer"></FRBRauthor>
          <FRBRlanguage language="ara"></FRBRlanguage>
        </FRBRExpression>
        <FRBRManifestation>
          <FRBRthis value="/akn/un/statement/deliberation/unga/2019-11-11/74-8/ara@/!main.xml"></FRBRthis>
          <FRBRuri value="/akn/un/statement/deliberation/unga/2019-11-11/74-8/ara@.xml"></FRBRuri>
          <FRBRdate date="2020-09-01" name="markup"></FRBRdate>
          <FRBRauthor href="DGACM" as="editor"></FRBRauthor>
        </FRBRManifestation>
      </identification>
      <classification source="http://metadata.un.org/sdg">
        <keyword value="17" href="http://metadata.un.org/sdg/17" showAs="sdg_17" dictionary="SDGO"></keyword>
        <keyword value="sustainable_development" href="http://eurovoc.europa.eu/5585" showAs="sustainable_development" dictionary="EuroVoc"></keyword>
        <keyword value="partnership" href="http://eurovoc.europa.eu/4199" showAs="partnership" dictionary="EuroVoc"></keyword>
        <keyword value="sustainable_development" href="http://metadata.un.org/thesaurus/1006319" showAs="sustainable_development" dictionary="UNBIS Thesaurus"></keyword>
        <keyword value="partnership" href="http://metadata.un.org/thesaurus/1004748" showAs="partnership" dictionary="UNBIS Thesaurus"></keyword>
      </classification>
      <classification source="http://metadata.un.org/sdg">
        <keyword value="16" href="http://metadata.un.org/sdg/16" showAs="sdg_16" dictionary="SDGO"></keyword>
        <keyword value="right_to_justice" href="http://eurovoc.europa.eu/516" showAs="right_to_justice" dictionary="EuroVoc"></keyword>
        <keyword value="sustainable_development" href="http://eurovoc.europa.eu/5585" showAs="sustainable_development" dictionary="EuroVoc"></keyword>
        <keyword value="civil_society" href="http://metadata.un.org/thesaurus/1001012" showAs="civil_society" dictionary="UNBIS Thesaurus"></keyword>
        <keyword value="justice" href="http://metadata.un.org/thesaurus/1003500" showAs="justice" dictionary="UNBIS Thesaurus"></keyword>
        <keyword value="peaceful_coexistence" href="http://metadata.un.org/thesaurus/1004777" showAs="peaceful_coexistence" dictionary="UNBIS Thesaurus"></keyword>
        <keyword value="public_institutions" href="http://metadata.un.org/thesaurus/1005254" showAs="public_institutions" dictionary="UNBIS Thesaurus"></keyword>
        <keyword value="social_justice" href="http://metadata.un.org/thesaurus/1005970" showAs="social_justice" dictionary="UNBIS Thesaurus"></keyword>
        <keyword value="sustainable_development" href="http://metadata.un.org/thesaurus/1006319" showAs="sustainable_development" dictionary="UNBIS Thesaurus"></keyword>
      </classification>
      <classification source="http://metadata.un.org/sdg">
        <keyword value="2" href="http://metadata.un.org/sdg/2" showAs="sdg_2" dictionary="SDGO"></keyword>
        <keyword value="food_shortage" href="http://eurovoc.europa.eu/2318" showAs="food_shortage" dictionary="EuroVoc"></keyword>
        <keyword value="sustainable_agriculture" href="http://eurovoc.europa.eu/6308" showAs="sustainable_agriculture" dictionary="EuroVoc"></keyword>
        <keyword value="food_security" href="http://eurovoc.europa.eu/c_4523e1dd" showAs="food_security" dictionary="EuroVoc"></keyword>
        <keyword value="food_security" href="http://metadata.un.org/thesaurus/1002439" showAs="food_security" dictionary="UNBIS Thesaurus"></keyword>
        <keyword value="food_shortage" href="http://metadata.un.org/thesaurus/1002440" showAs="food_shortage" dictionary="UNBIS Thesaurus"></keyword>
        <keyword value="hunger" href="http://metadata.un.org/thesaurus/1003004" showAs="hunger" dictionary="UNBIS Thesaurus"></keyword>
        <keyword value="sustainable_agriculture" href="http://metadata.un.org/thesaurus/1006317" showAs="sustainable_agriculture" dictionary="UNBIS Thesaurus"></keyword>
      </classification>
      <classification source="http://metadata.un.org/sdg">
        <keyword value="7" href="http://metadata.un.org/sdg/7" showAs="sdg_7" dictionary="SDGO"></keyword>
        <keyword value="66_energy" href="http://eurovoc.europa.eu/100159" showAs="66_energy" dictionary="EuroVoc"></keyword>
        <keyword value="energy_market" href="http://eurovoc.europa.eu/4886" showAs="energy_market" dictionary="EuroVoc"></keyword>
        <keyword value="sustainable_energy" href="http://metadata.un.org/thesaurus/1006320" showAs="sustainable_energy" dictionary="UNBIS Thesaurus"></keyword>
      </classification>
      <workflow source="#un">
        <step date="2019-10-30" outcome="draftResolution" as="A/74/L.10" by="Austria, Belgium, Canada, Croatia, Cyprus, Czechia, Denmark, Egypt, Estonia, Finland, France, Greece, Hungary, India, Ireland, Italy, Latvia, Liechtenstein, Lithuania, Luxembourg, Malaysia, Malta, Netherlands, Philippines, Poland, Portugal, Romania, San Marino, Slovakia, Slovenia, Sweden, Thailand, United States of America and Uruguay" />
        <step date="0001-01-01" outcome="draftResolutionAdditionalSponsors" by="Albania, Algeria, Argentina, Armenia, Australia, Bangladesh, Belarus, Bosnia and Herzegovina, Brunei Darussalam, Bulgaria, Central African Republic, Chile, Colombia, Democratic Republic of the Congo, Dominican Republic, Georgia, Germany, Guatemala, Indonesia, Iraq, Japan, Jordan, Kazakhstan, Lebanon, Mexico, Monaco, Mongolia, Montenegro, Morocco, New Zealand, North Macedonia, Norway, Republic of Korea, Russian Federation, Serbia, Seychelles, Singapore, South Africa, Spain, Sudan, Tajikistan, Tunisia, Turkey, Ukraine, United Arab Emirates and United Kingdom" />
        <step date="0001-01-01" outcome="recommendedForAdoption" by="" />
        <step date="2019-11-11" outcome="adopted" as="A/74/PV.30" by="" />
      </workflow>
      <analysis source="#un">
        <parliamentary>
          <voting outcome="adoptedWithoutVote">
            <quorum value=""></quorum>
          </voting>
        </parliamentary>
      </analysis>
      <references source="#DGACM">
        <TLCOrganization eId="source" href="/akn/ontology/organization/un/DGACM" showAs="DGACM"></TLCOrganization>
        <TLCConcept eId="dateOfIssuance" href="/akn/ontology/concept/un/dateOfIssuance" showAs="Date of issuance"></TLCConcept>
        <TLCConcept eId="dateOfAdoption" href="/akn/ontology/concept/un/dateOfAdoption" showAs="Date of adoption"></TLCConcept>
        <TLCConcept eId="symbol" href="/akn/ontology/reference/un/symbol" showAs="Symbol"></TLCConcept>
        <TLCRole eId="publisher" href="/akn/ontology/role/un/publisher" showAs="Publisher"></TLCRole>
        <TLCRole eId="issuingBody" href="/akn/role/concept/un/issuingBody" showAs="Issuing body"></TLCRole>
        <TLCRole eId="author" href="/akn/ontology/role/un/author" showAs="Author"></TLCRole>
        <TLCRole eId="editor" href="/akn/ontology/role/un/editor" showAs="Editor"></TLCRole>
        <TLCRole eId="distribution" href="/akn/ontology/concept/un/generalDistribution" showAs="General distribution"></TLCRole>
        <TLCOrganization eId="ga" href="/akn/ontology/organization/un/generalAssembly" showAs="General Assembly"></TLCOrganization>
        <TLCTerm eId="resolutionTitle" href="/akn/ontology/reference/un/resolutionTitle" showAs="Resolution title"></TLCTerm>
        <TLCTerm eId="noMainCommittee" href="#noMainCommittee" showAs="دون الإحالة إلى لجنة رئيسية"></TLCTerm>
        <TLCTerm eId="memberState" href="/akn/ontology/organization/un/memberState" showAs="Member State"></TLCTerm>
        <TLCTerm eId="inFavour" href="/akn/ontology/concept/un/voting/inFavour" showAs="In favour"></TLCTerm>
        <TLCTerm eId="against" href="/akn/ontology/concept/un/voting/against" showAs="Against"></TLCTerm>
        <TLCTerm eId="abstaining" href="/akn/ontology/concept/un/voting/abstaining" showAs="Abstaining"></TLCTerm>
      </references>
      <presentation source="#un">
        <akn4un:footerFirstPage>
          <akn4un:footerFirstPageLeft>
            <akn4un:internalCode>
              <docketNumber refersTo="#publicationJobNumber"></docketNumber>
              <img alt="bar code" class="barCode" src=""></img>
            </akn4un:internalCode>
          </akn4un:footerFirstPageLeft>
          <akn4un:footerFirstPageRight>
            <img alt="Please recycle" class="image" src="./recylcleLogo.jpg"></img>
            <img alt="embedded QR code" class="qrCode" src=""></img>
          </akn4un:footerFirstPageRight>
        </akn4un:footerFirstPage>
      </presentation>
    </meta>
    <coverPage eId="coverPage_1">
      <p>
        <span refersTo="#publisher" class="upperLeft">
          <docAuthority refersTo="#publisher">الأمــم المتحـدة</docAuthority>
        </span>
      </p>
      <p class="upperRight">
        <docNumber refersTo="#symbol">A/RES/74/8</docNumber>
      </p>
      <p class="upperLeft">
        <img src="logo-un.jpg"></img>
        <docAuthority refersTo="#issuingBody" class="rightBig">الجمعية العامة</docAuthority>
      </p>
      <p>
        <docStatus refersTo="#generalDistribution" class="rightSmall">Distr.: General</docStatus>
      </p>
      <p>
        <docDate date="2019-11-12" class="rightSmall" refersTo="#dateOfIssuance">12 November 2019</docDate>
      </p>
      <p>
        <session refersTo="#generalAssembly" value="74" eId="coverPage_1__session_1">الدورة الرابعة والسبعون</session>
      </p>
      <p>
        <inline name="agenda item">البند 88 من جدول الأعمال</inline>
      </p>
      <p>
        <inline name="agenda item name">تقرير الوكالة الدولية للطاقة الذرية</inline>
      </p>
      <p>
        <docTitle>قرار اتخذته الجمعية العامة في 11 تشرين الثاني/نوفمبر 2019</docTitle>
      </p>
      <p xml:space="preserve">
        <docProponent refersTo="#noMainCommittee">[دون الإحالة إلى لجنة رئيسية (<inline name="originating document">A/74/L.10 و A/74/L.10/Add.1</inline>)]</docProponent>
      </p>
    </coverPage>
    <preface>
      <p>
        <docNumber>74/8.</docNumber>
        <docTitle refersTo="#resolutionTitle">-	تقرير الوكالة الدولية للطاقة الذرية</docTitle>
      </p>
    </preface>
    <preamble>
      <formula name="enactingFormula" eId="formula_1">
        <p xml:space="preserve">
          <span class="bold italic">إن الجمعية العامة</span>،</p>
      </formula>
      <container name="وقد تلقت" eId="container_2">
          <p xml:space="preserve">
            <span class="bold italic">	وقد تلقت</span> تقرير الوكالة الدولية للطاقة الذرية لعام 2018<sup>(</sup><authorialNote marker="1" placement="bottom" eId="authorialNote_1"><p xml:space="preserve">	()	انظر <a href="https://undocs.org/ar/A/74/287">A/74/287</a>.</p></authorialNote><sup>)</sup>،</p>
        </container>
      <container name="وإذ تشعر بالحزن" eId="container_3">
          <p xml:space="preserve">
            <span class="bold italic">	وإذ تشعر بالحزن </span>لرحيل السيد يوكيا أمانو، المدير العام للوكالة،</p>
      </container>
      <container name="وإذ تحيط علما" eId="container_4">
        <p xml:space="preserve">
          <span class="bold italic">	وإذ تحيط علما</span> ببيان المدير العام للوكالة بالنيابة الذي قدم فيه معلومات إضافية عن التطورات الرئيسية في أنشطة الوكالة خلال عام 2019،</p>
      </container>
      <container name="وإذ تسلّم" eId="container_5">
          <p xml:space="preserve">
            <span class="bold italic">	وإذ تسلّم</span> بأهمية عمل الوكالة،</p>
      </container>
        <container name="وإذ تسلّم أيضا" eId="container_6">
          <p xml:space="preserve">
            <span class="bold italic">وإذ تسلّم أيضا</span> بالتعاون القائم بين الأمم المتحدة والوكالة وبالاتفاق المنظم للعلاقة بين الأمم المتحدة والوكالة الذي أقره المؤتمر العام للوكالة في 23 تشرين الأول/أكتوبر 1957 وأقرته الجمعية العامة في مرفق قرارها 1145 (د-12) المؤرخ 14 تشرين الثاني/نوفمبر 1957،</p>
        </container>
    </preamble>
    <mainBody>
      <paragraph eId="para_7" class="SingleTxt">
        <content eId="para_7__content">
          <p xml:space="preserve">	1 -	<span class="bold italic">تحيط علما</span> مع التقدير بتقرير الوكالة الدولية للطاقة الذرية<sup>(1)</sup>؛</p>
        </content>
      </paragraph>
      <paragraph eId="para_8" class="SingleTxt">
        <content eId="para_8__content">
          <p xml:space="preserve">	2 -	<span class="bold italic">تحيط علما</span> بالقرارات GC (63)/RES/1 المتعلق بتأبين المدير العام الراحل، السيد يوكيا أمانو؛ و GC(63)/RES/7 المتعلق بالأمان النووي والإشعاعي؛ و GC(63)/RES/8 المتعلق بالأمن النووي؛ و GC(63)/RES/9 المتعلق بتعزيز أنشطة التعاون التقني التي تضطلع بها الوكالة؛ و GC(63)/RES/10 المتعلق بتعزيز أنشطة الوكالة المتعلقة بالعلوم والتكنولوجيــا النوويـة وتطبيقاتها، ويشمل GC(63)/RES/10 A المتعلق بالتطبيقات النووية في غير مجالات القوى و GC(63)/RES/10 B المتعلق بتطبيقات القوى النووية؛ و GC(63)/RES/11 المتعلق بتعزيز فعالية ضمانات الوكالة وتحسين كفاءتها؛ و GC(63)/RES/12 المتعلق بتنفيذ الاتفاق المعقود بين الوكالة وجمهورية كوريا الشعبية الديمقراطية بشأن تطبيق الضمانات في إطار معاهدة عدم انتشار الأسلحة النووية؛ و GC(63)/RES/13 المتعلق بتطبيق ضمانات الوكالة في منطقة الشرق الأوسط؛ و GC(63)/RES/14  المتعلق بشؤون الموظفين، ويشمل GC(63)/RES/14 A المتعلق بالتوظيف في أمانة الوكالة و GC(63)/RES/14 B المتعلق بالمرأة في الأمانة؛ وبالمقررات GC(63)/DEC/11 المتعلق بتعديل الفقرة ألف من المادة الرابعة عشرة من النظام الأساسي للوكالة؛ و GC(63)/DEC/12 المتعلق بتعزيز كفاءة وفعالية عملية اتخاذ القرارات في الوكالة؛ و GC(63)/DEC/13 المتعلق بتعديل المادة السادسة من النظام الأساسي للوكالة، التي اتخذها جميعا المؤتمر العام للوكالة في دورته العادية الثالثة والستين التي عقدت في الفترة من 16 إلى 20 أيلول/سبتمبر 2019؛</p>
        </content>
      </paragraph>
      <paragraph eId="para_9" class="SingleTxt">
        <content eId="para_9__content">
          <p xml:space="preserve">	3 -	<span class="bold italic">تعرب عن تقديرها</span> للخدمة المتميزة التي قدمها المدير العام الراحل، السيد أمانو على مدى عشر سنوات، ولإسهامه الكبير في تعزيز الجهود التي تبذلها الوكالة لتحقيق السلام والأمن الدوليين ودعم استخدام التكنولوجيات النووية في الأغراض السلمية، لا سيما من خلال شعار ”الذرة من أجل السلام والتنمية“؛</p>
        </content>
      </paragraph>
      <paragraph eId="para_10" class="SingleTxt">
        <content eId="para_10__content">
          <p xml:space="preserve">	4 -	<span class="bold italic">تعيد تأكيد دعمها القوي</span> للدور الأساسي الذي تضطلع به الوكالة في التشجيع والمساعدة على تطوير الطاقة الذرية وتطبيقها العملي في الاستخدامات السلمية، وفي نقل التكنولوجيا إلى البلدان النامية، والسلامة والتحقق والأمن في المجال النووي؛</p>
        </content>
      </paragraph>
      <paragraph eId="para_11" class="SingleTxt">
        <content eId="para_11__content">
          <p xml:space="preserve">	5 -	<span class="bold italic">تناشد</span> الدول الأعضاء أن تواصل دعمها لأنشطة الوكالة؛</p>
        </content>
      </paragraph>
      <paragraph eId="para_12" class="SingleTxt">
        <content eId="para_12__content">
          <p xml:space="preserve">	6 -	<span class="bold italic">تطلب</span> إلى الأمين العام أن يحيل إلى المدير العام للوكالة بالنيابة وثائق الدورة الرابعة والسبعين للجمعية العامة المتصلة بأنشطة الوكالة.</p>
        </content>
      </paragraph>
    </mainBody>
    <conclusions eId="conclusions">
      <p>
        <inline name="adoptionMeeting" title="30">الجلسة العامة 30</inline>
        <eol />
        <docDate date="2019-11-11" refersTo="#adoptionDate">11 تشرين الثاني/نوفمبر 2019</docDate>
      </p>
    </conclusions>
  </statement>
</akomaNtoso>