<akomaNtoso xmlns:xsi="http://www.w3.org/2001/XMLSchema-instance" xsi:schemaLocation="http://docs.oasis-open.org/legaldocml/ns/akn/3.0 http://docs.oasis-open.org/legaldocml/akn-core/v1.0/os/part2-specs/schemas/akomantoso30.xsd" xmlns="http://docs.oasis-open.org/legaldocml/ns/akn/3.0" xmlns:html="http://www.w3.org/1999/xhtml" xmlns:akn4un="http://un.org/akn4un">
  <statement name="resolution">
    <meta>
      <identification source="#DGACM">
        <FRBRWork>
          <FRBRthis value="/akn/un/statement/deliberation/unga/2019-12-13/74-88/!main/"></FRBRthis>
          <FRBRuri value="/akn/un/statement/deliberation/unga/2019-12-13/74-88/"></FRBRuri>
          <FRBRdate date="2019-12-13" name="adoption"></FRBRdate>
          <FRBRauthor href="ga" as="author"></FRBRauthor>
          <FRBRcountry value="un"></FRBRcountry>
        </FRBRWork>
        <FRBRExpression>
          <FRBRthis value="/akn/un/statement/deliberation/unga/2019-12-13/74-88/ara@!main/"></FRBRthis>
          <FRBRuri value="/akn/un/statement/deliberation/unga/2019-12-13/74-88/ara@/"></FRBRuri>
          <FRBRdate date="2019-12-26" name="publication"></FRBRdate>
          <FRBRauthor href="ga" as="issuer"></FRBRauthor>
          <FRBRlanguage language="ara"></FRBRlanguage>
        </FRBRExpression>
        <FRBRManifestation>
          <FRBRthis value="/akn/un/statement/deliberation/unga/2019-12-13/74-88/ara@/!main.xml"></FRBRthis>
          <FRBRuri value="/akn/un/statement/deliberation/unga/2019-12-13/74-88/ara@.xml"></FRBRuri>
          <FRBRdate date="2020-09-02" name="markup"></FRBRdate>
          <FRBRauthor href="DGACM" as="editor"></FRBRauthor>
        </FRBRManifestation>
      </identification>
      <classification source="http://metadata.un.org/sdg">
        <keyword value="16" href="http://metadata.un.org/sdg/16" showAs="sdg_16" dictionary="SDGO"></keyword>
        <keyword value="right_to_justice" href="http://eurovoc.europa.eu/516" showAs="right_to_justice" dictionary="EuroVoc"></keyword>
        <keyword value="sustainable_development" href="http://eurovoc.europa.eu/5585" showAs="sustainable_development" dictionary="EuroVoc"></keyword>
        <keyword value="civil_society" href="http://metadata.un.org/thesaurus/1001012" showAs="civil_society" dictionary="UNBIS Thesaurus"></keyword>
        <keyword value="justice" href="http://metadata.un.org/thesaurus/1003500" showAs="justice" dictionary="UNBIS Thesaurus"></keyword>
        <keyword value="peaceful_coexistence" href="http://metadata.un.org/thesaurus/1004777" showAs="peaceful_coexistence" dictionary="UNBIS Thesaurus"></keyword>
        <keyword value="public_institutions" href="http://metadata.un.org/thesaurus/1005254" showAs="public_institutions" dictionary="UNBIS Thesaurus"></keyword>
        <keyword value="social_justice" href="http://metadata.un.org/thesaurus/1005970" showAs="social_justice" dictionary="UNBIS Thesaurus"></keyword>
        <keyword value="sustainable_development" href="http://metadata.un.org/thesaurus/1006319" showAs="sustainable_development" dictionary="UNBIS Thesaurus"></keyword>
      </classification>
      <classification source="http://metadata.un.org/sdg">
        <keyword value="15" href="http://metadata.un.org/sdg/15" showAs="sdg_15" dictionary="SDGO"></keyword>
        <keyword value="deforestation" href="http://eurovoc.europa.eu/339" showAs="deforestation" dictionary="EuroVoc"></keyword>
        <keyword value="desertification" href="http://eurovoc.europa.eu/416" showAs="desertification" dictionary="EuroVoc"></keyword>
        <keyword value="biodiversity" href="http://eurovoc.europa.eu/5463" showAs="biodiversity" dictionary="EuroVoc"></keyword>
        <keyword value="land,_plant_and_soil_resources" href="http://metadata.un.org/thesaurus/030600" showAs="land,_plant_and_soil_resources" dictionary="UNBIS Thesaurus"></keyword>
        <keyword value="deforestation" href="http://metadata.un.org/thesaurus/1001550" showAs="deforestation" dictionary="UNBIS Thesaurus"></keyword>
      </classification>
      <classification source="http://metadata.un.org/sdg">
        <keyword value="5" href="http://metadata.un.org/sdg/5" showAs="sdg_5" dictionary="SDGO"></keyword>
        <keyword value="gender_equality" href="http://eurovoc.europa.eu/3913" showAs="gender_equality" dictionary="EuroVoc"></keyword>
        <keyword value="participation_of_women" href="http://eurovoc.europa.eu/2265" showAs="participation_of_women" dictionary="EuroVoc"></keyword>
        <keyword value="women&amp;#39;s_rights" href="http://eurovoc.europa.eu/585" showAs="women&amp;#39;s_rights" dictionary="EuroVoc"></keyword>
        <keyword value="position_of_women" href="http://eurovoc.europa.eu/81" showAs="position_of_women" dictionary="EuroVoc"></keyword>
        <keyword value="women" href="http://metadata.un.org/thesaurus/1007029" showAs="women" dictionary="UNBIS Thesaurus"></keyword>
        <keyword value="gender_equality" href="http://metadata.un.org/thesaurus/1002612" showAs="gender_equality" dictionary="UNBIS Thesaurus"></keyword>
        <keyword value="girls" href="http://metadata.un.org/thesaurus/1002684" showAs="girls" dictionary="UNBIS Thesaurus"></keyword>
      </classification>      <workflow source="#un">
        <step date="2019-11-11" outcome="draftResolution" as="A/C.4/74/L.15" by="Algeria, Cuba, Egypt, Gambia, Indonesia, Iraq, Jordan, Kuwait, Namibia, Nigeria, Tunisia, Venezuela (Bolivarian Republic of), Yemen and State of Palestine" />
        <step date="0001-01-01" outcome="draftResolutionAdditionalSponsors" by="Austria, Bahrain, Bangladesh, Belgium, Bolivia (Plurinational State of), Bosnia and Herzegovina, Brunei Darussalam, Bulgaria, Croatia, Cyprus, Czechia, Democratic People's Republic of Korea, Denmark, Djibouti, Estonia, Finland, France, Germany, Greece, Hungary, Ireland, Italy, Japan, Latvia, Lebanon, Lebanon, Liechtenstein, Lithuania, Luxembourg, Malaysia, Maldives, Malta, Mauritania, Montenegro, Morocco, the Netherlands, Nicaragua, North Macedonia, Norway, Oman, Poland, Portugal, Qatar, Romania, Saudi Arabia, Senegal, Serbia, Slovakia, Slovenia, Somalia, South Africa, Spain, the Sudan, Sweden, Switzerland, United Arab Emirates and United Kingdom" />
        <step date="0001-01-01" outcome="recommendedForAdoption" as="A/74/410" by="" refersTo="16" />
        <step date="2019-12-13" outcome="adopted" as="A/74/PV.47" by="" />
      </workflow>
      <analysis source="#un">
        <parliamentary>
          <voting outcome="adoptedRecordedVote">
            <count value="157" refersTo="inFavour">
              <akn4un:voters>
                <organization refersTo="memberState">AFGHANISTAN</organization>
                <organization refersTo="memberState">ALBANIA</organization>
                <organization refersTo="memberState">ALGERIA</organization>
                <organization refersTo="memberState">ANDORRA</organization>
                <organization refersTo="memberState">ANGOLA</organization>
                <organization refersTo="memberState">ANTIGUA AND BARBUDA</organization>
                <organization refersTo="memberState">ARGENTINA</organization>
                <organization refersTo="memberState">ARMENIA</organization>
                <organization refersTo="memberState">AUSTRIA</organization>
                <organization refersTo="memberState">AZERBAIJAN</organization>
                <organization refersTo="memberState">BAHAMAS</organization>
                <organization refersTo="memberState">BAHRAIN</organization>
                <organization refersTo="memberState">BANGLADESH</organization>
                <organization refersTo="memberState">BARBADOS</organization>
                <organization refersTo="memberState">BELARUS</organization>
                <organization refersTo="memberState">BELGIUM</organization>
                <organization refersTo="memberState">BELIZE</organization>
                <organization refersTo="memberState">BENIN</organization>
                <organization refersTo="memberState">BHUTAN</organization>
                <organization refersTo="memberState">BOLIVIA (PLURINATIONAL STATE OF)</organization>
                <organization refersTo="memberState">BOSNIA AND HERZEGOVINA</organization>
                <organization refersTo="memberState">BOTSWANA</organization>
                <organization refersTo="memberState">BRUNEI DARUSSALAM</organization>
                <organization refersTo="memberState">BULGARIA</organization>
                <organization refersTo="memberState">BURKINA FASO</organization>
                <organization refersTo="memberState">CABO VERDE</organization>
                <organization refersTo="memberState">CAMBODIA</organization>
                <organization refersTo="memberState">CHAD</organization>
                <organization refersTo="memberState">CHILE</organization>
                <organization refersTo="memberState">CHINA</organization>
                <organization refersTo="memberState">COMOROS</organization>
                <organization refersTo="memberState">CONGO</organization>
                <organization refersTo="memberState">COSTA RICA</organization>
                <organization refersTo="memberState">CROATIA</organization>
                <organization refersTo="memberState">CUBA</organization>
                <organization refersTo="memberState">CYPRUS</organization>
                <organization refersTo="memberState">CZECHIA</organization>
                <organization refersTo="memberState">DEMOCRATIC PEOPLE'S REPUBLIC OF KOREA</organization>
                <organization refersTo="memberState">DENMARK</organization>
                <organization refersTo="memberState">DJIBOUTI</organization>
                <organization refersTo="memberState">DOMINICAN REPUBLIC</organization>
                <organization refersTo="memberState">ECUADOR</organization>
                <organization refersTo="memberState">EGYPT</organization>
                <organization refersTo="memberState">EL SALVADOR</organization>
                <organization refersTo="memberState">ERITREA</organization>
                <organization refersTo="memberState">ESTONIA</organization>
                <organization refersTo="memberState">ETHIOPIA</organization>
                <organization refersTo="memberState">FIJI</organization>
                <organization refersTo="memberState">FINLAND</organization>
                <organization refersTo="memberState">FRANCE</organization>
                <organization refersTo="memberState">GABON</organization>
                <organization refersTo="memberState">GAMBIA</organization>
                <organization refersTo="memberState">GEORGIA</organization>
                <organization refersTo="memberState">GERMANY</organization>
                <organization refersTo="memberState">GHANA</organization>
                <organization refersTo="memberState">GREECE</organization>
                <organization refersTo="memberState">GRENADA</organization>
                <organization refersTo="memberState">GUINEA</organization>
                <organization refersTo="memberState">GUYANA</organization>
                <organization refersTo="memberState">HUNGARY</organization>
                <organization refersTo="memberState">ICELAND</organization>
                <organization refersTo="memberState">INDIA</organization>
                <organization refersTo="memberState">INDONESIA</organization>
                <organization refersTo="memberState">IRAN (ISLAMIC REPUBLIC OF)</organization>
                <organization refersTo="memberState">IRAQ</organization>
                <organization refersTo="memberState">IRELAND</organization>
                <organization refersTo="memberState">ITALY</organization>
                <organization refersTo="memberState">JAMAICA</organization>
                <organization refersTo="memberState">JAPAN</organization>
                <organization refersTo="memberState">JORDAN</organization>
                <organization refersTo="memberState">KAZAKHSTAN</organization>
                <organization refersTo="memberState">KENYA</organization>
                <organization refersTo="memberState">KUWAIT</organization>
                <organization refersTo="memberState">KYRGYZSTAN</organization>
                <organization refersTo="memberState">LAO PEOPLE'S DEMOCRATIC REPUBLIC</organization>
                <organization refersTo="memberState">LATVIA</organization>
                <organization refersTo="memberState">LEBANON</organization>
                <organization refersTo="memberState">LESOTHO</organization>
                <organization refersTo="memberState">LIBYA</organization>
                <organization refersTo="memberState">LIECHTENSTEIN</organization>
                <organization refersTo="memberState">LITHUANIA</organization>
                <organization refersTo="memberState">LUXEMBOURG</organization>
                <organization refersTo="memberState">MALAYSIA</organization>
                <organization refersTo="memberState">MALDIVES</organization>
                <organization refersTo="memberState">MALI</organization>
                <organization refersTo="memberState">MALTA</organization>
                <organization refersTo="memberState">MAURITANIA</organization>
                <organization refersTo="memberState">MAURITIUS</organization>
                <organization refersTo="memberState">MEXICO</organization>
                <organization refersTo="memberState">MONACO</organization>
                <organization refersTo="memberState">MONGOLIA</organization>
                <organization refersTo="memberState">MONTENEGRO</organization>
                <organization refersTo="memberState">MOROCCO</organization>
                <organization refersTo="memberState">MOZAMBIQUE</organization>
                <organization refersTo="memberState">NAMIBIA</organization>
                <organization refersTo="memberState">NEPAL</organization>
                <organization refersTo="memberState">NETHERLANDS</organization>
                <organization refersTo="memberState">NEW ZEALAND</organization>
                <organization refersTo="memberState">NICARAGUA</organization>
                <organization refersTo="memberState">NIGER</organization>
                <organization refersTo="memberState">NIGERIA</organization>
                <organization refersTo="memberState">NORTH MACEDONIA</organization>
                <organization refersTo="memberState">NORWAY</organization>
                <organization refersTo="memberState">OMAN</organization>
                <organization refersTo="memberState">PAKISTAN</organization>
                <organization refersTo="memberState">PANAMA</organization>
                <organization refersTo="memberState">PARAGUAY</organization>
                <organization refersTo="memberState">PERU</organization>
                <organization refersTo="memberState">PHILIPPINES</organization>
                <organization refersTo="memberState">POLAND</organization>
                <organization refersTo="memberState">PORTUGAL</organization>
                <organization refersTo="memberState">QATAR</organization>
                <organization refersTo="memberState">REPUBLIC OF KOREA</organization>
                <organization refersTo="memberState">REPUBLIC OF MOLDOVA</organization>
                <organization refersTo="memberState">ROMANIA</organization>
                <organization refersTo="memberState">RUSSIAN FEDERATION</organization>
                <organization refersTo="memberState">SAINT KITTS AND NEVIS</organization>
                <organization refersTo="memberState">SAINT LUCIA</organization>
                <organization refersTo="memberState">SAINT VINCENT AND THE GRENADINES</organization>
                <organization refersTo="memberState">SAMOA</organization>
                <organization refersTo="memberState">SAN MARINO</organization>
                <organization refersTo="memberState">SAO TOME AND PRINCIPE</organization>
                <organization refersTo="memberState">SAUDI ARABIA</organization>
                <organization refersTo="memberState">SENEGAL</organization>
                <organization refersTo="memberState">SERBIA</organization>
                <organization refersTo="memberState">SEYCHELLES</organization>
                <organization refersTo="memberState">SIERRA LEONE</organization>
                <organization refersTo="memberState">SINGAPORE</organization>
                <organization refersTo="memberState">SLOVAKIA</organization>
                <organization refersTo="memberState">SLOVENIA</organization>
                <organization refersTo="memberState">SOMALIA</organization>
                <organization refersTo="memberState">SOUTH AFRICA</organization>
                <organization refersTo="memberState">SPAIN</organization>
                <organization refersTo="memberState">SRI LANKA</organization>
                <organization refersTo="memberState">SUDAN</organization>
                <organization refersTo="memberState">SURINAME</organization>
                <organization refersTo="memberState">SWEDEN</organization>
                <organization refersTo="memberState">SWITZERLAND</organization>
                <organization refersTo="memberState">SYRIAN ARAB REPUBLIC</organization>
                <organization refersTo="memberState">TAJIKISTAN</organization>
                <organization refersTo="memberState">THAILAND</organization>
                <organization refersTo="memberState">TIMOR-LESTE</organization>
                <organization refersTo="memberState">TUNISIA</organization>
                <organization refersTo="memberState">TURKEY</organization>
                <organization refersTo="memberState">TURKMENISTAN</organization>
                <organization refersTo="memberState">UGANDA</organization>
                <organization refersTo="memberState">UKRAINE</organization>
                <organization refersTo="memberState">UNITED ARAB EMIRATES</organization>
                <organization refersTo="memberState">UNITED KINGDOM</organization>
                <organization refersTo="memberState">UNITED REPUBLIC OF TANZANIA</organization>
                <organization refersTo="memberState">URUGUAY</organization>
                <organization refersTo="memberState">UZBEKISTAN</organization>
                <organization refersTo="memberState">VENEZUELA (BOLIVARIAN REPUBLIC OF)</organization>
                <organization refersTo="memberState">VIET NAM</organization>
                <organization refersTo="memberState">YEMEN</organization>
                <organization refersTo="memberState">ZAMBIA</organization>
                <organization refersTo="memberState">ZIMBABWE</organization>
              </akn4un:voters>
            </count>
            <count value="7" refersTo="against">
              <akn4un:voters>
                <organization refersTo="memberState">CANADA</organization>
                <organization refersTo="memberState">ISRAEL</organization>
                <organization refersTo="memberState">MARSHALL ISLANDS</organization>
                <organization refersTo="memberState">MICRONESIA (FEDERATED STATES OF)</organization>
                <organization refersTo="memberState">NAURU</organization>
                <organization refersTo="memberState">PAPUA NEW GUINEA</organization>
                <organization refersTo="memberState">UNITED STATES</organization>
              </akn4un:voters>
            </count>
            <count value="15" refersTo="abstaining">
              <akn4un:voters>
                <organization refersTo="memberState">AUSTRALIA</organization>
                <organization refersTo="memberState">BRAZIL</organization>
                <organization refersTo="memberState">CAMEROON</organization>
                <organization refersTo="memberState">CENTRAL AFRICAN REPUBLIC</organization>
                <organization refersTo="memberState">COLOMBIA</organization>
                <organization refersTo="memberState">COTE D'IVOIRE</organization>
                <organization refersTo="memberState">ESWATINI</organization>
                <organization refersTo="memberState">GUATEMALA</organization>
                <organization refersTo="memberState">HAITI</organization>
                <organization refersTo="memberState">HONDURAS</organization>
                <organization refersTo="memberState">KIRIBATI</organization>
                <organization refersTo="memberState">RWANDA</organization>
                <organization refersTo="memberState">SOUTH SUDAN</organization>
                <organization refersTo="memberState">TOGO</organization>
                <organization refersTo="memberState">VANUATU</organization>
              </akn4un:voters>
            </count>
          </voting>
        </parliamentary>
      </analysis>
      <references source="#DGACM">
        <TLCOrganization eId="source" href="/akn/ontology/organization/un/DGACM" showAs="DGACM"></TLCOrganization>
        <TLCConcept eId="dateOfIssuance" href="/akn/ontology/concept/un/dateOfIssuance" showAs="Date of issuance"></TLCConcept>
        <TLCConcept eId="dateOfAdoption" href="/akn/ontology/concept/un/dateOfAdoption" showAs="Date of adoption"></TLCConcept>
        <TLCConcept eId="symbol" href="/akn/ontology/reference/un/symbol" showAs="Symbol"></TLCConcept>
        <TLCRole eId="publisher" href="/akn/ontology/role/un/publisher" showAs="Publisher"></TLCRole>
        <TLCRole eId="issuingBody" href="/akn/role/concept/un/issuingBody" showAs="Issuing body"></TLCRole>
        <TLCRole eId="author" href="/akn/ontology/role/un/author" showAs="Author"></TLCRole>
        <TLCRole eId="editor" href="/akn/ontology/role/un/editor" showAs="Editor"></TLCRole>
        <TLCRole eId="distribution" href="/akn/ontology/concept/un/generalDistribution" showAs="General distribution"></TLCRole>
        <TLCOrganization eId="ga" href="/akn/ontology/organization/un/generalAssembly" showAs="General Assembly"></TLCOrganization>
        <TLCTerm eId="resolutionTitle" href="/akn/ontology/reference/un/resolutionTitle" showAs="Resolution title"></TLCTerm>
        <TLCTerm eId="fourthCommittee" href="#fourthCommittee" showAs="لجنة المسائل السياسية الخاصة وإنهاء الاستعمار"></TLCTerm>
        <TLCTerm eId="memberState" href="/akn/ontology/organization/un/memberState" showAs="Member State"></TLCTerm>
        <TLCTerm eId="inFavour" href="/akn/ontology/concept/un/voting/inFavour" showAs="In favour"></TLCTerm>
        <TLCTerm eId="against" href="/akn/ontology/concept/un/voting/against" showAs="Against"></TLCTerm>
        <TLCTerm eId="abstaining" href="/akn/ontology/concept/un/voting/abstaining" showAs="Abstaining"></TLCTerm>
      </references>
      <presentation source="#un">
        <akn4un:footerFirstPage>
          <akn4un:footerFirstPageLeft>
            <akn4un:internalCode>
              <docketNumber refersTo="#publicationJobNumber">19-21900 (A)</docketNumber>
              <img alt="bar code" class="barCode" src=""></img>
            </akn4un:internalCode>
          </akn4un:footerFirstPageLeft>
          <akn4un:footerFirstPageRight>
            <img alt="Please recycle" class="image" src="./recylcleLogo.jpg"></img>
            <img alt="embedded QR code" class="qrCode" src=""></img>
          </akn4un:footerFirstPageRight>
        </akn4un:footerFirstPage>
      </presentation>
    </meta>
    <coverPage eId="coverPage_1">
      <p>
        <span refersTo="#publisher" class="upperLeft">
          <docAuthority refersTo="#publisher">الأمــم المتحـدة</docAuthority>
        </span>
      </p>
      <p class="upperRight">
        <docNumber refersTo="#symbol">A/RES/74/88</docNumber>
      </p>
      <p class="upperLeft">
        <img src="logo-un.jpg"></img>
        <docAuthority refersTo="#issuingBody" class="rightBig">الجمعية العامة</docAuthority>
      </p>
      <p>
        <docStatus refersTo="#generalDistribution" class="rightSmall">Distr.: General</docStatus>
      </p>
      <p>
        <docDate date="2019-12-26" class="rightSmall" refersTo="#dateOfIssuance">26 December 2019</docDate>
      </p>
      <p>
        <session refersTo="#generalAssembly" value="74" eId="coverPage_1__session_1">الدورة الرابعة والسبعون</session>
      </p>
      <p>
        <inline name="agenda item">البند 51 من جدول الأعمال</inline>
      </p>
      <p>
        <inline name="agenda item name">تقرير اللجنة الخاصة المعنية بالتحقيق في الممارسات الإسرائيلية التي تمس حقوق الإنسان للشعب الفلسطيني وغيره من السكان العرب في الأراضي المحتلة</inline>
      </p>
      <p>
        <docTitle>قرار اتخذته الجمعية العامة في 13 كانون الأول/ديسمبر 2019</docTitle>
      </p>
      <p xml:space="preserve">
        <docProponent refersTo="#fourthCommittee">[بناء على تقرير لجنة المسائل السياسية الخاصة وإنهاء الاستعمار (اللجنة الرابعة) (<inline name="originating document">A/74/410</inline>)]</docProponent>
      </p>
    </coverPage>
    <preface>
      <p>
        <docNumber>74/88.</docNumber>
        <docTitle refersTo="#resolutionTitle">-	المستوطنات الإسرائيلية في الأرض الفلسطينية المحتلة، بما فيها القدس الشرقية، والجولان السوري المحتل</docTitle>
      </p>
    </preface>
    <preamble>
      <formula name="enactingFormula" eId="formula_1">
        <p xml:space="preserve">
          <span class="bold italic">إن الجمعية العامة</span>،</p>
      </formula>
      <container name="إذ تسترشد" eId="container_2">
        <p xml:space="preserve">
          <span class="bold italic">إذ تسترشد</span> بمبادئ ميثاق الأمم المتحدة ومقاصده وبضرورة احترام الالتزامات المنبثقة عن الميثاق وغيره من صكوك القانون الدولي وقواعده،</p>
      </container>
      <container name="وإذ تؤكد مرة أخرى" eId="container_3">
        <p xml:space="preserve">
          <span class="bold italic">وإذ تؤكد مرة أخرى</span> عدم جواز الاستيلاء على الأراضي بالقوة،</p>
      </container>
      <container name="وإذ تشير" eId="container_4">
        <p xml:space="preserve">
          <span class="bold italic">وإذ تشير</span> إلى قراراتها ذات الصلة بالموضوع، بما فيها القراران <a href="https://undocs.org/ar/A/RES/73/97">73/97</a> و <a href="https://undocs.org/ar/A/RES/73/98">73/98</a> المؤرخان 7 كانون الأول/ديسمبر 2018 وإلى القرارات التي اتخذتها في دورتها الاستثنائية الطارئة العاشرة،</p>
      </container>
      <container name="وإذ تشير أيضا" eId="container_5">
        <p xml:space="preserve">
          <span class="bold italic">وإذ تشير أيضا</span> إلى قرارات مجلس الأمن ذات الصلة بالموضوع، بما فيها القرارات <a href="https://undocs.org/ar/S/RES/242 (1967)">242 (1967)</a> المؤرخ 22 تشرين الثاني/نوفمبر 1967 و <a href="https://undocs.org/ar/S/RES/446 (1979)">446 (1979)</a> المؤرخ 22 آذار/مارس 1979 و <a href="https://undocs.org/ar/S/RES/465 (1980)">465 (1980)</a> المؤرخ 1 آذار/مارس 1980 و <a href="https://undocs.org/ar/S/RES/476 (1980)">476 (1980)</a> المؤرخ 30 حزيران/يونيه 1980 و <a href="https://undocs.org/ar/S/RES/478 (1980)">478 (1980)</a> المؤرخ 20 آب/أغسطس 1980 و <a href="https://undocs.org/ar/S/RES/497 (1981)">497 (1981)</a> المـؤرخ 17 كانون الأول/ديسمبر 1981 و <a href="https://undocs.org/ar/S/RES/904 (1994)">904 (1994)</a> المؤرخ 18 آذار/مارس 1994 و <a href="https://undocs.org/ar/S/RES/2334 (2016)">2334 (2016)</a> المؤرخ 23 كانون الأول/ ديسمبر 2016،</p>
      </container>
      <container name="وإذ تعيد تأكيد" eId="container_6">
        <p xml:space="preserve">
          <span class="bold italic">وإذ تعيد تأكيد</span> انطباق الأنظمة المرفقة باتفاقية لاهاي الرابعة لعام 1907 وأحكام اتفاقية جنيف بشأن حماية المدنيين في وقت الحرب المؤرخة 12 آب/أغسطس 1949<sup>(</sup><authorialNote marker="1" placement="bottom" eId="authorialNote_1"><p xml:space="preserve">	()	United Nations, <span class="italic">Treaty Series</span>, vol. 75, No. 973.</p></authorialNote><sup>)</sup> والأحكام ذات الصلة من القانون العرفي، بما فيها تلك المدوّنة في البروتوكول الإضافي<sup>(</sup><authorialNote marker="2" placement="bottom" eId="authorialNote_2"><p xml:space="preserve">	()	المرجع نفسه، المجلد 1125، الرقم 17512.</p></authorialNote><sup>)</sup> لاتفاقيات جنيف الأربع<sup>(</sup><authorialNote marker="3" placement="bottom" eId="authorialNote_3"><p xml:space="preserve">	()	المرجع نفسه، المجلد 75، الأرقام 970 إلى 973.</p></authorialNote><sup>)</sup>، على الأرض الفلسطينية المحتلة، بما فيها القدس الشرقية، وعلى الأراضي العربية الأخرى التي تحتلها إسرائيل منذ عام 1967، بما فيها الجولان السوري المحتل،</p>
      </container>
      <container name="وإذ تؤكد" eId="container_7">
        <p xml:space="preserve">
          <span class="bold italic">وإذ تؤكد</span> أن قيام السلطة القائمة بالاحتلال بنقل بعض سكانها المدنيين إلى الأرض التي تحتلها يشكّل خرقاً لاتفاقية جنيف الرابعة<sup>(1)</sup>،</p>
      </container>
      <container name="وإذ تشير" eId="container_8">
        <p xml:space="preserve">
          <span class="bold italic">وإذ تشير</span> إلى الفتوى التي أصدرتها محكمة العدل الدولية في 9 تموز/يوليه 2004 بشأن الآثار القانونية الناشئة عن تشييد جدار في الأرض الفلسطينية المحتلة<sup>(</sup><authorialNote marker="4" placement="bottom" eId="authorialNote_4"><p xml:space="preserve">	()	انظر <a href="https://undocs.org/ar/A/ES-10/273">A/ES-10/273</a> و <a href="https://undocs.org/ar/A/ES-10/273/Corr.1">A/ES-10/273/Corr.1</a>.</p></authorialNote><sup>)</sup>، وإذ تشير أيضا إلى قراري الجمعية العامة دإط-10/15 المؤرخ 20 تموز/يوليه 2004 ودإط-10/17 المؤرخ 15 كانون الأول/ديسمبر 2006،</p>
      </container>
      <container name="وإذ تلاحظ" eId="container_9">
        <p xml:space="preserve">
          <span class="bold italic">وإذ تلاحظ</span> أن محكمة العدل الدولية قد خلُصت إلى أن ”إقامة المستوطنات الإسرائيلية في الأرض الفلسطينية المحتلة (بما فيها القدس الشرقية) تمثل خرقا للقانون الدولي“<sup>(</sup><authorialNote marker="5" placement="bottom" eId="authorialNote_5"><p xml:space="preserve">	()	المرجع نفسه، الفتوى، الفقرة 120.</p></authorialNote><sup>)</sup>،</p>
      </container>
      <container name="وإذ تحيط علما" eId="container_10">
        <p xml:space="preserve">
          <span class="bold italic">وإذ تحيط علما</span> بالتقريرين اللذين قدمهما مؤخرا المقرر الخاص لمجلس حقوق الإنسان المعني بحالة حقوق الإنسان في الأراضي الفلسطينية المحتلة منذ عام 1967<sup>(</sup><authorialNote marker="6" placement="bottom" eId="authorialNote_6"><p xml:space="preserve">	()	<a href="https://undocs.org/ar/A/HRC/40/73">A/HRC/40/73</a>؛ انظر أيضا <a href="https://undocs.org/ar/A/74/507">A/74/507</a>.</p></authorialNote><sup>)</sup>،</p>
      </container>
      <container name="وإذ تشير" eId="container_11">
        <p xml:space="preserve">
          <span class="bold italic">وإذ تشير</span> إلى تقرير البعثة الدولية المستقلة لتقصي الحقائق من أجل التحقيق في آثار بناء المستوطنات الإسرائيلية على الحقوق المدنية والسياسية والاقتصادية والاجتماعية والثقافية للشعب الفلسطيني في جميع أنحاء الأرض الفلسطينية المحتلة، بما فيها القدس الشرقية<sup>(</sup><authorialNote marker="7" placement="bottom" eId="authorialNote_7"><p xml:space="preserve">	()	<a href="https://undocs.org/ar/A/HRC/22/63">A/HRC/22/63</a>.</p></authorialNote><sup>)</sup>،</p>
      </container>
      <container name="وإذ تشير أيضا" eId="container_12">
        <p xml:space="preserve">
          <span class="bold italic">وإذ تشير أيضا</span> إلى إعلان مبادئ ترتيبات الحكم الذاتي المؤقت المؤرخ 13 أيلول/سبتمبر 1993<sup>(</sup><authorialNote marker="8" placement="bottom" eId="authorialNote_8"><p xml:space="preserve">	()	<a href="https://undocs.org/ar/A/48/486">A/48/486-S/26560</a>، المرفق.</p></authorialNote><sup>)</sup> وإلى اتفاقات التنفيذ اللاحقة بين الجانبين الفلسطيني والإسرائيلي،</p>
      </container>
      <container name="وإذ تشير كذلك" eId="container_13">
        <p xml:space="preserve">
          <span class="bold italic">وإذ تشير كذلك</span> إلى خريطة الطريق التي وضعتها المجموعة الرباعية لإيجاد حل دائم للصراع الإسرائيلي الفلسطيني على أساس وجود دولتين<sup>(</sup><authorialNote marker="9" placement="bottom" eId="authorialNote_9"><p xml:space="preserve">	()	<a href="https://undocs.org/ar/S/2003/529">S/2003/529</a>، المرفق.</p></authorialNote><sup>)</sup>، وإذ تشدّد على وجه التحديد على دعوتها إلى تجميد جميع الأنشطة الاستيطانية، بما في ذلك ما يسمى النمو الطبيعي للمستوطنات، وإلى تفكيك جميع البؤر الاستيطانية المتقدمة التي أنشئت منذ آذار/مارس 2001، وعلى ضرورة أن تفي إسرائيل بالتزاماتها وتعهداتها في هذا الشأن،</p>
      </container>
      <container name="وإذ تشير" eId="container_14">
        <p xml:space="preserve">
          <span class="bold italic">وإذ تشير</span> إلى قرارها <a href="https://undocs.org/ar/A/RES/67/19">67/19</a> المؤرخ 29 تشرين الثاني/نوفمبر 2012،</p>
      </container>
      <container name="وإذ تلاحظ" eId="container_15">
        <p xml:space="preserve">
          <span class="bold italic">وإذ تلاحظ</span> انضمام فلسطين إلى عدة معاهدات لحقوق الإنسان وإلى الاتفاقيات الأساسية للقانون الإنساني، وكذلك إلى معاهدات دولية أخرى،</p>
      </container>
      <container name="وإذ تدرك" eId="container_16">
        <p xml:space="preserve">
          <span class="bold italic">وإذ تدرك</span> أن أنشطة الاستيطان الإسرائيلية تشمل، في جملة أمور، نقل رعايا السلطة القائمة بالاحتلال إلى الأراضي المحتلة ومصادرة الأراضي والنقل القسري للمدنيين الفلسطينيين، بمن فيهم الأسر البدوية، واستغلال الموارد الطبيعية، وتفتيت الأرض، واتخاذ إجراءات أخرى ضد السكان المدنيين الفلسطينيين والسكان المدنيين في الجولان السوري المحتل تتعارض مع القانون الدولي،</p>
      </container>
      <container name="وإذ تضع في اعتبارها" eId="container_17">
        <p xml:space="preserve">
          <span class="bold italic">وإذ تضع في اعتبارها</span> التأثير البالغ الضرر للسياسات والقرارات والأنشطة الاستيطانية الإسرائيلية في الجهود المبذولة حالياً على الصعيدين الإقليمي والدولي من أجل استئناف عملية السلام والمضي بها قدماً وفي فرص تحقيق السلام في الشرق الأوسط وفقا للحل القائم على وجود دولتين، إسرائيل وفلسطين، تعيشان جنبا إلى جنب في سلام وأمن داخل حدود معترف بها، على أساس حدود ما قبل عام 1967، وفي إمكانية تطبيق ذلك الحل ومصداقيته،</p>
      </container>
      <container name="وإذ تدين" eId="container_18">
        <p xml:space="preserve">
          <span class="bold italic">وإذ تدين</span> أنشطة الاستيطان التي تقوم بها إسرائيل، السلطة القائمة بالاحتلال، في الأرض الفلسطينية المحتلة، بما فيها القدس الشرقية، باعتبارها انتهاكات للقانون الدولي الإنساني وقرارات الأمم المتحدة ذات الصلة بالموضوع والاتفاقات التي تم التوصل إليها بين الطرفين وللالتزامات المقررة بموجب خريطة الطريق التي وضعتها المجموعة الرباعية وباعتبارها أعمالا تتم في تحدٍ لدعوات المجتمع الدولي إلى إيقاف جميع الأنشطة الاستيطانية،</p>
      </container>
      <container name="" eId="container_19">
          <p xml:space="preserve">
            <span class="bold italic">وإذ تشجب</span>
            <span class="bold italic">بوجه خاص</span> قيامَ إسرائيل ببناء وتوسيع المستوطنات في القدس الشرقية المحتلة وحولها، بما في ذلك ما تسميه الخطة هاء-1 الرامية إلى الربط بين مستوطناتها غير الشرعية حول القدس الشرقية المحتلة وزيادة عزلتها، ومواصلة هدم بيوت الفلسطينيين وطرد الأسر الفلسطينية من المدينة، وحرمان الفلسطينيين من حقوقهم في الإقامة في المدينة، والأنشطة الاستيطانية الجارية حاليا في غور الأردن، وهي جميعا أعمال تزيد من تمزيق أوصال الأرض الفلسطينية المحتلة وتقويض تواصلها الجغرافي،</p>
      </container>
      <container name="	وإذ تشجب " eId="container_20">
          <p xml:space="preserve">
            <span class="bold italic">	وإذ تشجب</span> الخطط الرامية إلى هدم قرية خان الأحمر الفلسطينية، في انتهاك للقانون الدولي، مما سيرتب عواقب وخيمة من حيث تشريد سكانها ويهدد بشدة إمكانية تطبيق حل الدولتين ويقوّض فرص تحقيق السلام، نظرا للموقع الحساس لهذه المنطقة وأهميتها للحفاظ على التواصل الجغرافي للأرض الفلسطينية، وتطالب بوقف تلك الخطط،</p>
      </container>
      <container name="وإذ تدين " eId="container_21">
        <p xml:space="preserve">
          <span class="bold italic">وإذ تدين </span>قيام إسرائيل بهدم مبانٍ فلسطينية في حي وادي الحمّص بقرية صور باهِر الواقعة جنوب القدس الشرقية المحتلة، في انتهاكٍ للقانون الدولي،</p>
      </container>
      <container name="وإذ تحيط علما" eId="container_22">
        <p xml:space="preserve">
          <span class="bold italic">وإذ تحيط علما</span> بتقرير المجموعة الرباعية المؤرخ 1 تموز/يوليه 2016<sup>(</sup><authorialNote marker="10" placement="bottom" eId="authorialNote_10"><p xml:space="preserve">	()	<a href="https://undocs.org/ar/S/2016/595">S/2016/595</a>، المرفق.</p></authorialNote><sup>)</sup>، وإذ تشدّد على توصياتها وكذلك على بياناتها ذات الصلة التي خلُص فيها أعضاء المجموعة الرباعية إلى جملة أمور منها أن استمرار سياسة بناء المستوطنات وتوسيعها، وتخصيص الأراضي للاستخدام الإسرائيلي الخالص، وحرمان الفلسطينيين من التنمية، بما يشمل الارتفاع الأخير في معدل عمليات الهدم، هي إجراءات تؤدي بشكل مطرد إلى تقويض حل الدولتين،</p>
      </container>
      <container name="وإذ تشجب" eId="container_23">
          <p xml:space="preserve">
            <span class="bold italic">وإذ تشجب</span> مواصلة إسرائيل التشييد غير القانوني للجدار داخل الأرض الفلسطينية المحتلة، بما في ذلك في القدس الشرقية وحولها، وإذ تعرب عن قلقها بوجه خاص إزاء امتداد الجدار خروجاً على خط الهدنة لعام 1949 بطريقة تجعله يضم الغالبية العظمى من المستوطنات الإسرائيلية في الأرض الفلسطينية المحتلة، بما فيها القدس الشرقية، ويسبب محنة إنسانية شديدة وترديا خطيرا في الأوضاع الاجتماعية والاقتصادية للشعب الفلسطيني، ويفتت وحدة الأرض الفلسطينية ويقوض حيويتها، مما قد يشكل حكماً مسبقاً على أي مفاوضات في المستقبل ويجعل حلّ الدولتين مستحيل التنفيذ فعلياً،</p>
      </container>
      <container name="وإذ تدين" eId="container_24">
        <p xml:space="preserve">
          <span class="bold italic">وإذ تدين</span> أعمال العنف والإرهاب ضد المدنيين على الجانبين، وإذ تشير إلى ضرورة إنهاء جميع أعمال العنف، بما في ذلك أعمال الإرهاب والاستفزاز والتحريض والتدمير،</p>
      </container>
      <container name="وإذ تدين أيضا" eId="container_25">
        <p xml:space="preserve">
          <span class="bold italic">وإذ تدين أيضا</span> جميع أعمال العنف والتدمير والمضايقة والاستفزاز والتحريض التي يرتكبها المستوطنون الإسرائيليون في الأرض الفلسطينية المحتلة، بما فيها القدس الشرقية، ضد المدنيين الفلسطينيين، بمن فيهم الأطفال، وضد ممتلكاتهم، بما فيها المواقع التاريخية والدينية، وأراضيهم الزراعية، وكذلك أعمال الإرهاب التي يرتكبها كثير من المستوطنين الإسرائيليين المتطرفين، وإذ تدعو إلى المساءلة عن الأعمال غير المشروعة التي ترتكب في هذا الصدد،</p>
      </container>
      <container name="وإذ تحيط علما" eId="container_26">
        <p xml:space="preserve">
          <span class="bold italic">وإذ تحيط علما</span> بتقارير الأمين العام ذات الصلة بالموضوع، بما في ذلك التقارير المقدمة عملا بقرار مجلس الأمن <a href="https://undocs.org/ar/S/RES/2334 (2016)">2334 (2016)</a><sup>(</sup><authorialNote marker="11" placement="bottom" eId="authorialNote_11"><p xml:space="preserve">	()	<a href="https://undocs.org/ar/A/74/192">A/74/192</a> و <a href="https://undocs.org/ar/A/74/219">A/74/219</a> و <a href="https://undocs.org/ar/A/74/357">A/74/357</a> و <a href="https://undocs.org/ar/A/74/468">A/74/468</a>.</p></authorialNote><sup>)</sup>،</p>
      </container>
    </preamble>
    <mainBody>
      <paragraph eId="para_27" class="SingleTxt">
        <content eId="para_27__content">
          <p xml:space="preserve">	1 -	<span class="bold italic">تؤكد</span> من جديد أن المستوطنات الإسرائيلية في الأرض الفلسطينية المحتلة، بما فيها القدس الشرقية، وفي الجولان السوري المحتل غير قانونية وتشكّل عقبةً أمام السلام والتنمية الاقتصادية والاجتماعية؛</p>
        </content>
      </paragraph>
      <paragraph eId="para_28" class="SingleTxt">
        <content eId="para_28__content">
          <p xml:space="preserve">	2 -	<span class="bold italic">تطالب</span> إسرائيل بأن تقبل انطباق اتفاقية جنيف بشأن حماية المدنيين في وقت الحرب المؤرخة 12 آب/أغسطس 1949<sup>(1)</sup> بحكم القانون على الأرض الفلسطينية المحتلة، بما فيها القدس الشرقية، وعلى الأراضي العربية الأخرى التي تحتلها إسرائيل منذ عام 1967، بما فيها الجولان السوري المحتل، وأن تلتزم بدقة بأحكام الاتفاقية، وبخاصة المادة 49 منها، وأن تتقيد بجميع التزاماتها بموجب القانون الدولي وأن تكف فورا عن اتخاذ جميع التدابير التي تتسبب في تغيير طابع الأرض الفلسطينية المحتلة، بما فيها القدس الشرقية، والجولان السوري المحتل ووضعِهما وتكوينهما الديمغرافي؛</p>
        </content>
      </paragraph>
      <paragraph eId="para_29" class="SingleTxt">
        <content eId="para_29__content">
          <p xml:space="preserve">	3 -	<span class="bold italic">تكرر</span> مطالبتها بوقف جميع أنشطة الاستيطان الإسرائيلية في جميع أنحاء الأرض الفلسطينية المحتلة، بما فيها القدس الشرقية، وفي الجولان السوري المحتل فورا وعلى نحو تام، وتدعو في هذا الصدد إلى تنفيذ جميع قرارات مجلس الأمن ذات الصلة بالموضوع بالكامل، بما فيها القرارات <a href="https://undocs.org/ar/S/RES/446 (1979)">446</a><a href="https://undocs.org/ar/S/RES/446 (1979)"> </a><a href="https://undocs.org/ar/S/RES/446 (1979)">(1979)</a> و <a href="https://undocs.org/ar/S/RES/452 (1979)">452 (1979)</a> المؤرخ 20 تموز/يوليه 1979 و <a href="https://undocs.org/ar/S/RES/465 (1980)">465 (1980)</a> و <a href="https://undocs.org/ar/S/RES/476 (1980)">476 (1980)</a> و <a href="https://undocs.org/ar/S/RES/478 (1980)">478 (1980)</a> و <a href="https://undocs.org/ar/S/RES/1515 (2003)">1515 (2003)</a> المؤرخ 19 تشرين الثاني/نوفمبر 2003 و <a href="https://undocs.org/ar/S/RES/2334 (2016)">2334 (2016)</a>؛</p>
        </content>
      </paragraph>
      <paragraph eId="para_30" class="SingleTxt">
        <content eId="para_30__content">
          <p xml:space="preserve">	4 -	<span class="bold italic">تؤكد</span> أن الوقف التام لجميع أنشطة الاستيطان الإسرائيلية أمرٌ أساسي لإنقاذ حل الدولتين المستند إلى حدود ما قبل عام 1967، وتدعو إلى اتخاذ خطوات إيجابية فورية لعكس مسار الاتجاهات السلبية القائمة على الأرض، التي تهدد إمكانية تطبيق حل الدولتين؛</p>
        </content>
      </paragraph>
      <paragraph eId="para_31" class="SingleTxt">
        <content eId="para_31__content">
          <p xml:space="preserve">	5 -	<span class="bold italic">تشير</span> إلى تأكيد مجلس الأمن، في قراره <a href="https://undocs.org/ar/S/RES/2334 (2016)">2334 (2016)</a>، أنه لن يعترف بأي تغييرات في خطوط الرابع من حزيران/يونيه 1967، بما في ذلك ما يتعلق بالقدس، سوى التغييرات التي يتفق عليها الطرفان من خلال المفاوضات؛</p>
        </content>
      </paragraph>
      <paragraph eId="para_32" class="SingleTxt">
        <content eId="para_32__content">
          <p xml:space="preserve">	6 -	<span class="bold italic">تؤكد</span> أن احتلال الأراضي إنما هو وضع مؤقت يفرضه الأمر الواقع ولا يجيز للسلطة القائمة بالاحتلال أن تزعم ملكيتها للأرض التي تحتلها أو أن تبسط عليها سيادتها، وتشير في هذا الصدد إلى مبدأ عدم جواز الاستيلاء على الأراضي بالقوة ومن ثمّ عدم مشروعية ضم أي جزء من الأرض الفلسطينية المحتلة، بما فيها القدس الشرقية، الذي يشكّل خرقا للقانون الدولي ويقوّض إمكانية تطبيق حل الدولتين ويعرقل احتمالاتِ التوصل إلى تسوية سلمية عادلة ودائمة وشاملة، وتعرب عن قلقها البالغ إزاء البيانات الصادرة في الآونة الأخيرة التي تدعو إلى أن تضم إسرائيل مناطق تقع في الأرض الفلسطينية المحتلة؛</p>
        </content>
      </paragraph>
      <paragraph eId="para_33" class="SingleTxt">
        <content eId="para_33__content">
          <p xml:space="preserve">	7 -	<span class="bold italic">تدين</span> في هذا الصدد أنشطة الاستيطان في الأرض الفلسطينية المحتلة، بما فيها القدس الشرقية، وفي الجولان السوري المحتل، وأي أنشطة تنطوي على مصادرة الأراضي وقطع سبل الرزق للأشخاص المشمولين بالحماية والنقل القسري للمدنيين وضم الأراضي، سواء أكان ذلك بحكم الأمر الواقع أو بموجب تشريعات وطنية؛</p>
        </content>
      </paragraph>
      <paragraph eId="para_34" class="SingleTxt">
        <content eId="para_34__content">
          <p xml:space="preserve">	8 -	<span class="bold italic">تطالب</span> إسرائيل، السلطة القائمة بالاحتلال، بأن تتقيد بالتزاماتها القانونية المذكورة في الفتوى الصادرة عن محكمة العدل الدولية في 9 تموز/يوليه 2004<sup>(4)</sup>؛</p>
        </content>
      </paragraph>
      <paragraph eId="para_35" class="SingleTxt">
        <content eId="para_35__content">
          <p xml:space="preserve">	9 -	<span class="bold italic">تكرر دعوتها</span> إلى منع جميع أعمال العنف والتدمير والمضايقة والاستفزاز التي يقوم بها المستوطنون الإسرائيليون، وبخاصة ضد المدنيين الفلسطينيين وممتلكاتهم، ومنها المواقع التاريخية والدينية، وبما في ذلك في القدس الشرقية المحتلة، وضد أراضيهم الزراعية؛</p>
        </content>
      </paragraph>
      <paragraph eId="para_36" class="SingleTxt">
        <content eId="para_36__content">
          <p xml:space="preserve">	10 -	<span class="bold italic">تدعو</span> إلى المساءلة عن الأعمال غير المشروعة التي يرتكبها المستوطنون الإسرائيليون في الأرض الفلسطينية المحتلة، وتؤكد في هذا الصدد ضرورة تنفيذ قرار مجلس الأمن <a href="https://undocs.org/ar/S/RES/904 (1994)">904 (1994)</a> الذي طلب فيه المجلس إلى إسرائيل، السلطة القائمة بالاحتلال، مواصلة اتخاذ وتنفيذ تدابير تشمل مصادرة الأسلحة بهدف منع أعمال العنف غير المشروعة التي يرتكبها المستوطنون الإسرائيليون ودعا إلى اتخاذ تدابير لضمان سلامة المدنيين الفلسطينيين في الأرض المحتلة وحمايتهم؛</p>
        </content>
      </paragraph>
      <paragraph eId="para_37" class="SingleTxt">
        <content eId="para_37__content">
          <p xml:space="preserve">	11 -	<span class="bold italic">تؤكد</span> مسؤولية إسرائيل، السلطة القائمة بالاحتلال، عن التحقيق في جميع أعمال العنف التي يرتكبها المستوطنون ضد المدنيين الفلسطينيين وممتلكاتهم وكفالة مساءلتهم عن هذه الأعمال؛</p>
        </content>
      </paragraph>
      <paragraph eId="para_38" class="SingleTxt">
        <content eId="para_38__content">
          <p xml:space="preserve">	12 -	<span class="bold italic">تهيب</span> بجميع الدول والمنظمات الدولية أن تواصل بهمة اتباع سياسات تكفل احترام التزاماتها بموجب القانون الدولي في ما يتعلق بجميع الممارسات والتدابير الإسرائيلية غير القانونية في الأرض الفلسطينية المحتلة، بما فيها القدس الشرقية، وبخاصة أنشطة الاستيطان الإسرائيلية؛</p>
        </content>
      </paragraph>
      <paragraph eId="para_39" class="SingleTxt">
        <content eId="para_39__content">
          <p xml:space="preserve">	13 -	<span class="bold italic">تدعو</span> إلى وضع تدابير للمساءلة، بما يتسق مع أحكام القانون الدولي، في ضوء استمرار عدم الامتثال للمطالبات بضرورة الوقف التام والفوري لجميع أنشطة الاستيطان، التي هي غير قانونية بموجب القانون الدولي وتشكّل عقبةً أمام السلام وتهدد بجعل حل الدولتين أمرا مستحيلا، مشددةً على أن الامتثال لأحكام القانون الدولي الإنساني والقانون الدولي لحقوق الإنسان واحترامها دعامةٌ أساسية من دعائم السلام والأمن في المنطقة؛</p>
        </content>
      </paragraph>
      <paragraph eId="para_40" class="SingleTxt">
        <content eId="para_40__content">
          <p xml:space="preserve">	14 -	<span class="bold italic">تشير</span> في هذا الصدد إلى البيان المؤرخ 15 تموز/يوليه 1999 الصادر عن مؤتمر الأطراف المتعاقدة السامية في اتفاقية جنيف الرابعة المعني بالتدابير الرامية إلى إنفاذ الاتفاقية في الأرض الفلسطينية المحتلة، بما فيها القدس الشرقية، وإلى الإعلانين اللذين اعتمدهما المؤتمر في 5 كانون الأول/ديسمبر 2001 و 17 كانون الأول/ديسمبر 2014<sup>(</sup><authorialNote marker="12" placement="bottom" eId="authorialNote_12"><p xml:space="preserve">	()	<a href="https://undocs.org/ar/A/69/711">A/69/711-S/2015/1</a>، المرفق.</p></authorialNote><sup>)</sup>، وترحب في هذا الصدد بالمبادرات التي اتخذتها دول أطراف بشكل فردي أو جماعي، وفقا للمادة 1 من الاتفاقية، بهدف كفالة احترام الاتفاقية والمساءلة، وتهيب بجميع الأطراف المتعاقدة السامية في الاتفاقية أن تواصل، منفردةً أو مجتمعةً، بذل قصاراها من أجل كفالة احترام إسرائيل، السلطة القائمة بالاحتلال، لأحكام الاتفاقية في الأرض الفلسطينية المحتلة، بما فيها القدس الشرقية، وفي الأراضي العربية الأخرى التي تحتلها إسرائيل منذ عام 1967؛</p>
        </content>
      </paragraph>
      <paragraph eId="para_41" class="SingleTxt">
        <content eId="para_41__content">
          <p xml:space="preserve">	15 -	<span class="bold italic">تشير أيضا</span> إلى أن مجلس الأمن أهاب، في قراره <a href="https://undocs.org/ar/S/RES/2334 (2016)">2334 (2016)</a>، بجميع الدول أن تميّز في معاملاتها ذات الصلة بين إقليم دولة إسرائيل والأراضي المحتلة منذ عام 1967؛</p>
        </content>
      </paragraph>
      <paragraph eId="para_42" class="SingleTxt">
        <content eId="para_42__content">
          <p xml:space="preserve">	16 -	<span class="bold italic">تهيب</span> بجميع الدول ألا تعترف بالوضع الناشئ عن تدابير تعتبر غير قانونية بمقتضى أحكام القانون الدولي، بما يشمل التدابير الرامية إلى المضي قدماً بمخططات ضم الأراضي في الأرض الفلسطينية المحتلة، بما فيها القدس الشرقية، وفي الأراضي العربية الأخرى التي تحتلها إسرائيل منذ عام 1967، وأن تمتنع عن تقديم العون أو المساعدة في الإبقاء على هذا الوضع، وذلك تمشياً مع التزاماتها بموجب القانون الدولي والقرارات ذات الصلة؛</p>
        </content>
      </paragraph>
      <paragraph eId="para_43" class="SingleTxt">
        <content eId="para_43__content">
          <p xml:space="preserve">	17 -	<span class="bold italic">تهيب </span>بهيئات الأمم المتحدة ذات الصلة أن تتخذ جميع التدابير والإجراءات الضرورية في نطاق ولاياتها لضمان الاحترام التام لقرار مجلس حقوق الإنسان <a href="https://undocs.org/ar/A/HRC/RES/17/4">17/4</a> المؤرخ 16 حزيران/يونيه 2011<sup>(</sup><authorialNote marker="13" placement="bottom" eId="authorialNote_13"><p xml:space="preserve">	()	انظر: <span class="italic">الوثائق الرسمية للجمعية العامة، الدورة السادسة والستون، الملحق رقم 53</span> (<a href="https://undocs.org/ar/A/66/53">A/66/53</a>)، الفصل الثالث، الفرع ألف.</p></authorialNote><sup>)</sup> والتقيّد الكامل بأحكامه بشأن المبادئ التوجيهية المتعلقة بالأعمال التجارية وحقوق الإنسان<sup>(</sup><authorialNote marker="14" placement="bottom" eId="authorialNote_14"><p xml:space="preserve">	()	<a href="https://undocs.org/ar/A/HRC/17/31">A/HRC/17/31</a>، المرفق.</p></authorialNote><sup>)</sup>، وغيرها من القوانين والقواعد الدولية ذات الصلة بالموضوع، وضمان تنفيذ إطار الأمم المتحدة المعنون ”الحماية والاحترام والانتصاف“ الذي يوفر معيارا عالميا لإحقاق حقوق الإنسان فيما يتعلق بأنشطة الأعمال التجارية المتصلة بالمستوطنات الإسرائيلية في الأرض الفلسطينية المحتلة، بما فيها القدس الشرقية؛</p>
        </content>
      </paragraph>
      <paragraph eId="para_44" class="SingleTxt">
        <content eId="para_44__content">
          <p xml:space="preserve">	18 -	<span class="bold italic">تطلب</span> إلى الأمين العام أن يقدم إلى الجمعية العامة في دورتها الخامسة والسبعين تقريرا عن تنفيذ هذا القرار.</p>
        </content>
      </paragraph>
    </mainBody>
    <conclusions eId="conclusions">
      <p>
        <inline name="adoptionMeeting" title="47">الجلسة العامة 47</inline>
        <eol />
        <docDate date="2019-12-13" refersTo="#adoptionDate">13 كانون الأول/ديسمبر 2019</docDate>
      </p>
    </conclusions>
  </statement>
</akomaNtoso>