<akomaNtoso xmlns:xsi="http://www.w3.org/2001/XMLSchema-instance" xsi:schemaLocation="http://docs.oasis-open.org/legaldocml/ns/akn/3.0 http://docs.oasis-open.org/legaldocml/akn-core/v1.0/os/part2-specs/schemas/akomantoso30.xsd" xmlns="http://docs.oasis-open.org/legaldocml/ns/akn/3.0" xmlns:html="http://www.w3.org/1999/xhtml" xmlns:akn4un="http://un.org/akn4un">
  <statement name="resolution">
    <meta>
      <identification source="#DGACM">
        <FRBRWork>
          <FRBRthis value="/akn/un/statement/deliberation/unga/2019-12-13/74-94/!main/"></FRBRthis>
          <FRBRuri value="/akn/un/statement/deliberation/unga/2019-12-13/74-94/"></FRBRuri>
          <FRBRdate date="2019-12-13" name="adoption"></FRBRdate>
          <FRBRauthor href="ga" as="author"></FRBRauthor>
          <FRBRcountry value="un"></FRBRcountry>
        </FRBRWork>
        <FRBRExpression>
          <FRBRthis value="/akn/un/statement/deliberation/unga/2019-12-13/74-94/ara@!main/"></FRBRthis>
          <FRBRuri value="/akn/un/statement/deliberation/unga/2019-12-13/74-94/ara@/"></FRBRuri>
          <FRBRdate date="2019-12-26" name="publication"></FRBRdate>
          <FRBRauthor href="ga" as="issuer"></FRBRauthor>
          <FRBRlanguage language="ara"></FRBRlanguage>
        </FRBRExpression>
        <FRBRManifestation>
          <FRBRthis value="/akn/un/statement/deliberation/unga/2019-12-13/74-94/ara@/!main.xml"></FRBRthis>
          <FRBRuri value="/akn/un/statement/deliberation/unga/2019-12-13/74-94/ara@.xml"></FRBRuri>
          <FRBRdate date="2020-09-02" name="markup"></FRBRdate>
          <FRBRauthor href="DGACM" as="editor"></FRBRauthor>
        </FRBRManifestation>
      </identification>
      <classification source="http://metadata.un.org/sdg">
        <keyword value="2" href="http://metadata.un.org/sdg/2" showAs="sdg_2" dictionary="SDGO"></keyword>
        <keyword value="food_shortage" href="http://eurovoc.europa.eu/2318" showAs="food_shortage" dictionary="EuroVoc"></keyword>
        <keyword value="sustainable_agriculture" href="http://eurovoc.europa.eu/6308" showAs="sustainable_agriculture" dictionary="EuroVoc"></keyword>
        <keyword value="food_security" href="http://eurovoc.europa.eu/c_4523e1dd" showAs="food_security" dictionary="EuroVoc"></keyword>
        <keyword value="food_security" href="http://metadata.un.org/thesaurus/1002439" showAs="food_security" dictionary="UNBIS Thesaurus"></keyword>
        <keyword value="food_shortage" href="http://metadata.un.org/thesaurus/1002440" showAs="food_shortage" dictionary="UNBIS Thesaurus"></keyword>
        <keyword value="hunger" href="http://metadata.un.org/thesaurus/1003004" showAs="hunger" dictionary="UNBIS Thesaurus"></keyword>
        <keyword value="sustainable_agriculture" href="http://metadata.un.org/thesaurus/1006317" showAs="sustainable_agriculture" dictionary="UNBIS Thesaurus"></keyword>
      </classification>
      <classification source="http://metadata.un.org/sdg">
        <keyword value="14" href="http://metadata.un.org/sdg/14" showAs="sdg_14" dictionary="SDGO"></keyword>
        <keyword value="marine_life" href="http://eurovoc.europa.eu/3149" showAs="marine_life" dictionary="EuroVoc"></keyword>
        <keyword value="marine_environment" href="http://eurovoc.europa.eu/5742" showAs="marine_environment" dictionary="EuroVoc"></keyword>
        <keyword value="ocean" href="http://eurovoc.europa.eu/2107" showAs="ocean" dictionary="EuroVoc"></keyword>
        <keyword value="sea" href="http://eurovoc.europa.eu/1870" showAs="sea" dictionary="EuroVoc"></keyword>
        <keyword value="marine_resources" href="http://metadata.un.org/thesaurus/030800" showAs="marine_resources" dictionary="UNBIS Thesaurus"></keyword>
        <keyword value="marine_resources" href="http://metadata.un.org/thesaurus/1003922" showAs="marine_resources" dictionary="UNBIS Thesaurus"></keyword>
        <keyword value="oceans_and_seas" href="http://metadata.un.org/thesaurus/170600" showAs="oceans_and_seas" dictionary="UNBIS Thesaurus"></keyword>
      </classification>
      <classification source="http://metadata.un.org/sdg">
        <keyword value="16" href="http://metadata.un.org/sdg/16" showAs="sdg_16" dictionary="SDGO"></keyword>
        <keyword value="right_to_justice" href="http://eurovoc.europa.eu/516" showAs="right_to_justice" dictionary="EuroVoc"></keyword>
        <keyword value="sustainable_development" href="http://eurovoc.europa.eu/5585" showAs="sustainable_development" dictionary="EuroVoc"></keyword>
        <keyword value="civil_society" href="http://metadata.un.org/thesaurus/1001012" showAs="civil_society" dictionary="UNBIS Thesaurus"></keyword>
        <keyword value="justice" href="http://metadata.un.org/thesaurus/1003500" showAs="justice" dictionary="UNBIS Thesaurus"></keyword>
        <keyword value="peaceful_coexistence" href="http://metadata.un.org/thesaurus/1004777" showAs="peaceful_coexistence" dictionary="UNBIS Thesaurus"></keyword>
        <keyword value="public_institutions" href="http://metadata.un.org/thesaurus/1005254" showAs="public_institutions" dictionary="UNBIS Thesaurus"></keyword>
        <keyword value="social_justice" href="http://metadata.un.org/thesaurus/1005970" showAs="social_justice" dictionary="UNBIS Thesaurus"></keyword>
        <keyword value="sustainable_development" href="http://metadata.un.org/thesaurus/1006319" showAs="sustainable_development" dictionary="UNBIS Thesaurus"></keyword>
      </classification>
      <classification source="http://metadata.un.org/sdg">
        <keyword value="8" href="http://metadata.un.org/sdg/8" showAs="sdg_8" dictionary="SDGO"></keyword>
        <keyword value="economic_growth" href="http://eurovoc.europa.eu/310" showAs="economic_growth" dictionary="EuroVoc"></keyword>
        <keyword value="full_employment" href="http://eurovoc.europa.eu/2427" showAs="full_employment" dictionary="EuroVoc"></keyword>
        <keyword value="unemployment" href="http://eurovoc.europa.eu/5974" showAs="unemployment" dictionary="EuroVoc"></keyword>
        <keyword value="economic_growth" href="http://metadata.un.org/thesaurus/1001854" showAs="economic_growth" dictionary="UNBIS Thesaurus"></keyword>
        <keyword value="employment" href="http://metadata.un.org/thesaurus/1002007" showAs="employment" dictionary="UNBIS Thesaurus"></keyword>
        <keyword value="full_employment" href="http://metadata.un.org/thesaurus/1002563" showAs="full_employment" dictionary="UNBIS Thesaurus"></keyword>
        <keyword value="unemployment" href="http://metadata.un.org/thesaurus/1006773" showAs="unemployment" dictionary="UNBIS Thesaurus"></keyword>
      </classification>
      <workflow source="#un">
        <step date="0001-01-01" outcome="draftResolution" by="submitted by the Special Committee on the Situation with regard to the Implementation of the Declaration on the Granting of Independence to Colonial Countries and Peoples" />
        <step date="0001-01-01" outcome="draftResolutionAdditionalSponsors" by="" />
        <step date="0001-01-01" outcome="recommendedForAdoption" as="A/74/415" by="" refersTo="7" />
        <step date="2019-12-13" outcome="adopted" as="A/74/PV.47" by="" />
      </workflow>
      <analysis source="#un">
        <parliamentary>
          <voting outcome="adoptedRecordedVote">
            <count value="178" refersTo="inFavour">
              <akn4un:voters>
                <organization refersTo="memberState">AFGHANISTAN</organization>
                <organization refersTo="memberState">ALBANIA</organization>
                <organization refersTo="memberState">ALGERIA</organization>
                <organization refersTo="memberState">ANDORRA</organization>
                <organization refersTo="memberState">ANGOLA</organization>
                <organization refersTo="memberState">ANTIGUA AND BARBUDA</organization>
                <organization refersTo="memberState">ARGENTINA</organization>
                <organization refersTo="memberState">ARMENIA</organization>
                <organization refersTo="memberState">AUSTRALIA</organization>
                <organization refersTo="memberState">AUSTRIA</organization>
                <organization refersTo="memberState">AZERBAIJAN</organization>
                <organization refersTo="memberState">BAHAMAS</organization>
                <organization refersTo="memberState">BAHRAIN</organization>
                <organization refersTo="memberState">BANGLADESH</organization>
                <organization refersTo="memberState">BARBADOS</organization>
                <organization refersTo="memberState">BELARUS</organization>
                <organization refersTo="memberState">BELGIUM</organization>
                <organization refersTo="memberState">BELIZE</organization>
                <organization refersTo="memberState">BENIN</organization>
                <organization refersTo="memberState">BHUTAN</organization>
                <organization refersTo="memberState">BOLIVIA (PLURINATIONAL STATE OF)</organization>
                <organization refersTo="memberState">BOSNIA AND HERZEGOVINA</organization>
                <organization refersTo="memberState">BOTSWANA</organization>
                <organization refersTo="memberState">BRAZIL</organization>
                <organization refersTo="memberState">BRUNEI DARUSSALAM</organization>
                <organization refersTo="memberState">BULGARIA</organization>
                <organization refersTo="memberState">BURKINA FASO</organization>
                <organization refersTo="memberState">BURUNDI</organization>
                <organization refersTo="memberState">CABO VERDE</organization>
                <organization refersTo="memberState">CAMBODIA</organization>
                <organization refersTo="memberState">CAMEROON</organization>
                <organization refersTo="memberState">CANADA</organization>
                <organization refersTo="memberState">CHAD</organization>
                <organization refersTo="memberState">CHILE</organization>
                <organization refersTo="memberState">CHINA</organization>
                <organization refersTo="memberState">COLOMBIA</organization>
                <organization refersTo="memberState">COMOROS</organization>
                <organization refersTo="memberState">CONGO</organization>
                <organization refersTo="memberState">COSTA RICA</organization>
                <organization refersTo="memberState">COTE D'IVOIRE</organization>
                <organization refersTo="memberState">CROATIA</organization>
                <organization refersTo="memberState">CUBA</organization>
                <organization refersTo="memberState">CYPRUS</organization>
                <organization refersTo="memberState">CZECHIA</organization>
                <organization refersTo="memberState">DEMOCRATIC PEOPLE'S REPUBLIC OF KOREA</organization>
                <organization refersTo="memberState">DENMARK</organization>
                <organization refersTo="memberState">DJIBOUTI</organization>
                <organization refersTo="memberState">DOMINICAN REPUBLIC</organization>
                <organization refersTo="memberState">ECUADOR</organization>
                <organization refersTo="memberState">EGYPT</organization>
                <organization refersTo="memberState">EL SALVADOR</organization>
                <organization refersTo="memberState">ERITREA</organization>
                <organization refersTo="memberState">ESTONIA</organization>
                <organization refersTo="memberState">ESWATINI</organization>
                <organization refersTo="memberState">ETHIOPIA</organization>
                <organization refersTo="memberState">FIJI</organization>
                <organization refersTo="memberState">FINLAND</organization>
                <organization refersTo="memberState">GABON</organization>
                <organization refersTo="memberState">GAMBIA</organization>
                <organization refersTo="memberState">GEORGIA</organization>
                <organization refersTo="memberState">GERMANY</organization>
                <organization refersTo="memberState">GHANA</organization>
                <organization refersTo="memberState">GREECE</organization>
                <organization refersTo="memberState">GRENADA</organization>
                <organization refersTo="memberState">GUATEMALA</organization>
                <organization refersTo="memberState">GUINEA</organization>
                <organization refersTo="memberState">GUYANA</organization>
                <organization refersTo="memberState">HAITI</organization>
                <organization refersTo="memberState">HONDURAS</organization>
                <organization refersTo="memberState">HUNGARY</organization>
                <organization refersTo="memberState">ICELAND</organization>
                <organization refersTo="memberState">INDIA</organization>
                <organization refersTo="memberState">INDONESIA</organization>
                <organization refersTo="memberState">IRAN (ISLAMIC REPUBLIC OF)</organization>
                <organization refersTo="memberState">IRAQ</organization>
                <organization refersTo="memberState">IRELAND</organization>
                <organization refersTo="memberState">ITALY</organization>
                <organization refersTo="memberState">JAMAICA</organization>
                <organization refersTo="memberState">JAPAN</organization>
                <organization refersTo="memberState">JORDAN</organization>
                <organization refersTo="memberState">KAZAKHSTAN</organization>
                <organization refersTo="memberState">KENYA</organization>
                <organization refersTo="memberState">KIRIBATI</organization>
                <organization refersTo="memberState">KUWAIT</organization>
                <organization refersTo="memberState">KYRGYZSTAN</organization>
                <organization refersTo="memberState">LAO PEOPLE'S DEMOCRATIC REPUBLIC</organization>
                <organization refersTo="memberState">LATVIA</organization>
                <organization refersTo="memberState">LEBANON</organization>
                <organization refersTo="memberState">LESOTHO</organization>
                <organization refersTo="memberState">LIBYA</organization>
                <organization refersTo="memberState">LIECHTENSTEIN</organization>
                <organization refersTo="memberState">LITHUANIA</organization>
                <organization refersTo="memberState">LUXEMBOURG</organization>
                <organization refersTo="memberState">MADAGASCAR</organization>
                <organization refersTo="memberState">MALAYSIA</organization>
                <organization refersTo="memberState">MALDIVES</organization>
                <organization refersTo="memberState">MALI</organization>
                <organization refersTo="memberState">MALTA</organization>
                <organization refersTo="memberState">MARSHALL ISLANDS</organization>
                <organization refersTo="memberState">MAURITANIA</organization>
                <organization refersTo="memberState">MAURITIUS</organization>
                <organization refersTo="memberState">MEXICO</organization>
                <organization refersTo="memberState">MICRONESIA (FEDERATED STATES OF)</organization>
                <organization refersTo="memberState">MONACO</organization>
                <organization refersTo="memberState">MONGOLIA</organization>
                <organization refersTo="memberState">MONTENEGRO</organization>
                <organization refersTo="memberState">MOROCCO</organization>
                <organization refersTo="memberState">MOZAMBIQUE</organization>
                <organization refersTo="memberState">MYANMAR</organization>
                <organization refersTo="memberState">NAMIBIA</organization>
                <organization refersTo="memberState">NAURU</organization>
                <organization refersTo="memberState">NEPAL</organization>
                <organization refersTo="memberState">NETHERLANDS</organization>
                <organization refersTo="memberState">NEW ZEALAND</organization>
                <organization refersTo="memberState">NICARAGUA</organization>
                <organization refersTo="memberState">NIGERIA</organization>
                <organization refersTo="memberState">NORTH MACEDONIA</organization>
                <organization refersTo="memberState">NORWAY</organization>
                <organization refersTo="memberState">OMAN</organization>
                <organization refersTo="memberState">PAKISTAN</organization>
                <organization refersTo="memberState">PALAU</organization>
                <organization refersTo="memberState">PANAMA</organization>
                <organization refersTo="memberState">PAPUA NEW GUINEA</organization>
                <organization refersTo="memberState">PARAGUAY</organization>
                <organization refersTo="memberState">PERU</organization>
                <organization refersTo="memberState">PHILIPPINES</organization>
                <organization refersTo="memberState">POLAND</organization>
                <organization refersTo="memberState">PORTUGAL</organization>
                <organization refersTo="memberState">QATAR</organization>
                <organization refersTo="memberState">REPUBLIC OF KOREA</organization>
                <organization refersTo="memberState">REPUBLIC OF MOLDOVA</organization>
                <organization refersTo="memberState">ROMANIA</organization>
                <organization refersTo="memberState">RWANDA</organization>
                <organization refersTo="memberState">SAINT KITTS AND NEVIS</organization>
                <organization refersTo="memberState">SAINT LUCIA</organization>
                <organization refersTo="memberState">SAINT VINCENT AND THE GRENADINES</organization>
                <organization refersTo="memberState">SAMOA</organization>
                <organization refersTo="memberState">SAN MARINO</organization>
                <organization refersTo="memberState">SAO TOME AND PRINCIPE</organization>
                <organization refersTo="memberState">SAUDI ARABIA</organization>
                <organization refersTo="memberState">SENEGAL</organization>
                <organization refersTo="memberState">SERBIA</organization>
                <organization refersTo="memberState">SEYCHELLES</organization>
                <organization refersTo="memberState">SIERRA LEONE</organization>
                <organization refersTo="memberState">SINGAPORE</organization>
                <organization refersTo="memberState">SLOVAKIA</organization>
                <organization refersTo="memberState">SLOVENIA</organization>
                <organization refersTo="memberState">SOMALIA</organization>
                <organization refersTo="memberState">SOUTH AFRICA</organization>
                <organization refersTo="memberState">SOUTH SUDAN</organization>
                <organization refersTo="memberState">SPAIN</organization>
                <organization refersTo="memberState">SRI LANKA</organization>
                <organization refersTo="memberState">SUDAN</organization>
                <organization refersTo="memberState">SURINAME</organization>
                <organization refersTo="memberState">SWEDEN</organization>
                <organization refersTo="memberState">SWITZERLAND</organization>
                <organization refersTo="memberState">SYRIAN ARAB REPUBLIC</organization>
                <organization refersTo="memberState">TAJIKISTAN</organization>
                <organization refersTo="memberState">THAILAND</organization>
                <organization refersTo="memberState">TIMOR-LESTE</organization>
                <organization refersTo="memberState">TOGO</organization>
                <organization refersTo="memberState">TONGA</organization>
                <organization refersTo="memberState">TRINIDAD AND TOBAGO</organization>
                <organization refersTo="memberState">TUNISIA</organization>
                <organization refersTo="memberState">TURKEY</organization>
                <organization refersTo="memberState">TURKMENISTAN</organization>
                <organization refersTo="memberState">UGANDA</organization>
                <organization refersTo="memberState">UKRAINE</organization>
                <organization refersTo="memberState">UNITED ARAB EMIRATES</organization>
                <organization refersTo="memberState">UNITED REPUBLIC OF TANZANIA</organization>
                <organization refersTo="memberState">URUGUAY</organization>
                <organization refersTo="memberState">UZBEKISTAN</organization>
                <organization refersTo="memberState">VANUATU</organization>
                <organization refersTo="memberState">VENEZUELA (BOLIVARIAN REPUBLIC OF)</organization>
                <organization refersTo="memberState">VIET NAM</organization>
                <organization refersTo="memberState">YEMEN</organization>
                <organization refersTo="memberState">ZAMBIA</organization>
                <organization refersTo="memberState">ZIMBABWE</organization>
              </akn4un:voters>
            </count>
            <count value="2" refersTo="against">
              <akn4un:voters>
                <organization refersTo="memberState">ISRAEL</organization>
                <organization refersTo="memberState">UNITED STATES</organization>
              </akn4un:voters>
            </count>
            <count value="3" refersTo="abstaining">
              <akn4un:voters>
                <organization refersTo="memberState">CENTRAL AFRICAN REPUBLIC</organization>
                <organization refersTo="memberState">FRANCE</organization>
                <organization refersTo="memberState">UNITED KINGDOM</organization>
              </akn4un:voters>
            </count>
          </voting>
        </parliamentary>
      </analysis>
      <references source="#DGACM">
        <TLCOrganization eId="source" href="/akn/ontology/organization/un/DGACM" showAs="DGACM"></TLCOrganization>
        <TLCConcept eId="dateOfIssuance" href="/akn/ontology/concept/un/dateOfIssuance" showAs="Date of issuance"></TLCConcept>
        <TLCConcept eId="dateOfAdoption" href="/akn/ontology/concept/un/dateOfAdoption" showAs="Date of adoption"></TLCConcept>
        <TLCConcept eId="symbol" href="/akn/ontology/reference/un/symbol" showAs="Symbol"></TLCConcept>
        <TLCRole eId="publisher" href="/akn/ontology/role/un/publisher" showAs="Publisher"></TLCRole>
        <TLCRole eId="issuingBody" href="/akn/role/concept/un/issuingBody" showAs="Issuing body"></TLCRole>
        <TLCRole eId="author" href="/akn/ontology/role/un/author" showAs="Author"></TLCRole>
        <TLCRole eId="editor" href="/akn/ontology/role/un/editor" showAs="Editor"></TLCRole>
        <TLCRole eId="distribution" href="/akn/ontology/concept/un/generalDistribution" showAs="General distribution"></TLCRole>
        <TLCOrganization eId="ga" href="/akn/ontology/organization/un/generalAssembly" showAs="General Assembly"></TLCOrganization>
        <TLCTerm eId="resolutionTitle" href="/akn/ontology/reference/un/resolutionTitle" showAs="Resolution title"></TLCTerm>
        <TLCTerm eId="fourthCommittee" href="#fourthCommittee" showAs="لجنة المسائل السياسية الخاصة وإنهاء الاستعمار"></TLCTerm>
        <TLCTerm eId="memberState" href="/akn/ontology/organization/un/memberState" showAs="Member State"></TLCTerm>
        <TLCTerm eId="inFavour" href="/akn/ontology/concept/un/voting/inFavour" showAs="In favour"></TLCTerm>
        <TLCTerm eId="against" href="/akn/ontology/concept/un/voting/against" showAs="Against"></TLCTerm>
        <TLCTerm eId="abstaining" href="/akn/ontology/concept/un/voting/abstaining" showAs="Abstaining"></TLCTerm>
      </references>
      <presentation source="#un">
        <akn4un:footerFirstPage>
          <akn4un:footerFirstPageLeft>
            <akn4un:internalCode>
              <docketNumber refersTo="#publicationJobNumber"></docketNumber>
              <img alt="bar code" class="barCode" src=""></img>
            </akn4un:internalCode>
          </akn4un:footerFirstPageLeft>
          <akn4un:footerFirstPageRight>
            <img alt="Please recycle" class="image" src="./recylcleLogo.jpg"></img>
            <img alt="embedded QR code" class="qrCode" src=""></img>
          </akn4un:footerFirstPageRight>
        </akn4un:footerFirstPage>
      </presentation>
    </meta>
    <coverPage eId="coverPage_1">
      <p>
        <span refersTo="#publisher" class="upperLeft">
          <docAuthority refersTo="#publisher">الأمــم المتحـدة</docAuthority>
        </span>
      </p>
      <p class="upperRight">
        <docNumber refersTo="#symbol">A/RES/74/94</docNumber>
      </p>
      <p class="upperLeft">
        <img src="logo-un.jpg"></img>
        <docAuthority refersTo="#issuingBody" class="rightBig">الجمعية العامة</docAuthority>
      </p>
      <p>
        <docStatus refersTo="#generalDistribution" class="rightSmall">Distr.: General</docStatus>
      </p>
      <p>
        <docDate date="2019-12-26" class="rightSmall" refersTo="#dateOfIssuance">26 December 2019</docDate>
      </p>
      <p>
        <session refersTo="#generalAssembly" value="74" eId="coverPage_1__session_1">الدورة الرابعة والسبعون</session>
      </p>
      <p>
        <inline name="agenda item">البند 56 من جدول الأعمال</inline>
      </p>
      <p>
        <inline name="agenda item name">الأنشطة الاقتصادية وغيرها من الأنشطة التي تؤثر في مصالح شعوب الأقاليم غير المتمتعة بالحكم الذاتي</inline>
      </p>
      <p>
        <docTitle>قرار اتخذته الجمعية العامة في 13 كانون الأول/ديسمبر 2019</docTitle>
      </p>
      <p xml:space="preserve">
        <docProponent refersTo="#fourthCommittee">[بناء على تقرير لجنة المسائل السياسية الخاصة وإنهاء الاستعمار (اللجنة الرابعة) (<inline name="originating document">A/74/415</inline>)]</docProponent>
      </p>
    </coverPage>
    <preface>
      <p>
        <docNumber>74/94.</docNumber>
        <docTitle refersTo="#resolutionTitle">-	الأنشطة الاقتصادية وغيرها من الأنشطة التي تؤثر في مصالح شعوب الأقاليم غير المتمتعة بالحكم الذاتي</docTitle>
      </p>
    </preface>
    <preamble>
      <formula name="enactingFormula" eId="formula_1">
        <p xml:space="preserve">
          <span class="bold italic">إن الجمعية العامة</span>،</p>
      </formula>
      <container name="وقد نظرت" eId="container_2">
          <p xml:space="preserve">
            <span class="bold italic">وقد نظرت</span> في البند المعنون ”الأنشطة الاقتصادية وغيرها من الأنشطة التي تؤثر في مصالح شعوب الأقاليم غير المتمتعة بالحكم الذاتي“،</p>
      </container>
      <container name="وقد درست" eId="container_3">
        <p xml:space="preserve">
          <span class="bold italic">وقد درست</span> الفصل المتعلق بهذا البند من تقرير اللجنة الخاصة المعنية بحالة تنفيذ إعلان منح الاستقلال للبلدان والشعوب المستعمرة لعام 2019<sup>(</sup><authorialNote marker="1" placement="bottom" eId="authorialNote_1"><p xml:space="preserve">	()	<span class="italic">الوثائق الرسمية للجمعية العامة، الدورة الرابعة والسبعون، الملحق رقم 23</span> (<a href="https://undocs.org/ar/A/74/23">A/74/23</a>)، الفصل السادس.</p></authorialNote><sup>)</sup>،</p>
      </container>
      <container name="وإذ تشير" eId="container_4">
        <p xml:space="preserve">
          <span class="bold italic">وإذ تشير</span> إلى قرارها 1514 (د-15) المؤرخ 14 كانون الأول/ديسمبر 1960 وسائر قراراتها المتخذة في هذا الصدد، بما فيها بوجه خاص القرارات <a href="https://undocs.org/ar/A/RES/46/181">46/181</a> المؤرخ 19 كانون الأول/ديسمبر 1991 و <a href="https://undocs.org/ar/A/RES/55/146">55/146</a> المؤرخ 8 كانون الأول/ديسمبر 2000 و <a href="https://undocs.org/ar/A/RES/65/119">65/119</a> المؤرخ 10 كانون الأول/ ديسمبر 2010،</p>
      </container>
      <container name="وإذ تعيد تأكيد" eId="container_5">
        <p xml:space="preserve">
          <span class="bold italic">وإذ تعيد تأكيد</span> أن الدول القائمة بالإدارة عليها بموجب ميثاق الأمم المتحدة التزامٌ رسمي بأن تنهض بسكان الأقاليم الخاضعة لإدارتها من النواحي السياسية والاقتصادية والاجتماعية والتعليمية وبأن تحمي الموارد البشرية والطبيعية لتلك الأقاليم من إساءة الاستعمال،</p>
      </container>
      <container name="وإذ تعيد أيضا تأكيد" eId="container_6">
          <p xml:space="preserve">
            <span class="bold italic">وإذ تعيد أيضا تأكيد </span>أن أي نشاط اقتصادي أو نشاط آخر يؤثر تأثيرا سلبيا في مصالح شعوب الأقاليم غير المتمتعة بالحكم الذاتي وفي ممارستها حقها في تقرير المصير وفقا للميثاق ولقرار الجمعية العامة 1514 (د-15) وما يتصل بالموضوع من قرارات الأمم المتحدة الأخرى المتعلقة بإنهاء الاستعمار، بما في ذلك استخدام الأقاليم غير المتمتعة بالحكم الذاتي للنشاط العسكري، إنما يتعارض مع مقاصد الميثاق ومبادئه،</p>
      </container>
        <container name="وإذ تعيد كذلك تأكيد" eId="container_7">
          <p xml:space="preserve">
            <span class="bold italic">وإذ تعيد كذلك تأكيد </span>أن الموارد الطبيعية إرثٌ لشعوب الأقاليم غير المتمتعة بالحكم الذاتي، بما فيها السكان الأصليون،</p>
        </container>
          <container name="وإذ تضع في الحسبان" eId="container_8">
          <p xml:space="preserve">
            <span class="bold italic">	وإذ تضع في الحسبان</span> قرارها 1803 (د-17) المؤرخ 14 كانون الأول/ديسمبر 1962 المتعلق بسيادة الشعوب على ثرواتها ومواردها الطبيعية وفقا للميثاق ولما يتصل بالموضوع من قرارات الأمم المتحدة المتعلقة بإنهاء الاستعمار<span class="bold">،</span></p>
          </container>
      <container name="وإذ تدرك" eId="container_9">
        <p xml:space="preserve">
          <span class="bold italic">وإذ تدرك</span> أن لكل إقليم ظروفاً خاصة من حيث الموقع الجغرافي والحجم والأوضاع الاقتصادية، وإذ تضع في اعتبارها ضرورة تعزيز استقرار اقتصاد كل إقليم وتنويعه وتقويته،</p>
      </container>
      <container name="وإذ تعي" eId="container_10">
          <p xml:space="preserve">
            <span class="bold italic">وإذ تعي</span> أن الأقاليم الصغيرة معرضةٌ بوجه خاص للتضرر من الأعاصير أو الظواهر الطبيعية أو غيرها من الظواهر الجوية البالغة الشدة، ومن التدهور البيئي،</p>
      </container>
      <container name="وإذ تعيد تأكيد قلقها العميق " eId="container_11">
        <p xml:space="preserve">
          <span class="bold italic">وإذ تعيد تأكيد قلقها العميق </span>إزاء عدد ونطاق الأعاصير أو الظواهر الطبيعية أو غيرها من الظواهر الجوية البالغة الشدة وما ترتب عليها من آثار فادحة تعرضت لها الأقاليم غير المتمتعة بالحكم الذاتي الواقعة في البحر الكاريبي في عام 2017، مما تسبب في حدوث خسائر في الأرواح وأسفر عن عواقب اقتصادية واجتماعية وبيئية وخيمة تضررت منها مجتمعاتها الضعيفة، وأعاق تحقيق التنمية المستدامة في هذه الأقاليم وخاصة في أنغويلا، وجزر فرجن البريطانية، وجزر تركس وكايكوس، وجزر فرجن التابعة للولايات المتحدة، وفي بورتوريكو التي تتناول اللجنةُ الخاصة حالتها بالنظر،</p>
      </container>
      <container name="وإذ تشدد" eId="container_12">
        <p xml:space="preserve">
          <span class="bold italic">وإذ تشدد</span> على أهمية الأخذ بمبدأ الشمول داخل منظومة الأمم المتحدة الإنمائية وفيما يتعلق بتنفيذ قرارات الجمعية العامة ذات الصلة بالموضوع، بما فيها القرار <a href="https://undocs.org/ar/A/RES/70/1">70/1</a> المؤرخ 25 أيلول/سبتمبر 2015 المعنون ”تحويل عالمنا: خطة التنمية المستدامة لعام 2030“ والقرار <a href="https://undocs.org/ar/A/RES/73/231">73/231</a> المؤرخ 20 كانون الأول/ديسمبر 2018 المتعلق بالحدّ من مخاطر الكوارث،</p>
      </container>
      <container name="وإذ تعي" eId="container_13">
          <p xml:space="preserve">
            <span class="bold italic">وإذ تعي </span>أن الاستثمارات الاقتصادية الأجنبية يمكن أن تسهم بشكل مجدٍ، متى اضطُلع بها بالتعاون مع شعوب الأقاليم غير المتمتعة بالحكم الذاتي ووفقا لرغباتها، في التنمية الاجتماعية والاقتصادية للأقاليم وفي ممارستها حقها في تقرير المصير وفقا لقرارات الأمم المتحدة ذات الصلة بالموضوع،</p>
      </container>
      <container name="وإذ يساورها القلق" eId="container_14">
        <p xml:space="preserve">
          <span class="bold italic">وإذ يساورها القلق</span> إزاء أي أنشطة ترمي إلى استغلال الموارد الطبيعية والبشرية للأقاليم غير المتمتعة بالحكم الذاتي على نحو يضر بمصالح سكان تلك الأقاليم،</p>
      </container>
      <container name="وإذ تضع في اعتبارها" eId="container_15">
        <p xml:space="preserve">
          <span class="bold italic">وإذ تضع في اعتبارها</span> الأحكام ذات الصلة بالموضوع من الوثائق الختامية للمؤتمرات المتعاقبة لرؤساء دول أو حكومات بلدان عدم الانحياز ومن القرارات التي اتخذها مؤتمر رؤساء دول وحكومات الاتحاد الأفريقي ومنتدى جزر المحيط الهادئ والجماعة الكاريبية،</p>
      </container>
    </preamble>
    <mainBody>
      <paragraph eId="para_16" class="SingleTxt">
        <content eId="para_16__content">
          <p xml:space="preserve">	١ -	<span class="bold italic">تعيد تأكيد</span> حق شعوب الأقاليم غير المتمتعة بالحكم الذاتي في تقرير المصير وفقا لميثاق الأمم المتحدة ولقرار الجمعية العامة 1514 (د-15) الذي يتضمن إعلان منح الاستقلال للبلدان والشعوب المستعمرة وطبقا لقرارات الأمم المتحدة الأخرى ذات الصلة بالموضوع، وحقها في التمتع بمواردها الطبيعية وحقها في التصرف في تلك الموارد بما يحقق مصالحها على أفضل وجه؛</p>
        </content>
      </paragraph>
      <paragraph eId="para_17" class="SingleTxt">
        <content eId="para_17__content">
          <p xml:space="preserve">	٢ -	<span class="bold italic">تؤكد</span> قيمة الاستثمارات الاقتصادية الأجنبية التي يُضطلَع بها بالتعاون مع شعوب الأقاليم غير المتمتعة بالحكم الذاتي ووفقا لرغباتها بقصد الإسهام بشكل مجدٍ في التنمية الاجتماعية والاقتصادية لتلك الأقاليم، وبخاصة في أوقات الأزمات الاقتصادية والمالية؛</p>
        </content>
      </paragraph>
      <paragraph eId="para_18" class="SingleTxt">
        <content eId="para_18__content">
          <p xml:space="preserve">	٣ -	<span class="bold italic">تعيد تأكيد</span> مسؤولية الدول القائمة بالإدارة بموجب الميثاق عن النهوض بالأقاليم غير المتمتعة بالحكـم الذاتي من النواحي السياسية والاقتصادية والاجتماعية والتعليمية، وتعيد أيضا تأكيد الحقوق المشروعة لشعوبها في مواردها الطبيعية؛</p>
        </content>
      </paragraph>
      <paragraph eId="para_19" class="SingleTxt">
        <content eId="para_19__content">
          <p xml:space="preserve">	٤ -	<span class="bold italic">تكرر الإعراب عن قلقها</span> إزاء أي أنشطة ترمي إلى استغلال الموارد الطبيعية التي هي إرث لشعوب الأقاليم غير المتمتعة بالحكم الذاتي، بما فيها السكان الأصليون، في منطقة البحر الكاريبي ومنطقة المحيط الهادئ والمناطق الأخرى، وإلى استغلال مواردها البشرية، على نحو يضر بمصالحها ويحرمها من حقها في التصرف في تلك الموارد؛</p>
        </content>
      </paragraph>
      <paragraph eId="para_20" class="SingleTxt">
        <content eId="para_20__content">
          <p xml:space="preserve">	٥ -	<span class="bold italic">تعيد تأكيد</span> الحاجة إلى تجنب أي نشاط اقتصادي أو نشاط آخر يضر بمصالح شعوب الأقاليم غير المتمتعة بالحكم الذاتي، بما في ذلك استخدام الأقاليم غير المتمتعة بالحكم الذاتي للنشاط العسكري، وتذكّر في هذا الصدد الدول القائمة بالإدارة بأنهــا مسؤولــة ومساءلةٌ عـــن أي ضــرر قـــد يلحق بمصالح شعوب تلك الأقاليم، وفقا لما يتصل بالموضوع من قرارات الأمم المتحدة المتعلقة بإنهاء الاستعمار؛</p>
        </content>
      </paragraph>
      <paragraph eId="para_21" class="SingleTxt">
        <content eId="para_21__content">
          <p xml:space="preserve">	٦ -	<span class="bold italic">تهيب مرة أخرى</span> بجميع الحكومات التي لم تقم بعد، وفقا للأحكام ذات الصلة بالموضوع من قرار الجمعية العامة 2621 (د-25) المؤرخ 12 تشرين الأول/أكتوبر 1970، باتخاذ التدابير التشريعية أو الإدارية أو غيرها من التدابير بحق رعاياها والهيئات الاعتبارية الخاضعة لولايتها ممن يملكون ويديرون مشاريع في الأقاليم غير المتمتعة بالحكم الذاتي تضر بمصالح سكان تلك الأقاليم أن تفعل ذلك من أجل وضع حدّ لوجود هذه المشاريع؛</p>
        </content>
      </paragraph>
      <paragraph eId="para_22" class="SingleTxt">
        <content eId="para_22__content">
          <p xml:space="preserve">	٧ -	<span class="bold italic">تهيب</span> بالدول القائمة بالإدارة أن تكفل عدم استغلال الموارد البحرية وغيرها من الموارد الطبيعية للأقاليم غير المتمتعة بالحكم الذاتي الخاضعة لإدارتها بشكل ينتهك قرارات الأمم المتحدة ذات الصلة بالموضوع ويضر بمصالح شعوب تلك الأقاليم؛</p>
        </content>
      </paragraph>
      <paragraph eId="para_23" class="SingleTxt">
        <content eId="para_23__content">
          <p xml:space="preserve">	٨ -	<span class="bold italic">تدعو</span> جميع الحكومات والمؤسسات التابعة لمنظومة الأمم المتحدة إلى اتخاذ جميع التدابير الممكنة لضمان الاحترام التام للسيادة الدائمة لشعوب الأقاليم غير المتمتعة بالحكم الذاتي على مواردها الطبيعية وصون تلك السيادة بالكامل وفقا لما يتصل بالموضوع من قرارات الأمم المتحدة المتعلقة بإنهاء الاستعمار؛</p>
        </content>
      </paragraph>
      <paragraph eId="para_24" class="SingleTxt">
        <content eId="para_24__content">
          <p xml:space="preserve">	٩ -	<span class="bold italic">تحث مرة أخرى</span> الدول المعنية القائمة بالإدارة على اتخاذ تدابير فعالة لصون الحق غير القابل للتصرف لشعوب الأقاليم غير المتمتعة بالحكم الذاتي في مواردها الطبيعية وفي السيطرة على تنمية تلك الموارد في المستقبل والحفاظ على تلك السيطرة ولضمان ذلك الحق، وتطلب إلى الدول القائمة بالإدارة أن تتخذ جميع الخطوات اللازمة لحماية حقوق الملكية لشعوب تلك الأقاليم وفقا لما يتصل بالموضوع من قرارات الأمم المتحدة المتعلقة بإنهاء الاستعمار؛</p>
        </content>
      </paragraph>
      <paragraph eId="para_25" class="SingleTxt">
        <content eId="para_25__content">
          <p xml:space="preserve">	١٠ -	<span class="bold italic">تهيب</span> بالدول المعنية القائمة بالإدارة أن تكفل ألا تسود في الأقاليم الخاضعة لإدارتها ظروف عمل تمييزية وأن تقيم في كل إقليم نظاما عادلا للأجور ينطبق على جميع السكان دون أي تمييز؛</p>
        </content>
      </paragraph>
      <paragraph eId="para_26" class="SingleTxt">
        <content eId="para_26__content">
          <p xml:space="preserve">	11 -	<span class="bold italic">تهيب أيضا</span> بالدول المعنية القائمة بالإدارة أن تقدّم إلى شعوب الأقاليم غير المتمتعة بالحكم الذاتي المتضررة من الأعاصير أو الظواهر الطبيعية أو غيرها من الظواهر الجوية البالغة الشدة كلَّ ما يلزم من مساعدة بغية التخفيف من حدة الاحتياجات الإنسانية في المجتمعات المحلية المتضررة، وأن تقوم بدعم جهود التعافي وإعادة البناء، وتعزيز القدرات في مجال التأهب لحالات الطوارئ والحدّ من المخاطر؛</p>
        </content>
      </paragraph>
      <paragraph eId="para_27" class="SingleTxt">
        <content eId="para_27__content">
          <p xml:space="preserve">	12 -	<span class="bold italic">تشجع </span>الوكالات المتخصصة وغيرها من مؤسسات منظومة الأمم المتحدة والمنظمات الإقليمية على أن تواصل توفير المساعدة للأقاليم غير المتمتعة بالحكم الذاتي المتضررة من الأعاصير أو الظواهر الطبيعية أو غيرها من الظواهر الجوية البالغة الشدة وأن تصوغ برامج مناسبة لدعم الاستجابة لحالات الطوارئ وجهود التعافي وإعادة البناء، وتطلب إلى الأمين العام أن يوافي الجمعية العامة بتقرير عن هذه المسألة؛</p>
        </content>
      </paragraph>
      <paragraph eId="para_28" class="SingleTxt">
        <content eId="para_28__content">
          <p xml:space="preserve">	13 -	<span class="bold italic">تطلب</span> إلى الأمين العام أن يواصل، باستخدام جميع الوسائل الموضوعة تحت تصرفه، إبلاغ الرأي العام العالمي بأي نشاط يؤثر في ممارسة شعوب الأقاليم غير المتمتعة بالحكم الذاتي حقها في تقرير المصير وفقا للميثاق ولقرار الجمعية العامة 1514 (د-15) وما يتصل بالموضوع من قرارات الأمم المتحدة الأخرى المتعلقة بإنهاء الاستعمار؛</p>
        </content>
      </paragraph>
      <paragraph eId="para_29" class="SingleTxt">
        <content eId="para_29__content">
          <p xml:space="preserve">	14 -	<span class="bold italic">تناشد</span> نقابات العمال والمنظمات غير الحكومية والأفراد أن يواصلوا بذل الجهود لتعزيز الرفاه الاقتصادي لشعوب الأقاليم غير المتمتعة بالحكم الذاتي، وتناشد أيضا وسائط الإعلام أن تنشر المعلومات المتعلقة بالتطورات المستجدة في هذا المجال؛</p>
        </content>
      </paragraph>
      <paragraph eId="para_30" class="SingleTxt">
        <content eId="para_30__content">
          <p xml:space="preserve">	15 -	<span class="bold italic">تقرر</span> متابعة الحالة في الأقاليم غير المتمتعة بالحكم الذاتي من أجل كفالة أن يكون الهدف من جميع الأنشطة الاقتصادية في تلك الأقاليم هو تقوية اقتصاداتها وتنويعها تحقيقا لصالح شعوبها، ولا سيما السكان الأصليون، والنهوض بقدرة تلك الأقاليم على البقاء اقتصاديا وماليا؛</p>
        </content>
      </paragraph>
      <paragraph eId="para_31" class="SingleTxt">
        <content eId="para_31__content">
          <p xml:space="preserve">	16 -	<span class="bold italic">تطلب</span> إلى اللجنة الخاصة المعنية بحالة تنفيذ إعلان منح الاستقلال للبلدان والشعوب المستعمرة أن تواصل دراسة هذه المسألة وأن تقدم تقريرا عنها إلى الجمعية العامة في دورتها الخامسة والسبعين.</p>
        </content>
      </paragraph>
    </mainBody>
    <conclusions eId="conclusions">
      <p>
        <inline name="adoptionMeeting" title="47">الجلسة العامة 47</inline>
        <eol />
        <docDate date="2019-12-13" refersTo="#adoptionDate">13 كانون الأول/ديسمبر 2019</docDate>
      </p>
    </conclusions>
  </statement>
</akomaNtoso>