<akomaNtoso xmlns:xsi="http://www.w3.org/2001/XMLSchema-instance" xsi:schemaLocation="http://docs.oasis-open.org/legaldocml/ns/akn/3.0 http://docs.oasis-open.org/legaldocml/akn-core/v1.0/os/part2-specs/schemas/akomantoso30.xsd" xmlns="http://docs.oasis-open.org/legaldocml/ns/akn/3.0" xmlns:html="http://www.w3.org/1999/xhtml" xmlns:akn4un="http://un.org/akn4un">
  <statement name="resolution">
    <meta>
      <identification source="#DGACM">
        <FRBRWork>
          <FRBRthis value="/akn/un/statement/deliberation/unga/2019-12-18/74-173/!main/"></FRBRthis>
          <FRBRuri value="/akn/un/statement/deliberation/unga/2019-12-18/74-173/"></FRBRuri>
          <FRBRdate date="2019-12-18" name="adoption"></FRBRdate>
          <FRBRauthor href="ga" as="author"></FRBRauthor>
          <FRBRcountry value="un"></FRBRcountry>
        </FRBRWork>
        <FRBRExpression>
          <FRBRthis value="/akn/un/statement/deliberation/unga/2019-12-18/74-173/zho@!main/"></FRBRthis>
          <FRBRuri value="/akn/un/statement/deliberation/unga/2019-12-18/74-173/zho@/"></FRBRuri>
          <FRBRdate date="2020-01-07" name="publication"></FRBRdate>
          <FRBRauthor href="ga" as="issuer"></FRBRauthor>
          <FRBRlanguage language="zho"></FRBRlanguage>
        </FRBRExpression>
        <FRBRManifestation>
          <FRBRthis value="/akn/un/statement/deliberation/unga/2019-12-18/74-173/zho@/!main.xml"></FRBRthis>
          <FRBRuri value="/akn/un/statement/deliberation/unga/2019-12-18/74-173/zho@.xml"></FRBRuri>
          <FRBRdate date="2020-08-30" name="markup"></FRBRdate>
          <FRBRauthor href="DGACM" as="editor"></FRBRauthor>
        </FRBRManifestation>
      </identification>
      <classification source="http://metadata.un.org/sdg">
        <keyword value="16" href="http://metadata.un.org/sdg/16" showAs="sdg_16" dictionary="SDGO"></keyword>
        <keyword value="right_to_justice" href="http://eurovoc.europa.eu/516" showAs="right_to_justice" dictionary="EuroVoc"></keyword>
        <keyword value="sustainable_development" href="http://eurovoc.europa.eu/5585" showAs="sustainable_development" dictionary="EuroVoc"></keyword>
        <keyword value="civil_society" href="http://metadata.un.org/thesaurus/1001012" showAs="civil_society" dictionary="UNBIS Thesaurus"></keyword>
        <keyword value="justice" href="http://metadata.un.org/thesaurus/1003500" showAs="justice" dictionary="UNBIS Thesaurus"></keyword>
        <keyword value="peaceful_coexistence" href="http://metadata.un.org/thesaurus/1004777" showAs="peaceful_coexistence" dictionary="UNBIS Thesaurus"></keyword>
        <keyword value="public_institutions" href="http://metadata.un.org/thesaurus/1005254" showAs="public_institutions" dictionary="UNBIS Thesaurus"></keyword>
        <keyword value="social_justice" href="http://metadata.un.org/thesaurus/1005970" showAs="social_justice" dictionary="UNBIS Thesaurus"></keyword>
        <keyword value="sustainable_development" href="http://metadata.un.org/thesaurus/1006319" showAs="sustainable_development" dictionary="UNBIS Thesaurus"></keyword>
      </classification>
      <workflow source="#un">
        <step date="2019-09-23" outcome="draftResolution" as="A/C.3/74/L.5" by="submitted by the Chair of the Committee on the recommendation of the Economic and Social Council" />
        <step date="0001-01-01" outcome="draftResolutionAdditionalSponsors" by="" />
        <step date="0001-01-01" outcome="recommendedForAdoption" as="A/74/400" by="" refersTo="29" />
        <step date="2019-12-18" outcome="adopted" as="A/74/PV.50" by="" />
      </workflow>
      <analysis source="#un">
        <parliamentary>
          <voting outcome="adoptedWithoutVote">
            <quorum value=""></quorum>
          </voting>
        </parliamentary>
      </analysis>
      <references source="#DGACM">
        <TLCOrganization eId="source" href="/akn/ontology/organization/un/DGACM" showAs="DGACM"></TLCOrganization>
        <TLCConcept eId="dateOfIssuance" href="/akn/ontology/concept/un/dateOfIssuance" showAs="Date of issuance"></TLCConcept>
        <TLCConcept eId="dateOfAdoption" href="/akn/ontology/concept/un/dateOfAdoption" showAs="Date of adoption"></TLCConcept>
        <TLCConcept eId="symbol" href="/akn/ontology/reference/un/symbol" showAs="Symbol"></TLCConcept>
        <TLCRole eId="publisher" href="/akn/ontology/role/un/publisher" showAs="Publisher"></TLCRole>
        <TLCRole eId="issuingBody" href="/akn/role/concept/un/issuingBody" showAs="Issuing body"></TLCRole>
        <TLCRole eId="author" href="/akn/ontology/role/un/author" showAs="Author"></TLCRole>
        <TLCRole eId="editor" href="/akn/ontology/role/un/editor" showAs="Editor"></TLCRole>
        <TLCRole eId="distribution" href="/akn/ontology/concept/un/generalDistribution" showAs="General distribution"></TLCRole>
        <TLCOrganization eId="ga" href="/akn/ontology/organization/un/generalAssembly" showAs="General Assembly"></TLCOrganization>
        <TLCTerm eId="resolutionTitle" href="/akn/ontology/reference/un/resolutionTitle" showAs="Resolution title"></TLCTerm>
        <TLCTerm eId="thirdCommittee" href="#thirdCommittee" showAs="第三委员会"></TLCTerm>
        <TLCTerm eId="memberState" href="/akn/ontology/organization/un/memberState" showAs="Member State"></TLCTerm>
        <TLCTerm eId="inFavour" href="/akn/ontology/concept/un/voting/inFavour" showAs="In favour"></TLCTerm>
        <TLCTerm eId="against" href="/akn/ontology/concept/un/voting/against" showAs="Against"></TLCTerm>
        <TLCTerm eId="abstaining" href="/akn/ontology/concept/un/voting/abstaining" showAs="Abstaining"></TLCTerm>
      </references>
      <presentation source="#un">
        <akn4un:footerFirstPage>
          <akn4un:footerFirstPageLeft>
            <akn4un:internalCode>
              <docketNumber refersTo="#publicationJobNumber">19-22319 (C)</docketNumber>
              <img alt="bar code" class="barCode" src=""></img>
            </akn4un:internalCode>
          </akn4un:footerFirstPageLeft>
          <akn4un:footerFirstPageRight>
            <img alt="Please recycle" class="image" src="./recylcleLogo.jpg"></img>
            <img alt="embedded QR code" class="qrCode" src=""></img>
          </akn4un:footerFirstPageRight>
        </akn4un:footerFirstPage>
      </presentation>
    </meta>
    <coverPage eId="coverPage_1">
      <p>
        <span refersTo="#publisher" class="upperLeft">
          <docAuthority refersTo="#publisher">联合国</docAuthority>
        </span>
      </p>
      <p class="upperRight">
        <docNumber refersTo="#symbol">A/RES/74/173</docNumber>
      </p>
      <p class="upperLeft">
        <img src="logo-un.jpg"></img>
        <docAuthority refersTo="#issuingBody" class="rightBig">大会</docAuthority>
      </p>
      <p>
        <docStatus refersTo="#generalDistribution" class="rightSmall">Distr.: General</docStatus>
      </p>
      <p>
        <docDate date="2020-01-07" class="rightSmall" refersTo="#dateOfIssuance">7 January 2020</docDate>
      </p>
      <p>
        <session refersTo="#generalAssembly" value="74" eId="coverPage_1__session_1">第七十四届会议</session>
      </p>
      <p>
        <inline name="agenda item">议程项目106</inline>
      </p>
      <p>
        <inline name="agenda item name">预防犯罪和刑事司法</inline>
      </p>
      <p>
        <docTitle>2019年12月18日大会决议</docTitle>
      </p>
      <p xml:space="preserve">
        <docProponent refersTo="#thirdCommittee">[根据第三委员会的报告 (<inline name="originating document">A/74/400</inline>)]</docProponent>
      </p>
    </coverPage>
    <preface>
      <p>
        <docNumber>74/173.</docNumber>
        <docTitle refersTo="#resolutionTitle">促进技术援助和能力建设以加强打击网络犯罪的国家措施和国际合作，包括信息共享</docTitle>
      </p>
    </preface>
    <preamble>
      <formula name="enactingFormula" eId="formula_1">
        <p xml:space="preserve">
          <span class="bold">大会</span>，</p>
      </formula>
      <container name="回顾" eId="container_2">
        <p xml:space="preserve">
          <span class="bold">回顾</span>其2010年12月21日第<a href="https://undocs.org/ch/A/RES/65/230">65</a><a href="https://undocs.org/ch/A/RES/65/230">/</a><a href="https://undocs.org/ch/A/RES/65/230">230</a>号决议，其中大会核可了第十二届联合国预防犯罪和刑事司法大会通过的《关于应对全球挑战的综合战略：预防犯罪和刑事司法系统及其在变化世界中的发展的萨尔瓦多宣言》，并请预防犯罪和刑事司法委员会按照该《宣言》第42段设立一个不限成员名额政府间专家组，全面研究网络犯罪问题及会员国、国际社会和私营部门采取的对策，包括就国家立法、最佳做法、技术援助和国际合作交流信息，以期审查各种备选方案，加强现有的并提出新的国家和国际打击网络犯罪的法律对策或其他对策，</p>
      </container>
      <container name="又回顾" eId="container_3">
        <p xml:space="preserve">
          <span class="bold">又回顾</span>其1991年12月18日第<a href="https://undocs.org/ch/A/RES/46/152">46</a><a href="https://undocs.org/ch/A/RES/46/152">/</a><a href="https://undocs.org/ch/A/RES/46/152">152</a>号决议、2005年9月16日第<a href="https://undocs.org/ch/A/RES/60/1">60</a><a href="https://undocs.org/ch/A/RES/60/1">/</a><a href="https://undocs.org/ch/A/RES/60/1">1</a>号决议、2012年9月24日第<a href="https://undocs.org/ch/A/RES/67/1">67</a><a href="https://undocs.org/ch/A/RES/67/1">/</a><a href="https://undocs.org/ch/A/RES/67/1">1</a>号决议、2014年12月18日第<a href="https://undocs.org/ch/A/RES/69/193">69</a><a href="https://undocs.org/ch/A/RES/69/193">/</a><a href="https://undocs.org/ch/A/RES/69/193">193</a>和<a href="https://undocs.org/ch/A/RES/69/196">69</a><a href="https://undocs.org/ch/A/RES/69/196">/</a><a href="https://undocs.org/ch/A/RES/69/196">196</a>号决议、2015年12月17日第<a href="https://undocs.org/ch/A/RES/70/178">70</a><a href="https://undocs.org/ch/A/RES/70/178">/</a><a href="https://undocs.org/ch/A/RES/70/178">178</a>号决议、2016年12月19日第<a href="https://undocs.org/ch/A/RES/71/209">71</a><a href="https://undocs.org/ch/A/RES/71/209">/</a><a href="https://undocs.org/ch/A/RES/71/209">209</a>号决议、2017年12月19日第<a href="https://undocs.org/ch/A/RES/72/196">72</a><a href="https://undocs.org/ch/A/RES/72/196">/</a><a href="https://undocs.org/ch/A/RES/72/196">196</a>号决议和2018年12月17日第<a href="https://undocs.org/ch/A/RES/73/186">73</a><a href="https://undocs.org/ch/A/RES/73/186">/</a><a href="https://undocs.org/ch/A/RES/73/186">186</a>和<a href="https://undocs.org/ch/A/RES/73/187">73</a><a href="https://undocs.org/ch/A/RES/73/187">/</a><a href="https://undocs.org/ch/A/RES/73/187">187</a>号决议，</p>
      </container>
      <container name="还回顾" eId="container_4">
        <p xml:space="preserve">
          <span class="bold">还回顾</span>其2015年12月17日第<a href="https://undocs.org/ch/A/RES/70/174">70</a><a href="https://undocs.org/ch/A/RES/70/174">/</a><a href="https://undocs.org/ch/A/RES/70/174">174</a>号决议，其中大会核可了《关于将预防犯罪和刑事司法纳入更广泛的联合国议程以应对社会和经济挑战并促进国内和国际法治及公众参与的多哈宣言》，</p>
      </container>
      <container name="欢迎" eId="container_5">
        <p xml:space="preserve">
          <span class="bold">欢迎</span>预防犯罪和刑事司法委员会2017年5月26日第<a href="https://undocs.org/ch/26/4">26/4</a>号决议，<authorialNote marker="1" placement="bottom" eId="authorialNote_1"><p xml:space="preserve">		见《经济及社会理事会正式记录，2017年，补编第10号》(<a href="https://undocs.org/ch/E/2017/30">E/2017/30</a>)，第一章，D节。</p></authorialNote> 其中委员会决定，全面研究网络犯罪问题不限成员名额政府间专家组今后的会议将以有条理的方式专门审查联合国毒品和犯罪问题办公室在专家组主持下编写的网络犯罪问题综合研究报告草案涉及的每个主要问题，鼓励专家组拟订可能的结论和建议提交委员会，并请毒品和犯罪问题办公室定期收集关于新的事态发展、取得的进展和确定的最佳做法的信息，</p>
      </container>
      <container name="又欢迎" eId="container_6">
        <p xml:space="preserve">
          <span class="bold">	又欢迎</span>专家组2018年4月3日至5日在维也纳举行的第四次会议通过的2018年至2021年期间工作计划，</p>
      </container>
      <container name="注意到" eId="container_7">
        <p xml:space="preserve">
          <span class="bold">	注意到</span>专家组下一次会议将专门讨论国际合作和预防问题，同时考虑到网上犯罪问题综合研究报告草案中关于这些问题的资料、会员国提交的评论意见以及国家和国际各级的最新事态发展，</p>
      </container>
      <container name="回顾" eId="container_8">
        <p xml:space="preserve">
          <span class="bold">回顾</span>其第<a href="https://undocs.org/ch/A/RES/73/186">73</a><a href="https://undocs.org/ch/A/RES/73/186">/</a><a href="https://undocs.org/ch/A/RES/73/186">186</a>号决议，其中大会除其他外赞赏地注意到全面研究网络犯罪问题专家组第四次会议，并吁请会员国支持专家组的工作计划，</p>
      </container>
      <container name="又回顾" eId="container_9">
        <p xml:space="preserve">
          <span class="bold">又回顾</span>其第<a href="https://undocs.org/ch/A/RES/73/187">73</a><a href="https://undocs.org/ch/A/RES/73/187">/</a><a href="https://undocs.org/ch/A/RES/73/187">187</a>号决议，其中大会请秘书长就会员国在打击为犯罪目的使用信息和通信技术方面所面临的挑战征求会员国的意见，并根据这些意见提出一份报告，供大会第七十四届会议审议，</p>
      </container>
      <container name="还回顾" eId="container_10">
        <p xml:space="preserve">
          <span class="bold">	还回顾</span>其在第<a href="https://undocs.org/ch/A/RES/73/187">73</a><a href="https://undocs.org/ch/A/RES/73/187">/</a><a href="https://undocs.org/ch/A/RES/73/187">187</a>号决议中决定在第七十四届会议临时议程中列入题为“打击为犯罪目的使用信息和通信技术行为”的项目，</p>
      </container>
      <container name="强调" eId="container_11">
        <p xml:space="preserve">
          <span class="bold">	强调</span>需要加强会员国之间在打击网络犯罪方面的协调与合作，包括根据请求向发展中国家提供技术援助，以改进国家立法，提高国家当局处理一切形式的网络犯罪的能力，包括预防、侦查、调查和起诉网络犯罪的能力，在这方面强调联合国特别是预防犯罪和刑事司法委员会发挥的作用，并重申在使用信息和通信技术方面尊重人权和基本自由的重要性，</p>
      </container>
      <container name="赞赏地欢迎" eId="container_12">
        <p xml:space="preserve">
          <span class="bold">	赞赏地欢迎</span>专家组的工作及其侧重于会员国从业人员和专家之间的实质性讨论，</p>
      </container>
      <container name="注意到" eId="container_13">
        <p xml:space="preserve">
          <span class="bold">	注意到《</span>联合国打击跨国有组织犯罪公约》<authorialNote marker="2" placement="bottom" eId="authorialNote_2"><p xml:space="preserve">		联合国，《条约汇编》，第2225卷，第39574号。</p></authorialNote> 是可供缔约国用于提供国际合作以预防和打击跨国有组织犯罪的一种工具，而且对一些缔约国而言，可用于某些网络犯罪案件，</p>
      </container>
      <container name="意识到" eId="container_14">
        <p xml:space="preserve">
          <span class="bold">意识到</span>所有国家在打击网络犯罪方面面临的挑战，强调需要依请求并根据国家需要加强技术援助和能力建设活动，同时考虑到发展中国家在这方面面临的具体挑战，</p>
      </container>
      <container name="期待" eId="container_15">
        <p xml:space="preserve">
          <span class="bold">期待</span>在第十四届联合国预防犯罪和刑事司法大会期间就网络犯罪方面的各种问题包括电子证据进行讨论，</p>
      </container>
      <container name="赞赏地欢迎" eId="container_16">
        <p xml:space="preserve">
          <span class="bold">赞赏地欢迎</span>联合国毒品和犯罪问题办公室努力推动实施“网络犯罪问题全球方案”，以履行其在网络犯罪问题上提供技术援助和能力建设的任务，</p>
      </container>
    </preamble>
    <mainBody>
      <paragraph eId="para_17" class="MercuryDocument">
        <num>	1.</num>
        <content eId="para_17__content">
          <p xml:space="preserve">
            <span class="bold">赞赏地欢迎</span>2019年3月27日至29日在维也纳举行的全面研究网络犯罪问题不限成员名额政府间专家组第五次会议的成果；</p>
        </content>
      </paragraph>
      <paragraph eId="para_18" class="MercuryDocument">
        <num>	2.</num>
        <content eId="para_18__content">
          <p xml:space="preserve">
            <span class="bold">承认</span>专家组会议继续就国家立法、最佳做法、技术援助和国际合作交流信息的工作十分重要，目的是审查各种备选方案，以加强打击网络犯罪的现有对策并提出新的国内和国际法律对策或其他对策；</p>
        </content>
      </paragraph>
      <paragraph eId="para_19" class="MercuryDocument">
        <num>	3.</num>
        <content eId="para_19__content">
          <p xml:space="preserve">
            <span class="bold">赞赏地注意到</span>专家组将根据其2018-2021年期间工作计划拟订可能的结论和建议，提交预防犯罪和刑事司法委员会；</p>
        </content>
      </paragraph>
      <paragraph eId="para_20" class="MercuryDocument">
        <num>	4.</num>
        <content eId="para_20__content">
          <p xml:space="preserve">
            <span class="bold">	确认</span>专家组是交流关于国家立法、最佳做法、技术援助和国际合作的信息的重要平台，目的是审查各种备选方案，以加强打击网络犯罪的现有对策并提出新的国内和国际法律对策或其他对策；</p>
        </content>
      </paragraph>
      <paragraph eId="para_21" class="MercuryDocument">
        <num>	5.</num>
        <content eId="para_21__content">
          <p xml:space="preserve">
            <span class="bold">	鼓励</span>会员国制定和执行措施，确保能够在国家一级有效调查和起诉涉及电子证据的网络犯罪和犯罪，并确保根据国内法并根据相关和适用的国际法，包括适用的国际人权文书，在这一领域获得有效的国际合作；</p>
        </content>
      </paragraph>
      <paragraph eId="para_22" class="MercuryDocument">
        <num>	6.</num>
        <content eId="para_22__content">
          <p xml:space="preserve">
            <span class="bold">	敦促</span>会员国鼓励对执法人员、调查当局、检察官和法官进行网络犯罪领域的培训，包括在证据收集和信息技术方面的相关技能培训，并使他们能够有效地发挥各自在调查、起诉和判决网络犯罪方面的作用；</p>
        </content>
      </paragraph>
      <paragraph eId="para_23" class="MercuryDocument">
        <num>	7.</num>
        <content eId="para_23__content">
          <p xml:space="preserve">
            <span class="bold">鼓励</span>会员国根据请求并根据本国需要，努力提供适当的技术援助和可持续的能力建设，以加强国家当局应对网络犯罪的能力，并继续就这方面的实际经验和其他技术方面问题交换意见；</p>
        </content>
      </paragraph>
      <paragraph eId="para_24" class="MercuryDocument">
        <num>	8.</num>
        <content eId="para_24__content">
          <p xml:space="preserve">
            <span class="bold">重申</span>根据预防犯罪和刑事司法委员会2013年4月26日第22/8号决议，<authorialNote marker="3" placement="bottom" eId="authorialNote_3"><p xml:space="preserve">		见《经济及社会理事会正式记录，2013年，补编第10号》和更正(<a href="https://undocs.org/ch/E/2013/30">E/2013/30</a>和<a href="https://undocs.org/ch/E/2013/30/Corr.1">E/2013/30/Corr.1</a>)，第一章，D节。</p></authorialNote> 联合国毒品和犯罪问题办公室作为网络犯罪法律和经验教训的中央储存库所发挥的作用，其目的是便利持续评估需求和刑事司法能力以及提供和协调技术援助；</p>
        </content>
      </paragraph>
      <paragraph eId="para_25" class="MercuryDocument">
        <num>	9.</num>
        <content eId="para_25__content">
          <p xml:space="preserve">
            <span class="bold">请</span>联合国毒品和犯罪问题办公室继续定期收集关于新的事态发展、取得的进展和确定的最佳做法的信息，并定期向专家组和预防犯罪和刑事司法委员会报告这些信息；</p>
        </content>
      </paragraph>
      <paragraph eId="para_26" class="MercuryDocument">
        <num>	10.</num>
        <content eId="para_26__content">
          <p xml:space="preserve">
            <span class="bold">邀请</span>专家组在其工作基础上向联合国毒品和犯罪问题办公室提供咨询意见，包括就网络犯罪问题全球方案提供咨询意见，以在不妨碍专家组任务授权所包含其他问题的前提下，协助查明高度优先的能力建设需要和有效对策，同时不妨碍委员会作为毒品和犯罪问题办公室犯罪问题方案理事机构的地位；</p>
        </content>
      </paragraph>
      <paragraph eId="para_27" class="MercuryDocument">
        <num>	11.</num>
        <content eId="para_27__content">
          <p xml:space="preserve">
            <span class="bold">请</span>联合国毒品和犯罪问题办公室继续根据请求并根据国家需要，通过网络犯罪问题全球方案及其区域办事处等，在预防、侦查、调查和起诉各种形式的网络犯罪方面，向会员国提供技术援助和可持续能力建设，以应对网络犯罪，同时认识到与会员国、相关国际和区域组织、私营部门、民间社会和其他相关利益攸关方的合作可为这一活动提供便利；</p>
        </content>
      </paragraph>
      <paragraph eId="para_28" class="MercuryDocument">
        <num>	12.</num>
        <content eId="para_28__content">
          <p xml:space="preserve">
            <span class="bold">邀请</span>会员国考虑酌情以透明和负责的方式与私营部门和民间社会开展合作，制定打击网络犯罪的措施；</p>
        </content>
      </paragraph>
      <paragraph eId="para_29" class="MercuryDocument">
        <num>	13.</num>
        <content eId="para_29__content">
          <p xml:space="preserve">
            <span class="bold">邀请</span>会员国和其他捐助方按照联合国的规则和程序为上述目的提供预算外资源；</p>
        </content>
      </paragraph>
      <paragraph eId="para_30" class="MercuryDocument">
        <num>	14.</num>
        <content eId="para_30__content">
          <p xml:space="preserve">
            <span class="bold">请</span>秘书长向委员会第二十九届会议报告本决议的执行情况。</p>
        </content>
      </paragraph>
    </mainBody>
    <conclusions eId="conclusions">
      <p>
        <inline name="adoptionMeeting" title="第50次">第50次全体会议</inline>
        <eol />
        <docDate date="2019-12-18" refersTo="#adoptionDate">2019年12月18日</docDate>
      </p>
    </conclusions>
  </statement>
</akomaNtoso>