<akomaNtoso xmlns:xsi="http://www.w3.org/2001/XMLSchema-instance" xsi:schemaLocation="http://docs.oasis-open.org/legaldocml/ns/akn/3.0 http://docs.oasis-open.org/legaldocml/akn-core/v1.0/os/part2-specs/schemas/akomantoso30.xsd" xmlns="http://docs.oasis-open.org/legaldocml/ns/akn/3.0" xmlns:html="http://www.w3.org/1999/xhtml" xmlns:akn4un="http://un.org/akn4un">
  <statement name="resolution">
    <meta>
      <identification source="#DGACM">
        <FRBRWork>
          <FRBRthis value="/akn/un/statement/deliberation/unga/2019-12-13/74-106/!main/"></FRBRthis>
          <FRBRuri value="/akn/un/statement/deliberation/unga/2019-12-13/74-106/"></FRBRuri>
          <FRBRdate date="2019-12-13" name="adoption"></FRBRdate>
          <FRBRauthor href="ga" as="author"></FRBRauthor>
          <FRBRcountry value="un"></FRBRcountry>
        </FRBRWork>
        <FRBRExpression>
          <FRBRthis value="/akn/un/statement/deliberation/unga/2019-12-13/74-106/zho@!main/"></FRBRthis>
          <FRBRuri value="/akn/un/statement/deliberation/unga/2019-12-13/74-106/zho@/"></FRBRuri>
          <FRBRdate date="2019-12-27" name="publication"></FRBRdate>
          <FRBRauthor href="ga" as="issuer"></FRBRauthor>
          <FRBRlanguage language="zho"></FRBRlanguage>
        </FRBRExpression>
        <FRBRManifestation>
          <FRBRthis value="/akn/un/statement/deliberation/unga/2019-12-13/74-106/zho@/!main.xml"></FRBRthis>
          <FRBRuri value="/akn/un/statement/deliberation/unga/2019-12-13/74-106/zho@.xml"></FRBRuri>
          <FRBRdate date="2020-09-01" name="markup"></FRBRdate>
          <FRBRauthor href="DGACM" as="editor"></FRBRauthor>
        </FRBRManifestation>
      </identification>
      <classification source="http://metadata.un.org/sdg">
        <keyword value="14" href="http://metadata.un.org/sdg/14" showAs="sdg_14" dictionary="SDGO"></keyword>
        <keyword value="marine_life" href="http://eurovoc.europa.eu/3149" showAs="marine_life" dictionary="EuroVoc"></keyword>
        <keyword value="marine_environment" href="http://eurovoc.europa.eu/5742" showAs="marine_environment" dictionary="EuroVoc"></keyword>
        <keyword value="ocean" href="http://eurovoc.europa.eu/2107" showAs="ocean" dictionary="EuroVoc"></keyword>
        <keyword value="sea" href="http://eurovoc.europa.eu/1870" showAs="sea" dictionary="EuroVoc"></keyword>
        <keyword value="marine_resources" href="http://metadata.un.org/thesaurus/030800" showAs="marine_resources" dictionary="UNBIS Thesaurus"></keyword>
        <keyword value="marine_resources" href="http://metadata.un.org/thesaurus/1003922" showAs="marine_resources" dictionary="UNBIS Thesaurus"></keyword>
        <keyword value="oceans_and_seas" href="http://metadata.un.org/thesaurus/170600" showAs="oceans_and_seas" dictionary="UNBIS Thesaurus"></keyword>
      </classification>
      <classification source="http://metadata.un.org/sdg">
        <keyword value="6" href="http://metadata.un.org/sdg/6" showAs="sdg_6" dictionary="SDGO"></keyword>
        <keyword value="water" href="http://eurovoc.europa.eu/597" showAs="water" dictionary="EuroVoc"></keyword>
        <keyword value="public_hygiene" href="http://eurovoc.europa.eu/3371" showAs="public_hygiene" dictionary="EuroVoc"></keyword>
        <keyword value="use_of_water" href="http://eurovoc.europa.eu/4628" showAs="use_of_water" dictionary="EuroVoc"></keyword>
        <keyword value="water" href="http://metadata.un.org/thesaurus/030500" showAs="water" dictionary="UNBIS Thesaurus"></keyword>
        <keyword value="sanitation" href="http://metadata.un.org/thesaurus/1005701" showAs="sanitation" dictionary="UNBIS Thesaurus"></keyword>
        <keyword value="water_management" href="http://metadata.un.org/thesaurus/1006948" showAs="water_management" dictionary="UNBIS Thesaurus"></keyword>
      </classification>
      <classification source="http://metadata.un.org/sdg">
        <keyword value="8" href="http://metadata.un.org/sdg/8" showAs="sdg_8" dictionary="SDGO"></keyword>
        <keyword value="economic_growth" href="http://eurovoc.europa.eu/310" showAs="economic_growth" dictionary="EuroVoc"></keyword>
        <keyword value="full_employment" href="http://eurovoc.europa.eu/2427" showAs="full_employment" dictionary="EuroVoc"></keyword>
        <keyword value="unemployment" href="http://eurovoc.europa.eu/5974" showAs="unemployment" dictionary="EuroVoc"></keyword>
        <keyword value="economic_growth" href="http://metadata.un.org/thesaurus/1001854" showAs="economic_growth" dictionary="UNBIS Thesaurus"></keyword>
        <keyword value="employment" href="http://metadata.un.org/thesaurus/1002007" showAs="employment" dictionary="UNBIS Thesaurus"></keyword>
        <keyword value="full_employment" href="http://metadata.un.org/thesaurus/1002563" showAs="full_employment" dictionary="UNBIS Thesaurus"></keyword>
        <keyword value="unemployment" href="http://metadata.un.org/thesaurus/1006773" showAs="unemployment" dictionary="UNBIS Thesaurus"></keyword>
      </classification>
      <classification source="http://metadata.un.org/sdg">
        <keyword value="12" href="http://metadata.un.org/sdg/12" showAs="sdg_12" dictionary="SDGO"></keyword>
        <keyword value="consumption" href="http://eurovoc.europa.eu/139" showAs="consumption" dictionary="EuroVoc"></keyword>
        <keyword value="production" href="http://eurovoc.europa.eu/2707" showAs="production" dictionary="EuroVoc"></keyword>
        <keyword value="sustainable_consumption" href="http://metadata.un.org/thesaurus/1006318" showAs="sustainable_consumption" dictionary="UNBIS Thesaurus"></keyword>
        <keyword value="consumption" href="http://metadata.un.org/thesaurus/1001264" showAs="consumption" dictionary="UNBIS Thesaurus"></keyword>
        <keyword value="production" href="http://metadata.un.org/thesaurus/1005146" showAs="production" dictionary="UNBIS Thesaurus"></keyword>
      </classification>
      <workflow source="#un">
        <step date="0001-01-01" outcome="draftResolution" by="submitted by the Special Committee on the Situation with regard to the Implementation of the Declaration on the Granting of Independence to Colonial Countries and Peoples" />
        <step date="0001-01-01" outcome="draftResolutionAdditionalSponsors" by="" />
        <step date="0001-01-01" outcome="recommendedForAdoption" as="A/74/418" by="" refersTo="39" />
        <step date="2019-12-13" outcome="adopted" as="A/74/PV.47" by="" />
      </workflow>
      <analysis source="#un">
        <parliamentary>
          <voting outcome="adoptedWithoutVote">
            <quorum value=""></quorum>
          </voting>
        </parliamentary>
      </analysis>
      <references source="#DGACM">
        <TLCOrganization eId="source" href="/akn/ontology/organization/un/DGACM" showAs="DGACM"></TLCOrganization>
        <TLCConcept eId="dateOfIssuance" href="/akn/ontology/concept/un/dateOfIssuance" showAs="Date of issuance"></TLCConcept>
        <TLCConcept eId="dateOfAdoption" href="/akn/ontology/concept/un/dateOfAdoption" showAs="Date of adoption"></TLCConcept>
        <TLCConcept eId="symbol" href="/akn/ontology/reference/un/symbol" showAs="Symbol"></TLCConcept>
        <TLCRole eId="publisher" href="/akn/ontology/role/un/publisher" showAs="Publisher"></TLCRole>
        <TLCRole eId="issuingBody" href="/akn/role/concept/un/issuingBody" showAs="Issuing body"></TLCRole>
        <TLCRole eId="author" href="/akn/ontology/role/un/author" showAs="Author"></TLCRole>
        <TLCRole eId="editor" href="/akn/ontology/role/un/editor" showAs="Editor"></TLCRole>
        <TLCRole eId="distribution" href="/akn/ontology/concept/un/generalDistribution" showAs="General distribution"></TLCRole>
        <TLCOrganization eId="ga" href="/akn/ontology/organization/un/generalAssembly" showAs="General Assembly"></TLCOrganization>
        <TLCTerm eId="resolutionTitle" href="/akn/ontology/reference/un/resolutionTitle" showAs="Resolution title"></TLCTerm>
        <TLCTerm eId="fourthCommittee" href="#fourthCommittee" showAs="特别政治和非殖民化委员会"></TLCTerm>
        <TLCTerm eId="memberState" href="/akn/ontology/organization/un/memberState" showAs="Member State"></TLCTerm>
        <TLCTerm eId="inFavour" href="/akn/ontology/concept/un/voting/inFavour" showAs="In favour"></TLCTerm>
        <TLCTerm eId="against" href="/akn/ontology/concept/un/voting/against" showAs="Against"></TLCTerm>
        <TLCTerm eId="abstaining" href="/akn/ontology/concept/un/voting/abstaining" showAs="Abstaining"></TLCTerm>
      </references>
      <presentation source="#un">
        <akn4un:footerFirstPage>
          <akn4un:footerFirstPageLeft>
            <akn4un:internalCode>
              <docketNumber refersTo="#publicationJobNumber">19-21925 (C)</docketNumber>
              <img alt="bar code" class="barCode" src=""></img>
            </akn4un:internalCode>
          </akn4un:footerFirstPageLeft>
          <akn4un:footerFirstPageRight>
            <img alt="Please recycle" class="image" src="./recylcleLogo.jpg"></img>
            <img alt="embedded QR code" class="qrCode" src=""></img>
          </akn4un:footerFirstPageRight>
        </akn4un:footerFirstPage>
      </presentation>
    </meta>
    <coverPage eId="coverPage_1">
      <p>
        <span refersTo="#publisher" class="upperLeft">
          <docAuthority refersTo="#publisher">联合国</docAuthority>
        </span>
      </p>
      <p class="upperRight">
        <docNumber refersTo="#symbol">A/RES/74/106</docNumber>
      </p>
      <p class="upperLeft">
        <img src="logo-un.jpg"></img>
        <docAuthority refersTo="#issuingBody" class="rightBig">大会</docAuthority>
      </p>
      <p>
        <docStatus refersTo="#generalDistribution" class="rightSmall">Distr.: General</docStatus>
      </p>
      <p>
        <docDate date="2019-12-27" class="rightSmall" refersTo="#dateOfIssuance">27 December 2019</docDate>
      </p>
      <p>
        <session refersTo="#generalAssembly" value="74" eId="coverPage_1__session_1">第七十四届会议</session>
      </p>
      <p>
        <inline name="agenda item">议程项目59</inline>
      </p>
      <p>
        <inline name="agenda item name">《给予殖民地国家和人民独立宣言》的执行情况</inline>
      </p>
      <p>
        <docTitle>2019年12月13日大会决议</docTitle>
      </p>
      <p xml:space="preserve">
        <docProponent refersTo="#fourthCommittee">[根据特别政治和非殖民化委员会(第四委员会) (<inline name="originating document">A/74/418</inline>)]</docProponent>
      </p>
    </coverPage>
    <preface>
      <p>
        <docNumber>74/106.</docNumber>
        <docTitle refersTo="#resolutionTitle">新喀里多尼亚问题</docTitle>
      </p>
    </preface>
    <preamble>
      <formula name="enactingFormula" eId="formula_1">
        <p xml:space="preserve">
          <span class="bold">大会</span>，</p>
      </formula>
      <container name="审议了" eId="container_2">
        <p xml:space="preserve">
          <span class="bold">审议了</span>新喀里多尼亚问题，</p>
      </container>
      <container name="审查了" eId="container_3">
        <p xml:space="preserve">
          <span class="bold">审查了</span>给予殖民地国家和人民独立宣言执行情况特别委员会2019年报告中关于新喀里多尼亚的章节，<authorialNote marker="1" placement="bottom" eId="authorialNote_1"><p xml:space="preserve">		《大会正式记录，第七十四届会议，补编第23号》(<a href="https://undocs.org/ch/A/74/23">A/74/23</a>)，第九章。</p></authorialNote></p>
      </container>
      <container name="重申" eId="container_4">
        <p xml:space="preserve">
          <span class="bold">重申</span>《联合国宪章》庄严赋予的人民自决权，</p>
      </container>
      <container name="回顾" eId="container_5">
        <p xml:space="preserve">
          <span class="bold">回顾</span>其1960年12月14日第<a href="https://undocs.org/ch/A/RES/1514(XV)">1514(XV)</a>号和1960年12月15日第<a href="https://undocs.org/ch/A/RES/1541(XV)">1541(XV)</a>号决议，强调指出第<a href="https://undocs.org/ch/A/RES/1541(XV)">1541(XV)</a>号决议附件原则六，</p>
      </container>
      <container name="又回顾" eId="container_6">
        <p xml:space="preserve">
          <span class="bold">又回顾</span>《努美阿协议》的规定，<authorialNote marker="2" placement="bottom" eId="authorialNote_2"><p xml:space="preserve"><a href="https://undocs.org/ch/A/AC.109/2114">A/AC.109/2114</a>，附件。</p></authorialNote> 其中除其他外，强调管理国必须及时向新喀里多尼亚人民移交权力和转让技能，</p>
      </container>
      <container name="重申" eId="container_7">
        <p xml:space="preserve">
          <span class="bold">重申</span>自然资源是属于包括土著人民在内所有非自治领土人民的遗产，</p>
      </container>
      <container name="关切" eId="container_8">
        <p xml:space="preserve">
          <span class="bold">关切</span>任何以损害非自治领土居民利益的方式利用这些领土的自然及人力资源的活动，</p>
      </container>
      <container name="指出" eId="container_9">
        <p xml:space="preserve">
          <span class="bold">指出</span>法国当局在新喀里多尼亚同各阶层人民合作实行积极措施以促进该领土政治、经济和社会公平发展的重要性，其中包括环境保护领域的措施，以便为该领土和平迈向自决提供框架，</p>
      </container>
      <container name="回顾" eId="container_10">
        <p xml:space="preserve">
          <span class="bold">回顾</span>努美阿协议签字方委员会2018年3月作出决定，将2018年11月4日定为新喀里多尼亚举行自决全民投票的日期，并将要问的问题定为“你想要新喀里多尼亚获得完全主权和独立吗?”，</p>
      </container>
      <container name="赞赏地欢迎" eId="container_11">
        <p xml:space="preserve">
          <span class="bold">赞赏地欢迎</span>根据《努美阿协议》于2018年11月4日在新喀里多尼亚和平举行自决全民投票，</p>
      </container>
      <container name="回顾" eId="container_12">
        <p xml:space="preserve">
          <span class="bold">回顾</span>土著人民权利问题特别报告员继2011年2月访问新喀里多尼亚后，向同年9月12至30日和10月21日举行的人权理事会第十八届会议提交的关于新喀里多尼亚卡纳克人状况的报告，<authorialNote marker="3" placement="bottom" eId="authorialNote_3"><p xml:space="preserve"><a href="https://undocs.org/ch/A/HRC/18/35/Add.6">A/HRC/18/35/Add.6</a>，附件。</p></authorialNote> 并强调处理与土著卡纳克人人权有关的问题的重要性，包括消除领土三省之间现有的不平等现象，</p>
      </container>
      <container name="满意地注意到" eId="container_13">
        <p xml:space="preserve">
          <span class="bold">满意地注意到</span>新喀里多尼亚与南太平洋区域邻国加强接触，包括在法国驻该区域外交和领事机构安排新喀里多尼亚代表，</p>
      </container>
      <container name="回顾" eId="container_14">
        <p xml:space="preserve">
          <span class="bold">回顾</span>2013年6月19日至21日由卡纳克社会主义民族解放阵线历史性地首次主持在努美阿举行的第十九次美拉尼西亚先锋集团领导人峰会的结论，包括《集团领导人宣言》，其中重申了强有力的承诺和支持，包括为新喀里多尼亚根据《宪章》和《努美阿协议》实行自决提供技术援助，</p>
      </container>
      <container name="又回顾" eId="container_15">
        <p xml:space="preserve">
          <span class="bold">又回顾</span>2016年9月8日至10日在密克罗尼西亚联邦波纳佩召开的第四十七次太平洋岛屿论坛上接纳新喀里多尼亚为太平洋岛屿论坛正式成员，</p>
      </container>
      <container name="还回顾秘" eId="container_16">
        <p xml:space="preserve">
          <span class="bold">还回顾秘</span>书处政治事务部与美拉尼西亚先锋集团秘书处就分享新喀里多尼亚的信息进行换文，</p>
      </container>
      <container name="念及" eId="container_17">
        <p xml:space="preserve">
          <span class="bold">念及</span>新喀里多尼亚已迈进《努美阿协议》进程的重要阶段，期间需要联合国继续密切监测领土局势，帮助新喀里多尼亚人民根据《宪章》和《给予殖民地国家和人民独立宣言》<authorialNote marker="4" placement="bottom" eId="authorialNote_4"><p xml:space="preserve">		第<a href="https://undocs.org/ch/A/RES/1514(XV)">1514(XV)</a>号决议。</p></authorialNote> 确立的目标行使自决权利，</p>
      </container>
      <container name="回顾" eId="container_18">
        <p xml:space="preserve">
          <span class="bold">回顾</span>2014年4月由新喀里多尼亚卡纳克人唯有的传统监护人，即大酋长、酋长、各区议会主席、各部族首领理事会主席等传统权威宣布的卡纳克人民宪章，这是卡纳克人文明的共同基本价值观和原则基础，并注意到族区评议会感到关切的是，管理国和领土政府应充分倾听它们对涉及新喀里多尼亚土著人民的重要事项的关注，</p>
      </container>
      <container name="赞赏地欢迎" eId="container_19">
        <p xml:space="preserve">
          <span class="bold">赞赏地欢迎</span>2014年和2018年向新喀里多尼亚派遣二个联合国视察团，包括访问巴黎，以及分别发布特别委员会视察团的报告，<authorialNote marker="5" placement="bottom" eId="authorialNote_5"><p xml:space="preserve"><a href="https://undocs.org/ch/A/AC.109/2014/20/Rev.1">A/AC.109/2014/20/Rev.1</a>和<a href="https://undocs.org/ch/A/AC.109/2018/20">A/AC.109/2018/20</a>。</p></authorialNote></p>
      </container>
      <container name="感激地注意到" eId="container_20">
          <p xml:space="preserve">
            <span class="bold">感激地注意到</span>管理国就特别委员会关于新喀里多尼亚的工作加强了合作，包括为2014年和2018年视察团提供便利，以及根据《努美阿协议》于2018年11月4日在新喀里多尼亚举行自决全民投票，</p>
      </container>
      <container name="知悉" eId="container_21">
        <p xml:space="preserve">
          <span class="bold">知悉</span>2019年5月12日在新喀里多尼亚成功举行了省级选举，</p>
      </container>
      <container name="回顾" eId="container_22">
        <p xml:space="preserve">
          <span class="bold">回顾</span>向2014年5月21至23日在斐济南迪举行的关于第三个铲除殖民主义国际十年执行情况太平洋区域讨论会和2015年5月19至21日在马那瓜举行的同一专题加勒比区域讨论会提交的关于该领土局势的资料，包括2014年选举有关问题的资料，</p>
      </container>
      <container name="又回顾" eId="container_23">
        <p xml:space="preserve">
          <span class="bold">又回顾</span>特别委员会2016年报告<authorialNote marker="6" placement="bottom" eId="authorialNote_6"><p xml:space="preserve">		《大会正式记录，第七十一届会议，补编第23号》(<a href="https://undocs.org/ch/A/71/23">A/71/23</a>)。</p></authorialNote> 所附2016年5月31日至6月2日在马那瓜举行的太平洋区域讨论会通过的建议，</p>
      </container>
      <container name="表示注意到" eId="container_24">
        <p xml:space="preserve">
          <span class="bold">表示注意到</span>2019年5月2日至4日在格林纳达大湾及2017年5月16日至18日在金斯敦举行了加勒比区域讨论会，管理国和新喀里多尼亚分别在这二次和后一次讨论会上提供了关于该领土事态发展的信息，包括2018年举行的自决全民投票情况，以及2017年讨论会通过并作为特别委员会2017年报告<authorialNote marker="7" placement="bottom" eId="authorialNote_7"><p xml:space="preserve">		同上，《第七十二届会议，补编第23号》(<a href="https://undocs.org/ch/A/72/23">A/72/23</a>)。</p></authorialNote> 附件的建议，</p>
      </container>
      <container name="意识到" eId="container_25">
        <p xml:space="preserve">
          <span class="bold">意识到</span>2014年省级选举进程遇到的挑战，尤其是在特别行政委员会更新特别选民名册的工作、1998年补充选举名册不存在、查不到2014年之前的1998年大选选民名册等方面的挑战，以及这一切对关于自决权的全民投票可能产生的影响，并表示注意到2014年以来在自决全民投票选举进程方面取得的积极进展，</p>
      </container>
      <container name="欢迎" eId="container_26">
        <p xml:space="preserve">
          <span class="bold">欢迎</span>管理国邀请秘书处政治事务部选举援助司派遣一个选举专家团于2016年5月赴新喀里多尼亚，视察特别行政委员会和咨询专家委员会编制和修订特别选民名单的工作，尤其是依照《努美阿协议》于2018年在新喀里多尼亚举行自决全民投票的工作，</p>
      </container>
      <container name="又欢迎" eId="container_27">
        <p xml:space="preserve">
          <span class="bold">又欢迎</span>管理国向特别委员会递送2016年赴新喀里多尼亚的选举专家团最后报告，以及管理国为跟进视察团建议所执行的措施清单，</p>
      </container>
      <container name="赞赏地肯定" eId="container_28">
        <p xml:space="preserve">
          <span class="bold">赞赏地肯定</span>2018年3月27日在巴黎举行努美阿协议签字方委员会会议，以及委员会决定于2018年11月4日举行新喀里多尼亚自决全民投票，</p>
      </container>
      <container name="欢迎" eId="container_29">
        <p xml:space="preserve">
          <span class="bold">欢迎</span>努美阿协议签字方委员会于2018年3月在巴黎提出并通过“你想要新喀里多尼亚获得完全主权和独立吗?”这一自决全民投票问题，</p>
      </container>
      <container name="注意到" eId="container_30">
        <p xml:space="preserve">
          <span class="bold">注意到</span>新喀里多尼亚人民关切管理国通过教育运动就潜在全民投票结果作出澄清的重要性和必要性，</p>
      </container>
      <container name="确认" eId="container_31">
        <p xml:space="preserve">
          <span class="bold">确认</span>特别委员会需要确保联合国有关机构积极开展宣传运动，协助领土人民更好地了解各种自决备选方案，</p>
      </container>
    </preamble>
    <mainBody>
      <paragraph eId="para_32" class="MercuryDocument">
        <num>	1.</num>
        <content eId="para_32__content">
          <p xml:space="preserve">
            <span class="bold">重申</span>核可给予殖民地国家和人民独立宣言执行情况特别委员会2019年报告中关于新喀里多尼亚的章节；<sup>1</sup></p>
        </content>
      </paragraph>
      <paragraph eId="para_33" class="MercuryDocument">
        <num>	2.</num>
        <content eId="para_33__content">
          <p xml:space="preserve">
            <span class="bold">再次认可</span>2014年和2018年联合国赴新喀里多尼亚视察团的报告、意见、结论和建议；<sup>5</sup></p>
        </content>
      </paragraph>
      <paragraph eId="para_34" class="MercuryDocument">
        <num>	3.</num>
        <content eId="para_34__content">
          <p xml:space="preserve">
            <span class="bold">表示感谢</span>管理国和新喀里多尼亚政府向视察团提供密切合作与协助；</p>
        </content>
      </paragraph>
      <paragraph eId="para_35" class="MercuryDocument">
        <num>	4.</num>
        <content eId="para_35__content">
          <p xml:space="preserve">
            <span class="bold">重申</span>最终应由新喀里多尼亚人民根据《联合国宪章》、《给予殖民地国家和人民独立宣言》<sup>4</sup><sup></sup>和大会相关决议的有关规定自由和公正地决定自身未来的政治地位，为此促请管理国与领土政府和联合国系统有关机构合作，为领土制定政治教育方案，以帮助新喀里多尼亚人民了解自己有权按照正当的政治地位方案，根据大会第<a href="https://undocs.org/ch/A/RES/1541(XV)">1541(XV)</a>号决议和其他相关决议及决定明确规定的原则实行自决；</p>
        </content>
      </paragraph>
      <paragraph eId="para_36" class="MercuryDocument">
        <num>	5.</num>
        <content eId="para_36__content">
          <p xml:space="preserve">
            <span class="bold">注意到</span>对省级选举进程在限制选民规定和选民登记申诉程序始终存在不同解释等方面面临挑战表达的持续关切，还鼓励管理国和新喀里多尼亚人民根据领土和法国的现有相关法律，努力友好、和平地处理所有利益攸关方的关切问题，同时也应尊重和维护《努美阿协议》的文字和精神；<sup>2</sup><sup></sup></p>
        </content>
      </paragraph>
      <paragraph eId="para_37" class="MercuryDocument">
        <num>	6.</num>
        <content eId="para_37__content">
          <p xml:space="preserve">
            <span class="bold">欢迎</span>根据《努美阿协议》于2018年11月4日和平举行自决全民投票，并表示注意到全民投票结果显示56.67%反对完全主权和独立，43.33%赞成，以及《努美阿协议》关于就自决问题举行更多全民投票的规定；</p>
        </content>
      </paragraph>
      <paragraph eId="para_38" class="MercuryDocument">
        <num>	7.</num>
        <content eId="para_38__content">
          <p xml:space="preserve">
            <span class="bold">认为</span>根据《努美阿协议》规定采取适当措施，就获得充分主权，包括就建立一个公正、公平、可信和透明的选民名册开展即将进行的协商，对于采取与《宪章》及联合国原则和做法相符的自由、公平和真正的自决行动，至关重要；</p>
        </content>
      </paragraph>
      <paragraph eId="para_39" class="MercuryDocument">
        <num>	8.</num>
        <content eId="para_39__content">
          <p xml:space="preserve">	为此<span class="bold">欢迎</span>各方继续在努美阿协议签字方委员会框架内进行高级别政治对话并作出真诚承诺，以期根据《努美阿协议》规定订立开展最后的自决行动的标准，包括建立选民名册；</p>
        </content>
      </paragraph>
      <paragraph eId="para_40" class="MercuryDocument">
        <num>	9.</num>
        <content eId="para_40__content">
          <p xml:space="preserve">
            <span class="bold">回顾</span>2014年10月3日举行的签字方委员会第十二次会议的成果，除其他外，会议强调指出，管理国承诺使新喀里多尼亚人民能够在一个符合《努美阿协议》的公平、可信、民主和透明的自决进程中决定自己的未来地位；</p>
        </content>
      </paragraph>
      <paragraph eId="para_41" class="MercuryDocument">
        <num>	10.</num>
        <content eId="para_41__content">
          <p xml:space="preserve">
            <span class="bold">感兴趣地注意到</span>2015年6月5日并随后于2017年11月2日和2018年3月27日在巴黎召集了关于新喀里多尼亚自决进程，特别是关于全民投票选民名册和相关问题的签字方委员会特别会议；</p>
        </content>
      </paragraph>
      <paragraph eId="para_42" class="MercuryDocument">
        <num>	11.</num>
        <content eId="para_42__content">
          <p xml:space="preserve">
            <span class="bold">促请</span>管理国法国参考视察团的意见、结论和建议，考虑进一步加强教育方案，让新喀里多尼亚人民了解自决的性质，使他们能够更好地准备面对今后关于这一事项的决定，并请特别委员会为此提供一切可资利用的援助；</p>
        </content>
      </paragraph>
      <paragraph eId="para_43" class="MercuryDocument">
        <num>	12.</num>
        <content eId="para_43__content">
          <p xml:space="preserve">
            <span class="bold">赞扬</span>视察团向管理国法国和新喀里多尼亚政府提出意见、结论和建议，供采取适当行动；</p>
        </content>
      </paragraph>
      <paragraph eId="para_44" class="MercuryDocument">
        <num>	13.</num>
        <content eId="para_44__content">
          <p xml:space="preserve">
            <span class="bold">赞赏地注意到</span>管理国在2018年举行自决全民投票前为前往该领土的视察团提供便利，并鼓励在举行更多全民投票方面与特别委员会继续合作；</p>
        </content>
      </paragraph>
      <paragraph eId="para_45" class="MercuryDocument">
        <num>	14.</num>
        <content eId="para_45__content">
          <p xml:space="preserve">
            <span class="bold">敦促</span>所有有关各方，以新喀里多尼亚人民的利益为重并在《努美阿协议》框架内本着和谐及相互尊重的精神保持对话，以继续促进使该领土迈向自决行动的和平进程框架，这个框架采纳所有备选方案，并在应由新喀里多尼亚人民选择如何决定自己命运的原则基础上保障所有各阶层人民的权利；</p>
        </content>
      </paragraph>
      <paragraph eId="para_46" class="MercuryDocument">
        <num>	15.</num>
        <content eId="para_46__content">
          <p xml:space="preserve">
            <span class="bold">重申</span>大会2013年12月11日第<a href="https://undocs.org/ch/A/RES/68/87">68/87</a>号和2014年12月5日第<a href="https://undocs.org/ch/A/RES/69/97">69/97</a>号决议，其中除其他外重申，只要大会尚未亲自决定一个非自治领土已经达到《宪章》第十一章规定的充分自治，有关管理国就应继续按照《宪章》第七十三条(辰)款递送有关该领土的资料；</p>
        </content>
      </paragraph>
      <paragraph eId="para_47" class="MercuryDocument">
        <num>	16.</num>
        <content eId="para_47__content">
          <p xml:space="preserve">
            <span class="bold">欣见</span>管理国采取行动，继续根据《宪章》第七十三条(辰)款向秘书长递送资料，特别是于2018年12月11日提交了关于新喀里多尼亚最近动态的资料；</p>
        </content>
      </paragraph>
      <paragraph eId="para_48" class="MercuryDocument">
        <num>	17.</num>
        <content eId="para_48__content">
          <p xml:space="preserve">
            <span class="bold">注意到</span>卡纳克人继续对他们在政府和社会机构中代表人数不足、移民人流连续不断和采矿对环境的影响表示关切，并注意到及时处理这些关切问题的重要性；</p>
        </content>
      </paragraph>
      <paragraph eId="para_49" class="MercuryDocument">
        <num>	18.</num>
        <content eId="para_49__content">
          <p xml:space="preserve">
            <span class="bold">敦促</span>管理国采取有效措施，维护和保障新喀里多尼亚人民对其自然资源的不可剥夺权利及对这些资源的未来开发实行和维持控制，并请管理国采取一切必要步骤，保护新喀里多尼亚人民的财产权；</p>
        </content>
      </paragraph>
      <paragraph eId="para_50" class="MercuryDocument">
        <num>	19.</num>
        <content eId="para_50__content">
          <p xml:space="preserve">
            <span class="bold">赞扬</span>“未来干部”方案，并鼓励进一步加强领土公共和私营部门高级行政人员的培训和能力建设，特别是考虑到目前正将权力从法国政府移交给新喀里多尼亚，同时确保权力移交工作按照《努美阿协议》进行；</p>
        </content>
      </paragraph>
      <paragraph eId="para_51" class="MercuryDocument">
        <num>	20.</num>
        <content eId="para_51__content">
          <p xml:space="preserve">
            <span class="bold">回顾</span>人权理事会土著人民权利问题特别报告员关于新喀里多尼亚卡纳克人状况的报告<sup>3</sup><sup></sup>中所提意见和建议，它们是根据相关国际标准提出，以期在《努美阿协议》执行工作中和联合国支持的非殖民化进程中协助不断努力促进卡纳克人的权利；</p>
        </content>
      </paragraph>
      <paragraph eId="para_52" class="MercuryDocument">
        <num>	21.</num>
        <content eId="para_52__content">
          <p xml:space="preserve">
            <span class="bold">请</span>秘书长、联合国系统各专门机构和其他组织向新喀里多尼亚提供经济、社会和其他援助，并在新喀里多尼亚行使自决权后酌情继续提供这种援助；</p>
        </content>
      </paragraph>
      <paragraph eId="para_53" class="MercuryDocument">
        <num>	22.</num>
        <content eId="para_53__content">
          <p xml:space="preserve">
            <span class="bold">欢迎</span>管理国采取的加强经济和社会重整举措，敦促管理国在领土所有地区和社区继续采取这一举措，特别是为了卡纳克土著人民的福祉；</p>
        </content>
      </paragraph>
      <paragraph eId="para_54" class="MercuryDocument">
        <num>	23.</num>
        <content eId="para_54__content">
          <p xml:space="preserve">
            <span class="bold">强调</span>必须确保按照《努美阿协议》的规定，将管理国的职权及时移交给新喀里多尼亚；</p>
        </content>
      </paragraph>
      <paragraph eId="para_55" class="MercuryDocument">
        <num>	24.</num>
        <content eId="para_55__content">
          <p xml:space="preserve">
            <span class="bold">鼓励</span>管理国在新喀里多尼亚政府的合作下，确保和更好地捍卫及保障领土人民拥有、获得、使用和管理其自然资源以促进未来发展的不可剥夺权利，包括所有权；</p>
        </content>
      </paragraph>
      <paragraph eId="para_56" class="MercuryDocument">
        <num>	25.</num>
        <content eId="para_56__content">
          <p xml:space="preserve">
            <span class="bold">回顾</span>《努美阿协议》中关于新喀里多尼亚可以成为某些国际组织的成员或准成员的规定，并注意到新喀里多尼亚继续加强与欧洲联盟和欧洲发展基金的联系；</p>
        </content>
      </paragraph>
      <paragraph eId="para_57" class="MercuryDocument">
        <num>	26.</num>
        <content eId="para_57__content">
          <p xml:space="preserve">
            <span class="bold">又回顾</span>卡纳克社会主义民族解放阵线加入美拉尼西亚先锋集团主席团，2013年6月首次在新喀里多尼亚举行集团官员和领导人会议，卡纳克社会主义民族解放阵线2015年6月成功结束集团主席任期，以及2013年2月在维拉港集团秘书处总部启用卡纳克社会主义民族解放阵线的办公室；</p>
        </content>
      </paragraph>
      <paragraph eId="para_58" class="MercuryDocument">
        <num>	27.</num>
        <content eId="para_58__content">
          <p xml:space="preserve">
            <span class="bold">肯定</span>让-玛丽·吉巴乌文化中心对保护新喀里多尼亚卡纳克土著文化的贡献；</p>
        </content>
      </paragraph>
      <paragraph eId="para_59" class="MercuryDocument">
        <num>	28.</num>
        <content eId="para_59__content">
          <p xml:space="preserve">
            <span class="bold">欢迎</span>区域内其他国家和领土对新喀里多尼亚及其经济和政治愿望和在区域和国际事务中越来越多的参与采取合作态度；</p>
        </content>
      </paragraph>
      <paragraph eId="para_60" class="MercuryDocument">
        <num>	29.</num>
        <content eId="para_60__content">
          <p xml:space="preserve">
            <span class="bold">表示注意到</span>来自新喀里多尼亚的与会者在自2014年5月以来举行的关于第三个铲除殖民主义国际十年执行情况太平洋和加勒比区域讨论会上分享的信息，包括介绍在社会、经济、政治和环境领域取得的适度进展和更突出重点的努力，特别是介绍重整举措和选民名册问题，这对促进所有新喀里多尼亚人的长期共同互惠利益必不可少，并敦促管理国和新喀里多尼亚政府妥善重视解决这些问题；</p>
        </content>
      </paragraph>
      <paragraph eId="para_61" class="MercuryDocument">
        <num>	30.</num>
        <content eId="para_61__content">
          <p xml:space="preserve">
            <span class="bold">知悉</span>新喀里多尼亚于2019年5月12日和平举行了省级选举，在此之前举行了市政选举，在此之后努力组建新喀里多尼亚新政府，并鼓励所有利益攸关方建设性地参与为全体人民进一步发展新喀里多尼亚，包括尊重和维护《努美阿协议》；</p>
        </content>
      </paragraph>
      <paragraph eId="para_62" class="MercuryDocument">
        <num>	31.</num>
        <content eId="para_62__content">
          <p xml:space="preserve">
            <span class="bold">回顾</span>管理国决定邀请秘书处政治和建设和平事务部选举援助司派团视察特别行政委员会和专家咨询委员会编制和修订特别选民名单的工作，期待审查其建议，并进一步鼓励管理国为这方面的工作提供便利；</p>
        </content>
      </paragraph>
      <paragraph eId="para_63" class="MercuryDocument">
        <num>	32.</num>
        <content eId="para_63__content">
          <p xml:space="preserve">
            <span class="bold">强调指出</span>《努美阿协议》签字方关于应提请联合国注意解放进程所取得进展的商定意见的重要性；</p>
        </content>
      </paragraph>
      <paragraph eId="para_64" class="MercuryDocument">
        <num>	33.</num>
        <content eId="para_64__content">
          <p xml:space="preserve">
            <span class="bold">决定</span>继续审查签署《努美阿协议》后在新喀里多尼亚展开的进程；</p>
        </content>
      </paragraph>
      <paragraph eId="para_65" class="SingleTxt">
        <num>	34.</num>
        <content eId="para_65__content">
          <p xml:space="preserve">
            <span class="bold">请</span>特别委员会继续审查新喀里多尼亚非自治领土的问题，并就此向大会第七十五届会议提出报告。</p>
        </content>
      </paragraph>
    </mainBody>
    <conclusions eId="conclusions">
      <p>
        <inline name="adoptionMeeting" title="第47次">第47次全体会议</inline>
        <eol />
        <docDate date="2019-12-13" refersTo="#adoptionDate">2019年12月13日</docDate>
      </p>
    </conclusions>
  </statement>
</akomaNtoso>