<akomaNtoso xmlns:xsi="http://www.w3.org/2001/XMLSchema-instance" xsi:schemaLocation="http://docs.oasis-open.org/legaldocml/ns/akn/3.0 http://docs.oasis-open.org/legaldocml/akn-core/v1.0/os/part2-specs/schemas/akomantoso30.xsd" xmlns="http://docs.oasis-open.org/legaldocml/ns/akn/3.0" xmlns:html="http://www.w3.org/1999/xhtml" xmlns:akn4un="http://un.org/akn4un">
  <statement name="resolution">
    <meta>
      <identification source="#DGACM">
        <FRBRWork>
          <FRBRthis value="/akn/un/statement/deliberation/unga/2019-12-18/74-192/!main/"></FRBRthis>
          <FRBRuri value="/akn/un/statement/deliberation/unga/2019-12-18/74-192/"></FRBRuri>
          <FRBRdate date="2019-12-18" name="adoption"></FRBRdate>
          <FRBRauthor href="ga" as="author"></FRBRauthor>
          <FRBRcountry value="un"></FRBRcountry>
        </FRBRWork>
        <FRBRExpression>
          <FRBRthis value="/akn/un/statement/deliberation/unga/2019-12-18/74-192/zho@!main/"></FRBRthis>
          <FRBRuri value="/akn/un/statement/deliberation/unga/2019-12-18/74-192/zho@/"></FRBRuri>
          <FRBRdate date="2019-12-30" name="publication"></FRBRdate>
          <FRBRauthor href="ga" as="issuer"></FRBRauthor>
          <FRBRlanguage language="zho"></FRBRlanguage>
        </FRBRExpression>
        <FRBRManifestation>
          <FRBRthis value="/akn/un/statement/deliberation/unga/2019-12-18/74-192/zho@/!main.xml"></FRBRthis>
          <FRBRuri value="/akn/un/statement/deliberation/unga/2019-12-18/74-192/zho@.xml"></FRBRuri>
          <FRBRdate date="2020-08-30" name="markup"></FRBRdate>
          <FRBRauthor href="DGACM" as="editor"></FRBRauthor>
        </FRBRManifestation>
      </identification>      
      <classification source="http://metadata.un.org/sdg">
        <keyword value="16.3" href="http://metadata.un.org/sdg/16.3" showAs="sdg_16.3" dictionary="SDGO"></keyword>
      </classification>
      <classification source="http://metadata.un.org/sdg">
        <keyword value="16.5" href="http://metadata.un.org/sdg/16.5" showAs="sdg_16.5" dictionary="SDGO"></keyword>
      </classification>
      <workflow source="#un">
        <step date="2019-10-30" outcome="draftResolution" as="A/C.6/74/L.6" by="introduced in the Committee by the representative of the Gambia on behalf of the Bureau" />
        <step date="0001-01-01" outcome="draftResolutionAdditionalSponsors" by="" />
        <step date="0001-01-01" outcome="recommendedForAdoption" as="A/74/430" by="" refersTo="9" />
        <step date="2019-12-18" outcome="adopted" as="A/74/PV.51" by="" />
      </workflow>
      <analysis source="#un">
        <parliamentary>
          <voting outcome="adoptedWithoutVote">
            <quorum value=""></quorum>
          </voting>
        </parliamentary>
      </analysis>
      <references source="#DGACM">
        <TLCOrganization eId="source" href="/akn/ontology/organization/un/DGACM" showAs="DGACM"></TLCOrganization>
        <TLCConcept eId="dateOfIssuance" href="/akn/ontology/concept/un/dateOfIssuance" showAs="Date of issuance"></TLCConcept>
        <TLCConcept eId="dateOfAdoption" href="/akn/ontology/concept/un/dateOfAdoption" showAs="Date of adoption"></TLCConcept>
        <TLCConcept eId="symbol" href="/akn/ontology/reference/un/symbol" showAs="Symbol"></TLCConcept>
        <TLCRole eId="publisher" href="/akn/ontology/role/un/publisher" showAs="Publisher"></TLCRole>
        <TLCRole eId="issuingBody" href="/akn/role/concept/un/issuingBody" showAs="Issuing body"></TLCRole>
        <TLCRole eId="author" href="/akn/ontology/role/un/author" showAs="Author"></TLCRole>
        <TLCRole eId="editor" href="/akn/ontology/role/un/editor" showAs="Editor"></TLCRole>
        <TLCRole eId="distribution" href="/akn/ontology/concept/un/generalDistribution" showAs="General distribution"></TLCRole>
        <TLCOrganization eId="ga" href="/akn/ontology/organization/un/generalAssembly" showAs="General Assembly"></TLCOrganization>
        <TLCTerm eId="resolutionTitle" href="/akn/ontology/reference/un/resolutionTitle" showAs="Resolution title"></TLCTerm>
        <TLCTerm eId="sixthCommittee" href="#sixthCommittee" showAs="第六委员会"></TLCTerm>
        <TLCTerm eId="memberState" href="/akn/ontology/organization/un/memberState" showAs="Member State"></TLCTerm>
        <TLCTerm eId="inFavour" href="/akn/ontology/concept/un/voting/inFavour" showAs="In favour"></TLCTerm>
        <TLCTerm eId="against" href="/akn/ontology/concept/un/voting/against" showAs="Against"></TLCTerm>
        <TLCTerm eId="abstaining" href="/akn/ontology/concept/un/voting/abstaining" showAs="Abstaining"></TLCTerm>
      </references>
      <presentation source="#un">
        <akn4un:footerFirstPage>
          <akn4un:footerFirstPageLeft>
            <akn4un:internalCode>
              <docketNumber refersTo="#publicationJobNumber">19-22400 (C)</docketNumber>
              <img alt="bar code" class="barCode" src=""></img>
            </akn4un:internalCode>
          </akn4un:footerFirstPageLeft>
          <akn4un:footerFirstPageRight>
            <img alt="Please recycle" class="image" src="./recylcleLogo.jpg"></img>
            <img alt="embedded QR code" class="qrCode" src=""></img>
          </akn4un:footerFirstPageRight>
        </akn4un:footerFirstPage>
      </presentation>
    </meta>
    <coverPage eId="coverPage_1">
      <p>
        <span refersTo="#publisher" class="upperLeft">
          <docAuthority refersTo="#publisher">联合国</docAuthority>
        </span>
      </p>
      <p class="upperRight">
        <docNumber refersTo="#symbol">A/RES/74/192</docNumber>
      </p>
      <p class="upperLeft">
        <img src="logo-un.jpg"></img>
        <docAuthority refersTo="#issuingBody" class="rightBig">大会</docAuthority>
      </p>
      <p>
        <docStatus refersTo="#generalDistribution" class="rightSmall">Distr.: General</docStatus>
      </p>
      <p>
        <docDate date="2019-12-30" class="rightSmall" refersTo="#dateOfIssuance">30 December 2019</docDate>
      </p>
      <p>
        <session refersTo="#generalAssembly" value="74" eId="coverPage_1__session_1">第七十四届会议</session>
      </p>
      <p>
        <inline name="agenda item">议程项目84</inline>
      </p>
      <p>
        <inline name="agenda item name">普遍管辖权原则的范围和适用</inline>
      </p>
      <p>
        <docTitle>2019年12月18日大会决议</docTitle>
      </p>
      <p xml:space="preserve">
        <docProponent refersTo="#sixthCommittee">[根据第六委员会的报告 (<inline name="originating document">A/74/430</inline>)]</docProponent>
      </p>
    </coverPage>
    <preface>
      <p>
        <docNumber>74/192.</docNumber>
        <docTitle refersTo="#resolutionTitle">普遍管辖权原则的范围和适用</docTitle>
      </p>
    </preface>
    <preamble>
      <formula name="enactingFormula" eId="formula_1">
        <p xml:space="preserve">
          <span class="bold">大会</span>，</p>
      </formula>
      <container name="重申决心" eId="container_2">
        <p xml:space="preserve">
          <span class="bold">重申决心</span>维护《联合国宪章》宗旨和原则、国际法和以法治为基础的国际秩序，这对于国家间和平共处与合作至关重要，</p>
      </container>
      <container name="回顾" eId="container_3">
        <p xml:space="preserve">
          <span class="bold">回顾</span>其2009年12月16日第<a href="https://undocs.org/ch/A/RES/64/117">64/117</a>号、2010年12月6日第<a href="https://undocs.org/ch/A/RES/65/33">65/33</a>号、2011年12月9日第<a href="https://undocs.org/ch/A/RES/66/103">66/103</a>号、2012年12月14日第<a href="https://undocs.org/ch/A/RES/67/98">67/98</a>号、2013年12月16日第<a href="https://undocs.org/ch/A/RES/68/117">68/117</a>号、2014年12月10日第<a href="https://undocs.org/ch/A/RES/69/124">69/124</a>号、2015年12月14日第<a href="https://undocs.org/ch/A/RES/70/119">70/119</a>号、2016年12月13日第<a href="https://undocs.org/ch/A/RES/71/149">71/149</a>号、2017年12月7日第<a href="https://undocs.org/ch/A/RES/72/120">72/120</a>号和2018年12月20日第<a href="https://undocs.org/ch/A/RES/73/208">73/208</a>号决议，</p>
      </container>
      <container name="考虑到" eId="container_4">
        <p xml:space="preserve">
          <span class="bold">考虑到</span>各国政府和观察员关于普遍管辖权的范围和适用问题的评论和意见以及大会第六十四至七十四届会议期间第六委员会关于此问题的讨论，<authorialNote marker="1" placement="bottom" eId="authorialNote_1"><p xml:space="preserve">		见<a href="https://undocs.org/ch/A/C.6/64/SR.12">A/C.6/64/SR.12</a>、<a href="https://undocs.org/ch/A/C.6/64/SR.13">A/C.6/64/SR.13</a>、<a href="https://undocs.org/ch/A/C.6/64/SR.25">A/C.6/64/SR.25</a>、<a href="https://undocs.org/ch/A/C.6/64/SR.1">A/C.6/64/SR.1</a>-28/Corrigendum、<a href="https://undocs.org/ch/A/C.6/65/SR.10">A/C.6/65/SR.10</a>、<a href="https://undocs.org/ch/A/C.6/65/SR.11">A/C.6/65/SR.11</a>、<a href="https://undocs.org/ch/A/C.6/65/SR.12">A/C.6/65/SR.12</a>、<a href="https://undocs.org/ch/A/C.6/65/SR.27">A/C.6/65/SR.27</a>、<a href="https://undocs.org/ch/A/C.6/65/SR.28">A/C.6/65/SR.28</a>、<a href="https://undocs.org/ch/A/C.6/66/SR.12">A/C.6/66/SR.12</a>、<a href="https://undocs.org/ch/A/C.6/66/SR.13">A/C.6/66/SR.13</a>、<a href="https://undocs.org/ch/A/C.6/66/SR.17">A/C.6/66/SR.17</a>、<a href="https://undocs.org/ch/A/C.6/66/SR.29">A/C.6/66/SR.29</a>、<a href="https://undocs.org/ch/A/C.6/67/SR.12">A/C.6/67/SR.12</a>、<a href="https://undocs.org/ch/A/C.6/67/SR.13">A/C.6/67/SR.13</a>、<a href="https://undocs.org/ch/A/C.6/67/SR.24">A/C.6/67/SR.24</a>、<a href="https://undocs.org/ch/A/C.6/67/SR.25">A/C.6/67/SR.25</a>、<a href="https://undocs.org/ch/A/C.6/68/SR.12">A/C.6/68/SR.12</a>、<a href="https://undocs.org/ch/A/C.6/68/SR.13">A/C.6/68/SR.13</a>、<a href="https://undocs.org/ch/A/C.6/68/SR.14">A/C.6/68/SR.14</a>、<a href="https://undocs.org/ch/A/C.6/68/SR.23">A/C.6/68/SR.23</a>、<a href="https://undocs.org/ch/A/C.6/69/SR.11">A/C.6/69/SR.11</a>、<a href="https://undocs.org/ch/A/C.6/69/SR.12">A/C.6/69/SR.12</a>、<a href="https://undocs.org/ch/A/C.6/69/SR.28">A/C.6/69/SR.28</a>、<a href="https://undocs.org/ch/A/C.6/70/SR.12">A/C.6/70/SR.12</a>、<a href="https://undocs.org/ch/A/C.6/70/SR.13">A/C.6/70/SR.13</a>、<a href="https://undocs.org/ch/A/C.6/70/SR.27">A/C.6/70/SR.27</a>、<a href="https://undocs.org/ch/A/C.6/71/SR.13">A/C.6/71/SR.13</a>、<a href="https://undocs.org/ch/A/C.6/71/SR.14">A/C.6/71/SR.14</a>、<a href="https://undocs.org/ch/A/C.6/71/SR.15">A/C.6/71/SR.15</a>、<a href="https://undocs.org/ch/A/C.6/71/SR.31">A/C.6/71/SR.31</a>、<a href="https://undocs.org/ch/A/C.6/72/SR.13">A/C.6/72/SR.13</a>、<a href="https://undocs.org/ch/A/C.6/72/SR.14">A/C.6/72/SR.14</a>、<a href="https://undocs.org/ch/A/C.6/72/SR.28">A/C.6/72/SR.28</a>、<a href="https://undocs.org/ch/A/C.6/73/SR.10">A/C.6/73/SR.10</a>、<a href="https://undocs.org/ch/A/C.6/73/SR.11">A/C.6/73/SR.11</a>、<a href="https://undocs.org/ch/A/C.6/73/SR.12">A/C.6/73/SR.12</a>、<a href="https://undocs.org/ch/A/C.6/73/SR.33">A/C.6/73/SR.33</a>、<a href="https://undocs.org/ch/A/C.6/74/SR.14">A/C.6/74/SR.14</a>、<a href="https://undocs.org/ch/A/C.6/74/SR.15">A/C.6/74/SR.15</a>、<a href="https://undocs.org/ch/A/C.6/74/SR.16">A/C.6/74/SR.16</a>和<a href="https://undocs.org/ch/A/C.6/74/SR.17">A/C.6/74/SR.17</a>。</p></authorialNote></p>
      </container>
      <container name="注意到" eId="container_5">
        <p xml:space="preserve">
          <span class="bold">注意到</span>在第六委员会中，包括在其工作组范围内进行的建设性对话，认识到各国表达了各种不同意见，包括对滥用或错用普遍管辖权原则表示关切，承认若要取得进展，则需要在第六委员会中继续讨论普遍管辖权原则的范围和适用问题，</p>
      </container>
      <container name="重申决心" eId="container_6">
        <p xml:space="preserve">
          <span class="bold">重申决心</span>打击有罪不罚现象，注意到各国表达的意见认为，最好依照国际法负责任地、慎重地适用普遍管辖权，以此确保这种管辖权使用的合法性和公信力，</p>
      </container>
    </preamble>
    <mainBody>
      <paragraph eId="para_7" class="MercuryDocument">
        <num>	1.</num>
        <content eId="para_7__content">
          <p xml:space="preserve">
            <span class="bold">表示赞赏地注意到</span>秘书长以各国政府和相关观察员的评论和意见为基础编写的报告；<authorialNote marker="2" placement="bottom" eId="authorialNote_2"><p xml:space="preserve"><a href="https://undocs.org/ch/A/74/144">A/74/144</a>；另见<a href="https://undocs.org/ch/A/65/181">A/65/181</a>、<a href="https://undocs.org/ch/A/66/93">A/66/93</a>、<a href="https://undocs.org/ch/A/66/93/Add.1">A/66/93/Add.1</a>、<a href="https://undocs.org/ch/A/67/116">A/67/116</a>、<a href="https://undocs.org/ch/A/68/113">A/68/113</a>、<a href="https://undocs.org/ch/A/69/174">A/69/174</a>、<a href="https://undocs.org/ch/A/70/125">A/70/125</a>、<a href="https://undocs.org/ch/A/71/111">A/71/111</a>、<a href="https://undocs.org/ch/A/72/112">A/72/112</a>、<a href="https://undocs.org/ch/A/73/123">A/73/123</a>和<a href="https://undocs.org/ch/A/73/123/Add.1">A/73/123/Add.1</a>。</p></authorialNote></p>
        </content>
      </paragraph>
      <paragraph eId="para_8" class="MercuryDocument">
        <num>	2.</num>
        <content eId="para_8__content">
          <p xml:space="preserve">
            <span class="bold">决定</span>第六委员会应继续审议普遍管辖权的范围和适用问题，但不妨碍联合国其他论坛对该专题和相关议题的审议，并为此决定在第七十五届会议上设立一个第六委员会工作组，继续全面讨论普遍管辖权的范围和适用问题；</p>
        </content>
      </paragraph>
      <paragraph eId="para_9" class="MercuryDocument">
        <num>	3.</num>
        <content eId="para_9__content">
          <p xml:space="preserve">
            <span class="bold">邀请</span>会员国，酌情也邀请相关大会观察员，在2020年4月24日前提交关于普遍管辖权的范围和适用问题的资料和意见，酌情包括适用的有关国际条约、本国法律规则和司法实践的资料，并请秘书长以这些资料和意见为基础编写一份报告，提交大会第七十五届会议；</p>
        </content>
      </paragraph>
      <paragraph eId="para_10" class="MercuryDocument">
        <num>	4.</num>
        <content eId="para_10__content">
          <p xml:space="preserve">
            <span class="bold">决定</span>工作组应对所有会员国开放，并邀请大会相关观察员参加工作组的工作；</p>
        </content>
      </paragraph>
      <paragraph eId="para_11" class="MercuryDocument">
        <num>	5.</num>
        <content eId="para_11__content">
          <p xml:space="preserve">
            <span class="bold">又决定</span>将题为“普遍管辖权原则的范围和适用”的项目列入其第七十五届会议临时议程。</p>
        </content>
      </paragraph>
    </mainBody>
    <conclusions eId="conclusions">
      <p>
        <inline name="adoptionMeeting" title="第51次">第51次全体会议</inline>
        <eol />
        <docDate date="2019-12-18" refersTo="#adoptionDate">2019年12月18日</docDate>
      </p>
    </conclusions>
  </statement>
</akomaNtoso>