<akomaNtoso xmlns:xsi="http://www.w3.org/2001/XMLSchema-instance" xsi:schemaLocation="http://docs.oasis-open.org/legaldocml/ns/akn/3.0 http://docs.oasis-open.org/legaldocml/akn-core/v1.0/os/part2-specs/schemas/akomantoso30.xsd" xmlns="http://docs.oasis-open.org/legaldocml/ns/akn/3.0" xmlns:html="http://www.w3.org/1999/xhtml" xmlns:akn4un="http://un.org/akn4un">
  <statement name="resolution">
    <meta>
      <identification source="#DGACM">
        <FRBRWork>
          <FRBRthis value="/akn/un/statement/deliberation/unga/2019-12-18/74-131/!main/"></FRBRthis>
          <FRBRuri value="/akn/un/statement/deliberation/unga/2019-12-18/74-131/"></FRBRuri>
          <FRBRdate date="2019-12-18" name="adoption"></FRBRdate>
          <FRBRauthor href="ga" as="author"></FRBRauthor>
          <FRBRcountry value="un"></FRBRcountry>
        </FRBRWork>
        <FRBRExpression>
          <FRBRthis value="/akn/un/statement/deliberation/unga/2019-12-18/74-131/zho@!main/"></FRBRthis>
          <FRBRuri value="/akn/un/statement/deliberation/unga/2019-12-18/74-131/zho@/"></FRBRuri>
          <FRBRdate date="2020-01-16" name="publication"></FRBRdate>
          <FRBRauthor href="ga" as="issuer"></FRBRauthor>
          <FRBRlanguage language="zho"></FRBRlanguage>
        </FRBRExpression>
        <FRBRManifestation>
          <FRBRthis value="/akn/un/statement/deliberation/unga/2019-12-18/74-131/zho@/!main.xml"></FRBRthis>
          <FRBRuri value="/akn/un/statement/deliberation/unga/2019-12-18/74-131/zho@.xml"></FRBRuri>
          <FRBRdate date="2020-08-30" name="markup"></FRBRdate>
          <FRBRauthor href="DGACM" as="editor"></FRBRauthor>
        </FRBRManifestation>
      </identification>
      <classification source="http://metadata.un.org/sdg">
        <keyword value="4" href="http://metadata.un.org/sdg/4" showAs="sdg_4" dictionary="SDGO"></keyword>
        <keyword value="education" href="http://eurovoc.europa.eu/668" showAs="education" dictionary="EuroVoc"></keyword>
        <keyword value="right_to_education" href="http://eurovoc.europa.eu/512" showAs="right_to_education" dictionary="EuroVoc"></keyword>
        <keyword value="education" href="http://metadata.un.org/thesaurus/1001893" showAs="education" dictionary="UNBIS Thesaurus"></keyword>
      </classification>
      <classification source="http://metadata.un.org/sdg">
        <keyword value="16" href="http://metadata.un.org/sdg/16" showAs="sdg_16" dictionary="SDGO"></keyword>
        <keyword value="right_to_justice" href="http://eurovoc.europa.eu/516" showAs="right_to_justice" dictionary="EuroVoc"></keyword>
        <keyword value="sustainable_development" href="http://eurovoc.europa.eu/5585" showAs="sustainable_development" dictionary="EuroVoc"></keyword>
        <keyword value="civil_society" href="http://metadata.un.org/thesaurus/1001012" showAs="civil_society" dictionary="UNBIS Thesaurus"></keyword>
        <keyword value="justice" href="http://metadata.un.org/thesaurus/1003500" showAs="justice" dictionary="UNBIS Thesaurus"></keyword>
        <keyword value="peaceful_coexistence" href="http://metadata.un.org/thesaurus/1004777" showAs="peaceful_coexistence" dictionary="UNBIS Thesaurus"></keyword>
        <keyword value="public_institutions" href="http://metadata.un.org/thesaurus/1005254" showAs="public_institutions" dictionary="UNBIS Thesaurus"></keyword>
        <keyword value="social_justice" href="http://metadata.un.org/thesaurus/1005970" showAs="social_justice" dictionary="UNBIS Thesaurus"></keyword>
        <keyword value="sustainable_development" href="http://metadata.un.org/thesaurus/1006319" showAs="sustainable_development" dictionary="UNBIS Thesaurus"></keyword>
      </classification>
      <classification source="http://metadata.un.org/sdg">
        <keyword value="17" href="http://metadata.un.org/sdg/17" showAs="sdg_17" dictionary="SDGO"></keyword>
        <keyword value="sustainable_development" href="http://eurovoc.europa.eu/5585" showAs="sustainable_development" dictionary="EuroVoc"></keyword>
        <keyword value="partnership" href="http://eurovoc.europa.eu/4199" showAs="partnership" dictionary="EuroVoc"></keyword>
        <keyword value="sustainable_development" href="http://metadata.un.org/thesaurus/1006319" showAs="sustainable_development" dictionary="UNBIS Thesaurus"></keyword>
        <keyword value="partnership" href="http://metadata.un.org/thesaurus/1004748" showAs="partnership" dictionary="UNBIS Thesaurus"></keyword>
      </classification>
      <workflow source="#un">
        <step date="2019-11-12" outcome="draftResolution" as="A/C.3/74/L.50/Rev.1" by="Kenya (on behalf of the States Members of the United Nations that are members of the Group of African States)" />
        <step date="0001-01-01" outcome="draftResolutionAdditionalSponsors" by="Canada, Finland, Georgia, Germany, Greece, Indonesia, Ireland, Italy, Japan, Malta, Norway, Palau, Portugal, Spain, United States and Venezuela (Bolivarian Republic of)" />
        <step date="0001-01-01" outcome="recommendedForAdoption" as="A/74/393" by="" refersTo="19" />
        <step date="2019-12-18" outcome="adopted" as="A/74/PV.50" by="" />
      </workflow>
      <analysis source="#un">
        <parliamentary>
          <voting outcome="adoptedWithoutVote">
            <quorum value=""></quorum>
          </voting>
        </parliamentary>
      </analysis>
      <references source="#DGACM">
        <TLCOrganization eId="source" href="/akn/ontology/organization/un/DGACM" showAs="DGACM"></TLCOrganization>
        <TLCConcept eId="dateOfIssuance" href="/akn/ontology/concept/un/dateOfIssuance" showAs="Date of issuance"></TLCConcept>
        <TLCConcept eId="dateOfAdoption" href="/akn/ontology/concept/un/dateOfAdoption" showAs="Date of adoption"></TLCConcept>
        <TLCConcept eId="symbol" href="/akn/ontology/reference/un/symbol" showAs="Symbol"></TLCConcept>
        <TLCRole eId="publisher" href="/akn/ontology/role/un/publisher" showAs="Publisher"></TLCRole>
        <TLCRole eId="issuingBody" href="/akn/role/concept/un/issuingBody" showAs="Issuing body"></TLCRole>
        <TLCRole eId="author" href="/akn/ontology/role/un/author" showAs="Author"></TLCRole>
        <TLCRole eId="editor" href="/akn/ontology/role/un/editor" showAs="Editor"></TLCRole>
        <TLCRole eId="distribution" href="/akn/ontology/concept/un/generalDistribution" showAs="General distribution"></TLCRole>
        <TLCOrganization eId="ga" href="/akn/ontology/organization/un/generalAssembly" showAs="General Assembly"></TLCOrganization>
        <TLCTerm eId="resolutionTitle" href="/akn/ontology/reference/un/resolutionTitle" showAs="Resolution title"></TLCTerm>
        <TLCTerm eId="thirdCommittee" href="#thirdCommittee" showAs="第三委员会"></TLCTerm>
        <TLCTerm eId="memberState" href="/akn/ontology/organization/un/memberState" showAs="Member State"></TLCTerm>
        <TLCTerm eId="inFavour" href="/akn/ontology/concept/un/voting/inFavour" showAs="In favour"></TLCTerm>
        <TLCTerm eId="against" href="/akn/ontology/concept/un/voting/against" showAs="Against"></TLCTerm>
        <TLCTerm eId="abstaining" href="/akn/ontology/concept/un/voting/abstaining" showAs="Abstaining"></TLCTerm>
      </references>
      <presentation source="#un">
        <akn4un:footerFirstPage>
          <akn4un:footerFirstPageLeft>
            <akn4un:internalCode>
              <docketNumber refersTo="#publicationJobNumber">19-22226 (C)</docketNumber>
              <img alt="bar code" class="barCode" src=""></img>
            </akn4un:internalCode>
          </akn4un:footerFirstPageLeft>
          <akn4un:footerFirstPageRight>
            <img alt="Please recycle" class="image" src="./recylcleLogo.jpg"></img>
            <img alt="embedded QR code" class="qrCode" src=""></img>
          </akn4un:footerFirstPageRight>
        </akn4un:footerFirstPage>
      </presentation>
    </meta>
    <coverPage eId="coverPage_1">
      <p>
        <span refersTo="#publisher" class="upperLeft">
          <docAuthority refersTo="#publisher">联合国</docAuthority>
        </span>
      </p>
      <p class="upperRight">
        <docNumber refersTo="#symbol">A/RES/74/131</docNumber>
      </p>
      <p class="upperLeft">
        <img src="logo-un.jpg"></img>
        <docAuthority refersTo="#issuingBody" class="rightBig">大会</docAuthority>
      </p>
      <p>
        <docStatus refersTo="#generalDistribution" class="rightSmall">Distr.: General</docStatus>
      </p>
      <p>
        <docDate date="2020-01-16" class="rightSmall" refersTo="#dateOfIssuance">16 January 2020</docDate>
      </p>
      <p>
        <session refersTo="#generalAssembly" value="74" eId="coverPage_1__session_1">第七十四届会议</session>
      </p>
      <p>
        <inline name="agenda item">议程项目61</inline>
      </p>
      <p>
        <inline name="agenda item name">联合国难民事务高级专员的报告：与难民、回返者和流离失所者有关的问题以及人道主义问题</inline>
      </p>
      <p>
        <docTitle>2019年12月18日大会决议</docTitle>
      </p>
      <p xml:space="preserve">
        <docProponent refersTo="#thirdCommittee">[根据第三委员会的报告 (<inline name="originating document">A/74/393</inline>)]</docProponent>
      </p>
    </coverPage>
    <preface>
      <p>
        <docNumber>74/131.</docNumber>
        <docTitle refersTo="#resolutionTitle">向非洲境内难民、回返者和流离失所者提供援助</docTitle>
      </p>
    </preface>
    <preamble>
      <formula name="enactingFormula" eId="formula_1">
        <p xml:space="preserve">
          <span class="bold">大会</span>，</p>
      </formula>
      <container name="回顾" eId="container_2">
        <p xml:space="preserve">
          <span class="bold">	回顾</span>《1969年非洲统一组织关于非洲难民问题某些特定方面的公约》<authorialNote marker="1" placement="bottom" eId="authorialNote_1"><p xml:space="preserve">		联合国，《条约汇编》，第1001卷，第14691号。</p></authorialNote> 以及《非洲人权和人民权利宪章》，<authorialNote marker="2" placement="bottom" eId="authorialNote_2"><p xml:space="preserve">		同上，第1520卷，第26363号。</p></authorialNote></p>
      </container>
      <container name="重申" eId="container_3">
        <p xml:space="preserve">
          <span class="bold">重申</span>1951年《关于难民地位的公约》<authorialNote marker="3" placement="bottom" eId="authorialNote_3"><p xml:space="preserve">		同上，第189卷，第2545号。</p></authorialNote> 及其1967年《议定书》<authorialNote marker="4" placement="bottom" eId="authorialNote_4"><p xml:space="preserve">		同上，第606卷，第8791号。</p></authorialNote> 经《1969年非洲统一组织公约》补充，仍然是非洲境内难民国际保护制度的基础，</p>
      </container>
      <container name="欢迎" eId="container_4">
        <p xml:space="preserve">
          <span class="bold">欢迎</span>《非洲联盟保护和援助非洲境内流离失所者公约》于2012年12月6日生效并不断获得批准，这是朝着加强国家和区域保护和援助境内流离失所者规范框架迈出的重要一步，</p>
      </container>
      <container name="又欢迎" eId="container_5">
        <p xml:space="preserve">
          <span class="bold">又欢迎</span>非洲联盟决定宣布2019年为“非洲难民、回返者和境内流离失所者：争取持久解决非洲境内被迫流离失所问题年”，</p>
      </container>
      <container name="认识到" eId="container_6">
        <p xml:space="preserve">
          <span class="bold">认识到</span>难民和流离失所者中的妇女儿童、老年人和残疾人特别脆弱，包括容易受到歧视、性剥削和性虐待、人身虐待、暴力侵害和剥削，而且可能因武装冲突当事方违反适用国际法招募和使用儿童而受害，在这方面，确认必须预防、应对和处理性暴力和性别暴力行为以及针对难民、回返者和流离失所儿童实施的侵害和虐待行为，</p>
      </container>
      <container name="严重关切" eId="container_7">
        <p xml:space="preserve">
          <span class="bold">严重关切</span>非洲大陆不同地区难民和流离失所者人数持续不断增多，</p>
      </container>
      <container name="肯定" eId="container_8">
        <p xml:space="preserve">
          <span class="bold">肯定</span>会员国、联合国难民事务高级专员和其他利益攸关方在改善难民及其收容社区境况方面的努力，</p>
      </container>
      <container name="表示严重关切" eId="container_9">
          <p xml:space="preserve">
            <span class="bold">表示严重关切</span>属于供资最为不足机构之列的联合国难民事务高级专员公署和世界粮食计划署在应对非洲不同地区各种难民局势方面存在预算供资缺口，而这是导致非洲许多难民营生活条件恶化的一个主要因素，</p>
      </container>
      <container name="强调" eId="container_10">
        <p xml:space="preserve">
          <span class="bold">强调</span>需要制定综合办法解决大规模人口流动问题，在其中考虑到流离失所的根本原因，</p>
      </container>
      <container name="认识到" eId="container_11">
        <p xml:space="preserve">
          <span class="bold">认识到</span>难民和境内流离失所者特别是妇女儿童感染艾滋病毒和艾滋病、疟疾及其他疾病的风险增大，</p>
      </container>
      <container name="回顾" eId="container_12">
        <p xml:space="preserve">
          <span class="bold">回顾</span>2014年9月29日至10月3日在日内瓦举行的联合国难民事务高级专员方案执行委员会第六十五届全体会议主题为“加强面向非洲难民的国际合作、团结、地方能力和人道主义行动”的高级别部分，以及2014年9月30日执行委员会成员国通过的声明，<authorialNote marker="5" placement="bottom" eId="authorialNote_5"><p xml:space="preserve">		《大会正式记录，第六十九届会议，补编第12A号》(<a href="https://undocs.org/ch/A/69/12/Add.1">A/69/12/Add.1</a>)，附件一。</p></authorialNote> 表示深为关切这一特别活动未能调动各方为难民及收容国和收容社区提供必要支持，</p>
      </container>
      <container name="欢迎" eId="container_13">
        <p xml:space="preserve">
          <span class="bold">欢迎</span>在执行《关于索马里难民持久解决办法和回返者重新融入索马里的内罗毕宣言》方面取得进展，欢迎提出了联合国难民事务高级专员非洲之角问题特使人选，并欢迎于2017年12月通过《吉布提难民教育宣言》，于2019年3月28日通过《关于政府间发展组织区域难民、回返者和收容社区就业、生计与自力更生的坎帕拉宣言》，还欢迎会员国重申有关《内罗毕宣言和行动计划》的第二次部际审查会议公报所述推动对难民实行包容性政策的承诺，</p>
      </container>
      <container name="回顾" eId="container_14">
        <p xml:space="preserve">
          <span class="bold">回顾</span>2006年大湖区问题国际会议通过的《大湖区安全、稳定和发展公约》及其附属文书，特别是两项关于保护流离失所者的公约议定书，即《保护和援助境内流离失所者议定书》和《回返者财产权议定书》，</p>
      </container>
      <container name="赞赏地肯定" eId="container_15">
        <p xml:space="preserve">
          <span class="bold">赞赏地肯定</span>非洲国家包括收容社区展现慷慨、热忱和团结精神，在资源有限的情况下继续收容因人道主义危机和旷日持久的难民局势而产生的大量难民，在这方面，表示特别赞赏相邻国家在非洲大陆近期人道主义危机期间作出承诺和努力，</p>
      </container>
      <container name="欢迎" eId="container_16">
        <p xml:space="preserve">
          <span class="bold">	欢迎</span>非洲国家努力协助难民自愿遣返、就地安置、重新定居和重新安置，促进为难民自愿返回原籍国并在那里可持续融入社会创造有利条件，赞赏地肯定联合国对人道主义援助的协调以及各捐助方、联合国系统包括高级专员公署、各区域组织、国际机构、非政府组织和其他伙伴所作持续努力，</p>
      </container>
      <container name="又欢迎" eId="container_17">
        <p xml:space="preserve">
          <span class="bold">又欢迎</span>为持久解决紧急情况中的难民困境所作持续努力，回顾这些解决办法包括：自愿回返以及在适当可行的情况下就地安置和第三国重新安置，同时重申自愿回返，必要时辅之以重新安置和旨在促进可持续融入社会的发展援助，仍是最可取的办法，</p>
      </container>
      <container name="认识到" eId="container_18">
        <p xml:space="preserve">
          <span class="bold">认识到</span>收容国对保护和援助本国境内的难民负有首要责任，又认识到需要加倍努力与国际社会妥善合作制定和实施全面、持久的解决战略，以及在分担负担和责任方面制定和实施战略，同时肯定各国在这方面作出努力，</p>
      </container>
      <container name="强调" eId="container_19">
        <p xml:space="preserve">
          <span class="bold">强调</span>各国负有在本国管辖范围内向境内流离失所者提供保护和援助并与国际社会妥善合作消除流离失所问题根源的首要责任，</p>
      </container>
      <container name="表示关切" eId="container_20">
        <p xml:space="preserve">
          <span class="bold">表示关切</span>重新安置机会持续减少，并确认需要扩大重新安置机会，</p>
      </container>
      <container name="认识到" eId="container_21">
        <p xml:space="preserve">
          <span class="bold">认识到</span>需要鼓励为便利和协助自愿回返和就地安置做出更大努力，</p>
      </container>
      <container name="欢迎" eId="container_22">
        <p xml:space="preserve">
          <span class="bold">欢迎</span>各国在2011年为纪念《1951年关于难民地位的公约》六十周年和《1961年减少无国籍状态公约》<authorialNote marker="6" placement="bottom" eId="authorialNote_6"><p xml:space="preserve">		联合国，《条约汇编》，第989卷，第14458号。</p></authorialNote> 五十周年而举行的政府间部长级会议上所作承诺不断得到落实，</p>
      </container>
      <container name="肯定" eId="container_23">
        <p xml:space="preserve">
          <span class="bold">肯定</span>自#IBelong运动发起以来各国和区域组为消除无国籍现象和为无国籍人提供保护所作的努力，并肯定在2019年10月由高级专员公署召集的无国籍问题高级别会议上所作的承诺以及同月举行的第五次非洲负责民事登记部长会议的成果，</p>
      </container>
      <container name="重申" eId="container_24">
        <p xml:space="preserve">
          <span class="bold">重申</span>其关于《第三次发展筹资问题国际会议亚的斯亚贝巴行动议程》的2015年7月27日第<a href="https://undocs.org/ch/A/RES/69/313">69/313</a>号决议，该议程是《2030年可持续发展议程》<authorialNote marker="7" placement="bottom" eId="authorialNote_7"><p xml:space="preserve">		第<a href="https://undocs.org/ch/A/RES/70/1">70/1</a>号决议。</p></authorialNote> 的有机组成部分，支持和补充2030年议程，有助于把作为执行手段的具体目标与具体政策和行动结合起来，重申坚定的政治承诺，即本着全球伙伴关系和团结精神应对筹资挑战，在各级为可持续发展创造有利环境，</p>
      </container>
      <container name="表示注意到" eId="container_25">
        <p xml:space="preserve">
          <span class="bold">表示注意到</span>2016年5月23日和24日在土耳其伊斯坦布尔举行的世界人道主义峰会，同时认识到这次会议没有产生政府间商定成果，并欢迎非洲联盟通过的非洲国家元首和政府首脑在世界人道主义峰会上就“一个非洲、一个声音、一个信息”的主题作出的承诺，</p>
      </container>
    </preamble>
    <mainBody>
      <paragraph eId="para_26" class="MercuryDocument">
        <num>	1.</num>
        <content eId="para_26__content">
          <p xml:space="preserve">
            <span class="bold">表示注意到</span>秘书长的报告<authorialNote marker="8" placement="bottom" eId="authorialNote_8"><p xml:space="preserve"><a href="https://undocs.org/ch/A/74/322">A/74/322</a>。</p></authorialNote> 和联合国难民事务高级专员的报告；<authorialNote marker="9" placement="bottom" eId="authorialNote_9"><p xml:space="preserve">		《大会正式记录，第七十四届会议，补编第12号》(<a href="https://undocs.org/ch/A/74/12">A/74/12</a>)。</p></authorialNote></p>
        </content>
      </paragraph>
      <paragraph eId="para_27" class="MercuryDocument">
        <num>	2.</num>
        <content eId="para_27__content">
          <p xml:space="preserve">
            <span class="bold">促请</span>尚未签署或批准《非洲联盟保护和援助非洲境内流离失所者公约》的非洲国家考虑尽早签署或批准该公约，确保它得到更广泛执行；</p>
        </content>
      </paragraph>
      <paragraph eId="para_28" class="MercuryDocument">
        <num>	3.</num>
        <content eId="para_28__content">
          <p xml:space="preserve">
            <span class="bold">注意到</span>非洲国家需要在国际社会的支持与合作下，坚决消除非洲境内一切形式被迫流离失所的根源，还需要促进整个非洲大陆的和平、稳定与繁荣；</p>
        </content>
      </paragraph>
      <paragraph eId="para_29" class="MercuryDocument">
        <num>	4.</num>
        <content eId="para_29__content">
          <p xml:space="preserve">
            <span class="bold">回顾</span>高级专员2018年度报告第二部分<authorialNote marker="10" placement="bottom" eId="authorialNote_10"><p xml:space="preserve">		见<a href="https://undocs.org/ch/A/73/12 (part II)">A/73/12 (part II)</a>。</p></authorialNote> 所列并于2018年12月17日得到申明<authorialNote marker="11" placement="bottom" eId="authorialNote_11"><p xml:space="preserve">		见第<a href="https://undocs.org/ch/A/RES/73/151">73/151</a>号决议。</p></authorialNote> 的难民问题全球契约，促请整个国际社会包括各国和其他相关利益攸关方执行该契约，以便根据分担负担和责任原则及难民问题全球契约的指导原则和第4段，通过在2019年12月第一次全球难民论坛等场合采取具体行动、进行认捐和捐款，平等实现契约的四项目标，并请高级专员定期报告进展情况； </p>
        </content>
      </paragraph>
      <paragraph eId="para_30" class="MercuryDocument">
        <num>	5.</num>
        <content eId="para_30__content">
          <p xml:space="preserve">
            <span class="bold">欢迎</span>在非洲联盟2019年主题“难民、回返者和境内流离失所者：争取持久解决非洲境内被迫流离失所问题年”下组织举办的六次非洲大陆协商会议的重要成果，它们涉及全球责任分担、议员在防止和解决被迫流离失所、无国籍状态、难民和移民混合流动方面的作用，以及批准和执行1969年《非洲统一组织关于非洲难民问题某些特定方面的公约》<sup>1</sup>和2009年《非洲联盟保护和援助非洲境内流离失所者公约》(《坎帕拉公约》)；</p>
        </content>
      </paragraph>
      <paragraph eId="para_31" class="MercuryDocument">
        <num>	6.</num>
        <content eId="para_31__content">
          <p xml:space="preserve">
            <span class="bold">重申</span>政府间发展组织国家元首和政府首脑发挥核心作用，促成喀土穆谈判取得成功，以及南苏丹政府与反对派运动2018年9月12日在亚的斯亚贝巴举行的第三十三届特别峰会期间最终签署最后重唤活力的关于解决南苏丹冲突的协议，并鼓励为充分执行该协议而持续作出努力，以实现可持续的持久和平；</p>
        </content>
      </paragraph>
      <paragraph eId="para_32" class="MercuryDocument">
        <num>	7.</num>
        <content eId="para_32__content">
          <p xml:space="preserve">
            <span class="bold">赞扬</span>该区域各国政府为化解区域内冲突作出持续努力和承诺，包括当前苏丹在中非共和国和平与和解非洲倡议的伞式框架内，对中非共和国境内冲突各方进行调解；</p>
        </content>
      </paragraph>
      <paragraph eId="para_33" class="MercuryDocument">
        <num>	8.</num>
        <content eId="para_33__content">
          <p xml:space="preserve">
            <span class="bold">欢迎</span>2019年1月在尼日利亚举行的关于乍得湖流域的第二次区域保护对话的成果，欢迎喀麦隆、乍得、尼日尔和尼日利亚政府签署《阿布贾行动声明》，以期加强对难民、境内流离失所者、回返者和收容社区紧急需求的反应；</p>
        </content>
      </paragraph>
      <paragraph eId="para_34" class="MercuryDocument">
        <num>	9.</num>
        <content eId="para_34__content">
          <p xml:space="preserve">
            <span class="bold">又欢迎</span>马里政府于2019年9月11日和12日在巴马科主办的、布基纳法索、乍得、毛里塔尼亚和尼日尔政府官员参加的与萨赫勒被迫流离失所状况有关的保护和解决办法区域对话，并欢迎对话成果，即2019年10月9日在日内瓦通过的巴马科结论和部长宣言；</p>
        </content>
      </paragraph>
      <paragraph eId="para_35" class="MercuryDocument">
        <num>	10.</num>
        <content eId="para_35__content">
          <p xml:space="preserve">
            <span class="bold">深为关切地注意到</span>，尽管联合国、非洲联盟和其他方面迄今作出各种努力，非洲境内难民和流离失所者境况仍岌岌可危，难民和境内流离失所者人数也急剧增多，促请武装冲突国家和其他当事方考虑到武装冲突是造成非洲境内被迫流离失所问题的主要肇因之一，严格遵守国际人道主义法的文字和精神，尊重并确保尊重国际人道主义法；</p>
        </content>
      </paragraph>
      <paragraph eId="para_36" class="MercuryDocument">
        <num>	11.</num>
        <content eId="para_36__content">
          <p xml:space="preserve">
            <span class="bold">欢迎</span>2019年2月10日和11日在亚的斯亚贝巴举行的非洲联盟国家元首和政府首脑会议第三十二届常会通过Assembly/AU/Decl. 8 (XXXII)号决定，宣布非洲联盟2019年的主题为“难民、回返者和国内流离失所者：争取持久解决非洲的被迫流离失所问题年”；</p>
        </content>
      </paragraph>
      <paragraph eId="para_37" class="MercuryDocument">
        <num>	12.</num>
        <content eId="para_37__content">
          <p xml:space="preserve">
            <span class="bold">表示赞赏</span>联合国难民事务高级专员公署所展现的领导能力，并赞扬公署在国际社会支持下不断努力，向收容大量难民的非洲国家提供援助，包括向脆弱的地方收容社区提供支持，以及满足非洲境内难民、回返者和流离失所者的保护和援助需求；</p>
        </content>
      </paragraph>
      <paragraph eId="para_38" class="MercuryDocument">
        <num>	13.</num>
        <content eId="para_38__content">
          <p xml:space="preserve">
            <span class="bold">赞赏地注意到</span>非洲联盟及其常驻代表委员会难民、回返者和境内流离失所者问题小组委员会以及非洲人权和人民权利委员会为确保向非洲境内难民、回返者和流离失所者提供保护和援助而持续采取的举措，特别是非洲人权和人民权利委员会的非洲难民、寻求庇护者、移民和境内流离失所者问题特别报告员为此所发挥的作用；</p>
        </content>
      </paragraph>
      <paragraph eId="para_39" class="MercuryDocument">
        <num>	14.</num>
        <content eId="para_39__content">
          <p xml:space="preserve">
            <span class="bold">着重指出</span>需要对境内流离失所者作出高效率的人道主义反应，在这方面，确认《非洲联盟保护和援助非洲境内流离失所者公约》的重要性；</p>
        </content>
      </paragraph>
      <paragraph eId="para_40" class="MercuryDocument">
        <num>	15.</num>
        <content eId="para_40__content">
          <p xml:space="preserve">
            <span class="bold">确认</span>年龄、性别和多样性主流化趋势大大有助于妇女儿童、老年人和残疾人充分参与，共同查明不同难民面临的保护风险，特别是对妇女儿童、老年人和残疾人的不歧视待遇和保护问题；</p>
        </content>
      </paragraph>
      <paragraph eId="para_41" class="MercuryDocument">
        <num>	16.</num>
        <content eId="para_41__content">
          <p xml:space="preserve">
            <span class="bold">申明</span>儿童因其年龄、社会地位和身心发育状况，往往比成人更容易陷入被迫流离失所境况，确认被迫流离失所、回归冲突后环境、融入新社会、长期流离失所和无国籍状态可能加剧儿童的保护风险，还要考虑到武装冲突中的流离失所儿童特别脆弱，他们被迫承受武装冲突带来的身心伤害、剥削和死亡风险，还可能面临武装冲突当事方违反适用国际法招募和使用儿童所带来的风险，确认更广泛的环境因素和个人风险因素，特别是当两者结合之时，可能会产生不同的保护需求；</p>
        </content>
      </paragraph>
      <paragraph eId="para_42" class="MercuryDocument">
        <num>	17.</num>
        <content eId="para_42__content">
          <p xml:space="preserve">
            <span class="bold">确认</span>只有可持续办法才能持久解决被迫流离失所问题，因此鼓励高级专员公署支持持久解决办法的可持续性，并回顾这些解决办法包括自愿回返以及在适当可行时就地安置和第三国重新安置，同时重申自愿回返，必要时辅之以重新安置和旨在促进可持续融入社会的发展援助，仍是最可取的办法；</p>
        </content>
      </paragraph>
      <paragraph eId="para_43" class="MercuryDocument">
        <num>	18.</num>
        <content eId="para_43__content">
          <p xml:space="preserve">
            <span class="bold">重申</span>联合国难民事务高级专员方案执行委员会2013年9月30日至10月4日在日内瓦举行的第六十四届会议上通过的关于民事登记的结论，<authorialNote marker="12" placement="bottom" eId="authorialNote_12"><p xml:space="preserve">		《大会正式记录，第六十八届会议，补编第12A号》(<a href="https://undocs.org/ch/A/68/12/Add.1">A/68/12/Add.1</a>)，第三章，A节。</p></authorialNote> 并确认及早登记和有效登记制度和普查，作为一个保护工具以及对人道主义援助的提供和分配需求进行量化和评估的手段，对采取适当持久解决办法所具有的重要性；</p>
        </content>
      </paragraph>
      <paragraph eId="para_44" class="MercuryDocument">
        <num>	19.</num>
        <content eId="para_44__content">
          <p xml:space="preserve">
            <span class="bold">又重申</span>高级专员方案执行委员会第五十二届会议通过的关于难民和寻求庇护者登记问题的结论，<authorialNote marker="13" placement="bottom" eId="authorialNote_13"><p xml:space="preserve">		同上，《第五十六届会议，补编第12A号》(<a href="https://undocs.org/ch/A/56/12/Add.1">A/56/12/Add.1</a>)，第三章，B节。</p></authorialNote> 注意到仍无任何身份证明文件的难民和寻求庇护者面临多种形式的骚扰，回顾各国有责任对本国境内难民进行登记，高级专员公署或经授权的国际机构也有适当责任进行登记，在这方面，重申出于保护方面的考虑，及早且有效的登记和发放证件可在加强保护和协助努力寻找持久解决办法方面发挥中心作用，并促请公署酌情帮助无法对本国境内难民进行登记的国家完成这一程序；</p>
        </content>
      </paragraph>
      <paragraph eId="para_45" class="MercuryDocument">
        <num>	20.</num>
        <content eId="para_45__content">
          <p xml:space="preserve">
            <span class="bold">赞赏</span>会员国为落实执行委员会第六十八届会议通过的关于难民和无国籍人机器可读旅行证件问题的结论而持续作出努力；<authorialNote marker="14" placement="bottom" eId="authorialNote_14"><p xml:space="preserve">		同上，《第七十二届会议，补编第12A号》(<a href="https://undocs.org/ch/A/72/12/Add.1">A/72/12/Add.1</a>)，第三章，A节。</p></authorialNote></p>
        </content>
      </paragraph>
      <paragraph eId="para_46" class="MercuryDocument">
        <num>	21.</num>
        <content eId="para_46__content">
          <p xml:space="preserve">
            <span class="bold">促请</span>国际社会，包括各国和高级专员公署以及联合国其他相关组织，根据各自任务授权采取具体行动，满足难民、回返者和流离失所者的保护和援助需求，并为旨在缓解困境、协助持久解决问题以及支持当地脆弱收容社区的项目和方案提供慷慨捐助；</p>
        </content>
      </paragraph>
      <paragraph eId="para_47" class="MercuryDocument">
        <num>	22.</num>
        <content eId="para_47__content">
          <p xml:space="preserve">
            <span class="bold">肯定</span>采用难民问题全面响应框架的非洲国家作出努力，并特别指出国际社会必须确保提供适足的、及时的、可预测的支助；</p>
        </content>
      </paragraph>
      <paragraph eId="para_48" class="MercuryDocument">
        <num>	23.</num>
        <content eId="para_48__content">
          <p xml:space="preserve">
            <span class="bold">重申</span>必须及时充分援助和保护难民、回返者和流离失所者，又重申援助与保护相辅相成，物质援助不足和粮食短缺有损保护工作，指出必须采取以权利为本的社区办法，与难民、回返者和流离失所者个人及其社区进行建设性接触，以便提供公正公平的粮食救济和其他形式的物质援助，并对未达到最低援助标准的情况、包括尚未进行适当需求评估的情况表示关切；</p>
        </content>
      </paragraph>
      <paragraph eId="para_49" class="MercuryDocument">
        <num>	24.</num>
        <content eId="para_49__content">
          <p xml:space="preserve">
            <span class="bold">又重申</span>国际社会所有成员的国际团结可推动各国更加尊重对难民的保护责任，本着所有国家团结起来分担负担和责任的精神致力于国际合作，可使难民保护制度得到加强；</p>
        </content>
      </paragraph>
      <paragraph eId="para_50" class="MercuryDocument">
        <num>	25.</num>
        <content eId="para_50__content">
          <p xml:space="preserve">
            <span class="bold">还重申</span>收容国在确保庇护的平民和人道主义性质方面承担首要责任，促请各国与国际组织合作，在各自任务授权范围内采取一切必要措施，确保尊重难民保护原则，特别是确保难民营的平民和人道主义性质不因武装分子的存在或活动而受到损害，而且没有不符合其平民性质的用途，并鼓励高级专员与各国和其他相关行为体协商，继续努力确保难民营的平民和人道主义性质；</p>
        </content>
      </paragraph>
      <paragraph eId="para_51" class="MercuryDocument">
        <num>	26.</num>
        <content eId="para_51__content">
          <p xml:space="preserve">
            <span class="bold">谴责</span>所有对难民和寻求庇护者人身安全和福祉构成威胁的行为，例如推回、非法驱逐和人身攻击，促请避难国酌情与国际组织合作，采取一切必要措施确保尊重难民保护原则，包括给予寻求庇护者人道待遇的原则，感兴趣地注意到高级专员继续采取步骤鼓励制订措施，以更好地确保庇护的平民和人道主义性质，并鼓励高级专员与各国和其他相关行为体协商，继续开展这些努力；</p>
        </content>
      </paragraph>
      <paragraph eId="para_52" class="MercuryDocument">
        <num>	27.</num>
        <content eId="para_52__content">
          <p xml:space="preserve">
            <span class="bold">痛惜</span>暴力和不安全状况继续存在，对高级专员公署和其他人道主义组织工作人员的安全保障构成持续威胁，并妨碍公署有效履行任务授权，使公署的执行伙伴及其他人道主义人员无法充分履行各自的人道主义职能；敦促各国、冲突各方和所有其他相关行为体采取一切必要措施保护人道主义援助活动，防止本国及国际人道主义工作人员受到攻击和绑架，确保公署人员和财产以及行使公署授权职能的所有人道主义组织的人员和财产获得安全保障，并促请各国充分调查针对人道主义人员实施的任何罪行，将罪行责任人绳之以法；</p>
        </content>
      </paragraph>
      <paragraph eId="para_53" class="MercuryDocument">
        <num>	28.</num>
        <content eId="para_53__content">
          <p xml:space="preserve">
            <span class="bold">促请</span>高级专员公署、非洲联盟、次区域组织和所有非洲国家与联合国系统各机构、政府间及非政府组织和国际社会一道，加强和振兴现有支持难民、寻求庇护者和境内流离失所者保护制度的伙伴关系并建立新的伙伴关系，并鼓励尚未批准和执行《联合国人员和有关人员安全公约》<authorialNote marker="15" placement="bottom" eId="authorialNote_15"><p xml:space="preserve">		联合国，《条约汇编》，第2051卷，第35457号。</p></authorialNote> 的国家考虑批准和执行该公约；</p>
        </content>
      </paragraph>
      <paragraph eId="para_54" class="MercuryDocument">
        <num>	29.</num>
        <content eId="para_54__content">
          <p xml:space="preserve">
            <span class="bold">促请</span>高级专员公署、国际社会、捐助方和其他有关实体通过适当的能力建设活动，继续酌情加大对非洲各国政府，特别是收容大量难民和寻求庇护者的非洲各国政府的支持力度，包括培训相关官员，传播有关难民文书和原则的资料，并提供财政、技术、法律和咨询服务以加速颁布、修订和执行与难民有关的立法，加强应急行动，以及提高协调人道主义活动的能力；</p>
        </content>
      </paragraph>
      <paragraph eId="para_55" class="MercuryDocument">
        <num>	30.</num>
        <content eId="para_55__content">
          <p xml:space="preserve">
            <span class="bold">重申</span>国际法规定的回返权利和自愿回返原则，呼吁原籍国和庇护国创造有利于自愿回返的条件，确认虽然自愿回返一直是预防性解决方法，但在适当可行的情况下就地安置和第三国重新安置，也是处理因原籍国的当前局势而无法回国的非洲难民境况的备选办法；</p>
        </content>
      </paragraph>
      <paragraph eId="para_56" class="MercuryDocument">
        <num>	31.</num>
        <content eId="para_56__content">
          <p xml:space="preserve">
            <span class="bold">又重申</span>自愿回返不必以原籍国实现政治解决为条件，以免妨碍难民行使回返权，确认自愿回返和融入社会进程通常取决于原籍国的局势，尤其确认自愿回返可在安全和有尊严的情况下完成，敦促高级专员通过制订持久和长期解决办法，尤其在旷日持久的难民境况下，促进可持续回返，并鼓励各国和其他相关行为体以划拨经费等方式继续支持这些努力；</p>
        </content>
      </paragraph>
      <paragraph eId="para_57" class="MercuryDocument">
        <num>	32.</num>
        <content eId="para_57__content">
          <p xml:space="preserve">
            <span class="bold">促请</span>国际捐助界酌情与收容国达成一致意见，并本着人道主义目标提供财政和物质援助，用于实施既有益于难民也有益于收容社区的社区发展方案；</p>
        </content>
      </paragraph>
      <paragraph eId="para_58" class="MercuryDocument">
        <num>	33.</num>
        <content eId="para_58__content">
          <p xml:space="preserve">
            <span class="bold">确认</span>各种灾害、包括与气候变化的不利影响有关的灾害在数量和规模上增加，这些灾害在某些情况下可能导致流离失所，给收容社区造成更大压力，鼓励联合国和所有相关行为体加强努力，在灾害发生后满足流离失所者的需求，并为此指出，分享预防和防备这种流离失所的最佳做法十分重要；</p>
        </content>
      </paragraph>
      <paragraph eId="para_59" class="MercuryDocument">
        <num>	34.</num>
        <content eId="para_59__content">
          <p xml:space="preserve">
            <span class="bold">呼吁</span>国际社会本着团结以及分担负担和责任的精神，积极满足非洲难民在第三国重新安置的需求，在这方面，指出必须从战略高度采用重新安置办法，作为根据具体情况全面应对难民境况的一项举措，为此鼓励各国、高级专员公署和其他相关伙伴在适当可行的情况下充分利用重新安置多边谅解框架；</p>
        </content>
      </paragraph>
      <paragraph eId="para_60" class="MercuryDocument">
        <num>	35.</num>
        <content eId="para_60__content">
          <p xml:space="preserve">
            <span class="bold">表示严重关切</span>向非洲难民和境内流离失所者提供的人道主义援助长期供资不足；</p>
        </content>
      </paragraph>
      <paragraph eId="para_61" class="MercuryDocument">
        <num>	36.</num>
        <content eId="para_61__content">
          <p xml:space="preserve">
            <span class="bold">促请</span>国际捐助界酌情提供援助，用于为修复庇护国收容的难民和境内流离失所者造成影响的环境和基础设施提供实物、财政和技术支助，同时关切地注意到这些地区的环境退化；</p>
        </content>
      </paragraph>
      <paragraph eId="para_62" class="MercuryDocument">
        <num>	37.</num>
        <content eId="para_62__content">
          <p xml:space="preserve">
            <span class="bold">敦促</span>国际社会遵照国际团结和分担负担原则，继续慷慨资助高级专员公署和其他相关人道主义组织的难民方案，同时考虑到由于回返可能性等原因，非洲的方案需求大幅增加，应确保非洲得到难民专用资源的公正和公平份额，并确认更多、灵活、可预测和多年期供资的重要性；</p>
        </content>
      </paragraph>
      <paragraph eId="para_63" class="MercuryDocument">
        <num>	38.</num>
        <content eId="para_63__content">
          <p xml:space="preserve">
            <span class="bold">鼓励</span>高级专员公署和有关国家查明旷日持久的难民境况，确定哪些境况可以通过制订具体、多边、全面和切实的办法加以解决，包括在多边框架内改进分担国际负担和责任的办法并实现持久解决，回顾这些解决办法包括自愿回返以及在适当可行的情况下就地安置和在第三国重新安置，同时重申自愿回返，必要时辅之以重新安置和旨在促进可持续融入社会的发展援助，仍是最可取的办法；</p>
        </content>
      </paragraph>
      <paragraph eId="para_64" class="MercuryDocument">
        <num>	39.</num>
        <content eId="para_64__content">
          <p xml:space="preserve">
            <span class="bold">回顾</span>需要思考有效战略，以确保境内流离失所者获得充分保护和援助，并预防和减少这种流离失所，在这方面鼓励秘书长与会员国和联合国系统合作，探索如何更好满足境内流离失所者的长期需要，支持收容社区，并改善数百万境内流离失所者的生活；</p>
        </content>
      </paragraph>
      <paragraph eId="para_65" class="MercuryDocument">
        <num>	40.</num>
        <content eId="para_65__content">
          <p xml:space="preserve">
            <span class="bold">表示严重关切</span>非洲境内流离失所者的困境，欢迎非洲各国努力加强对境内流离失所者的区域保护和援助机制，促请各国采取具体行动，预先防止境内流离失所问题，并满足境内流离失所者的保护和援助需求，在这方面，回顾《关于境内流离失所问题的指导原则》，<authorialNote marker="16" placement="bottom" eId="authorialNote_16"><p xml:space="preserve"><a href="https://undocs.org/ch/E/CN.4/1998/53/Add.2">E/CN.4/1998/53/Add.2</a>，附件。</p></authorialNote> 注意到高级专员公署当前开展的保护和援助境内流离失所者活动，包括在这一领域有关机构间安排范围内开展的活动，强调此类活动应符合大会相关决议，且不得损害公署承担的与难民有关的任务授权和庇护制度，并鼓励高级专员继续就公署在这方面的作用与各国进行对话；</p>
        </content>
      </paragraph>
      <paragraph eId="para_66" class="MercuryDocument">
        <num>	41.</num>
        <content eId="para_66__content">
          <p xml:space="preserve">
            <span class="bold">欢迎</span>高级专员为加强与会员国和全体联合国机构的协调而作出的努力；</p>
        </content>
      </paragraph>
      <paragraph eId="para_67" class="MercuryDocument">
        <num>	42.</num>
        <content eId="para_67__content">
          <p xml:space="preserve">
            <span class="bold">又欢迎</span>高级专员为争取加强地方权力和实现权力下放、包括确保拉近决策与实施点的距离所作的努力，欢迎随着为推进难民保护和难民问题解决办法所作努力的继续而争取实现增效；</p>
        </content>
      </paragraph>
      <paragraph eId="para_68" class="MercuryDocument">
        <num>	43.</num>
        <content eId="para_68__content">
          <p xml:space="preserve">
            <span class="bold">鼓励</span>非洲国家与发展行为体和人道主义行为体一道，就难民和境内流离失所者多年期战略展开密切协作，同时顾及许多被迫流离失所危机的次区域层面；</p>
        </content>
      </paragraph>
      <paragraph eId="para_69" class="MercuryDocument">
        <num>	44.</num>
        <content eId="para_69__content">
          <p xml:space="preserve">
            <span class="bold">邀请</span>人权理事会境内流离失所者人权问题特别报告员继续根据理事会的授权，与会员国和有关政府间及非政府组织不断对话，并将对话情况列入提交理事会和大会的所有报告；</p>
        </content>
      </paragraph>
      <paragraph eId="para_70" class="MercuryDocument">
        <num>	45.</num>
        <content eId="para_70__content">
          <p xml:space="preserve">
            <span class="bold">请</span>秘书长在题为“联合国难民事务高级专员的报告：与难民、回返者和流离失所者有关的问题以及人道主义问题”的项目下，向大会第七十五届会议提交一份全面报告，说明对非洲境内难民、回返者和流离失所者的援助情况，同时除其他外充分考虑到收容社区和难民营情况、庇护国作出的努力以及旨在填补供资缺口的努力。</p>
        </content>
      </paragraph>
    </mainBody>
    <conclusions eId="conclusions">
      <p>
        <inline name="adoptionMeeting" title="第50次">第50次全体会议</inline>
        <eol />
        <docDate date="2019-12-18" refersTo="#adoptionDate">2019年12月18日</docDate>
      </p>
    </conclusions>
  </statement>
</akomaNtoso>