<akomaNtoso xmlns:xsi="http://www.w3.org/2001/XMLSchema-instance" xsi:schemaLocation="http://docs.oasis-open.org/legaldocml/ns/akn/3.0 http://docs.oasis-open.org/legaldocml/akn-core/v1.0/os/part2-specs/schemas/akomantoso30.xsd" xmlns="http://docs.oasis-open.org/legaldocml/ns/akn/3.0" xmlns:html="http://www.w3.org/1999/xhtml" xmlns:akn4un="http://un.org/akn4un">
  <statement name="resolution">
    <meta>
      <identification source="#DGACM">
        <FRBRWork>
          <FRBRthis value="/akn/un/statement/deliberation/unga/2019-12-18/74-184/!main/"></FRBRthis>
          <FRBRuri value="/akn/un/statement/deliberation/unga/2019-12-18/74-184/"></FRBRuri>
          <FRBRdate date="2019-12-18" name="adoption"></FRBRdate>
          <FRBRauthor href="ga" as="author"></FRBRauthor>
          <FRBRcountry value="un"></FRBRcountry>
        </FRBRWork>
        <FRBRExpression>
          <FRBRthis value="/akn/un/statement/deliberation/unga/2019-12-18/74-184/zho@!main/"></FRBRthis>
          <FRBRuri value="/akn/un/statement/deliberation/unga/2019-12-18/74-184/zho@/"></FRBRuri>
          <FRBRdate date="2019-12-27" name="publication"></FRBRdate>
          <FRBRauthor href="ga" as="issuer"></FRBRauthor>
          <FRBRlanguage language="zho"></FRBRlanguage>
        </FRBRExpression>
        <FRBRManifestation>
          <FRBRthis value="/akn/un/statement/deliberation/unga/2019-12-18/74-184/zho@/!main.xml"></FRBRthis>
          <FRBRuri value="/akn/un/statement/deliberation/unga/2019-12-18/74-184/zho@.xml"></FRBRuri>
          <FRBRdate date="2020-08-30" name="markup"></FRBRdate>
          <FRBRauthor href="DGACM" as="editor"></FRBRauthor>
        </FRBRManifestation>
      </identification>
      <classification source="http://metadata.un.org/sdg">
        <keyword value="2" href="http://metadata.un.org/sdg/2" showAs="sdg_2" dictionary="SDGO"></keyword>
        <keyword value="food_shortage" href="http://eurovoc.europa.eu/2318" showAs="food_shortage" dictionary="EuroVoc"></keyword>
        <keyword value="sustainable_agriculture" href="http://eurovoc.europa.eu/6308" showAs="sustainable_agriculture" dictionary="EuroVoc"></keyword>
        <keyword value="food_security" href="http://eurovoc.europa.eu/c_4523e1dd" showAs="food_security" dictionary="EuroVoc"></keyword>
        <keyword value="food_security" href="http://metadata.un.org/thesaurus/1002439" showAs="food_security" dictionary="UNBIS Thesaurus"></keyword>
        <keyword value="food_shortage" href="http://metadata.un.org/thesaurus/1002440" showAs="food_shortage" dictionary="UNBIS Thesaurus"></keyword>
        <keyword value="hunger" href="http://metadata.un.org/thesaurus/1003004" showAs="hunger" dictionary="UNBIS Thesaurus"></keyword>
        <keyword value="sustainable_agriculture" href="http://metadata.un.org/thesaurus/1006317" showAs="sustainable_agriculture" dictionary="UNBIS Thesaurus"></keyword>
      </classification>
      <classification source="http://metadata.un.org/sdg">
        <keyword value="17" href="http://metadata.un.org/sdg/17" showAs="sdg_17" dictionary="SDGO"></keyword>
        <keyword value="sustainable_development" href="http://eurovoc.europa.eu/5585" showAs="sustainable_development" dictionary="EuroVoc"></keyword>
        <keyword value="partnership" href="http://eurovoc.europa.eu/4199" showAs="partnership" dictionary="EuroVoc"></keyword>
        <keyword value="sustainable_development" href="http://metadata.un.org/thesaurus/1006319" showAs="sustainable_development" dictionary="UNBIS Thesaurus"></keyword>
        <keyword value="partnership" href="http://metadata.un.org/thesaurus/1004748" showAs="partnership" dictionary="UNBIS Thesaurus"></keyword>
      </classification>
      <classification source="http://metadata.un.org/sdg">
        <keyword value="10.a" href="http://metadata.un.org/sdg/10.a" showAs="sdg_10.a" dictionary="SDGO"></keyword>
      </classification>
      <workflow source="#un">
        <step date="2019-10-31" outcome="draftResolution" as="A/C.6/74/L.9" by="introduced in the Committee by the representative of Austria on behalf of the Bureau" />
        <step date="0001-01-01" outcome="draftResolutionAdditionalSponsors" by="" />
        <step date="0001-01-01" outcome="recommendedForAdoption" as="A/74/423" by="" refersTo="12" />
        <step date="2019-12-18" outcome="adopted" as="A/74/PV.51" by="" />
      </workflow>
      <analysis source="#un">
        <parliamentary>
          <voting outcome="adoptedWithoutVote">
            <quorum value=""></quorum>
          </voting>
        </parliamentary>
      </analysis>
      <references source="#DGACM">
        <TLCOrganization eId="source" href="/akn/ontology/organization/un/DGACM" showAs="DGACM"></TLCOrganization>
        <TLCConcept eId="dateOfIssuance" href="/akn/ontology/concept/un/dateOfIssuance" showAs="Date of issuance"></TLCConcept>
        <TLCConcept eId="dateOfAdoption" href="/akn/ontology/concept/un/dateOfAdoption" showAs="Date of adoption"></TLCConcept>
        <TLCConcept eId="symbol" href="/akn/ontology/reference/un/symbol" showAs="Symbol"></TLCConcept>
        <TLCRole eId="publisher" href="/akn/ontology/role/un/publisher" showAs="Publisher"></TLCRole>
        <TLCRole eId="issuingBody" href="/akn/role/concept/un/issuingBody" showAs="Issuing body"></TLCRole>
        <TLCRole eId="author" href="/akn/ontology/role/un/author" showAs="Author"></TLCRole>
        <TLCRole eId="editor" href="/akn/ontology/role/un/editor" showAs="Editor"></TLCRole>
        <TLCRole eId="distribution" href="/akn/ontology/concept/un/generalDistribution" showAs="General distribution"></TLCRole>
        <TLCOrganization eId="ga" href="/akn/ontology/organization/un/generalAssembly" showAs="General Assembly"></TLCOrganization>
        <TLCTerm eId="resolutionTitle" href="/akn/ontology/reference/un/resolutionTitle" showAs="Resolution title"></TLCTerm>
        <TLCTerm eId="sixthCommittee" href="#sixthCommittee" showAs="第六委员会"></TLCTerm>
        <TLCTerm eId="memberState" href="/akn/ontology/organization/un/memberState" showAs="Member State"></TLCTerm>
        <TLCTerm eId="inFavour" href="/akn/ontology/concept/un/voting/inFavour" showAs="In favour"></TLCTerm>
        <TLCTerm eId="against" href="/akn/ontology/concept/un/voting/against" showAs="Against"></TLCTerm>
        <TLCTerm eId="abstaining" href="/akn/ontology/concept/un/voting/abstaining" showAs="Abstaining"></TLCTerm>
      </references>
      <presentation source="#un">
        <akn4un:footerFirstPage>
          <akn4un:footerFirstPageLeft>
            <akn4un:internalCode>
              <docketNumber refersTo="#publicationJobNumber">19-22344 (C)</docketNumber>
              <img alt="bar code" class="barCode" src=""></img>
            </akn4un:internalCode>
          </akn4un:footerFirstPageLeft>
          <akn4un:footerFirstPageRight>
            <img alt="Please recycle" class="image" src="./recylcleLogo.jpg"></img>
            <img alt="embedded QR code" class="qrCode" src=""></img>
          </akn4un:footerFirstPageRight>
        </akn4un:footerFirstPage>
      </presentation>
    </meta>
    <coverPage eId="coverPage_1">
      <p>
        <span refersTo="#publisher" class="upperLeft">
          <docAuthority refersTo="#publisher">联合国</docAuthority>
        </span>
      </p>
      <p class="upperRight">
        <docNumber refersTo="#symbol">A/RES/74/184</docNumber>
      </p>
      <p class="upperLeft">
        <img src="logo-un.jpg"></img>
        <docAuthority refersTo="#issuingBody" class="rightBig">大会</docAuthority>
      </p>
      <p>
        <docStatus refersTo="#generalDistribution" class="rightSmall">Distr.: General</docStatus>
      </p>
      <p>
        <docDate date="2019-12-27" class="rightSmall" refersTo="#dateOfIssuance">27 December 2019</docDate>
      </p>
      <p>
        <session refersTo="#generalAssembly" value="74" eId="coverPage_1__session_1">第七十四届会议</session>
      </p>
      <p>
        <inline name="agenda item">议程项目77</inline>
      </p>
      <p>
        <inline name="agenda item name">联合国国际贸易法委员会第五十二届会议工作报告</inline>
      </p>
      <p>
        <docTitle>2019年12月18日大会决议</docTitle>
      </p>
      <p xml:space="preserve">
        <docProponent refersTo="#sixthCommittee">[根据第六委员会的报告 (<inline name="originating document">A/74/423</inline>)]</docProponent>
      </p>
    </coverPage>
    <preface>
      <p>
        <docNumber>74/184.</docNumber>
        <docTitle refersTo="#resolutionTitle">联合国国际贸易法委员会企业集团破产示范法</docTitle>
      </p>
    </preface>
    <preamble>
      <formula name="enactingFormula" eId="formula_1">
        <p xml:space="preserve">
          <span class="bold">大会，</span>
        </p>
      </formula>
      <container name="回顾" eId="container_2">
        <p xml:space="preserve">
          <span class="bold">回顾</span>其1966年12月17日第2205(XXI)号决议设立联合国国际贸易法委员会，其任务是促进国际贸易法的逐渐协调和统一，并在这方面念及各国人民，尤其是发展中国家人民在国际贸易广泛发展中的利益，</p>
      </container>
      <container name="认识到" eId="container_3">
        <p xml:space="preserve">
          <span class="bold">认识到</span>有效的破产制度越来越被视为鼓励经济发展和投资并促进创业活动和保持就业的一种手段，</p>
      </container>
      <container name="注意到" eId="container_4">
        <p xml:space="preserve">
          <span class="bold">注意到</span>在日益全球化的世界经济中，无论是在国内还是在国际上组建的企业集团，都对国际贸易和商业具有重要意义，</p>
      </container>
      <container name="认识到" eId="container_5">
        <p xml:space="preserve">
          <span class="bold">认识到</span>当企业集团倒闭时，不仅要知道如何在破产程序中处理企业集团，而且要确保这种处理能够便利而不是阻碍破产程序的迅速有效进行，</p>
      </container>
      <container name="意识到" eId="container_6">
        <p xml:space="preserve">
          <span class="bold">意识到</span>很少有国家(如果有的话)有一套全面处理破产企业集团的制度，包括在涉及企业集团破产案件时的有效协调与合作机制，制定集团破产解决方案，以及在多个国家跨国界承认和执行该解决方案，</p>
      </container>
      <container name="回顾" eId="container_7">
        <p xml:space="preserve">
          <span class="bold">回顾</span>其1997年12月15日第<a href="https://undocs.org/ch/A/RES/52/158">52/158</a>号决议，其中表示赞赏委员会通过《联合国国际贸易法委员会跨国界破产示范法》<authorialNote marker="1" placement="bottom" eId="authorialNote_1"><p xml:space="preserve">		《大会正式记录，第五十二届会议，补编第17号》(<a href="https://undocs.org/ch/A/52/17">A/52/17</a>)，附件一。</p></authorialNote> 并回顾其2010年12月6日第<a href="https://undocs.org/ch/A/RES/65/24">65/24</a>号决议，其中表示赞赏委员会通过《联合国国际贸易法委员会破产法立法指南》<authorialNote marker="2" placement="bottom" eId="authorialNote_2"><p xml:space="preserve">		联合国出版物，出售品编号：E.12.V.16。</p></authorialNote> 第三部分，<authorialNote marker="3" placement="bottom" eId="authorialNote_3"><p xml:space="preserve">		《大会正式记录，第六十五届会议，补编第17号》(<a href="https://undocs.org/ch/A/65/17">A/65/17</a>)，第五章。</p></authorialNote> 前者述及涉及单一债务人的破产程序中的跨国界协调、合作与承认，后者述及破产企业集团的处理方法，</p>
      </container>
      <container name="认识到" eId="container_8">
        <p xml:space="preserve">
          <span class="bold">认识到</span>需要一个普遍可接受的示范法，着重于针对同一个企业集团多个成员作为债务人而进行的破产程序，从而扩展《跨国界破产示范法》和《破产法立法指南》第三部分的条款范围，</p>
      </container>
      <container name="深信" eId="container_9">
        <p xml:space="preserve">
          <span class="bold">深信</span>委员会第五十二届会议通过的《企业集团破产示范法》<authorialNote marker="4" placement="bottom" eId="authorialNote_4"><p xml:space="preserve">		同上，《第七十四届会议，补编第17号》(<a href="https://undocs.org/ch/A/74/17">A/74/17</a>)，第六章，A节和附件二。</p></authorialNote> 满足了这一需要，并应会有助于建立尊重国家程序和司法制度的公平和国际上协调一致的企业集团破产立法，</p>
      </container>
      <container name="又深信" eId="container_10">
        <p xml:space="preserve">
          <span class="bold">又深信</span>《企业集团破产示范法》规定公正和高效地管理企业集团破产，保护受破产影响的企业集团成员和整个企业集团的资产和业务总体合计价值并使之最大化，为拯救陷入财务困境的企业集团提供便利，以及充分保护债权人和包括债务人在内的其他利益关系人，</p>
      </container>
    </preamble>
    <mainBody>
      <paragraph eId="para_11" class="MercuryDocument">
        <num>	1.</num>
        <content eId="para_11__content">
          <p xml:space="preserve">
            <span class="bold">表示赞赏</span>联合国国际贸易法委员会最后审定并通过《企业集团破产示范法》，<sup>4</sup> 以及其《颁布指南》；</p>
        </content>
      </paragraph>
      <paragraph eId="para_12" class="MercuryDocument">
        <num>	2.</num>
        <content eId="para_12__content">
          <p xml:space="preserve">
            <span class="bold">请</span>秘书长向各国政府及其他有关机构转递《示范法》案文及其《颁布指南》；</p>
        </content>
      </paragraph>
      <paragraph eId="para_13" class="MercuryDocument">
        <num>	3.</num>
        <content eId="para_13__content">
          <p xml:space="preserve">
            <span class="bold">建议</span>所有国家在修订或通过与破产有关的立法时积极考虑《示范法》，同时牢记需要有国际上协调一致的管辖且便利企业集团破产情况的立法，并请已使用《示范法》的国家向委员会通报相关事宜；</p>
        </content>
      </paragraph>
      <paragraph eId="para_14" class="MercuryDocument">
        <num>	4.</num>
        <content eId="para_14__content">
          <p xml:space="preserve">
            <span class="bold">又建议</span>所有国家在修订或通过关于企业集团破产的立法时，也使用《破产法立法指南》<sup>2</sup> 关于破产企业集团处理办法的第三部分<sup>3</sup> 以及《立法指南》<authorialNote marker="5" placement="bottom" eId="authorialNote_5"><p xml:space="preserve">		联合国出版物，出售品编号：E.13.V.10。</p></authorialNote> 述及临近破产期间企业董事义务的第四部分，<authorialNote marker="6" placement="bottom" eId="authorialNote_6"><p xml:space="preserve">		《大会正式记录，第六十八届会议，补编第17号》(<a href="https://undocs.org/ch/A/68/17">A/68/17</a>)，第五章，B节。</p></authorialNote> 后者新增的一节已经由委员会第五十二届会议通过，<authorialNote marker="7" placement="bottom" eId="authorialNote_7"><p xml:space="preserve">		同上，《第七十四届会议，补编第17号》(<a href="https://undocs.org/ch/A/74/17">A/74/17</a>)，第六章，B节。</p></authorialNote> 述及企业集团公司董事的义务；</p>
        </content>
      </paragraph>
      <paragraph eId="para_15" class="MercuryDocument">
        <num>	5.</num>
        <content eId="para_15__content">
          <p xml:space="preserve">
            <span class="bold">还建议</span>所有国家继续考虑执行委员会《跨国界破产示范法》<sup>1</sup> 和委员会《关于承认和执行与破产有关的判决的示范法》；<authorialNote marker="8" placement="bottom" eId="authorialNote_8"><p xml:space="preserve">		同上，《第七十三届会议，补编第17号》(<a href="https://undocs.org/ch/A/73/17">A/73/17</a>)，附件三。</p></authorialNote></p>
        </content>
      </paragraph>
      <paragraph eId="para_16" class="SingleTxt">
        <num>	6.</num>
        <content eId="para_16__content">
          <p xml:space="preserve">
            <span class="bold">请</span>秘书处确保与在破产法改革领域活动的国际组织密切合作与协调，以确保这项工作与委员会在破产法领域的所有法规保持一致和协调，其中包括《企业集团破产示范法》、《关于承认和执行与破产有关的判决的示范法》和经委员会第五十二届会议修订的《破产法立法指南》第四部分。</p>
        </content>
      </paragraph>
    </mainBody>
    <conclusions eId="conclusions">
      <p>
        <inline name="adoptionMeeting" title="第51次">第51次全体会议</inline>
        <eol />
        <docDate date="2019-12-18" refersTo="#adoptionDate">2019年12月18日</docDate>
      </p>
    </conclusions>
  </statement>
</akomaNtoso>