<akomaNtoso xmlns:xsi="http://www.w3.org/2001/XMLSchema-instance" xsi:schemaLocation="http://docs.oasis-open.org/legaldocml/ns/akn/3.0 http://docs.oasis-open.org/legaldocml/akn-core/v1.0/os/part2-specs/schemas/akomantoso30.xsd" xmlns="http://docs.oasis-open.org/legaldocml/ns/akn/3.0" xmlns:html="http://www.w3.org/1999/xhtml" xmlns:akn4un="http://un.org/akn4un">
  <statement name="resolution">
    <meta>
      <identification source="#DGACM">
        <FRBRWork>
          <FRBRthis value="/akn/un/statement/deliberation/unga/2019-12-18/74-150/!main/"></FRBRthis>
          <FRBRuri value="/akn/un/statement/deliberation/unga/2019-12-18/74-150/"></FRBRuri>
          <FRBRdate date="2019-12-18" name="adoption"></FRBRdate>
          <FRBRauthor href="ga" as="author"></FRBRauthor>
          <FRBRcountry value="un"></FRBRcountry>
        </FRBRWork>
        <FRBRExpression>
          <FRBRthis value="/akn/un/statement/deliberation/unga/2019-12-18/74-150/zho@!main/"></FRBRthis>
          <FRBRuri value="/akn/un/statement/deliberation/unga/2019-12-18/74-150/zho@/"></FRBRuri>
          <FRBRdate date="2022-01-22" name="publication"></FRBRdate>
          <FRBRauthor href="ga" as="issuer"></FRBRauthor>
          <FRBRlanguage language="zho"></FRBRlanguage>
        </FRBRExpression>
        <FRBRManifestation>
          <FRBRthis value="/akn/un/statement/deliberation/unga/2019-12-18/74-150/zho@/!main.xml"></FRBRthis>
          <FRBRuri value="/akn/un/statement/deliberation/unga/2019-12-18/74-150/zho@.xml"></FRBRuri>
          <FRBRdate date="2020-08-30" name="markup"></FRBRdate>
          <FRBRauthor href="DGACM" as="editor"></FRBRauthor>
        </FRBRManifestation>
      </identification>
      <classification source="http://metadata.un.org/sdg">
        <keyword value="10" href="http://metadata.un.org/sdg/10" showAs="sdg_10" dictionary="SDGO"></keyword>
        <keyword value="social_inequality" href="http://eurovoc.europa.eu/1420" showAs="social_inequality" dictionary="EuroVoc"></keyword>
        <keyword value="equality" href="http://metadata.un.org/thesaurus/1002102" showAs="equality" dictionary="UNBIS Thesaurus"></keyword>
      </classification>
      <classification source="http://metadata.un.org/sdg">
        <keyword value="16" href="http://metadata.un.org/sdg/16" showAs="sdg_16" dictionary="SDGO"></keyword>
        <keyword value="right_to_justice" href="http://eurovoc.europa.eu/516" showAs="right_to_justice" dictionary="EuroVoc"></keyword>
        <keyword value="sustainable_development" href="http://eurovoc.europa.eu/5585" showAs="sustainable_development" dictionary="EuroVoc"></keyword>
        <keyword value="civil_society" href="http://metadata.un.org/thesaurus/1001012" showAs="civil_society" dictionary="UNBIS Thesaurus"></keyword>
        <keyword value="justice" href="http://metadata.un.org/thesaurus/1003500" showAs="justice" dictionary="UNBIS Thesaurus"></keyword>
        <keyword value="peaceful_coexistence" href="http://metadata.un.org/thesaurus/1004777" showAs="peaceful_coexistence" dictionary="UNBIS Thesaurus"></keyword>
        <keyword value="public_institutions" href="http://metadata.un.org/thesaurus/1005254" showAs="public_institutions" dictionary="UNBIS Thesaurus"></keyword>
        <keyword value="social_justice" href="http://metadata.un.org/thesaurus/1005970" showAs="social_justice" dictionary="UNBIS Thesaurus"></keyword>
        <keyword value="sustainable_development" href="http://metadata.un.org/thesaurus/1006319" showAs="sustainable_development" dictionary="UNBIS Thesaurus"></keyword>
      </classification>
      <classification source="http://metadata.un.org/sdg">
        <keyword value="17" href="http://metadata.un.org/sdg/17" showAs="sdg_17" dictionary="SDGO"></keyword>
        <keyword value="sustainable_development" href="http://eurovoc.europa.eu/5585" showAs="sustainable_development" dictionary="EuroVoc"></keyword>
        <keyword value="partnership" href="http://eurovoc.europa.eu/4199" showAs="partnership" dictionary="EuroVoc"></keyword>
        <keyword value="sustainable_development" href="http://metadata.un.org/thesaurus/1006319" showAs="sustainable_development" dictionary="UNBIS Thesaurus"></keyword>
        <keyword value="partnership" href="http://metadata.un.org/thesaurus/1004748" showAs="partnership" dictionary="UNBIS Thesaurus"></keyword>
      </classification>
      <workflow source="#un">
        <step date="2019-10-30" outcome="draftResolution" as="A/C.3/74/L.38" by="Cuba, Democratic People's Republic of Korea and Venezuela (Bolivarian  Republic of)" />
        <step date="0001-01-01" outcome="draftResolutionAdditionalSponsors" by="Angola, Antigua and Barbuda, Bangladesh, Belarus, Bolivia (Plurinational State of), Burkina Faso, Burundi, Cameroon, China, Comoros, Djibouti, Dominican Republic, Ecuador, Egypt, El Salvador, Guinea, India, Iran (Islamic Republic of), Lao People's Democratic Republic, Libya, Madagascar, Mali, Myanmar, Namibia, Nicaragua, Nigeria, Russian Federation, Saint Kitts and Nevis, Saint Vincent and the Grenadines, South Africa, Sri Lanka, Sudan, Togo, Uganda, United Republic of Tanzania, Viet Nam and Zimbabwe" />
        <step date="0001-01-01" outcome="recommendedForAdoption" as="A/74/399/Add.2" by="" refersTo="90" />
        <step date="2019-12-18" outcome="adopted" as="A/74/PV.50" by="" />
      </workflow>
      <analysis source="#un">
        <parliamentary>
          <voting outcome="adoptedRecordedVote">
            <count value="128" refersTo="inFavour">
              <akn4un:voters>
                <organization refersTo="memberState">AFGHANISTAN</organization>
                <organization refersTo="memberState">ALGERIA</organization>
                <organization refersTo="memberState">ANGOLA</organization>
                <organization refersTo="memberState">ANTIGUA AND BARBUDA</organization>
                <organization refersTo="memberState">ARGENTINA</organization>
                <organization refersTo="memberState">AZERBAIJAN</organization>
                <organization refersTo="memberState">BAHAMAS</organization>
                <organization refersTo="memberState">BAHRAIN</organization>
                <organization refersTo="memberState">BANGLADESH</organization>
                <organization refersTo="memberState">BARBADOS</organization>
                <organization refersTo="memberState">BELARUS</organization>
                <organization refersTo="memberState">BELIZE</organization>
                <organization refersTo="memberState">BENIN</organization>
                <organization refersTo="memberState">BHUTAN</organization>
                <organization refersTo="memberState">BOLIVIA (PLURINATIONAL STATE OF)</organization>
                <organization refersTo="memberState">BOTSWANA</organization>
                <organization refersTo="memberState">BRUNEI DARUSSALAM</organization>
                <organization refersTo="memberState">BURKINA FASO</organization>
                <organization refersTo="memberState">BURUNDI</organization>
                <organization refersTo="memberState">CABO VERDE</organization>
                <organization refersTo="memberState">CAMBODIA</organization>
                <organization refersTo="memberState">CAMEROON</organization>
                <organization refersTo="memberState">CENTRAL AFRICAN REPUBLIC</organization>
                <organization refersTo="memberState">CHAD</organization>
                <organization refersTo="memberState">CHINA</organization>
                <organization refersTo="memberState">COMOROS</organization>
                <organization refersTo="memberState">CONGO</organization>
                <organization refersTo="memberState">COTE D'IVOIRE</organization>
                <organization refersTo="memberState">CUBA</organization>
                <organization refersTo="memberState">DEMOCRATIC PEOPLE'S REPUBLIC OF KOREA</organization>
                <organization refersTo="memberState">DJIBOUTI</organization>
                <organization refersTo="memberState">DOMINICAN REPUBLIC</organization>
                <organization refersTo="memberState">ECUADOR</organization>
                <organization refersTo="memberState">EGYPT</organization>
                <organization refersTo="memberState">EL SALVADOR</organization>
                <organization refersTo="memberState">ERITREA</organization>
                <organization refersTo="memberState">ESWATINI</organization>
                <organization refersTo="memberState">ETHIOPIA</organization>
                <organization refersTo="memberState">FIJI</organization>
                <organization refersTo="memberState">GABON</organization>
                <organization refersTo="memberState">GAMBIA</organization>
                <organization refersTo="memberState">GHANA</organization>
                <organization refersTo="memberState">GRENADA</organization>
                <organization refersTo="memberState">GUATEMALA</organization>
                <organization refersTo="memberState">GUINEA</organization>
                <organization refersTo="memberState">GUINEA-BISSAU</organization>
                <organization refersTo="memberState">GUYANA</organization>
                <organization refersTo="memberState">HAITI</organization>
                <organization refersTo="memberState">HONDURAS</organization>
                <organization refersTo="memberState">INDIA</organization>
                <organization refersTo="memberState">INDONESIA</organization>
                <organization refersTo="memberState">IRAN (ISLAMIC REPUBLIC OF)</organization>
                <organization refersTo="memberState">IRAQ</organization>
                <organization refersTo="memberState">JAMAICA</organization>
                <organization refersTo="memberState">JORDAN</organization>
                <organization refersTo="memberState">KAZAKHSTAN</organization>
                <organization refersTo="memberState">KENYA</organization>
                <organization refersTo="memberState">KIRIBATI</organization>
                <organization refersTo="memberState">KUWAIT</organization>
                <organization refersTo="memberState">KYRGYZSTAN</organization>
                <organization refersTo="memberState">LAO PEOPLE'S DEMOCRATIC REPUBLIC</organization>
                <organization refersTo="memberState">LEBANON</organization>
                <organization refersTo="memberState">LESOTHO</organization>
                <organization refersTo="memberState">LIBYA</organization>
                <organization refersTo="memberState">MADAGASCAR</organization>
                <organization refersTo="memberState">MALAWI</organization>
                <organization refersTo="memberState">MALAYSIA</organization>
                <organization refersTo="memberState">MALDIVES</organization>
                <organization refersTo="memberState">MALI</organization>
                <organization refersTo="memberState">MAURITANIA</organization>
                <organization refersTo="memberState">MAURITIUS</organization>
                <organization refersTo="memberState">MONGOLIA</organization>
                <organization refersTo="memberState">MOROCCO</organization>
                <organization refersTo="memberState">MOZAMBIQUE</organization>
                <organization refersTo="memberState">MYANMAR</organization>
                <organization refersTo="memberState">NAMIBIA</organization>
                <organization refersTo="memberState">NAURU</organization>
                <organization refersTo="memberState">NEPAL</organization>
                <organization refersTo="memberState">NICARAGUA</organization>
                <organization refersTo="memberState">NIGER</organization>
                <organization refersTo="memberState">NIGERIA</organization>
                <organization refersTo="memberState">OMAN</organization>
                <organization refersTo="memberState">PAKISTAN</organization>
                <organization refersTo="memberState">PALAU</organization>
                <organization refersTo="memberState">PANAMA</organization>
                <organization refersTo="memberState">PAPUA NEW GUINEA</organization>
                <organization refersTo="memberState">PARAGUAY</organization>
                <organization refersTo="memberState">PHILIPPINES</organization>
                <organization refersTo="memberState">QATAR</organization>
                <organization refersTo="memberState">RUSSIAN FEDERATION</organization>
                <organization refersTo="memberState">RWANDA</organization>
                <organization refersTo="memberState">SAINT KITTS AND NEVIS</organization>
                <organization refersTo="memberState">SAINT LUCIA</organization>
                <organization refersTo="memberState">SAINT VINCENT AND THE GRENADINES</organization>
                <organization refersTo="memberState">SAMOA</organization>
                <organization refersTo="memberState">SAO TOME AND PRINCIPE</organization>
                <organization refersTo="memberState">SAUDI ARABIA</organization>
                <organization refersTo="memberState">SENEGAL</organization>
                <organization refersTo="memberState">SEYCHELLES</organization>
                <organization refersTo="memberState">SIERRA LEONE</organization>
                <organization refersTo="memberState">SINGAPORE</organization>
                <organization refersTo="memberState">SOLOMON ISLANDS</organization>
                <organization refersTo="memberState">SOMALIA</organization>
                <organization refersTo="memberState">SOUTH AFRICA</organization>
                <organization refersTo="memberState">SRI LANKA</organization>
                <organization refersTo="memberState">SUDAN</organization>
                <organization refersTo="memberState">SURINAME</organization>
                <organization refersTo="memberState">SYRIAN ARAB REPUBLIC</organization>
                <organization refersTo="memberState">TAJIKISTAN</organization>
                <organization refersTo="memberState">THAILAND</organization>
                <organization refersTo="memberState">TIMOR-LESTE</organization>
                <organization refersTo="memberState">TOGO</organization>
                <organization refersTo="memberState">TONGA</organization>
                <organization refersTo="memberState">TRINIDAD AND TOBAGO</organization>
                <organization refersTo="memberState">TUNISIA</organization>
                <organization refersTo="memberState">TURKMENISTAN</organization>
                <organization refersTo="memberState">TUVALU</organization>
                <organization refersTo="memberState">UGANDA</organization>
                <organization refersTo="memberState">UNITED ARAB EMIRATES</organization>
                <organization refersTo="memberState">UNITED REPUBLIC OF TANZANIA</organization>
                <organization refersTo="memberState">URUGUAY</organization>
                <organization refersTo="memberState">UZBEKISTAN</organization>
                <organization refersTo="memberState">VANUATU</organization>
                <organization refersTo="memberState">VENEZUELA (BOLIVARIAN REPUBLIC OF)</organization>
                <organization refersTo="memberState">VIET NAM</organization>
                <organization refersTo="memberState">YEMEN</organization>
                <organization refersTo="memberState">ZAMBIA</organization>
                <organization refersTo="memberState">ZIMBABWE</organization>
              </akn4un:voters>
            </count>
            <count value="53" refersTo="against">
              <akn4un:voters>
                <organization refersTo="memberState">ALBANIA</organization>
                <organization refersTo="memberState">ANDORRA</organization>
                <organization refersTo="memberState">AUSTRALIA</organization>
                <organization refersTo="memberState">AUSTRIA</organization>
                <organization refersTo="memberState">BELGIUM</organization>
                <organization refersTo="memberState">BOSNIA AND HERZEGOVINA</organization>
                <organization refersTo="memberState">BULGARIA</organization>
                <organization refersTo="memberState">CANADA</organization>
                <organization refersTo="memberState">CROATIA</organization>
                <organization refersTo="memberState">CYPRUS</organization>
                <organization refersTo="memberState">CZECHIA</organization>
                <organization refersTo="memberState">DENMARK</organization>
                <organization refersTo="memberState">ESTONIA</organization>
                <organization refersTo="memberState">FINLAND</organization>
                <organization refersTo="memberState">FRANCE</organization>
                <organization refersTo="memberState">GEORGIA</organization>
                <organization refersTo="memberState">GERMANY</organization>
                <organization refersTo="memberState">GREECE</organization>
                <organization refersTo="memberState">HUNGARY</organization>
                <organization refersTo="memberState">ICELAND</organization>
                <organization refersTo="memberState">IRELAND</organization>
                <organization refersTo="memberState">ISRAEL</organization>
                <organization refersTo="memberState">ITALY</organization>
                <organization refersTo="memberState">JAPAN</organization>
                <organization refersTo="memberState">LATVIA</organization>
                <organization refersTo="memberState">LIECHTENSTEIN</organization>
                <organization refersTo="memberState">LITHUANIA</organization>
                <organization refersTo="memberState">LUXEMBOURG</organization>
                <organization refersTo="memberState">MALTA</organization>
                <organization refersTo="memberState">MARSHALL ISLANDS</organization>
                <organization refersTo="memberState">MICRONESIA (FEDERATED STATES OF)</organization>
                <organization refersTo="memberState">MONACO</organization>
                <organization refersTo="memberState">MONTENEGRO</organization>
                <organization refersTo="memberState">NETHERLANDS</organization>
                <organization refersTo="memberState">NEW ZEALAND</organization>
                <organization refersTo="memberState">NORTH MACEDONIA</organization>
                <organization refersTo="memberState">NORWAY</organization>
                <organization refersTo="memberState">POLAND</organization>
                <organization refersTo="memberState">PORTUGAL</organization>
                <organization refersTo="memberState">REPUBLIC OF KOREA</organization>
                <organization refersTo="memberState">REPUBLIC OF MOLDOVA</organization>
                <organization refersTo="memberState">ROMANIA</organization>
                <organization refersTo="memberState">SAN MARINO</organization>
                <organization refersTo="memberState">SERBIA</organization>
                <organization refersTo="memberState">SLOVAKIA</organization>
                <organization refersTo="memberState">SLOVENIA</organization>
                <organization refersTo="memberState">SPAIN</organization>
                <organization refersTo="memberState">SWEDEN</organization>
                <organization refersTo="memberState">SWITZERLAND</organization>
                <organization refersTo="memberState">TURKEY</organization>
                <organization refersTo="memberState">UKRAINE</organization>
                <organization refersTo="memberState">UNITED KINGDOM</organization>
                <organization refersTo="memberState">UNITED STATES</organization>
              </akn4un:voters>
            </count>
            <count value="8" refersTo="abstaining">
              <akn4un:voters>
                <organization refersTo="memberState">ARMENIA</organization>
                <organization refersTo="memberState">BRAZIL</organization>
                <organization refersTo="memberState">CHILE</organization>
                <organization refersTo="memberState">COLOMBIA</organization>
                <organization refersTo="memberState">COSTA RICA</organization>
                <organization refersTo="memberState">LIBERIA</organization>
                <organization refersTo="memberState">MEXICO</organization>
                <organization refersTo="memberState">PERU</organization>
              </akn4un:voters>
            </count>
          </voting>
        </parliamentary>
      </analysis>
      <references source="#DGACM">
        <TLCOrganization eId="source" href="/akn/ontology/organization/un/DGACM" showAs="DGACM"></TLCOrganization>
        <TLCConcept eId="dateOfIssuance" href="/akn/ontology/concept/un/dateOfIssuance" showAs="Date of issuance"></TLCConcept>
        <TLCConcept eId="dateOfAdoption" href="/akn/ontology/concept/un/dateOfAdoption" showAs="Date of adoption"></TLCConcept>
        <TLCConcept eId="symbol" href="/akn/ontology/reference/un/symbol" showAs="Symbol"></TLCConcept>
        <TLCRole eId="publisher" href="/akn/ontology/role/un/publisher" showAs="Publisher"></TLCRole>
        <TLCRole eId="issuingBody" href="/akn/role/concept/un/issuingBody" showAs="Issuing body"></TLCRole>
        <TLCRole eId="author" href="/akn/ontology/role/un/author" showAs="Author"></TLCRole>
        <TLCRole eId="editor" href="/akn/ontology/role/un/editor" showAs="Editor"></TLCRole>
        <TLCRole eId="distribution" href="/akn/ontology/concept/un/generalDistribution" showAs="General distribution"></TLCRole>
        <TLCOrganization eId="ga" href="/akn/ontology/organization/un/generalAssembly" showAs="General Assembly"></TLCOrganization>
        <TLCTerm eId="resolutionTitle" href="/akn/ontology/reference/un/resolutionTitle" showAs="Resolution title"></TLCTerm>
        <TLCTerm eId="thirdCommittee" href="#thirdCommittee" showAs="第三委员会"></TLCTerm>
        <TLCTerm eId="memberState" href="/akn/ontology/organization/un/memberState" showAs="Member State"></TLCTerm>
        <TLCTerm eId="inFavour" href="/akn/ontology/concept/un/voting/inFavour" showAs="In favour"></TLCTerm>
        <TLCTerm eId="against" href="/akn/ontology/concept/un/voting/against" showAs="Against"></TLCTerm>
        <TLCTerm eId="abstaining" href="/akn/ontology/concept/un/voting/abstaining" showAs="Abstaining"></TLCTerm>
      </references>
      <presentation source="#un">
        <akn4un:footerFirstPage>
          <akn4un:footerFirstPageLeft>
            <akn4un:internalCode>
              <docketNumber refersTo="#publicationJobNumber">19-22254 (C)</docketNumber>
              <img alt="bar code" class="barCode" src=""></img>
            </akn4un:internalCode>
          </akn4un:footerFirstPageLeft>
          <akn4un:footerFirstPageRight>
            <img alt="Please recycle" class="image" src="./recylcleLogo.jpg"></img>
            <img alt="embedded QR code" class="qrCode" src=""></img>
          </akn4un:footerFirstPageRight>
        </akn4un:footerFirstPage>
      </presentation>
    </meta>
    <coverPage eId="coverPage_1">
      <p>
        <span refersTo="#publisher" class="upperLeft">
          <docAuthority refersTo="#publisher">联合国</docAuthority>
        </span>
      </p>
      <p class="upperRight">
        <docNumber refersTo="#symbol">A/RES/74/150</docNumber>
      </p>
      <p class="upperLeft">
        <img src="logo-un.jpg"></img>
        <docAuthority refersTo="#issuingBody" class="rightBig">大会</docAuthority>
      </p>
      <p>
        <docStatus refersTo="#generalDistribution" class="rightSmall">Distr.: General</docStatus>
      </p>
      <p>
        <docDate date="2022-01-22" class="rightSmall" refersTo="#dateOfIssuance">22 January 2022</docDate>
      </p>
      <p>
        <session refersTo="#generalAssembly" value="74" eId="coverPage_1__session_1">第七十四届会议</session>
      </p>
      <p>
        <inline name="agenda item">议程项目70(b)</inline>
      </p>
      <p>
        <inline name="agenda item name">促进和保护人权：人权问题，包括增进人权和基本自由切实享受的各种途径</inline>
      </p>
      <p>
        <docTitle>2019年12月18日大会决议</docTitle>
      </p>
      <p xml:space="preserve">
        <docProponent refersTo="#thirdCommittee">[根据第三委员会的报告 (<inline name="originating document">A/74/399/Add.2</inline>)]</docProponent>
      </p>
    </coverPage>
    <preface>
      <p>
        <docNumber>74/150.</docNumber>
        <docTitle refersTo="#resolutionTitle">促进建立一个民主和公平的国际秩序</docTitle>
      </p>
    </preface>
    <preamble>
      <formula name="enactingFormula" eId="formula_1">
        <p xml:space="preserve">
          <span class="bold">大会</span>，</p>
      </formula>
      <container name="回顾" eId="container_2">
        <p xml:space="preserve">
          <span class="bold">回顾</span>其以往关于促进建立一个民主和公平的国际秩序问题的各项决议，包括其2018年12月17日第73/169号决议，以及人权理事会2011年9月29日第18/6号、<authorialNote marker="1" placement="bottom" eId="authorialNote_1"><p xml:space="preserve">		见《大会正式记录，第六十六届会议，补编第53A号》和更正(<a href="https://undocs.org/ch/A/66/53/Add.1">A/66/53/Add.1</a>)，第二章。</p></authorialNote> 2016年9月29日第33/3号、<authorialNote marker="2" placement="bottom" eId="authorialNote_2"><p xml:space="preserve">		同上，《第七十一届会议，补编第53A号》和更正(<a href="https://undocs.org/ch/A/71/53/Add.1">A/71/53/Add.1</a>和<a href="https://undocs.org/ch/A/71/53/Add.1/Corr.1">A/71/53/Add.1/Corr.1</a>)，第二章。</p></authorialNote> 2017年9月28日第36/4号、<authorialNote marker="3" placement="bottom" eId="authorialNote_3"><p xml:space="preserve">		同上，《第七十二届会议，补编第53A号》(<a href="https://undocs.org/ch/A/72/53/Add.1">A/72/53/Add.1</a>)，第三章。</p></authorialNote> 2018年9月27日第39/4号<authorialNote marker="4" placement="bottom" eId="authorialNote_4"><p xml:space="preserve">		同上，《第七十三届会议，补编第53A号》(<a href="https://undocs.org/ch/A/73/53/Add.1">A/73/53/Add.1</a>)，第三章。</p></authorialNote> 和2019年9月26日第42/8号决议，<authorialNote marker="5" placement="bottom" eId="authorialNote_5"><p xml:space="preserve">		同上，《第七十四届会议，补编第53A号》(<a href="https://undocs.org/ch/A/74/53/Add.1">A/74/53/Add.1</a>)，第三章。</p></authorialNote></p>
      </container>
      <container name="重申" eId="container_3">
        <p xml:space="preserve">
          <span class="bold">重申</span>所有国家承诺履行义务，根据《联合国宪章》、其他人权文书和国际法，促进普遍尊重、遵守和保护所有人的一切人权和基本自由，</p>
      </container>
      <container name="申明" eId="container_4">
        <p xml:space="preserve">
          <span class="bold">申明</span>应完全遵循《宪章》第一条和第二条阐述的《宪章》宗旨和原则及国际法，特别是应充分尊重主权、领土完整、政治独立，在国际关系中不使用或威胁使用武力，不干涉本质上属于任何国家国内管辖的事务，继续加强国际合作以促进和保护所有人权，</p>
      </container>
      <container name="回顾" eId="container_5">
        <p xml:space="preserve">
          <span class="bold">回顾</span>《宪章》的序言，特别是决心重申对基本人权、人格尊严与价值以及男女平等和大小各国平等权利的信念，</p>
      </container>
      <container name="重申" eId="container_6">
        <p xml:space="preserve">
          <span class="bold">重申</span>人人有权享有一个能使《世界人权宣言》<authorialNote marker="6" placement="bottom" eId="authorialNote_6"><p xml:space="preserve">		第<a href="https://undocs.org/zh/A/RES/217 (III)">217A(III)</a>号决议。</p></authorialNote> 中提出的权利和自由得到充分落实的社会和国际秩序，</p>
      </container>
      <container name="又重申" eId="container_7">
        <p xml:space="preserve">
          <span class="bold">又重申</span>《宪章》序言所表示的决心，为避免后世再遭战祸，创造适当环境，俾克维持正义，尊重由条约与国际法其他渊源而起之义务，促成大自由中之社会进步及较善之民生，力行容恕，彼此以善邻之道和睦相处，并运用国际机构，以促成全球人民经济及社会之进展，</p>
      </container>
      <container name="强调指出" eId="container_8">
        <p xml:space="preserve">
          <span class="bold">强调指出</span>世界各国必须共担责任并以多边方式履行责任，管理世界各地的经济和社会事务，消除国际和平与安全受到的各种威胁，并在这方面强调指出联合国作为世界上最具普遍性和代表性的组织，必须发挥中心作用，</p>
      </container>
      <container name="关切" eId="container_9">
        <p xml:space="preserve">
          <span class="bold">关切</span>仍有会员国滥用本国立法，将其适用于境外，影响到他国的主权以及在其管辖下的实体或个人的正当利益，并影响到人权的充分享受，</p>
      </container>
      <container name="考虑到" eId="container_10">
        <p xml:space="preserve">
          <span class="bold">考虑到</span>国际上正在发生重大变化，各国人民企盼一个以《宪章》所载原则为基础的国际秩序，包括促进和鼓励尊重所有人的人权和基本自由以及尊重人民平等权利及自决原则、和平、民主、正义、平等、法治、多元主义、发展、提高生活水平和团结，</p>
      </container>
      <container name="认识到" eId="container_11">
        <p xml:space="preserve">
          <span class="bold">认识到</span>加强人权领域国际合作至关重要，可促进充分实现联合国各项宗旨，包括有效促进和保护所有人权，</p>
      </container>
      <container name="考虑到" eId="container_12">
        <p xml:space="preserve">
          <span class="bold">考虑到</span>《世界人权宣言》宣布人人生而自由，在尊严和权利上一律平等，人人有资格享有《宣言》所载的一切权利和自由，不作种族、肤色、性别、语言、宗教、政治或其他见解、民族本源或社会出身、财产、出生或其他身份等任何区别，</p>
      </container>
      <container name="重申" eId="container_13">
        <p xml:space="preserve">
          <span class="bold">重申</span>民主、发展及尊重人权和基本自由是相互依存和相辅相成的，民主的基础是人民自由表达意愿，决定自己的政治、经济、社会和文化制度，并充分参与其生活的各个方面，</p>
      </container>
      <container name="认识到" eId="container_14">
        <p xml:space="preserve">
          <span class="bold">认识到</span>在促进和保护人权时，应以合作和真诚对话原则为基础，并以加强会员国履行人权义务以促进全人类福祉的能力为宗旨，</p>
      </container>
      <container name="强调" eId="container_15">
        <p xml:space="preserve">
          <span class="bold">强调</span>民主不仅是一个政治概念，它还涉及经济和社会层面，</p>
      </container>
      <container name="认识到" eId="container_16">
        <p xml:space="preserve">
          <span class="bold">认识到</span>民主、对包括发展权在内所有人权的尊重、社会各部门透明而负责任的治理和行政以及民间社会的有效参与，都是实现社会发展和以人为本的可持续发展的必要基础的重要部分，</p>
      </container>
      <container name="关切地注意到" eId="container_17">
        <p xml:space="preserve">
          <span class="bold">关切地注意到</span>种族主义、种族歧视、仇外心理和相关不容忍行为可能因财富分配不均、边缘化和社会排斥等问题而恶化，</p>
      </container>
      <container name="重申" eId="container_18">
        <p xml:space="preserve">
          <span class="bold">重申</span>不同宗教、文化和文明之间对话可大力推动加强各级国际合作，</p>
      </container>
      <container name="着重指出" eId="container_19">
        <p xml:space="preserve">
          <span class="bold">着重指出</span>国际社会必须确保全球化成为有益于全世界人民的积极力量，只有以我们广泛多样的共同人性为基础，作出广泛而持久的努力，才能使全球化具有充分包容性和公平性，</p>
      </container>
      <container name="深为关切" eId="container_20">
        <p xml:space="preserve">
          <span class="bold">深为关切</span>当前全球经济、金融、能源和粮食危机所反映的全球状况正在威胁所有人权的充分享受，并且正在扩大发达国家与发展中国家之间的差距，而这些危机是若干重要因素综合作用的结果，其中包括宏观经济因素和其他因素，如环境退化、荒漠化和全球气候变化及自然灾害，而且发展中国家尤其是最不发达国家和小岛屿发展中国家缺乏克服危机消极影响所必需的财政资源和技术，</p>
      </container>
      <container name="认识到" eId="container_21">
        <p xml:space="preserve">
          <span class="bold">认识到</span>要建立民主和公平的秩序，就需要改革国际金融机构，以扩大和加强发展中国家参与国际决策进程的程度，还需要建立更加透明和开放的金融体系，并采取适当措施，打击非法资金流动，如税收欺诈、逃税、非法资本外流、洗钱和清洗腐败所得，以及改善全球的税务透明度，</p>
      </container>
      <container name="强调指出" eId="container_22">
        <p xml:space="preserve">
          <span class="bold">强调指出</span>使全球化具有充分包容性和公平性的努力必须包括在全球一级订立符合发展中国家和经济转型国家需求的政策和措施，并且应由这些国家有效参与政策和措施的制订和执行工作，</p>
      </container>
      <container name="又强调指出" eId="container_23">
        <p xml:space="preserve">
          <span class="bold">又强调指出</span>发展中国家，特别是最不发达国家、内陆发展中国家和小岛屿发展中国家需要充足资金、技术转让和能力建设，包括支持它们努力适应气候变化，</p>
      </container>
      <container name="倾听了" eId="container_24">
          <p xml:space="preserve">
            <span class="bold">倾听了</span>世界各地人民的心声，认识到他们企盼正义、人人机会均等、享受包括发展权在内的人权、在和平与自由中生活以及不受歧视地平等参与经济、社会、文化、公民和政治生活，</p>
      </container>
      <container name="回顾" eId="container_25">
        <p xml:space="preserve">
          <span class="bold">回顾</span>人权理事会2007年6月18日关于理事会体制建设的第5/1号决议和关于理事会特别程序任务负责人行为守则的第5/2号决议，<authorialNote marker="7" placement="bottom" eId="authorialNote_7"><p xml:space="preserve">		见《大会正式记录，第六十二届会议，补编第53号》(<a href="https://undocs.org/ch/A/62/53">A/62/53</a>)，第四章，A节。</p></authorialNote> 强调指出所有任务负责人都应根据这些决议及其中所载附件履行职责，</p>
      </container>
      <container name="强调" eId="container_26">
        <p xml:space="preserve">
          <span class="bold">强调</span>《2030年可持续发展议程》<authorialNote marker="8" placement="bottom" eId="authorialNote_8"><p xml:space="preserve">		第<a href="https://undocs.org/ch/A/RES/70/1">70/1</a>号决议。</p></authorialNote> 对于促进建立一个民主和公平的国际秩序十分重要，</p>
      </container>
      <container name="决心" eId="container_27">
        <p xml:space="preserve">
          <span class="bold">决心</span>尽力采取一切措施，确保建立一个民主和公平的国际秩序，</p>
      </container>
    </preamble>
    <mainBody>
      <paragraph eId="para_28" class="SingleTxt">
        <num>	1.</num>
        <content eId="para_28__content">
          <p xml:space="preserve">
            <span class="bold">申明</span>人人有权享有民主和公平的国际秩序；</p>
        </content>
      </paragraph>
      <paragraph eId="para_29" class="SingleTxt">
        <num>	2.</num>
        <content eId="para_29__content">
          <p xml:space="preserve">
            <span class="bold">又申明</span>一个民主和公平的国际秩序可促进充分实现人人享有所有人权；</p>
        </content>
      </paragraph>
      <paragraph eId="para_30" class="SingleTxt">
        <num>	3.</num>
        <content eId="para_30__content">
          <p xml:space="preserve">
            <span class="bold">表示注意到</span>人权理事会促进民主和公平的国际秩序独立专家的报告；<authorialNote marker="9" placement="bottom" eId="authorialNote_9"><p xml:space="preserve">		见<a href="https://undocs.org/ch/A/74/245">A/74/245</a>。</p></authorialNote></p>
        </content>
      </paragraph>
      <paragraph eId="para_31" class="SingleTxt">
        <num>	4.</num>
        <content eId="para_31__content">
          <p xml:space="preserve">
            <span class="bold">促请</span>所有会员国履行其在南非德班反对种族主义、种族歧视、仇外心理和相关不容忍行为世界会议期间表示的承诺，使全球化的惠益最大化，为此除其他外加强和增进国际合作，以便增强贸易、经济增长和可持续发展方面的机会平等，利用新技术促进全球信息交流，保全和促进文化多样性以增加文化间交流，<authorialNote marker="10" placement="bottom" eId="authorialNote_10"><p xml:space="preserve">		见<a href="https://undocs.org/ch/A/CONF.189/12">A/CONF.189/12</a>和<a href="https://undocs.org/ch/A/CONF.189/12/Corr.1">A/CONF.189/12/Corr.1</a>，第一章。</p></authorialNote> 此外重申唯有通过广泛持久的努力，在我们的共同人性及其广泛多样性基础上打造一个共同未来，才能使全球化具有充分包容性和公平性；</p>
        </content>
      </paragraph>
      <paragraph eId="para_32" class="SingleTxt">
        <num>	5.</num>
        <content eId="para_32__content">
          <p xml:space="preserve">
            <span class="bold">宣告</span>民主的内涵包括尊重所有人权和基本自由，它是以人民自由表达决定自己政治、经济、社会和文化制度的意愿并充分参与其生活所有方面为基础的一项普世价值观，重申在国内和国际上均需普遍遵守和实施法治；</p>
        </content>
      </paragraph>
      <paragraph eId="para_33" class="SingleTxt">
        <num>	6.</num>
        <content eId="para_33__content">
          <p xml:space="preserve">
            <span class="bold">申明</span>一个民主和公平的国际秩序除其他外必须落实下列各个方面：</p>
        </content>
      </paragraph>
      <paragraph eId="para_34" class="SingleTxt">
        <content eId="para_34__content">
          <p xml:space="preserve">	(a)	所有人民的自决权利，人民可凭借这一权利自由决定其政治地位，自由谋求其经济、社会和文化发展；</p>
        </content>
      </paragraph>
      <paragraph eId="para_35" class="SingleTxt">
        <content eId="para_35__content">
          <p xml:space="preserve">	(b)	人民和国家对其自然财富和资源的永久主权；</p>
        </content>
      </paragraph>
      <paragraph eId="para_36" class="SingleTxt">
        <content eId="para_36__content">
          <p xml:space="preserve">	(c)	每个人和所有人民的发展权；</p>
        </content>
      </paragraph>
      <paragraph eId="para_37" class="SingleTxt">
        <content eId="para_37__content">
          <p xml:space="preserve">	(d)	所有人民享有和平的权利；</p>
        </content>
      </paragraph>
      <paragraph eId="para_38" class="SingleTxt">
        <content eId="para_38__content">
          <p xml:space="preserve">	(e)	在各国平等参与决策进程、相互依存、互惠互利、团结与合作的基础上建立一个国际经济秩序的权利；</p>
        </content>
      </paragraph>
      <paragraph eId="para_39" class="SingleTxt">
        <content eId="para_39__content">
          <p xml:space="preserve">	(f)	国际团结，作为人民和个人的权利；</p>
        </content>
      </paragraph>
      <paragraph eId="para_40" class="SingleTxt">
        <content eId="para_40__content">
          <p xml:space="preserve">	(g)	在所有合作领域促进和巩固透明、民主、公正和负责任的国际机构，尤其是为此而执行全面平等参与这些机构决策机制的原则；</p>
        </content>
      </paragraph>
      <paragraph eId="para_41" class="SingleTxt">
        <content eId="para_41__content">
          <p xml:space="preserve">	(h)	人人不受任何歧视地公平参与国内和全球决策的权利；</p>
        </content>
      </paragraph>
      <paragraph eId="para_42" class="SingleTxt">
        <content eId="para_42__content">
          <p xml:space="preserve">	(i)	联合国系统工作人员的组成体现公平的区域及性别均衡代表性原则；</p>
        </content>
      </paragraph>
      <paragraph eId="para_43" class="SingleTxt">
        <content eId="para_43__content">
          <p xml:space="preserve">	(j)	开展国际合作，在国际信息流动方面建立新平衡并增进互惠，特别是纠正出入发展中国家的信息的不平等，在此基础上促进自由、公正、有效和均衡的国际信息和通信秩序；</p>
        </content>
      </paragraph>
      <paragraph eId="para_44" class="SingleTxt">
        <content eId="para_44__content">
          <p xml:space="preserve">	(k)	尊重文化多样性和所有人的文化权利，因为这可以增进文化多元性，有助于更广泛的知识交流和对文化背景的了解，推动在全世界适用和享受普遍公认的人权，并在世界人民和国家间发展稳定、友好的关系；</p>
        </content>
      </paragraph>
      <paragraph eId="para_45" class="SingleTxt">
        <content eId="para_45__content">
          <p xml:space="preserve">	(l)	每个人和所有人民有权享有健康环境，并有权加强国际合作，以有效满足协助各国尤其是发展中国家努力适应气候变化的需要，同时促进履行缓解影响方面的国际协定；</p>
        </content>
      </paragraph>
      <paragraph eId="para_46" class="SingleTxt">
        <content eId="para_46__content">
          <p xml:space="preserve">	(m)	通过加强国际合作，特别是国际经济、商业和金融关系方面的合作，促进公平享受财富国际分配所产生的惠益；</p>
        </content>
      </paragraph>
      <paragraph eId="para_47" class="SingleTxt">
        <content eId="para_47__content">
          <p xml:space="preserve">	(n)	根据公众享受文化的权利，实现人人共有共享人类共同遗产；</p>
        </content>
      </paragraph>
      <paragraph eId="para_48" class="SingleTxt">
        <content eId="para_48__content">
          <p xml:space="preserve">	(o)	世界各国以多边方式共担责任，管理世界各地的经济及社会发展事务，并消除国际和平与安全受到的各种威胁；</p>
        </content>
      </paragraph>
      <paragraph eId="para_49" class="SingleTxt">
        <num>	7.</num>
        <content eId="para_49__content">
          <p xml:space="preserve">
            <span class="bold">强调指出</span>在加强人权领域的国际合作时，必须保持由不同国家和人民组成的国际社会所具有的丰富多样性，并且必须尊重各国和各区域的特点及各种历史、文化和宗教背景；</p>
        </content>
      </paragraph>
      <paragraph eId="para_50" class="SingleTxt">
        <num>	8.</num>
        <content eId="para_50__content">
          <p xml:space="preserve">
            <span class="bold">又强调指出</span>所有人权都是普遍、不可分割、相互依存和相互关联的，国际社会必须以公正和平等的方式，在同等基础上，以同样的重视程度，全面对待人权，并重申在必须铭记各国和各区域特点及各种历史、文化和宗教背景的重要意义的同时，各国不论政治、经济和文化制度为何，都有义务促进和保护所有人的各项人权和基本自由；</p>
        </content>
      </paragraph>
      <paragraph eId="para_51" class="SingleTxt">
        <num>	9.</num>
        <content eId="para_51__content">
          <p xml:space="preserve">
            <span class="bold">重申</span>各国主权平等、不干涉和不干预内政等原则；</p>
        </content>
      </paragraph>
      <paragraph eId="para_52" class="SingleTxt">
        <num>	10.</num>
        <content eId="para_52__content">
          <p xml:space="preserve">
            <span class="bold">敦促</span>国际舞台上的所有行为体建立一个以包容、社会正义、平等和公平、人类尊严、相互谅解、促进和尊重文化多样性以及普遍人权为基础的国际秩序，摒弃一切基于种族主义、种族歧视、仇外心理和相关不容忍行为的排他理论；</p>
        </content>
      </paragraph>
      <paragraph eId="para_53" class="SingleTxt">
        <num>	11.</num>
        <content eId="para_53__content">
          <p xml:space="preserve">
            <span class="bold">重申</span>所有国家都应促进建立、维持和加强国际和平与安全，并应为此作出最大努力，在有效国际监督下实现全面彻底裁军，并且确保通过实行有效裁军措施而节省下来的资源用于综合发展，特别是发展中国家的发展；</p>
        </content>
      </paragraph>
      <paragraph eId="para_54" class="SingleTxt">
        <num>	12.</num>
        <content eId="para_54__content">
          <p xml:space="preserve">
            <span class="bold">着重指出</span>企图以武力推翻合法政府的做法会破坏民主宪政秩序，中断权力的合法行使，并阻碍人权的充分享受，并重申每个国家都有选择其政治、经济、社会和文化制度的不可剥夺的权利，他国不得以任何形式进行干涉；</p>
        </content>
      </paragraph>
      <paragraph eId="para_55" class="SingleTxt">
        <num>	13.</num>
        <content eId="para_55__content">
          <p xml:space="preserve">
            <span class="bold">重申</span>需要继续紧急开展工作，建立一个国际经济新秩序，其基础必须是所有国家不论经济和社会制度为何，均彼此公平、主权平等、相互依存、具有共同利益、相互合作，这一经济秩序应按照经济、社会和有关领域的大会以往相关决议、行动纲领及主要会议和首脑会议成果，消除不平等，纠正现有的不公正现象，从而可以消除发达国家与发展中国家之间日益扩大的差距，并确保稳步加快经济和社会发展，使今世后代享有和平与正义；</p>
        </content>
      </paragraph>
      <paragraph eId="para_56" class="SingleTxt">
        <num>	14.</num>
        <content eId="para_56__content">
          <p xml:space="preserve">
            <span class="bold">又重申</span>国际社会应想方设法消除世界各地在充分落实所有人权方面现存的障碍，应对有关挑战，并防止这些障碍和挑战所致的侵犯人权现象继续下去；</p>
        </content>
      </paragraph>
      <paragraph eId="para_57" class="SingleTxt">
        <num>	15.</num>
        <content eId="para_57__content">
          <p xml:space="preserve">
            <span class="bold">敦促</span>各国通过加强国际合作，继续努力推动建立一个民主和公平的国际秩序；</p>
        </content>
      </paragraph>
      <paragraph eId="para_58" class="SingleTxt">
        <num>	16.</num>
        <content eId="para_58__content">
          <p xml:space="preserve">
            <span class="bold">申明</span>《联合国宪章》规定的民主和公平的国际秩序不能仅通过放松贸易、市场和金融服务管制来实现；</p>
        </content>
      </paragraph>
      <paragraph eId="para_59" class="SingleTxt">
        <num>	17.</num>
        <content eId="para_59__content">
          <p xml:space="preserve">
            <span class="bold">请</span>秘书长和联合国人权事务高级专员继续为独立专家有效执行任务提供一切必要的人力和财政资源；</p>
        </content>
      </paragraph>
      <paragraph eId="para_60" class="SingleTxt">
        <num>	18.</num>
        <content eId="para_60__content">
          <p xml:space="preserve">
            <span class="bold">促请</span>各国政府在独立专家执行任务时与其合作及给予协助，提供独立专家所要求的一切必要信息，并考虑积极回应独立专家的访问要求，使独立专家能够更有效地执行任务；</p>
        </content>
      </paragraph>
      <paragraph eId="para_61" class="SingleTxt">
        <num>	19.</num>
        <content eId="para_61__content">
          <p xml:space="preserve">
            <span class="bold">请</span>人权理事会、各人权条约机构、联合国人权事务高级专员办事处、经人权理事会延期的特别机制以及人权理事会咨询委员会在各自任务范围内对本决议给予应有的重视，并协助加以执行；</p>
        </content>
      </paragraph>
      <paragraph eId="para_62" class="SingleTxt">
        <num>	20.</num>
        <content eId="para_62__content">
          <p xml:space="preserve">
            <span class="bold">促请</span>高级专员办事处在促进建立一个民主和公平的国际秩序问题上再接再厉；</p>
        </content>
      </paragraph>
      <paragraph eId="para_63" class="SingleTxt">
        <num>	21.</num>
        <content eId="para_63__content">
          <p xml:space="preserve">
            <span class="bold">请</span>秘书长提请各会员国、联合国各机关、机构和部门、政府间组织特别是布雷顿森林机构和非政府组织注意本决议，并尽可能广泛地予以传播；</p>
        </content>
      </paragraph>
      <paragraph eId="para_64" class="SingleTxt">
        <num>	22.</num>
        <content eId="para_64__content">
          <p xml:space="preserve">
            <span class="bold">请</span>独立专家向大会第七十五届会议提交一份关于本决议执行情况的报告，并邀请独立专家研究国际组织和其他机构所采取的金融和经济政策对民主和公平的国际秩序的影响；</p>
        </content>
      </paragraph>
      <paragraph eId="para_65" class="SingleTxt">
        <num>	23.</num>
        <content eId="para_65__content">
          <p xml:space="preserve">
            <span class="bold">决定</span>在大会第七十五届会议题为“促进和保护人权”的项目下继续审议这个问题。</p>
        </content>
      </paragraph>
    </mainBody>
    <conclusions eId="conclusions">
      <p>
        <inline name="adoptionMeeting" title="第50次">第50次全体会议</inline>
        <eol />
        <docDate date="2019-12-18" refersTo="#adoptionDate">2019年12月18日</docDate>
      </p>
    </conclusions>
  </statement>
</akomaNtoso>