<akomaNtoso xmlns:xsi="http://www.w3.org/2001/XMLSchema-instance" xsi:schemaLocation="http://docs.oasis-open.org/legaldocml/ns/akn/3.0 http://docs.oasis-open.org/legaldocml/akn-core/v1.0/os/part2-specs/schemas/akomantoso30.xsd" xmlns="http://docs.oasis-open.org/legaldocml/ns/akn/3.0" xmlns:html="http://www.w3.org/1999/xhtml" xmlns:akn4un="http://un.org/akn4un">
  <statement name="resolution">
    <meta>
      <identification source="#DGACM">
        <FRBRWork>
          <FRBRthis value="/akn/un/statement/deliberation/unga/2019-12-09/74-16/!main/"></FRBRthis>
          <FRBRuri value="/akn/un/statement/deliberation/unga/2019-12-09/74-16/"></FRBRuri>
          <FRBRdate date="2019-12-09" name="adoption"></FRBRdate>
          <FRBRauthor href="ga" as="author"></FRBRauthor>
          <FRBRcountry value="un"></FRBRcountry>
        </FRBRWork>
        <FRBRExpression>
          <FRBRthis value="/akn/un/statement/deliberation/unga/2019-12-09/74-16/zho@!main/"></FRBRthis>
          <FRBRuri value="/akn/un/statement/deliberation/unga/2019-12-09/74-16/zho@/"></FRBRuri>
          <FRBRdate date="2019-12-13" name="publication"></FRBRdate>
          <FRBRauthor href="ga" as="issuer"></FRBRauthor>
          <FRBRlanguage language="zho"></FRBRlanguage>
        </FRBRExpression>
        <FRBRManifestation>
          <FRBRthis value="/akn/un/statement/deliberation/unga/2019-12-09/74-16/zho@/!main.xml"></FRBRthis>
          <FRBRuri value="/akn/un/statement/deliberation/unga/2019-12-09/74-16/zho@.xml"></FRBRuri>
          <FRBRdate date="2020-09-01" name="markup"></FRBRdate>
          <FRBRauthor href="DGACM" as="editor"></FRBRauthor>
        </FRBRManifestation>
      </identification>
      <classification source="http://metadata.un.org/sdg">
        <keyword value="16" href="http://metadata.un.org/sdg/16" showAs="sdg_16" dictionary="SDGO"></keyword>
        <keyword value="right_to_justice" href="http://eurovoc.europa.eu/516" showAs="right_to_justice" dictionary="EuroVoc"></keyword>
        <keyword value="sustainable_development" href="http://eurovoc.europa.eu/5585" showAs="sustainable_development" dictionary="EuroVoc"></keyword>
        <keyword value="civil_society" href="http://metadata.un.org/thesaurus/1001012" showAs="civil_society" dictionary="UNBIS Thesaurus"></keyword>
        <keyword value="justice" href="http://metadata.un.org/thesaurus/1003500" showAs="justice" dictionary="UNBIS Thesaurus"></keyword>
        <keyword value="peaceful_coexistence" href="http://metadata.un.org/thesaurus/1004777" showAs="peaceful_coexistence" dictionary="UNBIS Thesaurus"></keyword>
        <keyword value="public_institutions" href="http://metadata.un.org/thesaurus/1005254" showAs="public_institutions" dictionary="UNBIS Thesaurus"></keyword>
        <keyword value="social_justice" href="http://metadata.un.org/thesaurus/1005970" showAs="social_justice" dictionary="UNBIS Thesaurus"></keyword>
        <keyword value="sustainable_development" href="http://metadata.un.org/thesaurus/1006319" showAs="sustainable_development" dictionary="UNBIS Thesaurus"></keyword>
      </classification>
      <classification source="http://metadata.un.org/sdg">
        <keyword value="3" href="http://metadata.un.org/sdg/3" showAs="sdg_3" dictionary="SDGO"></keyword>
        <keyword value="public_health" href="http://eurovoc.europa.eu/3885" showAs="public_health" dictionary="EuroVoc"></keyword>
        <keyword value="health" href="http://metadata.un.org/thesaurus/1002824" showAs="health" dictionary="UNBIS Thesaurus"></keyword>
      </classification>
      <classification source="http://metadata.un.org/sdg">
        <keyword value="17" href="http://metadata.un.org/sdg/17" showAs="sdg_17" dictionary="SDGO"></keyword>
        <keyword value="sustainable_development" href="http://eurovoc.europa.eu/5585" showAs="sustainable_development" dictionary="EuroVoc"></keyword>
        <keyword value="partnership" href="http://eurovoc.europa.eu/4199" showAs="partnership" dictionary="EuroVoc"></keyword>
        <keyword value="sustainable_development" href="http://metadata.un.org/thesaurus/1006319" showAs="sustainable_development" dictionary="UNBIS Thesaurus"></keyword>
        <keyword value="partnership" href="http://metadata.un.org/thesaurus/1004748" showAs="partnership" dictionary="UNBIS Thesaurus"></keyword>
      </classification>
      <classification source="http://metadata.un.org/sdg">
        <keyword value="4" href="http://metadata.un.org/sdg/4" showAs="sdg_4" dictionary="SDGO"></keyword>
        <keyword value="education" href="http://eurovoc.europa.eu/668" showAs="education" dictionary="EuroVoc"></keyword>
        <keyword value="right_to_education" href="http://eurovoc.europa.eu/512" showAs="right_to_education" dictionary="EuroVoc"></keyword>
        <keyword value="education" href="http://metadata.un.org/thesaurus/1001893" showAs="education" dictionary="UNBIS Thesaurus"></keyword>
      </classification>
      <workflow source="#un">
        <step date="2019-11-26" outcome="draftResolution" as="A/74/L.18" by="Antigua and Barbuda, Armenia, Australia, Austria, Bangladesh, Brazil, Chile, China, Dominican Republic, Ecuador, Equatorial Guinea, Finland, Israel, Jamaica, Japan, Kenya, Lao People's Democratic Republic, Latvia, Lebanon, Lithuania, Malaysia, Monaco, New Zealand, Nicaragua, Norway, Palau, Panama, Paraguay, Romania, Russian Federation, Samoa, Spain, Sri Lanka, Tunisia, Turkey, United Arab Emirates, United Kingdom of Great Britain and Northern Ireland and Uruguay" />
        <step date="0001-01-01" outcome="draftResolutionAdditionalSponsors" by="Afghanistan, Albania, Algeria, Andorra, Angola, Argentina, Azerbaijan, Bahamas, Bahrain, Barbados, Belarus, Belgium, Belize, Benin, Bhutan, Bolivia (Plurinational State of), Bosnia and Herzegovina, Botswana, Brunei Darussalam, Bulgaria, Burkina Faso, Burundi, Cabo Verde, Cambodia, Cameroon, Canada, Central African Republic, Chad, Colombia, Comoros, Congo, Costa Rica, Côte d'Ivoire, Croatia, Cuba, Cyprus, Czechia, Denmark, Djibouti, Egypt, El Salvador, Eritrea, Estonia, Ethiopia, Fiji, France, Gabon, Gambia, Georgia, Germany, Ghana, Greece, Grenada, Guatemala, Guinea, Guinea-Bissau, Guyana, Haiti, Honduras, Hungary, Iceland, India, Indonesia, Iraq, Ireland, Italy, Jordan, Kazakhstan, Kiribati, Kuwait, Kyrgyzstan, Lesotho, Liberia, Libya, Liechtenstein, Luxembourg, Madagascar, Malawi, Maldives, Mali, Malta, Marshall Islands, Mauritania, Mauritius, Mexico, Micronesia (Federated States of), Mongolia, Montenegro, Morocco, Mozambique, Myanmar, Namibia, Nauru, Nepal, Netherlands, Niger, Nigeria, North Macedonia, Oman, Pakistan, Papua New Guinea, Peru, Philippines, Poland, Portugal, Qatar, Republic of Korea, Republic of Moldova, Rwanda, Saint Kitts and Nevis, Saint Lucia, Saint Vincent and the Grenadines, San Marino, Saudi Arabia, Senegal, Serbia, Seychelles, Sierra Leone, Singapore, Slovakia, Slovenia, Solomon Islands, Somalia, South Africa, South Sudan, Sudan, Suriname, Sweden, Switzerland, Syrian Arab Republic, Tajikistan, Thailand, Timor-Leste, Togo, Tonga, Trinidad and Tobago, Turkmenistan, Tuvalu, Uganda, Ukraine, United Republic of Tanzania, United States, Uzbekistan, Vanuatu, Viet Nam, Yemen, Zambia and Zimbabwe" />
        <step date="0001-01-01" outcome="recommendedForAdoption" by="" />
        <step date="2019-12-09" outcome="adopted" as="A/74/PV.41" by="" />
      </workflow>
      <analysis source="#un">
        <parliamentary>
          <voting outcome="adoptedWithoutVote">
            <quorum value=""></quorum>
          </voting>
        </parliamentary>
      </analysis>
      <references source="#DGACM">
        <TLCOrganization eId="source" href="/akn/ontology/organization/un/DGACM" showAs="DGACM"></TLCOrganization>
        <TLCConcept eId="dateOfIssuance" href="/akn/ontology/concept/un/dateOfIssuance" showAs="Date of issuance"></TLCConcept>
        <TLCConcept eId="dateOfAdoption" href="/akn/ontology/concept/un/dateOfAdoption" showAs="Date of adoption"></TLCConcept>
        <TLCConcept eId="symbol" href="/akn/ontology/reference/un/symbol" showAs="Symbol"></TLCConcept>
        <TLCRole eId="publisher" href="/akn/ontology/role/un/publisher" showAs="Publisher"></TLCRole>
        <TLCRole eId="issuingBody" href="/akn/role/concept/un/issuingBody" showAs="Issuing body"></TLCRole>
        <TLCRole eId="author" href="/akn/ontology/role/un/author" showAs="Author"></TLCRole>
        <TLCRole eId="editor" href="/akn/ontology/role/un/editor" showAs="Editor"></TLCRole>
        <TLCRole eId="distribution" href="/akn/ontology/concept/un/generalDistribution" showAs="General distribution"></TLCRole>
        <TLCOrganization eId="ga" href="/akn/ontology/organization/un/generalAssembly" showAs="General Assembly"></TLCOrganization>
        <TLCTerm eId="resolutionTitle" href="/akn/ontology/reference/un/resolutionTitle" showAs="Resolution title"></TLCTerm>
        <TLCTerm eId="noMainCommittee" href="#noMainCommittee" showAs="未经发交主要委员会而通过"></TLCTerm>
        <TLCTerm eId="memberState" href="/akn/ontology/organization/un/memberState" showAs="Member State"></TLCTerm>
        <TLCTerm eId="inFavour" href="/akn/ontology/concept/un/voting/inFavour" showAs="In favour"></TLCTerm>
        <TLCTerm eId="against" href="/akn/ontology/concept/un/voting/against" showAs="Against"></TLCTerm>
        <TLCTerm eId="abstaining" href="/akn/ontology/concept/un/voting/abstaining" showAs="Abstaining"></TLCTerm>
      </references>
      <presentation source="#un">
        <akn4un:footerFirstPage>
          <akn4un:footerFirstPageLeft>
            <akn4un:internalCode>
              <docketNumber refersTo="#publicationJobNumber">19-21185 (C)</docketNumber>
              <img alt="bar code" class="barCode" src=""></img>
            </akn4un:internalCode>
          </akn4un:footerFirstPageLeft>
          <akn4un:footerFirstPageRight>
            <img alt="Please recycle" class="image" src="./recylcleLogo.jpg"></img>
            <img alt="embedded QR code" class="qrCode" src=""></img>
          </akn4un:footerFirstPageRight>
        </akn4un:footerFirstPage>
      </presentation>
    </meta>
    <coverPage eId="coverPage_1">
      <p>
        <span refersTo="#publisher" class="upperLeft">
          <docAuthority refersTo="#publisher">联合国</docAuthority>
        </span>
      </p>
      <p class="upperRight">
        <docNumber refersTo="#symbol">A/RES/74/16</docNumber>
      </p>
      <p class="upperLeft">
        <img src="logo-un.jpg"></img>
        <docAuthority refersTo="#issuingBody" class="rightBig">大会</docAuthority>
      </p>
      <p>
        <docStatus refersTo="#generalDistribution" class="rightSmall">Distr.: General</docStatus>
      </p>
      <p>
        <docDate date="2019-12-13" class="rightSmall" refersTo="#dateOfIssuance">13 December 2019</docDate>
      </p>
      <p>
        <session refersTo="#generalAssembly" value="74" eId="coverPage_1__session_1">第七十四届会议</session>
      </p>
      <p>
        <inline name="agenda item">议程项目11</inline>
      </p>
      <p>
        <inline name="agenda item name">体育促进发展与和平：通过体育和奥林匹克理想建立一个和平、更美好的世界</inline>
      </p>
      <p>
        <docTitle>2019年12月9日大会决议</docTitle>
      </p>
      <p xml:space="preserve">
        <docProponent refersTo="#noMainCommittee">[未经发交主要委员会而通过 (<inline name="originating document">A/74/L.18和A/74/L.18/Add.1</inline>)]</docProponent>
      </p>
    </coverPage>
    <preface>
      <p>
        <docNumber>74/16.</docNumber>
        <docTitle refersTo="#resolutionTitle">通过体育和奥林匹克理想建立一个和平、更美好的世界</docTitle>
      </p>
    </preface>
    <preamble>
      <formula name="enactingFormula" eId="formula_1">
        <p xml:space="preserve">大会，</p>
      </formula>
      <container name="回顾" eId="container_2">
        <p xml:space="preserve">	回顾其2017年11月13日第72/6号决议，其中决定将题为“通过体育和奥林匹克理想建立一个和平、更美好的世界”的分项目列入第七十四届会议临时议程，又回顾其在此前决定每两年在夏季和冬季奥林匹克运动会举行前审议该分项目， </p>
      </container>
      <container name="ekecheiria" eId="container_3">
        <p xml:space="preserve">	又回顾其1993年10月25日第48/11号决议，该决议除其他外，恢复了古希腊的“奥林匹克休战”(<span class="italic">ekecheiria</span>)传统，呼吁在奥林匹克运动会期间休战，以鼓励创建和平环境，并确保运动员和相关人员安全通行、出入和参加奥运会，以此动员全世界青年支持和平事业，</p>
      </container>
      <container name="还" eId="container_4">
        <p xml:space="preserve">	还回顾历史上“奥林匹克休战”的核心概念是自奥运会开幕前第七天至奥运会闭幕后第七天停止敌对行动，根据传说中的德尔斐神谕，这是为了每四年一次以友好体育竞赛取代周而复始的冲突，</p>
      </container>
      <container name="认识到" eId="container_5">
        <p xml:space="preserve">	认识到体育对在地方、区域和国际各级促进教育、可持续发展、和平、合作、团结、公平、社会包容和健康作出宝贵贡献，注意到《2005年世界首脑会议成果》<authorialNote marker="1" placement="bottom" eId="authorialNote_1"><p xml:space="preserve">		第<a href="https://undocs.org/ch/A/RES/60/1">60/1</a>号决议。</p></authorialNote> 表示，体育可以有助于营造各族人民和各国之间的宽容与谅解气氛，</p>
      </container>
      <container name="又认识到" eId="container_6">
        <p xml:space="preserve">
          <span class="bold">又认识到</span>体育可以在预防和打击恐怖主义及助长恐怖主义的暴力极端主义方面发挥作用，而且有助于增强抵御思想激进演变为暴力和恐怖分子招募活动的能力，</p>
      </container>
      <container name="欢迎" eId="container_7">
        <p xml:space="preserve">	欢迎将4月6日指定为体育促进发展与和平国际日，</p>
      </container>
      <container name="回顾" eId="container_8">
        <p xml:space="preserve">	回顾《联合国千年宣言》<authorialNote marker="2" placement="bottom" eId="authorialNote_2"><p xml:space="preserve">		第<a href="https://undocs.org/ch/A/RES/55/2">55/2</a>号决议。</p></authorialNote> 中呼吁从今而后遵守奥林匹克休战，支持国际奥林匹克委员会通过体育和奥林匹克理想，努力促进和平与人类相互了解，</p>
      </container>
      <container name="又" eId="container_9">
        <p xml:space="preserve">	又回顾《2030年可持续发展议程》<authorialNote marker="3" placement="bottom" eId="authorialNote_3"><p xml:space="preserve">		第<a href="https://undocs.org/ch/A/RES/70/1">70/1</a>号决议。</p></authorialNote> 确认，体育是可持续发展的一个重要推动力量，特别是体育通过弘扬宽容和尊重，对实现发展与和平发挥越来越大的促进作用，并对增强妇女、青年、个人和社区的权能以及对实现卫生、教育和社会包容作出贡献，</p>
      </container>
      <container name="确认" eId="container_10">
        <p xml:space="preserve">	确认1992年7月21日国际奥林匹克委员会发出的奥林匹克休战呼吁可对推进《联合国宪章》的宗旨和原则作出宝贵贡献，</p>
      </container>
      <container name="回顾" eId="container_11">
        <p xml:space="preserve">	回顾其2018年12月3日题为“体育运动作为可持续发展推动力量”的第<a href="https://undocs.org/ch/A/RES/73/24">73/24</a>号决议，其中大会促请未来奥林匹克运动会和残疾人奥林匹克运动会的主办国和其他会员国酌情将体育纳入预防冲突活动，并确保在奥运会期间有效执行休战，</p>
      </container>
      <container name="注意到" eId="container_12">
        <p xml:space="preserve">	注意到第三十二届奥林匹克运动会和第十六届残疾人奥林匹克运动会将分别于2020年7月24日至8月9日和2020年8月25日至9月6日在东京举行，</p>
      </container>
      <container name="又" eId="container_13">
        <p xml:space="preserve">	又注意到2020年东京奥运会的愿景是：实现积极改革，为此鼓励人们发挥个人最佳水平，提高世界各国公民的和而不同意识，把正能量的精神遗产传承给后代， </p>
      </container>
      <container name="表示期望" eId="container_14">
          <p xml:space="preserve">
            <span class="bold">表示期望</span>2020年东京奥运会将提供一个重大机会，让人们利用体育的力量营造和平、发展、坚韧、容忍、谅解的氛围，推动世界前进，并欢迎所有国家奥林匹克委员会代表团、国家残疾人奥林匹克委员会代表团、获国际奥林匹克委员会和国际残疾人奥林匹克委员会接纳的难民奥运队和难民残奥队参加奥运会，</p>
      </container>
      <container name="回顾" eId="container_15">
        <p xml:space="preserve">	回顾2020年东京奥运会之前有2018年平昌冬奥会，之后有2022年北京冬奥会，是连续三次在亚洲举行的奥运会暨残奥会中的第二次，从而可以增强三方在体育和其他领域的伙伴关系，</p>
      </container>
      <container name="确认" eId="container_16">
        <p xml:space="preserve">	确认日本通过“体育为明天”计划做出贡献，该计划是一项推广奥林匹克运动和残疾人奥林匹克运动的公共-私营部门合作倡议，目的是向包括发展中国家在内世界各国的各代人群传播体育价值观，介绍日本为促进日本当地民众与其他国家参赛运动员之间的交流，通过“主办城市倡议”所做的努力，这一努力可望使基层一级关系在2020年之后很多年里长期得到保持，</p>
      </container>
      <container name="又" eId="container_17">
        <p xml:space="preserve">
          <span class="bold">又</span>确认2020年东京奥运会力图以“一起做得更好：为了地球和人类”的可持续性原则为基础，确保以可持续方式举办奥运会，从而为实现联合国提出的可持续发展目标作出贡献，</p>
      </container>
      <container name="注意到" eId="container_18">
        <p xml:space="preserve">	注意到2020年东京奥运会让日本有机会表达日本人民对世界各地在2011年东日本大地震发生后所给予的声援和支持的衷心感谢，并向全世界传达一个强有力的讯息，说明日本是如何克服地震影响的，从而不仅鼓舞该次地震的灾民，也鼓舞世界各地遭受自然灾害的人们，</p>
      </container>
      <container name="确认" eId="container_19">
        <p xml:space="preserve">	确认迫切需要让妇女和女童参加体育运动，以促进发展与和平，并欢迎在全球一级开展旨在推动和鼓励这方面举措的活动，</p>
      </container>
      <container name="回顾" eId="container_20">
        <p xml:space="preserve">	回顾《儿童权利公约》<authorialNote marker="4" placement="bottom" eId="authorialNote_4"><p xml:space="preserve">		联合国，《条约汇编》，第1577卷，第27531号。</p></authorialNote> 第三十一条，其中阐明儿童从事游戏和娱乐活动的权利，并回顾关于儿童问题的大会第二十七届特别会议题为“适合儿童成长的世界”的成果文件，<authorialNote marker="5" placement="bottom" eId="authorialNote_5"><p xml:space="preserve">		第<a href="https://undocs.org/ch/A/RES/S-27/2">S-27/2</a>号决议，附件。</p></authorialNote> 其中强调通过游戏和体育运动促进身体、精神和情感健康，</p>
      </container>
      <container name="欢迎" eId="container_21">
        <p xml:space="preserve">	欢迎奥林匹克运动会、残疾人奥林匹克运动会和青年奥林匹克运动会对世界各地的志愿服务运动起到重大推动作用，确认志愿者对成功举办奥运会作出贡献，并在这方面呼吁主办国促进没有任何歧视的社会包容，</p>
      </container>
      <container name="注意到" eId="container_22">
        <p xml:space="preserve">	注意到分别于2018年2月9日至25日和3月9日至18日在大韩民国平昌举行的第二十三届冬季奥林匹克运动会和第十二届冬季残疾人奥林匹克运动会圆满结束，并欢迎第二十四届冬季奥林匹克运动会和第十三届冬季残疾人奥林匹克运动会将分别于2022年2月4日至20日和3月4日至13日在北京举行，以及欢迎第三十三届奥林匹克运动会和第十七届残疾人奥林匹克运动会将分别于2024年7月26日至8月11日和8月28日至9月8日在巴黎举行，</p>
      </container>
      <container name="确认" eId="container_23">
        <p xml:space="preserve">	确认国际奥林匹克委员会、国际残疾人奥林匹克委员会、相关联合国实体在促进人权、人类发展、减缓贫穷、人道主义援助、促进健康、预防艾滋病毒和艾滋病、儿童与青年教育、性别平等、建设和平、可持续发展等领域共同作出的努力，</p>
      </container>
      <container name="又" eId="container_24">
        <p xml:space="preserve">	又确认青年奥林匹克运动会将体育运动与文化、教育融为一体，在鼓舞青年方面具有重要作用，在这方面注意到2018年10月6日至18日在布宜诺斯艾利斯举行的第三届青年夏季奥林匹克运动会圆满结束，并欢迎第三届青年冬季奥林匹克运动会将于2020年1月9日至22日在瑞士洛桑举行，</p>
      </container>
      <container name="认识到" eId="container_25">
        <p xml:space="preserve">	认识到残疾人奥林匹克运动的作用不仅是向全球观众展示残疾运动员的成就，并且可以作为一种主要手段，在体育运动和社会中宣传残疾人的积极形象，扩大残疾人融入，</p>
      </container>
      <container name="又认识到" eId="container_26">
        <p xml:space="preserve">
          <span class="bold">又认识到</span>与残疾人并肩努力的支持人员在组织和发展残疾人体育运动方面发挥重要作用，</p>
      </container>
      <container name="还" eId="container_27">
        <p xml:space="preserve">	还认识到残疾人积极参加体育运动和残疾人奥林匹克运动会有助于充分、平等地实现其人权，有助于尊重其固有尊严，回顾《残疾人权利公约》<authorialNote marker="6" placement="bottom" eId="authorialNote_6"><p xml:space="preserve">		联合国，《条约汇编》，第2515卷，第44910号。</p></authorialNote> 第一条和三十条，其中缔约国确认包括身体、精神、智力或感官有长期损伤的人在内的残疾人有权在与其他人平等的基础上参与文化生活，以便使残疾人能够在与其他人平等的基础上参加娱乐、休闲和体育活动，在这方面注意到有必要提供适当的指导、训练、资源以及无障碍场地，并欢迎计划举办包容性综合运动会，</p>
      </container>
      <container name="欢迎" eId="container_28">
        <p xml:space="preserve">	欢迎许多联合国会员国和其他相关利益攸关方承诺制定国家和国际方案，以通过体育以及文化、教育、可持续发展和更广泛的公众参与，推动和平和解决冲突、奥运会和残奥会的价值观及奥林匹克休战理想，并确认以往各届奥运会和残奥会主办国在这方面作出贡献，</p>
      </container>
      <container name="确认" eId="container_29">
        <p xml:space="preserve">	确认奥林匹克休战和联合国支持的其他停止冲突倡议提供的人道主义机遇，</p>
      </container>
      <container name="回顾" eId="container_30">
        <p xml:space="preserve">	回顾其第<a href="https://undocs.org/ch/A/RES/73/24">73/24</a>号决议，其中大会支持体育运动的独立和自主性，支持国际奥林匹克委员会担负领导奥林匹克运动的使命以及支持国际残疾人奥林匹克委员会担负领导残疾人奥林匹克运动的使命，并确认大型国际体育赛事具有团结与和解性质，应本着和平、相互理解、友谊、宽容的精神举办此类活动，不允许任何形式的歧视，</p>
      </container>
      <container name="确认" eId="container_31">
        <p xml:space="preserve">	确认《奥林匹克宪章》的基本原则，尤其是原则6指出，必须确保人人以不受任何歧视的方式享有《奥林匹克宪章》规定的权利和自由，</p>
      </container>
      <container name="满意地" eId="container_32">
        <p xml:space="preserve">	满意地注意到第三十二届奥运会和第十六届残奥会的奥林匹克体育场、奥运村、残奥村将悬挂联合国旗，</p>
      </container>
    </preamble>
    <mainBody>
      <paragraph eId="para_33" class="MercuryDocument">
        <num>	1.</num>
        <content eId="para_33__content">
          <p xml:space="preserve">	敦促会员国依循《联合国宪章》，自2020年在东京举行的第三十二届奥林匹克运动会开幕前第七天至第十六届残疾人奥林匹克运动会闭幕后第七天，各自和集体遵守奥林匹克休战，特别是确保参加奥运会和残奥会的运动员、官员和所有其他经认可人员安全通行、出入和参与，并通过其他适当的措施为安全举办奥运会作出贡献；</p>
        </content>
      </paragraph>
      <paragraph eId="para_34" class="MercuryDocument">
        <num>	2.</num>
        <content eId="para_34__content">
          <p xml:space="preserve">	着重指出会员国之间务必开展合作，在全世界共同落实奥林匹克休战的价值观，并强调国际奥林匹克委员会和国际残疾人奥林匹克委员会以及联合国在这方面的重要作用；</p>
        </content>
      </paragraph>
      <paragraph eId="para_35" class="MercuryDocument">
        <num>	3.</num>
        <content eId="para_35__content">
          <p xml:space="preserve">	欢迎国际奥林匹克委员会和国际残疾人奥林匹克委员会以及国际奥林匹克休战基金会和国际奥林匹克休战中心开展努力，动员国家和国际体育联合会及组织、国家奥林匹克委员会、国家残奥委员会以及这些组织的协会在地方、国家、区域、国际各级采取具体行动，本着奥林匹克休战精神弘扬和加强和平文化，并邀请这些组织和国家委员会开展合作，酌情交流信息和最佳做法；</p>
        </content>
      </paragraph>
      <paragraph eId="para_36" class="MercuryDocument">
        <num>	4.</num>
        <content eId="para_36__content">
          <p xml:space="preserve">	又欢迎参加奥运会和残奥会的运动员发挥领导作用，通过体育和奥林匹克理想促进和平与人类相互了解；</p>
        </content>
      </paragraph>
      <paragraph eId="para_37" class="MercuryDocument">
        <num>	5.</num>
        <content eId="para_37__content">
          <p xml:space="preserve">	吁请所有会员国同国际奥林匹克委员会和国际残疾人奥林匹克委员会合作，在奥林匹克运动会和残疾人奥林匹克运动会期间和其后，在冲突地区努力把体育作为促进和平、对话与和解的手段；</p>
        </content>
      </paragraph>
      <paragraph eId="para_38" class="MercuryDocument">
        <num>	6.</num>
        <content eId="para_38__content">
          <p xml:space="preserve">	确认可借助体育以及奥林匹克运动会和残疾人奥林匹克运动会促进人权，加强普遍尊重人权，从而推动充分实现人权；</p>
        </content>
      </paragraph>
      <paragraph eId="para_39" class="MercuryDocument">
        <num>	7.</num>
        <content eId="para_39__content">
          <p xml:space="preserve">	欢迎各会员国、联合国及其专门机构、基金和方案与国际奥林匹克委员会及国际残疾人奥林匹克委员会合作，最大限度地发挥体育为实现《2030年可持续发展议程》<sup>3</sup><sup></sup>中的可持续发展目标作出有意义和可持续贡献的潜力，并鼓励奥林匹克运动和残疾人奥林匹克运动与国家和国际体育组织在通过体育实现这一目标方面开展密切合作；</p>
        </content>
      </paragraph>
      <paragraph eId="para_40" class="MercuryDocument">
        <num>	8.</num>
        <content eId="para_40__content">
          <p xml:space="preserve">	请秘书长和大会主席推动会员国遵守奥林匹克休战，通过体育支持人类发展举措，并继续同国际奥林匹克委员会、国际残疾人奥林匹克委员会和体育界开展有效合作，以实现这些目标；</p>
        </content>
      </paragraph>
      <paragraph eId="para_41" class="MercuryDocument">
        <num>	9.</num>
        <content eId="para_41__content">
          <p xml:space="preserve">	决定在题为“体育促进发展与和平”的项目下，将题为“通过体育和奥林匹克理想建立一个和平、更美好的世界”的分项目列入大会第七十六届会议临时议程，并在定于2022年于北京举行的第二十四届冬季奥林匹克运动会和第十三届冬季残疾人奥林匹克运动会之前审议这一分项。 </p>
        </content>
      </paragraph>
    </mainBody>
    <conclusions eId="conclusions">
      <p>
        <inline name="adoptionMeeting" title="第41次">第41次全体会议</inline>
        <eol />
        <docDate date="2019-12-09" refersTo="#adoptionDate">2019年12月9日</docDate>
      </p>
    </conclusions>
  </statement>
</akomaNtoso>