<akomaNtoso xmlns:xsi="http://www.w3.org/2001/XMLSchema-instance" xsi:schemaLocation="http://docs.oasis-open.org/legaldocml/ns/akn/3.0 http://docs.oasis-open.org/legaldocml/akn-core/v1.0/os/part2-specs/schemas/akomantoso30.xsd" xmlns="http://docs.oasis-open.org/legaldocml/ns/akn/3.0" xmlns:html="http://www.w3.org/1999/xhtml" xmlns:akn4un="http://un.org/akn4un">
  <statement name="resolution">
    <meta>
      <identification source="#DGACM">
        <FRBRWork>
          <FRBRthis value="/akn/un/statement/deliberation/unga/2019-12-18/74-153/!main/"></FRBRthis>
          <FRBRuri value="/akn/un/statement/deliberation/unga/2019-12-18/74-153/"></FRBRuri>
          <FRBRdate date="2019-12-18" name="adoption"></FRBRdate>
          <FRBRauthor href="ga" as="author"></FRBRauthor>
          <FRBRcountry value="un"></FRBRcountry>
        </FRBRWork>
        <FRBRExpression>
          <FRBRthis value="/akn/un/statement/deliberation/unga/2019-12-18/74-153/zho@!main/"></FRBRthis>
          <FRBRuri value="/akn/un/statement/deliberation/unga/2019-12-18/74-153/zho@/"></FRBRuri>
          <FRBRdate date="2020-01-21" name="publication"></FRBRdate>
          <FRBRauthor href="ga" as="issuer"></FRBRauthor>
          <FRBRlanguage language="zho"></FRBRlanguage>
        </FRBRExpression>
        <FRBRManifestation>
          <FRBRthis value="/akn/un/statement/deliberation/unga/2019-12-18/74-153/zho@/!main.xml"></FRBRthis>
          <FRBRuri value="/akn/un/statement/deliberation/unga/2019-12-18/74-153/zho@.xml"></FRBRuri>
          <FRBRdate date="2020-08-30" name="markup"></FRBRdate>
          <FRBRauthor href="DGACM" as="editor"></FRBRauthor>
        </FRBRManifestation>
      </identification>
      <classification source="http://metadata.un.org/sdg">
        <keyword value="16" href="http://metadata.un.org/sdg/16" showAs="sdg_16" dictionary="SDGO"></keyword>
        <keyword value="right_to_justice" href="http://eurovoc.europa.eu/516" showAs="right_to_justice" dictionary="EuroVoc"></keyword>
        <keyword value="sustainable_development" href="http://eurovoc.europa.eu/5585" showAs="sustainable_development" dictionary="EuroVoc"></keyword>
        <keyword value="civil_society" href="http://metadata.un.org/thesaurus/1001012" showAs="civil_society" dictionary="UNBIS Thesaurus"></keyword>
        <keyword value="justice" href="http://metadata.un.org/thesaurus/1003500" showAs="justice" dictionary="UNBIS Thesaurus"></keyword>
        <keyword value="peaceful_coexistence" href="http://metadata.un.org/thesaurus/1004777" showAs="peaceful_coexistence" dictionary="UNBIS Thesaurus"></keyword>
        <keyword value="public_institutions" href="http://metadata.un.org/thesaurus/1005254" showAs="public_institutions" dictionary="UNBIS Thesaurus"></keyword>
        <keyword value="social_justice" href="http://metadata.un.org/thesaurus/1005970" showAs="social_justice" dictionary="UNBIS Thesaurus"></keyword>
        <keyword value="sustainable_development" href="http://metadata.un.org/thesaurus/1006319" showAs="sustainable_development" dictionary="UNBIS Thesaurus"></keyword>
      </classification>
      <classification source="http://metadata.un.org/sdg">
        <keyword value="17" href="http://metadata.un.org/sdg/17" showAs="sdg_17" dictionary="SDGO"></keyword>
        <keyword value="sustainable_development" href="http://eurovoc.europa.eu/5585" showAs="sustainable_development" dictionary="EuroVoc"></keyword>
        <keyword value="partnership" href="http://eurovoc.europa.eu/4199" showAs="partnership" dictionary="EuroVoc"></keyword>
        <keyword value="sustainable_development" href="http://metadata.un.org/thesaurus/1006319" showAs="sustainable_development" dictionary="UNBIS Thesaurus"></keyword>
        <keyword value="partnership" href="http://metadata.un.org/thesaurus/1004748" showAs="partnership" dictionary="UNBIS Thesaurus"></keyword>
      </classification>
      <classification source="http://metadata.un.org/sdg">
        <keyword value="16.a" href="http://metadata.un.org/sdg/16.a" showAs="sdg_16.a" dictionary="SDGO"></keyword>
      </classification>
      <workflow source="#un">
        <step date="2019-10-30" outcome="draftResolution" as="A/C.3/74/L.41" by="Cuba (on behalf of the States Members of the United Nations that are members of the Movement of Non-Aligned Countries)" />
        <step date="0001-01-01" outcome="draftResolutionAdditionalSponsors" by="China, El  Salvador, Palau and Russian Federation" />
        <step date="0001-01-01" outcome="recommendedForAdoption" as="A/74/399/Add.2" by="" refersTo="90" />
        <step date="2019-12-18" outcome="adopted" as="A/74/PV.50" by="" />
      </workflow>
      <analysis source="#un">
        <parliamentary>
          <voting outcome="adoptedWithoutVote">
            <quorum value=""></quorum>
          </voting>
        </parliamentary>
      </analysis>
      <references source="#DGACM">
        <TLCOrganization eId="source" href="/akn/ontology/organization/un/DGACM" showAs="DGACM"></TLCOrganization>
        <TLCConcept eId="dateOfIssuance" href="/akn/ontology/concept/un/dateOfIssuance" showAs="Date of issuance"></TLCConcept>
        <TLCConcept eId="dateOfAdoption" href="/akn/ontology/concept/un/dateOfAdoption" showAs="Date of adoption"></TLCConcept>
        <TLCConcept eId="symbol" href="/akn/ontology/reference/un/symbol" showAs="Symbol"></TLCConcept>
        <TLCRole eId="publisher" href="/akn/ontology/role/un/publisher" showAs="Publisher"></TLCRole>
        <TLCRole eId="issuingBody" href="/akn/role/concept/un/issuingBody" showAs="Issuing body"></TLCRole>
        <TLCRole eId="author" href="/akn/ontology/role/un/author" showAs="Author"></TLCRole>
        <TLCRole eId="editor" href="/akn/ontology/role/un/editor" showAs="Editor"></TLCRole>
        <TLCRole eId="distribution" href="/akn/ontology/concept/un/generalDistribution" showAs="General distribution"></TLCRole>
        <TLCOrganization eId="ga" href="/akn/ontology/organization/un/generalAssembly" showAs="General Assembly"></TLCOrganization>
        <TLCTerm eId="resolutionTitle" href="/akn/ontology/reference/un/resolutionTitle" showAs="Resolution title"></TLCTerm>
        <TLCTerm eId="thirdCommittee" href="#thirdCommittee" showAs="第三委员会"></TLCTerm>
        <TLCTerm eId="memberState" href="/akn/ontology/organization/un/memberState" showAs="Member State"></TLCTerm>
        <TLCTerm eId="inFavour" href="/akn/ontology/concept/un/voting/inFavour" showAs="In favour"></TLCTerm>
        <TLCTerm eId="against" href="/akn/ontology/concept/un/voting/against" showAs="Against"></TLCTerm>
        <TLCTerm eId="abstaining" href="/akn/ontology/concept/un/voting/abstaining" showAs="Abstaining"></TLCTerm>
      </references>
      <presentation source="#un">
        <akn4un:footerFirstPage>
          <akn4un:footerFirstPageLeft>
            <akn4un:internalCode>
              <docketNumber refersTo="#publicationJobNumber">19-22275 (C)</docketNumber>
              <img alt="bar code" class="barCode" src=""></img>
            </akn4un:internalCode>
          </akn4un:footerFirstPageLeft>
          <akn4un:footerFirstPageRight>
            <img alt="Please recycle" class="image" src="./recylcleLogo.jpg"></img>
            <img alt="embedded QR code" class="qrCode" src=""></img>
          </akn4un:footerFirstPageRight>
        </akn4un:footerFirstPage>
      </presentation>
    </meta>
    <coverPage eId="coverPage_1">
      <p>
        <span refersTo="#publisher" class="upperLeft">
          <docAuthority refersTo="#publisher">联合国</docAuthority>
        </span>
      </p>
      <p class="upperRight">
        <docNumber refersTo="#symbol">A/RES/74/153</docNumber>
      </p>
      <p class="upperLeft">
        <img src="logo-un.jpg"></img>
        <docAuthority refersTo="#issuingBody" class="rightBig">大会</docAuthority>
      </p>
      <p>
        <docStatus refersTo="#generalDistribution" class="rightSmall">Distr.: General</docStatus>
      </p>
      <p>
        <docDate date="2020-01-21" class="rightSmall" refersTo="#dateOfIssuance">21 January 2020</docDate>
      </p>
      <p>
        <session refersTo="#generalAssembly" value="74" eId="coverPage_1__session_1">第七十四届会议</session>
      </p>
      <p>
        <inline name="agenda item">议程项目70(b)</inline>
      </p>
      <p>
        <inline name="agenda item name">促进和保护人权：人权问题，包括增进人权和基本自由切实享受的各种途径</inline>
      </p>
      <p>
        <docTitle>2019年12月18日大会决议</docTitle>
      </p>
      <p xml:space="preserve">
        <docProponent refersTo="#thirdCommittee">[根据第三委员会的报告 (<inline name="originating document">A/74/399/Add.2</inline>)]</docProponent>
      </p>
    </coverPage>
    <preface>
      <p>
        <docNumber>74/153.</docNumber>
        <docTitle refersTo="#resolutionTitle">增进人权领域的国际合作</docTitle>
      </p>
    </preface>
    <preamble>
      <formula name="enactingFormula" eId="formula_1">
        <p xml:space="preserve">
          <span class="bold">大会</span>，</p>
      </formula>
      <container name="重申" eId="container_2">
        <p xml:space="preserve">
          <span class="bold">重申</span>决心按照《联合国宪章》，特别是第一条第三项，以及世界人权会议1993年6月25日通过的《维也纳宣言和行动纲领》<authorialNote marker="1" placement="bottom" eId="authorialNote_1"><p xml:space="preserve"><a href="https://undocs.org/ch/A/CONF.157/24(Part I)">A/CONF.157/24(Part I)</a>和A/CONF.157/24(PART I)/Corr.1，第三章。</p></authorialNote> 中关于增进会员国在人权领域真诚合作的相关规定，促进国际合作，</p>
      </container>
      <container name="回顾" eId="container_3">
        <p xml:space="preserve">
          <span class="bold">回顾</span>大会题为“变革我们的世界：2030年可持续发展议程”的2015年9月25日第<a href="https://undocs.org/ch/A/RES/70/1">70/1</a>号决议，其中大会通过了一套全面、意义深远和以人为中心的具有普遍性和变革性的可持续发展目标，</p>
      </container>
      <container name="又回顾" eId="container_4">
        <p xml:space="preserve">
          <span class="bold">又回顾</span>其2000年9月8日通过的《联合国千年宣言》、<authorialNote marker="2" placement="bottom" eId="authorialNote_2"><p xml:space="preserve">		第<a href="https://undocs.org/ch/A/RES/55/2">55/2</a>号决议。</p></authorialNote> 大会2017年12月19日第<a href="https://undocs.org/ch/A/RES/72/169">72/169</a>号决议、人权理事会2018年7月5日第<a href="https://undocs.org/ch/A/HRC/RES/38/3">38/3</a>号决议<authorialNote marker="3" placement="bottom" eId="authorialNote_3"><p xml:space="preserve">		见《大会正式记录，第七十三届会议，补编第53号》(<a href="https://undocs.org/ch/A/73/53">A/73/53</a>)，第六章，A节。</p></authorialNote> 和人权委员会关于增进人权领域国际合作的各项决议，</p>
      </container>
      <container name="还回顾" eId="container_5">
        <p xml:space="preserve">
          <span class="bold">还回顾</span>2001年8月31日至9月8日在南非德班举行的反对种族主义、种族歧视、仇外心理和相关不容忍行为世界会议、2009年4月20日至24日在日内瓦举行的德班审查会议和纪念《德班宣言和行动纲领》通过十周年大会高级别会议政治宣言，<authorialNote marker="4" placement="bottom" eId="authorialNote_4"><p xml:space="preserve">		第<a href="https://undocs.org/ch/A/RES/66/3">66/3</a>号决议。</p></authorialNote> 以及它们在增进人权领域国际合作方面的作用，</p>
      </container>
      <container name="认识到" eId="container_6">
        <p xml:space="preserve">
          <span class="bold">认识到</span>增进人权领域国际合作对于充分实现联合国宗旨，包括切实促进和保护所有人权的重要性，</p>
      </container>
      <container name="又认识到" eId="container_7">
        <p xml:space="preserve">
          <span class="bold">又认识到</span>促进和保护人权应以合作和真诚对话原则为基础，以加强会员国为全人类利益而遵守人权义务的能力为目的，</p>
      </container>
      <container name="着重指出" eId="container_8">
        <p xml:space="preserve">
          <span class="bold">着重指出</span>合作不只是关涉睦邻关系、共处或互惠，而是关涉为推进普遍利益而逾越相互利益的意愿，</p>
      </container>
      <container name="强调指出" eId="container_9">
        <p xml:space="preserve">
          <span class="bold">强调指出</span>国际合作对于每个国家尤其是发展中国家改善所有人的生活条件而言十分重要，</p>
      </container>
      <container name="重申" eId="container_10">
        <p xml:space="preserve">
          <span class="bold">重申</span>不同宗教、文化和文明之间在人权领域开展对话，大大有助于增进这个领域的国际合作，</p>
      </container>
      <container name="再次申明" eId="container_11">
        <p xml:space="preserve">
          <span class="bold">再次申明</span>真诚的人权对话可以在双边、区域和国际各级加强人权领域的合作方面发挥重要作用，</p>
      </container>
      <container name="认识到" eId="container_12">
        <p xml:space="preserve">
          <span class="bold">认识到</span>加强国际合作和真诚对话有助于国际人权体系的有效运作，</p>
      </container>
      <container name="强调" eId="container_13">
        <p xml:space="preserve">
          <span class="bold">强调</span>人权对话应具有建设性，并基于普遍性、不可分割性、客观性、非选择性、非政治化、相互尊重和平等对待等原则，目的是促进相互理解和加强建设性合作，包括开展能力建设和国家之间的技术合作，</p>
      </container>
      <container name="又强调" eId="container_14">
        <p xml:space="preserve">
          <span class="bold">又强调</span>需要通过国际合作等途径，在促进和鼓励尊重人权和基本自由方面取得进一步进展，</p>
      </container>
      <container name="着重指出" eId="container_15">
        <p xml:space="preserve">
          <span class="bold">着重指出</span>相互理解、对话、合作、透明和建立信任，是所有促进和保护人权活动的重要元素，</p>
      </container>
      <container name="回顾" eId="container_16">
        <p xml:space="preserve">
          <span class="bold">回顾</span>促进和保护人权小组委员会第五十二届会议于2000年8月18日通过了关于促进人权问题对话的第2000/22号决议，<authorialNote marker="5" placement="bottom" eId="authorialNote_5"><p xml:space="preserve">		见<a href="https://undocs.org/ch/E/CN.4/2001/2">E/CN.4/2001/2-E/CN.4/Sub.2/2000/46</a>，第二章，A节。</p></authorialNote></p>
      </container>
    </preamble>
    <mainBody>
      <paragraph eId="para_17" class="SingleTxt">
        <num>	1.</num>
        <content eId="para_17__content">
          <p xml:space="preserve">
            <span class="bold">重申</span>通过国际合作等途径促进、保护和鼓励尊重人权和基本自由是联合国的一项宗旨，也是所有会员国的责任；</p>
        </content>
      </paragraph>
      <paragraph eId="para_18" class="SingleTxt">
        <num>	2.</num>
        <content eId="para_18__content">
          <p xml:space="preserve">
            <span class="bold">确认</span>各国除单独承担对本国社会的责任之外，还担负着在全球一级维护人类尊严、平等和公平原则的集体责任；</p>
        </content>
      </paragraph>
      <paragraph eId="para_19" class="SingleTxt">
        <num>	3.</num>
        <content eId="para_19__content">
          <p xml:space="preserve">
            <span class="bold">重申</span>不同文化和文明之间的对话有利于促进宽容和尊重多样性的文化，并在这方面欢迎举行关于不同文明之间对话的国家、区域和国际会议；</p>
        </content>
      </paragraph>
      <paragraph eId="para_20" class="SingleTxt">
        <num>	4.</num>
        <content eId="para_20__content">
          <p xml:space="preserve">
            <span class="bold">又重申</span>依照《联合国宪章》，各国有义务彼此合作，促进普遍尊重和遵守所有人的人权和基本自由，包括消除一切形式种族歧视和一切形式的宗教不容忍；</p>
        </content>
      </paragraph>
      <paragraph eId="para_21" class="SingleTxt">
        <num>	5.</num>
        <content eId="para_21__content">
          <p xml:space="preserve">
            <span class="bold">敦促</span>国际舞台上的所有行为体建立一个以包容、正义、平等和公平、人类尊严、相互谅解、促进和尊重文化多样性以及普遍人权为基础的国际秩序，摒弃一切基于种族主义、种族歧视、仇外心理和相关不容忍行为的排他理论；</p>
        </content>
      </paragraph>
      <paragraph eId="para_22" class="SingleTxt">
        <num>	6.</num>
        <content eId="para_22__content">
          <p xml:space="preserve">
            <span class="bold">重申</span>增进国际合作对于促进和保护人权以及实现打击种族主义、种族歧视、仇外心理和相关不容忍行为方面各项目标的重要性；</p>
        </content>
      </paragraph>
      <paragraph eId="para_23" class="SingleTxt">
        <num>	7.</num>
        <content eId="para_23__content">
          <p xml:space="preserve">
            <span class="bold">认为</span>在人权领域按照《联合国宪章》所载宗旨和原则及国际法开展国际合作，应可对防止侵犯人权和基本自由行为这一紧迫任务作出切实有效的贡献；</p>
        </content>
      </paragraph>
      <paragraph eId="para_24" class="SingleTxt">
        <num>	8.</num>
        <content eId="para_24__content">
          <p xml:space="preserve">
            <span class="bold">重申</span>在促进、保护和充分实现所有人权和基本自由的过程中，应遵循普遍、非选择、合作与真诚对话、客观和透明的原则，并与《宪章》所载宗旨和原则保持一致；</p>
        </content>
      </paragraph>
      <paragraph eId="para_25" class="SingleTxt">
        <num>	9.</num>
        <content eId="para_25__content">
          <p xml:space="preserve">
            <span class="bold">强调</span>普遍定期审议作为基于合作与建设性对话的机制的重要性，其目的除其他外包括改善实地人权状况，促进履行各国承担的人权义务和所作的承诺；</p>
        </content>
      </paragraph>
      <paragraph eId="para_26" class="SingleTxt">
        <num>	10.</num>
        <content eId="para_26__content">
          <p xml:space="preserve">
            <span class="bold">又强调</span>所有利益攸关方都需要在国际论坛上以合作和建设性方式解决人权问题；</p>
        </content>
      </paragraph>
      <paragraph eId="para_27" class="SingleTxt">
        <num>	11.</num>
        <content eId="para_27__content">
          <p xml:space="preserve">
            <span class="bold">还强调</span>国际合作有助于支持国家努力和提高会员国在人权领域的能力，包括为此增进各国与人权机制的合作，以及应有关国家请求并按照这些国家确定的优先重点提供技术援助；</p>
        </content>
      </paragraph>
      <paragraph eId="para_28" class="SingleTxt">
        <num>	12.</num>
        <content eId="para_28__content">
          <p xml:space="preserve">
            <span class="bold">促请</span>会员国、各专门机构和政府间组织继续开展建设性对话和协商，以增进理解及促进和保护所有人权和基本自由，并鼓励非政府组织积极为此作出贡献；</p>
        </content>
      </paragraph>
      <paragraph eId="para_29" class="SingleTxt">
        <num>	13.</num>
        <content eId="para_29__content">
          <p xml:space="preserve">
            <span class="bold">敦促</span>各国采取增进双边、区域和国际合作的必要措施，以应对诸如金融和经济危机、粮食危机、气候变化和自然灾害等接连发生的复合型全球危机对充分享受人权的不利影响；</p>
        </content>
      </paragraph>
      <paragraph eId="para_30" class="SingleTxt">
        <num>	14.</num>
        <content eId="para_30__content">
          <p xml:space="preserve">
            <span class="bold">邀请</span>各国和联合国相关人权机制和程序继续注意相互合作、理解和对话在确保促进和保护所有人权方面的重要性；</p>
        </content>
      </paragraph>
      <paragraph eId="para_31" class="SingleTxt">
        <num>	15.</num>
        <content eId="para_31__content">
          <p xml:space="preserve">
            <span class="bold">鼓励</span>全体会员国和联合国系统探索和发挥南北合作、南南合作和三方合作的互补作用，以加强人权领域的国际合作；</p>
        </content>
      </paragraph>
      <paragraph eId="para_32" class="SingleTxt">
        <num>	16.</num>
        <content eId="para_32__content">
          <p xml:space="preserve">
            <span class="bold">请</span>秘书长与联合国人权事务高级专员协作，就增进在人权理事会等联合国人权机构内国际合作与真诚对话的途径和方法以及相关障碍和挑战及可能的应对提议，与各国和政府间及非政府组织进行协商；</p>
        </content>
      </paragraph>
      <paragraph eId="para_33" class="SingleTxt">
        <num>	17.</num>
        <content eId="para_33__content">
          <p xml:space="preserve">
            <span class="bold">决定</span>在大会第七十五届会议上继续审议这个问题。</p>
        </content>
      </paragraph>
    </mainBody>
    <conclusions eId="conclusions">
      <p>
        <inline name="adoptionMeeting" title="第50次">第50次全体会议</inline>
        <eol />
        <docDate date="2019-12-18" refersTo="#adoptionDate">2019年12月18日</docDate>
      </p>
    </conclusions>
  </statement>
</akomaNtoso>