<akomaNtoso xmlns:xsi="http://www.w3.org/2001/XMLSchema-instance" xsi:schemaLocation="http://docs.oasis-open.org/legaldocml/ns/akn/3.0 http://docs.oasis-open.org/legaldocml/akn-core/v1.0/os/part2-specs/schemas/akomantoso30.xsd" xmlns="http://docs.oasis-open.org/legaldocml/ns/akn/3.0" xmlns:html="http://www.w3.org/1999/xhtml" xmlns:akn4un="http://un.org/akn4un">
  <statement name="resolution">
    <meta>
      <identification source="#DGACM">
        <FRBRWork>
          <FRBRthis value="/akn/un/statement/deliberation/unga/2019-12-18/74-186/!main/"></FRBRthis>
          <FRBRuri value="/akn/un/statement/deliberation/unga/2019-12-18/74-186/"></FRBRuri>
          <FRBRdate date="2019-12-18" name="adoption"></FRBRdate>
          <FRBRauthor href="ga" as="author"></FRBRauthor>
          <FRBRcountry value="un"></FRBRcountry>
        </FRBRWork>
        <FRBRExpression>
          <FRBRthis value="/akn/un/statement/deliberation/unga/2019-12-18/74-186/zho@!main/"></FRBRthis>
          <FRBRuri value="/akn/un/statement/deliberation/unga/2019-12-18/74-186/zho@/"></FRBRuri>
          <FRBRdate date="2020-01-02" name="publication"></FRBRdate>
          <FRBRauthor href="ga" as="issuer"></FRBRauthor>
          <FRBRlanguage language="zho"></FRBRlanguage>
        </FRBRExpression>
        <FRBRManifestation>
          <FRBRthis value="/akn/un/statement/deliberation/unga/2019-12-18/74-186/zho@/!main.xml"></FRBRthis>
          <FRBRuri value="/akn/un/statement/deliberation/unga/2019-12-18/74-186/zho@.xml"></FRBRuri>
          <FRBRdate date="2020-08-30" name="markup"></FRBRdate>
          <FRBRauthor href="DGACM" as="editor"></FRBRauthor>
        </FRBRManifestation>
      </identification>
      <classification source="http://metadata.un.org/sdg">
        <keyword value="2.a" href="http://metadata.un.org/sdg/2.a" showAs="sdg_2.a" dictionary="SDGO"></keyword>
        <keyword value="agricultural_policy" href="http://eurovoc.europa.eu/2442" showAs="agricultural_policy" dictionary="EuroVoc"></keyword>
        <keyword value="economic_policy" href="http://eurovoc.europa.eu/2497" showAs="economic_policy" dictionary="EuroVoc"></keyword>
        <keyword value="power_of_implementation" href="http://eurovoc.europa.eu/2577" showAs="power_of_implementation" dictionary="EuroVoc"></keyword>
        <keyword value="agricultural_policy" href="http://metadata.un.org/thesaurus/1000150" showAs="agricultural_policy" dictionary="UNBIS Thesaurus"></keyword>
        <keyword value="economic_policy" href="http://metadata.un.org/thesaurus/1001863" showAs="economic_policy" dictionary="UNBIS Thesaurus"></keyword>
      </classification>
      <classification source="http://metadata.un.org/sdg">
        <keyword value="14" href="http://metadata.un.org/sdg/14" showAs="sdg_14" dictionary="SDGO"></keyword>
        <keyword value="marine_life" href="http://eurovoc.europa.eu/3149" showAs="marine_life" dictionary="EuroVoc"></keyword>
        <keyword value="marine_environment" href="http://eurovoc.europa.eu/5742" showAs="marine_environment" dictionary="EuroVoc"></keyword>
        <keyword value="ocean" href="http://eurovoc.europa.eu/2107" showAs="ocean" dictionary="EuroVoc"></keyword>
        <keyword value="sea" href="http://eurovoc.europa.eu/1870" showAs="sea" dictionary="EuroVoc"></keyword>
        <keyword value="marine_resources" href="http://metadata.un.org/thesaurus/030800" showAs="marine_resources" dictionary="UNBIS Thesaurus"></keyword>
        <keyword value="marine_resources" href="http://metadata.un.org/thesaurus/1003922" showAs="marine_resources" dictionary="UNBIS Thesaurus"></keyword>
        <keyword value="oceans_and_seas" href="http://metadata.un.org/thesaurus/170600" showAs="oceans_and_seas" dictionary="UNBIS Thesaurus"></keyword>
      </classification>
      <classification source="http://metadata.un.org/sdg">
        <keyword value="16" href="http://metadata.un.org/sdg/16" showAs="sdg_16" dictionary="SDGO"></keyword>
        <keyword value="right_to_justice" href="http://eurovoc.europa.eu/516" showAs="right_to_justice" dictionary="EuroVoc"></keyword>
        <keyword value="sustainable_development" href="http://eurovoc.europa.eu/5585" showAs="sustainable_development" dictionary="EuroVoc"></keyword>
        <keyword value="civil_society" href="http://metadata.un.org/thesaurus/1001012" showAs="civil_society" dictionary="UNBIS Thesaurus"></keyword>
        <keyword value="justice" href="http://metadata.un.org/thesaurus/1003500" showAs="justice" dictionary="UNBIS Thesaurus"></keyword>
        <keyword value="peaceful_coexistence" href="http://metadata.un.org/thesaurus/1004777" showAs="peaceful_coexistence" dictionary="UNBIS Thesaurus"></keyword>
        <keyword value="public_institutions" href="http://metadata.un.org/thesaurus/1005254" showAs="public_institutions" dictionary="UNBIS Thesaurus"></keyword>
        <keyword value="social_justice" href="http://metadata.un.org/thesaurus/1005970" showAs="social_justice" dictionary="UNBIS Thesaurus"></keyword>
        <keyword value="sustainable_development" href="http://metadata.un.org/thesaurus/1006319" showAs="sustainable_development" dictionary="UNBIS Thesaurus"></keyword>
      </classification>
      <classification source="http://metadata.un.org/sdg">
        <keyword value="2.b" href="http://metadata.un.org/sdg/2.b" showAs="sdg_2.b" dictionary="SDGO"></keyword>
      </classification>
      <workflow source="#un">
        <step date="2019-11-12" outcome="draftResolution" as="A/C.6/74/L.20" by="introduced in the Committee by the representative of Colombia on behalf of the Bureau" />
        <step date="0001-01-01" outcome="draftResolutionAdditionalSponsors" by="" />
        <step date="0001-01-01" outcome="recommendedForAdoption" as="A/74/425" by="" refersTo="11" />
        <step date="2019-12-18" outcome="adopted" as="A/74/PV.51" by="" />
      </workflow>
      <analysis source="#un">
        <parliamentary>
          <voting outcome="adoptedWithoutVote">
            <quorum value=""></quorum>
          </voting>
        </parliamentary>
      </analysis>
      <references source="#DGACM">
        <TLCOrganization eId="source" href="/akn/ontology/organization/un/DGACM" showAs="DGACM"></TLCOrganization>
        <TLCConcept eId="dateOfIssuance" href="/akn/ontology/concept/un/dateOfIssuance" showAs="Date of issuance"></TLCConcept>
        <TLCConcept eId="dateOfAdoption" href="/akn/ontology/concept/un/dateOfAdoption" showAs="Date of adoption"></TLCConcept>
        <TLCConcept eId="symbol" href="/akn/ontology/reference/un/symbol" showAs="Symbol"></TLCConcept>
        <TLCRole eId="publisher" href="/akn/ontology/role/un/publisher" showAs="Publisher"></TLCRole>
        <TLCRole eId="issuingBody" href="/akn/role/concept/un/issuingBody" showAs="Issuing body"></TLCRole>
        <TLCRole eId="author" href="/akn/ontology/role/un/author" showAs="Author"></TLCRole>
        <TLCRole eId="editor" href="/akn/ontology/role/un/editor" showAs="Editor"></TLCRole>
        <TLCRole eId="distribution" href="/akn/ontology/concept/un/generalDistribution" showAs="General distribution"></TLCRole>
        <TLCOrganization eId="ga" href="/akn/ontology/organization/un/generalAssembly" showAs="General Assembly"></TLCOrganization>
        <TLCTerm eId="resolutionTitle" href="/akn/ontology/reference/un/resolutionTitle" showAs="Resolution title"></TLCTerm>
        <TLCTerm eId="sixthCommittee" href="#sixthCommittee" showAs="第六委员会"></TLCTerm>
        <TLCTerm eId="memberState" href="/akn/ontology/organization/un/memberState" showAs="Member State"></TLCTerm>
        <TLCTerm eId="inFavour" href="/akn/ontology/concept/un/voting/inFavour" showAs="In favour"></TLCTerm>
        <TLCTerm eId="against" href="/akn/ontology/concept/un/voting/against" showAs="Against"></TLCTerm>
        <TLCTerm eId="abstaining" href="/akn/ontology/concept/un/voting/abstaining" showAs="Abstaining"></TLCTerm>
      </references>
      <presentation source="#un">
        <akn4un:footerFirstPage>
          <akn4un:footerFirstPageLeft>
            <akn4un:internalCode>
              <docketNumber refersTo="#publicationJobNumber">19-22346 (C)</docketNumber>
              <img alt="bar code" class="barCode" src=""></img>
            </akn4un:internalCode>
          </akn4un:footerFirstPageLeft>
          <akn4un:footerFirstPageRight>
            <img alt="Please recycle" class="image" src="./recylcleLogo.jpg"></img>
            <img alt="embedded QR code" class="qrCode" src=""></img>
          </akn4un:footerFirstPageRight>
        </akn4un:footerFirstPage>
      </presentation>
    </meta>
    <coverPage eId="coverPage_1">
      <p>
        <span refersTo="#publisher" class="upperLeft">
          <docAuthority refersTo="#publisher">联合国</docAuthority>
        </span>
      </p>
      <p class="upperRight">
        <docNumber refersTo="#symbol">A/RES/74/186</docNumber>
      </p>
      <p class="upperLeft">
        <img src="logo-un.jpg"></img>
        <docAuthority refersTo="#issuingBody" class="rightBig">大会</docAuthority>
      </p>
      <p>
        <docStatus refersTo="#generalDistribution" class="rightSmall">Distr.: General</docStatus>
      </p>
      <p>
        <docDate date="2020-01-02" class="rightSmall" refersTo="#dateOfIssuance">2 January 2020</docDate>
      </p>
      <p>
        <session refersTo="#generalAssembly" value="74" eId="coverPage_1__session_1">第七十四届会议</session>
      </p>
      <p>
        <inline name="agenda item">议程项目79</inline>
      </p>
      <p>
        <inline name="agenda item name">国际法委员会第七十一届会议工作报告</inline>
      </p>
      <p>
        <docTitle>2019年12月18日大会决议</docTitle>
      </p>
      <p xml:space="preserve">
        <docProponent refersTo="#sixthCommittee">[根据第六委员会的报告 (<inline name="originating document">A/74/425</inline>)]</docProponent>
      </p>
    </coverPage>
    <preface>
      <p>
        <docNumber>74/186.</docNumber>
        <docTitle refersTo="#resolutionTitle">国际法委员会第七十一届会议工作报告</docTitle>
      </p>
    </preface>
    <preamble>
      <formula name="enactingFormula" eId="formula_1">
        <p xml:space="preserve">
          <span class="bold">大会</span>，</p>
      </formula>
      <container name="审议了" eId="container_2">
        <p xml:space="preserve">
          <span class="bold">审议了</span>国际法委员会第七十一届会议工作报告，<authorialNote marker="1" placement="bottom" eId="authorialNote_1"><p xml:space="preserve">		《大会正式记录，第七十四届会议，补编第10号》(<a href="https://undocs.org/ch/A/74/10">A/74/10</a>)。</p></authorialNote></p>
      </container>
      <container name="强调" eId="container_3">
        <p xml:space="preserve">
          <span class="bold">强调</span>进一步逐渐发展和编纂国际法至关重要，是实施《联合国宪章》和《关于各国依联合国宪章建立友好关系及合作的国际法原则宣言》<authorialNote marker="2" placement="bottom" eId="authorialNote_2"><p xml:space="preserve">		第<a href="https://undocs.org/ch/A/RES/2625(XXV)">2625(XXV)</a>号决议，附件。</p></authorialNote> 所阐述的宗旨和原则的一种方法，</p>
      </container>
      <container name="确认" eId="container_4">
        <p xml:space="preserve">
          <span class="bold">确认</span>宜将法律问题和起草问题，包括可能提交国际法委员会作更深入审议的专题，发交第六委员会，并使第六委员会和国际法委员会能够进一步增进它们对国际法的逐渐发展和编纂的贡献，</p>
      </container>
      <container name="回顾" eId="container_5">
        <p xml:space="preserve">
          <span class="bold">回顾</span>有必要不断审查一些国际法专题，这些专题开始或重新引起国际社会注意，可能适合国际法的逐渐发展和编纂，因而也许可以列入国际法委员会未来工作方案，</p>
      </container>
      <container name="又回顾" eId="container_6">
        <p xml:space="preserve">
          <span class="bold">又回顾</span>会员国提议新专题供国际法委员会审议的作用，在这方面注意到委员会建议会员国提议新专题时陈述理由，</p>
      </container>
      <container name="重申" eId="container_7">
        <p xml:space="preserve">
          <span class="bold">重申</span>会员国提供关于其意见和实践的资料对于国际法委员会顺利开展工作十分重要，</p>
      </container>
      <container name="确认" eId="container_8">
        <p xml:space="preserve">
          <span class="bold">确认</span>国际法委员会特别报告员的工作的重要性，</p>
      </container>
      <container name="欣见" eId="container_9">
        <p xml:space="preserve">
          <span class="bold">欣见</span>举办了国际法讨论会，并赞赏地注意到向联合国国际法讨论会信托基金作出的自愿捐助，</p>
      </container>
      <container name="承认" eId="container_10">
        <p xml:space="preserve">
          <span class="bold">承认</span>为及时出版《国际法委员会年鉴》和解决积压问题提供便利的重要性，</p>
      </container>
      <container name="强调指出" eId="container_11">
        <p xml:space="preserve">
          <span class="bold">强调指出</span>第六委员会在对国际法委员会的报告进行辩论时，最好能作出有利于集中讨论的安排，以创造条件，专注审议报告中所处理的每个主要专题和讨论具体专题，</p>
      </container>
      <container name="希望" eId="container_12">
        <p xml:space="preserve">
          <span class="bold">希望</span>在使关于国际法委员会报告的辩论恢复活力的背景下，进一步加强作为各国政府代表机构的第六委员会与作为独立法律专家机构的国际法委员会之间的相互交流，以期改进这两个机构之间的对话，</p>
      </container>
      <container name="欢迎" eId="container_13">
        <p xml:space="preserve">
          <span class="bold">欢迎</span>按照大会关于振兴其工作的进一步措施的2004年7月1日第<a href="https://undocs.org/ch/A/RES/58/316">58/316</a>号决议采取行动，在第六委员会安排互动辩论、分组讨论和提问时间，</p>
      </container>
    </preamble>
    <mainBody>
      <paragraph eId="para_14" class="MercuryDocument">
        <num>	1.</num>
        <content eId="para_14__content">
          <p xml:space="preserve">
            <span class="bold">表示注意到</span>国际法委员会第七十一届会议工作报告；<sup>1</sup></p>
        </content>
      </paragraph>
      <paragraph eId="para_15" class="MercuryDocument">
        <num>	2.</num>
        <content eId="para_15__content">
          <p xml:space="preserve">
            <span class="bold">表示赞赏</span>国际法委员会在其第七十一届会议期间完成的工作，特别注意到：</p>
        </content>
      </paragraph>
      <paragraph eId="para_16" class="MercuryDocument">
        <content eId="para_16__content">
          <p xml:space="preserve">	(a)	完成防止及惩治危害人类罪条款草案的二读；<authorialNote marker="3" placement="bottom" eId="authorialNote_3"><p xml:space="preserve">		见《大会正式记录，第七十四届会议，补编第10号》(<a href="https://undocs.org/ch/A/74/10">A/74/10</a>)，第四章，E节。</p></authorialNote></p>
        </content>
      </paragraph>
      <paragraph eId="para_17" class="MercuryDocument">
        <content eId="para_17__content">
          <p xml:space="preserve">	(b)	完成关于一般国际法强制性规范(<span class="bold">强行法</span>)的结论草案的一读；<authorialNote marker="4" placement="bottom" eId="authorialNote_4"><p xml:space="preserve">		同上，第五章，C节。</p></authorialNote></p>
        </content>
      </paragraph>
      <paragraph eId="para_18" class="MercuryDocument">
        <content eId="para_18__content">
          <p xml:space="preserve">	(c)	完成与武装冲突有关的环境保护原则草案的一读；<authorialNote marker="5" placement="bottom" eId="authorialNote_5"><p xml:space="preserve">		同上，第六章，C节。</p></authorialNote></p>
        </content>
      </paragraph>
      <paragraph eId="para_19" class="MercuryDocument">
        <num>	3.</num>
        <content eId="para_19__content">
          <p xml:space="preserve">
            <span class="bold">建议</span>国际法委员会考虑到各国政府无论书面提交还是在第六委员会辩论时口头发表的评论和意见，继续就其目前工作方案内的专题开展工作；</p>
        </content>
      </paragraph>
      <paragraph eId="para_20" class="MercuryDocument">
        <num>	4.</num>
        <content eId="para_20__content">
          <p xml:space="preserve">
            <span class="bold">提请</span>各国政府注意至迟于2019年12月31日就国际法委员会议程上的专题诸多方面提出意见，尤其是就委员会报告第三章所列举的所有具体问题提出意见，对委员会工作很重要，这些问题涉及：</p>
        </content>
      </paragraph>
      <paragraph eId="para_21" class="MercuryDocument">
        <content eId="para_21__content">
          <p xml:space="preserve">	(a)	国家官员的外国刑事管辖豁免；</p>
        </content>
      </paragraph>
      <paragraph eId="para_22" class="MercuryDocument">
        <content eId="para_22__content">
          <p xml:space="preserve">	(b)	国家责任方面的国家继承；</p>
        </content>
      </paragraph>
      <paragraph eId="para_23" class="MercuryDocument">
        <content eId="para_23__content">
          <p xml:space="preserve">	(c)	一般法律原则；</p>
        </content>
      </paragraph>
      <paragraph eId="para_24" class="MercuryDocument">
        <content eId="para_24__content">
          <p xml:space="preserve">	(d)	与国际法有关的海平面上升；</p>
        </content>
      </paragraph>
      <paragraph eId="para_25" class="MercuryDocument">
        <num>	5.</num>
        <content eId="para_25__content">
          <p xml:space="preserve">
            <span class="bold">	又提请</span>各国政府<span class="bold">注意</span>必须至迟于2019年12月15日就国际法委员会第七十届会议一读通过的关于保护大气层的指南草案和条约的暂时适用指南草案向委员会提供评论和意见，<authorialNote marker="6" placement="bottom" eId="authorialNote_6"><p xml:space="preserve">		同上，《第七十三届会议，补编第10号》(<a href="https://undocs.org/ch/A/73/10">A/73/10</a>)，第76和88段。</p></authorialNote> 包括对委员会第七十一届会议工作报告附件A所载关于条约的暂时适用的示范条款草案的评论和意见；<authorialNote marker="7" placement="bottom" eId="authorialNote_7"><p xml:space="preserve">		同上，《第七十四届会议，补编第10号》(<a href="https://undocs.org/ch/A/74/10">A/74/10</a>)，附件A。</p></authorialNote></p>
        </content>
      </paragraph>
      <paragraph eId="para_26" class="MercuryDocument">
        <num>	6.</num>
        <content eId="para_26__content">
          <p xml:space="preserve">
            <span class="bold">表示注意到</span>国际法委员会决定将“与国际法有关的海平面上升”专题纳入委员会工作方案，<authorialNote marker="8" placement="bottom" eId="authorialNote_8"><p xml:space="preserve">		同上，第285段。</p></authorialNote> 并鼓励委员会继续审查其长期工作方案上的各项专题；<authorialNote marker="9" placement="bottom" eId="authorialNote_9"><p xml:space="preserve">		国际法委员会长期工作方案上目前有下列专题：“国家海事管辖范围以外的沉船的所有权及保护”、“国际组织的管辖豁免”、“信息跨界流动中的个人数据保护”、“域外管辖权”、“国际投资法律中的公正和公平待遇标准”、“国际组织作为当事方的国际争端的解决”、“国际性法院和法庭的证据”、“普遍刑事管辖权”、“就严重违反国际人权法和严重违反国际人道法行为对个人的赔偿”和“防止和打击海盗和海上武装抢劫行为”。</p></authorialNote></p>
        </content>
      </paragraph>
      <paragraph eId="para_27" class="MercuryDocument">
        <num>	7.</num>
        <content eId="para_27__content">
          <p xml:space="preserve">
            <span class="bold">鼓励</span>国际法委员会在其当前工作方案中列入专题时特别考虑到会员国的能力和观点以及委员会的工作负荷；</p>
        </content>
      </paragraph>
      <paragraph eId="para_28" class="MercuryDocument">
        <num>	8.</num>
        <content eId="para_28__content">
          <p xml:space="preserve">
            <span class="bold">表示注意到</span>国际法委员会报告第289至291段，特别是注意到“就严重违反国际人权法和严重违反国际人道法行为对个人的赔偿”和“防止和打击海盗和海上武装抢劫行为”专题被纳入委员会的长期工作方案，<authorialNote marker="10" placement="bottom" eId="authorialNote_10"><p xml:space="preserve">		《大会正式记录，第七十四届会议，补编第10号》(<a href="https://undocs.org/ch/A/74/10">A/74/10</a>)，第290段。</p></authorialNote> 并在这方面促请国际法委员会对各国政府在第六委员会辩论期间表达的评论、关切和意见加以考虑；</p>
        </content>
      </paragraph>
      <paragraph eId="para_29" class="MercuryDocument">
        <num>	9.</num>
        <content eId="para_29__content">
          <p xml:space="preserve">
            <span class="bold">又表示注意到</span>国际法委员会报告第302段，并请秘书长除采用大会2002年3月27日第<a href="https://undocs.org/ch/A/RES/56/272">56/272</a>号决议规定的办法外，继续努力确定具体备选办法，支持特别报告员的工作；</p>
        </content>
      </paragraph>
      <paragraph eId="para_30" class="MercuryDocument">
        <num>	10.</num>
        <content eId="para_30__content">
          <p xml:space="preserve">
            <span class="bold">再次表示赞赏</span>国际法委员会努力改进工作方法，<authorialNote marker="11" placement="bottom" eId="authorialNote_11"><p xml:space="preserve">		同上，《第六十六届会议，补编第10号》(<a href="https://undocs.org/ch/A/66/10">A/66/10</a>)，第370至388段。</p></authorialNote> 并鼓励委员会继续这样做；</p>
        </content>
      </paragraph>
      <paragraph eId="para_31" class="MercuryDocument">
        <num>	11.</num>
        <content eId="para_31__content">
          <p xml:space="preserve">
            <span class="bold">邀请</span>国际法委员会继续采取措施提高其效率和生产力，并考虑就此向会员国提出建议；</p>
        </content>
      </paragraph>
      <paragraph eId="para_32" class="MercuryDocument">
        <num>	12.</num>
        <content eId="para_32__content">
          <p xml:space="preserve">
            <span class="bold">回顾</span>深入分析国家实践和考虑会员国法律制度多样性对国际法委员会工作的重要性；</p>
        </content>
      </paragraph>
      <paragraph eId="para_33" class="MercuryDocument">
        <num>	13.</num>
        <content eId="para_33__content">
          <p xml:space="preserve">
            <span class="bold">表示注意到</span>国际法委员会的报告第306段，回顾大会2015年9月11日第<a href="https://undocs.org/ch/A/RES/69/324">69/324</a>号和2017年9月11日第<a href="https://undocs.org/ch/A/RES/71/328">71/328</a>号决议规定使用多种语文至关重要，着重指出以联合国六种正式语文印发委员会文件并同时确保所有正式语文版本的准确性十分重要，为此请各特别报告员在秘书处订明的时限内提交报告，并请秘书处适当考虑到委员会文件的六种正式语文翻译的质量；</p>
        </content>
      </paragraph>
      <paragraph eId="para_34" class="MercuryDocument">
        <num>	14.</num>
        <content eId="para_34__content">
          <p xml:space="preserve">
            <span class="bold">鼓励</span>国际法委员会在今后的会议上，在不影响工作效率和成效的前提下，继续采取节省费用的措施；</p>
        </content>
      </paragraph>
      <paragraph eId="para_35" class="MercuryDocument">
        <num>	15.</num>
        <content eId="para_35__content">
          <p xml:space="preserve">
            <span class="bold">回顾</span>国际法委员会设在联合国日内瓦办事处；</p>
        </content>
      </paragraph>
      <paragraph eId="para_36" class="MercuryDocument">
        <num>	16.</num>
        <content eId="para_36__content">
          <p xml:space="preserve">
            <span class="bold">表示注意到</span>国际法委员会报告第313段，决定委员会下一届会议于2020年4月27日至6月5日和7月6日至8月7日在联合国日内瓦办事处举行；</p>
        </content>
      </paragraph>
      <paragraph eId="para_37" class="MercuryDocument">
        <num>	17.</num>
        <content eId="para_37__content">
          <p xml:space="preserve">
            <span class="bold">强调指出</span>国际法委员会，尤其是特别报告员和第六委员会宜进一步加强对话，在这方面鼓励第六委员会成员和国际法委员会成员全年除其他外，继续以讨论形式进行非正式协商；</p>
        </content>
      </paragraph>
      <paragraph eId="para_38" class="MercuryDocument">
        <num>	18.</num>
        <content eId="para_38__content">
          <p xml:space="preserve">
            <span class="bold">鼓励</span>各代表团在就国际法委员会的报告进行辩论时继续尽可能遵照第六委员会商定的结构化工作方案，并考虑发言时力求简洁，重点突出；</p>
        </content>
      </paragraph>
      <paragraph eId="para_39" class="MercuryDocument">
        <num>	19.</num>
        <content eId="para_39__content">
          <p xml:space="preserve">
            <span class="bold">鼓励</span>会员国考虑派遣法律顾问级别的人员出席第六委员会对国际法委员会报告的第一周讨论(国际法周)，以便能够就国际法的各个问题进行高级别讨论；</p>
        </content>
      </paragraph>
      <paragraph eId="para_40" class="MercuryDocument">
        <num>	20.</num>
        <content eId="para_40__content">
          <p xml:space="preserve">	在这方面<span class="bold">着重指出</span>，必须给予足够的时间以便在第六委员会中审议国际法委员会的报告；</p>
        </content>
      </paragraph>
      <paragraph eId="para_41" class="MercuryDocument">
        <num>	21.</num>
        <content eId="para_41__content">
          <p xml:space="preserve">
            <span class="bold">请</span>国际法委员会继续特别注意在其年度报告中，就每一专题指出在哪些具体问题上，如果各国政府在第六委员会或以书面形式发表意见，将尤其有助于为国际法委员会今后的工作提供有效的指导；</p>
        </content>
      </paragraph>
      <paragraph eId="para_42" class="MercuryDocument">
        <num>	22.</num>
        <content eId="para_42__content">
          <p xml:space="preserve">
            <span class="bold">表示注意到</span>国际法委员会报告中关于同其他机构合作和互动的第314至319段，并鼓励委员会考虑到委员会与关注国际法的其他机构合作的作用，继续执行其章程第16(e)、25和26条，以便进一步加强此种合作；</p>
        </content>
      </paragraph>
      <paragraph eId="para_43" class="MercuryDocument">
        <num>	23.</num>
        <content eId="para_43__content">
          <p xml:space="preserve">
            <span class="bold">注意到</span>征求关注国际法的国家组织和专家个人的意见，可能有助于各国政府考虑是否就国际法委员会提出的草案发表评论和意见，也有助于它们撰写其评论和意见；</p>
        </content>
      </paragraph>
      <paragraph eId="para_44" class="MercuryDocument">
        <num>	24.</num>
        <content eId="para_44__content">
          <p xml:space="preserve">
            <span class="bold">重申</span>大会以往的决定，认为秘书处法律事务厅编纂司在向国际法委员会提供协助方面，包括在就委员会议程上的专题编写备忘录和研究报告方面，发挥不可或缺的作用，并表示注意到委员会在其报告第286段中委员会请秘书处编写一份备忘录，评述国家间仲裁庭、具有普遍性的国际性刑事法院和法庭的判例法以及不同条约，因为这将对委员会今后关于“一般法律原则”专题的工作特别重要；</p>
        </content>
      </paragraph>
      <paragraph eId="para_45" class="MercuryDocument">
        <num>	25.</num>
        <content eId="para_45__content">
          <p xml:space="preserve">
            <span class="bold">又重申</span>大会以往关于国际法委员会文件和简要记录的决定；<authorialNote marker="12" placement="bottom" eId="authorialNote_12"><p xml:space="preserve">		见第<a href="https://undocs.org/ch/A/RES/32/151">32/151</a>号决议第10段、第<a href="https://undocs.org/ch/A/RES/37/111">37/111</a>号决议第5段及此后所有关于国际法委员会提交大会的年度报告的决议；另见《1982年国际法委员会年鉴》，第二卷(第二部分)，第267至269段和第271段，以及此后国际法委员会各次年度报告。</p></authorialNote></p>
        </content>
      </paragraph>
      <paragraph eId="para_46" class="MercuryDocument">
        <num>	26.</num>
        <content eId="para_46__content">
          <p xml:space="preserve">
            <span class="bold">强调</span>指出需要加快编写国际法委员会的简要记录，欣见委员会继续推行在第六十五届会议期间采取的措施，精简处理简要记录的程序，<authorialNote marker="13" placement="bottom" eId="authorialNote_13"><p xml:space="preserve">		《大会正式记录，第六十八届会议，补编第10号》(<a href="https://undocs.org/ch/A/68/10">A/68/10</a>)，第183段。</p></authorialNote> 此举导致资源得到更加合理的利用，并满意地注意到，构成国际法逐渐发展和编纂准备工作的委员会的简要记录将不受任意的长度限制；</p>
        </content>
      </paragraph>
      <paragraph eId="para_47" class="MercuryDocument">
        <num>	27.</num>
        <content eId="para_47__content">
          <p xml:space="preserve">
            <span class="bold">欢迎</span>秘书处将有关国际法委员会工作的临时简要记录英文和法文版本列于委员会网站的做法制度化；</p>
        </content>
      </paragraph>
      <paragraph eId="para_48" class="MercuryDocument">
        <num>	28.</num>
        <content eId="para_48__content">
          <p xml:space="preserve">
            <span class="bold">又欢迎</span>秘书处努力争取确保国际法委员会文件得到及时和高效处理，以及将委员会第六十八届会议期间为简化此类文件编辑工作而采取的试验性措施制度化；</p>
        </content>
      </paragraph>
      <paragraph eId="para_49" class="MercuryDocument">
        <num>	29.</num>
        <content eId="para_49__content">
          <p xml:space="preserve">
            <span class="bold">表示注意到</span>国际法委员会报告第303段，着重指出编纂司的出版物对委员会的工作很重要，特别欢迎《国际法委员会的工作》第九版中文版、俄文版和西班牙文版的印发，再次请秘书长继续在每个五年期开始时以所有六种正式语文出版《国际法委员会的工作》，以英文或法文出版《国际仲裁裁决汇编》，每五年以所有六种正式语文出版《国际法院判决书、咨询意见和命令摘要》；</p>
        </content>
      </paragraph>
      <paragraph eId="para_50" class="MercuryDocument">
        <num>	30.</num>
        <content eId="para_50__content">
          <p xml:space="preserve">
            <span class="bold">又表示注意到</span>国际法委员会报告第308段，强调指出《国际法委员会年鉴》的独特价值，并请秘书长确保以所有正式语文及时予以出版；</p>
        </content>
      </paragraph>
      <paragraph eId="para_51" class="MercuryDocument">
        <num>	31.</num>
        <content eId="para_51__content">
          <p xml:space="preserve">
            <span class="bold">表示赞赏</span>有关国家政府为帮助解决《国际法委员会年鉴》工作积压问题的信托基金提供自愿捐助，并鼓励各方进一步为该基金提供捐助；</p>
        </content>
      </paragraph>
      <paragraph eId="para_52" class="MercuryDocument">
        <num>	32.</num>
        <content eId="para_52__content">
          <p xml:space="preserve">
            <span class="bold">表示注意到</span>国际法委员会报告第309段，对过去几年在减少积压的所有六种语文版《国际法委员会年鉴》方面取得显著进展表示满意，并欢迎联合国日内瓦办事处会议管理司，特别是其编辑科作出努力，切实执行大会要求减少积压文件的有关决议，鼓励会议管理司继续向编辑科提供必要支持，推动《国际法委员会年鉴》的相关工作，并要求定期向委员会通报这方面所取得的进展；</p>
        </content>
      </paragraph>
      <paragraph eId="para_53" class="MercuryDocument">
        <num>	33.</num>
        <content eId="para_53__content">
          <p xml:space="preserve">
            <span class="bold">欢迎</span>编纂司继续努力维护和改进关于国际法委员会工作的网站；</p>
        </content>
      </paragraph>
      <paragraph eId="para_54" class="MercuryDocument">
        <num>	34.</num>
        <content eId="para_54__content">
          <p xml:space="preserve">
            <span class="bold">表示希望</span>继续结合国际法委员会各届会议举办国际法讨论会，希望代表世界各主要法系的更多与会者，特别是发展中国家的与会者，以及出席第六委员会会议的代表，有机会参加讨论会，同时呼吁各国继续向联合国国际法讨论会信托基金提供迫切需要的自愿捐助；</p>
        </content>
      </paragraph>
      <paragraph eId="para_55" class="MercuryDocument">
        <num>	35.</num>
        <content eId="para_55__content">
          <p xml:space="preserve">
            <span class="bold">请</span>秘书长根据需要向国际法讨论会提供适当服务，包括口译服务，并鼓励秘书长继续设法改进讨论会的结构和内容；</p>
        </content>
      </paragraph>
      <paragraph eId="para_56" class="MercuryDocument">
        <num>	36.</num>
        <content eId="para_56__content">
          <p xml:space="preserve">
            <span class="bold">着重指出</span>第六委员会的辩论记录和专题摘要对于国际法委员会的审议工作十分重要，在这方面请秘书长将大会第七十四届会议关于国际法委员会报告的辩论记录连同各国代表团在口头发言时可能散发的书面陈述转送国际法委员会注意，并按照既定做法，编写和分发关于辩论的专题摘要；</p>
        </content>
      </paragraph>
      <paragraph eId="para_57" class="MercuryDocument">
        <num>	37.</num>
        <content eId="para_57__content">
          <p xml:space="preserve">
            <span class="bold">请</span>秘书处在国际法委员会届会结束后，尽快向各国分发载有该届会议工作摘要的委员会报告第二章、载有委员会特别希望听取各国政府意见的具体问题的第三章以及委员会一读或二读通过的条款草案；</p>
        </content>
      </paragraph>
      <paragraph eId="para_58" class="MercuryDocument">
        <num>	38.</num>
        <content eId="para_58__content">
          <p xml:space="preserve">
            <span class="bold">又请</span>秘书处在国际法委员会届会结束后尽快提供委员会的报告全文，供会员国审议，报告应在所预期的适当时间内提交，至迟不得超过大会为此设定的时限；</p>
        </content>
      </paragraph>
      <paragraph eId="para_59" class="MercuryDocument">
        <num>	39.</num>
        <content eId="para_59__content">
          <p xml:space="preserve">
            <span class="bold">鼓励</span>国际法委员会继续审议如何提出委员会特别希望听取各国政府意见的具体问题，以协助各国政府更好地理解需要它们作出答复的问题；</p>
        </content>
      </paragraph>
      <paragraph eId="para_60" class="MercuryDocument">
        <num>	40.</num>
        <content eId="para_60__content">
          <p xml:space="preserve">
            <span class="bold">建议</span>大会第七十五届会议关于国际法委员会报告的辩论从2020年10月26日开始。</p>
        </content>
      </paragraph>
    </mainBody>
    <conclusions eId="conclusions">
      <p>
        <inline name="adoptionMeeting" title="第51次">第51次全体会议</inline>
        <eol />
        <docDate date="2019-12-18" refersTo="#adoptionDate">2019年12月18日</docDate>
      </p>
    </conclusions>
  </statement>
</akomaNtoso>