<akomaNtoso xmlns:xsi="http://www.w3.org/2001/XMLSchema-instance" xsi:schemaLocation="http://docs.oasis-open.org/legaldocml/ns/akn/3.0 http://docs.oasis-open.org/legaldocml/akn-core/v1.0/os/part2-specs/schemas/akomantoso30.xsd" xmlns="http://docs.oasis-open.org/legaldocml/ns/akn/3.0" xmlns:html="http://www.w3.org/1999/xhtml" xmlns:akn4un="http://un.org/akn4un">
  <statement name="resolution">
    <meta>
      <identification source="#DGACM">
        <FRBRWork>
          <FRBRthis value="/akn/un/statement/deliberation/unga/2019-12-18/74-183/!main/"></FRBRthis>
          <FRBRuri value="/akn/un/statement/deliberation/unga/2019-12-18/74-183/"></FRBRuri>
          <FRBRdate date="2019-12-18" name="adoption"></FRBRdate>
          <FRBRauthor href="ga" as="author"></FRBRauthor>
          <FRBRcountry value="un"></FRBRcountry>
        </FRBRWork>
        <FRBRExpression>
          <FRBRthis value="/akn/un/statement/deliberation/unga/2019-12-18/74-183/zho@!main/"></FRBRthis>
          <FRBRuri value="/akn/un/statement/deliberation/unga/2019-12-18/74-183/zho@/"></FRBRuri>
          <FRBRdate date="2019-12-27" name="publication"></FRBRdate>
          <FRBRauthor href="ga" as="issuer"></FRBRauthor>
          <FRBRlanguage language="zho"></FRBRlanguage>
        </FRBRExpression>
        <FRBRManifestation>
          <FRBRthis value="/akn/un/statement/deliberation/unga/2019-12-18/74-183/zho@/!main.xml"></FRBRthis>
          <FRBRuri value="/akn/un/statement/deliberation/unga/2019-12-18/74-183/zho@.xml"></FRBRuri>
          <FRBRdate date="2020-08-30" name="markup"></FRBRdate>
          <FRBRauthor href="DGACM" as="editor"></FRBRauthor>
        </FRBRManifestation>
      </identification>
      <classification source="http://metadata.un.org/sdg">
        <keyword value="10" href="http://metadata.un.org/sdg/10" showAs="sdg_10" dictionary="SDGO"></keyword>
        <keyword value="social_inequality" href="http://eurovoc.europa.eu/1420" showAs="social_inequality" dictionary="EuroVoc"></keyword>
        <keyword value="equality" href="http://metadata.un.org/thesaurus/1002102" showAs="equality" dictionary="UNBIS Thesaurus"></keyword>
      </classification>
      <classification source="http://metadata.un.org/sdg">
        <keyword value="16" href="http://metadata.un.org/sdg/16" showAs="sdg_16" dictionary="SDGO"></keyword>
        <keyword value="right_to_justice" href="http://eurovoc.europa.eu/516" showAs="right_to_justice" dictionary="EuroVoc"></keyword>
        <keyword value="sustainable_development" href="http://eurovoc.europa.eu/5585" showAs="sustainable_development" dictionary="EuroVoc"></keyword>
        <keyword value="civil_society" href="http://metadata.un.org/thesaurus/1001012" showAs="civil_society" dictionary="UNBIS Thesaurus"></keyword>
        <keyword value="justice" href="http://metadata.un.org/thesaurus/1003500" showAs="justice" dictionary="UNBIS Thesaurus"></keyword>
        <keyword value="peaceful_coexistence" href="http://metadata.un.org/thesaurus/1004777" showAs="peaceful_coexistence" dictionary="UNBIS Thesaurus"></keyword>
        <keyword value="public_institutions" href="http://metadata.un.org/thesaurus/1005254" showAs="public_institutions" dictionary="UNBIS Thesaurus"></keyword>
        <keyword value="social_justice" href="http://metadata.un.org/thesaurus/1005970" showAs="social_justice" dictionary="UNBIS Thesaurus"></keyword>
        <keyword value="sustainable_development" href="http://metadata.un.org/thesaurus/1006319" showAs="sustainable_development" dictionary="UNBIS Thesaurus"></keyword>
      </classification>
      <classification source="http://metadata.un.org/sdg">
        <keyword value="17" href="http://metadata.un.org/sdg/17" showAs="sdg_17" dictionary="SDGO"></keyword>
        <keyword value="sustainable_development" href="http://eurovoc.europa.eu/5585" showAs="sustainable_development" dictionary="EuroVoc"></keyword>
        <keyword value="partnership" href="http://eurovoc.europa.eu/4199" showAs="partnership" dictionary="EuroVoc"></keyword>
        <keyword value="sustainable_development" href="http://metadata.un.org/thesaurus/1006319" showAs="sustainable_development" dictionary="UNBIS Thesaurus"></keyword>
        <keyword value="partnership" href="http://metadata.un.org/thesaurus/1004748" showAs="partnership" dictionary="UNBIS Thesaurus"></keyword>
      </classification>
      <workflow source="#un">
        <step date="2019-10-31" outcome="draftResolution" as="A/C.6/74/L.8" by="introduced in the Committee by the representative of Austria on behalf of the Bureau" />
        <step date="0001-01-01" outcome="draftResolutionAdditionalSponsors" by="" />
        <step date="0001-01-01" outcome="recommendedForAdoption" as="A/74/423" by="" refersTo="12" />
        <step date="2019-12-18" outcome="adopted" as="A/74/PV.51" by="" />
      </workflow>
      <analysis source="#un">
        <parliamentary>
          <voting outcome="adoptedWithoutVote">
            <quorum value=""></quorum>
          </voting>
        </parliamentary>
      </analysis>
      <references source="#DGACM">
        <TLCOrganization eId="source" href="/akn/ontology/organization/un/DGACM" showAs="DGACM"></TLCOrganization>
        <TLCConcept eId="dateOfIssuance" href="/akn/ontology/concept/un/dateOfIssuance" showAs="Date of issuance"></TLCConcept>
        <TLCConcept eId="dateOfAdoption" href="/akn/ontology/concept/un/dateOfAdoption" showAs="Date of adoption"></TLCConcept>
        <TLCConcept eId="symbol" href="/akn/ontology/reference/un/symbol" showAs="Symbol"></TLCConcept>
        <TLCRole eId="publisher" href="/akn/ontology/role/un/publisher" showAs="Publisher"></TLCRole>
        <TLCRole eId="issuingBody" href="/akn/role/concept/un/issuingBody" showAs="Issuing body"></TLCRole>
        <TLCRole eId="author" href="/akn/ontology/role/un/author" showAs="Author"></TLCRole>
        <TLCRole eId="editor" href="/akn/ontology/role/un/editor" showAs="Editor"></TLCRole>
        <TLCRole eId="distribution" href="/akn/ontology/concept/un/generalDistribution" showAs="General distribution"></TLCRole>
        <TLCOrganization eId="ga" href="/akn/ontology/organization/un/generalAssembly" showAs="General Assembly"></TLCOrganization>
        <TLCTerm eId="resolutionTitle" href="/akn/ontology/reference/un/resolutionTitle" showAs="Resolution title"></TLCTerm>
        <TLCTerm eId="sixthCommittee" href="#sixthCommittee" showAs="第六委员会"></TLCTerm>
        <TLCTerm eId="memberState" href="/akn/ontology/organization/un/memberState" showAs="Member State"></TLCTerm>
        <TLCTerm eId="inFavour" href="/akn/ontology/concept/un/voting/inFavour" showAs="In favour"></TLCTerm>
        <TLCTerm eId="against" href="/akn/ontology/concept/un/voting/against" showAs="Against"></TLCTerm>
        <TLCTerm eId="abstaining" href="/akn/ontology/concept/un/voting/abstaining" showAs="Abstaining"></TLCTerm>
      </references>
      <presentation source="#un">
        <akn4un:footerFirstPage>
          <akn4un:footerFirstPageLeft>
            <akn4un:internalCode>
              <docketNumber refersTo="#publicationJobNumber">19-22342 (C)</docketNumber>
              <img alt="bar code" class="barCode" src=""></img>
            </akn4un:internalCode>
          </akn4un:footerFirstPageLeft>
          <akn4un:footerFirstPageRight>
            <img alt="Please recycle" class="image" src="./recylcleLogo.jpg"></img>
            <img alt="embedded QR code" class="qrCode" src=""></img>
          </akn4un:footerFirstPageRight>
        </akn4un:footerFirstPage>
      </presentation>
    </meta>
    <coverPage eId="coverPage_1">
      <p>
        <span refersTo="#publisher" class="upperLeft">
          <docAuthority refersTo="#publisher">联合国</docAuthority>
        </span>
      </p>
      <p class="upperRight">
        <docNumber refersTo="#symbol">A/RES/74/183</docNumber>
      </p>
      <p class="upperLeft">
        <img src="logo-un.jpg"></img>
        <docAuthority refersTo="#issuingBody" class="rightBig">大会</docAuthority>
      </p>
      <p>
        <docStatus refersTo="#generalDistribution" class="rightSmall">Distr.: General</docStatus>
      </p>
      <p>
        <docDate date="2019-12-27" class="rightSmall" refersTo="#dateOfIssuance">27 December 2019</docDate>
      </p>
      <p>
        <session refersTo="#generalAssembly" value="74" eId="coverPage_1__session_1">第七十四届会议</session>
      </p>
      <p>
        <inline name="agenda item">议程项目77</inline>
      </p>
      <p>
        <inline name="agenda item name">联合国国际贸易法委员会第五十二届会议工作报告</inline>
      </p>
      <p>
        <docTitle>2019年12月18日大会决议</docTitle>
      </p>
      <p xml:space="preserve">
        <docProponent refersTo="#sixthCommittee">[根据第六委员会的报告 (<inline name="originating document">A/74/423</inline>)]</docProponent>
      </p>
    </coverPage>
    <preface>
      <p>
        <docNumber>74/183.</docNumber>
        <docTitle refersTo="#resolutionTitle">联合国国际贸易法委员会公私伙伴关系示范立法条文</docTitle>
      </p>
    </preface>
    <preamble>
      <formula name="enactingFormula" eId="formula_1">
        <p xml:space="preserve">
          <span class="bold">大会</span>，</p>
      </formula>
      <container name="回顾" eId="container_2">
        <p xml:space="preserve">
          <span class="bold">	回顾</span>其1966年12月17日第<a href="https://undocs.org/ch/a/res/2205(XXI)">2205(XXI)</a>号决议设立联合国国际贸易法委员会，其任务是促进国际贸易法的逐渐协调和统一，并在这方面念及各国人民，尤其是发展中国家人民在国际贸易广泛发展中的利益，</p>
      </container>
      <container name="又回顾其" eId="container_3">
        <p xml:space="preserve">
          <span class="bold">	又回顾其</span>2003年10月31日第<a href="https://undocs.org/ch/A/RES/58/4">58/4</a>号决议，其中通过了《联合国反腐败公约》，<authorialNote marker="1" placement="bottom" eId="authorialNote_1"><p xml:space="preserve">		另见联合国，《条约汇编》，第2349卷，第42146号。</p></authorialNote></p>
      </container>
      <container name="还回顾其" eId="container_4">
        <p xml:space="preserve">
          <span class="bold">	还回顾其</span>2015年9月25日第<a href="https://undocs.org/ch/A/RES/70/1">70/1</a>号决议，其中通过了《2030年可持续发展议程》，以及其2015年7月27日第<a href="https://undocs.org/ch/A/RES/69/313">69/313</a>号决议，其中核可了《第三次发展筹资问题国际会议亚的斯亚贝巴行动议程》，</p>
      </container>
      <container name="深信" eId="container_5">
        <p xml:space="preserve">
          <span class="bold">	深信</span>公私伙伴关系可在改善基础设施和公共服务的提供和妥善管理并支持政府为实现可持续发展目标所做的努力方面发挥重要作用，</p>
      </container>
      <container name="关切" eId="container_6">
        <p xml:space="preserve">
          <span class="bold">	关切</span>没有适当的法律框架和缺乏透明度可能阻碍对基础设施和公共服务的投资，并导致发生腐败和公共资金管理不善的更大风险，</p>
      </container>
      <container name="强调" eId="container_7">
        <p xml:space="preserve">
          <span class="bold">	强调</span>必须为授予公私伙伴关系合同提供有效和透明的程序，必须通过提高透明度、公平性和长期可持续性并消除对私营部门参与基础设施和公共服务开发和运营的不合理限制的规则来促进项目的实施，</p>
      </container>
      <container name="回顾" eId="container_8">
        <p xml:space="preserve">
          <span class="bold">	回顾</span>委员会通过其《私人融资基础设施项目立法指南》<authorialNote marker="2" placement="bottom" eId="authorialNote_2"><p xml:space="preserve">		联合国出版物，出售品编号：E.01.V.4。</p></authorialNote> 和随附的《私人融资基础设施项目示范立法条文》<authorialNote marker="3" placement="bottom" eId="authorialNote_3"><p xml:space="preserve">		《大会正式记录，第五十八届会议，补编第17号》(<a href="https://undocs.org/ch/A/58/17">A/58/17</a>)，附件一。</p></authorialNote> 为会员国建立这方面的有利法律框架作出了宝贵贡献，以及大会在2003年12月9日第<a href="https://undocs.org/ch/A/RES/58/76">58/76</a>号决议中建议各国在修订或通过与私人参与公共基础设施的开发和运营有关的立法时适当考虑这些案文，</p>
      </container>
      <container name="深信" eId="container_9">
        <p xml:space="preserve">
          <span class="bold">深信</span>委员会提供的咨询意见将进一步协助各国，特别是发展中国家促进善治和为公私伙伴关系项目建立适当立法框架，</p>
      </container>
    </preamble>
    <mainBody>
      <paragraph eId="para_10" class="MercuryDocument">
        <num>	1.</num>
        <content eId="para_10__content">
          <p xml:space="preserve">
            <span class="bold">表示赞赏</span>联合国国际贸易法委员会最后审定并通过<authorialNote marker="4" placement="bottom" eId="authorialNote_4"><p xml:space="preserve">		同上，《第七十四届会议，补编第17号》(<a href="https://undocs.org/ch/A/74/17">A/74/17</a>)，第三章。</p></authorialNote> 《公私伙伴关系示范立法条文》<authorialNote marker="5" placement="bottom" eId="authorialNote_5"><p xml:space="preserve">		同上，附件一。</p></authorialNote> 和《公私伙伴关系立法指南》；</p>
        </content>
      </paragraph>
      <paragraph eId="para_11" class="MercuryDocument">
        <num>	2.</num>
        <content eId="para_11__content">
          <p xml:space="preserve">
            <span class="bold">请</span>秘书长以联合国六种正式语文发布《示范立法条文》和《立法指南》，包括以电子方式发布，并向各国政府和相关国际政府间组织和非政府组织、私营部门实体和学术机构广泛传播；</p>
        </content>
      </paragraph>
      <paragraph eId="para_12" class="SingleTxt">
        <num>	3.</num>
        <content eId="para_12__content">
          <p xml:space="preserve">
            <span class="bold">建议</span>所有国家在修订或通过与公私伙伴关系有关的立法时适当考虑《示范立法条文》和《立法指南》，并请已使用《示范立法条文》的国家向委员会通报相关事宜。</p>
        </content>
      </paragraph>
    </mainBody>
    <conclusions eId="conclusions">
      <p>
        <inline name="adoptionMeeting" title="第51次">第51次全体会议</inline>
        <eol />
        <docDate date="2019-12-18" refersTo="#adoptionDate">2019年12月18日</docDate>
      </p>
    </conclusions>
  </statement>
</akomaNtoso>