<akomaNtoso xmlns:xsi="http://www.w3.org/2001/XMLSchema-instance" xsi:schemaLocation="http://docs.oasis-open.org/legaldocml/ns/akn/3.0 http://docs.oasis-open.org/legaldocml/akn-core/v1.0/os/part2-specs/schemas/akomantoso30.xsd" xmlns="http://docs.oasis-open.org/legaldocml/ns/akn/3.0" xmlns:html="http://www.w3.org/1999/xhtml" xmlns:akn4un="http://un.org/akn4un">
  <statement name="resolution">
    <meta>
      <identification source="#DGACM">
        <FRBRWork>
          <FRBRthis value="/akn/un/statement/deliberation/unga/2019-12-18/74-158/!main/"></FRBRthis>
          <FRBRuri value="/akn/un/statement/deliberation/unga/2019-12-18/74-158/"></FRBRuri>
          <FRBRdate date="2019-12-18" name="adoption"></FRBRdate>
          <FRBRauthor href="ga" as="author"></FRBRauthor>
          <FRBRcountry value="un"></FRBRcountry>
        </FRBRWork>
        <FRBRExpression>
          <FRBRthis value="/akn/un/statement/deliberation/unga/2019-12-18/74-158/zho@!main/"></FRBRthis>
          <FRBRuri value="/akn/un/statement/deliberation/unga/2019-12-18/74-158/zho@/"></FRBRuri>
          <FRBRdate date="2020-01-17" name="publication"></FRBRdate>
          <FRBRauthor href="ga" as="issuer"></FRBRauthor>
          <FRBRlanguage language="zho"></FRBRlanguage>
        </FRBRExpression>
        <FRBRManifestation>
          <FRBRthis value="/akn/un/statement/deliberation/unga/2019-12-18/74-158/zho@/!main.xml"></FRBRthis>
          <FRBRuri value="/akn/un/statement/deliberation/unga/2019-12-18/74-158/zho@.xml"></FRBRuri>
          <FRBRdate date="2020-09-01" name="markup"></FRBRdate>
          <FRBRauthor href="DGACM" as="editor"></FRBRauthor>
        </FRBRManifestation>
      </identification>
      <classification source="http://metadata.un.org/sdg">
        <keyword value="16" href="http://metadata.un.org/sdg/16" showAs="sdg_16" dictionary="SDGO"></keyword>
        <keyword value="right_to_justice" href="http://eurovoc.europa.eu/516" showAs="right_to_justice" dictionary="EuroVoc"></keyword>
        <keyword value="sustainable_development" href="http://eurovoc.europa.eu/5585" showAs="sustainable_development" dictionary="EuroVoc"></keyword>
        <keyword value="civil_society" href="http://metadata.un.org/thesaurus/1001012" showAs="civil_society" dictionary="UNBIS Thesaurus"></keyword>
        <keyword value="justice" href="http://metadata.un.org/thesaurus/1003500" showAs="justice" dictionary="UNBIS Thesaurus"></keyword>
        <keyword value="peaceful_coexistence" href="http://metadata.un.org/thesaurus/1004777" showAs="peaceful_coexistence" dictionary="UNBIS Thesaurus"></keyword>
        <keyword value="public_institutions" href="http://metadata.un.org/thesaurus/1005254" showAs="public_institutions" dictionary="UNBIS Thesaurus"></keyword>
        <keyword value="social_justice" href="http://metadata.un.org/thesaurus/1005970" showAs="social_justice" dictionary="UNBIS Thesaurus"></keyword>
        <keyword value="sustainable_development" href="http://metadata.un.org/thesaurus/1006319" showAs="sustainable_development" dictionary="UNBIS Thesaurus"></keyword>
      </classification>
      <classification source="http://metadata.un.org/sdg">
        <keyword value="5" href="http://metadata.un.org/sdg/5" showAs="sdg_5" dictionary="SDGO"></keyword>
        <keyword value="gender_equality" href="http://eurovoc.europa.eu/3913" showAs="gender_equality" dictionary="EuroVoc"></keyword>
        <keyword value="participation_of_women" href="http://eurovoc.europa.eu/2265" showAs="participation_of_women" dictionary="EuroVoc"></keyword>
        <keyword value="women&amp;#39;s_rights" href="http://eurovoc.europa.eu/585" showAs="women&amp;#39;s_rights" dictionary="EuroVoc"></keyword>
        <keyword value="position_of_women" href="http://eurovoc.europa.eu/81" showAs="position_of_women" dictionary="EuroVoc"></keyword>
        <keyword value="women" href="http://metadata.un.org/thesaurus/1007029" showAs="women" dictionary="UNBIS Thesaurus"></keyword>
        <keyword value="gender_equality" href="http://metadata.un.org/thesaurus/1002612" showAs="gender_equality" dictionary="UNBIS Thesaurus"></keyword>
        <keyword value="girls" href="http://metadata.un.org/thesaurus/1002684" showAs="girls" dictionary="UNBIS Thesaurus"></keyword>
      </classification>
      <classification source="http://metadata.un.org/sdg">
        <keyword value="4" href="http://metadata.un.org/sdg/4" showAs="sdg_4" dictionary="SDGO"></keyword>
        <keyword value="education" href="http://eurovoc.europa.eu/668" showAs="education" dictionary="EuroVoc"></keyword>
        <keyword value="right_to_education" href="http://eurovoc.europa.eu/512" showAs="right_to_education" dictionary="EuroVoc"></keyword>
        <keyword value="education" href="http://metadata.un.org/thesaurus/1001893" showAs="education" dictionary="UNBIS Thesaurus"></keyword>
      </classification>
      <workflow source="#un">
        <step date="2019-11-12" outcome="draftResolution" as="A/C.3/74/L.46/Rev.1" by="Albania, Argentina, Australia, Bosnia and Herzegovina, Bulgaria, Canada, Central African Republic, Chile, Colombia, Czechia, Dominican Republic, El Salvador, France, Georgia, Germany, Honduras, Iceland, Israel, Japan, Jordan, Latvia, Lebanon, Liberia, Marshall Islands, Mexico, Morocco, New Zealand, Norway, Philippines, Poland, Republic of Korea, Republic of Moldova, Romania, Seychelles, Slovenia, Switzerland, Ukraine, United Kingdom of Great Britain and Northern Ireland, United States of America and Vanuatu" />
        <step date="0001-01-01" outcome="draftResolutionAdditionalSponsors" by="Algeria, Andorra, Angola, Antigua and Barbuda,  Armenia, Austria, the Bahamas, Bangladesh, Belgium, Botswana, Brazil, Burkina  Faso, the Comoros, Costa Rica, Croatia, Cyprus, the Democratic Republic of the  Congo, Denmark, Egypt, Estonia, Finland, the Gambia, Greece, Guatemala, Haiti,  Hungary, Ireland, Italy, Kiribati, Liechtenstein, Lithuania, Luxembourg, Madagascar,  Malaysia, Maldives, Malta, Micronesia (Federated States of), Monaco, Mongolia,  Montenegro, the Netherlands, Nigeria, North Macedonia, Palau, Panama, Papua New  Guinea, Paraguay, Peru, Portugal, San Marino, Sao Tome and Principe, Senegal,  Serbia, Sierra Leone, Slovakia, Somalia, Spain, Sri Lanka, Sweden, Thailand, TimorLeste, Tunisia, Turkey and Uzbekistan" />
        <step date="0001-01-01" outcome="recommendedForAdoption" as="A/74/399/Add.2" by="" refersTo="90" />
        <step date="2019-12-18" outcome="adopted" as="A/74/PV.50" by="" />
      </workflow>
      <analysis source="#un">
        <parliamentary>
          <voting outcome="adoptedWithoutVote">
            <quorum value=""></quorum>
          </voting>
        </parliamentary>
      </analysis>
      <references source="#DGACM">
        <TLCOrganization eId="source" href="/akn/ontology/organization/un/DGACM" showAs="DGACM"></TLCOrganization>
        <TLCConcept eId="dateOfIssuance" href="/akn/ontology/concept/un/dateOfIssuance" showAs="Date of issuance"></TLCConcept>
        <TLCConcept eId="dateOfAdoption" href="/akn/ontology/concept/un/dateOfAdoption" showAs="Date of adoption"></TLCConcept>
        <TLCConcept eId="symbol" href="/akn/ontology/reference/un/symbol" showAs="Symbol"></TLCConcept>
        <TLCRole eId="publisher" href="/akn/ontology/role/un/publisher" showAs="Publisher"></TLCRole>
        <TLCRole eId="issuingBody" href="/akn/role/concept/un/issuingBody" showAs="Issuing body"></TLCRole>
        <TLCRole eId="author" href="/akn/ontology/role/un/author" showAs="Author"></TLCRole>
        <TLCRole eId="editor" href="/akn/ontology/role/un/editor" showAs="Editor"></TLCRole>
        <TLCRole eId="distribution" href="/akn/ontology/concept/un/generalDistribution" showAs="General distribution"></TLCRole>
        <TLCOrganization eId="ga" href="/akn/ontology/organization/un/generalAssembly" showAs="General Assembly"></TLCOrganization>
        <TLCTerm eId="resolutionTitle" href="/akn/ontology/reference/un/resolutionTitle" showAs="Resolution title"></TLCTerm>
        <TLCTerm eId="thirdCommittee" href="#thirdCommittee" showAs="第三委员会"></TLCTerm>
        <TLCTerm eId="memberState" href="/akn/ontology/organization/un/memberState" showAs="Member State"></TLCTerm>
        <TLCTerm eId="inFavour" href="/akn/ontology/concept/un/voting/inFavour" showAs="In favour"></TLCTerm>
        <TLCTerm eId="against" href="/akn/ontology/concept/un/voting/against" showAs="Against"></TLCTerm>
        <TLCTerm eId="abstaining" href="/akn/ontology/concept/un/voting/abstaining" showAs="Abstaining"></TLCTerm>
      </references>
      <presentation source="#un">
        <akn4un:footerFirstPage>
          <akn4un:footerFirstPageLeft>
            <akn4un:internalCode>
              <docketNumber refersTo="#publicationJobNumber">19-22284 (C)</docketNumber>
              <img alt="bar code" class="barCode" src=""></img>
            </akn4un:internalCode>
          </akn4un:footerFirstPageLeft>
          <akn4un:footerFirstPageRight>
            <img alt="Please recycle" class="image" src="./recylcleLogo.jpg"></img>
            <img alt="embedded QR code" class="qrCode" src=""></img>
          </akn4un:footerFirstPageRight>
        </akn4un:footerFirstPage>
      </presentation>
    </meta>
    <coverPage eId="coverPage_1">
      <p>
        <span refersTo="#publisher" class="upperLeft">
          <docAuthority refersTo="#publisher">联合国</docAuthority>
        </span>
      </p>
      <p class="upperRight">
        <docNumber refersTo="#symbol">A/RES/74/158</docNumber>
      </p>
      <p class="upperLeft">
        <img src="logo-un.jpg"></img>
        <docAuthority refersTo="#issuingBody" class="rightBig">大会</docAuthority>
      </p>
      <p>
        <docStatus refersTo="#generalDistribution" class="rightSmall">Distr.: General</docStatus>
      </p>
      <p>
        <docDate date="2020-01-17" class="rightSmall" refersTo="#dateOfIssuance">17 January 2020</docDate>
      </p>
      <p>
        <session refersTo="#generalAssembly" value="74" eId="coverPage_1__session_1">第七十四届会议</session>
      </p>
      <p>
        <inline name="agenda item">议程项目70(b)</inline>
      </p>
      <p>
        <inline name="agenda item name">促进和保护人权：人权问题，包括增进人权和基本自由切实享受的各种途径</inline>
      </p>
      <p>
        <docTitle>2019年12月18日大会决议</docTitle>
      </p>
      <p xml:space="preserve">
        <docProponent refersTo="#thirdCommittee">[根据第三委员会的报告 (<inline name="originating document">A/74/399/Add.2</inline>)]</docProponent>
      </p>
    </coverPage>
    <preface>
      <p>
        <docNumber>74/158.</docNumber>
        <docTitle refersTo="#resolutionTitle">加强联合国在推进定期真正选举和促进民主化方面的作用</docTitle>
      </p>
    </preface>
    <preamble>
      <formula name="enactingFormula" eId="formula_1">
        <p xml:space="preserve">
          <span class="bold">大会</span>，</p>
      </formula>
      <container name="遵循" eId="container_2">
        <p xml:space="preserve">
          <span class="bold">遵循</span>《联合国宪章》的宗旨和原则，</p>
      </container>
      <container name="重申" eId="container_3">
        <p xml:space="preserve">
          <span class="bold">重申</span>民主是一种普世价值，其基础是人民通过自由表达的意志来决定自己的政治、经济、社会和文化制度并充分参与生活的所有方面，</p>
      </container>
      <container name="又重申" eId="container_4">
        <p xml:space="preserve">
          <span class="bold">又重申</span>民主政体有一些共同特征，但不存在单一的民主模式，而且民主不属于任何国家或地区，并还重申主权和自决权必须得到应有的尊重，</p>
      </container>
      <container name="强调指出" eId="container_5">
        <p xml:space="preserve">
          <span class="bold">强调指出</span>民主、发展与尊重所有人权和基本自由相互依存且相辅相成，</p>
      </container>
      <container name="重申" eId="container_6">
        <p xml:space="preserve">
          <span class="bold">重申</span>会员国有责任组织、落实并确保透明、自由和公正的选举进程，会员国在行使主权时可请求国际组织提供咨询服务或援助以加强和发展本国选举机构和进程，包括为此目的派遣筹备团，</p>
      </container>
      <container name="认识到" eId="container_7">
        <p xml:space="preserve">
          <span class="bold">认识到</span>包括在新民主政体和正在民主化国家举行公正、定期和真正选举的重要性，以便增强公民表达意愿的权能，推动成功地向长期可持续民主政体过渡，</p>
      </container>
      <container name="又认识" eId="container_8">
        <p xml:space="preserve">
          <span class="bold">又认识</span>到会员国有责任确保举行透明、自由和公正的选举，杜绝恐吓、胁迫和篡改计票结果的行为，并相应惩处所有此类行为，</p>
      </container>
      <container name="强调" eId="container_9">
        <p xml:space="preserve">
          <span class="bold">强调</span>会员国有责任尊重选举人通过真正、定期、自由和公正的选举表达的意志，选举应依据普遍和平等的投票权，并在这方面表示严重关切以违反宪法或非法方式破坏代议政制和民主机构以及非法免除任何民主选举官员职务的做法，无论是国家行为体还是非国家行为体所为，</p>
      </container>
      <container name="回顾" eId="container_10">
        <p xml:space="preserve">
          <span class="bold">回顾</span>大会以往关于这个问题的各项决议，特别是2017年12月19日第<a href="https://undocs.org/ch/A/RES/72/164">72/164</a>号决议，</p>
      </container>
      <container name="又回顾" eId="container_11">
        <p xml:space="preserve">
          <span class="bold">又回顾</span>人权理事会关于这个问题的所有相关决议，包括2012年3月22日第<a href="https://undocs.org/ch/A/HRC/RES/19/11">19/11</a>号、<authorialNote marker="1" placement="bottom" eId="authorialNote_1"><p xml:space="preserve">		见《大会正式记录，第六十七届会议，补编第53号》和更正(<a href="https://undocs.org/ch/A/67/53">A/67/53</a>和<a href="https://undocs.org/ch/A/67/53/Corr.1">A/67/53/Corr.1</a>)，第三章，A节。</p></authorialNote> 2016年3月23日第<a href="https://undocs.org/ch/A/HRC/RES/31/14">31/14</a>号、<authorialNote marker="2" placement="bottom" eId="authorialNote_2"><p xml:space="preserve">		同上，《第七十一届会议，补编第53号》(<a href="https://undocs.org/ch/A/71/53">A/71/53</a>)，第四章，A节。</p></authorialNote> 2016年3月24日第<a href="https://undocs.org/ch/A/HRC/RES/31/37">31/37</a>号、<sup>2</sup> 2016年9月30日第<a href="https://undocs.org/ch/A/HRC/RES/33/22">33/22</a>号、<authorialNote marker="3" placement="bottom" eId="authorialNote_3"><p xml:space="preserve">		同上，《补编第53A号》和更正(<a href="https://undocs.org/ch/A/71/53/Add.1">A/71/53/Add.1</a>和<a href="https://undocs.org/ch/A/71/53/Add.1/Corr.1">A/71/53/Add.1/Corr.1</a>)，第二章。</p></authorialNote> 2017年3月24日第<a href="https://undocs.org/ch/A/HRC/RES/34/41">34/41</a>号<authorialNote marker="4" placement="bottom" eId="authorialNote_4"><p xml:space="preserve">		同上，《第七十二届会议，补编第53号》(<a href="https://undocs.org/ch/A/72/53">A/72/53</a>)，第四章，A节。</p></authorialNote> 和2018年9月28日第<a href="https://undocs.org/ch/A/HRC/RES/39/11">3</a><a href="https://undocs.org/ch/A/HRC/RES/39/11">9/11</a>号决议，<authorialNote marker="5" placement="bottom" eId="authorialNote_5"><p xml:space="preserve">		同上，《第七十三届会议，补编第53A号》(<a href="https://undocs.org/ch/A/73/53/Add.1">A/73/53/Add.1</a>)，第三章。</p></authorialNote></p>
      </container>
      <container name="重申" eId="container_12">
        <p xml:space="preserve">
          <span class="bold">重申</span>联合国的选举援助和促进民主化支助只在有关会员国提出明确请求时提供，</p>
      </container>
      <container name="满意地注意到" eId="container_13">
        <p xml:space="preserve">
          <span class="bold">满意地注意到</span>越来越多会员国利用选举作为了解民意的和平手段，这一举动建立了对代议政制的信心，有助于增进国家和平与稳定，也可促进区域和平与稳定，</p>
      </container>
      <container name="回顾" eId="container_14">
        <p xml:space="preserve">
          <span class="bold">回顾</span>1948年12月10日通过的《世界人权宣言》，<authorialNote marker="6" placement="bottom" eId="authorialNote_6"><p xml:space="preserve">		第<a href="https://undocs.org/zh/A/RES/217 (III)">217A(III)</a>号决议。</p></authorialNote> 特别是以定期真正选举所体现的人民意志作为政府权力基础的原则，以及人人有权通过定期真正选举自由选择代表，这种选举应以普遍和平等投票权为依据，并以不记名投票方式或按照同等自由投票程序进行，</p>
      </container>
      <container name="重申" eId="container_15">
        <p xml:space="preserve">
          <span class="bold">重申</span>《公民及政治权利国际公约》、<authorialNote marker="7" placement="bottom" eId="authorialNote_7"><p xml:space="preserve">		见第<a href="https://undocs.org/zh/A/RES/2200 (XXI)">2200A(XXI)</a>号决议，附件。</p></authorialNote> 《消除对妇女一切形式歧视公约》、<authorialNote marker="8" placement="bottom" eId="authorialNote_8"><p xml:space="preserve">		联合国，《条约汇编》，第1249卷，第20378号。</p></authorialNote> 《消除一切形式种族歧视国际公约》<authorialNote marker="9" placement="bottom" eId="authorialNote_9"><p xml:space="preserve">		同上，第660卷，第9464号。</p></authorialNote> 和《残疾人权利公约》，<authorialNote marker="10" placement="bottom" eId="authorialNote_10"><p xml:space="preserve">		同上，第2515卷，第44910号。</p></authorialNote> 又重申所有公民都有权直接或通过自由选择的代表参与公共事务，而不因种族、肤色、性别、语言、宗教、政治或其他见解、民族本源或社会出身、财产、出生或其他身份、残疾等任何原因受到区别对待，而且他们有权在定期真正选举中投票和当选，这种选举应以普遍和平等投票权为依据，并以不记名投票方式进行，以保证选举人自由表达意志，</p>
      </container>
      <container name="又重申" eId="container_16">
        <p xml:space="preserve">
          <span class="bold">又重申</span>在国家级和国际级促进和保护人权和基本自由应当普遍，在执行过程中不得附加条件，国际社会应当支持在全世界加强和促进民主、发展及尊重人权和基本自由，<authorialNote marker="11" placement="bottom" eId="authorialNote_11"><p xml:space="preserve"><a href="https://undocs.org/ch/A/CONF.157/24(Part I)">A/CONF.157/24(Part I)</a>，第三章，第8段。</p></authorialNote></p>
      </container>
      <container name="特别指出" eId="container_17">
        <p xml:space="preserve">
          <span class="bold">特别指出</span>区域和次区域组织根据《宪章》在和平与安全、发展和人权等领域发挥的重要作用，<authorialNote marker="12" placement="bottom" eId="authorialNote_12"><p xml:space="preserve">		第<a href="https://undocs.org/ch/A/RES/69/277">69/277</a>号决议，第2段。</p></authorialNote> 并回顾它们承诺支持自由公正选举的原则，</p>
      </container>
      <container name="重申" eId="container_18">
        <p xml:space="preserve">
          <span class="bold">重申</span>妇女在与男子平等条件下充分、有效参与各级决策并享有代表权，是实现平等、社会包容、可持续发展、和平与民主的必要条件，</p>
      </container>
      <container name="强调指出" eId="container_19">
        <p xml:space="preserve">
          <span class="bold">强调指出</span>无论在普遍意义上，还是就促进自由和公正选举而言，都必须根据《公民及政治权利国际公约》尊重和平集会与结社自由及言论自由，包括尊重寻找、接收和传播信息的自由，尤其注意到信息的获取和媒体的自由，包括在使用新信息和通信技术方面提供可获取而且容易理解的格式，有着至关重要的意义，</p>
      </container>
      <container name="&#x9;认识到" eId="container_20">
        <p xml:space="preserve">
          <span class="bold">	认识到</span>在线传播工具可以促进表达自由和扩大政治参与，以及增强代表权不足和边缘化群体，包括但不限于秘书长关于加强联合国在提高定期真正选举原则有效性和促进民主化中的作用的报告<authorialNote marker="13" placement="bottom" eId="authorialNote_13"><p xml:space="preserve"><a href="https://undocs.org/ch/A/74/285">A/74/285</a>。</p></authorialNote> 所述群体的权能，并促请各国在法律和实践中建立并维护一个有利于记者在独立且无任何不当干扰的情况下开展工作的安全环境，</p>
      </container>
      <container name="深表关切的是" eId="container_21">
          <p xml:space="preserve">
            <span class="bold">	深表关切的是，</span>内部和外部行为体在传统媒体和社交媒体上散布虚假信息，以及企图在选举框架内操纵投票系统和封锁互联网及社交媒体，这对世界各地的民主国家构成日益严重的问题，</p>
      </container>
      <container name="认识到" eId="container_22">
        <p xml:space="preserve">
          <span class="bold">认识到</span>通过在线平台传播仇恨言论会对选举进程产生破坏性影响，</p>
      </container>
      <container name="注意到" eId="container_23">
        <p xml:space="preserve">
          <span class="bold">注意到</span>一些国家已开始将网上技术用于投票，重申《世界人权宣言》第十二条和《公民及政治权利国际公约》第十七条规定人人享有隐私权，即任何人的私生活、家庭、住宅和通信均不得受到任意或非法干涉，且人人有权享受法律保护，免受这种干涉，此外，人们在网下享有的权利在网上也须受到保护，</p>
      </container>
      <container name="认识到" eId="container_24">
        <p xml:space="preserve">
          <span class="bold">认识到</span>需要加强请求国的民主进程、选举机制和国家能力建设，包括举行公正选举的能力，促进选民教育、选举知识专长和技术发展以及妇女与男子平等参与，在请求国采取一切适当措施确保所有残疾人在与其他人平等基础上切实充分参与，加强公民参与并开展公民教育，包括面向青年的公民教育，以便巩固和保持以往选举的成果，并为以后的选举提供支持，</p>
      </container>
      <container name="注意到" eId="container_25">
        <p xml:space="preserve">
          <span class="bold">注意到</span>必须确保有序、公开、公正和透明的民主进程，保护和平集会、结社及言论和意见自由的权利，</p>
      </container>
      <container name="又注意到" eId="container_26">
        <p xml:space="preserve">
          <span class="bold">又注意到</span>国际社会可帮助创造条件，在过渡期和冲突后局势中促进选举前后所有阶段的稳定与安全，</p>
      </container>
      <container name="重申" eId="container_27">
        <p xml:space="preserve">
          <span class="bold">重申</span>透明是自由和公正选举的根基，有助于各国政府接受公民问责，而这种问责又是民主社会的一个支柱，</p>
      </container>
      <container name="确认" eId="container_28">
        <p xml:space="preserve">
          <span class="bold">确认</span>在这方面国家和国际选举观察对于促进自由和公正选举至关重要，有助于提高请求国选举进程的完整性，增强公众信心，促进选民参与，并降低选举引发动乱的可能性，</p>
      </container>
      <container name="又确认" eId="container_29">
        <p xml:space="preserve">
          <span class="bold">又确认</span>发出国际选举援助和(或)观察的邀请是会员国的主权权利，并欢迎一些国家作出请求此类援助和(或)观察的决定，</p>
      </container>
      <container name="回顾" eId="container_30">
        <p xml:space="preserve">
          <span class="bold">回顾</span>其2005年9月16日题为“2005年世界首脑会议成果”的第<a href="https://undocs.org/ch/A/RES/60/1">60/1</a>号决议，其中欢迎秘书长设立联合国民主基金，</p>
      </container>
      <container name="欢迎" eId="container_31">
        <p xml:space="preserve">
          <span class="bold">欢迎</span>会员国对联合国选举援助活动提供支助，除其他外提供包括选举委员会工作人员在内的选举专家和观察员，以及向联合国选举援助信托基金、联合国开发计划署民主治理专题信托基金和联合国民主基金提供捐款，</p>
      </container>
      <container name="认识到" eId="container_32">
        <p xml:space="preserve">
          <span class="bold">认识到</span>提供选举援助，特别是提供适当、可持续、无障碍、成本效益高的选举技术，有助于残疾人充分参与，并且可为发展中国家的选举进程提供支持，</p>
      </container>
      <container name="又认识到" eId="container_33">
        <p xml:space="preserve">
          <span class="bold">又认识到</span>联合国内外参与选举援助的行为体众多，导致协调困难，</p>
      </container>
      <container name="欢迎" eId="container_34">
        <p xml:space="preserve">
          <span class="bold">欢迎</span>国际及区域组织和非政府组织为提高定期真正选举原则的效力和促进民主化作出贡献，</p>
      </container>
      <container name="认识到" eId="container_35">
        <p xml:space="preserve">
          <span class="bold">认识到</span>发展、和平、人权、法治、民主、善治、包括举行自由和公正选举等领域之间存在重要的关联性，在这方面回顾通过《2030年可持续发展议程》，<authorialNote marker="14" placement="bottom" eId="authorialNote_14"><p xml:space="preserve">		第<a href="https://undocs.org/ch/A/RES/70/1">70/1</a>号决议。</p></authorialNote></p>
      </container>
    </preamble>
    <mainBody>
      <paragraph eId="para_36" class="SingleTxt">
        <num>	1.</num>
        <content eId="para_36__content">
          <p xml:space="preserve">
            <span class="bold">欢迎</span>秘书长关于加强联合国在提高定期真正选举原则有效性和促进民主化中的作用的报告；<sup>13</sup></p>
        </content>
      </paragraph>
      <paragraph eId="para_37" class="SingleTxt">
        <num>	2.</num>
        <content eId="para_37__content">
          <p xml:space="preserve">
            <span class="bold">赞扬</span>联合国应会员国请求提供选举援助，并要求继续根据请求国不断变化的需求和立法，逐案提供此种援助，以发展、改进和完善请求国的选举机构和进程，包括确保残疾人在选举进程的所有阶段都能充分参与，同时确认组织自由和公平选举的责任在于各国政府；</p>
        </content>
      </paragraph>
      <paragraph eId="para_38" class="SingleTxt">
        <num>	3.</num>
        <content eId="para_38__content">
          <p xml:space="preserve">
            <span class="bold">重申</span>联合国提供选举援助应继续以客观、公正、中立和独立的方式进行；</p>
        </content>
      </paragraph>
      <paragraph eId="para_39" class="SingleTxt">
        <num>	4.</num>
        <content eId="para_39__content">
          <p xml:space="preserve">
            <span class="bold">请</span>担任联合国选举援助事务协调人的主管政治和建设和平事务副秘书长继续定期向会员国通报收到的请求和提供援助的性质；</p>
        </content>
      </paragraph>
      <paragraph eId="para_40" class="SingleTxt">
        <num>	5.</num>
        <content eId="para_40__content">
          <p xml:space="preserve">
            <span class="bold">请</span>联合国继续努力，确保在承诺向请求国提供选举援助之前有适足时间组织和执行关于提供此类援助、包括提供长期技术合作的有效任务，确保存在举行自由和公平选举的条件，以及确保全面和连贯一致地报告任务结果；</p>
        </content>
      </paragraph>
      <paragraph eId="para_41" class="SingleTxt">
        <num>	6.</num>
        <content eId="para_41__content">
          <p xml:space="preserve">
            <span class="bold">指出</span>在全国和地方举行高效和透明选举必须有适足资源，并建议会员国为这些选举提供适足资源，包括考虑在可行情况下建立内部供资机制的可能性；</p>
        </content>
      </paragraph>
      <paragraph eId="para_42" class="SingleTxt">
        <num>	7.</num>
        <content eId="para_42__content">
          <p xml:space="preserve">
            <span class="bold">重申</span>所有国家都有义务采取一切适当措施，确保每个公民都享有平等参与选举的有效权利和机会；</p>
        </content>
      </paragraph>
      <paragraph eId="para_43" class="SingleTxt">
        <num>	8.</num>
        <content eId="para_43__content">
          <p xml:space="preserve">
            <span class="bold">强烈谴责</span>任何操纵选举过程、胁迫和篡改计票结果的行为，特别是国家以及其他行为体施行的行为，促请所有会员国尊重法治以及所有人的人权和基本自由，包括在真正的定期选举中选举和被选举的权利，这种选举应是普遍和平等的并以无记名投票方式进行，以保证选举人的意志的自由表达，从而创造条件，让所有公民，无论其投票的方式、支持的对象或其候选人是否胜出，均有主观动力和激励因素以及权利和机会，继续直接或通过民选代表参与公共事务及其政府；</p>
        </content>
      </paragraph>
      <paragraph eId="para_44" class="SingleTxt">
        <num>	9.</num>
        <content eId="para_44__content">
          <p xml:space="preserve">
            <span class="bold">促请</span>所有会员国确保残疾人能够在与其他人平等的基础上，直接或通过其自由选择的代表，有效和充分地参与政治和公共生活，包括确保残疾人享有选举和被选举的权利和机会；</p>
        </content>
      </paragraph>
      <paragraph eId="para_45" class="SingleTxt">
        <num>	10.</num>
        <content eId="para_45__content">
          <p xml:space="preserve">
            <span class="bold">又促请</span>所有会员国考虑如何增强青年在地方、国家、区域和国际机构和机制各级决策中的代表性，促进青年建设性地参与政治，并考虑、探索和拓展新途径，推动青年和由青年主导的组织充分、有效、有条理和持续地参与相关决策进程；</p>
        </content>
      </paragraph>
      <paragraph eId="para_46" class="SingleTxt">
        <num>	11.</num>
        <content eId="para_46__content">
          <p xml:space="preserve">
            <span class="bold">还促请</span>所有会员国增强妇女的政治参与，加快实现男女平等，并在所有情况下促进和保护妇女在与男子平等基础上参与选举投票和公民表决并有资格获选进入民选机构的人权；</p>
        </content>
      </paragraph>
      <paragraph eId="para_47" class="SingleTxt">
        <num>	12.</num>
        <content eId="para_47__content">
          <p xml:space="preserve">
            <span class="bold">建议</span>联合国依据需求评估并根据请求国不断变化的需求，在顾及可持续性和成本效益的情况下，在酌情包括选举前后的整个选举周期中，继续向请求国和选举机构提供技术咨询和其他援助，以帮助加强民主过程，同时铭记相关部门可应会员国请求，以调解和斡旋形式提供更多援助；</p>
        </content>
      </paragraph>
      <paragraph eId="para_48" class="SingleTxt">
        <num>	13.</num>
        <content eId="para_48__content">
          <p xml:space="preserve">
            <span class="bold">赞赏地注意到</span>正在进一步努力加强与其他国际、政府及非政府组织的合作，以便对选举援助请求作出更加全面和更加符合具体需求的回应，鼓励这些组织交流知识和经验，以便推广在提供援助和报告选举进程方面的最佳做法，并对派遣观察员或技术专家支持联合国选举援助努力的会员国、区域组织和非政府组织表示感谢；</p>
        </content>
      </paragraph>
      <paragraph eId="para_49" class="SingleTxt">
        <num>	14.</num>
        <content eId="para_49__content">
          <p xml:space="preserve">
            <span class="bold">确认</span>需要协调统一许多政府间及非政府组织参与选举观察的方法和标准，并在这方面表示赞赏《国际选举观察工作原则宣言》和《国际选举观察员行为守则》，其中阐述了国际选举观察工作的准则；</p>
        </content>
      </paragraph>
      <paragraph eId="para_50" class="SingleTxt">
        <num>	15.</num>
        <content eId="para_50__content">
          <p xml:space="preserve">
            <span class="bold">回顾</span>秘书长设立了联合国选举援助信托基金，并考虑到基金现已临近枯竭，促请会员国考虑向基金捐款；</p>
        </content>
      </paragraph>
      <paragraph eId="para_51" class="SingleTxt">
        <num>	16.</num>
        <content eId="para_51__content">
          <p xml:space="preserve">
            <span class="bold">鼓励</span>秘书长通过联合国选举援助事务协调人，在秘书处政治和建设和平事务部选举援助司的支助下，继续对性质不断变化的援助请求以及对日益增多的特定类别中期专家援助需求作出回应，以便特别是通过提高国家选举机构的能力，支持和加强请求国政府的现有能力；</p>
        </content>
      </paragraph>
      <paragraph eId="para_52" class="SingleTxt">
        <num>	17.</num>
        <content eId="para_52__content">
          <p xml:space="preserve">
            <span class="bold">请</span>秘书长向选举援助司提供适足的人力和财政资源，使其能够履行任务，包括增强选举专家名册的可调阅性和多样性以及本组织的选举机构记忆，并继续确保联合国人权事务高级专员办事处能够根据任务授权并与选举援助司密切协调，对会员国提出的大量日趋复杂且广泛的咨询服务请求作出回应；</p>
        </content>
      </paragraph>
      <paragraph eId="para_53" class="SingleTxt">
        <num>	18.</num>
        <content eId="para_53__content">
          <p xml:space="preserve">
            <span class="bold">重申</span>需要在联合国选举援助事务协调人的主持下，在选举援助司、联合国开发计划署、秘书处和平行动部和业务支助部与高级专员办事处之间不断进行全面协调，以确保联合国选举援助的协调和连贯性并避免工作重复；</p>
        </content>
      </paragraph>
      <paragraph eId="para_54" class="SingleTxt">
        <num>	19.</num>
        <content eId="para_54__content">
          <p xml:space="preserve">
            <span class="bold">请</span>联合国开发计划署与其他相关组织合作，继续推行其民主治理援助方案，特别是推动加强民主机构以及民间社会与政府之间联系的方案；</p>
        </content>
      </paragraph>
      <paragraph eId="para_55" class="SingleTxt">
        <num>	20.</num>
        <content eId="para_55__content">
          <p xml:space="preserve">
            <span class="bold">重申</span>民间社会的作用及其积极参与促进民主化的重要性，并邀请会员国为民间社会充分参与选举进程提供便利；</p>
        </content>
      </paragraph>
      <paragraph eId="para_56" class="SingleTxt">
        <num>	21.</num>
        <content eId="para_56__content">
          <p xml:space="preserve">
            <span class="bold">又重申</span>必须加强联合国系统内部和外部的协调，还重申联合国选举援助事务协调人在联合国系统内部的明确领导作用，包括在确保全系统连贯一致性，加强机构记忆及拟订、宣传和发布联合国选举援助政策方面的作用；</p>
        </content>
      </paragraph>
      <paragraph eId="para_57" class="SingleTxt">
        <num>	22.</num>
        <content eId="para_57__content">
          <p xml:space="preserve">
            <span class="bold">请</span>秘书长向大会第七十六届会议报告本决议执行情况，特别是会员国提出的选举援助请求的现状，以及他为加强联合国对会员国民主化进程的支持所作的努力。</p>
        </content>
      </paragraph>
    </mainBody>
    <conclusions eId="conclusions">
      <p>
        <inline name="adoptionMeeting" title="第50次">第50次全体会议</inline>
        <eol />
        <docDate date="2019-12-18" refersTo="#adoptionDate">2019年12月18日</docDate>
      </p>
    </conclusions>
  </statement>
</akomaNtoso>