<akomaNtoso xmlns:xsi="http://www.w3.org/2001/XMLSchema-instance" xsi:schemaLocation="http://docs.oasis-open.org/legaldocml/ns/akn/3.0 http://docs.oasis-open.org/legaldocml/akn-core/v1.0/os/part2-specs/schemas/akomantoso30.xsd" xmlns="http://docs.oasis-open.org/legaldocml/ns/akn/3.0" xmlns:html="http://www.w3.org/1999/xhtml" xmlns:akn4un="http://un.org/akn4un">
  <statement name="resolution">
    <meta>
      <identification source="#DGACM">
        <FRBRWork>
          <FRBRthis value="/akn/un/statement/deliberation/unga/2019-12-03/74-10/!main/"></FRBRthis>
          <FRBRuri value="/akn/un/statement/deliberation/unga/2019-12-03/74-10/"></FRBRuri>
          <FRBRdate date="2019-12-03" name="adoption"></FRBRdate>
          <FRBRauthor href="ga" as="author"></FRBRauthor>
          <FRBRcountry value="un"></FRBRcountry>
        </FRBRWork>
        <FRBRExpression>
          <FRBRthis value="/akn/un/statement/deliberation/unga/2019-12-03/74-10/zho@!main/"></FRBRthis>
          <FRBRuri value="/akn/un/statement/deliberation/unga/2019-12-03/74-10/zho@/"></FRBRuri>
          <FRBRdate date="2019-12-09" name="publication"></FRBRdate>
          <FRBRauthor href="ga" as="issuer"></FRBRauthor>
          <FRBRlanguage language="zho"></FRBRlanguage>
        </FRBRExpression>
        <FRBRManifestation>
          <FRBRthis value="/akn/un/statement/deliberation/unga/2019-12-03/74-10/zho@/!main.xml"></FRBRthis>
          <FRBRuri value="/akn/un/statement/deliberation/unga/2019-12-03/74-10/zho@.xml"></FRBRuri>
          <FRBRdate date="2020-08-29" name="markup"></FRBRdate>
          <FRBRauthor href="DGACM" as="editor"></FRBRauthor>
        </FRBRManifestation>
      </identification>
      <classification source="http://metadata.un.org/sdg">
        <keyword value="10" href="http://metadata.un.org/sdg/10" showAs="sdg_10" dictionary="SDGO"></keyword>
        <keyword value="social_inequality" href="http://eurovoc.europa.eu/1420" showAs="social_inequality" dictionary="EuroVoc"></keyword>
        <keyword value="equality" href="http://metadata.un.org/thesaurus/1002102" showAs="equality" dictionary="UNBIS Thesaurus"></keyword>
      </classification>
      <classification source="http://metadata.un.org/sdg">
        <keyword value="16" href="http://metadata.un.org/sdg/16" showAs="sdg_16" dictionary="SDGO"></keyword>
        <keyword value="right_to_justice" href="http://eurovoc.europa.eu/516" showAs="right_to_justice" dictionary="EuroVoc"></keyword>
        <keyword value="sustainable_development" href="http://eurovoc.europa.eu/5585" showAs="sustainable_development" dictionary="EuroVoc"></keyword>
        <keyword value="civil_society" href="http://metadata.un.org/thesaurus/1001012" showAs="civil_society" dictionary="UNBIS Thesaurus"></keyword>
        <keyword value="justice" href="http://metadata.un.org/thesaurus/1003500" showAs="justice" dictionary="UNBIS Thesaurus"></keyword>
        <keyword value="peaceful_coexistence" href="http://metadata.un.org/thesaurus/1004777" showAs="peaceful_coexistence" dictionary="UNBIS Thesaurus"></keyword>
        <keyword value="public_institutions" href="http://metadata.un.org/thesaurus/1005254" showAs="public_institutions" dictionary="UNBIS Thesaurus"></keyword>
        <keyword value="social_justice" href="http://metadata.un.org/thesaurus/1005970" showAs="social_justice" dictionary="UNBIS Thesaurus"></keyword>
        <keyword value="sustainable_development" href="http://metadata.un.org/thesaurus/1006319" showAs="sustainable_development" dictionary="UNBIS Thesaurus"></keyword>
      </classification>
      <classification source="http://metadata.un.org/sdg">
        <keyword value="17" href="http://metadata.un.org/sdg/17" showAs="sdg_17" dictionary="SDGO"></keyword>
        <keyword value="sustainable_development" href="http://eurovoc.europa.eu/5585" showAs="sustainable_development" dictionary="EuroVoc"></keyword>
        <keyword value="partnership" href="http://eurovoc.europa.eu/4199" showAs="partnership" dictionary="EuroVoc"></keyword>
        <keyword value="sustainable_development" href="http://metadata.un.org/thesaurus/1006319" showAs="sustainable_development" dictionary="UNBIS Thesaurus"></keyword>
        <keyword value="partnership" href="http://metadata.un.org/thesaurus/1004748" showAs="partnership" dictionary="UNBIS Thesaurus"></keyword>
      </classification>
      <workflow source="#un">
        <step date="2019-11-25" outcome="draftResolution" as="A/74/L.14" by="Comoros, Cuba, Indonesia, Jordan, Kuwait, Lao People's Democratic Republic, Qatar, Saudi Arabia, Senegal, United Arab Emirates and Yemen" />
        <step date="0001-01-01" outcome="draftResolutionAdditionalSponsors" by="Algeria, Bahrain, Bangladesh, Brunei Darussalam, Democratic People's Republic of Korea, Djibouti, Egypt, Gambia, Guinea, Iraq, Lebanon, Malaysia, Mauritania, Morocco, Namibia, Nicaragua, Oman, Somalia, South Africa, Sudan, Tunisia, Venezuela (Bolivarian Republic of), Viet Nam and State of Palestine" />
        <step date="0001-01-01" outcome="recommendedForAdoption" by="" />
        <step date="2019-12-03" outcome="adopted" as="A/74/PV.38" by="" />
      </workflow>
      <analysis source="#un">
        <parliamentary>
          <voting outcome="adoptedRecordedVote">
            <count value="92" refersTo="inFavour">
              <akn4un:voters>
                <organization refersTo="memberState">AFGHANISTAN</organization>
                <organization refersTo="memberState">ALGERIA</organization>
                <organization refersTo="memberState">ANGOLA</organization>
                <organization refersTo="memberState">ANTIGUA AND BARBUDA</organization>
                <organization refersTo="memberState">ARGENTINA</organization>
                <organization refersTo="memberState">AZERBAIJAN</organization>
                <organization refersTo="memberState">BAHRAIN</organization>
                <organization refersTo="memberState">BANGLADESH</organization>
                <organization refersTo="memberState">BELIZE</organization>
                <organization refersTo="memberState">BENIN</organization>
                <organization refersTo="memberState">BHUTAN</organization>
                <organization refersTo="memberState">BOLIVIA (PLURINATIONAL STATE OF)</organization>
                <organization refersTo="memberState">BOTSWANA</organization>
                <organization refersTo="memberState">BRUNEI DARUSSALAM</organization>
                <organization refersTo="memberState">BURUNDI</organization>
                <organization refersTo="memberState">CAMBODIA</organization>
                <organization refersTo="memberState">CHILE</organization>
                <organization refersTo="memberState">CHINA</organization>
                <organization refersTo="memberState">COSTA RICA</organization>
                <organization refersTo="memberState">COTE D'IVOIRE</organization>
                <organization refersTo="memberState">CUBA</organization>
                <organization refersTo="memberState">CYPRUS</organization>
                <organization refersTo="memberState">DEMOCRATIC PEOPLE'S REPUBLIC OF KOREA</organization>
                <organization refersTo="memberState">DJIBOUTI</organization>
                <organization refersTo="memberState">DOMINICAN REPUBLIC</organization>
                <organization refersTo="memberState">ECUADOR</organization>
                <organization refersTo="memberState">EGYPT</organization>
                <organization refersTo="memberState">EL SALVADOR</organization>
                <organization refersTo="memberState">ERITREA</organization>
                <organization refersTo="memberState">ETHIOPIA</organization>
                <organization refersTo="memberState">GABON</organization>
                <organization refersTo="memberState">GAMBIA</organization>
                <organization refersTo="memberState">GUINEA</organization>
                <organization refersTo="memberState">GUYANA</organization>
                <organization refersTo="memberState">ICELAND</organization>
                <organization refersTo="memberState">INDIA</organization>
                <organization refersTo="memberState">INDONESIA</organization>
                <organization refersTo="memberState">IRAN (ISLAMIC REPUBLIC OF)</organization>
                <organization refersTo="memberState">IRAQ</organization>
                <organization refersTo="memberState">JAMAICA</organization>
                <organization refersTo="memberState">JORDAN</organization>
                <organization refersTo="memberState">KAZAKHSTAN</organization>
                <organization refersTo="memberState">KENYA</organization>
                <organization refersTo="memberState">KUWAIT</organization>
                <organization refersTo="memberState">KYRGYZSTAN</organization>
                <organization refersTo="memberState">LAO PEOPLE'S DEMOCRATIC REPUBLIC</organization>
                <organization refersTo="memberState">LEBANON</organization>
                <organization refersTo="memberState">LESOTHO</organization>
                <organization refersTo="memberState">LIBYA</organization>
                <organization refersTo="memberState">MALAYSIA</organization>
                <organization refersTo="memberState">MALDIVES</organization>
                <organization refersTo="memberState">MALI</organization>
                <organization refersTo="memberState">MALTA</organization>
                <organization refersTo="memberState">MAURITANIA</organization>
                <organization refersTo="memberState">MAURITIUS</organization>
                <organization refersTo="memberState">MOROCCO</organization>
                <organization refersTo="memberState">MOZAMBIQUE</organization>
                <organization refersTo="memberState">NAMIBIA</organization>
                <organization refersTo="memberState">NEPAL</organization>
                <organization refersTo="memberState">NICARAGUA</organization>
                <organization refersTo="memberState">NIGERIA</organization>
                <organization refersTo="memberState">OMAN</organization>
                <organization refersTo="memberState">PAKISTAN</organization>
                <organization refersTo="memberState">PHILIPPINES</organization>
                <organization refersTo="memberState">QATAR</organization>
                <organization refersTo="memberState">SAINT LUCIA</organization>
                <organization refersTo="memberState">SAINT VINCENT AND THE GRENADINES</organization>
                <organization refersTo="memberState">SAUDI ARABIA</organization>
                <organization refersTo="memberState">SENEGAL</organization>
                <organization refersTo="memberState">SIERRA LEONE</organization>
                <organization refersTo="memberState">SINGAPORE</organization>
                <organization refersTo="memberState">SOMALIA</organization>
                <organization refersTo="memberState">SOUTH AFRICA</organization>
                <organization refersTo="memberState">SRI LANKA</organization>
                <organization refersTo="memberState">SUDAN</organization>
                <organization refersTo="memberState">SURINAME</organization>
                <organization refersTo="memberState">SYRIAN ARAB REPUBLIC</organization>
                <organization refersTo="memberState">TAJIKISTAN</organization>
                <organization refersTo="memberState">THAILAND</organization>
                <organization refersTo="memberState">TIMOR-LESTE</organization>
                <organization refersTo="memberState">TUNISIA</organization>
                <organization refersTo="memberState">TURKEY</organization>
                <organization refersTo="memberState">TURKMENISTAN</organization>
                <organization refersTo="memberState">UGANDA</organization>
                <organization refersTo="memberState">UNITED ARAB EMIRATES</organization>
                <organization refersTo="memberState">URUGUAY</organization>
                <organization refersTo="memberState">UZBEKISTAN</organization>
                <organization refersTo="memberState">VENEZUELA (BOLIVARIAN REPUBLIC OF)</organization>
                <organization refersTo="memberState">VIET NAM</organization>
                <organization refersTo="memberState">YEMEN</organization>
                <organization refersTo="memberState">ZAMBIA</organization>
                <organization refersTo="memberState">ZIMBABWE</organization>
              </akn4un:voters>
            </count>
            <count value="13" refersTo="against">
              <akn4un:voters>
                <organization refersTo="memberState">AUSTRALIA</organization>
                <organization refersTo="memberState">BRAZIL</organization>
                <organization refersTo="memberState">CANADA</organization>
                <organization refersTo="memberState">COLOMBIA</organization>
                <organization refersTo="memberState">CZECHIA</organization>
                <organization refersTo="memberState">GUATEMALA</organization>
                <organization refersTo="memberState">HONDURAS</organization>
                <organization refersTo="memberState">HUNGARY</organization>
                <organization refersTo="memberState">ISRAEL</organization>
                <organization refersTo="memberState">MARSHALL ISLANDS</organization>
                <organization refersTo="memberState">MICRONESIA (FEDERATED STATES OF)</organization>
                <organization refersTo="memberState">NAURU</organization>
                <organization refersTo="memberState">UNITED STATES</organization>
              </akn4un:voters>
            </count>
            <count value="61" refersTo="abstaining">
              <akn4un:voters>
                <organization refersTo="memberState">ALBANIA</organization>
                <organization refersTo="memberState">ANDORRA</organization>
                <organization refersTo="memberState">ARMENIA</organization>
                <organization refersTo="memberState">AUSTRIA</organization>
                <organization refersTo="memberState">BELARUS</organization>
                <organization refersTo="memberState">BELGIUM</organization>
                <organization refersTo="memberState">BOSNIA AND HERZEGOVINA</organization>
                <organization refersTo="memberState">BULGARIA</organization>
                <organization refersTo="memberState">CABO VERDE</organization>
                <organization refersTo="memberState">CAMEROON</organization>
                <organization refersTo="memberState">CROATIA</organization>
                <organization refersTo="memberState">DENMARK</organization>
                <organization refersTo="memberState">ESTONIA</organization>
                <organization refersTo="memberState">FIJI</organization>
                <organization refersTo="memberState">FINLAND</organization>
                <organization refersTo="memberState">FRANCE</organization>
                <organization refersTo="memberState">GEORGIA</organization>
                <organization refersTo="memberState">GERMANY</organization>
                <organization refersTo="memberState">GHANA</organization>
                <organization refersTo="memberState">GREECE</organization>
                <organization refersTo="memberState">IRELAND</organization>
                <organization refersTo="memberState">ITALY</organization>
                <organization refersTo="memberState">JAPAN</organization>
                <organization refersTo="memberState">LATVIA</organization>
                <organization refersTo="memberState">LIECHTENSTEIN</organization>
                <organization refersTo="memberState">LITHUANIA</organization>
                <organization refersTo="memberState">LUXEMBOURG</organization>
                <organization refersTo="memberState">MEXICO</organization>
                <organization refersTo="memberState">MONACO</organization>
                <organization refersTo="memberState">MONTENEGRO</organization>
                <organization refersTo="memberState">NETHERLANDS</organization>
                <organization refersTo="memberState">NEW ZEALAND</organization>
                <organization refersTo="memberState">NORTH MACEDONIA</organization>
                <organization refersTo="memberState">NORWAY</organization>
                <organization refersTo="memberState">PALAU</organization>
                <organization refersTo="memberState">PANAMA</organization>
                <organization refersTo="memberState">PAPUA NEW GUINEA</organization>
                <organization refersTo="memberState">PARAGUAY</organization>
                <organization refersTo="memberState">PERU</organization>
                <organization refersTo="memberState">POLAND</organization>
                <organization refersTo="memberState">PORTUGAL</organization>
                <organization refersTo="memberState">REPUBLIC OF KOREA</organization>
                <organization refersTo="memberState">REPUBLIC OF MOLDOVA</organization>
                <organization refersTo="memberState">ROMANIA</organization>
                <organization refersTo="memberState">RUSSIAN FEDERATION</organization>
                <organization refersTo="memberState">RWANDA</organization>
                <organization refersTo="memberState">SAMOA</organization>
                <organization refersTo="memberState">SAN MARINO</organization>
                <organization refersTo="memberState">SERBIA</organization>
                <organization refersTo="memberState">SLOVAKIA</organization>
                <organization refersTo="memberState">SLOVENIA</organization>
                <organization refersTo="memberState">SOLOMON ISLANDS</organization>
                <organization refersTo="memberState">SOUTH SUDAN</organization>
                <organization refersTo="memberState">SPAIN</organization>
                <organization refersTo="memberState">SWEDEN</organization>
                <organization refersTo="memberState">SWITZERLAND</organization>
                <organization refersTo="memberState">TOGO</organization>
                <organization refersTo="memberState">TONGA</organization>
                <organization refersTo="memberState">UKRAINE</organization>
                <organization refersTo="memberState">UNITED KINGDOM</organization>
                <organization refersTo="memberState">VANUATU</organization>
              </akn4un:voters>
            </count>
          </voting>
        </parliamentary>
      </analysis>
      <references source="#DGACM">
        <TLCOrganization eId="source" href="/akn/ontology/organization/un/DGACM" showAs="DGACM"></TLCOrganization>
        <TLCConcept eId="dateOfIssuance" href="/akn/ontology/concept/un/dateOfIssuance" showAs="Date of issuance"></TLCConcept>
        <TLCConcept eId="dateOfAdoption" href="/akn/ontology/concept/un/dateOfAdoption" showAs="Date of adoption"></TLCConcept>
        <TLCConcept eId="symbol" href="/akn/ontology/reference/un/symbol" showAs="Symbol"></TLCConcept>
        <TLCRole eId="publisher" href="/akn/ontology/role/un/publisher" showAs="Publisher"></TLCRole>
        <TLCRole eId="issuingBody" href="/akn/role/concept/un/issuingBody" showAs="Issuing body"></TLCRole>
        <TLCRole eId="author" href="/akn/ontology/role/un/author" showAs="Author"></TLCRole>
        <TLCRole eId="editor" href="/akn/ontology/role/un/editor" showAs="Editor"></TLCRole>
        <TLCRole eId="distribution" href="/akn/ontology/concept/un/generalDistribution" showAs="General distribution"></TLCRole>
        <TLCOrganization eId="ga" href="/akn/ontology/organization/un/generalAssembly" showAs="General Assembly"></TLCOrganization>
        <TLCTerm eId="resolutionTitle" href="/akn/ontology/reference/un/resolutionTitle" showAs="Resolution title"></TLCTerm>
        <TLCTerm eId="noMainCommittee" href="#noMainCommittee" showAs="未经发交主要委员会而通过"></TLCTerm>
        <TLCTerm eId="memberState" href="/akn/ontology/organization/un/memberState" showAs="Member State"></TLCTerm>
        <TLCTerm eId="inFavour" href="/akn/ontology/concept/un/voting/inFavour" showAs="In favour"></TLCTerm>
        <TLCTerm eId="against" href="/akn/ontology/concept/un/voting/against" showAs="Against"></TLCTerm>
        <TLCTerm eId="abstaining" href="/akn/ontology/concept/un/voting/abstaining" showAs="Abstaining"></TLCTerm>
      </references>
      <presentation source="#un">
        <akn4un:footerFirstPage>
          <akn4un:footerFirstPageLeft>
            <akn4un:internalCode>
              <docketNumber refersTo="#publicationJobNumber">19-20903 (C)</docketNumber>
              <img alt="bar code" class="barCode" src=""></img>
            </akn4un:internalCode>
          </akn4un:footerFirstPageLeft>
          <akn4un:footerFirstPageRight>
            <img alt="Please recycle" class="image" src="./recylcleLogo.jpg"></img>
            <img alt="embedded QR code" class="qrCode" src=""></img>
          </akn4un:footerFirstPageRight>
        </akn4un:footerFirstPage>
      </presentation>
    </meta>
    <coverPage eId="coverPage_1">
      <p>
        <span refersTo="#publisher" class="upperLeft">
          <docAuthority refersTo="#publisher">联合国</docAuthority>
        </span>
      </p>
      <p class="upperRight">
        <docNumber refersTo="#symbol">A/RES/74/10</docNumber>
      </p>
      <p class="upperLeft">
        <img src="logo-un.jpg"></img>
        <docAuthority refersTo="#issuingBody" class="rightBig">大会</docAuthority>
      </p>
      <p>
        <docStatus refersTo="#generalDistribution" class="rightSmall">Distr.: General</docStatus>
      </p>
      <p>
        <docDate date="2019-12-09" class="rightSmall" refersTo="#dateOfIssuance">9 December 2019</docDate>
      </p>
      <p>
        <session refersTo="#generalAssembly" value="74" eId="coverPage_1__session_1">第七十四届会议</session>
      </p>
      <p>
        <inline name="agenda item">议程项目35</inline>
      </p>
      <p>
        <inline name="agenda item name">巴勒斯坦问题</inline>
      </p>
      <p>
        <docTitle>2019年12月3日大会决议</docTitle>
      </p>
      <p xml:space="preserve">
        <docProponent refersTo="#noMainCommittee">[未经发交主要委员会而通过 (<inline name="originating document">A/74/L.14和A/74/L.14/Add.1</inline>)]</docProponent>
      </p>
    </coverPage>
    <preface>
      <p>
        <docNumber>74/10.</docNumber>
        <docTitle refersTo="#resolutionTitle">巴勒斯坦人民行使不可剥夺权利委员会</docTitle>
      </p>
    </preface>
    <preamble>
      <formula name="enactingFormula" eId="formula_1">
        <p xml:space="preserve">
          <span class="bold">大会</span>，</p>
      </formula>
      <container name="回顾"  eId="container_2">
        <p xml:space="preserve">
          <span class="bold">	回顾</span>其1947年11月29日第181(II)号、1948年12月11日第194(III)号、1974年11月22日第3236(XXIX)号、1975年11月10日第3375(XXX)和3376(XXX)号、1976年11月24日第<a href="https://undocs.org/ch/A/RES/31/20">31/20</a>号决议和其后的所有相关决议，包括其紧急特别会议通过的各项决议和2018年11月30日第<a href="https://undocs.org/ch/A/RES/73/18">7</a><a href="https://undocs.org/ch/A/RES/73/18">3</a><a href="https://undocs.org/ch/A/RES/73/18">/1</a><a href="https://undocs.org/ch/A/RES/73/18">8</a>号决议，</p>
      </container>
      <container name="又回顾"  eId="container_3">
        <p xml:space="preserve">
          <span class="bold">又回顾</span>其2004年5月6日第<a href="https://undocs.org/ch/A/RES/58/292">58/292</a>号决议，</p>
      </container>
      <container name="审议了"  eId="container_4">
        <p xml:space="preserve">
          <span class="bold">审议了</span>巴勒斯坦人民行使不可剥夺权利委员会的报告，<authorialNote marker="1" placement="bottom" eId="authorialNote_1"><p xml:space="preserve">		《大会正式记录，第七十四届会议，补编第35号》(<a href="https://undocs.org/ch/A/74/35">A/74/35</a>)。</p></authorialNote></p>
      </container>
      <container name="回顾"  eId="container_5">
        <p xml:space="preserve">
          <span class="bold">回顾</span>以色列国政府与巴勒斯坦人民的代表巴勒斯坦解放组织已相互承认，并回顾双方之间现有的各项协定以及全面遵守这些协定的必要性，</p>
      </container>
      <container name="申明支持"  eId="container_6">
        <p xml:space="preserve">
          <span class="bold">申明支持</span>以联合国有关决议、马德里会议的职权范围包括土地换和平原则、阿拉伯国家联盟理事会第十四届会议通过的《阿拉伯和平倡议》<authorialNote marker="2" placement="bottom" eId="authorialNote_2"><p xml:space="preserve"><a href="https://undocs.org/ch/A/56/1026">A/56/1026-S/2002/932</a>，附件二，第14/221号决议。</p></authorialNote> 和经安全理事会2003年11月19日第<a href="https://undocs.org/ch/S/RES/1515(2003)">1515(2003)</a>号决议赞同的以色列-巴勒斯坦冲突永久性两国解决方案四方路线图<authorialNote marker="3" placement="bottom" eId="authorialNote_3"><p xml:space="preserve"><a href="https://undocs.org/ch/S/2003/529">S/2003/529</a>，附件。</p></authorialNote> 为基础，全面、公正、持久、和平地解决以色列-巴勒斯坦冲突，</p>
      </container>
      <container name="回顾"  eId="container_7">
        <p xml:space="preserve">
          <span class="bold">回顾</span>安全理事会有关决议，包括2016年12月23日第<a href="https://undocs.org/ch/S/RES/2334(2016)">2334(2016)</a>号决议，并在此方面特别强调吁请所有各方为促进和平与安全继续作出集体努力，以期在2010年9月21日四方声明规定的时间表内，就中东和平进程中所有最后地位问题启动可信的谈判，</p>
      </container>
      <container name="又回顾"  eId="container_8">
        <p xml:space="preserve">
          <span class="bold">又回顾</span>国际法院2004年7月9日就在巴勒斯坦被占领土修建隔离墙的法律后果发表的咨询意见，<authorialNote marker="4" placement="bottom" eId="authorialNote_4"><p xml:space="preserve">		见<a href="https://undocs.org/ch/A/ES-10/273">A/ES-10/273</a>和<a href="https://undocs.org/ch/A/ES-10/273/Corr.1">A/ES-10/273/Corr.1</a>。</p></authorialNote> 并回顾大会2004年7月20日<a href="https://undocs.org/ch/A/RES/ES-10/15">ES-10/15</a>号和2006年12月15日<a href="https://undocs.org/ch/A/RES/ES-10/17">ES-10/17</a>号决议，</p>
      </container>
      <container name="表示注意到"  eId="container_9">
        <p xml:space="preserve">
          <span class="bold">表示注意到</span>巴勒斯坦于2011年9月23日提交加入联合国申请书，<authorialNote marker="5" placement="bottom" eId="authorialNote_5"><p xml:space="preserve"><a href="https://undocs.org/ch/A/66/371">A/66/371-S/2011/592</a>，附件一。</p></authorialNote></p>
      </container>
      <container name="回顾"  eId="container_10">
        <p xml:space="preserve">
          <span class="bold">回顾</span>其2012年11月29日第<a href="https://undocs.org/ch/A/RES/67/19">67/19</a>号决议，其中除其他外给予巴勒斯坦联合国非会员观察员国地位，还表示注意到秘书长的后续报告，<authorialNote marker="6" placement="bottom" eId="authorialNote_6"><p xml:space="preserve"><a href="https://undocs.org/ch/A/67/738">A/67/738</a>。</p></authorialNote></p>
      </container>
      <container name="表示注意到"  eId="container_11">
        <p xml:space="preserve">
          <span class="bold">表示注意到</span>巴勒斯坦加入了若干人权条约和核心人道主义法公约以及其他国际条约，</p>
      </container>
      <container name="深为遗憾地注意到"  eId="container_12">
          <p xml:space="preserve">
            <span class="bold">深为遗憾地注意到</span>以色列占领已有52年及自1947年11月29日通过第181(II)号决议和浩劫发生以来已有72年，而和平解决方案没有任何实际进展，并强调指出迫切需要努力扭转实地的消极趋势和恢复政治前景，以推动和加速为达成和平协定进行有意义的谈判，从而无一例外地彻底结束自1967年开始的以色列占领和解决所有的核心最终地位问题，从而和平、公正、持久和全面解决巴勒斯坦问题，</p>
        </container>
      <container name="重申"  eId="container_13">
        <p xml:space="preserve">
          <span class="bold">重申</span>联合国对巴勒斯坦问题担负永久责任，直到这个问题的所有方面都依循国际合法性得到满意解决为止，</p>
      </container>
    </preamble>
    <mainBody>
      <paragraph eId="para_14" class="MercuryDocument">
        <num>	1.</num>
        <content eId="para_14__content">
          <p xml:space="preserve">
            <span class="bold">表示赞赏</span>巴勒斯坦人民行使不可剥夺权利委员会为履行大会交给它的任务作出努力，表示注意到委员会年度报告，<sup>1 </sup>包括报告第七章中的结论和宝贵建议，特别是建议国际社会为实现和平解决巴勒斯坦问题加倍努力，以制定经扩大的重振和平努力多边框架，并努力确保按照联合国有关决议最充分地进行问责及落实长期以来的和平要素；</p>
        </content>
      </paragraph>
      <paragraph eId="para_15" class="MercuryDocument">
        <num>	2.</num>
        <content eId="para_15__content">
          <p xml:space="preserve">
            <span class="bold">请</span>委员会继续尽全力促进实现巴勒斯坦人民的不可剥夺权利，包括自决权利，支持毫不拖延地结束以色列始于1967年的占领，并达成基于1967年以前边界的两国解决方案和公正解决所有最终地位问题，动员国际社会支持和援助巴勒斯坦人民，在这方面授权委员会根据事态发展，对委员会的核定工作方案作出它认为必要的适当调整，并就此向大会第七十五届会议及其后各届会议提出报告；</p>
        </content>
      </paragraph>
      <paragraph eId="para_16" class="MercuryDocument">
        <num>	3.</num>
        <content eId="para_16__content">
          <p xml:space="preserve">
            <span class="bold">又请</span>委员会继续经常审查与巴勒斯坦问题有关的局势，酌情向大会、安全理事会或秘书长提出报告和建议；</p>
        </content>
      </paragraph>
      <paragraph eId="para_17" class="MercuryDocument">
        <num>	4.</num>
        <content eId="para_17__content">
          <p xml:space="preserve">
            <span class="bold">还请</span>委员会继续同巴勒斯坦的和其他的民间社会组织合作并给予支持，继续争取更多的民间社会组织和议员参与其工作，以动员国际社会声援和支持巴勒斯坦人民，尤其是在出现政治不稳定、人道主义困境和财政危机的这一关键时期，总体目标是根据联合国有关决议、马德里会议的职权范围包括土地换和平原则、《阿拉伯和平倡议》<sup>2 </sup>和四方路线图，<sup>3 </sup>促进巴勒斯坦人民实现其不可剥夺权利，公正、持久、和平地解决作为阿拉伯-以色列冲突核心的巴勒斯坦问题；</p>
        </content>
      </paragraph>
      <paragraph eId="para_18" class="MercuryDocument">
        <num>	5.</num>
        <content eId="para_18__content">
          <p xml:space="preserve">
            <span class="bold">赞扬</span>委员会为坚持履行其任务规定作出努力和开展活动，包括与各国政府、联合国系统有关组织、政府间组织和民间社会组织开展合作；</p>
        </content>
      </paragraph>
      <paragraph eId="para_19" class="MercuryDocument">
        <num>	6.</num>
        <content eId="para_19__content">
          <p xml:space="preserve">
            <span class="bold">赞扬</span>委员会工作组作出努力，协调国际和区域民间社会组织就巴勒斯坦问题所作的努力；</p>
        </content>
      </paragraph>
      <paragraph eId="para_20" class="MercuryDocument">
        <num>	7.</num>
        <content eId="para_20__content">
          <p xml:space="preserve">
            <span class="bold">请</span>大会第194(III)号决议所设联合国巴勒斯坦和解委员会以及与巴勒斯坦问题有关的其他联合国机构继续与委员会充分合作，并应委员会的要求，向委员会提供所掌握的相关信息和文件；</p>
        </content>
      </paragraph>
      <paragraph eId="para_21" class="MercuryDocument">
        <num>	8.</num>
        <content eId="para_21__content">
          <p xml:space="preserve">
            <span class="bold">邀请</span>各国政府和各组织在委员会开展工作过程中与其合作并给予支持，同时回顾大会一再呼吁所有国家和联合国系统各专门机构及组织继续支持和协助巴勒斯坦人民早日实现其自决权利，包括建立自己的独立巴勒斯坦国的权利；</p>
        </content>
      </paragraph>
      <paragraph eId="para_22" class="MercuryDocument">
        <num>	9.</num>
        <content eId="para_22__content">
          <p xml:space="preserve">
            <span class="bold">请</span>联合国贸易和发展会议继续向大会提交报告，说明以色列的占领给巴勒斯坦人民造成的经济代价，并在提请注意最近报告<authorialNote marker="7" placement="bottom" eId="authorialNote_7"><p xml:space="preserve"><sup>	7	</sup><a href="https://undocs.org/ch/A/73/201">A/73/201</a>和<a href="https://undocs.org/ch/A/74/272">A/74/272</a>。</p></authorialNote> 所述的令人震惊的情况的同时，在这方面呼吁尽一切努力提供必要资源，以加快完成和发布该报告，包括促进和协调联合国系统各有关机关和机构提供相关投入；</p>
        </content>
      </paragraph>
      <paragraph eId="para_23" class="MercuryDocument">
        <num>	10.</num>
        <content eId="para_23__content">
          <p xml:space="preserve">
            <span class="bold">请</span>秘书长将委员会的报告分发给联合国所有主管机构，并敦促它们酌情采取必要的行动；</p>
        </content>
      </paragraph>
      <paragraph eId="para_24" class="MercuryDocument">
        <num>	11.</num>
        <content eId="para_24__content">
          <p xml:space="preserve">
            <span class="bold">请</span>委员会考虑到在提出和平解决方案方面令人遗憾地没有实际进展，继续将其2020年全年的活动侧重于旨在结束自1967年开始的以色列占领的努力和举措，并在现有资源范围内，与各国政府、联合国系统相关组织、政府间组织和民间社会组织合作组织这方面的活动，提高国际社会的认识和动员各种外交努力，以期为从所有方面公正、持久、全面、和平解决巴勒斯坦问题尽速启动可信谈判；</p>
        </content>
      </paragraph>
      <paragraph eId="para_25" class="SingleTxt">
        <num>	12.</num>
        <content eId="para_25__content">
          <p xml:space="preserve">
            <span class="bold">请</span>秘书长继续向委员会提供其开展工作所需的一切便利。</p>
        </content>
      </paragraph>
    </mainBody>
    <conclusions eId="conclusions">
      <p>
        <inline name="adoptionMeeting" title="第38次">第38次全体会议</inline>
        <eol />
        <docDate date="2019-12-03" refersTo="#adoptionDate">2019年12月3日</docDate>
      </p>
    </conclusions>
  </statement>
</akomaNtoso>