<akomaNtoso xmlns:xsi="http://www.w3.org/2001/XMLSchema-instance" xsi:schemaLocation="http://docs.oasis-open.org/legaldocml/ns/akn/3.0 http://docs.oasis-open.org/legaldocml/akn-core/v1.0/os/part2-specs/schemas/akomantoso30.xsd" xmlns="http://docs.oasis-open.org/legaldocml/ns/akn/3.0" xmlns:html="http://www.w3.org/1999/xhtml" xmlns:akn4un="http://un.org/akn4un">
  <statement name="resolution">
    <meta>
      <identification source="#DGACM">
        <FRBRWork>
          <FRBRthis value="/akn/un/statement/deliberation/unga/2019-12-13/74-105/!main/"></FRBRthis>
          <FRBRuri value="/akn/un/statement/deliberation/unga/2019-12-13/74-105/"></FRBRuri>
          <FRBRdate date="2019-12-13" name="adoption"></FRBRdate>
          <FRBRauthor href="ga" as="author"></FRBRauthor>
          <FRBRcountry value="un"></FRBRcountry>
        </FRBRWork>
        <FRBRExpression>
          <FRBRthis value="/akn/un/statement/deliberation/unga/2019-12-13/74-105/zho@!main/"></FRBRthis>
          <FRBRuri value="/akn/un/statement/deliberation/unga/2019-12-13/74-105/zho@/"></FRBRuri>
          <FRBRdate date="2019-12-27" name="publication"></FRBRdate>
          <FRBRauthor href="ga" as="issuer"></FRBRauthor>
          <FRBRlanguage language="zho"></FRBRlanguage>
        </FRBRExpression>
        <FRBRManifestation>
          <FRBRthis value="/akn/un/statement/deliberation/unga/2019-12-13/74-105/zho@/!main.xml"></FRBRthis>
          <FRBRuri value="/akn/un/statement/deliberation/unga/2019-12-13/74-105/zho@.xml"></FRBRuri>
          <FRBRdate date="2020-09-01" name="markup"></FRBRdate>
          <FRBRauthor href="DGACM" as="editor"></FRBRauthor>
        </FRBRManifestation>
      </identification>
      <classification source="http://metadata.un.org/sdg">
        <keyword value="14" href="http://metadata.un.org/sdg/14" showAs="sdg_14" dictionary="SDGO"></keyword>
        <keyword value="marine_life" href="http://eurovoc.europa.eu/3149" showAs="marine_life" dictionary="EuroVoc"></keyword>
        <keyword value="marine_environment" href="http://eurovoc.europa.eu/5742" showAs="marine_environment" dictionary="EuroVoc"></keyword>
        <keyword value="ocean" href="http://eurovoc.europa.eu/2107" showAs="ocean" dictionary="EuroVoc"></keyword>
        <keyword value="sea" href="http://eurovoc.europa.eu/1870" showAs="sea" dictionary="EuroVoc"></keyword>
        <keyword value="marine_resources" href="http://metadata.un.org/thesaurus/030800" showAs="marine_resources" dictionary="UNBIS Thesaurus"></keyword>
        <keyword value="marine_resources" href="http://metadata.un.org/thesaurus/1003922" showAs="marine_resources" dictionary="UNBIS Thesaurus"></keyword>
        <keyword value="oceans_and_seas" href="http://metadata.un.org/thesaurus/170600" showAs="oceans_and_seas" dictionary="UNBIS Thesaurus"></keyword>
      </classification>
      <classification source="http://metadata.un.org/sdg">
        <keyword value="6" href="http://metadata.un.org/sdg/6" showAs="sdg_6" dictionary="SDGO"></keyword>
        <keyword value="water" href="http://eurovoc.europa.eu/597" showAs="water" dictionary="EuroVoc"></keyword>
        <keyword value="public_hygiene" href="http://eurovoc.europa.eu/3371" showAs="public_hygiene" dictionary="EuroVoc"></keyword>
        <keyword value="use_of_water" href="http://eurovoc.europa.eu/4628" showAs="use_of_water" dictionary="EuroVoc"></keyword>
        <keyword value="water" href="http://metadata.un.org/thesaurus/030500" showAs="water" dictionary="UNBIS Thesaurus"></keyword>
        <keyword value="sanitation" href="http://metadata.un.org/thesaurus/1005701" showAs="sanitation" dictionary="UNBIS Thesaurus"></keyword>
        <keyword value="water_management" href="http://metadata.un.org/thesaurus/1006948" showAs="water_management" dictionary="UNBIS Thesaurus"></keyword>
      </classification>
      <classification source="http://metadata.un.org/sdg">
        <keyword value="16" href="http://metadata.un.org/sdg/16" showAs="sdg_16" dictionary="SDGO"></keyword>
        <keyword value="right_to_justice" href="http://eurovoc.europa.eu/516" showAs="right_to_justice" dictionary="EuroVoc"></keyword>
        <keyword value="sustainable_development" href="http://eurovoc.europa.eu/5585" showAs="sustainable_development" dictionary="EuroVoc"></keyword>
        <keyword value="civil_society" href="http://metadata.un.org/thesaurus/1001012" showAs="civil_society" dictionary="UNBIS Thesaurus"></keyword>
        <keyword value="justice" href="http://metadata.un.org/thesaurus/1003500" showAs="justice" dictionary="UNBIS Thesaurus"></keyword>
        <keyword value="peaceful_coexistence" href="http://metadata.un.org/thesaurus/1004777" showAs="peaceful_coexistence" dictionary="UNBIS Thesaurus"></keyword>
        <keyword value="public_institutions" href="http://metadata.un.org/thesaurus/1005254" showAs="public_institutions" dictionary="UNBIS Thesaurus"></keyword>
        <keyword value="social_justice" href="http://metadata.un.org/thesaurus/1005970" showAs="social_justice" dictionary="UNBIS Thesaurus"></keyword>
        <keyword value="sustainable_development" href="http://metadata.un.org/thesaurus/1006319" showAs="sustainable_development" dictionary="UNBIS Thesaurus"></keyword>
      </classification>
      <classification source="http://metadata.un.org/sdg">
        <keyword value="17" href="http://metadata.un.org/sdg/17" showAs="sdg_17" dictionary="SDGO"></keyword>
        <keyword value="sustainable_development" href="http://eurovoc.europa.eu/5585" showAs="sustainable_development" dictionary="EuroVoc"></keyword>
        <keyword value="partnership" href="http://eurovoc.europa.eu/4199" showAs="partnership" dictionary="EuroVoc"></keyword>
        <keyword value="sustainable_development" href="http://metadata.un.org/thesaurus/1006319" showAs="sustainable_development" dictionary="UNBIS Thesaurus"></keyword>
        <keyword value="partnership" href="http://metadata.un.org/thesaurus/1004748" showAs="partnership" dictionary="UNBIS Thesaurus"></keyword>
      </classification>
      <workflow source="#un">
        <step date="0001-01-01" outcome="draftResolution" by="submitted by the Special Committee on the Situation with regard to the Implementation of the Declaration on the Granting of Independence to Colonial Countries and Peoples" />
        <step date="0001-01-01" outcome="draftResolutionAdditionalSponsors" by="" />
        <step date="0001-01-01" outcome="recommendedForAdoption" as="A/74/418" by="" refersTo="39" />
        <step date="2019-12-13" outcome="adopted" as="A/74/PV.47" by="" />
      </workflow>
      <analysis source="#un">
        <parliamentary>
          <voting outcome="adoptedWithoutVote">
            <quorum value=""></quorum>
          </voting>
        </parliamentary>
      </analysis>
      <references source="#DGACM">
        <TLCOrganization eId="source" href="/akn/ontology/organization/un/DGACM" showAs="DGACM"></TLCOrganization>
        <TLCConcept eId="dateOfIssuance" href="/akn/ontology/concept/un/dateOfIssuance" showAs="Date of issuance"></TLCConcept>
        <TLCConcept eId="dateOfAdoption" href="/akn/ontology/concept/un/dateOfAdoption" showAs="Date of adoption"></TLCConcept>
        <TLCConcept eId="symbol" href="/akn/ontology/reference/un/symbol" showAs="Symbol"></TLCConcept>
        <TLCRole eId="publisher" href="/akn/ontology/role/un/publisher" showAs="Publisher"></TLCRole>
        <TLCRole eId="issuingBody" href="/akn/role/concept/un/issuingBody" showAs="Issuing body"></TLCRole>
        <TLCRole eId="author" href="/akn/ontology/role/un/author" showAs="Author"></TLCRole>
        <TLCRole eId="editor" href="/akn/ontology/role/un/editor" showAs="Editor"></TLCRole>
        <TLCRole eId="distribution" href="/akn/ontology/concept/un/generalDistribution" showAs="General distribution"></TLCRole>
        <TLCOrganization eId="ga" href="/akn/ontology/organization/un/generalAssembly" showAs="General Assembly"></TLCOrganization>
        <TLCTerm eId="resolutionTitle" href="/akn/ontology/reference/un/resolutionTitle" showAs="Resolution title"></TLCTerm>
        <TLCTerm eId="fourthCommittee" href="#fourthCommittee" showAs="特别政治和非殖民化委员会"></TLCTerm>
        <TLCTerm eId="memberState" href="/akn/ontology/organization/un/memberState" showAs="Member State"></TLCTerm>
        <TLCTerm eId="inFavour" href="/akn/ontology/concept/un/voting/inFavour" showAs="In favour"></TLCTerm>
        <TLCTerm eId="against" href="/akn/ontology/concept/un/voting/against" showAs="Against"></TLCTerm>
        <TLCTerm eId="abstaining" href="/akn/ontology/concept/un/voting/abstaining" showAs="Abstaining"></TLCTerm>
      </references>
      <presentation source="#un">
        <akn4un:footerFirstPage>
          <akn4un:footerFirstPageLeft>
            <akn4un:internalCode>
              <docketNumber refersTo="#publicationJobNumber">19-21924 (C)</docketNumber>
              <img alt="bar code" class="barCode" src=""></img>
            </akn4un:internalCode>
          </akn4un:footerFirstPageLeft>
          <akn4un:footerFirstPageRight>
            <img alt="Please recycle" class="image" src="./recylcleLogo.jpg"></img>
            <img alt="embedded QR code" class="qrCode" src=""></img>
          </akn4un:footerFirstPageRight>
        </akn4un:footerFirstPage>
      </presentation>
    </meta>
    <coverPage eId="coverPage_1">
      <p>
        <span refersTo="#publisher" class="upperLeft">
          <docAuthority refersTo="#publisher">联合国</docAuthority>
        </span>
      </p>
      <p class="upperRight">
        <docNumber refersTo="#symbol">A/RES/74/105</docNumber>
      </p>
      <p class="upperLeft">
        <img src="logo-un.jpg"></img>
        <docAuthority refersTo="#issuingBody" class="rightBig">大会</docAuthority>
      </p>
      <p>
        <docStatus refersTo="#generalDistribution" class="rightSmall">Distr.: General</docStatus>
      </p>
      <p>
        <docDate date="2019-12-27" class="rightSmall" refersTo="#dateOfIssuance">27 December 2019</docDate>
      </p>
      <p>
        <session refersTo="#generalAssembly" value="74" eId="coverPage_1__session_1">第七十四届会议</session>
      </p>
      <p>
        <inline name="agenda item">议程项目59</inline>
      </p>
      <p>
        <inline name="agenda item name">《给予殖民地国家和人民独立宣言》的执行情况</inline>
      </p>
      <p>
        <docTitle>2019年12月13日大会决议</docTitle>
      </p>
      <p xml:space="preserve">
        <docProponent refersTo="#fourthCommittee">[根据特别政治和非殖民化委员会(第四委员会) (<inline name="originating document">A/74/418</inline>)]</docProponent>
      </p>
    </coverPage>
    <preface>
      <p>
        <docNumber>74/105.</docNumber>
        <docTitle refersTo="#resolutionTitle">蒙特塞拉特问题</docTitle>
      </p>
    </preface>
    <preamble>
      <formula name="enactingFormula" eId="formula_1">
        <p xml:space="preserve">
          <span class="bold">大会</span>，</p>
      </formula>
      <container name="审议了" eId="container_2">
        <p xml:space="preserve">
          <span class="bold">审议了</span>蒙特塞拉特问题并审查了给予殖民地国家和人民独立宣言执行情况特别委员会2019年报告中的有关章节，<authorialNote marker="1" placement="bottom" eId="authorialNote_1"><p xml:space="preserve">		《大会正式记录，第七十四届会议，补编第23号》(<a href="https://undocs.org/ch/A/74/23">A/74/23</a>)，第十章。</p></authorialNote></p>
      </container>
      <container name="表示注意到" eId="container_3">
        <p xml:space="preserve">
          <span class="bold">表示注意到</span>秘书处编写的关于蒙特塞拉特的工作文件<authorialNote marker="2" placement="bottom" eId="authorialNote_2"><p xml:space="preserve"><a href="https://undocs.org/ch/A/AC.109/2019/10">A/AC.109/2019/10</a>。</p></authorialNote> 和其他有关资料，</p>
      </container>
      <container name="确认" eId="container_4">
        <p xml:space="preserve">
          <span class="bold">确认</span>只要是按照蒙特塞拉特人民自由表达的意愿并符合大会1960年12月14日第<a href="https://undocs.org/ch/A/RES/1514(XV)">1514(XV)</a>号、1960年12月15日第<a href="https://undocs.org/ch/A/RES/1541(XV)">1541(XV)</a>号决议和大会其他决议明确规定的原则，实现领土自决的所有备选方案均为有效，</p>
      </container>
      <container name="表示关切" eId="container_5">
        <p xml:space="preserve">
          <span class="bold">表示关切</span>在《给予殖民地国家和人民独立宣言》<authorialNote marker="3" placement="bottom" eId="authorialNote_3"><p xml:space="preserve">		第<a href="https://undocs.org/ch/A/RES/1514(XV)">1514(XV)</a>号决议。</p></authorialNote> 通过59年之后仍有17个非自治领土存在，包括蒙特塞拉特，</p>
      </container>
      <container name="意识到" eId="container_6">
        <p xml:space="preserve">
          <span class="bold">意识到</span>必须继续有效执行《宣言》，同时考虑到联合国制定的在2020年之前铲除殖民主义的目标及第二个<authorialNote marker="4" placement="bottom" eId="authorialNote_4"><p xml:space="preserve"><a href="https://undocs.org/ch/A/56/61">A/56/61</a>，附件。</p></authorialNote> 和第三个铲除殖民主义国际十年行动计划，</p>
      </container>
      <container name="确认" eId="container_7">
        <p xml:space="preserve">
          <span class="bold">确认</span>蒙特塞拉特的具体特点和人民的期望要求对自决备选方案采取灵活、切实和创新做法，而不论领土面积、地理位置、人口数目或自然资源如何，</p>
      </container>
      <container name="深信" eId="container_8">
        <p xml:space="preserve">
          <span class="bold">深信</span>领土未来政治地位的发展应继续依循其人民的愿望和期望，全民投票、自由公平的选举和其他形式的民众协商在确定人民愿望和期望方面发挥着重要作用，</p>
      </container>
      <container name="关切" eId="container_9">
        <p xml:space="preserve">
          <span class="bold">关切</span>管理国为自身利益使用和开发非自治领土的自然资源，将这些领土用作国际金融中心，损害世界经济，以及管理国违背这些领土人民利益和第<a href="https://undocs.org/ch/A/RES/1514(XV)">1514(XV)</a>号决议的任何经济活动的后果，</p>
      </container>
      <container name="深信确定" eId="container_10">
        <p xml:space="preserve">
          <span class="bold">深信确定</span>领土地位的任何谈判必须在联合国主持下，在领土人民积极投入和参与的情况下逐案进行，而且应确定蒙特塞拉特人民对其自决权的看法，</p>
      </container>
      <container name="注意到" eId="container_11">
        <p xml:space="preserve">
          <span class="bold">注意到</span>非自治领土继续在地方和区域一级开展合作，包括参加区域组织的工作，</p>
      </container>
      <container name="念及" eId="container_12">
        <p xml:space="preserve">
          <span class="bold">念及</span>为使特别委员会更加了解蒙特塞拉特人民的政治地位并有效执行任务，作为管理国的大不列颠及北爱尔兰联合王国必须将领土人民的愿望和期望告知特别委员会，特别委员会也可通过其他适当途径，包括通过领土代表获得有关情报，</p>
      </container>
      <container name="意识到" eId="container_13">
        <p xml:space="preserve">
          <span class="bold">意识到</span>蒙特塞拉特的民选和委任代表参与特别委员会的工作对蒙特塞拉特和特别委员会都有重要意义，</p>
      </container>
      <container name="确认" eId="container_14">
        <p xml:space="preserve">
          <span class="bold">确认</span>特别委员会需要确保联合国有关机构积极开展宣传运动，在逐案基础上协助蒙特塞拉特人民行使其不可剥夺的自决权，更好地了解各种自决备选方案，</p>
      </container>
      <container name="念及" eId="container_15">
        <p xml:space="preserve">
          <span class="bold">念及</span>在这方面，在加勒比和太平洋区域以及在总部举行的有非自治领土代表积极参与的区域讨论会为特别委员会执行任务提供了有用工具，在加勒比和太平洋区域轮流召开的讨论会所具有的区域性质对联合国查明有关领土政治地位的方案来说是一个至关重要的因素，</p>
      </container>
      <container name="欣见" eId="container_16">
        <p xml:space="preserve">
          <span class="bold">欣见</span>特别委员会以格林纳达政府为东道方于2019年5月2至4日在格林纳达大湾举行了主题为“第三个铲除殖民主义国际十年执行情况：通过新的承诺和务实措施加快非殖民化进程”的加勒比区域讨论会，认为这是一次意义重大和前瞻性的活动，使与会者能够评估非殖民化进程的进展情况，处理这一进程中面临的挑战，并审查委员会现行工作方法，重申委员会承诺执行这项历史性任务，</p>
      </container>
      <container name="确认" eId="container_17">
        <p xml:space="preserve">
          <span class="bold">确认</span>特别委员会报告<authorialNote marker="5" placement="bottom" eId="authorialNote_5"><p xml:space="preserve">		《大会正式记录，第七十四届会议，补编第23号》(<a href="https://undocs.org/ch/A/74/23">A/74/23</a>)。</p></authorialNote> 所附这次讨论会通过的结论和建议的重要性，其中概述了讨论会的讨论结果，特别是在大会宣布2011-2020年为第三个铲除殖民主义国际十年的背景下非殖民化进程的前进方向，<authorialNote marker="6" placement="bottom" eId="authorialNote_6"><p xml:space="preserve">		见第<a href="https://undocs.org/ch/A/RES/65/119">65/119</a>号决议。</p></authorialNote></p>
      </container>
      <container name="注意到" eId="container_18">
        <p xml:space="preserve">
          <span class="bold">注意到</span>蒙特塞拉特总理2018年6月在特别委员会以及在2018年太平洋区域讨论会上发言时表示，他认为应撤销以前关于从特别委员会议程中删除蒙特塞拉特的请求，</p>
      </container>
      <container name="又注意到" eId="container_19">
        <p xml:space="preserve">
          <span class="bold">又注意到</span>蒙特塞拉特总理提供的信息表明，如果蒙特塞拉特经济依赖性持续下去，并且因持续的财政挑战而加剧，则不能实现其发展目标，而且在争取资金重建损失的关键基础设施和帮助1995年火山危机撤离人员方面，需要特别委员会作为中立合作伙伴介入，</p>
      </container>
      <container name="还注意到" eId="container_20">
        <p xml:space="preserve">
          <span class="bold">还注意到</span>总理向特别委员会提出的派遣视察团的请求也可能包括与安提瓜和巴布达、联合王国和美利坚合众国的撤离人员举行会议，</p>
      </container>
      <container name="欢迎" eId="container_21">
        <p xml:space="preserve">
          <span class="bold">欢迎</span>特别委员会主席与联合王国为此目的进行协商，以及联合王国在便利向蒙特塞拉特派遣视察团方面提供合作，</p>
      </container>
      <container name="赞赏地注意到" eId="container_22">
        <p xml:space="preserve">
          <span class="bold">赞赏地注意到</span>联合国系统专门机构及其他组织为一些领土的发展作出的贡献，尤其是拉丁美洲和加勒比经济委员会、亚洲及太平洋经济社会委员会、联合国开发计划署和世界粮食计划署，以及诸如加勒比开发银行、加勒比共同体、东加勒比国家组织、太平洋岛屿论坛等区域机构和太平洋区域组织理事会各机构所作贡献，</p>
      </container>
      <container name="关切地注意到" eId="container_23">
        <p xml:space="preserve">
          <span class="bold">关切地注意到</span>1995年火山爆发造成的后果仍在持续，火山爆发导致领土四分之三的人口疏散到岛上安全地区以及领土以外的地区，并继续对该岛经济产生持久影响，</p>
      </container>
      <container name="肯定" eId="container_24">
        <p xml:space="preserve">
          <span class="bold">肯定</span>加勒比共同体成员国，特别是安提瓜和巴布达，继续援助领土，为离开领土的数千人提供了安全庇护和使用教育和保健设施及就业的机会，</p>
      </container>
      <container name="注意到" eId="container_25">
        <p xml:space="preserve">
          <span class="bold">注意到</span>管理国和领土政府继续努力应对火山爆发造成的后果，</p>
      </container>
      <container name="回顾" eId="container_26">
        <p xml:space="preserve">
          <span class="bold">回顾</span>2015年5月11日蒙特塞拉特总理在与特别委员会主席的会见中表示了改善蒙特塞拉特基础设施和无障碍环境的重要性，</p>
      </container>
      <container name="强调" eId="container_27">
        <p xml:space="preserve">
          <span class="bold">强调</span>区域联系对于小岛屿领土发展的重要性，</p>
      </container>
      <container name="认识到" eId="container_28">
        <p xml:space="preserve">
          <span class="bold">认识到</span>该领土是加勒比海外国家和领土理事会的成员，</p>
      </container>
    </preamble>
    <mainBody>
      <paragraph eId="para_29" class="MercuryDocument">
        <num>	1.</num>
        <content eId="para_29__content">
          <p xml:space="preserve">
            <span class="bold">重申</span>蒙特塞拉特人民根据《联合国宪章》和载有《给予殖民地国家和人民独立宣言》的大会第<a href="https://undocs.org/ch/A/RES/1514(XV)">1514(XV)</a>号决议享有不可剥夺的自决权；</p>
        </content>
      </paragraph>
      <paragraph eId="para_30" class="MercuryDocument">
        <num>	2.</num>
        <content eId="para_30__content">
          <p xml:space="preserve">
            <span class="bold">又重申</span>在蒙特塞拉特非殖民化进程中，除自决原则外没有其他选择，自决也是相关人权公约承认的一项基本人权；</p>
        </content>
      </paragraph>
      <paragraph eId="para_31" class="MercuryDocument">
        <num>	3.</num>
        <content eId="para_31__content">
          <p xml:space="preserve">
            <span class="bold">还重申</span>最终应由蒙特塞拉特人民根据《宪章》、《宣言》和大会相关决议的有关规定自由决定自身未来的政治地位，为此促请管理国与领土政府和联合国系统有关机构合作，为领土制定政治教育方案，以帮助蒙特塞拉特人民了解自己有权按照正当的政治地位方案、根据大会第<a href="https://undocs.org/ch/A/RES/1541(XV)">1541(XV)</a>号决议和其他相关决议及决定明确规定的原则实行自决；</p>
        </content>
      </paragraph>
      <paragraph eId="para_32" class="MercuryDocument">
        <num>	4.</num>
        <content eId="para_32__content">
          <p xml:space="preserve">
            <span class="bold">回顾</span>2010年蒙特塞拉特宪法以及领土政府在推动巩固宪法所带来的成果方面开展的工作；</p>
        </content>
      </paragraph>
      <paragraph eId="para_33" class="MercuryDocument">
        <num>	5.</num>
        <content eId="para_33__content">
          <p xml:space="preserve">
            <span class="bold">请</span>管理国依照《宪章》第七十三条(丑)款协助领土推动公共教育外联方面的工作，并在这方面促请联合国有关组织应请求向领土提供协助；</p>
        </content>
      </paragraph>
      <paragraph eId="para_34" class="MercuryDocument">
        <num>	6.</num>
        <content eId="para_34__content">
          <p xml:space="preserve">
            <span class="bold">欢迎</span>领土参与东加勒比国家组织及拉丁美洲和加勒比经济委员会的工作；</p>
        </content>
      </paragraph>
      <paragraph eId="para_35" class="MercuryDocument">
        <num>	7.</num>
        <content eId="para_35__content">
          <p xml:space="preserve">
            <span class="bold">鼓励</span>领土继续参与给予殖民地国家和人民独立宣言执行情况特别委员会的活动，包括区域讨论会；</p>
        </content>
      </paragraph>
      <paragraph eId="para_36" class="MercuryDocument">
        <num>	8.</num>
        <content eId="para_36__content">
          <p xml:space="preserve">
            <span class="bold">促请</span>管理国、联合国系统各专门机构和其他组织以及各区域组织和其他组织继续向领土提供援助，以减轻火山爆发造成的后果；</p>
        </content>
      </paragraph>
      <paragraph eId="para_37" class="MercuryDocument">
        <num>	9.</num>
        <content eId="para_37__content">
          <p xml:space="preserve">
            <span class="bold">强调指出</span>特别委员会必须获悉蒙特塞拉特人民的见解和意愿，进一步了解他们的状况，包括蒙特塞拉特与管理国之间的现有政治安排和宪政安排的性质和范围；</p>
        </content>
      </paragraph>
      <paragraph eId="para_38" class="MercuryDocument">
        <num>	10.</num>
        <content eId="para_38__content">
          <p xml:space="preserve">
            <span class="bold">促请</span>管理国参与特别委员会的工作，与之充分合作，以执行《宪章》第七十三条(辰)款和《宣言》的条款，并告知特别委员会为促进蒙特塞拉特的自治而执行《宪章》第七十三条(丑)款的情况，还鼓励管理国为前往领土的视察团和特派团提供便利；</p>
        </content>
      </paragraph>
      <paragraph eId="para_39" class="MercuryDocument">
        <num>	11.</num>
        <content eId="para_39__content">
          <p xml:space="preserve">
            <span class="bold">强调指出</span>领土政府邀请特别委员会派遣视察团的重要性，促请管理国为视察团提供便利，并请特别委员会主席与主席团成员合作，继续与联合王国协商，以期向蒙特塞拉特派遣视察团；</p>
        </content>
      </paragraph>
      <paragraph eId="para_40" class="MercuryDocument">
        <num>	12.</num>
        <content eId="para_40__content">
          <p xml:space="preserve">
            <span class="bold">重申</span>管理国有责任根据《宪章》促进经济和社会发展并保存领土的文化特性，请管理国采取步骤，争取并有效利用一切可能的双边和多边援助，加强领土的经济；</p>
        </content>
      </paragraph>
      <paragraph eId="para_41" class="MercuryDocument">
        <num>	13.</num>
        <content eId="para_41__content">
          <p xml:space="preserve">
            <span class="bold">考虑到</span>《2030年可持续发展议程》，<authorialNote marker="7" placement="bottom" eId="authorialNote_7"><p xml:space="preserve">		第<a href="https://undocs.org/ch/A/RES/70/1">70/1</a>号决议。</p></authorialNote> 包括可持续发展目标，强调指出必须推动领土可持续经济和社会发展，为此促进持续、包容、公平的经济增长，为所有人创造更多机会，减少不平等现象，提高基本生活水平，推动公平社会发展和包容，促进以可持续的方式统筹管理自然资源和生态系统，特别支持经济发展、社会发展和人的发展，同时面对新挑战和正在出现的挑战，促进生态系统的养护、再生、恢复和复原力，并强烈敦促管理国不采取任何不符合领土人民利益的非法、有害和非生产性活动，包括将领土用作国际金融中心；</p>
        </content>
      </paragraph>
      <paragraph eId="para_42" class="MercuryDocument">
        <num>	14.</num>
        <content eId="para_42__content">
          <p xml:space="preserve">
            <span class="bold">请</span>领土和管理国采取一切必要措施保护和养护领土的环境，防止环境退化，并再次请有关专门机构监测领土内的环境状况，按照现有程序规则向领土提供援助；</p>
        </content>
      </paragraph>
      <paragraph eId="para_43" class="SingleTxt">
        <num>	15.</num>
        <content eId="para_43__content">
          <p xml:space="preserve">
            <span class="bold">请</span>特别委员会继续审查蒙特塞拉特问题，并就此问题和本决议的执行情况向大会第七十五届会议提出报告。</p>
        </content>
      </paragraph>
    </mainBody>
    <conclusions eId="conclusions">
      <p>
        <inline name="adoptionMeeting" title="第47次">第47次全体会议</inline>
        <eol />
        <docDate date="2019-12-13" refersTo="#adoptionDate">2019年12月13日</docDate>
      </p>
    </conclusions>
  </statement>
</akomaNtoso>