<akomaNtoso xmlns:xsi="http://www.w3.org/2001/XMLSchema-instance" xsi:schemaLocation="http://docs.oasis-open.org/legaldocml/ns/akn/3.0 http://docs.oasis-open.org/legaldocml/akn-core/v1.0/os/part2-specs/schemas/akomantoso30.xsd" xmlns="http://docs.oasis-open.org/legaldocml/ns/akn/3.0" xmlns:html="http://www.w3.org/1999/xhtml" xmlns:akn4un="http://un.org/akn4un">
  <statement name="resolution">
    <meta>
      <identification source="#DGACM">
        <FRBRWork>
          <FRBRthis value="/akn/un/statement/deliberation/unga/2019-12-18/74-169/!main/"></FRBRthis>
          <FRBRuri value="/akn/un/statement/deliberation/unga/2019-12-18/74-169/"></FRBRuri>
          <FRBRdate date="2019-12-18" name="adoption"></FRBRdate>
          <FRBRauthor href="ga" as="author"></FRBRauthor>
          <FRBRcountry value="un"></FRBRcountry>
        </FRBRWork>
        <FRBRExpression>
          <FRBRthis value="/akn/un/statement/deliberation/unga/2019-12-18/74-169/zho@!main/"></FRBRthis>
          <FRBRuri value="/akn/un/statement/deliberation/unga/2019-12-18/74-169/zho@/"></FRBRuri>
          <FRBRdate date="2020-01-23" name="publication"></FRBRdate>
          <FRBRauthor href="ga" as="issuer"></FRBRauthor>
          <FRBRlanguage language="zho"></FRBRlanguage>
        </FRBRExpression>
        <FRBRManifestation>
          <FRBRthis value="/akn/un/statement/deliberation/unga/2019-12-18/74-169/zho@/!main.xml"></FRBRthis>
          <FRBRuri value="/akn/un/statement/deliberation/unga/2019-12-18/74-169/zho@.xml"></FRBRuri>
          <FRBRdate date="2020-08-30" name="markup"></FRBRdate>
          <FRBRauthor href="DGACM" as="editor"></FRBRauthor>
        </FRBRManifestation>
      </identification>
      <classification source="http://metadata.un.org/sdg">
        <keyword value="3" href="http://metadata.un.org/sdg/3" showAs="sdg_3" dictionary="SDGO"></keyword>
        <keyword value="public_health" href="http://eurovoc.europa.eu/3885" showAs="public_health" dictionary="EuroVoc"></keyword>
        <keyword value="health" href="http://metadata.un.org/thesaurus/1002824" showAs="health" dictionary="UNBIS Thesaurus"></keyword>
      </classification>
      <classification source="http://metadata.un.org/sdg">
        <keyword value="5" href="http://metadata.un.org/sdg/5" showAs="sdg_5" dictionary="SDGO"></keyword>
        <keyword value="gender_equality" href="http://eurovoc.europa.eu/3913" showAs="gender_equality" dictionary="EuroVoc"></keyword>
        <keyword value="participation_of_women" href="http://eurovoc.europa.eu/2265" showAs="participation_of_women" dictionary="EuroVoc"></keyword>
        <keyword value="women&amp;#39;s_rights" href="http://eurovoc.europa.eu/585" showAs="women&amp;#39;s_rights" dictionary="EuroVoc"></keyword>
        <keyword value="position_of_women" href="http://eurovoc.europa.eu/81" showAs="position_of_women" dictionary="EuroVoc"></keyword>
        <keyword value="women" href="http://metadata.un.org/thesaurus/1007029" showAs="women" dictionary="UNBIS Thesaurus"></keyword>
        <keyword value="gender_equality" href="http://metadata.un.org/thesaurus/1002612" showAs="gender_equality" dictionary="UNBIS Thesaurus"></keyword>
        <keyword value="girls" href="http://metadata.un.org/thesaurus/1002684" showAs="girls" dictionary="UNBIS Thesaurus"></keyword>
      </classification>
      <classification source="http://metadata.un.org/sdg">
        <keyword value="16" href="http://metadata.un.org/sdg/16" showAs="sdg_16" dictionary="SDGO"></keyword>
        <keyword value="right_to_justice" href="http://eurovoc.europa.eu/516" showAs="right_to_justice" dictionary="EuroVoc"></keyword>
        <keyword value="sustainable_development" href="http://eurovoc.europa.eu/5585" showAs="sustainable_development" dictionary="EuroVoc"></keyword>
        <keyword value="civil_society" href="http://metadata.un.org/thesaurus/1001012" showAs="civil_society" dictionary="UNBIS Thesaurus"></keyword>
        <keyword value="justice" href="http://metadata.un.org/thesaurus/1003500" showAs="justice" dictionary="UNBIS Thesaurus"></keyword>
        <keyword value="peaceful_coexistence" href="http://metadata.un.org/thesaurus/1004777" showAs="peaceful_coexistence" dictionary="UNBIS Thesaurus"></keyword>
        <keyword value="public_institutions" href="http://metadata.un.org/thesaurus/1005254" showAs="public_institutions" dictionary="UNBIS Thesaurus"></keyword>
        <keyword value="social_justice" href="http://metadata.un.org/thesaurus/1005970" showAs="social_justice" dictionary="UNBIS Thesaurus"></keyword>
        <keyword value="sustainable_development" href="http://metadata.un.org/thesaurus/1006319" showAs="sustainable_development" dictionary="UNBIS Thesaurus"></keyword>
      </classification>
      <workflow source="#un">
        <step date="2019-11-08" outcome="draftResolution" as="A/C.3/74/L.30/Rev.1" by="Albania, Bahrain, Estonia, Kuwait, Latvia, Lithuania, Saudi Arabia, United Arab Emirates, United Kingdom of Great Britain and Northern Ireland and United States of America" />
        <step date="0001-01-01" outcome="draftResolutionAdditionalSponsors" by="Andorra, Austria, Belgium, Bulgaria, Canada, Croatia, Cyprus, Czechia, Denmark, Finland, France, Georgia, Germany, Greece, Iceland, Ireland, Israel, Italy, Japan, Liechtenstein, Luxembourg, Malta, Micronesia (Federated States of), Monaco, Montenegro, Morocco, Netherlands, New Zealand, North Macedonia, Norway, Palau, Poland, Portugal, Qatar, Republic of Korea, Romania, San Marino, Slovakia, Slovenia, Spain, Sweden and Ukraine" />
        <step date="0001-01-01" outcome="recommendedForAdoption" as="A/74/399/Add.3" by="" refersTo="47" />
        <step date="2019-12-18" outcome="adopted" as="A/74/PV.50" by="" />
      </workflow>
      <analysis source="#un">
        <parliamentary>
          <voting outcome="adoptedRecordedVote">
            <count value="106" refersTo="inFavour">
              <akn4un:voters>
                <organization refersTo="memberState">ALBANIA</organization>
                <organization refersTo="memberState">ANDORRA</organization>
                <organization refersTo="memberState">ANTIGUA AND BARBUDA</organization>
                <organization refersTo="memberState">ARGENTINA</organization>
                <organization refersTo="memberState">AUSTRALIA</organization>
                <organization refersTo="memberState">AUSTRIA</organization>
                <organization refersTo="memberState">BAHAMAS</organization>
                <organization refersTo="memberState">BAHRAIN</organization>
                <organization refersTo="memberState">BARBADOS</organization>
                <organization refersTo="memberState">BELGIUM</organization>
                <organization refersTo="memberState">BENIN</organization>
                <organization refersTo="memberState">BOTSWANA</organization>
                <organization refersTo="memberState">BRAZIL</organization>
                <organization refersTo="memberState">BULGARIA</organization>
                <organization refersTo="memberState">BURKINA FASO</organization>
                <organization refersTo="memberState">CABO VERDE</organization>
                <organization refersTo="memberState">CANADA</organization>
                <organization refersTo="memberState">CHILE</organization>
                <organization refersTo="memberState">COLOMBIA</organization>
                <organization refersTo="memberState">COMOROS</organization>
                <organization refersTo="memberState">COSTA RICA</organization>
                <organization refersTo="memberState">CROATIA</organization>
                <organization refersTo="memberState">CYPRUS</organization>
                <organization refersTo="memberState">CZECHIA</organization>
                <organization refersTo="memberState">DENMARK</organization>
                <organization refersTo="memberState">DJIBOUTI</organization>
                <organization refersTo="memberState">DOMINICAN REPUBLIC</organization>
                <organization refersTo="memberState">ECUADOR</organization>
                <organization refersTo="memberState">EL SALVADOR</organization>
                <organization refersTo="memberState">ESTONIA</organization>
                <organization refersTo="memberState">FINLAND</organization>
                <organization refersTo="memberState">FRANCE</organization>
                <organization refersTo="memberState">GAMBIA</organization>
                <organization refersTo="memberState">GEORGIA</organization>
                <organization refersTo="memberState">GERMANY</organization>
                <organization refersTo="memberState">GREECE</organization>
                <organization refersTo="memberState">GUATEMALA</organization>
                <organization refersTo="memberState">GUINEA-BISSAU</organization>
                <organization refersTo="memberState">GUYANA</organization>
                <organization refersTo="memberState">HAITI</organization>
                <organization refersTo="memberState">HONDURAS</organization>
                <organization refersTo="memberState">HUNGARY</organization>
                <organization refersTo="memberState">ICELAND</organization>
                <organization refersTo="memberState">IRELAND</organization>
                <organization refersTo="memberState">ISRAEL</organization>
                <organization refersTo="memberState">ITALY</organization>
                <organization refersTo="memberState">JAMAICA</organization>
                <organization refersTo="memberState">JAPAN</organization>
                <organization refersTo="memberState">JORDAN</organization>
                <organization refersTo="memberState">KIRIBATI</organization>
                <organization refersTo="memberState">KUWAIT</organization>
                <organization refersTo="memberState">LATVIA</organization>
                <organization refersTo="memberState">LIBERIA</organization>
                <organization refersTo="memberState">LIECHTENSTEIN</organization>
                <organization refersTo="memberState">LITHUANIA</organization>
                <organization refersTo="memberState">LUXEMBOURG</organization>
                <organization refersTo="memberState">MALAWI</organization>
                <organization refersTo="memberState">MALDIVES</organization>
                <organization refersTo="memberState">MALTA</organization>
                <organization refersTo="memberState">MARSHALL ISLANDS</organization>
                <organization refersTo="memberState">MEXICO</organization>
                <organization refersTo="memberState">MICRONESIA (FEDERATED STATES OF)</organization>
                <organization refersTo="memberState">MONACO</organization>
                <organization refersTo="memberState">MONTENEGRO</organization>
                <organization refersTo="memberState">MOROCCO</organization>
                <organization refersTo="memberState">NAURU</organization>
                <organization refersTo="memberState">NETHERLANDS</organization>
                <organization refersTo="memberState">NEW ZEALAND</organization>
                <organization refersTo="memberState">NIGERIA</organization>
                <organization refersTo="memberState">NORTH MACEDONIA</organization>
                <organization refersTo="memberState">NORWAY</organization>
                <organization refersTo="memberState">PALAU</organization>
                <organization refersTo="memberState">PANAMA</organization>
                <organization refersTo="memberState">PAPUA NEW GUINEA</organization>
                <organization refersTo="memberState">PERU</organization>
                <organization refersTo="memberState">POLAND</organization>
                <organization refersTo="memberState">PORTUGAL</organization>
                <organization refersTo="memberState">QATAR</organization>
                <organization refersTo="memberState">REPUBLIC OF KOREA</organization>
                <organization refersTo="memberState">REPUBLIC OF MOLDOVA</organization>
                <organization refersTo="memberState">ROMANIA</organization>
                <organization refersTo="memberState">SAINT KITTS AND NEVIS</organization>
                <organization refersTo="memberState">SAINT LUCIA</organization>
                <organization refersTo="memberState">SAMOA</organization>
                <organization refersTo="memberState">SAN MARINO</organization>
                <organization refersTo="memberState">SAO TOME AND PRINCIPE</organization>
                <organization refersTo="memberState">SAUDI ARABIA</organization>
                <organization refersTo="memberState">SENEGAL</organization>
                <organization refersTo="memberState">SEYCHELLES</organization>
                <organization refersTo="memberState">SLOVAKIA</organization>
                <organization refersTo="memberState">SLOVENIA</organization>
                <organization refersTo="memberState">SOMALIA</organization>
                <organization refersTo="memberState">SPAIN</organization>
                <organization refersTo="memberState">SWEDEN</organization>
                <organization refersTo="memberState">SWITZERLAND</organization>
                <organization refersTo="memberState">THAILAND</organization>
                <organization refersTo="memberState">TIMOR-LESTE</organization>
                <organization refersTo="memberState">TOGO</organization>
                <organization refersTo="memberState">TUVALU</organization>
                <organization refersTo="memberState">UKRAINE</organization>
                <organization refersTo="memberState">UNITED ARAB EMIRATES</organization>
                <organization refersTo="memberState">UNITED KINGDOM</organization>
                <organization refersTo="memberState">UNITED STATES</organization>
                <organization refersTo="memberState">URUGUAY</organization>
                <organization refersTo="memberState">VANUATU</organization>
                <organization refersTo="memberState">YEMEN</organization>
              </akn4un:voters>
            </count>
            <count value="15" refersTo="against">
              <akn4un:voters>
                <organization refersTo="memberState">ALGERIA</organization>
                <organization refersTo="memberState">BELARUS</organization>
                <organization refersTo="memberState">BURUNDI</organization>
                <organization refersTo="memberState">CHINA</organization>
                <organization refersTo="memberState">CUBA</organization>
                <organization refersTo="memberState">DEMOCRATIC PEOPLE'S REPUBLIC OF KOREA</organization>
                <organization refersTo="memberState">IRAN (ISLAMIC REPUBLIC OF)</organization>
                <organization refersTo="memberState">MAURITANIA</organization>
                <organization refersTo="memberState">NICARAGUA</organization>
                <organization refersTo="memberState">RUSSIAN FEDERATION</organization>
                <organization refersTo="memberState">SYRIAN ARAB REPUBLIC</organization>
                <organization refersTo="memberState">TURKEY</organization>
                <organization refersTo="memberState">UZBEKISTAN</organization>
                <organization refersTo="memberState">VENEZUELA (BOLIVARIAN REPUBLIC OF)</organization>
                <organization refersTo="memberState">ZIMBABWE</organization>
              </akn4un:voters>
            </count>
            <count value="57" refersTo="abstaining">
              <akn4un:voters>
                <organization refersTo="memberState">AFGHANISTAN</organization>
                <organization refersTo="memberState">ANGOLA</organization>
                <organization refersTo="memberState">ARMENIA</organization>
                <organization refersTo="memberState">BANGLADESH</organization>
                <organization refersTo="memberState">BELIZE</organization>
                <organization refersTo="memberState">BHUTAN</organization>
                <organization refersTo="memberState">BOSNIA AND HERZEGOVINA</organization>
                <organization refersTo="memberState">BRUNEI DARUSSALAM</organization>
                <organization refersTo="memberState">CAMEROON</organization>
                <organization refersTo="memberState">CENTRAL AFRICAN REPUBLIC</organization>
                <organization refersTo="memberState">CHAD</organization>
                <organization refersTo="memberState">COTE D'IVOIRE</organization>
                <organization refersTo="memberState">EGYPT</organization>
                <organization refersTo="memberState">ERITREA</organization>
                <organization refersTo="memberState">ETHIOPIA</organization>
                <organization refersTo="memberState">FIJI</organization>
                <organization refersTo="memberState">GABON</organization>
                <organization refersTo="memberState">GHANA</organization>
                <organization refersTo="memberState">GRENADA</organization>
                <organization refersTo="memberState">GUINEA</organization>
                <organization refersTo="memberState">INDIA</organization>
                <organization refersTo="memberState">INDONESIA</organization>
                <organization refersTo="memberState">IRAQ</organization>
                <organization refersTo="memberState">KAZAKHSTAN</organization>
                <organization refersTo="memberState">KENYA</organization>
                <organization refersTo="memberState">KYRGYZSTAN</organization>
                <organization refersTo="memberState">LAO PEOPLE'S DEMOCRATIC REPUBLIC</organization>
                <organization refersTo="memberState">LEBANON</organization>
                <organization refersTo="memberState">LESOTHO</organization>
                <organization refersTo="memberState">MADAGASCAR</organization>
                <organization refersTo="memberState">MALAYSIA</organization>
                <organization refersTo="memberState">MALI</organization>
                <organization refersTo="memberState">MAURITIUS</organization>
                <organization refersTo="memberState">MONGOLIA</organization>
                <organization refersTo="memberState">MOZAMBIQUE</organization>
                <organization refersTo="memberState">NAMIBIA</organization>
                <organization refersTo="memberState">NEPAL</organization>
                <organization refersTo="memberState">OMAN</organization>
                <organization refersTo="memberState">PAKISTAN</organization>
                <organization refersTo="memberState">PARAGUAY</organization>
                <organization refersTo="memberState">PHILIPPINES</organization>
                <organization refersTo="memberState">RWANDA</organization>
                <organization refersTo="memberState">SAINT VINCENT AND THE GRENADINES</organization>
                <organization refersTo="memberState">SIERRA LEONE</organization>
                <organization refersTo="memberState">SINGAPORE</organization>
                <organization refersTo="memberState">SOUTH AFRICA</organization>
                <organization refersTo="memberState">SRI LANKA</organization>
                <organization refersTo="memberState">SUDAN</organization>
                <organization refersTo="memberState">SURINAME</organization>
                <organization refersTo="memberState">TAJIKISTAN</organization>
                <organization refersTo="memberState">TONGA</organization>
                <organization refersTo="memberState">TRINIDAD AND TOBAGO</organization>
                <organization refersTo="memberState">TUNISIA</organization>
                <organization refersTo="memberState">UGANDA</organization>
                <organization refersTo="memberState">UNITED REPUBLIC OF TANZANIA</organization>
                <organization refersTo="memberState">VIET NAM</organization>
                <organization refersTo="memberState">ZAMBIA</organization>
              </akn4un:voters>
            </count>
          </voting>
        </parliamentary>
      </analysis>
      <references source="#DGACM">
        <TLCOrganization eId="source" href="/akn/ontology/organization/un/DGACM" showAs="DGACM"></TLCOrganization>
        <TLCConcept eId="dateOfIssuance" href="/akn/ontology/concept/un/dateOfIssuance" showAs="Date of issuance"></TLCConcept>
        <TLCConcept eId="dateOfAdoption" href="/akn/ontology/concept/un/dateOfAdoption" showAs="Date of adoption"></TLCConcept>
        <TLCConcept eId="symbol" href="/akn/ontology/reference/un/symbol" showAs="Symbol"></TLCConcept>
        <TLCRole eId="publisher" href="/akn/ontology/role/un/publisher" showAs="Publisher"></TLCRole>
        <TLCRole eId="issuingBody" href="/akn/role/concept/un/issuingBody" showAs="Issuing body"></TLCRole>
        <TLCRole eId="author" href="/akn/ontology/role/un/author" showAs="Author"></TLCRole>
        <TLCRole eId="editor" href="/akn/ontology/role/un/editor" showAs="Editor"></TLCRole>
        <TLCRole eId="distribution" href="/akn/ontology/concept/un/generalDistribution" showAs="General distribution"></TLCRole>
        <TLCOrganization eId="ga" href="/akn/ontology/organization/un/generalAssembly" showAs="General Assembly"></TLCOrganization>
        <TLCTerm eId="resolutionTitle" href="/akn/ontology/reference/un/resolutionTitle" showAs="Resolution title"></TLCTerm>
        <TLCTerm eId="thirdCommittee" href="#thirdCommittee" showAs="第三委员会"></TLCTerm>
        <TLCTerm eId="memberState" href="/akn/ontology/organization/un/memberState" showAs="Member State"></TLCTerm>
        <TLCTerm eId="inFavour" href="/akn/ontology/concept/un/voting/inFavour" showAs="In favour"></TLCTerm>
        <TLCTerm eId="against" href="/akn/ontology/concept/un/voting/against" showAs="Against"></TLCTerm>
        <TLCTerm eId="abstaining" href="/akn/ontology/concept/un/voting/abstaining" showAs="Abstaining"></TLCTerm>
      </references>
      <presentation source="#un">
        <akn4un:footerFirstPage>
          <akn4un:footerFirstPageLeft>
            <akn4un:internalCode>
              <docketNumber refersTo="#publicationJobNumber">19-22312 (C)</docketNumber>
              <img alt="bar code" class="barCode" src=""></img>
            </akn4un:internalCode>
          </akn4un:footerFirstPageLeft>
          <akn4un:footerFirstPageRight>
            <img alt="Please recycle" class="image" src="./recylcleLogo.jpg"></img>
            <img alt="embedded QR code" class="qrCode" src=""></img>
          </akn4un:footerFirstPageRight>
        </akn4un:footerFirstPage>
      </presentation>
    </meta>
    <coverPage eId="coverPage_1">
      <p>
        <span refersTo="#publisher" class="upperLeft">
          <docAuthority refersTo="#publisher">联合国</docAuthority>
        </span>
      </p>
      <p class="upperRight">
        <docNumber refersTo="#symbol">A/RES/74/169</docNumber>
      </p>
      <p class="upperLeft">
        <img src="logo-un.jpg"></img>
        <docAuthority refersTo="#issuingBody" class="rightBig">大会</docAuthority>
      </p>
      <p>
        <docStatus refersTo="#generalDistribution" class="rightSmall">Distr.: General</docStatus>
      </p>
      <p>
        <docDate date="2020-01-23" class="rightSmall" refersTo="#dateOfIssuance">23 January 2020</docDate>
      </p>
      <p>
        <session refersTo="#generalAssembly" value="74" eId="coverPage_1__session_1">第七十四届会议</session>
      </p>
      <p>
        <inline name="agenda item">议程项目70(c)</inline>
      </p>
      <p>
        <inline name="agenda item name">促进和保护人权：人权状况及特别报告员和代表的报告</inline>
      </p>
      <p>
        <docTitle>2019年12月18日大会决议</docTitle>
      </p>
      <p xml:space="preserve">
        <docProponent refersTo="#thirdCommittee">[根据第三委员会的报告 (<inline name="originating document">A/74/399/Add.3</inline>)]</docProponent>
      </p>
    </coverPage>
    <preface>
      <p>
        <docNumber>74/169.</docNumber>
        <docTitle refersTo="#resolutionTitle">阿拉伯叙利亚共和国人权状况</docTitle>
      </p>
    </preface>
    <preamble>
      <formula name="enactingFormula" eId="formula_1">
        <p xml:space="preserve">
          <span class="bold">大会</span>，</p>
      </formula>
      <container name="遵循" eId="container_2">
        <p xml:space="preserve">
          <span class="bold">遵循</span>《联合国宪章》，</p>
      </container>
      <container name="重申" eId="container_3">
        <p xml:space="preserve">
          <span class="bold">重申</span>《宪章》、《世界人权宣言》<authorialNote marker="1" placement="bottom" eId="authorialNote_1"><p xml:space="preserve">		第<a href="https://undocs.org/ch/217A(III)">217A(III)</a>号决议。</p></authorialNote> 和包括两项国际人权公约<authorialNote marker="2" placement="bottom" eId="authorialNote_2"><p xml:space="preserve">		第<a href="https://undocs.org/ch/2200A(XXI)">2200A(XXI)</a>号决议，附件。</p></authorialNote> 在内各相关国际人权条约的宗旨和原则，</p>
      </container>
      <container name="重申" eId="container_4">
        <p xml:space="preserve">
          <span class="bold">重申</span>对阿拉伯叙利亚共和国主权、独立、统一和领土完整以及对《宪章》各项原则的坚定承诺，要求叙利亚政权履行责任，保护叙利亚人民并在其管辖范围内尊重、保护和履行所有人的人权，</p>
      </container>
      <container name="回顾" eId="container_5">
        <p xml:space="preserve">
          <span class="bold">回顾</span>其2011年12月19日第<a href="https://undocs.org/ch/A/RES/66/176">66/176</a>号、2012年2月16日第<a href="https://undocs.org/ch/A/RES/66/253">66/253</a> A号、2012年8月3日第<a href="https://undocs.org/ch/A/RES/66/253">66/253</a> B号、2012年12月20日第<a href="https://undocs.org/ch/A/RES/67/183">67/183</a>号、2013年5月15日第<a href="https://undocs.org/ch/A/RES/67/262">67/262</a>号、2013年12月18日第<a href="https://undocs.org/ch/A/RES/68/182">68/182</a>号、2014年12月18日第<a href="https://undocs.org/ch/A/RES/69/189">69/189</a>号、2015年12月23日第<a href="https://undocs.org/ch/A/RES/70/234">70/234</a>号、2016年12月9日第<a href="https://undocs.org/ch/A/RES/71/130">71/130</a>号、2016年12月19日第<a href="https://undocs.org/ch/A/RES/71/203">71/203</a>号、2016年12月21日第<a href="https://undocs.org/ch/A/RES/71/248">71/248</a>号和2018年12月17日第<a href="https://undocs.org/ch/A/RES/73/182">73/182</a>号决议，人权理事会2011年4月29日<a href="https://undocs.org/ch/A/HRC/RES/S-16/1">S-16/1</a>号、<authorialNote marker="3" placement="bottom" eId="authorialNote_3"><p xml:space="preserve">		见《大会正式记录，第六十六届会议，补编第53号》(<a href="https://undocs.org/ch/A/66/53">A/66/53</a>)，第一章。</p></authorialNote> 2011年8月23日S-17/1号、<sup>3</sup>  2011年12月2日<a href="https://undocs.org/ch/A/HRC/RES/S-18/1">S-18/1</a>号、<authorialNote marker="4" placement="bottom" eId="authorialNote_4"><p xml:space="preserve">		同上，《补编第53 B号》及更正(<a href="https://undocs.org/ch/A/66/53/Add.2">A/66/53/Add.2</a>和<a href="https://undocs.org/ch/A/66/53/Add.2/Corr.1">A/66/53/Add.2/Corr.1</a>)，第二章。</p></authorialNote> 2012年3月1日第<a href="https://undocs.org/ch/A/HRC/RES/19/1">19/1</a>号、<authorialNote marker="5" placement="bottom" eId="authorialNote_5"><p xml:space="preserve">		同上，《第六十七届会议，补编第53号》及更正(<a href="https://undocs.org/ch/A/67/53">A/67/53</a>和<a href="https://undocs.org/ch/A/67/53/Corr.1">A/67/53/Corr.1</a>)，第三章，A节。</p></authorialNote> 2012年3月23日第<a href="https://undocs.org/ch/A/HRC/RES/19/22">19/22</a>号、<sup>5</sup> 2012年6月1日<a href="https://undocs.org/ch/A/HRC/RES/S-19/1">S-19/1</a>号、<authorialNote marker="6" placement="bottom" eId="authorialNote_6"><p xml:space="preserve">		同上，第五章。</p></authorialNote> 2012年7月6日第<a href="https://undocs.org/ch/A/HRC/RES/20/22">20/22</a>号、<authorialNote marker="7" placement="bottom" eId="authorialNote_7"><p xml:space="preserve">		同上，第四章，A节。</p></authorialNote> 2012年9月28日第<a href="https://undocs.org/ch/A/HRC/RES/21/26">21/26</a>号、<authorialNote marker="8" placement="bottom" eId="authorialNote_8"><p xml:space="preserve">		同上，《补编第53 A号》(<a href="https://undocs.org/ch/A/67/53/Add.1">A/67/53/Add.1</a>)，第三章。</p></authorialNote> 2013年3月22日第<a href="https://undocs.org/ch/A/HRC/RES/22/24">22/24</a>号、<authorialNote marker="9" placement="bottom" eId="authorialNote_9"><p xml:space="preserve">		同上，《第六十八届会议，补编第53号》(<a href="https://undocs.org/ch/A/68/53">A/68/53</a>)，第四章，A节。</p></authorialNote> 2013年5月29日第<a href="https://undocs.org/ch/A/HRC/RES/23/1">23/1</a>号、<authorialNote marker="10" placement="bottom" eId="authorialNote_10"><p xml:space="preserve">		同上，第五章，A节。</p></authorialNote> 2013年6月14日第<a href="https://undocs.org/ch/A/HRC/RES/23/26">23/26</a>号、<sup>10</sup> 2013年9月27日第<a href="https://undocs.org/ch/A/HRC/RES/24/22">24/22</a>号、<authorialNote marker="11" placement="bottom" eId="authorialNote_11"><p xml:space="preserve">		同上，《补编第53 A号》(<a href="https://undocs.org/ch/A/68/53/Add.1">A/68/53/Add.1</a>)，第三章。</p></authorialNote> 2014年3月28日第<a href="https://undocs.org/ch/A/HRC/RES/25/23">25/23</a>号、<authorialNote marker="12" placement="bottom" eId="authorialNote_12"><p xml:space="preserve">		同上，《第六十九届会议，补编第53号》(<a href="https://undocs.org/ch/A/69/53">A/69/53</a>)，第四章，A节。</p></authorialNote> 2014年6月27日第<a href="https://undocs.org/ch/A/HRC/RES/26/23">26/23</a>号、<authorialNote marker="13" placement="bottom" eId="authorialNote_13"><p xml:space="preserve">		同上，第五章，A节。</p></authorialNote> 2014年9月25日第<a href="https://undocs.org/ch/A/HRC/RES/27/16">27/16</a>号、<authorialNote marker="14" placement="bottom" eId="authorialNote_14"><p xml:space="preserve">		同上，《补编第53 A号》和更正(<a href="https://undocs.org/ch/A/69/53/Add.1">A/69/53/Add.1</a>、<a href="https://undocs.org/ch/A/69/53/Add.1/Corr.1">A/69/53/Add.1/Corr.1</a>和<a href="https://undocs.org/ch/A/69/53/Add.1/Corr.2">A/69/53/Add.1/Corr.2</a>)，第四章，A节。</p></authorialNote> 2015年3月27日第<a href="https://undocs.org/ch/A/HRC/RES/28/20">28/20</a>号、<authorialNote marker="15" placement="bottom" eId="authorialNote_15"><p xml:space="preserve">		同上，《第七十届会议，补编第53号》(<a href="https://undocs.org/ch/A/70/53">A/70/53</a>)，第二章。</p></authorialNote> 2015年7月2日第<a href="https://undocs.org/ch/A/HRC/RES/29/16">29/16</a>号、<authorialNote marker="16" placement="bottom" eId="authorialNote_16"><p xml:space="preserve">		同上，第五章，A节。</p></authorialNote> 2015年10月1日第<a href="https://undocs.org/ch/A/HRC/RES/30/10">30/10</a>号、<authorialNote marker="17" placement="bottom" eId="authorialNote_17"><p xml:space="preserve">		同上，《补编第53 A号》(<a href="https://undocs.org/ch/A/70/53/Add.1">A/70/53/Add.1</a>)，第二章。</p></authorialNote> 2016年3月23日第<a href="https://undocs.org/ch/A/HRC/RES/31/17">31/17</a>号、<authorialNote marker="18" placement="bottom" eId="authorialNote_18"><p xml:space="preserve">		同上，《第七十一届会议，补编第53号》(<a href="https://undocs.org/ch/A/71/53">A/71/53</a>)，第二章。</p></authorialNote> 2016年7月1日第<a href="https://undocs.org/ch/A/HRC/RES/32/25">32/25</a>号、<authorialNote marker="19" placement="bottom" eId="authorialNote_19"><p xml:space="preserve">		同上，第四章，A节。</p></authorialNote> 2016年9月30日第<a href="https://undocs.org/ch/A/HRC/RES/33/23">33/23</a>号、<authorialNote marker="20" placement="bottom" eId="authorialNote_20"><p xml:space="preserve">		同上，《补编第53 A号》和更正(<a href="https://undocs.org/ch/A/71/53/Add.1">A/71/53/Add.1</a>和<a href="https://undocs.org/ch/A/71/53/Add.1/Corr.1">A/71/53/Add.1/Corr.1</a>)，第二章。</p></authorialNote> 2016年10月21日<a href="https://undocs.org/ch/A/HRC/RES/S-25/1">S-25/1</a>号、<authorialNote marker="21" placement="bottom" eId="authorialNote_21"><p xml:space="preserve">		同上，《补编第53 B号》和更正(<a href="https://undocs.org/ch/A/71/53/Add.2">A/71/53/Add.2</a>和<a href="https://undocs.org/ch/A/71/53/Add.2/Corr.1">A/71/53/Add.2/Corr.1</a>)，第二章。</p></authorialNote> 2017年3月24日第<a href="https://undocs.org/ch/A/HRC/RES/34/26">34/26</a>号、<authorialNote marker="22" placement="bottom" eId="authorialNote_22"><p xml:space="preserve">		同上，《第七十二届会议，补编第53号》(<a href="https://undocs.org/ch/A/72/53">A/72/53</a>)，第二章。</p></authorialNote> 2017年6月23日第<a href="https://undocs.org/ch/A/HRC/RES/35/26">35/26</a>号、<authorialNote marker="23" placement="bottom" eId="authorialNote_23"><p xml:space="preserve">		同上，第五章，A节。</p></authorialNote> 2017年9月29日第<a href="https://undocs.org/ch/A/HRC/RES/36/20">36/20</a>号<authorialNote marker="24" placement="bottom" eId="authorialNote_24"><p xml:space="preserve">		同上，《补编第53 A号》(<a href="https://undocs.org/ch/A/72/53/Add.1">A/72/53/Add.1</a>)，第三章。</p></authorialNote> 和2018年9月28日第<a href="https://undocs.org/ch/A/HRC/RES/39/15">39/15</a>号决议，<authorialNote marker="25" placement="bottom" eId="authorialNote_25"><p xml:space="preserve">		同上，《第七十三届会议，补编第53 A号》(<a href="https://undocs.org/ch/A/73/53/Add.1">A/73/53/Add.1</a>)，第三章。</p></authorialNote> 以及安全理事会2000年10月31日第<a href="https://undocs.org/ch/S/RES/1325(2000)">1325(2000)</a>号、2012年4月14日第<a href="https://undocs.org/ch/S/RES/2042(2012)">2042(2012)</a>号、2012年4月21日第<a href="https://undocs.org/ch/S/RES/2043(2012)">2043(2012)</a>号、2013年9月27日第<a href="https://undocs.org/ch/S/RES/2118(2013)">2118(2013)</a>号、2014年2月22日第<a href="https://undocs.org/ch/S/RES/2139(2014)">2139(2014)</a>号、2014年7月14日第<a href="https://undocs.org/ch/S/RES/2165(2014)">2165(2014)</a>号、2014年8月15日第<a href="https://undocs.org/ch/S/RES/2170(2014)">2170(2014)</a>号、2014年9月24日第<a href="https://undocs.org/ch/S/RES/2178(2014)">2178(2014)</a>号、2014年12月17日第<a href="https://undocs.org/ch/S/RES/2191(2014)">2191(2014)</a>号、2015年3月6日第<a href="https://undocs.org/ch/S/RES/2209(2015)">2209(2015)</a>号、2015年8月7日第<a href="https://undocs.org/ch/S/RES/2235(2015)">2235(2015)</a>号、2015年12月18日第<a href="https://undocs.org/ch/S/RES/2254(2015)">2254(2015)</a>号、2015年12月22日第<a href="https://undocs.org/ch/S/RES/2258(2015)">2258(2015)</a>号、2016年2月26日第<a href="https://undocs.org/ch/S/RES/2268(2016)">2268(2016)</a>号、2016年5月3日第<a href="https://undocs.org/ch/S/RES/2286(2016)">2286(2016)</a>号、2016年10月31日第<a href="https://undocs.org/ch/S/RES/2314(2016)">2314(2016)</a>号、2016年11月17日第<a href="https://undocs.org/ch/S/RES/2319(2016)">2319(2016)</a>号、2016年12月19日第<a href="https://undocs.org/ch/S/RES/2328(2016)">2328(2016)</a>号、2016年12月21日第<a href="https://undocs.org/ch/S/RES/2332(2016)">2332(2016)</a>号、2016年12月31日第<a href="https://undocs.org/ch/S/RES/2336(2016)">2336(2016)</a>号、2017年12月19日第<a href="https://undocs.org/ch/S/RES/2393(2017)">2393(2017)</a>号、2018年2月24日第<a href="https://undocs.org/ch/S/RES/2401(2018)">2401(2018)</a>号和2018年12月13日<a href="https://undocs.org/ch/S/RES/2449(2018)">2449(2018)</a>号决议，以及安理会主席2011年8月3日、<authorialNote marker="26" placement="bottom" eId="authorialNote_26"><p xml:space="preserve"><a href="https://undocs.org/ch/S/PRST/2011/16">S/PRST/2011/16</a>；见《安全理事会决议及决定，2011年8月1日至2012年7月31日》(<a href="https://undocs.org/ch/S/INF/67">S/INF/67</a>)。</p></authorialNote> 2013年10月2日、<authorialNote marker="27" placement="bottom" eId="authorialNote_27"><p xml:space="preserve"><a href="https://undocs.org/ch/S/PRST/2013/15">S/PRST/2013/15</a>；见《安全理事会决议及决定，2013年8月1日至2014年7月31日》(<a href="https://undocs.org/ch/S/INF/69">S/INF/69</a>)。</p></authorialNote> 2015年8月17日、<authorialNote marker="28" placement="bottom" eId="authorialNote_28"><p xml:space="preserve"><a href="https://undocs.org/ch/S/PRST/2015/15">S/PRST/2015/15</a>；见《安全理事会决议及决定，2015年8月1日至2016年12月31日》(<a href="https://undocs.org/ch/S/INF/71">S/INF/71</a>)。</p></authorialNote> 和2019年10月8日的声明，<authorialNote marker="29" placement="bottom" eId="authorialNote_29"><p xml:space="preserve"><a href="https://undocs.org/ch/S/PRST/2019/12">S/PRST/2019/12</a>。</p></authorialNote></p>
      </container>
      <container name="强烈谴责" eId="container_6">
          <p xml:space="preserve">
            <span class="bold">强烈谴责</span>阿拉伯叙利亚共和国严重的人权状况，不加区分地杀害和蓄意攻击平民包括人道主义工作人员，包括持续不加区分地使用重型武器和空中轰炸，已造成50多万人死亡，其中遇害儿童超过1.7万人，持续普遍且系统地严重侵犯和践踏人权并违反国际人道主义法，包括将让平民挨饿作为一种战争手段，并使用国际法所禁止的氯气、沙林和硫芥子气等化学武器，以及叙利亚政权对叙利亚民众采取的助长宗派紧张关系的暴力行为，</p>
      </container>
      <container name="重申" eId="container_7">
        <p xml:space="preserve">
          <span class="bold">重申</span>解决阿拉伯叙利亚共和国当前危机的唯一可持续办法是在联合国主持下通过一个包容各方、由叙利亚人主导的政治进程，满足叙利亚人民的合理愿望，并建立宪法委员会，根据安全理事会第<a href="https://undocs.org/ch/S/RES/2254(2015)">2254(2015)</a>号决议为自由、公正的选举和政治过渡做准备，以便在妇女充分、平等和切实参与下落实可信、包容各方和没有宗派色彩的治理，欢迎成立宪法委员会，在这方面重申妇女在预防和解决冲突以及建设和平方面的重要作用，并强调必须让妇女充分参加和参与一切维护及促进和平与安全的努力，而且需要让妇女在涉及预防和解决冲突的决策中发挥更大作用，认识到秘书长叙利亚问题特使为此开展的工作，</p>
      </container>
      <container name="欢迎" eId="container_8">
        <p xml:space="preserve">
          <span class="bold">欢迎</span>特使为建立宪法委员会作出努力，以推动联合国根据安全理事会第<a href="https://undocs.org/ch/S/RES/2254(2015)">2254(2015)</a>号决议努力实现阿拉伯叙利亚共和国冲突的可持续政治解决，并回顾根据安理会第<a href="https://undocs.org/ch/S/RES/2254(2015)">2254(2015)</a>号决议，阿拉伯叙利亚共和国冲突的政治解决方案还包括在联合国监督下进行自由和公正的选举，满足治理要求并符合透明度和问责最高国际标准，让所有叙利亚人、包括流离失所者和难民有资格参与其中，以及建立一个中立和安全的环境，</p>
      </container>
      <container name="重申" eId="container_9">
        <p xml:space="preserve">
          <span class="bold">	重申</span>认可2012年6月30日《日内瓦公报》，<authorialNote marker="30" placement="bottom" eId="authorialNote_30"><p xml:space="preserve">		安全理事会第<a href="https://undocs.org/ch/S/RES/2118(2013)">2118(2013)</a>号决议，附件二。</p></authorialNote> 该公报认可关于寻求在特使推动下全面执行《日内瓦公报》的2015年10月30日关于在维也纳举行的叙利亚问题多边谈判成果的联合声明和2015年11月14日叙利亚国际支持小组的声明(维也纳声明)，努力在联合国特使推动下全面执行《日内瓦公报》，以此为基础促进叙利亚人主导并由叙利亚人掌控的政治过渡以结束阿拉伯叙利亚共和国冲突，强调指出阿拉伯叙利亚共和国的未来要由叙利亚人民决定，</p>
      </container>
      <container name="深为关切地注意到" eId="container_10">
        <p xml:space="preserve">
          <span class="bold">深为关切地注意到</span>当前冲突中最严重违反国际法以及侵犯和践踏人权法行为的有罪不罚文化为更多侵犯和践踏行为提供了肥沃的土壤，</p>
      </container>
      <container name="强调" eId="container_11">
        <p xml:space="preserve">
          <span class="bold">强调</span>必须对冲突中犯下的最严重罪行追究责任，以确保可持续和平。</p>
      </container>
      <container name="回顾" eId="container_12">
        <p xml:space="preserve">
          <span class="bold">回顾</span>民众对限制享受公民、政治、经济和社会权利表达不满，2011年3月在德拉省爆发了平民抗议，并注意到叙利亚政权对平民抗议活动的暴力镇压，后来又升级为直接炮击平民，助长了武装暴力的升级以及暴力极端主义团体和恐怖主义团体的活动，</p>
      </container>
      <container name="又回顾" eId="container_13">
        <p xml:space="preserve">
          <span class="bold">又回顾</span>关于人道主义人员安全保障和保护联合国人员的所有相关决议，包括2018年12月14日第<a href="https://undocs.org/ch/A/RES/73/137">73/137</a>号决议，以及安全理事会关于保护人道主义人员的各项决议，包括2014年8月29日第<a href="https://undocs.org/ch/S/RES/2175(2014)">2175(2014)</a>号决议，回顾安全理事会主席的相关声明，其中提及国际人道主义法规定在武装冲突局势中尊重和保护医务人员和专门从事医疗工作的人道主义人员、运输工具、设备、医院和设施并确保在可行情况下向伤病员提供尽可能最全面和最迅速的必要医疗救护和照顾等多项具体义务，同时还回顾，根据国际法，蓄意攻击医院和不属于军事目标的伤病员接收地，以及攻击依照国际法使用1949年8月12日日内瓦四公约<authorialNote marker="31" placement="bottom" eId="authorialNote_31"><p xml:space="preserve">		联合国，《条约汇编》，第75卷，第970-973号。</p></authorialNote> 规定的特殊标志的建筑、物资、医疗单位、运输工具和人员，均构成战争罪行，并回顾可适用的国际人道主义法规则，即不得惩罚任何从事符合医学道德的医疗活动的人员，</p>
      </container>
      <container name="表示严重关切" eId="container_14">
          <p xml:space="preserve">
            <span class="bold">表示严重关切</span>叙利亚政权对平民肆意使用武力，造成巨大的人类苦难，并助长了极端主义和极端主义团体的扩散，这表明叙利亚政权仍然没有保护民众，也没有执行联合国各机构的相关决议和决定，为危害人类罪创造了安全庇护所和实施犯罪的环境，</p>
      </container>
      <container name="又表示严重关切" eId="container_15">
        <p xml:space="preserve">
          <span class="bold">又表示严重关切</span>极端主义和暴力极端主义团体、恐怖主义分子和恐怖主义团体仍然存在，并强烈谴责冲突任何一方，特别是所谓的伊黎伊斯兰国(又称达伊沙)、努斯拉阵线、基地组织下属恐怖主义团体、代表现政权作战的民兵和其他暴力极端主义团体在阿拉伯叙利亚共和国境内实施的所有侵犯和践踏人权以及违反国际人道主义法的行为，</p>
      </container>
      <container name="严重关切地注意到" eId="container_16">
        <p xml:space="preserve">
          <span class="bold">	严重关切地注意到</span>阿拉伯叙利亚共和国问题独立国际调查委员会认定非国家武装团体仍在使用武力对付平民，</p>
      </container>
      <container name="再次最强烈地谴责" eId="container_17">
        <p xml:space="preserve">
          <span class="bold">	再次最强烈地谴责</span>任何人在任何情况下使用化学武器，强调任何人在任何时间、任何地点、任何情况下使用化学武器都是不可接受的，现在和将来都属于违反国际法的行为，并表示坚信必须而且应当对那些使用化学武器的责任人进行追责，</p>
      </container>
      <container name="最强烈地谴责" eId="container_18">
          <p xml:space="preserve">
            <span class="bold">最强烈地谴责</span>2012年以来在阿拉伯叙利亚共和国境内使用化学武器的行为，包括禁止化学武器组织-联合国联合调查机制在2016和2017年报告<authorialNote marker="32" placement="bottom" eId="authorialNote_32"><p xml:space="preserve">		见<a href="https://undocs.org/ch/S/2016/738/Rev.1">S/2016/738/Rev.1</a>、<a href="https://undocs.org/ch/S/2016/888">S/2016/888</a>和<a href="https://undocs.org/ch/S/2017/904">S/2017/904</a>。</p></authorialNote> 中报告的行为，报告的结论是阿拉伯叙利亚武装部队应对2014年发生在塔勒曼尼斯、2015年发生在萨尔明和克门纳斯的释放有毒物质的袭击事件负责，伊黎伊斯兰国(又称达伊沙)2015年在马利、2016年在乌姆侯什使用了硫芥子气，阿拉伯叙利亚共和国应对2017年发生在汉谢洪的释放沙林毒气事件负责，因此极为关切地注意到禁止化学武器组织事实调查组关于拉塔梅尼事件的报告<authorialNote marker="33" placement="bottom" eId="authorialNote_33"><p xml:space="preserve">		见<a href="https://undocs.org/ch/S/2017/931">S/2017/931</a>，附件；<a href="https://undocs.org/ch/S/2018/620">S/2018/620</a>，附件。</p></authorialNote> 和关于萨拉奇卜事件的报告<authorialNote marker="34" placement="bottom" eId="authorialNote_34"><p xml:space="preserve">		见<a href="https://undocs.org/ch/S/2018/478">S/2018/478</a>，附件。</p></authorialNote> 以及关于据指称在杜马使用有毒化学品作为武器情况的最后报告，<authorialNote marker="35" placement="bottom" eId="authorialNote_35"><p xml:space="preserve">		见<a href="https://undocs.org/ch/S/2019/208">S/2019/208</a>，附件。</p></authorialNote> 其中都断定有合理理由认为发生了使用有毒化学品作为武器的事件，要求肇事者立即停止进一步使用化学武器，</p>
      </container>
      <container name="表示支持" eId="container_19">
          <p xml:space="preserve">
            <span class="bold">表示支持</span>阿拉伯叙利亚共和国问题独立国际调查委员会所开展的工作，欢迎委员会提出的报告，并强烈谴责叙利亚政权不与调查委员会合作，重申决定将调查委员会的报告转递安全理事会，表示赞赏调查委员会向安全理事会成员通报情况，并请调查委员会继续向大会和安全理事会成员通报情况，</p>
      </container>
      <container name="欢迎" eId="container_20">
        <p xml:space="preserve">
          <span class="bold">欢迎</span>协助调查和起诉自2011年3月以来在阿拉伯叙利亚共和国境内犯下国际法所规定最严重罪行者的国际公正独立机制2018和2019年的报告<authorialNote marker="36" placement="bottom" eId="authorialNote_36"><p xml:space="preserve"><a href="https://undocs.org/ch/A/73/295">A/73/295</a>、<a href="https://undocs.org/ch/A/73/741">A/73/741</a>和<a href="https://undocs.org/ch/A/74/741">A/74/313</a>。</p></authorialNote> 并欢迎大会审议这些报告，严重关切地注意到，调查委员会认定自2011年3月以来，叙利亚政权作为一项政策，对平民实施了广泛攻击，包括定向攻击受保护的人员和实体目标，包括医疗设施、人员和运输工具，阻截人道主义车队，以及强迫失踪、收押期间酷刑、即决处决及其他侵犯和践踏行为，特别指出需要调查这些指控并收集证据供未来追究责任，回顾联合国为正式成立调查委员会负责调查避免冲突清单上的阿拉伯叙利亚共和国西北部平民地点遇袭事件而作出的决定和努力，</p>
      </container>
      <container name="强烈谴责" eId="container_21">
          <p xml:space="preserve">
            <span class="bold">强烈谴责</span>调查委员会的报告提到的据报在叙利亚军事情报设施杀害被羁押者的事件以及在羁押中心普遍存在的强迫失踪、任意羁押、使用性暴力和性别暴力及酷刑的做法，包括但不限于第215、227、235和251分部、梅泽赫军用机场空军情报调查处和赛德纳亚监狱，包括据报叙利亚政权大规模使用绞刑的做法，以及据报在军医院包括提什林医院和哈赖斯塔医院杀害被羁押者的事件，</p>
      </container>
      <container name="回顾" eId="container_22">
        <p xml:space="preserve">
          <span class="bold">回顾</span>秘书长、联合国人权事务高级专员和人权理事会特别程序的声明，其中指出阿拉伯叙利亚共和国境内可能已有危害人类罪和战争罪发生，注意到高级专员一再鼓励安全理事会将该局势提交国际刑事法院，并对决议草案<authorialNote marker="37" placement="bottom" eId="authorialNote_37"><p xml:space="preserve"><a href="https://undocs.org/ch/S/2014/348">S/2014/348</a>。</p></authorialNote> 尽管有广大会员国的支持但仍未获通过表示遗憾，</p>
      </container>
      <container name="要求" eId="container_23">
        <p xml:space="preserve">
          <span class="bold">要求</span>立即废除第10/2018号法律，关切叙利亚政权侵犯叙利亚人的住房、土地和财产，特别是在国家立法和类似措施中剥夺流离失所的叙利亚人的土地和财产，可能对因冲突而流离失所的叙利亚人索回财产并在实地状况允许时安全、自愿且有尊严地返回家园的权利带来重大有害影响，</p>
      </container>
      <container name="表示关切" eId="container_24">
        <p xml:space="preserve">
          <span class="bold">表示关切</span>安全理事会第<a href="https://undocs.org/ch/S/RES/2139(2014)">2139(2014)</a>、<a href="https://undocs.org/ch/S/RES/2165(2014)">2165(2014)</a>、<a href="https://undocs.org/ch/S/RES/2191(2014)">2191(2014)</a>、<a href="https://undocs.org/ch/S/RES/2254(2015)">2254(2015)</a>、<a href="https://undocs.org/ch/S/RES/2258(2015)">2258(2015)</a>、<a href="https://undocs.org/ch/S/RES/2268(2016)">2268(2016)</a>、<a href="https://undocs.org/ch/S/RES/2286(2016)">2286(2016)</a>、<a href="https://undocs.org/ch/S/RES/2393(2017)">2393(2017)</a>、<a href="https://undocs.org/ch/S/RES/2401(2018)">2401(2018)</a>和<a href="https://undocs.org/ch/S/RES/2449(2018)">2449(2018)</a>号决议仍然基本上未获执行，注意到急需加大力度应对阿拉伯叙利亚共和国境内的人道主义局势，包括为此保护平民并确保充分、即时、顺畅且持续的人道主义准入，</p>
      </container>
      <container name="回顾" eId="container_25">
        <p xml:space="preserve">
          <span class="bold">回顾</span>其对安全理事会第<a href="https://undocs.org/ch/S/RES/2170(2014)">2170(2014)</a>、<a href="https://undocs.org/ch/S/RES/2178(2014)">2178(2014)</a>号和2015年12月17日第<a href="https://undocs.org/ch/S/RES/2253(2015)">2253(2015)</a>号决议的承诺，</p>
      </container>
      <container name="感到震惊" eId="container_26">
        <p xml:space="preserve">
          <span class="bold">感到震惊</span>的是，有560多万难民包括380多万妇女和儿童被迫逃离阿拉伯叙利亚共和国，阿拉伯叙利亚共和国境内有1 300万人需要紧急人道主义援助，其中包括620万境内流离失所者，导致大量叙利亚难民涌入邻国及该区域内外其他国家，对这一局势给区域和国际稳定带来的风险感到忧虑，</p>
      </container>
      <container name="深表愤慨的是" eId="container_27">
          <p xml:space="preserve">
            <span class="bold">深表愤慨的是</span>，自2011年3月和平抗议开始以来，已有超过1.7万名儿童死亡，受伤者更多，痛恨所有违反适用国际法严重侵害和虐待儿童的行为，包括招募和使用、杀害和残害、性暴力、性剥削和性虐待、绑架和劫持、攻击学校和医院、拒绝人道主义准入以及对儿童实施任意逮捕、羁押、酷刑、虐待并将他们用作人体盾牌，注意到安全理事会阿拉伯叙利亚共和国儿童与武装冲突问题工作组持续开展的工作，</p>
      </container>
      <container name="严重关切地回顾" eId="container_28">
        <p xml:space="preserve">
          <span class="bold">严重关切地回顾</span>调查委员会题为“眼不见为净：阿拉伯叙利亚共和国境内拘留期间死亡事件”的报告中的调查结果，在这方面注意到叙利亚政权发出被拘留者死亡通知，进一步显示存在有系统地违反国际人权法和国际人道主义法的行为，敦促叙利亚政权根据安全理事会2019年6月11日第<a href="https://undocs.org/ch/S/RES/2474(2019)">2474(2019</a><a href="https://undocs.org/ch/S/RES/2474(2019)">)</a>号决议，向家属提供已有下落的亲人遗骸包括已被即决处决者的遗骸，立即采取一切适当措施，保护目前被拘留或下落不明的所有人的生命和权利，并说明那些仍然失踪或仍被拘留的人的下落，</p>
      </container>
      <container name="表示深为赞赏" eId="container_29">
          <p xml:space="preserve">
            <span class="bold">表示深为赞赏</span>各邻国和该区域其他国家为接纳叙利亚人作出重大努力，同时确认大量难民和流离失所人口的存在对这些国家造成越来越大的财政、社会经济和政治影响，</p>
      </container>
      <container name="欢迎" eId="container_30">
        <p xml:space="preserve">
          <span class="bold">欢迎</span>联合国和阿拉伯国家联盟为根据叙利亚行动小组2012年6月30日最后公报<sup>30</sup> 和安全理事会第<a href="https://undocs.org/ch/S/RES/2254(2015)">2254(2015)</a>号决议实现叙利亚危机的政治解决所作的努力，以及所有外交努力，</p>
      </container>
      <container name="表示全力支持" eId="container_31">
          <p xml:space="preserve">
            <span class="bold">表示全力支持</span>秘书长叙利亚问题特使根据最后公报以及安全理事会第<a href="https://undocs.org/ch/S/RES/2254(2015)">2254(2015)</a>和<a href="https://undocs.org/ch/S/RES/2258(2015)">2258(2015)</a>号决议，致力于保护平民和充分落实叙利亚政治进程，以落实可信、包容和不分派系的治理，敦促叙利亚各方与宪法委员会进行建设性接触，以便为通过谈判达成真正的政治过渡铺平道路，赞赏地注意到为推动在阿拉伯叙利亚共和国建立安全理事会第<a href="https://undocs.org/ch/S/RES/2336(2016)">2336(2016)</a>号决议所述停火作出的调解努力，并支持致力于终止暴力，同时对侵犯行为深感关切，要求阿拉伯叙利亚共和国境内实现停火的各方遵守承诺，并敦促所有会员国、特别是叙利亚国际支持小组成员发挥影响力，确保遵守这些承诺和充分执行这些决议，支持努力为实现持续永久停火创造条件，这对于实现阿拉伯叙利亚共和国冲突的政治解决至关重要，并制止系统、广泛和严重侵犯和践踏人权及违反国际人道主义法的行为，</p>
      </container>
    </preamble>
    <mainBody>
      <paragraph eId="para_32" class="MercuryDocument">
        <num>	1.</num>
        <content eId="para_32__content">
          <p xml:space="preserve">
            <span class="bold">强烈谴责</span>在阿拉伯叙利亚共和国境内发生的系统、广泛和严重侵犯和践踏人权及违反国际人道主义法的行为，以及在平民地区不加区分和不成比例针对民用基础设施的攻击，特别是对医疗设施和学校的攻击，这些攻击继续导致平民死亡，并要求各方遵守国际人道主义法规定的义务；</p>
        </content>
      </paragraph>
      <paragraph eId="para_33" class="MercuryDocument">
        <num>	2.</num>
        <content eId="para_33__content">
          <p xml:space="preserve">
            <span class="bold">痛惜并最强烈地谴责</span>叙利亚政权自2011年和平抗议以来持续针对本国人民实施武装暴力，并要求叙利亚政权立即停止所有针对平民的攻击，采取一切可行的预防措施，避免并在任何情况下尽量减少附带平民死亡、平民受伤和民用物体受损，并承担起保护叙利亚民众和立即执行安全理事会第<a href="https://undocs.org/ch/S/RES/2254(2015)">2254(2015)</a>、<a href="https://undocs.org/ch/S/RES/2258(2015)">2258(2015)</a>和<a href="https://undocs.org/ch/S/RES/2286(2016)">2286(2016)</a>号决议的责任；</p>
        </content>
      </paragraph>
      <paragraph eId="para_34" class="MercuryDocument">
        <num>	3.</num>
        <content eId="para_34__content">
          <p xml:space="preserve">
            <span class="bold">敦促</span>所有会员国、特别是叙利亚国际支持小组成员在联合国主持下，通过努力实现全国范围的停火，为继续谈判达成叙利亚危机的政治解决创造条件，促成充分、即时和安全的人道主义准入并推动释放所有被任意羁押者，确保依照安全理事会第<a href="https://undocs.org/ch/S/RES/2254(2015)">2254(2015)</a>号决议对仍在狱中的人数进行评估，因为只有通过政治途径持久和包容地解决冲突，才能终止系统、广泛和严重侵犯和践踏人权及违反国际人道主义法的行为；</p>
        </content>
      </paragraph>
      <paragraph eId="para_35" class="MercuryDocument">
        <num>	4.</num>
        <content eId="para_35__content">
          <p xml:space="preserve">
            <span class="bold">强烈谴责</span>冲突任何一方在阿拉伯叙利亚共和国境内以任何方式使用氯气、沙林和硫芥子气等化学武器，强调任何人在任何时间、任何地点、任何情况下开发、生产、获取、储存、保留、转让或使用化学武器都是不可接受的，都构成国际法规定的最严重罪行之一，也是对《关于禁止发展、生产、储存和使用化学武器及销毁此种武器的公约》<authorialNote marker="38" placement="bottom" eId="authorialNote_38"><p xml:space="preserve">		联合国，《条约汇编》，第1974卷，第33757号。</p></authorialNote> 和安全理事会第<a href="https://undocs.org/ch/S/RES/2118(2013)">2118(2013)</a>号决议的违反，表示坚信必须而且应当对开发、生产、获取、储存、保留、转让或使用化学武器的责任人追究责任；</p>
        </content>
      </paragraph>
      <paragraph eId="para_36" class="MercuryDocument">
        <num>	5.</num>
        <content eId="para_36__content">
          <p xml:space="preserve">
            <span class="bold">又强烈谴责</span>阿拉伯叙利亚共和国境内继续使用化学武器的行为，特别是2018年2月4日在萨拉奎布的氯气攻击、2018年4月7日在杜马的攻击和2019年5月19日在拉塔基亚省的氯气攻击，造成数十名男子、妇女和儿童死亡，另有数百人重伤，回顾安全理事会决定阿拉伯叙利亚共和国不得使用、开发、生产、以其他方式获取、储存或保留化学武器，也不得直接或间接向其他国家或非国家行为体转让化学武器，回顾禁止化学武器组织和联合国联合调查机制的相关报告，并要求叙利亚政权和所谓的伊黎伊斯兰国(又称达伊沙)立即停止以任何方式进一步使用化学武器；</p>
        </content>
      </paragraph>
      <paragraph eId="para_37" class="MercuryDocument">
        <num>	6.</num>
        <content eId="para_37__content">
          <p xml:space="preserve">
            <span class="bold">表示严重关切</span>2018年4月7日在杜马发生的化学武器袭击事件，注意到阿拉伯叙利亚共和国问题独立国际调查委员会的报告称，有大量证据表明氯气是由直升机投放至住宅楼，还注意到禁止化学武器组织事实调查组关于这一袭击事件的报告，<sup>35</sup> 其中表明在对所有已获信息进行评价和分析后，有合理理由认为发生了使用有毒化学品作为武器的事件；</p>
        </content>
      </paragraph>
      <paragraph eId="para_38" class="MercuryDocument">
        <num>	7.</num>
        <content eId="para_38__content">
          <p xml:space="preserve">
            <span class="bold">呼吁</span>大力加强禁止化学武器组织的核查措施，欢迎成立和启用禁化武组织调查识别小组，授权该小组查明化学武器使用行为人，期待该小组发布第一次报告，这将是为努力实现将使用化学武器行为人绳之以法的最终目标而采取的第一个重要步骤，在这方面，还欢迎协助调查和起诉自2011年3月以来在阿拉伯叙利亚共和国境内犯下国际法所规定最严重罪行者的国际公正独立机制与禁止化学武器组织缔结谅解备忘录；</p>
        </content>
      </paragraph>
      <paragraph eId="para_39" class="MercuryDocument">
        <num>	8.</num>
        <content eId="para_39__content">
          <p xml:space="preserve">
            <span class="bold">欢迎</span>印发关于禁止化学武器组织-联合国联合调查机制的记录和档案的秘书长公报，<authorialNote marker="39" placement="bottom" eId="authorialNote_39"><p xml:space="preserve"><a href="https://undocs.org/ch/ST/SGB/2019/4">ST/SGB/2019/4</a>。</p></authorialNote> 并促请秘书长确保迅速处理相关资料，不再拖延地与国际公正独立机制分享；</p>
        </content>
      </paragraph>
      <paragraph eId="para_40" class="MercuryDocument">
        <num>	9.</num>
        <content eId="para_40__content">
          <p xml:space="preserve">
            <span class="bold">要求</span>叙利亚政权充分遵守国际义务，包括按要求全面宣布其化学武器计划，特别强调阿拉伯叙利亚共和国需要按照禁止化学武器组织总干事2016年2月22日的报告<authorialNote marker="40" placement="bottom" eId="authorialNote_40"><p xml:space="preserve">		EC-81/HP/DG.1。</p></authorialNote> 所述，紧急解决与其就《关于禁止发展、生产、储存和使用化学武器及销毁此种武器的公约》作出宣布有关的已得到核实的差距、不一致和矛盾之处，并完全取消其化学武器计划，上述报告还指出，技术秘书处目前无法按照《公约》和禁止化学武器组织执行理事会EC-M-33/DEC.1号决定<authorialNote marker="41" placement="bottom" eId="authorialNote_41"><p xml:space="preserve">		安全理事会第<a href="https://undocs.org/ch/S/RES/2118(2013)">2118(2013)</a>号决议，附件一。</p></authorialNote> 的要求充分核实阿拉伯叙利亚共和国的宣布和有关呈件是否准确和完整；</p>
        </content>
      </paragraph>
      <paragraph eId="para_41" class="MercuryDocument">
        <num>	10.</num>
        <content eId="para_41__content">
          <p xml:space="preserve">
            <span class="bold">要求</span>根据《公约》第四条第8款和第五条第10款采取更多的严格核查程序，以确保完全废除叙利亚化学武器计划并防止以任何方式进一步使用化学武器；</p>
        </content>
      </paragraph>
      <paragraph eId="para_42" class="MercuryDocument">
        <num>	11.</num>
        <content eId="para_42__content">
          <p xml:space="preserve">
            <span class="bold">痛惜并最强烈地谴责</span>叙利亚政权、政府下属民兵和为它们作战者继续有计划地大规模粗暴侵犯、践踏人权和基本自由，实施违反国际人道主义法的行为，包括蓄意以平民或民用物体为目标，包括攻击学校、医院和礼拜场所、对平民使用重武器、空中轰炸、集束炸弹、弹道导弹、桶式炸弹、化学武器或其他武器和其他武力、将让平民挨饿作为战争手段、攻击学校、医院和宗教场所、屠杀、任意处决、法外杀害、杀害和迫害和平抗议者、人权维护者和记者以及基于个人和群体成员的宗教或信仰对他们进行杀戮和迫害、任意羁押、强迫失踪、侵犯人权包括妇女和儿童的人权、强迫少数群体成员和反对叙利亚政权者流离失所、非法阻碍医疗救治、不尊重和不保护医务人员、实施酷刑、有系统的性暴力和性别暴力包括强奸被羁押者以及虐待；</p>
        </content>
      </paragraph>
      <paragraph eId="para_43" class="MercuryDocument">
        <num>	12.</num>
        <content eId="para_43__content">
          <p xml:space="preserve">
            <span class="bold">断然谴责</span>叙利亚政权、政府下属民兵和非国家武装团体一切攻击和暴力侵害记者和媒体工作者的行为，敦促各方尊重记者的职业独立性和权利，并在这方面回顾，在武装冲突地区履行危险职业任务的记者和媒体工作者只要没有采取有损其平民身份的任何行动，就应被视为平民并受到应有保护；</p>
        </content>
      </paragraph>
      <paragraph eId="para_44" class="MercuryDocument">
        <num>	13.</num>
        <content eId="para_44__content">
          <p xml:space="preserve">
            <span class="bold">强烈谴责</span>武装极端团体一切侵犯和践踏人权以及违反国际人道主义法的行为，包括基于个人和群体成员的宗教或信仰对他们进行杀戮和迫害，以及非国家武装团体包括真主党和被安全理事会指认的恐怖主义团体所实施的任何侵犯人权或违反国际人道主义法的行为；</p>
        </content>
      </paragraph>
      <paragraph eId="para_45" class="MercuryDocument">
        <num>	14.</num>
        <content eId="para_45__content">
          <p xml:space="preserve">
            <span class="bold">痛惜并强烈谴责</span>所谓的伊黎伊斯兰国(又称达伊沙)、努斯拉阵线(又称黎凡特解放组织)、基地组织下属恐怖主义团体、被安全理事会指认的恐怖主义团体以及其他暴力极端主义团体对平民实施恐怖主义和暴力行为、继续有计划地大规模粗暴践踏人权和违反国际人道主义法，并重申不得也不应将恐怖主义与任何宗教、性别、族裔、国籍或文明相联系；</p>
        </content>
      </paragraph>
      <paragraph eId="para_46" class="MercuryDocument">
        <num>	15.</num>
        <content eId="para_46__content">
          <p xml:space="preserve">
            <span class="bold">最强烈地谴责</span>所有恐怖主义团体和武装团体，包括所谓的伊黎伊斯兰国(又称达伊沙)有系统地严重侵犯妇女和儿童的权利，尤其是杀害妇女和女童、性暴力和性别暴力，包括对妇女和女童实施奴役、性剥削和性虐待以及强行招募、使用及绑架儿童；</p>
        </content>
      </paragraph>
      <paragraph eId="para_47" class="MercuryDocument">
        <num>	16.</num>
        <content eId="para_47__content">
          <p xml:space="preserve">
            <span class="bold">谴责</span>据报在阿拉伯叙利亚共和国境内发生的强迫民众流离失所行为，包括调查委员会着重提到的地方休战协议导致平民被迫流离失所，以及这一状况对该国人口构成产生的重大影响，这其实是叙利亚政权及其盟友和其他非国家行为体为改变人口构成采取的激进战略，促请有关各方立即停止所有与这些行动有关的活动，包括可能构成战争罪和危害人类罪的任何活动，指出此类罪行不受处罚是不可接受的，重申必须将此类违反国际法行为的责任人绳之于法，并支持为未来采取法律行动努力收集证据；</p>
        </content>
      </paragraph>
      <paragraph eId="para_48" class="MercuryDocument">
        <num>	17.</num>
        <content eId="para_48__content">
          <p xml:space="preserve">
            <span class="bold">强调</span>必须为阿拉伯叙利亚共和国境内流离失所者自愿、安全、有尊严和知情的流动创造有利条件，强烈敦促各方与联合国合作，确保任何此类流动符合《关于境内流离失所问题的指导原则》，<authorialNote marker="42" placement="bottom" eId="authorialNote_42"><p xml:space="preserve"><a href="https://undocs.org/ch/E/CN.4/1998/53/Add.2">E/CN.4/1998/53/Add.2</a>，附件。</p></authorialNote> 并确保流离失所者获得他们需要的信息，就其行动和安全作出知情和自愿的决定；</p>
        </content>
      </paragraph>
      <paragraph eId="para_49" class="MercuryDocument">
        <num>	18.</num>
        <content eId="para_49__content">
          <p xml:space="preserve">
            <span class="bold">提醒</span>阿拉伯叙利亚共和国政府注意该国根据《禁止酷刑和其他残忍、不人道或有辱人格的待遇或处罚公约》<authorialNote marker="43" placement="bottom" eId="authorialNote_43"><p xml:space="preserve">		联合国，《条约汇编》，第1465卷，第24841号。</p></authorialNote> 承担的义务，包括在其任何管辖领土上采取有效措施防止酷刑行为，并促请该公约所有缔约国遵守《公约》规定的任何相关义务，包括《公约》第7条载述的引渡或起诉原则；</p>
        </content>
      </paragraph>
      <paragraph eId="para_50" class="MercuryDocument">
        <num>	19.</num>
        <content eId="para_50__content">
          <p xml:space="preserve">
            <span class="bold">鼓励</span>境内流离失所者人权问题特别报告员和联合国难民事务高级专员公署继续关注阿拉伯叙利亚共和国境内流离失所者的紧迫人权和人道主义状况，以期帮助会员国、联合国，包括秘书长设立的境内流离失所问题高级别小组及其他人道主义和人权行为体改善对阿拉伯叙利亚共和国境内流离失所问题的应对举措，重点找出解决流离失所者问题的持久办法，缩小需求与可用资源之间的巨大差距，改进流离失所数据包括流离失所儿童数据的收集和协调，并通过精心规划的方案提供更有效的援助；</p>
        </content>
      </paragraph>
      <paragraph eId="para_51" class="MercuryDocument">
        <num>	20.</num>
        <content eId="para_51__content">
          <p xml:space="preserve">
            <span class="bold">强烈谴责</span>据报持续和广泛使用性暴力、虐待和剥削的行为，包括在政府羁押中心发生的这类行为，也包括在情报机构所辖羁押中心发生的这类行为，指出这些行为可能违反国际人道主义法并违反和践踏国际人权法，在这方面，表示深为关切性暴力和性别暴力普遍有罪不罚局面；</p>
        </content>
      </paragraph>
      <paragraph eId="para_52" class="MercuryDocument">
        <num>	21.</num>
        <content eId="para_52__content">
          <p xml:space="preserve">
            <span class="bold">又强烈谴责</span>一切违反适用国际法侵害和虐待儿童的行为，如招募和使用儿童、杀害和残害，强奸及其他一切形式的性暴力，绑架，拒绝为儿童获得人道主义援助提供准入，攻击学校和医院等民用目标，对儿童实施任意逮捕、非法羁押、酷刑、虐待以及把他们当作人体盾牌；</p>
        </content>
      </paragraph>
      <paragraph eId="para_53" class="MercuryDocument">
        <num>	22.</num>
        <content eId="para_53__content">
          <p xml:space="preserve">
            <span class="bold">重申</span>叙利亚政权应对有计划地使用强迫失踪手段负责，注意到调查委员会的评估意见，即叙利亚政权使用强迫失踪构成危害人类罪，并谴责有针对性地强迫青年男子失踪以及利用停火为机会强迫招募和任意羁押青年男子的行为；</p>
        </content>
      </paragraph>
      <paragraph eId="para_54" class="MercuryDocument">
        <num>	23.</num>
        <content eId="para_54__content">
          <p xml:space="preserve">
            <span class="bold">要求</span>叙利亚政权依照国际人道主义法相关条款规定的义务，包括生命权和享有能达到的最高身心健康标准的权利，促进不受歧视地获取保健服务，尊重医疗保健人员，保护其免遭阻扰、威胁和人身攻击；</p>
        </content>
      </paragraph>
      <paragraph eId="para_55" class="MercuryDocument">
        <num>	24.</num>
        <content eId="para_55__content">
          <p xml:space="preserve">
            <span class="bold">强烈谴责</span>所有针对医疗保健人员、其运输工具和设备以及医院和其他医疗设施的攻击，痛惜此类攻击给阿拉伯叙利亚共和国民众和保健系统带来的长期后果，重申必须依照国际人道主义法保护人道主义工作者及其运输工具、设备和设施；</p>
        </content>
      </paragraph>
      <paragraph eId="para_56" class="MercuryDocument">
        <num>	25.</num>
        <content eId="para_56__content">
          <p xml:space="preserve">
            <span class="bold">敦促</span>冲突各方制定有效措施，防止针对伤病员、境内流离失所者以及专门履行医疗职责的医务人员和人道主义人员、医院和其他医疗设施实施的暴力、攻击和攻击威胁，包括进行全面、及时、公正和有效的调查，以便对任何此类行为的责任人进行追责；</p>
        </content>
      </paragraph>
      <paragraph eId="para_57" class="MercuryDocument">
        <num>	26.</num>
        <content eId="para_57__content">
          <p xml:space="preserve">
            <span class="bold">深表关切</span>调查委员会的报告所载结论，即自冲突爆发以来，伊德利卜250万居民中有一半以上人流离失所，往往多次背井离乡，强调指出伊德利卜的局势尤其令人关切，表示支持目前的停止敌对行动协议，以避免更严重的人道主义灾难，并促请该协议的保证方确保停火得以维持，并给予迅速、顺畅和可持续的通行便利；</p>
        </content>
      </paragraph>
      <paragraph eId="para_58" class="MercuryDocument">
        <num>	27.</num>
        <content eId="para_58__content">
          <p xml:space="preserve">
            <span class="bold">要求</span>叙利亚政权与调查委员会充分合作，包括立即允许调查委员会充分、不受阻碍地进出阿拉伯叙利亚共和国各地；</p>
        </content>
      </paragraph>
      <paragraph eId="para_59" class="MercuryDocument">
        <num>	28.</num>
        <content eId="para_59__content">
          <p xml:space="preserve">
            <span class="bold">强烈谴责</span>所有外国恐怖主义战斗人员以及代表叙利亚政权作战的外国组织和外国军队在阿拉伯叙利亚共和国境内的干预行动，表示深为关切他们的参与进一步加剧了不断恶化的阿拉伯叙利亚共和国局势，包括人权和人道主义状况，对该区域造成了严重的负面影响，进一步要求所有外国恐怖主义战斗人员和支持叙利亚政权的作战人员，包括所有由外国政府资助的民兵团体立即撤出阿拉伯叙利亚共和国；</p>
        </content>
      </paragraph>
      <paragraph eId="para_60" class="MercuryDocument">
        <num>	29.</num>
        <content eId="para_60__content">
          <p xml:space="preserve">
            <span class="bold">要求</span>各方立即停止一切违反和践踏国际人权法和违反国际人道主义法行为，尤其回顾国际人道主义法规定有义务区分平民与战斗人员、禁止不加区分的不对称攻击以及所有针对平民和民用目标的攻击；还要求冲突各方遵守国际法，采取一切适当步骤保护平民，包括停止攻击医疗中心、学校和供水站等民用目标，不对这些设施进行军事化，设法避免在人口密集地区设立军事据点，并允许伤员和所有希望离开冲突区，包括被围困地区的平民撤出，在这方面回顾叙利亚政权负有保护本国民众的首要责任；</p>
        </content>
      </paragraph>
      <paragraph eId="para_61" class="MercuryDocument">
        <num>	30.</num>
        <content eId="para_61__content">
          <p xml:space="preserve">
            <span class="bold">最强烈地谴责</span>在阿拉伯叙利亚共和国境内发生的所有针对受保护物体的攻击事件，包括不加区分和不成比例的攻击事件以及可能构成战争罪的事件，并请调查委员会继续调查所有此类行为，还要求叙利亚政权履行保护叙利亚人民的责任；</p>
        </content>
      </paragraph>
      <paragraph eId="para_62" class="MercuryDocument">
        <num>	31.</num>
        <content eId="para_62__content">
          <p xml:space="preserve">
            <span class="bold">要求</span>叙利亚政权立即停止任何针对平民的攻击、任何不成比例的攻击以及任何在人口稠密地区不加区分使用武器的做法，在这方面回顾，在任何情况下都有义务尊重国际人道主义法；</p>
        </content>
      </paragraph>
      <paragraph eId="para_63" class="MercuryDocument">
        <num>	32.</num>
        <content eId="para_63__content">
          <p xml:space="preserve">
            <span class="bold">强调</span>需要通过在国内或国际一级的公正、独立调查和起诉，对2011年3月以来在阿拉伯叙利亚共和国境内实施的涉及违反国际法、特别是国际人道主义法和人权法行为的犯罪进行追责，其中一些行为可能构成战争罪或危害人类罪；</p>
        </content>
      </paragraph>
      <paragraph eId="para_64" class="MercuryDocument">
        <num>	33.</num>
        <content eId="para_64__content">
          <p xml:space="preserve">
            <span class="bold">敦促</span>所有会员国特别是冲突各方与国际公正独立机制充分合作，包括提供相关信息和文件资料，强调指出该机制担负着与调查委员会密切合作的任务，并敦促该机制作出特别努力，确保与叙利亚民间社会组织开展协商与合作并缔结合作框架，请整个联合国系统根据大会第<a href="https://undocs.org/ch/A/RES/71/248">71/248</a>号决议加强与该机制的合作，对任何请求迅速作出响应，包括允许查阅所有信息和文件；</p>
        </content>
      </paragraph>
      <paragraph eId="para_65" class="MercuryDocument">
        <num>	34.</num>
        <content eId="para_65__content">
          <p xml:space="preserve">
            <span class="bold">欢迎</span>根据大会第<a href="https://undocs.org/ch/A/RES/73/182">73/182</a>号决议将国际公正独立机制的全部经费列入秘书长2020年拟议预算，并强调需要充分执行其先前关于该机制经费筹措问题的决定，以确保该机制能够尽快满负荷运作； </p>
        </content>
      </paragraph>
      <paragraph eId="para_66" class="MercuryDocument">
        <num>	35.</num>
        <content eId="para_66__content">
          <p xml:space="preserve">
            <span class="bold">强调</span>需要依照互补原则，通过适当、公正和独立的国内或国际刑事司法机制，确保对违反国际人道主义法或侵犯和践踏人权法的所有责任人进行追责，强调指出需要为此目标采取实际步骤，并因此鼓励安全理事会采取适当行动确保进行追责，注意到国际刑事法院在这方面可以发挥的重要作用；</p>
        </content>
      </paragraph>
      <paragraph eId="para_67" class="MercuryDocument">
        <num>	36.</num>
        <content eId="para_67__content">
          <p xml:space="preserve">
            <span class="bold">欢迎</span>各国努力调查在阿拉伯叙利亚共和国实施的行为并起诉其管辖范围内的在阿拉伯叙利亚共和国所犯罪行，鼓励这些国家继续这样做并根据本国立法和国际法在各国之间分享有关资料，并鼓励其他国家也考虑这样做；</p>
        </content>
      </paragraph>
      <paragraph eId="para_68" class="MercuryDocument">
        <num>	37.</num>
        <content eId="para_68__content">
          <p xml:space="preserve">
            <span class="bold">迫切要求</span>举行由联合国人权事务高级专员办事处、调查委员会和叙利亚民间社会牵头并由自愿捐款供资的高级别小组讨论，向联合国大会第七十五届会议通报阿拉伯叙利亚共和国人权状况，鼓励联合国进行监测和提出报告，帮助高级别小组进一步记录违反国际人道主义法行为以及侵犯和践踏人权行为，包括可能构成危害人类罪和战争罪的行为，为促进改善平民保护和采取究责措施提出建议，并通过适当和安全的手段记录叙利亚人权维护者目击证词和其他叙利亚人的陈述；</p>
        </content>
      </paragraph>
      <paragraph eId="para_69" class="MercuryDocument">
        <num>	38.</num>
        <content eId="para_69__content">
          <p xml:space="preserve">
            <span class="bold">痛惜</span>阿拉伯叙利亚共和国境内人道主义形势不断恶化，并敦促国际社会承担责任，提供紧急财政支持，使收容国和收容社区能够应对叙利亚难民不断增多的人道主义需求，同时强调责任分担的原则；</p>
        </content>
      </paragraph>
      <paragraph eId="para_70" class="MercuryDocument">
        <num>	39.</num>
        <content eId="para_70__content">
          <p xml:space="preserve">
            <span class="bold">促请</span>国际社会所有成员，包括所有捐助者履行其先前的承诺，继续向联合国、其专门机构和其他人道主义行为体提供急需的支持，以便向数百万有需要的叙利亚人包括境内和收容社区内的流离失所者提供人道主义援助；</p>
        </content>
      </paragraph>
      <paragraph eId="para_71" class="MercuryDocument">
        <num>	40.</num>
        <content eId="para_71__content">
          <p xml:space="preserve">
            <span class="bold">欢迎</span>已经制订措施和政策的该区域以外国家为协助和收留叙利亚难民作出努力，鼓励它们采取更多行动，并鼓励该区域以外的其他国家考虑采取类似措施和政策，以期向叙利亚难民提供保护和人道主义援助，承认有必要改善当地条件，为难民安全、自愿和有尊严地返回原籍地或他们选择的地点提供便利；</p>
        </content>
      </paragraph>
      <paragraph eId="para_72" class="MercuryDocument">
        <num>	41.</num>
        <content eId="para_72__content">
          <p xml:space="preserve">
            <span class="bold">强烈谴责</span>任何一方故意拒绝向平民提供人道主义援助，特别是拒绝提供医疗援助和停止向平民区提供水和环卫服务，这一情况最近有所恶化，强调将让平民挨饿作为战争手段是国际法所禁止的，特别指出阿拉伯叙利亚共和国政府在这方面负有首要责任；</p>
        </content>
      </paragraph>
      <paragraph eId="para_73" class="MercuryDocument">
        <num>	42.</num>
        <content eId="para_73__content">
          <p xml:space="preserve">
            <span class="bold">要求</span>叙利亚政权和所有其他冲突方依照安全理事会第<a href="https://undocs.org/ch/S/RES/2139(2014)">2139(2014)</a>、<a href="https://undocs.org/ch/S/RES/2165(2014)">2165(2014)</a>、<a href="https://undocs.org/ch/S/RES/2191(2014)">2191(2014)</a>、<a href="https://undocs.org/ch/S/RES/2254(2015)">2254(2015)</a>、<a href="https://undocs.org/ch/S/RES/2258(2015)">2258(2015)</a>、<a href="https://undocs.org/ch/S/RES/2332(2016)">2332(2016)</a>、<a href="https://undocs.org/ch/S/RES/2393(2017)">2393(2017)</a>、<a href="https://undocs.org/ch/S/RES/2401(2018)">2401(2018)</a>和<a href="https://undocs.org/ch/S/RES/2449(2018)">2449(2018)</a>号决议，确保联合国和人道主义行为体获得完全、即时、顺畅和持续的通行便利，包括可以从大马士革进入鲁克班等被围困和难以到达的地区，要求叙利亚政权不再阻碍联合国和人道主义行为体进出阿拉伯叙利亚共和国东北部和更广泛地区的通行能力，并要求冲突各方保护费什哈布尔过境点，允许持续向阿拉伯叙利亚共和国各地有需要的人运送人道主义援助，包括通过商业路线运送人道主义援助；</p>
        </content>
      </paragraph>
      <paragraph eId="para_74" class="MercuryDocument">
        <num>	43.</num>
        <content eId="para_74__content">
          <p xml:space="preserve">
            <span class="bold">强烈谴责</span>非国家武装团体和安全理事会指认的恐怖主义团体，特别是所谓的伊黎伊斯兰国(又称达伊沙)和努斯拉阵线(又称黎凡特解放组织)实施的绑架、劫持人质、任意和单独拘禁、酷刑、杀害无辜平民和即决处决等做法，并强调这种行为可能构成危害人类罪；</p>
        </content>
      </paragraph>
      <paragraph eId="para_75" class="MercuryDocument">
        <num>	44.</num>
        <content eId="para_75__content">
          <p xml:space="preserve">
            <span class="bold">痛惜</span>关押在阿拉伯叙利亚共和国各地羁押中心的人遭受痛苦和酷刑，调查委员会和联合国人权事务高级专员办事处提交的报告、“凯撒”2014年1月提交的证据以及关于在叙利亚军事情报机构内大肆屠杀被羁押者的报告都描述了这一情况；</p>
        </content>
      </paragraph>
      <paragraph eId="para_76" class="MercuryDocument">
        <num>	45.</num>
        <content eId="para_76__content">
          <p xml:space="preserve">
            <span class="bold">强烈谴责</span>据报在叙利亚军事情报设施内杀害被拘留者，促请叙利亚政权释放所有被非法关押的被拘留者，包括妇女、儿童和老年人，并为提供叙利亚政权拘留中死亡者的信息以及在完全透明的情况下归还死者遗骸提供便利；</p>
        </content>
      </paragraph>
      <paragraph eId="para_77" class="MercuryDocument">
        <num>	46.</num>
        <content eId="para_77__content">
          <p xml:space="preserve">
            <span class="bold">呼吁</span>准许适当国际监测机构接触政府监狱和羁押中心内的被羁押者，包括调查委员会报告提到的所有军事设施中的被羁押者；</p>
        </content>
      </paragraph>
      <paragraph eId="para_78" class="MercuryDocument">
        <num>	47.</num>
        <content eId="para_78__content">
          <p xml:space="preserve">
            <span class="bold">要求</span>各方采取一切适当步骤保护平民和丧失战斗能力的人员，包括属于民族或族裔、宗教和语言少数群体的人员，强调指出，在这方面，叙利亚政权负有保护本国民众的首要责任；</p>
        </content>
      </paragraph>
      <paragraph eId="para_79" class="MercuryDocument">
        <num>	48.</num>
        <content eId="para_79__content">
          <p xml:space="preserve">
            <span class="bold">强烈谴责</span>安全理事会2015年2月12日第<a href="https://undocs.org/ch/S/RES/2199(2015)">2199(2015)</a>号和2017年3月24日第<a href="https://undocs.org/ch/S/RES/2347(2017)">2347(2017)</a>号决议所述破坏和摧毁阿拉伯叙利亚共和国文化遗产，特别是巴尔米拉和阿勒颇的文化遗产的行为，以及对叙利亚文化财产的有组织掠夺和贩运，申明蓄意攻击历史古迹可能构成战争罪，并着重指出需要将此类罪行的肇事者绳之以法；</p>
        </content>
      </paragraph>
      <paragraph eId="para_80" class="MercuryDocument">
        <num>	49.</num>
        <content eId="para_80__content">
          <p xml:space="preserve">
            <span class="bold">关切地注意到</span>最近阿拉伯叙利亚共和国东北部的暴力愈演愈烈，严重破坏了整个区域的稳定和安全，有可能进一步破坏政治进程，侵蚀打击伊黎伊斯兰国(又称达伊沙)斗争的进展力度，恶化人道主义局势并导致出现更多的普遍流离失所现象，还强调任何旨在改变该区域人口构成的企图都不可接受；</p>
        </content>
      </paragraph>
      <paragraph eId="para_81" class="MercuryDocument">
        <num>	50.</num>
        <content eId="para_81__content">
          <p xml:space="preserve">
            <span class="bold">强调指出</span>阿勒颇省北部和伊德利卜省的局势特别令人担忧，强烈谴责对平民和急救人员和民用基础设施的袭击，那里持续的暴力包括空袭继续造成平民和急救人员伤亡，对民用基础设施包括医疗教育设施造成严重破坏，欢迎设立联合国调查委员会，负责调查破坏和损坏已列入联合国避免冲突清单上的设施和联合国支助的设施的行为；</p>
        </content>
      </paragraph>
      <paragraph eId="para_82" class="MercuryDocument">
        <num>	51.</num>
        <content eId="para_82__content">
          <p xml:space="preserve">
            <span class="bold">敦促</span>所有冲突方按照国际人道主义法的要求，采取一切适当步骤，确保联合国人员和有关人员、各专门机构人员以及从事人道主义救济活动的所有其他人员包括本国和地方聘用人员的安全保障，而且不妨碍其行动和通行自由，强调不得妨碍或阻碍这些努力，回顾袭击人道主义工作者的行为可构成战争罪，并在这方面注意到安全理事会重申，如果叙利亚任何一方不遵守第<a href="https://undocs.org/ch/S/RES/2139(2014)">2139(2014)</a>、<a href="https://undocs.org/ch/S/RES/2165(2014)">2165(2014)</a>、<a href="https://undocs.org/ch/S/RES/2191(2014)">2191(2014)</a>、<a href="https://undocs.org/ch/S/RES/2234(2015)">2234(2015)</a>、<a href="https://undocs.org/ch/S/RES/2258(2015)">2258(2015)</a>、<a href="https://undocs.org/ch/S/RES/2286(2016)">2286(2016)</a>、<a href="https://undocs.org/ch/S/RES/2393(2017)">2393(2017)</a>、<a href="https://undocs.org/ch/S/RES/2401(2018)">2401(2018)</a>和<a href="https://undocs.org/ch/S/RES/2449(2018)">2449(2018)</a>号决议，安理会将采取进一步措施；</p>
        </content>
      </paragraph>
      <paragraph eId="para_83" class="MercuryDocument">
        <num>	52.</num>
        <content eId="para_83__content">
          <p xml:space="preserve">
            <span class="bold">敦促</span>国际社会按照安全理事会在第<a href="https://undocs.org/ch/S/RES/1325(2000)">1325(2000)</a>号、2013年10月18日第<a href="https://undocs.org/ch/S/RES/2122(2013)">2122(2013)</a>号和2015年10月13日第<a href="https://undocs.org/ch/S/RES/2242(2015)">2242(2015)</a>号决议中的设想，支持妇女发挥领导作用并充分、有效和切实参与为叙利亚危机寻找政治解决办法的所有努力；</p>
        </content>
      </paragraph>
      <paragraph eId="para_84" class="SingleTxt">
        <num>	53.</num>
        <content eId="para_84__content">
          <p xml:space="preserve">
            <span class="bold">重申</span>阿拉伯叙利亚共和国冲突只能通过政治办法加以解决，重申对阿拉伯叙利亚共和国国家统一和领土完整的承诺，并敦促冲突各方避免采取可能导致人权、安全和人道主义局势继续恶化的行动，以便根据叙利亚行动小组2012年6月30日最后公报<sup>30</sup> 并按照安全理事会第<a href="https://undocs.org/ch/S/RES/2254(2015)">2254(2015)</a>和<a href="https://undocs.org/ch/S/RES/2268(2016)">2268(2016)</a>号决议，达成真正的政治过渡，满足叙利亚人民对于公民、民主和多元化国家的合理愿望，使妇女能够充分和有效参与，不容许出现基于族裔、宗教、语言、性别或任何其他理由的派别纷争或歧视，所有人不分性别、宗教或族裔均得到同等保护，并要求各方紧急行动起来，全面执行最后公报，包括在共识基础上建立一个具有全面行政权力的包容性过渡管理机构，同时确保政府机构的延续性。</p>
        </content>
      </paragraph>
    </mainBody>
    <conclusions eId="conclusions">
      <p>
        <inline name="adoptionMeeting" title="第50次">第50次全体会议</inline>
        <eol />
        <docDate date="2019-12-18" refersTo="#adoptionDate">2019年12月18日</docDate>
      </p>
    </conclusions>
  </statement>
</akomaNtoso>