<akomaNtoso xmlns:xsi="http://www.w3.org/2001/XMLSchema-instance" xsi:schemaLocation="http://docs.oasis-open.org/legaldocml/ns/akn/3.0 http://docs.oasis-open.org/legaldocml/akn-core/v1.0/os/part2-specs/schemas/akomantoso30.xsd" xmlns="http://docs.oasis-open.org/legaldocml/ns/akn/3.0" xmlns:html="http://www.w3.org/1999/xhtml" xmlns:akn4un="http://un.org/akn4un">
  <statement name="resolution">
    <meta>
      <identification source="#DGACM">
        <FRBRWork>
          <FRBRthis value="/akn/un/statement/deliberation/unga/2019-12-18/74-190/!main/"></FRBRthis>
          <FRBRuri value="/akn/un/statement/deliberation/unga/2019-12-18/74-190/"></FRBRuri>
          <FRBRdate date="2019-12-18" name="adoption"></FRBRdate>
          <FRBRauthor href="ga" as="author"></FRBRauthor>
          <FRBRcountry value="un"></FRBRcountry>
        </FRBRWork>
        <FRBRExpression>
          <FRBRthis value="/akn/un/statement/deliberation/unga/2019-12-18/74-190/zho@!main/"></FRBRthis>
          <FRBRuri value="/akn/un/statement/deliberation/unga/2019-12-18/74-190/zho@/"></FRBRuri>
          <FRBRdate date="2019-12-30" name="publication"></FRBRdate>
          <FRBRauthor href="ga" as="issuer"></FRBRauthor>
          <FRBRlanguage language="zho"></FRBRlanguage>
        </FRBRExpression>
        <FRBRManifestation>
          <FRBRthis value="/akn/un/statement/deliberation/unga/2019-12-18/74-190/zho@/!main.xml"></FRBRthis>
          <FRBRuri value="/akn/un/statement/deliberation/unga/2019-12-18/74-190/zho@.xml"></FRBRuri>
          <FRBRdate date="2020-08-30" name="markup"></FRBRdate>
          <FRBRauthor href="DGACM" as="editor"></FRBRauthor>
        </FRBRManifestation>
      </identification>
      <classification source="http://metadata.un.org/sdg">
        <keyword value="4.a" href="http://metadata.un.org/sdg/4.a" showAs="sdg_4.a" dictionary="SDGO"></keyword>
        <keyword value="power_of_implementation" href="http://eurovoc.europa.eu/2577" showAs="power_of_implementation" dictionary="EuroVoc"></keyword>
        <keyword value="educational_facilities" href="http://metadata.un.org/thesaurus/1001902" showAs="educational_facilities" dictionary="UNBIS Thesaurus"></keyword>
      </classification>
      <classification source="http://metadata.un.org/sdg">
        <keyword value="16" href="http://metadata.un.org/sdg/16" showAs="sdg_16" dictionary="SDGO"></keyword>
        <keyword value="right_to_justice" href="http://eurovoc.europa.eu/516" showAs="right_to_justice" dictionary="EuroVoc"></keyword>
        <keyword value="sustainable_development" href="http://eurovoc.europa.eu/5585" showAs="sustainable_development" dictionary="EuroVoc"></keyword>
        <keyword value="civil_society" href="http://metadata.un.org/thesaurus/1001012" showAs="civil_society" dictionary="UNBIS Thesaurus"></keyword>
        <keyword value="justice" href="http://metadata.un.org/thesaurus/1003500" showAs="justice" dictionary="UNBIS Thesaurus"></keyword>
        <keyword value="peaceful_coexistence" href="http://metadata.un.org/thesaurus/1004777" showAs="peaceful_coexistence" dictionary="UNBIS Thesaurus"></keyword>
        <keyword value="public_institutions" href="http://metadata.un.org/thesaurus/1005254" showAs="public_institutions" dictionary="UNBIS Thesaurus"></keyword>
        <keyword value="social_justice" href="http://metadata.un.org/thesaurus/1005970" showAs="social_justice" dictionary="UNBIS Thesaurus"></keyword>
        <keyword value="sustainable_development" href="http://metadata.un.org/thesaurus/1006319" showAs="sustainable_development" dictionary="UNBIS Thesaurus"></keyword>
      </classification>
      <classification source="http://metadata.un.org/sdg">
        <keyword value="17.8" href="http://metadata.un.org/sdg/17.8" showAs="sdg_17.8" dictionary="SDGO"></keyword>
        <keyword value="power_of_implementation" href="http://eurovoc.europa.eu/2577" showAs="power_of_implementation" dictionary="EuroVoc"></keyword>
        <keyword value="information_technology" href="http://eurovoc.europa.eu/5188" showAs="information_technology" dictionary="EuroVoc"></keyword>
        <keyword value="internet" href="http://eurovoc.europa.eu/6088" showAs="internet" dictionary="EuroVoc"></keyword>
        <keyword value="communication_technology" href="http://metadata.un.org/thesaurus/1001133" showAs="communication_technology" dictionary="UNBIS Thesaurus"></keyword>
        <keyword value="information_technology" href="http://metadata.un.org/thesaurus/1003205" showAs="information_technology" dictionary="UNBIS Thesaurus"></keyword>
        <keyword value="physical_infrastructure" href="http://metadata.un.org/thesaurus/1004898" showAs="physical_infrastructure" dictionary="UNBIS Thesaurus"></keyword>
        <keyword value="internet" href="http://metadata.un.org/thesaurus/1003348" showAs="internet" dictionary="UNBIS Thesaurus"></keyword>
      </classification>
      <classification source="http://metadata.un.org/sdg">
        <keyword value="17.6" href="http://metadata.un.org/sdg/17.6" showAs="sdg_17.6" dictionary="SDGO"></keyword>
      </classification>
      <workflow source="#un">
        <step date="2019-11-11" outcome="draftResolution" as="A/C.6/74/L.12" by="introduced in the Committee by the representative of Ethiopia on behalf of the Bureau" />
        <step date="0001-01-01" outcome="draftResolutionAdditionalSponsors" by="" />
        <step date="0001-01-01" outcome="recommendedForAdoption" as="A/74/428" by="" refersTo="11" />
        <step date="2019-12-18" outcome="adopted" as="A/74/PV.51" by="" />
      </workflow>
      <analysis source="#un">
        <parliamentary>
          <voting outcome="adoptedWithoutVote">
            <quorum value=""></quorum>
          </voting>
        </parliamentary>
      </analysis>
      <references source="#DGACM">
        <TLCOrganization eId="source" href="/akn/ontology/organization/un/DGACM" showAs="DGACM"></TLCOrganization>
        <TLCConcept eId="dateOfIssuance" href="/akn/ontology/concept/un/dateOfIssuance" showAs="Date of issuance"></TLCConcept>
        <TLCConcept eId="dateOfAdoption" href="/akn/ontology/concept/un/dateOfAdoption" showAs="Date of adoption"></TLCConcept>
        <TLCConcept eId="symbol" href="/akn/ontology/reference/un/symbol" showAs="Symbol"></TLCConcept>
        <TLCRole eId="publisher" href="/akn/ontology/role/un/publisher" showAs="Publisher"></TLCRole>
        <TLCRole eId="issuingBody" href="/akn/role/concept/un/issuingBody" showAs="Issuing body"></TLCRole>
        <TLCRole eId="author" href="/akn/ontology/role/un/author" showAs="Author"></TLCRole>
        <TLCRole eId="editor" href="/akn/ontology/role/un/editor" showAs="Editor"></TLCRole>
        <TLCRole eId="distribution" href="/akn/ontology/concept/un/generalDistribution" showAs="General distribution"></TLCRole>
        <TLCOrganization eId="ga" href="/akn/ontology/organization/un/generalAssembly" showAs="General Assembly"></TLCOrganization>
        <TLCTerm eId="resolutionTitle" href="/akn/ontology/reference/un/resolutionTitle" showAs="Resolution title"></TLCTerm>
        <TLCTerm eId="sixthCommittee" href="#sixthCommittee" showAs="第六委员会"></TLCTerm>
        <TLCTerm eId="memberState" href="/akn/ontology/organization/un/memberState" showAs="Member State"></TLCTerm>
        <TLCTerm eId="inFavour" href="/akn/ontology/concept/un/voting/inFavour" showAs="In favour"></TLCTerm>
        <TLCTerm eId="against" href="/akn/ontology/concept/un/voting/against" showAs="Against"></TLCTerm>
        <TLCTerm eId="abstaining" href="/akn/ontology/concept/un/voting/abstaining" showAs="Abstaining"></TLCTerm>
      </references>
      <presentation source="#un">
        <akn4un:footerFirstPage>
          <akn4un:footerFirstPageLeft>
            <akn4un:internalCode>
              <docketNumber refersTo="#publicationJobNumber">19-22398 (C)</docketNumber>
              <img alt="bar code" class="barCode" src=""></img>
            </akn4un:internalCode>
          </akn4un:footerFirstPageLeft>
          <akn4un:footerFirstPageRight>
            <img alt="Please recycle" class="image" src="./recylcleLogo.jpg"></img>
            <img alt="embedded QR code" class="qrCode" src=""></img>
          </akn4un:footerFirstPageRight>
        </akn4un:footerFirstPage>
      </presentation>
    </meta>
    <coverPage eId="coverPage_1">
      <p>
        <span refersTo="#publisher" class="upperLeft">
          <docAuthority refersTo="#publisher">联合国</docAuthority>
        </span>
      </p>
      <p class="upperRight">
        <docNumber refersTo="#symbol">A/RES/74/190</docNumber>
      </p>
      <p class="upperLeft">
        <img src="logo-un.jpg"></img>
        <docAuthority refersTo="#issuingBody" class="rightBig">大会</docAuthority>
      </p>
      <p>
        <docStatus refersTo="#generalDistribution" class="rightSmall">Distr.: General</docStatus>
      </p>
      <p>
        <docDate date="2019-12-30" class="rightSmall" refersTo="#dateOfIssuance">30 December 2019</docDate>
      </p>
      <p>
        <session refersTo="#generalAssembly" value="74" eId="coverPage_1__session_1">第七十四届会议</session>
      </p>
      <p>
        <inline name="agenda item">议程项目82</inline>
      </p>
      <p>
        <inline name="agenda item name">联合国宪章和加强联合国作用特别委员会的报告</inline>
      </p>
      <p>
        <docTitle>2019年12月18日大会决议</docTitle>
      </p>
      <p xml:space="preserve">
        <docProponent refersTo="#sixthCommittee">[根据第六委员会的报告 (<inline name="originating document">A/74/428</inline>)]</docProponent>
      </p>
    </coverPage>
    <preface>
      <p>
        <docNumber>74/190.</docNumber>
        <docTitle refersTo="#resolutionTitle">联合国宪章和加强联合国作用特别委员会的报告</docTitle>
      </p>
    </preface>
    <preamble>
      <formula name="enactingFormula" eId="formula_1">
        <p xml:space="preserve">
          <span class="bold">大会</span>，</p>
      </formula>
      <container name="回顾" eId="container_2">
        <p xml:space="preserve">
          <span class="bold">回顾</span>其关于设立联合国宪章和加强联合国作用特别委员会的1975年12月15日第3499(XXX)号决议及其后各届会议通过的相关决议，</p>
      </container>
      <container name="又回顾" eId="container_3">
        <p xml:space="preserve">
          <span class="bold">又回顾</span>其关于振兴大会工作的1993年8月17日第<a href="https://undocs.org/ch/A/RES/47/233">47/233</a>号决议，</p>
      </container>
      <container name="还回顾" eId="container_4">
        <p xml:space="preserve">
          <span class="bold">还回顾</span>其关于安全理事会席位公平分配和成员数目增加问题的1992年12月11日第<a href="https://undocs.org/ch/A/RES/47/62">47/62</a>号决议，</p>
      </container>
      <container name="表示注意到" eId="container_5">
        <p xml:space="preserve">
          <span class="bold">表示注意到</span>安全理事会席位公平分配和成员数目增加问题及与安全理事会有关的其他事项不限成员名额工作组的报告，<authorialNote marker="1" placement="bottom" eId="authorialNote_1"><p xml:space="preserve">		《大会正式记录，第六十三届会议，补编第47号》(<a href="https://undocs.org/ch/A/63/47">A/63/47</a>)。</p></authorialNote></p>
      </container>
      <container name="回顾" eId="container_6">
        <p xml:space="preserve">
          <span class="bold">回顾</span>其1993年9月20日第47/120B号决议所载与特别委员会工作相关的内容，</p>
      </container>
      <container name="又回顾" eId="container_7">
        <p xml:space="preserve">
          <span class="bold">又回顾</span>其关于加强联合国系统的1997年7月31日第<a href="https://undocs.org/ch/A/RES/51/241">51/241</a>号决议和题为“《和平纲领》补编”的1997年9月15日第<a href="https://undocs.org/ch/A/RES/51/242">51/242</a>号决议，其中大会通过该决议附件中关于协调和关于联合国实施制裁问题的文本，</p>
      </container>
      <container name="关切" eId="container_8">
        <p xml:space="preserve">
          <span class="bold">关切</span>某些国家因执行安全理事会对他国采取预防或执行措施而面临特殊经济问题，并考虑到联合国会员国根据《宪章》第四十九条有义务在执行安理会所决定的措施方面通力合作，彼此协助，</p>
      </container>
      <container name="回顾" eId="container_9">
        <p xml:space="preserve">
          <span class="bold">回顾</span>《宪章》第五十条规定，遇此种性质特殊经济问题的第三国有权与安全理事会协商解决这些问题，</p>
      </container>
      <container name="又回顾" eId="container_10">
        <p xml:space="preserve">
          <span class="bold">又回顾</span>国际法院是联合国的主要司法机关，并重申其权威性和独立性，</p>
      </container>
      <container name="意识到" eId="container_11">
        <p xml:space="preserve">
          <span class="bold">意识到</span>关于特别委员会工作方法的订正工作文件已获通过，<authorialNote marker="2" placement="bottom" eId="authorialNote_2"><p xml:space="preserve">		同上，《第六十一届会议，补编第33号》(<a href="https://undocs.org/ch/A/61/33">A/61/33</a>)，第72段。</p></authorialNote></p>
      </container>
      <container name="表示注意到" eId="container_12">
        <p xml:space="preserve">
          <span class="bold">表示注意到</span>秘书长题为“联合国各机关惯例汇编和安全理事会惯例汇辑”的报告，<authorialNote marker="3" placement="bottom" eId="authorialNote_3"><p xml:space="preserve"><a href="https://undocs.org/ch/A/74/194">A/74/194</a>。</p></authorialNote></p>
      </container>
      <container name="回顾" eId="container_13">
        <p xml:space="preserve">
          <span class="bold">回顾</span>《2005年世界首脑会议成果》<authorialNote marker="4" placement="bottom" eId="authorialNote_4"><p xml:space="preserve">		第<a href="https://undocs.org/ch/A/RES/60/1">60/1</a>号决议。</p></authorialNote> 第106至110、176和177段，</p>
      </container>
      <container name="意识到" eId="container_14">
        <p xml:space="preserve">
          <span class="bold">意识到</span>特别委员会作出决定，表示随时准备酌情参与执行2005年9月大会第六十届会议高级别全体会议可能作出的有关《宪章》及其任何修正案的任何决定，<authorialNote marker="5" placement="bottom" eId="authorialNote_5"><p xml:space="preserve">		《大会正式记录，第六十届会议，补编第33号》(<a href="https://undocs.org/ch/A/60/33">A/60/33</a>)，第77段。</p></authorialNote></p>
      </container>
      <container name="回顾" eId="container_15">
        <p xml:space="preserve">
          <span class="bold">回顾</span>其1995年12月11日第<a href="https://undocs.org/ch/A/RES/50/51">50/51</a>号、1996年12月17日第<a href="https://undocs.org/ch/A/RES/51/208">51/208</a>号、1997年12月15日第<a href="https://undocs.org/ch/A/RES/52/162">52/162</a>号、1998年12月8日第<a href="https://undocs.org/ch/A/RES/53/107">53/107</a>号、1999年12月9日第<a href="https://undocs.org/ch/A/RES/54/107">54/107</a>号、2000年12月12日第<a href="https://undocs.org/ch/A/RES/55/157">55/157</a>号、2001年12月12日第<a href="https://undocs.org/ch/A/RES/56/87">56/87</a>号、2002年11月19日第<a href="https://undocs.org/ch/A/RES/57/25">57/25</a>号、2003年12月9日第<a href="https://undocs.org/ch/A/RES/58/80">58/80</a>号和2004年12月2日第<a href="https://undocs.org/ch/A/RES/59/45">59/45</a>号决议的规定，</p>
      </container>
      <container name="又回顾" eId="container_16">
        <p xml:space="preserve">
          <span class="bold">又回顾</span>其2009年12月16日第<a href="https://undocs.org/ch/A/RES/64/115">64/115</a>号决议及其所附题为“采取及执行联合国制裁”的文件，</p>
      </container>
      <container name="审议了" eId="container_17">
        <p xml:space="preserve">
          <span class="bold">审议了</span>特别委员会2019年届会工作报告，<authorialNote marker="6" placement="bottom" eId="authorialNote_6"><p xml:space="preserve">		同上，《第七十四届会议，补编第33号》(<a href="https://undocs.org/ch/A/74/33">A/74/33</a>)。</p></authorialNote></p>
      </container>
      <container name="赞赏地注意到" eId="container_18">
        <p xml:space="preserve">
          <span class="bold">赞赏地注意到</span>特别委员会开展工作，鼓励各国重视必须防止并和平解决可能危及维持国际和平与安全的争端，</p>
      </container>
    </preamble>
    <mainBody>
      <paragraph eId="para_19" class="MercuryDocument">
        <num>	1.</num>
        <content eId="para_19__content">
          <p xml:space="preserve">
            <span class="bold">表示注意到</span>联合国宪章和加强联合国作用特别委员会的报告；<sup>6</sup></p>
        </content>
      </paragraph>
      <paragraph eId="para_20" class="MercuryDocument">
        <num>	2.</num>
        <content eId="para_20__content">
          <p xml:space="preserve">
            <span class="bold">决定</span>特别委员会于2020年2月18日至26日举行下一届会议；</p>
        </content>
      </paragraph>
      <paragraph eId="para_21" class="MercuryDocument">
        <num>	3.</num>
        <content eId="para_21__content">
          <p xml:space="preserve">
            <span class="bold">请</span>特别委员会在其2020年届会上，依照大会1995年12月11日第<a href="https://undocs.org/ch/A/RES/50/52">50/52</a>号决议第5段的规定：</p>
        </content>
      </paragraph>
      <paragraph eId="para_22" class="MercuryDocument">
        <content eId="para_22__content">
          <p xml:space="preserve">	(a)	继续审议关于维持国际和平与安全的各个方面的所有提议，以加强联合国的作用，并在这方面审议已经提交或可能提交特别委员会2020年届会的其他有关维持国际和平与安全的提议，包括关于加强联合国与各区域组织或安排在和平解决争端领域的关系与合作的提议；</p>
        </content>
      </paragraph>
      <paragraph eId="para_23" class="MercuryDocument">
        <content eId="para_23__content">
          <p xml:space="preserve">	(b)	按照2016年12月13日第<a href="https://undocs.org/ch/A/RES/71/146">71/146</a>号决议附件第2段，以适当、实质性的方式和框架，根据秘书长的所有有关报告，<authorialNote marker="7" placement="bottom" eId="authorialNote_7"><p xml:space="preserve"><a href="https://undocs.org/ch/A/48/573">A/48/573-S/26705</a>、<a href="https://undocs.org/ch/A/49/356">A/49/356</a>、<a href="https://undocs.org/ch/A/50/60">A/50/60-S/1995/1</a>、<a href="https://undocs.org/ch/A/50/361">A/50/361</a>、<a href="https://undocs.org/ch/A/50/423">A/50/423</a>、<a href="https://undocs.org/ch/A/51/317">A/51/317</a>、<a href="https://undocs.org/ch/A/52/308">A/52/308</a>、<a href="https://undocs.org/ch/A/53/312">A/53/312</a>、<a href="https://undocs.org/ch/A/54/383">A/54/383</a>、<a href="https://undocs.org/ch/A/54/383/Add.1">A/54/383/Add.1</a>、<a href="https://undocs.org/ch/A/55/295">A/55/295</a>、<a href="https://undocs.org/ch/A/55/295/Add.1">A/55/295/Add.1</a>、<a href="https://undocs.org/ch/A/56/303">A/56/303</a>、<a href="https://undocs.org/ch/A/57/165">A/57/165</a>、<a href="https://undocs.org/ch/A/57/165/Add.1">A/57/165/Add.1</a>、<a href="https://undocs.org/ch/A/58/346">A/58/346</a>、<a href="https://undocs.org/ch/A/59/334">A/59/334</a>、<a href="https://undocs.org/ch/A/60/320">A/60/320</a>、<a href="https://undocs.org/ch/A/61/304">A/61/304</a>、<a href="https://undocs.org/ch/A/62/206">A/62/206</a>、<a href="https://undocs.org/ch/A/62/206/Corr.1">A/62/206/Corr.1</a>、<a href="https://undocs.org/ch/A/63/224">A/63/224</a>、<a href="https://undocs.org/ch/A/64/225">A/64/225</a>、<a href="https://undocs.org/ch/A/65/217">A/65/217</a>、<a href="https://undocs.org/ch/A/66/213">A/66/213</a>、<a href="https://undocs.org/ch/A/67/190">A/67/190</a>、<a href="https://undocs.org/ch/A/68/226">A/68/226</a>、<a href="https://undocs.org/ch/A/69/119">A/69/119</a>、<a href="https://undocs.org/ch/A/70/119">A/70/119</a>、<a href="https://undocs.org/en/A/71/166">A/71/166</a>、<a href="https://undocs.org/ch/A/72/136">A/72/136</a>和<a href="https://undocs.org/ch/A/74/152">A/74/152</a>。</p></authorialNote> 审议《联合国宪章》关于向受适用制裁影响的第三国提供援助的规定(《宪章》第五十条)的执行问题以及就此问题提出的建议，并请秘书长就此问题向大会第七十六届会议提交其下一次报告；</p>
        </content>
      </paragraph>
      <paragraph eId="para_24" class="MercuryDocument">
        <content eId="para_24__content">
          <p xml:space="preserve">	(c)	将和平解决国家间争端问题保留在其议程上；</p>
        </content>
      </paragraph>
      <paragraph eId="para_25" class="MercuryDocument">
        <content eId="para_25__content">
          <p xml:space="preserve">	(d)	酌情审议大会为执行2005年9月大会第六十届会议高级别全体会议有关《宪章》及其修正案的决定而转交特别委员会的任何提议；</p>
        </content>
      </paragraph>
      <paragraph eId="para_26" class="MercuryDocument">
        <content eId="para_26__content">
          <p xml:space="preserve">	(e)	继续优先审议旨在改进其工作方法、提高其效率及加强资源利用的方式和办法，以期确定可得到广泛接受的措施供将来执行；</p>
        </content>
      </paragraph>
      <paragraph eId="para_27" class="MercuryDocument">
        <num>	4.</num>
        <content eId="para_27__content">
          <p xml:space="preserve">
            <span class="bold">请</span>秘书长按照第<a href="https://undocs.org/ch/A/RES/71/146">71/146</a>号决议附件第3段，向特别委员会下届会议通报大会第<a href="https://undocs.org/ch/A/RES/64/115">64/115</a>号决议附件所载题为“采取及执行联合国制裁”的文件的情况；</p>
        </content>
      </paragraph>
      <paragraph eId="para_28" class="MercuryDocument">
        <num>	5.</num>
        <content eId="para_28__content">
          <p xml:space="preserve">
            <span class="bold">又请</span>秘书长向特别委员会下届会议通报他关于《宪章》有关向受适用制裁影响的第三国提供援助的规定执行情况的报告第13段所述资料；<authorialNote marker="8" placement="bottom" eId="authorialNote_8"><p xml:space="preserve"><a href="https://undocs.org/ch/A/74/152">A/74/152</a>。</p></authorialNote></p>
        </content>
      </paragraph>
      <paragraph eId="para_29" class="MercuryDocument">
        <num>	6.</num>
        <content eId="para_29__content">
          <p xml:space="preserve">
            <span class="bold">回顾</span>其在2017年12月7日第<a href="https://undocs.org/ch/A/RES/72/118">72/118</a>号决议中决定，在特别委员会关于和平解决争端的议程项目下举行年度专题辩论，依据《宪章》第六章并按照《关于和平解决国际争端的马尼拉宣言》，<authorialNote marker="9" placement="bottom" eId="authorialNote_9"><p xml:space="preserve">		第37/10号决议，附件。</p></authorialNote> 讨论解决争端的手段，特别是《宪章》第三十三条所述手段，并在此方面：</p>
        </content>
      </paragraph>
      <paragraph eId="para_30" class="MercuryDocument">
        <content eId="para_30__content">
          <p xml:space="preserve">	(a)	邀请会员国在将于特别委员会下届会议上(大会第七十四届会议期间)举行的该专题辩论中重点评述分专题“就使用和解方面的国家实践交流信息”，同时确保特别委员会此后的届会讨论其他争端解决方法；</p>
        </content>
      </paragraph>
      <paragraph eId="para_31" class="MercuryDocument">
        <content eId="para_31__content">
          <p xml:space="preserve">	(b)	又邀请会员国在一般性发言中就该年度辩论各分专题发表评论意见，并打算在特别委员会网站上公布此类发言文稿；<authorialNote marker="10" placement="bottom" eId="authorialNote_10"><p xml:space="preserve"><a href="http://legal.un.org/committees/charter">http://legal.un.org/committees/charter</a>。</p></authorialNote></p>
        </content>
      </paragraph>
      <paragraph eId="para_32" class="MercuryDocument">
        <content eId="para_32__content">
          <p xml:space="preserve">	(c)	促请特别委员会将该年度辩论分专题的摘要写入年度报告，供进一步审议；</p>
        </content>
      </paragraph>
      <paragraph eId="para_33" class="MercuryDocument">
        <num>	7.</num>
        <content eId="para_33__content">
          <p xml:space="preserve">
            <span class="bold">又回顾</span>其赞同特别委员会2016年届会通过的各项决定和建议，特别是第<a href="https://undocs.org/ch/A/RES/71/146">71/146</a>号决议附件第2和3段所述建议；</p>
        </content>
      </paragraph>
      <paragraph eId="para_34" class="MercuryDocument">
        <num>	8.</num>
        <content eId="para_34__content">
          <p xml:space="preserve">
            <span class="bold">邀请</span>特别委员会在其2020年届会上继续确定在其今后工作中审议的新议题，以期对振兴联合国的工作作出贡献；</p>
        </content>
      </paragraph>
      <paragraph eId="para_35" class="MercuryDocument">
        <num>	9.</num>
        <content eId="para_35__content">
          <p xml:space="preserve">
            <span class="bold">注意到</span>特别委员会愿意在其职权范围内，应大会其他附属机构请求，就它们审议中的任何事项提供协助；</p>
        </content>
      </paragraph>
      <paragraph eId="para_36" class="MercuryDocument">
        <num>	10.</num>
        <content eId="para_36__content">
          <p xml:space="preserve">
            <span class="bold">请</span>特别委员会向大会第七十五届会议提交其工作报告；</p>
        </content>
      </paragraph>
      <paragraph eId="para_37" class="MercuryDocument">
        <num>	11.</num>
        <content eId="para_37__content">
          <p xml:space="preserve">
            <span class="bold">确认</span>国际法院作为联合国主要司法机关在裁判国家间争端方面的重要作用及其工作的价值，以及在和平解决争端方面求助国际法院的重要性；注意到根据《宪章》第九十六条，大会、安全理事会或联合国其他经授权的机关和专门机构可请求国际法院行使咨询管辖权；并请秘书长将联合国主要机关请求发表的咨询意见作为联合国正式文件适时分发；</p>
        </content>
      </paragraph>
      <paragraph eId="para_38" class="MercuryDocument">
        <num>	12.</num>
        <content eId="para_38__content">
          <p xml:space="preserve">
            <span class="bold">赞扬</span>秘书长在《联合国各机关惯例汇编》研究报告的编写工作方面取得的进展，包括为此目的利用联合国实习人员方案以及与学术机构合作，并赞扬在增订《安全理事会惯例汇辑》方面取得的进展；</p>
        </content>
      </paragraph>
      <paragraph eId="para_39" class="MercuryDocument">
        <num>	13.</num>
        <content eId="para_39__content">
          <p xml:space="preserve">
            <span class="bold">鼓励</span>会员国确定有能力协助编写《汇编》研究报告的学术机构并提供这些机构的详细联系信息，在这方面欢迎秘书处主动邀请国际法委员会委员所属的学术机构考虑协助编写研究报告；</p>
        </content>
      </paragraph>
      <paragraph eId="para_40" class="MercuryDocument">
        <num>	14.</num>
        <content eId="para_40__content">
          <p xml:space="preserve">
            <span class="bold">赞赏地注意到</span>会员国向用于消除《汇编》积压现象的信托基金和用于增订《汇辑》的信托基金提供的捐助，以及其他捐助，包括赞助协理专家协助增订《汇辑》，以及为推出经改版的《汇辑》网站提供的财政支助；</p>
        </content>
      </paragraph>
      <paragraph eId="para_41" class="MercuryDocument">
        <num>	15.</num>
        <content eId="para_41__content">
          <p xml:space="preserve">
            <span class="bold">再次呼吁</span>向用于消除《汇编》积压现象的信托基金作出自愿捐助，以进一步支持秘书处切实消除积压现象，并向用于增订《汇辑》的信托基金作出自愿捐助，同时在不增加联合国费用的情况下，自愿赞助协理专家，协助增订这两个出版物；</p>
        </content>
      </paragraph>
      <paragraph eId="para_42" class="MercuryDocument">
        <num>	16.</num>
        <content eId="para_42__content">
          <p xml:space="preserve">
            <span class="bold">促请</span>秘书长继续努力增订这两个出版物，并以电子方式提供其所有语文文本，鼓励继续更新《汇编》网址；<authorialNote marker="11" placement="bottom" eId="authorialNote_11"><p xml:space="preserve"><a href="http://legal.un.org/repertory">http://legal.un.org/repertory</a>。</p></authorialNote></p>
        </content>
      </paragraph>
      <paragraph eId="para_43" class="MercuryDocument">
        <num>	17.</num>
        <content eId="para_43__content">
          <p xml:space="preserve">
            <span class="bold">关切地注意到</span>《汇编》第三卷编写工作积压虽略有减少，但尚未得到消除，促请秘书长优先有效处理这个问题，同时赞扬秘书长在减少积压方面取得了一些进展；</p>
        </content>
      </paragraph>
      <paragraph eId="para_44" class="MercuryDocument">
        <num>	18.</num>
        <content eId="para_44__content">
          <p xml:space="preserve">
            <span class="bold">重申</span>秘书长有责任保证《汇编》和《汇辑》的质量；在《汇辑》方面，促请秘书长继续采用1952年9月18日秘书长报告<authorialNote marker="12" placement="bottom" eId="authorialNote_12"><p xml:space="preserve"><a href="https://undocs.org/ch/A/2170">A/2170</a>。</p></authorialNote> 第102至106段所述的方式；</p>
        </content>
      </paragraph>
      <paragraph eId="para_45" class="MercuryDocument">
        <num>	19.</num>
        <content eId="para_45__content">
          <p xml:space="preserve">
            <span class="bold">请</span>秘书长向大会第七十五届会议提交一份关于《汇编》和《汇辑》的报告；</p>
        </content>
      </paragraph>
      <paragraph eId="para_46" class="MercuryDocument">
        <num>	20.</num>
        <content eId="para_46__content">
          <p xml:space="preserve">
            <span class="bold">决定</span>将题为“联合国宪章和加强联合国作用特别委员会的报告”的项目列入大会第七十五届会议临时议程。</p>
        </content>
      </paragraph>
    </mainBody>
    <conclusions eId="conclusions">
      <p>
        <inline name="adoptionMeeting" title="第51次">第51次全体会议</inline>
        <eol />
        <docDate date="2019-12-18" refersTo="#adoptionDate">2019年12月18日</docDate>
      </p>
    </conclusions>
  </statement>
</akomaNtoso>