<akomaNtoso xmlns:xsi="http://www.w3.org/2001/XMLSchema-instance" xsi:schemaLocation="http://docs.oasis-open.org/legaldocml/ns/akn/3.0 http://docs.oasis-open.org/legaldocml/akn-core/v1.0/os/part2-specs/schemas/akomantoso30.xsd" xmlns="http://docs.oasis-open.org/legaldocml/ns/akn/3.0" xmlns:html="http://www.w3.org/1999/xhtml" xmlns:akn4un="http://un.org/akn4un">
  <statement name="resolution">
    <meta>
      <identification source="#DGACM">
        <FRBRWork>
          <FRBRthis value="/akn/un/statement/deliberation/unga/2019-12-18/74-182/!main/"></FRBRthis>
          <FRBRuri value="/akn/un/statement/deliberation/unga/2019-12-18/74-182/"></FRBRuri>
          <FRBRdate date="2019-12-18" name="adoption"></FRBRdate>
          <FRBRauthor href="ga" as="author"></FRBRauthor>
          <FRBRcountry value="un"></FRBRcountry>
        </FRBRWork>
        <FRBRExpression>
          <FRBRthis value="/akn/un/statement/deliberation/unga/2019-12-18/74-182/zho@!main/"></FRBRthis>
          <FRBRuri value="/akn/un/statement/deliberation/unga/2019-12-18/74-182/zho@/"></FRBRuri>
          <FRBRdate date="2019-12-27" name="publication"></FRBRdate>
          <FRBRauthor href="ga" as="issuer"></FRBRauthor>
          <FRBRlanguage language="zho"></FRBRlanguage>
        </FRBRExpression>
        <FRBRManifestation>
          <FRBRthis value="/akn/un/statement/deliberation/unga/2019-12-18/74-182/zho@/!main.xml"></FRBRthis>
          <FRBRuri value="/akn/un/statement/deliberation/unga/2019-12-18/74-182/zho@.xml"></FRBRuri>
          <FRBRdate date="2020-08-30" name="markup"></FRBRdate>
          <FRBRauthor href="DGACM" as="editor"></FRBRauthor>
        </FRBRManifestation>
      </identification>
      <classification source="http://metadata.un.org/sdg">
        <keyword value="2" href="http://metadata.un.org/sdg/2" showAs="sdg_2" dictionary="SDGO"></keyword>
        <keyword value="food_shortage" href="http://eurovoc.europa.eu/2318" showAs="food_shortage" dictionary="EuroVoc"></keyword>
        <keyword value="sustainable_agriculture" href="http://eurovoc.europa.eu/6308" showAs="sustainable_agriculture" dictionary="EuroVoc"></keyword>
        <keyword value="food_security" href="http://eurovoc.europa.eu/c_4523e1dd" showAs="food_security" dictionary="EuroVoc"></keyword>
        <keyword value="food_security" href="http://metadata.un.org/thesaurus/1002439" showAs="food_security" dictionary="UNBIS Thesaurus"></keyword>
        <keyword value="food_shortage" href="http://metadata.un.org/thesaurus/1002440" showAs="food_shortage" dictionary="UNBIS Thesaurus"></keyword>
        <keyword value="hunger" href="http://metadata.un.org/thesaurus/1003004" showAs="hunger" dictionary="UNBIS Thesaurus"></keyword>
        <keyword value="sustainable_agriculture" href="http://metadata.un.org/thesaurus/1006317" showAs="sustainable_agriculture" dictionary="UNBIS Thesaurus"></keyword>
      </classification>
      <classification source="http://metadata.un.org/sdg">
        <keyword value="10" href="http://metadata.un.org/sdg/10" showAs="sdg_10" dictionary="SDGO"></keyword>
        <keyword value="social_inequality" href="http://eurovoc.europa.eu/1420" showAs="social_inequality" dictionary="EuroVoc"></keyword>
        <keyword value="equality" href="http://metadata.un.org/thesaurus/1002102" showAs="equality" dictionary="UNBIS Thesaurus"></keyword>
      </classification>
      <classification source="http://metadata.un.org/sdg">
        <keyword value="16" href="http://metadata.un.org/sdg/16" showAs="sdg_16" dictionary="SDGO"></keyword>
        <keyword value="right_to_justice" href="http://eurovoc.europa.eu/516" showAs="right_to_justice" dictionary="EuroVoc"></keyword>
        <keyword value="sustainable_development" href="http://eurovoc.europa.eu/5585" showAs="sustainable_development" dictionary="EuroVoc"></keyword>
        <keyword value="civil_society" href="http://metadata.un.org/thesaurus/1001012" showAs="civil_society" dictionary="UNBIS Thesaurus"></keyword>
        <keyword value="justice" href="http://metadata.un.org/thesaurus/1003500" showAs="justice" dictionary="UNBIS Thesaurus"></keyword>
        <keyword value="peaceful_coexistence" href="http://metadata.un.org/thesaurus/1004777" showAs="peaceful_coexistence" dictionary="UNBIS Thesaurus"></keyword>
        <keyword value="public_institutions" href="http://metadata.un.org/thesaurus/1005254" showAs="public_institutions" dictionary="UNBIS Thesaurus"></keyword>
        <keyword value="social_justice" href="http://metadata.un.org/thesaurus/1005970" showAs="social_justice" dictionary="UNBIS Thesaurus"></keyword>
        <keyword value="sustainable_development" href="http://metadata.un.org/thesaurus/1006319" showAs="sustainable_development" dictionary="UNBIS Thesaurus"></keyword>
      </classification>
      <classification source="http://metadata.un.org/sdg">
        <keyword value="17" href="http://metadata.un.org/sdg/17" showAs="sdg_17" dictionary="SDGO"></keyword>
        <keyword value="sustainable_development" href="http://eurovoc.europa.eu/5585" showAs="sustainable_development" dictionary="EuroVoc"></keyword>
        <keyword value="partnership" href="http://eurovoc.europa.eu/4199" showAs="partnership" dictionary="EuroVoc"></keyword>
        <keyword value="sustainable_development" href="http://metadata.un.org/thesaurus/1006319" showAs="sustainable_development" dictionary="UNBIS Thesaurus"></keyword>
        <keyword value="partnership" href="http://metadata.un.org/thesaurus/1004748" showAs="partnership" dictionary="UNBIS Thesaurus"></keyword>
      </classification>
      <workflow source="#un">
        <step date="2019-10-31" outcome="draftResolution" as="A/C.6/74/L.7" by="Argentina, Austria, Belarus, Belgium, Bulgaria, Canada, Croatia, Denmark, Finland, France, Germany, Greece, Honduras, Hungary, Iceland, Ireland, Israel, Italy, Japan, Lithuania, Mauritius, Mexico, Montenegro, Philippines, Poland, Republic of Korea, Republic of Moldova, Romania, Serbia, Slovakia,  Spain, Sri Lanka, Sudan, Sweden, Switzerland and United Kingdom of Great Britain and Northern Ireland" />
        <step date="0001-01-01" outcome="draftResolutionAdditionalSponsors" by="El Salvador, India, Malta, North Macedonia, Portugal, Singapore and Ukraine" />
        <step date="0001-01-01" outcome="recommendedForAdoption" as="A/74/423" by="" refersTo="12" />
        <step date="2019-12-18" outcome="adopted" as="A/74/PV.51" by="" />
      </workflow>
      <analysis source="#un">
        <parliamentary>
          <voting outcome="adoptedWithoutVote">
            <quorum value=""></quorum>
          </voting>
        </parliamentary>
      </analysis>
      <references source="#DGACM">
        <TLCOrganization eId="source" href="/akn/ontology/organization/un/DGACM" showAs="DGACM"></TLCOrganization>
        <TLCConcept eId="dateOfIssuance" href="/akn/ontology/concept/un/dateOfIssuance" showAs="Date of issuance"></TLCConcept>
        <TLCConcept eId="dateOfAdoption" href="/akn/ontology/concept/un/dateOfAdoption" showAs="Date of adoption"></TLCConcept>
        <TLCConcept eId="symbol" href="/akn/ontology/reference/un/symbol" showAs="Symbol"></TLCConcept>
        <TLCRole eId="publisher" href="/akn/ontology/role/un/publisher" showAs="Publisher"></TLCRole>
        <TLCRole eId="issuingBody" href="/akn/role/concept/un/issuingBody" showAs="Issuing body"></TLCRole>
        <TLCRole eId="author" href="/akn/ontology/role/un/author" showAs="Author"></TLCRole>
        <TLCRole eId="editor" href="/akn/ontology/role/un/editor" showAs="Editor"></TLCRole>
        <TLCRole eId="distribution" href="/akn/ontology/concept/un/generalDistribution" showAs="General distribution"></TLCRole>
        <TLCOrganization eId="ga" href="/akn/ontology/organization/un/generalAssembly" showAs="General Assembly"></TLCOrganization>
        <TLCTerm eId="resolutionTitle" href="/akn/ontology/reference/un/resolutionTitle" showAs="Resolution title"></TLCTerm>
        <TLCTerm eId="sixthCommittee" href="#sixthCommittee" showAs="第六委员会"></TLCTerm>
        <TLCTerm eId="memberState" href="/akn/ontology/organization/un/memberState" showAs="Member State"></TLCTerm>
        <TLCTerm eId="inFavour" href="/akn/ontology/concept/un/voting/inFavour" showAs="In favour"></TLCTerm>
        <TLCTerm eId="against" href="/akn/ontology/concept/un/voting/against" showAs="Against"></TLCTerm>
        <TLCTerm eId="abstaining" href="/akn/ontology/concept/un/voting/abstaining" showAs="Abstaining"></TLCTerm>
      </references>
      <presentation source="#un">
        <akn4un:footerFirstPage>
          <akn4un:footerFirstPageLeft>
            <akn4un:internalCode>
              <docketNumber refersTo="#publicationJobNumber">19-22341 (C)</docketNumber>
              <img alt="bar code" class="barCode" src=""></img>
            </akn4un:internalCode>
          </akn4un:footerFirstPageLeft>
          <akn4un:footerFirstPageRight>
            <img alt="Please recycle" class="image" src="./recylcleLogo.jpg"></img>
            <img alt="embedded QR code" class="qrCode" src=""></img>
          </akn4un:footerFirstPageRight>
        </akn4un:footerFirstPage>
      </presentation>
    </meta>
    <coverPage eId="coverPage_1">
      <p>
        <span refersTo="#publisher" class="upperLeft">
          <docAuthority refersTo="#publisher">联合国</docAuthority>
        </span>
      </p>
      <p class="upperRight">
        <docNumber refersTo="#symbol">A/RES/74/182</docNumber>
      </p>
      <p class="upperLeft">
        <img src="logo-un.jpg"></img>
        <docAuthority refersTo="#issuingBody" class="rightBig">大会</docAuthority>
      </p>
      <p>
        <docStatus refersTo="#generalDistribution" class="rightSmall">Distr.: General</docStatus>
      </p>
      <p>
        <docDate date="2019-12-27" class="rightSmall" refersTo="#dateOfIssuance">27 December 2019</docDate>
      </p>
      <p>
        <session refersTo="#generalAssembly" value="74" eId="coverPage_1__session_1">第七十四届会议</session>
      </p>
      <p>
        <inline name="agenda item">议程项目51</inline>
      </p>
      <p>
        <inline name="agenda item name">联合国国际贸易法委员会第五十二届会议工作报告</inline>
      </p>
      <p>
        <docTitle>2019年12月18日大会决议</docTitle>
      </p>
      <p xml:space="preserve">
        <docProponent refersTo="#sixthCommittee">[根据第六委员会的报告 (<inline name="originating document">A/74/423</inline>)]</docProponent>
      </p>
    </coverPage>
    <preface>
      <p>
        <docNumber>74/182.</docNumber>
        <docTitle refersTo="#resolutionTitle">联合国国际贸易法委员会第五十二届会议工作报告</docTitle>
      </p>
    </preface>
    <preamble>
      <formula name="enactingFormula" eId="formula_1">
        <p xml:space="preserve">
          <span class="bold">大会</span>，</p>
      </formula>
      <container name="回顾" eId="container_2">
        <p xml:space="preserve">
          <span class="bold">回顾</span>其1966年12月17日第<a href="https://undocs.org/ch/a/res/2205(XXI)">2205(XXI)</a>号决议设立联合国国际贸易法委员会，其任务是促进国际贸易法的逐渐协调和统一，并在这方面念及各国人民，尤其是发展中国家人民在国际贸易广泛发展中的利益，</p>
      </container>
      <container name="重申" eId="container_3">
        <p xml:space="preserve">
          <span class="bold">重申</span>认为国际贸易法的逐渐现代化和协调，通过减少或消除对国际贸易流通的法律障碍，特别是影响到发展中国家的障碍，将大大有助于所有国家在平等、公平、共同利益、尊重法治的基础上开展全球经济合作，消除国际贸易上的歧视，从而增进和平、稳定和各国人民的福祉，</p>
      </container>
      <container name="审议了" eId="container_4">
        <p xml:space="preserve">
          <span class="bold">审议了</span>委员会的报告，<authorialNote marker="1" placement="bottom" eId="authorialNote_1"><p xml:space="preserve">		《大会正式记录，第七十四届会议，补编第17号》(<a href="https://undocs.org/ch/A/74/17">A/74/17</a>)。</p></authorialNote></p>
      </container>
      <container name="重申关注" eId="container_5">
        <p xml:space="preserve">
          <span class="bold">重申关注</span>其他机构未与委员会充分协调而在国际贸易法领域进行的活动可能使工作发生不可取的重叠，也不符合增进国际贸易法的统一与协调方面的效率、一致性和连贯性的目的，</p>
      </container>
      <container name="重申" eId="container_6">
        <p xml:space="preserve">
          <span class="bold">重申</span>委员会作为联合国系统在国际贸易法领域的核心法律机构的任务是协调这个领域的法律活动，特别是避免工作重叠，包括拟订国际贸易规则的组织工作的重叠，增进国际贸易法的现代化和协调方面的效率、一致性和连贯性，并通过其秘书处继续同活跃于国际贸易法领域的其他国际机关和组织，包括区域组织，保持密切合作关系，</p>
      </container>
    </preamble>
    <mainBody>
      <paragraph eId="para_7" class="MercuryDocument">
        <num>	1.</num>
        <content eId="para_7__content">
          <p xml:space="preserve">
            <span class="bold">表示赞赏地注意到</span>联合国国际贸易法委员会的报告；<sup>1</sup></p>
        </content>
      </paragraph>
      <paragraph eId="para_8" class="MercuryDocument">
        <num>	2.</num>
        <content eId="para_8__content">
          <p xml:space="preserve">
            <span class="bold">赞扬</span>委员会最后审定并通过《公私伙伴关系示范立法条文》及随附立法指南、<authorialNote marker="2" placement="bottom" eId="authorialNote_2"><p xml:space="preserve">		同上，第三章，C节和附件一。</p></authorialNote> 《企业集团破产示范法》及其颁布指南、<authorialNote marker="3" placement="bottom" eId="authorialNote_3"><p xml:space="preserve">		同上，第六章，A节和附件二。</p></authorialNote> 《联合国国际贸易法委员会担保交易示范法实务指南》<authorialNote marker="4" placement="bottom" eId="authorialNote_4"><p xml:space="preserve">		同上，第四章，C节。</p></authorialNote> 以及《联合国国际贸易法委员会破产法立法指南》<authorialNote marker="5" placement="bottom" eId="authorialNote_5"><p xml:space="preserve">		联合国出版物，出售品编号：E.13.V.10。</p></authorialNote> 第四部分新增加的关于临近破产期间企业集团公司董事义务的一节案文；<authorialNote marker="6" placement="bottom" eId="authorialNote_6"><p xml:space="preserve">		《大会正式记录，第七十四届会议，补编第17号》(<a href="https://undocs.org/ch/A/74/17">A/74/17</a>)，第六章，B节。</p></authorialNote></p>
        </content>
      </paragraph>
      <paragraph eId="para_9" class="MercuryDocument">
        <num>	3.</num>
        <content eId="para_9__content">
          <p xml:space="preserve">
            <span class="bold">又赞扬</span>委员会最后审定秘书处编写的《关于云计算合同主要问题的说明》并核准予以发布，包括采用便于通过移动设备查阅的在线工具形式；<authorialNote marker="7" placement="bottom" eId="authorialNote_7"><p xml:space="preserve">		同上，第八章，C节。</p></authorialNote></p>
        </content>
      </paragraph>
      <paragraph eId="para_10" class="MercuryDocument">
        <num>	4.</num>
        <content eId="para_10__content">
          <p xml:space="preserve">
            <span class="bold">欣见</span>2019年8月7日在新加坡举行的大会2018年12月20日第<a href="https://undocs.org/ch/A/RES/73/198">73/198</a>号决议通过的《联合国关于调解所产生的国际和解协议公约》（《新加坡调解公约》）签字仪式，并邀请尚未加入《公约》的政府和区域经济一体化组织考虑加入；</p>
        </content>
      </paragraph>
      <paragraph eId="para_11" class="MercuryDocument">
        <num>	5.</num>
        <content eId="para_11__content">
          <p xml:space="preserve">
            <span class="bold">满意地注意到</span>石油输出国组织的国际发展基金以及欧洲联盟委员会的捐助，这使得根据《投资人与国家间基于条约仲裁透明度规则》<authorialNote marker="8" placement="bottom" eId="authorialNote_8"><p xml:space="preserve">		同上，《第六十八届会议，补编第17号》(<a href="https://undocs.org/ch/A/68/17">A/68/17</a>)，附件一。</p></authorialNote> 设立的已发布的信息存储处可以运作，而且委员会重申其强烈一致的意见，即委员会的秘书处应继续运作透明度存储处，而该存储处则构成《透明度规则》和《联合国投资人与国家间基于条约仲裁透明度公约》(《毛里求斯透明度公约》)<authorialNote marker="9" placement="bottom" eId="authorialNote_9"><p xml:space="preserve">		第<a href="https://undocs.org/ch/A/RES/69/116">69/116</a>号决议，附件。</p></authorialNote> 的核心特征；</p>
        </content>
      </paragraph>
      <paragraph eId="para_12" class="MercuryDocument">
        <num>	6.</num>
        <content eId="para_12__content">
          <p xml:space="preserve">
            <span class="bold">请</span>秘书长继续通过委员会秘书处根据《透明度规则》第8条运作已发布的信息存储处，作为一试点项目直至2020年底，其供资完全来自自愿捐助，并在其试点运作基础上及时向大会通报透明度存储处供资和预算情况方面的事态发展；</p>
        </content>
      </paragraph>
      <paragraph eId="para_13" class="MercuryDocument">
        <num>	7.</num>
        <content eId="para_13__content">
          <p xml:space="preserve">
            <span class="bold">表示感兴趣地注意到</span>委员会在中小微型企业、争议解决、投资人与国家间争议解决制度改革、电子商务、破产法和船舶司法出售领域工作的进展，<authorialNote marker="10" placement="bottom" eId="authorialNote_10"><p xml:space="preserve">		见《大会正式记录，第七十四届会议，补编第17号》(<a href="https://undocs.org/ch/A/74/17">A/74/17</a>)，第十五章，A节。</p></authorialNote> 并鼓励委员会继续有效率地向前迈进，以在这些领域取得实际工作成果；</p>
        </content>
      </paragraph>
      <paragraph eId="para_14" class="MercuryDocument">
        <num>	8.</num>
        <content eId="para_14__content">
          <p xml:space="preserve">
            <span class="bold">感兴趣地注意到</span>秘书处获授权举行关于民事资产追查和追回问题和关于破产程序的适用法律问题的讨论会，旨在促进关于这些主题的探索性工作，以及委员会就未来工作作出的其他决定，注意到委员会同意秘书处所提要求，即继续进行关于仓单的准备工作并与其他具有相关专门知识的组织召开讨论会，以期审议第五十二届会议所讨论的工作范围和性质问题并推进初稿材料的编写工作，就与数字经济和数字贸易有关的法律问题，包括与高技术争端有关的争端解决办法——开展探索性和准备工作，并开始关于铁路运单的探索性工作<span class="italic">，</span>以及开始编写关于微型、小型和中型企业获得信贷的材料草案，<authorialNote marker="11" placement="bottom" eId="authorialNote_11"><p xml:space="preserve">		同上，C节。</p></authorialNote> 还注意到，委员会将在各国和其他感兴趣的有关组织作出进一步评论和审议之后，于2020年举行的下届会议上进一步审议联合国国际贸易法委员会调解规则草案<authorialNote marker="12" placement="bottom" eId="authorialNote_12"><p xml:space="preserve"><a href="https://undocs.org/ch/A/CN.9/986">A/CN.9/986</a>。</p></authorialNote> 及联合国国际贸易法委员会调解安排说明草案，<authorialNote marker="13" placement="bottom" eId="authorialNote_13"><p xml:space="preserve"><a href="https://undocs.org/ch/A/CN.9/987">A/CN.9/987</a>。</p></authorialNote> 以及对草案的任何适当修订；</p>
        </content>
      </paragraph>
      <paragraph eId="para_15" class="MercuryDocument">
        <num>	9.</num>
        <content eId="para_15__content">
          <p xml:space="preserve">
            <span class="bold">赞同</span>委员会作为联合国系统在国际贸易法领域的核心法律机构作出努力，采取行动，促使活跃于国际贸易法领域的国际组织和区域组织加强法律活动的协调与合作，包括在关于数字经济的法律问题方面的协调与合作，以及在国内和国际上促进这一领域的法治，并在这方面呼吁相关国际组织和区域组织与委员会协调彼此的活动，避免工作重叠，增进国际贸易法的现代化和协调方面的效率、一致性和连贯性；</p>
        </content>
      </paragraph>
      <paragraph eId="para_16" class="MercuryDocument">
        <num>	10.</num>
        <content eId="para_16__content">
          <p xml:space="preserve">
            <span class="bold">重申</span>委员会在国际贸易法改革和发展领域的技术合作和援助工作十分重要，对发展中国家而言尤其重要，在这方面：</p>
        </content>
      </paragraph>
      <paragraph eId="para_17" class="MercuryDocument">
        <content eId="para_17__content">
          <p xml:space="preserve">	(a)	欢迎委员会采取行动通过其秘书处扩大其技术合作和援助方案，在这方面鼓励秘书长寻求与国家和非国家行为体结成伙伴关系，增进对委员会工作的认识，促进有效执行委员会工作所产生的法律标准，并在这方面注意到委员会第五十二届会议期间举行的技术援助圆桌会议汇集了积极参与国际发展援助的政府组织和政府间组织，以探讨协同增效作用并讨论如何进一步与委员会秘书处合作实施对国际贸易法的稳妥改革；</p>
        </content>
      </paragraph>
      <paragraph eId="para_18" class="MercuryDocument">
        <content eId="para_18__content">
          <p xml:space="preserve">	(b)	表示赞赏委员会开展技术合作与援助活动，为国际贸易法领域的立法起草工作提供援助，并提请秘书长注意这方面现有资源有限；</p>
        </content>
      </paragraph>
      <paragraph eId="para_19" class="MercuryDocument">
        <content eId="para_19__content">
          <p xml:space="preserve">	(c)	表示赞赏为开展技术合作与援助活动作出捐助的各国政府，呼吁各国政府、联合国系统相关机关、组织、机构和个人向联合国国际贸易法委员会专题讨论会信托基金作出自愿捐助，并酌情资助特别项目，以及以其他方式协助委员会秘书处开展技术合作与援助活动，尤其是在发展中国家进行这些活动；</p>
        </content>
      </paragraph>
      <paragraph eId="para_20" class="MercuryDocument">
        <content eId="para_20__content">
          <p xml:space="preserve">	(d)	鉴于委员会的工作和方案对在国内和国际上促进法治以及推动执行国际发展议程的相关性和重要性，包括对实现《2030年可持续发展议程》<authorialNote marker="14" placement="bottom" eId="authorialNote_14"><p xml:space="preserve">		第<a href="https://undocs.org/ch/A/RES/70/1">70/1</a>号决议。</p></authorialNote> 的相关性和重要性，再次呼吁联合国开发计划署和负责发展援助的其他机构，如世界银行和区域开发银行，以及各国政府在其双边援助方案中，支持委员会的技术合作和援助方案，并同委员会合作及协调其活动；</p>
        </content>
      </paragraph>
      <paragraph eId="para_21" class="MercuryDocument">
        <content eId="para_21__content">
        <p xml:space="preserve">	(e)	<span class="bold">回顾</span>其相关决议强调有必要应会员国请求通过加强技术援助和能力建设来加大力度支持会员国在国内履行各自国际义务，欣见秘书长为确保加强联合国各实体之间以及与捐助方和受援国的协调和统一作出努力；</p>
        </content>
      </paragraph>
      <paragraph eId="para_22" class="MercuryDocument">
        <num>	11.</num>
        <content eId="para_22__content">
          <p xml:space="preserve">
            <span class="bold">回顾</span>考虑到委员会第四十三届会议报告附件三转载的结论摘要，<authorialNote marker="15" placement="bottom" eId="authorialNote_15"><p xml:space="preserve">		《大会正式记录，第六十五届会议，补编第17号》(<a href="https://undocs.org/ch/A/65/17">A/65/17</a>)。</p></authorialNote> 必须遵守委员会议事规则和工作方法，包括透明、包容的审议，请秘书处在委员会及其工作组会议之前发出通知，提醒大家应遵守这些规则和工作方法，以确保委员会工作保持高质量，鼓励评估其文书，并在这方面回顾以往关于此事的各项决议；</p>
        </content>
      </paragraph>
      <paragraph eId="para_23" class="MercuryDocument">
        <num>	12.</num>
        <content eId="para_23__content">
          <p xml:space="preserve">
            <span class="bold">注意到</span>委员会在第五十二届会议期间欢迎秘书处根据若干会员国在第五十一届会议上提交的关于委员会工作方法的联合全面建议对本届会议安排工作作出的改进<authorialNote marker="16" placement="bottom" eId="authorialNote_16"><p xml:space="preserve">		同上，《第七十三届会议，补编第17号》(<a href="https://undocs.org/ch/A/73/17">A/73/17</a>)，第十八章，A节。</p></authorialNote> 并确认其一项理解，即两周的届会一般足够，每届年度会议的持续时间将根据预期工作量具体确定；<authorialNote marker="17" placement="bottom" eId="authorialNote_17"><p xml:space="preserve">		同上，《第七十四届会议，补编第17号》(<a href="https://undocs.org/ch/A/74/17">A/74/17</a>)，第316和331段。</p></authorialNote></p>
        </content>
      </paragraph>
      <paragraph eId="para_24" class="MercuryDocument">
        <num>	13.</num>
        <content eId="para_24__content">
          <p xml:space="preserve">
            <span class="bold">欣见</span>设在大韩民国的联合国国际贸易法委员会亚洲及太平洋区域中心开展活动，旨在向亚洲及太平洋区域各国，包括向国际及区域组织提供能力建设及技术援助服务，表示赞赏大韩民国和中国捐助，从而使区域中心得以继续运作，注意到这一区域存在能否继续下去完全取决于预算外资源，包括但不限于各国的自愿捐助，欢迎其他国家表示有兴趣主办委员会区域中心，并请秘书长随时向大会通报关于设立区域中心的事态发展，特别是其供资和预算情况；</p>
        </content>
      </paragraph>
      <paragraph eId="para_25" class="MercuryDocument">
        <num>	14.</num>
        <content eId="para_25__content">
          <p xml:space="preserve">
            <span class="bold">呼吁</span>各国政府、联合国系统相关机关、组织、机构和个人根据请求并在同秘书长协商后向为委员会成员中的发展中国家提供旅费补助而设立的信托基金作出自愿捐助，使得这种补助能再次予以提供，增加发展中国家专家参加委员会届会及其工作组的人数，这对于这些国家发展本国专门知识和能力是必不可少的，能借以为商业、贸易和投资创造监管有序的有利环境；</p>
        </content>
      </paragraph>
      <paragraph eId="para_26" class="MercuryDocument">
        <num>	15.</num>
        <content eId="para_26__content">
          <p xml:space="preserve">
            <span class="bold">决定</span>为了确保全体成员国能充分参与委员会届会及其工作组的工作，在大会第七十四届会议期间在主管的主要委员会内继续审议应最不发达国家的请求并在同秘书长协商后向这些国家提供旅费补助的问题，并注意到欧洲联盟和瑞士发展与合作署向信托基金提供的捐款，这将有助于发展中国家代表参加第三工作组的审议；</p>
        </content>
      </paragraph>
      <paragraph eId="para_27" class="MercuryDocument">
        <num>	16.</num>
        <content eId="para_27__content">
          <p xml:space="preserve">
            <span class="bold">表示注意到</span>以色列和日本在委员会第五十二届会议上提出的扩大委员会成员数目的建议，<authorialNote marker="18" placement="bottom" eId="authorialNote_18"><p xml:space="preserve">		同上，第311段。</p></authorialNote> 委员会则鼓励各成员国在闭会期间就该建议相互进行磋商并与其他有关国家进行磋商，并请秘书处为闭会期间进行的这些磋商提供便利；<authorialNote marker="19" placement="bottom" eId="authorialNote_19"><p xml:space="preserve">		同上，第315段。</p></authorialNote></p>
        </content>
      </paragraph>
      <paragraph eId="para_28" class="MercuryDocument">
        <num>	17.</num>
        <content eId="para_28__content">
          <p xml:space="preserve">
            <span class="bold">赞同</span>委员会深信有关执行和有效利用关于国际贸易的现代私法标准对于促进善政、持续经济发展以及消除贫困和饥饿非常重要，在商业关系中促进法治，应成为联合国在国内和国际上促进法治的广泛议程的一个组成部分，包括在秘书长办公厅法治股支持下，通过法治协调和资源小组开展这一工作；</p>
        </content>
      </paragraph>
      <paragraph eId="para_29" class="MercuryDocument">
        <num>	18.</num>
        <content eId="para_29__content">
          <p xml:space="preserve">
            <span class="bold">注意到</span>委员会在促进法治方面的作用、委员会第五十二届会议期间的相应讨论<authorialNote marker="20" placement="bottom" eId="authorialNote_20"><p xml:space="preserve">		同上，第二十章。</p></authorialNote> 以及委员会根据大会2018年12月20日第<a href="https://undocs.org/ch/A/RES/73/207">73/207</a>号决议第20段的要求转递的意见，其中强调委员会目前的工作以及委员会第五十二届会议最后审定和通过的案文对于促进法治和落实可持续发展目标的相关性；<authorialNote marker="21" placement="bottom" eId="authorialNote_21"><p xml:space="preserve">		同上，B节。</p></authorialNote></p>
        </content>
      </paragraph>
      <paragraph eId="para_30" class="MercuryDocument">
        <num>	19.</num>
        <content eId="para_30__content">
          <p xml:space="preserve">
            <span class="bold">满意地注意到</span>在协商一致通过成为2012年9月24日第<a href="https://undocs.org/ch/A/RES/67/1">67/1</a>号决议的国内和国际的法治问题大会高级别会议宣言第8段，会员国确认，公平、稳定、可预见的法律框架对于促成包容、可持续、公平的发展、经济增长和就业，对于拉动投资和促进创业精神，都具有重要意义，在这方面，赞扬委员会在统一国际贸易法并使之现代化方面所做的工作，而在宣言第7段，会员国深信法治与发展密切关联，相辅相成；</p>
        </content>
      </paragraph>
      <paragraph eId="para_31" class="MercuryDocument">
        <num>	20.</num>
        <content eId="para_31__content">
          <p xml:space="preserve">
            <span class="bold">又满意地注意到</span>在大会协商一致通过成为2015年7月27日第<a href="https://undocs.org/ch/A/RES/69/313">69/313</a>号决议的第三次发展筹资问题国际会议《亚的斯亚贝巴行动议程》的第89段，各国赞同委员会作为联合国系统内在国际贸易法领域的核心法律机构所作出的努力和采取的行动，旨在加强国际贸易法领域的国际和区域组织法律活动的协调与合作，并在这一领域促进国家和国际两级的法治；</p>
        </content>
      </paragraph>
      <paragraph eId="para_32" class="MercuryDocument">
        <num>	21.</num>
        <content eId="para_32__content">
          <p xml:space="preserve">
            <span class="bold">再次请</span>秘书长按照关于文件事项的大会决议的规定，<authorialNote marker="22" placement="bottom" eId="authorialNote_22"><p xml:space="preserve">		第<a href="https://undocs.org/ch/A/RES/52/214">52/214</a>号决议，B节；第57/283B号决议，第三节；第<a href="https://undocs.org/ch/A/RES/58/250">58/250</a>号决议，第三节。</p></authorialNote> 特别是强调酌情限制文件篇幅的任何要求都不应对文件的编排质量或实质内容造成不利影响的规定，在对委员会文件实行页数限制时要考虑到委员会逐步发展和编纂国际贸易法的任务和职能的特殊性质；<authorialNote marker="23" placement="bottom" eId="authorialNote_23"><p xml:space="preserve">		见第<a href="https://undocs.org/ch/A/RES/59/39">59/39</a>号决议，第9段；第<a href="https://undocs.org/ch/A/RES/65/21">65/21</a>号决议，第18段；另见《大会正式记录，第五十九届会议，补编第17号》(<a href="https://undocs.org/ch/A/59/17">A/59/17</a>)，第124至128段。</p></authorialNote></p>
        </content>
      </paragraph>
      <paragraph eId="para_33" class="MercuryDocument">
        <num>	22.</num>
        <content eId="para_33__content">
          <p xml:space="preserve">
            <span class="bold">请</span>秘书长继续公布委员会的准则，并提供委员会拟订规范性文本的会议的简要记录，包括委员会在其年会期间设立的全体委员会会议的简要记录；</p>
        </content>
      </paragraph>
      <paragraph eId="para_34" class="MercuryDocument">
        <num>	23.</num>
        <content eId="para_34__content">
          <p xml:space="preserve">
            <span class="bold">回顾</span>其2011年12月24日第<a href="https://undocs.org/ch/A/RES/66/246">66/246</a>号决议关于在维也纳与纽约轮流开会的办法的第48段；</p>
        </content>
      </paragraph>
      <paragraph eId="para_35" class="MercuryDocument">
        <num>	24.</num>
        <content eId="para_35__content">
          <p xml:space="preserve">
            <span class="bold">强调指出</span>必须推广使用委员会全面统一协调国际贸易法的工作所产生的法规案文，为此敦促尚未如此行事的国家考虑签署、批准或加入各项公约，颁布示范法并鼓励通过其他相关法规案文；</p>
        </content>
      </paragraph>
      <paragraph eId="para_36" class="MercuryDocument">
        <num>	25.</num>
        <content eId="para_36__content">
          <p xml:space="preserve">
            <span class="bold">赞赏地注意到</span>秘书处关于联合国六种正式语文的委员会法规案文判例法收集和传播系统(法规判例法系统)的工作，注意到该系统需使用大量资源，承认要维持和扩大该系统，就需要提供更多资源，在这方面，欣见委员会及其秘书处继续努力打造与有关机构的伙伴关系，呼吁各国政府、联合国系统相关机关、组织、机构和个人协助委员会秘书处增进专业人员、学术界和司法界对法规判例法系统可供使用的情况及用途的认识，同时获取所需资金，用于系统的协调与扩展，并用于在委员会秘书处内建立重点推广统一解释委员会法规案文的方式方法的支柱；</p>
        </content>
      </paragraph>
      <paragraph eId="para_37" class="MercuryDocument">
        <num>	26.</num>
        <content eId="para_37__content">
          <p xml:space="preserve">
            <span class="bold">欣见</span>秘书处在委员会法规判例法摘要方面继续开展的工作，包括广泛传播的工作，同时继续增加通过法规判例法系统提供的摘要的数目，因为摘要和法规判例法系统是促进统一解释国际贸易法的一个重要工具，特别是建设当地能力，帮助法官、仲裁员和其他法律从业人员根据国际性质解释这些准则，同时有必要促进在国际贸易中统一适用这些准则并秉承善意，并注意到委员会对《纽约公约》网站<authorialNote marker="24" placement="bottom" eId="authorialNote_24"><p xml:space="preserve"><a href="http://www.newyorkconvention1958.org/">www.newyorkconvention1958.org</a>。</p></authorialNote> 的表现以及该网站与法规判例法系统之间的成功协调感到满意；</p>
        </content>
      </paragraph>
      <paragraph eId="para_38" class="MercuryDocument">
        <num>	27.</num>
        <content eId="para_38__content">
          <p xml:space="preserve">
            <span class="bold">回顾</span>大会决议申明高质量、便于使用、具有成本效益的联合国网站十分重要且必须以多种语文发展、维护、丰富网站内容，<authorialNote marker="25" placement="bottom" eId="authorialNote_25"><p xml:space="preserve">		第<a href="https://undocs.org/ch/A/RES/52/214">52/214</a>号决议，C节，第3段；第<a href="https://undocs.org/ch/A/RES/55/222">55/222</a>号决议，第三节，第12段；第56/64B号决议，第十节；第57/130B号决议，第十节；第58/101B号决议，第五节，第61至76段；第59/126B号决议，第五节，第76至95段；第60/109B号决议，第四节，第66至80段；第61/121B号决议，第四节，第65至77段。</p></authorialNote> 赞扬委员会网站已移至一个便于通过移动装置查阅的平台并继续同时使用联合国六种正式语文进行发布，并欢迎委员会不断努力依照适用准则维护和改善其网站，并通过利用社交媒体功能提高其工作可见度。<authorialNote marker="26" placement="bottom" eId="authorialNote_26"><p xml:space="preserve">		见第<a href="https://undocs.org/ch/A/RES/63/120">63/120</a>号决议，第20段。</p></authorialNote></p>
        </content>
      </paragraph>
    </mainBody>
    <conclusions eId="conclusions">
      <p>
        <inline name="adoptionMeeting" title="第51次">第51次全体会议</inline>
        <eol />
        <docDate date="2019-12-18" refersTo="#adoptionDate">2019年12月18日</docDate>
      </p>
    </conclusions>
  </statement>
</akomaNtoso>