<akomaNtoso xmlns:xsi="http://www.w3.org/2001/XMLSchema-instance" xsi:schemaLocation="http://docs.oasis-open.org/legaldocml/ns/akn/3.0 http://docs.oasis-open.org/legaldocml/akn-core/v1.0/os/part2-specs/schemas/akomantoso30.xsd" xmlns="http://docs.oasis-open.org/legaldocml/ns/akn/3.0" xmlns:html="http://www.w3.org/1999/xhtml" xmlns:akn4un="http://un.org/akn4un">
  <statement name="resolution">
    <meta>
      <identification source="#DGACM">
        <FRBRWork>
          <FRBRthis value="/akn/un/statement/deliberation/unga/2019-12-18/74-166/!main/"></FRBRthis>
          <FRBRuri value="/akn/un/statement/deliberation/unga/2019-12-18/74-166/"></FRBRuri>
          <FRBRdate date="2019-12-18" name="adoption"></FRBRdate>
          <FRBRauthor href="ga" as="author"></FRBRauthor>
          <FRBRcountry value="un"></FRBRcountry>
        </FRBRWork>
        <FRBRExpression>
          <FRBRthis value="/akn/un/statement/deliberation/unga/2019-12-18/74-166/zho@!main/"></FRBRthis>
          <FRBRuri value="/akn/un/statement/deliberation/unga/2019-12-18/74-166/zho@/"></FRBRuri>
          <FRBRdate date="2020-01-27" name="publication"></FRBRdate>
          <FRBRauthor href="ga" as="issuer"></FRBRauthor>
          <FRBRlanguage language="zho"></FRBRlanguage>
        </FRBRExpression>
        <FRBRManifestation>
          <FRBRthis value="/akn/un/statement/deliberation/unga/2019-12-18/74-166/zho@/!main.xml"></FRBRthis>
          <FRBRuri value="/akn/un/statement/deliberation/unga/2019-12-18/74-166/zho@.xml"></FRBRuri>
          <FRBRdate date="2020-09-01" name="markup"></FRBRdate>
          <FRBRauthor href="DGACM" as="editor"></FRBRauthor>
        </FRBRManifestation>
      </identification>
      <classification source="http://metadata.un.org/sdg">
        <keyword value="16" href="http://metadata.un.org/sdg/16" showAs="sdg_16" dictionary="SDGO"></keyword>
        <keyword value="right_to_justice" href="http://eurovoc.europa.eu/516" showAs="right_to_justice" dictionary="EuroVoc"></keyword>
        <keyword value="sustainable_development" href="http://eurovoc.europa.eu/5585" showAs="sustainable_development" dictionary="EuroVoc"></keyword>
        <keyword value="civil_society" href="http://metadata.un.org/thesaurus/1001012" showAs="civil_society" dictionary="UNBIS Thesaurus"></keyword>
        <keyword value="justice" href="http://metadata.un.org/thesaurus/1003500" showAs="justice" dictionary="UNBIS Thesaurus"></keyword>
        <keyword value="peaceful_coexistence" href="http://metadata.un.org/thesaurus/1004777" showAs="peaceful_coexistence" dictionary="UNBIS Thesaurus"></keyword>
        <keyword value="public_institutions" href="http://metadata.un.org/thesaurus/1005254" showAs="public_institutions" dictionary="UNBIS Thesaurus"></keyword>
        <keyword value="social_justice" href="http://metadata.un.org/thesaurus/1005970" showAs="social_justice" dictionary="UNBIS Thesaurus"></keyword>
        <keyword value="sustainable_development" href="http://metadata.un.org/thesaurus/1006319" showAs="sustainable_development" dictionary="UNBIS Thesaurus"></keyword>
      </classification>
      <classification source="http://metadata.un.org/sdg">
        <keyword value="3" href="http://metadata.un.org/sdg/3" showAs="sdg_3" dictionary="SDGO"></keyword>
        <keyword value="public_health" href="http://eurovoc.europa.eu/3885" showAs="public_health" dictionary="EuroVoc"></keyword>
        <keyword value="health" href="http://metadata.un.org/thesaurus/1002824" showAs="health" dictionary="UNBIS Thesaurus"></keyword>
      </classification>
      <classification source="http://metadata.un.org/sdg">
        <keyword value="5" href="http://metadata.un.org/sdg/5" showAs="sdg_5" dictionary="SDGO"></keyword>
        <keyword value="gender_equality" href="http://eurovoc.europa.eu/3913" showAs="gender_equality" dictionary="EuroVoc"></keyword>
        <keyword value="participation_of_women" href="http://eurovoc.europa.eu/2265" showAs="participation_of_women" dictionary="EuroVoc"></keyword>
        <keyword value="women&amp;#39;s_rights" href="http://eurovoc.europa.eu/585" showAs="women&amp;#39;s_rights" dictionary="EuroVoc"></keyword>
        <keyword value="position_of_women" href="http://eurovoc.europa.eu/81" showAs="position_of_women" dictionary="EuroVoc"></keyword>
        <keyword value="women" href="http://metadata.un.org/thesaurus/1007029" showAs="women" dictionary="UNBIS Thesaurus"></keyword>
        <keyword value="gender_equality" href="http://metadata.un.org/thesaurus/1002612" showAs="gender_equality" dictionary="UNBIS Thesaurus"></keyword>
        <keyword value="girls" href="http://metadata.un.org/thesaurus/1002684" showAs="girls" dictionary="UNBIS Thesaurus"></keyword>
      </classification>
      <classification source="http://metadata.un.org/sdg">
        <keyword value="2" href="http://metadata.un.org/sdg/2" showAs="sdg_2" dictionary="SDGO"></keyword>
        <keyword value="food_shortage" href="http://eurovoc.europa.eu/2318" showAs="food_shortage" dictionary="EuroVoc"></keyword>
        <keyword value="sustainable_agriculture" href="http://eurovoc.europa.eu/6308" showAs="sustainable_agriculture" dictionary="EuroVoc"></keyword>
        <keyword value="food_security" href="http://eurovoc.europa.eu/c_4523e1dd" showAs="food_security" dictionary="EuroVoc"></keyword>
        <keyword value="food_security" href="http://metadata.un.org/thesaurus/1002439" showAs="food_security" dictionary="UNBIS Thesaurus"></keyword>
        <keyword value="food_shortage" href="http://metadata.un.org/thesaurus/1002440" showAs="food_shortage" dictionary="UNBIS Thesaurus"></keyword>
        <keyword value="hunger" href="http://metadata.un.org/thesaurus/1003004" showAs="hunger" dictionary="UNBIS Thesaurus"></keyword>
        <keyword value="sustainable_agriculture" href="http://metadata.un.org/thesaurus/1006317" showAs="sustainable_agriculture" dictionary="UNBIS Thesaurus"></keyword>
      </classification>
      <workflow source="#un">
        <step date="2019-10-31" outcome="draftResolution" as="A/C.3/74/L.26" by="Albania, Australia, Austria, Belgium, Bulgaria, Canada, Croatia, Cyprus, Czechia, Denmark, Estonia, Finland, France, Germany, Greece, Honduras, Hungary, Iceland, Ireland, Italy, Japan, Latvia, Liechtenstein, Lithuania, Luxembourg, Malta, Marshall Islands, Monaco, Montenegro, Netherlands, North Macedonia, Norway, Poland, Portugal, Romania, Slovakia, Slovenia, Spain, Sweden, Switzerland, Turkey, Ukraine, United Kingdom of Great Britain and Northern Ireland and United States of America" />
        <step date="0001-01-01" outcome="draftResolutionAdditionalSponsors" by="Andorra, Argentina, Benin, Bosnia and Herzegovina, Chile, Georgia, Israel, Maldives, Mexico, Micronesia (Federated States of), New Zealand, Palau, Republic of Moldova, Samoa, San Marino, Serbia and Tuvalu" />
        <step date="0001-01-01" outcome="recommendedForAdoption" as="A/74/399/Add.3" by="" refersTo="47" />
        <step date="2019-12-18" outcome="adopted" as="A/74/PV.50" by="" />
      </workflow>
      <analysis source="#un">
        <parliamentary>
          <voting outcome="adoptedWithoutVote">
            <quorum value=""></quorum>
          </voting>
        </parliamentary>
      </analysis>
      <references source="#DGACM">
        <TLCOrganization eId="source" href="/akn/ontology/organization/un/DGACM" showAs="DGACM"></TLCOrganization>
        <TLCConcept eId="dateOfIssuance" href="/akn/ontology/concept/un/dateOfIssuance" showAs="Date of issuance"></TLCConcept>
        <TLCConcept eId="dateOfAdoption" href="/akn/ontology/concept/un/dateOfAdoption" showAs="Date of adoption"></TLCConcept>
        <TLCConcept eId="symbol" href="/akn/ontology/reference/un/symbol" showAs="Symbol"></TLCConcept>
        <TLCRole eId="publisher" href="/akn/ontology/role/un/publisher" showAs="Publisher"></TLCRole>
        <TLCRole eId="issuingBody" href="/akn/role/concept/un/issuingBody" showAs="Issuing body"></TLCRole>
        <TLCRole eId="author" href="/akn/ontology/role/un/author" showAs="Author"></TLCRole>
        <TLCRole eId="editor" href="/akn/ontology/role/un/editor" showAs="Editor"></TLCRole>
        <TLCRole eId="distribution" href="/akn/ontology/concept/un/generalDistribution" showAs="General distribution"></TLCRole>
        <TLCOrganization eId="ga" href="/akn/ontology/organization/un/generalAssembly" showAs="General Assembly"></TLCOrganization>
        <TLCTerm eId="resolutionTitle" href="/akn/ontology/reference/un/resolutionTitle" showAs="Resolution title"></TLCTerm>
        <TLCTerm eId="thirdCommittee" href="#thirdCommittee" showAs="第三委员会"></TLCTerm>
        <TLCTerm eId="memberState" href="/akn/ontology/organization/un/memberState" showAs="Member State"></TLCTerm>
        <TLCTerm eId="inFavour" href="/akn/ontology/concept/un/voting/inFavour" showAs="In favour"></TLCTerm>
        <TLCTerm eId="against" href="/akn/ontology/concept/un/voting/against" showAs="Against"></TLCTerm>
        <TLCTerm eId="abstaining" href="/akn/ontology/concept/un/voting/abstaining" showAs="Abstaining"></TLCTerm>
      </references>
      <presentation source="#un">
        <akn4un:footerFirstPage>
          <akn4un:footerFirstPageLeft>
            <akn4un:internalCode>
              <docketNumber refersTo="#publicationJobNumber">19-22298 (C)</docketNumber>
              <img alt="bar code" class="barCode" src=""></img>
            </akn4un:internalCode>
          </akn4un:footerFirstPageLeft>
          <akn4un:footerFirstPageRight>
            <img alt="Please recycle" class="image" src="./recylcleLogo.jpg"></img>
            <img alt="embedded QR code" class="qrCode" src=""></img>
          </akn4un:footerFirstPageRight>
        </akn4un:footerFirstPage>
      </presentation>
    </meta>
    <coverPage eId="coverPage_1">
      <p>
        <span refersTo="#publisher" class="upperLeft">
          <docAuthority refersTo="#publisher">联合国</docAuthority>
        </span>
      </p>
      <p class="upperRight">
        <docNumber refersTo="#symbol">A/RES/74/166</docNumber>
      </p>
      <p class="upperLeft">
        <img src="logo-un.jpg"></img>
        <docAuthority refersTo="#issuingBody" class="rightBig">大会</docAuthority>
      </p>
      <p>
        <docStatus refersTo="#generalDistribution" class="rightSmall">Distr.: General</docStatus>
      </p>
      <p>
        <docDate date="2020-01-27" class="rightSmall" refersTo="#dateOfIssuance">27 January 2020</docDate>
      </p>
      <p>
        <session refersTo="#generalAssembly" value="74" eId="coverPage_1__session_1">第七十四届会议</session>
      </p>
      <p>
        <inline name="agenda item">议程项目70(c)</inline>
      </p>
      <p>
        <inline name="agenda item name">促进和保护人权：人权状况及特别报告员和代表的报告</inline>
      </p>
      <p>
        <docTitle>2019年12月18日大会决议</docTitle>
      </p>
      <p xml:space="preserve">
        <docProponent refersTo="#thirdCommittee">[根据第三委员会的报告 (<inline name="originating document">A/74/399/Add.3</inline>)]</docProponent>
      </p>
    </coverPage>
    <preface>
      <p>
        <docNumber>74/166.</docNumber>
        <docTitle refersTo="#resolutionTitle">朝鲜民主主义人民共和国人权状况</docTitle>
      </p>
    </preface>
    <preamble>
      <formula name="enactingFormula" eId="formula_1">
        <p xml:space="preserve">
          <span class="bold">大会，</span>
        </p>
      </formula>
      <container name="重申" eId="container_2">
        <p xml:space="preserve">
          <span class="bold">重申</span>所有国家都有义务促进和保护人权和基本自由，履行根据各项国际文书承担的义务，</p>
      </container>
      <container name="回顾" eId="container_3">
        <p xml:space="preserve">
          <span class="bold">回顾</span>大会、人权委员会和人权理事会以往通过的所有关于朝鲜民主主义人民共和国人权状况的决议，包括大会2018年12月17日第<a href="https://undocs.org/ch/A/RES/73/180">73/180</a>号决议和人权理事会2019年3月22日第<a href="https://undocs.org/ch/A/HRC/RES/40/20">40/20</a>号决议，<authorialNote marker="1" placement="bottom" eId="authorialNote_1"><p xml:space="preserve">		见《大会正式记录，第七十四届会议，补编第53号》(<a href="https://undocs.org/ch/A/74/53">A/74/53</a>)，第四章，A节。</p></authorialNote> 并意识到国际社会有必要加强协调努力，以使这些决议得到执行，</p>
      </container>
      <container name="深为关切" eId="container_4">
        <p xml:space="preserve">
          <span class="bold">深为关切</span>朝鲜民主主义人民共和国境内存在严重人权状况，普遍存在有罪不罚文化，而且侵犯人权行为不受追究，</p>
      </container>
      <container name="强调指出" eId="container_5">
        <p xml:space="preserve">
          <span class="bold">强调指出</span>后续落实朝鲜民主主义人民共和国人权问题调查委员会的报告<authorialNote marker="2" placement="bottom" eId="authorialNote_2"><p xml:space="preserve"><a href="https://undocs.org/ch/A/HRC/25/63">A/HRC/25/63</a>。</p></authorialNote> 所载各项建议的重要性，表示严重关切报告中载述的详细调查结果，</p>
      </container>
      <container name="回顾" eId="container_6">
        <p xml:space="preserve">
          <span class="bold">回顾</span>朝鲜民主主义人民共和国有责任保护本国居民免遭危害人类罪行，又回顾调查委员会敦促朝鲜民主主义人民共和国领导人防止和惩治危害人类罪行，确保起诉犯罪人并将其绳之以法，</p>
      </container>
      <container name="表示注意到" eId="container_7">
        <p xml:space="preserve">
          <span class="bold">表示注意到</span>人权理事会朝鲜民主主义人民共和国人权状况特别报告员的报告，<authorialNote marker="3" placement="bottom" eId="authorialNote_3"><p xml:space="preserve"><a href="https://undocs.org/ch/A/74/275/Rev.1">A/74/275/Rev.1</a>。</p></authorialNote> 对特别报告员仍未获准访问该国、也未得到朝鲜民主主义人民共和国当局的合作感到遗憾，又表示注意到秘书长依照第<a href="https://undocs.org/ch/A/RES/73/180">73/180</a>号决议提交的关于朝鲜民主主义人民共和国人权状况的综合报告，<authorialNote marker="4" placement="bottom" eId="authorialNote_4"><p xml:space="preserve"><a href="https://undocs.org/ch/A/74/268">A/74/268</a>。</p></authorialNote></p>
      </container>
      <container name="意识到" eId="container_8">
        <p xml:space="preserve">
          <span class="bold">意识到</span>朝鲜民主主义人民共和国是《公民及政治权利国际公约》、<authorialNote marker="5" placement="bottom" eId="authorialNote_5"><p xml:space="preserve">		见第<a href="https://undocs.org/ch/2200A(XXI)">2200A(XXI)</a>号决议，附件。</p></authorialNote> 《经济、社会及文化权利国际公约》、<sup>5 </sup>《儿童权利公约》、<authorialNote marker="6" placement="bottom" eId="authorialNote_6"><p xml:space="preserve">		联合国，《条约汇编》，第1577卷，第27531号。</p></authorialNote> 《消除对妇女一切形式歧视公约》<authorialNote marker="7" placement="bottom" eId="authorialNote_7"><p xml:space="preserve">		同上，第1249卷，第20378号。</p></authorialNote> 和《残疾人权利公约》<authorialNote marker="8" placement="bottom" eId="authorialNote_8"><p xml:space="preserve">		同上，第2515卷，第44910号。</p></authorialNote> 的缔约国，敦促充分执行这些公约和条约机构审议的结论意见所载建议，</p>
      </container>
      <container name="注意到" eId="container_9">
        <p xml:space="preserve">
          <span class="bold">注意到</span>朝鲜民主主义人民共和国2018年12月提交了关于《残疾人权利公约》执行情况的初次报告。<authorialNote marker="9" placement="bottom" eId="authorialNote_9"><p xml:space="preserve"><a href="https://undocs.org/ch/CRPD/C/PRK/1">CRPD/C/PRK/1</a>。</p></authorialNote></p>
      </container>
      <container name="强调指出，" eId="container_10">
        <p xml:space="preserve">
          <span class="bold">强调指出，</span>朝鲜民主主义人民共和国必须向经济、社会及文化权利委员会提交它自2008年6月30日以来一直逾期未交的第三次定期报告，并向人权事务委员会提交它自2004年1月1日以来一直逾期未交的第三次定期报告，</p>
      </container>
      <container name="注意到" eId="container_11">
        <p xml:space="preserve">
          <span class="bold">注意到</span>人权理事会残疾人权利问题特别报告员2017年访问朝鲜民主主义人民共和国，鼓励朝鲜民主主义人民共和国落实特别报告员向人权理事会第三十七届会议提交的访问朝鲜民主主义人民共和国情况的报告<authorialNote marker="10" placement="bottom" eId="authorialNote_10"><p xml:space="preserve"><a href="https://undocs.org/ch/A/HRC/37/56/Add.1">A/HRC/37/56/Add.1</a>。</p></authorialNote> 所载各项建议，</p>
      </container>
      <container name="强调指出，" eId="container_12">
        <p xml:space="preserve">
          <span class="bold">强调指出，</span>朝鲜民主主义人民共和国政府必须按照联合国其他特别程序和人权机制的职权范围，将其合作扩大到这些程序和机制，特别是朝鲜民主主义人民共和国人权状况特别报告员，</p>
      </container>
      <container name="肯定" eId="container_13">
        <p xml:space="preserve">
          <span class="bold">肯定</span>朝鲜民主主义人民共和国参加第三轮普遍定期审议进程，注意到朝鲜民主主义人民共和国政府已接受262条建议中的132条建议<authorialNote marker="11" placement="bottom" eId="authorialNote_11"><p xml:space="preserve"><a href="https://undocs.org/ch/A/HRC/42/10">A/HRC/42/10</a>。</p></authorialNote> 并承诺加以执行，同时表示关切前两次审议中提出的建议至今尚未得到执行，<sup></sup></p>
      </container>
      <container name="遗憾地注意到" eId="container_14">
        <p xml:space="preserve">
          <span class="bold">遗憾地注意到</span>独立民间社会组织无法在朝鲜民主主义人民共和国开展活动，设在朝鲜民主主义人民共和国的民间社会组织因此无法在普遍定期审议进程中提交利益攸关方报告，</p>
      </container>
      <container name="注意到" eId="container_15">
        <p xml:space="preserve">
          <span class="bold">注意到</span>2019年5月朝鲜民主主义人民共和国政府与联合国人权事务高级专员办事处开展合作，向驻日内瓦的少数政府官员提供人权教育，敦促扩大这种技术合作，</p>
      </container>
      <container name="强调指出" eId="container_16">
        <p xml:space="preserve">
          <span class="bold">强调指出</span>朝鲜民主主义人民共和国政府必须将其合作扩大到联合国人权事务高级专员办事处在该区域的外地机构，</p>
      </container>
      <container name="注意到" eId="container_17">
        <p xml:space="preserve">
          <span class="bold">注意到</span>朝鲜民主主义人民共和国政府与联合国儿童基金会和世界卫生组织协作改善该国卫生状况，</p>
      </container>
      <container name="又注意到" eId="container_18">
        <p xml:space="preserve">
          <span class="bold">又注意到</span>朝鲜民主主义人民共和国政府与联合国儿童基金会协作改善儿童营养状况和儿童教育质量，</p>
      </container>
      <container name="还注意到" eId="container_19">
        <p xml:space="preserve">
          <span class="bold">还注意到</span>联合国开发计划署在朝鲜民主主义人民共和国境内小规模开展活动，鼓励朝鲜民主主义人民共和国政府与国际社会接触，以确保各方案给需要援助的人带来惠益，</p>
      </container>
      <container name="注意到" eId="container_20">
        <p xml:space="preserve">
          <span class="bold">注意到</span>朝鲜民主主义人民共和国政府与世界粮食计划署、联合国儿童基金会和联合国粮食及农业组织合作开展若干评估，着重指出这些评估对于分析全国、家庭及个人粮食安全、营养、健康、水和环境卫生状况的变化，从而支持捐助方对确定援助方案目标和监测工作抱有信心十分重要，赞赏地注意到国际援助运营方的工作，</p>
      </container>
      <container name="强调指出" eId="container_21">
        <p xml:space="preserve">
          <span class="bold">强调指出</span>国际人道主义援助组织必须进行独立的需求评估，并执行符合国际标准和人道主义原则的人道主义方案，包括在没有开展业务的地区执行方案，表示关切朝鲜民主主义人民共和国最近为减少联合国机构驻该国工作人员人数而采取的行动，</p>
      </container>
      <container name="表示注意到" eId="container_22">
        <p xml:space="preserve">
          <span class="bold">表示注意到</span>联合国题为“2019年朝鲜民主主义人民共和国：需求和优先目标”的人道主义报告以及联合国粮食及农业组织和世界粮食计划署的《联合快速粮食安全评估》及其要求满足朝鲜民主主义人民共和国境内严重人道主义需求的各项呼吁，</p>
      </container>
      <container name="关切地注意到" eId="container_23">
        <p xml:space="preserve">
          <span class="bold">关切地注意到</span>联合国的调查结果，其中估计朝鲜民主主义人民共和国有1 090多万人营养不足，三分之一6至23个月大的儿童没有得到可接受的最低膳食，五分之一儿童发育迟缓(慢性营养不良)，估计还有大约900万人无法充分获得优质医疗服务，39%人口即估计975万人无法获得安全管理的饮用水源，其中包括56%的农村地区人口，谴责朝鲜民主主义人民共和国罔顾人民福祉，将本国资源转用于发展核武器和弹道导弹，强调朝鲜民主主义人民共和国必须按照安全理事会2016年11月30日第<a href="https://undocs.org/ch/S/RES/2321(2016)">2321(2016)</a>号、2017年8月5日第<a href="https://undocs.org/ch/S/RES/2371(2017)">2371(2017)</a>号、2017年9月11日第<a href="https://undocs.org/ch/S/RES/2375(2017)">2375(2017)</a>号和2017年12月22日第<a href="https://undocs.org/ch/S/RES/2397(2017)">2397(2017)</a>号决议所述规定，尊重和确保该国人民的福祉和固有尊严，</p>
      </container>
      <container name="表示注意到" eId="container_24">
        <p xml:space="preserve">
          <span class="bold">表示注意到</span>2017-2021年期间联合国与朝鲜民主主义人民共和国政府合作战略框架，以及该国政府根据可持续发展目标<authorialNote marker="12" placement="bottom" eId="authorialNote_12"><p xml:space="preserve">		见第<a href="https://undocs.org/ch/A/RES/70/1">70/1</a>号决议。</p></authorialNote> 的各项原则、目标和具体目标及其对国际协定和公约的承诺而作出的承诺， </p>
      </container>
      <container name="严重关切地注意到" eId="container_25">
        <p xml:space="preserve">
          <span class="bold">严重关切地注意到</span>国际绑架问题和立即送回所有被绑架者的紧迫性和重要性，注意到被绑架者及其家人历经多年痛苦，朝鲜民主主义人民共和国没有采取积极行动，特别是在2014年5月朝鲜民主主义人民共和国和日本举行政府级磋商基础上着手就所有日本国民展开调查以来没有采取行动，促请朝鲜民主主义人民共和国处理所有强迫失踪指控，向受害者家属提供失踪亲属命运和下落的准确信息，并尽早解决与所有被绑架者有关的一切问题，特别是日本和大韩民国被绑架者回返问题，</p>
      </container>
      <container name="注意到" eId="container_26">
        <p xml:space="preserve">
          <span class="bold">注意到</span>包括世界各地受影响的朝韩国民在内的离散家庭问题的紧迫性和重要性，在这方面，欢迎朝韩离散家庭2018年8月再次团聚，以及2018年9月19日举行的朝韩首脑会议就此问题承诺加强人道主义合作，从根本上解决离散家庭问题，并重点指出必须根据安全理事会有关决议，允许离散家庭长期定期团聚和接触，包括在方便的地点和经常设施定期进行会晤，定期书面通信、视频团聚和交换视频信息，</p>
      </container>
      <container name="欢迎并进一步鼓励" eId="container_27">
        <p xml:space="preserve">
          <span class="bold">欢迎并进一步鼓励</span>会员国努力提高国际社会对朝鲜民主主义人民共和国人权状况的认识，注意到人权包括性别平等与和平和安全有着内在联系，</p>
      </container>
      <container name="欢迎" eId="container_28">
        <p xml:space="preserve">
          <span class="bold">欢迎</span>开展外交努力，指出对话和接触包括朝韩对话对设法改善朝鲜人权和人道主义状况的重要性，</p>
      </container>
      <container name="着重指出" eId="container_29">
        <p xml:space="preserve">
          <span class="bold">着重指出</span>秘书长为帮助改善朝韩关系和促进朝鲜半岛和解与稳定以及增进朝韩人民福祉所作的努力，</p>
      </container>
    </preamble>
    <mainBody>
      <paragraph eId="para_30" class="MercuryDocument">
        <num>	1.</num>
        <content eId="para_30__content">
          <p xml:space="preserve">
            <span class="bold">谴责</span>朝鲜民主主义人民共和国在其境内长期持续实施有系统、普遍和严重的侵犯人权行为，包括人权理事会2013年3月21日第<a href="https://undocs.org/ch/A/HRC/RES/22/13">22/13</a>号决议<authorialNote marker="13" placement="bottom" eId="authorialNote_13"><p xml:space="preserve">		见《大会正式记录，第六十八届会议，补编第53号》，(<a href="https://undocs.org/ch/A/68/53">A/68/53</a>)，第四章，A节。</p></authorialNote> 所设朝鲜民主主义人民共和国人权问题调查委员会表示可能构成危害人类罪行的行为，以及人权理事会2016年3月23日第<a href="https://undocs.org/ch/A/HRC/RES/31/18">31/18</a>号决议<authorialNote marker="14" placement="bottom" eId="authorialNote_14"><p xml:space="preserve">		见《大会正式记录，第七十一届会议，补编第53号》，(<a href="https://undocs.org/ch/A/71/53">A/71/53</a>)，第四章，A节。</p></authorialNote> 和联合国人权事务高级专员办事处所设立的朝鲜民主主义人民共和国侵犯人权行为问责独立专家组确定的行为；<authorialNote marker="15" placement="bottom" eId="authorialNote_15"><p xml:space="preserve">		见<a href="https://undocs.org/ch/A/HRC/34/66/Add.1">A/HRC/34/66/Add.1</a>。</p></authorialNote></p>
        </content>
      </paragraph>
      <paragraph eId="para_31" class="MercuryDocument">
        <num>	2.</num>
        <content eId="para_31__content">
          <p xml:space="preserve">
            <span class="bold">表示极其严重关切：</span>
          </p>
        </content>
      </paragraph>
      <paragraph eId="para_32" class="MercuryDocument">
        <content eId="para_32__content">
          <p xml:space="preserve">	(a)	持续不断接到关于侵犯人权行为的报告，包括调查委员会在其报告<sup>2</sup> 中提到的详细调查结果，例如：</p>
        </content>
      </paragraph>
      <paragraph eId="para_33" class="MercuryDocument">
        <content eId="para_33__content">
          <p xml:space="preserve">	㈠	酷刑和其他残忍、不人道或有辱人格的待遇或处罚，包括不人道的拘留条件、强奸、公开处决、法外拘留和任意拘留、缺乏正当程序和法治，包括缺乏公正审判的保障和独立的司法机关、法外处决、即决处决或任意处决、以政治和宗教理由判处死刑、集体惩罚延及三代以及广泛采用强迫劳动做法；</p>
        </content>
      </paragraph>
      <paragraph eId="para_34" class="MercuryDocument">
        <content eId="para_34__content">
          <p xml:space="preserve">	㈡	政治犯牢营制度广泛存在，牢营中大量人员被剥夺自由，生活条件恶劣，包括强迫劳动和遭受令人震惊的侵犯人权行为；</p>
        </content>
      </paragraph>
      <paragraph eId="para_35" class="MercuryDocument">
        <content eId="para_35__content">
          <p xml:space="preserve">	㈢	通过逮捕、拘留或绑架违反个人意愿的强迫或非自愿失踪、拒绝披露有关人员的命运和下落以及拒绝承认剥夺他们的自由，结果将这些人置于法律保护之外，对他们及其家人造成严重痛苦；</p>
        </content>
      </paragraph>
      <paragraph eId="para_36" class="MercuryDocument">
        <content eId="para_36__content">
          <p xml:space="preserve">	㈣	强行迁移人口，并对每一个希望在国内自由流动和出国旅行的人施加限制，包括处罚未经许可离境或试图离境的人或其家属和处罚被送回者；</p>
        </content>
      </paragraph>
      <paragraph eId="para_37" class="MercuryDocument">
        <content eId="para_37__content">
          <p xml:space="preserve">	㈤	被逐回或送回朝鲜民主主义人民共和国的难民和寻求庇护者的处境以及被遣返回国的朝鲜民主主义人民共和国公民所遭受的报复导致他们遭受各种惩罚，包括拘留、酷刑、其他残忍、不人道或有辱人格待遇、性暴力或死刑，在这方面强烈敦促所有国家尊重不驱回的基本原则，给予寻求避难者人道待遇，并确保他们无阻碍地接触联合国难民事务高级专员及其公署，以期保护寻求避难者的人权，再次敦促各缔约国履行根据1951年《难民地位公约》<authorialNote marker="16" placement="bottom" eId="authorialNote_16"><p xml:space="preserve">		联合国，《条约汇编》，第189卷，第2545号。</p></authorialNote> 及其1967年《议定书》<authorialNote marker="17" placement="bottom" eId="authorialNote_17"><p xml:space="preserve">		同上，第606卷，第8791号。</p></authorialNote> 承担的与这些文书所涵盖的朝鲜民主主义人民共和国难民有关的义务；</p>
        </content>
      </paragraph>
      <paragraph eId="para_38" class="MercuryDocument">
        <content eId="para_38__content">
          <p xml:space="preserve">	㈥	通过对行使意见和表达自由、宗教或信仰自由的个人及其家属实施非法和任意监视、迫害、酷刑、监禁和在一些情况中实行的即决处决等手段，在线上和线下无处不在地严厉限制思想、良知、宗教或信仰、意见和言论、和平集会及结社自由、隐私权和平等获取信息的机会，以及包括妇女在内的每个人直接或通过自由选出的代表参与本国公共事务的权利；</p>
        </content>
      </paragraph>
      <paragraph eId="para_39" class="MercuryDocument">
        <content eId="para_39__content">
          <p xml:space="preserve">	㈦	侵犯经济、社会和文化权利的行为，导致朝鲜民主主义人民共和国民众，特别是妇女、儿童、残疾人、老人和政治犯遭受粮食无保障、严重饥饿、营养不良、普遍健康问题和其他困苦；</p>
        </content>
      </paragraph>
      <paragraph eId="para_40" class="MercuryDocument">
        <content eId="para_40__content">
          <p xml:space="preserve">	㈧	侵犯妇女和女童人权和基本自由的行为，特别是制造内部条件逼迫妇女和女童离开本国，使其极易成为以卖淫、家奴或强迫婚姻为目的的人口贩运对象，并使妇女和女童在政治和经济等领域遭受性别歧视、强迫堕胎以及其他形式的性暴力和性别暴力；</p>
        </content>
      </paragraph>
      <paragraph eId="para_41" class="MercuryDocument">
        <content eId="para_41__content">
          <p xml:space="preserve">	㈨	侵犯儿童的人权和基本自由，特别是许多儿童一直无法获得基本的经济、社会和文化权利，在这方面注意到回返或遣返儿童、流落街头儿童、残疾儿童、父母被拘儿童、生活在拘留所或监禁设施内的儿童以及触犯法律的儿童等尤其易受伤害的处境；</p>
        </content>
      </paragraph>
      <paragraph eId="para_42" class="MercuryDocument">
        <content eId="para_42__content">
          <p xml:space="preserve">	㈩	侵犯残疾人的人权和基本自由，特别是在实施侵犯行为时使用集中营和采取强制措施，剥夺残疾人自由而负责任地决定子女人数和生育间隔的权利，而且有指控称残疾人可能被用于从事医学试验，被强制迁往农村地区，以及残疾儿童与父母分离；</p>
        </content>
      </paragraph>
      <paragraph eId="para_43" class="MercuryDocument">
        <content eId="para_43__content">
          <p xml:space="preserve">	(十一)	侵犯劳动者权利，包括没有按照朝鲜民主主义人民共和国根据《经济、社会及文化权利国际公约》<sup>5</sup> 所承担的义务，尊重自由结社权并切实承认集体谈判权和罢工权，也没有按照朝鲜民主主义人民共和国根据《儿童权利公约》<sup>6</sup> 所承担的义务，禁止对儿童进行经济剥削以及不让儿童从事任何有害或危险的工作，并且剥削被朝鲜民主主义人民共和国派往国外工作的工人，据报告他们的工作条件相当于强迫劳动，回顾安全理事会第<a href="https://undocs.org/ch/S/RES/2371(2017)">2371(2017)</a>号决议第11段和第<a href="https://undocs.org/ch/S/RES/2375(2017)">2375(2017)</a>号决议第17段，其中安理会决定会员国在本国管辖范围内不得向朝鲜民主主义人民共和国国民发放工作许可，又回顾安理会第<a href="https://undocs.org/ch/S/RES/2397(2017)">2397(2017)</a>号决议第8段，其中安理会决定会员国应立即，但不迟于自2017年12月22日起24个月时，遣返所有在该会员国管辖范围赚取收入的朝鲜国民和所有监视朝鲜海外工人的朝鲜政府安全监督专员，除非会员国认定一朝鲜国民是该会员国国民或是禁止遣返的朝鲜国民，但须符合适用的国内法和国际法，包括国际难民法和国际人权法、《联合国和美利坚合众国关于联合国总部的协定》<authorialNote marker="18" placement="bottom" eId="authorialNote_18"><p xml:space="preserve">		见第<a href="https://undocs.org/ch/A/RES/169 (II)">169 (II)</a>号决议。</p></authorialNote> 和《联合国特权和豁免公约》，<authorialNote marker="19" placement="bottom" eId="authorialNote_19"><p xml:space="preserve">		第22 A(I)号决议。</p></authorialNote> 并敦促朝鲜民主主义人民共和国促进、尊重和保护工人的人权，包括被遣返回朝鲜民主主义人民共和国的工人的人权； </p>
        </content>
      </paragraph>
      <paragraph eId="para_44" class="MercuryDocument">
        <content eId="para_44__content">
          <p xml:space="preserve">	(十二)	基于出生成分制度的歧视，该制度按国家指定的社会等级和出生进行人员分类，而且也包括政治意见和宗教方面的考虑；</p>
        </content>
      </paragraph>
      <paragraph eId="para_45" class="MercuryDocument">
        <content eId="para_45__content">
          <p xml:space="preserve">	(十三)	暴力侵害和歧视妇女，包括就业机会不平等、实行歧视性法律和条例；</p>
        </content>
      </paragraph>
      <paragraph eId="para_46" class="MercuryDocument">
        <content eId="para_46__content">
          <p xml:space="preserve">	(b)	朝鲜民主主义人民共和国政府继续拒绝向人权理事会朝鲜民主主义人民共和国人权状况特别报告员发出邀请，拒绝按照特别报告员和联合国其他一些特别程序的职权范围与其进行合作，还拒绝与联合国其他人权机制合作；</p>
        </content>
      </paragraph>
      <paragraph eId="para_47" class="MercuryDocument">
        <content eId="para_47__content">
          <p xml:space="preserve">	(c)	朝鲜民主主义人民共和国政府继续不承认该国的严重人权状况，故而不采取行动报告其第一次<authorialNote marker="20" placement="bottom" eId="authorialNote_20"><p xml:space="preserve"><a href="https://undocs.org/ch/A/HRC/13/13">A/HRC/13/13</a>。</p></authorialNote> 和第二次<authorialNote marker="21" placement="bottom" eId="authorialNote_21"><p xml:space="preserve"><a href="https://undocs.org/ch/A/HRC/27/10">A/HRC/27/10</a>。</p></authorialNote> 普遍定期审议结果中载列的建议执行情况，也不对各条约机构的结论意见加以考虑；</p>
        </content>
      </paragraph>
      <paragraph eId="para_48" class="MercuryDocument">
        <num>	3.</num>
        <content eId="para_48__content">
          <p xml:space="preserve">
            <span class="bold">谴责</span>作为国家政策实施大规模有系统绑架、拒绝遣返以及随后强迫人员失踪，包括强迫他国人员失踪的做法，在这方面，强烈促请朝鲜民主主义人民共和国政府以透明的方式，紧急解决这些国际关切的问题，包括确保立即送回被绑架者；</p>
        </content>
      </paragraph>
      <paragraph eId="para_49" class="MercuryDocument">
        <num>	4.</num>
        <content eId="para_49__content">
          <p xml:space="preserve">
            <span class="bold">特别指出，</span>极其严重关切关于朝鲜民主主义人民共和国在其领土内外对其他国家公民实施酷刑、即决处决、任意拘留、绑架和其他形式的侵犯和践踏人权行为的报告；</p>
        </content>
      </paragraph>
      <paragraph eId="para_50" class="MercuryDocument">
        <num>	5.</num>
        <content eId="para_50__content">
          <p xml:space="preserve">
            <span class="bold">表示极其深切关注</span>该国危险的人道主义状况，此种状况有可能会迅速恶化，原因是抵御自然灾害的能力有限，政府所实行的政策导致在供应和获取适足粮食方面存在种种限制，此外农业生产方面存在的结构性缺陷也造成多种不同食品严重短缺，而且国家限制粮食种植和食品交易，民众特别是最脆弱群体、孕妇、哺乳妇女、儿童、残疾人、老年人和囚犯包括政治犯当中普遍存在长期和急性营养不良，由于无法获得基本服务，包括保健以及水、环境卫生和个人卫生服务，上述情况更为严重，在这方面，敦促朝鲜民主主义人民共和国政府采取预防和补救行动，同时依照国际标准与国际捐助机构和人道主义机构合作，扶助弱势群体民众，推动执行各项方案和监测人道主义援助；</p>
        </content>
      </paragraph>
      <paragraph eId="para_51" class="MercuryDocument">
        <num>	6.</num>
        <content eId="para_51__content">
          <p xml:space="preserve">
            <span class="bold">欢迎</span>朝鲜民主主义人民共和国人权状况特别报告员向人权理事会提交的最新报告；<authorialNote marker="22" placement="bottom" eId="authorialNote_22"><p xml:space="preserve"><sup></sup><a href="https://undocs.org/ch/A/HRC/40/66">A/HRC/40/66</a>。</p></authorialNote></p>
        </content>
      </paragraph>
      <paragraph eId="para_52" class="MercuryDocument">
        <num>	7.</num>
        <content eId="para_52__content">
          <p xml:space="preserve">
            <span class="bold">再次感谢</span>人权理事会第<a href="https://undocs.org/ch/A/HRC/RES/31/18">31/18</a>号决议所设朝鲜民主主义人民共和国境内侵犯人权行为追责问题独立专家组的报告，<authorialNote marker="23" placement="bottom" eId="authorialNote_23"><p xml:space="preserve"><a href="https://undocs.org/ch/A/HRC/34/66/Add.1">A/HRC/34/66/Add.1</a>。</p></authorialNote> 包括追究责任和为所有受害者寻求真相和正义的备选办法；</p>
        </content>
      </paragraph>
      <paragraph eId="para_53" class="MercuryDocument">
        <num>	8.</num>
        <content eId="para_53__content">
          <p xml:space="preserve">
            <span class="bold">欢迎</span>联合国人权事务高级专员的报告，<authorialNote marker="24" placement="bottom" eId="authorialNote_24"><p xml:space="preserve"><a href="https://undocs.org/ch/A/HRC/40/36">A/HRC/40/36</a>。</p></authorialNote> 其中涉及根据人权理事会2017年3月24日第<a href="https://undocs.org/ch/A/HRC/RES/34/24">34/24</a>号决议<authorialNote marker="25" placement="bottom" eId="authorialNote_25"><p xml:space="preserve">		见《大会正式记录，第七十二届会议，补编第53号》(<a href="https://undocs.org/ch/A/72/53">A/72/53</a>)，第四章，A节。</p></authorialNote> 采取步骤，加强联合国人权事务高级专员办事处包括驻首尔实地机构的能力，以执行追责问题独立专家组提出的有关建议，从而加强目前的监测和记录工作，建立中央信息和证据库，协助追究法律责任问题专家评估所有信息和证词，以制定在未来追究责任过程中可能使用的战略；</p>
        </content>
      </paragraph>
      <paragraph eId="para_54" class="MercuryDocument">
        <num>	9.</num>
        <content eId="para_54__content">
          <p xml:space="preserve">
            <span class="bold">又欢迎</span>根据人权理事会第<a href="https://undocs.org/ch/A/HRC/RES/40/20">40/20</a>号决议采取步骤，继续作出上述努力，表示坚决支持高级专员办事处当前为推进该决议而开展的工作，目的是确保对朝鲜民主主义人民共和国境内和由朝鲜民主主义人民共和国犯下的涉嫌违反国际法行为追究责任，促请所有国家支持这种努力；</p>
        </content>
      </paragraph>
      <paragraph eId="para_55" class="MercuryDocument">
        <num>	10.</num>
        <content eId="para_55__content">
          <p xml:space="preserve">
            <span class="bold">再次赞赏</span>调查委员会的工作并确认其报告的持续重要性，对调查委员会没有得到朝鲜民主主义人民共和国当局的合作，包括入境准入方面的合作感到遗憾；</p>
        </content>
      </paragraph>
      <paragraph eId="para_56" class="MercuryDocument">
        <num>	11.</num>
        <content eId="para_56__content">
          <p xml:space="preserve">
            <span class="bold">承认</span>调查委员会的调查结果，即根据收集到的证词和资料以及几十年来由国家最高层以及该国领导人有效控制的机构制定的政策，有合理理由认定朝鲜民主主义人民共和国境内犯有危害人类罪行，联合国人权事务高级专员根据第<a href="https://undocs.org/ch/A/HRC/RES/34/24">34/24</a>号决议向人权理事会提交的报告也证实了这一点；</p>
        </content>
      </paragraph>
      <paragraph eId="para_57" class="MercuryDocument">
        <num>	12.</num>
        <content eId="para_57__content">
          <p xml:space="preserve">
            <span class="bold">表示关切</span>朝鲜民主主义人民共和国当局没有起诉侵犯人权行为包括调查委员会表示可能构成危害人类罪的侵犯行为的责任人，鼓励国际社会配合开展追责努力并确保此类罪行不会继续逃脱处罚；</p>
        </content>
      </paragraph>
      <paragraph eId="para_58" class="MercuryDocument">
        <num>	13.</num>
        <content eId="para_58__content">
          <p xml:space="preserve">
            <span class="bold">鼓励</span>安全理事会继续审议调查委员会的相关结论和建议，采取适当行动确保追究责任，包括为此考虑将朝鲜民主主义人民共和国局势移交国际刑事法院，以及考虑进一步制定制裁措施，以便对委员会表示可能构成危害人类罪的侵犯人权行为的明显头号负责者有效实施定向制裁；</p>
        </content>
      </paragraph>
      <paragraph eId="para_59" class="MercuryDocument">
        <num>	14.</num>
        <content eId="para_59__content">
          <p xml:space="preserve">
            <span class="bold">又鼓励</span>安全理事会考虑到本决议中表示的严重关切，继续讨论朝鲜民主主义人民共和国局势，包括该国的人权状况，并期待安理会持续更积极地参与处理此事；</p>
        </content>
      </paragraph>
      <paragraph eId="para_60" class="MercuryDocument">
        <num>	15.</num>
        <content eId="para_60__content">
          <p xml:space="preserve">
            <span class="bold">鼓励</span>联合国人权事务高级专员办事处在首尔的实地机构继续努力，努力建立与涉嫌违反国际法行为有关的信息和证据中央储存库，并评估所有这些证据和信息，以便制定可用于今后任何追责程序的战略，并欢迎它定期向人权理事会提交报告；</p>
        </content>
      </paragraph>
      <paragraph eId="para_61" class="MercuryDocument">
        <num>	16.</num>
        <content eId="para_61__content">
          <p xml:space="preserve">
            <span class="bold">促请</span>会员国致力于确保高级专员办事处实地机构能够独立运作，拥有足够的资源和支持供其履行任务，获得相关会员国的充分合作，而且不遭受任何报复或威胁；</p>
        </content>
      </paragraph>
      <paragraph eId="para_62" class="MercuryDocument">
        <num>	17.</num>
        <content eId="para_62__content">
          <p xml:space="preserve">
            <span class="bold">强烈敦促</span>朝鲜民主主义人民共和国政府充分尊重一切人权和基本自由，并在这方面：</p>
        </content>
      </paragraph>
      <paragraph eId="para_63" class="MercuryDocument">
        <content eId="para_63__content">
          <p xml:space="preserve">	(a)	立即停止上文强调指出的有系统、广泛和严重侵犯人权的行为，除其他外全面执行上文所述大会、人权委员会和人权理事会决议规定的措施、人权理事会在普遍定期审议期间向朝鲜民主主义人民共和国提出的建议以及调查委员会、联合国特别程序和条约机构向该国提出的建议；</p>
        </content>
      </paragraph>
      <paragraph eId="para_64" class="MercuryDocument">
        <content eId="para_64__content">
          <p xml:space="preserve">	(b)	立即关闭政治犯牢营并无条件立即释放所有政治犯；</p>
        </content>
      </paragraph>
      <paragraph eId="para_65" class="MercuryDocument">
        <content eId="para_65__content">
          <p xml:space="preserve">	(c)	保护本国居民，处理有罪不罚问题，并确保将涉及侵犯人权行为的犯罪责任人交付独立司法机构审判；</p>
        </content>
      </paragraph>
      <paragraph eId="para_66" class="MercuryDocument">
        <content eId="para_66__content">
          <p xml:space="preserve">	(d)	消除移民和难民外流的根源，起诉参与偷运移民、贩运人口和敲诈的人，同时不得把贩运行为受害人视为罪犯论处；</p>
        </content>
      </paragraph>
      <paragraph eId="para_67" class="MercuryDocument">
        <content eId="para_67__content">
          <p xml:space="preserve">	(e)	确保朝鲜民主主义人民共和国领土内的每个人都享有行动自由的权利，可为到朝鲜民主主义人民共和国境外寻求庇护以及其他目的、在不受朝鲜民主主义人民共和国当局干涉的情况下自由离开该国；</p>
        </content>
      </paragraph>
      <paragraph eId="para_68" class="MercuryDocument">
        <content eId="para_68__content">
          <p xml:space="preserve">	(f)	确保被逐回或送回朝鲜民主主义人民共和国的朝鲜民主主义人民共和国公民能够安全和有尊严地返回，受到人道对待，不受任何形式处罚，并且提供关于其现况和待遇的信息；</p>
        </content>
      </paragraph>
      <paragraph eId="para_69" class="MercuryDocument">
        <content eId="para_69__content">
          <p xml:space="preserve">	(g)	向在该国境内被拘留的非朝鲜民主主义人民共和国公民提供保护，包括根据朝鲜民主主义人民共和国加入的《维也纳领事关系公约》<authorialNote marker="26" placement="bottom" eId="authorialNote_26"><p xml:space="preserve">		联合国，《条约汇编》，第596卷，第8638号。</p></authorialNote> 与领事官员联络和接触的自由，并提供任何其他必要安排来确认他们的状况和与家人联络；</p>
        </content>
      </paragraph>
      <paragraph eId="para_70" class="MercuryDocument">
        <content eId="para_70__content">
          <p xml:space="preserve">	(h)	与特别报告员充分合作，包括允许其完全自由无阻地进入朝鲜民主主义人民共和国，并与人权理事会其他特别程序和联合国其他人权机制充分合作，以便对人权状况进行充分的需求评估；</p>
        </content>
      </paragraph>
      <paragraph eId="para_71" class="MercuryDocument">
        <content eId="para_71__content">
          <p xml:space="preserve">	(i)	与联合国人权事务高级专员及其办事处包括在该区域的外地机构一起，参与高级专员办事处近年来在人权领域开展的技术合作活动，以改善该国的人权状况；</p>
        </content>
      </paragraph>
      <paragraph eId="para_72" class="MercuryDocument">
        <content eId="para_72__content">
          <p xml:space="preserve">	(j)	执行普遍定期审议期间提出的已获接受的建议，并积极考虑第三轮审议提出的尚在审议的建议，提交中期自愿报告，详细说明第三轮审议提出的已获接受的建议的执行进展；</p>
        </content>
      </paragraph>
      <paragraph eId="para_73" class="MercuryDocument">
        <content eId="para_73__content">
          <p xml:space="preserve">	(k)	加入国际劳工组织，为遵守国际劳工标准颁布立法和采取做法，并考虑批准所有相关公约，特别是国际劳工组织各项核心劳工公约；</p>
        </content>
      </paragraph>
      <paragraph eId="para_74" class="MercuryDocument">
        <content eId="para_74__content">
          <p xml:space="preserve">	(l)	继续开展和加强与联合国各人道主义机构的合作；</p>
        </content>
      </paragraph>
      <paragraph eId="para_75" class="MercuryDocument">
        <content eId="para_75__content">
          <p xml:space="preserve">	(m)	确保处境脆弱者能够全面、安全和畅通无阻地获得人道主义援助，并采取措施允许人道主义机构调查弱势群体成员的需要，获得关键基线数据，并能够按照人道主义原则和承诺，视需要向该国所有地区畅通无阻地公平运送此种援助物资，进一步确保人民获取适足粮食并实行更有效的粮食安全与营养政策，包括推广可持续农业，健全粮食生产与分配措施，增拨资金给粮食部门，以及对人道主义援助进行适当监测；</p>
        </content>
      </paragraph>
      <paragraph eId="para_76" class="MercuryDocument">
        <content eId="para_76__content">
          <p xml:space="preserve">	(n)	进一步改善与联合国国家工作队成员和发展机构的合作，使它们能够直接促进改善平民的生活条件，包括在实现可持续发展目标<sup>12 </sup>方面取得进展；</p>
        </content>
      </paragraph>
      <paragraph eId="para_77" class="MercuryDocument">
        <content eId="para_77__content">
          <p xml:space="preserve">	(o)	考虑批准和加入其余国际人权条约，从而能够与各人权条约机构进行对话，重新向它已加入的条约的监测机构提交报告，切实参与条约机构的审议，并对这些机构的结论意见加以考虑，以改善该国的人权状况；</p>
        </content>
      </paragraph>
      <paragraph eId="para_78" class="MercuryDocument">
        <num>	18.</num>
        <content eId="para_78__content">
          <p xml:space="preserve">
            <span class="bold">敦促</span>朝鲜民主主义人民共和国政府毫不拖延地执行调查委员会、独立专家组和联合国人权事务高级专员办事处的建议；</p>
        </content>
      </paragraph>
      <paragraph eId="para_79" class="MercuryDocument">
        <num>	19.</num>
        <content eId="para_79__content">
          <p xml:space="preserve">
            <span class="bold">重申</span>必须通过持续沟通、宣传和外联等举措，继续将朝鲜民主主义人民共和国的严重人权状况置于国际议程的重要位置，并请联合国人权事务高级专员办事处加强这些活动；</p>
        </content>
      </paragraph>
      <paragraph eId="para_80" class="MercuryDocument">
        <num>	20.</num>
        <content eId="para_80__content">
          <p xml:space="preserve">
            <span class="bold">鼓励</span>所有会员国、大会、人权理事会、高级专员办事处、联合国秘书处、相关专门机构、区域政府间组织与论坛、民间社会组织、基金会有接触的工商企业，以及直接收到调查委员会建议的其他利益攸关方，执行或促成落实这些建议；</p>
        </content>
      </paragraph>
      <paragraph eId="para_81" class="MercuryDocument">
        <num>	21.</num>
        <content eId="para_81__content">
          <p xml:space="preserve">
            <span class="bold">鼓励</span>联合国全系统继续以协调而统一的方式处理朝鲜民主主义人民共和国的严重人权状况；</p>
        </content>
      </paragraph>
      <paragraph eId="para_82" class="MercuryDocument">
        <num>	22.</num>
        <content eId="para_82__content">
          <p xml:space="preserve">
            <span class="bold">鼓励</span>联合国相关方案、基金、专门机构和其他有关组织协助朝鲜民主主义人民共和国政府执行普遍定期审议、人权条约机构审议和调查委员会的报告提出的建议；</p>
        </content>
      </paragraph>
      <paragraph eId="para_83" class="MercuryDocument">
        <num>	23.</num>
        <content eId="para_83__content">
          <p xml:space="preserve">
            <span class="bold">促请</span>朝鲜民主主义人民共和国优先与国际对话方进行建设性接触，包括开展人权对话、对该国进行正式访问(包括适当提供准入便利)以充分评估人权状况、合作举措和更多的人际接触，以推动实地人权状况取得具体改善；</p>
        </content>
      </paragraph>
      <paragraph eId="para_84" class="SingleTxt">
        <num>	24.</num>
        <content eId="para_84__content">
          <p xml:space="preserve">
            <span class="bold">决定</span>在大会第七十五届会议期间继续审议朝鲜民主主义人民共和国的人权状况，为此请秘书长就朝鲜民主主义人民共和国的人权状况提出综合报告，并请特别报告员继续报告其调查结果和建议，并报告执行调查委员会各项建议的后续行动。</p>
        </content>
      </paragraph>
    </mainBody>
    <conclusions eId="conclusions">
      <p>
        <inline name="adoptionMeeting" title="第50次">第50次全体会议</inline>
        <eol />
        <docDate date="2019-12-18" refersTo="#adoptionDate">2019年12月18日</docDate>
      </p>
    </conclusions>
  </statement>
</akomaNtoso>