<akomaNtoso xmlns:xsi="http://www.w3.org/2001/XMLSchema-instance" xsi:schemaLocation="http://docs.oasis-open.org/legaldocml/ns/akn/3.0 http://docs.oasis-open.org/legaldocml/akn-core/v1.0/os/part2-specs/schemas/akomantoso30.xsd" xmlns="http://docs.oasis-open.org/legaldocml/ns/akn/3.0" xmlns:html="http://www.w3.org/1999/xhtml" xmlns:akn4un="http://un.org/akn4un">
  <statement name="resolution">
    <meta>
      <identification source="#DGACM">
        <FRBRWork>
          <FRBRthis value="/akn/un/statement/deliberation/unga/2019-12-09/74-17/!main/"></FRBRthis>
          <FRBRuri value="/akn/un/statement/deliberation/unga/2019-12-09/74-17/"></FRBRuri>
          <FRBRdate date="2019-12-09" name="adoption"></FRBRdate>
          <FRBRauthor href="ga" as="author"></FRBRauthor>
          <FRBRcountry value="un"></FRBRcountry>
        </FRBRWork>
        <FRBRExpression>
          <FRBRthis value="/akn/un/statement/deliberation/unga/2019-12-09/74-17/zho@!main/"></FRBRthis>
          <FRBRuri value="/akn/un/statement/deliberation/unga/2019-12-09/74-17/zho@/"></FRBRuri>
          <FRBRdate date="2019-12-13" name="publication"></FRBRdate>
          <FRBRauthor href="ga" as="issuer"></FRBRauthor>
          <FRBRlanguage language="zho"></FRBRlanguage>
        </FRBRExpression>
        <FRBRManifestation>
          <FRBRthis value="/akn/un/statement/deliberation/unga/2019-12-09/74-17/zho@/!main.xml"></FRBRthis>
          <FRBRuri value="/akn/un/statement/deliberation/unga/2019-12-09/74-17/zho@.xml"></FRBRuri>
          <FRBRdate date="2020-08-29" name="markup"></FRBRdate>
          <FRBRauthor href="DGACM" as="editor"></FRBRauthor>
        </FRBRManifestation>
      </identification>
      <classification source="http://metadata.un.org/sdg">
        <keyword value="3" href="http://metadata.un.org/sdg/3" showAs="sdg_3" dictionary="SDGO"></keyword>
        <keyword value="public_health" href="http://eurovoc.europa.eu/3885" showAs="public_health" dictionary="EuroVoc"></keyword>
        <keyword value="health" href="http://metadata.un.org/thesaurus/1002824" showAs="health" dictionary="UNBIS Thesaurus"></keyword>
      </classification>
      <classification source="http://metadata.un.org/sdg">
        <keyword value="4" href="http://metadata.un.org/sdg/4" showAs="sdg_4" dictionary="SDGO"></keyword>
        <keyword value="education" href="http://eurovoc.europa.eu/668" showAs="education" dictionary="EuroVoc"></keyword>
        <keyword value="right_to_education" href="http://eurovoc.europa.eu/512" showAs="right_to_education" dictionary="EuroVoc"></keyword>
        <keyword value="education" href="http://metadata.un.org/thesaurus/1001893" showAs="education" dictionary="UNBIS Thesaurus"></keyword>
      </classification>
      <classification source="http://metadata.un.org/sdg">
        <keyword value="16" href="http://metadata.un.org/sdg/16" showAs="sdg_16" dictionary="SDGO"></keyword>
        <keyword value="right_to_justice" href="http://eurovoc.europa.eu/516" showAs="right_to_justice" dictionary="EuroVoc"></keyword>
        <keyword value="sustainable_development" href="http://eurovoc.europa.eu/5585" showAs="sustainable_development" dictionary="EuroVoc"></keyword>
        <keyword value="civil_society" href="http://metadata.un.org/thesaurus/1001012" showAs="civil_society" dictionary="UNBIS Thesaurus"></keyword>
        <keyword value="justice" href="http://metadata.un.org/thesaurus/1003500" showAs="justice" dictionary="UNBIS Thesaurus"></keyword>
        <keyword value="peaceful_coexistence" href="http://metadata.un.org/thesaurus/1004777" showAs="peaceful_coexistence" dictionary="UNBIS Thesaurus"></keyword>
        <keyword value="public_institutions" href="http://metadata.un.org/thesaurus/1005254" showAs="public_institutions" dictionary="UNBIS Thesaurus"></keyword>
        <keyword value="social_justice" href="http://metadata.un.org/thesaurus/1005970" showAs="social_justice" dictionary="UNBIS Thesaurus"></keyword>
        <keyword value="sustainable_development" href="http://metadata.un.org/thesaurus/1006319" showAs="sustainable_development" dictionary="UNBIS Thesaurus"></keyword>
      </classification>
      <classification source="http://metadata.un.org/sdg">
        <keyword value="17" href="http://metadata.un.org/sdg/17" showAs="sdg_17" dictionary="SDGO"></keyword>
        <keyword value="sustainable_development" href="http://eurovoc.europa.eu/5585" showAs="sustainable_development" dictionary="EuroVoc"></keyword>
        <keyword value="partnership" href="http://eurovoc.europa.eu/4199" showAs="partnership" dictionary="EuroVoc"></keyword>
        <keyword value="sustainable_development" href="http://metadata.un.org/thesaurus/1006319" showAs="sustainable_development" dictionary="UNBIS Thesaurus"></keyword>
        <keyword value="partnership" href="http://metadata.un.org/thesaurus/1004748" showAs="partnership" dictionary="UNBIS Thesaurus"></keyword>
      </classification>
      <workflow source="#un">
        <step date="2019-12-02" outcome="draftResolution" as="A/74/L.12/Rev.1" by="Albania, Australia, Austria, Belgium, Bulgaria, Canada, Croatia, Czechia, Denmark, Estonia, Finland, France, Georgia, Germany, Greece, Hungary, Iceland, Ireland, Italy, Latvia, Lithuania, Luxembourg, Malta, Montenegro, Netherlands, North Macedonia, Norway, Poland, Portugal, Republic of  Moldova, Romania, Slovakia, Slovenia, Spain, Sweden, Turkey, Ukraine, United Kingdom of Great Britain and Northern Ireland and United States of America" />
        <step date="0001-01-01" outcome="draftResolutionAdditionalSponsors" by="Liechtenstein, Marshall Islands and New Zealand" />
        <step date="0001-01-01" outcome="recommendedForAdoption" by="" />
        <step date="2019-12-09" outcome="adopted" as="A/74/PV.41" by="" />
      </workflow>
      <analysis source="#un">
        <parliamentary>
          <voting outcome="adoptedRecordedVote">
            <count value="63" refersTo="inFavour">
              <akn4un:voters>
                <organization refersTo="memberState">ALBANIA</organization>
                <organization refersTo="memberState">ANDORRA</organization>
                <organization refersTo="memberState">AUSTRALIA</organization>
                <organization refersTo="memberState">AUSTRIA</organization>
                <organization refersTo="memberState">BAHAMAS</organization>
                <organization refersTo="memberState">BARBADOS</organization>
                <organization refersTo="memberState">BELGIUM</organization>
                <organization refersTo="memberState">BELIZE</organization>
                <organization refersTo="memberState">BULGARIA</organization>
                <organization refersTo="memberState">CANADA</organization>
                <organization refersTo="memberState">CROATIA</organization>
                <organization refersTo="memberState">CYPRUS</organization>
                <organization refersTo="memberState">CZECHIA</organization>
                <organization refersTo="memberState">DENMARK</organization>
                <organization refersTo="memberState">DJIBOUTI</organization>
                <organization refersTo="memberState">EL SALVADOR</organization>
                <organization refersTo="memberState">ESTONIA</organization>
                <organization refersTo="memberState">FINLAND</organization>
                <organization refersTo="memberState">FRANCE</organization>
                <organization refersTo="memberState">GEORGIA</organization>
                <organization refersTo="memberState">GERMANY</organization>
                <organization refersTo="memberState">GREECE</organization>
                <organization refersTo="memberState">GUATEMALA</organization>
                <organization refersTo="memberState">GUYANA</organization>
                <organization refersTo="memberState">HAITI</organization>
                <organization refersTo="memberState">HONDURAS</organization>
                <organization refersTo="memberState">HUNGARY</organization>
                <organization refersTo="memberState">ICELAND</organization>
                <organization refersTo="memberState">IRELAND</organization>
                <organization refersTo="memberState">ISRAEL</organization>
                <organization refersTo="memberState">ITALY</organization>
                <organization refersTo="memberState">JAPAN</organization>
                <organization refersTo="memberState">LATVIA</organization>
                <organization refersTo="memberState">LIECHTENSTEIN</organization>
                <organization refersTo="memberState">LITHUANIA</organization>
                <organization refersTo="memberState">LUXEMBOURG</organization>
                <organization refersTo="memberState">MALTA</organization>
                <organization refersTo="memberState">MARSHALL ISLANDS</organization>
                <organization refersTo="memberState">MICRONESIA (FEDERATED STATES OF)</organization>
                <organization refersTo="memberState">MONACO</organization>
                <organization refersTo="memberState">MONTENEGRO</organization>
                <organization refersTo="memberState">NETHERLANDS</organization>
                <organization refersTo="memberState">NEW ZEALAND</organization>
                <organization refersTo="memberState">NORTH MACEDONIA</organization>
                <organization refersTo="memberState">NORWAY</organization>
                <organization refersTo="memberState">PAPUA NEW GUINEA</organization>
                <organization refersTo="memberState">POLAND</organization>
                <organization refersTo="memberState">PORTUGAL</organization>
                <organization refersTo="memberState">REPUBLIC OF MOLDOVA</organization>
                <organization refersTo="memberState">ROMANIA</organization>
                <organization refersTo="memberState">SAN MARINO</organization>
                <organization refersTo="memberState">SINGAPORE</organization>
                <organization refersTo="memberState">SLOVAKIA</organization>
                <organization refersTo="memberState">SLOVENIA</organization>
                <organization refersTo="memberState">SPAIN</organization>
                <organization refersTo="memberState">SWEDEN</organization>
                <organization refersTo="memberState">SWITZERLAND</organization>
                <organization refersTo="memberState">TURKEY</organization>
                <organization refersTo="memberState">UKRAINE</organization>
                <organization refersTo="memberState">UNITED KINGDOM</organization>
                <organization refersTo="memberState">UNITED STATES</organization>
                <organization refersTo="memberState">VANUATU</organization>
                <organization refersTo="memberState">ZAMBIA</organization>
              </akn4un:voters>
            </count>
            <count value="19" refersTo="against">
              <akn4un:voters>
                <organization refersTo="memberState">ARMENIA</organization>
                <organization refersTo="memberState">BELARUS</organization>
                <organization refersTo="memberState">BURUNDI</organization>
                <organization refersTo="memberState">CAMBODIA</organization>
                <organization refersTo="memberState">CHINA</organization>
                <organization refersTo="memberState">CUBA</organization>
                <organization refersTo="memberState">DEMOCRATIC PEOPLE'S REPUBLIC OF KOREA</organization>
                <organization refersTo="memberState">IRAN (ISLAMIC REPUBLIC OF)</organization>
                <organization refersTo="memberState">KYRGYZSTAN</organization>
                <organization refersTo="memberState">LAO PEOPLE'S DEMOCRATIC REPUBLIC</organization>
                <organization refersTo="memberState">MYANMAR</organization>
                <organization refersTo="memberState">NICARAGUA</organization>
                <organization refersTo="memberState">PHILIPPINES</organization>
                <organization refersTo="memberState">RUSSIAN FEDERATION</organization>
                <organization refersTo="memberState">SERBIA</organization>
                <organization refersTo="memberState">SUDAN</organization>
                <organization refersTo="memberState">SYRIAN ARAB REPUBLIC</organization>
                <organization refersTo="memberState">VENEZUELA (BOLIVARIAN REPUBLIC OF)</organization>
                <organization refersTo="memberState">ZIMBABWE</organization>
              </akn4un:voters>
            </count>
            <count value="66" refersTo="abstaining">
              <akn4un:voters>
                <organization refersTo="memberState">ALGERIA</organization>
                <organization refersTo="memberState">ANGOLA</organization>
                <organization refersTo="memberState">ARGENTINA</organization>
                <organization refersTo="memberState">BAHRAIN</organization>
                <organization refersTo="memberState">BANGLADESH</organization>
                <organization refersTo="memberState">BHUTAN</organization>
                <organization refersTo="memberState">BOLIVIA (PLURINATIONAL STATE OF)</organization>
                <organization refersTo="memberState">BOSNIA AND HERZEGOVINA</organization>
                <organization refersTo="memberState">BRAZIL</organization>
                <organization refersTo="memberState">BRUNEI DARUSSALAM</organization>
                <organization refersTo="memberState">CAMEROON</organization>
                <organization refersTo="memberState">CENTRAL AFRICAN REPUBLIC</organization>
                <organization refersTo="memberState">CHAD</organization>
                <organization refersTo="memberState">CHILE</organization>
                <organization refersTo="memberState">COLOMBIA</organization>
                <organization refersTo="memberState">COTE D'IVOIRE</organization>
                <organization refersTo="memberState">DOMINICAN REPUBLIC</organization>
                <organization refersTo="memberState">ECUADOR</organization>
                <organization refersTo="memberState">EGYPT</organization>
                <organization refersTo="memberState">ERITREA</organization>
                <organization refersTo="memberState">ETHIOPIA</organization>
                <organization refersTo="memberState">FIJI</organization>
                <organization refersTo="memberState">GHANA</organization>
                <organization refersTo="memberState">GRENADA</organization>
                <organization refersTo="memberState">INDIA</organization>
                <organization refersTo="memberState">INDONESIA</organization>
                <organization refersTo="memberState">IRAQ</organization>
                <organization refersTo="memberState">JAMAICA</organization>
                <organization refersTo="memberState">KAZAKHSTAN</organization>
                <organization refersTo="memberState">KIRIBATI</organization>
                <organization refersTo="memberState">KUWAIT</organization>
                <organization refersTo="memberState">LIBYA</organization>
                <organization refersTo="memberState">MALAYSIA</organization>
                <organization refersTo="memberState">MALDIVES</organization>
                <organization refersTo="memberState">MEXICO</organization>
                <organization refersTo="memberState">MONGOLIA</organization>
                <organization refersTo="memberState">MOZAMBIQUE</organization>
                <organization refersTo="memberState">NAMIBIA</organization>
                <organization refersTo="memberState">NAURU</organization>
                <organization refersTo="memberState">NEPAL</organization>
                <organization refersTo="memberState">NIGERIA</organization>
                <organization refersTo="memberState">OMAN</organization>
                <organization refersTo="memberState">PAKISTAN</organization>
                <organization refersTo="memberState">PALAU</organization>
                <organization refersTo="memberState">PARAGUAY</organization>
                <organization refersTo="memberState">PERU</organization>
                <organization refersTo="memberState">QATAR</organization>
                <organization refersTo="memberState">REPUBLIC OF KOREA</organization>
                <organization refersTo="memberState">SAINT LUCIA</organization>
                <organization refersTo="memberState">SAINT VINCENT AND THE GRENADINES</organization>
                <organization refersTo="memberState">SAMOA</organization>
                <organization refersTo="memberState">SAUDI ARABIA</organization>
                <organization refersTo="memberState">SENEGAL</organization>
                <organization refersTo="memberState">SOLOMON ISLANDS</organization>
                <organization refersTo="memberState">SOUTH AFRICA</organization>
                <organization refersTo="memberState">SRI LANKA</organization>
                <organization refersTo="memberState">SURINAME</organization>
                <organization refersTo="memberState">THAILAND</organization>
                <organization refersTo="memberState">TOGO</organization>
                <organization refersTo="memberState">TRINIDAD AND TOBAGO</organization>
                <organization refersTo="memberState">TUNISIA</organization>
                <organization refersTo="memberState">UGANDA</organization>
                <organization refersTo="memberState">UNITED ARAB EMIRATES</organization>
                <organization refersTo="memberState">URUGUAY</organization>
                <organization refersTo="memberState">VIET NAM</organization>
                <organization refersTo="memberState">YEMEN</organization>
              </akn4un:voters>
            </count>
          </voting>
        </parliamentary>
      </analysis>
      <references source="#DGACM">
        <TLCOrganization eId="source" href="/akn/ontology/organization/un/DGACM" showAs="DGACM"></TLCOrganization>
        <TLCConcept eId="dateOfIssuance" href="/akn/ontology/concept/un/dateOfIssuance" showAs="Date of issuance"></TLCConcept>
        <TLCConcept eId="dateOfAdoption" href="/akn/ontology/concept/un/dateOfAdoption" showAs="Date of adoption"></TLCConcept>
        <TLCConcept eId="symbol" href="/akn/ontology/reference/un/symbol" showAs="Symbol"></TLCConcept>
        <TLCRole eId="publisher" href="/akn/ontology/role/un/publisher" showAs="Publisher"></TLCRole>
        <TLCRole eId="issuingBody" href="/akn/role/concept/un/issuingBody" showAs="Issuing body"></TLCRole>
        <TLCRole eId="author" href="/akn/ontology/role/un/author" showAs="Author"></TLCRole>
        <TLCRole eId="editor" href="/akn/ontology/role/un/editor" showAs="Editor"></TLCRole>
        <TLCRole eId="distribution" href="/akn/ontology/concept/un/generalDistribution" showAs="General distribution"></TLCRole>
        <TLCOrganization eId="ga" href="/akn/ontology/organization/un/generalAssembly" showAs="General Assembly"></TLCOrganization>
        <TLCTerm eId="resolutionTitle" href="/akn/ontology/reference/un/resolutionTitle" showAs="Resolution title"></TLCTerm>
        <TLCTerm eId="noMainCommittee" href="#noMainCommittee" showAs="未经发交主要委员会而通过"></TLCTerm>
        <TLCTerm eId="memberState" href="/akn/ontology/organization/un/memberState" showAs="Member State"></TLCTerm>
        <TLCTerm eId="inFavour" href="/akn/ontology/concept/un/voting/inFavour" showAs="In favour"></TLCTerm>
        <TLCTerm eId="against" href="/akn/ontology/concept/un/voting/against" showAs="Against"></TLCTerm>
        <TLCTerm eId="abstaining" href="/akn/ontology/concept/un/voting/abstaining" showAs="Abstaining"></TLCTerm>
      </references>
      <presentation source="#un">
        <akn4un:footerFirstPage>
          <akn4un:footerFirstPageLeft>
            <akn4un:internalCode>
              <docketNumber refersTo="#publicationJobNumber">19-21186 (C)</docketNumber>
              <img alt="bar code" class="barCode" src=""></img>
            </akn4un:internalCode>
          </akn4un:footerFirstPageLeft>
          <akn4un:footerFirstPageRight>
            <img alt="Please recycle" class="image" src="./recylcleLogo.jpg"></img>
            <img alt="embedded QR code" class="qrCode" src=""></img>
          </akn4un:footerFirstPageRight>
        </akn4un:footerFirstPage>
      </presentation>
    </meta>
    <coverPage eId="coverPage_1">
      <p>
        <span refersTo="#publisher" class="upperLeft">
          <docAuthority refersTo="#publisher">联合国</docAuthority>
        </span>
      </p>
      <p class="upperRight">
        <docNumber refersTo="#symbol">A/RES/74/17</docNumber>
      </p>
      <p class="upperLeft">
        <img src="logo-un.jpg"></img>
        <docAuthority refersTo="#issuingBody" class="rightBig">大会</docAuthority>
      </p>
      <p>
        <docStatus refersTo="#generalDistribution" class="rightSmall">Distr.: General</docStatus>
      </p>
      <p>
        <docDate date="2019-12-13" class="rightSmall" refersTo="#dateOfIssuance">13 December 2019</docDate>
      </p>
      <p>
        <session refersTo="#generalAssembly" value="74" eId="coverPage_1__session_1">第七十四届会议</session>
      </p>
      <p>
        <inline name="agenda item">议程项目31(a)</inline>
      </p>
      <p>
        <inline name="agenda item name">预防武装冲突：预防武装冲突</inline>
      </p>
      <p>
        <docTitle>2019年12月9日大会决议</docTitle>
      </p>
      <p xml:space="preserve">
        <docProponent refersTo="#noMainCommittee">[未经发交主要委员会而通过 (<inline name="originating document">A/74/L.12/Rev.1和A/74/L.12/Rev.1/Add.1</inline>)]</docProponent>
      </p>
    </coverPage>
    <preface>
      <p>
        <docNumber>74/17.</docNumber>
        <docTitle refersTo="#resolutionTitle">乌克兰克里米亚自治共和国和塞瓦斯托波尔市以及黑海和亚速海部分地区的军事化问题</docTitle>
      </p>
    </preface>
    <preamble>
      <formula name="enactingFormula" eId="formula_1">
        <p xml:space="preserve">
          <span class="bold">大会，</span>
        </p>
      </formula>
      <container name="回顾" eId="container_2">
        <p xml:space="preserve">
          <span class="bold">回顾</span>《联合国宪章》，其中除其他外规定，各联合国会员国在其国际关系上不得威胁使用或使用武力，或以与联合国宗旨不符之任何其他方法，侵害任何国家之领土完整或政治独立，</p>
      </container>
      <container name="又回顾" eId="container_3">
        <p xml:space="preserve">
          <span class="bold">又回顾</span>其关于乌克兰领土完整的2014年3月27日第<a href="https://undocs.org/ch/A/RES/68/262">68/262</a>号决议，其中申明大会对乌克兰在其国际公认边界内主权、政治独立、统一和领土完整的承诺，</p>
      </container>
      <container name="还回顾" eId="container_4">
        <p xml:space="preserve">
          <span class="bold">还回顾</span>其题为“乌克兰克里米亚自治共和国和塞瓦斯托波尔市以及黑海和亚速海部分地区的军事化问题”的2018年12月17日第<a href="https://undocs.org/ch/A/RES/73/194">73/194</a>号决议，</p>
      </container>
      <container name="回顾" eId="container_5">
        <p xml:space="preserve">
          <span class="bold">	回顾</span>其题为“乌克兰克里米亚自治共和国和塞瓦斯托波尔市的人权状况”的2016年12月19日第<a href="https://undocs.org/ch/A/RES/71/205">71/205</a>号、2017年12月19日第<a href="https://undocs.org/ch/A/RES/72/190">72/190</a>号决议和2018年12月22日第<a href="https://undocs.org/ch/A/RES/73/263">73/263</a>号决议，</p>
      </container>
      <container name="深为关切" eId="container_6">
        <p xml:space="preserve">
          <span class="bold">深为关切</span>俄罗斯联邦没有执行上述决议的规定以及联合国系统内国际组织、专门机构和机关的有关决定，</p>
      </container>
      <container name="回顾" eId="container_7">
        <p xml:space="preserve">
          <span class="bold">回顾</span>其1974年12月14日第<a href="https://undocs.org/ch/a/res/3314 (XXIX)">3314 (XXIX)</a>号决议，</p>
      </container>
      <container name="谴责" eId="container_8">
        <p xml:space="preserve">
          <span class="bold">谴责</span>俄罗斯联邦持续暂时占领乌克兰部分领土，即克里米亚自治共和国和塞瓦斯托波尔市(下称“克里米亚”)，并重申不承认对这一部分领土的吞并，</p>
      </container>
      <container name="回顾" eId="container_9">
        <p xml:space="preserve">
          <span class="bold">回顾</span>，俄罗斯联邦暂时占领克里米亚并对乌克兰的领土完整或政治独立威胁使用或使用武力，违反了根据1994年12月5日《关于乌克兰加入不扩散核武器条约的安全保证备忘录》(《布达佩斯备忘录》)作出的承诺，<authorialNote marker="1" placement="bottom" eId="authorialNote_1"><p xml:space="preserve"><a href="https://undocs.org/ch/A/49/765">A/49/765-S/1994/1399</a>，附件一。</p></authorialNote> 其中除其他外重申有义务不对乌克兰的领土完整或政治独立威胁使用或使用武力并再次承诺尊重乌克兰的独立和主权及现有边界，</p>
      </container>
      <container name="表示关切" eId="container_10">
        <p xml:space="preserve">
          <span class="bold">表示关切</span>俄罗斯联邦力图将其管辖权扩大到克里米亚的核设施和核材料，</p>
      </container>
      <container name="申明" eId="container_11">
        <p xml:space="preserve">
          <span class="bold">申明</span>以武力夺取克里米亚是非法行为而且违反国际法，又申明必须立即归还这些领土，</p>
      </container>
      <container name="回顾" eId="container_12">
        <p xml:space="preserve">
          <span class="bold">回顾</span>国际人道法规定禁止占领国迫使受保护者在其武装部队或辅助部队服役，包括为确保自愿入伍的目的而施加压力或进行宣传，并谴责目前在克里米亚进行征兵运动和以逃避兵役为由对克里米亚居民提起刑事起诉，</p>
      </container>
      <container name="关切" eId="container_13">
        <p xml:space="preserve">
          <span class="bold">关切</span>俄罗斯联邦力图利用对克里米亚儿童的教育，向他们灌输参加俄罗斯军队的想法；</p>
      </container>
      <container name="表示注意到" eId="container_14">
        <p xml:space="preserve">
          <span class="bold">表示注意到</span>2019年5月25日国际海洋法法庭关于“三艘乌克兰海军舰艇被扣案(乌克兰诉俄罗斯联邦)”临时措施的命令，以及2019年11月22日根据1982年《联合国海洋法公约》附件七组成的乌克兰与俄罗斯联邦之间仲裁庭关于“就乌克兰海军舰艇和军人被扣争端”的第1号程序令，</p>
      </container>
      <container name="又表示注意到" eId="container_15">
        <p xml:space="preserve">
          <span class="bold">又表示注意到</span>黑海和亚速海区域的安全关切和增加兵力进一步破坏了经济和社会服务的稳定，特别是在乌克兰沿海地区，</p>
      </container>
      <container name="支持" eId="container_16">
          <p xml:space="preserve">
            <span class="bold">支持</span>乌克兰承诺在其为结束俄罗斯对克里米亚的暂时占领所作努力中遵守国际法，</p>
        </container>
    </preamble>
    <mainBody>
      <paragraph eId="para_17" class="MercuryDocument">
        <num>	1.</num>
        <content eId="para_17__content">
          <p xml:space="preserve">
            <span class="bold">强调指出</span>俄罗斯军队在克里米亚的存在侵犯乌克兰的国家主权、政治独立和领土完整，并破坏邻国和欧洲区域的安全与稳定；</p>
        </content>
      </paragraph>
      <paragraph eId="para_18" class="MercuryDocument">
        <num>	2.</num>
        <content eId="para_18__content">
          <p xml:space="preserve">
            <span class="bold">表示严重关切</span>占领国俄罗斯联邦逐步将克里米亚军事化，又表示关切有报道称俄罗斯联邦向乌克兰领土运送武器系统(包括可携带核武器的飞机和导弹)、武器、弹药及军事人员，从而持续破坏克里米亚的稳定，并敦促俄罗斯联邦停止此类活动；</p>
        </content>
      </paragraph>
      <paragraph eId="para_19" class="MercuryDocument">
        <num>	3.</num>
        <content eId="para_19__content">
          <p xml:space="preserve">
            <span class="bold">表示深为关切</span>俄罗斯联邦利用在被占领的克里米亚没收的乌克兰军工企业； </p>
        </content>
      </paragraph>
      <paragraph eId="para_20" class="MercuryDocument">
        <num>	4.</num>
        <content eId="para_20__content">
          <p xml:space="preserve">
            <span class="bold">促请</span>俄罗斯联邦不要力图将其管辖权扩大到克里米亚的核设施和核材料；</p>
        </content>
      </paragraph>
      <paragraph eId="para_21" class="MercuryDocument">
        <num>	5.</num>
        <content eId="para_21__content">
          <p xml:space="preserve">
            <span class="bold">表示深为关切</span>俄罗斯联邦征召克里米亚居民参加其武装部队，包括派往俄罗斯联邦境内的军事基地，并敦促俄罗斯联邦停止这种非法活动；</p>
        </content>
      </paragraph>
      <paragraph eId="para_22" class="MercuryDocument">
        <num>	6.</num>
        <content eId="para_22__content">
          <p xml:space="preserve">
            <span class="bold">表示关切</span>俄罗斯武装部队在克里米亚举行多次军事演习，这不利于区域安全并必然在该区域造成长期、不利的严重环境后果；</p>
        </content>
      </paragraph>
      <paragraph eId="para_23" class="MercuryDocument">
        <num>	7.</num>
        <content eId="para_23__content">
          <p xml:space="preserve">
            <span class="bold">又表示关切</span>俄罗斯联邦在克里米亚周边的黑海部分地区以及在亚速海和刻赤海峡持续采取行动，包括将这些地区军事化，这些行动对乌克兰构成进一步威胁并破坏整个区域的稳定；</p>
        </content>
      </paragraph>
      <paragraph eId="para_24" class="MercuryDocument">
        <num>	8.</num>
        <content eId="para_24__content">
          <p xml:space="preserve">
            <span class="bold">表示极为关切</span>2018年11月25日黑海地区紧张局势的危险加剧以及俄罗斯联邦对乌克兰无端使用武力，包括对乌克兰海军“别尔季扬斯克”号艇、“尼克波尔”号艇和“亚内卡普”号拖船等三艘船只无端动武，造成部分船员重伤，并刻意阻碍刻赤海峡的来往交通；</p>
        </content>
      </paragraph>
      <paragraph eId="para_25" class="MercuryDocument">
        <num>	9.</num>
        <content eId="para_25__content">
          <p xml:space="preserve">
            <span class="bold">欢迎</span>俄罗斯联邦释放乌克兰海军“别尔季扬斯克”号艇、“尼克波尔”号艇和“亚内卡普”号拖船等三艘船只的24名船员；</p>
        </content>
      </paragraph>
      <paragraph eId="para_26" class="MercuryDocument">
        <num>	10.</num>
        <content eId="para_26__content">
          <p xml:space="preserve">
            <span class="bold">促请</span>俄罗斯联邦无条件、尽速地将从“别尔季扬斯克”号艇、“尼克波尔”号艇和“亚内卡普”号拖船等获释船只上缴获的所有装备和武器交还乌克兰；</p>
        </content>
      </paragraph>
      <paragraph eId="para_27" class="MercuryDocument">
        <num>	11.</num>
        <content eId="para_27__content">
          <p xml:space="preserve">
            <span class="bold">鼓励</span>进一步谈判，以确保俄罗斯联邦释放所有非法羁押的乌克兰公民，并确保他们安全返回乌克兰；</p>
        </content>
      </paragraph>
      <paragraph eId="para_28" class="MercuryDocument">
        <num>	12.</num>
        <content eId="para_28__content">
          <p xml:space="preserve">
            <span class="bold">促请</span>俄罗斯联邦按照相关国际法包括1982年《联合国海洋法公约》的规定，<authorialNote marker="2" placement="bottom" eId="authorialNote_2"><p xml:space="preserve">		联合国，《条约汇编》，第1833卷，第31363号。</p></authorialNote> 不阻扰在黑海、亚速海和刻赤海峡合法行使航行权利和航行自由，包括但不限于以军事借口关闭海区；</p>
        </content>
      </paragraph>
      <paragraph eId="para_29" class="MercuryDocument">
        <num>	13.</num>
        <content eId="para_29__content">
          <p xml:space="preserve">
            <span class="bold">谴责</span>俄罗斯联邦修建并开通俄罗斯联邦与暂时被占领的克里米亚之间的刻赤海峡大桥，这为克里米亚的进一步军事化打开方便之门，并限制了可到达亚速海沿岸乌克兰港口的船只大小，又谴责在黑海和亚速海部分地区包括在刻赤海峡不断扩大俄罗斯联邦的军事存在，以及俄罗斯联邦在上述地区骚扰商船和限制国际航运，这进一步加剧了因克里米亚暂时被占领而本已受到影响的顿涅茨克广大地区的经济和社会局势；</p>
        </content>
      </paragraph>
      <paragraph eId="para_30" class="MercuryDocument">
        <num>	14.</num>
        <content eId="para_30__content">
          <p xml:space="preserve">
            <span class="bold">又谴责</span>俄罗斯官员访问暂时被占领的克里米亚，包括进行与军事演习有关的访问；</p>
        </content>
      </paragraph>
      <paragraph eId="para_31" class="MercuryDocument">
        <num>	15.</num>
        <content eId="para_31__content">
          <p xml:space="preserve">
            <span class="bold">促请</span>所有会员国以及国际组织和专门机构在未经乌克兰同意的情况下不要访问克里米亚；</p>
        </content>
      </paragraph>
      <paragraph eId="para_32" class="MercuryDocument">
        <num>	16.</num>
        <content eId="para_32__content">
          <p xml:space="preserve">
            <span class="bold">敦促</span>占领国俄罗斯联邦尽速从克里米亚撤出其军事部队并结束对乌克兰领土的暂时占领；</p>
        </content>
      </paragraph>
      <paragraph eId="para_33" class="MercuryDocument">
        <num>	17.</num>
        <content eId="para_33__content">
          <p xml:space="preserve">
            <span class="bold">促请</span>所有会员国与联合国合作，鼓励并支持为尽快结束俄罗斯对克里米亚的占领所做的努力，在克里米亚问题上不与俄罗斯联邦进行任何与此目标不符的交易；</p>
        </content>
      </paragraph>
      <paragraph eId="para_34" class="SingleTxt">
        <num>	18.</num>
        <content eId="para_34__content">
          <p xml:space="preserve">
            <span class="bold">决定</span>在大会第七十五届会议上继续审议这一事项。</p>
        </content>
      </paragraph>
    </mainBody>
    <conclusions eId="conclusions">
      <p>
        <inline name="adoptionMeeting" title="第41次">第41次全体会议</inline>
        <eol />
        <docDate date="2019-12-09" refersTo="#adoptionDate">2019年12月9日</docDate>
      </p>
    </conclusions>
  </statement>
</akomaNtoso>