<akomaNtoso xmlns:xsi="http://www.w3.org/2001/XMLSchema-instance" xsi:schemaLocation="http://docs.oasis-open.org/legaldocml/ns/akn/3.0 http://docs.oasis-open.org/legaldocml/akn-core/v1.0/os/part2-specs/schemas/akomantoso30.xsd" xmlns="http://docs.oasis-open.org/legaldocml/ns/akn/3.0" xmlns:html="http://www.w3.org/1999/xhtml" xmlns:akn4un="http://un.org/akn4un">
  <statement name="resolution">
    <meta>
      <identification source="#DGACM">
        <FRBRWork>
          <FRBRthis value="/akn/un/statement/deliberation/unga/2019-12-19/74-199/!main/"></FRBRthis>
          <FRBRuri value="/akn/un/statement/deliberation/unga/2019-12-19/74-199/"></FRBRuri>
          <FRBRdate date="2019-12-19" name="adoption"></FRBRdate>
          <FRBRauthor href="ga" as="author"></FRBRauthor>
          <FRBRcountry value="un"></FRBRcountry>
        </FRBRWork>
        <FRBRExpression>
          <FRBRthis value="/akn/un/statement/deliberation/unga/2019-12-19/74-199/zho@!main/"></FRBRthis>
          <FRBRuri value="/akn/un/statement/deliberation/unga/2019-12-19/74-199/zho@/"></FRBRuri>
          <FRBRdate date="2020-01-13" name="publication"></FRBRdate>
          <FRBRauthor href="ga" as="issuer"></FRBRauthor>
          <FRBRlanguage language="zho"></FRBRlanguage>
        </FRBRExpression>
        <FRBRManifestation>
          <FRBRthis value="/akn/un/statement/deliberation/unga/2019-12-19/74-199/zho@/!main.xml"></FRBRthis>
          <FRBRuri value="/akn/un/statement/deliberation/unga/2019-12-19/74-199/zho@.xml"></FRBRuri>
          <FRBRdate date="2020-09-01" name="markup"></FRBRdate>
          <FRBRauthor href="DGACM" as="editor"></FRBRauthor>
        </FRBRManifestation>
      </identification>
      <classification source="http://metadata.un.org/sdg">
        <keyword value="17" href="http://metadata.un.org/sdg/17" showAs="sdg_17" dictionary="SDGO"></keyword>
        <keyword value="sustainable_development" href="http://eurovoc.europa.eu/5585" showAs="sustainable_development" dictionary="EuroVoc"></keyword>
        <keyword value="partnership" href="http://eurovoc.europa.eu/4199" showAs="partnership" dictionary="EuroVoc"></keyword>
        <keyword value="sustainable_development" href="http://metadata.un.org/thesaurus/1006319" showAs="sustainable_development" dictionary="UNBIS Thesaurus"></keyword>
        <keyword value="partnership" href="http://metadata.un.org/thesaurus/1004748" showAs="partnership" dictionary="UNBIS Thesaurus"></keyword>
      </classification>
      <classification source="http://metadata.un.org/sdg">
        <keyword value="16" href="http://metadata.un.org/sdg/16" showAs="sdg_16" dictionary="SDGO"></keyword>
        <keyword value="right_to_justice" href="http://eurovoc.europa.eu/516" showAs="right_to_justice" dictionary="EuroVoc"></keyword>
        <keyword value="sustainable_development" href="http://eurovoc.europa.eu/5585" showAs="sustainable_development" dictionary="EuroVoc"></keyword>
        <keyword value="civil_society" href="http://metadata.un.org/thesaurus/1001012" showAs="civil_society" dictionary="UNBIS Thesaurus"></keyword>
        <keyword value="justice" href="http://metadata.un.org/thesaurus/1003500" showAs="justice" dictionary="UNBIS Thesaurus"></keyword>
        <keyword value="peaceful_coexistence" href="http://metadata.un.org/thesaurus/1004777" showAs="peaceful_coexistence" dictionary="UNBIS Thesaurus"></keyword>
        <keyword value="public_institutions" href="http://metadata.un.org/thesaurus/1005254" showAs="public_institutions" dictionary="UNBIS Thesaurus"></keyword>
        <keyword value="social_justice" href="http://metadata.un.org/thesaurus/1005970" showAs="social_justice" dictionary="UNBIS Thesaurus"></keyword>
        <keyword value="sustainable_development" href="http://metadata.un.org/thesaurus/1006319" showAs="sustainable_development" dictionary="UNBIS Thesaurus"></keyword>
      </classification>
      <classification source="http://metadata.un.org/sdg">
        <keyword value="2" href="http://metadata.un.org/sdg/2" showAs="sdg_2" dictionary="SDGO"></keyword>
        <keyword value="food_shortage" href="http://eurovoc.europa.eu/2318" showAs="food_shortage" dictionary="EuroVoc"></keyword>
        <keyword value="sustainable_agriculture" href="http://eurovoc.europa.eu/6308" showAs="sustainable_agriculture" dictionary="EuroVoc"></keyword>
        <keyword value="food_security" href="http://eurovoc.europa.eu/c_4523e1dd" showAs="food_security" dictionary="EuroVoc"></keyword>
        <keyword value="food_security" href="http://metadata.un.org/thesaurus/1002439" showAs="food_security" dictionary="UNBIS Thesaurus"></keyword>
        <keyword value="food_shortage" href="http://metadata.un.org/thesaurus/1002440" showAs="food_shortage" dictionary="UNBIS Thesaurus"></keyword>
        <keyword value="hunger" href="http://metadata.un.org/thesaurus/1003004" showAs="hunger" dictionary="UNBIS Thesaurus"></keyword>
        <keyword value="sustainable_agriculture" href="http://metadata.un.org/thesaurus/1006317" showAs="sustainable_agriculture" dictionary="UNBIS Thesaurus"></keyword>
      </classification>
      <workflow source="#un">
        <step date="2019-11-21" outcome="draftResolution" as="A/C.2/74/L.68" by="submitted by the Rapporteur of the Committee" />
        <step date="0001-01-01" outcome="draftResolutionAdditionalSponsors" by="" />
        <step date="0001-01-01" outcome="recommendedForAdoption" as="A/74/379" by="" refersTo="17" />
        <step date="2019-12-19" outcome="adopted" as="A/74/PV.52" by="" />
      </workflow>
      <analysis source="#un">
        <parliamentary>
          <voting outcome="adoptedWithoutVote">
            <quorum value=""></quorum>
          </voting>
        </parliamentary>
      </analysis>
      <references source="#DGACM">
        <TLCOrganization eId="source" href="/akn/ontology/organization/un/DGACM" showAs="DGACM"></TLCOrganization>
        <TLCConcept eId="dateOfIssuance" href="/akn/ontology/concept/un/dateOfIssuance" showAs="Date of issuance"></TLCConcept>
        <TLCConcept eId="dateOfAdoption" href="/akn/ontology/concept/un/dateOfAdoption" showAs="Date of adoption"></TLCConcept>
        <TLCConcept eId="symbol" href="/akn/ontology/reference/un/symbol" showAs="Symbol"></TLCConcept>
        <TLCRole eId="publisher" href="/akn/ontology/role/un/publisher" showAs="Publisher"></TLCRole>
        <TLCRole eId="issuingBody" href="/akn/role/concept/un/issuingBody" showAs="Issuing body"></TLCRole>
        <TLCRole eId="author" href="/akn/ontology/role/un/author" showAs="Author"></TLCRole>
        <TLCRole eId="editor" href="/akn/ontology/role/un/editor" showAs="Editor"></TLCRole>
        <TLCRole eId="distribution" href="/akn/ontology/concept/un/generalDistribution" showAs="General distribution"></TLCRole>
        <TLCOrganization eId="ga" href="/akn/ontology/organization/un/generalAssembly" showAs="General Assembly"></TLCOrganization>
        <TLCTerm eId="resolutionTitle" href="/akn/ontology/reference/un/resolutionTitle" showAs="Resolution title"></TLCTerm>
        <TLCTerm eId="secondCommittee" href="#secondCommittee" showAs="第二委员会"></TLCTerm>
        <TLCTerm eId="memberState" href="/akn/ontology/organization/un/memberState" showAs="Member State"></TLCTerm>
        <TLCTerm eId="inFavour" href="/akn/ontology/concept/un/voting/inFavour" showAs="In favour"></TLCTerm>
        <TLCTerm eId="against" href="/akn/ontology/concept/un/voting/against" showAs="Against"></TLCTerm>
        <TLCTerm eId="abstaining" href="/akn/ontology/concept/un/voting/abstaining" showAs="Abstaining"></TLCTerm>
      </references>
      <presentation source="#un">
        <akn4un:footerFirstPage>
          <akn4un:footerFirstPageLeft>
            <akn4un:internalCode>
              <docketNumber refersTo="#publicationJobNumber">19-22412 (C)</docketNumber>
              <img alt="bar code" class="barCode" src=""></img>
            </akn4un:internalCode>
          </akn4un:footerFirstPageLeft>
          <akn4un:footerFirstPageRight>
            <img alt="Please recycle" class="image" src="./recylcleLogo.jpg"></img>
            <img alt="embedded QR code" class="qrCode" src=""></img>
          </akn4un:footerFirstPageRight>
        </akn4un:footerFirstPage>
      </presentation>
    </meta>
    <coverPage eId="coverPage_1">
      <p>
        <span refersTo="#publisher" class="upperLeft">
          <docAuthority refersTo="#publisher">联合国</docAuthority>
        </span>
      </p>
      <p class="upperRight">
        <docNumber refersTo="#symbol">A/RES/74/199</docNumber>
      </p>
      <p class="upperLeft">
        <img src="logo-un.jpg"></img>
        <docAuthority refersTo="#issuingBody" class="rightBig">大会</docAuthority>
      </p>
      <p>
        <docStatus refersTo="#generalDistribution" class="rightSmall">Distr.: General</docStatus>
      </p>
      <p>
        <docDate date="2020-01-13" class="rightSmall" refersTo="#dateOfIssuance">13 January 2020</docDate>
      </p>
      <p>
        <session refersTo="#generalAssembly" value="74" eId="coverPage_1__session_1">第七十四届会议</session>
      </p>
      <p>
        <inline name="agenda item">议程项目17</inline>
      </p>
      <p>
        <inline name="agenda item name">宏观经济政策问题</inline>
      </p>
      <p>
        <docTitle>2019年12月19日大会决议</docTitle>
      </p>
      <p xml:space="preserve">
        <docProponent refersTo="#secondCommittee">[根据第二委员会的报告 (<inline name="originating document">A/74/379</inline>)]</docProponent>
      </p>
    </coverPage>
    <preface>
      <p>
        <docNumber>74/199.</docNumber>
        <docTitle refersTo="#resolutionTitle">促进可持续发展投资</docTitle>
      </p>
    </preface>
    <preamble>
      <formula name="enactingFormula" eId="formula_1">
        <p xml:space="preserve">
          <span class="bold">大会，</span>
        </p>
      </formula>
      <container name="重申" eId="container_2">
        <p xml:space="preserve">
          <span class="bold">重申</span>其题为“变革我们的世界：2030年可持续发展议程”的2015年9月25日第<a href="https://undocs.org/ch/A/RES/70/1">70/1</a>号决议，其中大会通过了一套全面、意义深远和以人为中心的具有普遍性和变革性的可持续发展目标和具体目标，承诺做出不懈努力，使这一议程在2030年前得到全面执行，认识到消除一切形式和表现的贫困，包括消除极端贫困，是世界的最大挑战，对实现可持续发展必不可少，并决心采用统筹兼顾的方式，从经济、社会和环境这三个方面实现可持续发展，在巩固实施千年发展目标成果的基础上，争取完成它们尚未完成的事业，</p>
      </container>
      <container name="又重申" eId="container_3">
        <p xml:space="preserve">
          <span class="bold">又重申</span>其关于《第三次发展筹资问题国际会议亚的斯亚贝巴行动议程》的2015年7月27日第<a href="https://undocs.org/ch/A/RES/69/313">69/313</a>号决议，该议程是《2030年可持续发展议程》的组成部分，支持和补充《2030年议程》，有助于将其执行手段的具体目标与具体政策和行动联系起来，并再次作出强有力的政治承诺，本着全球伙伴关系和团结精神应对挑战，在各级为可持续发展筹措资金和创造有利环境，</p>
      </container>
      <container name="强调" eId="container_4">
        <p xml:space="preserve">
          <span class="bold">强调</span>能否成功实现可持续发展目标并消除一切形式和表现的贫困取决于在各级创造有利环境，</p>
      </container>
      <container name="确认" eId="container_5">
        <p xml:space="preserve">
          <span class="bold">	确认</span>重振全球伙伴关系将促进全球积极参与支持落实所有可持续发展目标及其具体目标，使政府、民间社会、私营部门、联合国系统和其他行为体同心协力，并调动一切可用资源，</p>
      </container>
      <container name="回顾" eId="container_6">
        <p xml:space="preserve">
          <span class="bold">	回顾</span>《2030年可持续发展议程》承认进行可持续发展将取决于公共和私营部门以及其他相关国际组织的积极参与，包括国际金融机构和多边开发银行在内，</p>
      </container>
      <container name="注意到" eId="container_7">
        <p xml:space="preserve">
          <span class="bold">	注意到</span>2018年10月22日至26日在日内瓦举行的第六届世界投资论坛，欢迎2019年4月15日至17日在纽约举行第二届可持续发展目标投资博览会，并注意到秘书长设立了全球投资者促进可持续发展联盟，</p>
      </container>
      <container name="表示注意到" eId="container_8">
        <p xml:space="preserve">
          <span class="bold">	表示注意到</span>《2019年世界投资报告》、《2019年可持续发展筹资报告》、《全球可持续发展报告》和2019年经济及社会理事会发展筹资后续行动论坛成果文件，<authorialNote marker="1" placement="bottom" eId="authorialNote_1"><p xml:space="preserve">		见<a href="https://undocs.org/ch/E/FFDF/2019/3">E/FFDF/2019/3</a>。</p></authorialNote></p>
      </container>
      <container name="注意到" eId="container_9">
        <p xml:space="preserve">
          <span class="bold">注意到</span>联合国在可持续发展投资方面所做的工作，其中包括联合国贸易和发展会议世界投资论坛、可持续发展目标投资博览会和经济及社会理事会发展筹资后续行动论坛，</p>
      </container>
      <container name="又注意到" eId="container_10">
        <p xml:space="preserve">
          <span class="bold">	又注意到</span>全球、区域和地方各级为加强调动公共和私人资金采取的所有举措，以投资促进实现《2030年可持续发展议程》三个方面，并深化国际合作，</p>
      </container>
      <container name="还注意到" eId="container_11">
        <p xml:space="preserve">
          <span class="bold">	还注意到</span>促进可持续发展筹资的影响力投资具有的潜力，可支持国家在实现可持续发展目标方面的发展政策、计划、优先事项和需要，</p>
      </container>
      <container name="认识到" eId="container_12">
        <p xml:space="preserve">
          <span class="bold">认识到</span>实现可持续发展目标将要求向长期投资转变，在这方面鼓励投资者采取措施，以激励更多长期投资，又认识到国际公共和私人发展筹资加上其他创新筹资机制，包括混合融资，可在加大我们的集体努力满足实现可持续发展目标的资金需求方面发挥重要作用，</p>
      </container>
      <container name="又认识到" eId="container_13">
        <p xml:space="preserve">
          <span class="bold">又认识到</span>创业可以帮助实现《2030年可持续发展议程》，着重指出推进可持续消费和生产模式的重要性，并强调指出需要促进可持续和创新的融资机会和机制，以释放可持续投资的新资本，推广可持续商业模式，特别要注重中小微企业，</p>
      </container>
      <container name="强调" eId="container_14">
        <p xml:space="preserve">
          <span class="bold">强调</span>国家发展努力需要得到有利国际经济环境的支持，包括协调一致和相互支持的世界贸易、货币和金融体系，并得到强化和改善的全球经济治理的支持，在这方面强调指出一系列风险因素进一步抑制了全球外国直接投资增加的可能性，</p>
      </container>
      <container name="又强调" eId="container_15">
        <p xml:space="preserve">
          <span class="bold">又强调</span>没有私人和公共投资，包括长期外国投资，就不可能实现可持续发展目标，而各级的有利环境可以调动这种投资，</p>
      </container>
      <container name="认识到" eId="container_16">
        <p xml:space="preserve">
          <span class="bold">认识到</span>公司必须致力于可持续性，包括酌情报告环境、社会和治理影响，以帮助确保透明和问责，并避免有碍努力实现可持续发展目标的做法，</p>
      </container>
      <container name="重申" eId="container_17">
        <p xml:space="preserve">
          <span class="bold">重申</span>承诺为缩小性别差距大幅增加投入，加强在性别平等和增强妇女权能方面为全球、区域和国家各级机构提供的支持，</p>
      </container>
      <container name="关切地注意到" eId="container_18">
        <p xml:space="preserve">
          <span class="bold">关切地注意到</span>对实现可持续发展目标至关重要的投资仍然资金不足，认识到需要在国家和国际两级增加公私投资与筹资，以满足实现可持续发展目标包括优质、可靠、可持续和具备抵御灾害能力的基础设施方面所需的大量投资，弥补相应缺口，以支持经济发展和人类福祉，注重人人负担得起、公平获得，</p>
      </container>
      <container name="认识到" eId="container_19">
        <p xml:space="preserve">
          <span class="bold">认识到</span>国际公共资金包括官方发展援助对发展中国家努力实现可持续发展目标至关重要，包括能够推动从其他公共和私人来源筹集更多资源，因为国际公共资金可以支持改进税收，并有助于加强国内有利环境和发展基本的公共服务，</p>
      </container>
      <container name="强调" eId="container_20">
        <p xml:space="preserve">
          <span class="bold">强调</span>呼吁私营部门为可持续发展目标筹资作贡献并非替代公共筹资，而是对公共筹资的重要补充，</p>
      </container>
      <container name="关切地注意到" eId="container_21">
        <p xml:space="preserve">
          <span class="bold">关切地注意到</span>外国直接投资自2015年以来一直疲软，而且尽管2018年流向发展中国家的外国直接投资略有增加，但各区域和国家组之间的分布仍不均等，非洲、最不发达国家、内陆发展中国家和小岛屿发展中国家获得的外国直接投资很少甚或微不足道，</p>
      </container>
      <container name="强调指出" eId="container_22">
        <p xml:space="preserve">
          <span class="bold">强调指出</span>透明以及融入国际金融、货币和贸易体系并在各级建立坚实机构，酌情制定和执行促进在投资链上提供激励手段的政策，包括资本市场条例，并使投资与长期业绩和可持续性指标保持一致，减少波动性，对发展中国家促进投资、维持经济增长、消除贫困和创造就业至关重要，在这方面强调指出需要进一步向发展中国家提供国际支助，并在各级营造有竞争力的投资氛围，以实现可持续发展目标，</p>
      </container>
      <container name="认识到" eId="container_23">
        <p xml:space="preserve">
          <span class="bold">认识到</span>对社会和环境负责和接受问责的国内和国际私营企业活动、投资、创业和创新包括妇女和青年的平等准入是生产力、包容性经济增长和创造就业的主要推动力，以便不让任何一个人掉队，</p>
      </container>
      <container name="注意到" eId="container_24">
        <p xml:space="preserve">
          <span class="bold">注意到</span>联合国开发计划署伊斯坦布尔私营部门参与发展国际中心在与私营部门合作实现可持续发展目标及促进包容性市场和可持续商业发展方面发挥的作用，</p>
      </container>
      <container name="认识到" eId="container_25">
        <p xml:space="preserve">
          <span class="bold">认识到</span>对技术工业和数字经济进行投资的重要性，以促进互连互通和数字伙伴关系，开发和转让技术是可持续发展的强大推动力，有必要酌情促进多国公司与国内公私部门之间的联系，从而促进以共同商定的条件开发和转让技术，</p>
      </container>
    </preamble>
    <mainBody>
      <paragraph eId="para_26" class="MercuryDocument">
        <num>	1.</num>
        <content eId="para_26__content">
          <p xml:space="preserve">
            <span class="bold">强调</span>促进自然资源增值和加工以及生产多样化方面的投资能确保发展更具包容性而且更可持续，在这方面鼓励在增加公共、私人、国内和国际投资促进发展中国家经济结构变革的政策和方案领域加速国家努力，加强国际合作；</p>
        </content>
      </paragraph>
      <paragraph eId="para_27" class="MercuryDocument">
        <num>	2.</num>
        <content eId="para_27__content">
          <p xml:space="preserve">
            <span class="bold">鼓励</span>促进可持续和创新的融资机会和机制，以释放可持续投资的新资本，推广可持续商业模式，特别要注重中小企业；</p>
        </content>
      </paragraph>
      <paragraph eId="para_28" class="MercuryDocument">
        <num>	3.</num>
        <content eId="para_28__content">
          <p xml:space="preserve">
            <span class="bold">关切地注意到</span>许多最不发达国家和小岛屿发展中国家尽管改善了投资环境，但在很大程度上仍为外国直接投资所忽略，而这种投资原本可帮助这些国家实现经济多样化；</p>
        </content>
      </paragraph>
      <paragraph eId="para_29" class="MercuryDocument">
        <num>	4.</num>
        <content eId="para_29__content">
          <p xml:space="preserve">
            <span class="bold">又关切地注意到</span>中小微企业特别是妇女、青年企业家和残疾人领导的企业在获得资本方面的差距，认识到当金融市场支持具有可持续发展影响力的企业，并让所有经济部门都能获得信贷时，便能成为促进经济增长和缓解贫困的有力工具；</p>
        </content>
      </paragraph>
      <paragraph eId="para_30" class="MercuryDocument">
        <num>	5.</num>
        <content eId="para_30__content">
          <p xml:space="preserve">
            <span class="bold">认识到</span>外国直接投资可产生积极的溢出效应，如专门知识和技术，包括与国内供应商创建联系以及鼓励发展中国家的地方企业特别是中小微企业融入区域和全球价值链；</p>
        </content>
      </paragraph>
      <paragraph eId="para_31" class="MercuryDocument">
        <num>	6.</num>
        <content eId="para_31__content">
          <p xml:space="preserve">
            <span class="bold">强调</span>外国直接投资可对可持续发展目标产生不同的影响，着重指出需要加强外国直接投资与国家政策和可持续发展战略之间的协调一致；</p>
        </content>
      </paragraph>
      <paragraph eId="para_32" class="MercuryDocument">
        <num>	7.</num>
        <content eId="para_32__content">
          <p xml:space="preserve">
            <span class="bold">确认</span>需要制订和强化政策，酌情加强监管框架，使私营部门的激励机制与可持续发展目标更好地保持一致，包括激励私营部门采取可持续做法，促进长期优质投资；</p>
        </content>
      </paragraph>
      <paragraph eId="para_33" class="MercuryDocument">
        <num>	8.</num>
        <content eId="para_33__content">
          <p xml:space="preserve">
            <span class="bold">鼓励</span>在国家和国际层面作出努力，将可持续性纳入金融体系，从而进一步使资本流向从经济、社会和环境角度来看均可持续的投资；</p>
        </content>
      </paragraph>
      <paragraph eId="para_34" class="MercuryDocument">
        <num>	9.</num>
        <content eId="para_34__content">
          <p xml:space="preserve">
            <span class="bold">又鼓励</span>各级金融行为体酌情努力建立包容、有代表性和负责任的财务做法，包括与透明、披露和标准有关的做法；</p>
        </content>
      </paragraph>
      <paragraph eId="para_35" class="MercuryDocument">
        <num>	10.</num>
        <content eId="para_35__content">
          <p xml:space="preserve">
            <span class="bold">欢迎</span>许多国家在加强有利于私营部门开展业务和进行投资的环境方面所取得的进展，但注意到可进一步营造商业和投资的竞争性氛围，包括为此加大努力打击腐败，从而很好地吸引私营部门投资并参与支持可持续发展；</p>
        </content>
      </paragraph>
      <paragraph eId="para_36" class="MercuryDocument">
        <num>	11.</num>
        <content eId="para_36__content">
          <p xml:space="preserve">
            <span class="bold">重申</span>更为注重性别平等地分配经济资源可使妇女具备创收手段，并为实现包容、公平和可持续的经济增长创造积极的乘数效应，在这方面重申需要有针对性地采取行动和进行投资；</p>
        </content>
      </paragraph>
      <paragraph eId="para_37" class="MercuryDocument">
        <num>	12.</num>
        <content eId="para_37__content">
          <p xml:space="preserve">
            <span class="bold">确认</span>私营部门必须酌情与国家、国际和政府间组织、会员国和其他相关利益攸关方合作，以有效、问责和协商的方式努力实现可持续发展目标；</p>
        </content>
      </paragraph>
      <paragraph eId="para_38" class="MercuryDocument">
        <num>	13.</num>
        <content eId="para_38__content">
          <p xml:space="preserve">
            <span class="bold">指出</span>企业做法必须可持续，包括酌情将环境、社会和治理因素纳入公司报告，由国家决定如何适当平衡自愿规则和强制规则，并鼓励企业采用负责任的业务和投资原则；</p>
        </content>
      </paragraph>
      <paragraph eId="para_39" class="MercuryDocument">
        <num>	14.</num>
        <content eId="para_39__content">
          <p xml:space="preserve">
            <span class="bold">肯定</span>企业报告可持续性问题的重要性，鼓励公司特别是上市公司和大公司将可持续性和尽职调查信息纳入其报告周期，鼓励企业界、有兴趣的国家政府和相关利益攸关方酌情在联合国系统的支持下，完善现有的最佳做法模式并制订新的模式，促进采取行动统筹可持续性问题的报告工作，同时考虑现有框架的经验，并特别关注发展中国家在能力建设等方面的需要，在这方面欢迎《联合国全球契约》与全球汇报计划和促进可持续发展世界商业理事会协作； </p>
        </content>
      </paragraph>
      <paragraph eId="para_40" class="MercuryDocument">
        <num>	15.</num>
        <content eId="para_40__content">
          <p xml:space="preserve">
            <span class="bold">促请</span>会员国减少摩擦和其他风险因素，促进有利于扩大以开放、透明和非歧视等投资政策为特点的长期和可持续投资的环境；</p>
        </content>
      </paragraph>
      <paragraph eId="para_41" class="MercuryDocument">
        <num>	16.</num>
        <content eId="para_41__content">
          <p xml:space="preserve">
            <span class="bold">关切地注意到</span>贫民窟居民人数增加以及对其健康、安全和谋生机会的不利影响，在这方面鼓励有针对性地进行投资，以确保负担得起的适当住房，并确保在2030年之前对这些部门的可持续发展目标具体目标持续投资；</p>
        </content>
      </paragraph>
      <paragraph eId="para_42" class="MercuryDocument">
        <num>	17.</num>
        <content eId="para_42__content">
          <p xml:space="preserve">
            <span class="bold">强调</span>私营部门能以多种方式为实现《2030年可持续发展议程》<authorialNote marker="2" placement="bottom" eId="authorialNote_2"><p xml:space="preserve">		第<a href="https://undocs.org/ch/A/RES/70/1">70/1</a>号决议。</p></authorialNote> 作贡献，包括按照国家计划和政策，采用创造性的创新解决办法解决可持续发展挑战，使业务模式与可持续发展目标保持一致，并支持公共部门在减少灾害风险、气候行动和技能发展等方面的努力；</p>
        </content>
      </paragraph>
      <paragraph eId="para_43" class="MercuryDocument">
        <num>	18.</num>
        <content eId="para_43__content">
          <p xml:space="preserve">
            <span class="bold">欢迎</span>投资者在投资决策中越来越有兴趣考虑可持续性问题，但承认需要进一步努力，以分析、监测和衡量投资对可持续发展目标的贡献，并最大限度地发挥其对发展的积极影响；</p>
        </content>
      </paragraph>
      <paragraph eId="para_44" class="MercuryDocument">
        <num>	19.</num>
        <content eId="para_44__content">
          <p xml:space="preserve">
            <span class="bold">肯定</span>如《2015-2030年仙台减少灾害风险框架》<authorialNote marker="3" placement="bottom" eId="authorialNote_3"><p xml:space="preserve">		第<a href="https://undocs.org/ch/A/RES/69/283">69/283</a>号决议，附件二。</p></authorialNote> 所述，减少灾害风险是防止未来损失的具有成本效益的投资，鼓励会员国为了解灾害风险的公私部门投资制定标准和条例，并确保后备项目和银行肯担保的项目包括灾害风险评估；</p>
        </content>
      </paragraph>
      <paragraph eId="para_45" class="MercuryDocument">
        <num>	20.</num>
        <content eId="para_45__content">
          <p xml:space="preserve">
            <span class="bold">鼓励</span>会员国以创新、统筹、透明、包容和公平的方式从经济、社会和环境三方面实现可持续发展，因此必须由公共和私营两个部门充分、可持续和可预测地进行投资；</p>
        </content>
      </paragraph>
      <paragraph eId="para_46" class="MercuryDocument">
        <num>	21.</num>
        <content eId="para_46__content">
          <p xml:space="preserve">
            <span class="bold">邀请</span>所有相关利益攸关方探讨在信用评级评估中考虑可持续性因素的可能性，并加强信贷市场，以促进中小微企业特别是妇女拥有的企业的成长；</p>
        </content>
      </paragraph>
      <paragraph eId="para_47" class="MercuryDocument">
        <num>	22.</num>
        <content eId="para_47__content">
          <p xml:space="preserve">
            <span class="bold">认识到</span>可持续投资和筹资的势头正在增长，邀请私营公司采取促进长期价值的可持续做法；</p>
        </content>
      </paragraph>
      <paragraph eId="para_48" class="MercuryDocument">
        <num>	23.</num>
        <content eId="para_48__content">
          <p xml:space="preserve">
            <span class="bold">强调指出</span>需要评估公私举措，以衡量投资对可持续发展目标的影响，找出异同点，并查明潜在缺口；</p>
        </content>
      </paragraph>
      <paragraph eId="para_49" class="MercuryDocument">
        <num>	24.</num>
        <content eId="para_49__content">
          <p xml:space="preserve">	在这方面<span class="bold">欢迎</span>2019年经济及社会理事会发展筹资后续行动论坛成果文件要求发展筹资问题机构间工作队进一步分析私营部门投资和工具在全球一级对可持续发展目标的贡献成效及其衡量标准；1 鼓励国际社会支持会员国根据国情和国家优先事项，自愿开发实用工具，以酌情衡量和收集有关私营部门在国家一级促进实现可持续发展目标的及时可靠的数据；</p>
        </content>
      </paragraph>
      <paragraph eId="para_50" class="MercuryDocument">
        <num>	25.</num>
        <content eId="para_50__content">
          <p xml:space="preserve">
            <span class="bold">强调</span>国际公共财政在补充各国调动国内公共资源的努力方面发挥重要作用，官方发展援助作为发展资金的重要来源，可帮助发展中国家获得足够的公共资源，从而对能够加快实现《2030年可持续发展议程》变革雄心的部门进行投资，在这方面注意到需要加紧努力，履行各自的承诺，将最优惠的资源集中用于最需要但最无能力调动其他资源的地方；</p>
        </content>
      </paragraph>
      <paragraph eId="para_51" class="MercuryDocument">
        <num>	26.</num>
        <content eId="para_51__content">
          <p xml:space="preserve">
            <span class="bold">注意到</span>混合筹资的潜力，包括吸引、利用或推动更多资金的能力，并强调指出项目应与国家优先事项保持一致，对发展具有长期的影响力，而且符合公共利益，同时认识到对可持续发展目标的不同投资领域而言，不同类型的融资可能是最有效的筹资方式；</p>
        </content>
      </paragraph>
      <paragraph eId="para_52" class="MercuryDocument">
        <num>	27.</num>
        <content eId="para_52__content">
          <p xml:space="preserve">
            <span class="bold">鼓励</span>会员国促进股东和消费者的参与，这或许会鼓励公司考虑消费者对可持续性的偏好；</p>
        </content>
      </paragraph>
      <paragraph eId="para_53" class="MercuryDocument">
        <num>	28.</num>
        <content eId="para_53__content">
          <p xml:space="preserve">
            <span class="bold">促请</span>发展伙伴继续支持加强政策框架的努力，以激励调动资金促进生产性投资，包括特别在最不发达国家、内陆发展中国家、小岛屿发展中国家和非洲国家建设获取现有资金的能力，并考虑到中等收入国家面临的具体挑战；</p>
        </content>
      </paragraph>
      <paragraph eId="para_54" class="MercuryDocument">
        <num>	29.</num>
        <content eId="para_54__content">
          <p xml:space="preserve">
            <span class="bold">强调</span>需要为促进投资以及开发后备项目和银行肯担保的项目提供技术援助和能力建设支持，对发展中国家尤其如此；</p>
        </content>
      </paragraph>
      <paragraph eId="para_55" class="MercuryDocument">
        <num>	30.</num>
        <content eId="para_55__content">
          <p xml:space="preserve">
            <span class="bold">促请</span>联合国系统和所有相关利益攸关方支持发展中国家特别在国家一级建设能力，使其能用公共资金调动私人投资促进有利于可持续发展的项目，努力缩小可持续发展目标的投资缺口；</p>
        </content>
      </paragraph>
      <paragraph eId="para_56" class="MercuryDocument">
        <num>	31.</num>
        <content eId="para_56__content">
          <p xml:space="preserve">
            <span class="bold">请</span>秘书长与联合国贸易和发展会议秘书处合作，根据其正在进行的研究，在《世界投资报告》中用专门章节向大会第七十五届会议报告本决议的执行情况，特别注重在促进可持续发展投资方面存在的差距、面临的挑战和取得的进展，并提出推进投资促进执行《2030年议程》的具体建议，期待在发展筹资问题机构间工作队即将提交的报告中继续审议这些问题；</p>
        </content>
      </paragraph>
      <paragraph eId="para_57" class="MercuryDocument">
        <num>	32.</num>
        <content eId="para_57__content">
          <p xml:space="preserve">
            <span class="bold">决定</span>在大会第七十五届会议临时议程题为“宏观经济政策问题”的项目下，列入题为“促进可持续发展投资”的分项。</p>
        </content>
      </paragraph>
    </mainBody>
    <conclusions eId="conclusions">
      <p>
        <inline name="adoptionMeeting" title="第52次">第52次全体会议</inline>
        <eol />
        <docDate date="2019-12-19" refersTo="#adoptionDate">2019年12月19日</docDate>
      </p>
    </conclusions>
  </statement>
</akomaNtoso>