<akomaNtoso xmlns:xsi="http://www.w3.org/2001/XMLSchema-instance" xsi:schemaLocation="http://docs.oasis-open.org/legaldocml/ns/akn/3.0 http://docs.oasis-open.org/legaldocml/akn-core/v1.0/os/part2-specs/schemas/akomantoso30.xsd" xmlns="http://docs.oasis-open.org/legaldocml/ns/akn/3.0" xmlns:html="http://www.w3.org/1999/xhtml" xmlns:akn4un="http://un.org/akn4un">
  <statement name="resolution">
    <meta>
      <identification source="#DGACM">
        <FRBRWork>
          <FRBRthis value="/akn/un/statement/deliberation/unga/2019-12-18/74-119/!main/"></FRBRthis>
          <FRBRuri value="/akn/un/statement/deliberation/unga/2019-12-18/74-119/"></FRBRuri>
          <FRBRdate date="2019-12-18" name="adoption"></FRBRdate>
          <FRBRauthor href="ga" as="author"></FRBRauthor>
          <FRBRcountry value="un"></FRBRcountry>
        </FRBRWork>
        <FRBRExpression>
          <FRBRthis value="/akn/un/statement/deliberation/unga/2019-12-18/74-119/zho@!main/"></FRBRthis>
          <FRBRuri value="/akn/un/statement/deliberation/unga/2019-12-18/74-119/zho@/"></FRBRuri>
          <FRBRdate date="2020-01-10" name="publication"></FRBRdate>
          <FRBRauthor href="ga" as="issuer"></FRBRauthor>
          <FRBRlanguage language="zho"></FRBRlanguage>
        </FRBRExpression>
        <FRBRManifestation>
          <FRBRthis value="/akn/un/statement/deliberation/unga/2019-12-18/74-119/zho@/!main.xml"></FRBRthis>
          <FRBRuri value="/akn/un/statement/deliberation/unga/2019-12-18/74-119/zho@.xml"></FRBRuri>
          <FRBRdate date="2020-08-30" name="markup"></FRBRdate>
          <FRBRauthor href="DGACM" as="editor"></FRBRauthor>
        </FRBRManifestation>
      </identification>
      <classification source="http://metadata.un.org/sdg">
        <keyword value="2" href="http://metadata.un.org/sdg/2" showAs="sdg_2" dictionary="SDGO"></keyword>
        <keyword value="food_shortage" href="http://eurovoc.europa.eu/2318" showAs="food_shortage" dictionary="EuroVoc"></keyword>
        <keyword value="sustainable_agriculture" href="http://eurovoc.europa.eu/6308" showAs="sustainable_agriculture" dictionary="EuroVoc"></keyword>
        <keyword value="food_security" href="http://eurovoc.europa.eu/c_4523e1dd" showAs="food_security" dictionary="EuroVoc"></keyword>
        <keyword value="food_security" href="http://metadata.un.org/thesaurus/1002439" showAs="food_security" dictionary="UNBIS Thesaurus"></keyword>
        <keyword value="food_shortage" href="http://metadata.un.org/thesaurus/1002440" showAs="food_shortage" dictionary="UNBIS Thesaurus"></keyword>
        <keyword value="hunger" href="http://metadata.un.org/thesaurus/1003004" showAs="hunger" dictionary="UNBIS Thesaurus"></keyword>
        <keyword value="sustainable_agriculture" href="http://metadata.un.org/thesaurus/1006317" showAs="sustainable_agriculture" dictionary="UNBIS Thesaurus"></keyword>
      </classification>
      <classification source="http://metadata.un.org/sdg">
        <keyword value="5" href="http://metadata.un.org/sdg/5" showAs="sdg_5" dictionary="SDGO"></keyword>
        <keyword value="gender_equality" href="http://eurovoc.europa.eu/3913" showAs="gender_equality" dictionary="EuroVoc"></keyword>
        <keyword value="participation_of_women" href="http://eurovoc.europa.eu/2265" showAs="participation_of_women" dictionary="EuroVoc"></keyword>
        <keyword value="women&amp;#39;s_rights" href="http://eurovoc.europa.eu/585" showAs="women&amp;#39;s_rights" dictionary="EuroVoc"></keyword>
        <keyword value="position_of_women" href="http://eurovoc.europa.eu/81" showAs="position_of_women" dictionary="EuroVoc"></keyword>
        <keyword value="women" href="http://metadata.un.org/thesaurus/1007029" showAs="women" dictionary="UNBIS Thesaurus"></keyword>
        <keyword value="gender_equality" href="http://metadata.un.org/thesaurus/1002612" showAs="gender_equality" dictionary="UNBIS Thesaurus"></keyword>
        <keyword value="girls" href="http://metadata.un.org/thesaurus/1002684" showAs="girls" dictionary="UNBIS Thesaurus"></keyword>
      </classification>
      <classification source="http://metadata.un.org/sdg">
        <keyword value="8" href="http://metadata.un.org/sdg/8" showAs="sdg_8" dictionary="SDGO"></keyword>
        <keyword value="economic_growth" href="http://eurovoc.europa.eu/310" showAs="economic_growth" dictionary="EuroVoc"></keyword>
        <keyword value="full_employment" href="http://eurovoc.europa.eu/2427" showAs="full_employment" dictionary="EuroVoc"></keyword>
        <keyword value="unemployment" href="http://eurovoc.europa.eu/5974" showAs="unemployment" dictionary="EuroVoc"></keyword>
        <keyword value="economic_growth" href="http://metadata.un.org/thesaurus/1001854" showAs="economic_growth" dictionary="UNBIS Thesaurus"></keyword>
        <keyword value="employment" href="http://metadata.un.org/thesaurus/1002007" showAs="employment" dictionary="UNBIS Thesaurus"></keyword>
        <keyword value="full_employment" href="http://metadata.un.org/thesaurus/1002563" showAs="full_employment" dictionary="UNBIS Thesaurus"></keyword>
        <keyword value="unemployment" href="http://metadata.un.org/thesaurus/1006773" showAs="unemployment" dictionary="UNBIS Thesaurus"></keyword>
      </classification>
      <classification source="http://metadata.un.org/sdg">
        <keyword value="16" href="http://metadata.un.org/sdg/16" showAs="sdg_16" dictionary="SDGO"></keyword>
        <keyword value="right_to_justice" href="http://eurovoc.europa.eu/516" showAs="right_to_justice" dictionary="EuroVoc"></keyword>
        <keyword value="sustainable_development" href="http://eurovoc.europa.eu/5585" showAs="sustainable_development" dictionary="EuroVoc"></keyword>
        <keyword value="civil_society" href="http://metadata.un.org/thesaurus/1001012" showAs="civil_society" dictionary="UNBIS Thesaurus"></keyword>
        <keyword value="justice" href="http://metadata.un.org/thesaurus/1003500" showAs="justice" dictionary="UNBIS Thesaurus"></keyword>
        <keyword value="peaceful_coexistence" href="http://metadata.un.org/thesaurus/1004777" showAs="peaceful_coexistence" dictionary="UNBIS Thesaurus"></keyword>
        <keyword value="public_institutions" href="http://metadata.un.org/thesaurus/1005254" showAs="public_institutions" dictionary="UNBIS Thesaurus"></keyword>
        <keyword value="social_justice" href="http://metadata.un.org/thesaurus/1005970" showAs="social_justice" dictionary="UNBIS Thesaurus"></keyword>
        <keyword value="sustainable_development" href="http://metadata.un.org/thesaurus/1006319" showAs="sustainable_development" dictionary="UNBIS Thesaurus"></keyword>
      </classification>
      <classification source="http://metadata.un.org/sdg">
        <keyword value="17" href="http://metadata.un.org/sdg/17" showAs="sdg_17" dictionary="SDGO"></keyword>
        <keyword value="sustainable_development" href="http://eurovoc.europa.eu/5585" showAs="sustainable_development" dictionary="EuroVoc"></keyword>
        <keyword value="partnership" href="http://eurovoc.europa.eu/4199" showAs="partnership" dictionary="EuroVoc"></keyword>
        <keyword value="sustainable_development" href="http://metadata.un.org/thesaurus/1006319" showAs="sustainable_development" dictionary="UNBIS Thesaurus"></keyword>
        <keyword value="partnership" href="http://metadata.un.org/thesaurus/1004748" showAs="partnership" dictionary="UNBIS Thesaurus"></keyword>
      </classification>
      <workflow source="#un">
        <step date="2019-10-11" outcome="draftResolution" as="A/C.3/74/L.16" by="Mongolia" />
        <step date="0001-01-01" outcome="draftResolutionAdditionalSponsors" by="Albania, Algeria, Argentina, Australia, Austria, Belgium, Belize, Bosnia and Herzegovina, Brazil, Bulgaria, Burkina Faso, Cameroon, Canad a, China, Costa Rica, Côte d’Ivoire, Croatia, Cyprus, Czechia, Democratic Republic of the Congo, Denmark, Djibouti, Dominican Republic, Ecuador, El Salvador, Equatorial Guinea, Estonia, Fiji, Finland, France, Georgia, Germany, Greece, Guinea-Bissau, Honduras, Hungary, India, Indonesia, Ireland, Israel, Italy, Japan, Latvia, Lebanon, Lesotho, Liberia, Lithuania, Luxembourg, Madagascar, Malaysia, Mali, Malta, Mexico, Montenegro, Morocco, Myanmar, Netherlands, Nicaragua, Nigeria, Panama, Papua New Guinea, Paraguay, Philippines, Poland, Portugal, Qatar, Republic of Moldova, Romania, Senegal, Serbia, Seychelles, Sierra Leone, Slovakia, Slovenia, Spain, Sweden, Thailand, Timor-Leste, Togo, Tunisia, Turkey, Uganda, United Kingdom, United States, Uruguay, Venezuela (Bolivarian Republic of), Viet Nam, Zambia and Zimbabwe" />
        <step date="0001-01-01" outcome="recommendedForAdoption" as="A/74/391" by="" refersTo="49" />
        <step date="2019-12-18" outcome="adopted" as="A/74/PV.50" by="" />
      </workflow>
      <analysis source="#un">
        <parliamentary>
          <voting outcome="adoptedWithoutVote">
            <quorum value=""></quorum>
          </voting>
        </parliamentary>
      </analysis>
      <references source="#DGACM">
        <TLCOrganization eId="source" href="/akn/ontology/organization/un/DGACM" showAs="DGACM"></TLCOrganization>
        <TLCConcept eId="dateOfIssuance" href="/akn/ontology/concept/un/dateOfIssuance" showAs="Date of issuance"></TLCConcept>
        <TLCConcept eId="dateOfAdoption" href="/akn/ontology/concept/un/dateOfAdoption" showAs="Date of adoption"></TLCConcept>
        <TLCConcept eId="symbol" href="/akn/ontology/reference/un/symbol" showAs="Symbol"></TLCConcept>
        <TLCRole eId="publisher" href="/akn/ontology/role/un/publisher" showAs="Publisher"></TLCRole>
        <TLCRole eId="issuingBody" href="/akn/role/concept/un/issuingBody" showAs="Issuing body"></TLCRole>
        <TLCRole eId="author" href="/akn/ontology/role/un/author" showAs="Author"></TLCRole>
        <TLCRole eId="editor" href="/akn/ontology/role/un/editor" showAs="Editor"></TLCRole>
        <TLCRole eId="distribution" href="/akn/ontology/concept/un/generalDistribution" showAs="General distribution"></TLCRole>
        <TLCOrganization eId="ga" href="/akn/ontology/organization/un/generalAssembly" showAs="General Assembly"></TLCOrganization>
        <TLCTerm eId="resolutionTitle" href="/akn/ontology/reference/un/resolutionTitle" showAs="Resolution title"></TLCTerm>
        <TLCTerm eId="thirdCommittee" href="#thirdCommittee" showAs="第三委员会"></TLCTerm>
        <TLCTerm eId="memberState" href="/akn/ontology/organization/un/memberState" showAs="Member State"></TLCTerm>
        <TLCTerm eId="inFavour" href="/akn/ontology/concept/un/voting/inFavour" showAs="In favour"></TLCTerm>
        <TLCTerm eId="against" href="/akn/ontology/concept/un/voting/against" showAs="Against"></TLCTerm>
        <TLCTerm eId="abstaining" href="/akn/ontology/concept/un/voting/abstaining" showAs="Abstaining"></TLCTerm>
      </references>
      <presentation source="#un">
        <akn4un:footerFirstPage>
          <akn4un:footerFirstPageLeft>
            <akn4un:internalCode>
              <docketNumber refersTo="#publicationJobNumber">19-22039 (C)</docketNumber>
              <img alt="bar code" class="barCode" src=""></img>
            </akn4un:internalCode>
          </akn4un:footerFirstPageLeft>
          <akn4un:footerFirstPageRight>
            <img alt="Please recycle" class="image" src="./recylcleLogo.jpg"></img>
            <img alt="embedded QR code" class="qrCode" src=""></img>
          </akn4un:footerFirstPageRight>
        </akn4un:footerFirstPage>
      </presentation>
    </meta>
    <coverPage eId="coverPage_1">
      <p>
        <span refersTo="#publisher" class="upperLeft">
          <docAuthority refersTo="#publisher">联合国</docAuthority>
        </span>
      </p>
      <p class="upperRight">
        <docNumber refersTo="#symbol">A/RES/74/119</docNumber>
      </p>
      <p class="upperLeft">
        <img src="logo-un.jpg"></img>
        <docAuthority refersTo="#issuingBody" class="rightBig">大会</docAuthority>
      </p>
      <p>
        <docStatus refersTo="#generalDistribution" class="rightSmall">Distr.: General</docStatus>
      </p>
      <p>
        <docDate date="2020-01-10" class="rightSmall" refersTo="#dateOfIssuance">10 January 2020</docDate>
      </p>
      <p>
        <session refersTo="#generalAssembly" value="74" eId="coverPage_1__session_1">第七十四届会议</session>
      </p>
      <p>
        <inline name="agenda item">议程项目25(b)</inline>
      </p>
      <p>
        <inline name="agenda item name">社会发展：社会发展，包括与世界社会状况以及与青年、老龄、残疾人和家庭有关的问题</inline>
      </p>
      <p>
        <docTitle>2019年12月18日大会决议</docTitle>
      </p>
      <p xml:space="preserve">
        <docProponent refersTo="#thirdCommittee">[根据第三委员会的报告 (<inline name="originating document">A/74/391</inline>)]</docProponent>
      </p>
    </coverPage>
    <preface>
      <p>
        <docNumber>74/119.</docNumber>
        <docTitle refersTo="#resolutionTitle">合作社在社会发展中的作用</docTitle>
      </p>
    </preface>
    <preamble>
      <formula name="enactingFormula" eId="formula_1">
        <p xml:space="preserve">
          <span class="bold">大会</span>，</p>
      </formula>
      <container name="回顾" eId="container_2">
        <p xml:space="preserve">
          <span class="bold">回顾</span>其关于合作社在社会发展中的作用的1992年12月16日第<a href="https://undocs.org/ch/A/RES/47/90">47/90</a>号、1994年12月23日第<a href="https://undocs.org/ch/A/RES/49/155">49/155</a>号、1996年12月12日第<a href="https://undocs.org/ch/A/RES/51/58">51/58</a>号、1999年12月17日第<a href="https://undocs.org/ch/A/RES/54/123">54/123</a>号、2001年12月19日第<a href="https://undocs.org/ch/A/RES/56/114">56/114</a>号、2003年12月22日第<a href="https://undocs.org/ch/A/RES/58/131">58/131</a>号、2005年12月16日第<a href="https://undocs.org/ch/A/RES/60/132">60/132</a>号、2007年12月18日第<a href="https://undocs.org/ch/A/RES/62/128">62/128</a>号、2009年12月18日第<a href="https://undocs.org/ch/A/RES/64/136">64/136</a>号、2010年12月21日第<a href="https://undocs.org/ch/A/RES/65/184">65/184</a>号、2011年12月19日第<a href="https://undocs.org/ch/A/RES/66/123">66/123</a>号、2013年12月18日第<a href="https://undocs.org/ch/A/RES/68/133">68/133</a>号、2015年12月17日第<a href="https://undocs.org/ch/A/RES/70/128">70/128</a>号和2017年12月19日第<a href="https://undocs.org/ch/A/RES/72/143">72/143</a>号决议，</p>
      </container>
      <container name="认识到" eId="container_3">
        <p xml:space="preserve">
          <span class="bold">认识到</span>各种形式的合作社均促进地方社区及所有人，包括妇女、青年、老年人、残疾人和土著人民尽可能充分地参与经济和社会发展，他们的参与可加强经济和社会发展，有助于消除贫穷与饥饿，</p>
      </container>
      <container name="又认识到" eId="container_4">
        <p xml:space="preserve">
          <span class="bold">又认识到</span>由于合作社企业时常对遭到社会排斥和处于弱势并且追求利润的传统业界可能并非最适合提供服务的群体提供服务，它们对于支持推动包容性发展的社会融合政策至为重要，特别是在发展中国家，</p>
      </container>
      <container name="还认识到" eId="container_5">
        <p xml:space="preserve">
          <span class="bold">还认识到</span>合作社和其他社会组织可以在促进公正过渡同时努力适应和缓解气候变化方面发挥重要作用，</p>
      </container>
      <container name="重申" eId="container_6">
        <p xml:space="preserve">
          <span class="bold">重申</span>通过题为“变革我们的世界：2030年可持续发展议程”的关于通过2015年后发展议程的联合国首脑会议成果文件<authorialNote marker="1" placement="bottom" eId="authorialNote_1"><p xml:space="preserve">		第<a href="https://undocs.org/ch/A/RES/70/1">70/1</a>号决议。</p></authorialNote> 以及第三次发展筹资问题国际会议的《亚的斯亚贝巴行动议程》，<authorialNote marker="2" placement="bottom" eId="authorialNote_2"><p xml:space="preserve">		第<a href="https://undocs.org/ch/A/RES/69/313">69/313</a>号决议，附件。</p></authorialNote> 并注意到其中肯定合作社在执行《2030年议程》及促进发展筹资方面所起的作用，</p>
      </container>
      <container name="认识到" eId="container_7">
        <p xml:space="preserve">
          <span class="bold">认识到</span>所有形式合作社对社会发展问题世界首脑会议、第四次妇女问题世界会议，包括这些会议的五年期审查，以及联合国住房和城市可持续发展大会(人居三大会)、世界粮食首脑会议、第二次老龄问题世界大会、发展筹资问题国际会议、可持续发展问题世界首脑会议和关于通过2015年后发展议程的联合国首脑会议后续工作的重要贡献及潜力，</p>
      </container>
      <container name="赞赏地注意到" eId="container_8">
        <p xml:space="preserve">
          <span class="bold">赞赏地注意到</span>合作社的发展对于改善土著人民和农村社区社会及经济条件的潜在作用，</p>
      </container>
      <container name="欢迎" eId="container_9">
        <p xml:space="preserve">
          <span class="bold">欢迎</span>联合国粮食及农业组织努力展示农业合作社在改善尤其是农村地区粮食安全和营养、推广可持续农业做法、提高农民农业生产力以及便利市场准入、储蓄、信贷、保险和技术等方面发挥的作用，</p>
      </container>
    </preamble>
    <mainBody>
      <paragraph eId="para_10" class="SingleTxt">
        <num>	1.</num>
        <content eId="para_10__content">
          <p xml:space="preserve">
            <span class="bold">表示注意到</span>秘书长的报告；<authorialNote marker="3" placement="bottom" eId="authorialNote_3"><p xml:space="preserve"><a href="https://undocs.org/ch/A/74/206">A/74/206</a>。</p></authorialNote></p>
        </content>
      </paragraph>
      <paragraph eId="para_11" class="SingleTxt">
        <num>	2.</num>
        <content eId="para_11__content">
          <p xml:space="preserve">
            <span class="bold">赞赏地注意到</span>在2012年举办国际合作社年庆祝活动；</p>
        </content>
      </paragraph>
      <paragraph eId="para_12" class="SingleTxt">
        <num>	3.</num>
        <content eId="para_12__content">
          <p xml:space="preserve">
            <span class="bold">鼓励</span>所有会员国以及联合国和所有其他相关利益攸关方分享通过国际合作社年期间的各种活动确定的最佳做法，并酌情继续开展这些活动；</p>
        </content>
      </paragraph>
      <paragraph eId="para_13" class="SingleTxt">
        <num>	4.</num>
        <content eId="para_13__content">
          <p xml:space="preserve">
            <span class="bold">回顾</span>2012年及其后合作社行动计划草案，其依据是2011年在乌兰巴托举行的专家组会议的成果文件，该会议旨在促进合作社为可持续社会经济发展服务，在现有资源范围内对国际合作社年活动采取有重点、有实效的后续行动；</p>
        </content>
      </paragraph>
      <paragraph eId="para_14" class="SingleTxt">
        <num>	5.</num>
        <content eId="para_14__content">
          <p xml:space="preserve">
            <span class="bold">提请</span>各国政府注意秘书长报告所载建议，在城市和农村地区各个经济部门重点支持合作社，视之为直接有助于创造体面就业机会、消除贫穷和饥饿、保障教育、提供社会保护包括全民健康覆盖、金融普惠以及建立负担得起的住房选择的可持续且成功的工商企业，审查现行立法和规章，使国家的法律和监管环境更有利于建立和发展合作社，为此改进现有的并(或)制定新的法律规章，特别是在资本获取、自主性、竞争力和税务公平等领域；</p>
        </content>
      </paragraph>
      <paragraph eId="para_15" class="SingleTxt">
        <num>	6.</num>
        <content eId="para_15__content">
          <p xml:space="preserve">
            <span class="bold">邀请</span>各国政府和国际组织与合作社和国际合作社组织协作，加强和建立各种形式合作社，特别是由穷人、青年人、妇女、残疾人和其他弱势群体经营的合作社的能力，使合作社能够赋予他们积极改变生活和社区以及建设包容性社会的权能，并增加妇女和青年人对合作社的切实参与，特别是对其决策进程的参与；</p>
        </content>
      </paragraph>
      <paragraph eId="para_16" class="SingleTxt">
        <num>	7.</num>
        <content eId="para_16__content">
          <p xml:space="preserve">
            <span class="bold">邀请</span>各国政府强化努力增进粮食安全、营养及可持续生产和消费，把小农和女性农民以及农业和粮食合作社和农民网络作为工作重点，并辅之以各种措施以改善市场准入和金融资本获取、打造扶持性国内和国际环境以及强化这一领域众多举措包括区域举措的相互协调；</p>
        </content>
      </paragraph>
      <paragraph eId="para_17" class="SingleTxt">
        <num>	8.</num>
        <content eId="para_17__content">
          <p xml:space="preserve">
            <span class="bold">鼓励</span>各国政府促进获得信息和通信技术，作为尤其是在农村地区促成合作社协作与扩展的一个重要渠道，努力消除性别数字鸿沟；</p>
        </content>
      </paragraph>
      <paragraph eId="para_18" class="SingleTxt">
        <num>	9.</num>
        <content eId="para_18__content">
          <p xml:space="preserve">
            <span class="bold">又鼓励</span>各国政府与所有利益攸关方合作，加紧对合作社的运作和贡献的循证研究并扩大对研究成果的获取、利用和传播，制订统计框架，系统收集有关合作社企业的全面、分列数据和最佳做法，同时考虑到现有方法，诸如合作社统计准则，并使公众更好地了解合作社与可持续发展之间特别是在社会包容、创造体面就业、消除一切形式和表现的贫穷、减少不平等、性别平等及妇女和女童赋权和建设和平领域所具有的联系；</p>
        </content>
      </paragraph>
      <paragraph eId="para_19" class="SingleTxt">
        <num>	10.</num>
        <content eId="para_19__content">
          <p xml:space="preserve">
            <span class="bold">邀请</span>各国政府、相关国际组织、专门机构及地方、国家和国际合作社组织继续按照大会第<a href="https://undocs.org/ch/A/RES/47/90">47/90</a>号决议的公告，在每年7月的第一个星期六举办国际合作社日活动；</p>
        </content>
      </paragraph>
      <paragraph eId="para_20" class="SingleTxt">
        <num>	11.</num>
        <content eId="para_20__content">
          <p xml:space="preserve">
            <span class="bold">邀请</span>各国政府与合作社运动协作，制订各种方案，通过提高合作社成员的组织、管理和财务技能等办法来加强合作社能力建设，同时尊重性别平等和增强妇女和女童权能的原则，并引入和支持相关方案以拓宽合作社获取新技术的渠道；</p>
        </content>
      </paragraph>
      <paragraph eId="para_21" class="SingleTxt">
        <num>	12.</num>
        <content eId="para_21__content">
          <p xml:space="preserve">
            <span class="bold">	鼓励</span>各国政府采取适当措施，通过或拟定立法和政策，让妇女平等获得土地，支持妇女合作社和农业方案，让妇女合作社参与公共和私营部门采购进程，增加贸易；</p>
        </content>
      </paragraph>
      <paragraph eId="para_22" class="SingleTxt">
        <num>	13.</num>
        <content eId="para_22__content">
          <p xml:space="preserve">
            <span class="bold">请</span>秘书长与相关联合国组织和其他国际组织以及国家、区域和国际合作社组织合作，在现有资源范围内继续酌情支持会员国努力创造一个有利于合作社发展的环境，酌情将合作社价值观、原则和经营模式纳入包括学校课程在内的教育方案，协助人力资源开发、技术咨询和培训，并通过国家和区域一级的各种会议、讲习班和研讨会等途径促进交流经验和最佳做法；</p>
        </content>
      </paragraph>
      <paragraph eId="para_23" class="SingleTxt">
        <num>	14.</num>
        <content eId="para_23__content">
          <p xml:space="preserve">
            <span class="bold">又请</span>秘书长向大会第七十六届会议提交报告，说明本决议的执行情况。</p>
        </content>
      </paragraph>
    </mainBody>
    <conclusions eId="conclusions">
      <p>
        <inline name="adoptionMeeting" title="第50次">第50次全体会议</inline>
        <eol />
        <docDate date="2019-12-18" refersTo="#adoptionDate">2019年12月18日</docDate>
      </p>
    </conclusions>
  </statement>
</akomaNtoso>