<akomaNtoso xmlns:xsi="http://www.w3.org/2001/XMLSchema-instance" xsi:schemaLocation="http://docs.oasis-open.org/legaldocml/ns/akn/3.0 http://docs.oasis-open.org/legaldocml/akn-core/v1.0/os/part2-specs/schemas/akomantoso30.xsd" xmlns="http://docs.oasis-open.org/legaldocml/ns/akn/3.0" xmlns:html="http://www.w3.org/1999/xhtml" xmlns:akn4un="http://un.org/akn4un">
  <statement name="resolution">
    <meta>
      <identification source="#DGACM">
        <FRBRWork>
          <FRBRthis value="/akn/un/statement/deliberation/unga/2020-06-30/74-295/!main/"></FRBRthis>
          <FRBRuri value="/akn/un/statement/deliberation/unga/2020-06-30/74-295/"></FRBRuri>
          <FRBRdate date="2020-06-30" name="adoption"></FRBRdate>
          <FRBRauthor href="ga" as="author"></FRBRauthor>
          <FRBRcountry value="un"></FRBRcountry>
        </FRBRWork>
        <FRBRExpression>
          <FRBRthis value="/akn/un/statement/deliberation/unga/2020-06-30/74-295/zho@!main/"></FRBRthis>
          <FRBRuri value="/akn/un/statement/deliberation/unga/2020-06-30/74-295/zho@/"></FRBRuri>
          <FRBRdate date="2020-07-15" name="publication"></FRBRdate>
          <FRBRauthor href="ga" as="issuer"></FRBRauthor>
          <FRBRlanguage language="zho"></FRBRlanguage>
        </FRBRExpression>
        <FRBRManifestation>
          <FRBRthis value="/akn/un/statement/deliberation/unga/2020-06-30/74-295/zho@/!main.xml"></FRBRthis>
          <FRBRuri value="/akn/un/statement/deliberation/unga/2020-06-30/74-295/zho@.xml"></FRBRuri>
          <FRBRdate date="2020-10-15" name="markup"></FRBRdate>
          <FRBRauthor href="DGACM" as="editor"></FRBRauthor>
        </FRBRManifestation>
      </identification>
      <classification source="http://metadata.un.org/sdg">
        <keyword value="2" href="http://metadata.un.org/sdg/2" showAs="sdg_2" dictionary="SDGO"></keyword>
        <keyword value="food_shortage" href="http://eurovoc.europa.eu/2318" showAs="food_shortage" dictionary="EuroVoc"></keyword>
        <keyword value="sustainable_agriculture" href="http://eurovoc.europa.eu/6308" showAs="sustainable_agriculture" dictionary="EuroVoc"></keyword>
        <keyword value="food_security" href="http://eurovoc.europa.eu/c_4523e1dd" showAs="food_security" dictionary="EuroVoc"></keyword>
        <keyword value="food_security" href="http://metadata.un.org/thesaurus/1002439" showAs="food_security" dictionary="UNBIS Thesaurus"></keyword>
        <keyword value="food_shortage" href="http://metadata.un.org/thesaurus/1002440" showAs="food_shortage" dictionary="UNBIS Thesaurus"></keyword>
        <keyword value="hunger" href="http://metadata.un.org/thesaurus/1003004" showAs="hunger" dictionary="UNBIS Thesaurus"></keyword>
        <keyword value="sustainable_agriculture" href="http://metadata.un.org/thesaurus/1006317" showAs="sustainable_agriculture" dictionary="UNBIS Thesaurus"></keyword>
      </classification>
      <classification source="http://metadata.un.org/sdg">
        <keyword value="3" href="http://metadata.un.org/sdg/3" showAs="sdg_3" dictionary="SDGO"></keyword>
        <keyword value="public_health" href="http://eurovoc.europa.eu/3885" showAs="public_health" dictionary="EuroVoc"></keyword>
        <keyword value="health" href="http://metadata.un.org/thesaurus/1002824" showAs="health" dictionary="UNBIS Thesaurus"></keyword>
      </classification>
      <classification source="http://metadata.un.org/sdg">
        <keyword value="4" href="http://metadata.un.org/sdg/4" showAs="sdg_4" dictionary="SDGO"></keyword>
        <keyword value="education" href="http://eurovoc.europa.eu/668" showAs="education" dictionary="EuroVoc"></keyword>
        <keyword value="right_to_education" href="http://eurovoc.europa.eu/512" showAs="right_to_education" dictionary="EuroVoc"></keyword>
        <keyword value="education" href="http://metadata.un.org/thesaurus/1001893" showAs="education" dictionary="UNBIS Thesaurus"></keyword>
      </classification>
      <workflow source="#un">
        <step date="2020-06-27" outcome="draftResolution" as="A/C.5/74/L.51" by="submitted by the Chair of the Committee following informal consultations" />
        <step date="0001-01-01" outcome="draftResolutionAdditionalSponsors" by="" />
        <step date="0001-01-01" outcome="recommendedForAdoption" as="A/74/923" refersTo="6" by="" />
        <step date="2020-06-30" outcome="adopted" as="Adopted through silence procedure" by="" />
      </workflow>
      <analysis source="#un">
        <parliamentary>
          <voting outcome="adoptedWithoutVote">
            <quorum value=""></quorum>
          </voting>
        </parliamentary>
      </analysis>
      <references source="#DGACM">
        <TLCOrganization eId="source" href="/akn/ontology/organization/un/DGACM" showAs="DGACM"></TLCOrganization>
        <TLCConcept eId="dateOfIssuance" href="/akn/ontology/concept/un/dateOfIssuance" showAs="Date of issuance"></TLCConcept>
        <TLCConcept eId="dateOfAdoption" href="/akn/ontology/concept/un/dateOfAdoption" showAs="Date of adoption"></TLCConcept>
        <TLCConcept eId="symbol" href="/akn/ontology/reference/un/symbol" showAs="Symbol"></TLCConcept>
        <TLCRole eId="publisher" href="/akn/ontology/role/un/publisher" showAs="Publisher"></TLCRole>
        <TLCRole eId="issuingBody" href="/akn/role/concept/un/issuingBody" showAs="Issuing body"></TLCRole>
        <TLCRole eId="author" href="/akn/ontology/role/un/author" showAs="Author"></TLCRole>
        <TLCRole eId="editor" href="/akn/ontology/role/un/editor" showAs="Editor"></TLCRole>
        <TLCRole eId="distribution" href="/akn/ontology/concept/un/generalDistribution" showAs="General distribution"></TLCRole>
        <TLCOrganization eId="ga" href="/akn/ontology/organization/un/generalAssembly" showAs="General Assembly"></TLCOrganization>
        <TLCTerm eId="resolutionTitle" href="/akn/ontology/reference/un/resolutionTitle" showAs="Resolution title"></TLCTerm>
        <TLCTerm eId="fifthCommittee" href="#fifthCommittee" showAs="第五委员会"></TLCTerm>
        <TLCTerm eId="memberState" href="/akn/ontology/organization/un/memberState" showAs="Member State"></TLCTerm>
        <TLCTerm eId="inFavour" href="/akn/ontology/concept/un/voting/inFavour" showAs="In favour"></TLCTerm>
        <TLCTerm eId="against" href="/akn/ontology/concept/un/voting/against" showAs="Against"></TLCTerm>
        <TLCTerm eId="abstaining" href="/akn/ontology/concept/un/voting/abstaining" showAs="Abstaining"></TLCTerm>
      </references>
      <presentation source="#un">
        <akn4un:footerFirstPage>
          <akn4un:footerFirstPageLeft>
            <akn4un:internalCode>
              <docketNumber refersTo="#publicationJobNumber">20-08807 (C)</docketNumber>
              <img alt="bar code" class="barCode" src=""></img>
            </akn4un:internalCode>
          </akn4un:footerFirstPageLeft>
          <akn4un:footerFirstPageRight>
            <img alt="Please recycle" class="image" src="./recylcleLogo.jpg"></img>
            <img alt="embedded QR code" class="qrCode" src=""></img>
          </akn4un:footerFirstPageRight>
        </akn4un:footerFirstPage>
      </presentation>
    </meta>
    <coverPage eId="coverPage_1">
      <p>
        <span refersTo="#publisher" class="upperLeft">
          <docAuthority refersTo="#publisher">联合国</docAuthority>
        </span>
      </p>
      <p class="upperRight">
        <docNumber refersTo="#symbol">A/RES/74/295</docNumber>
      </p>
      <p class="upperLeft">
        <img src="logo-un.jpg"></img>
        <docAuthority refersTo="#issuingBody" class="rightBig">大会</docAuthority>
      </p>
      <p>
        <docStatus refersTo="#generalDistribution" class="rightSmall">Distr.: General</docStatus>
      </p>
      <p>
        <docDate date="2020-07-15" class="rightSmall" refersTo="#dateOfIssuance">15 July 2020</docDate>
      </p>
      <p>
        <session refersTo="#generalAssembly" value="74" eId="coverPage_1__session_1">第七十四届会议</session>
      </p>
      <p>
        <inline name="agenda item">议程项目164</inline>
      </p>
      <p>
        <inline name="agenda item name">安全理事会第1863(2009)号决议 引起的活动经费的筹措</inline>
      </p>
      <p>
        <docTitle>2020年6月30日大会决议</docTitle>
      </p>
      <p xml:space="preserve">
        <docProponent refersTo="#fifthCommittee">[根据第五委员会的报告 (<inline name="originating document">A/74/923</inline>)]</docProponent>
      </p>
    </coverPage>
    <preface>
      <p>
        <docNumber>74/295.</docNumber>
        <docTitle refersTo="#resolutionTitle">安全理事会第1863(2009)号决议引起的活动经费的筹措</docTitle>
      </p>
    </preface>
    <preamble>
      <formula name="enactingFormula" eId="formula_1">
        <p xml:space="preserve">
          <span class="bold">大会</span>，</p>
      </formula>
      <container name="审议了" eId="container_2">
        <p xml:space="preserve">
          <span class="bold">	审议了</span>秘书长关于联合国索马里支助办公室经费筹措的报告<authorialNote marker="1" placement="bottom" eId="authorialNote_1"><p xml:space="preserve"><a href="https://undocs.org/ch/A/74/599">A/74/599</a>和<a href="https://undocs.org/ch/A/74/722">A/74/722</a>。</p></authorialNote> 以及行政和预算问题咨询委员会的相关报告，<authorialNote marker="2" placement="bottom" eId="authorialNote_2"><p xml:space="preserve"><a href="https://undocs.org/ch/A/74/737/Add.8">A/74/737/Add.8</a>。</p></authorialNote></p>
      </container>
      <container name="回顾" eId="container_3">
        <p xml:space="preserve">
          <span class="bold">	回顾</span>安全理事会2009年1月16日第<a href="https://undocs.org/ch/S/RES/1863(2009)">1863(2009)</a>号决议，其中安理会表示打算在索马里设立一个联合国维持和平行动，作为非洲联盟驻索马里特派团的接替部队，但须安理会至迟于2009年6月1日作出进一步决定，并请秘书长为便于非洲联盟驻索马里特派团部队并入联合国维持和平行动，向该特派团提供一揽子联合国后勤支助，包括提供设备与服务，</p>
      </container>
      <container name="又回顾" eId="container_4">
        <p xml:space="preserve">
          <span class="bold">	又回顾</span>安全理事会其后延长给该特派团的一揽子后勤支助的各项决议，最近的是2020年5月29日第<a href="https://undocs.org/ch/S/RES/2520(2020)">2520(2020)</a>号决议，其中安理会将一揽子后勤支助延长至2021年2月28日，</p>
      </container>
      <container name="还回顾" eId="container_5">
        <p xml:space="preserve">
          <span class="bold">	还回顾</span>其2009年4月7日关于安全理事会第<a href="https://undocs.org/ch/S/RES/1863(2009)">1863(2009)</a>号决议所引起活动经费筹措的第<a href="https://undocs.org/ch/A/RES/63/275">63/275</a> A号决议及其后各项有关决议，最近的是2019年7月3日第<a href="https://undocs.org/ch/A/RES/73/325">73/325</a>号决议，并回顾其2019年7月3日第73/555号决定，</p>
      </container>
      <container name="重申" eId="container_6">
        <p xml:space="preserve">
          <span class="bold">	重申</span>其1963年6月27日第<a href="https://undocs.org/ch/A/RES/1874(S-IV)">1874(S-IV)</a>号、1973年12月11日第<a href="https://undocs.org/ch/A/RES/3101(XXVIII)">3101(XXVIII)</a>号和2000年12月23日第<a href="https://undocs.org/ch/A/RES/55/235">55/235</a>号决议阐述的联合国维持和平行动经费筹措一般原则，</p>
      </container>
      <container name="赞赏地注意到" eId="container_7">
        <p xml:space="preserve">
          <span class="bold">	赞赏地注意到</span>已向联合国支助非洲联盟驻索马里特派团信托基金作出的自愿捐助，</p>
      </container>
    </preamble>
    <mainBody>
      <paragraph eId="para_8" class="MercuryDocument">
        <num>	1.</num>
        <content eId="para_8__content">
          <p xml:space="preserve">
            <span class="bold">表示注意到</span>联合国索马里支助办公室截至2020年4月30日的摊款缴纳情况，包括未缴摊款共计2.342亿美元，约占摊款总数的4.6%，关切地注意到只有110个会员国已足额缴纳摊款，并敦促所有其他会员国，尤其是拖欠国，确保缴纳未缴摊款；</p>
        </content>
      </paragraph>
      <paragraph eId="para_9" class="MercuryDocument">
        <num>	2.</num>
        <content eId="para_9__content">
          <p xml:space="preserve">
            <span class="bold">认可</span>行政和预算问题咨询委员会报告<sup>2 </sup>所载结论和建议，但以符合本决议的规定为前提，并请秘书长确保予以充分落实；</p>
        </content>
      </paragraph>
      <paragraph eId="para_10" class="MercuryDocument">
        <num>	3.</num>
        <content eId="para_10__content">
          <p xml:space="preserve">
            <span class="bold">请</span>秘书长制定明确的框架和准则，以确定除其他外，用以购买包括航空服务在内的不同类型的货物和服务所应采用的招标程序(招标书或征求建议书)，并相应更新《联合国采购手册》；</p>
        </content>
      </paragraph>
      <paragraph eId="para_11" class="MercuryDocument">
        <num>	4.</num>
        <content eId="para_11__content">
          <p xml:space="preserve">
            <span class="bold">又请</span>秘书长采取措施，确保本组织遵循公共采购在透明度方面的最佳做法，包括在公共域登载更多信息，说明航空服务等采购领域活动的结果，进一步提高本组织采购活动的透明度，并相应更新《联合国采购手册》；</p>
        </content>
      </paragraph>
      <paragraph eId="para_12" class="MercuryDocument">
        <num>	5.</num>
        <content eId="para_12__content">
          <p xml:space="preserve">
            <span class="bold">注意到</span>作为全面业绩评估系统实施工作的一部分，正在制定基于影响的业绩指标，并在这方面请秘书长在下次报告中提供资料，说明这些指标将如何衡量联索支助办执行授权任务的情况、资源分配对联索支助办执行授权任务的影响以及这些指标将如何帮助确定每项授权任务所需的资源；</p>
        </content>
      </paragraph>
      <paragraph eId="para_13" class="MercuryDocument">
        <num>	6.</num>
        <content eId="para_13__content">
          <p xml:space="preserve">
            <span class="bold">请</span>秘书长在下次报告中提供新的全面业绩评估系统的实施计划和实施情况分析，包括该系统与特派团规划和预算编制的关联，以便于大会审议为实施该系统提出的资源请求；</p>
        </content>
      </paragraph>
      <paragraph eId="para_14" class="MercuryDocument">
        <num>	7.</num>
        <content eId="para_14__content">
          <p xml:space="preserve">
            <span class="bold">强调</span>秘书处问责制的重要性，请秘书长在管理维持和平预算方面继续加强风险管理和内部控制，促进执行任务和提高透明度，并在下次报告中报告这方面的情况；</p>
        </content>
      </paragraph>
      <paragraph eId="para_15" class="MercuryDocument">
        <num>	8.</num>
        <content eId="para_15__content">
          <p xml:space="preserve">
            <span class="bold">又强调</span>各维持和平行动全面执行预算的重要性，请秘书长继续执行各相关监督机构的建议，同时应适当考虑大会给予的指导和建议，并在执行情况报告中报告这方面的情况；</p>
        </content>
      </paragraph>
      <paragraph eId="para_16" class="MercuryDocument">
        <num>	9.</num>
        <content eId="para_16__content">
          <p xml:space="preserve">
            <span class="bold">严重关切地注意到</span>冠状病毒病(COVID-19)大流行对生命、健康、安全和安保构成威胁，必须确保维持和平人员的安全、安保和健康，持续不断地执行保护平民等关键任务，最大限度地减少特派团活动传播病毒的风险，并酌情在任务范围内，应国家当局的请求，与驻地协调员和在该国的其他联合国实体合作，支持国家当局应对COVID-19；</p>
        </content>
      </paragraph>
      <paragraph eId="para_17" class="MercuryDocument">
        <num>	10.</num>
        <content eId="para_17__content">
          <p xml:space="preserve">
            <span class="bold">请</span>秘书长在下次执行情况报告中说明联索支助办的应对情况以及从过去和目前的流行病和大流行病中吸取的经验教训，并提出改进今后流行病和大流行病准备工作的备选方案，包括业务连续性方面的备选方案；</p>
        </content>
      </paragraph>
      <paragraph eId="para_18" class="MercuryDocument">
        <num>	11.</num>
        <content eId="para_18__content">
          <p xml:space="preserve">
            <span class="bold">注意到</span>在执行多年期环境战略、减少维持和平行动足迹方面取得的进展，请秘书长按照五大战略支柱，根据实地的特殊情况，并充分遵守相关细则和条例，加强各项措施，促进在所有维持和平特派团执行该战略，并在下次概览报告中报告这方面的情况；</p>
        </content>
      </paragraph>
      <paragraph eId="para_19" class="MercuryDocument">
        <num>	12.</num>
        <content eId="para_19__content">
          <p xml:space="preserve">
            <span class="bold">表示关切</span>关于维持和平特派团性剥削和性虐待指控的报告，请秘书长继续对所有文职和军警人员执行其关于性剥削和性虐待的零容忍政策，并在下次关于共有问题的报告中报告这方面的情况；</p>
        </content>
      </paragraph>
      <paragraph eId="para_20" class="MercuryDocument">
        <num>	13.</num>
        <content eId="para_20__content">
          <p xml:space="preserve">
            <span class="bold">确认</span>联合国维持和平人员面临日益增加的安全挑战，重申其改善联索支助办人员、特别是改善军警人员安全和安保的承诺，请秘书长进一步加强这方面的措施，并在下次联索支助办预算报告中向大会报告这方面的情况；</p>
        </content>
      </paragraph>
      <paragraph eId="para_21" class="MercuryDocument">
        <num>	14.</num>
        <content eId="para_21__content">
          <p xml:space="preserve">
            <span class="bold">重申</span>其第<a href="https://undocs.org/ch/A/RES/61/276">61/276</a>号决议第十八节的规定，进一步确认速效项目在支持特派团执行任务方面发挥的重要作用，强调指出，必须以负责任和接受问责的方式及时地执行所有这类计划中项目，并请秘书长增强项目的影响，处理项目的潜在挑战；</p>
        </content>
      </paragraph>
      <paragraph eId="para_22" class="MercuryDocument">
        <num>	15.</num>
        <content eId="para_22__content">
          <p xml:space="preserve">
            <span class="bold">请</span>秘书长在编制预算报告时，根据特派团任务和需求，考虑将更多职能本国化的各种备选方案；</p>
        </content>
      </paragraph>
      <paragraph eId="para_23" class="MercuryDocument">
        <num>	16.</num>
        <content eId="para_23__content">
          <p xml:space="preserve">
            <span class="bold">再次表示关切</span>文职人员配置中存在的职位大量空缺的情况，并再次请秘书长确保尽速填补空缺员额；</p>
        </content>
      </paragraph>
      <paragraph eId="para_24" class="MercuryDocument">
        <num>	17.</num>
        <content eId="para_24__content">
          <p xml:space="preserve">
            <span class="bold">请</span>秘书长确保尽速填补空缺员额，并决定，本预算期间不裁撤空缺时间已达或超过24个月的员额；</p>
        </content>
      </paragraph>
      <paragraph eId="para_25" class="MercuryDocument">
        <num>	18.</num>
        <content eId="para_25__content">
          <p xml:space="preserve">
            <span class="bold">请</span>秘书长审查空缺时间已达或超过24个月的员额，并在下次预算报告中提出建议，或保留这些员额并且提出明确的需要保留的理由，或裁撤这些员额；</p>
        </content>
      </paragraph>
      <paragraph eId="para_26" class="MercuryDocument">
        <num>	19.</num>
        <content eId="para_26__content">
          <p xml:space="preserve">
            <span class="bold">又请</span>秘书长对各实体为扫雷活动提供的服务进行一次比较评估，并在下次报告中提供评估结果；</p>
        </content>
      </paragraph>
      <paragraph eId="para_27" class="MercuryDocument">
        <num>	20.</num>
        <content eId="para_27__content">
          <p xml:space="preserve">
            <span class="bold">确认</span>区域和次区域行为体在维持和平行动中发挥的重要作用，在这方面，鼓励秘书长根据相关任务授权，深化联合国与区域和次区域行为体的伙伴关系、合作和协调，并在下次报告中提供信息，介绍这种深化的关系；</p>
        </content>
      </paragraph>
      <paragraph eId="para_28" class="MercuryDocument">
        <num>	21.</num>
        <content eId="para_28__content">
          <p xml:space="preserve">
            <span class="bold">注意到</span>选举是和平进程的一个重要里程碑，强调指出务必按照任务规定向维持和平特派团东道国选举进程提供充分和及时的支助，并在这方面请秘书长在下次概览报告中列入联合国支助选举活动的最新信息；</p>
        </content>
      </paragraph>
      <paragraph eId="para_29" class="MercuryDocument">
        <num>	22.</num>
        <content eId="para_29__content">
          <p xml:space="preserve">
            <span class="bold">请</span>秘书长确保充分执行其2005年6月22日第<a href="https://undocs.org/ch/A/RES/59/296">59/296</a>号、2006年6月30日第<a href="https://undocs.org/ch/A/RES/60/266">60/266</a>号、2007年6月29日第<a href="https://undocs.org/ch/A/RES/61/276">61/276</a>号、2010年6月24日第<a href="https://undocs.org/ch/A/RES/64/269">64/269</a>号、2011年6月30日第<a href="https://undocs.org/ch/A/RES/65/289">65/289</a>号、2012年6月21日第<a href="https://undocs.org/ch/A/RES/66/264">66/264</a>号、2015年6月25日第<a href="https://undocs.org/ch/A/RES/69/307">69/307</a>号和2016年6月17日第<a href="https://undocs.org/ch/A/RES/70/286">70/286</a>号决议以及其他相关决议的相关规定；</p>
        </content>
      </paragraph>
      <paragraph eId="para_30" class="MercuryDocument">
        <subheading>2018年7月1日至2019年6月30日期间预算执行情况报告</subheading>
      </paragraph>
      <paragraph eId="para_31" class="MercuryDocument">
        <num>	23.</num>
        <content eId="para_31__content">
          <p xml:space="preserve">
            <span class="bold">表示注意到</span>秘书长关于联索支助办2018年7月1日至2019年6月30日期间预算执行情况的报告；<authorialNote marker="3" placement="bottom" eId="authorialNote_3"><p xml:space="preserve"><a href="https://undocs.org/ch/A/74/599">A/74/599</a>。</p></authorialNote></p>
        </content>
      </paragraph>
      <paragraph eId="para_32" class="MercuryDocument">
        <subheading>2020年7月1日至2021年6月30日期间的预算估计数</subheading>
      </paragraph>
      <paragraph eId="para_33" class="MercuryDocument">
        <num>	24.</num>
        <content eId="para_33__content">
          <p xml:space="preserve">
            <span class="bold">决定</span>批款590 957 700美元给联合国索马里支助办公室特别账户，充作其2020年7月1日至2021年6月30日期间的经费，其中包括给联索支助办的维持费550 608 600美元、给维持和平行动支助账户的31 473 300美元、给意大利布林迪西联合国后勤基地的5 305 300美元和给乌干达恩德培区域服务中心的3 570 500美元；</p>
        </content>
      </paragraph>
      <paragraph eId="para_34" class="MercuryDocument">
        <subheading>2020年7月1日至2021年6月30日期间批款的筹措</subheading>
      </paragraph>
      <paragraph eId="para_35" class="MercuryDocument">
        <num>	25.</num>
        <content eId="para_35__content">
          <p xml:space="preserve">
            <span class="bold">决定</span>考虑到其2018年12月22日第<a href="https://undocs.org/ch/A/RES/73/271">73/271</a>号决议规定的2020年和2021年分摊比额表，由会员国按照大会2018年12月22日第<a href="https://undocs.org/ch/A/RES/73/272">73/272</a>号决议更新的缴款等级分摊393 971 800美元，每月49 246 475美元，充作2020年7月1日至2021年2月28日期间的经费；</p>
        </content>
      </paragraph>
      <paragraph eId="para_36" class="MercuryDocument">
        <num>	26.</num>
        <content eId="para_36__content">
          <p xml:space="preserve">
            <span class="bold">又决定</span>根据其1955年12月15日第<a href="https://undocs.org/ch/A/RES/973(X)">973 (X)</a>号决议的规定，从上文第25段规定的会员国摊款中减除会员国在衡平征税基金内7 172 467美元中各自应分的数额，基金内的这笔款项包括核定给联索支助办的工作人员薪金税收入估计数4 892 600美元，核定给支助账户的工作人员薪金税收入估计数中按比例应分的数额1 686 400美元，核定给联合国后勤基地的工作人员薪金税收入估计数中按比例应分的数额344 400美元以及核定给区域服务中心的工作人员薪金税收入估计数中按比例应分的数额249 067美元；</p>
        </content>
      </paragraph>
      <paragraph eId="para_37" class="MercuryDocument">
        <num>	27.</num>
        <content eId="para_37__content">
          <p xml:space="preserve">
            <span class="bold">还决定</span>，考虑到其第<a href="https://undocs.org/ch/A/RES/73/271">73/271</a>号决议规定的2020年和2021年分摊比额表，由会员国按照其第<a href="https://undocs.org/ch/A/RES/73/272">73/272</a>号决议更新的缴款等级分摊196 985 900美元，每月49 246 475美元，充作2021年3月1日至6月30日期间的经费，但以安全理事会决定延长联索支助办的任务期限为前提；</p>
        </content>
      </paragraph>
      <paragraph eId="para_38" class="MercuryDocument">
        <num>	28.</num>
        <content eId="para_38__content">
          <p xml:space="preserve">
            <span class="bold">决定</span>根据其1955年12月15日第<a href="https://undocs.org/ch/A/RES/973(X)">973 (X)</a>号决议的规定，从上文第27段规定的会员国摊款中减除会员国在衡平征税基金内3 586 233美元中各自应分的数额，基金内的这笔款项包括核定给联索支助办的工作人员薪金税收入估计数2 446 300美元，核定给支助账户的工作人员薪金税收入估计数中按比例应分的数额843 200美元，核定给联合国后勤基地的工作人员薪金税收入估计数中按比例应分的数额172 200美元以及核定给区域服务中心的工作人员薪金税收入估计数中按比例应分的数额124 533美元；</p>
        </content>
      </paragraph>
      <paragraph eId="para_39" class="MercuryDocument">
        <num>	29.</num>
        <content eId="para_39__content">
          <p xml:space="preserve">
            <span class="bold">又决定</span>对于已经履行对联索支助办财政义务的会员国，应考虑到大会第73/271号决议规定的2019年分摊比额表，按照第<a href="https://undocs.org/ch/A/RES/73/272">73/272</a>号决议更新的缴款等级，从上文第25段规定的摊款中减除2019年6月30日终了财政期间未支配余额和其他收入共计30 709 100美元中各自应分的数额；</p>
        </content>
      </paragraph>
      <paragraph eId="para_40" class="MercuryDocument">
        <num>	30.</num>
        <content eId="para_40__content">
          <p xml:space="preserve">
            <span class="bold">还决定</span>对于尚未履行对联索支助办财政义务的会员国，应按照上文第29段规定的办法，从其所欠款项中减除2019年6月30日终了财政期间未支配余额和其他收入共计30 709 100美元中各自应分的数额；</p>
        </content>
      </paragraph>
      <paragraph eId="para_41" class="MercuryDocument">
        <num>	31.</num>
        <content eId="para_41__content">
          <p xml:space="preserve">
            <span class="bold">决定</span>上文第29和30段提及的30 709 100美元贷项应加上2019年6月30日终了财政期间工作人员薪金税收入估计数增加额768 700美元；</p>
        </content>
      </paragraph>
      <paragraph eId="para_42" class="MercuryDocument">
        <num>	32.</num>
        <content eId="para_42__content">
          <p xml:space="preserve">
            <span class="bold">邀请</span>各方向联合国支助非洲联盟驻索马里特派团信托基金作出自愿捐助；</p>
        </content>
      </paragraph>
      <paragraph eId="para_43" class="MercuryDocument">
        <num>	33.</num>
        <content eId="para_43__content">
          <p xml:space="preserve">
            <span class="bold">决定</span>将题为“安全理事会第<a href="https://undocs.org/ch/S/RES/1863(2009)">1863(2009)</a>号决议引起的活动经费的筹措”的项目列入大会第七十五届会议临时议程。</p>
        </content>
      </paragraph>
    </mainBody>
    <conclusions eId="conclusions">
      <p>
        <docDate date="2020-06-30" refersTo="#adoptionDate">2020年6月30日</docDate>
      </p>
    </conclusions>
  </statement>
</akomaNtoso>