<akomaNtoso xmlns:xsi="http://www.w3.org/2001/XMLSchema-instance" xsi:schemaLocation="http://docs.oasis-open.org/legaldocml/ns/akn/3.0 http://docs.oasis-open.org/legaldocml/akn-core/v1.0/os/part2-specs/schemas/akomantoso30.xsd" xmlns="http://docs.oasis-open.org/legaldocml/ns/akn/3.0" xmlns:html="http://www.w3.org/1999/xhtml" xmlns:akn4un="http://un.org/akn4un">
  <statement name="resolution">
    <meta>
      <identification source="#DGACM">
        <FRBRWork>
          <FRBRthis value="/akn/un/statement/deliberation/unga/2019-12-19/74-236/!main/"></FRBRthis>
          <FRBRuri value="/akn/un/statement/deliberation/unga/2019-12-19/74-236/"></FRBRuri>
          <FRBRdate date="2019-12-19" name="adoption"></FRBRdate>
          <FRBRauthor href="ga" as="author"></FRBRauthor>
          <FRBRcountry value="un"></FRBRcountry>
        </FRBRWork>
        <FRBRExpression>
          <FRBRthis value="/akn/un/statement/deliberation/unga/2019-12-19/74-236/zho@!main/"></FRBRthis>
          <FRBRuri value="/akn/un/statement/deliberation/unga/2019-12-19/74-236/zho@/"></FRBRuri>
          <FRBRdate date="2020-01-17" name="publication"></FRBRdate>
          <FRBRauthor href="ga" as="issuer"></FRBRauthor>
          <FRBRlanguage language="zho"></FRBRlanguage>
        </FRBRExpression>
        <FRBRManifestation>
          <FRBRthis value="/akn/un/statement/deliberation/unga/2019-12-19/74-236/zho@/!main.xml"></FRBRthis>
          <FRBRuri value="/akn/un/statement/deliberation/unga/2019-12-19/74-236/zho@.xml"></FRBRuri>
          <FRBRdate date="2020-09-01" name="markup"></FRBRdate>
          <FRBRauthor href="DGACM" as="editor"></FRBRauthor>
        </FRBRManifestation>
      </identification>
      <classification source="http://metadata.un.org/sdg">
        <keyword value="3" href="http://metadata.un.org/sdg/3" showAs="sdg_3" dictionary="SDGO"></keyword>
        <keyword value="public_health" href="http://eurovoc.europa.eu/3885" showAs="public_health" dictionary="EuroVoc"></keyword>
        <keyword value="health" href="http://metadata.un.org/thesaurus/1002824" showAs="health" dictionary="UNBIS Thesaurus"></keyword>
      </classification>
      <classification source="http://metadata.un.org/sdg">
        <keyword value="4" href="http://metadata.un.org/sdg/4" showAs="sdg_4" dictionary="SDGO"></keyword>
        <keyword value="education" href="http://eurovoc.europa.eu/668" showAs="education" dictionary="EuroVoc"></keyword>
        <keyword value="right_to_education" href="http://eurovoc.europa.eu/512" showAs="right_to_education" dictionary="EuroVoc"></keyword>
        <keyword value="education" href="http://metadata.un.org/thesaurus/1001893" showAs="education" dictionary="UNBIS Thesaurus"></keyword>
      </classification>
      <classification source="http://metadata.un.org/sdg">
        <keyword value="17" href="http://metadata.un.org/sdg/17" showAs="sdg_17" dictionary="SDGO"></keyword>
        <keyword value="sustainable_development" href="http://eurovoc.europa.eu/5585" showAs="sustainable_development" dictionary="EuroVoc"></keyword>
        <keyword value="partnership" href="http://eurovoc.europa.eu/4199" showAs="partnership" dictionary="EuroVoc"></keyword>
        <keyword value="sustainable_development" href="http://metadata.un.org/thesaurus/1006319" showAs="sustainable_development" dictionary="UNBIS Thesaurus"></keyword>
        <keyword value="partnership" href="http://metadata.un.org/thesaurus/1004748" showAs="partnership" dictionary="UNBIS Thesaurus"></keyword>
      </classification>
      <classification source="http://metadata.un.org/sdg">
        <keyword value="16" href="http://metadata.un.org/sdg/16" showAs="sdg_16" dictionary="SDGO"></keyword>
        <keyword value="right_to_justice" href="http://eurovoc.europa.eu/516" showAs="right_to_justice" dictionary="EuroVoc"></keyword>
        <keyword value="sustainable_development" href="http://eurovoc.europa.eu/5585" showAs="sustainable_development" dictionary="EuroVoc"></keyword>
        <keyword value="civil_society" href="http://metadata.un.org/thesaurus/1001012" showAs="civil_society" dictionary="UNBIS Thesaurus"></keyword>
        <keyword value="justice" href="http://metadata.un.org/thesaurus/1003500" showAs="justice" dictionary="UNBIS Thesaurus"></keyword>
        <keyword value="peaceful_coexistence" href="http://metadata.un.org/thesaurus/1004777" showAs="peaceful_coexistence" dictionary="UNBIS Thesaurus"></keyword>
        <keyword value="public_institutions" href="http://metadata.un.org/thesaurus/1005254" showAs="public_institutions" dictionary="UNBIS Thesaurus"></keyword>
        <keyword value="social_justice" href="http://metadata.un.org/thesaurus/1005970" showAs="social_justice" dictionary="UNBIS Thesaurus"></keyword>
        <keyword value="sustainable_development" href="http://metadata.un.org/thesaurus/1006319" showAs="sustainable_development" dictionary="UNBIS Thesaurus"></keyword>
      </classification>
      <workflow source="#un">
        <step date="2019-11-19" outcome="draftResolution" as="A/C.2/74/L.56" by="submitted by the Vice-Chair of the Committee" />
        <step date="0001-01-01" outcome="draftResolutionAdditionalSponsors" by="" />
        <step date="0001-01-01" outcome="recommendedForAdoption" as="A/74/384/Add.3" by="" refersTo="8" />
        <step date="2019-12-19" outcome="adopted" as="A/74/PV.52" by="" />
      </workflow>
      <analysis source="#un">
        <parliamentary>
          <voting outcome="adoptedWithoutVote">
            <quorum value=""></quorum>
          </voting>
        </parliamentary>
      </analysis>
      <references source="#DGACM">
        <TLCOrganization eId="source" href="/akn/ontology/organization/un/DGACM" showAs="DGACM"></TLCOrganization>
        <TLCConcept eId="dateOfIssuance" href="/akn/ontology/concept/un/dateOfIssuance" showAs="Date of issuance"></TLCConcept>
        <TLCConcept eId="dateOfAdoption" href="/akn/ontology/concept/un/dateOfAdoption" showAs="Date of adoption"></TLCConcept>
        <TLCConcept eId="symbol" href="/akn/ontology/reference/un/symbol" showAs="Symbol"></TLCConcept>
        <TLCRole eId="publisher" href="/akn/ontology/role/un/publisher" showAs="Publisher"></TLCRole>
        <TLCRole eId="issuingBody" href="/akn/role/concept/un/issuingBody" showAs="Issuing body"></TLCRole>
        <TLCRole eId="author" href="/akn/ontology/role/un/author" showAs="Author"></TLCRole>
        <TLCRole eId="editor" href="/akn/ontology/role/un/editor" showAs="Editor"></TLCRole>
        <TLCRole eId="distribution" href="/akn/ontology/concept/un/generalDistribution" showAs="General distribution"></TLCRole>
        <TLCOrganization eId="ga" href="/akn/ontology/organization/un/generalAssembly" showAs="General Assembly"></TLCOrganization>
        <TLCTerm eId="resolutionTitle" href="/akn/ontology/reference/un/resolutionTitle" showAs="Resolution title"></TLCTerm>
        <TLCTerm eId="secondCommittee" href="#secondCommittee" showAs="第二委员会"></TLCTerm>
        <TLCTerm eId="memberState" href="/akn/ontology/organization/un/memberState" showAs="Member State"></TLCTerm>
        <TLCTerm eId="inFavour" href="/akn/ontology/concept/un/voting/inFavour" showAs="In favour"></TLCTerm>
        <TLCTerm eId="against" href="/akn/ontology/concept/un/voting/against" showAs="Against"></TLCTerm>
        <TLCTerm eId="abstaining" href="/akn/ontology/concept/un/voting/abstaining" showAs="Abstaining"></TLCTerm>
      </references>
      <presentation source="#un">
        <akn4un:footerFirstPage>
          <akn4un:footerFirstPageLeft>
            <akn4un:internalCode>
              <docketNumber refersTo="#publicationJobNumber">19-22509 (C)</docketNumber>
              <img alt="bar code" class="barCode" src=""></img>
            </akn4un:internalCode>
          </akn4un:footerFirstPageLeft>
          <akn4un:footerFirstPageRight>
            <img alt="Please recycle" class="image" src="./recylcleLogo.jpg"></img>
            <img alt="embedded QR code" class="qrCode" src=""></img>
          </akn4un:footerFirstPageRight>
        </akn4un:footerFirstPage>
      </presentation>
    </meta>
    <coverPage eId="coverPage_1">
      <p>
        <span refersTo="#publisher" class="upperLeft">
          <docAuthority refersTo="#publisher">联合国</docAuthority>
        </span>
      </p>
      <p class="upperRight">
        <docNumber refersTo="#symbol">A/RES/74/236</docNumber>
      </p>
      <p class="upperLeft">
        <img src="logo-un.jpg"></img>
        <docAuthority refersTo="#issuingBody" class="rightBig">大会</docAuthority>
      </p>
      <p>
        <docStatus refersTo="#generalDistribution" class="rightSmall">Distr.: General</docStatus>
      </p>
      <p>
        <docDate date="2020-01-17" class="rightSmall" refersTo="#dateOfIssuance">17 January 2020</docDate>
      </p>
      <p>
        <session refersTo="#generalAssembly" value="74" eId="coverPage_1__session_1">第七十四届会议</session>
      </p>
      <p>
        <inline name="agenda item">议程项目22(c)</inline>
      </p>
      <p>
        <inline name="agenda item name">消除贫困和其他发展问题：人力资源开发</inline>
      </p>
      <p>
        <docTitle>2019年12月19日大会决议</docTitle>
      </p>
      <p xml:space="preserve">
        <docProponent refersTo="#secondCommittee">[根据第二委员会的报告 (<inline name="originating document">A/74/384/Add.3</inline>)]</docProponent>
      </p>
    </coverPage>
    <preface>
      <p>
        <docNumber>74/236.</docNumber>
        <docTitle refersTo="#resolutionTitle">人力资源开发</docTitle>
      </p>
    </preface>
    <preamble>
      <formula name="enactingFormula" eId="formula_1">
        <p xml:space="preserve">
          <span class="bold">大会</span>，</p>
      </formula>
      <container name="回顾" eId="container_2">
        <p xml:space="preserve">
          <span class="bold">回顾</span>其1997年12月18日第<a href="https://undocs.org/ch/A/RES/52/196">52/196</a>号、1999年12月22日第<a href="https://undocs.org/ch/A/RES/54/211">54/211</a>号、2001年12月21日第<a href="https://undocs.org/ch/A/RES/56/189">56/189</a>号、2003年12月23日第<a href="https://undocs.org/ch/A/RES/58/207">58/207</a>号、2005年12月22日第<a href="https://undocs.org/ch/A/RES/60/211">60/211</a>号、2007年12月19日第<a href="https://undocs.org/ch/A/RES/62/207">62/207</a>号、2009年12月21日第<a href="https://undocs.org/ch/A/RES/64/218">64/218</a>号、2011年12月22日第<a href="https://undocs.org/ch/A/RES/66/217">66/217</a>号、2013年12月20日第<a href="https://undocs.org/ch/A/RES/68/228">68/228</a>号、2015年12月22日第<a href="https://undocs.org/ch/A/RES/70/220">70/220</a>号和2017年12月20日第<a href="https://undocs.org/ch/A/RES/72/235">72/235</a>号决议，</p>
      </container>
      <container name="重申" eId="container_3">
        <p xml:space="preserve">
          <span class="bold">重申</span>其题为“变革我们的世界：2030年可持续发展议程”的2015年9月25日第<a href="https://undocs.org/ch/A/RES/70/1">70/1</a>号决议，其中大会通过了一套全面、意义深远和以人为中心的具有普遍性和变革性的可持续发展目标和具体目标，承诺做出不懈努力，使这一议程在2030年前得到全面执行，认识到消除一切形式和表现的贫困，包括消除极端贫困，是世界的最大挑战，对实现可持续发展必不可少，并决心采用统筹兼顾的方式，从经济、社会和环境这三个方面实现可持续发展，在巩固实施千年发展目标成果的基础上，争取完成它们尚未完成的事业，</p>
      </container>
      <container name="又重申" eId="container_4">
        <p xml:space="preserve">
          <span class="bold">又重申</span>其关于《第三次发展筹资问题国际会议亚的斯亚贝巴行动议程》的2015年7月27日第<a href="https://undocs.org/ch/A/RES/69/313">69/313</a>号决议，该议程是《2030年可持续发展议程》的组成部分，支持和补充《2030年议程》，有助于将其执行手段的具体目标与具体政策和行动联系起来，并再次作出强有力的政治承诺，本着全球伙伴关系和团结精神应对挑战，在各级为可持续发展筹措资金和创造有利环境，</p>
      </container>
      <container name="重申" eId="container_5">
        <p xml:space="preserve">
          <span class="bold">重申</span>其2019年9月16日第<a href="https://undocs.org/ch/A/RES/73/342">73/342</a>号决议，其中欢迎国际劳工大会第108届会议通过《国际劳工组织关于劳动世界的未来百年宣言》，<authorialNote marker="1" placement="bottom" eId="authorialNote_1"><p xml:space="preserve"><a href="https://undocs.org/ch/A/73/918">A/73/918</a>，附件。</p></authorialNote> 并鼓励其实施，</p>
      </container>
      <container name="强调指出" eId="container_6">
        <p xml:space="preserve">
          <span class="bold">强调指出</span>人力资源开发是可持续发展三方面的核心，卫生和教育是人力资源开发的核心，</p>
      </container>
      <container name="又强调指出" eId="container_7">
        <p xml:space="preserve">
          <span class="bold">又强调指出</span>人力资源开发对实现国际商定的可持续发展目标以及为民众特别是处境脆弱民众增加机会的努力至关重要，</p>
      </container>
      <container name="欢迎" eId="container_8">
        <p xml:space="preserve">
          <span class="bold">欢迎</span>多年来作出巨大努力，但认识到许多国家在建立一个能够满足国家经济和社会需求的充足人力资源库方面仍然面临艰巨挑战，拟订和执行有效的人力资源战略往往需要资源和能力，而发展中国家并非总是拥有这些资源和能力，又认识到必须探寻人力资源开发的新途径，</p>
      </container>
      <container name="强调指出" eId="container_9">
        <p xml:space="preserve">
          <span class="bold">强调指出</span>气候变化是一个重大发展挑战，为应对气候变化而改善教育和体制能力与确保人民能够过上健康和繁荣生活的人力资源开发努力密切相关，包括投资开展教师培训，确保所有学员获得促进可持续发展所需的知识和技能，</p>
      </container>
      <container name="又强调指出" eId="container_10">
        <p xml:space="preserve">
          <span class="bold">又强调指出</span>技术变革和突破正在飞速扩展并影响工作领域，在这方面，人力资源开发需跟上步伐，并辅之以主动出击的战略、投资和规范性框架，以解决与未来工作、教育和培训有关的新问题，</p>
      </container>
      <container name="认识到" eId="container_11">
        <p xml:space="preserve">
          <span class="bold">认识到</span>数字革命方兴未艾，影响工作的性质、质量和生产力，影响生产的安排和地点选择，从而影响工作岗位的数量、质量和分布，</p>
      </container>
      <container name="注意到" eId="container_12">
        <p xml:space="preserve">
          <span class="bold">注意到</span>技术变化可产生高技术就业机会，也可扰乱劳动力市场，从而可对分配产生不利影响，包括加剧国家之间和国家内部的不平等，</p>
      </container>
      <container name="认识到" eId="container_13">
        <p xml:space="preserve">
          <span class="bold">认识到</span>国家内部和国家之间在数字基础设施方面的提供和发展状况不平衡，发展中国家在弥合数字鸿沟和向前沿技术跃进方面面临障碍，例如缺乏电力和宽带互联网连接，</p>
      </container>
      <container name="又认识到" eId="container_14">
        <p xml:space="preserve">
          <span class="bold">又认识到</span>实现人力资源开发惠益的最佳途径是国家和国际环境可支持所有男女、青年和残疾人实现充分和生产性就业，有体面工作，同工同酬、机会平等和待遇平等、促进教育机会、消除歧视并维持创造就业的有利条件，</p>
      </container>
      <container name="还认识到" eId="container_15">
        <p xml:space="preserve">
          <span class="bold">还认识到</span>有证据显示世界金融和经济危机的复苏情况不平衡，危机的持续不利影响特别是对发展的不利影响仍在削弱许多国家、尤其是发展中国家应对和处理人力资源开发挑战的能力以及拟订和执行有效的消除贫困和可持续发展战略的能力，</p>
      </container>
      <container name="承认" eId="container_16">
        <p xml:space="preserve">
          <span class="bold">承认</span>国际移民与发展之间有着重要的协同增效作用，必须应对移民给原籍国、过境国和目的地国带来的挑战和机遇，认识到移民给国际社会既带来惠益，也带来挑战，又认识到返回原籍国的移民利用其掌握的技能可发挥的作用，并强调指出，人才流失仍然是许多发展中国家和转型国家的一个严重问题，有损人力资源开发领域的努力，</p>
      </container>
      <container name="认识到" eId="container_17">
        <p xml:space="preserve">
          <span class="bold">认识到</span>基于共享经济模式的新型就业的出现，需要酌情并根据国情将可获得和可携带的社会保护权利与福利扩大到雇用条件不规范的劳动者，</p>
      </container>
      <container name="又认识到" eId="container_18">
        <p xml:space="preserve">
          <span class="bold">又认识到</span>需要使科学技术知识和创新系统符合国家发展目标，充分结合国家人力资源开发、劳动力需求和消除贫困战略，并辅之以适当的体制框架和政策框架，从而给人们的生活带来积极变化，</p>
      </container>
      <container name="指出" eId="container_19">
        <p xml:space="preserve">
          <span class="bold">指出</span>科学技术知识和创新政策应考虑到发展中国家经济的具体特点，包括传统部门的规模、土著知识、熟练劳力和资本有限、基础设施薄弱和体制框架不健全，从而提出应对发展中国家特有挑战的解决方案，增进现代科学技术与土著和地方知识的协同效应，</p>
      </container>
      <container name="重申" eId="container_20">
        <p xml:space="preserve">
          <span class="bold">重申</span>根据大会相关决议和联合国会议的成果，性别平等以及增强所有妇女和女童的权能对实现持续经济增长、消除贫困和可持续发展至关重要，投资促进妇女和女童的发展对所有经济部门，特别是农业、工业和服务业包括卫生等关键领域的生产力、效率和持续经济增长具有倍增效应，</p>
      </container>
      <container name="认识到" eId="container_21">
        <p xml:space="preserve">
          <span class="bold">认识到</span>教育是推动开发人的潜力、促进平等和增进各国人民之间的了解以及维持经济增长和消除贫困的关键，还认识到要实现这些目标，就必须向所有人包括土著人民、女童和妇女、农村居民和残疾人提供优质教育，</p>
      </container>
      <container name="强调指出" eId="container_22">
        <p xml:space="preserve">
          <span class="bold">强调指出</span>各国政府对制定和执行适当的人力资源开发政策负有首要责任，国际社会必须继续支持发展中国家的努力，</p>
      </container>
      <container name="重申" eId="container_23">
        <p xml:space="preserve">
          <span class="bold">重申</span>承诺不让任何一个人掉队，重申认识到人的尊严至关重要，希望看到所有国家和人民以及社会各阶层都实现可持续发展目标和具体目标，并再次承诺首先尽力帮助落在最后面的人，</p>
      </container>
    </preamble>
    <mainBody>
      <paragraph eId="para_24" class="MercuryDocument">
        <num>	1.</num>
        <content eId="para_24__content">
          <p xml:space="preserve">
            <span class="bold">表示赞赏地注意到</span>秘书长的报告；<authorialNote marker="2" placement="bottom" eId="authorialNote_2"><p xml:space="preserve"><a href="https://undocs.org/ch/A/74/284">A/74/284</a>。</p></authorialNote></p>
        </content>
      </paragraph>
      <paragraph eId="para_25" class="MercuryDocument">
        <num>	2.</num>
        <content eId="para_25__content">
          <p xml:space="preserve">
            <span class="bold">促请</span>国际社会将人力资源开发置于经济和社会发展的核心，并制订短期、中期和长期战略，有效提高人力资源能力，因为受过教育、有技能、健康、干练、有生产能力和应变能力的劳动力队伍是实现持续、包容和公平经济增长和发展的基础；</p>
        </content>
      </paragraph>
      <paragraph eId="para_26" class="MercuryDocument">
        <num>	3.</num>
        <content eId="para_26__content">
          <p xml:space="preserve">
            <span class="bold">鼓励</span>各国在执行《2030年可持续发展议程》<authorialNote marker="3" placement="bottom" eId="authorialNote_3"><p xml:space="preserve">		第<a href="https://undocs.org/ch/A/RES/70/1">70/1</a>号决议。</p></authorialNote> 过程中适当考虑人力资源开发战略；</p>
        </content>
      </paragraph>
      <paragraph eId="para_27" class="MercuryDocument">
        <num>	4.</num>
        <content eId="para_27__content">
          <p xml:space="preserve">
            <span class="bold">强调指出</span>会员国必须重视人力资源开发并将其纳入国家发展战略，包括旨在消除贫困和实现可持续发展目标的国家发展政策和战略，以应对在提高国家生产能力方面所面临的结构性和多层面挑战，并确保国家发展的所有利益攸关方考虑到人力资源开发所涉问题；</p>
        </content>
      </paragraph>
      <paragraph eId="para_28" class="MercuryDocument">
        <num>	5.</num>
        <content eId="para_28__content">
          <p xml:space="preserve">
            <span class="bold">认识到</span>制定能够消除贫困、培养熟练劳动力的综合人力资源开发办法对减少失业和人才流失、增强社会包容也至关重要；</p>
        </content>
      </paragraph>
      <paragraph eId="para_29" class="MercuryDocument">
        <num>	6.</num>
        <content eId="para_29__content">
          <p xml:space="preserve">
            <span class="bold">又认识到</span>科学技术进步在影响未来的工作，需要应变能力并更快地学习和重新学习新技能，进而需要改变儿童早期教育、在职学习、终身学习，并且对教育和培训转而采取全面、终其一生的办法，为此除其他外需要增加教师培训和职业发展投资，更好地提供数字学习资源，尤其是在发展中国家；</p>
        </content>
      </paragraph>
      <paragraph eId="para_30" class="MercuryDocument">
        <num>	7.</num>
        <content eId="para_30__content">
          <p xml:space="preserve">
            <span class="bold">鼓励</span>各国、私营部门和其他相关利益攸关方按照其计划和政策采取适当措施，帮助个人在教育、培训和职业方面作出明智选择，形成一个优质教育和培训综合体系，以应对不断变化的需求，促使雇主根据技能进行表彰和提拔，塑造一种支持和赞赏终身学习的文化，使所有人不论起步早晚都有机会毕生发挥自己的最大潜力，从而改善他们始终能有酬就业的机会，呼吁在这方面更有效地支持发展中国家，包括联合国系统提供支持；</p>
        </content>
      </paragraph>
      <paragraph eId="para_31" class="MercuryDocument">
        <num>	8.</num>
        <content eId="para_31__content">
          <p xml:space="preserve">
            <span class="bold">鼓励</span>会员国制定和执行以国家发展目标为前提的综合人力资源开发战略，确保优质教育、培训和就业之间建立强有力的联系，协助维持一支具有生产力和竞争力的劳动力队伍，满足经济的需求；</p>
        </content>
      </paragraph>
      <paragraph eId="para_32" class="MercuryDocument">
        <num>	9.</num>
        <content eId="para_32__content">
          <p xml:space="preserve">
            <span class="bold">强调指出</span>人力资源开发政策应着重培养广泛而灵活的技能人才队伍，尤其是在妇女和青年中培养人才，以支持所有经济部门，适应当前和未来的劳动力需求，为此，必须有序投资于基础教育、职业培训、在职培训以及高等管理、工程和科学教育，以增加国家创新系统可吸收的技术知识供应；</p>
        </content>
      </paragraph>
      <paragraph eId="para_33" class="MercuryDocument">
        <num>	10.</num>
        <content eId="para_33__content">
          <p xml:space="preserve">
            <span class="bold">强调</span>必须采用跨部门做法和机制，以确定所有经济部门的中期和长期人力资源开发需求，并制定和执行满足这些需求的政策和方案，肯定私营部门在培训、教育和就业方面的作用；</p>
        </content>
      </paragraph>
      <paragraph eId="para_34" class="MercuryDocument">
        <num>	11.</num>
        <content eId="para_34__content">
          <p xml:space="preserve">
            <span class="bold">确认</span>需要制定涵盖所有经济部门的全面灵活的科学技术知识和创新战略，这对确保技能与劳动力市场需求相匹配并能够适应和受益于不断变化的技术环境至关重要；</p>
        </content>
      </paragraph>
      <paragraph eId="para_35" class="MercuryDocument">
        <num>	12.</num>
        <content eId="para_35__content">
          <p xml:space="preserve">
            <span class="bold">承认</span>需要促进和支持优质教育和终身学习，以确保所有儿童、青年和成年人都获得相关知识和技能，以塑造更有复原力、包容性和可持续的社会，能适应快速技术变化，并强调指出需要促进国际合作，支持发展中国家克服其在获得技术和教育方面的制约因素；</p>
        </content>
      </paragraph>
      <paragraph eId="para_36" class="MercuryDocument">
        <num>	13.</num>
        <content eId="para_36__content">
          <p xml:space="preserve">
            <span class="bold">强调</span>科学技术知识和创新以及人力资源开发办法如果能够相互促进，就可促进可持续发展的三个方面；</p>
        </content>
      </paragraph>
      <paragraph eId="para_37" class="MercuryDocument">
        <num>	14.</num>
        <content eId="para_37__content">
          <p xml:space="preserve">
            <span class="bold">鼓励</span>国际社会弥合技术鸿沟，这是缩小国家内部和国家之间经济鸿沟的重要前提，包括为此建立适当的创新生态系统，提供针对性支持，让所有人都能利用适当的数字基础设施；</p>
        </content>
      </paragraph>
      <paragraph eId="para_38" class="MercuryDocument">
        <num>	15.</num>
        <content eId="para_38__content">
          <p xml:space="preserve">
            <span class="bold">呼吁</span>酌情主动顺应技术变革给劳动力市场带来的机会并应对不利影响，为此酌情并根据国情采取有效的社会保护制度，承认和认证非正规和非正式学习，有针对性地支持弱势群体，帮助在过渡期进行调整；</p>
        </content>
      </paragraph>
      <paragraph eId="para_39" class="MercuryDocument">
        <num>	16.</num>
        <content eId="para_39__content">
          <p xml:space="preserve">
            <span class="bold">强调指出</span>人力资源开发投资应是国家发展政策和战略的组成部分，为此呼吁制定政策，推动重点投资于有形和社会基础设施，包括教育，特别是包括信息和通信技术在内的科学技术等领域的技能升级和职业培训，并重点投资于能力开发、卫生和可持续发展；</p>
        </content>
      </paragraph>
      <paragraph eId="para_40" class="MercuryDocument">
        <num>	17.</num>
        <content eId="para_40__content">
          <p xml:space="preserve">
            <span class="bold">鼓励</span>会员国酌情继续执行适应国情的全民社会保障制度和措施，包括社会保障最低标准，采取加强现有安全网和保护处境脆弱民众的政策，并采取其他适当行动，包括提升国家经济业绩，确认根据各国的国家优先事项和国情确定社会保障最低标准，可以为解决贫困和脆弱性问题提供系统性办法，也可以大大推动人力资源开发战略取得成功，在这方面承认许多发展中国家缺乏执行此类反周期措施的必要财政资源和能力，并在这方面确认必须继续酌情调集更多的国内和国际资源；</p>
        </content>
      </paragraph>
      <paragraph eId="para_41" class="MercuryDocument">
        <num>	18.</num>
        <content eId="para_41__content">
          <p xml:space="preserve">
            <span class="bold">鼓励</span>各国考虑符合《国际劳工组织关于工作中基本原则和权利宣言》的政策，并履行其根据已批准的所有国际劳工组织相关公约承担的义务，回顾必须促进人人享有体面工作并增加优质就业岗位，包括采取措施确保职业健康和安全，并建立基于有效社会对话的工作关系；</p>
        </content>
      </paragraph>
      <paragraph eId="para_42" class="MercuryDocument">
        <num>	19.</num>
        <content eId="para_42__content">
          <p xml:space="preserve">
            <span class="bold">强调指出</span>人力资源开发战略应包括采取各项措施，减少因就业复苏缓慢和取代劳动的技术变革而尤其受影响的青年男女及长期失业者的失业和就业不足，通过促进技能开发和提高生产率的政策、帮助在过渡期进行调整的政策以及减少就业障碍包括性别障碍的政策，将未得到充分利用的人力资源纳入劳动力市场，包括酌情采取奖励办法鼓励招聘、留用和重新设计自己，协助寻找就业、就业匹配以及提供职业培训和在职培训，并除其他外促进青年创业；</p>
        </content>
      </paragraph>
      <paragraph eId="para_43" class="MercuryDocument">
        <num>	20.</num>
        <content eId="para_43__content">
          <p xml:space="preserve">
            <span class="bold">认识到</span>劳动力老龄化对劳动力市场可产生积极和消极的影响，并强调指出终身学习对确保年长工人参与未来工作的重要性；</p>
        </content>
      </paragraph>
      <paragraph eId="para_44" class="MercuryDocument">
        <num>	21.</num>
        <content eId="para_44__content">
          <p xml:space="preserve">
            <span class="bold">强调</span>需要推行以发展为导向的政策，支持生产性活动、体面就业、创业精神、创造力和创新，鼓励中小微企业通过获取金融服务等方式实现正规化并成长壮大；</p>
        </content>
      </paragraph>
      <paragraph eId="para_45" class="MercuryDocument">
        <num>	22.</num>
        <content eId="para_45__content">
          <p xml:space="preserve">
            <span class="bold">强调指出</span>会员国需要留住并进一步加强国家人力资源，为此要推动创造大量就业机会的复苏，并推动创造体面工作机会，包括制订相关政策和奖励办法，提高劳动生产率并刺激私人投资和创业，加强劳动行政部门和机构的作用，从而促进创造就业机会，消除性别薪酬差异，缩小职业隔离并增加处境脆弱民众包括非正规经济部门工人的参与；</p>
        </content>
      </paragraph>
      <paragraph eId="para_46" class="MercuryDocument">
        <num>	23.</num>
        <content eId="para_46__content">
          <p xml:space="preserve">
            <span class="bold">强调</span>需要解决人力资源开发、能源和粮食安全、农业和农村发展之间的相互联系问题，并鼓励各国加强农业和农村发展能力；</p>
        </content>
      </paragraph>
      <paragraph eId="para_47" class="MercuryDocument">
        <num>	24.</num>
        <content eId="para_47__content">
          <p xml:space="preserve">
            <span class="bold">鼓励</span>会员国推动获得和应用环境友好型技术，并赞赏地注意到启动《第三次发展筹资问题国际会议亚的斯亚贝巴行动议程》建立的、以会员国、民间社会、私营部门、科学界、联合国实体和其他利益攸关方等多个利益攸关方协作为基础的技术促进机制，<authorialNote marker="4" placement="bottom" eId="authorialNote_4"><p xml:space="preserve">		第<a href="https://undocs.org/ch/A/RES/69/313">69/313</a>号决议，附件，第123段。</p></authorialNote> 以期支持落实可持续发展目标；</p>
        </content>
      </paragraph>
      <paragraph eId="para_48" class="MercuryDocument">
        <num>	25.</num>
        <content eId="para_48__content">
          <p xml:space="preserve">
            <span class="bold">强调指出</span>可持续发展除其他外取决于人民的健康，促请各国政府继续努力加强国家卫生系统，敦促进一步加强卫生领域的国际合作，除其他外考虑推广全民健康保障，并在加强卫生系统、获得药品的机会、扩大和转变卫生工作者队伍、招聘、培训和发展保健人员、以彼此商定的条件转让技术、生产负担得起的安全、有效和优质药品等领域交流最佳做法，在这方面又强调指出国际合作和援助包括供资必须更可预测，与国家优先事项更加一致，并以有利于加强国家卫生系统的方式提供给受援国；</p>
        </content>
      </paragraph>
      <paragraph eId="para_49" class="MercuryDocument">
        <num>	26.</num>
        <content eId="para_49__content">
          <p xml:space="preserve">
            <span class="bold">促请</span>国际社会包括联合国系统相关实体支持发展中国家努力应对艾滋病毒和艾滋病、疟疾、结核病和其他传染性疾病的不利影响，制止流行病蔓延，并支持预防和控制非洲、亚洲和其他区域的非传染性疾病及其对人力资源的影响；</p>
        </content>
      </paragraph>
      <paragraph eId="para_50" class="MercuryDocument">
        <num>	27.</num>
        <content eId="para_50__content">
          <p xml:space="preserve">
            <span class="bold">鼓励</span>各国政府注意秘书长卫生领域就业和经济增长高级别委员会的建议，促进在卫生和社会部门投资发展教育、技能和创造体面工作机会，避免到2030年出现保健工作者短缺1 800万的情况，建设加快全民健康保障和全球卫生安全所需的人力资本，认识到这些行动不仅对实现与健康有关的可持续发展目标至关重要，而且还将对所有可持续发展目标产生惠益，包括创造体面工作机会，减少青年失业，增强妇女的经济权能和参与，促进包容性增长；</p>
        </content>
      </paragraph>
      <paragraph eId="para_51" class="MercuryDocument">
        <num>	28.</num>
        <content eId="para_51__content">
          <p xml:space="preserve">
            <span class="bold">促请</span>联合国有关实体除了向个人提供培训外，支持各国努力建设体制能力，以满足国家人力资源开发的长期需要；</p>
        </content>
      </paragraph>
      <paragraph eId="para_52" class="MercuryDocument">
        <num>	29.</num>
        <content eId="para_52__content">
          <p xml:space="preserve">
            <span class="bold">促请</span>国际社会协助发展中国家执行国家人力资源开发战略，并鼓励国际社会，包括私营部门和相关民间社会行为体提供和调集财政资源、能力建设、技术援助以及按照相互商定的条件转让技术，并提供各种来源的现有专门知识；</p>
        </content>
      </paragraph>
      <paragraph eId="para_53" class="MercuryDocument">
        <num>	30.</num>
        <content eId="para_53__content">
          <p xml:space="preserve">
            <span class="bold">呼吁</span>采取步骤，将性别平等视角纳入人力资源开发，包括制定政策、战略和有针对性的行动，以推动提高妇女从事生产性活动的能力和机会，在这方面强调需要确保妇女充分参与制定和执行此种政策、战略和行动；</p>
        </content>
      </paragraph>
      <paragraph eId="para_54" class="MercuryDocument">
        <num>	31.</num>
        <content eId="para_54__content">
          <p xml:space="preserve">
            <span class="bold">强调指出</span>公共部门和私营部门为支持企业有效运作和配合快速变化的经济需求，在满足国家的培训和教育需求方面各自作出了重要贡献，鼓励通过更多利用公私伙伴关系和奖励措施等方式，统筹这类贡献；</p>
        </content>
      </paragraph>
      <paragraph eId="para_55" class="MercuryDocument">
        <num>	32.</num>
        <content eId="para_55__content">
          <p xml:space="preserve">
            <span class="bold">呼吁</span>在国家、区域和国际各级采取行动，高度优先关注改善和扩大扫盲成果和熟练掌握科学知识的问题，包括提供高等教育、技术职业教育和成人教育，并强调指出必须确保到2030年各地男女儿童都能免费、平等地完成优质初等和中等教育，获得有用而且有效的学习成果；</p>
        </content>
      </paragraph>
      <paragraph eId="para_56" class="MercuryDocument">
        <num>	33.</num>
        <content eId="para_56__content">
          <p xml:space="preserve">
            <span class="bold">鼓励</span>各国政府考虑在国家一级采取适当措施，如提高个人技能，调整教育和培训系统，使之更好地适应劳动力市场的需求，以及强化劳动机构和法规，以应对经济波动；</p>
        </content>
      </paragraph>
      <paragraph eId="para_57" class="MercuryDocument">
        <num>	34.</num>
        <content eId="para_57__content">
          <p xml:space="preserve">
            <span class="bold">鼓励</span>各国维持或考虑加强有关措施，以推动能够创造大量就业机会的复苏，如制订提高劳动生产率和刺激私人投资的政策和奖励办法；</p>
        </content>
      </paragraph>
      <paragraph eId="para_58" class="MercuryDocument">
        <num>	35.</num>
        <content eId="para_58__content">
          <p xml:space="preserve">
            <span class="bold">鼓励</span>会员国和国际社会努力推动采取均衡、一致和全面的办法处理国际移民与发展问题，特别是建立伙伴关系和确保采取协调一致的行动，增强各种能力，包括移民管理能力，在这方面重申需要考虑采取创新措施，尽量扩大移民惠益，同时尽量减少发展中国家高技能和低技能工人向外移民对原籍国、过境国和目的地国的不利影响，同时考虑到国家主权原则；</p>
        </content>
      </paragraph>
      <paragraph eId="para_59" class="MercuryDocument">
        <num>	36.</num>
        <content eId="para_59__content">
          <p xml:space="preserve">
            <span class="bold">重申</span>《2030年议程》的核心承诺不让任何一个人掉队，承诺采取更多具体措施支持处境脆弱民众和最脆弱国家，首先帮助落在最后面的人；</p>
        </content>
      </paragraph>
      <paragraph eId="para_60" class="MercuryDocument">
        <num>	37.</num>
        <content eId="para_60__content">
          <p xml:space="preserve">
            <span class="bold">请</span>秘书长向大会第七十六届会议提交关于按照《2030年议程》执行本决议的报告，注重采取的行动，并决定在大会第七十六届会议临时议程题为“消除贫困和其他发展问题”的项目下，列入题为“人力资源开发”的分项。</p>
        </content>
      </paragraph>
    </mainBody>
    <conclusions eId="conclusions">
      <p>
        <inline name="adoptionMeeting" title="第52次">第52次全体会议</inline>
        <eol />
        <docDate date="2019-12-19" refersTo="#adoptionDate">2019年12月19日</docDate>
      </p>
    </conclusions>
  </statement>
</akomaNtoso>