<akomaNtoso xmlns:xsi="http://www.w3.org/2001/XMLSchema-instance" xsi:schemaLocation="http://docs.oasis-open.org/legaldocml/ns/akn/3.0 http://docs.oasis-open.org/legaldocml/akn-core/v1.0/os/part2-specs/schemas/akomantoso30.xsd" xmlns="http://docs.oasis-open.org/legaldocml/ns/akn/3.0" xmlns:html="http://www.w3.org/1999/xhtml" xmlns:akn4un="http://un.org/akn4un">
  <statement name="resolution">
    <meta>
      <identification source="#DGACM">
        <FRBRWork>
          <FRBRthis value="/akn/un/statement/deliberation/unga/2019-12-12/74-23/!main/"></FRBRthis>
          <FRBRuri value="/akn/un/statement/deliberation/unga/2019-12-12/74-23/"></FRBRuri>
          <FRBRdate date="2019-12-12" name="adoption"></FRBRdate>
          <FRBRauthor href="ga" as="author"></FRBRauthor>
          <FRBRcountry value="un"></FRBRcountry>
        </FRBRWork>
        <FRBRExpression>
          <FRBRthis value="/akn/un/statement/deliberation/unga/2019-12-12/74-23/zho@!main/"></FRBRthis>
          <FRBRuri value="/akn/un/statement/deliberation/unga/2019-12-12/74-23/zho@/"></FRBRuri>
          <FRBRdate date="2019-12-18" name="publication"></FRBRdate>
          <FRBRauthor href="ga" as="issuer"></FRBRauthor>
          <FRBRlanguage language="zho"></FRBRlanguage>
        </FRBRExpression>
        <FRBRManifestation>
          <FRBRthis value="/akn/un/statement/deliberation/unga/2019-12-12/74-23/zho@/!main.xml"></FRBRthis>
          <FRBRuri value="/akn/un/statement/deliberation/unga/2019-12-12/74-23/zho@.xml"></FRBRuri>
          <FRBRdate date="2020-09-01" name="markup"></FRBRdate>
          <FRBRauthor href="DGACM" as="editor"></FRBRauthor>
        </FRBRManifestation>
      </identification>
      <classification source="http://metadata.un.org/sdg">
        <keyword value="16" href="http://metadata.un.org/sdg/16" showAs="sdg_16" dictionary="SDGO"></keyword>
        <keyword value="right_to_justice" href="http://eurovoc.europa.eu/516" showAs="right_to_justice" dictionary="EuroVoc"></keyword>
        <keyword value="sustainable_development" href="http://eurovoc.europa.eu/5585" showAs="sustainable_development" dictionary="EuroVoc"></keyword>
        <keyword value="civil_society" href="http://metadata.un.org/thesaurus/1001012" showAs="civil_society" dictionary="UNBIS Thesaurus"></keyword>
        <keyword value="justice" href="http://metadata.un.org/thesaurus/1003500" showAs="justice" dictionary="UNBIS Thesaurus"></keyword>
        <keyword value="peaceful_coexistence" href="http://metadata.un.org/thesaurus/1004777" showAs="peaceful_coexistence" dictionary="UNBIS Thesaurus"></keyword>
        <keyword value="public_institutions" href="http://metadata.un.org/thesaurus/1005254" showAs="public_institutions" dictionary="UNBIS Thesaurus"></keyword>
        <keyword value="social_justice" href="http://metadata.un.org/thesaurus/1005970" showAs="social_justice" dictionary="UNBIS Thesaurus"></keyword>
        <keyword value="sustainable_development" href="http://metadata.un.org/thesaurus/1006319" showAs="sustainable_development" dictionary="UNBIS Thesaurus"></keyword>
      </classification>
      <classification source="http://metadata.un.org/sdg">
        <keyword value="17" href="http://metadata.un.org/sdg/17" showAs="sdg_17" dictionary="SDGO"></keyword>
        <keyword value="sustainable_development" href="http://eurovoc.europa.eu/5585" showAs="sustainable_development" dictionary="EuroVoc"></keyword>
        <keyword value="partnership" href="http://eurovoc.europa.eu/4199" showAs="partnership" dictionary="EuroVoc"></keyword>
        <keyword value="sustainable_development" href="http://metadata.un.org/thesaurus/1006319" showAs="sustainable_development" dictionary="UNBIS Thesaurus"></keyword>
        <keyword value="partnership" href="http://metadata.un.org/thesaurus/1004748" showAs="partnership" dictionary="UNBIS Thesaurus"></keyword>
      </classification>
      <classification source="http://metadata.un.org/sdg">
        <keyword value="3" href="http://metadata.un.org/sdg/3" showAs="sdg_3" dictionary="SDGO"></keyword>
        <keyword value="public_health" href="http://eurovoc.europa.eu/3885" showAs="public_health" dictionary="EuroVoc"></keyword>
        <keyword value="health" href="http://metadata.un.org/thesaurus/1002824" showAs="health" dictionary="UNBIS Thesaurus"></keyword>
      </classification>
      <workflow source="#un">
        <step date="2019-12-04" outcome="draftResolution" as="A/74/L.25" by="Pakistan, Philippines, Russian Federation and Thailand" />
        <step date="0001-01-01" outcome="draftResolutionAdditionalSponsors" by="Austria, Bahrain, Bangladesh, Benin, Bosnia and Herzegovina, Brunei Darussalam, Burkina Faso, Cambodia, Cameroon, Central African Republic, China, Comoros, Côte d'Ivoire, Djibouti, Ecuador, Equatorial Guinea, Eritrea, Guatemala, Guinea, Guinea-Bissau, Honduras, Hungary, Indonesia, Ireland, Italy, Japan, Kazakhstan, Kiribati, Kuwait, Kyrgyzstan, Lao People's Democratic Republic, Lebanon, Malaysia, Morocco, Myanmar, Nicaragua, Nigeria, Palau, Panama, Papua New Guinea, Peru, Poland, Samoa, Sao Tome and Principe, Senegal, Singapore, Slovenia, Sri Lanka, Suriname, Timor-Leste, Turkey, United Arab Emirates, Uzbekistan, Venezuela (Bolivarian Republic of) and Viet Nam" />
        <step date="0001-01-01" outcome="recommendedForAdoption" by="" />
        <step date="2019-12-12" outcome="adopted" as="A/74/PV.45" by="" />
      </workflow>
      <analysis source="#un">
        <parliamentary>
          <voting outcome="adoptedWithoutVote">
            <quorum value=""></quorum>
          </voting>
        </parliamentary>
      </analysis>
      <references source="#DGACM">
        <TLCOrganization eId="source" href="/akn/ontology/organization/un/DGACM" showAs="DGACM"></TLCOrganization>
        <TLCConcept eId="dateOfIssuance" href="/akn/ontology/concept/un/dateOfIssuance" showAs="Date of issuance"></TLCConcept>
        <TLCConcept eId="dateOfAdoption" href="/akn/ontology/concept/un/dateOfAdoption" showAs="Date of adoption"></TLCConcept>
        <TLCConcept eId="symbol" href="/akn/ontology/reference/un/symbol" showAs="Symbol"></TLCConcept>
        <TLCRole eId="publisher" href="/akn/ontology/role/un/publisher" showAs="Publisher"></TLCRole>
        <TLCRole eId="issuingBody" href="/akn/role/concept/un/issuingBody" showAs="Issuing body"></TLCRole>
        <TLCRole eId="author" href="/akn/ontology/role/un/author" showAs="Author"></TLCRole>
        <TLCRole eId="editor" href="/akn/ontology/role/un/editor" showAs="Editor"></TLCRole>
        <TLCRole eId="distribution" href="/akn/ontology/concept/un/generalDistribution" showAs="General distribution"></TLCRole>
        <TLCOrganization eId="ga" href="/akn/ontology/organization/un/generalAssembly" showAs="General Assembly"></TLCOrganization>
        <TLCTerm eId="resolutionTitle" href="/akn/ontology/reference/un/resolutionTitle" showAs="Resolution title"></TLCTerm>
        <TLCTerm eId="noMainCommittee" href="#noMainCommittee" showAs="未经发交主要委员会而通过"></TLCTerm>
        <TLCTerm eId="memberState" href="/akn/ontology/organization/un/memberState" showAs="Member State"></TLCTerm>
        <TLCTerm eId="inFavour" href="/akn/ontology/concept/un/voting/inFavour" showAs="In favour"></TLCTerm>
        <TLCTerm eId="against" href="/akn/ontology/concept/un/voting/against" showAs="Against"></TLCTerm>
        <TLCTerm eId="abstaining" href="/akn/ontology/concept/un/voting/abstaining" showAs="Abstaining"></TLCTerm>
      </references>
      <presentation source="#un">
        <akn4un:footerFirstPage>
          <akn4un:footerFirstPageLeft>
            <akn4un:internalCode>
              <docketNumber refersTo="#publicationJobNumber">19-21671 (C)</docketNumber>
              <img alt="bar code" class="barCode" src=""></img>
            </akn4un:internalCode>
          </akn4un:footerFirstPageLeft>
          <akn4un:footerFirstPageRight>
            <img alt="Please recycle" class="image" src="./recylcleLogo.jpg"></img>
            <img alt="embedded QR code" class="qrCode" src=""></img>
          </akn4un:footerFirstPageRight>
        </akn4un:footerFirstPage>
      </presentation>
    </meta>
    <coverPage eId="coverPage_1">
      <p>
        <span refersTo="#publisher" class="upperLeft">
          <docAuthority refersTo="#publisher">联合国</docAuthority>
        </span>
      </p>
      <p class="upperRight">
        <docNumber refersTo="#symbol">A/RES/74/23</docNumber>
      </p>
      <p class="upperLeft">
        <img src="logo-un.jpg"></img>
        <docAuthority refersTo="#issuingBody" class="rightBig">大会</docAuthority>
      </p>
      <p>
        <docStatus refersTo="#generalDistribution" class="rightSmall">Distr.: General</docStatus>
      </p>
      <p>
        <docDate date="2019-12-18" class="rightSmall" refersTo="#dateOfIssuance">18 December 2019</docDate>
      </p>
      <p>
        <session refersTo="#generalAssembly" value="74" eId="coverPage_1__session_1">第七十四届会议</session>
      </p>
      <p>
        <inline name="agenda item">议程项目15</inline>
      </p>
      <p>
        <inline name="agenda item name">和平文化</inline>
      </p>
      <p>
        <docTitle>2019年12月12日大会决议</docTitle>
      </p>
      <p xml:space="preserve">
        <docProponent refersTo="#noMainCommittee">[未经发交主要委员会而通过 (<inline name="originating document">A/74/L.25和A/74/L.25/Add.1</inline>)]</docProponent>
      </p>
    </coverPage>
    <preface>
      <p>
        <docNumber>74/23.</docNumber>
        <docTitle refersTo="#resolutionTitle">为了和平而促进宗教间和文化间对话、了解与合作</docTitle>
      </p>
    </preface>
    <preamble>
      <formula name="enactingFormula" eId="formula_1">
        <p xml:space="preserve">
          <span class="bold">大会</span>，</p>
      </formula>
      <container name="重申" eId="container_2">
        <p xml:space="preserve">
          <span class="bold">重申</span>《联合国宪章》和《世界人权宣言》<authorialNote marker="1" placement="bottom" eId="authorialNote_1"><p xml:space="preserve">		第<a href="https://undocs.org/ch/A/RES/217(III)">217A(III)</a>号决议。</p></authorialNote> 所载宗旨和原则，尤其是思想、良心和宗教自由的权利，</p>
      </container>
      <container name="回顾" eId="container_3">
        <p xml:space="preserve">
          <span class="bold">回顾</span>其2018年12月12日题为“为了和平而促进宗教间和文化间对话、了解与合作”的第<a href="https://undocs.org/ch/A/RES/73/129">73/129</a>号决议及其他相关决议，</p>
      </container>
      <container name="又回顾" eId="container_4">
        <p xml:space="preserve">
          <span class="bold">又回顾</span>其1999年9月13日题为“和平文化宣言和行动纲领”的第<a href="https://undocs.org/ch/A/RES/53/243">53/243</a>号决议，该决议是国际社会弘扬和平与非暴力文化以造福人类、特别是后世的普遍任务，并欢迎大会主席于2019年9月13日为纪念《宣言》和《行动纲领》通过二十周年召开和平文化高级别论坛，这为重申进一步加强全球和平文化运动的承诺提供了机会，</p>
      </container>
      <container name="还回顾" eId="container_5">
        <p xml:space="preserve">
          <span class="bold">还回顾</span>大会2012年12月17日第<a href="https://undocs.org/ch/A/RES/67/104">67/104</a>号决议，其中宣布2013-2022年为国际文化和睦十年，并在这方面邀请联合国教育、科学及文化组织担任联合国系统的牵头机构，</p>
      </container>
      <container name="鼓励" eId="container_6">
        <p xml:space="preserve">	在这方面<span class="bold">鼓励</span>开展旨在促进宗教间和文化间对话的活动，以增进和平和社会稳定、尊重多样性和相互尊重，并在全球一级以及在区域、国家和地方各级，营造一种有利于和平与相互了解的环境，</p>
      </container>
      <container name="回顾" eId="container_7">
        <p xml:space="preserve">
          <span class="bold">回顾</span>其2015年7月6日题为“联合国不同文明联盟”的第<a href="https://undocs.org/ch/A/RES/69/312">69/312</a>号决议，其中大会重申支持该联盟，并重申该联盟在增进不同文明、文化、宗教和信仰之间的理解与尊重方面发挥宝贵作用，</p>
      </container>
      <container name="又回顾" eId="container_8">
        <p xml:space="preserve">
          <span class="bold">	又回顾</span>其2017年12月20日题为“构建一个反对暴力和暴力极端主义的世界”的第<a href="https://undocs.org/ch/A/RES/72/241">72/241</a>号决议和2018年6月26日题为“联合国全球反恐战略审查”的第<a href="https://undocs.org/ch/A/RES/72/284">72/284</a>号决议，</p>
      </container>
      <container name="还回顾" eId="container_9">
        <p xml:space="preserve">
          <span class="bold">还回顾</span>其1998年11月4日第<a href="https://undocs.org/ch/A/RES/53/22">53/22</a>号决议，其中大会宣布2001年为联合国不同文明对话年，并表达了其协助和推动不同文明间对话的坚定决心，</p>
      </container>
      <container name="回顾" eId="container_10">
        <p xml:space="preserve">
          <span class="bold">回顾</span>大会1981年11月25日第<a href="https://undocs.org/ch/A/RES/36/55">36/55</a>号决议，其中大会发布了《消除基于宗教或信仰原因一切形式不容忍和歧视宣言》，</p>
      </container>
      <container name="又回顾" eId="container_11">
        <p xml:space="preserve">
          <span class="bold">	又回顾</span>其2019年7月25日题为“促进宗教间和文化间对话与容忍，打击仇恨言论”的第<a href="https://undocs.org/ch/A/RES/73/328">73/328</a>号决议，</p>
      </container>
      <container name="铭记" eId="container_12">
        <p xml:space="preserve">
          <span class="bold">铭记</span>宗教间和文化间对话可以在促进认识和了解全人类的共同价值观念方面作出宝贵贡献，</p>
      </container>
      <container name="注意到" eId="container_13">
        <p xml:space="preserve">
          <span class="bold">注意到</span>宗教间和文化间对话已对相互了解、容忍与尊重，以及对促进和平文化、改善不同文化和宗教背景的人民之间和各国之间的总体关系作出重大贡献，</p>
      </container>
      <container name="又注意到" eId="container_14">
        <p xml:space="preserve">
          <span class="bold">又注意到</span>在全球性移民现象的背景下开展宗教间和文化间对话变得日益重要，这可以增加来自各种传统、文化和宗教的个人和社区之间的互动，</p>
      </container>
      <container name="确认" eId="container_15">
        <p xml:space="preserve">
          <span class="bold">确认</span>文化多样性以及所有民族和国家的文化发展追求是共同丰富人类文化生活的源泉，</p>
      </container>
      <container name="深信" eId="container_16">
        <p xml:space="preserve">
          <span class="bold">深信</span>促进文化多元性、对各种文化和文明的宽容及各种文化和文明之间的对话，有助于所有民族和国家以互利方式交流知识及思想、道德和物质成就，丰富自身的文化和传统，</p>
      </container>
      <container name="注意到" eId="container_17">
        <p xml:space="preserve">
          <span class="bold">注意到</span>秘书长启动《联合国消除仇恨言论战略和行动计划》，</p>
      </container>
      <container name="又注意到" eId="container_18">
        <p xml:space="preserve">
          <span class="bold">	又注意到</span>联合国不同文明联盟在起草《联合国保护宗教场所行动计划》方面发挥主导作用，还注意到秘书长在2019年9月12日启动了该行动计划，并邀请会员国考虑酌情与其他利益攸关方合作，落实向其提出的相关建议，</p>
      </container>
      <container name="还注意到" eId="container_19">
        <p xml:space="preserve">
          <span class="bold">	还注意到</span>联合国教育、科学及文化组织于2015年3月发起“联合一致保护遗产”运动，旨在世界各地弘扬和保护文化遗产和多样性，并注意到2016年12月2日和3日在阿布扎比举行的保护濒危文化遗产会议及在会议上通过的宣言，</p>
      </container>
      <container name="回顾" eId="container_20">
        <p xml:space="preserve">
          <span class="bold">回顾</span>各国负有促进和保护人权的首要责任，包括宗教少数群体成员的人权，特别是其自由践行宗教和信仰的权利，</p>
      </container>
      <container name="又回顾" eId="container_21">
        <p xml:space="preserve">
          <span class="bold">又回顾</span>其2019年5月28日第<a href="https://undocs.org/ch/A/RES/73/296">73/296</a>号决议，其中宣布8月22日为基于宗教或信仰的暴力行为受害者国际纪念日，</p>
      </container>
      <container name="还回顾" eId="container_22">
        <p xml:space="preserve">
          <span class="bold">还回顾</span>其2019年7月25日第<a href="https://undocs.org/ch/A/RES/73/329">73/329</a>号决议，其中宣布4月5日为国际良心日，</p>
      </container>
      <container name="铭记" eId="container_23">
        <p xml:space="preserve">
          <span class="bold">铭记</span>对文化、族裔、宗教和语言方面多样性的宽容，有助于在属于不同文化和不同国家的人民之间促进和平、相互了解和友谊，应酌情将这些多样性作为文化间和宗教间对话的组成部分，</p>
      </container>
      <container name="重申" eId="container_24">
        <p xml:space="preserve">
          <span class="bold">重申</span>《2030年可持续发展议程》，<authorialNote marker="2" placement="bottom" eId="authorialNote_2"><p xml:space="preserve">		第<a href="https://undocs.org/ch/A/RES/70/1">70/1</a>号决议。</p></authorialNote> 并确认《2030年议程》的内容包括推动建立和平、包容社会，促进可持续发展，</p>
      </container>
      <container name="注意到" eId="container_25">
        <p xml:space="preserve">
          <span class="bold">注意到</span>在地方、国家、区域和国际各级采取各种举措，以加强宗教间和文化间对话、了解与合作，并增强人民与人民之间的纽带，这些举措既相辅相成又互为关联，例如2014年在哥本哈根成立哈马德·本·哈利法文明中心、2015年5月在贝宁科托努发起通过宗教间和文化间对话促进和平教育和发展非洲倡议、在卡塔尔举行的第十三届多哈宗教间对话会议、2018年10月在阿斯塔纳举行第六届世界宗教和传统宗教领袖大会、2018年9月由联合国教育、科学及文化组织赞助在吉尔吉斯斯坦伊塞克湖举办第三届世界游牧运动会、2017年在阿拉伯联合酋长国成立国际宽容研究所和穆斯林长老理事会以及在阿布扎比召开世界宽容峰会，所有这些都有助于促进社会融合以及包容、和平与发展，</p>
      </container>
      <container name="又注意到" eId="container_26">
        <p xml:space="preserve">
          <span class="bold">	又注意到</span>联合国与区域组织和其他组织在促进宗教间和文化间对话方面的合作，</p>
      </container>
      <container name="还注意到" eId="container_27">
        <p xml:space="preserve">
          <span class="bold">还注意到</span>主题为“共同生活”的法语国家第十七次国家元首和政府首脑会议于2018年10月11日和12日在埃里温举行并通过了《埃里温宣言》，</p>
      </container>
      <container name="欢迎" eId="container_28">
        <p xml:space="preserve">
          <span class="bold">	欢迎</span>联合国教育、科学及文化组织在促进文化间对话方面发挥主导作用，以及联合国不同文明联盟在这方面开展工作，</p>
      </container>
      <container name="又欢迎" eId="container_29">
        <p xml:space="preserve">
          <span class="bold">又欢迎</span>安娜·林德基金会所开展的工作以及维也纳阿卜杜拉·本·阿卜杜勒阿齐兹国王宗教间和文化间对话国际中心持续开展的工作，</p>
      </container>
      <container name="注意到" eId="container_30">
        <p xml:space="preserve">
          <span class="bold">注意到</span>2015年4月23日和24日在摩洛哥菲斯举行的“宗教领袖在防止可能导致暴行罪的煽动行为方面的作用论坛”的宣言以及在《关于禁止构成煽动歧视、敌意或暴力的鼓吹民族、种族或宗教仇恨言论的拉巴特行动计划》<authorialNote marker="3" placement="bottom" eId="authorialNote_3"><p xml:space="preserve"><a href="https://undocs.org/ch/A/HRC/22/17/Add.4">A/HRC/22/17/Add.4</a>，附录。</p></authorialNote> 和打击基于宗教或信仰原因的不容忍、歧视和煽动仇恨和(或)暴力行为的伊斯坦布尔进程的基础上作出的进一步努力，</p>
      </container>
      <container name="欢迎" eId="container_31">
        <p xml:space="preserve">
          <span class="bold">欢迎</span>2017年10月14日至18日在俄罗斯联邦圣彼得堡举行的各国议会联盟第137届大会核可《通过宗教间和族裔间对话促进文化多元性与和平宣言》，</p>
      </container>
      <container name="确认" eId="container_32">
          <p xml:space="preserve">
            <span class="bold">	提及</span>阿塞拜疆与联合国教育、科学及文化组织、联合国不同文明联盟、世界旅游组织、欧洲委员会和伊斯兰教育、科学及文化组织合作举办两年一度的世界文化间对话论坛，将此作为促进文化间对话的重要全球平台，<authorialNote marker="4" placement="bottom" eId="authorialNote_4"><p xml:space="preserve"><a href="https://undocs.org/ch/A/74/476">A/74/476</a>，第9段。</p></authorialNote></p>
      </container>
      <container name="确认" eId="container_33">
        <p xml:space="preserve">
          <span class="bold">	确认</span>个人和相关民间社会组织为促进宗教间和文化间的对话、了解及和平文化作出积极贡献，</p>
      </container>
      <container name="着重指出" eId="container_34">
        <p xml:space="preserve">
          <span class="bold">着重指出</span>，教育，包括文化、和平、宽容、相互理解和人权等方面的教育，在对于促进宗教间和文化间对话、尊重多样性和消除基于宗教或信仰的歧视具有重要作用，</p>
      </container>
      <container name="确认" eId="container_35">
        <p xml:space="preserve">
          <span class="bold">确认</span>媒体和新的信息与通信技术有助于通过促进对话等方式提高人们对不同文化和宗教的了解，</p>
      </container>
      <container name="重申" eId="container_36">
        <p xml:space="preserve">
          <span class="bold">重申</span>必须继续开展工作，推动所有利益攸关方，包括作为相关行为体的男女青年，参加在各级相关举措范围内举办的宗教间和文化间对话，以挑战各种偏见，增进相互了解，促进合作，</p>
      </container>
      <container name="确认" eId="container_37">
        <p xml:space="preserve">
          <span class="bold">确认</span>所有宗教都致力于追求和平，各宗教、团体和个人、特别是宗教领袖之间的宗教间和文化间对话可以对提高对全人类共同价值观的认识和理解作出贡献，</p>
      </container>
      <container name="注意到" eId="container_38">
        <p xml:space="preserve">
          <span class="bold">	注意到</span>宗教领袖于2016年9月20日世界祈祷和平日期间在意大利阿西西签署《和平呼吁》,</p>
      </container>
      <container name="表示注意到" eId="container_39">
        <p xml:space="preserve">
          <span class="bold">表示注意到</span>教皇方济各与阿兹哈尔清真寺大伊玛目艾哈迈德·塔伊卜于2019年2月4日在阿布扎比签署题为“人类博爱促进世界和平与共处”的文件，</p>
      </container>
    </preamble>
    <mainBody>
      <paragraph eId="para_40" class="MercuryDocument">
        <num>	1.</num>
        <content eId="para_40__content">
          <p xml:space="preserve">
            <span class="bold">重申</span>相互了解及宗教间和文化间对话是不同文明间对话与和平文化的重要组成部分；</p>
        </content>
      </paragraph>
      <paragraph eId="para_41" class="MercuryDocument">
        <num>	2.</num>
        <content eId="para_41__content">
          <p xml:space="preserve">
            <span class="bold">表示注意到</span>秘书长题为“弘扬和平文化和为了和平而促进宗教间和文化间的对话、了解与合作”的报告；<authorialNote marker="5" placement="bottom" eId="authorialNote_5"><p xml:space="preserve"><a href="https://undocs.org/ch/A/74/476">A/74/476</a>。</p></authorialNote></p>
        </content>
      </paragraph>
      <paragraph eId="para_42" class="MercuryDocument">
        <num>	3.</num>
        <content eId="para_42__content">
          <p xml:space="preserve">
            <span class="bold">确认</span>宗教间和文化间对话的重要性及其对促进社会融合以及包容、和平与发展的宝贵贡献，促请会员国酌情并适时考虑将宗教间和文化间对话作为努力实现和平、社会稳定及全面实现可持续发展目标的一个重要工具；<sup>2</sup></p>
        </content>
      </paragraph>
      <paragraph eId="para_43" class="MercuryDocument">
        <num>	4.</num>
        <content eId="para_43__content">
          <p xml:space="preserve">
            <span class="bold">又确认</span>有关利益攸关方通过推动对宗教和文化多样性的尊重，努力促进各社会内部的和平与和谐共处，包括促成社会各阶层之间的持续、有力互动；</p>
        </content>
      </paragraph>
      <paragraph eId="para_44" class="MercuryDocument">
        <num>	5.</num>
        <content eId="para_44__content">
          <p xml:space="preserve">
            <span class="bold">还确认</span>联合国教育、科学及文化组织在文化间对话方面发挥主导作用，对宗教间对话作出贡献，以及为促进和平与非暴力文化开展活动并且注重在全球、区域和次区域各级采取具体行动，又确认联合国不同文明联盟在这方面的贡献；</p>
        </content>
      </paragraph>
      <paragraph eId="para_45" class="MercuryDocument">
        <num>	6.</num>
        <content eId="para_45__content">
          <p xml:space="preserve">
            <span class="bold">鼓励</span>会员国和相关政府间组织及非政府组织继续考虑开展活动，支持执行联合国教育、科学及文化组织通过的《国际文化和睦十年(2013-2022年)行动计划》，<authorialNote marker="6" placement="bottom" eId="authorialNote_6"><p xml:space="preserve">		联合国教育、科学及文化组织，执行局第194 EX/10号决定。</p></authorialNote> 该计划提供一个框架，用以加强宗教间和文化间对话，促进容忍和相互了解，同时重视妇女和青年对此种对话的参与；</p>
        </content>
      </paragraph>
      <paragraph eId="para_46" class="MercuryDocument">
        <num>	7.</num>
        <content eId="para_46__content">
          <p xml:space="preserve">
            <span class="bold">谴责</span>任何构成煽动歧视、敌意或暴力的鼓吹宗教仇恨的言行，不论其采用的是印刷、音像或电子媒介、社交媒体或任何其他手段；</p>
        </content>
      </paragraph>
      <paragraph eId="para_47" class="MercuryDocument">
        <num>	8.</num>
        <content eId="para_47__content">
          <p xml:space="preserve">
            <span class="bold">重申</span>所有国家郑重承诺根据《联合国宪章》、《世界人权宣言》<sup>1 </sup>及其他有关人权的文书和国际法履行其在推动普遍尊重、遵守和保护所有人的所有人权和基本自由方面的义务和承诺，并重申这些权利和自由的普世性不容置疑；</p>
        </content>
      </paragraph>
      <paragraph eId="para_48" class="MercuryDocument">
        <num>	9.</num>
        <content eId="para_48__content">
          <p xml:space="preserve">
            <span class="bold">欢迎</span>本着宗教间和谐与和平睦邻精神开通卡尔塔普尔-萨希卜走廊的倡议，并赞赏巴基斯坦和印度政府达成协议，允许所有信仰的朝圣者、特别是来自世界各地的那纳克教义信众和锡克人社群免签证入境，认为此举是一项宗教间和文化间合作促进和平的里程碑式倡议；</p>
        </content>
      </paragraph>
      <paragraph eId="para_49" class="MercuryDocument">
        <num>	10.</num>
        <content eId="para_49__content">
          <p xml:space="preserve">
            <span class="bold">又欢迎</span>联合国不同文明联盟通过各项宣言，并邀请相关利益攸关方继续努力促进不同文明、文化、宗教和信仰之间的相互了解；</p>
        </content>
      </paragraph>
      <paragraph eId="para_50" class="MercuryDocument">
        <num>	11.</num>
        <content eId="para_50__content">
          <p xml:space="preserve">
            <span class="bold">还欢迎</span>西班牙和土耳其作为联合国不同文明联盟的共同赞助国，在2018年11月19日至20日在纽约举行的主题为“承诺对话：建立伙伴关系推动预防和保持和平”的第八届不同文明联盟全球论坛圆满结束后发表联合声明，并邀请相关利益攸关方继续努力促进不同文明、文化、宗教和信仰之间的跨文化对话和相互理解；</p>
        </content>
      </paragraph>
      <paragraph eId="para_51" class="MercuryDocument">
        <num>	12.</num>
        <content eId="para_51__content">
          <p xml:space="preserve">
            <span class="bold">着重指出</span>温和作为各个社会的一项价值观具有重要意义，有助于抵御助长恐怖主义的暴力极端主义并尊重人权和基本自由，还有助于促进宗教间和文化间的对话、宽容、理解与合作，并鼓励酌情努力让主张温和的声音能够团结一致，以建设一个更加安全、包容、和平的世界；</p>
        </content>
      </paragraph>
      <paragraph eId="para_52" class="MercuryDocument">
        <num>	13.</num>
        <content eId="para_52__content">
          <p xml:space="preserve">
            <span class="bold">欢迎</span>媒体为促进宗教间和文化间对话作出努力，鼓励进一步促进来自所有文化和文明的媒体开展对话，强调人人享有表达自由的权利，并重申这一权利的行使附带特别的义务和责任并可能因此受到某些限制，但这些限制只能是法律规定的限制，是尊重他人权利或声誉、保护国家安全或公共秩序、或者保护公共健康或公共道德所必需，是非歧视性的并且以不妨碍思想、良心和宗教自由权利的方式适用；</p>
        </content>
      </paragraph>
      <paragraph eId="para_53" class="MercuryDocument">
        <num>	14.</num>
        <content eId="para_53__content">
          <p xml:space="preserve">
            <span class="bold">又欢迎</span>努力利用互联网等信息和通信技术推动宗教间和文化间对话，包括通过2010年在马尼拉举行的不同信仰间对话与合作促进和平与发展不结盟运动部长级特别会议之后建立的宗教间对话电子门户网站，以及通过联合国教育、科学及文化组织的和平与对话电子门户网站，并鼓励有关利益攸关方利用这一机会向宗教间对话电子门户网站及和平与对话电子门户网站投稿，传播它们在宗教间和文化间对话方面的最佳做法和经验；</p>
        </content>
      </paragraph>
      <paragraph eId="para_54" class="MercuryDocument">
        <num>	15.</num>
        <content eId="para_54__content">
          <p xml:space="preserve">
            <span class="bold">鼓励</span>会员国酌情考虑采取举措，确定在社会各界和各阶层为促进宗教间和文化间对话、宽容、了解与合作采取实际行动的领域，尤其是2007年10月在纽约举行的宗教间和文化间了解与合作促进和平高级别对话期间提出的构想，包括加强世界各宗教间对话进程的构想，以及2012年11月在巴黎举行的不同文化间和平与对话高级别小组第三次会议期间提出的构想；</p>
        </content>
      </paragraph>
      <paragraph eId="para_55" class="MercuryDocument">
        <num>	16.</num>
        <content eId="para_55__content">
          <p xml:space="preserve">
            <span class="bold">确认</span>联合国系统与信仰和文化组织及相关非政府组织积极接触，以促进宗教间和文化间对话，让有着不同文化、宗教、信仰或信念的人一起商讨共同的问题和目标；</p>
        </content>
      </paragraph>
      <paragraph eId="para_56" class="MercuryDocument">
        <num>	17.</num>
        <content eId="para_56__content">
          <p xml:space="preserve">
            <span class="bold">又确认</span>包括学术界在内的民间社会在推动宗教间和文化间对话方面发挥重要作用，并鼓励支持为调动民间社会采取务实措施，包括建设能力、提供机遇和制定合作框架；</p>
        </content>
      </paragraph>
      <paragraph eId="para_57" class="MercuryDocument">
        <num>	18.</num>
        <content eId="para_57__content">
          <p xml:space="preserve">
            <span class="bold">邀请</span>会员国进一步促进和解，帮助确保实现持久和平与持续发展，包括为此与信仰领袖和社区进行合作，采取和解措施和提供服务，鼓励人与人之间的容恕和同情；</p>
        </content>
      </paragraph>
      <paragraph eId="para_58" class="MercuryDocument">
        <num>	19.</num>
        <content eId="para_58__content">
          <p xml:space="preserve">
            <span class="bold">确认</span>秘书处经济和社会事务部可持续发展事务政府间支助和协调办公室作为秘书处内部负责这一问题的协调单位发挥宝贵作用，并鼓励该办公室继续与联合国系统相关实体进行互动和协调，协调这些实体对推动宗教间和文化间对话政府间进程的贡献；</p>
        </content>
      </paragraph>
      <paragraph eId="para_59" class="SingleTxt">
        <num>	20.</num>
        <content eId="para_59__content">
          <p xml:space="preserve">
            <span class="bold">请</span>秘书长向大会第七十五届会议报告本决议的执行情况。</p>
        </content>
      </paragraph>
    </mainBody>
    <conclusions eId="conclusions">
      <p>
        <inline name="adoptionMeeting" title="第45次">第45次全体会议</inline>
        <eol />
        <docDate date="2019-12-12" refersTo="#adoptionDate">2019年12月12日</docDate>
      </p>
    </conclusions>
  </statement>
</akomaNtoso>