<akomaNtoso xmlns:xsi="http://www.w3.org/2001/XMLSchema-instance" xsi:schemaLocation="http://docs.oasis-open.org/legaldocml/ns/akn/3.0 http://docs.oasis-open.org/legaldocml/akn-core/v1.0/os/part2-specs/schemas/akomantoso30.xsd" xmlns="http://docs.oasis-open.org/legaldocml/ns/akn/3.0" xmlns:html="http://www.w3.org/1999/xhtml" xmlns:akn4un="http://un.org/akn4un">
  <statement name="resolution">
    <meta>
      <identification source="#DGACM">
        <FRBRWork>
          <FRBRthis value="/akn/un/statement/deliberation/unga/2019-12-11/74-20/!main/"></FRBRthis>
          <FRBRuri value="/akn/un/statement/deliberation/unga/2019-12-11/74-20/"></FRBRuri>
          <FRBRdate date="2019-12-11" name="adoption"></FRBRdate>
          <FRBRauthor href="ga" as="author"></FRBRauthor>
          <FRBRcountry value="un"></FRBRcountry>
        </FRBRWork>
        <FRBRExpression>
          <FRBRthis value="/akn/un/statement/deliberation/unga/2019-12-11/74-20/zho@!main/"></FRBRthis>
          <FRBRuri value="/akn/un/statement/deliberation/unga/2019-12-11/74-20/zho@/"></FRBRuri>
          <FRBRdate date="2020-01-28" name="publication"></FRBRdate>
          <FRBRauthor href="ga" as="issuer"></FRBRauthor>
          <FRBRlanguage language="zho"></FRBRlanguage>
        </FRBRExpression>
        <FRBRManifestation>
          <FRBRthis value="/akn/un/statement/deliberation/unga/2019-12-11/74-20/zho@/!main.xml"></FRBRthis>
          <FRBRuri value="/akn/un/statement/deliberation/unga/2019-12-11/74-20/zho@.xml"></FRBRuri>
          <FRBRdate date="2020-09-01" name="markup"></FRBRdate>
          <FRBRauthor href="DGACM" as="editor"></FRBRauthor>
        </FRBRManifestation>
      </identification>
      <classification source="http://metadata.un.org/sdg">
        <keyword value="3" href="http://metadata.un.org/sdg/3" showAs="sdg_3" dictionary="SDGO"></keyword>
        <keyword value="public_health" href="http://eurovoc.europa.eu/3885" showAs="public_health" dictionary="EuroVoc"></keyword>
        <keyword value="health" href="http://metadata.un.org/thesaurus/1002824" showAs="health" dictionary="UNBIS Thesaurus"></keyword>
      </classification>
      <classification source="http://metadata.un.org/sdg">
        <keyword value="2" href="http://metadata.un.org/sdg/2" showAs="sdg_2" dictionary="SDGO"></keyword>
        <keyword value="food_shortage" href="http://eurovoc.europa.eu/2318" showAs="food_shortage" dictionary="EuroVoc"></keyword>
        <keyword value="sustainable_agriculture" href="http://eurovoc.europa.eu/6308" showAs="sustainable_agriculture" dictionary="EuroVoc"></keyword>
        <keyword value="food_security" href="http://eurovoc.europa.eu/c_4523e1dd" showAs="food_security" dictionary="EuroVoc"></keyword>
        <keyword value="food_security" href="http://metadata.un.org/thesaurus/1002439" showAs="food_security" dictionary="UNBIS Thesaurus"></keyword>
        <keyword value="food_shortage" href="http://metadata.un.org/thesaurus/1002440" showAs="food_shortage" dictionary="UNBIS Thesaurus"></keyword>
        <keyword value="hunger" href="http://metadata.un.org/thesaurus/1003004" showAs="hunger" dictionary="UNBIS Thesaurus"></keyword>
        <keyword value="sustainable_agriculture" href="http://metadata.un.org/thesaurus/1006317" showAs="sustainable_agriculture" dictionary="UNBIS Thesaurus"></keyword>
      </classification>
      <classification source="http://metadata.un.org/sdg">
        <keyword value="5" href="http://metadata.un.org/sdg/5" showAs="sdg_5" dictionary="SDGO"></keyword>
        <keyword value="gender_equality" href="http://eurovoc.europa.eu/3913" showAs="gender_equality" dictionary="EuroVoc"></keyword>
        <keyword value="participation_of_women" href="http://eurovoc.europa.eu/2265" showAs="participation_of_women" dictionary="EuroVoc"></keyword>
        <keyword value="women&amp;#39;s_rights" href="http://eurovoc.europa.eu/585" showAs="women&amp;#39;s_rights" dictionary="EuroVoc"></keyword>
        <keyword value="position_of_women" href="http://eurovoc.europa.eu/81" showAs="position_of_women" dictionary="EuroVoc"></keyword>
        <keyword value="women" href="http://metadata.un.org/thesaurus/1007029" showAs="women" dictionary="UNBIS Thesaurus"></keyword>
        <keyword value="gender_equality" href="http://metadata.un.org/thesaurus/1002612" showAs="gender_equality" dictionary="UNBIS Thesaurus"></keyword>
        <keyword value="girls" href="http://metadata.un.org/thesaurus/1002684" showAs="girls" dictionary="UNBIS Thesaurus"></keyword>
      </classification>
      <workflow source="#un">
        <step date="2019-12-04" outcome="draftResolution" as="A/74/L.26" by="Brazil, Ecuador, France, Norway, South Africa, Thailand and Viet Nam" />
        <step date="0001-01-01" outcome="draftResolutionAdditionalSponsors" by="Albania, Andorra, Argentina, Austria, Bangladesh, Belgium, Bosnia and Herzegovina, Bulgaria, Burkina Faso, Cabo Verde, Canada, Central African Republic, Chad, Chile, Congo, Costa Rica, Côte d'Ivoire, Croatia, Cyprus, Czechia, Denmark, Djibouti, El Salvador, Estonia, Finland, Gambia, Georgia, Germany, Greece, Guinea, Guinea-Bissau, Haiti, Honduras, Iceland, India, Indonesia, Ireland, Italy, Japan, Jordan, Kazakhstan, Latvia, Lebanon, Lithuania, Luxembourg, Malta, Mauritius, Mexico, Monaco, Mongolia, Montenegro, Morocco, Netherlands, Niger, Palau, Panama, Philippines, Portugal, Romania, Rwanda, Senegal, Serbia, Slovenia, Spain, Sri Lanka, Sweden, Togo, Tunisia, Turkey, Ukraine, United Kingdom, Uruguay and Zambia. - Viet Nam was removed from the list of sponsors of the draft resolution" />
        <step date="0001-01-01" outcome="recommendedForAdoption" by="" />
        <step date="2019-12-11" outcome="adopted" as="A/74/PV.44" by="" />
      </workflow>
      <analysis source="#un">
        <parliamentary>
          <voting outcome="adoptedWithoutVote">
            <quorum value=""></quorum>
          </voting>
        </parliamentary>
      </analysis>
      <references source="#DGACM">
        <TLCOrganization eId="source" href="/akn/ontology/organization/un/DGACM" showAs="DGACM"></TLCOrganization>
        <TLCConcept eId="dateOfIssuance" href="/akn/ontology/concept/un/dateOfIssuance" showAs="Date of issuance"></TLCConcept>
        <TLCConcept eId="dateOfAdoption" href="/akn/ontology/concept/un/dateOfAdoption" showAs="Date of adoption"></TLCConcept>
        <TLCConcept eId="symbol" href="/akn/ontology/reference/un/symbol" showAs="Symbol"></TLCConcept>
        <TLCRole eId="publisher" href="/akn/ontology/role/un/publisher" showAs="Publisher"></TLCRole>
        <TLCRole eId="issuingBody" href="/akn/role/concept/un/issuingBody" showAs="Issuing body"></TLCRole>
        <TLCRole eId="author" href="/akn/ontology/role/un/author" showAs="Author"></TLCRole>
        <TLCRole eId="editor" href="/akn/ontology/role/un/editor" showAs="Editor"></TLCRole>
        <TLCRole eId="distribution" href="/akn/ontology/concept/un/generalDistribution" showAs="General distribution"></TLCRole>
        <TLCOrganization eId="ga" href="/akn/ontology/organization/un/generalAssembly" showAs="General Assembly"></TLCOrganization>
        <TLCTerm eId="resolutionTitle" href="/akn/ontology/reference/un/resolutionTitle" showAs="Resolution title"></TLCTerm>
        <TLCTerm eId="noMainCommittee" href="#noMainCommittee" showAs="未经发交主要委员会而通过"></TLCTerm>
        <TLCTerm eId="memberState" href="/akn/ontology/organization/un/memberState" showAs="Member State"></TLCTerm>
        <TLCTerm eId="inFavour" href="/akn/ontology/concept/un/voting/inFavour" showAs="In favour"></TLCTerm>
        <TLCTerm eId="against" href="/akn/ontology/concept/un/voting/against" showAs="Against"></TLCTerm>
        <TLCTerm eId="abstaining" href="/akn/ontology/concept/un/voting/abstaining" showAs="Abstaining"></TLCTerm>
      </references>
      <presentation source="#un">
        <akn4un:footerFirstPage>
          <akn4un:footerFirstPageLeft>
            <akn4un:internalCode>
              <docketNumber refersTo="#publicationJobNumber">19-21394 (C)</docketNumber>
              <img alt="bar code" class="barCode" src=""></img>
            </akn4un:internalCode>
          </akn4un:footerFirstPageLeft>
          <akn4un:footerFirstPageRight>
            <img alt="Please recycle" class="image" src="./recylcleLogo.jpg"></img>
            <img alt="embedded QR code" class="qrCode" src=""></img>
          </akn4un:footerFirstPageRight>
        </akn4un:footerFirstPage>
      </presentation>
    </meta>
    <coverPage eId="coverPage_1">
      <p>
        <span refersTo="#publisher" class="upperLeft">
          <docAuthority refersTo="#publisher">联合国</docAuthority>
        </span>
      </p>
      <p class="upperRight">
        <docNumber refersTo="#symbol">A/RES/74/20</docNumber>
      </p>
      <p class="upperLeft">
        <img src="logo-un.jpg"></img>
        <docAuthority refersTo="#issuingBody" class="rightBig">大会</docAuthority>
      </p>
      <p>
        <docStatus refersTo="#generalDistribution" class="rightSmall">Distr.: General</docStatus>
      </p>
      <p>
        <docDate date="2020-01-28" class="rightSmall" refersTo="#dateOfIssuance">28 January 2020</docDate>
      </p>
      <p>
        <session refersTo="#generalAssembly" value="74" eId="coverPage_1__session_1">第七十四届会议</session>
      </p>
      <p>
        <inline name="agenda item">议程项目126</inline>
      </p>
      <p>
        <inline name="agenda item name">全球卫生与外交政策</inline>
      </p>
      <p>
        <docTitle>2019年12月11日大会决议</docTitle>
      </p>
      <p xml:space="preserve">
        <docProponent refersTo="#noMainCommittee">[未经发交主要委员会而通过 (<inline name="originating document">A/74/L.26和A/74/L.26/Add.1</inline>)]</docProponent>
      </p>
    </coverPage>
    <preface>
      <p>
        <docNumber>74/20.</docNumber>
        <docTitle refersTo="#resolutionTitle">全球卫生与外交政策：以包容性方式加强卫生系统</docTitle>
      </p>
    </preface>
    <preamble>
      <formula name="enactingFormula" eId="formula_1">
        <p xml:space="preserve">
          <span class="bold">大会</span>，</p>
      </formula>
      <container name="回顾" eId="container_2">
        <p xml:space="preserve">
          <span class="bold">回顾</span>其2008年11月26日第<a href="https://undocs.org/ch/A/RES/63/33">63/33</a>号、2009年12月10日第<a href="https://undocs.org/ch/A/RES/64/108">64/108</a>号、2010年12月9日第<a href="https://undocs.org/ch/A/RES/65/95">65/95</a>号、2011年12月12日第<a href="https://undocs.org/ch/A/RES/66/115">66/115</a>号、2012年12月12日第<a href="https://undocs.org/ch/A/RES/67/81">67/81</a>号、2013年12月11日第<a href="https://undocs.org/ch/A/RES/68/98">68/98</a>号、2014年12月11日第<a href="https://undocs.org/ch/A/RES/69/132">69/132</a>号、2015年12月17日第<a href="https://undocs.org/ch/A/RES/70/183">70/183</a>号、2016年12月15日第<a href="https://undocs.org/ch/A/RES/71/159">71/159</a>号、2017年12月12日第<a href="https://undocs.org/ch/A/RES/72/139">72/139</a>号和<span class="bold">2018</span>年12月13日第<a href="https://undocs.org/ch/A/RES/73/132">73/132</a>号决议，</p>
      </container>
      <container name="重申" eId="container_3">
        <p xml:space="preserve">
          <span class="bold">重申</span>其2015年9月25日题为“变革我们的世界：2030年可持续发展议程”的第<a href="https://undocs.org/ch/A/RES/70/1">70/1</a>号决议，其中所载大会通过的一套具有普遍性和变革性的可持续发展目标和具体目标内容广泛、意义深远、以人为中心，重申致力于通过不懈努力，到2030年全面执行这一议程，再次表示认识到消除一切形式和表现的贫困、包括极端贫困是世界最大的挑战，而且对实现可持续发展必不可少，并重申致力于采用统筹兼顾的方式，从经济、社会和环境三个方面实现可持续发展，在千年发展目标已有成就的基础上努力完成其未竟之功，同时再次承诺不让任何一个人掉队，而且首先努力帮助落在最后的人，</p>
      </container>
      <container name="又重申" eId="container_4">
        <p xml:space="preserve">
          <span class="bold">	又重申</span>其2015年7月27日关于《第三次发展筹资问题国际会议亚的斯亚贝巴行动议程》的第<a href="https://undocs.org/ch/A/RES/69/313">69/313</a>号决议，该议程是《2030年可持续发展议程》的有机组成部分，也对其具有辅助和补充作用，有助于将其执行手段方面的具体目标与具体政策和行动结合起来，并再次作出强有力的政治承诺，将本着全球合作和团结精神，应对在各级为可持续发展筹措资金和营造有利环境的挑战，</p>
      </container>
      <container name="还重申" eId="container_5">
        <p xml:space="preserve">
          <span class="bold">还重申</span>在大会各次高级别会议通过的关于全民健康覆盖、消除艾滋病、应对抗微生物药物耐药性问题、消灭结核病 及预防和控制非传染性疾病 的政治宣言中，以及在题为“巩固成果，加紧努力到2030年在发展中国家特别是非洲防治和消除疟疾”的大会决议中作出的坚定承诺，</p>
      </container>
      <container name="回顾" eId="container_6">
        <p xml:space="preserve">
          <span class="bold">	回顾</span>《世界人权宣言》、<authorialNote marker="1" placement="bottom" eId="authorialNote_1"><p xml:space="preserve">		第<a href="https://undocs.org/ch/a/res/217(III)">217A(III)</a>号决议。</p></authorialNote> 《经济、社会、文化权利国际公约》、<authorialNote marker="2" placement="bottom" eId="authorialNote_2"><p xml:space="preserve">		见第<a href="https://undocs.org/ch/a/res/2200(XXI)">2200A(XXI)</a>号决议，附件。</p></authorialNote> 《消除一切形式种族歧视国际公约》、<authorialNote marker="3" placement="bottom" eId="authorialNote_3"><p xml:space="preserve">		联合国，《条约汇编》，第660卷，第9464号。</p></authorialNote> 《消除对妇女一切形式歧视公约》、<authorialNote marker="4" placement="bottom" eId="authorialNote_4"><p xml:space="preserve">		同上，第1249卷，第20378号。</p></authorialNote> 《儿童权利公约》、<authorialNote marker="5" placement="bottom" eId="authorialNote_5"><p xml:space="preserve">		同上，第1577卷，第27531号。</p></authorialNote> 《残疾人权利公约》、<authorialNote marker="6" placement="bottom" eId="authorialNote_6"><p xml:space="preserve">		同上，第2515卷，第44910号。</p></authorialNote> 《世界卫生组织组织法》<authorialNote marker="7" placement="bottom" eId="authorialNote_7"><p xml:space="preserve">		同上，第14卷，第221号。</p></authorialNote> 及国际人道法的有关规定，</p>
      </container>
      <container name="注意到" eId="container_7">
        <p xml:space="preserve">
          <span class="bold">	注意到</span>外交政策与全球卫生倡议在促进外交政策与全球卫生之间的协同增效方面具有重要作用，并注意到2007年3月20日题为“全球健康：我们所处时代的一项迫切外交政策问题”的《奥斯陆部长级宣言》<authorialNote marker="8" placement="bottom" eId="authorialNote_8"><p xml:space="preserve"><a href="https://undocs.org/ch/A/63/591">A/63/591</a>，附件。</p></authorialNote> 作出的贡献，而该倡议在2017年9月22日题为“继续十年的协调努力，准备迎接新挑战”的部长级公报<authorialNote marker="9" placement="bottom" eId="authorialNote_9"><p xml:space="preserve"><a href="https://undocs.org/ch/A/72/559">A/72/559</a>，附件。</p></authorialNote> 中重申了这项宣言，并阐述了新的行动和承诺，</p>
      </container>
      <container name="重申" eId="container_8">
        <p xml:space="preserve">
          <span class="bold">	重申</span>卫生是在社会、经济、环境三方面实现可持续发展和落实《2030年可持续发展议程》的前提条件、成果和指标，全球卫生方面虽取得了进展但仍存在挑战，特别是各国、各区域、各社群内部和之间存在不公平、不平等，而对卫生的投资有助于实现可持续和包容性的经济增长、社会发展、环境保护，有助于消除贫穷、饥饿、营养不良，还有助于实现性别平等、增强所有妇女和女孩的权能、减少不平等，并认识到实现可持续发展目标3与实现其他可持续发展目标是相辅相成的，</p>
      </container>
      <container name="又重申" eId="container_9">
        <p xml:space="preserve">
          <span class="bold">	又重申</span>人人无区别地有权享有可达到的最高标准的身心健康，有权享有足以使本人及家属获得健康和福祉的生活水准，包括获得充足食物、安全饮用水、衣着、住房，并有权不断改善生活条件，在这方面特别关注数以百万计的民众处于令人震惊的境地，对其而言获得医疗服务和药品的目标仍是遥不可及，而弱势者或处于弱势境况者的情况尤甚，</p>
      </container>
      <container name="认识到" eId="container_10">
        <p xml:space="preserve">
          <span class="bold">认识到</span>一种透明、负责任、有担当、开放、各方参与而且顺应人们需要和愿望的卫生系统治理若要实现享有可达到的最高标准的身心健康这项权利，就必须重视各项人权， </p>
      </container>
      <container name="回顾" eId="container_11">
        <p xml:space="preserve">
          <span class="bold">	回顾</span>2011年关于健康问题社会决定因素的世界会议通过了《健康问题社会决定因素里约政治宣言》，其中重申国家内部和国家间存在的健康不平等现象在政治、社会和经济上是不可接受的，也是不公平的，而且在很大程度上可以避免，并注意到健康的许多基本决定因素以及传染性和非传染性疾病的风险因素都与社会、经济、环境和行为条件相关，</p>
      </container>
      <container name="认识到" eId="container_12">
        <p xml:space="preserve">
          <span class="bold">	认识到</span>需要通过政治承诺、政策和国际合作，包括针对健康的社会、经济、环境决定因素的政治承诺、政策和国际合作，解决国家内部和国家之间在医疗卫生方面存在不公平和不平等问题，</p>
      </container>
      <container name="又认识到" eId="container_13">
        <p xml:space="preserve">
          <span class="bold">又认识到</span>必须要有公平、社会正义和社会保护机制以及消除卫生保健中存在的歧视和污名化的根本原因，以确保所有人、特别是弱势或处境脆弱人群普遍、公平地获得优质医疗保健服务，而又不会陷入经济困境，</p>
      </container>
      <container name="重申" eId="container_14">
        <p xml:space="preserve">
          <span class="bold">	重申</span>承诺根据《国际人口与发展会议行动纲领》、<authorialNote marker="10" placement="bottom" eId="authorialNote_10"><p xml:space="preserve">		《国际人口与发展会议的报告，1994年9月5日至13日，开罗》(联合国出版物，出售品编号：C.95.XIII.18)，第一章，决议1，附件。</p></authorialNote> 《北京行动纲领》<authorialNote marker="11" placement="bottom" eId="authorialNote_11"><p xml:space="preserve">		《第四次妇女问题世界会议的报告，1995年9月4日至15日，北京》(联合国出版物，出售品编号：E.96.IV.13)，第一章，决议1，附件二。</p></authorialNote> 及其历次审查会议的成果文件，确保普遍享有性健康和生殖健康以及生殖权利，</p>
      </container>
      <container name="又重申" eId="container_15">
        <p xml:space="preserve">
          <span class="bold">又重申</span>国家自主权具有重要意义，而且会员国在确定和促进本国实现全民健康覆盖的道路方面负有首要责任，包括通过社区宣传和私营部门参与，以及借力国际社会的支持，</p>
      </container>
      <container name="确认" eId="container_16">
        <p xml:space="preserve">
          <span class="bold">确认</span>全民健康覆盖意味着人人不受歧视地获得由国家确定的、具有增进健康、预防、治疗、康复和缓解作用的全套所需优质基本保健服务，以及获得必要、安全、负担得起、有效、优质的药品和疫苗，同时确保这些服务的使用不至让使用者陷入财务困境，并特别注重人口中的贫困、弱势、边缘化阶层，</p>
      </container>
      <container name="注意到" eId="container_17">
        <p xml:space="preserve">
          <span class="bold">注意到</span>“将健康融入所有政策”是指各部门的公共政策都系统地顾及所作决策对健康的影响，谋求协同增效，避免对健康产生有害影响，以期通过评估公共政策对健康和福祉决定因素及对卫生系统的影响，改善民众健康，提高健康的公平程度，</p>
      </container>
      <container name="认识到" eId="container_18">
        <p xml:space="preserve">
          <span class="bold">	认识到</span>良好的健康需要普惠、包容、公平、有效、及时应对、便利、优质的卫生系统，而且认识到良好的健康还有赖于其他部门和行为体的参与及与其开展对话，因为它们的绩效可能对健康产生重大影响，并有赖于在采取协调一致的跨部门政策行动方面开展有效协作，</p>
      </container>
      <container name="又认识到" eId="container_19">
        <p xml:space="preserve">
          <span class="bold">又认识到</span>促进民众尤其是妇女、女童、家庭和社区的参与，增强包容性，对于有效执行卫生政策、战略和计划至关重要，特别是在医疗卫生紧急情况的准备和应对方面，</p>
      </container>
      <container name="还认识到" eId="container_20">
        <p xml:space="preserve">
          <span class="bold">	还认识到</span>妇女和女童作为发展的推动者具有关键作用，承认实现性别平等和增强所有妇女和女童的权能以及消除一切形式暴力侵害妇女和女童行为对于全面落实《2030年可持续发展议程》至关重要，又认识到营养政策和其他相关政策应特别注意妇女的需求，并增强妇女和女童的权能，以帮助妇女平等地获得社会保障和资源，包括收入、土地、水、资金、教育、培训、科学技术、医疗服务，从而促进粮食安全和健康，</p>
      </container>
      <container name="认识到" eId="container_21">
        <p xml:space="preserve">
          <span class="bold">	认识到</span>充分的优质产前保健可降低孕产妇的死亡和发病风险、早产以及可能导致母亲和新生儿健康不良的其他妊娠和分娩并发症，还认识到普遍提供费用合理的围产期和新生儿医疗保健干预措施，包括进行宣传以及提供基于家庭、社区和医疗设施的预防、增进健康和治疗服务，可以在全世界大幅减少围产期和新生儿死亡人数所占的巨大比例，</p>
      </container>
      <container name="承认" eId="container_22">
        <p xml:space="preserve">
          <span class="bold">	承认</span>促进卫生公平以及消除医疗机构中的污名化与歧视现象对于实现可持续发展目标和建设更加包容的社会非常重要，可使弱势者或处于弱势境况者，特别是妇女及女童、儿童、青年、老年人、土著人民、难民、国内流离失所者及移民、残疾人、患有精神疾患或心理残疾的人、艾滋病毒/艾滋病、结核病、霍乱等传染病以及非传染性和其他疾病的感染者、易感染者和受影响者享有更高生活质量和福祉，并在这方面表示注意到联合国关于杜绝医疗机构中歧视现象的联合声明，</p>
      </container>
      <container name="提倡" eId="container_23">
          <p xml:space="preserve">
            <span class="bold">	提倡</span>扩大提供可负担、安全、有效、优质的药物，包括非专利药、疫苗、诊断及医疗保健技术，重申经修正的《世界贸易组织关于与贸易有关的知识产权协议》，又重申2001年世界贸易组织《关于〈与贸易有关的知识产权协议〉与公共健康的多哈宣言》，其中认识到知识产权的解释和落实方式应支持会员国保护公共健康、尤其是促进人人获得药品的权利，并指出有必要对新医疗产品的开发提供适当激励，</p>
      </container>
      <container name="回顾" eId="container_24">
        <p xml:space="preserve">
          <span class="bold">	回顾</span>世界卫生组织的《公共卫生、创新和知识产权全球战略和行动计划》，<authorialNote marker="12" placement="bottom" eId="authorialNote_12"><p xml:space="preserve">		见世界卫生组织，WHA61/2008/REC/1号文件。</p></authorialNote> 其目的是促进医药创新、建设能力和增加获得药品的机会，鼓励进一步讨论药品获取问题，并重申医疗卫生研究和开发应由需求驱动、以证据为基础，遵循可负担、有实效、高效率、公平等核心原则，并应被视为一项共同分担的责任，回顾获得药品问题高级别小组的报告，包括其建议，</p>
      </container>
      <container name="认识到" eId="container_25">
        <p xml:space="preserve">
          <span class="bold">认识到</span>，若要以有效、具有财政可持续性的方式落实全民健康覆盖，医疗卫生系统必须具备适应力，及时作出反应，并有能力执行广泛的公共卫生措施、预防疾病、保护健康、促进健康以及通过在各个部门采取协调一致的政策应对健康问题的决定因素，包括提高民众的卫生知识普及，</p>
      </container>
      <container name="又认识到" eId="container_26">
        <p xml:space="preserve">
          <span class="bold">	又认识到</span>卫生系统不仅需要做到强有力、有适应力、运作良好、治理完善、反应及时、负责任、综合性、基于社区、以人为本和有能力提供优质服务，而且需要以称职的医疗卫生人员、充足的医疗卫生基础设施、有力的立法和监管框架以及充足和可持续的资金作为支撑，</p>
      </container>
      <container name="还认识到" eId="container_27">
        <p xml:space="preserve">
          <span class="bold">	还认识到</span>人们首先是通过初级卫生保健与医疗卫生系统接触，初级卫生保健是增进人们身心健康和社会福祉的最具包容性、最有效、最高效的办法，而且正如《阿拉木图宣言》所宣布和《阿斯塔纳宣言》所重申的那样，初级卫生保健是可持续医疗卫生系统的基石，有助于实现全民健康覆盖和与健康有关的可持续发展目标，</p>
      </container>
      <container name="回顾" eId="container_28">
        <p xml:space="preserve">
          <span class="bold">	回顾</span>《营养问题罗马宣言》获得通过，<authorialNote marker="13" placement="bottom" eId="authorialNote_13"><p xml:space="preserve">		世界卫生组织，EB136/8号文件，附件一。</p></authorialNote> 其中重申各国的卫生系统应纳入营养因素，同时为所有人提供综合医疗保健服务、采取连续照护做法以及为本国政府提出一整套自愿的政策选项和战略，并回顾该宣言的《行动框架》，<authorialNote marker="14" placement="bottom" eId="authorialNote_14"><p xml:space="preserve">		同上，附件二。</p></authorialNote></p>
      </container>
      <container name="又回顾" eId="container_29">
        <p xml:space="preserve">
          <span class="bold">又回顾</span>必须采取多部门行动，以提倡包括身体活动在内各种积极、健康的生活方式，让所有人终生受益，并确保在这个世界上没有各种形式的营养不良，所有人有能力在公共监管措施的支持下对自身的健康负起责任，获得安全饮用水和卫生设施以及安全、充足、有营养的食物，终生享有多样化、平衡、健康的饮食结构，并表示注意到营养促进成长发育倡议，以及在这方面期待该倡议即将于2020年在东京举行首脑会议，</p>
      </container>
      <container name="认识到" eId="container_30">
        <p xml:space="preserve">
          <span class="bold">	认识到</span>气候变化、自然灾害、极端天气事件的不利影响以及对健康有决定性影响的其他环境因素(例如清洁空气、安全饮用水、环境卫生设施、安全、充足、有营养的食物、有保障的住所)在健康方面的后果，就此特别指出在适应气候变化的努力中应重视保健工作，同时着重指出必须建立适应力强、以人为本的医疗卫生系统，以保护所有人的健康，特别是保护弱势群体或处境脆弱群体、尤其是小岛屿发展中国家居民的健康，</p>
      </container>
      <container name="注意到" eId="container_31">
        <p xml:space="preserve">
          <span class="bold">	注意到</span>越来越多的复杂紧急情况正在阻碍着全民健康覆盖的实现，必须采取一致和包容的做法，在紧急情况下保障全民健康覆盖，包括为此进行国际合作，从而确保按照人道主义原则连续地提供基本医疗卫生服务和履行公共卫生职能，</p>
      </container>
      <container name="表示必须" eId="container_32">
          <p xml:space="preserve">
            <span class="bold">	表示必须</span>依照国际人道法在武装冲突中尊重和保护医务人员和专门履行医护职责的人道主义人员、他们的运输工具和设备以及医院和其他医疗设施，不得对其发动非法袭击，并确保在切实可行的最大范围内尽可能以最少的耽搁为伤病人员提供所需的医疗和照料，</p>
      </container>
      <container name="表示关切" eId="container_33">
        <p xml:space="preserve">
          <span class="bold">表示关切</span>全球各国主要是低收入和中等收入国家短缺1 800万名医疗卫生人员，认识到需要培训、加强和留住技术熟练的医疗卫生人员队伍，包括护士、助产士和社区卫生工作人员，因为他们是强有力和有适应力的医疗卫生系统的重要组成部分，还认识到进一步投资建设更有效和对社会更负责任的医疗卫生人员队伍可以带来重大社会经济收益，既有助于消除各种形式和层面的贫困，也有助于增强所有妇女和女童的权能及减少不平等现象，</p>
      </container>
      <container name="认识到" eId="container_34">
        <p xml:space="preserve">
          <span class="bold">	认识到</span>人力资源对于加强卫生系统以及成功实现《2030年可持续发展议程》所载国际商定目标具有重要意义，并关切地注意到发展中国家训练有素、技术熟练的卫生人员仍然越来越多地移民到某些国家，这一情况削弱了原籍国的卫生系统，</p>
      </container>
      <container name="重申" eId="container_35">
        <p xml:space="preserve">
          <span class="bold">	重申</span>必须建立适当的国家人力资源管理框架，以在医疗卫生工作者的培训、招聘、部署、监管、支持、留用方面加大力度，</p>
      </container>
      <container name="确认" eId="container_36">
        <p xml:space="preserve">
          <span class="bold">	确认</span>迅速变化的各种技术、特别是数字技术可以让人们有更多机会获得医疗卫生服务，增进医疗卫生系统及时满足个人和社区需求的能力，提高医疗卫生服务的质量和效率，以及通过让患者获取自己的医疗保健信息、提高健康基础知识、在重视医疗卫生专业人士与患者沟通的同时加强患者对临床决定的参与，增强患者的权能，</p>
      </container>
      <container name="认识到" eId="container_37">
        <p xml:space="preserve">
          <span class="bold">	认识到</span>抗微生物药物耐药性是一项全球性挑战，必须通过“一体化卫生办法”，在会员国、世界卫生组织、联合国粮食及农业组织、世界动物卫生组织及其他相关利益攸关方参与下采取多部门行动，重申大会抗微生物药物耐药性问题高级别会议的政治宣言<authorialNote marker="15" placement="bottom" eId="authorialNote_15"><p xml:space="preserve">		第<a href="https://undocs.org/ch/A/RES/71/3">71/3</a>号决议。</p></authorialNote> 具有重要意义，并确认抗微生物药物耐药性严重危及二十世纪的许多成就，尤其是下述成就：通过社会和经济发展减少传染病所致疾病和死亡，获得医疗保健服务以及优质、安全、有效且负担得起的药品，获得个人卫生、安全饮用水和卫生设施，在社区和医疗机构获得防病服务(包括免疫)，获得安全、营养的食品，人类医学和兽医学方面的进步，采用新的抗微生物药物和其他药物，</p>
      </container>
      <container name="特别指出" eId="container_38">
        <p xml:space="preserve">
          <span class="bold">	特别指出</span>全球健康是国家、区域、国际范围内的长期目标，需要为此作出持续的高级别承诺并开展更加密切的国际合作，包括在利益攸关方之间建立意义深远的伙伴关系，并特别指出有必要适当关注当前全球卫生行动的连续性和可持续性，以保障已取得的进展并继续向前迈进，</p>
      </container>
      <container name="又特别指出" eId="container_39">
        <p xml:space="preserve">
          <span class="bold">	又特别指出</span>必须加强国际合作，支持会员国努力实现医疗卫生目标，包括实现全民健康覆盖的具体目标，特别是财务风险防范、提供优质基本保健服务以及向所有人提供安全、有效、优质、负担得起的基本药品和疫苗，</p>
      </container>
      <container name="重申" eId="container_40">
        <p xml:space="preserve">
          <span class="bold">	重申</span>必须振兴和促进与所有相关利益攸关方的牢固全球伙伴关系，以酌情协同支持会员国实现全民健康覆盖和可持续发展目标其他与健康有关的具体目标，包括利用2030年实现全民健康覆盖国际卫生伙伴关系等现有全球网络开展技术支持、能力建设和加强宣传，</p>
      </container>
      <container name="表示注意到" eId="container_41">
        <p xml:space="preserve">
          <span class="bold">	表示注意到</span>2019年9月24日在纽约启动了《促进所有人的健康生活与福祉全球行动计划》，</p>
      </container>
      <container name="又表示注意到" eId="container_42">
        <p xml:space="preserve">
          <span class="bold">	又表示注意到</span>各国议会联盟2019年10月17日通过题为“到2030年实现全民健康覆盖：议会在确保健康权方面的作用”的决议，</p>
      </container>
      <container name="强调" eId="container_43">
        <p xml:space="preserve">
          <span class="bold">	强调</span>联合国系统负有重要的责任和作用，应按会员国的请求协助其贯彻和充分履行在联合国各次主要会议和首脑会议上达成的协议和作出的承诺，特别是履行那些侧重于卫生领域的协议和承诺，又强调作为联合国卫生专门机构的世界卫生组织以及其他有关国际组织应在向各国提供技术支持、协助其以最佳方式让民众、民间社会、社区参与国家卫生决策方面发挥主要作用，</p>
      </container>
    </preamble>
    <mainBody>
      <paragraph eId="para_44" class="MercuryDocument">
        <num>	1.</num>
        <content eId="para_44__content">
          <p xml:space="preserve">
            <span class="bold">促请</span>会员国加强卫生系统，特别是加强初级卫生保健，以普遍提供一系列安全、优质、便捷、可获而又负担得起、及时、治疗与财务兼顾、以人为本、注重性别平等、立足社区的卫生保健服务，从而有助于弱势群体或处境脆弱者增强满足其身心健康需求的能力，加强医疗卫生的公平和平等，杜绝歧视和污名化，消除覆盖漏洞，构建更加包容的社会； </p>
        </content>
      </paragraph>
      <paragraph eId="para_45" class="MercuryDocument">
        <num>	2.</num>
        <content eId="para_45__content">
          <p xml:space="preserve">
            <span class="bold">欢迎</span>2019年9月23日在纽约举行全民健康覆盖问题高级别会议，并重申其题为“全民健康覆盖：共同建立更健康的世界”的政治宣言；<authorialNote marker="16" placement="bottom" eId="authorialNote_16"><p xml:space="preserve">		第<a href="https://undocs.org/ch/A/RES/74/2">74/2</a>号决议。</p></authorialNote></p>
        </content>
      </paragraph>
      <paragraph eId="para_46" class="MercuryDocument">
        <num>	3.</num>
        <content eId="para_46__content">
          <p xml:space="preserve">
            <span class="bold">促请</span>会员国加快努力，争取到2030年实现全民健康覆盖，确保人人在生命各阶段保持健康并增进福祉，为此再次强调我们决心：</p>
        </content>
      </paragraph>
      <paragraph eId="para_47" class="MercuryDocument">
        <content eId="para_47__content">
          <p xml:space="preserve">	(a)	到2023年逐步新增10亿获医保人口，使其得享优质的基本卫生服务，获得优质、安全、有效、负担得起的基本药品、疫苗、诊断手段、医疗保健技术，以期到2030年实现全民健康覆盖；</p>
        </content>
      </paragraph>
      <paragraph eId="para_48" class="MercuryDocument">
        <content eId="para_48__content">
          <p xml:space="preserve">	(b)	制止不堪负荷的自付医疗费用的增长并扭转这一趋势，包括提供办法切实抵御财务风险，到2030年消除医疗相关支出导致的贫困，尤其注重穷人以及弱势人群或处境脆弱人群；</p>
        </content>
      </paragraph>
      <paragraph eId="para_49" class="MercuryDocument">
        <num>	4.</num>
        <content eId="para_49__content">
          <p xml:space="preserve">
            <span class="bold">确认</span>民众的参与特别是妇女和女童、家庭和社区的参与，以及所有相关利益攸关方的参与，是卫生系统治理的核心组成部分之一，这样才能充分赋予所有人改善和保护自己健康的能力，对处理和管控利益冲突和不当影响给予适当关注，并以医疗卫生成果为重心，推动实现全民健康覆盖；</p>
        </content>
      </paragraph>
      <paragraph eId="para_50" class="MercuryDocument">
        <num>	5.</num>
        <content eId="para_50__content">
          <p xml:space="preserve">
            <span class="bold">促请</span>会员国在维护人的尊严的基础上并按照平等和不歧视原则，确保不让任何一个人掉队，并首先努力帮助落在最后面的人； 增强弱势或处境脆弱人群的权能，并根据《2030年可持续发展议程》<authorialNote marker="17" placement="bottom" eId="authorialNote_17"><p xml:space="preserve">		第<a href="https://undocs.org/ch/A/RES/70/1">70/1</a>号决议。</p></authorialNote>满足这些人的身心健康需求，其中包括所有儿童、青年、残疾人、艾滋病毒/艾滋病感染者、老年人、土著人民、难民和境内流离失所者及移民；</p>
        </content>
      </paragraph>
      <paragraph eId="para_51" class="MercuryDocument">
        <num>	6.</num>
        <content eId="para_51__content">
          <p xml:space="preserve">
            <span class="bold">又促请</span>会员国推动建立社会保障机制，确保人们能获得有质量保证、负担得起的基本卫生服务，包括药品、疫苗、诊断手段、医疗产品、卫生技术；</p>
        </content>
      </paragraph>
      <paragraph eId="para_52" class="MercuryDocument">
        <num>	7.</num>
        <content eId="para_52__content">
          <p xml:space="preserve">
            <span class="bold">还促请</span>会员国采取措施宣传落实 《阿斯塔纳宣言》所载的愿景和承诺，同时重申《阿拉木图宣言》在初级卫生保健方面的承诺，包括推动增强个人和社区的权能；</p>
        </content>
      </paragraph>
      <paragraph eId="para_53" class="MercuryDocument">
        <num>	8.</num>
        <content eId="para_53__content">
          <p xml:space="preserve">
            <span class="bold">促请</span>会员国确保人人无区别地有权享有可达到的最高标准身心健康，同时回顾人人都有权——无论独自还是与他人一道——促进和争取尤其是这一权利的保护和实现，并鼓励社会各界领导人士及其所在社区的对此表示公开支持；</p>
        </content>
      </paragraph>
      <paragraph eId="para_54" class="MercuryDocument">
        <num>	9.</num>
        <content eId="para_54__content">
          <p xml:space="preserve">
            <span class="bold">鼓励</span>会员国酌情与民间社会、私营部门、学术界等所有相关利益攸关方开展互动协作，为此建立透明、多方参与的多利益攸关方平台和伙伴关系，对医疗卫生和社会相关政策的制定、执行、评价建言献策，并审查实现本国全民健康覆盖目标的进展情况，同时适当注意应对处理利益冲突和不当影响；</p>
        </content>
      </paragraph>
      <paragraph eId="para_55" class="MercuryDocument">
        <num>	10.</num>
        <content eId="para_55__content">
          <p xml:space="preserve">
            <span class="bold">又鼓励</span>会员国在设计、执行和监测卫生政策时，在全系统范围内将性别视角纳入主流，同时考虑到所有妇女和女童的具体需求，以期在卫生政策和卫生系统的建构过程中实现性别平等和增强妇女权能；</p>
        </content>
      </paragraph>
      <paragraph eId="para_56" class="MercuryDocument">
        <num>	11.</num>
        <content eId="para_56__content">
          <p xml:space="preserve">
            <span class="bold">促请</span>会员国推动采取更一致、更包容的办法，在紧急情况下保障全民健康覆盖，包括为此进行国际合作，从而确保按照人道主义原则连续地提供基本医疗卫生服务和履行  公共卫生职能；</p>
        </content>
      </paragraph>
      <paragraph eId="para_57" class="MercuryDocument">
        <num>	12.</num>
        <content eId="para_57__content">
          <p xml:space="preserve">
            <span class="bold">又促请</span>会员国确保在自然灾害、人道主义紧急情况、武装冲突中遭受性暴力的人安全地获得无歧视的医疗保健服务；</p>
        </content>
      </paragraph>
      <paragraph eId="para_58" class="MercuryDocument">
        <num>	13.</num>
        <content eId="para_58__content">
          <p xml:space="preserve">
            <span class="bold">敦促</span>所有会员国根据地方情况和国情以及着眼于成功提供初级卫生保健和实现全民健康覆盖的目标，实施社区卫生工作者方案，以使社区卫生工作者能够提供安全优质的照护，在国家一级优化社区卫生工作者方案，同时根据国家优先事项、资源和具体情况，将此作为国家卫生人员队伍和总体卫生部门、就业、经济发展领域等战略的组成部分；</p>
        </content>
      </paragraph>
      <paragraph eId="para_59" class="MercuryDocument">
        <num>	14.</num>
        <content eId="para_59__content">
          <p xml:space="preserve">
            <span class="bold">敦促</span>会员国加大工作力度，促进征聘和留用称职、熟练、有积极性的医疗卫生人员，包括社区医疗卫生工作者和精神卫生专业人员，并鼓励采取激励措施，以根据《世界卫生组织全球卫生人员国际招聘行为守则》<authorialNote marker="18" placement="bottom" eId="authorialNote_18"><p xml:space="preserve">		世界卫生组织，WHA63/2010/REC/1号文件，附件5。</p></authorialNote> 确保合格医疗卫生人员的公平分布，特别是在农村、偏远和服务不足地区以及服务需求较高领域的公平分布，包括为在这些地区工作的医疗卫生人员提供体面、安全的工作条件和适当薪酬，同时关切地注意到，训练有素、业务熟练的医疗卫生人员继续移居国外，削弱了原籍国的医疗卫生系统；</p>
        </content>
      </paragraph>
      <paragraph eId="para_60" class="MercuryDocument">
        <num>	15.</num>
        <content eId="para_60__content">
          <p xml:space="preserve">
            <span class="bold">促请</span>会员国对包括助产士和社区卫生人员在内的医疗卫生工作者进行敏感顾及不同文化及妇女、儿童和残疾人具体需求的循证培训并为其开展提高技能和教育活动，以及推动制定继续教育和终身学习规划，扩大基于社区的健康教育和培训，以便为人们终生提供优质照护 ；</p>
        </content>
      </paragraph>
      <paragraph eId="para_61" class="MercuryDocument">
        <num>	16.</num>
        <content eId="para_61__content">
          <p xml:space="preserve">
            <span class="bold">鼓励</span>会员国履行承诺，确保到2030年普及性健康和生殖健康服务，包括实施计划生育、提供信息、开展教育，并将生殖健康纳入国家战略和方案；</p>
        </content>
      </paragraph>
      <paragraph eId="para_62" class="MercuryDocument">
        <num>	17.</num>
        <content eId="para_62__content">
          <p xml:space="preserve">
            <span class="bold">促请</span>会员国更加大力应对艾滋病毒/艾滋病、结核病、疟疾、肝炎等传染性疾病，将此纳入全民健康覆盖的范围，并切实维持和扩大尚未巩固的成果，为此推进综合办法和综合服务提供方式，确保不让任何一个人掉队；</p>
        </content>
      </paragraph>
      <paragraph eId="para_63" class="MercuryDocument">
        <num>	18.</num>
        <content eId="para_63__content">
          <p xml:space="preserve">
            <span class="bold">又促请</span>会员国更加大力应对心血管疾病、癌症、慢性呼吸道疾病、糖尿病、肾脏病等非传染性疾病，将此纳入全民健康覆盖的范围；</p>
        </content>
      </paragraph>
      <paragraph eId="para_64" class="MercuryDocument">
        <num>	19.</num>
        <content eId="para_64__content">
          <p xml:space="preserve">
            <span class="bold">还促请</span>会员国采取步骤促进实施各种行动，提高国际上对水源性疾病、特别是对霍乱和儿童腹泻问题的认识，这些问题可以通过安全饮用水和充分的环境卫生和个人卫生加以预防，同时与相关利益攸关方建立伙伴关系，为在发展中国家扩大获得安全饮用水和环境卫生的机会实施各种项目；</p>
        </content>
      </paragraph>
      <paragraph eId="para_65" class="MercuryDocument">
        <num>	20.</num>
        <content eId="para_65__content">
          <p xml:space="preserve">
            <span class="bold">鼓励</span>会员国创建增进健康和营养的环境，包括酌情在学校和其他教育机构开展营养教育，并扩大各项社区行动，通过促进孕产妇健康、推广母乳喂养等婴儿哺育方面的推荐做法，为儿童和家庭提供支持；</p>
        </content>
      </paragraph>
      <paragraph eId="para_66" class="MercuryDocument">
        <num>	21.</num>
        <content eId="para_66__content">
          <p xml:space="preserve">
            <span class="bold">促请</span>会员国与其他相关利益攸关方包括国际和区域组织及学术界合作，考虑扩大关于健康(特别是其经济和社会决定因素)与营养和粮食系统之间相互关系的研究和知识传播，以便就有效的营养方案和政策提供依据和指导；</p>
        </content>
      </paragraph>
      <paragraph eId="para_67" class="MercuryDocument">
        <num>	22.</num>
        <content eId="para_67__content">
          <p xml:space="preserve">
            <span class="bold">鼓励</span>会员国和相关组织加强免疫和疫苗接种，将此作为减少可预防疾病所造成死亡人数的最重要途径之一，以及在本国社会中加强疫苗的安全性和有效性，从而灭绝疫苗可预防疾病，并呼吁会员国加强公共卫生监测和数据系统，改善常规免疫和接种能力，包括为消除对疫苗接种的疑虑提供循证信息，以及扩大疫苗接种覆盖面，防止传染性疾病和非传染性疾病的爆发、传播和卷土重来，包括针对已灭绝的疫苗可预防疾病以及正在努力铲除的脊髓灰质炎等疾病；</p>
        </content>
      </paragraph>
      <paragraph eId="para_68" class="MercuryDocument">
        <num>	23.</num>
        <content eId="para_68__content">
          <p xml:space="preserve">
            <span class="bold">促请</span>会员国以更大力度宣传健康、积极的老龄化，维持并改善老年人的生活质量，满足快速老龄化人口的需求，特别是满足对具有增进健康、预防、治疗、康复和缓解作用的医疗保健以及专科医疗保健的需求，并满足对可持续提供的长期护理的需求，同时考虑到各国的国情和优先事项；</p>
        </content>
      </paragraph>
      <paragraph eId="para_69" class="MercuryDocument">
        <num>	24.</num>
        <content eId="para_69__content">
          <p xml:space="preserve">
            <span class="bold">又促请</span>会员国增加所有残疾人获得医疗保健服务的机会，消除实体、态度、社会、结构、财务等方面的障碍，向残疾人提供优质护理，以更大力度促进残疾人赋权与包容，同时注意到占全球人口15%的残疾人的医疗卫生需求仍未得到满足；</p>
        </content>
      </paragraph>
      <paragraph eId="para_70" class="MercuryDocument">
        <num>	25.</num>
        <content eId="para_70__content">
          <p xml:space="preserve">
            <span class="bold">鼓励</span>会员国将移民的健康需求纳入国家和地方的医疗保健政策和计划，包括为此加强服务提供能力、在可负担和无歧视地获得服务方面提供便利、减少沟通障碍以及就服务交付的文化敏感性向医疗保健人员提供培训，以期促进移民和全体社区民众的身心健康；</p>
        </content>
      </paragraph>
      <paragraph eId="para_71" class="MercuryDocument">
        <num>	26.</num>
        <content eId="para_71__content">
          <p xml:space="preserve">
            <span class="bold">促请</span>会员国在国家、区域和全球级别加强合作，以采用统筹、基于系统的“一体化卫生办法”应对抗微生物药物耐药性问题，包括通过加强卫生系统、在研究和监管等方面开展能力建设及提供技术支持，并确保可公平获取负担得起、安全、有效、优质的已有和新的抗微生物药物、疫苗和诊断手段以及开展有效管理，因为抗微生物药物耐药性对实现全民健康覆盖构成挑战，在这方面注意到抗微生物药物耐药性问题特设机构间协调小组的工作及其秘书长关于抗微生物药物耐药性问题报告<authorialNote marker="19" placement="bottom" eId="authorialNote_19"><p xml:space="preserve"><a href="https://undocs.org/ch/A/73/869">A/73/869</a>。</p></authorialNote> 所载建议，并期待在大会第七十四届会议期间就此进行讨论，同时考虑到2019年5月28日世界卫生大会第72.5号决议；<authorialNote marker="20" placement="bottom" eId="authorialNote_20"><p xml:space="preserve">		见世界卫生组织，WHA72/2019/REC/1号文件。</p></authorialNote></p>
        </content>
      </paragraph>
      <paragraph eId="para_72" class="MercuryDocument">
        <num>	27.</num>
        <content eId="para_72__content">
          <p xml:space="preserve">
            <span class="bold">又促请</span>会员国促进公平分配优质、安全、有效、负担得起的基本药品，让更多人有能力获得这些药品，包括非专利药、疫苗、诊断手段、医疗保健技术，以确保优质医疗保健服务可以负担得起并及时提供这些服务；</p>
        </content>
      </paragraph>
      <paragraph eId="para_73" class="MercuryDocument">
        <num>	28.</num>
        <content eId="para_73__content">
          <p xml:space="preserve">
            <span class="bold">还促请</span>会员国使医疗保健产品更易于获得、更可负担、更有效果，为此根据各国和各区域的法律框架和具体情况，提高整个价值链中各种药品、疫苗、医疗器械、诊断手段、辅具、细胞疗法和基因疗法及其他医疗保健技术的价格透明度，包括通过改进法规以及与业界、私营部门、民间社会等相关利益攸关方开展建设性互动协作并加强伙伴关系，以应对全球对某些医疗产品价格过高的关切，并在这方面鼓励世界卫生组织继续努力与成员国及相关利益攸关方每两年举行公平定价论坛，讨论医疗卫生产品的可负担性以及价格和费用的透明度问题；</p>
        </content>
      </paragraph>
      <paragraph eId="para_74" class="MercuryDocument">
        <num>	29.</num>
        <content eId="para_74__content">
          <p xml:space="preserve">
            <span class="bold">重申</span>有权最充分地利用《世界贸易组织关于与贸易有关的知识产权协议》(《与贸易有关的知识产权协议》)、《关于〈与贸易有关的知识产权协议〉与公共健康的多哈宣言》所载条款，前者规定采取灵活方式保障公共健康并增进人人获得药品的能力，特别是在发展中国家，后者确认知识产权保护对于新药开发具有重要意义，同时也确认知识产权保护对价格的影响令人关切；</p>
        </content>
      </paragraph>
      <paragraph eId="para_75" class="MercuryDocument">
        <num>	30.</num>
        <content eId="para_75__content">
          <p xml:space="preserve">
            <span class="bold">促请</span>探索、鼓励、促进一系列有利于医疗卫生研发的创新激励措施和筹资机制，包括在公共部门和私营部门以及学术界之间建立更有力、透明的伙伴关系，同时认识到有必要增加以公共卫生为驱动的研发，而且研发要以需求为驱动，以实证为依据，以安全、可负担、效力、效率、公平等核心原则为指导，并作为一种共同责任，以及有必要在新医疗产品和技术的开发方面制定适当的激励措施；</p>
        </content>
      </paragraph>
      <paragraph eId="para_76" class="MercuryDocument">
        <num>	31.</num>
        <content eId="para_76__content">
          <p xml:space="preserve">
            <span class="bold">又促请</span>会员国确认私营部门在创新药品的研发方面发挥重要作用； 鼓励酌情利用促进研发的其他筹资机制推动新药和药品新用途方面的创新，并继续支持那些把研发投资成本与销售价格和销售量脱钩的自愿举措和激励机制； 促进公平、可负担地利用通过研究和开发获得的新工具和其他成果；</p>
        </content>
      </paragraph>
      <paragraph eId="para_77" class="MercuryDocument">
        <num>	32.</num>
        <content eId="para_77__content">
          <p xml:space="preserve">
            <span class="bold">敦促</span>会员国提高所有人的数字技能，包括与民间社会一道提高公众对数字化卫生解决方案的信任和支持，并以增进健康及预测性检测和筛查为重点，推动将数字化卫生技术应用于日常医疗卫生服务的提供和获取，同时确保获取重要临床信息、管控安全风险和保护隐私；</p>
        </content>
      </paragraph>
      <paragraph eId="para_78" class="MercuryDocument">
        <num>	33.</num>
        <content eId="para_78__content">
          <p xml:space="preserve">
            <span class="bold">促请</span>会员国投资于数字技术等基于证据、方便用户的相关技术并鼓励以合乎道德、由公共卫生驱动的方式加以利用，并投资和鼓励创新，以提供更多获得优质保健和相关社会服务及有关信息的机会，提高卫生系统的成本效益和优质医疗保健的效率，同时认识到，有必要建立并加强具有互操作性、一体化的卫生信息系统，促进卫生系统管理和公共卫生监测，也有必要保护数据和隐私并缩小数字鸿沟；</p>
        </content>
      </paragraph>
      <paragraph eId="para_79" class="MercuryDocument">
        <num>	34.</num>
        <content eId="para_79__content">
          <p xml:space="preserve">
            <span class="bold">又促请</span>会员国探讨如何根据国情和各国优先事项酌情将安全、循证的传统医疗服务及补充医疗服务纳入国家和/或国家以下各级卫生系统，特别是在初级卫生保健一级；</p>
        </content>
      </paragraph>
      <paragraph eId="para_80" class="MercuryDocument">
        <num>	35.</num>
        <content eId="para_80__content">
          <p xml:space="preserve">
            <span class="bold">还促请</span>会员国鼓励各国政府、国际组织、非政府组织、学术机构与研究机构、慈善基金会和私营部门之间开展协同互动，并鼓励通过采取全政府参与和把医疗卫生纳入所有政策的做法，加强政策一致性和协调行动，以提出应对以下医疗卫生挑战的解决办法，例如需要以公共医疗卫生为驱动开展研究和开发，通过改善现有和替代框架充分奖励创新，解决医疗卫生产品的定价和可负担性问题，以及如何借力数字技术等创新技术和医疗卫生解决方案；</p>
        </content>
      </paragraph>
      <paragraph eId="para_81" class="MercuryDocument">
        <num>	36.</num>
        <content eId="para_81__content">
          <p xml:space="preserve">
            <span class="bold">促请</span>会员国加强卫生信息系统，收集优质、及时、可靠的数据，包括生命统计数据，根据需要按收入、性别、年龄、种族、民族、移民身份、残疾情况、地理位置和其他国情特征分列，以在普遍、包容地实现可持续发展目标3和其他所有与健康相关的可持续发展目标方面监测进展情况，找出差距，同时保护可能涉及个人的数据隐私；确保在监测进展时使用的统计数据能够反映当地的实际进展，从而按照《2030年可持续发展议程》实现全民健康覆盖；</p>
        </content>
      </paragraph>
      <paragraph eId="para_82" class="MercuryDocument">
        <num>	37.</num>
        <content eId="para_82__content">
          <p xml:space="preserve">
            <span class="bold">又促请</span>会员国根据《2030年可持续发展议程》酌情制定可计量的国家目标，加强国家监测和评价平台，以支持定期跟踪在到2030年实现全民健康覆盖方面取得的进展；</p>
        </content>
      </paragraph>
      <paragraph eId="para_83" class="MercuryDocument">
        <num>	38.</num>
        <content eId="para_83__content">
          <p xml:space="preserve">
            <span class="bold">还促请</span>会员国通过采取全政府参与和把医疗卫生纳入所有政策的做法，在最高政治级别对全民健康覆盖进行战略领导，以及推动提高政策的一致性及采取协调行动，并制定协调统筹的全社会、多部门应对办法，同时认识到需要协调所有利益攸关方的支持来实现国家医疗卫生目标；</p>
        </content>
      </paragraph>
      <paragraph eId="para_84" class="MercuryDocument">
        <num>	39.</num>
        <content eId="para_84__content">
          <p xml:space="preserve">
            <span class="bold">鼓励</span>会员国加强卫生领域的国际合作和官方发展援助，在初级卫生保健方面做好应对突发卫生事件的准备，以支持和补充国家级和区域级的战略、政策、方案以及监测举措；</p>
        </content>
      </paragraph>
      <paragraph eId="para_85" class="MercuryDocument">
        <num>	40.</num>
        <content eId="para_85__content">
          <p xml:space="preserve">
            <span class="bold">又鼓励</span>会员国酌情确保有足够的国内公共卫生支出，增加分配给医疗卫生领域的资源总合，最大限度地提高效率，确保公平分配医疗卫生支出，提供成本效益高、负担得起、及时、优质的基本卫生服务，扩大服务的覆盖范围，减少医疗卫生支出造成的贫困，切实防范财务风险，同时注意到可酌情发挥私营部门投资的作用；</p>
        </content>
      </paragraph>
      <paragraph eId="para_86" class="MercuryDocument">
        <num>	41.</num>
        <content eId="para_86__content">
          <p xml:space="preserve">
            <span class="bold">还鼓励</span>会员国动员卫生部门内外的所有相关发展合作伙伴和利益攸关方在各自任务范围内提供支持，以确保为加强卫生系统持续提供必要的资金，包括通过落实创新机制，加强国际合作，以及促进普遍获得优质医疗卫生服务，包括通过与民间社会、相关研究机构、私营部门建立伙伴关系； </p>
        </content>
      </paragraph>
      <paragraph eId="para_87" class="MercuryDocument">
        <num>	42.</num>
        <content eId="para_87__content">
          <p xml:space="preserve">
            <span class="bold">鼓励</span>秘书长推动会员国和相关利益攸关方特别是联合国机构在加强卫生系统的背景下，就促进药品获取、创新和医疗卫生技术的适当政策选项开展讨论；</p>
        </content>
      </paragraph>
      <paragraph eId="para_88" class="MercuryDocument">
        <num>	43.</num>
        <content eId="para_88__content">
          <p xml:space="preserve">
            <span class="bold">请</span>秘书长与世界卫生组织总干事密切合作，在按照全民健康覆盖问题高级别会议政治宣言的要求向大会第七十五届会议提交的进度报告中，除其他外述及在以包容方法加强医疗卫生系统方面存在的挑战和机遇。</p>
        </content>
      </paragraph>
    </mainBody>
    <conclusions eId="conclusions">
      <p>
        <inline name="adoptionMeeting" title="第44次">第44次全体会议</inline>
        <eol />
        <docDate date="2019-12-11" refersTo="#adoptionDate">2019年12月11日</docDate>
      </p>
    </conclusions>
  </statement>
</akomaNtoso>