<akomaNtoso xmlns:xsi="http://www.w3.org/2001/XMLSchema-instance" xsi:schemaLocation="http://docs.oasis-open.org/legaldocml/ns/akn/3.0 http://docs.oasis-open.org/legaldocml/akn-core/v1.0/os/part2-specs/schemas/akomantoso30.xsd" xmlns="http://docs.oasis-open.org/legaldocml/ns/akn/3.0" xmlns:html="http://www.w3.org/1999/xhtml" xmlns:akn4un="http://un.org/akn4un">
  <statement name="resolution">
    <meta>
      <identification source="#DGACM">
        <FRBRWork>
          <FRBRthis value="/akn/un/statement/deliberation/unga/2019-12-12/74-22/!main/"></FRBRthis>
          <FRBRuri value="/akn/un/statement/deliberation/unga/2019-12-12/74-22/"></FRBRuri>
          <FRBRdate date="2019-12-12" name="adoption"></FRBRdate>
          <FRBRauthor href="ga" as="author"></FRBRauthor>
          <FRBRcountry value="un"></FRBRcountry>
        </FRBRWork>
        <FRBRExpression>
          <FRBRthis value="/akn/un/statement/deliberation/unga/2019-12-12/74-22/zho@!main/"></FRBRthis>
          <FRBRuri value="/akn/un/statement/deliberation/unga/2019-12-12/74-22/zho@/"></FRBRuri>
          <FRBRdate date="2019-12-18" name="publication"></FRBRdate>
          <FRBRauthor href="ga" as="issuer"></FRBRauthor>
          <FRBRlanguage language="zho"></FRBRlanguage>
        </FRBRExpression>
        <FRBRManifestation>
          <FRBRthis value="/akn/un/statement/deliberation/unga/2019-12-12/74-22/zho@/!main.xml"></FRBRthis>
          <FRBRuri value="/akn/un/statement/deliberation/unga/2019-12-12/74-22/zho@.xml"></FRBRuri>
          <FRBRdate date="2020-08-29" name="markup"></FRBRdate>
          <FRBRauthor href="DGACM" as="editor"></FRBRauthor>
        </FRBRManifestation>
      </identification>
      <classification source="http://metadata.un.org/sdg">
        <keyword value="3" href="http://metadata.un.org/sdg/3" showAs="sdg_3" dictionary="SDGO"></keyword>
        <keyword value="public_health" href="http://eurovoc.europa.eu/3885" showAs="public_health" dictionary="EuroVoc"></keyword>
        <keyword value="health" href="http://metadata.un.org/thesaurus/1002824" showAs="health" dictionary="UNBIS Thesaurus"></keyword>
      </classification>
      <classification source="http://metadata.un.org/sdg">
        <keyword value="5" href="http://metadata.un.org/sdg/5" showAs="sdg_5" dictionary="SDGO"></keyword>
        <keyword value="gender_equality" href="http://eurovoc.europa.eu/3913" showAs="gender_equality" dictionary="EuroVoc"></keyword>
        <keyword value="participation_of_women" href="http://eurovoc.europa.eu/2265" showAs="participation_of_women" dictionary="EuroVoc"></keyword>
        <keyword value="women&amp;#39;s_rights" href="http://eurovoc.europa.eu/585" showAs="women&amp;#39;s_rights" dictionary="EuroVoc"></keyword>
        <keyword value="position_of_women" href="http://eurovoc.europa.eu/81" showAs="position_of_women" dictionary="EuroVoc"></keyword>
        <keyword value="women" href="http://metadata.un.org/thesaurus/1007029" showAs="women" dictionary="UNBIS Thesaurus"></keyword>
        <keyword value="gender_equality" href="http://metadata.un.org/thesaurus/1002612" showAs="gender_equality" dictionary="UNBIS Thesaurus"></keyword>
        <keyword value="girls" href="http://metadata.un.org/thesaurus/1002684" showAs="girls" dictionary="UNBIS Thesaurus"></keyword>
      </classification>
      <classification source="http://metadata.un.org/sdg">
        <keyword value="16" href="http://metadata.un.org/sdg/16" showAs="sdg_16" dictionary="SDGO"></keyword>
        <keyword value="right_to_justice" href="http://eurovoc.europa.eu/516" showAs="right_to_justice" dictionary="EuroVoc"></keyword>
        <keyword value="sustainable_development" href="http://eurovoc.europa.eu/5585" showAs="sustainable_development" dictionary="EuroVoc"></keyword>
        <keyword value="civil_society" href="http://metadata.un.org/thesaurus/1001012" showAs="civil_society" dictionary="UNBIS Thesaurus"></keyword>
        <keyword value="justice" href="http://metadata.un.org/thesaurus/1003500" showAs="justice" dictionary="UNBIS Thesaurus"></keyword>
        <keyword value="peaceful_coexistence" href="http://metadata.un.org/thesaurus/1004777" showAs="peaceful_coexistence" dictionary="UNBIS Thesaurus"></keyword>
        <keyword value="public_institutions" href="http://metadata.un.org/thesaurus/1005254" showAs="public_institutions" dictionary="UNBIS Thesaurus"></keyword>
        <keyword value="social_justice" href="http://metadata.un.org/thesaurus/1005970" showAs="social_justice" dictionary="UNBIS Thesaurus"></keyword>
        <keyword value="sustainable_development" href="http://metadata.un.org/thesaurus/1006319" showAs="sustainable_development" dictionary="UNBIS Thesaurus"></keyword>
      </classification>
      <classification source="http://metadata.un.org/sdg">
        <keyword value="17" href="http://metadata.un.org/sdg/17" showAs="sdg_17" dictionary="SDGO"></keyword>
        <keyword value="sustainable_development" href="http://eurovoc.europa.eu/5585" showAs="sustainable_development" dictionary="EuroVoc"></keyword>
        <keyword value="partnership" href="http://eurovoc.europa.eu/4199" showAs="partnership" dictionary="EuroVoc"></keyword>
        <keyword value="sustainable_development" href="http://metadata.un.org/thesaurus/1006319" showAs="sustainable_development" dictionary="UNBIS Thesaurus"></keyword>
        <keyword value="partnership" href="http://metadata.un.org/thesaurus/1004748" showAs="partnership" dictionary="UNBIS Thesaurus"></keyword>
      </classification>
      <workflow source="#un">
        <step date="2019-12-02" outcome="draftResolution" as="A/74/L.24" by="Armenia, Bangladesh, Belarus, Bosnia and Herzegovina, Cameroon, China, Cuba, Ecuador, Equatorial Guinea, Iceland, India, Indonesia, Kazakhstan, Kyrgyzstan, Lebanon, Mongolia, Norway, Russian Federation, Serbia, Tajikistan, Turkmenistan, Uzbekistan and Viet Nam" />
        <step date="0001-01-01" outcome="draftResolutionAdditionalSponsors" by="Argentina, Canada, Chile, Cyprus, Djibouti, Egypt, Georgia, Guatemala, Guinea, Ireland, Israel, Malaysia, Monaco, Morocco, Nicaragua, Palau, Panama, Papua New Guinea, Paraguay, Peru, Qatar, Republic of Korea, Republic of Moldova, San Marino, Sao Tome and Principe, Senegal, Singapore, Sri Lanka, Syrian Arab Republic and Venezuela (Bolivarian Republic of)" />
        <step date="0001-01-01" outcome="recommendedForAdoption" by="" />
        <step date="2019-12-12" outcome="adopted" as="A/74/PV.45" by="" />
      </workflow>
      <analysis source="#un">
        <parliamentary>
          <voting outcome="adoptedWithoutVote">
            <quorum value=""></quorum>
          </voting>
        </parliamentary>
      </analysis>
      <references source="#DGACM">
        <TLCOrganization eId="source" href="/akn/ontology/organization/un/DGACM" showAs="DGACM"></TLCOrganization>
        <TLCConcept eId="dateOfIssuance" href="/akn/ontology/concept/un/dateOfIssuance" showAs="Date of issuance"></TLCConcept>
        <TLCConcept eId="dateOfAdoption" href="/akn/ontology/concept/un/dateOfAdoption" showAs="Date of adoption"></TLCConcept>
        <TLCConcept eId="symbol" href="/akn/ontology/reference/un/symbol" showAs="Symbol"></TLCConcept>
        <TLCRole eId="publisher" href="/akn/ontology/role/un/publisher" showAs="Publisher"></TLCRole>
        <TLCRole eId="issuingBody" href="/akn/role/concept/un/issuingBody" showAs="Issuing body"></TLCRole>
        <TLCRole eId="author" href="/akn/ontology/role/un/author" showAs="Author"></TLCRole>
        <TLCRole eId="editor" href="/akn/ontology/role/un/editor" showAs="Editor"></TLCRole>
        <TLCRole eId="distribution" href="/akn/ontology/concept/un/generalDistribution" showAs="General distribution"></TLCRole>
        <TLCOrganization eId="ga" href="/akn/ontology/organization/un/generalAssembly" showAs="General Assembly"></TLCOrganization>
        <TLCTerm eId="resolutionTitle" href="/akn/ontology/reference/un/resolutionTitle" showAs="Resolution title"></TLCTerm>
        <TLCTerm eId="noMainCommittee" href="#noMainCommittee" showAs="未经发交主要委员会而通过"></TLCTerm>
        <TLCTerm eId="memberState" href="/akn/ontology/organization/un/memberState" showAs="Member State"></TLCTerm>
        <TLCTerm eId="inFavour" href="/akn/ontology/concept/un/voting/inFavour" showAs="In favour"></TLCTerm>
        <TLCTerm eId="against" href="/akn/ontology/concept/un/voting/against" showAs="Against"></TLCTerm>
        <TLCTerm eId="abstaining" href="/akn/ontology/concept/un/voting/abstaining" showAs="Abstaining"></TLCTerm>
      </references>
      <presentation source="#un">
        <akn4un:footerFirstPage>
          <akn4un:footerFirstPageLeft>
            <akn4un:internalCode>
              <docketNumber refersTo="#publicationJobNumber">19-21668 (C)</docketNumber>
              <img alt="bar code" class="barCode" src=""></img>
            </akn4un:internalCode>
          </akn4un:footerFirstPageLeft>
          <akn4un:footerFirstPageRight>
            <img alt="Please recycle" class="image" src="./recylcleLogo.jpg"></img>
            <img alt="embedded QR code" class="qrCode" src=""></img>
          </akn4un:footerFirstPageRight>
        </akn4un:footerFirstPage>
      </presentation>
    </meta>
    <coverPage eId="coverPage_1">
      <p>
        <span refersTo="#publisher" class="upperLeft">
          <docAuthority refersTo="#publisher">联合国</docAuthority>
        </span>
      </p>
      <p class="upperRight">
        <docNumber refersTo="#symbol">A/RES/74/22</docNumber>
      </p>
      <p class="upperLeft">
        <img src="logo-un.jpg"></img>
        <docAuthority refersTo="#issuingBody" class="rightBig">大会</docAuthority>
      </p>
      <p>
        <docStatus refersTo="#generalDistribution" class="rightSmall">Distr.: General</docStatus>
      </p>
      <p>
        <docDate date="2019-12-18" class="rightSmall" refersTo="#dateOfIssuance">18 December 2019</docDate>
      </p>
      <p>
        <session refersTo="#generalAssembly" value="74" eId="coverPage_1__session_1">第七十四届会议</session>
      </p>
      <p>
        <inline name="agenda item">议程项目11和15</inline>
      </p>
      <p>
        <inline name="agenda item name">体育促进发展与和平：通过体育和奥林匹克理想建立一个 和平的更美好的世界</inline>
        <inline name="agenda item name">和平文化</inline>
      </p>
      <p>
        <docTitle>2019年12月12日大会决议</docTitle>
      </p>
      <p xml:space="preserve">
        <docProponent refersTo="#noMainCommittee">[未经发交主要委员会而通过 (<inline name="originating document">A/74/L.24和A/74/L.24/Add.1</inline>)]</docProponent>
      </p>
    </coverPage>
    <preface>
      <p>
        <docNumber>74/22.</docNumber>
        <docTitle refersTo="#resolutionTitle">世界国际象棋日</docTitle>
      </p>
    </preface>
    <preamble>
      <formula name="enactingFormula" eId="formula_1">
        <p xml:space="preserve">
          <span class="bold">大会</span>，</p>
      </formula>
      <container name="遵循" eId="container_2">
        <p xml:space="preserve">
          <span class="bold">遵循</span>《联合国宪章》的宗旨和原则，并回顾《世界人权宣言》，<authorialNote marker="1" placement="bottom" eId="authorialNote_1"><p xml:space="preserve">		第<a href="https://undocs.org//ch/A/RES/217 (III)">217 A (III)</a>号决议。</p></authorialNote> 以及联合国教育、科学及文化组织通过世界各国人民的教育、科学及文化交往推进国际和平和人类共同福祉的目标，</p>
      </container>
      <container name="回顾" eId="container_3">
        <p xml:space="preserve">
          <span class="bold">回顾</span>《联合国教育、科学及文化组织组织法》指出，“和平若全然以政府间之政治、经济措施为基础则不能确保世界人民对其一致、持久又真诚之支持，为使其免遭失败，和平尚必须奠基于人类理性与道德上之团结”，</p>
      </container>
      <container name="认识到" eId="container_4">
        <p xml:space="preserve">
          <span class="bold">认识到</span>正如2018年纳尔逊·曼德拉和平峰会所通过的政治宣言<authorialNote marker="2" placement="bottom" eId="authorialNote_2"><p xml:space="preserve">		第<a href="https://undocs.org/ch/A/RES/73/1">73/1</a>号决议。</p></authorialNote> 所述，体育、艺术和身体活动有能力改变观念、偏见和行为，以及鼓舞人心，破除种族和政治障碍，消除歧视，化解冲突， </p>
      </container>
      <container name="又认识到" eId="container_5">
        <p xml:space="preserve">
          <span class="bold">又认识到</span>这些活动在促进地方、区域和国际各级的教育、可持续发展、和平、合作、团结、社会包容和健康方面做出宝贵贡献，</p>
      </container>
      <container name="回顾" eId="container_6">
        <p xml:space="preserve">
          <span class="bold">回顾</span>《儿童权利公约》第31条<authorialNote marker="3" placement="bottom" eId="authorialNote_3"><p xml:space="preserve">		联合国，《条约汇编》，第1577卷，第27531号。</p></authorialNote> 指出，儿童有权享有休息和闲暇以及从事游戏和娱乐活动，并回顾大会儿童问题第二十七届特别会议题为“适合儿童成长的世界”的成果文件强调指出，可以通过游戏和体育运动促进身体、精神和情感健康，<authorialNote marker="4" placement="bottom" eId="authorialNote_4"><p xml:space="preserve">		第<a href="https://undocs.org/ch/A/RES/S-27/2">S-27/2</a>号决议，附件。</p></authorialNote></p>
      </container>
      <container name="又回顾" eId="container_7">
        <p xml:space="preserve">
          <span class="bold">又回顾</span>《残疾人权利公约》<authorialNote marker="5" placement="bottom" eId="authorialNote_5"><p xml:space="preserve">		联合国，《条约汇编》，第2515卷，第44910号。</p></authorialNote> 第1和第30条，其中缔约国确认残疾人有权在与其他人平等的基础上参与文化生活、娱乐、休闲和体育运动，并认识到残疾人积极参加此类活动有助于他们充分、平等地实现其人权，并促进对其固有尊严的尊重， </p>
      </container>
      <container name="还回顾" eId="container_8">
        <p xml:space="preserve">
          <span class="bold">还回顾</span>其关于宣布国际年的1998年12月15日第<a href="https://undocs.org/ch/A/RES/53/199">53/199</a>号决议和2006年12月20日第<a href="https://undocs.org/ch/A/RES/61/185">61/185</a>号决议，以及经济及社会理事会1980年7月25日关于国际年和周年纪念的第<a href="https://undocs.org/ch/e/RES/1980/67">1980/67</a>号决议，</p>
      </container>
      <container name="认识到" eId="container_9">
        <p xml:space="preserve">
          <span class="bold">认识到</span>国际象棋作为一种负担得起、包容各方的活动具有重要作用，因为弈棋可随处进行而且人人都可参与，超越了语言、年龄、性别、体能或社会地位方面的障碍，</p>
      </container>
      <container name="指出" eId="container_10">
        <p xml:space="preserve">
          <span class="bold">指出</span>国际象棋是最古老的智力和文化游戏之一，融合了体育、科学思维和艺术元素，</p>
      </container>
      <container name="承认" eId="container_11">
        <p xml:space="preserve">
          <span class="bold">承认</span>国际象棋是一种遍布全球的游戏，可以促进公平、包容和相互尊重，并在这方面指出国际象棋有助于在各民族和各国之间营造宽容和理解气氛，</p>
      </container>
      <container name="回顾" eId="container_12">
        <p xml:space="preserve">
          <span class="bold">回顾</span>《奥林匹克宪章》规定，国际奥林匹克委员会的使命和作用是通过把体育同文化、教育相结合以及在绝不带任何歧视的情况下保障人的尊严，让体育为人类服务，促进和平社会和宣传健康生活方式，并欣见奥委会已与联合国系统的许多组织建立伙伴关系，包括同联合国体育促进发展与和平办公室联合主办体育、和平与发展国际论坛，</p>
      </container>
      <container name="确认" eId="container_13">
        <p xml:space="preserve">
          <span class="bold">确认</span>世界国际象棋联合会在支持国际象棋活动国际合作以及增进世界各国人民之间友好和谐方面发挥重要作用，并在这方面注意到国际奥林匹克委员会承认世界国际象棋联合会是一个国际体育联合会，</p>
      </container>
      <container name="回顾" eId="container_14">
        <p xml:space="preserve">
          <span class="bold">回顾</span>《北京宣言和行动纲要》<authorialNote marker="6" placement="bottom" eId="authorialNote_6"><p xml:space="preserve">		《第四次妇女问题世界会议的报告，1995年9月4日至15日，北京》(联合国出版物，出售品编号：C.96.IV.13)，第一章，决议1，附件一和二。</p></authorialNote> 五年审查会议所通过的政治宣言<authorialNote marker="7" placement="bottom" eId="authorialNote_7"><p xml:space="preserve">		第<a href="https://undocs.org/ch/A/RES/S-23/2">S-23/2</a>号决议，附件。</p></authorialNote> 和成果文件，<authorialNote marker="8" placement="bottom" eId="authorialNote_8"><p xml:space="preserve">		第<a href="https://undocs.org/ch/A/RES/S-23/3">S-23/3</a>号决议，附件。</p></authorialNote> 其中承诺确保妇女和女童有平等机会参与娱乐和体育活动，以及在国家、区域和国际各级参与体育竞赛和身体活动，例如参与机会、训练、比赛、报酬和奖品，并在这方面强调指出，需要促进提高妇女和女童在国际象棋活动中的地位，特别是通过支持妇女和女童更多地参与国际象棋赛事， </p>
      </container>
      <container name="确认" eId="container_15">
        <p xml:space="preserve">
          <span class="bold">确认</span>国际象棋为落实《2030年可持续发展议程》<authorialNote marker="9" placement="bottom" eId="authorialNote_9"><p xml:space="preserve">		第<a href="https://undocs.org/ch/A/RES/70/1">70/1</a>号决议。</p></authorialNote> 和可持续发展目标提供重要机会，除其他外包括加强教育，实现性别平等和妇女和女童赋权，促进包容、宽容、相互理解和尊重，</p>
      </container>
    </preamble>
    <mainBody>
      <paragraph eId="para_16" class="MercuryDocument">
        <num>	1.</num>
        <content eId="para_16__content">
          <p xml:space="preserve">
            <span class="bold">决定</span>将7月20日定为世界国际象棋日；</p>
        </content>
      </paragraph>
      <paragraph eId="para_17" class="MercuryDocument">
        <num>	2.</num>
        <content eId="para_17__content">
          <p xml:space="preserve">
            <span class="bold">邀请</span>所有会员国、联合国系统组织、其他国际和区域组织、私营部门和民间社会，包括非政府组织、个人和其他相关利益攸关方，以适当方式并根据国家优先事项举办世界国际象棋日纪念活动，并传播国际象棋的优势，包括通过教育和提高公众认识活动；</p>
        </content>
      </paragraph>
      <paragraph eId="para_18" class="MercuryDocument">
        <num>	3.</num>
        <content eId="para_18__content">
          <p xml:space="preserve">
            <span class="bold">邀请</span>联合国教育、科学及文化组织与其他相关组织合作，为世界国际象棋日纪念活动通过协助，同时考虑到经济及社会理事会第<a href="https://undocs.org/ch/E/RES/1980/67">1980/67</a>号决议附件中的规定；</p>
        </content>
      </paragraph>
      <paragraph eId="para_19" class="MercuryDocument">
        <num>	4.</num>
        <content eId="para_19__content">
          <p xml:space="preserve">
            <span class="bold">强调指出</span>因执行本决议而可能产生的所有活动费用应由自愿捐款支付；</p>
        </content>
      </paragraph>
      <paragraph eId="para_20" class="MercuryDocument">
        <num>	5.</num>
        <content eId="para_20__content">
          <p xml:space="preserve">
            <span class="bold">请</span>秘书长提请所有会员国、联合国系统各组织和其他相关利益攸关方注意本决议，以适当举办纪念活动。</p>
        </content>
      </paragraph>
    </mainBody>
    <conclusions eId="conclusions">
      <p>
        <inline name="adoptionMeeting" title="第45次">第45次全体会议</inline>
        <eol />
        <docDate date="2019-12-12" refersTo="#adoptionDate">2019年12月12日</docDate>
      </p>
    </conclusions>
  </statement>
</akomaNtoso>