<akomaNtoso xmlns:xsi="http://www.w3.org/2001/XMLSchema-instance" xsi:schemaLocation="http://docs.oasis-open.org/legaldocml/ns/akn/3.0 http://docs.oasis-open.org/legaldocml/akn-core/v1.0/os/part2-specs/schemas/akomantoso30.xsd" xmlns="http://docs.oasis-open.org/legaldocml/ns/akn/3.0" xmlns:html="http://www.w3.org/1999/xhtml" xmlns:akn4un="http://un.org/akn4un">
  <statement name="resolution">
    <meta>
      <identification source="#DGACM">
        <FRBRWork>
          <FRBRthis value="/akn/un/statement/deliberation/unga/2019-12-19/74-239/!main/"></FRBRthis>
          <FRBRuri value="/akn/un/statement/deliberation/unga/2019-12-19/74-239/"></FRBRuri>
          <FRBRdate date="2019-12-19" name="adoption"></FRBRdate>
          <FRBRauthor href="ga" as="author"></FRBRauthor>
          <FRBRcountry value="un"></FRBRcountry>
        </FRBRWork>
        <FRBRExpression>
          <FRBRthis value="/akn/un/statement/deliberation/unga/2019-12-19/74-239/zho@!main/"></FRBRthis>
          <FRBRuri value="/akn/un/statement/deliberation/unga/2019-12-19/74-239/zho@/"></FRBRuri>
          <FRBRdate date="2020-01-21" name="publication"></FRBRdate>
          <FRBRauthor href="ga" as="issuer"></FRBRauthor>
          <FRBRlanguage language="zho"></FRBRlanguage>
        </FRBRExpression>
        <FRBRManifestation>
          <FRBRthis value="/akn/un/statement/deliberation/unga/2019-12-19/74-239/zho@/!main.xml"></FRBRthis>
          <FRBRuri value="/akn/un/statement/deliberation/unga/2019-12-19/74-239/zho@.xml"></FRBRuri>
          <FRBRdate date="2020-08-30" name="markup"></FRBRdate>
          <FRBRauthor href="DGACM" as="editor"></FRBRauthor>
        </FRBRManifestation>
      </identification>
      <classification source="http://metadata.un.org/sdg">
        <keyword value="2.a" href="http://metadata.un.org/sdg/2.a" showAs="sdg_2.a" dictionary="SDGO"></keyword>
        <keyword value="agricultural_policy" href="http://eurovoc.europa.eu/2442" showAs="agricultural_policy" dictionary="EuroVoc"></keyword>
        <keyword value="economic_policy" href="http://eurovoc.europa.eu/2497" showAs="economic_policy" dictionary="EuroVoc"></keyword>
        <keyword value="power_of_implementation" href="http://eurovoc.europa.eu/2577" showAs="power_of_implementation" dictionary="EuroVoc"></keyword>
        <keyword value="agricultural_policy" href="http://metadata.un.org/thesaurus/1000150" showAs="agricultural_policy" dictionary="UNBIS Thesaurus"></keyword>
        <keyword value="economic_policy" href="http://metadata.un.org/thesaurus/1001863" showAs="economic_policy" dictionary="UNBIS Thesaurus"></keyword>
      </classification>
      <classification source="http://metadata.un.org/sdg">
        <keyword value="16" href="http://metadata.un.org/sdg/16" showAs="sdg_16" dictionary="SDGO"></keyword>
        <keyword value="right_to_justice" href="http://eurovoc.europa.eu/516" showAs="right_to_justice" dictionary="EuroVoc"></keyword>
        <keyword value="sustainable_development" href="http://eurovoc.europa.eu/5585" showAs="sustainable_development" dictionary="EuroVoc"></keyword>
        <keyword value="civil_society" href="http://metadata.un.org/thesaurus/1001012" showAs="civil_society" dictionary="UNBIS Thesaurus"></keyword>
        <keyword value="justice" href="http://metadata.un.org/thesaurus/1003500" showAs="justice" dictionary="UNBIS Thesaurus"></keyword>
        <keyword value="peaceful_coexistence" href="http://metadata.un.org/thesaurus/1004777" showAs="peaceful_coexistence" dictionary="UNBIS Thesaurus"></keyword>
        <keyword value="public_institutions" href="http://metadata.un.org/thesaurus/1005254" showAs="public_institutions" dictionary="UNBIS Thesaurus"></keyword>
        <keyword value="social_justice" href="http://metadata.un.org/thesaurus/1005970" showAs="social_justice" dictionary="UNBIS Thesaurus"></keyword>
        <keyword value="sustainable_development" href="http://metadata.un.org/thesaurus/1006319" showAs="sustainable_development" dictionary="UNBIS Thesaurus"></keyword>
      </classification>
      <classification source="http://metadata.un.org/sdg">
        <keyword value="17" href="http://metadata.un.org/sdg/17" showAs="sdg_17" dictionary="SDGO"></keyword>
        <keyword value="sustainable_development" href="http://eurovoc.europa.eu/5585" showAs="sustainable_development" dictionary="EuroVoc"></keyword>
        <keyword value="partnership" href="http://eurovoc.europa.eu/4199" showAs="partnership" dictionary="EuroVoc"></keyword>
        <keyword value="sustainable_development" href="http://metadata.un.org/thesaurus/1006319" showAs="sustainable_development" dictionary="UNBIS Thesaurus"></keyword>
        <keyword value="partnership" href="http://metadata.un.org/thesaurus/1004748" showAs="partnership" dictionary="UNBIS Thesaurus"></keyword>
      </classification>
      <workflow source="#un">
        <step date="2019-11-20" outcome="draftResolution" as="A/C.2/74/L.65" by="submitted by the Vice-Chair of the Committee" />
        <step date="0001-01-01" outcome="draftResolutionAdditionalSponsors" by="" />
        <step date="0001-01-01" outcome="recommendedForAdoption" as="A/74/385/Add.2" by="" refersTo="8" />
        <step date="2019-12-19" outcome="adopted" as="A/74/PV.52" by="" />
      </workflow>
      <analysis source="#un">
        <parliamentary>
          <voting outcome="adoptedWithoutVote">
            <quorum value=""></quorum>
          </voting>
        </parliamentary>
      </analysis>
      <references source="#DGACM">
        <TLCOrganization eId="source" href="/akn/ontology/organization/un/DGACM" showAs="DGACM"></TLCOrganization>
        <TLCConcept eId="dateOfIssuance" href="/akn/ontology/concept/un/dateOfIssuance" showAs="Date of issuance"></TLCConcept>
        <TLCConcept eId="dateOfAdoption" href="/akn/ontology/concept/un/dateOfAdoption" showAs="Date of adoption"></TLCConcept>
        <TLCConcept eId="symbol" href="/akn/ontology/reference/un/symbol" showAs="Symbol"></TLCConcept>
        <TLCRole eId="publisher" href="/akn/ontology/role/un/publisher" showAs="Publisher"></TLCRole>
        <TLCRole eId="issuingBody" href="/akn/role/concept/un/issuingBody" showAs="Issuing body"></TLCRole>
        <TLCRole eId="author" href="/akn/ontology/role/un/author" showAs="Author"></TLCRole>
        <TLCRole eId="editor" href="/akn/ontology/role/un/editor" showAs="Editor"></TLCRole>
        <TLCRole eId="distribution" href="/akn/ontology/concept/un/generalDistribution" showAs="General distribution"></TLCRole>
        <TLCOrganization eId="ga" href="/akn/ontology/organization/un/generalAssembly" showAs="General Assembly"></TLCOrganization>
        <TLCTerm eId="resolutionTitle" href="/akn/ontology/reference/un/resolutionTitle" showAs="Resolution title"></TLCTerm>
        <TLCTerm eId="secondCommittee" href="#secondCommittee" showAs="第二委员会"></TLCTerm>
        <TLCTerm eId="memberState" href="/akn/ontology/organization/un/memberState" showAs="Member State"></TLCTerm>
        <TLCTerm eId="inFavour" href="/akn/ontology/concept/un/voting/inFavour" showAs="In favour"></TLCTerm>
        <TLCTerm eId="against" href="/akn/ontology/concept/un/voting/against" showAs="Against"></TLCTerm>
        <TLCTerm eId="abstaining" href="/akn/ontology/concept/un/voting/abstaining" showAs="Abstaining"></TLCTerm>
      </references>
      <presentation source="#un">
        <akn4un:footerFirstPage>
          <akn4un:footerFirstPageLeft>
            <akn4un:internalCode>
              <docketNumber refersTo="#publicationJobNumber">19-22513 (C)</docketNumber>
              <img alt="bar code" class="barCode" src=""></img>
            </akn4un:internalCode>
          </akn4un:footerFirstPageLeft>
          <akn4un:footerFirstPageRight>
            <img alt="Please recycle" class="image" src="./recylcleLogo.jpg"></img>
            <img alt="embedded QR code" class="qrCode" src=""></img>
          </akn4un:footerFirstPageRight>
        </akn4un:footerFirstPage>
      </presentation>
    </meta>
    <coverPage eId="coverPage_1">
      <p>
        <span refersTo="#publisher" class="upperLeft">
          <docAuthority refersTo="#publisher">联合国</docAuthority>
        </span>
      </p>
      <p class="upperRight">
        <docNumber refersTo="#symbol">A/RES/74/239</docNumber>
      </p>
      <p class="upperLeft">
        <img src="logo-un.jpg"></img>
        <docAuthority refersTo="#issuingBody" class="rightBig">大会</docAuthority>
      </p>
      <p>
        <docStatus refersTo="#generalDistribution" class="rightSmall">Distr.: General</docStatus>
      </p>
      <p>
        <docDate date="2020-01-21" class="rightSmall" refersTo="#dateOfIssuance">21 January 2020</docDate>
      </p>
      <p>
        <session refersTo="#generalAssembly" value="74" eId="coverPage_1__session_1">第七十四届会议</session>
      </p>
      <p>
        <inline name="agenda item">议程项目23(b)</inline>
      </p>
      <p>
        <inline name="agenda item name">发展方面的业务活动：南南合作促进发展</inline>
      </p>
      <p>
        <docTitle>2019年12月19日大会决议</docTitle>
      </p>
      <p xml:space="preserve">
        <docProponent refersTo="#secondCommittee">[根据第二委员会的报告 (<inline name="originating document">A/74/385/Add.2</inline>)]</docProponent>
      </p>
    </coverPage>
    <preface>
      <p>
        <docNumber>74/239.</docNumber>
        <docTitle refersTo="#resolutionTitle">南南合作</docTitle>
      </p>
    </preface>
    <preamble>
      <formula name="enactingFormula" eId="formula_1">
        <p xml:space="preserve">
          <span class="bold">大会</span>，</p>
      </formula>
      <container name="重申" eId="container_2">
        <p xml:space="preserve">
          <span class="bold">重申</span>其认可第二次联合国南南合作高级别会议布宜诺斯艾利斯成果文件的2019年4月15日第<a href="https://undocs.org/ch/A/RES/73/291">73/291</a>号决议，</p>
      </container>
      <container name="又重申" eId="container_3">
        <p xml:space="preserve">
          <span class="bold">又重申</span>其认可联合国南南合作高级别会议内罗毕成果文件的2009年12月21日第<a href="https://undocs.org/ch/A/RES/64/222">64/222</a>号决议，</p>
      </container>
      <container name="还重申" eId="container_4">
        <p xml:space="preserve">
          <span class="bold">还重申</span>其认可《促进和实施发展中国家间技术合作的布宜诺斯艾利斯行动计划》<authorialNote marker="1" placement="bottom" eId="authorialNote_1"><p xml:space="preserve">		《联合国发展中国家间技术合作会议报告，1978年8月30日至9月12日，布宜诺斯艾利斯》(联合国出版物，出售品编号：C.78.II.A.11和更正)，第一章。</p></authorialNote>  的1978年12月19日第<a href="https://undocs.org/ch/A/RES/33/134">33/134</a>号决议，</p>
      </container>
      <container name="回顾" eId="container_5">
        <p xml:space="preserve">
          <span class="bold">回顾</span>其2003年6月23日第<a href="https://undocs.org/ch/A/RES/57/270">57/270</a> B号、2005年12月22日第<a href="https://undocs.org/ch/A/RES/60/212">60/212</a>号、2007年12月19日第<a href="https://undocs.org/ch/A/RES/62/209">62/209</a>号、2008年12月19日第<a href="https://undocs.org/ch/A/RES/63/233">63/233</a>号、2009年10月6日第<a href="https://undocs.org/ch/A/RES/64/1">64/1</a>号、2011年12月22日第<a href="https://undocs.org/ch/A/RES/66/219">66/219</a>号、2012年12月21日第<a href="https://undocs.org/ch/A/RES/67/227">67/227</a>号、2013年12月20日第<a href="https://undocs.org/ch/A/RES/68/230">68/230</a>号、2014年12月19日第<a href="https://undocs.org/ch/A/RES/69/239">69/239</a>号、2015年12月22日第<a href="https://undocs.org/ch/A/RES/70/222">70/222</a>号、2016年12月21日第<a href="https://undocs.org/ch/A/RES/71/244">71/244</a>号、2017年12月20日第<a href="https://undocs.org/ch/A/RES/72/237">72/237</a>号和2018年12月20日第<a href="https://undocs.org/ch/A/RES/73/249">73/249</a>号决议，</p>
      </container>
      <container name="重申" eId="container_6">
        <p xml:space="preserve">
          <span class="bold">重申</span>其题为“变革我们的世界：2030年可持续发展议程”的2015年9月25日第<a href="https://undocs.org/ch/A/RES/70/1">70/1</a>号决议，其中大会通过了一套全面、意义深远和以人为中心的具有普遍性和变革性的可持续发展目标和具体目标，承诺做出不懈努力，使这一议程在2030年前得到全面执行，认识到消除一切形式和表现的贫困，包括消除极端贫困，是世界的最大挑战，对实现可持续发展必不可少，并决心采用统筹兼顾的方式，从经济、社会和环境这三个方面实现可持续发展，在巩固实施千年发展目标成果的基础上，争取完成它们尚未完成的事业，</p>
      </container>
      <container name="又重申" eId="container_7">
        <p xml:space="preserve">
          <span class="bold">又重申</span>其关于《第三次发展筹资问题国际会议亚的斯亚贝巴行动议程》的2015年7月27日第<a href="https://undocs.org/ch/A/RES/69/313">69/313</a>号决议，该议程是《2030年可持续发展议程》的组成部分，支持和补充《2030年议程》，有助于将其执行手段的具体目标与具体政策和行动联系起来，并再次作出强有力的政治承诺，本着全球伙伴关系和团结精神应对挑战，在各级为可持续发展筹措资金和创造有利环境，</p>
      </container>
      <container name="还重申" eId="container_8">
        <p xml:space="preserve">
          <span class="bold">还重申</span>《巴黎协定》<authorialNote marker="2" placement="bottom" eId="authorialNote_2"><p xml:space="preserve">		在《联合国气候变化框架公约》下通过，见<a href="https://undocs.org/ch/FCCC/CP/2015/10/Add.1">FCCC/CP/2015/10/Add.1</a>，第1/CP.21号决定，附件。</p></authorialNote> 及其早日生效，鼓励协定所有缔约方充分执行该协定，并鼓励尚未交存批准书、接受书、核准书或加入书的《联合国气候变化框架公约》<authorialNote marker="3" placement="bottom" eId="authorialNote_3"><p xml:space="preserve">		联合国，《条约汇编》，第1771卷，第30822号。</p></authorialNote> 缔约方酌情尽快交存，</p>
      </container>
      <container name="重申" eId="container_9">
        <p xml:space="preserve">
          <span class="bold">重申</span>承诺不让任何一个人掉队，重申认识到人的尊严至关重要，希望看到所有国家和人民以及社会各阶层都实现可持续发展目标和具体目标，并再次承诺首先尽力帮助落在最后面的人，</p>
      </container>
    </preamble>
    <mainBody>
      <paragraph eId="para_10" class="MercuryDocument">
        <num>	1.</num>
        <content eId="para_10__content">
          <p xml:space="preserve">
            <span class="bold">欢迎</span>2019年3月20日至22日在布宜诺斯艾利斯举行的第二次联合国南南合作高级别会议及其成果文件，<authorialNote marker="4" placement="bottom" eId="authorialNote_4"><p xml:space="preserve">		第<a href="https://undocs.org/ch/A/RES/73/291">73/291</a>号决议，附件。</p></authorialNote> 促请国际社会支持全面执行第二次高级别会议成果文件；</p>
        </content>
      </paragraph>
      <paragraph eId="para_11" class="MercuryDocument">
        <num>	2.</num>
        <content eId="para_11__content">
          <p xml:space="preserve">
            <span class="bold">表示注意到</span>秘书长关于南南合作情况的报告；<authorialNote marker="5" placement="bottom" eId="authorialNote_5"><p xml:space="preserve"><a href="https://undocs.org/ch/A/74/336">A/74/336</a>。</p></authorialNote></p>
        </content>
      </paragraph>
      <paragraph eId="para_12" class="MercuryDocument">
        <num>	3.</num>
        <content eId="para_12__content">
          <p xml:space="preserve">
            <span class="bold">重申</span>支持南南合作高级别委员会，并促请委员会在将于2020年举行的第二十届会议上，专门讨论第二次联合国南南合作高级别会议成果文件执行情况；</p>
        </content>
      </paragraph>
      <paragraph eId="para_13" class="MercuryDocument">
        <num>	4.</num>
        <content eId="para_13__content">
          <p xml:space="preserve">
            <span class="bold">重申</span>《2030年议程》的核心承诺不让任何一个人掉队，承诺采取更多具体措施支持处境脆弱民众和最脆弱国家，首先帮助落在最后面的人；</p>
        </content>
      </paragraph>
      <paragraph eId="para_14" class="MercuryDocument">
        <num>	5.</num>
        <content eId="para_14__content">
          <p xml:space="preserve">
            <span class="bold">决定</span>在大会第七十五届会议临时议程题为“发展方面的业务活动”的项目下，列入题为“南南合作促进发展”的分项，并请秘书长向大会第七十五届会议提交一份全面报告，说明南南合作情况，包括第二次高级别会议成果文件执行情况。</p>
        </content>
      </paragraph>
    </mainBody>
    <conclusions eId="conclusions">
      <p>
        <inline name="adoptionMeeting" title="第52次">第52次全体会议</inline>
        <eol />
        <docDate date="2019-12-19" refersTo="#adoptionDate">2019年12月19日</docDate>
      </p>
    </conclusions>
  </statement>
</akomaNtoso>