<akomaNtoso xmlns:xsi="http://www.w3.org/2001/XMLSchema-instance" xsi:schemaLocation="http://docs.oasis-open.org/legaldocml/ns/akn/3.0 http://docs.oasis-open.org/legaldocml/akn-core/v1.0/os/part2-specs/schemas/akomantoso30.xsd" xmlns="http://docs.oasis-open.org/legaldocml/ns/akn/3.0" xmlns:html="http://www.w3.org/1999/xhtml" xmlns:akn4un="http://un.org/akn4un">
  <statement name="resolution">
    <meta>
      <identification source="#DGACM">
        <FRBRWork>
          <FRBRthis value="/akn/un/statement/deliberation/unga/2020-06-30/74-282/!main/"></FRBRthis>
          <FRBRuri value="/akn/un/statement/deliberation/unga/2020-06-30/74-282/"></FRBRuri>
          <FRBRdate date="2020-06-30" name="adoption"></FRBRdate>
          <FRBRauthor href="ga" as="author"></FRBRauthor>
          <FRBRcountry value="un"></FRBRcountry>
        </FRBRWork>
        <FRBRExpression>
          <FRBRthis value="/akn/un/statement/deliberation/unga/2020-06-30/74-282/zho@!main/"></FRBRthis>
          <FRBRuri value="/akn/un/statement/deliberation/unga/2020-06-30/74-282/zho@/"></FRBRuri>
          <FRBRdate date="2020-07-09" name="publication"></FRBRdate>
          <FRBRauthor href="ga" as="issuer"></FRBRauthor>
          <FRBRlanguage language="zho"></FRBRlanguage>
        </FRBRExpression>
        <FRBRManifestation>
          <FRBRthis value="/akn/un/statement/deliberation/unga/2020-06-30/74-282/zho@/!main.xml"></FRBRthis>
          <FRBRuri value="/akn/un/statement/deliberation/unga/2020-06-30/74-282/zho@.xml"></FRBRuri>
          <FRBRdate date="2020-10-15" name="markup"></FRBRdate>
          <FRBRauthor href="DGACM" as="editor"></FRBRauthor>
        </FRBRManifestation>
      </identification>
      <classification source="http://metadata.un.org/sdg">
        <keyword value="3" href="http://metadata.un.org/sdg/3" showAs="sdg_3" dictionary="SDGO"></keyword>
        <keyword value="public_health" href="http://eurovoc.europa.eu/3885" showAs="public_health" dictionary="EuroVoc"></keyword>
        <keyword value="health" href="http://metadata.un.org/thesaurus/1002824" showAs="health" dictionary="UNBIS Thesaurus"></keyword>
      </classification>
      <classification source="http://metadata.un.org/sdg">
        <keyword value="6" href="http://metadata.un.org/sdg/6" showAs="sdg_6" dictionary="SDGO"></keyword>
        <keyword value="water" href="http://eurovoc.europa.eu/597" showAs="water" dictionary="EuroVoc"></keyword>
        <keyword value="public_hygiene" href="http://eurovoc.europa.eu/3371" showAs="public_hygiene" dictionary="EuroVoc"></keyword>
        <keyword value="use_of_water" href="http://eurovoc.europa.eu/4628" showAs="use_of_water" dictionary="EuroVoc"></keyword>
        <keyword value="water" href="http://metadata.un.org/thesaurus/030500" showAs="water" dictionary="UNBIS Thesaurus"></keyword>
        <keyword value="sanitation" href="http://metadata.un.org/thesaurus/1005701" showAs="sanitation" dictionary="UNBIS Thesaurus"></keyword>
        <keyword value="water_management" href="http://metadata.un.org/thesaurus/1006948" showAs="water_management" dictionary="UNBIS Thesaurus"></keyword>
      </classification>
      <workflow source="#un">
        <step date="2020-06-27" outcome="draftResolution" as="A/C.5/74/L.35" by="submitted by the Chair of the Committee following informal consultations" />
        <step date="0001-01-01" outcome="draftResolutionAdditionalSponsors" by="" />
        <step date="0001-01-01" outcome="recommendedForAdoption" as="A/74/910" refersTo="17" by="" />
        <step date="2020-06-30" outcome="adopted" as="Adopted through silence procedure" by="" />
      </workflow>
      <analysis source="#un">
        <parliamentary>
          <voting outcome="adoptedWithoutVote">
            <quorum value=""></quorum>
          </voting>
        </parliamentary>
      </analysis>
      <references source="#DGACM">
        <TLCOrganization eId="source" href="/akn/ontology/organization/un/DGACM" showAs="DGACM"></TLCOrganization>
        <TLCConcept eId="dateOfIssuance" href="/akn/ontology/concept/un/dateOfIssuance" showAs="Date of issuance"></TLCConcept>
        <TLCConcept eId="dateOfAdoption" href="/akn/ontology/concept/un/dateOfAdoption" showAs="Date of adoption"></TLCConcept>
        <TLCConcept eId="symbol" href="/akn/ontology/reference/un/symbol" showAs="Symbol"></TLCConcept>
        <TLCRole eId="publisher" href="/akn/ontology/role/un/publisher" showAs="Publisher"></TLCRole>
        <TLCRole eId="issuingBody" href="/akn/role/concept/un/issuingBody" showAs="Issuing body"></TLCRole>
        <TLCRole eId="author" href="/akn/ontology/role/un/author" showAs="Author"></TLCRole>
        <TLCRole eId="editor" href="/akn/ontology/role/un/editor" showAs="Editor"></TLCRole>
        <TLCRole eId="distribution" href="/akn/ontology/concept/un/generalDistribution" showAs="General distribution"></TLCRole>
        <TLCOrganization eId="ga" href="/akn/ontology/organization/un/generalAssembly" showAs="General Assembly"></TLCOrganization>
        <TLCTerm eId="resolutionTitle" href="/akn/ontology/reference/un/resolutionTitle" showAs="Resolution title"></TLCTerm>
        <TLCTerm eId="fifthCommittee" href="#fifthCommittee" showAs="第五委员会"></TLCTerm>
        <TLCTerm eId="memberState" href="/akn/ontology/organization/un/memberState" showAs="Member State"></TLCTerm>
        <TLCTerm eId="inFavour" href="/akn/ontology/concept/un/voting/inFavour" showAs="In favour"></TLCTerm>
        <TLCTerm eId="against" href="/akn/ontology/concept/un/voting/against" showAs="Against"></TLCTerm>
        <TLCTerm eId="abstaining" href="/akn/ontology/concept/un/voting/abstaining" showAs="Abstaining"></TLCTerm>
      </references>
      <presentation source="#un">
        <akn4un:footerFirstPage>
          <akn4un:footerFirstPageLeft>
            <akn4un:internalCode>
              <docketNumber refersTo="#publicationJobNumber">20-08790 (C)</docketNumber>
              <img alt="bar code" class="barCode" src=""></img>
            </akn4un:internalCode>
          </akn4un:footerFirstPageLeft>
          <akn4un:footerFirstPageRight>
            <img alt="Please recycle" class="image" src="./recylcleLogo.jpg"></img>
            <img alt="embedded QR code" class="qrCode" src=""></img>
          </akn4un:footerFirstPageRight>
        </akn4un:footerFirstPage>
      </presentation>
    </meta>
    <coverPage eId="coverPage_1">
      <p>
        <span refersTo="#publisher" class="upperLeft">
          <docAuthority refersTo="#publisher">联合国</docAuthority>
        </span>
      </p>
      <p class="upperRight">
        <docNumber refersTo="#symbol">A/RES/74/282</docNumber>
      </p>
      <p class="upperLeft">
        <img src="logo-un.jpg"></img>
        <docAuthority refersTo="#issuingBody" class="rightBig">大会</docAuthority>
      </p>
      <p>
        <docStatus refersTo="#generalDistribution" class="rightSmall">Distr.: General</docStatus>
      </p>
      <p>
        <docDate date="2020-07-09" class="rightSmall" refersTo="#dateOfIssuance">9 July 2020</docDate>
      </p>
      <p>
        <session refersTo="#generalAssembly" value="74" eId="coverPage_1__session_1">第七十四届会议</session>
      </p>
      <p>
        <inline name="agenda item">议程项目148</inline>
      </p>
      <p>
        <inline name="agenda item name">联合国维持和平行动经费筹措的行政和预算问题</inline>
      </p>
      <p>
        <docTitle>2020年6月30日大会决议</docTitle>
      </p>
      <p xml:space="preserve">
        <docProponent refersTo="#fifthCommittee">[根据第五委员会的报告 (<inline name="originating document">A/74/910</inline>)]</docProponent>
      </p>
    </coverPage>
    <preface>
      <p>
        <docNumber>74/282.</docNumber>
        <docTitle refersTo="#resolutionTitle">意大利布林迪西联合国后勤基地经费的筹措</docTitle>
      </p>
    </preface>
    <preamble>
      <formula name="enactingFormula" eId="formula_1">
        <p xml:space="preserve">
          <span class="bold">大会，</span>
        </p>
      </formula>
      <container name="回顾" eId="container_2">
        <p xml:space="preserve">
          <span class="bold">回顾</span>其1994年12月23日第<a href="https://undocs.org/ch/A/RES/49/233">49/233</a><a href="https://undocs.org/ch/A/RES/49/233"></a><a href="https://undocs.org/ch/A/RES/49/233">A</a>号决议第十四节和2007年12月22日第<a href="https://undocs.org/ch/A/RES/62/231">62/231</a>号决议，</p>
      </container>
      <container name="又回顾" eId="container_3">
        <p xml:space="preserve">
          <span class="bold">又回顾</span>其关于意大利布林迪西联合国后勤基地经费筹措的1996年9月17日第50/500号决定及其后各项有关决议，最近的是2019年7月3日第<a href="https://undocs.org/ch/A/RES/73/310">73/310</a>号决议，并回顾其2019年7月3日第73/555号决定，</p>
      </container>
      <container name="还回顾" eId="container_4">
        <p xml:space="preserve">
          <span class="bold">还回顾</span>其关于建立战略部署物资储存的2002年6月27日第<a href="https://undocs.org/ch/A/RES/56/292">56/292</a>号决议及其后关于战略部署物资储存落实情况的各项决议，最近的是第<a href="https://undocs.org/ch/A/RES/73/310">73/310</a>号决议，</p>
      </container>
      <container name="审议了" eId="container_5">
        <p xml:space="preserve">
          <span class="bold">审议了</span>秘书长关于联合国后勤基地经费筹措的报告<authorialNote marker="1" placement="bottom" eId="authorialNote_1"><p xml:space="preserve"><a href="https://undocs.org/ch/A/74/620">A/74/620</a>和<a href="https://undocs.org/ch/A/74/730">A/74/730</a>。</p></authorialNote> 以及行政和预算问题咨询委员会的有关报告，<authorialNote marker="2" placement="bottom" eId="authorialNote_2"><p xml:space="preserve"><a href="https://undocs.org/ch/A/74/737/Add.6">A/74/737/Add.6</a>。</p></authorialNote></p>
      </container>
      <container name="再次申明" eId="container_6">
        <p xml:space="preserve">
          <span class="bold">再次申明</span>准确清点资产的重要性，</p>
      </container>
    </preamble>
    <mainBody>
      <paragraph eId="para_7" class="MercuryDocument">
        <num>	1.</num>
        <content eId="para_7__content">
          <p xml:space="preserve">
            <span class="bold">赞赏地注意到</span>意大利政府为意大利布林迪西联合国后勤基地提供设施以及西班牙政府为西班牙巴伦西亚二级运行状态通信设施提供设施；</p>
        </content>
      </paragraph>
      <paragraph eId="para_8" class="MercuryDocument">
        <num>	2.</num>
        <content eId="para_8__content">
          <p xml:space="preserve">
            <span class="bold">认可</span>行政和预算问题咨询委员会报告<sup>2</sup> 所载结论和建议，但以符合本决议的规定为前提，并请秘书长确保予以充分落实；</p>
        </content>
      </paragraph>
      <paragraph eId="para_9" class="MercuryDocument">
        <num>	3.</num>
        <content eId="para_9__content">
          <p xml:space="preserve">
            <span class="bold">请</span>秘书长确保充分执行其2005年6月22日第<a href="https://undocs.org/ch/A/RES/59/296">59/296</a>号、2006年6月30日第<a href="https://undocs.org/ch/A/RES/60/266">60/266</a>号、2007年6月29日第<a href="https://undocs.org/ch/A/RES/61/276">61/276</a>号、2010年6月24日第<a href="https://undocs.org/ch/A/RES/64/269">64/269</a>号、2011年6月30日第<a href="https://undocs.org/ch/A/RES/65/289">65/289</a>号、2012年6月21日第<a href="https://undocs.org/ch/A/RES/66/264">66/264</a>号、2015年6月25日第<a href="https://undocs.org/ch/A/RES/69/307">69/307</a>号和2016年6月17日第<a href="https://undocs.org/ch/A/RES/70/286">70/286</a>号决议以及其他相关决议的相关规定；</p>
        </content>
      </paragraph>
      <paragraph eId="para_10" class="MercuryDocument">
        <num>	4.</num>
        <content eId="para_10__content">
          <p xml:space="preserve">
            <span class="bold">表示注意到</span>行预咨委会报告第9段，决定在环境技术支助股设立1个工程助理、水和废水环境工程专家员额(本国一般事务人员)；</p>
        </content>
      </paragraph>
      <paragraph eId="para_11" class="MercuryDocument">
        <num>	5.</num>
        <content eId="para_11__content">
          <p xml:space="preserve">
            <span class="bold">回顾</span>行预咨委会报告第10段，决定裁撤中央支助处财产管理小组1个财产管理助理员额(G-7)，设立1个财产管理干事员额(P-3)；</p>
        </content>
      </paragraph>
      <paragraph eId="para_12" class="SingleTxt">
        <num>	6.</num>
        <content eId="para_12__content">
          <p xml:space="preserve">
            <span class="bold">又回顾</span>其2018年7月5日第<a href="https://undocs.org/ch/A/RES/72/287">72/287</a>号决议第4段，期待审议在考虑内部监督事务厅意见和建议后提出的战略部署储存订正行动构想提案，着重指出需要进一步分析增强效力、预期效率和地点等问题；</p>
        </content>
      </paragraph>
      <paragraph eId="para_13" class="SingleTxt">
        <num>	7.</num>
        <content eId="para_13__content">
          <p xml:space="preserve">
            <span class="bold">注意到</span>正在综合供应链管理做法下进行的关于战略空中业务中心、运输和调度综合控制中心和全球采购支助科的研究，期待收到研究结果，在第七十五届会议期间审议；</p>
        </content>
      </paragraph>
      <paragraph eId="para_14" class="SingleTxt">
        <num>	8.</num>
        <content eId="para_14__content">
          <p xml:space="preserve">
            <span class="bold">欣见</span>联合国后勤基地与乌干达恩德培区域服务中心相互补充，鼓励秘书长努力提高两个支助实体在执行各自任务过程中的合力效应；</p>
        </content>
      </paragraph>
      <paragraph eId="para_15" class="H23">
        <subheading>		2018年7月1日至2019年6月30日期间预算执行情况报告</subheading>
      </paragraph>
      <paragraph eId="para_16" class="SingleTxt">
        <num>	9.</num>
        <content eId="para_16__content">
          <p xml:space="preserve">
            <span class="bold">表示注意到</span>秘书长关于联合国后勤基地2018年7月1日至2019年6月30日期间预算执行情况的报告；<authorialNote marker="3" placement="bottom" eId="authorialNote_3"><p xml:space="preserve"><a href="https://undocs.org/ch/A/74/620">A/74/620</a>。</p></authorialNote></p>
        </content>
      </paragraph>
      <paragraph eId="para_17" class="H23">
        <subheading>		2020年7月1日至2021年6月30日期间的预算估计数</subheading>
      </paragraph>
      <paragraph eId="para_18" class="SingleTxt">
        <num>	10.</num>
        <content eId="para_18__content">
          <p xml:space="preserve">
            <span class="bold">核准</span>联合国后勤基地2020年7月1日至2021年6月30日期间费用估计数62 058 200美元；</p>
        </content>
      </paragraph>
      <paragraph eId="para_19" class="H23">
        <subheading>		2020年7月1日至2021年6月30日期间预算估计数的筹措</subheading>
      </paragraph>
      <paragraph eId="para_20" class="SingleTxt">
        <num>	11.</num>
        <content eId="para_20__content">
          <p xml:space="preserve">
            <span class="bold">决定</span>按下列方式筹措联合国后勤基地2020年7月1日至2021年6月30日期间的经费：</p>
        </content>
      </paragraph>
      <paragraph eId="para_21" class="SingleTxt">
        <content eId="para_21__content">
          <p xml:space="preserve">	(a)	将2019年6月30日终了财政期间未支配余额和其他收入共计3 064 300美元用作2020年7月1日至2021年6月30日期间的经费； </p>
        </content>
      </paragraph>
      <paragraph eId="para_22" class="SingleTxt">
        <content eId="para_22__content">
          <p xml:space="preserve">	(b)	58 993 900美元差额由各在役维持和平行动2020年7月1日至2021年6月30日期间预算按比例分摊；</p>
        </content>
      </paragraph>
      <paragraph eId="para_23" class="SingleTxt">
        <content eId="para_23__content">
          <p xml:space="preserve">	(c)	工作人员薪金税收入估计数5 745 000美元，即2020年7月1日至2021年6月30日期间的6 142 000美元减去2018年7月1日至2019年6月30日期间的减少额397 000美元，将按比例分配给各在役维和行动预算，部分抵冲上文(b)分段所述差额；</p>
        </content>
      </paragraph>
      <paragraph eId="para_24" class="SingleTxt">
        <num>	12.</num>
        <content eId="para_24__content">
          <p xml:space="preserve">
            <span class="bold">又决定</span>在其第七十五届会议期间审议联合国后勤基地经费的筹措问题。</p>
        </content>
      </paragraph>
    </mainBody>
    <conclusions eId="conclusions">
      <p>
        <docDate date="2020-06-30" refersTo="#adoptionDate">2020年6月30日</docDate>
      </p>
    </conclusions>
  </statement>
</akomaNtoso>