<akomaNtoso xmlns:xsi="http://www.w3.org/2001/XMLSchema-instance" xsi:schemaLocation="http://docs.oasis-open.org/legaldocml/ns/akn/3.0 http://docs.oasis-open.org/legaldocml/akn-core/v1.0/os/part2-specs/schemas/akomantoso30.xsd" xmlns="http://docs.oasis-open.org/legaldocml/ns/akn/3.0" xmlns:html="http://www.w3.org/1999/xhtml" xmlns:akn4un="http://un.org/akn4un">
  <statement name="resolution">
    <meta>
      <identification source="#DGACM">
        <FRBRWork>
          <FRBRthis value="/akn/un/statement/deliberation/unga/2019-12-19/74-232/!main/"></FRBRthis>
          <FRBRuri value="/akn/un/statement/deliberation/unga/2019-12-19/74-232/"></FRBRuri>
          <FRBRdate date="2019-12-19" name="adoption"></FRBRdate>
          <FRBRauthor href="ga" as="author"></FRBRauthor>
          <FRBRcountry value="un"></FRBRcountry>
        </FRBRWork>
        <FRBRExpression>
          <FRBRthis value="/akn/un/statement/deliberation/unga/2019-12-19/74-232/zho@!main/"></FRBRthis>
          <FRBRuri value="/akn/un/statement/deliberation/unga/2019-12-19/74-232/zho@/"></FRBRuri>
          <FRBRdate date="2020-01-23" name="publication"></FRBRdate>
          <FRBRauthor href="ga" as="issuer"></FRBRauthor>
          <FRBRlanguage language="zho"></FRBRlanguage>
        </FRBRExpression>
        <FRBRManifestation>
          <FRBRthis value="/akn/un/statement/deliberation/unga/2019-12-19/74-232/zho@/!main.xml"></FRBRthis>
          <FRBRuri value="/akn/un/statement/deliberation/unga/2019-12-19/74-232/zho@.xml"></FRBRuri>
          <FRBRdate date="2020-08-30" name="markup"></FRBRdate>
          <FRBRauthor href="DGACM" as="editor"></FRBRauthor>
        </FRBRManifestation>
      </identification>
      <classification source="http://metadata.un.org/sdg">
        <keyword value="10" href="http://metadata.un.org/sdg/10" showAs="sdg_10" dictionary="SDGO"></keyword>
        <keyword value="social_inequality" href="http://eurovoc.europa.eu/1420" showAs="social_inequality" dictionary="EuroVoc"></keyword>
        <keyword value="equality" href="http://metadata.un.org/thesaurus/1002102" showAs="equality" dictionary="UNBIS Thesaurus"></keyword>
      </classification>
      <classification source="http://metadata.un.org/sdg">
        <keyword value="16" href="http://metadata.un.org/sdg/16" showAs="sdg_16" dictionary="SDGO"></keyword>
        <keyword value="right_to_justice" href="http://eurovoc.europa.eu/516" showAs="right_to_justice" dictionary="EuroVoc"></keyword>
        <keyword value="sustainable_development" href="http://eurovoc.europa.eu/5585" showAs="sustainable_development" dictionary="EuroVoc"></keyword>
        <keyword value="civil_society" href="http://metadata.un.org/thesaurus/1001012" showAs="civil_society" dictionary="UNBIS Thesaurus"></keyword>
        <keyword value="justice" href="http://metadata.un.org/thesaurus/1003500" showAs="justice" dictionary="UNBIS Thesaurus"></keyword>
        <keyword value="peaceful_coexistence" href="http://metadata.un.org/thesaurus/1004777" showAs="peaceful_coexistence" dictionary="UNBIS Thesaurus"></keyword>
        <keyword value="public_institutions" href="http://metadata.un.org/thesaurus/1005254" showAs="public_institutions" dictionary="UNBIS Thesaurus"></keyword>
        <keyword value="social_justice" href="http://metadata.un.org/thesaurus/1005970" showAs="social_justice" dictionary="UNBIS Thesaurus"></keyword>
        <keyword value="sustainable_development" href="http://metadata.un.org/thesaurus/1006319" showAs="sustainable_development" dictionary="UNBIS Thesaurus"></keyword>
      </classification>
      <classification source="http://metadata.un.org/sdg">
        <keyword value="17" href="http://metadata.un.org/sdg/17" showAs="sdg_17" dictionary="SDGO"></keyword>
        <keyword value="sustainable_development" href="http://eurovoc.europa.eu/5585" showAs="sustainable_development" dictionary="EuroVoc"></keyword>
        <keyword value="partnership" href="http://eurovoc.europa.eu/4199" showAs="partnership" dictionary="EuroVoc"></keyword>
        <keyword value="sustainable_development" href="http://metadata.un.org/thesaurus/1006319" showAs="sustainable_development" dictionary="UNBIS Thesaurus"></keyword>
        <keyword value="partnership" href="http://metadata.un.org/thesaurus/1004748" showAs="partnership" dictionary="UNBIS Thesaurus"></keyword>
      </classification>
      <workflow source="#un">
        <step date="2019-11-19" outcome="draftResolution" as="A/C.2/74/L.54" by="submitted by the Vice-Chair of the Committee" />
        <step date="0001-01-01" outcome="draftResolutionAdditionalSponsors" by="" />
        <step date="0001-01-01" outcome="recommendedForAdoption" as="A/74/383/Add.1" by="" refersTo="9" />
        <step date="2019-12-19" outcome="adopted" as="A/74/PV.52" by="" />
      </workflow>
      <analysis source="#un">
        <parliamentary>
          <voting outcome="adoptedWithoutVote">
            <quorum value=""></quorum>
          </voting>
        </parliamentary>
      </analysis>
      <references source="#DGACM">
        <TLCOrganization eId="source" href="/akn/ontology/organization/un/DGACM" showAs="DGACM"></TLCOrganization>
        <TLCConcept eId="dateOfIssuance" href="/akn/ontology/concept/un/dateOfIssuance" showAs="Date of issuance"></TLCConcept>
        <TLCConcept eId="dateOfAdoption" href="/akn/ontology/concept/un/dateOfAdoption" showAs="Date of adoption"></TLCConcept>
        <TLCConcept eId="symbol" href="/akn/ontology/reference/un/symbol" showAs="Symbol"></TLCConcept>
        <TLCRole eId="publisher" href="/akn/ontology/role/un/publisher" showAs="Publisher"></TLCRole>
        <TLCRole eId="issuingBody" href="/akn/role/concept/un/issuingBody" showAs="Issuing body"></TLCRole>
        <TLCRole eId="author" href="/akn/ontology/role/un/author" showAs="Author"></TLCRole>
        <TLCRole eId="editor" href="/akn/ontology/role/un/editor" showAs="Editor"></TLCRole>
        <TLCRole eId="distribution" href="/akn/ontology/concept/un/generalDistribution" showAs="General distribution"></TLCRole>
        <TLCOrganization eId="ga" href="/akn/ontology/organization/un/generalAssembly" showAs="General Assembly"></TLCOrganization>
        <TLCTerm eId="resolutionTitle" href="/akn/ontology/reference/un/resolutionTitle" showAs="Resolution title"></TLCTerm>
        <TLCTerm eId="secondCommittee" href="#secondCommittee" showAs="第二委员会"></TLCTerm>
        <TLCTerm eId="memberState" href="/akn/ontology/organization/un/memberState" showAs="Member State"></TLCTerm>
        <TLCTerm eId="inFavour" href="/akn/ontology/concept/un/voting/inFavour" showAs="In favour"></TLCTerm>
        <TLCTerm eId="against" href="/akn/ontology/concept/un/voting/against" showAs="Against"></TLCTerm>
        <TLCTerm eId="abstaining" href="/akn/ontology/concept/un/voting/abstaining" showAs="Abstaining"></TLCTerm>
      </references>
      <presentation source="#un">
        <akn4un:footerFirstPage>
          <akn4un:footerFirstPageLeft>
            <akn4un:internalCode>
              <docketNumber refersTo="#publicationJobNumber">19-22505 (C)</docketNumber>
              <img alt="bar code" class="barCode" src=""></img>
            </akn4un:internalCode>
          </akn4un:footerFirstPageLeft>
          <akn4un:footerFirstPageRight>
            <img alt="Please recycle" class="image" src="./recylcleLogo.jpg"></img>
            <img alt="embedded QR code" class="qrCode" src=""></img>
          </akn4un:footerFirstPageRight>
        </akn4un:footerFirstPage>
      </presentation>
    </meta>
    <coverPage eId="coverPage_1">
      <p>
        <span refersTo="#publisher" class="upperLeft">
          <docAuthority refersTo="#publisher">联合国</docAuthority>
        </span>
      </p>
      <p class="upperRight">
        <docNumber refersTo="#symbol">A/RES/74/232</docNumber>
      </p>
      <p class="upperLeft">
        <img src="logo-un.jpg"></img>
        <docAuthority refersTo="#issuingBody" class="rightBig">大会</docAuthority>
      </p>
      <p>
        <docStatus refersTo="#generalDistribution" class="rightSmall">Distr.: General</docStatus>
      </p>
      <p>
        <docDate date="2020-01-23" class="rightSmall" refersTo="#dateOfIssuance">23 January2020</docDate>
      </p>
      <p>
        <session refersTo="#generalAssembly" value="74" eId="coverPage_1__session_1">第七十四届会议</session>
      </p>
      <p>
        <inline name="agenda item">议程项目21(a)</inline>
      </p>
      <p>
        <inline name="agenda item name">各特殊处境国家组：第四次联合国最不发达国家问题会议的后续行动</inline>
      </p>
      <p>
        <docTitle>2019年12月19日大会决议</docTitle>
      </p>
      <p xml:space="preserve">
        <docProponent refersTo="#secondCommittee">[根据第二委员会的报告 (<inline name="originating document">A/74/383/Add.1</inline>)]</docProponent>
      </p>
    </coverPage>
    <preface>
      <p>
        <docNumber>74/232.</docNumber>
        <docTitle refersTo="#resolutionTitle">第四次联合国最不发达国家问题会议的后续行动</docTitle>
      </p>
    </preface>
    <preamble>
      <formula name="enactingFormula" eId="formula_1">
        <p xml:space="preserve">
          <span class="bold">大会</span>，</p>
      </formula>
      <container name="回顾" eId="container_2">
        <p xml:space="preserve">
          <span class="bold">回顾</span>2011年5月9日至13日在土耳其伊斯坦布尔举行的第四次联合国最不发达国家问题会议通过并经大会2011年6月17日第<a href="https://undocs.org/ch/A/RES/65/280">65/280</a>号决议认可的《伊斯坦布尔宣言》<authorialNote marker="1" placement="bottom" eId="authorialNote_1"><p xml:space="preserve">		《第四次联合国最不发达国家问题会议报告，2011年5月9日至13日，土耳其伊斯坦布尔》(<a href="https://undocs.org/ch/A/CONF.219/7">A/CONF.219/7</a>)，第一章。</p></authorialNote> 和《2011-2020十年期支援最不发达国家行动纲领》，<authorialNote marker="2" placement="bottom" eId="authorialNote_2"><p xml:space="preserve">		同上，第二章。</p></authorialNote> 大会在第<a href="https://undocs.org/ch/A/RES/65/280">65/280</a>号决议中促请所有相关利益攸关方承诺执行《行动纲领》，又回顾2016年5月27日至29日在土耳其安塔利亚举行的伊斯坦布尔《2011-2020十年期支援最不发达国家行动纲领》执行情况高级别全面中期审查会议通过并经大会2016年7月25日第<a href="https://undocs.org/ch/A/RES/70/294">70/294</a>号决议认可的《政治宣言》，</p>
      </container>
      <container name="重申" eId="container_3">
        <p xml:space="preserve">
          <span class="bold">重申</span>《伊斯坦布尔行动纲领》的首要目标是克服最不发达国家面临的结构性挑战，以消除贫困，实现国际商定的发展目标，并使这些国家能从最不发达国家类别毕业，</p>
      </container>
      <container name="又重申" eId="container_4">
        <p xml:space="preserve">
          <span class="bold">又重申</span>其题为“变革我们的世界：2030年可持续发展议程”的2015年9月25日第<a href="https://undocs.org/ch/A/RES/70/1">70/1</a>号决议，其中大会通过了一套全面、意义深远和以人为中心的具有普遍性和变革性的可持续发展目标和具体目标，承诺做出不懈努力，使这一议程在2030年前得到全面执行，认识到消除一切形式和表现的贫困，包括消除极端贫困，是世界的最大挑战，对实现可持续发展必不可少，并决心采用统筹兼顾的方式，从经济、社会和环境这三个方面实现可持续发展，在巩固实施千年发展目标成果的基础上，争取完成它们尚未完成的事业，</p>
      </container>
      <container name="还重申" eId="container_5">
        <p xml:space="preserve">
          <span class="bold">还重申</span>其关于《第三次发展筹资问题国际会议亚的斯亚贝巴行动议程》的2015年7月27日第<a href="https://undocs.org/ch/A/RES/69/313">69/313</a>号决议，该议程是《2030年可持续发展议程》的组成部分，支持和补充《2030年议程》，有助于将其执行手段的具体目标与具体政策和行动联系起来，并再次作出强有力的政治承诺，本着全球伙伴关系和团结精神应对挑战，在各级为可持续发展筹措资金和创造有利环境，</p>
      </container>
      <container name="重申" eId="container_6">
        <p xml:space="preserve">
          <span class="bold">重申</span>《巴黎协定》<authorialNote marker="3" placement="bottom" eId="authorialNote_3"><p xml:space="preserve">		在《联合国气候变化框架公约》下通过，见<a href="https://undocs.org/ch/FCCC/CP/2015/10/Add.1">FCCC/CP/2015/10/Add.1</a>，第1/CP.21号决定。</p></authorialNote> 及其早日生效，鼓励协定所有缔约方充分执行该协定，并鼓励尚未交存批准书、接受书、核准书或加入书的《联合国气候变化框架公约》<authorialNote marker="4" placement="bottom" eId="authorialNote_4"><p xml:space="preserve">		联合国,《条约汇编》，第1771卷，第30822号。</p></authorialNote> 缔约方酌情尽快交存，</p>
      </container>
      <container name="又重申" eId="container_7">
        <p xml:space="preserve">
          <span class="bold">又重申</span>2016年10月17日至20日在厄瓜多尔基多举行的联合国住房和城市可持续发展大会(人居三大会)通过的《新城市议程》，<authorialNote marker="5" placement="bottom" eId="authorialNote_5"><p xml:space="preserve">		第<a href="https://undocs.org/ch/A/RES/71/256">71/256</a>号决议，附件。</p></authorialNote> 确认在执行《新城市议程》时，应特别关注最不发达国家面临的独特和新出现的城市挑战，</p>
      </container>
      <container name="回顾" eId="container_8">
        <p xml:space="preserve">
          <span class="bold">回顾</span>《2015-2030年仙台减少灾害风险框架》<authorialNote marker="6" placement="bottom" eId="authorialNote_6"><p xml:space="preserve">		第<a href="https://undocs.org/ch/A/RES/69/283">69/283</a>号决议，附件二。</p></authorialNote>及其指导原则，又回顾该框架倡导在国家和地方各级定期开展备灾、救灾和恢复演习，以期确保迅速和有效地应对灾害和相关流离失所问题，包括酌情提供地方需要的基本食品和非食品救济，确认其执行可有助于实现《2011-2020十年期支援最不发达国家行动纲领》的目标和宗旨，</p>
      </container>
      <container name="重点指出" eId="container_9">
        <p xml:space="preserve">
          <span class="bold">重点指出</span>执行《2030年可持续发展议程》、《亚的斯亚贝巴行动议程》和《巴黎协定》之间的协同增效作用，在当前加强全球应对气候变化威胁、实现可持续发展和努力消除贫困的情况下，关切地注意到政府间气候变化专门委员会特别报告中关于全球升温比工业化前高1.5摄氏度具有的影响和相关全球温室气体排放路径方面的结论，</p>
      </container>
      <container name="回顾" eId="container_10">
        <p xml:space="preserve">
          <span class="bold">回顾</span>其关于第四次联合国最不发达国家问题会议后续行动的2018年12月20日第<a href="https://undocs.org/ch/A/RES/73/242">73/242</a>号决议，</p>
      </container>
      <container name="又回顾" eId="container_11">
        <p xml:space="preserve">
          <span class="bold">又回顾</span>经济及社会理事会关于《2011-2020十年期支援最不发达国家行动纲领》的2019年6月6日第<a href="https://undocs.org/ch/E/RES/2019/3">2019/3</a>号决议，</p>
      </container>
      <container name="表示注意到" eId="container_12">
        <p xml:space="preserve">
          <span class="bold">表示注意到</span>2019年最不发达国家《部长级宣言》，<authorialNote marker="7" placement="bottom" eId="authorialNote_7"><p xml:space="preserve"><a href="https://undocs.org/ch/A/74/475">A/74/475</a>，附件。</p></authorialNote></p>
      </container>
      <container name="回顾" eId="container_13">
        <p xml:space="preserve">
          <span class="bold">回顾</span>其关于从最不发达国家名单毕业的国家的平稳过渡的2004年12月20日第<a href="https://undocs.org/ch/A/RES/59/209">59/209</a>号决议及2012年12月21日第<a href="https://undocs.org/ch/A/RES/67/221">67/221</a>号决议，</p>
      </container>
      <container name="重申" eId="container_14">
        <p xml:space="preserve">
          <span class="bold">重申</span>其关于联合国系统发展方面业务活动四年度全面政策审查的2016年12月21日第<a href="https://undocs.org/ch/A/RES/71/243">71/243</a>号决议以及大会关于在联合国系统发展方面业务活动四年度全面政策审查背景下重新定位联合国发展系统的2018年5月31日第<a href="https://undocs.org/ch/A/RES/72/279">72/279</a>号决议，并强调必须全面、及时执行这两个决议，</p>
      </container>
    </preamble>
    <mainBody>
      <paragraph eId="para_15" class="MercuryDocument">
        <num>	1.</num>
        <content eId="para_15__content">
          <p xml:space="preserve">
            <span class="bold">表示注意到</span>秘书长关于《2011-2020十年期支援最不发达国家行动纲领》执行情况的报告；<authorialNote marker="8" placement="bottom" eId="authorialNote_8"><p xml:space="preserve"><a href="https://undocs.org/ch/A/74/69">A/74/69-E/2019/12</a>。</p></authorialNote></p>
        </content>
      </paragraph>
      <paragraph eId="para_16" class="MercuryDocument">
        <num>	2.</num>
        <content eId="para_16__content">
          <p xml:space="preserve">
            <span class="bold">促请</span>最不发达国家及其发展伙伴、联合国系统和所有其他行为体进一步加强全球可持续发展伙伴关系，促进最不发达国家在《伊斯坦布尔行动纲领》<sup>2</sup> 所述各优先领域实现发展，以便确保在该十年余下时间内，并在《2030年可持续发展议程》、<authorialNote marker="9" placement="bottom" eId="authorialNote_9"><p xml:space="preserve">		第<a href="https://undocs.org/ch/A/RES/70/1">70/1</a>号决议。</p></authorialNote> 《第三次发展筹资问题国际会议亚的斯亚贝巴行动议程》<authorialNote marker="10" placement="bottom" eId="authorialNote_10"><p xml:space="preserve">		第<a href="https://undocs.org/ch/A/RES/69/313">69/313</a>号决议，附件。</p></authorialNote> (该行动议程是《2030年议程》的组成部分，支持和补充《2030年议程》，并有助于将其执行手段的具体目标与具体政策和行动联系起来)、《联合国气候变化框架公约》4<sup></sup>下通过的《巴黎协定》、3<sup></sup>《2015-2030年仙台减少灾害风险框架》6<sup></sup>和《新城市议程》5<sup></sup>的框架内，及时、有效和全面落实《行动纲领》；</p>
        </content>
      </paragraph>
      <paragraph eId="para_17" class="MercuryDocument">
        <num>	3.</num>
        <content eId="para_17__content">
          <p xml:space="preserve">
            <span class="bold">邀请</span>私营部门、民间社会、学术界和各基金会在各自擅长的领域，根据最不发达国家的国家优先事项，推动执行《伊斯坦布尔行动纲领》；</p>
        </content>
      </paragraph>
      <paragraph eId="para_18" class="MercuryDocument">
        <num>	4.</num>
        <content eId="para_18__content">
          <p xml:space="preserve">
            <span class="bold">回顾</span>《2030年可持续发展议程》商定同联合国所有相关会议和进程、包括关于最不发达国家问题的会议和进程的后续落实和评估安排建立有效联系，着重指出必须在所有各级强有力地协同执行最近通过的议程和《伊斯坦布尔行动纲领》，并鼓励在对执行工作采取后续行动的过程中相互协调、保持一致；</p>
        </content>
      </paragraph>
      <paragraph eId="para_19" class="MercuryDocument">
        <num>	5.</num>
        <content eId="para_19__content">
          <p xml:space="preserve">
            <span class="bold">重申</span>最不发达国家作为最弱势国家组，需要得到更有力的全球支持，以克服在执行《2030年可持续发展议程》过程中面临的结构性挑战，在这方面促请国际社会优先提供和加强各方支持，以协助在最不发达国家协调一致地执行《伊斯坦布尔行动纲领》、《2030年议程》和《亚的斯亚贝巴行动议程》，并就此采取连贯一致的后续行动和进行监测；</p>
        </content>
      </paragraph>
      <paragraph eId="para_20" class="MercuryDocument">
        <num>	6.</num>
        <content eId="para_20__content">
          <p xml:space="preserve">
            <span class="bold">吁请</span>联合国贸易和发展会议在现有资源范围内，着重关于最不发达国家的分析工作，强调生产能力(及其衡量)和结构转型及其与贸易和发展的联系，以此帮助理解引领最不发达国家克服结构障碍并实现发展目标的基本机制；</p>
        </content>
      </paragraph>
      <paragraph eId="para_21" class="MercuryDocument">
        <num>	7.</num>
        <content eId="para_21__content">
          <p xml:space="preserve">
            <span class="bold">确认</span>大量增加国内公私资源，包括在国家以下一级增加公私资源，酌情辅之以国际援助和外国直接投资，对实现可持续发展和实现可持续发展目标至关重要，确认《2030年可持续发展议程》和《亚的斯亚贝巴行动议程》承认以国家自主原则为重点调动国内资源的核心意义；</p>
        </content>
      </paragraph>
      <paragraph eId="para_22" class="MercuryDocument">
        <num>	8.</num>
        <content eId="para_22__content">
          <p xml:space="preserve">
            <span class="bold">又确认</span>最不发达国家为筹集国内资源和吸引私人投资作出了重大努力，但仍需取得更大进展；</p>
        </content>
      </paragraph>
      <paragraph eId="para_23" class="MercuryDocument">
        <num>	9.</num>
        <content eId="para_23__content">
          <p xml:space="preserve">
            <span class="bold">深为关切</span>尽管最不发达国家需要更多的全球支持，但2018年对这些国家的双边官方发展援助与2017年相比实际下降了3%，而之前2017年与2016年相比曾增加4%，同时对一些国家已达到或超额完成对发展中国家的官方发展援助至少占其国民总收入0.7%的承诺以及对最不发达国家的官方发展援助占其国民总收入0.15%至0.20%的目标表示感谢，敦促所有其他国家加紧努力增加官方发展援助，并为实现官方发展援助目标作出更多具体努力，重申履行所有官方发展援助承诺依然至关重要，促请发达国家履行各自对最不发达国家的官方发展援助承诺，并鼓励官方发展援助提供方考虑制定目标，使其对最不发达国家的官方发展援助至少占国民总收入的0.2%，同时重申包括官方发展援助在内的国际公共资金的一个重要用途是促进从其他公共和私人来源筹集更多的资源；</p>
        </content>
      </paragraph>
      <paragraph eId="para_24" class="MercuryDocument">
        <num>	10.</num>
        <content eId="para_24__content">
          <p xml:space="preserve">
            <span class="bold">感到鼓舞</span>的是有些国家将至少50%的官方发展援助给予最不发达国家；</p>
        </content>
      </paragraph>
      <paragraph eId="para_25" class="MercuryDocument">
        <num>	11.</num>
        <content eId="para_25__content">
          <p xml:space="preserve">
            <span class="bold">欢迎</span>继续努力提高发展合作和其他国际公共融资努力的质量、影响和实效，包括遵循商定的发展合作实效原则；</p>
        </content>
      </paragraph>
      <paragraph eId="para_26" class="MercuryDocument">
        <num>	12.</num>
        <content eId="para_26__content">
          <p xml:space="preserve">
            <span class="bold">促请</span>发展中国家遵循团结精神并根据本国能力，在补充而非取代南北合作的南南合作框架内，支持在共同商定的合作领域有效执行《伊斯坦布尔行动纲领》；</p>
        </content>
      </paragraph>
      <paragraph eId="para_27" class="MercuryDocument">
        <num>	13.</num>
        <content eId="para_27__content">
          <p xml:space="preserve">
            <span class="bold">注意到</span>2018年最不发达国家的货物和服务出口与2017年相比增加了12%，表示关切货物和服务出口所占份额在2018年为0.94%，依然远低于《伊斯坦布尔行动纲领》和可持续发展目标具体目标17.11要求的占全球出口2%的目标，还表示关切最不发达国家的总体贸易赤字继续增加，自2011年以来翻了一番，并促请最不发达国家及其发展伙伴采取必要措施，进一步加快进展，从而实现《行动纲领》和《2030年可持续发展议程》的目标；</p>
        </content>
      </paragraph>
      <paragraph eId="para_28" class="MercuryDocument">
        <num>	14.</num>
        <content eId="para_28__content">
          <p xml:space="preserve">
            <span class="bold">敦促</span>最不发达国家及其发展伙伴利用现有举措和方案，如世界贸易组织关于给予最不发达国家免关税和免配额市场准入及关于对这些国家实行优惠原产地规则的相关部长级决定以及促贸援助倡议，再次承诺增加促贸援助形式的支助、特别是对最不发达国家的支助，努力根据发展合作实效原则，增加分配给最不发达国家的促贸援助比例，欢迎发展中国家相互间为此开展进一步合作，并鼓励最不发达国家将贸易纳入其国家发展计划的主流；</p>
        </content>
      </paragraph>
      <paragraph eId="para_29" class="MercuryDocument">
        <num>	15.</num>
        <content eId="para_29__content">
          <p xml:space="preserve">
            <span class="bold">确认</span>最不发达国家在运输、能源、水、环境卫生及信息和通信技术等领域面对重大基础设施缺口，重申需要促进优质、可靠、可持续和有抵御灾害能力的基础设施，并采取具体行动加强基础设施连通性，在基础设施规划和发展方面最大限度地发挥协同作用；</p>
        </content>
      </paragraph>
      <paragraph eId="para_30" class="MercuryDocument">
        <num>	16.</num>
        <content eId="para_30__content">
          <p xml:space="preserve">
            <span class="bold">强调</span>最不发达国家面临的重大能源缺口严重制约其结构转型，强调指出应特别关注最不发达国家，在联合国人人享有可持续能源十年(2014-2024)的全过程通过专门满足最不发达国家需求的具体方案和多利益攸关方伙伴关系包括联合国能源机制，重点关注这些国家特定的可持续能源挑战，以确保实现到2030年为所有人提供负担得起、可靠、可持续的现代能源的目标，并应对最不发达国家的基础设施需求；</p>
        </content>
      </paragraph>
      <paragraph eId="para_31" class="MercuryDocument">
        <num>	17.</num>
        <content eId="para_31__content">
          <p xml:space="preserve">
            <span class="bold">确认</span>区域经济一体化和互联互通对促进最不发达国家的贸易、包容性增长和可持续发展具有很大潜力，并强调指出必须加强区域合作，以改善连通性和竞争力，提高生产率，降低交易成本并扩大市场，使最不发达国家能够融入区域和全球价值链；</p>
        </content>
      </paragraph>
      <paragraph eId="para_32" class="MercuryDocument">
        <num>	18.</num>
        <content eId="para_32__content">
          <p xml:space="preserve">
            <span class="bold">又确认</span>保持可持续的债务水平是借款国的责任，同时承认贷款国也有责任采用不削弱国家债务可持续性的方式贷款，回顾需要加强信息分享和透明度，确保债务可持续性评估以全面、客观和可靠的数据为依据，鼓励会员国在现有举措基础上，力求就主权借贷中的债务人和债权人责任准则达成全球共识和最佳做法，并着重指出最不发达国家债务可持续性框架应系统考虑到这些国家在执行可持续发展目标方面的结构制约和长期投资需求；</p>
        </content>
      </paragraph>
      <paragraph eId="para_33" class="MercuryDocument">
        <num>	19.</num>
        <content eId="para_33__content">
          <p xml:space="preserve">
            <span class="bold">表示深为关切</span>一些最不发达国家深陷债务困扰或极有可能陷入债务困扰，<authorialNote marker="11" placement="bottom" eId="authorialNote_11"><p xml:space="preserve">		见国际货币基金组织，债务可持续性分析：低收入国家。</p></authorialNote> 偿债额与出口的比率急剧恶化，从2008年的4.2%升至2018年的9.4%，着重指出迫切需要解决最不发达国家的债务问题，强调指出国际社会需要在监测最不发达国家的债务状况方面保持警觉，并继续采取有效措施，最好在可适用的现有框架内采取有效措施，解决这些国家的债务问题，包括实行协调一致的政策，针对最不发达国家对公共和私人债权人欠下的多边和双边债务酌情促进债务融资、债务减免、债务重组和有效债务管理，重申将致力于通过重债穷国倡议和多边减债倡议等现有倡议开展工作，并重申债务管理透明的重要性；</p>
        </content>
      </paragraph>
      <paragraph eId="para_34" class="MercuryDocument">
        <num>	20.</num>
        <content eId="para_34__content">
          <p xml:space="preserve">
            <span class="bold">注意到</span>流入最不发达国家的外国直接投资在2017年和2016年连续两年分别下降17%和13%之后，2018年比2017年增加了15%，而且继续集中于采掘和相关产业，着重指出需要在所有各级采取必要措施，进一步加快对最不发达国家的外国直接投资；</p>
        </content>
      </paragraph>
      <paragraph eId="para_35" class="MercuryDocument">
        <num>	21.</num>
        <content eId="para_35__content">
          <p xml:space="preserve">
            <span class="bold">鼓励</span>最不发达国家根据本国计划和优先事项并在其发展伙伴的充分支持下发展自身能力，以跟踪金融交易情况，管理税收，规范海关作业，并加倍努力，通过加强国家法规打击逃税和腐败等手段，至迟在2030年大幅减少非法资金流动，以期最终消除非法资金流动，又鼓励联合国和其他相关国际机构根据各自的任务规定帮助支持这些努力；</p>
        </content>
      </paragraph>
      <paragraph eId="para_36" class="MercuryDocument">
        <num>	22.</num>
        <content eId="para_36__content">
          <p xml:space="preserve">
            <span class="bold">回顾</span>可持续发展目标具体目标17.5，其中大会决定采用和实施对最不发达国家的投资促进制度，着重指出需要早日实施这一具体目标，邀请秘书长以联合国系统行政首长协调理事会主席的身份，将最不发达国家投资促进制度问题继续列入理事会议程，以加强联合国系统支助的总体效力，从而增加流向最不发达国家的外国直接投资，并增强这些国家吸引这类投资的能力，在这方面回顾最不发达国家、内陆发展中国家和小岛屿发展中国家高级代表办公室与联合国贸易和发展会议、联合国工业发展组织、国际劳工组织、《强化综合框架》和世界投资促进机构协会联合为最不发达国家的投资促进机构制定一项能力发展方案的举措，呼吁为落实这一方案提供财政支助；</p>
        </content>
      </paragraph>
      <paragraph eId="para_37" class="MercuryDocument">
        <num>	23.</num>
        <content eId="para_37__content">
          <p xml:space="preserve">
            <span class="bold">	注意到</span>最不发达国家技术库的工作对于改善此类国家的科学研究和创新基础、促进研究人员和研究机构之间建立联系、帮助此类国家获取和利用关键技术、汇集多边机构和私营部门的双边倡议和支持以及实施有助于利用科学、技术和创新促进最不发达国家经济发展的项目具有重要意义，表示赞赏地注意到孟加拉国、几内亚、印度、挪威和土耳其作出的捐助以及苏丹作出的认捐，并邀请会员国以及国际组织、基金会和私营部门向技术库提供自愿财政捐助和技术援助，以确保其有效运作；</p>
        </content>
      </paragraph>
      <paragraph eId="para_38" class="MercuryDocument">
        <num>	24.</num>
        <content eId="para_38__content">
          <p xml:space="preserve">
            <span class="bold">表示深为关切</span>由于气候风险迅速升级和存在严重的能力制约，最不发达国家正面临前所未有的挑战，受到气候变化不利影响的程度格外严重，并格外受到次数增多的自然灾害和人为灾害的影响，进一步威胁粮食安全、健康以及消除贫困和实现可持续发展目标的努力，表示关切妇女和女童受气候变化和其他环境问题的影响往往格外严重；</p>
        </content>
      </paragraph>
      <paragraph eId="para_39" class="MercuryDocument">
        <num>	25.</num>
        <content eId="para_39__content">
          <p xml:space="preserve">
            <span class="bold">欢迎</span>秘书长于2019年9月23日召开气候行动峰会，并注意到峰会期间提出的多伙伴倡议和作出的承诺；</p>
        </content>
      </paragraph>
      <paragraph eId="para_40" class="MercuryDocument">
        <num>	26.</num>
        <content eId="para_40__content">
          <p xml:space="preserve">
            <span class="bold">认识到</span>灾害严重阻碍可持续发展取得进展，其中许多灾害因气候变化而加剧，而且次数和强度增加，又确认执行《巴黎协定》与执行《2030年可持续发展议程》两者间的协同效应，认识到必须继续支持为适应和缓解气候变化及加强复原力而做出的努力并为此加强国际合作，强调指出必须从各种来源包括从公共和私营部门获得充足和可预测的财政资源，并重点指出发展中国家、尤其是特别易受气候变化不利影响的发展中国家的具体需要和特殊情况，确认有效管理灾害风险有助于可持续发展，并在这方面着重指出必须加强减少灾害风险和强化预警系统，以便最大限度地减少灾害后果；</p>
        </content>
      </paragraph>
      <paragraph eId="para_41" class="MercuryDocument">
        <num>	27.</num>
        <content eId="para_41__content">
          <p xml:space="preserve">
            <span class="bold">着重指出</span>需要减少最不发达国家遭受经济、自然和环境冲击和灾害以及气候变化影响的脆弱性，通过加强其复原力提高它们应对这些挑战和其他挑战的能力，在这方面强调指出所有国家和其他行为体必须携手努力，按照《伊斯坦布尔行动纲领》的商定条款，在国家和国际两级进一步紧急制定和实施具体措施，以增强最不发达国家抵御经济冲击的复原力和减轻其不利影响，抵御和克服气候变化的不利影响，促进可持续增长和保护生物多样性，并抵御自然灾患以减少灾害风险；</p>
        </content>
      </paragraph>
      <paragraph eId="para_42" class="MercuryDocument">
        <num>	28.</num>
        <content eId="para_42__content">
          <p xml:space="preserve">
            <span class="bold">又着重指出</span>需要应对气候变化对经济、社会和环境的影响，强调需要采取国家和国际行动，进一步努力建设复原力，特别为最弱势群体建设复原力，包括为此将复原力纳入投资决策的主流，通过可持续管理生态系统和价值链建设复原力，建设保健系统的复原力，并为减少自然灾害的影响和代价而建设复原力；</p>
        </content>
      </paragraph>
      <paragraph eId="para_43" class="MercuryDocument">
        <num>	29.</num>
        <content eId="para_43__content">
          <p xml:space="preserve">
            <span class="bold">还着重指出</span>如秘书长关于最不发达国家的危机缓解和抵御力建设的报告<authorialNote marker="12" placement="bottom" eId="authorialNote_12"><p xml:space="preserve"><a href="https://undocs.org/ch/A/72/270">A/72/270</a>。</p></authorialNote> 所详述，为最不发达国家建设复原力的举措必须加强协调和效力，为此要利用国家、区域和全球层面的现有措施，以应对各种灾害和冲击；</p>
        </content>
      </paragraph>
      <paragraph eId="para_44" class="MercuryDocument">
        <num>	30.</num>
        <content eId="para_44__content">
          <p xml:space="preserve">
            <span class="bold">鼓励</span>各国按照《仙台框架》的目标(e)，在2020年前制定国家和地方的减少灾害风险战略，确认必须促使这些战略与可持续发展和气候变化适应战略保持一致并彼此结合，又确认在2020年前制定气候变化适应战略和减少灾害风险国家战略是最大限度地发挥可持续发展目标、《巴黎协定》和《仙台框架》之间协同增效作用的机会，在这方面呼吁在审查和贯彻《伊斯坦布尔行动纲领》时考虑减少灾害风险；</p>
        </content>
      </paragraph>
      <paragraph eId="para_45" class="MercuryDocument">
        <num>	31.</num>
        <content eId="para_45__content">
          <p xml:space="preserve">
            <span class="bold">再次呼吁</span>大力加强与发展中国家的国际合作，提供充足和可持续的支持，补充发展中国家在2030年前实施《仙台框架》的国家行动；</p>
        </content>
      </paragraph>
      <paragraph eId="para_46" class="MercuryDocument">
        <num>	32.</num>
        <content eId="para_46__content">
          <p xml:space="preserve">
            <span class="bold">着重指出</span>和平和包容性社会对实现可持续发展目标的重要性，回顾《伊斯坦布尔行动纲领》的各项目标：加强各级善治，为此强化民主进程，建设有效、问责和包容的机构和法治；提高效率、一致性、透明度和参与度；促进性别平等以及增强妇女和女童的权能；保护和促进人权和基本自由；减少腐败和遏制非法资金流动；并加强最不发达国家政府的能力，以期在经济和社会发展中发挥有效作用；</p>
        </content>
      </paragraph>
      <paragraph eId="para_47" class="MercuryDocument">
        <num>	33.</num>
        <content eId="para_47__content">
          <p xml:space="preserve">
            <span class="bold">认识到</span>必须发展最不发达国家的国内资本市场，此举可有助于把越来越多的国内储蓄用于生产性投资，重申致力于加强国际社会对发展中国家特别是最不发达国家发展国内资本市场的支持，又重申致力于努力增强这一领域的能力建设，包括举办促进以彼此商定的条件进行知识交流、技术援助和数据共享的区域、区域间和全球论坛；</p>
        </content>
      </paragraph>
      <paragraph eId="para_48" class="MercuryDocument">
        <num>	34.</num>
        <content eId="para_48__content">
          <p xml:space="preserve">
            <span class="bold">重申</span>实现性别平等、增强所有妇女和女童的权能以及充分实现所有人的人权对实现持续、包容和公平的经济增长和可持续发展至关重要，重申需要使性别平等主流化，包括在制订和执行最不发达国家的所有金融、经济、环境和社会政策方面有针对性地采取行动和进行投资；</p>
        </content>
      </paragraph>
      <paragraph eId="para_49" class="MercuryDocument">
        <num>	35.</num>
        <content eId="para_49__content">
          <p xml:space="preserve">
            <span class="bold">关切地注意到</span>最不发达国家人口持续快速增长，目前年增长率为2.3%，预计2019年至2050年期间许多国家的人口将增加一倍，注意到最不发达国家15至24岁的青少年人数预计将从2019年的2.07亿增至2050年的3.36亿，强调必须将人口动态纳入国家发展战略和计划，以便针对即将加入劳动力队伍的年轻人的健康和现代科学教育进行投资，从而确保他们成功融入劳动力市场，并利用人口红利带来的机会；</p>
        </content>
      </paragraph>
      <paragraph eId="para_50" class="MercuryDocument">
        <num>	36.</num>
        <content eId="para_50__content">
          <p xml:space="preserve">
            <span class="bold">确认</span>需要作出特别努力，确保包括女童在内的所有年轻人享有终生学习机会和平等获得各级优质教育，包括幼儿、小学、中学和高等教育以及技术和职业培训，在这方面关切地注意到在弥合获得、继续和完成中等教育的性别差距方面缺乏进展，认识到需要继续酌情提供并鼓励高等教育机构为最不发达国家的学生和受训人员分配名额和奖学金，特别在科学、技术、商业管理和经济领域这样做，并在全球、区域和国家各级加强对性别平等和增强妇女权能相关机构的支持，确认最不发达国家最能从可持续发展以及充分发挥本国人民包括妇女和女童的技能和才能中获益；</p>
        </content>
      </paragraph>
      <paragraph eId="para_51" class="MercuryDocument">
        <num>	37.</num>
        <content eId="para_51__content">
          <p xml:space="preserve">
            <span class="bold">又确认</span>提高参与度、支持增强民间社会、青年和妇女的权能以及加强集体行动将有助于消除贫困和实现可持续发展；</p>
        </content>
      </paragraph>
      <paragraph eId="para_52" class="MercuryDocument">
        <num>	38.</num>
        <content eId="para_52__content">
          <p xml:space="preserve">
            <span class="bold">祝贺</span>已经达到毕业标准的最不发达国家，赞赏地注意到若干最不发达国家表示打算至迟在2020年进入毕业状态，邀请这些国家开始制定毕业和过渡战略，并请联合国系统所有相关组织在高级代表办公室牵头下，以协调一致方式为此提供必要支助；</p>
        </content>
      </paragraph>
      <paragraph eId="para_53" class="MercuryDocument">
        <num>	39.</num>
        <content eId="para_53__content">
          <p xml:space="preserve">
            <span class="bold">承认</span>一个国家的毕业象征着该国克服社会经济发展的结构性障碍取得了显著而长期的社会经济进步，但这也为已毕业国家带来许多挑战，因其继续面临容易受到各种冲击和危机影响的问题；</p>
        </content>
      </paragraph>
      <paragraph eId="para_54" class="MercuryDocument">
        <num>	40.</num>
        <content eId="para_54__content">
          <p xml:space="preserve">
            <span class="bold">邀请</span>最不发达国家和发展伙伴酌情将毕业和平稳过渡战略纳入各自的国家发展和援助战略，包括能力建设和技术援助，从而使资金来源多样化；</p>
        </content>
      </paragraph>
      <paragraph eId="para_55" class="MercuryDocument">
        <num>	41.</num>
        <content eId="para_55__content">
          <p xml:space="preserve">
            <span class="bold">赞赏地注意到</span>一些发展伙伴考虑到已毕业国家继续面临的挑战，延长了向这些国家提供的最不发达国家特有的一些惠益，邀请所有发展伙伴加强对毕业和平稳过渡的支助，从而使正在毕业和近期毕业国家的发展轨迹尽量少受干扰；</p>
        </content>
      </paragraph>
      <paragraph eId="para_56" class="MercuryDocument">
        <num>	42.</num>
        <content eId="para_56__content">
          <p xml:space="preserve">
            <span class="bold">邀请</span>那些被认定有资格毕业的国家根据大会第<a href="https://undocs.org/ch/A/RES/67/221">67/221</a>号决议建立协商机制，以便让所有相关捐助方和利益攸关方参与其中，尽早制定过渡战略；</p>
        </content>
      </paragraph>
      <paragraph eId="para_57" class="MercuryDocument">
        <num>	43.</num>
        <content eId="para_57__content">
          <p xml:space="preserve">
            <span class="bold">确认</span>需要进一步协调和统筹秘书处内开展的与最不发达国家有关的活动，以确保在高级代表办公室牵头下有效开展《伊斯坦布尔行动纲领》的监测工作和后续行动，并为实现至迟在2020年使半数最不发达国家达到毕业标准的目标提供协调一致的支持；</p>
        </content>
      </paragraph>
      <paragraph eId="para_58" class="MercuryDocument">
        <num>	44.</num>
        <content eId="para_58__content">
          <p xml:space="preserve">
            <span class="bold">欢迎</span>由高级代表办公室牵头的最不发达国家机构间协商小组的工作，注意到联合国系统行政首长协调理事会和方案问题高级别委员会为支持全系统协调和后续落实《伊斯坦布尔行动纲领》所采取的步骤，再次邀请秘书长以行政首长协调理事会主席的身份将落实《行动纲领》列入理事会议程；</p>
        </content>
      </paragraph>
      <paragraph eId="para_59" class="MercuryDocument">
        <num>	45.</num>
        <content eId="para_59__content">
          <p xml:space="preserve">
            <span class="bold">赞赏地欢迎并接受</span>卡塔尔政府慷慨提议在多哈主办第五次联合国最不发达国家问题会议；</p>
        </content>
      </paragraph>
      <paragraph eId="para_60" class="MercuryDocument">
        <num>	46.</num>
        <content eId="para_60__content">
          <p xml:space="preserve">
            <span class="bold">决定</span>按照大会第<a href="https://undocs.org/ch/A/RES/73/242">73/242</a>号决议的任务规定，于2021年3月21日至25日在多哈在尽可能高的级别举行第五次联合国最不发达国家问题会议，包括邀请国家元首和政府首脑；</p>
        </content>
      </paragraph>
      <paragraph eId="para_61" class="MercuryDocument">
        <num>	47.</num>
        <content eId="para_61__content">
          <p xml:space="preserve">
            <span class="bold">又决定</span>大会第<a href="https://undocs.org/ch/A/RES/73/242">73/242</a>号决议第43段商定的政府间筹备委员会会议将分两部分于2020年7月27日至30日和2021年1月11日至15日在纽约举行，每次为期不超过5个工作日；</p>
        </content>
      </paragraph>
      <paragraph eId="para_62" class="MercuryDocument">
        <num>	48.</num>
        <content eId="para_62__content">
          <p xml:space="preserve">
            <span class="bold">还决定</span>设立筹备委员会主席团，由每个区域集团两名成员组成，东道国卡塔尔和最不发达国家集团主席马拉维将担任主席团当然成员，还决定主席团将由两个会员国担任共同主席，一个为发达国家，另一个为发展中国家；</p>
        </content>
      </paragraph>
      <paragraph eId="para_63" class="MercuryDocument">
        <num>	49.</num>
        <content eId="para_63__content">
          <p xml:space="preserve">
            <span class="bold">邀请</span>卡塔尔在高级代表办公室的协助下，在现有任务规定和资源范围内，在第五次联合国最不发达国家问题会议期间主办某一部分，纪念最不发达国家集团成立50周年，并鼓励会员国的相关代表参加有关活动；</p>
        </content>
      </paragraph>
      <paragraph eId="para_64" class="MercuryDocument">
        <num>	50.</num>
        <content eId="para_64__content">
          <p xml:space="preserve">
            <span class="bold">邀请</span>秘书长在第五次联合国最不发达国家问题会议期间召集一次联合国系统高级别活动，以确保充分动员联合国系统支持最不发达国家；</p>
        </content>
      </paragraph>
      <paragraph eId="para_65" class="MercuryDocument">
        <num>	51.</num>
        <content eId="para_65__content">
          <p xml:space="preserve">
            <span class="bold">请</span>大会主席和经济及社会理事会主席在2020年上半年组织一次为期半天的特别专题活动，以便为第五次联合国最不发达国家问题会议提供实质性投入；</p>
        </content>
      </paragraph>
      <paragraph eId="para_66" class="MercuryDocument">
        <num>	52.</num>
        <content eId="para_66__content">
          <p xml:space="preserve">
            <span class="bold">强调</span>包括议员、民间社会和私营部门在内的所有相关利益攸关方有效参与第五次联合国最不发达国家问题会议及其筹备进程的重要性，并决定：</p>
        </content>
      </paragraph>
      <paragraph eId="para_67" class="MercuryDocument">
        <content eId="para_67__content">
          <p xml:space="preserve">	(a)	邀请具有经济及社会理事会咨商地位的非政府组织在秘书处登记，以便参加第五次联合国最不发达国家问题会议及其筹备进程；</p>
        </content>
      </paragraph>
      <paragraph eId="para_68" class="MercuryDocument">
        <content eId="para_68__content">
          <p xml:space="preserve">	(b)	请大会主席考虑透明度和公平地域代表性原则，并适当考虑妇女参加，拟定一份可作为观察员参加第五次联合国最不发达国家问题会议及其筹备进程的其他相关非政府组织、民间社会组织、学术机构和私营部门代表的名单，并将拟议名单提交会员国无异议审议，并提请大会注意该名单；<authorialNote marker="13" placement="bottom" eId="authorialNote_13"><p xml:space="preserve">		将提请大会注意拟议名单和最终名单。如果某个姓名遭到反对，提出反对的会员国将在自愿的基础上向大会主席办公室通报其反对的一般依据，该办公室将应任何会员国的请求与它们分享收到的任何信息。</p></authorialNote></p>
        </content>
      </paragraph>
      <paragraph eId="para_69" class="MercuryDocument">
        <num>	53.</num>
        <content eId="para_69__content">
          <p xml:space="preserve">
            <span class="bold">请</span>联合国系统各机关、组织、基金和方案在各自主管领域对《伊斯坦布尔行动纲领》的执行情况进行部门评估，特别注重执行仍然不足的领域，并在必要时提出新的措施，作为对第五次联合国最不发达国家问题会议筹备工作的进一步投入，并在这方面申明应召开适当的机构间会议，以确保根据各自的任务规定，对整个联合国系统，包括联合国开发计划署、联合国贸易和发展会议、世界银行集团、国际货币基金组织以及区域机构进行充分动员和协调；</p>
        </content>
      </paragraph>
      <paragraph eId="para_70" class="MercuryDocument">
        <num>	54.</num>
        <content eId="para_70__content">
          <p xml:space="preserve">
            <span class="bold">决定</span>由高级代表办公室根据大会2001年12月24日第<a href="https://undocs.org/ch/A/RES/56/227">56/227</a>号决议规定的任务担任会议实质性和组织性筹备工作协调中心，以确保有效开展上述筹备工作，并动员和协调整个联合国系统积极参与；</p>
        </content>
      </paragraph>
      <paragraph eId="para_71" class="MercuryDocument">
        <num>	55.</num>
        <content eId="para_71__content">
          <p xml:space="preserve">
            <span class="bold">又决定</span>副秘书长兼最不发达国家、内陆发展中国家和小岛屿发展中国家高级代表应担任第五次联合国最不发达国家问题会议秘书长，并负责为会议工作作出必要安排；</p>
        </content>
      </paragraph>
      <paragraph eId="para_72" class="MercuryDocument">
        <num>	56.</num>
        <content eId="para_72__content">
          <p xml:space="preserve">
            <span class="bold">重申</span>最不发达国家充分有效地参与第五次联合国最不发达国家问题会议及其在国家、区域和全球各级的筹备进程至关重要，强调应提供充足的资源，并在这方面请秘书长动员自愿捐款，以支付最不发达国家政府代表参加会议的费用；</p>
        </content>
      </paragraph>
      <paragraph eId="para_73" class="MercuryDocument">
        <num>	57.</num>
        <content eId="para_73__content">
          <p xml:space="preserve">
            <span class="bold">邀请</span>各国政府、政府间组织和非政府组织、主要群体和其他捐助方及时向支助高级代表办公室工作的信托基金捐款，以支持《伊斯坦布尔行动纲领》的执行、后续落实和监测工作，支持最不发达国家的代表参加经济及社会理事会可持续发展高级别政治论坛和其他相关论坛以及第五次联合国最不发达国家问题会议及其筹备进程，在这方面感谢已向信托基金自愿捐款的国家；</p>
        </content>
      </paragraph>
      <paragraph eId="para_74" class="MercuryDocument">
        <num>	58.</num>
        <content eId="para_74__content">
          <p xml:space="preserve">
            <span class="bold">请</span>秘书长在包括秘书处全球传播部在内的联合国系统有关组织和机构的协助下，与高级代表办公室协作，采取必要措施，加强新闻工作和其他适当举措，提高公众对第五次联合国最不发达国家问题会议的认识，包括强调会议的目标和意义；</p>
        </content>
      </paragraph>
      <paragraph eId="para_75" class="MercuryDocument">
        <num>	59.</num>
        <content eId="para_75__content">
          <p xml:space="preserve">
            <span class="bold">又请</span>秘书长向大会第七十五届会议提交关于过去十年《伊斯坦布尔行动纲领》执行情况的报告，除其他外，查明在实现《行动纲领》各项目标方面取得的进展、吸取的教训和最佳做法以及结构性制约因素和遇到的障碍，并决定在大会第七十五届会议临时议程题为“各特殊处境国家组”的项目下，列入题为“第四次联合国最不发达国家问题会议的后续行动”的分项。</p>
        </content>
      </paragraph>
    </mainBody>
    <conclusions eId="conclusions">
      <p>
        <inline name="adoptionMeeting" title="第52次">第52次全体会议</inline>
        <eol />
        <docDate date="2019-12-19" refersTo="#adoptionDate">2019年12月19日</docDate>
      </p>
    </conclusions>
  </statement>
</akomaNtoso>