<akomaNtoso xmlns:xsi="http://www.w3.org/2001/XMLSchema-instance" xsi:schemaLocation="http://docs.oasis-open.org/legaldocml/ns/akn/3.0 http://docs.oasis-open.org/legaldocml/akn-core/v1.0/os/part2-specs/schemas/akomantoso30.xsd" xmlns="http://docs.oasis-open.org/legaldocml/ns/akn/3.0" xmlns:html="http://www.w3.org/1999/xhtml" xmlns:akn4un="http://un.org/akn4un">
  <statement name="resolution">
    <meta>
      <identification source="#DGACM">
        <FRBRWork>
          <FRBRthis value="/akn/un/statement/deliberation/unga/2019-12-19/74-211/!main/"></FRBRthis>
          <FRBRuri value="/akn/un/statement/deliberation/unga/2019-12-19/74-211/"></FRBRuri>
          <FRBRdate date="2019-12-19" name="adoption"></FRBRdate>
          <FRBRauthor href="ga" as="author"></FRBRauthor>
          <FRBRcountry value="un"></FRBRcountry>
        </FRBRWork>
        <FRBRExpression>
          <FRBRthis value="/akn/un/statement/deliberation/unga/2019-12-19/74-211/zho@!main/"></FRBRthis>
          <FRBRuri value="/akn/un/statement/deliberation/unga/2019-12-19/74-211/zho@/"></FRBRuri>
          <FRBRdate date="2020-01-15" name="publication"></FRBRdate>
          <FRBRauthor href="ga" as="issuer"></FRBRauthor>
          <FRBRlanguage language="zho"></FRBRlanguage>
        </FRBRExpression>
        <FRBRManifestation>
          <FRBRthis value="/akn/un/statement/deliberation/unga/2019-12-19/74-211/zho@/!main.xml"></FRBRthis>
          <FRBRuri value="/akn/un/statement/deliberation/unga/2019-12-19/74-211/zho@.xml"></FRBRuri>
          <FRBRdate date="2020-09-01" name="markup"></FRBRdate>
          <FRBRauthor href="DGACM" as="editor"></FRBRauthor>
        </FRBRManifestation>
      </identification>
      <classification source="http://metadata.un.org/sdg">
        <keyword value="17" href="http://metadata.un.org/sdg/17" showAs="sdg_17" dictionary="SDGO"></keyword>
        <keyword value="sustainable_development" href="http://eurovoc.europa.eu/5585" showAs="sustainable_development" dictionary="EuroVoc"></keyword>
        <keyword value="partnership" href="http://eurovoc.europa.eu/4199" showAs="partnership" dictionary="EuroVoc"></keyword>
        <keyword value="sustainable_development" href="http://metadata.un.org/thesaurus/1006319" showAs="sustainable_development" dictionary="UNBIS Thesaurus"></keyword>
        <keyword value="partnership" href="http://metadata.un.org/thesaurus/1004748" showAs="partnership" dictionary="UNBIS Thesaurus"></keyword>
      </classification>
      <classification source="http://metadata.un.org/sdg">
        <keyword value="16" href="http://metadata.un.org/sdg/16" showAs="sdg_16" dictionary="SDGO"></keyword>
        <keyword value="right_to_justice" href="http://eurovoc.europa.eu/516" showAs="right_to_justice" dictionary="EuroVoc"></keyword>
        <keyword value="sustainable_development" href="http://eurovoc.europa.eu/5585" showAs="sustainable_development" dictionary="EuroVoc"></keyword>
        <keyword value="civil_society" href="http://metadata.un.org/thesaurus/1001012" showAs="civil_society" dictionary="UNBIS Thesaurus"></keyword>
        <keyword value="justice" href="http://metadata.un.org/thesaurus/1003500" showAs="justice" dictionary="UNBIS Thesaurus"></keyword>
        <keyword value="peaceful_coexistence" href="http://metadata.un.org/thesaurus/1004777" showAs="peaceful_coexistence" dictionary="UNBIS Thesaurus"></keyword>
        <keyword value="public_institutions" href="http://metadata.un.org/thesaurus/1005254" showAs="public_institutions" dictionary="UNBIS Thesaurus"></keyword>
        <keyword value="social_justice" href="http://metadata.un.org/thesaurus/1005970" showAs="social_justice" dictionary="UNBIS Thesaurus"></keyword>
        <keyword value="sustainable_development" href="http://metadata.un.org/thesaurus/1006319" showAs="sustainable_development" dictionary="UNBIS Thesaurus"></keyword>
      </classification>
      <classification source="http://metadata.un.org/sdg">
        <keyword value="15" href="http://metadata.un.org/sdg/15" showAs="sdg_15" dictionary="SDGO"></keyword>
        <keyword value="deforestation" href="http://eurovoc.europa.eu/339" showAs="deforestation" dictionary="EuroVoc"></keyword>
        <keyword value="desertification" href="http://eurovoc.europa.eu/416" showAs="desertification" dictionary="EuroVoc"></keyword>
        <keyword value="biodiversity" href="http://eurovoc.europa.eu/5463" showAs="biodiversity" dictionary="EuroVoc"></keyword>
        <keyword value="land,_plant_and_soil_resources" href="http://metadata.un.org/thesaurus/030600" showAs="land,_plant_and_soil_resources" dictionary="UNBIS Thesaurus"></keyword>
        <keyword value="deforestation" href="http://metadata.un.org/thesaurus/1001550" showAs="deforestation" dictionary="UNBIS Thesaurus"></keyword>
      </classification>
      <classification source="http://metadata.un.org/sdg">
        <keyword value="1" href="http://metadata.un.org/sdg/1" showAs="sdg_1" dictionary="SDGO"></keyword>
        <keyword value="poverty" href="http://eurovoc.europa.eu/2281" showAs="poverty" dictionary="EuroVoc"></keyword>
        <keyword value="poverty" href="http://metadata.un.org/thesaurus/1005064" showAs="poverty" dictionary="UNBIS Thesaurus"></keyword>
        <keyword value="poverty_mitigation" href="http://metadata.un.org/thesaurus/1005065" showAs="poverty_mitigation" dictionary="UNBIS Thesaurus"></keyword>
      </classification>
      <workflow source="#un">
        <step date="2019-11-20" outcome="draftResolution" as="A/C.2/74/L.33/Rev.1" by="Afghanistan, Belize, Costa Rica, Dominican Republic, El Salvador, Eswatini, Georgia, Guatemala, Haiti, Honduras, Indonesia, Mauritius, Nicaragua, Panama and Turkmenistan" />
        <step date="0001-01-01" outcome="draftResolutionAdditionalSponsors" by="Argentina, Barbados, Bolivia (Plurinational State of), Bosnia and Herzegovina, Brazil, Canada, Chile, Colombia, Comoros, Ecuador, Ireland, Israel, Maldives, Mexico, Morocco, Namibia, Norway, Paraguay, Peru, Republic of Moldova, Singapore, Sri Lanka, Suriname, Uruguay, Uzbekistan" />
        <step date="0001-01-01" outcome="recommendedForAdoption" as="A/74/381" by="" refersTo="57" />
        <step date="2019-12-19" outcome="adopted" as="A/74/PV.52" by="" />
      </workflow>
      <analysis source="#un">
        <parliamentary>
          <voting outcome="adoptedWithoutVote">
            <quorum value=""></quorum>
          </voting>
        </parliamentary>
      </analysis>
      <references source="#DGACM">
        <TLCOrganization eId="source" href="/akn/ontology/organization/un/DGACM" showAs="DGACM"></TLCOrganization>
        <TLCConcept eId="dateOfIssuance" href="/akn/ontology/concept/un/dateOfIssuance" showAs="Date of issuance"></TLCConcept>
        <TLCConcept eId="dateOfAdoption" href="/akn/ontology/concept/un/dateOfAdoption" showAs="Date of adoption"></TLCConcept>
        <TLCConcept eId="symbol" href="/akn/ontology/reference/un/symbol" showAs="Symbol"></TLCConcept>
        <TLCRole eId="publisher" href="/akn/ontology/role/un/publisher" showAs="Publisher"></TLCRole>
        <TLCRole eId="issuingBody" href="/akn/role/concept/un/issuingBody" showAs="Issuing body"></TLCRole>
        <TLCRole eId="author" href="/akn/ontology/role/un/author" showAs="Author"></TLCRole>
        <TLCRole eId="editor" href="/akn/ontology/role/un/editor" showAs="Editor"></TLCRole>
        <TLCRole eId="distribution" href="/akn/ontology/concept/un/generalDistribution" showAs="General distribution"></TLCRole>
        <TLCOrganization eId="ga" href="/akn/ontology/organization/un/generalAssembly" showAs="General Assembly"></TLCOrganization>
        <TLCTerm eId="resolutionTitle" href="/akn/ontology/reference/un/resolutionTitle" showAs="Resolution title"></TLCTerm>
        <TLCTerm eId="secondCommittee" href="#secondCommittee" showAs="第二委员会"></TLCTerm>
        <TLCTerm eId="memberState" href="/akn/ontology/organization/un/memberState" showAs="Member State"></TLCTerm>
        <TLCTerm eId="inFavour" href="/akn/ontology/concept/un/voting/inFavour" showAs="In favour"></TLCTerm>
        <TLCTerm eId="against" href="/akn/ontology/concept/un/voting/against" showAs="Against"></TLCTerm>
        <TLCTerm eId="abstaining" href="/akn/ontology/concept/un/voting/abstaining" showAs="Abstaining"></TLCTerm>
      </references>
      <presentation source="#un">
        <akn4un:footerFirstPage>
          <akn4un:footerFirstPageLeft>
            <akn4un:internalCode>
              <docketNumber refersTo="#publicationJobNumber">19-22424 (C)</docketNumber>
              <img alt="bar code" class="barCode" src=""></img>
            </akn4un:internalCode>
          </akn4un:footerFirstPageLeft>
          <akn4un:footerFirstPageRight>
            <img alt="Please recycle" class="image" src="./recylcleLogo.jpg"></img>
            <img alt="embedded QR code" class="qrCode" src=""></img>
          </akn4un:footerFirstPageRight>
        </akn4un:footerFirstPage>
      </presentation>
    </meta>
    <coverPage eId="coverPage_1">
      <p>
        <span refersTo="#publisher" class="upperLeft">
          <docAuthority refersTo="#publisher">联合国</docAuthority>
        </span>
      </p>
      <p class="upperRight">
        <docNumber refersTo="#symbol">A/RES/74/211</docNumber>
      </p>
      <p class="upperLeft">
        <img src="logo-un.jpg"></img>
        <docAuthority refersTo="#issuingBody" class="rightBig">大会</docAuthority>
      </p>
      <p>
        <docStatus refersTo="#generalDistribution" class="rightSmall">Distr.: General</docStatus>
      </p>
      <p>
        <docDate date="2020-01-15" class="rightSmall" refersTo="#dateOfIssuance">15 January 2020</docDate>
      </p>
      <p>
        <session refersTo="#generalAssembly" value="74" eId="coverPage_1__session_1">第七十四届会议</session>
      </p>
      <p>
        <inline name="agenda item">议程项目19</inline>
      </p>
      <p>
        <inline name="agenda item name">可持续发展</inline>
      </p>
      <p>
        <docTitle>2019年12月19日大会决议</docTitle>
      </p>
      <p xml:space="preserve">
        <docProponent refersTo="#secondCommittee">[根据第二委员会的报告 (<inline name="originating document">A/74/381</inline>)]</docProponent>
      </p>
    </coverPage>
    <preface>
      <p>
        <docNumber>74/211.</docNumber>
        <docTitle refersTo="#resolutionTitle">中美洲的可持续旅游业和可持续发展</docTitle>
      </p>
    </preface>
    <preamble>
      <formula name="enactingFormula" eId="formula_1">
        <p xml:space="preserve">
          <span class="bold">大会</span>，</p>
      </formula>
      <container name="回顾" eId="container_2">
        <p xml:space="preserve">
          <span class="bold">回顾</span>其2013年12月20日第<a href="https://undocs.org/ch/A/RES/68/207">68/207</a>号、2015年12月22日第<a href="https://undocs.org/ch/A/RES/70/196">70/196</a>号和2017年12月20日第<a href="https://undocs.org/ch/A/RES/72/214">72/214</a>号决议，以及关于这一事项的所有相关宣言和会议，</p>
      </container>
      <container name="重申" eId="container_3">
        <p xml:space="preserve">
          <span class="bold">重申</span>其题为“变革我们的世界：2030年可持续发展议程”的2015年9月25日第<a href="https://undocs.org/ch/A/RES/70/1">70/1</a>号决议，其中大会通过了一套全面、意义深远和以人为中心的具有普遍性和变革性的可持续发展目标和具体目标，承诺做出不懈努力，使这一议程在2030年前得到全面执行，认识到消除一切形式和表现的贫困，包括消除极端贫困，是世界的最大挑战，对实现可持续发展必不可少，并决心采用统筹兼顾的方式，从经济、社会和环境这三个方面实现可持续发展，在巩固实施千年发展目标成果的基础上，争取完成它们尚未完成的事业，</p>
      </container>
      <container name="又重申" eId="container_4">
        <p xml:space="preserve">
          <span class="bold">	又重申</span>其关于《第三次发展筹资问题国际会议亚的斯亚贝巴行动议程》的2015年7月27日第<a href="https://undocs.org/ch/A/RES/69/313">69/313</a>号决议，该议程是《2030年可持续发展议程》的组成部分，支持和补充《2030年议程》，有助于将其执行手段的具体目标与具体政策和行动联系起来，并再次作出强有力的政治承诺，本着全球伙伴关系和团结精神应对挑战，在各级为可持续发展筹措资金和创造有利环境，</p>
      </container>
      <container name="还重申" eId="container_5">
        <p xml:space="preserve">
          <span class="bold">还重申</span>《巴黎协定》<authorialNote marker="1" placement="bottom" eId="authorialNote_1"><p xml:space="preserve">		在《联合国气候变化框架公约》下通过，见<a href="https://undocs.org/ch/FCCC/CP/2015/10/Add.1">FCCC/CP/2015/10/Add.1</a>，第1/CP.21号决定。</p></authorialNote> 及其早日生效，鼓励协定所有缔约方充分执行该协定，并鼓励尚未交存批准书、接受书、核准书或加入书的《联合国气候变化框架公约》<authorialNote marker="2" placement="bottom" eId="authorialNote_2"><p xml:space="preserve">		联合国，《条约汇编》，第1771卷，第30822号。</p></authorialNote> 缔约方酌情尽快交存，</p>
      </container>
      <container name="回顾" eId="container_6">
        <p xml:space="preserve">
          <span class="bold">		回顾</span>《2015-2030年仙台减少灾害风险框架》，<authorialNote marker="3" placement="bottom" eId="authorialNote_3"><p xml:space="preserve">		第<a href="https://undocs.org/ch/A/RES/69/283">69/283</a>号决议，附件二。</p></authorialNote> 其中会员国确认，考虑到往往对旅游业这个主要经济驱动部门的严重依赖，因此要推动在整个旅游业采用灾害风险管理办法，并对这些办法加以整合，</p>
      </container>
      <container name="关切地注意到" eId="container_7">
        <p xml:space="preserve">
          <span class="bold">		关切地注意到</span>中美洲因其地理位置及地质和水文气象特征，是一个易受不利自然事件影响的区域，这些事件造成巨大的人员和经济损失，包括对人均国内生产总值、收入和减贫的影响，</p>
      </container>
      <container name="认识到" eId="container_8">
        <p xml:space="preserve">
          <span class="bold">		认识到</span>中美洲是拥有大量自然资源的区域，其丰富的生物多样性为人口和国家经济提供了宝贵惠益，并注意到可持续旅游业通过各种活动和提高对生物多样性重要意义的认识可为保护生态系统作出直接贡献，在这方面，中美洲国家正在改进其体制和政策框架、战略和行动计划，</p>
      </container>
      <container name="注意到" eId="container_9">
        <p xml:space="preserve">
          <span class="bold">		注意到</span>世界旅游组织是生物多样性主流化问题非正式咨询小组的成员，该小组的任务是支持执行秘书和生物多样性公约缔约方大会主席团为将主流化纳入2020年后全球生物多样性框架的长期办法制定连贯一致的纲要，并在其中包括将主流化充分纳入这一框架的方式，期待将于2020年召开生物多样性峰会，并又期待2020年在中国昆明举行生物多样性公约缔约方大会第十五次会议，届时可望通过2020年后全球生物多样性框架，</p>
      </container>
      <container name="回顾" eId="container_10">
        <p xml:space="preserve">
          <span class="bold">		回顾</span>其2015年12月22日题为“2017可持续旅游业促进发展国际年”的第<a href="https://undocs.org/ch/A/RES/70/193">70/193</a>号决议，注意到庆祝国际年的努力和举措，以期认识旅游业对可持续发展的重要贡献，同时促进交流良好做法、知识和经验，并通过发展合资企业增进跨界协作，以加强旅游业之间的协同增效，包括酌情分享与旅游业相关的数据和统计数字，</p>
      </container>
      <container name="认识到" eId="container_11">
        <p xml:space="preserve">
          <span class="bold">认识到</span>可持续旅游业贯穿各领域的重要作用，可积极推动可持续发展的三个方面并实现可持续发展目标，包括消除贫困，其重点是生态旅游、乡村旅游、社区旅游和中小微企业，创造贸易机会，保护环境，改善生活质量，增进性别平等，增强妇女和女童的权能，在发展中国家尤其如此，</p>
      </container>
      <container name="又认识到" eId="container_12">
        <p xml:space="preserve">
          <span class="bold">又认识到</span>必须促进土著人民和地方社区的旅游产品开发，以支持他们发展经济和参与贸易，同时保护自然环境和文化传统，</p>
      </container>
      <container name="强调指出" eId="container_13">
        <p xml:space="preserve">
          <span class="bold">强调指出</span>需要促进负责任的旅游业及其对地方社区的有益社会经济影响，通过旅游业增强妇女经济权能，推动公平旅游业，保护妇女、儿童和弱势处境者在旅游业中免受一切形式的剥削，防止贩运人口和文物，尊重非物质文化遗产及文化和自然遗迹，保护作为消费者的游客，并向游客提供不带偏见的信息，</p>
      </container>
      <container name="注意到" eId="container_14">
        <p xml:space="preserve">
          <span class="bold">注意到</span>在这方面，中美洲一体化体系<authorialNote marker="4" placement="bottom" eId="authorialNote_4"><p xml:space="preserve">		中美洲一体化体系成员包括伯利兹、哥斯达黎加、多米尼加共和国、萨尔瓦多、危地马拉、洪都拉斯、尼加拉瓜和巴拿马。</p></authorialNote> 通过中美洲旅游一体化秘书处在促进该区域可持续旅游业方面的作用，</p>
      </container>
      <container name="赞扬" eId="container_15">
        <p xml:space="preserve">
          <span class="bold">赞扬</span>中美洲各国政府与中美洲环境和发展委员会协调并与世界旅游组织合作，为执行旨在全区域推出和推广可持续旅游业的各项现行方案和新方案持续作出努力，</p>
      </container>
      <container name="注意到" eId="container_16">
        <p xml:space="preserve">
          <span class="bold">注意到</span>为促进区域旅游一体化以及推动土著和地方社区发展而设计和实施的玛雅世界区域品牌等现有联合举措，</p>
      </container>
      <container name="回顾" eId="container_17">
        <p xml:space="preserve">
          <span class="bold">回顾</span>2013年4月11日至13日在洪都拉斯拉塞瓦举办的中美洲旅游业、可持续性和气候变化论坛的成果，2014年8月27日在危地马拉城举行的关于发展旅游业及协调努力促进中美洲和多米尼加共和国旅游业的第十五次论坛通过的宣言，以及2019年9月23日在圣萨尔瓦多举行的中美洲旅游业理事会第112次会议通过的成果文件，</p>
      </container>
      <container name="注意到" eId="container_18">
        <p xml:space="preserve">
          <span class="bold">注意到</span>2019年9月9日至13日在俄罗斯联邦圣彼得堡举行的世界旅游组织第二十三届大会，</p>
      </container>
      <container name="承认" eId="container_19">
        <p xml:space="preserve">
          <span class="bold">	承认</span>必须继续采取行动，加快旅游业向可持续消费和生产转变，<authorialNote marker="5" placement="bottom" eId="authorialNote_5"><p xml:space="preserve">		根据联合国环境大会第4/1号决议(UNEP/EA.4/Res.1)。</p></authorialNote> 同时促进可持续发展和有复原力的社会，</p>
      </container>
      <container name="表示注意到" eId="container_20">
        <p xml:space="preserve">
          <span class="bold">	表示注意到</span>世界旅游组织2019年1月的《世界旅游晴雨表》，其中显示旅游业已成为该区域许多国家的主要经济活动，创造了急需的就业机会，并带来重要收入和外汇收益，</p>
      </container>
    </preamble>
    <mainBody>
      <paragraph eId="para_21" class="MercuryDocument">
        <num>	1.</num>
        <content eId="para_21__content">
          <p xml:space="preserve">
            <span class="bold">表示注意到</span>秘书长的报告；<authorialNote marker="6" placement="bottom" eId="authorialNote_6"><p xml:space="preserve"><a href="https://undocs.org/ch/A/74/208">A/74/208</a>。</p></authorialNote></p>
        </content>
      </paragraph>
      <paragraph eId="para_22" class="MercuryDocument">
        <num>	2.</num>
        <content eId="para_22__content">
          <p xml:space="preserve">
            <span class="bold">确认</span>可持续旅游业作为一个创造体面工作和帮助改善民众生活质量从而消除一切形式和表现的贫困的社会融合工具，在中美洲国家的发展中发挥主要作用；</p>
        </content>
      </paragraph>
      <paragraph eId="para_23" class="MercuryDocument">
        <num>	3.</num>
        <content eId="para_23__content">
          <p xml:space="preserve">
            <span class="bold">又确认</span>自2017年通过第<a href="https://undocs.org/ch/A/RES/72/214">72/214</a>号决议以来，中美洲各国加强了促进可持续旅游业和可持续发展的努力，增进了所有利益攸关方之间的包容和协调，还突出显示了可持续旅游业在实现可持续发展目标和具体目标<authorialNote marker="7" placement="bottom" eId="authorialNote_7"><p xml:space="preserve">		见第<a href="https://undocs.org/ch/A/RES/70/1">70/1</a>号决议。</p></authorialNote> 方面发挥的关键作用；</p>
        </content>
      </paragraph>
      <paragraph eId="para_24" class="MercuryDocument">
        <num>	4.</num>
        <content eId="para_24__content">
          <p xml:space="preserve">
            <span class="bold">回顾</span>由中美洲旅游一体化秘书处拟订并纳入其2014-2018年可持续发展战略计划的可持续旅游业原则已获得通过，其中反映了该区域希望成为综合、可持续、多地点、跨境优质旅游目的地的愿景，强调中美洲旅游和气候变化行动计划是区域气候变化战略的一个组成部分；</p>
        </content>
      </paragraph>
      <paragraph eId="para_25" class="MercuryDocument">
        <num>	5.</num>
        <content eId="para_25__content">
          <p xml:space="preserve">
            <span class="bold">确认</span>旅游业一直是中美洲实现可持续发展三个方面，包括应对气候变化等环境问题、消除贫困和实现经济发展的催化剂，着重指出必须在更广泛的可持续发展政策框架内加强适当的政策和财政支持；</p>
        </content>
      </paragraph>
      <paragraph eId="para_26" class="MercuryDocument">
        <num>	6.</num>
        <content eId="para_26__content">
          <p xml:space="preserve">
            <span class="bold">鼓励</span>区域和国家旅游组织推广为地方和国家经济尽可能寻求最大直接效益的目的地模式，以促进提高地方社区的生活质量和减少贫困，同时考虑将可持续性政策纳入旅游部门，并邀请所有利益攸关方查明、评估和减轻旅游业对可持续发展三个方面的影响；</p>
        </content>
      </paragraph>
      <paragraph eId="para_27" class="MercuryDocument">
        <num>	7.</num>
        <content eId="para_27__content">
          <p xml:space="preserve">
            <span class="bold">确认</span>与相关伙伴开展国际合作的宝贵作用，并鼓励它们继续通过加强生态旅游、乡村旅游、文化旅游和遗产旅游，包括殖民遗址旅游，防止贩运文物，确保尊重非物质文化遗产及文化和自然遗迹等形式，支持执行促进该区域可持续旅游业的各类项目；</p>
        </content>
      </paragraph>
      <paragraph eId="para_28" class="MercuryDocument">
        <num>	8.</num>
        <content eId="para_28__content">
          <p xml:space="preserve">
            <span class="bold">欢迎</span>中美洲各国在区域旅游战略方面逐步取得共识，该战略的基础是养护区域生物多样性以及自然和文化景点，通过以中小微企业为重点创造就业和发展创业旅游而减少贫困，同时应对气候变化的不利影响，以提高区域居民的生活质量；</p>
        </content>
      </paragraph>
      <paragraph eId="para_29" class="MercuryDocument">
        <num>	9.</num>
        <content eId="para_29__content">
          <p xml:space="preserve">
            <span class="bold">赞赏</span>中美洲国家继续努力支持可持续旅游业发展，包括通过和执行新的立法和政策，并鼓励它们将可持续旅游业作为一个工具，推动消除贫困，促进保护生物多样性、文化遗产和社区发展；</p>
        </content>
      </paragraph>
      <paragraph eId="para_30" class="MercuryDocument">
        <num>	10.</num>
        <content eId="para_30__content">
          <p xml:space="preserve">
            <span class="bold">鼓励</span>合作促进妇女、青年、土著人民和地方社区的参与以及推动增强其社会经济权能的举措，通过可持续旅游业继续促进平等伙伴关系、创造就业和创业机会；</p>
        </content>
      </paragraph>
      <paragraph eId="para_31" class="MercuryDocument">
        <num>	11.</num>
        <content eId="para_31__content">
          <p xml:space="preserve">
            <span class="bold">确认</span>继续需要支持可持续旅游业活动和相关能力建设努力，以提高环境意识，养护和保护环境，尊重野生动植物、生物多样性、生态系统和文化多样性，并通过支持地方经济以及人文和自然整体环境，改善地方社区的福祉与生计；</p>
        </content>
      </paragraph>
      <paragraph eId="para_32" class="MercuryDocument">
        <num>	12.</num>
        <content eId="para_32__content">
          <p xml:space="preserve">
            <span class="bold">注意到</span>必须充分衡量旅游业的社会文化及环境影响，并鼓励努力利用已出现的非传统解决办法和数据源填补这一领域目前存在的数据缺口，总体目标是推进超越旅游部门的国家可持续发展议程；</p>
        </content>
      </paragraph>
      <paragraph eId="para_33" class="MercuryDocument">
        <num>	13.</num>
        <content eId="para_33__content">
          <p xml:space="preserve">
            <span class="bold">确认</span>为了在中美洲旅游部门落实可持续消费和生产模式，从而在该区域推进《2030年可持续发展议程》，<sup>7</sup> 就需要除其他外，由所有相关利益攸关方查明和采用资源效率更高的旅游业规划办法；</p>
        </content>
      </paragraph>
      <paragraph eId="para_34" class="MercuryDocument">
        <num>	14.</num>
        <content eId="para_34__content">
          <p xml:space="preserve">
            <span class="bold">强调指出</span>需要推动可持续旅游业的进一步发展，特别是通过可持续旅游业产品和服务的消费加以推动，还需要加强生态旅游业的开发，特别是保持土著和地方社区的文化和环境完整性，增进对生态敏感地区和自然遗产以及这些社区的土著文化和宗教场所的保护；</p>
        </content>
      </paragraph>
      <paragraph eId="para_35" class="MercuryDocument">
        <num>	15.</num>
        <content eId="para_35__content">
          <p xml:space="preserve">
            <span class="bold">邀请</span>各国政府和其他利益攸关方加入旨在促进创新和循环思维以在旅游业价值链中加速提高资源效率的《可持续消费和生产模式十年方案框架》；<authorialNote marker="8" placement="bottom" eId="authorialNote_8"><p xml:space="preserve">		A/CONF.216/5，附件。</p></authorialNote></p>
        </content>
      </paragraph>
      <paragraph eId="para_36" class="MercuryDocument">
        <num>	16.</num>
        <content eId="para_36__content">
          <p xml:space="preserve">
            <span class="bold">欢迎</span>在中美洲建立两个可持续旅游业观察站，<authorialNote marker="9" placement="bottom" eId="authorialNote_9"><p xml:space="preserve">		观察站位于巴拿马城和旧危地马拉。</p></authorialNote> 并邀请各国政府和其他利益攸关方考虑加入世界旅游组织的国际可持续旅游业观察站网络，该网络有助于促进经济、社会和环境可持续的旅游业，支持世界各地的知情决策做法；</p>
        </content>
      </paragraph>
      <paragraph eId="para_37" class="MercuryDocument">
        <num>	17.</num>
        <content eId="para_37__content">
          <p xml:space="preserve">
            <span class="bold">鼓励</span>公私伙伴关系进一步协作，以加强优质数据收集工作，同时考虑到中美洲各国国家当局作出的协调努力，通过建立可持续旅游业观察站监测目的地一级的旅游业发展，以便为循证政策和决策提供及时信息；</p>
        </content>
      </paragraph>
      <paragraph eId="para_38" class="MercuryDocument">
        <num>	18.</num>
        <content eId="para_38__content">
          <p xml:space="preserve">
            <span class="bold">敦促</span>中美洲国家旅游部门加入国家及区域层面针对安全和应急管理的协调、知识共享和沟通机制，并集体推动以循证办法制定安全、牢靠和流畅旅行的措施，使政府机构能够作出相关、知情和协调的决定；</p>
        </content>
      </paragraph>
      <paragraph eId="para_39" class="MercuryDocument">
        <num>	19.</num>
        <content eId="para_39__content">
          <p xml:space="preserve">
            <span class="bold">强调</span>鉴于旅游部门容易遭受自然灾害的影响，需要促进中美洲区域有复原力的旅游业发展，包括为此制定国家的冲击后恢复战略、适应气候变化和减少灾害风险的计划以及建立公私伙伴关系；</p>
        </content>
      </paragraph>
      <paragraph eId="para_40" class="MercuryDocument">
        <num>	20.</num>
        <content eId="para_40__content">
          <p xml:space="preserve">
            <span class="bold">欢迎</span>世界旅游组织、联合国环境规划署、联合国贸易和发展会议、联合国教育、科学及文化组织、各区域委员会和其他区域组织以及生物多样性公约缔约方大会为促进世界各地的可持续旅游业作出努力；</p>
        </content>
      </paragraph>
      <paragraph eId="para_41" class="MercuryDocument">
        <num>	21.</num>
        <content eId="para_41__content">
          <p xml:space="preserve">
            <span class="bold">邀请</span>会员国和其他利益攸关方及世界旅游组织继续支持中美洲国家为促进该区域可持续旅游业而开展的活动，包括为更好地降低灾害风险、中美洲国家面对自然灾害的脆弱性和自然灾害对可持续旅游业的影响而开展的应急准备活动，以及为进行能力建设、创造就业和推广地方文化和产品及实现可持续发展目标而开展的活动；</p>
        </content>
      </paragraph>
      <paragraph eId="para_42" class="MercuryDocument">
        <num>	22.</num>
        <content eId="para_42__content">
          <p xml:space="preserve">
            <span class="bold">邀请</span>国际社会酌情支持为创建和实施创新技术实现中美洲国家旅游业现代化而作出的努力；</p>
        </content>
      </paragraph>
      <paragraph eId="para_43" class="MercuryDocument">
        <num>	23.</num>
        <content eId="para_43__content">
          <p xml:space="preserve">
            <span class="bold">鼓励</span>中美洲国家通过中美洲旅游理事会和中美洲旅游一体化秘书处，以加强双边、区域和多边旅游业合作的方式促进可持续旅游业，继续支持可持续旅游业，制订政策促进顺应需要的包容性旅游，加强区域特征，保护自然及文化遗产，包括其生态系统和生物多样性，并注意到全球可持续旅游业伙伴关系等现有倡议及其他国际倡议能够向各国政府提供重点突出的直接支持；</p>
        </content>
      </paragraph>
      <paragraph eId="para_44" class="MercuryDocument">
        <num>	24.</num>
        <content eId="para_44__content">
          <p xml:space="preserve">
            <span class="bold">又鼓励</span>中美洲国家酌情在国际社会的支持下，建立和加强安全、可靠、高效、优质、可持续和有复原力的基础设施，包括与国际市场连通的过境运输系统，可负担、可靠和可持续的现代能源以及信息和通信技术，以促进该区域的可持续旅游业；</p>
        </content>
      </paragraph>
      <paragraph eId="para_45" class="MercuryDocument">
        <num>	25.</num>
        <content eId="para_45__content">
          <p xml:space="preserve">
            <span class="bold">确认</span>残疾人有平等的权利获得旅游服务和机会，如独立旅行、无障碍服务、训练有素的工作人员、可靠信息和包容性营销，而且应作出巨大努力，确保旅游政策和做法包容大多生活在发展中国家的残疾人；</p>
        </content>
      </paragraph>
      <paragraph eId="para_46" class="MercuryDocument">
        <num>	26.</num>
        <content eId="para_46__content">
          <p xml:space="preserve">
            <span class="bold">促请</span>会员国和旅游部门在可持续旅游业、包括生态旅游举措框架内采取有效措施，帮助在所有各级和所有领域决策进程中推动妇女的平等参与以及青年、老年人、残疾人、土著人民和地方社区的均衡参与，并主要通过创造体面工作和收入，促进有效的经济赋权；</p>
        </content>
      </paragraph>
      <paragraph eId="para_47" class="MercuryDocument">
        <num>	27.</num>
        <content eId="para_47__content">
          <p xml:space="preserve">
            <span class="bold">确认</span>为满足更好地监测旅游业对发展的影响的需要，必须重新思考和改变传统做法，以便纳入多个数据来源，为公共行政和旅游部门提供最新旅游业情报，并注意到通过世界旅游组织可持续旅游业网络全球观察站取得的进展，其工作重点是持续监测旅游业的影响，处理可持续性的三个方面，加强循证决策，以及创建一种持续且及时进行监测和衡量的文化；</p>
        </content>
      </paragraph>
      <paragraph eId="para_48" class="MercuryDocument">
        <num>	28.</num>
        <content eId="para_48__content">
          <p xml:space="preserve">
            <span class="bold">欢迎</span>旅游业在保护生物多样性和抵御气候变化方面的积极作用，这为增加旅游业政策中的环境部分以及更好地利用旅游业作为变革推动因素的潜力提供了进一步的论据，并欢迎在联合国气候变化框架公约缔约方大会第二十五届会议框架内于马德里举行联合国气候变化大会；</p>
        </content>
      </paragraph>
      <paragraph eId="para_49" class="SingleTxt">
        <num>	29.</num>
        <content eId="para_49__content">
          <p xml:space="preserve">
            <span class="bold">请</span>秘书长与世界旅游组织秘书长和联合国其他相关实体合作，向大会第七十六届会议提交一份以行动为导向的报告，说明本决议的执行情况，包括中美洲国家在这方面加快执行《2030年可持续发展议程》的具体建议，并决定将题为“可持续发展”的项目列入大会第七十六届会议临时议程。</p>
        </content>
      </paragraph>
    </mainBody>
    <conclusions eId="conclusions">
      <p>
        <inline name="adoptionMeeting" title="第52次">第52次全体会议</inline>
        <eol />
        <docDate date="2019-12-19" refersTo="#adoptionDate">2019年12月19日</docDate>
      </p>
    </conclusions>
  </statement>
</akomaNtoso>