<akomaNtoso xmlns:xsi="http://www.w3.org/2001/XMLSchema-instance" xsi:schemaLocation="http://docs.oasis-open.org/legaldocml/ns/akn/3.0 http://docs.oasis-open.org/legaldocml/akn-core/v1.0/os/part2-specs/schemas/akomantoso30.xsd" xmlns="http://docs.oasis-open.org/legaldocml/ns/akn/3.0" xmlns:html="http://www.w3.org/1999/xhtml" xmlns:akn4un="http://un.org/akn4un">
  <statement name="resolution">
    <meta>
      <identification source="#DGACM">
        <FRBRWork>
          <FRBRthis value="/akn/un/statement/deliberation/unga/2019-12-19/74-224/!main/"></FRBRthis>
          <FRBRuri value="/akn/un/statement/deliberation/unga/2019-12-19/74-224/"></FRBRuri>
          <FRBRdate date="2019-12-19" name="adoption"></FRBRdate>
          <FRBRauthor href="ga" as="author"></FRBRauthor>
          <FRBRcountry value="un"></FRBRcountry>
        </FRBRWork>
        <FRBRExpression>
          <FRBRthis value="/akn/un/statement/deliberation/unga/2019-12-19/74-224/zho@!main/"></FRBRthis>
          <FRBRuri value="/akn/un/statement/deliberation/unga/2019-12-19/74-224/zho@/"></FRBRuri>
          <FRBRdate date="2020-01-17" name="publication"></FRBRdate>
          <FRBRauthor href="ga" as="issuer"></FRBRauthor>
          <FRBRlanguage language="zho"></FRBRlanguage>
        </FRBRExpression>
        <FRBRManifestation>
          <FRBRthis value="/akn/un/statement/deliberation/unga/2019-12-19/74-224/zho@/!main.xml"></FRBRthis>
          <FRBRuri value="/akn/un/statement/deliberation/unga/2019-12-19/74-224/zho@.xml"></FRBRuri>
          <FRBRdate date="2020-09-01" name="markup"></FRBRdate>
          <FRBRauthor href="DGACM" as="editor"></FRBRauthor>
        </FRBRManifestation>
      </identification>
      <classification source="http://metadata.un.org/sdg">
        <keyword value="17" href="http://metadata.un.org/sdg/17" showAs="sdg_17" dictionary="SDGO"></keyword>
        <keyword value="sustainable_development" href="http://eurovoc.europa.eu/5585" showAs="sustainable_development" dictionary="EuroVoc"></keyword>
        <keyword value="partnership" href="http://eurovoc.europa.eu/4199" showAs="partnership" dictionary="EuroVoc"></keyword>
        <keyword value="sustainable_development" href="http://metadata.un.org/thesaurus/1006319" showAs="sustainable_development" dictionary="UNBIS Thesaurus"></keyword>
        <keyword value="partnership" href="http://metadata.un.org/thesaurus/1004748" showAs="partnership" dictionary="UNBIS Thesaurus"></keyword>
      </classification>
      <classification source="http://metadata.un.org/sdg">
        <keyword value="16" href="http://metadata.un.org/sdg/16" showAs="sdg_16" dictionary="SDGO"></keyword>
        <keyword value="right_to_justice" href="http://eurovoc.europa.eu/516" showAs="right_to_justice" dictionary="EuroVoc"></keyword>
        <keyword value="sustainable_development" href="http://eurovoc.europa.eu/5585" showAs="sustainable_development" dictionary="EuroVoc"></keyword>
        <keyword value="civil_society" href="http://metadata.un.org/thesaurus/1001012" showAs="civil_society" dictionary="UNBIS Thesaurus"></keyword>
        <keyword value="justice" href="http://metadata.un.org/thesaurus/1003500" showAs="justice" dictionary="UNBIS Thesaurus"></keyword>
        <keyword value="peaceful_coexistence" href="http://metadata.un.org/thesaurus/1004777" showAs="peaceful_coexistence" dictionary="UNBIS Thesaurus"></keyword>
        <keyword value="public_institutions" href="http://metadata.un.org/thesaurus/1005254" showAs="public_institutions" dictionary="UNBIS Thesaurus"></keyword>
        <keyword value="social_justice" href="http://metadata.un.org/thesaurus/1005970" showAs="social_justice" dictionary="UNBIS Thesaurus"></keyword>
        <keyword value="sustainable_development" href="http://metadata.un.org/thesaurus/1006319" showAs="sustainable_development" dictionary="UNBIS Thesaurus"></keyword>
      </classification>
      <classification source="http://metadata.un.org/sdg">
        <keyword value="2" href="http://metadata.un.org/sdg/2" showAs="sdg_2" dictionary="SDGO"></keyword>
        <keyword value="food_shortage" href="http://eurovoc.europa.eu/2318" showAs="food_shortage" dictionary="EuroVoc"></keyword>
        <keyword value="sustainable_agriculture" href="http://eurovoc.europa.eu/6308" showAs="sustainable_agriculture" dictionary="EuroVoc"></keyword>
        <keyword value="food_security" href="http://eurovoc.europa.eu/c_4523e1dd" showAs="food_security" dictionary="EuroVoc"></keyword>
        <keyword value="food_security" href="http://metadata.un.org/thesaurus/1002439" showAs="food_security" dictionary="UNBIS Thesaurus"></keyword>
        <keyword value="food_shortage" href="http://metadata.un.org/thesaurus/1002440" showAs="food_shortage" dictionary="UNBIS Thesaurus"></keyword>
        <keyword value="hunger" href="http://metadata.un.org/thesaurus/1003004" showAs="hunger" dictionary="UNBIS Thesaurus"></keyword>
        <keyword value="sustainable_agriculture" href="http://metadata.un.org/thesaurus/1006317" showAs="sustainable_agriculture" dictionary="UNBIS Thesaurus"></keyword>
      </classification>
      <classification source="http://metadata.un.org/sdg">
        <keyword value="14" href="http://metadata.un.org/sdg/14" showAs="sdg_14" dictionary="SDGO"></keyword>
        <keyword value="marine_life" href="http://eurovoc.europa.eu/3149" showAs="marine_life" dictionary="EuroVoc"></keyword>
        <keyword value="marine_environment" href="http://eurovoc.europa.eu/5742" showAs="marine_environment" dictionary="EuroVoc"></keyword>
        <keyword value="ocean" href="http://eurovoc.europa.eu/2107" showAs="ocean" dictionary="EuroVoc"></keyword>
        <keyword value="sea" href="http://eurovoc.europa.eu/1870" showAs="sea" dictionary="EuroVoc"></keyword>
        <keyword value="marine_resources" href="http://metadata.un.org/thesaurus/030800" showAs="marine_resources" dictionary="UNBIS Thesaurus"></keyword>
        <keyword value="marine_resources" href="http://metadata.un.org/thesaurus/1003922" showAs="marine_resources" dictionary="UNBIS Thesaurus"></keyword>
        <keyword value="oceans_and_seas" href="http://metadata.un.org/thesaurus/170600" showAs="oceans_and_seas" dictionary="UNBIS Thesaurus"></keyword>
      </classification>
      <classification source="http://metadata.un.org/sdg">
        <keyword value="15" href="http://metadata.un.org/sdg/15" showAs="sdg_15" dictionary="SDGO"></keyword>
        <keyword value="deforestation" href="http://eurovoc.europa.eu/339" showAs="deforestation" dictionary="EuroVoc"></keyword>
        <keyword value="desertification" href="http://eurovoc.europa.eu/416" showAs="desertification" dictionary="EuroVoc"></keyword>
        <keyword value="biodiversity" href="http://eurovoc.europa.eu/5463" showAs="biodiversity" dictionary="EuroVoc"></keyword>
        <keyword value="land,_plant_and_soil_resources" href="http://metadata.un.org/thesaurus/030600" showAs="land,_plant_and_soil_resources" dictionary="UNBIS Thesaurus"></keyword>
        <keyword value="deforestation" href="http://metadata.un.org/thesaurus/1001550" showAs="deforestation" dictionary="UNBIS Thesaurus"></keyword>
      </classification>
      <workflow source="#un">
        <step date="2019-11-19" outcome="draftResolution" as="A/C.2/74/L.47/Rev.1" by="State of Palestine (on behalf of the States Members of the United Nations that are members of the Group of 77 and China)" />
        <step date="0001-01-01" outcome="draftResolutionAdditionalSponsors" by="" />
        <step date="0001-01-01" outcome="recommendedForAdoption" as="A/74/381/Add.9" by="" refersTo="8" />
        <step date="2019-12-19" outcome="adopted" as="A/74/PV.52" by="" />
      </workflow>
      <analysis source="#un">
        <parliamentary>
          <voting outcome="adoptedRecordedVote">
            <count value="134" refersTo="inFavour">
              <akn4un:voters>
                <organization refersTo="memberState">AFGHANISTAN</organization>
                <organization refersTo="memberState">ALGERIA</organization>
                <organization refersTo="memberState">ANGOLA</organization>
                <organization refersTo="memberState">ARGENTINA</organization>
                <organization refersTo="memberState">ARMENIA</organization>
                <organization refersTo="memberState">AZERBAIJAN</organization>
                <organization refersTo="memberState">BAHAMAS</organization>
                <organization refersTo="memberState">BAHRAIN</organization>
                <organization refersTo="memberState">BANGLADESH</organization>
                <organization refersTo="memberState">BARBADOS</organization>
                <organization refersTo="memberState">BELARUS</organization>
                <organization refersTo="memberState">BELIZE</organization>
                <organization refersTo="memberState">BENIN</organization>
                <organization refersTo="memberState">BHUTAN</organization>
                <organization refersTo="memberState">BOLIVIA (PLURINATIONAL STATE OF)</organization>
                <organization refersTo="memberState">BOTSWANA</organization>
                <organization refersTo="memberState">BRAZIL</organization>
                <organization refersTo="memberState">BRUNEI DARUSSALAM</organization>
                <organization refersTo="memberState">BURKINA FASO</organization>
                <organization refersTo="memberState">BURUNDI</organization>
                <organization refersTo="memberState">CABO VERDE</organization>
                <organization refersTo="memberState">CAMBODIA</organization>
                <organization refersTo="memberState">CAMEROON</organization>
                <organization refersTo="memberState">CENTRAL AFRICAN REPUBLIC</organization>
                <organization refersTo="memberState">CHAD</organization>
                <organization refersTo="memberState">CHILE</organization>
                <organization refersTo="memberState">CHINA</organization>
                <organization refersTo="memberState">COLOMBIA</organization>
                <organization refersTo="memberState">COMOROS</organization>
                <organization refersTo="memberState">CONGO</organization>
                <organization refersTo="memberState">COSTA RICA</organization>
                <organization refersTo="memberState">COTE D'IVOIRE</organization>
                <organization refersTo="memberState">CUBA</organization>
                <organization refersTo="memberState">DEMOCRATIC PEOPLE'S REPUBLIC OF KOREA</organization>
                <organization refersTo="memberState">DJIBOUTI</organization>
                <organization refersTo="memberState">DOMINICAN REPUBLIC</organization>
                <organization refersTo="memberState">ECUADOR</organization>
                <organization refersTo="memberState">EGYPT</organization>
                <organization refersTo="memberState">EL SALVADOR</organization>
                <organization refersTo="memberState">ERITREA</organization>
                <organization refersTo="memberState">ESWATINI</organization>
                <organization refersTo="memberState">ETHIOPIA</organization>
                <organization refersTo="memberState">FIJI</organization>
                <organization refersTo="memberState">GABON</organization>
                <organization refersTo="memberState">GAMBIA</organization>
                <organization refersTo="memberState">GEORGIA</organization>
                <organization refersTo="memberState">GHANA</organization>
                <organization refersTo="memberState">GRENADA</organization>
                <organization refersTo="memberState">GUATEMALA</organization>
                <organization refersTo="memberState">GUINEA</organization>
                <organization refersTo="memberState">GUINEA-BISSAU</organization>
                <organization refersTo="memberState">GUYANA</organization>
                <organization refersTo="memberState">HAITI</organization>
                <organization refersTo="memberState">HONDURAS</organization>
                <organization refersTo="memberState">INDIA</organization>
                <organization refersTo="memberState">INDONESIA</organization>
                <organization refersTo="memberState">IRAN (ISLAMIC REPUBLIC OF)</organization>
                <organization refersTo="memberState">IRAQ</organization>
                <organization refersTo="memberState">JAMAICA</organization>
                <organization refersTo="memberState">JAPAN</organization>
                <organization refersTo="memberState">JORDAN</organization>
                <organization refersTo="memberState">KAZAKHSTAN</organization>
                <organization refersTo="memberState">KENYA</organization>
                <organization refersTo="memberState">KIRIBATI</organization>
                <organization refersTo="memberState">KUWAIT</organization>
                <organization refersTo="memberState">KYRGYZSTAN</organization>
                <organization refersTo="memberState">LAO PEOPLE'S DEMOCRATIC REPUBLIC</organization>
                <organization refersTo="memberState">LEBANON</organization>
                <organization refersTo="memberState">LESOTHO</organization>
                <organization refersTo="memberState">LIBYA</organization>
                <organization refersTo="memberState">MADAGASCAR</organization>
                <organization refersTo="memberState">MALAWI</organization>
                <organization refersTo="memberState">MALAYSIA</organization>
                <organization refersTo="memberState">MALDIVES</organization>
                <organization refersTo="memberState">MALI</organization>
                <organization refersTo="memberState">MAURITANIA</organization>
                <organization refersTo="memberState">MAURITIUS</organization>
                <organization refersTo="memberState">MEXICO</organization>
                <organization refersTo="memberState">MICRONESIA (FEDERATED STATES OF)</organization>
                <organization refersTo="memberState">MONACO</organization>
                <organization refersTo="memberState">MONGOLIA</organization>
                <organization refersTo="memberState">MOROCCO</organization>
                <organization refersTo="memberState">MOZAMBIQUE</organization>
                <organization refersTo="memberState">MYANMAR</organization>
                <organization refersTo="memberState">NAMIBIA</organization>
                <organization refersTo="memberState">NEPAL</organization>
                <organization refersTo="memberState">NICARAGUA</organization>
                <organization refersTo="memberState">NIGERIA</organization>
                <organization refersTo="memberState">OMAN</organization>
                <organization refersTo="memberState">PAKISTAN</organization>
                <organization refersTo="memberState">PALAU</organization>
                <organization refersTo="memberState">PANAMA</organization>
                <organization refersTo="memberState">PAPUA NEW GUINEA</organization>
                <organization refersTo="memberState">PARAGUAY</organization>
                <organization refersTo="memberState">PERU</organization>
                <organization refersTo="memberState">PHILIPPINES</organization>
                <organization refersTo="memberState">QATAR</organization>
                <organization refersTo="memberState">REPUBLIC OF KOREA</organization>
                <organization refersTo="memberState">RUSSIAN FEDERATION</organization>
                <organization refersTo="memberState">RWANDA</organization>
                <organization refersTo="memberState">SAINT KITTS AND NEVIS</organization>
                <organization refersTo="memberState">SAINT LUCIA</organization>
                <organization refersTo="memberState">SAINT VINCENT AND THE GRENADINES</organization>
                <organization refersTo="memberState">SAMOA</organization>
                <organization refersTo="memberState">SAUDI ARABIA</organization>
                <organization refersTo="memberState">SENEGAL</organization>
                <organization refersTo="memberState">SEYCHELLES</organization>
                <organization refersTo="memberState">SIERRA LEONE</organization>
                <organization refersTo="memberState">SINGAPORE</organization>
                <organization refersTo="memberState">SOLOMON ISLANDS</organization>
                <organization refersTo="memberState">SOUTH AFRICA</organization>
                <organization refersTo="memberState">SRI LANKA</organization>
                <organization refersTo="memberState">SUDAN</organization>
                <organization refersTo="memberState">SURINAME</organization>
                <organization refersTo="memberState">SYRIAN ARAB REPUBLIC</organization>
                <organization refersTo="memberState">TAJIKISTAN</organization>
                <organization refersTo="memberState">THAILAND</organization>
                <organization refersTo="memberState">TIMOR-LESTE</organization>
                <organization refersTo="memberState">TOGO</organization>
                <organization refersTo="memberState">TRINIDAD AND TOBAGO</organization>
                <organization refersTo="memberState">TUNISIA</organization>
                <organization refersTo="memberState">TURKEY</organization>
                <organization refersTo="memberState">TURKMENISTAN</organization>
                <organization refersTo="memberState">UGANDA</organization>
                <organization refersTo="memberState">UNITED ARAB EMIRATES</organization>
                <organization refersTo="memberState">UNITED REPUBLIC OF TANZANIA</organization>
                <organization refersTo="memberState">URUGUAY</organization>
                <organization refersTo="memberState">UZBEKISTAN</organization>
                <organization refersTo="memberState">VANUATU</organization>
                <organization refersTo="memberState">VENEZUELA (BOLIVARIAN REPUBLIC OF)</organization>
                <organization refersTo="memberState">VIET NAM</organization>
                <organization refersTo="memberState">YEMEN</organization>
                <organization refersTo="memberState">ZAMBIA</organization>
                <organization refersTo="memberState">ZIMBABWE</organization>
              </akn4un:voters>
            </count>
            <count value="2" refersTo="against">
              <akn4un:voters>
                <organization refersTo="memberState">ISRAEL</organization>
                <organization refersTo="memberState">UNITED STATES</organization>
              </akn4un:voters>
            </count>
            <count value="45" refersTo="abstaining">
              <akn4un:voters>
                <organization refersTo="memberState">ALBANIA</organization>
                <organization refersTo="memberState">ANDORRA</organization>
                <organization refersTo="memberState">AUSTRALIA</organization>
                <organization refersTo="memberState">AUSTRIA</organization>
                <organization refersTo="memberState">BELGIUM</organization>
                <organization refersTo="memberState">BOSNIA AND HERZEGOVINA</organization>
                <organization refersTo="memberState">BULGARIA</organization>
                <organization refersTo="memberState">CANADA</organization>
                <organization refersTo="memberState">CROATIA</organization>
                <organization refersTo="memberState">CYPRUS</organization>
                <organization refersTo="memberState">CZECHIA</organization>
                <organization refersTo="memberState">DENMARK</organization>
                <organization refersTo="memberState">DOMINICA</organization>
                <organization refersTo="memberState">ESTONIA</organization>
                <organization refersTo="memberState">FINLAND</organization>
                <organization refersTo="memberState">FRANCE</organization>
                <organization refersTo="memberState">GERMANY</organization>
                <organization refersTo="memberState">GREECE</organization>
                <organization refersTo="memberState">HUNGARY</organization>
                <organization refersTo="memberState">ICELAND</organization>
                <organization refersTo="memberState">IRELAND</organization>
                <organization refersTo="memberState">ITALY</organization>
                <organization refersTo="memberState">LATVIA</organization>
                <organization refersTo="memberState">LIECHTENSTEIN</organization>
                <organization refersTo="memberState">LITHUANIA</organization>
                <organization refersTo="memberState">LUXEMBOURG</organization>
                <organization refersTo="memberState">MALTA</organization>
                <organization refersTo="memberState">MONTENEGRO</organization>
                <organization refersTo="memberState">NETHERLANDS</organization>
                <organization refersTo="memberState">NEW ZEALAND</organization>
                <organization refersTo="memberState">NORTH MACEDONIA</organization>
                <organization refersTo="memberState">NORWAY</organization>
                <organization refersTo="memberState">POLAND</organization>
                <organization refersTo="memberState">PORTUGAL</organization>
                <organization refersTo="memberState">REPUBLIC OF MOLDOVA</organization>
                <organization refersTo="memberState">ROMANIA</organization>
                <organization refersTo="memberState">SAN MARINO</organization>
                <organization refersTo="memberState">SERBIA</organization>
                <organization refersTo="memberState">SLOVAKIA</organization>
                <organization refersTo="memberState">SLOVENIA</organization>
                <organization refersTo="memberState">SPAIN</organization>
                <organization refersTo="memberState">SWEDEN</organization>
                <organization refersTo="memberState">SWITZERLAND</organization>
                <organization refersTo="memberState">UKRAINE</organization>
                <organization refersTo="memberState">UNITED KINGDOM</organization>
              </akn4un:voters>
            </count>
          </voting>
        </parliamentary>
      </analysis>
      <references source="#DGACM">
        <TLCOrganization eId="source" href="/akn/ontology/organization/un/DGACM" showAs="DGACM"></TLCOrganization>
        <TLCConcept eId="dateOfIssuance" href="/akn/ontology/concept/un/dateOfIssuance" showAs="Date of issuance"></TLCConcept>
        <TLCConcept eId="dateOfAdoption" href="/akn/ontology/concept/un/dateOfAdoption" showAs="Date of adoption"></TLCConcept>
        <TLCConcept eId="symbol" href="/akn/ontology/reference/un/symbol" showAs="Symbol"></TLCConcept>
        <TLCRole eId="publisher" href="/akn/ontology/role/un/publisher" showAs="Publisher"></TLCRole>
        <TLCRole eId="issuingBody" href="/akn/role/concept/un/issuingBody" showAs="Issuing body"></TLCRole>
        <TLCRole eId="author" href="/akn/ontology/role/un/author" showAs="Author"></TLCRole>
        <TLCRole eId="editor" href="/akn/ontology/role/un/editor" showAs="Editor"></TLCRole>
        <TLCRole eId="distribution" href="/akn/ontology/concept/un/generalDistribution" showAs="General distribution"></TLCRole>
        <TLCOrganization eId="ga" href="/akn/ontology/organization/un/generalAssembly" showAs="General Assembly"></TLCOrganization>
        <TLCTerm eId="resolutionTitle" href="/akn/ontology/reference/un/resolutionTitle" showAs="Resolution title"></TLCTerm>
        <TLCTerm eId="secondCommittee" href="#secondCommittee" showAs="第二委员会"></TLCTerm>
        <TLCTerm eId="memberState" href="/akn/ontology/organization/un/memberState" showAs="Member State"></TLCTerm>
        <TLCTerm eId="inFavour" href="/akn/ontology/concept/un/voting/inFavour" showAs="In favour"></TLCTerm>
        <TLCTerm eId="against" href="/akn/ontology/concept/un/voting/against" showAs="Against"></TLCTerm>
        <TLCTerm eId="abstaining" href="/akn/ontology/concept/un/voting/abstaining" showAs="Abstaining"></TLCTerm>
      </references>
      <presentation source="#un">
        <akn4un:footerFirstPage>
          <akn4un:footerFirstPageLeft>
            <akn4un:internalCode>
              <docketNumber refersTo="#publicationJobNumber">19-22493 (C)</docketNumber>
              <img alt="bar code" class="barCode" src=""></img>
            </akn4un:internalCode>
          </akn4un:footerFirstPageLeft>
          <akn4un:footerFirstPageRight>
            <img alt="Please recycle" class="image" src="./recylcleLogo.jpg"></img>
            <img alt="embedded QR code" class="qrCode" src=""></img>
          </akn4un:footerFirstPageRight>
        </akn4un:footerFirstPage>
      </presentation>
    </meta>
    <coverPage eId="coverPage_1">
      <p>
        <span refersTo="#publisher" class="upperLeft">
          <docAuthority refersTo="#publisher">联合国</docAuthority>
        </span>
      </p>
      <p class="upperRight">
        <docNumber refersTo="#symbol">A/RES/74/224</docNumber>
      </p>
      <p class="upperLeft">
        <img src="logo-un.jpg"></img>
        <docAuthority refersTo="#issuingBody" class="rightBig">大会</docAuthority>
      </p>
      <p>
        <docStatus refersTo="#generalDistribution" class="rightSmall">Distr.: General</docStatus>
      </p>
      <p>
        <docDate date="2020-01-17" class="rightSmall" refersTo="#dateOfIssuance">17 January 2020</docDate>
      </p>
      <p>
        <session refersTo="#generalAssembly" value="74" eId="coverPage_1__session_1">第七十四届会议</session>
      </p>
      <p>
        <inline name="agenda item">议程项目19(i)</inline>
      </p>
      <p>
        <inline name="agenda item name">可持续发展：与自然和谐相处</inline>
      </p>
      <p>
        <docTitle>2019年12月19日大会决议</docTitle>
      </p>
      <p xml:space="preserve">
        <docProponent refersTo="#secondCommittee">[根据第二委员会的报告 (<inline name="originating document">A/74/381/Add.9</inline>)]</docProponent>
      </p>
    </coverPage>
    <preface>
      <p>
        <docNumber>74/224.</docNumber>
        <docTitle refersTo="#resolutionTitle">与自然和谐相处</docTitle>
      </p>
    </preface>
    <preamble>
      <formula name="enactingFormula" eId="formula_1">
        <p xml:space="preserve">
          <span class="bold">大会</span>，</p>
      </formula>
      <container name="重申" eId="container_2">
        <p xml:space="preserve">
          <span class="bold">重申</span>《关于环境与发展的里约宣言》、<authorialNote marker="1" placement="bottom" eId="authorialNote_1"><p xml:space="preserve">		《联合国环境与发展会议的报告，1992年6月3日至14日，里约热内卢》，第一卷，《环发会议通过的决议》(联合国出版物，出售品编号：C.93.I.8和更正)，决议1，附件一。</p></authorialNote> 《21世纪议程》、<authorialNote marker="2" placement="bottom" eId="authorialNote_2"><p xml:space="preserve">		同上，附件二。</p></authorialNote> 《进一步执行21世纪议程方案》、<authorialNote marker="3" placement="bottom" eId="authorialNote_3"><p xml:space="preserve"><a href="https://undocs.org/ch/A/RES/S-19/2">S-19/2</a>号决议，附件。</p></authorialNote> 《约翰内斯堡可持续发展宣言》<authorialNote marker="4" placement="bottom" eId="authorialNote_4"><p xml:space="preserve">		《可持续发展问题世界首脑会议的报告，2002年8月26日至9月4日，南非约翰内斯堡》(联合国出版物，出售品编号：C.03.II.A.1和更正)，第一章，决议1，附件。</p></authorialNote> 和《可持续发展问题世界首脑会议执行计划》(《约翰内斯堡执行计划》)，<authorialNote marker="5" placement="bottom" eId="authorialNote_5"><p xml:space="preserve">		同上，决议2，附件。</p></authorialNote></p>
      </container>
      <container name="回顾" eId="container_3">
        <p xml:space="preserve">
          <span class="bold">回顾</span>其关于与自然和谐相处的2009年12月21日第<a href="https://undocs.org/ch/A/RES/64/196">64/</a><a href="https://undocs.org/ch/A/RES/64/196">196</a>号、2010年12月20日第<a href="https://undocs.org/ch/A/RES/65/164">65/16</a><a href="https://undocs.org/ch/A/RES/65/164">4</a>号、2011年12月22日第<a href="https://undocs.org/ch/A/RES/66/204">66/20</a><a href="https://undocs.org/ch/A/RES/66/204">4</a>号、2012年12月21日第<a href="https://undocs.org/ch/A/RES/67/214">67/21</a><a href="https://undocs.org/ch/A/RES/67/214">4</a>号、2013年12月20日第<a href="https://undocs.org/ch/A/RES/68/216">68/21</a><a href="https://undocs.org/ch/A/RES/68/216">6</a>号、2014年12月19日第<a href="https://undocs.org/ch/A/RES/69/224">69/22</a><a href="https://undocs.org/ch/A/RES/69/224">4</a>号、2015年12月22日第<a href="https://undocs.org/ch/A/RES/70/208">70/20</a><a href="https://undocs.org/ch/A/RES/70/208">8</a>号、2016年12月21日第<a href="https://undocs.org/ch/A/RES/71/232">71/23</a><a href="https://undocs.org/ch/A/RES/71/232">2</a>号、2017年12月20日第<a href="https://undocs.org/ch/A/RES/72/223">72/22</a><a href="https://undocs.org/ch/A/RES/72/223">3</a>号和2018年12月20日第<a href="https://undocs.org/ch/A/RES/73/235">7</a><a href="https://undocs.org/ch/A/RES/73/235">3/235</a>号决议，</p>
      </container>
      <container name="又回顾" eId="container_4">
        <p xml:space="preserve">
          <span class="bold">又回顾</span>其2009年4月22日第<a href="https://undocs.org/ch/A/RES/63/278">63/278</a>号决议，其中指定4月22日为国际地球母亲日，纪念该决议通过10周年并认识到其重要性，</p>
      </container>
      <container name="还回顾" eId="container_5">
        <p xml:space="preserve">
          <span class="bold">还回顾</span>1982年《世界大自然宪章》，<authorialNote marker="6" placement="bottom" eId="authorialNote_6"><p xml:space="preserve">		第<a href="https://undocs.org/ch/A/RES/37/7">37/7</a>号决议，附件。</p></authorialNote></p>
      </container>
      <container name="注意到" eId="container_6">
        <p xml:space="preserve">
          <span class="bold">注意到</span>2010年4月20日至22日多民族玻利维亚国在科恰班巴主办的气候变化和地球母亲权利问题人民世界会议，<authorialNote marker="7" placement="bottom" eId="authorialNote_7"><p xml:space="preserve">		见<a href="https://undocs.org/ch/A/64/777">A/64/777</a>，附件一和二。</p></authorialNote></p>
      </container>
      <container name="认识到" eId="container_7">
        <p xml:space="preserve">
          <span class="bold">认识到</span>地球及其生态系统是我们的家园，“地球母亲”是许多国家和区域的共同表述，注意到一些国家在促进可持续发展时承认大自然或地球母亲的权利，表示深信为了实现今世后代在经济、社会和环境需求之间的公正平衡，必须促进与自然和谐相处，</p>
      </container>
      <container name="回顾" eId="container_8">
        <p xml:space="preserve">
          <span class="bold">回顾</span>2012年6月20日至22日在巴西里约热内卢举行的联合国可持续发展大会题为“我们希望的未来”的成果文件，<authorialNote marker="8" placement="bottom" eId="authorialNote_8"><p xml:space="preserve">		第<a href="https://undocs.org/ch/A/RES/66/288">66/288</a>号决议，附件。</p></authorialNote></p>
      </container>
      <container name="重申" eId="container_9">
        <p xml:space="preserve">
          <span class="bold">重申</span>其题为“变革我们的世界：2030年可持续发展议程”的2015年9月25日第<a href="https://undocs.org/ch/A/RES/70/1">70/1</a>号决议，其中大会通过了一套全面、意义深远和以人为中心的具有普遍性和变革性的可持续发展目标和具体目标，承诺做出不懈努力，使这一议程在2030年前得到全面执行，认识到消除一切形式和表现的贫困，包括消除极端贫困，是世界的最大挑战，对实现可持续发展必不可少，并决心采用统筹兼顾的方式，从经济、社会和环境这三个方面实现可持续发展，在巩固实施千年发展目标成果的基础上，争取完成它们尚未完成的事业，</p>
      </container>
      <container name="又重申" eId="container_10">
        <p xml:space="preserve">
          <span class="bold">又重申</span>其关于《第三次发展筹资问题国际会议亚的斯亚贝巴行动议程》的2015年7月27日第<a href="https://undocs.org/ch/A/RES/69/313">69/313</a>号决议，该议程是《2030年可持续发展议程》的组成部分，支持和补充《2030年议程》，并有助于将其执行手段的具体目标与具体政策和行动联系起来，再次作出强有力的政治承诺，本着全球伙伴关系和团结精神应对挑战，在各级为可持续发展筹措资金和创造有利环境，</p>
      </container>
      <container name="还重申" eId="container_11">
        <p xml:space="preserve">
          <span class="bold">还重申</span>2016年10月17日至20日在厄瓜多尔基多举行的联合国住房和城市可持续发展大会(人居三大会)通过的《新城市议程》，<authorialNote marker="9" placement="bottom" eId="authorialNote_9"><p xml:space="preserve">		第<a href="https://undocs.org/ch/A/RES/71/256">71/256</a>号决议，附件。</p></authorialNote> 认识到执行《新城市议程》能有助于通过保护生态系统和生物多样性，包括采取与自然和谐的健康生活方式，实现环境可持续性，</p>
      </container>
      <container name="重申" eId="container_12">
        <p xml:space="preserve">
          <span class="bold">重申</span>《巴黎协定》，<authorialNote marker="10" placement="bottom" eId="authorialNote_10"><p xml:space="preserve">		在《联合国气候变化框架公约》下通过，见<a href="https://undocs.org/ch/FCCC/CP/2015/10/Add.1">FCCC/CP/2015/10/Add.1</a>，第1/CP.21号决定。</p></authorialNote> 鼓励协定所有缔约方充分执行该协定，并鼓励尚未交存批准书、接受书、核准书或加入书的《联合国气候变化框架公约》<authorialNote marker="11" placement="bottom" eId="authorialNote_11"><p xml:space="preserve">		联合国，《条约汇编》，第1771卷，第30822号。</p></authorialNote> 缔约方酌情尽快交存，</p>
      </container>
      <container name="&#x9;注意到" eId="container_13">
        <p xml:space="preserve">
          <span class="bold">	注意到</span>基于自然的解决办法对于实现减缓和适应气候变化的目标至关重要，</p>
      </container>
      <container name="赞赏地注意到" eId="container_14">
        <p xml:space="preserve">
          <span class="bold">赞赏地注意到</span>大会主席为纪念国际地球母亲日于2019年4月22日举行了关于与自然和谐相处的互动对话，主题是在落实与自然和谐相处的教育和气候行动中采取的“地球母亲方法”，激励公民和社会重新思考如何与自然世界互动，以采取与自然和谐相处的方式落实可持续发展目标，并注意到有些国家在促进可持续发展时承认大自然的权利，</p>
      </container>
      <container name="认识到" eId="container_15">
        <p xml:space="preserve">
          <span class="bold">认识到</span>许多国家认为地球母亲是一切生命和营养的源泉，而且这些国家认为地球母亲和人类是生命共同体，其中万物相互关联，相互依存，</p>
      </container>
      <container name="回顾" eId="container_16">
        <p xml:space="preserve">
          <span class="bold">回顾</span>2016年12月4日至17日在墨西哥坎昆举行生物多样性公约缔约方大会第十三届会议期间进行的与自然和谐相处互动对话，</p>
      </container>
      <container name="指出" eId="container_17">
        <p xml:space="preserve">
          <span class="bold">指出</span>必须确保包括海洋在内的所有生态系统，并保护一些文化视之为地球母亲的生物多样性，并指出在采取行动应对气候变化时，“气候公正”概念对一些人意义重大，</p>
      </container>
      <container name="又指出" eId="container_18">
        <p xml:space="preserve">
          <span class="bold">又指出</span>在推动以综合办法实现与自然和谐相处的可持续发展方面，地球系统科学发挥着重要作用，</p>
      </container>
      <container name="表示关切" eId="container_19">
        <p xml:space="preserve">
          <span class="bold">表示关切</span>有案可稽的环境恶化、日趋频繁和严重的自然灾害以及人类活动对自然造成的负面影响，认识到需要掌握更多的关于人类活动对生态系统影响的科学知识，以促进并确保与地球建立公平、均衡和可持续的关系，</p>
      </container>
      <container name="认识到" eId="container_20">
        <p xml:space="preserve">
          <span class="bold">认识到</span>可持续发展三个方面的基本统计数据存在提供情况参差不齐的问题，而且需要提高数据的质量和数量，</p>
      </container>
      <container name="重申" eId="container_21">
        <p xml:space="preserve">
          <span class="bold">重申</span>根本改变社会生产和消费方式对实现全球可持续发展必不可少，并重申所有国家都应提倡可持续消费和生产模式，发达国家带头，所有国家都从这一进程中受益，同时考虑到里约各项原则，</p>
      </container>
      <container name="注意到" eId="container_22">
        <p xml:space="preserve">
          <span class="bold">注意到</span>近年来采取了多项可持续发展治理举措，包括关于与自然和谐相处美好生活的政策文件，</p>
      </container>
      <container name="又注意到" eId="container_23">
        <p xml:space="preserve">
          <span class="bold">又注意到</span>被称为《埃斯卡苏协定》的《拉丁美洲和加勒比关于在环境问题上获得信息、公众参与和诉诸法律的区域协定》获得通过并在联合国总部开放供签署，成为第一个具有约束力的这类协定，鼓励《协定》早日生效，促进可持续发展，</p>
      </container>
      <container name="认识到" eId="container_24">
        <p xml:space="preserve">
          <span class="bold">认识到</span>许多古老文明、土著人民和土著文化对人与自然之间和则两利的共生关系有着悠久而深刻的理解，</p>
      </container>
      <container name="又认识到" eId="container_25">
        <p xml:space="preserve">
          <span class="bold">又认识到</span>土著人民和地方社区的传统知识、创新和做法可支持社会福祉和可持续生计，从而有助于推动可持续发展目标等全球努力和举措，</p>
      </container>
      <container name="注意到" eId="container_26">
        <p xml:space="preserve">
          <span class="bold">注意到</span>一些国家正在探讨根据其立法、政策和教育观点审议一份保护自然宣言的可能性，</p>
      </container>
      <container name="又注意到" eId="container_27">
        <p xml:space="preserve">
          <span class="bold">又注意到</span>在促进可持续发展的背景下，一些国家的专业和公共领域出现了关于大自然或地球母亲权利的正规和非正规教育活动，鼓励以综合全面的方式进行教育，提高公众对可持续发展三个方面的认识，</p>
      </container>
      <container name="认识到" eId="container_28">
        <p xml:space="preserve">
          <span class="bold">认识到</span>民间社会、学术界、科学家、当地社区和土著人民为表明地球生物的脆弱特性而开展的工作，以及他们与各国政府和私营部门组织一起为制订更可持续的生产和消费模式和方法所作的努力，</p>
      </container>
      <container name="注意到" eId="container_29">
        <p xml:space="preserve">
          <span class="bold">注意到</span>与自然和谐相处知识网络的专家们所做的工作，他们正合作开展支持联合国的重要活动，其目标是按照可持续发展目标具体目标12.8的规定，确保各国人民都具有与自然和谐相处的可持续发展和生活方式方面的相关信息与意识，</p>
      </container>
      <container name="考虑到" eId="container_30">
        <p xml:space="preserve">
          <span class="bold">考虑到</span>可持续发展是一个综合概念，需要加强不同知识分支的跨学科联系，</p>
      </container>
      <container name="重申" eId="container_31">
        <p xml:space="preserve">
          <span class="bold">重申</span>承诺不让任何一个人掉队，重申认识到人的尊严至关重要，希望看到所有国家和人民以及社会各阶层都实现可持续发展目标和具体目标，并再次承诺首先尽力帮助落在最后面的人，</p>
      </container>
    </preamble>
    <mainBody>
      <paragraph eId="para_32" class="MercuryDocument">
        <num>	1.</num>
        <content eId="para_32__content">
          <p xml:space="preserve">
            <span class="bold">表示注意到</span>秘书长关于与自然和谐相处的报告；<authorialNote marker="12" placement="bottom" eId="authorialNote_12"><p xml:space="preserve"><a href="https://undocs.org/ch/A/74/236">A/74/236</a>。</p></authorialNote></p>
        </content>
      </paragraph>
      <paragraph eId="para_33" class="MercuryDocument">
        <num>	2.</num>
        <content eId="para_33__content">
          <p xml:space="preserve">
            <span class="bold">邀请</span>会员国审议现有的研究报告，并酌情审议秘书长关于与自然和谐相处的各次报告、<authorialNote marker="13" placement="bottom" eId="authorialNote_13"><p xml:space="preserve"><a href="https://undocs.org/ch/A/65/314">A/65/314</a>、<a href="https://undocs.org/ch/A/66/302">A/66/302</a>、<a href="https://undocs.org/ch/A/67/317">A/67/317</a>、<a href="https://undocs.org/ch/A/68/325">A/68/325</a>、<a href="https://undocs.org/ch/A/68/325/Corr.1">A/68/325/Corr.1</a>、<a href="https://undocs.org/ch/A/69/322">A/69/322</a>、<a href="https://undocs.org/ch/A/70/268">A/70/268</a>、<a href="https://undocs.org/ch/A/72/175">A/72/175</a>、<a href="https://undocs.org/ch/A/73/221">A/73/221</a>和<a href="https://undocs.org/ch/A/74/236">A/74/236</a>。</p></authorialNote> 阐述地球法则的大会关于与自然和谐相处的第一次虚拟对话专家摘要报告<authorialNote marker="14" placement="bottom" eId="authorialNote_14"><p xml:space="preserve">		见<a href="https://undocs.org/ch/A/71/266">A/71/266</a>。</p></authorialNote> 以及通过与自然和谐相处促进统筹兼顾可持续发展的经济、社会和环境方面的大会关于与自然和谐相处的互动对话所载结论和建议；</p>
        </content>
      </paragraph>
      <paragraph eId="para_34" class="MercuryDocument">
        <num>	3.</num>
        <content eId="para_34__content">
          <p xml:space="preserve">
            <span class="bold">请</span>大会主席在大会第七十四届会议定于2020年4月22日庆祝国际地球母亲日期间召开的全体会议上，举行一次会员国、联合国系统、独立专家和其他相关利益攸关方参加的互动对话，以讨论和比较过去十年的区域、国家和地方举措，酌情包括在地球法理学方面的法律、政策和教育方面的行动和变革，并讨论与自然和谐相处同保护生物多样性之间的关系，激励公民和社会结合可持续发展重新思考如何与自然世界互动的问题；</p>
        </content>
      </paragraph>
      <paragraph eId="para_35" class="MercuryDocument">
        <num>	4.</num>
        <content eId="para_35__content">
          <p xml:space="preserve">
            <span class="bold">鼓励</span>与自然和谐知识网络的专家酌情就保护地球母亲的区域、地方和国家举措在过去十年的演变情况进行研究，由秘书长在其关于本决议执行情况的报告内加以考虑；</p>
        </content>
      </paragraph>
      <paragraph eId="para_36" class="MercuryDocument">
        <num>	5.</num>
        <content eId="para_36__content">
          <p xml:space="preserve">
            <span class="bold">决定</span>继续每年在4月22日举办国际地球母亲日活动，请秘书长继续提供支持并鼓励会员国在国家一级举办国际日活动；</p>
        </content>
      </paragraph>
      <paragraph eId="para_37" class="MercuryDocument">
        <num>	6.</num>
        <content eId="para_37__content">
          <p xml:space="preserve">
            <span class="bold">表示赞赏地注意到</span>多民族玻利维亚国政府与秘书处经济和社会事务部之间达成的协议，<authorialNote marker="15" placement="bottom" eId="authorialNote_15"><p xml:space="preserve">		可查阅：<a href="http://www.harmonywithnatureun.org/trustfund">www.harmonywithnatureun.org/trustFund</a>。</p></authorialNote> 邀请会员国为可持续发展问题高级别政治论坛信托基金下的与自然和谐相处专项活动捐款，以便除其他外让独立专家能够参加大会关于与自然和谐相处的互动对话，并邀请相关利益攸关方为与自然和谐相处的专项活动捐款；</p>
        </content>
      </paragraph>
      <paragraph eId="para_38" class="MercuryDocument">
        <num>	7.</num>
        <content eId="para_38__content">
          <p xml:space="preserve">
            <span class="bold">请</span>秘书长继续利用经济和社会事务部可持续发展目标司管理的与自然和谐相处网站，收集推动以综合方法实现与自然相和谐的可持续发展和推动整合多学科科学工作的构想和活动方面的信息与建言，包括收集利用传统知识和国家现行立法方面的成功事例；</p>
        </content>
      </paragraph>
      <paragraph eId="para_39" class="MercuryDocument">
        <num>	8.</num>
        <content eId="para_39__content">
          <p xml:space="preserve">
            <span class="bold">呼吁</span>以统筹方式对待可持续发展的三个方面，这将指导人类与自然和谐相处，进而为恢复地球生态系统的健康和完整性作出努力；</p>
        </content>
      </paragraph>
      <paragraph eId="para_40" class="MercuryDocument">
        <num>	9.</num>
        <content eId="para_40__content">
          <p xml:space="preserve">
            <span class="bold">邀请</span>各国酌情开展以下活动：</p>
        </content>
      </paragraph>
      <paragraph eId="para_41" class="MercuryDocument">
        <content eId="para_41__content">
          <p xml:space="preserve">	(a)	依靠现有科学资料进一步发展知识网络，以提出可持续发展三个方面的综合构想，确定能反映与自然和谐相处的驱动因素和价值观及行动的各项方针，以实现可持续发展，并推动支持和确认人类与自然之间的根本关联；</p>
        </content>
      </paragraph>
      <paragraph eId="para_42" class="MercuryDocument">
        <content eId="para_42__content">
          <p xml:space="preserve">	(b)	促进与自然和谐相处，例如土著人民及其他民族的和谐相处形式，向这些文化学习如何保护自然，并支持和推动目前在地方、国家、区域和全球各级正作出的努力，同时考虑到在根据《联合国气候变化框架公约》建立当地社区和土著人民平台方面的最佳做法和取得的进展；</p>
        </content>
      </paragraph>
      <paragraph eId="para_43" class="MercuryDocument">
        <num>	10.</num>
        <content eId="para_43__content">
          <p xml:space="preserve">
            <span class="bold">确认</span>保护和养护生态系统以及避免对动物、植物、微生物和非生物环境的有害做法有助于人类与自然和谐相处，邀请秘书长在关于本决议执行情况的报告中论述这些问题；</p>
        </content>
      </paragraph>
      <paragraph eId="para_44" class="MercuryDocument">
        <num>	11.</num>
        <content eId="para_44__content">
          <p xml:space="preserve">
            <span class="bold">鼓励</span>所有国家制订有关可持续发展三个方面的国家基本统计数据并提高其质量和数量，邀请国际社会和联合国系统相关机构提供能力建设和技术援助，从而支持发展中国家作出的努力；</p>
        </content>
      </paragraph>
      <paragraph eId="para_45" class="MercuryDocument">
        <num>	12.</num>
        <content eId="para_45__content">
          <p xml:space="preserve">
            <span class="bold">确认</span>需要更广泛和多层面地衡量可持续发展的办法，补充国内生产总值这一指标，以更好地为决策提供参考，在这方面注意到统计委员会正在制订工作方案，以开发更广泛的衡量进展的方法，并对该领域的现有努力进行技术评估；<authorialNote marker="16" placement="bottom" eId="authorialNote_16"><p xml:space="preserve">		《经济及社会理事会正式记录，2013年，补编第4号》(<a href="https://undocs.org/ch/E/2013/24">E/2013/24</a>)，第一章，C节，第<a href="https://undocs.org/ch/A/RES/44/114">44/114</a>号决定。</p></authorialNote></p>
        </content>
      </paragraph>
      <paragraph eId="para_46" class="MercuryDocument">
        <num>	13.</num>
        <content eId="para_46__content">
          <p xml:space="preserve">
            <span class="bold">重申</span>《2030年议程》的核心承诺不让任何一个人掉队，承诺采取更多具体措施支持处境脆弱民众和最脆弱国家，首先帮助落在最后面的人；</p>
        </content>
      </paragraph>
      <paragraph eId="para_47" class="MercuryDocument">
        <num>	14.</num>
        <content eId="para_47__content">
          <p xml:space="preserve">
            <span class="bold">请</span>秘书长向大会第七十五届会议提交关于本决议执行情况的报告，并决定在大会第七十五届会议临时议程题为“可持续发展”的项目下，列入题为“与自然和谐相处”的分项。</p>
        </content>
      </paragraph>
    </mainBody>
    <conclusions eId="conclusions">
      <p>
        <inline name="adoptionMeeting" title="第52次">第52次全体会议</inline>
        <eol />
        <docDate date="2019-12-19" refersTo="#adoptionDate">2019年12月19日</docDate>
      </p>
    </conclusions>
  </statement>
</akomaNtoso>