<akomaNtoso xmlns:xsi="http://www.w3.org/2001/XMLSchema-instance" xsi:schemaLocation="http://docs.oasis-open.org/legaldocml/ns/akn/3.0 http://docs.oasis-open.org/legaldocml/akn-core/v1.0/os/part2-specs/schemas/akomantoso30.xsd" xmlns="http://docs.oasis-open.org/legaldocml/ns/akn/3.0" xmlns:html="http://www.w3.org/1999/xhtml" xmlns:akn4un="http://un.org/akn4un">
  <documentCollection name="publication">
    <meta>
      <identification source="#DGACM">
        <FRBRWork>
          <FRBRthis value="/akn/un/statement/deliberation/unga/2019-12-27/74-255/!main/"></FRBRthis>
          <FRBRuri value="/akn/un/statement/deliberation/unga/2019-12-27/74-255/"></FRBRuri>
          <FRBRdate date="2019-12-27" name="adoption"></FRBRdate>
          <FRBRauthor href="ga" as="author"></FRBRauthor>
          <FRBRcountry value="un"></FRBRcountry>
        </FRBRWork>
        <FRBRExpression>
          <FRBRthis value="/akn/un/statement/deliberation/unga/2019-12-27/74-255/zho@!main/"></FRBRthis>
          <FRBRuri value="/akn/un/statement/deliberation/unga/2019-12-27/74-255/zho@/"></FRBRuri>
          <FRBRdate date="2020-01-09" name="publication"></FRBRdate>
          <FRBRauthor href="ga" as="issuer"></FRBRauthor>
          <FRBRlanguage language="zho"></FRBRlanguage>
        </FRBRExpression>
        <FRBRManifestation>
          <FRBRthis value="/akn/un/statement/deliberation/unga/2019-12-27/74-255/zho@/!main.xml"></FRBRthis>
          <FRBRuri value="/akn/un/statement/deliberation/unga/2019-12-27/74-255/zho@.xml"></FRBRuri>
          <FRBRdate date="2020-07-31" name="markup"></FRBRdate>
          <FRBRauthor href="DGACM" as="editor"></FRBRauthor>
        </FRBRManifestation>
      </identification>
      <classification source="http://metadata.un.org/sdg">
        <keyword value="10.4" href="http://metadata.un.org/sdg/10.4" showAs="sdg_10.4" dictionary="SDGO"></keyword>
        <keyword value="social_security" href="http://eurovoc.europa.eu/4050" showAs="social_security" dictionary="EuroVoc"></keyword>
        <keyword value="income_distribution" href="http://metadata.un.org/thesaurus/1003084" showAs="income_distribution" dictionary="UNBIS Thesaurus"></keyword>
        <keyword value="social_security" href="http://metadata.un.org/thesaurus/1005985" showAs="social_security" dictionary="UNBIS Thesaurus"></keyword>
        <keyword value="wages" href="http://metadata.un.org/thesaurus/1006915" showAs="wages" dictionary="UNBIS Thesaurus"></keyword>
      </classification>
      <classification source="http://metadata.un.org/sdg">
        <keyword value="3.c" href="http://metadata.un.org/sdg/3.c" showAs="sdg_3.c" dictionary="SDGO"></keyword>
        <keyword value="power_of_implementation" href="http://eurovoc.europa.eu/2577" showAs="power_of_implementation" dictionary="EuroVoc"></keyword>
        <keyword value="health_personnel" href="http://metadata.un.org/thesaurus/1002836" showAs="health_personnel" dictionary="UNBIS Thesaurus"></keyword>
        <keyword value="human_resources" href="http://metadata.un.org/thesaurus/1002974" showAs="human_resources" dictionary="UNBIS Thesaurus"></keyword>
        <keyword value="physicians" href="http://metadata.un.org/thesaurus/1004903" showAs="physicians" dictionary="UNBIS Thesaurus"></keyword>
      </classification>
      <classification source="http://metadata.un.org/sdg">
        <keyword value="9.5" href="http://metadata.un.org/sdg/9.5" showAs="sdg_9.5" dictionary="SDGO"></keyword>
        <keyword value="research_and_development" href="http://eurovoc.europa.eu/5237" showAs="research_and_development" dictionary="EuroVoc"></keyword>
        <keyword value="research_and_development" href="http://metadata.un.org/thesaurus/1005499" showAs="research_and_development" dictionary="UNBIS Thesaurus"></keyword>
      </classification>
      <workflow source="#un">
        <step date="2019-12-27" outcome="draftResolution" as="A/C.5/74/L.3" by="submitted by the Chair of the Committee" />
        <step date="0001-01-01" outcome="draftResolutionAdditionalSponsors" by="" />
        <step date="0001-01-01" outcome="recommendedForAdoption" as="A/74/600" by="" refersTo="8" />
        <step date="2019-12-27" outcome="adopted" as="A/74/PV.52" by="" />
      </workflow>
      <analysis source="#un">
        <parliamentary>
          <voting outcome="adoptedWithoutVote">
            <quorum value=""></quorum>
          </voting>
        </parliamentary>
      </analysis>
      <references source="#DGACM">
        <TLCOrganization eId="source" href="/akn/ontology/organization/un/DGACM" showAs="DGACM"></TLCOrganization>
        <TLCConcept eId="dateOfIssuance" href="/akn/ontology/concept/un/dateOfIssuance" showAs="Date of issuance"></TLCConcept>
        <TLCConcept eId="dateOfAdoption" href="/akn/ontology/concept/un/dateOfAdoption" showAs="Date of adoption"></TLCConcept>
        <TLCConcept eId="symbol" href="/akn/ontology/reference/un/symbol" showAs="Symbol"></TLCConcept>
        <TLCRole eId="publisher" href="/akn/ontology/role/un/publisher" showAs="Publisher"></TLCRole>
        <TLCRole eId="issuingBody" href="/akn/role/concept/un/issuingBody" showAs="Issuing body"></TLCRole>
        <TLCRole eId="author" href="/akn/ontology/role/un/author" showAs="Author"></TLCRole>
        <TLCRole eId="editor" href="/akn/ontology/role/un/editor" showAs="Editor"></TLCRole>
        <TLCRole eId="distribution" href="/akn/ontology/concept/un/generalDistribution" showAs="General distribution"></TLCRole>
        <TLCOrganization eId="ga" href="/akn/ontology/organization/un/generalAssembly" showAs="General Assembly"></TLCOrganization>
        <TLCTerm eId="resolutionTitle" href="/akn/ontology/reference/un/resolutionTitle" showAs="Resolution title"></TLCTerm>
        <TLCTerm eId="fifthCommittee" href="#fifthCommittee" showAs="Fifth Committee"></TLCTerm>
        <TLCTerm eId="memberState" href="/akn/ontology/organization/un/memberState" showAs="Member State"></TLCTerm>
        <TLCTerm eId="inFavour" href="/akn/ontology/concept/un/voting/inFavour" showAs="In favour"></TLCTerm>
        <TLCTerm eId="against" href="/akn/ontology/concept/un/voting/against" showAs="Against"></TLCTerm>
        <TLCTerm eId="abstaining" href="/akn/ontology/concept/un/voting/abstaining" showAs="Abstaining"></TLCTerm>
      </references>
      <presentation source="#un">
        <akn4un:footerFirstPage>
          <akn4un:footerFirstPageLeft>
            <akn4un:internalCode>
              <docketNumber refersTo="#publicationJobNumber">20-00330 (C)</docketNumber>
              <img alt="bar code" class="barCode" src=""></img>
            </akn4un:internalCode>
          </akn4un:footerFirstPageLeft>
          <akn4un:footerFirstPageRight>
            <img alt="Please recycle" class="image" src="./recylcleLogo.jpg"></img>
            <img alt="embedded QR code" class="qrCode" src=""></img>
          </akn4un:footerFirstPageRight>
        </akn4un:footerFirstPage>
      </presentation>
    </meta>
    <coverPage eId="coverPage_1">
      <p>
        <span refersTo="#publisher" class="upperLeft">
          <docAuthority refersTo="#publisher">联合国</docAuthority>
        </span>
      </p>
      <p class="upperRight">
        <docNumber refersTo="#symbol">A/RES/74/255</docNumber>
      </p>
      <p class="upperLeft">
        <img src="logo-un.jpg"></img>
        <docAuthority refersTo="#issuingBody" class="rightBig">大会</docAuthority>
      </p>
      <p>
        <docStatus refersTo="#generalDistribution" class="rightSmall">Distr.: General</docStatus>
      </p>
      <p>
        <docDate date="2020-01-10" class="rightSmall" refersTo="#dateOfIssuance">10 January 2020</docDate>
      </p>
      <p>
        <session refersTo="#generalAssembly" value="74" eId="coverPage_1__session_1">第七十四届会议</session>
      </p>
      <p>
        <inline name="agenda item">议程项目142</inline>
      </p>
      <p>
        <inline name="agenda item name">联合国共同制度</inline>
      </p>
      <p>
        <docTitle>2019年12月27日大会决议</docTitle>
      </p>
      <p xml:space="preserve">
        <docProponent refersTo="#fifthCommittee">[根据第五委员会的报告 (<inline name="originating document">A/74/600</inline>)]</docProponent>
      </p>
    </coverPage>
    <preface>
      <p>
        <docNumber>74/255.</docNumber>
        <docTitle refersTo="#resolutionTitle">联合国共同制度</docTitle>
      </p>
    </preface>
    <collectionBody>
      <component eId="comp_def_0">
        <documentRef eId="compRef_0" href="comp_0" showAs="Resolution A"></documentRef>
      </component>
      <component eId="comp_def_1">
        <documentRef eId="compRef_1" href="comp_1" showAs="Resolution B"></documentRef>
      </component>
    </collectionBody>
  </documentCollection>
  <components>
    <component eId="comp_0">
      <statement name="resolution">
        <meta>
          <identification source="#DGACM">
            <FRBRWork>
              <FRBRthis value="/akn/un/statement/deliberation/unga/2019-12-27/74-255A/!main/"></FRBRthis>
              <FRBRuri value="/akn/un/statement/deliberation/unga/2019-12-27/74-255A/"></FRBRuri>
              <FRBRdate date="2019-12-27" name="adoption"></FRBRdate>
              <FRBRauthor href="ga" as="author"></FRBRauthor>
              <FRBRcountry value="un"></FRBRcountry>
            </FRBRWork>
            <FRBRExpression>
              <FRBRthis value="/akn/un/statement/deliberation/unga/2019-12-27/74-255A/zho@!main/"></FRBRthis>
              <FRBRuri value="/akn/un/statement/deliberation/unga/2019-12-27/74-255A/zho@/"></FRBRuri>
              <FRBRdate date="2020-01-09" name="publication"></FRBRdate>
              <FRBRauthor href="ga" as="issuer"></FRBRauthor>
              <FRBRlanguage language="zho"></FRBRlanguage>
            </FRBRExpression>
            <FRBRManifestation>
              <FRBRthis value="/akn/un/statement/deliberation/unga/2019-12-27/74-255A/zho@/!main.xml"></FRBRthis>
              <FRBRuri value="/akn/un/statement/deliberation/unga/2019-12-27/74-255A/zho@.xml"></FRBRuri>
              <FRBRdate date="2020-08-31" name="markup"></FRBRdate>
              <FRBRauthor href="DGACM" as="editor"></FRBRauthor>
            </FRBRManifestation>
          </identification>
        </meta>
        <preface>
          <p>
            <docNumber>A</docNumber>
            <docTitle refersTo="#resolutionTitle"></docTitle>
          </p>
        </preface>
    <preamble>
      <formula name="enactingFormula" eId="formula_1">
        <p xml:space="preserve">
          <span class="bold">大会</span>，</p>
      </formula>
      <container name="回顾" eId="container_2">
        <p xml:space="preserve">
          <span class="bold">回顾</span>其1972年12月19日第3042(XXVII)号、1974年12月18日第3357(XXIX)号、1989年12月21日第<a href="https://undocs.org/ch/A/RES/44/198">44/198</a>号、1991年5月3日第<a href="https://undocs.org/ch/A/RES/45/259">45/259</a>号、1993年12月23日第<a href="https://undocs.org/ch/A/RES/48/224">48/224</a>号、1996年12月18日第<a href="https://undocs.org/ch/A/RES/51/216">51/216</a>号、1997年12月22日第<a href="https://undocs.org/ch/A/RES/52/216">52/216</a>号、1998年12月18日第<a href="https://undocs.org/ch/A/RES/53/209">53/209</a>号、1999年12月23日第<a href="https://undocs.org/ch/A/RES/54/238">54/238</a>号、2000年12月23日第<a href="https://undocs.org/ch/A/RES/55/223">55/223</a>号、2001年12月24日第<a href="https://undocs.org/ch/A/RES/56/244">56/244</a>号、2002年12月20日第<a href="https://undocs.org/ch/A/RES/57/285">57/285</a>号、2003年12月23日第<a href="https://undocs.org/ch/A/RES/58/251">58/251</a>号、2004年12月23日第<a href="https://undocs.org/ch/A/RES/59/268">59/268</a>号、2005年12月23日第<a href="https://undocs.org/ch/A/RES/60/248">60/248</a>号、2006年12月22日第<a href="https://undocs.org/ch/A/RES/61/239">61/239</a>号、2007年12月22日第<a href="https://undocs.org/ch/A/RES/62/227">62/227</a>号、2008年12月24日第<a href="https://undocs.org/ch/A/RES/63/251">63/251</a>号、2009年12月22日第<a href="https://undocs.org/ch/A/RES/64/231">64/231</a>号、2010年12月24日第<a href="https://undocs.org/ch/A/RES/65/248">65/248</a>号、2011年12月24日第66/235A号、2012年6月21日第66/235B号、2013年4月12日第<a href="https://undocs.org/ch/A/RES/67/257">67/257</a>号、2013年12月27日第<a href="https://undocs.org/ch/A/RES/68/253">68/253</a>号、2014年12月29日第<a href="https://undocs.org/ch/A/RES/69/251">69/251</a>号、2015年12月23日第<a href="https://undocs.org/ch/A/RES/70/244">70/244</a>号、2016年12月23日第<a href="https://undocs.org/ch/A/RES/71/264">71/264</a>号、2017年12月24日第<a href="https://undocs.org/ch/A/RES/72/255">72/255</a>号和2018年12月22日第<a href="https://undocs.org/ch/A/RES/73/273">73/273</a>号决议以及2012年12月24日第67/551号决定，</p>
      </container>
      <container name="重申决心" eId="container_3">
        <p xml:space="preserve">
          <span class="bold">重申决心</span>维持一个单一、统一的联合国共同制度，作为规定和协调联合国共同制度服务条件的基础，</p>
      </container>
      <container name="强调" eId="container_4">
        <p xml:space="preserve">
          <span class="bold">强调</span>维持一致和统一的联合国共同制度的重要性和益处，</p>
      </container>
      <container name="再次要求" eId="container_5">
        <p xml:space="preserve">
          <span class="bold">再次要求</span>联合国共同制度所有组织在与薪金、津贴和服务条件相关事项上与国际公务员制度委员会合作，</p>
      </container>
      <container name="表示关切" eId="container_6">
        <p xml:space="preserve">
          <span class="bold">表示关切</span>联合国共同制度日内瓦工作地点2016年实施工作地点差价调整数的结果造成不一致的情况，</p>
      </container>
    </preamble>
    <mainBody>
      <paragraph eId="para_7" class="MercuryDocument">
        <num>	1.</num>
        <content eId="para_7__content">
          <p xml:space="preserve">
            <span class="bold">重申</span>，根据国际公务员制度委员会规约第11(c)条，<authorialNote marker="1" placement="bottom" eId="authorialNote_1"><p xml:space="preserve">		第<a href="https://undocs.org/ch/A/RES/3357(XXIX)">3357(XXIX)</a>号决议，附件。</p></authorialNote> 委员会有权继续确定联合国共同制度各工作地点差价调整数乘数；</p>
        </content>
      </paragraph>
      <paragraph eId="para_8" class="MercuryDocument">
        <num>	2.</num>
        <content eId="para_8__content">
          <p xml:space="preserve">
            <span class="bold">回顾</span>，其第<a href="https://undocs.org/ch/A/RES/44/198">44/198</a>号和第<a href="https://undocs.org/ch/A/RES/45/259">45/259</a>号决议取消了委员会规约第10(b)条提及的工作地点差价调整数额表；重申，根据委员会规约第11(c)条，委员会有权继续确定每个工作地点的工作地点差价调整数乘数的点数；</p>
        </content>
      </paragraph>
      <paragraph eId="para_9" class="MercuryDocument">
        <num>	3.</num>
        <content eId="para_9__content">
          <p xml:space="preserve">
            <span class="bold">敦促</span>联合国共同制度成员组织根据委员会规约的规定与其充分合作，优先并尽早恢复工作地点差价调整数制度的一致性和统一性；</p>
        </content>
      </paragraph>
      <paragraph eId="para_10" class="MercuryDocument">
        <num>	4.</num>
        <content eId="para_10__content">
          <p xml:space="preserve">
            <span class="bold">回顾</span>其1986年12月11日第<a href="https://undocs.org/ch/A/RES/41/207">41/207</a>号决议，重申各专门机构的理事机构在与共同制度相关的事项上不采取与大会立场相左的立场的重要性；</p>
        </content>
      </paragraph>
      <paragraph eId="para_11" class="MercuryDocument">
        <num>	5.</num>
        <content eId="para_11__content">
          <p xml:space="preserve">
            <span class="bold">又回顾</span>其第<a href="https://undocs.org/ch/A/RES/48/224">48/224</a>号决议，再次要求共同制度各组织行政首长在处理联合国系统各法庭正在审议的与委员会建议和决定相关的案件时，征求委员会的意见，并再次敦促各组织理事机构确保其行政首长遵守这一要求。</p>
        </content>
      </paragraph>
    </mainBody>
    <conclusions eId="conclusions">
      <p>
        <inline name="adoptionMeeting" title="第52次">第52次全体会议（续会）</inline>
        <eol />
        <docDate date="2019-12-27" refersTo="#adoptionDate">2019年12月27日</docDate>
      </p>
    </conclusions>
      </statement>
    </component>
    <component eId="comp_1">
      <statement name="resolution">
        <meta>
          <identification source="#DGACM">
            <FRBRWork>
              <FRBRthis value="/akn/un/statement/deliberation/unga/2019-12-27/74-255B/!main/"></FRBRthis>
              <FRBRuri value="/akn/un/statement/deliberation/unga/2019-12-27/74-255B/"></FRBRuri>
              <FRBRdate date="2019-12-27" name="adoption"></FRBRdate>
              <FRBRauthor href="ga" as="author"></FRBRauthor>
              <FRBRcountry value="un"></FRBRcountry>
            </FRBRWork>
            <FRBRExpression>
              <FRBRthis value="/akn/un/statement/deliberation/unga/2019-12-27/74-255B/zho@!main/"></FRBRthis>
              <FRBRuri value="/akn/un/statement/deliberation/unga/2019-12-27/74-255B/zho@/"></FRBRuri>
              <FRBRdate date="2020-01-09" name="publication"></FRBRdate>
              <FRBRauthor href="ga" as="issuer"></FRBRauthor>
              <FRBRlanguage language="zho"></FRBRlanguage>
            </FRBRExpression>
            <FRBRManifestation>
              <FRBRthis value="/akn/un/statement/deliberation/unga/2019-12-27/74-255B/zho@/!main.xml"></FRBRthis>
              <FRBRuri value="/akn/un/statement/deliberation/unga/2019-12-27/74-255B/zho@.xml"></FRBRuri>
              <FRBRdate date="2020-08-31" name="markup"></FRBRdate>
              <FRBRauthor href="DGACM" as="editor"></FRBRauthor>
            </FRBRManifestation>
          </identification>
        </meta>
        <preface>
          <p>
            <docNumber>B</docNumber>
            <docTitle refersTo="#resolutionTitle"></docTitle>
          </p>
        </preface>
    <preamble>
      <formula name="enactingFormula" eId="formula_1">
        <p xml:space="preserve">
          <span class="bold">大会，</span>
        </p>
      </formula>
      <container name="回顾" eId="container_15">
        <p xml:space="preserve">
          <span class="bold">回顾</span>其1989年12月21日第<a href="https://undocs.org/ch/A/RES/44/198">44/198</a>号、1996年12月18日第<a href="https://undocs.org/ch/A/RES/51/216">51/216</a>号、1997年12月22日第<a href="https://undocs.org/ch/A/RES/52/216">52/216</a>号、1998年12月18日第<a href="https://undocs.org/ch/A/RES/53/209">53/209</a>号、1999年12月23日第<a href="https://undocs.org/ch/A/RES/54/238">54/238</a>号、2000年12月23日第<a href="https://undocs.org/ch/A/RES/55/223">55/223</a>号、2001年12月24日第<a href="https://undocs.org/ch/A/RES/56/244">56/244</a>号、2002年12月20日第<a href="https://undocs.org/ch/A/RES/57/285">57/285</a>号、2003年12月23日第<a href="https://undocs.org/ch/A/RES/58/251">58/251</a>号、2004年12月23日第<a href="https://undocs.org/ch/A/RES/59/268">59/268</a>号、2005年12月23日第<a href="https://undocs.org/ch/A/RES/60/248">60/248</a>号、2006年12月22日第<a href="https://undocs.org/ch/A/RES/61/239">61/239</a>号、2007年12月22日第<a href="https://undocs.org/ch/A/RES/62/227">62/227</a>号、2008年12月24日第<a href="https://undocs.org/ch/A/RES/63/251">63/251</a>号、2009年12月22日第<a href="https://undocs.org/ch/A/RES/64/231">64/231</a>号、2010年12月24日第<a href="https://undocs.org/ch/A/RES/65/248">65/248</a>号、2011年12月24日第66/235A号、2012年6月21日第66/235B号、2013年4月12日第<a href="https://undocs.org/ch/A/RES/67/257">67/257</a>号、2013年12月27日第<a href="https://undocs.org/ch/A/RES/68/253">68/253</a>号、2014年12月29日第<a href="https://undocs.org/ch/A/RES/69/251">69/251</a>号、2015年12月23日第<a href="https://undocs.org/ch/A/RES/70/244">70/244</a>号、2016年12月23日第<a href="https://undocs.org/ch/A/RES/71/264">71/264</a>号、2017年12月24日第<a href="https://undocs.org/ch/A/RES/72/255">72/255</a>号和2018年12月22日第<a href="https://undocs.org/ch/A/RES/73/273">73/273</a>号决议以及2012年12月24日第67/551号决定，</p>
      </container>
      <container name="审议了" eId="container_16">
        <p xml:space="preserve">
          <span class="bold">	审议了</span>国际公务员制度委员会2019年报告，<authorialNote marker="2" placement="bottom" eId="authorialNote_2"><p xml:space="preserve">		《大会正式记录，第七十四届会议，补编第30号》(<a href="https://undocs.org/ch/A/74/30">A/74/30</a>)。</p></authorialNote></p>
      </container>
      <container name="重申" eId="container_17">
        <p xml:space="preserve">
          <span class="bold">	重申</span>决心维持一个单一、统一的联合国共同制度，作为规定和协调联合国共同制度服务条件的基础，</p>
      </container>
    </preamble>
    <mainBody>
      <paragraph eId="para_18" class="MercuryDocument">
        <num>	1.</num>
        <content eId="para_18__content">
          <p xml:space="preserve">
            <span class="bold">表示赞赏地注意到</span>国际公务员制度委员会的工作；</p>
        </content>
      </paragraph>
      <paragraph eId="para_19" class="SingleTxt">
        <num>	2.</num>
        <content eId="para_19__content">
          <p xml:space="preserve">
            <span class="bold">欢迎</span>委员会2019年报告；<sup>2</sup></p>
        </content>
      </paragraph>
      <paragraph eId="para_20" class="MercuryDocument">
        <num>	3.</num>
        <content eId="para_20__content">
          <p xml:space="preserve">
            <span class="bold">重申</span>大会在核准联合国共同制度各组织所有工作人员服务条件和应享权利方面的作用，同时铭记委员会规约<authorialNote marker="3" placement="bottom" eId="authorialNote_3"><p xml:space="preserve">		第<a href="https://undocs.org/ch/A/RES/3357(XXIX)">3357(XXIX)</a>号决议，附件。</p></authorialNote> 第10和11条；</p>
        </content>
      </paragraph>
      <paragraph eId="para_21" class="MercuryDocument">
        <num>	4.</num>
        <content eId="para_21__content">
          <p xml:space="preserve">
            <span class="bold">回顾</span>委员会规约第10和11条，并重申委员会在规定和协调联合国共同制度各组织所有工作人员服务条件和应享权利方面的核心作用；</p>
        </content>
      </paragraph>
      <paragraph eId="para_22" class="MercuryDocument">
        <num>	5.</num>
        <content eId="para_22__content">
          <p xml:space="preserve">
            <span class="bold">关切地注意到</span>，关于2014年1月1日之前加入各组织的工作人员的规定离职年龄，虽然许多组织已实行经核准的规定离职年龄，但有些组织决定采用不同的执行日期；</p>
        </content>
      </paragraph>
      <paragraph eId="para_23" class="MercuryDocument">
        <num>	6.</num>
        <content eId="para_23__content">
          <p xml:space="preserve">
            <span class="bold">再次请</span>委员会建议采取措施应对不遵循委员会决定和建议的问题，并请委员会就此向大会第七十五届会议提出报告；</p>
        </content>
      </paragraph>
      <paragraph eId="para_24" class="MercuryDocument">
        <num>	7.</num>
        <content eId="para_24__content">
          <p xml:space="preserve">
            <span class="bold">表示关切</span>联合国共同制度在日内瓦工作地点同时适用两个工作地点差价调整数乘数，敦促委员会及其成员组织按照委员会规约第11(c)条的规定优先维护日内瓦工作地点统一工作地点差价调整数乘数，并请委员会就此向大会第七十五届会议提出报告；</p>
        </content>
      </paragraph>
      <paragraph eId="para_25" class="MercuryDocument">
        <num>	8.</num>
        <content eId="para_25__content">
          <p xml:space="preserve">
            <span class="bold">关切地注意到</span>委员会报告中强调指出，联合国共同制度各组织面临着在共同制度各组织之间设立两个具有并行管辖权的独立行政法庭的挑战，请秘书长以联合国系统行政首长协调理事会主席的身份对共同制度的管辖设置进行审查，并尽快向大会提交审查结果和建议；</p>
        </content>
      </paragraph>
      <paragraph eId="para_26" class="MercuryDocument">
        <num>	9.</num>
        <content eId="para_26__content">
          <p xml:space="preserve">
            <span class="bold">请</span>秘书长以联合国系统行政首长协调理事会主席的身份，全力确保大会各项决定在整个联合国共同制度内全面执行，没有无故拖延；</p>
        </content>
      </paragraph>
      <paragraph eId="para_27" class="MercuryDocument">
        <num>	10.</num>
        <content eId="para_27__content">
          <p xml:space="preserve">
            <span class="bold">请</span>委员会就其秘书处内的沟通和法律专门知识职能以及对所有相关利益攸关方的工作和接触进行需求评估，并在下一次报告中提出建议；</p>
        </content>
      </paragraph>
      <section>
      <paragraph eId="para_28" class="MercuryDocument">
        <num>一</num>
        <subheading> 适用于两职类工作人员的服务条件</subheading>
      </paragraph>
      <crossHeading refersTo="#preamble" eId="preamble_29">
        <span class="bold">	重申</span>其第<a href="https://undocs.org/ch/A/RES/72/255">72/255</a>号决议第一.B节第1段，其中核准了评定不同水平业绩的考绩与业绩管理原则和准则；</crossHeading>
        <paragraph eId="para_30" class="MercuryDocument">
          <content eId="para_32__content">
            <p xml:space="preserve">
        <span class="bold">	敦促</span>联合国共同制度各组织继续遵守这些原则和准则，并请委员会向大会第七十五届会议报告这些原则和准则的执行情况；</p>
          </content>
        </paragraph>
      </section>
      <section>
        <paragraph eId="para_31" class="MercuryDocument">
          <num>二</num>
          <subheading> 专业及以上职类工作人员的服务条件</subheading>
      </paragraph>
      <subsection>
      <paragraph eId="para_32" class="MercuryDocument">
        <num>	A.</num>
          <subheading>	基薪/底薪表</subheading>
      </paragraph>
      <crossHeading refersTo="#preamble" eId="preamble_33">
        <span class="bold">	回顾</span>其第<a href="https://undocs.org/ch/A/RES/44/198">44/198</a>号决议，其中大会参考参照国公务员系统(美国联邦公务员系统)基准城市对应职位公务人员的相应基薪净额，确定了专业及以上职类工作人员的底薪净额，</crossHeading>
      <paragraph eId="para_34" class="MercuryDocument">
        <content eId="para_34__content">
          <p xml:space="preserve">
            <span class="bold">	核准</span>按照委员会报告第63段的建议，自2020年1月1日起实行该报告附件4所列专业及以上职类工作人员的订正统一基薪/底薪表和更新薪酬保护点；</p>
        </content>
      </paragraph>
      </subsection>
      <subsection>
      <paragraph eId="para_35" class="MercuryDocument">
        <num>	B.</num>
        <subheading>	比值的演变和维持适当中点的比值管理</subheading>
      </paragraph>
      <crossHeading refersTo="#preamble" eId="preamble_36">
        <span class="bold">	回顾</span>其第<a href="https://undocs.org/ch/A/RES/51/216">51/216</a>号决议第一.B节以及大会给予的长期任务，其中要求委员会继续审查在纽约的联合国专业及以上职类工作人员薪酬净额与在华盛顿哥伦比亚特区的参照国公务员系统(美国联邦公务员系统)对应职位雇员薪酬净额之间的关系(称为“比值”)，</crossHeading>
      <paragraph eId="para_37" class="MercuryDocument">
        <num>	1.</num>
        <content eId="para_37__content">
          <p xml:space="preserve">
            <span class="bold">重申</span>纽约联合国专业及以上职类工作人员薪酬净额与参照国公务员系统对应职位公务人员薪酬净额比值应继续适用110至120的幅度，但有一项谅解，即一段时间内比值应维持在适当中点115上下；</p>
        </content>
      </paragraph>
      <paragraph eId="para_38" class="MercuryDocument">
        <num>	2.</num>
        <content eId="para_38__content">
          <p xml:space="preserve">
            <span class="bold">注意到</span>2019年1月1日至12月31日期间纽约P-1至D-2职等联合国工作人员薪酬净额与华盛顿哥伦比亚特区美国联邦公务员系统对应职位公务人员薪酬净额的比值为113.4；</p>
        </content>
      </paragraph>
      <paragraph eId="para_39" class="MercuryDocument">
        <num>	3.</num>
        <content eId="para_39__content">
          <p xml:space="preserve">
            <span class="bold">回顾</span>其第<a href="https://undocs.org/ch/A/RES/70/244">70/244</a>号决议所载决定，即如果比值变动超越触发点113或117，则委员会应运用工作地点差价调整数制度，采取适当行动；</p>
        </content>
      </paragraph>
      <paragraph eId="para_40" class="MercuryDocument">
        <num>	4.</num>
        <content eId="para_40__content">
          <p xml:space="preserve">
            <span class="bold">注意到</span>委员会决定继续监测该比值，并在比值变动超越触发点113或117时，运用工作地点差价调整数制度，采取必要矫正行动；</p>
        </content>
      </paragraph>
      </subsection>
      <subsection>
      <paragraph eId="para_41" class="MercuryDocument">
        <num>	C.</num>
        <subheading>	教育补助金</subheading>
      </paragraph>
        <paragraph eId="para_42" class="MercuryDocument">
          <content eId="para_42__content">
            <p xml:space="preserve">
        <span class="bold">	决定</span>推迟审议委员会关于订正滑动报销比例表和一笔总付寄宿费的建议，并请委员会在其下一次报告中详细审查报销比例表和一笔总付寄宿费数额，同时考虑到每个家庭的最高限额；</p>
          </content>
        </paragraph>
      </subsection>
        <subsection>
        <paragraph eId="para_43" class="MercuryDocument">
        <num>	D.</num>
          <subheading>	艰苦条件津贴</subheading>
      </paragraph>
        <paragraph eId="para_44" class="MercuryDocument">
          <content eId="para_44_content">
          <p xml:space="preserve">
        <span class="bold">	注意到</span>委员会决定根据其规约第11(b)条，自2020年1月1日起将艰苦条件津贴数额增加2%；</p>
          </content>
        </paragraph>
        </subsection>
        <subsection>
      <paragraph eId="para_45" class="MercuryDocument">
        <num>	E.</num>
        <subheading>	流动奖励</subheading>
      </paragraph>
      <paragraph eId="para_46" class="MercuryDocument">
        <num>	1.</num>
        <content eId="para_46__content">
          <p xml:space="preserve">
            <span class="bold">注意到</span>委员会决定根据其规约第11(b)条，将流动奖励下限定为每年6 700美元，并自2020年1月1日起适用委员会报告第142段所载调整后的矩阵表；</p>
        </content>
      </paragraph>
      <paragraph eId="para_47" class="MercuryDocument">
        <num>	2.</num>
        <content eId="para_47__content">
          <p xml:space="preserve">
            <span class="bold">又注意到</span>委员会报告关于其2021年审查流动奖励计划的第144段，敦促委员会彻底审查现行流动奖励方案在鼓励工作人员向外地工作地点流动方面的目的、效力和效率，并在其2021年报告中详细报告审查结果；</p>
        </content>
      </paragraph>
      <paragraph eId="para_48" class="MercuryDocument">
        <num>	3.</num>
        <content eId="para_48__content">
          <p xml:space="preserve">
            <span class="bold">鼓励</span>联合国共同制度各组织考虑采用替代行政措施，包括非金钱奖励措施，促进工作人员流动。</p>
        </content>
      </paragraph>
      </subsection>
      </section>
    </mainBody>
        <conclusions eId="conclusions">
          <p>
            <inline name="adoptionMeeting" title="52nd">第52次全体会议（续会）</inline>
            <eol />
            <docDate date="2019-12-27" refersTo="#adoptionDate">2019年12月27日</docDate>
          </p>
        </conclusions>
      </statement>
    </component>
  </components>
</akomaNtoso>