<akomaNtoso xmlns:xsi="http://www.w3.org/2001/XMLSchema-instance" xsi:schemaLocation="http://docs.oasis-open.org/legaldocml/ns/akn/3.0 http://docs.oasis-open.org/legaldocml/akn-core/v1.0/os/part2-specs/schemas/akomantoso30.xsd" xmlns="http://docs.oasis-open.org/legaldocml/ns/akn/3.0" xmlns:html="http://www.w3.org/1999/xhtml" xmlns:akn4un="http://un.org/akn4un">
  <statement name="resolution">
    <meta>
      <identification source="#DGACM">
        <FRBRWork>
          <FRBRthis value="/akn/un/statement/deliberation/unga/2019-12-27/74-248/!main/"></FRBRthis>
          <FRBRuri value="/akn/un/statement/deliberation/unga/2019-12-27/74-248/"></FRBRuri>
          <FRBRdate date="2019-12-27" name="adoption"></FRBRdate>
          <FRBRauthor href="ga" as="author"></FRBRauthor>
          <FRBRcountry value="un"></FRBRcountry>
        </FRBRWork>
        <FRBRExpression>
          <FRBRthis value="/akn/un/statement/deliberation/unga/2019-12-27/74-248/zho@!main/"></FRBRthis>
          <FRBRuri value="/akn/un/statement/deliberation/unga/2019-12-27/74-248/zho@/"></FRBRuri>
          <FRBRdate date="2020-01-21" name="publication"></FRBRdate>
          <FRBRauthor href="ga" as="issuer"></FRBRauthor>
          <FRBRlanguage language="zho"></FRBRlanguage>
        </FRBRExpression>
        <FRBRManifestation>
          <FRBRthis value="/akn/un/statement/deliberation/unga/2019-12-27/74-248/zho@/!main.xml"></FRBRthis>
          <FRBRuri value="/akn/un/statement/deliberation/unga/2019-12-27/74-248/zho@.xml"></FRBRuri>
          <FRBRdate date="2020-08-29" name="markup"></FRBRdate>
          <FRBRauthor href="DGACM" as="editor"></FRBRauthor>
        </FRBRManifestation>
      </identification>
      <classification source="http://metadata.un.org/sdg">
        <keyword value="3" href="http://metadata.un.org/sdg/3" showAs="sdg_3" dictionary="SDGO"></keyword>
        <keyword value="public_health" href="http://eurovoc.europa.eu/3885" showAs="public_health" dictionary="EuroVoc"></keyword>
        <keyword value="health" href="http://metadata.un.org/thesaurus/1002824" showAs="health" dictionary="UNBIS Thesaurus"></keyword>
      </classification>
      <workflow source="#un">
        <step date="2019-11-27" outcome="draftResolution" as="A/74/L.20" by="Andorra, Argentina, Armenia, Austria, Azerbaijan, Belarus, Belgium, Bolivia (Plurinational State of), Bosnia and Herzegovina, Burkina Faso, Canada, Costa Rica, Croatia, Cyprus, Czechia, Democratic Republic of the Congo, Denmark, Egypt, Equatorial Guinea, Estonia, Finland, France, Ghana, Greece, Hungary, Iceland, Indonesia, Iraq, Ireland, Jordan, Lao People's Democratic  Republic, Latvia, Lebanon, Liechtenstein, Lithuania, Luxembourg, Malta, Mexico, Monaco, Mongolia, Montenegro, Nauru, Netherlands, New Zealand, North Macedonia, Paraguay, Poland, Portugal, Republic of Korea, Russian Federation, San Marino, Serbia, Sierra Leone, Slovakia, Slovenia, Somalia, South Africa, Spain, Sudan, Sweden, Switzerland, Tunisia and Turkey" />
        <step date="0001-01-01" outcome="draftResolutionAdditionalSponsors" by="Albania, Algeria, Antigua and Barbuda, Australia, Bangladesh, Benin, Brazil, Bulgaria, Burundi, Cabo Verde, Central African Republic, Chad, Chile, Colombia, Congo, Côte d'Ivoire, Cuba, Democratic People's Republic of Korea, Djibouti, Ecuador, El Salvador, Ethiopia, Fiji, Gabon, Gambia, Georgia, Germany, Guinea, Guinea-Bissau, Honduras, Italy, Kazakhstan, Kenya, Kuwait, Liberia, Libya, Malawi, Malaysia, Marshall Islands, Mauritius, Micronesia (Federated States of), Morocco, Mozambique, Myanmar, Namibia, Nicaragua, Niger, Nigeria, Norway, Palau, Panama, Papua New Guinea, Peru, Philippines, Romania, Senegal, Singapore, Suriname, Thailand, Togo, Ukraine, United Republic of Tanzania, Uruguay, Viet Nam and Zambia" />
        <step date="0001-01-01" outcome="recommendedForAdoption" by="" />
        <step date="2019-12-27" outcome="adopted" as="A/74/PV.52" by="" />
      </workflow>
      <analysis source="#un">
        <parliamentary>
          <voting outcome="adoptedWithoutVote">
            <quorum value=""></quorum>
          </voting>
        </parliamentary>
      </analysis>
      <references source="#DGACM">
        <TLCOrganization eId="source" href="/akn/ontology/organization/un/DGACM" showAs="DGACM"></TLCOrganization>
        <TLCConcept eId="dateOfIssuance" href="/akn/ontology/concept/un/dateOfIssuance" showAs="Date of issuance"></TLCConcept>
        <TLCConcept eId="dateOfAdoption" href="/akn/ontology/concept/un/dateOfAdoption" showAs="Date of adoption"></TLCConcept>
        <TLCConcept eId="symbol" href="/akn/ontology/reference/un/symbol" showAs="Symbol"></TLCConcept>
        <TLCRole eId="publisher" href="/akn/ontology/role/un/publisher" showAs="Publisher"></TLCRole>
        <TLCRole eId="issuingBody" href="/akn/role/concept/un/issuingBody" showAs="Issuing body"></TLCRole>
        <TLCRole eId="author" href="/akn/ontology/role/un/author" showAs="Author"></TLCRole>
        <TLCRole eId="editor" href="/akn/ontology/role/un/editor" showAs="Editor"></TLCRole>
        <TLCRole eId="distribution" href="/akn/ontology/concept/un/generalDistribution" showAs="General distribution"></TLCRole>
        <TLCOrganization eId="ga" href="/akn/ontology/organization/un/generalAssembly" showAs="General Assembly"></TLCOrganization>
        <TLCTerm eId="resolutionTitle" href="/akn/ontology/reference/un/resolutionTitle" showAs="Resolution title"></TLCTerm>
        <TLCTerm eId="noMainCommittee" href="#noMainCommittee" showAs="未经发交主要委员会而通过"></TLCTerm>
        <TLCTerm eId="memberState" href="/akn/ontology/organization/un/memberState" showAs="Member State"></TLCTerm>
        <TLCTerm eId="inFavour" href="/akn/ontology/concept/un/voting/inFavour" showAs="In favour"></TLCTerm>
        <TLCTerm eId="against" href="/akn/ontology/concept/un/voting/against" showAs="Against"></TLCTerm>
        <TLCTerm eId="abstaining" href="/akn/ontology/concept/un/voting/abstaining" showAs="Abstaining"></TLCTerm>
      </references>
      <presentation source="#un">
        <akn4un:footerFirstPage>
          <akn4un:footerFirstPageLeft>
            <akn4un:internalCode>
              <docketNumber refersTo="#publicationJobNumber">19-22676 (C)</docketNumber>
              <img alt="bar code" class="barCode" src=""></img>
            </akn4un:internalCode>
          </akn4un:footerFirstPageLeft>
          <akn4un:footerFirstPageRight>
            <img alt="Please recycle" class="image" src="./recylcleLogo.jpg"></img>
            <img alt="embedded QR code" class="qrCode" src=""></img>
          </akn4un:footerFirstPageRight>
        </akn4un:footerFirstPage>
      </presentation>
    </meta>
    <coverPage eId="coverPage_1">
      <p>
        <span refersTo="#publisher" class="upperLeft">
          <docAuthority refersTo="#publisher">联合国</docAuthority>
        </span>
      </p>
      <p class="upperRight">
        <docNumber refersTo="#symbol">A/RES/74/248</docNumber>
      </p>
      <p class="upperLeft">
        <img src="logo-un.jpg"></img>
        <docAuthority refersTo="#issuingBody" class="rightBig">大会</docAuthority>
      </p>
      <p>
        <docStatus refersTo="#generalDistribution" class="rightSmall">Distr.: General</docStatus>
      </p>
      <p>
        <docDate date="2020-01-21" class="rightSmall" refersTo="#dateOfIssuance">21 January 2020</docDate>
      </p>
      <p>
        <session refersTo="#generalAssembly" value="74" eId="coverPage_1__session_1">第七十四届会议</session>
      </p>
      <p>
        <inline name="agenda item">议程项目128</inline>
      </p>
      <p>
        <inline name="agenda item name">调查导致达格·哈马舍尔德及其随行人员罹难的原因和情况</inline>
      </p>
      <p>
        <docTitle>2019年12月27日大会决议</docTitle>
      </p>
      <p xml:space="preserve">
        <docProponent refersTo="#noMainCommittee">[未经发交主要委员会而通过 (<inline name="originating document">A/74/L.20和A/74/L.20/Add.1</inline>)]</docProponent>
      </p>
    </coverPage>
    <preface>
      <p>
        <docNumber>74/248.</docNumber>
        <docTitle refersTo="#resolutionTitle">调查导致达格·哈马舍尔德及其随行人员罹难的原因和情况</docTitle>
      </p>
    </preface>
    <preamble>
      <formula name="enactingFormula" eId="formula_1">
        <p xml:space="preserve">
          <span class="bold">大会</span>，</p>
      </formula>
      <container name="回顾" eId="container_2">
        <p xml:space="preserve">
          <span class="bold">回顾</span>其1962年10月26日第<a href="https://undocs.org/ch/A/RES/1759 (XVII)">1759(XVII)</a>号、2014年12月29日第<a href="https://undocs.org/ch/A/RES/69/246">69/246</a>号、2015年11月19日第<a href="https://undocs.org/ch/A/RES/70/11">70/11</a>号、2016年12月23日第<a href="https://undocs.org/ch/A/RES/71/260">71/260</a>号和2017年12月24日第<a href="https://undocs.org/ch/A/RES/72/252">72/252</a>号决议，</p>
      </container>
      <container name="着重指出" eId="container_3">
        <p xml:space="preserve">
          <span class="bold">着重指出</span>追查有关导致达格·哈马舍尔德及其随行人员罹难的原因和情况的全部真相是共同责任，</p>
      </container>
      <container name="认识到" eId="container_4">
        <p xml:space="preserve">
          <span class="bold">认识到</span>有必要进一步开展查证或调查，以确切证明问题的事实，</p>
      </container>
      <container name="表示赞赏" eId="container_5">
        <p xml:space="preserve">
          <span class="bold">表示赞赏</span>秘书长继续致力于查明这方面的真相，</p>
      </container>
      <container name="欢迎" eId="container_6">
        <p xml:space="preserve">
          <span class="bold">欢迎</span>根据大会第<a href="https://undocs.org/ch/A/RES/72/252">72/252</a>号决议任命的知名人士提交的报告，<authorialNote marker="1" placement="bottom" eId="authorialNote_1"><p xml:space="preserve">		见<a href="https://undocs.org/ch/A/73/973">A/73/973</a>。</p></authorialNote> 并确认会员国、特别是那些已任命独立高级官员的会员国对他的工作做出贡献，</p>
      </container>
      <container name="知悉" eId="container_7">
        <p xml:space="preserve">
          <span class="bold">知悉</span>秘书长在2019年9月12日致函大会主席，转递知名人士的报告和他对今后工作的评估，<sup>1</sup></p>
      </container>
      <container name="特别" eId="container_8">
        <p xml:space="preserve">	特别<span class="bold">注意到</span>知名人士得出的结论，即似乎有理由认为，无论是通过直接袭击导致SE-BDY号飞机坠毁还是导致造成飞行员一时分神，外来袭击或威胁可能是坠机原因，</p>
      </container>
    </preamble>
    <mainBody>
      <paragraph eId="para_9" class="MercuryDocument">
        <num>	1.</num>
        <content eId="para_9__content">
          <p xml:space="preserve">
            <span class="bold">请</span>秘书长重新任命根据大会第<a href="https://undocs.org/ch/A/RES/72/252">72/252</a>号决议任命的知名人士，以继续查阅收到的资料以及会员国、包括个人和私营实体可能提供的新资料，评估其证据价值，从已经进行的调查中得出结论；</p>
        </content>
      </paragraph>
      <paragraph eId="para_10" class="MercuryDocument">
        <num>	2.</num>
        <content eId="para_10__content">
          <p xml:space="preserve">
            <span class="bold">敦促</span>所有会员国、特别是报告<sup>1</sup> 中提及的会员国公布其所掌握的任何相关记录并向知名人士和秘书长提供涉及达格·哈马舍尔德及其随行人员死亡的相关资料，确保他们已全部查阅这些档案和记录；</p>
        </content>
      </paragraph>
      <paragraph eId="para_11" class="MercuryDocument">
        <num>	3.</num>
        <content eId="para_11__content">
          <p xml:space="preserve">
            <span class="bold">促请</span>报告中提及的会员国向知名人士提供充分合作和协助，包括毫不拖延地任命独立高级官员，负责确定本国安全、情报和防卫档案中是否存在相关信息，并鼓励知名人士与所有高级官员保持接触，包括那些已结束工作的官员；</p>
        </content>
      </paragraph>
      <paragraph eId="para_12" class="MercuryDocument">
        <num>	4.</num>
        <content eId="para_12__content">
          <p xml:space="preserve">
            <span class="bold">促请</span>会员国鼓励个人和私人实体确保提供涉及达格·哈马舍尔德及其随行人员死亡的任何相关记录，供知名人士查阅；</p>
        </content>
      </paragraph>
      <paragraph eId="para_13" class="MercuryDocument">
        <num>	5.</num>
        <content eId="para_13__content">
          <p xml:space="preserve">
            <span class="bold">请</span>秘书长在第七十五届会议结束前向大会提交报告，说明所取得的进展；</p>
        </content>
      </paragraph>
      <paragraph eId="para_14" class="MercuryDocument">
        <num>	6.</num>
        <content eId="para_14__content">
          <p xml:space="preserve">
            <span class="bold">决定</span>将题为“调查导致达格·哈马舍尔德及其随行人员罹难的原因和情况”的项目列入第七十六届会议临时议程。</p>
        </content>
      </paragraph>
    </mainBody>
    <conclusions eId="conclusions">
      <p>
        <inline name="adoptionMeeting" title="第52次">第52次全体会议（续会）</inline>
        <eol />
        <docDate date="2019-12-27" refersTo="#adoptionDate">2019年12月27日</docDate>
      </p>
    </conclusions>
  </statement>
</akomaNtoso>