<akomaNtoso xmlns:xsi="http://www.w3.org/2001/XMLSchema-instance" xsi:schemaLocation="http://docs.oasis-open.org/legaldocml/ns/akn/3.0 http://docs.oasis-open.org/legaldocml/akn-core/v1.0/os/part2-specs/schemas/akomantoso30.xsd" xmlns="http://docs.oasis-open.org/legaldocml/ns/akn/3.0" xmlns:html="http://www.w3.org/1999/xhtml" xmlns:akn4un="http://un.org/akn4un">
  <statement name="resolution">
    <meta>
      <identification source="#DGACM">
        <FRBRWork>
          <FRBRthis value="/akn/un/statement/deliberation/unga/2019-12-27/74-258/!main/"></FRBRthis>
          <FRBRuri value="/akn/un/statement/deliberation/unga/2019-12-27/74-258/"></FRBRuri>
          <FRBRdate date="2019-12-27" name="adoption"></FRBRdate>
          <FRBRauthor href="ga" as="author"></FRBRauthor>
          <FRBRcountry value="un"></FRBRcountry>
        </FRBRWork>
        <FRBRExpression>
          <FRBRthis value="/akn/un/statement/deliberation/unga/2019-12-27/74-258/zho@!main/"></FRBRthis>
          <FRBRuri value="/akn/un/statement/deliberation/unga/2019-12-27/74-258/zho@/"></FRBRuri>
          <FRBRdate date="2020-01-13" name="publication"></FRBRdate>
          <FRBRauthor href="ga" as="issuer"></FRBRauthor>
          <FRBRlanguage language="zho"></FRBRlanguage>
        </FRBRExpression>
        <FRBRManifestation>
          <FRBRthis value="/akn/un/statement/deliberation/unga/2019-12-27/74-258/zho@/!main.xml"></FRBRthis>
          <FRBRuri value="/akn/un/statement/deliberation/unga/2019-12-27/74-258/zho@.xml"></FRBRuri>
          <FRBRdate date="2020-08-30" name="markup"></FRBRdate>
          <FRBRauthor href="DGACM" as="editor"></FRBRauthor>
        </FRBRManifestation>
      </identification>
      <classification source="http://metadata.un.org/sdg">
        <keyword value="16" href="http://metadata.un.org/sdg/16" showAs="sdg_16" dictionary="SDGO"></keyword>
        <keyword value="right_to_justice" href="http://eurovoc.europa.eu/516" showAs="right_to_justice" dictionary="EuroVoc"></keyword>
        <keyword value="sustainable_development" href="http://eurovoc.europa.eu/5585" showAs="sustainable_development" dictionary="EuroVoc"></keyword>
        <keyword value="civil_society" href="http://metadata.un.org/thesaurus/1001012" showAs="civil_society" dictionary="UNBIS Thesaurus"></keyword>
        <keyword value="justice" href="http://metadata.un.org/thesaurus/1003500" showAs="justice" dictionary="UNBIS Thesaurus"></keyword>
        <keyword value="peaceful_coexistence" href="http://metadata.un.org/thesaurus/1004777" showAs="peaceful_coexistence" dictionary="UNBIS Thesaurus"></keyword>
        <keyword value="public_institutions" href="http://metadata.un.org/thesaurus/1005254" showAs="public_institutions" dictionary="UNBIS Thesaurus"></keyword>
        <keyword value="social_justice" href="http://metadata.un.org/thesaurus/1005970" showAs="social_justice" dictionary="UNBIS Thesaurus"></keyword>
        <keyword value="sustainable_development" href="http://metadata.un.org/thesaurus/1006319" showAs="sustainable_development" dictionary="UNBIS Thesaurus"></keyword>
      </classification>
      <workflow source="#un">
        <step date="2019-12-27" outcome="draftResolution" as="A/C.5/74/L.9" by="submitted by the Chair of the Committee" />
        <step date="0001-01-01" outcome="draftResolutionAdditionalSponsors" by="" />
        <step date="0001-01-01" outcome="recommendedForAdoption" as="A/74/433" by="" refersTo="6" />
        <step date="2019-12-27" outcome="adopted" as="A/74/PV.52" by="" />
      </workflow>
      <analysis source="#un">
        <parliamentary>
          <voting outcome="adoptedWithoutVote">
            <quorum value=""></quorum>
          </voting>
        </parliamentary>
      </analysis>
      <references source="#DGACM">
        <TLCOrganization eId="source" href="/akn/ontology/organization/un/DGACM" showAs="DGACM"></TLCOrganization>
        <TLCConcept eId="dateOfIssuance" href="/akn/ontology/concept/un/dateOfIssuance" showAs="Date of issuance"></TLCConcept>
        <TLCConcept eId="dateOfAdoption" href="/akn/ontology/concept/un/dateOfAdoption" showAs="Date of adoption"></TLCConcept>
        <TLCConcept eId="symbol" href="/akn/ontology/reference/un/symbol" showAs="Symbol"></TLCConcept>
        <TLCRole eId="publisher" href="/akn/ontology/role/un/publisher" showAs="Publisher"></TLCRole>
        <TLCRole eId="issuingBody" href="/akn/role/concept/un/issuingBody" showAs="Issuing body"></TLCRole>
        <TLCRole eId="author" href="/akn/ontology/role/un/author" showAs="Author"></TLCRole>
        <TLCRole eId="editor" href="/akn/ontology/role/un/editor" showAs="Editor"></TLCRole>
        <TLCRole eId="distribution" href="/akn/ontology/concept/un/generalDistribution" showAs="General distribution"></TLCRole>
        <TLCOrganization eId="ga" href="/akn/ontology/organization/un/generalAssembly" showAs="General Assembly"></TLCOrganization>
        <TLCTerm eId="resolutionTitle" href="/akn/ontology/reference/un/resolutionTitle" showAs="Resolution title"></TLCTerm>
        <TLCTerm eId="fifthCommittee" href="#fifthCommittee" showAs="第五委员会"></TLCTerm>
        <TLCTerm eId="memberState" href="/akn/ontology/organization/un/memberState" showAs="Member State"></TLCTerm>
        <TLCTerm eId="inFavour" href="/akn/ontology/concept/un/voting/inFavour" showAs="In favour"></TLCTerm>
        <TLCTerm eId="against" href="/akn/ontology/concept/un/voting/against" showAs="Against"></TLCTerm>
        <TLCTerm eId="abstaining" href="/akn/ontology/concept/un/voting/abstaining" showAs="Abstaining"></TLCTerm>
      </references>
      <presentation source="#un">
        <akn4un:footerFirstPage>
          <akn4un:footerFirstPageLeft>
            <akn4un:internalCode>
              <docketNumber refersTo="#publicationJobNumber">19-22724 (C)</docketNumber>
              <img alt="bar code" class="barCode" src=""></img>
            </akn4un:internalCode>
          </akn4un:footerFirstPageLeft>
          <akn4un:footerFirstPageRight>
            <img alt="Please recycle" class="image" src="./recylcleLogo.jpg"></img>
            <img alt="embedded QR code" class="qrCode" src=""></img>
          </akn4un:footerFirstPageRight>
        </akn4un:footerFirstPage>
      </presentation>
    </meta>
    <coverPage eId="coverPage_1">
      <p>
        <span refersTo="#publisher" class="upperLeft">
          <docAuthority refersTo="#publisher">联合国</docAuthority>
        </span>
      </p>
      <p class="upperRight">
        <docNumber refersTo="#symbol">A/RES/74/258</docNumber>
      </p>
      <p class="upperLeft">
        <img src="logo-un.jpg"></img>
        <docAuthority refersTo="#issuingBody" class="rightBig">大会</docAuthority>
      </p>
      <p>
        <docStatus refersTo="#generalDistribution" class="rightSmall">Distr.: General</docStatus>
      </p>
      <p>
        <docDate date="2020-01-13" class="rightSmall" refersTo="#dateOfIssuance">13 January 2020</docDate>
      </p>
      <p>
        <session refersTo="#generalAssembly" value="74" eId="coverPage_1__session_1">第七十四届会议</session>
      </p>
      <p>
        <inline name="agenda item">议程项目146</inline>
      </p>
      <p>
        <inline name="agenda item name">联合国内部司法</inline>
      </p>
      <p>
        <docTitle>2019年12月27日大会决议</docTitle>
      </p>
      <p xml:space="preserve">
        <docProponent refersTo="#fifthCommittee">[根据第五委员会的报告 (<inline name="originating document">A/74/433</inline>)]</docProponent>
      </p>
    </coverPage>
    <preface>
      <p>
        <docNumber>74/258.</docNumber>
        <docTitle refersTo="#resolutionTitle">联合国内部司法</docTitle>
      </p>
    </preface>
    <preamble>
      <formula name="enactingFormula" eId="formula_1">
        <p xml:space="preserve">
          <span class="bold">大会</span>，</p>
      </formula>
      <container name="回顾" eId="container_2">
        <p xml:space="preserve">
          <span class="bold">	回顾</span>其2001年6月14日第<a href="https://undocs.org/ch/A/RES/55/258">55/258</a>号决议第十一节、2003年4月15日第<a href="https://undocs.org/ch/A/RES/57/307">57/307</a>号、2004年12月23日第<a href="https://undocs.org/ch/A/RES/59/266">59/266</a>号、2005年4月13日第<a href="https://undocs.org/ch/A/RES/59/283">59/283</a>号、2007年4月4日第<a href="https://undocs.org/ch/A/RES/61/261">61/261</a>号、2007年12月22日第<a href="https://undocs.org/ch/A/RES/62/228">62/228</a>号、2008年12月24日第<a href="https://undocs.org/ch/A/RES/63/253">63/253</a>号、2009年12月22日第<a href="https://undocs.org/ch/A/RES/64/233">64/233</a>号、2010年12月24日第<a href="https://undocs.org/ch/A/RES/65/251">65/251</a>号、2011年12月24日第<a href="https://undocs.org/ch/A/RES/66/237">66/237</a>号、2012年12月24日第<a href="https://undocs.org/ch/A/RES/67/241">67/241</a>号、2013年12月27日第<a href="https://undocs.org/ch/A/RES/68/254">68/254</a>号、2014年12月18日第<a href="https://undocs.org/ch/A/RES/69/203">69/203</a>号、2015年12月14日第<a href="https://undocs.org/ch/A/RES/70/112">70/112</a>号、2016年12月23日第<a href="https://undocs.org/ch/A/RES/71/266">71/266</a>号、2017年12月24日第<a href="https://undocs.org/ch/A/RES/72/256">72/256</a>号和2018年12月22日第<a href="https://undocs.org/ch/A/RES/73/276">73/276</a>号决议，</p>
      </container>
      <container name="审议了" eId="container_3">
        <p xml:space="preserve">
          <span class="bold">	审议了</span>秘书长关于联合国内部司法的报告、<authorialNote marker="1" placement="bottom" eId="authorialNote_1"><p xml:space="preserve"><a href="https://undocs.org/ch/A/74/172">A/74/172</a>。</p></authorialNote> 秘书长关于联合国监察员和调解事务办公室活动的报告、<authorialNote marker="2" placement="bottom" eId="authorialNote_2"><p xml:space="preserve"><a href="https://undocs.org/ch/A/74/171">A/74/171</a>。</p></authorialNote> 内部司法理事会关于联合国内部司法的报告、<authorialNote marker="3" placement="bottom" eId="authorialNote_3"><p xml:space="preserve"><a href="https://undocs.org/ch/A/74/169">A/74/169</a>。</p></authorialNote> 行政和预算问题咨询委员会的有关报告<authorialNote marker="4" placement="bottom" eId="authorialNote_4"><p xml:space="preserve"><a href="https://undocs.org/ch/A/74/7/Add.10">A/74/7/Add.10</a>。</p></authorialNote> 以及2019年11月12日大会主席给第五委员会主席的信，<authorialNote marker="5" placement="bottom" eId="authorialNote_5"><p xml:space="preserve"><a href="https://undocs.org/ch/A/C.5/74/10">A/C.5/74/10</a>。</p></authorialNote></p>
      </container>
    </preamble>
    <mainBody>
      <paragraph eId="para_4" class="MercuryDocument">
        <num>	1.</num>
        <content eId="para_4__content">
          <p xml:space="preserve">
            <span class="bold">表示注意到</span>秘书长关于联合国内部司法的报告、<sup>1</sup> 秘书长关于联合国监察员和调解事务办公室活动的报告、<sup>2</sup> 内部司法理事会关于联合国内部司法的报告<sup>3</sup> 以及行政和预算问题咨询委员会的有关报告；<sup>4</sup></p>
        </content>
      </paragraph>
      <paragraph eId="para_5" class="MercuryDocument">
        <num>	2.</num>
        <content eId="para_5__content">
          <p xml:space="preserve">
            <span class="bold">认可</span>行预咨委会报告<sup>4 </sup>所载结论和建议，但以符合本决议的规定为前提；</p>
        </content>
      </paragraph>
      <paragraph eId="para_6" class="MercuryDocument">
        <num>一</num>
        <subheading> 内部司法系统</subheading>
      </paragraph>
      <paragraph eId="para_7" class="MercuryDocument">
        <num>	3.</num>
        <content eId="para_7__content">
          <p xml:space="preserve">
            <span class="bold">强调</span>司法独立原则在内部司法系统中的重要性；</p>
        </content>
      </paragraph>
      <paragraph eId="para_8" class="MercuryDocument">
        <num>	4.</num>
        <content eId="para_8__content">
          <p xml:space="preserve">
            <span class="bold">强调指出</span>必须确保全体工作人员都可以诉诸内部司法系统，不论其工作地点何在；</p>
        </content>
      </paragraph>
      <paragraph eId="para_9" class="MercuryDocument">
        <num>	5.</num>
        <content eId="para_9__content">
          <p xml:space="preserve">
            <span class="bold">承认</span>内部司法系统不断演变，有必要认真监测其落实情况，以确保该系统保持在大会规定的范围内；</p>
        </content>
      </paragraph>
      <paragraph eId="para_10" class="MercuryDocument">
        <num>	6.</num>
        <content eId="para_10__content">
          <p xml:space="preserve">
            <span class="bold">重申</span>第<a href="https://undocs.org/ch/A/RES/61/261">61/261</a>号决议第4段的决定，即按照国际法有关规则及法治原则和正当程序原则，建立一个独立、透明、专业化、资源充足和权力分散的新的内部司法系统，确保工作人员的权利和义务得到尊重，对管理人员和工作人员都实行问责制；</p>
        </content>
      </paragraph>
      <paragraph eId="para_11" class="MercuryDocument">
        <num>	7.</num>
        <content eId="para_11__content">
          <p xml:space="preserve">
            <span class="bold">欢迎</span>正在进行的外联努力，并敦促秘书长继续实施外联战略，以期持续提高人们的认识，使人们了解内部司法系统各部门的作用和运作情况以及该系统为解决与工作相关的投诉而提供的机会，同时特别关注外地特派团和办事处；</p>
        </content>
      </paragraph>
      <paragraph eId="para_12" class="MercuryDocument">
        <num>	8.</num>
        <content eId="para_12__content">
          <p xml:space="preserve">
            <span class="bold">请</span>秘书长继续确保在整个秘书处构建强有力问责文化，并确保在与工作有关场合可能遭遇过被禁止行为的所有类别人员都能获得有效的补救；<authorialNote marker="6" placement="bottom" eId="authorialNote_6"><p xml:space="preserve"><a href="https://undocs.org/ch/ST/SGB/2019/8">ST/SGB/2019/8</a>。</p></authorialNote></p>
        </content>
      </paragraph>
      <paragraph eId="para_13" class="MercuryDocument">
        <num>	9.</num>
        <content eId="para_13__content">
          <p xml:space="preserve">
            <span class="bold">注意到</span>目前正在努力不断加强保护举报不当行为和配合正式授权的审计或调查者不受报复的政策，<authorialNote marker="7" placement="bottom" eId="authorialNote_7"><p xml:space="preserve"><a href="https://undocs.org/ch/ST/SGB/2017/2/Rev.1">ST/SGB/2017/2/Rev.1</a>。</p></authorialNote> 并在这方面请秘书长在其关于内部司法系统的下一次报告中就保护向联合国争议法庭和联合国上诉法庭提起诉讼的工作人员不受报复的问题汇报取得的进展；</p>
        </content>
      </paragraph>
      <paragraph eId="para_14" class="MercuryDocument">
        <num>	10.</num>
        <content eId="para_14__content">
          <p xml:space="preserve">
            <span class="bold">重申</span>报复投诉人或作为证人出庭的工作人员构成不当行为，并赞赏地注意到保护举报不当行为和配合正式授权的审计或调查者不受报复的政策，以及为不断改进防范报复的框架所作的努力； </p>
        </content>
      </paragraph>
      <paragraph eId="para_15" class="MercuryDocument">
        <num>	11.</num>
        <content eId="para_15__content">
          <p xml:space="preserve">
            <span class="bold">鼓励</span>秘书长以联合国行政首长协调理事会主席的身份，促进在全系统防范报复；</p>
        </content>
      </paragraph>
      <paragraph eId="para_16" class="MercuryDocument">
        <num>	12.</num>
        <content eId="para_16__content">
          <p xml:space="preserve">
            <span class="bold">特别指出</span>争议法庭和上诉法庭根据各自规约、议事规则和行为守则发布保护令的固有和明确权力，以保护投诉人和证人不受报复，强调指出充分执行这些保护令的重要性，并请秘书长报告这些保护令的实施情况；</p>
        </content>
      </paragraph>
      <paragraph eId="para_17" class="MercuryDocument">
        <num>二</num>
        <subheading> 非正式系统</subheading>
      </paragraph>
      <paragraph eId="para_18" class="MercuryDocument">
        <num>	13.</num>
        <content eId="para_18__content">
          <p xml:space="preserve">
            <span class="bold">确认</span>非正式内部司法系统是工作人员寻求纠正冤情和管理人员参与的一个切实有效办法；</p>
        </content>
      </paragraph>
      <paragraph eId="para_19" class="MercuryDocument">
        <num>	14.</num>
        <content eId="para_19__content">
          <p xml:space="preserve">
            <span class="bold">重申</span>以非正式途径解决冲突是内部司法系统的一个重要组成部分，强调应当尽可能利用非正式系统，以避免不必要的诉讼，但不得妨碍工作人员诉诸正式司法系统的基本权利，并鼓励诉诸非正式途径解决争议；</p>
        </content>
      </paragraph>
      <paragraph eId="para_20" class="MercuryDocument">
        <num>	15.</num>
        <content eId="para_20__content">
          <p xml:space="preserve">
            <span class="bold">又重申</span>非正式解决争议程序在本组织的重要性，因为与正式程序相比，非正式解决争议程序是解决争议的有效方法，并请秘书长在下一次报告中提出建议，解决目前对外地工作人员服务不足的问题；</p>
        </content>
      </paragraph>
      <paragraph eId="para_21" class="MercuryDocument">
        <num>	16.</num>
        <content eId="para_21__content">
          <p xml:space="preserve">
            <span class="bold">注意到</span>联合国监察员和调解事务办公室调解处努力通过秘书长的讲文明活动等途径，确保及时开展高质量的调解进程，以满足本组织的各种需要，并请秘书长继续提供关于该办公室调解活动的详细资料，包括提高这些服务利用率的措施；</p>
        </content>
      </paragraph>
      <paragraph eId="para_22" class="MercuryDocument">
        <num>	17.</num>
        <content eId="para_22__content">
          <p xml:space="preserve">
            <span class="bold">欢迎</span>秘书长在关于联合国监察员和调解事务办公室活动的报告中继续分析冲突根源，强调指出必须改进管理业绩和工作人员沟通，敦促秘书长通过改进本组织的政策和程序等办法，继续解决报告中确定的直接反馈和系统性问题，以缓解和防止与工作相关的冲突，并请秘书长在其下一次报告中提供资料，说明采取的行动取得的进展；</p>
        </content>
      </paragraph>
      <paragraph eId="para_23" class="MercuryDocument">
        <num>	18.</num>
        <content eId="para_23__content">
          <p xml:space="preserve">
            <span class="bold">注意到</span>本组织需要制定和采用全面的管理办法，包括为解决冲突提供管理培训，并努力查明和解决即使不构成不当行为也会影响工作人员的不妥行为，并请秘书长在其下一次报告中提供所采取行动的最新情况；</p>
        </content>
      </paragraph>
      <paragraph eId="para_24" class="MercuryDocument">
        <num>	19.</num>
        <content eId="para_24__content">
          <p xml:space="preserve">
            <span class="bold">鼓励</span>联合国监察员和调解事务办公室继续开展外联活动，特别是在实地，以促进通过非正式途径解决争议；</p>
        </content>
      </paragraph>
      <paragraph eId="para_25" class="MercuryDocument">
        <num>	20.</num>
        <content eId="para_25__content">
          <p xml:space="preserve">
            <span class="bold">注意到</span>秘书长提出了五项举措，以更好地预防和解决涉及编外人员的争议，并请秘书长在其下一次报告中详细介绍其报告中提到的正在实施的举措；<sup>1</sup></p>
        </content>
      </paragraph>
      <paragraph eId="para_26" class="MercuryDocument">
        <num>	21.</num>
        <content eId="para_26__content">
          <p xml:space="preserve">
            <span class="bold">请</span>秘书长在铭记需要遵守预算纪律的前提下，在其下一次报告中提出新的建议，说明如何审查解决与咨询人和个体订约人争议的正式政策和通知，包括但不限于利用咨询人和个体订约人快速仲裁程序更具成本效益的特点；</p>
        </content>
      </paragraph>
      <paragraph eId="para_27" class="MercuryDocument">
        <num>	22.</num>
        <content eId="para_27__content">
          <p xml:space="preserve">
            <span class="bold">又请</span>秘书长编写关于截至报告时向编外人员提供非正式解决争议机会试点项目运作情况的概览，包括冲突性质、平均办案时间、解决率和各类编外人员的分类数据，以便为大会第七十五届会议的讨论提供信息，并编写关于试点项目按照联合国监察员和调解事务办公室原则解决争议的结果；</p>
        </content>
      </paragraph>
      <paragraph eId="para_28" class="MercuryDocument">
        <num>三</num>
          <subheading>		 正式系统</subheading>
      </paragraph>
      <paragraph eId="para_29" class="MercuryDocument">
        <num>	23.</num>
        <content eId="para_29__content">
          <p xml:space="preserve">
            <span class="bold">确认</span>工作人员法律援助办公室持续对内部司法系统作出的积极贡献；</p>
        </content>
      </paragraph>
      <paragraph eId="para_30" class="MercuryDocument">
        <num>	24.</num>
        <content eId="para_30__content">
          <p xml:space="preserve">
            <span class="bold">请</span>秘书长继续确保按照适用的联合国工作人员条例和工作人员细则，<authorialNote marker="8" placement="bottom" eId="authorialNote_8"><p xml:space="preserve"><a href="https://undocs.org/ch/ST/SGB/2018/1">ST/SGB/2018/1</a>。</p></authorialNote> 对经确定在决策上有重大疏忽而且导致诉讼并因此导致财务损失的管理人员追究责任，并向大会第七十五届会议报告有关情况； </p>
        </content>
      </paragraph>
      <paragraph eId="para_31" class="MercuryDocument">
        <num>	25.</num>
        <content eId="para_31__content">
          <p xml:space="preserve">
            <span class="bold">赞扬</span>秘书长为自我辩护申请人设立工具包，鼓励秘书长继续向自我辩护申请人提供援助，提高他们的认识和利用该制度的能力，缓解效率问题，并在这方面请秘书长继续监测自我辩护问题，并就此向大会第七十五届会议提出报告；</p>
        </content>
      </paragraph>
      <paragraph eId="para_32" class="MercuryDocument">
        <num>	26.</num>
        <content eId="para_32__content">
          <p xml:space="preserve">
            <span class="bold">关切地注意到</span>争议法庭存在双重庭长的情况及其对案件处理的影响，强调指出争议法庭是一个独立的司法机构，应按照其规约、议事规则和行为守则管理其事务，并请秘书长审查内部司法理事会报告所载建议11、12和13，以期改善法庭的问责制，供大会第七十五届会议审议；</p>
        </content>
      </paragraph>
      <paragraph eId="para_33" class="MercuryDocument">
        <num>	27.</num>
        <content eId="para_33__content">
          <p xml:space="preserve">
            <span class="bold">欢迎</span>内部司法理事会报告所载关于司法效率和问责制的建议9，并敦促争议法庭和上诉法庭审查和修订各自的议事规则，但须经大会核准，以期精简和统一其案件管理办法，包括确保最迟于提出申请之日起90天内对案件采取第一次司法行动；</p>
        </content>
      </paragraph>
      <paragraph eId="para_34" class="MercuryDocument">
        <num>	28.</num>
        <content eId="para_34__content">
          <p xml:space="preserve">
            <span class="bold">	注意到</span>争议法庭有大量待决案件和迟迟未决案件，确认争议法庭以及争议法庭和上诉法庭首席书记官根据其第<a href="https://undocs.org/ch/A/RES/73/276">73/276</a>号决议的要求为制定和执行案件处理计划所作的努力，确认2019年待决案件数量减少，并请秘书长继续向大会第七十五届会议报告案件处理计划的执行情况；</p>
        </content>
      </paragraph>
      <paragraph eId="para_35" class="MercuryDocument">
        <num>	29.</num>
        <content eId="para_35__content">
          <p xml:space="preserve">
            <span class="bold">请</span>秘书长邀请内部司法理事会就内部司法系统的实施情况、包括及时作出判决的情况提出意见，并就此向大会第七十五届会议提出报告；</p>
        </content>
      </paragraph>
      <paragraph eId="para_36" class="MercuryDocument">
        <num>	30.</num>
        <content eId="para_36__content">
          <p xml:space="preserve">
            <span class="bold">又请</span>秘书长继续跟踪关于管理当局评价股和争议法庭收到的案件数量的数据，以发现任何新出现的趋势，并在今后的报告中就这些统计数字发表意见；</p>
        </content>
      </paragraph>
      <paragraph eId="para_37" class="MercuryDocument">
        <num>	31.</num>
        <content eId="para_37__content">
          <p xml:space="preserve">
            <span class="bold">请</span>将争议法庭和上诉法庭普遍适用的司法指示张贴在网上，从而提供给所有利益攸关方，并请秘书长就此向大会第七十五届会议提出报告；</p>
        </content>
      </paragraph>
      <paragraph eId="para_38" class="MercuryDocument">
        <num>	32.</num>
        <content eId="para_38__content">
          <p xml:space="preserve">
            <span class="bold">回顾</span>其第<a href="https://undocs.org/ch/A/RES/73/276">73/276</a>号决议第32段，并回顾只有在案件量需要时才部署半职法官，鼓励争议法庭在部署半职法官时充分利用电子通勤，以提高效率，并请秘书长审查六名半职法官的使用情况，并向大会第七十五届会议提出报告；</p>
        </content>
      </paragraph>
      <paragraph eId="para_39" class="MercuryDocument">
        <num>	33.</num>
        <content eId="para_39__content">
          <p xml:space="preserve">
            <span class="bold">注意到</span>工作人员法律援助办公室的工作量增加的总体趋势，对该办公室接到的大多数法律援助请求得到解决或以其他方式处理而没有诉诸任何正式机制表示满意，并确认该办公室应获得充足的资源；</p>
        </content>
      </paragraph>
      <paragraph eId="para_40" class="MercuryDocument">
        <num>	34.</num>
        <content eId="para_40__content">
          <p xml:space="preserve">
            <span class="bold">又注意到</span>工作人员自愿供资机制的退出选择率仍高，在这方面鼓励秘书长继续加强激励办法，使工作人员、特别是在参与率低的工作地点和联合国实体的工作人员不选择退出；</p>
        </content>
      </paragraph>
      <paragraph eId="para_41" class="MercuryDocument">
        <num>	35.</num>
        <content eId="para_41__content">
          <p xml:space="preserve">
            <span class="bold">请</span>秘书长进一步分析和澄清针对上诉法庭规约第二条和第七条提出的关于养恤金事项的拟议修正案，<authorialNote marker="9" placement="bottom" eId="authorialNote_9"><p xml:space="preserve">		见<a href="https://undocs.org/ch/A/73/217/Add.1">A/73/217/Add.1</a>。</p></authorialNote> 并请第六委员会审议秘书长关于内部司法的报告的法律方面，但不妨碍第五委员会作为大会负责行政和预算事项的主要委员会的作用；</p>
        </content>
      </paragraph>
      <paragraph eId="para_42" class="MercuryDocument">
        <num>四</num>
          <subheading>		 其他问题</subheading>
      </paragraph>
      <paragraph eId="para_43" class="MercuryDocument">
        <num>	36.</num>
        <content eId="para_43__content">
          <p xml:space="preserve">
            <span class="bold">邀请</span>第六委员会审议秘书长将提出的报告的法律方面问题，但不得妨碍第五委员会作为负责行政和预算事项的主要委员会的作用；</p>
        </content>
      </paragraph>
      <paragraph eId="para_44" class="MercuryDocument">
        <num>	37.</num>
        <content eId="para_44__content">
          <p xml:space="preserve">
            <span class="bold">强调指出</span>内部司法理事会有助于确保内部司法系统的独立性、专业性和问责制，并请秘书长责成理事会在其报告中列入争议法庭和上诉法庭的看法；</p>
        </content>
      </paragraph>
      <paragraph eId="para_45" class="MercuryDocument">
        <num>	38.</num>
        <content eId="para_45__content">
          <p xml:space="preserve">
            <span class="bold">欢迎</span>内部司法理事会在其下一次向大会提交的报告中就可采取何种方式提高司法和业务效率提出更多意见；</p>
        </content>
      </paragraph>
      <paragraph eId="para_46" class="MercuryDocument">
        <num>	39.</num>
        <content eId="para_46__content">
          <p xml:space="preserve">
            <span class="bold">回顾</span>其第<a href="https://undocs.org/ch/A/RES/62/228">62/228</a>号决议第36和37段，请秘书长概述内部司法理事会成员的服务条件和任用要求，特别是专业资格，并就此提出建议，供大会第七十五届会议审议。</p>
        </content>
      </paragraph>
    </mainBody>
    <conclusions eId="conclusions">
      <p>
        <inline name="adoptionMeeting" title="第52次">第52次全体会议（续会）</inline>
        <eol />
        <docDate date="2019-12-27" refersTo="#adoptionDate">2019年12月27日</docDate>
      </p>
    </conclusions>
  </statement>
</akomaNtoso>