<akomaNtoso xmlns:xsi="http://www.w3.org/2001/XMLSchema-instance" xsi:schemaLocation="http://docs.oasis-open.org/legaldocml/ns/akn/3.0 http://docs.oasis-open.org/legaldocml/akn-core/v1.0/os/part2-specs/schemas/akomantoso30.xsd" xmlns="http://docs.oasis-open.org/legaldocml/ns/akn/3.0" xmlns:html="http://www.w3.org/1999/xhtml" xmlns:akn4un="http://un.org/akn4un">
  <statement name="resolution">
    <meta>
      <identification source="#DGACM">
        <FRBRWork>
          <FRBRthis value="/akn/un/statement/deliberation/unga/2020-09-04/74-303/!main/"></FRBRthis>
          <FRBRuri value="/akn/un/statement/deliberation/unga/2020-09-04/74-303/"></FRBRuri>
          <FRBRdate date="2020-09-04" name="adoption"></FRBRdate>
          <FRBRauthor href="ga" as="author"></FRBRauthor>
          <FRBRcountry value="un"></FRBRcountry>
        </FRBRWork>
        <FRBRExpression>
          <FRBRthis value="/akn/un/statement/deliberation/unga/2020-09-04/74-303/zho@!main/"></FRBRthis>
          <FRBRuri value="/akn/un/statement/deliberation/unga/2020-09-04/74-303/zho@/"></FRBRuri>
          <FRBRdate date="2020-09-09" name="publication"></FRBRdate>
          <FRBRauthor href="ga" as="issuer"></FRBRauthor>
          <FRBRlanguage language="zho"></FRBRlanguage>
        </FRBRExpression>
        <FRBRManifestation>
          <FRBRthis value="/akn/un/statement/deliberation/unga/2020-09-04/74-303/zho@/!main.xml"></FRBRthis>
          <FRBRuri value="/akn/un/statement/deliberation/unga/2020-09-04/74-303/zho@.xml"></FRBRuri>
          <FRBRdate date="2020-10-15" name="markup"></FRBRdate>
          <FRBRauthor href="DGACM" as="editor"></FRBRauthor>
        </FRBRManifestation>
      </identification>
      <classification source="http://metadata.un.org/sdg">
        <keyword value="17.8" href="http://metadata.un.org/sdg/17.8" showAs="sdg_17.8" dictionary="SDGO"></keyword>
        <keyword value="power_of_implementation" href="http://eurovoc.europa.eu/2577" showAs="power_of_implementation" dictionary="EuroVoc"></keyword>
        <keyword value="information_technology" href="http://eurovoc.europa.eu/5188" showAs="information_technology" dictionary="EuroVoc"></keyword>
        <keyword value="internet" href="http://eurovoc.europa.eu/6088" showAs="internet" dictionary="EuroVoc"></keyword>
        <keyword value="communication_technology" href="http://metadata.un.org/thesaurus/1001133" showAs="communication_technology" dictionary="UNBIS Thesaurus"></keyword>
        <keyword value="information_technology" href="http://metadata.un.org/thesaurus/1003205" showAs="information_technology" dictionary="UNBIS Thesaurus"></keyword>
        <keyword value="physical_infrastructure" href="http://metadata.un.org/thesaurus/1004898" showAs="physical_infrastructure" dictionary="UNBIS Thesaurus"></keyword>
        <keyword value="internet" href="http://metadata.un.org/thesaurus/1003348" showAs="internet" dictionary="UNBIS Thesaurus"></keyword>
      </classification>
      <workflow source="#un">
        <step date="2020-08-27" outcome="draftResolution" as="A/74/L.90" by="submitted by the President of the General Assembly" />
        <step date="0001-01-01" outcome="draftResolutionAdditionalSponsors" by="" />
        <step date="0001-01-01" outcome="recommendedForAdoption" by="" />
        <step date="2020-09-04" outcome="adopted" as="A/74/PV.63" by="" />
      </workflow>
      <analysis source="#un">
        <parliamentary>
          <voting outcome="adoptedWithoutVote">
            <quorum value=""></quorum>
          </voting>
        </parliamentary>
      </analysis>
      <references source="#DGACM">
        <TLCOrganization eId="source" href="/akn/ontology/organization/un/DGACM" showAs="DGACM"></TLCOrganization>
        <TLCConcept eId="dateOfIssuance" href="/akn/ontology/concept/un/dateOfIssuance" showAs="Date of issuance"></TLCConcept>
        <TLCConcept eId="dateOfAdoption" href="/akn/ontology/concept/un/dateOfAdoption" showAs="Date of adoption"></TLCConcept>
        <TLCConcept eId="symbol" href="/akn/ontology/reference/un/symbol" showAs="Symbol"></TLCConcept>
        <TLCRole eId="publisher" href="/akn/ontology/role/un/publisher" showAs="Publisher"></TLCRole>
        <TLCRole eId="issuingBody" href="/akn/role/concept/un/issuingBody" showAs="Issuing body"></TLCRole>
        <TLCRole eId="author" href="/akn/ontology/role/un/author" showAs="Author"></TLCRole>
        <TLCRole eId="editor" href="/akn/ontology/role/un/editor" showAs="Editor"></TLCRole>
        <TLCRole eId="distribution" href="/akn/ontology/concept/un/generalDistribution" showAs="General distribution"></TLCRole>
        <TLCOrganization eId="ga" href="/akn/ontology/organization/un/generalAssembly" showAs="General Assembly"></TLCOrganization>
        <TLCTerm eId="resolutionTitle" href="/akn/ontology/reference/un/resolutionTitle" showAs="Resolution title"></TLCTerm>
        <TLCTerm eId="noMainCommittee" href="#noMainCommittee" showAs="未经发交主要委员会而通过"></TLCTerm>
        <TLCTerm eId="memberState" href="/akn/ontology/organization/un/memberState" showAs="Member State"></TLCTerm>
        <TLCTerm eId="inFavour" href="/akn/ontology/concept/un/voting/inFavour" showAs="In favour"></TLCTerm>
        <TLCTerm eId="against" href="/akn/ontology/concept/un/voting/against" showAs="Against"></TLCTerm>
        <TLCTerm eId="abstaining" href="/akn/ontology/concept/un/voting/abstaining" showAs="Abstaining"></TLCTerm>
      </references>
      <presentation source="#un">
        <akn4un:footerFirstPage>
          <akn4un:footerFirstPageLeft>
            <akn4un:internalCode>
              <docketNumber refersTo="#publicationJobNumber">20-11626 (C)</docketNumber>
              <img alt="bar code" class="barCode" src=""></img>
            </akn4un:internalCode>
          </akn4un:footerFirstPageLeft>
          <akn4un:footerFirstPageRight>
            <img alt="Please recycle" class="image" src="./recylcleLogo.jpg"></img>
            <img alt="embedded QR code" class="qrCode" src=""></img>
          </akn4un:footerFirstPageRight>
        </akn4un:footerFirstPage>
      </presentation>
    </meta>
    <coverPage eId="coverPage_1">
      <p>
        <span refersTo="#publisher" class="upperLeft">
          <docAuthority refersTo="#publisher">联合国</docAuthority>
        </span>
      </p>
      <p class="upperRight">
        <docNumber refersTo="#symbol">A/RES/74/303</docNumber>
      </p>
      <p class="upperLeft">
        <img src="logo-un.jpg"></img>
        <docAuthority refersTo="#issuingBody" class="rightBig">大会</docAuthority>
      </p>
      <p>
        <docStatus refersTo="#generalDistribution" class="rightSmall">Distr.: General</docStatus>
      </p>
      <p>
        <docDate date="2020-09-09" class="rightSmall" refersTo="#dateOfIssuance">9 September 2020</docDate>
      </p>
      <p>
        <session refersTo="#generalAssembly" value="74" eId="coverPage_1__session_1">第七十四届会议</session>
      </p>
      <p>
        <inline name="agenda item">议程项目121</inline>
      </p>
      <p>
        <inline name="agenda item name">振兴大会工作</inline>
      </p>
      <p>
        <docTitle>2020年9月4日大会决议</docTitle>
      </p>
      <p xml:space="preserve">
        <docProponent refersTo="#noMainCommittee">[未经发交主要委员会而通过 (<inline name="originating document">A/74/L.90</inline>)]</docProponent>
      </p>
    </coverPage>
    <preface>
      <p>
        <docNumber>74/303.</docNumber>
        <docTitle refersTo="#resolutionTitle">振兴大会工作</docTitle>
      </p>
    </preface>
    <preamble>
      <formula name="enactingFormula" eId="formula_1">
        <p xml:space="preserve">
          <span class="bold">大会，</span>
        </p>
      </formula>
      <container name="铭记" eId="container_2">
        <p xml:space="preserve">
          <span class="bold">	铭记</span>大会作为联合国主要机关的作用和权威及大会根据《联合国宪章》规定有成效、高效率地履行所承担职能的重要性，</p>
      </container>
      <container name="重申" eId="container_3">
        <p xml:space="preserve">
          <span class="bold">	重申</span>振兴大会工作是联合国全面改革的一个重要组成部分，</p>
      </container>
      <container name="欢迎" eId="container_4">
        <p xml:space="preserve">
          <span class="bold">	欢迎</span>在2020年以“我们想要的未来，我们需要的联合国：重申我们对多边主义的集体承诺”为主题纪念联合国成立七十五周年，</p>
      </container>
      <container name="认识到" eId="container_5">
        <p xml:space="preserve">
          <span class="bold">	认识到</span>冠状病毒病(COVID-19)大流行对大会第七十四届会议工作的影响，并欣见大会第七十四届会议主席在疫情影响对大会的正常工作造成各种限制的情况下，努力确保大会继续运作，</p>
      </container>
      <container name="着重指出" eId="container_6">
        <p xml:space="preserve">
          <span class="bold">	着重指出</span>需要进一步加强大会的作用、权威、效力和效率，以应对不断变化的全球挑战，</p>
      </container>
    </preamble>
    <mainBody>
      <paragraph eId="para_7" class="MercuryDocument">
        <num>	1.</num>
        <content eId="para_7__content">
          <p xml:space="preserve">
            <span class="bold">重申</span>其2019年9月12日第<a href="https://undocs.org/ch/A/RES/73/341">73/341</a>号决议和之前以协商一致方式通过的关于振兴大会工作的所有其他决议，并商定整个第<a href="https://undocs.org/ch/A/RES/73/341">73/341</a>号决议将构成振兴大会工作特设工作组在第七十五届会议期间工作的基础；</p>
        </content>
      </paragraph>
      <paragraph eId="para_8" class="SingleTxt">
        <num>	2.</num>
        <content eId="para_8__content">
          <p xml:space="preserve">
            <span class="bold">请</span>秘书处继续在现有资源内并以符合成本效益的方式，定期、平等地更新用所有六种正式语文制作的振兴大会工作专用多语种网页及其实质性内容，包括为此利用自动化翻译等现有能力，同时确保翻译的准确性；</p>
        </content>
      </paragraph>
      <paragraph eId="para_9" class="SingleTxt">
        <num>	3.</num>
        <content eId="para_9__content">
          <p xml:space="preserve">
            <span class="bold">决定</span>在第七十五届会议上设立一个振兴大会工作特设工作组，并向所有会员国开放：</p>
        </content>
      </paragraph>
      <paragraph eId="para_10" class="SingleTxt">
        <content eId="para_10__content">
          <p xml:space="preserve">	(a)	进一步确定如何在往届大会取得的进展和以往各项决议的基础上，包括通过评价这些决议的执行情况，增强大会的作用、权威、效力和效率；</p>
        </content>
      </paragraph>
      <paragraph eId="para_11" class="SingleTxt">
        <content eId="para_11__content">
          <p xml:space="preserve">	(b)	就此向大会第七十五届会议提出报告；</p>
        </content>
      </paragraph>
      <paragraph eId="para_12" class="SingleTxt">
        <num>	4.</num>
        <content eId="para_12__content">
          <p xml:space="preserve">
            <span class="bold">请</span>秘书长在现有资源范围内分析COVID-19大流行对大会工作的影响，并在第七十五届会议期间就此向特设工作组通报情况；</p>
        </content>
      </paragraph>
      <paragraph eId="para_13" class="SingleTxt">
        <num>	5.</num>
        <content eId="para_13__content">
          <p xml:space="preserve">
            <span class="bold">决定</span>特设工作组应继续审查其向第七十三届会议提交的报告所附关于振兴大会工作的大会决议目录，<authorialNote marker="1" placement="bottom" eId="authorialNote_1"><p xml:space="preserve"><a href="https://undocs.org/ch/A/73/956">A/73/956</a>。</p></authorialNote> 随后继续更新该目录，并附在向大会第七十五届会议提交的报告之后，包括单独说明有哪些相关规定未得到执行及其理由；</p>
        </content>
      </paragraph>
      <paragraph eId="para_14" class="SingleTxt">
        <num>	6.</num>
        <content eId="para_14__content">
          <p xml:space="preserve">
            <span class="bold">	请</span>大会第七十五届会议主席通过与所有会员国、经济及社会理事会主席和总务委员会协商，在其各自任务规定范围内就消除大会议程中存在的、与整个《2030年可持续发展议程》<authorialNote marker="2" placement="bottom" eId="authorialNote_2"><p xml:space="preserve">		第<a href="https://undocs.org/ch/A/RES/70/1">70/1</a>号决议。</p></authorialNote> 有关的差距、重叠和重复及时拟订提议；重申大会各主要委员会各自的任务规定，在此基础上呼吁所有这些委员会继续审议如何消除其各自议程中存在的、与整个《2030年议程》有关的差距、重叠和重复，并在这方面请其提出建议，供大会第七十五届会议讨论；</p>
        </content>
      </paragraph>
      <paragraph eId="para_15" class="SingleTxt">
        <num>	7.</num>
        <content eId="para_15__content">
          <p xml:space="preserve">
            <span class="bold">表示注意到</span>秘书长的报告。<authorialNote marker="3" placement="bottom" eId="authorialNote_3"><p xml:space="preserve"><a href="https://undocs.org/ch/A/74/704">A/74/704</a>。</p></authorialNote></p>
        </content>
      </paragraph>
    </mainBody>
    <conclusions eId="conclusions">
      <p>
        <inline name="adoptionMeeting" title="第63次">第63次全体会议</inline>
        <eol />
        <docDate date="2020-09-04" refersTo="#adoptionDate">2020年9月4日</docDate>
      </p>
    </conclusions>
  </statement>
</akomaNtoso>