<akomaNtoso xmlns:xsi="http://www.w3.org/2001/XMLSchema-instance" xsi:schemaLocation="http://docs.oasis-open.org/legaldocml/ns/akn/3.0 http://docs.oasis-open.org/legaldocml/akn-core/v1.0/os/part2-specs/schemas/akomantoso30.xsd" xmlns="http://docs.oasis-open.org/legaldocml/ns/akn/3.0" xmlns:html="http://www.w3.org/1999/xhtml" xmlns:akn4un="http://un.org/akn4un">
  <statement name="resolution">
    <meta>
      <identification source="#DGACM">
        <FRBRWork>
          <FRBRthis value="/akn/un/statement/deliberation/unga/2019-12-12/74-31/!main/"></FRBRthis>
          <FRBRuri value="/akn/un/statement/deliberation/unga/2019-12-12/74-31/"></FRBRuri>
          <FRBRdate date="2019-12-12" name="adoption"></FRBRdate>
          <FRBRauthor href="ga" as="author"></FRBRauthor>
          <FRBRcountry value="un"></FRBRcountry>
        </FRBRWork>
        <FRBRExpression>
          <FRBRthis value="/akn/un/statement/deliberation/unga/2019-12-12/74-31/zho@!main/"></FRBRthis>
          <FRBRuri value="/akn/un/statement/deliberation/unga/2019-12-12/74-31/zho@/"></FRBRuri>
          <FRBRdate date="2019-12-18" name="publication"></FRBRdate>
          <FRBRauthor href="ga" as="issuer"></FRBRauthor>
          <FRBRlanguage language="zho"></FRBRlanguage>
        </FRBRExpression>
        <FRBRManifestation>
          <FRBRthis value="/akn/un/statement/deliberation/unga/2019-12-12/74-31/zho@/!main.xml"></FRBRthis>
          <FRBRuri value="/akn/un/statement/deliberation/unga/2019-12-12/74-31/zho@.xml"></FRBRuri>
          <FRBRdate date="2020-08-29" name="markup"></FRBRdate>
          <FRBRauthor href="DGACM" as="editor"></FRBRauthor>
        </FRBRManifestation>
      </identification>
      <classification source="http://metadata.un.org/sdg">
        <keyword value="6" href="http://metadata.un.org/sdg/6" showAs="sdg_6" dictionary="SDGO"></keyword>
        <keyword value="water" href="http://eurovoc.europa.eu/597" showAs="water" dictionary="EuroVoc"></keyword>
        <keyword value="public_hygiene" href="http://eurovoc.europa.eu/3371" showAs="public_hygiene" dictionary="EuroVoc"></keyword>
        <keyword value="use_of_water" href="http://eurovoc.europa.eu/4628" showAs="use_of_water" dictionary="EuroVoc"></keyword>
        <keyword value="water" href="http://metadata.un.org/thesaurus/030500" showAs="water" dictionary="UNBIS Thesaurus"></keyword>
        <keyword value="sanitation" href="http://metadata.un.org/thesaurus/1005701" showAs="sanitation" dictionary="UNBIS Thesaurus"></keyword>
        <keyword value="water_management" href="http://metadata.un.org/thesaurus/1006948" showAs="water_management" dictionary="UNBIS Thesaurus"></keyword>
      </classification>
      <classification source="http://metadata.un.org/sdg">
        <keyword value="12" href="http://metadata.un.org/sdg/12" showAs="sdg_12" dictionary="SDGO"></keyword>
        <keyword value="consumption" href="http://eurovoc.europa.eu/139" showAs="consumption" dictionary="EuroVoc"></keyword>
        <keyword value="production" href="http://eurovoc.europa.eu/2707" showAs="production" dictionary="EuroVoc"></keyword>
        <keyword value="sustainable_consumption" href="http://metadata.un.org/thesaurus/1006318" showAs="sustainable_consumption" dictionary="UNBIS Thesaurus"></keyword>
        <keyword value="consumption" href="http://metadata.un.org/thesaurus/1001264" showAs="consumption" dictionary="UNBIS Thesaurus"></keyword>
        <keyword value="production" href="http://metadata.un.org/thesaurus/1005146" showAs="production" dictionary="UNBIS Thesaurus"></keyword>
      </classification>
      <classification source="http://metadata.un.org/sdg">
        <keyword value="14" href="http://metadata.un.org/sdg/14" showAs="sdg_14" dictionary="SDGO"></keyword>
        <keyword value="marine_life" href="http://eurovoc.europa.eu/3149" showAs="marine_life" dictionary="EuroVoc"></keyword>
        <keyword value="marine_environment" href="http://eurovoc.europa.eu/5742" showAs="marine_environment" dictionary="EuroVoc"></keyword>
        <keyword value="ocean" href="http://eurovoc.europa.eu/2107" showAs="ocean" dictionary="EuroVoc"></keyword>
        <keyword value="sea" href="http://eurovoc.europa.eu/1870" showAs="sea" dictionary="EuroVoc"></keyword>
        <keyword value="marine_resources" href="http://metadata.un.org/thesaurus/030800" showAs="marine_resources" dictionary="UNBIS Thesaurus"></keyword>
        <keyword value="marine_resources" href="http://metadata.un.org/thesaurus/1003922" showAs="marine_resources" dictionary="UNBIS Thesaurus"></keyword>
        <keyword value="oceans_and_seas" href="http://metadata.un.org/thesaurus/170600" showAs="oceans_and_seas" dictionary="UNBIS Thesaurus"></keyword>
      </classification>
      <classification source="http://metadata.un.org/sdg">
        <keyword value="15" href="http://metadata.un.org/sdg/15" showAs="sdg_15" dictionary="SDGO"></keyword>
        <keyword value="deforestation" href="http://eurovoc.europa.eu/339" showAs="deforestation" dictionary="EuroVoc"></keyword>
        <keyword value="desertification" href="http://eurovoc.europa.eu/416" showAs="desertification" dictionary="EuroVoc"></keyword>
        <keyword value="biodiversity" href="http://eurovoc.europa.eu/5463" showAs="biodiversity" dictionary="EuroVoc"></keyword>
        <keyword value="land,_plant_and_soil_resources" href="http://metadata.un.org/thesaurus/030600" showAs="land,_plant_and_soil_resources" dictionary="UNBIS Thesaurus"></keyword>
        <keyword value="deforestation" href="http://metadata.un.org/thesaurus/1001550" showAs="deforestation" dictionary="UNBIS Thesaurus"></keyword>
      </classification>
      <workflow source="#un">
        <step date="2019-10-21" outcome="draftResolution" as="A/C.1/74/L.6" by="Algeria, Angola, Bolivia (Plurinational State of), Cuba, Eritrea, Iraq, Pakistan, Paraguay, Peru and Syrian Arab Republic" />
        <step date="0001-01-01" outcome="draftResolutionAdditionalSponsors" by="Bangladesh, Colombia, Egypt, Honduras, Iran (Islamic Republic of), Kuwait, Libya, Nicaragua, Saudi Arabia, Sri Lanka and Venezuela (Bolivarian Republic of)" />
        <step date="0001-01-01" outcome="recommendedForAdoption" as="A/74/365" by="" refersTo="7" />
        <step date="2019-12-12" outcome="adopted" as="A/74/PV.46" by="" />
      </workflow>
      <analysis source="#un">
        <parliamentary>
          <voting outcome="adoptedRecordedVote">
            <count value="122" refersTo="inFavour">
              <akn4un:voters>
                <organization refersTo="memberState">AFGHANISTAN</organization>
                <organization refersTo="memberState">ALGERIA</organization>
                <organization refersTo="memberState">ANGOLA</organization>
                <organization refersTo="memberState">ANTIGUA AND BARBUDA</organization>
                <organization refersTo="memberState">AZERBAIJAN</organization>
                <organization refersTo="memberState">BAHAMAS</organization>
                <organization refersTo="memberState">BAHRAIN</organization>
                <organization refersTo="memberState">BANGLADESH</organization>
                <organization refersTo="memberState">BARBADOS</organization>
                <organization refersTo="memberState">BELARUS</organization>
                <organization refersTo="memberState">BELIZE</organization>
                <organization refersTo="memberState">BENIN</organization>
                <organization refersTo="memberState">BHUTAN</organization>
                <organization refersTo="memberState">BOLIVIA (PLURINATIONAL STATE OF)</organization>
                <organization refersTo="memberState">BOTSWANA</organization>
                <organization refersTo="memberState">BRAZIL</organization>
                <organization refersTo="memberState">BRUNEI DARUSSALAM</organization>
                <organization refersTo="memberState">BURKINA FASO</organization>
                <organization refersTo="memberState">BURUNDI</organization>
                <organization refersTo="memberState">CABO VERDE</organization>
                <organization refersTo="memberState">CAMBODIA</organization>
                <organization refersTo="memberState">CAMEROON</organization>
                <organization refersTo="memberState">CHAD</organization>
                <organization refersTo="memberState">CHILE</organization>
                <organization refersTo="memberState">CHINA</organization>
                <organization refersTo="memberState">COLOMBIA</organization>
                <organization refersTo="memberState">COMOROS</organization>
                <organization refersTo="memberState">COSTA RICA</organization>
                <organization refersTo="memberState">COTE D'IVOIRE</organization>
                <organization refersTo="memberState">CUBA</organization>
                <organization refersTo="memberState">DEMOCRATIC REPUBLIC OF THE CONGO</organization>
                <organization refersTo="memberState">DJIBOUTI</organization>
                <organization refersTo="memberState">DOMINICAN REPUBLIC</organization>
                <organization refersTo="memberState">ECUADOR</organization>
                <organization refersTo="memberState">EGYPT</organization>
                <organization refersTo="memberState">EL SALVADOR</organization>
                <organization refersTo="memberState">ERITREA</organization>
                <organization refersTo="memberState">ESWATINI</organization>
                <organization refersTo="memberState">ETHIOPIA</organization>
                <organization refersTo="memberState">FIJI</organization>
                <organization refersTo="memberState">GABON</organization>
                <organization refersTo="memberState">GAMBIA</organization>
                <organization refersTo="memberState">GHANA</organization>
                <organization refersTo="memberState">GRENADA</organization>
                <organization refersTo="memberState">GUATEMALA</organization>
                <organization refersTo="memberState">GUINEA-BISSAU</organization>
                <organization refersTo="memberState">GUYANA</organization>
                <organization refersTo="memberState">HONDURAS</organization>
                <organization refersTo="memberState">INDIA</organization>
                <organization refersTo="memberState">INDONESIA</organization>
                <organization refersTo="memberState">IRAN (ISLAMIC REPUBLIC OF)</organization>
                <organization refersTo="memberState">IRAQ</organization>
                <organization refersTo="memberState">JAMAICA</organization>
                <organization refersTo="memberState">JAPAN</organization>
                <organization refersTo="memberState">JORDAN</organization>
                <organization refersTo="memberState">KAZAKHSTAN</organization>
                <organization refersTo="memberState">KENYA</organization>
                <organization refersTo="memberState">KIRIBATI</organization>
                <organization refersTo="memberState">KUWAIT</organization>
                <organization refersTo="memberState">KYRGYZSTAN</organization>
                <organization refersTo="memberState">LAO PEOPLE'S DEMOCRATIC REPUBLIC</organization>
                <organization refersTo="memberState">LEBANON</organization>
                <organization refersTo="memberState">LIBERIA</organization>
                <organization refersTo="memberState">LIBYA</organization>
                <organization refersTo="memberState">MADAGASCAR</organization>
                <organization refersTo="memberState">MALAWI</organization>
                <organization refersTo="memberState">MALAYSIA</organization>
                <organization refersTo="memberState">MALDIVES</organization>
                <organization refersTo="memberState">MALI</organization>
                <organization refersTo="memberState">MAURITANIA</organization>
                <organization refersTo="memberState">MAURITIUS</organization>
                <organization refersTo="memberState">MEXICO</organization>
                <organization refersTo="memberState">MONGOLIA</organization>
                <organization refersTo="memberState">MOROCCO</organization>
                <organization refersTo="memberState">MOZAMBIQUE</organization>
                <organization refersTo="memberState">MYANMAR</organization>
                <organization refersTo="memberState">NAURU</organization>
                <organization refersTo="memberState">NEPAL</organization>
                <organization refersTo="memberState">NICARAGUA</organization>
                <organization refersTo="memberState">NIGER</organization>
                <organization refersTo="memberState">NIGERIA</organization>
                <organization refersTo="memberState">OMAN</organization>
                <organization refersTo="memberState">PAKISTAN</organization>
                <organization refersTo="memberState">PANAMA</organization>
                <organization refersTo="memberState">PARAGUAY</organization>
                <organization refersTo="memberState">PERU</organization>
                <organization refersTo="memberState">PHILIPPINES</organization>
                <organization refersTo="memberState">QATAR</organization>
                <organization refersTo="memberState">RWANDA</organization>
                <organization refersTo="memberState">SAINT KITTS AND NEVIS</organization>
                <organization refersTo="memberState">SAINT LUCIA</organization>
                <organization refersTo="memberState">SAINT VINCENT AND THE GRENADINES</organization>
                <organization refersTo="memberState">SAMOA</organization>
                <organization refersTo="memberState">SAO TOME AND PRINCIPE</organization>
                <organization refersTo="memberState">SAUDI ARABIA</organization>
                <organization refersTo="memberState">SENEGAL</organization>
                <organization refersTo="memberState">SEYCHELLES</organization>
                <organization refersTo="memberState">SIERRA LEONE</organization>
                <organization refersTo="memberState">SINGAPORE</organization>
                <organization refersTo="memberState">SOLOMON ISLANDS</organization>
                <organization refersTo="memberState">SOUTH SUDAN</organization>
                <organization refersTo="memberState">SRI LANKA</organization>
                <organization refersTo="memberState">SUDAN</organization>
                <organization refersTo="memberState">SURINAME</organization>
                <organization refersTo="memberState">SYRIAN ARAB REPUBLIC</organization>
                <organization refersTo="memberState">TAJIKISTAN</organization>
                <organization refersTo="memberState">THAILAND</organization>
                <organization refersTo="memberState">TIMOR-LESTE</organization>
                <organization refersTo="memberState">TOGO</organization>
                <organization refersTo="memberState">TONGA</organization>
                <organization refersTo="memberState">TRINIDAD AND TOBAGO</organization>
                <organization refersTo="memberState">TUNISIA</organization>
                <organization refersTo="memberState">TURKMENISTAN</organization>
                <organization refersTo="memberState">UGANDA</organization>
                <organization refersTo="memberState">UNITED ARAB EMIRATES</organization>
                <organization refersTo="memberState">URUGUAY</organization>
                <organization refersTo="memberState">UZBEKISTAN</organization>
                <organization refersTo="memberState">VANUATU</organization>
                <organization refersTo="memberState">VENEZUELA (BOLIVARIAN REPUBLIC OF)</organization>
                <organization refersTo="memberState">VIET NAM</organization>
                <organization refersTo="memberState">YEMEN</organization>
                <organization refersTo="memberState">ZAMBIA</organization>
              </akn4un:voters>
            </count>
            <count value="64" refersTo="abstaining">
              <akn4un:voters>
                <organization refersTo="memberState">ALBANIA</organization>
                <organization refersTo="memberState">ANDORRA</organization>
                <organization refersTo="memberState">ARGENTINA</organization>
                <organization refersTo="memberState">ARMENIA</organization>
                <organization refersTo="memberState">AUSTRALIA</organization>
                <organization refersTo="memberState">AUSTRIA</organization>
                <organization refersTo="memberState">BELGIUM</organization>
                <organization refersTo="memberState">BOSNIA AND HERZEGOVINA</organization>
                <organization refersTo="memberState">BULGARIA</organization>
                <organization refersTo="memberState">CANADA</organization>
                <organization refersTo="memberState">CENTRAL AFRICAN REPUBLIC</organization>
                <organization refersTo="memberState">CROATIA</organization>
                <organization refersTo="memberState">CYPRUS</organization>
                <organization refersTo="memberState">CZECHIA</organization>
                <organization refersTo="memberState">DEMOCRATIC PEOPLE'S REPUBLIC OF KOREA</organization>
                <organization refersTo="memberState">DENMARK</organization>
                <organization refersTo="memberState">ESTONIA</organization>
                <organization refersTo="memberState">FINLAND</organization>
                <organization refersTo="memberState">FRANCE</organization>
                <organization refersTo="memberState">GEORGIA</organization>
                <organization refersTo="memberState">GERMANY</organization>
                <organization refersTo="memberState">GREECE</organization>
                <organization refersTo="memberState">HAITI</organization>
                <organization refersTo="memberState">HUNGARY</organization>
                <organization refersTo="memberState">ICELAND</organization>
                <organization refersTo="memberState">IRELAND</organization>
                <organization refersTo="memberState">ISRAEL</organization>
                <organization refersTo="memberState">ITALY</organization>
                <organization refersTo="memberState">LATVIA</organization>
                <organization refersTo="memberState">LESOTHO</organization>
                <organization refersTo="memberState">LIECHTENSTEIN</organization>
                <organization refersTo="memberState">LITHUANIA</organization>
                <organization refersTo="memberState">LUXEMBOURG</organization>
                <organization refersTo="memberState">MALTA</organization>
                <organization refersTo="memberState">MARSHALL ISLANDS</organization>
                <organization refersTo="memberState">MICRONESIA (FEDERATED STATES OF)</organization>
                <organization refersTo="memberState">MONACO</organization>
                <organization refersTo="memberState">MONTENEGRO</organization>
                <organization refersTo="memberState">NAMIBIA</organization>
                <organization refersTo="memberState">NETHERLANDS</organization>
                <organization refersTo="memberState">NEW ZEALAND</organization>
                <organization refersTo="memberState">NORTH MACEDONIA</organization>
                <organization refersTo="memberState">NORWAY</organization>
                <organization refersTo="memberState">PALAU</organization>
                <organization refersTo="memberState">POLAND</organization>
                <organization refersTo="memberState">PORTUGAL</organization>
                <organization refersTo="memberState">REPUBLIC OF KOREA</organization>
                <organization refersTo="memberState">REPUBLIC OF MOLDOVA</organization>
                <organization refersTo="memberState">ROMANIA</organization>
                <organization refersTo="memberState">RUSSIAN FEDERATION</organization>
                <organization refersTo="memberState">SAN MARINO</organization>
                <organization refersTo="memberState">SERBIA</organization>
                <organization refersTo="memberState">SLOVAKIA</organization>
                <organization refersTo="memberState">SLOVENIA</organization>
                <organization refersTo="memberState">SOUTH AFRICA</organization>
                <organization refersTo="memberState">SPAIN</organization>
                <organization refersTo="memberState">SWEDEN</organization>
                <organization refersTo="memberState">SWITZERLAND</organization>
                <organization refersTo="memberState">TURKEY</organization>
                <organization refersTo="memberState">TUVALU</organization>
                <organization refersTo="memberState">UKRAINE</organization>
                <organization refersTo="memberState">UNITED KINGDOM</organization>
                <organization refersTo="memberState">UNITED STATES</organization>
                <organization refersTo="memberState">ZIMBABWE</organization>
              </akn4un:voters>
            </count>
          </voting>
        </parliamentary>
      </analysis>
      <references source="#DGACM">
        <TLCOrganization eId="source" href="/akn/ontology/organization/un/DGACM" showAs="DGACM"></TLCOrganization>
        <TLCConcept eId="dateOfIssuance" href="/akn/ontology/concept/un/dateOfIssuance" showAs="Date of issuance"></TLCConcept>
        <TLCConcept eId="dateOfAdoption" href="/akn/ontology/concept/un/dateOfAdoption" showAs="Date of adoption"></TLCConcept>
        <TLCConcept eId="symbol" href="/akn/ontology/reference/un/symbol" showAs="Symbol"></TLCConcept>
        <TLCRole eId="publisher" href="/akn/ontology/role/un/publisher" showAs="Publisher"></TLCRole>
        <TLCRole eId="issuingBody" href="/akn/role/concept/un/issuingBody" showAs="Issuing body"></TLCRole>
        <TLCRole eId="author" href="/akn/ontology/role/un/author" showAs="Author"></TLCRole>
        <TLCRole eId="editor" href="/akn/ontology/role/un/editor" showAs="Editor"></TLCRole>
        <TLCRole eId="distribution" href="/akn/ontology/concept/un/generalDistribution" showAs="General distribution"></TLCRole>
        <TLCOrganization eId="ga" href="/akn/ontology/organization/un/generalAssembly" showAs="General Assembly"></TLCOrganization>
        <TLCTerm eId="resolutionTitle" href="/akn/ontology/reference/un/resolutionTitle" showAs="Resolution title"></TLCTerm>
        <TLCTerm eId="firstCommittee" href="#firstCommittee" showAs="第一委员会"></TLCTerm>
        <TLCTerm eId="memberState" href="/akn/ontology/organization/un/memberState" showAs="Member State"></TLCTerm>
        <TLCTerm eId="inFavour" href="/akn/ontology/concept/un/voting/inFavour" showAs="In favour"></TLCTerm>
        <TLCTerm eId="against" href="/akn/ontology/concept/un/voting/against" showAs="Against"></TLCTerm>
        <TLCTerm eId="abstaining" href="/akn/ontology/concept/un/voting/abstaining" showAs="Abstaining"></TLCTerm>
      </references>
      <presentation source="#un">
        <akn4un:footerFirstPage>
          <akn4un:footerFirstPageLeft>
            <akn4un:internalCode>
              <docketNumber refersTo="#publicationJobNumber">19-21687 (C)</docketNumber>
              <img alt="bar code" class="barCode" src=""></img>
            </akn4un:internalCode>
          </akn4un:footerFirstPageLeft>
          <akn4un:footerFirstPageRight>
            <img alt="Please recycle" class="image" src="./recylcleLogo.jpg"></img>
            <img alt="embedded QR code" class="qrCode" src=""></img>
          </akn4un:footerFirstPageRight>
        </akn4un:footerFirstPage>
      </presentation>
    </meta>
    <coverPage eId="coverPage_1">
      <p>
        <span refersTo="#publisher" class="upperLeft">
          <docAuthority refersTo="#publisher">联合国</docAuthority>
        </span>
      </p>
      <p class="upperRight">
        <docNumber refersTo="#symbol">A/RES/74/31</docNumber>
      </p>
      <p class="upperLeft">
        <img src="logo-un.jpg"></img>
        <docAuthority refersTo="#issuingBody" class="rightBig">大会</docAuthority>
      </p>
      <p>
        <docStatus refersTo="#generalDistribution" class="rightSmall">Distr.: General</docStatus>
      </p>
      <p>
        <docDate date="2019-12-18" class="rightSmall" refersTo="#dateOfIssuance">18 December 2019</docDate>
      </p>
      <p>
        <session refersTo="#generalAssembly" value="74" eId="coverPage_1__session_1">第七十四届会议</session>
      </p>
      <p>
        <inline name="agenda item">议程项目95</inline>
      </p>
      <p>
        <inline name="agenda item name">缔结关于保证不对无核武器国家使用或威胁使用核武器的有效国际安排</inline>
      </p>
      <p>
        <docTitle>2019年12月12日大会决议</docTitle>
      </p>
      <p xml:space="preserve">
        <docProponent refersTo="#firstCommittee">[根据第一委员会的报告 (<inline name="originating document">A/74/365</inline>)]</docProponent>
      </p>
    </coverPage>
    <preface>
      <p>
        <docNumber>74/31.</docNumber>
        <docTitle refersTo="#resolutionTitle">缔结关于保证不对无核武器国家使用或威胁使用核武器的有效国际安排</docTitle>
      </p>
    </preface>
    <preamble>
      <formula name="enactingFormula" eId="formula_1">
        <p xml:space="preserve">
          <span class="bold">大会</span>，</p>
      </formula>
      <container name="铭记" eId="container_2">
        <p xml:space="preserve">
          <span class="bold">铭记</span>有必要消除世界各国在确保本国国民持久安全方面的合理忧虑，</p>
      </container>
      <container name="深信" eId="container_3">
        <p xml:space="preserve">
          <span class="bold">深信</span>核武器对人类并对文明的存续造成最大威胁，</p>
      </container>
      <container name="注意到" eId="container_4">
        <p xml:space="preserve">
          <span class="bold">注意到</span>应把重新出现的对核裁军的关心转变为具体行动，以求达成有效国际控制下的全面彻底裁军，</p>
      </container>
      <container name="深信" eId="container_5">
        <p xml:space="preserve">
          <span class="bold">深信</span>要消除核战争的危险就必须进行核裁军并彻底消除核武器，</p>
      </container>
      <container name="决心" eId="container_6">
        <p xml:space="preserve">
          <span class="bold">决心</span>严格遵守《联合国宪章》关于不使用武力或以武力相威胁的规定，</p>
      </container>
      <container name="确认" eId="container_7">
        <p xml:space="preserve">
          <span class="bold">确认</span>必须保障无核武器国家的独立、领土完整和主权不受使用或威胁使用武力，包括使用或威胁使用核武器的危害，</p>
      </container>
      <container name="认为" eId="container_8">
        <p xml:space="preserve">
          <span class="bold">认为</span>在全球实现核裁军之前，国际社会必须制定有效措施和安排，以确保没有任何方面使用或威胁使用核武器危害无核武器国家的安全，</p>
      </container>
      <container name="确认" eId="container_9">
        <p xml:space="preserve">
          <span class="bold">确认</span>保证不对无核武器国家使用或威胁使用核武器的有效措施和安排可对防止核武器扩散作出积极贡献，</p>
      </container>
      <container name="铭记" eId="container_10">
        <p xml:space="preserve">
          <span class="bold">铭记</span>大会第十届特别会议，即专门讨论裁军问题的第一届特别会议《最后文件》<authorialNote marker="1" placement="bottom" eId="authorialNote_1"><p xml:space="preserve"><a href="https://undocs.org/ch/A/RES/S-10/2">S-10/2</a>号决议。</p></authorialNote> 第59段，其中敦促核武器国家根据情况致力于缔结有效安排，以保证不对无核武器国家使用或威胁使用核武器，并希望促进《最后文件》有关规定的执行，</p>
      </container>
      <container name="回顾" eId="container_11">
        <p xml:space="preserve">
          <span class="bold">回顾</span>裁军谈判委员会<authorialNote marker="2" placement="bottom" eId="authorialNote_2"><p xml:space="preserve">		裁军谈判委员会自1984年2月7日起易名为裁军谈判会议。</p></authorialNote> 提交大会第十二届特别会议，即专门讨论裁军问题的第二届特别会议的特别报告、<authorialNote marker="3" placement="bottom" eId="authorialNote_3"><p xml:space="preserve">		《大会正式记录，第十二届特别会议，补编第2号》(<a href="https://undocs.org/ch/A/S-12/2">A/S-12/2</a>)，第三.C节。</p></authorialNote> 裁军谈判会议提交大会第十五届特别会议，即专门讨论裁军问题的第三届特别会议的特别报告<authorialNote marker="4" placement="bottom" eId="authorialNote_4"><p xml:space="preserve">		同上，《第十五届特别会议，补编第2号》(<a href="https://undocs.org/ch/A/S-15/2">A/S-15/2</a>)，第三.F节。</p></authorialNote> 和裁军谈判会议1992年届会报告的有关部分，<authorialNote marker="5" placement="bottom" eId="authorialNote_5"><p xml:space="preserve">		同上，《第四十七届会议，补编第27号》(<a href="https://undocs.org/ch/A/47/27">A/47/27</a>)，第三.F节。</p></authorialNote></p>
      </container>
      <container name="又回顾" eId="container_12">
        <p xml:space="preserve">
          <span class="bold">又回顾</span>大会1980年12月3日第<a href="https://undocs.org/ch/A/RES/35/46">35/46</a>号决议附件所载《宣布1980年代为第二个裁军十年宣言》第12段，其中除其他外指出，裁军谈判委员会应竭尽全力紧急进行谈判，以求就保证不对无核武器国家使用或威胁使用核武器的有效国际安排达成协议，</p>
      </container>
      <container name="注意到" eId="container_13">
        <p xml:space="preserve">
          <span class="bold">注意到</span>裁军谈判会议及其保证不对无核武器国家使用或威胁使用核武器的有效国际安排特设委员会为就这个问题达成协议进行的深入谈判，<authorialNote marker="6" placement="bottom" eId="authorialNote_6"><p xml:space="preserve">		同上，《第四十八届会议，补编第27号》(<a href="https://undocs.org/ch/A/48/27">A/48/27</a>)，第三.E节。</p></authorialNote></p>
      </container>
      <container name="表示注意到" eId="container_14">
        <p xml:space="preserve">
          <span class="bold">表示注意到</span>裁军谈判会议在这个项目下提出的各项提案，包括一项国际公约的草案，</p>
      </container>
      <container name="又表示注意到" eId="container_15">
        <p xml:space="preserve">
          <span class="bold">又表示注意到</span>2003年2月24和25日在吉隆坡举行的第十三次不结盟国家国家元首和政府首脑会议<authorialNote marker="7" placement="bottom" eId="authorialNote_7"><p xml:space="preserve">		见<a href="https://undocs.org/ch/A/57/759">A/57/759-S/2003/332</a>，附件一。</p></authorialNote> 作出并经2016年9月13至18日在委内瑞拉玻利瓦尔共和国玛格丽塔岛举行的第十七次不结盟国家国家元首和政府首脑会议重申的有关决定以及伊斯兰合作组织的有关建议，</p>
      </container>
      <container name="还表示注意到" eId="container_16">
        <p xml:space="preserve">
          <span class="bold">还表示注意到</span>所有核武器国家就不对无核武器国家使用或威胁使用核武器的政策发表的单方面声明，</p>
      </container>
      <container name="注意到" eId="container_17">
        <p xml:space="preserve">
          <span class="bold">注意到</span>在裁军谈判会议和大会内均有国家表示支持拟订一项保证不对无核武器国家使用或威胁使用核武器的国际公约，并注意到在形成一项各方可以接受的共同办法方面指出的各种困难，</p>
      </container>
      <container name="表示注意到" eId="container_18">
        <p xml:space="preserve">
          <span class="bold">表示注意到</span>安全理事会1995年4月11日第<a href="https://undocs.org/ch/S/RES/984(1995)">984(1995)</a>号决议和对这项决议发表的意见，</p>
      </container>
      <container name="回顾" eId="container_19">
        <p xml:space="preserve">
          <span class="bold">回顾</span>大会历年通过的有关决议，特别是1990年12月4日第<a href="https://undocs.org/ch/A/RES/45/54">45/54</a>号、1991年12月6日第<a href="https://undocs.org/ch/A/RES/46/32">46/32</a>号、1992年12月9日第<a href="https://undocs.org/ch/A/RES/47/50">47/50</a>号、1993年12月16日第<a href="https://undocs.org/ch/A/RES/48/73">48/73</a>号、1994年12月15日第<a href="https://undocs.org/ch/A/RES/49/73">49/73</a>号、1995年12月12日第<a href="https://undocs.org/ch/A/RES/50/68">50/68</a>号、1996年12月10日第<a href="https://undocs.org/ch/A/RES/51/43">51/43</a>号、1997年12月9日第<a href="https://undocs.org/ch/A/RES/52/36">52/36</a>号、1998年12月4日第<a href="https://undocs.org/ch/A/RES/53/75">53/75</a>号、1999年12月1日第<a href="https://undocs.org/ch/A/RES/54/52">54/52</a>号、2000年11月20日第<a href="https://undocs.org/ch/A/RES/55/31">55/31</a>号、2001年11月29日第<a href="https://undocs.org/ch/A/RES/56/22">56/22</a>号、2002年11月22日第<a href="https://undocs.org/ch/A/RES/57/56">57/56</a>号、2003年12月8日第<a href="https://undocs.org/ch/A/RES/58/35">58/35</a>号、2004年12月3日第<a href="https://undocs.org/ch/A/RES/59/64">59/64</a>号、2005年12月8日第<a href="https://undocs.org/ch/A/RES/60/53">60/53</a>号、2006年12月6日第<a href="https://undocs.org/ch/A/RES/61/57">61/57</a>号、2007年12月5日第<a href="https://undocs.org/ch/A/RES/62/19">62/19</a>号、2008年12月2日第<a href="https://undocs.org/ch/A/RES/63/39">63/39</a>号、2009年12月2日第<a href="https://undocs.org/ch/A/RES/64/27">64/27</a>号、2010年12月8日第<a href="https://undocs.org/ch/A/RES/65/43">65/43</a>号、2011年12月2日第<a href="https://undocs.org/ch/A/RES/66/26">66/26</a>号、2012年12月3日第<a href="https://undocs.org/ch/A/RES/67/29">67/29</a>号、2013年12月5日第<a href="https://undocs.org/ch/A/RES/68/28">68/28</a>号、2014年12月2日第<a href="https://undocs.org/ch/A/RES/69/30">69/30</a>号、2015年12月7日第<a href="https://undocs.org/ch/A/RES/70/25">70/25</a>号、2016年12月5日第<a href="https://undocs.org/ch/A/RES/71/30">71/30</a>号、2017年12月4日第<a href="https://undocs.org/ch/A/RES/72/25">72/25</a>号和2018年12月5日第<a href="https://undocs.org/ch/A/RES/73/29">73/29</a>号决议，</p>
      </container>
    </preamble>
    <mainBody>
      <paragraph eId="para_20" class="MercuryDocument">
        <num>	1.</num>
        <content eId="para_20__content">
          <p xml:space="preserve">
            <span class="bold">重申</span>迫切需要尽早就保证不对无核武器国家使用或威胁使用核武器的有效国际安排达成协议；</p>
        </content>
      </paragraph>
      <paragraph eId="para_21" class="MercuryDocument">
        <num>	2.</num>
        <content eId="para_21__content">
          <p xml:space="preserve">
            <span class="bold">满意地注意到</span>在裁军谈判会议内对缔结一项国际公约以保证不对无核武器国家使用或威胁使用核武器的设想原则上无反对意见，尽管也有国家指出在形成各方可以接受的共同办法方面存在各种困难；</p>
        </content>
      </paragraph>
      <paragraph eId="para_22" class="MercuryDocument">
        <num>	3.</num>
        <content eId="para_22__content">
          <p xml:space="preserve">
            <span class="bold">呼吁</span>所有国家，特别是核武器国家积极努力，争取及早就一项共同办法，特别是可载入具有法律约束力的国际文书的共同方案达成协议；</p>
        </content>
      </paragraph>
      <paragraph eId="para_23" class="MercuryDocument">
        <num>	4.</num>
        <content eId="para_23__content">
          <p xml:space="preserve">
            <span class="bold">建议</span>进一步加紧努力，寻求这种共同办法或共同方案，并建议进一步探讨各种不同的备选办法，特别包括裁军谈判会议审议的办法，以克服各种困难；</p>
        </content>
      </paragraph>
      <paragraph eId="para_24" class="MercuryDocument">
        <num>	5.</num>
        <content eId="para_24__content">
          <p xml:space="preserve">
            <span class="bold">又建议</span>裁军谈判会议继续积极加紧谈判，以求早日达成协议，缔结关于保证不对无核武器国家使用或威胁使用核武器的有效国际协定，同时考虑到对缔结一项国际公约的广泛支持以及为达成这一目标提出的任何其他提案；</p>
        </content>
      </paragraph>
      <paragraph eId="para_25" class="SingleTxt">
        <num>	6.</num>
        <content eId="para_25__content">
          <p xml:space="preserve">
            <span class="bold">决定</span>将题为“缔结关于保证不对无核武器国家使用或威胁使用核武器的有效国际安排”的项目列入大会第七十五届会议临时议程。</p>
        </content>
      </paragraph>
    </mainBody>
    <conclusions eId="conclusions">
      <p>
        <inline name="adoptionMeeting" title="第46次">第46次全体会议</inline>
        <eol />
        <docDate date="2019-12-12" refersTo="#adoptionDate">2019年12月12日</docDate>
      </p>
    </conclusions>
  </statement>
</akomaNtoso>