<akomaNtoso xmlns:xsi="http://www.w3.org/2001/XMLSchema-instance" xsi:schemaLocation="http://docs.oasis-open.org/legaldocml/ns/akn/3.0 http://docs.oasis-open.org/legaldocml/akn-core/v1.0/os/part2-specs/schemas/akomantoso30.xsd" xmlns="http://docs.oasis-open.org/legaldocml/ns/akn/3.0" xmlns:html="http://www.w3.org/1999/xhtml" xmlns:akn4un="http://un.org/akn4un">
  <statement name="resolution">
    <meta>
      <identification source="#DGACM">
        <FRBRWork>
          <FRBRthis value="/akn/un/statement/deliberation/unga/2019-12-12/74-43/!main/"></FRBRthis>
          <FRBRuri value="/akn/un/statement/deliberation/unga/2019-12-12/74-43/"></FRBRuri>
          <FRBRdate date="2019-12-12" name="adoption"></FRBRdate>
          <FRBRauthor href="ga" as="author"></FRBRauthor>
          <FRBRcountry value="un"></FRBRcountry>
        </FRBRWork>
        <FRBRExpression>
          <FRBRthis value="/akn/un/statement/deliberation/unga/2019-12-12/74-43/zho@!main/"></FRBRthis>
          <FRBRuri value="/akn/un/statement/deliberation/unga/2019-12-12/74-43/zho@/"></FRBRuri>
          <FRBRdate date="2019-12-19" name="publication"></FRBRdate>
          <FRBRauthor href="ga" as="issuer"></FRBRauthor>
          <FRBRlanguage language="zho"></FRBRlanguage>
        </FRBRExpression>
        <FRBRManifestation>
          <FRBRthis value="/akn/un/statement/deliberation/unga/2019-12-12/74-43/zho@/!main.xml"></FRBRthis>
          <FRBRuri value="/akn/un/statement/deliberation/unga/2019-12-12/74-43/zho@.xml"></FRBRuri>
          <FRBRdate date="2020-08-29" name="markup"></FRBRdate>
          <FRBRauthor href="DGACM" as="editor"></FRBRauthor>
        </FRBRManifestation>
      </identification>
      <classification source="http://metadata.un.org/sdg">
        <keyword value="5" href="http://metadata.un.org/sdg/5" showAs="sdg_5" dictionary="SDGO"></keyword>
        <keyword value="gender_equality" href="http://eurovoc.europa.eu/3913" showAs="gender_equality" dictionary="EuroVoc"></keyword>
        <keyword value="participation_of_women" href="http://eurovoc.europa.eu/2265" showAs="participation_of_women" dictionary="EuroVoc"></keyword>
        <keyword value="women&amp;#39;s_rights" href="http://eurovoc.europa.eu/585" showAs="women&amp;#39;s_rights" dictionary="EuroVoc"></keyword>
        <keyword value="position_of_women" href="http://eurovoc.europa.eu/81" showAs="position_of_women" dictionary="EuroVoc"></keyword>
        <keyword value="women" href="http://metadata.un.org/thesaurus/1007029" showAs="women" dictionary="UNBIS Thesaurus"></keyword>
        <keyword value="gender_equality" href="http://metadata.un.org/thesaurus/1002612" showAs="gender_equality" dictionary="UNBIS Thesaurus"></keyword>
        <keyword value="girls" href="http://metadata.un.org/thesaurus/1002684" showAs="girls" dictionary="UNBIS Thesaurus"></keyword>
      </classification>
      <classification source="http://metadata.un.org/sdg">
        <keyword value="6" href="http://metadata.un.org/sdg/6" showAs="sdg_6" dictionary="SDGO"></keyword>
        <keyword value="water" href="http://eurovoc.europa.eu/597" showAs="water" dictionary="EuroVoc"></keyword>
        <keyword value="public_hygiene" href="http://eurovoc.europa.eu/3371" showAs="public_hygiene" dictionary="EuroVoc"></keyword>
        <keyword value="use_of_water" href="http://eurovoc.europa.eu/4628" showAs="use_of_water" dictionary="EuroVoc"></keyword>
        <keyword value="water" href="http://metadata.un.org/thesaurus/030500" showAs="water" dictionary="UNBIS Thesaurus"></keyword>
        <keyword value="sanitation" href="http://metadata.un.org/thesaurus/1005701" showAs="sanitation" dictionary="UNBIS Thesaurus"></keyword>
        <keyword value="water_management" href="http://metadata.un.org/thesaurus/1006948" showAs="water_management" dictionary="UNBIS Thesaurus"></keyword>
      </classification>
      <classification source="http://metadata.un.org/sdg">
        <keyword value="7" href="http://metadata.un.org/sdg/7" showAs="sdg_7" dictionary="SDGO"></keyword>
        <keyword value="66_energy" href="http://eurovoc.europa.eu/100159" showAs="66_energy" dictionary="EuroVoc"></keyword>
        <keyword value="energy_market" href="http://eurovoc.europa.eu/4886" showAs="energy_market" dictionary="EuroVoc"></keyword>
        <keyword value="sustainable_energy" href="http://metadata.un.org/thesaurus/1006320" showAs="sustainable_energy" dictionary="UNBIS Thesaurus"></keyword>
      </classification>
      <classification source="http://metadata.un.org/sdg">
        <keyword value="12" href="http://metadata.un.org/sdg/12" showAs="sdg_12" dictionary="SDGO"></keyword>
        <keyword value="consumption" href="http://eurovoc.europa.eu/139" showAs="consumption" dictionary="EuroVoc"></keyword>
        <keyword value="production" href="http://eurovoc.europa.eu/2707" showAs="production" dictionary="EuroVoc"></keyword>
        <keyword value="sustainable_consumption" href="http://metadata.un.org/thesaurus/1006318" showAs="sustainable_consumption" dictionary="UNBIS Thesaurus"></keyword>
        <keyword value="consumption" href="http://metadata.un.org/thesaurus/1001264" showAs="consumption" dictionary="UNBIS Thesaurus"></keyword>
        <keyword value="production" href="http://metadata.un.org/thesaurus/1005146" showAs="production" dictionary="UNBIS Thesaurus"></keyword>
      </classification>
      <workflow source="#un">
        <step date="2019-10-21" outcome="draftResolution" as="A/C.1/74/L.16" by="Angola, Argentina, Australia, Austria, Bangladesh, Belgium, Bosnia and Herzegovina, Bulgaria, Canada, Croatia, Cyprus, Czechia, Denmark, Eritrea, Estonia, Finland, France, Georgia, Germany, Greece, Guatemala, Hungary, Iceland, India, Iraq, Ireland, Italy, Latvia, Lithuania, Luxembourg, Malawi, Malta, Montenegro, Myanmar, Nepal, Netherlands, New Zealand, North Macedonia, Norway, Philippines, Poland, Portugal, Republic of Moldova, Romania, San Marino, Serbia, Singapore, Slovakia, Spain, Sweden, Thailand, United Kingdom of Great Britain and Northern Ireland and United States of America" />
        <step date="0001-01-01" outcome="draftResolutionAdditionalSponsors" by="Albania, Armenia, Azerbaijan, Benin, Bhutan, Burkina Faso, Democratic Republic of the Congo, Ghana, Guinea-Bissau, Haiti, Jamaica, Kazakhstan, Kyrgyzstan, Liechtenstein, Madagascar, Maldives, Mauritius, Monaco, Mongolia, Nigeria, Paraguay, Republic of Korea, Russian Federation, Samoa, Senegal, Slovenia, Sri Lanka, Togo, Tunisia, Turkey and Ukraine" />
        <step date="0001-01-01" outcome="recommendedForAdoption" as="A/74/368" by="" refersTo="89" />
        <step date="2019-12-12" outcome="adopted" as="A/74/PV.46" by="" />
      </workflow>
      <analysis source="#un">
        <parliamentary>
          <voting outcome="adoptedWithoutVote">
            <quorum value=""></quorum>
          </voting>
        </parliamentary>
      </analysis>
      <references source="#DGACM">
        <TLCOrganization eId="source" href="/akn/ontology/organization/un/DGACM" showAs="DGACM"></TLCOrganization>
        <TLCConcept eId="dateOfIssuance" href="/akn/ontology/concept/un/dateOfIssuance" showAs="Date of issuance"></TLCConcept>
        <TLCConcept eId="dateOfAdoption" href="/akn/ontology/concept/un/dateOfAdoption" showAs="Date of adoption"></TLCConcept>
        <TLCConcept eId="symbol" href="/akn/ontology/reference/un/symbol" showAs="Symbol"></TLCConcept>
        <TLCRole eId="publisher" href="/akn/ontology/role/un/publisher" showAs="Publisher"></TLCRole>
        <TLCRole eId="issuingBody" href="/akn/role/concept/un/issuingBody" showAs="Issuing body"></TLCRole>
        <TLCRole eId="author" href="/akn/ontology/role/un/author" showAs="Author"></TLCRole>
        <TLCRole eId="editor" href="/akn/ontology/role/un/editor" showAs="Editor"></TLCRole>
        <TLCRole eId="distribution" href="/akn/ontology/concept/un/generalDistribution" showAs="General distribution"></TLCRole>
        <TLCOrganization eId="ga" href="/akn/ontology/organization/un/generalAssembly" showAs="General Assembly"></TLCOrganization>
        <TLCTerm eId="resolutionTitle" href="/akn/ontology/reference/un/resolutionTitle" showAs="Resolution title"></TLCTerm>
        <TLCTerm eId="firstCommittee" href="#firstCommittee" showAs="第一委员会"></TLCTerm>
        <TLCTerm eId="memberState" href="/akn/ontology/organization/un/memberState" showAs="Member State"></TLCTerm>
        <TLCTerm eId="inFavour" href="/akn/ontology/concept/un/voting/inFavour" showAs="In favour"></TLCTerm>
        <TLCTerm eId="against" href="/akn/ontology/concept/un/voting/against" showAs="Against"></TLCTerm>
        <TLCTerm eId="abstaining" href="/akn/ontology/concept/un/voting/abstaining" showAs="Abstaining"></TLCTerm>
      </references>
      <presentation source="#un">
        <akn4un:footerFirstPage>
          <akn4un:footerFirstPageLeft>
            <akn4un:internalCode>
              <docketNumber refersTo="#publicationJobNumber">19-21746 (C)</docketNumber>
              <img alt="bar code" class="barCode" src=""></img>
            </akn4un:internalCode>
          </akn4un:footerFirstPageLeft>
          <akn4un:footerFirstPageRight>
            <img alt="Please recycle" class="image" src="./recylcleLogo.jpg"></img>
            <img alt="embedded QR code" class="qrCode" src=""></img>
          </akn4un:footerFirstPageRight>
        </akn4un:footerFirstPage>
      </presentation>
    </meta>
    <coverPage eId="coverPage_1">
      <p>
        <span refersTo="#publisher" class="upperLeft">
          <docAuthority refersTo="#publisher">联合国</docAuthority>
        </span>
      </p>
      <p class="upperRight">
        <docNumber refersTo="#symbol">A/RES/74/43</docNumber>
      </p>
      <p class="upperLeft">
        <img src="logo-un.jpg"></img>
        <docAuthority refersTo="#issuingBody" class="rightBig">大会</docAuthority>
      </p>
      <p>
        <docStatus refersTo="#generalDistribution" class="rightSmall">Distr.: General</docStatus>
      </p>
      <p>
        <docDate date="2019-12-19" class="rightSmall" refersTo="#dateOfIssuance">19 December 2019</docDate>
      </p>
      <p>
        <session refersTo="#generalAssembly" value="74" eId="coverPage_1__session_1">第七十四届会议</session>
      </p>
      <p>
        <inline name="agenda item">议程项目98(t)</inline>
      </p>
      <p>
        <inline name="agenda item name">全面彻底裁军：防止恐怖分子获取大规模毁灭性武器的措施</inline>
      </p>
      <p>
        <docTitle>2019年12月12日大会决议</docTitle>
      </p>
      <p xml:space="preserve">
        <docProponent refersTo="#firstCommittee">[根据第一委员会的报告 (<inline name="originating document">A/74/368</inline>)]</docProponent>
      </p>
    </coverPage>
    <preface>
      <p>
        <docNumber>74/43.</docNumber>
        <docTitle refersTo="#resolutionTitle">防止恐怖分子获取大规模毁灭性武器的措施</docTitle>
      </p>
    </preface>
    <preamble>
      <formula name="enactingFormula" eId="formula_1">
        <p xml:space="preserve">
          <span class="bold">大会</span>，</p>
      </formula>
      <container name="回顾" eId="container_2">
        <p xml:space="preserve">
          <span class="bold">回顾</span>其2018年12月5日第<a href="https://undocs.org/ch/A/RES/73/55">7</a><a href="https://undocs.org/ch/A/RES/73/55">3</a><a href="https://undocs.org/ch/A/RES/73/55">/</a><a href="https://undocs.org/ch/A/RES/73/55">55</a>号决议，</p>
      </container>
      <container name="确认" eId="container_3">
        <p xml:space="preserve">
          <span class="bold">确认</span>大会和安全理事会各项有关决议表明国际社会决心打击恐怖主义，</p>
      </container>
      <container name="深为关切" eId="container_4">
        <p xml:space="preserve">
          <span class="bold">深为关切</span>恐怖主义与大规模毁灭性武器之间发生联系的危险日益增长，特别是恐怖分子会设法获取大规模毁灭性武器，</p>
      </container>
      <container name="认识到" eId="container_5">
        <p xml:space="preserve">
          <span class="bold">认识到</span>各国为实施安全理事会2004年4月28日关于不扩散大规模毁灭性武器的第<a href="https://undocs.org/ch/S/RES/1540(2004)">1540(2004)</a>号决议所采取的措施，</p>
      </container>
      <container name="表示注意到" eId="container_6">
        <p xml:space="preserve">
          <span class="bold">	表示注意到</span>安全理事会2016年12月15日关于不扩散大规模毁灭性武器的第<a href="https://undocs.org/ch/S/RES/2325(2016)">2325(2016)</a>号决议，</p>
      </container>
      <container name="欢迎" eId="container_7">
        <p xml:space="preserve">
          <span class="bold">欢迎</span>《制止核恐怖主义行为国际公约》<authorialNote marker="1" placement="bottom" eId="authorialNote_1"><p xml:space="preserve">		联合国，《条约汇编》，第2445卷，第44004号。</p></authorialNote> 于2007年7月7日生效，</p>
      </container>
      <container name="又欢迎" eId="container_8">
        <p xml:space="preserve">
          <span class="bold">又欢迎</span>2005年7月8日国际原子能机构以协商一致方式通过关于加强《核材料实物保护公约》<authorialNote marker="2" placement="bottom" eId="authorialNote_2"><p xml:space="preserve">		同上，第1456卷，第24631号。</p></authorialNote> 的修正案，并欢迎修正案于2016年5月8日生效，</p>
      </container>
      <container name="注意到" eId="container_9">
        <p xml:space="preserve">
          <span class="bold">注意到</span>2016年9月13日至18日在委内瑞拉玻利瓦尔共和国玛格丽塔岛举行的第十七次不结盟国家国家元首和政府首脑会议的《最后文件》表示支持采取措施，防止恐怖分子获取大规模毁灭性武器，</p>
      </container>
      <container name="又注意到" eId="container_10">
        <p xml:space="preserve">
          <span class="bold">又注意到</span>八国集团、欧洲联盟、东南亚国家联盟区域论坛和其他方面在其审议中考虑到恐怖分子有可能获取大规模毁灭性武器所带来的种种危险和展开国际合作防止这种获取的必要性，并注意到俄罗斯联邦和美利坚合众国已经联合启动打击核恐怖主义全球倡议，</p>
      </container>
      <container name="还注意到" eId="container_11">
        <p xml:space="preserve">
          <span class="bold">还注意到</span>2010年4月12日和13日在哥伦比亚特区华盛顿、2012年3月26日和27日在首尔、2014年3月24日和25日在海牙以及2016年3月31日和4月1日在哥伦比亚特区华盛顿分别举行了核安全峰会，</p>
      </container>
      <container name="注意到" eId="container_12">
        <p xml:space="preserve">
          <span class="bold">注意到</span>2012年9月28日在纽约举行了“打击核恐怖主义，重点加强法律框架”的高级别会议，</p>
      </container>
      <container name="承认" eId="container_13">
        <p xml:space="preserve">
          <span class="bold">承认</span>裁军事项咨询委员会对恐怖主义和大规模毁灭性武器所涉问题进行的审议，<authorialNote marker="3" placement="bottom" eId="authorialNote_3"><p xml:space="preserve">		见<a href="https://undocs.org/ch/A/59/361">A/59/361</a>。</p></authorialNote></p>
      </container>
      <container name="表示注意到" eId="container_14">
        <p xml:space="preserve">
          <span class="bold">表示注意到</span>国际原子能机构2016年12月在维也纳举行的“核安全国际会议：承诺与行动”和2013年7月在维也纳举行的第一次“核安全国际会议：加强全球努力”以及原子能机构大会第六十二届常会通过的相关决议，</p>
      </container>
      <container name="又表示注意到" eId="container_15">
        <p xml:space="preserve">
          <span class="bold">又表示注意到</span>国际原子能机构理事会2003年9月8日批准的《放射源安全和保安行为准则》和原子能机构理事会2017年9月11日批准的补充该准则的《废弃放射源管理导则》，</p>
      </container>
      <container name="还表示注意到" eId="container_16">
        <p xml:space="preserve">
          <span class="bold">还表示注意到</span>2005年9月16日大会高级别全体会议通过的《2005年世界首脑会议成果》<authorialNote marker="4" placement="bottom" eId="authorialNote_4"><p xml:space="preserve">		第<a href="https://undocs.org/ch/A/RES/60/1">60/1</a>号决议。</p></authorialNote> 和2006年9月8日通过的《联合国全球反恐战略》，<authorialNote marker="5" placement="bottom" eId="authorialNote_5"><p xml:space="preserve">		第<a href="https://undocs.org/ch/A/RES/60/288">60/288</a>号决议。</p></authorialNote></p>
      </container>
      <container name="表示注意到" eId="container_17">
        <p xml:space="preserve">
          <span class="bold">表示注意到</span>秘书长根据第<a href="https://undocs.org/ch/A/RES/73/55">7</a><a href="https://undocs.org/ch/A/RES/73/55">3</a><a href="https://undocs.org/ch/A/RES/73/55">/</a><a href="https://undocs.org/ch/A/RES/73/55">55</a>号决议第5段提交的报告，<authorialNote marker="6" placement="bottom" eId="authorialNote_6"><p xml:space="preserve"><a href="https://undocs.org/ch/A/74/140">A/74/140</a>。</p></authorialNote></p>
      </container>
      <container name="意识到" eId="container_18">
        <p xml:space="preserve">
          <span class="bold">意识到</span>迫切需要在联合国框架内，通过国际合作处理对人类的这一威胁，</p>
      </container>
      <container name="强调" eId="container_19">
        <p xml:space="preserve">
          <span class="bold">强调</span>迫切需要在裁军和不扩散领域取得进展，以维护国际和平与安全，推动全球打击恐怖主义的努力，</p>
      </container>
    </preamble>
    <mainBody>
      <paragraph eId="para_20" class="MercuryDocument">
        <num>	1.</num>
        <content eId="para_20__content">
          <p xml:space="preserve">
            <span class="bold">促请</span>全体会员国支持防止恐怖分子获取大规模毁灭性武器及其运载工具的国际努力；</p>
        </content>
      </paragraph>
      <paragraph eId="para_21" class="MercuryDocument">
        <num>	2.</num>
        <content eId="para_21__content">
          <p xml:space="preserve">
            <span class="bold">呼吁</span>全体会员国考虑早日加入和批准《制止核恐怖主义行为国际公约》，并鼓励《公约》缔约国审查其执行情况；</p>
        </content>
      </paragraph>
      <paragraph eId="para_22" class="MercuryDocument">
        <num>	3.</num>
        <content eId="para_22__content">
          <p xml:space="preserve">
            <span class="bold">敦促</span>全体会员国酌情采取和加强国家措施，以防止恐怖分子获取大规模毁灭性武器、其运载工具以及与其制造有关的材料和技术；</p>
        </content>
      </paragraph>
      <paragraph eId="para_23" class="MercuryDocument">
        <num>	4.</num>
        <content eId="para_23__content">
          <p xml:space="preserve">
            <span class="bold">鼓励</span>会员国之间以及会员国与有关区域组织和国际组织之间相互合作，以加强各国在这方面的能力；</p>
        </content>
      </paragraph>
      <paragraph eId="para_24" class="MercuryDocument">
        <num>	5.</num>
        <content eId="para_24__content">
          <p xml:space="preserve">
            <span class="bold">请</span>秘书长编写一份报告，说明国际组织在打击恐怖主义与大规模毁灭性武器扩散之间联系问题上已经采取的措施，并就应对恐怖分子获取大规模毁灭性武器构成的全球威胁的其他相关措施，包括各国采取的措施，征求会员国的意见，并向大会第七十五届会议提出报告；</p>
        </content>
      </paragraph>
      <paragraph eId="para_25" class="SingleTxt">
        <num>	6.</num>
        <content eId="para_25__content">
          <p xml:space="preserve">
            <span class="bold">决定</span>在大会第七十五届会议临时议程题为“全面彻底裁军”的项目下列入题为“防止恐怖分子获取大规模毁灭性武器的措施”的分项。</p>
        </content>
      </paragraph>
    </mainBody>
    <conclusions eId="conclusions">
      <p>
        <inline name="adoptionMeeting" title="第46次">第46次全体会议</inline>
        <eol />
        <docDate date="2019-12-12" refersTo="#adoptionDate">2019年12月12日</docDate>
      </p>
    </conclusions>
  </statement>
</akomaNtoso>