<akomaNtoso xmlns:xsi="http://www.w3.org/2001/XMLSchema-instance" xsi:schemaLocation="http://docs.oasis-open.org/legaldocml/ns/akn/3.0 http://docs.oasis-open.org/legaldocml/akn-core/v1.0/os/part2-specs/schemas/akomantoso30.xsd" xmlns="http://docs.oasis-open.org/legaldocml/ns/akn/3.0" xmlns:html="http://www.w3.org/1999/xhtml" xmlns:akn4un="http://un.org/akn4un">
  <statement name="resolution">
    <meta>
      <identification source="#DGACM">
        <FRBRWork>
          <FRBRthis value="/akn/un/statement/deliberation/unga/2019-10-15/74-4/!main/"></FRBRthis>
          <FRBRuri value="/akn/un/statement/deliberation/unga/2019-10-15/74-4/"></FRBRuri>
          <FRBRdate date="2019-10-15" name="adoption"></FRBRdate>
          <FRBRauthor href="ga" as="author"></FRBRauthor>
          <FRBRcountry value="un"></FRBRcountry>
        </FRBRWork>
        <FRBRExpression>
          <FRBRthis value="/akn/un/statement/deliberation/unga/2019-10-15/74-4/zho@!main/"></FRBRthis>
          <FRBRuri value="/akn/un/statement/deliberation/unga/2019-10-15/74-4/zho@/"></FRBRuri>
          <FRBRdate date="2019-10-21" name="publication"></FRBRdate>
          <FRBRauthor href="ga" as="issuer"></FRBRauthor>
          <FRBRlanguage language="zho"></FRBRlanguage>
        </FRBRExpression>
        <FRBRManifestation>
          <FRBRthis value="/akn/un/statement/deliberation/unga/2019-10-15/74-4/zho@/!main.xml"></FRBRthis>
          <FRBRuri value="/akn/un/statement/deliberation/unga/2019-10-15/74-4/zho@.xml"></FRBRuri>
          <FRBRdate date="2020-08-29" name="markup"></FRBRdate>
          <FRBRauthor href="DGACM" as="editor"></FRBRauthor>
        </FRBRManifestation>
      </identification>
      <classification source="http://metadata.un.org/sdg">
        <keyword value="2" href="http://metadata.un.org/sdg/2" showAs="sdg_2" dictionary="SDGO"></keyword>
        <keyword value="food_shortage" href="http://eurovoc.europa.eu/2318" showAs="food_shortage" dictionary="EuroVoc"></keyword>
        <keyword value="sustainable_agriculture" href="http://eurovoc.europa.eu/6308" showAs="sustainable_agriculture" dictionary="EuroVoc"></keyword>
        <keyword value="food_security" href="http://eurovoc.europa.eu/c_4523e1dd" showAs="food_security" dictionary="EuroVoc"></keyword>
        <keyword value="food_security" href="http://metadata.un.org/thesaurus/1002439" showAs="food_security" dictionary="UNBIS Thesaurus"></keyword>
        <keyword value="food_shortage" href="http://metadata.un.org/thesaurus/1002440" showAs="food_shortage" dictionary="UNBIS Thesaurus"></keyword>
        <keyword value="hunger" href="http://metadata.un.org/thesaurus/1003004" showAs="hunger" dictionary="UNBIS Thesaurus"></keyword>
        <keyword value="sustainable_agriculture" href="http://metadata.un.org/thesaurus/1006317" showAs="sustainable_agriculture" dictionary="UNBIS Thesaurus"></keyword>
      </classification>
      <classification source="http://metadata.un.org/sdg">
        <keyword value="3" href="http://metadata.un.org/sdg/3" showAs="sdg_3" dictionary="SDGO"></keyword>
        <keyword value="public_health" href="http://eurovoc.europa.eu/3885" showAs="public_health" dictionary="EuroVoc"></keyword>
        <keyword value="health" href="http://metadata.un.org/thesaurus/1002824" showAs="health" dictionary="UNBIS Thesaurus"></keyword>
      </classification>
      <classification source="http://metadata.un.org/sdg">
        <keyword value="16" href="http://metadata.un.org/sdg/16" showAs="sdg_16" dictionary="SDGO"></keyword>
        <keyword value="right_to_justice" href="http://eurovoc.europa.eu/516" showAs="right_to_justice" dictionary="EuroVoc"></keyword>
        <keyword value="sustainable_development" href="http://eurovoc.europa.eu/5585" showAs="sustainable_development" dictionary="EuroVoc"></keyword>
        <keyword value="civil_society" href="http://metadata.un.org/thesaurus/1001012" showAs="civil_society" dictionary="UNBIS Thesaurus"></keyword>
        <keyword value="justice" href="http://metadata.un.org/thesaurus/1003500" showAs="justice" dictionary="UNBIS Thesaurus"></keyword>
        <keyword value="peaceful_coexistence" href="http://metadata.un.org/thesaurus/1004777" showAs="peaceful_coexistence" dictionary="UNBIS Thesaurus"></keyword>
        <keyword value="public_institutions" href="http://metadata.un.org/thesaurus/1005254" showAs="public_institutions" dictionary="UNBIS Thesaurus"></keyword>
        <keyword value="social_justice" href="http://metadata.un.org/thesaurus/1005970" showAs="social_justice" dictionary="UNBIS Thesaurus"></keyword>
        <keyword value="sustainable_development" href="http://metadata.un.org/thesaurus/1006319" showAs="sustainable_development" dictionary="UNBIS Thesaurus"></keyword>
      </classification>
      <classification source="http://metadata.un.org/sdg">
        <keyword value="17" href="http://metadata.un.org/sdg/17" showAs="sdg_17" dictionary="SDGO"></keyword>
        <keyword value="sustainable_development" href="http://eurovoc.europa.eu/5585" showAs="sustainable_development" dictionary="EuroVoc"></keyword>
        <keyword value="partnership" href="http://eurovoc.europa.eu/4199" showAs="partnership" dictionary="EuroVoc"></keyword>
        <keyword value="sustainable_development" href="http://metadata.un.org/thesaurus/1006319" showAs="sustainable_development" dictionary="UNBIS Thesaurus"></keyword>
        <keyword value="partnership" href="http://metadata.un.org/thesaurus/1004748" showAs="partnership" dictionary="UNBIS Thesaurus"></keyword>
      </classification>
      <workflow source="#un">
        <step date="2019-10-02" outcome="draftResolution" as="A/74/L.2" by="submitted by the President of the General Assembly" />
        <step date="0001-01-01" outcome="draftResolutionAdditionalSponsors" by="" />
        <step date="0001-01-01" outcome="recommendedForAdoption" by="" />
        <step date="2019-10-15" outcome="adopted" as="A/74/PV.15" by="" />
      </workflow>
      <analysis source="#un">
        <parliamentary>
          <voting outcome="adoptedWithoutVote">
            <quorum value=""></quorum>
          </voting>
        </parliamentary>
      </analysis>
      <references source="#DGACM">
        <TLCOrganization eId="source" href="/akn/ontology/organization/un/DGACM" showAs="DGACM"></TLCOrganization>
        <TLCConcept eId="dateOfIssuance" href="/akn/ontology/concept/un/dateOfIssuance" showAs="Date of issuance"></TLCConcept>
        <TLCConcept eId="dateOfAdoption" href="/akn/ontology/concept/un/dateOfAdoption" showAs="Date of adoption"></TLCConcept>
        <TLCConcept eId="symbol" href="/akn/ontology/reference/un/symbol" showAs="Symbol"></TLCConcept>
        <TLCRole eId="publisher" href="/akn/ontology/role/un/publisher" showAs="Publisher"></TLCRole>
        <TLCRole eId="issuingBody" href="/akn/role/concept/un/issuingBody" showAs="Issuing body"></TLCRole>
        <TLCRole eId="author" href="/akn/ontology/role/un/author" showAs="Author"></TLCRole>
        <TLCRole eId="editor" href="/akn/ontology/role/un/editor" showAs="Editor"></TLCRole>
        <TLCRole eId="distribution" href="/akn/ontology/concept/un/generalDistribution" showAs="General distribution"></TLCRole>
        <TLCOrganization eId="ga" href="/akn/ontology/organization/un/generalAssembly" showAs="General Assembly"></TLCOrganization>
        <TLCTerm eId="resolutionTitle" href="/akn/ontology/reference/un/resolutionTitle" showAs="Resolution title"></TLCTerm>
        <TLCTerm eId="noMainCommittee" href="#noMainCommittee" showAs="未经发交主要委员会而通过"></TLCTerm>
        <TLCTerm eId="memberState" href="/akn/ontology/organization/un/memberState" showAs="Member State"></TLCTerm>
        <TLCTerm eId="inFavour" href="/akn/ontology/concept/un/voting/inFavour" showAs="In favour"></TLCTerm>
        <TLCTerm eId="against" href="/akn/ontology/concept/un/voting/against" showAs="Against"></TLCTerm>
        <TLCTerm eId="abstaining" href="/akn/ontology/concept/un/voting/abstaining" showAs="Abstaining"></TLCTerm>
      </references>
      <presentation source="#un">
        <akn4un:footerFirstPage>
          <akn4un:footerFirstPageLeft>
            <akn4un:internalCode>
              <docketNumber refersTo="#publicationJobNumber">19-17862 (C)</docketNumber>
              <img alt="bar code" class="barCode" src=""></img>
            </akn4un:internalCode>
          </akn4un:footerFirstPageLeft>
          <akn4un:footerFirstPageRight>
            <img alt="Please recycle" class="image" src="./recylcleLogo.jpg"></img>
            <img alt="embedded QR code" class="qrCode" src=""></img>
          </akn4un:footerFirstPageRight>
        </akn4un:footerFirstPage>
      </presentation>
    </meta>
    <coverPage eId="coverPage_1">
      <p>
        <span refersTo="#publisher" class="upperLeft">
          <docAuthority refersTo="#publisher">联合国</docAuthority>
        </span>
      </p>
      <p class="upperRight">
        <docNumber refersTo="#symbol">A/RES/74/4</docNumber>
      </p>
      <p class="upperLeft">
        <img src="logo-un.jpg"></img>
        <docAuthority refersTo="#issuingBody" class="rightBig">大会</docAuthority>
      </p>
      <p>
        <docStatus refersTo="#generalDistribution" class="rightSmall">Distr.: General</docStatus>
      </p>
      <p>
        <docDate date="2019-10-21" class="rightSmall" refersTo="#dateOfIssuance">21 October 2019</docDate>
      </p>
      <p>
        <session refersTo="#generalAssembly" value="74" eId="coverPage_1__session_1">第七十四届会议</session>
      </p>
      <p>
        <inline name="agenda item">议程项目19 (a)</inline>
      </p>
      <p>
        <inline name="agenda item name">可持续发展：《21世纪议程》、《进一步执行〈21世纪议程〉方案》以及可持续发展问题世界首脑会议和联合国可持续发展大会成果的执行情况</inline>
      </p>
      <p>
        <docTitle>2019年10月15日大会决议</docTitle>
      </p>
      <p xml:space="preserve">
        <docProponent refersTo="#noMainCommittee">[未经发交主要委员会而通过 (<inline name="originating document">A/74/L.2</inline>)]</docProponent>
      </p>
    </coverPage>
    <preface>
      <p>
        <docNumber>74/4.</docNumber>
        <docTitle refersTo="#resolutionTitle">大会主持召开的可持续发展问题高级别政治论坛政治宣言</docTitle>
      </p>
    </preface>
    <preamble>
      <formula name="enactingFormula" eId="formula_1">
        <p xml:space="preserve">
          <span class="bold">大会</span>
          <span class="italic">，</span>
        </p>
      </formula>
    </preamble>
    <mainBody>
      <paragraph eId="para_2" class="MercuryDocument">
        <content eId="para_2__content">
          <p xml:space="preserve">
            <span class="bold">核可</span>大会主持召开的可持续发展问题高级别政治论坛通过的政治宣言，该宣言载于本决议附件。</p>
        </content>
      </paragraph>
    </mainBody>
    <conclusions eId="conclusions">
      <p>
        <inline name="adoptionMeeting" title="第15次">第15次全体会议</inline>
        <eol />
        <docDate date="2019-10-15" refersTo="#adoptionDate">2019年10月15日</docDate>
      </p>
    </conclusions>
    <attachments>
    <attachment>
      <doc name="annex">
        <meta>
          <identification source="#DGACM">
            <FRBRWork>
              <FRBRthis value="/akn/un/statement/deliberation/unga/2019-10-15/74-4/!main/annex"></FRBRthis>
              <FRBRuri value="/akn/un/statement/deliberation/unga/2019-10-15/74-4/"></FRBRuri>
              <FRBRdate date="2019-10-15" name="adoption"></FRBRdate>
              <FRBRauthor href="ga" as="author"></FRBRauthor>
              <FRBRcountry value="un"></FRBRcountry>
            </FRBRWork>
            <FRBRExpression>
              <FRBRthis value="/akn/un/statement/deliberation/unga/2019-10-15/74-4/zho@!main/annex"></FRBRthis>
              <FRBRuri value="/akn/un/statement/deliberation/unga/2019-10-15/74-4/zho@/"></FRBRuri>
              <FRBRdate date="2019-10-21" name="publication"></FRBRdate>
              <FRBRauthor href="ga" as="issuer"></FRBRauthor>
              <FRBRlanguage language="zho"></FRBRlanguage>
            </FRBRExpression>
            <FRBRManifestation>
              <FRBRthis value="/akn/un/statement/deliberation/unga/2019-10-15/74-4/zho@/!main/annex.xml"></FRBRthis>
              <FRBRuri value="/akn/un/statement/deliberation/unga/2019-10-15/74-4/zho@.xml"></FRBRuri>
              <FRBRdate date="2020-08-29" name="markup"></FRBRdate>
              <FRBRauthor href="DGACM" as="editor"></FRBRauthor>
            </FRBRManifestation>
          </identification>
        </meta>
        <mainBody>
        <paragraph eId="para_5" class="MercuryDocument">
          <content eId="para_5__content">
            <p xml:space="preserve">
              <docType>附件</docType>
              <docTitle>为在今后十年采取行动并落实可持续发展做好准备：可持续发展目标首脑会议政治宣言</docTitle>
            </p>
          </content>
        </paragraph>
        <paragraph eId="para_6" class="MercuryDocument">
          <num>一</num>	
          <heading> 我们的承诺</heading>
        </paragraph>
        <paragraph eId="para_7" class="SingleTxt">
          <num>1.</num>
          <content eId="para_7__content">
            <p xml:space="preserve">	我们，各国国家元首和政府首脑以及高级代表，于2019年9月24日和25日在纽约联合国总部举行可持续发展目标首脑会议，<authorialNote marker="1" placement="bottom" eId="authorialNote_1"><p xml:space="preserve">		大会主持召开的可持续发展问题高级别政治论坛(可持续发展目标首脑会议)。</p></authorialNote> 对《2030年可持续发展议程》执行工作的进展进行评估。<authorialNote marker="2" placement="bottom" eId="authorialNote_2"><p xml:space="preserve">		第<a href="https://undocs.org/ch/A/RES/70/1">70/1</a>号决议。</p></authorialNote></p>
          </content>
        </paragraph>
        <paragraph eId="para_8" class="SingleTxt">
          <num>2.</num>
          <content eId="para_8__content">
            <p xml:space="preserve">	我们对执行《2030年议程》这项有利于人类、地球、繁荣、和平、合作的行动计划矢志不移——这项计划旨在使人类摆脱贫困的桎梏，让地球得到休养生息和保护，从而造福子孙后代。</p>
          </content>
        </paragraph>
        <paragraph eId="para_9" class="SingleTxt">
          <num>3.</num>
          <content eId="para_9__content">
            <p xml:space="preserve">	我们强调，消除包括极端贫困在内的一切形式和表现的贫困，是全球面临的最大挑战，也是可持续发展的必然要求。</p>
          </content>
        </paragraph>
        <paragraph eId="para_10" class="SingleTxt">
          <num>4.</num>
          <content eId="para_10__content">
            <p xml:space="preserve">	今天我们启动一项雄心勃勃的加速举措，以期到2030年实现我们共同的愿景，并承诺使今后十年成为采取行动、落实目标的十年。我们将保持《2030年议程》的整体性，包括确保继续采取雄心勃勃的行动，实现可持续发展目标中时限为2020年的具体目标。</p>
          </content>
        </paragraph>
        <paragraph eId="para_11" class="SingleTxt">
          <num>5.</num>
          <content eId="para_11__content">
            <p xml:space="preserve">	我们重申，《2030年议程》的核心承诺是“不让任何一个人掉队”。我们将采取更为切实的步骤支持弱势群体和最脆弱国家，首先帮助落在最后面的人们。</p>
          </content>
        </paragraph>
        <paragraph eId="para_12" class="SingleTxt">
          <num>6.</num>
          <content eId="para_12__content">
            <p xml:space="preserve">	我们还重申《2030年议程》所确认的各项原则，并回顾《2030年议程》具有普遍性，其各项目标和具体目标是一个不可分割的整体，兼顾了可持续发展的经济、社会和环境层面。</p>
          </content>
        </paragraph>
        <paragraph eId="para_13" class="SingleTxt">
          <num>7.</num>
          <content eId="para_13__content">
            <p xml:space="preserve">	我们依然有决心在从今到2030年这段时间内，在全球范围消除贫困与饥饿；消除国家内部和国家之间的不平等；建立和平、公正、包容的社会；尊重、保护、落实人权，实现性别平等，增强所有妇女和女童的权能；持久地保护地球及其自然资源。我们也依然有决心创造条件，以实现可持续、包容、持久的经济增长，共享繁荣，让所有人拥有体面工作，同时考虑到各国发展程度不同、能力各异。</p>
          </content>
        </paragraph>
        <paragraph eId="para_14" class="SingleTxt">
          <num>8.</num>
          <content eId="para_14__content">
            <p xml:space="preserve">	我们决心把对世界的憧憬变成现实，使人人享有包容、平等的优质教育、全民医疗保险、优质医疗服务、粮食安全、更好的营养状况、安全饮用水和卫生设施、负担得起而又可靠的可持续能源、质量高而又适应力强的基础设施。</p>
          </content>
        </paragraph>
        <paragraph eId="para_15" class="SingleTxt">
          <num>9.</num>
          <content eId="para_15__content">
            <p xml:space="preserve">	我们认识到，最脆弱国家特别是非洲国家、最不发达国家、内陆发展中国家、小岛屿发展中国家、冲突中及冲突后局势国家在实现可持续发展方面面临特殊挑战，中等收入国家在这方面也有一些具体挑战。</p>
          </content>
        </paragraph>
        <paragraph eId="para_16" class="SingleTxt">
          <num>10.</num>
          <content eId="para_16__content">
            <p xml:space="preserve">	我们重申，性别平等、增强妇女和女童权能将对在所有目标和具体目标方面取得进展发挥巨大促进作用。如果半数人类继续不能充分享有人权和机会，就无法充分发挥人的潜能，也无法实现可持续发展。</p>
          </content>
        </paragraph>
        <paragraph eId="para_17" class="SingleTxt">
          <num>11.</num>
          <content eId="para_17__content">
            <p xml:space="preserve">	我们又重申，气候变化是当今时代的最大挑战之一。我们对全球温室气体排放量不断上升深表震惊，并对所有国家、特别是发展中国家可能遭受气候变化的不利影响继续深感关切。在这方面我们强调，减缓和适应气候变化是一个迫在眉睫、刻不容缓的优先事项。</p>
          </content>
        </paragraph>
        <paragraph eId="para_18" class="SingleTxt">
          <num>12.</num>
          <content eId="para_18__content">
            <p xml:space="preserve">	我们致力于建成一个人类与自然和谐相处的世界，保护并可持续地利用地球的海洋资源和陆地资源，包括通过可持续的消费和生产方式，扭转环境退化趋势，提高复原力，降低灾害风险，遏制生态系统退化和生物多样性的丧失。</p>
          </content>
        </paragraph>
        <paragraph eId="para_19" class="SingleTxt">
          <num>13.</num>
          <content eId="para_19__content">
            <p xml:space="preserve">	我们认识到，需要进一步努力指导《2030年议程》的执行工作并使执行手段与我们的目标保持一致，并致力于加快履行在《第三次发展筹资问题国际会议亚的斯亚贝巴行动议程》的七个行动领域所作的承诺。<authorialNote marker="3" placement="bottom" eId="authorialNote_3"><p xml:space="preserve">		第<a href="https://undocs.org/ch/A/RES/69/313">69/313</a>号决议，附件。</p></authorialNote></p>
          </content>
        </paragraph>
        <paragraph eId="para_20" class="SingleTxt">
          <num>14.</num>
          <content eId="para_20__content">
            <p xml:space="preserve">	在这一努力过程中，我们必须在各级政府之间以及与民间社会、私营部门、学术界、青年等相关利益攸关方建立持久的伙伴关系。</p>
          </content>
        </paragraph>
        <paragraph eId="para_21" class="SingleTxt">
          <num>15.</num>
          <content eId="para_21__content">
            <p xml:space="preserve">	《2030年议程》是我们对当今时代的儿童和青年作出的承诺，为的是让他们充分发挥人的潜力，把可持续发展的薪火代代相传。</p>
          </content>
        </paragraph>
        <paragraph eId="para_22" class="H1">
          <content eId="para_22__content">
            <p xml:space="preserve">		二 我们所处的当今世界</p>
          </content>
        </paragraph>
        <paragraph eId="para_23" class="SingleTxt">
          <num>16.</num>
          <content eId="para_23__content">
            <p xml:space="preserve">	我们确认，各级自2015年以来为实现《2030年议程》的愿景和可持续发展目标作出诸多努力。我们看到国家政府、城市、地方当局、民间社会、私营部门、学术界、青年及其他行为体作出大力响应。我们了解到可持续发展目标日益融入各国的政策、计划、预算和发展合作工作，并确认私营部门对可持续投资的参与正在不断增强。全球、区域、次区域的多边发展和融资机构积极支持可持续发展目标，并已采取重大步骤将这些目标纳入各自的业务活动。</p>
          </content>
        </paragraph>
        <paragraph eId="para_24" class="SingleTxt">
          <num>17.</num>
          <content eId="para_24__content">
            <p xml:space="preserve">	我们欢迎秘书长不断努力重新定位联合国发展系统，从而更好地支持各国执行《2030年议程》。我们承诺继续支持这一努力。</p>
          </content>
        </paragraph>
        <paragraph eId="para_25" class="SingleTxt">
          <num>18.</num>
          <content eId="para_25__content">
            <p xml:space="preserve">	我们赞扬经济及社会理事会主持举办的可持续发展问题高级别政治论坛自《2030年议程》获得通过以来开展的工作，包括评估所有17个可持续发展目标的落实情况。142个国家已提交自愿国别评估，这见证了在国家一级为将可持续发展目标优先纳入国家计划和政策以及团结社会各阶层共同实现《2030年议程》所作的努力。我们还欢迎在区域一级包括联合国区域委员会和可持续发展区域论坛作出的努力，并欢迎各主要群体和所有其他利益攸关方作出的贡献。</p>
          </content>
        </paragraph>
        <paragraph eId="para_26" class="SingleTxt">
          <num>19.</num>
          <content eId="para_26__content">
            <p xml:space="preserve">	我们表示赞赏地注意到秘书长关于可持续发展目标的进展报告和《全球可持续发展报告》，包括为落实《2030年议程》提出的变革切入点和变革杠杆。考虑到各项目标和具体目标之间的联系，我们确认可以采取一种系统性、统筹兼顾办法。上述两份报告表明，我们在一些领域取得了进展，其中包括减少极端贫困；降低儿童和新生儿死亡率；让更多人获得电力和安全饮用水；扩大陆地保护区和海洋保护区的范围。</p>
          </content>
        </paragraph>
        <paragraph eId="para_27" class="SingleTxt">
          <num>20.</num>
          <content eId="para_27__content">
            <p xml:space="preserve">	与此同时，我们也对许多领域进展缓慢感到关切。脆弱情况非常严重，穷困状况日益固化。评估表明，我们可能无法实现消除贫困这项具体目标。饥饿人数在增加。性别平等、增强妇女和女童权能方面的进展过于缓慢。国家内部和国家之间在财富、收入、机会方面的不平等在加剧。生物多样性丧失、环境退化、向海洋中倾倒塑料垃圾、气候变化、灾害风险增大等情况仍在继续，其速度之快可能给人类带来灾难性后果。</p>
          </content>
        </paragraph>
        <paragraph eId="para_28" class="SingleTxt">
          <num>21.</num>
          <content eId="para_28__content">
            <p xml:space="preserve">	我们认识到，跨国移民是一个涉及多种因素的现实问题，与原籍国、过境国和目的地国的发展水平有重大关联。</p>
          </content>
        </paragraph>
        <paragraph eId="para_29" class="SingleTxt">
          <num>22.</num>
          <content eId="para_29__content">
            <p xml:space="preserve">	暴力极端主义、恐怖主义、有组织犯罪、腐败、非法资金流动、全球健康威胁、人道主义危机、民众被迫流离失所等情况有可能使最近数十年的大部分发展成果遭到逆转。</p>
          </content>
        </paragraph>
        <paragraph eId="para_30" class="SingleTxt">
          <num>23.</num>
          <content eId="para_30__content">
            <p xml:space="preserve">	在世界许多地区，冲突和不稳定状况持续不断或加剧，自然灾害变得更加频繁剧烈，给人类造成无尽的痛苦，妨碍了可持续发展目标的实现。在预防和解决冲突以及建立有适应力、和平、公正、包容社会方面，我们往往存在能力碎片化和能力不足的问题。</p>
          </content>
        </paragraph>
        <paragraph eId="para_31" class="H1">
          <content eId="para_31__content">
            <p xml:space="preserve">		三 我们呼吁加快行动</p>
          </content>
        </paragraph>
        <paragraph eId="para_32" class="SingleTxt">
          <num>24.</num>
          <content eId="para_32__content">
            <p xml:space="preserve">	我们认识到，所有利益攸关方急需在各级加快行动，实现《2030年议程》的愿景和目标。我们还强调，联合国在经济领域、社会领域及有关领域的所有相关主要会议和首脑会议需要采取协调一致行动，其中包括作为《2030年议程》组成部分的《亚的斯亚贝巴行动议程》、《2015-2030年仙台减少灾害风险框架》、<authorialNote marker="4" placement="bottom" eId="authorialNote_4"><p xml:space="preserve">		第<a href="https://undocs.org/ch/A/RES/69/283">69/283</a>号决议，附件二。</p></authorialNote> 《新城市议程》、<authorialNote marker="5" placement="bottom" eId="authorialNote_5"><p xml:space="preserve">		第<a href="https://undocs.org/ch/A/RES/71/256">71/256</a>号决议，附件。</p></authorialNote> 伊斯坦布尔《2011-2020十年期支援最不发达国家行动纲领》、<authorialNote marker="6" placement="bottom" eId="authorialNote_6"><p xml:space="preserve">		《第四次联合国最不发达国家问题会议报告，2011年5月9日至13日，土耳其伊斯坦布尔》(<a href="https://undocs.org/ch/A/CONF.219/7">A/CONF.219/7</a>)，第二章。</p></authorialNote> 《内陆发展中国家2014-2024年十年维也纳行动纲领》<authorialNote marker="7" placement="bottom" eId="authorialNote_7"><p xml:space="preserve">		第<a href="https://undocs.org/ch/A/RES/69/137">69/137</a>号决议，附件二。</p></authorialNote> 和《小岛屿发展中国家加快速行动方式(萨摩亚途径)》。<authorialNote marker="8" placement="bottom" eId="authorialNote_8"><p xml:space="preserve">		第<a href="https://undocs.org/ch/A/RES/69/15">69/15</a>号决议，附件。</p></authorialNote> 我们确认，落实《2030年议程》与执行《巴黎协定》之间具有协同增效作用。<authorialNote marker="9" placement="bottom" eId="authorialNote_9"><p xml:space="preserve">		见<a href="https://undocs.org/ch/FCCC/CP/2015/10/Add.1">FCCC/CP/2015/10/Add.1</a>，第1/CP.21号决定，附件。</p></authorialNote></p>
          </content>
        </paragraph>
        <paragraph eId="para_33" class="SingleTxt">
          <num>25.</num>
          <content eId="para_33__content">
            <p xml:space="preserve">	我们欢迎各国领导人在可持续发展目标首脑会议和此次高级别周期间承诺采取自愿行动。</p>
          </content>
        </paragraph>
        <paragraph eId="para_34" class="SingleTxt">
          <num>26.</num>
          <content eId="para_34__content">
            <p xml:space="preserve">	我们请秘书长在纪念联合国成立七十五周年首脑会议的前夕，作为可持续发展目标首脑会议和关于可持续发展目标进展报告的一个后续行动，在我们步入对于《2030年议程》具有决定性的十年之际与各国政府、民间社会、私营部门、其他利益攸关方一起，提出解决方案并加快行动，以消除执行工作中存在的系统性差距。我们还呼吁秘书长每年在大会一般性辩论期间举办一次活动，着重介绍在落实可持续发展目标方面采取的鼓舞人心的行动。</p>
          </content>
        </paragraph>
        <paragraph eId="para_35" class="SingleTxt">
          <num>27.</num>
          <content eId="para_35__content">
            <p xml:space="preserve">	为了展现落实《2030年议程》和实现可持续发展目标的决心，我们需要采取更多更快的行动。为此，我们继续致力于：</p>
          </content>
        </paragraph>
        <paragraph eId="para_36" class="SingleTxt">
          <content eId="para_36__content">
            <p xml:space="preserve">	(a)	不让任何一个人掉队：在政策和行动上，我们将重点关注最贫困和最脆弱的人们。必须增强弱势群体的权能。《2030年议程》反映了所有儿童、青年、残疾人、艾滋病毒/艾滋病患者、老人、土著人民、难民和境内流离失所者以及移民的需求。我们要让所有国家和人民以及社会各阶层都实现各项可持续发展目标和具体目标。我们首先要尽力帮助落在最后面的人们。我们承诺加快采取有针对性的行动，消除法律、社会、经济方面的一切障碍，从而实现性别平等，增强所有妇女和女童的权能，使她们获得并享有人权；</p>
          </content>
        </paragraph>
        <paragraph eId="para_37" class="SingleTxt">
          <content eId="para_37__content">
            <p xml:space="preserve">	(b)	筹集充足资金，予以妥善使用：为了弥补落实可持续发展目标工作的资金缺口，政府、私营部门和其他利益攸关方需要在调动国内公共和私人资源方面更有雄心，为可持续投资提供更有利的环境，履行国际发展合作承诺。我们将确保在政策和行动上帮助落在最后面的人们，着眼于实现金融普惠以及支持中小微企业、包括妇女和青年企业提高竞争力。我们还将在非金融执行手段方面展现更大魄力，包括促进普遍、基于规则、开放、透明、非歧视、公平的多边贸易体制，同时确认国际贸易是发展的推动力量；</p>
          </content>
        </paragraph>
        <paragraph eId="para_38" class="SingleTxt">
          <content eId="para_38__content">
            <p xml:space="preserve">	(c)	加强各国的执行力度：我们承诺在各国落实《2030年议程》的对策方面展现更大魄力，同时尊重各国的进程，确保自主权。为此，我们将积极主动地把《2030年议程》主流化，将其纳入国家规划工具、政策、战略和金融框架；</p>
          </content>
        </paragraph>
        <paragraph eId="para_39" class="SingleTxt">
          <content eId="para_39__content">
            <p xml:space="preserve">	(d)	加强机构，提出更具整体性的解决办法：我们将未雨绸缪，建立有效、负责、透明的各级机构，确保决策进程反应更迅速、更有包容性、更有参与性、更有代表性。我们将着力使国内机构有能力更好地处理各项可持续发展目标和具体目标之间的相互联系、协同效应和利弊取舍，为此将采取全政府办法，从而能够实现治理和公共政策方面的变革，确保可持续发展政策的协调一致；</p>
          </content>
        </paragraph>
        <paragraph eId="para_40" class="SingleTxt">
          <content eId="para_40__content">
            <p xml:space="preserve">	(e)	增强地方行动，加快执行速度：我们承诺在努力落实《2030年议程》方面增强城市、地方当局和社区的权能并给予其支持。我们认识到它们在落实和实现可持续发展目标方面的关键作用；</p>
          </content>
        </paragraph>
        <paragraph eId="para_41" class="SingleTxt">
          <content eId="para_41__content">
            <p xml:space="preserve">	(f)	降低灾害风险，建设抗灾能力：我们承诺采取政策、进行投资、开展创新，以降低灾害风险，增强国家、经济体、社区和个人抵御经济、社会、环境方面各种冲击和灾害的能力；</p>
          </content>
        </paragraph>
        <paragraph eId="para_42" class="SingleTxt">
          <content eId="para_42__content">
            <p xml:space="preserve">	(g)	通过国际合作克服挑战，加强全球伙伴关系：我们认识到可持续发展目标具有整体性，因此必须采取全球性对策。我们再次承诺奉行多边主义，找到携手合作的新途径，并确保多边机构跟上快速发生的变化。我们还继续致力于寻求以和平、公正方式解决争端，尊重国际法及《联合国宪章》的宗旨和原则，包括人民自决权以及各国领土完整和政治独立的必要性；</p>
          </content>
        </paragraph>
        <paragraph eId="para_43" class="SingleTxt">
          <content eId="para_43__content">
            <p xml:space="preserve">	(h)	发挥科学、技术、创新的作用，更加注重以数字转型促进可持续发展：我们将推广研究、能力建设举措、创新和技术，推进可持续发展目标，并推动利用各领域的科学证据，实现向可持续发展的转变。我们将弘扬并支持优质教育和终身学习，确保所有儿童、青年和成人具备有用的知识技能，以打造更具适应力、更为包容、更可持续、能适应快速技术变革的社会。我们将促进国际合作，支持发展中国家克服在获得技术和教育方面的制约因素；</p>
          </content>
        </paragraph>
        <paragraph eId="para_44" class="SingleTxt">
          <content eId="para_44__content">
            <p xml:space="preserve">	(i)	对数据和统计资料进行投资，促进可持续发展目标：我们承诺加强国家统计能力，消除可持续发展目标方面的数据差距，使各国能够提供高质量、及时、可靠的分类数据和统计资料，并将可持续发展目标充分纳入我们的监测和报告系统。我们鼓励开展国际合作，支持发展中国家、特别是最脆弱国家建设统计能力，而可靠数据和统计资料的收集、分析和使用是这些国家面临的最大挑战；</p>
          </content>
        </paragraph>
        <paragraph eId="para_45" class="SingleTxt">
          <content eId="para_45__content">
            <p xml:space="preserve">	(j)	加强高级别政治论坛：我们承诺，在大会第七十四届会议期间深入有效地审查高级别政治论坛的形式和组织安排，并在全球一级后续落实和评估《2030年可持续发展议程》，以期更好地消除执行方面的差距并就已查明的挑战提出适当对策，包括在筹资方面；进一步增强这一政府间论坛的重实效和各方参与性质；鼓励保持自愿国别评估的同行互学特点。我们还承诺进一步努力向全球公众宣传《2030年议程》，以提高认识，激励加快行动步伐。</p>
          </content>
        </paragraph>
        <paragraph eId="para_46" class="SingleTxt">
          <num>28.</num>
          <content eId="para_46__content">
            <p xml:space="preserve">	我们知道想要一个什么样的世界。我们承诺在从今到未来十年这段时间内加紧作出共同努力，到2030年实现这一愿景。如果我们拥护变革并加快执行工作，就可以迅速完成转变，各项目标也仍然可望实现。</p>
          </content>
        </paragraph>
        </mainBody>
      </doc>
    </attachment>
    </attachments>
  </statement>
</akomaNtoso>