<akomaNtoso xmlns:xsi="http://www.w3.org/2001/XMLSchema-instance" xsi:schemaLocation="http://docs.oasis-open.org/legaldocml/ns/akn/3.0 http://docs.oasis-open.org/legaldocml/akn-core/v1.0/os/part2-specs/schemas/akomantoso30.xsd" xmlns="http://docs.oasis-open.org/legaldocml/ns/akn/3.0" xmlns:html="http://www.w3.org/1999/xhtml" xmlns:akn4un="http://un.org/akn4un">
  <statement name="resolution">
    <meta>
      <identification source="#DGACM">
        <FRBRWork>
          <FRBRthis value="/akn/un/statement/deliberation/unga/2019-12-12/74-54/!main/"></FRBRthis>
          <FRBRuri value="/akn/un/statement/deliberation/unga/2019-12-12/74-54/"></FRBRuri>
          <FRBRdate date="2019-12-12" name="adoption"></FRBRdate>
          <FRBRauthor href="ga" as="author"></FRBRauthor>
          <FRBRcountry value="un"></FRBRcountry>
        </FRBRWork>
        <FRBRExpression>
          <FRBRthis value="/akn/un/statement/deliberation/unga/2019-12-12/74-54/zho@!main/"></FRBRthis>
          <FRBRuri value="/akn/un/statement/deliberation/unga/2019-12-12/74-54/zho@/"></FRBRuri>
          <FRBRdate date="2019-12-19" name="publication"></FRBRdate>
          <FRBRauthor href="ga" as="issuer"></FRBRauthor>
          <FRBRlanguage language="zho"></FRBRlanguage>
        </FRBRExpression>
        <FRBRManifestation>
          <FRBRthis value="/akn/un/statement/deliberation/unga/2019-12-12/74-54/zho@/!main.xml"></FRBRthis>
          <FRBRuri value="/akn/un/statement/deliberation/unga/2019-12-12/74-54/zho@.xml"></FRBRuri>
          <FRBRdate date="2020-08-29" name="markup"></FRBRdate>
          <FRBRauthor href="DGACM" as="editor"></FRBRauthor>
        </FRBRManifestation>
      </identification>
      <classification source="http://metadata.un.org/sdg">
        <keyword value="16" href="http://metadata.un.org/sdg/16" showAs="sdg_16" dictionary="SDGO"></keyword>
        <keyword value="right_to_justice" href="http://eurovoc.europa.eu/516" showAs="right_to_justice" dictionary="EuroVoc"></keyword>
        <keyword value="sustainable_development" href="http://eurovoc.europa.eu/5585" showAs="sustainable_development" dictionary="EuroVoc"></keyword>
        <keyword value="civil_society" href="http://metadata.un.org/thesaurus/1001012" showAs="civil_society" dictionary="UNBIS Thesaurus"></keyword>
        <keyword value="justice" href="http://metadata.un.org/thesaurus/1003500" showAs="justice" dictionary="UNBIS Thesaurus"></keyword>
        <keyword value="peaceful_coexistence" href="http://metadata.un.org/thesaurus/1004777" showAs="peaceful_coexistence" dictionary="UNBIS Thesaurus"></keyword>
        <keyword value="public_institutions" href="http://metadata.un.org/thesaurus/1005254" showAs="public_institutions" dictionary="UNBIS Thesaurus"></keyword>
        <keyword value="social_justice" href="http://metadata.un.org/thesaurus/1005970" showAs="social_justice" dictionary="UNBIS Thesaurus"></keyword>
        <keyword value="sustainable_development" href="http://metadata.un.org/thesaurus/1006319" showAs="sustainable_development" dictionary="UNBIS Thesaurus"></keyword>
      </classification>
      <workflow source="#un">
        <step date="2019-11-05" outcome="draftResolution" as="A/C.1/74/L.31/Rev.1" by="Indonesia (on behalf of the States Members of the United Nations that are members of the Movement of Non-Aligned Countries)" />
        <step date="0001-01-01" outcome="draftResolutionAdditionalSponsors" by="" />
        <step date="0001-01-01" outcome="recommendedForAdoption" as="A/74/368" by="" refersTo="89" />
        <step date="2019-12-12" outcome="adopted" as="A/74/PV.46" by="" />
      </workflow>
      <analysis source="#un">
        <parliamentary>
          <voting outcome="adoptedRecordedVote">
            <count value="142" refersTo="inFavour">
              <akn4un:voters>
                <organization refersTo="memberState">AFGHANISTAN</organization>
                <organization refersTo="memberState">ALGERIA</organization>
                <organization refersTo="memberState">ANDORRA</organization>
                <organization refersTo="memberState">ANGOLA</organization>
                <organization refersTo="memberState">ANTIGUA AND BARBUDA</organization>
                <organization refersTo="memberState">ARGENTINA</organization>
                <organization refersTo="memberState">ARMENIA</organization>
                <organization refersTo="memberState">AUSTRIA</organization>
                <organization refersTo="memberState">AZERBAIJAN</organization>
                <organization refersTo="memberState">BAHAMAS</organization>
                <organization refersTo="memberState">BAHRAIN</organization>
                <organization refersTo="memberState">BANGLADESH</organization>
                <organization refersTo="memberState">BARBADOS</organization>
                <organization refersTo="memberState">BELARUS</organization>
                <organization refersTo="memberState">BELIZE</organization>
                <organization refersTo="memberState">BENIN</organization>
                <organization refersTo="memberState">BHUTAN</organization>
                <organization refersTo="memberState">BOLIVIA (PLURINATIONAL STATE OF)</organization>
                <organization refersTo="memberState">BOTSWANA</organization>
                <organization refersTo="memberState">BRAZIL</organization>
                <organization refersTo="memberState">BRUNEI DARUSSALAM</organization>
                <organization refersTo="memberState">BURKINA FASO</organization>
                <organization refersTo="memberState">BURUNDI</organization>
                <organization refersTo="memberState">CABO VERDE</organization>
                <organization refersTo="memberState">CAMBODIA</organization>
                <organization refersTo="memberState">CAMEROON</organization>
                <organization refersTo="memberState">CENTRAL AFRICAN REPUBLIC</organization>
                <organization refersTo="memberState">CHAD</organization>
                <organization refersTo="memberState">CHILE</organization>
                <organization refersTo="memberState">CHINA</organization>
                <organization refersTo="memberState">COLOMBIA</organization>
                <organization refersTo="memberState">COMOROS</organization>
                <organization refersTo="memberState">CONGO</organization>
                <organization refersTo="memberState">COSTA RICA</organization>
                <organization refersTo="memberState">COTE D'IVOIRE</organization>
                <organization refersTo="memberState">CUBA</organization>
                <organization refersTo="memberState">CYPRUS</organization>
                <organization refersTo="memberState">DEMOCRATIC PEOPLE'S REPUBLIC OF KOREA</organization>
                <organization refersTo="memberState">DEMOCRATIC REPUBLIC OF THE CONGO</organization>
                <organization refersTo="memberState">DJIBOUTI</organization>
                <organization refersTo="memberState">DOMINICAN REPUBLIC</organization>
                <organization refersTo="memberState">ECUADOR</organization>
                <organization refersTo="memberState">EGYPT</organization>
                <organization refersTo="memberState">EL SALVADOR</organization>
                <organization refersTo="memberState">ERITREA</organization>
                <organization refersTo="memberState">ESWATINI</organization>
                <organization refersTo="memberState">ETHIOPIA</organization>
                <organization refersTo="memberState">FIJI</organization>
                <organization refersTo="memberState">GABON</organization>
                <organization refersTo="memberState">GAMBIA</organization>
                <organization refersTo="memberState">GHANA</organization>
                <organization refersTo="memberState">GRENADA</organization>
                <organization refersTo="memberState">GUATEMALA</organization>
                <organization refersTo="memberState">GUINEA-BISSAU</organization>
                <organization refersTo="memberState">GUYANA</organization>
                <organization refersTo="memberState">HONDURAS</organization>
                <organization refersTo="memberState">INDIA</organization>
                <organization refersTo="memberState">INDONESIA</organization>
                <organization refersTo="memberState">IRAN (ISLAMIC REPUBLIC OF)</organization>
                <organization refersTo="memberState">IRAQ</organization>
                <organization refersTo="memberState">IRELAND</organization>
                <organization refersTo="memberState">JAMAICA</organization>
                <organization refersTo="memberState">JORDAN</organization>
                <organization refersTo="memberState">KAZAKHSTAN</organization>
                <organization refersTo="memberState">KENYA</organization>
                <organization refersTo="memberState">KIRIBATI</organization>
                <organization refersTo="memberState">KUWAIT</organization>
                <organization refersTo="memberState">KYRGYZSTAN</organization>
                <organization refersTo="memberState">LAO PEOPLE'S DEMOCRATIC REPUBLIC</organization>
                <organization refersTo="memberState">LEBANON</organization>
                <organization refersTo="memberState">LESOTHO</organization>
                <organization refersTo="memberState">LIBYA</organization>
                <organization refersTo="memberState">LIECHTENSTEIN</organization>
                <organization refersTo="memberState">MADAGASCAR</organization>
                <organization refersTo="memberState">MALAWI</organization>
                <organization refersTo="memberState">MALAYSIA</organization>
                <organization refersTo="memberState">MALDIVES</organization>
                <organization refersTo="memberState">MALI</organization>
                <organization refersTo="memberState">MALTA</organization>
                <organization refersTo="memberState">MARSHALL ISLANDS</organization>
                <organization refersTo="memberState">MAURITANIA</organization>
                <organization refersTo="memberState">MAURITIUS</organization>
                <organization refersTo="memberState">MEXICO</organization>
                <organization refersTo="memberState">MONGOLIA</organization>
                <organization refersTo="memberState">MOROCCO</organization>
                <organization refersTo="memberState">MOZAMBIQUE</organization>
                <organization refersTo="memberState">MYANMAR</organization>
                <organization refersTo="memberState">NAMIBIA</organization>
                <organization refersTo="memberState">NAURU</organization>
                <organization refersTo="memberState">NEPAL</organization>
                <organization refersTo="memberState">NEW ZEALAND</organization>
                <organization refersTo="memberState">NICARAGUA</organization>
                <organization refersTo="memberState">NIGER</organization>
                <organization refersTo="memberState">NIGERIA</organization>
                <organization refersTo="memberState">OMAN</organization>
                <organization refersTo="memberState">PAKISTAN</organization>
                <organization refersTo="memberState">PALAU</organization>
                <organization refersTo="memberState">PANAMA</organization>
                <organization refersTo="memberState">PARAGUAY</organization>
                <organization refersTo="memberState">PERU</organization>
                <organization refersTo="memberState">PHILIPPINES</organization>
                <organization refersTo="memberState">QATAR</organization>
                <organization refersTo="memberState">REPUBLIC OF MOLDOVA</organization>
                <organization refersTo="memberState">RWANDA</organization>
                <organization refersTo="memberState">SAINT KITTS AND NEVIS</organization>
                <organization refersTo="memberState">SAINT LUCIA</organization>
                <organization refersTo="memberState">SAINT VINCENT AND THE GRENADINES</organization>
                <organization refersTo="memberState">SAMOA</organization>
                <organization refersTo="memberState">SAN MARINO</organization>
                <organization refersTo="memberState">SAO TOME AND PRINCIPE</organization>
                <organization refersTo="memberState">SAUDI ARABIA</organization>
                <organization refersTo="memberState">SENEGAL</organization>
                <organization refersTo="memberState">SEYCHELLES</organization>
                <organization refersTo="memberState">SIERRA LEONE</organization>
                <organization refersTo="memberState">SINGAPORE</organization>
                <organization refersTo="memberState">SOLOMON ISLANDS</organization>
                <organization refersTo="memberState">SOUTH AFRICA</organization>
                <organization refersTo="memberState">SOUTH SUDAN</organization>
                <organization refersTo="memberState">SRI LANKA</organization>
                <organization refersTo="memberState">SUDAN</organization>
                <organization refersTo="memberState">SURINAME</organization>
                <organization refersTo="memberState">SYRIAN ARAB REPUBLIC</organization>
                <organization refersTo="memberState">TAJIKISTAN</organization>
                <organization refersTo="memberState">THAILAND</organization>
                <organization refersTo="memberState">TIMOR-LESTE</organization>
                <organization refersTo="memberState">TOGO</organization>
                <organization refersTo="memberState">TONGA</organization>
                <organization refersTo="memberState">TRINIDAD AND TOBAGO</organization>
                <organization refersTo="memberState">TUNISIA</organization>
                <organization refersTo="memberState">TURKMENISTAN</organization>
                <organization refersTo="memberState">TUVALU</organization>
                <organization refersTo="memberState">UGANDA</organization>
                <organization refersTo="memberState">UNITED ARAB EMIRATES</organization>
                <organization refersTo="memberState">UNITED REPUBLIC OF TANZANIA</organization>
                <organization refersTo="memberState">URUGUAY</organization>
                <organization refersTo="memberState">UZBEKISTAN</organization>
                <organization refersTo="memberState">VANUATU</organization>
                <organization refersTo="memberState">VENEZUELA (BOLIVARIAN REPUBLIC OF)</organization>
                <organization refersTo="memberState">VIET NAM</organization>
                <organization refersTo="memberState">YEMEN</organization>
                <organization refersTo="memberState">ZAMBIA</organization>
                <organization refersTo="memberState">ZIMBABWE</organization>
              </akn4un:voters>
            </count>
            <count value="34" refersTo="against">
              <akn4un:voters>
                <organization refersTo="memberState">ALBANIA</organization>
                <organization refersTo="memberState">AUSTRALIA</organization>
                <organization refersTo="memberState">BELGIUM</organization>
                <organization refersTo="memberState">BULGARIA</organization>
                <organization refersTo="memberState">CROATIA</organization>
                <organization refersTo="memberState">CZECHIA</organization>
                <organization refersTo="memberState">DENMARK</organization>
                <organization refersTo="memberState">ESTONIA</organization>
                <organization refersTo="memberState">FRANCE</organization>
                <organization refersTo="memberState">GERMANY</organization>
                <organization refersTo="memberState">GREECE</organization>
                <organization refersTo="memberState">HUNGARY</organization>
                <organization refersTo="memberState">ICELAND</organization>
                <organization refersTo="memberState">ISRAEL</organization>
                <organization refersTo="memberState">ITALY</organization>
                <organization refersTo="memberState">LATVIA</organization>
                <organization refersTo="memberState">LITHUANIA</organization>
                <organization refersTo="memberState">LUXEMBOURG</organization>
                <organization refersTo="memberState">MONACO</organization>
                <organization refersTo="memberState">MONTENEGRO</organization>
                <organization refersTo="memberState">NETHERLANDS</organization>
                <organization refersTo="memberState">NORTH MACEDONIA</organization>
                <organization refersTo="memberState">NORWAY</organization>
                <organization refersTo="memberState">POLAND</organization>
                <organization refersTo="memberState">PORTUGAL</organization>
                <organization refersTo="memberState">REPUBLIC OF KOREA</organization>
                <organization refersTo="memberState">ROMANIA</organization>
                <organization refersTo="memberState">RUSSIAN FEDERATION</organization>
                <organization refersTo="memberState">SLOVAKIA</organization>
                <organization refersTo="memberState">SLOVENIA</organization>
                <organization refersTo="memberState">SPAIN</organization>
                <organization refersTo="memberState">TURKEY</organization>
                <organization refersTo="memberState">UNITED KINGDOM</organization>
                <organization refersTo="memberState">UNITED STATES</organization>
              </akn4un:voters>
            </count>
            <count value="10" refersTo="abstaining">
              <akn4un:voters>
                <organization refersTo="memberState">BOSNIA AND HERZEGOVINA</organization>
                <organization refersTo="memberState">CANADA</organization>
                <organization refersTo="memberState">FINLAND</organization>
                <organization refersTo="memberState">GEORGIA</organization>
                <organization refersTo="memberState">JAPAN</organization>
                <organization refersTo="memberState">LIBERIA</organization>
                <organization refersTo="memberState">SERBIA</organization>
                <organization refersTo="memberState">SWEDEN</organization>
                <organization refersTo="memberState">SWITZERLAND</organization>
                <organization refersTo="memberState">UKRAINE</organization>
              </akn4un:voters>
            </count>
          </voting>
        </parliamentary>
      </analysis>
      <references source="#DGACM">
        <TLCOrganization eId="source" href="/akn/ontology/organization/un/DGACM" showAs="DGACM"></TLCOrganization>
        <TLCConcept eId="dateOfIssuance" href="/akn/ontology/concept/un/dateOfIssuance" showAs="Date of issuance"></TLCConcept>
        <TLCConcept eId="dateOfAdoption" href="/akn/ontology/concept/un/dateOfAdoption" showAs="Date of adoption"></TLCConcept>
        <TLCConcept eId="symbol" href="/akn/ontology/reference/un/symbol" showAs="Symbol"></TLCConcept>
        <TLCRole eId="publisher" href="/akn/ontology/role/un/publisher" showAs="Publisher"></TLCRole>
        <TLCRole eId="issuingBody" href="/akn/role/concept/un/issuingBody" showAs="Issuing body"></TLCRole>
        <TLCRole eId="author" href="/akn/ontology/role/un/author" showAs="Author"></TLCRole>
        <TLCRole eId="editor" href="/akn/ontology/role/un/editor" showAs="Editor"></TLCRole>
        <TLCRole eId="distribution" href="/akn/ontology/concept/un/generalDistribution" showAs="General distribution"></TLCRole>
        <TLCOrganization eId="ga" href="/akn/ontology/organization/un/generalAssembly" showAs="General Assembly"></TLCOrganization>
        <TLCTerm eId="resolutionTitle" href="/akn/ontology/reference/un/resolutionTitle" showAs="Resolution title"></TLCTerm>
        <TLCTerm eId="firstCommittee" href="#firstCommittee" showAs="第一委员会"></TLCTerm>
        <TLCTerm eId="memberState" href="/akn/ontology/organization/un/memberState" showAs="Member State"></TLCTerm>
        <TLCTerm eId="inFavour" href="/akn/ontology/concept/un/voting/inFavour" showAs="In favour"></TLCTerm>
        <TLCTerm eId="against" href="/akn/ontology/concept/un/voting/against" showAs="Against"></TLCTerm>
        <TLCTerm eId="abstaining" href="/akn/ontology/concept/un/voting/abstaining" showAs="Abstaining"></TLCTerm>
      </references>
      <presentation source="#un">
        <akn4un:footerFirstPage>
          <akn4un:footerFirstPageLeft>
            <akn4un:internalCode>
              <docketNumber refersTo="#publicationJobNumber">19-21843 (C)</docketNumber>
              <img alt="bar code" class="barCode" src=""></img>
            </akn4un:internalCode>
          </akn4un:footerFirstPageLeft>
          <akn4un:footerFirstPageRight>
            <img alt="Please recycle" class="image" src="./recylcleLogo.jpg"></img>
            <img alt="embedded QR code" class="qrCode" src=""></img>
          </akn4un:footerFirstPageRight>
        </akn4un:footerFirstPage>
      </presentation>
    </meta>
    <coverPage eId="coverPage_1">
      <p>
        <span refersTo="#publisher" class="upperLeft">
          <docAuthority refersTo="#publisher">联合国</docAuthority>
        </span>
      </p>
      <p class="upperRight">
        <docNumber refersTo="#symbol">A/RES/74/54</docNumber>
      </p>
      <p class="upperLeft">
        <img src="logo-un.jpg"></img>
        <docAuthority refersTo="#issuingBody" class="rightBig">大会</docAuthority>
      </p>
      <p>
        <docStatus refersTo="#generalDistribution" class="rightSmall">Distr.: General</docStatus>
      </p>
      <p>
        <docDate date="2019-12-19" class="rightSmall" refersTo="#dateOfIssuance">19 December 2019</docDate>
      </p>
      <p>
        <session refersTo="#generalAssembly" value="74" eId="coverPage_1__session_1">第七十四届会议</session>
      </p>
      <p>
        <inline name="agenda item">议程项目98(cc)</inline>
      </p>
      <p>
        <inline name="agenda item name">全面彻底裁军：2013年核裁军问题大会高级别会议的后续行动</inline>
      </p>
      <p>
        <docTitle>2019年12月12日大会决议</docTitle>
      </p>
      <p xml:space="preserve">
        <docProponent refersTo="#firstCommittee">[根据第一委员会的报告 (<inline name="originating document">A/74/368</inline>)]</docProponent>
      </p>
    </coverPage>
    <preface>
      <p>
        <docNumber>74/54.</docNumber>
        <docTitle refersTo="#resolutionTitle">2013年核裁军问题大会高级别会议的后续行动</docTitle>
      </p>
    </preface>
    <preamble>
      <formula name="enactingFormula" eId="formula_1">
        <p xml:space="preserve">
          <span class="bold">大会</span>，</p>
      </formula>
      <container name="回顾" eId="container_2">
        <p xml:space="preserve">
          <span class="bold">回顾</span>其2012年12月3日第<a href="https://undocs.org/ch/A/RES/67/39">67/39</a>号、2013年12月5日第<a href="https://undocs.org/ch/A/RES/68/32">68/32</a>号、2014年12月2日第<a href="https://undocs.org/ch/A/RES/69/58">69/58</a>号、2015年12月7日第<a href="https://undocs.org/ch/A/RES/70/34">70/34</a>号、2016年12月5日第<a href="https://undocs.org/ch/A/RES/71/71">71/71</a>号、2017年12月24日第<a href="https://undocs.org/ch/A/RES/72/251">72/251</a>号和2018年12月5日第<a href="https://undocs.org/ch/A/RES/73/40">7</a><a href="https://undocs.org/ch/A/RES/73/40">3/40</a>号决议，</p>
      </container>
      <container name="欢迎" eId="container_3">
        <p xml:space="preserve">
          <span class="bold">欢迎</span>2013年9月26日召开核裁军问题大会高级别会议，并确认它对推动彻底消除核武器的目标的贡献，</p>
      </container>
      <container name="强调" eId="container_4">
        <p xml:space="preserve">
          <span class="bold">强调</span>亟需谋求一个人人都更加安全的世界并实现一个没有核武器、和平与安全的世界，</p>
      </container>
      <container name="重申" eId="container_5">
        <p xml:space="preserve">
          <span class="bold">重申</span>如大会第一届专门讨论裁军问题的特别会议所申明，有效的核裁军措施应列为最高优先事项，</p>
      </container>
      <container name="深信" eId="container_6">
        <p xml:space="preserve">
          <span class="bold">深信</span>核裁军和彻底消除核武器是防止使用或威胁使用核武器的唯一绝对保障，</p>
      </container>
      <container name="承认" eId="container_7">
        <p xml:space="preserve">
          <span class="bold">承认</span>通过建立无核武器区、自愿放弃核武器计划或从其领土上撤出所有核武器，一些国家对实现核裁军的目标作出重大贡献，并大力支持迅速建立中东无核武器区，</p>
      </container>
      <container name="回顾" eId="container_8">
        <p xml:space="preserve">
          <span class="bold">回顾</span>如<span class="bold">《</span>联合国千年宣言<span class="bold">》</span><authorialNote marker="1" placement="bottom" eId="authorialNote_1"><p xml:space="preserve">		第<a href="https://undocs.org/ch/A/RES/55/2">55/2</a>号决议。</p></authorialNote> 所载，各国国家元首和政府首脑决心努力消除大规模毁灭性武器，特别是核武器，灵活选择实现这个目标的一切办法，包括可能召开一次国际会议，以确定消除核危险的途径，</p>
      </container>
      <container name="重申" eId="container_9">
        <p xml:space="preserve">
          <span class="bold">重申</span>联合国在裁军领域的核心作用，并重申大会第一届专门讨论裁军问题的特别会议授权的多边裁军机制继续具有重要性和相关性，</p>
      </container>
      <container name="承认" eId="container_10">
        <p xml:space="preserve">
          <span class="bold">承认</span>民间社会，包括非政府组织、学术界、议员和大众媒体，在推动核裁军目标方面的重要作用，</p>
      </container>
      <container name="同样深为关切" eId="container_11">
          <p xml:space="preserve">
            <span class="bold">同样深为关切</span>核武器的任何使用造成的灾难性人道主义后果，并就此重申所有国家在任何时候都必须遵守适用的国际法，包括国际人道主义法，</p>
        </container>
      <container name="表示注意到" eId="container_12">
        <p xml:space="preserve">
          <span class="bold">表示注意到</span>秘书长根据第<a href="https://undocs.org/ch/A/RES/73/40">7</a><a href="https://undocs.org/ch/A/RES/73/40">3/40</a>号决议提出的报告，<authorialNote marker="2" placement="bottom" eId="authorialNote_2"><p xml:space="preserve"><a href="https://undocs.org/ch/A/74/141">A/74/141</a>。</p></authorialNote> 并欢迎许多会员国在报告中提出了自己的看法，</p>
      </container>
      <container name="注意到" eId="container_13">
        <p xml:space="preserve">
          <span class="bold">注意到</span>谈判一项具有法律约束力的禁止核武器并导致彻底消除核武器的文书的联合国会议于2017年7月7日经表决通过了《禁止核武器条约》，<authorialNote marker="3" placement="bottom" eId="authorialNote_3"><p xml:space="preserve"><a href="https://undocs.org/ch/A/CONF.229/2017/8">A/CONF.229/2017/8</a>。</p></authorialNote></p>
      </container>
      <container name="意识到" eId="container_14">
        <p xml:space="preserve">
          <span class="bold">意识到</span>缔约国根据《不扩散核武器条约》<authorialNote marker="4" placement="bottom" eId="authorialNote_4"><p xml:space="preserve">		联合国，《条约汇编》，第729卷，第10485号。</p></authorialNote> 第六条承担的庄严义务，特别是要就早日停止核军备竞赛和核裁军的有效措施真诚地进行谈判，</p>
      </container>
      <container name="表示关切" eId="container_15">
        <p xml:space="preserve">
          <span class="bold">	表示关切</span>有些核武器国家在其军事理论中提出改进现有核武器和发展新型核武器，违反了其核裁军的法律义务，违反了减少核武器在其军事和安全政策中作用的承诺，并违反了核武器国家提供的消极安全保证，</p>
      </container>
      <container name="表示深为关切" eId="container_16">
          <p xml:space="preserve">
            <span class="bold">表示深为关切</span>裁军谈判会议缔结一项全面的核武器公约的谈判工作尚未开始，</p>
        </container>
      <container name="" eId="container_17">
        <p xml:space="preserve">
          <span class="bold">决心</span>为实现核裁军而共同努力，</p>
      </container>
    </preamble>
    <mainBody>
      <paragraph eId="para_18" class="MercuryDocument">
        <num>	1.</num>
        <content eId="para_18__content">
          <p xml:space="preserve">
            <span class="bold">着重指出</span>2013年9月26日举行的核裁军问题大会高级别会议表示大力支持为实现彻底消除核武器采取紧急和切实的措施；</p>
        </content>
      </paragraph>
      <paragraph eId="para_19" class="MercuryDocument">
        <num>	2.</num>
        <content eId="para_19__content">
          <p xml:space="preserve">
            <span class="bold">呼吁</span>紧急遵守有关核裁军的法律义务，履行作出的承诺；</p>
        </content>
      </paragraph>
      <paragraph eId="para_20" class="MercuryDocument">
        <num>	3.</num>
        <content eId="para_20__content">
          <p xml:space="preserve">
            <span class="bold">赞同</span>高级别会议上对一项全面的核武器公约表示的广泛支持；</p>
        </content>
      </paragraph>
      <paragraph eId="para_21" class="MercuryDocument">
        <num>	4.</num>
        <content eId="para_21__content">
          <p xml:space="preserve">
            <span class="bold">呼吁</span>在裁军谈判会议紧急开始关于有效核裁军措施，特别是一项全面的核武器公约的谈判，以实现彻底消除核武器；</p>
        </content>
      </paragraph>
      <paragraph eId="para_22" class="MercuryDocument">
        <num>	5.</num>
        <content eId="para_22__content">
          <p xml:space="preserve">
            <span class="bold">决定</span>于稍后决定的日期在纽约召开一次核裁军问题联合国高级别国际会议，以审查这方面取得的进展；</p>
        </content>
      </paragraph>
      <paragraph eId="para_23" class="MercuryDocument">
        <num>	6.</num>
        <content eId="para_23__content">
          <p xml:space="preserve">
            <span class="bold">表示注意到</span>秘书长根据第<a href="https://undocs.org/ch/A/RES/73/40">7</a><a href="https://undocs.org/ch/A/RES/73/40">3/40</a>号决议提出的报告<sup>2</sup> 所反映的会员国就实现彻底消除核武器目标，特别是就一项全面的核武器公约的内容提出的看法，并请秘书长将报告转递裁军谈判会议和裁军审议委员会，供其及早审议；</p>
        </content>
      </paragraph>
      <paragraph eId="para_24" class="MercuryDocument">
        <num>	7.</num>
        <content eId="para_24__content">
          <p xml:space="preserve">
            <span class="bold">欢迎</span>纪念和宣传9月26日彻底消除核武器国际日，以此专门致力于推进这一目标；</p>
        </content>
      </paragraph>
      <paragraph eId="para_25" class="MercuryDocument">
        <num>	8.</num>
        <content eId="para_25__content">
          <p xml:space="preserve">
            <span class="bold">表示赞赏</span>开展活动宣传彻底消除核武器国际日的会员国、联合国系统和民间社会，包括非政府组织、学术界、议员、大众媒体及个人；</p>
        </content>
      </paragraph>
      <paragraph eId="para_26" class="MercuryDocument">
        <num>	9.</num>
        <content eId="para_26__content">
          <p xml:space="preserve">
            <span class="bold">再次请</span>大会主席于每年9月26日安排一次为期一天的大会高级别全体会议，纪念和宣传彻底消除核武器国际日；</p>
        </content>
      </paragraph>
      <paragraph eId="para_27" class="MercuryDocument">
        <num>	10.</num>
        <content eId="para_27__content">
          <p xml:space="preserve">
            <span class="bold">决定</span>上述高级别全体会议应在会员国和观察员国派出尽可能最高级别代表以及大会主席和秘书长出席的情况下举行；</p>
        </content>
      </paragraph>
      <paragraph eId="para_28" class="MercuryDocument">
        <num>	11.</num>
        <content eId="para_28__content">
          <p xml:space="preserve">
            <span class="bold">请</span>秘书长继续更新平台促进开展这些活动，作出一切必要安排，并提供各项必要资源和包括网播在内的各项必要服务，纪念和宣传彻底消除核武器国际日，包括通过联合国日内瓦办事处、维也纳办事处以及联合国和平与裁军区域中心开展活动；</p>
        </content>
      </paragraph>
      <paragraph eId="para_29" class="MercuryDocument">
        <num>	12.</num>
        <content eId="para_29__content">
          <p xml:space="preserve">
            <span class="bold">促请</span>会员国、联合国系统和民间社会，包括非政府组织、学术界、议员、大众媒体及个人，纪念和宣传彻底消除核武器国际日，为此在核武器对人类的威胁和彻底消除核武器的必要性方面采用开展教育活动和提高公众认识等各种手段，动员国际努力，实现无核武器世界的共同目标；</p>
        </content>
      </paragraph>
      <paragraph eId="para_30" class="MercuryDocument">
        <num>	13.</num>
        <content eId="para_30__content">
          <p xml:space="preserve">
            <span class="bold">请</span>秘书长就实现彻底销毁核武器的目标，特别是关于有效的核裁军措施，包括一项全面的核武器公约的内容，征求会员国的意见，就此向大会第七十五届会议提出报告，并将报告转递裁军谈判会议；</p>
        </content>
      </paragraph>
      <paragraph eId="para_31" class="MercuryDocument">
        <num>	14.</num>
        <content eId="para_31__content">
          <p xml:space="preserve">
            <span class="bold">又请</span>秘书长就本决议的执行情况向大会第七十五届会议提出报告；</p>
        </content>
      </paragraph>
      <paragraph eId="para_32" class="SingleTxt">
        <num>	15.</num>
        <content eId="para_32__content">
          <p xml:space="preserve">
            <span class="bold">决定</span>在大会第七十五届会议临时议程题为“全面彻底裁军”的项目下列入题为“2013年核裁军问题大会高级别会议的后续行动”的分项。</p>
        </content>
      </paragraph>
    </mainBody>
    <conclusions eId="conclusions">
      <p>
        <inline name="adoptionMeeting" title="第46次">第46次全体会议</inline>
        <eol />
        <docDate date="2019-12-12" refersTo="#adoptionDate">2019年12月12日</docDate>
      </p>
    </conclusions>
  </statement>
</akomaNtoso>