<akomaNtoso xmlns:xsi="http://www.w3.org/2001/XMLSchema-instance" xsi:schemaLocation="http://docs.oasis-open.org/legaldocml/ns/akn/3.0 http://docs.oasis-open.org/legaldocml/akn-core/v1.0/os/part2-specs/schemas/akomantoso30.xsd" xmlns="http://docs.oasis-open.org/legaldocml/ns/akn/3.0" xmlns:html="http://www.w3.org/1999/xhtml" xmlns:akn4un="http://un.org/akn4un">
  <statement name="resolution">
    <meta>
      <identification source="#DGACM">
        <FRBRWork>
          <FRBRthis value="/akn/un/statement/deliberation/unga/2019-12-12/74-62/!main/"></FRBRthis>
          <FRBRuri value="/akn/un/statement/deliberation/unga/2019-12-12/74-62/"></FRBRuri>
          <FRBRdate date="2019-12-12" name="adoption"></FRBRdate>
          <FRBRauthor href="ga" as="author"></FRBRauthor>
          <FRBRcountry value="un"></FRBRcountry>
        </FRBRWork>
        <FRBRExpression>
          <FRBRthis value="/akn/un/statement/deliberation/unga/2019-12-12/74-62/zho@!main/"></FRBRthis>
          <FRBRuri value="/akn/un/statement/deliberation/unga/2019-12-12/74-62/zho@/"></FRBRuri>
          <FRBRdate date="2019-12-20" name="publication"></FRBRdate>
          <FRBRauthor href="ga" as="issuer"></FRBRauthor>
          <FRBRlanguage language="zho"></FRBRlanguage>
        </FRBRExpression>
        <FRBRManifestation>
          <FRBRthis value="/akn/un/statement/deliberation/unga/2019-12-12/74-62/zho@/!main.xml"></FRBRthis>
          <FRBRuri value="/akn/un/statement/deliberation/unga/2019-12-12/74-62/zho@.xml"></FRBRuri>
          <FRBRdate date="2020-08-29" name="markup"></FRBRdate>
          <FRBRauthor href="DGACM" as="editor"></FRBRauthor>
        </FRBRManifestation>
      </identification>
      <classification source="http://metadata.un.org/sdg">
        <keyword value="4" href="http://metadata.un.org/sdg/4" showAs="sdg_4" dictionary="SDGO"></keyword>
        <keyword value="education" href="http://eurovoc.europa.eu/668" showAs="education" dictionary="EuroVoc"></keyword>
        <keyword value="right_to_education" href="http://eurovoc.europa.eu/512" showAs="right_to_education" dictionary="EuroVoc"></keyword>
        <keyword value="education" href="http://metadata.un.org/thesaurus/1001893" showAs="education" dictionary="UNBIS Thesaurus"></keyword>
      </classification>
      <classification source="http://metadata.un.org/sdg">
        <keyword value="5" href="http://metadata.un.org/sdg/5" showAs="sdg_5" dictionary="SDGO"></keyword>
        <keyword value="gender_equality" href="http://eurovoc.europa.eu/3913" showAs="gender_equality" dictionary="EuroVoc"></keyword>
        <keyword value="participation_of_women" href="http://eurovoc.europa.eu/2265" showAs="participation_of_women" dictionary="EuroVoc"></keyword>
        <keyword value="women&amp;#39;s_rights" href="http://eurovoc.europa.eu/585" showAs="women&amp;#39;s_rights" dictionary="EuroVoc"></keyword>
        <keyword value="position_of_women" href="http://eurovoc.europa.eu/81" showAs="position_of_women" dictionary="EuroVoc"></keyword>
        <keyword value="women" href="http://metadata.un.org/thesaurus/1007029" showAs="women" dictionary="UNBIS Thesaurus"></keyword>
        <keyword value="gender_equality" href="http://metadata.un.org/thesaurus/1002612" showAs="gender_equality" dictionary="UNBIS Thesaurus"></keyword>
        <keyword value="girls" href="http://metadata.un.org/thesaurus/1002684" showAs="girls" dictionary="UNBIS Thesaurus"></keyword>
      </classification>
      <classification source="http://metadata.un.org/sdg">
        <keyword value="16" href="http://metadata.un.org/sdg/16" showAs="sdg_16" dictionary="SDGO"></keyword>
        <keyword value="right_to_justice" href="http://eurovoc.europa.eu/516" showAs="right_to_justice" dictionary="EuroVoc"></keyword>
        <keyword value="sustainable_development" href="http://eurovoc.europa.eu/5585" showAs="sustainable_development" dictionary="EuroVoc"></keyword>
        <keyword value="civil_society" href="http://metadata.un.org/thesaurus/1001012" showAs="civil_society" dictionary="UNBIS Thesaurus"></keyword>
        <keyword value="justice" href="http://metadata.un.org/thesaurus/1003500" showAs="justice" dictionary="UNBIS Thesaurus"></keyword>
        <keyword value="peaceful_coexistence" href="http://metadata.un.org/thesaurus/1004777" showAs="peaceful_coexistence" dictionary="UNBIS Thesaurus"></keyword>
        <keyword value="public_institutions" href="http://metadata.un.org/thesaurus/1005254" showAs="public_institutions" dictionary="UNBIS Thesaurus"></keyword>
        <keyword value="social_justice" href="http://metadata.un.org/thesaurus/1005970" showAs="social_justice" dictionary="UNBIS Thesaurus"></keyword>
        <keyword value="sustainable_development" href="http://metadata.un.org/thesaurus/1006319" showAs="sustainable_development" dictionary="UNBIS Thesaurus"></keyword>
      </classification>
      <workflow source="#un">
        <step date="2019-10-17" outcome="draftResolution" as="A/C.1/74/L.46" by="Afghanistan, Australia, Austria, Chile, Iraq, Mexico, Montenegro, Namibia, Netherlands, New Zealand, Philippines, Spain, Sri Lanka, Sweden, Switzerland, United Kingdom of Great Britain and Northern Ireland and Zambia" />
        <step date="0001-01-01" outcome="draftResolutionAdditionalSponsors" by="" />
        <step date="0001-01-01" outcome="recommendedForAdoption" as="A/74/368" by="" refersTo="89" />
        <step date="2019-12-12" outcome="adopted" as="A/74/PV.46" by="" />
      </workflow>
      <analysis source="#un">
        <parliamentary>
          <voting outcome="adoptedRecordedVote">
            <count value="144" refersTo="inFavour">
              <akn4un:voters>
                <organization refersTo="memberState">AFGHANISTAN</organization>
                <organization refersTo="memberState">ALBANIA</organization>
                <organization refersTo="memberState">ALGERIA</organization>
                <organization refersTo="memberState">ANDORRA</organization>
                <organization refersTo="memberState">ANGOLA</organization>
                <organization refersTo="memberState">ANTIGUA AND BARBUDA</organization>
                <organization refersTo="memberState">AUSTRALIA</organization>
                <organization refersTo="memberState">AUSTRIA</organization>
                <organization refersTo="memberState">AZERBAIJAN</organization>
                <organization refersTo="memberState">BAHAMAS</organization>
                <organization refersTo="memberState">BANGLADESH</organization>
                <organization refersTo="memberState">BARBADOS</organization>
                <organization refersTo="memberState">BELGIUM</organization>
                <organization refersTo="memberState">BELIZE</organization>
                <organization refersTo="memberState">BENIN</organization>
                <organization refersTo="memberState">BHUTAN</organization>
                <organization refersTo="memberState">BOLIVIA (PLURINATIONAL STATE OF)</organization>
                <organization refersTo="memberState">BOSNIA AND HERZEGOVINA</organization>
                <organization refersTo="memberState">BOTSWANA</organization>
                <organization refersTo="memberState">BRUNEI DARUSSALAM</organization>
                <organization refersTo="memberState">BULGARIA</organization>
                <organization refersTo="memberState">BURKINA FASO</organization>
                <organization refersTo="memberState">BURUNDI</organization>
                <organization refersTo="memberState">CABO VERDE</organization>
                <organization refersTo="memberState">CAMEROON</organization>
                <organization refersTo="memberState">CANADA</organization>
                <organization refersTo="memberState">CENTRAL AFRICAN REPUBLIC</organization>
                <organization refersTo="memberState">CHAD</organization>
                <organization refersTo="memberState">CHILE</organization>
                <organization refersTo="memberState">COLOMBIA</organization>
                <organization refersTo="memberState">COMOROS</organization>
                <organization refersTo="memberState">CONGO</organization>
                <organization refersTo="memberState">COSTA RICA</organization>
                <organization refersTo="memberState">COTE D'IVOIRE</organization>
                <organization refersTo="memberState">CROATIA</organization>
                <organization refersTo="memberState">CUBA</organization>
                <organization refersTo="memberState">CZECHIA</organization>
                <organization refersTo="memberState">DEMOCRATIC REPUBLIC OF THE CONGO</organization>
                <organization refersTo="memberState">DENMARK</organization>
                <organization refersTo="memberState">DJIBOUTI</organization>
                <organization refersTo="memberState">DOMINICAN REPUBLIC</organization>
                <organization refersTo="memberState">ECUADOR</organization>
                <organization refersTo="memberState">EL SALVADOR</organization>
                <organization refersTo="memberState">ERITREA</organization>
                <organization refersTo="memberState">ESWATINI</organization>
                <organization refersTo="memberState">ETHIOPIA</organization>
                <organization refersTo="memberState">FIJI</organization>
                <organization refersTo="memberState">FRANCE</organization>
                <organization refersTo="memberState">GABON</organization>
                <organization refersTo="memberState">GAMBIA</organization>
                <organization refersTo="memberState">GERMANY</organization>
                <organization refersTo="memberState">GHANA</organization>
                <organization refersTo="memberState">GRENADA</organization>
                <organization refersTo="memberState">GUATEMALA</organization>
                <organization refersTo="memberState">GUINEA-BISSAU</organization>
                <organization refersTo="memberState">GUYANA</organization>
                <organization refersTo="memberState">HAITI</organization>
                <organization refersTo="memberState">HONDURAS</organization>
                <organization refersTo="memberState">HUNGARY</organization>
                <organization refersTo="memberState">ICELAND</organization>
                <organization refersTo="memberState">INDONESIA</organization>
                <organization refersTo="memberState">IRAQ</organization>
                <organization refersTo="memberState">IRELAND</organization>
                <organization refersTo="memberState">ITALY</organization>
                <organization refersTo="memberState">JAMAICA</organization>
                <organization refersTo="memberState">JAPAN</organization>
                <organization refersTo="memberState">JORDAN</organization>
                <organization refersTo="memberState">KAZAKHSTAN</organization>
                <organization refersTo="memberState">KENYA</organization>
                <organization refersTo="memberState">KIRIBATI</organization>
                <organization refersTo="memberState">KYRGYZSTAN</organization>
                <organization refersTo="memberState">LAO PEOPLE'S DEMOCRATIC REPUBLIC</organization>
                <organization refersTo="memberState">LEBANON</organization>
                <organization refersTo="memberState">LESOTHO</organization>
                <organization refersTo="memberState">LIBERIA</organization>
                <organization refersTo="memberState">LIBYA</organization>
                <organization refersTo="memberState">LIECHTENSTEIN</organization>
                <organization refersTo="memberState">LITHUANIA</organization>
                <organization refersTo="memberState">LUXEMBOURG</organization>
                <organization refersTo="memberState">MADAGASCAR</organization>
                <organization refersTo="memberState">MALAWI</organization>
                <organization refersTo="memberState">MALAYSIA</organization>
                <organization refersTo="memberState">MALDIVES</organization>
                <organization refersTo="memberState">MALI</organization>
                <organization refersTo="memberState">MALTA</organization>
                <organization refersTo="memberState">MARSHALL ISLANDS</organization>
                <organization refersTo="memberState">MAURITANIA</organization>
                <organization refersTo="memberState">MAURITIUS</organization>
                <organization refersTo="memberState">MEXICO</organization>
                <organization refersTo="memberState">MICRONESIA (FEDERATED STATES OF)</organization>
                <organization refersTo="memberState">MONACO</organization>
                <organization refersTo="memberState">MONGOLIA</organization>
                <organization refersTo="memberState">MONTENEGRO</organization>
                <organization refersTo="memberState">MOZAMBIQUE</organization>
                <organization refersTo="memberState">NAMIBIA</organization>
                <organization refersTo="memberState">NETHERLANDS</organization>
                <organization refersTo="memberState">NEW ZEALAND</organization>
                <organization refersTo="memberState">NICARAGUA</organization>
                <organization refersTo="memberState">NIGER</organization>
                <organization refersTo="memberState">NIGERIA</organization>
                <organization refersTo="memberState">NORTH MACEDONIA</organization>
                <organization refersTo="memberState">NORWAY</organization>
                <organization refersTo="memberState">PALAU</organization>
                <organization refersTo="memberState">PANAMA</organization>
                <organization refersTo="memberState">PARAGUAY</organization>
                <organization refersTo="memberState">PERU</organization>
                <organization refersTo="memberState">PHILIPPINES</organization>
                <organization refersTo="memberState">PORTUGAL</organization>
                <organization refersTo="memberState">REPUBLIC OF MOLDOVA</organization>
                <organization refersTo="memberState">RWANDA</organization>
                <organization refersTo="memberState">SAINT KITTS AND NEVIS</organization>
                <organization refersTo="memberState">SAINT LUCIA</organization>
                <organization refersTo="memberState">SAINT VINCENT AND THE GRENADINES</organization>
                <organization refersTo="memberState">SAMOA</organization>
                <organization refersTo="memberState">SAN MARINO</organization>
                <organization refersTo="memberState">SAO TOME AND PRINCIPE</organization>
                <organization refersTo="memberState">SENEGAL</organization>
                <organization refersTo="memberState">SEYCHELLES</organization>
                <organization refersTo="memberState">SIERRA LEONE</organization>
                <organization refersTo="memberState">SINGAPORE</organization>
                <organization refersTo="memberState">SLOVAKIA</organization>
                <organization refersTo="memberState">SLOVENIA</organization>
                <organization refersTo="memberState">SOLOMON ISLANDS</organization>
                <organization refersTo="memberState">SOUTH AFRICA</organization>
                <organization refersTo="memberState">SOUTH SUDAN</organization>
                <organization refersTo="memberState">SPAIN</organization>
                <organization refersTo="memberState">SRI LANKA</organization>
                <organization refersTo="memberState">SUDAN</organization>
                <organization refersTo="memberState">SURINAME</organization>
                <organization refersTo="memberState">SWEDEN</organization>
                <organization refersTo="memberState">SWITZERLAND</organization>
                <organization refersTo="memberState">THAILAND</organization>
                <organization refersTo="memberState">TIMOR-LESTE</organization>
                <organization refersTo="memberState">TOGO</organization>
                <organization refersTo="memberState">TRINIDAD AND TOBAGO</organization>
                <organization refersTo="memberState">TUNISIA</organization>
                <organization refersTo="memberState">TUVALU</organization>
                <organization refersTo="memberState">UGANDA</organization>
                <organization refersTo="memberState">UNITED KINGDOM</organization>
                <organization refersTo="memberState">UNITED REPUBLIC OF TANZANIA</organization>
                <organization refersTo="memberState">URUGUAY</organization>
                <organization refersTo="memberState">VANUATU</organization>
                <organization refersTo="memberState">YEMEN</organization>
                <organization refersTo="memberState">ZAMBIA</organization>
              </akn4un:voters>
            </count>
            <count value="1" refersTo="against">
              <akn4un:voters>
                <organization refersTo="memberState">RUSSIAN FEDERATION</organization>
              </akn4un:voters>
            </count>
            <count value="38" refersTo="abstaining">
              <akn4un:voters>
                <organization refersTo="memberState">ARGENTINA</organization>
                <organization refersTo="memberState">ARMENIA</organization>
                <organization refersTo="memberState">BAHRAIN</organization>
                <organization refersTo="memberState">BELARUS</organization>
                <organization refersTo="memberState">BRAZIL</organization>
                <organization refersTo="memberState">CHINA</organization>
                <organization refersTo="memberState">CYPRUS</organization>
                <organization refersTo="memberState">EGYPT</organization>
                <organization refersTo="memberState">ESTONIA</organization>
                <organization refersTo="memberState">FINLAND</organization>
                <organization refersTo="memberState">GEORGIA</organization>
                <organization refersTo="memberState">GREECE</organization>
                <organization refersTo="memberState">INDIA</organization>
                <organization refersTo="memberState">IRAN (ISLAMIC REPUBLIC OF)</organization>
                <organization refersTo="memberState">ISRAEL</organization>
                <organization refersTo="memberState">KUWAIT</organization>
                <organization refersTo="memberState">LATVIA</organization>
                <organization refersTo="memberState">MOROCCO</organization>
                <organization refersTo="memberState">MYANMAR</organization>
                <organization refersTo="memberState">NEPAL</organization>
                <organization refersTo="memberState">OMAN</organization>
                <organization refersTo="memberState">PAKISTAN</organization>
                <organization refersTo="memberState">POLAND</organization>
                <organization refersTo="memberState">QATAR</organization>
                <organization refersTo="memberState">REPUBLIC OF KOREA</organization>
                <organization refersTo="memberState">ROMANIA</organization>
                <organization refersTo="memberState">SAUDI ARABIA</organization>
                <organization refersTo="memberState">SERBIA</organization>
                <organization refersTo="memberState">SYRIAN ARAB REPUBLIC</organization>
                <organization refersTo="memberState">TAJIKISTAN</organization>
                <organization refersTo="memberState">TURKEY</organization>
                <organization refersTo="memberState">UKRAINE</organization>
                <organization refersTo="memberState">UNITED ARAB EMIRATES</organization>
                <organization refersTo="memberState">UNITED STATES</organization>
                <organization refersTo="memberState">UZBEKISTAN</organization>
                <organization refersTo="memberState">VENEZUELA (BOLIVARIAN REPUBLIC OF)</organization>
                <organization refersTo="memberState">VIET NAM</organization>
                <organization refersTo="memberState">ZIMBABWE</organization>
              </akn4un:voters>
            </count>
          </voting>
        </parliamentary>
      </analysis>
      <references source="#DGACM">
        <TLCOrganization eId="source" href="/akn/ontology/organization/un/DGACM" showAs="DGACM"></TLCOrganization>
        <TLCConcept eId="dateOfIssuance" href="/akn/ontology/concept/un/dateOfIssuance" showAs="Date of issuance"></TLCConcept>
        <TLCConcept eId="dateOfAdoption" href="/akn/ontology/concept/un/dateOfAdoption" showAs="Date of adoption"></TLCConcept>
        <TLCConcept eId="symbol" href="/akn/ontology/reference/un/symbol" showAs="Symbol"></TLCConcept>
        <TLCRole eId="publisher" href="/akn/ontology/role/un/publisher" showAs="Publisher"></TLCRole>
        <TLCRole eId="issuingBody" href="/akn/role/concept/un/issuingBody" showAs="Issuing body"></TLCRole>
        <TLCRole eId="author" href="/akn/ontology/role/un/author" showAs="Author"></TLCRole>
        <TLCRole eId="editor" href="/akn/ontology/role/un/editor" showAs="Editor"></TLCRole>
        <TLCRole eId="distribution" href="/akn/ontology/concept/un/generalDistribution" showAs="General distribution"></TLCRole>
        <TLCOrganization eId="ga" href="/akn/ontology/organization/un/generalAssembly" showAs="General Assembly"></TLCOrganization>
        <TLCTerm eId="resolutionTitle" href="/akn/ontology/reference/un/resolutionTitle" showAs="Resolution title"></TLCTerm>
        <TLCTerm eId="firstCommittee" href="#firstCommittee" showAs="第一委员会"></TLCTerm>
        <TLCTerm eId="memberState" href="/akn/ontology/organization/un/memberState" showAs="Member State"></TLCTerm>
        <TLCTerm eId="inFavour" href="/akn/ontology/concept/un/voting/inFavour" showAs="In favour"></TLCTerm>
        <TLCTerm eId="against" href="/akn/ontology/concept/un/voting/against" showAs="Against"></TLCTerm>
        <TLCTerm eId="abstaining" href="/akn/ontology/concept/un/voting/abstaining" showAs="Abstaining"></TLCTerm>
      </references>
      <presentation source="#un">
        <akn4un:footerFirstPage>
          <akn4un:footerFirstPageLeft>
            <akn4un:internalCode>
              <docketNumber refersTo="#publicationJobNumber">19-21861 (C)</docketNumber>
              <img alt="bar code" class="barCode" src=""></img>
            </akn4un:internalCode>
          </akn4un:footerFirstPageLeft>
          <akn4un:footerFirstPageRight>
            <img alt="Please recycle" class="image" src="./recylcleLogo.jpg"></img>
            <img alt="embedded QR code" class="qrCode" src=""></img>
          </akn4un:footerFirstPageRight>
        </akn4un:footerFirstPage>
      </presentation>
    </meta>
    <coverPage eId="coverPage_1">
      <p>
        <span refersTo="#publisher" class="upperLeft">
          <docAuthority refersTo="#publisher">联合国</docAuthority>
        </span>
      </p>
      <p class="upperRight">
        <docNumber refersTo="#symbol">A/RES/74/62</docNumber>
      </p>
      <p class="upperLeft">
        <img src="logo-un.jpg"></img>
        <docAuthority refersTo="#issuingBody" class="rightBig">大会</docAuthority>
      </p>
      <p>
        <docStatus refersTo="#generalDistribution" class="rightSmall">Distr.: General</docStatus>
      </p>
      <p>
        <docDate date="2019-12-20" class="rightSmall" refersTo="#dateOfIssuance">20 December 2019</docDate>
      </p>
      <p>
        <session refersTo="#generalAssembly" value="74" eId="coverPage_1__session_1">第七十四届会议</session>
      </p>
      <p>
        <inline name="agenda item">议程项目98(gg)</inline>
      </p>
      <p>
        <inline name="agenda item name">全面彻底裁军：《集束弹药公约》的执行情况</inline>
      </p>
      <p>
        <docTitle>2019年12月12日大会决议</docTitle>
      </p>
      <p xml:space="preserve">
        <docProponent refersTo="#firstCommittee">[根据第一委员会的报告 (<inline name="originating document">A/74/368</inline>)]</docProponent>
      </p>
    </coverPage>
    <preface>
      <p>
        <docNumber>74/62.</docNumber>
        <docTitle refersTo="#resolutionTitle">《集束弹药公约》的执行情况</docTitle>
      </p>
    </preface>
    <preamble>
      <formula name="enactingFormula" eId="formula_1">
        <p xml:space="preserve">
          <span class="bold">大会</span>，</p>
      </formula>
      <container name="回顾" eId="container_2">
        <p xml:space="preserve">
          <span class="bold">回顾</span>其关于《集束弹药公约》的2008年12月2日第<a href="https://undocs.org/ch/A/RES/63/71">63/71</a>号和关于《公约》执行情况的2015年12月7日第<a href="https://undocs.org/ch/A/RES/70/54">70/54</a>号、2016年12月5日第<a href="https://undocs.org/ch/A/RES/71/45">71/45</a>号、2017年12月4日第<a href="https://undocs.org/ch/A/RES/72/54">72/54</a>号和2018年12月5日第<a href="https://undocs.org/ch/A/RES/73/54">73/54</a>号决议，</p>
      </container>
      <container name="重申决心" eId="container_3">
        <p xml:space="preserve">
          <span class="bold">重申决心</span>永远终止因集束弹药使用、失灵或遗弃而造成的痛苦和伤亡，</p>
      </container>
      <container name="痛惜" eId="container_4">
        <p xml:space="preserve">
          <span class="bold">痛惜</span>最近使用集束弹药以及相关平民伤亡的案件，呼吁继续使用集束弹药者立即停止任何此类活动，</p>
      </container>
      <container name="意识到" eId="container_5">
        <p xml:space="preserve">
          <span class="bold">意识到</span>遗留的集束弹药造成平民，包括妇女儿童死亡或伤残，因丧失生计等而阻碍经济和社会发展，阻碍冲突后恢复与重建，拖延或阻止难民和境内流离失所者回返，会对国家和国际建设和平及人道主义援助工作产生负面影响，而且在使用后多年依然会有其他严重后果，</p>
      </container>
      <container name="关切" eId="container_6">
        <p xml:space="preserve">
          <span class="bold">关切</span>各国为作战用途大量储存的集束弹药构成的危险，决心确保迅速予以销毁，</p>
      </container>
      <container name="认识到" eId="container_7">
        <p xml:space="preserve">
          <span class="bold">认识到</span>集束弹药对妇女、男子、女孩和男孩的影响，以及有关国家向集束弹药受害者提供充分的、对性别和年龄敏感的援助的重要性，</p>
      </container>
      <container name="认为有必要" eId="container_8">
        <p xml:space="preserve">
          <span class="bold">认为有必要</span>以高效率和协调的方式有效协助应对挑战，清除遗留在世界各地的残留集束弹药，并确保予以销毁，</p>
      </container>
      <container name="意识到" eId="container_9">
        <p xml:space="preserve">
          <span class="bold">意识到</span>需要适当协调在各个论坛所作的努力，包括通过《残疾人权利公约》<authorialNote marker="1" placement="bottom" eId="authorialNote_1"><p xml:space="preserve">		联合国，《条约汇编》，第2515卷，第44910号。</p></authorialNote> 所作的努力，以落实各种类型武器的受害者的权利和满足其需求，并决心避免在各种类型武器的受害者之间作歧视性区分，</p>
      </container>
      <container name="重申" eId="container_10">
        <p xml:space="preserve">
          <span class="bold">重申</span>如遇《集束弹药公约》<authorialNote marker="2" placement="bottom" eId="authorialNote_2"><p xml:space="preserve">		同上，第2688卷，第47713号。</p></authorialNote> 或其他国际协定未涵盖的情形，平民和战斗人员仍受来源于既定习惯、人道原则和公众良心要求的国际法原则的保护和支配，</p>
      </container>
      <container name="欢迎" eId="container_11">
        <p xml:space="preserve">
          <span class="bold">欢迎</span>近年来为禁止、限制或暂停使用、储存、生产和转让集束弹药而在国家、区域和全球各级采取的步骤，在这方面又欢迎自2014年以来，中美洲国家已全部加入《集束弹药公约》，从而实现了该区域成为世界上第一个无集束弹药区域的愿望，</p>
      </container>
      <container name="强调指出" eId="container_12">
        <p xml:space="preserve">
          <span class="bold">强调指出</span>公众良心对促进落实人道原则的作用，要求结束集束弹药造成的平民苦痛的全球呼吁就是例证，确认联合国、红十字国际委员会、反集束弹药联盟和世界各地许多其他非政府组织为此目的进行的努力，</p>
      </container>
      <container name="注意到" eId="container_13">
        <p xml:space="preserve">
          <span class="bold">注意到</span>已有121个国家加入《集束弹药公约》，其中107个为缔约国，14个为签署国，</p>
      </container>
      <container name="又注意到" eId="container_14">
        <p xml:space="preserve">
          <span class="bold">又注意到</span>2020年是《公约》生效十周年，强调需要进一步努力加快普遍加入进程，</p>
      </container>
      <container name="表示注意到" eId="container_15">
        <p xml:space="preserve">
          <span class="bold">表示注意到</span>联合国秘书长的倡议《保护我们的共同未来：裁军议程》，特别是题为“裁军拯救生命”的第三节，</p>
      </container>
      <container name="又表示注意到" eId="container_16">
        <p xml:space="preserve">
          <span class="bold">又表示注意到</span>2015年9月7日至11日在克罗地亚杜布罗夫尼克举行的集束弹药公约缔约国第一次审查会议通过的《2015年杜布罗夫尼克政治宣言》<authorialNote marker="3" placement="bottom" eId="authorialNote_3"><p xml:space="preserve"><a href="https://undocs.org/ch/CCM/CONF/2015/7">CCM/CONF/2015/7</a>，附件一。</p></authorialNote> 和《杜布罗夫尼克行动计划》，<authorialNote marker="4" placement="bottom" eId="authorialNote_4"><p xml:space="preserve">		同上，附件三。</p></authorialNote></p>
      </container>
      <container name="还表示注意到" eId="container_17">
        <p xml:space="preserve">
          <span class="bold">还表示注意到</span>2016年9月5日至7日在日内瓦举行、荷兰担任主席的集束弹药公约缔约国第六次会议协商一致通过的《政治宣言》，<authorialNote marker="5" placement="bottom" eId="authorialNote_5"><p xml:space="preserve"><a href="https://undocs.org/ch/CCM/MSP/2016/9">CCM/MSP/2016/9</a>，附件一。</p></authorialNote> 确定2030年为执行公约的所有单独和集体未尽义务的目标日期，</p>
      </container>
      <container name="欢迎" eId="container_18">
        <p xml:space="preserve">
          <span class="bold">欢迎</span>德国在担任缔约国第七次会议主席期间为支持普遍加入公约而与公约非缔约国进行的对话，包括军方和军方对话，并确认国家联盟概念可以为受影响国家执行公约规定的义务提供帮助，</p>
      </container>
      <container name="满意地注意到" eId="container_19">
        <p xml:space="preserve">
          <span class="bold">满意地注意到</span>《公约》的充分、有效执行取得进展，同时铭记在实现这一目标方面仍然存在重大挑战，</p>
      </container>
      <container name="承认" eId="container_20">
        <p xml:space="preserve">
          <span class="bold">承认</span>妇女和男子充分涉猎并有平等机会有意义地参与同《公约》有关的裁军进程、政策和方案拟订决定的重要性，</p>
      </container>
    </preamble>
    <mainBody>
      <paragraph eId="para_21" class="MercuryDocument">
        <num>	1.</num>
        <content eId="para_21__content">
          <p xml:space="preserve">
            <span class="bold">敦促</span>所有尚未参加《集束弹药公约》<sup>2</sup> 的国家通过批准或加入方式尽早参加，并敦促所有有能力的缔约国通过双边、次区域和多边接触、外联和其他手段推动遵守《公约》；</p>
        </content>
      </paragraph>
      <paragraph eId="para_22" class="MercuryDocument">
        <num>	2.</num>
        <content eId="para_22__content">
          <p xml:space="preserve">
            <span class="bold">强调指出</span>必须充分有效地执行和遵守《公约》，包括为此执行《杜布罗夫尼克行动计划》；<sup>4</sup></p>
        </content>
      </paragraph>
      <paragraph eId="para_23" class="MercuryDocument">
        <num>	3.</num>
        <content eId="para_23__content">
          <p xml:space="preserve">
            <span class="bold">表示严重关切</span>关于在世界不同地区使用集束弹药及相关平民伤亡的指控、报告或有记录的证据以及阻碍实现可持续发展的其他后果的数量；</p>
        </content>
      </paragraph>
      <paragraph eId="para_24" class="MercuryDocument">
        <num>	4.</num>
        <content eId="para_24__content">
          <p xml:space="preserve">
            <span class="bold">敦促</span>所有缔约国按照《公约》第7条的规定，及时向秘书长提供完整的资料，以便提高透明度和促进遵守《公约》；</p>
        </content>
      </paragraph>
      <paragraph eId="para_25" class="MercuryDocument">
        <num>	5.</num>
        <content eId="para_25__content">
          <p xml:space="preserve">
            <span class="bold">邀请</span>所有尚未批准或加入《公约》的国家在自愿的基础上提供资料，使遗留的集束弹药的清除和销毁及相关活动更有成效；</p>
        </content>
      </paragraph>
      <paragraph eId="para_26" class="MercuryDocument">
        <num>	6.</num>
        <content eId="para_26__content">
          <p xml:space="preserve">
            <span class="bold">再次邀请</span>非缔约国继续参加公约相关问题的对话，以加强公约的人道主义影响并促进普遍加入公约，并参与军方和军方对话，以处理有关集束弹药的具体安全问题；</p>
        </content>
      </paragraph>
      <paragraph eId="para_27" class="MercuryDocument">
        <num>	7.</num>
        <content eId="para_27__content">
          <p xml:space="preserve">
            <span class="bold">再次邀请和鼓励</span>所有缔约国、有关国家、联合国、其他有关国际组织或机构、区域组织、红十字国际委员会、反集束弹药联盟和其他有关非政府组织参加即将举行的公约正式会议；</p>
        </content>
      </paragraph>
      <paragraph eId="para_28" class="MercuryDocument">
        <num>	8.</num>
        <content eId="para_28__content">
          <p xml:space="preserve">
            <span class="bold">请</span>秘书长召开《集束弹药公约》缔约国第二次审查会议，并继续提供必要援助和服务，以完成《公约》以及缔约国会议和第一次审查会议的相关决定赋予他的任务；</p>
        </content>
      </paragraph>
      <paragraph eId="para_29" class="MercuryDocument">
        <num>	9.</num>
        <content eId="para_29__content">
          <p xml:space="preserve">
            <span class="bold">促请</span>缔约国和参加国解决因欠款而产生的问题，包括提出确保所有正式会议可持续供资和迅速缴纳各自分摊的估计费用的方案；</p>
        </content>
      </paragraph>
      <paragraph eId="para_30" class="SingleTxt">
        <num>	10.</num>
        <content eId="para_30__content">
          <p xml:space="preserve">
            <span class="bold">决定</span>在大会第七十五届会议临时议程题为“全面彻底裁军”的项目下列入题为“《集束弹药公约》的执行情况”的分项。</p>
        </content>
      </paragraph>
    </mainBody>
    <conclusions eId="conclusions">
      <p>
        <inline name="adoptionMeeting" title="第46次">第46次全体会议</inline>
        <eol />
        <docDate date="2019-12-12" refersTo="#adoptionDate">2019年12月12日</docDate>
      </p>
    </conclusions>
  </statement>
</akomaNtoso>