<akomaNtoso xmlns:xsi="http://www.w3.org/2001/XMLSchema-instance" xsi:schemaLocation="http://docs.oasis-open.org/legaldocml/ns/akn/3.0 http://docs.oasis-open.org/legaldocml/akn-core/v1.0/os/part2-specs/schemas/akomantoso30.xsd" xmlns="http://docs.oasis-open.org/legaldocml/ns/akn/3.0" xmlns:html="http://www.w3.org/1999/xhtml" xmlns:akn4un="http://un.org/akn4un">
  <statement name="resolution">
    <meta>
      <identification source="#DGACM">
        <FRBRWork>
          <FRBRthis value="/akn/un/statement/deliberation/unga/2019-12-12/74-65/!main/"></FRBRthis>
          <FRBRuri value="/akn/un/statement/deliberation/unga/2019-12-12/74-65/"></FRBRuri>
          <FRBRdate date="2019-12-12" name="adoption"></FRBRdate>
          <FRBRauthor href="ga" as="author"></FRBRauthor>
          <FRBRcountry value="un"></FRBRcountry>
        </FRBRWork>
        <FRBRExpression>
          <FRBRthis value="/akn/un/statement/deliberation/unga/2019-12-12/74-65/zho@!main/"></FRBRthis>
          <FRBRuri value="/akn/un/statement/deliberation/unga/2019-12-12/74-65/zho@/"></FRBRuri>
          <FRBRdate date="2019-12-20" name="publication"></FRBRdate>
          <FRBRauthor href="ga" as="issuer"></FRBRauthor>
          <FRBRlanguage language="zho"></FRBRlanguage>
        </FRBRExpression>
        <FRBRManifestation>
          <FRBRthis value="/akn/un/statement/deliberation/unga/2019-12-12/74-65/zho@/!main.xml"></FRBRthis>
          <FRBRuri value="/akn/un/statement/deliberation/unga/2019-12-12/74-65/zho@.xml"></FRBRuri>
          <FRBRdate date="2020-08-29" name="markup"></FRBRdate>
          <FRBRauthor href="DGACM" as="editor"></FRBRauthor>
        </FRBRManifestation>
      </identification>
      <classification source="http://metadata.un.org/sdg">
        <keyword value="4" href="http://metadata.un.org/sdg/4" showAs="sdg_4" dictionary="SDGO"></keyword>
        <keyword value="education" href="http://eurovoc.europa.eu/668" showAs="education" dictionary="EuroVoc"></keyword>
        <keyword value="right_to_education" href="http://eurovoc.europa.eu/512" showAs="right_to_education" dictionary="EuroVoc"></keyword>
        <keyword value="education" href="http://metadata.un.org/thesaurus/1001893" showAs="education" dictionary="UNBIS Thesaurus"></keyword>
      </classification>
      <classification source="http://metadata.un.org/sdg">
        <keyword value="16" href="http://metadata.un.org/sdg/16" showAs="sdg_16" dictionary="SDGO"></keyword>
        <keyword value="right_to_justice" href="http://eurovoc.europa.eu/516" showAs="right_to_justice" dictionary="EuroVoc"></keyword>
        <keyword value="sustainable_development" href="http://eurovoc.europa.eu/5585" showAs="sustainable_development" dictionary="EuroVoc"></keyword>
        <keyword value="civil_society" href="http://metadata.un.org/thesaurus/1001012" showAs="civil_society" dictionary="UNBIS Thesaurus"></keyword>
        <keyword value="justice" href="http://metadata.un.org/thesaurus/1003500" showAs="justice" dictionary="UNBIS Thesaurus"></keyword>
        <keyword value="peaceful_coexistence" href="http://metadata.un.org/thesaurus/1004777" showAs="peaceful_coexistence" dictionary="UNBIS Thesaurus"></keyword>
        <keyword value="public_institutions" href="http://metadata.un.org/thesaurus/1005254" showAs="public_institutions" dictionary="UNBIS Thesaurus"></keyword>
        <keyword value="social_justice" href="http://metadata.un.org/thesaurus/1005970" showAs="social_justice" dictionary="UNBIS Thesaurus"></keyword>
        <keyword value="sustainable_development" href="http://metadata.un.org/thesaurus/1006319" showAs="sustainable_development" dictionary="UNBIS Thesaurus"></keyword>
      </classification>
      <classification source="http://metadata.un.org/sdg">
        <keyword value="17" href="http://metadata.un.org/sdg/17" showAs="sdg_17" dictionary="SDGO"></keyword>
        <keyword value="sustainable_development" href="http://eurovoc.europa.eu/5585" showAs="sustainable_development" dictionary="EuroVoc"></keyword>
        <keyword value="partnership" href="http://eurovoc.europa.eu/4199" showAs="partnership" dictionary="EuroVoc"></keyword>
        <keyword value="sustainable_development" href="http://metadata.un.org/thesaurus/1006319" showAs="sustainable_development" dictionary="UNBIS Thesaurus"></keyword>
        <keyword value="partnership" href="http://metadata.un.org/thesaurus/1004748" showAs="partnership" dictionary="UNBIS Thesaurus"></keyword>
      </classification>
      <workflow source="#un">
        <step date="2019-11-06" outcome="draftResolution" as="A/C.1/74/L.53/Rev.1" by="Albania, Andorra, Austria, Belgium, Bosnia and Herzegovina, Bulgaria, Canada, Croatia, Cyprus, Czechia, Denmark, Estonia, Finland, France, Georgia, Germany, Ghana, Greece, Hungary, Iceland, Ireland, Italy, Japan, Latvia, Liechtenstein, Lithuania, Luxembourg, Malawi, Malta, Montenegro, Mozambique, Netherlands, North Macedonia, Norway, Poland, Portugal, Republic of Moldova, Romania, San Marino, Slovakia, Slovenia, Spain, Sweden, Switzerland, Turkey, Ukraine and United Kingdom of Great Britain and Northern Ireland" />
        <step date="0001-01-01" outcome="draftResolutionAdditionalSponsors" by="Australia, Chile and Jamaica" />
        <step date="0001-01-01" outcome="recommendedForAdoption" as="A/74/368" by="" refersTo="89" />
        <step date="2019-12-12" outcome="adopted" as="A/74/PV.46" by="" />
      </workflow>
      <analysis source="#un">
        <parliamentary>
          <voting outcome="adoptedWithoutVote">
            <quorum value=""></quorum>
          </voting>
        </parliamentary>
      </analysis>
      <references source="#DGACM">
        <TLCOrganization eId="source" href="/akn/ontology/organization/un/DGACM" showAs="DGACM"></TLCOrganization>
        <TLCConcept eId="dateOfIssuance" href="/akn/ontology/concept/un/dateOfIssuance" showAs="Date of issuance"></TLCConcept>
        <TLCConcept eId="dateOfAdoption" href="/akn/ontology/concept/un/dateOfAdoption" showAs="Date of adoption"></TLCConcept>
        <TLCConcept eId="symbol" href="/akn/ontology/reference/un/symbol" showAs="Symbol"></TLCConcept>
        <TLCRole eId="publisher" href="/akn/ontology/role/un/publisher" showAs="Publisher"></TLCRole>
        <TLCRole eId="issuingBody" href="/akn/role/concept/un/issuingBody" showAs="Issuing body"></TLCRole>
        <TLCRole eId="author" href="/akn/ontology/role/un/author" showAs="Author"></TLCRole>
        <TLCRole eId="editor" href="/akn/ontology/role/un/editor" showAs="Editor"></TLCRole>
        <TLCRole eId="distribution" href="/akn/ontology/concept/un/generalDistribution" showAs="General distribution"></TLCRole>
        <TLCOrganization eId="ga" href="/akn/ontology/organization/un/generalAssembly" showAs="General Assembly"></TLCOrganization>
        <TLCTerm eId="resolutionTitle" href="/akn/ontology/reference/un/resolutionTitle" showAs="Resolution title"></TLCTerm>
        <TLCTerm eId="firstCommittee" href="#firstCommittee" showAs="第一委员会"></TLCTerm>
        <TLCTerm eId="memberState" href="/akn/ontology/organization/un/memberState" showAs="Member State"></TLCTerm>
        <TLCTerm eId="inFavour" href="/akn/ontology/concept/un/voting/inFavour" showAs="In favour"></TLCTerm>
        <TLCTerm eId="against" href="/akn/ontology/concept/un/voting/against" showAs="Against"></TLCTerm>
        <TLCTerm eId="abstaining" href="/akn/ontology/concept/un/voting/abstaining" showAs="Abstaining"></TLCTerm>
      </references>
      <presentation source="#un">
        <akn4un:footerFirstPage>
          <akn4un:footerFirstPageLeft>
            <akn4un:internalCode>
              <docketNumber refersTo="#publicationJobNumber">19-21865 (C)</docketNumber>
              <img alt="bar code" class="barCode" src=""></img>
            </akn4un:internalCode>
          </akn4un:footerFirstPageLeft>
          <akn4un:footerFirstPageRight>
            <img alt="Please recycle" class="image" src="./recylcleLogo.jpg"></img>
            <img alt="embedded QR code" class="qrCode" src=""></img>
          </akn4un:footerFirstPageRight>
        </akn4un:footerFirstPage>
      </presentation>
    </meta>
    <coverPage eId="coverPage_1">
      <p>
        <span refersTo="#publisher" class="upperLeft">
          <docAuthority refersTo="#publisher">联合国</docAuthority>
        </span>
      </p>
      <p class="upperRight">
        <docNumber refersTo="#symbol">A/RES/74/65</docNumber>
      </p>
      <p class="upperLeft">
        <img src="logo-un.jpg"></img>
        <docAuthority refersTo="#issuingBody" class="rightBig">大会</docAuthority>
      </p>
      <p>
        <docStatus refersTo="#generalDistribution" class="rightSmall">Distr.: General</docStatus>
      </p>
      <p>
        <docDate date="2019-12-20" class="rightSmall" refersTo="#dateOfIssuance">20 December 2019</docDate>
      </p>
      <p>
        <session refersTo="#generalAssembly" value="74" eId="coverPage_1__session_1">第七十四届会议</session>
      </p>
      <p>
        <inline name="agenda item">议程项目98(v)</inline>
      </p>
      <p>
        <inline name="agenda item name">全面彻底裁军：积累过剩的常规弹药储存引起的问题</inline>
      </p>
      <p>
        <docTitle>2019年12月12日大会决议</docTitle>
      </p>
      <p xml:space="preserve">
        <docProponent refersTo="#firstCommittee">[根据第一委员会的报告 (<inline name="originating document">A/74/368</inline>)]</docProponent>
      </p>
    </coverPage>
    <preface>
      <p>
        <docNumber>74/65.</docNumber>
        <docTitle refersTo="#resolutionTitle">积累过剩的常规弹药储存引起的问题</docTitle>
      </p>
    </preface>
    <preamble>
      <formula name="enactingFormula" eId="formula_1">
        <p xml:space="preserve">
          <span class="bold">大会</span>，</p>
      </formula>
      <container name="意识到" eId="container_2">
        <p xml:space="preserve">
          <span class="bold">意识到</span>弹药库意外爆炸以及常规弹药储存中的物资转入非法市场，包括用于制造简易爆炸装置所造成的危险，</p>
      </container>
      <container name="强调" eId="container_3">
        <p xml:space="preserve">
          <span class="bold">强调</span>弹药库意外爆炸造成成千上万的民众丧生，整个社区的生计受到破坏，而且弹药储存被转用导致世界各地武装冲突愈演愈烈、旷日持久并导致武装暴力持续存在，<authorialNote marker="1" placement="bottom" eId="authorialNote_1"><p xml:space="preserve">		见<a href="https://undocs.org/ch/S/2011/255">S/2011/255</a>。</p></authorialNote></p>
      </container>
      <container name="认识到" eId="container_4">
        <p xml:space="preserve">
          <span class="bold">认识到</span>要鼓励妇女和男子充分参与弹药管理工作和政策，</p>
      </container>
      <container name="注意到" eId="container_5">
        <p xml:space="preserve">
          <span class="bold">注意到</span>常规武器及其弹药是原则上可采取行动改善转让监管并防止转于非法贩运的物项，</p>
      </container>
      <container name="认识到" eId="container_6">
        <p xml:space="preserve">
          <span class="bold">认识到</span>解决世界各地弹药储存管理不善造成的安全和安保风险的紧迫性，<authorialNote marker="2" placement="bottom" eId="authorialNote_2"><p xml:space="preserve">		见<a href="https://undocs.org/ch/S/2015/289">S/2015/289</a>。</p></authorialNote></p>
      </container>
      <container name="铭记" eId="container_7">
        <p xml:space="preserve">
          <span class="bold">铭记</span>必须采用生命周期方法全面解决弹药问题，包括转用方面的问题，</p>
      </container>
      <container name="注意到" eId="container_8">
        <p xml:space="preserve">
          <span class="bold">	注意到</span>《武器贸易条约》<authorialNote marker="3" placement="bottom" eId="authorialNote_3"><p xml:space="preserve">		见第<a href="https://undocs.org/ch/A/RES/67/234">67/234</a> B号决议。</p></authorialNote> 要求条约缔约国建立和维持国家管制制度，对相关弹药的出口进行监管，</p>
      </container>
      <container name="表示注意到" eId="container_9">
        <p xml:space="preserve">
          <span class="bold">表示注意到</span>弹药和炸药问题专家组的报告<authorialNote marker="4" placement="bottom" eId="authorialNote_4"><p xml:space="preserve">		见<a href="https://undocs.org/ch/A/54/155">A/54/155</a>。</p></authorialNote> 和第<a href="https://undocs.org/ch/A/RES/61/72">6</a><a href="https://undocs.org/ch/A/RES/61/72">1/72</a>号决议所设考虑采取进一步措施加强合作以解决常规弹药储存过剩问题政府专家组的报告，<authorialNote marker="5" placement="bottom" eId="authorialNote_5"><p xml:space="preserve">		见<a href="https://undocs.org/ch/A/63/182">A/63/182</a>。</p></authorialNote></p>
      </container>
      <container name="欢迎" eId="container_10">
        <p xml:space="preserve">
          <span class="bold">欢迎</span>《2030年可持续发展议程》<authorialNote marker="6" placement="bottom" eId="authorialNote_6"><p xml:space="preserve"><sup>6</sup>	第<a href="https://undocs.org/ch/A/RES/70/1">70/1</a>号决议。</p></authorialNote> 获得通过，该议程承认大幅减少非法武器流通并在各级加强能力建设机构，尤其是在发展中国家以防止暴力并打击恐怖主义及犯罪行为，对进行发展十分重要，<sup></sup></p>
      </container>
      <container name="回顾" eId="container_11">
        <p xml:space="preserve">
          <span class="bold">回顾</span>就拟订一项使各国能及时可靠地识别和追查非法小武器和轻武器的国际文书进行谈判的不限成员名额工作组报告<authorialNote marker="7" placement="bottom" eId="authorialNote_7"><p xml:space="preserve"><sup>7</sup><a href="https://undocs.org/ch/A/60/88">A/60/88</a>和<a href="https://undocs.org/ch/A/60/88/Corr.2">A/60/88/Corr.2</a>。</p></authorialNote> 第27段所载的建议，即全面处理小武器和轻武器弹药问题，将其作为在联合国框架内进行的另一个进程的组成部分，</p>
      </container>
      <container name="表示注意到" eId="container_12">
        <p xml:space="preserve">
          <span class="bold">	表示注意到</span>在《禁止或限制使用某些可被认为具有过分伤害力或滥杀滥伤作用的常规武器公约战争遗留爆炸物议定书》<authorialNote marker="8" placement="bottom" eId="authorialNote_8"><p xml:space="preserve"><sup>8</sup>	联合国，《条约汇编》，第2399卷，第22495号。</p></authorialNote> 第五号议定书<authorialNote marker="9" placement="bottom" eId="authorialNote_9"><p xml:space="preserve"><sup>9</sup>	同上，第1342卷，第22495号。</p></authorialNote> 框架内关于弹药管理做法的讨论，</p>
      </container>
      <container name="满意地注意到" eId="container_13">
        <p xml:space="preserve">
          <span class="bold">满意地注意到</span>在区域和次区域两级就常规弹药问题进行的工作和采取的措施，</p>
      </container>
      <container name="回顾" eId="container_14">
        <p xml:space="preserve">
          <span class="bold">回顾</span>其2004年12月3日第59/515号决定及2005年12月8日第<a href="https://undocs.org/ch/A/RES/60/74">60/74</a>号、2006年12月6日第<a href="https://undocs.org/ch/A/RES/61/72">61/72</a>号和2008年12月2日第<a href="https://undocs.org/ch/A/RES/63/61">63/61</a>号决议，在第<a href="https://undocs.org/ch/A/RES/63/61">63/61</a>号决议中大会欢迎第<a href="https://undocs.org/ch/A/RES/61/72">61/72</a>号决议设立的考虑进一步采取措施在过剩的常规弹药储存问题上加强合作政府专家组的报告，并回顾2009年12月2日第<a href="https://undocs.org/ch/A/RES/64/51">64/51</a>号、2011年12月2日第<a href="https://undocs.org/ch/A/RES/66/42">66/42</a>号、2013年12月5日第<a href="https://undocs.org/ch/A/RES/68/52">68/52</a>号、2015年12月7日第<a href="https://undocs.org/ch/A/RES/70/35">70/35</a>号和2017年12月4日第<a href="https://undocs.org/ch/A/RES/72/55">7</a><a href="https://undocs.org/ch/A/RES/72/55">2/55</a>号决议，</p>
      </container>
      <container name="表示注意到" eId="container_15">
        <p xml:space="preserve">
          <span class="bold">表示注意到</span>政府专家组的建议，鼓励各国酌情采用自愿性的《国际弹药技术准则》，以改善弹药储存库的安全和安保，</p>
      </container>
      <container name="又表示注意到" eId="container_16">
        <p xml:space="preserve">
          <span class="bold">	又表示注意到</span>专家组建议改善联合国系统内部弹药技术问题的知识资源管理，注意到秘书处随后制订了“加强保护”知识资源管理方案，<authorialNote marker="10" placement="bottom" eId="authorialNote_10"><p xml:space="preserve"><a href="https://undocs.org/ch/A/63/182">A/63/182</a>，第72和73段。</p></authorialNote> 包括其在线执行支持工具，</p>
      </container>
      <container name="注意到" eId="container_17">
        <p xml:space="preserve">
          <span class="bold">注意到</span>自愿性的《国际弹药技术准则》被国家当局以及一个由国际和区域组织、非政府组织、私营部门伙伴组成的不断扩大的网络用来支持弹药储存管理工作，</p>
      </container>
      <container name="强调" eId="container_18">
        <p xml:space="preserve">
          <span class="bold">	强调</span>需要考虑在联合国维持和平任务和特别政治任务的任务规定中，酌情根据《国际弹药技术准则》纳入弹药管理措施，</p>
      </container>
      <container name="确认" eId="container_19">
        <p xml:space="preserve">	确认必须建立适当的国家弹药管理结构和程序，包括法律规章、培训和理论、设备及维护、人事管理以及财政和基础设施，以确保弹药管理的可持续性，在这方面强调应会员国的请求提供技术援助和能力建设的核心作用，</p>
      </container>
      <container name="表示" eId="container_20">
        <p xml:space="preserve">	表示注意到设立了弹药管理咨询小组，通过提供技术咨询和服务，支持感兴趣的国家安全可靠地管理弹药，</p>
      </container>
    </preamble>
    <mainBody>
      <paragraph eId="para_21" class="MercuryDocument">
        <num>	1.</num>
        <content eId="para_21__content">
          <p xml:space="preserve">	鼓励所有有关国家根据其正当安全需要，自愿对其常规弹药储存中是否有一部分应被视为过剩储存作出评估，并确认必须考虑到这些储存的安全，必须在国家一级采取同常规弹药储存安保和安全有关的适当管制措施，以消除爆炸、污染或移作他用的危险；</p>
        </content>
      </paragraph>
      <paragraph eId="para_22" class="MercuryDocument">
        <num>	2.</num>
        <content eId="para_22__content">
          <p xml:space="preserve">	呼吁所有有关国家确定其常规弹药过剩储存的数目和性质，确定过剩储存是否对安保安全构成威胁及视情况加以销毁的优先手段，以及是否需要外部援助来消除这一威胁；</p>
        </content>
      </paragraph>
      <paragraph eId="para_23" class="MercuryDocument">
        <num>	3.</num>
        <content eId="para_23__content">
          <p xml:space="preserve">	鼓励有能力的国家在双边框架内或通过国际或区域组织，包括通过在“加强保护”知识资源管理方案伞下开展的活动，在自愿和透明的基础上向有关国家提供援助，协助制订和执行消除过剩储存或改进储存管理的方案；</p>
        </content>
      </paragraph>
      <paragraph eId="para_24" class="MercuryDocument">
        <num>	4.</num>
        <content eId="para_24__content">
          <p xml:space="preserve">	鼓励所有会员国审查是否有可能在国家、区域或次区域框架内拟订并执行若干措施，相应处理与此类储存积累有关的非法贩运问题；</p>
        </content>
      </paragraph>
      <paragraph eId="para_25" class="MercuryDocument">
        <num>	5.</num>
        <content eId="para_25__content">
          <p xml:space="preserve">	继续鼓励各国执行第<a href="https://undocs.org/ch/A/RES/61/72">6</a><a href="https://undocs.org/ch/A/RES/61/72">1/72</a>号决议所设考虑采取进一步措施加强合作以解决常规弹药储存过剩问题政府专家组的报告<sup>5</sup> 所载建议；</p>
        </content>
      </paragraph>
      <paragraph eId="para_26" class="MercuryDocument">
        <num>	6.</num>
        <content eId="para_26__content">
          <p xml:space="preserve">	赞赏地注意到在国际、区域和国家各级采取让人们了解改进弹药可持续管理的举措，包括为此执行《国际弹药技术准则》，并在这方面认识到进行讨论和协调的相关性；</p>
        </content>
      </paragraph>
      <paragraph eId="para_27" class="MercuryDocument">
        <num>	7.</num>
        <content eId="para_27__content">
          <p xml:space="preserve">	回顾《国际弹药技术准则》更新版已于2015年发布，打算定期更新《准则》，秘书处裁军事务厅管理的“加强保护”方案得到继续执行；</p>
        </content>
      </paragraph>
      <paragraph eId="para_28" class="MercuryDocument">
        <num>	8.</num>
        <content eId="para_28__content">
          <p xml:space="preserve">	欢迎《国际弹药技术准则》，包括在线实施支助和培训材料在实地继续得到适用，表示注意到支持指南和《准则》多种语文译本以鼓励有能力的国家为“加强保护”方案提供支持，并促请所有联合国机构在支持国家当局时充分利用《准则》；</p>
        </content>
      </paragraph>
      <paragraph eId="para_29" class="MercuryDocument">
        <num>	9.</num>
        <content eId="para_29__content">
          <p xml:space="preserve">	鼓励考虑酌情将弹药管理措施纳入维持和平行动的任务规定，包括为此利用《国际弹药技术准则》，对国家当局人员和维和人员进行培训；</p>
        </content>
      </paragraph>
      <paragraph eId="para_30" class="MercuryDocument">
        <num>	10.</num>
        <content eId="para_30__content">
          <p xml:space="preserve">	欣见“加强保护”方案为设立快速反应机制持续开展工作，机制能够部署弹药专家，应各国请求协助其管理弹药储存，并鼓励有能力的国家向机制提供技术专长或财政支持；</p>
        </content>
      </paragraph>
      <paragraph eId="para_31" class="MercuryDocument">
        <num>	11.</num>
        <content eId="para_31__content">
          <p xml:space="preserve">	鼓励希望提高本国弹药储存管理能力、防止过剩常规弹药增加和致力于更广泛减少风险的国家，与“加强保护”方案并酌情与潜在的国家捐助方、区域组织或其他组织进行联系；</p>
        </content>
      </paragraph>
      <paragraph eId="para_32" class="MercuryDocument">
        <num>	12.</num>
        <content eId="para_32__content">
          <p xml:space="preserve">	鼓励各国酌情考虑，将弹药管理作为其实现与减少非法武器流动和通过强大机构防止暴力行动有关的可持续发展目标<sup>6</sup> 的具体目标的固有组成部分，并考虑基于这一理解，酌情制定国家、区域和次区域指标；</p>
        </content>
      </paragraph>
      <paragraph eId="para_33" class="MercuryDocument">
        <num>	13.</num>
        <content eId="para_33__content">
          <p xml:space="preserve">	又鼓励各国酌情制定有关安全可靠地管理常规弹药的自愿国家行动计划，并确认各国酌情分享信息和交流良好做法的益处；</p>
        </content>
      </paragraph>
      <paragraph eId="para_34" class="MercuryDocument">
        <num>	14.</num>
        <content eId="para_34__content">
          <p xml:space="preserve">	表示赞赏地注意到2018年和2019年在第<a href="https://undocs.org/ch/A/RES/72/55">7</a><a href="https://undocs.org/ch/A/RES/72/55">2/55</a>号决议框架内在联合国系统内外进行的关于常规弹药管理事项的一系列非正式协商，努力查明与常规弹药积累有关的紧迫问题中可以取得进展的问题以及可以成为召集一个政府专家小组基础的问题；</p>
        </content>
      </paragraph>
      <paragraph eId="para_35" class="MercuryDocument">
        <num>	15.</num>
        <content eId="para_35__content">
          <p xml:space="preserve">	表示注意到德国提交的关于在第<a href="https://undocs.org/ch/A/RES/72/55">7</a><a href="https://undocs.org/ch/A/RES/72/55">2/55</a>号决议框架内开展的非正式协商进程的非正式文件，以及会员国就同一事项提供的书面和口头投入；</p>
        </content>
      </paragraph>
      <paragraph eId="para_36" class="MercuryDocument">
        <num>	16.</num>
        <content eId="para_36__content">
          <p xml:space="preserve">	再次请秘书长在2020年召集积累过剩常规弹药储存引起的问题政府专家组，同时考虑到公开、非正式磋商中的交流情况；</p>
        </content>
      </paragraph>
      <paragraph eId="para_37" class="MercuryDocument">
        <num>	17.</num>
        <content eId="para_37__content">
          <p xml:space="preserve">	请秘书长在专家组完成任务后向大会报告专家组的工作；</p>
        </content>
      </paragraph>
      <paragraph eId="para_38" class="MercuryDocument">
        <num>	18.</num>
        <content eId="para_38__content">
          <p xml:space="preserve">	重申决定全面处理过剩的常规弹药储存问题；</p>
        </content>
      </paragraph>
      <paragraph eId="para_39" class="SingleTxt">
        <num>	19.</num>
        <content eId="para_39__content">
          <p xml:space="preserve">	决定在大会第七十五届会议临时议程题为“全面彻底裁军”的项目下列入题为“积累过剩的常规弹药储存引起的问题”的分项。</p>
        </content>
      </paragraph>
    </mainBody>
    <conclusions eId="conclusions">
      <p>
        <inline name="adoptionMeeting" title="第46次">第46次全体会议</inline>
        <eol />
        <docDate date="2019-12-12" refersTo="#adoptionDate">2019年12月12日</docDate>
      </p>
    </conclusions>
  </statement>
</akomaNtoso>