<akomaNtoso xmlns:xsi="http://www.w3.org/2001/XMLSchema-instance" xsi:schemaLocation="http://docs.oasis-open.org/legaldocml/ns/akn/3.0 http://docs.oasis-open.org/legaldocml/akn-core/v1.0/os/part2-specs/schemas/akomantoso30.xsd" xmlns="http://docs.oasis-open.org/legaldocml/ns/akn/3.0" xmlns:html="http://www.w3.org/1999/xhtml" xmlns:akn4un="http://un.org/akn4un">
  <statement name="resolution">
    <meta>
      <identification source="#DGACM">
        <FRBRWork>
          <FRBRthis value="/akn/un/statement/deliberation/unga/2019-12-12/74-67/!main/"></FRBRthis>
          <FRBRuri value="/akn/un/statement/deliberation/unga/2019-12-12/74-67/"></FRBRuri>
          <FRBRdate date="2019-12-12" name="adoption"></FRBRdate>
          <FRBRauthor href="ga" as="author"></FRBRauthor>
          <FRBRcountry value="un"></FRBRcountry>
        </FRBRWork>
        <FRBRExpression>
          <FRBRthis value="/akn/un/statement/deliberation/unga/2019-12-12/74-67/zho@!main/"></FRBRthis>
          <FRBRuri value="/akn/un/statement/deliberation/unga/2019-12-12/74-67/zho@/"></FRBRuri>
          <FRBRdate date="2019-12-20" name="publication"></FRBRdate>
          <FRBRauthor href="ga" as="issuer"></FRBRauthor>
          <FRBRlanguage language="zho"></FRBRlanguage>
        </FRBRExpression>
        <FRBRManifestation>
          <FRBRthis value="/akn/un/statement/deliberation/unga/2019-12-12/74-67/zho@/!main.xml"></FRBRthis>
          <FRBRuri value="/akn/un/statement/deliberation/unga/2019-12-12/74-67/zho@.xml"></FRBRuri>
          <FRBRdate date="2020-08-29" name="markup"></FRBRdate>
          <FRBRauthor href="DGACM" as="editor"></FRBRauthor>
        </FRBRManifestation>
      </identification>
      <classification source="http://metadata.un.org/sdg">
        <keyword value="2.a" href="http://metadata.un.org/sdg/2.a" showAs="sdg_2.a" dictionary="SDGO"></keyword>
        <keyword value="agricultural_policy" href="http://eurovoc.europa.eu/2442" showAs="agricultural_policy" dictionary="EuroVoc"></keyword>
        <keyword value="economic_policy" href="http://eurovoc.europa.eu/2497" showAs="economic_policy" dictionary="EuroVoc"></keyword>
        <keyword value="power_of_implementation" href="http://eurovoc.europa.eu/2577" showAs="power_of_implementation" dictionary="EuroVoc"></keyword>
        <keyword value="agricultural_policy" href="http://metadata.un.org/thesaurus/1000150" showAs="agricultural_policy" dictionary="UNBIS Thesaurus"></keyword>
        <keyword value="economic_policy" href="http://metadata.un.org/thesaurus/1001863" showAs="economic_policy" dictionary="UNBIS Thesaurus"></keyword>
      </classification>
      <workflow source="#un">
        <step date="2019-10-18" outcome="draftResolution" as="A/C.1/74/L.60" by="China, Cuba, Russian Federation, Suriname and Syrian Arab Republic" />
        <step date="0001-01-01" outcome="draftResolutionAdditionalSponsors" by="Angola, Armenia, Belarus, Bolivia (Plurinational State of), Burundi, Kazakhstan, Kyrgyzstan, Madagascar, Malawi, Mongolia, Myanmar, Namibia, Nicaragua, South Africa, Tajikistan, Uzbekistan and Venezuela (Bolivarian Republic of)" />
        <step date="0001-01-01" outcome="recommendedForAdoption" as="A/74/368" by="" refersTo="89" />
        <step date="2019-12-12" outcome="adopted" as="A/74/PV.46" by="" />
      </workflow>
      <analysis source="#un">
        <parliamentary>
          <voting outcome="adoptedRecordedVote">
            <count value="173" refersTo="inFavour">
              <akn4un:voters>
                <organization refersTo="memberState">AFGHANISTAN</organization>
                <organization refersTo="memberState">ALBANIA</organization>
                <organization refersTo="memberState">ALGERIA</organization>
                <organization refersTo="memberState">ANDORRA</organization>
                <organization refersTo="memberState">ANGOLA</organization>
                <organization refersTo="memberState">ANTIGUA AND BARBUDA</organization>
                <organization refersTo="memberState">ARGENTINA</organization>
                <organization refersTo="memberState">ARMENIA</organization>
                <organization refersTo="memberState">AUSTRIA</organization>
                <organization refersTo="memberState">AZERBAIJAN</organization>
                <organization refersTo="memberState">BAHAMAS</organization>
                <organization refersTo="memberState">BAHRAIN</organization>
                <organization refersTo="memberState">BANGLADESH</organization>
                <organization refersTo="memberState">BARBADOS</organization>
                <organization refersTo="memberState">BELARUS</organization>
                <organization refersTo="memberState">BELGIUM</organization>
                <organization refersTo="memberState">BELIZE</organization>
                <organization refersTo="memberState">BENIN</organization>
                <organization refersTo="memberState">BHUTAN</organization>
                <organization refersTo="memberState">BOSNIA AND HERZEGOVINA</organization>
                <organization refersTo="memberState">BOTSWANA</organization>
                <organization refersTo="memberState">BRAZIL</organization>
                <organization refersTo="memberState">BRUNEI DARUSSALAM</organization>
                <organization refersTo="memberState">BULGARIA</organization>
                <organization refersTo="memberState">BURKINA FASO</organization>
                <organization refersTo="memberState">BURUNDI</organization>
                <organization refersTo="memberState">CABO VERDE</organization>
                <organization refersTo="memberState">CAMBODIA</organization>
                <organization refersTo="memberState">CAMEROON</organization>
                <organization refersTo="memberState">CANADA</organization>
                <organization refersTo="memberState">CENTRAL AFRICAN REPUBLIC</organization>
                <organization refersTo="memberState">CHAD</organization>
                <organization refersTo="memberState">CHILE</organization>
                <organization refersTo="memberState">CHINA</organization>
                <organization refersTo="memberState">COLOMBIA</organization>
                <organization refersTo="memberState">COMOROS</organization>
                <organization refersTo="memberState">CONGO</organization>
                <organization refersTo="memberState">COSTA RICA</organization>
                <organization refersTo="memberState">COTE D'IVOIRE</organization>
                <organization refersTo="memberState">CROATIA</organization>
                <organization refersTo="memberState">CUBA</organization>
                <organization refersTo="memberState">CYPRUS</organization>
                <organization refersTo="memberState">CZECHIA</organization>
                <organization refersTo="memberState">DEMOCRATIC PEOPLE'S REPUBLIC OF KOREA</organization>
                <organization refersTo="memberState">DEMOCRATIC REPUBLIC OF THE CONGO</organization>
                <organization refersTo="memberState">DENMARK</organization>
                <organization refersTo="memberState">DJIBOUTI</organization>
                <organization refersTo="memberState">DOMINICAN REPUBLIC</organization>
                <organization refersTo="memberState">ECUADOR</organization>
                <organization refersTo="memberState">EGYPT</organization>
                <organization refersTo="memberState">EL SALVADOR</organization>
                <organization refersTo="memberState">ERITREA</organization>
                <organization refersTo="memberState">ESTONIA</organization>
                <organization refersTo="memberState">ESWATINI</organization>
                <organization refersTo="memberState">ETHIOPIA</organization>
                <organization refersTo="memberState">FIJI</organization>
                <organization refersTo="memberState">FINLAND</organization>
                <organization refersTo="memberState">FRANCE</organization>
                <organization refersTo="memberState">GABON</organization>
                <organization refersTo="memberState">GAMBIA</organization>
                <organization refersTo="memberState">GERMANY</organization>
                <organization refersTo="memberState">GHANA</organization>
                <organization refersTo="memberState">GREECE</organization>
                <organization refersTo="memberState">GRENADA</organization>
                <organization refersTo="memberState">GUATEMALA</organization>
                <organization refersTo="memberState">GUINEA-BISSAU</organization>
                <organization refersTo="memberState">GUYANA</organization>
                <organization refersTo="memberState">HONDURAS</organization>
                <organization refersTo="memberState">HUNGARY</organization>
                <organization refersTo="memberState">ICELAND</organization>
                <organization refersTo="memberState">INDIA</organization>
                <organization refersTo="memberState">INDONESIA</organization>
                <organization refersTo="memberState">IRAN (ISLAMIC REPUBLIC OF)</organization>
                <organization refersTo="memberState">IRAQ</organization>
                <organization refersTo="memberState">IRELAND</organization>
                <organization refersTo="memberState">ITALY</organization>
                <organization refersTo="memberState">JAMAICA</organization>
                <organization refersTo="memberState">JAPAN</organization>
                <organization refersTo="memberState">JORDAN</organization>
                <organization refersTo="memberState">KAZAKHSTAN</organization>
                <organization refersTo="memberState">KENYA</organization>
                <organization refersTo="memberState">KIRIBATI</organization>
                <organization refersTo="memberState">KUWAIT</organization>
                <organization refersTo="memberState">KYRGYZSTAN</organization>
                <organization refersTo="memberState">LAO PEOPLE'S DEMOCRATIC REPUBLIC</organization>
                <organization refersTo="memberState">LATVIA</organization>
                <organization refersTo="memberState">LEBANON</organization>
                <organization refersTo="memberState">LESOTHO</organization>
                <organization refersTo="memberState">LIBYA</organization>
                <organization refersTo="memberState">LIECHTENSTEIN</organization>
                <organization refersTo="memberState">LITHUANIA</organization>
                <organization refersTo="memberState">LUXEMBOURG</organization>
                <organization refersTo="memberState">MADAGASCAR</organization>
                <organization refersTo="memberState">MALAWI</organization>
                <organization refersTo="memberState">MALAYSIA</organization>
                <organization refersTo="memberState">MALDIVES</organization>
                <organization refersTo="memberState">MALI</organization>
                <organization refersTo="memberState">MALTA</organization>
                <organization refersTo="memberState">MAURITANIA</organization>
                <organization refersTo="memberState">MAURITIUS</organization>
                <organization refersTo="memberState">MEXICO</organization>
                <organization refersTo="memberState">MONACO</organization>
                <organization refersTo="memberState">MONGOLIA</organization>
                <organization refersTo="memberState">MONTENEGRO</organization>
                <organization refersTo="memberState">MOROCCO</organization>
                <organization refersTo="memberState">MOZAMBIQUE</organization>
                <organization refersTo="memberState">MYANMAR</organization>
                <organization refersTo="memberState">NAMIBIA</organization>
                <organization refersTo="memberState">NEPAL</organization>
                <organization refersTo="memberState">NETHERLANDS</organization>
                <organization refersTo="memberState">NEW ZEALAND</organization>
                <organization refersTo="memberState">NICARAGUA</organization>
                <organization refersTo="memberState">NIGER</organization>
                <organization refersTo="memberState">NIGERIA</organization>
                <organization refersTo="memberState">NORTH MACEDONIA</organization>
                <organization refersTo="memberState">NORWAY</organization>
                <organization refersTo="memberState">OMAN</organization>
                <organization refersTo="memberState">PAKISTAN</organization>
                <organization refersTo="memberState">PANAMA</organization>
                <organization refersTo="memberState">PARAGUAY</organization>
                <organization refersTo="memberState">PERU</organization>
                <organization refersTo="memberState">PHILIPPINES</organization>
                <organization refersTo="memberState">POLAND</organization>
                <organization refersTo="memberState">PORTUGAL</organization>
                <organization refersTo="memberState">QATAR</organization>
                <organization refersTo="memberState">REPUBLIC OF KOREA</organization>
                <organization refersTo="memberState">REPUBLIC OF MOLDOVA</organization>
                <organization refersTo="memberState">ROMANIA</organization>
                <organization refersTo="memberState">RUSSIAN FEDERATION</organization>
                <organization refersTo="memberState">RWANDA</organization>
                <organization refersTo="memberState">SAINT KITTS AND NEVIS</organization>
                <organization refersTo="memberState">SAINT LUCIA</organization>
                <organization refersTo="memberState">SAINT VINCENT AND THE GRENADINES</organization>
                <organization refersTo="memberState">SAMOA</organization>
                <organization refersTo="memberState">SAN MARINO</organization>
                <organization refersTo="memberState">SAO TOME AND PRINCIPE</organization>
                <organization refersTo="memberState">SAUDI ARABIA</organization>
                <organization refersTo="memberState">SENEGAL</organization>
                <organization refersTo="memberState">SERBIA</organization>
                <organization refersTo="memberState">SEYCHELLES</organization>
                <organization refersTo="memberState">SIERRA LEONE</organization>
                <organization refersTo="memberState">SINGAPORE</organization>
                <organization refersTo="memberState">SLOVAKIA</organization>
                <organization refersTo="memberState">SLOVENIA</organization>
                <organization refersTo="memberState">SOLOMON ISLANDS</organization>
                <organization refersTo="memberState">SOUTH AFRICA</organization>
                <organization refersTo="memberState">SOUTH SUDAN</organization>
                <organization refersTo="memberState">SPAIN</organization>
                <organization refersTo="memberState">SRI LANKA</organization>
                <organization refersTo="memberState">SUDAN</organization>
                <organization refersTo="memberState">SURINAME</organization>
                <organization refersTo="memberState">SWEDEN</organization>
                <organization refersTo="memberState">SWITZERLAND</organization>
                <organization refersTo="memberState">SYRIAN ARAB REPUBLIC</organization>
                <organization refersTo="memberState">TAJIKISTAN</organization>
                <organization refersTo="memberState">THAILAND</organization>
                <organization refersTo="memberState">TIMOR-LESTE</organization>
                <organization refersTo="memberState">TOGO</organization>
                <organization refersTo="memberState">TRINIDAD AND TOBAGO</organization>
                <organization refersTo="memberState">TUNISIA</organization>
                <organization refersTo="memberState">TURKEY</organization>
                <organization refersTo="memberState">TURKMENISTAN</organization>
                <organization refersTo="memberState">UGANDA</organization>
                <organization refersTo="memberState">UNITED ARAB EMIRATES</organization>
                <organization refersTo="memberState">UNITED REPUBLIC OF TANZANIA</organization>
                <organization refersTo="memberState">URUGUAY</organization>
                <organization refersTo="memberState">UZBEKISTAN</organization>
                <organization refersTo="memberState">VANUATU</organization>
                <organization refersTo="memberState">VENEZUELA (BOLIVARIAN REPUBLIC OF)</organization>
                <organization refersTo="memberState">VIET NAM</organization>
                <organization refersTo="memberState">YEMEN</organization>
                <organization refersTo="memberState">ZAMBIA</organization>
                <organization refersTo="memberState">ZIMBABWE</organization>
              </akn4un:voters>
            </count>
            <count value="2" refersTo="against">
              <akn4un:voters>
                <organization refersTo="memberState">ISRAEL</organization>
                <organization refersTo="memberState">UNITED STATES</organization>
              </akn4un:voters>
            </count>
            <count value="6" refersTo="abstaining">
              <akn4un:voters>
                <organization refersTo="memberState">AUSTRALIA</organization>
                <organization refersTo="memberState">GEORGIA</organization>
                <organization refersTo="memberState">LIBERIA</organization>
                <organization refersTo="memberState">PALAU</organization>
                <organization refersTo="memberState">UKRAINE</organization>
                <organization refersTo="memberState">UNITED KINGDOM</organization>
              </akn4un:voters>
            </count>
          </voting>
        </parliamentary>
      </analysis>
      <references source="#DGACM">
        <TLCOrganization eId="source" href="/akn/ontology/organization/un/DGACM" showAs="DGACM"></TLCOrganization>
        <TLCConcept eId="dateOfIssuance" href="/akn/ontology/concept/un/dateOfIssuance" showAs="Date of issuance"></TLCConcept>
        <TLCConcept eId="dateOfAdoption" href="/akn/ontology/concept/un/dateOfAdoption" showAs="Date of adoption"></TLCConcept>
        <TLCConcept eId="symbol" href="/akn/ontology/reference/un/symbol" showAs="Symbol"></TLCConcept>
        <TLCRole eId="publisher" href="/akn/ontology/role/un/publisher" showAs="Publisher"></TLCRole>
        <TLCRole eId="issuingBody" href="/akn/role/concept/un/issuingBody" showAs="Issuing body"></TLCRole>
        <TLCRole eId="author" href="/akn/ontology/role/un/author" showAs="Author"></TLCRole>
        <TLCRole eId="editor" href="/akn/ontology/role/un/editor" showAs="Editor"></TLCRole>
        <TLCRole eId="distribution" href="/akn/ontology/concept/un/generalDistribution" showAs="General distribution"></TLCRole>
        <TLCOrganization eId="ga" href="/akn/ontology/organization/un/generalAssembly" showAs="General Assembly"></TLCOrganization>
        <TLCTerm eId="resolutionTitle" href="/akn/ontology/reference/un/resolutionTitle" showAs="Resolution title"></TLCTerm>
        <TLCTerm eId="firstCommittee" href="#firstCommittee" showAs="第一委员会"></TLCTerm>
        <TLCTerm eId="memberState" href="/akn/ontology/organization/un/memberState" showAs="Member State"></TLCTerm>
        <TLCTerm eId="inFavour" href="/akn/ontology/concept/un/voting/inFavour" showAs="In favour"></TLCTerm>
        <TLCTerm eId="against" href="/akn/ontology/concept/un/voting/against" showAs="Against"></TLCTerm>
        <TLCTerm eId="abstaining" href="/akn/ontology/concept/un/voting/abstaining" showAs="Abstaining"></TLCTerm>
      </references>
      <presentation source="#un">
        <akn4un:footerFirstPage>
          <akn4un:footerFirstPageLeft>
            <akn4un:internalCode>
              <docketNumber refersTo="#publicationJobNumber">19-21868 (C)</docketNumber>
              <img alt="bar code" class="barCode" src=""></img>
            </akn4un:internalCode>
          </akn4un:footerFirstPageLeft>
          <akn4un:footerFirstPageRight>
            <img alt="Please recycle" class="image" src="./recylcleLogo.jpg"></img>
            <img alt="embedded QR code" class="qrCode" src=""></img>
          </akn4un:footerFirstPageRight>
        </akn4un:footerFirstPage>
      </presentation>
    </meta>
    <coverPage eId="coverPage_1">
      <p>
        <span refersTo="#publisher" class="upperLeft">
          <docAuthority refersTo="#publisher">联合国</docAuthority>
        </span>
      </p>
      <p class="upperRight">
        <docNumber refersTo="#symbol">A/RES/74/67</docNumber>
      </p>
      <p class="upperLeft">
        <img src="logo-un.jpg"></img>
        <docAuthority refersTo="#issuingBody" class="rightBig">大会</docAuthority>
      </p>
      <p>
        <docStatus refersTo="#generalDistribution" class="rightSmall">Distr.: General</docStatus>
      </p>
      <p>
        <docDate date="2019-12-20" class="rightSmall" refersTo="#dateOfIssuance">20 December 2019</docDate>
      </p>
      <p>
        <session refersTo="#generalAssembly" value="74" eId="coverPage_1__session_1">第七十四届会议</session>
      </p>
      <p>
        <inline name="agenda item">议程项目98(w)</inline>
      </p>
      <p>
        <inline name="agenda item name">全面彻底裁军：外层空间活动中的透明度和建立信任措施</inline>
      </p>
      <p>
        <docTitle>2019年12月12日大会决议</docTitle>
      </p>
      <p xml:space="preserve">
        <docProponent refersTo="#firstCommittee">[根据第一委员会的报告 (<inline name="originating document">A/74/368</inline>)]</docProponent>
      </p>
    </coverPage>
    <preface>
      <p>
        <docNumber>74/67.</docNumber>
        <docTitle refersTo="#resolutionTitle">外层空间活动中的透明度和建立信任措施</docTitle>
      </p>
    </preface>
    <preamble>
      <formula name="enactingFormula" eId="formula_1">
        <p xml:space="preserve">
          <span class="bold">大会</span>，</p>
      </formula>
      <container name="回顾" eId="container_2">
        <p xml:space="preserve">
          <span class="bold">回顾</span>其2005年12月8日第<a href="https://undocs.org/ch/A/RES/60/66">60/66</a>号、2006年12月6日第<a href="https://undocs.org/ch/A/RES/61/75">61/75</a>号、2007年12月5日第<a href="https://undocs.org/ch/A/RES/62/43">62/43</a>号、2008年12月2日第<a href="https://undocs.org/ch/A/RES/63/68">63/68</a>号、2009年12月2日第<a href="https://undocs.org/ch/A/RES/64/49">64/49</a>号、2010年12月8日第<a href="https://undocs.org/ch/A/RES/65/68">65/68</a>号、2013年12月5日第<a href="https://undocs.org/ch/A/RES/68/50">68/50</a>号、2014年12月2日第<a href="https://undocs.org/ch/A/RES/69/38">69/38</a>号、2015年12月7日第<a href="https://undocs.org/ch/A/RES/70/53">70/53</a>号、2016年12月5日第<a href="https://undocs.org/ch/A/RES/71/42">71/42</a>号、2016年12月6日第<a href="https://undocs.org/ch/A/RES/71/90">71/90</a>号、2017年12月4日第<a href="https://undocs.org/ch/A/RES/72/56">72/56</a>号和2018年12月5日第<a href="https://undocs.org/ch/A/RES/73/72">7</a><a href="https://undocs.org/ch/A/RES/73/72">3/72</a>号决议，及其2011年12月2日第66/517号决定，</p>
      </container>
      <container name="又回顾" eId="container_3">
        <p xml:space="preserve">
          <span class="bold">又回顾</span>秘书长1993年10月15日提交大会第四十八届会议的报告，其附件载有政府专家关于在外层空间适用建立信任措施的研究报告，<authorialNote marker="1" placement="bottom" eId="authorialNote_1"><p xml:space="preserve"><a href="https://undocs.org/ch/A/48/305">A/48/305</a>和<a href="https://undocs.org/ch/A/48/305/Corr.1">A/48/305/Corr.1</a>。</p></authorialNote></p>
      </container>
      <container name="重申" eId="container_4">
        <p xml:space="preserve">
          <span class="bold">重申</span>所有国家有权根据国际法开发和利用外层空间，</p>
      </container>
      <container name="又重申" eId="container_5">
        <p xml:space="preserve">
          <span class="bold">又重申</span>防止外层空间军备竞赛有利于维持国际和平与安全，并且是推动和加强为和平目的探索和利用外层空间方面国际合作的必要条件，</p>
      </container>
      <container name="在这方面" eId="container_6">
        <p xml:space="preserve">	在这方面<span class="bold">回顾</span>其1990年12月4日第<a href="https://undocs.org/ch/A/RES/45/55">45/55</a> B号和1993年12月16日第<a href="https://undocs.org/ch/A/RES/48/74">48/74</a> B号决议，其中除其他外，大会确认增强透明度的必要性并认可建立信任措施的重要性，以此作为强化防止外层空间军备竞赛目标的手段，</p>
      </container>
      <container name="注意到" eId="container_7">
        <p xml:space="preserve">
          <span class="bold">注意到</span>裁军谈判会议就这一问题开展的建设性辩论和会员国表达的意见，</p>
      </container>
      <container name="回顾" eId="container_8">
        <p xml:space="preserve">
          <span class="bold">回顾</span>中国和俄罗斯联邦在裁军谈判会议上提出了防止在外层空间放置武器和对外空物体使用武力或威胁使用武力的条约草案，<authorialNote marker="2" placement="bottom" eId="authorialNote_2"><p xml:space="preserve">		见<a href="https://undocs.org/ch/CD/1839">CD/1839</a>。</p></authorialNote> 并于2014年提交了草案更新版，<authorialNote marker="3" placement="bottom" eId="authorialNote_3"><p xml:space="preserve">		见<a href="https://undocs.org/ch/CD/1985">CD/1985</a>。</p></authorialNote></p>
      </container>
      <container name="注意到" eId="container_9">
        <p xml:space="preserve">
          <span class="bold">注意到</span>2004年以来有几个国家<authorialNote marker="4" placement="bottom" eId="authorialNote_4"><p xml:space="preserve">		阿根廷、亚美尼亚、白俄罗斯、多民族玻利维亚国、巴西、柬埔寨、古巴、厄瓜多尔、危地马拉、印度尼西亚、哈萨克斯坦、吉尔吉斯斯坦、尼加拉瓜、巴基斯坦、俄罗斯联邦、斯里兰卡、苏里南、塔吉克斯坦、乌拉圭、乌兹别克斯坦、委内瑞拉玻利瓦尔共和国和越南。</p></authorialNote> 出台了不最先在外层空间放置武器的政策，</p>
      </container>
      <container name="对" eId="container_10">
          <p xml:space="preserve">
            <span class="bold">对</span>裁军审议委员会内部组织问题得不到解决，其负责起草关于切实执行外层空间活动中的透明度和建立信任措施以防止外空军备竞赛建议的工作组无法开展工作<span class="bold">表示遗憾</span>，并强调指出恢复审议十分重要，</p>
        </container>
      <container name="确认" eId="container_11">
        <p xml:space="preserve">
          <span class="bold">确认</span>和平利用外层空间委员会及其科学和技术小组委员会和法律小组委员会的工作，包括在促进外层空间活动长期可持续性方面的工作，可在国家之间提高透明度和建立信任方面以及确保保持外层空间和平用途方面发挥根本作用，</p>
      </container>
      <container name="注意到" eId="container_12">
        <p xml:space="preserve">
          <span class="bold">注意到</span>已按照第<a href="https://undocs.org/ch/A/RES/61/75">61/75</a>号决议第1段、第<a href="https://undocs.org/ch/A/RES/62/43">62/43</a>号决议第2段、第<a href="https://undocs.org/ch/A/RES/63/68">63/68</a>号决议第2段和第<a href="https://undocs.org/ch/A/RES/64/49">64/49</a>号决议第2段的规定向秘书长提出关于外层空间的国际透明度和建立信任措施的具体建议的会员国作出的贡献，</p>
      </container>
      <container name="回顾" eId="container_13">
        <p xml:space="preserve">
          <span class="bold">回顾</span>秘书长在公平地域分配基础上召集外层空间活动中的透明度和建立信任措施政府专家组在2012年和2013年就外层空间的透明度和建立信任措施开展了研究工作，</p>
      </container>
      <container name="又回顾" eId="container_14">
        <p xml:space="preserve">
          <span class="bold">又回顾</span>委员会审议了政府专家组的报告<authorialNote marker="5" placement="bottom" eId="authorialNote_5"><p xml:space="preserve"><a href="https://undocs.org/ch/A/68/189">A/68/189</a>。</p></authorialNote> 以及和平利用外层空间委员会在2015年第五十八届会议报告中就切实利用报告所载建议的方式提出的意见，<authorialNote marker="6" placement="bottom" eId="authorialNote_6"><p xml:space="preserve">		《大会正式记录，第七十届会议，补编第20号》(<a href="https://undocs.org/ch/A/70/20">A/70/20</a>)。</p></authorialNote> 会议认为委员会应在加强透明度和建立各国间信任以及在确保为和平目的利用外层空间方面发挥重要作用，</p>
      </container>
      <container name="注意到" eId="container_15">
        <p xml:space="preserve">
          <span class="bold">注意到</span>政府专家组在报告中确认和平利用外层空间委员会的工作对于制订一套关于外层空间活动长期可持续性的自愿、不具法律约束力的准则的价值，部分准则可视为潜在的透明度和建立信任措施，部分准则则可加强外层空间活动的安全，从而为进一步执行新的透明度和建立信任措施提供技术基础，</p>
      </container>
      <container name="表示注意到" eId="container_16">
        <p xml:space="preserve">
          <span class="bold">表示注意到</span>外层空间活动机构间会议(联合国空间会议)就政府专家组报告执行情况编写的特别报告及其所载建议，报告已于2016年提交和平利用外层空间委员会第五十九届会议，<authorialNote marker="7" placement="bottom" eId="authorialNote_7"><p xml:space="preserve"><a href="https://undocs.org/ch/A/AC.105/1116">A/AC.105/1116</a>。</p></authorialNote></p>
      </container>
      <container name="欣见" eId="container_17">
        <p xml:space="preserve">
          <span class="bold">欣见</span>2014年10月20日至11月7日国际电信联盟在大韩民国釜山召开的2014年全权代表会议上通过的关于加强电联在外层空间活动中的透明度和建立信任措施方面的作用的2014年11月7日第186号决议，</p>
      </container>
    </preamble>
    <mainBody>
      <paragraph eId="para_18" class="MercuryDocument">
        <num>	1.</num>
        <content eId="para_18__content">
          <p xml:space="preserve">
            <span class="bold">强调指出</span>大会2013年12月5日审议的外层空间活动中的透明度和建立信任措施问题政府专家组报告的说明至关重要；<sup>5</sup></p>
        </content>
      </paragraph>
      <paragraph eId="para_19" class="MercuryDocument">
        <num>	2.</num>
        <content eId="para_19__content">
          <p xml:space="preserve">
            <span class="bold">鼓励</span>会员国继续通过相关国家机制在符合其国家利益的情况下，尽最大可能自愿审查和执行报告所载拟议透明度和建立信任措施；</p>
        </content>
      </paragraph>
      <paragraph eId="para_20" class="MercuryDocument">
        <num>	3.</num>
        <content eId="para_20__content">
          <p xml:space="preserve">
            <span class="bold">又鼓励</span>会员国根据报告所载建议，为促进切实落实透明度和建立信任措施，就和平利用外层空间委员会、裁军审议委员会和裁军谈判会议执行这些措施的前景定期进行讨论；</p>
        </content>
      </paragraph>
      <paragraph eId="para_21" class="MercuryDocument">
        <num>	4.</num>
        <content eId="para_21__content">
          <p xml:space="preserve">
            <span class="bold">请</span>根据第<a href="https://undocs.org/ch/A/RES/68/50">68/50</a>号决议向其分发报告的联合国系统相关实体和组织酌情协助有效执行报告所载结论和建议；</p>
        </content>
      </paragraph>
      <paragraph eId="para_22" class="MercuryDocument">
        <num>	5.</num>
        <content eId="para_22__content">
          <p xml:space="preserve">
            <span class="bold">鼓励</span>联合国系统相关实体和组织酌情就报告所载建议的相关事项进行协调；</p>
        </content>
      </paragraph>
      <paragraph eId="para_23" class="MercuryDocument">
        <num>	6.</num>
        <content eId="para_23__content">
          <p xml:space="preserve">
            <span class="bold">强调</span>裁军审议委员会应继续开展工作，为切实执行外层空间活动透明度和建立信任措施以防止外层空间军备竞赛拟订建议；</p>
        </content>
      </paragraph>
      <paragraph eId="para_24" class="MercuryDocument">
        <num>	7.</num>
        <content eId="para_24__content">
          <p xml:space="preserve">
            <span class="bold">欣见</span>第一委员会和第四委员会根据报告及大会第<a href="https://undocs.org/ch/A/RES/69/38">69</a><a href="https://undocs.org/ch/A/RES/69/38">/</a><a href="https://undocs.org/ch/A/RES/69/38">38</a>和<a href="https://undocs.org/ch/A/RES/71/90">71/90</a>号决议分别于2015年10月22日和2017年10月12日召开关于空间安全和可持续性方面可能挑战的联合特别会议，并欣见两次会议期间就外层空间安全的各个方面进行了实质性意见交流；</p>
        </content>
      </paragraph>
      <paragraph eId="para_25" class="MercuryDocument">
        <num>	8.</num>
        <content eId="para_25__content">
          <p xml:space="preserve">
            <span class="bold">又欣见</span>第一委员会和第四委员会在大会第七十四届会议期间举行了为期半天的应对空间安全和可持续性可能面临的挑战的联合小组讨论；</p>
        </content>
      </paragraph>
      <paragraph eId="para_26" class="MercuryDocument">
        <num>	9.</num>
        <content eId="para_26__content">
          <p xml:space="preserve">
            <span class="bold">促请</span>会员国以及联合国系统有关实体和组织支持执行报告中的所有结论和建议；</p>
        </content>
      </paragraph>
      <paragraph eId="para_27" class="MercuryDocument">
        <num>	10.</num>
        <content eId="para_27__content">
          <p xml:space="preserve">
            <span class="bold">回顾</span>秘书长关于联合国系统外层空间活动中的透明度和建立信任措施的报告，报告载有从会员国收到的有关外层空间活动中的透明度和建立信任措施的看法的摘要；<authorialNote marker="8" placement="bottom" eId="authorialNote_8"><p xml:space="preserve"><a href="https://undocs.org/ch/A/72/65">A/72/65</a>和<a href="https://undocs.org/ch/A/72/65/Add.1">A/72/65/Add.1</a>。</p></authorialNote></p>
        </content>
      </paragraph>
      <paragraph eId="para_28" class="MercuryDocument">
        <num>	11.</num>
        <content eId="para_28__content">
          <p xml:space="preserve">
            <span class="bold">邀请</span>会员国继续向相关论坛提交根据政府专家组报告所载建议在单边、双边、区域和多边各级执行的具体的外层空间活动中的透明度和建立信任措施；</p>
        </content>
      </paragraph>
      <paragraph eId="para_29" class="MercuryDocument">
        <num>	12.</num>
        <content eId="para_29__content">
          <p xml:space="preserve">
            <span class="bold">决定</span>在大会第七十五届会议临时议程题为“全面彻底裁军”的项目下列入题为“外层空间活动中的透明度和建立信任措施”的分项。</p>
        </content>
      </paragraph>
    </mainBody>
    <conclusions eId="conclusions">
      <p>
        <inline name="adoptionMeeting" title="第46次">第46次全体会议</inline>
        <eol />
        <docDate date="2019-12-12" refersTo="#adoptionDate">2019年12月12日</docDate>
      </p>
    </conclusions>
  </statement>
</akomaNtoso>