<akomaNtoso xmlns:xsi="http://www.w3.org/2001/XMLSchema-instance" xsi:schemaLocation="http://docs.oasis-open.org/legaldocml/ns/akn/3.0 http://docs.oasis-open.org/legaldocml/akn-core/v1.0/os/part2-specs/schemas/akomantoso30.xsd" xmlns="http://docs.oasis-open.org/legaldocml/ns/akn/3.0" xmlns:html="http://www.w3.org/1999/xhtml" xmlns:akn4un="http://un.org/akn4un">
  <statement name="resolution">
    <meta>
      <identification source="#DGACM">
        <FRBRWork>
          <FRBRthis value="/akn/un/statement/deliberation/unga/2019-12-12/74-73/!main/"></FRBRthis>
          <FRBRuri value="/akn/un/statement/deliberation/unga/2019-12-12/74-73/"></FRBRuri>
          <FRBRdate date="2019-12-12" name="adoption"></FRBRdate>
          <FRBRauthor href="ga" as="author"></FRBRauthor>
          <FRBRcountry value="un"></FRBRcountry>
        </FRBRWork>
        <FRBRExpression>
          <FRBRthis value="/akn/un/statement/deliberation/unga/2019-12-12/74-73/zho@!main/"></FRBRthis>
          <FRBRuri value="/akn/un/statement/deliberation/unga/2019-12-12/74-73/zho@/"></FRBRuri>
          <FRBRdate date="2019-12-23" name="publication"></FRBRdate>
          <FRBRauthor href="ga" as="issuer"></FRBRauthor>
          <FRBRlanguage language="zho"></FRBRlanguage>
        </FRBRExpression>
        <FRBRManifestation>
          <FRBRthis value="/akn/un/statement/deliberation/unga/2019-12-12/74-73/zho@/!main.xml"></FRBRthis>
          <FRBRuri value="/akn/un/statement/deliberation/unga/2019-12-12/74-73/zho@.xml"></FRBRuri>
          <FRBRdate date="2020-09-01" name="markup"></FRBRdate>
          <FRBRauthor href="DGACM" as="editor"></FRBRauthor>
        </FRBRManifestation>
      </identification>
      <classification source="http://metadata.un.org/sdg">
        <keyword value="16" href="http://metadata.un.org/sdg/16" showAs="sdg_16" dictionary="SDGO"></keyword>
        <keyword value="right_to_justice" href="http://eurovoc.europa.eu/516" showAs="right_to_justice" dictionary="EuroVoc"></keyword>
        <keyword value="sustainable_development" href="http://eurovoc.europa.eu/5585" showAs="sustainable_development" dictionary="EuroVoc"></keyword>
        <keyword value="civil_society" href="http://metadata.un.org/thesaurus/1001012" showAs="civil_society" dictionary="UNBIS Thesaurus"></keyword>
        <keyword value="justice" href="http://metadata.un.org/thesaurus/1003500" showAs="justice" dictionary="UNBIS Thesaurus"></keyword>
        <keyword value="peaceful_coexistence" href="http://metadata.un.org/thesaurus/1004777" showAs="peaceful_coexistence" dictionary="UNBIS Thesaurus"></keyword>
        <keyword value="public_institutions" href="http://metadata.un.org/thesaurus/1005254" showAs="public_institutions" dictionary="UNBIS Thesaurus"></keyword>
        <keyword value="social_justice" href="http://metadata.un.org/thesaurus/1005970" showAs="social_justice" dictionary="UNBIS Thesaurus"></keyword>
        <keyword value="sustainable_development" href="http://metadata.un.org/thesaurus/1006319" showAs="sustainable_development" dictionary="UNBIS Thesaurus"></keyword>
      </classification>
      <classification source="http://metadata.un.org/sdg">
        <keyword value="6" href="http://metadata.un.org/sdg/6" showAs="sdg_6" dictionary="SDGO"></keyword>
        <keyword value="water" href="http://eurovoc.europa.eu/597" showAs="water" dictionary="EuroVoc"></keyword>
        <keyword value="public_hygiene" href="http://eurovoc.europa.eu/3371" showAs="public_hygiene" dictionary="EuroVoc"></keyword>
        <keyword value="use_of_water" href="http://eurovoc.europa.eu/4628" showAs="use_of_water" dictionary="EuroVoc"></keyword>
        <keyword value="water" href="http://metadata.un.org/thesaurus/030500" showAs="water" dictionary="UNBIS Thesaurus"></keyword>
        <keyword value="sanitation" href="http://metadata.un.org/thesaurus/1005701" showAs="sanitation" dictionary="UNBIS Thesaurus"></keyword>
        <keyword value="water_management" href="http://metadata.un.org/thesaurus/1006948" showAs="water_management" dictionary="UNBIS Thesaurus"></keyword>
      </classification>
      <classification source="http://metadata.un.org/sdg">
        <keyword value="5" href="http://metadata.un.org/sdg/5" showAs="sdg_5" dictionary="SDGO"></keyword>
        <keyword value="gender_equality" href="http://eurovoc.europa.eu/3913" showAs="gender_equality" dictionary="EuroVoc"></keyword>
        <keyword value="participation_of_women" href="http://eurovoc.europa.eu/2265" showAs="participation_of_women" dictionary="EuroVoc"></keyword>
        <keyword value="women&amp;#39;s_rights" href="http://eurovoc.europa.eu/585" showAs="women&amp;#39;s_rights" dictionary="EuroVoc"></keyword>
        <keyword value="position_of_women" href="http://eurovoc.europa.eu/81" showAs="position_of_women" dictionary="EuroVoc"></keyword>
        <keyword value="women" href="http://metadata.un.org/thesaurus/1007029" showAs="women" dictionary="UNBIS Thesaurus"></keyword>
        <keyword value="gender_equality" href="http://metadata.un.org/thesaurus/1002612" showAs="gender_equality" dictionary="UNBIS Thesaurus"></keyword>
        <keyword value="girls" href="http://metadata.un.org/thesaurus/1002684" showAs="girls" dictionary="UNBIS Thesaurus"></keyword>
      </classification>
      <workflow source="#un">
        <step date="2019-10-18" outcome="draftResolution" as="A/C.1/74/L.61" by="Democratic Republic of the Congo (on behalf of the States Members of the United Nations that are members of the UN Standing Advisory Committee on Security Questions in Central Africa)" />
        <step date="0001-01-01" outcome="draftResolutionAdditionalSponsors" by="" />
        <step date="0001-01-01" outcome="recommendedForAdoption" as="A/74/369" by="" refersTo="19" />
        <step date="2019-12-12" outcome="adopted" as="A/74/PV.46" by="" />
      </workflow>
      <analysis source="#un">
        <parliamentary>
          <voting outcome="adoptedWithoutVote">
            <quorum value=""></quorum>
          </voting>
        </parliamentary>
      </analysis>
      <references source="#DGACM">
        <TLCOrganization eId="source" href="/akn/ontology/organization/un/DGACM" showAs="DGACM"></TLCOrganization>
        <TLCConcept eId="dateOfIssuance" href="/akn/ontology/concept/un/dateOfIssuance" showAs="Date of issuance"></TLCConcept>
        <TLCConcept eId="dateOfAdoption" href="/akn/ontology/concept/un/dateOfAdoption" showAs="Date of adoption"></TLCConcept>
        <TLCConcept eId="symbol" href="/akn/ontology/reference/un/symbol" showAs="Symbol"></TLCConcept>
        <TLCRole eId="publisher" href="/akn/ontology/role/un/publisher" showAs="Publisher"></TLCRole>
        <TLCRole eId="issuingBody" href="/akn/role/concept/un/issuingBody" showAs="Issuing body"></TLCRole>
        <TLCRole eId="author" href="/akn/ontology/role/un/author" showAs="Author"></TLCRole>
        <TLCRole eId="editor" href="/akn/ontology/role/un/editor" showAs="Editor"></TLCRole>
        <TLCRole eId="distribution" href="/akn/ontology/concept/un/generalDistribution" showAs="General distribution"></TLCRole>
        <TLCOrganization eId="ga" href="/akn/ontology/organization/un/generalAssembly" showAs="General Assembly"></TLCOrganization>
        <TLCTerm eId="resolutionTitle" href="/akn/ontology/reference/un/resolutionTitle" showAs="Resolution title"></TLCTerm>
        <TLCTerm eId="firstCommittee" href="#firstCommittee" showAs="第一委员会"></TLCTerm>
        <TLCTerm eId="memberState" href="/akn/ontology/organization/un/memberState" showAs="Member State"></TLCTerm>
        <TLCTerm eId="inFavour" href="/akn/ontology/concept/un/voting/inFavour" showAs="In favour"></TLCTerm>
        <TLCTerm eId="against" href="/akn/ontology/concept/un/voting/against" showAs="Against"></TLCTerm>
        <TLCTerm eId="abstaining" href="/akn/ontology/concept/un/voting/abstaining" showAs="Abstaining"></TLCTerm>
      </references>
      <presentation source="#un">
        <akn4un:footerFirstPage>
          <akn4un:footerFirstPageLeft>
            <akn4un:internalCode>
              <docketNumber refersTo="#publicationJobNumber">19-21874 (C)</docketNumber>
              <img alt="bar code" class="barCode" src=""></img>
            </akn4un:internalCode>
          </akn4un:footerFirstPageLeft>
          <akn4un:footerFirstPageRight>
            <img alt="Please recycle" class="image" src="./recylcleLogo.jpg"></img>
            <img alt="embedded QR code" class="qrCode" src=""></img>
          </akn4un:footerFirstPageRight>
        </akn4un:footerFirstPage>
      </presentation>
    </meta>
    <coverPage eId="coverPage_1">
      <p>
        <span refersTo="#publisher" class="upperLeft">
          <docAuthority refersTo="#publisher">联合国</docAuthority>
        </span>
      </p>
      <p class="upperRight">
        <docNumber refersTo="#symbol">A/RES/74/73</docNumber>
      </p>
      <p class="upperLeft">
        <img src="logo-un.jpg"></img>
        <docAuthority refersTo="#issuingBody" class="rightBig">大会</docAuthority>
      </p>
      <p>
        <docStatus refersTo="#generalDistribution" class="rightSmall">Distr.: General</docStatus>
      </p>
      <p>
        <docDate date="2019-12-23" class="rightSmall" refersTo="#dateOfIssuance">23 December 2019</docDate>
      </p>
      <p>
        <session refersTo="#generalAssembly" value="74" eId="coverPage_1__session_1">第七十四届会议</session>
      </p>
      <p>
        <inline name="agenda item">议程项目99(e)</inline>
      </p>
      <p>
        <inline name="agenda item name">审查和执行大会第十二届特别会议的《结论文件》：区域建立信任措施：联合国中部非洲安全问题常设咨询委员会的活动</inline>
      </p>
      <p>
        <docTitle>2019年12月12日大会决议</docTitle>
      </p>
      <p xml:space="preserve">
        <docProponent refersTo="#firstCommittee">[根据第一委员会的报告 (<inline name="originating document">A/74/369</inline>)]</docProponent>
      </p>
    </coverPage>
    <preface>
      <p>
        <docNumber>74/73.</docNumber>
        <docTitle refersTo="#resolutionTitle">区域建立信任措施：联合国中部非洲安全问题常设咨询委员会的活动</docTitle>
      </p>
    </preface>
    <preamble>
      <formula name="enactingFormula" eId="formula_1">
        <p xml:space="preserve">
          <span class="bold">大会</span>，</p>
      </formula>
      <container name="回顾" eId="container_2">
        <p xml:space="preserve">
          <span class="bold">回顾</span>其以往各项相关决议，特别是2018年12月5日第<a href="https://undocs.org/ch/A/RES/73/78">73/78</a>号决议，</p>
      </container>
      <container name="又回顾" eId="container_3">
        <p xml:space="preserve">
          <span class="bold">又回顾</span>大会第十届特别会议，即第一届专门讨论裁军问题的特别会议通过的关于全面彻底裁军的各项指导原则，</p>
      </container>
      <container name="铭记" eId="container_4">
        <p xml:space="preserve">
          <span class="bold">铭记</span>秘书长于1992年5月28日设立联合国中部非洲安全问题常设咨询委员会，目的在于促进中部非洲次区域的军备限制、裁军、不扩散和发展，</p>
      </container>
      <container name="回顾" eId="container_5">
        <p xml:space="preserve">
          <span class="bold">回顾</span>常设咨询委员会的宗旨是通过采取建立信任和限制军备措施等方式，在成员国之间开展中部非洲重建和建立信任活动，</p>
      </container>
      <container name="重申" eId="container_6">
        <p xml:space="preserve">
          <span class="bold">重申</span>常设咨询委员会作为促进中部非洲和平与安全次区域架构中预防外交工具的重要性和现实性，</p>
      </container>
      <container name="铭记" eId="container_7">
        <p xml:space="preserve">
          <span class="bold">铭记</span>要振兴2017年5月29日至6月2日在雅温得举行的常设咨询委员会第四十四次部长级会议决定的活动，以增进对实现中部非洲和平、安全与发展目标的贡献，</p>
      </container>
      <container name="注意到" eId="container_8">
        <p xml:space="preserve">
          <span class="bold">注意到</span>《中部非洲管制小武器和轻武器及其弹药和可用于制造、修理或组装这类武器的零部件的公约》(《金沙萨公约》)<authorialNote marker="1" placement="bottom" eId="authorialNote_1"><p xml:space="preserve">		见<a href="https://undocs.org/ch/A/65/517">A/65/517-S/2010/534</a>，附件。</p></authorialNote> 于2017年3月8日生效，以及武器贸易条约缔约国第三次会议于2017年9月11日至15日在日内瓦举行，</p>
      </container>
      <container name="深信" eId="container_9">
        <p xml:space="preserve">
          <span class="bold">深信</span>裁军、包括区域裁军释放的资源可用于经济社会发展和环境保护，以造福于全世界人民，特别是发展中国家人民，</p>
      </container>
      <container name="欢迎" eId="container_10">
        <p xml:space="preserve">
          <span class="bold">欢迎</span>常设咨询委员成员国在2015年11月23日至27日在利伯维尔举行的第四十一次部长级会议期间于2015年11月26日通过《关于通过和执行中部非洲打击恐怖主义及小武器和轻武器贩运区域战略和行动计划的利伯维尔宣言》，<authorialNote marker="2" placement="bottom" eId="authorialNote_2"><p xml:space="preserve">		见<a href="https://undocs.org/ch/A/70/682">A/70/682-S/2016/39</a>，附件3。</p></authorialNote></p>
      </container>
      <container name="又欢迎" eId="container_11">
        <p xml:space="preserve">
          <span class="bold">又欢迎</span>常设咨询委员会第四十四次部长级会议通过中部非洲国家经济共同体主持的区域战略的行动计划和执行时间表，</p>
      </container>
      <container name="考虑到" eId="container_12">
        <p xml:space="preserve">
          <span class="bold">考虑到</span>在所有有关国家主动倡议和进行参与的情况下采取的顾及每个区域具体特点的建立信任措施十分重要和有效，这种措施能够对区域稳定及国际和平与安全作出贡献，</p>
      </container>
      <container name="深信" eId="container_13">
        <p xml:space="preserve">
          <span class="bold">深信</span>只有在国家内部和国家之间和平、安全与互信的气氛中才能实现发展，</p>
      </container>
      <container name="回顾" eId="container_14">
        <p xml:space="preserve">
          <span class="bold">回顾</span>2019年5月27日至31日在金沙萨举行的常设咨询委员会第四十八次部长级会议的公报、<authorialNote marker="3" placement="bottom" eId="authorialNote_3"><p xml:space="preserve"><a href="https://undocs.org/ch/A/73/967">A/73/967-S/2019/613</a>，附件，附文一。</p></authorialNote> 《合作促进中部非洲和平与安全布拉柴维尔宣言》、<authorialNote marker="4" placement="bottom" eId="authorialNote_4"><p xml:space="preserve"><a href="https://undocs.org/ch/A/50/474">A/50/474</a>，附件一。</p></authorialNote> 《促进中部非洲持久民主、和平与发展巴塔宣言》<authorialNote marker="5" placement="bottom" eId="authorialNote_5"><p xml:space="preserve"><a href="https://undocs.org/ch/A/53/258">A/53/258-S/1998/763</a>，附件二，附录一。</p></authorialNote> 以及《关于中部非洲和平、安全和稳定的雅温得宣言》，<authorialNote marker="6" placement="bottom" eId="authorialNote_6"><p xml:space="preserve"><a href="https://undocs.org/ch/A/53/868">A/53/868-S/1999/303</a>，附件二。</p></authorialNote></p>
      </container>
      <container name="铭记" eId="container_15">
        <p xml:space="preserve">
          <span class="bold">铭记</span>安全理事会在审议秘书长关于非洲冲突起因和促进持久和平与可持续发展的报告<authorialNote marker="7" placement="bottom" eId="authorialNote_7"><p xml:space="preserve"><a href="https://undocs.org/ch/A/52/871">A/52/871-S/1998/318</a>。</p></authorialNote> 后，分别于1998年9月16日和18日通过的第<a href="https://undocs.org/ch/S/RES/1196(1998)">1196(1998)</a>和<a href="https://undocs.org/ch/S/RES/1197(1998)">1197(1998)</a>号决议，</p>
      </container>
      <container name="欢迎" eId="container_16">
        <p xml:space="preserve">
          <span class="bold">欢迎</span>2013年6月24日至25日在雅温得举行的几内亚湾海上安全和安保问题国家元首和政府首脑峰会圆满结束，几内亚湾海上安保区域间协调中心于2014年9月11日在雅温得启用，执法官员上任后区域间协调中心于2017年2月22日在雅温得投入有效运作，中部非洲海上安保区域中心新办公室于2014年10月20日在刚果黑角港启用，多国海上协调中心于2015年3月在贝宁科托努启用，以及非洲联盟关于非洲海上安保和安全与发展问题国家元首和政府首脑特别峰会于2016年10月15日在洛美结束，</p>
      </container>
      <container name="回顾" eId="container_17">
        <p xml:space="preserve">
          <span class="bold">回顾</span>其2015年7月30日第<a href="https://undocs.org/ch/A/RES/69/314">69/314</a>号决议，即处理非法贩运野生动物问题的第一项决议，以及2016年9月9日第<a href="https://undocs.org/ch/A/RES/70/301">70/301</a>号和2017年9月11日第<a href="https://undocs.org/ch/A/RES/71/326">71/326</a>号和2019年9月16日第<a href="https://undocs.org/ch/A/RES/73/343">7</a><a href="https://undocs.org/ch/A/RES/73/343">3/343</a>号决议，并欢迎在大会第六十八和六十九届会议高级别部分期间由加蓬和德国主持召开的偷猎和非法贩运野生动物问题高级别会议取得的成果，</p>
      </container>
      <container name="强调" eId="container_18">
        <p xml:space="preserve">
          <span class="bold">强调</span>必须加强非洲早期预警、预防冲突和维持和平的能力，并在这方面表示注意到秘书处政治和建设和平事务部协助开展的预防冲突具体举措，</p>
      </container>
      <container name="欢迎" eId="container_19">
        <p xml:space="preserve">
          <span class="bold">欢迎</span>联合国中部非洲区域办事处与中部非洲国家经济共同体开展密切合作并于2016年6月14日签署了两个实体之间的合作框架协议，</p>
      </container>
      <container name="铭记" eId="container_20">
        <p xml:space="preserve">
          <span class="bold">铭记</span>常设咨询委员会日益重视人的安全问题，例如人口贩运特别是妇女和儿童贩运问题，认为这是次区域和平、安全和预防冲突的一项重大关切，并欢迎大会第七十二届会议在大会关于评估联合国全球行动计划高级别会议之后通过关于执行《联合国打击贩运人口的全球行动计划》的政治宣言，<authorialNote marker="8" placement="bottom" eId="authorialNote_8"><p xml:space="preserve">		第<a href="https://undocs.org/ch/A/RES/72/1">72/1</a>号决议。</p></authorialNote></p>
      </container>
      <container name="表示注意到" eId="container_21">
        <p xml:space="preserve">
            <span class="bold">表示持续关注</span>中非共和国及其受影响邻国的脆弱局势，指出必须通过在中非共和国执行《非洲和平与和解倡议》促进政治进程，以便特别在保护平民、前战斗人员解除武装、复员和重返社会以及巩固国家权威等方面取得实际进展，</p>
      </container>
      <container name="表示注意到" eId="container_22">
        <p xml:space="preserve">
          <span class="bold">表示注意到</span>《关于中非共和国局势的基加利宣言》，<authorialNote marker="9" placement="bottom" eId="authorialNote_9"><p xml:space="preserve"><a href="https://undocs.org/ch/A/73/224">A/73/224</a>，附件一。</p></authorialNote> 强调中非共和国局势对区域安全的影响，并重申常设咨询委员会成员国承诺支持执行非洲联盟和平与和解路线图，包括为此提供财政支持与合作，更有效地消除该国不稳定的风险，</p>
      </container>
      <container name="又表示注意到" eId="container_23">
        <p xml:space="preserve">
          <span class="bold">又表示注意到</span>《关于建立信任措施的布拉柴维尔宣言》，<authorialNote marker="10" placement="bottom" eId="authorialNote_10"><p xml:space="preserve">		同上，附件四。</p></authorialNote> 并表示关切雇佣军问题已成为一个重大安全问题，破坏了常设咨询委员会成员国之间的信任并造成关系紧张，</p>
      </container>
      <container name="表示关切" eId="container_24">
        <p xml:space="preserve">
          <span class="bold">表示关切</span>跨界犯罪活动，特别是上帝抵抗军的活动、博科哈拉姆在乍得湖流域地区的恐怖袭击和几内亚湾海盗事件、非法开采自然资源以及季节性转移放牧及其引起的跨界安全问题，对中部非洲和平、安全和发展的影响日益加剧，</p>
      </container>
      <container name="欢迎" eId="container_25">
        <p xml:space="preserve">
          <span class="bold">欢迎</span>乍得湖流域委员会成员国和贝宁在使多国联合特遣部队投入运作、有效打击博科哈拉姆恐怖主义团伙对乍得湖流域地区的威胁方面取得的进展，</p>
      </container>
      <container name="又欢迎" eId="container_26">
        <p xml:space="preserve">
          <span class="bold">又欢迎</span>乍得湖流域委员会在非洲联盟支持下于2018年8月30日在阿布贾通过了《乍得湖流域受博科哈拉姆影响地区的稳定、恢复和复原区域战略》，</p>
      </container>
      <container name="铭记" eId="container_27">
        <p xml:space="preserve">
          <span class="bold">铭记</span>安全理事会2017年3月31日第<a href="https://undocs.org/ch/S/RES/2349(2017)">2349(2017)</a>号决议，其中安理会呼吁除其他外增加对该区域各国的援助，</p>
      </container>
      <container name="考虑到" eId="container_28">
        <p xml:space="preserve">
          <span class="bold">考虑到</span>急需防止萨赫勒和中部非洲次区域邻国冲突中使用的非法武器、雇佣军和战斗人员的可能流动，</p>
      </container>
    </preamble>
    <mainBody>
      <paragraph eId="para_29" class="MercuryDocument">
        <num>	1.</num>
        <content eId="para_29__content">
          <p xml:space="preserve">
            <span class="bold">重申支持</span>旨在推动区域和次区域建立信任措施以缓和中部非洲紧张局势和冲突、推动该次区域的可持续和平、稳定与发展的努力；</p>
        </content>
      </paragraph>
      <paragraph eId="para_30" class="MercuryDocument">
        <num>	2.</num>
        <content eId="para_30__content">
          <p xml:space="preserve">
            <span class="bold">欢迎和鼓励</span>联合国中部非洲安全问题常设咨询委员会成员国采取主动行动，与中部非洲国家经济共同体，特别是国防和安全委员会进一步加强协作形成合力，包括举行非公开会议，以推动执行常设咨询委员会通过的中部非洲打击恐怖主义及小武器和轻武器贩运的区域战略；</p>
        </content>
      </paragraph>
      <paragraph eId="para_31" class="MercuryDocument">
        <num>	3.</num>
        <content eId="para_31__content">
          <p xml:space="preserve">
            <span class="bold">欢迎</span>常设咨询委员会通过《关于中部非洲和平与安全理事会改革的基加利宣言》，<authorialNote marker="11" placement="bottom" eId="authorialNote_11"><p xml:space="preserve">		同上，附件二。</p></authorialNote> 并敦促常设咨询委员会成员国和国际社会提供技术和财政支持，加快该理事会的改革；</p>
        </content>
      </paragraph>
      <paragraph eId="para_32" class="MercuryDocument">
        <num>	4.</num>
        <content eId="para_32__content">
          <p xml:space="preserve">
            <span class="bold">又欢迎</span>常设咨询委员会及其秘书处正在努力执行2017年12月4日至8日在基加利举行的委员会第四十五次部长级会议通过的传播战略，并鼓励会员国和其他伙伴与民间社会合作，支持旨在提高委员会可见度，包括在次区域人民中间的可见度的举措；</p>
        </content>
      </paragraph>
      <paragraph eId="para_33" class="MercuryDocument">
        <num>	5.</num>
        <content eId="para_33__content">
          <p xml:space="preserve">
            <span class="bold">重申</span>次区域各国在联合国、非洲联盟和其他国际合作伙伴支持下执行的中部非洲裁军和军备控制方案十分重要；</p>
        </content>
      </paragraph>
      <paragraph eId="para_34" class="MercuryDocument">
        <num>	6.</num>
        <content eId="para_34__content">
          <p xml:space="preserve">
            <span class="bold">鼓励</span>会员国向常设咨询委员会中已经批准《武器贸易条约》<authorialNote marker="12" placement="bottom" eId="authorialNote_12"><p xml:space="preserve">		见第<a href="https://undocs.org/ch/A/RES/67/234">67/234</a> B号决议。</p></authorialNote> 的成员国提供协助，并鼓励尚未批准《武器贸易条约》的成员国批准该条约；</p>
        </content>
      </paragraph>
      <paragraph eId="para_35" class="MercuryDocument">
        <num>	7.</num>
        <content eId="para_35__content">
          <p xml:space="preserve">
            <span class="bold">鼓励</span>常设咨询委员会成员国和其他感兴趣的国家提供财政支持，协助执行《中部非洲管制小武器和轻武器及其弹药和一切用于制造、维修或组装此类武器的零部件公约》(《金沙萨公约》)，1 并鼓励尚未批准《公约》的签署国批准《公约》；</p>
        </content>
      </paragraph>
      <paragraph eId="para_36" class="MercuryDocument">
        <num>	8.</num>
        <content eId="para_36__content">
          <p xml:space="preserve">
            <span class="bold">欢迎</span>根据《金沙萨公约》第34条第3款于2018年6月11日至13日在雅温得举行中部非洲管制小武器和轻武器及其弹药和可用于制造、修理或组装这类武器的零部件的公约缔约国第一次会议；</p>
        </content>
      </paragraph>
      <paragraph eId="para_37" class="MercuryDocument">
        <num>	9.</num>
        <content eId="para_37__content">
          <p xml:space="preserve">
            <span class="bold">鼓励</span>会员国尽快协助《金沙萨公约》缔约国为在区域和国家两级控制小武器和轻武器开展协调活动，包括为活动提供经费；</p>
        </content>
      </paragraph>
      <paragraph eId="para_38" class="MercuryDocument">
        <num>	10.</num>
        <content eId="para_38__content">
          <p xml:space="preserve">
            <span class="bold">重申</span>支持《联合国全球反恐战略》<authorialNote marker="13" placement="bottom" eId="authorialNote_13"><p xml:space="preserve">		第<a href="https://undocs.org/ch/A/RES/60/288">60/288</a>号决议。</p></authorialNote> 及其四个支柱，其实施是一项持续进行的工作，并促请会员国、联合国以及其他有关的国际、区域和次区域组织进一步努力，全面、均衡地实施《战略》的各个方面；</p>
        </content>
      </paragraph>
      <paragraph eId="para_39" class="MercuryDocument">
        <num>	11.</num>
        <content eId="para_39__content">
          <p xml:space="preserve">
            <span class="bold">敦促</span>常设咨询委员会成员国执行《关于通过和执行关于中部非洲打击恐怖主义及小武器和轻武器贩运区域战略和行动计划的利伯维尔宣言》，<sup>2</sup> 并请联合国中部非洲区域办事处、联合国和平与裁军非洲区域中心、安全理事会关于反恐怖主义的第<a href="https://undocs.org/ch/S/RES/1373(2001)">1373(2001)</a>号决议所设委员会及国际社会支持这些措施；</p>
        </content>
      </paragraph>
      <paragraph eId="para_40" class="MercuryDocument">
        <num>	12.</num>
        <content eId="para_40__content">
          <p xml:space="preserve">
            <span class="bold">敦促</span>中部非洲国家经济共同体成员国执行中部非洲打击恐怖主义及小武器和轻武器贩运综合战略和行动计划，并请联合国中部非洲区域办事处支持中部非洲国家经济共同体成员国为此作出的努力；</p>
        </content>
      </paragraph>
      <paragraph eId="para_41" class="MercuryDocument">
        <num>	13.</num>
        <content eId="para_41__content">
          <p xml:space="preserve">
            <span class="bold">欢迎</span>2018年7月30日在洛美与非洲联盟委员会协调举行的西非国家经济共同体和中部非洲国家经济共同体关于和平、安全、稳定以及打击恐怖主义和暴力极端主义的国家元首和政府首脑联合峰会，并欢迎联合峰会通过的《关于和平、安全、稳定以及打击恐怖主义和暴力极端主义的洛美宣言》；</p>
        </content>
      </paragraph>
      <paragraph eId="para_42" class="MercuryDocument">
        <num>	14.</num>
        <content eId="para_42__content">
          <p xml:space="preserve">
            <span class="bold">鼓励</span>中部非洲国家经济共同体和西非国家经济共同体共同努力执行《洛美宣言》；</p>
        </content>
      </paragraph>
      <paragraph eId="para_43" class="MercuryDocument">
        <num>	15.</num>
        <content eId="para_43__content">
          <p xml:space="preserve">
            <span class="bold">鼓励</span>常设咨询委员会成员国执行其在历次部长级会议上通过的活动方案，并请联合国中部非洲区域办事处继续提供支持；</p>
        </content>
      </paragraph>
      <paragraph eId="para_44" class="MercuryDocument">
        <num>	16.</num>
        <content eId="para_44__content">
          <p xml:space="preserve">
            <span class="bold">呼吁</span>国际社会支持有关国家为执行解除武装、复员和重返社会方案作出的努力，并敦促有关国家确保此类方案考虑到与前战斗人员有关联的妇女和儿童的需要；</p>
        </content>
      </paragraph>
      <paragraph eId="para_45" class="MercuryDocument">
        <num>	17.</num>
        <content eId="para_45__content">
          <p xml:space="preserve">
            <span class="bold">欢迎</span>喀麦隆和刚果作出努力，分别向几内亚湾海事安全区域间协调中心和中部非洲区域海事安全中心提供援助，并敦促其他成员国履行财政义务确保两个中心以可预测、可持续的方式运行；</p>
        </content>
      </paragraph>
      <paragraph eId="para_46" class="MercuryDocument">
        <num>	18.</num>
        <content eId="para_46__content">
          <p xml:space="preserve">
            <span class="bold">鼓励</span>会员国继续执行几内亚湾海上安全安保问题国家元首和政府首脑峰会的成果，使几内亚湾海事安全区域间协调中心以及中部非洲区域海事安全中心投入运作，并鼓励执行非洲联盟关于非洲海上安保安全与发展问题国家元首和政府首脑特别峰会通过的《关于非洲海上安全安保与发展问题的宪章》；</p>
        </content>
      </paragraph>
      <paragraph eId="para_47" class="MercuryDocument">
        <num>	19.</num>
        <content eId="para_47__content">
          <p xml:space="preserve">
            <span class="bold">促请</span>会员国和次区域机构立即采取一致行动，包括执行第<a href="https://undocs.org/ch/A/RES/69/314">69/314</a>号、<a href="https://undocs.org/ch/A/RES/70/301">70/301</a>号、<a href="https://undocs.org/ch/A/RES/71/326">71/326</a>号和<a href="https://undocs.org/ch/A/RES/73/343">7</a><a href="https://undocs.org/ch/A/RES/73/343">3/343</a>号决议的规定，打击偷猎以及贩运野生动物和自然资源现象；</p>
        </content>
      </paragraph>
      <paragraph eId="para_48" class="MercuryDocument">
        <num>	20.</num>
        <content eId="para_48__content">
          <p xml:space="preserve">	欢迎中非国家经济共同体和西非国家经济共同体国家元首和政府首脑决心在管理畜牧业和跨界季节性转移放牧出台共同政策和联合方案；</p>
        </content>
      </paragraph>
      <paragraph eId="para_49" class="MercuryDocument">
        <num>	21.</num>
        <content eId="para_49__content">
          <p xml:space="preserve">
            <span class="bold">鼓励</span>建立社区监管机制，并呼吁举行一次高级别会议，讨论与畜牧业和跨界转移放牧有关的问题，以确保联合进行全面管理；</p>
        </content>
      </paragraph>
      <paragraph eId="para_50" class="MercuryDocument">
        <num>	22.</num>
        <content eId="para_50__content">
          <p xml:space="preserve">
            <span class="bold">表示全力支持</span>联合国、非洲联盟和中部非洲国家经济共同体的努力，强调中部非洲国家经济共同体持续改革十分重要，并鼓励常设咨询委员会成员国和国际社会支持这项改革；</p>
        </content>
      </paragraph>
      <paragraph eId="para_51" class="MercuryDocument">
        <num>	23.</num>
        <content eId="para_51__content">
          <p xml:space="preserve">
            <span class="bold">鼓励</span>常设咨询委员会成员国继续讨论预防冲突的具体举措，并在这方面请秘书长提供协助；</p>
        </content>
      </paragraph>
      <paragraph eId="para_52" class="MercuryDocument">
        <num>	24.</num>
        <content eId="para_52__content">
          <p xml:space="preserve">
            <span class="bold">请</span>联合国中部非洲区域办事处与联合国和平与裁军非洲区域中心协作，推动常设咨询委员会成员国作出努力，尤其是落实《金沙萨公约执行计划》；<authorialNote marker="14" placement="bottom" eId="authorialNote_14"><p xml:space="preserve">		见<a href="https://undocs.org/ch/A/65/717">A/65/717-S/2011/53</a>，附件。</p></authorialNote></p>
        </content>
      </paragraph>
      <paragraph eId="para_53" class="MercuryDocument">
        <num>	25.</num>
        <content eId="para_53__content">
          <p xml:space="preserve">
            <span class="bold">请</span>秘书长和联合国难民事务高级专员公署在国际社会的支持下，继续协助中部非洲国家处理各国境内的难民和流离失所者问题；</p>
        </content>
      </paragraph>
      <paragraph eId="para_54" class="MercuryDocument">
        <num>	26.</num>
        <content eId="para_54__content">
          <p xml:space="preserve">
            <span class="bold">请</span>秘书长和联合国人权事务高级专员继续为中部非洲次区域人权与民主中心正常运作提供全面协助；</p>
        </content>
      </paragraph>
      <paragraph eId="para_55" class="MercuryDocument">
        <num>	27.</num>
        <content eId="para_55__content">
          <p xml:space="preserve">
            <span class="bold">欢迎</span>一些会员国增加对联合国中部非洲安全问题常设咨询委员会信托基金的捐款，提醒常设咨询委员会成员国注意其在2009年5月8日通过《关于联合国中部非洲安全问题常设咨询委员会信托基金的宣言》<authorialNote marker="15" placement="bottom" eId="authorialNote_15"><p xml:space="preserve"><a href="https://undocs.org/ch/A/64/85">A/64/85‑S/2009/288</a>，附件一。</p></authorialNote> 和2016年6月10日《班吉宣言》<authorialNote marker="16" placement="bottom" eId="authorialNote_16"><p xml:space="preserve"><a href="https://undocs.org/ch/A/71/293">A/71/293</a>，附件一。</p></authorialNote> 时作出的承诺，并邀请尚未向信托基金捐款的委员会成员国向基金捐款；</p>
        </content>
      </paragraph>
      <paragraph eId="para_56" class="MercuryDocument">
        <num>	28.</num>
        <content eId="para_56__content">
          <p xml:space="preserve">
            <span class="bold">敦促</span>其他会员国以及政府间组织和非政府组织向信托基金提供自愿捐款，以切实支持常设咨询委员会的活动；</p>
        </content>
      </paragraph>
      <paragraph eId="para_57" class="MercuryDocument">
        <num>	29.</num>
        <content eId="para_57__content">
          <p xml:space="preserve">
            <span class="bold">敦促</span>常设咨询委员会成员国根据安全理事会2000年10月31日第<a href="https://undocs.org/ch/S/RES/1325(2000)">1325(2000)</a>号决议并按照2016年12月1日通过的邀请成员国增加参加委员会法定会议代表团中妇女代表比例的《关于妇女参加联合国中部非洲安全问题常设咨询委员会法定会议的圣多美宣言》，<authorialNote marker="17" placement="bottom" eId="authorialNote_17"><p xml:space="preserve"><a href="https://undocs.org/ch/A/72/363">A/72/363</a>，附件二。</p></authorialNote> 加强委员会有关裁军和国际安全会议的性别平等内容；</p>
        </content>
      </paragraph>
      <paragraph eId="para_58" class="MercuryDocument">
        <num>	30.</num>
        <content eId="para_58__content">
          <p xml:space="preserve">
            <span class="bold">对</span>秘书长给予常设咨询委员会的支持表示满意，表示赞赏联合国中部非洲办事处发挥的作用，欢迎办事处得到加强，并大力鼓励常设咨询委员会成员国和国际合作伙伴支持办事处的工作；</p>
        </content>
      </paragraph>
      <paragraph eId="para_59" class="MercuryDocument">
        <num>	31.</num>
        <content eId="para_59__content">
          <p xml:space="preserve">
            <span class="bold">欢迎</span>常设咨询委员会努力应对中部非洲的跨界安全威胁，包括博科哈拉姆和上帝抵抗军的活动、几内亚湾海盗和海上武装抢劫行为、季节性转移放牧问题及其引起的跨界安全问题以及中非共和国局势的不利影响，并欢迎联合国中部非洲区域办事处与中部非洲国家经济共同体、非洲联盟以及所有相关区域和国际合作伙伴密切协作，为协调这些努力发挥作用；</p>
        </content>
      </paragraph>
      <paragraph eId="para_60" class="MercuryDocument">
        <num>	32.</num>
        <content eId="para_60__content">
          <p xml:space="preserve">
            <span class="bold">对</span>秘书长支持振兴常设咨询委员会的活动表示满意，并请其为确保一年两次的常会取得成功继续提供必要协助；</p>
        </content>
      </paragraph>
      <paragraph eId="para_61" class="MercuryDocument">
        <num>	33.</num>
        <content eId="para_61__content">
          <p xml:space="preserve">
            <span class="bold">促请</span>秘书长就本决议的执行情况向大会第七十五届会议提交报告；</p>
        </content>
      </paragraph>
      <paragraph eId="para_62" class="MercuryDocument">
        <num>	34.</num>
        <content eId="para_62__content">
          <p xml:space="preserve">
            <span class="bold">决定</span>在其第七十五届会议临时议程题为“审查和执行大会第十二届特别会议的《结论文件》”的项目下列入题为“区域建立信任措施：联合国中部非洲安全问题常设咨询委员会的活动”的分项。</p>
        </content>
      </paragraph>
    </mainBody>
    <conclusions eId="conclusions">
      <p>
        <inline name="adoptionMeeting" title="第46次">第46次全体会议</inline>
        <eol />
        <docDate date="2019-12-12" refersTo="#adoptionDate">2019年12月12日</docDate>
      </p>
    </conclusions>
  </statement>
</akomaNtoso>