<akomaNtoso xmlns:xsi="http://www.w3.org/2001/XMLSchema-instance" xsi:schemaLocation="http://docs.oasis-open.org/legaldocml/ns/akn/3.0 http://docs.oasis-open.org/legaldocml/akn-core/v1.0/os/part2-specs/schemas/akomantoso30.xsd" xmlns="http://docs.oasis-open.org/legaldocml/ns/akn/3.0" xmlns:html="http://www.w3.org/1999/xhtml" xmlns:akn4un="http://un.org/akn4un">
  <statement name="resolution">
    <meta>
      <identification source="#DGACM">
        <FRBRWork>
          <FRBRthis value="/akn/un/statement/deliberation/unga/2019-11-07/74-7/!main/"></FRBRthis>
          <FRBRuri value="/akn/un/statement/deliberation/unga/2019-11-07/74-7/"></FRBRuri>
          <FRBRdate date="2019-11-07" name="adoption"></FRBRdate>
          <FRBRauthor href="ga" as="author"></FRBRauthor>
          <FRBRcountry value="un"></FRBRcountry>
        </FRBRWork>
        <FRBRExpression>
          <FRBRthis value="/akn/un/statement/deliberation/unga/2019-11-07/74-7/zho@!main/"></FRBRthis>
          <FRBRuri value="/akn/un/statement/deliberation/unga/2019-11-07/74-7/zho@/"></FRBRuri>
          <FRBRdate date="2019-11-12" name="publication"></FRBRdate>
          <FRBRauthor href="ga" as="issuer"></FRBRauthor>
          <FRBRlanguage language="zho"></FRBRlanguage>
        </FRBRExpression>
        <FRBRManifestation>
          <FRBRthis value="/akn/un/statement/deliberation/unga/2019-11-07/74-7/zho@/!main.xml"></FRBRthis>
          <FRBRuri value="/akn/un/statement/deliberation/unga/2019-11-07/74-7/zho@.xml"></FRBRuri>
          <FRBRdate date="2020-08-29" name="markup"></FRBRdate>
          <FRBRauthor href="DGACM" as="editor"></FRBRauthor>
        </FRBRManifestation>
      </identification>
      <classification source="http://metadata.un.org/sdg">
        <keyword value="10" href="http://metadata.un.org/sdg/10" showAs="sdg_10" dictionary="SDGO"></keyword>
        <keyword value="social_inequality" href="http://eurovoc.europa.eu/1420" showAs="social_inequality" dictionary="EuroVoc"></keyword>
        <keyword value="equality" href="http://metadata.un.org/thesaurus/1002102" showAs="equality" dictionary="UNBIS Thesaurus"></keyword>
      </classification>
      <classification source="http://metadata.un.org/sdg">
        <keyword value="16" href="http://metadata.un.org/sdg/16" showAs="sdg_16" dictionary="SDGO"></keyword>
        <keyword value="right_to_justice" href="http://eurovoc.europa.eu/516" showAs="right_to_justice" dictionary="EuroVoc"></keyword>
        <keyword value="sustainable_development" href="http://eurovoc.europa.eu/5585" showAs="sustainable_development" dictionary="EuroVoc"></keyword>
        <keyword value="civil_society" href="http://metadata.un.org/thesaurus/1001012" showAs="civil_society" dictionary="UNBIS Thesaurus"></keyword>
        <keyword value="justice" href="http://metadata.un.org/thesaurus/1003500" showAs="justice" dictionary="UNBIS Thesaurus"></keyword>
        <keyword value="peaceful_coexistence" href="http://metadata.un.org/thesaurus/1004777" showAs="peaceful_coexistence" dictionary="UNBIS Thesaurus"></keyword>
        <keyword value="public_institutions" href="http://metadata.un.org/thesaurus/1005254" showAs="public_institutions" dictionary="UNBIS Thesaurus"></keyword>
        <keyword value="social_justice" href="http://metadata.un.org/thesaurus/1005970" showAs="social_justice" dictionary="UNBIS Thesaurus"></keyword>
        <keyword value="sustainable_development" href="http://metadata.un.org/thesaurus/1006319" showAs="sustainable_development" dictionary="UNBIS Thesaurus"></keyword>
      </classification>
      <workflow source="#un">
        <step date="2019-10-08" outcome="draftResolution" as="A/74/L.6" by="Cuba" />
        <step date="0001-01-01" outcome="draftResolutionAdditionalSponsors" by="" />
        <step date="0001-01-01" outcome="recommendedForAdoption" by="" />
        <step date="2019-11-07" outcome="adopted" as="A/74/PV.28" by="" />
      </workflow>
      <analysis source="#un">
        <parliamentary>
          <voting outcome="adoptedRecordedVote">
            <count value="187" refersTo="inFavour">
              <akn4un:voters>
                <organization refersTo="memberState">AFGHANISTAN</organization>
                <organization refersTo="memberState">ALBANIA</organization>
                <organization refersTo="memberState">ALGERIA</organization>
                <organization refersTo="memberState">ANDORRA</organization>
                <organization refersTo="memberState">ANGOLA</organization>
                <organization refersTo="memberState">ANTIGUA AND BARBUDA</organization>
                <organization refersTo="memberState">ARGENTINA</organization>
                <organization refersTo="memberState">ARMENIA</organization>
                <organization refersTo="memberState">AUSTRALIA</organization>
                <organization refersTo="memberState">AUSTRIA</organization>
                <organization refersTo="memberState">AZERBAIJAN</organization>
                <organization refersTo="memberState">BAHAMAS</organization>
                <organization refersTo="memberState">BAHRAIN</organization>
                <organization refersTo="memberState">BANGLADESH</organization>
                <organization refersTo="memberState">BARBADOS</organization>
                <organization refersTo="memberState">BELARUS</organization>
                <organization refersTo="memberState">BELGIUM</organization>
                <organization refersTo="memberState">BELIZE</organization>
                <organization refersTo="memberState">BENIN</organization>
                <organization refersTo="memberState">BHUTAN</organization>
                <organization refersTo="memberState">BOLIVIA (PLURINATIONAL STATE OF)</organization>
                <organization refersTo="memberState">BOSNIA AND HERZEGOVINA</organization>
                <organization refersTo="memberState">BOTSWANA</organization>
                <organization refersTo="memberState">BRUNEI DARUSSALAM</organization>
                <organization refersTo="memberState">BULGARIA</organization>
                <organization refersTo="memberState">BURKINA FASO</organization>
                <organization refersTo="memberState">BURUNDI</organization>
                <organization refersTo="memberState">CABO VERDE</organization>
                <organization refersTo="memberState">CAMBODIA</organization>
                <organization refersTo="memberState">CAMEROON</organization>
                <organization refersTo="memberState">CANADA</organization>
                <organization refersTo="memberState">CENTRAL AFRICAN REPUBLIC</organization>
                <organization refersTo="memberState">CHAD</organization>
                <organization refersTo="memberState">CHILE</organization>
                <organization refersTo="memberState">CHINA</organization>
                <organization refersTo="memberState">COMOROS</organization>
                <organization refersTo="memberState">CONGO</organization>
                <organization refersTo="memberState">COSTA RICA</organization>
                <organization refersTo="memberState">COTE D'IVOIRE</organization>
                <organization refersTo="memberState">CROATIA</organization>
                <organization refersTo="memberState">CUBA</organization>
                <organization refersTo="memberState">CYPRUS</organization>
                <organization refersTo="memberState">CZECHIA</organization>
                <organization refersTo="memberState">DEMOCRATIC PEOPLE'S REPUBLIC OF KOREA</organization>
                <organization refersTo="memberState">DEMOCRATIC REPUBLIC OF THE CONGO</organization>
                <organization refersTo="memberState">DENMARK</organization>
                <organization refersTo="memberState">DJIBOUTI</organization>
                <organization refersTo="memberState">DOMINICA</organization>
                <organization refersTo="memberState">DOMINICAN REPUBLIC</organization>
                <organization refersTo="memberState">ECUADOR</organization>
                <organization refersTo="memberState">EGYPT</organization>
                <organization refersTo="memberState">EL SALVADOR</organization>
                <organization refersTo="memberState">EQUATORIAL GUINEA</organization>
                <organization refersTo="memberState">ERITREA</organization>
                <organization refersTo="memberState">ESTONIA</organization>
                <organization refersTo="memberState">ESWATINI</organization>
                <organization refersTo="memberState">ETHIOPIA</organization>
                <organization refersTo="memberState">FIJI</organization>
                <organization refersTo="memberState">FINLAND</organization>
                <organization refersTo="memberState">FRANCE</organization>
                <organization refersTo="memberState">GABON</organization>
                <organization refersTo="memberState">GAMBIA</organization>
                <organization refersTo="memberState">GEORGIA</organization>
                <organization refersTo="memberState">GERMANY</organization>
                <organization refersTo="memberState">GHANA</organization>
                <organization refersTo="memberState">GREECE</organization>
                <organization refersTo="memberState">GRENADA</organization>
                <organization refersTo="memberState">GUATEMALA</organization>
                <organization refersTo="memberState">GUINEA</organization>
                <organization refersTo="memberState">GUINEA-BISSAU</organization>
                <organization refersTo="memberState">GUYANA</organization>
                <organization refersTo="memberState">HAITI</organization>
                <organization refersTo="memberState">HONDURAS</organization>
                <organization refersTo="memberState">HUNGARY</organization>
                <organization refersTo="memberState">ICELAND</organization>
                <organization refersTo="memberState">INDIA</organization>
                <organization refersTo="memberState">INDONESIA</organization>
                <organization refersTo="memberState">IRAN (ISLAMIC REPUBLIC OF)</organization>
                <organization refersTo="memberState">IRAQ</organization>
                <organization refersTo="memberState">IRELAND</organization>
                <organization refersTo="memberState">ITALY</organization>
                <organization refersTo="memberState">JAMAICA</organization>
                <organization refersTo="memberState">JAPAN</organization>
                <organization refersTo="memberState">JORDAN</organization>
                <organization refersTo="memberState">KAZAKHSTAN</organization>
                <organization refersTo="memberState">KENYA</organization>
                <organization refersTo="memberState">KIRIBATI</organization>
                <organization refersTo="memberState">KUWAIT</organization>
                <organization refersTo="memberState">KYRGYZSTAN</organization>
                <organization refersTo="memberState">LAO PEOPLE'S DEMOCRATIC REPUBLIC</organization>
                <organization refersTo="memberState">LATVIA</organization>
                <organization refersTo="memberState">LEBANON</organization>
                <organization refersTo="memberState">LESOTHO</organization>
                <organization refersTo="memberState">LIBERIA</organization>
                <organization refersTo="memberState">LIBYA</organization>
                <organization refersTo="memberState">LIECHTENSTEIN</organization>
                <organization refersTo="memberState">LITHUANIA</organization>
                <organization refersTo="memberState">LUXEMBOURG</organization>
                <organization refersTo="memberState">MADAGASCAR</organization>
                <organization refersTo="memberState">MALAWI</organization>
                <organization refersTo="memberState">MALAYSIA</organization>
                <organization refersTo="memberState">MALDIVES</organization>
                <organization refersTo="memberState">MALI</organization>
                <organization refersTo="memberState">MALTA</organization>
                <organization refersTo="memberState">MARSHALL ISLANDS</organization>
                <organization refersTo="memberState">MAURITANIA</organization>
                <organization refersTo="memberState">MAURITIUS</organization>
                <organization refersTo="memberState">MEXICO</organization>
                <organization refersTo="memberState">MICRONESIA (FEDERATED STATES OF)</organization>
                <organization refersTo="memberState">MONACO</organization>
                <organization refersTo="memberState">MONGOLIA</organization>
                <organization refersTo="memberState">MONTENEGRO</organization>
                <organization refersTo="memberState">MOROCCO</organization>
                <organization refersTo="memberState">MOZAMBIQUE</organization>
                <organization refersTo="memberState">MYANMAR</organization>
                <organization refersTo="memberState">NAMIBIA</organization>
                <organization refersTo="memberState">NAURU</organization>
                <organization refersTo="memberState">NEPAL</organization>
                <organization refersTo="memberState">NETHERLANDS</organization>
                <organization refersTo="memberState">NEW ZEALAND</organization>
                <organization refersTo="memberState">NICARAGUA</organization>
                <organization refersTo="memberState">NIGER</organization>
                <organization refersTo="memberState">NIGERIA</organization>
                <organization refersTo="memberState">NORTH MACEDONIA</organization>
                <organization refersTo="memberState">NORWAY</organization>
                <organization refersTo="memberState">OMAN</organization>
                <organization refersTo="memberState">PAKISTAN</organization>
                <organization refersTo="memberState">PALAU</organization>
                <organization refersTo="memberState">PANAMA</organization>
                <organization refersTo="memberState">PAPUA NEW GUINEA</organization>
                <organization refersTo="memberState">PARAGUAY</organization>
                <organization refersTo="memberState">PERU</organization>
                <organization refersTo="memberState">PHILIPPINES</organization>
                <organization refersTo="memberState">POLAND</organization>
                <organization refersTo="memberState">PORTUGAL</organization>
                <organization refersTo="memberState">QATAR</organization>
                <organization refersTo="memberState">REPUBLIC OF KOREA</organization>
                <organization refersTo="memberState">ROMANIA</organization>
                <organization refersTo="memberState">RUSSIAN FEDERATION</organization>
                <organization refersTo="memberState">RWANDA</organization>
                <organization refersTo="memberState">SAINT KITTS AND NEVIS</organization>
                <organization refersTo="memberState">SAINT LUCIA</organization>
                <organization refersTo="memberState">SAINT VINCENT AND THE GRENADINES</organization>
                <organization refersTo="memberState">SAMOA</organization>
                <organization refersTo="memberState">SAN MARINO</organization>
                <organization refersTo="memberState">SAO TOME AND PRINCIPE</organization>
                <organization refersTo="memberState">SAUDI ARABIA</organization>
                <organization refersTo="memberState">SENEGAL</organization>
                <organization refersTo="memberState">SERBIA</organization>
                <organization refersTo="memberState">SEYCHELLES</organization>
                <organization refersTo="memberState">SIERRA LEONE</organization>
                <organization refersTo="memberState">SINGAPORE</organization>
                <organization refersTo="memberState">SLOVAKIA</organization>
                <organization refersTo="memberState">SLOVENIA</organization>
                <organization refersTo="memberState">SOLOMON ISLANDS</organization>
                <organization refersTo="memberState">SOMALIA</organization>
                <organization refersTo="memberState">SOUTH AFRICA</organization>
                <organization refersTo="memberState">SOUTH SUDAN</organization>
                <organization refersTo="memberState">SPAIN</organization>
                <organization refersTo="memberState">SRI LANKA</organization>
                <organization refersTo="memberState">SUDAN</organization>
                <organization refersTo="memberState">SURINAME</organization>
                <organization refersTo="memberState">SWEDEN</organization>
                <organization refersTo="memberState">SWITZERLAND</organization>
                <organization refersTo="memberState">SYRIAN ARAB REPUBLIC</organization>
                <organization refersTo="memberState">TAJIKISTAN</organization>
                <organization refersTo="memberState">THAILAND</organization>
                <organization refersTo="memberState">TIMOR-LESTE</organization>
                <organization refersTo="memberState">TOGO</organization>
                <organization refersTo="memberState">TONGA</organization>
                <organization refersTo="memberState">TRINIDAD AND TOBAGO</organization>
                <organization refersTo="memberState">TUNISIA</organization>
                <organization refersTo="memberState">TURKEY</organization>
                <organization refersTo="memberState">TURKMENISTAN</organization>
                <organization refersTo="memberState">TUVALU</organization>
                <organization refersTo="memberState">UGANDA</organization>
                <organization refersTo="memberState">UNITED ARAB EMIRATES</organization>
                <organization refersTo="memberState">UNITED KINGDOM</organization>
                <organization refersTo="memberState">UNITED REPUBLIC OF TANZANIA</organization>
                <organization refersTo="memberState">URUGUAY</organization>
                <organization refersTo="memberState">UZBEKISTAN</organization>
                <organization refersTo="memberState">VANUATU</organization>
                <organization refersTo="memberState">VENEZUELA (BOLIVARIAN REPUBLIC OF)</organization>
                <organization refersTo="memberState">VIET NAM</organization>
                <organization refersTo="memberState">YEMEN</organization>
                <organization refersTo="memberState">ZAMBIA</organization>
                <organization refersTo="memberState">ZIMBABWE</organization>
              </akn4un:voters>
            </count>
            <count value="3" refersTo="against">
              <akn4un:voters>
                <organization refersTo="memberState">BRAZIL</organization>
                <organization refersTo="memberState">ISRAEL</organization>
                <organization refersTo="memberState">UNITED STATES</organization>
              </akn4un:voters>
            </count>
            <count value="2" refersTo="abstaining">
              <akn4un:voters>
                <organization refersTo="memberState">COLOMBIA</organization>
                <organization refersTo="memberState">UKRAINE</organization>
              </akn4un:voters>
            </count>
          </voting>
        </parliamentary>
      </analysis>
      <references source="#DGACM">
        <TLCOrganization eId="source" href="/akn/ontology/organization/un/DGACM" showAs="DGACM"></TLCOrganization>
        <TLCConcept eId="dateOfIssuance" href="/akn/ontology/concept/un/dateOfIssuance" showAs="Date of issuance"></TLCConcept>
        <TLCConcept eId="dateOfAdoption" href="/akn/ontology/concept/un/dateOfAdoption" showAs="Date of adoption"></TLCConcept>
        <TLCConcept eId="symbol" href="/akn/ontology/reference/un/symbol" showAs="Symbol"></TLCConcept>
        <TLCRole eId="publisher" href="/akn/ontology/role/un/publisher" showAs="Publisher"></TLCRole>
        <TLCRole eId="issuingBody" href="/akn/role/concept/un/issuingBody" showAs="Issuing body"></TLCRole>
        <TLCRole eId="author" href="/akn/ontology/role/un/author" showAs="Author"></TLCRole>
        <TLCRole eId="editor" href="/akn/ontology/role/un/editor" showAs="Editor"></TLCRole>
        <TLCRole eId="distribution" href="/akn/ontology/concept/un/generalDistribution" showAs="General distribution"></TLCRole>
        <TLCOrganization eId="ga" href="/akn/ontology/organization/un/generalAssembly" showAs="General Assembly"></TLCOrganization>
        <TLCTerm eId="resolutionTitle" href="/akn/ontology/reference/un/resolutionTitle" showAs="Resolution title"></TLCTerm>
        <TLCTerm eId="noMainCommittee" href="#noMainCommittee" showAs="未经发交主要委员会而通过"></TLCTerm>
        <TLCTerm eId="memberState" href="/akn/ontology/organization/un/memberState" showAs="Member State"></TLCTerm>
        <TLCTerm eId="inFavour" href="/akn/ontology/concept/un/voting/inFavour" showAs="In favour"></TLCTerm>
        <TLCTerm eId="against" href="/akn/ontology/concept/un/voting/against" showAs="Against"></TLCTerm>
        <TLCTerm eId="abstaining" href="/akn/ontology/concept/un/voting/abstaining" showAs="Abstaining"></TLCTerm>
      </references>
      <presentation source="#un">
        <akn4un:footerFirstPage>
          <akn4un:footerFirstPageLeft>
            <akn4un:internalCode>
              <docketNumber refersTo="#publicationJobNumber">19-19266 (C)</docketNumber>
              <img alt="bar code" class="barCode" src=""></img>
            </akn4un:internalCode>
          </akn4un:footerFirstPageLeft>
          <akn4un:footerFirstPageRight>
            <img alt="Please recycle" class="image" src="./recylcleLogo.jpg"></img>
            <img alt="embedded QR code" class="qrCode" src=""></img>
          </akn4un:footerFirstPageRight>
        </akn4un:footerFirstPage>
      </presentation>
    </meta>
    <coverPage eId="coverPage_1">
      <p>
        <span refersTo="#publisher" class="upperLeft">
          <docAuthority refersTo="#publisher">联合国</docAuthority>
        </span>
      </p>
      <p class="upperRight">
        <docNumber refersTo="#symbol">A/RES/74/7</docNumber>
      </p>
      <p class="upperLeft">
        <img src="logo-un.jpg"></img>
        <docAuthority refersTo="#issuingBody" class="rightBig">大会</docAuthority>
      </p>
      <p>
        <docStatus refersTo="#generalDistribution" class="rightSmall">Distr.: General</docStatus>
      </p>
      <p>
        <docDate date="2019-11-12" class="rightSmall" refersTo="#dateOfIssuance">12 November 2019</docDate>
      </p>
      <p>
        <session refersTo="#generalAssembly" value="74" eId="coverPage_1__session_1">第七十四届会议</session>
      </p>
      <p>
        <inline name="agenda item">议程项目39</inline>
      </p>
      <p>
        <inline name="agenda item name">必须终止美利坚合众国对古巴的经济、商业和金融封锁</inline>
      </p>
      <p>
        <docTitle>2019年11月7日大会决议</docTitle>
      </p>
      <p xml:space="preserve">
        <docProponent refersTo="#noMainCommittee">[未经发交主要委员会而通过 (<inline name="originating document">A/74/L.6</inline>)]</docProponent>
      </p>
    </coverPage>
    <preface>
      <p>
        <docNumber>74/7.</docNumber>
        <docTitle refersTo="#resolutionTitle">必须终止美利坚合众国对古巴的经济、商业和金融封锁</docTitle>
      </p>
    </preface>
    <preamble>
      <formula name="enactingFormula" eId="formula_1">
        <p xml:space="preserve">
          <span class="bold">大会，</span>
        </p>
      </formula>
      <container name="决心"  eId="container_2">
        <p xml:space="preserve">
          <span class="bold">决心</span>鼓励严格遵守《联合国宪章》所载宗旨和原则，</p>
      </container>
      <container name="重申"  eId="container_3">
        <p xml:space="preserve">
          <span class="bold">重申</span>各国主权平等、不干预和不干涉各国内政、国际贸易和航行自由等原则，这些原则也载于许多国际法律文书，</p>
      </container>
      <container name="回顾"  eId="container_4">
        <p xml:space="preserve">
          <span class="bold">回顾</span>拉丁美洲和加勒比各国国家元首或政府首脑在各次拉丁美洲和加勒比国家共同体首脑会议上发表的关于必须终止对古巴的经济、商业和金融封锁的声明，</p>
      </container>
      <container name="关切"  eId="container_5">
        <p xml:space="preserve">
          <span class="bold">关切</span>仍有会员国颁布和实施法律法规，例如1996年3月12日颁布的所谓“赫尔姆斯-伯顿法”，其域外效力影响到其他国家的主权、这些国家管辖范围内实体或个人的正当利益以及贸易和航行自由，</p>
      </container>
      <container name="表示注意到"  eId="container_6">
        <p xml:space="preserve">
          <span class="bold">表示注意到</span>不同政府间论坛、机构及政府在宣言和决议中表示，国际社会和公众舆论反对颁布和实施上述这类措施，</p>
      </container>
      <container name="回顾"  eId="container_7">
        <p xml:space="preserve">
          <span class="bold">回顾</span>其1992年11月24日第<a href="https://undocs.org/ch/A/RES/47/19">47/19</a>号、1993年11月3日第<a href="https://undocs.org/ch/A/RES/48/16">48/16</a>号、1994年10月26日第<a href="https://undocs.org/ch/A/RES/49/9">49/9</a>号、1995年11月2日第<a href="https://undocs.org/ch/A/RES/50/10">50/10</a>号、1996年11月12日第<a href="https://undocs.org/ch/A/RES/51/17">51/17</a>号、1997年11月5日第<a href="https://undocs.org/ch/A/RES/52/10">52/10</a>号、1998年10月14日第<a href="https://undocs.org/ch/A/RES/53/4">53/4</a>号、1999年11月9日第<a href="https://undocs.org/ch/A/RES/54/21">54/21</a>号、2000年11月9日第<a href="https://undocs.org/ch/A/RES/55/20">55/20</a>号、2001年11月27日第<a href="https://undocs.org/ch/A/RES/56/9">56/9</a>号、2002年11月12日第<a href="https://undocs.org/ch/A/RES/57/11">57/11</a>号、2003年11月4日第<a href="https://undocs.org/ch/A/RES/58/7">58/7</a>号、2004年10月28日第<a href="https://undocs.org/ch/A/RES/59/11">59/11</a>号、2005年11月8日第<a href="https://undocs.org/ch/A/RES/60/12">60/12</a>号、2006年11月8日第<a href="https://undocs.org/ch/A/RES/61/11">61/11</a>号、2007年10月30日第<a href="https://undocs.org/ch/A/RES/62/3">62/3</a>号、2008年10月29日第<a href="https://undocs.org/ch/A/RES/63/7">63/7</a>号、2009年10月28日第<a href="https://undocs.org/ch/A/RES/64/6">64/6</a>号、2010年10月26日第<a href="https://undocs.org/ch/A/RES/65/6">65/6</a>号、2011年10月25日第<a href="https://undocs.org/ch/A/RES/66/6">66/6</a>号、2012年11月13日第<a href="https://undocs.org/ch/A/RES/67/4">67/4</a>号、2013年10月29日第<a href="https://undocs.org/ch/A/RES/68/8">68/8</a>号、2014年10月28日第<a href="https://undocs.org/ch/A/RES/69/5">69/5</a>号、2015年10月27日第<a href="https://undocs.org/ch/A/RES/70/5">70/5</a>号、2016年10月26日第<a href="https://undocs.org/ch/A/RES/71/5">71/5</a>号、2017年11月1日第<a href="https://undocs.org/ch/A/RES/72/4">72/4</a>号和2018年11月1日第<a href="https://undocs.org/ch/A/RES/73/8">7</a><a href="https://undocs.org/ch/A/RES/73/8">3</a><a href="https://undocs.org/ch/A/RES/73/8">/</a><a href="https://undocs.org/ch/A/RES/73/8">8</a>号决议，</p>
      </container>
      <container name="又回顾"  eId="container_8">
        <p xml:space="preserve">
          <span class="bold">又回顾</span>美利坚合众国行政当局在2015年和2016年颁布措施，修改了实施封锁的某些内容，而自2017年以来所实施的强化封锁措施与此形成反差，</p>
      </container>
      <container name="关切"  eId="container_9">
        <p xml:space="preserve">
          <span class="bold">关切</span>自其第<a href="https://undocs.org/ch/A/RES/47/19">47/19</a>、<a href="https://undocs.org/ch/A/RES/48/16">48/16</a>、<a href="https://undocs.org/ch/A/RES/49/9">49/9</a>、<a href="https://undocs.org/ch/A/RES/50/10">50/10</a>、<a href="https://undocs.org/ch/A/RES/51/17">51/17</a>、<a href="https://undocs.org/ch/A/RES/52/10">52/10</a>、<a href="https://undocs.org/ch/A/RES/53/4">53/4</a>、<a href="https://undocs.org/ch/A/RES/54/21">54/21</a>、<a href="https://undocs.org/ch/A/RES/55/20">55/20</a>、<a href="https://undocs.org/ch/A/RES/56/9">56/9</a>、<a href="https://undocs.org/ch/A/RES/57/11">57/11</a>、<a href="https://undocs.org/ch/A/RES/58/7">58/7</a>、<a href="https://undocs.org/ch/A/RES/59/11">59/11</a>、<a href="https://undocs.org/ch/A/RES/60/12">60/12</a>、<a href="https://undocs.org/ch/A/RES/61/11">61/11</a>、<a href="https://undocs.org/ch/A/RES/62/3">62/3</a>、<a href="https://undocs.org/ch/A/RES/63/7">63/7</a>、<a href="https://undocs.org/ch/A/RES/64/6">64/6</a>、<a href="https://undocs.org/ch/A/RES/65/6">65/6</a>、<a href="https://undocs.org/ch/A/RES/66/6">66/6</a>、<a href="https://undocs.org/ch/A/RES/67/4">67/4</a>、<a href="https://undocs.org/ch/A/RES/68/8">68/8</a>、<a href="https://undocs.org/ch/A/RES/69/5">69/5</a>、<a href="https://undocs.org/ch/A/RES/70/5">70/5</a>、<a href="https://undocs.org/ch/A/RES/71/5">71/5</a>、<a href="https://undocs.org/ch/A/RES/72/4">72/4</a>和<a href="https://undocs.org/ch/A/RES/73/8">7</a><a href="https://undocs.org/ch/A/RES/73/8">3</a><a href="https://undocs.org/ch/A/RES/73/8">/</a><a href="https://undocs.org/ch/A/RES/73/8">8</a>号决议通过以来，对古巴的经济、商业和金融封锁仍在实施，并关切这些措施对古巴人民和居住在其他国家的古巴国民造成的不利影响，</p>
      </container>
    </preamble>
    <mainBody>
      <paragraph eId="para_10" class="MercuryDocument">
        <num>	1.</num>
        <content eId="para_10__content">
          <p xml:space="preserve">
            <span class="bold">表示注意到</span>秘书长关于第<a href="https://undocs.org/ch/A/RES/73/8">7</a><a href="https://undocs.org/ch/A/RES/73/8">3</a><a href="https://undocs.org/ch/A/RES/73/8">/</a><a href="https://undocs.org/ch/A/RES/73/8">8</a>号决议执行情况的报告；<authorialNote marker="1" placement="bottom" eId="authorialNote_1"><p xml:space="preserve"><a href="https://undocs.org/ch/A/74/91/Rev.1">A/74/91/Rev.1</a>。</p></authorialNote></p>
        </content>
      </paragraph>
      <paragraph eId="para_11" class="MercuryDocument">
        <num>	2.</num>
        <content eId="para_11__content">
          <p xml:space="preserve">
            <span class="bold">再次促请</span>所有国家按照其根据《联合国宪章》和除其他外重申贸易和航行自由的国际法所承担的义务，不要颁布和实施本决议序言部分提到的那类法律和措施；</p>
        </content>
      </paragraph>
      <paragraph eId="para_12" class="MercuryDocument">
        <num>	3.</num>
        <content eId="para_12__content">
          <p xml:space="preserve">
            <span class="bold">再次敦促</span>已制定并仍在实施此种法律和措施的国家依照其法律制度采取必要步骤，尽早将其撤销或废止；</p>
        </content>
      </paragraph>
      <paragraph eId="para_13" class="MercuryDocument">
        <num>	4.</num>
        <content eId="para_13__content">
          <p xml:space="preserve">
            <span class="bold">请</span>秘书长与联合国系统有关机关和机构协商，依照《宪章》的宗旨和原则以及国际法，编写一份关于本决议执行情况的报告，提交大会第七十五届会议；</p>
        </content>
      </paragraph>
      <paragraph eId="para_14" class="MercuryDocument">
        <num>	5.</num>
        <content eId="para_14__content">
          <p xml:space="preserve">
            <span class="bold">决定</span>将题为“必须终止美利坚合众国对古巴的经济、商业和金融封锁”的项目列入大会第七十五届会议临时议程。</p>
        </content>
      </paragraph>
    </mainBody>
    <conclusions eId="conclusions">
      <p>
        <inline name="adoptionMeeting" title="第28次">第28次全体会议</inline>
        <eol />
        <docDate date="2019-11-07" refersTo="#adoptionDate">2019年11月7日</docDate>
      </p>
    </conclusions>
  </statement>
</akomaNtoso>