<akomaNtoso xmlns:xsi="http://www.w3.org/2001/XMLSchema-instance" xsi:schemaLocation="http://docs.oasis-open.org/legaldocml/ns/akn/3.0 http://docs.oasis-open.org/legaldocml/akn-core/v1.0/os/part2-specs/schemas/akomantoso30.xsd" xmlns="http://docs.oasis-open.org/legaldocml/ns/akn/3.0" xmlns:html="http://www.w3.org/1999/xhtml" xmlns:akn4un="http://un.org/akn4un">
  <statement name="resolution">
    <meta>
      <identification source="#DGACM">
        <FRBRWork>
          <FRBRthis value="/akn/un/statement/deliberation/unga/2019-12-12/74-76/!main/"></FRBRthis>
          <FRBRuri value="/akn/un/statement/deliberation/unga/2019-12-12/74-76/"></FRBRuri>
          <FRBRdate date="2019-12-12" name="adoption"></FRBRdate>
          <FRBRauthor href="ga" as="author"></FRBRauthor>
          <FRBRcountry value="un"></FRBRcountry>
        </FRBRWork>
        <FRBRExpression>
          <FRBRthis value="/akn/un/statement/deliberation/unga/2019-12-12/74-76/zho@!main/"></FRBRthis>
          <FRBRuri value="/akn/un/statement/deliberation/unga/2019-12-12/74-76/zho@/"></FRBRuri>
          <FRBRdate date="2019-12-23" name="publication"></FRBRdate>
          <FRBRauthor href="ga" as="issuer"></FRBRauthor>
          <FRBRlanguage language="zho"></FRBRlanguage>
        </FRBRExpression>
        <FRBRManifestation>
          <FRBRthis value="/akn/un/statement/deliberation/unga/2019-12-12/74-76/zho@/!main.xml"></FRBRthis>
          <FRBRuri value="/akn/un/statement/deliberation/unga/2019-12-12/74-76/zho@.xml"></FRBRuri>
          <FRBRdate date="2020-08-29" name="markup"></FRBRdate>
          <FRBRauthor href="DGACM" as="editor"></FRBRauthor>
        </FRBRManifestation>
      </identification>
      <classification source="http://metadata.un.org/sdg">
        <keyword value="5" href="http://metadata.un.org/sdg/5" showAs="sdg_5" dictionary="SDGO"></keyword>
        <keyword value="gender_equality" href="http://eurovoc.europa.eu/3913" showAs="gender_equality" dictionary="EuroVoc"></keyword>
        <keyword value="participation_of_women" href="http://eurovoc.europa.eu/2265" showAs="participation_of_women" dictionary="EuroVoc"></keyword>
        <keyword value="women&amp;#39;s_rights" href="http://eurovoc.europa.eu/585" showAs="women&amp;#39;s_rights" dictionary="EuroVoc"></keyword>
        <keyword value="position_of_women" href="http://eurovoc.europa.eu/81" showAs="position_of_women" dictionary="EuroVoc"></keyword>
        <keyword value="women" href="http://metadata.un.org/thesaurus/1007029" showAs="women" dictionary="UNBIS Thesaurus"></keyword>
        <keyword value="gender_equality" href="http://metadata.un.org/thesaurus/1002612" showAs="gender_equality" dictionary="UNBIS Thesaurus"></keyword>
        <keyword value="girls" href="http://metadata.un.org/thesaurus/1002684" showAs="girls" dictionary="UNBIS Thesaurus"></keyword>
      </classification>
      <workflow source="#un">
        <step date="2019-10-18" outcome="draftResolution" as="A/C.1/74/L.54" by="Latvia" />
        <step date="0001-01-01" outcome="draftResolutionAdditionalSponsors" by="" />
        <step date="0001-01-01" outcome="recommendedForAdoption" as="A/74/372" by="" refersTo="8" />
        <step date="2019-12-12" outcome="adopted" as="A/74/PV.46" by="" />
      </workflow>
      <analysis source="#un">
        <parliamentary>
          <voting outcome="adoptedWithoutVote">
            <quorum value=""></quorum>
          </voting>
        </parliamentary>
      </analysis>
      <references source="#DGACM">
        <TLCOrganization eId="source" href="/akn/ontology/organization/un/DGACM" showAs="DGACM"></TLCOrganization>
        <TLCConcept eId="dateOfIssuance" href="/akn/ontology/concept/un/dateOfIssuance" showAs="Date of issuance"></TLCConcept>
        <TLCConcept eId="dateOfAdoption" href="/akn/ontology/concept/un/dateOfAdoption" showAs="Date of adoption"></TLCConcept>
        <TLCConcept eId="symbol" href="/akn/ontology/reference/un/symbol" showAs="Symbol"></TLCConcept>
        <TLCRole eId="publisher" href="/akn/ontology/role/un/publisher" showAs="Publisher"></TLCRole>
        <TLCRole eId="issuingBody" href="/akn/role/concept/un/issuingBody" showAs="Issuing body"></TLCRole>
        <TLCRole eId="author" href="/akn/ontology/role/un/author" showAs="Author"></TLCRole>
        <TLCRole eId="editor" href="/akn/ontology/role/un/editor" showAs="Editor"></TLCRole>
        <TLCRole eId="distribution" href="/akn/ontology/concept/un/generalDistribution" showAs="General distribution"></TLCRole>
        <TLCOrganization eId="ga" href="/akn/ontology/organization/un/generalAssembly" showAs="General Assembly"></TLCOrganization>
        <TLCTerm eId="resolutionTitle" href="/akn/ontology/reference/un/resolutionTitle" showAs="Resolution title"></TLCTerm>
        <TLCTerm eId="firstCommittee" href="#firstCommittee" showAs="第一委员会"></TLCTerm>
        <TLCTerm eId="memberState" href="/akn/ontology/organization/un/memberState" showAs="Member State"></TLCTerm>
        <TLCTerm eId="inFavour" href="/akn/ontology/concept/un/voting/inFavour" showAs="In favour"></TLCTerm>
        <TLCTerm eId="against" href="/akn/ontology/concept/un/voting/against" showAs="Against"></TLCTerm>
        <TLCTerm eId="abstaining" href="/akn/ontology/concept/un/voting/abstaining" showAs="Abstaining"></TLCTerm>
      </references>
      <presentation source="#un">
        <akn4un:footerFirstPage>
          <akn4un:footerFirstPageLeft>
            <akn4un:internalCode>
              <docketNumber refersTo="#publicationJobNumber">19-21877 (C)</docketNumber>
              <img alt="bar code" class="barCode" src=""></img>
            </akn4un:internalCode>
          </akn4un:footerFirstPageLeft>
          <akn4un:footerFirstPageRight>
            <img alt="Please recycle" class="image" src="./recylcleLogo.jpg"></img>
            <img alt="embedded QR code" class="qrCode" src=""></img>
          </akn4un:footerFirstPageRight>
        </akn4un:footerFirstPage>
      </presentation>
    </meta>
    <coverPage eId="coverPage_1">
      <p>
        <span refersTo="#publisher" class="upperLeft">
          <docAuthority refersTo="#publisher">联合国</docAuthority>
        </span>
      </p>
      <p class="upperRight">
        <docNumber refersTo="#symbol">A/RES/74/76</docNumber>
      </p>
      <p class="upperLeft">
        <img src="logo-un.jpg"></img>
        <docAuthority refersTo="#issuingBody" class="rightBig">大会</docAuthority>
      </p>
      <p>
        <docStatus refersTo="#generalDistribution" class="rightSmall">Distr.: General</docStatus>
      </p>
      <p>
        <docDate date="2019-12-23" class="rightSmall" refersTo="#dateOfIssuance">23 December 2019</docDate>
      </p>
      <p>
        <session refersTo="#generalAssembly" value="74" eId="coverPage_1__session_1">第七十四届会议</session>
      </p>
      <p>
        <inline name="agenda item">议程项目102</inline>
      </p>
      <p>
        <inline name="agenda item name">《禁止或限制使用某些可被认为具有过分伤害力或滥杀滥伤作用的常规武器公约》</inline>
      </p>
      <p>
        <docTitle>2019年12月12日大会决议</docTitle>
      </p>
      <p xml:space="preserve">
        <docProponent refersTo="#firstCommittee">[根据第一委员会的报告 (<inline name="originating document">A/74/372</inline>)]</docProponent>
      </p>
    </coverPage>
    <preface>
      <p>
        <docNumber>74/76.</docNumber>
        <docTitle refersTo="#resolutionTitle">禁止或限制使用某些可被认为具有过分伤害力或滥杀滥伤作用的常规武器公约</docTitle>
      </p>
    </preface>
    <preamble>
      <formula name="enactingFormula" eId="formula_1">
        <p xml:space="preserve">
          <span class="bold">大会，</span>
        </p>
      </formula>
      <container name="回顾" eId="container_2">
        <p xml:space="preserve">
          <span class="bold">回顾</span>其2018年12月5日第<a href="https://undocs.org/ch/A/RES/73/84">73/84</a>号决议，</p>
      </container>
      <container name="满意地回顾" eId="container_3">
        <p xml:space="preserve">
          <span class="bold">满意地回顾</span>《禁止或限制使用某些可被认为具有过分伤害力或滥杀滥伤作用的常规武器公约》<authorialNote marker="1" placement="bottom" eId="authorialNote_1"><p xml:space="preserve">		联合国，《条约汇编》，第1342卷，第22495号。</p></authorialNote> 及经过修正的《公约》第一条、<authorialNote marker="2" placement="bottom" eId="authorialNote_2"><p xml:space="preserve">		同上，第2260卷，第22495号。</p></authorialNote> 《关于无法检测的碎片的议定书》(第一议定书)、<sup>1 </sup>《禁止或限制使用地雷、诱杀装置和其他装置的议定书》(第二议定书)<sup>1 </sup>及其修正本、<authorialNote marker="3" placement="bottom" eId="authorialNote_3"><p xml:space="preserve">		同上，第2048卷，第22495号。</p></authorialNote> 《禁止或限制使用燃烧武器议定书》(第三议定书)、<sup>1 </sup>《关于激光致盲武器的议定书》(第四议定书)<authorialNote marker="4" placement="bottom" eId="authorialNote_4"><p xml:space="preserve">		同上，第2024卷，第22495号。</p></authorialNote> 以及《战争遗留爆炸物议定书》(第五议定书)<authorialNote marker="5" placement="bottom" eId="authorialNote_5"><p xml:space="preserve">		同上，第2399卷，第22495号。</p></authorialNote> 获得通过并生效，</p>
      </container>
      <container name="回顾" eId="container_4">
        <p xml:space="preserve">
          <span class="bold">回顾</span>2016年12月12日至16日在日内瓦举行的公约缔约国第五次审议大会的成果，</p>
      </container>
      <container name="欢迎" eId="container_5">
        <p xml:space="preserve">
          <span class="bold">欢迎</span>2018年11月21日至23日在日内瓦举行的公约缔约国2018年会议的成果，</p>
      </container>
      <container name="又欢迎" eId="container_6">
        <p xml:space="preserve">
          <span class="bold">又欢迎</span>2018年11月20日在日内瓦举行的经修正的第二议定书缔约国第二十次年会的成果，</p>
      </container>
      <container name="还欢迎" eId="container_7">
        <p xml:space="preserve">
          <span class="bold">还欢迎</span>2018年11月19日在日内瓦举行的第五议定书缔约国第十二次会议的成果，</p>
      </container>
      <container name="满意地注意到" eId="container_8">
        <p xml:space="preserve">
          <span class="bold">满意地注意到</span>2019年举行了经修正的第二议定书缔约国专家组会议、第五议定书缔约国专家会议和公约缔约国致命自主武器系统新兴技术问题政府专家组的两次会议，</p>
      </container>
      <container name="注意到" eId="container_9">
        <p xml:space="preserve">
          <span class="bold">	注意到</span>经修正的第二议定书缔约国决定，缔约国第二十一届年度会议候任主席将与各代表团协商，探讨是否可能讨论执行议定书中非杀伤人员地雷方面，特别是保护平民方面的良好做法，</p>
      </container>
      <container name="回顾" eId="container_10">
        <p xml:space="preserve">
          <span class="bold">回顾</span>红十字国际委员会在拟订《公约》及其《议定书》过程中发挥的作用，并欣见各国际组织、非政府组织和其他组织在提高人们对各类可被认为具有过分伤害力或滥杀滥伤作用的常规武器造成的人道主义后果的认识方面作出的特别努力，</p>
      </container>
      <container name="强调" eId="container_11">
        <p xml:space="preserve">
          <span class="bold">强调</span>妇女、男子、男童和女童视角对审议《公约》及其《议定书》涉及的事项具有重要意义，</p>
      </container>
    </preamble>
    <mainBody>
      <paragraph eId="para_12" class="MercuryDocument">
        <num>	1.</num>
        <content eId="para_12__content">
          <p xml:space="preserve">
            <span class="bold">促请</span>所有尚未加入《禁止或限制使用某些可被认为具有过分伤害力或滥杀滥伤作用的常规武器公约》<sup>1 </sup>及其各项经修正的议定书缔约国的国家，采取一切措施尽早加入，以期早日实现最广泛地加入这些文书，最终实现普遍加入这些文书；</p>
        </content>
      </paragraph>
      <paragraph eId="para_13" class="MercuryDocument">
        <num>	2.</num>
        <content eId="para_13__content">
          <p xml:space="preserve">
            <span class="bold">促请</span>所有尚未同意接受《公约》各项《议定书》以及有关扩大《公约》及其《议定书》范围以列入非国际性武装冲突的修正案的约束的公约缔约国，同意接受其约束；</p>
        </content>
      </paragraph>
      <paragraph eId="para_14" class="MercuryDocument">
        <num>	3.</num>
        <content eId="para_14__content">
          <p xml:space="preserve">
            <span class="bold">强调</span>普遍加入《战争遗留爆炸物议定书》(第五议定书)<sup>5 </sup>的重要意义；</p>
        </content>
      </paragraph>
      <paragraph eId="para_15" class="MercuryDocument">
        <num>	4.</num>
        <content eId="para_15__content">
          <p xml:space="preserve">
            <span class="bold">欢迎</span>有更多国家批准和接受或加入《公约》并同意接受其各项《议定书》的约束；</p>
        </content>
      </paragraph>
      <paragraph eId="para_16" class="MercuryDocument">
        <num>	5.</num>
        <content eId="para_16__content">
          <p xml:space="preserve">
            <span class="bold">认识到</span>担任《公约》及其《议定书》保存人的秘书长、公约缔约国、第五议定书和经修正的第二议定书会议负责人代表缔约国继续做出努力以实现普遍加入的目标；</p>
        </content>
      </paragraph>
      <paragraph eId="para_17" class="MercuryDocument">
        <num>	6.</num>
        <content eId="para_17__content">
          <p xml:space="preserve">
            <span class="bold">回顾</span>公约缔约国第五次审议大会做出下列决定：</p>
        </content>
      </paragraph>
      <paragraph eId="para_18" class="MercuryDocument">
        <content eId="para_18__content">
          <p xml:space="preserve">	(a)	依照公约目标和宗旨并根据<a href="https://undocs.org/ch/CCW/CONF.V/2">CCW/CONF.V/2</a>号文件所载商定建议，设立致命自主武器系统领域新兴技术问题不限成员名额政府专家组，并根据建议向2017年公约缔约国会议提交报告；</p>
        </content>
      </paragraph>
      <paragraph eId="para_19" class="MercuryDocument">
        <content eId="para_19__content">
          <p xml:space="preserve">	(b)	在2017年举行的下次缔约国会议议程内列入“第三议定书”的项目；</p>
        </content>
      </paragraph>
      <paragraph eId="para_20" class="MercuryDocument">
        <content eId="para_20__content">
          <p xml:space="preserve">	(c)	在2017年举行的下次缔约国会议议程内列入“非杀伤人员地雷”的项目；<authorialNote marker="6" placement="bottom" eId="authorialNote_6"><p xml:space="preserve">		注意到2018年公约缔约国会议最后报告(<a href="https://undocs.org/ch/CCW/MSP/2018/11">CCW/MSP/2018/11</a>)第34段所列最新资料。</p></authorialNote></p>
        </content>
      </paragraph>
      <paragraph eId="para_21" class="MercuryDocument">
        <content eId="para_21__content">
          <p xml:space="preserve">	(d)	在2017年下次缔约国会议议程内列入“审议如何根据公约规定处理科学技术领域与公约有关发展的问题”的项目，并就项目开展非正式讨论；</p>
        </content>
      </paragraph>
      <paragraph eId="para_22" class="MercuryDocument">
        <content eId="para_22__content">
          <p xml:space="preserve">	(e)	邀请当选主席进行协商，以在2017年缔约国年会议程内列入“加强尊重国际人道法，在公约及议定书背景和目标范围内应对武装冲突中使用常规武器的挑战及其对平民特别是在平民集中地区的影响”的项目；</p>
        </content>
      </paragraph>
      <paragraph eId="para_23" class="MercuryDocument">
        <content eId="para_23__content">
          <p xml:space="preserve">	(f)	在缔约国年会议程内列入“公约及议定书的财政问题”的项目，并在下次年会上审议增效节约措施以及当选主席编写的报告；</p>
        </content>
      </paragraph>
      <paragraph eId="para_24" class="MercuryDocument">
        <content eId="para_24__content">
          <p xml:space="preserve">	(g)	保留仅为今后审议大会、公约缔约国会议、经修正的第二议定书和第五议定书缔约国会议的最后会议提供简要记录的做法；</p>
        </content>
      </paragraph>
      <paragraph eId="para_25" class="MercuryDocument">
        <content eId="para_25__content">
          <p xml:space="preserve">	(h)	继续执行赞助方案；</p>
        </content>
      </paragraph>
      <paragraph eId="para_26" class="MercuryDocument">
        <num>	7.</num>
        <content eId="para_26__content">
          <p xml:space="preserve">
            <span class="bold">又回顾</span>2018年公约缔约国会议作出下列决定：</p>
        </content>
      </paragraph>
      <paragraph eId="para_27" class="MercuryDocument">
        <content eId="para_27__content">
          <p xml:space="preserve">	(a)	在《公约》宗旨和目标方面，呼吁致命自主武器系统新兴技术问题政府专家组2019年在日内瓦举行为期七天的会议；</p>
        </content>
      </paragraph>
      <paragraph eId="para_28" class="MercuryDocument">
        <content eId="para_28__content">
          <p xml:space="preserve">	(b)	考虑到《关于禁止或限制使用燃烧武器的第三议定书》<sup>1 </sup>的重要性，呼吁促进该议定书的普遍加入和充分执行；</p>
        </content>
      </paragraph>
      <paragraph eId="para_29" class="MercuryDocument">
        <content eId="para_29__content">
          <p xml:space="preserve">	(c)	在其下次会议议程中列入“《公约》宗旨和目标方面的新问题”项目，并邀请缔约国就其拟提出的事项提交工作文件；</p>
        </content>
      </paragraph>
      <paragraph eId="para_30" class="MercuryDocument">
        <content eId="para_30__content">
          <p xml:space="preserve">	(d)	澄清2017年缔约方会议通过的财政措施的某些方面，并继续监测《公约》的财政状况；</p>
        </content>
      </paragraph>
      <paragraph eId="para_31" class="MercuryDocument">
        <content eId="para_31__content">
          <p xml:space="preserve">	(e)	请当选主席继续进行磋商，以改进秘书处为《公约》提供支助的稳定性；</p>
        </content>
      </paragraph>
      <paragraph eId="para_32" class="MercuryDocument">
        <num>	8.</num>
        <content eId="para_32__content">
          <p xml:space="preserve">
            <span class="bold">促请</span>所有缔约国确保迅速、全面履行公约及议定书规定的财政义务；</p>
        </content>
      </paragraph>
      <paragraph eId="para_33" class="MercuryDocument">
        <num>	9.</num>
        <content eId="para_33__content">
          <p xml:space="preserve">
            <span class="bold">欢迎</span>继续作出努力，改善《公约》的财务状况，并使执行支助股在稳定的基础上开展工作；</p>
        </content>
      </paragraph>
      <paragraph eId="para_34" class="MercuryDocument">
        <num>	10.</num>
        <content eId="para_34__content">
          <p xml:space="preserve">
            <span class="bold">又欢迎</span>致命自主武器系统领域新兴技术政府专家组的工作，包括其2018年的报告，报告为进一步工作奠定了基础；</p>
        </content>
      </paragraph>
      <paragraph eId="para_35" class="MercuryDocument">
        <num>	11.</num>
        <content eId="para_35__content">
          <p xml:space="preserve">
            <span class="bold">还欢迎</span>公约缔约国承诺继续促进国际人道主义法的进一步发展，并在此方面不断审查可能具有滥杀滥伤作用或造成不必要痛苦的新武器的开发和此种武器的使用的问题；</p>
        </content>
      </paragraph>
      <paragraph eId="para_36" class="MercuryDocument">
        <num>	12.</num>
        <content eId="para_36__content">
          <p xml:space="preserve">
            <span class="bold">欢迎</span>第五议定书缔约国承诺切实高效执行该议定书并执行议定书缔约国第一和第二次会议有关建立一个交流信息和开展合作的全面框架的决定；</p>
        </content>
      </paragraph>
      <paragraph eId="para_37" class="MercuryDocument">
        <num>	13.</num>
        <content eId="para_37__content">
          <p xml:space="preserve">
            <span class="bold">注意到</span>根据《公约》第八条，可以召开大会审查对《公约》或其任何议定书提出的修正案，审查有关现有议定书未列入的其他类别常规武器的附加议定书，或者审查《公约》及其议定书的范围和适用情况，以及审查任何拟议的修正案或附加议定书；</p>
        </content>
      </paragraph>
      <paragraph eId="para_38" class="MercuryDocument">
        <num>	14.</num>
        <content eId="para_38__content">
          <p xml:space="preserve">
            <span class="bold">着重指出</span>妇女充分平等地参与决策和《公约》执行工作的重要作用；</p>
        </content>
      </paragraph>
      <paragraph eId="para_39" class="MercuryDocument">
        <num>	15.</num>
        <content eId="para_39__content">
          <p xml:space="preserve">
            <span class="bold">请</span>秘书长视需要为公约、经修正的第二议定书及第五议定书缔约国年会和专家会议以及在这些会议后继续进行的任何工作提供必要的协助和服务；</p>
        </content>
      </paragraph>
      <paragraph eId="para_40" class="MercuryDocument">
        <num>	16.</num>
        <content eId="para_40__content">
          <p xml:space="preserve">
            <span class="bold">又请</span>秘书长以《公约》及其《议定书》保存人的身份，继续以电子方式定期向大会通报各国批准、接受及加入《公约》、其经修正的第一条<sup>2 </sup>及其各项《议定书》的情况；</p>
        </content>
      </paragraph>
      <paragraph eId="para_41" class="SingleTxt">
        <num>	17.</num>
        <content eId="para_41__content">
          <p xml:space="preserve">
            <span class="bold">决定</span>将题为“禁止或限制使用某些可被认为具有过分伤害力或滥杀滥伤作用的常规武器公约”的项目列入大会第七十五届会议临时议程。</p>
        </content>
      </paragraph>
    </mainBody>
    <conclusions eId="conclusions">
      <p>
        <inline name="adoptionMeeting" title="第46次">第46次全体会议</inline>
        <eol />
        <docDate date="2019-12-12" refersTo="#adoptionDate">2019年12月12日</docDate>
      </p>
    </conclusions>
  </statement>
</akomaNtoso>