<akomaNtoso xmlns:xsi="http://www.w3.org/2001/XMLSchema-instance" xsi:schemaLocation="http://docs.oasis-open.org/legaldocml/ns/akn/3.0 http://docs.oasis-open.org/legaldocml/akn-core/v1.0/os/part2-specs/schemas/akomantoso30.xsd" xmlns="http://docs.oasis-open.org/legaldocml/ns/akn/3.0" xmlns:html="http://www.w3.org/1999/xhtml" xmlns:akn4un="http://un.org/akn4un">
  <statement name="resolution">
    <meta>
      <identification source="#DGACM">
        <FRBRWork>
          <FRBRthis value="/akn/un/statement/deliberation/unga/2019-11-11/74-8/!main/"></FRBRthis>
          <FRBRuri value="/akn/un/statement/deliberation/unga/2019-11-11/74-8/"></FRBRuri>
          <FRBRdate date="2019-11-11" name="adoption"></FRBRdate>
          <FRBRauthor href="ga" as="author"></FRBRauthor>
          <FRBRcountry value="un"></FRBRcountry>
        </FRBRWork>
        <FRBRExpression>
          <FRBRthis value="/akn/un/statement/deliberation/unga/2019-11-11/74-8/zho@!main/"></FRBRthis>
          <FRBRuri value="/akn/un/statement/deliberation/unga/2019-11-11/74-8/zho@/"></FRBRuri>
          <FRBRdate date="2019-11-12" name="publication"></FRBRdate>
          <FRBRauthor href="ga" as="issuer"></FRBRauthor>
          <FRBRlanguage language="zho"></FRBRlanguage>
        </FRBRExpression>
        <FRBRManifestation>
          <FRBRthis value="/akn/un/statement/deliberation/unga/2019-11-11/74-8/zho@/!main.xml"></FRBRthis>
          <FRBRuri value="/akn/un/statement/deliberation/unga/2019-11-11/74-8/zho@.xml"></FRBRuri>
          <FRBRdate date="2020-08-29" name="markup"></FRBRdate>
          <FRBRauthor href="DGACM" as="editor"></FRBRauthor>
        </FRBRManifestation>
      </identification>
      <classification source="http://metadata.un.org/sdg">
        <keyword value="2" href="http://metadata.un.org/sdg/2" showAs="sdg_2" dictionary="SDGO"></keyword>
        <keyword value="food_shortage" href="http://eurovoc.europa.eu/2318" showAs="food_shortage" dictionary="EuroVoc"></keyword>
        <keyword value="sustainable_agriculture" href="http://eurovoc.europa.eu/6308" showAs="sustainable_agriculture" dictionary="EuroVoc"></keyword>
        <keyword value="food_security" href="http://eurovoc.europa.eu/c_4523e1dd" showAs="food_security" dictionary="EuroVoc"></keyword>
        <keyword value="food_security" href="http://metadata.un.org/thesaurus/1002439" showAs="food_security" dictionary="UNBIS Thesaurus"></keyword>
        <keyword value="food_shortage" href="http://metadata.un.org/thesaurus/1002440" showAs="food_shortage" dictionary="UNBIS Thesaurus"></keyword>
        <keyword value="hunger" href="http://metadata.un.org/thesaurus/1003004" showAs="hunger" dictionary="UNBIS Thesaurus"></keyword>
        <keyword value="sustainable_agriculture" href="http://metadata.un.org/thesaurus/1006317" showAs="sustainable_agriculture" dictionary="UNBIS Thesaurus"></keyword>
      </classification>
      <classification source="http://metadata.un.org/sdg">
        <keyword value="7" href="http://metadata.un.org/sdg/7" showAs="sdg_7" dictionary="SDGO"></keyword>
        <keyword value="66_energy" href="http://eurovoc.europa.eu/100159" showAs="66_energy" dictionary="EuroVoc"></keyword>
        <keyword value="energy_market" href="http://eurovoc.europa.eu/4886" showAs="energy_market" dictionary="EuroVoc"></keyword>
        <keyword value="sustainable_energy" href="http://metadata.un.org/thesaurus/1006320" showAs="sustainable_energy" dictionary="UNBIS Thesaurus"></keyword>
      </classification>
      <classification source="http://metadata.un.org/sdg">
        <keyword value="16" href="http://metadata.un.org/sdg/16" showAs="sdg_16" dictionary="SDGO"></keyword>
        <keyword value="right_to_justice" href="http://eurovoc.europa.eu/516" showAs="right_to_justice" dictionary="EuroVoc"></keyword>
        <keyword value="sustainable_development" href="http://eurovoc.europa.eu/5585" showAs="sustainable_development" dictionary="EuroVoc"></keyword>
        <keyword value="civil_society" href="http://metadata.un.org/thesaurus/1001012" showAs="civil_society" dictionary="UNBIS Thesaurus"></keyword>
        <keyword value="justice" href="http://metadata.un.org/thesaurus/1003500" showAs="justice" dictionary="UNBIS Thesaurus"></keyword>
        <keyword value="peaceful_coexistence" href="http://metadata.un.org/thesaurus/1004777" showAs="peaceful_coexistence" dictionary="UNBIS Thesaurus"></keyword>
        <keyword value="public_institutions" href="http://metadata.un.org/thesaurus/1005254" showAs="public_institutions" dictionary="UNBIS Thesaurus"></keyword>
        <keyword value="social_justice" href="http://metadata.un.org/thesaurus/1005970" showAs="social_justice" dictionary="UNBIS Thesaurus"></keyword>
        <keyword value="sustainable_development" href="http://metadata.un.org/thesaurus/1006319" showAs="sustainable_development" dictionary="UNBIS Thesaurus"></keyword>
      </classification>
      <classification source="http://metadata.un.org/sdg">
        <keyword value="17" href="http://metadata.un.org/sdg/17" showAs="sdg_17" dictionary="SDGO"></keyword>
        <keyword value="sustainable_development" href="http://eurovoc.europa.eu/5585" showAs="sustainable_development" dictionary="EuroVoc"></keyword>
        <keyword value="partnership" href="http://eurovoc.europa.eu/4199" showAs="partnership" dictionary="EuroVoc"></keyword>
        <keyword value="sustainable_development" href="http://metadata.un.org/thesaurus/1006319" showAs="sustainable_development" dictionary="UNBIS Thesaurus"></keyword>
        <keyword value="partnership" href="http://metadata.un.org/thesaurus/1004748" showAs="partnership" dictionary="UNBIS Thesaurus"></keyword>
      </classification>
      <workflow source="#un">
        <step date="2019-10-30" outcome="draftResolution" as="A/74/L.10" by="Austria, Belgium, Canada, Croatia, Cyprus, Czechia, Denmark, Egypt, Estonia, Finland, France, Greece, Hungary, India, Ireland, Italy, Latvia, Liechtenstein, Lithuania, Luxembourg, Malaysia, Malta, Netherlands, Philippines, Poland, Portugal, Romania, San Marino, Slovakia, Slovenia, Sweden, Thailand, United States of America and Uruguay" />
        <step date="0001-01-01" outcome="draftResolutionAdditionalSponsors" by="Albania, Algeria, Argentina, Armenia, Australia, Bangladesh, Belarus, Bosnia and Herzegovina, Brunei Darussalam, Bulgaria, Central African Republic, Chile, Colombia, Democratic Republic of the Congo, Dominican Republic, Georgia, Germany, Guatemala, Indonesia, Iraq, Japan, Jordan, Kazakhstan, Lebanon, Mexico, Monaco, Mongolia, Montenegro, Morocco, New Zealand, North Macedonia, Norway, Republic of Korea, Russian Federation, Serbia, Seychelles, Singapore, South Africa, Spain, Sudan, Tajikistan, Tunisia, Turkey, Ukraine, United Arab Emirates and United Kingdom" />
        <step date="0001-01-01" outcome="recommendedForAdoption" by="" />
        <step date="2019-11-11" outcome="adopted" as="A/74/PV.30" by="" />
      </workflow>
      <analysis source="#un">
        <parliamentary>
          <voting outcome="adoptedWithoutVote">
            <quorum value=""></quorum>
          </voting>
        </parliamentary>
      </analysis>
      <references source="#DGACM">
        <TLCOrganization eId="source" href="/akn/ontology/organization/un/DGACM" showAs="DGACM"></TLCOrganization>
        <TLCConcept eId="dateOfIssuance" href="/akn/ontology/concept/un/dateOfIssuance" showAs="Date of issuance"></TLCConcept>
        <TLCConcept eId="dateOfAdoption" href="/akn/ontology/concept/un/dateOfAdoption" showAs="Date of adoption"></TLCConcept>
        <TLCConcept eId="symbol" href="/akn/ontology/reference/un/symbol" showAs="Symbol"></TLCConcept>
        <TLCRole eId="publisher" href="/akn/ontology/role/un/publisher" showAs="Publisher"></TLCRole>
        <TLCRole eId="issuingBody" href="/akn/role/concept/un/issuingBody" showAs="Issuing body"></TLCRole>
        <TLCRole eId="author" href="/akn/ontology/role/un/author" showAs="Author"></TLCRole>
        <TLCRole eId="editor" href="/akn/ontology/role/un/editor" showAs="Editor"></TLCRole>
        <TLCRole eId="distribution" href="/akn/ontology/concept/un/generalDistribution" showAs="General distribution"></TLCRole>
        <TLCOrganization eId="ga" href="/akn/ontology/organization/un/generalAssembly" showAs="General Assembly"></TLCOrganization>
        <TLCTerm eId="resolutionTitle" href="/akn/ontology/reference/un/resolutionTitle" showAs="Resolution title"></TLCTerm>
        <TLCTerm eId="noMainCommittee" href="#noMainCommittee" showAs="未经发交主要委员会而通过"></TLCTerm>
        <TLCTerm eId="memberState" href="/akn/ontology/organization/un/memberState" showAs="Member State"></TLCTerm>
        <TLCTerm eId="inFavour" href="/akn/ontology/concept/un/voting/inFavour" showAs="In favour"></TLCTerm>
        <TLCTerm eId="against" href="/akn/ontology/concept/un/voting/against" showAs="Against"></TLCTerm>
        <TLCTerm eId="abstaining" href="/akn/ontology/concept/un/voting/abstaining" showAs="Abstaining"></TLCTerm>
      </references>
      <presentation source="#un">
        <akn4un:footerFirstPage>
          <akn4un:footerFirstPageLeft>
            <akn4un:internalCode>
              <docketNumber refersTo="#publicationJobNumber">19-19479 (C)</docketNumber>
              <img alt="bar code" class="barCode" src=""></img>
            </akn4un:internalCode>
          </akn4un:footerFirstPageLeft>
          <akn4un:footerFirstPageRight>
            <img alt="Please recycle" class="image" src="./recylcleLogo.jpg"></img>
            <img alt="embedded QR code" class="qrCode" src=""></img>
          </akn4un:footerFirstPageRight>
        </akn4un:footerFirstPage>
      </presentation>
    </meta>
    <coverPage eId="coverPage_1">
      <p>
        <span refersTo="#publisher" class="upperLeft">
          <docAuthority refersTo="#publisher">联合国</docAuthority>
        </span>
      </p>
      <p class="upperRight">
        <docNumber refersTo="#symbol">A/RES/74/8</docNumber>
      </p>
      <p class="upperLeft">
        <img src="logo-un.jpg"></img>
        <docAuthority refersTo="#issuingBody" class="rightBig">大会</docAuthority>
      </p>
      <p>
        <docStatus refersTo="#generalDistribution" class="rightSmall">Distr.: General</docStatus>
      </p>
      <p>
        <docDate date="2019-11-12" class="rightSmall" refersTo="#dateOfIssuance">12 November 2019</docDate>
      </p>
      <p>
        <session refersTo="#generalAssembly" value="74" eId="coverPage_1__session_1">第七十四届会议</session>
      </p>
      <p>
        <inline name="agenda item">议程项目88</inline>
      </p>
      <p>
        <inline name="agenda item name">国际原子能机构的报告</inline>
      </p>
      <p>
        <docTitle>2019年11月11日大会决议</docTitle>
      </p>
      <p xml:space="preserve">
        <docProponent refersTo="#noMainCommittee">[未经发交主要委员会而通过 (<inline name="originating document">A/74/L.10和A/74/L.10/Add.1</inline>)]</docProponent>
      </p>
    </coverPage>
    <preface>
      <p>
        <docNumber>74/8.</docNumber>
        <docTitle refersTo="#resolutionTitle">国际原子能机构的报告</docTitle>
      </p>
    </preface>
    <preamble>
      <formula name="enactingFormula" eId="formula_1">
        <p xml:space="preserve">
          <span class="bold">大会</span>，</p>
      </formula>
      <container name="收到"  eId="container_2">
        <p xml:space="preserve">
          <span class="bold">收到</span>国际原子能机构2018年的报告，<authorialNote marker="1" placement="bottom" eId="authorialNote_1"><p xml:space="preserve">		见<a href="https://undocs.org/ch/A/74/287">A/74/287</a>。</p></authorialNote></p>
      </container>
      <container name="哀悼"  eId="container_3">
        <p xml:space="preserve">
          <span class="bold">哀悼</span>原子能机构总干事天野之弥先生逝世，</p>
      </container>
      <container name="表示注意到"  eId="container_4">
        <p xml:space="preserve">
          <span class="bold">表示注意到</span>原子能机构代理总干事的陈述，其中就原子能机构2019年活动的主要动态提供了进一步资料，</p>
      </container>
      <container name="确认"  eId="container_5">
        <p xml:space="preserve">
          <span class="bold">确认</span>原子能机构工作的重要性，</p>
      </container>
      <container name="又确认"  eId="container_6">
        <p xml:space="preserve">
          <span class="bold">又确认</span>联合国与原子能机构之间的合作，以及原子能机构大会于1957年10月23日和联合国大会在1957年11月14日第1145(XII)号决议附件中分别核可的《联合国与原子能机构间关系协定》，</p>
      </container>
    </preamble>
    <mainBody>
      <paragraph eId="para_7" class="MercuryDocument">
        <num>	1.</num>
        <content eId="para_7__content">
          <p xml:space="preserve">
            <span class="bold">表示赞赏地注意到</span>国际原子能机构的报告；<sup>1</sup></p>
        </content>
      </paragraph>
      <paragraph eId="para_8" class="MercuryDocument">
        <num>	2.</num>
        <content eId="para_8__content">
          <p xml:space="preserve">
            <span class="bold">表示注意到</span>2019年9月16日至20日举行的原子能机构大会第六十三届常会通过的关于悼念已故天野之弥总干事的GC(63)/RES/1号决议；关于加强核安全和辐射安全的GC(63)/RES/7号决议；关于核安保的GC(63)/RES/8号决议；关于加强原子能机构的技术合作活动的GC(63)/RES/9号决议；关于加强原子能机构有关核科学、核技术和核应用的活动的GC(63)/RES/10号决议，其中包括关于核的非动力应用的GC(63/RES/10 A号决议和关于核动力应用的GC(63)/RES/10 B号决议；关于加强原子能机构保障监督的有效性和提高保障监督效率的GC(63)/RES/11号决议；关于执行原子能机构与朝鲜民主主义人民共和国实施有关《不扩散核武器条约》保障监督的协定的GC(63)/RES/12号决议；关于在中东实施原子能机构保障监督的GC(63)/RES/13号决议；关于人事事项的GC(63)/RES/14号决议，其中包括关于国际原子能机构秘书处工作人员员额的GC(63)/RES/14 A号决议和关于秘书处的妇女的GC(63)/RES/14 B号决议；以及关于原子能机构《规约》第十四条A款修正案的GC(63)/DEC/11号决定；关于促进提高原子能机构决策过程的效率和效力的GC(63)/DEC/12号决定；关于原子能机构《规约》第六条修订案的GC(63)/DEC/13号决定；</p>
        </content>
      </paragraph>
      <paragraph eId="para_9" class="MercuryDocument">
        <num>	3.</num>
        <content eId="para_9__content">
          <p xml:space="preserve">
            <span class="bold">表示赞赏</span>已故总干事天野之弥先生的十年杰出服务，以及他特别是以“原子用于和平与发展”为座右铭，对加强原子能机构促进国际和平与安全及支持和平利用核技术的努力作出重大贡献；</p>
        </content>
      </paragraph>
      <paragraph eId="para_10" class="MercuryDocument">
        <num>	4.</num>
        <content eId="para_10__content">
          <p xml:space="preserve">
            <span class="bold">重申坚决支持</span>原子能机构在鼓励和协助为和平用途而发展和实际应用原子能、在向发展中国家转让技术以及在核安全、核核查与核保安方面发挥不可或缺的作用；</p>
        </content>
      </paragraph>
      <paragraph eId="para_11" class="MercuryDocument">
        <num>	5.</num>
        <content eId="para_11__content">
          <p xml:space="preserve">
            <span class="bold">呼吁</span>会员国继续支持原子能机构的活动；</p>
        </content>
      </paragraph>
      <paragraph eId="para_12" class="MercuryDocument">
        <num>	6.</num>
        <content eId="para_12__content">
          <p xml:space="preserve">
            <span class="bold">请</span>秘书长将大会第七十四届会议有关原子能机构活动的会议记录转交给原子能机构代理总干事。</p>
        </content>
      </paragraph>
    </mainBody>
    <conclusions eId="conclusions">
      <p>
        <inline name="adoptionMeeting" title="第30次">第30次全体会议</inline>
        <eol />
        <docDate date="2019-11-11" refersTo="#adoptionDate">2019年11月11日</docDate>
      </p>
    </conclusions>
  </statement>
</akomaNtoso>