<akomaNtoso xmlns:xsi="http://www.w3.org/2001/XMLSchema-instance" xsi:schemaLocation="http://docs.oasis-open.org/legaldocml/ns/akn/3.0 http://docs.oasis-open.org/legaldocml/akn-core/v1.0/os/part2-specs/schemas/akomantoso30.xsd" xmlns="http://docs.oasis-open.org/legaldocml/ns/akn/3.0" xmlns:html="http://www.w3.org/1999/xhtml" xmlns:akn4un="http://un.org/akn4un">
  <statement name="resolution">
    <meta>
      <identification source="#DGACM">
        <FRBRWork>
          <FRBRthis value="/akn/un/statement/deliberation/unga/2019-12-13/74-97/!main/"></FRBRthis>
          <FRBRuri value="/akn/un/statement/deliberation/unga/2019-12-13/74-97/"></FRBRuri>
          <FRBRdate date="2019-12-13" name="adoption"></FRBRdate>
          <FRBRauthor href="ga" as="author"></FRBRauthor>
          <FRBRcountry value="un"></FRBRcountry>
        </FRBRWork>
        <FRBRExpression>
          <FRBRthis value="/akn/un/statement/deliberation/unga/2019-12-13/74-97/zho@!main/"></FRBRthis>
          <FRBRuri value="/akn/un/statement/deliberation/unga/2019-12-13/74-97/zho@/"></FRBRuri>
          <FRBRdate date="2019-12-26" name="publication"></FRBRdate>
          <FRBRauthor href="ga" as="issuer"></FRBRauthor>
          <FRBRlanguage language="zho"></FRBRlanguage>
        </FRBRExpression>
        <FRBRManifestation>
          <FRBRthis value="/akn/un/statement/deliberation/unga/2019-12-13/74-97/zho@/!main.xml"></FRBRthis>
          <FRBRuri value="/akn/un/statement/deliberation/unga/2019-12-13/74-97/zho@.xml"></FRBRuri>
          <FRBRdate date="2020-08-30" name="markup"></FRBRdate>
          <FRBRauthor href="DGACM" as="editor"></FRBRauthor>
        </FRBRManifestation>
      </identification>
      <workflow source="#un">
        <step date="0001-01-01" outcome="draftResolution" by="submitted by the Chair of the Committee" />
        <step date="0001-01-01" outcome="draftResolutionAdditionalSponsors" by="" />
        <step date="0001-01-01" outcome="recommendedForAdoption" as="A/74/418" by="" refersTo="39" />
        <step date="2019-12-13" outcome="adopted" as="A/74/PV.47" by="" />
      </workflow>
      <analysis source="#un">
        <parliamentary>
          <voting outcome="adoptedWithoutVote">
            <quorum value=""></quorum>
          </voting>
        </parliamentary>
      </analysis>
      <references source="#DGACM">
        <TLCOrganization eId="source" href="/akn/ontology/organization/un/DGACM" showAs="DGACM"></TLCOrganization>
        <TLCConcept eId="dateOfIssuance" href="/akn/ontology/concept/un/dateOfIssuance" showAs="Date of issuance"></TLCConcept>
        <TLCConcept eId="dateOfAdoption" href="/akn/ontology/concept/un/dateOfAdoption" showAs="Date of adoption"></TLCConcept>
        <TLCConcept eId="symbol" href="/akn/ontology/reference/un/symbol" showAs="Symbol"></TLCConcept>
        <TLCRole eId="publisher" href="/akn/ontology/role/un/publisher" showAs="Publisher"></TLCRole>
        <TLCRole eId="issuingBody" href="/akn/role/concept/un/issuingBody" showAs="Issuing body"></TLCRole>
        <TLCRole eId="author" href="/akn/ontology/role/un/author" showAs="Author"></TLCRole>
        <TLCRole eId="editor" href="/akn/ontology/role/un/editor" showAs="Editor"></TLCRole>
        <TLCRole eId="distribution" href="/akn/ontology/concept/un/generalDistribution" showAs="General distribution"></TLCRole>
        <TLCOrganization eId="ga" href="/akn/ontology/organization/un/generalAssembly" showAs="General Assembly"></TLCOrganization>
        <TLCTerm eId="resolutionTitle" href="/akn/ontology/reference/un/resolutionTitle" showAs="Resolution title"></TLCTerm>
        <TLCTerm eId="fourthCommittee" href="#fourthCommittee" showAs="特别政治和非殖民化委员会"></TLCTerm>
        <TLCTerm eId="memberState" href="/akn/ontology/organization/un/memberState" showAs="Member State"></TLCTerm>
        <TLCTerm eId="inFavour" href="/akn/ontology/concept/un/voting/inFavour" showAs="In favour"></TLCTerm>
        <TLCTerm eId="against" href="/akn/ontology/concept/un/voting/against" showAs="Against"></TLCTerm>
        <TLCTerm eId="abstaining" href="/akn/ontology/concept/un/voting/abstaining" showAs="Abstaining"></TLCTerm>
      </references>
      <presentation source="#un">
        <akn4un:footerFirstPage>
          <akn4un:footerFirstPageLeft>
            <akn4un:internalCode>
              <docketNumber refersTo="#publicationJobNumber">19-21912 (C)</docketNumber>
              <img alt="bar code" class="barCode" src=""></img>
            </akn4un:internalCode>
          </akn4un:footerFirstPageLeft>
          <akn4un:footerFirstPageRight>
            <img alt="Please recycle" class="image" src="./recylcleLogo.jpg"></img>
            <img alt="embedded QR code" class="qrCode" src=""></img>
          </akn4un:footerFirstPageRight>
        </akn4un:footerFirstPage>
      </presentation>
    </meta>
    <coverPage eId="coverPage_1">
      <p>
        <span refersTo="#publisher" class="upperLeft">
          <docAuthority refersTo="#publisher">联合国</docAuthority>
        </span>
      </p>
      <p class="upperRight">
        <docNumber refersTo="#symbol">A/RES/74/97</docNumber>
      </p>
      <p class="upperLeft">
        <img src="logo-un.jpg"></img>
        <docAuthority refersTo="#issuingBody" class="rightBig">大会</docAuthority>
      </p>
      <p>
        <docStatus refersTo="#generalDistribution" class="rightSmall">Distr.: General</docStatus>
      </p>
      <p>
        <docDate date="2019-12-26" class="rightSmall" refersTo="#dateOfIssuance">26 December 2019</docDate>
      </p>
      <p>
        <session refersTo="#generalAssembly" value="74" eId="coverPage_1__session_1">第七十四届会议</session>
      </p>
      <p>
        <inline name="agenda item">议程项目59</inline>
      </p>
      <p>
        <inline name="agenda item name">《给予殖民地国家和人民独立宣言》的执行情况</inline>
      </p>
      <p>
        <docTitle>2019年12月13日大会决议</docTitle>
      </p>
      <p xml:space="preserve">
        <docProponent refersTo="#fourthCommittee">[根据特别政治和非殖民化委员会(第四委员会) (<inline name="originating document">A/74/418</inline>)]</docProponent>
      </p>
    </coverPage>
    <preface>
      <p>
        <docNumber>74/97.</docNumber>
        <docTitle refersTo="#resolutionTitle">西撒哈拉问题</docTitle>
      </p>
    </preface>
    <preamble>
      <formula name="enactingFormula" eId="formula_1">
        <p xml:space="preserve">
          <span class="bold">大会</span>，</p>
      </formula>
      <container name="深入" eId="container_2">
          <p xml:space="preserve">
            <span class="bold">深入</span>审议了西撒哈拉问题，</p>
        </container>
      <container name="重申" eId="container_3">
        <p xml:space="preserve">
          <span class="bold">重申</span>按照《联合国宪章》和大会载有《给予殖民地国家和人民独立宣言》的1960年12月14日第<a href="https://undocs.org/ch/A/RES/1514(XV)">1514(XV)</a>号决议所述各项原则，所有人民都拥有不可剥夺的自决和独立权利，</p>
      </container>
      <container name="确认" eId="container_4">
        <p xml:space="preserve">
          <span class="bold">确认</span>只要是按照有关人民自由表达的意愿，并符合大会第1514(XV)号、1960年12月15日第1541(XV)号决议和大会其他决议明确规定的原则，实现领土自决的所有备选方案均为有效，</p>
      </container>
      <container name="回顾" eId="container_5">
        <p xml:space="preserve">
          <span class="bold">回顾</span>其2018年12月7日第<a href="https://undocs.org/ch/A/RES/73/107">73/107</a>号决议，</p>
      </container>
      <container name="又回顾" eId="container_6">
        <p xml:space="preserve">
          <span class="bold">又回顾</span>大会和安全理事会有关西撒哈拉问题的所有决议，</p>
      </container>
      <container name="还回顾" eId="container_7">
        <p xml:space="preserve">
          <span class="bold">还回顾</span>安全理事会1990年6月27日第<a href="https://undocs.org/ch/S/RES/658(1990)">658(1990)</a>号、1991年4月29日第<a href="https://undocs.org/ch/S/RES/690(1991)">690(1991)</a>号、2001年6月29日第<a href="https://undocs.org/ch/S/RES/1359(2001)">1359(2001)</a>号、2002年7月30日第<a href="https://undocs.org/ch/S/RES/1429(2002)">1429(2002)</a>号、2003年7月31日第<a href="https://undocs.org/ch/S/RES/1495(2003)">1495(2003)</a>号、2004年4月29日第<a href="https://undocs.org/ch/S/RES/1541(2004)">1541(2004)</a>号、2004年10月28日第<a href="https://undocs.org/ch/S/RES/1570(2004)">1570(2004)</a>号、2005年4月28日第<a href="https://undocs.org/ch/S/RES/1598(2005)">1598(2005)</a>号、2005年10月28日第<a href="https://undocs.org/ch/S/RES/1634(2005)">1634(2005)</a>号、2006年4月28日第<a href="https://undocs.org/ch/S/RES/1675(2006)">1675(2006)</a>号和2006年10月31日第<a href="https://undocs.org/ch/S/RES/1720(2006)">1720(2006)</a>号决议，</p>
      </container>
      <container name="着重指出" eId="container_8">
        <p xml:space="preserve">
          <span class="bold">着重指出</span>安全理事会通过了2007年4月30日第<a href="https://undocs.org/ch/S/RES/1754(2007)">1754(2007)</a>号、2007年10月31日第<a href="https://undocs.org/ch/S/RES/1783(2007)">1783(2007)</a>号、2008年4月30日第<a href="https://undocs.org/ch/S/RES/1813(2008)">1813(2008)</a>号、2009年4月30日第<a href="https://undocs.org/ch/S/RES/1871(2009)">1871(2009)</a>号、2010年4月30日第<a href="https://undocs.org/ch/S/RES/1920(2010)">1920(2010)</a>号、2011年4月27日第<a href="https://undocs.org/ch/S/RES/1979(2011)">1979(2011)</a>号、2012年4月24日第<a href="https://undocs.org/ch/S/RES/2044(2012)">2044(2012)</a>号、2013年4月25日第<a href="https://undocs.org/ch/S/RES/2099(2013)">2099(2013)</a>号、2014年4月29日第<a href="https://undocs.org/ch/S/RES/2152(2014)">2152(2014)</a>号、2015年4月28日第<a href="https://undocs.org/ch/S/RES/2218(2015)">2218(2015)</a>号、2016年4月29日第<a href="https://undocs.org/ch/S/RES/2285(2016)">2285(2016)</a>号、2017年4月28日第<a href="https://undocs.org/ch/S/RES/2351(2017)">2351(2017)</a>号和2018年4月27日第<a href="https://undocs.org/ch/S/RES/2414(2018)">2414(2018)</a>、2018年10月31日第<a href="https://undocs.org/ch/S/RES/2440 (2018)">2440 (2018)</a>号和2019年4月30日第<a href="https://undocs.org/ch/S/RES/2468 (2019)">2468 (2019)</a>号决议，</p>
      </container>
      <container name="表示满意地注意到" eId="container_9">
          <p xml:space="preserve">
            <span class="bold">表示满意地注意到</span>各方由负责西撒哈拉问题的秘书长个人特使主持并在邻国参与下，于2007年6月18和19日、2007年8月10和11日、2008年1月7至9日以及2008年3月16至18日举行会晤并商定继续谈判，</p>
        </container>
      <container name="又表示满意地注意到" eId="container_10">
        <p xml:space="preserve">
          <span class="bold">又表示满意地注意到</span>为了筹备第五轮谈判，秘书长个人特使在下列时间和地点召集了九次非正式会议：2009年8月9和10日在奥地利迪恩施泰因、2010年2月10和11日在美利坚合众国纽约韦斯特切斯特县、2010年11月7至10日、2010年12月16至18日和2011年1月21至23日在纽约长岛、2011年3月7至9日在马耳他梅利哈、2011年6月5至7日和2011年7月19至21日在纽约长岛以及2012年3月11至13日在纽约曼哈塞特，</p>
      </container>
      <container name="促请" eId="container_11">
        <p xml:space="preserve">
          <span class="bold">促请</span>各方和该区域各国与秘书长及其个人特使以及相互之间通力合作，</p>
      </container>
      <container name="重申" eId="container_12">
        <p xml:space="preserve">
          <span class="bold">重申</span>联合国对西撒哈拉人民担负的责任，</p>
      </container>
      <container name="欣见" eId="container_13">
        <p xml:space="preserve">
          <span class="bold">欣见</span>秘书长及其个人特使为此努力寻求可被互为接受的政治解决争端的办法，这将为西撒哈拉人民自决作准备，</p>
      </container>
      <container name="审查了" eId="container_14">
        <p xml:space="preserve">
          <span class="bold">审查了</span>给予殖民地国家和人民独立宣言执行情况特别委员会2019年报告中的有关章节，<authorialNote marker="1" placement="bottom" eId="authorialNote_1"><p xml:space="preserve">		《大会正式记录，第七十四届会议，补编第23号》(<a href="https://undocs.org/ch/A/74/23">A/74/23</a>)，第八章。</p></authorialNote></p>
      </container>
      <container name="又审查了" eId="container_15">
        <p xml:space="preserve">
          <span class="bold">又审查了</span>秘书长的报告，<authorialNote marker="2" placement="bottom" eId="authorialNote_2"><p xml:space="preserve"><a href="https://undocs.org/ch/A/74/341">A/74/341</a>。</p></authorialNote></p>
      </container>
    </preamble>
    <mainBody>
      <paragraph eId="para_16" class="MercuryDocument">
        <num>	1.</num>
        <content eId="para_16__content">
          <p xml:space="preserve">
            <span class="bold">表示注意到</span>秘书长的报告；<sup>2</sup></p>
        </content>
      </paragraph>
      <paragraph eId="para_17" class="MercuryDocument">
        <num>	2.</num>
        <content eId="para_17__content">
          <p xml:space="preserve">
            <span class="bold">支持</span>安全理事会第<a href="https://undocs.org/ch/S/RES/1754(2007)">1754(2007)</a>号决议发起并得到安理会第<a href="https://undocs.org/ch/S/RES/1783(2007)">1783(2007)</a>、<a href="https://undocs.org/ch/S/RES/1813(2008)">1813(2008)</a>、<a href="https://undocs.org/ch/S/RES/1871(2009)">1871(2009)</a>、<a href="https://undocs.org/ch/S/RES/1920(2010)">1920(2010)</a>、<a href="https://undocs.org/ch/S/RES/1979(2011)">1979(2011)</a>、<a href="https://undocs.org/ch/S/RES/2044(2012)">2044(2012)</a>、<a href="https://undocs.org/ch/S/RES/2099(2013)">2099(2013)</a>、<a href="https://undocs.org/ch/S/RES/2152(2014)">2152(2014)</a>、<a href="https://undocs.org/ch/S/RES/2218(2015)">2218(2015)</a>、<a href="https://undocs.org/ch/S/RES/2285(2016)">2285(2016)</a>、<a href="https://undocs.org/ch/S/RES/2351(2017)">2351(2017)</a>、<a href="https://undocs.org/ch/S/RES/2414(2018)">2414(2018)</a>、<a href="https://undocs.org/ch/S/RES/2440(2018)">2440(2018)</a>和<a href="https://undocs.org/ch/S/RES/2468(2019)">2468(2019)</a>号决议进一步支持的谈判进程，以期达成公正、持久和可被互为接受的政治解决办法，这将为西撒哈拉人民自决作准备，并赞扬秘书长及其西撒哈拉问题个人特使在这方面所作努力；</p>
        </content>
      </paragraph>
      <paragraph eId="para_18" class="MercuryDocument">
        <num>	3.</num>
        <content eId="para_18__content">
          <p xml:space="preserve">
            <span class="bold">欣见</span>各方承诺继续展现政治意愿，在有益于对话的气氛中作出真诚和无先决条件的努力，以进入更密集的谈判阶段，同时注意到2006年以来的努力和发展，从而确保安全理事会第<a href="https://undocs.org/ch/S/RES/1754(2007)">1754(2007)</a>、<a href="https://undocs.org/ch/S/RES/1783(2007)">1783(2007)</a>、<a href="https://undocs.org/ch/S/RES/1813(2008)">1813(2008)</a>、<a href="https://undocs.org/ch/S/RES/1871(2009)">1871(2009)</a>、<a href="https://undocs.org/ch/S/RES/1920(2010)">1920(2010)</a>、<a href="https://undocs.org/ch/S/RES/1979(2011)">1979(2011)</a>、<a href="https://undocs.org/ch/S/RES/2044(2012)">2044(2012)</a>、<a href="https://undocs.org/ch/S/RES/2099(2013)">2099(2013)</a>、<a href="https://undocs.org/ch/S/RES/2152(2014)">2152(2014)</a>、<a href="https://undocs.org/ch/S/RES/2218(2015)">2218(2015)</a>、<a href="https://undocs.org/ch/S/RES/2285(2016)">2285(2016)</a>、<a href="https://undocs.org/ch/S/RES/2351(2017)">2351(2017)</a>、<a href="https://undocs.org/ch/S/RES/2414(2018)">2414(2018)</a>、<a href="https://undocs.org/ch/S/RES/2440 (2018)">2440 (2018)</a>和<a href="https://undocs.org/ch/S/RES/2468 (2019)">2468 (2019)</a>号决议的执行，并确保谈判取得成功；</p>
        </content>
      </paragraph>
      <paragraph eId="para_19" class="MercuryDocument">
        <num>	4.</num>
        <content eId="para_19__content">
          <p xml:space="preserve">
            <span class="bold">又欣见</span>各方于2007年6月18和19日、2007年8月10和11日、2008年1月7至9日和2008年3月16至18日由联合国主持并在邻国参与下举行持续的谈判；</p>
        </content>
      </paragraph>
      <paragraph eId="para_20" class="MercuryDocument">
        <num>	5.</num>
        <content eId="para_20__content">
          <p xml:space="preserve">
            <span class="bold">促请</span>各方与红十字国际委员会合作，并促请它们遵守国际人道主义法规定的义务；</p>
        </content>
      </paragraph>
      <paragraph eId="para_21" class="MercuryDocument">
        <num>	6.</num>
        <content eId="para_21__content">
          <p xml:space="preserve">
            <span class="bold">请</span>给予殖民地国家和人民独立宣言执行情况特别委员会继续审议西撒哈拉局势，并就此向大会第七十五届会议提出报告；</p>
        </content>
      </paragraph>
      <paragraph eId="para_22" class="SingleTxt">
        <num>	7.</num>
        <content eId="para_22__content">
          <p xml:space="preserve">
            <span class="bold">邀请</span>秘书长就本决议执行情况向大会第七十五届会议提出报告。</p>
        </content>
      </paragraph>
    </mainBody>
    <conclusions eId="conclusions">
      <p>
        <inline name="adoptionMeeting" title="第47次">第47次全体会议</inline>
        <eol />
        <docDate date="2019-12-13" refersTo="#adoptionDate">2019年12月13日</docDate>
      </p>
    </conclusions>
  </statement>
</akomaNtoso>