<akomaNtoso xmlns:xsi="http://www.w3.org/2001/XMLSchema-instance" xsi:schemaLocation="http://docs.oasis-open.org/legaldocml/ns/akn/3.0 http://docs.oasis-open.org/legaldocml/akn-core/v1.0/os/part2-specs/schemas/akomantoso30.xsd" xmlns="http://docs.oasis-open.org/legaldocml/ns/akn/3.0" xmlns:html="http://www.w3.org/1999/xhtml" xmlns:akn4un="http://un.org/akn4un">
  <statement name="resolution">
    <meta>
      <identification source="#DGACM">
        <FRBRWork>
          <FRBRthis value="/akn/un/statement/deliberation/unga/2019-12-13/74-91/!main/"></FRBRthis>
          <FRBRuri value="/akn/un/statement/deliberation/unga/2019-12-13/74-91/"></FRBRuri>
          <FRBRdate date="2019-12-13" name="adoption"></FRBRdate>
          <FRBRauthor href="ga" as="author"></FRBRauthor>
          <FRBRcountry value="un"></FRBRcountry>
        </FRBRWork>
        <FRBRExpression>
          <FRBRthis value="/akn/un/statement/deliberation/unga/2019-12-13/74-91/zho@!main/"></FRBRthis>
          <FRBRuri value="/akn/un/statement/deliberation/unga/2019-12-13/74-91/zho@/"></FRBRuri>
          <FRBRdate date="2019-12-26" name="publication"></FRBRdate>
          <FRBRauthor href="ga" as="issuer"></FRBRauthor>
          <FRBRlanguage language="zho"></FRBRlanguage>
        </FRBRExpression>
        <FRBRManifestation>
          <FRBRthis value="/akn/un/statement/deliberation/unga/2019-12-13/74-91/zho@/!main.xml"></FRBRthis>
          <FRBRuri value="/akn/un/statement/deliberation/unga/2019-12-13/74-91/zho@.xml"></FRBRuri>
          <FRBRdate date="2020-09-01" name="markup"></FRBRdate>
          <FRBRauthor href="DGACM" as="editor"></FRBRauthor>
        </FRBRManifestation>
      </identification>
      <classification source="http://metadata.un.org/sdg">
        <keyword value="5" href="http://metadata.un.org/sdg/5" showAs="sdg_5" dictionary="SDGO"></keyword>
        <keyword value="gender_equality" href="http://eurovoc.europa.eu/3913" showAs="gender_equality" dictionary="EuroVoc"></keyword>
        <keyword value="participation_of_women" href="http://eurovoc.europa.eu/2265" showAs="participation_of_women" dictionary="EuroVoc"></keyword>
        <keyword value="women&amp;#39;s_rights" href="http://eurovoc.europa.eu/585" showAs="women&amp;#39;s_rights" dictionary="EuroVoc"></keyword>
        <keyword value="position_of_women" href="http://eurovoc.europa.eu/81" showAs="position_of_women" dictionary="EuroVoc"></keyword>
        <keyword value="women" href="http://metadata.un.org/thesaurus/1007029" showAs="women" dictionary="UNBIS Thesaurus"></keyword>
        <keyword value="gender_equality" href="http://metadata.un.org/thesaurus/1002612" showAs="gender_equality" dictionary="UNBIS Thesaurus"></keyword>
        <keyword value="girls" href="http://metadata.un.org/thesaurus/1002684" showAs="girls" dictionary="UNBIS Thesaurus"></keyword>
      </classification>
      <classification source="http://metadata.un.org/sdg">
        <keyword value="4" href="http://metadata.un.org/sdg/4" showAs="sdg_4" dictionary="SDGO"></keyword>
        <keyword value="education" href="http://eurovoc.europa.eu/668" showAs="education" dictionary="EuroVoc"></keyword>
        <keyword value="right_to_education" href="http://eurovoc.europa.eu/512" showAs="right_to_education" dictionary="EuroVoc"></keyword>
        <keyword value="education" href="http://metadata.un.org/thesaurus/1001893" showAs="education" dictionary="UNBIS Thesaurus"></keyword>
      </classification>
      <classification source="http://metadata.un.org/sdg">
        <keyword value="3" href="http://metadata.un.org/sdg/3" showAs="sdg_3" dictionary="SDGO"></keyword>
        <keyword value="public_health" href="http://eurovoc.europa.eu/3885" showAs="public_health" dictionary="EuroVoc"></keyword>
        <keyword value="health" href="http://metadata.un.org/thesaurus/1002824" showAs="health" dictionary="UNBIS Thesaurus"></keyword>
      </classification>
      <workflow source="#un">
        <step date="2019-11-04" outcome="draftResolution" as="A/C.4/74/L.8" by="Australia, Austria, Belgium, Canada, Cyprus, Czechia, Denmark, Estonia, Finland, Germany, Greece, Hungary, Iceland, Latvia, Lithuania, Mexico, Netherlands, Norway, Poland, Slovenia, Spain, Sweden, Switzerland, Ukraine and Uruguay" />
        <step date="0001-01-01" outcome="draftResolutionAdditionalSponsors" by="Argentina, Bulgaria, Chile, Colombia, Costa Rica, Croatia, El Salvador, France, Haiti, Ireland, Italy, Liechtenstein, Luxembourg,  Malta, Montenegro, Paraguay, Portugal, Romania, Slovakia, Thailand and the United Kingdom" />
        <step date="0001-01-01" outcome="recommendedForAdoption" as="A/74/412" by="" refersTo="8" />
        <step date="2019-12-13" outcome="adopted" as="A/74/PV.47" by="" />
      </workflow>
      <analysis source="#un">
        <parliamentary>
          <voting outcome="adoptedWithoutVote">
            <quorum value=""></quorum>
          </voting>
        </parliamentary>
      </analysis>
      <references source="#DGACM">
        <TLCOrganization eId="source" href="/akn/ontology/organization/un/DGACM" showAs="DGACM"></TLCOrganization>
        <TLCConcept eId="dateOfIssuance" href="/akn/ontology/concept/un/dateOfIssuance" showAs="Date of issuance"></TLCConcept>
        <TLCConcept eId="dateOfAdoption" href="/akn/ontology/concept/un/dateOfAdoption" showAs="Date of adoption"></TLCConcept>
        <TLCConcept eId="symbol" href="/akn/ontology/reference/un/symbol" showAs="Symbol"></TLCConcept>
        <TLCRole eId="publisher" href="/akn/ontology/role/un/publisher" showAs="Publisher"></TLCRole>
        <TLCRole eId="issuingBody" href="/akn/role/concept/un/issuingBody" showAs="Issuing body"></TLCRole>
        <TLCRole eId="author" href="/akn/ontology/role/un/author" showAs="Author"></TLCRole>
        <TLCRole eId="editor" href="/akn/ontology/role/un/editor" showAs="Editor"></TLCRole>
        <TLCRole eId="distribution" href="/akn/ontology/concept/un/generalDistribution" showAs="General distribution"></TLCRole>
        <TLCOrganization eId="ga" href="/akn/ontology/organization/un/generalAssembly" showAs="General Assembly"></TLCOrganization>
        <TLCTerm eId="resolutionTitle" href="/akn/ontology/reference/un/resolutionTitle" showAs="Resolution title"></TLCTerm>
        <TLCTerm eId="fourthCommittee" href="#fourthCommittee" showAs="特别政治和非殖民化委员会"></TLCTerm>
        <TLCTerm eId="memberState" href="/akn/ontology/organization/un/memberState" showAs="Member State"></TLCTerm>
        <TLCTerm eId="inFavour" href="/akn/ontology/concept/un/voting/inFavour" showAs="In favour"></TLCTerm>
        <TLCTerm eId="against" href="/akn/ontology/concept/un/voting/against" showAs="Against"></TLCTerm>
        <TLCTerm eId="abstaining" href="/akn/ontology/concept/un/voting/abstaining" showAs="Abstaining"></TLCTerm>
      </references>
      <presentation source="#un">
        <akn4un:footerFirstPage>
          <akn4un:footerFirstPageLeft>
            <akn4un:internalCode>
              <docketNumber refersTo="#publicationJobNumber">19-21905 (C)</docketNumber>
              <img alt="bar code" class="barCode" src=""></img>
            </akn4un:internalCode>
          </akn4un:footerFirstPageLeft>
          <akn4un:footerFirstPageRight>
            <img alt="Please recycle" class="image" src="./recylcleLogo.jpg"></img>
            <img alt="embedded QR code" class="qrCode" src=""></img>
          </akn4un:footerFirstPageRight>
        </akn4un:footerFirstPage>
      </presentation>
    </meta>
    <coverPage eId="coverPage_1">
      <p>
        <span refersTo="#publisher" class="upperLeft">
          <docAuthority refersTo="#publisher">联合国</docAuthority>
        </span>
      </p>
      <p class="upperRight">
        <docNumber refersTo="#symbol">A/RES/74/91</docNumber>
      </p>
      <p class="upperLeft">
        <img src="logo-un.jpg"></img>
        <docAuthority refersTo="#issuingBody" class="rightBig">大会</docAuthority>
      </p>
      <p>
        <docStatus refersTo="#generalDistribution" class="rightSmall">Distr.: General</docStatus>
      </p>
      <p>
        <docDate date="2019-12-26" class="rightSmall" refersTo="#dateOfIssuance">26 December 2019</docDate>
      </p>
      <p>
        <session refersTo="#generalAssembly" value="74" eId="coverPage_1__session_1">第七十四届会议</session>
      </p>
      <p>
        <inline name="agenda item">议程项目53</inline>
      </p>
      <p>
        <inline name="agenda item name">全盘审查特别政治任务</inline>
      </p>
      <p>
        <docTitle>2019年12月13日大会决议</docTitle>
      </p>
      <p xml:space="preserve">
        <docProponent refersTo="#fourthCommittee">[根据特别政治和非殖民化委员会(第四委员会) (<inline name="originating document">A/74/412</inline>)]</docProponent>
      </p>
    </coverPage>
    <preface>
      <p>
        <docNumber>74/91.</docNumber>
        <docTitle refersTo="#resolutionTitle">全盘审查特别政治任务</docTitle>
      </p>
    </preface>
    <preamble>
      <formula name="enactingFormula" eId="formula_1">
        <p xml:space="preserve">
          <span class="bold">大会</span>，</p>
      </formula>
      <container name="遵循" eId="container_2">
        <p xml:space="preserve">
          <span class="bold">遵循</span>《联合国宪章》的宗旨和原则，</p>
      </container>
      <container name="回顾" eId="container_3">
        <p xml:space="preserve">
          <span class="bold">回顾</span>大会关于全盘审查特别政治任务的2012年12月18日第<a href="https://undocs.org/ch/A/RES/67/123">67/123</a>号、2013年12月11日第<a href="https://undocs.org/ch/A/RES/68/85">68/85</a>号、2014年12月5日第<a href="https://undocs.org/ch/A/RES/69/95">69/95</a>号、2015年12月9日第<a href="https://undocs.org/ch/A/RES/70/92">70/92</a>号、2016年12月6日第<a href="https://undocs.org/ch/A/RES/71/100">71/100</a>号、2017年12月7日第<a href="https://undocs.org/ch/A/RES/72/89">72/89</a>号和2018年12月7日第<a href="https://undocs.org/ch/A/RES/73/101">73/101</a>号决议，</p>
      </container>
      <container name="再次承诺" eId="container_4">
        <p xml:space="preserve">
          <span class="bold">再次承诺</span>尊重所有国家的主权、领土完整和政治独立，</p>
      </container>
      <container name="回顾" eId="container_5">
        <p xml:space="preserve">
          <span class="bold">回顾</span>联合国在根据《宪章》维护国际和平与安全方面的首要作用以及大会和安全理事会在这方面各自的作用和权力，在这方面又回顾区域和次区域安排酌情作出的贡献和能够发挥的重要作用，</p>
      </container>
      <container name="又回顾" eId="container_6">
        <p xml:space="preserve">
          <span class="bold">又回顾</span>大会和安全理事会通过了实质上相同的2016年4月27日第<a href="https://undocs.org/ch/A/RES/70/262">70/262</a>号和第<a href="https://undocs.org/ch/S/RES/2282(2016)">2282(2016)</a>号决议，还回顾通过了关于建设和平和保持和平的2018年4月26日第<a href="https://undocs.org/ch/A/RES/72/276">72/276</a>号和第<a href="https://undocs.org/ch/S/RES/2413(2018)">2413(2018)</a>号决议，就此确认经授权的特别政治任务作为一项目标和一个进程在保持和平领域的重要作用，</p>
      </container>
      <container name="认识到" eId="container_7">
        <p xml:space="preserve">
          <span class="bold">认识到</span>特别政治任务作为维持国际和平与安全的灵活工具的重要作用，包括通过促进全面建设和平和保持和平，</p>
      </container>
      <container name="注意到" eId="container_8">
        <p xml:space="preserve">
          <span class="bold">注意到</span>相关改革，特别是和平与安全支柱改革，为进一步推进和加强特别政治任务在包括预防冲突在内的所有授权任务中的工作提供了机会，并强调联合国的行动应酌情支持和补充各国政府的预防冲突作用，</p>
      </container>
      <container name="鼓励" eId="container_9">
        <p xml:space="preserve">
          <span class="bold">鼓励</span>大会、安全理事会和秘书处以适当方式利用建设和平委员会的咨询作用，就与特别政治任务相关的总体政策事项加强信息交流，</p>
      </container>
      <container name="重申" eId="container_10">
        <p xml:space="preserve">
          <span class="bold">重申</span>公正、当事方同意、国家自主权和国家责任原则，强调指出特别政治任务东道国的意见及与这些国家对话的重要意义，</p>
      </container>
      <container name="回顾" eId="container_11">
        <p xml:space="preserve">
          <span class="bold">回顾</span>关于审查特别政治任务供资和支助安排的相关报告，<authorialNote marker="1" placement="bottom" eId="authorialNote_1"><p xml:space="preserve"><a href="https://undocs.org/ch/A/66/340">A/66/340</a>和<a href="https://undocs.org/ch/A/66/7/Add.21">A/66/7/Add.21</a>。</p></authorialNote> 其中涉及与这些特派任务相关的财务和行政安排，确认第五委员会是受权负责行政和预算事项的大会主要委员会，</p>
      </container>
      <container name="承认" eId="container_12">
        <p xml:space="preserve">	在这方面<span class="bold">承认</span>必须向相关的特别政治任务的建设和平部分提供适足资源，包括在特派团过渡和缩编期间，以支持建设和平活动的稳定性和连续性，</p>
      </container>
      <container name="强调指出" eId="container_13">
        <p xml:space="preserve">
          <span class="bold">强调指出</span>为了维护国际和平与安全，联合国需要继续加强和平解决争端的能力，包括调停、预防冲突、解决冲突、建设和平和保持和平的能力，</p>
      </container>
      <container name="承认" eId="container_14">
        <p xml:space="preserve">
          <span class="bold">承认</span>特别政治任务的数目和复杂性及其面临的挑战大幅增加，</p>
      </container>
      <container name="认识到" eId="container_15">
        <p xml:space="preserve">
          <span class="bold">认识到</span>需要在特别政治任务与联合国系统之间实现全系统的协调一致，并强调特别政治任务、维持和平行动及联合国国家工作队必须为维护可持续和平、预防冲突和解决冲突而密切合作，</p>
      </container>
      <container name="又认识到" eId="container_16">
        <p xml:space="preserve">
          <span class="bold">又认识到</span>特别政治任务需要根据明确、可信和可实现的任务规定开展业务，包括为此阐明特别政治任务的目标和宗旨，并需按各自任务规定审查进展情况，</p>
      </container>
      <container name="强调" eId="container_17">
        <p xml:space="preserve">
          <span class="bold">强调</span>必需酌情加强特别政治任务与有关区域和次区域组织之间的协调与合作，特别是利用当前战略伙伴关系，采取具体措施加强预防、管理和解决冲突的机制，并强调必需在国家、次区域和区域各级建立和加强人和机构的能力，</p>
      </container>
      <container name="认识到" eId="container_18">
        <p xml:space="preserve">
          <span class="bold">认识到</span>必须努力在所有特别政治任务的组成中改进广泛的地域代表性、性别平衡和专门知识，承认有必要减少有关特别政治任务的总体环境足迹，</p>
      </container>
      <container name="回顾" eId="container_19">
        <p xml:space="preserve">
          <span class="bold">回顾</span>关于妇女、和平与安全的相关决议，重申妇女在预防和解决冲突及建设和平方面的重要作用，并确认妇女必须平等和有效参加及充分参与和平解决争端、预防和解决冲突的所有各级、各个阶段和各个方面，</p>
      </container>
      <container name="又回顾" eId="container_20">
        <p xml:space="preserve">
          <span class="bold">又回顾</span>关于青年、和平与安全的相关决议，申明青年能够在预防和解决冲突方面发挥重要作用，而且是维持和平和建设和平努力可持续、包容和成功的一个关键方面，</p>
      </container>
      <container name="注意到" eId="container_21">
        <p xml:space="preserve">
          <span class="bold">注意到</span>根据大会2018年7月5日第<a href="https://undocs.org/ch/A/RES/72/262">72/262</a> C号决议，批准秘书处内部重建和平与安全架构，特别是核准设立政治和建设和平事务部及和平行动部，以及这两个部共用的单一区域政治-业务结构，</p>
      </container>
      <container name="又注意到" eId="container_22">
        <p xml:space="preserve">
          <span class="bold">又注意到</span>联合国内部相关改革努力应确保采取更协调的方法，加强特别政治任务执行任务的能力，并应有助于确保加强特别政治任务的问责、一致性和成效，</p>
      </container>
    </preamble>
    <mainBody>
      <paragraph eId="para_23" class="MercuryDocument">
        <num>	1.</num>
        <content eId="para_23__content">
          <p xml:space="preserve">
            <span class="bold">表示注意到</span>秘书长依照第<a href="https://undocs.org/ch/A/RES/73/101">73/101</a>号决议提出的报告；<authorialNote marker="2" placement="bottom" eId="authorialNote_2"><p xml:space="preserve"><a href="https://undocs.org/ch/A/74/338">A/74/338</a>。</p></authorialNote></p>
        </content>
      </paragraph>
      <paragraph eId="para_24" class="MercuryDocument">
        <num>	2.</num>
        <content eId="para_24__content">
          <p xml:space="preserve">
            <span class="bold">请</span>秘书长就特别政治任务方面的总体政策事项定期举行包容各方的互动对话，还请秘书处在上述对话举行前与会员国接触，以确保广泛和有意义的参与；</p>
        </content>
      </paragraph>
      <paragraph eId="para_25" class="MercuryDocument">
        <num>	3.</num>
        <content eId="para_25__content">
          <p xml:space="preserve">
            <span class="bold">尊重</span>特别政治任务各自相关决议为其规定的任务权限，认识到每个特别政治任务的任务规定的特殊性，并强调大会在讨论与特别政治任务相关的总体政策事项方面的作用；</p>
        </content>
      </paragraph>
      <paragraph eId="para_26" class="MercuryDocument">
        <num>	4.</num>
        <content eId="para_26__content">
          <p xml:space="preserve">
            <span class="bold">承认</span>依照大会第<a href="https://undocs.org/ch/A/RES/70/262">70/262</a>号决议和安全理事会第<a href="https://undocs.org/ch/S/RES/2282(2016)">2282(2016)</a>号决议，安全理事会和大会与建设和平委员会进行有力的协调、统筹与合作的重要性，在此方面，注意到安全理事会打算而且最近定期请委员会提供具体的有针对性的战略咨询意见，并审议和借鉴这些意见，包括协助在维持和平行动和政治特派团任务的组建、审查和缩编工作中体现保持和平所需要的长期考虑；</p>
        </content>
      </paragraph>
      <paragraph eId="para_27" class="MercuryDocument">
        <num>	5.</num>
        <content eId="para_27__content">
          <p xml:space="preserve">
            <span class="bold">请</span>秘书长就特别政治任务方面的总体政策事项及时向大会第七十五届会议提交关于本决议执行情况的报告，包括说明为改进专门知识、成效、透明度、问责制、地域代表性、性别平等视角、妇女平等参与及青年平等参与所作的努力，在这方面还请秘书长在该报告中载列有关上述事项的详细相关资料；</p>
        </content>
      </paragraph>
      <paragraph eId="para_28" class="MercuryDocument">
        <num>	6.</num>
        <content eId="para_28__content">
          <p xml:space="preserve">
            <span class="bold">又请</span>秘书长在其上述报告中提供资料，说明本组织在特别政治任务方面实行改革的情况；</p>
        </content>
      </paragraph>
      <paragraph eId="para_29" class="MercuryDocument">
        <num>	7.</num>
        <content eId="para_29__content">
          <p xml:space="preserve">
            <span class="bold">决定</span>将题为“全盘审查特别政治任务”的项目列入大会第七十五届会议临时议程，并在此项目下审议秘书长提出的上述报告。</p>
        </content>
      </paragraph>
    </mainBody>
    <conclusions eId="conclusions">
      <p>
        <inline name="adoptionMeeting" title="第47次">第47次全体会议</inline>
        <eol />
        <docDate date="2019-12-13" refersTo="#adoptionDate">2019年12月13日</docDate>
      </p>
    </conclusions>
  </statement>
</akomaNtoso>