<akomaNtoso xmlns:xsi="http://www.w3.org/2001/XMLSchema-instance" xsi:schemaLocation="http://docs.oasis-open.org/legaldocml/ns/akn/3.0 http://docs.oasis-open.org/legaldocml/akn-core/v1.0/os/part2-specs/schemas/akomantoso30.xsd" xmlns="http://docs.oasis-open.org/legaldocml/ns/akn/3.0" xmlns:html="http://www.w3.org/1999/xhtml" xmlns:akn4un="http://un.org/akn4un">
  <statement name="resolution">
    <meta>
      <identification source="#DGACM">
        <FRBRWork>
          <FRBRthis value="/akn/un/statement/deliberation/unga/2019-12-03/74-11/!main/"></FRBRthis>
          <FRBRuri value="/akn/un/statement/deliberation/unga/2019-12-03/74-11/"></FRBRuri>
          <FRBRdate date="2019-12-03" name="adoption"></FRBRdate>
          <FRBRauthor href="ga" as="author"></FRBRauthor>
          <FRBRcountry value="un"></FRBRcountry>
        </FRBRWork>
        <FRBRExpression>
          <FRBRthis value="/akn/un/statement/deliberation/unga/2019-12-03/74-11/rus@!main/"></FRBRthis>
          <FRBRuri value="/akn/un/statement/deliberation/unga/2019-12-03/74-11/rus@/"></FRBRuri>
          <FRBRdate date="2019-12-09" name="publication"></FRBRdate>
          <FRBRauthor href="ga" as="issuer"></FRBRauthor>
          <FRBRlanguage language="rus"></FRBRlanguage>
        </FRBRExpression>
        <FRBRManifestation>
          <FRBRthis value="/akn/un/statement/deliberation/unga/2019-12-03/74-11/rus@/!main.xml"></FRBRthis>
          <FRBRuri value="/akn/un/statement/deliberation/unga/2019-12-03/74-11/rus@.xml"></FRBRuri>
          <FRBRdate date="2020-08-29" name="markup"></FRBRdate>
          <FRBRauthor href="DGACM" as="editor"></FRBRauthor>
        </FRBRManifestation>
      </identification>
      <classification source="http://metadata.un.org/sdg">
        <keyword value="10" href="http://metadata.un.org/sdg/10" showAs="sdg_10" dictionary="SDGO"></keyword>
        <keyword value="social_inequality" href="http://eurovoc.europa.eu/1420" showAs="social_inequality" dictionary="EuroVoc"></keyword>
        <keyword value="equality" href="http://metadata.un.org/thesaurus/1002102" showAs="equality" dictionary="UNBIS Thesaurus"></keyword>
      </classification>
      <classification source="http://metadata.un.org/sdg">
        <keyword value="16" href="http://metadata.un.org/sdg/16" showAs="sdg_16" dictionary="SDGO"></keyword>
        <keyword value="right_to_justice" href="http://eurovoc.europa.eu/516" showAs="right_to_justice" dictionary="EuroVoc"></keyword>
        <keyword value="sustainable_development" href="http://eurovoc.europa.eu/5585" showAs="sustainable_development" dictionary="EuroVoc"></keyword>
        <keyword value="civil_society" href="http://metadata.un.org/thesaurus/1001012" showAs="civil_society" dictionary="UNBIS Thesaurus"></keyword>
        <keyword value="justice" href="http://metadata.un.org/thesaurus/1003500" showAs="justice" dictionary="UNBIS Thesaurus"></keyword>
        <keyword value="peaceful_coexistence" href="http://metadata.un.org/thesaurus/1004777" showAs="peaceful_coexistence" dictionary="UNBIS Thesaurus"></keyword>
        <keyword value="public_institutions" href="http://metadata.un.org/thesaurus/1005254" showAs="public_institutions" dictionary="UNBIS Thesaurus"></keyword>
        <keyword value="social_justice" href="http://metadata.un.org/thesaurus/1005970" showAs="social_justice" dictionary="UNBIS Thesaurus"></keyword>
        <keyword value="sustainable_development" href="http://metadata.un.org/thesaurus/1006319" showAs="sustainable_development" dictionary="UNBIS Thesaurus"></keyword>
      </classification>
      <classification source="http://metadata.un.org/sdg">
        <keyword value="17" href="http://metadata.un.org/sdg/17" showAs="sdg_17" dictionary="SDGO"></keyword>
        <keyword value="sustainable_development" href="http://eurovoc.europa.eu/5585" showAs="sustainable_development" dictionary="EuroVoc"></keyword>
        <keyword value="partnership" href="http://eurovoc.europa.eu/4199" showAs="partnership" dictionary="EuroVoc"></keyword>
        <keyword value="sustainable_development" href="http://metadata.un.org/thesaurus/1006319" showAs="sustainable_development" dictionary="UNBIS Thesaurus"></keyword>
        <keyword value="partnership" href="http://metadata.un.org/thesaurus/1004748" showAs="partnership" dictionary="UNBIS Thesaurus"></keyword>
      </classification>
      <workflow source="#un">
        <step date="2019-11-25" outcome="draftResolution" as="A/74/L.15" by="Comoros, Cuba, Indonesia, Jordan, Kuwait, Lao People's Democratic Republic, Qatar, Saudi Arabia, Senegal, United Arab Emirates and Yemen" />
        <step date="0001-01-01" outcome="draftResolutionAdditionalSponsors" by="Algeria, Bahrain, Bangladesh, Belarus, Brunei Darussalam, Democratic People’s Republic of Korea, Djibouti, Egypt, Gambia, Guinea, Iraq, Lebanon, Malaysia, Mauritania, Morocco, Namibia, Nicaragua, Oman, Somalia, South Africa, Sudan, Tunisia, Venezuela (Bolivarian Republic of), Viet Nam and State of Palestine" />
        <step date="0001-01-01" outcome="recommendedForAdoption" by="" />
        <step date="2019-12-03" outcome="adopted" as="A/74/PV.38" by="" />
      </workflow>
      <analysis source="#un">
        <parliamentary>
          <voting outcome="adoptedRecordedVote">
            <count value="147" refersTo="inFavour">
              <akn4un:voters>
                <organization refersTo="memberState">AFGHANISTAN</organization>
                <organization refersTo="memberState">ALBANIA</organization>
                <organization refersTo="memberState">ALGERIA</organization>
                <organization refersTo="memberState">ANDORRA</organization>
                <organization refersTo="memberState">ANGOLA</organization>
                <organization refersTo="memberState">ANTIGUA AND BARBUDA</organization>
                <organization refersTo="memberState">ARGENTINA</organization>
                <organization refersTo="memberState">ARMENIA</organization>
                <organization refersTo="memberState">AUSTRIA</organization>
                <organization refersTo="memberState">AZERBAIJAN</organization>
                <organization refersTo="memberState">BAHAMAS</organization>
                <organization refersTo="memberState">BAHRAIN</organization>
                <organization refersTo="memberState">BANGLADESH</organization>
                <organization refersTo="memberState">BELARUS</organization>
                <organization refersTo="memberState">BELGIUM</organization>
                <organization refersTo="memberState">BELIZE</organization>
                <organization refersTo="memberState">BENIN</organization>
                <organization refersTo="memberState">BHUTAN</organization>
                <organization refersTo="memberState">BOLIVIA (PLURINATIONAL STATE OF)</organization>
                <organization refersTo="memberState">BOSNIA AND HERZEGOVINA</organization>
                <organization refersTo="memberState">BOTSWANA</organization>
                <organization refersTo="memberState">BRUNEI DARUSSALAM</organization>
                <organization refersTo="memberState">BULGARIA</organization>
                <organization refersTo="memberState">CABO VERDE</organization>
                <organization refersTo="memberState">CAMBODIA</organization>
                <organization refersTo="memberState">CHILE</organization>
                <organization refersTo="memberState">CHINA</organization>
                <organization refersTo="memberState">COLOMBIA</organization>
                <organization refersTo="memberState">COSTA RICA</organization>
                <organization refersTo="memberState">COTE D'IVOIRE</organization>
                <organization refersTo="memberState">CROATIA</organization>
                <organization refersTo="memberState">CUBA</organization>
                <organization refersTo="memberState">CYPRUS</organization>
                <organization refersTo="memberState">CZECHIA</organization>
                <organization refersTo="memberState">DEMOCRATIC PEOPLE'S REPUBLIC OF KOREA</organization>
                <organization refersTo="memberState">DENMARK</organization>
                <organization refersTo="memberState">DJIBOUTI</organization>
                <organization refersTo="memberState">DOMINICAN REPUBLIC</organization>
                <organization refersTo="memberState">ECUADOR</organization>
                <organization refersTo="memberState">EGYPT</organization>
                <organization refersTo="memberState">EL SALVADOR</organization>
                <organization refersTo="memberState">ERITREA</organization>
                <organization refersTo="memberState">ESTONIA</organization>
                <organization refersTo="memberState">ETHIOPIA</organization>
                <organization refersTo="memberState">FINLAND</organization>
                <organization refersTo="memberState">FRANCE</organization>
                <organization refersTo="memberState">GABON</organization>
                <organization refersTo="memberState">GAMBIA</organization>
                <organization refersTo="memberState">GEORGIA</organization>
                <organization refersTo="memberState">GERMANY</organization>
                <organization refersTo="memberState">GHANA</organization>
                <organization refersTo="memberState">GREECE</organization>
                <organization refersTo="memberState">GUINEA</organization>
                <organization refersTo="memberState">GUYANA</organization>
                <organization refersTo="memberState">HUNGARY</organization>
                <organization refersTo="memberState">ICELAND</organization>
                <organization refersTo="memberState">INDIA</organization>
                <organization refersTo="memberState">INDONESIA</organization>
                <organization refersTo="memberState">IRAN (ISLAMIC REPUBLIC OF)</organization>
                <organization refersTo="memberState">IRAQ</organization>
                <organization refersTo="memberState">IRELAND</organization>
                <organization refersTo="memberState">ITALY</organization>
                <organization refersTo="memberState">JAMAICA</organization>
                <organization refersTo="memberState">JAPAN</organization>
                <organization refersTo="memberState">JORDAN</organization>
                <organization refersTo="memberState">KAZAKHSTAN</organization>
                <organization refersTo="memberState">KENYA</organization>
                <organization refersTo="memberState">KUWAIT</organization>
                <organization refersTo="memberState">KYRGYZSTAN</organization>
                <organization refersTo="memberState">LAO PEOPLE'S DEMOCRATIC REPUBLIC</organization>
                <organization refersTo="memberState">LATVIA</organization>
                <organization refersTo="memberState">LEBANON</organization>
                <organization refersTo="memberState">LESOTHO</organization>
                <organization refersTo="memberState">LIBYA</organization>
                <organization refersTo="memberState">LIECHTENSTEIN</organization>
                <organization refersTo="memberState">LITHUANIA</organization>
                <organization refersTo="memberState">LUXEMBOURG</organization>
                <organization refersTo="memberState">MALAYSIA</organization>
                <organization refersTo="memberState">MALDIVES</organization>
                <organization refersTo="memberState">MALI</organization>
                <organization refersTo="memberState">MALTA</organization>
                <organization refersTo="memberState">MAURITANIA</organization>
                <organization refersTo="memberState">MAURITIUS</organization>
                <organization refersTo="memberState">MEXICO</organization>
                <organization refersTo="memberState">MONACO</organization>
                <organization refersTo="memberState">MONGOLIA</organization>
                <organization refersTo="memberState">MONTENEGRO</organization>
                <organization refersTo="memberState">MOROCCO</organization>
                <organization refersTo="memberState">MOZAMBIQUE</organization>
                <organization refersTo="memberState">NAMIBIA</organization>
                <organization refersTo="memberState">NEPAL</organization>
                <organization refersTo="memberState">NETHERLANDS</organization>
                <organization refersTo="memberState">NEW ZEALAND</organization>
                <organization refersTo="memberState">NICARAGUA</organization>
                <organization refersTo="memberState">NIGERIA</organization>
                <organization refersTo="memberState">NORTH MACEDONIA</organization>
                <organization refersTo="memberState">NORWAY</organization>
                <organization refersTo="memberState">OMAN</organization>
                <organization refersTo="memberState">PAKISTAN</organization>
                <organization refersTo="memberState">PANAMA</organization>
                <organization refersTo="memberState">PARAGUAY</organization>
                <organization refersTo="memberState">PERU</organization>
                <organization refersTo="memberState">PHILIPPINES</organization>
                <organization refersTo="memberState">POLAND</organization>
                <organization refersTo="memberState">PORTUGAL</organization>
                <organization refersTo="memberState">QATAR</organization>
                <organization refersTo="memberState">REPUBLIC OF KOREA</organization>
                <organization refersTo="memberState">REPUBLIC OF MOLDOVA</organization>
                <organization refersTo="memberState">ROMANIA</organization>
                <organization refersTo="memberState">RUSSIAN FEDERATION</organization>
                <organization refersTo="memberState">SAINT LUCIA</organization>
                <organization refersTo="memberState">SAINT VINCENT AND THE GRENADINES</organization>
                <organization refersTo="memberState">SAN MARINO</organization>
                <organization refersTo="memberState">SAUDI ARABIA</organization>
                <organization refersTo="memberState">SENEGAL</organization>
                <organization refersTo="memberState">SERBIA</organization>
                <organization refersTo="memberState">SIERRA LEONE</organization>
                <organization refersTo="memberState">SINGAPORE</organization>
                <organization refersTo="memberState">SLOVAKIA</organization>
                <organization refersTo="memberState">SLOVENIA</organization>
                <organization refersTo="memberState">SOMALIA</organization>
                <organization refersTo="memberState">SOUTH AFRICA</organization>
                <organization refersTo="memberState">SPAIN</organization>
                <organization refersTo="memberState">SRI LANKA</organization>
                <organization refersTo="memberState">SUDAN</organization>
                <organization refersTo="memberState">SURINAME</organization>
                <organization refersTo="memberState">SWEDEN</organization>
                <organization refersTo="memberState">SWITZERLAND</organization>
                <organization refersTo="memberState">SYRIAN ARAB REPUBLIC</organization>
                <organization refersTo="memberState">TAJIKISTAN</organization>
                <organization refersTo="memberState">THAILAND</organization>
                <organization refersTo="memberState">TIMOR-LESTE</organization>
                <organization refersTo="memberState">TOGO</organization>
                <organization refersTo="memberState">TUNISIA</organization>
                <organization refersTo="memberState">TURKEY</organization>
                <organization refersTo="memberState">TURKMENISTAN</organization>
                <organization refersTo="memberState">UGANDA</organization>
                <organization refersTo="memberState">UKRAINE</organization>
                <organization refersTo="memberState">UNITED ARAB EMIRATES</organization>
                <organization refersTo="memberState">UNITED KINGDOM</organization>
                <organization refersTo="memberState">URUGUAY</organization>
                <organization refersTo="memberState">UZBEKISTAN</organization>
                <organization refersTo="memberState">VENEZUELA (BOLIVARIAN REPUBLIC OF)</organization>
                <organization refersTo="memberState">VIET NAM</organization>
                <organization refersTo="memberState">YEMEN</organization>
                <organization refersTo="memberState">ZAMBIA</organization>
                <organization refersTo="memberState">ZIMBABWE</organization>
              </akn4un:voters>
            </count>
            <count value="7" refersTo="against">
              <akn4un:voters>
                <organization refersTo="memberState">AUSTRALIA</organization>
                <organization refersTo="memberState">CANADA</organization>
                <organization refersTo="memberState">ISRAEL</organization>
                <organization refersTo="memberState">MARSHALL ISLANDS</organization>
                <organization refersTo="memberState">MICRONESIA (FEDERATED STATES OF)</organization>
                <organization refersTo="memberState">NAURU</organization>
                <organization refersTo="memberState">UNITED STATES</organization>
              </akn4un:voters>
            </count>
            <count value="13" refersTo="abstaining">
              <akn4un:voters>
                <organization refersTo="memberState">BRAZIL</organization>
                <organization refersTo="memberState">CAMEROON</organization>
                <organization refersTo="memberState">FIJI</organization>
                <organization refersTo="memberState">GUATEMALA</organization>
                <organization refersTo="memberState">HONDURAS</organization>
                <organization refersTo="memberState">PALAU</organization>
                <organization refersTo="memberState">PAPUA NEW GUINEA</organization>
                <organization refersTo="memberState">RWANDA</organization>
                <organization refersTo="memberState">SAMOA</organization>
                <organization refersTo="memberState">SOLOMON ISLANDS</organization>
                <organization refersTo="memberState">SOUTH SUDAN</organization>
                <organization refersTo="memberState">TONGA</organization>
                <organization refersTo="memberState">VANUATU</organization>
              </akn4un:voters>
            </count>
          </voting>
        </parliamentary>
      </analysis>
      <references source="#DGACM">
        <TLCOrganization eId="source" href="/akn/ontology/organization/un/DGACM" showAs="DGACM"></TLCOrganization>
        <TLCConcept eId="dateOfIssuance" href="/akn/ontology/concept/un/dateOfIssuance" showAs="Date of issuance"></TLCConcept>
        <TLCConcept eId="dateOfAdoption" href="/akn/ontology/concept/un/dateOfAdoption" showAs="Date of adoption"></TLCConcept>
        <TLCConcept eId="symbol" href="/akn/ontology/reference/un/symbol" showAs="Symbol"></TLCConcept>
        <TLCRole eId="publisher" href="/akn/ontology/role/un/publisher" showAs="Publisher"></TLCRole>
        <TLCRole eId="issuingBody" href="/akn/role/concept/un/issuingBody" showAs="Issuing body"></TLCRole>
        <TLCRole eId="author" href="/akn/ontology/role/un/author" showAs="Author"></TLCRole>
        <TLCRole eId="editor" href="/akn/ontology/role/un/editor" showAs="Editor"></TLCRole>
        <TLCRole eId="distribution" href="/akn/ontology/concept/un/generalDistribution" showAs="General distribution"></TLCRole>
        <TLCOrganization eId="ga" href="/akn/ontology/organization/un/generalAssembly" showAs="General Assembly"></TLCOrganization>
        <TLCTerm eId="resolutionTitle" href="/akn/ontology/reference/un/resolutionTitle" showAs="Resolution title"></TLCTerm>
        <TLCTerm eId="noMainCommittee" href="#noMainCommittee" showAs="без передачи в главные комитеты"></TLCTerm>
        <TLCTerm eId="memberState" href="/akn/ontology/organization/un/memberState" showAs="Member State"></TLCTerm>
        <TLCTerm eId="inFavour" href="/akn/ontology/concept/un/voting/inFavour" showAs="In favour"></TLCTerm>
        <TLCTerm eId="against" href="/akn/ontology/concept/un/voting/against" showAs="Against"></TLCTerm>
        <TLCTerm eId="abstaining" href="/akn/ontology/concept/un/voting/abstaining" showAs="Abstaining"></TLCTerm>
      </references>
      <presentation source="#un">
        <akn4un:footerFirstPage>
          <akn4un:footerFirstPageLeft>
            <akn4un:internalCode>
              <docketNumber refersTo="#publicationJobNumber">19-20904 (R)</docketNumber>
              <img alt="bar code" class="barCode" src=""></img>
            </akn4un:internalCode>
          </akn4un:footerFirstPageLeft>
          <akn4un:footerFirstPageRight>
            <img alt="Please recycle" class="image" src="./recylcleLogo.jpg"></img>
            <img alt="embedded QR code" class="qrCode" src=""></img>
          </akn4un:footerFirstPageRight>
        </akn4un:footerFirstPage>
      </presentation>
    </meta>
    <coverPage eId="coverPage_1">
      <p>
        <span refersTo="#publisher" class="upperLeft">
          <docAuthority refersTo="#publisher">Организация Объединенных Наций</docAuthority>
        </span>
      </p>
      <p class="upperRight">
        <docNumber refersTo="#symbol">A/RES/74/11</docNumber>
      </p>
      <p class="upperLeft">
        <img src="logo-un.jpg"></img>
        <docAuthority refersTo="#issuingBody" class="rightBig">Генеральная Ассамблея</docAuthority>
      </p>
      <p>
        <docStatus refersTo="#generalDistribution" class="rightSmall">Distr.: General</docStatus>
      </p>
      <p>
        <docDate date="2019-12-09" class="rightSmall" refersTo="#dateOfIssuance">9 December 2019</docDate>
      </p>
      <p>
        <session refersTo="#generalAssembly" value="74" eId="coverPage_1__session_1">Семьдесят четвертая сессия</session>
      </p>
      <p>
        <inline name="agenda item">Пункт 35 повестки дня</inline>
      </p>
      <p>
        <inline name="agenda item name">Вопрос о Палестине</inline>
      </p>
      <p>
        <docTitle>Резолюция, принятая Генеральной Ассамблеей 3 декабря 2019 года</docTitle>
      </p>
      <p xml:space="preserve">
        <docProponent refersTo="#noMainCommittee">[без передачи в главные комитеты (<inline name="originating document">A/74/L.15 и A/74/L.15/Add.1</inline>)]</docProponent>
      </p>
    </coverPage>
    <preface>
      <p>
        <docNumber>74/11.</docNumber>
        <docTitle refersTo="#resolutionTitle">Мирное урегулирование вопроса о Палестине</docTitle>
      </p>
    </preface>
    <preamble>
      <formula name="enactingFormula" eId="formula_1">
        <p xml:space="preserve">
          <span class="italic">Генеральная Ассамблея</span>,</p>
      </formula>
      <container name="ссылаясь " eId="container_2">
        <p xml:space="preserve">
          <span class="italic">ссылаясь </span>на свои соответствующие резолюции, в том числе принятые на ее десятой чрезвычайной специальной сессии, </p>
      </container>
      <container name="ссылаясь также " eId="container_3">
        <p xml:space="preserve">
          <span class="italic">ссылаясь также </span>на свою резолюцию <a href="https://undocs.org/ru/A/RES/73/89">73/89</a> от 6 декабря 2018 года, озаглавленную «Всеобъемлющий, справедливый и прочный мир на Ближнем Востоке»,</p>
      </container>
      <container name="ссылаясь далее" eId="container_4">
        <p xml:space="preserve">
          <span class="italic">ссылаясь далее</span> на соответствующие резолюции Совета Безопасности, включая резолюции <a href="https://undocs.org/ru/S/RES/242 (1967)">242 (1967)</a> от 22 ноября 1967 года, <a href="https://undocs.org/ru/S/RES/338 (1973)">338 (1973)</a> от 22 октября 1973 года, <a href="https://undocs.org/ru/S/RES/478 (1980)">478 (1980)</a> от 20 августа 1980 года, <a href="https://undocs.org/ru/S/RES/1397 (2002)">1397 (2002)</a> от 12 марта 2002 года, <a href="https://undocs.org/ru/S/RES/1515 (2003)">1515 (2003)</a> от 19 ноября 2003 года, <a href="https://undocs.org/ru/S/RES/1544 (2004)">1544 (2004)</a> от 19 мая 2004 года, <a href="https://undocs.org/ru/S/RES/1850 (2008)">1850 (2008)</a> от 16 декабря 2008 года и <a href="https://undocs.org/ru/S/RES/2334 (2016)">2334 (2016)</a> от 23 декабря 2016 года,</p>
      </container>
      <container name="рассмотрев " eId="container_5">
        <p xml:space="preserve">
          <span class="italic">рассмотрев </span>доклад Генерального секретаря, представленный во исполнение просьбы, содержащейся в ее резолюции <a href="https://undocs.org/ru/A/RES/73/19">73/19</a> от 30 ноября 2018 года<authorialNote marker="1" placement="bottom" eId="authorialNote_1"><p xml:space="preserve"><a href="https://undocs.org/ru/A/73/346">A/74/333-S/2019/685</a>.</p></authorialNote>, </p>
      </container>
      <container name="ссылаясь " eId="container_6">
        <p xml:space="preserve">
          <span class="italic">ссылаясь </span>на свою резолюцию <a href="https://undocs.org/ru/A/RES/58/292">58/292</a> от 6 мая 2004 года,</p>
      </container>
      <container name="вновь подтверждая " eId="container_7">
        <p xml:space="preserve">
          <span class="italic">вновь подтверждая </span>постоянную ответственность Организации Объединенных Наций в отношении вопроса о Палестине до его решения во всех его аспектах согласно международному праву и соответствующим резолюциям, </p>
      </container>
      <container name="будучи убеждена " eId="container_8">
        <p xml:space="preserve">
          <span class="italic">будучи убеждена </span>в том, что достижение справедливого, прочного и всеобъемлющего урегулирования вопроса о Палестине, который лежит в основе арабо-израильского конфликта, настоятельно необходимо для обеспечения всеобъемлющего и прочного мира и стабильности на Ближнем Востоке, </p>
      </container>
      <container name="подчеркивая" eId="container_9">
        <p xml:space="preserve">
          <span class="italic">подчеркивая</span>, что принцип равноправия и самоопределения народов относится к числу целей и принципов, закрепленных в Уставе Организации Объединенных Наций, </p>
      </container>
      <container name="вновь подтверждая" eId="container_10">
        <p xml:space="preserve">
          <span class="italic">вновь подтверждая</span> принцип недопустимости приобретения территории силой, </p>
      </container>
      <container name="ссылаясь " eId="container_11">
        <p xml:space="preserve">
          <span class="italic">ссылаясь </span>на свою резолюцию <a href="https://undocs.org/ru/A/RES/2625 (XXV)">2625 (XXV)</a> от 24 октября 1970 года и вновь заявляя о важности поддержания и укрепления международного мира, основанного на свободе, равенстве, справедливости и уважении основных прав человека, и развития дружественных отношений между государствами независимо от их политических, экономических и социальных систем или уровня их развития, </p>
      </container>
      <container name="подчеркивая " eId="container_12">
        <p xml:space="preserve">
          <span class="italic">подчеркивая </span>необходимость уважения и сохранения территориальной целостности и единства оккупированной палестинской территории, включая Восточный Иерусалим,</p>
      </container>
      <container name="ссылаясь" eId="container_13">
        <p xml:space="preserve">
          <span class="italic">ссылаясь</span> на вынесенное Международным Судом 9 июля 2004 года консультативное заключение относительно правовых последствий строительства стены на оккупированной палестинской территории<authorialNote marker="2" placement="bottom" eId="authorialNote_2"><p xml:space="preserve">		См. <a href="https://undocs.org/ru/A/ES-10/273">A/ES-10/273</a> и <a href="https://undocs.org/ru/A/ES-10/273/Corr.1">A/ES-10/273/Corr.1</a>.</p></authorialNote> и ссылаясь также на свои резолюции <a href="https://undocs.org/ru/A/RES/ES-10/15">ES-10/15</a> от 20 июля 2004 года и <a href="https://undocs.org/ru/A/RES/ES-10/17">ES-10/17</a> от 15 декабря 2006 года,</p>
      </container>
      <container name="вновь подтверждая " eId="container_14">
        <p xml:space="preserve">
          <span class="italic">вновь подтверждая </span>незаконность поселенческой деятельности Израиля и всех других односторонних мер, направленных на изменение демографического состава, характера и статуса города Иерусалима и оккупированной палестинской территории в целом, включая стену и связанный с ней режим, и требуя их незамедлительного прекращения, </p>
      </container>
      <container name="особо отмечая" eId="container_15">
        <p xml:space="preserve">
          <span class="italic">особо отмечая</span> важность обеспечения безопасности, защиты и благополучия всех гражданских лиц во всем районе Ближнего Востока и осуждая все акты насилия и террора против гражданских лиц с обеих сторон,</p>
      </container>
      <container name="призывая " eId="container_16">
        <p xml:space="preserve">
          <span class="italic">призывая </span>в полной мере уважать международное право, включая защиту жизни гражданских лиц, а также укреплять безопасность человека, обеспечить деэскалацию обстановки, проявлять сдержанность, в том числе воздерживаться от провокационных действий и заявлений, и создать стабильные условия, благоприятствующие поискам мира, </p>
      </container>
      <container name="подчеркивая " eId="container_17">
        <p xml:space="preserve">
          <span class="italic">подчеркивая </span>необходимость принятия мер с тем, чтобы гарантировать безопасность и защиту палестинского гражданского населения на всей оккупированной палестинской территории, в соответствии с положениями и обязательствами по международному гуманитарному праву и принимая к сведению доклад Генерального секретаря о защите палестинского гражданского населения<authorialNote marker="3" placement="bottom" eId="authorialNote_3"><p xml:space="preserve">		A/ES‑10/794.</p></authorialNote>,</p>
      </container>
      <container name="подчеркивая также " eId="container_18">
        <p xml:space="preserve">
          <span class="italic">подчеркивая также </span>необходимость привлечения виновных к ответственности за все нарушения норм международного гуманитарного права и международного права прав человека с целью покончить с безнаказанностью, обеспечить правосудие, не допустить новых нарушений, защитить гражданское население и способствовать миру,</p>
      </container>
      <container name="напоминая " eId="container_19">
        <p xml:space="preserve">
          <span class="italic">напоминая </span>о происшедшем 26 лет назад взаимном признании правительства Государства Израиль и Организации освобождения Палестины, представителя палестинского народа<authorialNote marker="4" placement="bottom" eId="authorialNote_4"><p xml:space="preserve">		См. <a href="https://undocs.org/en/A/48/486">A/48/486-S/26560</a>, приложение.</p></authorialNote>, и подчеркивая настоятельную необходимость усилий для обеспечения полного соблюдения соглашений, заключенных между этими двумя сторонами, </p>
      </container>
      <container name="подчеркивая" eId="container_20">
        <p xml:space="preserve">
          <span class="italic">подчеркивая</span> необходимость, в частности, немедленно прекратить все совершаемые в нарушение норм международного права действия, которые подрывают доверие и предрешают вопросы об окончательном статусе,</p>
      </container>
      <container name="настоятельно призывая" eId="container_21">
        <p xml:space="preserve">
          <span class="italic">настоятельно призывая</span> международное сообщество предпринять новые и скоординированные усилия, направленные на восстановление политических перспектив и поощрение и ускорение заключения мирного договора с целью незамедлительно добиться прекращения израильской оккупации, которая началась в 1967 году, путем урегулирования всех оставшихся вопросов, включая все вопросы, касающиеся окончательного статуса, без исключения, ради справедливого, прочного и мирного урегулирования израильско-палестинского конфликта в соответствии с международно признанной основой решения в виде сосуществования двух государств и ради урегулирования арабо-израильского конфликта в целях достижения всеобъемлющего мира на Ближнем Востоке, </p>
      </container>
      <container name="признавая" eId="container_22">
        <p xml:space="preserve">
          <span class="italic">признавая</span> усилия, прилагаемые палестинским правительством при международной поддержке в целях реформирования, развития, укрепления и сохранения своих учреждений и инфраструктуры, несмотря на препятствия, порождаемые продолжающейся израильской оккупацией, и высоко оценивая в этой связи нынешние усилия по развитию учреждений независимого палестинского государства, и подчеркивая необходимость поощрения внутрипалестинского примирения, </p>
      </container>
      <container name="выражая обеспокоенность" eId="container_23">
        <p xml:space="preserve">
          <span class="italic">выражая обеспокоенность</span> по поводу рисков, возникающих для значительных достигнутых успехов, подтверждаемых положительными оценками готовности к государственности, которые были даны международными учреждениями, в связи с негативными последствиями нынешних нестабильности и финансового кризиса, с которыми сталкивается палестинское правительство, и продолжающимся отсутствием надежных политических перспектив,</p>
      </container>
      <container name="приветствуя" eId="container_24">
        <p xml:space="preserve">
          <span class="italic">приветствуя</span> постоянные усилия Специального комитета связи по координации международной помощи палестинцам под председательством Норвегии и отмечая его недавнее заседание в Центральных учреждениях Организации Объединенных Наций 26 сентября 2019 года,</p>
      </container>
      <container name="признавая" eId="container_25">
        <p xml:space="preserve">
          <span class="italic">признавая</span> позитивный вклад Рамочной программы Организации Объединенных Наций по сотрудничеству в области устойчивого развития, которая нацелена, в частности, на усиление поддержки и помощи, оказываемых палестинскому народу в сфере развития, и укрепление институционального потенциала в соответствии с палестинскими национальными приоритетами, </p>
      </container>
      <container name="приветствуя" eId="container_26">
        <p xml:space="preserve">
          <span class="italic">приветствуя</span> проведение в июле 2019 года в Рамаллахе и Иерихоне совещания Конференции по сотрудничеству между странами Восточной Азии в целях развития Палестины для поддержки усилий палестинцев по созданию независимого палестинского государства посредством обмена опытом стран Восточной Азии в области экономического развития и изучения эффективных средств сотрудничества, направленных на содействие развитию Палестины, ближневосточному мирному процессу и региональной стабильности,</p>
      </container>
      <container name="принимая к сведению" eId="container_27">
        <p xml:space="preserve">
          <span class="italic">принимая к сведению</span> заявление Палестины о приеме в члены Организации Объединенных Наций, представленное 23 сентября 2011 года<authorialNote marker="5" placement="bottom" eId="authorialNote_5"><p xml:space="preserve"><a href="https://undocs.org/ru/А/66/371">А/66/371-S/2011/592</a>, приложение I.</p></authorialNote>,</p>
      </container>
      <container name="принимая также к сведению" eId="container_28">
        <p xml:space="preserve">
          <span class="italic">принимая также к сведению</span> свою резолюцию <a href="https://undocs.org/ru/A/RES/67/19">67/19</a> от 29 ноября 2012 года, согласно которой, в частности, Палестине был предоставлен статус государства-наблюдателя в Организации Объединенных Наций, не являющегося ее членом, и принимая далее к сведению последующий доклад Генерального секретаря<authorialNote marker="6" placement="bottom" eId="authorialNote_6"><p xml:space="preserve"><a href="https://undocs.org/ru/A/67/738">A/67/738</a>.</p></authorialNote>, </p>
      </container>
      <container name="принимая во внимание" eId="container_29">
        <p xml:space="preserve">
          <span class="italic">принимая во внимание</span> усилия, прилагаемые гражданским обществом для содействия мирному урегулированию вопроса о Палестине, </p>
      </container>
      <container name="подчеркивая" eId="container_30">
        <p xml:space="preserve">
          <span class="italic">подчеркивая</span> настоятельную необходимость незамедлительного достижения прекращения израильской оккупации, которая началась в 1967 году, </p>
      </container>
      <container name="вновь подтверждая" eId="container_31">
        <p xml:space="preserve">
          <span class="italic">вновь подтверждая</span> право всех государств региона жить в мире в пределах безопасных и международно признанных границ, </p>
      </container>
      <container name="ссылаясь" eId="container_32">
        <p xml:space="preserve">
          <span class="italic">ссылаясь</span> на Арабскую мирную инициативу, принятую Советом Лиги арабских государств на его четырнадцатой сессии, состоявшейся в Бейруте 27 и 28 марта 2002 года<authorialNote marker="7" placement="bottom" eId="authorialNote_7"><p xml:space="preserve"><a href="https://undocs.org/en/A/56/1026">A/56/1026-S/2002/932</a>, приложение II, резолюция 14/221.</p></authorialNote>, и подчеркивая ее значение в усилиях по достижению справедливого, прочного и всеобъемлющего мира, </p>
      </container>
    </preamble>
    <mainBody>
      <paragraph eId="para_33" class="SingleTxt">
        <num>	1.</num>
        <content eId="para_33__content">
          <p xml:space="preserve">
            <span class="italic">повторяет свой призыв</span> к незамедлительному достижению всеобъемлющего, справедливого и прочного мира на Ближнем Востоке на основе соответствующих резолюций Организации Объединенных Наций, включая резолюцию <a href="https://undocs.org/ru/S/RES/2334 (2016)">2334 (2016)</a> Совета Безопасности, Мадридского мандата, включая принцип «земля в обмен на мир», Арабской мирной инициативы и подготовленной «четверкой» «дорожной карты»<authorialNote marker="8" placement="bottom" eId="authorialNote_8"><p xml:space="preserve"><a href="https://undocs.org/en/S/2003/529">S/2003/529</a>, приложение.</p></authorialNote> и прекращению начавшейся в 1967 году израильской оккупации, в том числе оккупации Восточного Иерусалима, и вновь заявляет в этой связи о своей неизменной поддержке, с опорой на нормы международного права, урегулирования в соответствии с принципом сосуществования двух государств — Израиля и Палестины, — живущих бок о бок в условиях мира и безопасности в пределах признанных границ, основанных на границах, существовавших до 1967 года;</p>
        </content>
      </paragraph>
      <paragraph eId="para_34" class="SingleTxt">
        <num>	2.</num>
        <content eId="para_34__content">
          <p xml:space="preserve">
            <span class="italic">подчеркивает</span> необходимость безотлагательно приложить коллективные усилия с целью начать внушающие доверие переговоры по всем вопросам, касающимся окончательного статуса, в рамках ближневосточного мирного процесса на основе давно определенных принципов и ясных параметров и в сроки, оговоренные «четверкой» в ее заявлении от 21 сентября 2010 года, и вновь призывает к активизации усилий сторон, в том числе путем проведения предметных переговоров, при поддержке международного сообщества в целях окончательного достижения справедливого, прочного и всеобъемлющего мирного урегулирования; </p>
        </content>
      </paragraph>
      <paragraph eId="para_35" class="SingleTxt">
        <num>	3.</num>
        <content eId="para_35__content">
          <p xml:space="preserve">
            <span class="italic">призывает</span> своевременно созвать международную конференцию в Москве, предусмотренную Советом Безопасности в его резолюции <a href="https://undocs.org/ru/S/RES/1850 (2008)">1850 (2008)</a>, для продвижения и ускорения достижения справедливого, прочного и всеобъемлющего мирного урегулирования; </p>
        </content>
      </paragraph>
      <paragraph eId="para_36" class="SingleTxt">
        <num>	4.</num>
        <content eId="para_36__content">
          <p xml:space="preserve">
            <span class="italic">подчеркивает</span>, что соблюдение и уважение Устава Организации Объединенных Наций и международного права, включая международное гуманитарное право и международное право прав человека, имеет основополагающее значение для мира и безопасности в регионе;</p>
        </content>
      </paragraph>
      <paragraph eId="para_37" class="SingleTxt">
        <num>	5.</num>
        <content eId="para_37__content">
          <p xml:space="preserve">
            <span class="italic">призывает</span> обе стороны действовать ответственно и с соблюдением норм международного права и своих предыдущих соглашений и обязательств, как в контексте их политики, так и в контексте принимаемых ими мер, с тем чтобы при поддержке «четверки» и других заинтересованных сторон незамедлительно обратить вспять негативные тенденции, и в том числе отменить все меры, принятые на местах в нарушение норм международного права, и создать условия, необходимые для обеспечения надежных политических перспектив и продвижения вперед мирных усилий; </p>
        </content>
      </paragraph>
      <paragraph eId="para_38" class="SingleTxt">
        <num>	6.</num>
        <content eId="para_38__content">
          <p xml:space="preserve">
            <span class="italic">призывает</span> Израиль, оккупирующую державу, неукоснительно выполнять свои обязательства по международному праву и прекратить все свои идущие вразрез с международным правом мероприятия, в том числе все односторонние действия на оккупированной палестинской территории, включая Восточный Иерусалим, которые направлены на изменение демографического состава, характера и статуса этой территории и тем самым на предрешение окончательных результатов мирных переговоров, и напоминает в этой связи о принципе недопустимости приобретения территории силой и, соответственно, о неправомерности аннексии какой-либо части оккупированной палестинской территории, включая Восточный Иерусалим, что является нарушением норм международного права, подрывает жизнеспособность решения, предусматривающего сосуществование двух государств, и угрожает перспективам достижения справедливого, прочного и всеобъемлющего мирного урегулирования;</p>
        </content>
      </paragraph>
      <paragraph eId="para_39" class="SingleTxt">
        <num>	7.</num>
        <content eId="para_39__content">
          <p xml:space="preserve">
            <span class="italic">подчеркивает</span>, в частности, необходимость незамедлительного прекращения всей поселенческой деятельности, конфискации земель и сноса домов для принятия мер по обеспечению привлечения виновных к ответственности и освобождения заключенных, а также прекращения произвольных арестов и задержаний; </p>
        </content>
      </paragraph>
      <paragraph eId="para_40" class="SingleTxt">
        <num>	8.</num>
        <content eId="para_40__content">
          <p xml:space="preserve">
            <span class="italic">подчеркивает также</span> необходимость уважения и сохранения территориального единства, непрерывности и целостности всей оккупированной палестинской территории, включая Восточный Иерусалим; </p>
        </content>
      </paragraph>
      <paragraph eId="para_41" class="SingleTxt">
        <num>	9.</num>
        <content eId="para_41__content">
          <p xml:space="preserve">
            <span class="italic">подчеркивает далее</span> необходимость немедленного и полного прекращения всех актов насилия, включая военные нападения, разрушения и акты террора, а также все акты провокации и подстрекательства;</p>
        </content>
      </paragraph>
      <paragraph eId="para_42" class="SingleTxt">
        <num>	10.</num>
        <content eId="para_42__content">
          <p xml:space="preserve">
            <span class="italic">вновь подтверждает свою решимость </span>добиваться согласно международному праву урегулирования в соответствии с принципом сосуществования двух государств — Израиля и Палестины, — живущих бок о бок в условиях мира и безопасности в пределах признанных границ, основанных на границах, существовавших до 1967 года; </p>
        </content>
      </paragraph>
      <paragraph eId="para_43" class="SingleTxt">
        <num>	11.</num>
        <content eId="para_43__content">
          <p xml:space="preserve">
            <span class="italic">особо отмечает</span> в этой связи содержащееся в резолюции <a href="https://undocs.org/ru/S/RES/2334 (2016)">2334 (2016)</a> Совета Безопасности заявление о его решимости изучать практические пути и средства обеспечения полного осуществления его соответствующих резолюций;</p>
        </content>
      </paragraph>
      <paragraph eId="para_44" class="SingleTxt">
        <num>	12.</num>
        <content eId="para_44__content">
          <p xml:space="preserve">
            <span class="italic">призывает обеспечить</span>:</p>
        </content>
      </paragraph>
      <paragraph eId="para_45" class="SingleTxt">
        <content eId="para_45__content">
          <p xml:space="preserve">	а)	уход Израиля с оккупированной с 1967 года палестинской территории, включая Восточный Иерусалим; </p>
        </content>
      </paragraph>
      <paragraph eId="para_46" class="SingleTxt">
        <content eId="para_46__content">
          <p xml:space="preserve">	b)	осуществление неотъемлемых прав палестинского народа, прежде всего права на самоопределение и права на свое независимое государство; </p>
        </content>
      </paragraph>
      <paragraph eId="para_47" class="SingleTxt">
        <content eId="para_47__content">
          <p xml:space="preserve">	c)	справедливое решение проблемы палестинских беженцев в соответствии с ее резолюцией <a href="https://undocs.org/ru/A/RES/194 (III)">194 (III)</a> от 11 декабря 1948 года; </p>
        </content>
      </paragraph>
      <paragraph eId="para_48" class="SingleTxt">
        <num>	13.</num>
        <content eId="para_48__content">
          <p xml:space="preserve">
            <span class="italic">призывает</span> все государства во исполнение их обязательств по Уставу и их обязанностей согласно соответствующим резолюциям Совета Безопасности, в частности:</p>
        </content>
      </paragraph>
      <paragraph eId="para_49" class="SingleTxt">
        <content eId="para_49__content">
          <p xml:space="preserve">	а)	не признавать никаких изменений границ, существовавших до 1967 года, в том числе в том, что касается Иерусалима, помимо тех изменений, которые согласованы обеими сторонами, в том числе путем обеспечения того, чтобы в соглашениях с Израилем не подразумевалось признания суверенитета Израиля над территориями, оккупированными Израилем в 1967 году;</p>
        </content>
      </paragraph>
      <paragraph eId="para_50" class="SingleTxt">
        <content eId="para_50__content">
          <p xml:space="preserve">	b)	проводить различие в рамках своих соответствующих взаимоотношений между территорией Государства Израиль и территориями, оккупированными с 1967 года;</p>
        </content>
      </paragraph>
      <paragraph eId="para_51" class="SingleTxt">
        <content eId="para_51__content">
          <p xml:space="preserve">	c)	не оказывать помощи или поддержки в незаконной поселенческой деятельности, в том числе, в соответствии с резолюцией <a href="https://undocs.org/ru/S/RES/465 (1980)">465 (1980)</a> Совета Безопасности от 1 марта 1980 года, не оказывать Израилю никакой помощи, которая должна быть использована непосредственно в связи с поселениями на оккупированных территориях;</p>
        </content>
      </paragraph>
      <paragraph eId="para_52" class="SingleTxt">
        <content eId="para_52__content">
          <p xml:space="preserve">	d)	уважать нормы международного права и обеспечивать их соблюдение при любых обстоятельствах, в том числе с помощью мер по привлечению виновных к ответственности в соответствии с нормами международного права;</p>
        </content>
      </paragraph>
      <paragraph eId="para_53" class="SingleTxt">
        <num>	14.</num>
        <content eId="para_53__content">
          <p xml:space="preserve">
            <span class="italic">настоятельно призывает</span> все государства и Организацию Объединенных Наций продолжить и ускорить оказание экономической, гуманитарной и технической помощи палестинскому народу и палестинскому правительству в течение этого ответственного периода, чтобы содействовать смягчению серьезной гуманитарной ситуации на оккупированной палестинской территории, включая Восточный Иерусалим, которая в секторе Газа является катастрофической, восстановить палестинскую экономику и инфраструктуру и поддержать развитие и укрепление палестинских учреждений и усилия по строительству палестинского государства в рамках подготовки к обретению независимости; </p>
        </content>
      </paragraph>
      <paragraph eId="para_54" class="SingleTxt">
        <num>	15.</num>
        <content eId="para_54__content">
          <p xml:space="preserve">
            <span class="italic">просит</span> Генерального секретаря, в том числе через его Специального координатора по ближневосточному мирному процессу и Личного представителя при Организации освобождения Палестины и Палестинской администрации, продолжать совместно с заинтересованными сторонами и на основе консультаций с Советом Безопасности, в том числе касательно докладов, предусмотренных резолюцией <a href="https://undocs.org/ru/S/RES/2334 (2016)">2334 (2016)</a>, свои усилия по достижению мирного урегулирования вопроса о Палестине и по содействию миру в регионе и представить Генеральной Ассамблее на ее семьдесят пятой сессии доклад об этих усилиях и развитии событий в данном вопросе. </p>
        </content>
      </paragraph>
    </mainBody>
    <conclusions eId="conclusions">
      <p>
        <inline name="adoptionMeeting" title="38-e">38-e пленарное заседание</inline>
        <eol />
        <docDate date="2019-12-03" refersTo="#adoptionDate">3 декабря 2019 года</docDate>
      </p>
    </conclusions>
  </statement>
</akomaNtoso>