<akomaNtoso xmlns:xsi="http://www.w3.org/2001/XMLSchema-instance" xsi:schemaLocation="http://docs.oasis-open.org/legaldocml/ns/akn/3.0 http://docs.oasis-open.org/legaldocml/akn-core/v1.0/os/part2-specs/schemas/akomantoso30.xsd" xmlns="http://docs.oasis-open.org/legaldocml/ns/akn/3.0" xmlns:html="http://www.w3.org/1999/xhtml" xmlns:akn4un="http://un.org/akn4un">
  <statement name="resolution">
    <meta>
      <identification source="#DGACM">
        <FRBRWork>
          <FRBRthis value="/akn/un/statement/deliberation/unga/2019-12-18/74-138/!main/"></FRBRthis>
          <FRBRuri value="/akn/un/statement/deliberation/unga/2019-12-18/74-138/"></FRBRuri>
          <FRBRdate date="2019-12-18" name="adoption"></FRBRdate>
          <FRBRauthor href="ga" as="author"></FRBRauthor>
          <FRBRcountry value="un"></FRBRcountry>
        </FRBRWork>
        <FRBRExpression>
          <FRBRthis value="/akn/un/statement/deliberation/unga/2019-12-18/74-138/rus@!main/"></FRBRthis>
          <FRBRuri value="/akn/un/statement/deliberation/unga/2019-12-18/74-138/rus@/"></FRBRuri>
          <FRBRdate date="2020-01-24" name="publication"></FRBRdate>
          <FRBRauthor href="ga" as="issuer"></FRBRauthor>
          <FRBRlanguage language="rus"></FRBRlanguage>
        </FRBRExpression>
        <FRBRManifestation>
          <FRBRthis value="/akn/un/statement/deliberation/unga/2019-12-18/74-138/rus@/!main.xml"></FRBRthis>
          <FRBRuri value="/akn/un/statement/deliberation/unga/2019-12-18/74-138/rus@.xml"></FRBRuri>
          <FRBRdate date="2020-08-29" name="markup"></FRBRdate>
          <FRBRauthor href="DGACM" as="editor"></FRBRauthor>
        </FRBRManifestation>
      </identification>
      <classification source="http://metadata.un.org/sdg">
        <keyword value="4" href="http://metadata.un.org/sdg/4" showAs="sdg_4" dictionary="SDGO"></keyword>
        <keyword value="education" href="http://eurovoc.europa.eu/668" showAs="education" dictionary="EuroVoc"></keyword>
        <keyword value="right_to_education" href="http://eurovoc.europa.eu/512" showAs="right_to_education" dictionary="EuroVoc"></keyword>
        <keyword value="education" href="http://metadata.un.org/thesaurus/1001893" showAs="education" dictionary="UNBIS Thesaurus"></keyword>
      </classification>
      <classification source="http://metadata.un.org/sdg">
        <keyword value="16" href="http://metadata.un.org/sdg/16" showAs="sdg_16" dictionary="SDGO"></keyword>
        <keyword value="right_to_justice" href="http://eurovoc.europa.eu/516" showAs="right_to_justice" dictionary="EuroVoc"></keyword>
        <keyword value="sustainable_development" href="http://eurovoc.europa.eu/5585" showAs="sustainable_development" dictionary="EuroVoc"></keyword>
        <keyword value="civil_society" href="http://metadata.un.org/thesaurus/1001012" showAs="civil_society" dictionary="UNBIS Thesaurus"></keyword>
        <keyword value="justice" href="http://metadata.un.org/thesaurus/1003500" showAs="justice" dictionary="UNBIS Thesaurus"></keyword>
        <keyword value="peaceful_coexistence" href="http://metadata.un.org/thesaurus/1004777" showAs="peaceful_coexistence" dictionary="UNBIS Thesaurus"></keyword>
        <keyword value="public_institutions" href="http://metadata.un.org/thesaurus/1005254" showAs="public_institutions" dictionary="UNBIS Thesaurus"></keyword>
        <keyword value="social_justice" href="http://metadata.un.org/thesaurus/1005970" showAs="social_justice" dictionary="UNBIS Thesaurus"></keyword>
        <keyword value="sustainable_development" href="http://metadata.un.org/thesaurus/1006319" showAs="sustainable_development" dictionary="UNBIS Thesaurus"></keyword>
      </classification>
      <workflow source="#un">
        <step date="2019-10-30" outcome="draftResolution" as="A/C.3/74/L.36" by="Cuba, Democratic People's Republic of Korea, Nicaragua, Venezuela (Bolivarian Republic of) and Zimbabwe" />
        <step date="0001-01-01" outcome="draftResolutionAdditionalSponsors" by="Belarus, Bolivia (Plurinational State of), Botswana, Burundi, Cameroon, China, Comoros, Ecuador, Egypt, Equatorial Guinea, Eritrea, Lao People's Democratic Republic, Lesotho, Libya, Madagascar, Malaysia, Mali, Myanmar, Namibia, Nigeria, Saint Vincent and the Grenadines, Sierra Leone and Sri Lanka" />
        <step date="0001-01-01" outcome="recommendedForAdoption" as="A/74/398" by="" refersTo="23" />
        <step date="2019-12-18" outcome="adopted" as="A/74/PV.50" by="" />
      </workflow>
      <analysis source="#un">
        <parliamentary>
          <voting outcome="adoptedRecordedVote">
            <count value="130" refersTo="inFavour">
              <akn4un:voters>
                <organization refersTo="memberState">AFGHANISTAN</organization>
                <organization refersTo="memberState">ALGERIA</organization>
                <organization refersTo="memberState">ANGOLA</organization>
                <organization refersTo="memberState">ANTIGUA AND BARBUDA</organization>
                <organization refersTo="memberState">ARGENTINA</organization>
                <organization refersTo="memberState">ARMENIA</organization>
                <organization refersTo="memberState">AZERBAIJAN</organization>
                <organization refersTo="memberState">BAHAMAS</organization>
                <organization refersTo="memberState">BAHRAIN</organization>
                <organization refersTo="memberState">BANGLADESH</organization>
                <organization refersTo="memberState">BARBADOS</organization>
                <organization refersTo="memberState">BELARUS</organization>
                <organization refersTo="memberState">BELIZE</organization>
                <organization refersTo="memberState">BENIN</organization>
                <organization refersTo="memberState">BHUTAN</organization>
                <organization refersTo="memberState">BOLIVIA (PLURINATIONAL STATE OF)</organization>
                <organization refersTo="memberState">BOTSWANA</organization>
                <organization refersTo="memberState">BRUNEI DARUSSALAM</organization>
                <organization refersTo="memberState">BURKINA FASO</organization>
                <organization refersTo="memberState">BURUNDI</organization>
                <organization refersTo="memberState">CABO VERDE</organization>
                <organization refersTo="memberState">CAMBODIA</organization>
                <organization refersTo="memberState">CAMEROON</organization>
                <organization refersTo="memberState">CENTRAL AFRICAN REPUBLIC</organization>
                <organization refersTo="memberState">CHAD</organization>
                <organization refersTo="memberState">CHILE</organization>
                <organization refersTo="memberState">CHINA</organization>
                <organization refersTo="memberState">COMOROS</organization>
                <organization refersTo="memberState">CONGO</organization>
                <organization refersTo="memberState">COSTA RICA</organization>
                <organization refersTo="memberState">COTE D'IVOIRE</organization>
                <organization refersTo="memberState">CUBA</organization>
                <organization refersTo="memberState">DEMOCRATIC PEOPLE'S REPUBLIC OF KOREA</organization>
                <organization refersTo="memberState">DEMOCRATIC REPUBLIC OF THE CONGO</organization>
                <organization refersTo="memberState">DJIBOUTI</organization>
                <organization refersTo="memberState">DOMINICAN REPUBLIC</organization>
                <organization refersTo="memberState">ECUADOR</organization>
                <organization refersTo="memberState">EGYPT</organization>
                <organization refersTo="memberState">EL SALVADOR</organization>
                <organization refersTo="memberState">EQUATORIAL GUINEA</organization>
                <organization refersTo="memberState">ERITREA</organization>
                <organization refersTo="memberState">ETHIOPIA</organization>
                <organization refersTo="memberState">GABON</organization>
                <organization refersTo="memberState">GAMBIA</organization>
                <organization refersTo="memberState">GHANA</organization>
                <organization refersTo="memberState">GRENADA</organization>
                <organization refersTo="memberState">GUATEMALA</organization>
                <organization refersTo="memberState">GUINEA</organization>
                <organization refersTo="memberState">GUINEA-BISSAU</organization>
                <organization refersTo="memberState">GUYANA</organization>
                <organization refersTo="memberState">HAITI</organization>
                <organization refersTo="memberState">HONDURAS</organization>
                <organization refersTo="memberState">INDIA</organization>
                <organization refersTo="memberState">INDONESIA</organization>
                <organization refersTo="memberState">IRAN (ISLAMIC REPUBLIC OF)</organization>
                <organization refersTo="memberState">IRAQ</organization>
                <organization refersTo="memberState">JAMAICA</organization>
                <organization refersTo="memberState">JORDAN</organization>
                <organization refersTo="memberState">KAZAKHSTAN</organization>
                <organization refersTo="memberState">KENYA</organization>
                <organization refersTo="memberState">KIRIBATI</organization>
                <organization refersTo="memberState">KUWAIT</organization>
                <organization refersTo="memberState">KYRGYZSTAN</organization>
                <organization refersTo="memberState">LAO PEOPLE'S DEMOCRATIC REPUBLIC</organization>
                <organization refersTo="memberState">LEBANON</organization>
                <organization refersTo="memberState">LESOTHO</organization>
                <organization refersTo="memberState">LIBYA</organization>
                <organization refersTo="memberState">MADAGASCAR</organization>
                <organization refersTo="memberState">MALAWI</organization>
                <organization refersTo="memberState">MALAYSIA</organization>
                <organization refersTo="memberState">MALDIVES</organization>
                <organization refersTo="memberState">MALI</organization>
                <organization refersTo="memberState">MAURITANIA</organization>
                <organization refersTo="memberState">MAURITIUS</organization>
                <organization refersTo="memberState">MONGOLIA</organization>
                <organization refersTo="memberState">MOROCCO</organization>
                <organization refersTo="memberState">MOZAMBIQUE</organization>
                <organization refersTo="memberState">MYANMAR</organization>
                <organization refersTo="memberState">NAMIBIA</organization>
                <organization refersTo="memberState">NAURU</organization>
                <organization refersTo="memberState">NEPAL</organization>
                <organization refersTo="memberState">NICARAGUA</organization>
                <organization refersTo="memberState">NIGER</organization>
                <organization refersTo="memberState">NIGERIA</organization>
                <organization refersTo="memberState">OMAN</organization>
                <organization refersTo="memberState">PAKISTAN</organization>
                <organization refersTo="memberState">PANAMA</organization>
                <organization refersTo="memberState">PAPUA NEW GUINEA</organization>
                <organization refersTo="memberState">PARAGUAY</organization>
                <organization refersTo="memberState">PERU</organization>
                <organization refersTo="memberState">PHILIPPINES</organization>
                <organization refersTo="memberState">QATAR</organization>
                <organization refersTo="memberState">RUSSIAN FEDERATION</organization>
                <organization refersTo="memberState">RWANDA</organization>
                <organization refersTo="memberState">SAINT KITTS AND NEVIS</organization>
                <organization refersTo="memberState">SAINT LUCIA</organization>
                <organization refersTo="memberState">SAINT VINCENT AND THE GRENADINES</organization>
                <organization refersTo="memberState">SAMOA</organization>
                <organization refersTo="memberState">SAO TOME AND PRINCIPE</organization>
                <organization refersTo="memberState">SAUDI ARABIA</organization>
                <organization refersTo="memberState">SENEGAL</organization>
                <organization refersTo="memberState">SEYCHELLES</organization>
                <organization refersTo="memberState">SIERRA LEONE</organization>
                <organization refersTo="memberState">SINGAPORE</organization>
                <organization refersTo="memberState">SOLOMON ISLANDS</organization>
                <organization refersTo="memberState">SOMALIA</organization>
                <organization refersTo="memberState">SOUTH AFRICA</organization>
                <organization refersTo="memberState">SRI LANKA</organization>
                <organization refersTo="memberState">SUDAN</organization>
                <organization refersTo="memberState">SURINAME</organization>
                <organization refersTo="memberState">SYRIAN ARAB REPUBLIC</organization>
                <organization refersTo="memberState">TAJIKISTAN</organization>
                <organization refersTo="memberState">THAILAND</organization>
                <organization refersTo="memberState">TIMOR-LESTE</organization>
                <organization refersTo="memberState">TOGO</organization>
                <organization refersTo="memberState">TRINIDAD AND TOBAGO</organization>
                <organization refersTo="memberState">TUNISIA</organization>
                <organization refersTo="memberState">TURKMENISTAN</organization>
                <organization refersTo="memberState">TUVALU</organization>
                <organization refersTo="memberState">UGANDA</organization>
                <organization refersTo="memberState">UNITED ARAB EMIRATES</organization>
                <organization refersTo="memberState">UNITED REPUBLIC OF TANZANIA</organization>
                <organization refersTo="memberState">URUGUAY</organization>
                <organization refersTo="memberState">UZBEKISTAN</organization>
                <organization refersTo="memberState">VANUATU</organization>
                <organization refersTo="memberState">VENEZUELA (BOLIVARIAN REPUBLIC OF)</organization>
                <organization refersTo="memberState">VIET NAM</organization>
                <organization refersTo="memberState">YEMEN</organization>
                <organization refersTo="memberState">ZAMBIA</organization>
                <organization refersTo="memberState">ZIMBABWE</organization>
              </akn4un:voters>
            </count>
            <count value="52" refersTo="against">
              <akn4un:voters>
                <organization refersTo="memberState">ALBANIA</organization>
                <organization refersTo="memberState">ANDORRA</organization>
                <organization refersTo="memberState">AUSTRALIA</organization>
                <organization refersTo="memberState">AUSTRIA</organization>
                <organization refersTo="memberState">BELGIUM</organization>
                <organization refersTo="memberState">BOSNIA AND HERZEGOVINA</organization>
                <organization refersTo="memberState">BULGARIA</organization>
                <organization refersTo="memberState">CANADA</organization>
                <organization refersTo="memberState">CROATIA</organization>
                <organization refersTo="memberState">CYPRUS</organization>
                <organization refersTo="memberState">CZECHIA</organization>
                <organization refersTo="memberState">DENMARK</organization>
                <organization refersTo="memberState">ESTONIA</organization>
                <organization refersTo="memberState">FINLAND</organization>
                <organization refersTo="memberState">FRANCE</organization>
                <organization refersTo="memberState">GEORGIA</organization>
                <organization refersTo="memberState">GERMANY</organization>
                <organization refersTo="memberState">GREECE</organization>
                <organization refersTo="memberState">HUNGARY</organization>
                <organization refersTo="memberState">ICELAND</organization>
                <organization refersTo="memberState">IRELAND</organization>
                <organization refersTo="memberState">ISRAEL</organization>
                <organization refersTo="memberState">ITALY</organization>
                <organization refersTo="memberState">JAPAN</organization>
                <organization refersTo="memberState">LATVIA</organization>
                <organization refersTo="memberState">LIECHTENSTEIN</organization>
                <organization refersTo="memberState">LITHUANIA</organization>
                <organization refersTo="memberState">LUXEMBOURG</organization>
                <organization refersTo="memberState">MALTA</organization>
                <organization refersTo="memberState">MARSHALL ISLANDS</organization>
                <organization refersTo="memberState">MICRONESIA (FEDERATED STATES OF)</organization>
                <organization refersTo="memberState">MONACO</organization>
                <organization refersTo="memberState">MONTENEGRO</organization>
                <organization refersTo="memberState">NETHERLANDS</organization>
                <organization refersTo="memberState">NEW ZEALAND</organization>
                <organization refersTo="memberState">NORTH MACEDONIA</organization>
                <organization refersTo="memberState">NORWAY</organization>
                <organization refersTo="memberState">POLAND</organization>
                <organization refersTo="memberState">PORTUGAL</organization>
                <organization refersTo="memberState">REPUBLIC OF KOREA</organization>
                <organization refersTo="memberState">REPUBLIC OF MOLDOVA</organization>
                <organization refersTo="memberState">ROMANIA</organization>
                <organization refersTo="memberState">SAN MARINO</organization>
                <organization refersTo="memberState">SERBIA</organization>
                <organization refersTo="memberState">SLOVAKIA</organization>
                <organization refersTo="memberState">SLOVENIA</organization>
                <organization refersTo="memberState">SPAIN</organization>
                <organization refersTo="memberState">SWEDEN</organization>
                <organization refersTo="memberState">TURKEY</organization>
                <organization refersTo="memberState">UKRAINE</organization>
                <organization refersTo="memberState">UNITED KINGDOM</organization>
                <organization refersTo="memberState">UNITED STATES</organization>
              </akn4un:voters>
            </count>
            <count value="7" refersTo="abstaining">
              <akn4un:voters>
                <organization refersTo="memberState">BRAZIL</organization>
                <organization refersTo="memberState">COLOMBIA</organization>
                <organization refersTo="memberState">FIJI</organization>
                <organization refersTo="memberState">MEXICO</organization>
                <organization refersTo="memberState">PALAU</organization>
                <organization refersTo="memberState">SWITZERLAND</organization>
                <organization refersTo="memberState">TONGA</organization>
              </akn4un:voters>
            </count>
          </voting>
        </parliamentary>
      </analysis>
      <references source="#DGACM">
        <TLCOrganization eId="source" href="/akn/ontology/organization/un/DGACM" showAs="DGACM"></TLCOrganization>
        <TLCConcept eId="dateOfIssuance" href="/akn/ontology/concept/un/dateOfIssuance" showAs="Date of issuance"></TLCConcept>
        <TLCConcept eId="dateOfAdoption" href="/akn/ontology/concept/un/dateOfAdoption" showAs="Date of adoption"></TLCConcept>
        <TLCConcept eId="symbol" href="/akn/ontology/reference/un/symbol" showAs="Symbol"></TLCConcept>
        <TLCRole eId="publisher" href="/akn/ontology/role/un/publisher" showAs="Publisher"></TLCRole>
        <TLCRole eId="issuingBody" href="/akn/role/concept/un/issuingBody" showAs="Issuing body"></TLCRole>
        <TLCRole eId="author" href="/akn/ontology/role/un/author" showAs="Author"></TLCRole>
        <TLCRole eId="editor" href="/akn/ontology/role/un/editor" showAs="Editor"></TLCRole>
        <TLCRole eId="distribution" href="/akn/ontology/concept/un/generalDistribution" showAs="General distribution"></TLCRole>
        <TLCOrganization eId="ga" href="/akn/ontology/organization/un/generalAssembly" showAs="General Assembly"></TLCOrganization>
        <TLCTerm eId="resolutionTitle" href="/akn/ontology/reference/un/resolutionTitle" showAs="Resolution title"></TLCTerm>
        <TLCTerm eId="thirdCommittee" href="#thirdCommittee" showAs="Третий комитет"></TLCTerm>
        <TLCTerm eId="memberState" href="/akn/ontology/organization/un/memberState" showAs="Member State"></TLCTerm>
        <TLCTerm eId="inFavour" href="/akn/ontology/concept/un/voting/inFavour" showAs="In favour"></TLCTerm>
        <TLCTerm eId="against" href="/akn/ontology/concept/un/voting/against" showAs="Against"></TLCTerm>
        <TLCTerm eId="abstaining" href="/akn/ontology/concept/un/voting/abstaining" showAs="Abstaining"></TLCTerm>
      </references>
      <presentation source="#un">
        <akn4un:footerFirstPage>
          <akn4un:footerFirstPageLeft>
            <akn4un:internalCode>
              <docketNumber refersTo="#publicationJobNumber">19-22237 (R)</docketNumber>
              <img alt="bar code" class="barCode" src=""></img>
            </akn4un:internalCode>
          </akn4un:footerFirstPageLeft>
          <akn4un:footerFirstPageRight>
            <img alt="Please recycle" class="image" src="./recylcleLogo.jpg"></img>
            <img alt="embedded QR code" class="qrCode" src=""></img>
          </akn4un:footerFirstPageRight>
        </akn4un:footerFirstPage>
      </presentation>
    </meta>
    <coverPage eId="coverPage_1">
      <p>
        <span refersTo="#publisher" class="upperLeft">
          <docAuthority refersTo="#publisher">Организация Объединенных Наций</docAuthority>
        </span>
      </p>
      <p class="upperRight">
        <docNumber refersTo="#symbol">A/RES/74/138</docNumber>
      </p>
      <p class="upperLeft">
        <img src="logo-un.jpg"></img>
        <docAuthority refersTo="#issuingBody" class="rightBig">Генеральная Ассамблея</docAuthority>
      </p>
      <p>
        <docStatus refersTo="#generalDistribution" class="rightSmall">Distr.: General</docStatus>
      </p>
      <p>
        <docDate date="2020-01-24" class="rightSmall" refersTo="#dateOfIssuance">24 January 2020</docDate>
      </p>
      <p>
        <session refersTo="#generalAssembly" value="74" eId="coverPage_1__session_1">Семьдесят четвертая сессия</session>
      </p>
      <p>
        <inline name="agenda item">Пункт 69 повестки дня</inline>
      </p>
      <p>
        <inline name="agenda item name">Право народов на самоопределение</inline>
      </p>
      <p>
        <docTitle>Резолюция, принятая Генеральной Ассамблеей 18 декабря 2019 года</docTitle>
      </p>
      <p xml:space="preserve">
        <docProponent refersTo="#thirdCommittee">[по докладу Третьего комитета (<inline name="originating document">A/74/398</inline>)]</docProponent>
      </p>
    </coverPage>
    <preface>
      <p>
        <docNumber>74/138.</docNumber>
        <docTitle refersTo="#resolutionTitle">Использование наемников как средство нарушения прав человека и противодействия осуществлению права народов на самоопределение</docTitle>
      </p>
    </preface>
    <preamble>
      <formula name="enactingFormula" eId="formula_1">
        <p xml:space="preserve">
          <span class="italic">Генеральная Ассамблея</span>,</p>
      </formula>
      <container name="ссылаясь " eId="container_2">
        <p xml:space="preserve">
          <span class="italic">ссылаясь </span>на все свои предыдущие резолюции по этому вопросу, включая резолюцию <a href="https://undocs.org/ru/A/RES/73/159">73/159</a> от 17 декабря 2018 года, и резолюции Совета по правам человека по этому вопросу, включая резолюцию <a href="https://undocs.org/ru/A/HRC/RES/42/9">42/9</a> от 26 сентября 2019 года<authorialNote marker="1" placement="bottom" eId="authorialNote_1"><p xml:space="preserve">		См. <span class="italic">Официальные отчеты Генеральной Ассамблеи, семьдесят четвертая сессия, Дополнение № 53А</span> (<a href="https://undocs.org/ru/A/74/53/Add.1">A/74/53/Add.1</a>), гл. III.</p></authorialNote>, а также все резолюции, принятые в этой связи Комиссией по правам человека,</p>
      </container>
      <container name="ссылаясь также" eId="container_3">
        <p xml:space="preserve">
          <span class="italic">ссылаясь также</span> на все свои соответствующие резолюции, в которых, в частности, осуждается всякое государство, которое разрешает или допускает вербовку, финансирование, обучение, сбор, транзит или использование наемников в целях свержения правительств государств — членов Организации Объединенных Наций, особенно правительств развивающихся стран, или борьбы с национально-освободительными движениями, и ссылаясь далее на соответствующие резолюции и международные документы, принятые Генеральной Ассамблеей, Советом Безопасности, Экономическим и Социальным Советом и Организацией африканского единства (в частности, Конвенцию Организации африканского единства о ликвидации наемничества в Африке<authorialNote marker="2" placement="bottom" eId="authorialNote_2"><p xml:space="preserve">		United Nations, <span class="italic">Treaty Series</span>, vol. 1490, No. 25573.</p></authorialNote>), а также Африканским союзом,</p>
      </container>
      <container name="подтверждая " eId="container_4">
        <p xml:space="preserve">
          <span class="italic">подтверждая </span>утвержденные в Уставе Организации Объединенных Наций цели и принципы, касающиеся строгого соблюдения принципов суверенного равенства, политической независимости, территориальной неприкосновенности государств, самоопределения народов, отказа от применения силы или угрозы ее применения в международных отношениях и невмешательства в дела, входящие во внутреннюю компетенцию государств,</p>
      </container>
      <container name="подтверждая также" eId="container_5">
        <p xml:space="preserve">
          <span class="italic">подтверждая также</span>, что в силу принципа самоопределения все народы имеют право свободно определять свой политический статус и осуществлять свое экономическое, социальное и культурное развитие и что в соответствии с положениями Устава каждое государство обязано уважать это право,</p>
      </container>
      <container name="будучи глубоко обеспокоена" eId="container_6">
        <p xml:space="preserve">
          <span class="italic">будучи глубоко обеспокоена</span> продолжением актов и сохранением угроз иностранной военной интервенции и оккупации, которые создают опасность попрания права народов и наций на самоопределение или уже привели к его попранию, </p>
      </container>
      <container name="подтверждая" eId="container_7">
        <p xml:space="preserve">
          <span class="italic">подтверждая</span> Декларацию о принципах международного права, касающихся дружественных отношений и сотрудничества между государствами в соответствии с Уставом Организации Объединенных Наций<authorialNote marker="3" placement="bottom" eId="authorialNote_3"><p xml:space="preserve">		Резолюция <a href="https://undocs.org/ru/A/RES/2625 (XXV)">2625 (XXV)</a>, приложение.</p></authorialNote>, </p>
      </container>
      <container name="с признательностью отмечая" eId="container_8">
        <p xml:space="preserve">
          <span class="italic">с признательностью отмечая</span> работу и вклад учрежденной Советом по правам человека межправительственной рабочей группы открытого состава, которой поручено рассматривать возможность создания международной нормативной базы, включая вариант разработки юридически обязательного документа для регулирования, мониторинга и контроля деятельности частных военных и охранных компаний,</p>
      </container>
      <container name="будучи встревожена и обеспокоена" eId="container_9">
        <p xml:space="preserve">
          <span class="italic">будучи встревожена и обеспокоена</span> опасностью, которую деятельность наемников представляет для мира и безопасности в развивающихся странах в различных частях мира, в частности в районах вооруженного конфликта, а также той угрозой, которую она создает для целостности и уважения конституционного порядка затрагиваемых стран,</p>
      </container>
      <container name="будучи глубоко обеспокоена" eId="container_10">
        <p xml:space="preserve">
          <span class="italic">будучи глубоко обеспокоена</span> человеческими жертвами, значительным ущербом имуществу и негативными последствиями для политики и экономики затрагиваемых стран, к которым приводит международная преступная деятельность наемников,</p>
      </container>
      <container name="будучи убеждена" eId="container_11">
        <p xml:space="preserve">
          <span class="italic">будучи убеждена</span> в том, что наемники и связанная с наемничеством деятельность, независимо от того, как они используются и какую форму они принимают, чтобы обрести некое подобие законности, представляют угрозу миру, безопасности и самоопределению народов и являются препятствием для осуществления народами всех прав человека,</p>
      </container>
    </preamble>
    <mainBody>
      <paragraph eId="para_12" class="MercuryDocument">
        <num>	1.</num>
        <content eId="para_12__content">
          <p xml:space="preserve">
            <span class="italic">с признательностью принимает к сведению</span> последний доклад Рабочей группы Совета по правам человека по вопросу об использовании наемников как средстве нарушения прав человека и противодействия осуществлению права народов на самоопределение<authorialNote marker="4" placement="bottom" eId="authorialNote_4"><p xml:space="preserve"><a href="https://undocs.org/ru/A/74/244">A/74/244</a>.</p></authorialNote>; </p>
        </content>
      </paragraph>
      <paragraph eId="para_13" class="MercuryDocument">
        <num>	2.</num>
        <content eId="para_13__content">
          <p xml:space="preserve">
            <span class="italic">подтверждает</span>, что использование наемников и их вербовка, финансирование, защита и обучение вызывают серьезную обеспокоенность у всех государств и противоречат целям и принципам, утвержденным в Уставе Организации Объединенных Наций;</p>
        </content>
      </paragraph>
      <paragraph eId="para_14" class="MercuryDocument">
        <num>	3.</num>
        <content eId="para_14__content">
          <p xml:space="preserve">
            <span class="italic">признает</span>, что вооруженные конфликты, терроризм, незаконный оборот оружия и тайные операции третьих держав способствуют, среди прочего, росту спроса на наемников на глобальном рынке;</p>
        </content>
      </paragraph>
      <paragraph eId="para_15" class="MercuryDocument">
        <num>	4.</num>
        <content eId="para_15__content">
          <p xml:space="preserve">
            <span class="italic">вновь настоятельно призывает</span> все государства предпринимать необходимые шаги и проявлять максимальную бдительность перед лицом опасности, которую создает деятельность наемников, и принять законодательные меры с целью обеспечить, чтобы их территория и другие территории, находящиеся под их контролем, не использовались для вербовки, сбора, финансирования, обучения, защиты или транзита наемников в целях планирования акций, направленных на противодействие осуществлению права народов на самоопределение, дестабилизацию или свержение правительства какого-либо государства либо расчленение или подрыв, полный или частичный, территориальной целостности или политического единства суверенных и независимых государств, действующих в соответствии с правом народов на самоопределение, а также чтобы их граждане не участвовали в вербовке, сборе, финансировании, обучении, защите или транзите наемников в этих целях;</p>
        </content>
      </paragraph>
      <paragraph eId="para_16" class="MercuryDocument">
        <num>	5.</num>
        <content eId="para_16__content">
          <p xml:space="preserve">
            <span class="italic">просит</span> все государства проявлять максимальную бдительность в целях недопущения любого рода вербовки, обучения, набора или финансирования наемников частными компаниями, предлагающими международные военные консультационные и охранные услуги, и ввести конкретный запрет на участие таких компаний в вооруженных конфликтах и действиях, направленных на дестабилизацию конституционных режимов;</p>
        </content>
      </paragraph>
      <paragraph eId="para_17" class="MercuryDocument">
        <num>	6.</num>
        <content eId="para_17__content">
          <p xml:space="preserve">
            <span class="italic">призывает</span> государства, импортирующие услуги по оказанию военной помощи или консультационные и охранные услуги, оказываемые частными компаниями, создать национальные механизмы, регулирующие регистрацию и лицензирование таких компаний, с целью обеспечить, чтобы импортируемые услуги этих частных компаний не препятствовали осуществлению прав человека и не нарушали прав человека в стране-получателе;</p>
        </content>
      </paragraph>
      <paragraph eId="para_18" class="MercuryDocument">
        <num>	7.</num>
        <content eId="para_18__content">
          <p xml:space="preserve">
            <span class="italic">подчеркивает свою крайнюю обеспокоенность</span> тем влиянием, которое деятельность частных военных и охранных компаний оказывает на осуществление прав человека, особенно в ситуациях вооруженных конфликтов, и отмечает, что частные военные и охранные компании и их персонал редко привлекаются к ответственности за нарушения прав человека;</p>
        </content>
      </paragraph>
      <paragraph eId="para_19" class="MercuryDocument">
        <num>	8.</num>
        <content eId="para_19__content">
          <p xml:space="preserve">
            <span class="italic">призывает</span> все государства, которые еще не сделали этого, рассмотреть вопрос о присоединении к Международной конвенции о борьбе с вербовкой, использованием, финансированием и обучением наемников или ее ратификации<authorialNote marker="5" placement="bottom" eId="authorialNote_5"><p xml:space="preserve">		United Nations, <span class="italic">Treaty Series</span>, vol. 2163, No. 37789.</p></authorialNote>; </p>
        </content>
      </paragraph>
      <paragraph eId="para_20" class="MercuryDocument">
        <num>	9.</num>
        <content eId="para_20__content">
          <p xml:space="preserve">
            <span class="italic">приветствует</span> сотрудничество со стороны тех стран, которые посетила Рабочая группа по вопросу об использовании наемников после утверждения ее мандата, и принятие некоторыми государствами национального законодательства, ограничивающего вербовку, сбор, финансирование, обучение и транзит наемников;</p>
        </content>
      </paragraph>
      <paragraph eId="para_21" class="MercuryDocument">
        <num>	10.</num>
        <content eId="para_21__content">
          <p xml:space="preserve">
            <span class="italic">осуждает</span> недавнюю деятельность наемников в развивающихся странах в различных частях мира, в частности в районах конфликта, и ту угрозу, которую она создает для целостности и уважения конституционного порядка этих стран и осуществления права их народов на самоопределение, и подчеркивает важность анализа Рабочей группой по вопросу об использовании наемников источников и коренных причин наемничества, а также политических мотивов наемников и связанной с наемничеством деятельности;</p>
        </content>
      </paragraph>
      <paragraph eId="para_22" class="MercuryDocument">
        <num>	11.</num>
        <content eId="para_22__content">
          <p xml:space="preserve">
            <span class="italic">призывает</span> государства проводить расследования на предмет возможной причастности наемников к преступным деяниям террористического характера, когда бы и где бы они ни совершались, и предавать суду лиц, ответственность которых установлена, или, если поступила соответствующая просьба, рассматривать вопрос об их выдаче в соответствии с национальным законодательством и применимыми двусторонними или международными договорами;</p>
        </content>
      </paragraph>
      <paragraph eId="para_23" class="MercuryDocument">
        <num>	12.</num>
        <content eId="para_23__content">
          <p xml:space="preserve">
            <span class="italic">осуждает</span> безнаказанность — в любой форме — участников наемнической деятельности и тех, кто несет ответственность за использование, вербовку, финансирование и обучение наемников, и настоятельно призывает все государства привлекать их, без какого-либо различия, к судебной ответственности в соответствии со своими обязанностями по международному праву;</p>
        </content>
      </paragraph>
      <paragraph eId="para_24" class="MercuryDocument">
        <num>	13.</num>
        <content eId="para_24__content">
          <p xml:space="preserve">
            <span class="italic">призывает</span> государства-члены оказывать, в соответствии со своими обязанностями по международному праву, содействие и помощь в судебном преследовании лиц, обвиняемых в наемнической деятельности, в рамках транспарентных, открытых и справедливых судебных разбирательств;</p>
        </content>
      </paragraph>
      <paragraph eId="para_25" class="MercuryDocument">
        <num>	14.</num>
        <content eId="para_25__content">
          <p xml:space="preserve">
            <span class="italic">приветствует </span>принятое Советом по правам человека в его резолюции <a href="https://undocs.org/ru/A/hrc/RES/42/9">42/9</a><sup>1</sup> решение продлить на трехлетний срок мандат Рабочей группы по вопросу об использовании наемников, с тем чтобы она продолжила выполнение задач, возложенных на нее Советом по правам человека в его резолюции 7/21 от 28 марта 2008 года<authorialNote marker="6" placement="bottom" eId="authorialNote_6"><p xml:space="preserve">		См. <span class="italic">Официальные отчеты Генеральной Ассамблеи, шестьдесят третья сессия, Дополнение № 53 </span>(A/63/53), гл. II, разд. А.</p></authorialNote> и во всех других соответствующих резолюциях по данному вопросу;</p>
        </content>
      </paragraph>
      <paragraph eId="para_26" class="MercuryDocument">
        <num>	15.</num>
        <content eId="para_26__content">
          <p xml:space="preserve">
            <span class="italic">просит</span> Рабочую группу по вопросу об использовании наемников и других экспертов продолжать участвовать, в том числе путем представления материалов, в работе других вспомогательных органов Совета по правам человека, рассматривающих вопросы, касающиеся использования наемников и другой деятельности, связанной с наемниками, во всех ее формах и проявлениях, включая деятельность частных военных и охранных компаний;</p>
        </content>
      </paragraph>
      <paragraph eId="para_27" class="MercuryDocument">
        <num>	16.</num>
        <content eId="para_27__content">
          <p xml:space="preserve">
            <span class="italic">просит</span> Рабочую группу по вопросу об использовании наемников продолжать проводившуюся предыдущими мандатариями работу по укреплению международно-правовой базы для предупреждения вербовки, использования, финансирования и обучения наемников и наказания за них с учетом предложения относительно нового юридического определения понятия «наемник», сформулированного Специальным докладчиком по вопросу об использовании наемников как средстве противодействия осуществлению права народов на самоопределение в его докладе, представленном Комиссии по правам человека на ее шестидесятой сессии<authorialNote marker="7" placement="bottom" eId="authorialNote_7"><p xml:space="preserve">		См. <a href="https://undocs.org/ru/E/CN.4/2004/15">E/CN.4/2004/15</a>, п. 47.</p></authorialNote>, и эволюции явления наемничества и его соответствующих форм; </p>
        </content>
      </paragraph>
      <paragraph eId="para_28" class="MercuryDocument">
        <num>	17.</num>
        <content eId="para_28__content">
          <p xml:space="preserve">
            <span class="italic">просит также</span> Рабочую группу по вопросу об использовании наемников продолжать изучать и выявлять источники и причины, новые проблемы, проявления и тенденции, имеющие отношение к наемникам и наемнической деятельности, а также частным военным и охранным компаниям, и влияние их деятельности на права человека, в частности на право народов на самоопределение;</p>
        </content>
      </paragraph>
      <paragraph eId="para_29" class="MercuryDocument">
        <num>	18.</num>
        <content eId="para_29__content">
          <p xml:space="preserve">
            <span class="italic">просит</span> Управление Верховного комиссара Организации Объединенных Наций по правам человека в первоочередном порядке предавать гласности информацию об отрицательных последствиях деятельности наемников для права народов на самоопределение и, при поступлении соответствующей просьбы и в случае необходимости, оказывать консультационные услуги государствам, затрагиваемым этой деятельностью;</p>
        </content>
      </paragraph>
      <paragraph eId="para_30" class="MercuryDocument">
        <num>	19.</num>
        <content eId="para_30__content">
          <p xml:space="preserve">
            <span class="italic">рекомендует</span> всем государствам-членам, включая те, которые имеют дело с явлением частных военных и охранных компаний в качестве государств-контрагентов, государств, на территории которых они действуют, государств происхождения или государств, чьи граждане работают на частные военные и охранные компании, вносить свой вклад в работу межправительственной рабочей группы открытого состава, учитывая при этом первоначальную работу, проделанную Рабочей группой по вопросу об использовании наемников;</p>
        </content>
      </paragraph>
      <paragraph eId="para_31" class="MercuryDocument">
        <num>	20.</num>
        <content eId="para_31__content">
          <p xml:space="preserve">
            <span class="italic">настоятельно призывает</span> все государства в полной мере сотрудничать с Рабочей группой по вопросу об использовании наемников в выполнении ею своего мандата;</p>
        </content>
      </paragraph>
      <paragraph eId="para_32" class="MercuryDocument">
        <num>	21.</num>
        <content eId="para_32__content">
          <p xml:space="preserve">
            <span class="italic">просит</span> Генерального секретаря и Верховного комиссара Организации Объединенных Наций по правам человека продолжать оказывать Рабочей группе по вопросу об использовании наемников всяческую помощь и поддержку как профессионального, так и финансового характера, необходимую для осуществления ею своего мандата, в том числе содействуя налаживанию сотрудничества между Рабочей группой и другими компонентами системы Организации Объединенных Наций, которые занимаются вопросами противодействия деятельности наемников, в целях удовлетворения потребностей, связанных с ее нынешней и будущей работой;</p>
        </content>
      </paragraph>
      <paragraph eId="para_33" class="MercuryDocument">
        <num>	22.</num>
        <content eId="para_33__content">
          <p xml:space="preserve">
            <span class="italic">просит</span> Рабочую группу по вопросу об использовании наемников проводить консультации об осуществлении настоящей резолюции с государствами и межправительственными и неправительственными организациями и представить Генеральной Ассамблее на ее семьдесят пятой сессии доклад с конкретными рекомендациями и выводами относительно использования наемников для подрыва осуществления всех прав человека и противодействия осуществлению права народов на самоопределение;</p>
        </content>
      </paragraph>
      <paragraph eId="para_34" class="MercuryDocument">
        <num>	23.</num>
        <content eId="para_34__content">
          <p xml:space="preserve">
            <span class="italic">постановляет</span> рассмотреть вопрос об использовании наемников как средстве нарушения прав человека и противодействия осуществлению права народов на самоопределение на своей семьдесят пятой сессии по пункту, озаглавленному «Право народов на самоопределение».</p>
        </content>
      </paragraph>
    </mainBody>
    <conclusions eId="conclusions">
      <p>
        <inline name="adoptionMeeting" title="50-e">50-e пленарное заседание</inline>
        <eol />
        <docDate date="2019-12-18" refersTo="#adoptionDate">18 декабря 2019 года</docDate>
      </p>
    </conclusions>
  </statement>
</akomaNtoso>