<akomaNtoso xmlns:xsi="http://www.w3.org/2001/XMLSchema-instance" xsi:schemaLocation="http://docs.oasis-open.org/legaldocml/ns/akn/3.0 http://docs.oasis-open.org/legaldocml/akn-core/v1.0/os/part2-specs/schemas/akomantoso30.xsd" xmlns="http://docs.oasis-open.org/legaldocml/ns/akn/3.0" xmlns:html="http://www.w3.org/1999/xhtml" xmlns:akn4un="http://un.org/akn4un">
  <statement name="resolution">
    <meta>
      <identification source="#DGACM">
        <FRBRWork>
          <FRBRthis value="/akn/un/statement/deliberation/unga/2019-12-18/74-144/!main/"></FRBRthis>
          <FRBRuri value="/akn/un/statement/deliberation/unga/2019-12-18/74-144/"></FRBRuri>
          <FRBRdate date="2019-12-18" name="adoption"></FRBRdate>
          <FRBRauthor href="ga" as="author"></FRBRauthor>
          <FRBRcountry value="un"></FRBRcountry>
        </FRBRWork>
        <FRBRExpression>
          <FRBRthis value="/akn/un/statement/deliberation/unga/2019-12-18/74-144/rus@!main/"></FRBRthis>
          <FRBRuri value="/akn/un/statement/deliberation/unga/2019-12-18/74-144/rus@/"></FRBRuri>
          <FRBRdate date="2020-01-20" name="publication"></FRBRdate>
          <FRBRauthor href="ga" as="issuer"></FRBRauthor>
          <FRBRlanguage language="rus"></FRBRlanguage>
        </FRBRExpression>
        <FRBRManifestation>
          <FRBRthis value="/akn/un/statement/deliberation/unga/2019-12-18/74-144/rus@/!main.xml"></FRBRthis>
          <FRBRuri value="/akn/un/statement/deliberation/unga/2019-12-18/74-144/rus@.xml"></FRBRuri>
          <FRBRdate date="2020-08-29" name="markup"></FRBRdate>
          <FRBRauthor href="DGACM" as="editor"></FRBRauthor>
        </FRBRManifestation>
      </identification>
      <classification source="http://metadata.un.org/sdg">
        <keyword value="3" href="http://metadata.un.org/sdg/3" showAs="sdg_3" dictionary="SDGO"></keyword>
        <keyword value="public_health" href="http://eurovoc.europa.eu/3885" showAs="public_health" dictionary="EuroVoc"></keyword>
        <keyword value="health" href="http://metadata.un.org/thesaurus/1002824" showAs="health" dictionary="UNBIS Thesaurus"></keyword>
      </classification>
      <classification source="http://metadata.un.org/sdg">
        <keyword value="4" href="http://metadata.un.org/sdg/4" showAs="sdg_4" dictionary="SDGO"></keyword>
        <keyword value="education" href="http://eurovoc.europa.eu/668" showAs="education" dictionary="EuroVoc"></keyword>
        <keyword value="right_to_education" href="http://eurovoc.europa.eu/512" showAs="right_to_education" dictionary="EuroVoc"></keyword>
        <keyword value="education" href="http://metadata.un.org/thesaurus/1001893" showAs="education" dictionary="UNBIS Thesaurus"></keyword>
      </classification>
      <classification source="http://metadata.un.org/sdg">
        <keyword value="16" href="http://metadata.un.org/sdg/16" showAs="sdg_16" dictionary="SDGO"></keyword>
        <keyword value="right_to_justice" href="http://eurovoc.europa.eu/516" showAs="right_to_justice" dictionary="EuroVoc"></keyword>
        <keyword value="sustainable_development" href="http://eurovoc.europa.eu/5585" showAs="sustainable_development" dictionary="EuroVoc"></keyword>
        <keyword value="civil_society" href="http://metadata.un.org/thesaurus/1001012" showAs="civil_society" dictionary="UNBIS Thesaurus"></keyword>
        <keyword value="justice" href="http://metadata.un.org/thesaurus/1003500" showAs="justice" dictionary="UNBIS Thesaurus"></keyword>
        <keyword value="peaceful_coexistence" href="http://metadata.un.org/thesaurus/1004777" showAs="peaceful_coexistence" dictionary="UNBIS Thesaurus"></keyword>
        <keyword value="public_institutions" href="http://metadata.un.org/thesaurus/1005254" showAs="public_institutions" dictionary="UNBIS Thesaurus"></keyword>
        <keyword value="social_justice" href="http://metadata.un.org/thesaurus/1005970" showAs="social_justice" dictionary="UNBIS Thesaurus"></keyword>
        <keyword value="sustainable_development" href="http://metadata.un.org/thesaurus/1006319" showAs="sustainable_development" dictionary="UNBIS Thesaurus"></keyword>
      </classification>
      <classification source="http://metadata.un.org/sdg">
        <keyword value="17" href="http://metadata.un.org/sdg/17" showAs="sdg_17" dictionary="SDGO"></keyword>
        <keyword value="sustainable_development" href="http://eurovoc.europa.eu/5585" showAs="sustainable_development" dictionary="EuroVoc"></keyword>
        <keyword value="partnership" href="http://eurovoc.europa.eu/4199" showAs="partnership" dictionary="EuroVoc"></keyword>
        <keyword value="sustainable_development" href="http://metadata.un.org/thesaurus/1006319" showAs="sustainable_development" dictionary="UNBIS Thesaurus"></keyword>
        <keyword value="partnership" href="http://metadata.un.org/thesaurus/1004748" showAs="partnership" dictionary="UNBIS Thesaurus"></keyword>
      </classification>
      <workflow source="#un">
        <step date="2019-11-13" outcome="draftResolution" as="A/C.3/74/L.32/Rev.1" by="Antigua and Barbuda, Argentina, Armenia, Austria, Bangladesh, Belize, Bolivia (Plurinational State of), Bulgaria, Cabo Verde, Costa Rica, Côte d’Ivoire, Cyprus, Czechia, Ecuador, Finland, France, Georgia, Germany, Greece, Honduras, Iceland, Ireland, Jordan, Kenya, Liberia, Malta, Mexico, Mongolia, Namibia, New Zealand, Panama, Poland, Seychelles, Spain and Sweden" />
        <step date="0001-01-01" outcome="draftResolutionAdditionalSponsors" by="Albania, Andorra, Australia, Bahamas, Belgium, Benin, Brazil, Burkina Faso, Canada, Croatia, Denmark, Dominican Republic, El Salvador, Estonia, Gambia, Ghana, Guatemala, Guinea, Haiti, Hungary, India, Indonesia, Israel, Italy, Japan, Latvia, Lebanon, Lithuania, Luxembourg, Madagascar, Maldives, Mali, Monaco, Montenegro, Netherlands, Nicaragua, North Macedonia, Norway, Palau, Paraguay, Peru, Philippines, Portugal, Qatar, Republic of Korea, Republic of Moldova, Romania, Rwanda, Saint Kitts and Nevis, Samoa, San Marino, Senegal, Serbia, Slovakia, Slovenia, South Africa, Switzerland, Thailand, Tunisia, Turkey, Ukraine, United Arab Emirates, United Kingdom, United Republic of Tanzania, United States, Uruguay, Venezuela (Bolivarian Republic of), Zambia and Zimbabwe" />
        <step date="0001-01-01" outcome="recommendedForAdoption" as="A/74/399/Add.1" by="" refersTo="13" />
        <step date="2019-12-18" outcome="adopted" as="A/74/PV.50" by="" />
      </workflow>
      <analysis source="#un">
        <parliamentary>
          <voting outcome="adoptedWithoutVote">
            <quorum value=""></quorum>
          </voting>
        </parliamentary>
      </analysis>
      <references source="#DGACM">
        <TLCOrganization eId="source" href="/akn/ontology/organization/un/DGACM" showAs="DGACM"></TLCOrganization>
        <TLCConcept eId="dateOfIssuance" href="/akn/ontology/concept/un/dateOfIssuance" showAs="Date of issuance"></TLCConcept>
        <TLCConcept eId="dateOfAdoption" href="/akn/ontology/concept/un/dateOfAdoption" showAs="Date of adoption"></TLCConcept>
        <TLCConcept eId="symbol" href="/akn/ontology/reference/un/symbol" showAs="Symbol"></TLCConcept>
        <TLCRole eId="publisher" href="/akn/ontology/role/un/publisher" showAs="Publisher"></TLCRole>
        <TLCRole eId="issuingBody" href="/akn/role/concept/un/issuingBody" showAs="Issuing body"></TLCRole>
        <TLCRole eId="author" href="/akn/ontology/role/un/author" showAs="Author"></TLCRole>
        <TLCRole eId="editor" href="/akn/ontology/role/un/editor" showAs="Editor"></TLCRole>
        <TLCRole eId="distribution" href="/akn/ontology/concept/un/generalDistribution" showAs="General distribution"></TLCRole>
        <TLCOrganization eId="ga" href="/akn/ontology/organization/un/generalAssembly" showAs="General Assembly"></TLCOrganization>
        <TLCTerm eId="resolutionTitle" href="/akn/ontology/reference/un/resolutionTitle" showAs="Resolution title"></TLCTerm>
        <TLCTerm eId="thirdCommittee" href="#thirdCommittee" showAs="Третий комитет"></TLCTerm>
        <TLCTerm eId="memberState" href="/akn/ontology/organization/un/memberState" showAs="Member State"></TLCTerm>
        <TLCTerm eId="inFavour" href="/akn/ontology/concept/un/voting/inFavour" showAs="In favour"></TLCTerm>
        <TLCTerm eId="against" href="/akn/ontology/concept/un/voting/against" showAs="Against"></TLCTerm>
        <TLCTerm eId="abstaining" href="/akn/ontology/concept/un/voting/abstaining" showAs="Abstaining"></TLCTerm>
      </references>
      <presentation source="#un">
        <akn4un:footerFirstPage>
          <akn4un:footerFirstPageLeft>
            <akn4un:internalCode>
              <docketNumber refersTo="#publicationJobNumber">19-22245 (R)</docketNumber>
              <img alt="bar code" class="barCode" src=""></img>
            </akn4un:internalCode>
          </akn4un:footerFirstPageLeft>
          <akn4un:footerFirstPageRight>
            <img alt="Please recycle" class="image" src="./recylcleLogo.jpg"></img>
            <img alt="embedded QR code" class="qrCode" src=""></img>
          </akn4un:footerFirstPageRight>
        </akn4un:footerFirstPage>
      </presentation>
    </meta>
    <coverPage eId="coverPage_1">
      <p>
        <span refersTo="#publisher" class="upperLeft">
          <docAuthority refersTo="#publisher">Организация Объединенных Наций</docAuthority>
        </span>
      </p>
      <p class="upperRight">
        <docNumber refersTo="#symbol">A/RES/74/144</docNumber>
      </p>
      <p class="upperLeft">
        <img src="logo-un.jpg"></img>
        <docAuthority refersTo="#issuingBody" class="rightBig">Генеральная Ассамблея</docAuthority>
      </p>
      <p>
        <docStatus refersTo="#generalDistribution" class="rightSmall">Distr.: General</docStatus>
      </p>
      <p>
        <docDate date="2020-01-20" class="rightSmall" refersTo="#dateOfIssuance">20 January 2020</docDate>
      </p>
      <p>
        <session refersTo="#generalAssembly" value="74" eId="coverPage_1__session_1">Семьдесят четвертая сессия</session>
      </p>
      <p>
        <inline name="agenda item">Пункт 70 a) повестки дня</inline>
      </p>
      <p>
        <inline name="agenda item name">Поощрение и защита прав человека: осуществление документов по правам человека</inline>
      </p>
      <p>
        <docTitle>Резолюция, принятая Генеральной Ассамблеей 18 декабря 2019 года</docTitle>
      </p>
      <p xml:space="preserve">
        <docProponent refersTo="#thirdCommittee">[по докладу Третьего комитета (<inline name="originating document">A/74/399/Add.1</inline>)]</docProponent>
      </p>
    </coverPage>
    <preface>
      <p>
        <docNumber>74/144.</docNumber>
        <docTitle refersTo="#resolutionTitle">Осуществление Конвенции о правах инвалидов и Факультативного протокола к ней: доступность</docTitle>
      </p>
    </preface>
    <preamble>
      <formula name="enactingFormula" eId="formula_1">
        <p xml:space="preserve">
          <span class="italic">Генеральная Ассамблея</span>,</p>
      </formula>
      <container name="ссылаясь " eId="container_2">
        <p xml:space="preserve">
          <span class="italic">ссылаясь </span>на свою резолюцию <a href="https://undocs.org/ru/A/RES/72/162">72/162</a> от 19 декабря 2017 года и на свои предыдущие соответствующие резолюции, а также на соответствующие резолюции Совета по правам человека и Экономического и Социального Совета и его функциональных комиссий, </p>
      </container>
      <container name="ссылаясь также" eId="container_3">
        <p xml:space="preserve">
          <span class="italic">ссылаясь также</span> на всеобщность, неделимость, взаимозависимость и взаимосвязанность всех прав человека и основных свобод, а также необходимость гарантировать инвалидам полное осуществление их прав и свобод без дискриминации, </p>
      </container>
      <container name="подтверждая " eId="container_4">
        <p xml:space="preserve">
          <span class="italic">подтверждая </span>Всеобщую декларацию прав человека<authorialNote marker="1" placement="bottom" eId="authorialNote_1"><p xml:space="preserve">		Резолюция <a href="https://undocs.org//ru/A/RES/217 (III)">217 A (III)</a>.</p></authorialNote>, Конвенцию о правах инвалидов<authorialNote marker="2" placement="bottom" eId="authorialNote_2"><p xml:space="preserve">		United Nations, <span class="italic">Treaty Series</span>, vol. 2515, No. 44910.</p></authorialNote> и Факультативный протокол к ней<authorialNote marker="3" placement="bottom" eId="authorialNote_3"><p xml:space="preserve">		Ibid., vol. 2518, No. 44910.</p></authorialNote>, Конвенцию о ликвидации всех форм дискриминации в отношении женщин<authorialNote marker="4" placement="bottom" eId="authorialNote_4"><p xml:space="preserve">		Ibid., vol. 1249, No. 20378.</p></authorialNote>, Конвенцию о правах ребенка<authorialNote marker="5" placement="bottom" eId="authorialNote_5"><p xml:space="preserve">		Ibid., vol. 1577, No. 27531.</p></authorialNote>, Международную конвенцию о ликвидации всех форм расовой дискриминации<authorialNote marker="6" placement="bottom" eId="authorialNote_6"><p xml:space="preserve">		Ibid., vol. 660, No. 9464.</p></authorialNote> и все другие соответствующие международные документы по правам человека,</p>
      </container>
      <container name="ссылаясь " eId="container_5">
        <p xml:space="preserve">
          <span class="italic">ссылаясь </span>на Венскую декларацию и Программу действий<authorialNote marker="7" placement="bottom" eId="authorialNote_7"><p xml:space="preserve"><a href="https://undocs.org/ru/A/CONF.157/24 (Part I)">A/CONF.157/24 (Part I)</a>, гл. III.</p></authorialNote>, Сендайскую рамочную программу по снижению риска бедствий на 2015–2030 годы<authorialNote marker="8" placement="bottom" eId="authorialNote_8"><p xml:space="preserve">		Резолюция <a href="https://undocs.org/ru/A/RES/69/283">69/283</a>, приложение II.</p></authorialNote> и Новую программу развития городов<authorialNote marker="9" placement="bottom" eId="authorialNote_9"><p xml:space="preserve">		Резолюция <a href="https://undocs.org/ru/A/RES/71/256">71/256</a>, приложение.</p></authorialNote>, </p>
      </container>
      <container name="подтверждая " eId="container_6">
        <p xml:space="preserve">
          <span class="italic">подтверждая </span>Повестку дня в области устойчивого развития на период до 2030 года<authorialNote marker="10" placement="bottom" eId="authorialNote_10"><p xml:space="preserve">		Резолюция <a href="https://undocs.org/ru/A/RES/70/1">70/1</a>.</p></authorialNote>, в которой учитываются интересы инвалидов и в которой государства-члены взяли на себя обязательство не забыть ни о ком, учитывая, что вклад инвалидов имеет важное значение для ее полного и эффективного осуществления, и признавая, что государства-члены в процессе осуществления Повестки дня на период до 2030 года должны, в частности, уважать, защищать и поощрять права человека и основные свободы для всех без какой-либо дискриминации, </p>
      </container>
      <container name="приветствуя " eId="container_7">
        <p xml:space="preserve">
          <span class="italic">приветствуя </span>тот факт, что с 30 марта 2007 года, когда Конвенция о правах инвалидов и Факультативный протокол к ней были открыты для подписания, 162 государства и 1 организация региональной интеграции подписали и 180 государств и 1 организация региональной интеграции ратифицировали Конвенцию или присоединились к ней, а 94 государства подписали и 96 государств ратифицировали Факультативный протокол, </p>
      </container>
      <container name="отмечая с признательностью" eId="container_8">
        <p xml:space="preserve">
          <span class="italic">отмечая с признательностью</span> работу и мероприятия, которые были проведены и по-прежнему проводятся в поддержку Конвенции и в целях осуществления и всестороннего учета прав всех инвалидов, особенно с участием Конференции государств — участников Конвенции, заместителя Генерального секретаря, Старшего советника по вопросам политики, Комитета по правам инвалидов, других договорных органов по правам человека, Специального докладчика Совета по правам человека по вопросу о правах инвалидов, Специального посланника Генерального секретаря по вопросам инвалидности и доступности, Межучрежденческой группы поддержки Конвенции и Целевой группы Межучрежденческого постоянного комитета по учету особых потребностей инвалидов в рамках гуманитарной деятельности,</p>
      </container>
      <container name="отмечая " eId="container_9">
        <p xml:space="preserve">
          <span class="italic">	отмечая </span>необходимость дальнейшего укрепления государствами-членами, системой Организации Объединенных Наций и другими заинтересованными сторонами нормативно-правовой базы в области инвалидности, и в частности в области прав инвалидов, в соответствии с обещанием «ни о ком не забыть», содержащимся в Повестке дня в области устойчивого развития на период до 2030 года, и необходимость рассмотрения инвалидности в качестве глобальной проблемы, имеющей отношение ко всем основным направлениям деятельности Организации Объединенных Наций,</p>
      </container>
      <container name="приветствуя " eId="container_10">
        <p xml:space="preserve">
          <span class="italic">приветствуя </span>прогресс в деле всестороннего учета вопросов инвалидности, в том числе прав инвалидов, в деятельности Организации Объединенных Наций и с удовлетворением отмечая начало осуществления Стратегии Организации Объединенных Наций по интеграции инвалидов и руководящую роль Генерального секретаря в осуществлении преобразующих и систематических изменений в вопросах интеграции инвалидов в рамках всей системы Организации Объединенных Наций, </p>
      </container>
      <container name="с удовлетворением отмечая " eId="container_11">
        <p xml:space="preserve">
          <span class="italic">	с удовлетворением отмечая </span>вклад Руководящего комитета по вопросам доступности в улучшение доступности помещений Организации Объединенных Наций, ее конференций и совещаний и ее информационно-коммуникационной деятельности и отмечая другие инициативы, связанные с инвалидностью, такие как Глобальный саммит по проблемам инвалидности,</p>
      </container>
      <container name="с удовлетворением отмечая также " eId="container_12">
        <p xml:space="preserve">
          <span class="italic">	с удовлетворением отмечая также </span>проведение международных дней, связанных с инвалидностью, включая проведение 2 апреля 2019 года «Всемирного дня распространения информации о проблеме аутизма» на тему «Ассистивные технологии, активное участие», посвященного расширению доступности для лиц с расстройствами аутистического спектра недорогостоящих ассистивных технологий, призванных устранить барьеры, препятствующие их участию на равной основе с другими лицами, а также проведение 21 марта 2019 года «Всемирного дня людей с синдромом Дауна» на тему «Никого не забыть в сфере образования», посвященного инклюзивному и доступному образованию,</p>
      </container>
      <container name="с удовлетворением отмечая далее" eId="container_13">
        <p xml:space="preserve">
          <span class="italic">	с удовлетворением отмечая далее</span>, что в докладе по вопросам инвалидности и развития 2018 года<authorialNote marker="11" placement="bottom" eId="authorialNote_11"><p xml:space="preserve">		United Nations publication, Sales No. 19.IV.4.</p></authorialNote> содержится обзор положения дел с обеспечением доступности для инвалидов и сохраняющихся проблем в этой области, а также определяются передовые методы и рекомендуются меры по обеспечению доступности в интересах эффективного осуществления Конвенции и достижения целей в области устойчивого развития с учетом интересов инвалидов,</p>
      </container>
      <container name="напоминая " eId="container_14">
        <p xml:space="preserve">
          <span class="italic">	напоминая </span>о том, что к инвалидам относятся лица с устойчивыми физическими, психическими, интеллектуальными или сенсорными нарушениями, которые при взаимодействии с различными барьерами могут мешать их полному и эффективному участию в жизни общества наравне с другими, в том числе их доступу к физическому окружению, к транспорту, к информации и связи, включая информационно-коммуникационные технологии и системы, а также к другим объектам и услугам, открытым или предоставляемым для населения, как в городских, так и в сельских районах,</p>
      </container>
      <container name="выражая обеспокоенность " eId="container_15">
        <p xml:space="preserve">
          <span class="italic">	выражая обеспокоенность </span>по поводу того, что женщины-инвалиды и девочки-инвалиды подвергаются множественным и пересекающимся формам дискриминации, которые ограничивают осуществление ими всех прав человека и основных свобод наравне с другими, и признавая, что достижение гендерного равенства и расширение прав и возможностей всех женщин и девочек имеют решающее значение для достижения прогресса в реализации всех целей и задач в области устойчивого развития,</p>
      </container>
      <container name="признавая " eId="container_16">
        <p xml:space="preserve">
          <span class="italic">признавая </span>важность обеспечения инвалидам доступа к физической, социальной, экономической и культурной среде, здравоохранению и образованию и к информации и связи и необходимость выявления и устранения предрассудков, дискриминации, препятствий и барьеров, которые ограничивают доступ инвалидов к физическому окружению, к транспорту, к информации и связи, включая информационно-коммуникационные технологии и системы, а также к другим объектам и услугам, открытым или предоставляемым для населения, как в городских, так и в сельских районах, наравне с другими, </p>
      </container>
      <container name="подчеркивая" eId="container_17">
        <p xml:space="preserve">
          <span class="italic">подчеркивая</span>, что доступность является одним из предварительных условий для обеспечения инвалидам возможности вести независимый образ жизни, всесторонне участвовать во всех аспектах жизни наравне с другими и полностью пользоваться всеми своими правами человека и основными свободами наравне с другими, и признавая важность мер по обеспечению доступности, в том числе путем использования универсального дизайна и ассистивных технологий, в качестве средства инвестирования в общество в целом и в качестве неотъемлемой части Повестки дня на период до 2030 года,</p>
      </container>
      <container name="признавая " eId="container_18">
        <p xml:space="preserve">
          <span class="italic">	признавая </span>необходимость учитывать особые проблемы, связанные с обеспечением доступности для пожилых инвалидов, особенно те проблемы, с которыми сталкиваются пожилые женщины-инвалиды,</p>
      </container>
      <container name="признавая также " eId="container_19">
        <p xml:space="preserve">
          <span class="italic">	признавая также </span>необходимость поощрять и защищать права человека всех инвалидов, включая тех, кто нуждается в более активной поддержке для достижения и сохранения максимальной независимости, полных физических, умственных, социальных и профессиональных способностей и полного включения и вовлечения во все аспекты жизни,</p>
      </container>
      <container name="признавая далее " eId="container_20">
        <p xml:space="preserve">
          <span class="italic">признавая далее </span>преимущества универсального дизайна в качестве средства проектирования среды, включая технологии, продукты, программы и услуги, которые являются инклюзивными и доступными для всех, признавая, что применение универсального дизайна не должно исключать возможность использования ассистивных устройств для конкретных групп инвалидов, и признавая также, что применение универсального дизайна на первоначальных этапах любого развития может помочь сделать работу по созданию доступной физической среды, а также доступных информационно-коммуникационных технологий и систем гораздо менее затратной, чем принятие мер по адаптации для устранения барьеров, препятствующих доступности, </p>
      </container>
      <container name="признавая" eId="container_21">
        <p xml:space="preserve">
          <span class="italic">признавая</span>, что меры по обеспечению доступности, такие как принятие соответствующих стандартов, законов и стратегий, должны предусматривать разумное приспособление, которое означает внесение, когда это нужно в конкретном случае, необходимых и подходящих модификаций и коррективов, не становящихся несоразмерным или неоправданным бременем, в целях обеспечения того, чтобы инвалиды наравне с другими могли пользоваться всеми правами человека и основными свободами и осуществлять их; </p>
      </container>
      <container name="признавая также" eId="container_22">
        <p xml:space="preserve">
          <span class="italic">	признавая также</span>, что инвалиды зачастую больше других страдают в ситуациях, сопряженных с риском, в том числе во время вооруженных конфликтов и чрезвычайных гуманитарных ситуаций, а также во время стихийных бедствий и после них, и что они могут нуждаться в особой защите и особых мерах безопасности, признавая далее необходимость поддержки дальнейшего участия и вовлечения инвалидов в процессы разработки мер и принятия решений, их касающихся, с целью обеспечить, чтобы меры по снижению риска и гуманитарная деятельность осуществлялись с учетом интересов инвалидов, и признавая, что инвалидами разработаны особые механизмы, позволяющие им преодолевать последствия конфликтов и стихийных бедствий,</p>
      </container>
      <container name="признавая далее" eId="container_23">
        <p xml:space="preserve">
          <span class="italic">	признавая далее</span> вклад членов семей в обеспечение полного и равного осуществления инвалидами своих прав человека, в том числе посредством участия в организациях, которые дают инвалидам возможность участвовать в принятии решений и полностью контролировать свою жизнь, и признавая далее необходимость того, чтобы государства повышали информированность всего общества, в том числе на уровне семей, об инвалидах и содействовали уважению их прав и достоинства, включая обеспечение доступности,</p>
      </container>
      <container name="признавая" eId="container_24">
        <p xml:space="preserve">
          <span class="italic">признавая</span>, что государствам необходимо ускорить разработку, осуществление и интеграцию стратегий, обеспечивающих уважение, защиту и реализацию прав всех инвалидов, в том числе женщин-инвалидов и девочек-инвалидов, на пользование гражданскими, политическими, экономическими, культурными и социальными правами без дискриминации, путем принятия законов, предписаний и программ, учитывающих интересы и имеющих доступный характер для всех инвалидов, и подтверждая, что реализация их прав человека требует их полного, эффективного и реального участия и охвата во всех аспектах общественной, политической, экономической, культурной, социальной и семейной жизни наравне со всеми другими людьми,</p>
      </container>
      <container name="признавая также" eId="container_25">
        <p xml:space="preserve">
          <span class="italic">признавая также</span>, что информационно-коммуникационные технологии, включая ассистивные технологии и устройства, продемонстрировали свою способность содействовать осуществлению прав человека и что они могут применяться для создания условий, позволяющих инвалидам в полной мере пользоваться своими правами человека, и могут способствовать их социальной интеграции и расширению их прав и возможностей и давать им возможность вести независимый образ жизни в обществе наравне с другими, а также принимать всестороннее, эффективное и значимое участие в жизни общества и в профессиональной деятельности,</p>
      </container>
      <container name="особо отмечая " eId="container_26">
        <p xml:space="preserve">
          <span class="italic">	особо отмечая </span>право на неприкосновенность частной жизни и соблюдение правил и стандартов защиты данных при любом использовании информационно-коммуникационных технологий и систем,</p>
      </container>
      <container name="приветствуя" eId="container_27">
        <p xml:space="preserve">
          <span class="italic">приветствуя</span> позитивную роль гражданского общества в поощрении и обеспечении доступности для инвалидов и подчеркивая важность проведения тесных консультаций с инвалидами, в том числе с женщинами-инвалидами и девочками-инвалидами, и их активного привлечения через представляющие их организации при разработке и осуществлении законов и стратегий, которые влияют на их жизнь, и в рамках других процессов принятия решений по вопросам, касающимся инвалидов, что сводит к минимуму риск создания барьеров, мешающих доступности всех инвалидов, </p>
      </container>
      <container name="особо отмечая" eId="container_28">
        <p xml:space="preserve">
          <span class="italic">особо отмечая</span> необходимость усилий по укреплению потенциала, направленных на расширение прав и возможностей инвалидов и представляющих их организаций, в целях обеспечения равных возможностей в части получения качественного образования, полной и производительной занятости и получения достойной работы на равноправной основе и без какой-либо дискриминации по отношению к инвалидам, в том числе путем поощрения доступа к инклюзивным образовательным системам, повышения квалификации, расширения возможностей для участия в волонтерской деятельности, профессионально-технической подготовки и обучения предпринимательским навыкам, с тем чтобы инвалиды могли обретать и сохранять максимальную независимость,</p>
      </container>
      <container name="признавая " eId="container_29">
        <p xml:space="preserve">
          <span class="italic">признавая </span>важность принятия мер по повышению осведомленности о правах инвалидов в целях устранения дискриминации, стереотипов, предрассудков и других барьеров, которые представляют собой одно из основных препятствий на пути к их всестороннему, равному и реальному участию в общественной, экономической, политической и государственной деятельности, </p>
      </container>
      <container name="будучи обеспокоена" eId="container_30">
        <p xml:space="preserve">
          <span class="italic">будучи обеспокоена</span> тем, что сохраняющийся дефицит надежных статистических данных, сведений и информации о положении инвалидов на национальном, региональном и глобальном уровнях ведет к их выпадению из поля зрения официальной статистики, стратегий и программ, и в этой связи признавая необходимость активизировать усилия по укреплению потенциала государств-членов и активизации на национальном уровне сбора, анализа и использования дезагрегированных данных с разбивкой по признакам инвалидности, пола и возраста для конкретных показателей с использованием надлежащих инструментов измерения, включая, в соответствующих случаях, разработанный Детским фондом Организации Объединенных Наций модуль по функциональным способностям детей и разработанный Вашингтонской группой краткий перечень вопросов по инвалидности и другие методы сбора данных, в целях содействия разработке фактологических стратегий и программ, имеющих доступный и инклюзивный характер для инвалидов, в том числе женщин и девочек, наравне с другими,</p>
      </container>
    </preamble>
    <mainBody>
      <paragraph eId="para_31" class="MercuryDocument">
        <num>	1.</num>
        <content eId="para_31__content">
          <p xml:space="preserve">
            <span class="italic">призывает </span>те государства, которые еще не сделали этого, в первоочередном порядке рассмотреть вопрос о подписании и ратификации Конвенции о правах инвалидов<sup>2</sup> и Факультативного протокола к ней<sup>3</sup>;</p>
        </content>
      </paragraph>
      <paragraph eId="para_32" class="MercuryDocument">
        <num>	2.</num>
        <content eId="para_32__content">
          <p xml:space="preserve">
            <span class="italic">рекомендует</span> государствам, которые ратифицировали Конвенцию и внесли одну или несколько оговорок к ней, регулярно проводить обзор действия и сохраняющейся актуальности таких оговорок и рассмотреть возможность их снятия; </p>
        </content>
      </paragraph>
      <paragraph eId="para_33" class="MercuryDocument">
        <num>	3.</num>
        <content eId="para_33__content">
          <p xml:space="preserve">
            <span class="italic">просит </span>учреждения и организации системы Организации Объединенных Наций и предлагает межправительственным и неправительственным организациям продолжать активизировать усилия по распространению доступной и простой для понимания информации о Конвенции и Факультативном протоколе к ней, в том числе среди детей и молодежи, чтобы содействовать их пониманию, и оказывать государствам-участникам помощь в выполнении их обязательств по этим документам; </p>
        </content>
      </paragraph>
      <paragraph eId="para_34" class="MercuryDocument">
        <num>	4.</num>
        <content eId="para_34__content">
          <p xml:space="preserve">
            <span class="italic">принимает к сведению</span> доклад Генерального секретаря о доступности и состоянии Конвенции о правах инвалидов и Факультативного протокола к ней<authorialNote marker="12" placement="bottom" eId="authorialNote_12"><p xml:space="preserve"><a href="https://undocs.org/ru/A/74/146">A/74/146</a>.</p></authorialNote> и доклад Специального докладчика Совета по правам человека по вопросу о правах инвалидов<authorialNote marker="13" placement="bottom" eId="authorialNote_13"><p xml:space="preserve"><a href="https://undocs.org/ru/A/74/186">A/74/186</a>.</p></authorialNote>;</p>
        </content>
      </paragraph>
      <paragraph eId="para_35" class="MercuryDocument">
        <num>	5.</num>
        <content eId="para_35__content">
          <p xml:space="preserve">
            <span class="italic">призывает</span> те государства, которые еще не сделали этого, рассмотреть вопрос о подписании и ратификации Марракешского договора об облегчении доступа слепых и лиц с нарушениями зрения или иными ограниченными способностями воспринимать печатную информацию к опубликованным произведениям;</p>
        </content>
      </paragraph>
      <paragraph eId="para_36" class="MercuryDocument">
        <num>	6.</num>
        <content eId="para_36__content">
          <p xml:space="preserve">
            <span class="italic">подчеркивает </span>важность всестороннего учета вопросов инвалидности как неотъемлемой части соответствующих стратегий в области устойчивого развития и рекомендует государствам применять подход, основанный на соблюдении прав человека и учитывающий гендерные аспекты, и активизировать их усилия по дальнейшей поддержке прав инвалидов при осуществлении Повестки дня в области устойчивого развития на период до 2030 года<sup>10</sup> в соответствии с их международными обязательствами;</p>
        </content>
      </paragraph>
      <paragraph eId="para_37" class="MercuryDocument">
        <num>	7.</num>
        <content eId="para_37__content">
          <p xml:space="preserve">
            <span class="italic">рекомендует </span>государствам пересмотреть и отменить любые законы или предписания, которые ограничивают полное и эффективное участие инвалидов наравне с другими в политической и общественной жизни или являются дискриминационными по отношению к инвалидам, в том числе в связи с отсутствием доступа к услугам или объектам, открытым для населения, и создать доступные и эффективные механизмы возмещения вреда от дискриминации по признаку инвалидности;</p>
        </content>
      </paragraph>
      <paragraph eId="para_38" class="MercuryDocument">
        <num>	8.</num>
        <content eId="para_38__content">
          <p xml:space="preserve">
            <span class="italic">настоятельно призывает</span> государства предпринять шаги для ликвидации множественных и пересекающихся форм дискриминации в отношении женщин-инвалидов и девочек-инвалидов путем отмены дискриминационных законов, предписаний и практики и принять все действенные меры для устранения других барьеров, с которыми сталкиваются женщины-инвалиды и девочки-инвалиды при попытке получить доступ к физической, социальной, экономической и культурной среде, к транспорту, здравоохранению и образованию и к информации и связи, включая информационно-коммуникационные технологии и системы, а также к другим объектам и услугам, открытым или предоставляемым для населения, и обеспечить полное и равное осуществление всех прав, закрепленных в Конвенции; </p>
        </content>
      </paragraph>
      <paragraph eId="para_39" class="MercuryDocument">
        <num>	9.</num>
        <content eId="para_39__content">
          <p xml:space="preserve">
            <span class="italic">призывает</span> все государства обеспечивать детям-инвалидам возможность полного осуществления всех прав человека и основных свобод наравне с другими детьми, исходя из того, что дискриминация в отношении любого ребенка по причине инвалидности является нарушением присущих детям достоинства и ценности, поощрять социальную интеграцию и устранять барьеры, с которыми сталкиваются дети-инвалиды, включая дискриминационные, отношенческие и средовые барьеры, препятствующие их полноценному участию в жизни общества и общины, а также разработать с учетом гендерных и возрастных аспектов стратегии и меры для защиты прав и удовлетворения особых потребностей детей-инвалидов, включая детей, находящихся в уязвимом положении, детей-мигрантов, детей, оставшихся без попечения родителей, беспризорных детей и детей, ставших жертвами торговли людьми или затрагиваемых проблемой изменения климата, и предотвращать гендерное насилие и принимать меры реагирования в связи с ним;</p>
        </content>
      </paragraph>
      <paragraph eId="para_40" class="MercuryDocument">
        <num>	10.</num>
        <content eId="para_40__content">
          <p xml:space="preserve">
            <span class="italic">рекомендует</span> государствам-членам учитывать потребности и нужды пожилых инвалидов в национальных планах развития и национальных стратегиях, в том числе путем сбора данных с разбивкой по полу, возрасту и инвалидности, и поощрять общины к разработке адресных услуг для пожилых людей-инвалидов;</p>
        </content>
      </paragraph>
      <paragraph eId="para_41" class="MercuryDocument">
        <num>	11.</num>
        <content eId="para_41__content">
          <p xml:space="preserve">
            <span class="italic">призывает </span>государства разрабатывать, принимать и пропагандировать в тесной консультации с инвалидами и через представляющие их организации и другие заинтересованные стороны национальные стандарты и руководящие принципы в отношении доступности, которые предусматривают поощрение применения универсального дизайна и включают также минимальные стандарты обеспечения доступа к физическому окружению, к транспорту, к информации и связи, включая информационно-коммуникационные технологии и системы, а также к другим объектам и услугам, открытым или предоставляемым для населения, как в городских, так и в сельских районах; </p>
        </content>
      </paragraph>
      <paragraph eId="para_42" class="MercuryDocument">
        <num>	12.</num>
        <content eId="para_42__content">
          <p xml:space="preserve">
            <span class="italic">призывает также </span>государства регулярно проводить обзор стандартов и законов о доступности в тесной консультации с инвалидами, в том числе через представляющие их организации, национальные правозащитные учреждения, действующие в соответствии с Принципами, касающимися статуса национальных учреждений, занимающихся поощрением и защитой прав человека (Парижские принципы)<authorialNote marker="14" placement="bottom" eId="authorialNote_14"><p xml:space="preserve">		Резолюция 48/134, приложение.</p></authorialNote>, там, где они существуют, и другие заинтересованные стороны, и использовать данные в соответствии с нормами и стандартами защиты данных для выявления, оценки и устранения пробелов, с тем чтобы обеспечить инвалидам доступ к физическому окружению, к транспорту, к информации и связи, включая информационно-коммуникационные технологии и системы, а также к другим объектам и услугам, открытым или предоставляемым для населения, наравне с другими;</p>
        </content>
      </paragraph>
      <paragraph eId="para_43" class="MercuryDocument">
        <num>	13.</num>
        <content eId="para_43__content">
          <p xml:space="preserve">
            <span class="italic">призывает далее</span> государства развивать другие надлежащие формы оказания инвалидам помощи и поддержки, обеспечивающие им доступ к информации, и снабжать инвалидов информацией, предназначенной для широкой публики, в доступных форматах и с использованием технологий, учитывающих разные формы инвалидности, своевременно и без дополнительной платы;</p>
        </content>
      </paragraph>
      <paragraph eId="para_44" class="MercuryDocument">
        <num>	14.</num>
        <content eId="para_44__content">
          <p xml:space="preserve">
            <span class="italic">призывает </span>государства обеспечить, чтобы инвалиды имели возможность выбирать наравне с другими людьми свое место жительства и то, где и с кем проживать, и не были обязаны проживать в каких-то определенных жилищных условиях, и чтобы инвалиды имели доступ к целому ряду услуг по поддержке на дому и по месту жительства и к другим общинным вспомогательным услугам, включая персональную помощь, необходимую для поддержки жизнедеятельности и вовлечения в местное сообщество, и не допускать их изоляции или сегрегации от общества;</p>
        </content>
      </paragraph>
      <paragraph eId="para_45" class="MercuryDocument">
        <num>	15.</num>
        <content eId="para_45__content">
          <p xml:space="preserve">
            <span class="italic">призывает также </span>государства поощрять и облегчать доступ инвалидов к доступным и ассистивным технологиям, особенно новым и появляющимся, включая информационно-коммуникационные системы, средства, облегчающие мобильность, ассистивные устройства и другие ассистивные технологии, и обмен с инвалидами такими технологиями и поощрять в этой связи исследования и разработки, с тем чтобы эти технологии и системы были доступны по минимальной цене и на ранней стадии; </p>
        </content>
      </paragraph>
      <paragraph eId="para_46" class="MercuryDocument">
        <num>	16.</num>
        <content eId="para_46__content">
          <p xml:space="preserve">
            <span class="italic">настоятельно призывает</span> государства провести обзор законов, стратегий и процедур, касающихся государственных закупок, в целях обеспечения того, чтобы инвалиды имели доступ к любым услугам или объектам, открытым для населения, наравне с другими; </p>
        </content>
      </paragraph>
      <paragraph eId="para_47" class="MercuryDocument">
        <num>	17.</num>
        <content eId="para_47__content">
          <p xml:space="preserve">
            <span class="italic">призывает </span>государства продолжать принимать надлежащие меры по повышению осведомленности и обеспечивать подготовку и иную поддержку для государственных служащих, поставщиков услуг и других соответствующих заинтересованных сторон по проблемам доступности, с которыми сталкиваются инвалиды, и бороться с дискриминацией, стереотипами, предрассудками и вредной практикой, с тем чтобы содействовать предоставлению доступных и инклюзивных государственных услуг и объектов, учитывающих все аспекты доступности, включая права инвалидов;</p>
        </content>
      </paragraph>
      <paragraph eId="para_48" class="MercuryDocument">
        <num>	18.</num>
        <content eId="para_48__content">
          <p xml:space="preserve">
            <span class="italic">рекомендует </span>государствам распространять информацию и проводить работу среди субъектов частного сектора, в том числе работодателей и других соответствующих заинтересованных сторон, в целях осуществления мер по обеспечению доступности любых открытых или предоставляемых для населения объектов или услуг, которые учитывают все аспекты доступности для инвалидов; </p>
        </content>
      </paragraph>
      <paragraph eId="para_49" class="MercuryDocument">
        <num>	19.</num>
        <content eId="para_49__content">
          <p xml:space="preserve">
            <span class="italic">настоятельно призывает</span> государства принимать все надлежащие меры для ликвидации дискриминации в отношении инвалидов, включая женщин-инвалидов и девочек-инвалидов, в ситуациях риска, включая ситуации вооруженного конфликта, чрезвычайные гуманитарные ситуации и стихийные бедствия, и обеспечивать удовлетворение их особых потребностей, таких как потребность в доступе к основным услугам, включая медицинское обслуживание, помощь в восстановлении, психосоциальную поддержку и образовательные программы, а также транспорт и информационно-коммуникационные технологии и системы, наравне с другими;</p>
        </content>
      </paragraph>
      <paragraph eId="para_50" class="MercuryDocument">
        <num>	20.</num>
        <content eId="para_50__content">
          <p xml:space="preserve">
            <span class="italic">призывает</span> государства обеспечивать инвалидам доступ к инклюзивному, качественному начальному, среднему и высшему образованию, профессиональной подготовке, образованию для взрослых и обучению на протяжении всей жизни без дискриминации и наравне с другими и содействовать полному и равному участию инвалидов в процессе образования путем принятия надлежащих мер на основе предоставления информации в доступных и альтернативных коммуникативных форматах, использования разумных приспособлений и оказания другой необходимой поддержки;</p>
        </content>
      </paragraph>
      <paragraph eId="para_51" class="MercuryDocument">
        <num>	21.</num>
        <content eId="para_51__content">
          <p xml:space="preserve">
            <span class="italic">призывает также </span>государства активизировать усилия по расширению прав и возможностей всех инвалидов и расширению их участия и поощрению их лидерства в жизни общества посредством принятия мер по рассмотрению и устранению всех барьеров, которые препятствуют их доступу и полной интеграции и равноправному участию в жизни общества наравне с другими, в том числе в органах управления и государственном секторе, частном секторе, гражданском обществе и во всех отделениях и органах национальной системы мониторинга Конвенции, или ограничивают такой доступ и участие, и работать над тем, чтобы с инвалидами непосредственно консультировались и чтобы они активно привлекались через представляющие их организации при разработке, осуществлении и мониторинге всех законов, стратегий и программ, которые влияют на их жизнь;</p>
        </content>
      </paragraph>
      <paragraph eId="para_52" class="MercuryDocument">
        <num>	22.</num>
        <content eId="para_52__content">
          <p xml:space="preserve">
            <span class="italic">рекомендует </span>государствам поддерживать существующие организации и поощрять создание организаций, включая организации гражданского общества и объединений инвалидов, сообразно обстоятельствам, и поощрять и поддерживать инвалидов, с тем чтобы они играли руководящую роль в государственных директивных органах на всех уровнях, признавая важность открытого, всеохватного и транспарентного взаимодействия государств с гражданским обществом при осуществлении мер, касающихся инвалидов;</p>
        </content>
      </paragraph>
      <paragraph eId="para_53" class="MercuryDocument">
        <num>	23.</num>
        <content eId="para_53__content">
          <p xml:space="preserve">
            <span class="italic">призывает </span>государства собирать и анализировать данные, дезагрегированные по таким признакам, как размер дохода, пол, раса, возраст, этническая принадлежность, миграционный статус, наличие или отсутствие инвалидности, географическое местоположение, и другим параметрам, значимым в национальных контекстах, в целях оказания содействия, в частности, в выявлении и ликвидации барьеров и всех форм дискриминации, в том числе множественных и пересекающихся форм дискриминации, не позволяющих инвалидам пользоваться всеми правами, закрепленными в Конвенции, обеспечивать ориентиры для планирования инклюзивных стратегий и их использования для оценки и улучшения доступности и призывает также государства совершенствовать системы сбора данных для обеспечения надлежащих рамок мониторинга и оценки хода осуществления Конвенции и целей в области устойчивого развития в отношении инвалидов;</p>
        </content>
      </paragraph>
      <paragraph eId="para_54" class="MercuryDocument">
        <num>	24.</num>
        <content eId="para_54__content">
          <p xml:space="preserve">
            <span class="italic">настоятельно призывает</span> государства и другие соответствующие заинтересованные стороны, включая национальные правозащитные учреждения, действующие в соответствии с Парижскими принципами, там, где они существуют, продолжать содействовать привлечению инвалидов к осуществлению Повестки дня в области устойчивого развития на период до 2030 года путем, в частности, поддержки сбора дезагрегированных по признакам инвалидности, пола и возраста данных для конкретных показателей с использованием надлежащих инструментов измерения, включая, в соответствующих случаях, разработанный Детским фондом Организации Объединенных Наций модуль по функциональным способностям детей и разработанный Вашингтонской группой краткий перечень вопросов по инвалидности и другие методы сбора данных, в целях оказания государствам помощи в оценке достижения 17 целей в области устойчивого развития и 169 связанных с ними задач и программных стратегий в контексте этих целей;</p>
        </content>
      </paragraph>
      <paragraph eId="para_55" class="MercuryDocument">
        <num>	25.</num>
        <content eId="para_55__content">
          <p xml:space="preserve">
            <span class="italic">рекомендует </span>государствам, учреждениям Организации Объединенных Наций и соответствующим международным организациям, в частности:</p>
        </content>
      </paragraph>
      <paragraph eId="para_56" class="MercuryDocument">
        <content eId="para_56__content">
          <p xml:space="preserve">	а)	обеспечивать в рамках международного сотрудничества учет и охват аспектов, связанных с инвалидностью, и гендерных аспектов, в том числе посредством использования показателей положения инвалидов для контроля за выполнением программ и сбора информации и статистических данных об инвалидах в процессе осуществления Повестки дня в области устойчивого развития на период до 2030 года и целей, задач и показателей в области устойчивого развития, а также других международных рамок; </p>
        </content>
      </paragraph>
      <paragraph eId="para_57" class="MercuryDocument">
        <content eId="para_57__content">
          <p xml:space="preserve">	b)	поддерживать, поощрять и расширять международное сотрудничество и помощь и укреплять партнерские связи и координацию, включая сотрудничество Юг — Юг, между собой и при активном участии инвалидов через представляющие их организации и других соответствующих организаций гражданского общества и заинтересованных сторон в укреплении механизмов осуществления Конвенции и Повестки дня в области устойчивого развития на период до 2030 года, в том числе посредством мобилизации финансовых ресурсов, технического сотрудничества и облегчения доступа к доступным и ассистивным технологиям и взаимного обмена ими на взаимно согласованных условиях;</p>
        </content>
      </paragraph>
      <paragraph eId="para_58" class="MercuryDocument">
        <content eId="para_58__content">
          <p xml:space="preserve">	c)	поощрять и поддерживать инициативы по наращиванию потенциала, направленные на расширение обмена техническими знаниями, информацией и другими программами на региональном и международном уровнях, касающимися передовых методов обеспечения доступности, и развивать международное сотрудничество, с тем чтобы оно имело доступный и инклюзивный характер для инвалидов;</p>
        </content>
      </paragraph>
      <paragraph eId="para_59" class="MercuryDocument">
        <num>	26.</num>
        <content eId="para_59__content">
          <p xml:space="preserve">
            <span class="italic">напоминает</span> о своем решении обеспечить доступные места для представителей-инвалидов, которое было принято в резолюции <a href="https://undocs.org/ru/A/RES/73/341">73/341</a> от 12 сентября 2019 года об активизации работы Генеральной Ассамблеи, и в этой связи с удовлетворением отмечает записку Департамента по делам Генеральной Ассамблеи и конференционному управлению Секретариата об осуществлении этого решения;</p>
        </content>
      </paragraph>
      <paragraph eId="para_60" class="MercuryDocument">
        <num>	27.</num>
        <content eId="para_60__content">
          <p xml:space="preserve">
            <span class="italic">предлагает </span>Председателю Комитета по правам инвалидов и Специальному докладчику по вопросу о правах инвалидов ежегодно выступать в Генеральной Ассамблее и проводить с ней интерактивный диалог по пункту, озаглавленному «Поощрение и защита прав человека», с целью усилить информационное взаимодействие между Ассамблеей и Комитетом; </p>
        </content>
      </paragraph>
      <paragraph eId="para_61" class="MercuryDocument">
        <num>	28.</num>
        <content eId="para_61__content">
          <p xml:space="preserve">
            <span class="italic">призывает </span>систему Организации Объединенных Наций, включая ее учреждения, фонды и программы, продолжать проводить, в рамках их соответствующих мандатов, совместную работу, с тем чтобы как можно скорее обеспечить всесторонний и эффективный учет вопросов инвалидности в системе Организации Объединенных Наций, в том числе путем осуществления Стратегии Организации Объединенных Наций по интеграции инвалидов в рамках всех ее программ и деятельности и представления докладов по этому вопросу;</p>
        </content>
      </paragraph>
      <paragraph eId="para_62" class="MercuryDocument">
        <num>	29.</num>
        <content eId="para_62__content">
          <p xml:space="preserve">
            <span class="italic">просит </span>Генерального секретаря представить Генеральной Ассамблее на ее семьдесят пятой сессии доклад о мерах, принятых системой Организации Объединенных Наций, чтобы обеспечить всесторонний учет вопросов инвалидности, включая осуществление Стратегии Организации Объединенных Наций по интеграции инвалидов, в рамках имеющихся ресурсов; </p>
        </content>
      </paragraph>
      <paragraph eId="para_63" class="MercuryDocument">
        <num>	30.</num>
        <content eId="para_63__content">
          <p xml:space="preserve">
            <span class="italic">призывает</span> государства-члены, Организацию Объединенных Наций и другие соответствующие заинтересованные стороны принять участие в осуществлении рекомендаций, одобренных Руководящим комитетом по вопросам доступности в июне 2019 года;</p>
        </content>
      </paragraph>
      <paragraph eId="para_64" class="MercuryDocument">
        <num>	31.</num>
        <content eId="para_64__content">
          <p xml:space="preserve">
            <span class="italic">просит </span>Генерального секретаря представить Генеральной Ассамблее на ее семьдесят шестой сессии доклад о правах инвалидов и уделить в нем особое внимание участию инвалидов и представляющих их организаций в процессах принятия решений, включая передовую практику и проблемы в деле осуществления Конвенции в этой связи, в консультации с инвалидами и представляющими их организациями, соответствующими учреждениями Организации Объединенных Наций, в том числе Управлением Верховного комиссара Организации Объединенных Наций по правам человека, Специальным посланником Генерального секретаря по вопросам инвалидности и доступности, Комитетом по правам инвалидов и Детским фондом Организации Объединенных Наций, с учетом мнений соответствующих заинтересованных сторон и с использованием уже имеющихся материалов и включить в доклад часть, посвященную вопросу о состоянии Конвенции и Факультативного протокола к ней;</p>
        </content>
      </paragraph>
      <paragraph eId="para_65" class="MercuryDocument">
        <num>	32.</num>
        <content eId="para_65__content">
          <p xml:space="preserve">
            <span class="italic">просит также</span> Генерального секретаря продолжать обеспечивать, чтобы соответствующие подразделения системы Организации Объединенных Наций и дальше располагали объемом ресурсов, необходимым для выполнения ими своих задач в связи с их работой, касающейся прав и инклюзивного развития инвалидов.</p>
        </content>
      </paragraph>
    </mainBody>
    <conclusions eId="conclusions">
      <p>
        <inline name="adoptionMeeting" title="50-e">50-e пленарное заседание</inline>
        <eol />
        <docDate date="2019-12-18" refersTo="#adoptionDate">18 декабря 2019 года</docDate>
      </p>
    </conclusions>
  </statement>
</akomaNtoso>