<akomaNtoso xmlns:xsi="http://www.w3.org/2001/XMLSchema-instance" xsi:schemaLocation="http://docs.oasis-open.org/legaldocml/ns/akn/3.0 http://docs.oasis-open.org/legaldocml/akn-core/v1.0/os/part2-specs/schemas/akomantoso30.xsd" xmlns="http://docs.oasis-open.org/legaldocml/ns/akn/3.0" xmlns:html="http://www.w3.org/1999/xhtml" xmlns:akn4un="http://un.org/akn4un">
  <statement name="resolution">
    <meta>
      <identification source="#DGACM">
        <FRBRWork>
          <FRBRthis value="/akn/un/statement/deliberation/unga/2019-12-18/74-157/!main/"></FRBRthis>
          <FRBRuri value="/akn/un/statement/deliberation/unga/2019-12-18/74-157/"></FRBRuri>
          <FRBRdate date="2019-12-18" name="adoption"></FRBRdate>
          <FRBRauthor href="ga" as="author"></FRBRauthor>
          <FRBRcountry value="un"></FRBRcountry>
        </FRBRWork>
        <FRBRExpression>
          <FRBRthis value="/akn/un/statement/deliberation/unga/2019-12-18/74-157/rus@!main/"></FRBRthis>
          <FRBRuri value="/akn/un/statement/deliberation/unga/2019-12-18/74-157/rus@/"></FRBRuri>
          <FRBRdate date="2020-01-23" name="publication"></FRBRdate>
          <FRBRauthor href="ga" as="issuer"></FRBRauthor>
          <FRBRlanguage language="rus"></FRBRlanguage>
        </FRBRExpression>
        <FRBRManifestation>
          <FRBRthis value="/akn/un/statement/deliberation/unga/2019-12-18/74-157/rus@/!main.xml"></FRBRthis>
          <FRBRuri value="/akn/un/statement/deliberation/unga/2019-12-18/74-157/rus@.xml"></FRBRuri>
          <FRBRdate date="2020-08-29" name="markup"></FRBRdate>
          <FRBRauthor href="DGACM" as="editor"></FRBRauthor>
        </FRBRManifestation>
      </identification>
      <classification source="http://metadata.un.org/sdg">
        <keyword value="5" href="http://metadata.un.org/sdg/5" showAs="sdg_5" dictionary="SDGO"></keyword>
        <keyword value="gender_equality" href="http://eurovoc.europa.eu/3913" showAs="gender_equality" dictionary="EuroVoc"></keyword>
        <keyword value="participation_of_women" href="http://eurovoc.europa.eu/2265" showAs="participation_of_women" dictionary="EuroVoc"></keyword>
        <keyword value="women&amp;#39;s_rights" href="http://eurovoc.europa.eu/585" showAs="women&amp;#39;s_rights" dictionary="EuroVoc"></keyword>
        <keyword value="position_of_women" href="http://eurovoc.europa.eu/81" showAs="position_of_women" dictionary="EuroVoc"></keyword>
        <keyword value="women" href="http://metadata.un.org/thesaurus/1007029" showAs="women" dictionary="UNBIS Thesaurus"></keyword>
        <keyword value="gender_equality" href="http://metadata.un.org/thesaurus/1002612" showAs="gender_equality" dictionary="UNBIS Thesaurus"></keyword>
        <keyword value="girls" href="http://metadata.un.org/thesaurus/1002684" showAs="girls" dictionary="UNBIS Thesaurus"></keyword>
      </classification>
      <classification source="http://metadata.un.org/sdg">
        <keyword value="16" href="http://metadata.un.org/sdg/16" showAs="sdg_16" dictionary="SDGO"></keyword>
        <keyword value="right_to_justice" href="http://eurovoc.europa.eu/516" showAs="right_to_justice" dictionary="EuroVoc"></keyword>
        <keyword value="sustainable_development" href="http://eurovoc.europa.eu/5585" showAs="sustainable_development" dictionary="EuroVoc"></keyword>
        <keyword value="civil_society" href="http://metadata.un.org/thesaurus/1001012" showAs="civil_society" dictionary="UNBIS Thesaurus"></keyword>
        <keyword value="justice" href="http://metadata.un.org/thesaurus/1003500" showAs="justice" dictionary="UNBIS Thesaurus"></keyword>
        <keyword value="peaceful_coexistence" href="http://metadata.un.org/thesaurus/1004777" showAs="peaceful_coexistence" dictionary="UNBIS Thesaurus"></keyword>
        <keyword value="public_institutions" href="http://metadata.un.org/thesaurus/1005254" showAs="public_institutions" dictionary="UNBIS Thesaurus"></keyword>
        <keyword value="social_justice" href="http://metadata.un.org/thesaurus/1005970" showAs="social_justice" dictionary="UNBIS Thesaurus"></keyword>
        <keyword value="sustainable_development" href="http://metadata.un.org/thesaurus/1006319" showAs="sustainable_development" dictionary="UNBIS Thesaurus"></keyword>
      </classification>
      <classification source="http://metadata.un.org/sdg">
        <keyword value="17" href="http://metadata.un.org/sdg/17" showAs="sdg_17" dictionary="SDGO"></keyword>
        <keyword value="sustainable_development" href="http://eurovoc.europa.eu/5585" showAs="sustainable_development" dictionary="EuroVoc"></keyword>
        <keyword value="partnership" href="http://eurovoc.europa.eu/4199" showAs="partnership" dictionary="EuroVoc"></keyword>
        <keyword value="sustainable_development" href="http://metadata.un.org/thesaurus/1006319" showAs="sustainable_development" dictionary="UNBIS Thesaurus"></keyword>
        <keyword value="partnership" href="http://metadata.un.org/thesaurus/1004748" showAs="partnership" dictionary="UNBIS Thesaurus"></keyword>
      </classification>
      <workflow source="#un">
        <step date="2019-11-13" outcome="draftResolution" as="A/C.3/74/L.45/Rev.1" by="Afghanistan, Albania, Andorra, Antigua and Barbuda, Argentina, Armenia, Australia, Austria, Belgium, Belize, Bosnia and Herzegovina, Brazil, Bulgaria, Cabo Verde, Central African Republic, Chile, Costa Rica, Croatia, Cyprus, Czechia, Denmark, Dominican Republic, Ecuador, El Salvador, Estonia, Finland, France, Georgia, Germany, Greece, Haiti, Honduras, Hungary, Iceland, Ireland, Italy, Japan, Jordan, Latvia, Lebanon, Libya, Liechtenstein, Lithuania, Luxembourg, Mali, Malta, Mexico, Monaco, Montenegro, Netherlands, North Macedonia, Panama, Poland, Portugal, Republic of Moldova, Romania, Serbia, Seychelles, Slovakia, Slovenia, Spain, Sri Lanka, Sweden, Switzerland, Tunisia, Ukraine, United Kingdom of Great Britain and Northern Ireland and Uruguay" />
        <step date="0001-01-01" outcome="draftResolutionAdditionalSponsors" by="Bolivia (Plurinational State of), Burkina Faso, Canada, Colombia, Côte d'Ivoire, Egypt, Ghana, Guatemala, Guinea, Israel, Lesotho, Liberia, Maldives, Marshall Islands, Mauritania, Mongolia, Morocco, Namibia, New Zealand, Niger, Nigeria, Norway, Palau, Paraguay, Peru, Qatar, Republic of Korea, San Marino, Sao Tome and Principe, Solomon Islands, South Africa, Sudan, Tajikistan, Timor-Leste, United States, Vanuatu, Yemen and Zambia" />
        <step date="0001-01-01" outcome="recommendedForAdoption" as="A/74/399/Add.2" by="" refersTo="90" />
        <step date="2019-12-18" outcome="adopted" as="A/74/PV.50" by="" />
      </workflow>
      <analysis source="#un">
        <parliamentary>
          <voting outcome="adoptedWithoutVote">
            <quorum value=""></quorum>
          </voting>
        </parliamentary>
      </analysis>
      <references source="#DGACM">
        <TLCOrganization eId="source" href="/akn/ontology/organization/un/DGACM" showAs="DGACM"></TLCOrganization>
        <TLCConcept eId="dateOfIssuance" href="/akn/ontology/concept/un/dateOfIssuance" showAs="Date of issuance"></TLCConcept>
        <TLCConcept eId="dateOfAdoption" href="/akn/ontology/concept/un/dateOfAdoption" showAs="Date of adoption"></TLCConcept>
        <TLCConcept eId="symbol" href="/akn/ontology/reference/un/symbol" showAs="Symbol"></TLCConcept>
        <TLCRole eId="publisher" href="/akn/ontology/role/un/publisher" showAs="Publisher"></TLCRole>
        <TLCRole eId="issuingBody" href="/akn/role/concept/un/issuingBody" showAs="Issuing body"></TLCRole>
        <TLCRole eId="author" href="/akn/ontology/role/un/author" showAs="Author"></TLCRole>
        <TLCRole eId="editor" href="/akn/ontology/role/un/editor" showAs="Editor"></TLCRole>
        <TLCRole eId="distribution" href="/akn/ontology/concept/un/generalDistribution" showAs="General distribution"></TLCRole>
        <TLCOrganization eId="ga" href="/akn/ontology/organization/un/generalAssembly" showAs="General Assembly"></TLCOrganization>
        <TLCTerm eId="resolutionTitle" href="/akn/ontology/reference/un/resolutionTitle" showAs="Resolution title"></TLCTerm>
        <TLCTerm eId="thirdCommittee" href="#thirdCommittee" showAs="Третий комитет"></TLCTerm>
        <TLCTerm eId="memberState" href="/akn/ontology/organization/un/memberState" showAs="Member State"></TLCTerm>
        <TLCTerm eId="inFavour" href="/akn/ontology/concept/un/voting/inFavour" showAs="In favour"></TLCTerm>
        <TLCTerm eId="against" href="/akn/ontology/concept/un/voting/against" showAs="Against"></TLCTerm>
        <TLCTerm eId="abstaining" href="/akn/ontology/concept/un/voting/abstaining" showAs="Abstaining"></TLCTerm>
      </references>
      <presentation source="#un">
        <akn4un:footerFirstPage>
          <akn4un:footerFirstPageLeft>
            <akn4un:internalCode>
              <docketNumber refersTo="#publicationJobNumber">19-22283 (R)</docketNumber>
              <img alt="bar code" class="barCode" src=""></img>
            </akn4un:internalCode>
          </akn4un:footerFirstPageLeft>
          <akn4un:footerFirstPageRight>
            <img alt="Please recycle" class="image" src="./recylcleLogo.jpg"></img>
            <img alt="embedded QR code" class="qrCode" src=""></img>
          </akn4un:footerFirstPageRight>
        </akn4un:footerFirstPage>
      </presentation>
    </meta>
    <coverPage eId="coverPage_1">
      <p>
        <span refersTo="#publisher" class="upperLeft">
          <docAuthority refersTo="#publisher">Организация Объединенных Наций</docAuthority>
        </span>
      </p>
      <p class="upperRight">
        <docNumber refersTo="#symbol">A/RES/74/157</docNumber>
      </p>
      <p class="upperLeft">
        <img src="logo-un.jpg"></img>
        <docAuthority refersTo="#issuingBody" class="rightBig">Генеральная Ассамблея</docAuthority>
      </p>
      <p>
        <docStatus refersTo="#generalDistribution" class="rightSmall">Distr.: General</docStatus>
      </p>
      <p>
        <docDate date="2020-01-23" class="rightSmall" refersTo="#dateOfIssuance">23 January 2020</docDate>
      </p>
      <p>
        <session refersTo="#generalAssembly" value="74" eId="coverPage_1__session_1">Семьдесят четвертая сессия</session>
      </p>
      <p>
        <inline name="agenda item">Пункт 70 b) повестки дня</inline>
      </p>
      <p>
        <inline name="agenda item name">Поощрение и защита прав человека: вопросы прав человека, включая альтернативные подходы в деле содействия эффективному осуществлению прав человека и основных свобод</inline>
      </p>
      <p>
        <docTitle>Резолюция, принятая Генеральной Ассамблеей 18 декабря 2019 года</docTitle>
      </p>
      <p xml:space="preserve">
        <docProponent refersTo="#thirdCommittee">[по докладу Третьего комитета (<inline name="originating document">A/74/399/Add.2</inline>)]</docProponent>
      </p>
    </coverPage>
    <preface>
      <p>
        <docNumber>74/157.</docNumber>
        <docTitle refersTo="#resolutionTitle">Безопасность журналистов и проблема безнаказанности</docTitle>
      </p>
    </preface>
    <preamble>
      <formula name="enactingFormula" eId="formula_1">
        <p xml:space="preserve">
          <span class="italic">Генеральная Ассамблея</span>,</p>
      </formula>
      <container name="руководствуясь " eId="container_2">
        <p xml:space="preserve">
          <span class="italic">руководствуясь </span>целями и принципами Устава Организации Объединенных Наций,</p>
      </container>
      <container name="подтверждая" eId="container_3">
        <p xml:space="preserve">
          <span class="italic">подтверждая</span> Всеобщую декларацию прав человека<authorialNote marker="1" placement="bottom" eId="authorialNote_1"><p xml:space="preserve">		Резолюция <a href="https://undocs.org//ru/A/RES/217 (III)">217 A (III)</a>.</p></authorialNote> и ссылаясь на соответствующие международные договоры по правам человека, включая Международный пакт о гражданских и политических правах<authorialNote marker="2" placement="bottom" eId="authorialNote_2"><p xml:space="preserve">		См. резолюцию <a href="https://undocs.org//ru/A/RES/2200 (XXI)">2200 A (XXI)</a>, приложение.</p></authorialNote>, Международную конвенцию о защите всех лиц от насильственных исчезновений<authorialNote marker="3" placement="bottom" eId="authorialNote_3"><p xml:space="preserve">		United Nations, <span class="italic">Treaty Series</span>, vol. 2716, No. 48088.</p></authorialNote>, а также Женевские конвенции от 12 августа 1949 года<authorialNote marker="4" placement="bottom" eId="authorialNote_4"><p xml:space="preserve">		Ibid., vol. 75, Nos. 970–973.</p></authorialNote> и Дополнительные протоколы к ним<authorialNote marker="5" placement="bottom" eId="authorialNote_5"><p xml:space="preserve">		Ibid., vol. 1125, Nos. 17512 and 17513. </p></authorialNote>,</p>
      </container>
      <container name="ссылаясь" eId="container_4">
        <p xml:space="preserve">
          <span class="italic">ссылаясь</span> на свои предыдущие резолюции о безопасности журналистов и проблеме безнаказанности, в том числе на резолюцию <a href="https://undocs.org/ru/A/RES/68/163">68/163</a> от 18 декабря 2013 года, в которой она провозгласила 2 ноября Международным днем прекращения безнаказанности за преступления против журналистов, и резолюции <a href="https://undocs.org/ru/A/RES/69/185">69/185</a> от 18 декабря 2014 года, <a href="https://undocs.org/ru/A/RES/70/162">70/162</a> от 17 декабря 2015 года и <a href="https://undocs.org/ru/A/RES/72/175">72/175</a> от 19 декабря 2017 года,</p>
      </container>
      <container name="с удовлетворением отмечая" eId="container_5">
        <p xml:space="preserve">
          <span class="italic">с удовлетворением отмечая</span> последний доклад Генерального секретаря о безопасности журналистов и проблеме безнаказанности, текущем положении и мерах, принятых в этой связи<authorialNote marker="6" placement="bottom" eId="authorialNote_6"><p xml:space="preserve"><a href="https://undocs.org/ru/A/74/314">A/74/314</a>.</p></authorialNote>,</p>
      </container>
      <container name="с признательностью принимая к сведению" eId="container_6">
        <p xml:space="preserve">
          <span class="italic">с признательностью принимая к сведению</span> одобренный 12 апреля 2012 года Координационным советом руководителей системы Организации Объединенных Наций План действий Организации Объединенных Наций по обеспечению безопасности журналистов и проблеме безнаказанности, в котором учреждениям, фондам и программам Организации Объединенных Наций предлагалось совместно с государствами-членами вести работу в направлении создания для журналистов и работников средств массовой информации свободной и безопасной среды как в ситуациях конфликта, так и в неконфликтных ситуациях в целях укрепления мира, демократии и развития по всему миру,</p>
      </container>
      <container name="ссылаясь " eId="container_7">
        <p xml:space="preserve">
          <span class="italic">ссылаясь </span>на резолюции Совета по правам человека <a href="https://undocs.org/ru/A/HRC/RES/21/12">21/12</a> от 27 сентября 2012 года<authorialNote marker="7" placement="bottom" eId="authorialNote_7"><p xml:space="preserve"><span class="italic">Официальные отчеты Генеральной Ассамблеи, шестьдесят седьмая сессия, Дополнение № 53А</span> (<a href="https://undocs.org/ru/A/67/53/Add.1">A/67/53/Add.1</a>), гл. III.</p></authorialNote>, <a href="https://undocs.org/ru/A/HRC/RES/27/5">27/5</a> от 25 сентября 2014 года<authorialNote marker="8" placement="bottom" eId="authorialNote_8"><p xml:space="preserve">		Там же, <span class="italic">шестьдесят девятая сессия, Дополнение № 53A</span> и исправления (<a href="https://undocs.org/ru/A/69/53/Add.1">A/69/53/Add.1</a>, <a href="https://undocs.org/ru/A/69/53/Add.1/Corr.1">A/69/53/Add.1/Corr.1</a> и <a href="https://undocs.org/ru/A/69/53/Add.1/Corr.2">A/69/53/Add.1/Corr.2</a>), гл. IV, разд. A.</p></authorialNote>, <a href="https://undocs.org/ru/A/HRC/RES/33/2">33/2</a> от 29 сентября 2016 года<authorialNote marker="9" placement="bottom" eId="authorialNote_9"><p xml:space="preserve">		Там же, <span class="italic">семьдесят первая сессия, Дополнение № 53A</span> и исправление (<a href="https://undocs.org/ru/A/71/53/Add.1">A/71/53/Add.1</a> и <a href="https://undocs.org/ru/A/71/53/Add.1/Corr.1">A/71/53/Add.1/Corr.1</a>), гл. II.</p></authorialNote> и <a href="https://undocs.org/ru/A/HRC/RES/39/6">39/6</a> от 27 сентября 2018 года<authorialNote marker="10" placement="bottom" eId="authorialNote_10"><p xml:space="preserve">		Там же, <span class="italic">семьдесят третья сессия, Дополнение № 53A</span> (<a href="https://undocs.org/ru/A/73/53/Add.1">A/73/53/Add.1</a>), гл. III.</p></authorialNote> о безопасности журналистов, <a href="https://undocs.org/ru/A/HRC/RES/32/13">32/13</a> от 1 июля 2016 года о поощрении, защите и осуществлении прав человека в Интернете<authorialNote marker="11" placement="bottom" eId="authorialNote_11"><p xml:space="preserve">	 	Там же, <span class="italic">семьдесят первая сессия, Дополнение № 53</span> (<a href="https://undocs.org/ru/A/71/53">A/71/53</a>), гл. V, разд. A.</p></authorialNote>, <a href="https://undocs.org/ru/A/HRC/RES/34/7">34/7</a> от 23 марта 2017 года о праве на неприкосновенность частной жизни в цифровой век<authorialNote marker="12" placement="bottom" eId="authorialNote_12"><p xml:space="preserve">		Там же, <span class="italic">семьдесят вторая сессия, Дополнение № 53</span> (<a href="https://undocs.org/ru/A/72/53">A/72/53</a>), гл. IV, разд. A.</p></authorialNote> и <a href="https://undocs.org/ru/A/HRC/RES/27/12">27/12</a> от 25 сентября 2014 года<sup>8</sup> о Всемирной программе образования в области прав человека, резолюции Совета Безопасности <a href="https://undocs.org/ru/S/RES/1325 (2000)">1325</a><a href="https://undocs.org/ru/S/RES/1325 (2000)"> </a><a href="https://undocs.org/ru/S/RES/1325 (2000)">(2000)</a> от 31 октября 2000 года, <a href="https://undocs.org/ru/S/RES/1738 (2006)">1738 (2006)</a> от 23 декабря 2006 года и <a href="https://undocs.org/ru/S/RES/2222 (2015)">2222</a><a href="https://undocs.org/ru/S/RES/2222 (2015)"> </a><a href="https://undocs.org/ru/S/RES/2222 (2015)">(2015)</a> от 27 мая 2015 года и резолюцию <a href="https://undocs.org/ru/E/RES/2019/2">2019/2</a> Экономического и Социального Совета от 6 июня 2019 года о всестороннем учете гендерной проблематики во всех стратегиях и программах в системе Организации Объединенных Наций,</p>
      </container>
      <container name="с признательностью принимая к сведению" eId="container_8">
        <p xml:space="preserve">
          <span class="italic">с признательностью принимая к сведению</span> подготовленный Организацией Объединенных Наций по вопросам образования, науки и культуры глобальный доклад «Глобальные тенденции в области свободы выражения мнений и развития средств массовой информации, 2017/2018», а также издание «Руководство по безопасности для журналистов: справочник для журналистов, работающих в условиях повышенного риска» в редакции 2017 года,</p>
      </container>
      <container name="&#x9;ссылаясь " eId="container_9">
        <p xml:space="preserve">
          <span class="italic">	ссылаясь </span>на все другие соответствующие доклады Генерального секретаря, Управления Верховного комиссара Организации Объединенных Наций по правам человека и специальных процедур Совета по правам человека по вопросу о безопасности журналистов, а также на последний доклад Генерального секретаря по вопросу о женщинах и мире и безопасности<authorialNote marker="13" placement="bottom" eId="authorialNote_13"><p xml:space="preserve"><a href="https://undocs.org/ru/S/2019/800">S/2019/800</a>.</p></authorialNote>,</p>
      </container>
      <container name="высоко оценивая" eId="container_10">
        <p xml:space="preserve">
          <span class="italic">высоко оценивая</span> роль и деятельность Управления Верховного комиссара и Организации Объединенных Наций по вопросам образования, науки и культуры, касающиеся безопасности журналистов и проблемы безнаказанности, в том числе их сотрудничество в деле укрепления процесса осуществления Плана действий Организации Объединенных Наций по обеспечению безопасности журналистов и проблеме безнаказанности и их работу по содействию проведению 2 ноября Международного дня прекращения безнаказанности за преступления против журналистов, проделанную в консультации с соответствующими структурами системы Организации Объединенных Наций, правительствами и соответствующими заинтересованными сторонами, и принимая к сведению итоги многосторонних консультаций по вопросу о повышении эффективности осуществления Плана действий Организации Объединенных Наций по обеспечению безопасности журналистов и проблеме безнаказанности,</p>
      </container>
      <container name="приветствуя" eId="container_11">
        <p xml:space="preserve">
          <span class="italic">приветствуя</span> принятие Повестки дня в области устойчивого развития на период до 2030 года<authorialNote marker="14" placement="bottom" eId="authorialNote_14"><p xml:space="preserve">		Резолюция <a href="https://undocs.org/ru/A/RES/70/1">70/1</a>.</p></authorialNote> и содержащиеся в ней обязательства, в частности по построению миролюбивого и инклюзивного общества, защите прав человека и поощрению гендерного равенства в интересах устойчивого развития, с тем чтобы никто не был забыт, в том числе путем обеспечения доступа общественности к информации и защиты основных свобод в соответствии с национальным законодательством и международными соглашениями, и признавая в этой связи важный вклад поощрения и защиты безопасности журналистов в эти усилия,</p>
      </container>
      <container name="памятуя" eId="container_12">
        <p xml:space="preserve">
          <span class="italic">памятуя</span> о том, что право на свободу мнений и их свободное выражение является правом человека, гарантированным всем в соответствии со статьями 19 Всеобщей декларации прав человека и Международного пакта о гражданских и политических правах, и что оно является одной из важнейших основ демократического общества и одним из основополагающих условий для его прогресса и развития,</p>
      </container>
      <container name="подтверждая" eId="container_13">
        <p xml:space="preserve">
          <span class="italic">подтверждая</span>, что журналистика постоянно эволюционирует в направлении использования материалов средств массовой информации, отдельных лиц и целого ряда организаций, которые ищут, получают и распространяют всякого рода информацию и идеи в Интернете, а также вне его в рамках осуществления права на свободу мнений и их свободное выражение в соответствии со статьей 19 Международного пакта о гражданских и политических правах, внося таким образом свой вклад в формирование публичных дискуссий,</p>
      </container>
      <container name="учитывая" eId="container_14">
        <p xml:space="preserve">
          <span class="italic">учитывая</span> важное значение свободы выражения мнений и свободных, независимых, плюралистических и разнообразных средств массовой информации и доступа к информации в Интернете и в реальной жизни для построения инклюзивного и миролюбивого основанного на знаниях общества и демократии и для укрепления диалога между культурами, мира и благого правления, а также взаимопонимания и сотрудничества,</p>
      </container>
      <container name="учитывая также" eId="container_15">
        <p xml:space="preserve">
          <span class="italic">учитывая также</span> важное значение доверия общественности к журналистской деятельности и ее объективности, особенно с учетом трудностей, связанных с поддержанием профессионального уровня средств массовой информации в условиях непрерывного развития новых форм распространения массовой информации и все более частых кампаний по целенаправленному распространению дезинформации и клеветы для дискредитации работы журналистов,</p>
      </container>
      <container name="учитывая далее" eId="container_16">
        <p xml:space="preserve">
          <span class="italic">учитывая далее</span>, что в силу своей работы журналисты и члены их семей зачастую подвергаются особому риску запугивания, угроз, преследований и насилия, что нередко удерживает журналистов от дальнейшей работы или приводит к самоцензуре, в результате чего общество оказывается лишено важной информации,</p>
      </container>
      <container name="отмечая" eId="container_17">
        <p xml:space="preserve">
          <span class="italic">отмечая</span> передовые методы, применяемые различными странами в целях защиты журналистов, а также, в частности, те методы, которые предназначены для защиты правозащитников и которые могут, в соответствующих случаях, иметь актуальное значение для защиты журналистов,</p>
      </container>
      <container name="настоятельно призывая" eId="container_18">
        <p xml:space="preserve">
          <span class="italic">настоятельно призывая</span> государства-члены сделать все от них зависящее для предотвращения насилия, запугивания, угроз и нападений на журналистов и работников средств массовой информации, в том числе посредством поддержки деятельности по повышению квалификации, учебной подготовке и информированию сотрудников судебных и правоохранительных органов и военнослужащих и сотрудников служб безопасности, а также организаций средств массовой информации, журналистов и представителей гражданского общества по вопросам, касающимся обязательств и обязанностей государств в отношении безопасности журналистов согласно международному праву прав человека и международному гуманитарному праву,</p>
      </container>
      <container name="учитывая " eId="container_19">
        <p xml:space="preserve">
          <span class="italic">учитывая </span>усилия государств по обзору и при необходимости пересмотру законов, политики и практики, ограничивающих способность журналистов выполнять свою работу независимо и без неоправданного вмешательства, и по приведению этих законов, политики и практики в полное соответствие со своими обязательствами по международному праву,</p>
      </container>
      <container name="особо отмечая" eId="container_20">
        <p xml:space="preserve">
          <span class="italic">особо отмечая</span> роль международного сотрудничества в поддержке национальных усилий по предупреждению нападений на журналистов и направленных против них актов насилия и в расширении возможностей государств в области прав человека, в том числе в предупреждении нападений на журналистов и направленных против них актов насилия, посредством, в частности, предоставления технической помощи, по просьбе соответствующих государств и в соответствии с установленными ими приоритетами,</p>
      </container>
      <container name="учитывая" eId="container_21">
        <p xml:space="preserve">
          <span class="italic">учитывая</span>, что число людей, на жизнь которых оказывают влияние способы подачи информации, значительно и что журналистика оказывает влияние на общественное мнение,</p>
      </container>
      <container name="учитывая также" eId="container_22">
        <p xml:space="preserve">
          <span class="italic">учитывая также</span> решающую роль журналистов и работников средств массовой информации в контексте выборов, в том числе в плане информирования общественности о кандидатах, их платформах и проходящих дебатах, и выражая серьезную обеспокоенность в связи с тем, что в периоды выборов количество нападений на журналистов и работников средств массовой информации возрастает,</p>
      </container>
      <container name="будучи встревожена" eId="container_23">
        <p xml:space="preserve">
          <span class="italic">будучи встревожена</span> случаями, когда политические лидеры, государственные должностные лица и/или органы прибегают к очернению, запугиванию или угрозам в адрес средств массовой информации, в том числе отдельных журналистов, в результате чего возрастает риск угроз и насилия в отношении журналистов и подрывается доверие общественности к журналистской деятельности,</p>
      </container>
      <container name="памятуя" eId="container_24">
        <p xml:space="preserve">
          <span class="italic">памятуя</span> о том, что безнаказанность за нападения на журналистов остается одной из самых серьезных проблем в вопросе безопасности журналистов и что обеспечение возможности привлечения к ответственности за преступления против журналистов являются одним из ключевых элементов в деле предотвращения таких нападений в будущем, </p>
      </container>
      <container name="напоминая " eId="container_25">
        <p xml:space="preserve">
          <span class="italic">напоминая </span>в этой связи о том, что журналисты, работники средств массовой информации и связанный с ними персонал, находящиеся в опасных служебных командировках в районах вооруженного конфликта, должны рассматриваться как гражданские лица и пользоваться уважением и защитой в качестве таковых, если они не совершают действий, несовместимых с их статусом гражданских лиц,</p>
      </container>
      <container name="учитывая" eId="container_26">
        <p xml:space="preserve">
          <span class="italic">учитывая</span> важную роль, которую национальные правозащитные учреждения, при наличии таковых, могут сыграть в деле поощрения и защиты прав человека, в том числе права на свободу убеждений и их свободное выражение, и в деле борьбы с нарушениями и ущемлениями прав человека в отношении журналистов путем наблюдения, просвещения и информирования, а также посредством рассмотрения жалоб, и учитывая также, что национальные механизмы отчетности и принятия последующих мер могут способствовать предупреждению нарушений и ущемлений прав человека в отношении журналистов,</p>
      </container>
      <container name="будучи глубоко озабочена" eId="container_27">
        <p xml:space="preserve">
          <span class="italic">будучи глубоко озабочена</span> всеми происходящими нарушениями и ущемлениями прав человека, затрагивающими безопасность журналистов и работников средств массовой информации, включая убийства, пытки, насильственные исчезновения, произвольные аресты и задержания, выдворение, запугивание, преследование, угрозы и другие формы насилия в Интернете и в реальной жизни,</p>
      </container>
      <container name="выражая глубокую озабоченность" eId="container_28">
        <p xml:space="preserve">
          <span class="italic">выражая глубокую озабоченность</span> по поводу увеличения числа журналистов и работников средств массовой информации, которые в последние годы были убиты, подверглись пыткам, арестам, задержаниям, преследованиям и запугиваниям непосредственно из-за своей профессиональной деятельности,</p>
      </container>
      <container name="выражая глубокую озабоченность также" eId="container_29">
        <p xml:space="preserve">
          <span class="italic">выражая глубокую озабоченность также</span> в связи с возрастающей угрозой для безопасности журналистов, которую создают негосударственные субъекты, включая террористические группы и преступные организации,</p>
      </container>
      <container name="будучи глубоко обеспокоена" eId="container_30">
        <p xml:space="preserve">
          <span class="italic">будучи глубоко обеспокоена</span> особыми рисками, которым подвергаются журналистки в связи с их работой как в неконфликтных ситуациях, так и в ситуациях вооруженного конфликта, где они по-прежнему становятся объектами насилия в вызывающих тревогу масштабах, особо отмечая в этом контексте важность принятия учитывающего гендерный аспект подхода к проработке мер по обеспечению безопасности журналистов и работников средств массовой информации, в том числе в Интернете, в частности для эффективной борьбы с гендерной дискриминацией, насилием, надругательствами и домогательствами, включая сексуальные домогательства, угрозы и запугивание, а также с неравенством и гендерными стереотипами, для предоставления женщинам возможности начинать и продолжать заниматься журналистикой на условиях равенства и недискриминации с гарантией максимально возможного уровня их безопасности и для обеспечения того, чтобы опыт и проблемы женщин-журналистов действительно принимались во внимание и проводилась надлежащая работа по борьбе с гендерными стереотипами в средствах массовой информации,</p>
      </container>
      <container name="констатируя" eId="container_31">
        <p xml:space="preserve">
          <span class="italic">констатируя</span> возникающие в эпоху цифровых технологий особые риски для безопасности журналистов, включая их особую подверженность опасности стать объектами незаконной или произвольной слежки или перехвата их сообщений в нарушение их прав на неприкосновенность частной жизни и свободу выражения мнений,</p>
      </container>
      <container name="учитывая" eId="container_32">
        <p xml:space="preserve">
          <span class="italic">учитывая</span>, что необходимой предпосылкой обеспечения безопасных и благоприятных условий для работы журналистов служит наличие национальной нормативно-правовой базы, согласующейся с международными обязательствами и обязанностями государств в области прав человека, и выражая глубокую обеспокоенность по поводу злоупотребления национальными законами, политикой и практикой, с тем чтобы создать для журналистов трудности или ограничения в связи с выполнением их работы в условиях независимости и отсутствия неоправданного вмешательства,</p>
      </container>
      <container name="подчеркивая" eId="container_33">
        <p xml:space="preserve">
          <span class="italic">подчеркивая</span> необходимость уделять больше внимания превентивным мерам и создания необходимой для свободного выражения мнений правовой базы, что обеспечит безопасные и благоприятные условия для журналистов и работников средств массовой информации,</p>
      </container>
    </preamble>
    <mainBody>
      <paragraph eId="para_34" class="MercuryDocument">
        <num>	1.</num>
        <content eId="para_34__content">
          <p xml:space="preserve">
            <span class="italic">безоговорочно осуждает</span> все нападения на журналистов и работников средств массовой информации и направленные против них акты насилия, такие как пытки, внесудебные казни, насильственные исчезновения, произвольные аресты и произвольные задержания, выдворение, запугивание, угрозы и преследования в Интернете и в реальной жизни, в том числе путем нападений на редакции и помещения средств массовой информации или их принудительного закрытия, как в ситуациях конфликта, так и в неконфликтных ситуациях;</p>
        </content>
      </paragraph>
      <paragraph eId="para_35" class="MercuryDocument">
        <num>	2.</num>
        <content eId="para_35__content">
          <p xml:space="preserve">
            <span class="italic">безоговорочно осуждает также</span> целенаправленные нападения на журналисток и работниц средств массовой информации в связи с осуществляемой ими деятельностью, в частности гендерную дискриминацию и гендерное насилие, включая сексуальные домогательства и запугивания и разжигание ненависти в отношении женщин-журналистов как в Интернете, так и в реальной жизни, и призывает государства заняться решением этих проблем в рамках более широких усилий по поощрению и защите прав человека женщин, ликвидации гендерного неравенства и борьбе с гендерными стереотипами в обществе;</p>
        </content>
      </paragraph>
      <paragraph eId="para_36" class="MercuryDocument">
        <num>	3.</num>
        <content eId="para_36__content">
          <p xml:space="preserve">
            <span class="italic">решительно осуждает</span> широко распространенную безнаказанность за нападения на журналистов и направленные против них акты насилия и выражает озабоченность в связи с тем, что подавляющее большинство этих преступлений остается без наказания, что в свою очередь приводит к повторению этих преступлений;</p>
        </content>
      </paragraph>
      <paragraph eId="para_37" class="MercuryDocument">
        <num>	4.</num>
        <content eId="para_37__content">
          <p xml:space="preserve">
            <span class="italic">призывает</span> государства разрабатывать и более эффективно применять нормативно-правовые акты и меры для защиты журналистов и работников средств массовой информации и борьбы с безнаказанностью, учитывая при этом гендерные аспекты, в том числе при необходимости посредством создания и укрепления специальных следственных подразделений или независимых комиссий, назначения специального прокурора и утверждения конкретных процедур и методов проведения расследования и уголовного преследования;</p>
        </content>
      </paragraph>
      <paragraph eId="para_38" class="MercuryDocument">
        <num>	5.</num>
        <content eId="para_38__content">
          <p xml:space="preserve">
            <span class="italic">настоятельно призывает</span> немедленно и без каких бы то ни было условий освободить журналистов и работников средств массовой информации, которые подверглись произвольным арестам, произвольным задержаниям, были взяты в заложники или стали жертвами насильственного исчезновения;</p>
        </content>
      </paragraph>
      <paragraph eId="para_39" class="MercuryDocument">
        <num>	6.</num>
        <content eId="para_39__content">
          <p xml:space="preserve">
            <span class="italic">призывает</span> все государства, чтобы они, учитывая особую роль, подверженность риску и уязвимость журналистов, освещающих мероприятия, участники которых осуществляют свое право на мирные собрания и свободное выражение своего мнения, уделяли особое внимание обеспечению безопасности журналистов;</p>
        </content>
      </paragraph>
      <paragraph eId="para_40" class="MercuryDocument">
        <num>	7.</num>
        <content eId="para_40__content">
          <p xml:space="preserve">
            <span class="italic">рекомендует </span>государствам воспользоваться возможностью, открывшейся благодаря провозглашению 2 ноября Международным днем прекращения безнаказанности за преступления против журналистов, для повышения уровня осведомленности о проблеме безопасности журналистов и выдвижения конкретных инициатив в этой связи;</p>
        </content>
      </paragraph>
      <paragraph eId="para_41" class="MercuryDocument">
        <num>	8.</num>
        <content eId="para_41__content">
          <p xml:space="preserve">
            <span class="italic">просит </span>Организацию Объединенных Наций по вопросам образования, науки и культуры в консультации с соответствующими структурами системы Организации Объединенных Наций и с учетом положений приложения к резолюции 1980/67 Экономического и Социального Совета от 25 июля 1980 года продолжать содействовать проведению Международного дня, действуя в сотрудничестве с правительствами и соответствующими заинтересованными сторонами;</p>
        </content>
      </paragraph>
      <paragraph eId="para_42" class="MercuryDocument">
        <num>	9.</num>
        <content eId="para_42__content">
          <p xml:space="preserve">
            <span class="italic">настоятельно призывает</span> государства-члены делать все от них зависящее для предотвращения направленных против журналистов и работников средств массовой информации актов насилия, угроз в их адрес и нападений на них, обеспечивать возможность привлечения к ответственности посредством проведения беспристрастных, оперативных, тщательных, независимых и результативных расследований всех подпадающих под их юрисдикцию предполагаемых случаев насилия, угроз и нападений, касающихся журналистов и работников средств массовой информации, включая сексуальное и гендерное насилие в отношении журналисток и работниц средств массовой информации как в ситуациях конфликта, так и в неконфликтных ситуациях, привлекать к суду лиц, совершивших подобные преступления, в том числе лиц, виновных в отдаче приказаний, вступлении в сговор с целью совершения таких преступлений, оказании в этом содействия, соучастии в них или сокрытии этих преступлений, и обеспечивать, чтобы потерпевшие и их семьи имели доступ к надлежащим средствам правовой защиты;</p>
        </content>
      </paragraph>
      <paragraph eId="para_43" class="MercuryDocument">
        <num>	10.</num>
        <content eId="para_43__content">
          <p xml:space="preserve">
            <span class="italic">настоятельно призывает</span> политических лидеров, государственных должностных лиц и/или власти воздерживаться от очернения, запугивания или угроз в адрес средств массовой информации, в том числе в адрес отдельных журналистов и работников средств массовой информации, особенно женщин, — действий, подрывающих доверие к журналистам и принижающих важность независимой журналистики;</p>
        </content>
      </paragraph>
      <paragraph eId="para_44" class="MercuryDocument">
        <num>	11.</num>
        <content eId="para_44__content">
          <p xml:space="preserve">
            <span class="italic">призывает</span> государства создавать и поддерживать как в законодательном порядке, так и на практике безопасные и благоприятные условия для того, чтобы журналисты выполняли свою работу независимо и без неоправданного вмешательства, учитывая при этом гендерные аспекты, в том числе посредством: </p>
        </content>
      </paragraph>
      <paragraph eId="para_45" class="MercuryDocument">
        <content eId="para_45__content">
          <p xml:space="preserve">	a)	принятия законодательных мер; </p>
        </content>
      </paragraph>
      <paragraph eId="para_46" class="MercuryDocument">
        <content eId="para_46__content">
          <p xml:space="preserve">	b)	оказания поддержки судебным органам в связи с рассмотрением вопросов подготовки и повышения уровня осведомленности сотрудников, а также поддержки деятельности по подготовке и повышению уровня осведомленности сотрудников правоохранительных органов и военнослужащих, равно как и журналистов и гражданского общества, по вопросам обязательств и обязанностей по международному праву прав человека и международному гуманитарному праву, касающихся безопасности журналистов, в том числе уделяя особое внимание борьбе с сексуальной и гендерной дискриминацией и насилием в отношении журналисток, а также специфике угроз и запугивания в отношении журналисток в Интернете; </p>
        </content>
      </paragraph>
      <paragraph eId="para_47" class="MercuryDocument">
        <content eId="para_47__content">
          <p xml:space="preserve">	c)	регулярного отслеживания нападений на журналистов и сообщения о них; </p>
        </content>
      </paragraph>
      <paragraph eId="para_48" class="MercuryDocument">
        <content eId="para_48__content">
          <p xml:space="preserve">	d)	сбора и анализа конкретных количественных и качественных данных о случаях нападения на журналистов или совершенных в их отношении актах насилия в Интернете и вне его в разбивке, среди прочего, по признаку пола; </p>
        </content>
      </paragraph>
      <paragraph eId="para_49" class="MercuryDocument">
        <content eId="para_49__content">
          <p xml:space="preserve">	e)	публичного и систематического осуждения совершаемых в Интернете и в реальной жизни нападок на журналистов и работников средств информации, их преследования и насилия над ними;</p>
        </content>
      </paragraph>
      <paragraph eId="para_50" class="MercuryDocument">
        <content eId="para_50__content">
          <p xml:space="preserve">	f)	выделения ресурсов, необходимых для расследования подобных нападений и судебного преследования за них и для разработки и осуществления учитывающих гендерную специфику стратегий по борьбе с безнаказанностью за нападения на журналистов и направленные против них акты насилия, в том числе посредством использования, где это уместно, передовой практики, в частности передовых методов, указанных в резолюции <a href="https://undocs.org/ru/A/HRC/RES/33/2">33/2</a> Совета по правам человека<sup>9</sup>;</p>
        </content>
      </paragraph>
      <paragraph eId="para_51" class="MercuryDocument">
        <content eId="para_51__content">
          <p xml:space="preserve">	g)	внедрения учитывающих гендерную специфику безопасных превентивных мер и процедур проведения расследований, с тем чтобы побуждать журналисток сообщать о нападениях на них как в Интернете, так и в реальной жизни и оказывать жертвам и пострадавшим надлежащую поддержку, в том числе психосоциальную помощь;</p>
        </content>
      </paragraph>
      <paragraph eId="para_52" class="MercuryDocument">
        <num>	12.</num>
        <content eId="para_52__content">
          <p xml:space="preserve">
            <span class="italic">безоговорочно осуждает</span> нарушающие нормы международного права прав человека меры, принимаемые государствами для умышленного лишения или затруднения доступа к информации или ее распространения как в Интернете, так и в реальной жизни, которые направлены на подрыв работы журналистов по информированию общественности, включая меры для неоправданного ограничения, блокирования или нарушения работы веб-сайтов средств массовой информации, в том числе с помощью атак, вызывающих отказ в обслуживании, и призывает все государства прекратить применение мер, наносящих непоправимый ущерб усилиям по построению инклюзивного и миролюбивого основанного на знаниях общества и демократии и воздерживаться от их применения;</p>
        </content>
      </paragraph>
      <paragraph eId="para_53" class="MercuryDocument">
        <num>	13.</num>
        <content eId="para_53__content">
          <p xml:space="preserve">
            <span class="italic">призывает</span> государства обеспечивать, чтобы меры, принимаемые ими для борьбы с терроризмом и поддержания национальной безопасности и общественного порядка, соответствовали их обязательствам по международному праву и произвольным образом или неоправданно не наносили ущерб работе и безопасности журналистов, в том числе посредством произвольных арестов или задержаний, либо угрозы таких арестов или задержаний;</p>
        </content>
      </paragraph>
      <paragraph eId="para_54" class="MercuryDocument">
        <num>	14.</num>
        <content eId="para_54__content">
          <p xml:space="preserve">
            <span class="italic">призывает также</span> государства предотвратить злоупотребление законами о диффамации и клевете, в частности посредством чрезмерного применения уголовных наказаний, для незаконной или произвольной цензуры журналистов и вмешательства в их деятельность по информированию общественности и при необходимости пересмотреть и отменить такие законы в соответствии с обязательствами государств по международному праву прав человека;</p>
        </content>
      </paragraph>
      <paragraph eId="para_55" class="MercuryDocument">
        <num>	15.</num>
        <content eId="para_55__content">
          <p xml:space="preserve">
            <span class="italic">особо отмечает</span>, что в эпоху цифровых технологий средства шифрования и анонимизации приобрели для многих журналистов жизненно важное значение в плане свободного осуществления ими своей деятельности и реализации своих прав человека, в частности прав на свободу выражения мнений и неприкосновенность частной жизни, в том числе для обеспечения неприкосновенности своих сообщений и защиты конфиденциальности своих источников информации, и призывает государства не препятствовать использованию таких технологий и обеспечивать, чтобы любые ограничения в этой сфере соответствовали обязательствам государств по международному праву прав человека;</p>
        </content>
      </paragraph>
      <paragraph eId="para_56" class="MercuryDocument">
        <num>	16.</num>
        <content eId="para_56__content">
          <p xml:space="preserve">
            <span class="italic">особо отмечает также</span>, что организации средств массовой информации могут сыграть важную роль в обеспечении надлежащей безопасности, понимания рисков, цифровой безопасности и подготовки и инструктажа журналистов и работников средств массовой информации по вопросам самозащиты наряду с предоставлением им средств защиты;</p>
        </content>
      </paragraph>
      <paragraph eId="para_57" class="MercuryDocument">
        <num>	17.</num>
        <content eId="para_57__content">
          <p xml:space="preserve">
            <span class="italic">подчеркивает</span> необходимость улучшения сотрудничества и координации на международном уровне, в том числе посредством технической помощи и наращивания потенциала, в целях содействия повышению безопасности журналистов на национальном и местном уровнях;</p>
        </content>
      </paragraph>
      <paragraph eId="para_58" class="MercuryDocument">
        <num>	18.</num>
        <content eId="para_58__content">
          <p xml:space="preserve">
            <span class="italic">призывает</span> государства сотрудничать с соответствующими структурами системы Организации Объединенных Наций, в частности с Организацией Объединенных Наций по вопросам образования, науки и культуры, а также с международными и региональными правозащитными механизмами, включая соответствующие специальные процедуры Совета по правам человека, и предлагает государствам на добровольной основе обмениваться информацией о ходе расследования случаев нападений на журналистов и направленных против них актов насилия, в том числе в ответ на просьбы Организации Объединенных Наций по вопросам образования, науки и культуры в рамках механизма, функционирующего под эгидой ее Международной программы развития коммуникации;</p>
        </content>
      </paragraph>
      <paragraph eId="para_59" class="MercuryDocument">
        <num>	19.</num>
        <content eId="para_59__content">
          <p xml:space="preserve">
            <span class="italic">рекомендует</span> государствам продолжать затрагивать вопрос безопасности журналистов в рамках процесса универсального периодического обзора;</p>
        </content>
      </paragraph>
      <paragraph eId="para_60" class="MercuryDocument">
        <num>	20.</num>
        <content eId="para_60__content">
          <p xml:space="preserve">
            <span class="italic">рекомендует</span> Генеральному секретарю дополнительно активизировать его усилия по укреплению безопасности журналистов и работников средств массовой информации и предлагает учреждениям, организациям, фондам и программам системы Организации Объединенных Наций в сотрудничестве с государствами-членами и в рамках общей координации со стороны Организации Объединенных Наций по вопросам образования, науки и культуры активно обмениваться информацией и укреплять сотрудничество, в том числе через сеть координаторов, а также ускорить принятие мер по всестороннему учету гендерной проблематики в ходе осуществления Плана действий Организации Объединенных Наций по обеспечению безопасности журналистов и проблеме безнаказанности;</p>
        </content>
      </paragraph>
      <paragraph eId="para_61" class="MercuryDocument">
        <num>	21.</num>
        <content eId="para_61__content">
          <p xml:space="preserve">
            <span class="italic">принимает во внимание</span>, что поощрение и защита безопасности журналистов во многом способствуют осуществлению Повестки дня в области устойчивого развития на период до 2030 года и достижению поставленных в ней целей в области устойчивого развития<sup>14</sup>, особенно выполнению задачи 16.10, и призывает государства укрепить осуществляемую на национальном уровне работу по сбору, анализу и представлению разукрупненных данных о количестве подтвержденных случаев убийства, похищения, насильственного исчезновения, произвольного задержания, пыток и других вредоносных действий в отношении журналистов и связанных с ними работников средств массовой информации в соответствии с показателем 16.10.1 целей в области устойчивого развития, а также делать все возможное для доведения этих данных до сведения соответствующих структур, в частности Управления Верховного комиссара Организации Объединенных Наций по правам человека и Организации Объединенных Наций по вопросам образования, науки и культуры;</p>
        </content>
      </paragraph>
      <paragraph eId="para_62" class="MercuryDocument">
        <num>	22.</num>
        <content eId="para_62__content">
          <p xml:space="preserve">
            <span class="italic">просит</span> Генерального секретаря оказывать дальнейшее содействие в осуществлении настоящей резолюции и представить Генеральной Ассамблее на ее семьдесят шестой сессии и Совету по правам человека на его сорок девятой сессии доклад о безопасности журналистов с особым акцентом на деятельности сети координаторов по решению вопроса безопасности журналистов и проблемы безнаказанности и с учетом Плана действий Организации Объединенных Наций по обеспечению безопасности журналистов и проблеме безнаказанности и последующих мер в связи с его осуществлением.</p>
        </content>
      </paragraph>
    </mainBody>
    <conclusions eId="conclusions">
      <p>
        <inline name="adoptionMeeting" title="50-e">50-e пленарное заседание</inline>
        <eol />
        <docDate date="2019-12-18" refersTo="#adoptionDate">18 декабря 2019 года</docDate>
      </p>
    </conclusions>
  </statement>
</akomaNtoso>