<akomaNtoso xmlns:xsi="http://www.w3.org/2001/XMLSchema-instance" xsi:schemaLocation="http://docs.oasis-open.org/legaldocml/ns/akn/3.0 http://docs.oasis-open.org/legaldocml/akn-core/v1.0/os/part2-specs/schemas/akomantoso30.xsd" xmlns="http://docs.oasis-open.org/legaldocml/ns/akn/3.0" xmlns:html="http://www.w3.org/1999/xhtml" xmlns:akn4un="http://un.org/akn4un">
  <statement name="resolution">
    <meta>
      <identification source="#DGACM">
        <FRBRWork>
          <FRBRthis value="/akn/un/statement/deliberation/unga/2019-12-18/74-167/!main/"></FRBRthis>
          <FRBRuri value="/akn/un/statement/deliberation/unga/2019-12-18/74-167/"></FRBRuri>
          <FRBRdate date="2019-12-18" name="adoption"></FRBRdate>
          <FRBRauthor href="ga" as="author"></FRBRauthor>
          <FRBRcountry value="un"></FRBRcountry>
        </FRBRWork>
        <FRBRExpression>
          <FRBRthis value="/akn/un/statement/deliberation/unga/2019-12-18/74-167/rus@!main/"></FRBRthis>
          <FRBRuri value="/akn/un/statement/deliberation/unga/2019-12-18/74-167/rus@/"></FRBRuri>
          <FRBRdate date="2020-01-21" name="publication"></FRBRdate>
          <FRBRauthor href="ga" as="issuer"></FRBRauthor>
          <FRBRlanguage language="rus"></FRBRlanguage>
        </FRBRExpression>
        <FRBRManifestation>
          <FRBRthis value="/akn/un/statement/deliberation/unga/2019-12-18/74-167/rus@/!main.xml"></FRBRthis>
          <FRBRuri value="/akn/un/statement/deliberation/unga/2019-12-18/74-167/rus@.xml"></FRBRuri>
          <FRBRdate date="2020-08-29" name="markup"></FRBRdate>
          <FRBRauthor href="DGACM" as="editor"></FRBRauthor>
        </FRBRManifestation>
      </identification>
      <classification source="http://metadata.un.org/sdg">
        <keyword value="2" href="http://metadata.un.org/sdg/2" showAs="sdg_2" dictionary="SDGO"></keyword>
        <keyword value="food_shortage" href="http://eurovoc.europa.eu/2318" showAs="food_shortage" dictionary="EuroVoc"></keyword>
        <keyword value="sustainable_agriculture" href="http://eurovoc.europa.eu/6308" showAs="sustainable_agriculture" dictionary="EuroVoc"></keyword>
        <keyword value="food_security" href="http://eurovoc.europa.eu/c_4523e1dd" showAs="food_security" dictionary="EuroVoc"></keyword>
        <keyword value="food_security" href="http://metadata.un.org/thesaurus/1002439" showAs="food_security" dictionary="UNBIS Thesaurus"></keyword>
        <keyword value="food_shortage" href="http://metadata.un.org/thesaurus/1002440" showAs="food_shortage" dictionary="UNBIS Thesaurus"></keyword>
        <keyword value="hunger" href="http://metadata.un.org/thesaurus/1003004" showAs="hunger" dictionary="UNBIS Thesaurus"></keyword>
        <keyword value="sustainable_agriculture" href="http://metadata.un.org/thesaurus/1006317" showAs="sustainable_agriculture" dictionary="UNBIS Thesaurus"></keyword>
      </classification>
      <classification source="http://metadata.un.org/sdg">
        <keyword value="3" href="http://metadata.un.org/sdg/3" showAs="sdg_3" dictionary="SDGO"></keyword>
        <keyword value="public_health" href="http://eurovoc.europa.eu/3885" showAs="public_health" dictionary="EuroVoc"></keyword>
        <keyword value="health" href="http://metadata.un.org/thesaurus/1002824" showAs="health" dictionary="UNBIS Thesaurus"></keyword>
      </classification>
      <classification source="http://metadata.un.org/sdg">
        <keyword value="5" href="http://metadata.un.org/sdg/5" showAs="sdg_5" dictionary="SDGO"></keyword>
        <keyword value="gender_equality" href="http://eurovoc.europa.eu/3913" showAs="gender_equality" dictionary="EuroVoc"></keyword>
        <keyword value="participation_of_women" href="http://eurovoc.europa.eu/2265" showAs="participation_of_women" dictionary="EuroVoc"></keyword>
        <keyword value="women&amp;#39;s_rights" href="http://eurovoc.europa.eu/585" showAs="women&amp;#39;s_rights" dictionary="EuroVoc"></keyword>
        <keyword value="position_of_women" href="http://eurovoc.europa.eu/81" showAs="position_of_women" dictionary="EuroVoc"></keyword>
        <keyword value="women" href="http://metadata.un.org/thesaurus/1007029" showAs="women" dictionary="UNBIS Thesaurus"></keyword>
        <keyword value="gender_equality" href="http://metadata.un.org/thesaurus/1002612" showAs="gender_equality" dictionary="UNBIS Thesaurus"></keyword>
        <keyword value="girls" href="http://metadata.un.org/thesaurus/1002684" showAs="girls" dictionary="UNBIS Thesaurus"></keyword>
      </classification>
      <classification source="http://metadata.un.org/sdg">
        <keyword value="16" href="http://metadata.un.org/sdg/16" showAs="sdg_16" dictionary="SDGO"></keyword>
        <keyword value="right_to_justice" href="http://eurovoc.europa.eu/516" showAs="right_to_justice" dictionary="EuroVoc"></keyword>
        <keyword value="sustainable_development" href="http://eurovoc.europa.eu/5585" showAs="sustainable_development" dictionary="EuroVoc"></keyword>
        <keyword value="civil_society" href="http://metadata.un.org/thesaurus/1001012" showAs="civil_society" dictionary="UNBIS Thesaurus"></keyword>
        <keyword value="justice" href="http://metadata.un.org/thesaurus/1003500" showAs="justice" dictionary="UNBIS Thesaurus"></keyword>
        <keyword value="peaceful_coexistence" href="http://metadata.un.org/thesaurus/1004777" showAs="peaceful_coexistence" dictionary="UNBIS Thesaurus"></keyword>
        <keyword value="public_institutions" href="http://metadata.un.org/thesaurus/1005254" showAs="public_institutions" dictionary="UNBIS Thesaurus"></keyword>
        <keyword value="social_justice" href="http://metadata.un.org/thesaurus/1005970" showAs="social_justice" dictionary="UNBIS Thesaurus"></keyword>
        <keyword value="sustainable_development" href="http://metadata.un.org/thesaurus/1006319" showAs="sustainable_development" dictionary="UNBIS Thesaurus"></keyword>
      </classification>
      <workflow source="#un">
        <step date="2019-10-30" outcome="draftResolution" as="A/C.3/74/L.27" by="Albania, Australia, Austria, Belgium, Canada, Croatia, Denmark, Finland, France, Liechtenstein, Lithuania, Luxembourg, Marshall Islands, Monaco, Netherlands, North Macedonia, Norway, Slovenia, Spain, Sweden, United Kingdom of Great Britain and Northern Ireland and United States of America" />
        <step date="0001-01-01" outcome="draftResolutionAdditionalSponsors" by="Andorra, Bulgaria, Cyprus, Czechia, Estonia, Germany, Greece, Iceland, Ireland, Israel, Italy, Latvia, Malta, Micronesia (Federated States of), Palau, Poland, Portugal, Republic of Moldova, Romania, San Marino, Slovakia, Tuvalu and Ukraine" />
        <step date="0001-01-01" outcome="recommendedForAdoption" as="A/74/399/Add.3" by="" refersTo="47" />
        <step date="2019-12-18" outcome="adopted" as="A/74/PV.50" by="" />
      </workflow>
      <analysis source="#un">
        <parliamentary>
          <voting outcome="adoptedRecordedVote">
            <count value="81" refersTo="inFavour">
              <akn4un:voters>
                <organization refersTo="memberState">ALBANIA</organization>
                <organization refersTo="memberState">ANDORRA</organization>
                <organization refersTo="memberState">ARGENTINA</organization>
                <organization refersTo="memberState">AUSTRALIA</organization>
                <organization refersTo="memberState">AUSTRIA</organization>
                <organization refersTo="memberState">BAHAMAS</organization>
                <organization refersTo="memberState">BAHRAIN</organization>
                <organization refersTo="memberState">BARBADOS</organization>
                <organization refersTo="memberState">BELGIUM</organization>
                <organization refersTo="memberState">BOSNIA AND HERZEGOVINA</organization>
                <organization refersTo="memberState">BOTSWANA</organization>
                <organization refersTo="memberState">BULGARIA</organization>
                <organization refersTo="memberState">CANADA</organization>
                <organization refersTo="memberState">CHILE</organization>
                <organization refersTo="memberState">COSTA RICA</organization>
                <organization refersTo="memberState">CROATIA</organization>
                <organization refersTo="memberState">CYPRUS</organization>
                <organization refersTo="memberState">CZECHIA</organization>
                <organization refersTo="memberState">DENMARK</organization>
                <organization refersTo="memberState">DJIBOUTI</organization>
                <organization refersTo="memberState">DOMINICAN REPUBLIC</organization>
                <organization refersTo="memberState">EL SALVADOR</organization>
                <organization refersTo="memberState">ESTONIA</organization>
                <organization refersTo="memberState">FINLAND</organization>
                <organization refersTo="memberState">FRANCE</organization>
                <organization refersTo="memberState">GERMANY</organization>
                <organization refersTo="memberState">GREECE</organization>
                <organization refersTo="memberState">GUATEMALA</organization>
                <organization refersTo="memberState">HAITI</organization>
                <organization refersTo="memberState">HONDURAS</organization>
                <organization refersTo="memberState">HUNGARY</organization>
                <organization refersTo="memberState">ICELAND</organization>
                <organization refersTo="memberState">IRELAND</organization>
                <organization refersTo="memberState">ISRAEL</organization>
                <organization refersTo="memberState">ITALY</organization>
                <organization refersTo="memberState">JAPAN</organization>
                <organization refersTo="memberState">LATVIA</organization>
                <organization refersTo="memberState">LIBERIA</organization>
                <organization refersTo="memberState">LIECHTENSTEIN</organization>
                <organization refersTo="memberState">LITHUANIA</organization>
                <organization refersTo="memberState">LUXEMBOURG</organization>
                <organization refersTo="memberState">MALAWI</organization>
                <organization refersTo="memberState">MALDIVES</organization>
                <organization refersTo="memberState">MALTA</organization>
                <organization refersTo="memberState">MARSHALL ISLANDS</organization>
                <organization refersTo="memberState">MICRONESIA (FEDERATED STATES OF)</organization>
                <organization refersTo="memberState">MONACO</organization>
                <organization refersTo="memberState">MONTENEGRO</organization>
                <organization refersTo="memberState">NETHERLANDS</organization>
                <organization refersTo="memberState">NEW ZEALAND</organization>
                <organization refersTo="memberState">NORTH MACEDONIA</organization>
                <organization refersTo="memberState">NORWAY</organization>
                <organization refersTo="memberState">PALAU</organization>
                <organization refersTo="memberState">PANAMA</organization>
                <organization refersTo="memberState">PARAGUAY</organization>
                <organization refersTo="memberState">PERU</organization>
                <organization refersTo="memberState">POLAND</organization>
                <organization refersTo="memberState">PORTUGAL</organization>
                <organization refersTo="memberState">REPUBLIC OF KOREA</organization>
                <organization refersTo="memberState">REPUBLIC OF MOLDOVA</organization>
                <organization refersTo="memberState">ROMANIA</organization>
                <organization refersTo="memberState">SAINT KITTS AND NEVIS</organization>
                <organization refersTo="memberState">SAINT LUCIA</organization>
                <organization refersTo="memberState">SAMOA</organization>
                <organization refersTo="memberState">SAN MARINO</organization>
                <organization refersTo="memberState">SAUDI ARABIA</organization>
                <organization refersTo="memberState">SEYCHELLES</organization>
                <organization refersTo="memberState">SLOVAKIA</organization>
                <organization refersTo="memberState">SLOVENIA</organization>
                <organization refersTo="memberState">SOLOMON ISLANDS</organization>
                <organization refersTo="memberState">SPAIN</organization>
                <organization refersTo="memberState">SWEDEN</organization>
                <organization refersTo="memberState">SWITZERLAND</organization>
                <organization refersTo="memberState">TIMOR-LESTE</organization>
                <organization refersTo="memberState">TUVALU</organization>
                <organization refersTo="memberState">UKRAINE</organization>
                <organization refersTo="memberState">UNITED ARAB EMIRATES</organization>
                <organization refersTo="memberState">UNITED KINGDOM</organization>
                <organization refersTo="memberState">UNITED STATES</organization>
                <organization refersTo="memberState">VANUATU</organization>
                <organization refersTo="memberState">YEMEN</organization>
              </akn4un:voters>
            </count>
            <count value="30" refersTo="against">
              <akn4un:voters>
                <organization refersTo="memberState">AFGHANISTAN</organization>
                <organization refersTo="memberState">ARMENIA</organization>
                <organization refersTo="memberState">BELARUS</organization>
                <organization refersTo="memberState">BRUNEI DARUSSALAM</organization>
                <organization refersTo="memberState">BURUNDI</organization>
                <organization refersTo="memberState">CAMBODIA</organization>
                <organization refersTo="memberState">CHINA</organization>
                <organization refersTo="memberState">CUBA</organization>
                <organization refersTo="memberState">DEMOCRATIC PEOPLE'S REPUBLIC OF KOREA</organization>
                <organization refersTo="memberState">ERITREA</organization>
                <organization refersTo="memberState">INDIA</organization>
                <organization refersTo="memberState">INDONESIA</organization>
                <organization refersTo="memberState">IRAN (ISLAMIC REPUBLIC OF)</organization>
                <organization refersTo="memberState">IRAQ</organization>
                <organization refersTo="memberState">KAZAKHSTAN</organization>
                <organization refersTo="memberState">KYRGYZSTAN</organization>
                <organization refersTo="memberState">LEBANON</organization>
                <organization refersTo="memberState">NICARAGUA</organization>
                <organization refersTo="memberState">OMAN</organization>
                <organization refersTo="memberState">PAKISTAN</organization>
                <organization refersTo="memberState">PHILIPPINES</organization>
                <organization refersTo="memberState">RUSSIAN FEDERATION</organization>
                <organization refersTo="memberState">SERBIA</organization>
                <organization refersTo="memberState">SYRIAN ARAB REPUBLIC</organization>
                <organization refersTo="memberState">TAJIKISTAN</organization>
                <organization refersTo="memberState">TURKMENISTAN</organization>
                <organization refersTo="memberState">UZBEKISTAN</organization>
                <organization refersTo="memberState">VENEZUELA (BOLIVARIAN REPUBLIC OF)</organization>
                <organization refersTo="memberState">VIET NAM</organization>
                <organization refersTo="memberState">ZIMBABWE</organization>
              </akn4un:voters>
            </count>
            <count value="70" refersTo="abstaining">
              <akn4un:voters>
                <organization refersTo="memberState">ALGERIA</organization>
                <organization refersTo="memberState">ANGOLA</organization>
                <organization refersTo="memberState">BANGLADESH</organization>
                <organization refersTo="memberState">BELIZE</organization>
                <organization refersTo="memberState">BENIN</organization>
                <organization refersTo="memberState">BHUTAN</organization>
                <organization refersTo="memberState">BRAZIL</organization>
                <organization refersTo="memberState">BURKINA FASO</organization>
                <organization refersTo="memberState">CABO VERDE</organization>
                <organization refersTo="memberState">CAMEROON</organization>
                <organization refersTo="memberState">CENTRAL AFRICAN REPUBLIC</organization>
                <organization refersTo="memberState">CHAD</organization>
                <organization refersTo="memberState">COLOMBIA</organization>
                <organization refersTo="memberState">COMOROS</organization>
                <organization refersTo="memberState">CONGO</organization>
                <organization refersTo="memberState">COTE D'IVOIRE</organization>
                <organization refersTo="memberState">ECUADOR</organization>
                <organization refersTo="memberState">EGYPT</organization>
                <organization refersTo="memberState">ETHIOPIA</organization>
                <organization refersTo="memberState">FIJI</organization>
                <organization refersTo="memberState">GABON</organization>
                <organization refersTo="memberState">GAMBIA</organization>
                <organization refersTo="memberState">GHANA</organization>
                <organization refersTo="memberState">GRENADA</organization>
                <organization refersTo="memberState">GUINEA</organization>
                <organization refersTo="memberState">GUINEA-BISSAU</organization>
                <organization refersTo="memberState">GUYANA</organization>
                <organization refersTo="memberState">JAMAICA</organization>
                <organization refersTo="memberState">JORDAN</organization>
                <organization refersTo="memberState">KENYA</organization>
                <organization refersTo="memberState">KIRIBATI</organization>
                <organization refersTo="memberState">KUWAIT</organization>
                <organization refersTo="memberState">LAO PEOPLE'S DEMOCRATIC REPUBLIC</organization>
                <organization refersTo="memberState">LESOTHO</organization>
                <organization refersTo="memberState">LIBYA</organization>
                <organization refersTo="memberState">MALAYSIA</organization>
                <organization refersTo="memberState">MALI</organization>
                <organization refersTo="memberState">MAURITANIA</organization>
                <organization refersTo="memberState">MAURITIUS</organization>
                <organization refersTo="memberState">MEXICO</organization>
                <organization refersTo="memberState">MONGOLIA</organization>
                <organization refersTo="memberState">MOROCCO</organization>
                <organization refersTo="memberState">MOZAMBIQUE</organization>
                <organization refersTo="memberState">NAMIBIA</organization>
                <organization refersTo="memberState">NAURU</organization>
                <organization refersTo="memberState">NEPAL</organization>
                <organization refersTo="memberState">NIGER</organization>
                <organization refersTo="memberState">NIGERIA</organization>
                <organization refersTo="memberState">PAPUA NEW GUINEA</organization>
                <organization refersTo="memberState">QATAR</organization>
                <organization refersTo="memberState">RWANDA</organization>
                <organization refersTo="memberState">SAINT VINCENT AND THE GRENADINES</organization>
                <organization refersTo="memberState">SAO TOME AND PRINCIPE</organization>
                <organization refersTo="memberState">SENEGAL</organization>
                <organization refersTo="memberState">SIERRA LEONE</organization>
                <organization refersTo="memberState">SINGAPORE</organization>
                <organization refersTo="memberState">SOMALIA</organization>
                <organization refersTo="memberState">SOUTH AFRICA</organization>
                <organization refersTo="memberState">SRI LANKA</organization>
                <organization refersTo="memberState">SUDAN</organization>
                <organization refersTo="memberState">SURINAME</organization>
                <organization refersTo="memberState">THAILAND</organization>
                <organization refersTo="memberState">TOGO</organization>
                <organization refersTo="memberState">TONGA</organization>
                <organization refersTo="memberState">TRINIDAD AND TOBAGO</organization>
                <organization refersTo="memberState">TUNISIA</organization>
                <organization refersTo="memberState">UGANDA</organization>
                <organization refersTo="memberState">UNITED REPUBLIC OF TANZANIA</organization>
                <organization refersTo="memberState">URUGUAY</organization>
                <organization refersTo="memberState">ZAMBIA</organization>
              </akn4un:voters>
            </count>
          </voting>
        </parliamentary>
      </analysis>
      <references source="#DGACM">
        <TLCOrganization eId="source" href="/akn/ontology/organization/un/DGACM" showAs="DGACM"></TLCOrganization>
        <TLCConcept eId="dateOfIssuance" href="/akn/ontology/concept/un/dateOfIssuance" showAs="Date of issuance"></TLCConcept>
        <TLCConcept eId="dateOfAdoption" href="/akn/ontology/concept/un/dateOfAdoption" showAs="Date of adoption"></TLCConcept>
        <TLCConcept eId="symbol" href="/akn/ontology/reference/un/symbol" showAs="Symbol"></TLCConcept>
        <TLCRole eId="publisher" href="/akn/ontology/role/un/publisher" showAs="Publisher"></TLCRole>
        <TLCRole eId="issuingBody" href="/akn/role/concept/un/issuingBody" showAs="Issuing body"></TLCRole>
        <TLCRole eId="author" href="/akn/ontology/role/un/author" showAs="Author"></TLCRole>
        <TLCRole eId="editor" href="/akn/ontology/role/un/editor" showAs="Editor"></TLCRole>
        <TLCRole eId="distribution" href="/akn/ontology/concept/un/generalDistribution" showAs="General distribution"></TLCRole>
        <TLCOrganization eId="ga" href="/akn/ontology/organization/un/generalAssembly" showAs="General Assembly"></TLCOrganization>
        <TLCTerm eId="resolutionTitle" href="/akn/ontology/reference/un/resolutionTitle" showAs="Resolution title"></TLCTerm>
        <TLCTerm eId="thirdCommittee" href="#thirdCommittee" showAs="Третий комитет"></TLCTerm>
        <TLCTerm eId="memberState" href="/akn/ontology/organization/un/memberState" showAs="Member State"></TLCTerm>
        <TLCTerm eId="inFavour" href="/akn/ontology/concept/un/voting/inFavour" showAs="In favour"></TLCTerm>
        <TLCTerm eId="against" href="/akn/ontology/concept/un/voting/against" showAs="Against"></TLCTerm>
        <TLCTerm eId="abstaining" href="/akn/ontology/concept/un/voting/abstaining" showAs="Abstaining"></TLCTerm>
      </references>
      <presentation source="#un">
        <akn4un:footerFirstPage>
          <akn4un:footerFirstPageLeft>
            <akn4un:internalCode>
              <docketNumber refersTo="#publicationJobNumber">19-22299 (R)</docketNumber>
              <img alt="bar code" class="barCode" src=""></img>
            </akn4un:internalCode>
          </akn4un:footerFirstPageLeft>
          <akn4un:footerFirstPageRight>
            <img alt="Please recycle" class="image" src="./recylcleLogo.jpg"></img>
            <img alt="embedded QR code" class="qrCode" src=""></img>
          </akn4un:footerFirstPageRight>
        </akn4un:footerFirstPage>
      </presentation>
    </meta>
    <coverPage eId="coverPage_1">
      <p>
        <span refersTo="#publisher" class="upperLeft">
          <docAuthority refersTo="#publisher">Организация Объединенных Наций</docAuthority>
        </span>
      </p>
      <p class="upperRight">
        <docNumber refersTo="#symbol">A/RES/74/167</docNumber>
      </p>
      <p class="upperLeft">
        <img src="logo-un.jpg"></img>
        <docAuthority refersTo="#issuingBody" class="rightBig">Генеральная Ассамблея</docAuthority>
      </p>
      <p>
        <docStatus refersTo="#generalDistribution" class="rightSmall">Distr.: General</docStatus>
      </p>
      <p>
        <docDate date="2020-01-21" class="rightSmall" refersTo="#dateOfIssuance">21 January 2020</docDate>
      </p>
      <p>
        <session refersTo="#generalAssembly" value="74" eId="coverPage_1__session_1">Семьдесят четвертая сессия</session>
      </p>
      <p>
        <inline name="agenda item">Пункт 70 c) повестки дня</inline>
      </p>
      <p>
        <inline name="agenda item name">Поощрение и защита прав человека: положение в области прав человека и доклады специальных докладчиков и представителей</inline>
      </p>
      <p>
        <docTitle>Резолюция, принятая Генеральной Ассамблеей 18 декабря 2019 года</docTitle>
      </p>
      <p xml:space="preserve">
        <docProponent refersTo="#thirdCommittee">[по докладу Третьего комитета (<inline name="originating document">A/74/399/Add.3</inline>)]</docProponent>
      </p>
    </coverPage>
    <preface>
      <p>
        <docNumber>74/167.</docNumber>
        <docTitle refersTo="#resolutionTitle">Положение в области прав человека в Исламской Республике Иран</docTitle>
      </p>
    </preface>
    <preamble>
      <formula name="enactingFormula" eId="formula_1">
        <p xml:space="preserve">
          <span class="italic">Генеральная Ассамблея</span>,</p>
      </formula>
      <container name="руководствуясь " eId="container_2">
        <p xml:space="preserve">
          <span class="italic">руководствуясь </span>Уставом Организации Объединенных Наций, а также Всеобщей декларацией прав человека<authorialNote marker="1" placement="bottom" eId="authorialNote_1"><p xml:space="preserve">		Резолюция <a href="https://undocs.org/ru/A/RES/217(III)">217 A (III)</a>.</p></authorialNote>, Международными пактами о правах человека<authorialNote marker="2" placement="bottom" eId="authorialNote_2"><p xml:space="preserve">		Резолюция <a href="https://undocs.org/ru/A/RES/2200(XXI)">2200 A (XXI)</a>, приложение.</p></authorialNote> и другими международными документами по правам человека, </p>
      </container>
      <container name="ссылаясь " eId="container_3">
        <p xml:space="preserve">
          <span class="italic">ссылаясь </span>на свои предыдущие резолюции о положении в области прав человека в Исламской Республике Иран, последней из которых является резолюция <a href="https://undocs.org/ru/A/RES/73/181">73/181</a> от 17 декабря 2018 года, </p>
      </container>
    </preamble>
    <mainBody>
      <paragraph eId="para_4" class="MercuryDocument">
        <num>	1.</num>
        <content eId="para_4__content">
          <p xml:space="preserve">
            <span class="italic">принимает к сведению</span> доклад Генерального секретаря, представленный во исполнение резолюции <a href="https://undocs.org/ru/A/RES/73/181">73/181</a><authorialNote marker="3" placement="bottom" eId="authorialNote_3"><p xml:space="preserve"><a href="https://undocs.org/ru/A/74/273">A/74/273</a>.</p></authorialNote>, и доклад Специального докладчика Совета по правам человека по вопросу о положении в области прав человека в Исламской Республике Иран<authorialNote marker="4" placement="bottom" eId="authorialNote_4"><p xml:space="preserve"><a href="https://undocs.org/ru/A/74/188">A/74/188</a>.</p></authorialNote>, представленный во исполнение резолюции <a href="https://undocs.org/ru/a/hrc/res/40/18">40/18</a> Совета от 22 марта 2019 года<authorialNote marker="5" placement="bottom" eId="authorialNote_5"><p xml:space="preserve">		См. <span class="italic">Официальные отчеты Генеральной Ассамблеи, семьдесят четвертая сессия, Дополнение № 53 </span>(<a href="https://undocs.org/ru/A/74/53">A/74/53</a>), гл. IV, разд. А.</p></authorialNote>;</p>
        </content>
      </paragraph>
      <paragraph eId="para_5" class="MercuryDocument">
        <num>	2.</num>
        <content eId="para_5__content">
          <p xml:space="preserve">
            <span class="italic">напоминает </span>об обещаниях, данных президентом Исламской Республики Иран в отношении улучшения ситуации с правами человека в этой стране;</p>
        </content>
      </paragraph>
      <paragraph eId="para_6" class="MercuryDocument">
        <num>	3.</num>
        <content eId="para_6__content">
          <p xml:space="preserve">
            <span class="italic">отмечает </span>значительное сокращение числа казней в 2018 году, вызванное прежде всего уменьшением числа казней за преступления, связанные с наркотиками, после принятых в октябре 2017 года поправок к Закону о борьбе с наркотиками;</p>
        </content>
      </paragraph>
      <paragraph eId="para_7" class="MercuryDocument">
        <num>	4.</num>
        <content eId="para_7__content">
          <p xml:space="preserve">
            <span class="italic">с удовлетворением отмечает</span> утверждение в мае 2018 года парламентом Исламской Республики Иран Закона о защите прав инвалидов и последующие обсуждения о его осуществлении и настоятельно призывает власти добиваться совместно с гражданским обществом того, чтобы на его осуществление и мониторинг выделялись достаточные государственные средства;</p>
        </content>
      </paragraph>
      <paragraph eId="para_8" class="MercuryDocument">
        <num>	5.</num>
        <content eId="para_8__content">
          <p xml:space="preserve">
            <span class="italic">с удовлетворением отмечает также</span> продолжающиеся усилия Исламской Республики Иран по приему у себя большого числа афганцев, включая приблизительно один миллион зарегистрированных беженцев, и обеспечению им доступа к основным услугам, в частности к услугам, связанным с охраной здоровья и получением образования детьми;</p>
        </content>
      </paragraph>
      <paragraph eId="para_9" class="MercuryDocument">
        <num>	6.</num>
        <content eId="para_9__content">
          <p xml:space="preserve">
            <span class="italic">с удовлетворением отмечает далее </span>обязательства, взятые на себя иранскими властями в отношении улучшения положения женщин, и отмечает продолжающееся обсуждение всеобъемлющего законопроекта об обеспечении защиты женщин от насилия и ратификацию поправки к Закону о гражданстве, которая дает иранским женщинам, состоящим в браке с мужчинами, имеющими иностранное гражданство, право просить иранское гражданство для своих детей в возрасте до 18 лет; </p>
        </content>
      </paragraph>
      <paragraph eId="para_10" class="MercuryDocument">
        <num>	7.</num>
        <content eId="para_10__content">
          <p xml:space="preserve">
            <span class="italic">с удовлетворением отмечает</span> взаимодействие Исламской Республики Иран с договорными органами по правам человека, в том числе посредством представления периодических докладов, и особенно отмечает взаимодействие правительства Исламской Республики Иран с Управлением Верховного комиссара Организации Объединенных Наций по правам человека, Комитетом по правам ребенка и Комитетом по правам инвалидов и его участие в процессе универсального периодического обзора; </p>
        </content>
      </paragraph>
      <paragraph eId="para_11" class="MercuryDocument">
        <num>	8.</num>
        <content eId="para_11__content">
          <p xml:space="preserve">
            <span class="italic">с удовлетворением отмечает также</span> постоянные контакты и диалог между Исламской Республикой Иран и Специальным докладчиком по вопросу о положении в области прав человека в Исламской Республике Иран, а также приглашения, направленные другим мандатариям специальных процедур; </p>
        </content>
      </paragraph>
      <paragraph eId="para_12" class="MercuryDocument">
        <num>	9.</num>
        <content eId="para_12__content">
          <p xml:space="preserve">
            <span class="italic">с удовлетворением отмечает далее</span> выраженную должностными лицами иранского Высокого совета по правам человека и другими иранскими должностными лицами готовность к участию в двусторонних диалогах по правам человека и призывает их активизировать такие диалоги или возобновить диалоги, которые были приостановлены; </p>
        </content>
      </paragraph>
      <paragraph eId="para_13" class="MercuryDocument">
        <num>	10.</num>
        <content eId="para_13__content">
          <p xml:space="preserve">
            <span class="italic">выражает серьезную обеспокоенность</span> — несмотря на отмеченное выше сокращение числа казней, особенно за преступления, связанные с наркотиками, — в связи с тревожно высокой частотностью вынесения и приведения в исполнение смертных приговоров в Исламской Республике Иран в нарушение ее международных обязательств, в том числе смертных казней, приводимых в исполнение на основании полученных под принуждением признательных показаний или за преступления, которые не относятся к категории наиболее тяжких, включая слишком широкие по своему составу или нечетко определяемые преступления, в нарушение Международного пакта о гражданских и политических правах<sup>2</sup>, выражает обеспокоенность в связи с продолжающимся игнорированием международно признанных гарантий, в том числе в связи со смертными казнями, приводимыми в исполнение без уведомления членов семьи или адвокатов заключенного, и призывает правительство Исламской Республики Иран отменить де‑юре и де‑факто публичные казни, которые противоречат директиве 2008 года, изданной прежним главой судебной власти с целью положить конец этой практике; </p>
        </content>
      </paragraph>
      <paragraph eId="para_14" class="MercuryDocument">
        <num>	11.</num>
        <content eId="para_14__content">
          <p xml:space="preserve">
            <span class="italic">выражает также серьезную обеспокоенность</span> по поводу того, что Исламская Республика Иран продолжает выносить смертные приговоры несовершеннолетним, и настоятельно призывает ее прекратить применение смертной казни в отношении несовершеннолетних (включая лиц, не достигших на момент совершения ими преступления 18‑летнего возраста), которое представляет собой нарушение Конвенции о правах ребенка<authorialNote marker="6" placement="bottom" eId="authorialNote_6"><p xml:space="preserve">		United Nations, <span class="italic">Treaty Series</span>, vol. 1577, No. 27531.</p></authorialNote>, и смягчить приговоры детям-правонарушителям, приговоренным к смертной казни;</p>
        </content>
      </paragraph>
      <paragraph eId="para_15" class="MercuryDocument">
        <num>	12.</num>
        <content eId="para_15__content">
          <p xml:space="preserve">
            <span class="italic">призывает </span>Исламскую Республику Иран обеспечить де‑юре и де‑факто — в соответствии с поправками к Уголовному кодексу, конституционными гарантиями Исламской Республики Иран и международными обязательствами и стандартами, включая, в частности, Минимальные стандартные правила Организации Объединенных Наций в отношении обращения с заключенными (Правила Нельсона Манделы)<authorialNote marker="7" placement="bottom" eId="authorialNote_7"><p xml:space="preserve">		Резолюция <a href="https://undocs.org/ru/A/RES/70/175">70/175</a>, приложение.</p></authorialNote>, — чтобы никто не подвергался пыткам или другим жестоким, бесчеловечным или унижающим достоинство видам обращения и наказания, которые могут включать акты сексуального насилия, и наказаниям, крайне несоразмерным характеру преступления; </p>
        </content>
      </paragraph>
      <paragraph eId="para_16" class="MercuryDocument">
        <num>	13.</num>
        <content eId="para_16__content">
          <p xml:space="preserve">
            <span class="italic">настоятельно призывает</span> Исламскую Республику Иран положить конец широко распространенной и систематической практике произвольных арестов и задержаний, включая применение этой практики в отношении лиц, имеющих двойное гражданство, и иностранных граждан, освободить лиц, подвергшихся произвольному задержанию, и поддерживать де‑юре и де‑факто соблюдение процессуальных гарантий, обеспечивающих стандарты справедливого судебного разбирательства, включая своевременный доступ к адвокату по своему выбору с момента ареста и на всех этапах судебного разбирательства и апелляционного обжалования, право не подвергаться пыткам, жестоким, бесчеловечным или унижающим достоинство видам обращения и наказания и рассмотрение возможности освобождения из предварительного заключения под залог или на иных разумных условиях, и призывает Исламскую Республику Иран обеспечивать выполнение своих обязательств по статье 36 Венской конвенции о консульских сношениях<authorialNote marker="8" placement="bottom" eId="authorialNote_8"><p xml:space="preserve">		United Nations, <span class="italic">Treaty Series</span>, vol. 596, No. 8638.</p></authorialNote> в том, что касается сношений с гражданами представляемого государства, которые находятся в тюрьме, под стражей или задержаны, и доступа к ним; </p>
        </content>
      </paragraph>
      <paragraph eId="para_17" class="MercuryDocument">
        <num>	14.</num>
        <content eId="para_17__content">
          <p xml:space="preserve">
            <span class="italic">призывает </span>Исламскую Республику Иран освободить лиц, задержанных за осуществление своих прав человека и основных свобод, в том числе задержанных сугубо за участие в мирных протестах, рассмотреть возможность отмены неоправданно суровых приговоров, включая смертные приговоры и приговоры к длительной внутренней ссылке, и положить конец репрессиям в отношении физических лиц, в том числе за сотрудничество или попытку сотрудничества с правозащитными механизмами Организации Объединенных Наций; </p>
        </content>
      </paragraph>
      <paragraph eId="para_18" class="MercuryDocument">
        <num>	15.</num>
        <content eId="para_18__content">
          <p xml:space="preserve">
            <span class="italic">призывает также</span> Исламскую Республику Иран рассмотреть проблему неудовлетворительных условий содержания в тюрьмах, прекратить практику умышленного лишения заключенных доступа к надлежащей медицинской помощи, подвергающую их жизнь опасности, и положить конец продолжающемуся постоянному содержанию под домашним арестом ведущих деятелей оппозиции периода президентских выборов 2009 года, несмотря на наличие серьезных оснований для беспокойства по поводу состояния их здоровья, и практике оказания давления на их родных и иждивенцев, в том числе путем их ареста, и призывает Исламскую Республику Иран учредить пользующиеся доверием независимые органы по надзору за тюрьмами для расследования жалоб о злоупотреблениях;</p>
        </content>
      </paragraph>
      <paragraph eId="para_19" class="MercuryDocument">
        <num>	16.</num>
        <content eId="para_19__content">
          <p xml:space="preserve">
            <span class="italic">призывает далее </span>Исламскую Республику Иран, в том числе органы судебной власти и безопасности, создавать и поддерживать де‑юре и де‑факто безопасные и благоприятные условия, в которых независимое, разнообразное и плюралистическое гражданское общество может действовать без каких-либо помех и угроз для безопасности, и настоятельно призывает Исламскую Республику Иран положить конец повсеместным и серьезным ограничениям де‑юре и де‑факто права на свободу выражения мнений и убеждений, в том числе в цифровом контексте, и прав на свободу ассоциации и мирных собраний и прекратить — где бы они ни совершались — притеснение, запугивание и преследование политических оппонентов, правозащитников, борцов за права женщин и меньшинств, лидеров рабочего движения и профсоюзных активистов, защитников прав учащихся, защитников окружающей среды, представителей научных кругов, кинематографистов, журналистов, блогеров, пользователей и сетевых администраторов социальных сетей, работников средств массовой информации, религиозных лидеров, деятелей искусств, юристов, в том числе юристов-правозащитников, и членов их семей, а также лиц, принадлежащих к признанным и непризнанным религиозным меньшинствам, и членов их семей; </p>
        </content>
      </paragraph>
      <paragraph eId="para_20" class="MercuryDocument">
        <num>	17.</num>
        <content eId="para_20__content">
          <p xml:space="preserve">
            <span class="italic">самым настоятельным образом призывает</span> Исламскую Республику Иран искоренить де‑юре и де‑факто все формы дискриминации и другие нарушения прав человека в отношении женщин и девочек, принимать меры для обеспечения защиты женщин и девочек от насилия, их равной защиты и равного доступа к правосудию, бороться с вызывающей беспокойство практикой детских, ранних и принудительных браков, как это рекомендовано Комитетом по правам ребенка, поощрять, поддерживать и облегчать участие женщин в работе руководящих органов и процессах принятия решений, а также — при признании того, что доля женщин среди учащихся учебных заведений всех уровней в Исламской Республике Иран велика, — отменить ограничения, препятствующие равному доступу женщин к образованию во всех его аспектах и равноправию женщин на рынке труда и во всех аспектах экономической, культурной, социальной и политической жизни, включая участие в спортивных мероприятиях и присутствие на них; </p>
        </content>
      </paragraph>
      <paragraph eId="para_21" class="MercuryDocument">
        <num>	18.</num>
        <content eId="para_21__content">
          <p xml:space="preserve">
            <span class="italic">призывает </span>Исламскую Республику Иран освободить правозащитниц, заключенных в тюрьму за осуществление своих прав, включая права на свободу ассоциации и мирных собраний и право на свободу выражения мнений и убеждений, и принимать надлежащие, решительные и практические меры для защиты правозащитниц и гарантировать им полное осуществление всех их прав человека;</p>
        </content>
      </paragraph>
      <paragraph eId="para_22" class="MercuryDocument">
        <num>	19.</num>
        <content eId="para_22__content">
          <p xml:space="preserve">
            <span class="italic">призывает также</span> Исламскую Республику Иран искоренить де‑юре и де‑факто все виды дискриминации в отношении лиц, принадлежащих к этническим, языковым или иным меньшинствам, включая, в частности, арабов, азербайджанцев, белуджей, курдов и туркменов, и в отношении их защитников, а также другие нарушения их прав человека; </p>
        </content>
      </paragraph>
      <paragraph eId="para_23" class="MercuryDocument">
        <num>	20.</num>
        <content eId="para_23__content">
          <p xml:space="preserve">
            <span class="italic">выражает серьезную обеспокоенность</span> по поводу по‑прежнему имеющих место серьезных ущемлений и ограничений права на свободу мысли, совести, религии и убеждений, а также по поводу ограничений на устройство мест отправления культа, неправомерных ограничений на захоронения, совершаемые в соответствии с религиозными догмами, нападений на места отправления культа и захоронения и других нарушений прав человека, включая, в частности, притеснения, запугивание, преследование, произвольные аресты и задержания и разжигание ненависти, которое ведет к насилию в отношении лиц, принадлежащих к признанным и непризнанным религиозным меньшинствам, включая христиан, «дервишей Гонабади», иудеев, мусульман-суфиев, мусульман-суннитов, приверженцев ярсанизма, зороастрийцев и последователей бехаизма и их защитников в Исламской Республике Иран, и призывает правительство Исламской Республики Иран прекратить контроль за людьми по признаку их религиозной принадлежности, освободить всех священнослужителей, заключенных в тюрьму за их принадлежность к той или иной признанной или непризнанной группе религиозного меньшинства или деятельность от ее имени, и обеспечивать, чтобы каждый человек имел право на свободу мысли, совести и религии, включая свободу иметь или принимать религию или убеждения по своему выбору, в соответствии с ее обязательствами по Международному пакту о гражданских и политических правах; </p>
        </content>
      </paragraph>
      <paragraph eId="para_24" class="MercuryDocument">
        <num>	21.</num>
        <content eId="para_24__content">
          <p xml:space="preserve">
            <span class="italic">призывает </span>Исламскую Республику Иран искоренить де-юре и де-факто все формы дискриминации по мотивам мысли, совести, религии или убеждений, включая экономические ограничения, такие как закрытие или конфискация предприятий и имущества, отмена лицензий и лишение права на трудоустройство в некоторых государственных и частных секторах, в том числе права занимать должности на государственной или военной службе и выборные должности, отказ и ограничения в доступе к образованию, и другие нарушения прав человека в отношении лиц, принадлежащих к признанным и непризнанным религиозным меньшинствам, и положить конец безнаказанности тех, кто совершает преступления в отношении лиц, принадлежащих к признанным и непризнанным религиозным меньшинствам; </p>
        </content>
      </paragraph>
      <paragraph eId="para_25" class="MercuryDocument">
        <num>	22.</num>
        <content eId="para_25__content">
          <p xml:space="preserve">
            <span class="italic">призывает также </span>Исламскую Республику Иран начать всеобъемлющий процесс привлечения виновных к ответственности в связи со всеми случаями серьезных нарушений прав человека, включая обвинения в чрезмерном применении силы к мирным протестующим и случаи подозрительной смерти людей во время содержания под стражей, а также нарушения, к которым причастны иранские судебные органы и службы безопасности, и призывает правительство Исламской Республики Иран положить конец безнаказанности за такие нарушения;</p>
        </content>
      </paragraph>
      <paragraph eId="para_26" class="MercuryDocument">
        <num>	23.</num>
        <content eId="para_26__content">
          <p xml:space="preserve">
            <span class="italic">призывает далее</span> Исламскую Республику Иран выполнять свои обязательства по тем договорам по правам человека, в которых она уже участвует, снять любые сделанные ею оговорки, если таковые носят расплывчатый характер или могут быть расценены как несовместимые с объектом и целью договора, отреагировать на заключительные замечания в отношении Исламской Республики Иран, утвержденные органами тех международных договоров по правам человека, в которых она участвует, и рассмотреть вопрос о ратификации международных договоров по правам человека, в которых она еще не участвует, или о присоединении к ним; </p>
        </content>
      </paragraph>
      <paragraph eId="para_27" class="MercuryDocument">
        <num>	24.</num>
        <content eId="para_27__content">
          <p xml:space="preserve">
            <span class="italic">призывает </span>Исламскую Республику Иран углублять взаимодействие с международными правозащитными механизмами на основе: </p>
        </content>
      </paragraph>
      <paragraph eId="para_28" class="MercuryDocument">
        <content eId="para_28__content">
          <p xml:space="preserve">	а)	всестороннего сотрудничества со Специальным докладчиком по вопросу о положении в области прав человека в Исламской Республике Иран, в частности посредством удовлетворения неоднократных просьб Специального докладчика о посещении страны для выполнения возложенного на него мандата; </p>
        </content>
      </paragraph>
      <paragraph eId="para_29" class="MercuryDocument">
        <content eId="para_29__content">
          <p xml:space="preserve">	b)	расширения сотрудничества с другими специальными механизмами, в том числе путем содействия удовлетворению, без выдвижения необоснованных условий, давних просьб о посещении страны мандатариями тематических специальных процедур, которым ограничивают доступ на ее территорию или отказывают в нем, несмотря на наличие постоянного приглашения от Исламской Республики Иран; </p>
        </content>
      </paragraph>
      <paragraph eId="para_30" class="MercuryDocument">
        <content eId="para_30__content">
          <p xml:space="preserve">	c)	продолжающегося усиления своего сотрудничества с договорными органами, в том числе путем подачи просроченных докладов, предусматриваемых Международным пактом о гражданских и политических правах, Международной конвенцией о ликвидации всех форм расовой дискриминации<authorialNote marker="9" placement="bottom" eId="authorialNote_9"><p xml:space="preserve">		Ibid., vol. 660, No. 9464.</p></authorialNote> и Международным пактом об экономических, социальных и культурных правах<sup>2</sup>;</p>
        </content>
      </paragraph>
      <paragraph eId="para_31" class="MercuryDocument">
        <content eId="para_31__content">
          <p xml:space="preserve">	d)	выполнения всех рекомендаций по итогам универсального периодического обзора, которые были вынесены в ходе его первого цикла в 2010 году, его второго цикла в 2014 году и его третьего цикла в 2019 году и с которыми она согласилась, при полном и реальном участии независимого гражданского общества и других заинтересованных сторон в процессе их выполнения; </p>
        </content>
      </paragraph>
      <paragraph eId="para_32" class="MercuryDocument">
        <content eId="para_32__content">
          <p xml:space="preserve">	e)	повышения вовлеченности Исламской Республики Иран в процесс универсального периодического обзора путем дальнейшего изыскания путей сотрудничества с Организацией Объединенных Наций, в том числе Управлением Верховного комиссара Организации Объединенных Наций по правам человека, в вопросах, касающихся прав человека и реформирования системы правосудия; </p>
        </content>
      </paragraph>
      <paragraph eId="para_33" class="MercuryDocument">
        <content eId="para_33__content">
          <p xml:space="preserve">	f)	принятия мер для выполнения своего обязательства создать независимое национальное учреждение по правам человека, взятого в контексте проведения Советом по правам человека первого и второго универсальных периодических обзоров, с должным учетом рекомендации Комитета по экономическим, социальным и культурным правам; </p>
        </content>
      </paragraph>
      <paragraph eId="para_34" class="MercuryDocument">
        <num>	25.</num>
        <content eId="para_34__content">
          <p xml:space="preserve">
            <span class="italic">призывает также</span> Исламскую Республику Иран продолжать воплощать обещания, данные президентом Исламской Республики Иран в отношении вызывающих обеспокоенность вопросов, касающихся прав человека, в конкретные меры, которые как можно скорее привели бы к заметным улучшениям, и обеспечить, чтобы законы страны соответствовали ее обязательствам по международному праву прав человека и осуществлялись в соответствии с ее международными обязательствами; </p>
        </content>
      </paragraph>
      <paragraph eId="para_35" class="MercuryDocument">
        <num>	26.</num>
        <content eId="para_35__content">
          <p xml:space="preserve">
            <span class="italic">призывает далее</span> Исламскую Республику Иран принимать меры в связи с вызывающими обеспокоенность существенными проблемами, особо отмеченными в докладах Генерального секретаря и Специального докладчика по вопросу о положении в области прав человека в Исламской Республике Иран, а также в связи с конкретными призывами к действиям, содержащимися в предыдущих резолюциях Генеральной Ассамблеи, и в полной мере соблюдать де‑юре и де‑факто свои обязательства в области прав человека; </p>
        </content>
      </paragraph>
      <paragraph eId="para_36" class="MercuryDocument">
        <num>	27.</num>
        <content eId="para_36__content">
          <p xml:space="preserve">
            <span class="italic">самым настоятельным образом призывает </span>соответствующих мандатариев тематических специальных процедур уделять особое внимание положению в области прав человека в Исламской Республике Иран в целях его изучения и освещения; </p>
        </content>
      </paragraph>
      <paragraph eId="para_37" class="MercuryDocument">
        <num>	28.</num>
        <content eId="para_37__content">
          <p xml:space="preserve">
            <span class="italic">просит </span>Генерального секретаря представить Генеральной Ассамблее на ее семьдесят пятой сессии доклад о ходе осуществления настоящей резолюции, который включал бы варианты и рекомендации, позволяющие улучшить ее осуществление, и представить промежуточный доклад Совету по правам человека на его сорок третьей сессии; </p>
        </content>
      </paragraph>
      <paragraph eId="para_38" class="MercuryDocument">
        <num>	29.</num>
        <content eId="para_38__content">
          <p xml:space="preserve">
            <span class="italic">постановляет </span>продолжить рассмотрение положения в области прав человека в Исламской Республике Иран на своей семьдесят пятой сессии по пункту, озаглавленному «Поощрение и защита прав человека».</p>
        </content>
      </paragraph>
    </mainBody>
    <conclusions eId="conclusions">
      <p>
        <inline name="adoptionMeeting" title="50-e">50-e пленарное заседание</inline>
        <eol />
        <docDate date="2019-12-18" refersTo="#adoptionDate">18 декабря 2019 года</docDate>
      </p>
    </conclusions>
  </statement>
</akomaNtoso>