<akomaNtoso xmlns:xsi="http://www.w3.org/2001/XMLSchema-instance" xsi:schemaLocation="http://docs.oasis-open.org/legaldocml/ns/akn/3.0 http://docs.oasis-open.org/legaldocml/akn-core/v1.0/os/part2-specs/schemas/akomantoso30.xsd" xmlns="http://docs.oasis-open.org/legaldocml/ns/akn/3.0" xmlns:html="http://www.w3.org/1999/xhtml" xmlns:akn4un="http://un.org/akn4un">
  <statement name="resolution">
    <meta>
      <identification source="#DGACM">
        <FRBRWork>
          <FRBRthis value="/akn/un/statement/deliberation/unga/2019-12-18/74-153/!main/"></FRBRthis>
          <FRBRuri value="/akn/un/statement/deliberation/unga/2019-12-18/74-153/"></FRBRuri>
          <FRBRdate date="2019-12-18" name="adoption"></FRBRdate>
          <FRBRauthor href="ga" as="author"></FRBRauthor>
          <FRBRcountry value="un"></FRBRcountry>
        </FRBRWork>
        <FRBRExpression>
          <FRBRthis value="/akn/un/statement/deliberation/unga/2019-12-18/74-153/rus@!main/"></FRBRthis>
          <FRBRuri value="/akn/un/statement/deliberation/unga/2019-12-18/74-153/rus@/"></FRBRuri>
          <FRBRdate date="2020-01-21" name="publication"></FRBRdate>
          <FRBRauthor href="ga" as="issuer"></FRBRauthor>
          <FRBRlanguage language="rus"></FRBRlanguage>
        </FRBRExpression>
        <FRBRManifestation>
          <FRBRthis value="/akn/un/statement/deliberation/unga/2019-12-18/74-153/rus@/!main.xml"></FRBRthis>
          <FRBRuri value="/akn/un/statement/deliberation/unga/2019-12-18/74-153/rus@.xml"></FRBRuri>
          <FRBRdate date="2020-08-29" name="markup"></FRBRdate>
          <FRBRauthor href="DGACM" as="editor"></FRBRauthor>
        </FRBRManifestation>
      </identification>
      <classification source="http://metadata.un.org/sdg">
        <keyword value="16" href="http://metadata.un.org/sdg/16" showAs="sdg_16" dictionary="SDGO"></keyword>
        <keyword value="right_to_justice" href="http://eurovoc.europa.eu/516" showAs="right_to_justice" dictionary="EuroVoc"></keyword>
        <keyword value="sustainable_development" href="http://eurovoc.europa.eu/5585" showAs="sustainable_development" dictionary="EuroVoc"></keyword>
        <keyword value="civil_society" href="http://metadata.un.org/thesaurus/1001012" showAs="civil_society" dictionary="UNBIS Thesaurus"></keyword>
        <keyword value="justice" href="http://metadata.un.org/thesaurus/1003500" showAs="justice" dictionary="UNBIS Thesaurus"></keyword>
        <keyword value="peaceful_coexistence" href="http://metadata.un.org/thesaurus/1004777" showAs="peaceful_coexistence" dictionary="UNBIS Thesaurus"></keyword>
        <keyword value="public_institutions" href="http://metadata.un.org/thesaurus/1005254" showAs="public_institutions" dictionary="UNBIS Thesaurus"></keyword>
        <keyword value="social_justice" href="http://metadata.un.org/thesaurus/1005970" showAs="social_justice" dictionary="UNBIS Thesaurus"></keyword>
        <keyword value="sustainable_development" href="http://metadata.un.org/thesaurus/1006319" showAs="sustainable_development" dictionary="UNBIS Thesaurus"></keyword>
      </classification>
      <classification source="http://metadata.un.org/sdg">
        <keyword value="17" href="http://metadata.un.org/sdg/17" showAs="sdg_17" dictionary="SDGO"></keyword>
        <keyword value="sustainable_development" href="http://eurovoc.europa.eu/5585" showAs="sustainable_development" dictionary="EuroVoc"></keyword>
        <keyword value="partnership" href="http://eurovoc.europa.eu/4199" showAs="partnership" dictionary="EuroVoc"></keyword>
        <keyword value="sustainable_development" href="http://metadata.un.org/thesaurus/1006319" showAs="sustainable_development" dictionary="UNBIS Thesaurus"></keyword>
        <keyword value="partnership" href="http://metadata.un.org/thesaurus/1004748" showAs="partnership" dictionary="UNBIS Thesaurus"></keyword>
      </classification>
      <classification source="http://metadata.un.org/sdg">
        <keyword value="16.a" href="http://metadata.un.org/sdg/16.a" showAs="sdg_16.a" dictionary="SDGO"></keyword>
      </classification>
      <workflow source="#un">
        <step date="2019-10-30" outcome="draftResolution" as="A/C.3/74/L.41" by="Cuba (on behalf of the States Members of the United Nations that are members of the Movement of Non-Aligned Countries)" />
        <step date="0001-01-01" outcome="draftResolutionAdditionalSponsors" by="China, El  Salvador, Palau and Russian Federation" />
        <step date="0001-01-01" outcome="recommendedForAdoption" as="A/74/399/Add.2" by="" refersTo="90" />
        <step date="2019-12-18" outcome="adopted" as="A/74/PV.50" by="" />
      </workflow>
      <analysis source="#un">
        <parliamentary>
          <voting outcome="adoptedWithoutVote">
            <quorum value=""></quorum>
          </voting>
        </parliamentary>
      </analysis>
      <references source="#DGACM">
        <TLCOrganization eId="source" href="/akn/ontology/organization/un/DGACM" showAs="DGACM"></TLCOrganization>
        <TLCConcept eId="dateOfIssuance" href="/akn/ontology/concept/un/dateOfIssuance" showAs="Date of issuance"></TLCConcept>
        <TLCConcept eId="dateOfAdoption" href="/akn/ontology/concept/un/dateOfAdoption" showAs="Date of adoption"></TLCConcept>
        <TLCConcept eId="symbol" href="/akn/ontology/reference/un/symbol" showAs="Symbol"></TLCConcept>
        <TLCRole eId="publisher" href="/akn/ontology/role/un/publisher" showAs="Publisher"></TLCRole>
        <TLCRole eId="issuingBody" href="/akn/role/concept/un/issuingBody" showAs="Issuing body"></TLCRole>
        <TLCRole eId="author" href="/akn/ontology/role/un/author" showAs="Author"></TLCRole>
        <TLCRole eId="editor" href="/akn/ontology/role/un/editor" showAs="Editor"></TLCRole>
        <TLCRole eId="distribution" href="/akn/ontology/concept/un/generalDistribution" showAs="General distribution"></TLCRole>
        <TLCOrganization eId="ga" href="/akn/ontology/organization/un/generalAssembly" showAs="General Assembly"></TLCOrganization>
        <TLCTerm eId="resolutionTitle" href="/akn/ontology/reference/un/resolutionTitle" showAs="Resolution title"></TLCTerm>
        <TLCTerm eId="thirdCommittee" href="#thirdCommittee" showAs="Третий комитет"></TLCTerm>
        <TLCTerm eId="memberState" href="/akn/ontology/organization/un/memberState" showAs="Member State"></TLCTerm>
        <TLCTerm eId="inFavour" href="/akn/ontology/concept/un/voting/inFavour" showAs="In favour"></TLCTerm>
        <TLCTerm eId="against" href="/akn/ontology/concept/un/voting/against" showAs="Against"></TLCTerm>
        <TLCTerm eId="abstaining" href="/akn/ontology/concept/un/voting/abstaining" showAs="Abstaining"></TLCTerm>
      </references>
      <presentation source="#un">
        <akn4un:footerFirstPage>
          <akn4un:footerFirstPageLeft>
            <akn4un:internalCode>
              <docketNumber refersTo="#publicationJobNumber">19-22275 (R)</docketNumber>
              <img alt="bar code" class="barCode" src=""></img>
            </akn4un:internalCode>
          </akn4un:footerFirstPageLeft>
          <akn4un:footerFirstPageRight>
            <img alt="Please recycle" class="image" src="./recylcleLogo.jpg"></img>
            <img alt="embedded QR code" class="qrCode" src=""></img>
          </akn4un:footerFirstPageRight>
        </akn4un:footerFirstPage>
      </presentation>
    </meta>
    <coverPage eId="coverPage_1">
      <p>
        <span refersTo="#publisher" class="upperLeft">
          <docAuthority refersTo="#publisher">Организация Объединенных Наций</docAuthority>
        </span>
      </p>
      <p class="upperRight">
        <docNumber refersTo="#symbol">A/RES/74/153</docNumber>
      </p>
      <p class="upperLeft">
        <img src="logo-un.jpg"></img>
        <docAuthority refersTo="#issuingBody" class="rightBig">Генеральная Ассамблея</docAuthority>
      </p>
      <p>
        <docStatus refersTo="#generalDistribution" class="rightSmall">Distr.: General</docStatus>
      </p>
      <p>
        <docDate date="2020-01-21" class="rightSmall" refersTo="#dateOfIssuance">21 January 2020</docDate>
      </p>
      <p>
        <session refersTo="#generalAssembly" value="74" eId="coverPage_1__session_1">Семьдесят четвертая сессия</session>
      </p>
      <p>
        <inline name="agenda item">Пункт 70 b) повестки дня</inline>
      </p>
      <p>
        <inline name="agenda item name">Поощрение и защита прав человека: вопросы прав человека, включая альтернативные подходы в деле содействия эффективному осуществлению прав человека и основных свобод</inline>
      </p>
      <p>
        <docTitle>Резолюция, принятая Генеральной Ассамблеей 18 декабря 2019 года</docTitle>
      </p>
      <p xml:space="preserve">
        <docProponent refersTo="#thirdCommittee">[по докладу Третьего комитета (<inline name="originating document">A/74/399/Add.2</inline>)]</docProponent>
      </p>
    </coverPage>
    <preface>
      <p>
        <docNumber>74/153.</docNumber>
        <docTitle refersTo="#resolutionTitle">Укрепление международного сотрудничества в области прав человека</docTitle>
      </p>
    </preface>
    <preamble>
      <formula name="enactingFormula" eId="formula_1">
        <p xml:space="preserve">
          <span class="italic">Генеральная Ассамблея,</span>
        </p>
      </formula>
      <container name="подтверждая свою решимость" eId="container_2">
        <p xml:space="preserve">
          <span class="italic">подтверждая свою решимость</span> развивать международное сотрудничество, предусмотренное в Уставе Организации Объединенных Наций, в частности пункте 3 статьи 1, а также в соответствующих положениях Венской декларации и Программы действий, принятых 25 июня 1993 года на Всемирной конференции по правам человека<authorialNote marker="1" placement="bottom" eId="authorialNote_1"><p xml:space="preserve"><a href="https://undocs.org/ru/A/CONF.157/24 (Part I)">A/CONF.157/24 (Part I)</a>, гл. III.</p></authorialNote> , чтобы укреплять подлинное сотрудничество между государствами-членами в области прав человека,</p>
      </container>
      <container name="ссылаясь" eId="container_3">
        <p xml:space="preserve">
          <span class="italic">ссылаясь</span> на свою резолюцию <a href="https://undocs.org/ru/A/RES/70/1">70/1</a> «Преобразование нашего мира: Повестка дня в области устойчивого развития на период до 2030 года» от 25 сентября 2015 года, в которой Генеральная Ассамблея утвердила всеобъемлющий, рассчитанный на перспективу и предусматривающий учет интересов людей набор универсальных и ориентированных на преобразования целей в области устойчивого развития,</p>
      </container>
      <container name="напоминая" eId="container_4">
        <p xml:space="preserve">
          <span class="italic">напоминая</span> о принятии ею 8 сентября 2000 года Декларации тысячелетия Организации Объединенных Наций<authorialNote marker="2" placement="bottom" eId="authorialNote_2"><p xml:space="preserve">		Резолюция <a href="https://undocs.org/ru/A/RES/55/2">55/2</a>.</p></authorialNote> и ссылаясь на свою резолюцию <a href="https://undocs.org/ru/A/RES/72/169">72/169</a> от 19 декабря 2017 года, резолюцию <a href="https://undocs.org/ru/A/HRC/RES/38/3">38/3</a> Совета по правам человека от 5 июля 2018 года<authorialNote marker="3" placement="bottom" eId="authorialNote_3"><p xml:space="preserve">		См. <span class="italic">Официальные отчеты Генеральной Ассамблеи, семьдесят третья сессия, Дополнение № 53</span> (<a href="https://undocs.org/ru/A/73/53">A/73/53</a>), гл. VI, разд. A.</p></authorialNote> и резолюции Комиссии по правам человека об укреплении международного сотрудничества в области прав человека,</p>
      </container>
      <container name="напоминая также" eId="container_5">
        <p xml:space="preserve">
          <span class="italic">напоминая также</span> о Всемирной конференции по борьбе против расизма, расовой дискриминации, ксенофобии и связанной с ними нетерпимости, проходившей 31 августа — 8 сентября 2001 года в Дурбане, Южная Африка, и Конференции по обзору Дурбанского процесса, проходившей 20–24 апреля 2009 года в Женеве, ссылаясь на политическую декларацию совещания Генеральной Ассамблеи высокого уровня в ознаменование десятой годовщины принятия Дурбанской декларации и Программы действий<authorialNote marker="4" placement="bottom" eId="authorialNote_4"><p xml:space="preserve">		Резолюция <a href="https://undocs.org/ru/A/RES/66/3">66/3</a>.</p></authorialNote> и напоминая об их роли в укреплении международного сотрудничества в области прав человека,</p>
      </container>
      <container name="признавая" eId="container_6">
        <p xml:space="preserve">
          <span class="italic">признавая</span>, что укрепление международного сотрудничества в области прав человека является важнейшим условием полной реализации целей Организации Объединенных Наций, включая эффективное поощрение и защиту всех прав человека,</p>
      </container>
      <container name="признавая также" eId="container_7">
        <p xml:space="preserve">
          <span class="italic">признавая также</span>, что поощрение и защита прав человека должны осуществляться на основе принципа сотрудничества и подлинного диалога и должны быть направлены на усиление способности государств-членов соблюдать свои обязательства в области прав человека в интересах всех людей,</p>
      </container>
      <container name="подчеркивая" eId="container_8">
        <p xml:space="preserve">
          <span class="italic">подчеркивая</span>, что сотрудничество не сводится к добрососедским отношениям, сосуществованию или взаимности, а требует готовности отстаивать общие интересы, не ограничиваясь взаимной выгодой,</p>
      </container>
      <container name="обращая особое внимание" eId="container_9">
        <p xml:space="preserve">
          <span class="italic">обращая особое внимание</span> на важность международного сотрудничества для улучшения условий жизни всех людей в каждой стране, в том числе и в первую очередь в развивающихся странах,</p>
      </container>
      <container name="подтверждая" eId="container_10">
        <p xml:space="preserve">
          <span class="italic">подтверждая</span>, что межрелигиозный, межкультурный и межцивилизационный диалог в области прав человека мог бы в значительной степени способствовать укреплению международного сотрудничества в этой области,</p>
      </container>
      <container name="вновь заявляя" eId="container_11">
        <p xml:space="preserve">
          <span class="italic">вновь заявляя</span> о важной роли, которую подлинный диалог по правам человека может играть в укреплении сотрудничества в области прав человека на двустороннем, региональном и международном уровнях, </p>
      </container>
      <container name="признавая" eId="container_12">
        <p xml:space="preserve">
          <span class="italic">	признавая</span>, что укрепление международного сотрудничества и подлинного диалога способствует эффективному функционированию международной системы прав человека,</p>
      </container>
      <container name="особо отмечая" eId="container_13">
        <p xml:space="preserve">
          <span class="italic">	особо отмечая</span>, что диалог по правам человека должен носить конструктивный характер и основываться на принципах универсальности, неделимости, объективности, неизбирательности, неполитизации, взаимного уважения и равного обращения, с тем чтобы содействовать обеспечению взаимопонимания и укреплению конструктивного сотрудничества, в том числе путем наращивания потенциала и технического сотрудничества между государствами, </p>
      </container>
      <container name="особо отмечая также" eId="container_14">
        <p xml:space="preserve">
          <span class="italic">	особо отмечая также</span> необходимость дальнейшего прогресса в деле поощрения прав человека и основных свобод и утверждения уважения к ним посредством, в частности, международного сотрудничества,</p>
      </container>
      <container name="подчеркивая" eId="container_15">
        <p xml:space="preserve">
          <span class="italic">подчеркивая</span>, что важными элементами всех действий, направленных на поощрение и защиту прав человека, являются взаимопонимание, диалог, сотрудничество, прозрачность и укрепление доверия,</p>
      </container>
      <container name="напоминая" eId="container_16">
        <p xml:space="preserve">
          <span class="italic">напоминая</span> о принятии Подкомиссией по поощрению и защите прав человека на ее пятьдесят второй сессии резолюции 2000/22 от 18 августа 2000 года о поощрении диалога по вопросам прав человека<authorialNote marker="5" placement="bottom" eId="authorialNote_5"><p xml:space="preserve">		См. <a href="https://undocs.org/ru/E/CN.4/2001/2">E/CN.4/2001/2-E/CN.4/Sub.2/2000/46</a>, гл. II, разд. A.</p></authorialNote>, </p>
      </container>
    </preamble>
    <mainBody>
      <paragraph eId="para_17" class="MercuryDocument">
        <num>	1.</num>
        <content eId="para_17__content">
          <p xml:space="preserve">
            <span class="italic">подтверждает</span>, что одной из целей Организации Объединенных Наций и обязанностью всех государств-членов являются поощрение прав человека и основных свобод, их защита и утверждение уважения к ним посредством, в частности, международного сотрудничества;</p>
        </content>
      </paragraph>
      <paragraph eId="para_18" class="MercuryDocument">
        <num>	2.</num>
        <content eId="para_18__content">
          <p xml:space="preserve">
            <span class="italic">признает</span>, что в дополнение к своим отдельным обязанностям в отношении их собственных обществ государства несут коллективную ответственность за поддержание принципов человеческого достоинства, равенства и справедливости на глобальном уровне;</p>
        </content>
      </paragraph>
      <paragraph eId="para_19" class="MercuryDocument">
        <num>	3.</num>
        <content eId="para_19__content">
          <p xml:space="preserve">
            <span class="italic">подтверждает</span>, что межкультурный и межцивилизационный диалог способствует поощрению культуры терпимости и уважения многообразия, и приветствует в связи с этим проведение конференций и совещаний на национальном, региональном и международном уровнях по вопросу о межцивилизационном диалоге;</p>
        </content>
      </paragraph>
      <paragraph eId="para_20" class="MercuryDocument">
        <num>	4.</num>
        <content eId="para_20__content">
          <p xml:space="preserve">
            <span class="italic">подтверждает также</span> обязанность государств сотрудничать друг с другом в соответствии с Уставом Организации Объединенных Наций в деле поощрения всеобщего уважения и соблюдения прав человека и основных свобод для всех, в том числе в деле ликвидации всех форм расовой дискриминации и всех форм религиозной нетерпимости; </p>
        </content>
      </paragraph>
      <paragraph eId="para_21" class="MercuryDocument">
        <num>	5.</num>
        <content eId="para_21__content">
          <p xml:space="preserve">
            <span class="italic">настоятельно призывает</span> всех субъектов на международной арене строить международный порядок, основанный на инклюзивности, справедливости, равенстве и равноправии, на уважении человеческого достоинства, на взаимопонимании и на поощрении и уважении культурного многообразия и всеобщих прав человека, и отвергать все доктрины социального отчуждения, основанные на расизме, расовой дискриминации, ксенофобии и связанной с ними нетерпимости;</p>
        </content>
      </paragraph>
      <paragraph eId="para_22" class="MercuryDocument">
        <num>	6.</num>
        <content eId="para_22__content">
          <p xml:space="preserve">
            <span class="italic">подтверждает</span> важность укрепления международного сотрудничества для поощрения и защиты прав человека и достижения целей борьбы против расизма, расовой дискриминации, ксенофобии и связанной с ними нетерпимости;</p>
        </content>
      </paragraph>
      <paragraph eId="para_23" class="MercuryDocument">
        <num>	7.</num>
        <content eId="para_23__content">
          <p xml:space="preserve">
            <span class="italic">считает</span>, что международное сотрудничество в области прав человека в соответствии с целями и принципами, закрепленными в Уставе Организации Объединенных Наций и международном праве, должно вносить эффективный и практический вклад в решение неотложной задачи предупреждения нарушений прав человека и основных свобод;</p>
        </content>
      </paragraph>
      <paragraph eId="para_24" class="MercuryDocument">
        <num>	8.</num>
        <content eId="para_24__content">
          <p xml:space="preserve">
            <span class="italic">подтверждает</span>, что в деле поощрения, защиты и полной реализации всех прав человека и основных свобод следует руководствоваться принципами универсальности, неизбирательности, сотрудничества и подлинного диалога, объективности и прозрачности, сообразуясь при этом с целями и принципами, закрепленными в Уставе;</p>
        </content>
      </paragraph>
      <paragraph eId="para_25" class="MercuryDocument">
        <num>	9.</num>
        <content eId="para_25__content">
          <p xml:space="preserve">
            <span class="italic">подчеркивает</span> важность универсального периодического обзора как механизма, основанного на сотрудничестве и конструктивном диалоге и нацеленного, в частности, на улучшение ситуации с правами человека на местах и содействие выполнению взятых государствами обязательств и данных ими обещаний в области прав человека;</p>
        </content>
      </paragraph>
      <paragraph eId="para_26" class="MercuryDocument">
        <num>	10.</num>
        <content eId="para_26__content">
          <p xml:space="preserve">
            <span class="italic">подчеркивает</span> также необходимость того, чтобы на международных форумах все заинтересованные стороны подходили к решению проблем прав человека в конструктивном духе и в духе сотрудничества;</p>
        </content>
      </paragraph>
      <paragraph eId="para_27" class="MercuryDocument">
        <num>	11.</num>
        <content eId="para_27__content">
          <p xml:space="preserve">
            <span class="italic">подчеркивает далее</span> роль международного сотрудничества в поддержке национальных усилий и в наращивании потенциала государств-членов в области прав человека посредством, в частности, укрепления их сотрудничества с механизмами по правам человека, в том числе путем оказания заинтересованным государствам запрашиваемой ими технической помощи, которая соответствует установленным ими приоритетам;</p>
        </content>
      </paragraph>
      <paragraph eId="para_28" class="MercuryDocument">
        <num>	12.</num>
        <content eId="para_28__content">
          <p xml:space="preserve">
            <span class="italic">призывает</span> государства-члены, специализированные учреждения и межправительственные организации продолжать конструктивный диалог и консультации в целях углубления понимания и поощрения и защиты всех прав человека и основных свобод и рекомендует неправительственным организациям вносить активный вклад в эти усилия;</p>
        </content>
      </paragraph>
      <paragraph eId="para_29" class="MercuryDocument">
        <num>	13.</num>
        <content eId="para_29__content">
          <p xml:space="preserve">
            <span class="italic">настоятельно призывает</span> государства принимать необходимые меры по укреплению двустороннего, регионального и международного сотрудничества, направленного на устранение негативных последствий череды комплексных глобальных кризисов, таких как финансово-экономические кризисы, продовольственные кризисы, изменение климата и стихийные бедствия, для полного осуществления прав человека;</p>
        </content>
      </paragraph>
      <paragraph eId="para_30" class="MercuryDocument">
        <num>	14.</num>
        <content eId="para_30__content">
          <p xml:space="preserve">
            <span class="italic">предлагает</span> государствам и соответствующим механизмам и процедурам Организации Объединенных Наций по правам человека продолжать уделять внимание важности взаимодействия, взаимопонимания и диалога в деле обеспечения поощрения и защиты всех прав человека;</p>
        </content>
      </paragraph>
      <paragraph eId="para_31" class="MercuryDocument">
        <num>	15.</num>
        <content eId="para_31__content">
          <p xml:space="preserve">
            <span class="italic">призывает</span> все государства-члены и систему Организации Объединенных Наций искать и использовать возможности для обеспечения большей взаимодополняемости между сотрудничеством Север — Юг, Юг — Юг и трехсторонним сотрудничеством в целях укрепления международного сотрудничества в области прав человека;</p>
        </content>
      </paragraph>
      <paragraph eId="para_32" class="MercuryDocument">
        <num>	16.</num>
        <content eId="para_32__content">
          <p xml:space="preserve">
            <span class="italic">просит</span>, чтобы Генеральный секретарь на основе сотрудничества с Верховным комиссаром Организации Объединенных Наций по правам человека консультировался с государствами и межправительственными и неправительственными организациями относительно путей и средств укрепления международного сотрудничества и подлинного диалога в рамках механизмов Организации Объединенных Наций по правам человека, включая Совет по правам человека, а также относительно препятствий и трудностей на этом направлении и возможных предложений по их преодолению;</p>
        </content>
      </paragraph>
      <paragraph eId="para_33" class="MercuryDocument">
        <num>	17.</num>
        <content eId="para_33__content">
          <p xml:space="preserve">
            <span class="italic">постановляет</span> продолжить рассмотрение данного вопроса на своей семьдесят пятой сессии.</p>
        </content>
      </paragraph>
    </mainBody>
    <conclusions eId="conclusions">
      <p>
        <inline name="adoptionMeeting" title="50-e">50-e пленарное заседание</inline>
        <eol />
        <docDate date="2019-12-18" refersTo="#adoptionDate">18 декабря 2019 года</docDate>
      </p>
    </conclusions>
  </statement>
</akomaNtoso>