<akomaNtoso xmlns:xsi="http://www.w3.org/2001/XMLSchema-instance" xsi:schemaLocation="http://docs.oasis-open.org/legaldocml/ns/akn/3.0 http://docs.oasis-open.org/legaldocml/akn-core/v1.0/os/part2-specs/schemas/akomantoso30.xsd" xmlns="http://docs.oasis-open.org/legaldocml/ns/akn/3.0" xmlns:html="http://www.w3.org/1999/xhtml" xmlns:akn4un="http://un.org/akn4un">
  <statement name="resolution">
    <meta>
      <identification source="#DGACM">
        <FRBRWork>
          <FRBRthis value="/akn/un/statement/deliberation/unga/2019-12-18/74-124/!main/"></FRBRthis>
          <FRBRuri value="/akn/un/statement/deliberation/unga/2019-12-18/74-124/"></FRBRuri>
          <FRBRdate date="2019-12-18" name="adoption"></FRBRdate>
          <FRBRauthor href="ga" as="author"></FRBRauthor>
          <FRBRcountry value="un"></FRBRcountry>
        </FRBRWork>
        <FRBRExpression>
          <FRBRthis value="/akn/un/statement/deliberation/unga/2019-12-18/74-124/rus@!main/"></FRBRthis>
          <FRBRuri value="/akn/un/statement/deliberation/unga/2019-12-18/74-124/rus@/"></FRBRuri>
          <FRBRdate date="2020-01-22" name="publication"></FRBRdate>
          <FRBRauthor href="ga" as="issuer"></FRBRauthor>
          <FRBRlanguage language="rus"></FRBRlanguage>
        </FRBRExpression>
        <FRBRManifestation>
          <FRBRthis value="/akn/un/statement/deliberation/unga/2019-12-18/74-124/rus@/!main.xml"></FRBRthis>
          <FRBRuri value="/akn/un/statement/deliberation/unga/2019-12-18/74-124/rus@.xml"></FRBRuri>
          <FRBRdate date="2020-08-29" name="markup"></FRBRdate>
          <FRBRauthor href="DGACM" as="editor"></FRBRauthor>
        </FRBRManifestation>
      </identification>
      <classification source="http://metadata.un.org/sdg">
        <keyword value="3" href="http://metadata.un.org/sdg/3" showAs="sdg_3" dictionary="SDGO"></keyword>
        <keyword value="public_health" href="http://eurovoc.europa.eu/3885" showAs="public_health" dictionary="EuroVoc"></keyword>
        <keyword value="health" href="http://metadata.un.org/thesaurus/1002824" showAs="health" dictionary="UNBIS Thesaurus"></keyword>
      </classification>
      <classification source="http://metadata.un.org/sdg">
        <keyword value="5" href="http://metadata.un.org/sdg/5" showAs="sdg_5" dictionary="SDGO"></keyword>
        <keyword value="gender_equality" href="http://eurovoc.europa.eu/3913" showAs="gender_equality" dictionary="EuroVoc"></keyword>
        <keyword value="participation_of_women" href="http://eurovoc.europa.eu/2265" showAs="participation_of_women" dictionary="EuroVoc"></keyword>
        <keyword value="women&amp;#39;s_rights" href="http://eurovoc.europa.eu/585" showAs="women&amp;#39;s_rights" dictionary="EuroVoc"></keyword>
        <keyword value="position_of_women" href="http://eurovoc.europa.eu/81" showAs="position_of_women" dictionary="EuroVoc"></keyword>
        <keyword value="women" href="http://metadata.un.org/thesaurus/1007029" showAs="women" dictionary="UNBIS Thesaurus"></keyword>
        <keyword value="gender_equality" href="http://metadata.un.org/thesaurus/1002612" showAs="gender_equality" dictionary="UNBIS Thesaurus"></keyword>
        <keyword value="girls" href="http://metadata.un.org/thesaurus/1002684" showAs="girls" dictionary="UNBIS Thesaurus"></keyword>
      </classification>
      <classification source="http://metadata.un.org/sdg">
        <keyword value="10" href="http://metadata.un.org/sdg/10" showAs="sdg_10" dictionary="SDGO"></keyword>
        <keyword value="social_inequality" href="http://eurovoc.europa.eu/1420" showAs="social_inequality" dictionary="EuroVoc"></keyword>
        <keyword value="equality" href="http://metadata.un.org/thesaurus/1002102" showAs="equality" dictionary="UNBIS Thesaurus"></keyword>
      </classification>
      <classification source="http://metadata.un.org/sdg">
        <keyword value="16" href="http://metadata.un.org/sdg/16" showAs="sdg_16" dictionary="SDGO"></keyword>
        <keyword value="right_to_justice" href="http://eurovoc.europa.eu/516" showAs="right_to_justice" dictionary="EuroVoc"></keyword>
        <keyword value="sustainable_development" href="http://eurovoc.europa.eu/5585" showAs="sustainable_development" dictionary="EuroVoc"></keyword>
        <keyword value="civil_society" href="http://metadata.un.org/thesaurus/1001012" showAs="civil_society" dictionary="UNBIS Thesaurus"></keyword>
        <keyword value="justice" href="http://metadata.un.org/thesaurus/1003500" showAs="justice" dictionary="UNBIS Thesaurus"></keyword>
        <keyword value="peaceful_coexistence" href="http://metadata.un.org/thesaurus/1004777" showAs="peaceful_coexistence" dictionary="UNBIS Thesaurus"></keyword>
        <keyword value="public_institutions" href="http://metadata.un.org/thesaurus/1005254" showAs="public_institutions" dictionary="UNBIS Thesaurus"></keyword>
        <keyword value="social_justice" href="http://metadata.un.org/thesaurus/1005970" showAs="social_justice" dictionary="UNBIS Thesaurus"></keyword>
        <keyword value="sustainable_development" href="http://metadata.un.org/thesaurus/1006319" showAs="sustainable_development" dictionary="UNBIS Thesaurus"></keyword>
      </classification>
      <workflow source="#un">
        <step date="2019-11-12" outcome="draftResolution" as="A/C.3/74/L.13/Rev.1" by="State of Palestine (on behalf of the States Members of the United Nations that are members of the Group of 77 and China)" />
        <step date="0001-01-01" outcome="draftResolutionAdditionalSponsors" by="Belarus, Kazakhstan, Russian Federation, Turkey and Uzbekistan" />
        <step date="0001-01-01" outcome="recommendedForAdoption" as="A/74/391" by="" refersTo="49" />
        <step date="2019-12-18" outcome="adopted" as="A/74/PV.50" by="" />
      </workflow>
      <analysis source="#un">
        <parliamentary>
          <voting outcome="adoptedWithoutVote">
            <quorum value=""></quorum>
          </voting>
        </parliamentary>
      </analysis>
      <references source="#DGACM">
        <TLCOrganization eId="source" href="/akn/ontology/organization/un/DGACM" showAs="DGACM"></TLCOrganization>
        <TLCConcept eId="dateOfIssuance" href="/akn/ontology/concept/un/dateOfIssuance" showAs="Date of issuance"></TLCConcept>
        <TLCConcept eId="dateOfAdoption" href="/akn/ontology/concept/un/dateOfAdoption" showAs="Date of adoption"></TLCConcept>
        <TLCConcept eId="symbol" href="/akn/ontology/reference/un/symbol" showAs="Symbol"></TLCConcept>
        <TLCRole eId="publisher" href="/akn/ontology/role/un/publisher" showAs="Publisher"></TLCRole>
        <TLCRole eId="issuingBody" href="/akn/role/concept/un/issuingBody" showAs="Issuing body"></TLCRole>
        <TLCRole eId="author" href="/akn/ontology/role/un/author" showAs="Author"></TLCRole>
        <TLCRole eId="editor" href="/akn/ontology/role/un/editor" showAs="Editor"></TLCRole>
        <TLCRole eId="distribution" href="/akn/ontology/concept/un/generalDistribution" showAs="General distribution"></TLCRole>
        <TLCOrganization eId="ga" href="/akn/ontology/organization/un/generalAssembly" showAs="General Assembly"></TLCOrganization>
        <TLCTerm eId="resolutionTitle" href="/akn/ontology/reference/un/resolutionTitle" showAs="Resolution title"></TLCTerm>
        <TLCTerm eId="thirdCommittee" href="#thirdCommittee" showAs="Третий комитет"></TLCTerm>
        <TLCTerm eId="memberState" href="/akn/ontology/organization/un/memberState" showAs="Member State"></TLCTerm>
        <TLCTerm eId="inFavour" href="/akn/ontology/concept/un/voting/inFavour" showAs="In favour"></TLCTerm>
        <TLCTerm eId="against" href="/akn/ontology/concept/un/voting/against" showAs="Against"></TLCTerm>
        <TLCTerm eId="abstaining" href="/akn/ontology/concept/un/voting/abstaining" showAs="Abstaining"></TLCTerm>
      </references>
      <presentation source="#un">
        <akn4un:footerFirstPage>
          <akn4un:footerFirstPageLeft>
            <akn4un:internalCode>
              <docketNumber refersTo="#publicationJobNumber">19-22044 (R)</docketNumber>
              <img alt="bar code" class="barCode" src=""></img>
            </akn4un:internalCode>
          </akn4un:footerFirstPageLeft>
          <akn4un:footerFirstPageRight>
            <img alt="Please recycle" class="image" src="./recylcleLogo.jpg"></img>
            <img alt="embedded QR code" class="qrCode" src=""></img>
          </akn4un:footerFirstPageRight>
        </akn4un:footerFirstPage>
      </presentation>
    </meta>
    <coverPage eId="coverPage_1">
      <p>
        <span refersTo="#publisher" class="upperLeft">
          <docAuthority refersTo="#publisher">Организация Объединенных Наций</docAuthority>
        </span>
      </p>
      <p class="upperRight">
        <docNumber refersTo="#symbol">A/RES/74/124</docNumber>
      </p>
      <p class="upperLeft">
        <img src="logo-un.jpg"></img>
        <docAuthority refersTo="#issuingBody" class="rightBig">Генеральная Ассамблея</docAuthority>
      </p>
      <p>
        <docStatus refersTo="#generalDistribution" class="rightSmall">Distr.: General</docStatus>
      </p>
      <p>
        <docDate date="2020-01-22" class="rightSmall" refersTo="#dateOfIssuance">22 January 2020</docDate>
      </p>
      <p>
        <session refersTo="#generalAssembly" value="74" eId="coverPage_1__session_1">Семьдесят четвертая сессия</session>
      </p>
      <p>
        <inline name="agenda item">Пункт 25 b) повестки дня</inline>
      </p>
      <p>
        <inline name="agenda item name">Социальное развитие: социальное развитие, включая вопросы, касающиеся мирового социального положения и молодежи, пожилых людей, инвалидов и семьи</inline>
      </p>
      <p>
        <docTitle>Резолюция, принятая Генеральной Ассамблеей 18 декабря 2019 года</docTitle>
      </p>
      <p xml:space="preserve">
        <docProponent refersTo="#thirdCommittee">[по докладу Третьего комитета (<inline name="originating document">A/74/391</inline>)]</docProponent>
      </p>
    </coverPage>
    <preface>
      <p>
        <docNumber>74/124.</docNumber>
        <docTitle refersTo="#resolutionTitle">Последующие мероприятия по итогам празднования двадцатой годовщины Международного года семьи</docTitle>
      </p>
    </preface>
    <preamble>
      <formula name="enactingFormula" eId="formula_1">
        <p xml:space="preserve">
          <span class="italic">Генеральная Ассамблея</span>,</p>
      </formula>
      <container name="ссылаясь" eId="container_2">
        <p xml:space="preserve">
          <span class="italic">ссылаясь</span> на свои резолюции <a href="https://undocs.org/ru/A/RES/44/82">44/82</a> от 8 декабря 1989 года, <a href="https://undocs.org/ru/A/RES/50/142">50/142</a> от 21 декабря 1995 года, <a href="https://undocs.org/ru/A/RES/52/81">52/81</a> от 12 декабря 1997 года, <a href="https://undocs.org/ru/A/RES/54/124">54/124</a> от 17 декабря 1999 года, <a href="https://undocs.org/ru/A/RES/56/113">56/113</a> от 19 декабря 2001 года, <a href="https://undocs.org/ru/A/RES/57/164">57/164</a> от 18 декабря 2002 года, <a href="https://undocs.org/ru/A/RES/58/15">58/15</a> от 3 декабря 2003 года, <a href="https://undocs.org/ru/A/RES/59/111">59/111</a> от 6 декабря 2004 года, <a href="https://undocs.org/ru/A/RES/59/147">59/147</a> от 20 декабря 2004 года, <a href="https://undocs.org/ru/A/RES/60/133">60/133</a> от 16 декабря 2005 года, <a href="https://undocs.org/ru/A/RES/62/129">62/129</a> от 18 декабря 2007 года, <a href="https://undocs.org/ru/A/RES/64/133">64/133</a> от 18 декабря 2009 года, <a href="https://undocs.org/ru/A/RES/66/126">66/126</a> от 19 декабря 2011 года, <a href="https://undocs.org/ru/A/RES/67/142">67/142</a> от 20 декабря 2012 года, <a href="https://undocs.org/ru/A/RES/68/136">68/136</a> от 18 декабря 2013 года, <a href="https://undocs.org/ru/A/RES/69/144">69/144</a> от 18 декабря 2014 года, <a href="https://undocs.org/ru/A/RES/71/163">71/163</a> от 19 декабря 2016 года, <a href="https://undocs.org/ru/A/RES/72/145">72/145</a> от 19 декабря 2017 года и <a href="https://undocs.org/ru/A/RES/73/144">73/144</a> от 17 декабря 2018 года, касающиеся провозглашения, подготовки и проведения Международного года семьи и празднования его десятой и двадцатой годовщин,</p>
      </container>
      <container name="признавая" eId="container_3">
        <p xml:space="preserve">
          <span class="italic">признавая</span>, что подготовка к двадцатой годовщине Международного года и ее празднование в 2014 году обеспечили полезную возможность для дальнейшего повышения информированности о целях Международного года на предмет активизации сотрудничества в вопросах семьи на всех уровнях и принятия согласованных мер для укрепления политики и программ, ориентированных на семью, в рамках комплексного и всеобъемлющего подхода к развитию,</p>
      </container>
      <container name="признавая также" eId="container_4">
        <p xml:space="preserve">
          <span class="italic">признавая также</span>, что цели Международного года и связанных с ним последующих процессов, особенно тех, которые связаны с ориентированной на интересы семьи политикой в таких областях, как борьба с нищетой, обеспечение баланса между работой и семьей и отношения между поколениями, при условии уделения внимания правам и обязанностям всех членов семьи, могут содействовать ликвидации нищеты и голода, обеспечению здорового образа жизни и благополучия всех людей независимо от их возраста, поощрению возможности обучения на протяжении всей жизни для всех, улучшению результатов образования для детей, включая развитие и образование детей в раннем возрасте, получению доступа к возможностям трудоустройства и достойной работе родителей и опекунов, достижению гендерного равенства, расширению прав и возможностей всех женщин и девочек и искоренению всех форм насилия, особенно в отношении женщин и девочек, и поддержанию общего качества жизни семей, в частности семей, попавших в трудную ситуацию, с тем чтобы члены семьи могли реализовать свой полный потенциал в рамках комплексного и всеобъемлющего подхода к развитию,</p>
      </container>
      <container name="подтверждая" eId="container_5">
        <p xml:space="preserve">
          <span class="italic">подтверждая</span>, что относящиеся к вопросам семьи положения итоговых документов крупных конференций и встреч на высшем уровне, проведенных Организацией Объединенных Наций, и процессы последующей деятельности в связи с ними продолжают задавать установочные ориентиры при выборе путей, ведущих к укреплению ориентированных на семью компонентов политики и программ в рамках комплексного и всеобъемлющего подхода к развитию,</p>
      </container>
      <container name="учитывая " eId="container_6">
        <p xml:space="preserve">
          <span class="italic">учитывая </span>усилия, которые правительства, система Организации Объединенных Наций, региональные организации и гражданское общество, включая научные учреждения, продолжают предпринимать в интересах достижения целей двадцатой годовщины Международного года на национальном, региональном и международном уровнях,</p>
      </container>
      <container name="признавая" eId="container_7">
        <p xml:space="preserve">
          <span class="italic">признавая</span>, что проведение Международного года и связанные с ним последующие процессы послужили катализатором ряда инициатив на национальном и международном уровнях, включая принятие ориентированных на интересы семьи стратегий и программ, направленных на сокращение масштабов нищеты и голода и обеспечение благополучия всех людей независимо от возраста, могут стимулировать усилия в области развития, способствовать достижению лучших результатов в интересах детей и помочь покончить с сохранением нищеты из поколения в поколение, что будет содействовать осуществлению Повестки дня в области устойчивого развития на период до 2030 года<authorialNote marker="1" placement="bottom" eId="authorialNote_1"><p xml:space="preserve">		Резолюция <a href="https://undocs.org/ru/A/RES/70/1">70/1</a>.</p></authorialNote>,</p>
      </container>
      <container name="признавая также" eId="container_8">
        <p xml:space="preserve">
          <span class="italic">признавая также</span>, что, как было установлено, укрепление отношений между поколениями посредством таких мер, как поощрение совместного проживания нескольких поколений одной семьи и проживания родственников в непосредственной близости друг от друга, способствует самостоятельности, безопасности и благополучию детей и пожилых людей и что инициативы, направленные на поощрение заинтересованного и позитивного подхода к воспитанию детей и поддержку роли бабушек и дедушек, оказались полезными в плане содействия социальной интеграции и солидарности поколений, а также поощрения и защиты прав человека всех членов семей,</p>
      </container>
    </preamble>
    <mainBody>
      <paragraph eId="para_9" class="SingleTxt">
        <num>	1.</num>
        <content eId="para_9__content">
          <p xml:space="preserve">
            <span class="italic">с удовлетворением принимает к сведению</span> доклад Генерального секретаря<authorialNote marker="2" placement="bottom" eId="authorialNote_2"><p xml:space="preserve">		A/74/61-E/2019/4.</p></authorialNote>;</p>
        </content>
      </paragraph>
      <paragraph eId="para_10" class="SingleTxt">
        <num>	2.</num>
        <content eId="para_10__content">
          <p xml:space="preserve">
            <span class="italic">рекомендует</span> правительствам и впредь прилагать усилия для достижения целей Международного года семьи и связанных с ним последующих процессов и разрабатывать стратегии и программы, направленные на укрепление национального потенциала в интересах решения национальных приоритетных задач, касающихся вопросов семьи, и во взаимодействии с соответствующими субъектами активизировать работу по достижению их целей, в частности в таких областях, как борьба с нищетой и голодом и обеспечение благополучия для всех в любом возрасте;</p>
        </content>
      </paragraph>
      <paragraph eId="para_11" class="SingleTxt">
        <num>	3.</num>
        <content eId="para_11__content">
          <p xml:space="preserve">
            <span class="italic">предлагает</span> государствам-членам вкладывать средства в разнообразные ориентированные на интересы семьи и учитывающие различные потребности и ожидания семей комплексные стратегии и программы, как важные инструменты, в том числе для борьбы с нищетой, социальной изолированностью и неравенством, содействия обеспечению баланса между работой и семьей, достижения гендерного равенства и расширения прав и возможностей женщин и девочек и поощрения социальной интеграции и межпоколенческой солидарности, в целях осуществления Повестки дня в области устойчивого развития на период до 2030 года<sup>1</sup>;</p>
        </content>
      </paragraph>
      <paragraph eId="para_12" class="SingleTxt">
        <num>	4.</num>
        <content eId="para_12__content">
          <p xml:space="preserve">
            <span class="italic">рекомендует</span> государствам-членам продолжать принимать ориентированные на интересы семьи комплексные стратегии, призванные сократить масштабы нищеты, в соответствии с основными целями мероприятий в ознаменование двадцатой годовщины Международного года семьи, решать проблемы бедности семей и социальной изоляции, признавая при этом многоаспектный характер проблемы нищеты и направляя основные усилия на обеспечение инклюзивного образования и обучения на протяжении всей жизни, медицинского обслуживания, благосостояния людей всех возрастов, полной и производительной занятости, достойной работы, социальной защиты, источников получения средств к существованию и социальной сплоченности, в том числе посредством таких систем и мер социальной защиты с учетом гендерных и возрастных факторов, как предоставляемые родителям пособия на детей и пенсионные пособия и льготы для пожилых людей, и содействовать реализации прав, возможностей и обязанностей всех членов семьи;</p>
        </content>
      </paragraph>
      <paragraph eId="para_13" class="SingleTxt">
        <num>	5.</num>
        <content eId="para_13__content">
          <p xml:space="preserve">
            <span class="italic">рекомендует также</span> государствам-членам содействовать обеспечению баланса между работой и семьей, который создает условия для благополучия детей, молодежи, инвалидов и пожилых людей и достижения гендерного равенства и расширения прав и возможностей всех женщин и девочек, в том числе путем улучшения условий труда работников, имеющих семьи, увеличения количества вариантов гибкого графика работы, в том числе за счет использования новых информационных технологий и средств связи, и внедрения и/или расширения практики составления графика отпусков, предусматривающего отпуск по уходу за ребенком для матери и для отца, и выплаты надлежащих социальных пособий как женщинам, так и мужчинам, принятия надлежащих мер для обеспечения того, чтобы не допустить дискриминации при получении ими таких пособий и содействовать повышению уровня осведомленности мужчин о таких возможностях и стимулировать использование ими таких возможностей в интересах развития своих детей и в качестве средства для расширения участия женщин в трудовой деятельности;</p>
        </content>
      </paragraph>
      <paragraph eId="para_14" class="SingleTxt">
        <num>	6.</num>
        <content eId="para_14__content">
          <p xml:space="preserve">
            <span class="italic">рекомендует далее</span> государствам-членам принять надлежащие меры для предоставления приемлемых по стоимости, доступных и качественных услуг по уходу за детьми и другими иждивенцами, а также меры, способствующие равному распределению домашних обязанностей между женщинами и мужчинами, признанию, сокращению объемов и перераспределению выполняемой женщинами непропорционально большой доли неоплачиваемой работы по уходу и ведению домашнего хозяйства и полному вовлечению в эту деятельность мужчин и мальчиков, которые должны выступать как движущей силой, так и бенефициарами перемен, а также в качестве стратегических партнеров и союзников;</p>
        </content>
      </paragraph>
      <paragraph eId="para_15" class="SingleTxt">
        <num>	7.</num>
        <content eId="para_15__content">
          <p xml:space="preserve">
            <span class="italic">рекомендует </span>государствам-членам инвестировать средства в ориентированные на интересы семьи политику и программы, содействующие укреплению взаимоотношений между поколениями, включая создание условий для совместного проживания нескольких поколений, программы просвещения родителей, включая лиц, обеспечивающих уход в семьях, и поддержку бабушек и дедушек, в том числе бабушек и дедушек, обеспечивающих основной уход за детьми, в целях поощрения инклюзивной урбанизации, активного образа жизни пожилых людей, солидарности поколений и социальной сплоченности;</p>
        </content>
      </paragraph>
      <paragraph eId="para_16" class="SingleTxt">
        <num>	8.</num>
        <content eId="para_16__content">
          <p xml:space="preserve">
            <span class="italic">рекомендует также </span>государствам-членам рассмотреть возможность внедрения универсальных и учитывающих гендерные аспекты систем социальной защиты, которые играют важнейшую роль в деле сокращения масштабов нищеты, в том числе с предоставлением в соответствующих случаях целевых переводов денежных средств семьям, находящимся в уязвимом положении, в частности семьям с одним родителем, особенно семьям, возглавляемым женщинами, и которые являются наиболее эффективным средством сокращения масштабов нищеты в том случае, если сопровождаются другими мерами, включая обеспечение доступа к основным услугам, качественному образованию и медицинскому обслуживанию;</p>
        </content>
      </paragraph>
      <paragraph eId="para_17" class="SingleTxt">
        <num>	9.</num>
        <content eId="para_17__content">
          <p xml:space="preserve">
            <span class="italic">рекомендует далее</span> государствам-членам обеспечивать наличие у всех людей законных удостоверений личности, в том числе регистрацию рождений и смерти, в соответствии с международным правом, включая соответствующие положения Конвенции о правах ребенка<authorialNote marker="3" placement="bottom" eId="authorialNote_3"><p xml:space="preserve">		United Nations, <span class="italic">Treaty Series</span>, vol. 1577, No. 27531.</p></authorialNote> и/или соответствующие положения Международного пакта о гражданских и политических правах<authorialNote marker="4" placement="bottom" eId="authorialNote_4"><p xml:space="preserve">		См. резолюцию <a href="https://undocs.org//ru/A/RES/2200 (XXI)">2200 A (XXI)</a>, приложение.</p></authorialNote>, в качестве, среди прочего, инструмента для построения миролюбивых и гармоничных обществ в интересах устойчивого развития;</p>
        </content>
      </paragraph>
      <paragraph eId="para_18" class="SingleTxt">
        <num>	10.</num>
        <content eId="para_18__content">
          <p xml:space="preserve">
            <span class="italic">рекомендует </span>государствам-членам инвестировать в просвещение родителей в качестве инструмента повышения уровня благополучия детей и предупреждения всех форм насилия в отношении детей, в том числе за счет поощрения ненасильственных методов обеспечения соблюдения дисциплины;</p>
        </content>
      </paragraph>
      <paragraph eId="para_19" class="SingleTxt">
        <num>	11.</num>
        <content eId="para_19__content">
          <p xml:space="preserve">
            <span class="italic">рекомендует также</span> государствам-членам усовершенствовать сбор и использование данных, дезагрегированных по возрасту, полу и другим соответствующим критериям, для разработки и оценки ориентированных на интересы семьи стратегий и программ, с тем чтобы эффективно реагировать на вызовы, с которыми сталкиваются семьи, и использовать эту политику и программы в рамках деятельности в области развития;</p>
        </content>
      </paragraph>
      <paragraph eId="para_20" class="SingleTxt">
        <num>	12.</num>
        <content eId="para_20__content">
          <p xml:space="preserve">
            <span class="italic">призывает</span> правительства оказывать поддержку Целевому фонду Организации Объединенных Наций для деятельности в интересах семьи;</p>
        </content>
      </paragraph>
      <paragraph eId="para_21" class="SingleTxt">
        <num>	13.</num>
        <content eId="para_21__content">
          <p xml:space="preserve">
            <span class="italic">призывает </span>государства-члены укреплять сотрудничество со всеми соответствующими заинтересованными сторонами, включая Организацию Объединенных Наций, гражданское общество, образовательные учреждения и частный сектор, в вопросах разработки и осуществления соответствующих ориентированных на интересы семьи стратегий и программ;</p>
        </content>
      </paragraph>
      <paragraph eId="para_22" class="SingleTxt">
        <num>	14.</num>
        <content eId="para_22__content">
          <p xml:space="preserve">
            <span class="italic">рекомендует </span>продолжать сотрудничество между Департаментом по экономическим и социальным вопросам Секретариата и структурами, учреждениями, фондами и программами Организации Объединенных Наций, а также другими соответствующими межправительственными и неправительственными организациями, занимающимися вопросами семьи, а также проводить более широкие исследования и информационно-просветительские мероприятия, посвященные целям Международного года и связанным с ними последующим процессам;</p>
        </content>
      </paragraph>
      <paragraph eId="para_23" class="SingleTxt">
        <num>	15.</num>
        <content eId="para_23__content">
          <p xml:space="preserve">
            <span class="italic">просит</span> координационный центр по вопросам семьи Департамента по экономическим и социальным вопросам активизировать свое сотрудничество с региональными комиссиями, фондами и программами и рекомендует подтвердить роль координационных центров в рамках системы Организации Объединенных Наций и предлагает государствам-членам активизировать усилия в области технического сотрудничества, рассмотреть вопрос о повышении роли региональных комиссий в вопросах семьи и продолжать выделять ресурсы на соответствующие мероприятия, содействовать координации между национальными и международными неправительственными организациями в вопросах семьи и расширять сотрудничество со всеми соответствующими заинтересованными сторонами, привлекать внимание к проблемам семьи и налаживать партнерские связи в рамках деятельности в этом направлении; </p>
        </content>
      </paragraph>
      <paragraph eId="para_24" class="SingleTxt">
        <num>	16.</num>
        <content eId="para_24__content">
          <p xml:space="preserve">
            <span class="italic">призывает</span> государства-члены и учреждения и органы системы Организации Объединенных Наций, действуя в консультации с гражданским обществом и другими соответствующими заинтересованными сторонами, продолжать предоставлять информацию о своей деятельности, в частности в отношении передовой практики на национальном, региональном и международном уровнях, включая соответствующие форумы Организации Объединенных Наций, в поддержку целей Международного года и связанных с ним последующих процессов, которая будет включена в доклад Генерального секретаря;</p>
        </content>
      </paragraph>
      <paragraph eId="para_25" class="SingleTxt">
        <num>	17.</num>
        <content eId="para_25__content">
          <p xml:space="preserve">
            <span class="italic">просит</span> Генерального секретаря представить через Комиссию социального развития и Экономический и Социальный Совет Генеральной Ассамблее на ее семьдесят шестой сессии доклад о реализации целей Международного года и связанных с ним последующих процессов государствами-членами и учреждениями и органами системы Организации Объединенных Наций, а также о том, как соответствующим образом отметить в 2024 году тридцатую годовщину Международного года семьи;</p>
        </content>
      </paragraph>
      <paragraph eId="para_26" class="SingleTxt">
        <num>	18.</num>
        <content eId="para_26__content">
          <p xml:space="preserve">
            <span class="italic">постановляет</span> рассмотреть тему «Реализация целей Международного года семьи и связанных с ним последующих процессов» на своей семьдесят пятой сессии в рамках подпункта «Социальное развитие, включая вопросы, касающиеся мирового социального положения и молодежи, пожилых людей, инвалидов и семьи» пункта «Социальное развитие».</p>
        </content>
      </paragraph>
    </mainBody>
    <conclusions eId="conclusions">
      <p>
        <inline name="adoptionMeeting" title="50-e">50-e пленарное заседание</inline>
        <eol />
        <docDate date="2019-12-18" refersTo="#adoptionDate">18 декабря 2019 года</docDate>
      </p>
    </conclusions>
  </statement>
</akomaNtoso>