<akomaNtoso xmlns:xsi="http://www.w3.org/2001/XMLSchema-instance" xsi:schemaLocation="http://docs.oasis-open.org/legaldocml/ns/akn/3.0 http://docs.oasis-open.org/legaldocml/akn-core/v1.0/os/part2-specs/schemas/akomantoso30.xsd" xmlns="http://docs.oasis-open.org/legaldocml/ns/akn/3.0" xmlns:html="http://www.w3.org/1999/xhtml" xmlns:akn4un="http://un.org/akn4un">
  <statement name="resolution">
    <meta>
      <identification source="#DGACM">
        <FRBRWork>
          <FRBRthis value="/akn/un/statement/deliberation/unga/2019-12-18/74-170/!main/"></FRBRthis>
          <FRBRuri value="/akn/un/statement/deliberation/unga/2019-12-18/74-170/"></FRBRuri>
          <FRBRdate date="2019-12-18" name="adoption"></FRBRdate>
          <FRBRauthor href="ga" as="author"></FRBRauthor>
          <FRBRcountry value="un"></FRBRcountry>
        </FRBRWork>
        <FRBRExpression>
          <FRBRthis value="/akn/un/statement/deliberation/unga/2019-12-18/74-170/rus@!main/"></FRBRthis>
          <FRBRuri value="/akn/un/statement/deliberation/unga/2019-12-18/74-170/rus@/"></FRBRuri>
          <FRBRdate date="2020-01-07" name="publication"></FRBRdate>
          <FRBRauthor href="ga" as="issuer"></FRBRauthor>
          <FRBRlanguage language="rus"></FRBRlanguage>
        </FRBRExpression>
        <FRBRManifestation>
          <FRBRthis value="/akn/un/statement/deliberation/unga/2019-12-18/74-170/rus@/!main.xml"></FRBRthis>
          <FRBRuri value="/akn/un/statement/deliberation/unga/2019-12-18/74-170/rus@.xml"></FRBRuri>
          <FRBRdate date="2020-08-29" name="markup"></FRBRdate>
          <FRBRauthor href="DGACM" as="editor"></FRBRauthor>
        </FRBRManifestation>
      </identification>
      <classification source="http://metadata.un.org/sdg">
        <keyword value="3" href="http://metadata.un.org/sdg/3" showAs="sdg_3" dictionary="SDGO"></keyword>
        <keyword value="public_health" href="http://eurovoc.europa.eu/3885" showAs="public_health" dictionary="EuroVoc"></keyword>
        <keyword value="health" href="http://metadata.un.org/thesaurus/1002824" showAs="health" dictionary="UNBIS Thesaurus"></keyword>
      </classification>
      <classification source="http://metadata.un.org/sdg">
        <keyword value="5" href="http://metadata.un.org/sdg/5" showAs="sdg_5" dictionary="SDGO"></keyword>
        <keyword value="gender_equality" href="http://eurovoc.europa.eu/3913" showAs="gender_equality" dictionary="EuroVoc"></keyword>
        <keyword value="participation_of_women" href="http://eurovoc.europa.eu/2265" showAs="participation_of_women" dictionary="EuroVoc"></keyword>
        <keyword value="women&amp;#39;s_rights" href="http://eurovoc.europa.eu/585" showAs="women&amp;#39;s_rights" dictionary="EuroVoc"></keyword>
        <keyword value="position_of_women" href="http://eurovoc.europa.eu/81" showAs="position_of_women" dictionary="EuroVoc"></keyword>
        <keyword value="women" href="http://metadata.un.org/thesaurus/1007029" showAs="women" dictionary="UNBIS Thesaurus"></keyword>
        <keyword value="gender_equality" href="http://metadata.un.org/thesaurus/1002612" showAs="gender_equality" dictionary="UNBIS Thesaurus"></keyword>
        <keyword value="girls" href="http://metadata.un.org/thesaurus/1002684" showAs="girls" dictionary="UNBIS Thesaurus"></keyword>
      </classification>
      <classification source="http://metadata.un.org/sdg">
        <keyword value="16" href="http://metadata.un.org/sdg/16" showAs="sdg_16" dictionary="SDGO"></keyword>
        <keyword value="right_to_justice" href="http://eurovoc.europa.eu/516" showAs="right_to_justice" dictionary="EuroVoc"></keyword>
        <keyword value="sustainable_development" href="http://eurovoc.europa.eu/5585" showAs="sustainable_development" dictionary="EuroVoc"></keyword>
        <keyword value="civil_society" href="http://metadata.un.org/thesaurus/1001012" showAs="civil_society" dictionary="UNBIS Thesaurus"></keyword>
        <keyword value="justice" href="http://metadata.un.org/thesaurus/1003500" showAs="justice" dictionary="UNBIS Thesaurus"></keyword>
        <keyword value="peaceful_coexistence" href="http://metadata.un.org/thesaurus/1004777" showAs="peaceful_coexistence" dictionary="UNBIS Thesaurus"></keyword>
        <keyword value="public_institutions" href="http://metadata.un.org/thesaurus/1005254" showAs="public_institutions" dictionary="UNBIS Thesaurus"></keyword>
        <keyword value="social_justice" href="http://metadata.un.org/thesaurus/1005970" showAs="social_justice" dictionary="UNBIS Thesaurus"></keyword>
        <keyword value="sustainable_development" href="http://metadata.un.org/thesaurus/1006319" showAs="sustainable_development" dictionary="UNBIS Thesaurus"></keyword>
      </classification>
      <classification source="http://metadata.un.org/sdg">
        <keyword value="17" href="http://metadata.un.org/sdg/17" showAs="sdg_17" dictionary="SDGO"></keyword>
        <keyword value="sustainable_development" href="http://eurovoc.europa.eu/5585" showAs="sustainable_development" dictionary="EuroVoc"></keyword>
        <keyword value="partnership" href="http://eurovoc.europa.eu/4199" showAs="partnership" dictionary="EuroVoc"></keyword>
        <keyword value="sustainable_development" href="http://metadata.un.org/thesaurus/1006319" showAs="sustainable_development" dictionary="UNBIS Thesaurus"></keyword>
        <keyword value="partnership" href="http://metadata.un.org/thesaurus/1004748" showAs="partnership" dictionary="UNBIS Thesaurus"></keyword>
      </classification>
      <workflow source="#un">
        <step date="2019-09-20" outcome="draftResolution" as="A/C.3/74/L.2" by="submitted by the Chair of the Committee on the recommendation of the Economic and Social Council" />
        <step date="0001-01-01" outcome="draftResolutionAdditionalSponsors" by="" />
        <step date="0001-01-01" outcome="recommendedForAdoption" as="A/74/400" by="" refersTo="29" />
        <step date="2019-12-18" outcome="adopted" as="A/74/PV.50" by="" />
      </workflow>
      <analysis source="#un">
        <parliamentary>
          <voting outcome="adoptedWithoutVote">
            <quorum value=""></quorum>
          </voting>
        </parliamentary>
      </analysis>
      <references source="#DGACM">
        <TLCOrganization eId="source" href="/akn/ontology/organization/un/DGACM" showAs="DGACM"></TLCOrganization>
        <TLCConcept eId="dateOfIssuance" href="/akn/ontology/concept/un/dateOfIssuance" showAs="Date of issuance"></TLCConcept>
        <TLCConcept eId="dateOfAdoption" href="/akn/ontology/concept/un/dateOfAdoption" showAs="Date of adoption"></TLCConcept>
        <TLCConcept eId="symbol" href="/akn/ontology/reference/un/symbol" showAs="Symbol"></TLCConcept>
        <TLCRole eId="publisher" href="/akn/ontology/role/un/publisher" showAs="Publisher"></TLCRole>
        <TLCRole eId="issuingBody" href="/akn/role/concept/un/issuingBody" showAs="Issuing body"></TLCRole>
        <TLCRole eId="author" href="/akn/ontology/role/un/author" showAs="Author"></TLCRole>
        <TLCRole eId="editor" href="/akn/ontology/role/un/editor" showAs="Editor"></TLCRole>
        <TLCRole eId="distribution" href="/akn/ontology/concept/un/generalDistribution" showAs="General distribution"></TLCRole>
        <TLCOrganization eId="ga" href="/akn/ontology/organization/un/generalAssembly" showAs="General Assembly"></TLCOrganization>
        <TLCTerm eId="resolutionTitle" href="/akn/ontology/reference/un/resolutionTitle" showAs="Resolution title"></TLCTerm>
        <TLCTerm eId="thirdCommittee" href="#thirdCommittee" showAs="Третий комитет"></TLCTerm>
        <TLCTerm eId="memberState" href="/akn/ontology/organization/un/memberState" showAs="Member State"></TLCTerm>
        <TLCTerm eId="inFavour" href="/akn/ontology/concept/un/voting/inFavour" showAs="In favour"></TLCTerm>
        <TLCTerm eId="against" href="/akn/ontology/concept/un/voting/against" showAs="Against"></TLCTerm>
        <TLCTerm eId="abstaining" href="/akn/ontology/concept/un/voting/abstaining" showAs="Abstaining"></TLCTerm>
      </references>
      <presentation source="#un">
        <akn4un:footerFirstPage>
          <akn4un:footerFirstPageLeft>
            <akn4un:internalCode>
              <docketNumber refersTo="#publicationJobNumber">19-22315 (R)</docketNumber>
              <img alt="bar code" class="barCode" src=""></img>
            </akn4un:internalCode>
          </akn4un:footerFirstPageLeft>
          <akn4un:footerFirstPageRight>
            <img alt="Please recycle" class="image" src="./recylcleLogo.jpg"></img>
            <img alt="embedded QR code" class="qrCode" src=""></img>
          </akn4un:footerFirstPageRight>
        </akn4un:footerFirstPage>
      </presentation>
    </meta>
    <coverPage eId="coverPage_1">
      <p>
        <span refersTo="#publisher" class="upperLeft">
          <docAuthority refersTo="#publisher">Организация Объединенных Наций</docAuthority>
        </span>
      </p>
      <p class="upperRight">
        <docNumber refersTo="#symbol">A/RES/74/170</docNumber>
      </p>
      <p class="upperLeft">
        <img src="logo-un.jpg"></img>
        <docAuthority refersTo="#issuingBody" class="rightBig">Генеральная Ассамблея</docAuthority>
      </p>
      <p>
        <docStatus refersTo="#generalDistribution" class="rightSmall">Distr.: General</docStatus>
      </p>
      <p>
        <docDate date="2020-01-07" class="rightSmall" refersTo="#dateOfIssuance">7 January 2020</docDate>
      </p>
      <p>
        <session refersTo="#generalAssembly" value="74" eId="coverPage_1__session_1">Семьдесят четвертая сессия</session>
      </p>
      <p>
        <inline name="agenda item">Пункт 106 повестки дня</inline>
      </p>
      <p>
        <inline name="agenda item name">Предупреждение преступности и уголовное правосудие</inline>
      </p>
      <p>
        <docTitle>Резолюция, принятая Генеральной Ассамблеей 18 декабря 2019 года</docTitle>
      </p>
      <p xml:space="preserve">
        <docProponent refersTo="#thirdCommittee">[по докладу Третьего комитета (<inline name="originating document">A/74/400</inline>)]</docProponent>
      </p>
    </coverPage>
    <preface>
      <p>
        <docNumber>74/170.</docNumber>
        <docTitle refersTo="#resolutionTitle">Интеграция спорта в ориентированные на молодежь стратегии в области предупреждения преступности и уголовного правосудия</docTitle>
      </p>
    </preface>
    <preamble>
      <formula name="enactingFormula" eId="formula_1">
        <p xml:space="preserve">
          <span class="italic">Генеральная Ассамблея</span>,</p>
      </formula>
      <container name="подтверждая" eId="container_2">
        <p xml:space="preserve">
          <span class="italic">подтверждая</span> свою приверженность целям и принципам Устава Организации Объединенных Наций и Всеобщей декларации прав человека<authorialNote marker="1" placement="bottom" eId="authorialNote_1"><p xml:space="preserve">		Резолюция <a href="https://undocs.org/ru/A/RES/217(III)">217 А (III)</a>.</p></authorialNote> и ссылаясь на общую приверженность государств-членов обеспечению верховенства права и предупреждению и противодействию преступности во всех ее формах и проявлениях,</p>
      </container>
      <container name="подтверждая также" eId="container_3">
        <p xml:space="preserve">
          <span class="italic">подтверждая также</span> комплексный характер проблем в области предупреждения преступности и уголовного правосудия и вытекающую из этого необходимость более полного учета этих проблем в более широкой повестке дня Организации Объединенных Наций с целью укрепления общесистемной координации, </p>
      </container>
      <container name="ссылаясь" eId="container_4">
        <p xml:space="preserve">
          <span class="italic">ссылаясь</span> на соответствующие стандарты и нормы Организации Объединенных Наций в области предупреждения преступности и уголовного правосудия, включая Руководящие принципы для предупреждения преступности<authorialNote marker="2" placement="bottom" eId="authorialNote_2"><p xml:space="preserve">		Резолюция 2002/13 Экономического и Социального Совета, приложение.</p></authorialNote>, Руководящие принципы для сотрудничества и технической помощи в области борьбы с преступностью в городах<authorialNote marker="3" placement="bottom" eId="authorialNote_3"><p xml:space="preserve">		Резолюция 1995/9 Экономического и Социального Совета, приложение.</p></authorialNote>, Руководящие принципы Организации Объединенных Наций для предупреждения преступности среди несовершеннолетних (Эр-Риядские руководящие принципы)<authorialNote marker="4" placement="bottom" eId="authorialNote_4"><p xml:space="preserve">		Резолюция <a href="https://undocs.org/ru/A/RES/45/112">45/112</a>, приложение.</p></authorialNote>, обновленные Типовые стратегии и практические меры по искоренению насилия в отношении женщин в области предупреждения преступности и уголовного правосудия<authorialNote marker="5" placement="bottom" eId="authorialNote_5"><p xml:space="preserve">		Резолюция <a href="https://undocs.org/ru/A/RES/65/228">65/228</a>, приложение.</p></authorialNote>, Типовые стратегии и практические меры Организации Объединенных Наций по ликвидации насилия в отношении детей в рамках предупреждения преступности и уголовного правосудия<authorialNote marker="6" placement="bottom" eId="authorialNote_6"><p xml:space="preserve">		Резолюция <a href="https://undocs.org/ru/A/RES/69/194">69/194</a>, приложение.</p></authorialNote>, Минимальные стандартные правила Организации Объединенных Наций, касающиеся отправления правосудия в отношении несовершеннолетних (Пекинские правила)<authorialNote marker="7" placement="bottom" eId="authorialNote_7"><p xml:space="preserve">		Резолюция <a href="https://undocs.org/ru/A/RES/40/33">40/33</a>, приложение.</p></authorialNote>, а также Минимальные стандартные правила Организации Объединенных Наций в отношении обращения с заключенными (Правила Нельсона Манделы)<authorialNote marker="8" placement="bottom" eId="authorialNote_8"><p xml:space="preserve">		Резолюция <a href="https://undocs.org/ru/A/RES/70/175">70/175</a>, приложение.</p></authorialNote>,</p>
      </container>
      <container name="ссылаясь также" eId="container_5">
        <p xml:space="preserve">
          <span class="italic">ссылаясь также</span> на свою резолюцию <a href="https://undocs.org/ru/A/RES/70/1">70/1</a> от 25 сентября 2015 года, в которой она приняла Повестку дня в области устойчивого развития на период до 2030 года, и признавая, в частности, что спорт является одним из важных факторов обеспечения устойчивого развития,</p>
      </container>
      <container name="ссылаясь далее" eId="container_6">
        <p xml:space="preserve">
          <span class="italic">ссылаясь далее</span> на резолюцию 7/8 Конференции государств — участников Конвенции Организации Объединенных Наций против коррупции от 10 ноября 2017 года о коррупции в спорте<authorialNote marker="9" placement="bottom" eId="authorialNote_9"><p xml:space="preserve">		См. <a href="https://undocs.org/ru/CAC/COSP/2017/14">CAC/COSP/2017/14</a>, разд. I.A.</p></authorialNote>, в которой, среди прочего, Конференция выразила обеспокоенность по поводу того, что коррупция может подорвать потенциал спорта и его роль в содействии достижению целей и задач в области устойчивого развития, содержащихся в Повестке дня в области устойчивого развития на период до 2030 года,</p>
      </container>
      <container name="с удовлетворением отмечая" eId="container_7">
        <p xml:space="preserve">
          <span class="italic">с удовлетворением отмечая</span> проведение Международной конференции на тему «Защита спорта от коррупции», которая состоялась 5 и 6 июня 2018 года в Вене, и приветствуя проведение 3 и 4 сентября 2019 года в Вене последующей конференции,</p>
      </container>
      <container name="признавая" eId="container_8">
        <p xml:space="preserve">
          <span class="italic">признавая</span> важность защиты детей и молодежи в спорте от потенциальной эксплуатации и насилия в целях формирования безопасной среды, способствующей их здоровому развитию,</p>
      </container>
      <container name="ссылаясь" eId="container_9">
        <p xml:space="preserve">
          <span class="italic">ссылаясь</span> на свою резолюцию <a href="https://undocs.org/ru/A/RES/72/6">72/6</a> от 13 ноября 2017 года об утверждении мира и построении более счастливой жизни на планете посредством спорта и воплощения олимпийских идеалов и признавая в этой связи важную роль системы Организации Объединенных Наций и ее страновых программ, а также роль государств-членов в содействии развитию человеческого потенциала с помощью спорта и физического воспитания,</p>
      </container>
      <container name="ссылаясь также" eId="container_10">
        <p xml:space="preserve">
          <span class="italic">ссылаясь также</span> на статью 31 Конвенции о правах ребенка<authorialNote marker="10" placement="bottom" eId="authorialNote_10"><p xml:space="preserve">		United Nations, <span class="italic">Treaty Series</span>, vol. 1577, No. 27531.</p></authorialNote>, в которой государства-участники признали право ребенка на досуг и участие в играх и развлекательных мероприятиях, и ссылаясь далее на Декларацию и План действий, содержащиеся в документе под названием «Мир, пригодный для жизни детей»<authorialNote marker="11" placement="bottom" eId="authorialNote_11"><p xml:space="preserve">		Резолюция <a href="https://undocs.org/ru/A/RES/S-27/2">S-27/2</a>, приложение.</p></authorialNote>, в котором государства-члены обязались содействовать физическому, психическому и эмоциональному здоровью детей посредством игры и спорта,</p>
      </container>
      <container name="ссылаясь далее" eId="container_11">
        <p xml:space="preserve">
          <span class="italic">ссылаясь далее</span> на заключительный документ тридцатой специальной сессии Генеральной Ассамблеи под названием «Наша общая приверженность эффективному решению мировой проблемы наркотиков и борьбе с ней»<authorialNote marker="12" placement="bottom" eId="authorialNote_12"><p xml:space="preserve">		Резолюция <a href="https://undocs.org/ru/A/RES/S-30/1">S-30/1</a>, приложение.</p></authorialNote>, в котором государства-члены рекомендовали обеспечивать доступ детей и молодежи к регулярно организуемым спортивным и культурным мероприятиям с целью поощрения заботы о своем здоровье и здорового образа жизни, а также в качестве одной из мер профилактики злоупотребления наркотиками, и признавая актуальность этой меры для повышения эффективности предупреждения преступности и уголовного правосудия в более широких масштабах,</p>
      </container>
      <container name="подчеркивая" eId="container_12">
        <p xml:space="preserve">
          <span class="italic">подчеркивая</span> роль Комиссии по предупреждению преступности и уголовному правосудию как главного директивного органа системы Организации Объединенных Наций в области предупреждения преступности,</p>
      </container>
      <container name="выражая обеспокоенность" eId="container_13">
        <p xml:space="preserve">
          <span class="italic">выражая обеспокоенность</span> по поводу рисков для молодежи в связи с коррупцией и преступностью в спорте и по поводу значительного числа детей и молодых людей, которые могут находиться или не находиться в конфликте с законом, но которые при этом брошены, оставлены без внимания, подвергаются жестокому обращению, эксплуатируются или сталкиваются со злоупотреблением наркотиками и находятся в маргинальных условиях и социально опасном положении в целом, </p>
      </container>
      <container name="будучи убеждена" eId="container_14">
        <p xml:space="preserve">
          <span class="italic">будучи убеждена</span> в важности предупреждения участия детей и молодежи в преступной деятельности путем содействия их развитию и повышения их сопротивляемости антисоциальному и противоправному поведению, содействия реабилитации детей и молодых людей, находящихся в конфликте с законом, и их реинтеграции в общество, защиты детей, ставших жертвами или выступающих в качестве свидетелей, в том числе путем предотвращения их повторной виктимизации, и учета потребностей детей и молодых людей, находящихся в уязвимом положении, и будучи убеждена также в том, что при разработке комплексных мер в области предупреждения преступности и уголовного правосудия необходимо принимать во внимание права человека и наилучшие интересы ребенка, </p>
      </container>
      <container name="признавая" eId="container_15">
        <p xml:space="preserve">
          <span class="italic">признавая</span>, что спорт и физическая культура могут изменять взгляды и поведение, способствовать преодолению предрассудков, а также вдохновлять людей, разрушать расовые и политические барьеры, содействовать обеспечению гендерного равенства и противодействовать дискриминации, </p>
      </container>
      <container name="подчеркивая" eId="container_16">
        <p xml:space="preserve">
          <span class="italic">подчеркивая</span>, что реабилитация и социальная реинтеграция лиц, лишенных свободы в результате преступного поведения, являются одной из важнейших целей системы уголовного правосудия и что в соответствии с правилами Нельсона Манделы и другими соответствующими стандартами и нормами, в частности Пекинскими правилами и Правилами Организации Объединенных Наций, касающимися защиты несовершеннолетних, лишенных свободы<authorialNote marker="13" placement="bottom" eId="authorialNote_13"><p xml:space="preserve">		Резолюция <a href="https://undocs.org/ru/A/RES/45/113">45/113</a>, приложение.</p></authorialNote>, властям рекомендуется не только предоставлять программы для получения образования, профессиональной подготовки и работы, а также другие надлежащие и имеющиеся виды помощи, в том числе исправительного, морального, духовного, социального, медицинского и спортивного характера, но и уделять в таких вопросах особое внимание малолетним заключенным,</p>
      </container>
      <container name="с признательностью принимая к сведению" eId="container_17">
        <p xml:space="preserve">
          <span class="italic">с признательностью принимая к сведению</span> доклад Генерального секретаря под названием «Укрепление глобальной основы для использования спорта на благо развития и мира»<authorialNote marker="14" placement="bottom" eId="authorialNote_14"><p xml:space="preserve"><a href="https://undocs.org/ru/A/73/325">A/73/325</a>.</p></authorialNote>, в котором содержится обновленный вариант Плана действий Организации Объединенных Наций по спорту на благо развития и мира<authorialNote marker="15" placement="bottom" eId="authorialNote_15"><p xml:space="preserve">		См. <a href="https://undocs.org/ru/A/61/373">A/61/373</a>.</p></authorialNote>, </p>
      </container>
      <container name="признавая" eId="container_18">
        <p xml:space="preserve">
          <span class="italic">признавая</span> взаимодополняющий характер ориентированных на молодежь усилий в области предупреждения преступности и уголовного правосудия и работы в области спорта на благо развития и мира и признавая также, что реализации таких инициатив могут способствовать более последовательные, комплексные подходы на всех уровнях с уделением особого внимания общинам, семьям, детям и молодежи, включая тех, кто находится в уязвимом положении,</p>
      </container>
      <container name="призывая" eId="container_19">
        <p xml:space="preserve">
          <span class="italic">призывая</span> к развитию партнерских отношений между органами власти всех соответствующих уровней и соответствующими заинтересованными сторонами в рамках гражданского общества в целях укрепления и поддержания эффективных стратегий, программ и инициатив в области предупреждения преступности, когда это необходимо, а также содействия формированию культуры мира и ненасилия, </p>
      </container>
      <container name="признавая" eId="container_20">
        <p xml:space="preserve">
          <span class="italic">признавая</span> важную пропагандистскую роль, которую могли бы играть международные спортивные федерации в деле увязки стратегических приоритетов спортивных администраторов, Организации Объединенных Наций и национальных и муниципальных органов власти, и признавая также углубление отношений между Международным олимпийским комитетом и Организацией Объединенных Наций в вопросах спорта на благо развития и мира, </p>
      </container>
    </preamble>
    <mainBody>
      <paragraph eId="para_21" class="MercuryDocument">
        <num>	1.</num>
        <content eId="para_21__content">
          <p xml:space="preserve">
            <span class="italic">подтверждает</span>, что спорт является одним из важных факторов обеспечения устойчивого развития, и признает растущий вклад спорта в деятельность по обеспечению развития, справедливости и мира, поскольку он способствует формированию терпимости и уважения и содействует расширению прав и возможностей женщин и молодежи, отдельных лиц и общин, а также достижению целей в области здравоохранения, образования и социальной интеграции;</p>
        </content>
      </paragraph>
      <paragraph eId="para_22" class="MercuryDocument">
        <num>	2.</num>
        <content eId="para_22__content">
          <p xml:space="preserve">
            <span class="italic">предлагает</span> государствам-членам, структурам системы Организации Объединенных Наций, Международному олимпийскому комитету, Международному паралимпийскому комитету и другим заинтересованным сторонам, включая спортивные организации, федерации и ассоциации, спортсменов, средства массовой информации, гражданское общество, научные круги и частный сектор, способствовать расширению информационной и практической работы в целях снижения уровня преступности, с тем чтобы содействовать осуществлению Повестки дня в области устойчивого развития на период до 2030 года<authorialNote marker="16" placement="bottom" eId="authorialNote_16"><p xml:space="preserve">		Резолюция <a href="https://undocs.org/ru/A/RES/70/1">70/1</a>.</p></authorialNote> посредством реализации инициатив в сфере спорта, принимая во внимание важность ориентированной на молодежь деятельности в области предупреждения преступности и уголовного правосудия и риски, которые представляют для молодежи коррупция и преступность в спорте, и использовать спорт в качестве одного из инструментов поддержания мира, справедливости и диалога в ходе проведения Олимпийских и Паралимпийских игр и после их завершения; </p>
        </content>
      </paragraph>
      <paragraph eId="para_23" class="MercuryDocument">
        <num>	3.</num>
        <content eId="para_23__content">
          <p xml:space="preserve">
            <span class="italic">предлагает</span> Управлению Организации Объединенных Наций по наркотикам и преступности развернуть во время проведения летних Олимпийских и Паралимпийских игр 2020 года и Чемпионата мира по футболу 2022 года глобальную кампанию по повышению осведомленности и сбору средств в целях содействия использованию спорта и спортивного обучения в стратегиях, направленных на устранение факторов риска, способствующих преступности и злоупотреблению наркотиками среди молодежи, и оказывать запрашивающим государствам-членам соответствующую помощь в этой области, а также предлагает национальным организационным комитетам, Международному олимпийскому комитету и Международной федерации футбола тесно сотрудничать с Управлением по таким вопросам; </p>
        </content>
      </paragraph>
      <paragraph eId="para_24" class="MercuryDocument">
        <num>	4.</num>
        <content eId="para_24__content">
          <p xml:space="preserve">
            <span class="italic">рекомендует</span> государствам-членам содействовать интеграции спорта в комплексные стратегии, политику и программы предупреждения преступности и уголовного правосудия, когда это уместно и согласуется с национальным законодательством, на основе надежных стандартов, показателей и критериев, а также обеспечивать контроль за осуществлением и оценку таких стратегий, политики и программ; </p>
        </content>
      </paragraph>
      <paragraph eId="para_25" class="MercuryDocument">
        <num>	5.</num>
        <content eId="para_25__content">
          <p xml:space="preserve">
            <span class="italic">рекомендует также</span> государствам-членам пропагандировать и поощрять использование спорта как средства содействия предупреждению преступности и уголовному правосудию и обеспечению верховенства права, реализации гендерного равенства и расширения прав и возможностей женщин и девочек, обеспечения участия каждого без какой бы то ни было дискриминации и формирования терпимости, взаимопонимания и уважения, которые в свою очередь содействуют формированию миролюбивого и открытого общества;</p>
        </content>
      </paragraph>
      <paragraph eId="para_26" class="MercuryDocument">
        <num>	6.</num>
        <content eId="para_26__content">
          <p xml:space="preserve">
            <span class="italic">с удовлетворением отмечает</span> работу Управления Организации Объединенных Наций по наркотикам и преступности в сфере предупреждения преступности и уголовного правосудия, в частности его усилия по поощрению использования спорта в контексте предупреждения преступности и злоупотребления наркотиками среди молодежи как средства обучения жизненным навыкам, а также его усилия по устранению рисков, которые представляют для молодежи коррупция и преступность в спорте, в том числе посредством разработки инструментов и оказания технической помощи в рамках Глобальной программы осуществления Дохинской декларации «На пути к формированию культуры законопослушания» и Глобальной программы «Защита спорта от коррупции и преступности»;</p>
        </content>
      </paragraph>
      <paragraph eId="para_27" class="MercuryDocument">
        <num>	7.</num>
        <content eId="para_27__content">
          <p xml:space="preserve">
            <span class="italic">просит</span> Управление Организации Объединенных Наций по наркотикам и преступности в соответствии с его мандатом и в тесной координации с государствами-членами, а также в сотрудничестве с соответствующими международными организациями и партнерами продолжать работу по поиску и распространению информации и успешных видов практики, касающихся использования спорта и спортивного обучения в контексте предупреждения преступности и насилия, включая предупреждение насилия в отношении женщин и детей, а также в контексте социальной реинтеграции правонарушителей, и предоставлять консультации и поддержку разработчикам политики и специалистам-практикам; </p>
        </content>
      </paragraph>
      <paragraph eId="para_28" class="MercuryDocument">
        <num>	8.</num>
        <content eId="para_28__content">
          <p xml:space="preserve">
            <span class="italic">призывает</span> государства-члены укреплять меры по поддержке молодежи на местном уровне в интересах устранения факторов риска, порождающих преступность и насилие, и рекомендует государствам-членам с этой целью создавать объекты и разрабатывать программы для занятий спортом и досуга; </p>
        </content>
      </paragraph>
      <paragraph eId="para_29" class="MercuryDocument">
        <num>	9.</num>
        <content eId="para_29__content">
          <p xml:space="preserve">
            <span class="italic">рекомендует</span> государствам-членам в сотрудничестве с соответствующими заинтересованными сторонами более широко использовать спортивные мероприятия в целях содействия предупреждению преступности среди молодежи в начальной, средней и высшей школах и социальной реинтеграции молодых правонарушителей, а также предупреждения рецидивной преступности среди них, и в этой связи поощрять проведение эффективных исследований, мониторинга и оценки соответствующих инициатив, в том числе инициатив, связанных с борьбой с бандитизмом, для определения их результативности и способствовать этой деятельности;</p>
        </content>
      </paragraph>
      <paragraph eId="para_30" class="MercuryDocument">
        <num>	10.</num>
        <content eId="para_30__content">
          <p xml:space="preserve">
            <span class="italic">предлагает</span> государствам-членам рассмотреть вопрос о выработке четких стратегических рамок, в которых спортивные инициативы могут вызывать позитивные перемены в сфере предупреждения преступности и уголовного правосудия; </p>
        </content>
      </paragraph>
      <paragraph eId="para_31" class="MercuryDocument">
        <num>	11.</num>
        <content eId="para_31__content">
          <p xml:space="preserve">
            <span class="italic">просит</span> Управление Организации Объединенных Наций по наркотикам и преступности созвать совещание группы экспертов в тесной координации с государствами-членами и в сотрудничестве со всеми соответствующими структурами Организации Объединенных Наций, в частности Организацией Объединенных Наций по вопросам образования, науки и культуры, Детским фондом Организации Объединенных Наций и Департаментом по экономическим и социальным вопросам Секретариата, институтами сети программы Организации Объединенных Наций в области предупреждения преступности и уголовного правосудия, и такими спортивными организациями, как Международный олимпийский комитет и Международная федерация футбола, для изучения эффективных путей и средств интеграции спорта в ориентированную на молодежь деятельность в области предупреждения преступности и уголовного правосудия на основе существующих программ и с учетом целей в области устойчивого развития и других соответствующих планов действий, стандартов и норм Организации Объединенных Наций в целях анализа и составления комплекса наилучших видов практики, которые направлены на удовлетворение потребностей различных заинтересованных сторон и расширение общесистемной координации, и представить Комиссии по предупреждению преступности и уголовному правосудию для рассмотрения на ее двадцать девятой сессии, а также четырнадцатому Конгрессу Организации Объединенных Наций по предупреждению преступности и уголовному правосудию для ознакомления соответствующий доклад и в связи с этим приветствует предложение правительства Таиланда выступить принимающей стороной этого совещания группы экспертов в 2019 году; </p>
        </content>
      </paragraph>
      <paragraph eId="para_32" class="MercuryDocument">
        <num>	12.</num>
        <content eId="para_32__content">
          <p xml:space="preserve">
            <span class="italic">предлагает</span> институтам сети программы Организации Объединенных Наций в области предупреждения преступности и уголовного правосудия рассмотреть возможность включения в свои программы работы вопроса об интеграции спорта в ориентированную на молодежь деятельность в области предупреждения преступности и уголовного правосудия с учетом усилий государств-членов, направленных на достижение соответствующих целей в области устойчивого развития;</p>
        </content>
      </paragraph>
      <paragraph eId="para_33" class="MercuryDocument">
        <num>	13.</num>
        <content eId="para_33__content">
          <p xml:space="preserve">
            <span class="italic">просит</span> Директора-исполнителя Управления Организации Объединенных Наций по наркотикам и преступности представить Генеральному секретарю информацию о выполнении настоящей резолюции для возможного включения в его доклад об осуществлении резолюции <a href="https://undocs.org/ru/A/RES/73/24">73/24</a> от 3 декабря 2018 года о спорте как факторе обеспечения устойчивого развития, который будет представлен Генеральной Ассамблее на ее семьдесят пятой сессии; </p>
        </content>
      </paragraph>
      <paragraph eId="para_34" class="MercuryDocument">
        <num>	14.</num>
        <content eId="para_34__content">
          <p xml:space="preserve">
            <span class="italic">предлагает</span> государствам-членам и другим донорам предоставить внебюджетные ресурсы на эти цели в соответствии с правилами и процедурами Организации Объединенных Наций.</p>
        </content>
      </paragraph>
    </mainBody>
    <conclusions eId="conclusions">
      <p>
        <inline name="adoptionMeeting" title="50-e">50-e пленарное заседание</inline>
        <eol />
        <docDate date="2019-12-18" refersTo="#adoptionDate">18 декабря 2019 года</docDate>
      </p>
    </conclusions>
  </statement>
</akomaNtoso>