<akomaNtoso xmlns:xsi="http://www.w3.org/2001/XMLSchema-instance" xsi:schemaLocation="http://docs.oasis-open.org/legaldocml/ns/akn/3.0 http://docs.oasis-open.org/legaldocml/akn-core/v1.0/os/part2-specs/schemas/akomantoso30.xsd" xmlns="http://docs.oasis-open.org/legaldocml/ns/akn/3.0" xmlns:html="http://www.w3.org/1999/xhtml" xmlns:akn4un="http://un.org/akn4un">
  <statement name="resolution">
    <meta>
      <identification source="#DGACM">
        <FRBRWork>
          <FRBRthis value="/akn/un/statement/deliberation/unga/2019-12-18/74-176/!main/"></FRBRthis>
          <FRBRuri value="/akn/un/statement/deliberation/unga/2019-12-18/74-176/"></FRBRuri>
          <FRBRdate date="2019-12-18" name="adoption"></FRBRdate>
          <FRBRauthor href="ga" as="author"></FRBRauthor>
          <FRBRcountry value="un"></FRBRcountry>
        </FRBRWork>
        <FRBRExpression>
          <FRBRthis value="/akn/un/statement/deliberation/unga/2019-12-18/74-176/rus@!main/"></FRBRthis>
          <FRBRuri value="/akn/un/statement/deliberation/unga/2019-12-18/74-176/rus@/"></FRBRuri>
          <FRBRdate date="2020-01-23" name="publication"></FRBRdate>
          <FRBRauthor href="ga" as="issuer"></FRBRauthor>
          <FRBRlanguage language="rus"></FRBRlanguage>
        </FRBRExpression>
        <FRBRManifestation>
          <FRBRthis value="/akn/un/statement/deliberation/unga/2019-12-18/74-176/rus@/!main.xml"></FRBRthis>
          <FRBRuri value="/akn/un/statement/deliberation/unga/2019-12-18/74-176/rus@.xml"></FRBRuri>
          <FRBRdate date="2020-08-29" name="markup"></FRBRdate>
          <FRBRauthor href="DGACM" as="editor"></FRBRauthor>
        </FRBRManifestation>
      </identification>
      <classification source="http://metadata.un.org/sdg">
        <keyword value="3" href="http://metadata.un.org/sdg/3" showAs="sdg_3" dictionary="SDGO"></keyword>
        <keyword value="public_health" href="http://eurovoc.europa.eu/3885" showAs="public_health" dictionary="EuroVoc"></keyword>
        <keyword value="health" href="http://metadata.un.org/thesaurus/1002824" showAs="health" dictionary="UNBIS Thesaurus"></keyword>
      </classification>
      <classification source="http://metadata.un.org/sdg">
        <keyword value="5" href="http://metadata.un.org/sdg/5" showAs="sdg_5" dictionary="SDGO"></keyword>
        <keyword value="gender_equality" href="http://eurovoc.europa.eu/3913" showAs="gender_equality" dictionary="EuroVoc"></keyword>
        <keyword value="participation_of_women" href="http://eurovoc.europa.eu/2265" showAs="participation_of_women" dictionary="EuroVoc"></keyword>
        <keyword value="women&amp;#39;s_rights" href="http://eurovoc.europa.eu/585" showAs="women&amp;#39;s_rights" dictionary="EuroVoc"></keyword>
        <keyword value="position_of_women" href="http://eurovoc.europa.eu/81" showAs="position_of_women" dictionary="EuroVoc"></keyword>
        <keyword value="women" href="http://metadata.un.org/thesaurus/1007029" showAs="women" dictionary="UNBIS Thesaurus"></keyword>
        <keyword value="gender_equality" href="http://metadata.un.org/thesaurus/1002612" showAs="gender_equality" dictionary="UNBIS Thesaurus"></keyword>
        <keyword value="girls" href="http://metadata.un.org/thesaurus/1002684" showAs="girls" dictionary="UNBIS Thesaurus"></keyword>
      </classification>
      <classification source="http://metadata.un.org/sdg">
        <keyword value="16" href="http://metadata.un.org/sdg/16" showAs="sdg_16" dictionary="SDGO"></keyword>
        <keyword value="right_to_justice" href="http://eurovoc.europa.eu/516" showAs="right_to_justice" dictionary="EuroVoc"></keyword>
        <keyword value="sustainable_development" href="http://eurovoc.europa.eu/5585" showAs="sustainable_development" dictionary="EuroVoc"></keyword>
        <keyword value="civil_society" href="http://metadata.un.org/thesaurus/1001012" showAs="civil_society" dictionary="UNBIS Thesaurus"></keyword>
        <keyword value="justice" href="http://metadata.un.org/thesaurus/1003500" showAs="justice" dictionary="UNBIS Thesaurus"></keyword>
        <keyword value="peaceful_coexistence" href="http://metadata.un.org/thesaurus/1004777" showAs="peaceful_coexistence" dictionary="UNBIS Thesaurus"></keyword>
        <keyword value="public_institutions" href="http://metadata.un.org/thesaurus/1005254" showAs="public_institutions" dictionary="UNBIS Thesaurus"></keyword>
        <keyword value="social_justice" href="http://metadata.un.org/thesaurus/1005970" showAs="social_justice" dictionary="UNBIS Thesaurus"></keyword>
        <keyword value="sustainable_development" href="http://metadata.un.org/thesaurus/1006319" showAs="sustainable_development" dictionary="UNBIS Thesaurus"></keyword>
      </classification>
      <classification source="http://metadata.un.org/sdg">
        <keyword value="17" href="http://metadata.un.org/sdg/17" showAs="sdg_17" dictionary="SDGO"></keyword>
        <keyword value="sustainable_development" href="http://eurovoc.europa.eu/5585" showAs="sustainable_development" dictionary="EuroVoc"></keyword>
        <keyword value="partnership" href="http://eurovoc.europa.eu/4199" showAs="partnership" dictionary="EuroVoc"></keyword>
        <keyword value="sustainable_development" href="http://metadata.un.org/thesaurus/1006319" showAs="sustainable_development" dictionary="UNBIS Thesaurus"></keyword>
        <keyword value="partnership" href="http://metadata.un.org/thesaurus/1004748" showAs="partnership" dictionary="UNBIS Thesaurus"></keyword>
      </classification>
      <workflow source="#un">
        <step date="2019-11-07" outcome="draftResolution" as="A/C.3/74/L.10/Rev.1" by="Azerbaijan, Bangladesh, Belarus, China, Côte d’Ivoire, Dominican Republic, Ecuador, Kazakhstan, Kyrgyzstan, Pakistan, Russian Federation, Tajikistan, Venezuela (Bolivarian Republic of), Zambia and Zimbabwe" />
        <step date="0001-01-01" outcome="draftResolutionAdditionalSponsors" by="Algeria, Argentina, Armenia , Australia, Austria, Bahamas, Belgium, Bolivia (Plurinational State of), Bulgaria, Cabo Verde, Canada, Central African Republic, Chad, Costa Rica, Cyprus, Democratic People's Republic of Korea, Egypt, El Salvador, Equatorial Guinea, Eritrea, France, Georgia, Germany, Ghana, Greece, Guatemala, Haiti, Ireland, Israel, Italy, Jamaica, Japan, Kenya, Latvia, Liberia, Libya, Liechtenstein, Lithuania, Luxembourg, Malta, Morocco, Myanmar, Nicaragua, Nigeria, Papua New Guinea, Philippines, Poland, Portugal, Qatar, Republic of Moldova, Serbia, Seychelles, Slovakia, Spain, Sri Lanka, Sudan, Thailand, Togo, Tunisia, Turkey, Turkmenistan, United States, Uruguay, Uzbekistan and Viet Nam" />
        <step date="0001-01-01" outcome="recommendedForAdoption" as="A/74/400, as orally revised" by="" refersTo="29" />
        <step date="2019-12-18" outcome="adopted" as="A/74/PV.50" by="" />
      </workflow>
      <analysis source="#un">
        <parliamentary>
          <voting outcome="adoptedWithoutVote">
            <quorum value=""></quorum>
          </voting>
        </parliamentary>
      </analysis>
      <references source="#DGACM">
        <TLCOrganization eId="source" href="/akn/ontology/organization/un/DGACM" showAs="DGACM"></TLCOrganization>
        <TLCConcept eId="dateOfIssuance" href="/akn/ontology/concept/un/dateOfIssuance" showAs="Date of issuance"></TLCConcept>
        <TLCConcept eId="dateOfAdoption" href="/akn/ontology/concept/un/dateOfAdoption" showAs="Date of adoption"></TLCConcept>
        <TLCConcept eId="symbol" href="/akn/ontology/reference/un/symbol" showAs="Symbol"></TLCConcept>
        <TLCRole eId="publisher" href="/akn/ontology/role/un/publisher" showAs="Publisher"></TLCRole>
        <TLCRole eId="issuingBody" href="/akn/role/concept/un/issuingBody" showAs="Issuing body"></TLCRole>
        <TLCRole eId="author" href="/akn/ontology/role/un/author" showAs="Author"></TLCRole>
        <TLCRole eId="editor" href="/akn/ontology/role/un/editor" showAs="Editor"></TLCRole>
        <TLCRole eId="distribution" href="/akn/ontology/concept/un/generalDistribution" showAs="General distribution"></TLCRole>
        <TLCOrganization eId="ga" href="/akn/ontology/organization/un/generalAssembly" showAs="General Assembly"></TLCOrganization>
        <TLCTerm eId="resolutionTitle" href="/akn/ontology/reference/un/resolutionTitle" showAs="Resolution title"></TLCTerm>
        <TLCTerm eId="thirdCommittee" href="#thirdCommittee" showAs="Третий комитет"></TLCTerm>
        <TLCTerm eId="memberState" href="/akn/ontology/organization/un/memberState" showAs="Member State"></TLCTerm>
        <TLCTerm eId="inFavour" href="/akn/ontology/concept/un/voting/inFavour" showAs="In favour"></TLCTerm>
        <TLCTerm eId="against" href="/akn/ontology/concept/un/voting/against" showAs="Against"></TLCTerm>
        <TLCTerm eId="abstaining" href="/akn/ontology/concept/un/voting/abstaining" showAs="Abstaining"></TLCTerm>
      </references>
      <presentation source="#un">
        <akn4un:footerFirstPage>
          <akn4un:footerFirstPageLeft>
            <akn4un:internalCode>
              <docketNumber refersTo="#publicationJobNumber">19-22333 (R)</docketNumber>
              <img alt="bar code" class="barCode" src=""></img>
            </akn4un:internalCode>
          </akn4un:footerFirstPageLeft>
          <akn4un:footerFirstPageRight>
            <img alt="Please recycle" class="image" src="./recylcleLogo.jpg"></img>
            <img alt="embedded QR code" class="qrCode" src=""></img>
          </akn4un:footerFirstPageRight>
        </akn4un:footerFirstPage>
      </presentation>
    </meta>
    <coverPage eId="coverPage_1">
      <p>
        <span refersTo="#publisher" class="upperLeft">
          <docAuthority refersTo="#publisher">Организация Объединенных Наций</docAuthority>
        </span>
      </p>
      <p class="upperRight">
        <docNumber refersTo="#symbol">A/RES/74/176</docNumber>
      </p>
      <p class="upperLeft">
        <img src="logo-un.jpg"></img>
        <docAuthority refersTo="#issuingBody" class="rightBig">Генеральная Ассамблея</docAuthority>
      </p>
      <p>
        <docStatus refersTo="#generalDistribution" class="rightSmall">Distr.: General</docStatus>
      </p>
      <p>
        <docDate date="2020-01-23" class="rightSmall" refersTo="#dateOfIssuance">23 January 2020</docDate>
      </p>
      <p>
        <session refersTo="#generalAssembly" value="74" eId="coverPage_1__session_1">Семьдесят четвертая сессия</session>
      </p>
      <p>
        <inline name="agenda item">Пункт 106 повестки дня</inline>
      </p>
      <p>
        <inline name="agenda item name">Предупреждение преступности и уголовное правосудие</inline>
      </p>
      <p>
        <docTitle>Резолюция, принятая Генеральной Ассамблеей 18 декабря 2019 года</docTitle>
      </p>
      <p xml:space="preserve">
        <docProponent refersTo="#thirdCommittee">[по докладу Третьего комитета (<inline name="originating document">A/74/400</inline>)]</docProponent>
      </p>
    </coverPage>
    <preface>
      <p>
        <docNumber>74/176.</docNumber>
        <docTitle refersTo="#resolutionTitle">Улучшение координации усилий по борьбе с торговлей людьми</docTitle>
      </p>
    </preface>
    <preamble>
      <formula name="enactingFormula" eId="formula_1">
        <p xml:space="preserve">
          <span class="italic">Генеральная Ассамблея,</span>
        </p>
      </formula>
      <container name="вновь заявляя" eId="container_2">
        <p xml:space="preserve">
          <span class="italic">вновь заявляя</span> о своем решительном осуждении торговли людьми, особенно женщинами и детьми, которая представляет собой преступление и серьезную угрозу для достоинства и физической неприкосновенности человека, прав человека и устойчивого развития,</p>
      </container>
      <container name="вновь выражая озабоченность" eId="container_3">
        <p xml:space="preserve">
          <span class="italic">вновь выражая озабоченность</span> тем, что, несмотря на меры, постоянно принимаемые на международном, региональном и национальном уровнях, торговля людьми остается для международного сообщества одной из серьезнейших проблем, которая также препятствует осуществлению прав человека и требует более согласованных коллективных и комплексных ответных действий на международном уровне,</p>
      </container>
      <container name="памятуя" eId="container_4">
        <p xml:space="preserve">
          <span class="italic">памятуя</span> о том, что все государства обязаны принимать надлежащие меры для предупреждения и расследования преступлений, связанных с торговлей людьми, и наказания виновных, а также защиты потерпевших и оказания им помощи и что невыполнение этого обязательства нарушает и ограничивает или сводит на нет осуществление прав человека и основных свобод потерпевших,</p>
      </container>
      <container name="ссылаясь" eId="container_5">
        <p xml:space="preserve">
          <span class="italic">ссылаясь</span> на принятие Генеральной Ассамблеей Повестки дня на период до 2030 года в интересах устойчивого развития<authorialNote marker="1" placement="bottom" eId="authorialNote_1"><p xml:space="preserve">		Резолюция <a href="https://undocs.org/ru/A/RES/70/1">70/1</a>.</p></authorialNote> и напоминая о задачах, сформулированных в рамках целей в области устойчивого развития касательно ликвидации всех форм насилия в отношении всех женщин и девочек в публичной и частной сферах, включая торговлю людьми и сексуальную и иные формы эксплуатации<authorialNote marker="2" placement="bottom" eId="authorialNote_2"><p xml:space="preserve">	 	Задача 5.2.</p></authorialNote>, принятия срочных и эффективных мер для того, чтобы искоренить принудительный труд, покончить с современным рабством и торговлей людьми и обеспечить запрет и ликвидацию наихудших форм детского труда, включая вербовку и использование детей-солдат, а к 2025 году покончить с детским трудом во всех его формах<authorialNote marker="3" placement="bottom" eId="authorialNote_3"><p xml:space="preserve">	 	Задача 8.7.</p></authorialNote>, и прекращения надругательств над детьми, их эксплуатации, торговли ими и всех форм насилия и пыток в отношении детей<authorialNote marker="4" placement="bottom" eId="authorialNote_4"><p xml:space="preserve">	 	Задача 16.2.</p></authorialNote>,</p>
      </container>
      <container name="ссылаясь также" eId="container_6">
        <p xml:space="preserve">
          <span class="italic">ссылаясь также</span> на Конвенцию Организации Объединенных Наций против транснациональной организованной преступности<authorialNote marker="5" placement="bottom" eId="authorialNote_5"><p xml:space="preserve">		United Nations, <span class="italic">Treaty Series</span>, vol. 2225, No. 39574.</p></authorialNote>, а также на дополняющий ее Протокол о предупреждении и пресечении торговли людьми, особенно женщинами и детьми, и наказании за нее<authorialNote marker="6" placement="bottom" eId="authorialNote_6"><p xml:space="preserve">		Ibid., vol. 2237, No. 39574.</p></authorialNote>, в котором содержится определение преступления торговли людьми, Факультативный протокол к Конвенции о правах ребенка, касающийся торговли детьми, детской проституции и детской порнографии<authorialNote marker="7" placement="bottom" eId="authorialNote_7"><p xml:space="preserve">		Ibid., vol. 2171, No. 27531.</p></authorialNote>, и Дополнительную конвенцию об упразднении рабства, работорговли и институтов и обычаев, сходных с рабством<authorialNote marker="8" placement="bottom" eId="authorialNote_8"><p xml:space="preserve">		Ibid., vol. 266, No. 3822.</p></authorialNote>,</p>
      </container>
      <container name="принимая к сведению" eId="container_7">
        <p xml:space="preserve">
          <span class="italic">принимая к сведению</span> принятие Протокола 2014 года к Конвенции о принудительном труде 1930 года (№ 29) Международной организации труда, в котором отмечается, что торговля людьми в целях принудительного или обязательного труда является предметом возрастающего беспокойства международного сообщества,</p>
      </container>
      <container name="напоминая" eId="container_8">
        <p xml:space="preserve">
          <span class="italic">напоминая</span> о принятии Генеральной Ассамблеей в ее резолюции <a href="https://undocs.org/ru/A/RES/64/293">64/293</a> от 30 июля 2010 года Глобального плана действий Организации Объединенных Наций по борьбе с торговлей людьми и подчеркивая важность его полного осуществления,</p>
      </container>
      <container name="вновь подтверждая" eId="container_9">
        <p xml:space="preserve">
          <span class="italic">вновь подтверждая</span>, что Глобальный план действий был разработан, чтобы:</p>
      </container>
      <blockList eId="list_1">
        <item eId="list_1__item_10">
          <num>а)</num>
          <p> способствовать всеобщей ратификации Конвенции Организации Объединенных Наций против транснациональной организованной преступности и Протокола о предупреждении и пресечении торговли людьми, особенно женщинами и детьми, и наказании за нее, а также других соответствующих международных документов, касающихся торговли людьми, и повысить эффективность осуществления существующих документов о борьбе с торговлей людьми,</p>
        </item>
        <item eId="list_1__item_11">
          <num>b)</num>
          <p> способствовать укреплению политической приверженности государств-членов делу предупреждения торговли людьми и борьбы с ней, а также усилению их правовых обязательств в этой области,</p>
        </item>
        <item eId="list_1__item_12">
          <num>c)</num>
          <p> способствовать принятию на национальном, региональном и международном уровнях всеобъемлющих, скоординированных и последовательных мер по противодействию торговле людьми,</p>
        </item>
        <item eId="list_1__item_13">
          <num>d)</num>
          <p> способствовать применению правозащитного подхода, учитывающего гендерные и возрастные аспекты, при устранении всех факторов, делающих людей уязвимыми перед торговлей людьми, и укреплению мер в области уголовного правосудия, необходимых для предупреждения торговли людьми, защиты жертв и судебного преследования лиц, занимающихся торговлей людьми,</p>
        </item>
        <item eId="list_1__item_14">
          <num>e)</num>
          <p> повысить степень информированности об этой проблеме в рамках системы Организации Объединенных Наций, а также среди государств и других заинтересованных сторон, таких как частный сектор, гражданское общество и международные и национальные средства массовой информации, а также среди широкой общественности,</p>
        </item>
        <item eId="list_1__item_15">
          <num>f)</num>
          <p> укрепить сотрудничество и координацию между всеми соответствующими заинтересованными сторонами, включая государства-члены, международные организации, организации гражданского общества и частный сектор, и в рамках различных органов системы Организации Объединенных Наций с учетом имеющегося передового опыта и извлеченных уроков,</p>
        </item>
      </blockList>
      <container name="ссылаясь" eId="container_16">
        <p xml:space="preserve">
          <span class="italic">ссылаясь</span> на свои резолюции <a href="https://undocs.org/ru/A/RES/61/180">61/180</a> от 20 декабря 2006 года, <a href="https://undocs.org/ru/A/RES/64/178">64/178</a> от 18 декабря 2009 года, <a href="https://undocs.org/ru/A/RES/67/190">67/190</a> от 20 декабря 2012 года, <a href="https://undocs.org/ru/A/RES/68/192">68/192</a> от 18 декабря 2013 года, <a href="https://undocs.org/ru/A/RES/70/179">70/179</a> от 17 декабря 2015 года и <a href="https://undocs.org/ru/A/RES/72/195">72/195</a> от 19 декабря 2017 гола об улучшении координации усилий по борьбе с торговлей людьми и другие ее соответствующие резолюции по вопросу о торговле людьми,<authorialNote marker="9" placement="bottom" eId="authorialNote_9"><p xml:space="preserve">		Резолюции <a href="https://undocs.org/ru/A/RES/55/67">55/67</a>, <a href="https://undocs.org/ru/A/RES/58/137">58/137</a>, <a href="https://undocs.org/ru/A/RES/59/166">59/166</a>, <a href="https://undocs.org/ru/A/RES/61/144">61/144</a>, <a href="https://undocs.org/ru/A/RES/63/156">63/156</a> и <a href="https://undocs.org/ru/A/RES/63/194">63/194</a>.</p></authorialNote></p>
      </container>
      <container name="ссылаясь также" eId="container_17">
        <p xml:space="preserve">
          <span class="italic">ссылаясь также</span> на свои резолюции <a href="https://undocs.org/ru/A/RES/71/322">71/322</a> от 8 сентября 2017 года и <a href="https://undocs.org/ru/A/RES/73/189">73/189</a> от 17 декабря 2018 года, озаглавленные «Усиление и поощрение эффективных мер и международного сотрудничества в сфере донорства и трансплантации органов в целях предупреждения и пресечения торговли людьми для изъятия органов и торговли органами человека»,</p>
      </container>
      <container name="ссылаясь далее" eId="container_18">
        <p xml:space="preserve">
          <span class="italic">ссылаясь далее</span> на резолюцию <a href="https://undocs.org/ru/e/res/2017/18">2017/18</a> Экономического и Социального Совета от 6 июля 2017 года об осуществлении Глобального плана действий и предыдущие резолюции Совета по вопросу о торговле людьми,</p>
      </container>
      <container name="ссылаясь" eId="container_19">
        <p xml:space="preserve">
          <span class="italic">ссылаясь</span> на резолюцию <a href="https://undocs.org/ru/A/HRC/RES/32/3">32/3</a> Совета по правам человека от 30 июня 2016 года, озаглавленную «Торговля людьми, особенно женщинами и детьми: защита лиц, ставших жертвами торговли людьми или находящихся в соответствующей группе риска, особенно женщин и детей, в конфликтных и постконфликтных ситуациях»<authorialNote marker="10" placement="bottom" eId="authorialNote_10"><p xml:space="preserve">		См. <span class="italic">Официальные отчеты Генеральной Ассамблеи, семьдесят первая сессия, Дополнение № 53</span> (<a href="https://undocs.org/ru/A/71/53">A/71/53</a>), гл. V, разд. А.</p></authorialNote>, и другие соответствующие резолюции Совета о торговле людьми,</p>
      </container>
      <container name="ссылаясь также" eId="container_20">
        <p xml:space="preserve">
          <span class="italic">ссылаясь также</span> на резолюцию 27/2 Комиссии по предупреждению преступности и уголовному правосудию от 18 мая 2018 года, озаглавленную «Предупреждение торговли людьми, облегчаемой преступным использованием информационно-коммуникационных технологий, и борьба с ней»<authorialNote marker="11" placement="bottom" eId="authorialNote_11"><p xml:space="preserve">		См. <span class="italic">Официальные отчеты Экономического и Социального Совета, 2018 год, Дополнение № 10</span> (<a href="https://undocs.org/ru/E/2018/30">E/2018/30</a>), гл. I, разд. C.</p></authorialNote>, и другие соответствующие резолюции Комиссии, касающиеся торговли людьми,</p>
      </container>
      <container name="приветствуя" eId="container_21">
        <p xml:space="preserve">
          <span class="italic">приветствуя</span> принятие политической декларации об осуществлении Глобального плана действий Организации Объединенных Наций по борьбе с торговлей людьми на совещании высокого уровня Генеральной Ассамблеи, которое состоялось в Центральных учреждениях Организации Объединенных Наций в Нью-Йорке 27 и 28 сентября 2017 года<authorialNote marker="12" placement="bottom" eId="authorialNote_12"><p xml:space="preserve">		Резолюция <a href="https://undocs.org/ru/A/RES/72/1">72/1</a>.</p></authorialNote>, и ожидая проведения следующего совещания Ассамблеи высокого уровня по обзору хода осуществления Глобального плана действий, которое состоится в 2021 году, как это предусмотрено в политической декларации,</p>
      </container>
      <container name="принимая к сведению" eId="container_22">
        <p xml:space="preserve">
          <span class="italic">принимая к сведению</span> упоминание предупреждения и пресечения торговли людьми и ориентированного на учет интересов жертв подхода к решению проблемы торговли людьми в Дохинской декларации о включении вопросов предупреждения преступности и уголовного правосудия в более широкую повестку дня Организации Объединенных Наций в целях решения социальных и экономических проблем и содействия обеспечению верховенства права на национальном и международном уровнях, а также участию общественности, которая была принята тринадцатым Конгрессом Организации Объединенных Наций по предупреждению преступности и уголовному правосудию, состоявшимся 12–19 апреля 2015 года в Дохе<authorialNote marker="13" placement="bottom" eId="authorialNote_13"><p xml:space="preserve">		Резолюция <a href="https://undocs.org/ru/A/RES/70/174">70/174</a>, приложение.</p></authorialNote>,</p>
      </container>
      <container name="ссылаясь" eId="container_23">
        <p xml:space="preserve">
          <span class="italic">ссылаясь</span> на Нью-Йоркскую декларацию о беженцах и мигрантах, которая была принята на пленарном заседании Генеральной Ассамблеи высокого уровня по решению проблемы перемещений больших групп беженцев и мигрантов, состоявшемся в Центральных учреждениях Организации Объединенных Наций в Нью-Йорке 19 сентября 2016 года<authorialNote marker="14" placement="bottom" eId="authorialNote_14"><p xml:space="preserve">		Резолюция <a href="https://undocs.org/ru/A/RES/71/1">71/1</a>.</p></authorialNote>, и в которой государства заявили, что они будут, в полном объеме выполняя свои обязанности по международному праву, решительно бороться с торговлей людьми и незаконным провозом мигрантов в целях искоренения этих явлений, в том числе посредством принятия целенаправленных мер по выявлению жертв торговли людьми и тех, кто подвергается риску стать жертвами этой торговли, оказывать поддержку жертвам торговли людьми и вести работу среди лиц, пострадавших от перемещения, в целях предотвращения торговли людьми,</p>
      </container>
      <container name="признавая" eId="container_24">
        <p xml:space="preserve">
          <span class="italic">признавая</span> важную роль Межучрежденческой координационной группы по борьбе с торговлей людьми в налаживании координации и сотрудничества в глобальной борьбе с торговлей людьми в рамках существующих мандатов ее членов и партнеров<authorialNote marker="15" placement="bottom" eId="authorialNote_15"><p xml:space="preserve">		Управление Организации Объединенных Наций по наркотиками и преступности, Международная организация гражданской авиации, Международная организация уголовной полиции (Интерпол), Международная организация труда, Международная организация по миграции, Объединенная программа Организации Объединенных Наций по ВИЧ/СПИДу, Управление Верховного комиссара Организации Объединенных Наций по правам человека, Управление Верховного комиссара Организации Объединенных Наций по делам беженцев, Детский фонд Организации Объединенных Наций, Программа развития Организации Объединенных Наций, Организация Объединенных Наций по вопросам образования, науки и культуры, Структура Организации Объединенных Наций по вопросам гендерного равенства и расширения прав и возможностей женщин (Структура «ООН-женщины»), Межрегиональный научно-исследовательский институт Организации Объединенных Наций по вопросам преступности и правосудия, Фонд Организации Объединенных Наций в области народонаселения, Всемирный банк, Департамент операций по поддержанию мира Секретариата, Департамент по политическим вопросам и вопросам миростроительства Секретариата, Исполнительный директорат Контртеррористического комитета, Международный центр по разработке политики в области миграции, Канцелярия Специального представителя Генерального секретаря по вопросу о сексуальном насилии в условиях конфликта, Канцелярия по предупреждению геноцида и по вопросу об ответственности по защите и Организация по безопасности и сотрудничеству в Европе, а также Специальный докладчик Совета по правам человека по вопросу о торговле людьми, особенно женщинами и детьми, и Совет Европы в качестве партнеров Межучрежденческой координационной группы.</p></authorialNote>,</p>
      </container>
      <container name="признавая также" eId="container_25">
        <p xml:space="preserve">
          <span class="italic">признавая также</span>, что Межучрежденческая координационная группа в рамках своего мандата вносит вклад в осуществление Глобального плана действий, с удовлетворением отмечая деятельность Управления Организации Объединенных Наций по наркотикам и преступности в качестве координатора работы Координационной группы, а также деятельность членов Координационной группы, выполняющих на основе ротации функции Председателя ее рабочей группы, и побуждая всех членов Координационной группы активнее участвовать в ее деятельности,</p>
      </container>
      <container name="с удовлетворением принимая к сведению" eId="container_26">
        <p xml:space="preserve">
          <span class="italic">с удовлетворением принимая к сведению</span> работу сопредседателей Межучрежденческой координационной группы в 2019 году — Структуры Организации Объединенных Наций по вопросам гендерного равенства и расширения прав и возможностей женщин (Структура «ООН-женщины») и Организации по безопасности и сотрудничеству в Европе, — в том числе проведение первого консультативного брифинга за пределами системы Организации Объединенных Наций в Альянсе по борьбе с торговлей людьми,</p>
      </container>
      <container name="с удовлетворением принимая к сведению также" eId="container_27">
        <p xml:space="preserve">
          <span class="italic">с удовлетворением принимая к сведению также</span> тематическую направленность работы Межучрежденческой координационной группы, которая в 2018 году была посвящена торговле детьми, а в 2019 году — торговле людьми и технологиям и мерам по предотвращению торговли людьми в контексте государственных закупок, а также в деятельности Организации Объединенных Наций по закупке товаров и услуг,</p>
      </container>
      <container name="напоминая" eId="container_28">
        <p xml:space="preserve">
          <span class="italic">напоминая</span>, что при учреждении Межучрежденческой координационной группы перед ней были поставлены задачи содействовать сотрудничеству между соответствующими учреждениями Организации Объединенных Наций и другими международными организациями, участвующими в борьбе с торговлей людьми в разных странах мира, с использованием по мере возможности механизмов, уже существующих на региональном и национальном уровнях, и делиться информацией, опытом и передовой практикой учреждений-партнеров, накопленными ими в ходе работы по противодействию торговле людьми, с правительствами, международными и региональными организациями и другими соответствующими органами,</p>
      </container>
      <container name="особо отмечая" eId="container_29">
        <p xml:space="preserve">
          <span class="italic">особо отмечая</span> центральную роль Управления Организации Объединенных Наций по наркотикам и преступности в глобальной борьбе с торговлей людьми, особенно в оказании государствам-членам запрашиваемой ими технической помощи в осуществлении Конвенции Организации Объединенных Наций против транснациональной организованной преступности и Протокола о предупреждении и пресечении торговли людьми, особенно женщинами и детьми, и наказании за нее с использованием имеющихся инструментов наращивания потенциала и опыта государств-членов и привлечением специалистов из других международных организаций,</p>
      </container>
      <container name="признавая" eId="container_30">
        <p xml:space="preserve">
          <span class="italic">признавая</span> необходимость продолжать усилия в направлении налаживания глобального партнерства по противодействию торговле людьми, объединяющего всех заинтересованных субъектов, и работу по формированию более совершенного комплексного и скоординированного подхода к предотвращению торговли людьми, противодействию ей и предоставлению защиты и помощи ее жертвам через надлежащие национальные, региональные и международные механизмы,</p>
      </container>
      <container name="признавая также" eId="container_31">
        <p xml:space="preserve">
          <span class="italic">признавая также</span>, что большое значение для решения проблемы торговли людьми, особенно женщинами и детьми, имеют механизмы и инициативы двустороннего, субрегионального, регионального и международного сотрудничества, включая обмен информацией об эффективной практике, разработанные правительствами и межправительственными и неправительственными организациями,</p>
      </container>
      <container name="с удовлетворением принимая к сведению" eId="container_32">
        <p xml:space="preserve">
          <span class="italic">с удовлетворением принимая к сведению</span> различные инициативы, выдвинутые государствами-членами в Организации Объединенных Наций в целях содействия глобальной борьбе с торговлей людьми<authorialNote marker="16" placement="bottom" eId="authorialNote_16"><p xml:space="preserve">	 	Как то, в частности, Альянс 8.7; «Финансирование против рабства и торговли людьми»; призыв к действию в целях искоренения принудительного труда, современных форм рабства и торговли людьми; принципы, регулирующие деятельность правительства по борьбе с торговлей людьми в глобальных производственно-сбытовых цепочках; и Балийский процесс по проблеме незаконного провоза людей и торговли ими и связанной с этим транснациональной преступности.</p></authorialNote>,</p>
      </container>
      <container name="напоминая" eId="container_33">
        <p xml:space="preserve">
          <span class="italic">напоминая</span>, что торговля людьми подпитывается высокой прибыльностью операций и спросом, стимулирующим все формы эксплуатации, и в непропорционально большой степени затрагивает женщин и девочек, которые особенно подвержены торговле в целях сексуальной эксплуатации,</p>
      </container>
      <container name="подчеркивая" eId="container_34">
        <p xml:space="preserve">
          <span class="italic">подчеркивая</span> необходимость принимать надлежащие меры к тому, чтобы потерпевшие имели доступ к правосудию и были защищены в ходе уголовного судопроизводства, в том числе меры, призванные обеспечить, чтобы потерпевшие не подвергались наказанию за то, что стали объектами такой торговли, и не страдали от действий властей, местных жителей и родственников,</p>
      </container>
      <container name="признавая" eId="container_35">
        <p xml:space="preserve">
          <span class="italic">признавая</span>, что для эффективного противодействия угрозе торговли людьми и других современных форм рабства насущно необходимо широкое международное сотрудничество между государствами-членами и соответствующими межправительственными и неправительственными организациями,</p>
      </container>
      <container name="признавая также" eId="container_36">
        <p xml:space="preserve">
          <span class="italic">признавая также</span>, что жертвы торговли людьми нередко подвергаются множественным формам дискриминации и насилия, в том числе на почве гендерной и этнической принадлежности, возраста, инвалидности, культуры и религии, а также национального или социального происхождения, что сами эти формы дискриминации могут способствовать торговле людьми и что женщины и дети без гражданства или без регистрации рождения особенно подвержены опасности оказаться объектами торговли,</p>
      </container>
      <container name="признавая далее" eId="container_37">
        <p xml:space="preserve">
          <span class="italic">признавая далее</span> потенциальные возможности Интернета и других информационно-коммуникационных технологий в плане предупреждения торговли людьми и противодействия ей, а также в деле оказания помощи жертвам, подчеркивая необходимость расширения сотрудничества в этой области между правоохранительными органами в целях решения новых проблем, порождаемых быстрым развитием Интернета и других информационно-коммуникационных технологий, и выражая обеспокоенность по поводу того, что торговцы людьми злоупотребляют Интернетом и другими информационно-коммуникационными технологиями для содействия торговле людьми, в том числе в целях эксплуатации женщин и детей и осуществления контроля над жертвами, и отмечая в этой связи краткий тематический обзор, озаглавленный «Торговля людьми и технологии: тенденции, вызовы и возможности», опубликованный Межучрежденческой координационной,</p>
      </container>
      <container name="подчеркивая" eId="container_38">
        <p xml:space="preserve">
          <span class="italic">подчеркивая</span> необходимость поощрять и защищать права жертв торговли людьми и реинтегрировать пострадавших в общество, в том числе с учетом, в необходимых случаях, Рекомендуемых принципов и руководящих положений по вопросу о правах человека и торговле людьми<authorialNote marker="17" placement="bottom" eId="authorialNote_17"><p xml:space="preserve"><a href="https://undocs.org/ru/E/2002/68/Add.1">E/2002/68/Add.1</a>.</p></authorialNote> и комментария к ним, подготовленного Управлением Верховного комиссара Организации Объединенных Наций по правам человека, а также Руководящих принципов защиты детей — жертв торговли, разработанных Детским фондом Организации Объединенных Наций,</p>
      </container>
      <container name="приветствуя" eId="container_39">
        <p xml:space="preserve">
          <span class="italic">приветствуя</span> усилия государств-членов, учреждений Организации Объединенных Наций, международных организаций, организаций гражданского общества, частного сектора и финансовых учреждений по решению проблемы торговли людьми, в том числе женщинами и детьми, которые относятся к наиболее уязвимой группе, и подчеркивая настоятельную необходимость дальнейшей активизации их усилий и сотрудничества в деле формирования доказательной базы, в том числе посредством как можно более широкого распространения их знаний и передовых методов практической работы,</p>
      </container>
      <container name="подтверждая" eId="container_40">
        <p xml:space="preserve">
          <span class="italic">подтверждая</span>, что весьма важным компонентом борьбы с торговлей людьми является наращивание потенциала, и подчеркивая в этой связи необходимость активизировать международное сотрудничество в борьбе с торговлей людьми, а также техническую помощь странам, включая поддержку их программ развития, в целях укрепления их способности предотвращать торговлю людьми во всех ее формах,</p>
      </container>
      <container name="принимая к сведению" eId="container_41">
        <p xml:space="preserve">
          <span class="italic">принимая к сведению</span> Хартумский процесс и Декларацию, принятую в его рамках в Хартуме 16 октября 2014 года на Региональной конференции на уровне министров по вопросу о торговле людьми и их незаконном провозе через границу в районе Африканского Рога, организованной Африканским союзом, Управлением Верховного комиссара Организации Объединенных Наций по делам беженцев и Международной организацией по миграции в целях укрепления национального, регионального и международного сотрудничества и наращивания потенциала африканских стран в области борьбы с торговлей людьми и незаконным провозом мигрантов через границу,</p>
      </container>
      <container name="принимая к сведению также" eId="container_42">
        <p xml:space="preserve">
          <span class="italic">принимая к сведению также</span> второй План работы по борьбе с торговлей людьми в Западном полушарии на 2015–2018 годы, принятый государствами — членами Организации американских государств на четвертом Совещании национальных органов власти по вопросу о торговле людьми, состоявшемся 4 и 5 декабря 2014 года в Бразилиа, и продленный до 2020 года государствами — членами на пятом Совещании национальных органов власти по вопросу о торговле людьми, состоявшемся 12 и 13 марта 2018 года в Вашингтоне, округ Колумбия,</p>
      </container>
      <container name="признавая" eId="container_43">
        <p xml:space="preserve">
          <span class="italic">признавая</span>, что сам Глобальный план действий и Целевой фонд добровольных взносов Организации Объединенных Наций для жертв торговли людьми, особенно женщинами и детьми, учрежденный во исполнение Глобального плана действий, преследуют цели повышения уровня осведомленности о положении жертв торговли людьми и оказания им гуманитарной, юридической и финансовой помощи по установленным каналам помощи, таким как правительственные, межправительственные и неправительственные организации,</p>
      </container>
      <container name="подтверждая" eId="container_44">
        <p xml:space="preserve">
          <span class="italic">подтверждая</span> необходимость оказания жертвам торговли людьми гуманитарной, юридической и финансовой помощи, в том числе через правительственные, межправительственные и неправительственные организации, включая Целевой фонд добровольных взносов Организации Объединенных Наций для жертв торговли людьми, особенно женщинами и детьми, находящийся в ведении Управления Организации Объединенных Наций по наркотикам и преступности, Целевой фонд добровольных взносов Организации Объединенных Наций по современным формам рабства, находящийся в ведении Управления Верховного комиссара Организации Объединенных Наций по правам человека, и Глобальный фонд помощи Международной организации по миграции,</p>
      </container>
      <container name="принимая к сведению" eId="container_45">
        <p xml:space="preserve">
          <span class="italic">принимая к сведению</span> доклад Генерального секретаря<authorialNote marker="18" placement="bottom" eId="authorialNote_18"><p xml:space="preserve"><a href="https://undocs.org/ru/A/74/127">A/74/127</a>.</p></authorialNote>,</p>
      </container>
      <container name="принимая к сведению также" eId="container_46">
        <p xml:space="preserve">
          <span class="italic">принимая к сведению также</span> доклад Специального докладчика Совета по правам человека по вопросу о торговле людьми, особенно женщинами и детьми<authorialNote marker="19" placement="bottom" eId="authorialNote_19"><p xml:space="preserve"><a href="https://undocs.org/ru/A/74/189">A/74/189</a>.</p></authorialNote>, а также доклады Специального докладчика Совета по вопросу о современных формах рабства, включая его причины и последствия<authorialNote marker="20" placement="bottom" eId="authorialNote_20"><p xml:space="preserve"><a href="https://undocs.org/ru/A/74/179">A/74/179</a>.</p></authorialNote>, и Специального докладчика Совета по вопросу о торговле детьми и сексуальной эксплуатации детей, включая детскую проституцию, детскую порнографию и изготовление прочих материалов о сексуальных надругательствах над детьми<authorialNote marker="21" placement="bottom" eId="authorialNote_21"><p xml:space="preserve"><a href="https://undocs.org/ru/A/74/162">A/74/162</a>.</p></authorialNote>,</p>
      </container>
      <container name="признавая" eId="container_47">
        <p xml:space="preserve">
          <span class="italic">признавая</span>, что согласно Конвенции Организации Объединенных Наций против транснациональной организованной преступности учреждается Конференция участников Конвенции, призванная расширять возможности государств-участников по борьбе с транснациональной организованной преступностью, а также содействовать осуществлению Конвенции и проводить обзор хода ее осуществления, в том числе Протокола о предупреждении и пресечении торговли людьми, особенно женщинами и детьми, и наказании за нее, и в этой связи принимая к сведению резолюцию 9/1 от 19 октября 2018 года, озаглавленную «Создание Механизма обзора хода осуществления Конвенции Организации Объединенных Наций против транснациональной организованной преступности и протоколов к ней», принятую Конференцией участников на ее девятой сессии, состоявшейся в Вене 15–19 октября 2018 года<authorialNote marker="22" placement="bottom" eId="authorialNote_22"><p xml:space="preserve">		См. <a href="https://undocs.org/ru/CTOC/COP/2018/13">CTOC/COP/2018/13</a>, разд. I.A.</p></authorialNote>,</p>
      </container>
    </preamble>
    <mainBody>
      <paragraph eId="para_48" class="MercuryDocument">
        <num>	1.</num>
        <content eId="para_48__content">
          <p xml:space="preserve">
            <span class="italic">настоятельно призывает</span> государства-члены, которые еще не сделали этого, рассмотреть вопрос о том, чтобы в первоочередном порядке ратифицировать Конвенцию Организации Объединенных Наций против транснациональной организованной преступности<sup>5</sup> и Протокол о предупреждении и пресечении торговли людьми, особенно женщинами и детьми, и наказании за нее, дополняющий Конвенцию Организации Объединенных Наций против транснациональной организованной преступности<sup>6</sup>, или присоединиться к этим двум правовым актам, учитывая их центральную роль в противодействии торговле людьми, а также настоятельно призывает государства, являющиеся их участниками, к их полному и эффективному осуществлению;</p>
        </content>
      </paragraph>
      <paragraph eId="para_49" class="MercuryDocument">
        <num>	2.</num>
        <content eId="para_49__content">
          <p xml:space="preserve">
            <span class="italic">настоятельно призывает</span> государства-члены и другие заинтересованные стороны, упомянутые в Глобальном плане действий Организации Объединенных Наций по борьбе с торговлей людьми<authorialNote marker="23" placement="bottom" eId="authorialNote_23"><p xml:space="preserve">		Резолюция <a href="https://undocs.org/ru/A/RES/64/293">64/293</a>.</p></authorialNote>, и предлагает Конференции участников Конвенции Организации Объединенных Наций против транснациональной организованной преступности и соответствующим международным, региональным и субрегиональным организациям в рамках их соответствующих мандатов продолжать содействовать полному и эффективному осуществлению Глобального плана действий, в том числе посредством укрепления сотрудничества в достижении этой цели и улучшения координации своих действий;</p>
        </content>
      </paragraph>
      <paragraph eId="para_50" class="MercuryDocument">
        <num>	3.</num>
        <content eId="para_50__content">
          <p xml:space="preserve">
            <span class="italic">напоминает</span> о совещаниях Генеральной Ассамблеи на высоком уровне, проведенных 13–15 мая 2013 года в ходе ее шестьдесят седьмой сессии и 27 и 28 сентября 2017 года в ходе ее семьдесят второй сессии для оценки хода осуществления Глобального плана действий, которые, в частности, подтвердили наличие твердой политической воли к активизации усилий по борьбе с торговлей людьми;</p>
        </content>
      </paragraph>
      <paragraph eId="para_51" class="MercuryDocument">
        <num>	4.</num>
        <content eId="para_51__content">
          <p xml:space="preserve">
            <span class="italic">напоминает также</span> о принятом в ее резолюции <a href="https://undocs.org/ru/A/RES/68/192">68/192</a> решении начиная с ее семьдесят второй сессии проводить за счет имеющихся ресурсов на четырехлетней основе оценку прогресса, достигнутого в осуществлении Глобального плана действий, для анализа достижений, недостатков и проблем, в том числе в деле осуществления соответствующих правовых документов, и в этой связи постановляет созвать заседание высокого уровня Генеральной Ассамблеи, посвященное прогрессу, достигнутому в осуществлении Глобального плана действий, на ее семьдесят шестой сессии, по завершении общих прений, но не позднее декабря 2021 года;</p>
        </content>
      </paragraph>
      <paragraph eId="para_52" class="MercuryDocument">
        <num>	5.</num>
        <content eId="para_52__content">
          <p xml:space="preserve">
            <span class="italic">просит</span> Генерального секретаря и Председателя Генеральной Ассамблеи принять в тесном сотрудничестве и координации с государствами-членами все надлежащие меры к организации указанного заседания высокого уровня;</p>
        </content>
      </paragraph>
      <paragraph eId="para_53" class="MercuryDocument">
        <num>	6.</num>
        <content eId="para_53__content">
          <p xml:space="preserve">
            <span class="italic">напоминает</span> о своем решении провозгласить 30 июля Всемирным днем борьбы с торговлей людьми, который будет отмечаться ежегодно, и, приветствуя мероприятия, проведенные по случаю Всемирного дня государствами-членами, учреждениями Организации Объединенных Наций, другими международными организациями и гражданским обществом на международном, региональном и национальном уровнях, предлагает всем заинтересованным сторонам продолжать отмечать Всемирный день в целях повышения осведомленности о проблеме торговли людьми и о положении жертв этого преступления и в интересах поощрения и защиты их прав;</p>
        </content>
      </paragraph>
      <paragraph eId="para_54" class="MercuryDocument">
        <num>	7.</num>
        <content eId="para_54__content">
          <p xml:space="preserve">
            <span class="italic">выражает солидарность</span> с лицами, ставшими жертвами и пострадавшими от торговли людьми, <span class="italic">и сострадание</span> по отношению к ним и призывает в полной мере уважать их права человека и в сотрудничестве с гражданским обществом и другими соответствующими партнерами обеспечивать жертвам торговли людьми надлежащий уход и оказывать им помощь, в том числе предоставлять им в соответствующих случаях услуги по переводу на их языки и язык жестов и услуги по реабилитации;</p>
        </content>
      </paragraph>
      <paragraph eId="para_55" class="MercuryDocument">
        <num>	8.</num>
        <content eId="para_55__content">
          <p xml:space="preserve">
            <span class="italic">выражает поддержку</span> деятельности Управления Организации Объединенных Наций по наркотикам и преступности, подтверждает просьбу к Генеральному секретарю оказывать достаточную поддержку Комиссии по предупреждению преступности и уголовному правосудию и предлагает государствам-членам перечислять Управлению добровольные взносы, предназначенные для оказания государствам-членам помощи по их просьбе;</p>
        </content>
      </paragraph>
      <paragraph eId="para_56" class="MercuryDocument">
        <num>	9.</num>
        <content eId="para_56__content">
          <p xml:space="preserve">
            <span class="italic">рекомендует</span> Управлению Организации Объединенных Наций по наркотикам и преступности сотрудничать с соответствующими международными организациями, не относящимися к системе Организации Объединенных Наций, и предложить таким организациям и заинтересованным государствам-членам участвовать, в соответствующих случаях, в заседаниях Межучрежденческой координационной группы по борьбе с торговлей людьми и информировать государства-члены о расписании заседаний Координационной группы и о ходе ее работы;</p>
        </content>
      </paragraph>
      <paragraph eId="para_57" class="MercuryDocument">
        <num>	10.</num>
        <content eId="para_57__content">
          <p xml:space="preserve">
            <span class="italic">принимает к сведению</span> консультативные брифинги для государств-членов, организованные Межучрежденческой координационной группой в Центральных учреждениях Организации Объединенных Наций в июне и октябре 2018 года и посвященные работе и первоочередным задачам Координационной группы в 2018 году и в последующий период, и с удовлетворением принимает к сведению участие в брифингах Организации по безопасности и сотрудничеству в Европе в качестве первой региональной организации, ставшей партнером и сопредседателем Координационной группы в 2019 году, а также Совета Европы и Специального докладчика Совета по правам человека по вопросу о торговле людьми, особенно женщинами и детьми, в качестве партнеров Координационной группы;</p>
        </content>
      </paragraph>
      <paragraph eId="para_58" class="MercuryDocument">
        <num>	11.</num>
        <content eId="para_58__content">
          <p xml:space="preserve">
            <span class="italic">приветствует</span> проведение первого совещания Межучрежденческой координационной группы на уровне руководителей соответствующих учреждений и организаций системы Организации Объединенных Наций, включая учреждения, не являющиеся действующими членами Координационной группы, которое состоялось в Лондоне 2 мая 2018 года и способствовало перезагрузке Координационной группы в качестве форума для обмена мнениями по вопросам политики, и с признательностью отмечает проведение 29 июня 2018 года в Центральных учреждениях Организации Объединенных Наций брифинга для государств-членов и других соответствующих партнеров касательно итогов этого совещания и будущей деятельности Координационной группы, а также просит Управление Организации Объединенных Наций по наркотикам и преступности в качестве координатора Координационной группы продолжать созывать такие совещания Координационной группы на уровне руководителей на регулярной основе и в этой связи принимает к сведению роль Организации по безопасности и сотрудничеству в Европе в качестве первой региональной организации, ставшей сопредседателем Координационной группы, а также принимает к сведению участие координатора Европейского союза по борьбе с торговлей людьми в работе Координационной группы;</p>
        </content>
      </paragraph>
      <paragraph eId="para_59" class="MercuryDocument">
        <num>	12.</num>
        <content eId="para_59__content">
          <p xml:space="preserve">
            <span class="italic">предлагает</span> региональным организациям, руководствуясь возложенными на них мандатами, входить в состав Межучрежденческой координационной группы и рассматривать вопрос о том, чтобы совместно с одним из учреждений Организации Объединенных Наций сопредседательствовать в ней, дабы активизировать обмен специальными знаниями и региональным опытом и, тем самым, укреплять международное сотрудничество в борьбе с торговлей людьми и оказании помощи жертвам этого преступления;</p>
        </content>
      </paragraph>
      <paragraph eId="para_60" class="MercuryDocument">
        <num>	13.</num>
        <content eId="para_60__content">
          <p xml:space="preserve">
            <span class="italic">принимает к сведению</span> текущий процесс, налаженный Межучрежденческой координационной группой для проведения исследований по вопросам нарождающихся тенденций в области торговли людьми и для обеспечения того, чтобы обмен информацией между соответствующими учреждениями и между странами осуществлялся в соответствии с международными и национальными правовыми рамками и с учетом требований конфиденциальности и неприкосновенности частной жизни;</p>
        </content>
      </paragraph>
      <paragraph eId="para_61" class="MercuryDocument">
        <num>	14.</num>
        <content eId="para_61__content">
          <p xml:space="preserve">	предлагает Управлению Организации Объединенных Наций по наркотикам и преступности в качестве координатора работы Межучрежденческой координационной группы и другим соответствующим учреждениям системы Организации Объединенных Наций и далее повышать эффективность своей деятельности по осуществлению соответствующих международных документов и Глобального плана действий в целях ускорения процесса искоренения торговли людьми, а также предлагает государствам-членам и другим международным и двусторонним донорам предоставлять Управлению добровольные взносы на эти цели в соответствии с политикой, правилами и процедурами Организации Объединенных Наций;</p>
        </content>
      </paragraph>
      <paragraph eId="para_62" class="MercuryDocument">
        <num>	15.</num>
        <content eId="para_62__content">
          <p xml:space="preserve">
            <span class="italic">призывает</span> государства-члены принимать во внимание такие новые методы вербовки тех, кто подвержен риску торговли людьми, как злоупотребление Интернетом, в частности для вербовки детей, принять меры для разработки адресных информационно-просветительских кампаний, в том числе ориентированных на сотрудников правоохранительных органов, службы непосредственного реагирования и отрасли, входящие в группу риска, на предмет выявления признаков торговли людьми, а также разработать специализированные программы учебной подготовки для сотрудников правоохранительных органов и работников системы уголовного правосудия;</p>
        </content>
      </paragraph>
      <paragraph eId="para_63" class="MercuryDocument">
        <num>	16.</num>
        <content eId="para_63__content">
          <p xml:space="preserve">
            <span class="italic">предлагает</span> государствам-членам устранять социальные, экономические, культурные, политические и иные факторы, которые обусловливают уязвимость людей перед торговлей людьми, такие как бедность, безработица, неравенство, гуманитарные чрезвычайные ситуации, включая вооруженные конфликты и стихийные бедствия, сексуальное насилие, дискриминация по признаку пола и социальная изоляция и маргинализация, а также культура терпимости к насилию в отношении женщин, молодежи и детей;</p>
        </content>
      </paragraph>
      <paragraph eId="para_64" class="MercuryDocument">
        <num>	17.</num>
        <content eId="para_64__content">
          <p xml:space="preserve">
            <span class="italic">призывает</span> государства-члены, международные организации, организации гражданского общества и частный сектор, в случае необходимости на основе партнерства, активизировать и поддержать усилия по предупреждению торговли людьми в странах происхождения, транзита и назначения, сосредотачивая национальное и глобальное внимание на цепочках спроса и предложения, наличие которых подпитывает все формы торговли людьми, и на товарах и услугах, производимых в результате торговли людьми;</p>
        </content>
      </paragraph>
      <paragraph eId="para_65" class="MercuryDocument">
        <num>	18.</num>
        <content eId="para_65__content">
          <p xml:space="preserve">
            <span class="italic">рекомендует</span> государствам-членам принять законодательные и другие меры для предупреждения, пресечения и искоренения торговли людьми в контексте международной миграции, а именно укреплять потенциал и активизировать международное сотрудничество в расследовании случаев торговли людьми, судебном преследовании и наказании виновных, противодействовать спросу, порождающему эксплуатацию, ведущую к торговле людьми, и положить конец безнаказанности участников сетей торговцев людьми;</p>
        </content>
      </paragraph>
      <paragraph eId="para_66" class="MercuryDocument">
        <num>	19.</num>
        <content eId="para_66__content">
          <p xml:space="preserve">
            <span class="italic">рекомендует также</span> государствам-членам сотрудничать в вопросах, касающихся торговли людьми, с Межучрежденческой координационной группой и в этой связи принимает к сведению опубликованные Координационной группой практические рекомендации по разработке и оценке программ борьбы с торговлей людьми, которые могут способствовать установлению общих рамок для согласования деятельности и определения и оценки прогресса, а также добровольного формирования прочной общей фактологической основы для разработки эффективных программ и практических мер по борьбе с торговлей людьми;</p>
        </content>
      </paragraph>
      <paragraph eId="para_67" class="MercuryDocument">
        <num>	20.</num>
        <content eId="para_67__content">
          <p xml:space="preserve">
            <span class="italic">рекомендует далее</span> государствам-членам сотрудничать со Специальным докладчиком Совета по правам человека по вопросу о торговле людьми, особенно женщинами и детьми, а также с другими соответствующими мандатариями специальных процедур, в том числе Специальным докладчиком Совета по вопросу о насилии в отношении женщин, его причинах и последствиях, Специальным представителем Генерального секретаря по вопросу о насилии в отношении детей, Специальным докладчиком Совета по вопросу о торговле детьми, сексуальной эксплуатации детей, включая детскую проституцию, детскую порнографию и изготовление прочих материалов о сексуальных надругательствах над детьми, и Специальным докладчиком Совета по вопросу о современных формах рабства, включая его причины и последствия;</p>
        </content>
      </paragraph>
      <paragraph eId="para_68" class="MercuryDocument">
        <num>	21.</num>
        <content eId="para_68__content">
          <p xml:space="preserve">
            <span class="italic">призывает</span> государства-члены продолжать свои усилия по введению уголовной ответственности за торговлю людьми во всех ее формах, включая эксплуатацию проституции третьими лицами и другие формы сексуальной эксплуатации, принудительный труд и услуги, рабство и обычаи, сходные с рабством, подневольное состояние и изъятие органов, особенно если это касается детей и инвалидов, и осудить эту практику и проводить расследования в отношении торговцев людьми и их посредников, подвергать их судебному преследованию и наказанию, предоставляя в то же время жертвам торговли людьми защиту и помощь, ориентированные на их интересы, при полном уважении их прав человека, и предлагает государствам-членам и далее поддерживать те учреждения Организации Объединенных Наций и международные организации, которые активно занимаются защитой потерпевших;</p>
        </content>
      </paragraph>
      <paragraph eId="para_69" class="MercuryDocument">
        <num>	22.</num>
        <content eId="para_69__content">
          <p xml:space="preserve">
            <span class="italic">призывает также</span> государства-члены принять меры по содействию воссоединению семей жертв торговли людьми, когда это уместно и безопасно, особенно в тех случаях, когда жертвами являются дети, при обеспечении первоочередного учета интересов ребенка;</p>
        </content>
      </paragraph>
      <paragraph eId="para_70" class="MercuryDocument">
        <num>	23.</num>
        <content eId="para_70__content">
          <p xml:space="preserve">
            <span class="italic">отмечает</span> проведение 21 и 22 мая 2014 года в Бангкоке второго консультативного совещания на тему укрепления партнерских отношений с национальными докладчиками и соответствующими механизмами в сфере борьбы с торговлей людьми, организаторами которого совместно выступили Управление Организации Объединенных Наций по наркотикам и преступности, Специальный докладчик по вопросу о торговле людьми, особенно женщинами и детьми, и Управление Верховного комиссара Организации Объединенных Наций по правам человека, и создание неофициальной сети таких механизмов по всему миру для последовательной борьбы с торговлей людьми и обмена информацией и передовой практикой, накопленной различными странами, просит Управление Организации Объединенных Наций по наркотикам и преступности продолжать свою работу по сбору информации о национальных усилиях по противодействию торговле людьми, а также о соответствующих национальных механизмах, дабы обеспечить государствам-членам доступ к самым свежим данным, и предлагает государствам-членам проводить у себя консультативные совещания соответствующих национальных механизмов, занимающихся проблемой торговли людьми, продолжая межнациональный диалог и обмен информацией по общим проблемам;</p>
        </content>
      </paragraph>
      <paragraph eId="para_71" class="MercuryDocument">
        <num>	24.</num>
        <content eId="para_71__content">
          <p xml:space="preserve">
            <span class="italic">просит</span> Управление Организации Объединенных Наций по наркотикам и преступности как управляющего целевым фондом добровольных взносов Организации Объединенных Наций для жертв торговли людьми, особенно женщинами и детьми, и впредь поощрять внесение государствами и всеми другими соответствующими заинтересованными сторонами взносов в целевой фонд;</p>
        </content>
      </paragraph>
      <paragraph eId="para_72" class="MercuryDocument">
        <num>	25.</num>
        <content eId="para_72__content">
          <p xml:space="preserve">
            <span class="italic">с удовлетворением отмечает</span> публикацию на двухгодичной основе Всемирного доклада о торговле людьми, который подготавливается Управлением Организации Объединенных Наций по наркотикам и преступности, с интересом ожидает следующий такой доклад, который будет подготовлен Управлением в 2020 году в соответствии с Глобальным планом действий, и призывает государства-члены предоставлять Управлению собранные на основе фактических материалов данные о схемах, потоках и формах торговли людьми, в том числе осуществляемой для целей изъятия органов;</p>
        </content>
      </paragraph>
      <paragraph eId="para_73" class="MercuryDocument">
        <num>	26.</num>
        <content eId="para_73__content">
          <p xml:space="preserve">
            <span class="italic">просит</span> Генерального секретаря представить Генеральной Ассамблее на ее семьдесят шестой сессии доклад об осуществлении настоящей резолюции с рекомендациями о путях повышения оперативности и улучшения координации усилий по борьбе с торговлей людьми.</p>
        </content>
      </paragraph>
    </mainBody>
    <conclusions eId="conclusions">
      <p>
        <inline name="adoptionMeeting" title="50-e">50-e пленарное заседание</inline>
        <eol />
        <docDate date="2019-12-18" refersTo="#adoptionDate">18 декабря 2019 года</docDate>
      </p>
    </conclusions>
  </statement>
</akomaNtoso>