<akomaNtoso xmlns:xsi="http://www.w3.org/2001/XMLSchema-instance" xsi:schemaLocation="http://docs.oasis-open.org/legaldocml/ns/akn/3.0 http://docs.oasis-open.org/legaldocml/akn-core/v1.0/os/part2-specs/schemas/akomantoso30.xsd" xmlns="http://docs.oasis-open.org/legaldocml/ns/akn/3.0" xmlns:html="http://www.w3.org/1999/xhtml" xmlns:akn4un="http://un.org/akn4un">
  <statement name="resolution">
    <meta>
      <identification source="#DGACM">
        <FRBRWork>
          <FRBRthis value="/akn/un/statement/deliberation/unga/2019-12-13/74-103/!main/"></FRBRthis>
          <FRBRuri value="/akn/un/statement/deliberation/unga/2019-12-13/74-103/"></FRBRuri>
          <FRBRdate date="2019-12-13" name="adoption"></FRBRdate>
          <FRBRauthor href="ga" as="author"></FRBRauthor>
          <FRBRcountry value="un"></FRBRcountry>
        </FRBRWork>
        <FRBRExpression>
          <FRBRthis value="/akn/un/statement/deliberation/unga/2019-12-13/74-103/rus@!main/"></FRBRthis>
          <FRBRuri value="/akn/un/statement/deliberation/unga/2019-12-13/74-103/rus@/"></FRBRuri>
          <FRBRdate date="2019-12-27" name="publication"></FRBRdate>
          <FRBRauthor href="ga" as="issuer"></FRBRauthor>
          <FRBRlanguage language="rus"></FRBRlanguage>
        </FRBRExpression>
        <FRBRManifestation>
          <FRBRthis value="/akn/un/statement/deliberation/unga/2019-12-13/74-103/rus@/!main.xml"></FRBRthis>
          <FRBRuri value="/akn/un/statement/deliberation/unga/2019-12-13/74-103/rus@.xml"></FRBRuri>
          <FRBRdate date="2020-08-29" name="markup"></FRBRdate>
          <FRBRauthor href="DGACM" as="editor"></FRBRauthor>
        </FRBRManifestation>
      </identification>
      <classification source="http://metadata.un.org/sdg">
        <keyword value="3" href="http://metadata.un.org/sdg/3" showAs="sdg_3" dictionary="SDGO"></keyword>
        <keyword value="public_health" href="http://eurovoc.europa.eu/3885" showAs="public_health" dictionary="EuroVoc"></keyword>
        <keyword value="health" href="http://metadata.un.org/thesaurus/1002824" showAs="health" dictionary="UNBIS Thesaurus"></keyword>
      </classification>
      <classification source="http://metadata.un.org/sdg">
        <keyword value="12" href="http://metadata.un.org/sdg/12" showAs="sdg_12" dictionary="SDGO"></keyword>
        <keyword value="consumption" href="http://eurovoc.europa.eu/139" showAs="consumption" dictionary="EuroVoc"></keyword>
        <keyword value="production" href="http://eurovoc.europa.eu/2707" showAs="production" dictionary="EuroVoc"></keyword>
        <keyword value="sustainable_consumption" href="http://metadata.un.org/thesaurus/1006318" showAs="sustainable_consumption" dictionary="UNBIS Thesaurus"></keyword>
        <keyword value="consumption" href="http://metadata.un.org/thesaurus/1001264" showAs="consumption" dictionary="UNBIS Thesaurus"></keyword>
        <keyword value="production" href="http://metadata.un.org/thesaurus/1005146" showAs="production" dictionary="UNBIS Thesaurus"></keyword>
      </classification>
      <classification source="http://metadata.un.org/sdg">
        <keyword value="14" href="http://metadata.un.org/sdg/14" showAs="sdg_14" dictionary="SDGO"></keyword>
        <keyword value="marine_life" href="http://eurovoc.europa.eu/3149" showAs="marine_life" dictionary="EuroVoc"></keyword>
        <keyword value="marine_environment" href="http://eurovoc.europa.eu/5742" showAs="marine_environment" dictionary="EuroVoc"></keyword>
        <keyword value="ocean" href="http://eurovoc.europa.eu/2107" showAs="ocean" dictionary="EuroVoc"></keyword>
        <keyword value="sea" href="http://eurovoc.europa.eu/1870" showAs="sea" dictionary="EuroVoc"></keyword>
        <keyword value="marine_resources" href="http://metadata.un.org/thesaurus/030800" showAs="marine_resources" dictionary="UNBIS Thesaurus"></keyword>
        <keyword value="marine_resources" href="http://metadata.un.org/thesaurus/1003922" showAs="marine_resources" dictionary="UNBIS Thesaurus"></keyword>
        <keyword value="oceans_and_seas" href="http://metadata.un.org/thesaurus/170600" showAs="oceans_and_seas" dictionary="UNBIS Thesaurus"></keyword>
      </classification>
      <workflow source="#un">
        <step date="0001-01-01" outcome="draftResolution" by="submitted by the Special Committee on the Situation with regard to the Implementation of the Declaration on the Granting of Independence to Colonial Countries and Peoples" />
        <step date="0001-01-01" outcome="draftResolutionAdditionalSponsors" by="" />
        <step date="0001-01-01" outcome="recommendedForAdoption" as="A/74/418" by="" refersTo="39" />
        <step date="2019-12-13" outcome="adopted" as="A/74/PV.47" by="" />
      </workflow>
      <analysis source="#un">
        <parliamentary>
          <voting outcome="adoptedWithoutVote">
            <quorum value=""></quorum>
          </voting>
        </parliamentary>
      </analysis>
      <references source="#DGACM">
        <TLCOrganization eId="source" href="/akn/ontology/organization/un/DGACM" showAs="DGACM"></TLCOrganization>
        <TLCConcept eId="dateOfIssuance" href="/akn/ontology/concept/un/dateOfIssuance" showAs="Date of issuance"></TLCConcept>
        <TLCConcept eId="dateOfAdoption" href="/akn/ontology/concept/un/dateOfAdoption" showAs="Date of adoption"></TLCConcept>
        <TLCConcept eId="symbol" href="/akn/ontology/reference/un/symbol" showAs="Symbol"></TLCConcept>
        <TLCRole eId="publisher" href="/akn/ontology/role/un/publisher" showAs="Publisher"></TLCRole>
        <TLCRole eId="issuingBody" href="/akn/role/concept/un/issuingBody" showAs="Issuing body"></TLCRole>
        <TLCRole eId="author" href="/akn/ontology/role/un/author" showAs="Author"></TLCRole>
        <TLCRole eId="editor" href="/akn/ontology/role/un/editor" showAs="Editor"></TLCRole>
        <TLCRole eId="distribution" href="/akn/ontology/concept/un/generalDistribution" showAs="General distribution"></TLCRole>
        <TLCOrganization eId="ga" href="/akn/ontology/organization/un/generalAssembly" showAs="General Assembly"></TLCOrganization>
        <TLCTerm eId="resolutionTitle" href="/akn/ontology/reference/un/resolutionTitle" showAs="Resolution title"></TLCTerm>
        <TLCTerm eId="fourthCommittee" href="#fourthCommittee" showAs="Комитет по специальным политическим вопросам и вопросам деколонизации"></TLCTerm>
        <TLCTerm eId="memberState" href="/akn/ontology/organization/un/memberState" showAs="Member State"></TLCTerm>
        <TLCTerm eId="inFavour" href="/akn/ontology/concept/un/voting/inFavour" showAs="In favour"></TLCTerm>
        <TLCTerm eId="against" href="/akn/ontology/concept/un/voting/against" showAs="Against"></TLCTerm>
        <TLCTerm eId="abstaining" href="/akn/ontology/concept/un/voting/abstaining" showAs="Abstaining"></TLCTerm>
      </references>
      <presentation source="#un">
        <akn4un:footerFirstPage>
          <akn4un:footerFirstPageLeft>
            <akn4un:internalCode>
              <docketNumber refersTo="#publicationJobNumber">19-21920 (R)</docketNumber>
              <img alt="bar code" class="barCode" src=""></img>
            </akn4un:internalCode>
          </akn4un:footerFirstPageLeft>
          <akn4un:footerFirstPageRight>
            <img alt="Please recycle" class="image" src="./recylcleLogo.jpg"></img>
            <img alt="embedded QR code" class="qrCode" src=""></img>
          </akn4un:footerFirstPageRight>
        </akn4un:footerFirstPage>
      </presentation>
    </meta>
    <coverPage eId="coverPage_1">
      <p>
        <span refersTo="#publisher" class="upperLeft">
          <docAuthority refersTo="#publisher">Организация Объединенных Наций</docAuthority>
        </span>
      </p>
      <p class="upperRight">
        <docNumber refersTo="#symbol">A/RES/74/103</docNumber>
      </p>
      <p class="upperLeft">
        <img src="logo-un.jpg"></img>
        <docAuthority refersTo="#issuingBody" class="rightBig">Генеральная Ассамблея</docAuthority>
      </p>
      <p>
        <docStatus refersTo="#generalDistribution" class="rightSmall">Distr.: General</docStatus>
      </p>
      <p>
        <docDate date="2019-12-27" class="rightSmall" refersTo="#dateOfIssuance">27 December 2019</docDate>
      </p>
      <p>
        <session refersTo="#generalAssembly" value="74" eId="coverPage_1__session_1">Семьдесят четвертая сессия</session>
      </p>
      <p>
        <inline name="agenda item">Пункт 59 повестки дня</inline>
      </p>
      <p>
        <inline name="agenda item name">Осуществление Декларации о предоставлении независимости колониальным странам и народам</inline>
      </p>
      <p>
        <docTitle>Резолюция, принятая Генеральной Ассамблеей 13 декабря 2019 года</docTitle>
      </p>
      <p xml:space="preserve">
        <docProponent refersTo="#fourthCommittee">[по докладу Комитета по специальным политическим вопросам и вопросам деколонизации (Четвертый комитет) (<inline name="originating document">A/74/418</inline>)]</docProponent>
      </p>
    </coverPage>
    <preface>
      <p>
        <docNumber>74/103.</docNumber>
        <docTitle refersTo="#resolutionTitle">Вопрос о Французской Полинезии</docTitle>
      </p>
    </preface>
    <preamble>
      <formula name="enactingFormula" eId="formula_1">
        <p xml:space="preserve">
          <span class="italic">Генеральная Ассамблея</span>,</p>
      </formula>
      <container name="рассмотрев" eId="container_2">
        <p xml:space="preserve">
          <span class="italic">рассмотрев</span> вопрос о Французской Полинезии,</p>
      </container>
      <container name="изучив" eId="container_3">
        <p xml:space="preserve">
          <span class="italic">изучив</span> главу доклада Специального комитета по вопросу о ходе осуществления Декларации о предоставлении независимости колониальным странам и народам за 2019 год, касающуюся Французской Полинезии<authorialNote marker="1" placement="bottom" eId="authorialNote_1"><p xml:space="preserve"><span class="italic">Официальные отчеты Генеральной Ассамблеи, семьдесят четвертая сессия, Дополнение № 23</span> (А/74/23), гл. IX.</p></authorialNote>,</p>
      </container>
      <container name="принимая к сведению" eId="container_4">
        <p xml:space="preserve">
          <span class="italic">принимая к сведению</span> рабочий документ, подготовленный Секретариатом по Французской Полинезии<authorialNote marker="2" placement="bottom" eId="authorialNote_2"><p xml:space="preserve"><a href="https://undocs.org/ru/A/AC.109/2019/7">A/AC.109/2019/7</a>.</p></authorialNote>, и другую соответствующую информацию,</p>
      </container>
      <container name="подтверждая" eId="container_5">
        <p xml:space="preserve">
          <span class="italic">подтверждая</span> право народов на самоопределение, закрепленное в Уставе Организации Объединенных Наций, согласно всем соответствующим резолюциям, включая резолюции Генеральной Ассамблеи <a href="https://undocs.org/ru/A/RES/1514 (XV)">1514 (XV)</a> от 14 декабря 1960 года и <a href="https://undocs.org/ru/A/RES/1541 (XV)">1541 (XV)</a> от 15 декабря 1960 года,</p>
      </container>
      <container name="ссылаясь" eId="container_6">
        <p xml:space="preserve">
          <span class="italic">ссылаясь</span> на свою резолюцию <a href="https://undocs.org/ru/A/RES/67/265">67/265</a> под названием «Самоопределение Французской Полинезии» от 17 мая 2013 года, в которой она подтвердила неотъемлемое право народа Французской Полинезии на самоопределение и независимость в соответствии с главой XI Устава и своей резолюцией <a href="https://undocs.org/ru/A/RES/1514 (XV)">1514 (XV)</a>, признала, что Французская Полинезия остается несамоуправляющейся территорией по смыслу Устава, и заявила, что правительство Франции в качестве управляющей державы территории обязано согласно статье 73 e) Устава передавать информацию о Французской Полинезии,</p>
      </container>
      <container name="принимая к сведению" eId="container_7">
        <p xml:space="preserve">
          <span class="italic">принимая к сведению</span> посвященный Французской Полинезии раздел Заключительного документа восемнадцатого среднесрочного совещания Движения неприсоединившихся стран на уровне министров, состоявшегося 3–6 апреля 2018 года в Баку,</p>
      </container>
      <container name="выражая озабоченность" eId="container_8">
        <p xml:space="preserve">
          <span class="italic">выражая озабоченность</span> по поводу того, что спустя 59 лет после принятия Декларации о предоставлении независимости колониальным странам и народам<authorialNote marker="3" placement="bottom" eId="authorialNote_3"><p xml:space="preserve">		Резолюция <a href="https://undocs.org/ru/A/RES/1514 (XV)">1514 (XV)</a>.</p></authorialNote> все еще остается 17 несамоуправляющихся территорий, включая Французскую Полинезию,</p>
      </container>
      <container name="признавая" eId="container_9">
        <p xml:space="preserve">
          <span class="italic">признавая</span>, что все имеющиеся варианты самоопределения территорий являются обоснованными, если они отвечают свободно выраженным пожеланиям соответствующих народов с учетом специфики каждой конкретной ситуации и соответствуют четко сформулированным принципам, содержащимся в резолюциях <a href="https://undocs.org/ru/A/RES/1514 (XV)">1514 (XV)</a>, <a href="https://undocs.org/ru/A/RES/1541 (XV)">1541 (XV)</a> и других соответствующих резолюциях Ассамблеи,</p>
      </container>
      <container name="признавая также" eId="container_10">
        <p xml:space="preserve">
          <span class="italic">признавая также</span>, что конкретные особенности и чаяния народа Французской Полинезии требуют гибких, практичных и новаторских подходов к вариантам самоопределения, независимо от размера территории, географического местоположения, численности населения или наличия природных ресурсов,</p>
      </container>
      <container name="подтверждая" eId="container_11">
        <p xml:space="preserve">
          <span class="italic">подтверждая</span> неотъемлемые права народа Французской Полинезии на то, чтобы владеть своими природными ресурсами, включая морские ресурсы и подводные полезные ископаемые, осуществлять над ними контроль и распоряжаться ими,</p>
      </container>
      <container name="сознавая" eId="container_12">
        <p xml:space="preserve">
          <span class="italic">сознавая</span> ответственность управляющей державы за обеспечение полного и скорейшего осуществления Декларации в отношении Французской Полинезии,</p>
      </container>
      <container name="памятуя" eId="container_13">
        <p xml:space="preserve">
          <span class="italic">памятуя</span> о том, что Специальному комитету для более четкого понимания политического статуса народов территорий и эффективного выполнения своего мандата с учетом специфики каждой конкретной ситуации важно получать от управляющих держав и из других соответствующих источников, в том числе от представителей территорий, информацию о пожеланиях и чаяниях народов этих территорий,</p>
      </container>
      <container name="признавая" eId="container_14">
        <p xml:space="preserve">
          <span class="italic">признавая</span> существенное воздействие на здоровье людей и окружающую среду ядерных испытаний, проводившихся управляющей державой в территории на протяжении 30 лет, признавая также обеспокоенность жителей территории по поводу последствий этой деятельности для жизни и здоровья населения, особенно детей и уязвимых групп, а также для окружающей среды региона и принимая во внимание резолюцию <a href="https://undocs.org/ru/A/RES/73/261">73/261</a> Генеральной Ассамблеи от 22 декабря 2018 года, озаглавленную «Действие атомной радиации»,</p>
      </container>
      <container name="ссылаясь" eId="container_15">
        <p xml:space="preserve">
          <span class="italic">ссылаясь</span> на доклад Генерального секретаря о последствиях проводившихся во Французской Полинезии на протяжении 30 лет ядерных испытаний для окружающей среды, экологии и здоровья населения, а также других последствиях таких испытаний<authorialNote marker="4" placement="bottom" eId="authorialNote_4"><p xml:space="preserve"><a href="https://undocs.org/ru/A/72/74">A/72/74</a>.</p></authorialNote>, подготовленный во исполнение пункта 7 резолюции <a href="https://undocs.org/ru/A/RES/71/120">71/120</a> Генеральной Ассамблеи от 6 декабря 2016 года,</p>
      </container>
      <container name="отмечая" eId="container_16">
        <p xml:space="preserve">
          <span class="italic">отмечая</span>, что в феврале 2017 года управляющая держава внесла в закон о признании лиц пострадавшими от ядерных испытаний и предоставлении им компенсации<authorialNote marker="5" placement="bottom" eId="authorialNote_5"><p xml:space="preserve">		Закон № 2010-2 от 5 января 2010 года о признании лиц пострадавшими от ядерных испытаний и предоставлении им компенсации.</p></authorialNote> поправки, позволяющие получить компенсацию большему числу пострадавших,</p>
      </container>
      <container name="считая" eId="container_17">
        <p xml:space="preserve">
          <span class="italic">считая</span> необходимым, чтобы Специальный комитет стремился к тому, чтобы надлежащие органы Организации Объединенных Наций активно вели информационно-разъяснительную работу с целью помочь народам территорий получить более полное представление обо всех вариантах достижения самоопределения,</p>
      </container>
      <container name="напоминая" eId="container_18">
        <p xml:space="preserve">
          <span class="italic">напоминая</span> о получении Французской Полинезией статуса полноправного члена Форума тихоокеанских островов на сорок седьмой сессии Форума, состоявшейся 8–10 сентября 2016 года в Понпеи, Федеративные Штаты Микронезии,</p>
      </container>
      <container name="принимая к сведению" eId="container_19">
        <p xml:space="preserve">
          <span class="italic">принимая к сведению</span> заявление президента Французской Полинезии, сделанное в Комитете по специальным политическим вопросам и вопросам деколонизации (Четвертый комитет) на семьдесят третьей сессии Генеральной Ассамблеи в октябре 2018 года,</p>
      </container>
      <container name="принимая также к сведению" eId="container_20">
        <p xml:space="preserve">
          <span class="italic">принимая также к сведению</span>, что представитель правительства территории принял участие в региональном семинаре, который состоялся 2–4 мая 2019 года в Гранд-Ансе, Гренада,</p>
      </container>
      <container name="отмечая" eId="container_21">
        <p xml:space="preserve">
          <span class="italic">отмечая</span> адресованное Специальному комитету приглашение президента Французской Полинезии направить в территорию выездную миссию, которое было подтверждено его представителем на сессии Специального комитета 2019 года,</p>
      </container>
      <container name="подчеркивая" eId="container_22">
        <p xml:space="preserve">
          <span class="italic">подчеркивая</span> важность региональных связей для развития малой островной территории,</p>
      </container>
      <container name="отмечая" eId="container_23">
        <p xml:space="preserve">
          <span class="italic">отмечая</span>, что в апреле и мае 2018 года состоялись выборы в законодательные органы,</p>
      </container>
    </preamble>
    <mainBody>
      <paragraph eId="para_24" class="MercuryDocument">
        <num>	1.</num>
        <content eId="para_24__content">
          <p xml:space="preserve">
            <span class="italic">подтверждает</span> неотъемлемое право народа Французской Полинезии на самоопределение в соответствии с Уставом Организации Объединенных Наций и резолюцией <a href="https://undocs.org/ru/A/RES/1514 (XV)">1514 (XV)</a> Генеральной Ассамблеи, в которой содержится Декларация о предоставлении независимости колониальным странам и народам;</p>
        </content>
      </paragraph>
      <paragraph eId="para_25" class="MercuryDocument">
        <num>	2.</num>
        <content eId="para_25__content">
          <p xml:space="preserve">
            <span class="italic">подтверждает также</span>, что в конечном счете самому народу Французской Полинезии предстоит свободно определить свой будущий политический статус согласно соответствующим положениям Устава, Декларации и соответствующим резолюциям Генеральной Ассамблеи, и в этой связи призывает управляющую державу, действуя в сотрудничестве с правительством территории и надлежащими органами системы Организации Объединенных Наций, разрабатывать для территории программы политического просвещения в целях обеспечения более широкого осознания народом Французской Полинезии своего права на самоопределение с использованием законных путей обретения политического статуса, основанных на принципах, которые четко определены в резолюции <a href="https://undocs.org/ru/A/RES/1541 (XV)">1541 (XV)</a> Ассамблеи и других соответствующих резолюциях и решениях;</p>
        </content>
      </paragraph>
      <paragraph eId="para_26" class="MercuryDocument">
        <num>	3.</num>
        <content eId="para_26__content">
          <p xml:space="preserve">
            <span class="italic">ссылается </span>на сделанное представителем правительства территории в 2019 году на Карибском региональном семинаре заявление, в котором он вновь обратился с призывом исключить Французскую Полинезию из списка несамоуправляющихся территорий, и принимает к сведению резолюцию № 2013‑3, которая была принята Ассамблеей Французской Полинезии 30 мая 2013 года и которой отменялась принятая ею же в 2011 году резолюция с просьбой вновь включить Французскую Полинезию в этот список;</p>
        </content>
      </paragraph>
      <paragraph eId="para_27" class="MercuryDocument">
        <num>	4.</num>
        <content eId="para_27__content">
          <p xml:space="preserve">
            <span class="italic">подтверждает</span> в этой связи резолюцию <a href="https://undocs.org/ru/A/RES/67/265">67/265</a> Генеральной Ассамблеи, в которой предусматривалось повторное включение Французской Полинезии в список несамоуправляющихся территорий, и с особым вниманием принимает к сведению выводы по итогам независимой оценки самоуправления территории, которые были представлены Комитету по специальным политическим вопросам и вопросам деколонизации (Четвертый комитет) 4 октября 2016 года<authorialNote marker="6" placement="bottom" eId="authorialNote_6"><p xml:space="preserve">		См. <a href="https://undocs.org/ru/A/C.4/71/SR.3">A/C.4/71/SR.3</a>, пп. 71–72.</p></authorialNote> и согласно которым территория не достигла полноценного самоуправления;</p>
        </content>
      </paragraph>
      <paragraph eId="para_28" class="MercuryDocument">
        <num>	5.</num>
        <content eId="para_28__content">
          <p xml:space="preserve">
            <span class="italic">призывает</span> управляющую державу принимать участие в работе Специального комитета по вопросу о ходе осуществления Декларации о предоставлении независимости колониальным странам и народам и в полной мере сотрудничать с ним в целях осуществления положений статьи 73 e) Устава и Декларации, а также информирования Специального комитета об осуществлении положений статьи 73 b) Устава об усилиях по содействию развитию самоуправления во Французской Полинезии и призывает управляющую державу оказывать содействие выездным и специальным миссиям в эту территорию;</p>
        </content>
      </paragraph>
      <paragraph eId="para_29" class="MercuryDocument">
        <num>	6.</num>
        <content eId="para_29__content">
          <p xml:space="preserve">
            <span class="italic">призывает также</span> управляющую державу оказать содействие в направлении выездной миссии в территорию и просит Председателя Специального комитета предпринять для этого все необходимые шаги;</p>
        </content>
      </paragraph>
      <paragraph eId="para_30" class="MercuryDocument">
        <num>	7.</num>
        <content eId="para_30__content">
          <p xml:space="preserve">
            <span class="italic">выражает сожаление</span> по поводу того, что с тех пор, как в 2013 году Генеральная Ассамблея повторно включила Французскую Полинезию в список несамоуправляющихся территорий, управляющая держава не отвечала на просьбы представить информацию об этой территории согласно статье 73 e) Устава;</p>
        </content>
      </paragraph>
      <paragraph eId="para_31" class="MercuryDocument">
        <num>	8.</num>
        <content eId="para_31__content">
          <p xml:space="preserve">
            <span class="italic">подтверждает</span>, что управляющая держава обязана передавать информацию согласно главе XI Устава, и просит управляющую державу передать Генеральному секретарю такую информацию о Французской Полинезии, какая требуется согласно Уставу;</p>
        </content>
      </paragraph>
      <paragraph eId="para_32" class="MercuryDocument">
        <num>	9.</num>
        <content eId="para_32__content">
          <p xml:space="preserve">
            <span class="italic">настоятельно призывает</span> управляющую державу обеспечивать постоянный суверенитет народа Французской Полинезии над его природными ресурсами, включая морские ресурсы и подводные полезные ископаемые, согласно соответствующим резолюциям Генеральной Ассамблеи;</p>
        </content>
      </paragraph>
      <paragraph eId="para_33" class="MercuryDocument">
        <num>	10.</num>
        <content eId="para_33__content">
          <p xml:space="preserve">
            <span class="italic">принимает к сведению</span> усилия, прилагаемые управляющей державой в отношении признания жертв ядерных испытаний и предоставления им компенсации, и в связи с этим рекомендует управляющей державе предпринять соответствующие шаги;</p>
        </content>
      </paragraph>
      <paragraph eId="para_34" class="MercuryDocument">
        <num>11.</num>
        <content eId="para_34__content">
          <p xml:space="preserve">
            <span class="italic">вновь обращается</span> к Генеральному секретарю с просьбой непрерывно представлять обновленную информацию о последствиях проводившихся во Французской Полинезии на протяжении 30 лет ядерных испытаний для окружающей среды, экологии и здоровья населения, а также других последствиях таких испытаний в качестве обновления к докладу Генерального Секретаря по этому вопросу<sup>4</sup>, подготовленному во исполнение пункта 7 резолюции <a href="https://undocs.org/ru/A/RES/71/120">71/120</a> Генеральной Ассамблеи;</p>
        </content>
      </paragraph>
      <paragraph eId="para_35" class="MercuryDocument">
        <num>	12.</num>
        <content eId="para_35__content">
          <p xml:space="preserve">
            <span class="italic">призывает</span> управляющую державу активизировать диалог с Французской Полинезией с целью содействовать скорейшему прогрессу на пути к обеспечению справедливого и эффективного процесса самоопределения, в рамках которого будут согласованы условия и сроки для акта самоопределения;</p>
        </content>
      </paragraph>
      <paragraph eId="para_36" class="MercuryDocument">
        <num>	13.</num>
        <content eId="para_36__content">
          <p xml:space="preserve">
            <span class="italic">просит</span> Специальный комитет продолжить изучение вопроса о несамоуправляющейся территории Французская Полинезия и представить Генеральной Ассамблее на ее семьдесят пятой сессии доклад по этому вопросу.</p>
        </content>
      </paragraph>
    </mainBody>
    <conclusions eId="conclusions">
      <p>
        <inline name="adoptionMeeting" title="47-e">47-e пленарное заседание</inline>
        <eol />
        <docDate date="2019-12-13" refersTo="#adoptionDate">13 декабря 2019 года</docDate>
      </p>
    </conclusions>
  </statement>
</akomaNtoso>