<akomaNtoso xmlns:xsi="http://www.w3.org/2001/XMLSchema-instance" xsi:schemaLocation="http://docs.oasis-open.org/legaldocml/ns/akn/3.0 http://docs.oasis-open.org/legaldocml/akn-core/v1.0/os/part2-specs/schemas/akomantoso30.xsd" xmlns="http://docs.oasis-open.org/legaldocml/ns/akn/3.0" xmlns:html="http://www.w3.org/1999/xhtml" xmlns:akn4un="http://un.org/akn4un">
  <statement name="resolution">
    <meta>
      <identification source="#DGACM">
        <FRBRWork>
          <FRBRthis value="/akn/un/statement/deliberation/unga/2019-12-18/74-121/!main/"></FRBRthis>
          <FRBRuri value="/akn/un/statement/deliberation/unga/2019-12-18/74-121/"></FRBRuri>
          <FRBRdate date="2019-12-18" name="adoption"></FRBRdate>
          <FRBRauthor href="ga" as="author"></FRBRauthor>
          <FRBRcountry value="un"></FRBRcountry>
        </FRBRWork>
        <FRBRExpression>
          <FRBRthis value="/akn/un/statement/deliberation/unga/2019-12-18/74-121/rus@!main/"></FRBRthis>
          <FRBRuri value="/akn/un/statement/deliberation/unga/2019-12-18/74-121/rus@/"></FRBRuri>
          <FRBRdate date="2020-01-10" name="publication"></FRBRdate>
          <FRBRauthor href="ga" as="issuer"></FRBRauthor>
          <FRBRlanguage language="rus"></FRBRlanguage>
        </FRBRExpression>
        <FRBRManifestation>
          <FRBRthis value="/akn/un/statement/deliberation/unga/2019-12-18/74-121/rus@/!main.xml"></FRBRthis>
          <FRBRuri value="/akn/un/statement/deliberation/unga/2019-12-18/74-121/rus@.xml"></FRBRuri>
          <FRBRdate date="2020-08-29" name="markup"></FRBRdate>
          <FRBRauthor href="DGACM" as="editor"></FRBRauthor>
        </FRBRManifestation>
      </identification>
      <classification source="http://metadata.un.org/sdg">
        <keyword value="3" href="http://metadata.un.org/sdg/3" showAs="sdg_3" dictionary="SDGO"></keyword>
        <keyword value="public_health" href="http://eurovoc.europa.eu/3885" showAs="public_health" dictionary="EuroVoc"></keyword>
        <keyword value="health" href="http://metadata.un.org/thesaurus/1002824" showAs="health" dictionary="UNBIS Thesaurus"></keyword>
      </classification>
      <classification source="http://metadata.un.org/sdg">
        <keyword value="5" href="http://metadata.un.org/sdg/5" showAs="sdg_5" dictionary="SDGO"></keyword>
        <keyword value="gender_equality" href="http://eurovoc.europa.eu/3913" showAs="gender_equality" dictionary="EuroVoc"></keyword>
        <keyword value="participation_of_women" href="http://eurovoc.europa.eu/2265" showAs="participation_of_women" dictionary="EuroVoc"></keyword>
        <keyword value="women&amp;#39;s_rights" href="http://eurovoc.europa.eu/585" showAs="women&amp;#39;s_rights" dictionary="EuroVoc"></keyword>
        <keyword value="position_of_women" href="http://eurovoc.europa.eu/81" showAs="position_of_women" dictionary="EuroVoc"></keyword>
        <keyword value="women" href="http://metadata.un.org/thesaurus/1007029" showAs="women" dictionary="UNBIS Thesaurus"></keyword>
        <keyword value="gender_equality" href="http://metadata.un.org/thesaurus/1002612" showAs="gender_equality" dictionary="UNBIS Thesaurus"></keyword>
        <keyword value="girls" href="http://metadata.un.org/thesaurus/1002684" showAs="girls" dictionary="UNBIS Thesaurus"></keyword>
      </classification>
      <classification source="http://metadata.un.org/sdg">
        <keyword value="8" href="http://metadata.un.org/sdg/8" showAs="sdg_8" dictionary="SDGO"></keyword>
        <keyword value="economic_growth" href="http://eurovoc.europa.eu/310" showAs="economic_growth" dictionary="EuroVoc"></keyword>
        <keyword value="full_employment" href="http://eurovoc.europa.eu/2427" showAs="full_employment" dictionary="EuroVoc"></keyword>
        <keyword value="unemployment" href="http://eurovoc.europa.eu/5974" showAs="unemployment" dictionary="EuroVoc"></keyword>
        <keyword value="economic_growth" href="http://metadata.un.org/thesaurus/1001854" showAs="economic_growth" dictionary="UNBIS Thesaurus"></keyword>
        <keyword value="employment" href="http://metadata.un.org/thesaurus/1002007" showAs="employment" dictionary="UNBIS Thesaurus"></keyword>
        <keyword value="full_employment" href="http://metadata.un.org/thesaurus/1002563" showAs="full_employment" dictionary="UNBIS Thesaurus"></keyword>
        <keyword value="unemployment" href="http://metadata.un.org/thesaurus/1006773" showAs="unemployment" dictionary="UNBIS Thesaurus"></keyword>
      </classification>
      <classification source="http://metadata.un.org/sdg">
        <keyword value="16" href="http://metadata.un.org/sdg/16" showAs="sdg_16" dictionary="SDGO"></keyword>
        <keyword value="right_to_justice" href="http://eurovoc.europa.eu/516" showAs="right_to_justice" dictionary="EuroVoc"></keyword>
        <keyword value="sustainable_development" href="http://eurovoc.europa.eu/5585" showAs="sustainable_development" dictionary="EuroVoc"></keyword>
        <keyword value="civil_society" href="http://metadata.un.org/thesaurus/1001012" showAs="civil_society" dictionary="UNBIS Thesaurus"></keyword>
        <keyword value="justice" href="http://metadata.un.org/thesaurus/1003500" showAs="justice" dictionary="UNBIS Thesaurus"></keyword>
        <keyword value="peaceful_coexistence" href="http://metadata.un.org/thesaurus/1004777" showAs="peaceful_coexistence" dictionary="UNBIS Thesaurus"></keyword>
        <keyword value="public_institutions" href="http://metadata.un.org/thesaurus/1005254" showAs="public_institutions" dictionary="UNBIS Thesaurus"></keyword>
        <keyword value="social_justice" href="http://metadata.un.org/thesaurus/1005970" showAs="social_justice" dictionary="UNBIS Thesaurus"></keyword>
        <keyword value="sustainable_development" href="http://metadata.un.org/thesaurus/1006319" showAs="sustainable_development" dictionary="UNBIS Thesaurus"></keyword>
      </classification>
      <workflow source="#un">
        <step date="2019-11-11" outcome="draftResolution" as="A/C.3/74/L.8/Rev.1" by="Armenia, Austria, Bosnia and Herzegovina, Cabo Verde, Côte d’Ivoire, Croatia, Cyprus, Czechia, France, Greece, Guinea-Bissau, Italy, Japan, Jordan, Kazakhstan, Malta, Namibia, Paraguay, Philippines, Poland, Portugal, Sao Tome and Principe, Slovenia, Spain, Sri Lanka, Timor-Leste and Venezuela (Bolivarian Republic of)" />
        <step date="0001-01-01" outcome="draftResolutionAdditionalSponsors" by="Albania, Andorra, Angola, Antigua and Barbuda, Argentina, Azerbaijan, Belgium, Benin, Bolivia (Plurinational State of), Bulgaria, Burkina Faso, Chile, Costa Rica, Denmark, Dominican Republic, Ecuador, El Salvador, Equatorial Guinea, Eritrea, Estonia, Fiji, Finland, Georgia, Germany, Ghana, Guinea, Iceland, India, Ireland, Kenya, Kyrgyzstan, Latvia, Lebanon, Lesotho, Liberia, Lithuania, Luxembourg, Madagascar, Malaysia, Mali, Marshall Islands, Mexico, Monaco, Mongolia, Montenegro, Morocco, Netherlands, North Macedonia, Norway, Palau, Panama, Peru, Republic of Korea, Romania, Rwanda, San Marino, Senegal, Serbia, Slovakia, South Africa, Sweden, Switzerland, Tajikistan, Thailand, Togo, Tunisia, Uganda, Ukraine, United Kingdom, United Republic of Tanzania, Uruguay, Uzbekistan, Zambia and Zimbabwe" />
        <step date="0001-01-01" outcome="recommendedForAdoption" as="A/74/391" by="" refersTo="49" />
        <step date="2019-12-18" outcome="adopted" as="A/74/PV.50" by="" />
      </workflow>
      <analysis source="#un">
        <parliamentary>
          <voting outcome="adoptedWithoutVote">
            <quorum value=""></quorum>
          </voting>
        </parliamentary>
      </analysis>
      <references source="#DGACM">
        <TLCOrganization eId="source" href="/akn/ontology/organization/un/DGACM" showAs="DGACM"></TLCOrganization>
        <TLCConcept eId="dateOfIssuance" href="/akn/ontology/concept/un/dateOfIssuance" showAs="Date of issuance"></TLCConcept>
        <TLCConcept eId="dateOfAdoption" href="/akn/ontology/concept/un/dateOfAdoption" showAs="Date of adoption"></TLCConcept>
        <TLCConcept eId="symbol" href="/akn/ontology/reference/un/symbol" showAs="Symbol"></TLCConcept>
        <TLCRole eId="publisher" href="/akn/ontology/role/un/publisher" showAs="Publisher"></TLCRole>
        <TLCRole eId="issuingBody" href="/akn/role/concept/un/issuingBody" showAs="Issuing body"></TLCRole>
        <TLCRole eId="author" href="/akn/ontology/role/un/author" showAs="Author"></TLCRole>
        <TLCRole eId="editor" href="/akn/ontology/role/un/editor" showAs="Editor"></TLCRole>
        <TLCRole eId="distribution" href="/akn/ontology/concept/un/generalDistribution" showAs="General distribution"></TLCRole>
        <TLCOrganization eId="ga" href="/akn/ontology/organization/un/generalAssembly" showAs="General Assembly"></TLCOrganization>
        <TLCTerm eId="resolutionTitle" href="/akn/ontology/reference/un/resolutionTitle" showAs="Resolution title"></TLCTerm>
        <TLCTerm eId="thirdCommittee" href="#thirdCommittee" showAs="Третий комитет"></TLCTerm>
        <TLCTerm eId="memberState" href="/akn/ontology/organization/un/memberState" showAs="Member State"></TLCTerm>
        <TLCTerm eId="inFavour" href="/akn/ontology/concept/un/voting/inFavour" showAs="In favour"></TLCTerm>
        <TLCTerm eId="against" href="/akn/ontology/concept/un/voting/against" showAs="Against"></TLCTerm>
        <TLCTerm eId="abstaining" href="/akn/ontology/concept/un/voting/abstaining" showAs="Abstaining"></TLCTerm>
      </references>
      <presentation source="#un">
        <akn4un:footerFirstPage>
          <akn4un:footerFirstPageLeft>
            <akn4un:internalCode>
              <docketNumber refersTo="#publicationJobNumber">19-22041 (R)</docketNumber>
              <img alt="bar code" class="barCode" src=""></img>
            </akn4un:internalCode>
          </akn4un:footerFirstPageLeft>
          <akn4un:footerFirstPageRight>
            <img alt="Please recycle" class="image" src="./recylcleLogo.jpg"></img>
            <img alt="embedded QR code" class="qrCode" src=""></img>
          </akn4un:footerFirstPageRight>
        </akn4un:footerFirstPage>
      </presentation>
    </meta>
    <coverPage eId="coverPage_1">
      <p>
        <span refersTo="#publisher" class="upperLeft">
          <docAuthority refersTo="#publisher">Организация Объединенных Наций</docAuthority>
        </span>
      </p>
      <p class="upperRight">
        <docNumber refersTo="#symbol">A/RES/74/121</docNumber>
      </p>
      <p class="upperLeft">
        <img src="logo-un.jpg"></img>
        <docAuthority refersTo="#issuingBody" class="rightBig">Генеральная Ассамблея</docAuthority>
      </p>
      <p>
        <docStatus refersTo="#generalDistribution" class="rightSmall">Distr.: General</docStatus>
      </p>
      <p>
        <docDate date="2020-01-10" class="rightSmall" refersTo="#dateOfIssuance">10 January 2020</docDate>
      </p>
      <p>
        <session refersTo="#generalAssembly" value="74" eId="coverPage_1__session_1">Семьдесят четвертая сессия</session>
      </p>
      <p>
        <inline name="agenda item">Пункт 25 b) повестки дня</inline>
      </p>
      <p>
        <inline name="agenda item name">Социальное развитие: социальное развитие, включая вопросы, касающиеся мирового социального положения и молодежи, пожилых людей, инвалидов и семьи</inline>
      </p>
      <p>
        <docTitle>Резолюция, принятая Генеральной Ассамблеей 18 декабря 2019 года</docTitle>
      </p>
      <p xml:space="preserve">
        <docProponent refersTo="#thirdCommittee">[по докладу Третьего комитета (<inline name="originating document">A/74/391</inline>)]</docProponent>
      </p>
    </coverPage>
    <preface>
      <p>
        <docNumber>74/121.</docNumber>
        <docTitle refersTo="#resolutionTitle">Политика и программы, касающиеся молодежи</docTitle>
      </p>
    </preface>
    <preamble>
      <formula name="enactingFormula" eId="formula_1">
        <p xml:space="preserve">
          <span class="italic">Генеральная Ассамблея</span>,</p>
      </formula>
      <container name="ссылаясь" eId="container_2">
        <p xml:space="preserve">
          <span class="italic">ссылаясь</span> на Всемирную программу действий, касающуюся молодежи, которая была принята Генеральной Ассамблеей в ее резолюциях <a href="https://undocs.org/ru/A/RES/50/81">50/81</a> от 14 декабря 1995 года и <a href="https://undocs.org/ru/A/RES/62/126">62/126</a> от 18 декабря 2007 года,</p>
      </container>
      <container name="ссылаясь также" eId="container_3">
        <p xml:space="preserve">
          <span class="italic">ссылаясь также</span> на Всеобщую декларацию прав человека<authorialNote marker="1" placement="bottom" eId="authorialNote_1"><p xml:space="preserve">		Резолюция <a href="https://undocs.org/ru/A/RES/217 (III)">217 A (III)</a>.</p></authorialNote> и соответствующие международные документы по правам человека, в частности Международный пакт о гражданских и политических правах<authorialNote marker="2" placement="bottom" eId="authorialNote_2"><p xml:space="preserve">		См. резолюцию <a href="https://undocs.org/ru/A/RES/2200 (XXI)">2200 A (XXI)</a>, приложение.</p></authorialNote>, Международный пакт об экономических, социальных и культурных правах<sup>2</sup> и Конвенцию о правах ребенка,<authorialNote marker="3" placement="bottom" eId="authorialNote_3"><p xml:space="preserve">		United Nations, <span class="italic">Treaty Series</span>, vol. 1577, No. 27531.</p></authorialNote></p>
      </container>
      <container name="ссылаясь далее" eId="container_4">
        <p xml:space="preserve">
          <span class="italic">ссылаясь далее</span> на резолюцию <a href="https://undocs.org/ru/A/RES/70/1">70/1</a> Генеральной Ассамблеи от 25 сентября 2015 года, озаглавленную «Преобразование нашего мира: Повестка дня в области устойчивого развития на период до 2030 года», в которой Ассамблея впервые назвала детей и молодежь движущей силой перемен, и признавая тот факт, что цели в области устойчивого развития носят комплексный, неделимый и глобальный характер и поэтому все без исключения применимы к молодежи,</p>
      </container>
      <container name="напоминая" eId="container_5">
        <p xml:space="preserve">
          <span class="italic">напоминая</span> о том, что развитие молодежи не только является исключительно важным фактором достижения Повестки дня в области устойчивого развития на период до 2030 года, но и признано таковым в других программных документах по вопросам развития, в том числе в Аддис-Абебской программе действий третьей Международной конференции по финансированию развития<authorialNote marker="4" placement="bottom" eId="authorialNote_4"><p xml:space="preserve">		Резолюция <a href="https://undocs.org/ru/A/RES/69/313">69/313</a>, приложение.</p></authorialNote>, Стамбульской декларации<authorialNote marker="5" placement="bottom" eId="authorialNote_5"><p xml:space="preserve"><span class="italic">Доклад четвертой Конференции Организации Объединенных Наций по наименее развитым странам, 9–13 мая 2011 года, Стамбул, Турция,</span> (<a href="https://undocs.org/ru/A/CONF.219/7">A/CONF.219/7</a>), гл. I.</p></authorialNote> и Программе действий для наименее развитых стран на десятилетие 2011–2020 годов<authorialNote marker="6" placement="bottom" eId="authorialNote_6"><p xml:space="preserve">		Там же, гл. II.</p></authorialNote>, Программе действий по ускоренному развитию малых островных развивающихся государств («Путь Самоа»)<authorialNote marker="7" placement="bottom" eId="authorialNote_7"><p xml:space="preserve">		Резолюция <a href="https://undocs.org/ru/A/RES/69/15">69/15</a>, приложение.</p></authorialNote>, Нью-Йоркской декларации о беженцах и мигрантах<authorialNote marker="8" placement="bottom" eId="authorialNote_8"><p xml:space="preserve">		Резолюция <a href="https://undocs.org/ru/A/RES/71/1">71/1</a>.</p></authorialNote>, итоговом документе Конференции Организации Объединенных Наций по жилью и устойчивому городскому развитию (Хабитат III)<authorialNote marker="9" placement="bottom" eId="authorialNote_9"><p xml:space="preserve">		Резолюция <a href="https://undocs.org/ru/A/RES/71/256">71/256</a>, приложение.</p></authorialNote>, итоговом документе совещания высокого уровня Генеральной Ассамблеи, посвященного оценке осуществления Глобального плана действий Организации Объединенных Наций по борьбе с торговлей людьми<authorialNote marker="10" placement="bottom" eId="authorialNote_10"><p xml:space="preserve">		Резолюция <a href="https://undocs.org/ru/A/RES/72/1">72/1</a>.</p></authorialNote>, и всех соответствующих международных документах или обязательствах, касающихся мигрантов и беженцев,</p>
      </container>
      <container name="подтверждая" eId="container_6">
        <p xml:space="preserve">
          <span class="italic">подтверждая</span>, что решение задач по соблюдению прав человека, удовлетворению потребностей и обеспечению благополучия молодежи, в том числе подростков и молодых женщин, играет решающую роль в достижении целей Повестки дня в области устойчивого развития на период до 2030 года, а также целей других конференций и встреч на высшем уровне Организации Объединенных Наций, включая Венскую декларацию и Программу действий<authorialNote marker="11" placement="bottom" eId="authorialNote_11"><p xml:space="preserve"><a href="https://undocs.org/ru/A/CONF.157/24">A/CONF.157/24</a> (Part I), гл. III.</p></authorialNote>, Программу действий Международной конференции по народонаселению и развитию<authorialNote marker="12" placement="bottom" eId="authorialNote_12"><p xml:space="preserve"><span class="italic">Доклад Международной конференции по народонаселению и развитию, Каир, 5–13 сентября 1994 года </span>(издание Организации Объединенных Наций, в продаже под номером R.95.XIII.18), гл. I, резолюция 1, приложение.</p></authorialNote>, Пекинскую декларацию и Платформу действий<authorialNote marker="13" placement="bottom" eId="authorialNote_13"><p xml:space="preserve"><span class="italic">Доклад четвертой Всемирной конференции по положению женщин, Пекин, 4–15 сентября 1995 года</span> (издание Организации Объединенных Наций, в продаже под № R.96.IV.13), гл. I, резолюция 1, приложения I и II.</p></authorialNote> и конференции по рассмотрению их действия,</p>
      </container>
      <container name="приветствуя" eId="container_7">
        <p xml:space="preserve">
          <span class="italic">приветствуя</span> эффективное участие представителей молодежи в составе национальных делегаций в работе Генеральной Ассамблеи Экономического и Социального Совета и его функциональных комиссий и соответствующих конференций Организации Объединенных Наций,</p>
      </container>
      <container name="учитывая" eId="container_8">
        <p xml:space="preserve">
          <span class="italic">учитывая</span> важность участия молодежи в мероприятиях в ознаменование семьдесят пятой годовщины Организации Объединенных Наций в 2020 году, которая будет посвящена теме «Будущее, которого мы хотим, Организация Объединенных Наций, которая нам нужна: подтверждая нашу коллективную приверженность многосторонности»<authorialNote marker="14" placement="bottom" eId="authorialNote_14"><p xml:space="preserve">		См. резолюцию <a href="https://undocs.org/ru/A/RES/73/299">73/299</a>.</p></authorialNote>, тридцатой годовщины принятия Конвенции о правах ребенка в 2019 году<authorialNote marker="15" placement="bottom" eId="authorialNote_15"><p xml:space="preserve">		См. резолюцию <a href="https://undocs.org/ru/A/RES/73/301">73/301</a>.</p></authorialNote> и двадцать пятой годовщины четвертой Всемирной конференции по положению женщин в 2020 году<authorialNote marker="16" placement="bottom" eId="authorialNote_16"><p xml:space="preserve">		См. резолюцию <a href="https://undocs.org/ru/A/RES/73/340">73/340</a>.</p></authorialNote>, </p>
      </container>
      <container name="отмечая" eId="container_9">
        <p xml:space="preserve">
          <span class="italic">отмечая</span>, что 2019 год был объявлен Казахстаном и Сообществом португалоязычных стран Годом молодежи,</p>
      </container>
      <container name="отмечая также " eId="container_10">
        <p xml:space="preserve">
          <span class="italic">	отмечая также </span>проведение в 2019 году в Казани, Российская Федерация, сорок пятого мирового чемпионата по профессиональному мастерству (“WorldSkills”), который способствует развитию передовых систем профессионально-технического обучения и предоставляет молодежи широкие возможности для занятия техническим творчеством,</p>
      </container>
      <container name="признавая" eId="container_11">
        <p xml:space="preserve">
          <span class="italic">признавая</span> важный вклад молодежного форума Экономического и Социального Совета в осуществление Повестки дня в области устойчивого развития на период до 2030 года и то, что он служит для молодых людей важной платформой для активного обмена мнениями с ответственными за принятие решений и представителями правительств и гражданского общества,</p>
      </container>
      <container name="отмечая" eId="container_12">
        <p xml:space="preserve">
          <span class="italic">	отмечая</span> созыв Генеральным секретарем Молодежного саммита по климату, состоявшегося в ходе семьдесят четвертой сессии Генеральной Ассамблеи, на котором собрались молодые люди, активно занимающиеся деятельностью, связанной с изменением климата, вместе с правительствами, Организацией Объединенных Наций и частным сектором, чтобы обсудить вопросы, волнующие молодежь, а также наметить пути решения при непосредственном участии молодежи связанных с климатом проблем и в этой связи отмечая также принятие молодежного обязательства «Квон-Геш»,</p>
      </container>
      <container name="признавая" eId="container_13">
        <p xml:space="preserve">
          <span class="italic">признавая</span>, что нынешнее поколение молодежи является самым многочисленным в истории, и в этой связи подтверждая важность подключения молодежи и возглавляемых молодежью и ориентированных на ее интересы организаций к деятельности Организации Объединенных Наций на национальном, региональном и международном уровнях по всем затрагивающим их вопросам, включая осуществление Всемирной программы действий, касающейся молодежи, и Повестки дня в области устойчивого развития на период до 2030 года,</p>
      </container>
      <container name="учитывая" eId="container_14">
        <p xml:space="preserve">
          <span class="italic">	учитывая</span>, что многие страны добиваются прогресса в достижении всеобщего охвата услугами здравоохранения к 2030 году и что хорошее здоровье и благополучие молодых людей тесно связаны с их способностью завершить свое образование и реализовать возможности трудоустройства,</p>
      </container>
      <container name="учитывая также" eId="container_15">
        <p xml:space="preserve">
          <span class="italic">	учитывая также</span>, что девушки в возрасте от 15 до 24 лет наиболее уязвимы для ВИЧ-инфицирования: среди них показатели инфицирования в два или три (в зависимости от региона) раза выше, чем среди юношей, при этом они также сталкиваются со множеством угроз и вызовов в сфере охраны здоровья,</p>
      </container>
      <container name="учитывая далее" eId="container_16">
        <p xml:space="preserve">
          <span class="italic">учитывая далее</span>, что наличие многочисленного молодого населения создает широкие возможности для развития, а также подчеркивая в этой связи важность создания государствами-членами, во взаимодействии с системой Организации Объединенных Наций, надлежащих политических условий для реализации демографического дивиденда, обусловленного большой долей молодых людей, пополняющих ряды рабочей силы, одновременно с принятием всеохватывающего и ориентированного на результаты подхода к планированию и осуществлению процесса развития в соответствии с национальными приоритетами и законами и особо отмечая в этой связи решение Африканского союза провозгласить 2017 год Годом реализации демографического дивиденда путем вложения средств в развитие молодежи,</p>
      </container>
      <container name="подтверждая" eId="container_17">
        <p xml:space="preserve">
          <span class="italic">подтверждая</span>, что одной из наиболее сложных задач, которую необходимо решить, является обеспечение достойной работы и качественной занятости для молодежи, а также особо отмечая те приоритетные направления Всемирной программы действий, касающейся молодежи, которые затрагивают способность молодежи к трудоустройству, включая качественное образование и здравоохранение и доступ к информации и технологиям, и принимая во внимание, что более 59 миллионов молодых людей не имеют работы, а 138 миллионов работающей молодежи живут в условиях нищеты, в том числе крайней нищеты,</p>
      </container>
      <container name="подчеркивая" eId="container_18">
        <p xml:space="preserve">
          <span class="italic">подчеркивая</span> необходимость расширения прав и возможностей молодежи, включая молодых женщин и девушек, в целях достижения устойчивого развития и особо отмечая в этой связи предусмотренное в Повестке дня в области устойчивого развития на период до 2030 года обязательство ликвидировать нищету и существенно сократить долю молодежи, которая не работает, не учится и не приобретает профессиональных навыков, и разработать и ввести в действие глобальную стратегию обеспечения занятости молодежи, и в этой связи принимает к сведению призыв к действиям, направленным на борьбу с кризисом занятости среди молодежи, с которым выступили Международная организация труда и Глобальная инициатива по обеспечению достойных рабочих мест для молодежи,</p>
      </container>
      <container name="подчеркивая также" eId="container_19">
        <p xml:space="preserve">
          <span class="italic">подчеркивая также</span> необходимость существенного увеличения числа молодых и взрослых людей, обладающих востребованными навыками, в том числе профессионально-техническими навыками, для трудоустройства, получения достойной работы и занятия предпринимательской деятельностью и обеспечения к 2030 году того, чтобы все молодые люди и значительная доля взрослого населения, как мужчин, так и женщин, умели читать, писать и считать,</p>
      </container>
      <container name="напоминая" eId="container_20">
        <p xml:space="preserve">
          <span class="italic">напоминая</span> о том, что государства-члены призваны играть важную роль в поощрении и защите прав и в удовлетворении потребностей и чаяний молодежи, в том числе молодых людей, попавших в трудную жизненную ситуацию, и признавая, что то, каким образом молодые люди смогут реализовать свой потенциал движущей силы перемен, будет оказывать влияние на социально-экономическое положение, благосостояние и источники средств к существованию будущих поколений,</p>
      </container>
      <container name="признавая" eId="container_21">
        <p xml:space="preserve">
          <span class="italic">признавая</span> важный и конструктивный вклад молодых людей в усилия по поддержанию и содействию обеспечению мира и безопасности,</p>
      </container>
      <container name="ссылаясь" eId="container_22">
        <p xml:space="preserve">
          <span class="italic">ссылаясь</span> на Лиссабонскую декларацию по молодежной политике и программах, принятую на Всемирной конференции министров по делам молодежи в 1998 году, и в этой связи приветствуя проведение 22 и 23 июня 2019 года второй Всемирной конференции министров по делам молодежи 2019 года и Молодежного форума «Лиссабон+21» и принимая к сведению Декларацию по молодежной политике и программах<authorialNote marker="17" placement="bottom" eId="authorialNote_17"><p xml:space="preserve"><a href="https://undocs.org/ru/A/73/949">A/73/949</a>, приложение.</p></authorialNote>, </p>
      </container>
      <container name="приветствуя" eId="container_23">
        <p xml:space="preserve">
          <span class="italic">приветствуя</span> роль, которую играет Посланник Генерального секретаря по делам молодежи, и ее работу по удовлетворению потребностей молодежи, а также, в частности, ее работу по согласованию усилий с различными подразделениями Организации Объединенных Наций, правительствами, гражданским обществом, молодежными организациями и представителями научных кругов и средств массовой информации в целях усиления, упрочения и укрепления позиции молодых людей в системе Организации Объединенных Наций и за ее пределами,</p>
      </container>
      <container name="отмечая" eId="container_24">
        <p xml:space="preserve">
          <span class="italic">отмечая</span>, что в сентябре 2018 года Генеральный секретарь объявил о начале осуществления Молодежной стратегии Организации Объединенных Наций «Молодежь–2030», направленной на удовлетворение потребностей молодежи и реализацию ее потенциала в качестве движущей силы перемен, и о создании глобального партнерства «Поколение без границ», призванного обеспечить, чтобы к 2030 году все без исключения молодые люди имели возможность получить образование, пройти обучение и профессиональную подготовку или трудоустроиться,</p>
      </container>
      <container name="отмечая также" eId="container_25">
        <p xml:space="preserve">
          <span class="italic">	отмечая также</span> разработку руководящих принципов и инструментов для рассмотрения государствами, касающихся правозащитных обязательств государств предоставлять государственное образование,</p>
      </container>
    </preamble>
    <mainBody>
      <paragraph eId="para_26" class="SingleTxt">
        <num>	1.</num>
        <content eId="para_26__content">
          <p xml:space="preserve">
            <span class="italic">с удовлетворением принимает к сведению</span> доклад Генерального секретаря<authorialNote marker="18" placement="bottom" eId="authorialNote_18"><p xml:space="preserve"><a href="https://undocs.org/ru/A/74/175">A/74/175</a>.</p></authorialNote>;</p>
        </content>
      </paragraph>
      <paragraph eId="para_27" class="SingleTxt">
        <num>	2.</num>
        <content eId="para_27__content">
          <p xml:space="preserve">
            <span class="italic">подтверждает</span> Всемирную программу действий, касающуюся молодежи<authorialNote marker="19" placement="bottom" eId="authorialNote_19"><p xml:space="preserve">		Резолюция <a href="https://undocs.org/ru/A/RES/50/81">50/81</a>, приложение, и резолюция <a href="https://undocs.org/ru/A/RES/62/126">62/126</a>, приложение.</p></authorialNote>, и подчеркивает, что все 15 приоритетных областей Программы действий связаны между собой и подкрепляют друг друга и особо отмечает роль, которую Комиссия социального развития играет в ее осуществлении;</p>
        </content>
      </paragraph>
      <paragraph eId="para_28" class="SingleTxt">
        <num>	3.</num>
        <content eId="para_28__content">
          <p xml:space="preserve">
            <span class="italic">подтверждает также</span> предусмотренное в Повестке дня в области устойчивого развития на период до 2030 года обязательство глав государств и правительств<authorialNote marker="20" placement="bottom" eId="authorialNote_20"><p xml:space="preserve">		Резолюция <a href="https://undocs.org/ru/A/RES/70/1">70/1</a>.</p></authorialNote> не оставить без внимания никого, включая молодежь, и признание ими важности осуществления, контроля исполнения и обзора стратегий, должным образом решающих проблемы молодежи и дающих молодым людям во всем мире реальные возможности для всестороннего, эффективного, конструктивного и постоянного участия в жизни общества;</p>
        </content>
      </paragraph>
      <paragraph eId="para_29" class="SingleTxt">
        <num>	4.</num>
        <content eId="para_29__content">
          <p xml:space="preserve">
            <span class="italic">вновь заявляет</span>, что главная ответственность за осуществление Всемирной программы действий, касающейся молодежи, лежит на государствах-членах, и настоятельно призывает к тому, чтобы правительства, действуя в консультации с молодежью, возглавляемыми молодежью и ориентированными на ее интересы организациями и другими соответствующими заинтересованными сторонами, разработали комплексную, целостную, всеохватывающую и эффективную молодежную политику и программы, а также согласованные межсекторальные усилия, основанные на Программе действий и Повестке дня в области устойчивого развития на период до 2030 года, и регулярно оценивали их в рамках последующего выполнения и осуществления Программы действий на всех уровнях;</p>
        </content>
      </paragraph>
      <paragraph eId="para_30" class="SingleTxt">
        <num>	5.</num>
        <content eId="para_30__content">
          <p xml:space="preserve">
            <span class="italic">настоятельно призывает</span> государства-члены при осуществлении Всемирной программы действий, касающейся молодежи, защищать и поощрять все права человека и основные свободы, а также обеспечить реализацию и осуществление всеми молодыми людьми этих прав и свобод в полном объеме согласно Всеобщей декларации прав человека<sup>1</sup> и соответствующим международным документам по правам человека, стремясь при этом к тому, чтобы молодежная политика и программы и процессы их планирования, разработки, осуществления, мониторинга и обзора учитывали мнения, интересы и приоритеты молодежи и располагали достаточными ресурсами, были транспарентными и подотчетными; </p>
        </content>
      </paragraph>
      <paragraph eId="para_31" class="SingleTxt">
        <num>	6.</num>
        <content eId="para_31__content">
          <p xml:space="preserve">
            <span class="italic"> призывает </span>государства-члены рассмотреть на добровольной основе предложенные в докладе Генерального секретаря<authorialNote marker="21" placement="bottom" eId="authorialNote_21"><p xml:space="preserve"><a href="https://undocs.org/ru/E/CN.5/2013/8">E/CN.5/2013/8</a>.</p></authorialNote> показатели на предмет их отбора и адаптации для использования при контроле и оценке хода осуществления Всемирной программы действий, касающейся молодежи, уделяя особое внимание молодым женщинам, маргинализованным группам и молодежи, принадлежащим к уязвимым группам или находящимся в уязвимом положении, особенно тем, которые живут в районах вооруженного конфликта, с учетом национальных социально-экономических условий в каждой стране;</p>
        </content>
      </paragraph>
      <paragraph eId="para_32" class="SingleTxt">
        <num>	7.</num>
        <content eId="para_32__content">
          <p xml:space="preserve">
            <span class="italic">подчеркивает</span> необходимость укрепления и поддержки потенциала национальных статистических управлений в области планирования, сбора и анализа данных в разбивке по полу и возрасту, с тем чтобы внести эффективный вклад в последующую деятельность, подготовку докладов и обеспечение подотчетности в ходе работы по молодежным аспектам Повестки дня в области устойчивого развития на период до 2030 года;</p>
        </content>
      </paragraph>
      <paragraph eId="para_33" class="SingleTxt">
        <num>	8.</num>
        <content eId="para_33__content">
          <p xml:space="preserve">
            <span class="italic">настоятельно призывает</span> государства-члены выступать за равные возможности для всех, покончить с дискриминацией в отношении молодежи во всех ее формах, в том числе с дискриминацией по признаку расовой принадлежности, цвета кожи, пола, языка, религии, политических или иных убеждений, национального или социального происхождения, имущественного положения, рождения или иного обстоятельства, и содействовать социальной интеграции таких социальных групп, как молодые инвалиды, молодые мигранты и молодежь коренных народов, на равной основе с другими;</p>
        </content>
      </paragraph>
      <paragraph eId="para_34" class="SingleTxt">
        <num>	9.</num>
        <content eId="para_34__content">
          <p xml:space="preserve">
            <span class="italic">вновь заявляет</span>, что искоренение нищеты, голода и недоедания, особенно с учетом их воздействия на детей и молодежь, имеет крайне важное значение для осуществления Повестки дня в области устойчивого развития на период до 2030 года, напоминает об обязательстве искоренить нищету во всех ее формах и проявлениях и содействовать поступательному экономическому росту, устойчивому развитию и всеобщему процветанию для всех, включая укрепление международного сотрудничества за счет выполнения всех обязательств в отношении официальной помощи в целях развития и передачи соответствующих технологий и укрепления потенциала с учетом интересов молодежи, и о необходимости принятия безотлагательных мер на всех направлениях, включая осуществление более смелых национальных стратегий, начинаний и капиталовложений в области развития в интересах молодежи при более активной поддержке со стороны международного сообщества и, в частности, на основе обеспечения для молодых людей благоприятной среды для полной реализации их прав человека и потенциала, в целях реализации возможностей, связанных с демографическим дивидендом, обусловленным самой большой численностью молодых людей в истории человечества, и призывает к расширению участия молодежи и возглавляемых молодежью и ориентированных на ее интересы организаций и других соответствующих организаций гражданского общества в разработке таких национальных стратегий развития;</p>
        </content>
      </paragraph>
      <paragraph eId="para_35" class="SingleTxt">
        <num>	10.</num>
        <content eId="para_35__content">
          <p xml:space="preserve">
            <span class="italic">подчеркивает</span> роль качественного медико-санитарного просвещения и грамотности в улучшении состояния здоровья на протяжении всей жизни и в этой связи рекомендует государствам-членам поощрять медико-санитарное просвещение и грамотность среди молодежи, в том числе в рамках основанных на фактических данных школьных и внешкольных образовательных и информационных стратегий и программ и общественных кампаний, и расширять свободный от дискриминации доступ молодежи к недорогостоящим, безопасным, эффективным, устойчивым и соответствующим благоприятным для нее медицинским и социальным услугам, а также к безопасной питьевой воде и надлежащим услугам в области санитарии и гигиены, предоставляемым на условиях равенства, уделяя особое внимание вопросам, касающимся спорта и физической культуры, питания, включая расстройства пищевого поведения, ожирения, психического здоровья и благополучия, профилактики и последствий инфекционных и неинфекционных заболеваний и борьбы с ними, предупреждения подростковой беременности и услуг в области полового и репродуктивного здоровья, и принимая меры для повышения уровня информированности по соответствующим вопросам, и признает необходимость разработки безопасных, недорогостоящих и ориентированных на молодежь консультативных услуг и программ, направленных на предотвращение злоупотребления наркотическими средствами;</p>
        </content>
      </paragraph>
      <paragraph eId="para_36" class="SingleTxt">
        <num>	11.</num>
        <content eId="para_36__content">
          <p xml:space="preserve">
            <span class="italic">подчеркивает также</span>, что необходимо принимать меры для укрепления и улучшения психического здоровья и благополучия молодых людей, в том числе расширять оказание всеобъемлющих и комплексных услуг по профилактике нарушений психического здоровья и других психических и неврологических расстройств, включая предотвращение самоубийств, и лечение лиц с психическими расстройствами и другими нарушениями психического здоровья, а также неврологическими расстройствами, оказывать психосоциальную поддержку, в том числе развивать способность к адаптации, и при этом повышать уровень осведомленности по вопросам психического здоровья и бороться со стигматизацией и социальным давлением, содействовать благополучию, повышать эффективность профилактики и лечения наркомании, улучшать социальные детерминанты здоровья и обеспечивать полное уважение их прав человека;</p>
        </content>
      </paragraph>
      <paragraph eId="para_37" class="SingleTxt">
        <num>	12.</num>
        <content eId="para_37__content">
          <p xml:space="preserve">
            <span class="italic">призывает</span> государства-члены активизировать усилия по расширению, с учетом возрастных особенностей и культурного контекста, масштабов всестороннего и научно обоснованного просвещения девочек и мальчиков подросткового возраста и молодых женщин и мужчин в учебных заведениях и вне их с учетом их развивающихся способностей по вопросам полового и репродуктивного здоровья, гендерного равенства и расширения прав и возможностей женщин, прав человека, физического, психологического и пубертатного развития и равноправия в отношениях между женщинами и мужчинами, с тем чтобы они могли развивать чувство собственного достоинства и навыки обоснованного принятия решений, общения и уменьшения риска и налаживать уважительные взаимоотношения, в полном партнерском сотрудничестве с молодыми людьми, родителями, официальными опекунами, лицами, осуществляющими уход, и работниками сферы образования и здравоохранения;</p>
        </content>
      </paragraph>
      <paragraph eId="para_38" class="SingleTxt">
        <num>	13.</num>
        <content eId="para_38__content">
          <p xml:space="preserve">
            <span class="italic">подчеркивает</span>, что удовлетворение особых потребностей молодежи в рамках борьбы с ВИЧ и СПИДом является одним из ключевых элементов усилий, направленных на то, чтобы избавить грядущие поколения от СПИДа, и настоятельно призывает государства-члены разрабатывать высококачественные, доступные, широко распространенные и недорогостоящие услуги в сфере первичного медицинского обслуживания, в том числе в области полового и репродуктивного здоровья, а также учебные программы, включая программы, посвященные борьбе с инфекциями, передаваемыми половым путем, включая ВИЧ и СПИД, и активизировать усилия в этом направлении, в том числе за счет активного вовлечения в работу по борьбе с ВИЧ-инфекцией инфицированных или затрагиваемых ВИЧ молодых людей;</p>
        </content>
      </paragraph>
      <paragraph eId="para_39" class="SingleTxt">
        <num>	14.</num>
        <content eId="para_39__content">
          <p xml:space="preserve">
            <span class="italic">подчеркивает также</span> право на образование, признает, что вложение средств в обеспечение всеобщего, качественного и всеохватывающего образования и профессиональной подготовки является наиболее важным стратегическим капиталовложением, которое могут осуществить государства в целях обеспечения скорейшего и долгосрочного развития молодежи, и вновь заявляет о том, что обеспечение доступа к всеохватывающему и качественному формальному и неформальному образованию на всех уровнях, предоставляемому на условиях равенства, включая, при необходимости, компенсационное обучение и обучение грамоте, в том числе по вопросам информационно-коммуникационных технологий, для тех, кто не получил формального образования, информационно-коммуникационные технологии и добровольческая деятельность являются важными факторами, которые позволяют молодым людям приобрести соответствующие навыки и получить возможности, в том числе для трудоустройства и развития предпринимательства, а также достойную и производительную работу, и призывает государства-члены принять необходимые меры к обеспечению того, чтобы молодые люди, в том числе беременные подростки и молодые матери, имели доступ к таким услугам и возможностям, что позволит им стать движущей силой устойчивого развития;</p>
        </content>
      </paragraph>
      <paragraph eId="para_40" class="SingleTxt">
        <num>	15.</num>
        <content eId="para_40__content">
          <p xml:space="preserve">
            <span class="italic">признает</span> важность глубокой связи между молодежью и ее соответствующим культурным наследием и принадлежностью в качестве инструмента для налаживания позитивных отношений, основанных на уважении культурного разнообразия, ведущих к мирной интеграции, в том числе посредством реализации художественных, культурных и спортивных инициатив;</p>
        </content>
      </paragraph>
      <paragraph eId="para_41" class="SingleTxt">
        <num>	16.</num>
        <content eId="para_41__content">
          <p xml:space="preserve">
            <span class="italic">призывает</span> государства-члены активизировать свои усилия по преодолению цифрового разрыва и поощрению новаторства среди молодежи путем обеспечения полномасштабного и надлежащего учета информационно-коммуникационных технологий в программах обучения и профессиональной подготовки на всех уровнях, в том числе при разработке учебных планов, в сфере подготовки преподавателей и в области институционального административного руководства и управления, а также в целях поддержки концепции обучения на протяжении всей жизни;</p>
        </content>
      </paragraph>
      <paragraph eId="para_42" class="SingleTxt">
        <num>	17.</num>
        <content eId="para_42__content">
          <p xml:space="preserve">
            <span class="italic">настоятельно призывает</span> государства-члены более активно заниматься проблемой высокого уровня безработицы, а также неполной, нестабильной и официально не оформленной занятости среди молодежи и проблемой молодых людей, которые не работают, не учатся и не приобретают профессиональных навыков, путем выработки и проведения на местном и национальном уровнях адресной и комплексной политики обеспечения занятости молодежи, которая позволяла бы создавать рабочие места на всеохватывающей, устойчивой и инновационной основе, улучшать ситуацию в плане трудоустройства, развивать навыки и осуществлять профессионально-техническую подготовку, с тем чтобы облегчить переход от школьной парты к трудовой деятельности и улучшить взаимодействие между секторами образования и занятости с целью расширить возможности для подключения молодежи к устойчивому рынку труда и активизации новаторской деятельности и предпринимательства, включая создание на местном, национальном, региональном и глобальном уровнях сетей молодых предпринимателей, повышающих осведомленность молодых людей об их правах и обязанностях в обществе, призывает государства-члены осуществлять капиталовложения в качественное образование, поддерживать обучение на протяжении всей жизни и обеспечивать социальную защиту всех молодых людей и просит доноров, специализированные структуры Организации Объединенных Наций и частный сектор продолжать оказывать государствам-членам помощь, включая, при необходимости, техническую и финансовую поддержку;</p>
        </content>
      </paragraph>
      <paragraph eId="para_43" class="SingleTxt">
        <num>	18.</num>
        <content eId="para_43__content">
          <p xml:space="preserve">
            <span class="italic">настоятельно призывает также</span> государства-члены решать проблемы, с которыми сталкиваются девочки и молодые женщины, а также бороться с гендерными стереотипами, закрепляющими все виды дискриминации и насилия в отношении девочек и молодых женщин, включая вредоносную практику, и стереотипными представлениями о роли мужчин и женщин, которые сдерживают социальное и личное развитие, путем реализации своих обязательств по расширению прав и возможностей женщин и обеспечению гендерного равенства и прав человека всех женщин и девочек, и подключать, просвещать, поощрять и поддерживать мужчин и мальчиков, с тем чтобы они несли ответственность за свое поведение в этой связи, в том числе сексуальное и репродуктивное поведение;</p>
        </content>
      </paragraph>
      <paragraph eId="para_44" class="SingleTxt">
        <num>	19.</num>
        <content eId="para_44__content">
          <p xml:space="preserve">
            <span class="italic">настоятельно призывает далее </span>государства-члены осудить насилие в отношении девочек и молодых женщин, включая сексуальные домогательства, и подтверждает, что им не следует ссылаться ни на какие обычаи, традиции или религиозные соображения, с тем чтобы уклониться от выполнения их обязательства по искоренению насилия в отношении женщин, и безотлагательно всеми соответствующими способами проводить политику ликвидации дискриминации в отношении женщин, как это изложено в Декларации о ликвидации насилия в отношении женщин<authorialNote marker="22" placement="bottom" eId="authorialNote_22"><p xml:space="preserve">		Резолюция <a href="https://undocs.org/ru/A/RES/48/104">48/104</a>.</p></authorialNote>;</p>
        </content>
      </paragraph>
      <paragraph eId="para_45" class="SingleTxt">
        <num>	20.</num>
        <content eId="para_45__content">
          <p xml:space="preserve">
            <span class="italic">настоятельно призывает </span>государства-члены учитывать гендерную проблематику во всех усилиях в области развития, признавая, что достижение гендерного равенства и расширение прав и возможностей всех женщин и девочек имеют крайне важное значение для достижения устойчивого развития и осуществления усилий по борьбе с голодом, нищетой и болезнями, и укреплять стратегии и программы, призванные улучшать, обеспечивать и расширять всестороннее, эффективное и структурно оформленное участие молодых женщин во всех сферах политической, экономической, социальной и культурной жизни в качестве равных партнеров, и предоставлять им более широкий доступ ко всем ресурсам, необходимым для всестороннего осуществления всех их прав человека и основных свобод, посредством устранения сохраняющихся препятствий, в том числе посредством предоставления доступа к качественному образованию на всех уровнях, обеспечения равного доступа к полной и производительной занятости и достойной работе, а также укрепления их экономической независимости;</p>
        </content>
      </paragraph>
      <paragraph eId="para_46" class="SingleTxt">
        <num>	21.</num>
        <content eId="para_46__content">
          <p xml:space="preserve">
            <span class="italic">рекомендует </span>государствам-членам принимать меры, которые позволяли бы сводить к минимуму негативные последствия глобализации и максимальным образом использовать ее блага, и подчеркивает важность справедливой глобализации в плане предоставления молодым людям возможностей для получения соответствующего образования и подготовки, с тем чтобы они могли полностью раскрыть свой личный потенциал и иметь доступ к достойной работе и более широкие возможности для трудоустройства, удовлетворяющие потребностям изменяющихся рынков труда, и с тем чтобы предоставить возможность молодым мигрантам осуществлять свои права человека;</p>
        </content>
      </paragraph>
      <paragraph eId="para_47" class="SingleTxt">
        <num>	22.</num>
        <content eId="para_47__content">
          <p xml:space="preserve">
            <span class="italic">признает</span>, что международное сообщество сталкивается со все возрастающими проблемами, обусловленными изменением климата и утратой биоразнообразия, что приводит к повышению степени уязвимости и усилению неравенства и имеет прямые и косвенные последствия для благополучия молодежи и в результате чего молодежь, особенно в развивающихся странах и малых островных развивающихся государствах, может оказаться уязвимой перед негативными последствиями изменения климата, включая несоразмерно тяжелые последствия для молодежи на рынках труда в период кризисов, обусловленных изменением климата, призывает государства-члены к активизации сотрудничества и согласованным действиям с участием молодежи для решения этих проблем с учетом той позитивной роли, которую может играть в этом отношении образование молодежи, и призывает также государства-члены и впредь содействовать участию молодежи в мероприятиях по борьбе с изменением климата и учитывать интересы молодежи в процессах принятия решений по вопросам, касающимся изменения климата;</p>
        </content>
      </paragraph>
      <paragraph eId="para_48" class="SingleTxt">
        <num>	23.</num>
        <content eId="para_48__content">
          <p xml:space="preserve">
            <span class="italic">признает также</span>, что разделение семейных обязанностей создает в семье благоприятные условия для расширения прав и возможностей молодежи, способствуя таким образом развитию, что молодежь вносит значительный вклад в благосостояние своих семей и что необходимо уделять конкретное внимание решению проблемы безработицы среди молодежи в целях создания человеческого и социального капитала, имеющего важнейшее значение для социально-экономического развития;</p>
        </content>
      </paragraph>
      <paragraph eId="para_49" class="SingleTxt">
        <num>	24.</num>
        <content eId="para_49__content">
          <p xml:space="preserve">
            <span class="italic">признает далее</span> важность укрепления межпоколенческих партнерств и солидарности между поколениями и в этой связи признает важное значение возможностей для добровольного, конструктивного и регулярного взаимодействия между молодежью и старшими поколениями в семье, на рабочем месте и в обществе в целом;</p>
        </content>
      </paragraph>
      <paragraph eId="para_50" class="SingleTxt">
        <num>	25.</num>
        <content eId="para_50__content">
          <p xml:space="preserve">
            <span class="italic">признает</span> все недавние усилия по содействию осуществлению повестки дня по вопросу о молодежи, мире и безопасности, а также призывает государства-члены и соответствующие органы и структуры Организации Объединенных Наций рассмотреть пути расширения конструктивного и всеобщего участия молодежи в деятельности по предотвращению и урегулированию конфликтов, миростроительству и ликвидации последствий конфликтов и в гуманитарной деятельности, а также принимать конкретные меры для оказания дальнейшей помощи молодежи в условиях вооруженных конфликтов в соответствии со Всемирной программой действий, касающейся молодежи, и содействовать вовлечению молодежи, в соответствующих случаях, в деятельность по защите детей и молодежи в условиях вооруженных конфликтов и признает важное значение защиты школ и университетов от использования в военных целях в нарушение норм международного гуманитарного права;</p>
        </content>
      </paragraph>
      <paragraph eId="para_51" class="SingleTxt">
        <num>	26.</num>
        <content eId="para_51__content">
          <p xml:space="preserve">
            <span class="italic">настоятельно призывает</span> государства-члены принимать в соответствии с нормами международного права согласованные меры в целях устранения препятствий на пути всестороннего осуществления прав молодежи, живущей в условиях иностранной оккупации, колониального правления и других условиях конфликта или постконфликтных ситуаций, с тем чтобы содействовать достижению целей Повестки дня в области устойчивого развития на период до 2030 года;</p>
        </content>
      </paragraph>
      <paragraph eId="para_52" class="SingleTxt">
        <num>	27.</num>
        <content eId="para_52__content">
          <p xml:space="preserve">
            <span class="italic">настоятельно призывает также</span> государства-члены принимать в соответствии с нормами международного права эффективные меры для защиты молодых людей, включая молодых людей, относящихся к маргинализованным группам населения, которые пострадали или эксплуатируются в результате террористической деятельности;</p>
        </content>
      </paragraph>
      <paragraph eId="para_53" class="SingleTxt">
        <num>	28.</num>
        <content eId="para_53__content">
          <p xml:space="preserve">
            <span class="italic">настоятельно призывает далее </span>государства-члены устранять правовые, административные, социальные, экономические, цифровые и культурные барьеры, ограничивающие участие и представленность молодежи, предоставляя средства, ресурсы, информацию, технологии, поддержку, пространство и возможности для приобретения навыков, которые необходимы для расширения прав и возможностей молодежи, в том числе молодежных групп, находящихся в уязвимом положении, в плане свободного, активного, независимого, полного и эффективного участия;</p>
        </content>
      </paragraph>
      <paragraph eId="para_54" class="SingleTxt">
        <num>	29.</num>
        <content eId="para_54__content">
          <p xml:space="preserve">
            <span class="italic">призывает</span> государства-члены разрабатывать или применять в этой связи превентивные меры и средства правовой защиты в связи с нарушениями и ущемлениями права на неприкосновенность частной жизни в цифровую эпоху, которые могут затрагивать всех людей, включая молодежь, и поощрять цифровую грамотность и развивать технические навыки для эффективной защиты неприкосновенности своей частной жизни, а также принимать меры по предотвращению виртуального преследования и запугивания;</p>
        </content>
      </paragraph>
      <paragraph eId="para_55" class="SingleTxt">
        <num>	30.</num>
        <content eId="para_55__content">
          <p xml:space="preserve">
            <span class="italic">признает</span>, что вклад молодежи важен для успешного и полного осуществления Повестки дня в области устойчивого развития на период до 2030 года и настоятельно призывает государства-члены и структуры Организации Объединенных Наций, в консультации с молодежью и возглавляемыми молодежью и ориентированными на ее интересы организациями, изучать и поощрять конкретные новые пути обеспечения всестороннего, эффективного, структурно оформленного и постоянного участия молодых людей и возглавляемых молодежью организаций в соответствующих процессах принятия решений и мониторинга их выполнения во всех сферах политической, экономической, социальной и культурной жизни, в том числе в разработке и осуществлении стратегий, программ и инициатив, в частности в осуществлении Повестки дня на период до 2030 года;</p>
        </content>
      </paragraph>
      <paragraph eId="para_56" class="SingleTxt">
        <num>	31.</num>
        <content eId="para_56__content">
          <p xml:space="preserve">
            <span class="italic">призывает</span> государства-члены включать представителей молодежи в свои делегации, участвующие во всех соответствующих обсуждениях на Генеральной Ассамблее и в ее вспомогательных органах, в Экономическом и Социальном Совете и его функциональных комиссиях и на соответствующих конференциях Организации Объединенных Наций, учитывая при этом принципы гендерной сбалансированности и недискриминации, и подчеркивает, что отбор таких представителей молодежи следует осуществлять на транспарентной основе, обеспечивающей наличие у них надлежащих полномочий для того, чтобы выступать от имени молодежи своей страны;</p>
        </content>
      </paragraph>
      <paragraph eId="para_57" class="SingleTxt">
        <num>	32.</num>
        <content eId="para_57__content">
          <p xml:space="preserve">
            <span class="italic">призывает</span> Программу по делам молодежи Департамента по экономическим и социальным вопросам Секретариата продолжать выполнять в системе Организации Объединенных Наций функции координатора для поощрения дальнейшего сотрудничества и координации в вопросах, касающихся молодежи, в том числе, с правительствами, касательно осуществления Программы молодежных делегатов Организации Объединенных Наций;</p>
        </content>
      </paragraph>
      <paragraph eId="para_58" class="SingleTxt">
        <num>	33.</num>
        <content eId="para_58__content">
          <p xml:space="preserve">
            <span class="italic">призывает</span> доноров, включая государства-члены и межправительственные и неправительственные организации, активно вносить взносы в Молодежный фонд Организации Объединенных Наций для содействия участию представителей молодежи из развивающихся стран в мероприятиях Организации Объединенных Наций, принимая во внимание необходимость улучшить географическую сбалансированность контингента молодежных представителей, а также ускорить осуществление Всемирной программы действий, касающейся молодежи и оказать содействие в подготовке Всемирного доклада по вопросам молодежи и в этой связи просит Генерального секретаря принять соответствующие меры к поощрению внесения взносов в Фонд;</p>
        </content>
      </paragraph>
      <paragraph eId="para_59" class="SingleTxt">
        <num>	34.</num>
        <content eId="para_59__content">
          <p xml:space="preserve">
            <span class="italic">отмечает</span> активизацию сотрудничества по линии Межучрежденческой сети по вопросам развития молодежи в деле разработки общесистемного плана действий Организации Объединенных Наций по вопросам молодежи, просит подразделения Организации Объединенных Наций продолжать, в пределах имеющихся ресурсов, координировать свои усилия по обеспечению применения более слаженного, целостного и комплексного подхода к развитию молодежи, призывает подразделения системы Организации Объединенных Наций и соответствующих партнеров поддерживать национальные, региональные и международные усилия по решению проблем, препятствующих развитию молодежи, и в этой связи рекомендует осуществлять тесное сотрудничество с государствами-членами, а также другими соответствующими заинтересованными сторонами, включая гражданское общество;</p>
        </content>
      </paragraph>
      <paragraph eId="para_60" class="SingleTxt">
        <num>	35.</num>
        <content eId="para_60__content">
          <p xml:space="preserve">
            <span class="italic">признает</span> роль Посланника Генерального секретаря по делам молодежи и поставленную перед ней задачу по обеспечению того, чтобы голос молодых людей был услышан в системе Организации Объединенных Наций в областях обеспечения участия, информационно-пропагандистской работы, партнерства и согласованности, намеченных в плане ее работы, и призывает Посланника и впредь работать в тесном взаимодействии с правительствами, структурами Организации Объединенных Наций, гражданским обществом, молодежными организациями и представителями научных кругов и средств массовой информации, обеспечивая укрепление и упрочение позиции молодых людей в системе Организации Объединенных Наций и за ее пределами, в том числе на основе посещения стран по просьбе заинтересованных государств-членов, и призывает государства-члены и подразделения Организации Объединенных Наций оказывать, в надлежащих случаях, содействие Посланнику в ее усилиях по улучшению положения молодежи во всем мире;</p>
        </content>
      </paragraph>
      <paragraph eId="para_61" class="SingleTxt">
        <num>	36.</num>
        <content eId="para_61__content">
          <p xml:space="preserve">
            <span class="italic">просит</span> Генерального секретаря представить Генеральной Ассамблее на ее семьдесят шестой сессии доклад об осуществлении настоящей резолюции, в том числе о достигнутом прогрессе и нерешенных проблемах, подготовив его в консультации с государствами-членами, а также соответствующими специализированными учреждениями, фондами, программами и региональными комиссиями с учетом работы, проделанной системой Организации Объединенных Наций, и призывает Секретариат проводить, в соответствующих случаях, консультации с возглавляемыми молодежью и ориентированными на ее интересы организациями.</p>
        </content>
      </paragraph>
    </mainBody>
    <conclusions eId="conclusions">
      <p>
        <inline name="adoptionMeeting" title="50-e">50-e пленарное заседание</inline>
        <eol />
        <docDate date="2019-12-18" refersTo="#adoptionDate">18 декабря 2019 года</docDate>
      </p>
    </conclusions>
  </statement>
</akomaNtoso>