<akomaNtoso xmlns:xsi="http://www.w3.org/2001/XMLSchema-instance" xsi:schemaLocation="http://docs.oasis-open.org/legaldocml/ns/akn/3.0 http://docs.oasis-open.org/legaldocml/akn-core/v1.0/os/part2-specs/schemas/akomantoso30.xsd" xmlns="http://docs.oasis-open.org/legaldocml/ns/akn/3.0" xmlns:html="http://www.w3.org/1999/xhtml" xmlns:akn4un="http://un.org/akn4un">
  <statement name="resolution">
    <meta>
      <identification source="#DGACM">
        <FRBRWork>
          <FRBRthis value="/akn/un/statement/deliberation/unga/2019-12-18/74-184/!main/"></FRBRthis>
          <FRBRuri value="/akn/un/statement/deliberation/unga/2019-12-18/74-184/"></FRBRuri>
          <FRBRdate date="2019-12-18" name="adoption"></FRBRdate>
          <FRBRauthor href="ga" as="author"></FRBRauthor>
          <FRBRcountry value="un"></FRBRcountry>
        </FRBRWork>
        <FRBRExpression>
          <FRBRthis value="/akn/un/statement/deliberation/unga/2019-12-18/74-184/rus@!main/"></FRBRthis>
          <FRBRuri value="/akn/un/statement/deliberation/unga/2019-12-18/74-184/rus@/"></FRBRuri>
          <FRBRdate date="2019-12-27" name="publication"></FRBRdate>
          <FRBRauthor href="ga" as="issuer"></FRBRauthor>
          <FRBRlanguage language="rus"></FRBRlanguage>
        </FRBRExpression>
        <FRBRManifestation>
          <FRBRthis value="/akn/un/statement/deliberation/unga/2019-12-18/74-184/rus@/!main.xml"></FRBRthis>
          <FRBRuri value="/akn/un/statement/deliberation/unga/2019-12-18/74-184/rus@.xml"></FRBRuri>
          <FRBRdate date="2020-08-29" name="markup"></FRBRdate>
          <FRBRauthor href="DGACM" as="editor"></FRBRauthor>
        </FRBRManifestation>
      </identification>
      <classification source="http://metadata.un.org/sdg">
        <keyword value="2" href="http://metadata.un.org/sdg/2" showAs="sdg_2" dictionary="SDGO"></keyword>
        <keyword value="food_shortage" href="http://eurovoc.europa.eu/2318" showAs="food_shortage" dictionary="EuroVoc"></keyword>
        <keyword value="sustainable_agriculture" href="http://eurovoc.europa.eu/6308" showAs="sustainable_agriculture" dictionary="EuroVoc"></keyword>
        <keyword value="food_security" href="http://eurovoc.europa.eu/c_4523e1dd" showAs="food_security" dictionary="EuroVoc"></keyword>
        <keyword value="food_security" href="http://metadata.un.org/thesaurus/1002439" showAs="food_security" dictionary="UNBIS Thesaurus"></keyword>
        <keyword value="food_shortage" href="http://metadata.un.org/thesaurus/1002440" showAs="food_shortage" dictionary="UNBIS Thesaurus"></keyword>
        <keyword value="hunger" href="http://metadata.un.org/thesaurus/1003004" showAs="hunger" dictionary="UNBIS Thesaurus"></keyword>
        <keyword value="sustainable_agriculture" href="http://metadata.un.org/thesaurus/1006317" showAs="sustainable_agriculture" dictionary="UNBIS Thesaurus"></keyword>
      </classification>
      <classification source="http://metadata.un.org/sdg">
        <keyword value="17" href="http://metadata.un.org/sdg/17" showAs="sdg_17" dictionary="SDGO"></keyword>
        <keyword value="sustainable_development" href="http://eurovoc.europa.eu/5585" showAs="sustainable_development" dictionary="EuroVoc"></keyword>
        <keyword value="partnership" href="http://eurovoc.europa.eu/4199" showAs="partnership" dictionary="EuroVoc"></keyword>
        <keyword value="sustainable_development" href="http://metadata.un.org/thesaurus/1006319" showAs="sustainable_development" dictionary="UNBIS Thesaurus"></keyword>
        <keyword value="partnership" href="http://metadata.un.org/thesaurus/1004748" showAs="partnership" dictionary="UNBIS Thesaurus"></keyword>
      </classification>
      <classification source="http://metadata.un.org/sdg">
        <keyword value="10.a" href="http://metadata.un.org/sdg/10.a" showAs="sdg_10.a" dictionary="SDGO"></keyword>
      </classification>
      <workflow source="#un">
        <step date="2019-10-31" outcome="draftResolution" as="A/C.6/74/L.9" by="introduced in the Committee by the representative of Austria on behalf of the Bureau" />
        <step date="0001-01-01" outcome="draftResolutionAdditionalSponsors" by="" />
        <step date="0001-01-01" outcome="recommendedForAdoption" as="A/74/423" by="" refersTo="12" />
        <step date="2019-12-18" outcome="adopted" as="A/74/PV.51" by="" />
      </workflow>
      <analysis source="#un">
        <parliamentary>
          <voting outcome="adoptedWithoutVote">
            <quorum value=""></quorum>
          </voting>
        </parliamentary>
      </analysis>
      <references source="#DGACM">
        <TLCOrganization eId="source" href="/akn/ontology/organization/un/DGACM" showAs="DGACM"></TLCOrganization>
        <TLCConcept eId="dateOfIssuance" href="/akn/ontology/concept/un/dateOfIssuance" showAs="Date of issuance"></TLCConcept>
        <TLCConcept eId="dateOfAdoption" href="/akn/ontology/concept/un/dateOfAdoption" showAs="Date of adoption"></TLCConcept>
        <TLCConcept eId="symbol" href="/akn/ontology/reference/un/symbol" showAs="Symbol"></TLCConcept>
        <TLCRole eId="publisher" href="/akn/ontology/role/un/publisher" showAs="Publisher"></TLCRole>
        <TLCRole eId="issuingBody" href="/akn/role/concept/un/issuingBody" showAs="Issuing body"></TLCRole>
        <TLCRole eId="author" href="/akn/ontology/role/un/author" showAs="Author"></TLCRole>
        <TLCRole eId="editor" href="/akn/ontology/role/un/editor" showAs="Editor"></TLCRole>
        <TLCRole eId="distribution" href="/akn/ontology/concept/un/generalDistribution" showAs="General distribution"></TLCRole>
        <TLCOrganization eId="ga" href="/akn/ontology/organization/un/generalAssembly" showAs="General Assembly"></TLCOrganization>
        <TLCTerm eId="resolutionTitle" href="/akn/ontology/reference/un/resolutionTitle" showAs="Resolution title"></TLCTerm>
        <TLCTerm eId="sixthCommittee" href="#sixthCommittee" showAs="Шестой комитет"></TLCTerm>
        <TLCTerm eId="memberState" href="/akn/ontology/organization/un/memberState" showAs="Member State"></TLCTerm>
        <TLCTerm eId="inFavour" href="/akn/ontology/concept/un/voting/inFavour" showAs="In favour"></TLCTerm>
        <TLCTerm eId="against" href="/akn/ontology/concept/un/voting/against" showAs="Against"></TLCTerm>
        <TLCTerm eId="abstaining" href="/akn/ontology/concept/un/voting/abstaining" showAs="Abstaining"></TLCTerm>
      </references>
      <presentation source="#un">
        <akn4un:footerFirstPage>
          <akn4un:footerFirstPageLeft>
            <akn4un:internalCode>
              <docketNumber refersTo="#publicationJobNumber">19-22344 (R)</docketNumber>
              <img alt="bar code" class="barCode" src=""></img>
            </akn4un:internalCode>
          </akn4un:footerFirstPageLeft>
          <akn4un:footerFirstPageRight>
            <img alt="Please recycle" class="image" src="./recylcleLogo.jpg"></img>
            <img alt="embedded QR code" class="qrCode" src=""></img>
          </akn4un:footerFirstPageRight>
        </akn4un:footerFirstPage>
      </presentation>
    </meta>
    <coverPage eId="coverPage_1">
      <p>
        <span refersTo="#publisher" class="upperLeft">
          <docAuthority refersTo="#publisher">Организация Объединенных Наций</docAuthority>
        </span>
      </p>
      <p class="upperRight">
        <docNumber refersTo="#symbol">A/RES/74/184</docNumber>
      </p>
      <p class="upperLeft">
        <img src="logo-un.jpg"></img>
        <docAuthority refersTo="#issuingBody" class="rightBig">Генеральная Ассамблея</docAuthority>
      </p>
      <p>
        <docStatus refersTo="#generalDistribution" class="rightSmall">Distr.: General</docStatus>
      </p>
      <p>
        <docDate date="2019-12-27" class="rightSmall" refersTo="#dateOfIssuance">27 December 2019</docDate>
      </p>
      <p>
        <session refersTo="#generalAssembly" value="74" eId="coverPage_1__session_1">Семьдесят четвертая сессия</session>
      </p>
      <p>
        <inline name="agenda item">Пункт 77 повестки дня</inline>
      </p>
      <p>
        <inline name="agenda item name">Доклад Комиссии Организации Объединенных Наций по праву международной торговли о работе ее пятьдесят второй сессии</inline>
      </p>
      <p>
        <docTitle>Резолюция, принятая Генеральной Ассамблеей 18 декабря 2019 года</docTitle>
      </p>
      <p xml:space="preserve">
        <docProponent refersTo="#sixthCommittee">[по докладу Шестого комитета (<inline name="originating document">A/74/423</inline>)]</docProponent>
      </p>
    </coverPage>
    <preface>
      <p>
        <docNumber>74/184.</docNumber>
        <docTitle refersTo="#resolutionTitle">Типовой закон Комиссии Организации Объединенных Наций по праву международной торговли о несостоятельности предпринимательских групп</docTitle>
      </p>
    </preface>
    <preamble>
      <formula name="enactingFormula" eId="formula_1">
        <p xml:space="preserve">
          <span class="italic">Генеральная Ассамблея,</span>
        </p>
      </formula>
      <container name="ссылаясь" eId="container_2">
        <p xml:space="preserve">
          <span class="italic">ссылаясь</span> на свою резолюцию <a href="https://undocs.org//A/RES/2205 (XXI)">2205 (</a><a href="https://undocs.org//A/RES/2205 (XXI)">XXI</a><a href="https://undocs.org//A/RES/2205 (XXI)">)</a> от 17 декабря 1966 года, которой она учредила Комиссию Организации Объединенных Наций по праву международной торговли, поручив ей содействовать прогрессивному согласованию и унификации права международной торговли и в этой связи учитывать интересы всех народов, в особенности развивающихся стран, в деле широкого развития международной торговли,</p>
      </container>
      <container name="признавая" eId="container_3">
        <p xml:space="preserve">
          <span class="italic">признавая</span>, что эффективные режимы несостоятельности все чаще рассматриваются как средство стимулирования экономического развития и инвестирования, а также активизации предпринимательской деятельности и сохранения занятости,</p>
      </container>
      <container name="отмечая " eId="container_4">
        <p xml:space="preserve">
          <span class="italic">отмечая </span>значение предпринимательских групп, независимо от того, создаются ли они на национальном или на международном уровне, для международной торговли и коммерческой деятельности в условиях все большей глобализации мировой экономики, </p>
      </container>
      <container name="признавая" eId="container_5">
        <p xml:space="preserve">
          <span class="italic">признавая</span>, что в случае банкротства предпринимательской группы важно не только знать, каков будет режим таких групп в ходе производства по делу о несостоятельности, но и предусмотреть, чтобы такой режим не затруднял, а, наоборот, способствовал ведению такого производства оперативным и эффективным образом,</p>
      </container>
      <container name="сознавая" eId="container_6">
        <p xml:space="preserve">
          <span class="italic">сознавая</span>, что в очень немногих государствах, если таковые вообще имеются, существует всеобъемлющий режим предпринимательских групп при несостоятельности, предусматривающий эффективные механизмы координации и сотрудничества в делах о несостоятельности с участием предпринимательских групп, выработку решения, применимого к несостоятельности группы, и трансграничное признание и осуществление этого решения в нескольких государствах,</p>
      </container>
      <container name="ссылаясь" eId="container_7">
        <p xml:space="preserve">
          <span class="italic">ссылаясь</span> на свою резолюцию <a href="https://undocs.org/ru/A/RES/52/158">52/158</a> от 15 декабря 1997 года, в которой она выразила признательность Комиссии за принятие Типового закона Комиссии Организации Объединенных Наций по праву международной торговли о трансграничной несостоятельности<authorialNote marker="1" placement="bottom" eId="authorialNote_1"><p xml:space="preserve"><span class="italic">Официальные отчеты Генеральной Ассамблеи, пятьдесят вторая сессия, Дополнение № 17</span> (<a href="https://undocs.org/ru/A/52/17">A/52/17</a>), приложение I.</p></authorialNote>, регулирующего вопросы трансграничной координации, сотрудничества и признания в контексте производства по делу о несостоятельности в отношении одного должника, и свою резолюцию <a href="https://undocs.org/ru/A/RES/65/24">65/24</a> от 6 декабря 2010 года, в которой она выразила признательность Комиссии за принятие части третьей Руководства Комиссии Организации Объединенных Наций по праву международной торговли для законодательных органов по вопросам законодательства о несостоятельности<authorialNote marker="2" placement="bottom" eId="authorialNote_2"><p xml:space="preserve">		Издание Организации Объединенных Наций, в продаже под № R.12.V.16.</p></authorialNote>, касающейся режима предпринимательских групп при несостоятельности<authorialNote marker="3" placement="bottom" eId="authorialNote_3"><p xml:space="preserve"><span class="italic">Официальные отчеты Генеральной Ассамблеи, шестьдесят пятая сессия, Дополнение № 17 </span>(<a href="https://undocs.org/ru/A/65/17">A/65/17</a>), гл. V.</p></authorialNote>,</p>
      </container>
      <container name="признавая" eId="container_8">
        <p xml:space="preserve">
          <span class="italic">признавая</span> потребность в общеприемлемом типовом законе, в котором основное внимание уделялось бы производству по делам о несостоятельности в отношении нескольких должников, являющихся членами одной и той же предпринимательской группы, что позволило бы расширить сферу действия положений Типового закона о трансграничной несостоятельности и части третьей Руководства для законодательных органов по вопросам законодательства о несостоятельности, </p>
      </container>
      <container name="будучи убеждена " eId="container_9">
        <p xml:space="preserve">
          <span class="italic">будучи убеждена </span>в том, что Типовой закон о несостоятельности предпринимательских групп<authorialNote marker="4" placement="bottom" eId="authorialNote_4"><p xml:space="preserve">		Там же<span class="italic">, семьдесят четвертая сессия, Дополнение № 17 </span>(<a href="https://undocs.org/ru/A/74/17">A/74/17</a>), гл. VI, разд. A, и приложение II.</p></authorialNote>, принятый Комиссией на ее пятьдесят второй сессии позволит удовлетворить эту потребность и предположительно поспособствует принятию справедливого и согласованного на международном уровне законодательства о несостоятельности предпринимательских групп, обеспечивающего уважение национальных процессуальных и судебных систем, </p>
      </container>
    </preamble>
    <mainBody>
      <paragraph eId="para_10" class="MercuryDocument">
        <content eId="para_10__content">
          <p xml:space="preserve">
            <span class="italic">будучи также убеждена</span> в том, что Типовой закон о несостоятельности предпринимательских групп обеспечивает справедливое и эффективное урегулирование дел о несостоятельности предпринимательских групп, защиту и максимизацию общей совокупной стоимости активов и операций членов предпринимательской группы, затрагиваемых несостоятельностью, и предпринимательской группы в целом, содействие спасению предпринимательских групп, испытывающих финансовые трудности, и надлежащую защиту кредиторов и других заинтересованных лиц, включая должников,</p>
        </content>
      </paragraph>
      <paragraph eId="para_11" class="MercuryDocument">
        <num>	1.</num>
        <content eId="para_11__content">
          <p xml:space="preserve">
            <span class="italic">выражает признательность</span> Комиссии Организации Объединенных Наций по праву международной торговли за доработку и принятие Типового закона о несостоятельности предпринимательских групп<sup>4</sup> и Руководства по его принятию;</p>
        </content>
      </paragraph>
      <paragraph eId="para_12" class="MercuryDocument">
        <num>	2.</num>
        <content eId="para_12__content">
          <p xml:space="preserve">
            <span class="italic">просит </span>Генерального секретаря препроводить текст Типового закона вместе с Руководством по его принятию правительствам и заинтересованным органам;</p>
        </content>
      </paragraph>
      <paragraph eId="para_13" class="MercuryDocument">
        <num>	3.</num>
        <content eId="para_13__content">
          <p xml:space="preserve">
            <span class="italic">рекомендует</span> всем государствам принимать во внимание Типовой закон при пересмотре или принятии законодательства по вопросам несостоятельности исходя из необходимости принятия согласованного на международном уровне законодательства, регулирующего случаи предпринимательских групп при несостоятельности и упрощающего их урегулирование, и просит государства, которые использовали Типовой закон, уведомить об этом Комиссию соответствующим образом; </p>
        </content>
      </paragraph>
      <paragraph eId="para_14" class="MercuryDocument">
        <num>	4.</num>
        <content eId="para_14__content">
          <p xml:space="preserve">
            <span class="italic">рекомендует также</span> всем государствам при пересмотре или принятии законодательства о несостоятельности предпринимательских групп использовать также часть третью Руководства Комиссии Организации Объединенных Наций по праву международной торговли для законодательных органов по вопросам законодательства о несостоятельности<sup>2</sup>, касающуюся режима предпринимательских групп при несостоятельности<sup>3</sup>, и часть четвертую Руководства для законодательных органов<authorialNote marker="5" placement="bottom" eId="authorialNote_5"><p xml:space="preserve">		Издание Организации Объединенных Наций, в продаже под № R.13.V.10.</p></authorialNote>, касающуюся обязанностей директоров предприятия в период, предшествующий несостоятельности этого предприятия<authorialNote marker="6" placement="bottom" eId="authorialNote_6"><p xml:space="preserve"><span class="italic">Официальные отчеты Генеральной Ассамблеи, шестьдесят восьмая сессия, Дополнение № 17 (</span><a href="https://undocs.org/ru/A/68/17">A/68/17</a>), гл. V, разд. В.</p></authorialNote>, в которой в дополнительном разделе<authorialNote marker="7" placement="bottom" eId="authorialNote_7"><p xml:space="preserve">		Там же<span class="italic">, семьдесят четвертая сессия, Дополнение № 17 (</span><a href="https://undocs.org/ru/A/74/17">A/74/17</a>), гл. VI, разд. В.</p></authorialNote>, принятом на пятьдесят второй сессии Комиссии, рассматриваются обязанности директоров компаний, входящих в состав предпринимательских групп;</p>
        </content>
      </paragraph>
      <paragraph eId="para_15" class="MercuryDocument">
        <num>	5.</num>
        <content eId="para_15__content">
          <p xml:space="preserve">
            <span class="italic">рекомендует далее</span> всем государствам продолжить изучение вопроса о применении разработанных Комиссией Типового закона о трансграничной несостоятельности<sup>1</sup> и Типового закона о признании и приведении в исполнение судебных решений, принятых в связи с производством по делам о несостоятельности<authorialNote marker="8" placement="bottom" eId="authorialNote_8"><p xml:space="preserve">		Там же, <span class="italic">семьдесят третья сессия, Дополнение № 17 </span>(<a href="https://undocs.org/ru/A/73/17">A/73/17</a>), приложение III.</p></authorialNote>;</p>
        </content>
      </paragraph>
      <paragraph eId="para_16" class="MercuryDocument">
        <num>	6.</num>
        <content eId="para_16__content">
          <p xml:space="preserve">
            <span class="italic">просит</span> Секретариат обеспечить тесное сотрудничество и координацию с международными организациями, действующими в области реформы законодательства о несостоятельности, в целях обеспечения последовательности этой деятельности и ее согласованности со всеми текстами Комиссии в области законодательства о несостоятельности, в том числе с Типовым законом о несостоятельности предпринимательских групп, Типовым законом о признании и приведении в исполнение судебных решений, принятых в связи с производством по делам о несостоятельности, и частью четвертой Руководства для законодательных органов по вопросам законодательства о несостоятельности с поправками, внесенными Комиссией на ее пятьдесят второй сессии.</p>
        </content>
      </paragraph>
    </mainBody>
    <conclusions eId="conclusions">
      <p>
        <inline name="adoptionMeeting" title="51-e">51-e пленарное заседание</inline>
        <eol />
        <docDate date="2019-12-18" refersTo="#adoptionDate">18 декабря 2019 года</docDate>
      </p>
    </conclusions>
  </statement>
</akomaNtoso>