<akomaNtoso xmlns:xsi="http://www.w3.org/2001/XMLSchema-instance" xsi:schemaLocation="http://docs.oasis-open.org/legaldocml/ns/akn/3.0 http://docs.oasis-open.org/legaldocml/akn-core/v1.0/os/part2-specs/schemas/akomantoso30.xsd" xmlns="http://docs.oasis-open.org/legaldocml/ns/akn/3.0" xmlns:html="http://www.w3.org/1999/xhtml" xmlns:akn4un="http://un.org/akn4un">
  <statement name="resolution">
    <meta>
      <identification source="#DGACM">
        <FRBRWork>
          <FRBRthis value="/akn/un/statement/deliberation/unga/2019-12-18/74-171/!main/"></FRBRthis>
          <FRBRuri value="/akn/un/statement/deliberation/unga/2019-12-18/74-171/"></FRBRuri>
          <FRBRdate date="2019-12-18" name="adoption"></FRBRdate>
          <FRBRauthor href="ga" as="author"></FRBRauthor>
          <FRBRcountry value="un"></FRBRcountry>
        </FRBRWork>
        <FRBRExpression>
          <FRBRthis value="/akn/un/statement/deliberation/unga/2019-12-18/74-171/rus@!main/"></FRBRthis>
          <FRBRuri value="/akn/un/statement/deliberation/unga/2019-12-18/74-171/rus@/"></FRBRuri>
          <FRBRdate date="2020-01-03" name="publication"></FRBRdate>
          <FRBRauthor href="ga" as="issuer"></FRBRauthor>
          <FRBRlanguage language="rus"></FRBRlanguage>
        </FRBRExpression>
        <FRBRManifestation>
          <FRBRthis value="/akn/un/statement/deliberation/unga/2019-12-18/74-171/rus@/!main.xml"></FRBRthis>
          <FRBRuri value="/akn/un/statement/deliberation/unga/2019-12-18/74-171/rus@.xml"></FRBRuri>
          <FRBRdate date="2020-08-29" name="markup"></FRBRdate>
          <FRBRauthor href="DGACM" as="editor"></FRBRauthor>
        </FRBRManifestation>
      </identification>
      <classification source="http://metadata.un.org/sdg">
        <keyword value="10" href="http://metadata.un.org/sdg/10" showAs="sdg_10" dictionary="SDGO"></keyword>
        <keyword value="social_inequality" href="http://eurovoc.europa.eu/1420" showAs="social_inequality" dictionary="EuroVoc"></keyword>
        <keyword value="equality" href="http://metadata.un.org/thesaurus/1002102" showAs="equality" dictionary="UNBIS Thesaurus"></keyword>
      </classification>
      <classification source="http://metadata.un.org/sdg">
        <keyword value="16" href="http://metadata.un.org/sdg/16" showAs="sdg_16" dictionary="SDGO"></keyword>
        <keyword value="right_to_justice" href="http://eurovoc.europa.eu/516" showAs="right_to_justice" dictionary="EuroVoc"></keyword>
        <keyword value="sustainable_development" href="http://eurovoc.europa.eu/5585" showAs="sustainable_development" dictionary="EuroVoc"></keyword>
        <keyword value="civil_society" href="http://metadata.un.org/thesaurus/1001012" showAs="civil_society" dictionary="UNBIS Thesaurus"></keyword>
        <keyword value="justice" href="http://metadata.un.org/thesaurus/1003500" showAs="justice" dictionary="UNBIS Thesaurus"></keyword>
        <keyword value="peaceful_coexistence" href="http://metadata.un.org/thesaurus/1004777" showAs="peaceful_coexistence" dictionary="UNBIS Thesaurus"></keyword>
        <keyword value="public_institutions" href="http://metadata.un.org/thesaurus/1005254" showAs="public_institutions" dictionary="UNBIS Thesaurus"></keyword>
        <keyword value="social_justice" href="http://metadata.un.org/thesaurus/1005970" showAs="social_justice" dictionary="UNBIS Thesaurus"></keyword>
        <keyword value="sustainable_development" href="http://metadata.un.org/thesaurus/1006319" showAs="sustainable_development" dictionary="UNBIS Thesaurus"></keyword>
      </classification>
      <workflow source="#un">
        <step date="2019-09-20" outcome="draftResolution" as="A/C.3/74/L.3" by="submitted by the Chair of the Committee on the recommendation of the Economic and Social Council" />
        <step date="0001-01-01" outcome="draftResolutionAdditionalSponsors" by="" />
        <step date="0001-01-01" outcome="recommendedForAdoption" as="A/74/400" by="" refersTo="29" />
        <step date="2019-12-18" outcome="adopted" as="A/74/PV.50" by="" />
      </workflow>
      <analysis source="#un">
        <parliamentary>
          <voting outcome="adoptedWithoutVote">
            <quorum value=""></quorum>
          </voting>
        </parliamentary>
      </analysis>
      <references source="#DGACM">
        <TLCOrganization eId="source" href="/akn/ontology/organization/un/DGACM" showAs="DGACM"></TLCOrganization>
        <TLCConcept eId="dateOfIssuance" href="/akn/ontology/concept/un/dateOfIssuance" showAs="Date of issuance"></TLCConcept>
        <TLCConcept eId="dateOfAdoption" href="/akn/ontology/concept/un/dateOfAdoption" showAs="Date of adoption"></TLCConcept>
        <TLCConcept eId="symbol" href="/akn/ontology/reference/un/symbol" showAs="Symbol"></TLCConcept>
        <TLCRole eId="publisher" href="/akn/ontology/role/un/publisher" showAs="Publisher"></TLCRole>
        <TLCRole eId="issuingBody" href="/akn/role/concept/un/issuingBody" showAs="Issuing body"></TLCRole>
        <TLCRole eId="author" href="/akn/ontology/role/un/author" showAs="Author"></TLCRole>
        <TLCRole eId="editor" href="/akn/ontology/role/un/editor" showAs="Editor"></TLCRole>
        <TLCRole eId="distribution" href="/akn/ontology/concept/un/generalDistribution" showAs="General distribution"></TLCRole>
        <TLCOrganization eId="ga" href="/akn/ontology/organization/un/generalAssembly" showAs="General Assembly"></TLCOrganization>
        <TLCTerm eId="resolutionTitle" href="/akn/ontology/reference/un/resolutionTitle" showAs="Resolution title"></TLCTerm>
        <TLCTerm eId="thirdCommittee" href="#thirdCommittee" showAs="Третий комитет"></TLCTerm>
        <TLCTerm eId="memberState" href="/akn/ontology/organization/un/memberState" showAs="Member State"></TLCTerm>
        <TLCTerm eId="inFavour" href="/akn/ontology/concept/un/voting/inFavour" showAs="In favour"></TLCTerm>
        <TLCTerm eId="against" href="/akn/ontology/concept/un/voting/against" showAs="Against"></TLCTerm>
        <TLCTerm eId="abstaining" href="/akn/ontology/concept/un/voting/abstaining" showAs="Abstaining"></TLCTerm>
      </references>
      <presentation source="#un">
        <akn4un:footerFirstPage>
          <akn4un:footerFirstPageLeft>
            <akn4un:internalCode>
              <docketNumber refersTo="#publicationJobNumber">19-22317 (R)</docketNumber>
              <img alt="bar code" class="barCode" src=""></img>
            </akn4un:internalCode>
          </akn4un:footerFirstPageLeft>
          <akn4un:footerFirstPageRight>
            <img alt="Please recycle" class="image" src="./recylcleLogo.jpg"></img>
            <img alt="embedded QR code" class="qrCode" src=""></img>
          </akn4un:footerFirstPageRight>
        </akn4un:footerFirstPage>
      </presentation>
    </meta>
    <coverPage eId="coverPage_1">
      <p>
        <span refersTo="#publisher" class="upperLeft">
          <docAuthority refersTo="#publisher">Организация Объединенных Наций</docAuthority>
        </span>
      </p>
      <p class="upperRight">
        <docNumber refersTo="#symbol">A/RES/74/171</docNumber>
      </p>
      <p class="upperLeft">
        <img src="logo-un.jpg"></img>
        <docAuthority refersTo="#issuingBody" class="rightBig">Генеральная Ассамблея</docAuthority>
      </p>
      <p>
        <docStatus refersTo="#generalDistribution" class="rightSmall">Distr.: General</docStatus>
      </p>
      <p>
        <docDate date="2020-01-03" class="rightSmall" refersTo="#dateOfIssuance">3 January 2020</docDate>
      </p>
      <p>
        <session refersTo="#generalAssembly" value="74" eId="coverPage_1__session_1">Семьдесят четвертая сессия</session>
      </p>
      <p>
        <inline name="agenda item">Пункт 106 повестки дня</inline>
      </p>
      <p>
        <inline name="agenda item name">Предупреждение преступности и уголовное правосудие</inline>
      </p>
      <p>
        <docTitle>Резолюция, принятая Генеральной Ассамблеей 18 декабря 2019 года</docTitle>
      </p>
      <p xml:space="preserve">
        <docProponent refersTo="#thirdCommittee">[по докладу Третьего комитета (<inline name="originating document">A/74/400</inline>)]</docProponent>
      </p>
    </coverPage>
    <preface>
      <p>
        <docNumber>74/171.</docNumber>
        <docTitle refersTo="#resolutionTitle">Последующая деятельность по итогам тринадцатого Конгресса Организации Объединенных Наций по предупреждению преступности и уголовному правосудию и подготовка к четырнадцатому Конгрессу Организации Объединенных Наций по предупреждению преступности и уголовному правосудию</docTitle>
      </p>
    </preface>
    <preamble>
      <formula name="enactingFormula" eId="formula_1">
        <p xml:space="preserve">
          <span class="italic">Генеральная Ассамблея</span>,</p>
      </formula>
      <container name="подчеркивая" eId="container_2">
        <p xml:space="preserve">
          <span class="italic">подчеркивая</span> ответственность, принятую на себя Организацией Объединенных Наций в области предупреждения преступности и уголовного правосудия в соответствии с резолюцией <a href="https://undocs.org/ru/e/res/155(VII)">155 C (VII)</a> Экономического и Социального Совета от 13 августа 1948 года и резолюцией <a href="https://undocs.org/ru/a/res/415(V)">415 (V)</a> Генеральной Ассамблеи от 1 декабря 1950 года,</p>
      </container>
      <container name="подтверждая" eId="container_3">
        <p xml:space="preserve">
          <span class="italic">подтверждая</span>, что конгрессы Организации Объединенных Наций по предупреждению преступности и уголовному правосудию как крупные межправительственные форумы оказывают влияние на национальную политику и практику и развивают международное сотрудничество в этой области, содействуя обмену мнениями и опытом, мобилизуя общественное мнение и выявляя различные варианты политики на национальном, региональном и международном уровнях,</p>
      </container>
      <container name="признавая" eId="container_4">
        <p xml:space="preserve">
          <span class="italic">признавая</span> значительный вклад конгрессов Организации Объединенных Наций по предупреждению преступности и уголовному правосудию в расширение обмена опытом между государствами, межправительственными организациями, неправительственными организациями и отдельными экспертами, представляющими различные специальности и области знаний, в том, что касается исследовательской деятельности, разработки правовых норм и стратегий и выявления новых тенденций и проблем в области предупреждения преступности и уголовного правосудия,</p>
      </container>
      <container name="ссылаясь" eId="container_5">
        <p xml:space="preserve">
          <span class="italic">ссылаясь</span> на свою резолюцию <a href="https://undocs.org/ru/A/RES/56/119">56/119</a> от 19 декабря 2001 года о роли, функциях, периодичности и продолжительности конгрессов Организации Объединенных Наций по предупреждению преступности и обращению с правонарушителями, в которой она установила руководящие принципы, в соответствии с которыми, начиная с 2005 года, должны проводиться конгрессы согласно пунктам 29 и 30 декларации принципов и программы действий программы Организации Объединенных Наций в области предупреждения преступности и уголовного правосудия<authorialNote marker="1" placement="bottom" eId="authorialNote_1"><p xml:space="preserve">		Резолюция <a href="https://undocs.org/ru/A/RES/46/152">46/152</a>, приложение.</p></authorialNote>,</p>
      </container>
      <container name="ссылаясь также" eId="container_6">
        <p xml:space="preserve">
          <span class="italic">ссылаясь также</span> на свою резолюцию <a href="https://undocs.org/ru/A/RES/70/174">70/174</a> от 17 декабря 2015 года и свои резолюции <a href="https://undocs.org/ru/A/RES/71/206">71/206</a> от 19 декабря 2016 года, <a href="https://undocs.org/ru/A/RES/72/192">72/192</a> от 19 декабря 2017 года и <a href="https://undocs.org/ru/A/RES/73/184">73/184</a> от 17 декабря 2018 года о последующей деятельности по итогам тринадцатого Конгресса Организации Объединенных Наций по предупреждению преступности и уголовному правосудию и подготовке к четырнадцатому Конгрессу Организации Объединенных Наций по предупреждению преступности и уголовному правосудию,</p>
      </container>
      <container name="ссылаясь далее" eId="container_7">
        <p xml:space="preserve">
          <span class="italic">ссылаясь далее</span>, в частности, на то, что в своей резолюции <a href="https://undocs.org/ru/A/RES/73/184">73/184</a> она постановила провести четырнадцатый Конгресс в Киото, Япония, с 20 по 27 апреля 2020 года, с проведением 19 апреля 2020 года консультаций, предшествующих Конгрессу, </p>
      </container>
      <container name="принимая во внимание" eId="container_8">
        <p xml:space="preserve">
          <span class="italic">принимая во внимание</span>, что в своей резолюции <a href="https://undocs.org/ru/A/RES/73/184">73/184</a> она постановила, что этап заседаний высокого уровня четырнадцатого Конгресса будет проведен в течение первых двух дней Конгресса, с тем чтобы главы государств или правительств и министры правительств могли сосредоточить внимание на главной теме Конгресса<authorialNote marker="2" placement="bottom" eId="authorialNote_2"><p xml:space="preserve">		«Активизация мер предупреждения преступности, уголовного правосудия и обеспечения верховенства права: навстречу осуществлению Повестки дня на период до 2030 года».</p></authorialNote>, и в целях расширения возможности для получения полезных откликов,</p>
      </container>
      <container name="принимая также во внимание" eId="container_9">
        <p xml:space="preserve">
          <span class="italic">принимая также во внимание</span>, что в своей резолюции <a href="https://undocs.org/ru/A/RES/73/184">73/184</a> она постановила, что в соответствии с ее резолюцией <a href="https://undocs.org/ru/A/RES/56/119">56/119</a> четырнадцатый Конгресс примет единую декларацию для представления на рассмотрение Комиссии по предупреждению преступности и уголовному правосудию,</p>
      </container>
      <container name="признавая" eId="container_10">
        <p xml:space="preserve">
          <span class="italic">признавая</span> усилия, прилагаемые правительством Японии для обеспечения эффективности процесса подготовки к четырнадцатому Конгрессу,</p>
      </container>
      <container name="с удовлетворением отмечая" eId="container_11">
        <p xml:space="preserve">
          <span class="italic">с удовлетворением отмечая</span> проведение впервые с 1995 года европейского регионального подготовительного совещания,</p>
      </container>
      <container name="с удовлетворением приветствуя" eId="container_12">
        <p xml:space="preserve">
          <span class="italic">с удовлетворением приветствуя</span> решение правительства Японии, следуя инициативе принимающей страны тринадцатого Конгресса, организовать Молодежный форум до проведения четырнадцатого Конгресса,</p>
      </container>
    </preamble>
    <mainBody>
      <paragraph eId="para_13" class="MercuryDocument">
        <num>	1.</num>
        <content eId="para_13__content">
          <p xml:space="preserve">
            <span class="italic">предлагает</span> правительствам рассмотреть возможность учета Дохинской декларации о включении вопросов предупреждения преступности и уголовного правосудия в более широкую повестку дня Организации Объединенных Наций в целях решения социальных и экономических проблем и содействия обеспечению верховенства права на национальном и международном уровнях, а также участию общественности<authorialNote marker="3" placement="bottom" eId="authorialNote_3"><p xml:space="preserve">		Резолюция <a href="https://undocs.org/ru/A/RES/70/174">70/174</a>, приложение.</p></authorialNote> при разработке законодательства и руководящих директив и подобающим образом прилагать все усилия для осуществления содержащихся в ней принципов в соответствии с целями и принципами Устава Организации Объединенных Наций;</p>
        </content>
      </paragraph>
      <paragraph eId="para_14" class="MercuryDocument">
        <num>	2.</num>
        <content eId="para_14__content">
          <p xml:space="preserve">
            <span class="italic">предлагает</span> правительствам и соответствующим межправительственным и неправительственным организациям представить на четырнадцатом Конгрессе Организации Объединенных Наций по предупреждению преступности и уголовному правосудию информацию о своей деятельности по осуществлению Дохинской декларации, с тем чтобы определить направления разработки законодательства, политики и программ в области предупреждения преступности и уголовного правосудия на национальном и международном уровнях, и в этой связи просит Генерального секретаря подготовить доклад по этому вопросу для представления на рассмотрение четырнадцатого Конгресса;</p>
        </content>
      </paragraph>
      <paragraph eId="para_15" class="MercuryDocument">
        <num>	3.</num>
        <content eId="para_15__content">
          <p xml:space="preserve">
            <span class="italic">с удовлетворением отмечает</span> достигнутый к настоящему времени прогресс в деле подготовки к четырнадцатому Конгрессу;</p>
        </content>
      </paragraph>
      <paragraph eId="para_16" class="MercuryDocument">
        <num>	4.</num>
        <content eId="para_16__content">
          <p xml:space="preserve">
            <span class="italic">с удовлетворением отмечает</span> работу, проводимую Управлением Организации Объединенных Наций по наркотикам и преступности с целью содействовать дальнейшему осуществлению Дохинской декларации;</p>
        </content>
      </paragraph>
      <paragraph eId="para_17" class="MercuryDocument">
        <num>	5.</num>
        <content eId="para_17__content">
          <p xml:space="preserve">
            <span class="italic">с удовлетворением принимает к сведению</span> доклад Генерального секретаря<authorialNote marker="4" placement="bottom" eId="authorialNote_4"><p xml:space="preserve"><a href="https://undocs.org/ru/E/CN.15/2019/11">E/CN.15/2019/11</a>.</p></authorialNote>;</p>
        </content>
      </paragraph>
      <paragraph eId="para_18" class="MercuryDocument">
        <num>	6.</num>
        <content eId="para_18__content">
          <p xml:space="preserve">
            <span class="italic">с удовлетворением принимает также к сведению</span> подготовленное Генеральным секретарем в сотрудничестве с институтами сети программы Организации Объединенных Наций в области предупреждения преступности и уголовного правосудия руководство для дискуссий, предназначенное для региональных подготовительных совещаний и для четырнадцатого Конгресса<authorialNote marker="5" placement="bottom" eId="authorialNote_5"><p xml:space="preserve"><a href="https://undocs.org/ru/A/CONF.234/PM.1">A/CONF.234/PM.1</a>.</p></authorialNote>;</p>
        </content>
      </paragraph>
      <paragraph eId="para_19" class="MercuryDocument">
        <num>	7.</num>
        <content eId="para_19__content">
          <p xml:space="preserve">
            <span class="italic">приветствует</span> региональные подготовительные совещания, которые были проведены во всех пяти регионах и в ходе которых были изучены общая тема четырнадцатого Конгресса, а также основные пункты повестки дня и темы семинаров-практикумов, и принимает к сведению их итоги, которые будут учтены в ходе подготовки к Конгрессу и в ходе обсуждений на Конгрессе;</p>
        </content>
      </paragraph>
      <paragraph eId="para_20" class="MercuryDocument">
        <num>	8.</num>
        <content eId="para_20__content">
          <p xml:space="preserve">
            <span class="italic">предлагает</span> государствам-членам рассмотреть в рамках общей темы и основных пунктов повестки дня для обсуждения на четырнадцатом Конгрессе вопрос о том, чтобы с упором на работу специалистов-практиков определить в качестве приоритета укрепление международного сотрудничества и наращивания потенциала и особо отметить значение государственно-частного партнерства в усилиях в области предупреждения преступности, уголовного правосудия и укрепления верховенства права;</p>
        </content>
      </paragraph>
      <paragraph eId="para_21" class="MercuryDocument">
        <num>	9.</num>
        <content eId="para_21__content">
          <p xml:space="preserve">
            <span class="italic">просит</span> Комиссию по предупреждению преступности и уголовному правосудию приступить в соответствии с резолюцией <a href="https://undocs.org/ru/A/RES/73/184">73/184</a> Ассамблеи к подготовке в ходе межсессионных совещаний, которые будут проведены заблаговременно до четырнадцатого Конгресса, упорядоченного, краткого и сжатого проекта декларации, содержащего убедительное всеобъемлющее политическое послание, отражающее основные темы, которые будут обсуждаться в ходе Конгресса, с учетом итогов региональных подготовительных совещаний, консультаций с соответствующими организациями и учреждениями и соответствующих обсуждений в рамках подготовки к Конгрессу, а также мандата и целей конгрессов Организации Объединенных Наций по предупреждению преступности и уголовному правосудию;</p>
        </content>
      </paragraph>
      <paragraph eId="para_22" class="MercuryDocument">
        <num>	10.</num>
        <content eId="para_22__content">
          <p xml:space="preserve">
            <span class="italic">призывает</span> государства-члены своевременно завершить свою работу по согласованию Киотской декларации до начала четырнадцатого Конгресса;</p>
        </content>
      </paragraph>
      <paragraph eId="para_23" class="MercuryDocument">
        <num>	11.</num>
        <content eId="para_23__content">
          <p xml:space="preserve">
            <span class="italic">подчеркивает</span> важность семинаров-практикумов, которые будут проведены в рамках четырнадцатого Конгресса, и предлагает государствам-членам, межправительственным и неправительственным организациям и другим соответствующим структурам оказать финансовую, организационную и техническую поддержку Управлению Организации Объединенных Наций по наркотикам и преступности и институтам сети Программы Организации Объединенных Наций в области предупреждения преступности и уголовного правосудия в деле подготовки к этим семинарам-практикумам, включая подготовку и распространение соответствующих справочных материалов;</p>
        </content>
      </paragraph>
      <paragraph eId="para_24" class="MercuryDocument">
        <num>	12.</num>
        <content eId="para_24__content">
          <p xml:space="preserve">
            <span class="italic">предлагает</span> государствам-членам включить в состав своих делегаций участников дискуссионных групп и экспертов, которые могут внести вклад в работу семинаров-практикумов благодаря своим обширным знаниям и опыту, обеспечив тем самым проведение в ходе этих семинаров-практикумов активных и содержательных обсуждений;</p>
        </content>
      </paragraph>
      <paragraph eId="para_25" class="MercuryDocument">
        <num>	13.</num>
        <content eId="para_25__content">
          <p xml:space="preserve">
            <span class="italic">вновь просит</span> Генерального секретаря при наличии внебюджетных ресурсов способствовать участию развивающихся стран в работе семинаров-практикумов и вновь призывает государства, институты сети Программы Организации Объединенных Наций в области предупреждения преступности и уголовного правосудия, другие заинтересованные стороны и Генерального секретаря взаимодействовать для обеспечения того, чтобы эти семинары-практикумы были сосредоточены на рассмотрении соответствующих вопросов и приносили практические результаты, воплощаясь в идеи, проекты и документы в области технического сотрудничества, способствующие повышению эффективности двусторонних и многосторонних мероприятий по оказанию технической помощи в области предупреждения преступности и уголовного правосудия;</p>
        </content>
      </paragraph>
      <paragraph eId="para_26" class="MercuryDocument">
        <num>	14.</num>
        <content eId="para_26__content">
          <p xml:space="preserve">
            <span class="italic">просит</span> Генерального секретаря предоставить в соответствии со сложившейся практикой необходимые ресурсы для обеспечения участия наименее развитых стран в работе четырнадцатого Конгресса;</p>
        </content>
      </paragraph>
      <paragraph eId="para_27" class="MercuryDocument">
        <num>	15.</num>
        <content eId="para_27__content">
          <p xml:space="preserve">
            <span class="italic">призывает</span> правительства как можно раньше начать подготовку к четырнадцатому Конгрессу всеми надлежащими способами, в том числе, при необходимости, путем учреждения национальных подготовительных комитетов, для содействия предметному и плодотворному обсуждению тем и активного участия в организации и проведении семинаров-практикумов, представления докладов с изложением национальной позиции по различным основным пунктам повестки дня и привлечения материалов от представителей высших учебных заведений и соответствующих научных учреждений;</p>
        </content>
      </paragraph>
      <paragraph eId="para_28" class="MercuryDocument">
        <num>	16.</num>
        <content eId="para_28__content">
          <p xml:space="preserve">
            <span class="italic">предлагает</span> государствам-членам направить на четырнадцатый Конгресс представителей самого высокого соответствующего уровня, например глав государств или правительств или министров правительств и генеральных прокуроров, для выступления с заявлениями по теме и основным пунктам повестки дня Конгресса на этапе заседаний высокого уровня и принять активное участие в работе Конгресса путем направления экспертов по правовым и политическим вопросам, имеющих специальную подготовку и практический опыт в области предупреждения преступности и уголовного правосудия;</p>
        </content>
      </paragraph>
      <paragraph eId="para_29" class="MercuryDocument">
        <num>	17.</num>
        <content eId="para_29__content">
          <p xml:space="preserve">
            <span class="italic">вновь просит</span> Генерального секретаря содействовать, в соответствии со сложившейся практикой, организации вспомогательных совещаний неправительственных и профессиональных организаций, участвующих в работе четырнадцатого Конгресса, а также совещаний групп, сформированных по профессиональным и географическим интересам, и принять соответствующие меры с целью содействия участию в Конгрессе академического и научно-исследовательского сообщества;</p>
        </content>
      </paragraph>
      <paragraph eId="para_30" class="MercuryDocument">
        <num>	18.</num>
        <content eId="para_30__content">
          <p xml:space="preserve">
            <span class="italic">вновь просит также</span> Генерального секретаря поощрять участие в работе четырнадцатого Конгресса представителей соответствующих органов системы Организации Объединенных Наций с учетом главной темы, пунктов повестки дня и тем семинаров-практикумов, проводимых в рамках Конгресса;</p>
        </content>
      </paragraph>
      <paragraph eId="para_31" class="MercuryDocument">
        <num>	19.</num>
        <content eId="para_31__content">
          <p xml:space="preserve">
            <span class="italic">с удовлетворением отмечает</span> план выпуска документации для четырнадцатого Конгресса, подготовленный Генеральным секретарем в консультации с расширенным бюро Комиссии по предупреждению преступности и уголовному правосудию<authorialNote marker="6" placement="bottom" eId="authorialNote_6"><p xml:space="preserve"><a href="https://undocs.org/ru/E/CN.15/2019/11">E/CN.15/2019/11</a>, разд. II.D.</p></authorialNote>;</p>
        </content>
      </paragraph>
      <paragraph eId="para_32" class="MercuryDocument">
        <num>	20.</num>
        <content eId="para_32__content">
          <p xml:space="preserve">
            <span class="italic">с удовлетворением отмечает также</span> назначение Генеральным секретарем генерального секретаря и исполнительного секретаря четырнадцатого Конгресса для выполнения ими функций согласно правилам процедуры конгрессов Организации Объединенных Наций по предупреждению преступности и уголовному правосудию;</p>
        </content>
      </paragraph>
      <paragraph eId="para_33" class="MercuryDocument">
        <num>	21.</num>
        <content eId="para_33__content">
          <p xml:space="preserve">
            <span class="italic">просит</span> Генерального секретаря подготовить обзорный доклад о положении в области преступности и уголовного правосудия в мире для представления на четырнадцатом Конгрессе;</p>
        </content>
      </paragraph>
      <paragraph eId="para_34" class="MercuryDocument">
        <num>	22.</num>
        <content eId="para_34__content">
          <p xml:space="preserve">
            <span class="italic">просит</span> Комиссию уделить на ее двадцать девятой сессии первостепенное внимание рассмотрению декларации четырнадцатого Конгресса с целью направления через Экономический и Социальный Совет рекомендаций относительно принятия надлежащих последующих мер Генеральной Ассамблеей на ее семьдесят пятой сессии;</p>
        </content>
      </paragraph>
      <paragraph eId="para_35" class="MercuryDocument">
        <num>	23.</num>
        <content eId="para_35__content">
          <p xml:space="preserve">
            <span class="italic">просит</span> Генерального секретаря обеспечить принятие надлежащих последующих мер в связи с настоящей резолюцией и представить через Комиссию Генеральной Ассамблее доклад по этому вопросу на ее семьдесят пятой сессии.</p>
        </content>
      </paragraph>
    </mainBody>
    <conclusions eId="conclusions">
      <p>
        <inline name="adoptionMeeting" title="50-e">50-e пленарное заседание</inline>
        <eol />
        <docDate date="2019-12-18" refersTo="#adoptionDate">18 декабря 2019 года</docDate>
      </p>
    </conclusions>
  </statement>
</akomaNtoso>