<akomaNtoso xmlns:xsi="http://www.w3.org/2001/XMLSchema-instance" xsi:schemaLocation="http://docs.oasis-open.org/legaldocml/ns/akn/3.0 http://docs.oasis-open.org/legaldocml/akn-core/v1.0/os/part2-specs/schemas/akomantoso30.xsd" xmlns="http://docs.oasis-open.org/legaldocml/ns/akn/3.0" xmlns:html="http://www.w3.org/1999/xhtml" xmlns:akn4un="http://un.org/akn4un">
  <statement name="resolution">
    <meta>
      <identification source="#DGACM">
        <FRBRWork>
          <FRBRthis value="/akn/un/statement/deliberation/unga/2019-12-19/74-229/!main/"></FRBRthis>
          <FRBRuri value="/akn/un/statement/deliberation/unga/2019-12-19/74-229/"></FRBRuri>
          <FRBRdate date="2019-12-19" name="adoption"></FRBRdate>
          <FRBRauthor href="ga" as="author"></FRBRauthor>
          <FRBRcountry value="un"></FRBRcountry>
        </FRBRWork>
        <FRBRExpression>
          <FRBRthis value="/akn/un/statement/deliberation/unga/2019-12-19/74-229/rus@!main/"></FRBRthis>
          <FRBRuri value="/akn/un/statement/deliberation/unga/2019-12-19/74-229/rus@/"></FRBRuri>
          <FRBRdate date="2020-01-15" name="publication"></FRBRdate>
          <FRBRauthor href="ga" as="issuer"></FRBRauthor>
          <FRBRlanguage language="rus"></FRBRlanguage>
        </FRBRExpression>
        <FRBRManifestation>
          <FRBRthis value="/akn/un/statement/deliberation/unga/2019-12-19/74-229/rus@/!main.xml"></FRBRthis>
          <FRBRuri value="/akn/un/statement/deliberation/unga/2019-12-19/74-229/rus@.xml"></FRBRuri>
          <FRBRdate date="2020-08-29" name="markup"></FRBRdate>
          <FRBRauthor href="DGACM" as="editor"></FRBRauthor>
        </FRBRManifestation>
      </identification>
      <classification source="http://metadata.un.org/sdg">
        <keyword value="5" href="http://metadata.un.org/sdg/5" showAs="sdg_5" dictionary="SDGO"></keyword>
        <keyword value="gender_equality" href="http://eurovoc.europa.eu/3913" showAs="gender_equality" dictionary="EuroVoc"></keyword>
        <keyword value="participation_of_women" href="http://eurovoc.europa.eu/2265" showAs="participation_of_women" dictionary="EuroVoc"></keyword>
        <keyword value="women&amp;#39;s_rights" href="http://eurovoc.europa.eu/585" showAs="women&amp;#39;s_rights" dictionary="EuroVoc"></keyword>
        <keyword value="position_of_women" href="http://eurovoc.europa.eu/81" showAs="position_of_women" dictionary="EuroVoc"></keyword>
        <keyword value="women" href="http://metadata.un.org/thesaurus/1007029" showAs="women" dictionary="UNBIS Thesaurus"></keyword>
        <keyword value="gender_equality" href="http://metadata.un.org/thesaurus/1002612" showAs="gender_equality" dictionary="UNBIS Thesaurus"></keyword>
        <keyword value="girls" href="http://metadata.un.org/thesaurus/1002684" showAs="girls" dictionary="UNBIS Thesaurus"></keyword>
      </classification>
      <classification source="http://metadata.un.org/sdg">
        <keyword value="9" href="http://metadata.un.org/sdg/9" showAs="sdg_9" dictionary="SDGO"></keyword>
        <keyword value="industrial_infrastructure" href="http://eurovoc.europa.eu/1434" showAs="industrial_infrastructure" dictionary="EuroVoc"></keyword>
        <keyword value="innovation" href="http://eurovoc.europa.eu/1439" showAs="innovation" dictionary="EuroVoc"></keyword>
        <keyword value="industrialization" href="http://metadata.un.org/thesaurus/1003177" showAs="industrialization" dictionary="UNBIS Thesaurus"></keyword>
        <keyword value="innovations" href="http://metadata.un.org/thesaurus/1003223" showAs="innovations" dictionary="UNBIS Thesaurus"></keyword>
      </classification>
      <classification source="http://metadata.un.org/sdg">
        <keyword value="16" href="http://metadata.un.org/sdg/16" showAs="sdg_16" dictionary="SDGO"></keyword>
        <keyword value="right_to_justice" href="http://eurovoc.europa.eu/516" showAs="right_to_justice" dictionary="EuroVoc"></keyword>
        <keyword value="sustainable_development" href="http://eurovoc.europa.eu/5585" showAs="sustainable_development" dictionary="EuroVoc"></keyword>
        <keyword value="civil_society" href="http://metadata.un.org/thesaurus/1001012" showAs="civil_society" dictionary="UNBIS Thesaurus"></keyword>
        <keyword value="justice" href="http://metadata.un.org/thesaurus/1003500" showAs="justice" dictionary="UNBIS Thesaurus"></keyword>
        <keyword value="peaceful_coexistence" href="http://metadata.un.org/thesaurus/1004777" showAs="peaceful_coexistence" dictionary="UNBIS Thesaurus"></keyword>
        <keyword value="public_institutions" href="http://metadata.un.org/thesaurus/1005254" showAs="public_institutions" dictionary="UNBIS Thesaurus"></keyword>
        <keyword value="social_justice" href="http://metadata.un.org/thesaurus/1005970" showAs="social_justice" dictionary="UNBIS Thesaurus"></keyword>
        <keyword value="sustainable_development" href="http://metadata.un.org/thesaurus/1006319" showAs="sustainable_development" dictionary="UNBIS Thesaurus"></keyword>
      </classification>
      <classification source="http://metadata.un.org/sdg">
        <keyword value="17" href="http://metadata.un.org/sdg/17" showAs="sdg_17" dictionary="SDGO"></keyword>
        <keyword value="sustainable_development" href="http://eurovoc.europa.eu/5585" showAs="sustainable_development" dictionary="EuroVoc"></keyword>
        <keyword value="partnership" href="http://eurovoc.europa.eu/4199" showAs="partnership" dictionary="EuroVoc"></keyword>
        <keyword value="sustainable_development" href="http://metadata.un.org/thesaurus/1006319" showAs="sustainable_development" dictionary="UNBIS Thesaurus"></keyword>
        <keyword value="partnership" href="http://metadata.un.org/thesaurus/1004748" showAs="partnership" dictionary="UNBIS Thesaurus"></keyword>
      </classification>
      <workflow source="#un">
        <step date="2019-11-20" outcome="draftResolution" as="A/C.2/74/L.58" by="submitted by the Vice-Chair of the Committee" />
        <step date="0001-01-01" outcome="draftResolutionAdditionalSponsors" by="" />
        <step date="0001-01-01" outcome="recommendedForAdoption" as="A/74/382/Add.2" by="" refersTo="8" />
        <step date="2019-12-19" outcome="adopted" as="A/74/PV.52" by="" />
      </workflow>
      <analysis source="#un">
        <parliamentary>
          <voting outcome="adoptedWithoutVote">
            <quorum value=""></quorum>
          </voting>
        </parliamentary>
      </analysis>
      <references source="#DGACM">
        <TLCOrganization eId="source" href="/akn/ontology/organization/un/DGACM" showAs="DGACM"></TLCOrganization>
        <TLCConcept eId="dateOfIssuance" href="/akn/ontology/concept/un/dateOfIssuance" showAs="Date of issuance"></TLCConcept>
        <TLCConcept eId="dateOfAdoption" href="/akn/ontology/concept/un/dateOfAdoption" showAs="Date of adoption"></TLCConcept>
        <TLCConcept eId="symbol" href="/akn/ontology/reference/un/symbol" showAs="Symbol"></TLCConcept>
        <TLCRole eId="publisher" href="/akn/ontology/role/un/publisher" showAs="Publisher"></TLCRole>
        <TLCRole eId="issuingBody" href="/akn/role/concept/un/issuingBody" showAs="Issuing body"></TLCRole>
        <TLCRole eId="author" href="/akn/ontology/role/un/author" showAs="Author"></TLCRole>
        <TLCRole eId="editor" href="/akn/ontology/role/un/editor" showAs="Editor"></TLCRole>
        <TLCRole eId="distribution" href="/akn/ontology/concept/un/generalDistribution" showAs="General distribution"></TLCRole>
        <TLCOrganization eId="ga" href="/akn/ontology/organization/un/generalAssembly" showAs="General Assembly"></TLCOrganization>
        <TLCTerm eId="resolutionTitle" href="/akn/ontology/reference/un/resolutionTitle" showAs="Resolution title"></TLCTerm>
        <TLCTerm eId="secondCommittee" href="#secondCommittee" showAs="Второй комитет"></TLCTerm>
        <TLCTerm eId="memberState" href="/akn/ontology/organization/un/memberState" showAs="Member State"></TLCTerm>
        <TLCTerm eId="inFavour" href="/akn/ontology/concept/un/voting/inFavour" showAs="In favour"></TLCTerm>
        <TLCTerm eId="against" href="/akn/ontology/concept/un/voting/against" showAs="Against"></TLCTerm>
        <TLCTerm eId="abstaining" href="/akn/ontology/concept/un/voting/abstaining" showAs="Abstaining"></TLCTerm>
      </references>
      <presentation source="#un">
        <akn4un:footerFirstPage>
          <akn4un:footerFirstPageLeft>
            <akn4un:internalCode>
              <docketNumber refersTo="#publicationJobNumber">19-22501 (R)</docketNumber>
              <img alt="bar code" class="barCode" src=""></img>
            </akn4un:internalCode>
          </akn4un:footerFirstPageLeft>
          <akn4un:footerFirstPageRight>
            <img alt="Please recycle" class="image" src="./recylcleLogo.jpg"></img>
            <img alt="embedded QR code" class="qrCode" src=""></img>
          </akn4un:footerFirstPageRight>
        </akn4un:footerFirstPage>
      </presentation>
    </meta>
    <coverPage eId="coverPage_1">
      <p>
        <span refersTo="#publisher" class="upperLeft">
          <docAuthority refersTo="#publisher">Организация Объединенных Наций</docAuthority>
        </span>
      </p>
      <p class="upperRight">
        <docNumber refersTo="#symbol">A/RES/74/229</docNumber>
      </p>
      <p class="upperLeft">
        <img src="logo-un.jpg"></img>
        <docAuthority refersTo="#issuingBody" class="rightBig">Генеральная Ассамблея</docAuthority>
      </p>
      <p>
        <docStatus refersTo="#generalDistribution" class="rightSmall">Distr.: General</docStatus>
      </p>
      <p>
        <docDate date="2020-01-15" class="rightSmall" refersTo="#dateOfIssuance">15 January 2020</docDate>
      </p>
      <p>
        <session refersTo="#generalAssembly" value="74" eId="coverPage_1__session_1">Семьдесят четвертая сессия</session>
      </p>
      <p>
        <inline name="agenda item">Пункт 20 b) повестки дня</inline>
      </p>
      <p>
        <inline name="agenda item name">Глобализация и взаимозависимость: использование научно-технических достижений и новаторства в целях устойчивого развития</inline>
      </p>
      <p>
        <docTitle>Резолюция, принятая Генеральной Ассамблеей 19 декабря 2019 года</docTitle>
      </p>
      <p xml:space="preserve">
        <docProponent refersTo="#secondCommittee">[по докладу Второго комитета (<inline name="originating document">A/74/382/Add.2</inline>)]</docProponent>
      </p>
    </coverPage>
    <preface>
      <p>
        <docNumber>74/229.</docNumber>
        <docTitle refersTo="#resolutionTitle">Использование научно-технических достижений и новаторства в целях устойчивого развития</docTitle>
      </p>
    </preface>
    <preamble>
      <formula name="enactingFormula" eId="formula_1">
        <p xml:space="preserve">
          <span class="italic">Генеральная Ассамблея</span>,</p>
      </formula>
      <container name="подтверждая" eId="container_2">
        <p xml:space="preserve">
          <span class="italic">подтверждая</span> свою резолюцию <a href="https://undocs.org/ru/A/RES/70/1">70/1</a> «Преобразование нашего мира: Повестка дня в области устойчивого развития на период до 2030 года» от 25 сентября 2015 года, в которой она утвердила всеобъемлющий, рассчитанный на перспективу и предусматривающий учет интересов людей набор универсальных и ориентированных на преобразования целей и задач в области устойчивого развития, свое обязательство прилагать неустанные усилия для полного осуществления Повестки дня к 2030 году, признание ею того, что ликвидация нищеты во всех ее формах и проявлениях, включая крайнюю нищету, является важнейшей глобальной задачей и одним из необходимых условий устойчивого развития, и свою приверженность сбалансированному и комплексному обеспечению устойчивого развития во всех его трех — экономическом, социальном и экологическом — компонентах, а также закреплению результатов, достигнутых в реализации целей в области развития, сформулированных в Декларации тысячелетия, и завершению всего, что не удалось сделать за время, отведенное для их достижения,</p>
      </container>
      <container name="подтверждая также " eId="container_3">
        <p xml:space="preserve">
          <span class="italic">подтверждая также </span>свою резолюцию <a href="https://undocs.org/ru/A/RES/69/313">69/313</a> от 27 июля 2015 года, касающуюся Аддис-Абебской программы действий третьей Международной конференции по финансированию развития, которая является неотъемлемой частью Повестки дня в области устойчивого развития на период до 2030 года, подкрепляет и дополняет ее, способствует переводу предусмотренных в ней задач в отношении средств осуществления в плоскость конкретных стратегий и мер и в которой вновь подтверждается твердая политическая приверженность решению задачи финансирования устойчивого развития и создания благоприятных условий для него на всех уровнях в духе глобального партнерства и солидарности,</p>
      </container>
      <container name="подтверждая далее" eId="container_4">
        <p xml:space="preserve">
          <span class="italic">подтверждая далее</span> Парижское соглашение<authorialNote marker="1" placement="bottom" eId="authorialNote_1"><p xml:space="preserve">		Принято в контексте Рамочной конвенции Организации Объединенных Наций об изменении климата в документе <a href="https://undocs.org/ru/FCCC/CP/2015/10/Add.1">FCCC/CP/2015/10/Add.1</a>, решение 1/CP.21.</p></authorialNote> и с удовлетворением отмечая его раннее вступление в силу, обращаясь ко всем сторонам Соглашения с призывом выполнять все его положения и обращаясь к тем сторонам Рамочной конвенции Организации Объединенных Наций об изменении климата<authorialNote marker="2" placement="bottom" eId="authorialNote_2"><p xml:space="preserve">		United Nations, <span class="italic">Treaty Series</span>, vol. 1771, No. 30822.</p></authorialNote>, которые еще не сделали этого, с призывом как можно скорее сдать на хранение соответственно документы о ратификации, принятии, утверждении или присоединении,</p>
      </container>
      <container name="ссылаясь" eId="container_5">
        <p xml:space="preserve">
          <span class="italic">ссылаясь</span> на свою резолюцию <a href="https://undocs.org/ru/A/RES/72/228">72/228</a> от 20 декабря 2017 года об использовании научно-технических достижений и новаторства в целях развития и свои предыдущие резолюции по этому вопросу<authorialNote marker="3" placement="bottom" eId="authorialNote_3"><p xml:space="preserve">		Резолюции <a href="https://undocs.org/ru/A/RES/58/200">58/200</a>, <a href="https://undocs.org/ru/A/RES/59/220">59/220</a>, <a href="https://undocs.org/ru/A/RES/60/205">60/205</a>, <a href="https://undocs.org/ru/A/RES/61/207">61/207</a>, <a href="https://undocs.org/ru/A/RES/62/201">62/201</a>, <a href="https://undocs.org/ru/A/RES/64/212">64/212</a>, <a href="https://undocs.org/ru/A/RES/66/211">66/211</a>, <a href="https://undocs.org/ru/A/RES/68/220">68/220</a> и <a href="https://undocs.org/ru/A/RES/70/213">70/213</a>.</p></authorialNote>,</p>
      </container>
      <container name="принимая к сведению" eId="container_6">
        <p xml:space="preserve">
          <span class="italic">принимая к сведению</span> резолюцию <a href="https://undocs.org/ru/E/RES/2019/25">2019/25</a> Экономического и Социального Совета от 23 июля 2019 года об использовании научно-технических достижений и новаторства в целях развития и предыдущие резолюции Совета по этому вопросу<authorialNote marker="4" placement="bottom" eId="authorialNote_4"><p xml:space="preserve">		Резолюции 2006/46, 2009/8, 2010/3, 2011/17, <a href="https://undocs.org/ru/E/RES/2012/6">2012/6</a>, <a href="https://undocs.org/ru/E/RES/2013/10">2013/10</a>, <a href="https://undocs.org/ru/E/RES/2014/28">2014/28</a>, <a href="https://undocs.org/ru/E/RES/2015/27">2015/27</a>, <a href="https://undocs.org/ru/E/RES/2016/23">2016/23</a>, <a href="https://undocs.org/ru/E/RES/2017/22">2017/22</a> и <a href="https://undocs.org/ru/E/RES/2018/29">2018/29</a> Экономического и Социального Совета.</p></authorialNote>,</p>
      </container>
      <container name="ссылаясь" eId="container_7">
        <p xml:space="preserve">
          <span class="italic">ссылаясь</span> на свою резолюцию <a href="https://undocs.org/ru/A/RES/73/17">73/17</a> от 26 ноября 2018 года о влиянии стремительного технического прогресса на достижение целей и выполнение задач в области устойчивого развития,</p>
      </container>
      <container name="напоминая" eId="container_8">
        <p xml:space="preserve">
          <span class="italic">напоминая</span> о Всемирной встрече на высшем уровне по вопросам информационного общества и ссылаясь на ее итоговые документы<authorialNote marker="5" placement="bottom" eId="authorialNote_5"><p xml:space="preserve">		См. <a href="https://undocs.org/ru/A/C.2/59/3">A/C.2/59/3</a> и <a href="https://undocs.org/ru/A/60/687">A/60/687</a>.</p></authorialNote> , а также на другие соответствующие согласованные на межправительственном уровне итоговые документы,</p>
      </container>
      <container name="принимая к сведению" eId="container_9">
        <p xml:space="preserve">
          <span class="italic">принимая к сведению</span> доклады Комиссии по науке и технике в целях развития о работе ее четырнадцатой — двадцать второй сессий<authorialNote marker="6" placement="bottom" eId="authorialNote_6"><p xml:space="preserve"><span class="italic">Официальные отчеты Экономического и Социального Совета, 2011 год, Дополнение № 11 </span>(<a href="https://undocs.org/ru/E/2011/31">E/2011/31</a>); там же, <span class="italic">2012 год, Дополнение № 11</span> и исправление (<a href="https://undocs.org/ru/E/2012/31">E/2012/31</a> и <a href="https://undocs.org/ru/E/2012/31/Corr.1">E/2012/31/Corr.1</a>); там же, <span class="italic">2013 год, Дополнение № 11</span> и исправление (<a href="https://undocs.org/ru/E/2013/31">E/2013/31</a> и <a href="https://undocs.org/ru/E/2013/31/Corr.1">E/2013/31/Corr.1</a>); там же, <span class="italic">2014 год, Дополнение № 11</span> (<a href="https://undocs.org/ru/E/2014/31">E/2014/31</a>); там же, <span class="italic">2015 год, Дополнение № 11</span> (<a href="https://undocs.org/ru/E/2015/31">E/2015/31</a>); там же, <span class="italic">2016 год, Дополнение № 11</span> (<a href="https://undocs.org/ru/E/2016/31">E/2016/31</a>); там же, <span class="italic">2017 год, Дополнение № 11</span> (<a href="https://undocs.org/ru/E/2017/31">E/2017/31</a>); там же, <span class="italic">2018 год, Дополнение № 11</span> (<a href="https://undocs.org/ru/E/2018/31">E/2018/31</a>); и там же, <span class="italic">2019 год, Дополнение № 11</span> (<a href="https://undocs.org/ru/E/2019/31">E/2019/31</a>).</p></authorialNote>,</p>
      </container>
      <container name="принимая также к сведению " eId="container_10">
        <p xml:space="preserve">
          <span class="italic">принимая также к сведению </span>доклад Генерального секретаря<authorialNote marker="7" placement="bottom" eId="authorialNote_7"><p xml:space="preserve"><a href="https://undocs.org/ru/A/74/230">A/74/230</a>.</p></authorialNote>,</p>
      </container>
      <container name="&#x9;принимая далее к сведению " eId="container_11">
        <p xml:space="preserve">
          <span class="italic">	принимая далее к сведению </span>работу Координационного совета руководителей системы Организации Объединенных Наций по вопросам, касающимся влияния новых и новейших технологий, и по вопросам поощрения новаторства в интересах ускорения реализации целей в области устойчивого развития,</p>
      </container>
      <container name="учитывая" eId="container_12">
        <p xml:space="preserve">
          <span class="italic">учитывая</span>, что научно-технический прогресс и новаторство, в том числе экологически безопасные технологии и информационно-коммуникационные технологии, имеют важнейшее значение для достижения устойчивого развития и являются одним из основных средств осуществления согласованных на межправительственном уровне итоговых документов по вопросам развития, в том числе Повестки дня в области устойчивого развития на период до 2030 года и сформулированных в ней целей в области устойчивого развития,</p>
      </container>
      <container name="отмечая" eId="container_13">
        <p xml:space="preserve">
          <span class="italic">отмечая</span>, что в «Докладе об устойчивом развитии в мире» 2019 года научно-техническая и новаторская деятельность названа одним из рычагов преобразований, необходимых для ускорения прогресса в достижении целей в области устойчивого развития, и что стратегическое развертывание такой деятельности может в потенциале свести к минимуму и устранить компромиссы, возникающие при осуществлении этих целей и задач, и признано, что передача технологий развивающимся странам на взаимно согласованных условиях будет иметь важнейшее значение для наращивания масштабов и ускорения реализации Повестки дня в области устойчивого развития на период до 2030 года,</p>
      </container>
      <container name="принимая к сведению" eId="container_14">
        <p xml:space="preserve">
          <span class="italic">принимая к сведению</span> опубликованный в июне 2019 года доклад Группы высокого уровня Генерального секретаря по цифровому сотрудничеству, озаглавленный “The age of digital interdependence” («Эпоха цифровой взаимозависимости»),</p>
      </container>
      <container name="особо отмечая" eId="container_15">
        <p xml:space="preserve">
          <span class="italic">особо отмечая</span>, что наука, техника и инновации играют ключевую роль в ускорении темпов диверсификации и трансформации экономики, повышении производительности и конкурентоспособности, а также в обеспечении полноценного участия развивающихся стран в мировой экономике,</p>
      </container>
      <container name="подтверждая" eId="container_16">
        <p xml:space="preserve">
          <span class="italic">подтверждая</span>, что создание, развитие и распространение новаторских решений и технологий и связанных с ними ноу-хау, включая передачу технологии на взаимосогласованных условиях, являются мощными факторами, стимулирующими экономический рост и устойчивое развитие,</p>
      </container>
      <container name="подчеркивая" eId="container_17">
        <p xml:space="preserve">
          <span class="italic">подчеркивая</span>, что быстрое развитие науки и техники открывает огромные возможности для ускорения прогресса в достижении целей в области устойчивого развития, но создает при этом и новые проблемы, в том числе увековечивает существующие разрывы внутри стран и между ними,</p>
      </container>
      <container name="учитывая" eId="container_18">
        <p xml:space="preserve">
          <span class="italic">учитывая</span>, что новые технологии увеличивают спрос на цифровые навыки и знания и что одновременно с этим в развивающихся странах растет число молодых людей, выходящих на рынок труда, и увеличивается разрыв между их знаниями, навыками и способностями и теми, которые требуются работодателям, и выражая обеспокоенность тем, что доля женщин-специалистов в области информационно-коммуникационных технологий остается низкой, особенно в развивающихся странах,</p>
      </container>
      <container name="&#x9;учитывая также" eId="container_19">
        <p xml:space="preserve">
          <span class="italic">	учитывая также</span>, что благодаря обучению, профессиональной подготовке и укреплению потенциала в области науки, техники и инноваций могут быть приобретены новые навыки и, следовательно, расширены возможности для трудоустройства при одновременном удовлетворении потребностей рынка,</p>
      </container>
      <container name="призывая" eId="container_20">
        <p xml:space="preserve">
          <span class="italic">призывая</span> международное сообщество и все заинтересованные стороны поддержать усилия развивающихся стран по созданию возможностей в сфере научного, технического, инженерного и математического образования и исследований для всех, включая молодежь и женщин, и особенно в сфере новейших технологий, и обеспечению надлежащих условий труда для того, чтобы предотвратить «утечку умов»,</p>
      </container>
      <container name="учитывая" eId="container_21">
        <p xml:space="preserve">
          <span class="italic">учитывая</span>, что такие виды новаторства, как ориентированное на интересы малоимущих, всеохватное, массовое и общественное новаторство, направлены на решение проблем, которые не всегда могут быть решены за счет действия рыночных сил,</p>
      </container>
      <container name="учитывая также " eId="container_22">
        <p xml:space="preserve">
          <span class="italic">учитывая также </span>важность такого использования научно-технических достижений и новаторства, которое отвечало бы конкретным национальным и местным условиям и нуждам,</p>
      </container>
      <container name="учитывая далее " eId="container_23">
        <p xml:space="preserve">
          <span class="italic">учитывая далее </span>важность, в частности для развивающихся стран, защиты информации и соблюдения неприкосновенности частной жизни в контексте использования научно-технических достижений в целях развития, особенно в связи с внедрением новых технологий,</p>
      </container>
      <container name="&#x9;принимая к сведению " eId="container_24">
        <p xml:space="preserve">
          <span class="italic">	принимая к сведению </span>доклад Конференции Организации Объединенных Наций по торговле и развитию “Digital Economy Report 2019” («Доклад о развитии цифровой экономики 2019 года»), в котором рассматриваются возможности создания и реализации стоимости развивающимися странами в сфере цифровой экономики, обращается особое внимание на возможности получения выгод этими странами как производителями и новаторами от информационной экономики и отмечается, что платформизация и монетизация быстро растущего объема данных в цифровом формате содействуют все более интенсивному созданию стоимости, но при этом признается существующая опасность того, что переход на цифровые технологии может привести к усилению неравенства и дальнейшей консолидации, а не к более всеохватному развитию,</p>
      </container>
      <container name="учитывая" eId="container_25">
        <p xml:space="preserve">
          <span class="italic">учитывая</span>, что реальное обеспечение гендерного равенства и расширение прав и возможностей женщин и девочек внесут решающий вклад в достижение прогресса в реализации всех целей и задач в области устойчивого развития, и учитывая также, что необходимо обеспечить полный и равный доступ женщин всех возрастов к научно-технической и инновационной деятельности и их участие в такой деятельности и ориентировать стратегии в области использования научно-технических достижений и новаторства на решение проблем, связанных с расширением прав и возможностей женщин и неравенства, включая неравный доступ женщин и мужчин к цифровым технологиям,</p>
      </container>
      <container name="ссылаясь" eId="container_26">
        <p xml:space="preserve">
          <span class="italic">ссылаясь</span> на согласованные выводы Комиссии по положению женщин о расширении экономических прав и возможностей женщин в контексте изменений в сфере труда, принятые на ее шестьдесят первой сессии<authorialNote marker="8" placement="bottom" eId="authorialNote_8"><p xml:space="preserve"><span class="italic">Официальные отчеты Экономического и Социального Совета, 2017 года, Дополнение № 7 </span>(<a href="https://undocs.org/ru/E/2017/27">E/2017/27</a>), гл. I, разд. A.</p></authorialNote>, в которых, в частности, подчеркивается необходимость использования прогресса в технологической и цифровой сферах в целях расширения экономических прав и возможностей женщин, особенно в целях укрепления потенциала развивающихся стран, с тем чтобы женщины могли использовать науку и технику для развития предпринимательства и расширения своих экономических прав и возможностей в контексте изменений в сфере труда, и в целях оказания поддержки в обеспечении женщинам на протяжении всей их жизни доступа к возможностям развития профессиональных навыков и получения достойной работы в новых и новейших сферах деятельности путем расширения возможностей получения образования и профессиональной подготовки, в том числе в сфере науки и техники, инженерного дела и математики, информационно-коммуникационных технологий и цифровой грамотности, и расширения участия женщин и, в соответствующих случаях, девочек в качестве пользователей, создателей информационного наполнения, работников, предпринимателей, новаторов и руководителей,</p>
      </container>
      <container name="выражая обеспокоенность" eId="container_27">
        <p xml:space="preserve">
          <span class="italic">выражая обеспокоенность</span> тем, что многие развивающиеся страны по-прежнему сталкиваются с серьезными проблемами в области создания национальной научно-технической и инновационной базы и не имеют приемлемого по ценам доступа к информационно-коммуникационным технологиям и что для малоимущего населения надежды на использование возможностей, открывающихся благодаря использованию научно-технических достижений и новаторства, остаются несбывшимися,</p>
      </container>
      <container name="&#x9;с удовлетворением принимая к сведению " eId="container_28">
        <p xml:space="preserve">
          <span class="italic">	с удовлетворением принимая к сведению </span>работу лабораторий технологических новшеств Организации Объединенных Наций, направленную на поощрение и стимулирование новаторства в интересах осуществления Повестки дня в области устойчивого развития на период до 2030 года,</p>
      </container>
      <container name="учитывая" eId="container_29">
        <p xml:space="preserve">
          <span class="italic">учитывая</span>, что сотрудничество и взаимодействие с развивающимися странами в научно-технической области и в области новаторства, а также прямые иностранные инвестиции в развивающиеся страны и торговля с развивающимися странами и между ними, а также оказание им международной поддержки имеют основополагающее значение для повышения способности развивающихся стран с выгодой для себя использовать технические достижения и создавать, развивать, получать, понимать, выбирать, адаптировать и использовать научно-технические и инновационные знания,</p>
      </container>
      <container name="учитывая также " eId="container_30">
        <p xml:space="preserve">
          <span class="italic">учитывая также </span>важность оказания развивающимся странам поддержки в их научно-технической и инновационной политике и деятельности на основе сотрудничества Север — Юг и Юг — Юг и трехстороннего сотрудничества в области предоставления финансовой и технической помощи, укрепления потенциала и передачи технологий на взаимно согласованных условиях,</p>
      </container>
      <container name="учитывая далее" eId="container_31">
        <p xml:space="preserve">
          <span class="italic">учитывая далее</span> необходимость мобилизации и увеличения объема финансирования научно-технической деятельности и новаторства, особенно в развивающихся странах, в поддержку достижения целей в области устойчивого развития,</p>
      </container>
      <container name="с удовлетворением отмечая " eId="container_32">
        <p xml:space="preserve">
          <span class="italic">с удовлетворением отмечая </span>произошедшее за последние два десятилетия увеличение объема официальной помощи в целях развития, направляемой на цели развития научно-технического и инновационного потенциала в развивающихся странах, но будучи по-прежнему обеспокоена тем, что объем официальной помощи в целях развития, предоставляемой наименее развитым странам, развивающимся странам, не имеющим выхода к морю, малым островным развивающимся государствам и странам Африки на цели развития их научно-технического и инновационного потенциала, оставался в течение последнего десятилетия примерно на одном и том же уровне,</p>
      </container>
      <container name="учитывая" eId="container_33">
        <p xml:space="preserve">
          <span class="italic">учитывая</span> центральную роль, которую Комиссия по науке и технике в целях развития играет в качестве координатора по вопросам науки, техники и инноваций в интересах устойчивого развития в Организации Объединенных Наций в анализе благотворного влияния использования научно-технических достижений и новаторства, в том числе информационно-коммуникационных технологий, на осуществление Повестки дня в области устойчивого развития на период до 2030 года, выполняя функции форума для стратегического планирования, распространения накопленного опыта и передовых методов и прогнозирования важнейших тенденций научно-технического прогресса и новаторства применительно к ключевым секторам экономики, окружающей среде и обществу, а также привлекая внимание к новейшим и революционным технологиям,</p>
      </container>
      <container name="вновь заявляя" eId="container_34">
        <p xml:space="preserve">
          <span class="italic">вновь заявляя</span> о необходимости укрепления программ соответствующих структур системы Организации Объединенных Наций в научно-технической области и в области новаторства и в этой связи напоминая о мандате Механизма содействия развитию технологий применительно к использованию научно-технических достижений и новаторства для достижения целей в области устойчивого развития, заключающемся в содействии обеспечению координации, слаженности и сотрудничества в рамках системы Организации Объединенных Наций,</p>
      </container>
      <container name="&#x9;учитывая " eId="container_35">
        <p xml:space="preserve">
          <span class="italic">	учитывая </span>необходимость укрепления сотрудничества и обменов между политическими и научно-техническими кругами,</p>
      </container>
      <container name="приветствуя" eId="container_36">
        <p xml:space="preserve">
          <span class="italic">приветствуя</span> проведение первого — четвертого ежегодных многосторонних форумов по науке, технике и инновациям в интересах достижения целей в области устойчивого развития, с удовлетворением отмечая текущую работу межучрежденческой целевой группы Организации Объединенных Наций по использованию научно-технических достижений и новаторства для достижения целей в области устойчивого развития и с интересом ожидая разработки онлайновой платформы в качестве информационного портала, содержащего сведения об имеющихся инициативах, механизмах и программах в области науки, техники и инноваций, которые являются тремя компонентами Механизма содействия развитию технологий,</p>
      </container>
      <container name="отмечая" eId="container_37">
        <p xml:space="preserve">
          <span class="italic">отмечая</span> текущие усилия Всемирной организации интеллектуальной собственности по оказанию государствам-членам помощи в выработке стратегий в области интеллектуальной собственности и создании национальных экосистем, которые поощряют новаторство и творчество и поддерживают поток знаний и технического опыта,</p>
      </container>
      <container name="отмечая также " eId="container_38">
        <p xml:space="preserve">
          <span class="italic">отмечая также </span>текущую работу региональных экономических комиссий в области использования научно-технических достижений и новаторства в целях устойчивого развития и вносимый ими вклад в эту деятельность,</p>
      </container>
      <container name="напоминая" eId="container_39">
        <p xml:space="preserve">
          <span class="italic">напоминая</span> о важности поддержки осуществления Повестки дня Африканского союза на период до 2063 года, а также его 10‑летнего плана действий, которые представляют собой стратегическую программу действий по обеспечению позитивных социально-экономических преобразований в Африке на протяжении следующих 50 лет, его континентальной программы, отраженной в резолюциях Генеральной Ассамблеи по вопросу о Новом партнерстве в интересах развития Африки, и региональных инициатив и отмечая в этой связи Шарм-эш-Шейхскую декларацию, принятую Африканским союзом в октябре 2019 года, в которой принято обязательство добиваться создания в Африке комплексного и всеохватывающего цифрового общества и экономики, призванных повысить уровень жизни граждан Африки,</p>
      </container>
      <container name="подтверждая " eId="container_40">
        <p xml:space="preserve">
          <span class="italic">подтверждая </span>торжественное обещание, что никто не будет забыт, подтверждая также признание того, что достоинство человеческой личности имеет основополагающее значение, и желание добиться того, чтобы цели и задачи в области устойчивого развития были реализованы в интересах всех стран и народов и всех слоев общества, и вновь подтверждая обязательство приложить все усилия к тому, чтобы в первую очередь оказать помощь самым обездоленным,</p>
      </container>
    </preamble>
    <mainBody>
      <paragraph eId="para_41" class="MercuryDocument">
        <num>	1.</num>
        <content eId="para_41__content">
          <p xml:space="preserve">
            <span class="italic">подтверждает свои обязательства</span>, закрепленные в Аддис-Абебской программе действий третьей Международной конференции по финансированию развития<authorialNote marker="9" placement="bottom" eId="authorialNote_9"><p xml:space="preserve">		Резолюция <a href="https://undocs.org/ru/A/RES/69/313">69/313</a>, приложение.</p></authorialNote>, в частности обязательства, касающиеся использования научно-технических достижений и новаторства, рассматривая их выполнение как важную область деятельности по обеспечению устойчивого развития;</p>
        </content>
      </paragraph>
      <paragraph eId="para_42" class="MercuryDocument">
        <num>	2.</num>
        <content eId="para_42__content">
          <p xml:space="preserve">
            <span class="italic">	вновь заявляет о своей решимости</span> продолжать содействовать использованию научно-технических достижений и новаторства в целях облегчения усилий, направленных на решение глобальных проблем, например усилий по ликвидации нищеты, обеспечению продовольственной безопасности и питания, повышению производительности сельского хозяйства, расширению доступа к недорогим, надежным, устойчивым и современным источникам энергии для всех, борьбе с болезнями, совершенствованию систем образования, охране окружающей среды и решению проблемы изменения климата;</p>
        </content>
      </paragraph>
      <paragraph eId="para_43" class="MercuryDocument">
        <num>	3.</num>
        <content eId="para_43__content">
          <p xml:space="preserve">
            <span class="italic">	вновь заявляет также о своей решимости </span>содействовать принятию мер в научно-технической области и в области новаторства, согласованных наименее развитыми странами и партнерами по процессу развития и сформулированных в пунктах 52 и 53 Программы действий для наименее развитых стран на десятилетие 2011–2020 годов<authorialNote marker="10" placement="bottom" eId="authorialNote_10"><p xml:space="preserve"><span class="italic">Доклад четвертой Конференции Организации Объединенных Наций по наименее развитым странам, Стамбул, Турция, 9–13 мая 2011 года</span> (<a href="https://undocs.org/ru/A/CONF.219/7">A/CONF.219/7</a>), гл. II.</p></authorialNote>;</p>
        </content>
      </paragraph>
      <paragraph eId="para_44" class="MercuryDocument">
        <num>	4.</num>
        <content eId="para_44__content">
          <p xml:space="preserve">
            <span class="italic">	отмечает </span>центральную роль правительств, действующих при активной поддержке заинтересованных сторон, которые представляют частный сектор, гражданское общество, научные и исследовательские учреждения, в создании и сохранении на всех уровнях благоприятных условий, в том числе благоприятной нормативно-правовой и организационно-управленческой базы, в соответствии с национальными приоритетами для содействия развитию науки, новаторства и предпринимательства, распространению знаний и технологий на взаимно согласованных условиях, особенно среди микро-, малых и средних предприятий, а также диверсификации промышленности и более глубокой переработке сырья;</p>
        </content>
      </paragraph>
      <paragraph eId="para_45" class="MercuryDocument">
        <num>	5.</num>
        <content eId="para_45__content">
          <p xml:space="preserve">
            <span class="italic">	обращает особое внимание</span> на необходимость принятия стратегий в научно-технической области и в области новаторства в качестве неотъемлемых элементов национальных планов и стратегий устойчивого развития, которые способствуют расширению обмена знаниями на взаимно согласованных условиях и взаимодействия, и наращивания объема вложений в сферу научного, технического, инженерного и математического образования и повышения качества технического, профессионально-технического и высшего образования и обучения;</p>
        </content>
      </paragraph>
      <paragraph eId="para_46" class="MercuryDocument">
        <num>	6.</num>
        <content eId="para_46__content">
          <p xml:space="preserve">
            <span class="italic">	признает </span>важность устранения разрыва в научно-техническом потенциале внутри стран, секторов и сегментов общества и между ними, с тем чтобы все слои общества, особенно люди, находящиеся в уязвимом положении, и малоимущие, могли адаптироваться к научно-техническому прогрессу и с пользой для себя использовать его возможности;</p>
        </content>
      </paragraph>
      <paragraph eId="para_47" class="MercuryDocument">
        <num>	7.</num>
        <content eId="para_47__content">
          <p xml:space="preserve">
            <span class="italic">признает также</span> важность создания благоприятных условий, которые способствовали бы привлечению и поддержке частных инвестиций, развитию предпринимательства и укреплению социальной ответственности корпораций, в том числе создания эффективной, адекватной, сбалансированной и действенной системы регулирования вопросов интеллектуальной собственности, при одновременном обеспечении развивающимся странам возможности доступа к научно-техническим достижениям и новшествам;</p>
        </content>
      </paragraph>
      <paragraph eId="para_48" class="MercuryDocument">
        <num>	8.</num>
        <content eId="para_48__content">
          <p xml:space="preserve">
            <span class="italic">рекомендует</span> государствам-членам расширять и стимулировать вложения в научные исследования и опытно-конструкторские разработки в области экологически безопасных технологий и содействовать вовлечению делового и финансового секторов в развитие этих технологий и призывает международное сообщество поддержать эти усилия; </p>
        </content>
      </paragraph>
      <paragraph eId="para_49" class="MercuryDocument">
        <num>	9.</num>
        <content eId="para_49__content">
          <p xml:space="preserve">
            <span class="italic">	рекомендует </span>всем заинтересованным сторонам в порядке подготовки к использованию существующих и будущих возможностей и решению задач, обусловленных научно-техническим прогрессом, в том числе четвертой промышленной революцией, изучить, в частности, пути и средства проведения всеохватывающих национальных, региональных и международных мероприятий по анализу и прогнозированию положения дел в отношении существующих, новых и новейших технологий для содействия оценке их влияния на развитие и смягчению возможных отрицательных последствий и рисков;</p>
        </content>
      </paragraph>
      <paragraph eId="para_50" class="MercuryDocument">
        <num>	10.</num>
        <content eId="para_50__content">
          <p xml:space="preserve">
            <span class="italic">	рекомендует </span>государствам-членам в индивидуальном и коллективном порядке обеспечивать поддержку политики, направленной на расширение доступа к финансовым услугам, в том числе посредством использования финансовых технологий, с целью расширения круга и диверсификации источников финансирования и прямых инвестиций в интересах развития науки, техники и новаторства, направленных на достижение целей в области устойчивого развития<authorialNote marker="11" placement="bottom" eId="authorialNote_11"><p xml:space="preserve">		См. резолюцию <a href="https://undocs.org/ru/A/RES/70/1">70/1</a>.</p></authorialNote>;</p>
        </content>
      </paragraph>
      <paragraph eId="para_51" class="MercuryDocument">
        <num>	11.</num>
        <content eId="para_51__content">
          <p xml:space="preserve">
            <span class="italic">	рекомендует также </span>государствам-членам содействовать наращиванию инновационного потенциала на местном уровне для обеспечения всеохватного и устойчивого экономического развития посредством комплексного использования местных научных, профессионально-технических и инженерно-технических знаний, мобилизации ресурсов по различным каналам, совершенствования информационно-коммуникационных технологий и содействия развитию инфраструктуры;</p>
        </content>
      </paragraph>
      <paragraph eId="para_52" class="MercuryDocument">
        <num>	12.</num>
        <content eId="para_52__content">
          <p xml:space="preserve">
            <span class="italic">	рекомендует далее </span>государствам-членам содействовать обеспечению цифровой общедоступности и грамотности и подумать над тем, как им включить программы обучения цифровым знаниям в систему образования, с уделением особого внимания развитию навыков девочек, и ускорить развитие навыков и повышение компетентности в сфере цифровых технологий, в том числе путем осуществления вложений в повышение уровня квалификации и специализации в сфере цифровых технологий и в цифровую инфраструктуру, разработки государственных стратегий, институционального развития, сотрудничества со многими заинтересованными сторонами и международного взаимодействия;</p>
        </content>
      </paragraph>
      <paragraph eId="para_53" class="MercuryDocument">
        <num>	13.</num>
        <content eId="para_53__content">
          <p xml:space="preserve">
            <span class="italic">	обращает особое внимание</span> на то, что устранение барьеров на пути обеспечения равного доступа женщин и девочек к научно-технической и новаторской деятельности требует систематического, всеобъемлющего, комплексного, поступательного, междисциплинарного и межсекторального подхода, и в этой связи настоятельно призывает государства-члены обеспечить всесторонний учет гендерной проблематики в законодательстве, политике и программах и предлагает предпринимать усилия по развитию наставничества для женщин и девочек в сфере научного, технического, инженерного и математического образования и исследований, обеспечению привлекательности такого образования и исследований для женщин и девочек и их удержанию в этой сфере, а также оказанию содействия женщинам в использовании достижений научно-технического прогресса для развития предпринимательства и расширения экономических прав и возможностей в контексте изменений в сфере труда;</p>
        </content>
      </paragraph>
      <paragraph eId="para_54" class="MercuryDocument">
        <num>	14.</num>
        <content eId="para_54__content">
          <p xml:space="preserve">
            <span class="italic">особо отмечает </span>важность участия женщин и девочек в научно-технической и инновационной деятельности и рекомендует далее системе развития Организации Объединенных Наций поддержать усилия, направленные на сокращение гендерного разрыва в этих областях, в сотрудничестве с государствами-членами и международными организациями, занимающимися совместными исследованиями;</p>
        </content>
      </paragraph>
      <paragraph eId="para_55" class="MercuryDocument">
        <num>	15.</num>
        <content eId="para_55__content">
          <p xml:space="preserve">
            <span class="italic">отмечает</span> важность содействия использованию и распространению доступных и ассистивных технологий посредством передачи технологий на взаимно согласованных условиях и других мер для достижения цели развития с участием инвалидов, обеспечения доступной среды для инвалидов и расширения их прав и возможностей;</p>
        </content>
      </paragraph>
      <paragraph eId="para_56" class="MercuryDocument">
        <num>	16.</num>
        <content eId="para_56__content">
          <p xml:space="preserve">
            <span class="italic">	рекомендует</span> прилагать усилия по расширению информационной базы для оценки национальных систем новаторской деятельности (например, использование существующего глобального индекса новаторской деятельности) и проведения эмпирических исследований, посвященных новаторству и развитию, в качестве подспорья для директивных органов при разработке и осуществлении стратегий в области новаторства для количественной оценки отдачи от цифровых технологий для устойчивого развития;</p>
        </content>
      </paragraph>
      <paragraph eId="para_57" class="MercuryDocument">
        <num>	17.</num>
        <content eId="para_57__content">
          <p xml:space="preserve">
            <span class="italic">	особо отмечает</span> необходимость эффективного освоения технических достижений для преодоления отставания в сфере цифровых технологий внутри стран и между развивающимися и развитыми странами;</p>
        </content>
      </paragraph>
      <paragraph eId="para_58" class="MercuryDocument">
        <num>	18.</num>
        <content eId="para_58__content">
          <p xml:space="preserve">
            <span class="italic">рекомендует </span>активизировать усилия по оказанию развивающимся странам поддержки в наращивании потенциала, с тем чтобы стимулировать использование высококачественных, актуальных и достоверных дезагрегированных данных, и рекомендует также развивать международное сотрудничество, в том числе посредством технической и финансовой поддержки, в целях укрепления потенциала национальных статистических систем;</p>
        </content>
      </paragraph>
      <paragraph eId="para_59" class="MercuryDocument">
        <num>	19.</num>
        <content eId="para_59__content">
          <p xml:space="preserve">
            <span class="italic">	рекомендует также</span> использовать существующие механизмы и продолжать содействовать осуществлению международных, региональных, субрегиональных и межрегиональных совместных проектов в области научных исследований и разработок с участием многих заинтересованных сторон, а также учебных программ и межуниверситетских связей, где это возможно, путем мобилизации ресурсов, объектов и оборудования для целей научных исследований и опытно-конструкторских разработок;</p>
        </content>
      </paragraph>
      <paragraph eId="para_60" class="MercuryDocument">
        <num>	20.</num>
        <content eId="para_60__content">
          <p xml:space="preserve">
            <span class="italic">	призывает</span> государства-члены и систему развития Организации Объединенных Наций и рекомендует другим соответствующим заинтересованным сторонам продолжать принимать, осуществлять и поддерживать меры по расширению участия ученых и инженеров из развивающихся стран в международных совместных исследовательских, научно-технических и инновационных проектах;</p>
        </content>
      </paragraph>
      <paragraph eId="para_61" class="MercuryDocument">
        <num>	21.</num>
        <content eId="para_61__content">
          <p xml:space="preserve">
            <span class="italic">	призывает также</span> государства-члены и систему развития Организации Объединенных Наций и рекомендует другим соответствующим заинтересованным сторонам продолжать укреплять поддержку различных партнерских связей с развивающимися странами в сфере науки, техники и инноваций в области начального, среднего и высшего образования, профессионально-технического образования и повышения квалификации; возможностей для осуществления частной предпринимательской деятельности; инфраструктуры для научно-технической и новаторской деятельности; и консультирования развивающихся стран по вопросам науки, техники и инноваций;</p>
        </content>
      </paragraph>
      <paragraph eId="para_62" class="MercuryDocument">
        <num>	22.</num>
        <content eId="para_62__content">
          <p xml:space="preserve">
            <span class="italic">	просит</span> Комиссию по науке и технике в целях развития продолжать оказывать содействие Экономическому и Социальному Совету в качестве координатора общесистемной деятельности по выполнению положений итоговых документов Всемирной встречи на высшем уровне по вопросам информационного общества<sup>5</sup> и продолжать ее деятельность, связанную с научно-техническими вопросами и новаторством;</p>
        </content>
      </paragraph>
      <paragraph eId="para_63" class="MercuryDocument">
        <num>	23.</num>
        <content eId="para_63__content">
          <p xml:space="preserve">
            <span class="italic">	рекомендует </span>Комиссии по науке и технике в целях развития обсуждать и изучать новаторские модели финансирования, такие как социально значимое инвестирование, в качестве средства привлечения новых заинтересованных сторон, новаторов и источников инвестиционного капитала для поиска научно-технических, инженерных и новаторских решений в сотрудничестве, когда это необходимо, с другими организациями;</p>
        </content>
      </paragraph>
      <paragraph eId="para_64" class="MercuryDocument">
        <num>	24.</num>
        <content eId="para_64__content">
          <p xml:space="preserve">
            <span class="italic">	рекомендует</span> Конференции Организации Объединенных Наций по торговле и развитию, действуя в сотрудничестве с соответствующими партнерами, например со Всемирной организацией интеллектуальной собственности, Международным союзом электросвязи, Организацией Объединенных Наций по вопросам образования, науки и культуры и Университетом Организации Объединенных Наций, продолжать проведение обзоров научно-технической и инновационной политики в целях оказания развивающимся странам, по их просьбе, содействия в определении мер, необходимых для обеспечения увязки научно-технической и инновационной политики с их национальными стратегиями развития и обеспечения того, чтобы такая политика должным образом способствовала осуществлению национальных программ развития, и в этой связи принимает к сведению новую методику проведения обзоров национальной научно-технической и инновационной политики, разработанную Конференцией Организации Объединенных Наций по торговле и развитию;</p>
        </content>
      </paragraph>
      <paragraph eId="para_65" class="MercuryDocument">
        <num>	25.</num>
        <content eId="para_65__content">
          <p xml:space="preserve">
            <span class="italic">	особо отмечает </span>важность повышения координации и слаженности между существующими механизмами, включая Механизм содействия развитию технологий, учреждениями Организации Объединенных Наций и международными организациями в деле оказания поддержки государствам-членам в научно-технической области и в области новаторства для решения первоочередных задач и удовлетворения потребностей в области развития;</p>
        </content>
      </paragraph>
      <paragraph eId="para_66" class="MercuryDocument">
        <num>	26.</num>
        <content eId="para_66__content">
          <p xml:space="preserve">
            <span class="italic">	призывает </span>Комиссию по науке и технике в целях развития и Механизм содействия развитию технологий крепить взаимоусиливающие связи и совместными усилиями наращивать свою работу в области науки, техники и инноваций и призывает Секретариат координировать даты проведения их заседаний во избежание дублирования и обеспечивать согласованность и координацию в работе этих двух структур;</p>
        </content>
      </paragraph>
      <paragraph eId="para_67" class="MercuryDocument">
        <num>	27.</num>
        <content eId="para_67__content">
          <p xml:space="preserve">
            <span class="italic">	повторно рекомендует</span> Межучрежденческой целевой группе Организации Объединенных Наций по использованию научно-технических достижений и новаторства для достижения целей в области устойчивого развития продолжать совершенствовать и обновлять свой перечень видов деятельности в научно-технической области и в области новаторства в системе Организации Объединенных Наций с целью определения направлений дальнейших усилий в области сотрудничества и укрепления потенциала и с целью выработки согласованных рекомендаций для государств-членов по вопросам создания национальной базы научно-технической и новаторской деятельности в рамках Повестки дня в области устойчивого развития на период до 2030 года<sup>11</sup>, в том числе путем разработки планов использования научно-технических достижений и новаторства в интересах достижения целей в области устойчивого развития;</p>
        </content>
      </paragraph>
      <paragraph eId="para_68" class="MercuryDocument">
        <num>	28.</num>
        <content eId="para_68__content">
          <p xml:space="preserve">
            <span class="italic">	вновь обращается с призывом </span>как к частному, так и к государственному сектору вносить добровольные взносы в счет ресурсов, необходимых для обеспечения полноценного функционирования всех компонентов Механизма содействия развитию технологий, в частности его онлайновой платформы;</p>
        </content>
      </paragraph>
      <paragraph eId="para_69" class="MercuryDocument">
        <num>	29.</num>
        <content eId="para_69__content">
          <p xml:space="preserve">
            <span class="italic">	рекомендует</span> Всемирной организации интеллектуальной собственности продолжать осуществлять деятельность по оказанию технической поддержки, в том числе оказывать странам помощь в разработке и реализации национальных стратегий в отношении интеллектуальной собственности и новаторства в увязке с их стратегиями развития;</p>
        </content>
      </paragraph>
      <paragraph eId="para_70" class="MercuryDocument">
        <num>	30.</num>
        <content eId="para_70__content">
          <p xml:space="preserve">
            <span class="italic">	с удовлетворением отмечает</span> ввод в действие Банка технологий для наименее развитых стран и призывает государства-члены и другие заинтересованные стороны вносить добровольные взносы в целевой фонд Банка технологий, с тем чтобы он мог добиваться реализации своих целей в научно-технической области и в области новаторства в интересах наименее развитых стран;</p>
        </content>
      </paragraph>
      <paragraph eId="para_71" class="MercuryDocument">
        <num>	31.</num>
        <content eId="para_71__content">
          <p xml:space="preserve">
            <span class="italic">	повторно рекомендует </span>системе Организации Объединенных Наций взять на себя активную роль в налаживании более тесных связей с национальными научно-консультативными органами в целях оптимального использования научно-технических достижений и новаторства для достижения целей в области устойчивого развития и с интересом ожидает получения обновленной информации о принятых мерах и достигнутых результатах в докладе Комиссии по науке и технике в целях развития;</p>
        </content>
      </paragraph>
      <paragraph eId="para_72" class="MercuryDocument">
        <num>	32.</num>
        <content eId="para_72__content">
          <p xml:space="preserve">
            <span class="italic">	призывает</span> фонды, программы и специализированные учреждения Организации Объединенных Наций, действуя по просьбе государств-членов, оказывать на взаимосогласованных условиях и сообразно обстоятельствам содействие в осуществлении технического и научного сотрудничества, а также сотрудничества Север — Юг и Юг — Юг и трехстороннего, регионального и международного сотрудничества в научно-технической области и в области новаторства и распространения знаний и в деле обеспечения доступа к ним;</p>
        </content>
      </paragraph>
      <paragraph eId="para_73" class="MercuryDocument">
        <num>	33.</num>
        <content eId="para_73__content">
          <p xml:space="preserve">
            <span class="italic">	вновь обращается с призывом</span> продолжать сотрудничество между структурами системы Организации Объединенных Наций и другими международными организациями, гражданским обществом и частным сектором в деле выполнения решений Всемирной встречи на высшем уровне по вопросам информационного общества;</p>
        </content>
      </paragraph>
      <paragraph eId="para_74" class="MercuryDocument">
        <num>	34.</num>
        <content eId="para_74__content">
          <p xml:space="preserve">
            <span class="italic">	подтверждает</span> обязательство, лежащее в самой основе Повестки дня на период до 2030 года, обеспечить, чтобы никто не был забыт, и обязуется предпринимать более осязаемые шаги по оказанию поддержки людям, находящимся в уязвимом положении, и наиболее уязвимым странам и в первую очередь оказать помощь самым обездоленным;</p>
        </content>
      </paragraph>
      <paragraph eId="para_75" class="MercuryDocument">
        <num>	35.</num>
        <content eId="para_75__content">
          <p xml:space="preserve">
            <span class="italic">	просит</span> Генерального секретаря представить Генеральной Ассамблее на ее семьдесят шестой сессии доклад об осуществлении настоящей резолюции и рекомендации в отношении последующей деятельности, включая информацию о накопленном опыте в деле обеспечения увязки научно-технической и инновационной политики с национальными стратегиями развития, а также конкретные рекомендации в поддержку осуществления Повестки дня в области устойчивого развития на период до 2030 года и постановляет включить в предварительную повестку дня своей семьдесят шестой сессии по пункту, озаглавленному «Глобализация и взаимозависимость», подпункт, озаглавленный «Использование научно-технических достижений и новаторства в целях устойчивого развития».</p>
        </content>
      </paragraph>
    </mainBody>
    <conclusions eId="conclusions">
      <p>
        <inline name="adoptionMeeting" title="52-e">52-e пленарное заседание</inline>
        <eol />
        <docDate date="2019-12-19" refersTo="#adoptionDate">19 декабря 2019 года</docDate>
      </p>
    </conclusions>
  </statement>
</akomaNtoso>