<akomaNtoso xmlns:xsi="http://www.w3.org/2001/XMLSchema-instance" xsi:schemaLocation="http://docs.oasis-open.org/legaldocml/ns/akn/3.0 http://docs.oasis-open.org/legaldocml/akn-core/v1.0/os/part2-specs/schemas/akomantoso30.xsd" xmlns="http://docs.oasis-open.org/legaldocml/ns/akn/3.0" xmlns:html="http://www.w3.org/1999/xhtml" xmlns:akn4un="http://un.org/akn4un">
  <statement name="resolution">
    <meta>
      <identification source="#DGACM">
        <FRBRWork>
          <FRBRthis value="/akn/un/statement/deliberation/unga/2020-04-02/74-270/!main/"></FRBRthis>
          <FRBRuri value="/akn/un/statement/deliberation/unga/2020-04-02/74-270/"></FRBRuri>
          <FRBRdate date="2020-04-02" name="adoption"></FRBRdate>
          <FRBRauthor href="ga" as="author"></FRBRauthor>
          <FRBRcountry value="un"></FRBRcountry>
        </FRBRWork>
        <FRBRExpression>
          <FRBRthis value="/akn/un/statement/deliberation/unga/2020-04-02/74-270/rus@!main/"></FRBRthis>
          <FRBRuri value="/akn/un/statement/deliberation/unga/2020-04-02/74-270/rus@/"></FRBRuri>
          <FRBRdate date="2020-04-03" name="publication"></FRBRdate>
          <FRBRauthor href="ga" as="issuer"></FRBRauthor>
          <FRBRlanguage language="rus"></FRBRlanguage>
        </FRBRExpression>
        <FRBRManifestation>
          <FRBRthis value="/akn/un/statement/deliberation/unga/2020-04-02/74-270/rus@/!main.xml"></FRBRthis>
          <FRBRuri value="/akn/un/statement/deliberation/unga/2020-04-02/74-270/rus@.xml"></FRBRuri>
          <FRBRdate date="2020-10-12" name="markup"></FRBRdate>
          <FRBRauthor href="DGACM" as="editor"></FRBRauthor>
        </FRBRManifestation>
      </identification>
      <classification source="http://metadata.un.org/sdg">
        <keyword value="2" href="http://metadata.un.org/sdg/2" showAs="sdg_2" dictionary="SDGO"></keyword>
        <keyword value="food_shortage" href="http://eurovoc.europa.eu/2318" showAs="food_shortage" dictionary="EuroVoc"></keyword>
        <keyword value="sustainable_agriculture" href="http://eurovoc.europa.eu/6308" showAs="sustainable_agriculture" dictionary="EuroVoc"></keyword>
        <keyword value="food_security" href="http://eurovoc.europa.eu/c_4523e1dd" showAs="food_security" dictionary="EuroVoc"></keyword>
        <keyword value="food_security" href="http://metadata.un.org/thesaurus/1002439" showAs="food_security" dictionary="UNBIS Thesaurus"></keyword>
        <keyword value="food_shortage" href="http://metadata.un.org/thesaurus/1002440" showAs="food_shortage" dictionary="UNBIS Thesaurus"></keyword>
        <keyword value="hunger" href="http://metadata.un.org/thesaurus/1003004" showAs="hunger" dictionary="UNBIS Thesaurus"></keyword>
        <keyword value="sustainable_agriculture" href="http://metadata.un.org/thesaurus/1006317" showAs="sustainable_agriculture" dictionary="UNBIS Thesaurus"></keyword>
      </classification>
      <classification source="http://metadata.un.org/sdg">
        <keyword value="3" href="http://metadata.un.org/sdg/3" showAs="sdg_3" dictionary="SDGO"></keyword>
        <keyword value="public_health" href="http://eurovoc.europa.eu/3885" showAs="public_health" dictionary="EuroVoc"></keyword>
        <keyword value="health" href="http://metadata.un.org/thesaurus/1002824" showAs="health" dictionary="UNBIS Thesaurus"></keyword>
      </classification>
      <classification source="http://metadata.un.org/sdg">
        <keyword value="16" href="http://metadata.un.org/sdg/16" showAs="sdg_16" dictionary="SDGO"></keyword>
        <keyword value="right_to_justice" href="http://eurovoc.europa.eu/516" showAs="right_to_justice" dictionary="EuroVoc"></keyword>
        <keyword value="sustainable_development" href="http://eurovoc.europa.eu/5585" showAs="sustainable_development" dictionary="EuroVoc"></keyword>
        <keyword value="civil_society" href="http://metadata.un.org/thesaurus/1001012" showAs="civil_society" dictionary="UNBIS Thesaurus"></keyword>
        <keyword value="justice" href="http://metadata.un.org/thesaurus/1003500" showAs="justice" dictionary="UNBIS Thesaurus"></keyword>
        <keyword value="peaceful_coexistence" href="http://metadata.un.org/thesaurus/1004777" showAs="peaceful_coexistence" dictionary="UNBIS Thesaurus"></keyword>
        <keyword value="public_institutions" href="http://metadata.un.org/thesaurus/1005254" showAs="public_institutions" dictionary="UNBIS Thesaurus"></keyword>
        <keyword value="social_justice" href="http://metadata.un.org/thesaurus/1005970" showAs="social_justice" dictionary="UNBIS Thesaurus"></keyword>
        <keyword value="sustainable_development" href="http://metadata.un.org/thesaurus/1006319" showAs="sustainable_development" dictionary="UNBIS Thesaurus"></keyword>
      </classification>
      <classification source="http://metadata.un.org/sdg">
        <keyword value="17" href="http://metadata.un.org/sdg/17" showAs="sdg_17" dictionary="SDGO"></keyword>
        <keyword value="sustainable_development" href="http://eurovoc.europa.eu/5585" showAs="sustainable_development" dictionary="EuroVoc"></keyword>
        <keyword value="partnership" href="http://eurovoc.europa.eu/4199" showAs="partnership" dictionary="EuroVoc"></keyword>
        <keyword value="sustainable_development" href="http://metadata.un.org/thesaurus/1006319" showAs="sustainable_development" dictionary="UNBIS Thesaurus"></keyword>
        <keyword value="partnership" href="http://metadata.un.org/thesaurus/1004748" showAs="partnership" dictionary="UNBIS Thesaurus"></keyword>
      </classification>
      <workflow source="#un">
        <step date="2020-03-27" outcome="draftResolution" as="A/74/L.52" by="Afghanistan, Algeria, Andorra, Angola, Antigua and Barbuda, Armenia, Azerbaijan, Bahrain, Bangladesh, Belgium, Benin, Bhutan, Bolivia (Plurinational State of), Bosnia and Herzegovina, Bulgaria, Burkina Faso, Burundi, Cabo Verde, Canada, Chad, Chile, Colombia, Comoros, Costa Rica, Côte d'Ivoire, Croatia, Cyprus, Czechia, Democratic Republic of the Congo, Denmark, Djibouti, Ecuador, Egypt, El Salvador, Estonia, Eswatini, Ethiopia, Fiji, Finland, France, Gambia, Georgia, Germany, Ghana, Greece, Grenada, Guinea, Guyana, Honduras, Hungary, Iceland, Indonesia, Iraq, Ireland, Jamaica, Japan, Jordan, Kazakhstan, Kenya, Kuwait, Kyrgyzstan, Lao People's Democratic Republic, Latvia, Lebanon, Lesotho, Libya, Liechtenstein, Lithuania, Luxembourg, Madagascar, Maldives, Mali, Malta, Marshall Islands, Mauritius, Mexico, Micronesia (Federated States of), Monaco, Montenegro, Morocco, Myanmar, Namibia, Nauru, Nepal, Netherlands, New Zealand, Niger, Nigeria, North Macedonia, Norway, Pakistan, Palau, Panama, Papua New Guinea, Paraguay, Peru, Poland, Qatar, Republic of Moldova, Romania, Rwanda, Saint Lucia, Saint Vincent and the Grenadines, Samoa, San Marino, Senegal, Sierra Leone, Singapore, Slovakia, Slovenia, Solomon Islands, Somalia, South Africa, Sudan, Suriname, Sweden, Switzerland, Tajikistan, Thailand, Timor-Leste, Togo, Trinidad and Tobago, Turkey, Turkmenistan, Tuvalu, Uganda, Ukraine, United Arab Emirates, United Republic of Tanzania, Uruguay, Uzbekistan, Vanuatu, Venezuela (Bolivarian Republic of), Viet Nam, Yemen and Zimbabwe" />
        <step date="0001-01-01" outcome="draftResolutionAdditionalSponsors" by="Albania, Argentina, Australia, Austria, Bahamas, Barbados, Belarus, Belize, Botswana, Brazil, Brunei Darussalam, Cambodia, Cameroon, Central African Republic, China, Congo, Cuba, Dominica, Dominican Republic, Equatorial Guinea, Eritrea, Gabon, Guatemala, Guinea-Bissau, Haiti, India, Iran (Islamic Republic of), Israel, Italy, Kiribati, Liberia, Malawi, Malaysia, Mauritania, Mongolia, Mozambique, Oman, Philippines, Portugal, Republic of Korea, Saint Kitts and Nevis, Sao Tome and Principe, Saudi Arabia, Serbia, Seychelles, South Sudan, Spain, Sri Lanka, Tonga, Tunisia, United Kingdom and Zambia" />
        <step date="0001-01-01" outcome="recommendedForAdoption" by="" />
        <step date="2020-04-02" outcome="adopted" as="Adopted through silence procedure" by="" />
      </workflow>
      <analysis source="#un">
        <parliamentary>
          <voting outcome="adoptedWithoutVote">
            <quorum value=""></quorum>
          </voting>
        </parliamentary>
      </analysis>
      <references source="#DGACM">
        <TLCOrganization eId="source" href="/akn/ontology/organization/un/DGACM" showAs="DGACM"></TLCOrganization>
        <TLCConcept eId="dateOfIssuance" href="/akn/ontology/concept/un/dateOfIssuance" showAs="Date of issuance"></TLCConcept>
        <TLCConcept eId="dateOfAdoption" href="/akn/ontology/concept/un/dateOfAdoption" showAs="Date of adoption"></TLCConcept>
        <TLCConcept eId="symbol" href="/akn/ontology/reference/un/symbol" showAs="Symbol"></TLCConcept>
        <TLCRole eId="publisher" href="/akn/ontology/role/un/publisher" showAs="Publisher"></TLCRole>
        <TLCRole eId="issuingBody" href="/akn/role/concept/un/issuingBody" showAs="Issuing body"></TLCRole>
        <TLCRole eId="author" href="/akn/ontology/role/un/author" showAs="Author"></TLCRole>
        <TLCRole eId="editor" href="/akn/ontology/role/un/editor" showAs="Editor"></TLCRole>
        <TLCRole eId="distribution" href="/akn/ontology/concept/un/generalDistribution" showAs="General distribution"></TLCRole>
        <TLCOrganization eId="ga" href="/akn/ontology/organization/un/generalAssembly" showAs="General Assembly"></TLCOrganization>
        <TLCTerm eId="resolutionTitle" href="/akn/ontology/reference/un/resolutionTitle" showAs="Resolution title"></TLCTerm>
        <TLCTerm eId="noMainCommittee" href="#noMainCommittee" showAs="без передачи в главные комитеты"></TLCTerm>
        <TLCTerm eId="memberState" href="/akn/ontology/organization/un/memberState" showAs="Member State"></TLCTerm>
        <TLCTerm eId="inFavour" href="/akn/ontology/concept/un/voting/inFavour" showAs="In favour"></TLCTerm>
        <TLCTerm eId="against" href="/akn/ontology/concept/un/voting/against" showAs="Against"></TLCTerm>
        <TLCTerm eId="abstaining" href="/akn/ontology/concept/un/voting/abstaining" showAs="Abstaining"></TLCTerm>
      </references>
      <presentation source="#un">
        <akn4un:footerFirstPage>
          <akn4un:footerFirstPageLeft>
            <akn4un:internalCode>
              <docketNumber refersTo="#publicationJobNumber">20-05146 (R)</docketNumber>
              <img alt="bar code" class="barCode" src=""></img>
            </akn4un:internalCode>
          </akn4un:footerFirstPageLeft>
          <akn4un:footerFirstPageRight>
            <img alt="Please recycle" class="image" src="./recylcleLogo.jpg"></img>
            <img alt="embedded QR code" class="qrCode" src=""></img>
          </akn4un:footerFirstPageRight>
        </akn4un:footerFirstPage>
      </presentation>
    </meta>
    <coverPage eId="coverPage_1">
      <p>
        <span refersTo="#publisher" class="upperLeft">
          <docAuthority refersTo="#publisher">Организация Объединенных Наций</docAuthority>
        </span>
      </p>
      <p class="upperRight">
        <docNumber refersTo="#symbol">A/RES/74/270</docNumber>
      </p>
      <p class="upperLeft">
        <img src="logo-un.jpg"></img>
        <docAuthority refersTo="#issuingBody" class="rightBig">Генеральная Ассамблея</docAuthority>
      </p>
      <p>
        <docStatus refersTo="#generalDistribution" class="rightSmall">Distr.: General</docStatus>
      </p>
      <p>
        <docDate date="2020-04-03" class="rightSmall" refersTo="#dateOfIssuance">3 April 2020</docDate>
      </p>
      <p>
        <session refersTo="#generalAssembly" value="74" eId="coverPage_1__session_1">Семьдесят четвертая сессия</session>
      </p>
      <p>
        <inline name="agenda item">Пункт 123 повестки дня</inline>
      </p>
      <p>
        <inline name="agenda item name">Укрепление системы Организации Объединенных Наций</inline>
      </p>
      <p>
        <docTitle>Резолюция, принятая Генеральной Ассамблеей 2 апреля 2020 года</docTitle>
      </p>
      <p xml:space="preserve">
        <docProponent refersTo="#noMainCommittee">[без передачи в главные комитеты (<inline name="originating document">A/74/L.52 и A/74/L.52/Add.1</inline>)]</docProponent>
      </p>
    </coverPage>
    <preface>
      <p>
        <docNumber>74/270.</docNumber>
        <docTitle refersTo="#resolutionTitle">Глобальная солидарность в борьбе с коронавирусным заболеванием 2019 года (COVID‑19)</docTitle>
      </p>
    </preface>
    <preamble>
      <formula name="enactingFormula" eId="formula_1">
        <p xml:space="preserve">
          <span class="italic">Генеральная Ассамблея,</span>
        </p>
      </formula>
      <container name="с глубокой обеспокоенностью отмечая" eId="container_2">
        <p xml:space="preserve">
          <span class="italic">с глубокой обеспокоенностью отмечая</span> угрозу здоровью, безопасности и благополучию человека, вызванную пандемией коронавирусного заболевания 2019 года (COVID‑19), которая продолжает распространяться по всему миру,</p>
      </container>
      <container name="признавая" eId="container_3">
        <p xml:space="preserve">
          <span class="italic">признавая</span> беспрецедентные последствия пандемии, включая серьезные нарушения общественной жизни и экономического развития, а также поездок и торговли в глобальном масштабе, и ее пагубное воздействие на благосостояние людей,</p>
      </container>
      <container name="признавая также" eId="container_4">
        <p xml:space="preserve">
          <span class="italic">признавая также</span>, что беднейшие и наиболее уязвимые слои населения больше всех страдают от этой пандемии и что последствия кризиса сведут на нет с большим трудом достигнутые успехи в области развития и подорвут прогресс в достижении целей в области устойчивого развития<authorialNote marker="1" placement="bottom" eId="authorialNote_1"><p xml:space="preserve">		См. резолюцию <a href="https://undocs.org/ru/A/RES/70/1">70/1</a>.</p></authorialNote>,</p>
      </container>
      <container name="признавая далее" eId="container_5">
        <p xml:space="preserve">
          <span class="italic">признавая далее</span> центральную роль системы Организации Объединенных Наций в деле активизации и координации глобальных мер по недопущению и сдерживанию распространения COVID‑19 и признавая в этой связи важнейшую роль, которую играет Всемирная организация здравоохранения,</p>
      </container>
      <container name="приветствуя" eId="container_6">
        <p xml:space="preserve">
          <span class="italic">приветствуя</span> призыв Генерального секретаря решать вопросы, связанные с чрезвычайной ситуацией в области здравоохранения, и уделять повышенное внимание принятию мер по смягчению социальных последствий и мер экономического реагирования, а также акцентирование им внимания на необходимости устойчивого и всеохватного восстановления,</p>
      </container>
      <container name="отмечая " eId="container_7">
        <p xml:space="preserve">
          <span class="italic">отмечая </span>усилия, предпринимаемые правительствами, а также работниками сферы здравоохранения и другими сотрудниками служб жизнеобеспечения во всем мире в целях борьбы с пандемией путем принятия мер по защите здоровья и обеспечению безопасности и благополучия населения их стран,</p>
      </container>
      <container name="признавая" eId="container_8">
        <p xml:space="preserve">
          <span class="italic">признавая</span> необходимость для всех соответствующих заинтересованных сторон совместно работать на национальном, региональном и глобальном уровнях в целях обеспечения того, чтобы никто не остался забытым,</p>
      </container>
      <container name="признавая" eId="container_9">
        <p xml:space="preserve">
          <span class="italic">признавая</span>, что пандемия COVID‑19 требует принятия глобальных ответных мер на основе единства, солидарности и активного многостороннего сотрудничества,</p>
      </container>
    </preamble>
    <mainBody>
      <paragraph eId="para_10" class="SingleTxt">
        <num>	1.</num>
        <content eId="para_10__content">
          <p xml:space="preserve">
            <span class="italic">подтверждает </span>свою приверженность международному сотрудничеству и многосторонней деятельности и свою решительную поддержку центральной роли системы Организации Объединенных Наций в глобальной борьбе с пандемией коронавирусного заболевания 2019 года (COVID‑19);</p>
        </content>
      </paragraph>
      <paragraph eId="para_11" class="SingleTxt">
        <num>	2.</num>
        <content eId="para_11__content">
          <p xml:space="preserve">
            <span class="italic">особо отмечает</span> необходимость полного уважения прав человека и подчеркивает, что в борьбе с этой пандемией не должно быть места никаким формам дискриминации, расизма и ксенофобии;</p>
        </content>
      </paragraph>
      <paragraph eId="para_12" class="SingleTxt">
        <num>	3.</num>
        <content eId="para_12__content">
          <p xml:space="preserve">
            <span class="italic">выражает глубокие соболезнования</span> семьям и странам, в которых в результате этого заболевания погибли люди, и <span class="italic">выражает солидарность</span> с теми, кто борется за свою жизнь, и с теми, чья жизнь и средства к существованию затронуты этим кризисом;</p>
        </content>
      </paragraph>
      <paragraph eId="para_13" class="SingleTxt">
        <num>	4.</num>
        <content eId="para_13__content">
          <p xml:space="preserve">
            <span class="italic">выражает благодарность и поддержку</span> всем находящимся на переднем крае работникам сферы здравоохранения, медицинским специалистам, ученым и исследователям, а также другим сотрудникам служб жизнеобеспечения во всем мире, которые, работая в трудных и сложных условиях, борются с пандемией;</p>
        </content>
      </paragraph>
      <paragraph eId="para_14" class="SingleTxt">
        <num>	5.</num>
        <content eId="para_14__content">
          <p xml:space="preserve">
            <span class="italic">призывает</span> активизировать международное сотрудничество, с тем чтобы сдержать пандемию, смягчить ее последствия и одержать победу над ней, в том числе путем обмена информацией, научными знаниями и передовым опытом, а также на основе применения соответствующих руководящих принципов, рекомендованных Всемирной организацией здравоохранения;</p>
        </content>
      </paragraph>
      <paragraph eId="para_15" class="SingleTxt">
        <num>	6.</num>
        <content eId="para_15__content">
          <p xml:space="preserve">
            <span class="italic">вновь подтверждает свою приверженность</span> оказанию помощи людям и общинам, находящимся в особых ситуациях, особенно самым слабым и уязвимым из них, и отмечает, что многие правительства предлагают свою помощь и поддержку другим в духе солидарности и взаимной поддержки;</p>
        </content>
      </paragraph>
      <paragraph eId="para_16" class="SingleTxt">
        <num>	7.</num>
        <content eId="para_16__content">
          <p xml:space="preserve">
            <span class="italic">вновь заявляет о своей полной приверженности</span> проведению десятилетия действий и свершений во имя устойчивого развития и в этой связи обращает особое внимание на необходимость того, чтобы система Организации Объединенных Наций работала как единое целое, оказывая поддержку всем правительствам;</p>
        </content>
      </paragraph>
      <paragraph eId="para_17" class="SingleTxt">
        <num>	8.</num>
        <content eId="para_17__content">
          <p xml:space="preserve">
            <span class="italic">выражает оптимизм</span> в отношении того, что беспрецедентный кризис, вызванный пандемией COVID‑19, можно смягчить и успешно обратить вспять благодаря лидерству и устойчивому глобальному сотрудничеству и солидарности;</p>
        </content>
      </paragraph>
      <paragraph eId="para_18" class="SingleTxt">
        <num>	9.</num>
        <content eId="para_18__content">
          <p xml:space="preserve">
            <span class="italic">призывает </span>систему Организации Объединенных Наций под руководством Генерального секретаря работать со всеми соответствующими субъектами в целях мобилизации скоординированных глобальных усилий в ответ на пандемию и ее неблагоприятные социальные, экономические и финансовые последствия для всех стран.</p>
        </content>
      </paragraph>
    </mainBody>
    <conclusions eId="conclusions">
      <p>
        <docDate date="2020-04-02" refersTo="#adoptionDate">2 апреля 2020 года</docDate>
      </p>
    </conclusions>
  </statement>
</akomaNtoso>