<akomaNtoso xmlns:xsi="http://www.w3.org/2001/XMLSchema-instance" xsi:schemaLocation="http://docs.oasis-open.org/legaldocml/ns/akn/3.0 http://docs.oasis-open.org/legaldocml/akn-core/v1.0/os/part2-specs/schemas/akomantoso30.xsd" xmlns="http://docs.oasis-open.org/legaldocml/ns/akn/3.0" xmlns:html="http://www.w3.org/1999/xhtml" xmlns:akn4un="http://un.org/akn4un">
  <statement name="resolution">
    <meta>
      <identification source="#DGACM">
        <FRBRWork>
          <FRBRthis value="/akn/un/statement/deliberation/unga/2020-06-30/74-284/!main/"></FRBRthis>
          <FRBRuri value="/akn/un/statement/deliberation/unga/2020-06-30/74-284/"></FRBRuri>
          <FRBRdate date="2020-06-30" name="adoption"></FRBRdate>
          <FRBRauthor href="ga" as="author"></FRBRauthor>
          <FRBRcountry value="un"></FRBRcountry>
        </FRBRWork>
        <FRBRExpression>
          <FRBRthis value="/akn/un/statement/deliberation/unga/2020-06-30/74-284/rus@!main/"></FRBRthis>
          <FRBRuri value="/akn/un/statement/deliberation/unga/2020-06-30/74-284/rus@/"></FRBRuri>
          <FRBRdate date="2020-07-14" name="publication"></FRBRdate>
          <FRBRauthor href="ga" as="issuer"></FRBRauthor>
          <FRBRlanguage language="rus"></FRBRlanguage>
        </FRBRExpression>
        <FRBRManifestation>
          <FRBRthis value="/akn/un/statement/deliberation/unga/2020-06-30/74-284/rus@/!main.xml"></FRBRthis>
          <FRBRuri value="/akn/un/statement/deliberation/unga/2020-06-30/74-284/rus@.xml"></FRBRuri>
          <FRBRdate date="2020-10-12" name="markup"></FRBRdate>
          <FRBRauthor href="DGACM" as="editor"></FRBRauthor>
        </FRBRManifestation>
      </identification>
      <classification source="http://metadata.un.org/sdg">
        <keyword value="3" href="http://metadata.un.org/sdg/3" showAs="sdg_3" dictionary="SDGO"></keyword>
        <keyword value="public_health" href="http://eurovoc.europa.eu/3885" showAs="public_health" dictionary="EuroVoc"></keyword>
        <keyword value="health" href="http://metadata.un.org/thesaurus/1002824" showAs="health" dictionary="UNBIS Thesaurus"></keyword>
      </classification>
      <classification source="http://metadata.un.org/sdg">
        <keyword value="4" href="http://metadata.un.org/sdg/4" showAs="sdg_4" dictionary="SDGO"></keyword>
        <keyword value="education" href="http://eurovoc.europa.eu/668" showAs="education" dictionary="EuroVoc"></keyword>
        <keyword value="right_to_education" href="http://eurovoc.europa.eu/512" showAs="right_to_education" dictionary="EuroVoc"></keyword>
        <keyword value="education" href="http://metadata.un.org/thesaurus/1001893" showAs="education" dictionary="UNBIS Thesaurus"></keyword>
      </classification>
      <classification source="http://metadata.un.org/sdg">
        <keyword value="9" href="http://metadata.un.org/sdg/9" showAs="sdg_9" dictionary="SDGO"></keyword>
        <keyword value="industrial_infrastructure" href="http://eurovoc.europa.eu/1434" showAs="industrial_infrastructure" dictionary="EuroVoc"></keyword>
        <keyword value="innovation" href="http://eurovoc.europa.eu/1439" showAs="innovation" dictionary="EuroVoc"></keyword>
        <keyword value="industrialization" href="http://metadata.un.org/thesaurus/1003177" showAs="industrialization" dictionary="UNBIS Thesaurus"></keyword>
        <keyword value="innovations" href="http://metadata.un.org/thesaurus/1003223" showAs="innovations" dictionary="UNBIS Thesaurus"></keyword>
      </classification>
      <workflow source="#un">
        <step date="2020-06-27" outcome="draftResolution" as="A/C.5/74/L.38" by="submitted by the Chair of the Committee following informal consultations" />
        <step date="0001-01-01" outcome="draftResolutionAdditionalSponsors" by="" />
        <step date="0001-01-01" outcome="recommendedForAdoption" as="A/74/912" refersTo="6" by="" />
        <step date="2020-06-30" outcome="adopted" as="Adopted through silence procedure" by="" />
      </workflow>
      <analysis source="#un">
        <parliamentary>
          <voting outcome="adoptedWithoutVote">
            <quorum value=""></quorum>
          </voting>
        </parliamentary>
      </analysis>
      <references source="#DGACM">
        <TLCOrganization eId="source" href="/akn/ontology/organization/un/DGACM" showAs="DGACM"></TLCOrganization>
        <TLCConcept eId="dateOfIssuance" href="/akn/ontology/concept/un/dateOfIssuance" showAs="Date of issuance"></TLCConcept>
        <TLCConcept eId="dateOfAdoption" href="/akn/ontology/concept/un/dateOfAdoption" showAs="Date of adoption"></TLCConcept>
        <TLCConcept eId="symbol" href="/akn/ontology/reference/un/symbol" showAs="Symbol"></TLCConcept>
        <TLCRole eId="publisher" href="/akn/ontology/role/un/publisher" showAs="Publisher"></TLCRole>
        <TLCRole eId="issuingBody" href="/akn/role/concept/un/issuingBody" showAs="Issuing body"></TLCRole>
        <TLCRole eId="author" href="/akn/ontology/role/un/author" showAs="Author"></TLCRole>
        <TLCRole eId="editor" href="/akn/ontology/role/un/editor" showAs="Editor"></TLCRole>
        <TLCRole eId="distribution" href="/akn/ontology/concept/un/generalDistribution" showAs="General distribution"></TLCRole>
        <TLCOrganization eId="ga" href="/akn/ontology/organization/un/generalAssembly" showAs="General Assembly"></TLCOrganization>
        <TLCTerm eId="resolutionTitle" href="/akn/ontology/reference/un/resolutionTitle" showAs="Resolution title"></TLCTerm>
        <TLCTerm eId="fifthCommittee" href="#fifthCommittee" showAs="Пятый комитет"></TLCTerm>
        <TLCTerm eId="memberState" href="/akn/ontology/organization/un/memberState" showAs="Member State"></TLCTerm>
        <TLCTerm eId="inFavour" href="/akn/ontology/concept/un/voting/inFavour" showAs="In favour"></TLCTerm>
        <TLCTerm eId="against" href="/akn/ontology/concept/un/voting/against" showAs="Against"></TLCTerm>
        <TLCTerm eId="abstaining" href="/akn/ontology/concept/un/voting/abstaining" showAs="Abstaining"></TLCTerm>
      </references>
      <presentation source="#un">
        <akn4un:footerFirstPage>
          <akn4un:footerFirstPageLeft>
            <akn4un:internalCode>
              <docketNumber refersTo="#publicationJobNumber">20-08792 (R)</docketNumber>
              <img alt="bar code" class="barCode" src=""></img>
            </akn4un:internalCode>
          </akn4un:footerFirstPageLeft>
          <akn4un:footerFirstPageRight>
            <img alt="Please recycle" class="image" src="./recylcleLogo.jpg"></img>
            <img alt="embedded QR code" class="qrCode" src=""></img>
          </akn4un:footerFirstPageRight>
        </akn4un:footerFirstPage>
      </presentation>
    </meta>
    <coverPage eId="coverPage_1">
      <p>
        <span refersTo="#publisher" class="upperLeft">
          <docAuthority refersTo="#publisher">Организация Объединенных Наций</docAuthority>
        </span>
      </p>
      <p class="upperRight">
        <docNumber refersTo="#symbol">A/RES/74/284</docNumber>
      </p>
      <p class="upperLeft">
        <img src="logo-un.jpg"></img>
        <docAuthority refersTo="#issuingBody" class="rightBig">Генеральная Ассамблея</docAuthority>
      </p>
      <p>
        <docStatus refersTo="#generalDistribution" class="rightSmall">Distr.: General</docStatus>
      </p>
      <p>
        <docDate date="2020-07-14" class="rightSmall" refersTo="#dateOfIssuance">14 July 2020</docDate>
      </p>
      <p>
        <session refersTo="#generalAssembly" value="74" eId="coverPage_1__session_1">Семьдесят четвертая сессия</session>
      </p>
      <p>
        <inline name="agenda item">Пункт 150 повестки дня</inline>
      </p>
      <p>
        <inline name="agenda item name">Финансирование Многопрофильной комплексной миссии Организации Объединенных Наций по стабилизации в Центральноафриканской Республике</inline>
      </p>
      <p>
        <docTitle>Резолюция, принятая Генеральной Ассамблеей 30 июня 2020 года</docTitle>
      </p>
      <p xml:space="preserve">
        <docProponent refersTo="#fifthCommittee">[по докладу Пятого комитета (<inline name="originating document">A/74/912</inline>)]</docProponent>
      </p>
    </coverPage>
    <preface>
      <p>
        <docNumber>74/284.</docNumber>
        <docTitle refersTo="#resolutionTitle">Финансирование Многопрофильной комплексной миссии Организации Объединенных Наций по стабилизации в Центральноафриканской Республике</docTitle>
      </p>
    </preface>
    <preamble>
      <formula name="enactingFormula" eId="formula_1">
        <p xml:space="preserve">
          <span class="italic">Генеральная Ассамблея</span>,</p>
      </formula>
      <container name="рассмотрев" eId="container_2">
        <p xml:space="preserve">
          <span class="italic">	рассмотрев</span> доклады Генерального секретаря о финансировании Многопрофильной комплексной миссии Организации Объединенных Наций по стабилизации в Центральноафриканской Республике<authorialNote marker="1" placement="bottom" eId="authorialNote_1"><p xml:space="preserve"><a href="https://undocs.org/ru/A/74/621">A/74/621</a> и <a href="https://undocs.org/ru/A/74/756">A/74/756</a>. </p></authorialNote> и соответствующий доклад Консультативного комитета по административным и бюджетным вопросам<authorialNote marker="2" placement="bottom" eId="authorialNote_2"><p xml:space="preserve"><a href="https://undocs.org/ru/A/74/737/Add.10">A/74/737/Add.10</a>. </p></authorialNote>,</p>
      </container>
      <container name="ссылаясь" eId="container_3">
        <p xml:space="preserve">
          <span class="italic">	ссылаясь</span> на резолюцию <a href="https://undocs.org/ru/S/RES/2149(2014)">2149 (2014)</a> Совета Безопасности от 10 апреля 2014 года, в которой Совет учредил Многопрофильную комплексную миссию Организации Объединенных Наций по стабилизации в Центральноафриканской Республике с 10 апреля 2014 года на первоначальный период до 30 апреля 2015 года, и на последующие резолюции, в которых Совет продлевал мандат Миссии и последней из которых является резолюция <a href="https://undocs.org/ru/S/RES/2499(2019)">2499 (2019)</a> от 15 ноября 2019 года — в ней Совет продлил мандат Миссии до 15 ноября 2020 года,</p>
      </container>
      <container name="ссылаясь также" eId="container_4">
        <p xml:space="preserve">
          <span class="italic">	ссылаясь также</span> на свою резолюцию <a href="https://undocs.org/ru/A/RES/68/299">68/299</a> от 30 июня 2014 года о финансировании Миссии и свои последующие резолюции по этому вопросу, последней из которых является резолюция <a href="https://undocs.org/ru/A/RES/73/312">73/312</a> от 3 июля 2019 года, а также на свое решение 73/555 от 3 июля 2019 года,</p>
      </container>
      <container name="подтверждая" eId="container_5">
        <p xml:space="preserve">
          <span class="italic">	подтверждая</span> общие принципы, лежащие в основе финансирования операций Организации Объединенных Наций по поддержанию мира и изложенные в ее резолюциях <a href="https://undocs.org/ru/A/RES/1874 (s-iv)">1874 (S</a><a href="https://undocs.org/ru/A/RES/1874 (s-iv)">-</a><a href="https://undocs.org/ru/A/RES/1874 (s-iv)">IV)</a> от 27 июня 1963 года, <a href="https://undocs.org/ru/A/RES/3101(XXVIII)">3101 (XXVIII)</a> от 11 декабря 1973 года и <a href="https://undocs.org/ru/A/RES/55/235">55/235</a> от 23 декабря 2000 года,</p>
      </container>
      <container name="сознавая" eId="container_6">
        <p xml:space="preserve">
          <span class="italic">	сознавая</span> важность предоставления Миссии финансовых ресурсов, необходимых ей для выполнения своих обязанностей согласно соответствующим резолюциям Совета Безопасности,</p>
      </container>
    </preamble>
    <mainBody>
      <paragraph eId="para_7" class="MercuryDocument">
        <num>	1.</num>
        <content eId="para_7__content">
          <p xml:space="preserve">
            <span class="italic">просит</span> Генерального секретаря возложить на руководителя Миссии задачу по подготовке в будущем бюджетных предложений в полном соответствии с положениями ее резолюций <a href="https://undocs.org/ru/A/RES/59/296">59/296</a> от 22 июня 2005 года, <a href="https://undocs.org/ru/A/RES/60/266">60/266</a> от 30 июня 2006 года, <a href="https://undocs.org/ru/A/RES/61/276">61/276</a> от 29 июня 2007 года, <a href="https://undocs.org/ru/A/RES/64/269">64/269</a> от 24 июня 2010 года, <a href="https://undocs.org/ru/A/RES/65/289">65/289</a> от 30 июня 2011 года, <a href="https://undocs.org/ru/A/RES/66/264">66/264</a> от 21 июня 2012 года, <a href="https://undocs.org/ru/A/RES/69/307">69/307</a> от 25 июня 2015 года и <a href="https://undocs.org/ru/A/RES/70/286">70/286</a> от 17 июня 2016 года, а также других соответствующих резолюций;</p>
        </content>
      </paragraph>
      <paragraph eId="para_8" class="MercuryDocument">
        <num>	2.</num>
        <content eId="para_8__content">
          <p xml:space="preserve">
            <span class="italic">принимает к сведению</span> положение со взносами на финансирование Многопрофильной комплексной миссии Организации Объединенных Наций по стабилизации в Центральноафриканской Республике по состоянию на 30 апреля 2020 года, в том числе задолженность по взносам в размере 188,5 млн долл. США, что составляет примерно 3,5 процента от общей суммы начисленных взносов, с озабоченностью отмечает, что только 93 государства-члена выплатили свои начисленные взносы в полном объеме, и настоятельно призывает все остальные государства-члены, особенно те из них, которые имеют задолженность, обеспечить внесение своих невыплаченных начисленных взносов;</p>
        </content>
      </paragraph>
      <paragraph eId="para_9" class="MercuryDocument">
        <num>	3.</num>
        <content eId="para_9__content">
          <p xml:space="preserve">
            <span class="italic">выражает свою признательность</span> тем государствам-членам, которые выплатили свои начисленные взносы в полном объеме, и настоятельно призывает все остальные государства-члены приложить все возможные усилия для обеспечения выплаты своих начисленных взносов на финансирование Миссии в полном объеме;</p>
        </content>
      </paragraph>
      <paragraph eId="para_10" class="MercuryDocument">
        <num>	4.</num>
        <content eId="para_10__content">
          <p xml:space="preserve">
            <span class="italic">выражает обеспокоенность</span> по поводу положения с финансированием деятельности по поддержанию мира, особенно в связи с возмещением расходов предоставляющим войска странам, которые несут дополнительное бремя в результате неуплаты государствами-членами своих взносов в срок;</p>
        </content>
      </paragraph>
      <paragraph eId="para_11" class="MercuryDocument">
        <num>	5.</num>
        <content eId="para_11__content">
          <p xml:space="preserve">
            <span class="italic">особо отмечает</span>, что для всех будущих и существующих миссий по поддержанию мира должен применяться одинаковый и недискриминационный подход в отношении порядка финансирования и административных процедур;</p>
        </content>
      </paragraph>
      <paragraph eId="para_12" class="MercuryDocument">
        <num>	6.</num>
        <content eId="para_12__content">
          <p xml:space="preserve">
            <span class="italic">особо отмечает также</span>, что все миссии по поддержанию мира должны быть обеспечены достаточными ресурсами для результативного и эффективного выполнения ими своих соответствующих мандатов;</p>
        </content>
      </paragraph>
      <paragraph eId="para_13" class="MercuryDocument">
        <num>	7.</num>
        <content eId="para_13__content">
          <p xml:space="preserve">
            <span class="italic">просит</span> Генерального секретаря обеспечивать, чтобы предлагаемые бюджеты операций по поддержанию мира основывались на соответствующих мандатах директивных органов;</p>
        </content>
      </paragraph>
      <paragraph eId="para_14" class="MercuryDocument">
        <num>	8.</num>
        <content eId="para_14__content">
          <p xml:space="preserve">
            <span class="italic">одобряет</span> выводы и рекомендации, содержащиеся в докладе Консультативного комитета по административным и бюджетным вопросам<sup>2</sup>, с учетом положений настоящей резолюции и просит Генерального секретаря обеспечить их полное выполнение;</p>
        </content>
      </paragraph>
      <paragraph eId="para_15" class="MercuryDocument">
        <num>	9.</num>
        <content eId="para_15__content">
          <p xml:space="preserve">
            <span class="italic">просит</span> Генерального секретаря установить четкие основополагающие правила и руководящие принципы определения процедуры запроса предложений (будь то направление приглашения принять участие в торгах или объявление о принятии предложений), подлежащей использованию, в частности, для приобретения различных видов товаров и услуг, включая авиационные услуги, и внести соответствующие изменения в Руководство по закупкам Организации Объединенных Наций;</p>
        </content>
      </paragraph>
      <paragraph eId="para_16" class="MercuryDocument">
        <num>	10.</num>
        <content eId="para_16__content">
          <p xml:space="preserve">
            <span class="italic">просит также</span> Генерального секретаря принять меры для обеспечения того, чтобы Организация следовала передовой практике в отношении прозрачности, применяемой в области государственных закупок, включая размещение в открытом доступе дополнительной информации о результатах проведенных закупочных мероприятий, в том числе в области авиационных услуг, в целях дальнейшего повышения прозрачности закупочной деятельности Организации и внести соответствующие изменения в Руководство по закупкам Организации Объединенных Наций;</p>
        </content>
      </paragraph>
      <paragraph eId="para_17" class="MercuryDocument">
        <num>	11.</num>
        <content eId="para_17__content">
          <p xml:space="preserve">
            <span class="italic">отмечает</span>, что продолжается разработка показателей эффективности, основанных на оценке воздействия, в рамках внедрения Комплексной системы служебной аттестации, и в этой связи просит Генерального секретаря представить в его следующем докладе информацию о том, как этими показателями будет измеряться выполнение Миссией предусмотренных мандатом задач и воздействие распределения ресурсов на выполнение этой деятельности, а также каким образом эти показатели будут способствовать определению необходимых ресурсов для выполнения каждой предусмотренной мандатом задачи;</p>
        </content>
      </paragraph>
      <paragraph eId="para_18" class="MercuryDocument">
        <num>	12.</num>
        <content eId="para_18__content">
          <p xml:space="preserve">
            <span class="italic">просит</span> Генерального секретаря представить в его следующем докладе план реализации и анализ внедрения новой Комплексной системы служебной аттестации, в том числе информацию о ее увязке с планированием деятельности и составлением бюджетов миссий, с тем чтобы облегчить Генеральной Ассамблее задачу рассмотрения просьб о выделении ресурсов на цели внедрения этой системы;</p>
        </content>
      </paragraph>
      <paragraph eId="para_19" class="MercuryDocument">
        <num>	13.</num>
        <content eId="para_19__content">
          <p xml:space="preserve">
            <span class="italic">особо отмечает</span> важность системы подотчетности Секретариата и просит Генерального секретаря продолжать укреплять механизмы регулирования рисков и внутреннего контроля, применяемые при управлении исполнением бюджетов миротворческих структур, в целях содействия осуществлению мандатов и повышения прозрачности и включить информацию по этому вопросу в его следующий доклад;</p>
        </content>
      </paragraph>
      <paragraph eId="para_20" class="MercuryDocument">
        <num>	14.</num>
        <content eId="para_20__content">
          <p xml:space="preserve">
            <span class="italic">особо отмечает также </span>важность всецелого исполнения бюджетов в миротворческих операциях и просит Генерального секретаря продолжать выполнять рекомендации соответствующих надзорных органов, учитывая при этом должным образом руководящие указания и рекомендации Генеральной Ассамблеи, и включать информацию по этому вопросу в доклады об исполнении бюджетов;</p>
        </content>
      </paragraph>
      <paragraph eId="para_21" class="MercuryDocument">
        <num>	15.</num>
        <content eId="para_21__content">
          <p xml:space="preserve">
            <span class="italic">с серьезной озабоченностью отмечает</span> угрозу для жизни, здоровья, охраны и безопасности, создаваемую пандемией коронавирусной инфекции (COVID‑19), и важность обеспечения охраны, безопасности и здоровья миротворческого персонала, продолжения бесперебойного выполнения важнейших мандатов, включая защиту гражданского населения, сведения к минимуму риска распространения указанного вируса в результате деятельности Миссии и оказания национальным властям по их просьбе –– в надлежащих случаях и в рамках мандатов –– поддержки в осуществлении принимаемых ими мер в связи с COVID‑19 в сотрудничестве с координатором-резидентом и другими структурами Организации Объединенных Наций в стране;</p>
        </content>
      </paragraph>
      <paragraph eId="para_22" class="MercuryDocument">
        <num>	16.</num>
        <content eId="para_22__content">
          <p xml:space="preserve">
            <span class="italic">просит</span> Генерального секретаря включить в его следующий доклад об исполнении бюджета информацию о том, какие меры были приняты Миссией, и об уроках, извлеченных из прошлых и нынешних эпидемий и пандемий, и предложить варианты повышения в будущем степени готовности к эпидемиям и пандемиям, включая обеспечение устойчивости функционирования;</p>
        </content>
      </paragraph>
      <paragraph eId="para_23" class="MercuryDocument">
        <num>	17.</num>
        <content eId="para_23__content">
          <p xml:space="preserve">
            <span class="italic">отмечает</span> прогресс, достигнутый в осуществлении многолетней экологической стратегии, направленной на уменьшение воздействия операций по поддержанию мира, и просит Генерального секретаря усилить меры по осуществлению данной стратегии во всех миротворческих миссиях сообразно пяти основным аспектам этой стратегии, с учетом конкретных условий на местах и при полном соблюдении соответствующих правил и положений и представить информацию по этому вопросу в его следующем обзорном докладе;</p>
        </content>
      </paragraph>
      <paragraph eId="para_24" class="MercuryDocument">
        <num>	18.</num>
        <content eId="para_24__content">
          <p xml:space="preserve">
            <span class="italic">обращает особое внимание</span> на то, что осуществление программной деятельности привносит важный вклад в выполнение мандатов Миссии, в том числе в предотвращение и урегулирование конфликтов, и что вся эта деятельность должна напрямую увязываться с мандатами Миссии;</p>
        </content>
      </paragraph>
      <paragraph eId="para_25" class="MercuryDocument">
        <num>	19.</num>
        <content eId="para_25__content">
          <p xml:space="preserve">
            <span class="italic">просит</span> Генерального секретаря обеспечить, чтобы Миссия несла ответственность и отчитывалась за использование средств, выделенных ей на программную деятельность, согласно соответствующим руководящим указаниям и с учетом конкретного контекста, в котором Миссия осуществляет свою деятельность, и включить в его доклад о следующем бюджете и доклад об исполнении бюджета подробную информацию о программной деятельности Миссии, в том числе о том, как эта деятельность способствовала выполнению мандатов Миссии, о ее связи с мандатами, о структурах-исполнителях и об осуществлении Миссией надлежащего надзора;</p>
        </content>
      </paragraph>
      <paragraph eId="para_26" class="MercuryDocument">
        <num>	20.</num>
        <content eId="para_26__content">
          <p xml:space="preserve">
            <span class="italic">выражает озабоченность</span> по поводу сообщений о предполагаемых случаях сексуальной эксплуатации и сексуальных надругательств в миротворческих миссиях и просит Генерального секретаря и далее применять в отношении всего гражданского, военного и полицейского персонала провозглашенную им политику абсолютной нетерпимости к сексуальной эксплуатации и сексуальным надругательствам и представить соответствующую информацию в его следующем докладе по сквозным вопросам;</p>
        </content>
      </paragraph>
      <paragraph eId="para_27" class="MercuryDocument">
        <num>	21.</num>
        <content eId="para_27__content">
          <p xml:space="preserve">
            <span class="italic">просит</span> Генерального секретаря обеспечить, чтобы персонал миротворческих миссий Организации Объединенных Наций обладал квалификацией, позволяющей ему осуществлять технический надзор за использованием технологий беспилотных авиационных систем и комплексов;</p>
        </content>
      </paragraph>
      <paragraph eId="para_28" class="MercuryDocument">
        <num>	22.</num>
        <content eId="para_28__content">
          <p xml:space="preserve">
            <span class="italic">учитывает </span>возрастание проблем в области безопасности, с которыми сталкиваются миротворцы Организации Объединенных Наций, подтверждает свою приверженность усилению охраны и безопасности персонала Миссии, в частности негражданского персонала, и просит Генерального секретаря дополнительно усилить меры в этой связи и представить Генеральной Ассамблее информацию по данному вопросу в следующем бюджете Миссии;</p>
        </content>
      </paragraph>
      <paragraph eId="para_29" class="MercuryDocument">
        <num>	23.</num>
        <content eId="para_29__content">
          <p xml:space="preserve">
            <span class="italic">подтверждает</span> положения раздела XVIII своей резолюции <a href="https://undocs.org/ru/A/RES/61/276">61/276</a>, учитывает также важную роль проектов с быстрой отдачей в деле поддержки осуществления мандатов миссий, подчеркивает необходимость своевременного, ответственного и подотчетного осуществления всех таких проектов и просит Генерального секретаря повысить их результативность и решить проблемы, связанные с их осуществлением;</p>
        </content>
      </paragraph>
      <paragraph eId="para_30" class="MercuryDocument">
        <num>	24.</num>
        <content eId="para_30__content">
          <p xml:space="preserve">
            <span class="italic">просит</span> Генерального секретаря рассматривать при составлении бюджетов варианты более широкой передачи функций национальному персоналу с учетом мандатов и потребностей миссий;</p>
        </content>
      </paragraph>
      <paragraph eId="para_31" class="MercuryDocument">
        <num>	25.</num>
        <content eId="para_31__content">
          <p xml:space="preserve">
            <span class="italic">вновь выражает озабоченность</span> по поводу большого числа вакансий среди должностей гражданского персонала и вновь обращается к Генеральному секретарю с просьбой обеспечить оперативное заполнение вакантных должностей;</p>
        </content>
      </paragraph>
      <paragraph eId="para_32" class="MercuryDocument">
        <num>	26.</num>
        <content eId="para_32__content">
          <p xml:space="preserve">
            <span class="italic">просит</span> Генерального секретаря обеспечить оперативное заполнение вакантных должностей и постановляет не упразднять штатные должности, которые на конец текущего отчетного периода оставались вакантными на протяжении 24 месяцев или более продолжительного срока, за исключением должностей, указанных в пункте 27;</p>
        </content>
      </paragraph>
      <paragraph eId="para_33" class="MercuryDocument">
        <num>	27.</num>
        <content eId="para_33__content">
          <p xml:space="preserve">
            <span class="italic">	постановляет</span> упразднить шесть штатных и внештатных должностей, которые оставались вакантными более двух лет, включая одну внештатную должность сантехника (национальный персонал категории общего обслуживания), две штатные должности административного помощника (национальный персонал категории общего обслуживания), одну штатную должность помощника по транспорту (национальный персонал категории общего обслуживания), одну штатную должность помощника по снабжению (национальный персонал категории общего обслуживания) и одну штатную должность специалиста по судебным вопросам (категория национальных сотрудников –– специалистов);</p>
        </content>
      </paragraph>
      <paragraph eId="para_34" class="MercuryDocument">
        <num>	28.</num>
        <content eId="para_34__content">
          <p xml:space="preserve">
            <span class="italic">просит </span>Генерального секретаря провести обзор должностей, которые оставались вакантными на протяжении 24 месяцев или более продолжительного срока, и включить в его доклад о следующем бюджете предложения либо о сохранении таких должностей, представив в этом случае четкое обоснование необходимости в них, либо об их упразднении;</p>
        </content>
      </paragraph>
      <paragraph eId="para_35" class="MercuryDocument">
        <num>	29.</num>
        <content eId="para_35__content">
          <p xml:space="preserve">
            <span class="italic">просит также</span> Генерального секретаря выполнить сравнительную оценку услуг, предоставляемых соответствующими структурами в контексте деятельности, связанной с разминированием, и представить ее результаты в его следующем докладе;</p>
        </content>
      </paragraph>
      <paragraph eId="para_36" class="MercuryDocument">
        <num>	30.</num>
        <content eId="para_36__content">
          <p xml:space="preserve">
            <span class="italic">учитывает</span> важную роль, которую играют региональные и субрегиональные субъекты в деятельности по поддержанию мира, и в этой связи рекомендует Генеральному секретарю углублять партнерство и сотрудничество Организации Объединенных Наций с региональными и субрегиональными субъектами и усиливать координацию ее деятельности с ними согласно соответствующим мандатам и представить информацию о таком усилении взаимодействия в его следующем докладе;</p>
        </content>
      </paragraph>
      <paragraph eId="para_37" class="MercuryDocument">
        <num>	31.</num>
        <content eId="para_37__content">
          <p xml:space="preserve">
            <span class="italic">отмечает</span>, что выборы являются важной вехой мирных процессов, подчеркивает исключительную важность обеспечения достаточной и своевременной поддержки избирательных процессов в странах, принимающих миротворческие миссии, в соответствии с мандатом и в этой связи просит Генерального секретаря включить в его следующий обзорный доклад обновленную информацию о поддержке Организацией Объединенных Наций деятельности по организации проведения выборов;</p>
        </content>
      </paragraph>
      <paragraph eId="para_38" class="MercuryDocument">
        <num>	32.</num>
        <content eId="para_38__content">
          <p xml:space="preserve">
            <span class="italic">просит </span>Генерального секретаря обеспечить полное выполнение соответствующих положений ее резолюций <a href="https://undocs.org/ru/A/RES/59/296">59/296</a>, <a href="https://undocs.org/ru/A/RES/60/266">60/266</a>, <a href="https://undocs.org/ru/A/RES/61/276">61/276</a>, <a href="https://undocs.org/ru/A/RES/64/269">64/269</a>, <a href="https://undocs.org/ru/A/RES/65/289">65/289</a>, <a href="https://undocs.org/ru/A/RES/66/264">66/264</a>, <a href="https://undocs.org/ru/A/RES/69/307">69/307</a> и <a href="https://undocs.org/ru/A/RES/70/286">70/286</a>;</p>
        </content>
      </paragraph>
      <paragraph eId="para_39" class="MercuryDocument">
        <num>	33.</num>
        <content eId="para_39__content">
          <p xml:space="preserve">
            <span class="italic">просит также</span> Генерального секретаря принимать все необходимые меры для обеспечения функционирования Миссии с максимальной эффективностью и экономией;</p>
        </content>
      </paragraph>
      <paragraph eId="para_40" class="MercuryDocument">
        <subheading>		Доклад об исполнении бюджета на период с 1 июля 2018 года  по 30 июня 2019 года</subheading>
      </paragraph>
      <paragraph eId="para_41" class="MercuryDocument">
        <num>	34.</num>
        <content eId="para_41__content">
          <p xml:space="preserve">
            <span class="italic">принимает к сведению</span> доклад Генерального секретаря об исполнении бюджета Миссии на период с 1 июля 2018 года по 30 июня 2019 года<authorialNote marker="3" placement="bottom" eId="authorialNote_3"><p xml:space="preserve"><a href="https://undocs.org/ru/A/74/621">A/74/621</a>.</p></authorialNote>;</p>
        </content>
      </paragraph>
      <paragraph eId="para_42" class="MercuryDocument">
        <subheading>		Бюджетная смета на период с 1 июля 2020 года по 30 июня 2021 года</subheading>
      </paragraph>
      <paragraph eId="para_43" class="MercuryDocument">
        <num>	35.</num>
        <content eId="para_43__content">
          <p xml:space="preserve">
            <span class="italic">постановляет</span> ассигновать на специальный счет для Многопрофильной комплексной миссии Организации Объединенных Наций по стабилизации в Центральноафриканской Республике сумму в размере 1 006 428 200 долл. США на период с 1 июля 2020 года по 30 июня 2021 года, включая сумму в размере 937 711 700 долл. США на содержание Миссии, сумму в размере 53 600 600 долл. США, подлежащую зачислению на вспомогательный счет для операций по поддержанию мира, сумму в размере 9 035 200 долл. США, предназначенную для финансирования Базы материально-технического снабжения Организации Объединенных Наций в Бриндизи, Италия, и сумму в размере 6 080 700 долл. США, предназначенную для финансирования Регионального центра обслуживания в Энтеббе, Уганда;</p>
        </content>
      </paragraph>
      <paragraph eId="para_44" class="MercuryDocument">
        <subheading>		Финансирование ассигнований на период с 1 июля 2020 года по 30 июня 2021 года</subheading>
      </paragraph>
      <paragraph eId="para_45" class="MercuryDocument">
        <num>	36.</num>
        <content eId="para_45__content">
          <p xml:space="preserve">
            <span class="italic">постановляет</span> пропорционально распределить между государствами-членами сумму в размере 377 410 600 долл. США на период с 1 июля по 15 ноября 2020 года в соответствии с уровнями, обновленными в ее резолюции <a href="https://undocs.org/ru/A/RES/73/272">73/272</a> от 22 декабря 2018 года, с учетом шкалы взносов на 2020 год, установленной в ее резолюции <a href="https://undocs.org/ru/A/RES/73/271">73/271</a> от 22 декабря 2018 года;</p>
        </content>
      </paragraph>
      <paragraph eId="para_46" class="MercuryDocument">
        <num>	37.</num>
        <content eId="para_46__content">
          <p xml:space="preserve">
            <span class="italic">постановляет также</span>, в соответствии с положениями своей резолюции <a href="https://undocs.org/ru/A/RES/973(X)">973 (X)</a> от 15 декабря 1955 года, зачесть в счет сумм, пропорционально начисленных государствам-членам, как это предусмотрено в пункте 36 выше, их соответствующую долю в поступлениях в Фонд уравнения налогообложения в размере 7 759 800 долл. США, включающих сметные поступления по плану налогообложения персонала в размере 5 575 600 долл. США, утвержденные для Миссии, пропорциональную долю в размере 1 615 500 долл. США в сметных поступлениях по плану налогообложения персонала, утвержденных для вспомогательного счета, пропорциональную долю в размере 330 000 долл. США в сметных поступлениях по плану налогообложения персонала, утвержденных для Базы материально-технического снабжения Организации Объединенных Наций, и пропорциональную долю в размере 238 700 долл. США в сметных поступлениях по плану налогообложения персонала, утвержденных для Регионального центра обслуживания;</p>
        </content>
      </paragraph>
      <paragraph eId="para_47" class="MercuryDocument">
        <num>	38.</num>
        <content eId="para_47__content">
          <p xml:space="preserve">
            <span class="italic">постановляет далее</span> пропорционально распределить между государствами-членами сумму в размере 629 017 600 долл. США из расчета 83 869 013 долл. США в месяц на период с 16 ноября 2020 года по 30 июня 2021 года в соответствии с уровнями, обновленными в ее резолюции <a href="https://undocs.org/ru/A/RES/73/272">73/272</a>, с учетом шкалы взносов на 2020 и 2021 годы, установленной в ее резолюции <a href="https://undocs.org/ru/A/RES/73/271">73/271</a>, при условии принятия Советом Безопасности решения о продлении мандата Миссии;</p>
        </content>
      </paragraph>
      <paragraph eId="para_48" class="MercuryDocument">
        <num>	39.</num>
        <content eId="para_48__content">
          <p xml:space="preserve">
            <span class="italic">постановляет</span>, в соответствии с положениями своей резолюции <a href="https://undocs.org/ru/A/RES/973(X)">973 (X)</a>, зачесть в счет сумм, пропорционально начисленных государствам-членам, как это предусмотрено в пункте 38 выше, их соответствующую долю в поступлениях в Фонд уравнения налогообложения в размере 12 932 700 долл. США, включающих сметные поступления по плану налогообложения персонала в размере 9 292 700 долл. США, утвержденные для Миссии, пропорциональную долю в размере 2 692 500 долл. США в сметных поступлениях по плану налогообложения персонала, утвержденных для вспомогательного счета, пропорциональную долю в размере 549 900 долл. США в сметных поступлениях по плану налогообложения персонала, утвержденных для Базы материально-технического снабжения Организации Объединенных Наций, и пропорциональную долю в размере 397 600 долл. США в сметных поступлениях по плану налогообложения персонала, утвержденных для Регионального центра обслуживания;</p>
        </content>
      </paragraph>
      <paragraph eId="para_49" class="MercuryDocument">
        <num>	40.</num>
        <content eId="para_49__content">
          <p xml:space="preserve">
            <span class="italic">постановляет также </span>зачесть в счет сумм, пропорционально начисленных государствам-членам, выполнившим свои финансовые обязательства перед Миссией, как это предусмотрено в пунктах 36 и 38 выше, их соответствующую долю в неизрасходованном остатке средств и прочих поступлениях на сумму 54 982 000 долл. США, относящуюся к финансовому периоду, закончившемуся 30 июня 2019 года, в соответствии с уровнями, обновленными в ее резолюции <a href="https://undocs.org/ru/A/RES/73/272">73/272</a>, с учетом шкалы взносов на 2019 год, установленной в ее резолюции <a href="https://undocs.org/ru/A/RES/73/271">73/271</a>;</p>
        </content>
      </paragraph>
      <paragraph eId="para_50" class="MercuryDocument">
        <num>	41.</num>
        <content eId="para_50__content">
          <p xml:space="preserve">
            <span class="italic">постановляет далее</span> зачесть в счет непогашенных обязательств государств-членов, не выполнивших свои финансовые обязательства перед Миссией, их соответствующую долю в неизрасходованном остатке средств и прочих поступлениях на сумму 54 982 000 долл. США, относящуюся к финансовому периоду, закончившемуся 30 июня 2019 года, в соответствии со схемой, изложенной в пункте 40 выше;</p>
        </content>
      </paragraph>
      <paragraph eId="para_51" class="MercuryDocument">
        <num>	42.</num>
        <content eId="para_51__content">
          <p xml:space="preserve">
            <span class="italic">постановляет </span>учесть сумму уменьшения сметных поступлений по плану налогообложения персонала в размере 895 700 долл. США, относящуюся к финансовому периоду, закончившемуся 30 июня 2019 года, в суммах, подлежащих зачислению из суммы в размере 54 982 000 долл. США, упомянутой в пунктах 40 и 41 выше;</p>
        </content>
      </paragraph>
      <paragraph eId="para_52" class="MercuryDocument">
        <num>	43.</num>
        <content eId="para_52__content">
          <p xml:space="preserve">
            <span class="italic">призывает</span> Генерального секретаря продолжать принимать дополнительные меры по обеспечению охраны и безопасности всего персонала, участвующего в деятельности Миссии под эгидой Организации Объединенных Наций, с учетом положений пунктов 5 и 6 резолюции <a href="https://undocs.org/ru/S/RES/1502(2003)">1502 (2003)</a> Совета Безопасности от 26 августа 2003 года;</p>
        </content>
      </paragraph>
      <paragraph eId="para_53" class="MercuryDocument">
        <num>	44.</num>
        <content eId="para_53__content">
          <p xml:space="preserve">
            <span class="italic">предлагает</span> вносить добровольные взносы на содержание Миссии как наличными, так и в виде приемлемых для Генерального секретаря услуг и поставок, которые будут использоваться в надлежащем порядке в соответствии с процедурой и практикой, установленными Генеральной Ассамблеей;</p>
        </content>
      </paragraph>
      <paragraph eId="para_54" class="MercuryDocument">
        <num>	45.</num>
        <content eId="para_54__content">
          <p xml:space="preserve">
            <span class="italic">постановляет</span> включить в предварительную повестку дня своей семьдесят пятой сессии пункт, озаглавленный «Финансирование Многопрофильной комплексной миссии Организации Объединенных Наций по стабилизации в Центральноафриканской Республике».</p>
        </content>
      </paragraph>
    </mainBody>
    <conclusions eId="conclusions">
      <p>
        <docDate date="2020-06-30" refersTo="#adoptionDate">30 июня 2020 года</docDate>
      </p>
    </conclusions>
  </statement>
</akomaNtoso>