<akomaNtoso xmlns:xsi="http://www.w3.org/2001/XMLSchema-instance" xsi:schemaLocation="http://docs.oasis-open.org/legaldocml/ns/akn/3.0 http://docs.oasis-open.org/legaldocml/akn-core/v1.0/os/part2-specs/schemas/akomantoso30.xsd" xmlns="http://docs.oasis-open.org/legaldocml/ns/akn/3.0" xmlns:html="http://www.w3.org/1999/xhtml" xmlns:akn4un="http://un.org/akn4un">
  <statement name="resolution">
    <meta>
      <identification source="#DGACM">
        <FRBRWork>
          <FRBRthis value="/akn/un/statement/deliberation/unga/2019-12-12/74-21/!main/"></FRBRthis>
          <FRBRuri value="/akn/un/statement/deliberation/unga/2019-12-12/74-21/"></FRBRuri>
          <FRBRdate date="2019-12-12" name="adoption"></FRBRdate>
          <FRBRauthor href="ga" as="author"></FRBRauthor>
          <FRBRcountry value="un"></FRBRcountry>
        </FRBRWork>
        <FRBRExpression>
          <FRBRthis value="/akn/un/statement/deliberation/unga/2019-12-12/74-21/rus@!main/"></FRBRthis>
          <FRBRuri value="/akn/un/statement/deliberation/unga/2019-12-12/74-21/rus@/"></FRBRuri>
          <FRBRdate date="2019-12-18" name="publication"></FRBRdate>
          <FRBRauthor href="ga" as="issuer"></FRBRauthor>
          <FRBRlanguage language="rus"></FRBRlanguage>
        </FRBRExpression>
        <FRBRManifestation>
          <FRBRthis value="/akn/un/statement/deliberation/unga/2019-12-12/74-21/rus@/!main.xml"></FRBRthis>
          <FRBRuri value="/akn/un/statement/deliberation/unga/2019-12-12/74-21/rus@.xml"></FRBRuri>
          <FRBRdate date="2020-08-29" name="markup"></FRBRdate>
          <FRBRauthor href="DGACM" as="editor"></FRBRauthor>
        </FRBRManifestation>
      </identification>
      <classification source="http://metadata.un.org/sdg">
        <keyword value="5" href="http://metadata.un.org/sdg/5" showAs="sdg_5" dictionary="SDGO"></keyword>
        <keyword value="gender_equality" href="http://eurovoc.europa.eu/3913" showAs="gender_equality" dictionary="EuroVoc"></keyword>
        <keyword value="participation_of_women" href="http://eurovoc.europa.eu/2265" showAs="participation_of_women" dictionary="EuroVoc"></keyword>
        <keyword value="women&amp;#39;s_rights" href="http://eurovoc.europa.eu/585" showAs="women&amp;#39;s_rights" dictionary="EuroVoc"></keyword>
        <keyword value="position_of_women" href="http://eurovoc.europa.eu/81" showAs="position_of_women" dictionary="EuroVoc"></keyword>
        <keyword value="women" href="http://metadata.un.org/thesaurus/1007029" showAs="women" dictionary="UNBIS Thesaurus"></keyword>
        <keyword value="gender_equality" href="http://metadata.un.org/thesaurus/1002612" showAs="gender_equality" dictionary="UNBIS Thesaurus"></keyword>
        <keyword value="girls" href="http://metadata.un.org/thesaurus/1002684" showAs="girls" dictionary="UNBIS Thesaurus"></keyword>
      </classification>
      <classification source="http://metadata.un.org/sdg">
        <keyword value="16" href="http://metadata.un.org/sdg/16" showAs="sdg_16" dictionary="SDGO"></keyword>
        <keyword value="right_to_justice" href="http://eurovoc.europa.eu/516" showAs="right_to_justice" dictionary="EuroVoc"></keyword>
        <keyword value="sustainable_development" href="http://eurovoc.europa.eu/5585" showAs="sustainable_development" dictionary="EuroVoc"></keyword>
        <keyword value="civil_society" href="http://metadata.un.org/thesaurus/1001012" showAs="civil_society" dictionary="UNBIS Thesaurus"></keyword>
        <keyword value="justice" href="http://metadata.un.org/thesaurus/1003500" showAs="justice" dictionary="UNBIS Thesaurus"></keyword>
        <keyword value="peaceful_coexistence" href="http://metadata.un.org/thesaurus/1004777" showAs="peaceful_coexistence" dictionary="UNBIS Thesaurus"></keyword>
        <keyword value="public_institutions" href="http://metadata.un.org/thesaurus/1005254" showAs="public_institutions" dictionary="UNBIS Thesaurus"></keyword>
        <keyword value="social_justice" href="http://metadata.un.org/thesaurus/1005970" showAs="social_justice" dictionary="UNBIS Thesaurus"></keyword>
        <keyword value="sustainable_development" href="http://metadata.un.org/thesaurus/1006319" showAs="sustainable_development" dictionary="UNBIS Thesaurus"></keyword>
      </classification>
      <classification source="http://metadata.un.org/sdg">
        <keyword value="17" href="http://metadata.un.org/sdg/17" showAs="sdg_17" dictionary="SDGO"></keyword>
        <keyword value="sustainable_development" href="http://eurovoc.europa.eu/5585" showAs="sustainable_development" dictionary="EuroVoc"></keyword>
        <keyword value="partnership" href="http://eurovoc.europa.eu/4199" showAs="partnership" dictionary="EuroVoc"></keyword>
        <keyword value="sustainable_development" href="http://metadata.un.org/thesaurus/1006319" showAs="sustainable_development" dictionary="UNBIS Thesaurus"></keyword>
        <keyword value="partnership" href="http://metadata.un.org/thesaurus/1004748" showAs="partnership" dictionary="UNBIS Thesaurus"></keyword>
      </classification>
      <workflow source="#un">
        <step date="2019-12-02" outcome="draftResolution" as="A/74/L.23" by="Armenia, Bangladesh, Bhutan, China, Costa Rica, Dominican Republic, Equatorial Guinea, India, Malaysia, Mexico, Mongolia, Paraguay, Russian Federation, Saudi Arabia, Singapore and Sri Lanka" />
        <step date="0001-01-01" outcome="draftResolutionAdditionalSponsors" by="Albania, Algeria, Antigua and Barbuda, Argentina, Austria, Azerbaijan, Bahrain, Belarus, Belize, Benin, Bolivia (Plurinational State of), Bosnia and Herzegovina, Brunei Darussalam, Bulgaria, Burkina Faso, Cabo Verde, Cameroon, Canada, Central African Republic, Chad, Chile, Colombia, Comoros, Congo, Côte d'Ivoire, Djibouti, Ecuador, Egypt, El Salvador, Eritrea, Ethiopia, Finland, Gabon, Gambia, Ghana, Greece, Guatemala, Guinea, Guinea-Bissau, Guyana, Haiti, Honduras, Hungary, Iraq, Ireland, Italy, Japan, Jordan, Kazakhstan, Kenya, Kiribati, Kuwait, Lao People's Democratic Republic, Latvia, Lebanon, Libya, Lithuania, Luxembourg, Madagascar, Maldives, Malta, Mauritania, Mauritius, Montenegro, Morocco, Mozambique, Namibia, Nepal, Nicaragua, Nigeria, Norway, Pakistan, Palau, Panama, Papua New Guinea, Peru, Philippines, Poland, Portugal, Qatar, Republic of Korea, Saint Lucia, Saint Vincent and the Grenadines, Samoa, Sao Tome and Principe, Senegal, Serbia, Seychelles, Sierra Leone, Solomon Islands, Somalia, Spain, Sudan, Suriname, Syrian Arab Republic, Tajikistan, Thailand, Timor-Leste, Togo, Tunisia, Turkmenistan, Tuvalu, United Arab Emirates, Uruguay, Uzbekistan, Venezuela (Bolivarian Republic of), Viet Nam, Yemen, Zambia and Zimbabwe" />
        <step date="0001-01-01" outcome="recommendedForAdoption" by="" />
        <step date="2019-12-12" outcome="adopted" as="A/74/PV.45" by="" />
      </workflow>
      <analysis source="#un">
        <parliamentary>
          <voting outcome="adoptedWithoutVote">
            <quorum value=""></quorum>
          </voting>
        </parliamentary>
      </analysis>
      <references source="#DGACM">
        <TLCOrganization eId="source" href="/akn/ontology/organization/un/DGACM" showAs="DGACM"></TLCOrganization>
        <TLCConcept eId="dateOfIssuance" href="/akn/ontology/concept/un/dateOfIssuance" showAs="Date of issuance"></TLCConcept>
        <TLCConcept eId="dateOfAdoption" href="/akn/ontology/concept/un/dateOfAdoption" showAs="Date of adoption"></TLCConcept>
        <TLCConcept eId="symbol" href="/akn/ontology/reference/un/symbol" showAs="Symbol"></TLCConcept>
        <TLCRole eId="publisher" href="/akn/ontology/role/un/publisher" showAs="Publisher"></TLCRole>
        <TLCRole eId="issuingBody" href="/akn/role/concept/un/issuingBody" showAs="Issuing body"></TLCRole>
        <TLCRole eId="author" href="/akn/ontology/role/un/author" showAs="Author"></TLCRole>
        <TLCRole eId="editor" href="/akn/ontology/role/un/editor" showAs="Editor"></TLCRole>
        <TLCRole eId="distribution" href="/akn/ontology/concept/un/generalDistribution" showAs="General distribution"></TLCRole>
        <TLCOrganization eId="ga" href="/akn/ontology/organization/un/generalAssembly" showAs="General Assembly"></TLCOrganization>
        <TLCTerm eId="resolutionTitle" href="/akn/ontology/reference/un/resolutionTitle" showAs="Resolution title"></TLCTerm>
        <TLCTerm eId="noMainCommittee" href="#noMainCommittee" showAs="без передачи в главные комитеты"></TLCTerm>
        <TLCTerm eId="memberState" href="/akn/ontology/organization/un/memberState" showAs="Member State"></TLCTerm>
        <TLCTerm eId="inFavour" href="/akn/ontology/concept/un/voting/inFavour" showAs="In favour"></TLCTerm>
        <TLCTerm eId="against" href="/akn/ontology/concept/un/voting/against" showAs="Against"></TLCTerm>
        <TLCTerm eId="abstaining" href="/akn/ontology/concept/un/voting/abstaining" showAs="Abstaining"></TLCTerm>
      </references>
      <presentation source="#un">
        <akn4un:footerFirstPage>
          <akn4un:footerFirstPageLeft>
            <akn4un:internalCode>
              <docketNumber refersTo="#publicationJobNumber">19-21665 (R)</docketNumber>
              <img alt="bar code" class="barCode" src=""></img>
            </akn4un:internalCode>
          </akn4un:footerFirstPageLeft>
          <akn4un:footerFirstPageRight>
            <img alt="Please recycle" class="image" src="./recylcleLogo.jpg"></img>
            <img alt="embedded QR code" class="qrCode" src=""></img>
          </akn4un:footerFirstPageRight>
        </akn4un:footerFirstPage>
      </presentation>
    </meta>
    <coverPage eId="coverPage_1">
      <p>
        <span refersTo="#publisher" class="upperLeft">
          <docAuthority refersTo="#publisher">Организация Объединенных Наций</docAuthority>
        </span>
      </p>
      <p class="upperRight">
        <docNumber refersTo="#symbol">A/RES/74/21</docNumber>
      </p>
      <p class="upperLeft">
        <img src="logo-un.jpg"></img>
        <docAuthority refersTo="#issuingBody" class="rightBig">Генеральная Ассамблея</docAuthority>
      </p>
      <p>
        <docStatus refersTo="#generalDistribution" class="rightSmall">Distr.: General</docStatus>
      </p>
      <p>
        <docDate date="2019-12-18" class="rightSmall" refersTo="#dateOfIssuance">18 December 2019</docDate>
      </p>
      <p>
        <session refersTo="#generalAssembly" value="74" eId="coverPage_1__session_1">Семьдесят четвертая сессия</session>
      </p>
      <p>
        <inline name="agenda item">Пункт 15 повестки дня</inline>
      </p>
      <p>
        <inline name="agenda item name">Культура мира</inline>
      </p>
      <p>
        <docTitle>Резолюция, принятая Генеральной Ассамблеей 12 декабря 2019 года</docTitle>
      </p>
      <p xml:space="preserve">
        <docProponent refersTo="#noMainCommittee">[без передачи в главные комитеты (<inline name="originating document">A/74/L.23 и A/74/L.23/Add.1</inline>)]</docProponent>
      </p>
    </coverPage>
    <preface>
      <p>
        <docNumber>74/21.</docNumber>
        <docTitle refersTo="#resolutionTitle">Меры по осуществлению Декларации и Программы действий в области культуры мира</docTitle>
      </p>
    </preface>
    <preamble>
      <formula name="enactingFormula" eId="formula_1">
        <p xml:space="preserve">
          <span class="italic">Генеральная Ассамблея</span>,</p>
      </formula>
      <container name="памятуя " eId="container_2">
        <p xml:space="preserve">
          <span class="italic">памятуя </span>об Уставе Организации Объединенных Наций, в том числе о содержащихся в нем целях и принципах, и в особенности о решимости избавить грядущие поколения от бедствий войны,</p>
      </container>
      <container name="ссылаясь " eId="container_3">
        <p xml:space="preserve">
          <span class="italic">ссылаясь </span>на Устав Организации Объединенных Наций по вопросам образования, науки и культуры, в котором говорится, что «мысли о войне возникают в умах людей, поэтому в сознании людей следует укоренять идею защиты мира»,</p>
      </container>
      <container name="признавая" eId="container_4">
        <p xml:space="preserve">
          <span class="italic">признавая</span> важность Декларации<authorialNote marker="1" placement="bottom" eId="authorialNote_1"><p xml:space="preserve">		Резолюция <a href="http://gdoc.un.org/A/RES/53/243a">53/243 A</a>.</p></authorialNote> и Программы действий<authorialNote marker="2" placement="bottom" eId="authorialNote_2"><p xml:space="preserve">		Резолюция <a href="http://gdoc.un.org/A/RES/53/243b">53/243 B</a>.</p></authorialNote> в области культуры мира, принятых Генеральной Ассамблеей 13 сентября 1999 года, которые служат для международного сообщества, и прежде всего для системы Организации Объединенных Наций, универсальным мандатом на содействие формированию культуры мира и ненасилия, отвечающей интересам человечества, и в частности его грядущих поколений,</p>
      </container>
      <container name="ссылаясь " eId="container_5">
        <p xml:space="preserve">
          <span class="italic">ссылаясь </span>на свои предыдущие резолюции о культуре мира, в том числе на резолюцию <a href="https://undocs.org/ru/A/RES/52/15">52/15</a> от 20 ноября 1997 года, в которой 2000 год был провозглашен Международным годом культуры мира, резолюцию <a href="https://undocs.org/ru/A/RES/53/25">53/25</a> от 10 ноября 1998 года, в которой период 2001–2010 годов был провозглашен Международным десятилетием культуры мира и ненасилия в интересах детей планеты, и резолюции <a href="https://undocs.org/ru/A/RES/56/5">56/5</a> от 5 ноября 2001 года, <a href="https://undocs.org/ru/A/RES/57/6">57/6</a> от 4 ноября 2002 года, <a href="https://undocs.org/ru/A/RES/58/11">58/11</a> от 10 ноября 2003 года, <a href="https://undocs.org/ru/A/RES/59/143">59/143</a> от 15 декабря 2004 года, <a href="https://undocs.org/ru/A/RES/60/3">60/3</a> от 20 октября 2005 года, <a href="https://undocs.org/ru/A/RES/61/45">61/45</a> от 4 декабря 2006 года, <a href="https://undocs.org/ru/A/RES/62/89">62/89</a> от 17 декабря 2007 года, <a href="https://undocs.org/ru/A/RES/63/113">63/113</a> от 5 декабря 2008 года, <a href="https://undocs.org/ru/A/RES/64/80">64/80</a> от 7 декабря 2009 года, <a href="https://undocs.org/ru/A/RES/65/11">65/11</a> от 23 ноября 2010 года, <a href="https://undocs.org/ru/A/RES/66/116">66/116</a> от 12 декабря 2011 года, <a href="https://undocs.org/ru/A/RES/67/106">67/106</a> от 17 декабря 2012 года, <a href="https://undocs.org/ru/A/RES/68/125">68/125</a> от 18 декабря 2013 года, <a href="https://undocs.org/ru/A/RES/69/139">69/139</a> от 15 декабря 2014 года, <a href="https://undocs.org/ru/A/RES/70/20">70/20</a> от 3 декабря 2015 года, <a href="https://undocs.org/ru/A/RES/71/252">71/252</a> от 23 декабря 2016 года, <a href="https://undocs.org/ru/A/RES/72/137">72/137</a> от 11 декабря 2017 года и <a href="https://undocs.org/ru/A/RES/73/126">73/126</a> от 12 декабря 2018 года, принятые по пункту ее повестки дня, озаглавленному «Культура мира»,</p>
      </container>
      <container name="ссылаясь также " eId="container_6">
        <p xml:space="preserve">
          <span class="italic">ссылаясь также </span>на Декларацию тысячелетия Организации Объединенных Наций<authorialNote marker="3" placement="bottom" eId="authorialNote_3"><p xml:space="preserve">		Резолюция <a href="file://unhq.un.org/shared/russian_wp51/MSWDocs/_2Semifinal/55/2">55/2</a>.</p></authorialNote>, в которой содержится призыв активно поощрять формирование культуры мира,</p>
      </container>
      <container name="вновь подтверждая" eId="container_7">
        <p xml:space="preserve">
          <span class="italic">вновь подтверждая</span> свою резолюцию <a href="https://undocs.org/ru/A/RES/70/1">70/1</a> от 25 сентября 2015 года, озаглавленную «Преобразование нашего мира: Повестка дня в области устойчивого развития на период до 2030 года»,</p>
      </container>
      <container name="ссылаясь" eId="container_8">
        <p xml:space="preserve">
          <span class="italic">ссылаясь</span> на свои резолюции <a href="https://undocs.org/ru/A/RES/70/262">70/262</a> от 27 апреля 2016 года об обзоре миростроительной архитектуры Организации Объединенных Наций и <a href="https://undocs.org/ru/A/RES/72/276">72/276</a> от 26 апреля 2018 года о последующей деятельности в связи с докладом Генерального секретаря о миростроительстве и сохранении мира,</p>
      </container>
      <container name="ссылаясь также" eId="container_9">
        <p xml:space="preserve">
          <span class="italic">	ссылаясь также</span> на свои резолюции <a href="https://undocs.org/ru/A/RES/72/241">72/241</a> от 20 декабря 2017 года о мире против насилия и насильственного экстремизма, <a href="https://undocs.org/ru/A/RES/72/284">72/284</a> от 26 июня 2018 года об обзоре Глобальной контртеррористической стратегии Организации Объединенных Наций и <a href="https://undocs.org/ru/A/RES/70/254">70/254</a> от 12 февраля 2016 года о Плане действий Генерального секретаря по предупреждению воинствующего экстремизма и отмечая учреждение Контртеррористического управления Организации Объединенных Наций согласно резолюции <a href="https://undocs.org/ru/A/RES/71/291">71/291</a> от 15 июня 2017 года,</p>
      </container>
      <container name="принимая к сведению " eId="container_10">
        <p xml:space="preserve">
          <span class="italic">принимая к сведению </span>Итоговый документ Всемирного саммита 2005 года, принятый на пленарном заседании высокого уровня Генеральной Ассамблеи<authorialNote marker="4" placement="bottom" eId="authorialNote_4"><p xml:space="preserve">		Резолюция <a href="file://unhq.un.org/shared/russian_wp51/MSWDocs/_2Semifinal/60/1">60/1</a>.</p></authorialNote>,</p>
      </container>
      <container name="приветствуя " eId="container_11">
        <p xml:space="preserve">
          <span class="italic">приветствуя </span>проведение 10 декабря Дня прав человека<authorialNote marker="5" placement="bottom" eId="authorialNote_5"><p xml:space="preserve">		Резолюция <a href="file://unhq.un.org/shared/russian_wp51/MSWDocs/_2Semifinal/423 (V)">423 (V)</a>.</p></authorialNote>, 9 декабря Международного дня памяти жертв преступления геноцида, чествования их достоинства и предупреждения этого преступления<authorialNote marker="6" placement="bottom" eId="authorialNote_6"><p xml:space="preserve">		Резолюция <a href="file://unhq.un.org/shared/russian_wp51/MSWDocs/_2Semifinal/69/323">69/323</a>.</p></authorialNote> и 2 октября Международного дня ненасилия<authorialNote marker="7" placement="bottom" eId="authorialNote_7"><p xml:space="preserve">		Резолюция <a href="file://unhq.un.org/shared/russian_wp51/MSWDocs/_2Semifinal/61/271">61/271</a>.</p></authorialNote>, которые были провозглашены Организацией Объединенных Наций,</p>
      </container>
      <container name="признавая" eId="container_12">
        <p xml:space="preserve">
          <span class="italic">признавая</span>, что все предпринимаемые системой Организации Объединенных Наций в целом и всем международным сообществом усилия, направленные на содействие предотвращению конфликтов, мирному урегулированию споров, поддержанию мира, миростроительству, разоружению, устойчивому развитию, поощрению человеческого достоинства и прав человека, социальной интеграции, демократии, верховенству права, благому управлению и гендерному равенству на национальном и международном уровнях, вносят весомый вклад в формирование культуры мира,</p>
      </container>
      <container name="признавая также" eId="container_13">
        <p xml:space="preserve">
          <span class="italic">признавая также</span>, что при осуществлении усилий в области миростроительства и поддержания мира необходимо учитывать аспекты, связанные с поощрением культуры мира, и наоборот,</p>
      </container>
      <container name="признавая далее " eId="container_14">
        <p xml:space="preserve">
          <span class="italic">признавая далее </span>важность уважения и понимания религиозного и культурного многообразия во всем мире, выбора диалога и переговоров, а не конфронтации, и совместной работы, а не противодействия друг другу,</p>
      </container>
      <container name="принимая к сведению" eId="container_15">
        <p xml:space="preserve">
          <span class="italic">принимая к сведению</span> доклад Генерального секретаря<authorialNote marker="8" placement="bottom" eId="authorialNote_8"><p xml:space="preserve"><a href="https://undocs.org/ru/A/74/476">A/74/476</a>.</p></authorialNote>, в котором содержится обзор деятельности основных структур Организации Объединенных Наций, занимающихся проблематикой, связанной с культурой мира, а также межрелигиозным и межкультурным диалогом, взаимопониманием и сотрудничеством на благо мира, со времени принятия Генеральной Ассамблеей своих резолюций <a href="https://undocs.org/ru/A/RES/73/126">73/126</a> и <a href="https://undocs.org/ru/A/RES/73/129">73/129</a> от 12 декабря 2018 года,</p>
      </container>
      <container name="напоминая " eId="container_16">
        <p xml:space="preserve">
          <span class="italic">напоминая </span>о том, что Организация Объединенных Наций по вопросам образования, науки и культуры провозгласила 21 февраля Международным днем родного языка в целях защиты, поощрения и сохранения языкового и культурного многообразия и многоязычия в интересах формирования и обогащения культуры мира, социальной гармонии, межкультурного диалога и взаимопонимания,</p>
      </container>
      <container name="напоминая также " eId="container_17">
        <p xml:space="preserve">
          <span class="italic">напоминая также </span>о том, что Организация Объединенных Наций по вопросам образования, науки и культуры провозгласила 30 апреля Международным днем джаза в целях развития и расширения межкультурных обменов и углубления межкультурного взаимопонимания для улучшения взаимопонимания, повышения уровня терпимости и поощрения культуры мира,</p>
      </container>
      <container name="приветствуя " eId="container_18">
        <p xml:space="preserve">
          <span class="italic">приветствуя </span>усилия международного сообщества по укреплению взаимопонимания через конструктивный диалог между цивилизациями, в частности путем реализации различных инициатив на местном, национальном, региональном и международном уровнях,</p>
      </container>
      <container name="выражая признательность" eId="container_19">
        <p xml:space="preserve">
          <span class="italic">выражая признательность</span> Альянсу цивилизаций Организации Объединенных Наций за его неустанные усилия по содействию формированию культуры мира посредством осуществления ряда практических проектов в областях, касающихся молодежи, образования, средств информации и миграции, совместно с правительствами, международными организациями, фондами и группами гражданского общества, а также средствами информации и частным сектором,</p>
      </container>
      <container name="принимая к сведению" eId="container_20">
        <p xml:space="preserve">
          <span class="italic">принимая к сведению</span> восьмой форум Альянса цивилизаций Организации Объединенных Наций, состоявшийся в Центральных учреждениях Организации Объединенных Наций 19 и 20 ноября 2018 года по теме «Приверженность диалогу: налаживание партнерских отношений в целях предупреждения конфликтов и сохранения мира»,</p>
      </container>
      <container name="принимая к сведению также" eId="container_21">
        <p xml:space="preserve">
          <span class="italic">принимая к сведению также</span> совещание Группы друзей Альянса цивилизаций Организации Объединенных Наций на тему «Актуальность работы Альянса цивилизаций Организации Объединенных Наций для превентивной деятельности Организации Объединенных Наций и ее отдача на местах», проведенное на уровне министров иностранных дел и руководителей международных организаций в Центральных учреждениях Организации Объединенных Наций 27 сентября 2019 года,</p>
      </container>
      <container name="приветствуя" eId="container_22">
        <p xml:space="preserve">
          <span class="italic">приветствуя</span> успешное проведение 13 сентября 2019 года созванного Председателем Ассамблеи Форума высокого уровня Генеральной Ассамблеи по культуре мира по случаю двадцатой годовщины принятия Декларации и Программы действий, на котором государства-члены акцентировали внимание на широком партнерстве и инклюзивном сотрудничестве между государствами-членами, международными организациями и гражданским обществом в интересах осуществления Декларации и Программы действий, и с удовлетворением принимая к сведению резюме Председателя о работе совещания на тему «Культура мира: расширение возможностей и преобразование человеческого общества»,</p>
      </container>
      <container name="с удовлетворением отмечая" eId="container_23">
        <p xml:space="preserve">
          <span class="italic">	с удовлетворением отмечая</span>, что Декларация и Программа действий в области культуры мира по-прежнему актуальны для решения современных глобальных проблем по всем трем основным направлениям деятельности Организации Объединенных Наций, которые являются взаимосвязанными и взаимоукрепляющими,</p>
      </container>
      <container name="приветствуя " eId="container_24">
        <p xml:space="preserve">
          <span class="italic">	приветствуя </span>проведение пленарного заседания высокого уровня Генеральной Ассамблеи, созванного Председателем Ассамблеи 24 сентября 2018 года и известного как Саммит мира в память о Нельсоне Манделе, и принятую на нем политическую декларацию<authorialNote marker="9" placement="bottom" eId="authorialNote_9"><p xml:space="preserve">		Резолюция <a href="http://www.un.org/en/ga/search/view_doc.asp?symbol=A/RES/73/1&amp;Lang=R">73/1</a>.</p></authorialNote>,</p>
      </container>
      <container name="признавая " eId="container_25">
        <p xml:space="preserve">
          <span class="italic">признавая </span>роль женщин и молодежи, а также вклад детей и пожилых лиц в продвижение культуры мира и, в частности, важность более широкого участия женщин в предотвращении и урегулировании конфликтов и в деятельности по поощрению культуры мира, в том числе в постконфликтных ситуациях,</p>
      </container>
      <container name="отмечая" eId="container_26">
        <p xml:space="preserve">
          <span class="italic">	отмечая</span> важный и позитивный вклад молодежи в усилия по борьбе с терроризмом и предотвращению насильственного экстремизма во всех случаях, когда он создает питательную среду для терроризма, а также в дело укрепления мира и безопасности,</p>
      </container>
      <container name="приветствуя " eId="container_27">
        <p xml:space="preserve">
          <span class="italic">приветствуя </span>принятие Генеральной конференцией Организации Объединенных Наций по вопросам образования, науки и культуры на ее тридцать шестой сессии программы действий в области культуры мира и ненасилия и отмечая, что цели этой программы действий согласуются с Декларацией и Программой действий в области культуры мира, принятыми Генеральной Ассамблеей,</p>
      </container>
      <container name="признавая" eId="container_28">
        <p xml:space="preserve">
          <span class="italic">	признавая</span> мероприятия Организации Объединенных Наций по вопросам образования, науки и культуры, связанные с культурой мира и ненасилия, и их сфокусированность на конкретных действиях на глобальном, региональном и субрегиональном уровнях и отмечая оказываемую ею поддержку государствам-членам, по их просьбе, в деле поощрения культуры мира на национальном уровне,</p>
      </container>
      <container name="отмечая " eId="container_29">
        <p xml:space="preserve">
          <span class="italic">отмечая </span>предпринятые гражданским обществом в сотрудничестве с правительствами инициативы по укреплению гражданского потенциала в целях повышения физической безопасности уязвимых групп населения, подвергающихся угрозе насилия, и содействия мирному разрешению споров,</p>
      </container>
      <container name="призывая " eId="container_30">
        <p xml:space="preserve">
          <span class="italic">призывая </span>к продолжению и наращиванию организациями гражданского общества по всему миру усилий и деятельности, направленных на пропаганду культуры мира, как это предусмотрено в Декларации и Программе действий,</p>
      </container>
    </preamble>
    <mainBody>
      <paragraph eId="para_31" class="MercuryDocument">
        <num>	1.</num>
        <content eId="para_31__content">
          <p xml:space="preserve">
            <span class="italic">вновь заявляет</span> о том, что цель эффективного осуществления Программы действий в области культуры мира<sup>2</sup> состоит в дальнейшем укреплении глобального движения в поддержку культуры мира после проведения Международного десятилетия культуры мира и ненасилия в интересах детей планеты (2001–2010 годы), и призывает все заинтересованные стороны уделять этой цели неослабное внимание;</p>
        </content>
      </paragraph>
      <paragraph eId="para_32" class="MercuryDocument">
        <num>	2.</num>
        <content eId="para_32__content">
          <p xml:space="preserve">
            <span class="italic">приветствует </span>включение вопроса о поощрении культуры мира в Повестку дня в области устойчивого развития на период до 2030 года<authorialNote marker="10" placement="bottom" eId="authorialNote_10"><p xml:space="preserve">		Резолюция <a href="file://unhq.un.org/shared/russian_wp51/MSWDocs/_2Semifinal/70/1">70/1</a>.</p></authorialNote>;</p>
        </content>
      </paragraph>
      <paragraph eId="para_33" class="MercuryDocument">
        <num>	3.</num>
        <content eId="para_33__content">
          <p xml:space="preserve">
            <span class="italic">предлагает </span>государствам-членам продолжать уделять повышенное внимание своей деятельности по содействию формированию культуры мира на национальном, региональном и международном уровнях и расширять такую деятельность, а также добиваться поощрения мира и ненасилия на всех уровнях;</p>
        </content>
      </paragraph>
      <paragraph eId="para_34" class="MercuryDocument">
        <num>	4.</num>
        <content eId="para_34__content">
          <p xml:space="preserve">
            <span class="italic">предлагает </span>структурам системы Организации Объединенных Наций, чтобы они, руководствуясь своими действующими мандатами, в соответствующих случаях включали определенные в Программе действий восемь областей деятельности в свои программы мероприятий, делая акцент на поощрении культуры мира и ненасилия на национальном, региональном и международном уровнях;</p>
        </content>
      </paragraph>
      <paragraph eId="para_35" class="MercuryDocument">
        <num>	5.</num>
        <content eId="para_35__content">
          <p xml:space="preserve">
            <span class="italic">высоко оценивает</span> деятельность Организации Объединенных Наций по вопросам образования, науки и культуры в целях укрепления усилий по мобилизации всех соответствующих заинтересованных сторон — в рамках системы Организации Объединенных Наций и за ее пределами — в поддержку культуры мира и предлагает Организации Объединенных Наций по вопросам образования, науки и культуры продолжать расширять коммуникационную и информационно-просветительную деятельность, в том числе с использованием веб-сайта, посвященного культуре мира;</p>
        </content>
      </paragraph>
      <paragraph eId="para_36" class="MercuryDocument">
        <num>	6.</num>
        <content eId="para_36__content">
          <p xml:space="preserve">
            <span class="italic">высоко оценивает также</span> практические инициативы и действия соответствующих органов Организации Объединенных Наций, в том числе Детского фонда Организации Объединенных Наций, Структуры Организации Объединенных Наций по вопросам гендерного равенства и расширения прав и возможностей женщин (Структуры «ООН-женщины») и Университета мира, а также их деятельность по дальнейшему содействию формированию культуры мира и ненасилия, включая содействие воспитанию в духе мира и деятельность, касающуюся конкретных областей, которые были определены в Программе действий, и призывает их продолжать и еще более активизировать и расширять прилагаемые ими усилия;</p>
        </content>
      </paragraph>
      <paragraph eId="para_37" class="MercuryDocument">
        <num>	7.</num>
        <content eId="para_37__content">
          <p xml:space="preserve">
            <span class="italic">подчеркивает</span>, что развитие детей в раннем возрасте способствует формированию более мирного общества благодаря продвижению идей равенства, терпимости, развития человеческого потенциала и поощрения прав человека, и призывает уделять особое внимание образованию детей в раннем возрасте, в том числе посредством проведения эффективной политики и принятия практических мер в интересах поощрения культуры мира;</p>
        </content>
      </paragraph>
      <paragraph eId="para_38" class="MercuryDocument">
        <num>	8.</num>
        <content eId="para_38__content">
          <p xml:space="preserve">
            <span class="italic">призывает</span> государства-члены, подразделения Организации Объединенных Наций, региональные и субрегиональные организации и соответствующих субъектов рассмотреть возможность создания механизмов для обеспечения участия молодежи в поощрении культуры мира, терпимости и межкультурного и межрелигиозного диалога, а также развивать, по мере необходимости, понимание уважения человеческого достоинства, плюрализма и разнообразия, в том числе, в надлежащих случаях, с помощью образовательных программ, что могло бы удерживать молодежь от участия в террористических актах и насильственном экстремизме, создающем питательную среду для терроризма, насилия, ксенофобии и всех форм дискриминации;</p>
        </content>
      </paragraph>
      <paragraph eId="para_39" class="MercuryDocument">
        <num>	9.</num>
        <content eId="para_39__content">
          <p xml:space="preserve">
            <span class="italic">рекомендует</span> Альянсу цивилизаций Организации Объединенных Наций активизировать свою деятельность, центральным элементом которой является воспитание в духе мира и глобальной гражданственности, в целях углубления понимания молодежью таких ценностей, как мир, терпимость, открытость, инклюзивность и взаимное уважение, которые имеют большое значение для формирования культуры мира;</p>
        </content>
      </paragraph>
      <paragraph eId="para_40" class="MercuryDocument">
        <num>	10.</num>
        <content eId="para_40__content">
          <p xml:space="preserve">
            <span class="italic">призывает</span> миростроительную архитектуру Организации Объединенных Наций продолжать содействовать деятельности в области миростроительства и сохранения мира в соответствии с резолюцией <a href="https://undocs.org/ru/A/RES/72/276">72/276</a> Ассамблеи и продвижению культуры мира и ненасилия в рамках усилий по постконфликтному миростроительству на страновом уровне;</p>
        </content>
      </paragraph>
      <paragraph eId="para_41" class="MercuryDocument">
        <num>	11.</num>
        <content eId="para_41__content">
          <p xml:space="preserve">
            <span class="italic">настоятельно призывает</span> соответствующие органы обеспечивать организацию в детских учебных заведениях учебно-воспитательной работы, направленной на формирование культуры мира и ненасилия, с учетом возрастной специфики детей, включая проведение уроков, посвященных взаимопониманию, уважению, терпимости, формированию активной позиции и основам глобальной гражданственности и правам человека;</p>
        </content>
      </paragraph>
      <paragraph eId="para_42" class="MercuryDocument">
        <num>	12.</num>
        <content eId="para_42__content">
          <p xml:space="preserve">
            <span class="italic">поддерживает </span>вовлечение средств информации, особенно средств массовой информации, в деятельность по поощрению культуры мира и ненасилия с уделением особого внимания детям и молодежи;</p>
        </content>
      </paragraph>
      <paragraph eId="para_43" class="MercuryDocument">
        <num>	13.</num>
        <content eId="para_43__content">
          <p xml:space="preserve">
            <span class="italic">высоко оценивает</span> деятельность гражданского общества, неправительственных организаций и молодежи по дальнейшему поощрению культуры мира и ненасилия, в том числе в рамках проводимой ими кампании по повышению информированности по вопросам, касающимся культуры мира и мирного разрешения споров;</p>
        </content>
      </paragraph>
      <paragraph eId="para_44" class="MercuryDocument">
        <num>	14.</num>
        <content eId="para_44__content">
          <p xml:space="preserve">
            <span class="italic">призывает </span>гражданское общество и неправительственные организации продолжать наращивать усилия по поощрению культуры мира, в том числе путем принятия собственной программы действий, дополняющей инициативы государств-членов, организаций системы Организации Объединенных Наций и других международных и региональных организаций в соответствии с Декларацией<sup>1</sup> и Программой действий в области культуры мира;</p>
        </content>
      </paragraph>
      <paragraph eId="para_45" class="MercuryDocument">
        <num>	15.</num>
        <content eId="para_45__content">
          <p xml:space="preserve">
            <span class="italic">предлагает </span>государствам-членам, всем структурам системы Организации Объединенных Наций и организациям гражданского общества уделять повышенное внимание проведению 21 сентября каждого года Международного дня мира как дня глобального прекращения огня и отказа от насилия в соответствии с ее резолюцией <a href="https://undocs.org/ru/A/RES/55/282">55/282</a> от 7 сентября 2001 года, а 2 октября каждого года — Международного дня ненасилия в соответствии с ее резолюцией <a href="https://undocs.org/ru/A/RES/61/271">61/271</a> от 15 июня 2007 года;</p>
        </content>
      </paragraph>
      <paragraph eId="para_46" class="MercuryDocument">
        <num>	16.</num>
        <content eId="para_46__content">
          <p xml:space="preserve">
            <span class="italic">вновь просит </span>Председателя Генеральной Ассамблеи рассмотреть возможность проведения 13 сентября или примерно в этих числах, в надлежащем порядке и в пределах имеющихся ресурсов, форума высокого уровня, посвященного осуществлению Программы действий, в связи с очередной годовщиной ее принятия и просит Секретариат оказать необходимую материально-техническую поддержку для его эффективной организации в рамках соответствующих мандатов и имеющихся ресурсов;</p>
        </content>
      </paragraph>
      <paragraph eId="para_47" class="MercuryDocument">
        <num>	17.</num>
        <content eId="para_47__content">
          <p xml:space="preserve">
            <span class="italic">приветствует</span> созыв Председателем Генеральной Ассамблеи на ее семьдесят третьей сессии 13 сентября 2019 года, как это предусмотрено ее резолюцией <a href="https://undocs.org/ru/A/RES/73/126">73/126</a>, Форума высокого уровня по культуре мира по случаю двадцатой годовщины принятия Декларации и Программы действий, посвященного осуществлению единогласно принятых два десятилетия назад Декларации и Программы действий, в которой содержится призыв к действиям на всех уровнях –– индивидуальном, семейном, общинном, национальном, региональном и глобальном;</p>
        </content>
      </paragraph>
      <paragraph eId="para_48" class="MercuryDocument">
        <num>	18.</num>
        <content eId="para_48__content">
          <p xml:space="preserve">
            <span class="italic">с удовлетворением отмечает</span> в этой связи, что Форум высокого уровня предоставил государствам-членам, учреждениям системы Организации Объединенных Наций, гражданскому обществу, неправительственным организациям и всем соответствующим заинтересованным сторонам возможность обменяться идеями и внести предложения о путях формирования и дальнейшего развития культуры мира в XXI веке, и признает, что тема Форума высокого уровня «Культура мира: расширение возможностей и преобразование человечества» отражает непреходящую ценность культуры мира, в частности для полного и эффективного осуществления Повестки дня в области устойчивого развития на период до 2030 года;</p>
        </content>
      </paragraph>
      <paragraph eId="para_49" class="MercuryDocument">
        <num>	19.</num>
        <content eId="para_49__content">
          <p xml:space="preserve">
            <span class="italic">предлагает </span>Генеральному секретарю за счет имеющихся ресурсов, в консультации с государствами-членами и с учетом замечаний организаций гражданского общества проанализировать механизмы и стратегии, в частности стратегии в сфере информационно-коммуникационных технологий, для осуществления Декларации и Программы действий и начать агитационно-пропагандистскую работу в целях повышения глобальной осведомленности о Программе действий и определенных в ней восьми областях деятельности по их осуществлению, в том числе в рамках мероприятий по информированию общественности Департамента глобальных коммуникаций Секретариата;</p>
        </content>
      </paragraph>
      <paragraph eId="para_50" class="MercuryDocument">
        <num>	20.</num>
        <content eId="para_50__content">
          <p xml:space="preserve">
            <span class="italic">просит </span>Генерального секретаря представить Генеральной Ассамблее на ее семьдесят пятой сессии за счет имеющихся ресурсов доклад о мерах, принятых государствами-членами для осуществления настоящей резолюции, на основе представленной ими информации, а также мерах, принятых в этих целях всеми соответствующими структурами Организации Объединенных Наций на общесистемном уровне, и об активизации деятельности Организации и связанных с ней учреждений по осуществлению Программы действий и поощрению культуры мира и ненасилия;</p>
        </content>
      </paragraph>
      <paragraph eId="para_51" class="MercuryDocument">
        <num>	21.</num>
        <content eId="para_51__content">
          <p xml:space="preserve">
            <span class="italic">постановляет </span>включить в предварительную повестку дня своей семьдесят пятой сессии пункт, озаглавленный «Культура мира».</p>
        </content>
      </paragraph>
    </mainBody>
    <conclusions eId="conclusions">
      <p>
        <inline name="adoptionMeeting" title="45-e">45-e пленарное заседание</inline>
        <eol />
        <docDate date="2019-12-12" refersTo="#adoptionDate">12 декабря 2019 года</docDate>
      </p>
    </conclusions>
  </statement>
</akomaNtoso>