<akomaNtoso xmlns:xsi="http://www.w3.org/2001/XMLSchema-instance" xsi:schemaLocation="http://docs.oasis-open.org/legaldocml/ns/akn/3.0 http://docs.oasis-open.org/legaldocml/akn-core/v1.0/os/part2-specs/schemas/akomantoso30.xsd" xmlns="http://docs.oasis-open.org/legaldocml/ns/akn/3.0" xmlns:html="http://www.w3.org/1999/xhtml" xmlns:akn4un="http://un.org/akn4un">
  <statement name="resolution">
    <meta>
      <identification source="#DGACM">
        <FRBRWork>
          <FRBRthis value="/akn/un/statement/deliberation/unga/2019-12-19/74-217/!main/"></FRBRthis>
          <FRBRuri value="/akn/un/statement/deliberation/unga/2019-12-19/74-217/"></FRBRuri>
          <FRBRdate date="2019-12-19" name="adoption"></FRBRdate>
          <FRBRauthor href="ga" as="author"></FRBRauthor>
          <FRBRcountry value="un"></FRBRcountry>
        </FRBRWork>
        <FRBRExpression>
          <FRBRthis value="/akn/un/statement/deliberation/unga/2019-12-19/74-217/rus@!main/"></FRBRthis>
          <FRBRuri value="/akn/un/statement/deliberation/unga/2019-12-19/74-217/rus@/"></FRBRuri>
          <FRBRdate date="2020-01-21" name="publication"></FRBRdate>
          <FRBRauthor href="ga" as="issuer"></FRBRauthor>
          <FRBRlanguage language="rus"></FRBRlanguage>
        </FRBRExpression>
        <FRBRManifestation>
          <FRBRthis value="/akn/un/statement/deliberation/unga/2019-12-19/74-217/rus@/!main.xml"></FRBRthis>
          <FRBRuri value="/akn/un/statement/deliberation/unga/2019-12-19/74-217/rus@.xml"></FRBRuri>
          <FRBRdate date="2020-08-29" name="markup"></FRBRdate>
          <FRBRauthor href="DGACM" as="editor"></FRBRauthor>
        </FRBRManifestation>
      </identification>
      <classification source="http://metadata.un.org/sdg">
        <keyword value="2" href="http://metadata.un.org/sdg/2" showAs="sdg_2" dictionary="SDGO"></keyword>
        <keyword value="food_shortage" href="http://eurovoc.europa.eu/2318" showAs="food_shortage" dictionary="EuroVoc"></keyword>
        <keyword value="sustainable_agriculture" href="http://eurovoc.europa.eu/6308" showAs="sustainable_agriculture" dictionary="EuroVoc"></keyword>
        <keyword value="food_security" href="http://eurovoc.europa.eu/c_4523e1dd" showAs="food_security" dictionary="EuroVoc"></keyword>
        <keyword value="food_security" href="http://metadata.un.org/thesaurus/1002439" showAs="food_security" dictionary="UNBIS Thesaurus"></keyword>
        <keyword value="food_shortage" href="http://metadata.un.org/thesaurus/1002440" showAs="food_shortage" dictionary="UNBIS Thesaurus"></keyword>
        <keyword value="hunger" href="http://metadata.un.org/thesaurus/1003004" showAs="hunger" dictionary="UNBIS Thesaurus"></keyword>
        <keyword value="sustainable_agriculture" href="http://metadata.un.org/thesaurus/1006317" showAs="sustainable_agriculture" dictionary="UNBIS Thesaurus"></keyword>
      </classification>
      <classification source="http://metadata.un.org/sdg">
        <keyword value="14" href="http://metadata.un.org/sdg/14" showAs="sdg_14" dictionary="SDGO"></keyword>
        <keyword value="marine_life" href="http://eurovoc.europa.eu/3149" showAs="marine_life" dictionary="EuroVoc"></keyword>
        <keyword value="marine_environment" href="http://eurovoc.europa.eu/5742" showAs="marine_environment" dictionary="EuroVoc"></keyword>
        <keyword value="ocean" href="http://eurovoc.europa.eu/2107" showAs="ocean" dictionary="EuroVoc"></keyword>
        <keyword value="sea" href="http://eurovoc.europa.eu/1870" showAs="sea" dictionary="EuroVoc"></keyword>
        <keyword value="marine_resources" href="http://metadata.un.org/thesaurus/030800" showAs="marine_resources" dictionary="UNBIS Thesaurus"></keyword>
        <keyword value="marine_resources" href="http://metadata.un.org/thesaurus/1003922" showAs="marine_resources" dictionary="UNBIS Thesaurus"></keyword>
        <keyword value="oceans_and_seas" href="http://metadata.un.org/thesaurus/170600" showAs="oceans_and_seas" dictionary="UNBIS Thesaurus"></keyword>
      </classification>
      <classification source="http://metadata.un.org/sdg">
        <keyword value="16" href="http://metadata.un.org/sdg/16" showAs="sdg_16" dictionary="SDGO"></keyword>
        <keyword value="right_to_justice" href="http://eurovoc.europa.eu/516" showAs="right_to_justice" dictionary="EuroVoc"></keyword>
        <keyword value="sustainable_development" href="http://eurovoc.europa.eu/5585" showAs="sustainable_development" dictionary="EuroVoc"></keyword>
        <keyword value="civil_society" href="http://metadata.un.org/thesaurus/1001012" showAs="civil_society" dictionary="UNBIS Thesaurus"></keyword>
        <keyword value="justice" href="http://metadata.un.org/thesaurus/1003500" showAs="justice" dictionary="UNBIS Thesaurus"></keyword>
        <keyword value="peaceful_coexistence" href="http://metadata.un.org/thesaurus/1004777" showAs="peaceful_coexistence" dictionary="UNBIS Thesaurus"></keyword>
        <keyword value="public_institutions" href="http://metadata.un.org/thesaurus/1005254" showAs="public_institutions" dictionary="UNBIS Thesaurus"></keyword>
        <keyword value="social_justice" href="http://metadata.un.org/thesaurus/1005970" showAs="social_justice" dictionary="UNBIS Thesaurus"></keyword>
        <keyword value="sustainable_development" href="http://metadata.un.org/thesaurus/1006319" showAs="sustainable_development" dictionary="UNBIS Thesaurus"></keyword>
      </classification>
      <classification source="http://metadata.un.org/sdg">
        <keyword value="17" href="http://metadata.un.org/sdg/17" showAs="sdg_17" dictionary="SDGO"></keyword>
        <keyword value="sustainable_development" href="http://eurovoc.europa.eu/5585" showAs="sustainable_development" dictionary="EuroVoc"></keyword>
        <keyword value="partnership" href="http://eurovoc.europa.eu/4199" showAs="partnership" dictionary="EuroVoc"></keyword>
        <keyword value="sustainable_development" href="http://metadata.un.org/thesaurus/1006319" showAs="sustainable_development" dictionary="UNBIS Thesaurus"></keyword>
        <keyword value="partnership" href="http://metadata.un.org/thesaurus/1004748" showAs="partnership" dictionary="UNBIS Thesaurus"></keyword>
      </classification>
      <workflow source="#un">
        <step date="2019-11-20" outcome="draftResolution" as="A/C.2/74/L.60" by="submitted by the Vice-Chair of the Committee" />
        <step date="0001-01-01" outcome="draftResolutionAdditionalSponsors" by="" />
        <step date="0001-01-01" outcome="recommendedForAdoption" as="A/74/381/Add.2" by="" refersTo="9" />
        <step date="2019-12-19" outcome="adopted" as="A/74/PV.52" by="" />
      </workflow>
      <analysis source="#un">
        <parliamentary>
          <voting outcome="adoptedWithoutVote">
            <quorum value=""></quorum>
          </voting>
        </parliamentary>
      </analysis>
      <references source="#DGACM">
        <TLCOrganization eId="source" href="/akn/ontology/organization/un/DGACM" showAs="DGACM"></TLCOrganization>
        <TLCConcept eId="dateOfIssuance" href="/akn/ontology/concept/un/dateOfIssuance" showAs="Date of issuance"></TLCConcept>
        <TLCConcept eId="dateOfAdoption" href="/akn/ontology/concept/un/dateOfAdoption" showAs="Date of adoption"></TLCConcept>
        <TLCConcept eId="symbol" href="/akn/ontology/reference/un/symbol" showAs="Symbol"></TLCConcept>
        <TLCRole eId="publisher" href="/akn/ontology/role/un/publisher" showAs="Publisher"></TLCRole>
        <TLCRole eId="issuingBody" href="/akn/role/concept/un/issuingBody" showAs="Issuing body"></TLCRole>
        <TLCRole eId="author" href="/akn/ontology/role/un/author" showAs="Author"></TLCRole>
        <TLCRole eId="editor" href="/akn/ontology/role/un/editor" showAs="Editor"></TLCRole>
        <TLCRole eId="distribution" href="/akn/ontology/concept/un/generalDistribution" showAs="General distribution"></TLCRole>
        <TLCOrganization eId="ga" href="/akn/ontology/organization/un/generalAssembly" showAs="General Assembly"></TLCOrganization>
        <TLCTerm eId="resolutionTitle" href="/akn/ontology/reference/un/resolutionTitle" showAs="Resolution title"></TLCTerm>
        <TLCTerm eId="secondCommittee" href="#secondCommittee" showAs="Второй комитет"></TLCTerm>
        <TLCTerm eId="memberState" href="/akn/ontology/organization/un/memberState" showAs="Member State"></TLCTerm>
        <TLCTerm eId="inFavour" href="/akn/ontology/concept/un/voting/inFavour" showAs="In favour"></TLCTerm>
        <TLCTerm eId="against" href="/akn/ontology/concept/un/voting/against" showAs="Against"></TLCTerm>
        <TLCTerm eId="abstaining" href="/akn/ontology/concept/un/voting/abstaining" showAs="Abstaining"></TLCTerm>
      </references>
      <presentation source="#un">
        <akn4un:footerFirstPage>
          <akn4un:footerFirstPageLeft>
            <akn4un:internalCode>
              <docketNumber refersTo="#publicationJobNumber">19-22486 (R)</docketNumber>
              <img alt="bar code" class="barCode" src=""></img>
            </akn4un:internalCode>
          </akn4un:footerFirstPageLeft>
          <akn4un:footerFirstPageRight>
            <img alt="Please recycle" class="image" src="./recylcleLogo.jpg"></img>
            <img alt="embedded QR code" class="qrCode" src=""></img>
          </akn4un:footerFirstPageRight>
        </akn4un:footerFirstPage>
      </presentation>
    </meta>
    <coverPage eId="coverPage_1">
      <p>
        <span refersTo="#publisher" class="upperLeft">
          <docAuthority refersTo="#publisher">Организация Объединенных Наций</docAuthority>
        </span>
      </p>
      <p class="upperRight">
        <docNumber refersTo="#symbol">A/RES/74/217</docNumber>
      </p>
      <p class="upperLeft">
        <img src="logo-un.jpg"></img>
        <docAuthority refersTo="#issuingBody" class="rightBig">Генеральная Ассамблея</docAuthority>
      </p>
      <p>
        <docStatus refersTo="#generalDistribution" class="rightSmall">Distr.: General</docStatus>
      </p>
      <p>
        <docDate date="2020-01-21" class="rightSmall" refersTo="#dateOfIssuance">21 January 2020</docDate>
      </p>
      <p>
        <session refersTo="#generalAssembly" value="74" eId="coverPage_1__session_1">Семьдесят четвертая сессия</session>
      </p>
      <p>
        <inline name="agenda item">Пункт 19 b) повестки дня</inline>
      </p>
      <p>
        <inline name="agenda item name">Реализация Программы действий по ускоренному развитию малых островных развивающихся государств («Путь Самоа») и Маврикийской стратегии по дальнейшему осуществлению Программы действий по обеспечению устойчивого развития малых островных развивающихся государств и последующая деятельность в этой области</inline>
      </p>
      <p>
        <docTitle>Резолюция, принятая Генеральной Ассамблеей 19 декабря 2019 года</docTitle>
      </p>
      <p xml:space="preserve">
        <docProponent refersTo="#secondCommittee">[по докладу Второго комитета (<inline name="originating document">A/74/381/Add.2</inline>)]</docProponent>
      </p>
    </coverPage>
    <preface>
      <p>
        <docNumber>74/217.</docNumber>
        <docTitle refersTo="#resolutionTitle">Реализация Программы действий по ускоренному развитию малых островных развивающихся государств («Путь Самоа») и Маврикийской стратегии по дальнейшему осуществлению Программы действий по обеспечению устойчивого развития малых островных развивающихся государств и последующая деятельность в этой области</docTitle>
      </p>
    </preface>
    <preamble>
      <formula name="enactingFormula" eId="formula_1">
        <p xml:space="preserve">
          <span class="italic">Генеральная Ассамблея</span>,</p>
      </formula>
      <container name="подтверждая" eId="container_2">
        <p xml:space="preserve">
          <span class="italic">подтверждая</span>, что Программа действий по ускоренному развитию малых островных развивающихся государств («Путь Самоа»)<authorialNote marker="1" placement="bottom" eId="authorialNote_1"><p xml:space="preserve">		Резолюция <a href="https://undocs.org/ru/A/RES/69/15">69/15</a>, приложение.</p></authorialNote> представляет собой самостоятельный, всеохватывающий рамочный документ, в котором изложены приоритетные задачи устойчивого развития малых островных развивающихся государств и который опирается на Программу действий по обеспечению устойчивого развития малых островных развивающихся государств<authorialNote marker="2" placement="bottom" eId="authorialNote_2"><p xml:space="preserve"><span class="italic">		Доклад Глобальной конференции по устойчивому развитию малых островных развивающихся государств, Бриджтаун, Барбадос, 25 апреля — 6 мая 1994 года</span> (издание Организации Объединенных Наций, в продаже под № R.94.I.18 и исправление), гл. I, резолюция 1, приложение II.</p></authorialNote> и Маврикийскую стратегию по дальнейшему осуществлению Программы действий по обеспечению устойчивого развития малых островных развивающихся государств<authorialNote marker="3" placement="bottom" eId="authorialNote_3"><p xml:space="preserve"><span class="italic">		Доклад Международного совещания для обзора осуществления Программы действий по обеспечению устойчивого развития малых островных развивающихся государств, Порт‑Луи, Маврикий, 10–14 января 2005 года</span> (издание Организации Объединенных Наций, в продаже под № R.05.II.A.4 и исправление), гл. I, резолюция 1, приложение II.</p></authorialNote>, и учитывая далее, что Программа «Путь Самоа» согласуется с Повесткой дня в области устойчивого развития на период до 2030 года<authorialNote marker="4" placement="bottom" eId="authorialNote_4"><p xml:space="preserve">		Резолюция <a href="https://undocs.org/ru/A/RES/70/1">70/1</a>.</p></authorialNote>, в том числе с Аддис-Абебской программой действий третьей Международной конференции по финансированию развития<authorialNote marker="5" placement="bottom" eId="authorialNote_5"><p xml:space="preserve">		Резолюция <a href="https://undocs.org/ru/A/RES/69/313">69/313</a>, приложение.</p></authorialNote>, и увязана с Сендайской рамочной программой по снижению риска бедствий на период 2015–2030 годов<authorialNote marker="6" placement="bottom" eId="authorialNote_6"><p xml:space="preserve">		Резолюция <a href="https://undocs.org/ru/A/RES/69/283">69/283</a>, приложение II.</p></authorialNote>, Новой программой развития городов<authorialNote marker="7" placement="bottom" eId="authorialNote_7"><p xml:space="preserve">		Резолюция <a href="https://undocs.org/ru/A/RES/71/256">71/256</a>, приложение.</p></authorialNote> и Парижским соглашением, принятым под эгидой Рамочной конвенции Организации Объединенных Наций об изменении климата<authorialNote marker="8" placement="bottom" eId="authorialNote_8"><p xml:space="preserve">		См. <a href="https://undocs.org/ru/FCCC/CP/2015/10/Add.1">FCCC/CP/2015/10/Add.1</a>, решение 1/CP.21, приложение.</p></authorialNote>,</p>
      </container>
      <container name="подтверждая также" eId="container_3">
        <p xml:space="preserve">
          <span class="italic">	подтверждая также</span>, что малые островные развивающиеся государства представляют собой особую категорию стран с точки зрения устойчивого развития, вновь заявляя в этой связи о своей солидарности с этими странами, которые продолжают сталкиваться с целым комплексом проблем, связанных, в частности, с их географической удаленностью, малыми размерами их экономики, высокими издержками и неблагоприятными последствиями климатических изменений и стихийных бедствий, и продолжая испытывать особую обеспокоенность в связи с тем, что многие малые островные развивающиеся государства не вышли на высокий уровень поступательного экономического роста, что отчасти объясняется их уязвимостью перед лицом постоянных негативных последствий экологических проблем и внешних экономических и финансовых потрясений,</p>
      </container>
      <container name="принимая во внимание" eId="container_4">
        <p xml:space="preserve">
          <span class="italic">принимая во внимание</span> необходимость принятия срочных мер по борьбе с неблагоприятными последствиями изменения климата, в том числе с последствиями, связанными с повышением уровня моря и экстремальными погодными явлениями, которые по‑прежнему создают серьезную опасность для малых островных развивающихся государств и для их усилий по достижению цели устойчивого развития, а для многих из этих стран — серьезнейшую угрозу самому существованию и выживанию, в том числе — для некоторых из этих стран — вследствие утраты территории, а также в результате возникающих угроз для обеспеченности водой и для продовольственной безопасности и питания,</p>
      </container>
      <container name="с обеспокоенностью принимая к сведению" eId="container_5">
          <p xml:space="preserve">
            <span class="italic">с обеспокоенностью принимая к сведению</span> выводы, содержащиеся в недавних докладах Межправительственной группы экспертов по изменению климата, в частности в специальных докладах “Global Warming of 1.5°C” («Глобальное потепление на 1,5°C»), “Climate Change and Land” («Изменение климата и состояние суши») и “The Ocean and Cryosphere in a Changing Climate” («Океаны и ледовый покров Земли в условиях изменения климата»),</p>
        </container>
      <container name="с удовлетворением отмечая" eId="container_6">
        <p xml:space="preserve">
          <span class="italic">	с удовлетворением отмечая</span> проведение 23 сентября созванного Генеральным секретарем Саммита по борьбе с изменением климата 2019 года, отмечая представленные на нем многосторонние инициативы и обязательства, отмечая также проведение 21 сентября Молодежного саммита по климату и подчеркивая неотложную необходимость повышать способность малых островных развивающихся государств к адаптации к изменению климата и их устойчивость к нему и снижать их уязвимость для изменения климата,</p>
      </container>
      <container name="отмечая " eId="container_7">
        <p xml:space="preserve">
          <span class="italic">	отмечая </span>важное значение океанов, морей и морских ресурсов для малых островных развивающихся государств и признавая их усилия по разработке и осуществлению стратегий сохранения и рационального использования океанов и их ресурсов, подтверждая в этой связи призыв, содержащийся в декларации под названием «Наш океан — наше будущее: призыв к действиям»<authorialNote marker="9" placement="bottom" eId="authorialNote_9"><p xml:space="preserve">		Резолюция <a href="https://undocs.org/ru/A/RES/71/312">71/312</a>, приложение.</p></authorialNote> и рекомендуя выполнить добровольные обязательства, принятые в рамках Конференции Организации Объединенных Наций по содействию достижению цели 14 в области устойчивого развития «Сохранение и рациональное использование океанов, морей и морских ресурсов в интересах устойчивого развития», и ссылаясь на решение о созыве конференции 2000 года<authorialNote marker="10" placement="bottom" eId="authorialNote_10"><p xml:space="preserve">		Резолюция <a href="https://undocs.org/ru/A/RES/73/292">73/292</a>.</p></authorialNote>,</p>
      </container>
      <container name="с обеспокоенностью отмечая " eId="container_8">
        <p xml:space="preserve">
          <span class="italic">	с обеспокоенностью отмечая </span>выводы, сделанные Межправительственной научно-политической платформой по биоразнообразию и экосистемным услугам, и с интересом ожидая проведения саммита по биологическому разнообразию, призванного высветить необходимость принятия срочных мер на самых высоких уровнях в поддержку реализации глобальной рамочной программы в области биологического разнообразия на период после 2020 года,</p>
      </container>
      <container name="подчеркивая " eId="container_9">
        <p xml:space="preserve">
          <span class="italic">подчеркивая </span>важность ликвидации нищеты во всех ее формах и проявлениях, включая крайнюю нищету, и отмечая, что ликвидация нищеты является важнейшей глобальной задачей и одним из необходимых условий устойчивого развития, а также всеобъемлющей целью Повестки дня на период до 2030 года в отношении малых островных развивающихся государств и других развивающихся стран,</p>
      </container>
      <container name="принимая во внимание " eId="container_10">
        <p xml:space="preserve">
          <span class="italic">принимая во внимание </span>содействие и поддержку, которые на протяжении длительного времени оказывает международное сообщество и которые в значительной степени помогают малым островным развивающимся государствам решать свои проблемы, связанные с факторами уязвимости, и поддерживают прилагаемые ими усилия в области устойчивого развития, и ссылаясь на пункт 19 Программы «Путь Самоа», в котором содержится призыв укреплять такое содействие, и на пункт 22 Программы «Путь Самоа», в котором подчеркивается безотлагательный характер нахождения новых путей решения крупных проблем, стоящих перед малыми островными развивающимися государствами,</p>
      </container>
      <container name="подтверждая" eId="container_11">
        <p xml:space="preserve">
          <span class="italic">подтверждая</span> необходимость дальнейшего продвижения идеи устойчивого развития на всех уровнях, предполагающего интеграцию экономического, социального и экологического компонентов и учет существующих между ними взаимосвязей, с тем чтобы создать для малых островных развивающихся государств условия для достижения цели устойчивого развития во всех его компонентах,</p>
      </container>
    </preamble>
    <mainBody>
      <paragraph eId="para_12" class="MercuryDocument">
        <num>	1.</num>
        <content eId="para_12__content">
          <p xml:space="preserve">
            <span class="italic">принимает к сведению</span> доклад Генерального секретаря<authorialNote marker="11" placement="bottom" eId="authorialNote_11"><p xml:space="preserve"><a href="https://undocs.org/ru/A/74/66">A/74/66</a>.</p></authorialNote>;</p>
        </content>
      </paragraph>
      <paragraph eId="para_13" class="MercuryDocument">
        <num>	2.</num>
        <content eId="para_13__content">
          <p xml:space="preserve">
            <span class="italic">с удовлетворением отмечает </span>созыв 27 сентября 2019 года совещания высокого уровня для обзора прогресса, достигнутого в решении первоочередных задач малых островных развивающихся государств в рамках осуществления Программы действий по ускоренному развитию малых островных развивающихся государств («Путь Самоа»)<sup>1</sup>, и принятие 10 октября 2019 года политической декларации<authorialNote marker="12" placement="bottom" eId="authorialNote_12"><p xml:space="preserve">		Резолюция <a href="https://undocs.org/ru/A/RES/74/3">74/3</a>.</p></authorialNote> этого совещания, в которой главы государств и правительств подтвердили приверженность укреплению поддержки малых островных развивающихся государств и сотрудничества с ними в контексте устойчивого развития в соответствии с их национальными стратегиями и приоритетами в области развития, и с интересом ожидает воплощения в жизнь призывов, прозвучавших в политической декларации;</p>
        </content>
      </paragraph>
      <paragraph eId="para_14" class="MercuryDocument">
        <num>	3.</num>
        <content eId="para_14__content">
          <p xml:space="preserve">
            <span class="italic">напоминает </span>об обращенном к Генеральной Ассамблее, Экономическому и Социальному Совету и их вспомогательным органам призыве контролировать полное осуществление Барбадосской декларации<authorialNote marker="13" placement="bottom" eId="authorialNote_13"><p xml:space="preserve"><span class="italic">Доклад Глобальной конференции по устойчивому развитию малых островных развивающихся государств, Бриджтаун, Барбадос, 25 апреля — 6 мая 1994 года</span> (издание Организации Объединенных Наций, в продаже под № R.94.I.18 и исправление), гл. I, резолюция 1, приложение I.</p></authorialNote> и Программы действий по обеспечению устойчивого развития малых островных развивающихся государств<sup>2</sup>, Маврикийской стратегии по дальнейшему осуществлению Программы действий по обеспечению устойчивого развития малых островных развивающихся государств<sup>3</sup> и Программы «Путь Самоа», в том числе через контрольные механизмы региональных комиссий, и с интересом ожидает проведения на политическом форуме высокого уровня по устойчивому развитию 2020 года обсуждения проблем в области устойчивого развития, стоящих перед малыми островными развивающимся государствами, в целях активизации взаимодействия и выполнения принятых обязательств;</p>
        </content>
      </paragraph>
      <paragraph eId="para_15" class="MercuryDocument">
        <num>	4.</num>
        <content eId="para_15__content">
          <p xml:space="preserve">
            <span class="italic">отмечает</span> первоначальные выводы Объединенной инспекционной группы о том, что за период, в течение которого мандаты подразделений, занимающихся малыми островными развивающимися государствами в Департаменте по экономическим и социальным вопросам Секретариата и в Канцелярии Высокого представителя по наименее развитым странам, развивающимся странам, не имеющим выхода к морю, и малым островным развивающимся государствам, значительно расширились, объем ресурсов не увеличился<authorialNote marker="14" placement="bottom" eId="authorialNote_14"><p xml:space="preserve">		См. <a href="https://undocs.org/ru/A/71/324">A/71/324</a>, <a href="https://undocs.org/ru/A/71/324/Corr.1">A/71/324/Corr.1</a> и <a href="https://undocs.org/ru/A/71/324/Add.1">A/71/324/Add.1</a>.</p></authorialNote>;</p>
        </content>
      </paragraph>
      <paragraph eId="para_16" class="MercuryDocument">
        <num>	5.</num>
        <content eId="para_16__content">
          <p xml:space="preserve">
            <span class="italic">с озабоченностью отмечает</span> выводы и заключения по итогам оценки потребностей, обусловленных расширением мандатов подразделений, которые занимаются малыми островными развивающимися государствами в Департаменте по экономическим и социальным вопросам и в Канцелярии Высокого представителя;</p>
        </content>
      </paragraph>
      <paragraph eId="para_17" class="MercuryDocument">
        <num>	6.</num>
        <content eId="para_17__content">
          <p xml:space="preserve">
            <span class="italic">призывает </span>к скорейшему принятию в соответствии с Парижским соглашением<sup>8</sup> масштабных глобальных мер для устранения угрозы, которую представляет изменение климата для малых островных развивающихся государств, и для решения проблемы воздействия климатических изменений на эти государства;</p>
        </content>
      </paragraph>
      <paragraph eId="para_18" class="MercuryDocument">
        <num>	7.</num>
        <content eId="para_18__content">
          <p xml:space="preserve">
            <span class="italic">с удовлетворением отмечает</span> неизменно демонстрируемую международным сообществом решимость предпринимать безотлагательные и конкретные шаги для преодоления факторов уязвимости малых островных развивающихся государств и продолжать согласованный поиск новых решений крупных проблем, стоящих перед ними, в интересах содействия полному осуществлению Программы «Путь Самоа»;</p>
        </content>
      </paragraph>
      <paragraph eId="para_19" class="MercuryDocument">
        <num>	8.</num>
        <content eId="para_19__content">
          <p xml:space="preserve">
            <span class="italic">обращает особое внимание</span> на необходимость уделять должное внимание проблемам малых островных развивающихся государств и вызывающим их озабоченность вопросам в контексте всех крупных конференций и процессов Организации Объединенных Наций по этой тематике и соответствующей работы системы развития Организации Объединенных Наций и призывает публиковать, в надлежащих случаях, во всех основных докладах Организации Объединенных Наций разукрупненную информацию, имеющую конкретное отношение к малым островным развивающимся государствам;</p>
        </content>
      </paragraph>
      <paragraph eId="para_20" class="MercuryDocument">
        <num>	9.</num>
        <content eId="para_20__content">
          <p xml:space="preserve">
            <span class="italic">вновь указывает</span>, что многие малые островные развивающиеся государства по-прежнему сталкиваются с неблагоприятными последствиями климатических изменений и стихийных бедствий, и в этой связи признает существующие экономические проблемы, в том числе неприемлемо высокие уровни задолженности, отчасти обусловленные экстремальными погодными явлениями и медленно надвигающимися бедствиями;</p>
        </content>
      </paragraph>
      <paragraph eId="para_21" class="MercuryDocument">
        <num>	10.</num>
        <content eId="para_21__content">
          <p xml:space="preserve">
            <span class="italic">	 призывает</span> Генерального секретаря провести, в консультации с государствами-членами, всеми соответствующими структурами системы Организации Объединенных Наций и другими соответствующими заинтересованными сторонами, исследование условий предоставления финансирования и поддержки в связи с бедствиями с целью возможного создания целевого добровольного фонда, механизма или финансового инструмента для борьбы с бедствиями, в координации с существующими механизмами и в дополнение к ним, для оказания помощи малым островным развивающимся государствам в управлении риском бедствий и более быстром восстановлении после бедствий и представить доклад о результатах этого исследования на семьдесят шестой сессии Генеральной Ассамблеи;</p>
        </content>
      </paragraph>
      <paragraph eId="para_22" class="MercuryDocument">
        <num>	11.</num>
        <content eId="para_22__content">
          <p xml:space="preserve">
            <span class="italic">подтверждает</span>, что официальная помощь в целях развития, как техническая, так и финансовая, может содействовать повышению жизнеспособности общества и экономики, и призывает международное сообщество мобилизовать дополнительные финансовые средства на цели развития из всех источников и на всех уровнях в поддержку усилий малых островных развивающихся государств;</p>
        </content>
      </paragraph>
      <paragraph eId="para_23" class="MercuryDocument">
        <num>	12.</num>
        <content eId="para_23__content">
          <p xml:space="preserve">
            <span class="italic">призывает</span> соответствующие учреждения перенимать друг у друга опыт работы по учету различных условий, в которых находятся страны, в целях более эффективного регулирования переходных процессов и процесса выхода из категории наименее развитых стран, признает, что официальная помощь в целях развития должна по-прежнему направляться в первую очередь наиболее нуждающимся странам, и принимает к сведению готовность к проведению более широкого анализа новых показателей, с учетом имеющегося опыта предоставления исключений из применения критериев участия в программе льготного финансирования, и многокомпонентных оценок с целью устранения ограничений, связанных с оценкой уровня развития и готовности к выходу из категории наименее развитых стран только по критерию уровню дохода;</p>
        </content>
      </paragraph>
      <paragraph eId="para_24" class="MercuryDocument">
        <num>	13.</num>
        <content eId="para_24__content">
          <p xml:space="preserve">
            <span class="italic">призывает </span>государства-члены предложить Всемирному банку рассмотреть вопрос о воссоздании рабочей группы высокого уровня в составе банков развития и его партнеров для пересмотра правил, регулирующих доступ малых островных развивающихся государств к льготному финансированию;</p>
        </content>
      </paragraph>
      <paragraph eId="para_25" class="MercuryDocument">
        <num>	14.</num>
        <content eId="para_25__content">
          <p xml:space="preserve">
            <span class="italic">подчеркивает</span> необходимость принятия адресных мер для ликвидации нищеты во всех ее формах и проявлениях, включая крайнюю нищету, и содействия введению отвечающих национальным условиям систем и мер социальной защиты в интересах бедных слоев населения и лиц, находящихся в уязвимом положении;</p>
        </content>
      </paragraph>
      <paragraph eId="para_26" class="MercuryDocument">
        <num>	15.</num>
        <content eId="para_26__content">
          <p xml:space="preserve">
            <span class="italic">считает</span>, что достижение целей в области устойчивого развития в малых островных развивающихся государствах невозможно без частных инвестиций, в том числе без долгосрочных иностранных инвестиций, поступление и привлечение которых можно обеспечить путем создания благоприятных условий и оказания поддержки малым островным развивающимся государствам в развитии их потенциала;</p>
        </content>
      </paragraph>
      <paragraph eId="para_27" class="MercuryDocument">
        <num>	16.</num>
        <content eId="para_27__content">
          <p xml:space="preserve">
            <span class="italic">призывает </span>Комитет по политике в области развития должным образом учитывать уникальные и особые факторы уязвимости малых островных развивающихся государств при дальнейшем проведении Комитетом совместно с правительствами малых островных развивающихся государств регулярного рассмотрения прогресса, достигнутого теми странами из этой группы государств, которые уже вышли из категории наименее развитых стран, и с интересом ожидает результатов текущего всеобъемлющего обзора критериев отнесения стран к категории наименее развитых, который будет завершен на следующем пленарном заседании Комитета в 2020 году;</p>
        </content>
      </paragraph>
      <paragraph eId="para_28" class="MercuryDocument">
        <num>	17.</num>
        <content eId="para_28__content">
          <p xml:space="preserve">
            <span class="italic">с обеспокоенностью отмечает </span>наличие проблем переходного периода, с которыми сталкиваются малые островные развивающиеся государства, которые уже вышли или должны в ближайшее время выйти из категории наименее развитых стран, по-прежнему считает, что выход страны из категории наименее развитых стран не должен приводить к срыву ее поступательного продвижения по пути развития, и подчеркивает необходимость разработки и осуществления жизнеспособной многолетней переходной стратегии для каждого малого островного развивающегося государства для облегчения его выхода из категории наименее развитых стран, при поддержке в соответствующих случаях со стороны международного сообщества, в целях смягчения, в частности, последствий возможной потери льготного финансирования, уменьшения риска попасть в тяжелую долговую зависимость и обеспечения макрофинансовой стабильности;</p>
        </content>
      </paragraph>
      <paragraph eId="para_29" class="MercuryDocument">
        <num>	18.</num>
        <content eId="para_29__content">
          <p xml:space="preserve">
            <span class="italic">вновь обращается </span>к Генеральному секретарю с просьбой обеспечить в рамках имеющихся ресурсов выделение к 2020 году достаточных средств в ответ на расширение мандатов, возложенных на подразделения, занимающиеся малыми островными развивающимися государствами в Департаменте по экономическим и социальным вопросам и в Канцелярии Высокого представителя по наименее развитым странам, развивающимся странам, не имеющим выхода к морю, и малым островным развивающимся государствам, и предусматривающих оказание содействия малым островным развивающимся государствам в реализации их повестки дня в области устойчивого развития;</p>
        </content>
      </paragraph>
      <paragraph eId="para_30" class="MercuryDocument">
        <num>	19.</num>
        <content eId="para_30__content">
          <p xml:space="preserve">
            <span class="italic">просит </span>Генерального секретаря представить Генеральной Ассамблее на ее семьдесят пятой сессии доклад о реализации Программы «Путь Самоа» и последующей деятельности в этой области, в том числе о достигнутом прогрессе и сохраняющихся проблемах, с которыми сталкиваются эти страны, и об осуществлении настоящей резолюции, опираясь на результаты обсуждений и итоги совещания высокого уровня для обзора прогресса, достигнутого в решении первоочередных задач малых островных развивающихся государств в рамках осуществления Программы «Путь Самоа», которое было созвано в сентябре 2019 года;</p>
        </content>
      </paragraph>
      <paragraph eId="para_31" class="MercuryDocument">
        <num>	20.</num>
        <content eId="para_31__content">
          <p xml:space="preserve">
            <span class="italic">считает</span>, что для того, чтобы малые островные развивающиеся государства могли эффективно планировать, отслеживать и оценивать осуществление и следить за успехами в достижении целей в области устойчивого развития и других согласованных на международном уровне целей в области развития, необходимо обеспечить более эффективный сбор данных и статистический анализ, в этой связи призывает Генерального секретаря в рамках имеющихся ресурсов и в консультации с государствами-членами, всеми соответствующими структурами системы Организации Объединенных Наций и другими соответствующими заинтересованными сторонами выявить те приоритетные области Программы «Путь Самоа», которые не охвачены целями в области устойчивого развития или Сендайской рамочной программой по снижению риска бедствий на период 2015–2030 годов<sup>6</sup>, и, если таковые будут выявлены, в скорейшем порядке разработать цели и показатели для этих приоритетных областей, обеспечивая при этом взаимодополняемость и синергизм и избегая дублирования, в целях усиления контроля и оценки и отмечает работу, проводимую Канцелярией Высокого представителя по наименее развитым странам, развивающимся странам, не имеющим выхода к морю, и малым островным развивающимся государствам с целью подготовки инструментария по применению согласованного подхода к осуществления всей Программы «Путь Самоа» в целом и вынесения рекомендаций в рамках доклада Генерального секретаря об осуществлении настоящей резолюции, который будет представлен Генеральной Ассамблее на ее семьдесят шестой сессии;</p>
        </content>
      </paragraph>
      <paragraph eId="para_32" class="MercuryDocument">
        <num>	21.</num>
        <content eId="para_32__content">
          <p xml:space="preserve">
            <span class="italic">постановляет</span> включить в предварительную повестку дня своей семьдесят пятой сессии по пункту, озаглавленному «Устойчивое развитие», подпункт, озаглавленный «Реализация Программы действий по ускоренному развитию малых островных развивающихся государств («Путь Самоа») и Маврикийской стратегии по дальнейшему осуществлению Программы действий по обеспечению устойчивого развития малых островных развивающихся государств и последующая деятельность в этой области».</p>
        </content>
      </paragraph>
    </mainBody>
    <conclusions eId="conclusions">
      <p>
        <inline name="adoptionMeeting" title="52-e">52-e пленарное заседание</inline>
        <eol />
        <docDate date="2019-12-19" refersTo="#adoptionDate">19 декабря 2019 года</docDate>
      </p>
    </conclusions>
  </statement>
</akomaNtoso>