<akomaNtoso xmlns:xsi="http://www.w3.org/2001/XMLSchema-instance" xsi:schemaLocation="http://docs.oasis-open.org/legaldocml/ns/akn/3.0 http://docs.oasis-open.org/legaldocml/akn-core/v1.0/os/part2-specs/schemas/akomantoso30.xsd" xmlns="http://docs.oasis-open.org/legaldocml/ns/akn/3.0" xmlns:html="http://www.w3.org/1999/xhtml" xmlns:akn4un="http://un.org/akn4un">
  <statement name="resolution">
    <meta>
      <identification source="#DGACM">
        <FRBRWork>
          <FRBRthis value="/akn/un/statement/deliberation/unga/2019-12-19/74-226/!main/"></FRBRthis>
          <FRBRuri value="/akn/un/statement/deliberation/unga/2019-12-19/74-226/"></FRBRuri>
          <FRBRdate date="2019-12-19" name="adoption"></FRBRdate>
          <FRBRauthor href="ga" as="author"></FRBRauthor>
          <FRBRcountry value="un"></FRBRcountry>
        </FRBRWork>
        <FRBRExpression>
          <FRBRthis value="/akn/un/statement/deliberation/unga/2019-12-19/74-226/rus@!main/"></FRBRthis>
          <FRBRuri value="/akn/un/statement/deliberation/unga/2019-12-19/74-226/rus@/"></FRBRuri>
          <FRBRdate date="2020-01-21" name="publication"></FRBRdate>
          <FRBRauthor href="ga" as="issuer"></FRBRauthor>
          <FRBRlanguage language="rus"></FRBRlanguage>
        </FRBRExpression>
        <FRBRManifestation>
          <FRBRthis value="/akn/un/statement/deliberation/unga/2019-12-19/74-226/rus@/!main.xml"></FRBRthis>
          <FRBRuri value="/akn/un/statement/deliberation/unga/2019-12-19/74-226/rus@.xml"></FRBRuri>
          <FRBRdate date="2020-08-29" name="markup"></FRBRdate>
          <FRBRauthor href="DGACM" as="editor"></FRBRauthor>
        </FRBRManifestation>
      </identification>
      <classification source="http://metadata.un.org/sdg">
        <keyword value="3" href="http://metadata.un.org/sdg/3" showAs="sdg_3" dictionary="SDGO"></keyword>
        <keyword value="public_health" href="http://eurovoc.europa.eu/3885" showAs="public_health" dictionary="EuroVoc"></keyword>
        <keyword value="health" href="http://metadata.un.org/thesaurus/1002824" showAs="health" dictionary="UNBIS Thesaurus"></keyword>
      </classification>
      <classification source="http://metadata.un.org/sdg">
        <keyword value="15" href="http://metadata.un.org/sdg/15" showAs="sdg_15" dictionary="SDGO"></keyword>
        <keyword value="deforestation" href="http://eurovoc.europa.eu/339" showAs="deforestation" dictionary="EuroVoc"></keyword>
        <keyword value="desertification" href="http://eurovoc.europa.eu/416" showAs="desertification" dictionary="EuroVoc"></keyword>
        <keyword value="biodiversity" href="http://eurovoc.europa.eu/5463" showAs="biodiversity" dictionary="EuroVoc"></keyword>
        <keyword value="land,_plant_and_soil_resources" href="http://metadata.un.org/thesaurus/030600" showAs="land,_plant_and_soil_resources" dictionary="UNBIS Thesaurus"></keyword>
        <keyword value="deforestation" href="http://metadata.un.org/thesaurus/1001550" showAs="deforestation" dictionary="UNBIS Thesaurus"></keyword>
      </classification>
      <classification source="http://metadata.un.org/sdg">
        <keyword value="16" href="http://metadata.un.org/sdg/16" showAs="sdg_16" dictionary="SDGO"></keyword>
        <keyword value="right_to_justice" href="http://eurovoc.europa.eu/516" showAs="right_to_justice" dictionary="EuroVoc"></keyword>
        <keyword value="sustainable_development" href="http://eurovoc.europa.eu/5585" showAs="sustainable_development" dictionary="EuroVoc"></keyword>
        <keyword value="civil_society" href="http://metadata.un.org/thesaurus/1001012" showAs="civil_society" dictionary="UNBIS Thesaurus"></keyword>
        <keyword value="justice" href="http://metadata.un.org/thesaurus/1003500" showAs="justice" dictionary="UNBIS Thesaurus"></keyword>
        <keyword value="peaceful_coexistence" href="http://metadata.un.org/thesaurus/1004777" showAs="peaceful_coexistence" dictionary="UNBIS Thesaurus"></keyword>
        <keyword value="public_institutions" href="http://metadata.un.org/thesaurus/1005254" showAs="public_institutions" dictionary="UNBIS Thesaurus"></keyword>
        <keyword value="social_justice" href="http://metadata.un.org/thesaurus/1005970" showAs="social_justice" dictionary="UNBIS Thesaurus"></keyword>
        <keyword value="sustainable_development" href="http://metadata.un.org/thesaurus/1006319" showAs="sustainable_development" dictionary="UNBIS Thesaurus"></keyword>
      </classification>
      <classification source="http://metadata.un.org/sdg">
        <keyword value="17" href="http://metadata.un.org/sdg/17" showAs="sdg_17" dictionary="SDGO"></keyword>
        <keyword value="sustainable_development" href="http://eurovoc.europa.eu/5585" showAs="sustainable_development" dictionary="EuroVoc"></keyword>
        <keyword value="partnership" href="http://eurovoc.europa.eu/4199" showAs="partnership" dictionary="EuroVoc"></keyword>
        <keyword value="sustainable_development" href="http://metadata.un.org/thesaurus/1006319" showAs="sustainable_development" dictionary="UNBIS Thesaurus"></keyword>
        <keyword value="partnership" href="http://metadata.un.org/thesaurus/1004748" showAs="partnership" dictionary="UNBIS Thesaurus"></keyword>
      </classification>
      <workflow source="#un">
        <step date="2019-11-20" outcome="draftResolution" as="A/C.2/74/L.46/Rev.1" by="State of Palestine (on behalf of the States Members of the United Nations that are members of the Group of 77 and China)" />
        <step date="0001-01-01" outcome="draftResolutionAdditionalSponsors" by="" />
        <step date="0001-01-01" outcome="recommendedForAdoption" as="A/74/381/Add.11" by="" refersTo="10" />
        <step date="2019-12-19" outcome="adopted" as="A/74/PV.52" by="" />
      </workflow>
      <analysis source="#un">
        <parliamentary>
          <voting outcome="adoptedRecordedVote">
            <count value="177" refersTo="inFavour">
              <akn4un:voters>
                <organization refersTo="memberState">AFGHANISTAN</organization>
                <organization refersTo="memberState">ALBANIA</organization>
                <organization refersTo="memberState">ALGERIA</organization>
                <organization refersTo="memberState">ANDORRA</organization>
                <organization refersTo="memberState">ANGOLA</organization>
                <organization refersTo="memberState">ANTIGUA AND BARBUDA</organization>
                <organization refersTo="memberState">ARGENTINA</organization>
                <organization refersTo="memberState">ARMENIA</organization>
                <organization refersTo="memberState">AUSTRIA</organization>
                <organization refersTo="memberState">AZERBAIJAN</organization>
                <organization refersTo="memberState">BAHAMAS</organization>
                <organization refersTo="memberState">BAHRAIN</organization>
                <organization refersTo="memberState">BANGLADESH</organization>
                <organization refersTo="memberState">BARBADOS</organization>
                <organization refersTo="memberState">BELARUS</organization>
                <organization refersTo="memberState">BELGIUM</organization>
                <organization refersTo="memberState">BELIZE</organization>
                <organization refersTo="memberState">BENIN</organization>
                <organization refersTo="memberState">BHUTAN</organization>
                <organization refersTo="memberState">BOLIVIA (PLURINATIONAL STATE OF)</organization>
                <organization refersTo="memberState">BOSNIA AND HERZEGOVINA</organization>
                <organization refersTo="memberState">BOTSWANA</organization>
                <organization refersTo="memberState">BRAZIL</organization>
                <organization refersTo="memberState">BRUNEI DARUSSALAM</organization>
                <organization refersTo="memberState">BULGARIA</organization>
                <organization refersTo="memberState">BURKINA FASO</organization>
                <organization refersTo="memberState">BURUNDI</organization>
                <organization refersTo="memberState">CABO VERDE</organization>
                <organization refersTo="memberState">CAMBODIA</organization>
                <organization refersTo="memberState">CAMEROON</organization>
                <organization refersTo="memberState">CANADA</organization>
                <organization refersTo="memberState">CENTRAL AFRICAN REPUBLIC</organization>
                <organization refersTo="memberState">CHAD</organization>
                <organization refersTo="memberState">CHILE</organization>
                <organization refersTo="memberState">CHINA</organization>
                <organization refersTo="memberState">COLOMBIA</organization>
                <organization refersTo="memberState">COMOROS</organization>
                <organization refersTo="memberState">CONGO</organization>
                <organization refersTo="memberState">COSTA RICA</organization>
                <organization refersTo="memberState">COTE D'IVOIRE</organization>
                <organization refersTo="memberState">CROATIA</organization>
                <organization refersTo="memberState">CUBA</organization>
                <organization refersTo="memberState">CYPRUS</organization>
                <organization refersTo="memberState">CZECHIA</organization>
                <organization refersTo="memberState">DEMOCRATIC PEOPLE'S REPUBLIC OF KOREA</organization>
                <organization refersTo="memberState">DENMARK</organization>
                <organization refersTo="memberState">DJIBOUTI</organization>
                <organization refersTo="memberState">DOMINICA</organization>
                <organization refersTo="memberState">DOMINICAN REPUBLIC</organization>
                <organization refersTo="memberState">ECUADOR</organization>
                <organization refersTo="memberState">EGYPT</organization>
                <organization refersTo="memberState">EL SALVADOR</organization>
                <organization refersTo="memberState">ERITREA</organization>
                <organization refersTo="memberState">ESTONIA</organization>
                <organization refersTo="memberState">ESWATINI</organization>
                <organization refersTo="memberState">ETHIOPIA</organization>
                <organization refersTo="memberState">FIJI</organization>
                <organization refersTo="memberState">FINLAND</organization>
                <organization refersTo="memberState">FRANCE</organization>
                <organization refersTo="memberState">GABON</organization>
                <organization refersTo="memberState">GAMBIA</organization>
                <organization refersTo="memberState">GEORGIA</organization>
                <organization refersTo="memberState">GERMANY</organization>
                <organization refersTo="memberState">GHANA</organization>
                <organization refersTo="memberState">GREECE</organization>
                <organization refersTo="memberState">GRENADA</organization>
                <organization refersTo="memberState">GUATEMALA</organization>
                <organization refersTo="memberState">GUINEA</organization>
                <organization refersTo="memberState">GUINEA-BISSAU</organization>
                <organization refersTo="memberState">GUYANA</organization>
                <organization refersTo="memberState">HAITI</organization>
                <organization refersTo="memberState">HONDURAS</organization>
                <organization refersTo="memberState">HUNGARY</organization>
                <organization refersTo="memberState">ICELAND</organization>
                <organization refersTo="memberState">INDIA</organization>
                <organization refersTo="memberState">INDONESIA</organization>
                <organization refersTo="memberState">IRAN (ISLAMIC REPUBLIC OF)</organization>
                <organization refersTo="memberState">IRAQ</organization>
                <organization refersTo="memberState">IRELAND</organization>
                <organization refersTo="memberState">ITALY</organization>
                <organization refersTo="memberState">JAMAICA</organization>
                <organization refersTo="memberState">JAPAN</organization>
                <organization refersTo="memberState">JORDAN</organization>
                <organization refersTo="memberState">KAZAKHSTAN</organization>
                <organization refersTo="memberState">KENYA</organization>
                <organization refersTo="memberState">KIRIBATI</organization>
                <organization refersTo="memberState">KUWAIT</organization>
                <organization refersTo="memberState">KYRGYZSTAN</organization>
                <organization refersTo="memberState">LAO PEOPLE'S DEMOCRATIC REPUBLIC</organization>
                <organization refersTo="memberState">LATVIA</organization>
                <organization refersTo="memberState">LEBANON</organization>
                <organization refersTo="memberState">LESOTHO</organization>
                <organization refersTo="memberState">LIBYA</organization>
                <organization refersTo="memberState">LIECHTENSTEIN</organization>
                <organization refersTo="memberState">LITHUANIA</organization>
                <organization refersTo="memberState">LUXEMBOURG</organization>
                <organization refersTo="memberState">MADAGASCAR</organization>
                <organization refersTo="memberState">MALAWI</organization>
                <organization refersTo="memberState">MALAYSIA</organization>
                <organization refersTo="memberState">MALDIVES</organization>
                <organization refersTo="memberState">MALI</organization>
                <organization refersTo="memberState">MALTA</organization>
                <organization refersTo="memberState">MAURITANIA</organization>
                <organization refersTo="memberState">MAURITIUS</organization>
                <organization refersTo="memberState">MEXICO</organization>
                <organization refersTo="memberState">MONACO</organization>
                <organization refersTo="memberState">MONGOLIA</organization>
                <organization refersTo="memberState">MONTENEGRO</organization>
                <organization refersTo="memberState">MOROCCO</organization>
                <organization refersTo="memberState">MOZAMBIQUE</organization>
                <organization refersTo="memberState">MYANMAR</organization>
                <organization refersTo="memberState">NAMIBIA</organization>
                <organization refersTo="memberState">NAURU</organization>
                <organization refersTo="memberState">NEPAL</organization>
                <organization refersTo="memberState">NETHERLANDS</organization>
                <organization refersTo="memberState">NEW ZEALAND</organization>
                <organization refersTo="memberState">NICARAGUA</organization>
                <organization refersTo="memberState">NIGERIA</organization>
                <organization refersTo="memberState">NORTH MACEDONIA</organization>
                <organization refersTo="memberState">NORWAY</organization>
                <organization refersTo="memberState">OMAN</organization>
                <organization refersTo="memberState">PAKISTAN</organization>
                <organization refersTo="memberState">PALAU</organization>
                <organization refersTo="memberState">PANAMA</organization>
                <organization refersTo="memberState">PAPUA NEW GUINEA</organization>
                <organization refersTo="memberState">PERU</organization>
                <organization refersTo="memberState">PHILIPPINES</organization>
                <organization refersTo="memberState">POLAND</organization>
                <organization refersTo="memberState">PORTUGAL</organization>
                <organization refersTo="memberState">QATAR</organization>
                <organization refersTo="memberState">REPUBLIC OF KOREA</organization>
                <organization refersTo="memberState">REPUBLIC OF MOLDOVA</organization>
                <organization refersTo="memberState">ROMANIA</organization>
                <organization refersTo="memberState">RUSSIAN FEDERATION</organization>
                <organization refersTo="memberState">RWANDA</organization>
                <organization refersTo="memberState">SAINT KITTS AND NEVIS</organization>
                <organization refersTo="memberState">SAINT LUCIA</organization>
                <organization refersTo="memberState">SAINT VINCENT AND THE GRENADINES</organization>
                <organization refersTo="memberState">SAMOA</organization>
                <organization refersTo="memberState">SAN MARINO</organization>
                <organization refersTo="memberState">SAUDI ARABIA</organization>
                <organization refersTo="memberState">SENEGAL</organization>
                <organization refersTo="memberState">SERBIA</organization>
                <organization refersTo="memberState">SEYCHELLES</organization>
                <organization refersTo="memberState">SIERRA LEONE</organization>
                <organization refersTo="memberState">SINGAPORE</organization>
                <organization refersTo="memberState">SLOVAKIA</organization>
                <organization refersTo="memberState">SLOVENIA</organization>
                <organization refersTo="memberState">SOLOMON ISLANDS</organization>
                <organization refersTo="memberState">SOUTH AFRICA</organization>
                <organization refersTo="memberState">SPAIN</organization>
                <organization refersTo="memberState">SRI LANKA</organization>
                <organization refersTo="memberState">SUDAN</organization>
                <organization refersTo="memberState">SURINAME</organization>
                <organization refersTo="memberState">SWEDEN</organization>
                <organization refersTo="memberState">SWITZERLAND</organization>
                <organization refersTo="memberState">TAJIKISTAN</organization>
                <organization refersTo="memberState">THAILAND</organization>
                <organization refersTo="memberState">TIMOR-LESTE</organization>
                <organization refersTo="memberState">TOGO</organization>
                <organization refersTo="memberState">TRINIDAD AND TOBAGO</organization>
                <organization refersTo="memberState">TUNISIA</organization>
                <organization refersTo="memberState">TURKEY</organization>
                <organization refersTo="memberState">TURKMENISTAN</organization>
                <organization refersTo="memberState">UGANDA</organization>
                <organization refersTo="memberState">UKRAINE</organization>
                <organization refersTo="memberState">UNITED ARAB EMIRATES</organization>
                <organization refersTo="memberState">UNITED KINGDOM</organization>
                <organization refersTo="memberState">UNITED REPUBLIC OF TANZANIA</organization>
                <organization refersTo="memberState">URUGUAY</organization>
                <organization refersTo="memberState">UZBEKISTAN</organization>
                <organization refersTo="memberState">VANUATU</organization>
                <organization refersTo="memberState">VENEZUELA (BOLIVARIAN REPUBLIC OF)</organization>
                <organization refersTo="memberState">VIET NAM</organization>
                <organization refersTo="memberState">YEMEN</organization>
                <organization refersTo="memberState">ZAMBIA</organization>
                <organization refersTo="memberState">ZIMBABWE</organization>
              </akn4un:voters>
            </count>
            <count value="2" refersTo="against">
              <akn4un:voters>
                <organization refersTo="memberState">ISRAEL</organization>
                <organization refersTo="memberState">UNITED STATES</organization>
              </akn4un:voters>
            </count>
            <count value="1" refersTo="abstaining">
              <akn4un:voters>
                <organization refersTo="memberState">AUSTRALIA</organization>
              </akn4un:voters>
            </count>
          </voting>
        </parliamentary>
      </analysis>
      <references source="#DGACM">
        <TLCOrganization eId="source" href="/akn/ontology/organization/un/DGACM" showAs="DGACM"></TLCOrganization>
        <TLCConcept eId="dateOfIssuance" href="/akn/ontology/concept/un/dateOfIssuance" showAs="Date of issuance"></TLCConcept>
        <TLCConcept eId="dateOfAdoption" href="/akn/ontology/concept/un/dateOfAdoption" showAs="Date of adoption"></TLCConcept>
        <TLCConcept eId="symbol" href="/akn/ontology/reference/un/symbol" showAs="Symbol"></TLCConcept>
        <TLCRole eId="publisher" href="/akn/ontology/role/un/publisher" showAs="Publisher"></TLCRole>
        <TLCRole eId="issuingBody" href="/akn/role/concept/un/issuingBody" showAs="Issuing body"></TLCRole>
        <TLCRole eId="author" href="/akn/ontology/role/un/author" showAs="Author"></TLCRole>
        <TLCRole eId="editor" href="/akn/ontology/role/un/editor" showAs="Editor"></TLCRole>
        <TLCRole eId="distribution" href="/akn/ontology/concept/un/generalDistribution" showAs="General distribution"></TLCRole>
        <TLCOrganization eId="ga" href="/akn/ontology/organization/un/generalAssembly" showAs="General Assembly"></TLCOrganization>
        <TLCTerm eId="resolutionTitle" href="/akn/ontology/reference/un/resolutionTitle" showAs="Resolution title"></TLCTerm>
        <TLCTerm eId="secondCommittee" href="#secondCommittee" showAs="Второй комитет"></TLCTerm>
        <TLCTerm eId="memberState" href="/akn/ontology/organization/un/memberState" showAs="Member State"></TLCTerm>
        <TLCTerm eId="inFavour" href="/akn/ontology/concept/un/voting/inFavour" showAs="In favour"></TLCTerm>
        <TLCTerm eId="against" href="/akn/ontology/concept/un/voting/against" showAs="Against"></TLCTerm>
        <TLCTerm eId="abstaining" href="/akn/ontology/concept/un/voting/abstaining" showAs="Abstaining"></TLCTerm>
      </references>
      <presentation source="#un">
        <akn4un:footerFirstPage>
          <akn4un:footerFirstPageLeft>
            <akn4un:internalCode>
              <docketNumber refersTo="#publicationJobNumber">19-22495 (R)</docketNumber>
              <img alt="bar code" class="barCode" src=""></img>
            </akn4un:internalCode>
          </akn4un:footerFirstPageLeft>
          <akn4un:footerFirstPageRight>
            <img alt="Please recycle" class="image" src="./recylcleLogo.jpg"></img>
            <img alt="embedded QR code" class="qrCode" src=""></img>
          </akn4un:footerFirstPageRight>
        </akn4un:footerFirstPage>
      </presentation>
    </meta>
    <coverPage eId="coverPage_1">
      <p>
        <span refersTo="#publisher" class="upperLeft">
          <docAuthority refersTo="#publisher">Организация Объединенных Наций</docAuthority>
        </span>
      </p>
      <p class="upperRight">
        <docNumber refersTo="#symbol">A/RES/74/226</docNumber>
      </p>
      <p class="upperLeft">
        <img src="logo-un.jpg"></img>
        <docAuthority refersTo="#issuingBody" class="rightBig">Генеральная Ассамблея</docAuthority>
      </p>
      <p>
        <docStatus refersTo="#generalDistribution" class="rightSmall">Distr.: General</docStatus>
      </p>
      <p>
        <docDate date="2020-01-21" class="rightSmall" refersTo="#dateOfIssuance">21 January 2020</docDate>
      </p>
      <p>
        <session refersTo="#generalAssembly" value="74" eId="coverPage_1__session_1">Семьдесят четвертая сессия</session>
      </p>
      <p>
        <inline name="agenda item">Пункт 19 k) повестки дня</inline>
      </p>
      <p>
        <inline name="agenda item name">Устойчивое развитие: борьба с песчаными и пыльными бурями</inline>
      </p>
      <p>
        <docTitle>Резолюция, принятая Генеральной Ассамблеей 19 декабря 2019 года</docTitle>
      </p>
      <p xml:space="preserve">
        <docProponent refersTo="#secondCommittee">[по докладу Второго комитета (<inline name="originating document">A/74/381/Add.11</inline>)]</docProponent>
      </p>
    </coverPage>
    <preface>
      <p>
        <docNumber>74/226.</docNumber>
        <docTitle refersTo="#resolutionTitle">Борьба с песчаными и пыльными бурями</docTitle>
      </p>
    </preface>
    <preamble>
      <formula name="enactingFormula" eId="formula_1">
        <p xml:space="preserve">
          <span class="italic">Генеральная Ассамблея</span>,</p>
      </formula>
      <container name="&#x9;ссылаясь" eId="container_2">
        <p xml:space="preserve">
          <span class="italic">	ссылаясь</span> на свои резолюции <a href="https://undocs.org/ru/A/RES/70/195">70/195</a> от 22 декабря 2015 года, <a href="https://undocs.org/ru/A/RES/71/219">71/219</a> от 21 декабря 2016 года, <a href="https://undocs.org/ru/A/RES/72/225">72/225</a> от 20 декабря 2017 года и <a href="https://undocs.org/ru/A/RES/73/237">73/237</a> от 20 декабря 2018 года о борьбе с песчаными и пыльными бурями,</p>
      </container>
      <container name="&#x9;подтверждая" eId="container_3">
        <p xml:space="preserve">
          <span class="italic">	подтверждая</span> свою резолюцию <a href="https://undocs.org/ru/A/RES/70/1">70/1</a> «Преобразование нашего мира: Повестка дня в области устойчивого развития на период до 2030 года» от 25 сентября 2015 года, в которой она утвердила всеобъемлющий, рассчитанный на перспективу и предусматривающий учет интересов людей набор универсальных и ориентированных на преобразования целей и задач в области устойчивого развития, свое обязательство прилагать неустанные усилия для полного осуществления Повестки дня к 2030 году, признание ею того, что ликвидация нищеты во всех ее формах и проявлениях, включая крайнюю нищету, является важнейшей глобальной задачей и одним из необходимых условий устойчивого развития, и свою приверженность сбалансированному и комплексному обеспечению устойчивого развития во всех его трех — экономическом, социальном и экологическом — компонентах, а также закреплению результатов, достигнутых в реализации целей в области развития, сформулированных в Декларации тысячелетия, и завершению всего, что не удалось сделать за время, отведенное для их достижения,</p>
      </container>
      <container name="подтверждая также " eId="container_4">
        <p xml:space="preserve">
          <span class="italic">подтверждая также </span>свою резолюцию <a href="https://undocs.org/ru/A/RES/69/313">69/313</a> от 27 июля 2015 года, касающуюся Аддис-Абебской программы действий третьей Международной конференции по финансированию развития, которая является неотъемлемой частью Повестки дня в области устойчивого развития на период до 2030 года, подкрепляет и дополняет ее, способствует переводу предусмотренных в ней задач в отношении средств осуществления в плоскость конкретных стратегий и мер и в которой вновь подтверждается твердая политическая приверженность решению задачи финансирования устойчивого развития и создания благоприятных условий для него на всех уровнях в духе глобального партнерства и солидарности,</p>
      </container>
      <container name="подтверждая далее" eId="container_5">
        <p xml:space="preserve">
          <span class="italic">подтверждая далее</span> Парижское соглашение<authorialNote marker="1" placement="bottom" eId="authorialNote_1"><p xml:space="preserve">		Принято в контексте Рамочной конвенции Организации Объединенных Наций об изменении климата в документе <a href="https://undocs.org/ru/FCCC/CP/2015/10/Add.1">FCCC/CP/2015/10/Add.1</a>, решение 1/CP.21.</p></authorialNote> и его раннее вступление в силу, обращаясь ко всем сторонам Соглашения с призывом выполнять все его положения и обращаясь к тем сторонам Рамочной конвенции Организации Объединенных Наций об изменении климата<authorialNote marker="2" placement="bottom" eId="authorialNote_2"><p xml:space="preserve">		United Nations, <span class="italic">Treaty Series</span>, vol. 1771, No. 30822.</p></authorialNote>, которые еще не сделали этого, с призывом как можно скорее сдать на хранение соответственно документы о ратификации, принятии, одобрении или присоединении,</p>
      </container>
      <container name="особо отмечая" eId="container_6">
        <p xml:space="preserve">
          <span class="italic">особо отмечая</span>, что процессы осуществления Повестки дня на период до 2030 года, Аддис-Абебской программы действий и Парижского соглашения дополняют и подкрепляют друг друга, и с обеспокоенностью отмечая выводы, содержащиеся в специальном докладе “Global Warming of 1.5°C” («Глобальное потепление на 1,5°C»), подготовленном Межправительственной группой экспертов по изменению климата,‎</p>
      </container>
      <container name="ссылаясь" eId="container_7">
        <p xml:space="preserve">
          <span class="italic">ссылаясь</span> на резолюции Ассамблеи Организации Объединенных Наций по окружающей среде 1/7 от 27 июня 2014 года об укреплении роли Программы Организации Объединенных Наций по окружающей среде в обеспечении качества воздуха<authorialNote marker="3" placement="bottom" eId="authorialNote_3"><p xml:space="preserve">		См. <span class="italic">Официальные отчеты Генеральной Ассамблеи, шестьдесят девятая сессия, Дополнение № 25</span> (<a href="https://undocs.org/ru/A/69/25">A/69/25</a>), приложение.</p></authorialNote>, 2/21 от 27 мая 2016 года о песчаных и пыльных бурях<authorialNote marker="4" placement="bottom" eId="authorialNote_4"><p xml:space="preserve">		Там же, <span class="italic">семьдесят первая сессия, Дополнение № 25</span> (<a href="https://undocs.org/ru/A/71/25">A/71/25</a>), приложение.</p></authorialNote> и 4/10 от 15 марта 2019 года об инновациях в сфере биоразнообразия и деградации земель<authorialNote marker="5" placement="bottom" eId="authorialNote_5"><p xml:space="preserve">		UNEP/EA.4/Res.10.</p></authorialNote>,</p>
      </container>
      <container name="&#x9;принимая во внимание " eId="container_8">
        <p xml:space="preserve">
          <span class="italic">	принимая во внимание </span>работу по устранению факторов, способствующих возникновению песчаных и пыльных бурь, проводимую секретариатом Конвенции Организации Объединенных Наций по борьбе с опустыниванием в тех странах, которые испытывают серьезную засуху и/или опустынивание, особенно в Африке, и принимая также во внимание поддержку, которую Продовольственная и сельскохозяйственная организация Объединенных Наций неизменно оказывает странам, страдающим от песчаных и пыльных бурь, путем пропаганды рационального землепользования, агролесомелиорации, устройства лесозащитных полос, облесения и лесовосстановления и рекультивации земель, которые все вместе способствуют устранению первопричин песчаных и пыльных бурь,</p>
      </container>
      <container name="&#x9;ссылаясь " eId="container_9">
        <p xml:space="preserve">
          <span class="italic">	ссылаясь </span>на итоговые решения четырнадцатой сессии Конференции сторон Конвенции Организации Объединенных Наций по борьбе с опустыниванием, состоявшейся 2–13 сентября 2019 года в Нью-Дели, Индия, включая решение 25/COP.14 «Последующие меры в отношении основ политики и тематических вопросов: песчаные и пыльные бури» от 12 сентября 2019 года<authorialNote marker="6" placement="bottom" eId="authorialNote_6"><p xml:space="preserve">		См. ICCD/COP(14)/23/Add.1.</p></authorialNote>,</p>
      </container>
      <container name="отмечая" eId="container_10">
        <p xml:space="preserve">
          <span class="italic">отмечая</span> принятие Экономической и социальной комиссией для Азии и Тихого океана на ее семьдесят второй сессии резолюции <a href="https://undocs.org/ru/A/RES/72/7">72/7</a> от 19 мая 2016 года о региональном сотрудничестве в борьбе с песчаными и пыльными бурями в Азиатско-Тихоокеанском регионе,</p>
      </container>
      <container name="отмечая также" eId="container_11">
        <p xml:space="preserve">
          <span class="italic">отмечая также</span>, что на своей семьдесят пятой сессии Экономическая и социальная комиссия для Азии и Тихого океана одобрила рекомендацию Совета управляющих Азиатско-тихоокеанского центра по разработке системы управления информацией о бедствиях о создании субрегионального механизма сотрудничества по проблеме медленно наступающих опасностей и особенно песчаных и пыльных бурь в Юго-Западной и Центральной Азии,</p>
      </container>
      <container name="ссылаясь" eId="container_12">
        <p xml:space="preserve">
          <span class="italic">ссылаясь</span> на свою резолюцию <a href="https://undocs.org/ru/A/RES/66/288">66/288</a> от 27 июля 2012 года, в которой она одобрила итоговый документ Конференции Организации Объединенных Наций по устойчивому развитию под названием «Будущее, которого мы хотим»,</p>
      </container>
      <container name="ссылаясь также" eId="container_13">
        <p xml:space="preserve">
          <span class="italic">ссылаясь также</span> на свои резолюции <a href="https://undocs.org/ru/A/RES/71/229">71/229</a> от 21 декабря 2016 года, <a href="https://undocs.org/ru/A/RES/72/220">72/220</a> от 20 декабря 2017 года и <a href="https://undocs.org/ru/A/RES/73/233">73/233</a> от 20 декабря 2018 года об осуществлении Конвенции Организации Объединенных Наций по борьбе с опустыниванием в тех странах, которые испытывают серьезную засуху и/или опустынивание, особенно в Африке<authorialNote marker="7" placement="bottom" eId="authorialNote_7"><p xml:space="preserve">		United Nations, <span class="italic">Treaty Series</span>, vol. 1954, No. 33480.</p></authorialNote>,</p>
      </container>
      <container name="принимая к сведению" eId="container_14">
        <p xml:space="preserve">
          <span class="italic">принимая к сведению</span> Региональную программу по борьбе с песчаными и пыльными бурями Программы Организации Объединенных Наций по окружающей среде и принимая во внимание также другие инициативы, включая организацию совещания на уровне министров по проблеме песчаных и пыльных бурь, которое было проведено 21 февраля 2013 года в Найроби на полях двадцать седьмой сессии Совета управляющих/Глобального форума по окружающей среде на уровне министров Программы Организации Объединенных Наций по окружающей среде,</p>
      </container>
      <container name="ссылаясь" eId="container_15">
        <p xml:space="preserve">
          <span class="italic">ссылаясь</span> на Сендайскую декларацию и Сендайскую рамочную программу по снижению риска бедствий на 2015–2030 годы, которые были приняты на третьей Всемирной конференции Организации Объединенных Наций по снижению риска бедствий и одобрены Генеральной Ассамблеей в ее резолюции <a href="https://undocs.org/ru/A/RES/69/283">69/283</a> от 3 июня 2015 года, и учитывая, что одним из приоритетных направлений в контексте деятельности по осуществлению Сендайской рамочной программы является обеспечение понимания риска бедствий в целях их предупреждения и смягчения их последствий и в целях разработки и принятия надлежащих мер по обеспечению готовности к бедствиям и эффективных мер реагирования на бедствия, которые продолжают подрывать усилия по достижению цели устойчивого развития,</p>
      </container>
      <container name="принимая во внимание" eId="container_16">
        <p xml:space="preserve">
          <span class="italic">принимая во внимание</span>, что, с учетом определения понятия «угроза», содержащегося в Хиогской рамочной программе действий на 2005–2015 годы: создание потенциала противодействия бедствиям на уровне государств и общин<authorialNote marker="8" placement="bottom" eId="authorialNote_8"><p xml:space="preserve">		A/CONF.206/6, глава I, резолюция 2.</p></authorialNote>, борьба с угрозами многоаспектного характера, включая угрозы, создаваемые песчаными и пыльными бурями, способствует достижению целей Сендайской рамочной программы по снижению риска бедствий на 2015–2030 годы, решению поставленных в ней задач и осуществлению деятельности согласно определенным в ней приоритетам,</p>
      </container>
      <container name="подчеркивая" eId="container_17">
        <p xml:space="preserve">
          <span class="italic">подчеркивая</span> необходимость сотрудничества на глобальном и региональном уровнях в целях уменьшения и сведения к минимуму последствий песчаных и пыльных бурь путем укрепления систем раннего оповещения и на основе обмена информацией о климатических и погодных явлениях для прогнозирования песчаных и пыльных бурь и заявляя, что для обеспечения эффективности действий по борьбе с песчаными и пыльными бурями требуется лучше понимать многоаспектные пагубные последствия песчаных и пыльных бурь, такие как негативное влияние на здоровье, благополучие и источники средств к существованию людей, ускорение процессов опустынивания и деградации земель, обезлесения, утраты биоразнообразия и снижения продуктивности земель, а также их последствия для устойчивого экономического роста,</p>
      </container>
      <container name="особо отмечая" eId="container_18">
        <p xml:space="preserve">
          <span class="italic">особо отмечая</span> значимость усилий и сотрудничества государств-членов на региональном и международном уровнях в целях ограничения и ослабления негативных последствий песчаных и пыльных бурь для населенных пунктов в районах, подверженных таким бурям, отмечая инициативу Исламской Республики Иран, предложившей провести региональное совещание министров по вопросам окружающей среды 29 сентября 2010 года в Тегеране, приветствуя проведение других совещаний при активном участии всех стран и с удовлетворением принимая к сведению другие осуществляемые различными странами инициативы по борьбе с песчаными и пыльными бурями, особенно на региональном уровне,</p>
      </container>
    </preamble>
    <mainBody>
      <paragraph eId="para_19" class="MercuryDocument">
        <num>	1.</num>
        <content eId="para_19__content">
          <p xml:space="preserve">
            <span class="italic">принимает к сведению </span>доклад Генерального секретаря<authorialNote marker="9" placement="bottom" eId="authorialNote_9"><p xml:space="preserve"><a href="https://undocs.org/ru/A/74/263">A/74/263</a>.</p></authorialNote>;</p>
        </content>
      </paragraph>
      <paragraph eId="para_20" class="MercuryDocument">
        <num>	2.</num>
        <content eId="para_20__content">
          <p xml:space="preserve">
            <span class="italic">принимает во внимание</span>, что пыльные и песчаные бури и нерациональная практика землепользования, в числе других факторов, которые могут приводить к возникновению или повышению интенсивности этих явлений, в том числе к изменению климата, представляют собой серьезную проблему, препятствующую устойчивому развитию затрагиваемых ею стран и регионов, принимает также во внимание, что за последние несколько лет пыльные и песчаные бури причинили значительный экономический, социальный и экологический ущерб населению засушливых, полузасушливых и сухих субгумидных районов мира, особенно в Африке и Азии, и особо указывает на необходимость рассмотрения этой проблемы и принятия безотлагательных мер для ее решения;</p>
        </content>
      </paragraph>
      <paragraph eId="para_21" class="MercuryDocument">
        <num>	3.</num>
        <content eId="para_21__content">
          <p xml:space="preserve">
            <span class="italic">напоминает</span> о проведении интерактивного диалога высокого уровня о песчаных и пыльных бурях, состоявшегося в Центральных учреждениях в Нью-Йорке 16 июля 2018 года с участием государств-членов, государств-наблюдателей и наблюдателей при Генеральной Ассамблее, структур системы Организации Объединенных Наций, региональных комиссий и других заинтересованных сторон, для обсуждения ориентированных на практические действия рекомендаций и решения задач, стоящих перед затрагиваемыми странами, включая пути совершенствования координации политики на глобальном уровне в интересах решения этих задач в контексте целей в области устойчивого развития, — диалога, в ходе которого была подчеркнута сохраняющаяся необходимость решения проблем, вызываемых песчаными и пыльными бурями;</p>
        </content>
      </paragraph>
      <paragraph eId="para_22" class="MercuryDocument">
        <num>	4.</num>
        <content eId="para_22__content">
          <p xml:space="preserve">
            <span class="italic">приветствует</span> создание коалиции Организации Объединенных Наций по борьбе с песчаными и пыльными бурями, перед которой поставлена задача, в частности, облегчать и координировать совместное реагирование системы Организации Объединенных Наций на растущую проблему песчаных и пыльных бурь в местном, региональном и глобальном масштабе, добиваясь единообразия и слаженности принимаемых мер, и содействовать наращиванию потенциала государств-членов, повышать их информированность, а также повышать их готовность к песчаным и пыльным бурям и расширять их возможности в плане реагирования на песчаные и пыльные бури в критических регионах;</p>
        </content>
      </paragraph>
      <paragraph eId="para_23" class="MercuryDocument">
        <num>	5.</num>
        <content eId="para_23__content">
          <p xml:space="preserve">
            <span class="italic">учитывает</span> важность новых и прорывных технологий и передовой практики для борьбы с песчаными и пыльными бурями, а также их распространения и их передачи на взаимно согласованных условиях;</p>
        </content>
      </paragraph>
      <paragraph eId="para_24" class="MercuryDocument">
        <num>	6.</num>
        <content eId="para_24__content">
          <p xml:space="preserve">
            <span class="italic">рекомендует</span> региональным, субрегиональным и межрегиональным организациям и процессам продолжать обмениваться передовыми методами, опытом и техническими знаниями в области борьбы с песчаными и пыльными бурями в целях устранения коренных причин и последствий песчаных и пыльных бурь, в том числе посредством повышения эффективности рационального землепользования, и способствовать развитию регионального сотрудничества в этой области в целях уменьшения рисков и смягчения последствий песчаных и пыльных бурь в будущем и предоставления в этой связи затрагиваемым странам помощи в создании потенциала и технической помощи соответствующими организациями системы Организации Объединенных Наций, такими как Всемирная метеорологическая организация, Программа Организации Объединенных Наций по окружающей среде и Всемирная организация здравоохранения, в рамках их соответствующих мандатов;</p>
        </content>
      </paragraph>
      <paragraph eId="para_25" class="MercuryDocument">
        <num>	7.</num>
        <content eId="para_25__content">
          <p xml:space="preserve">
            <span class="italic">предлагает</span> всем затрагиваемым государствам-членам, а также соответствующим структурам системы развития Организации Объединенных Наций, региональным организациям и другим соответствующим заинтересованным сторонам приложить энергичные усилия для реализации задач, сформулированных в настоящей резолюции;</p>
        </content>
      </paragraph>
      <paragraph eId="para_26" class="MercuryDocument">
        <num>	8.</num>
        <content eId="para_26__content">
          <p xml:space="preserve">
            <span class="italic">подтверждает</span>, что изменение климата является одной из величайших проблем нашего времени и наряду с другими факторами создает серьезные трудности на пути устойчивого развития всех стран, в том числе тех, которые затронуты проблемой песчаных и пыльных бурь, и особо отмечает, что, среди прочего, изменение климата является одной из важных потенциальных причин возникновения в будущем ветровой эрозии и риска песчаных и пыльных бурь, особенно возникновения более экстремальных ветровых явлений и усиления сухости климата, хотя возможен и обратный эффект; </p>
        </content>
      </paragraph>
      <paragraph eId="para_27" class="MercuryDocument">
        <num>	9.</num>
        <content eId="para_27__content">
          <p xml:space="preserve">
            <span class="italic">учитывает</span>, что пыльные и песчаные бури вызывают многочисленные проблемы для здоровья человека в различных регионах мира, особенно в засушливых и полузасушливых районах, и что существует необходимость укрепления защитных стратегий в целях ослабления негативных последствий песчаных и пыльных бурь для здоровья человека, предлагает Всемирной организации здравоохранения, действуя при необходимости в сотрудничестве с другими соответствующими структурами Организации Объединенных Наций, оказывать затронутым странам поддержку в борьбе с проблемами для здоровья, связанными с песчаными и пыльными бурями, действуя в рамках их соответствующих мандатов, приветствует создание рабочей группы по песчаным и пыльным бурям для обсуждения возникающих проблем и обмена информацией в рамках Глобальной платформы по вопросам качества воздуха и здоровья человека Всемирной организации здравоохранения и приветствует также завершение доклада о последствиях песчаных и пыльных бурь для здоровья человека в рамках подготовки последнего обновления руководящих принципов Всемирной организации здравоохранения относительно качества воздуха и выработку Всемирной организацией здравоохранения в сотрудничестве с экспертами Всемирной метеорологической организации стандартного порядка действий при оценке и устранении краткосрочных медицинских последствий, вызываемых пустынной пылью; </p>
        </content>
      </paragraph>
      <paragraph eId="para_28" class="MercuryDocument">
        <num>	10.</num>
        <content eId="para_28__content">
          <p xml:space="preserve">
            <span class="italic">подчеркивает</span>, что проблемы песчаных и пыльных бурь будут в числе главных вопросов, которые будет рассматривать глобальная коалиция по вопросам охраны здоровья, окружающей среды и изменения климата, сформированная в мае 2018 года Всемирной организацией здравоохранения, Программой Организации Объединенных Наций по окружающей среде и Всемирной метеорологической организацией в целях улучшения координации и сокращения смертности от экологических факторов, особенно загрязнения воздуха, оцениваемой в 12,6 миллиона человек в год;</p>
        </content>
      </paragraph>
      <paragraph eId="para_29" class="MercuryDocument">
        <num>	11.</num>
        <content eId="para_29__content">
          <p xml:space="preserve">
            <span class="italic">высоко оценивает</span> приверженность Ассамблеи Организации Объединенных Наций по окружающей среде борьбе с песчаными и пыльными бурями и в этой связи отмечает резолюцию 2/21 Ассамблеи по окружающей среде от 27 мая 2016 года о песчаных и пыльных бурях, принятую на ее второй сессии<sup>4</sup>, и резолюцию 4/10 от 15 марта 2019 года об инновациях в сфере биоразнообразия и деградации земель, принятую на ее четвертой сессии<sup>5</sup>;</p>
        </content>
      </paragraph>
      <paragraph eId="para_30" class="MercuryDocument">
        <num>	12.</num>
        <content eId="para_30__content">
          <p xml:space="preserve">
            <span class="italic">с удовлетворением отмечает</span> проведение 11–15 марта 2019 года в Найроби четвертой сессии Ассамблеи Организации Объединенных Наций по окружающей среде, которая была посвящена теме «Инновационные решения экологических проблем и устойчивое потребление и производство», и с удовлетворением отмечает также принятую на ней декларацию министров<authorialNote marker="10" placement="bottom" eId="authorialNote_10"><p xml:space="preserve"><a href="https://undocs.org/ru/UNEP/EA.4/HLS.1">UNEP/EA.4/HLS.1</a>.</p></authorialNote>;</p>
        </content>
      </paragraph>
      <paragraph eId="para_31" class="MercuryDocument">
        <num>	13.</num>
        <content eId="para_31__content">
          <p xml:space="preserve">
            <span class="italic">высоко оценивает</span> усилия секретариата Конвенции Организации Объединенных Наций по борьбе с опустыниванием в тех странах, которые испытывают серьезную засуху и/или опустынивание, особенно в Африке, по составлению как общемировой крупномасштабной карты источников песчаных и пыльных бурь в сотрудничестве с Программой Организации Объединенных Наций по окружающей среде и Всемирной метеорологической организацией, так и справочника по песчаным и пыльным бурям в сотрудничестве с механизмом научно-политического взаимодействия Конвенции и другими соответствующими структурами системы Организации Объединенных Наций в качестве всеобъемлющего сборника материалов, предназначенного быть источником информации и руководством по оценке и устранению рисков, связанных с песчаными и пыльными бурями, и пособием по планированию мер с целью бороться с их повторением и последствиями;</p>
        </content>
      </paragraph>
      <paragraph eId="para_32" class="MercuryDocument">
        <num>	14.</num>
        <content eId="para_32__content">
          <p xml:space="preserve">
            <span class="italic">с удовлетворением отмечает</span> проведение 2–13 сентября 2019 года в Нью-Дели, Индия, четырнадцатой сессии Конференции сторон Конвенции Организации Объединенных Наций по борьбе с опустыниванием, с удовлетворением принимает к сведению Ньюделийскую декларацию и другие соответствующие итоговые документы, принятые сторонами в ходе конференции, а именно решение 25/COP.14, и вновь заявляет о важности рассмотрения проблемы песчаных и пыльных бурь в рамках Конвенции<sup>7</sup>;</p>
        </content>
      </paragraph>
      <paragraph eId="para_33" class="MercuryDocument">
        <num>	15.</num>
        <content eId="para_33__content">
          <p xml:space="preserve">
            <span class="italic">призывает</span> соответствующие структуры Организации Объединенных Наций, включая Всемирную организацию здравоохранения, Программу Организации Объединенных Наций по окружающей среде, Программу развития Организации Объединенных Наций, Всемирную метеорологическую организацию Продовольственную и сельскохозяйственную организацию Объединенных Наций и Департамент по экономическим и социальным вопросам Секретариата, действуя в рамках своих мандатов и имеющихся ресурсов, и доноров продолжать предоставлять помощь в создании потенциала и техническую помощь для борьбы с песчаными и пыльными бурями и продолжать оказывать поддержку осуществлению национальных, региональных и глобальных планов действий затронутых стран;</p>
        </content>
      </paragraph>
      <paragraph eId="para_34" class="MercuryDocument">
        <num>	16.</num>
        <content eId="para_34__content">
          <p xml:space="preserve">
            <span class="italic">принимает во внимание</span> глобальную оценку проблемы песчаных и пыльных бурь, подготовленную Программой Организации Объединенных Наций по окружающей среде в сотрудничестве с другими соответствующими структурами Организации Объединенных Наций, включая Всемирную метеорологическую организацию и секретариат Конвенции Организации Объединенных Наций по борьбе с опустыниванием, в которой излагаются предложения в отношении обобщенных и согласованных вариантов технических мер и глобальной политики для решения проблемы песчаных и пыльных бурь;</p>
        </content>
      </paragraph>
      <paragraph eId="para_35" class="MercuryDocument">
        <num>	17.</num>
        <content eId="para_35__content">
          <p xml:space="preserve">
            <span class="italic">просит</span> Генерального секретаря представить Генеральной Ассамблее на ее семьдесят пятой сессии доклад об осуществлении настоящей резолюции и постановляет включить в предварительную повестку дня своей семьдесят пятой сессии в рамках пункта, озаглавленного «Устойчивое развитие», подпункт, озаглавленный «Борьба с песчаными и пыльными бурями».</p>
        </content>
      </paragraph>
    </mainBody>
    <conclusions eId="conclusions">
      <p>
        <inline name="adoptionMeeting" title="52-e">52-e пленарное заседание</inline>
        <eol />
        <docDate date="2019-12-19" refersTo="#adoptionDate">19 декабря 2019 года</docDate>
      </p>
    </conclusions>
  </statement>
</akomaNtoso>