<akomaNtoso xmlns:xsi="http://www.w3.org/2001/XMLSchema-instance" xsi:schemaLocation="http://docs.oasis-open.org/legaldocml/ns/akn/3.0 http://docs.oasis-open.org/legaldocml/akn-core/v1.0/os/part2-specs/schemas/akomantoso30.xsd" xmlns="http://docs.oasis-open.org/legaldocml/ns/akn/3.0" xmlns:html="http://www.w3.org/1999/xhtml" xmlns:akn4un="http://un.org/akn4un">
  <statement name="resolution">
    <meta>
      <identification source="#DGACM">
        <FRBRWork>
          <FRBRthis value="/akn/un/statement/deliberation/unga/2019-12-19/74-212/!main/"></FRBRthis>
          <FRBRuri value="/akn/un/statement/deliberation/unga/2019-12-19/74-212/"></FRBRuri>
          <FRBRdate date="2019-12-19" name="adoption"></FRBRdate>
          <FRBRauthor href="ga" as="author"></FRBRauthor>
          <FRBRcountry value="un"></FRBRcountry>
        </FRBRWork>
        <FRBRExpression>
          <FRBRthis value="/akn/un/statement/deliberation/unga/2019-12-19/74-212/rus@!main/"></FRBRthis>
          <FRBRuri value="/akn/un/statement/deliberation/unga/2019-12-19/74-212/rus@/"></FRBRuri>
          <FRBRdate date="2020-01-22" name="publication"></FRBRdate>
          <FRBRauthor href="ga" as="issuer"></FRBRauthor>
          <FRBRlanguage language="rus"></FRBRlanguage>
        </FRBRExpression>
        <FRBRManifestation>
          <FRBRthis value="/akn/un/statement/deliberation/unga/2019-12-19/74-212/rus@/!main.xml"></FRBRthis>
          <FRBRuri value="/akn/un/statement/deliberation/unga/2019-12-19/74-212/rus@.xml"></FRBRuri>
          <FRBRdate date="2020-08-29" name="markup"></FRBRdate>
          <FRBRauthor href="DGACM" as="editor"></FRBRauthor>
        </FRBRManifestation>
      </identification>
      <classification source="http://metadata.un.org/sdg">
        <keyword value="3" href="http://metadata.un.org/sdg/3" showAs="sdg_3" dictionary="SDGO"></keyword>
        <keyword value="public_health" href="http://eurovoc.europa.eu/3885" showAs="public_health" dictionary="EuroVoc"></keyword>
        <keyword value="health" href="http://metadata.un.org/thesaurus/1002824" showAs="health" dictionary="UNBIS Thesaurus"></keyword>
      </classification>
      <classification source="http://metadata.un.org/sdg">
        <keyword value="9" href="http://metadata.un.org/sdg/9" showAs="sdg_9" dictionary="SDGO"></keyword>
        <keyword value="industrial_infrastructure" href="http://eurovoc.europa.eu/1434" showAs="industrial_infrastructure" dictionary="EuroVoc"></keyword>
        <keyword value="innovation" href="http://eurovoc.europa.eu/1439" showAs="innovation" dictionary="EuroVoc"></keyword>
        <keyword value="industrialization" href="http://metadata.un.org/thesaurus/1003177" showAs="industrialization" dictionary="UNBIS Thesaurus"></keyword>
        <keyword value="innovations" href="http://metadata.un.org/thesaurus/1003223" showAs="innovations" dictionary="UNBIS Thesaurus"></keyword>
      </classification>
      <classification source="http://metadata.un.org/sdg">
        <keyword value="11" href="http://metadata.un.org/sdg/11" showAs="sdg_11" dictionary="SDGO"></keyword>
        <keyword value="urban_area" href="http://eurovoc.europa.eu/4809" showAs="urban_area" dictionary="EuroVoc"></keyword>
        <keyword value="cities" href="http://metadata.un.org/thesaurus/1000995" showAs="cities" dictionary="UNBIS Thesaurus"></keyword>
        <keyword value="human_settlements" href="http://metadata.un.org/thesaurus/1002986" showAs="human_settlements" dictionary="UNBIS Thesaurus"></keyword>
      </classification>
      <classification source="http://metadata.un.org/sdg">
        <keyword value="16" href="http://metadata.un.org/sdg/16" showAs="sdg_16" dictionary="SDGO"></keyword>
        <keyword value="right_to_justice" href="http://eurovoc.europa.eu/516" showAs="right_to_justice" dictionary="EuroVoc"></keyword>
        <keyword value="sustainable_development" href="http://eurovoc.europa.eu/5585" showAs="sustainable_development" dictionary="EuroVoc"></keyword>
        <keyword value="civil_society" href="http://metadata.un.org/thesaurus/1001012" showAs="civil_society" dictionary="UNBIS Thesaurus"></keyword>
        <keyword value="justice" href="http://metadata.un.org/thesaurus/1003500" showAs="justice" dictionary="UNBIS Thesaurus"></keyword>
        <keyword value="peaceful_coexistence" href="http://metadata.un.org/thesaurus/1004777" showAs="peaceful_coexistence" dictionary="UNBIS Thesaurus"></keyword>
        <keyword value="public_institutions" href="http://metadata.un.org/thesaurus/1005254" showAs="public_institutions" dictionary="UNBIS Thesaurus"></keyword>
        <keyword value="social_justice" href="http://metadata.un.org/thesaurus/1005970" showAs="social_justice" dictionary="UNBIS Thesaurus"></keyword>
        <keyword value="sustainable_development" href="http://metadata.un.org/thesaurus/1006319" showAs="sustainable_development" dictionary="UNBIS Thesaurus"></keyword>
      </classification>
      <classification source="http://metadata.un.org/sdg">
        <keyword value="17" href="http://metadata.un.org/sdg/17" showAs="sdg_17" dictionary="SDGO"></keyword>
        <keyword value="sustainable_development" href="http://eurovoc.europa.eu/5585" showAs="sustainable_development" dictionary="EuroVoc"></keyword>
        <keyword value="partnership" href="http://eurovoc.europa.eu/4199" showAs="partnership" dictionary="EuroVoc"></keyword>
        <keyword value="sustainable_development" href="http://metadata.un.org/thesaurus/1006319" showAs="sustainable_development" dictionary="UNBIS Thesaurus"></keyword>
        <keyword value="partnership" href="http://metadata.un.org/thesaurus/1004748" showAs="partnership" dictionary="UNBIS Thesaurus"></keyword>
      </classification>
      <workflow source="#un">
        <step date="2019-11-20" outcome="draftResolution" as="A/C.2/74/L.34/Rev.1" by="Bhutan, Mauritius, Mongolia, Republic of Korea and Turkmenistan" />
        <step date="0001-01-01" outcome="draftResolutionAdditionalSponsors" by="Burkina Faso, Costa Rica, Dominican Republic, Ecuador, El Salvador, Georgia, Guatemala, Israel, Namibia, Paraguay, Republic of Moldova, Sao Tome and Principe, Sierra Leone, Sri Lanka, Thailand, United States, Uzbekistan" />
        <step date="0001-01-01" outcome="recommendedForAdoption" as="A/74/381" by="" refersTo="57" />
        <step date="2019-12-19" outcome="adopted" as="A/74/PV.52" by="" />
      </workflow>
      <analysis source="#un">
        <parliamentary>
          <voting outcome="adoptedWithoutVote">
            <quorum value=""></quorum>
          </voting>
        </parliamentary>
      </analysis>
      <references source="#DGACM">
        <TLCOrganization eId="source" href="/akn/ontology/organization/un/DGACM" showAs="DGACM"></TLCOrganization>
        <TLCConcept eId="dateOfIssuance" href="/akn/ontology/concept/un/dateOfIssuance" showAs="Date of issuance"></TLCConcept>
        <TLCConcept eId="dateOfAdoption" href="/akn/ontology/concept/un/dateOfAdoption" showAs="Date of adoption"></TLCConcept>
        <TLCConcept eId="symbol" href="/akn/ontology/reference/un/symbol" showAs="Symbol"></TLCConcept>
        <TLCRole eId="publisher" href="/akn/ontology/role/un/publisher" showAs="Publisher"></TLCRole>
        <TLCRole eId="issuingBody" href="/akn/role/concept/un/issuingBody" showAs="Issuing body"></TLCRole>
        <TLCRole eId="author" href="/akn/ontology/role/un/author" showAs="Author"></TLCRole>
        <TLCRole eId="editor" href="/akn/ontology/role/un/editor" showAs="Editor"></TLCRole>
        <TLCRole eId="distribution" href="/akn/ontology/concept/un/generalDistribution" showAs="General distribution"></TLCRole>
        <TLCOrganization eId="ga" href="/akn/ontology/organization/un/generalAssembly" showAs="General Assembly"></TLCOrganization>
        <TLCTerm eId="resolutionTitle" href="/akn/ontology/reference/un/resolutionTitle" showAs="Resolution title"></TLCTerm>
        <TLCTerm eId="secondCommittee" href="#secondCommittee" showAs="Второй комитет"></TLCTerm>
        <TLCTerm eId="memberState" href="/akn/ontology/organization/un/memberState" showAs="Member State"></TLCTerm>
        <TLCTerm eId="inFavour" href="/akn/ontology/concept/un/voting/inFavour" showAs="In favour"></TLCTerm>
        <TLCTerm eId="against" href="/akn/ontology/concept/un/voting/against" showAs="Against"></TLCTerm>
        <TLCTerm eId="abstaining" href="/akn/ontology/concept/un/voting/abstaining" showAs="Abstaining"></TLCTerm>
      </references>
      <presentation source="#un">
        <akn4un:footerFirstPage>
          <akn4un:footerFirstPageLeft>
            <akn4un:internalCode>
              <docketNumber refersTo="#publicationJobNumber">19-22425 (R)</docketNumber>
              <img alt="bar code" class="barCode" src=""></img>
            </akn4un:internalCode>
          </akn4un:footerFirstPageLeft>
          <akn4un:footerFirstPageRight>
            <img alt="Please recycle" class="image" src="./recylcleLogo.jpg"></img>
            <img alt="embedded QR code" class="qrCode" src=""></img>
          </akn4un:footerFirstPageRight>
        </akn4un:footerFirstPage>
      </presentation>
    </meta>
    <coverPage eId="coverPage_1">
      <p>
        <span refersTo="#publisher" class="upperLeft">
          <docAuthority refersTo="#publisher">Организация Объединенных Наций</docAuthority>
        </span>
      </p>
      <p class="upperRight">
        <docNumber refersTo="#symbol">A/RES/74/212</docNumber>
      </p>
      <p class="upperLeft">
        <img src="logo-un.jpg"></img>
        <docAuthority refersTo="#issuingBody" class="rightBig">Генеральная Ассамблея</docAuthority>
      </p>
      <p>
        <docStatus refersTo="#generalDistribution" class="rightSmall">Distr.: General</docStatus>
      </p>
      <p>
        <docDate date="2020-01-22" class="rightSmall" refersTo="#dateOfIssuance">22 January 2020</docDate>
      </p>
      <p>
        <session refersTo="#generalAssembly" value="74" eId="coverPage_1__session_1">Семьдесят четвертая сессия</session>
      </p>
      <p>
        <inline name="agenda item">Пункт 19 повестки дня</inline>
      </p>
      <p>
        <inline name="agenda item name">Устойчивое развитие</inline>
      </p>
      <p>
        <docTitle>Резолюция, принятая Генеральной Ассамблеей 19 декабря 2019 года</docTitle>
      </p>
      <p xml:space="preserve">
        <docProponent refersTo="#secondCommittee">[по докладу Второго комитета (<inline name="originating document">A/74/381</inline>)]</docProponent>
      </p>
    </coverPage>
    <preface>
      <p>
        <docNumber>74/212.</docNumber>
        <docTitle refersTo="#resolutionTitle">Международный день чистого воздуха для голубого неба</docTitle>
      </p>
    </preface>
    <preamble>
      <formula name="enactingFormula" eId="formula_1">
        <p xml:space="preserve">
          <span class="italic">Генеральная Ассамблея</span>,</p>
      </formula>
      <container name="подтверждая " eId="container_2">
        <p xml:space="preserve">
          <span class="italic">подтверждая </span>свою резолюцию <a href="https://undocs.org/ru/A/RES/70/1">70/1</a> «Преобразование нашего мира: Повестка дня в области устойчивого развития на период до 2030 года» от 25 сентября 2015 года, в которой она утвердила всеобъемлющий, рассчитанный на перспективу и предусматривающий учет интересов людей набор универсальных и ориентированных на преобразования целей и задач в области устойчивого развития, свое обязательство прилагать неустанные усилия для полного осуществления Повестки дня к 2030 году, признание ею того, что ликвидация нищеты во всех ее формах и проявлениях, включая крайнюю нищету, является важнейшей глобальной задачей и одним из необходимых условий устойчивого развития, и свою приверженность сбалансированному и комплексному обеспечению устойчивого развития во всех его трех — экономическом, социальном и экологическом — компонентах, а также закреплению результатов, достигнутых в реализации целей в области развития, сформулированных в Декларации тысячелетия, и завершению всего, что не удалось сделать за время, отведенное для их достижения, </p>
      </container>
      <container name="подтверждая также" eId="container_3">
        <p xml:space="preserve">
          <span class="italic">подтверждая также</span> свои резолюции <a href="https://undocs.org/ru/A/RES/53/199">53/199</a> от 15 декабря 1998 года и <a href="https://undocs.org/ru/A/RES/61/185">61/185</a> от 20 декабря 2006 года о провозглашении международных годов и резолюцию 1980/67 Экономического и Социального Совета от 25 июля 1980 года о международных годах и годовщинах, и в частности пункты 1–10 приложения к ней, касающиеся согласованных критериев объявления международных годов, а также пункты 13 и 14, в которых говорится, что международный день или год не следует объявлять до принятия базовых мер по его организации и обеспечению финансирования, </p>
      </container>
      <container name="напоминая " eId="container_4">
        <p xml:space="preserve">
          <span class="italic">напоминая </span>о необходимости к 2030 году существенно сократить количество случаев смерти и заболевания в результате воздействия опасных химических веществ и загрязнения и отравления воздуха, воды и почв, а также к 2030 году уменьшить негативное экологическое воздействие городов в пересчете на душу населения, в том числе посредством уделения особого внимания качеству воздуха и удалению городских и других отходов,</p>
      </container>
      <container name="учитывая" eId="container_5">
        <p xml:space="preserve">
          <span class="italic">учитывая</span>, что чистый воздух важен для здоровья и повседневной жизни людей, сознавая, что загрязнение воздуха является самым серьезным экологическим риском для здоровья человека и одной из основных предотвратимых причин смерти и заболеваний в мире, учитывая также, что от загрязнения воздуха в несоразмерно большей степени страдают женщины, дети и пожилые люди, и будучи обеспокоена тем, что загрязнение воздуха негативно влияет на экосистемы,</p>
      </container>
      <container name="ссылаясь " eId="container_6">
        <p xml:space="preserve">
          <span class="italic">ссылаясь </span>на резолюцию 3/8 Ассамблеи Организации Объединенных Наций по окружающей среде от 6 декабря 2017 года<authorialNote marker="1" placement="bottom" eId="authorialNote_1"><p xml:space="preserve"><a href="https://undocs.org/ru/UNEP/EA.3/Res.8">UNEP/EA.3/Res.8</a>.</p></authorialNote>, резолюцию 68.8 Всемирной ассамблеи здравоохранения от 26 мая 2015 года<authorialNote marker="2" placement="bottom" eId="authorialNote_2"><p xml:space="preserve">		См. Всемирная организация здравоохранения, документ WHA68/2015/REC/1.</p></authorialNote> и резолюцию 75/4 Экономической и социальной комиссии для Азии и Тихого океана от 31 мая 2019 года, </p>
      </container>
      <container name="особо отмечая" eId="container_7">
        <p xml:space="preserve">
          <span class="italic">особо отмечая</span> необходимость укреплять международное сотрудничество на глобальном, региональном и субрегиональном уровне в различных областях, связанных с повышением качества воздуха, включая сбор и использование данных, проведение совместных исследований и разработок и обмен передовым опытом,</p>
      </container>
      <container name="констатируя" eId="container_8">
        <p xml:space="preserve">
          <span class="italic">констатируя</span> важность и насущную необходимость повышения осведомленности общественности на всех уровнях и пропаганды и поощрения мероприятий по повышению качества воздуха с учетом того, что чистый воздух важен для здоровья и повседневной жизни людей,</p>
      </container>
      <container name="с удовлетворением отмечая" eId="container_9">
        <p xml:space="preserve">
          <span class="italic">с удовлетворением отмечая</span> прогресс, достигнутый в деле борьбы с загрязнением воздуха, о чем свидетельствует целый ряд проектов, партнерств, механизмов и документов на национальном, региональном и глобальном уровне,</p>
      </container>
      <container name="констатируя" eId="container_10">
        <p xml:space="preserve">	констатируя, что повышение качества воздуха может способствовать смягчению последствий изменения климата и что усилия по смягчению последствий изменения климата могут привести к повышению качества воздуха,</p>
      </container>
      <container name="будучи воодушевлена" eId="container_11">
        <p xml:space="preserve">
          <span class="italic">будучи воодушевлена</span> растущей заинтересованностью международного сообщества в обеспечении чистоты воздуха и подчеркивая необходимость прилагать дополнительные усилия по повышению качества воздуха, включая снижение уровня загрязнения воздуха, в интересах охраны здоровья человека, </p>
      </container>
    </preamble>
    <mainBody>
      <paragraph eId="para_12" class="MercuryDocument">
        <num>	1.</num>
        <content eId="para_12__content">
          <p xml:space="preserve">
            <span class="italic">постановляет </span>провозгласить 7 сентября Международным днем чистого воздуха для голубого неба и отмечать его начиная с 2020 года;</p>
        </content>
      </paragraph>
      <paragraph eId="para_13" class="MercuryDocument">
        <num>	2.</num>
        <content eId="para_13__content">
          <p xml:space="preserve">
            <span class="italic">предлагает</span> всем государствам-членам, организациям системы Организации Объединенных Наций и другим международным и региональным организациям, а также гражданскому обществу, включая неправительственные организации, отдельных лиц и другие соответствующие заинтересованные стороны, надлежащим образом отмечать этот международный день в соответствии с национальными приоритетами и принимать во внимание необходимость активизации международного сотрудничества в поддержку предпринимаемых всеми государствами-членами усилий по обеспечению чистоты воздуха;</p>
        </content>
      </paragraph>
      <paragraph eId="para_14" class="MercuryDocument">
        <num>	3.</num>
        <content eId="para_14__content">
          <p xml:space="preserve">
            <span class="italic">предлагает </span>Программе Организации Объединенных Наций по окружающей среде во взаимодействии с другими соответствующими организациями содействовать проведению Международного дня чистого воздуха для голубого неба, принимая во внимание положения приложения к резолюции 1980/67 Экономического и Социального Совет от 25 июля 1980 года; </p>
        </content>
      </paragraph>
      <paragraph eId="para_15" class="MercuryDocument">
        <num>	4.</num>
        <content eId="para_15__content">
          <p xml:space="preserve">
            <span class="italic">подчеркивает</span>, что расходы на все мероприятия, связанные с осуществлением настоящей резолюции, должны покрываться за счет добровольных взносов;</p>
        </content>
      </paragraph>
      <paragraph eId="para_16" class="MercuryDocument">
        <num>	5.</num>
        <content eId="para_16__content">
          <p xml:space="preserve">
            <span class="italic">просит </span>Генерального секретаря довести настоящую резолюцию до сведения всех государств-членов, организаций системы Организации Объединенных Наций и других соответствующих межправительственных и неправительственных организаций в целях содействия проведению этого международного дня.</p>
        </content>
      </paragraph>
    </mainBody>
    <conclusions eId="conclusions">
      <p>
        <inline name="adoptionMeeting" title="52-e">52-e пленарное заседание</inline>
        <eol />
        <docDate date="2019-12-19" refersTo="#adoptionDate">19 декабря 2019 года</docDate>
      </p>
    </conclusions>
  </statement>
</akomaNtoso>