<akomaNtoso xmlns:xsi="http://www.w3.org/2001/XMLSchema-instance" xsi:schemaLocation="http://docs.oasis-open.org/legaldocml/ns/akn/3.0 http://docs.oasis-open.org/legaldocml/akn-core/v1.0/os/part2-specs/schemas/akomantoso30.xsd" xmlns="http://docs.oasis-open.org/legaldocml/ns/akn/3.0" xmlns:html="http://www.w3.org/1999/xhtml" xmlns:akn4un="http://un.org/akn4un">
  <statement name="resolution">
    <meta>
      <identification source="#DGACM">
        <FRBRWork>
          <FRBRthis value="/akn/un/statement/deliberation/unga/2020-04-13/74-272/!main/"></FRBRthis>
          <FRBRuri value="/akn/un/statement/deliberation/unga/2020-04-13/74-272/"></FRBRuri>
          <FRBRdate date="2020-04-13" name="adoption"></FRBRdate>
          <FRBRauthor href="ga" as="author"></FRBRauthor>
          <FRBRcountry value="un"></FRBRcountry>
        </FRBRWork>
        <FRBRExpression>
          <FRBRthis value="/akn/un/statement/deliberation/unga/2020-04-13/74-272/rus@!main/"></FRBRthis>
          <FRBRuri value="/akn/un/statement/deliberation/unga/2020-04-13/74-272/rus@/"></FRBRuri>
          <FRBRdate date="2020-04-14" name="publication"></FRBRdate>
          <FRBRauthor href="ga" as="issuer"></FRBRauthor>
          <FRBRlanguage language="rus"></FRBRlanguage>
        </FRBRExpression>
        <FRBRManifestation>
          <FRBRthis value="/akn/un/statement/deliberation/unga/2020-04-13/74-272/rus@/!main.xml"></FRBRthis>
          <FRBRuri value="/akn/un/statement/deliberation/unga/2020-04-13/74-272/rus@.xml"></FRBRuri>
          <FRBRdate date="2020-10-12" name="markup"></FRBRdate>
          <FRBRauthor href="DGACM" as="editor"></FRBRauthor>
        </FRBRManifestation>
      </identification>
      <classification source="http://metadata.un.org/sdg">
        <keyword value="1" href="http://metadata.un.org/sdg/1" showAs="sdg_1" dictionary="SDGO"></keyword>
        <keyword value="poverty" href="http://eurovoc.europa.eu/2281" showAs="poverty" dictionary="EuroVoc"></keyword>
        <keyword value="poverty" href="http://metadata.un.org/thesaurus/1005064" showAs="poverty" dictionary="UNBIS Thesaurus"></keyword>
        <keyword value="poverty_mitigation" href="http://metadata.un.org/thesaurus/1005065" showAs="poverty_mitigation" dictionary="UNBIS Thesaurus"></keyword>
      </classification>
      <classification source="http://metadata.un.org/sdg">
        <keyword value="11" href="http://metadata.un.org/sdg/11" showAs="sdg_11" dictionary="SDGO"></keyword>
        <keyword value="urban_area" href="http://eurovoc.europa.eu/4809" showAs="urban_area" dictionary="EuroVoc"></keyword>
        <keyword value="cities" href="http://metadata.un.org/thesaurus/1000995" showAs="cities" dictionary="UNBIS Thesaurus"></keyword>
        <keyword value="human_settlements" href="http://metadata.un.org/thesaurus/1002986" showAs="human_settlements" dictionary="UNBIS Thesaurus"></keyword>
      </classification>
      <classification source="http://metadata.un.org/sdg">
        <keyword value="13" href="http://metadata.un.org/sdg/13" showAs="sdg_13" dictionary="SDGO"></keyword>
        <keyword value="climate_change" href="http://eurovoc.europa.eu/5482" showAs="climate_change" dictionary="EuroVoc"></keyword>
        <keyword value="climate_change" href="http://metadata.un.org/thesaurus/1001030" showAs="climate_change" dictionary="UNBIS Thesaurus"></keyword>
      </classification>
      <workflow source="#un">
        <step date="2020-04-06" outcome="draftResolution" as="A/74/L.55" by="submitted by the President of the General Assembly" />
        <step date="0001-01-01" outcome="draftResolutionAdditionalSponsors" by="" />
        <step date="0001-01-01" outcome="recommendedForAdoption" by="" />
        <step date="2020-04-13" outcome="adopted" as="Adopted through silence procedure" by="" />
      </workflow>
      <analysis source="#un">
        <parliamentary>
          <voting outcome="adoptedWithoutVote">
            <quorum value=""></quorum>
          </voting>
        </parliamentary>
      </analysis>
      <references source="#DGACM">
        <TLCOrganization eId="source" href="/akn/ontology/organization/un/DGACM" showAs="DGACM"></TLCOrganization>
        <TLCConcept eId="dateOfIssuance" href="/akn/ontology/concept/un/dateOfIssuance" showAs="Date of issuance"></TLCConcept>
        <TLCConcept eId="dateOfAdoption" href="/akn/ontology/concept/un/dateOfAdoption" showAs="Date of adoption"></TLCConcept>
        <TLCConcept eId="symbol" href="/akn/ontology/reference/un/symbol" showAs="Symbol"></TLCConcept>
        <TLCRole eId="publisher" href="/akn/ontology/role/un/publisher" showAs="Publisher"></TLCRole>
        <TLCRole eId="issuingBody" href="/akn/role/concept/un/issuingBody" showAs="Issuing body"></TLCRole>
        <TLCRole eId="author" href="/akn/ontology/role/un/author" showAs="Author"></TLCRole>
        <TLCRole eId="editor" href="/akn/ontology/role/un/editor" showAs="Editor"></TLCRole>
        <TLCRole eId="distribution" href="/akn/ontology/concept/un/generalDistribution" showAs="General distribution"></TLCRole>
        <TLCOrganization eId="ga" href="/akn/ontology/organization/un/generalAssembly" showAs="General Assembly"></TLCOrganization>
        <TLCTerm eId="resolutionTitle" href="/akn/ontology/reference/un/resolutionTitle" showAs="Resolution title"></TLCTerm>
        <TLCTerm eId="noMainCommittee" href="#noMainCommittee" showAs="без передачи в главные комитеты"></TLCTerm>
        <TLCTerm eId="memberState" href="/akn/ontology/organization/un/memberState" showAs="Member State"></TLCTerm>
        <TLCTerm eId="inFavour" href="/akn/ontology/concept/un/voting/inFavour" showAs="In favour"></TLCTerm>
        <TLCTerm eId="against" href="/akn/ontology/concept/un/voting/against" showAs="Against"></TLCTerm>
        <TLCTerm eId="abstaining" href="/akn/ontology/concept/un/voting/abstaining" showAs="Abstaining"></TLCTerm>
      </references>
      <presentation source="#un">
        <akn4un:footerFirstPage>
          <akn4un:footerFirstPageLeft>
            <akn4un:internalCode>
              <docketNumber refersTo="#publicationJobNumber">20-05573 (R)</docketNumber>
              <img alt="bar code" class="barCode" src=""></img>
            </akn4un:internalCode>
          </akn4un:footerFirstPageLeft>
          <akn4un:footerFirstPageRight>
            <img alt="Please recycle" class="image" src="./recylcleLogo.jpg"></img>
            <img alt="embedded QR code" class="qrCode" src=""></img>
          </akn4un:footerFirstPageRight>
        </akn4un:footerFirstPage>
      </presentation>
    </meta>
    <coverPage eId="coverPage_1">
      <p>
        <span refersTo="#publisher" class="upperLeft">
          <docAuthority refersTo="#publisher">Организация Объединенных Наций</docAuthority>
        </span>
      </p>
      <p class="upperRight">
        <docNumber refersTo="#symbol">A/RES/74/272</docNumber>
      </p>
      <p class="upperLeft">
        <img src="logo-un.jpg"></img>
        <docAuthority refersTo="#issuingBody" class="rightBig">Генеральная Ассамблея</docAuthority>
      </p>
      <p>
        <docStatus refersTo="#generalDistribution" class="rightSmall">Distr.: General</docStatus>
      </p>
      <p>
        <docDate date="2020-04-14" class="rightSmall" refersTo="#dateOfIssuance">14 April 2020</docDate>
      </p>
      <p>
        <session refersTo="#generalAssembly" value="74" eId="coverPage_1__session_1">Семьдесят четвертая сессия</session>
      </p>
      <p>
        <inline name="agenda item">Пункт 147 повестки дня</inline>
      </p>
      <p>
        <inline name="agenda item name">Финансирование Международного остаточного механизма для уголовных трибуналов</inline>
      </p>
      <p>
        <docTitle>Резолюция, принятая Генеральной Ассамблеей 13 апреля 2020 года</docTitle>
      </p>
      <p xml:space="preserve">
        <docProponent refersTo="#noMainCommittee">[без передачи в главные комитеты (<inline name="originating document">A/74/L.55</inline>)]</docProponent>
      </p>
    </coverPage>
    <preface>
      <p>
        <docNumber>74/272.</docNumber>
        <docTitle refersTo="#resolutionTitle">Строительство нового здания для Международного остаточного механизма для уголовных трибуналов, отделение в Аруше</docTitle>
      </p>
    </preface>
    <preamble>
      <formula name="enactingFormula" eId="formula_1">
        <p xml:space="preserve">
          <span class="italic">Генеральная Ассамблея</span>,</p>
      </formula>
      <container name="ссылаясь" eId="container_2">
        <p xml:space="preserve">
          <span class="italic">	ссылаясь</span> на свои резолюции <a href="https://undocs.org/ru/A/RES/66/240">66/240</a> A от 24 декабря 2011 года, <a href="https://undocs.org/ru/A/RES/66/240B">66/240 B</a> от 21 июня 2012 года, <a href="https://undocs.org/ru/A/RES/67/244B">67/244 B</a> от 12 апреля 2013 года, <a href="https://undocs.org/ru/A/RES/68/257">68/257</a> от 27 декабря 2013 года, <a href="https://undocs.org/ru/A/RES/68/267">68/267</a> от 9 апреля 2014 года, <a href="https://undocs.org/ru/A/RES/69/276">69/276</a> от 2 апреля 2015 года, <a href="https://undocs.org/ru/A/RES/70/258">70/258</a> от 1 апреля 2016 года, <a href="https://undocs.org/ru/A/RES/71/282">71/282</a> от 6 апреля 2017 года, <a href="https://undocs.org/ru/A/RES/72/270">72/270</a> от 4 апреля 2018 года и <a href="https://undocs.org/ru/A/RES/73/288">73/288</a> от 15 апреля 2019 года,</p>
      </container>
      <container name="рассмотрев" eId="container_3">
        <p xml:space="preserve">
          <span class="italic">	рассмотрев</span> доклад Генерального секретаря<authorialNote marker="1" placement="bottom" eId="authorialNote_1"><p xml:space="preserve"><a href="https://undocs.org/ru/A/74/662">A/74/662</a>.</p></authorialNote> и соответствующий доклад Консультативного комитета по административным и бюджетным вопросам<authorialNote marker="2" placement="bottom" eId="authorialNote_2"><p xml:space="preserve"><a href="https://undocs.org/ru/A/74/707">A/74/707</a>.</p></authorialNote>,</p>
      </container>
    </preamble>
    <mainBody>
      <paragraph eId="para_4" class="SingleTxt">
        <num>	1.</num>
        <content eId="para_4__content">
          <p xml:space="preserve">
            <span class="italic">принимает к сведению</span> доклад Генерального секретаря<sup>1</sup>;</p>
        </content>
      </paragraph>
      <paragraph eId="para_5" class="SingleTxt">
        <num>	2.</num>
        <content eId="para_5__content">
          <p xml:space="preserve">
            <span class="italic">одобряет</span> выводы и рекомендации, содержащиеся в докладе Консультативного комитета по административным и бюджетным вопросам<sup>2</sup>, с учетом положений настоящей резолюции;</p>
        </content>
      </paragraph>
      <paragraph eId="para_6" class="SingleTxt">
        <num>	3.</num>
        <content eId="para_6__content">
          <p xml:space="preserve">
            <span class="italic">с признательностью отмечает</span> неустанные усилия правительства Объединенной Республики Танзания по оказанию содействия в реализации проекта строительства;</p>
        </content>
      </paragraph>
      <paragraph eId="para_7" class="SingleTxt">
        <num>	4.</num>
        <content eId="para_7__content">
          <p xml:space="preserve">
            <span class="italic">отмечает </span>прогресс, достигнутый в строительстве новых помещений, и просит Генерального секретаря представить Генеральной Ассамблее заключительный доклад в ходе ее семьдесят шестой сессии;</p>
        </content>
      </paragraph>
      <paragraph eId="para_8" class="SingleTxt">
        <num>	5.</num>
        <content eId="para_8__content">
          <p xml:space="preserve">
            <span class="italic">ссылается</span> на пункты 10 и 26 доклада Консультативного комитета, настоятельно призывает Генерального секретаря активизировать свои усилия по обеспечению осуществления проекта в полном объеме, в том числе оставшихся работ по устранению дефектов в системе отопления, вентиляции и кондиционирования воздуха и мероприятий, необходимых для завершения проекта, без дальнейших задержек, в пересмотренные сроки и с общим бюджетом, утвержденным для проекта, в размере 8 787 733 долл. США и просит его представить информацию по этому вопросу в его заключительном докладе;</p>
        </content>
      </paragraph>
      <paragraph eId="para_9" class="SingleTxt">
        <num>	6.</num>
        <content eId="para_9__content">
          <p xml:space="preserve">
            <span class="italic">просит</span> Генерального секретаря включить в его заключительный доклад, в частности, анализ обновленной и всеобъемлющей информации о накопленном опыте и передовой практике, в том числе в отношении заключения контрактов и управления проектами, а также знаний, приобретенных в ходе продолжающегося выполнения оставшихся работ по проекту, с тем чтобы эту информацию можно было применить, в соответствующих случаях, в других строительных проектах;</p>
        </content>
      </paragraph>
      <paragraph eId="para_10" class="SingleTxt">
        <num>	7.</num>
        <content eId="para_10__content">
          <p xml:space="preserve">
            <span class="italic">ссылается</span> на пункт 14 доклада Консультативного комитета и просит Генерального секретаря продолжать прилагать усилия к тому, чтобы добиться возмещения прямых и косвенных издержек, понесенных в результате ошибок и задержек со стороны партнеров по контрактам, а именно архитектора и подрядчика, в тех случаях, когда это экономически целесообразно, и представить информацию по этому вопросу в его заключительном докладе;</p>
        </content>
      </paragraph>
      <paragraph eId="para_11" class="SingleTxt">
        <num>	8.</num>
        <content eId="para_11__content">
          <p xml:space="preserve">
            <span class="italic">с озабоченностью отмечает</span> намерение подрядчика оспорить вычет в размере приблизительно 230 000 долл. США из суммы окончательного платежа и в этой связи призывает Генерального секретаря приложить все усилия к тому, чтобы оперативно решить этот вопрос;</p>
        </content>
      </paragraph>
      <paragraph eId="para_12" class="SingleTxt">
        <num>	9.</num>
        <content eId="para_12__content">
          <p xml:space="preserve">
            <span class="italic">призывает</span> Генерального секретаря продолжать его усилия по привлечению местных специалистов и местного потенциала для осуществления проекта.</p>
        </content>
      </paragraph>
    </mainBody>
    <conclusions eId="conclusions">
      <p>
        <docDate date="2020-04-13" refersTo="#adoptionDate">13 апреля 2020 года</docDate>
      </p>
    </conclusions>
  </statement>
</akomaNtoso>