<akomaNtoso xmlns:xsi="http://www.w3.org/2001/XMLSchema-instance" xsi:schemaLocation="http://docs.oasis-open.org/legaldocml/ns/akn/3.0 http://docs.oasis-open.org/legaldocml/akn-core/v1.0/os/part2-specs/schemas/akomantoso30.xsd" xmlns="http://docs.oasis-open.org/legaldocml/ns/akn/3.0" xmlns:html="http://www.w3.org/1999/xhtml" xmlns:akn4un="http://un.org/akn4un">
  <statement name="resolution">
    <meta>
      <identification source="#DGACM">
        <FRBRWork>
          <FRBRthis value="/akn/un/statement/deliberation/unga/2020-06-01/74-276/!main/"></FRBRthis>
          <FRBRuri value="/akn/un/statement/deliberation/unga/2020-06-01/74-276/"></FRBRuri>
          <FRBRdate date="2020-06-01" name="adoption"></FRBRdate>
          <FRBRauthor href="ga" as="author"></FRBRauthor>
          <FRBRcountry value="un"></FRBRcountry>
        </FRBRWork>
        <FRBRExpression>
          <FRBRthis value="/akn/un/statement/deliberation/unga/2020-06-01/74-276/rus@!main/"></FRBRthis>
          <FRBRuri value="/akn/un/statement/deliberation/unga/2020-06-01/74-276/rus@/"></FRBRuri>
          <FRBRdate date="2020-06-02" name="publication"></FRBRdate>
          <FRBRauthor href="ga" as="issuer"></FRBRauthor>
          <FRBRlanguage language="rus"></FRBRlanguage>
        </FRBRExpression>
        <FRBRManifestation>
          <FRBRthis value="/akn/un/statement/deliberation/unga/2020-06-01/74-276/rus@/!main.xml"></FRBRthis>
          <FRBRuri value="/akn/un/statement/deliberation/unga/2020-06-01/74-276/rus@.xml"></FRBRuri>
          <FRBRdate date="2020-10-12" name="markup"></FRBRdate>
          <FRBRauthor href="DGACM" as="editor"></FRBRauthor>
        </FRBRManifestation>
      </identification>
      <classification source="http://metadata.un.org/sdg">
        <keyword value="6" href="http://metadata.un.org/sdg/6" showAs="sdg_6" dictionary="SDGO"></keyword>
        <keyword value="water" href="http://eurovoc.europa.eu/597" showAs="water" dictionary="EuroVoc"></keyword>
        <keyword value="public_hygiene" href="http://eurovoc.europa.eu/3371" showAs="public_hygiene" dictionary="EuroVoc"></keyword>
        <keyword value="use_of_water" href="http://eurovoc.europa.eu/4628" showAs="use_of_water" dictionary="EuroVoc"></keyword>
        <keyword value="water" href="http://metadata.un.org/thesaurus/030500" showAs="water" dictionary="UNBIS Thesaurus"></keyword>
        <keyword value="sanitation" href="http://metadata.un.org/thesaurus/1005701" showAs="sanitation" dictionary="UNBIS Thesaurus"></keyword>
        <keyword value="water_management" href="http://metadata.un.org/thesaurus/1006948" showAs="water_management" dictionary="UNBIS Thesaurus"></keyword>
      </classification>
      <classification source="http://metadata.un.org/sdg">
        <keyword value="12" href="http://metadata.un.org/sdg/12" showAs="sdg_12" dictionary="SDGO"></keyword>
        <keyword value="consumption" href="http://eurovoc.europa.eu/139" showAs="consumption" dictionary="EuroVoc"></keyword>
        <keyword value="production" href="http://eurovoc.europa.eu/2707" showAs="production" dictionary="EuroVoc"></keyword>
        <keyword value="sustainable_consumption" href="http://metadata.un.org/thesaurus/1006318" showAs="sustainable_consumption" dictionary="UNBIS Thesaurus"></keyword>
        <keyword value="consumption" href="http://metadata.un.org/thesaurus/1001264" showAs="consumption" dictionary="UNBIS Thesaurus"></keyword>
        <keyword value="production" href="http://metadata.un.org/thesaurus/1005146" showAs="production" dictionary="UNBIS Thesaurus"></keyword>
      </classification>
      <classification source="http://metadata.un.org/sdg">
        <keyword value="14" href="http://metadata.un.org/sdg/14" showAs="sdg_14" dictionary="SDGO"></keyword>
        <keyword value="marine_life" href="http://eurovoc.europa.eu/3149" showAs="marine_life" dictionary="EuroVoc"></keyword>
        <keyword value="marine_environment" href="http://eurovoc.europa.eu/5742" showAs="marine_environment" dictionary="EuroVoc"></keyword>
        <keyword value="ocean" href="http://eurovoc.europa.eu/2107" showAs="ocean" dictionary="EuroVoc"></keyword>
        <keyword value="sea" href="http://eurovoc.europa.eu/1870" showAs="sea" dictionary="EuroVoc"></keyword>
        <keyword value="marine_resources" href="http://metadata.un.org/thesaurus/030800" showAs="marine_resources" dictionary="UNBIS Thesaurus"></keyword>
        <keyword value="marine_resources" href="http://metadata.un.org/thesaurus/1003922" showAs="marine_resources" dictionary="UNBIS Thesaurus"></keyword>
        <keyword value="oceans_and_seas" href="http://metadata.un.org/thesaurus/170600" showAs="oceans_and_seas" dictionary="UNBIS Thesaurus"></keyword>
      </classification>
      <classification source="http://metadata.un.org/sdg">
        <keyword value="16" href="http://metadata.un.org/sdg/16" showAs="sdg_16" dictionary="SDGO"></keyword>
        <keyword value="right_to_justice" href="http://eurovoc.europa.eu/516" showAs="right_to_justice" dictionary="EuroVoc"></keyword>
        <keyword value="sustainable_development" href="http://eurovoc.europa.eu/5585" showAs="sustainable_development" dictionary="EuroVoc"></keyword>
        <keyword value="civil_society" href="http://metadata.un.org/thesaurus/1001012" showAs="civil_society" dictionary="UNBIS Thesaurus"></keyword>
        <keyword value="justice" href="http://metadata.un.org/thesaurus/1003500" showAs="justice" dictionary="UNBIS Thesaurus"></keyword>
        <keyword value="peaceful_coexistence" href="http://metadata.un.org/thesaurus/1004777" showAs="peaceful_coexistence" dictionary="UNBIS Thesaurus"></keyword>
        <keyword value="public_institutions" href="http://metadata.un.org/thesaurus/1005254" showAs="public_institutions" dictionary="UNBIS Thesaurus"></keyword>
        <keyword value="social_justice" href="http://metadata.un.org/thesaurus/1005970" showAs="social_justice" dictionary="UNBIS Thesaurus"></keyword>
        <keyword value="sustainable_development" href="http://metadata.un.org/thesaurus/1006319" showAs="sustainable_development" dictionary="UNBIS Thesaurus"></keyword>
      </classification>
      <classification source="http://metadata.un.org/sdg">
        <keyword value="17" href="http://metadata.un.org/sdg/17" showAs="sdg_17" dictionary="SDGO"></keyword>
        <keyword value="sustainable_development" href="http://eurovoc.europa.eu/5585" showAs="sustainable_development" dictionary="EuroVoc"></keyword>
        <keyword value="partnership" href="http://eurovoc.europa.eu/4199" showAs="partnership" dictionary="EuroVoc"></keyword>
        <keyword value="sustainable_development" href="http://metadata.un.org/thesaurus/1006319" showAs="sustainable_development" dictionary="UNBIS Thesaurus"></keyword>
        <keyword value="partnership" href="http://metadata.un.org/thesaurus/1004748" showAs="partnership" dictionary="UNBIS Thesaurus"></keyword>
      </classification>
      <workflow source="#un">
        <step date="2020-05-22" outcome="draftResolution" as="A/74/L.58/Rev.2" by="United Arab Emirates" />
        <step date="0001-01-01" outcome="draftResolutionAdditionalSponsors" by="" />
        <step date="0001-01-01" outcome="recommendedForAdoption" by="" />
        <step date="2020-06-01" outcome="adopted" as="Adopted through silence procedure" by="" />
      </workflow>
      <analysis source="#un">
        <parliamentary>
          <voting outcome="adoptedWithoutVote">
            <quorum value=""></quorum>
          </voting>
        </parliamentary>
      </analysis>
      <references source="#DGACM">
        <TLCOrganization eId="source" href="/akn/ontology/organization/un/DGACM" showAs="DGACM"></TLCOrganization>
        <TLCConcept eId="dateOfIssuance" href="/akn/ontology/concept/un/dateOfIssuance" showAs="Date of issuance"></TLCConcept>
        <TLCConcept eId="dateOfAdoption" href="/akn/ontology/concept/un/dateOfAdoption" showAs="Date of adoption"></TLCConcept>
        <TLCConcept eId="symbol" href="/akn/ontology/reference/un/symbol" showAs="Symbol"></TLCConcept>
        <TLCRole eId="publisher" href="/akn/ontology/role/un/publisher" showAs="Publisher"></TLCRole>
        <TLCRole eId="issuingBody" href="/akn/role/concept/un/issuingBody" showAs="Issuing body"></TLCRole>
        <TLCRole eId="author" href="/akn/ontology/role/un/author" showAs="Author"></TLCRole>
        <TLCRole eId="editor" href="/akn/ontology/role/un/editor" showAs="Editor"></TLCRole>
        <TLCRole eId="distribution" href="/akn/ontology/concept/un/generalDistribution" showAs="General distribution"></TLCRole>
        <TLCOrganization eId="ga" href="/akn/ontology/organization/un/generalAssembly" showAs="General Assembly"></TLCOrganization>
        <TLCTerm eId="resolutionTitle" href="/akn/ontology/reference/un/resolutionTitle" showAs="Resolution title"></TLCTerm>
        <TLCTerm eId="noMainCommittee" href="#noMainCommittee" showAs="без передачи в главные комитеты"></TLCTerm>
        <TLCTerm eId="memberState" href="/akn/ontology/organization/un/memberState" showAs="Member State"></TLCTerm>
        <TLCTerm eId="inFavour" href="/akn/ontology/concept/un/voting/inFavour" showAs="In favour"></TLCTerm>
        <TLCTerm eId="against" href="/akn/ontology/concept/un/voting/against" showAs="Against"></TLCTerm>
        <TLCTerm eId="abstaining" href="/akn/ontology/concept/un/voting/abstaining" showAs="Abstaining"></TLCTerm>
      </references>
      <presentation source="#un">
        <akn4un:footerFirstPage>
          <akn4un:footerFirstPageLeft>
            <akn4un:internalCode>
              <docketNumber refersTo="#publicationJobNumber">20-07344 (R)</docketNumber>
              <img alt="bar code" class="barCode" src=""></img>
            </akn4un:internalCode>
          </akn4un:footerFirstPageLeft>
          <akn4un:footerFirstPageRight>
            <img alt="Please recycle" class="image" src="./recylcleLogo.jpg"></img>
            <img alt="embedded QR code" class="qrCode" src=""></img>
          </akn4un:footerFirstPageRight>
        </akn4un:footerFirstPage>
      </presentation>
    </meta>
    <coverPage eId="coverPage_1">
      <p>
        <span refersTo="#publisher" class="upperLeft">
          <docAuthority refersTo="#publisher">Организация Объединенных Наций</docAuthority>
        </span>
      </p>
      <p class="upperRight">
        <docNumber refersTo="#symbol">A/RES/74/276</docNumber>
      </p>
      <p class="upperLeft">
        <img src="logo-un.jpg"></img>
        <docAuthority refersTo="#issuingBody" class="rightBig">Генеральная Ассамблея</docAuthority>
      </p>
      <p>
        <docStatus refersTo="#generalDistribution" class="rightSmall">Distr.: General</docStatus>
      </p>
      <p>
        <docDate date="2020-06-02" class="rightSmall" refersTo="#dateOfIssuance">2 June 2020</docDate>
      </p>
      <p>
        <session refersTo="#generalAssembly" eId="coverPage_1__session_1"></session>
      </p>
      <p>
        <inline name="agenda item">Пункт 106 повестки дня</inline>
      </p>
      <p>
        <inline name="agenda item name">Предупреждение преступности и уголовное правосудие</inline>
      </p>
      <p>
        <docTitle>Резолюция, принятая Генеральной Ассамблеей 1 июня 2020 года</docTitle>
      </p>
      <p xml:space="preserve">
        <docProponent refersTo="#noMainCommittee">[без передачи в главные комитеты (<inline name="originating document">A/74/L.58/Rev.2</inline>)]</docProponent>
      </p>
    </coverPage>
    <preface>
      <p>
        <docNumber>74/276.</docNumber>
        <docTitle refersTo="#resolutionTitle">Специальная сессия Генеральной Ассамблеи против коррупции</docTitle>
      </p>
    </preface>
    <preamble>
      <formula name="enactingFormula" eId="formula_1">
        <p xml:space="preserve">
          <span class="italic">Генеральная Ассамблея</span>,</p>
      </formula>
      <container name="ссылаясь " eId="container_2">
        <p xml:space="preserve">
          <span class="italic">ссылаясь </span>на свои резолюции <a href="https://undocs.org/ru/A/RES/54/205">54/205</a> от 22 декабря 1999 года, <a href="https://undocs.org/ru/A/RES/55/61">55/61</a> от 4 декабря 2000 года, <a href="https://undocs.org/ru/A/RES/55/188">55/188</a> от 20 декабря 2000 года, <a href="https://undocs.org/ru/A/RES/56/186">56/186</a> от 21 декабря 2001 года и <a href="https://undocs.org/ru/A/RES/57/244">57/244</a> от 20 декабря 2002 года и ссылаясь также на свои резолюции <a href="https://undocs.org/ru/A/RES/58/4">58/4</a> от 31 октября 2003 года, <a href="https://undocs.org/ru/A/RES/58/205">58/205</a> от 23 декабря 2003 года, <a href="https://undocs.org/ru/A/RES/59/242">59/242</a> от 22 декабря 2004 года, <a href="https://undocs.org/ru/A/RES/60/207">60/207</a> от 22 декабря 2005 года, <a href="https://undocs.org/ru/A/RES/61/209">61/209</a> от 20 декабря 2006 года, <a href="https://undocs.org/ru/A/RES/62/202">62/202</a> от 19 декабря 2007 года, <a href="https://undocs.org/ru/A/RES/63/226">63/226</a> от 19 декабря 2008 года, <a href="https://undocs.org/ru/A/RES/64/237">64/237</a> от 24 декабря 2009 года, <a href="https://undocs.org/ru/A/RES/65/169">65/169</a> от 20 декабря 2010 года, <a href="https://undocs.org/ru/A/RES/67/189">67/189</a> и <a href="https://undocs.org/ru/A/RES/67/192">67/192</a> от 20 декабря 2012 года, <a href="https://undocs.org/ru/A/RES/68/195">68/195</a> от 18 декабря 2013 года, <a href="https://undocs.org/ru/A/RES/69/199">69/199</a> от 18 декабря 2014 года, <a href="https://undocs.org/ru/A/RES/71/208">71/208</a> от 19 декабря 2016 года и <a href="https://undocs.org/ru/A/RES/73/190">73/190</a> от 17 декабря 2018 года и резолюции Совета по правам человека <a href="https://undocs.org/ru/A/hrc/RES/23/9">23/9</a> от 13 июня 2013 года<authorialNote marker="1" placement="bottom" eId="authorialNote_1"><p xml:space="preserve">		См. <span class="italic">Официальные отчеты Генеральной Ассамблеи, шестьдесят восьмая сессия, Дополнение № 53</span> (<a href="https://undocs.org/ru/A/68/53">A/68/53</a>), гл. V, разд. A.</p></authorialNote>, <a href="https://undocs.org/ru/A/hrc/RES/29/11">29/11</a> от 2 июля 2015 года<authorialNote marker="2" placement="bottom" eId="authorialNote_2"><p xml:space="preserve">		Там же, <span class="italic">семидесятая сессия, Дополнение № 53</span> (<a href="https://undocs.org/ru/A/70/53">A/70/53</a>), гл. V, разд. A.</p></authorialNote> и <a href="https://undocs.org/ru/A/hrc/RES/35/25">35/25</a> от 23 июня 2017 года<authorialNote marker="3" placement="bottom" eId="authorialNote_3"><p xml:space="preserve">		Там же, <span class="italic">семьдесят вторая сессия, Дополнение № 53</span> (<a href="https://undocs.org/ru/A/72/53">A/72/53</a>), гл. V, разд. A.</p></authorialNote>,</p>
      </container>
      <container name="ссылаясь также " eId="container_3">
        <p xml:space="preserve">
          <span class="italic">ссылаясь также </span>на свою резолюцию <a href="https://undocs.org/ru/A/RES/73/191">73/191</a> от 17 декабря 2018 года, озаглавленную «Специальная сессия Генеральной Ассамблеи против коррупции», в которой она постановила созвать в первой половине 2021 года специальную сессию Ассамблеи по вызовам и мерам в сфере предупреждения коррупции, борьбы с ней и усиления международного сотрудничества,</p>
      </container>
      <container name="ссылаясь далее " eId="container_4">
        <p xml:space="preserve">
          <span class="italic">ссылаясь далее </span>на вступление в силу 14 декабря 2005 года Конвенции Организации Объединенных Наций против коррупции<authorialNote marker="4" placement="bottom" eId="authorialNote_4"><p xml:space="preserve">		United Nations, <span class="italic">Treaty Series</span>, vol. 2349, No. 42146.</p></authorialNote>, которая является самым всеобъемлющим и универсальным документом, касающимся коррупции, и признавая необходимость продолжать содействовать ее ратификации или присоединению к ней и полному и эффективному выполнению сформулированных в ней обязательств,</p>
      </container>
      <container name="учитывая," eId="container_5">
        <p xml:space="preserve">
          <span class="italic">учитывая,</span> что предупреждение и искоренение коррупции — это обязанность всех государств и что они должны сотрудничать друг с другом при поддержке и участии отдельных лиц и групп за пределами публичного сектора, и с удовлетворением отмечая усилия государств по содействию их активному участию,</p>
      </container>
      <container name="принимая к сведению" eId="container_6">
        <p xml:space="preserve">
          <span class="italic">принимая к сведению</span> статью 4 Конвенции, согласно которой государства-участники осуществляют свои обязательства согласно Конвенции в соответствии с принципами суверенного равенства и территориальной целостности государств и принципом невмешательства во внутренние дела других государств, и ссылаясь на резолюцию <a href="https://undocs.org/ru/A/RES/70/1">70/1</a> Генеральной Ассамблеи от 25 сентября 2015 года,</p>
      </container>
      <container name="учитывая" eId="container_7">
        <p xml:space="preserve">
          <span class="italic">учитывая</span>, что ничто в этой конвенции не наделяет государство-участник правом осуществлять на территории другого государства юрисдикцию и функции, которые входят исключительно в компетенцию органов этого другого государства в соответствии с его внутренним законодательством,</p>
      </container>
      <container name="c удовлетворением принимая к сведению" eId="container_8">
        <p xml:space="preserve">
            <span class="italic">c удовлетворением принимая к сведению </span>все соответствующие региональные политические декларации государств — членов Организации Объединенных Наций, направленные против коррупции,</p>
      </container>
      <container name="подчеркивая" eId="container_9">
        <p xml:space="preserve">
          <span class="italic">подчеркивая</span> важность специальной сессии для предупреждения коррупции и борьбы с ней и укрепления международного сотрудничества в этих целях путем, в частности, содействия полному и эффективному выполнению обязательств, сформулированных в Конвенции,</p>
      </container>
      <container name="подчеркивая также" eId="container_10">
        <p xml:space="preserve">
          <span class="italic">подчеркивая также</span>, что в Повестке дня в области устойчивого развития на период до 2030 года<authorialNote marker="5" placement="bottom" eId="authorialNote_5"><p xml:space="preserve">		 Резолюция <a href="https://undocs.org/ru/A/RES/70/1">70/1</a>.</p></authorialNote> говорится о необходимости содействовать построению миролюбивого и открытого общества в интересах устойчивого развития, обеспечивать доступ к правосудию для всех и создавать эффективные, подотчетные и основанные на широком участии учреждения на всех уровнях, и будучи обеспокоена серьезностью порождаемых коррупцией проблем и угроз для стабильности и безопасности общества, которые подрывают демократические институты и ценности, этические устои и справедливость и наносят ущерб устойчивому развитию и правопорядку,</p>
      </container>
    </preamble>
    <mainBody>
      <paragraph eId="para_11" class="SingleTxt">
        <num>	1.</num>
        <content eId="para_11__content">
          <p xml:space="preserve">
            <span class="italic">постановляет</span>, что специальная сессия Генеральной Ассамблеи по вызовам и мерам в сфере предупреждения коррупции, борьбы с ней и усиления международного сотрудничества будет проходить в течение трех дней, с 26 по 28 апреля 2021 года, в Центральных учреждениях Организации Объединенных Наций в Нью-Йорке;</p>
        </content>
      </paragraph>
      <paragraph eId="para_12" class="SingleTxt">
        <num>	2.</num>
        <content eId="para_12__content">
          <p xml:space="preserve">
            <span class="italic">постановляет также</span>, что специальная сессия будет организована следующим образом:</p>
        </content>
      </paragraph>
      <paragraph eId="para_13" class="SingleTxt">
        <content eId="para_13__content">
          <p xml:space="preserve">	а)	специальная сессия будет проходить в формате пленарных заседаний с 10 ч 00 мин до 13 ч 00 мин и с 15 ч 00 мин до 18 ч 00 мин;</p>
        </content>
      </paragraph>
      <paragraph eId="para_14" class="SingleTxt">
        <content eId="para_14__content">
          <p xml:space="preserve">	b)	на открытии специальной сессии с заявлениями выступят Председатель Генеральной Ассамблеи, Генеральный секретарь, Председатель Экономического и Социального Совета, Председатель Конференции государств — участников Конвенции Организации Объединенных Наций против коррупции и Директор-исполнитель Управления Организации Объединенных Наций по наркотикам и преступности;</p>
        </content>
      </paragraph>
      <paragraph eId="para_15" class="SingleTxt">
        <content eId="para_15__content">
          <p xml:space="preserve">	с)	на пленарных заседаниях с заявлениями выступят представители государств-членов, государств и региональных организаций в области экономической интеграции, являющихся участниками Конвенции Организации Объединенных Наций против коррупции, наблюдатели в Генеральной Ассамблее и, если позволит время, ограниченное число представителей соответствующих организаций, присутствующих на специальной сессии, согласно подпунктам d) и e) ниже, выбранных Председателем Генеральной Ассамблеи по согласованию с государствами-членами и с должным учетом принципа географической и гендерной сбалансированности; перечень ораторов будет составлен в соответствии с установившейся практикой Ассамблеи<authorialNote marker="6" placement="bottom" eId="authorialNote_6"><p xml:space="preserve">		В соответствии с установившейся практикой Генеральной Ассамблеи заявления ораторов из неправительственных организаций, не имеющих консультативного статуса при Экономическом и Социальном Совете, должны рассматриваться государствами — членами Организации Объединенных Наций по процедуре «отсутствия возражений».</p></authorialNote>, а продолжительность выступлений будет ограничена пятью минутами для отдельных делегаций и семью минутами для заявлений от имени группы государств;</p>
        </content>
      </paragraph>
      <paragraph eId="para_16" class="SingleTxt">
        <content eId="para_16__content">
          <p xml:space="preserve">	d)	представителям неправительственных организаций, имеющих консультативный статус при Экономическом и Социальном Совете, предлагается принять участие в работе специальной сессии в соответствии с установившейся практикой Генеральной Ассамблеи;</p>
        </content>
      </paragraph>
      <paragraph eId="para_17" class="SingleTxt">
        <content eId="para_17__content">
          <p xml:space="preserve">	e)	в соответствии с установившейся практикой Генеральной Ассамблеи Председатель Генеральной Ассамблеи составляет список других соответствующих представителей неправительственных организаций, организаций гражданского общества, научно-образовательных учреждений и частного сектора, которые могут присутствовать на специальной сессии, принимая во внимание принципы транспарентности и справедливой географической представленности, с должным учетом необходимости конструктивного участия женщин в соответствии с установившейся практикой Генеральной Ассамблеи, и представляет этот список государствам-членам для рассмотрения на основе процедуры отсутствия возражений<authorialNote marker="7" placement="bottom" eId="authorialNote_7"><p xml:space="preserve">		Список предложенных и утвержденных кандидатур представителей будет доведен до сведения Генеральной Ассамблеи. Если против кандидатуры какого-либо представителя будет заявлено возражение, заявившее возражение государство-член в добровольном порядке сообщит Канцелярии Председателя Генеральной Ассамблеи об общих основаниях для возражения, а Канцелярия предоставит всю полученную информацию любому государству-члену при поступлении от него соответствующей просьбы.</p></authorialNote>;</p>
        </content>
      </paragraph>
      <paragraph eId="para_18" class="SingleTxt">
        <num>	3.</num>
        <content eId="para_18__content">
          <p xml:space="preserve">
            <span class="italic">вновь заявляет </span>о центральной роли Конференции государств — участников Конвенции Организации Объединенных Наций против коррупции в расширении возможностей государств-участников и сотрудничества между ними для достижения целей, провозглашенных в Конвенции Организации Объединенных Наций против коррупции<sup>4</sup>, и в содействии ее осуществлению и проведении обзора хода ее осуществления;</p>
        </content>
      </paragraph>
      <paragraph eId="para_19" class="SingleTxt">
        <num>	4.</num>
        <content eId="para_19__content">
          <p xml:space="preserve">
            <span class="italic">вновь заявляет также, что </span>Конференции государств-участников следует возглавить процесс подготовки к специальной сессии и решать все организационные вопросы и вопросы существа в открытом формате;</p>
        </content>
      </paragraph>
      <paragraph eId="para_20" class="SingleTxt">
        <num>	5.</num>
        <content eId="para_20__content">
          <p xml:space="preserve">
            <span class="italic">предлагает</span> всем соответствующим структурам системы Организации Объединенных Наций, в том числе программам, фондам, специализированным учреждениям и региональным комиссиям, а также соответствующим межправительственным, региональным и субрегиональным организациям принять участие в специальной сессии;</p>
        </content>
      </paragraph>
      <paragraph eId="para_21" class="SingleTxt">
        <num>	6.</num>
        <content eId="para_21__content">
          <p xml:space="preserve">
            <span class="italic">просит</span> расширенное Бюро Конференции государств-участников организовать все действия Конференции, необходимые для подготовки к специальной сессии, и решать все организационные вопросы и вопросы существа в открытом и транспарентном формате, в том числе назначить координаторов неофициальных консультаций по проекту политической декларации;</p>
        </content>
      </paragraph>
      <paragraph eId="para_22" class="SingleTxt">
        <num>	7.</num>
        <content eId="para_22__content">
          <p xml:space="preserve">
            <span class="italic">просит также </span>расширенное Бюро Конференции государств-участников в консультации с государствами-членами разработать план работы и график проведения консультаций по проекту политической декларации;</p>
        </content>
      </paragraph>
      <paragraph eId="para_23" class="SingleTxt">
        <num>	8.</num>
        <content eId="para_23__content">
          <p xml:space="preserve">
            <span class="italic">заявляет</span>, что межсессионные совещания Конференции государств-участников по подготовке к специальной сессии будут открыты для участия всех государств-участников и наблюдателей в соответствии с правилами процедуры Конференции и установившейся практикой;</p>
        </content>
      </paragraph>
      <paragraph eId="para_24" class="SingleTxt">
        <num>	9.</num>
        <content eId="para_24__content">
          <p xml:space="preserve">
            <span class="italic">вновь просит</span> Управление Организации Объединенных Наций по наркотикам и преступности оказывать экспертную помощь по вопросам существа и техническую поддержку;</p>
        </content>
      </paragraph>
      <paragraph eId="para_25" class="SingleTxt">
        <num>	10.</num>
        <content eId="para_25__content">
          <p xml:space="preserve">
            <span class="italic">просит</span> Конференцию государств-участников подготовить в надлежащие сроки сжатую и ориентированную на конкретные действия политическую декларацию, заблаговременно согласованную на основе консенсуса в рамках межправительственных переговоров под эгидой Конференции для принятия Генеральной Ассамблеей на ее специальной сессии;</p>
        </content>
      </paragraph>
      <paragraph eId="para_26" class="SingleTxt">
        <num>	11.</num>
        <content eId="para_26__content">
          <p xml:space="preserve">
            <span class="italic">просит также </span>Конференцию государств-участников провести специальное заседание с целью одобрения политической декларации для последующей передачи Генеральной Ассамблее для принятия на ее специальной сессии против коррупции;</p>
        </content>
      </paragraph>
      <paragraph eId="para_27" class="SingleTxt">
        <num>	12.</num>
        <content eId="para_27__content">
          <p xml:space="preserve">
            <span class="italic">просит далее </span>Конференцию государств-участников представить Генеральной Ассамблее на ее специальной сессии доклад о подготовительной работе к этой сессии, проведенной Конференцией;</p>
        </content>
      </paragraph>
      <paragraph eId="para_28" class="SingleTxt">
        <num>	13.</num>
        <content eId="para_28__content">
          <p xml:space="preserve">
            <span class="italic">вновь обращает внимание </span>на важность организации всестороннего процесса подготовки, включая проведение широких консультаций по вопросам существа, и предлагает Конференции государств-участников провести, при необходимости, до трех межсессионных совещаний для содействия этим консультациям, призывает органы, структуры и специальные учреждения системы Организации Объединенных Наций, соответствующие международные и региональные организации, гражданское общество, научно-педагогические круги и другие соответствующие заинтересованные стороны всемерно содействовать подготовительному процессу согласно соответствующим правилам процедуры и установившейся практике и просит Управление Организации Объединенных Наций по наркотикам и преступности собрать представленные материалы, в том числе конкретные рекомендации по вопросам, которые будут рассматриваться Генеральной Ассамблеей на ее специальной сессии, и предоставить их в распоряжение Конференции;</p>
        </content>
      </paragraph>
      <paragraph eId="para_29" class="SingleTxt">
        <num>	14.</num>
        <content eId="para_29__content">
          <p xml:space="preserve">
            <span class="italic">просит</span> секретариат Конференции государств-участников подготовить доклад об обеспечении взаимосвязанности между работой и итогами специальной сессии Генеральной Ассамблеи и предстоящей Конференции государств-участников, которая состоится в 2021 году, и представить этот доклад на предлагаемых межсессионных совещаниях для обсуждения и принятия государствами-участниками;</p>
        </content>
      </paragraph>
      <paragraph eId="para_30" class="SingleTxt">
        <num>	15.</num>
        <content eId="para_30__content">
          <p xml:space="preserve">
            <span class="italic">предлагает</span> всем государствам-членам, государствам-наблюдателям и наблюдателям в Генеральной Ассамблее рассмотреть возможность направления на специальную сессию своих представителей самого высокого уровня;</p>
        </content>
      </paragraph>
      <paragraph eId="para_31" class="SingleTxt">
        <num>	16.</num>
        <content eId="para_31__content">
          <p xml:space="preserve">
            <span class="italic">предлагает</span> Председателю Генеральной Ассамблеи организовать в рамках специальной сессии параллельное мероприятие высокого уровня на тему вызовов и мер в сфере предупреждения коррупции, борьбы с ней и усиления международного сотрудничества;</p>
        </content>
      </paragraph>
      <paragraph eId="para_32" class="SingleTxt">
        <num>	17.</num>
        <content eId="para_32__content">
          <p xml:space="preserve">
            <span class="italic">призывает</span> Управление Организации Объединенных Наций по наркотикам и преступности организовать, при условии наличия внебюджетных ресурсов, молодежный форум, посвященный обсуждению форм участия молодых людей в деятельности по предупреждению коррупции и противодействию ей, и предлагает представителю молодежного форума, выбранному Председателем Генеральной Ассамблеи, принять участие в работе специальной сессии, в том числе выступить с сообщением об итогах обсуждений на молодежном форуме на открытии специальной сессии;</p>
        </content>
      </paragraph>
      <paragraph eId="para_33" class="SingleTxt">
        <num>	18.</num>
        <content eId="para_33__content">
          <p xml:space="preserve">
            <span class="italic">подтверждает</span> свое решение, содержащееся в резолюции <a href="https://undocs.org/ru/A/RES/73/191">73/191</a>, провести специальную сессию и процесс подготовки к ней за счет существующих ресурсов.</p>
        </content>
      </paragraph>
    </mainBody>
    <conclusions eId="conclusions">
      <p>
        <docDate date="2020-06-01" refersTo="#adoptionDate">1 июня 2020 года</docDate>
      </p>
    </conclusions>
  </statement>
</akomaNtoso>