<akomaNtoso xmlns:xsi="http://www.w3.org/2001/XMLSchema-instance" xsi:schemaLocation="http://docs.oasis-open.org/legaldocml/ns/akn/3.0 http://docs.oasis-open.org/legaldocml/akn-core/v1.0/os/part2-specs/schemas/akomantoso30.xsd" xmlns="http://docs.oasis-open.org/legaldocml/ns/akn/3.0" xmlns:html="http://www.w3.org/1999/xhtml" xmlns:akn4un="http://un.org/akn4un">
  <statement name="resolution">
    <meta>
      <identification source="#DGACM">
        <FRBRWork>
          <FRBRthis value="/akn/un/statement/deliberation/unga/2019-12-19/74-244/!main/"></FRBRthis>
          <FRBRuri value="/akn/un/statement/deliberation/unga/2019-12-19/74-244/"></FRBRuri>
          <FRBRdate date="2019-12-19" name="adoption"></FRBRdate>
          <FRBRauthor href="ga" as="author"></FRBRauthor>
          <FRBRcountry value="un"></FRBRcountry>
        </FRBRWork>
        <FRBRExpression>
          <FRBRthis value="/akn/un/statement/deliberation/unga/2019-12-19/74-244/rus@!main/"></FRBRthis>
          <FRBRuri value="/akn/un/statement/deliberation/unga/2019-12-19/74-244/rus@/"></FRBRuri>
          <FRBRdate date="2020-01-07" name="publication"></FRBRdate>
          <FRBRauthor href="ga" as="issuer"></FRBRauthor>
          <FRBRlanguage language="rus"></FRBRlanguage>
        </FRBRExpression>
        <FRBRManifestation>
          <FRBRthis value="/akn/un/statement/deliberation/unga/2019-12-19/74-244/rus@/!main.xml"></FRBRthis>
          <FRBRuri value="/akn/un/statement/deliberation/unga/2019-12-19/74-244/rus@.xml"></FRBRuri>
          <FRBRdate date="2020-08-29" name="markup"></FRBRdate>
          <FRBRauthor href="DGACM" as="editor"></FRBRauthor>
        </FRBRManifestation>
      </identification>
      <classification source="http://metadata.un.org/sdg">
        <keyword value="2" href="http://metadata.un.org/sdg/2" showAs="sdg_2" dictionary="SDGO"></keyword>
        <keyword value="food_shortage" href="http://eurovoc.europa.eu/2318" showAs="food_shortage" dictionary="EuroVoc"></keyword>
        <keyword value="sustainable_agriculture" href="http://eurovoc.europa.eu/6308" showAs="sustainable_agriculture" dictionary="EuroVoc"></keyword>
        <keyword value="food_security" href="http://eurovoc.europa.eu/c_4523e1dd" showAs="food_security" dictionary="EuroVoc"></keyword>
        <keyword value="food_security" href="http://metadata.un.org/thesaurus/1002439" showAs="food_security" dictionary="UNBIS Thesaurus"></keyword>
        <keyword value="food_shortage" href="http://metadata.un.org/thesaurus/1002440" showAs="food_shortage" dictionary="UNBIS Thesaurus"></keyword>
        <keyword value="hunger" href="http://metadata.un.org/thesaurus/1003004" showAs="hunger" dictionary="UNBIS Thesaurus"></keyword>
        <keyword value="sustainable_agriculture" href="http://metadata.un.org/thesaurus/1006317" showAs="sustainable_agriculture" dictionary="UNBIS Thesaurus"></keyword>
      </classification>
      <classification source="http://metadata.un.org/sdg">
        <keyword value="3" href="http://metadata.un.org/sdg/3" showAs="sdg_3" dictionary="SDGO"></keyword>
        <keyword value="public_health" href="http://eurovoc.europa.eu/3885" showAs="public_health" dictionary="EuroVoc"></keyword>
        <keyword value="health" href="http://metadata.un.org/thesaurus/1002824" showAs="health" dictionary="UNBIS Thesaurus"></keyword>
      </classification>
      <classification source="http://metadata.un.org/sdg">
        <keyword value="12" href="http://metadata.un.org/sdg/12" showAs="sdg_12" dictionary="SDGO"></keyword>
        <keyword value="consumption" href="http://eurovoc.europa.eu/139" showAs="consumption" dictionary="EuroVoc"></keyword>
        <keyword value="production" href="http://eurovoc.europa.eu/2707" showAs="production" dictionary="EuroVoc"></keyword>
        <keyword value="sustainable_consumption" href="http://metadata.un.org/thesaurus/1006318" showAs="sustainable_consumption" dictionary="UNBIS Thesaurus"></keyword>
        <keyword value="consumption" href="http://metadata.un.org/thesaurus/1001264" showAs="consumption" dictionary="UNBIS Thesaurus"></keyword>
        <keyword value="production" href="http://metadata.un.org/thesaurus/1005146" showAs="production" dictionary="UNBIS Thesaurus"></keyword>
      </classification>
      <classification source="http://metadata.un.org/sdg">
        <keyword value="16" href="http://metadata.un.org/sdg/16" showAs="sdg_16" dictionary="SDGO"></keyword>
        <keyword value="right_to_justice" href="http://eurovoc.europa.eu/516" showAs="right_to_justice" dictionary="EuroVoc"></keyword>
        <keyword value="sustainable_development" href="http://eurovoc.europa.eu/5585" showAs="sustainable_development" dictionary="EuroVoc"></keyword>
        <keyword value="civil_society" href="http://metadata.un.org/thesaurus/1001012" showAs="civil_society" dictionary="UNBIS Thesaurus"></keyword>
        <keyword value="justice" href="http://metadata.un.org/thesaurus/1003500" showAs="justice" dictionary="UNBIS Thesaurus"></keyword>
        <keyword value="peaceful_coexistence" href="http://metadata.un.org/thesaurus/1004777" showAs="peaceful_coexistence" dictionary="UNBIS Thesaurus"></keyword>
        <keyword value="public_institutions" href="http://metadata.un.org/thesaurus/1005254" showAs="public_institutions" dictionary="UNBIS Thesaurus"></keyword>
        <keyword value="social_justice" href="http://metadata.un.org/thesaurus/1005970" showAs="social_justice" dictionary="UNBIS Thesaurus"></keyword>
        <keyword value="sustainable_development" href="http://metadata.un.org/thesaurus/1006319" showAs="sustainable_development" dictionary="UNBIS Thesaurus"></keyword>
      </classification>
      <classification source="http://metadata.un.org/sdg">
        <keyword value="17" href="http://metadata.un.org/sdg/17" showAs="sdg_17" dictionary="SDGO"></keyword>
        <keyword value="sustainable_development" href="http://eurovoc.europa.eu/5585" showAs="sustainable_development" dictionary="EuroVoc"></keyword>
        <keyword value="partnership" href="http://eurovoc.europa.eu/4199" showAs="partnership" dictionary="EuroVoc"></keyword>
        <keyword value="sustainable_development" href="http://metadata.un.org/thesaurus/1006319" showAs="sustainable_development" dictionary="UNBIS Thesaurus"></keyword>
        <keyword value="partnership" href="http://metadata.un.org/thesaurus/1004748" showAs="partnership" dictionary="UNBIS Thesaurus"></keyword>
      </classification>
      <workflow source="#un">
        <step date="2019-12-11" outcome="draftResolution" as="A/74/L.37" by="Chile, Costa Rica, Equatorial Guinea, Malaysia, Nigeria, Philippines and Thailand" />
        <step date="0001-01-01" outcome="draftResolutionAdditionalSponsors" by="Afghanistan, Andorra, Argentina, Armenia, Azerbaijan, Bangladesh, Bolivia (Plurinational State of), Bosnia and Herzegovina, Brazil, Burkina Faso, Cabo Verde, Cameroon, Canada, Central African Republic, Chad, China, Colombia, Côte d'Ivoire, Cuba, Djibouti, Dominican Republic, Ecuador, El Salvador, Ethiopia, Fiji, Gambia, Ghana, Guinea-Bissau, Guyana, Haiti, Honduras, Hungary, India, Indonesia, Ireland, Israel, Italy, Japan, Jordan, Kazakhstan, Kenya, Lesotho, Malawi, Maldives, Mauritius, Morocco, Namibia, Nepal, Norway, Palau, Panama, Paraguay, Peru, Samoa, San Marino, Senegal, Sierra Leone, Singapore, South Africa, Spain, Sri Lanka, Suriname, Turkmenistan, Uruguay, Uzbekistan and Viet Nam" />
        <step date="0001-01-01" outcome="recommendedForAdoption" by="" />
        <step date="2019-12-19" outcome="adopted" as="A/74/PV.52" by="" />
      </workflow>
      <analysis source="#un">
        <parliamentary>
          <voting outcome="adoptedWithoutVote">
            <quorum value=""></quorum>
          </voting>
        </parliamentary>
      </analysis>
      <references source="#DGACM">
        <TLCOrganization eId="source" href="/akn/ontology/organization/un/DGACM" showAs="DGACM"></TLCOrganization>
        <TLCConcept eId="dateOfIssuance" href="/akn/ontology/concept/un/dateOfIssuance" showAs="Date of issuance"></TLCConcept>
        <TLCConcept eId="dateOfAdoption" href="/akn/ontology/concept/un/dateOfAdoption" showAs="Date of adoption"></TLCConcept>
        <TLCConcept eId="symbol" href="/akn/ontology/reference/un/symbol" showAs="Symbol"></TLCConcept>
        <TLCRole eId="publisher" href="/akn/ontology/role/un/publisher" showAs="Publisher"></TLCRole>
        <TLCRole eId="issuingBody" href="/akn/role/concept/un/issuingBody" showAs="Issuing body"></TLCRole>
        <TLCRole eId="author" href="/akn/ontology/role/un/author" showAs="Author"></TLCRole>
        <TLCRole eId="editor" href="/akn/ontology/role/un/editor" showAs="Editor"></TLCRole>
        <TLCRole eId="distribution" href="/akn/ontology/concept/un/generalDistribution" showAs="General distribution"></TLCRole>
        <TLCOrganization eId="ga" href="/akn/ontology/organization/un/generalAssembly" showAs="General Assembly"></TLCOrganization>
        <TLCTerm eId="resolutionTitle" href="/akn/ontology/reference/un/resolutionTitle" showAs="Resolution title"></TLCTerm>
        <TLCTerm eId="committee" href="/akn/ontology/concept/un/" showAs="Committee"></TLCTerm>
        <TLCTerm eId="memberState" href="/akn/ontology/organization/un/memberState" showAs="Member State"></TLCTerm>
        <TLCTerm eId="inFavour" href="/akn/ontology/concept/un/voting/inFavour" showAs="In favour"></TLCTerm>
        <TLCTerm eId="against" href="/akn/ontology/concept/un/voting/against" showAs="Against"></TLCTerm>
        <TLCTerm eId="abstaining" href="/akn/ontology/concept/un/voting/abstaining" showAs="Abstaining"></TLCTerm>
      </references>
      <presentation source="#un">
        <akn4un:footerFirstPage>
          <akn4un:footerFirstPageLeft>
            <akn4un:internalCode>
              <docketNumber refersTo="#publicationJobNumber">19-22519 (R)</docketNumber>
              <img alt="bar code" class="barCode" src=""></img>
            </akn4un:internalCode>
          </akn4un:footerFirstPageLeft>
          <akn4un:footerFirstPageRight>
            <img alt="Please recycle" class="image" src="./recylcleLogo.jpg"></img>
            <img alt="embedded QR code" class="qrCode" src=""></img>
          </akn4un:footerFirstPageRight>
        </akn4un:footerFirstPage>
      </presentation>
    </meta>
    <coverPage eId="coverPage_1">
      <p>
        <span refersTo="#publisher" class="upperLeft">
          <docAuthority refersTo="#publisher">Организация Объединенных Наций</docAuthority>
        </span>
      </p>
      <p class="upperRight">
        <docNumber refersTo="#symbol">A/RES/74/244</docNumber>
      </p>
      <p class="upperLeft">
        <img src="logo-un.jpg"></img>
        <docAuthority refersTo="#issuingBody" class="rightBig">Генеральная Ассамблея</docAuthority>
      </p>
      <p>
        <docStatus refersTo="#generalDistribution" class="rightSmall">Distr.: General</docStatus>
      </p>
      <p>
        <docDate date="2020-01-07" class="rightSmall" refersTo="#dateOfIssuance">7 January 2020</docDate>
      </p>
      <p>
        <session refersTo="#generalAssembly" value="74" eId="coverPage_1__session_1">Семьдесят четвертая сессия</session>
      </p>
      <p>
        <inline name="agenda item">Пункт 14 повестки дня</inline>
      </p>
      <p>
        <inline name="agenda item name">Комплексное и скоординированное осуществление решений крупных конференций и встреч на высшем уровне Организации Объединенных Наций в экономической, социальной и смежных областях и последующая деятельность в связи с ними</inline>
      </p>
      <p>
        <docTitle>Резолюция, принятая Генеральной Ассамблеей 19 декабря 2019 года</docTitle>
      </p>
    </coverPage>
    <preface>
      <p>
        <docNumber>74/244.</docNumber>
        <docTitle refersTo="#resolutionTitle">Международный год овощей и фруктов, 2021 год</docTitle>
      </p>
    </preface>
    <preamble>
      <formula name="enactingFormula" eId="formula_1">
        <p xml:space="preserve">
          <span class="italic">Генеральная Ассамблея,</span>
        </p>
      </formula>
      <container name="подтверждая" eId="container_2">
        <p xml:space="preserve">
          <span class="italic">	подтверждая</span> свою резолюцию <a href="https://undocs.org/ru/A/RES/70/1">70/1</a> «Преобразование нашего мира: Повестка дня в области устойчивого развития на период до 2030 года» от 25 сентября 2015 года, в которой она утвердила всеобъемлющий, рассчитанный на перспективу и предусматривающий учет интересов людей набор универсальных и ориентированных на преобразования целей и задач в области устойчивого развития, свое обязательство прилагать неустанные усилия для полного осуществления Повестки дня к 2030 году, признание ею того, что ликвидация нищеты во всех ее формах и проявлениях, включая крайнюю нищету, является важнейшей глобальной задачей и одним из необходимых условий устойчивого развития, и свою приверженность сбалансированному и комплексному обеспечению устойчивого развития во всех его трех — экономическом, социальном и экологическом — компонентах, а также закреплению результатов, достигнутых в реализации целей в области развития, сформулированных в Декларации тысячелетия, и завершению всего, что не удалось сделать за время, отведенное для их достижения,</p>
      </container>
      <container name="подтверждая также" eId="container_3">
        <p xml:space="preserve">
          <span class="italic">	подтверждая также</span> свои резолюции <a href="https://undocs.org/ru/A/RES/53/199">53/199</a> от 15 декабря 1998 года и <a href="https://undocs.org/ru/A/RES/61/185">61/185</a> от 20 декабря 2006 года о провозглашении международных годов и резолюцию <a href="https://undocs.org/ru/e/res/1980/67">1980/67</a> Экономического и Социального Совета от 25 июля 1980 года о международных годах и годовщинах, и в частности пункты 1–10 приложения к ней, касающиеся согласованных критериев объявления международных годов, а также пункты 13 и 14, в которых говорится, что международный день или год не следует объявлять до принятия базовых мер по его организации и обеспечению финансирования,</p>
      </container>
      <container name="учитывая" eId="container_4">
        <p xml:space="preserve">
          <span class="italic">	учитывая</span> настоятельную необходимость повышать осведомленность о пользе потребления овощей и фруктов для здоровья и питания и пропагандировать здоровое питание посредством расширения рационального производства и потребления плодоовощной продукции,</p>
      </container>
      <container name="ссылаясь" eId="container_5">
        <p xml:space="preserve">
          <span class="italic">	ссылаясь</span> на Римскую декларацию по вопросам питания и Рамочную программу действий, предусматривающую ряд добровольных мер в области политики и стратегий для использования правительствами в зависимости от обстоятельств и принятую на второй Международной конференции по вопросам питания, совместно проведенной Продовольственной и сельскохозяйственной организацией Объединенных Наций и Всемирной организацией здравоохранения в Риме 19–21 ноября 2014 года<authorialNote marker="1" placement="bottom" eId="authorialNote_1"><p xml:space="preserve">		Всемирная организация здравоохранения, документ EB 136/8, приложения I и II.</p></authorialNote>, </p>
      </container>
      <container name="ссылаясь также" eId="container_6">
        <p xml:space="preserve">
          <span class="italic">	ссылаясь также</span> на свою резолюцию <a href="https://undocs.org/ru/A/RES/70/259">70/259</a> от 1 апреля 2016 года, в которой она провозгласила Десятилетие действий Организации Объединенных Наций по проблемам питания (2016–2025 годы), а также на свою резолюцию <a href="https://undocs.org/ru/A/RES/72/306">72/306</a> от 24 июля 2018 года о ходе осуществления Десятилетия и на необходимость содействовать развитию устойчивых продовольственных систем, способствующих тому, чтобы рацион питания был здоровым, диверсифицированным и сбалансированным и включал разнообразные виды пищевых продуктов и овощи и фрукты в изобилии, </p>
      </container>
      <container name="ссылаясь далее" eId="container_7">
        <p xml:space="preserve">
          <span class="italic">	ссылаясь далее</span> на свою резолюцию <a href="https://undocs.org/ru/A/RES/73/165">73/165</a> от 17 декабря 2018 года, озаглавленную «Декларация Организации Объединенных Наций о правах крестьян и других лиц, работающих в сельских районах»,</p>
      </container>
      <container name="учитывая" eId="container_8">
        <p xml:space="preserve">
          <span class="italic">	учитывая</span>, что сельскохозяйственный сектор неразрывно связан со всей продовольственной системой и что внедрение сельскохозяйственных технологий и переход на цифровые технологии могут сделать всю продовольственную систему более эффективной за счет повышения рациональности и укрепления взаимосвязи процессов хранения, транспортировки, сбыта, переработки, преобразования и розничной продажи продукции, а также сокращения и вторичной переработки отходов,</p>
      </container>
      <container name="ссылаясь" eId="container_9">
        <p xml:space="preserve">
          <span class="italic">	ссылаясь</span> на свою резолюцию <a href="https://undocs.org/ru/A/RES/72/239">72/239</a> от 20 декабря 2017 года, в которой она провозгласила Десятилетие семейных фермерских хозяйств Организации Объединенных Наций (2019–2028 годы), и на глобальное объявление о начале проведения Десятилетия, прозвучавшее в Риме 29 мая 2019 года, и сознавая важное значение овощей и фруктов, особенно местных культур, для продовольственной безопасности, питания, обеспечения средств к существованию и доходов семейных фермерских хозяйств, особенно мелких семейных фермерских хозяйств,</p>
      </container>
      <container name="призывая" eId="container_10">
        <p xml:space="preserve">
          <span class="italic">	призывая</span> государства-члены принимать, в надлежащих случаях, эффективные меры для содействия интеграции мелких владельцев в глобальные производственные и производственно-сбытовые цепочки в интересах устойчивого производства и потребления овощей и фруктов,</p>
      </container>
      <container name="принимая к сведению" eId="container_11">
        <p xml:space="preserve">
          <span class="italic">	принимая к сведению</span> «Глобальную стратегию по питанию, физической активности и здоровью», принятую в 2004 году Всемирной ассамблеей здравоохранения Всемирной организации здравоохранения<authorialNote marker="2" placement="bottom" eId="authorialNote_2"><p xml:space="preserve">		Всемирная организация здравоохранения, документ WHA57/2004/REC/1, резолюция 57.17, приложение.</p></authorialNote>,</p>
      </container>
      <container name="будучи обеспокоена" eId="container_12">
        <p xml:space="preserve">
          <span class="italic">	будучи обеспокоена</span> высокими уровнями потерь и отходов в цепочках поставок/сбыта овощей и фруктов и негативными экономическими, экологическими и социальными последствиями таких потерь и отходов и в этой связи предлагая государствам-членам и другим соответствующим заинтересованным сторонам укреплять потенциал развивающихся стран в деле борьбы с потерями овощей и фруктов и их попаданием в отходы,</p>
      </container>
      <container name="признавая" eId="container_13">
        <p xml:space="preserve">
          <span class="italic">	признавая</span>, что проведение международным сообществом в 2021 году Международного года овощей и фруктов внесет значительный вклад в повышение осведомленности по этим вопросам,</p>
      </container>
    </preamble>
    <mainBody>
      <paragraph eId="para_14" class="MercuryDocument">
        <num>	1.</num>
        <content eId="para_14__content">
          <p xml:space="preserve">
            <span class="italic">постановляет</span> провозгласить 2021 год Международным годом овощей и фруктов;</p>
        </content>
      </paragraph>
      <paragraph eId="para_15" class="MercuryDocument">
        <num>	2.</num>
        <content eId="para_15__content">
          <p xml:space="preserve">
            <span class="italic">предлагает</span> всем государствам-членам, организациям системы Организации Объединенных Наций, другим международным и региональным организациям и другим соответствующим заинтересованным сторонам, включая гражданское общество, частный сектор и научные круги, надлежащим образом провести Международный год посредством организации мероприятий, направленных на повышение осведомленности директивных органов и привлечение их внимания к преимуществам потребления овощей и фруктов для здоровья и питания, к значению потребления овощей и фруктов для поощрения диверсифицированного, сбалансированного и здорового рациона питания и образа жизни, сокращения потерь и отходов плодоовощной продукции и обмена передовой практикой в этом отношении;</p>
        </content>
      </paragraph>
      <paragraph eId="para_16" class="MercuryDocument">
        <num>	3.</num>
        <content eId="para_16__content">
          <p xml:space="preserve">
            <span class="italic">предлагает</span> Продовольственной и сельскохозяйственной организации Объединенных Наций содействовать проведению Международного года с учетом положений приложения к резолюции 1980/67 Экономического и Социального Совета;</p>
        </content>
      </paragraph>
      <paragraph eId="para_17" class="MercuryDocument">
        <num>	4.</num>
        <content eId="para_17__content">
          <p xml:space="preserve">
            <span class="italic">предлагает также</span> Продовольственной и сельскохозяйственной организации Объединенных Наций, принимая во внимание положения пунктов 23–27 приложения к резолюции 1980/67 Экономического и Социального Совета, информировать Генеральную Ассамблею на ее семьдесят восьмой сессии об осуществлении настоящей резолюции, в том числе об оценке проведения Международного года;</p>
        </content>
      </paragraph>
      <paragraph eId="para_18" class="MercuryDocument">
        <num>	5.</num>
        <content eId="para_18__content">
          <p xml:space="preserve">
            <span class="italic">подчеркивает</span>, что расходы на все мероприятия, которые могут проводиться в связи с осуществлением настоящей резолюции, должны покрываться за счет добровольных взносов, в том числе добровольных взносов частного сектора;</p>
        </content>
      </paragraph>
      <paragraph eId="para_19" class="MercuryDocument">
        <num>	6.</num>
        <content eId="para_19__content">
          <p xml:space="preserve">
            <span class="italic">предлагает</span> всем соответствующим заинтересованным сторонам принять участие и оказать помощь в проведении Международного года;</p>
        </content>
      </paragraph>
      <paragraph eId="para_20" class="MercuryDocument">
        <num>	7.</num>
        <content eId="para_20__content">
          <p xml:space="preserve">
            <span class="italic">просит</span> Генерального секретаря довести настоящую резолюцию до сведения всех государств — членов, организаций системы Организации Объединенных Наций и других соответствующих заинтересованных сторон, включая гражданское общество, частный сектор и научные круги, в целях ее надлежащего выполнения.</p>
        </content>
      </paragraph>
    </mainBody>
    <conclusions eId="conclusions">
      <p>
        <inline name="adoptionMeeting" title="52-e">52-e пленарное заседание</inline>
        <eol />
        <docDate date="2019-12-19" refersTo="#adoptionDate">19 декабря 2019 года</docDate>
      </p>
    </conclusions>
  </statement>
</akomaNtoso>