<akomaNtoso xmlns:xsi="http://www.w3.org/2001/XMLSchema-instance" xsi:schemaLocation="http://docs.oasis-open.org/legaldocml/ns/akn/3.0 http://docs.oasis-open.org/legaldocml/akn-core/v1.0/os/part2-specs/schemas/akomantoso30.xsd" xmlns="http://docs.oasis-open.org/legaldocml/ns/akn/3.0" xmlns:html="http://www.w3.org/1999/xhtml" xmlns:akn4un="http://un.org/akn4un">
  <statement name="resolution">
    <meta>
      <identification source="#DGACM">
        <FRBRWork>
          <FRBRthis value="/akn/un/statement/deliberation/unga/2019-12-12/74-35/!main/"></FRBRthis>
          <FRBRuri value="/akn/un/statement/deliberation/unga/2019-12-12/74-35/"></FRBRuri>
          <FRBRdate date="2019-12-12" name="adoption"></FRBRdate>
          <FRBRauthor href="ga" as="author"></FRBRauthor>
          <FRBRcountry value="un"></FRBRcountry>
        </FRBRWork>
        <FRBRExpression>
          <FRBRthis value="/akn/un/statement/deliberation/unga/2019-12-12/74-35/rus@!main/"></FRBRthis>
          <FRBRuri value="/akn/un/statement/deliberation/unga/2019-12-12/74-35/rus@/"></FRBRuri>
          <FRBRdate date="2019-12-18" name="publication"></FRBRdate>
          <FRBRauthor href="ga" as="issuer"></FRBRauthor>
          <FRBRlanguage language="rus"></FRBRlanguage>
        </FRBRExpression>
        <FRBRManifestation>
          <FRBRthis value="/akn/un/statement/deliberation/unga/2019-12-12/74-35/rus@/!main.xml"></FRBRthis>
          <FRBRuri value="/akn/un/statement/deliberation/unga/2019-12-12/74-35/rus@.xml"></FRBRuri>
          <FRBRdate date="2020-08-29" name="markup"></FRBRdate>
          <FRBRauthor href="DGACM" as="editor"></FRBRauthor>
        </FRBRManifestation>
      </identification>
      <classification source="http://metadata.un.org/sdg">
        <keyword value="6" href="http://metadata.un.org/sdg/6" showAs="sdg_6" dictionary="SDGO"></keyword>
        <keyword value="water" href="http://eurovoc.europa.eu/597" showAs="water" dictionary="EuroVoc"></keyword>
        <keyword value="public_hygiene" href="http://eurovoc.europa.eu/3371" showAs="public_hygiene" dictionary="EuroVoc"></keyword>
        <keyword value="use_of_water" href="http://eurovoc.europa.eu/4628" showAs="use_of_water" dictionary="EuroVoc"></keyword>
        <keyword value="water" href="http://metadata.un.org/thesaurus/030500" showAs="water" dictionary="UNBIS Thesaurus"></keyword>
        <keyword value="sanitation" href="http://metadata.un.org/thesaurus/1005701" showAs="sanitation" dictionary="UNBIS Thesaurus"></keyword>
        <keyword value="water_management" href="http://metadata.un.org/thesaurus/1006948" showAs="water_management" dictionary="UNBIS Thesaurus"></keyword>
      </classification>
      <classification source="http://metadata.un.org/sdg">
        <keyword value="12" href="http://metadata.un.org/sdg/12" showAs="sdg_12" dictionary="SDGO"></keyword>
        <keyword value="consumption" href="http://eurovoc.europa.eu/139" showAs="consumption" dictionary="EuroVoc"></keyword>
        <keyword value="production" href="http://eurovoc.europa.eu/2707" showAs="production" dictionary="EuroVoc"></keyword>
        <keyword value="sustainable_consumption" href="http://metadata.un.org/thesaurus/1006318" showAs="sustainable_consumption" dictionary="UNBIS Thesaurus"></keyword>
        <keyword value="consumption" href="http://metadata.un.org/thesaurus/1001264" showAs="consumption" dictionary="UNBIS Thesaurus"></keyword>
        <keyword value="production" href="http://metadata.un.org/thesaurus/1005146" showAs="production" dictionary="UNBIS Thesaurus"></keyword>
      </classification>
      <classification source="http://metadata.un.org/sdg">
        <keyword value="14" href="http://metadata.un.org/sdg/14" showAs="sdg_14" dictionary="SDGO"></keyword>
        <keyword value="marine_life" href="http://eurovoc.europa.eu/3149" showAs="marine_life" dictionary="EuroVoc"></keyword>
        <keyword value="marine_environment" href="http://eurovoc.europa.eu/5742" showAs="marine_environment" dictionary="EuroVoc"></keyword>
        <keyword value="ocean" href="http://eurovoc.europa.eu/2107" showAs="ocean" dictionary="EuroVoc"></keyword>
        <keyword value="sea" href="http://eurovoc.europa.eu/1870" showAs="sea" dictionary="EuroVoc"></keyword>
        <keyword value="marine_resources" href="http://metadata.un.org/thesaurus/030800" showAs="marine_resources" dictionary="UNBIS Thesaurus"></keyword>
        <keyword value="marine_resources" href="http://metadata.un.org/thesaurus/1003922" showAs="marine_resources" dictionary="UNBIS Thesaurus"></keyword>
        <keyword value="oceans_and_seas" href="http://metadata.un.org/thesaurus/170600" showAs="oceans_and_seas" dictionary="UNBIS Thesaurus"></keyword>
      </classification>
      <classification source="http://metadata.un.org/sdg">
        <keyword value="15" href="http://metadata.un.org/sdg/15" showAs="sdg_15" dictionary="SDGO"></keyword>
        <keyword value="deforestation" href="http://eurovoc.europa.eu/339" showAs="deforestation" dictionary="EuroVoc"></keyword>
        <keyword value="desertification" href="http://eurovoc.europa.eu/416" showAs="desertification" dictionary="EuroVoc"></keyword>
        <keyword value="biodiversity" href="http://eurovoc.europa.eu/5463" showAs="biodiversity" dictionary="EuroVoc"></keyword>
        <keyword value="land,_plant_and_soil_resources" href="http://metadata.un.org/thesaurus/030600" showAs="land,_plant_and_soil_resources" dictionary="UNBIS Thesaurus"></keyword>
        <keyword value="deforestation" href="http://metadata.un.org/thesaurus/1001550" showAs="deforestation" dictionary="UNBIS Thesaurus"></keyword>
      </classification>
      <workflow source="#un">
        <step date="2019-10-21" outcome="draftResolution" as="A/C.1/74/L.15" by="Angola, Australia, Austria, Bangladesh, Canada, Croatia, Finland, Germany, India, Italy, Malta, Netherlands, Norway, Portugal, Singapore, Spain and Sweden" />
        <step date="0001-01-01" outcome="draftResolutionAdditionalSponsors" by="Bhutan, Brazil, Japan, Kazakhstan, Kyrgyzstan, Mauritius, Paraguay, the Republic of Moldova, Slovenia and Switzerland" />
        <step date="0001-01-01" outcome="recommendedForAdoption" as="A/74/367" by="" refersTo="7" />
        <step date="2019-12-12" outcome="adopted" as="A/74/PV.46" by="" />
      </workflow>
      <analysis source="#un">
        <parliamentary>
          <voting outcome="adoptedWithoutVote">
            <quorum value=""></quorum>
          </voting>
        </parliamentary>
      </analysis>
      <references source="#DGACM">
        <TLCOrganization eId="source" href="/akn/ontology/organization/un/DGACM" showAs="DGACM"></TLCOrganization>
        <TLCConcept eId="dateOfIssuance" href="/akn/ontology/concept/un/dateOfIssuance" showAs="Date of issuance"></TLCConcept>
        <TLCConcept eId="dateOfAdoption" href="/akn/ontology/concept/un/dateOfAdoption" showAs="Date of adoption"></TLCConcept>
        <TLCConcept eId="symbol" href="/akn/ontology/reference/un/symbol" showAs="Symbol"></TLCConcept>
        <TLCRole eId="publisher" href="/akn/ontology/role/un/publisher" showAs="Publisher"></TLCRole>
        <TLCRole eId="issuingBody" href="/akn/role/concept/un/issuingBody" showAs="Issuing body"></TLCRole>
        <TLCRole eId="author" href="/akn/ontology/role/un/author" showAs="Author"></TLCRole>
        <TLCRole eId="editor" href="/akn/ontology/role/un/editor" showAs="Editor"></TLCRole>
        <TLCRole eId="distribution" href="/akn/ontology/concept/un/generalDistribution" showAs="General distribution"></TLCRole>
        <TLCOrganization eId="ga" href="/akn/ontology/organization/un/generalAssembly" showAs="General Assembly"></TLCOrganization>
        <TLCTerm eId="resolutionTitle" href="/akn/ontology/reference/un/resolutionTitle" showAs="Resolution title"></TLCTerm>
        <TLCTerm eId="firstCommittee" href="#firstCommittee" showAs="Первый комитет"></TLCTerm>
        <TLCTerm eId="memberState" href="/akn/ontology/organization/un/memberState" showAs="Member State"></TLCTerm>
        <TLCTerm eId="inFavour" href="/akn/ontology/concept/un/voting/inFavour" showAs="In favour"></TLCTerm>
        <TLCTerm eId="against" href="/akn/ontology/concept/un/voting/against" showAs="Against"></TLCTerm>
        <TLCTerm eId="abstaining" href="/akn/ontology/concept/un/voting/abstaining" showAs="Abstaining"></TLCTerm>
      </references>
      <presentation source="#un">
        <akn4un:footerFirstPage>
          <akn4un:footerFirstPageLeft>
            <akn4un:internalCode>
              <docketNumber refersTo="#publicationJobNumber">19-21728 (R)</docketNumber>
              <img alt="bar code" class="barCode" src=""></img>
            </akn4un:internalCode>
          </akn4un:footerFirstPageLeft>
          <akn4un:footerFirstPageRight>
            <img alt="Please recycle" class="image" src="./recylcleLogo.jpg"></img>
            <img alt="embedded QR code" class="qrCode" src=""></img>
          </akn4un:footerFirstPageRight>
        </akn4un:footerFirstPage>
      </presentation>
    </meta>
    <coverPage eId="coverPage_1">
      <p>
        <span refersTo="#publisher" class="upperLeft">
          <docAuthority refersTo="#publisher">Организация Объединенных Наций</docAuthority>
        </span>
      </p>
      <p class="upperRight">
        <docNumber refersTo="#symbol">A/RES/74/35</docNumber>
      </p>
      <p class="upperLeft">
        <img src="logo-un.jpg"></img>
        <docAuthority refersTo="#issuingBody" class="rightBig">Генеральная Ассамблея</docAuthority>
      </p>
      <p>
        <docStatus refersTo="#generalDistribution" class="rightSmall">Distr.: General</docStatus>
      </p>
      <p>
        <docDate date="2019-12-18" class="rightSmall" refersTo="#dateOfIssuance">18 December 2019</docDate>
      </p>
      <p>
        <session refersTo="#generalAssembly" value="74" eId="coverPage_1__session_1">Семьдесят четвертая сессия</session>
      </p>
      <p>
        <inline name="agenda item">Пункт 97 повестки дня</inline>
      </p>
      <p>
        <inline name="agenda item name">Роль науки и техники в контексте международной безопасности и разоружения</inline>
      </p>
      <p>
        <docTitle>Резолюция, принятая Генеральной Ассамблеей 12 декабря 2019 года</docTitle>
      </p>
      <p xml:space="preserve">
        <docProponent refersTo="#firstCommittee">[по докладу Первого комитета (<inline name="originating document">A/74/367</inline>)]</docProponent>
      </p>
    </coverPage>
    <preface>
      <p>
        <docNumber>74/35.</docNumber>
        <docTitle refersTo="#resolutionTitle">Роль науки и техники в контексте международной безопасности и разоружения</docTitle>
      </p>
    </preface>
    <preamble>
      <formula name="enactingFormula" eId="formula_1">
        <p xml:space="preserve">
          <span class="italic">Генеральная Ассамблея</span>,</p>
      </formula>
      <container name="признавая" eId="container_2">
        <p xml:space="preserve">
          <span class="italic">признавая</span>, что научно-технические достижения могут применяться как в гражданских, так и в военных целях и что необходимо поддерживать и поощрять прогресс в области науки и техники для использования его достижений в гражданских целях,</p>
      </container>
      <container name="обращая особое внимание" eId="container_3">
        <p xml:space="preserve">
          <span class="italic">обращая особое внимание</span> на большую заинтересованность международного сообщества в том, чтобы быть в курсе последних достижений в области науки и техники, имеющих отношение к международной безопасности и разоружению, а также целенаправленно использовать достижения науки и техники в созидательных целях,</p>
      </container>
      <container name="учитывая " eId="container_4">
        <p xml:space="preserve">
          <span class="italic">учитывая </span>необходимость регулирования передачи технологий в мирных целях согласно соответствующим международным обязательствам в целях устранения риска распространения государствами и негосударственными субъектами,</p>
      </container>
      <container name="признавая" eId="container_5">
        <p xml:space="preserve">
          <span class="italic">признавая</span> необходимость продолжать обмен технологиями в мирных целях, в том числе согласно соответствующим международным обязательствам,</p>
      </container>
      <container name="напоминая " eId="container_6">
        <p xml:space="preserve">
          <span class="italic">	напоминая </span>о зафиксированном в соответствующих международных соглашениях праве государств разрабатывать, создавать, передавать и использовать технологии в мирных целях согласно соответствующим международным обязательствам, а также о том, что всем государствам-членам необходимо выполнять их обязательства в отношении контроля над вооружениями и разоружения и предотвращать распространение во всех его аспектах всего оружия массового уничтожения и средств его доставки,</p>
      </container>
      <container name="будучи осведомлена" eId="container_7">
        <p xml:space="preserve">
          <span class="italic">будучи осведомлена</span> об обсуждениях, касающихся достижений в области науки и техники и ведущихся в Международном агентстве по атомной энергии, в Организации по запрещению химического оружия и на совещании экспертов по науке и технике в рамках межсессионной программы на 2018–2020 годы, учрежденной на совещании 2017 года государств — участников Конвенции о запрещении разработки, производства и накопления запасов бактериологического (биологического) и токсинного оружия и об их уничтожении по рассмотрению действия Конвенции,</p>
      </container>
      <container name="будучи осведомлена также" eId="container_8">
        <p xml:space="preserve">
          <span class="italic">	будучи осведомлена также</span> об обсуждениях, проведенных в 2018 году на Конференции по разоружению в рамках ее вспомогательного органа 5,</p>
      </container>
      <container name="учитывая" eId="container_9">
        <p xml:space="preserve">
          <span class="italic">учитывая</span> обсуждения, ведущиеся в других форумах, в частности в Комитете по использованию космического пространства в мирных целях, по вопросам деятельности в разоруженческом механизме Организации Объединенных Наций, направленной на обеспечение долгосрочной устойчивости космической деятельности и предотвращение гонки вооружений в космическом пространстве, </p>
      </container>
      <container name="отмечая" eId="container_10">
        <p xml:space="preserve">
          <span class="italic">отмечая</span> обсуждения, касающиеся различных аспектов новых технологий и ведущиеся в рамках Конвенции о запрещении или ограничении применения конкретных видов обычного оружия, которые могут считаться наносящими чрезмерные повреждения или имеющими неизбирательное действие<authorialNote marker="1" placement="bottom" eId="authorialNote_1"><p xml:space="preserve">		United Nations, <span class="italic">Treaty Series</span>, vol. 1342, No. 22495.</p></authorialNote>, и приветствуя обсуждения, проведенные Группой правительственных экспертов по автономным системам оружия летального действия на ее сессиях 2018 и 2019 годов, и прогресс, достигнутый ею на этих сессиях,</p>
      </container>
      <container name="отмечая также " eId="container_11">
        <p xml:space="preserve">
          <span class="italic">отмечая также </span>обсуждения, ведущиеся в Организации Объединенных Наций и специализированных учреждениях и касающиеся достижений в области информационно-коммуникационных технологий, в том числе в контексте международной безопасности,</p>
      </container>
      <container name="признавая" eId="container_12">
        <p xml:space="preserve">
          <span class="italic">признавая</span>, что ускорение технического прогресса требует проведения общесистемной оценки потенциального воздействия достижений в области науки и техники на международную безопасность и разоружение с уделением должного внимания принятию мер к тому, чтобы не допускать дублирования усилий и дополнять усилия, которые уже прилагаются в структурах Организации Объединенных Наций и в рамках соответствующих международных конвенций,</p>
      </container>
      <container name="отмечая" eId="container_13">
        <p xml:space="preserve">
          <span class="italic">	отмечая</span> обсуждения по вопросу о последних достижениях в области науки и техники и их потенциальном воздействии на международную безопасность и усилия в области разоружения, состоявшиеся в 2018 году на шестьдесят девятой и семидесятой сессиях Консультативного совета по вопросам разоружения,</p>
      </container>
    </preamble>
    <mainBody>
      <paragraph eId="para_14" class="MercuryDocument">
        <num>	1.</num>
        <content eId="para_14__content">
          <p xml:space="preserve">
            <span class="italic">предлагает</span> государствам-членам продолжать прилагать усилия для применения достижений в области науки и техники в целях, связанных с разоружением, включая контроль в сфере разоружения, контроль над вооружениями и инструменты нераспространения, и предоставлять технологии, связанные с разоружением, заинтересованным государствам;</p>
        </content>
      </paragraph>
      <paragraph eId="para_15" class="MercuryDocument">
        <num>	2.</num>
        <content eId="para_15__content">
          <p xml:space="preserve">
            <span class="italic">призывает</span> государства-члены прилагать все усилия к тому, чтобы иметь четкое представление о новых и лишь наметившихся достижениях в области науки и техники, способных создать угрозу международной безопасности, и подчеркивает важность налаживания государствами-членами взаимодействия с экспертами, представляющими профессиональное сообщество, исследовательские учреждения и гражданское общество, в целях противодействия этой угрозе;</p>
        </content>
      </paragraph>
      <paragraph eId="para_16" class="MercuryDocument">
        <num>	3.</num>
        <content eId="para_16__content">
          <p xml:space="preserve">
            <span class="italic">приветствует</span> тот факт, что Институт Организации Объединенных Наций по исследованию проблем разоружения созвал в Женеве в 2019 году — за счет добровольных взносов — однодневный семинар, конкретно посвященный роли науки и техники в контексте международной безопасности и разоружения, как это было предусмотрено в резолюции <a href="https://undocs.org/ru/A/RES/73/32">73/32</a> Генеральной Ассамблеи от 5 декабря 2018 года;</p>
        </content>
      </paragraph>
      <paragraph eId="para_17" class="MercuryDocument">
        <num>	4.</num>
        <content eId="para_17__content">
          <p xml:space="preserve">
            <span class="italic">принимает к сведению </span>обновленный доклад Генерального секретаря о последних достижениях в области науки и техники и их потенциальном воздействии на усилия в области международной безопасности и разоружения<authorialNote marker="2" placement="bottom" eId="authorialNote_2"><p xml:space="preserve"><a href="https://undocs.org/ru/A/74/122">A/74/122</a> и <a href="https://undocs.org/ru/A/74/122/Add.1">A/74/122/Add.1</a>.</p></authorialNote>, содержащий раздел, в котором изложены соображения по этому вопросу, представленные государствами-членами;</p>
        </content>
      </paragraph>
      <paragraph eId="para_18" class="MercuryDocument">
        <num>	5.</num>
        <content eId="para_18__content">
          <p xml:space="preserve">
            <span class="italic">просит</span> Генерального секретаря представить Генеральной Ассамблее на ее семьдесят пятой сессии обновленный доклад по этому вопросу;</p>
        </content>
      </paragraph>
      <paragraph eId="para_19" class="MercuryDocument">
        <num>	6.</num>
        <content eId="para_19__content">
          <p xml:space="preserve">
            <span class="italic">рекомендует</span> Консультативному совету по вопросам разоружения продолжить обсуждение последних достижений в области науки и техники и их потенциального воздействия на усилия в области международной безопасности и разоружения;</p>
        </content>
      </paragraph>
      <paragraph eId="para_20" class="MercuryDocument">
        <num>	7.</num>
        <content eId="para_20__content">
          <p xml:space="preserve">
            <span class="italic">предлагает</span> государствам-членам организовывать на национальном, региональном и международном уровнях такие мероприятия, как конференции, семинары, практикумы и выставки, посвященные роли науки и техники в контексте международной безопасности и разоружения, с тем чтобы способствовать многостороннему диалогу, а также диалогу между соответствующими сторонами по вопросу о последних достижениях в области науки и техники и их потенциальном воздействии на усилия в области международной безопасности и разоружения;</p>
        </content>
      </paragraph>
      <paragraph eId="para_21" class="MercuryDocument">
        <num>	8.</num>
        <content eId="para_21__content">
          <p xml:space="preserve">
            <span class="italic">постановляет</span> включить в предварительную повестку дня своей семьдесят пятой сессии пункт, озаглавленный «Роль науки и техники в контексте международной безопасности и разоружения».</p>
        </content>
      </paragraph>
    </mainBody>
    <conclusions eId="conclusions">
      <p>
        <inline name="adoptionMeeting" title="46-e">46-e пленарное заседание</inline>
        <eol />
        <docDate date="2019-12-12" refersTo="#adoptionDate">12 декабря 2019 года</docDate>
      </p>
    </conclusions>
  </statement>
</akomaNtoso>