<akomaNtoso xmlns:xsi="http://www.w3.org/2001/XMLSchema-instance" xsi:schemaLocation="http://docs.oasis-open.org/legaldocml/ns/akn/3.0 http://docs.oasis-open.org/legaldocml/akn-core/v1.0/os/part2-specs/schemas/akomantoso30.xsd" xmlns="http://docs.oasis-open.org/legaldocml/ns/akn/3.0" xmlns:html="http://www.w3.org/1999/xhtml" xmlns:akn4un="http://un.org/akn4un">
  <statement name="resolution">
    <meta>
      <identification source="#DGACM">
        <FRBRWork>
          <FRBRthis value="/akn/un/statement/deliberation/unga/2019-12-12/74-45/!main/"></FRBRthis>
          <FRBRuri value="/akn/un/statement/deliberation/unga/2019-12-12/74-45/"></FRBRuri>
          <FRBRdate date="2019-12-12" name="adoption"></FRBRdate>
          <FRBRauthor href="ga" as="author"></FRBRauthor>
          <FRBRcountry value="un"></FRBRcountry>
        </FRBRWork>
        <FRBRExpression>
          <FRBRthis value="/akn/un/statement/deliberation/unga/2019-12-12/74-45/rus@!main/"></FRBRthis>
          <FRBRuri value="/akn/un/statement/deliberation/unga/2019-12-12/74-45/rus@/"></FRBRuri>
          <FRBRdate date="2019-12-19" name="publication"></FRBRdate>
          <FRBRauthor href="ga" as="issuer"></FRBRauthor>
          <FRBRlanguage language="rus"></FRBRlanguage>
        </FRBRExpression>
        <FRBRManifestation>
          <FRBRthis value="/akn/un/statement/deliberation/unga/2019-12-12/74-45/rus@/!main.xml"></FRBRthis>
          <FRBRuri value="/akn/un/statement/deliberation/unga/2019-12-12/74-45/rus@.xml"></FRBRuri>
          <FRBRdate date="2020-08-29" name="markup"></FRBRdate>
          <FRBRauthor href="DGACM" as="editor"></FRBRauthor>
        </FRBRManifestation>
      </identification>
      <classification source="http://metadata.un.org/sdg">
        <keyword value="8" href="http://metadata.un.org/sdg/8" showAs="sdg_8" dictionary="SDGO"></keyword>
        <keyword value="economic_growth" href="http://eurovoc.europa.eu/310" showAs="economic_growth" dictionary="EuroVoc"></keyword>
        <keyword value="full_employment" href="http://eurovoc.europa.eu/2427" showAs="full_employment" dictionary="EuroVoc"></keyword>
        <keyword value="unemployment" href="http://eurovoc.europa.eu/5974" showAs="unemployment" dictionary="EuroVoc"></keyword>
        <keyword value="economic_growth" href="http://metadata.un.org/thesaurus/1001854" showAs="economic_growth" dictionary="UNBIS Thesaurus"></keyword>
        <keyword value="employment" href="http://metadata.un.org/thesaurus/1002007" showAs="employment" dictionary="UNBIS Thesaurus"></keyword>
        <keyword value="full_employment" href="http://metadata.un.org/thesaurus/1002563" showAs="full_employment" dictionary="UNBIS Thesaurus"></keyword>
        <keyword value="unemployment" href="http://metadata.un.org/thesaurus/1006773" showAs="unemployment" dictionary="UNBIS Thesaurus"></keyword>
      </classification>
      <classification source="http://metadata.un.org/sdg">
        <keyword value="12" href="http://metadata.un.org/sdg/12" showAs="sdg_12" dictionary="SDGO"></keyword>
        <keyword value="consumption" href="http://eurovoc.europa.eu/139" showAs="consumption" dictionary="EuroVoc"></keyword>
        <keyword value="production" href="http://eurovoc.europa.eu/2707" showAs="production" dictionary="EuroVoc"></keyword>
        <keyword value="sustainable_consumption" href="http://metadata.un.org/thesaurus/1006318" showAs="sustainable_consumption" dictionary="UNBIS Thesaurus"></keyword>
        <keyword value="consumption" href="http://metadata.un.org/thesaurus/1001264" showAs="consumption" dictionary="UNBIS Thesaurus"></keyword>
        <keyword value="production" href="http://metadata.un.org/thesaurus/1005146" showAs="production" dictionary="UNBIS Thesaurus"></keyword>
      </classification>
      <workflow source="#un">
        <step date="2019-10-21" outcome="draftResolution" as="A/C.1/74/L.19" by="Algeria, Angola, Bolivia (Plurinational State of), Brunei Darussalam, Cuba, Eswatini, Fiji, Indonesia, Kazakhstan, Lao People’s Democratic Republic, Malawi, Myanmar, Namibia, Nepal, Philippines, Samoa, Singapore, Thailand and Viet Nam" />
        <step date="0001-01-01" outcome="draftResolutionAdditionalSponsors" by="Belize, Bhutan, Brazil, Burkina Faso, Cambodia, Central African Republic, Ecuador, El Salvador, Eritrea, Honduras, Mongolia, Nicaragua, Nigeria, Seychelles, Sri Lanka, Venezuela (Bolivarian Republic of) and Zambia" />
        <step date="0001-01-01" outcome="recommendedForAdoption" as="A/74/368" by="" refersTo="89" />
        <step date="2019-12-12" outcome="adopted" as="A/74/PV.46" by="" />
      </workflow>
      <analysis source="#un">
        <parliamentary>
          <voting outcome="adoptedRecordedVote">
            <count value="120" refersTo="inFavour">
              <akn4un:voters>
                <organization refersTo="memberState">AFGHANISTAN</organization>
                <organization refersTo="memberState">ALGERIA</organization>
                <organization refersTo="memberState">ANGOLA</organization>
                <organization refersTo="memberState">ANTIGUA AND BARBUDA</organization>
                <organization refersTo="memberState">ARGENTINA</organization>
                <organization refersTo="memberState">AZERBAIJAN</organization>
                <organization refersTo="memberState">BAHAMAS</organization>
                <organization refersTo="memberState">BAHRAIN</organization>
                <organization refersTo="memberState">BANGLADESH</organization>
                <organization refersTo="memberState">BARBADOS</organization>
                <organization refersTo="memberState">BELIZE</organization>
                <organization refersTo="memberState">BENIN</organization>
                <organization refersTo="memberState">BHUTAN</organization>
                <organization refersTo="memberState">BOLIVIA (PLURINATIONAL STATE OF)</organization>
                <organization refersTo="memberState">BOTSWANA</organization>
                <organization refersTo="memberState">BRAZIL</organization>
                <organization refersTo="memberState">BRUNEI DARUSSALAM</organization>
                <organization refersTo="memberState">BURKINA FASO</organization>
                <organization refersTo="memberState">BURUNDI</organization>
                <organization refersTo="memberState">CABO VERDE</organization>
                <organization refersTo="memberState">CAMBODIA</organization>
                <organization refersTo="memberState">CAMEROON</organization>
                <organization refersTo="memberState">CENTRAL AFRICAN REPUBLIC</organization>
                <organization refersTo="memberState">CHAD</organization>
                <organization refersTo="memberState">CHILE</organization>
                <organization refersTo="memberState">CHINA</organization>
                <organization refersTo="memberState">COLOMBIA</organization>
                <organization refersTo="memberState">COMOROS</organization>
                <organization refersTo="memberState">CONGO</organization>
                <organization refersTo="memberState">COSTA RICA</organization>
                <organization refersTo="memberState">COTE D'IVOIRE</organization>
                <organization refersTo="memberState">CUBA</organization>
                <organization refersTo="memberState">DEMOCRATIC REPUBLIC OF THE CONGO</organization>
                <organization refersTo="memberState">DJIBOUTI</organization>
                <organization refersTo="memberState">DOMINICAN REPUBLIC</organization>
                <organization refersTo="memberState">ECUADOR</organization>
                <organization refersTo="memberState">EGYPT</organization>
                <organization refersTo="memberState">EL SALVADOR</organization>
                <organization refersTo="memberState">ERITREA</organization>
                <organization refersTo="memberState">ESWATINI</organization>
                <organization refersTo="memberState">ETHIOPIA</organization>
                <organization refersTo="memberState">FIJI</organization>
                <organization refersTo="memberState">GABON</organization>
                <organization refersTo="memberState">GAMBIA</organization>
                <organization refersTo="memberState">GHANA</organization>
                <organization refersTo="memberState">GRENADA</organization>
                <organization refersTo="memberState">GUATEMALA</organization>
                <organization refersTo="memberState">GUINEA-BISSAU</organization>
                <organization refersTo="memberState">GUYANA</organization>
                <organization refersTo="memberState">HONDURAS</organization>
                <organization refersTo="memberState">INDONESIA</organization>
                <organization refersTo="memberState">IRAN (ISLAMIC REPUBLIC OF)</organization>
                <organization refersTo="memberState">IRAQ</organization>
                <organization refersTo="memberState">JAMAICA</organization>
                <organization refersTo="memberState">JORDAN</organization>
                <organization refersTo="memberState">KAZAKHSTAN</organization>
                <organization refersTo="memberState">KENYA</organization>
                <organization refersTo="memberState">KIRIBATI</organization>
                <organization refersTo="memberState">KUWAIT</organization>
                <organization refersTo="memberState">KYRGYZSTAN</organization>
                <organization refersTo="memberState">LAO PEOPLE'S DEMOCRATIC REPUBLIC</organization>
                <organization refersTo="memberState">LEBANON</organization>
                <organization refersTo="memberState">LESOTHO</organization>
                <organization refersTo="memberState">LIBYA</organization>
                <organization refersTo="memberState">MADAGASCAR</organization>
                <organization refersTo="memberState">MALAWI</organization>
                <organization refersTo="memberState">MALAYSIA</organization>
                <organization refersTo="memberState">MALDIVES</organization>
                <organization refersTo="memberState">MAURITANIA</organization>
                <organization refersTo="memberState">MAURITIUS</organization>
                <organization refersTo="memberState">MEXICO</organization>
                <organization refersTo="memberState">MONGOLIA</organization>
                <organization refersTo="memberState">MOROCCO</organization>
                <organization refersTo="memberState">MOZAMBIQUE</organization>
                <organization refersTo="memberState">MYANMAR</organization>
                <organization refersTo="memberState">NAMIBIA</organization>
                <organization refersTo="memberState">NEPAL</organization>
                <organization refersTo="memberState">NICARAGUA</organization>
                <organization refersTo="memberState">NIGER</organization>
                <organization refersTo="memberState">NIGERIA</organization>
                <organization refersTo="memberState">OMAN</organization>
                <organization refersTo="memberState">PALAU</organization>
                <organization refersTo="memberState">PANAMA</organization>
                <organization refersTo="memberState">PARAGUAY</organization>
                <organization refersTo="memberState">PERU</organization>
                <organization refersTo="memberState">PHILIPPINES</organization>
                <organization refersTo="memberState">QATAR</organization>
                <organization refersTo="memberState">RWANDA</organization>
                <organization refersTo="memberState">SAINT KITTS AND NEVIS</organization>
                <organization refersTo="memberState">SAINT LUCIA</organization>
                <organization refersTo="memberState">SAINT VINCENT AND THE GRENADINES</organization>
                <organization refersTo="memberState">SAMOA</organization>
                <organization refersTo="memberState">SAO TOME AND PRINCIPE</organization>
                <organization refersTo="memberState">SAUDI ARABIA</organization>
                <organization refersTo="memberState">SENEGAL</organization>
                <organization refersTo="memberState">SEYCHELLES</organization>
                <organization refersTo="memberState">SIERRA LEONE</organization>
                <organization refersTo="memberState">SINGAPORE</organization>
                <organization refersTo="memberState">SOLOMON ISLANDS</organization>
                <organization refersTo="memberState">SRI LANKA</organization>
                <organization refersTo="memberState">SUDAN</organization>
                <organization refersTo="memberState">SURINAME</organization>
                <organization refersTo="memberState">SYRIAN ARAB REPUBLIC</organization>
                <organization refersTo="memberState">TAJIKISTAN</organization>
                <organization refersTo="memberState">THAILAND</organization>
                <organization refersTo="memberState">TIMOR-LESTE</organization>
                <organization refersTo="memberState">TOGO</organization>
                <organization refersTo="memberState">TONGA</organization>
                <organization refersTo="memberState">TRINIDAD AND TOBAGO</organization>
                <organization refersTo="memberState">TUNISIA</organization>
                <organization refersTo="memberState">TUVALU</organization>
                <organization refersTo="memberState">UGANDA</organization>
                <organization refersTo="memberState">UNITED ARAB EMIRATES</organization>
                <organization refersTo="memberState">UNITED REPUBLIC OF TANZANIA</organization>
                <organization refersTo="memberState">URUGUAY</organization>
                <organization refersTo="memberState">VANUATU</organization>
                <organization refersTo="memberState">VENEZUELA (BOLIVARIAN REPUBLIC OF)</organization>
                <organization refersTo="memberState">VIET NAM</organization>
                <organization refersTo="memberState">YEMEN</organization>
                <organization refersTo="memberState">ZAMBIA</organization>
              </akn4un:voters>
            </count>
            <count value="41" refersTo="against">
              <akn4un:voters>
                <organization refersTo="memberState">ALBANIA</organization>
                <organization refersTo="memberState">AUSTRALIA</organization>
                <organization refersTo="memberState">BELGIUM</organization>
                <organization refersTo="memberState">BOSNIA AND HERZEGOVINA</organization>
                <organization refersTo="memberState">BULGARIA</organization>
                <organization refersTo="memberState">CANADA</organization>
                <organization refersTo="memberState">CROATIA</organization>
                <organization refersTo="memberState">CZECHIA</organization>
                <organization refersTo="memberState">DENMARK</organization>
                <organization refersTo="memberState">ESTONIA</organization>
                <organization refersTo="memberState">FINLAND</organization>
                <organization refersTo="memberState">FRANCE</organization>
                <organization refersTo="memberState">GEORGIA</organization>
                <organization refersTo="memberState">GERMANY</organization>
                <organization refersTo="memberState">GREECE</organization>
                <organization refersTo="memberState">HUNGARY</organization>
                <organization refersTo="memberState">ICELAND</organization>
                <organization refersTo="memberState">ISRAEL</organization>
                <organization refersTo="memberState">ITALY</organization>
                <organization refersTo="memberState">LATVIA</organization>
                <organization refersTo="memberState">LITHUANIA</organization>
                <organization refersTo="memberState">LUXEMBOURG</organization>
                <organization refersTo="memberState">MICRONESIA (FEDERATED STATES OF)</organization>
                <organization refersTo="memberState">MONACO</organization>
                <organization refersTo="memberState">MONTENEGRO</organization>
                <organization refersTo="memberState">NETHERLANDS</organization>
                <organization refersTo="memberState">NORTH MACEDONIA</organization>
                <organization refersTo="memberState">NORWAY</organization>
                <organization refersTo="memberState">POLAND</organization>
                <organization refersTo="memberState">PORTUGAL</organization>
                <organization refersTo="memberState">REPUBLIC OF KOREA</organization>
                <organization refersTo="memberState">ROMANIA</organization>
                <organization refersTo="memberState">RUSSIAN FEDERATION</organization>
                <organization refersTo="memberState">SLOVAKIA</organization>
                <organization refersTo="memberState">SLOVENIA</organization>
                <organization refersTo="memberState">SPAIN</organization>
                <organization refersTo="memberState">SWITZERLAND</organization>
                <organization refersTo="memberState">TURKEY</organization>
                <organization refersTo="memberState">UKRAINE</organization>
                <organization refersTo="memberState">UNITED KINGDOM</organization>
                <organization refersTo="memberState">UNITED STATES</organization>
              </akn4un:voters>
            </count>
            <count value="22" refersTo="abstaining">
              <akn4un:voters>
                <organization refersTo="memberState">ANDORRA</organization>
                <organization refersTo="memberState">ARMENIA</organization>
                <organization refersTo="memberState">AUSTRIA</organization>
                <organization refersTo="memberState">BELARUS</organization>
                <organization refersTo="memberState">CYPRUS</organization>
                <organization refersTo="memberState">DEMOCRATIC PEOPLE'S REPUBLIC OF KOREA</organization>
                <organization refersTo="memberState">INDIA</organization>
                <organization refersTo="memberState">IRELAND</organization>
                <organization refersTo="memberState">JAPAN</organization>
                <organization refersTo="memberState">LIECHTENSTEIN</organization>
                <organization refersTo="memberState">MALI</organization>
                <organization refersTo="memberState">MALTA</organization>
                <organization refersTo="memberState">MARSHALL ISLANDS</organization>
                <organization refersTo="memberState">NEW ZEALAND</organization>
                <organization refersTo="memberState">PAKISTAN</organization>
                <organization refersTo="memberState">REPUBLIC OF MOLDOVA</organization>
                <organization refersTo="memberState">SAN MARINO</organization>
                <organization refersTo="memberState">SERBIA</organization>
                <organization refersTo="memberState">SOUTH AFRICA</organization>
                <organization refersTo="memberState">SWEDEN</organization>
                <organization refersTo="memberState">UZBEKISTAN</organization>
                <organization refersTo="memberState">ZIMBABWE</organization>
              </akn4un:voters>
            </count>
          </voting>
        </parliamentary>
      </analysis>
      <references source="#DGACM">
        <TLCOrganization eId="source" href="/akn/ontology/organization/un/DGACM" showAs="DGACM"></TLCOrganization>
        <TLCConcept eId="dateOfIssuance" href="/akn/ontology/concept/un/dateOfIssuance" showAs="Date of issuance"></TLCConcept>
        <TLCConcept eId="dateOfAdoption" href="/akn/ontology/concept/un/dateOfAdoption" showAs="Date of adoption"></TLCConcept>
        <TLCConcept eId="symbol" href="/akn/ontology/reference/un/symbol" showAs="Symbol"></TLCConcept>
        <TLCRole eId="publisher" href="/akn/ontology/role/un/publisher" showAs="Publisher"></TLCRole>
        <TLCRole eId="issuingBody" href="/akn/role/concept/un/issuingBody" showAs="Issuing body"></TLCRole>
        <TLCRole eId="author" href="/akn/ontology/role/un/author" showAs="Author"></TLCRole>
        <TLCRole eId="editor" href="/akn/ontology/role/un/editor" showAs="Editor"></TLCRole>
        <TLCRole eId="distribution" href="/akn/ontology/concept/un/generalDistribution" showAs="General distribution"></TLCRole>
        <TLCOrganization eId="ga" href="/akn/ontology/organization/un/generalAssembly" showAs="General Assembly"></TLCOrganization>
        <TLCTerm eId="resolutionTitle" href="/akn/ontology/reference/un/resolutionTitle" showAs="Resolution title"></TLCTerm>
        <TLCTerm eId="firstCommittee" href="#firstCommittee" showAs="Первый комитет"></TLCTerm>
        <TLCTerm eId="memberState" href="/akn/ontology/organization/un/memberState" showAs="Member State"></TLCTerm>
        <TLCTerm eId="inFavour" href="/akn/ontology/concept/un/voting/inFavour" showAs="In favour"></TLCTerm>
        <TLCTerm eId="against" href="/akn/ontology/concept/un/voting/against" showAs="Against"></TLCTerm>
        <TLCTerm eId="abstaining" href="/akn/ontology/concept/un/voting/abstaining" showAs="Abstaining"></TLCTerm>
      </references>
      <presentation source="#un">
        <akn4un:footerFirstPage>
          <akn4un:footerFirstPageLeft>
            <akn4un:internalCode>
              <docketNumber refersTo="#publicationJobNumber">19-21748 (R)</docketNumber>
              <img alt="bar code" class="barCode" src=""></img>
            </akn4un:internalCode>
          </akn4un:footerFirstPageLeft>
          <akn4un:footerFirstPageRight>
            <img alt="Please recycle" class="image" src="./recylcleLogo.jpg"></img>
            <img alt="embedded QR code" class="qrCode" src=""></img>
          </akn4un:footerFirstPageRight>
        </akn4un:footerFirstPage>
      </presentation>
    </meta>
    <coverPage eId="coverPage_1">
      <p>
        <span refersTo="#publisher" class="upperLeft">
          <docAuthority refersTo="#publisher">Организация Объединенных Наций</docAuthority>
        </span>
      </p>
      <p class="upperRight">
        <docNumber refersTo="#symbol">A/RES/74/45</docNumber>
      </p>
      <p class="upperLeft">
        <img src="logo-un.jpg"></img>
        <docAuthority refersTo="#issuingBody" class="rightBig">Генеральная Ассамблея</docAuthority>
      </p>
      <p>
        <docStatus refersTo="#generalDistribution" class="rightSmall">Distr.: General</docStatus>
      </p>
      <p>
        <docDate date="2019-12-19" class="rightSmall" refersTo="#dateOfIssuance">19 December 2019</docDate>
      </p>
      <p>
        <session refersTo="#generalAssembly" value="74" eId="coverPage_1__session_1">Семьдесят четвертая сессия</session>
      </p>
      <p>
        <inline name="agenda item">Пункт 98 b) повестки дня</inline>
      </p>
      <p>
        <inline name="agenda item name">Всеобщее и полное разоружение: ядерное разоружение</inline>
      </p>
      <p>
        <docTitle>Резолюция, принятая Генеральной Ассамблеей 12 декабря 2019 года</docTitle>
      </p>
      <p xml:space="preserve">
        <docProponent refersTo="#firstCommittee">[по докладу Первого комитета (<inline name="originating document">A/74/368</inline>)]</docProponent>
      </p>
    </coverPage>
    <preface>
      <p>
        <docNumber>74/45.</docNumber>
        <docTitle refersTo="#resolutionTitle">Ядерное разоружение</docTitle>
      </p>
    </preface>
    <preamble>
      <formula name="enactingFormula" eId="formula_1">
        <p xml:space="preserve">
          <span class="italic">Генеральная Ассамблея</span>,</p>
      </formula>
      <container name="ссылаясь " eId="container_2">
        <p xml:space="preserve">
          <span class="italic">	ссылаясь </span>на свою резолюцию <a href="https://undocs.org/ru/A/RES/49/75">49/75</a> E от 15 декабря 1994 года о поэтапном уменьшении ядерной угрозы и свои резолюции <a href="https://undocs.org/ru/A/RES/50/70">50/70</a> Р от 12 декабря 1995 года, <a href="https://undocs.org/ru/A/RES/51/45">51/45</a> O от 10 декабря 1996 года, <a href="https://undocs.org/ru/A/RES/52/38">52/38</a> L от 9 декабря 1997 года, <a href="https://undocs.org/ru/A/RES/53/77">53/77</a> X от 4 декабря 1998 года, <a href="https://undocs.org/ru/A/RES/54/54">54/54</a> P от 1 декабря 1999 года, <a href="https://undocs.org/ru/A/RES/55/33">55/33</a> T от 20 ноября 2000 года, <a href="https://undocs.org/ru/A/RES/56/24">56/24</a> R от 29 ноября 2001 года, <a href="https://undocs.org/ru/A/RES/57/79">57/79</a> от 22 ноября 2002 года, <a href="https://undocs.org/ru/A/RES/58/56">58/56</a> от 8 декабря 2003 года, <a href="https://undocs.org/ru/A/RES/59/77">59/77</a> от 3 декабря 2004 года, <a href="https://undocs.org/ru/A/RES/60/70">60/70</a> от 8 декабря 2005 года, <a href="https://undocs.org/ru/A/RES/61/78">61/78</a> от 6 декабря 2006 года, <a href="https://undocs.org/ru/A/RES/62/42">62/42</a> от 5 декабря 2007 года, <a href="https://undocs.org/ru/A/RES/63/46">63/46</a> от 2 декабря 2008 года, <a href="https://undocs.org/ru/A/RES/64/53">64/53</a> от 2 декабря 2009 года, <a href="https://undocs.org/ru/A/RES/65/56">65/56</a> от 8 декабря 2010 года, <a href="https://undocs.org/ru/A/RES/66/51">66/51</a> от 2 декабря 2011 года, <a href="https://undocs.org/ru/A/RES/67/60">67/60</a> от 3 декабря 2012 года, <a href="https://undocs.org/ru/A/RES/68/47">68/47</a> от 5 декабря 2013 года, <a href="https://undocs.org/ru/A/RES/69/48">69/48</a> от 2 декабря 2014 года, <a href="https://undocs.org/ru/A/RES/70/52">70/52</a> от 7 декабря 2015 года, <a href="https://undocs.org/ru/A/RES/71/63">71/63</a> от 5 декабря 2016 года, <a href="https://undocs.org/ru/A/RES/72/38">72/38</a> от 4 декабря 2017 года и <a href="https://undocs.org/ru/A/RES/73/50">73/50</a> от 5 декабря 2018 года о ядерном разоружении,</p>
      </container>
      <container name="вновь подтверждая " eId="container_3">
        <p xml:space="preserve">
          <span class="italic">	вновь подтверждая </span>приверженность международного сообщества цели полной ликвидации ядерного оружия и построения мира, свободного от ядерного оружия,</p>
      </container>
      <container name="учитывая" eId="container_4">
        <p xml:space="preserve">
          <span class="italic">	учитывая</span>, что Конвенция 1972 года о запрещении разработки, производства и накопления запасов бактериологического (биологического) и токсинного оружия и об их уничтожении<authorialNote marker="1" placement="bottom" eId="authorialNote_1"><p xml:space="preserve">		United Nations, <span class="italic">Treaty Series</span>, vol. 1015, No. 14860.</p></authorialNote> и Конвенция 1993 года о запрещении разработки, производства, накопления и применения химического оружия и о его уничтожении<authorialNote marker="2" placement="bottom" eId="authorialNote_2"><p xml:space="preserve">		Ibid., vol. 1975, No. 33757.</p></authorialNote> уже обеспечили правовые режимы в отношении полного запрещения биологического и, соответственно, химического оружия, и будучи преисполнена решимости разработать всеобъемлющую конвенцию по ядерному оружию, предусматривающую запрещение разработки, испытания, производства, накопления запасов, предоставления во временное пользование, передачи, применения и угрозы применения ядерного оружия и его уничтожение, и заключить такую международную конвенцию в короткие сроки,</p>
      </container>
      <container name="признавая " eId="container_5">
        <p xml:space="preserve">
          <span class="italic">	признавая </span>насущную необходимость принятия конкретных практических мер для достижения цели построения мира, свободного от ядерного оружия,</p>
      </container>
      <container name="учитывая " eId="container_6">
        <p xml:space="preserve">
          <span class="italic">	учитывая </span>пункт 50 Заключительного документа десятой специальной сессии Генеральной Ассамблеи, первой специальной сессии, посвященной разоружению<authorialNote marker="3" placement="bottom" eId="authorialNote_3"><p xml:space="preserve">		Резолюция <a href="https://undocs.org/ru/A/RES/S-10/2">S-10/2</a>.</p></authorialNote>, в которой содержится призыв к срочному проведению переговоров с целью достижения договоренностей относительно прекращения качественного совершенствования и разработки систем ядерного оружия и относительно комплексной, поэтапной, с согласованными временными рамками — в тех случаях, когда это возможно, — программы постепенного и сбалансированного сокращения запасов ядерного оружия и средств его доставки, ведущего к его полной и окончательной ликвидации по возможности скорее,</p>
      </container>
      <container name="вновь подтверждая " eId="container_7">
        <p xml:space="preserve">
          <span class="italic">	вновь подтверждая </span>убежденность государств — участников Договора о нераспространении ядерного оружия<authorialNote marker="4" placement="bottom" eId="authorialNote_4"><p xml:space="preserve">		United Nations, <span class="italic">Treaty Series</span>, vol. 729, No. 10485.</p></authorialNote> в том, что Договор является одной из основ ядерного нераспространения и ядерного разоружения, и важное значение решения о повышении эффективности процесса рассмотрения действия Договора, решения о принципах и целях ядерного нераспространения и разоружения, решения о продлении действия Договора и резолюции по Ближнему Востоку, которые были приняты на Конференции 1995 года участников Договора о нераспространении ядерного оружия по рассмотрению и продлению действия Договора<authorialNote marker="5" placement="bottom" eId="authorialNote_5"><p xml:space="preserve">		См. <span class="italic">Конференция 1995 года участников Договора о нераспространении ядерного оружия по рассмотрению и продлению действия Договора, Заключительный документ, Часть I</span> [<a href="https://undocs.org/ru/NPT/CONF.1995/32 (Part I)">NPT/CONF.1995/32 (Part I)</a>], приложение.</p></authorialNote>,</p>
      </container>
      <container name="подчеркивая " eId="container_8">
        <p xml:space="preserve">
          <span class="italic">	подчеркивая </span>важное значение 13 шагов по обеспечению систематических и последовательных усилий по достижению цели ядерного разоружения, ведущего к полной ликвидации ядерного оружия, которые были согласованы государствами-участниками в Заключительном документе Конференции 2000 года участников Договора о нераспространении ядерного оружия по рассмотрению действия Договора<authorialNote marker="6" placement="bottom" eId="authorialNote_6"><p xml:space="preserve"><span class="italic">		Конференция 2000 года участников Договора о нераспространении ядерного оружия по рассмотрению действия Договора, Заключительный документ</span>, т. I [NPT/CONF.2000/28 (Parts I and II) и NPT/CONF.2000/28 (Parts I and II)/Corr.3], часть I, раздел, озаглавленный «Статья VI и восьмой — двенадцатый пункты преамбулы», п. 15.</p></authorialNote>,</p>
      </container>
      <container name="с признательностью отмечая " eId="container_9">
        <p xml:space="preserve">
          <span class="italic">	с признательностью отмечая </span>важную работу, проделанную на Конференции 2010 года участников Договора о нераспространении ядерного оружия по рассмотрению действия Договора<authorialNote marker="7" placement="bottom" eId="authorialNote_7"><p xml:space="preserve"><span class="italic">		Конференция 2010 года участников Договора о нераспространении ядерного оружия по рассмотрению действия Договора, Заключительный документ</span>, тт. I–III [<a href="https://undocs.org/ru/NPT/CONF.2010/50 (Vol. I)">NPT/CONF.2010/50 (Vol. I)</a>, <a href="https://undocs.org/ru/NPT/CONF.2010/50 (Vol. II)">NPT/CONF.2010/50 (Vol. II)</a> и <a href="https://undocs.org/ru/NPT/CONF.2010/50 (Vol. III)">NPT/CONF.2010/50 (Vol. III)</a>].</p></authorialNote>, и оценивая разработанный ею план действий в области ядерного разоружения из 22 пунктов как стимул для активизации работы, нацеленной на открытие переговоров о конвенции по ядерному оружию,</p>
      </container>
      <container name="выражая глубокую озабоченность" eId="container_10">
        <p xml:space="preserve">
          <span class="italic">выражая глубокую озабоченность</span> по поводу того, что на Конференции 2015 года участников Договора о нераспространении ядерного оружия по рассмотрению действия Договора, состоявшейся 27 апреля — 22 мая 2015 года, не удалось достичь согласия в отношении субстантивного заключительного документа,</p>
      </container>
      <container name="подтверждая" eId="container_11">
        <p xml:space="preserve">
          <span class="italic">подтверждая</span>, что договоренности, достигнутые на Конференции 1995 года по рассмотрению и продлению действия Договора и на обзорных конференциях 2000 и 2010 годов, остаются в силе до достижения всех поставленных в них целей, и призывая полностью и незамедлительно выполнить их, включая план действий в области ядерного разоружения, принятый на обзорной конференции 2010 года,</p>
      </container>
      <container name="вновь отмечая " eId="container_12">
        <p xml:space="preserve">
          <span class="italic">	вновь отмечая </span>наиважнейшее значение, придаваемое ядерному разоружению в Заключительном документе десятой специальной сессии Генеральной Ассамблеи, а также международным сообществом,</p>
      </container>
      <container name="вновь призывая " eId="container_13">
        <p xml:space="preserve">
          <span class="italic">	вновь призывая </span>к обеспечению скорейшего вступления в силу Договора о всеобъемлющем запрещении ядерных испытаний<authorialNote marker="8" placement="bottom" eId="authorialNote_8"><p xml:space="preserve">		См. резолюцию <a href="https://undocs.org/ru/A/RES/50/245">50/245</a> и <a href="https://undocs.org/ru/A/50/1027">A/50/1027</a>.</p></authorialNote>,</p>
      </container>
      <container name="отмечая" eId="container_14">
        <p xml:space="preserve">
          <span class="italic">отмечая</span> новый договор между Российской Федерацией и Соединенными Штатами Америки о сокращении стратегических вооружений, призванный способствовать дальнейшим сокращениям их развернутых и неразвернутых стратегических ядерных вооружений, и подчеркивая, что такие сокращения должны быть необратимыми и транспарентными и поддаваться проверке,</p>
      </container>
      <container name="отмечая также" eId="container_15">
        <p xml:space="preserve">
          <span class="italic">отмечая также</span> заявления государств, обладающих ядерным оружием, по поводу их намерения продолжать предпринимать действия в целях построения мира, свободного от ядерного оружия, а также шаги, направленные на уменьшение роли и количества ядерного оружия, и настоятельно призывая государства, обладающие ядерным оружием, принять дальнейшие меры для достижения прогресса в области ядерного разоружения в определенных временных рамках,</p>
      </container>
      <container name="признавая" eId="container_16">
        <p xml:space="preserve">
          <span class="italic">признавая</span> взаимодополняемость двусторонних, плюрилатеральных и многосторонних переговоров по ядерному разоружению и то, что двусторонние переговоры никогда не могут заменить в этом отношении многосторонние переговоры,</p>
      </container>
      <container name="отмечая" eId="container_17">
        <p xml:space="preserve">
          <span class="italic">отмечая</span> выраженную на Конференции по разоружению и в Генеральной Ассамблее поддержку в отношении разработки международной конвенции о предоставлении государствам, не обладающим ядерным оружием, без исключения или дискриминации гарантий против применения или угрозы применения ядерного оружия при любых обстоятельствах и многосторонние усилия, предпринимаемые в рамках Конференции с целью достичь договоренности в отношении такой международной конвенции в короткие сроки,</p>
      </container>
      <container name="ссылаясь" eId="container_18">
        <p xml:space="preserve">
          <span class="italic">ссылаясь</span> на консультативное заключение Международного Суда относительно законности угрозы ядерным оружием или его применения, опубликованное 8 июля 1996 года<authorialNote marker="9" placement="bottom" eId="authorialNote_9"><p xml:space="preserve"><a href="https://undocs.org/ru/A/51/218">A/51/218</a>, приложение.</p></authorialNote>, и приветствуя единодушное подтверждение всеми его судьями того, что существует обязательство, со стороны всех государств, проводить добросовестным образом и доводить до конца переговоры, ведущие к ядерному разоружению во всех его аспектах под строгим и эффективным международным контролем,</p>
      </container>
      <container name="ссылаясь также " eId="container_19">
        <p xml:space="preserve">
          <span class="italic">ссылаясь также </span>на пункт 176 заключительного документа семнадцатой Конференции глав государств и правительств неприсоединившихся стран, состоявшейся на острове Маргарита, Боливарианская Республика Венесуэла, 13–18 сентября 2016 года, где содержится призыв к Конференции по разоружению согласовать сбалансированную и всеобъемлющую программу работы, и в частности создать как можно скорее и на приоритетной основе специальный комитет по ядерному разоружению, и при этом подчеркивается необходимость без дальнейшего промедления начать на Конференции по разоружению переговоры относительно всеобъемлющей конвенции по ядерному оружию, в которой содержалась бы, в частности, поэтапная программа полной ликвидации ядерного оружия в определенных временных рамках,</p>
      </container>
      <container name="отмечая" eId="container_20">
        <p xml:space="preserve">
          <span class="italic">отмечая</span> принятие Конференцией по разоружению 29 мая 2009 года — после преодоления многолетнего тупика — программы работы на сессию 2009 года<authorialNote marker="10" placement="bottom" eId="authorialNote_10"><p xml:space="preserve">		См. <span class="italic">Официальные отчеты Генеральной Ассамблеи, шестьдесят четвертая сессия, Дополнение № 27</span> (<a href="https://undocs.org/ru/A/64/27">A/64/27</a>), п. 18.</p></authorialNote> и выражая сожаление по поводу того, что Конференции не удалось прийти к консенсусу в отношении программы работы ее сессии 2019 года,</p>
      </container>
      <container name="приветствуя" eId="container_21">
        <p xml:space="preserve">
          <span class="italic">приветствуя</span> предложения относительно последующей деятельности в связи с проведенным в 2013 году заседанием Генеральной Ассамблеи высокого уровня по ядерному разоружению, представленные в соответствии с резолюцией <a href="https://undocs.org/ru/A/RES/68/32">68/32</a> Ассамблеи от 5 декабря 2013 года государствами — членами Конференции по разоружению, входящими в Группу 21, и содержащиеся в документах Конференции<authorialNote marker="11" placement="bottom" eId="authorialNote_11"><p xml:space="preserve">		См. <a href="https://undocs.org/ru/CD/1999">CD/1999</a> и <a href="https://undocs.org/ru/CD/2067">CD/2067</a>.</p></authorialNote>,</p>
      </container>
      <container name="вновь подтверждая" eId="container_22">
        <p xml:space="preserve">
          <span class="italic">вновь подтверждая</span> важность и значимость Конференции по разоружению как единственного многостороннего форума для ведения переговоров по разоружению и выражая необходимость принятия и осуществления сбалансированной и всеобъемлющей программы работы, основанной на ее повестке дня и охватывающей, в частности, четыре ключевых вопроса, как это согласуется с правилами процедуры<authorialNote marker="12" placement="bottom" eId="authorialNote_12"><p xml:space="preserve"><a href="https://undocs.org/ru/CD/8/Rev.9">CD/8/Rev.9</a>.</p></authorialNote>, с учетом интересов безопасности всех государств,</p>
      </container>
      <container name="вновь подтверждая также" eId="container_23">
        <p xml:space="preserve">
          <span class="italic">вновь подтверждая также</span> конкретный мандат, предоставленный Комиссии по разоружению Генеральной Ассамблеей в ее решении 52/492 от 8 сентября 1998 года, в котором говорится, что Комиссия будет обсуждать проблему ядерного разоружения в качестве одного из главных пунктов ее основной повестки дня,</p>
      </container>
      <container name="ссылаясь" eId="container_24">
        <p xml:space="preserve">
          <span class="italic">ссылаясь</span> на Декларацию тысячелетия Организации Объединенных Наций<authorialNote marker="13" placement="bottom" eId="authorialNote_13"><p xml:space="preserve">		Резолюция <a href="https://undocs.org/ru/A/RES/55/2">55/2</a>.</p></authorialNote>, в которой главы государств и правительств заявили о том, что они преисполнены решимости добиваться ликвидации оружия массового уничтожения, особенно ядерного оружия, и сохранять открытыми все имеющиеся возможности для достижения этой цели, включая возможность созыва международной конференции для определения путей устранения ядерной угрозы,</p>
      </container>
      <container name="подчеркивая" eId="container_25">
        <p xml:space="preserve">
          <span class="italic">подчеркивая</span> важность созыва в первоочередном порядке международной конференции Организации Объединенных Наций высокого уровня по ядерному разоружению для обзора прогресса, достигнутого в этом отношении, </p>
      </container>
      <container name="напоминая " eId="container_26">
        <p xml:space="preserve">
          <span class="italic">напоминая </span>о созыве 26 сентября 2013 года заседания Генеральной Ассамблеи высокого уровня по ядерному разоружению и о твердой поддержке ядерного разоружения, выраженной на этом заседании,</p>
      </container>
      <container name="приветствуя " eId="container_27">
        <p xml:space="preserve">
          <span class="italic">приветствуя </span>проведение 26 сентября Международного дня борьбы за полную ликвидацию ядерного оружия, посвященного содействию достижению этой цели, объявленного Генеральной Ассамблеей в ее резолюции <a href="https://undocs.org/ru/A/RES/68/32">68/32</a> и впоследствии с удовлетворением отмеченного в ее резолюциях <a href="https://undocs.org/ru/A/RES/69/58">69/58</a> от 2 декабря 2014 года, <a href="https://undocs.org/ru/A/RES/70/34">70/34</a> от 7 декабря 2015 года, <a href="https://undocs.org/ru/A/RES/71/71">71/71</a> от 5 декабря 2016 года, <a href="https://undocs.org/ru/A/RES/72/251">72/251</a> от 24 декабря 2017 года и <a href="https://undocs.org/ru/A/RES/73/40">73/40</a> от 5 декабря 2018 года, </p>
      </container>
      <container name="принимая к сведению" eId="container_28">
        <p xml:space="preserve">
          <span class="italic">принимая к сведению</span> заявление по случаю Международного дня борьбы за полную ликвидацию ядерного оружия, сделанное 26 сентября 2019 года в Мехико государствами — членами Агентства по запрещению ядерного оружия в Латинской Америке и Карибском бассейне, </p>
      </container>
      <container name="выражая глубокую озабоченность " eId="container_29">
        <p xml:space="preserve">
          <span class="italic">	выражая глубокую озабоченность </span>по поводу катастрофических гуманитарных последствий любого применения ядерного оружия,</p>
      </container>
      <container name="отмечая" eId="container_30">
        <p xml:space="preserve">
          <span class="italic">отмечая</span> успешное проведение первой, второй и третьей конференций по вопросу о гуманитарных последствиях применения ядерного оружия, состоявшихся в Осло 4 и 5 марта 2013 года, в Наярите, Мексика, 13 и 14 февраля 2014 года и в Вене 8 и 9 декабря 2014 года, и отмечая также, что 127 государств официально поддержали гуманитарное обязательство, опубликованное после проведения третьей конференции<authorialNote marker="14" placement="bottom" eId="authorialNote_14"><p xml:space="preserve">		См. <a href="https://undocs.org/ru/CD/2039">CD/2039</a>.</p></authorialNote>, </p>
      </container>
      <container name="приветствуя" eId="container_31">
        <p xml:space="preserve">
          <span class="italic">приветствуя</span> подписание в Нью-Йорке 6 мая 2014 года государствами, обладающими ядерным оружием, а именно Китаем, Российской Федерацией, Соединенным Королевством Великобритании и Северной Ирландии, Соединенными Штатами Америки и Францией, Протокола к Договору о зоне, свободной от ядерного оружия, в Центральной Азии,</p>
      </container>
      <container name="приветствуя также" eId="container_32">
        <p xml:space="preserve">
          <span class="italic">приветствуя также</span> провозглашение Латинской Америки и Карибского бассейна зоной мира, озвученное 29 января 2014 года на втором саммите Сообщества государств Латинской Америки и Карибского бассейна, состоявшемся 28 и 29 января 2014 года в Гаване,</p>
      </container>
      <container name="приветствуя далее" eId="container_33">
        <p xml:space="preserve">
          <span class="italic">приветствуя далее</span> успешное принятие 7 июля 2017 года Договора о запрещении ядерного оружия<authorialNote marker="15" placement="bottom" eId="authorialNote_15"><p xml:space="preserve"><a href="https://undocs.org/ru/A/CONF.229/2017/8">A/CONF.229/2017/8</a>.</p></authorialNote>,</p>
      </container>
      <container name="подтверждая" eId="container_34">
        <p xml:space="preserve">
          <span class="italic">	подтверждая</span>, что в соответствии с Уставом Организации Объединенных Наций государства должны воздерживаться от применения или угрозы применения ядерного оружия при разрешении своих споров в международных отношениях,</p>
      </container>
      <container name="сознавая" eId="container_35">
        <p xml:space="preserve">
          <span class="italic">сознавая</span> опасность применения оружия массового уничтожения, особенно ядерного оружия, в террористических актах и настоятельную необходимость согласованных международных усилий по ее сдерживанию и устранению,</p>
      </container>
    </preamble>
    <mainBody>
      <paragraph eId="para_36" class="SingleTxt">
        <num>	1.</num>
        <content eId="para_36__content">
          <p xml:space="preserve">
            <span class="italic">настоятельно призывает</span> все государства, обладающие ядерным оружием, принять эффективные меры в области разоружения в целях полной ликвидации всего ядерного оружия как можно скорее;</p>
        </content>
      </paragraph>
      <paragraph eId="para_37" class="SingleTxt">
        <num>	2.</num>
        <content eId="para_37__content">
          <p xml:space="preserve">
            <span class="italic">подтверждает</span>, что ядерное разоружение и ядерное нераспространение являются по существу взаимосвязанными и взаимоукрепляющими процессами, что эти два процесса должны идти параллельно и что существует подлинная необходимость в систематическом и последовательном процессе ядерного разоружения;</p>
        </content>
      </paragraph>
      <paragraph eId="para_38" class="SingleTxt">
        <num>	3.</num>
        <content eId="para_38__content">
          <p xml:space="preserve">
            <span class="italic">приветствует и поддерживает</span> усилия по созданию новых зон, свободных от ядерного оружия, в различных частях мира, включая создание зоны, свободной от ядерного оружия, на Ближнем Востоке, на основе соглашений или договоренностей, добровольно заключенных между государствами соответствующих регионов, что является эффективной мерой ограничения дальнейшего географического распространения ядерного оружия и способствует делу ядерного разоружения;</p>
        </content>
      </paragraph>
      <paragraph eId="para_39" class="SingleTxt">
        <num>	4.</num>
        <content eId="para_39__content">
          <p xml:space="preserve">
            <span class="italic">призывает</span> государства — участники Договора о зоне, свободной от ядерного оружия, в Юго-Восточной Азии<authorialNote marker="16" placement="bottom" eId="authorialNote_16"><p xml:space="preserve">		United Nations, <span class="italic">Treaty Series</span>, vol. 1981, No. 33873.</p></authorialNote> и государства, обладающие ядерным оружием, активизировать прилагаемые усилия, чтобы урегулировать в соответствии с целями и принципами Договора все сохраняющиеся вопросы;</p>
        </content>
      </paragraph>
      <paragraph eId="para_40" class="SingleTxt">
        <num>	5.</num>
        <content eId="para_40__content">
          <p xml:space="preserve">
            <span class="italic">признает</span>, что существует подлинная необходимость уменьшить роль ядерного оружия в стратегических доктринах и политике обеспечения безопасности в целях сведения к минимуму риска того, что это оружие когда-либо будет применено, и содействия процессу его полной ликвидации;</p>
        </content>
      </paragraph>
      <paragraph eId="para_41" class="SingleTxt">
        <num>	6.</num>
        <content eId="para_41__content">
          <p xml:space="preserve">
            <span class="italic">настоятельно призывает</span> государства, обладающие ядерным оружием, немедленно прекратить качественное совершенствование, разработку, производство и накопление запасов ядерных боеголовок и средств их доставки;</p>
        </content>
      </paragraph>
      <paragraph eId="para_42" class="SingleTxt">
        <num>	7.</num>
        <content eId="para_42__content">
          <p xml:space="preserve">
            <span class="italic">настоятельно призывает также</span> государства, обладающие ядерным оружием, в качестве промежуточной меры немедленно снять с боевого дежурства и деактивировать свое ядерное оружие и принять другие конкретные меры по дальнейшему понижению оперативного статуса их систем ядерных вооружений, подчеркивая при этом, что уменьшение числа развернутых боезарядов и понижение оперативного статуса не могут заменить необратимых сокращений ядерных вооружений и полной ликвидации ядерного оружия;</p>
        </content>
      </paragraph>
      <paragraph eId="para_43" class="SingleTxt">
        <num>	8.</num>
        <content eId="para_43__content">
          <p xml:space="preserve">
            <span class="italic">вновь призывает</span> государства, обладающие ядерным оружием, осуществить эффективные меры в области ядерного разоружения для достижения цели полной ликвидации ядерного оружия в определенных временных рамках;</p>
        </content>
      </paragraph>
      <paragraph eId="para_44" class="SingleTxt">
        <num>	9.</num>
        <content eId="para_44__content">
          <p xml:space="preserve">
            <span class="italic">призывает</span> государства, обладающие ядерным оружием, до обеспечения полной ликвидации ядерного оружия договориться относительно имеющего обязательную международную юридическую силу документа, предусматривающего совместное обязательство не применять первыми ядерное оружие;</p>
        </content>
      </paragraph>
      <paragraph eId="para_45" class="SingleTxt">
        <num>	10.</num>
        <content eId="para_45__content">
          <p xml:space="preserve">
            <span class="italic">настоятельно призывает</span> государства, обладающие ядерным оружием, начать между собой на соответствующем этапе плюрилатеральные переговоры о дальнейшем глубоком сокращении — необратимым, проверяемым и транспарентным образом — их ядерных вооружений в качестве одной из эффективных мер ядерного разоружения;</p>
        </content>
      </paragraph>
      <paragraph eId="para_46" class="SingleTxt">
        <num>	11.</num>
        <content eId="para_46__content">
          <p xml:space="preserve">
            <span class="italic">подчеркивает</span> важность применения принципов транспарентности, необратимости и проверяемости в отношении процесса ядерного разоружения;</p>
        </content>
      </paragraph>
      <paragraph eId="para_47" class="SingleTxt">
        <num>	12.</num>
        <content eId="para_47__content">
          <p xml:space="preserve">
            <span class="italic">подчеркивает также</span> важное значение содержащегося в Заключительном документе Конференции 2000 года участников Договора о нераспространении ядерного оружия по рассмотрению действия Договора недвусмысленного обязательства государств, обладающих ядерным оружием, осуществить полную ликвидацию своих ядерных арсеналов, ведущую к ядерному разоружению, которому привержены все государства-участники в соответствии со статьей VI Договора<sup>6</sup>, и подтверждения государствами-участниками того, что полная ликвидация ядерного оружия является единственной абсолютной гарантией против применения или угрозы применения ядерного оружия<authorialNote marker="17" placement="bottom" eId="authorialNote_17"><p xml:space="preserve"><span class="italic">		Конференция 2000 года участников Договора о нераспространении ядерного оружия по рассмотрению действия Договора, Заключительный документ</span>, т. I [<a href="https://undocs.org/ru/NPT/CONF.2000/28 (Parts I and II)/corr.3">NPT/CONF.2000/28 (Parts I and II)</a> и <a href="https://undocs.org/ru/NPT/CONF.2000/28 (Parts I and II)/corr.3">NPT/CONF.2000/28 (Parts I and II)/Corr.3</a>], часть I, раздел, озаглавленный «Статья VII и безопасность государств, не обладающих ядерным оружием», п. 2.</p></authorialNote>;</p>
        </content>
      </paragraph>
      <paragraph eId="para_48" class="SingleTxt">
        <num>	13.</num>
        <content eId="para_48__content">
          <p xml:space="preserve">
            <span class="italic">призывает</span> к полному и эффективному осуществлению 13 практических шагов по ядерному разоружению, изложенных в Заключительном документе Конференции 2000 года по рассмотрению действия Договора<sup>6</sup>;</p>
        </content>
      </paragraph>
      <paragraph eId="para_49" class="SingleTxt">
        <num>	14.</num>
        <content eId="para_49__content">
          <p xml:space="preserve">
            <span class="italic">призывает также</span> к полному осуществлению плана действий, содержащегося в выводах и рекомендациях в отношении последующих действий, изложенных в Заключительном документе Конференции 2010 года по рассмотрению действия Договора, и в частности плана действий в области ядерного разоружения, состоящего из 22 пунктов<sup>7</sup>;</p>
        </content>
      </paragraph>
      <paragraph eId="para_50" class="SingleTxt">
        <num>	15.</num>
        <content eId="para_50__content">
          <p xml:space="preserve">
            <span class="italic">настоятельно призывает</span> государства, обладающие ядерным оружием, осуществить дальнейшие сокращения нестратегических ядерных вооружений, в том числе на основе односторонних инициатив и в качестве неотъемлемого элемента процесса сокращения ядерных вооружений и разоружения;</p>
        </content>
      </paragraph>
      <paragraph eId="para_51" class="SingleTxt">
        <num>	16.</num>
        <content eId="para_51__content">
          <p xml:space="preserve">
            <span class="italic">призывает</span> к незамедлительному началу на Конференции по разоружению — в рамках согласованной, всеобъемлющей и сбалансированной программы работы — переговоров о недискриминационном, многостороннем и поддающемся международному и эффективному контролю договоре о запрещении производства расщепляющегося материала для ядерного оружия или других ядерных взрывных устройств на основе доклада Специального координатора<authorialNote marker="18" placement="bottom" eId="authorialNote_18"><p xml:space="preserve"><a href="https://undocs.org/ru/CD/1299">CD/1299</a>.</p></authorialNote> и содержащегося в нем мандата;</p>
        </content>
      </paragraph>
      <paragraph eId="para_52" class="SingleTxt">
        <num>	17.</num>
        <content eId="para_52__content">
          <p xml:space="preserve">
            <span class="italic">настоятельно призывает</span> Конференцию по разоружению как можно скорее начать на своей сессии 2020 года свою субстантивную работу на основе всеобъемлющей и сбалансированной программы работы, в которой учитываются все реальные приоритеты, существующие в области разоружения и контроля над вооружениями, включая немедленное начало переговоров относительно всеобъемлющей конвенции по ядерному оружию;</p>
        </content>
      </paragraph>
      <paragraph eId="para_53" class="SingleTxt">
        <num>	18.</num>
        <content eId="para_53__content">
          <p xml:space="preserve">
            <span class="italic">призывает</span> к принятию международно-правового документа о предоставлении государствам, не обладающим ядерным оружием, безусловных гарантий безопасности против применения или угрозы применения ядерного оружия при любых обстоятельствах;</p>
        </content>
      </paragraph>
      <paragraph eId="para_54" class="SingleTxt">
        <num>	19.</num>
        <content eId="para_54__content">
          <p xml:space="preserve">
            <span class="italic">призывает также</span> к скорейшему вступлению в силу, обеспечению универсального характера и строгому соблюдению Договора о всеобъемлющем запрещении ядерных испытаний<sup>8</sup> в качестве вклада в ядерное разоружение, приветствуя при этом недавнее подписание Договора Тувалу, которое состоялось 25 сентября 2018 года, и его недавнюю ратификацию Зимбабве, которая состоялась 13 февраля 2019 года;</p>
        </content>
      </paragraph>
      <paragraph eId="para_55" class="SingleTxt">
        <num>	20.</num>
        <content eId="para_55__content">
          <p xml:space="preserve">
            <span class="italic">вновь призывает</span> Конференцию по разоружению учредить как можно скорее и в самом первоочередном порядке специальный комитет по ядерному разоружению в 2020 году и приступить к переговорам о поэтапной программе ядерного разоружения, ведущего к полной ликвидации ядерного оружия в определенных временных рамках;</p>
        </content>
      </paragraph>
      <paragraph eId="para_56" class="SingleTxt">
        <num>	21.</num>
        <content eId="para_56__content">
          <p xml:space="preserve">
            <span class="italic">призывает</span> как можно скорее созвать международную конференцию Организации Объединенных Наций высокого уровня по ядерному разоружению для обзора прогресса, достигнутого в этом отношении;</p>
        </content>
      </paragraph>
      <paragraph eId="para_57" class="SingleTxt">
        <num>	22.</num>
        <content eId="para_57__content">
          <p xml:space="preserve">
            <span class="italic">просит</span> Генерального секретаря представить Генеральной Ассамблее на ее семьдесят пятой сессии доклад об осуществлении настоящей резолюции;</p>
        </content>
      </paragraph>
      <paragraph eId="para_58" class="SingleTxt">
        <num>	23.</num>
        <content eId="para_58__content">
          <p xml:space="preserve">
            <span class="italic">постановляет</span> включить в предварительную повестку дня своей семьдесят пятой сессии, в рамках пункта, озаглавленного «Всеобщее и полное разоружение», подпункт, озаглавленный «Ядерное разоружение».</p>
        </content>
      </paragraph>
    </mainBody>
    <conclusions eId="conclusions">
      <p>
        <inline name="adoptionMeeting" title="46-e">46-e пленарное заседание</inline>
        <eol />
        <docDate date="2019-12-12" refersTo="#adoptionDate">12 декабря 2019 года</docDate>
      </p>
    </conclusions>
  </statement>
</akomaNtoso>