<akomaNtoso xmlns:xsi="http://www.w3.org/2001/XMLSchema-instance" xsi:schemaLocation="http://docs.oasis-open.org/legaldocml/ns/akn/3.0 http://docs.oasis-open.org/legaldocml/akn-core/v1.0/os/part2-specs/schemas/akomantoso30.xsd" xmlns="http://docs.oasis-open.org/legaldocml/ns/akn/3.0" xmlns:html="http://www.w3.org/1999/xhtml" xmlns:akn4un="http://un.org/akn4un">
  <statement name="resolution">
    <meta>
      <identification source="#DGACM">
        <FRBRWork>
          <FRBRthis value="/akn/un/statement/deliberation/unga/2019-12-12/74-47/!main/"></FRBRthis>
          <FRBRuri value="/akn/un/statement/deliberation/unga/2019-12-12/74-47/"></FRBRuri>
          <FRBRdate date="2019-12-12" name="adoption"></FRBRdate>
          <FRBRauthor href="ga" as="author"></FRBRauthor>
          <FRBRcountry value="un"></FRBRcountry>
        </FRBRWork>
        <FRBRExpression>
          <FRBRthis value="/akn/un/statement/deliberation/unga/2019-12-12/74-47/rus@!main/"></FRBRthis>
          <FRBRuri value="/akn/un/statement/deliberation/unga/2019-12-12/74-47/rus@/"></FRBRuri>
          <FRBRdate date="2019-12-19" name="publication"></FRBRdate>
          <FRBRauthor href="ga" as="issuer"></FRBRauthor>
          <FRBRlanguage language="rus"></FRBRlanguage>
        </FRBRExpression>
        <FRBRManifestation>
          <FRBRthis value="/akn/un/statement/deliberation/unga/2019-12-12/74-47/rus@/!main.xml"></FRBRthis>
          <FRBRuri value="/akn/un/statement/deliberation/unga/2019-12-12/74-47/rus@.xml"></FRBRuri>
          <FRBRdate date="2020-08-29" name="markup"></FRBRdate>
          <FRBRauthor href="DGACM" as="editor"></FRBRauthor>
        </FRBRManifestation>
      </identification>
      <classification source="http://metadata.un.org/sdg">
        <keyword value="2" href="http://metadata.un.org/sdg/2" showAs="sdg_2" dictionary="SDGO"></keyword>
        <keyword value="food_shortage" href="http://eurovoc.europa.eu/2318" showAs="food_shortage" dictionary="EuroVoc"></keyword>
        <keyword value="sustainable_agriculture" href="http://eurovoc.europa.eu/6308" showAs="sustainable_agriculture" dictionary="EuroVoc"></keyword>
        <keyword value="food_security" href="http://eurovoc.europa.eu/c_4523e1dd" showAs="food_security" dictionary="EuroVoc"></keyword>
        <keyword value="food_security" href="http://metadata.un.org/thesaurus/1002439" showAs="food_security" dictionary="UNBIS Thesaurus"></keyword>
        <keyword value="food_shortage" href="http://metadata.un.org/thesaurus/1002440" showAs="food_shortage" dictionary="UNBIS Thesaurus"></keyword>
        <keyword value="hunger" href="http://metadata.un.org/thesaurus/1003004" showAs="hunger" dictionary="UNBIS Thesaurus"></keyword>
        <keyword value="sustainable_agriculture" href="http://metadata.un.org/thesaurus/1006317" showAs="sustainable_agriculture" dictionary="UNBIS Thesaurus"></keyword>
      </classification>
      <classification source="http://metadata.un.org/sdg">
        <keyword value="16" href="http://metadata.un.org/sdg/16" showAs="sdg_16" dictionary="SDGO"></keyword>
        <keyword value="right_to_justice" href="http://eurovoc.europa.eu/516" showAs="right_to_justice" dictionary="EuroVoc"></keyword>
        <keyword value="sustainable_development" href="http://eurovoc.europa.eu/5585" showAs="sustainable_development" dictionary="EuroVoc"></keyword>
        <keyword value="civil_society" href="http://metadata.un.org/thesaurus/1001012" showAs="civil_society" dictionary="UNBIS Thesaurus"></keyword>
        <keyword value="justice" href="http://metadata.un.org/thesaurus/1003500" showAs="justice" dictionary="UNBIS Thesaurus"></keyword>
        <keyword value="peaceful_coexistence" href="http://metadata.un.org/thesaurus/1004777" showAs="peaceful_coexistence" dictionary="UNBIS Thesaurus"></keyword>
        <keyword value="public_institutions" href="http://metadata.un.org/thesaurus/1005254" showAs="public_institutions" dictionary="UNBIS Thesaurus"></keyword>
        <keyword value="social_justice" href="http://metadata.un.org/thesaurus/1005970" showAs="social_justice" dictionary="UNBIS Thesaurus"></keyword>
        <keyword value="sustainable_development" href="http://metadata.un.org/thesaurus/1006319" showAs="sustainable_development" dictionary="UNBIS Thesaurus"></keyword>
      </classification>
      <workflow source="#un">
        <step date="2019-10-21" outcome="draftResolution" as="A/C.1/74/L.21" by="Algeria, Angola, Austria, Brazil, Chile, Costa Rica, Democratic Republic of the Congo, Egypt, Eswatini, Ghana, Guatemala, Indonesia, Ireland, Malawi, Mexico, Namibia, Nigeria, Peru, Philippines, Samoa, South Africa, Thailand, Uganda, Uruguay and Viet Nam" />
        <step date="0001-01-01" outcome="draftResolutionAdditionalSponsors" by="Benin, Dominican Republic, Ecuador, El Salvador, Equatorial Guinea, Iran (Islamic Republic of), Lesotho, Panama, Seychelles and Togo" />
        <step date="0001-01-01" outcome="recommendedForAdoption" as="A/74/368" by="" refersTo="89" />
        <step date="2019-12-12" outcome="adopted" as="A/74/PV.46" by="" />
      </workflow>
      <analysis source="#un">
        <parliamentary>
          <voting outcome="adoptedRecordedVote">
            <count value="135" refersTo="inFavour">
              <akn4un:voters>
                <organization refersTo="memberState">AFGHANISTAN</organization>
                <organization refersTo="memberState">ALGERIA</organization>
                <organization refersTo="memberState">ANDORRA</organization>
                <organization refersTo="memberState">ANGOLA</organization>
                <organization refersTo="memberState">ANTIGUA AND BARBUDA</organization>
                <organization refersTo="memberState">ARGENTINA</organization>
                <organization refersTo="memberState">AUSTRIA</organization>
                <organization refersTo="memberState">AZERBAIJAN</organization>
                <organization refersTo="memberState">BAHAMAS</organization>
                <organization refersTo="memberState">BAHRAIN</organization>
                <organization refersTo="memberState">BANGLADESH</organization>
                <organization refersTo="memberState">BARBADOS</organization>
                <organization refersTo="memberState">BELARUS</organization>
                <organization refersTo="memberState">BELIZE</organization>
                <organization refersTo="memberState">BENIN</organization>
                <organization refersTo="memberState">BHUTAN</organization>
                <organization refersTo="memberState">BOLIVIA (PLURINATIONAL STATE OF)</organization>
                <organization refersTo="memberState">BOTSWANA</organization>
                <organization refersTo="memberState">BRAZIL</organization>
                <organization refersTo="memberState">BRUNEI DARUSSALAM</organization>
                <organization refersTo="memberState">BURKINA FASO</organization>
                <organization refersTo="memberState">BURUNDI</organization>
                <organization refersTo="memberState">CABO VERDE</organization>
                <organization refersTo="memberState">CAMBODIA</organization>
                <organization refersTo="memberState">CENTRAL AFRICAN REPUBLIC</organization>
                <organization refersTo="memberState">CHAD</organization>
                <organization refersTo="memberState">CHILE</organization>
                <organization refersTo="memberState">COLOMBIA</organization>
                <organization refersTo="memberState">COMOROS</organization>
                <organization refersTo="memberState">CONGO</organization>
                <organization refersTo="memberState">COSTA RICA</organization>
                <organization refersTo="memberState">COTE D'IVOIRE</organization>
                <organization refersTo="memberState">CUBA</organization>
                <organization refersTo="memberState">DEMOCRATIC REPUBLIC OF THE CONGO</organization>
                <organization refersTo="memberState">DJIBOUTI</organization>
                <organization refersTo="memberState">DOMINICAN REPUBLIC</organization>
                <organization refersTo="memberState">ECUADOR</organization>
                <organization refersTo="memberState">EGYPT</organization>
                <organization refersTo="memberState">EL SALVADOR</organization>
                <organization refersTo="memberState">ERITREA</organization>
                <organization refersTo="memberState">ESWATINI</organization>
                <organization refersTo="memberState">ETHIOPIA</organization>
                <organization refersTo="memberState">FIJI</organization>
                <organization refersTo="memberState">GABON</organization>
                <organization refersTo="memberState">GAMBIA</organization>
                <organization refersTo="memberState">GHANA</organization>
                <organization refersTo="memberState">GRENADA</organization>
                <organization refersTo="memberState">GUATEMALA</organization>
                <organization refersTo="memberState">GUINEA-BISSAU</organization>
                <organization refersTo="memberState">GUYANA</organization>
                <organization refersTo="memberState">HONDURAS</organization>
                <organization refersTo="memberState">INDONESIA</organization>
                <organization refersTo="memberState">IRAN (ISLAMIC REPUBLIC OF)</organization>
                <organization refersTo="memberState">IRAQ</organization>
                <organization refersTo="memberState">IRELAND</organization>
                <organization refersTo="memberState">JAMAICA</organization>
                <organization refersTo="memberState">JORDAN</organization>
                <organization refersTo="memberState">KAZAKHSTAN</organization>
                <organization refersTo="memberState">KENYA</organization>
                <organization refersTo="memberState">KIRIBATI</organization>
                <organization refersTo="memberState">KUWAIT</organization>
                <organization refersTo="memberState">KYRGYZSTAN</organization>
                <organization refersTo="memberState">LAO PEOPLE'S DEMOCRATIC REPUBLIC</organization>
                <organization refersTo="memberState">LEBANON</organization>
                <organization refersTo="memberState">LESOTHO</organization>
                <organization refersTo="memberState">LIBYA</organization>
                <organization refersTo="memberState">LIECHTENSTEIN</organization>
                <organization refersTo="memberState">MADAGASCAR</organization>
                <organization refersTo="memberState">MALAWI</organization>
                <organization refersTo="memberState">MALAYSIA</organization>
                <organization refersTo="memberState">MALDIVES</organization>
                <organization refersTo="memberState">MALI</organization>
                <organization refersTo="memberState">MALTA</organization>
                <organization refersTo="memberState">MARSHALL ISLANDS</organization>
                <organization refersTo="memberState">MAURITANIA</organization>
                <organization refersTo="memberState">MAURITIUS</organization>
                <organization refersTo="memberState">MEXICO</organization>
                <organization refersTo="memberState">MONGOLIA</organization>
                <organization refersTo="memberState">MOROCCO</organization>
                <organization refersTo="memberState">MOZAMBIQUE</organization>
                <organization refersTo="memberState">MYANMAR</organization>
                <organization refersTo="memberState">NAMIBIA</organization>
                <organization refersTo="memberState">NAURU</organization>
                <organization refersTo="memberState">NEPAL</organization>
                <organization refersTo="memberState">NEW ZEALAND</organization>
                <organization refersTo="memberState">NICARAGUA</organization>
                <organization refersTo="memberState">NIGER</organization>
                <organization refersTo="memberState">NIGERIA</organization>
                <organization refersTo="memberState">OMAN</organization>
                <organization refersTo="memberState">PALAU</organization>
                <organization refersTo="memberState">PANAMA</organization>
                <organization refersTo="memberState">PARAGUAY</organization>
                <organization refersTo="memberState">PERU</organization>
                <organization refersTo="memberState">PHILIPPINES</organization>
                <organization refersTo="memberState">QATAR</organization>
                <organization refersTo="memberState">REPUBLIC OF MOLDOVA</organization>
                <organization refersTo="memberState">RWANDA</organization>
                <organization refersTo="memberState">SAINT KITTS AND NEVIS</organization>
                <organization refersTo="memberState">SAINT LUCIA</organization>
                <organization refersTo="memberState">SAINT VINCENT AND THE GRENADINES</organization>
                <organization refersTo="memberState">SAMOA</organization>
                <organization refersTo="memberState">SAN MARINO</organization>
                <organization refersTo="memberState">SAO TOME AND PRINCIPE</organization>
                <organization refersTo="memberState">SAUDI ARABIA</organization>
                <organization refersTo="memberState">SENEGAL</organization>
                <organization refersTo="memberState">SEYCHELLES</organization>
                <organization refersTo="memberState">SIERRA LEONE</organization>
                <organization refersTo="memberState">SINGAPORE</organization>
                <organization refersTo="memberState">SOLOMON ISLANDS</organization>
                <organization refersTo="memberState">SOUTH AFRICA</organization>
                <organization refersTo="memberState">SOUTH SUDAN</organization>
                <organization refersTo="memberState">SRI LANKA</organization>
                <organization refersTo="memberState">SUDAN</organization>
                <organization refersTo="memberState">SURINAME</organization>
                <organization refersTo="memberState">SYRIAN ARAB REPUBLIC</organization>
                <organization refersTo="memberState">TAJIKISTAN</organization>
                <organization refersTo="memberState">THAILAND</organization>
                <organization refersTo="memberState">TIMOR-LESTE</organization>
                <organization refersTo="memberState">TOGO</organization>
                <organization refersTo="memberState">TONGA</organization>
                <organization refersTo="memberState">TRINIDAD AND TOBAGO</organization>
                <organization refersTo="memberState">TUNISIA</organization>
                <organization refersTo="memberState">TURKMENISTAN</organization>
                <organization refersTo="memberState">TUVALU</organization>
                <organization refersTo="memberState">UGANDA</organization>
                <organization refersTo="memberState">UNITED ARAB EMIRATES</organization>
                <organization refersTo="memberState">UNITED REPUBLIC OF TANZANIA</organization>
                <organization refersTo="memberState">URUGUAY</organization>
                <organization refersTo="memberState">UZBEKISTAN</organization>
                <organization refersTo="memberState">VANUATU</organization>
                <organization refersTo="memberState">VENEZUELA (BOLIVARIAN REPUBLIC OF)</organization>
                <organization refersTo="memberState">VIET NAM</organization>
                <organization refersTo="memberState">YEMEN</organization>
                <organization refersTo="memberState">ZAMBIA</organization>
                <organization refersTo="memberState">ZIMBABWE</organization>
              </akn4un:voters>
            </count>
            <count value="37" refersTo="against">
              <akn4un:voters>
                <organization refersTo="memberState">ALBANIA</organization>
                <organization refersTo="memberState">AUSTRALIA</organization>
                <organization refersTo="memberState">BELGIUM</organization>
                <organization refersTo="memberState">BULGARIA</organization>
                <organization refersTo="memberState">CANADA</organization>
                <organization refersTo="memberState">CROATIA</organization>
                <organization refersTo="memberState">CZECHIA</organization>
                <organization refersTo="memberState">DENMARK</organization>
                <organization refersTo="memberState">ESTONIA</organization>
                <organization refersTo="memberState">FINLAND</organization>
                <organization refersTo="memberState">FRANCE</organization>
                <organization refersTo="memberState">GERMANY</organization>
                <organization refersTo="memberState">GREECE</organization>
                <organization refersTo="memberState">HUNGARY</organization>
                <organization refersTo="memberState">ICELAND</organization>
                <organization refersTo="memberState">ISRAEL</organization>
                <organization refersTo="memberState">ITALY</organization>
                <organization refersTo="memberState">LATVIA</organization>
                <organization refersTo="memberState">LITHUANIA</organization>
                <organization refersTo="memberState">LUXEMBOURG</organization>
                <organization refersTo="memberState">MONACO</organization>
                <organization refersTo="memberState">MONTENEGRO</organization>
                <organization refersTo="memberState">NETHERLANDS</organization>
                <organization refersTo="memberState">NORTH MACEDONIA</organization>
                <organization refersTo="memberState">NORWAY</organization>
                <organization refersTo="memberState">POLAND</organization>
                <organization refersTo="memberState">PORTUGAL</organization>
                <organization refersTo="memberState">REPUBLIC OF KOREA</organization>
                <organization refersTo="memberState">ROMANIA</organization>
                <organization refersTo="memberState">RUSSIAN FEDERATION</organization>
                <organization refersTo="memberState">SLOVAKIA</organization>
                <organization refersTo="memberState">SLOVENIA</organization>
                <organization refersTo="memberState">SPAIN</organization>
                <organization refersTo="memberState">TURKEY</organization>
                <organization refersTo="memberState">UKRAINE</organization>
                <organization refersTo="memberState">UNITED KINGDOM</organization>
                <organization refersTo="memberState">UNITED STATES</organization>
              </akn4un:voters>
            </count>
            <count value="13" refersTo="abstaining">
              <akn4un:voters>
                <organization refersTo="memberState">ARMENIA</organization>
                <organization refersTo="memberState">BOSNIA AND HERZEGOVINA</organization>
                <organization refersTo="memberState">CAMEROON</organization>
                <organization refersTo="memberState">CHINA</organization>
                <organization refersTo="memberState">CYPRUS</organization>
                <organization refersTo="memberState">DEMOCRATIC PEOPLE'S REPUBLIC OF KOREA</organization>
                <organization refersTo="memberState">GEORGIA</organization>
                <organization refersTo="memberState">INDIA</organization>
                <organization refersTo="memberState">JAPAN</organization>
                <organization refersTo="memberState">PAKISTAN</organization>
                <organization refersTo="memberState">SERBIA</organization>
                <organization refersTo="memberState">SWEDEN</organization>
                <organization refersTo="memberState">SWITZERLAND</organization>
              </akn4un:voters>
            </count>
          </voting>
        </parliamentary>
      </analysis>
      <references source="#DGACM">
        <TLCOrganization eId="source" href="/akn/ontology/organization/un/DGACM" showAs="DGACM"></TLCOrganization>
        <TLCConcept eId="dateOfIssuance" href="/akn/ontology/concept/un/dateOfIssuance" showAs="Date of issuance"></TLCConcept>
        <TLCConcept eId="dateOfAdoption" href="/akn/ontology/concept/un/dateOfAdoption" showAs="Date of adoption"></TLCConcept>
        <TLCConcept eId="symbol" href="/akn/ontology/reference/un/symbol" showAs="Symbol"></TLCConcept>
        <TLCRole eId="publisher" href="/akn/ontology/role/un/publisher" showAs="Publisher"></TLCRole>
        <TLCRole eId="issuingBody" href="/akn/role/concept/un/issuingBody" showAs="Issuing body"></TLCRole>
        <TLCRole eId="author" href="/akn/ontology/role/un/author" showAs="Author"></TLCRole>
        <TLCRole eId="editor" href="/akn/ontology/role/un/editor" showAs="Editor"></TLCRole>
        <TLCRole eId="distribution" href="/akn/ontology/concept/un/generalDistribution" showAs="General distribution"></TLCRole>
        <TLCOrganization eId="ga" href="/akn/ontology/organization/un/generalAssembly" showAs="General Assembly"></TLCOrganization>
        <TLCTerm eId="resolutionTitle" href="/akn/ontology/reference/un/resolutionTitle" showAs="Resolution title"></TLCTerm>
        <TLCTerm eId="firstCommittee" href="#firstCommittee" showAs="Первый комитет"></TLCTerm>
        <TLCTerm eId="memberState" href="/akn/ontology/organization/un/memberState" showAs="Member State"></TLCTerm>
        <TLCTerm eId="inFavour" href="/akn/ontology/concept/un/voting/inFavour" showAs="In favour"></TLCTerm>
        <TLCTerm eId="against" href="/akn/ontology/concept/un/voting/against" showAs="Against"></TLCTerm>
        <TLCTerm eId="abstaining" href="/akn/ontology/concept/un/voting/abstaining" showAs="Abstaining"></TLCTerm>
      </references>
      <presentation source="#un">
        <akn4un:footerFirstPage>
          <akn4un:footerFirstPageLeft>
            <akn4un:internalCode>
              <docketNumber refersTo="#publicationJobNumber">19-21834 (R)</docketNumber>
              <img alt="bar code" class="barCode" src=""></img>
            </akn4un:internalCode>
          </akn4un:footerFirstPageLeft>
          <akn4un:footerFirstPageRight>
            <img alt="Please recycle" class="image" src="./recylcleLogo.jpg"></img>
            <img alt="embedded QR code" class="qrCode" src=""></img>
          </akn4un:footerFirstPageRight>
        </akn4un:footerFirstPage>
      </presentation>
    </meta>
    <coverPage eId="coverPage_1">
      <p>
        <span refersTo="#publisher" class="upperLeft">
          <docAuthority refersTo="#publisher">Организация Объединенных Наций</docAuthority>
        </span>
      </p>
      <p class="upperRight">
        <docNumber refersTo="#symbol">A/RES/74/47</docNumber>
      </p>
      <p class="upperLeft">
        <img src="logo-un.jpg"></img>
        <docAuthority refersTo="#issuingBody" class="rightBig">Генеральная Ассамблея</docAuthority>
      </p>
      <p>
        <docStatus refersTo="#generalDistribution" class="rightSmall">Distr.: General</docStatus>
      </p>
      <p>
        <docDate date="2019-12-19" class="rightSmall" refersTo="#dateOfIssuance">19 December 2019</docDate>
      </p>
      <p>
        <session refersTo="#generalAssembly" value="74" eId="coverPage_1__session_1">Семьдесят четвертая сессия</session>
      </p>
      <p>
        <inline name="agenda item">Пункт 98 ff) повестки дня</inline>
      </p>
      <p>
        <inline name="agenda item name">Всеобщее и полное разоружение: нравственные императивы в отношении мира, свободного от ядерного оружия</inline>
      </p>
      <p>
        <docTitle>Резолюция, принятая Генеральной Ассамблеей 12 декабря 2019 года</docTitle>
      </p>
      <p xml:space="preserve">
        <docProponent refersTo="#firstCommittee">[по докладу Первого комитета (<inline name="originating document">A/74/368</inline>)]</docProponent>
      </p>
    </coverPage>
    <preface>
      <p>
        <docNumber>74/47.</docNumber>
        <docTitle refersTo="#resolutionTitle">Нравственные императивы в отношении мира, свободного от ядерного оружия</docTitle>
      </p>
    </preface>
    <preamble>
      <formula name="enactingFormula" eId="formula_1">
        <p xml:space="preserve">
          <span class="italic">Генеральная Ассамблея</span>,</p>
      </formula>
      <container name="ссылаясь " eId="container_2">
        <p xml:space="preserve">
          <span class="italic">ссылаясь </span>на свою резолюцию <a href="https://undocs.org/ru/A/RES/70/50">70/50</a> от 7 декабря 2015 года, принятую в связи с семидесятой годовщиной создания Организации Объединенных Наций, которая была учреждена для того, чтобы избавить грядущие поколения от невыразимых страданий, порожденных бедствиями войны, и на свою резолюцию <a href="https://undocs.org/ru/A/RES/73/68">73/68</a> от 5 декабря 2018 года,</p>
      </container>
      <container name="напоминая" eId="container_3">
        <p xml:space="preserve">
          <span class="italic">напоминая</span> о том, что Организация Объединенных Наций появилась на свет 74 года тому назад, когда только что завершилась Вторая мировая война, оставившая за собой гигантский шлейф смертей и разрушений,</p>
      </container>
      <container name="напоминая также" eId="container_4">
        <p xml:space="preserve">
          <span class="italic">напоминая также</span> о высоких принципах Устава Организации Объединенных Наций, предписывающих членам международного сообщества прилагать — в индивидуальном и коллективном порядке — все усилия для пропаганды нравственного императива «при большей свободе», чтобы избавить все народы от нужды и страха и дать им возможность жить в достойных условиях,</p>
      </container>
      <container name="будучи убеждена" eId="container_5">
        <p xml:space="preserve">
          <span class="italic">будучи убеждена</span> в том, что с учетом катастрофических гуманитарных последствий любого взрыва ядерного оружия и связанных с этим рисков государства-члены давно пришли к выводу о том, что ядерное разоружение и ядерное нераспространение являются крайне актуальными и взаимосвязанными нравственными императивами в контексте достижения целей Устава, что нашло отражение в первой резолюции, резолюции 1 I), принятой Генеральной Ассамблеей 24 января 1946 года и направленной на исключение из национальных вооружений атомного оружия и всех других основных видов вооружения, пригодных для массового уничтожения,</p>
      </container>
      <container name="признавая" eId="container_6">
        <p xml:space="preserve">
          <span class="italic">признавая</span> в этой связи нравственные императивы, сформулированные в положениях ее резолюций и докладов, а также в других соответствующих международных инициативах, касающихся катастрофических гуманитарных последствий любого взрыва ядерного оружия и связанных с этим рисков, включая декларацию о том, что применение ядерного оружия причинит человечеству массовые страдания и потому противоречит Уставу, законам человечности и нормам международного права<authorialNote marker="1" placement="bottom" eId="authorialNote_1"><p xml:space="preserve">		См. резолюцию <a href="https://undocs.org/ru/A/RES/1653(XVI)">1653 (XVI)</a>.</p></authorialNote>, осуждение ядерной войны как противоречащей человеческой совести и как попрание первейшего права — права на жизнь<authorialNote marker="2" placement="bottom" eId="authorialNote_2"><p xml:space="preserve">		См. резолюцию <a href="https://undocs.org/ru/A/RES/38/75">38/75</a>.</p></authorialNote>, угрозу для самого существования человечества, которую создает наличие ядерного оружия<authorialNote marker="3" placement="bottom" eId="authorialNote_3"><p xml:space="preserve">		См. резолюцию <a href="https://undocs.org/ru/A/RES/S-10/2">S‑10/2</a>.</p></authorialNote>, пагубные экологические последствия применения ядерного оружия<authorialNote marker="4" placement="bottom" eId="authorialNote_4"><p xml:space="preserve">		См. резолюцию <a href="https://undocs.org/ru/A/RES/50/70">50/70</a> M.</p></authorialNote> и особую тревогу, выраженную по поводу дальнейшего выделения средств на совершенствование и сохранение ядерных арсеналов<authorialNote marker="5" placement="bottom" eId="authorialNote_5"><p xml:space="preserve">		См. <a href="https://undocs.org/ru/A/59/119">A/59/119</a>.</p></authorialNote>,</p>
      </container>
      <container name="признавая также" eId="container_7">
        <p xml:space="preserve">
          <span class="italic">признавая также</span> преамбулу и статью VI Договора о нераспространении ядерного оружия<authorialNote marker="6" placement="bottom" eId="authorialNote_6"><p xml:space="preserve">		United Nations, <span class="italic">Treaty Series</span>, vol. 729, No. 10485.</p></authorialNote> и консультативное заключение Международного Суда относительно законности угрозы ядерным оружием или его применения<authorialNote marker="7" placement="bottom" eId="authorialNote_7"><p xml:space="preserve"><a href="https://undocs.org/ru/A/51/218">A/51/218</a>, приложение.</p></authorialNote>, в котором Суд единогласно заключил, что существует обязательство вести в духе доброй воли и завершить переговоры, ведущие к ядерному разоружению во всех его аспектах под строгим и эффективным международным контролем,</p>
      </container>
      <container name="признавая далее" eId="container_8">
        <p xml:space="preserve">
          <span class="italic">признавая далее</span> Декларацию тысячелетия Организации Объединенных Наций<authorialNote marker="8" placement="bottom" eId="authorialNote_8"><p xml:space="preserve">		Резолюция <a href="https://undocs.org/ru/A/RES/55/2">55/2</a>.</p></authorialNote>, в которой главы государств и правительств заявили о том, что они преисполнены решимости добиваться ликвидации оружия массового уничтожения, особенно ядерного оружия, и сохранять открытыми все имеющиеся возможности для достижения этой цели, включая возможность созыва международной конференции для определения путей и способов устранения ядерной угрозы,</p>
      </container>
      <container name="будучи обеспокоена" eId="container_9">
        <p xml:space="preserve">
          <span class="italic">будучи обеспокоена</span> тем, что, хотя она давно признала эти нравственные императивы и хотя в области ядерного нераспространения прилагаются значительные усилия, лишь ограниченный прогресс достигнут в выполнении обязательств в отношении ядерного разоружения, а без него невозможны построение и сохранение мира, свободного от ядерного оружия, которых требует международное сообщество,</p>
      </container>
      <container name="будучи разочарована" eId="container_10">
          <p xml:space="preserve">
            <span class="italic">будучи разочарована</span> тем, что по‑прежнему нет прогресса на пути к многосторонним переговорам по ядерному разоружению на Конференции по разоружению, несмотря на неослабные усилия, прилагаемые государствами-членами с этой целью, </p>
        </container>
      <container name="c удовлетворением отмечая" eId="container_11">
          <p xml:space="preserve">
            <span class="italic">c удовлетворением отмечая</span> растущее осознание, усиление внимания и нарастающую динамику, демонстрируемую государствами-членами и международным сообществом с 2010 года в отношении вопроса о катастрофическом гуманитарном воздействии ядерного оружия и связанных с ним рисков, что служит обоснованием нравственных императивов ядерного разоружения и насущной потребности построения и сохранения мира, свободного от ядерного оружия, а также всех связанных с этим международных инициатив,</p>
        </container>
      <container name="напоминая " eId="container_12">
        <p xml:space="preserve">
          <span class="italic">напоминая </span>о принятии 7 июля 2017 года Договора о запрещении ядерного оружия<authorialNote marker="9" placement="bottom" eId="authorialNote_9"><p xml:space="preserve"><a href="https://undocs.org/ru/A/CONF.229/2017/8">A/CONF.229/2017/8</a>.</p></authorialNote>, в котором признаются нравственные императивы в отношении ядерного разоружения,</p>
      </container>
      <container name="сознавая " eId="container_13">
        <p xml:space="preserve">
          <span class="italic">сознавая </span>абсолютную легитимность многосторонней дипломатии в области ядерного разоружения и будучи преисполнена решимости способствовать многосторонности как существенно важному элементу переговоров в области ядерного разоружения,</p>
      </container>
    </preamble>
    <mainBody>
      <paragraph eId="para_14" class="SingleTxt">
        <num>	1.</num>
        <content eId="para_14__content">
          <p xml:space="preserve">
            <span class="italic">призывает</span> все государства признать катастрофические гуманитарные последствия любого взрыва ядерного оружия, обусловленного случайностью, просчетом или умыслом, и связанные с ним риски;</p>
        </content>
      </paragraph>
      <paragraph eId="para_15" class="SingleTxt">
        <num>	2.</num>
        <content eId="para_15__content">
          <p xml:space="preserve">
            <span class="italic">признает</span> нравственные императивы в отношении ядерного разоружения и насущную потребность построения и сохранения мира, свободного от ядерного оружия, что представляет собой «глобальное общественное благо высшего порядка» и отвечает национальным и коллективным интересам безопасности;</p>
        </content>
      </paragraph>
      <paragraph eId="para_16" class="SingleTxt">
        <num>	3.</num>
        <content eId="para_16__content">
          <p xml:space="preserve">
            <span class="italic">заявляет</span>, что:</p>
        </content>
      </paragraph>
      <paragraph eId="para_17" class="SingleTxt">
        <content eId="para_17__content">
          <p xml:space="preserve">	a)	глобальная угроза, создаваемая ядерным оружием, должна быть безотлагательно ликвидирована;</p>
        </content>
      </paragraph>
      <paragraph eId="para_18" class="SingleTxt">
        <content eId="para_18__content">
          <p xml:space="preserve">	b)	в дискуссиях, решениях и действиях, касающихся ядерного оружия, необходимо уделять основное внимание воздействию такого оружия на человека и окружающую среду и исходить из того, что оно несет невыразимые страдания и неприемлемый ущерб;</p>
        </content>
      </paragraph>
      <paragraph eId="para_19" class="SingleTxt">
        <content eId="para_19__content">
          <p xml:space="preserve">	c)	больше внимания необходимо уделять последствиям любого взрыва ядерного оружия для женщин и важности их участия в дискуссиях, решениях и действиях, касающихся ядерного оружия;</p>
        </content>
      </paragraph>
      <paragraph eId="para_20" class="SingleTxt">
        <content eId="para_20__content">
          <p xml:space="preserve">	d)	ядерное оружие ослабляет коллективную безопасность, повышает риск ядерной катастрофы, обостряет международную напряженность и делает конфликты более опасными;</p>
        </content>
      </paragraph>
      <paragraph eId="para_21" class="SingleTxt">
        <content eId="para_21__content">
          <p xml:space="preserve">	e)	аргументы в пользу сохранения ядерного оружия ослабляют доверие к режиму ядерного разоружения и распространения;</p>
        </content>
      </paragraph>
      <paragraph eId="para_22" class="SingleTxt">
        <content eId="para_22__content">
          <p xml:space="preserve">	f)	долгосрочные планы модернизации арсеналов ядерного оружия противоречат обязательствам и обещаниям в области ядерного разоружения и порождают представления о возможности бессрочного обладания таким оружием;</p>
        </content>
      </paragraph>
      <paragraph eId="para_23" class="SingleTxt">
        <content eId="para_23__content">
          <p xml:space="preserve">	g)	в мире, где основополагающие потребности человека до сих пор не удовлетворены, на модернизацию ядерных арсеналов выделяются огромные ресурсы, которые можно было бы перенаправить на деятельность по достижению целей в области устойчивого развития<authorialNote marker="10" placement="bottom" eId="authorialNote_10"><p xml:space="preserve">		См. резолюцию <a href="https://undocs.org/ru/A/RES/70/1">70/1</a>.</p></authorialNote>;</p>
        </content>
      </paragraph>
      <paragraph eId="para_24" class="SingleTxt">
        <content eId="para_24__content">
          <p xml:space="preserve">	h)	c учетом гуманитарного воздействия ядерного оружия любое применение ядерного оружия, независимо от причин, представляется несовместимым с требованиями международного гуманитарного права или нормами международного права, или законами морали, или требованиями общественного сознания;</p>
        </content>
      </paragraph>
      <paragraph eId="para_25" class="SingleTxt">
        <content eId="para_25__content">
          <p xml:space="preserve">	i)	ядерное оружие c учетом его неизбирательного характера и его способности уничтожить все человечество является по своей сути аморальным;</p>
        </content>
      </paragraph>
      <paragraph eId="para_26" class="SingleTxt">
        <num>	4.</num>
        <content eId="para_26__content">
          <p xml:space="preserve">
            <span class="italic">отмечает</span>, что священный долг всех ответственных государств заключается в принятии решений, которые обеспечили бы защиту их населения и других государств от опустошительных последствий любого взрыва ядерного оружия, и что единственный способ, с помощью которого государства могли бы добиться этого, заключается в полной ликвидации ядерного оружия;</p>
        </content>
      </paragraph>
      <paragraph eId="para_27" class="SingleTxt">
        <num>	5.</num>
        <content eId="para_27__content">
          <p xml:space="preserve">
            <span class="italic">подчеркивает</span>, что все государства несут моральную ответственность за то, чтобы при поддержке всех соответствующих заинтересованных сторон действовать безотлагательно и решительно в целях принятия эффективных, в том числе юридически обязывающих, мер, необходимых для ликвидации и запрещения всего ядерного оружия, учитывая его катастрофическое гуманитарное воздействие и связанные с ним риски;</p>
        </content>
      </paragraph>
      <paragraph eId="para_28" class="SingleTxt">
        <num>	6.</num>
        <content eId="para_28__content">
          <p xml:space="preserve">
            <span class="italic">постановляет</span> включить в предварительную повестку дня своей семьдесят пятой сессии, в рамках пункта, озаглавленного «Всеобщее и полное разоружение», подпункт, озаглавленный «Нравственные императивы в отношении мира, свободного от ядерного оружия».</p>
        </content>
      </paragraph>
    </mainBody>
    <conclusions eId="conclusions">
      <p>
        <inline name="adoptionMeeting" title="46-e">46-e пленарное заседание</inline>
        <eol />
        <docDate date="2019-12-12" refersTo="#adoptionDate">12 декабря 2019 года</docDate>
      </p>
    </conclusions>
  </statement>
</akomaNtoso>