<akomaNtoso xmlns:xsi="http://www.w3.org/2001/XMLSchema-instance" xsi:schemaLocation="http://docs.oasis-open.org/legaldocml/ns/akn/3.0 http://docs.oasis-open.org/legaldocml/akn-core/v1.0/os/part2-specs/schemas/akomantoso30.xsd" xmlns="http://docs.oasis-open.org/legaldocml/ns/akn/3.0" xmlns:html="http://www.w3.org/1999/xhtml" xmlns:akn4un="http://un.org/akn4un">
  <statement name="resolution">
    <meta>
      <identification source="#DGACM">
        <FRBRWork>
          <FRBRthis value="/akn/un/statement/deliberation/unga/2019-12-12/74-58/!main/"></FRBRthis>
          <FRBRuri value="/akn/un/statement/deliberation/unga/2019-12-12/74-58/"></FRBRuri>
          <FRBRdate date="2019-12-12" name="adoption"></FRBRdate>
          <FRBRauthor href="ga" as="author"></FRBRauthor>
          <FRBRcountry value="un"></FRBRcountry>
        </FRBRWork>
        <FRBRExpression>
          <FRBRthis value="/akn/un/statement/deliberation/unga/2019-12-12/74-58/rus@!main/"></FRBRthis>
          <FRBRuri value="/akn/un/statement/deliberation/unga/2019-12-12/74-58/rus@/"></FRBRuri>
          <FRBRdate date="2019-12-20" name="publication"></FRBRdate>
          <FRBRauthor href="ga" as="issuer"></FRBRauthor>
          <FRBRlanguage language="rus"></FRBRlanguage>
        </FRBRExpression>
        <FRBRManifestation>
          <FRBRthis value="/akn/un/statement/deliberation/unga/2019-12-12/74-58/rus@/!main.xml"></FRBRthis>
          <FRBRuri value="/akn/un/statement/deliberation/unga/2019-12-12/74-58/rus@.xml"></FRBRuri>
          <FRBRdate date="2020-08-29" name="markup"></FRBRdate>
          <FRBRauthor href="DGACM" as="editor"></FRBRauthor>
        </FRBRManifestation>
      </identification>
      <classification source="http://metadata.un.org/sdg">
        <keyword value="6" href="http://metadata.un.org/sdg/6" showAs="sdg_6" dictionary="SDGO"></keyword>
        <keyword value="water" href="http://eurovoc.europa.eu/597" showAs="water" dictionary="EuroVoc"></keyword>
        <keyword value="public_hygiene" href="http://eurovoc.europa.eu/3371" showAs="public_hygiene" dictionary="EuroVoc"></keyword>
        <keyword value="use_of_water" href="http://eurovoc.europa.eu/4628" showAs="use_of_water" dictionary="EuroVoc"></keyword>
        <keyword value="water" href="http://metadata.un.org/thesaurus/030500" showAs="water" dictionary="UNBIS Thesaurus"></keyword>
        <keyword value="sanitation" href="http://metadata.un.org/thesaurus/1005701" showAs="sanitation" dictionary="UNBIS Thesaurus"></keyword>
        <keyword value="water_management" href="http://metadata.un.org/thesaurus/1006948" showAs="water_management" dictionary="UNBIS Thesaurus"></keyword>
      </classification>
      <classification source="http://metadata.un.org/sdg">
        <keyword value="7" href="http://metadata.un.org/sdg/7" showAs="sdg_7" dictionary="SDGO"></keyword>
        <keyword value="66_energy" href="http://eurovoc.europa.eu/100159" showAs="66_energy" dictionary="EuroVoc"></keyword>
        <keyword value="energy_market" href="http://eurovoc.europa.eu/4886" showAs="energy_market" dictionary="EuroVoc"></keyword>
        <keyword value="sustainable_energy" href="http://metadata.un.org/thesaurus/1006320" showAs="sustainable_energy" dictionary="UNBIS Thesaurus"></keyword>
      </classification>
      <workflow source="#un">
        <step date="2019-10-21" outcome="draftResolution" as="A/C.1/74/L.37" by="Nigeria (on behalf of the States Members of the United Nations that are members of the Group of African States)" />
        <step date="0001-01-01" outcome="draftResolutionAdditionalSponsors" by="" />
        <step date="0001-01-01" outcome="recommendedForAdoption" as="A/74/368" by="" refersTo="89" />
        <step date="2019-12-12" outcome="adopted" as="A/74/PV.46" by="" />
      </workflow>
      <analysis source="#un">
        <parliamentary>
          <voting outcome="adoptedWithoutVote">
            <quorum value=""></quorum>
          </voting>
        </parliamentary>
      </analysis>
      <references source="#DGACM">
        <TLCOrganization eId="source" href="/akn/ontology/organization/un/DGACM" showAs="DGACM"></TLCOrganization>
        <TLCConcept eId="dateOfIssuance" href="/akn/ontology/concept/un/dateOfIssuance" showAs="Date of issuance"></TLCConcept>
        <TLCConcept eId="dateOfAdoption" href="/akn/ontology/concept/un/dateOfAdoption" showAs="Date of adoption"></TLCConcept>
        <TLCConcept eId="symbol" href="/akn/ontology/reference/un/symbol" showAs="Symbol"></TLCConcept>
        <TLCRole eId="publisher" href="/akn/ontology/role/un/publisher" showAs="Publisher"></TLCRole>
        <TLCRole eId="issuingBody" href="/akn/role/concept/un/issuingBody" showAs="Issuing body"></TLCRole>
        <TLCRole eId="author" href="/akn/ontology/role/un/author" showAs="Author"></TLCRole>
        <TLCRole eId="editor" href="/akn/ontology/role/un/editor" showAs="Editor"></TLCRole>
        <TLCRole eId="distribution" href="/akn/ontology/concept/un/generalDistribution" showAs="General distribution"></TLCRole>
        <TLCOrganization eId="ga" href="/akn/ontology/organization/un/generalAssembly" showAs="General Assembly"></TLCOrganization>
        <TLCTerm eId="resolutionTitle" href="/akn/ontology/reference/un/resolutionTitle" showAs="Resolution title"></TLCTerm>
        <TLCTerm eId="firstCommittee" href="#firstCommittee" showAs="Первый комитет"></TLCTerm>
        <TLCTerm eId="memberState" href="/akn/ontology/organization/un/memberState" showAs="Member State"></TLCTerm>
        <TLCTerm eId="inFavour" href="/akn/ontology/concept/un/voting/inFavour" showAs="In favour"></TLCTerm>
        <TLCTerm eId="against" href="/akn/ontology/concept/un/voting/against" showAs="Against"></TLCTerm>
        <TLCTerm eId="abstaining" href="/akn/ontology/concept/un/voting/abstaining" showAs="Abstaining"></TLCTerm>
      </references>
      <presentation source="#un">
        <akn4un:footerFirstPage>
          <akn4un:footerFirstPageLeft>
            <akn4un:internalCode>
              <docketNumber refersTo="#publicationJobNumber">19-21848 (R)</docketNumber>
              <img alt="bar code" class="barCode" src=""></img>
            </akn4un:internalCode>
          </akn4un:footerFirstPageLeft>
          <akn4un:footerFirstPageRight>
            <img alt="Please recycle" class="image" src="./recylcleLogo.jpg"></img>
            <img alt="embedded QR code" class="qrCode" src=""></img>
          </akn4un:footerFirstPageRight>
        </akn4un:footerFirstPage>
      </presentation>
    </meta>
    <coverPage eId="coverPage_1">
      <p>
        <span refersTo="#publisher" class="upperLeft">
          <docAuthority refersTo="#publisher">Организация Объединенных Наций</docAuthority>
        </span>
      </p>
      <p class="upperRight">
        <docNumber refersTo="#symbol">A/RES/74/58</docNumber>
      </p>
      <p class="upperLeft">
        <img src="logo-un.jpg"></img>
        <docAuthority refersTo="#issuingBody" class="rightBig">Генеральная Ассамблея</docAuthority>
      </p>
      <p>
        <docStatus refersTo="#generalDistribution" class="rightSmall">Distr.: General</docStatus>
      </p>
      <p>
        <docDate date="2019-12-20" class="rightSmall" refersTo="#dateOfIssuance">20 December 2019</docDate>
      </p>
      <p>
        <session refersTo="#generalAssembly" value="74" eId="coverPage_1__session_1">Семьдесят четвертая сессия</session>
      </p>
      <p>
        <inline name="agenda item">Пункт 98 e) повестки дня</inline>
      </p>
      <p>
        <inline name="agenda item name">Всеобщее и полное разоружение: запрещение сброса радиоактивных отходов</inline>
      </p>
      <p>
        <docTitle>Резолюция, принятая Генеральной Ассамблеей 12 декабря 2019 года</docTitle>
      </p>
      <p xml:space="preserve">
        <docProponent refersTo="#firstCommittee">[по докладу Первого комитета (<inline name="originating document">A/74/368</inline>)]</docProponent>
      </p>
    </coverPage>
    <preface>
      <p>
        <docNumber>74/58.</docNumber>
        <docTitle refersTo="#resolutionTitle">Запрещение сброса радиоактивных отходов</docTitle>
      </p>
    </preface>
    <preamble>
      <formula name="enactingFormula" eId="formula_1">
        <p xml:space="preserve">
          <span class="italic">Генеральная Ассамблея</span>,</p>
      </formula>
      <container name="принимая во внимание" eId="container_2">
        <p xml:space="preserve">
          <span class="italic">принимая во внимание</span> резолюции CM/Res.1153 (XLVIII) 1988 года<authorialNote marker="1" placement="bottom" eId="authorialNote_1"><p xml:space="preserve">		См. <a href="https://undocs.org/ru/A/43/398">A/43/398</a>, приложение I.</p></authorialNote> и CM/Res.1225 (L) 1989 года<authorialNote marker="2" placement="bottom" eId="authorialNote_2"><p xml:space="preserve">		См. <a href="https://undocs.org/ru/A/44/603">A/44/603</a>, приложение I.</p></authorialNote> по вопросу о сбросе ядерных и промышленных отходов в Африке, принятые Советом министров Организации африканского единства,</p>
      </container>
      <container name="ссылаясь " eId="container_3">
        <p xml:space="preserve">
          <span class="italic">ссылаясь </span>на резолюцию GC(XXXIV)/RES/530 об учреждении Кодекса практики в области международного трансграничного перемещения радиоактивных отходов, принятую 21 сентября 1990 года Генеральной конференцией Международного агентства по атомной энергии на ее тридцать четвертой очередной сессии,</p>
      </container>
      <container name="принимая к сведению" eId="container_4">
        <p xml:space="preserve">
          <span class="italic">принимая к сведению</span> приверженность участников Встречи на высшем уровне по вопросам ядерной безопасности, состоявшейся в Москве 19 и 20 апреля 1996 года, соблюдению запрета на сброс в море радиоактивных отходов<authorialNote marker="3" placement="bottom" eId="authorialNote_3"><p xml:space="preserve"><a href="https://undocs.org/ru/A/51/131">A/51/131</a>, приложение I, п. 20.</p></authorialNote>,</p>
      </container>
      <container name="принимая во внимание" eId="container_5">
        <p xml:space="preserve">
          <span class="italic">принимая во внимание</span> свою резолюцию <a href="https://undocs.org/ru/a/res/2602(XXIV)">2602 C (XXIV)</a> от 16 декабря 1969 года, в которой она предложила Совещанию Комитета по разоружению<authorialNote marker="4" placement="bottom" eId="authorialNote_4"><p xml:space="preserve">		С десятой специальной сессии Генеральной Ассамблеи Совещание Комитета по разоружению стало Комитетом по разоружению. Комитет по разоружению с 7 февраля 1984 года переименован в Конференцию по разоружению.</p></authorialNote>, в частности, рассмотреть эффективные методы контроля, направленные против применения средств радиологической войны,</p>
      </container>
      <container name="сознавая" eId="container_6">
        <p xml:space="preserve">
          <span class="italic">сознавая</span> потенциальные опасности, связанные с любым применением радиоактивных отходов, которое представляло бы собой радиологическую войну, и его последствия для региональной и международной безопасности, в частности для безопасности развивающихся стран,</p>
      </container>
      <container name="ссылаясь" eId="container_7">
        <p xml:space="preserve">
          <span class="italic">ссылаясь</span> на все свои резолюции по этому вопросу начиная со своей сорок третьей сессии в 1988 году, включая свою резолюцию <a href="https://undocs.org/ru/A/RES/51/45">51/45</a> J от 10 декабря 1996 года,</p>
      </container>
      <container name="ссылаясь также" eId="container_8">
        <p xml:space="preserve">
          <span class="italic">ссылаясь также</span> на принятую консенсусом Генеральной конференцией Международного агентства по атомной энергии на ее сорок пятой очередной сессии 21 сентября 2001 года резолюцию GC(45)/RES/10, в которой она просила государства, отправляющие радиоактивные материалы, предоставлять в надлежащих случаях соответствующим государствам, по их требованию, гарантии того, что национальные правила государства-отправителя учитывают Правила перевозки Агентства, и предоставлять им соответствующую информацию относительно отправки таких материалов; при этом предоставляемая информация ни в коем случае не должна противоречить мерам обеспечения физической охраны и безопасности,</p>
      </container>
      <container name="напоминая " eId="container_9">
        <p xml:space="preserve">
          <span class="italic">напоминая </span>о принятии в Вене 5 сентября 1997 года Объединенной конвенции о безопасности обращения с отработавшим топливом и о безопасности обращения с радиоактивными отходами<authorialNote marker="5" placement="bottom" eId="authorialNote_5"><p xml:space="preserve">		United Nations, <span class="italic">Treaty Series</span>, vol. 2153, No. 37605.</p></authorialNote>, рекомендованной участниками Встречи на высшем уровне по вопросам ядерной безопасности,</p>
      </container>
      <container name="напоминая также" eId="container_10">
        <p xml:space="preserve">
          <span class="italic">напоминая также</span> о проведении Международным агентством по атомной энергии в Вене 20–24 июня 2011 года Конференции по ядерной безопасности на уровне министров и принятом на ней итоговом заявлении участников Конференции, а также Плане действий по ядерной безопасности, одобренном Генеральной конференцией Агентства на ее пятьдесят пятой очередной сессии,</p>
      </container>
      <container name="отмечая" eId="container_11">
        <p xml:space="preserve">
          <span class="italic">отмечая</span> созыв Генеральным секретарем в Нью-Йорке 22 сентября 2011 года совещания высокого уровня по вопросам ядерной безопасности,</p>
      </container>
      <container name="&#x9;с удовлетворением отмечая" eId="container_12">
        <p xml:space="preserve">
          <span class="italic">	с удовлетворением отмечая</span>, что Объединенная конвенция вступила в силу 18 июня 2001 года,</p>
      </container>
      <container name="&#x9;отмечая" eId="container_13">
        <p xml:space="preserve">
          <span class="italic">	отмечая</span>, что первое совещание Договаривающихся сторон Объединенной конвенции о безопасности обращения с отработавшим топливом и о безопасности обращения с радиоактивными отходами по рассмотрению было созвано в Вене 3–14 ноября 2003 года,</p>
      </container>
      <container name="желая " eId="container_14">
        <p xml:space="preserve">
          <span class="italic">желая </span>содействовать осуществлению пункта 76 Заключительного документа десятой специальной сессии Генеральной Ассамблеи, первой специальной сессии, посвященной разоружению<authorialNote marker="6" placement="bottom" eId="authorialNote_6"><p xml:space="preserve">		Резолюция <a href="https://undocs.org/ru/A/RES/S-10/2">S-10/2</a>.</p></authorialNote>,</p>
      </container>
    </preamble>
    <mainBody>
      <paragraph eId="para_15" class="SingleTxt">
        <num>	1.</num>
        <content eId="para_15__content">
          <p xml:space="preserve">
            <span class="italic">принимает к сведению </span>ту часть доклада Конференции по разоружению, которая касается радиологического оружия<authorialNote marker="7" placement="bottom" eId="authorialNote_7"><p xml:space="preserve"><span class="italic">		Официальные отчеты Генеральной Ассамблеи, семьдесят четвертая сессия, Дополнение № 27</span> (<a href="https://undocs.org/ru/A/72/27">A/74/27</a>), разд. III.E.</p></authorialNote>;</p>
        </content>
      </paragraph>
      <paragraph eId="para_16" class="SingleTxt">
        <num>	2.</num>
        <content eId="para_16__content">
          <p xml:space="preserve">
            <span class="italic">принимает к сведению также</span> заявление участников Конференции по ядерной безопасности на уровне министров, созванной Международным агентством по атомной энергии, План действий по ядерной безопасности и совещание высокого уровня по вопросам ядерной безопасности, созванное Генеральным секретарем;</p>
        </content>
      </paragraph>
      <paragraph eId="para_17" class="SingleTxt">
        <num>	3.</num>
        <content eId="para_17__content">
          <p xml:space="preserve">
            <span class="italic">выражает серьезную озабоченность </span>по поводу любого применения ядерных отходов, которое представляло бы собой радиологическую войну и имело бы тяжелые последствия для национальной безопасности всех государств;</p>
        </content>
      </paragraph>
      <paragraph eId="para_18" class="SingleTxt">
        <num>	4.</num>
        <content eId="para_18__content">
          <p xml:space="preserve">
            <span class="italic">призывает </span>все государства принять надлежащие меры по недопущению любого сброса ядерных или радиоактивных отходов, который ущемлял бы суверенитет государств;</p>
        </content>
      </paragraph>
      <paragraph eId="para_19" class="SingleTxt">
        <num>	5.</num>
        <content eId="para_19__content">
          <p xml:space="preserve">
            <span class="italic">предлагает </span>Конференции по разоружению в ходе любых переговоров о конвенции о запрещении радиологического оружия рассматривать радиоактивные отходы как входящие в сферу охвата такой конвенции;</p>
        </content>
      </paragraph>
      <paragraph eId="para_20" class="SingleTxt">
        <num>	6.</num>
        <content eId="para_20__content">
          <p xml:space="preserve">
            <span class="italic">предлагает также</span> Конференции по разоружению продолжать рассматривать вопрос о такой конвенции и включить в свой доклад Генеральной Ассамблее на ее семьдесят пятой сессии информацию о прогрессе, достигнутом в ходе переговоров по данному вопросу;</p>
        </content>
      </paragraph>
      <paragraph eId="para_21" class="SingleTxt">
        <num>	7.</num>
        <content eId="para_21__content">
          <p xml:space="preserve">
            <span class="italic">принимает к сведению </span>принятую Советом министров Организации африканского единства резолюцию CM/Res.1356 (LIV) 1991 года<authorialNote marker="8" placement="bottom" eId="authorialNote_8"><p xml:space="preserve">		См. <a href="https://undocs.org/ru/A/46/390">A/46/390</a>, приложение I.</p></authorialNote> по вопросу о Бамакской конвенции о запрещении ввоза в Африку опасных отходов и о контроле за их трансграничной перевозкой и обращением с ними в пределах Африки<authorialNote marker="9" placement="bottom" eId="authorialNote_9"><p xml:space="preserve">		United Nations, <span class="italic">Treaty Series</span>, vol. 2101, No. 36508.</p></authorialNote>;</p>
        </content>
      </paragraph>
      <paragraph eId="para_22" class="SingleTxt">
        <num>	8.</num>
        <content eId="para_22__content">
          <p xml:space="preserve">
            <span class="italic">выражает надежду </span>на то, что эффективное осуществление Кодекса практики в области международного трансграничного перемещения радиоактивных отходов, принятого Международным агентством по атомной энергии, усилит защиту всех государств от сброса радиоактивных отходов на их территории;</p>
        </content>
      </paragraph>
      <paragraph eId="para_23" class="SingleTxt">
        <num>	9.</num>
        <content eId="para_23__content">
          <p xml:space="preserve">
            <span class="italic">призывает</span> все государства-члены, которые еще не предприняли необходимых шагов к тому, чтобы стать участниками Объединенной конвенции о безопасности обращения с отработавшим топливом и о безопасности обращения с радиоактивными отходами<sup>5</sup>, сделать это как можно скорее;</p>
        </content>
      </paragraph>
      <paragraph eId="para_24" class="SingleTxt">
        <num>	10.</num>
        <content eId="para_24__content">
          <p xml:space="preserve">
            <span class="italic">постановляет </span>включить в предварительную повестку дня своей семьдесят шестой сессии, в рамках пункта, озаглавленного «Всеобщее и полное разоружение», подпункт, озаглавленный «Запрещение сброса радиоактивных отходов».</p>
        </content>
      </paragraph>
    </mainBody>
    <conclusions eId="conclusions">
      <p>
        <inline name="adoptionMeeting" title="46-e">46-e пленарное заседание</inline>
        <eol />
        <docDate date="2019-12-12" refersTo="#adoptionDate">12 декабря 2019 года</docDate>
      </p>
    </conclusions>
  </statement>
</akomaNtoso>