<akomaNtoso xmlns:xsi="http://www.w3.org/2001/XMLSchema-instance" xsi:schemaLocation="http://docs.oasis-open.org/legaldocml/ns/akn/3.0 http://docs.oasis-open.org/legaldocml/akn-core/v1.0/os/part2-specs/schemas/akomantoso30.xsd" xmlns="http://docs.oasis-open.org/legaldocml/ns/akn/3.0" xmlns:html="http://www.w3.org/1999/xhtml" xmlns:akn4un="http://un.org/akn4un">
  <statement name="resolution">
    <meta>
      <identification source="#DGACM">
        <FRBRWork>
          <FRBRthis value="/akn/un/statement/deliberation/unga/2019-12-12/74-53/!main/"></FRBRthis>
          <FRBRuri value="/akn/un/statement/deliberation/unga/2019-12-12/74-53/"></FRBRuri>
          <FRBRdate date="2019-12-12" name="adoption"></FRBRdate>
          <FRBRauthor href="ga" as="author"></FRBRauthor>
          <FRBRcountry value="un"></FRBRcountry>
        </FRBRWork>
        <FRBRExpression>
          <FRBRthis value="/akn/un/statement/deliberation/unga/2019-12-12/74-53/rus@!main/"></FRBRthis>
          <FRBRuri value="/akn/un/statement/deliberation/unga/2019-12-12/74-53/rus@/"></FRBRuri>
          <FRBRdate date="2019-12-19" name="publication"></FRBRdate>
          <FRBRauthor href="ga" as="issuer"></FRBRauthor>
          <FRBRlanguage language="rus"></FRBRlanguage>
        </FRBRExpression>
        <FRBRManifestation>
          <FRBRthis value="/akn/un/statement/deliberation/unga/2019-12-12/74-53/rus@/!main.xml"></FRBRthis>
          <FRBRuri value="/akn/un/statement/deliberation/unga/2019-12-12/74-53/rus@.xml"></FRBRuri>
          <FRBRdate date="2020-08-29" name="markup"></FRBRdate>
          <FRBRauthor href="DGACM" as="editor"></FRBRauthor>
        </FRBRManifestation>
      </identification>
      <classification source="http://metadata.un.org/sdg">
        <keyword value="17" href="http://metadata.un.org/sdg/17" showAs="sdg_17" dictionary="SDGO"></keyword>
        <keyword value="sustainable_development" href="http://eurovoc.europa.eu/5585" showAs="sustainable_development" dictionary="EuroVoc"></keyword>
        <keyword value="partnership" href="http://eurovoc.europa.eu/4199" showAs="partnership" dictionary="EuroVoc"></keyword>
        <keyword value="sustainable_development" href="http://metadata.un.org/thesaurus/1006319" showAs="sustainable_development" dictionary="UNBIS Thesaurus"></keyword>
        <keyword value="partnership" href="http://metadata.un.org/thesaurus/1004748" showAs="partnership" dictionary="UNBIS Thesaurus"></keyword>
      </classification>
      <workflow source="#un">
        <step date="2019-10-21" outcome="draftResolution" as="A/C.1/74/L.30" by="Angola, Argentina, Australia, Austria, Belgium, Bulgaria, Canada, China, Côte d'Ivoire, Croatia, Czechia, Denmark, Estonia, Finland, France, Germany, Greece, Hungary, Ireland, Italy, Japan, Latvia, Lithuania, Luxembourg, Malta, Montenegro, Netherlands, North Macedonia, Norway, Poland, Portugal, Romania, Slovakia, Slovenia, Spain, Sweden and Switzerland" />
        <step date="0001-01-01" outcome="draftResolutionAdditionalSponsors" by="Bosnia and Herzegovina, Brazil, Burkina Faso, Chile, Cyprus, Iceland, Liechtenstein, Malawi, Micronesia (Federated States of), New Zealand, Peru, Republic of Korea, Republic of Moldova, San Marino, Serbia, Seychelles, Singapore, Turkey, Ukraine and United Kingdom" />
        <step date="0001-01-01" outcome="recommendedForAdoption" as="A/74/368" by="" refersTo="89" />
        <step date="2019-12-12" outcome="adopted" as="A/74/PV.46" by="" />
      </workflow>
      <analysis source="#un">
        <parliamentary>
          <voting outcome="adoptedRecordedVote">
            <count value="157" refersTo="inFavour">
              <akn4un:voters>
                <organization refersTo="memberState">AFGHANISTAN</organization>
                <organization refersTo="memberState">ALBANIA</organization>
                <organization refersTo="memberState">ANDORRA</organization>
                <organization refersTo="memberState">ANGOLA</organization>
                <organization refersTo="memberState">ANTIGUA AND BARBUDA</organization>
                <organization refersTo="memberState">ARGENTINA</organization>
                <organization refersTo="memberState">ARMENIA</organization>
                <organization refersTo="memberState">AUSTRALIA</organization>
                <organization refersTo="memberState">AUSTRIA</organization>
                <organization refersTo="memberState">AZERBAIJAN</organization>
                <organization refersTo="memberState">BAHAMAS</organization>
                <organization refersTo="memberState">BANGLADESH</organization>
                <organization refersTo="memberState">BARBADOS</organization>
                <organization refersTo="memberState">BELARUS</organization>
                <organization refersTo="memberState">BELGIUM</organization>
                <organization refersTo="memberState">BELIZE</organization>
                <organization refersTo="memberState">BENIN</organization>
                <organization refersTo="memberState">BHUTAN</organization>
                <organization refersTo="memberState">BOSNIA AND HERZEGOVINA</organization>
                <organization refersTo="memberState">BOTSWANA</organization>
                <organization refersTo="memberState">BRAZIL</organization>
                <organization refersTo="memberState">BRUNEI DARUSSALAM</organization>
                <organization refersTo="memberState">BULGARIA</organization>
                <organization refersTo="memberState">BURKINA FASO</organization>
                <organization refersTo="memberState">BURUNDI</organization>
                <organization refersTo="memberState">CABO VERDE</organization>
                <organization refersTo="memberState">CAMBODIA</organization>
                <organization refersTo="memberState">CAMEROON</organization>
                <organization refersTo="memberState">CANADA</organization>
                <organization refersTo="memberState">CENTRAL AFRICAN REPUBLIC</organization>
                <organization refersTo="memberState">CHAD</organization>
                <organization refersTo="memberState">CHILE</organization>
                <organization refersTo="memberState">CHINA</organization>
                <organization refersTo="memberState">COLOMBIA</organization>
                <organization refersTo="memberState">COMOROS</organization>
                <organization refersTo="memberState">CONGO</organization>
                <organization refersTo="memberState">COSTA RICA</organization>
                <organization refersTo="memberState">COTE D'IVOIRE</organization>
                <organization refersTo="memberState">CROATIA</organization>
                <organization refersTo="memberState">CYPRUS</organization>
                <organization refersTo="memberState">CZECHIA</organization>
                <organization refersTo="memberState">DEMOCRATIC REPUBLIC OF THE CONGO</organization>
                <organization refersTo="memberState">DENMARK</organization>
                <organization refersTo="memberState">DOMINICAN REPUBLIC</organization>
                <organization refersTo="memberState">ECUADOR</organization>
                <organization refersTo="memberState">EL SALVADOR</organization>
                <organization refersTo="memberState">ERITREA</organization>
                <organization refersTo="memberState">ESTONIA</organization>
                <organization refersTo="memberState">ESWATINI</organization>
                <organization refersTo="memberState">ETHIOPIA</organization>
                <organization refersTo="memberState">FIJI</organization>
                <organization refersTo="memberState">FINLAND</organization>
                <organization refersTo="memberState">FRANCE</organization>
                <organization refersTo="memberState">GAMBIA</organization>
                <organization refersTo="memberState">GEORGIA</organization>
                <organization refersTo="memberState">GERMANY</organization>
                <organization refersTo="memberState">GHANA</organization>
                <organization refersTo="memberState">GREECE</organization>
                <organization refersTo="memberState">GRENADA</organization>
                <organization refersTo="memberState">GUATEMALA</organization>
                <organization refersTo="memberState">GUINEA-BISSAU</organization>
                <organization refersTo="memberState">GUYANA</organization>
                <organization refersTo="memberState">HONDURAS</organization>
                <organization refersTo="memberState">HUNGARY</organization>
                <organization refersTo="memberState">ICELAND</organization>
                <organization refersTo="memberState">INDIA</organization>
                <organization refersTo="memberState">INDONESIA</organization>
                <organization refersTo="memberState">IRELAND</organization>
                <organization refersTo="memberState">ISRAEL</organization>
                <organization refersTo="memberState">ITALY</organization>
                <organization refersTo="memberState">JAMAICA</organization>
                <organization refersTo="memberState">JAPAN</organization>
                <organization refersTo="memberState">KAZAKHSTAN</organization>
                <organization refersTo="memberState">KENYA</organization>
                <organization refersTo="memberState">KIRIBATI</organization>
                <organization refersTo="memberState">KYRGYZSTAN</organization>
                <organization refersTo="memberState">LAO PEOPLE'S DEMOCRATIC REPUBLIC</organization>
                <organization refersTo="memberState">LATVIA</organization>
                <organization refersTo="memberState">LESOTHO</organization>
                <organization refersTo="memberState">LIBERIA</organization>
                <organization refersTo="memberState">LIECHTENSTEIN</organization>
                <organization refersTo="memberState">LITHUANIA</organization>
                <organization refersTo="memberState">LUXEMBOURG</organization>
                <organization refersTo="memberState">MADAGASCAR</organization>
                <organization refersTo="memberState">MALAWI</organization>
                <organization refersTo="memberState">MALAYSIA</organization>
                <organization refersTo="memberState">MALDIVES</organization>
                <organization refersTo="memberState">MALI</organization>
                <organization refersTo="memberState">MALTA</organization>
                <organization refersTo="memberState">MARSHALL ISLANDS</organization>
                <organization refersTo="memberState">MAURITIUS</organization>
                <organization refersTo="memberState">MEXICO</organization>
                <organization refersTo="memberState">MICRONESIA (FEDERATED STATES OF)</organization>
                <organization refersTo="memberState">MONACO</organization>
                <organization refersTo="memberState">MONGOLIA</organization>
                <organization refersTo="memberState">MONTENEGRO</organization>
                <organization refersTo="memberState">MOZAMBIQUE</organization>
                <organization refersTo="memberState">MYANMAR</organization>
                <organization refersTo="memberState">NAMIBIA</organization>
                <organization refersTo="memberState">NEPAL</organization>
                <organization refersTo="memberState">NETHERLANDS</organization>
                <organization refersTo="memberState">NEW ZEALAND</organization>
                <organization refersTo="memberState">NIGER</organization>
                <organization refersTo="memberState">NIGERIA</organization>
                <organization refersTo="memberState">NORTH MACEDONIA</organization>
                <organization refersTo="memberState">NORWAY</organization>
                <organization refersTo="memberState">PAKISTAN</organization>
                <organization refersTo="memberState">PALAU</organization>
                <organization refersTo="memberState">PANAMA</organization>
                <organization refersTo="memberState">PARAGUAY</organization>
                <organization refersTo="memberState">PERU</organization>
                <organization refersTo="memberState">PHILIPPINES</organization>
                <organization refersTo="memberState">POLAND</organization>
                <organization refersTo="memberState">PORTUGAL</organization>
                <organization refersTo="memberState">REPUBLIC OF KOREA</organization>
                <organization refersTo="memberState">REPUBLIC OF MOLDOVA</organization>
                <organization refersTo="memberState">ROMANIA</organization>
                <organization refersTo="memberState">RUSSIAN FEDERATION</organization>
                <organization refersTo="memberState">RWANDA</organization>
                <organization refersTo="memberState">SAINT KITTS AND NEVIS</organization>
                <organization refersTo="memberState">SAINT LUCIA</organization>
                <organization refersTo="memberState">SAINT VINCENT AND THE GRENADINES</organization>
                <organization refersTo="memberState">SAMOA</organization>
                <organization refersTo="memberState">SAN MARINO</organization>
                <organization refersTo="memberState">SAO TOME AND PRINCIPE</organization>
                <organization refersTo="memberState">SENEGAL</organization>
                <organization refersTo="memberState">SERBIA</organization>
                <organization refersTo="memberState">SEYCHELLES</organization>
                <organization refersTo="memberState">SIERRA LEONE</organization>
                <organization refersTo="memberState">SINGAPORE</organization>
                <organization refersTo="memberState">SLOVAKIA</organization>
                <organization refersTo="memberState">SLOVENIA</organization>
                <organization refersTo="memberState">SOLOMON ISLANDS</organization>
                <organization refersTo="memberState">SOUTH AFRICA</organization>
                <organization refersTo="memberState">SPAIN</organization>
                <organization refersTo="memberState">SRI LANKA</organization>
                <organization refersTo="memberState">SURINAME</organization>
                <organization refersTo="memberState">SWEDEN</organization>
                <organization refersTo="memberState">SWITZERLAND</organization>
                <organization refersTo="memberState">TAJIKISTAN</organization>
                <organization refersTo="memberState">THAILAND</organization>
                <organization refersTo="memberState">TIMOR-LESTE</organization>
                <organization refersTo="memberState">TOGO</organization>
                <organization refersTo="memberState">TONGA</organization>
                <organization refersTo="memberState">TRINIDAD AND TOBAGO</organization>
                <organization refersTo="memberState">TURKEY</organization>
                <organization refersTo="memberState">TURKMENISTAN</organization>
                <organization refersTo="memberState">UGANDA</organization>
                <organization refersTo="memberState">UKRAINE</organization>
                <organization refersTo="memberState">UNITED KINGDOM</organization>
                <organization refersTo="memberState">UNITED REPUBLIC OF TANZANIA</organization>
                <organization refersTo="memberState">UNITED STATES</organization>
                <organization refersTo="memberState">URUGUAY</organization>
                <organization refersTo="memberState">UZBEKISTAN</organization>
                <organization refersTo="memberState">VANUATU</organization>
                <organization refersTo="memberState">ZAMBIA</organization>
                <organization refersTo="memberState">ZIMBABWE</organization>
              </akn4un:voters>
            </count>
            <count value="23" refersTo="abstaining">
              <akn4un:voters>
                <organization refersTo="memberState">ALGERIA</organization>
                <organization refersTo="memberState">BAHRAIN</organization>
                <organization refersTo="memberState">BOLIVIA (PLURINATIONAL STATE OF)</organization>
                <organization refersTo="memberState">CUBA</organization>
                <organization refersTo="memberState">DJIBOUTI</organization>
                <organization refersTo="memberState">EGYPT</organization>
                <organization refersTo="memberState">IRAN (ISLAMIC REPUBLIC OF)</organization>
                <organization refersTo="memberState">IRAQ</organization>
                <organization refersTo="memberState">JORDAN</organization>
                <organization refersTo="memberState">KUWAIT</organization>
                <organization refersTo="memberState">LEBANON</organization>
                <organization refersTo="memberState">LIBYA</organization>
                <organization refersTo="memberState">MOROCCO</organization>
                <organization refersTo="memberState">NICARAGUA</organization>
                <organization refersTo="memberState">OMAN</organization>
                <organization refersTo="memberState">QATAR</organization>
                <organization refersTo="memberState">SAUDI ARABIA</organization>
                <organization refersTo="memberState">SUDAN</organization>
                <organization refersTo="memberState">SYRIAN ARAB REPUBLIC</organization>
                <organization refersTo="memberState">TUNISIA</organization>
                <organization refersTo="memberState">UNITED ARAB EMIRATES</organization>
                <organization refersTo="memberState">VENEZUELA (BOLIVARIAN REPUBLIC OF)</organization>
                <organization refersTo="memberState">YEMEN</organization>
              </akn4un:voters>
            </count>
          </voting>
        </parliamentary>
      </analysis>
      <references source="#DGACM">
        <TLCOrganization eId="source" href="/akn/ontology/organization/un/DGACM" showAs="DGACM"></TLCOrganization>
        <TLCConcept eId="dateOfIssuance" href="/akn/ontology/concept/un/dateOfIssuance" showAs="Date of issuance"></TLCConcept>
        <TLCConcept eId="dateOfAdoption" href="/akn/ontology/concept/un/dateOfAdoption" showAs="Date of adoption"></TLCConcept>
        <TLCConcept eId="symbol" href="/akn/ontology/reference/un/symbol" showAs="Symbol"></TLCConcept>
        <TLCRole eId="publisher" href="/akn/ontology/role/un/publisher" showAs="Publisher"></TLCRole>
        <TLCRole eId="issuingBody" href="/akn/role/concept/un/issuingBody" showAs="Issuing body"></TLCRole>
        <TLCRole eId="author" href="/akn/ontology/role/un/author" showAs="Author"></TLCRole>
        <TLCRole eId="editor" href="/akn/ontology/role/un/editor" showAs="Editor"></TLCRole>
        <TLCRole eId="distribution" href="/akn/ontology/concept/un/generalDistribution" showAs="General distribution"></TLCRole>
        <TLCOrganization eId="ga" href="/akn/ontology/organization/un/generalAssembly" showAs="General Assembly"></TLCOrganization>
        <TLCTerm eId="resolutionTitle" href="/akn/ontology/reference/un/resolutionTitle" showAs="Resolution title"></TLCTerm>
        <TLCTerm eId="firstCommittee" href="#firstCommittee" showAs="Первый комитет"></TLCTerm>
        <TLCTerm eId="memberState" href="/akn/ontology/organization/un/memberState" showAs="Member State"></TLCTerm>
        <TLCTerm eId="inFavour" href="/akn/ontology/concept/un/voting/inFavour" showAs="In favour"></TLCTerm>
        <TLCTerm eId="against" href="/akn/ontology/concept/un/voting/against" showAs="Against"></TLCTerm>
        <TLCTerm eId="abstaining" href="/akn/ontology/concept/un/voting/abstaining" showAs="Abstaining"></TLCTerm>
      </references>
      <presentation source="#un">
        <akn4un:footerFirstPage>
          <akn4un:footerFirstPageLeft>
            <akn4un:internalCode>
              <docketNumber refersTo="#publicationJobNumber">19-21842 (R)</docketNumber>
              <img alt="bar code" class="barCode" src=""></img>
            </akn4un:internalCode>
          </akn4un:footerFirstPageLeft>
          <akn4un:footerFirstPageRight>
            <img alt="Please recycle" class="image" src="./recylcleLogo.jpg"></img>
            <img alt="embedded QR code" class="qrCode" src=""></img>
          </akn4un:footerFirstPageRight>
        </akn4un:footerFirstPage>
      </presentation>
    </meta>
    <coverPage eId="coverPage_1">
      <p>
        <span refersTo="#publisher" class="upperLeft">
          <docAuthority refersTo="#publisher">Организация Объединенных Наций</docAuthority>
        </span>
      </p>
      <p class="upperRight">
        <docNumber refersTo="#symbol">A/RES/74/53</docNumber>
      </p>
      <p class="upperLeft">
        <img src="logo-un.jpg"></img>
        <docAuthority refersTo="#issuingBody" class="rightBig">Генеральная Ассамблея</docAuthority>
      </p>
      <p>
        <docStatus refersTo="#generalDistribution" class="rightSmall">Distr.: General</docStatus>
      </p>
      <p>
        <docDate date="2019-12-19" class="rightSmall" refersTo="#dateOfIssuance">19 December 2019</docDate>
      </p>
      <p>
        <session refersTo="#generalAssembly" value="74" eId="coverPage_1__session_1">Семьдесят четвертая сессия</session>
      </p>
      <p>
        <inline name="agenda item">Пункт 98 g) повестки дня</inline>
      </p>
      <p>
        <inline name="agenda item name">Всеобщее и полное разоружение: транспарентность в вооружениях</inline>
      </p>
      <p>
        <docTitle>Резолюция, принятая Генеральной Ассамблеей 12 декабря 2019 года</docTitle>
      </p>
      <p xml:space="preserve">
        <docProponent refersTo="#firstCommittee">[по докладу Первого комитета (<inline name="originating document">A/74/368</inline>)]</docProponent>
      </p>
    </coverPage>
    <preface>
      <p>
        <docNumber>74/53.</docNumber>
        <docTitle refersTo="#resolutionTitle">Транспарентность в вооружениях</docTitle>
      </p>
    </preface>
    <preamble>
      <formula name="enactingFormula" eId="formula_1">
        <p xml:space="preserve">
          <span class="italic">Генеральная Ассамблея</span>,</p>
      </formula>
      <container name="ссылаясь" eId="container_2">
        <p xml:space="preserve">
          <span class="italic">ссылаясь</span> на свои резолюции <a href="https://undocs.org/ru/A/RES/46/36">46/36</a> L от 9 декабря 1991 года, <a href="https://undocs.org/ru/A/RES/47/52">47/52</a> L от 15 декабря 1992 года, <a href="https://undocs.org/ru/A/RES/48/75">48/75</a> Е от 16 декабря 1993 года, <a href="https://undocs.org/ru/A/RES/49/75">49/75</a> С от 15 декабря 1994 года, <a href="https://undocs.org/ru/A/RES/50/70">50/70</a> D от 12 декабря 1995 года, <a href="https://undocs.org/ru/A/RES/51/45">51/45</a> Н от 10 декабря 1996 года, <a href="https://undocs.org/ru/A/RES/52/38">52/38</a> R от 9 декабря 1997 года, <a href="https://undocs.org/ru/A/RES/53/77">53/77</a> V от 4 декабря 1998 года, <a href="https://undocs.org/ru/A/RES/54/54">54/54</a> О от 1 декабря 1999 года, <a href="https://undocs.org/ru/A/RES/55/33">55/33</a> U от 20 ноября 2000 года, <a href="https://undocs.org/ru/A/RES/56/24">56/24</a> Q от 29 ноября 2001 года, <a href="https://undocs.org/ru/A/RES/57/75">57/75</a> от 22 ноября 2002 года, <a href="https://undocs.org/ru/A/RES/58/54">58/54</a> от 8 декабря 2003 года, <a href="https://undocs.org/ru/A/RES/60/226">60/226</a> от 23 декабря 2005 года, <a href="https://undocs.org/ru/A/RES/61/77">61/77</a> от 6 декабря 2006 года, <a href="https://undocs.org/ru/A/RES/63/69">63/69</a> от 2 декабря 2008 года, <a href="https://undocs.org/ru/A/RES/64/54">64/54</a> от 2 декабря 2009 года, <a href="https://undocs.org/ru/A/RES/66/39">66/39</a> от 2 декабря 2011 года, <a href="https://undocs.org/ru/A/RES/68/43">68/43</a> от 5 декабря 2013 года и <a href="https://undocs.org/ru/A/RES/71/44">71/44</a> от 5 декабря 2016 года, озаглавленные «Транспарентность в вооружениях»,</p>
      </container>
      <container name="продолжая считать" eId="container_3">
        <p xml:space="preserve">
          <span class="italic">продолжая считать</span>, что повышенный уровень транспарентности в вооружениях значительно способствует укреплению доверия между государствами и их взаимной безопасности и что создание Регистра обычных вооружений Организации Объединенных Наций представляет собой важный шаг вперед в деле содействия повышению транспарентности в военных вопросах,</p>
      </container>
      <container name="приветствуя " eId="container_4">
        <p xml:space="preserve">
          <span class="italic">приветствуя </span>сводные доклады Генерального секретаря о Регистре, содержащие предоставленную государствами-членами информацию за 2015<authorialNote marker="1" placement="bottom" eId="authorialNote_1"><p xml:space="preserve"><a href="https://undocs.org/ru/A/71/138">A/71/138</a> и <a href="https://undocs.org/ru/A/71/138/Add.1">A/71/138/Add.1</a>.</p></authorialNote>, 2016<authorialNote marker="2" placement="bottom" eId="authorialNote_2"><p xml:space="preserve"><a href="https://undocs.org/ru/A/72/331">A/72/331</a>.</p></authorialNote> и 2017<authorialNote marker="3" placement="bottom" eId="authorialNote_3"><p xml:space="preserve"><a href="https://undocs.org/ru/A/73/185">A/73/185</a>.</p></authorialNote> годы,</p>
      </container>
      <container name="приветствуя также " eId="container_5">
        <p xml:space="preserve">
          <span class="italic">приветствуя также </span>доклад Генерального секретаря о постоянном функционировании Регистра и его дальнейшем развитии, подготовленный в 2019 году при содействии группы правительственных экспертов<authorialNote marker="4" placement="bottom" eId="authorialNote_4"><p xml:space="preserve">		См. <a href="https://undocs.org/ru/A/74/211">A/74/211</a>.</p></authorialNote>, в том числе содержащуюся в нем рекомендацию тем государствам-членам, которые в состоянии делать это, представлять информацию об экспорте и импорте стрелкового оружия и легких вооружений по формуле «семь плюс одна», используя, сообразно обстоятельствам, онлайновый инструмент отчетности или факультативную стандартизированную форму отчетности о международных поставках стрелкового оружия и легких вооружений,</p>
      </container>
      <container name="приветствуя далее " eId="container_6">
        <p xml:space="preserve">
          <span class="italic">приветствуя далее </span>отклики государств-членов на содержащиеся в пунктах 9 и 10 резолюции <a href="https://undocs.org/ru/A/RES/46/36">46/36</a> L просьбы предоставлять данные об их импорте и экспорте вооружений, а также имеющуюся справочную информацию об их военных запасах, закупках за счет отечественного производства и политике в этой области,</p>
      </container>
      <container name="приветствуя " eId="container_7">
        <p xml:space="preserve">
          <span class="italic">приветствуя </span>вступление в силу Договора о торговле оружием<authorialNote marker="5" placement="bottom" eId="authorialNote_5"><p xml:space="preserve">		См. резолюцию <a href="https://undocs.org/ru/A/RES/67/234 B">67/234</a> B.</p></authorialNote> 24 декабря 2014 года, поскольку он обеспечивает повышение степени транспарентности в рамках представления отчетности о поставках вооружений и других механизмов, и отмечая, что Договор остается открытым для присоединения любого государства, которое его не подписало,</p>
      </container>
      <container name="выражая озабоченность" eId="container_8">
        <p xml:space="preserve">
          <span class="italic">выражая озабоченность</span> в связи с низким числом отчетов, представленных государствами-членами для Регистра, </p>
      </container>
      <container name="&#x9;отмечая" eId="container_9">
        <p xml:space="preserve">
          <span class="italic">	отмечая</span> выраженную в докладе группы правительственных экспертов 2019 года обеспокоенность тем, что нынешний объем ресурсов Секретариата в области управления базами данных недостаточен для обеспечения эффективного функционирования Регистра,</p>
      </container>
      <container name="подчеркивая" eId="container_10">
        <p xml:space="preserve">
          <span class="italic">подчеркивая</span>, что постоянное функционирование Регистра и его дальнейшее развитие должны подвергаться обзору, с тем чтобы превратить его в регистр, способный обеспечить как можно более широкий круг участников,</p>
      </container>
    </preamble>
    <mainBody>
      <paragraph eId="para_11" class="SingleTxt">
        <num>	1.</num>
        <content eId="para_11__content">
          <p xml:space="preserve">
            <span class="italic">вновь подтверждает свою решимость</span> обеспечить эффективное функционирование Регистра обычных вооружений Организации Объединенных Наций, как это предусмотрено в пунктах 7–10 резолюции <a href="https://undocs.org/ru/A/RES/46/36">46/36</a> L;</p>
        </content>
      </paragraph>
      <paragraph eId="para_12" class="SingleTxt">
        <num>	2.</num>
        <content eId="para_12__content">
          <p xml:space="preserve">
            <span class="italic">одобряет</span> доклад Генерального секретаря о постоянном функционировании Регистра и его дальнейшем развитии и рекомендации, содержащиеся в консенсусном докладе группы правительственных экспертов 2019 года<sup>4</sup>;</p>
        </content>
      </paragraph>
      <paragraph eId="para_13" class="SingleTxt">
        <num>	3.</num>
        <content eId="para_13__content">
          <p xml:space="preserve">
            <span class="italic">особо отмечает</span> важность того, чтобы те государства-члены, которые в состоянии делать это, представляли информацию об экспорте и импорте стрелкового оружия и легких вооружений по формуле «семь плюс одна», и постановляет адаптировать сферу охвата Регистра в соответствии с рекомендациями, содержащимися в докладе Генерального секретаря, подготовленном в 2019 году<sup>4</sup>;</p>
        </content>
      </paragraph>
      <paragraph eId="para_14" class="SingleTxt">
        <num>	4.</num>
        <content eId="para_14__content">
          <p xml:space="preserve">
            <span class="italic">призывает</span> государства-члены, в целях обеспечения всеобщего участия, ежегодно к 31 мая предоставлять Генеральному секретарю запрашиваемые для Регистра данные и информацию, включая, если это уместно, отчеты «с нулевыми данными», используя обновленный онлайновый инструмент отчетности, на основе резолюций <a href="https://undocs.org/ru/A/RES/46/36">46/36</a> L и <a href="https://undocs.org/ru/A/RES/47/52">47/52</a> L и рекомендаций, содержащихся в соответствующих докладах Генерального секретаря о постоянном функционировании Регистра и его дальнейшем развитии;</p>
        </content>
      </paragraph>
      <paragraph eId="para_15" class="SingleTxt">
        <num>	5.</num>
        <content eId="para_15__content">
          <p xml:space="preserve">
            <span class="italic">предлагает</span> государствам-членам, которые в состоянии это делать, до принятия мер по дальнейшему развитию Регистра предоставлять дополнительную информацию о закупках за счет отечественного производства и военных запасах в качестве справочной информации и использовать форму отчетности де-факто или любой другой метод, который они сочтут уместным, для соответствующих элементов;</p>
        </content>
      </paragraph>
      <paragraph eId="para_16" class="SingleTxt">
        <num>	6.</num>
        <content eId="para_16__content">
          <p xml:space="preserve">
            <span class="italic">вновь подтверждает</span> свое решение, имея в виду дальнейшее развитие Регистра, заниматься вопросами, касающимися сферы охвата Регистра, участия в нем и его использования, и с этой целью просит Генерального секретаря при содействии группы правительственных экспертов, которая будет созвана на недельную сессию в конце 2021 года и недельную сессию в начале и в середине 2022 года в рамках имеющихся ресурсов при обеспечении самого широкого участия и на основе справедливого географического представительства, подготовить доклад о постоянном функционировании и сохранении значимости Регистра, в том числе путем изучения взаимосвязи между участием в Регистре, сферой его охвата и его использованием, и его дальнейшем развитии с учетом работы Конференции по разоружению, соответствующих обсуждений в Организации Объединенных Наций, мнений, выраженных государствами-членами, и докладов Генерального секретаря о постоянном функционировании Регистра и его дальнейшем развитии в целях принятия решения на ее семьдесят седьмой сессии;</p>
        </content>
      </paragraph>
      <paragraph eId="para_17" class="SingleTxt">
        <num>	7.</num>
        <content eId="para_17__content">
          <p xml:space="preserve">
            <span class="italic">просит</span> Генерального секретаря обеспечить выполнение рекомендаций, содержащихся в его докладах 2000, 2003, 2006, 2009, 2013, 2016 и 2019 годов о постоянном функционировании Регистра и его дальнейшем развитии, в частности рекомендаций, содержащихся в пунктах 122 a)–n) консенсусного доклада группы правительственных экспертов 2019 года и обращенных непосредственно к Секретариату;</p>
        </content>
      </paragraph>
      <paragraph eId="para_18" class="SingleTxt">
        <num>	8.</num>
        <content eId="para_18__content">
          <p xml:space="preserve">
            <span class="italic">просит</span> также Генерального секретаря в этой связи обеспечить выделение Организацией Объединенных Наций достаточных ресурсов, в пределах имеющихся ресурсов, с тем чтобы Секретариат мог эффективно выполнять свои основные функции по обеспечению эффективного функционирования Регистра, изложенные в пунктах 122 a)–n) доклада за 2019 год, в том числе в связи с рекомендацией, содержащейся в пункте 122 e) и касающейся перевода онлайнового инструмента отчетности и содержания веб-сайта базы данных Регистра на все шесть официальных языков Организации Объединенных Наций, и обеспечить выделение для этого достаточных ресурсов на соответствующих уровнях;</p>
        </content>
      </paragraph>
      <paragraph eId="para_19" class="SingleTxt">
        <num>	9.</num>
        <content eId="para_19__content">
          <p xml:space="preserve">
            <span class="italic">призывает</span> Конференцию по разоружению рассмотреть вопрос о продолжении предпринятой ею работы в области, связанной с транспарентностью в вооружениях;</p>
        </content>
      </paragraph>
      <paragraph eId="para_20" class="SingleTxt">
        <num>	10.</num>
        <content eId="para_20__content">
          <p xml:space="preserve">
            <span class="italic">вновь обращается с призывом</span> ко всем государствам-членам сотрудничать на региональном и субрегиональном уровнях, в полной мере учитывая конкретные условия, существующие в данном регионе или субрегионе, в целях укрепления и координации международных и региональных усилий, направленных на повышение уровня открытости и транспарентности в вооружениях;</p>
        </content>
      </paragraph>
      <paragraph eId="para_21" class="SingleTxt">
        <num>	11.</num>
        <content eId="para_21__content">
          <p xml:space="preserve">
            <span class="italic">просит</span> Генерального секретаря представить Генеральной Ассамблее на ее семьдесят седьмой сессии доклад о прогрессе, достигнутом в осуществлении настоящей резолюции;</p>
        </content>
      </paragraph>
      <paragraph eId="para_22" class="SingleTxt">
        <num>	12.</num>
        <content eId="para_22__content">
          <p xml:space="preserve">
            <span class="italic">постановляет</span> включить в предварительную повестку дня своей семьдесят седьмой сессии, в рамках пункта, озаглавленного «Всеобщее и полное разоружение», подпункт, озаглавленный «Транспарентность в вооружениях».</p>
        </content>
      </paragraph>
    </mainBody>
    <conclusions eId="conclusions">
      <p>
        <inline name="adoptionMeeting" title="46-e">46-e пленарное заседание</inline>
        <eol />
        <docDate date="2019-12-12" refersTo="#adoptionDate">12 декабря 2019 года</docDate>
      </p>
    </conclusions>
  </statement>
</akomaNtoso>