<akomaNtoso xmlns:xsi="http://www.w3.org/2001/XMLSchema-instance" xsi:schemaLocation="http://docs.oasis-open.org/legaldocml/ns/akn/3.0 http://docs.oasis-open.org/legaldocml/akn-core/v1.0/os/part2-specs/schemas/akomantoso30.xsd" xmlns="http://docs.oasis-open.org/legaldocml/ns/akn/3.0" xmlns:html="http://www.w3.org/1999/xhtml" xmlns:akn4un="http://un.org/akn4un">
  <statement name="resolution">
    <meta>
      <identification source="#DGACM">
        <FRBRWork>
          <FRBRthis value="/akn/un/statement/deliberation/unga/2019-12-12/74-65/!main/"></FRBRthis>
          <FRBRuri value="/akn/un/statement/deliberation/unga/2019-12-12/74-65/"></FRBRuri>
          <FRBRdate date="2019-12-12" name="adoption"></FRBRdate>
          <FRBRauthor href="ga" as="author"></FRBRauthor>
          <FRBRcountry value="un"></FRBRcountry>
        </FRBRWork>
        <FRBRExpression>
          <FRBRthis value="/akn/un/statement/deliberation/unga/2019-12-12/74-65/rus@!main/"></FRBRthis>
          <FRBRuri value="/akn/un/statement/deliberation/unga/2019-12-12/74-65/rus@/"></FRBRuri>
          <FRBRdate date="2019-12-20" name="publication"></FRBRdate>
          <FRBRauthor href="ga" as="issuer"></FRBRauthor>
          <FRBRlanguage language="rus"></FRBRlanguage>
        </FRBRExpression>
        <FRBRManifestation>
          <FRBRthis value="/akn/un/statement/deliberation/unga/2019-12-12/74-65/rus@/!main.xml"></FRBRthis>
          <FRBRuri value="/akn/un/statement/deliberation/unga/2019-12-12/74-65/rus@.xml"></FRBRuri>
          <FRBRdate date="2020-08-29" name="markup"></FRBRdate>
          <FRBRauthor href="DGACM" as="editor"></FRBRauthor>
        </FRBRManifestation>
      </identification>
      <classification source="http://metadata.un.org/sdg">
        <keyword value="4" href="http://metadata.un.org/sdg/4" showAs="sdg_4" dictionary="SDGO"></keyword>
        <keyword value="education" href="http://eurovoc.europa.eu/668" showAs="education" dictionary="EuroVoc"></keyword>
        <keyword value="right_to_education" href="http://eurovoc.europa.eu/512" showAs="right_to_education" dictionary="EuroVoc"></keyword>
        <keyword value="education" href="http://metadata.un.org/thesaurus/1001893" showAs="education" dictionary="UNBIS Thesaurus"></keyword>
      </classification>
      <classification source="http://metadata.un.org/sdg">
        <keyword value="16" href="http://metadata.un.org/sdg/16" showAs="sdg_16" dictionary="SDGO"></keyword>
        <keyword value="right_to_justice" href="http://eurovoc.europa.eu/516" showAs="right_to_justice" dictionary="EuroVoc"></keyword>
        <keyword value="sustainable_development" href="http://eurovoc.europa.eu/5585" showAs="sustainable_development" dictionary="EuroVoc"></keyword>
        <keyword value="civil_society" href="http://metadata.un.org/thesaurus/1001012" showAs="civil_society" dictionary="UNBIS Thesaurus"></keyword>
        <keyword value="justice" href="http://metadata.un.org/thesaurus/1003500" showAs="justice" dictionary="UNBIS Thesaurus"></keyword>
        <keyword value="peaceful_coexistence" href="http://metadata.un.org/thesaurus/1004777" showAs="peaceful_coexistence" dictionary="UNBIS Thesaurus"></keyword>
        <keyword value="public_institutions" href="http://metadata.un.org/thesaurus/1005254" showAs="public_institutions" dictionary="UNBIS Thesaurus"></keyword>
        <keyword value="social_justice" href="http://metadata.un.org/thesaurus/1005970" showAs="social_justice" dictionary="UNBIS Thesaurus"></keyword>
        <keyword value="sustainable_development" href="http://metadata.un.org/thesaurus/1006319" showAs="sustainable_development" dictionary="UNBIS Thesaurus"></keyword>
      </classification>
      <classification source="http://metadata.un.org/sdg">
        <keyword value="17" href="http://metadata.un.org/sdg/17" showAs="sdg_17" dictionary="SDGO"></keyword>
        <keyword value="sustainable_development" href="http://eurovoc.europa.eu/5585" showAs="sustainable_development" dictionary="EuroVoc"></keyword>
        <keyword value="partnership" href="http://eurovoc.europa.eu/4199" showAs="partnership" dictionary="EuroVoc"></keyword>
        <keyword value="sustainable_development" href="http://metadata.un.org/thesaurus/1006319" showAs="sustainable_development" dictionary="UNBIS Thesaurus"></keyword>
        <keyword value="partnership" href="http://metadata.un.org/thesaurus/1004748" showAs="partnership" dictionary="UNBIS Thesaurus"></keyword>
      </classification>
      <workflow source="#un">
        <step date="2019-11-06" outcome="draftResolution" as="A/C.1/74/L.53/Rev.1" by="Albania, Andorra, Austria, Belgium, Bosnia and Herzegovina, Bulgaria, Canada, Croatia, Cyprus, Czechia, Denmark, Estonia, Finland, France, Georgia, Germany, Ghana, Greece, Hungary, Iceland, Ireland, Italy, Japan, Latvia, Liechtenstein, Lithuania, Luxembourg, Malawi, Malta, Montenegro, Mozambique, Netherlands, North Macedonia, Norway, Poland, Portugal, Republic of Moldova, Romania, San Marino, Slovakia, Slovenia, Spain, Sweden, Switzerland, Turkey, Ukraine and United Kingdom of Great Britain and Northern Ireland" />
        <step date="0001-01-01" outcome="draftResolutionAdditionalSponsors" by="Australia, Chile and Jamaica" />
        <step date="0001-01-01" outcome="recommendedForAdoption" as="A/74/368" by="" refersTo="89" />
        <step date="2019-12-12" outcome="adopted" as="A/74/PV.46" by="" />
      </workflow>
      <analysis source="#un">
        <parliamentary>
          <voting outcome="adoptedWithoutVote">
            <quorum value=""></quorum>
          </voting>
        </parliamentary>
      </analysis>
      <references source="#DGACM">
        <TLCOrganization eId="source" href="/akn/ontology/organization/un/DGACM" showAs="DGACM"></TLCOrganization>
        <TLCConcept eId="dateOfIssuance" href="/akn/ontology/concept/un/dateOfIssuance" showAs="Date of issuance"></TLCConcept>
        <TLCConcept eId="dateOfAdoption" href="/akn/ontology/concept/un/dateOfAdoption" showAs="Date of adoption"></TLCConcept>
        <TLCConcept eId="symbol" href="/akn/ontology/reference/un/symbol" showAs="Symbol"></TLCConcept>
        <TLCRole eId="publisher" href="/akn/ontology/role/un/publisher" showAs="Publisher"></TLCRole>
        <TLCRole eId="issuingBody" href="/akn/role/concept/un/issuingBody" showAs="Issuing body"></TLCRole>
        <TLCRole eId="author" href="/akn/ontology/role/un/author" showAs="Author"></TLCRole>
        <TLCRole eId="editor" href="/akn/ontology/role/un/editor" showAs="Editor"></TLCRole>
        <TLCRole eId="distribution" href="/akn/ontology/concept/un/generalDistribution" showAs="General distribution"></TLCRole>
        <TLCOrganization eId="ga" href="/akn/ontology/organization/un/generalAssembly" showAs="General Assembly"></TLCOrganization>
        <TLCTerm eId="resolutionTitle" href="/akn/ontology/reference/un/resolutionTitle" showAs="Resolution title"></TLCTerm>
        <TLCTerm eId="firstCommittee" href="#firstCommittee" showAs="Первый комитет"></TLCTerm>
        <TLCTerm eId="memberState" href="/akn/ontology/organization/un/memberState" showAs="Member State"></TLCTerm>
        <TLCTerm eId="inFavour" href="/akn/ontology/concept/un/voting/inFavour" showAs="In favour"></TLCTerm>
        <TLCTerm eId="against" href="/akn/ontology/concept/un/voting/against" showAs="Against"></TLCTerm>
        <TLCTerm eId="abstaining" href="/akn/ontology/concept/un/voting/abstaining" showAs="Abstaining"></TLCTerm>
      </references>
      <presentation source="#un">
        <akn4un:footerFirstPage>
          <akn4un:footerFirstPageLeft>
            <akn4un:internalCode>
              <docketNumber refersTo="#publicationJobNumber">19-21865 (R)</docketNumber>
              <img alt="bar code" class="barCode" src=""></img>
            </akn4un:internalCode>
          </akn4un:footerFirstPageLeft>
          <akn4un:footerFirstPageRight>
            <img alt="Please recycle" class="image" src="./recylcleLogo.jpg"></img>
            <img alt="embedded QR code" class="qrCode" src=""></img>
          </akn4un:footerFirstPageRight>
        </akn4un:footerFirstPage>
      </presentation>
    </meta>
    <coverPage eId="coverPage_1">
      <p>
        <span refersTo="#publisher" class="upperLeft">
          <docAuthority refersTo="#publisher">Организация Объединенных Наций</docAuthority>
        </span>
      </p>
      <p class="upperRight">
        <docNumber refersTo="#symbol">A/RES/74/65</docNumber>
      </p>
      <p class="upperLeft">
        <img src="logo-un.jpg"></img>
        <docAuthority refersTo="#issuingBody" class="rightBig">Генеральная Ассамблея</docAuthority>
      </p>
      <p>
        <docStatus refersTo="#generalDistribution" class="rightSmall">Distr.: General</docStatus>
      </p>
      <p>
        <docDate date="2019-12-20" class="rightSmall" refersTo="#dateOfIssuance">20 December 2019</docDate>
      </p>
      <p>
        <session refersTo="#generalAssembly" value="74" eId="coverPage_1__session_1">Семьдесят четвертая сессия</session>
      </p>
      <p>
        <inline name="agenda item">Пункт 98 v) повестки дня</inline>
      </p>
      <p>
        <inline name="agenda item name">Всеобщее и полное разоружение: проблемы, порождаемые накоплением избыточных запасов обычных боеприпасов</inline>
      </p>
      <p>
        <docTitle>Резолюция, принятая Генеральной Ассамблеей 12 декабря 2019 года</docTitle>
      </p>
      <p xml:space="preserve">
        <docProponent refersTo="#firstCommittee">[по докладу Первого комитета (<inline name="originating document">A/74/368</inline>)]</docProponent>
      </p>
    </coverPage>
    <preface>
      <p>
        <docNumber>74/65.</docNumber>
        <docTitle refersTo="#resolutionTitle">Проблемы, порождаемые накоплением избыточных запасов обычных боеприпасов</docTitle>
      </p>
    </preface>
    <preamble>
      <formula name="enactingFormula" eId="formula_1">
        <p xml:space="preserve">
          <span class="italic">Генеральная Ассамблея</span>,</p>
      </formula>
      <container name="сознавая" eId="container_2">
        <p xml:space="preserve">
          <span class="italic">сознавая</span> опасности, возникающие в результате незапланированных взрывов в местах хранения боеприпасов и в результате перенаправления материальных средств из запасов обычных боеприпасов на незаконный рынок, в том числе для изготовления самодельных взрывных устройств,</p>
      </container>
      <container name="подчеркивая" eId="container_3">
        <p xml:space="preserve">
          <span class="italic">подчеркивая</span>, что случайные взрывы складов боеприпасов уносят жизни тысяч людей и лишают средств к существованию целые общины и что перенаправление запасов боеприпасов приводит к повышению интенсивности и увеличению длительности вооруженных конфликтов и сохранению вооруженного насилия во всем мире<authorialNote marker="1" placement="bottom" eId="authorialNote_1"><p xml:space="preserve">		См. <a href="https://undocs.org/ru/S/2011/255">S/2011/255</a>.</p></authorialNote>,</p>
      </container>
      <container name="признавая" eId="container_4">
        <p xml:space="preserve">
          <span class="italic">	признавая</span> необходимость поощрения всестороннего участия как женщин, так и мужчин в практической деятельности и политике в области управления боеприпасами,</p>
      </container>
      <container name="отмечая" eId="container_5">
        <p xml:space="preserve">
          <span class="italic">отмечая</span>, что обычные вооружения и боеприпасы к ним являются средствами, в отношении которых в принципе могут быть приняты меры по совершенствованию регулирования их передачи и по предотвращению их перенаправления в сферу незаконного оборота,</p>
      </container>
      <container name="признавая" eId="container_6">
        <p xml:space="preserve">
          <span class="italic">признавая</span> насущную необходимость устранения рисков, касающихся безопасности и сохранности и вызываемых неэффективным управлением запасами во всем мире<authorialNote marker="2" placement="bottom" eId="authorialNote_2"><p xml:space="preserve">		См. <a href="https://undocs.org/ru/S/2015/289">S/2015/289</a>.</p></authorialNote>,</p>
      </container>
      <container name="принимая во внимание " eId="container_7">
        <p xml:space="preserve">
          <span class="italic">	принимая во внимание </span>подход к управлению, охватывающий весь срок годности, для всестороннего решения проблем, связанных с боеприпасами, включая проблемы, связанные с их перенаправлением,</p>
      </container>
      <container name="отмечая" eId="container_8">
        <p xml:space="preserve">
          <span class="italic">отмечая</span> содержащееся в Договоре о торговле оружием<authorialNote marker="3" placement="bottom" eId="authorialNote_3"><p xml:space="preserve">		См. резолюцию <a href="https://undocs.org/ru/A/RES/67/234 B">67/234</a> B.</p></authorialNote> требование о том, чтобы его государства-участники создавали и использовали национальную систему контроля для регулирования экспорта соответствующих боеприпасов,</p>
      </container>
      <container name="принимая к сведению" eId="container_9">
        <p xml:space="preserve">
          <span class="italic">принимая к сведению</span> доклад Группы экспертов по проблеме боеприпасов и взрывчатых веществ<authorialNote marker="4" placement="bottom" eId="authorialNote_4"><p xml:space="preserve">		См. <a href="https://undocs.org/ru/A/54/155">A/54/155</a>.</p></authorialNote>, а также доклад Группы правительственных экспертов, созданной во исполнение резолюции <a href="https://undocs.org/ru/A/RES/61/72">61/72</a> Генеральной Ассамблеи для рассмотрения дальнейших шагов по укреплению сотрудничества в связи с вопросом об избыточных запасах обычных боеприпасов<authorialNote marker="5" placement="bottom" eId="authorialNote_5"><p xml:space="preserve">		См. A/63/182.</p></authorialNote>,</p>
      </container>
      <container name="приветствуя " eId="container_10">
        <p xml:space="preserve">
          <span class="italic">приветствуя </span>принятие Повестки дня в области устойчивого развития на период до 2030 года<authorialNote marker="6" placement="bottom" eId="authorialNote_6"><p xml:space="preserve">		Резолюция 70/1.</p></authorialNote> и содержащееся в ней признание того, что важное значение для развития имеют значительное уменьшение незаконных потоков оружия и укрепление учреждений в целях наращивания на всех уровнях — в частности в развивающихся странах — потенциала в деле предотвращения насилия и борьбы с терроризмом и преступностью,</p>
      </container>
      <container name="ссылаясь" eId="container_11">
        <p xml:space="preserve">
          <span class="italic">ссылаясь</span> на рекомендацию, содержащуюся в пункте 27 доклада Рабочей группы открытого состава для ведения переговоров относительно международного документа, позволяющего государствам своевременно и надежно выявлять и отслеживать незаконные стрелковое оружие и легкие вооружения<authorialNote marker="7" placement="bottom" eId="authorialNote_7"><p xml:space="preserve">		A/60/88 и <a href="https://undocs.org/ru/A/60/88/Corr.2">A/60/88/Corr.2</a>.</p></authorialNote>, а именно рекомендацию о том, чтобы вопрос о боеприпасах к стрелковому оружию и легким вооружениям был всеобъемлющим образом рассмотрен как часть отдельного проводимого в рамках Организации Объединенных Наций процесса,</p>
      </container>
      <container name="принимая к сведению" eId="container_12">
        <p xml:space="preserve">
          <span class="italic">принимая к сведению</span> обсуждения вопроса о практике управления боеприпасами в рамках Протокола V<authorialNote marker="8" placement="bottom" eId="authorialNote_8"><p xml:space="preserve">		United Nations, <span class="italic">Treaty Series</span>, vol. 2399, No. 22495.</p></authorialNote> к Конвенции о запрещении или ограничении применения конкретных видов обычного оружия, которые могут считаться наносящими чрезмерные повреждения или имеющими неизбирательное действие<authorialNote marker="9" placement="bottom" eId="authorialNote_9"><p xml:space="preserve">		Ibid., vol. 1342, No. 22495.</p></authorialNote>,</p>
      </container>
      <container name="с удовлетворением отмечая" eId="container_13">
        <p xml:space="preserve">
          <span class="italic">с удовлетворением отмечая</span> работу и меры, осуществляемые на региональном и субрегиональном уровнях в связи с вопросом об обычных боеприпасах,</p>
      </container>
      <container name="ссылаясь" eId="container_14">
        <p xml:space="preserve">
          <span class="italic">ссылаясь</span> на свое решение 59/515 от 3 декабря 2004 года и свои резолюции <a href="https://undocs.org/ru/A/RES/60/74">60/74</a> от 8 декабря 2005 года и <a href="https://undocs.org/ru/A/RES/61/72">61/72</a> от 6 декабря 2006 года, свою резолюцию <a href="https://undocs.org/ru/A/RES/63/61">63/61</a> от 2 декабря 2008 года, в которой она приветствовала доклад Группы правительственных экспертов, созданной во исполнение резолюции <a href="https://undocs.org/ru/A/RES/61/72">61/72</a> для рассмотрения дальнейших шагов по укреплению сотрудничества в связи с вопросом об избыточных запасах обычных боеприпасов, свою резолюцию <a href="https://undocs.org/ru/A/RES/64/51">64/51</a> от 2 декабря 2009 года, свою резолюцию <a href="https://undocs.org/ru/A/RES/66/42">66/42</a> от 2 декабря 2011 года, свою резолюцию <a href="https://undocs.org/ru/A/RES/68/52">68/52</a> от 5 декабря 2013 года, свою резолюцию <a href="https://undocs.org/ru/A/RES/70/35">70/35</a> от 7 декабря 2015 года и свою резолюцию <a href="https://undocs.org/ru/A/RES/72/55">72/55</a> от 4 декабря 2017 года,</p>
      </container>
      <container name="принимая к сведению" eId="container_15">
        <p xml:space="preserve">
          <span class="italic">принимая к сведению</span> рекомендации Группы правительственных экспертов и призывая использовать, сообразно обстоятельствам, на добровольной основе Международное техническое руководство по боеприпасам для улучшения охраны и безопасности мест хранения боеприпасов,</p>
      </container>
      <container name="принимая также к сведению" eId="container_16">
        <p xml:space="preserve">
          <span class="italic">принимая также к сведению</span> рекомендации Группы в отношении улучшения управления в системе Организации Объединенных Наций ресурсами знаний по техническим вопросам, касающимся боеприпасов, и отмечая последующее создание в рамках Секретариата программы управления ресурсами знаний “Saf<span class="italic">er</span>Guard”<authorialNote marker="10" placement="bottom" eId="authorialNote_10"><p xml:space="preserve">		A/63/182, пп. 72 и 73.</p></authorialNote>, в том числе ее онлайновых средств по оказанию помощи в осуществлении, </p>
      </container>
      <container name="отмечая" eId="container_17">
        <p xml:space="preserve">
          <span class="italic">отмечая</span>, что Международное техническое руководство по боеприпасам добровольно используется национальными властями и расширяющейся сетью партнеров из международных и региональных организаций, неправительственных организаций и частного сектора во все большем числе государств для поддержки усилий по управлению запасами боеприпасов,</p>
      </container>
      <container name="подчеркивая" eId="container_18">
        <p xml:space="preserve">
          <span class="italic">подчеркивая</span> необходимость рассмотрения вопроса о включении мер по управлению боеприпасами в соответствии с Международным техническим руководством по боеприпасам, когда это уместно, в мандаты операций Организации Объединенных Наций по поддержанию мира и специальных политических миссий,</p>
      </container>
      <container name="признавая" eId="container_19">
        <p xml:space="preserve">
          <span class="italic">признавая</span> важность соответствующих национальных структур и процедур по управлению боеприпасами, включая законы и нормативные акты, подготовку и доктрины, оборудование и техническое обслуживание, управление кадрами, финансы и инфраструктуру, для обеспечения устойчивости управления боеприпасами и подчеркивая в этой связи центральную роль оказания государствам-членам, по их просьбе, технической помощи и помощи в наращивании потенциала,</p>
      </container>
      <container name="принимая к сведению" eId="container_20">
        <p xml:space="preserve">
          <span class="italic">	принимая к сведению</span> создание Консультативной группы по управлению боеприпасами для оказания заинтересованным государствам поддержки в области безопасного и надежного управления боеприпасами посредством предоставления технической консультативной помощи и услуг,</p>
      </container>
    </preamble>
    <mainBody>
      <paragraph eId="para_21" class="SingleTxt">
        <num>	1.</num>
        <content eId="para_21__content">
          <p xml:space="preserve">
            <span class="italic">рекомендует</span> всем заинтересованным государствам на добровольной основе определить, следует ли, с учетом их законных потребностей в области безопасности, считать часть их запасов обычных боеприпасов избыточными, и признает, что необходимо учитывать обеспечение безопасности таких запасов и что для устранения опасности взрыва, загрязнения окружающей среды или утечки обычных боеприпасов необходимо принять на национальном уровне соответствующие меры контроля в отношении безопасности и сохранности их запасов;</p>
        </content>
      </paragraph>
      <paragraph eId="para_22" class="SingleTxt">
        <num>	2.</num>
        <content eId="para_22__content">
          <p xml:space="preserve">
            <span class="italic">призывает</span> все заинтересованные государства определить размеры и характер их избыточных запасов обычных боеприпасов, определить, создают ли они угрозу безопасности или сохранности, при необходимости определить способы их уничтожения и решить, необходима ли им внешняя помощь для устранения этой угрозы;</p>
        </content>
      </paragraph>
      <paragraph eId="para_23" class="SingleTxt">
        <num>	3.</num>
        <content eId="para_23__content">
          <p xml:space="preserve">
            <span class="italic">рекомендует </span>государствам, которые в состоянии делать это, оказывать заинтересованным государствам на двусторонней основе или через международные или региональные организации, в том числе посредством деятельности под эгидой программы управления ресурсами знаний “Saf<span class="italic">er</span>Guard”, — добровольным и транспарентным образом — помощь в разработке и осуществлении программ ликвидации избыточных запасов или улучшения управления запасами;</p>
        </content>
      </paragraph>
      <paragraph eId="para_24" class="SingleTxt">
        <num>	4.</num>
        <content eId="para_24__content">
          <p xml:space="preserve">
            <span class="italic">рекомендует также </span>всем государствам-членам изучить возможность разработки и осуществления на национальном, региональном или субрегиональном уровне мер по надлежащему решению проблемы незаконного оборота, связанного с накоплением таких запасов;</p>
        </content>
      </paragraph>
      <paragraph eId="para_25" class="SingleTxt">
        <num>	5.</num>
        <content eId="para_25__content">
          <p xml:space="preserve">
            <span class="italic">вновь призывает</span> государства осуществить рекомендации, изложенные в докладе Группы правительственных экспертов, созданной во исполнение резолюции <a href="https://undocs.org/ru/A/RES/61/72">61/72</a> для рассмотрения дальнейших шагов по укреплению сотрудничества в связи с вопросом об избыточных запасах обычных боеприпасов;</p>
        </content>
      </paragraph>
      <paragraph eId="para_26" class="SingleTxt">
        <num>	6.</num>
        <content eId="para_26__content">
          <p xml:space="preserve">
            <span class="italic">с признательностью отмечает</span> осуществляемые на международном, региональном и национальном уровнях инициативы, которые проливают свет на улучшение устойчивого управления боеприпасами, в том числе путем осуществления Международного технического руководства по боеприпасам, и на важность дальнейших обсуждений и координации в этом отношении;</p>
        </content>
      </paragraph>
      <paragraph eId="para_27" class="SingleTxt">
        <num>	7.</num>
        <content eId="para_27__content">
          <p xml:space="preserve">
            <span class="italic">напоминает</span> о выпуске обновленной версии Международного технического руководства по боеприпасам в 2015 году и о намерении обновлять Руководство на регулярной основе, а также о продолжении осуществления программы “Saf<span class="italic">er</span>Guard”, которая находится в ведении Управления по вопросам разоружения Секретариата;</p>
        </content>
      </paragraph>
      <paragraph eId="para_28" class="SingleTxt">
        <num>	8.</num>
        <content eId="para_28__content">
          <p xml:space="preserve">
            <span class="italic">приветствует</span> продолжение применения Международного технического руководства по боеприпасам на местах, в том числе онлайновых средств по оказанию помощи в осуществлении и учебных материалов, принимает к сведению руководства по содействию осуществлению и наличие переводов Руководства на различные языки, которые поощряют государства, которые в состоянии делать это, к тому, чтобы оказывать поддержку программе “Saf<span class="italic">er</span>Guard”, и призывает все структуры Организации Объединенных Наций в полной мере использовать Руководство при оказании поддержки национальным властям; </p>
        </content>
      </paragraph>
      <paragraph eId="para_29" class="SingleTxt">
        <num>	9.</num>
        <content eId="para_29__content">
          <p xml:space="preserve">
            <span class="italic">рекомендует</span> рассмотреть вопрос о включении мер по управлению боеприпасами, когда это уместно, в мандаты операций по поддержанию мира, в том числе путем обучения персонала национальных органов и миротворцев, используя Международное техническое руководство по боеприпасам;</p>
        </content>
      </paragraph>
      <paragraph eId="para_30" class="SingleTxt">
        <num>	10.</num>
        <content eId="para_30__content">
          <p xml:space="preserve">
            <span class="italic">приветствует</span> продолжающуюся работу в рамках программы “Saf<span class="italic">er</span>Guard” по созданию ее механизма быстрого реагирования, который позволяет направлять на места экспертов по боеприпасам для оказания государствам, по их просьбе, помощи в решении безотлагательных вопросов управления запасами боеприпасов, и рекомендует государствам, которые в состоянии делать это, выделять технических специалистов для этого механизма или оказывать ему финансовую поддержку;</p>
        </content>
      </paragraph>
      <paragraph eId="para_31" class="SingleTxt">
        <num>	11.</num>
        <content eId="para_31__content">
          <p xml:space="preserve">
            <span class="italic">рекомендует</span> государствам, стремящимся укрепить свой национальный потенциал по управлению запасами, стремящимся не допустить увеличения излишков обычных боеприпасов и стремящимся решать более широкие вопросы ослабления рисков, установить контакт с программой “ Saf<span class="italic">er</span>Guard”, а также, сообразно обстоятельствам, с потенциальными национальными донорами, региональными организациями или другими организациями;</p>
        </content>
      </paragraph>
      <paragraph eId="para_32" class="SingleTxt">
        <num>	12.</num>
        <content eId="para_32__content">
          <p xml:space="preserve">
            <span class="italic">рекомендует также</span> государствам, сообразно обстоятельствам, рассматривать управление боеприпасами в качестве неотъемлемого элемента своих действий для решения сформулированных в целях в области устойчивого развития<sup>6</sup> соответствующих задач, касающихся уменьшения незаконных потоков оружия и предотвращения насилия путем укрепления учреждений, а также рассмотреть возможность, когда это уместно, разработки на основе этого понимания национальных, региональных и субрегиональных показателей;</p>
        </content>
      </paragraph>
      <paragraph eId="para_33" class="SingleTxt">
        <num>	13.</num>
        <content eId="para_33__content">
          <p xml:space="preserve">
            <span class="italic">рекомендует далее</span> государствам, когда это уместно, разрабатывать добровольные национальные планы действий по вопросам безопасного и надежного управления обычными боеприпасами и признает полезность обмена информацией между государствами и использования ими передовой практики, сообразно обстоятельствам;</p>
        </content>
      </paragraph>
      <paragraph eId="para_34" class="SingleTxt">
        <num>	14.</num>
        <content eId="para_34__content">
          <p xml:space="preserve">
            <span class="italic">с удовлетворением принимает к сведению</span> проведенные в 2018 и 2019 годах в соответствии с ее резолюцией <a href="https://undocs.org/ru/A/RES/72/55">72/55</a> неофициальные консультации, в ходе которых особое внимание уделялось рассмотрению в системе Организации Объединенных Наций и за ее пределами вопросов управления обычными боеприпасами и была предпринята попытка выявления связанных с накоплением избыточных запасов обычных боеприпасов неотложных проблем, в решении которых можно добиться прогресса и которые могут послужить основой для созыва группы правительственных экспертов;</p>
        </content>
      </paragraph>
      <paragraph eId="para_35" class="SingleTxt">
        <num>	15.</num>
        <content eId="para_35__content">
          <p xml:space="preserve">
            <span class="italic">принимает к сведению </span>представленный Германией неофициальный документ о результатах неофициального консультативного процесса, проведенного в рамках ее резолюции <a href="https://undocs.org/ru/A/RES/72/55">72/55</a>, а также письменные и устные материалы, полученные от государств-членов по этому же вопросу;</p>
        </content>
      </paragraph>
      <paragraph eId="para_36" class="SingleTxt">
        <num>	16.</num>
        <content eId="para_36__content">
          <p xml:space="preserve">
            <span class="italic">вновь просит</span> Генерального секретаря созвать в 2020 году группу правительственных экспертов по проблемам, порождаемым накоплением избыточных запасов обычных боеприпасов, приняв во внимание обмен мнениями в ходе открытых, неофициальных консультаций; </p>
        </content>
      </paragraph>
      <paragraph eId="para_37" class="SingleTxt">
        <num>	17.</num>
        <content eId="para_37__content">
          <p xml:space="preserve">
            <span class="italic">просит</span> Генерального секретаря представить Генеральной Ассамблее доклад о работе группы после ее окончания;</p>
        </content>
      </paragraph>
      <paragraph eId="para_38" class="SingleTxt">
        <num>	18.</num>
        <content eId="para_38__content">
          <p xml:space="preserve">
            <span class="italic">подтверждает</span> свое решение рассмотреть вопрос об избыточных запасах обычных боеприпасов всеобъемлющим образом;</p>
        </content>
      </paragraph>
      <paragraph eId="para_39" class="SingleTxt">
        <num>	19.</num>
        <content eId="para_39__content">
          <p xml:space="preserve">
            <span class="italic">постановляет</span> включить в предварительную повестку дня своей семьдесят пятой сессии, в рамках пункта, озаглавленного «Всеобщее и полное разоружение», подпункт, озаглавленный «Проблемы, порождаемые накоплением избыточных запасов обычных боеприпасов».</p>
        </content>
      </paragraph>
    </mainBody>
    <conclusions eId="conclusions">
      <p>
        <inline name="adoptionMeeting" title="46-e">46-e пленарное заседание</inline>
        <eol />
        <docDate date="2019-12-12" refersTo="#adoptionDate">12 декабря 2019 года</docDate>
      </p>
    </conclusions>
  </statement>
</akomaNtoso>