<akomaNtoso xmlns:xsi="http://www.w3.org/2001/XMLSchema-instance" xsi:schemaLocation="http://docs.oasis-open.org/legaldocml/ns/akn/3.0 http://docs.oasis-open.org/legaldocml/akn-core/v1.0/os/part2-specs/schemas/akomantoso30.xsd" xmlns="http://docs.oasis-open.org/legaldocml/ns/akn/3.0" xmlns:html="http://www.w3.org/1999/xhtml" xmlns:akn4un="http://un.org/akn4un">
  <statement name="resolution">
    <meta>
      <identification source="#DGACM">
        <FRBRWork>
          <FRBRthis value="/akn/un/statement/deliberation/unga/2019-11-04/74-6/!main/"></FRBRthis>
          <FRBRuri value="/akn/un/statement/deliberation/unga/2019-11-04/74-6/"></FRBRuri>
          <FRBRdate date="2019-11-04" name="adoption"></FRBRdate>
          <FRBRauthor href="ga" as="author"></FRBRauthor>
          <FRBRcountry value="un"></FRBRcountry>
        </FRBRWork>
        <FRBRExpression>
          <FRBRthis value="/akn/un/statement/deliberation/unga/2019-11-04/74-6/rus@!main/"></FRBRthis>
          <FRBRuri value="/akn/un/statement/deliberation/unga/2019-11-04/74-6/rus@/"></FRBRuri>
          <FRBRdate date="2019-11-12" name="publication"></FRBRdate>
          <FRBRauthor href="ga" as="issuer"></FRBRauthor>
          <FRBRlanguage language="rus"></FRBRlanguage>
        </FRBRExpression>
        <FRBRManifestation>
          <FRBRthis value="/akn/un/statement/deliberation/unga/2019-11-04/74-6/rus@/!main.xml"></FRBRthis>
          <FRBRuri value="/akn/un/statement/deliberation/unga/2019-11-04/74-6/rus@.xml"></FRBRuri>
          <FRBRdate date="2020-08-29" name="markup"></FRBRdate>
          <FRBRauthor href="DGACM" as="editor"></FRBRauthor>
        </FRBRManifestation>
      </identification>
      <classification source="http://metadata.un.org/sdg">
        <keyword value="10" href="http://metadata.un.org/sdg/10" showAs="sdg_10" dictionary="SDGO"></keyword>
        <keyword value="social_inequality" href="http://eurovoc.europa.eu/1420" showAs="social_inequality" dictionary="EuroVoc"></keyword>
        <keyword value="equality" href="http://metadata.un.org/thesaurus/1002102" showAs="equality" dictionary="UNBIS Thesaurus"></keyword>
      </classification>
      <classification source="http://metadata.un.org/sdg">
        <keyword value="16" href="http://metadata.un.org/sdg/16" showAs="sdg_16" dictionary="SDGO"></keyword>
        <keyword value="right_to_justice" href="http://eurovoc.europa.eu/516" showAs="right_to_justice" dictionary="EuroVoc"></keyword>
        <keyword value="sustainable_development" href="http://eurovoc.europa.eu/5585" showAs="sustainable_development" dictionary="EuroVoc"></keyword>
        <keyword value="civil_society" href="http://metadata.un.org/thesaurus/1001012" showAs="civil_society" dictionary="UNBIS Thesaurus"></keyword>
        <keyword value="justice" href="http://metadata.un.org/thesaurus/1003500" showAs="justice" dictionary="UNBIS Thesaurus"></keyword>
        <keyword value="peaceful_coexistence" href="http://metadata.un.org/thesaurus/1004777" showAs="peaceful_coexistence" dictionary="UNBIS Thesaurus"></keyword>
        <keyword value="public_institutions" href="http://metadata.un.org/thesaurus/1005254" showAs="public_institutions" dictionary="UNBIS Thesaurus"></keyword>
        <keyword value="social_justice" href="http://metadata.un.org/thesaurus/1005970" showAs="social_justice" dictionary="UNBIS Thesaurus"></keyword>
        <keyword value="sustainable_development" href="http://metadata.un.org/thesaurus/1006319" showAs="sustainable_development" dictionary="UNBIS Thesaurus"></keyword>
      </classification>
      <workflow source="#un">
        <step date="2019-10-25" outcome="draftResolution" as="A/74/L.8" by="Argentina, Australia, Belgium, Bulgaria, Canada, Central African Republic, Chile, Colombia, Costa Rica, Croatia, Cyprus, Czechia, Denmark, Ecuador, Estonia, Finland, France, Germany, Greece, Guatemala, Iceland, Ireland, Italy, Japan, Luxembourg, Netherlands, New Zealand, Norway, Panama, Paraguay, Peru, Poland, Portugal, Republic of Korea, Romania, Samoa, Senegal, Serbia, Sierra Leone, Slovakia, Slovenia, Spain, Sweden, Switzerland and United Kingdom of Great Britain and Northern Ireland" />
        <step date="0001-01-01" outcome="draftResolutionAdditionalSponsors" by="Albania, Andorra, Austria, Bangladesh, Barbados, Bosnia and Herzegovina, Brazil, El Salvador, Gambia, Georgia, Ghana, Latvia, Liechtenstein, Lithuania, Malta, Mexico, Montenegro, Nigeria, North Macedonia, San Marino, Trinidad and Tobago, Ukraine, Uruguay and Vanuatu" />
        <step date="0001-01-01" outcome="recommendedForAdoption" by="" />
        <step date="2019-11-04" outcome="adopted" as="A/74/PV.26" by="" />
      </workflow>
      <analysis source="#un">
        <parliamentary>
          <voting outcome="adoptedWithoutVote">
            <quorum value=""></quorum>
          </voting>
        </parliamentary>
      </analysis>
      <references source="#DGACM">
        <TLCOrganization eId="source" href="/akn/ontology/organization/un/DGACM" showAs="DGACM"></TLCOrganization>
        <TLCConcept eId="dateOfIssuance" href="/akn/ontology/concept/un/dateOfIssuance" showAs="Date of issuance"></TLCConcept>
        <TLCConcept eId="dateOfAdoption" href="/akn/ontology/concept/un/dateOfAdoption" showAs="Date of adoption"></TLCConcept>
        <TLCConcept eId="symbol" href="/akn/ontology/reference/un/symbol" showAs="Symbol"></TLCConcept>
        <TLCRole eId="publisher" href="/akn/ontology/role/un/publisher" showAs="Publisher"></TLCRole>
        <TLCRole eId="issuingBody" href="/akn/role/concept/un/issuingBody" showAs="Issuing body"></TLCRole>
        <TLCRole eId="author" href="/akn/ontology/role/un/author" showAs="Author"></TLCRole>
        <TLCRole eId="editor" href="/akn/ontology/role/un/editor" showAs="Editor"></TLCRole>
        <TLCRole eId="distribution" href="/akn/ontology/concept/un/generalDistribution" showAs="General distribution"></TLCRole>
        <TLCOrganization eId="ga" href="/akn/ontology/organization/un/generalAssembly" showAs="General Assembly"></TLCOrganization>
        <TLCTerm eId="resolutionTitle" href="/akn/ontology/reference/un/resolutionTitle" showAs="Resolution title"></TLCTerm>
        <TLCTerm eId="noMainCommittee" href="#noMainCommittee" showAs="без передачи в главные комитеты"></TLCTerm>
        <TLCTerm eId="memberState" href="/akn/ontology/organization/un/memberState" showAs="Member State"></TLCTerm>
        <TLCTerm eId="inFavour" href="/akn/ontology/concept/un/voting/inFavour" showAs="In favour"></TLCTerm>
        <TLCTerm eId="against" href="/akn/ontology/concept/un/voting/against" showAs="Against"></TLCTerm>
        <TLCTerm eId="abstaining" href="/akn/ontology/concept/un/voting/abstaining" showAs="Abstaining"></TLCTerm>
      </references>
      <presentation source="#un">
        <akn4un:footerFirstPage>
          <akn4un:footerFirstPageLeft>
            <akn4un:internalCode>
              <docketNumber refersTo="#publicationJobNumber">19-19143 (R)</docketNumber>
              <img alt="bar code" class="barCode" src=""></img>
            </akn4un:internalCode>
          </akn4un:footerFirstPageLeft>
          <akn4un:footerFirstPageRight>
            <img alt="Please recycle" class="image" src="./recylcleLogo.jpg"></img>
            <img alt="embedded QR code" class="qrCode" src=""></img>
          </akn4un:footerFirstPageRight>
        </akn4un:footerFirstPage>
      </presentation>
    </meta>
    <coverPage eId="coverPage_1">
      <p>
        <span refersTo="#publisher" class="upperLeft">
          <docAuthority refersTo="#publisher">Организация Объединенных Наций</docAuthority>
        </span>
      </p>
      <p class="upperRight">
        <docNumber refersTo="#symbol">A/RES/74/6</docNumber>
      </p>
      <p class="upperLeft">
        <img src="logo-un.jpg"></img>
        <docAuthority refersTo="#issuingBody" class="rightBig">Генеральная Ассамблея</docAuthority>
      </p>
      <p>
        <docStatus refersTo="#generalDistribution" class="rightSmall">Distr.: General</docStatus>
      </p>
      <p>
        <docDate date="2019-11-12" class="rightSmall" refersTo="#dateOfIssuance">12 November 2019</docDate>
      </p>
      <p>
        <session refersTo="#generalAssembly" value="74" eId="coverPage_1__session_1">Семьдесят четвертая сессия</session>
      </p>
      <p>
        <inline name="agenda item">Пункт 73 повестки дня</inline>
      </p>
      <p>
        <inline name="agenda item name">Доклад Международного уголовного суда</inline>
      </p>
      <p>
        <docTitle>Резолюция, принятая Генеральной Ассамблеей 4 ноября 2019 года</docTitle>
      </p>
      <p xml:space="preserve">
        <docProponent refersTo="#noMainCommittee">[без передачи в главные комитеты (<inline name="originating document">A/74/L.8 и A/74/L.8/Add.1</inline>)]</docProponent>
      </p>
    </coverPage>
    <preface>
      <p>
        <docNumber>74/6.</docNumber>
        <docTitle refersTo="#resolutionTitle">Доклад Международного уголовного суда</docTitle>
      </p>
    </preface>
    <preamble>
      <formula name="enactingFormula" eId="formula_1">
        <p xml:space="preserve">
          <span class="italic">Генеральная Ассамблея</span>,</p>
      </formula>
      <container name="ссылаясь" eId="container_2">
        <p xml:space="preserve">
          <span class="italic">ссылаясь</span> на свою резолюцию <a href="https://undocs.org/ru/A/RES/73/7">73/7</a> от 29 октября 2019 года и все свои предыдущие резолюции по данному вопросу,</p>
      </container>
      <container name="напоминая " eId="container_3">
        <p xml:space="preserve">
          <span class="italic">напоминая </span>о том, что в Римском статуте Международного уголовного суда<authorialNote marker="1" placement="bottom" eId="authorialNote_1"><p xml:space="preserve">		United Nations, <span class="italic">Treaty Series</span>, vol. 2187, No. 38544.</p></authorialNote> подтверждаются цели и принципы Устава Организации Объединенных Наций,</p>
      </container>
      <container name="признавая" eId="container_4">
        <p xml:space="preserve">
          <span class="italic">признавая</span>, что Международный уголовный суд является независимым постоянным судебным органом и что в этой связи Организация Объединенных Наций и Суд уважают статус и мандаты друг друга,</p>
      </container>
      <container name="подтверждая" eId="container_5">
        <p xml:space="preserve">
          <span class="italic">подтверждая</span> историческое значение принятия Римского статута,</p>
      </container>
      <container name="подчеркивая" eId="container_6">
        <p xml:space="preserve">
          <span class="italic">подчеркивая</span>, что правосудие, особенно правосудие переходного периода в странах, переживающих или переживших конфликт, является основополагающим структурным элементом прочного мира,</p>
      </container>
      <container name="будучи убеждена" eId="container_7">
        <p xml:space="preserve">
          <span class="italic">будучи убеждена</span> в том, что необходимо положить конец безнаказанности для того, чтобы окончательно разобраться с любыми совершенными в прошлом преступлениями и не допускать таких преступлений в будущем,</p>
      </container>
      <container name="признавая" eId="container_8">
        <p xml:space="preserve">
          <span class="italic">признавая</span> тот факт, что Международный уголовный суд добился существенного прогресса в расследовании и судебном разбирательстве различных ситуаций и дел, которые были переданы ему государствами — участниками Римского статута и Советом Безопасности и которые были возбуждены Прокурором Суда proprio motu в соответствии с Римским статутом,</p>
      </container>
      <container name="напоминая" eId="container_9">
        <p xml:space="preserve">
          <span class="italic">напоминая</span>, что для осуществления Международным уголовным судом своей деятельности ему по-прежнему необходимы эффективное и всестороннее сотрудничество и помощь во всех аспектах его мандата со стороны государств, Организации Объединенных Наций и других международных и региональных организаций,</p>
      </container>
      <container name="выражая признательность" eId="container_10">
        <p xml:space="preserve">
          <span class="italic">выражая признательность</span> Генеральному секретарю за оказание действенной и эффективной помощи Международному уголовному суду в соответствии с Соглашением о взаимоотношениях между Организацией Объединенных Наций и Международным уголовным судом<authorialNote marker="2" placement="bottom" eId="authorialNote_2"><p xml:space="preserve"><a href="https://undocs.org/ru/A/58/874">A/58/874</a> и <a href="https://undocs.org/ru/A/58/874/Add.1">A/58/874/Add.1</a>.</p></authorialNote>,</p>
      </container>
      <container name="принимая к сведению" eId="container_11">
        <p xml:space="preserve">
          <span class="italic">принимая к сведению</span> Соглашение о взаимоотношениях, одобренное Генеральной Ассамблеей в ее резолюции <a href="https://undocs.org/ru/A/RES/58/318">58/318</a> от 13 сентября 2004 года, включая пункт 3 этой резолюции, в отношении возмещения в полном объеме расходов, возникающих у Организации Объединенных Наций в результате осуществления Соглашения о взаимоотношениях<authorialNote marker="3" placement="bottom" eId="authorialNote_3"><p xml:space="preserve">		Cтатьи 10 и 13 Соглашения о взаимоотношениях.</p></authorialNote>, которое обеспечивает основу для постоянного сотрудничества между Международным уголовным судом и Организацией Объединенных Наций, что позволяет Организации Объединенных Наций, в частности, содействовать деятельности Суда на местах, и поощряя заключение, по мере необходимости, дополнительных договоренностей и соглашений,</p>
      </container>
      <container name="отмечая" eId="container_12">
        <p xml:space="preserve">
          <span class="italic">отмечая</span> необходимость в финансировании расходов, связанных с расследованиями или судебным преследованием, осуществляемыми Международным уголовным судом, в том числе в связи с ситуациями, переданными Суду Советом Безопасности,</p>
      </container>
      <container name="приветствуя" eId="container_13">
        <p xml:space="preserve">
          <span class="italic">приветствуя</span> неизменную поддержку Международного уголовного суда со стороны гражданского общества,</p>
      </container>
      <container name="подчеркивая" eId="container_14">
        <p xml:space="preserve">
          <span class="italic">подчеркивая</span> то большое значение, которое Римский статут придает правам и потребностям потерпевших, в частности их праву участвовать в судебных разбирательствах и требовать предоставления возмещения, и особо отмечая важность информирования потерпевших и затронутых общин и обеспечения их участия для осуществления мандата Международного уголовного суда в отношении потерпевших,</p>
      </container>
    </preamble>
    <mainBody>
      <paragraph eId="para_15" class="MercuryDocument">
        <num>	1.</num>
        <content eId="para_15__content">
          <p xml:space="preserve">
            <span class="italic">приветствует</span> доклад Международного уголовного суда за 2018/19 год<authorialNote marker="4" placement="bottom" eId="authorialNote_4"><p xml:space="preserve"><a href="https://undocs.org/ru/A/74/324">A/74/324</a>.</p></authorialNote>;</p>
        </content>
      </paragraph>
      <paragraph eId="para_16" class="MercuryDocument">
        <num>	2.</num>
        <content eId="para_16__content">
          <p xml:space="preserve">
            <span class="italic">приветствует также</span> государства, которые стали участниками Римского статута Международного уголовного суда<sup>1</sup>, и призывает все государства во всех регионах мира, которые еще не стали участниками Римского статута, безотлагательно рассмотреть вопрос о его ратификации, принятии, утверждении или присоединении к нему;</p>
        </content>
      </paragraph>
      <paragraph eId="para_17" class="MercuryDocument">
        <num>	3.</num>
        <content eId="para_17__content">
          <p xml:space="preserve">
            <span class="italic">приветствует далее</span> государства-участники, а также не являющиеся участниками Римского статута государства, являющиеся участниками Соглашения о привилегиях и иммунитетах Международного уголовного суда<authorialNote marker="5" placement="bottom" eId="authorialNote_5"><p xml:space="preserve">		United Nations, <span class="italic">Treaty Series</span>, vol. 2271, No. 40446.</p></authorialNote>, и призывает все государства, которые еще не сделали этого, рассмотреть вопрос о том, чтобы стать участниками этого соглашения;</p>
        </content>
      </paragraph>
      <paragraph eId="para_18" class="MercuryDocument">
        <num>	4.</num>
        <content eId="para_18__content">
          <p xml:space="preserve">
            <span class="italic">принимает к сведению</span> недавние ратификацию и принятие поправок, принятых на Конференции по обзору Римского статута Международного уголовного суда, состоявшейся в Кампале 31 мая — 11 июня 2010 года;</p>
        </content>
      </paragraph>
      <paragraph eId="para_19" class="MercuryDocument">
        <num>	5.</num>
        <content eId="para_19__content">
          <p xml:space="preserve">
            <span class="italic">подчеркивает</span>, что, поскольку в соответствии с Римским статутом Международный уголовный суд дополняет национальные органы уголовной юстиции, государствам необходимо в рамках своих национальных правовых систем принимать надлежащие меры в связи с теми преступлениями, в отношении которых они в соответствии с международным правом должны осуществлять свои обязанности по проведению расследований и судебному преследованию;</p>
        </content>
      </paragraph>
      <paragraph eId="para_20" class="MercuryDocument">
        <num>	6.</num>
        <content eId="para_20__content">
          <p xml:space="preserve">
            <span class="italic">рекомендует </span>Организации Объединенных Наций, другим международным и региональным организациям и государствам, а также гражданскому обществу прилагать дальнейшие усилия по оказанию надлежащего содействия государствам по их просьбе в деле укрепления их внутренних возможностей по проведению расследований и судебному преследованию и в этой связи подчеркивает важность национальной ответственности;</p>
        </content>
      </paragraph>
      <paragraph eId="para_21" class="MercuryDocument">
        <num>	7.</num>
        <content eId="para_21__content">
          <p xml:space="preserve">
            <span class="italic">особо подчеркивает </span>важность международного сотрудничества и судебной помощи в эффективном проведении расследований и судебном преследовании;</p>
        </content>
      </paragraph>
      <paragraph eId="para_22" class="MercuryDocument">
        <num>	8.</num>
        <content eId="para_22__content">
          <p xml:space="preserve">
            <span class="italic">признает</span> роль Международного уголовного суда в многосторонней системе, преследующей цель положить конец безнаказанности, содействовать обеспечению верховенства права, стимулировать и поощрять уважение прав человека, обеспечивать прочный мир и способствовать развитию государств в соответствии с международным правом и целями и принципами Устава Организации Объединенных Наций;</p>
        </content>
      </paragraph>
      <paragraph eId="para_23" class="MercuryDocument">
        <num>	9.</num>
        <content eId="para_23__content">
          <p xml:space="preserve">
            <span class="italic">призывает</span> государства — участники Римского статута, которые еще не сделали этого, принять национальное законодательство в целях выполнения обязательств, вытекающих из Римского статута, и сотрудничать с Международным уголовным судом в осуществлении его функций и напоминает о предоставлении государствами-участниками технической помощи в этой области;</p>
        </content>
      </paragraph>
      <paragraph eId="para_24" class="MercuryDocument">
        <num>	10.</num>
        <content eId="para_24__content">
          <p xml:space="preserve">
            <span class="italic">приветствует</span> содействие и помощь, которые на сегодняшний день оказали Международному уголовному суду государства-участники, а также государства, не являющиеся участниками, Организация Объединенных Наций и другие международные и региональные организации, и призывает те государства, которые обязаны оказывать содействие, продолжать оказывать такое содействие и помощь, в частности в отношении ареста и передачи в распоряжение, предоставления доказательств, защиты и переселения потерпевших и свидетелей и исполнения наказаний;</p>
        </content>
      </paragraph>
      <paragraph eId="para_25" class="MercuryDocument">
        <num>	11.</num>
        <content eId="para_25__content">
          <p xml:space="preserve">
            <span class="italic">отмечает</span> усилия Генерального секретаря в деле содействия сотрудничеству между Организацией Объединенных Наций и Международным уголовным судом в соответствии с Соглашением о взаимоотношениях между Организацией Объединенных Наций и Международным уголовным судом<sup>2</sup> и отмечает также в этой связи, что Управление по правовым вопросам Секретариата играет особую роль в Организации Объединенных Наций;</p>
        </content>
      </paragraph>
      <paragraph eId="para_26" class="MercuryDocument">
        <num>	12.</num>
        <content eId="para_26__content">
          <p xml:space="preserve">
            <span class="italic">ссылается</span> на статью 3 Соглашения о взаимоотношениях, согласно которой для содействия эффективному осуществлению своих соответствующих обязанностей Организация Объединенных Наций и Международный уголовный суд, когда это уместно, тесно сотрудничают друг с другом и консультируют друг друга по вопросам, представляющим взаимный интерес, согласно положениям Соглашения о взаимоотношениях и соответствующим положениям Устава и Римского статута, и уважают статус и мандаты друг друга<authorialNote marker="6" placement="bottom" eId="authorialNote_6"><p xml:space="preserve">		Пункт 3 статьи 2 Соглашения о взаимоотношениях.</p></authorialNote>, и просит Генерального секретаря продолжать включать информацию об осуществлении статьи 3 Соглашения о взаимоотношениях в его доклад, который будет представлен Генеральной Ассамблее на ее семьдесят пятой сессии;</p>
        </content>
      </paragraph>
      <paragraph eId="para_27" class="MercuryDocument">
        <num>	13.</num>
        <content eId="para_27__content">
          <p xml:space="preserve">
            <span class="italic">напоминает</span> об издании Генеральным секретарем руководящих указаний относительно контактов с лицами, на имя которых Международным уголовным судом выдан ордер на арест или выписана повестка<authorialNote marker="7" placement="bottom" eId="authorialNote_7"><p xml:space="preserve"><a href="https://undocs.org/ru/A/67/828">A/67/828-S/2013/210</a>, приложение.</p></authorialNote>, и в этой связи принимает к сведению информацию, включенную в доклад Генерального секретаря об осуществлении статьи 3 Соглашения о взаимоотношениях<authorialNote marker="8" placement="bottom" eId="authorialNote_8"><p xml:space="preserve"><a href="https://undocs.org/ru/A/74/325">A/74/325</a>.</p></authorialNote>;</p>
        </content>
      </paragraph>
      <paragraph eId="para_28" class="MercuryDocument">
        <num>	14.</num>
        <content eId="para_28__content">
          <p xml:space="preserve">
            <span class="italic">ссылается</span> на Соглашение о взаимоотношениях и отмечает, что расходы на проведение расследований и судебное преследование, понесенные Международным уголовным судом в связи с ситуациями, переданными ему Советом Безопасности или в ином порядке, должны по‑прежнему покрываться исключительно государствами — участниками Римского статута;</p>
        </content>
      </paragraph>
      <paragraph eId="para_29" class="MercuryDocument">
        <num>	15.</num>
        <content eId="para_29__content">
          <p xml:space="preserve">
            <span class="italic">особо подчеркивает</span> важность сотрудничества с государствами, которые не являются участниками Римского статута;</p>
        </content>
      </paragraph>
      <paragraph eId="para_30" class="MercuryDocument">
        <num>	16.</num>
        <content eId="para_30__content">
          <p xml:space="preserve">
            <span class="italic">предлагает</span> региональным организациям рассмотреть вопрос о заключении с Международным уголовным судом соглашений о сотрудничестве;</p>
        </content>
      </paragraph>
      <paragraph eId="para_31" class="MercuryDocument">
        <num>	17.</num>
        <content eId="para_31__content">
          <p xml:space="preserve">
            <span class="italic">напоминает</span>, что согласно пункту 3 статьи 12 Римского статута, если в соответствии с пунктом 2 статьи 12 Римского статута требуется признание юрисдикции государством, не являющимся участником Римского статута, это государство может посредством заявления, представленного Секретарю Международного уголовного суда, признать осуществление Судом юрисдикции в отношении указанного преступления;</p>
        </content>
      </paragraph>
      <paragraph eId="para_32" class="MercuryDocument">
        <num>	18.</num>
        <content eId="para_32__content">
          <p xml:space="preserve">
            <span class="italic">настоятельно призывает</span> все государства-участники учитывать интересы, потребности в помощи и мандат Международного уголовного суда при обсуждении соответствующих вопросов в Организации Объединенных Наций и предлагает всем другим государствам рассмотреть возможность в соответствующих случаях действовать таким же образом;</p>
        </content>
      </paragraph>
      <paragraph eId="para_33" class="MercuryDocument">
        <num>	19.</num>
        <content eId="para_33__content">
          <p xml:space="preserve">
            <span class="italic">подчеркивает</span> важность полного осуществления всех аспектов Соглашения о взаимоотношениях, которое составляет основу для тесного сотрудничества между двумя организациями и консультаций по вопросам, представляющим взаимный интерес, во исполнение положений Соглашения и согласно соответствующим положениям Устава и Римского статута, а также необходимость того, чтобы Генеральный секретарь продолжал информировать Генеральную Ассамблею на ее семьдесят пятой сессии о расходах, понесенных Организацией Объединенных Наций, и полученном ею возмещении в связи с оказанием помощи Международному уголовному суду;</p>
        </content>
      </paragraph>
      <paragraph eId="para_34" class="MercuryDocument">
        <num>	20.</num>
        <content eId="para_34__content">
          <p xml:space="preserve">
            <span class="italic">рекомендует </span>продолжать диалог между Организацией Объединенных Наций и Международным уголовным судом и в этой связи с удовлетворением отмечает активизацию взаимодействия Совета Безопасности с Судом в различных форматах, включая проведение открытых обсуждений по вопросам, касающимся мира и правосудия и методов работы, с особым упором на роль Суда;</p>
        </content>
      </paragraph>
      <paragraph eId="para_35" class="MercuryDocument">
        <num>	21.</num>
        <content eId="para_35__content">
          <p xml:space="preserve">
            <span class="italic">вновь с удовлетворением отмечает</span> заявление Председателя Совета Безопасности от 12 февраля 2013 года<authorialNote marker="9" placement="bottom" eId="authorialNote_9"><p xml:space="preserve"><a href="https://undocs.org/ru/S/PRST/2013/2">S/PRST/2013/2</a>; см. <span class="italic">Резолюции и решения Совета Безопасности, 1 августа 2012 года — 31 июля 2013 года </span>(<a href="https://undocs.org/ru/S/INF/68">S/INF/68</a>).</p></authorialNote>, в котором Совет еще раз напомнил о важности сотрудничества государств с Международным уголовным судом согласно соответствующим обязательствам государств и выразил намерение внимательно следить за выполнением решений Совета на этот счет;</p>
        </content>
      </paragraph>
      <paragraph eId="para_36" class="MercuryDocument">
        <num>	22.</num>
        <content eId="para_36__content">
          <p xml:space="preserve">
            <span class="italic">выражает признательность</span> отделению связи Международного уголовного суда при Центральных учреждениях Организации Объединенных Наций за проделанную работу и рекомендует Генеральному секретарю продолжать тесно сотрудничать с этим отделением;</p>
        </content>
      </paragraph>
      <paragraph eId="para_37" class="MercuryDocument">
        <num>	23.</num>
        <content eId="para_37__content">
          <p xml:space="preserve">
            <span class="italic">призывает</span> государства вносить взносы в Целевой фонд, учрежденный в интересах жертв преступлений, подпадающих под юрисдикцию Международного уголовного суда, и членов семей таких жертв, и с признательностью принимает к сведению взносы, внесенные на сегодняшний день в этот целевой фонд;</p>
        </content>
      </paragraph>
      <paragraph eId="para_38" class="MercuryDocument">
        <num>	24.</num>
        <content eId="para_38__content">
          <p xml:space="preserve">
            <span class="italic">напоминает</span> о том, что на Конференции по обзору Римского статута, которая была созвана и открыта Генеральным секретарем, государства-участники вновь подтвердили свою приверженность Римскому статуту и его полному осуществлению, а также его универсальности и целостности и что Конференция по обзору провела анализ международного уголовного правосудия, рассмотрев влияние Римского статута на потерпевших и затронутые общины, мир и правосудие, принцип комплементарности и сотрудничество, призвала укрепить систему исполнения наказаний, приняла поправки к Римскому статуту, распространяющие юрисдикцию Суда еще на три военных преступления, когда они совершаются в ходе вооруженных конфликтов немеждународного характера, и приняла поправки к Римскому статуту для определения преступления агрессии и установления условий, при которых Суд может осуществлять юрисдикцию в отношении этого преступления;</p>
        </content>
      </paragraph>
      <paragraph eId="para_39" class="MercuryDocument">
        <num>	25.</num>
        <content eId="para_39__content">
          <p xml:space="preserve">
            <span class="italic">отмечает</span> доклад Генерального секретаря о работе Организации<authorialNote marker="10" placement="bottom" eId="authorialNote_10"><p xml:space="preserve"><span class="italic">Официальные отчеты Генеральной Ассамблеи, семьдесят четвертая сессия, Дополнение № 1</span> (<a href="https://undocs.org/ru/A/74/1">A/74/1</a>).</p></authorialNote>;</p>
        </content>
      </paragraph>
      <paragraph eId="para_40" class="MercuryDocument">
        <num>	26.</num>
        <content eId="para_40__content">
          <p xml:space="preserve">
            <span class="italic">принимает к сведению</span>, что Ассамблея государств — участников Римского статута Международного уголовного суда на своей пятнадцатой сессии приняла решение провести свою восемнадцатую сессию в Гааге, напомнив при этом, что согласно пункту 6 статьи 112 Римского статута ассамблеи государств-участников должны проводиться в месте пребывания Суда или в Центральных учреждениях Организации Объединенных Наций, с интересом ожидает проведения восемнадцатой сессии, которая состоится 2–7 декабря 2019 года, и просит Генерального секретаря предоставить необходимые услуги и помещения в соответствии с Соглашением о взаимоотношениях и резолюцией <a href="https://undocs.org/ru/A/RES/58/318">58/318</a>;</p>
        </content>
      </paragraph>
      <paragraph eId="para_41" class="MercuryDocument">
        <num>	27.</num>
        <content eId="para_41__content">
          <p xml:space="preserve">
            <span class="italic">поощряет</span> как можно более широкое участие государств в Ассамблее государств-участников, предлагает государствам вносить взносы в целевой фонд для участия наименее развитых стран и с признательностью принимает к сведению взносы, внесенные на данный момент в этот целевой фонд;</p>
        </content>
      </paragraph>
      <paragraph eId="para_42" class="MercuryDocument">
        <num>	28.</num>
        <content eId="para_42__content">
          <p xml:space="preserve">
            <span class="italic">просит</span> Международный уголовный суд представить, если он сочтет это целесообразным, в соответствии со статьей 6 Соглашения о взаимоотношениях доклад о его деятельности за 2019/20 год для рассмотрения Генеральной Ассамблеей на ее семьдесят пятой сессии. </p>
        </content>
      </paragraph>
    </mainBody>
    <conclusions eId="conclusions">
      <p>
        <inline name="adoptionMeeting" title="26-e">26-e пленарное заседание</inline>
        <eol />
        <docDate date="2019-11-04" refersTo="#adoptionDate">4 ноября 2019 года</docDate>
      </p>
    </conclusions>
  </statement>
</akomaNtoso>