<akomaNtoso xmlns:xsi="http://www.w3.org/2001/XMLSchema-instance" xsi:schemaLocation="http://docs.oasis-open.org/legaldocml/ns/akn/3.0 http://docs.oasis-open.org/legaldocml/akn-core/v1.0/os/part2-specs/schemas/akomantoso30.xsd" xmlns="http://docs.oasis-open.org/legaldocml/ns/akn/3.0" xmlns:html="http://www.w3.org/1999/xhtml" xmlns:akn4un="http://un.org/akn4un">
  <statement name="resolution">
    <meta>
      <identification source="#DGACM">
        <FRBRWork>
          <FRBRthis value="/akn/un/statement/deliberation/unga/2019-12-12/74-71/!main/"></FRBRthis>
          <FRBRuri value="/akn/un/statement/deliberation/unga/2019-12-12/74-71/"></FRBRuri>
          <FRBRdate date="2019-12-12" name="adoption"></FRBRdate>
          <FRBRauthor href="ga" as="author"></FRBRauthor>
          <FRBRcountry value="un"></FRBRcountry>
        </FRBRWork>
        <FRBRExpression>
          <FRBRthis value="/akn/un/statement/deliberation/unga/2019-12-12/74-71/rus@!main/"></FRBRthis>
          <FRBRuri value="/akn/un/statement/deliberation/unga/2019-12-12/74-71/rus@/"></FRBRuri>
          <FRBRdate date="2019-12-23" name="publication"></FRBRdate>
          <FRBRauthor href="ga" as="issuer"></FRBRauthor>
          <FRBRlanguage language="rus"></FRBRlanguage>
        </FRBRExpression>
        <FRBRManifestation>
          <FRBRthis value="/akn/un/statement/deliberation/unga/2019-12-12/74-71/rus@/!main.xml"></FRBRthis>
          <FRBRuri value="/akn/un/statement/deliberation/unga/2019-12-12/74-71/rus@.xml"></FRBRuri>
          <FRBRdate date="2020-08-29" name="markup"></FRBRdate>
          <FRBRauthor href="DGACM" as="editor"></FRBRauthor>
        </FRBRManifestation>
      </identification>
      <classification source="http://metadata.un.org/sdg">
        <keyword value="5" href="http://metadata.un.org/sdg/5" showAs="sdg_5" dictionary="SDGO"></keyword>
        <keyword value="gender_equality" href="http://eurovoc.europa.eu/3913" showAs="gender_equality" dictionary="EuroVoc"></keyword>
        <keyword value="participation_of_women" href="http://eurovoc.europa.eu/2265" showAs="participation_of_women" dictionary="EuroVoc"></keyword>
        <keyword value="women&amp;#39;s_rights" href="http://eurovoc.europa.eu/585" showAs="women&amp;#39;s_rights" dictionary="EuroVoc"></keyword>
        <keyword value="position_of_women" href="http://eurovoc.europa.eu/81" showAs="position_of_women" dictionary="EuroVoc"></keyword>
        <keyword value="women" href="http://metadata.un.org/thesaurus/1007029" showAs="women" dictionary="UNBIS Thesaurus"></keyword>
        <keyword value="gender_equality" href="http://metadata.un.org/thesaurus/1002612" showAs="gender_equality" dictionary="UNBIS Thesaurus"></keyword>
        <keyword value="girls" href="http://metadata.un.org/thesaurus/1002684" showAs="girls" dictionary="UNBIS Thesaurus"></keyword>
      </classification>
      <classification source="http://metadata.un.org/sdg">
        <keyword value="16" href="http://metadata.un.org/sdg/16" showAs="sdg_16" dictionary="SDGO"></keyword>
        <keyword value="right_to_justice" href="http://eurovoc.europa.eu/516" showAs="right_to_justice" dictionary="EuroVoc"></keyword>
        <keyword value="sustainable_development" href="http://eurovoc.europa.eu/5585" showAs="sustainable_development" dictionary="EuroVoc"></keyword>
        <keyword value="civil_society" href="http://metadata.un.org/thesaurus/1001012" showAs="civil_society" dictionary="UNBIS Thesaurus"></keyword>
        <keyword value="justice" href="http://metadata.un.org/thesaurus/1003500" showAs="justice" dictionary="UNBIS Thesaurus"></keyword>
        <keyword value="peaceful_coexistence" href="http://metadata.un.org/thesaurus/1004777" showAs="peaceful_coexistence" dictionary="UNBIS Thesaurus"></keyword>
        <keyword value="public_institutions" href="http://metadata.un.org/thesaurus/1005254" showAs="public_institutions" dictionary="UNBIS Thesaurus"></keyword>
        <keyword value="social_justice" href="http://metadata.un.org/thesaurus/1005970" showAs="social_justice" dictionary="UNBIS Thesaurus"></keyword>
        <keyword value="sustainable_development" href="http://metadata.un.org/thesaurus/1006319" showAs="sustainable_development" dictionary="UNBIS Thesaurus"></keyword>
      </classification>
      <classification source="http://metadata.un.org/sdg">
        <keyword value="17" href="http://metadata.un.org/sdg/17" showAs="sdg_17" dictionary="SDGO"></keyword>
        <keyword value="sustainable_development" href="http://eurovoc.europa.eu/5585" showAs="sustainable_development" dictionary="EuroVoc"></keyword>
        <keyword value="partnership" href="http://eurovoc.europa.eu/4199" showAs="partnership" dictionary="EuroVoc"></keyword>
        <keyword value="sustainable_development" href="http://metadata.un.org/thesaurus/1006319" showAs="sustainable_development" dictionary="UNBIS Thesaurus"></keyword>
        <keyword value="partnership" href="http://metadata.un.org/thesaurus/1004748" showAs="partnership" dictionary="UNBIS Thesaurus"></keyword>
      </classification>
      <workflow source="#un">
        <step date="2019-10-21" outcome="draftResolution" as="A/C.1/74/L.38" by="Austria, Nigeria (on behalf of the States Members of the United Nations that are members of the Group of African States) and Portugal" />
        <step date="0001-01-01" outcome="draftResolutionAdditionalSponsors" by="Georgia and Germany" />
        <step date="0001-01-01" outcome="recommendedForAdoption" as="A/74/369" by="" refersTo="19" />
        <step date="2019-12-12" outcome="adopted" as="A/74/PV.46" by="" />
      </workflow>
      <analysis source="#un">
        <parliamentary>
          <voting outcome="adoptedWithoutVote">
            <quorum value=""></quorum>
          </voting>
        </parliamentary>
      </analysis>
      <references source="#DGACM">
        <TLCOrganization eId="source" href="/akn/ontology/organization/un/DGACM" showAs="DGACM"></TLCOrganization>
        <TLCConcept eId="dateOfIssuance" href="/akn/ontology/concept/un/dateOfIssuance" showAs="Date of issuance"></TLCConcept>
        <TLCConcept eId="dateOfAdoption" href="/akn/ontology/concept/un/dateOfAdoption" showAs="Date of adoption"></TLCConcept>
        <TLCConcept eId="symbol" href="/akn/ontology/reference/un/symbol" showAs="Symbol"></TLCConcept>
        <TLCRole eId="publisher" href="/akn/ontology/role/un/publisher" showAs="Publisher"></TLCRole>
        <TLCRole eId="issuingBody" href="/akn/role/concept/un/issuingBody" showAs="Issuing body"></TLCRole>
        <TLCRole eId="author" href="/akn/ontology/role/un/author" showAs="Author"></TLCRole>
        <TLCRole eId="editor" href="/akn/ontology/role/un/editor" showAs="Editor"></TLCRole>
        <TLCRole eId="distribution" href="/akn/ontology/concept/un/generalDistribution" showAs="General distribution"></TLCRole>
        <TLCOrganization eId="ga" href="/akn/ontology/organization/un/generalAssembly" showAs="General Assembly"></TLCOrganization>
        <TLCTerm eId="resolutionTitle" href="/akn/ontology/reference/un/resolutionTitle" showAs="Resolution title"></TLCTerm>
        <TLCTerm eId="firstCommittee" href="#firstCommittee" showAs="Первый комитет"></TLCTerm>
        <TLCTerm eId="memberState" href="/akn/ontology/organization/un/memberState" showAs="Member State"></TLCTerm>
        <TLCTerm eId="inFavour" href="/akn/ontology/concept/un/voting/inFavour" showAs="In favour"></TLCTerm>
        <TLCTerm eId="against" href="/akn/ontology/concept/un/voting/against" showAs="Against"></TLCTerm>
        <TLCTerm eId="abstaining" href="/akn/ontology/concept/un/voting/abstaining" showAs="Abstaining"></TLCTerm>
      </references>
      <presentation source="#un">
        <akn4un:footerFirstPage>
          <akn4un:footerFirstPageLeft>
            <akn4un:internalCode>
              <docketNumber refersTo="#publicationJobNumber">19-21872 (R)</docketNumber>
              <img alt="bar code" class="barCode" src=""></img>
            </akn4un:internalCode>
          </akn4un:footerFirstPageLeft>
          <akn4un:footerFirstPageRight>
            <img alt="Please recycle" class="image" src="./recylcleLogo.jpg"></img>
            <img alt="embedded QR code" class="qrCode" src=""></img>
          </akn4un:footerFirstPageRight>
        </akn4un:footerFirstPage>
      </presentation>
    </meta>
    <coverPage eId="coverPage_1">
      <p>
        <span refersTo="#publisher" class="upperLeft">
          <docAuthority refersTo="#publisher">Организация Объединенных Наций</docAuthority>
        </span>
      </p>
      <p class="upperRight">
        <docNumber refersTo="#symbol">A/RES/74/71</docNumber>
      </p>
      <p class="upperLeft">
        <img src="logo-un.jpg"></img>
        <docAuthority refersTo="#issuingBody" class="rightBig">Генеральная Ассамблея</docAuthority>
      </p>
      <p>
        <docStatus refersTo="#generalDistribution" class="rightSmall">Distr.: General</docStatus>
      </p>
      <p>
        <docDate date="2019-12-23" class="rightSmall" refersTo="#dateOfIssuance">23 December 2019</docDate>
      </p>
      <p>
        <session refersTo="#generalAssembly" value="74" eId="coverPage_1__session_1">Семьдесят четвертая сессия</session>
      </p>
      <p>
        <inline name="agenda item">Пункт 99 b) повестки дня</inline>
      </p>
      <p>
        <inline name="agenda item name">Обзор и осуществление Заключительного документа двенадцатой специальной сессии Генеральной Ассамблеи: Региональный центр Организации Объединенных Наций по вопросам мира и разоружения в Африке</inline>
      </p>
      <p>
        <docTitle>Резолюция, принятая Генеральной Ассамблеей 12 декабря 2019 года</docTitle>
      </p>
      <p xml:space="preserve">
        <docProponent refersTo="#firstCommittee">[по докладу Первого комитета (<inline name="originating document">A/74/369</inline>)]</docProponent>
      </p>
    </coverPage>
    <preface>
      <p>
        <docNumber>74/71.</docNumber>
        <docTitle refersTo="#resolutionTitle">Региональный центр Организации Объединенных Наций по вопросам мира и разоружения в Африке</docTitle>
      </p>
    </preface>
    <preamble>
      <formula name="enactingFormula" eId="formula_1">
        <p xml:space="preserve">
          <span class="italic">Генеральная Ассамблея</span>,</p>
      </formula>
      <container name="принимая во внимание " eId="container_2">
        <p xml:space="preserve">
          <span class="italic">принимая во внимание </span>положения пункта 1 статьи 11 Устава Организации Объединенных Наций, предусматривающие, что одна из функций Генеральной Ассамблеи состоит в том, чтобы рассматривать общие принципы сотрудничества в деле поддержания международного мира и безопасности, в том числе принципы, определяющие разоружение и ограничение вооружений,</p>
      </container>
      <container name="ссылаясь" eId="container_3">
        <p xml:space="preserve">
          <span class="italic">ссылаясь</span> на свои резолюции <a href="https://undocs.org/ru/A/RES/40/151">40/151</a> G от 16 декабря 1985 года, <a href="https://undocs.org/ru/A/RES/41/60">41/60</a> D от 3 декабря 1986 года, <a href="https://undocs.org/ru/A/RES/42/39">42/39</a> J от 30 ноября 1987 года и <a href="https://undocs.org/ru/A/RES/43/76">43/76</a> D от 7 декабря 1988 года о Региональном центре Организации Объединенных Наций по вопросам мира и разоружения в Африке и на свои резолюции <a href="https://undocs.org/ru/A/RES/46/36">46/36</a> F от 6 декабря 1991 года и <a href="https://undocs.org/ru/A/RES/47/52">47/52</a> G от 9 декабря 1992 года о региональном разоружении, включая меры укрепления доверия,</p>
      </container>
      <container name="ссылаясь также" eId="container_4">
        <p xml:space="preserve">
          <span class="italic">	ссылаясь также</span> на свои последующие резолюции о Региональном центре, последней из которых является резолюция <a href="https://undocs.org/ru/A/RES/73/75">73/75</a> от 5 декабря 2018 года,</p>
      </container>
      <container name="ссылаясь далее" eId="container_5">
        <p xml:space="preserve">
          <span class="italic">ссылаясь далее</span> на свою резолюцию <a href="https://undocs.org/ru/A/RES/73/46">73/46</a> от 5 декабря 2018 года, в которой она признала роль женщин в разоружении, нераспространении и контроле над вооружениями,</p>
      </container>
      <container name="подтверждая " eId="container_6">
        <p xml:space="preserve">
          <span class="italic">подтверждая </span>роль Регионального центра в содействии разоружению, миру и безопасности на региональном уровне,</p>
      </container>
      <container name="приветствуя" eId="container_7">
        <p xml:space="preserve">
          <span class="italic">приветствуя</span> продолжающееся и расширяющееся сотрудничество между Региональным центром, Африканским союзом и африканскими субрегиональными организациями в контексте принятия Ассамблеей глав государств и правительств Африканского союза Повестки дня на период до 2063 года и, в частности, провозглашения цели «Заставим пушки замолчать» в Африке к 2020 году,</p>
      </container>
      <container name="приветствуя также " eId="container_8">
        <p xml:space="preserve">
          <span class="italic">	приветствуя также </span>работу Регионального центра в поддержку достижения целей в области устойчивого развития<authorialNote marker="1" placement="bottom" eId="authorialNote_1"><p xml:space="preserve">		См. резолюцию <a href="https://undocs.org/ru/A/RES/70/1">70/1</a>.</p></authorialNote>, в частности цели 16, касающейся мира, правосудия и сильных учреждений, и решения задачи 16.4, предусматривающей уменьшение незаконных потоков оружия,</p>
      </container>
      <container name="ссылаясь" eId="container_9">
        <p xml:space="preserve">
          <span class="italic">ссылаясь</span> на принятое Исполнительным советом Африканского союза на его восьмой очередной сессии, состоявшейся 16–21 января 2006 года в Хартуме<authorialNote marker="2" placement="bottom" eId="authorialNote_2"><p xml:space="preserve"><a href="https://undocs.org/ru/A/60/693">A/60/693</a>, приложение II, решение EX.CL/Dec.263 (VIII).</p></authorialNote>, решение, в котором Совет призвал государства-члены вносить добровольные взносы для обеспечения дальнейшей деятельности Регионального центра,</p>
      </container>
      <container name="ссылаясь также" eId="container_10">
        <p xml:space="preserve">
          <span class="italic">ссылаясь также</span> на обращенный к государствам-членам призыв Генерального секретаря продолжать вносить финансовые взносы и взносы натурой, которые позволят Региональному центру выполнять его мандат в полном объеме и более эффективно реагировать на просьбы о помощи, поступающие от африканских государств,</p>
      </container>
    </preamble>
    <mainBody>
      <paragraph eId="para_11" class="SingleTxt">
        <num>	1.</num>
        <content eId="para_11__content">
          <p xml:space="preserve">
            <span class="italic">принимает к сведению</span> доклад Генерального секретаря<authorialNote marker="3" placement="bottom" eId="authorialNote_3"><p xml:space="preserve"><a href="https://undocs.org/ru/A/74/118">A/74/118</a>.</p></authorialNote>;</p>
        </content>
      </paragraph>
      <paragraph eId="para_12" class="SingleTxt">
        <num>	2.</num>
        <content eId="para_12__content">
          <p xml:space="preserve">
            <span class="italic">выражает признательность</span> Региональному центру Организации Объединенных Наций по вопросам мира и разоружения в Африке за то, что он оказывает государствам-членам неустанную поддержку в осуществлении деятельности по разоружению, контролю над вооружениями и нераспространению благодаря семинарам и конференциям, наращиванию потенциала и обучению, выделению специалистов по вопросам политики и технических специалистов и проведению информационно-пропагандистской работы на региональном и национальном уровнях;</p>
        </content>
      </paragraph>
      <paragraph eId="para_13" class="SingleTxt">
        <num>	3.</num>
        <content eId="para_13__content">
          <p xml:space="preserve">
            <span class="italic">с удовлетворением отмечает</span>, что деятельность Регионального центра осуществляется в масштабах всего континента с учетом меняющихся потребностей африканских государств-членов и новых и назревающих проблем региона в областях, связанных с разоружением, миром и безопасностью, включая безопасность на море;</p>
        </content>
      </paragraph>
      <paragraph eId="para_14" class="SingleTxt">
        <num>	4.</num>
        <content eId="para_14__content">
          <p xml:space="preserve">
            <span class="italic">напоминает</span> об обязательстве Регионального центра углубить партнерство с Комиссией Африканского союза в контексте Совместного рамочного документа Организации Объединенных Наций и Африканского союза об укреплении партнерства в области мира и безопасности, подписанного 19 апреля 2017 года, а также с африканскими субрегиональными организациями и просит Генерального секретаря продолжать содействовать тесному сотрудничеству между Региональным центром и Африканским союзом, в частности в областях разоружения, мира и безопасности;</p>
        </content>
      </paragraph>
      <paragraph eId="para_15" class="SingleTxt">
        <num>	5.</num>
        <content eId="para_15__content">
          <p xml:space="preserve">
            <span class="italic">с удовлетворением отмечает </span>вклад Регионального центра в обеспечение разоружения, мира и безопасности на континенте, в частности его вклад в осуществление Повестки дня на период до 2063 года, принятой Ассамблеей глав государств и правительств Африканского союза, достижение цели «Заставим пушки замолчать» и выполнение связанного с ней Генерального плана действий по принятию практических мер, призванных заставить замолчать пушки в Африке к 2020 году, а также оказанную им Африканской комиссии по атомной энергии помощь в осуществлении Договора о зоне, свободной от ядерного оружия, в Африке (Пелиндабский договор)<authorialNote marker="4" placement="bottom" eId="authorialNote_4"><p xml:space="preserve"><a href="https://undocs.org/ru/A/50/426">A/50/426</a>, приложение.</p></authorialNote>;</p>
        </content>
      </paragraph>
      <paragraph eId="para_16" class="SingleTxt">
        <num>	6.</num>
        <content eId="para_16__content">
          <p xml:space="preserve">
            <span class="italic">приветствует</span> усилия Регионального центра по содействию расширению роли и представленности женщин в деятельности по разоружению, нераспространению и контролю над вооружениями;</p>
        </content>
      </paragraph>
      <paragraph eId="para_17" class="SingleTxt">
        <num>	7.</num>
        <content eId="para_17__content">
          <p xml:space="preserve">
            <span class="italic">с удовлетворением отмечает</span> реальные достижения Регионального центра и влияние помощи, оказываемой им африканским государствам в обеспечении контроля за стрелковым оружием и легкими вооружениями путем наращивания потенциала национальных комиссий по стрелковому оружию и легким вооружениям, сил обороны и безопасности и персонала миротворческих миссий Организации Объединенных Наций, а также поддержку, которую Центр оказал государствам в предупреждении перенаправления такого оружия, в частности негосударственным вооруженным группам и террористическим группам<authorialNote marker="5" placement="bottom" eId="authorialNote_5"><p xml:space="preserve">		Резолюция <a href="https://undocs.org/ru/S/RES/2370 (2017)">2370 (2017)</a> Совета Безопасности.</p></authorialNote>, и с удовлетворением отмечает также поддержку, оказанную Центром в осуществлении Центральноафриканской конвенции о контроле за стрелковым оружием и легкими вооружениями, боеприпасами к ним и составными частями и компонентами, которые могут быть использованы для их изготовления, ремонта или сборки (Киншасская конвенция)<authorialNote marker="6" placement="bottom" eId="authorialNote_6"><p xml:space="preserve">		См. <a href="https://undocs.org/ru/A/65/517">A/65/517-S/2010/534</a>, приложение.</p></authorialNote>, которая вступила в силу 8 марта 2017 года, и существенную поддержку, оказанную им Постоянному консультативному комитету Организации Объединенных Наций по вопросам безопасности в Центральной Африке в осуществлении Конвенции Экономического сообщества западноафриканских государств о стрелковом оружии и легких вооружениях, боеприпасах к ним и других связанных с ними элементах и в осуществлении инициатив, связанных с реформированием сектора безопасности, а также поддержку Восточной Африке в осуществлении программ регулирования брокерской деятельности в связи со стрелковым оружием и легкими вооружениями, в том числе дополнительную поддержку, оказанную Центром африканским государствам-членам в осуществлении резолюции <a href="https://undocs.org/ru/S/RES/1540 (2004)">1540 (2004)</a> Совета Безопасности от 28 апреля 2004 года и Конвенции о запрещении разработки, производства и накопления запасов бактериологического (биологического) и токсинного оружия и об их уничтожении<authorialNote marker="7" placement="bottom" eId="authorialNote_7"><p xml:space="preserve">		United Nations, <span class="italic">Treaty Series</span>, vol. 1015, No. 14860.</p></authorialNote>;</p>
        </content>
      </paragraph>
      <paragraph eId="para_18" class="SingleTxt">
        <num>	8.</num>
        <content eId="para_18__content">
          <p xml:space="preserve">
            <span class="italic">выражает признательность </span>Региональному центру за поддержку и помощь, оказанные им африканским государствам, по их просьбе, в отношении Договора о торговле оружием<authorialNote marker="8" placement="bottom" eId="authorialNote_8"><p xml:space="preserve">		См. резолюцию <a href="https://undocs.org/ru/A/RES/67/234 B">67/234</a> B.</p></authorialNote>, в том числе путем организации субрегиональных и региональных семинаров и практикумов;</p>
        </content>
      </paragraph>
      <paragraph eId="para_19" class="SingleTxt">
        <num>	9.</num>
        <content eId="para_19__content">
          <p xml:space="preserve">
            <span class="italic">настоятельно призывает</span> все государства, а также международные правительственные и неправительственные организации и фонды вносить добровольные взносы, чтобы обеспечить Региональному центру возможность осуществлять его программы и мероприятия и удовлетворять потребности африканских государств;</p>
        </content>
      </paragraph>
      <paragraph eId="para_20" class="SingleTxt">
        <num>	10.</num>
        <content eId="para_20__content">
          <p xml:space="preserve">
            <span class="italic">настоятельно призывает</span>, в частности, государства — члены Африканского союза вносить добровольные взносы в Целевой фонд для Регионального центра Организации Объединенных Наций по вопросам мира и разоружения в Африке в соответствии с решением Исполнительного совета Африканского союза, принятым в Хартуме в январе 2006 года<sup>2</sup>;</p>
        </content>
      </paragraph>
      <paragraph eId="para_21" class="SingleTxt">
        <num>	11.</num>
        <content eId="para_21__content">
          <p xml:space="preserve">
            <span class="italic">просит </span>Генерального секретаря продолжать оказывать Региональному центру необходимую поддержку для обеспечения более значительных достижений и результатов;</p>
        </content>
      </paragraph>
      <paragraph eId="para_22" class="SingleTxt">
        <num>	12.</num>
        <content eId="para_22__content">
          <p xml:space="preserve">
            <span class="italic">просит также </span>Генерального секретаря представить Генеральной Ассамблее на ее семьдесят пятой сессии доклад об осуществлении настоящей резолюции;</p>
        </content>
      </paragraph>
      <paragraph eId="para_23" class="SingleTxt">
        <num>	13.</num>
        <content eId="para_23__content">
          <p xml:space="preserve">
            <span class="italic">постановляет</span> включить в предварительную повестку дня своей семьдесят пятой сессии, в рамках пункта, озаглавленного «Обзор и осуществление Заключительного документа двенадцатой специальной сессии Генеральной Ассамблеи», подпункт, озаглавленный «Региональный центр Организации Объединенных Наций по вопросам мира и разоружения в Африке». </p>
        </content>
      </paragraph>
    </mainBody>
    <conclusions eId="conclusions">
      <p>
        <inline name="adoptionMeeting" title="46-e">46-e пленарное заседание</inline>
        <eol />
        <docDate date="2019-12-12" refersTo="#adoptionDate">12 декабря 2019 года</docDate>
      </p>
    </conclusions>
  </statement>
</akomaNtoso>