<akomaNtoso xmlns:xsi="http://www.w3.org/2001/XMLSchema-instance" xsi:schemaLocation="http://docs.oasis-open.org/legaldocml/ns/akn/3.0 http://docs.oasis-open.org/legaldocml/akn-core/v1.0/os/part2-specs/schemas/akomantoso30.xsd" xmlns="http://docs.oasis-open.org/legaldocml/ns/akn/3.0" xmlns:html="http://www.w3.org/1999/xhtml" xmlns:akn4un="http://un.org/akn4un">
  <statement name="resolution">
    <meta>
      <identification source="#DGACM">
        <FRBRWork>
          <FRBRthis value="/akn/un/statement/deliberation/unga/2019-12-13/74-99/!main/"></FRBRthis>
          <FRBRuri value="/akn/un/statement/deliberation/unga/2019-12-13/74-99/"></FRBRuri>
          <FRBRdate date="2019-12-13" name="adoption"></FRBRdate>
          <FRBRauthor href="ga" as="author"></FRBRauthor>
          <FRBRcountry value="un"></FRBRcountry>
        </FRBRWork>
        <FRBRExpression>
          <FRBRthis value="/akn/un/statement/deliberation/unga/2019-12-13/74-99/rus@!main/"></FRBRthis>
          <FRBRuri value="/akn/un/statement/deliberation/unga/2019-12-13/74-99/rus@/"></FRBRuri>
          <FRBRdate date="2019-12-26" name="publication"></FRBRdate>
          <FRBRauthor href="ga" as="issuer"></FRBRauthor>
          <FRBRlanguage language="rus"></FRBRlanguage>
        </FRBRExpression>
        <FRBRManifestation>
          <FRBRthis value="/akn/un/statement/deliberation/unga/2019-12-13/74-99/rus@/!main.xml"></FRBRthis>
          <FRBRuri value="/akn/un/statement/deliberation/unga/2019-12-13/74-99/rus@.xml"></FRBRuri>
          <FRBRdate date="2020-08-29" name="markup"></FRBRdate>
          <FRBRauthor href="DGACM" as="editor"></FRBRauthor>
        </FRBRManifestation>
      </identification>
      <classification source="http://metadata.un.org/sdg">
        <keyword value="6" href="http://metadata.un.org/sdg/6" showAs="sdg_6" dictionary="SDGO"></keyword>
        <keyword value="water" href="http://eurovoc.europa.eu/597" showAs="water" dictionary="EuroVoc"></keyword>
        <keyword value="public_hygiene" href="http://eurovoc.europa.eu/3371" showAs="public_hygiene" dictionary="EuroVoc"></keyword>
        <keyword value="use_of_water" href="http://eurovoc.europa.eu/4628" showAs="use_of_water" dictionary="EuroVoc"></keyword>
        <keyword value="water" href="http://metadata.un.org/thesaurus/030500" showAs="water" dictionary="UNBIS Thesaurus"></keyword>
        <keyword value="sanitation" href="http://metadata.un.org/thesaurus/1005701" showAs="sanitation" dictionary="UNBIS Thesaurus"></keyword>
        <keyword value="water_management" href="http://metadata.un.org/thesaurus/1006948" showAs="water_management" dictionary="UNBIS Thesaurus"></keyword>
      </classification>
      <classification source="http://metadata.un.org/sdg">
        <keyword value="14" href="http://metadata.un.org/sdg/14" showAs="sdg_14" dictionary="SDGO"></keyword>
        <keyword value="marine_life" href="http://eurovoc.europa.eu/3149" showAs="marine_life" dictionary="EuroVoc"></keyword>
        <keyword value="marine_environment" href="http://eurovoc.europa.eu/5742" showAs="marine_environment" dictionary="EuroVoc"></keyword>
        <keyword value="ocean" href="http://eurovoc.europa.eu/2107" showAs="ocean" dictionary="EuroVoc"></keyword>
        <keyword value="sea" href="http://eurovoc.europa.eu/1870" showAs="sea" dictionary="EuroVoc"></keyword>
        <keyword value="marine_resources" href="http://metadata.un.org/thesaurus/030800" showAs="marine_resources" dictionary="UNBIS Thesaurus"></keyword>
        <keyword value="marine_resources" href="http://metadata.un.org/thesaurus/1003922" showAs="marine_resources" dictionary="UNBIS Thesaurus"></keyword>
        <keyword value="oceans_and_seas" href="http://metadata.un.org/thesaurus/170600" showAs="oceans_and_seas" dictionary="UNBIS Thesaurus"></keyword>
      </classification>
      <classification source="http://metadata.un.org/sdg">
        <keyword value="16" href="http://metadata.un.org/sdg/16" showAs="sdg_16" dictionary="SDGO"></keyword>
        <keyword value="right_to_justice" href="http://eurovoc.europa.eu/516" showAs="right_to_justice" dictionary="EuroVoc"></keyword>
        <keyword value="sustainable_development" href="http://eurovoc.europa.eu/5585" showAs="sustainable_development" dictionary="EuroVoc"></keyword>
        <keyword value="civil_society" href="http://metadata.un.org/thesaurus/1001012" showAs="civil_society" dictionary="UNBIS Thesaurus"></keyword>
        <keyword value="justice" href="http://metadata.un.org/thesaurus/1003500" showAs="justice" dictionary="UNBIS Thesaurus"></keyword>
        <keyword value="peaceful_coexistence" href="http://metadata.un.org/thesaurus/1004777" showAs="peaceful_coexistence" dictionary="UNBIS Thesaurus"></keyword>
        <keyword value="public_institutions" href="http://metadata.un.org/thesaurus/1005254" showAs="public_institutions" dictionary="UNBIS Thesaurus"></keyword>
        <keyword value="social_justice" href="http://metadata.un.org/thesaurus/1005970" showAs="social_justice" dictionary="UNBIS Thesaurus"></keyword>
        <keyword value="sustainable_development" href="http://metadata.un.org/thesaurus/1006319" showAs="sustainable_development" dictionary="UNBIS Thesaurus"></keyword>
      </classification>
      <classification source="http://metadata.un.org/sdg">
        <keyword value="17" href="http://metadata.un.org/sdg/17" showAs="sdg_17" dictionary="SDGO"></keyword>
        <keyword value="sustainable_development" href="http://eurovoc.europa.eu/5585" showAs="sustainable_development" dictionary="EuroVoc"></keyword>
        <keyword value="partnership" href="http://eurovoc.europa.eu/4199" showAs="partnership" dictionary="EuroVoc"></keyword>
        <keyword value="sustainable_development" href="http://metadata.un.org/thesaurus/1006319" showAs="sustainable_development" dictionary="UNBIS Thesaurus"></keyword>
        <keyword value="partnership" href="http://metadata.un.org/thesaurus/1004748" showAs="partnership" dictionary="UNBIS Thesaurus"></keyword>
      </classification>
      <workflow source="#un">
        <step date="0001-01-01" outcome="draftResolution" by="submitted by the Special Committee on the Situation with regard to the Implementation of the Declaration on the Granting of Independence to Colonial Countries and Peoples" />
        <step date="0001-01-01" outcome="draftResolutionAdditionalSponsors" by="" />
        <step date="0001-01-01" outcome="recommendedForAdoption" as="A/74/418" by="" refersTo="39" />
        <step date="2019-12-13" outcome="adopted" as="A/74/PV.47" by="" />
      </workflow>
      <analysis source="#un">
        <parliamentary>
          <voting outcome="adoptedWithoutVote">
            <quorum value=""></quorum>
          </voting>
        </parliamentary>
      </analysis>
      <references source="#DGACM">
        <TLCOrganization eId="source" href="/akn/ontology/organization/un/DGACM" showAs="DGACM"></TLCOrganization>
        <TLCConcept eId="dateOfIssuance" href="/akn/ontology/concept/un/dateOfIssuance" showAs="Date of issuance"></TLCConcept>
        <TLCConcept eId="dateOfAdoption" href="/akn/ontology/concept/un/dateOfAdoption" showAs="Date of adoption"></TLCConcept>
        <TLCConcept eId="symbol" href="/akn/ontology/reference/un/symbol" showAs="Symbol"></TLCConcept>
        <TLCRole eId="publisher" href="/akn/ontology/role/un/publisher" showAs="Publisher"></TLCRole>
        <TLCRole eId="issuingBody" href="/akn/role/concept/un/issuingBody" showAs="Issuing body"></TLCRole>
        <TLCRole eId="author" href="/akn/ontology/role/un/author" showAs="Author"></TLCRole>
        <TLCRole eId="editor" href="/akn/ontology/role/un/editor" showAs="Editor"></TLCRole>
        <TLCRole eId="distribution" href="/akn/ontology/concept/un/generalDistribution" showAs="General distribution"></TLCRole>
        <TLCOrganization eId="ga" href="/akn/ontology/organization/un/generalAssembly" showAs="General Assembly"></TLCOrganization>
        <TLCTerm eId="resolutionTitle" href="/akn/ontology/reference/un/resolutionTitle" showAs="Resolution title"></TLCTerm>
        <TLCTerm eId="fourthCommittee" href="#fourthCommittee" showAs="Комитет по специальным политическим вопросам и вопросам деколонизации"></TLCTerm>
        <TLCTerm eId="memberState" href="/akn/ontology/organization/un/memberState" showAs="Member State"></TLCTerm>
        <TLCTerm eId="inFavour" href="/akn/ontology/concept/un/voting/inFavour" showAs="In favour"></TLCTerm>
        <TLCTerm eId="against" href="/akn/ontology/concept/un/voting/against" showAs="Against"></TLCTerm>
        <TLCTerm eId="abstaining" href="/akn/ontology/concept/un/voting/abstaining" showAs="Abstaining"></TLCTerm>
      </references>
      <presentation source="#un">
        <akn4un:footerFirstPage>
          <akn4un:footerFirstPageLeft>
            <akn4un:internalCode>
              <docketNumber refersTo="#publicationJobNumber">19-21914 (R)</docketNumber>
              <img alt="bar code" class="barCode" src=""></img>
            </akn4un:internalCode>
          </akn4un:footerFirstPageLeft>
          <akn4un:footerFirstPageRight>
            <img alt="Please recycle" class="image" src="./recylcleLogo.jpg"></img>
            <img alt="embedded QR code" class="qrCode" src=""></img>
          </akn4un:footerFirstPageRight>
        </akn4un:footerFirstPage>
      </presentation>
    </meta>
    <coverPage eId="coverPage_1">
      <p>
        <span refersTo="#publisher" class="upperLeft">
          <docAuthority refersTo="#publisher">Организация Объединенных Наций</docAuthority>
        </span>
      </p>
      <p class="upperRight">
        <docNumber refersTo="#symbol">A/RES/74/99</docNumber>
      </p>
      <p class="upperLeft">
        <img src="logo-un.jpg"></img>
        <docAuthority refersTo="#issuingBody" class="rightBig">Генеральная Ассамблея</docAuthority>
      </p>
      <p>
        <docStatus refersTo="#generalDistribution" class="rightSmall">Distr.: General</docStatus>
      </p>
      <p>
        <docDate date="2019-12-26" class="rightSmall" refersTo="#dateOfIssuance">26 December 2019</docDate>
      </p>
      <p>
        <session refersTo="#generalAssembly" value="74" eId="coverPage_1__session_1">Семьдесят четвертая сессия</session>
      </p>
      <p>
        <inline name="agenda item">Пункт 59 повестки дня</inline>
      </p>
      <p>
        <inline name="agenda item name">Осуществление Декларации о предоставлении независимости колониальным странам и народам</inline>
      </p>
      <p>
        <docTitle>Резолюция, принятая Генеральной Ассамблеей 13 декабря 2019 года</docTitle>
      </p>
      <p xml:space="preserve">
        <docProponent refersTo="#fourthCommittee">[по докладу Комитета по специальным политическим вопросам и вопросам деколонизации (Четвертый комитет) (<inline name="originating document">A/74/418</inline>)]</docProponent>
      </p>
    </coverPage>
    <preface>
      <p>
        <docNumber>74/99.</docNumber>
        <docTitle refersTo="#resolutionTitle">Вопрос об Ангилье</docTitle>
      </p>
    </preface>
    <preamble>
      <formula name="enactingFormula" eId="formula_1">
        <p xml:space="preserve">
          <span class="italic">Генеральная Ассамблея</span>,</p>
      </formula>
      <container name="рассмотрев" eId="container_2">
        <p xml:space="preserve">
          <span class="italic">	рассмотрев</span> вопрос об Ангилье и изучив соответствующую главу доклада Специального комитета по вопросу о ходе осуществления Декларации о предоставлении независимости колониальным странам и народам за 2019 год<authorialNote marker="1" placement="bottom" eId="authorialNote_1"><p xml:space="preserve"><span class="italic">Официальные отчеты Генеральной Ассамблеи, семьдесят четвертая сессия, Дополнение № 23 </span>(<a href="https://undocs.org/ru/A/74/23">A/74/23</a>), гл. Х.</p></authorialNote>,</p>
      </container>
      <container name="принимая к сведению" eId="container_3">
        <p xml:space="preserve">
          <span class="italic">	принимая к сведению</span> рабочий документ, подготовленный Секретариатом по Ангилье<authorialNote marker="2" placement="bottom" eId="authorialNote_2"><p xml:space="preserve"><a href="https://undocs.org/ru/A/AC.109/2019/2">A/AC.109/2019/2</a>.</p></authorialNote>, и другую соответствующую информацию,</p>
      </container>
      <container name="признавая" eId="container_4">
        <p xml:space="preserve">
          <span class="italic">	признавая</span>, что все имеющиеся варианты самоопределения этой территории являются обоснованными, если они отвечают свободно выраженным пожеланиям народа Ангильи и соответствуют четко определенным принципам, изложенным в резолюциях Генеральной Ассамблеи <a href="https://undocs.org/ru/A/RES/1514 (XV)">1514 (XV)</a> от 14 декабря 1960 года, <a href="https://undocs.org/ru/A/RES/1541 (XV)">1541 (XV)</a> от 15 декабря 1960 года и других ее резолюциях,</p>
      </container>
      <container name="выражая озабоченность" eId="container_5">
        <p xml:space="preserve">
          <span class="italic">	выражая озабоченность</span> по поводу того, что спустя 59 лет после принятия Декларации о предоставлении независимости колониальным странам и народам<authorialNote marker="3" placement="bottom" eId="authorialNote_3"><p xml:space="preserve">		Резолюция <a href="https://undocs.org/ru/A/RES/1514 (XV)">1514 (XV)</a>.</p></authorialNote> все еще остается 17 несамоуправляющихся территорий, включая Ангилью,</p>
      </container>
      <container name="сознавая" eId="container_6">
        <p xml:space="preserve">
          <span class="italic">	сознавая</span> большое значение дальнейшего эффективного осуществления Декларации с учетом поставленной Организацией Объединенных Наций цели искоренения колониализма к 2020 году и планов действий на второе<authorialNote marker="4" placement="bottom" eId="authorialNote_4"><p xml:space="preserve"><a href="https://undocs.org/ru/A/56/61">A/56/61</a>, приложение.</p></authorialNote> и третье международные десятилетия за искоренение колониализма,</p>
      </container>
      <container name="признавая" eId="container_7">
        <p xml:space="preserve">
          <span class="italic">	признавая</span>, что конкретные особенности и чаяния народа Ангильи требуют гибких, практичных и новаторских подходов к вариантам самоопределения, независимо от размера территории, географического местоположения, численности населения или наличия природных ресурсов,</p>
      </container>
      <container name="будучи убеждена" eId="container_8">
        <p xml:space="preserve">
          <span class="italic">	будучи убеждена</span> в том, что пожелания и чаяния народа территории должны и впредь направлять процесс определения его будущего политического статуса и что референдумы, свободные и справедливые выборы и другие формы опроса населения играют важную роль в выяснении пожеланий и чаяний людей,</p>
      </container>
      <container name="будучи озабочена" eId="container_9">
        <p xml:space="preserve">
          <span class="italic">	будучи озабочена</span> использованием и эксплуатацией природных ресурсов несамоуправляющихся территорий управляющими державами ради своей выгоды, использованием этих территорий в качестве международных финансовых центров в ущерб мировой экономике и последствиями любой экономической деятельности управляющих держав, которая идет вразрез с интересами народов территорий, равно как и с резолюцией <a href="http://www.undocs.org/ru/a/res/1514(XV)">1514 (XV)</a>,</p>
      </container>
      <container name="будучи убеждена" eId="container_10">
        <p xml:space="preserve">
          <span class="italic">	будучи убеждена</span> в том, что любые переговоры в целях определения статуса этой территории должны проводиться с активным привлечением и участием ее народа, под эгидой Организации Объединенных Наций и на индивидуализированной основе и что следует выяснять мнения народа Ангильи в отношении его права на самоопределение,</p>
      </container>
      <container name="отмечая" eId="container_11">
        <p xml:space="preserve">
          <span class="italic">	отмечая</span> продолжающееся сотрудничество несамоуправляющихся территорий на местном и региональном уровнях, включая участие в работе региональных организаций,</p>
      </container>
      <container name="памятуя" eId="container_12">
        <p xml:space="preserve">
          <span class="italic">	памятуя</span> о том, что для обеспечения более четкого понимания им политического статуса народа Ангильи и эффективного выполнения своего мандата Специальному комитету важно получать от Соединенного Королевства Великобритании и Северной Ирландии как управляющей державы и из других соответствующих источников, в том числе от представителей этой территории, информацию о пожеланиях и чаяниях народа территории,</p>
      </container>
      <container name="учитывая" eId="container_13">
        <p xml:space="preserve">
          <span class="italic">	учитывая</span> важность участия избираемых и назначаемых представителей Ангильи в работе Специального комитета как для Ангильи, так и для Комитета,</p>
      </container>
      <container name="признавая" eId="container_14">
        <p xml:space="preserve">
          <span class="italic">	признавая</span> стоящую перед Специальным комитетом необходимость обеспечить, чтобы надлежащие органы Организации Объединенных Наций активно проводили кампанию по информированию общественности в целях оказания помощи народу Ангильи в том, что касается его неотъемлемого права на самоопределение и получения более полного представления обо всех вариантах достижения самоопределения, на индивидуализированной основе,</p>
      </container>
      <container name="памятуя" eId="container_15">
        <p xml:space="preserve">
          <span class="italic">	памятуя</span> в этой связи о том, что проведение региональных семинаров в Карибском и Тихоокеанском регионах и в Центральных учреждениях при активном участии представителей несамоуправляющихся территорий является для Специального комитета одним из средств, способствующих выполнению его мандата, и что региональный характер семинаров, которые проводятся поочередно то в Карибском, то в Тихоокеанском регионе, является важнейшим элементом в контексте программы Организации Объединенных Наций, касающейся выяснения политического статуса этих территорий,</p>
      </container>
      <container name="с удовлетворением отмечая" eId="container_16">
        <p xml:space="preserve">
          <span class="italic">	с удовлетворением отмечая</span> состоявшийся 2–4 мая 2019 года в Гранд‑Ансе, Гренада, Карибский региональный семинар по теме «Ход осуществления третьего Международного десятилетия за искоренение колониализма: ускорение процесса деколонизации на основе подтверждения приверженности этой цели и прагматичных мер», который проводился Специальным комитетом и устраивался правительством Гренады, как значимое и ориентированное на будущее мероприятие, позволившее участникам оценить прогресс, достигнутый в процессе деколонизации, обсудить возникающие в его ходе вызовы, провести обзор нынешних методов работы Комитета и подтвердить его приверженность выполнению поставленной перед ним исторической задачи,</p>
      </container>
      <container name="признавая" eId="container_17">
        <p xml:space="preserve">
          <span class="italic">	признавая</span> важность принятых на семинаре выводов и рекомендаций, которые содержатся в приложении к докладу Специального комитета<authorialNote marker="5" placement="bottom" eId="authorialNote_5"><p xml:space="preserve"><span class="italic">Официальные отчеты Генеральной Ассамблеи, семьдесят четвертая сессия, Дополнение № 23</span> (<a href="https://undocs.org/ru/A/74/23">A/74/23</a>).</p></authorialNote> и в которых кратко изложены итоги семинара, касающиеся, в частности, пути достижения прогресса в процессе деколонизации в контексте провозглашения Генеральной Ассамблеей периода 2011–2020 годов третьим Международным десятилетием за искоренение колониализма<authorialNote marker="6" placement="bottom" eId="authorialNote_6"><p xml:space="preserve">		См. резолюцию <a href="https://undocs.org/ru/A/RES/65/119">65/119</a>.</p></authorialNote>,</p>
      </container>
      <container name="с признательностью отмечая" eId="container_18">
        <p xml:space="preserve">
          <span class="italic">	с признательностью отмечая</span> вклад в развитие некоторых территорий, вносимый специализированными учреждениями и другими организациями системы Организации Объединенных Наций, в частности Экономической комиссией для Латинской Америки и Карибского бассейна, Экономической и социальной комиссией для Азии и Тихого океана, Программой развития Организации Объединенных Наций и Всемирной продовольственной программой, а также региональными учреждениями, такими как Карибский банк развития, Карибское сообщество, Организация восточнокарибских государств, Форум тихоокеанских островов и учреждения Совета региональных организаций Тихого океана,</p>
      </container>
      <container name="напоминая" eId="container_19">
        <p xml:space="preserve">
          <span class="italic">	напоминая</span> о том, что первым региональным семинаром, состоявшимся в несамоуправляющейся территории, был проведенный в 2003 году в Ангилье Карибский региональный семинар, который принимало у себя правительство этой территории при содействии управляющей державы,</p>
      </container>
      <container name="с серьезной озабоченностью отмечая" eId="container_20">
        <p xml:space="preserve">
          <span class="italic">	с серьезной озабоченностью отмечая</span>, что в последний раз эта территория участвовала в мероприятиях Специального комитета в 2012 году, когда была выражена обеспокоенность в связи с тем, что народ этой территории не имеет доступа к полному спектру возможных вариантов деколонизации в рамках начавшегося в 2011 году процесса разработки новых положений,</p>
      </container>
      <container name="памятуя" eId="container_21">
        <p xml:space="preserve">
          <span class="italic">	памятуя</span> о состоявшейся после Тихоокеанского регионального семинара 2012 года последующей встрече Председателя Специального Комитета и главного министра Ангильи, который подтвердил настоятельную необходимость проведения выездной миссии,</p>
      </container>
      <container name="отмечая" eId="container_22">
        <p xml:space="preserve">
          <span class="italic">	отмечая</span> принятые в 2011 году решения о создании редакционной группы для разработки новой конституции и ее вынесения на всенародное обсуждение в территории и усилия, предпринятые недавно в этой связи, включая учреждение в сентябре 2015 года нового Комитета по конституционной и избирательной реформе, призванного добиться продвижения в этой реформе, проекты предложений по избирательной и конституционной реформе, представленные Комитетом в виде проекта конституции в ноябре 2016 года, а также пересмотренный проект конституции, изданный в марте 2017 года и представленный Исполнительному совету в мае 2017 года, и будучи осведомлена о предложениях о внесении поправок в конституцию Ангильи, которые правительство территории направило управляющей державе,</p>
      </container>
      <container name="отмечая также" eId="container_23">
        <p xml:space="preserve">
          <span class="italic">	отмечая также</span> членство территории в Совете карибских заморских стран и территорий и ее ассоциированное членство в Карибском сообществе, Организации восточнокарибских государств и Экономической комиссии для Латинской Америки и Карибского бассейна,</p>
      </container>
      <container name="выражая озабоченность " eId="container_24">
        <p xml:space="preserve">
          <span class="italic">	выражая озабоченность </span>относительно разрушительных последствий урагана «Ирма» и урагана «Мария» для этой территории и причиненного ими ущерба в 2017 году,</p>
      </container>
      <container name="подчеркивая " eId="container_25">
        <p xml:space="preserve">
          <span class="italic">	подчеркивая </span>важное значение региональных связей для развития любой малой островной территории,</p>
      </container>
      <container name="напоминая" eId="container_26">
        <p xml:space="preserve">
          <span class="italic">напоминая</span> о всеобщих выборах, состоявшихся в апреле 2015 года<authorialNote marker="7" placement="bottom" eId="authorialNote_7"><p xml:space="preserve">		См. <a href="https://undocs.org/ru/A/AC.109/2016/2">A/AC.109/2016/2</a>, п. 3.</p></authorialNote>,</p>
      </container>
    </preamble>
    <mainBody>
      <paragraph eId="para_27" class="MercuryDocument">
        <num>	1.</num>
        <content eId="para_27__content">
          <p xml:space="preserve">
            <span class="italic">вновь подтверждает</span> неотъемлемое право народа Ангильи на самоопределение в соответствии с Уставом Организации Объединенных Наций и резолюцией <a href="https://undocs.org/ru/A/RES/1514 (XV)">1514 (XV)</a> Генеральной Ассамблеи, в которой содержится Декларация о предоставлении независимости колониальным странам и народам;</p>
        </content>
      </paragraph>
      <paragraph eId="para_28" class="MercuryDocument">
        <num>	2.</num>
        <content eId="para_28__content">
          <p xml:space="preserve">
            <span class="italic">вновь подтверждает также</span>, что в процессе деколонизации Ангильи нет альтернативы принципу самоопределения, которое является также одним из основных прав человека, признанным в соответствующих конвенциях по правам человека;</p>
        </content>
      </paragraph>
      <paragraph eId="para_29" class="MercuryDocument">
        <num>	3.</num>
        <content eId="para_29__content">
          <p xml:space="preserve">
            <span class="italic">вновь подтверждает далее</span>, что в конечном счете самому народу Ангильи предстоит свободно определить свой будущий политический статус согласно соответствующим положениям Устава, Декларации и соответствующих резолюций Генеральной Ассамблеи, и в этой связи призывает, чтобы управляющая держава в сотрудничестве с правительством территории и надлежащими органами системы Организации Объединенных Наций разрабатывала для территории программы политического просвещения в целях обеспечения более широкого осознания населением своего права на самоопределение с использованием законных путей обретения политического статуса, основанных на принципах, которые четко определены в резолюции <a href="https://undocs.org/ru/A/RES/1541 (XV)">1541 (XV)</a> Ассамблеи и других соответствующих резолюциях и решениях;</p>
        </content>
      </paragraph>
      <paragraph eId="para_30" class="MercuryDocument">
        <num>	4.</num>
        <content eId="para_30__content">
          <p xml:space="preserve">
            <span class="italic">приветствует</span> меры, принятые для подготовки к принятию новой конституции, и настоятельно призывает как можно скорее завершить обсуждение конституции с управляющей державой, включая ее всенародное обсуждение;</p>
        </content>
      </paragraph>
      <paragraph eId="para_31" class="MercuryDocument">
        <num>	5.</num>
        <content eId="para_31__content">
          <p xml:space="preserve">
            <span class="italic">просит</span> управляющую державу оказать содействие территории в ее нынешних усилиях по продвижению вперед работы по внутреннему обзору конституции, при поступлении соответствующей просьбы;</p>
        </content>
      </paragraph>
      <paragraph eId="para_32" class="MercuryDocument">
        <num>	6.</num>
        <content eId="para_32__content">
          <p xml:space="preserve">
            <span class="italic">подчеркивает</span> важность ранее выраженного желания правительства территории принять выездную миссию Специального комитета по вопросу о ходе осуществления Декларации о предоставлении независимости колониальным странам и народам, призывает управляющую державу содействовать прибытию такой миссии, если правительство территории того пожелает, и просит Председателя Специального комитета предпринять все необходимые шаги с этой целью;</p>
        </content>
      </paragraph>
      <paragraph eId="para_33" class="MercuryDocument">
        <num>	7.</num>
        <content eId="para_33__content">
          <p xml:space="preserve">
            <span class="italic">просит</span>, чтобы сообразно статье 73 <span class="italic">b</span> Устава управляющая держава помогала территории, способствуя проведению ею разъяснительной работы с общественностью, и в этой связи призывает соответствующие организации системы Организации Объединенных Наций оказывать территории помощь при поступлении соответствующей просьбы;</p>
        </content>
      </paragraph>
      <paragraph eId="para_34" class="MercuryDocument">
        <num>	8.</num>
        <content eId="para_34__content">
          <p xml:space="preserve">
            <span class="italic">призывает</span> управляющую державу оказывать правительству территории помощь в укреплении его обязательств в экономической сфере, включая бюджетные вопросы, при региональной поддержке, если это будет сочтено необходимым и целесообразным;</p>
        </content>
      </paragraph>
      <paragraph eId="para_35" class="MercuryDocument">
        <num>	9.</num>
        <content eId="para_35__content">
          <p xml:space="preserve">
            <span class="italic">приветствует</span> активное участие территории в работе Экономической комиссии для Латинской Америки и Карибского бассейна;</p>
        </content>
      </paragraph>
      <paragraph eId="para_36" class="MercuryDocument">
        <num>	10.</num>
        <content eId="para_36__content">
          <p xml:space="preserve">
            <span class="italic">подчеркивает</span>, что территории необходимо продолжать участвовать в деятельности Специального комитета, в том числе в региональных семинарах, в целях представления Комитету обновленной информации о процессе деколонизации;</p>
        </content>
      </paragraph>
      <paragraph eId="para_37" class="MercuryDocument">
        <num>	11.</num>
        <content eId="para_37__content">
          <p xml:space="preserve">
            <span class="italic">подчеркивает также</span> важность информирования Специального комитета о мнениях и пожеланиях народа Ангильи и обеспечения более четкого понимания Комитетом положения этого народа, включая характер и масштабы существующих политических и конституционных договоренностей между Ангильей и управляющей державой;</p>
        </content>
      </paragraph>
      <paragraph eId="para_38" class="MercuryDocument">
        <num>	12.</num>
        <content eId="para_38__content">
          <p xml:space="preserve">
            <span class="italic">призывает</span> управляющую державу принимать участие в работе Специального комитета и в полной мере сотрудничать с ним в целях осуществления положений статьи 73 <span class="italic">e</span> Устава и Декларации, а также информирования Специального комитета об осуществлении положений статьи 73 <span class="italic">b</span> Устава об усилиях по содействию развитию самоуправления в Ангилье и призывает управляющую державу оказывать содействие выездным и специальным миссиям в эту территорию;</p>
        </content>
      </paragraph>
      <paragraph eId="para_39" class="MercuryDocument">
        <num>	13.</num>
        <content eId="para_39__content">
          <p xml:space="preserve">
            <span class="italic">вновь подтверждает</span> вытекающую из Устава ответственность управляющей державы за содействие социально-экономическому развитию и сохранение культурной самобытности территории и просит управляющую державу принять меры для привлечения и эффективного использования всей возможной помощи как на двусторонней, так и на многосторонней основе в целях укрепления экономики территории;</p>
        </content>
      </paragraph>
      <paragraph eId="para_40" class="MercuryDocument">
        <num>	14.</num>
        <content eId="para_40__content">
          <p xml:space="preserve">
            <span class="italic">принимает во внимание</span> Повестку дня в области устойчивого развития на период до 2030 года<authorialNote marker="8" placement="bottom" eId="authorialNote_8"><p xml:space="preserve">		Резолюция <a href="https://undocs.org/ru/A/RES/70/1">70/1</a>.</p></authorialNote>, включая цели в области устойчивого развития, подчеркивает важность обеспечения устойчивого социально-экономического развития территории путем стимулирования поступательного, всеохватного и справедливого экономического роста, создания более широких возможностей для всех, уменьшения неравенства, повышения базовых стандартов жизни, поощрения справедливого социального развития и интеграции и пропаганды комплексных и устойчивых методов управления природными ресурсами и экосистемами, которые согласуются, в частности, с целями экономического, социального и человеческого развития и одновременно способствуют сохранению экосистем, их регенерации и восстановлению и повышению их устойчивости перед лицом новых и будущих вызовов, и настоятельно призывает управляющую державу воздерживаться от проведения всякого рода незаконной, вредной и непродуктивной деятельности, которая не согласуется с интересами народа территории, в том числе от использования территории в качестве международного финансового центра;</p>
        </content>
      </paragraph>
      <paragraph eId="para_41" class="MercuryDocument">
        <num>	15.</num>
        <content eId="para_41__content">
          <p xml:space="preserve">
            <span class="italic">просит</span> территорию и управляющую державу принимать все необходимые меры для защиты и охраны окружающей среды территории от любой деградации и вновь просит соответствующие специализированные учреждения продолжать наблюдать за экологической обстановкой в территории и оказывать территории помощь согласно действующим у них правилам процедуры;</p>
        </content>
      </paragraph>
      <paragraph eId="para_42" class="MercuryDocument">
        <num>	16.</num>
        <content eId="para_42__content">
          <p xml:space="preserve">
            <span class="italic">призывает </span>управляющую державу, специализированные учреждения и другие организации системы Организации Объединенных Наций и региональные организации предоставлять всю необходимую помощь территории, поддерживать усилия по восстановлению и реконструкции и укреплять потенциал в плане обеспечения готовности к чрезвычайным ситуациям и снижения риска, особенно в связи с последствиями обрушившихся на территорию в 2017 году ураганов «Ирма» и «Мария»;</p>
        </content>
      </paragraph>
      <paragraph eId="para_43" class="MercuryDocument">
        <num>	17.</num>
        <content eId="para_43__content">
          <p xml:space="preserve">
            <span class="italic">просит</span> Специальный комитет продолжить изучение вопроса об Ангилье и представить Генеральной Ассамблее на ее семьдесят пятой сессии доклад по этому вопросу и об осуществлении настоящей резолюции.</p>
        </content>
      </paragraph>
    </mainBody>
    <conclusions eId="conclusions">
      <p>
        <inline name="adoptionMeeting" title="47-e">47-e пленарное заседание</inline>
        <eol />
        <docDate date="2019-12-13" refersTo="#adoptionDate">13 декабря 2019 года</docDate>
      </p>
    </conclusions>
  </statement>
</akomaNtoso>