<akomaNtoso xmlns:xsi="http://www.w3.org/2001/XMLSchema-instance" xsi:schemaLocation="http://docs.oasis-open.org/legaldocml/ns/akn/3.0 http://docs.oasis-open.org/legaldocml/akn-core/v1.0/os/part2-specs/schemas/akomantoso30.xsd" xmlns="http://docs.oasis-open.org/legaldocml/ns/akn/3.0" xmlns:html="http://www.w3.org/1999/xhtml" xmlns:akn4un="http://un.org/akn4un">
  <statement name="resolution">
    <meta>
      <identification source="#DGACM">
        <FRBRWork>
          <FRBRthis value="/akn/un/statement/deliberation/unga/2019-12-16/74-117/!main/"></FRBRthis>
          <FRBRuri value="/akn/un/statement/deliberation/unga/2019-12-16/74-117/"></FRBRuri>
          <FRBRdate date="2019-12-16" name="adoption"></FRBRdate>
          <FRBRauthor href="ga" as="author"></FRBRauthor>
          <FRBRcountry value="un"></FRBRcountry>
        </FRBRWork>
        <FRBRExpression>
          <FRBRthis value="/akn/un/statement/deliberation/unga/2019-12-16/74-117/eng@!main/"></FRBRthis>
          <FRBRuri value="/akn/un/statement/deliberation/unga/2019-12-16/74-117/eng@/"></FRBRuri>
          <FRBRdate date="2020-01-16" name="publication"></FRBRdate>
          <FRBRauthor href="ga" as="issuer"></FRBRauthor>
          <FRBRlanguage language="eng"></FRBRlanguage>
        </FRBRExpression>
        <FRBRManifestation>
          <FRBRthis value="/akn/un/statement/deliberation/unga/2019-12-16/74-117/eng@/!main.xml"></FRBRthis>
          <FRBRuri value="/akn/un/statement/deliberation/unga/2019-12-16/74-117/eng@.xml"></FRBRuri>
          <FRBRdate date="2020-07-28" name="markup"></FRBRdate>
          <FRBRauthor href="DGACM" as="editor"></FRBRauthor>
        </FRBRManifestation>
      </identification>
      <classification source="http://metadata.un.org/sdg">
        <keyword value="17" href="http://metadata.un.org/sdg/17" showAs="sdg_17" dictionary="SDGO"></keyword>
        <keyword value="sustainable_development" href="http://eurovoc.europa.eu/5585" showAs="sustainable_development" dictionary="EuroVoc"></keyword>
        <keyword value="partnership" href="http://eurovoc.europa.eu/4199" showAs="partnership" dictionary="EuroVoc"></keyword>
        <keyword value="sustainable_development" href="http://metadata.un.org/thesaurus/1006319" showAs="sustainable_development" dictionary="UNBIS Thesaurus"></keyword>
        <keyword value="partnership" href="http://metadata.un.org/thesaurus/1004748" showAs="partnership" dictionary="UNBIS Thesaurus"></keyword>
      </classification>
      <classification source="http://metadata.un.org/sdg">
        <keyword value="16" href="http://metadata.un.org/sdg/16" showAs="sdg_16" dictionary="SDGO"></keyword>
        <keyword value="right_to_justice" href="http://eurovoc.europa.eu/516" showAs="right_to_justice" dictionary="EuroVoc"></keyword>
        <keyword value="sustainable_development" href="http://eurovoc.europa.eu/5585" showAs="sustainable_development" dictionary="EuroVoc"></keyword>
        <keyword value="civil_society" href="http://metadata.un.org/thesaurus/1001012" showAs="civil_society" dictionary="UNBIS Thesaurus"></keyword>
        <keyword value="justice" href="http://metadata.un.org/thesaurus/1003500" showAs="justice" dictionary="UNBIS Thesaurus"></keyword>
        <keyword value="peaceful_coexistence" href="http://metadata.un.org/thesaurus/1004777" showAs="peaceful_coexistence" dictionary="UNBIS Thesaurus"></keyword>
        <keyword value="public_institutions" href="http://metadata.un.org/thesaurus/1005254" showAs="public_institutions" dictionary="UNBIS Thesaurus"></keyword>
        <keyword value="social_justice" href="http://metadata.un.org/thesaurus/1005970" showAs="social_justice" dictionary="UNBIS Thesaurus"></keyword>
        <keyword value="sustainable_development" href="http://metadata.un.org/thesaurus/1006319" showAs="sustainable_development" dictionary="UNBIS Thesaurus"></keyword>
      </classification>
      <classification source="http://metadata.un.org/sdg">
        <keyword value="5" href="http://metadata.un.org/sdg/5" showAs="sdg_5" dictionary="SDGO"></keyword>
        <keyword value="gender_equality" href="http://eurovoc.europa.eu/3913" showAs="gender_equality" dictionary="EuroVoc"></keyword>
        <keyword value="participation_of_women" href="http://eurovoc.europa.eu/2265" showAs="participation_of_women" dictionary="EuroVoc"></keyword>
        <keyword value="women&amp;#39;s_rights" href="http://eurovoc.europa.eu/585" showAs="women&amp;#39;s_rights" dictionary="EuroVoc"></keyword>
        <keyword value="position_of_women" href="http://eurovoc.europa.eu/81" showAs="position_of_women" dictionary="EuroVoc"></keyword>
        <keyword value="women" href="http://metadata.un.org/thesaurus/1007029" showAs="women" dictionary="UNBIS Thesaurus"></keyword>
        <keyword value="gender_equality" href="http://metadata.un.org/thesaurus/1002612" showAs="gender_equality" dictionary="UNBIS Thesaurus"></keyword>
        <keyword value="girls" href="http://metadata.un.org/thesaurus/1002684" showAs="girls" dictionary="UNBIS Thesaurus"></keyword>
      </classification>
      <classification source="http://metadata.un.org/sdg">
        <keyword value="3" href="http://metadata.un.org/sdg/3" showAs="sdg_3" dictionary="SDGO"></keyword>
        <keyword value="public_health" href="http://eurovoc.europa.eu/3885" showAs="public_health" dictionary="EuroVoc"></keyword>
        <keyword value="health" href="http://metadata.un.org/thesaurus/1002824" showAs="health" dictionary="UNBIS Thesaurus"></keyword>
      </classification>
      <workflow source="#un">
        <step date="2019-12-09" outcome="draftResolution" as="A/74/L.33" by="Albania, Austria, Belgium, Bosnia and Herzegovina, Bulgaria, Croatia, Cyprus, Czechia, Denmark, Estonia, Finland, France, Germany, Greece, Guinea, Hungary, Ireland, Italy, Latvia, Lebanon, Liechtenstein, Lithuania, Luxembourg, Malta, Montenegro, Netherlands, New Zealand, Poland, Portugal, Romania, Slovakia, Slovenia, Spain, Sweden, Switzerland and United Kingdom of Great Britain and Northern Ireland" />
        <step date="0001-01-01" outcome="draftResolutionAdditionalSponsors" by="Andorra, Bolivia (Plurinational State of), Djibouti, Gambia, Georgia, Japan, Monaco, North Macedonia, Norway, Republic of Korea, San Marino, Serbia, Sudan and Zimbabwe. - Lebanon was removed from the list of sponsors of the draft resolution" />
        <step date="0001-01-01" outcome="recommendedForAdoption" by="" />
        <step date="2019-12-16" outcome="adopted" as="A/74/PV.49" by="" />
      </workflow>
      <analysis source="#un">
        <parliamentary>
          <voting outcome="adoptedWithoutVote">
            <quorum value=""></quorum>
          </voting>
        </parliamentary>
      </analysis>
      <references source="#DGACM">
        <TLCOrganization eId="source" href="/akn/ontology/organization/un/DGACM" showAs="DGACM"></TLCOrganization>
        <TLCConcept eId="dateOfIssuance" href="/akn/ontology/concept/un/dateOfIssuance" showAs="Date of issuance"></TLCConcept>
        <TLCConcept eId="dateOfAdoption" href="/akn/ontology/concept/un/dateOfAdoption" showAs="Date of adoption"></TLCConcept>
        <TLCConcept eId="symbol" href="/akn/ontology/reference/un/symbol" showAs="Symbol"></TLCConcept>
        <TLCRole eId="publisher" href="/akn/ontology/role/un/publisher" showAs="Publisher"></TLCRole>
        <TLCRole eId="issuingBody" href="/akn/role/concept/un/issuingBody" showAs="Issuing body"></TLCRole>
        <TLCRole eId="author" href="/akn/ontology/role/un/author" showAs="Author"></TLCRole>
        <TLCRole eId="editor" href="/akn/ontology/role/un/editor" showAs="Editor"></TLCRole>
        <TLCRole eId="distribution" href="/akn/ontology/concept/un/generalDistribution" showAs="General distribution"></TLCRole>
        <TLCOrganization eId="ga" href="/akn/ontology/organization/un/generalAssembly" showAs="General Assembly"></TLCOrganization>
        <TLCTerm eId="resolutionTitle" href="/akn/ontology/reference/un/resolutionTitle" showAs="Resolution title"></TLCTerm>
        <TLCTerm eId="noMainCommittee" href="#noMainCommittee" showAs="Without reference to a main committee"></TLCTerm>
        <TLCTerm eId="memberState" href="/akn/ontology/organization/un/memberState" showAs="Member State"></TLCTerm>
        <TLCTerm eId="inFavour" href="/akn/ontology/concept/un/voting/inFavour" showAs="In favour"></TLCTerm>
        <TLCTerm eId="against" href="/akn/ontology/concept/un/voting/against" showAs="Against"></TLCTerm>
        <TLCTerm eId="abstaining" href="/akn/ontology/concept/un/voting/abstaining" showAs="Abstaining"></TLCTerm>
      </references>
      <presentation source="#un">
        <akn4un:footerFirstPage>
          <akn4un:footerFirstPageLeft>
            <akn4un:internalCode>
              <docketNumber refersTo="#publicationJobNumber">19-22034 (E)</docketNumber>
              <img alt="bar code" class="barCode" src=""></img>
            </akn4un:internalCode>
          </akn4un:footerFirstPageLeft>
          <akn4un:footerFirstPageRight>
            <img alt="Please recycle" class="image" src="./recylcleLogo.jpg"></img>
            <img alt="embedded QR code" class="qrCode" src=""></img>
          </akn4un:footerFirstPageRight>
        </akn4un:footerFirstPage>
      </presentation>
    </meta>
    <coverPage eId="coverPage_1">
      <p>
        <span refersTo="#publisher" class="upperLeft">
          <docAuthority refersTo="#publisher">United Nations</docAuthority>
        </span>
      </p>
      <p class="upperRight">
        <docNumber refersTo="#symbol">A/RES/74/117</docNumber>
      </p>
      <p class="upperLeft">
        <img src="logo-un.jpg"></img>
        <docAuthority refersTo="#issuingBody" class="rightBig">General Assembly</docAuthority>
      </p>
      <p>
        <docStatus refersTo="#generalDistribution" class="rightSmall">Distr.: General</docStatus>
      </p>
      <p>
        <docDate date="2020-01-16" class="rightSmall" refersTo="#dateOfIssuance">16 January 2020</docDate>
      </p>
      <p>
        <session refersTo="#generalAssembly" value="74" eId="coverPage_1__session_1">Seventy-fourth session</session>
      </p>
      <p>
        <inline name="agenda item">Agenda item 71 (b)</inline>
      </p>
      <p>
        <inline name="agenda item name">Strengthening of the coordination of humanitarian and disaster relief assistance of the United Nations, including special economic assistance: assistance to the Palestinian people</inline>
      </p>
      <p>
        <docTitle>Resolution adopted by the General Assembly on 16 December 2019</docTitle>
      </p>
      <p xml:space="preserve">
        <docProponent refersTo="#noMainCommittee">[without reference to a Main Committee (<inline name="originating document">A/74/L.33 and A/74/L.33/Add.1</inline>)]</docProponent>
      </p>
    </coverPage>
    <preface>
      <p>
        <docNumber>74/117.</docNumber>
        <docTitle refersTo="#resolutionTitle">Assistance to the Palestinian people</docTitle>
      </p>
    </preface>
    <preamble>
      <formula name="enactingFormula" eId="formula_1">
        <p xml:space="preserve">
          <span class="italic">The General Assembly</span>,</p>
      </formula>
      <container name="Recalling" eId="container_2">
        <p xml:space="preserve">
          <span class="italic">Recalling</span> its resolution <a href="https://undocs.org/en/A/RES/73/256">73/256</a> of 20 December 2018, as well as its previous resolutions on the question,</p>
      </container>
      <container name="Recalling also" eId="container_3">
        <p xml:space="preserve">
          <span class="italic">Recalling also</span> the signing of the Declaration of Principles on Interim Self‑Government Arrangements in Washington, D.C., on 13 September 1993, by the Government of the State of Israel and the Palestine Liberation Organization, the representative of the Palestinian people,<authorialNote marker="1" placement="bottom" eId="authorialNote_1"><p xml:space="preserve"><a href="https://undocs.org/en/A/48/486">A/48/486-S/26560</a>, annex.</p></authorialNote> and the subsequent implementation agreements concluded by the two sides, </p>
      </container>
      <container name="Recalling further" eId="container_4">
        <p xml:space="preserve">
          <span class="italic">Recalling further</span> all relevant international law, including humanitarian and human rights law, and, in particular, the International Covenant on Civil and Political Rights,<authorialNote marker="2" placement="bottom" eId="authorialNote_2"><p xml:space="preserve">	 	See resolution <a href="https://undocs.org//en/A/RES/2200 (XXI)">2200 A (XXI)</a>, annex.</p></authorialNote> the International Covenant on Economic, Social and Cultural Rights,<sup>2</sup> the Convention on the Rights of the Child<authorialNote marker="3" placement="bottom" eId="authorialNote_3"><p xml:space="preserve">	 	United Nations, <span class="italic">Treaty Series</span>, vol. 1577, No. 27531.</p></authorialNote> and the Convention on the Elimination of All Forms of Discrimination against Women,<authorialNote marker="4" placement="bottom" eId="authorialNote_4"><p xml:space="preserve">	 	Ibid., vol. 1249, No. 20378.</p></authorialNote></p>
      </container>
      <container name="Gravely concerned" eId="container_5">
        <p xml:space="preserve">
          <span class="italic">Gravely concerned</span> at the difficult living conditions and humanitarian situation affecting the Palestinian people, in particular women and children, throughout the occupied Palestinian territory, particularly in the Gaza Strip where economic recovery and vast infrastructure repair, rehabilitation and development are urgently needed, especially in the aftermath of the conflict of July and August 2014, </p>
      </container>
      <container name="Conscious" eId="container_6">
        <p xml:space="preserve">
          <span class="italic">Conscious</span> of the urgent need for improvement in the economic and social infrastructure of the occupied territory, </p>
      </container>
      <container name="Welcoming" eId="container_7">
        <p xml:space="preserve">
          <span class="italic">Welcoming</span>, in this context, the development of projects, notably on infrastructure, to revive the Palestinian economy and improve the living conditions of the Palestinian people, stressing the need to create the appropriate conditions to facilitate the implementation of these projects, and noting the contribution of partners in the region and of the international community, </p>
      </container>
      <container name="Aware" eId="container_8">
        <p xml:space="preserve">
          <span class="italic">Aware</span> that development is difficult under occupation and is best promoted in circumstances of peace and stability, </p>
      </container>
      <container name="Noting" eId="container_9">
        <p xml:space="preserve">
          <span class="italic">Noting</span> the great economic and social challenges facing the Palestinian people and their leadership, </p>
      </container>
      <container name="Emphasizing" eId="container_10">
        <p xml:space="preserve">
          <span class="italic">Emphasizing</span> the importance of the safety and well-being of all people, in particular women and children, in the whole Middle East region, the promotion of which is facilitated, inter alia, in a stable and secure environment, </p>
      </container>
      <container name="Deeply concerned" eId="container_11">
        <p xml:space="preserve">
          <span class="italic">Deeply concerned</span> about the negative impact, including the health and psychological consequences, of violence on the present and future well-being of children in the region, </p>
      </container>
      <container name="Conscious" eId="container_12">
        <p xml:space="preserve">
          <span class="italic">Conscious</span> of the urgent necessity for international assistance to the Palestinian people, taking into account the Palestinian priorities, and recalling in this regard the National Early Recovery and Reconstruction Plan for Gaza, </p>
      </container>
      <container name="Expressing grave concern" eId="container_13">
        <p xml:space="preserve">
          <span class="italic">Expressing grave concern</span> about the grave humanitarian situation in the Gaza Strip, and underlining the importance of emergency and humanitarian assistance and the need for the advancement of reconstruction in the Gaza Strip, </p>
      </container>
      <container name="Welcoming" eId="container_14">
        <p xml:space="preserve">
          <span class="italic">Welcoming</span> the results of the Conference to Support Middle East Peace, convened in Washington, D.C., on 1 October 1993, the establishment of the Ad Hoc Liaison Committee for the Coordination of the International Assistance to Palestinians and the work being done by the World Bank as its secretariat and the establishment of the Consultative Group, as well as all follow-up meetings and international mechanisms established to provide assistance to the Palestinian people, </p>
      </container>
      <container name="Underlining" eId="container_15">
        <p xml:space="preserve">
          <span class="italic">Underlining</span> the importance of the Cairo International Conference on Palestine: Reconstructing Gaza, held on 12 October 2014, and urging the timely and full disbursement of pledges for expediting the provision of humanitarian assistance and the reconstruction process, </p>
      </container>
      <container name="Recalling" eId="container_16">
        <p xml:space="preserve">
          <span class="italic">Recalling</span> the International Donors’ Conference for the Palestinian State, held in Paris on 17 December 2007, the Berlin Conference in Support of Palestinian Civil Security and the Rule of Law, held on 24 June 2008, and the Palestine Investment Conferences, held in Bethlehem from 21 to 23 May 2008 and on 2 and 3 June 2010, and the International Conference in Support of the Palestinian Economy for the Reconstruction of Gaza, held in Sharm el-Sheikh, Egypt, on 2 March 2009, </p>
      </container>
      <container name="Welcoming" eId="container_17">
        <p xml:space="preserve">
          <span class="italic">Welcoming</span> the ministerial meetings of the Conference on Cooperation among East Asian Countries for Palestinian Development, convened in Tokyo in February 2013 and in Jakarta in March 2014, as a forum to mobilize political and economic assistance, including through exchanges of expertise and lessons learned, in support of Palestinian development,</p>
      </container>
      <container name="Welcoming also" eId="container_18">
        <p xml:space="preserve">
          <span class="italic">Welcoming also</span> the latest meetings of the Ad Hoc Liaison Committee for the Coordination of the International Assistance to Palestinians, held in Brussels on 27 May 2015 and in New York on 25 September 2013, 22 September 2014, 30 September 2015, 19 September 2016, 18 September 2017, 27 September 2018 and 26 September 2019,</p>
      </container>
      <container name="Welcoming further" eId="container_19">
        <p xml:space="preserve">
          <span class="italic">Welcoming further</span> the activities of the Joint Liaison Committee, which provides a forum in which economic policy and practical matters related to donor assistance are discussed with the Palestinian Authority, </p>
      </container>
      <container name="Welcoming" eId="container_20">
        <p xml:space="preserve">
          <span class="italic">Welcoming</span> the implementation of the Palestinian National Development Plan 2011–2013 on governance, economy, social development and infrastructure and the adoption of the Palestinian National Development Plan 2014–2016: State-building to Sovereignty, and stressing the need for continued international support for the Palestinian State-building process, as outlined in the summary by the Chair of the meeting of the Ad Hoc Liaison Committee held on 22 September 2014, </p>
      </container>
      <container name="Stressing" eId="container_21">
        <p xml:space="preserve">
          <span class="italic">Stressing</span> the need for the full engagement of the United Nations in the process of building Palestinian institutions and in providing broad assistance to the Palestinian people, </p>
      </container>
      <container name="Recognizing" eId="container_22">
        <p xml:space="preserve">
          <span class="italic">Recognizing</span>, in this regard, the positive contribution of the United Nations Development Assistance Framework 2014–2016, which is aimed, inter alia, at enhancing development support and assistance to the Palestinian people and strengthening institutional capacity in line with Palestinian national priorities, </p>
      </container>
      <container name="Welcoming" eId="container_23">
        <p xml:space="preserve">
          <span class="italic">Welcoming</span> steps to ease the restrictions on movement and access in the West Bank, while stressing the need for further steps to be taken in this regard, and recognizing that such steps would improve living conditions and the situation on the ground and could promote further Palestinian economic development, </p>
      </container>
      <container name="Welcoming also" eId="container_24">
        <p xml:space="preserve">
          <span class="italic">Welcoming also</span> the tripartite agreement facilitated by the United Nations regarding access to the Gaza Strip, and calling for its full implementation and complementary measures that address the need for a fundamental change in policy that allows for the sustained and regular opening of the border crossings for the movement of persons and goods, including for humanitarian and commercial flows and for the reconstruction and economic recovery of Gaza, </p>
      </container>
      <container name="Stressing" eId="container_25">
        <p xml:space="preserve">
          <span class="italic">Stressing</span> that the situation in the Gaza Strip is unsustainable and that a durable ceasefire agreement must lead to a fundamental improvement in the living conditions of the Palestinian people in the Gaza Strip and ensure the safety and well-being of civilians on both sides,</p>
      </container>
      <container name="Stressing also" eId="container_26">
        <p xml:space="preserve">
          <span class="italic">Stressing also</span> the urgency of reaching a durable solution to the crisis in Gaza through the full implementation of Security Council resolution <a href="https://undocs.org/en/S/RES/1860 (2009)">1860 (2009)</a> of 8 January 2009, including by preventing the illicit trafficking in arms and ammunition and by ensuring the sustained reopening of the crossing points on the basis of existing agreements, including the 2005 Agreement on Movement and Access between the Palestinian Authority and Israel, </p>
      </container>
      <container name="Stressing" eId="container_27">
        <p xml:space="preserve">
          <span class="italic">Stressing</span>, in this regard, the importance of the effective exercise by the Palestinian Authority of its full government responsibilities in the Gaza Strip in all fields, including through its presence at the Gaza crossing points, </p>
      </container>
      <container name="Noting" eId="container_28">
        <p xml:space="preserve">
          <span class="italic">Noting</span> the active participation of the United Nations Special Coordinator for the Middle East Peace Process and Personal Representative of the Secretary-General to the Palestine Liberation Organization and the Palestinian Authority in the activities of the Special Envoys of the Quartet, </p>
      </container>
      <container name="Reaffirming" eId="container_29">
        <p xml:space="preserve">
          <span class="italic">Reaffirming</span> the necessity of achieving a comprehensive resolution of the Arab-Israeli conflict in all its aspects, on the basis of relevant Security Council resolutions, including resolutions <a href="https://undocs.org/en/S/RES/242 (1967)">242 (1967)</a> of 22 November 1967, <a href="https://undocs.org/en/S/RES/338 (1973)">338 (1973)</a> of 22 October 1973, <a href="https://undocs.org/en/S/RES/1397 (2002)">1397 (2002)</a> of 12 March 2002, <a href="https://undocs.org/en/S/RES/1515 (2003)">1515 (2003)</a> of 19 November 2003, <a href="https://undocs.org/en/S/RES/1850 (2008)">1850 (2008)</a> of 16 December 2008 and <a href="https://undocs.org/en/S/RES/1860 (2009)">1860 (2009)</a>, as well as the terms of reference of the Madrid Conference and the principle of land for peace, in order to ensure a political solution, with two States – Israel and an independent, democratic, contiguous, sovereign and viable Palestinian State – living side by side in peace and security and mutual recognition,</p>
      </container>
      <container name="Having considered" eId="container_30">
        <p xml:space="preserve">
          <span class="italic">Having considered</span> the report of the Secretary-General,<authorialNote marker="5" placement="bottom" eId="authorialNote_5"><p xml:space="preserve"><a href="https://undocs.org/en/A/74/89">A/74/89-E/2019/73</a>.</p></authorialNote></p>
      </container>
      <container name="Expressing grave concern" eId="container_31">
        <p xml:space="preserve">
          <span class="italic">Expressing grave concern</span> about continuing violence against civilians, </p>
      </container>
    </preamble>
    <mainBody>
      <paragraph eId="para_32" class="SingleTxt">
        <num>	1.</num>
        <content eId="para_32__content">
          <p xml:space="preserve">
            <span class="italic">Takes note</span> of the report of the Secretary-General;<sup>5</sup></p>
        </content>
      </paragraph>
      <paragraph eId="para_33" class="SingleTxt">
        <num>	2.</num>
        <content eId="para_33__content">
          <p xml:space="preserve">
            <span class="italic">Expresses its appreciation</span> to the Secretary-General for his rapid response and ongoing efforts regarding assistance to the Palestinian people, including with regard to the emergency humanitarian needs in the Gaza Strip; </p>
        </content>
      </paragraph>
      <paragraph eId="para_34" class="SingleTxt">
        <num>	3.</num>
        <content eId="para_34__content">
          <p xml:space="preserve">
            <span class="italic">Also expresses its appreciation</span> to the Member States, United Nations bodies and intergovernmental, regional and non-governmental organizations that have provided and continue to provide assistance to the Palestinian people; </p>
        </content>
      </paragraph>
      <paragraph eId="para_35" class="SingleTxt">
        <num>	4.</num>
        <content eId="para_35__content">
          <p xml:space="preserve">
            <span class="italic">Stresses</span> the importance of the work of the United Nations Special Coordinator for the Middle East Peace Process and Personal Representative of the Secretary-General to the Palestine Liberation Organization and the Palestinian Authority and of the steps taken under the auspices of the Secretary-General to ensure the achievement of a coordinated mechanism for United Nations activities throughout the occupied territories; </p>
        </content>
      </paragraph>
      <paragraph eId="para_36" class="SingleTxt">
        <num>	5.</num>
        <content eId="para_36__content">
          <p xml:space="preserve">
            <span class="italic">Urges</span> Member States, international financial institutions of the United Nations system, intergovernmental and non-governmental organizations and regional and interregional organizations to extend, as rapidly and as generously as possible, economic and social assistance to the Palestinian people, in close cooperation with the Palestine Liberation Organization and through official Palestinian institutions; </p>
        </content>
      </paragraph>
      <paragraph eId="para_37" class="SingleTxt">
        <num>	6.</num>
        <content eId="para_37__content">
          <p xml:space="preserve">
            <span class="italic">Welcomes</span> the meetings of the Ad Hoc Liaison Committee for the Coordination of the International Assistance to Palestinians of 25 September 2013, 22 September 2014, 27 May and 30 September 2015, 19 September 2016, 18 September 2017, 27 September 2018 and 26 September 2019, the outcome of the Cairo International Conference on Palestine: Reconstructing Gaza, held on 12 October 2014, and the generous donor response to support the needs of the Palestinian people, and urges the rapid disbursement of donor pledges;</p>
        </content>
      </paragraph>
      <paragraph eId="para_38" class="SingleTxt">
        <num>	7.</num>
        <content eId="para_38__content">
          <p xml:space="preserve">
            <span class="italic">Stresses</span> the importance of following up on the results of the Cairo International Conference on Palestine: Reconstructing Gaza to effectively promote economic recovery and reconstruction in a timely and sustainable manner;</p>
        </content>
      </paragraph>
      <paragraph eId="para_39" class="SingleTxt">
        <num>	8.</num>
        <content eId="para_39__content">
          <p xml:space="preserve">
            <span class="italic">Calls upon </span>donors that have not yet converted their budget support pledges into disbursements to transfer funds as soon as possible, encourages all donors to increase their direct assistance to the Palestinian Authority in accordance with its government programme in order to enable it to build a viable and prosperous Palestinian State, underlines the need for equitable burden-sharing by donors in this effort, and encourages donors to consider aligning funding cycles with the Palestinian Authority’s national budget cycle; </p>
        </content>
      </paragraph>
      <paragraph eId="para_40" class="SingleTxt">
        <num>	9.</num>
        <content eId="para_40__content">
          <p xml:space="preserve">
            <span class="italic">Calls upon</span> relevant organizations and agencies of the United Nations system to intensify their assistance in response to the urgent needs of the Palestinian people in accordance with priorities set forth by the Palestinian side; </p>
        </content>
      </paragraph>
      <paragraph eId="para_41" class="SingleTxt">
        <num>	10.</num>
        <content eId="para_41__content">
          <p xml:space="preserve">
            <span class="italic">Expresses its appreciation</span> for the work of the United Nations Relief and Works Agency for Palestine Refugees in the Near East, and recognizes the vital role of the Agency in providing humanitarian assistance to the Palestinian people, particularly in the Gaza Strip; </p>
        </content>
      </paragraph>
      <paragraph eId="para_42" class="SingleTxt">
        <num>	11.</num>
        <content eId="para_42__content">
          <p xml:space="preserve">
            <span class="italic">Calls upon</span> the international community to provide urgently needed assistance and services in an effort to alleviate the difficult humanitarian situation being faced by Palestinian women, children and their families and to help in the reconstruction and development of relevant Palestinian institutions; </p>
        </content>
      </paragraph>
      <paragraph eId="para_43" class="SingleTxt">
        <num>	12.</num>
        <content eId="para_43__content">
          <p xml:space="preserve">
            <span class="italic">Stresses</span> the role that all funding instruments, including the European Commission’s Palestinian-European Mechanism for the Management of Socioeconomic Aid and the World Bank trust fund, have been playing in directly assisting the Palestinian people; </p>
        </content>
      </paragraph>
      <paragraph eId="para_44" class="SingleTxt">
        <num>	13.</num>
        <content eId="para_44__content">
          <p xml:space="preserve">
            <span class="italic">Urges</span> Member States to open their markets to exports of Palestinian products on the most favourable terms, consistent with appropriate trading rules, and to implement fully existing trade and cooperation agreements; </p>
        </content>
      </paragraph>
      <paragraph eId="para_45" class="SingleTxt">
        <num>	14.</num>
        <content eId="para_45__content">
          <p xml:space="preserve">
            <span class="italic">Calls upon</span> the international donor community to expedite the delivery of pledged assistance to the Palestinian people to meet their urgent needs; </p>
        </content>
      </paragraph>
      <paragraph eId="para_46" class="SingleTxt">
        <num>	15.</num>
        <content eId="para_46__content">
          <p xml:space="preserve">
            <span class="italic">Stresses</span>, in this context, the importance of ensuring free humanitarian access to the Palestinian people and the free movement of persons and goods; </p>
        </content>
      </paragraph>
      <paragraph eId="para_47" class="SingleTxt">
        <num>	16.</num>
        <content eId="para_47__content">
          <p xml:space="preserve">
            <span class="italic">Also stresses</span> the need for the full implementation by both parties of existing agreements, including the Agreement on Movement and Access and the Agreed Principles for the Rafah Crossing, of 15 November 2005, to allow for the freedom of movement of the Palestinian civilian population, as well as for imports and exports, within and into and out of the Gaza Strip; </p>
        </content>
      </paragraph>
      <paragraph eId="para_48" class="SingleTxt">
        <num>	17.</num>
        <content eId="para_48__content">
          <p xml:space="preserve">
            <span class="italic">Further stresses</span> the need to ensure the safety and security of humanitarian personnel, premises, facilities, equipment, vehicles and supplies, as well as the need to ensure safe and unhindered access by humanitarian personnel and delivery of supplies and equipment, in order to allow such personnel to efficiently perform their task of assisting affected civilian populations; </p>
        </content>
      </paragraph>
      <paragraph eId="para_49" class="SingleTxt">
        <num>	18.</num>
        <content eId="para_49__content">
          <p xml:space="preserve">
            <span class="italic">Urges</span> the international donor community, United Nations agencies and organizations and non-governmental organizations to extend to the Palestinian people, as rapidly as possible, emergency economic assistance and humanitarian assistance, particularly in the Gaza Strip, to counter the impact of the current crisis; </p>
        </content>
      </paragraph>
      <paragraph eId="para_50" class="SingleTxt">
        <num>	19.</num>
        <content eId="para_50__content">
          <p xml:space="preserve">
            <span class="italic">Stresses</span> the need for the continued implementation of the Paris Protocol on Economic Relations of 29 April 1994, fifth annex to the Israeli-Palestinian Interim Agreement on the West Bank and the Gaza Strip, signed in Washington, D.C., on 28 September 1995,<authorialNote marker="6" placement="bottom" eId="authorialNote_6"><p xml:space="preserve"><a href="https://undocs.org/en/A/51/889">A/51/889-S/1997/357</a>, annex.</p></authorialNote> including with regard to the full, prompt and regular transfer of Palestinian indirect tax revenues; </p>
        </content>
      </paragraph>
      <paragraph eId="para_51" class="SingleTxt">
        <num>	20.</num>
        <content eId="para_51__content">
          <p xml:space="preserve">
            <span class="italic">Requests</span> the Secretary-General to submit a report to the General Assembly at its seventy-fifth session, through the Economic and Social Council, on the implementation of the present resolution, containing:</p>
        </content>
      </paragraph>
      <paragraph eId="para_52" class="SingleTxt">
        <content eId="para_52__content">
          <p xml:space="preserve">	(a)	An assessment of the assistance actually received by the Palestinian people; </p>
        </content>
      </paragraph>
      <paragraph eId="para_53" class="SingleTxt">
        <content eId="para_53__content">
          <p xml:space="preserve">	(b)	An assessment of the needs still unmet and specific proposals for responding effectively to them; </p>
        </content>
      </paragraph>
      <paragraph eId="para_54" class="SingleTxt">
        <num>	21.</num>
        <content eId="para_54__content">
          <p xml:space="preserve">
            <span class="italic">Decides</span> to include in the provisional agenda of its seventy-fifth session, under the item entitled “Strengthening of the coordination of humanitarian and disaster relief assistance of the United Nations, including special economic assistance”, the sub-item entitled “Assistance to the Palestinian people”.</p>
        </content>
      </paragraph>
    </mainBody>
    <conclusions eId="conclusions">
      <p>
        <inline name="adoptionMeeting" title="49th">49th plenary meeting</inline>
        <eol />
        <docDate date="2019-12-16" refersTo="#adoptionDate">16 December 2019</docDate>
      </p>
    </conclusions>
  </statement>
</akomaNtoso>