<akomaNtoso xmlns:xsi="http://www.w3.org/2001/XMLSchema-instance" xsi:schemaLocation="http://docs.oasis-open.org/legaldocml/ns/akn/3.0 http://docs.oasis-open.org/legaldocml/akn-core/v1.0/os/part2-specs/schemas/akomantoso30.xsd" xmlns="http://docs.oasis-open.org/legaldocml/ns/akn/3.0" xmlns:html="http://www.w3.org/1999/xhtml" xmlns:akn4un="http://un.org/akn4un">
  <statement name="resolution">
    <meta>
      <identification source="#DGACM">
        <FRBRWork>
          <FRBRthis value="/akn/un/statement/deliberation/unga/2019-12-18/74-176/!main/"></FRBRthis>
          <FRBRuri value="/akn/un/statement/deliberation/unga/2019-12-18/74-176/"></FRBRuri>
          <FRBRdate date="2019-12-18" name="adoption"></FRBRdate>
          <FRBRauthor href="ga" as="author"></FRBRauthor>
          <FRBRcountry value="un"></FRBRcountry>
        </FRBRWork>
        <FRBRExpression>
          <FRBRthis value="/akn/un/statement/deliberation/unga/2019-12-18/74-176/eng@!main/"></FRBRthis>
          <FRBRuri value="/akn/un/statement/deliberation/unga/2019-12-18/74-176/eng@/"></FRBRuri>
          <FRBRdate date="2020-01-23" name="publication"></FRBRdate>
          <FRBRauthor href="ga" as="issuer"></FRBRauthor>
          <FRBRlanguage language="eng"></FRBRlanguage>
        </FRBRExpression>
        <FRBRManifestation>
          <FRBRthis value="/akn/un/statement/deliberation/unga/2019-12-18/74-176/eng@/!main.xml"></FRBRthis>
          <FRBRuri value="/akn/un/statement/deliberation/unga/2019-12-18/74-176/eng@.xml"></FRBRuri>
          <FRBRdate date="2020-07-31" name="markup"></FRBRdate>
          <FRBRauthor href="DGACM" as="editor"></FRBRauthor>
        </FRBRManifestation>
      </identification>
      <classification source="http://metadata.un.org/sdg">
        <keyword value="16" href="http://metadata.un.org/sdg/16" showAs="sdg_16" dictionary="SDGO"></keyword>
        <keyword value="right_to_justice" href="http://eurovoc.europa.eu/516" showAs="right_to_justice" dictionary="EuroVoc"></keyword>
        <keyword value="sustainable_development" href="http://eurovoc.europa.eu/5585" showAs="sustainable_development" dictionary="EuroVoc"></keyword>
        <keyword value="civil_society" href="http://metadata.un.org/thesaurus/1001012" showAs="civil_society" dictionary="UNBIS Thesaurus"></keyword>
        <keyword value="justice" href="http://metadata.un.org/thesaurus/1003500" showAs="justice" dictionary="UNBIS Thesaurus"></keyword>
        <keyword value="peaceful_coexistence" href="http://metadata.un.org/thesaurus/1004777" showAs="peaceful_coexistence" dictionary="UNBIS Thesaurus"></keyword>
        <keyword value="public_institutions" href="http://metadata.un.org/thesaurus/1005254" showAs="public_institutions" dictionary="UNBIS Thesaurus"></keyword>
        <keyword value="social_justice" href="http://metadata.un.org/thesaurus/1005970" showAs="social_justice" dictionary="UNBIS Thesaurus"></keyword>
        <keyword value="sustainable_development" href="http://metadata.un.org/thesaurus/1006319" showAs="sustainable_development" dictionary="UNBIS Thesaurus"></keyword>
      </classification>
      <classification source="http://metadata.un.org/sdg">
        <keyword value="5" href="http://metadata.un.org/sdg/5" showAs="sdg_5" dictionary="SDGO"></keyword>
        <keyword value="gender_equality" href="http://eurovoc.europa.eu/3913" showAs="gender_equality" dictionary="EuroVoc"></keyword>
        <keyword value="participation_of_women" href="http://eurovoc.europa.eu/2265" showAs="participation_of_women" dictionary="EuroVoc"></keyword>
        <keyword value="women&amp;#39;s_rights" href="http://eurovoc.europa.eu/585" showAs="women&amp;#39;s_rights" dictionary="EuroVoc"></keyword>
        <keyword value="position_of_women" href="http://eurovoc.europa.eu/81" showAs="position_of_women" dictionary="EuroVoc"></keyword>
        <keyword value="women" href="http://metadata.un.org/thesaurus/1007029" showAs="women" dictionary="UNBIS Thesaurus"></keyword>
        <keyword value="gender_equality" href="http://metadata.un.org/thesaurus/1002612" showAs="gender_equality" dictionary="UNBIS Thesaurus"></keyword>
        <keyword value="girls" href="http://metadata.un.org/thesaurus/1002684" showAs="girls" dictionary="UNBIS Thesaurus"></keyword>
      </classification>
      <classification source="http://metadata.un.org/sdg">
        <keyword value="17" href="http://metadata.un.org/sdg/17" showAs="sdg_17" dictionary="SDGO"></keyword>
        <keyword value="sustainable_development" href="http://eurovoc.europa.eu/5585" showAs="sustainable_development" dictionary="EuroVoc"></keyword>
        <keyword value="partnership" href="http://eurovoc.europa.eu/4199" showAs="partnership" dictionary="EuroVoc"></keyword>
        <keyword value="sustainable_development" href="http://metadata.un.org/thesaurus/1006319" showAs="sustainable_development" dictionary="UNBIS Thesaurus"></keyword>
        <keyword value="partnership" href="http://metadata.un.org/thesaurus/1004748" showAs="partnership" dictionary="UNBIS Thesaurus"></keyword>
      </classification>
      <classification source="http://metadata.un.org/sdg">
        <keyword value="3" href="http://metadata.un.org/sdg/3" showAs="sdg_3" dictionary="SDGO"></keyword>
        <keyword value="public_health" href="http://eurovoc.europa.eu/3885" showAs="public_health" dictionary="EuroVoc"></keyword>
        <keyword value="health" href="http://metadata.un.org/thesaurus/1002824" showAs="health" dictionary="UNBIS Thesaurus"></keyword>
      </classification>
      <workflow source="#un">
        <step date="2019-11-07" outcome="draftResolution" as="A/C.3/74/L.10/Rev.1" by="Azerbaijan, Bangladesh, Belarus, China, Côte d’Ivoire, Dominican Republic, Ecuador, Kazakhstan, Kyrgyzstan, Pakistan, Russian Federation, Tajikistan, Venezuela (Bolivarian Republic of), Zambia and Zimbabwe" />
        <step date="0001-01-01" outcome="draftResolutionAdditionalSponsors" by="Algeria, Argentina, Armenia , Australia, Austria, Bahamas, Belgium, Bolivia (Plurinational State of), Bulgaria, Cabo Verde, Canada, Central African Republic, Chad, Costa Rica, Cyprus, Democratic People's Republic of Korea, Egypt, El Salvador, Equatorial Guinea, Eritrea, France, Georgia, Germany, Ghana, Greece, Guatemala, Haiti, Ireland, Israel, Italy, Jamaica, Japan, Kenya, Latvia, Liberia, Libya, Liechtenstein, Lithuania, Luxembourg, Malta, Morocco, Myanmar, Nicaragua, Nigeria, Papua New Guinea, Philippines, Poland, Portugal, Qatar, Republic of Moldova, Serbia, Seychelles, Slovakia, Spain, Sri Lanka, Sudan, Thailand, Togo, Tunisia, Turkey, Turkmenistan, United States, Uruguay, Uzbekistan and Viet Nam" />
        <step date="0001-01-01" outcome="recommendedForAdoption" as="A/74/400, as orally revised" by="" refersTo="29" />
        <step date="2019-12-18" outcome="adopted" as="A/74/PV.50" by="" />
      </workflow>
      <analysis source="#un">
        <parliamentary>
          <voting outcome="adoptedWithoutVote">
            <quorum value=""></quorum>
          </voting>
        </parliamentary>
      </analysis>
      <references source="#DGACM">
        <TLCOrganization eId="source" href="/akn/ontology/organization/un/DGACM" showAs="DGACM"></TLCOrganization>
        <TLCConcept eId="dateOfIssuance" href="/akn/ontology/concept/un/dateOfIssuance" showAs="Date of issuance"></TLCConcept>
        <TLCConcept eId="dateOfAdoption" href="/akn/ontology/concept/un/dateOfAdoption" showAs="Date of adoption"></TLCConcept>
        <TLCConcept eId="symbol" href="/akn/ontology/reference/un/symbol" showAs="Symbol"></TLCConcept>
        <TLCRole eId="publisher" href="/akn/ontology/role/un/publisher" showAs="Publisher"></TLCRole>
        <TLCRole eId="issuingBody" href="/akn/role/concept/un/issuingBody" showAs="Issuing body"></TLCRole>
        <TLCRole eId="author" href="/akn/ontology/role/un/author" showAs="Author"></TLCRole>
        <TLCRole eId="editor" href="/akn/ontology/role/un/editor" showAs="Editor"></TLCRole>
        <TLCRole eId="distribution" href="/akn/ontology/concept/un/generalDistribution" showAs="General distribution"></TLCRole>
        <TLCOrganization eId="ga" href="/akn/ontology/organization/un/generalAssembly" showAs="General Assembly"></TLCOrganization>
        <TLCTerm eId="resolutionTitle" href="/akn/ontology/reference/un/resolutionTitle" showAs="Resolution title"></TLCTerm>
        <TLCTerm eId="thirdCommittee" href="#thirdCommittee" showAs="Third Committee"></TLCTerm>
        <TLCTerm eId="memberState" href="/akn/ontology/organization/un/memberState" showAs="Member State"></TLCTerm>
        <TLCTerm eId="inFavour" href="/akn/ontology/concept/un/voting/inFavour" showAs="In favour"></TLCTerm>
        <TLCTerm eId="against" href="/akn/ontology/concept/un/voting/against" showAs="Against"></TLCTerm>
        <TLCTerm eId="abstaining" href="/akn/ontology/concept/un/voting/abstaining" showAs="Abstaining"></TLCTerm>
      </references>
      <presentation source="#un">
        <akn4un:footerFirstPage>
          <akn4un:footerFirstPageLeft>
            <akn4un:internalCode>
              <docketNumber refersTo="#publicationJobNumber">19-22333 (E)</docketNumber>
              <img alt="bar code" class="barCode" src=""></img>
            </akn4un:internalCode>
          </akn4un:footerFirstPageLeft>
          <akn4un:footerFirstPageRight>
            <img alt="Please recycle" class="image" src="./recylcleLogo.jpg"></img>
            <img alt="embedded QR code" class="qrCode" src=""></img>
          </akn4un:footerFirstPageRight>
        </akn4un:footerFirstPage>
      </presentation>
    </meta>
    <coverPage eId="coverPage_1">
      <p>
        <span refersTo="#publisher" class="upperLeft">
          <docAuthority refersTo="#publisher">United Nations</docAuthority>
        </span>
      </p>
      <p class="upperRight">
        <docNumber refersTo="#symbol">A/RES/74/176</docNumber>
      </p>
      <p class="upperLeft">
        <img src="logo-un.jpg"></img>
        <docAuthority refersTo="#issuingBody" class="rightBig">General Assembly</docAuthority>
      </p>
      <p>
        <docStatus refersTo="#generalDistribution" class="rightSmall">Distr.: General</docStatus>
      </p>
      <p>
        <docDate date="2020-01-23" class="rightSmall" refersTo="#dateOfIssuance">23 January 2020</docDate>
      </p>
      <p>
        <session refersTo="#generalAssembly" value="74" eId="coverPage_1__session_1">Seventy-fourth session</session>
      </p>
      <p>
        <inline name="agenda item">Agenda item 106</inline>
      </p>
      <p>
        <inline name="agenda item name">Crime prevention and criminal justice</inline>
      </p>
      <p>
        <docTitle>Resolution adopted by the General Assembly on 18 December 2019</docTitle>
      </p>
      <p xml:space="preserve">
        <docProponent refersTo="#thirdCommittee">[on the report of the Third Committee (<inline name="originating document">A/74/400</inline>)]</docProponent>
      </p>
    </coverPage>
    <preface>
      <p>
        <docNumber>74/176.</docNumber>
        <docTitle refersTo="#resolutionTitle">Improving the coordination of efforts against trafficking in persons</docTitle>
      </p>
    </preface>
    <preamble>
      <formula name="enactingFormula" eId="formula_1">
        <p xml:space="preserve">
          <span class="italic">The General Assembly</span>,</p>
      </formula>
      <container name="Reiterating its strong condemnation" eId="container_2">
        <p xml:space="preserve">
          <span class="italic">Reiterating its strong condemnation</span> of trafficking in persons, especially women and children, which constitutes an offence and a serious threat to human dignity and physical integrity, human rights and sustainable development, </p>
      </container>
      <container name="Reiterating its concern" eId="container_3">
        <p xml:space="preserve">
          <span class="italic">Reiterating its concern</span> that, despite sustained measures taken at the international, regional and national levels, trafficking in persons remains one of the grave challenges facing the international community, which also impairs the enjoyment of human rights and needs a more concerted collective and comprehensive international response, </p>
      </container>
      <container name="Bearing in mind" eId="container_4">
        <p xml:space="preserve">
          <span class="italic">Bearing in mind</span> that all States have an obligation to exercise due diligence to prevent, investigate and punish perpetrators of trafficking in persons and to protect and assist victims, and that not doing so violates and impairs or nullifies the enjoyment of the human rights and fundamental freedoms of the victims, </p>
      </container>
      <container name="Recalling" eId="container_5">
        <p xml:space="preserve">
          <span class="italic">Recalling</span> the adoption by the General Assembly of the 2030 Agenda for Sustainable Development,<authorialNote marker="1" placement="bottom" eId="authorialNote_1"><p xml:space="preserve">	 	Resolution <a href="https://undocs.org/en/A/RES/70/1">70/1</a>.</p></authorialNote> and recalling also the targets of the Sustainable Development Goals on eliminating all forms of violence against all women and girls in the public and private spheres, including trafficking and sexual and other types of exploitation,<authorialNote marker="2" placement="bottom" eId="authorialNote_2"><p xml:space="preserve">	 	Target 5.2.</p></authorialNote> on taking immediate and effective measures to eradicate forced labour, end modern slavery and human trafficking and secure the prohibition and elimination of the worst forms of child labour, including recruitment and use of child soldiers, and by 2025 end child labour in all its forms,<authorialNote marker="3" placement="bottom" eId="authorialNote_3"><p xml:space="preserve">	 	Target 8.7.</p></authorialNote> and on ending abuse and exploitation of, trafficking in and all forms of violence against and torture of children,<authorialNote marker="4" placement="bottom" eId="authorialNote_4"><p xml:space="preserve">	 	Target 16.2.</p></authorialNote></p>
      </container>
      <container name="Recalling also" eId="container_6">
        <p xml:space="preserve">
          <span class="italic">Recalling also</span> the United Nations Convention against Transnational Organized Crime,<authorialNote marker="5" placement="bottom" eId="authorialNote_5"><p xml:space="preserve">	 	United Nations, <span class="italic">Treaty Series</span>, vol. 2225, No. 39574.</p></authorialNote> as well as its supplementing Protocol to Prevent, Suppress and Punish Trafficking in Persons, Especially Women and Children,<authorialNote marker="6" placement="bottom" eId="authorialNote_6"><p xml:space="preserve">	 	Ibid., vol. 2237, No. 39574.</p></authorialNote> which provided the definition of the crime of trafficking in persons, the Optional Protocol to the Convention on the Rights of the Child on the sale of children, child prostitution and child pornography<authorialNote marker="7" placement="bottom" eId="authorialNote_7"><p xml:space="preserve">	 	Ibid., vol. 2171, No. 27531.</p></authorialNote> and the Supplementary Convention on the Abolition of Slavery, the Slave Trade, and Institutions and Practices Similar to Slavery,<authorialNote marker="8" placement="bottom" eId="authorialNote_8"><p xml:space="preserve">	 	Ibid., vol. 266, No. 3822.</p></authorialNote></p>
      </container>
      <container name="Taking note" eId="container_7">
        <p xml:space="preserve">
          <span class="italic">Taking note</span> of the adoption of the Protocol of 2014 to the Forced Labour Convention, 1930 (No. 29), of the International Labour Organization, which recognizes that trafficking in persons for the purposes of forced or compulsory labour is the subject of growing international concern, </p>
      </container>
      <container name="Recalling" eId="container_8">
        <p xml:space="preserve">
          <span class="italic">Recalling</span> the adoption of the United Nations Global Plan of Action to Combat Trafficking in Persons by the General Assembly in its resolution <a href="https://undocs.org/en/A/RES/64/293">64/293</a> of 30 July 2010, and underlining the importance of its full implementation, </p>
      </container>
      <container name="Reaffirming" eId="container_9">
        <p xml:space="preserve">
          <span class="italic">Reaffirming</span> that the Global Plan of Action was developed: </p>
      </container>
      <blockList eId="list_1">
        <item eId="list_1__item_10">
          <num>(a)</num>
          <p>To promote universal ratification of the United Nations Convention against Transnational Organized Crime and the Protocol to Prevent, Suppress and Punish Trafficking in Persons, Especially Women and Children, as well as other relevant international instruments that address trafficking in persons, and to reinforce the implementation of existing instruments against trafficking in persons,</p>
        </item>
        <item eId="list_1__item_11">
          <num>(b)</num>	
          <p>To help Member States to reinforce their political commitments and legal obligations to prevent and combat trafficking in persons,</p>
        </item>
        <item eId="list_1__item_12">
          <num>(c)</num>	
          <p>To promote comprehensive, coordinated and consistent responses at the national, regional and international levels to counter trafficking in persons,</p>
        </item>
        <item eId="list_1__item_13">
          <num>(d)</num>	
          <p>To promote a human rights-based, gender- and age-sensitive approach in addressing all factors that make people vulnerable to trafficking in persons and strengthening the criminal justice response, which are necessary to prevent trafficking in persons, protect its victims and prosecute its perpetrators,</p>
        </item>
        <item eId="list_1__item_14">
          <num>(e)</num>	
          <p>To raise awareness within the United Nations system and also among States and other stakeholders, such as the private sector, civil society and the international and national mass media, and the public at large,</p>
        </item>
        <item eId="list_1__item_15">
          <num>(f)</num>	
          <p>To foster cooperation and coordination among all relevant stakeholders, including Member States, international organizations, civil society organizations and the private sector, and within various entities of the United Nations system, taking into account existing best practices and lessons learned,</p>
        </item>
      </blockList>
      <container name="Recalling" eId="container_16">
        <p xml:space="preserve">
          <span class="italic">Recalling</span> its resolutions <a href="https://undocs.org/en/A/RES/61/180">61/180</a> of 20 December 2006, <a href="https://undocs.org/en/A/RES/64/178">64/178</a> of 18 December 2009, <a href="https://undocs.org/en/A/RES/67/190">67/190</a> of 20 December 2012, <a href="https://undocs.org/en/A/RES/68/192">68/192</a> of 18 December 2013, <a href="https://undocs.org/en/A/RES/70/179">70/179</a> of 17 December 2015 and <a href="https://undocs.org/en/A/RES/72/195">72/195</a> of 19 December 2017 on improving the coordination of efforts against trafficking in persons and its other relevant resolutions on trafficking in persons,<authorialNote marker="9" placement="bottom" eId="authorialNote_9"><p xml:space="preserve">	 	Resolutions <a href="https://undocs.org/en/A/RES/55/67">55/67</a>, <a href="https://undocs.org/en/A/RES/58/137">58/137</a>, <a href="https://undocs.org/en/A/RES/59/166">59/166</a>, <a href="https://undocs.org/en/A/RES/61/144">61/144</a>, <a href="https://undocs.org/en/A/RES/63/156">63/156</a> and <a href="https://undocs.org/en/A/RES/63/194">63/194</a>.</p></authorialNote></p>
      </container>
      <container name="Recalling also" eId="container_17">
        <p xml:space="preserve">
          <span class="italic">Recalling also</span> its resolutions <a href="https://undocs.org/en/A/RES/71/322">71/322</a> of 8 September 2017 and <a href="https://undocs.org/en/A/RES/73/189">73/189</a> of 17 December 2018, entitled “Strengthening and promoting effective measures and international cooperation on organ donation and transplantation to prevent and combat trafficking in persons for the purpose of organ removal and trafficking in human organs”,</p>
      </container>
      <container name="Recalling further" eId="container_18">
        <p xml:space="preserve">
          <span class="italic">Recalling further</span> Economic and Social Council resolution <a href="https://undocs.org/en/e/res/2017/18">2017/18</a> of 6 July 2017 on the implementation of the Global Plan of Action and previous Council resolutions on trafficking in persons, </p>
      </container>
      <container name="Recalling" eId="container_19">
        <p xml:space="preserve">
          <span class="italic">Recalling</span> Human Rights Council resolution <a href="https://undocs.org/en/A/HRC/RES/32/3">32/3</a> of 30 June 2016, entitled “Trafficking in persons, especially women and children: protecting victims of trafficking and persons at risk of trafficking, especially women and children in conflict and post-conflict situations”,<authorialNote marker="10" placement="bottom" eId="authorialNote_10"><p xml:space="preserve">	 	See <span class="italic">Official Records of the General Assembly, Seventy-first Session, Supplement No. 53</span> (<a href="https://undocs.org/en/A/71/53">A/71/53</a>), chap. V, sect. A.</p></authorialNote> and other relevant resolutions of the Council on trafficking in persons, </p>
      </container>
      <container name="Recalling also" eId="container_20">
        <p xml:space="preserve">
          <span class="italic">Recalling also</span> Commission on Crime Prevention and Criminal Justice resolution 27/2 of 18 May 2018, entitled “Preventing and combating trafficking in persons facilitated by the criminal misuse of information and communications technologies”,<authorialNote marker="11" placement="bottom" eId="authorialNote_11"><p xml:space="preserve">	 	See <span class="italic">Official Records of the Economic and Social Council, 2018, Supplement No. 10</span> (<a href="https://undocs.org/en/E/2018/30">E/2018/30</a>), chap. I, sect. C.</p></authorialNote> and the other relevant resolutions of the Commission on trafficking in persons,</p>
      </container>
      <container name="Welcoming" eId="container_21">
        <p xml:space="preserve">
          <span class="italic">Welcoming</span> the adoption of the political declaration on the implementation of the United Nations Global Plan of Action to Combat Trafficking in Persons at the high-level meeting of the General Assembly held at United Nations Headquarters in New York on 27 and 28 September 2017,<authorialNote marker="12" placement="bottom" eId="authorialNote_12"><p xml:space="preserve">	 	Resolution <a href="https://undocs.org/en/A/RES/72/1">72/1</a>.</p></authorialNote> and looking forward to the next high-level meeting of the Assembly to review the implementation of the Global Plan of Action, to be held in 2021, as envisaged in the political declaration,</p>
      </container>
      <container name="Taking note" eId="container_22">
        <p xml:space="preserve">
          <span class="italic">Taking note</span> of the reference to preventing and countering trafficking in persons and the victim-oriented approach in the context of addressing trafficking in persons in the Doha Declaration on Integrating Crime Prevention and Criminal Justice into the Wider United Nations Agenda to Address Social and Economic Challenges and to Promote the Rule of Law at the National and International Levels, and Public Participation, adopted by the Thirteenth United Nations Congress on Crime Prevention and Criminal Justice, held in Doha from 12 to 19 April 2015,<authorialNote marker="13" placement="bottom" eId="authorialNote_13"><p xml:space="preserve">	 	Resolution <a href="https://undocs.org/en/A/RES/70/174">70/174</a>, annex.</p></authorialNote></p>
      </container>
      <container name="Recalling" eId="container_23">
        <p xml:space="preserve">
          <span class="italic">Recalling</span> the New York Declaration for Refugees and Migrants, adopted at the high-level plenary meeting of the General Assembly on addressing large movements of refugees and migrants, held at United Nations Headquarters in New York on 19 September 2016,<authorialNote marker="14" placement="bottom" eId="authorialNote_14"><p xml:space="preserve">	 	Resolution <a href="https://undocs.org/en/A/RES/71/1">71/1</a>.</p></authorialNote> in which States declared that they would, with full respect for their obligations under international law, vigorously combat human trafficking and migrant smuggling with a view to their elimination, including through targeted measures to identify victims of human trafficking or those at risk of trafficking, provide support for the victims of human trafficking and work to prevent human trafficking among those affected by displacement, </p>
      </container>
      <container name="Recognizing" eId="container_24">
        <p xml:space="preserve">
          <span class="italic">Recognizing</span> the important role of the Inter-Agency Coordination Group against Trafficking in Persons in fostering coordination and cooperation in the global fight against trafficking in persons, within the existing mandates of its members and partners,<authorialNote marker="15" placement="bottom" eId="authorialNote_15"><p xml:space="preserve">	 	The United Nations Office on Drugs and Crime, the International Civil Aviation Organization, the International Criminal Police Organization (INTERPOL), the International Labour Organization, the International Organization for Migration, the Joint United Nations Programme on HIV/AIDS, the Office of the United Nations High Commissioner for Human Rights, the Office of the United Nations High Commissioner for Refugees, the United Nations Children’s Fund, the United Nations Development Programme, the United Nations Educational, Scientific and Cultural Organization, the United Nations Entity for Gender Equality and the Empowerment of Women (UN-Women), the United Nations Interregional Crime and Justice Research Institute, the United Nations Population Fund, the World Bank, the Department of Peace Operations of the Secretariat, the Department of Political and Peacebuilding Affairs of the Secretariat, the Counter-Terrorism Committee Executive Directorate, the International Centre for Migration Policy Development, the Office of the Special Representative of the Secretary-General on Sexual Violence in Conflict, the Office on Genocide Prevention and the Responsibility to Protect and the Organization for Security and Cooperation in Europe, as well as the Special Rapporteur of the Human Rights Council on trafficking in persons, especially women and children, and the Council of Europe as partners of the Inter-Agency Coordination Group.</p></authorialNote></p>
      </container>
      <container name="Recognizing also" eId="container_25">
        <p xml:space="preserve">
          <span class="italic">Recognizing also</span> that the Inter-Agency Coordination Group, within its mandate, contributes to the implementation of the Global Plan of Action, taking note with appreciation of the activities of the United Nations Office on Drugs and Crime as coordinator of the Coordination Group, as well as the activities of the members of the Coordination Group acting on a rotational basis as Chair of the working group of the Coordination Group, and encouraging the more robust participation of all members of the Coordination Group, </p>
      </container>
      <container name="Taking note with appreciation" eId="container_26">
        <p xml:space="preserve">
          <span class="italic">Taking note with appreciation</span> of the work of the 2019 Co-Chairs of the Inter‑Agency Coordination Group, the United Nations Entity for Gender Equality and the Empowerment of Women (UN-Women) and the Organization for Security and Cooperation in Europe, including the convening of the first consultative briefing outside of the United Nations system, at the Alliance against Trafficking in Persons,</p>
      </container>
      <container name="Taking note with appreciation also" eId="container_27">
        <p xml:space="preserve">
          <span class="italic">Taking note with appreciation also</span> of the thematic focus of the Inter-Agency Coordination Group in 2018 on trafficking in children and in 2019 on trafficking in persons and technology, and on measures to prevent trafficking in persons in public procurement, as well as in the procurement of goods and services by the United Nations,</p>
      </container>
      <container name="Recalling" eId="container_28">
        <p xml:space="preserve">
          <span class="italic">Recalling</span> that the Inter-Agency Coordination Group was established to foster cooperation among relevant United Nations agencies and other international organizations involved in combating human trafficking in countries around the world using, to the extent possible, mechanisms already in place at the regional and national levels, and to share information, experiences and good practices relating to the activities of the partner agencies to counter trafficking with Governments, international and regional organizations and other relevant bodies, </p>
      </container>
      <container name="Emphasizing" eId="container_29">
        <p xml:space="preserve">
          <span class="italic">Emphasizing</span> the central role of the work of the United Nations Office on Drugs and Crime in the global fight against trafficking in persons, particularly in providing technical assistance to Member States, upon their request, to implement the United Nations Convention against Transnational Organized Crime and the Protocol to Prevent, Suppress and Punish Trafficking in Persons, Especially Women and Children, by making use of existing capacity-building tools, lessons learned from Member States and expertise available in other international organizations, </p>
      </container>
      <container name="Recognizing" eId="container_30">
        <p xml:space="preserve">
          <span class="italic">Recognizing</span> the need to continue to foster a global partnership against trafficking in persons among all stakeholders and the need to continue to work towards an enhanced comprehensive and coordinated approach to prevent and combat trafficking and to protect and assist victims of trafficking in persons through the appropriate national, regional and international mechanisms, </p>
      </container>
      <container name="Recognizing also" eId="container_31">
        <p xml:space="preserve">
          <span class="italic">Recognizing also</span> the importance of bilateral, subregional, regional and international cooperation mechanisms and initiatives, including information exchanges on good practices, of Governments and of intergovernmental and non‑governmental organizations to address the problem of trafficking in persons, especially women and children, </p>
      </container>
      <container name="Taking note with appreciation" eId="container_32">
        <p xml:space="preserve">
          <span class="italic">Taking note with appreciation</span> of the different initiatives of Member States, promoted in the United Nations to contribute to the global fight against trafficking in persons,<authorialNote marker="16" placement="bottom" eId="authorialNote_16"><p xml:space="preserve">	 	Such as, inter alia, Alliance 8.7; Finance Against Slavery and Trafficking; the call to action to end forced labour, modern slavery and human trafficking; the principles to guide government action to combat human trafficking in global supply chains; and the Bali Process on People Smuggling, Trafficking in Persons and Related Transnational Crime.</p></authorialNote></p>
      </container>
      <container name="Recalling" eId="container_33">
        <p xml:space="preserve">
          <span class="italic">Recalling</span> that trafficking in persons is fuelled by high profits for traffickers and demand that fosters all forms of exploitation, with trafficking in persons disproportionately affecting women and girls, who are particularly vulnerable to trafficking for the purpose of sexual exploitation,</p>
      </container>
      <container name="Stressing" eId="container_34">
        <p xml:space="preserve">
          <span class="italic">Stressing</span> the need to take appropriate measures to ensure access to justice and protections for victims in criminal justice processes, including measures to ensure that identified victims of trafficking in persons are not penalized for having been trafficked and that they do not suffer from victimization as a result of actions taken by government authorities, communities and families, </p>
      </container>
      <container name="Recognizing" eId="container_35">
        <p xml:space="preserve">
          <span class="italic">Recognizing</span> that broad international cooperation between Member States and relevant intergovernmental and non-governmental organizations is essential for effectively countering the threat of trafficking in persons and other contemporary forms of slavery, </p>
      </container>
      <container name="Recognizing also" eId="container_36">
        <p xml:space="preserve">
          <span class="italic">Recognizing also</span> that victims of trafficking are often subject to multiple forms of discrimination and violence, including on the grounds of gender, age, disability, ethnicity, culture and religion, as well as national or social origin, and that these forms of discrimination may themselves fuel trafficking in persons, and that women and children without nationality or without birth registration are particularly vulnerable to trafficking in persons, </p>
      </container>
      <container name="Recognizing further" eId="container_37">
        <p xml:space="preserve">
          <span class="italic">Recognizing further</span> the potential of the Internet and other information and communications technologies to prevent and combat trafficking in persons and to assist victims, stressing the need for increased law enforcement cooperation in this regard to address the new challenges generated by the rapid development of the Internet and other information and communications technologies, expressing concern that human traffickers have misused the Internet and other information and communications technologies to facilitate trafficking in persons, including for the purpose of recruiting and exploiting women and children and controlling victims, and in this regard taking note of the issue brief “Human trafficking and technology: trends, challenges and opportunities”, produced by the Inter-Agency Coordination Group,</p>
      </container>
      <container name="Stressing" eId="container_38">
        <p xml:space="preserve">
          <span class="italic">Stressing</span> the need to promote and protect the rights of victims of trafficking in persons and to reintegrate victims into the community, including by taking into account, where appropriate, the Recommended Principles and Guidelines on Human Rights and Human Trafficking<authorialNote marker="17" placement="bottom" eId="authorialNote_17"><p xml:space="preserve"><a href="https://undocs.org/en/E/2002/68/Add.1">E/2002/68/Add.1</a>.</p></authorialNote> and the commentary thereon developed by the Office of the United Nations High Commissioner for Human Rights, as well as the Guidelines on the Protection of Child Victims of Trafficking developed by the United Nations Children’s Fund, </p>
      </container>
      <container name="Welcoming" eId="container_39">
        <p xml:space="preserve">
          <span class="italic">Welcoming</span> the efforts of Member States, United Nations agencies, international organizations, civil society organizations, the private sector and financial institutions to address the problem of trafficking in persons, including women and children as the most vulnerable group, and emphasizing the urgent need for them to further enhance their efforts and cooperation to build the evidence base, including by sharing their knowledge and best practices as widely as possible, </p>
      </container>
      <container name="Affirming" eId="container_40">
        <p xml:space="preserve">
          <span class="italic">Affirming</span> that capacity-building is a very important component in combating trafficking in persons, and in this regard stressing the need to intensify international cooperation to combat trafficking in persons, as well as technical assistance for countries aimed at strengthening their ability to prevent all forms of trafficking, including supporting their development programmes, </p>
      </container>
      <container name="Taking note" eId="container_41">
        <p xml:space="preserve">
          <span class="italic">Taking note</span> of the Khartoum process and its Declaration adopted in Khartoum on 16 October 2014 during the Regional Ministerial Conference on Human Trafficking and Smuggling in the Horn of Africa, coordinated by the African Union, the Office of the United Nations High Commissioner for Refugees and the International Organization for Migration, which aimed to strengthen national, regional and international cooperation and build capacities in the African countries to combat trafficking in persons and migrant smuggling, </p>
      </container>
      <container name="Taking note also" eId="container_42">
        <p xml:space="preserve">
          <span class="italic">Taking note also</span> of the Second Work Plan to Combat Trafficking in Persons in the Western Hemisphere 2015–2018, adopted by States members of the Organization of American States at the fourth Meeting of National Authorities on Trafficking in Persons, held on 4 and 5 December 2014 in Brasilia, and extended until 2020 by States members at the fifth Meeting of National Authorities on Trafficking in Persons, held on 12 and 13 March 2018 in Washington, D.C.,</p>
      </container>
      <container name="Recognizing" eId="container_43">
        <p xml:space="preserve">
          <span class="italic">Recognizing</span> that the Global Plan of Action and the establishment of the United Nations voluntary trust fund for victims of trafficking in persons, especially women and children, established in compliance with the Global Plan of Action, aim at raising awareness of the situation of victims of human trafficking and at providing them with humanitarian, legal and financial aid through established channels of assistance, such as governmental, intergovernmental and non-governmental organizations, </p>
      </container>
      <container name="Reaffirming" eId="container_44">
        <p xml:space="preserve">
          <span class="italic">Reaffirming</span> the importance of humanitarian, legal and financial aid to victims of trafficking in persons, including through governmental, intergovernmental and non-governmental organizations, including the United Nations voluntary trust fund for victims of trafficking in persons, especially women and children, managed by the United Nations Office on Drugs and Crime, the United Nations voluntary trust fund on contemporary forms of slavery, managed by the Office of the United Nations High Commissioner for Human Rights, and the International Organization for Migration Global Assistance Fund,</p>
      </container>
      <container name="Taking note" eId="container_45">
        <p xml:space="preserve">
          <span class="italic">Taking note</span> of the report of the Secretary-General,<authorialNote marker="18" placement="bottom" eId="authorialNote_18"><p xml:space="preserve"><a href="https://undocs.org/en/A/74/127">A/74/127</a>.</p></authorialNote></p>
      </container>
      <container name="Taking note also" eId="container_46">
        <p xml:space="preserve">
          <span class="italic">Taking note also</span> of the report of the Special Rapporteur of the Human Rights Council on trafficking in persons, especially women and children,<authorialNote marker="19" placement="bottom" eId="authorialNote_19"><p xml:space="preserve"><a href="https://undocs.org/en/A/74/189">A/74/189</a>.</p></authorialNote> as well as the reports of the Special Rapporteur of the Council on contemporary forms of slavery, including its causes and consequences,<authorialNote marker="20" placement="bottom" eId="authorialNote_20"><p xml:space="preserve"><a href="https://undocs.org/en/A/74/179">A/74/179</a>.</p></authorialNote> and of the Special Rapporteur of the Council on the sale and sexual exploitation of children, including child prostitution, child pornography and other child sexual abuse material,<authorialNote marker="21" placement="bottom" eId="authorialNote_21"><p xml:space="preserve"><a href="https://undocs.org/en/A/74/162">A/74/162</a>.</p></authorialNote></p>
      </container>
      <container name="Recognizing" eId="container_47">
        <p xml:space="preserve">
          <span class="italic">Recognizing</span> that, in accordance with the United Nations Convention against Transnational Organized Crime, the Conference of the Parties to the Convention is established to improve the capacity of States parties to combat transnational organized crime and to promote and review the implementation of the Convention, including the Protocol to Prevent, Suppress and Punish Trafficking in Persons, Especially Women and Children, and in this regard taking note of resolution 9/1 of 19 October 2018, entitled “Establishment of the Mechanism for the Review of the Implementation of the United Nations Convention against Transnational Organized Crime and the Protocols thereto”, adopted by the Conference of the Parties at its ninth session, held in Vienna from 15 to 19 October 2018,<authorialNote marker="22" placement="bottom" eId="authorialNote_22"><p xml:space="preserve">	 	See <a href="https://undocs.org/en/CTOC/COP/2018/13">CTOC/COP/2018/13</a>, sect. I.A.</p></authorialNote></p>
      </container>
    </preamble>
    <mainBody>
      <paragraph eId="para_48" class="SingleTxt">
        <num>	1.</num>
        <content eId="para_48__content">
          <p xml:space="preserve">
            <span class="italic">Urges</span> Member States that have not yet done so to consider ratifying or acceding to, as a matter of priority, the United Nations Convention against Transnational Organized Crime<sup>5</sup> and the Protocol to Prevent, Suppress and Punish Trafficking in Persons, Especially Women and Children, supplementing the United Nations Convention against Transnational Organized Crime,<sup>6</sup> taking into consideration the central role of those instruments in the fight against trafficking in persons, and also urges States parties to those instruments to implement them fully and effectively; </p>
        </content>
      </paragraph>
      <paragraph eId="para_49" class="SingleTxt">
        <num>	2.</num>
        <content eId="para_49__content">
          <p xml:space="preserve">
            <span class="italic">Urges</span> Member States and other stakeholders mentioned in the United Nations Global Plan of Action to Combat Trafficking in Persons,<authorialNote marker="23" placement="bottom" eId="authorialNote_23"><p xml:space="preserve">	 	Resolution <a href="https://undocs.org/en/A/RES/64/293">64/293</a>.</p></authorialNote> and invites the Conference of the Parties to the United Nations Convention against Transnational Organized Crime and relevant international, regional and subregional organizations, within their respective mandates, to continue to contribute to the full and effective implementation of the Global Plan of Action, including by means of strengthening cooperation and improving coordination among themselves in achieving that goal; </p>
        </content>
      </paragraph>
      <paragraph eId="para_50" class="SingleTxt">
        <num>	3.</num>
        <content eId="para_50__content">
          <p xml:space="preserve">
            <span class="italic">Recalls</span> the holding of the high-level meetings of the General Assembly during its sixty-seventh session, from 13 to 15 May 2013, and during its seventy-second session, on 27 and 28 September 2017, to appraise the progress achieved in the implementation of the Global Plan of Action, which, inter alia, reiterated strong political will to step up efforts against trafficking in persons; </p>
        </content>
      </paragraph>
      <paragraph eId="para_51" class="SingleTxt">
        <num>	4.</num>
        <content eId="para_51__content">
          <p xml:space="preserve">
            <span class="italic">Also recalls</span> its decision, in its resolution <a href="https://undocs.org/en/A/RES/68/192">68/192</a>, to appraise, from within existing resources, on a four-year basis starting at its seventy-second session, the progress achieved in the implementation of the Global Plan of Action in order to assess achievements, gaps and challenges, including in the implementation of the relevant legal instruments, and therefore decides to convene a high-level meeting of the General Assembly on the progress achieved in the implementation of the Global Plan of Action at its seventy-sixth session, after the general debate, but no later than December 2021;</p>
        </content>
      </paragraph>
      <paragraph eId="para_52" class="SingleTxt">
        <num>	5.</num>
        <content eId="para_52__content">
          <p xml:space="preserve">
            <span class="italic">Requests</span> the Secretary-General and the President of the General Assembly, in close cooperation and coordination with Member States, to take all appropriate measures to arrange the high-level meeting;</p>
        </content>
      </paragraph>
      <paragraph eId="para_53" class="SingleTxt">
        <num>	6.</num>
        <content eId="para_53__content">
          <p xml:space="preserve">
            <span class="italic">Recalls</span> its decision to designate 30 July as the World Day against Trafficking in Persons, to be observed annually, and, while welcoming events held by Member States, United Nations agencies, other international organizations and civil society at the international, regional and national levels to mark the World Day, invites all stakeholders to continue to observe the World Day in order to raise awareness of trafficking in persons and the situation of the victims of this crime and for the promotion and protection of their rights; </p>
        </content>
      </paragraph>
      <paragraph eId="para_54" class="SingleTxt">
        <num>	7.</num>
        <content eId="para_54__content">
          <p xml:space="preserve">
            <span class="italic">Expresses solidarity with and compassion for</span> victims and survivors of trafficking in persons, and calls for the full respect of their human rights and the provision of appropriate victim-centred care and assistance, where applicable, including interpretation and sign language, where appropriate, to victims of trafficking, and services for their rehabilitation in cooperation with civil society and other relevant partners; </p>
        </content>
      </paragraph>
      <paragraph eId="para_55" class="SingleTxt">
        <num>	8.</num>
        <content eId="para_55__content">
          <p xml:space="preserve">
            <span class="italic">Expresses support</span> for the activities of the United Nations Office on Drugs and Crime, reaffirms its request to the Secretary-General to provide adequate support to the Commission on Crime Prevention and Criminal Justice, and invites Member States to make voluntary contributions to the Office for the purpose of providing assistance to Member States upon request; </p>
        </content>
      </paragraph>
      <paragraph eId="para_56" class="SingleTxt">
        <num>	9.</num>
        <content eId="para_56__content">
          <p xml:space="preserve">
            <span class="italic">Encourages</span> the United Nations Office on Drugs and Crime to cooperate with relevant international organizations outside the United Nations system and to invite such organizations and interested Member States to participate, when appropriate, in the meetings of the Inter-Agency Coordination Group against Trafficking in Persons and to keep Member States informed of the schedule of and the progress made by the Coordination Group; </p>
        </content>
      </paragraph>
      <paragraph eId="para_57" class="SingleTxt">
        <num>	10.</num>
        <content eId="para_57__content">
          <p xml:space="preserve">
            <span class="italic">Takes note</span> of the consultative briefings for Member States hosted by the Inter-Agency Coordination Group at United Nations Headquarters in June and October 2018 on the work and priorities of the Coordination Group in 2018 and beyond, and takes note with appreciation of the participation of the Organization for Security and Cooperation in Europe in the briefings as the first regional organization to partner with and co-chair in 2019 the Coordination Group, as well as of the Council of Europe and the Special Rapporteur of the Human Rights Council on trafficking in persons, especially women and children, as partners of the Coordination Group; </p>
        </content>
      </paragraph>
      <paragraph eId="para_58" class="SingleTxt">
        <num>	11.</num>
        <content eId="para_58__content">
          <p xml:space="preserve">
            <span class="italic">Welcomes</span> the first meeting of the Inter-Agency Coordination Group at the level of principals of the relevant United Nations agencies and organizations, including those agencies that are not active members of the Coordination Group, held in London on 2 May 2018, which contributed to relaunching the Coordination Group as a forum for policy exchange, and takes note with appreciation of the briefing for Member States and other relevant partners about the outcome of the meeting and future activities of the Coordination Group held on 29 June 2018 at United Nations Headquarters, as well as requests the United Nations Office on Drugs and Crime, as coordinator of the Coordination Group, to continue to convene such meetings of the Coordination Group at the level of principals on a regular basis, and in this context takes note of the role of the Organization for Security and Cooperation in Europe as the first regional entity to co-chair the Coordination Group, and also takes note of the engagement of the European Union Anti-Trafficking Coordinator with the Coordination Group;</p>
        </content>
      </paragraph>
      <paragraph eId="para_59" class="SingleTxt">
        <num>	12.</num>
        <content eId="para_59__content">
          <p xml:space="preserve">
            <span class="italic">Invites</span> regional organizations, within their mandates, to join and consider co-chairing, along with a United Nations agency, the Inter-Agency Coordination Group to strengthen the exchange of expertise and regional experiences and thus enhance international cooperation in combating trafficking in persons and assisting the victims of this crime;</p>
        </content>
      </paragraph>
      <paragraph eId="para_60" class="SingleTxt">
        <num>	13.</num>
        <content eId="para_60__content">
          <p xml:space="preserve">
            <span class="italic">Takes note</span> of the ongoing process undertaken by the Inter-Agency Coordination Group to conduct studies on emerging trends in the field of trafficking in persons, and to ensure that information-sharing among relevant agencies and between countries is done in accordance with international and national legal frameworks and takes into account privacy and confidentiality;</p>
        </content>
      </paragraph>
      <paragraph eId="para_61" class="SingleTxt">
        <num>	14.</num>
        <content eId="para_61__content">
          <p xml:space="preserve">
            <span class="italic">Invites</span> the United Nations Office on Drugs and Crime, in its capacity as coordinator of the Inter-Agency Coordination Group, and other relevant agencies of the United Nations system to further strengthen their activities related to the implementation of relevant international instruments and the Global Plan of Action to drive greater progress in eliminating trafficking in persons, and invites Member States and other international and bilateral donors to provide voluntary contributions to the Office for these purposes, in accordance with the policies, rules and procedures of the United Nations; </p>
        </content>
      </paragraph>
      <paragraph eId="para_62" class="SingleTxt">
        <num>	15.</num>
        <content eId="para_62__content">
          <p xml:space="preserve">
            <span class="italic">Calls upon</span> Member States to take into consideration new methods of recruiting those at risk of being subjected to trafficking in persons, such as the misuse of the Internet by traffickers, in particular for recruiting children, to take measures to develop targeted awareness-raising campaigns, including for law enforcement, front‑line service providers and at-risk industries, to identify the signs of trafficking in persons and to develop specialized training for law enforcement and criminal justice practitioners; </p>
        </content>
      </paragraph>
      <paragraph eId="para_63" class="SingleTxt">
        <num>	16.</num>
        <content eId="para_63__content">
          <p xml:space="preserve">
            <span class="italic">Invites</span> Member States to address the social, economic, cultural, political and other factors that make people vulnerable to trafficking in persons, such as poverty, unemployment, inequality, humanitarian emergencies, including armed conflicts and natural disasters, sexual violence, gender discrimination and social exclusion and marginalization, as well as a culture of tolerance towards violence against women, youth and children;</p>
        </content>
      </paragraph>
      <paragraph eId="para_64" class="SingleTxt">
        <num>	17.</num>
        <content eId="para_64__content">
          <p xml:space="preserve">
            <span class="italic">Calls upon</span> Member States, international organizations, civil society organizations and the private sector, through partnerships, as appropriate, to increase and support prevention efforts in countries of origin, transit and destination by focusing domestically and globally on the demand and supply chains that foster all forms of trafficking and the goods and services produced as a result of trafficking in persons; </p>
        </content>
      </paragraph>
      <paragraph eId="para_65" class="SingleTxt">
        <num>	18.</num>
        <content eId="para_65__content">
          <p xml:space="preserve">
            <span class="italic">Encourages</span> Member States to take legislative or other measures to prevent, combat and eradicate trafficking in persons in the context of international migration by strengthening capacities and international cooperation to investigate, prosecute and penalize trafficking in persons, discouraging demand that fosters exploitation leading to trafficking, and ending impunity of trafficking networks;</p>
        </content>
      </paragraph>
      <paragraph eId="para_66" class="SingleTxt">
        <num>	19.</num>
        <content eId="para_66__content">
          <p xml:space="preserve">
            <span class="italic">Also encourages</span> Member States to cooperate on issues concerning trafficking in persons with the Inter-Agency Coordination Group, and in this regard takes note of the <span class="italic">Toolkit for Guidance in Designing and Evaluating Counter‑Trafficking Programmes</span> of the Coordination Group, which might contribute to establishing a common framework for aligning activities and defining and assessing progress, as well as building a voluntary, robust and shared evidence base of effective programmes and practices to combat trafficking in persons;</p>
        </content>
      </paragraph>
      <paragraph eId="para_67" class="SingleTxt">
        <num>	20.</num>
        <content eId="para_67__content">
          <p xml:space="preserve">
            <span class="italic">Further encourages</span> Member States to cooperate with the Special Rapporteur of the Human Rights Council on trafficking in persons, especially women and children, as well as with other relevant special procedures, including the Special Rapporteur of the Council on violence against women, its causes and consequences, the Special Representative of the Secretary-General on Violence against Children, the Special Rapporteur of the Council on the sale and sexual exploitation of children, including child prostitution, child pornography and other child sexual abuse material, and the Special Rapporteur of the Council on contemporary forms of slavery, including its causes and consequences; </p>
        </content>
      </paragraph>
      <paragraph eId="para_68" class="SingleTxt">
        <num>	21.</num>
        <content eId="para_68__content">
          <p xml:space="preserve">
            <span class="italic">Calls upon</span> Member States to continue their efforts to criminalize trafficking in persons in all its forms, including the exploitation of the prostitution of others or other forms of sexual exploitation, forced labour or services, slavery or practices similar to slavery, servitude or the removal of organs, especially concerning children and persons with disabilities, and to condemn these practices and to investigate, prosecute and penalize traffickers and intermediaries while providing victim-centred protection and assistance to the victims of trafficking with full respect for their human rights, and invites Member States to continue to support those United Nations agencies and international organizations that are actively involved in victim protection; </p>
        </content>
      </paragraph>
      <paragraph eId="para_69" class="SingleTxt">
        <num>	22.</num>
        <content eId="para_69__content">
          <p xml:space="preserve">
            <span class="italic">Also calls upon</span> Member States to take measures to support family reunification for victims of trafficking in persons, where safe and appropriate, especially when those are children, taking into consideration the best interests of the child;</p>
        </content>
      </paragraph>
      <paragraph eId="para_70" class="SingleTxt">
        <num>	23.</num>
        <content eId="para_70__content">
          <p xml:space="preserve">
            <span class="italic">Notes</span> the second consultative meeting on strengthening partnerships with national rapporteurs and relevant mechanisms on trafficking in persons, held in Bangkok on 21 and 22 May 2014, co-hosted by the United Nations Office on Drugs and Crime, the Special Rapporteur on trafficking in persons, especially women and children, and the Office of the United Nations High Commissioner for Human Rights, and the establishment of an informal network of such mechanisms located all over the world to address trafficking in persons in a consistent manner and to exchange information and best practices built on different national experiences, requests the United Nations Office on Drugs and Crime to continue its efforts to collect information on national efforts to combat trafficking in persons, as well as on relevant national mechanisms, to make up-to-date information available to Member States, and invites Member States to host consultative meetings between relevant national mechanisms on trafficking in persons that continue transnational dialogue and the exchange of information on common challenges;</p>
        </content>
      </paragraph>
      <paragraph eId="para_71" class="SingleTxt">
        <num>	24.</num>
        <content eId="para_71__content">
          <p xml:space="preserve">
            <span class="italic">Requests</span> the United Nations Office on Drugs and Crime, in its capacity as fund manager of the United Nations voluntary trust fund for victims of trafficking in persons, especially women and children, to continue to encourage contributions by States and all other relevant stakeholders to the trust fund; </p>
        </content>
      </paragraph>
      <paragraph eId="para_72" class="SingleTxt">
        <num>	25.</num>
        <content eId="para_72__content">
          <p xml:space="preserve">
            <span class="italic">Welcomes</span> the biennial publication of the <span class="italic">Global Report on Trafficking in Persons</span>, prepared by the United Nations Office on Drugs and Crime, looks forward to the next such report, to be produced by the Office in 2020, pursuant to the Global Plan of Action, and encourages Member States to provide to the Office evidence-based data on patterns, flows and forms of trafficking in persons, including for the purpose of the removal of organs; </p>
        </content>
      </paragraph>
      <paragraph eId="para_73" class="MercuryDocument">
        <num>	26.</num>
        <content eId="para_73__content">
          <p xml:space="preserve">
            <span class="italic">Requests</span> the Secretary-General to submit a report on the implementation of the present resolution to the General Assembly at its seventy-sixth session, including recommendations on measures to bring greater urgency to and improve the coordination of efforts against trafficking in persons.</p>
        </content>
      </paragraph>
    </mainBody>
    <conclusions eId="conclusions">
      <p>
        <inline name="adoptionMeeting" title="50th">50th plenary meeting</inline>
        <eol />
        <docDate date="2019-12-18" refersTo="#adoptionDate">18 December 2019</docDate>
      </p>
    </conclusions>
  </statement>
</akomaNtoso>