<akomaNtoso xmlns:xsi="http://www.w3.org/2001/XMLSchema-instance" xsi:schemaLocation="http://docs.oasis-open.org/legaldocml/ns/akn/3.0 http://docs.oasis-open.org/legaldocml/akn-core/v1.0/os/part2-specs/schemas/akomantoso30.xsd" xmlns="http://docs.oasis-open.org/legaldocml/ns/akn/3.0" xmlns:html="http://www.w3.org/1999/xhtml" xmlns:akn4un="http://un.org/akn4un">
  <statement name="resolution">
    <meta>
      <identification source="#DGACM">
        <FRBRWork>
          <FRBRthis value="/akn/un/statement/deliberation/unga/2019-12-18/74-168/!main/"></FRBRthis>
          <FRBRuri value="/akn/un/statement/deliberation/unga/2019-12-18/74-168/"></FRBRuri>
          <FRBRdate date="2019-12-18" name="adoption"></FRBRdate>
          <FRBRauthor href="ga" as="author"></FRBRauthor>
          <FRBRcountry value="un"></FRBRcountry>
        </FRBRWork>
        <FRBRExpression>
          <FRBRthis value="/akn/un/statement/deliberation/unga/2019-12-18/74-168/eng@!main/"></FRBRthis>
          <FRBRuri value="/akn/un/statement/deliberation/unga/2019-12-18/74-168/eng@/"></FRBRuri>
          <FRBRdate date="2020-01-21" name="publication"></FRBRdate>
          <FRBRauthor href="ga" as="issuer"></FRBRauthor>
          <FRBRlanguage language="eng"></FRBRlanguage>
        </FRBRExpression>
        <FRBRManifestation>
          <FRBRthis value="/akn/un/statement/deliberation/unga/2019-12-18/74-168/eng@/!main.xml"></FRBRthis>
          <FRBRuri value="/akn/un/statement/deliberation/unga/2019-12-18/74-168/eng@.xml"></FRBRuri>
          <FRBRdate date="2020-07-31" name="markup"></FRBRdate>
          <FRBRauthor href="DGACM" as="editor"></FRBRauthor>
        </FRBRManifestation>
      </identification>
      <classification source="http://metadata.un.org/sdg">
        <keyword value="16" href="http://metadata.un.org/sdg/16" showAs="sdg_16" dictionary="SDGO"></keyword>
        <keyword value="right_to_justice" href="http://eurovoc.europa.eu/516" showAs="right_to_justice" dictionary="EuroVoc"></keyword>
        <keyword value="sustainable_development" href="http://eurovoc.europa.eu/5585" showAs="sustainable_development" dictionary="EuroVoc"></keyword>
        <keyword value="civil_society" href="http://metadata.un.org/thesaurus/1001012" showAs="civil_society" dictionary="UNBIS Thesaurus"></keyword>
        <keyword value="justice" href="http://metadata.un.org/thesaurus/1003500" showAs="justice" dictionary="UNBIS Thesaurus"></keyword>
        <keyword value="peaceful_coexistence" href="http://metadata.un.org/thesaurus/1004777" showAs="peaceful_coexistence" dictionary="UNBIS Thesaurus"></keyword>
        <keyword value="public_institutions" href="http://metadata.un.org/thesaurus/1005254" showAs="public_institutions" dictionary="UNBIS Thesaurus"></keyword>
        <keyword value="social_justice" href="http://metadata.un.org/thesaurus/1005970" showAs="social_justice" dictionary="UNBIS Thesaurus"></keyword>
        <keyword value="sustainable_development" href="http://metadata.un.org/thesaurus/1006319" showAs="sustainable_development" dictionary="UNBIS Thesaurus"></keyword>
      </classification>
      <classification source="http://metadata.un.org/sdg">
        <keyword value="3" href="http://metadata.un.org/sdg/3" showAs="sdg_3" dictionary="SDGO"></keyword>
        <keyword value="public_health" href="http://eurovoc.europa.eu/3885" showAs="public_health" dictionary="EuroVoc"></keyword>
        <keyword value="health" href="http://metadata.un.org/thesaurus/1002824" showAs="health" dictionary="UNBIS Thesaurus"></keyword>
      </classification>
      <classification source="http://metadata.un.org/sdg">
        <keyword value="14" href="http://metadata.un.org/sdg/14" showAs="sdg_14" dictionary="SDGO"></keyword>
        <keyword value="marine_life" href="http://eurovoc.europa.eu/3149" showAs="marine_life" dictionary="EuroVoc"></keyword>
        <keyword value="marine_environment" href="http://eurovoc.europa.eu/5742" showAs="marine_environment" dictionary="EuroVoc"></keyword>
        <keyword value="ocean" href="http://eurovoc.europa.eu/2107" showAs="ocean" dictionary="EuroVoc"></keyword>
        <keyword value="sea" href="http://eurovoc.europa.eu/1870" showAs="sea" dictionary="EuroVoc"></keyword>
        <keyword value="marine_resources" href="http://metadata.un.org/thesaurus/030800" showAs="marine_resources" dictionary="UNBIS Thesaurus"></keyword>
        <keyword value="marine_resources" href="http://metadata.un.org/thesaurus/1003922" showAs="marine_resources" dictionary="UNBIS Thesaurus"></keyword>
        <keyword value="oceans_and_seas" href="http://metadata.un.org/thesaurus/170600" showAs="oceans_and_seas" dictionary="UNBIS Thesaurus"></keyword>
      </classification>
      <workflow source="#un">
        <step date="2019-10-31" outcome="draftResolution" as="A/C.3/74/L.28" by="Albania, Australia, Austria, Bulgaria, Canada, Croatia, Czechia, Denmark, Estonia, Finland, France, Georgia, Germany, Iceland, Ireland, Latvia, Lithuania, Luxembourg, Malta, Marshall Islands, Montenegro, Netherlands, Norway, Poland, Portugal, Republic of Moldova, Slovakia, Slovenia, Spain, Sweden, Turkey, Ukraine, United Kingdom of Great Britain and Northern Ireland and United States of America" />
        <step date="0001-01-01" outcome="draftResolutionAdditionalSponsors" by="Belgium, Italy, Japan, Micronesia (Federated States of) and Romania" />
        <step date="0001-01-01" outcome="recommendedForAdoption" as="A/74/399/Add.3" by="" refersTo="47" />
        <step date="2019-12-18" outcome="adopted" as="A/74/PV.50" by="" />
      </workflow>
      <analysis source="#un">
        <parliamentary>
          <voting outcome="adoptedRecordedVote">
            <count value="65" refersTo="inFavour">
              <akn4un:voters>
                <organization refersTo="memberState">ALBANIA</organization>
                <organization refersTo="memberState">ANDORRA</organization>
                <organization refersTo="memberState">AUSTRALIA</organization>
                <organization refersTo="memberState">AUSTRIA</organization>
                <organization refersTo="memberState">BARBADOS</organization>
                <organization refersTo="memberState">BELGIUM</organization>
                <organization refersTo="memberState">BELIZE</organization>
                <organization refersTo="memberState">BHUTAN</organization>
                <organization refersTo="memberState">BOTSWANA</organization>
                <organization refersTo="memberState">BULGARIA</organization>
                <organization refersTo="memberState">CANADA</organization>
                <organization refersTo="memberState">COSTA RICA</organization>
                <organization refersTo="memberState">CROATIA</organization>
                <organization refersTo="memberState">CYPRUS</organization>
                <organization refersTo="memberState">CZECHIA</organization>
                <organization refersTo="memberState">DENMARK</organization>
                <organization refersTo="memberState">DJIBOUTI</organization>
                <organization refersTo="memberState">ESTONIA</organization>
                <organization refersTo="memberState">FINLAND</organization>
                <organization refersTo="memberState">FRANCE</organization>
                <organization refersTo="memberState">GEORGIA</organization>
                <organization refersTo="memberState">GERMANY</organization>
                <organization refersTo="memberState">GREECE</organization>
                <organization refersTo="memberState">GUATEMALA</organization>
                <organization refersTo="memberState">GUYANA</organization>
                <organization refersTo="memberState">HONDURAS</organization>
                <organization refersTo="memberState">HUNGARY</organization>
                <organization refersTo="memberState">ICELAND</organization>
                <organization refersTo="memberState">IRELAND</organization>
                <organization refersTo="memberState">ISRAEL</organization>
                <organization refersTo="memberState">ITALY</organization>
                <organization refersTo="memberState">JAPAN</organization>
                <organization refersTo="memberState">KIRIBATI</organization>
                <organization refersTo="memberState">LATVIA</organization>
                <organization refersTo="memberState">LIBERIA</organization>
                <organization refersTo="memberState">LIECHTENSTEIN</organization>
                <organization refersTo="memberState">LITHUANIA</organization>
                <organization refersTo="memberState">LUXEMBOURG</organization>
                <organization refersTo="memberState">MALTA</organization>
                <organization refersTo="memberState">MARSHALL ISLANDS</organization>
                <organization refersTo="memberState">MICRONESIA (FEDERATED STATES OF)</organization>
                <organization refersTo="memberState">MONACO</organization>
                <organization refersTo="memberState">MONTENEGRO</organization>
                <organization refersTo="memberState">NETHERLANDS</organization>
                <organization refersTo="memberState">NEW ZEALAND</organization>
                <organization refersTo="memberState">NORTH MACEDONIA</organization>
                <organization refersTo="memberState">NORWAY</organization>
                <organization refersTo="memberState">PANAMA</organization>
                <organization refersTo="memberState">POLAND</organization>
                <organization refersTo="memberState">PORTUGAL</organization>
                <organization refersTo="memberState">REPUBLIC OF MOLDOVA</organization>
                <organization refersTo="memberState">ROMANIA</organization>
                <organization refersTo="memberState">SAMOA</organization>
                <organization refersTo="memberState">SAN MARINO</organization>
                <organization refersTo="memberState">SLOVAKIA</organization>
                <organization refersTo="memberState">SLOVENIA</organization>
                <organization refersTo="memberState">SPAIN</organization>
                <organization refersTo="memberState">SWEDEN</organization>
                <organization refersTo="memberState">SWITZERLAND</organization>
                <organization refersTo="memberState">TURKEY</organization>
                <organization refersTo="memberState">TUVALU</organization>
                <organization refersTo="memberState">UKRAINE</organization>
                <organization refersTo="memberState">UNITED KINGDOM</organization>
                <organization refersTo="memberState">UNITED STATES</organization>
                <organization refersTo="memberState">VANUATU</organization>
              </akn4un:voters>
            </count>
            <count value="23" refersTo="against">
              <akn4un:voters>
                <organization refersTo="memberState">ARMENIA</organization>
                <organization refersTo="memberState">BELARUS</organization>
                <organization refersTo="memberState">BURUNDI</organization>
                <organization refersTo="memberState">CAMBODIA</organization>
                <organization refersTo="memberState">CHINA</organization>
                <organization refersTo="memberState">CUBA</organization>
                <organization refersTo="memberState">DEMOCRATIC PEOPLE'S REPUBLIC OF KOREA</organization>
                <organization refersTo="memberState">ERITREA</organization>
                <organization refersTo="memberState">GUINEA</organization>
                <organization refersTo="memberState">INDIA</organization>
                <organization refersTo="memberState">IRAN (ISLAMIC REPUBLIC OF)</organization>
                <organization refersTo="memberState">KAZAKHSTAN</organization>
                <organization refersTo="memberState">KYRGYZSTAN</organization>
                <organization refersTo="memberState">MYANMAR</organization>
                <organization refersTo="memberState">NICARAGUA</organization>
                <organization refersTo="memberState">PHILIPPINES</organization>
                <organization refersTo="memberState">RUSSIAN FEDERATION</organization>
                <organization refersTo="memberState">SERBIA</organization>
                <organization refersTo="memberState">SUDAN</organization>
                <organization refersTo="memberState">SYRIAN ARAB REPUBLIC</organization>
                <organization refersTo="memberState">UGANDA</organization>
                <organization refersTo="memberState">VENEZUELA (BOLIVARIAN REPUBLIC OF)</organization>
                <organization refersTo="memberState">ZIMBABWE</organization>
              </akn4un:voters>
            </count>
            <count value="83" refersTo="abstaining">
              <akn4un:voters>
                <organization refersTo="memberState">ALGERIA</organization>
                <organization refersTo="memberState">ANGOLA</organization>
                <organization refersTo="memberState">ARGENTINA</organization>
                <organization refersTo="memberState">BAHAMAS</organization>
                <organization refersTo="memberState">BAHRAIN</organization>
                <organization refersTo="memberState">BANGLADESH</organization>
                <organization refersTo="memberState">BENIN</organization>
                <organization refersTo="memberState">BOSNIA AND HERZEGOVINA</organization>
                <organization refersTo="memberState">BRAZIL</organization>
                <organization refersTo="memberState">BRUNEI DARUSSALAM</organization>
                <organization refersTo="memberState">CABO VERDE</organization>
                <organization refersTo="memberState">CAMEROON</organization>
                <organization refersTo="memberState">CENTRAL AFRICAN REPUBLIC</organization>
                <organization refersTo="memberState">CHAD</organization>
                <organization refersTo="memberState">CHILE</organization>
                <organization refersTo="memberState">COLOMBIA</organization>
                <organization refersTo="memberState">COMOROS</organization>
                <organization refersTo="memberState">COTE D'IVOIRE</organization>
                <organization refersTo="memberState">DOMINICAN REPUBLIC</organization>
                <organization refersTo="memberState">ECUADOR</organization>
                <organization refersTo="memberState">EGYPT</organization>
                <organization refersTo="memberState">EL SALVADOR</organization>
                <organization refersTo="memberState">ETHIOPIA</organization>
                <organization refersTo="memberState">FIJI</organization>
                <organization refersTo="memberState">GABON</organization>
                <organization refersTo="memberState">GAMBIA</organization>
                <organization refersTo="memberState">GHANA</organization>
                <organization refersTo="memberState">GRENADA</organization>
                <organization refersTo="memberState">HAITI</organization>
                <organization refersTo="memberState">INDONESIA</organization>
                <organization refersTo="memberState">IRAQ</organization>
                <organization refersTo="memberState">JAMAICA</organization>
                <organization refersTo="memberState">JORDAN</organization>
                <organization refersTo="memberState">KENYA</organization>
                <organization refersTo="memberState">KUWAIT</organization>
                <organization refersTo="memberState">LAO PEOPLE'S DEMOCRATIC REPUBLIC</organization>
                <organization refersTo="memberState">LESOTHO</organization>
                <organization refersTo="memberState">LIBYA</organization>
                <organization refersTo="memberState">MALAWI</organization>
                <organization refersTo="memberState">MALAYSIA</organization>
                <organization refersTo="memberState">MALDIVES</organization>
                <organization refersTo="memberState">MALI</organization>
                <organization refersTo="memberState">MAURITANIA</organization>
                <organization refersTo="memberState">MEXICO</organization>
                <organization refersTo="memberState">MONGOLIA</organization>
                <organization refersTo="memberState">MOZAMBIQUE</organization>
                <organization refersTo="memberState">NAMIBIA</organization>
                <organization refersTo="memberState">NAURU</organization>
                <organization refersTo="memberState">NEPAL</organization>
                <organization refersTo="memberState">NIGER</organization>
                <organization refersTo="memberState">NIGERIA</organization>
                <organization refersTo="memberState">OMAN</organization>
                <organization refersTo="memberState">PAKISTAN</organization>
                <organization refersTo="memberState">PALAU</organization>
                <organization refersTo="memberState">PAPUA NEW GUINEA</organization>
                <organization refersTo="memberState">PARAGUAY</organization>
                <organization refersTo="memberState">PERU</organization>
                <organization refersTo="memberState">QATAR</organization>
                <organization refersTo="memberState">REPUBLIC OF KOREA</organization>
                <organization refersTo="memberState">RWANDA</organization>
                <organization refersTo="memberState">SAINT LUCIA</organization>
                <organization refersTo="memberState">SAINT VINCENT AND THE GRENADINES</organization>
                <organization refersTo="memberState">SAO TOME AND PRINCIPE</organization>
                <organization refersTo="memberState">SAUDI ARABIA</organization>
                <organization refersTo="memberState">SENEGAL</organization>
                <organization refersTo="memberState">SEYCHELLES</organization>
                <organization refersTo="memberState">SIERRA LEONE</organization>
                <organization refersTo="memberState">SINGAPORE</organization>
                <organization refersTo="memberState">SOMALIA</organization>
                <organization refersTo="memberState">SOUTH AFRICA</organization>
                <organization refersTo="memberState">SRI LANKA</organization>
                <organization refersTo="memberState">SURINAME</organization>
                <organization refersTo="memberState">THAILAND</organization>
                <organization refersTo="memberState">TOGO</organization>
                <organization refersTo="memberState">TONGA</organization>
                <organization refersTo="memberState">TRINIDAD AND TOBAGO</organization>
                <organization refersTo="memberState">TUNISIA</organization>
                <organization refersTo="memberState">UNITED ARAB EMIRATES</organization>
                <organization refersTo="memberState">UNITED REPUBLIC OF TANZANIA</organization>
                <organization refersTo="memberState">URUGUAY</organization>
                <organization refersTo="memberState">VIET NAM</organization>
                <organization refersTo="memberState">YEMEN</organization>
                <organization refersTo="memberState">ZAMBIA</organization>
              </akn4un:voters>
            </count>
          </voting>
        </parliamentary>
      </analysis>
      <references source="#DGACM">
        <TLCOrganization eId="source" href="/akn/ontology/organization/un/DGACM" showAs="DGACM"></TLCOrganization>
        <TLCConcept eId="dateOfIssuance" href="/akn/ontology/concept/un/dateOfIssuance" showAs="Date of issuance"></TLCConcept>
        <TLCConcept eId="dateOfAdoption" href="/akn/ontology/concept/un/dateOfAdoption" showAs="Date of adoption"></TLCConcept>
        <TLCConcept eId="symbol" href="/akn/ontology/reference/un/symbol" showAs="Symbol"></TLCConcept>
        <TLCRole eId="publisher" href="/akn/ontology/role/un/publisher" showAs="Publisher"></TLCRole>
        <TLCRole eId="issuingBody" href="/akn/role/concept/un/issuingBody" showAs="Issuing body"></TLCRole>
        <TLCRole eId="author" href="/akn/ontology/role/un/author" showAs="Author"></TLCRole>
        <TLCRole eId="editor" href="/akn/ontology/role/un/editor" showAs="Editor"></TLCRole>
        <TLCRole eId="distribution" href="/akn/ontology/concept/un/generalDistribution" showAs="General distribution"></TLCRole>
        <TLCOrganization eId="ga" href="/akn/ontology/organization/un/generalAssembly" showAs="General Assembly"></TLCOrganization>
        <TLCTerm eId="resolutionTitle" href="/akn/ontology/reference/un/resolutionTitle" showAs="Resolution title"></TLCTerm>
        <TLCTerm eId="thirdCommittee" href="#thirdCommittee" showAs="Third Committee"></TLCTerm>
        <TLCTerm eId="memberState" href="/akn/ontology/organization/un/memberState" showAs="Member State"></TLCTerm>
        <TLCTerm eId="inFavour" href="/akn/ontology/concept/un/voting/inFavour" showAs="In favour"></TLCTerm>
        <TLCTerm eId="against" href="/akn/ontology/concept/un/voting/against" showAs="Against"></TLCTerm>
        <TLCTerm eId="abstaining" href="/akn/ontology/concept/un/voting/abstaining" showAs="Abstaining"></TLCTerm>
      </references>
      <presentation source="#un">
        <akn4un:footerFirstPage>
          <akn4un:footerFirstPageLeft>
            <akn4un:internalCode>
              <docketNumber refersTo="#publicationJobNumber">19-22310 (E)</docketNumber>
              <img alt="bar code" class="barCode" src=""></img>
            </akn4un:internalCode>
          </akn4un:footerFirstPageLeft>
          <akn4un:footerFirstPageRight>
            <img alt="Please recycle" class="image" src="./recylcleLogo.jpg"></img>
            <img alt="embedded QR code" class="qrCode" src=""></img>
          </akn4un:footerFirstPageRight>
        </akn4un:footerFirstPage>
      </presentation>
    </meta>
    <coverPage eId="coverPage_1">
      <p>
        <span refersTo="#publisher" class="upperLeft">
          <docAuthority refersTo="#publisher">United Nations</docAuthority>
        </span>
      </p>
      <p class="upperRight">
        <docNumber refersTo="#symbol">A/RES/74/168</docNumber>
      </p>
      <p class="upperLeft">
        <img src="logo-un.jpg"></img>
        <docAuthority refersTo="#issuingBody" class="rightBig">General Assembly</docAuthority>
      </p>
      <p>
        <docStatus refersTo="#generalDistribution" class="rightSmall">Distr.: General</docStatus>
      </p>
      <p>
        <docDate date="2020-01-21" class="rightSmall" refersTo="#dateOfIssuance">21 January 2020</docDate>
      </p>
      <p>
        <session refersTo="#generalAssembly" value="74" eId="coverPage_1__session_1">Seventy-fourth session</session>
      </p>
      <p>
        <inline name="agenda item">Agenda item 70 (c)</inline>
      </p>
      <p>
        <inline name="agenda item name">Promotion and protection of human rights: human rights situations and reports of special rapporteurs and representatives</inline>
      </p>
      <p>
        <docTitle>Resolution adopted by the General Assembly on 18 December 2019</docTitle>
      </p>
      <p xml:space="preserve">
        <docProponent refersTo="#thirdCommittee">[on the report of the Third Committee (<inline name="originating document">A/74/399/Add.3</inline>)]</docProponent>
      </p>
    </coverPage>
    <preface>
      <p>
        <docNumber>74/168.</docNumber>
        <docTitle refersTo="#resolutionTitle">Situation of human rights in the Autonomous Republic of Crimea and the city of Sevastopol, Ukraine</docTitle>
      </p>
    </preface>
    <preamble>
      <formula name="enactingFormula" eId="formula_1">
        <p xml:space="preserve">
          <span class="italic">The General Assembly</span>,</p>
      </formula>
      <container name="Guided" eId="container_2">
        <p xml:space="preserve">
          <span class="italic">Guided</span> by the purposes and principles of the Charter of the United Nations, and recalling the Universal Declaration of Human Rights,<authorialNote marker="1" placement="bottom" eId="authorialNote_1"><p xml:space="preserve">	 	Resolution <a href="https://undocs.org//en/A/RES/217 (III)">217 A (III)</a>.</p></authorialNote> international human rights treaties and other relevant international instruments and declarations,</p>
      </container>
      <container name="Recalling" eId="container_3">
        <p xml:space="preserve">
          <span class="italic">Recalling</span> the International Convention on the Elimination of All Forms of Racial Discrimination,<authorialNote marker="2" placement="bottom" eId="authorialNote_2"><p xml:space="preserve">	 	United Nations, <span class="italic">Treaty Series</span>, vol. 660, No. 9464.</p></authorialNote> the Convention against Torture and Other Cruel, Inhuman or Degrading Treatment or Punishment<authorialNote marker="3" placement="bottom" eId="authorialNote_3"><p xml:space="preserve">	 	Ibid., vol. 1465, No. 24841.</p></authorialNote> and the International Covenant on Civil and Political Rights,<authorialNote marker="4" placement="bottom" eId="authorialNote_4"><p xml:space="preserve">	 	See resolution <a href="https://undocs.org//en/A/RES/2200 (XXI)">2200 A (XXI)</a>, annex.</p></authorialNote></p>
      </container>
      <container name="Recalling also" eId="container_4">
        <p xml:space="preserve">
          <span class="italic">Recalling also</span> the Geneva Conventions of 12 August 1949<authorialNote marker="5" placement="bottom" eId="authorialNote_5"><p xml:space="preserve">	 	United Nations, <span class="italic">Treaty Series</span>, vol. 75, Nos. 970–973.</p></authorialNote> and Additional Protocol I thereto, of 1977,<authorialNote marker="6" placement="bottom" eId="authorialNote_6"><p xml:space="preserve">	 	Ibid., vol. 1125, No. 17512.</p></authorialNote> as applicable, as well as relevant customary international law,</p>
      </container>
      <container name="Confirming" eId="container_5">
        <p xml:space="preserve">
          <span class="italic">Confirming</span> the primary responsibility of States to promote and protect human rights,</p>
      </container>
      <container name="Reaffirming" eId="container_6">
        <p xml:space="preserve">
          <span class="italic">Reaffirming</span> the responsibility of States to respect international law, including the principle that all States shall refrain from the threat or use of force against the territorial integrity or political independence of any State and from acting in any other manner inconsistent with the purposes of the United Nations, recalling its resolution <a href="https://undocs.org/en/A/RES/2625 (XXV)">2625 (XXV)</a> of 24 October 1970, in which it approved the Declaration on Principles of International Law concerning Friendly Relations and Cooperation among States in accordance with the Charter of the United Nations, and reaffirming the principles contained therein,</p>
      </container>
      <container name="Recalling" eId="container_7">
        <p xml:space="preserve">
          <span class="italic">Recalling</span> its resolution <a href="https://undocs.org/en/A/RES/3314 (XXIX)">3314 (XXIX)</a> of 14 December 1974, entitled “Definition of aggression”,</p>
      </container>
      <container name="Recalling also" eId="container_8">
        <p xml:space="preserve">
          <span class="italic">Recalling also</span> its resolution <a href="https://undocs.org/en/A/RES/68/262">68/262</a> of 27 March 2014 on the territorial integrity of Ukraine, in which it affirmed its commitment to the sovereignty, political independence, unity and territorial integrity of Ukraine within its internationally recognized borders and called upon all States, international organizations and specialized agencies not to recognize any alteration to the status of the Autonomous Republic of Crimea and the city of Sevastopol and to refrain from any action or dealing that might be interpreted as recognizing any such altered status,</p>
      </container>
      <container name="Recalling further" eId="container_9">
        <p xml:space="preserve">
          <span class="italic">Recalling further</span> its resolutions <a href="https://undocs.org/en/A/RES/71/205">71/205</a> of 19 December 2016, <a href="https://undocs.org/en/A/RES/72/190">72/190</a> of 19 December 2017 and <a href="https://undocs.org/en/A/RES/73/263">73/263</a> of 22 December 2018 on the situation of human rights in the Autonomous Republic of Crimea and the city of Sevastopol, Ukraine, its resolution <a href="https://undocs.org/en/A/RES/73/194">73/194</a> of 17 December 2018 on the problem of the militarization of the Autonomous Republic of Crimea and the city of Sevastopol, Ukraine, as well as parts of the Black Sea and the Sea of Azov, and relevant decisions of international organizations, specialized agencies and bodies within the United Nations system,</p>
      </container>
      <container name="Gravely concerned" eId="container_10">
        <p xml:space="preserve">
          <span class="italic">Gravely concerned</span> that the provisions of those resolutions and relevant decisions of international organizations, specialized agencies and bodies within the United Nations system have not been implemented by the Russian Federation,</p>
      </container>
      <container name="Condemning" eId="container_11">
        <p xml:space="preserve">
          <span class="italic">Condemning</span> the ongoing temporary occupation of part of the territory of Ukraine – the Autonomous Republic of Crimea and the city of Sevastopol (hereinafter “Crimea”) – by the Russian Federation, and reaffirming the non-recognition of its annexation,</p>
      </container>
      <container name="Recalling" eId="container_12">
        <p xml:space="preserve">
          <span class="italic">Recalling</span> that the General Assembly, in its resolution <a href="https://undocs.org/en/A/RES/3314 (XXIX)">3314 (XXIX)</a>, states that no territorial acquisition or special advantage resulting from aggression is or shall be recognized as lawful, </p>
      </container>
      <container name="Affirming" eId="container_13">
        <p xml:space="preserve">
          <span class="italic">Affirming</span> that the seizure of Crimea by force is illegal and a violation of international law, and affirming also that those territories must be immediately returned,</p>
      </container>
      <container name="Supporting" eId="container_14">
        <p xml:space="preserve">
          <span class="italic">Supporting</span> the commitment by Ukraine to adhering to international law in its efforts to put an end to the Russian occupation of Crimea, and welcoming the commitments by Ukraine to protecting the human rights and fundamental freedoms of all its citizens,</p>
      </container>
      <container name="Reaffirming" eId="container_15">
        <p xml:space="preserve">
          <span class="italic">Reaffirming</span> the obligation of States to ensure that persons belonging to national or ethnic, religious and linguistic minorities may exercise fully and effectively all human rights and fundamental freedoms without any discrimination and in full equality before the law,</p>
      </container>
      <container name="Welcoming" eId="container_16">
        <p xml:space="preserve">
          <span class="italic">Welcoming</span> the reports of the Office of the United Nations High Commissioner for Human Rights on the human rights situation in Ukraine, of the Commissioner for Human Rights of the Council of Europe, and of the human rights assessment mission of the Office for Democratic Institutions and Human Rights and the High Commissioner on National Minorities of the Organization for Security and Cooperation in Europe, in which they stated that violations and abuses of human rights continued to take place in Crimea and pointed to the sharp deterioration of the overall human rights situation,</p>
      </container>
      <container name="Welcoming also" eId="container_17">
        <p xml:space="preserve">
          <span class="italic">Welcoming also</span> the reports of the Office of the United Nations High Commissioner for Human Rights on the situation of human rights in the temporarily occupied Autonomous Republic of Crimea and the city of Sevastopol, Ukraine, submitted pursuant to resolutions <a href="https://undocs.org/en/A/RES/71/205">71/205</a><authorialNote marker="7" placement="bottom" eId="authorialNote_7"><p xml:space="preserve">	 	See <a href="https://undocs.org/en/A/72/498">A/72/498</a>.</p></authorialNote> and <a href="https://undocs.org/en/A/RES/72/190">72/190</a>,<authorialNote marker="8" placement="bottom" eId="authorialNote_8"><p xml:space="preserve">	 	See <a href="https://undocs.org/en/A/73/404">A/73/404</a>.</p></authorialNote> and the report of the Secretary-General submitted pursuant to resolution <a href="https://undocs.org/en/A/RES/73/263">73/263</a>,<authorialNote marker="9" placement="bottom" eId="authorialNote_9"><p xml:space="preserve"><a href="https://undocs.org/en/A/74/276">A/74/276</a>.</p></authorialNote></p>
      </container>
      <container name="Reaffirming its grave concern" eId="container_18">
        <p xml:space="preserve">
          <span class="italic">Reaffirming its grave concern</span> that the human rights monitoring mission in Ukraine continues to be denied access to Crimea, despite its existing mandate, which covers the entire territory of Ukraine within its internationally recognized borders,</p>
      </container>
      <container name="Condemning" eId="container_19">
        <p xml:space="preserve">
          <span class="italic">Condemning</span> the imposition and retroactive application of the legal system of the Russian Federation, and its negative impact on the human rights situation in Crimea, the imposition of automatic Russian citizenship on protected persons in Crimea, which is contrary to international humanitarian law, including the Geneva Conventions and customary international law, and the deportation and regressive effects on the enjoyment of human rights of those who have rejected that citizenship,</p>
      </container>
      <container name="Gravely concerned" eId="container_20">
        <p xml:space="preserve">
          <span class="italic">Gravely concerned</span> by consistent reports that the Russian law enforcement system uses involuntary placement in a psychiatric institution as a form of harassment against and punishment of political opponents and activists,</p>
      </container>
      <container name="Deeply concerned" eId="container_21">
        <p xml:space="preserve">
          <span class="italic">Deeply concerned</span> that, since 2014, torture has reportedly been used by the Russian authorities to extract false confessions for politically motivated prosecutions, including in the case of Oleg Sentsov, a Ukrainian film-maker, and expressing deep concern about the ongoing arbitrary detentions and arrests by the Russian Federation of Ukrainian citizens, including Emir-Usein Kuku and many others,</p>
      </container>
      <container name="Deeply concerned also" eId="container_22">
        <p xml:space="preserve">
          <span class="italic">Deeply concerned also</span> that the occupation continues to affect the enjoyment of social and economic rights by residents, including children, older persons and persons with disabilities,</p>
      </container>
      <container name="Condemning" eId="container_23">
        <p xml:space="preserve">
          <span class="italic">Condemning</span> the reported serious violations and abuses committed against residents of Crimea, in particular extrajudicial killings, abductions, enforced disappearances, politically motivated prosecutions, discrimination, harassment, intimidation, violence, including sexual violence, arbitrary detentions and arrests, torture and ill-treatment, in particular to extract confessions, and psychiatric internment, and their forcible transfer or deportation from Crimea to the Russian Federation, as well as reported abuses of other fundamental freedoms, including the freedoms of expression, religion or belief and association and the right to peaceful assembly,</p>
      </container>
      <container name="Gravely concerned" eId="container_24">
        <p xml:space="preserve">
          <span class="italic">Gravely concerned</span> by the above-mentioned policies and practices of the Russian Federation, which cause a continuing threat and make it impossible to reside in Crimea, and have caused the population to move out from the peninsula, </p>
      </container>
      <container name="Recalling" eId="container_25">
        <p xml:space="preserve">
          <span class="italic">Recalling</span> that individual or mass forcible transfers, as well as deportations of protected persons from occupied territory to the territory of the occupying Power, or to that of any other country, occupied or not, are prohibited under international humanitarian law, regardless of their motive,</p>
      </container>
      <container name="Deeply concerned" eId="container_26">
        <p xml:space="preserve">
          <span class="italic">Deeply concerned</span> by consistent reports that the Russian Federation promotes policies and conducts practices aimed at changing the demographic structure in Crimea, and recalling in this respect that the occupying Power shall not deport or transfer parts of its own civilian population into the territory it occupies, </p>
      </container>
      <container name="Reaffirming its serious concern" eId="container_27">
        <p xml:space="preserve">
          <span class="italic">Reaffirming its serious concern</span> at the decision of the so-called Supreme Court of Crimea of 26 April 2016 and the decision of the Supreme Court of the Russian Federation of 29 September 2016 to declare the Mejlis of the Crimean Tatar People, the self-governing body of the Crimean Tatars, to be an extremist organization and to ban its activities,</p>
      </container>
      <container name="Condemning" eId="container_28">
        <p xml:space="preserve">
          <span class="italic">Condemning</span> the ongoing pressure exerted upon religious minority communities, including through frequent police raids, undue registration requirements that have affected legal status and property rights and threats against and persecution of those belonging to the Orthodox Church of Ukraine, the Protestant Church, mosques and Muslim religious schools, Greek Catholics, Roman Catholics and Jehovah’s Witnesses, and condemning also the baseless prosecution of dozens of peaceful Muslims for allegedly belonging to Islamic organizations,</p>
      </container>
      <container name="Condemning also" eId="container_29">
        <p xml:space="preserve">
          <span class="italic">Condemning also</span> the continuous widespread misuse of counter-terrorism and anti-extremism laws to suppress dissent,</p>
      </container>
      <container name="Strongly condemning" eId="container_30">
        <p xml:space="preserve">
          <span class="italic">Strongly condemning</span> in this regard mass detentions on terrorism grounds and other forms of repression against human rights defenders, including against activists of the Crimean Solidarity civic initiative, which documents abuses on the peninsula and provides humanitarian assistance to the families of victims of politically motivated prosecutions,</p>
      </container>
      <container name="Recalling" eId="container_31">
        <p xml:space="preserve">
          <span class="italic">Recalling</span> the order of the International Court of Justice of 19 April 2017 on provisional measures in the case concerning the <span class="italic">Application of the International Convention for the Suppression of the Financing of Terrorism and of the International Convention on the Elimination of All Forms of Racial Discrimination (Ukraine v. Russian Federation)</span>,<authorialNote marker="10" placement="bottom" eId="authorialNote_10"><p xml:space="preserve">	 	See <span class="italic">Official Records of the General Assembly, Seventy-second Session, Supplement No. 4</span> (<a href="https://undocs.org/en/A/72/4">A/72/4</a>), chap. V, sect. A.</p></authorialNote></p>
      </container>
      <container name="Recalling also" eId="container_32">
        <p xml:space="preserve">
          <span class="italic">Recalling also</span> the prohibition under the Geneva Conventions of 12 August 1949 for the occupying Power to compel protected persons to serve in its armed or auxiliary forces, including through pressure or propaganda that is aimed at securing voluntary enlistment, and condemning the ongoing recruitment campaign in Crimea and criminal prosecutions of Crimean men for draft evasion,</p>
      </container>
      <container name="Underlining" eId="container_33">
        <p xml:space="preserve">
          <span class="italic">Underlining</span> the importance of the measures to develop transparent, accessible, non-discriminatory and expeditious procedures and regulations governing access to Crimea for human rights defenders, journalists, media workers and lawyers, as well as the possibility to appeal, in accordance with national legislation and in conformity with all applicable international law,</p>
      </container>
      <container name="Condemning" eId="container_34">
        <p xml:space="preserve">
          <span class="italic">Condemning</span> the blocking by the Russian Federation of Ukrainian websites and television channels and the seizure of Ukrainian transmission frequencies in Crimea,</p>
      </container>
      <container name="Welcoming" eId="container_35">
        <p xml:space="preserve">
          <span class="italic">Welcoming</span> the support provided by Ukraine to media outlets and civil society organizations that have fled Crimea, which improves the ability of the media and civil society to work independently and without interference,</p>
      </container>
      <container name="Welcoming also" eId="container_36">
        <p xml:space="preserve">
          <span class="italic">Welcoming also</span> the continued efforts of the Secretary-General, the United Nations High Commissioner for Human Rights, the Organization for Security and Cooperation in Europe, the Council of Europe and other international and regional organizations to support Ukraine in promoting, protecting and ensuring human rights, and expressing further concern over the lack of safe and unfettered access by established regional and international human rights monitoring mechanisms and human rights non-governmental organizations to Crimea,</p>
      </container>
      <container name="Acknowledging" eId="container_37">
        <p xml:space="preserve">
          <span class="italic">Acknowledging</span> the importance of the release by the Russian Federation and Ukraine of detained persons on 7 September 2019, and calling upon the Russian Federation to release all unlawfully detained Ukrainian citizens and to ensure their safe return to Ukraine,</p>
      </container>
    </preamble>
    <mainBody>
      <paragraph eId="para_38" class="SingleTxt">
        <num>	1.</num>
        <content eId="para_38__content">
          <p xml:space="preserve">
            <span class="italic">Deplores</span> the failure of the Russian Federation to comply with the repeated requests and demands of the General Assembly, as well as with the order of the International Court of Justice of 19 April 2017 on provisional measures in the case concerning the <span class="italic">Application of the International Convention for the Suppression of the Financing of Terrorism and of the International Convention on the Elimination of All Forms of Racial Discrimination (Ukraine v. Russian Federation)</span>;<sup>10</sup></p>
        </content>
      </paragraph>
      <paragraph eId="para_39" class="SingleTxt">
        <num>	2.</num>
        <content eId="para_39__content">
          <p xml:space="preserve">
            <span class="italic">Strongly condemns</span> the continuing and total disregard by the Russian Federation for its obligations under the Charter of the United Nations and international law regarding its legal responsibility for the occupied territory, including the responsibility to respect Ukrainian law and the rights of all civilians;</p>
        </content>
      </paragraph>
      <paragraph eId="para_40" class="SingleTxt">
        <num>	3.</num>
        <content eId="para_40__content">
          <p xml:space="preserve">
            <span class="italic">Condemns</span> all attempts by the Russian Federation to legitimize or normalize its attempted annexation of Crimea, including the automatic imposition of Russian citizenship, illegal election campaigns and change of the demographic structure of the population of Crimea;</p>
        </content>
      </paragraph>
      <paragraph eId="para_41" class="SingleTxt">
        <num>	4.</num>
        <content eId="para_41__content">
          <p xml:space="preserve">
            <span class="italic">Also condemns</span> violations, abuses, measures and practices of discrimination against the residents of the temporarily occupied Crimea, including Crimean Tatars, as well as Ukrainians and persons belonging to other ethnic and religious groups, by the Russian occupation authorities;</p>
        </content>
      </paragraph>
      <paragraph eId="para_42" class="SingleTxt">
        <num>	5.</num>
        <content eId="para_42__content">
          <p xml:space="preserve">
            <span class="italic">Further condemns</span> the unlawful imposition of laws, jurisdiction and administration in the occupied Crimea by the Russian Federation, and demands that the Russian Federation respect obligations under international law with regard to respecting the laws in force in Crimea prior to occupation;</p>
        </content>
      </paragraph>
      <paragraph eId="para_43" class="SingleTxt">
        <num>	6.</num>
        <content eId="para_43__content">
          <p xml:space="preserve">
            <span class="italic">Urges</span> the Russian Federation:</p>
        </content>
      </paragraph>
      <paragraph eId="para_44" class="SingleTxt">
        <content eId="para_44__content">
          <p xml:space="preserve">	(a)	To uphold all of its obligations under applicable international law as an occupying Power;</p>
        </content>
      </paragraph>
      <paragraph eId="para_45" class="SingleTxt">
        <content eId="para_45__content">
          <p xml:space="preserve">	(b)	To fully and immediately comply with the order of the International Court of Justice of 19 April 2017;</p>
        </content>
      </paragraph>
      <paragraph eId="para_46" class="SingleTxt">
        <content eId="para_46__content">
          <p xml:space="preserve">	(c)	To take all measures necessary to bring an immediate end to all violations and abuses against residents of Crimea, in particular reported discriminatory measures and practices, arbitrary detentions and arrests, torture and other cruel, inhuman or degrading treatment, revoke all discriminatory legislation and hold accountable those responsible for those violations and abuses;</p>
        </content>
      </paragraph>
      <paragraph eId="para_47" class="SingleTxt">
        <content eId="para_47__content">
          <p xml:space="preserve">	(d)	To refrain from arresting or prosecuting Crimean residents for non‑criminal acts committed or opinions expressed, including in social media comments or posts, before the occupation, and release all Crimean residents who have been arrested or imprisoned for such acts;</p>
        </content>
      </paragraph>
      <paragraph eId="para_48" class="SingleTxt">
        <content eId="para_48__content">
          <p xml:space="preserve">	(e)	To respect the laws in force in Ukraine, repeal laws imposed in Crimea by the Russian Federation that allow for forced evictions and the confiscation of private property in Crimea, in violation of applicable international law, and respect the property rights of all former owners affected by previous confiscations;</p>
        </content>
      </paragraph>
      <paragraph eId="para_49" class="SingleTxt">
        <content eId="para_49__content">
          <p xml:space="preserve">	(f)	To immediately release and allow the return to Ukraine, without preconditions, of Ukrainian citizens who were unlawfully detained and judged without regard for the requirements of international law, as well as those transferred or deported across internationally recognized borders from Crimea to the Russian Federation;</p>
        </content>
      </paragraph>
      <paragraph eId="para_50" class="SingleTxt">
        <content eId="para_50__content">
          <p xml:space="preserve">	(g)	To report the number of individuals transferred from Crimea to the Russian Federation to serve criminal sentences and take immediate actions in order to return such individuals to Crimea;</p>
        </content>
      </paragraph>
      <paragraph eId="para_51" class="SingleTxt">
        <content eId="para_51__content">
          <p xml:space="preserve">	(h)	To monitor and accommodate the medical needs of all Ukrainian citizens unlawfully detained for the exercise of their human rights and fundamental freedoms, including political prisoners, in Crimea and the Russian Federation and allow the monitoring of those detainees’ state of health and conditions of detention by independent international monitors and physicians from reputable international health organizations, including the European Committee for the Prevention of Torture and Inhuman or Degrading Treatment or Punishment and the International Committee of the Red Cross, and investigate effectively all deaths in detention;</p>
        </content>
      </paragraph>
      <paragraph eId="para_52" class="SingleTxt">
        <content eId="para_52__content">
          <p xml:space="preserve">	(i)	To uphold the rights, in accordance with international law and until their release, of Ukrainian prisoners and detainees in Crimea and in the Russian Federation, including those on hunger strike, and encourages it to respect the United Nations Standard Minimum Rules for the Treatment of Prisoners (the Nelson Mandela Rules);<authorialNote marker="11" placement="bottom" eId="authorialNote_11"><p xml:space="preserve">	 	Resolution <a href="https://undocs.org/en/A/RES/70/175">70/175</a>, annex.</p></authorialNote></p>
        </content>
      </paragraph>
      <paragraph eId="para_53" class="SingleTxt">
        <content eId="para_53__content">
          <p xml:space="preserve">	(j)	To provide Ukrainian consular officials with information on Ukrainian citizens detained in the Russian Federation, ensure freedom of consular communication with, and consular access to, detained Ukrainian citizens, in accordance with the Vienna Convention on Consular Relations,<authorialNote marker="12" placement="bottom" eId="authorialNote_12"><p xml:space="preserve">	 	United Nations, <span class="italic">Treaty Series</span>, vol. 596, No. 8638.</p></authorialNote> to which the Russian Federation is a party, and allow Ukrainian officials, including the Ukrainian Parliament Commissioner for Human Rights, to visit all Ukrainian citizens, including political prisoners in Crimea and the Russian Federation;</p>
        </content>
      </paragraph>
      <paragraph eId="para_54" class="SingleTxt">
        <content eId="para_54__content">
          <p xml:space="preserve">	(k)	To address the issue of impunity and ensure that those found to be responsible for violations and abuses are held accountable before an independent judiciary;</p>
        </content>
      </paragraph>
      <paragraph eId="para_55" class="SingleTxt">
        <content eId="para_55__content">
          <p xml:space="preserve">	(l)	To create and maintain a safe and enabling environment for journalists and media workers, human rights defenders and defence lawyers to perform their work independently and without undue interference in Crimea;</p>
        </content>
      </paragraph>
      <paragraph eId="para_56" class="SingleTxt">
        <content eId="para_56__content">
          <p xml:space="preserve">	(m)	To restore enjoyment of the rights of all individuals, without any discrimination based on origin or religion or belief, revoke the decisions that banned cultural and religious institutions, non-governmental organizations, human rights organizations and media outlets and restore enjoyment of the rights of individuals belonging to ethnic communities in Crimea, in particular Ukrainians and Crimean Tatars, including that to engage in cultural gatherings;</p>
        </content>
      </paragraph>
      <paragraph eId="para_57" class="SingleTxt">
        <content eId="para_57__content">
          <p xml:space="preserve">	(n)	To ensure that the right to freedom of opinion and expression and the rights to peaceful assembly and freedom of association can be exercised by all Crimean residents in any form, including single-person pickets, without any restrictions other than those permissible under international law, including international human rights law, and without discrimination on any grounds;</p>
        </content>
      </paragraph>
      <paragraph eId="para_58" class="SingleTxt">
        <content eId="para_58__content">
          <p xml:space="preserve">	(o)	To refrain from criminalizing the right to freedom of opinion and expression and the right to peaceful assembly and quash all penalties imposed on Crimean residents for expressing dissenting views, including regarding the status of Crimea;</p>
        </content>
      </paragraph>
      <paragraph eId="para_59" class="SingleTxt">
        <content eId="para_59__content">
          <p xml:space="preserve">	(p)	To ensure the availability of education in the Ukrainian and Crimean Tatar languages;</p>
        </content>
      </paragraph>
      <paragraph eId="para_60" class="SingleTxt">
        <content eId="para_60__content">
          <p xml:space="preserve">	(q)	To revoke immediately the decision declaring the Mejlis of the Crimean Tatar People an extremist organization and banning its activities, repeal the decision banning leaders of the Mejlis from entering Crimea and refrain from maintaining or imposing limitations on the ability of the Crimean Tatar community to conserve its representative institutions;</p>
        </content>
      </paragraph>
      <paragraph eId="para_61" class="SingleTxt">
        <content eId="para_61__content">
          <p xml:space="preserve">	(r)	To end the practice of compelling Crimean residents to serve in the armed or auxiliary forces of the Russian Federation, including through pressure or propaganda, and in particular ensure that Crimean residents are not compelled to participate in military operations of the Russian Federation;</p>
        </content>
      </paragraph>
      <paragraph eId="para_62" class="SingleTxt">
        <content eId="para_62__content">
          <p xml:space="preserve">	(s)	To end the practices of deporting Ukrainian citizens from Crimea for not taking Russian citizenship and of discriminating against Crimean residents for not possessing identity documents issued by the Russian Federation, stop transferring its own civilian population to Crimea and end the practice of encouraging such transfers;</p>
        </content>
      </paragraph>
      <paragraph eId="para_63" class="SingleTxt">
        <content eId="para_63__content">
          <p xml:space="preserve">	(t)	To cooperate fully and immediately with the Office of the United Nations High Commissioner for Human Rights, the Organization for Security and Cooperation in Europe, including its Special Monitoring Mission to Ukraine, which must have safe, secure and unhindered access to the entire territory of Ukraine, including the Autonomous Republic of Crimea and the city of Sevastopol, and the Council of Europe on the situation of human rights in Crimea;</p>
        </content>
      </paragraph>
      <paragraph eId="para_64" class="SingleTxt">
        <num>	7.</num>
        <content eId="para_64__content">
          <p xml:space="preserve">
            <span class="italic">Calls upon</span> the Russian Federation to address the substantive concerns and all recommendations highlighted in the reports of the Secretary-General<sup>9</sup> and the Office of the United Nations High Commissioner for Human Rights on the situation of human rights in the temporarily occupied Autonomous Republic of Crimea and the city of Sevastopol, Ukraine,<sup>7,8</sup> as well as previous relevant recommendations from 27 reports on the situation of human rights in Ukraine by the Office of the High Commissioner based on the work of the United Nations human rights monitoring mission in Ukraine established to prevent further deterioration of human rights in Crimea;</p>
        </content>
      </paragraph>
      <paragraph eId="para_65" class="SingleTxt">
        <num>	8.</num>
        <content eId="para_65__content">
          <p xml:space="preserve">
            <span class="italic">Requests</span> the Secretary-General to continue to seek ways and means, including through consultations with the United Nations High Commissioner for Human Rights and relevant regional organizations, to ensure safe and unfettered access to Crimea by established regional and international human rights monitoring mechanisms, in particular the human rights monitoring mission in Ukraine, to enable them to carry out their mandate;</p>
        </content>
      </paragraph>
      <paragraph eId="para_66" class="SingleTxt">
        <num>	9.</num>
        <content eId="para_66__content">
          <p xml:space="preserve">
            <span class="italic">Urges</span> the Russian Federation to ensure the proper and unimpeded access of international human rights monitoring missions and human rights non‑governmental organizations to Crimea, including all places where persons may be deprived of their liberty, recognizing that the international presence and monitoring of compliance with international human rights law and international humanitarian law in Crimea are of paramount importance in preventing further deterioration of the situation; </p>
        </content>
      </paragraph>
      <paragraph eId="para_67" class="SingleTxt">
        <num>	10.</num>
        <content eId="para_67__content">
          <p xml:space="preserve">
            <span class="italic">Supports</span> the efforts of Ukraine to maintain economic, financial, political, social, informational, cultural and other ties with its citizens in the occupied Crimea in order to facilitate their access to democratic processes, economic opportunities and objective information;</p>
        </content>
      </paragraph>
      <paragraph eId="para_68" class="SingleTxt">
        <num>	11.</num>
        <content eId="para_68__content">
          <p xml:space="preserve">
            <span class="italic">Calls upon</span> all international organizations and specialized agencies of the United Nations system, when referring to Crimea in their official documents, communications and publications, including with regard to statistical data of the Russian Federation, to refer to “the Autonomous Republic of Crimea and the city of Sevastopol, Ukraine, temporarily occupied by the Russian Federation”, and encourages all States and other international organizations to do the same;</p>
        </content>
      </paragraph>
      <paragraph eId="para_69" class="SingleTxt">
        <num>	12.</num>
        <content eId="para_69__content">
          <p xml:space="preserve">
            <span class="italic">Calls upon</span> the international community to continue to support the work of the United Nations to ensure respect for international human rights law and international humanitarian law in Crimea;</p>
        </content>
      </paragraph>
      <paragraph eId="para_70" class="SingleTxt">
        <num>	13.</num>
        <content eId="para_70__content">
          <p xml:space="preserve">
            <span class="italic">Calls upon</span> Member States to continue advocacy for the respect of human rights, including by condemning human rights violations and abuses committed in Crimea at bilateral and multilateral forums;</p>
        </content>
      </paragraph>
      <paragraph eId="para_71" class="SingleTxt">
        <num>	14.</num>
        <content eId="para_71__content">
          <p xml:space="preserve">
            <span class="italic">Requests</span> the Secretary-General to take all steps necessary to ensure the full and effective coordination of all United Nations bodies with regard to the implementation of the present resolution;</p>
        </content>
      </paragraph>
      <paragraph eId="para_72" class="SingleTxt">
        <num>	15.</num>
        <content eId="para_72__content">
          <p xml:space="preserve">
            <span class="italic">Also requests</span> the Secretary-General to continue to provide his good offices and pursue his discussions relating to Crimea, involving all relevant stakeholders and including the concerns addressed in the present resolution;</p>
        </content>
      </paragraph>
      <paragraph eId="para_73" class="SingleTxt">
        <num>	16.</num>
        <content eId="para_73__content">
          <p xml:space="preserve">
            <span class="italic">Further requests</span> the Secretary-General to report to the General Assembly at its seventy-fifth session on the progress made in the implementation of the present resolution, including options and recommendations to improve its implementation, and to submit an interim report to the Human Rights Council at its forty-fourth session;</p>
        </content>
      </paragraph>
      <paragraph eId="para_74" class="SingleTxt">
        <num>	17.</num>
        <content eId="para_74__content">
          <p xml:space="preserve">
            <span class="italic">Decides</span> to continue its consideration of the matter at its seventy-fifth session under the item entitled “Promotion and protection of human rights”.</p>
        </content>
      </paragraph>
    </mainBody>
    <conclusions eId="conclusions">
      <p>
        <inline name="adoptionMeeting" title="50th">50th plenary meeting</inline>
        <eol />
        <docDate date="2019-12-18" refersTo="#adoptionDate">18 December 2019</docDate>
      </p>
    </conclusions>
  </statement>
</akomaNtoso>