<akomaNtoso xmlns:xsi="http://www.w3.org/2001/XMLSchema-instance" xsi:schemaLocation="http://docs.oasis-open.org/legaldocml/ns/akn/3.0 http://docs.oasis-open.org/legaldocml/akn-core/v1.0/os/part2-specs/schemas/akomantoso30.xsd" xmlns="http://docs.oasis-open.org/legaldocml/ns/akn/3.0" xmlns:html="http://www.w3.org/1999/xhtml" xmlns:akn4un="http://un.org/akn4un">
  <statement name="resolution">
    <meta>
      <identification source="#DGACM">
        <FRBRWork>
          <FRBRthis value="/akn/un/statement/deliberation/unga/2019-12-18/74-172/!main/"></FRBRthis>
          <FRBRuri value="/akn/un/statement/deliberation/unga/2019-12-18/74-172/"></FRBRuri>
          <FRBRdate date="2019-12-18" name="adoption"></FRBRdate>
          <FRBRauthor href="ga" as="author"></FRBRauthor>
          <FRBRcountry value="un"></FRBRcountry>
        </FRBRWork>
        <FRBRExpression>
          <FRBRthis value="/akn/un/statement/deliberation/unga/2019-12-18/74-172/eng@!main/"></FRBRthis>
          <FRBRuri value="/akn/un/statement/deliberation/unga/2019-12-18/74-172/eng@/"></FRBRuri>
          <FRBRdate date="2020-01-07" name="publication"></FRBRdate>
          <FRBRauthor href="ga" as="issuer"></FRBRauthor>
          <FRBRlanguage language="eng"></FRBRlanguage>
        </FRBRExpression>
        <FRBRManifestation>
          <FRBRthis value="/akn/un/statement/deliberation/unga/2019-12-18/74-172/eng@/!main.xml"></FRBRthis>
          <FRBRuri value="/akn/un/statement/deliberation/unga/2019-12-18/74-172/eng@.xml"></FRBRuri>
          <FRBRdate date="2020-07-31" name="markup"></FRBRdate>
          <FRBRauthor href="DGACM" as="editor"></FRBRauthor>
        </FRBRManifestation>
      </identification>
      <classification source="http://metadata.un.org/sdg">
        <keyword value="16" href="http://metadata.un.org/sdg/16" showAs="sdg_16" dictionary="SDGO"></keyword>
        <keyword value="right_to_justice" href="http://eurovoc.europa.eu/516" showAs="right_to_justice" dictionary="EuroVoc"></keyword>
        <keyword value="sustainable_development" href="http://eurovoc.europa.eu/5585" showAs="sustainable_development" dictionary="EuroVoc"></keyword>
        <keyword value="civil_society" href="http://metadata.un.org/thesaurus/1001012" showAs="civil_society" dictionary="UNBIS Thesaurus"></keyword>
        <keyword value="justice" href="http://metadata.un.org/thesaurus/1003500" showAs="justice" dictionary="UNBIS Thesaurus"></keyword>
        <keyword value="peaceful_coexistence" href="http://metadata.un.org/thesaurus/1004777" showAs="peaceful_coexistence" dictionary="UNBIS Thesaurus"></keyword>
        <keyword value="public_institutions" href="http://metadata.un.org/thesaurus/1005254" showAs="public_institutions" dictionary="UNBIS Thesaurus"></keyword>
        <keyword value="social_justice" href="http://metadata.un.org/thesaurus/1005970" showAs="social_justice" dictionary="UNBIS Thesaurus"></keyword>
        <keyword value="sustainable_development" href="http://metadata.un.org/thesaurus/1006319" showAs="sustainable_development" dictionary="UNBIS Thesaurus"></keyword>
      </classification>
      <classification source="http://metadata.un.org/sdg">
        <keyword value="4" href="http://metadata.un.org/sdg/4" showAs="sdg_4" dictionary="SDGO"></keyword>
        <keyword value="education" href="http://eurovoc.europa.eu/668" showAs="education" dictionary="EuroVoc"></keyword>
        <keyword value="right_to_education" href="http://eurovoc.europa.eu/512" showAs="right_to_education" dictionary="EuroVoc"></keyword>
        <keyword value="education" href="http://metadata.un.org/thesaurus/1001893" showAs="education" dictionary="UNBIS Thesaurus"></keyword>
      </classification>
      <classification source="http://metadata.un.org/sdg">
        <keyword value="17" href="http://metadata.un.org/sdg/17" showAs="sdg_17" dictionary="SDGO"></keyword>
        <keyword value="sustainable_development" href="http://eurovoc.europa.eu/5585" showAs="sustainable_development" dictionary="EuroVoc"></keyword>
        <keyword value="partnership" href="http://eurovoc.europa.eu/4199" showAs="partnership" dictionary="EuroVoc"></keyword>
        <keyword value="sustainable_development" href="http://metadata.un.org/thesaurus/1006319" showAs="sustainable_development" dictionary="UNBIS Thesaurus"></keyword>
        <keyword value="partnership" href="http://metadata.un.org/thesaurus/1004748" showAs="partnership" dictionary="UNBIS Thesaurus"></keyword>
      </classification>
      <workflow source="#un">
        <step date="2019-09-20" outcome="draftResolution" as="A/C.3/74/L.4" by="submitted by the Chair of the Committee on the recommendation of the Economic and Social Council" />
        <step date="0001-01-01" outcome="draftResolutionAdditionalSponsors" by="" />
        <step date="0001-01-01" outcome="recommendedForAdoption" as="A/74/400" by="" refersTo="29" />
        <step date="2019-12-18" outcome="adopted" as="A/74/PV.50" by="" />
      </workflow>
      <analysis source="#un">
        <parliamentary>
          <voting outcome="adoptedWithoutVote">
            <quorum value=""></quorum>
          </voting>
        </parliamentary>
      </analysis>
      <references source="#DGACM">
        <TLCOrganization eId="source" href="/akn/ontology/organization/un/DGACM" showAs="DGACM"></TLCOrganization>
        <TLCConcept eId="dateOfIssuance" href="/akn/ontology/concept/un/dateOfIssuance" showAs="Date of issuance"></TLCConcept>
        <TLCConcept eId="dateOfAdoption" href="/akn/ontology/concept/un/dateOfAdoption" showAs="Date of adoption"></TLCConcept>
        <TLCConcept eId="symbol" href="/akn/ontology/reference/un/symbol" showAs="Symbol"></TLCConcept>
        <TLCRole eId="publisher" href="/akn/ontology/role/un/publisher" showAs="Publisher"></TLCRole>
        <TLCRole eId="issuingBody" href="/akn/role/concept/un/issuingBody" showAs="Issuing body"></TLCRole>
        <TLCRole eId="author" href="/akn/ontology/role/un/author" showAs="Author"></TLCRole>
        <TLCRole eId="editor" href="/akn/ontology/role/un/editor" showAs="Editor"></TLCRole>
        <TLCRole eId="distribution" href="/akn/ontology/concept/un/generalDistribution" showAs="General distribution"></TLCRole>
        <TLCOrganization eId="ga" href="/akn/ontology/organization/un/generalAssembly" showAs="General Assembly"></TLCOrganization>
        <TLCTerm eId="resolutionTitle" href="/akn/ontology/reference/un/resolutionTitle" showAs="Resolution title"></TLCTerm>
        <TLCTerm eId="thirdCommittee" href="#thirdCommittee" showAs="Third Committee"></TLCTerm>
        <TLCTerm eId="memberState" href="/akn/ontology/organization/un/memberState" showAs="Member State"></TLCTerm>
        <TLCTerm eId="inFavour" href="/akn/ontology/concept/un/voting/inFavour" showAs="In favour"></TLCTerm>
        <TLCTerm eId="against" href="/akn/ontology/concept/un/voting/against" showAs="Against"></TLCTerm>
        <TLCTerm eId="abstaining" href="/akn/ontology/concept/un/voting/abstaining" showAs="Abstaining"></TLCTerm>
      </references>
      <presentation source="#un">
        <akn4un:footerFirstPage>
          <akn4un:footerFirstPageLeft>
            <akn4un:internalCode>
              <docketNumber refersTo="#publicationJobNumber">19-22318 (E)</docketNumber>
              <img alt="bar code" class="barCode" src=""></img>
            </akn4un:internalCode>
          </akn4un:footerFirstPageLeft>
          <akn4un:footerFirstPageRight>
            <img alt="Please recycle" class="image" src="./recylcleLogo.jpg"></img>
            <img alt="embedded QR code" class="qrCode" src=""></img>
          </akn4un:footerFirstPageRight>
        </akn4un:footerFirstPage>
      </presentation>
    </meta>
    <coverPage eId="coverPage_1">
      <p>
        <span refersTo="#publisher" class="upperLeft">
          <docAuthority refersTo="#publisher">United Nations</docAuthority>
        </span>
      </p>
      <p class="upperRight">
        <docNumber refersTo="#symbol">A/RES/74/172</docNumber>
      </p>
      <p class="upperLeft">
        <img src="logo-un.jpg"></img>
        <docAuthority refersTo="#issuingBody" class="rightBig">General Assembly</docAuthority>
      </p>
      <p>
        <docStatus refersTo="#generalDistribution" class="rightSmall">Distr.: General</docStatus>
      </p>
      <p>
        <docDate date="2020-01-07" class="rightSmall" refersTo="#dateOfIssuance">7 January 2020</docDate>
      </p>
      <p>
        <session refersTo="#generalAssembly" value="74" eId="coverPage_1__session_1">Seventy-fourth session</session>
      </p>
      <p>
        <inline name="agenda item">Agenda item 106</inline>
      </p>
      <p>
        <inline name="agenda item name">Crime prevention and criminal justice</inline>
      </p>
      <p>
        <docTitle>Resolution adopted by the General Assembly on 18 December 2019</docTitle>
      </p>
      <p xml:space="preserve">
        <docProponent refersTo="#thirdCommittee">[on the report of the Third Committee (<inline name="originating document">A/74/400</inline>)]</docProponent>
      </p>
    </coverPage>
    <preface>
      <p>
        <docNumber>74/172.</docNumber>
        <docTitle refersTo="#resolutionTitle">Education for Justice and the rule of law in the context of sustainable development</docTitle>
      </p>
    </preface>
    <preamble>
      <formula name="enactingFormula" eId="formula_1">
        <p xml:space="preserve">
          <span class="italic">The General Assembly</span>,</p>
      </formula>
      <container name="Reaffirming" eId="container_2">
        <p xml:space="preserve">
          <span class="italic">Reaffirming</span> its commitment to the purposes and principles of the Charter of the United Nations and international law, which are the indispensable foundation of a more peaceful, prosperous and just world, and reiterating its determination to foster strict respect for them and to establish a just and lasting peace all over the world,</p>
      </container>
      <container name="Reaffirming also" eId="container_3">
        <p xml:space="preserve">
          <span class="italic">Reaffirming also</span> the right of everyone to education, which is enshrined in the Universal Declaration of Human Rights<authorialNote marker="1" placement="bottom" eId="authorialNote_1"><p xml:space="preserve">	 	Resolution <a href="https://undocs.org/en/a/res/217 (III)">217 A (III)</a>.</p></authorialNote> and is recognized by States parties to the International Covenant on Economic, Social and Cultural Rights,<authorialNote marker="2" placement="bottom" eId="authorialNote_2"><p xml:space="preserve">	 	See resolution <a href="https://undocs.org/en/A/RES/2200 (XXI)">2200 A (XXI)</a>, annex.</p></authorialNote> the Convention on the Rights of the Child,<authorialNote marker="3" placement="bottom" eId="authorialNote_3"><p xml:space="preserve">	 	United Nations, <span class="italic">Treaty Series</span>, vol. 1577, No. 27531.</p></authorialNote> the Convention on the Elimination of All Forms of Discrimination against Women,<authorialNote marker="4" placement="bottom" eId="authorialNote_4"><p xml:space="preserve">	 	Ibid., vol. 1249, No. 20378.</p></authorialNote> the Convention on the Rights of Persons with Disabilities<authorialNote marker="5" placement="bottom" eId="authorialNote_5"><p xml:space="preserve">	 	Ibid., vol. 2515, No. 44910.</p></authorialNote> and other relevant instruments,</p>
      </container>
      <container name="Recalling" eId="container_4">
        <p xml:space="preserve">
          <span class="italic">Recalling</span> that the Sustainable Development Goals and targets, as set out in the 2030 Agenda for Sustainable Development,<authorialNote marker="6" placement="bottom" eId="authorialNote_6"><p xml:space="preserve">	 	Resolution <a href="https://undocs.org/A/RES/70/1">70/1</a>.</p></authorialNote> are integrated and indivisible and balance the three dimensions of sustainable development, and acknowledging the importance of taking measures to ensure inclusive and equitable quality education and promoting lifelong learning opportunities for all, including expanded opportunities for all children, particularly girls, to access quality education, as well as the need to promote peaceful and inclusive societies for sustainable development, provide access to justice for all and build effective, accountable and inclusive institutions at all levels, </p>
      </container>
      <container name="Recognizing" eId="container_5">
        <p xml:space="preserve">
          <span class="italic">Recognizing</span> the important and positive contribution of young people to efforts to maintain and promote peace and the rule of law, </p>
      </container>
      <container name="Reaffirming" eId="container_6">
        <p xml:space="preserve">
          <span class="italic">Reaffirming</span> the Doha Declaration on Integrating Crime Prevention and Criminal Justice into the Wider United Nations Agenda to Address Social and Economic Challenges and to Promote the Rule of Law at the National and International Levels, and Public Participation,<authorialNote marker="7" placement="bottom" eId="authorialNote_7"><p xml:space="preserve">	 	Resolution <a href="https://undocs.org/A/RES/70/174">70/174</a>, annex.</p></authorialNote> in which Member States emphasized that education for all children and youth, including the eradication of illiteracy, was fundamental to the prevention of crime and corruption and to the promotion of the rule of law and human rights while respecting cultural identities, and stressed the fundamental role of youth participation in crime prevention efforts, </p>
      </container>
      <container name="Taking note" eId="container_7">
        <p xml:space="preserve">
          <span class="italic">Taking note</span> of the Incheon Declaration: Education 2030 – towards inclusive and equitable quality education and lifelong learning for all, adopted at the World Education Forum 2015, held in Incheon, Republic of Korea, from 19 to 22 May 2015,<authorialNote marker="8" placement="bottom" eId="authorialNote_8"><p xml:space="preserve">	 	See United Nations Educational, Scientific and Cultural Organization, <span class="italic">Final Report of the World Education Forum 2015, Incheon, Republic of Korea, 19–22 May 2015</span> (Paris, 2015).</p></authorialNote> which affirmed the understanding of education as a main driver of development that is essential for peace, tolerance, human fulfilment and sustainable development, as well as key to achieving full employment and poverty eradication, </p>
      </container>
      <container name="Acknowledging" eId="container_8">
        <p xml:space="preserve">
          <span class="italic">Acknowledging</span> the importance of working to ensure inclusive and equitable quality education at all levels – early childhood, primary, secondary, tertiary, adult and distance education, including technical and vocational training – so that all people may have access to lifelong learning opportunities that help them to acquire the knowledge and skills needed to access opportunities to participate fully in society and contribute to sustainable development, </p>
      </container>
    </preamble>
    <mainBody>
      <paragraph eId="para_9" class="SingleTxt">
        <num>	1.</num>
        <content eId="para_9__content">
          <p xml:space="preserve">
            <span class="italic">Reiterates its invitation</span> to Governments to take into consideration the Doha Declaration on Integrating Crime Prevention and Criminal Justice into the Wider United Nations Agenda to Address Social and Economic Challenges and to Promote the Rule of Law at the National and International Levels, and Public Participation,<sup>7</sup> adopted by the Thirteenth United Nations Congress on Crime Prevention and Criminal Justice, when formulating legislation and policy directives and to make every effort, where appropriate, to implement the principles contained therein, in conformity with the purposes and principles of the Charter of the United Nations; </p>
        </content>
      </paragraph>
      <paragraph eId="para_10" class="SingleTxt">
        <num>	2.</num>
        <content eId="para_10__content">
          <p xml:space="preserve">
            <span class="italic">Recalls</span> the 2030 Agenda for Sustainable Development,<sup>6</sup> in which Member States committed themselves to the Sustainable Development Goals and targets and to ensuring that all learners acquired the knowledge and skills needed to promote sustainable development, including through education for sustainable development; </p>
        </content>
      </paragraph>
      <paragraph eId="para_11" class="SingleTxt">
        <num>	3.</num>
        <content eId="para_11__content">
          <p xml:space="preserve">
            <span class="italic">Urges</span> Member States to provide access to education for all, including technical and professional skills, and to promote lifelong learning skills for all, and invites Member States to promote educational programmes related to crime prevention, criminal justice and the rule of law, in particular for children and young people;</p>
        </content>
      </paragraph>
      <paragraph eId="para_12" class="SingleTxt">
        <num>	4.</num>
        <content eId="para_12__content">
          <p xml:space="preserve">
            <span class="italic">Calls upon</span> Member States to integrate crime prevention and criminal justice strategies into all relevant social and economic policies and programmes, in particular those affecting youth, with a special emphasis on programmes focused on increasing educational and employment opportunities for youth and young adults;</p>
        </content>
      </paragraph>
      <paragraph eId="para_13" class="SingleTxt">
        <num>	5.</num>
        <content eId="para_13__content">
          <p xml:space="preserve">
            <span class="italic">Invites</span> Member States, in accordance with domestic legislation, to encourage strengthened cooperation between the crime prevention and criminal justice sectors and the education sector, as well as other relevant sectors, to promote the integration of education on justice and the rule of law into their education systems and programmes; </p>
        </content>
      </paragraph>
      <paragraph eId="para_14" class="SingleTxt">
        <num>	6.</num>
        <content eId="para_14__content">
          <p xml:space="preserve">
            <span class="italic">Emphasizes</span> the right to education, recognizes that investment in universal, quality and inclusive education and training is the most important investment that States can make to ensure the short- and long-term development of youth, reiterates that access to inclusive, equitable and quality formal and non-formal education at all levels, including, as appropriate, catch-up and literacy education, including in information and communications technologies, for those who did not receive formal education, information and communications technologies and volunteerism are important factors that enable young people to acquire the relevant skills and to build their capacities, including for employability and entrepreneurial development, and to obtain decent and productive work, and calls upon Member States to take the actions necessary to ensure that young people have access to such services and opportunities, which will allow them to be drivers of development; </p>
        </content>
      </paragraph>
      <paragraph eId="para_15" class="SingleTxt">
        <num>	7.</num>
        <content eId="para_15__content">
          <p xml:space="preserve">
            <span class="italic">Invites</span> Member States to develop awareness-raising programmes to convey key values based on the rule of law and supported by educational programmes, to be accompanied by economic and social policies promoting equality, solidarity and justice, and to reach out to young people, drawing on them as agents of positive change; </p>
        </content>
      </paragraph>
      <paragraph eId="para_16" class="SingleTxt">
        <num>	8.</num>
        <content eId="para_16__content">
          <p xml:space="preserve">
            <span class="italic">Also invites</span> Member States to intensify, in line with their domestic legal frameworks, national and international efforts to eliminate all forms of discrimination, including racism, religious intolerance, xenophobia and gender-related discrimination, by, inter alia, raising awareness, developing educational materials and programmes and considering, where appropriate, drafting and enforcing legislation against discrimination and, to these ends, to strive to achieve all relevant Sustainable Development Goals, including Goals 4, 5, 8, 10 and 16; </p>
        </content>
      </paragraph>
      <paragraph eId="para_17" class="SingleTxt">
        <num>	9.</num>
        <content eId="para_17__content">
          <p xml:space="preserve">
            <span class="italic">Welcomes</span> the ongoing work of the United Nations Office on Drugs and Crime, within its mandate, in the area of education on justice and the rule of law, including under the Education for Justice initiative, which is a key component of the Global Programme for the Implementation of the Doha Declaration: Towards the Promotion of a Culture of Lawfulness;</p>
        </content>
      </paragraph>
      <paragraph eId="para_18" class="SingleTxt">
        <num>	10.</num>
        <content eId="para_18__content">
          <p xml:space="preserve">
            <span class="italic">Requests</span> the United Nations Office on Drugs and Crime to continue its efforts to promote education on the rule of law and justice in collaboration with the United Nations Educational, Scientific and Cultural Organization, in particular under the Global Citizenship Education for the Rule of Law: Doing the Right Thing partnership, and welcomes in this regard the launch of the joint publication entitled <span class="italic">Strengthening the Rule of Law through Education: A Guide for Policymakers</span>;</p>
        </content>
      </paragraph>
      <paragraph eId="para_19" class="SingleTxt">
        <num>	11.</num>
        <content eId="para_19__content">
          <p xml:space="preserve">
            <span class="italic">Notes</span> that the main theme of the Fourteenth United Nations Congress on Crime Prevention and Criminal Justice, to be held in Kyoto, Japan, in 2020, is “Advancing crime prevention, criminal justice and the rule of law: towards the achievement of the 2030 Agenda”, and welcomes the fruitful discussions and deliberations at the regional preparatory meetings for the Fourteenth Congress on that subject, particularly those relating to education;</p>
        </content>
      </paragraph>
      <paragraph eId="para_20" class="SingleTxt">
        <num>	12.</num>
        <content eId="para_20__content">
          <p xml:space="preserve">
            <span class="italic">Requests</span> the United Nations Office on Drugs and Crime to report on its activities to promote education on justice in the report of the Secretary-General on the implementation of the Doha Declaration to be submitted at the Fourteenth Congress;</p>
        </content>
      </paragraph>
      <paragraph eId="para_21" class="MercuryDocument">
        <num>	13.</num>
        <content eId="para_21__content">
          <p xml:space="preserve">
            <span class="italic">Invites</span> Member States and other donors to provide extrabudgetary resources for the purposes described above, in accordance with the rules and procedures of the United Nations.</p>
        </content>
      </paragraph>
    </mainBody>
    <conclusions eId="conclusions">
      <p>
        <inline name="adoptionMeeting" title="50th">50th plenary meeting</inline>
        <eol />
        <docDate date="2019-12-18" refersTo="#adoptionDate">18 December 2019</docDate>
      </p>
    </conclusions>
  </statement>
</akomaNtoso>