<akomaNtoso xmlns:xsi="http://www.w3.org/2001/XMLSchema-instance" xsi:schemaLocation="http://docs.oasis-open.org/legaldocml/ns/akn/3.0 http://docs.oasis-open.org/legaldocml/akn-core/v1.0/os/part2-specs/schemas/akomantoso30.xsd" xmlns="http://docs.oasis-open.org/legaldocml/ns/akn/3.0" xmlns:html="http://www.w3.org/1999/xhtml" xmlns:akn4un="http://un.org/akn4un">
  <statement name="resolution">
    <meta>
      <identification source="#DGACM">
        <FRBRWork>
          <FRBRthis value="/akn/un/statement/deliberation/unga/2019-12-18/74-124/!main/"></FRBRthis>
          <FRBRuri value="/akn/un/statement/deliberation/unga/2019-12-18/74-124/"></FRBRuri>
          <FRBRdate date="2019-12-18" name="adoption"></FRBRdate>
          <FRBRauthor href="ga" as="author"></FRBRauthor>
          <FRBRcountry value="un"></FRBRcountry>
        </FRBRWork>
        <FRBRExpression>
          <FRBRthis value="/akn/un/statement/deliberation/unga/2019-12-18/74-124/eng@!main/"></FRBRthis>
          <FRBRuri value="/akn/un/statement/deliberation/unga/2019-12-18/74-124/eng@/"></FRBRuri>
          <FRBRdate date="2020-01-22" name="publication"></FRBRdate>
          <FRBRauthor href="ga" as="issuer"></FRBRauthor>
          <FRBRlanguage language="eng"></FRBRlanguage>
        </FRBRExpression>
        <FRBRManifestation>
          <FRBRthis value="/akn/un/statement/deliberation/unga/2019-12-18/74-124/eng@/!main.xml"></FRBRthis>
          <FRBRuri value="/akn/un/statement/deliberation/unga/2019-12-18/74-124/eng@.xml"></FRBRuri>
          <FRBRdate date="2020-07-31" name="markup"></FRBRdate>
          <FRBRauthor href="DGACM" as="editor"></FRBRauthor>
        </FRBRManifestation>
      </identification>
      <classification source="http://metadata.un.org/sdg">
        <keyword value="5" href="http://metadata.un.org/sdg/5" showAs="sdg_5" dictionary="SDGO"></keyword>
        <keyword value="gender_equality" href="http://eurovoc.europa.eu/3913" showAs="gender_equality" dictionary="EuroVoc"></keyword>
        <keyword value="participation_of_women" href="http://eurovoc.europa.eu/2265" showAs="participation_of_women" dictionary="EuroVoc"></keyword>
        <keyword value="women&amp;#39;s_rights" href="http://eurovoc.europa.eu/585" showAs="women&amp;#39;s_rights" dictionary="EuroVoc"></keyword>
        <keyword value="position_of_women" href="http://eurovoc.europa.eu/81" showAs="position_of_women" dictionary="EuroVoc"></keyword>
        <keyword value="women" href="http://metadata.un.org/thesaurus/1007029" showAs="women" dictionary="UNBIS Thesaurus"></keyword>
        <keyword value="gender_equality" href="http://metadata.un.org/thesaurus/1002612" showAs="gender_equality" dictionary="UNBIS Thesaurus"></keyword>
        <keyword value="girls" href="http://metadata.un.org/thesaurus/1002684" showAs="girls" dictionary="UNBIS Thesaurus"></keyword>
      </classification>
      <classification source="http://metadata.un.org/sdg">
        <keyword value="3" href="http://metadata.un.org/sdg/3" showAs="sdg_3" dictionary="SDGO"></keyword>
        <keyword value="public_health" href="http://eurovoc.europa.eu/3885" showAs="public_health" dictionary="EuroVoc"></keyword>
        <keyword value="health" href="http://metadata.un.org/thesaurus/1002824" showAs="health" dictionary="UNBIS Thesaurus"></keyword>
      </classification>
      <classification source="http://metadata.un.org/sdg">
        <keyword value="16" href="http://metadata.un.org/sdg/16" showAs="sdg_16" dictionary="SDGO"></keyword>
        <keyword value="right_to_justice" href="http://eurovoc.europa.eu/516" showAs="right_to_justice" dictionary="EuroVoc"></keyword>
        <keyword value="sustainable_development" href="http://eurovoc.europa.eu/5585" showAs="sustainable_development" dictionary="EuroVoc"></keyword>
        <keyword value="civil_society" href="http://metadata.un.org/thesaurus/1001012" showAs="civil_society" dictionary="UNBIS Thesaurus"></keyword>
        <keyword value="justice" href="http://metadata.un.org/thesaurus/1003500" showAs="justice" dictionary="UNBIS Thesaurus"></keyword>
        <keyword value="peaceful_coexistence" href="http://metadata.un.org/thesaurus/1004777" showAs="peaceful_coexistence" dictionary="UNBIS Thesaurus"></keyword>
        <keyword value="public_institutions" href="http://metadata.un.org/thesaurus/1005254" showAs="public_institutions" dictionary="UNBIS Thesaurus"></keyword>
        <keyword value="social_justice" href="http://metadata.un.org/thesaurus/1005970" showAs="social_justice" dictionary="UNBIS Thesaurus"></keyword>
        <keyword value="sustainable_development" href="http://metadata.un.org/thesaurus/1006319" showAs="sustainable_development" dictionary="UNBIS Thesaurus"></keyword>
      </classification>
      <classification source="http://metadata.un.org/sdg">
        <keyword value="10" href="http://metadata.un.org/sdg/10" showAs="sdg_10" dictionary="SDGO"></keyword>
        <keyword value="social_inequality" href="http://eurovoc.europa.eu/1420" showAs="social_inequality" dictionary="EuroVoc"></keyword>
        <keyword value="equality" href="http://metadata.un.org/thesaurus/1002102" showAs="equality" dictionary="UNBIS Thesaurus"></keyword>
      </classification>
      <workflow source="#un">
        <step date="2019-11-12" outcome="draftResolution" as="A/C.3/74/L.13/Rev.1" by="State of Palestine (on behalf of the States Members of the United Nations that are members of the Group of 77 and China)" />
        <step date="0001-01-01" outcome="draftResolutionAdditionalSponsors" by="Belarus, Kazakhstan, Russian Federation, Turkey and Uzbekistan" />
        <step date="0001-01-01" outcome="recommendedForAdoption" as="A/74/391" by="" refersTo="49" />
        <step date="2019-12-18" outcome="adopted" as="A/74/PV.50" by="" />
      </workflow>
      <analysis source="#un">
        <parliamentary>
          <voting outcome="adoptedWithoutVote">
            <quorum value=""></quorum>
          </voting>
        </parliamentary>
      </analysis>
      <references source="#DGACM">
        <TLCOrganization eId="source" href="/akn/ontology/organization/un/DGACM" showAs="DGACM"></TLCOrganization>
        <TLCConcept eId="dateOfIssuance" href="/akn/ontology/concept/un/dateOfIssuance" showAs="Date of issuance"></TLCConcept>
        <TLCConcept eId="dateOfAdoption" href="/akn/ontology/concept/un/dateOfAdoption" showAs="Date of adoption"></TLCConcept>
        <TLCConcept eId="symbol" href="/akn/ontology/reference/un/symbol" showAs="Symbol"></TLCConcept>
        <TLCRole eId="publisher" href="/akn/ontology/role/un/publisher" showAs="Publisher"></TLCRole>
        <TLCRole eId="issuingBody" href="/akn/role/concept/un/issuingBody" showAs="Issuing body"></TLCRole>
        <TLCRole eId="author" href="/akn/ontology/role/un/author" showAs="Author"></TLCRole>
        <TLCRole eId="editor" href="/akn/ontology/role/un/editor" showAs="Editor"></TLCRole>
        <TLCRole eId="distribution" href="/akn/ontology/concept/un/generalDistribution" showAs="General distribution"></TLCRole>
        <TLCOrganization eId="ga" href="/akn/ontology/organization/un/generalAssembly" showAs="General Assembly"></TLCOrganization>
        <TLCTerm eId="resolutionTitle" href="/akn/ontology/reference/un/resolutionTitle" showAs="Resolution title"></TLCTerm>
        <TLCTerm eId="thirdCommittee" href="#thirdCommittee" showAs="Third Committee"></TLCTerm>
        <TLCTerm eId="memberState" href="/akn/ontology/organization/un/memberState" showAs="Member State"></TLCTerm>
        <TLCTerm eId="inFavour" href="/akn/ontology/concept/un/voting/inFavour" showAs="In favour"></TLCTerm>
        <TLCTerm eId="against" href="/akn/ontology/concept/un/voting/against" showAs="Against"></TLCTerm>
        <TLCTerm eId="abstaining" href="/akn/ontology/concept/un/voting/abstaining" showAs="Abstaining"></TLCTerm>
      </references>
      <presentation source="#un">
        <akn4un:footerFirstPage>
          <akn4un:footerFirstPageLeft>
            <akn4un:internalCode>
              <docketNumber refersTo="#publicationJobNumber">19-22044 (E)</docketNumber>
              <img alt="bar code" class="barCode" src=""></img>
            </akn4un:internalCode>
          </akn4un:footerFirstPageLeft>
          <akn4un:footerFirstPageRight>
            <img alt="Please recycle" class="image" src="./recylcleLogo.jpg"></img>
            <img alt="embedded QR code" class="qrCode" src=""></img>
          </akn4un:footerFirstPageRight>
        </akn4un:footerFirstPage>
      </presentation>
    </meta>
    <coverPage eId="coverPage_1">
      <p>
        <span refersTo="#publisher" class="upperLeft">
          <docAuthority refersTo="#publisher">United Nations</docAuthority>
        </span>
      </p>
      <p class="upperRight">
        <docNumber refersTo="#symbol">A/RES/74/124</docNumber>
      </p>
      <p class="upperLeft">
        <img src="logo-un.jpg"></img>
        <docAuthority refersTo="#issuingBody" class="rightBig">General Assembly</docAuthority>
      </p>
      <p>
        <docStatus refersTo="#generalDistribution" class="rightSmall">Distr.: General</docStatus>
      </p>
      <p>
        <docDate date="2020-01-22" class="rightSmall" refersTo="#dateOfIssuance">22 January 2020</docDate>
      </p>
      <p>
        <session refersTo="#generalAssembly" value="74" eId="coverPage_1__session_1">Seventy-fourth session</session>
      </p>
      <p>
        <inline name="agenda item">Agenda item 25 (b)</inline>
      </p>
      <p>
        <inline name="agenda item name">Social development: social development, including questions relating to the world social situation and to youth, ageing, persons with disabilities and the family</inline>
      </p>
      <p>
        <docTitle>Resolution adopted by the General Assembly on 18 December 2019</docTitle>
      </p>
      <p xml:space="preserve">
        <docProponent refersTo="#thirdCommittee">[on the report of the Third Committee (<inline name="originating document">A/74/391</inline>)]</docProponent>
      </p>
    </coverPage>
    <preface>
      <p>
        <docNumber>74/124.</docNumber>
        <docTitle refersTo="#resolutionTitle">Follow-up to the twentieth anniversary of the International Year of the Family and beyond</docTitle>
      </p>
    </preface>
    <preamble>
      <formula name="enactingFormula" eId="formula_1">
        <p xml:space="preserve">
          <span class="italic">The General Assembly</span>,</p>
      </formula>
      <container name="Recalling" eId="container_2">
        <p xml:space="preserve">
          <span class="italic">Recalling</span> its resolutions <a href="https://undocs.org/en/A/RES/44/82">44/82</a> of 8 December 1989, <a href="https://undocs.org/en/A/RES/50/142">50/142</a> of 21 December 1995, <a href="https://undocs.org/en/A/RES/52/81">52/81</a> of 12 December 1997, <a href="https://undocs.org/en/A/RES/54/124">54/124</a> of 17 December 1999, <a href="https://undocs.org/en/A/RES/56/113">56/113</a> of 19 December 2001, <a href="https://undocs.org/en/A/RES/57/164">57/164</a> of 18 December 2002, <a href="https://undocs.org/en/A/RES/58/15">58/15</a> of 3 December 2003, <a href="https://undocs.org/en/A/RES/59/111">59/111</a> of 6 December 2004, <a href="https://undocs.org/en/A/RES/59/147">59/147</a> of 20 December 2004, <a href="https://undocs.org/en/A/RES/60/133">60/133</a> of 16 December 2005, <a href="https://undocs.org/en/A/RES/62/129">62/129</a> of 18 December 2007, <a href="https://undocs.org/en/A/RES/64/133">64/133</a> of 18 December 2009, <a href="https://undocs.org/en/A/RES/66/126">66/126</a> of 19 December 2011, <a href="https://undocs.org/en/A/RES/67/142">67/142</a> of 20 December 2012, <a href="https://undocs.org/en/A/RES/68/136">68/136</a> of 18 December 2013, <a href="https://undocs.org/en/A/RES/69/144">69/144</a> of 18 December 2014, <a href="https://undocs.org/en/A/RES/71/163">71/163</a> of 19 December 2016, <a href="https://undocs.org/en/A/RES/72/145">72/145</a> of 19 December 2017 and <a href="https://undocs.org/en/A/RES/73/144">73/144</a> of 17 December 2018 concerning the proclamation of, preparations for and observance of the International Year of the Family and its tenth and twentieth anniversaries, </p>
      </container>
      <container name="Recognizing" eId="container_3">
        <p xml:space="preserve">
          <span class="italic">Recognizing</span> that the preparations for and observance of the twentieth anniversary of the International Year in 2014 provided a useful opportunity to continue to raise awareness of the objectives of the International Year for increasing cooperation on family issues at all levels and for undertaking concerted action to strengthen family-oriented policies and programmes as part of an integrated comprehensive approach to development, </p>
      </container>
      <container name="Recognizing also" eId="container_4">
        <p xml:space="preserve">
          <span class="italic">Recognizing also</span> that the objectives of the International Year and its follow-up processes, especially those relating to family-oriented policies in the areas of poverty, work-family balance and intergenerational issues, with attention given to the rights and responsibilities of all family members, can contribute to ending poverty, ending hunger, ensuring a healthy life and promoting well-being for all at all ages, promoting lifelong learning opportunities for all, ensuring better education outcomes for children, including early childhood development and education, enabling access to employment opportunities and decent work for parents and caregivers, achieving gender equality and the empowerment of all women and girls and eliminating all forms of violence, in particular against women and girls, and supporting the overall quality of life of families, including families in vulnerable situations, so that family members can realize their full potential, as part of an integrated comprehensive approach to development, </p>
      </container>
      <container name="Acknowledging" eId="container_5">
        <p xml:space="preserve">
          <span class="italic">Acknowledging</span> that the family-related provisions of the outcomes of the major United Nations conferences and summits and their follow-up processes continue to provide policy guidance on ways to strengthen family-oriented components of policies and programmes as part of an integrated comprehensive approach to development, </p>
      </container>
      <container name="Recognizing" eId="container_6">
        <p xml:space="preserve">
          <span class="italic">Recognizing</span> the continuing efforts of Governments, the United Nations system, regional organizations and civil society, including academic institutions, to fulfil the objectives of the twentieth anniversary of the International Year at the national, regional and international levels, </p>
      </container>
      <container name="Acknowledging" eId="container_7">
        <p xml:space="preserve">
          <span class="italic">Acknowledging</span> that the International Year and its follow-up processes have served as catalysts for initiatives at the national and international levels, including family-oriented policies and programmes to reduce poverty and hunger and promote the well-being of all at all ages, and can boost development efforts, contribute to better outcomes for children and help to break the intergenerational transfer of poverty in support of the implementation of the 2030 Agenda for Sustainable Development,<authorialNote marker="1" placement="bottom" eId="authorialNote_1"><p xml:space="preserve">	 	Resolution <a href="https://undocs.org/en/A/RES/70/1">70/1</a>. </p></authorialNote></p>
      </container>
      <container name="Acknowledging also" eId="container_8">
        <p xml:space="preserve">
          <span class="italic">Acknowledging also</span> that strengthening intergenerational relations, through such measures as promoting intergenerational living arrangements and encouraging extended family members to live in close proximity to each other, has been found to promote the autonomy, security and well-being of children and older persons and that initiatives to promote involved and positive parenting and to support the role of grandparents have been found to be beneficial in advancing social integration and solidarity between generations, as well as in promoting and protecting the human rights of all family members, </p>
      </container>
    </preamble>
    <mainBody>
      <paragraph eId="para_9" class="SingleTxt">
        <num>	1.</num>
        <content eId="para_9__content">
          <p xml:space="preserve">
            <span class="italic">Takes note with appreciation</span> of the report of the Secretary-General;<authorialNote marker="2" placement="bottom" eId="authorialNote_2"><p xml:space="preserve"><a href="https://undocs.org/en/A/74/61">A/74/61-E/2019/4</a>. </p></authorialNote></p>
        </content>
      </paragraph>
      <paragraph eId="para_10" class="SingleTxt">
        <num>	2.</num>
        <content eId="para_10__content">
          <p xml:space="preserve">
            <span class="italic">Encourages</span> Governments to continue their efforts to implement the objectives of the International Year of the Family and its follow-up processes and to develop strategies and programmes aimed at strengthening national capacities to address national priorities relating to family issues and to step up their efforts, in collaboration with relevant stakeholders, to implement those objectives, in particular in the areas of fighting poverty and hunger and ensuring the well-being of all at all ages; </p>
        </content>
      </paragraph>
      <paragraph eId="para_11" class="SingleTxt">
        <num>	3.</num>
        <content eId="para_11__content">
          <p xml:space="preserve">
            <span class="italic">Invites</span> Member States to invest in a variety of inclusive, family-oriented policies and programmes, which take into account the different needs and expectations of families, as important tools for, inter alia, fighting poverty, social exclusion and inequality, promoting work-family balance and gender equality and the empowerment of all women and girls and advancing social integration and intergenerational solidarity, to support the implementation of the 2030 Agenda for Sustainable Development;<sup>1</sup></p>
        </content>
      </paragraph>
      <paragraph eId="para_12" class="SingleTxt">
        <num>	4.</num>
        <content eId="para_12__content">
          <p xml:space="preserve">
            <span class="italic">Encourages</span> Member States to continue to enact inclusive and responsive family-oriented policies for poverty reduction in line with the main objectives of the twentieth anniversary of the International Year, to confront family poverty and social exclusion, recognizing the multidimensional aspects of poverty, focusing on inclusive and quality education and lifelong learning for all, health and well-being for all at all ages, full and productive employment, decent work, social security, livelihoods and social cohesion, including through gender- and age-sensitive social protection systems and measures, such as child allowances for parents and pension benefits for older persons, and to ensure that the rights, capabilities and responsibilities of all family members are respected; </p>
        </content>
      </paragraph>
      <paragraph eId="para_13" class="SingleTxt">
        <num>	5.</num>
        <content eId="para_13__content">
          <p xml:space="preserve">
            <span class="italic">Also encourages</span> Member States to promote work-family balance as conducive to the well-being of children, youth, persons with disabilities and older persons and the achievement of gender equality and the empowerment of all women and girls, inter alia, through the improvement of working conditions for workers with family responsibilities, expanding flexible working arrangements, including through the use of new information and communications technologies, and providing and/or expanding leave arrangements, such as maternity leave and paternity leave, and adequate social security benefits for both women and men, taking appropriate steps to ensure that they are not discriminated against when availing themselves of such benefits and promoting men’s awareness and use of such opportunities, for their children’s developmental benefit and as a means of enabling women to increase their participation in the labour market; </p>
        </content>
      </paragraph>
      <paragraph eId="para_14" class="SingleTxt">
        <num>	6.</num>
        <content eId="para_14__content">
          <p xml:space="preserve">
            <span class="italic">Further encourages</span> Member States to take appropriate steps to provide affordable, accessible and good-quality childcare facilities and facilities for children and other dependants and measures promoting the equal sharing of household responsibilities between women and men, recognizing, reducing and redistributing women’s and girls’ disproportionate share of unpaid care and domestic work and fully engaging men and boys as agents and beneficiaries of change and as strategic partners and allies in this regard; </p>
        </content>
      </paragraph>
      <paragraph eId="para_15" class="SingleTxt">
        <num>	7.</num>
        <content eId="para_15__content">
          <p xml:space="preserve">
            <span class="italic">Encourages</span> Member States to invest in family-oriented policies and programmes that enhance strong intergenerational interactions, such as intergenerational living arrangements, parenting education, including for family caregivers, and support for grandparents, including grandparents who are primary caregivers, in an effort to promote inclusive urbanization, active ageing, intergenerational solidarity and social cohesion; </p>
        </content>
      </paragraph>
      <paragraph eId="para_16" class="SingleTxt">
        <num>	8.</num>
        <content eId="para_16__content">
          <p xml:space="preserve">
            <span class="italic">Also encourages</span> Member States to consider providing universal and gender-sensitive social protection systems, which are key to ensuring poverty reduction, including, as appropriate, targeted cash transfers for families in vulnerable situations, as can be the case of families headed by a single parent, in particular those headed by women, and which are most effective in reducing poverty when accompanied by other measures, such as providing access to basic services, high-quality education and health-care services; </p>
        </content>
      </paragraph>
      <paragraph eId="para_17" class="SingleTxt">
        <num>	9.</num>
        <content eId="para_17__content">
          <p xml:space="preserve">
            <span class="italic">Further encourages</span> Member States to provide legal identity, including birth registration, in accordance with international law, including relevant provisions of the Convention on the Rights of the Child<authorialNote marker="3" placement="bottom" eId="authorialNote_3"><p xml:space="preserve">	 	United Nations, <span class="italic">Treaty Series</span>, vol. 1577, No. 27531. </p></authorialNote> and/or relevant provisions of the International Covenant on Civil and Political Rights,<authorialNote marker="4" placement="bottom" eId="authorialNote_4"><p xml:space="preserve">	 	See resolution <a href="https://undocs.org//en/A/RES/2200 (XXI)">2200 A (XXI)</a>, annex. </p></authorialNote> and death registration, as a means of, inter alia, promoting peaceful and inclusive societies for sustainable development; </p>
        </content>
      </paragraph>
      <paragraph eId="para_18" class="SingleTxt">
        <num>	10.</num>
        <content eId="para_18__content">
          <p xml:space="preserve">
            <span class="italic">Encourages</span> Member States to invest in parenting education as a tool to enhance children’s well-being and prevent all forms of violence against children, including through promoting non-violent forms of discipline; </p>
        </content>
      </paragraph>
      <paragraph eId="para_19" class="SingleTxt">
        <num>	11.</num>
        <content eId="para_19__content">
          <p xml:space="preserve">
            <span class="italic">Also encourages</span> Member States to improve the collection and use of data, disaggregated by age, sex and other relevant criteria, for the formulation and evaluation of family-oriented policies and programmes to effectively respond to the challenges faced by families and harness their contribution to development; </p>
        </content>
      </paragraph>
      <paragraph eId="para_20" class="SingleTxt">
        <num>	12.</num>
        <content eId="para_20__content">
          <p xml:space="preserve">
            <span class="italic">Encourages</span> Governments to support the United Nations trust fund on family activities; </p>
        </content>
      </paragraph>
      <paragraph eId="para_21" class="SingleTxt">
        <num>	13.</num>
        <content eId="para_21__content">
          <p xml:space="preserve">
            <span class="italic">Encourages</span> Member States to strengthen cooperation with all relevant stakeholders, including United Nations entities, civil society, academic institutions and the private sector, in the development and implementation of relevant family-oriented policies and programmes; </p>
        </content>
      </paragraph>
      <paragraph eId="para_22" class="SingleTxt">
        <num>	14.</num>
        <content eId="para_22__content">
          <p xml:space="preserve">
            <span class="italic">Encourages</span> further collaboration between the Department of Economic and Social Affairs of the Secretariat and the United Nations entities, agencies, funds and programmes, as well as other relevant intergovernmental and non-governmental organizations active in the family field, as well as the enhancement of research efforts and awareness-raising activities relating to the objectives of the International Year and its follow-up processes; </p>
        </content>
      </paragraph>
      <paragraph eId="para_23" class="SingleTxt">
        <num>	15.</num>
        <content eId="para_23__content">
          <p xml:space="preserve">
            <span class="italic">Requests</span> the focal point on the family of the Department of Economic and Social Affairs to enhance collaboration with the regional commissions, funds and programmes, recommends that the roles of focal points within the United Nations system be reaffirmed, and invites Member States to increase technical cooperation efforts, consider enhancing the role of the regional commissions on family issues and continue to provide resources for those efforts, facilitate the coordination of national and international non-governmental organizations on family issues and enhance cooperation with all relevant stakeholders to promote family issues and develop partnerships in this regard; </p>
        </content>
      </paragraph>
      <paragraph eId="para_24" class="SingleTxt">
        <num>	16.</num>
        <content eId="para_24__content">
          <p xml:space="preserve">
            <span class="italic">Calls upon</span> Member States and agencies and bodies of the United Nations system, in consultation with civil society and other relevant stakeholders, to continue to provide information on their activities, including on good practices at the national, regional and international levels, including the relevant United Nations forums, in support of the objectives of the International Year and its follow-up processes, to be included in the report of the Secretary-General; </p>
        </content>
      </paragraph>
      <paragraph eId="para_25" class="SingleTxt">
        <num>	17.</num>
        <content eId="para_25__content">
          <p xml:space="preserve">
            <span class="italic">Requests</span> the Secretary-General to submit a report to the General Assembly at its seventy-sixth session, through the Commission for Social Development and the Economic and Social Council, on the implementation of the objectives of the International Year and its follow-up processes by Member States and by agencies and bodies of the United Nations system and on the appropriate ways and means to observe the thirtieth anniversary of the International Year of the Family, in 2024; </p>
        </content>
      </paragraph>
      <paragraph eId="para_26" class="MercuryDocument">
        <num>	18.</num>
        <content eId="para_26__content">
          <p xml:space="preserve">
            <span class="italic">Decides</span> to consider the topic “Implementation of the objectives of the International Year of the Family and its follow-up processes” at its seventy-fifth session under the sub-item entitled “Social development, including questions relating to the world social situation and to youth, ageing, persons with disabilities and the family” of the item entitled “Social development”.</p>
        </content>
      </paragraph>
    </mainBody>
    <conclusions eId="conclusions">
      <p>
        <inline name="adoptionMeeting" title="50th">50th plenary meeting</inline>
        <eol />
        <docDate date="2019-12-18" refersTo="#adoptionDate">18 December 2019</docDate>
      </p>
    </conclusions>
  </statement>
</akomaNtoso>