<akomaNtoso xmlns:xsi="http://www.w3.org/2001/XMLSchema-instance" xsi:schemaLocation="http://docs.oasis-open.org/legaldocml/ns/akn/3.0 http://docs.oasis-open.org/legaldocml/akn-core/v1.0/os/part2-specs/schemas/akomantoso30.xsd" xmlns="http://docs.oasis-open.org/legaldocml/ns/akn/3.0" xmlns:html="http://www.w3.org/1999/xhtml" xmlns:akn4un="http://un.org/akn4un">
  <statement name="resolution">
    <meta>
      <identification source="#DGACM">
        <FRBRWork>
          <FRBRthis value="/akn/un/statement/deliberation/unga/2019-12-03/74-12/!main/"></FRBRthis>
          <FRBRuri value="/akn/un/statement/deliberation/unga/2019-12-03/74-12/"></FRBRuri>
          <FRBRdate date="2019-12-03" name="adoption"></FRBRdate>
          <FRBRauthor href="ga" as="author"></FRBRauthor>
          <FRBRcountry value="un"></FRBRcountry>
        </FRBRWork>
        <FRBRExpression>
          <FRBRthis value="/akn/un/statement/deliberation/unga/2019-12-03/74-12/eng@!main/"></FRBRthis>
          <FRBRuri value="/akn/un/statement/deliberation/unga/2019-12-03/74-12/eng@/"></FRBRuri>
          <FRBRdate date="2019-12-09" name="publication"></FRBRdate>
          <FRBRauthor href="ga" as="issuer"></FRBRauthor>
          <FRBRlanguage language="eng"></FRBRlanguage>
        </FRBRExpression>
        <FRBRManifestation>
          <FRBRthis value="/akn/un/statement/deliberation/unga/2019-12-03/74-12/eng@/!main.xml"></FRBRthis>
          <FRBRuri value="/akn/un/statement/deliberation/unga/2019-12-03/74-12/eng@.xml"></FRBRuri>
          <FRBRdate date="2020-07-22" name="markup"></FRBRdate>
          <FRBRauthor href="DGACM" as="editor"></FRBRauthor>
        </FRBRManifestation>
      </identification>
      <classification source="http://metadata.un.org/sdg">
        <keyword value="4" href="http://metadata.un.org/sdg/4" showAs="sdg_4" dictionary="SDGO"></keyword>
        <keyword value="education" href="http://eurovoc.europa.eu/668" showAs="education" dictionary="EuroVoc"></keyword>
        <keyword value="right_to_education" href="http://eurovoc.europa.eu/512" showAs="right_to_education" dictionary="EuroVoc"></keyword>
        <keyword value="education" href="http://metadata.un.org/thesaurus/1001893" showAs="education" dictionary="UNBIS Thesaurus"></keyword>
      </classification>
      <classification source="http://metadata.un.org/sdg">
        <keyword value="4.a" href="http://metadata.un.org/sdg/4.a" showAs="sdg_4.a" dictionary="SDGO"></keyword>
        <keyword value="power_of_implementation" href="http://eurovoc.europa.eu/2577" showAs="power_of_implementation" dictionary="EuroVoc"></keyword>
        <keyword value="educational_facilities" href="http://metadata.un.org/thesaurus/1001902" showAs="educational_facilities" dictionary="UNBIS Thesaurus"></keyword>
      </classification>
      <workflow source="#un">
        <step date="2019-11-25" outcome="draftResolution" as="A/74/L.16" by="Comoros, Cuba, Indonesia, Jordan, Kuwait, Lao People's Democratic Republic, Qatar, Saudi Arabia, Senegal, United Arab Emirates and Yemen" />
        <step date="0001-01-01" outcome="draftResolutionAdditionalSponsors" by="Algeria, Bahrain, Bangladesh, Brunei Darussalam, Democratic People’s Republic of Korea, Djibouti, Egypt, Gambia, Guinea, Iraq, Lebanon, Malaysia, Mauritania, Morocco, Namibia, Nicaragua, Oman, Somalia, South Africa, Sudan, Tunisia, Venezuela (Bolivarian Republic of), Viet Nam and State of Palestine" />
        <step date="0001-01-01" outcome="recommendedForAdoption" by="" />
        <step date="2019-12-03" outcome="adopted" as="A/74/PV.38" by="" />
      </workflow>
      <analysis source="#un">
        <parliamentary>
          <voting outcome="adoptedRecordedVote">
            <count value="87" refersTo="inFavour">
              <akn4un:voters>
                <organization refersTo="memberState">AFGHANISTAN</organization>
                <organization refersTo="memberState">ALGERIA</organization>
                <organization refersTo="memberState">ANGOLA</organization>
                <organization refersTo="memberState">ANTIGUA AND BARBUDA</organization>
                <organization refersTo="memberState">AZERBAIJAN</organization>
                <organization refersTo="memberState">BAHRAIN</organization>
                <organization refersTo="memberState">BANGLADESH</organization>
                <organization refersTo="memberState">BELIZE</organization>
                <organization refersTo="memberState">BHUTAN</organization>
                <organization refersTo="memberState">BOLIVIA (PLURINATIONAL STATE OF)</organization>
                <organization refersTo="memberState">BOTSWANA</organization>
                <organization refersTo="memberState">BRUNEI DARUSSALAM</organization>
                <organization refersTo="memberState">BURUNDI</organization>
                <organization refersTo="memberState">CAMBODIA</organization>
                <organization refersTo="memberState">CHILE</organization>
                <organization refersTo="memberState">CHINA</organization>
                <organization refersTo="memberState">COSTA RICA</organization>
                <organization refersTo="memberState">CUBA</organization>
                <organization refersTo="memberState">CYPRUS</organization>
                <organization refersTo="memberState">DEMOCRATIC PEOPLE'S REPUBLIC OF KOREA</organization>
                <organization refersTo="memberState">DJIBOUTI</organization>
                <organization refersTo="memberState">DOMINICAN REPUBLIC</organization>
                <organization refersTo="memberState">ECUADOR</organization>
                <organization refersTo="memberState">EGYPT</organization>
                <organization refersTo="memberState">EL SALVADOR</organization>
                <organization refersTo="memberState">ERITREA</organization>
                <organization refersTo="memberState">ETHIOPIA</organization>
                <organization refersTo="memberState">GABON</organization>
                <organization refersTo="memberState">GAMBIA</organization>
                <organization refersTo="memberState">GUINEA</organization>
                <organization refersTo="memberState">GUYANA</organization>
                <organization refersTo="memberState">INDIA</organization>
                <organization refersTo="memberState">INDONESIA</organization>
                <organization refersTo="memberState">IRAN (ISLAMIC REPUBLIC OF)</organization>
                <organization refersTo="memberState">IRAQ</organization>
                <organization refersTo="memberState">JAMAICA</organization>
                <organization refersTo="memberState">JORDAN</organization>
                <organization refersTo="memberState">KAZAKHSTAN</organization>
                <organization refersTo="memberState">KENYA</organization>
                <organization refersTo="memberState">KUWAIT</organization>
                <organization refersTo="memberState">KYRGYZSTAN</organization>
                <organization refersTo="memberState">LAO PEOPLE'S DEMOCRATIC REPUBLIC</organization>
                <organization refersTo="memberState">LEBANON</organization>
                <organization refersTo="memberState">LESOTHO</organization>
                <organization refersTo="memberState">LIBYA</organization>
                <organization refersTo="memberState">MALAYSIA</organization>
                <organization refersTo="memberState">MALDIVES</organization>
                <organization refersTo="memberState">MALI</organization>
                <organization refersTo="memberState">MALTA</organization>
                <organization refersTo="memberState">MAURITANIA</organization>
                <organization refersTo="memberState">MAURITIUS</organization>
                <organization refersTo="memberState">MOROCCO</organization>
                <organization refersTo="memberState">MOZAMBIQUE</organization>
                <organization refersTo="memberState">NAMIBIA</organization>
                <organization refersTo="memberState">NEPAL</organization>
                <organization refersTo="memberState">NICARAGUA</organization>
                <organization refersTo="memberState">NIGERIA</organization>
                <organization refersTo="memberState">OMAN</organization>
                <organization refersTo="memberState">PAKISTAN</organization>
                <organization refersTo="memberState">PHILIPPINES</organization>
                <organization refersTo="memberState">QATAR</organization>
                <organization refersTo="memberState">SAINT LUCIA</organization>
                <organization refersTo="memberState">SAINT VINCENT AND THE GRENADINES</organization>
                <organization refersTo="memberState">SAUDI ARABIA</organization>
                <organization refersTo="memberState">SENEGAL</organization>
                <organization refersTo="memberState">SIERRA LEONE</organization>
                <organization refersTo="memberState">SINGAPORE</organization>
                <organization refersTo="memberState">SOMALIA</organization>
                <organization refersTo="memberState">SOUTH AFRICA</organization>
                <organization refersTo="memberState">SRI LANKA</organization>
                <organization refersTo="memberState">SUDAN</organization>
                <organization refersTo="memberState">SURINAME</organization>
                <organization refersTo="memberState">SYRIAN ARAB REPUBLIC</organization>
                <organization refersTo="memberState">TAJIKISTAN</organization>
                <organization refersTo="memberState">THAILAND</organization>
                <organization refersTo="memberState">TUNISIA</organization>
                <organization refersTo="memberState">TURKEY</organization>
                <organization refersTo="memberState">TURKMENISTAN</organization>
                <organization refersTo="memberState">UGANDA</organization>
                <organization refersTo="memberState">UNITED ARAB EMIRATES</organization>
                <organization refersTo="memberState">URUGUAY</organization>
                <organization refersTo="memberState">UZBEKISTAN</organization>
                <organization refersTo="memberState">VENEZUELA (BOLIVARIAN REPUBLIC OF)</organization>
                <organization refersTo="memberState">VIET NAM</organization>
                <organization refersTo="memberState">YEMEN</organization>
                <organization refersTo="memberState">ZAMBIA</organization>
                <organization refersTo="memberState">ZIMBABWE</organization>
              </akn4un:voters>
            </count>
            <count value="23" refersTo="against">
              <akn4un:voters>
                <organization refersTo="memberState">AUSTRALIA</organization>
                <organization refersTo="memberState">AUSTRIA</organization>
                <organization refersTo="memberState">BRAZIL</organization>
                <organization refersTo="memberState">BULGARIA</organization>
                <organization refersTo="memberState">CANADA</organization>
                <organization refersTo="memberState">COLOMBIA</organization>
                <organization refersTo="memberState">CZECHIA</organization>
                <organization refersTo="memberState">DENMARK</organization>
                <organization refersTo="memberState">ESTONIA</organization>
                <organization refersTo="memberState">GERMANY</organization>
                <organization refersTo="memberState">GREECE</organization>
                <organization refersTo="memberState">GUATEMALA</organization>
                <organization refersTo="memberState">HONDURAS</organization>
                <organization refersTo="memberState">HUNGARY</organization>
                <organization refersTo="memberState">ISRAEL</organization>
                <organization refersTo="memberState">LITHUANIA</organization>
                <organization refersTo="memberState">MARSHALL ISLANDS</organization>
                <organization refersTo="memberState">MICRONESIA (FEDERATED STATES OF)</organization>
                <organization refersTo="memberState">NAURU</organization>
                <organization refersTo="memberState">NETHERLANDS</organization>
                <organization refersTo="memberState">ROMANIA</organization>
                <organization refersTo="memberState">SLOVAKIA</organization>
                <organization refersTo="memberState">UNITED STATES</organization>
              </akn4un:voters>
            </count>
            <count value="54" refersTo="abstaining">
              <akn4un:voters>
                <organization refersTo="memberState">ALBANIA</organization>
                <organization refersTo="memberState">ANDORRA</organization>
                <organization refersTo="memberState">ARGENTINA</organization>
                <organization refersTo="memberState">ARMENIA</organization>
                <organization refersTo="memberState">BELARUS</organization>
                <organization refersTo="memberState">BELGIUM</organization>
                <organization refersTo="memberState">BOSNIA AND HERZEGOVINA</organization>
                <organization refersTo="memberState">CABO VERDE</organization>
                <organization refersTo="memberState">CAMEROON</organization>
                <organization refersTo="memberState">COTE D'IVOIRE</organization>
                <organization refersTo="memberState">CROATIA</organization>
                <organization refersTo="memberState">FIJI</organization>
                <organization refersTo="memberState">FINLAND</organization>
                <organization refersTo="memberState">FRANCE</organization>
                <organization refersTo="memberState">GEORGIA</organization>
                <organization refersTo="memberState">GHANA</organization>
                <organization refersTo="memberState">ICELAND</organization>
                <organization refersTo="memberState">IRELAND</organization>
                <organization refersTo="memberState">ITALY</organization>
                <organization refersTo="memberState">JAPAN</organization>
                <organization refersTo="memberState">LATVIA</organization>
                <organization refersTo="memberState">LIECHTENSTEIN</organization>
                <organization refersTo="memberState">LUXEMBOURG</organization>
                <organization refersTo="memberState">MEXICO</organization>
                <organization refersTo="memberState">MONACO</organization>
                <organization refersTo="memberState">MONTENEGRO</organization>
                <organization refersTo="memberState">NEW ZEALAND</organization>
                <organization refersTo="memberState">NORTH MACEDONIA</organization>
                <organization refersTo="memberState">NORWAY</organization>
                <organization refersTo="memberState">PALAU</organization>
                <organization refersTo="memberState">PANAMA</organization>
                <organization refersTo="memberState">PAPUA NEW GUINEA</organization>
                <organization refersTo="memberState">PARAGUAY</organization>
                <organization refersTo="memberState">PERU</organization>
                <organization refersTo="memberState">POLAND</organization>
                <organization refersTo="memberState">PORTUGAL</organization>
                <organization refersTo="memberState">REPUBLIC OF KOREA</organization>
                <organization refersTo="memberState">REPUBLIC OF MOLDOVA</organization>
                <organization refersTo="memberState">RUSSIAN FEDERATION</organization>
                <organization refersTo="memberState">RWANDA</organization>
                <organization refersTo="memberState">SAMOA</organization>
                <organization refersTo="memberState">SAN MARINO</organization>
                <organization refersTo="memberState">SERBIA</organization>
                <organization refersTo="memberState">SLOVENIA</organization>
                <organization refersTo="memberState">SOLOMON ISLANDS</organization>
                <organization refersTo="memberState">SOUTH SUDAN</organization>
                <organization refersTo="memberState">SPAIN</organization>
                <organization refersTo="memberState">SWEDEN</organization>
                <organization refersTo="memberState">SWITZERLAND</organization>
                <organization refersTo="memberState">TOGO</organization>
                <organization refersTo="memberState">TONGA</organization>
                <organization refersTo="memberState">UKRAINE</organization>
                <organization refersTo="memberState">UNITED KINGDOM</organization>
                <organization refersTo="memberState">VANUATU</organization>
              </akn4un:voters>
            </count>
          </voting>
        </parliamentary>
      </analysis>
      <references source="#DGACM">
        <TLCOrganization eId="source" href="/akn/ontology/organization/un/DGACM" showAs="DGACM"></TLCOrganization>
        <TLCConcept eId="dateOfIssuance" href="/akn/ontology/concept/un/dateOfIssuance" showAs="Date of issuance"></TLCConcept>
        <TLCConcept eId="dateOfAdoption" href="/akn/ontology/concept/un/dateOfAdoption" showAs="Date of adoption"></TLCConcept>
        <TLCConcept eId="symbol" href="/akn/ontology/reference/un/symbol" showAs="Symbol"></TLCConcept>
        <TLCRole eId="publisher" href="/akn/ontology/role/un/publisher" showAs="Publisher"></TLCRole>
        <TLCRole eId="issuingBody" href="/akn/role/concept/un/issuingBody" showAs="Issuing body"></TLCRole>
        <TLCRole eId="author" href="/akn/ontology/role/un/author" showAs="Author"></TLCRole>
        <TLCRole eId="editor" href="/akn/ontology/role/un/editor" showAs="Editor"></TLCRole>
        <TLCRole eId="distribution" href="/akn/ontology/concept/un/generalDistribution" showAs="General distribution"></TLCRole>
        <TLCOrganization eId="ga" href="/akn/ontology/organization/un/generalAssembly" showAs="General Assembly"></TLCOrganization>
        <TLCTerm eId="resolutionTitle" href="/akn/ontology/reference/un/resolutionTitle" showAs="Resolution title"></TLCTerm>
        <TLCTerm eId="noMainCommittee" href="#noMainCommittee" showAs="Without reference to a main committee"></TLCTerm>
        <TLCTerm eId="memberState" href="/akn/ontology/organization/un/memberState" showAs="Member State"></TLCTerm>
        <TLCTerm eId="inFavour" href="/akn/ontology/concept/un/voting/inFavour" showAs="In favour"></TLCTerm>
        <TLCTerm eId="against" href="/akn/ontology/concept/un/voting/against" showAs="Against"></TLCTerm>
        <TLCTerm eId="abstaining" href="/akn/ontology/concept/un/voting/abstaining" showAs="Abstaining"></TLCTerm>
      </references>
      <presentation source="#un">
        <akn4un:footerFirstPage>
          <akn4un:footerFirstPageLeft>
            <akn4un:internalCode>
              <docketNumber refersTo="#publicationJobNumber">19-20910 (E)</docketNumber>
              <img alt="bar code" class="barCode" src=""></img>
            </akn4un:internalCode>
          </akn4un:footerFirstPageLeft>
          <akn4un:footerFirstPageRight>
            <img alt="Please recycle" class="image" src="./recylcleLogo.jpg"></img>
            <img alt="embedded QR code" class="qrCode" src=""></img>
          </akn4un:footerFirstPageRight>
        </akn4un:footerFirstPage>
      </presentation>
    </meta>
    <coverPage eId="coverPage_1">
      <p>
        <span refersTo="#publisher" class="upperLeft">
          <docAuthority refersTo="#publisher">United Nations</docAuthority>
        </span>
      </p>
      <p class="upperRight">
        <docNumber refersTo="#symbol">A/RES/74/12</docNumber>
      </p>
      <p class="upperLeft">
        <img src="logo-un.jpg"></img>
        <docAuthority refersTo="#issuingBody" class="rightBig">General Assembly</docAuthority>
      </p>
      <p>
        <docStatus refersTo="#generalDistribution" class="rightSmall">Distr.: General</docStatus>
      </p>
      <p>
        <docDate date="2019-12-09" class="rightSmall" refersTo="#dateOfIssuance">9 December 2019</docDate>
      </p>
      <p>
        <session refersTo="#generalAssembly" value="74" eId="coverPage_1__session_1">Seventy-fourth session</session>
      </p>
      <p>
        <inline name="agenda item">Agenda item 35</inline>
      </p>
      <p>
        <inline name="agenda item name">Question of Palestine</inline>
      </p>
      <p>
        <docTitle>Resolution adopted by the General Assembly on 3 December 2019</docTitle>
      </p>
      <p xml:space="preserve">
        <docProponent refersTo="#noMainCommittee">[without reference to a Main Committee (<inline name="originating document">A/74/L.16 and A/74/L.16/Add.1</inline>)]</docProponent>
      </p>
    </coverPage>
    <preface>
      <p>
        <docNumber>74/12.</docNumber>
        <docTitle refersTo="#resolutionTitle">Division for Palestinian Rights of the Secretariat</docTitle>
      </p>
    </preface>
    <preamble>
      <formula name="enactingFormula" eId="formula_1">
        <p xml:space="preserve">
          <span class="italic">The General Assembly</span>,</p>
      </formula>
      <container name="Having considered" eId="container_2">
        <p xml:space="preserve">
          <span class="italic">Having considered</span> the report of the Committee on the Exercise of the Inalienable Rights of the Palestinian People,<authorialNote marker="1" placement="bottom" eId="authorialNote_1"><p xml:space="preserve"><span class="italic">Official Records of the General Assembly, Seventy-fourth Session, Supplement No. 35</span> (<a href="https://undocs.org/en/A/74/35">A/74/35</a>).</p></authorialNote></p>
      </container>
      <container name="Taking note" eId="container_3">
        <p xml:space="preserve">
          <span class="italic">Taking note</span>, in particular, of the action taken by the Committee and the Division for Palestinian Rights of the Secretariat in accordance with their mandates,</p>
      </container>
      <container name="Recalling" eId="container_4">
        <p xml:space="preserve">
          <span class="italic">Recalling</span> its resolution <a href="https://undocs.org/A/RES/32/40">32/40 B</a> of 2 December 1977 and all its subsequent relevant resolutions, including its resolution <a href="https://undocs.org/A/RES/73/21">73/21</a> of 30 November 2018,</p>
      </container>
    </preamble>
    <mainBody>
      <paragraph eId="para_5" class="SingleTxt">
        <num>	1.</num>
        <content eId="para_5__content">
          <p xml:space="preserve">
            <span class="italic">Notes with appreciation</span> the action taken by the Secretary-General in compliance with its resolution <a href="https://undocs.org/A/RES/73/21">73/21</a>;</p>
        </content>
      </paragraph>
      <paragraph eId="para_6" class="SingleTxt">
        <num>	2.</num>
        <content eId="para_6__content">
          <p xml:space="preserve">
            <span class="italic">Considers</span> that, by providing substantive support to the Committee on the Exercise of the Inalienable Rights of the Palestinian People in the implementation of its mandate, the Division for Palestinian Rights of the Secretariat continues to make a constructive and positive contribution to raising international awareness of the question of Palestine and of the urgency of a peaceful settlement of the question of Palestine in all its aspects on the basis of international law and United Nations resolutions and the efforts being exerted in this regard and to generating international support for the rights of the Palestinian people;</p>
        </content>
      </paragraph>
      <paragraph eId="para_7" class="SingleTxt">
        <num>	3.</num>
        <content eId="para_7__content">
          <p xml:space="preserve">
            <span class="italic">Requests</span> the Secretary-General to continue to provide the Division with the necessary resources and to ensure that it continues to effectively carry out its programme of work as detailed in relevant earlier resolutions, in consultation with the Committee and under its guidance;</p>
        </content>
      </paragraph>
      <paragraph eId="para_8" class="SingleTxt">
        <num>	4.</num>
        <content eId="para_8__content">
          <p xml:space="preserve">
            <span class="italic">Requests</span> the Division, in particular, to continue to monitor developments relevant to the question of Palestine, to organize international meetings and activities in support of the Committee’s mandate with the participation of all sectors of the international community and to ensure, within existing resources, the continued participation of eminent persons and international renowned experts in these meetings and activities, to be invited on a par with the members of the Committee, to liaise and cooperate with civil society and parliamentarians, including through the Working Group of the Committee, to develop and expand the “Question of Palestine” website and the documents collection of the United Nations Information System on the Question of Palestine, to prepare and widely disseminate the publications listed in paragraph 81 of the report of the Committee for the period <a href="https://undocs.org/E/RES/2017/18">2017/18</a>,<authorialNote marker="2" placement="bottom" eId="authorialNote_2"><p xml:space="preserve">	 	Ibid., <span class="italic">Seventy-third Session, Supplement No. 35</span> (<a href="https://undocs.org/en/A/73/35">A/73/35</a>).</p></authorialNote> in the relevant official languages of the United Nations, and information materials on various aspects of the question of Palestine and to develop and enhance the annual training programme for staff of the Palestinian Government in contribution to Palestinian capacity-building efforts;</p>
        </content>
      </paragraph>
      <paragraph eId="para_9" class="SingleTxt">
        <num>	5.</num>
        <content eId="para_9__content">
          <p xml:space="preserve">
            <span class="italic">Also requests</span> the Division, as part of the observance of the International Day of Solidarity with the Palestinian People on 29 November, to continue to organize, under the guidance of the Committee, an annual exhibit on Palestinian rights or a cultural event in cooperation with the Permanent Observer Mission of the State of Palestine to the United Nations, and encourages Member States to continue to give the widest support and publicity to the observance of the Day of Solidarity;</p>
        </content>
      </paragraph>
      <paragraph eId="para_10" class="SingleTxt">
        <num>	6.</num>
        <content eId="para_10__content">
          <p xml:space="preserve">
            <span class="italic">Requests</span> the Secretary-General to ensure the continued cooperation with the Division of the United Nations system entities with programme components addressing various aspects of the question of Palestine and the situation in the Occupied Palestinian Territory, including East Jerusalem;</p>
        </content>
      </paragraph>
      <paragraph eId="para_11" class="SingleTxt">
        <num>	7.</num>
        <content eId="para_11__content">
          <p xml:space="preserve">
            <span class="italic">Invites</span> all Governments and organizations to extend their cooperation to the Division in the performance of its tasks.</p>
        </content>
      </paragraph>
    </mainBody>
    <conclusions eId="conclusions">
      <p>
        <inline name="adoptionMeeting" title="38th">38th plenary meeting</inline>
        <eol />
        <docDate date="2019-12-03" refersTo="#adoptionDate">3 December 2019</docDate>
      </p>
    </conclusions>
  </statement>
</akomaNtoso>