<akomaNtoso xmlns:xsi="http://www.w3.org/2001/XMLSchema-instance" xsi:schemaLocation="http://docs.oasis-open.org/legaldocml/ns/akn/3.0 http://docs.oasis-open.org/legaldocml/akn-core/v1.0/os/part2-specs/schemas/akomantoso30.xsd" xmlns="http://docs.oasis-open.org/legaldocml/ns/akn/3.0" xmlns:html="http://www.w3.org/1999/xhtml" xmlns:akn4un="http://un.org/akn4un">
  <statement name="resolution">
    <meta>
      <identification source="#DGACM">
        <FRBRWork>
          <FRBRthis value="/akn/un/statement/deliberation/unga/2019-12-18/74-194/!main/"></FRBRthis>
          <FRBRuri value="/akn/un/statement/deliberation/unga/2019-12-18/74-194/"></FRBRuri>
          <FRBRdate date="2019-12-18" name="adoption"></FRBRdate>
          <FRBRauthor href="ga" as="author"></FRBRauthor>
          <FRBRcountry value="un"></FRBRcountry>
        </FRBRWork>
        <FRBRExpression>
          <FRBRthis value="/akn/un/statement/deliberation/unga/2019-12-18/74-194/eng@!main/"></FRBRthis>
          <FRBRuri value="/akn/un/statement/deliberation/unga/2019-12-18/74-194/eng@/"></FRBRuri>
          <FRBRdate date="2020-01-02" name="publication"></FRBRdate>
          <FRBRauthor href="ga" as="issuer"></FRBRauthor>
          <FRBRlanguage language="eng"></FRBRlanguage>
        </FRBRExpression>
        <FRBRManifestation>
          <FRBRthis value="/akn/un/statement/deliberation/unga/2019-12-18/74-194/eng@/!main.xml"></FRBRthis>
          <FRBRuri value="/akn/un/statement/deliberation/unga/2019-12-18/74-194/eng@.xml"></FRBRuri>
          <FRBRdate date="2020-07-31" name="markup"></FRBRdate>
          <FRBRauthor href="DGACM" as="editor"></FRBRauthor>
        </FRBRManifestation>
      </identification>
      <classification source="http://metadata.un.org/sdg">
        <keyword value="16" href="http://metadata.un.org/sdg/16" showAs="sdg_16" dictionary="SDGO"></keyword>
        <keyword value="right_to_justice" href="http://eurovoc.europa.eu/516" showAs="right_to_justice" dictionary="EuroVoc"></keyword>
        <keyword value="sustainable_development" href="http://eurovoc.europa.eu/5585" showAs="sustainable_development" dictionary="EuroVoc"></keyword>
        <keyword value="civil_society" href="http://metadata.un.org/thesaurus/1001012" showAs="civil_society" dictionary="UNBIS Thesaurus"></keyword>
        <keyword value="justice" href="http://metadata.un.org/thesaurus/1003500" showAs="justice" dictionary="UNBIS Thesaurus"></keyword>
        <keyword value="peaceful_coexistence" href="http://metadata.un.org/thesaurus/1004777" showAs="peaceful_coexistence" dictionary="UNBIS Thesaurus"></keyword>
        <keyword value="public_institutions" href="http://metadata.un.org/thesaurus/1005254" showAs="public_institutions" dictionary="UNBIS Thesaurus"></keyword>
        <keyword value="social_justice" href="http://metadata.un.org/thesaurus/1005970" showAs="social_justice" dictionary="UNBIS Thesaurus"></keyword>
        <keyword value="sustainable_development" href="http://metadata.un.org/thesaurus/1006319" showAs="sustainable_development" dictionary="UNBIS Thesaurus"></keyword>
      </classification>
      <classification source="http://metadata.un.org/sdg">
        <keyword value="5.1" href="http://metadata.un.org/sdg/5.1" showAs="sdg_5.1" dictionary="SDGO"></keyword>
      </classification>
      <classification source="http://metadata.un.org/sdg">
        <keyword value="5.2" href="http://metadata.un.org/sdg/5.2" showAs="sdg_5.2" dictionary="SDGO"></keyword>
      </classification>
      <workflow source="#un">
        <step date="2019-11-12" outcome="draftResolution" as="A/C.6/74/L.18" by="introduced in the Committee by the representative of Canada on behalf of the Bureau" />
        <step date="0001-01-01" outcome="draftResolutionAdditionalSponsors" by="" />
        <step date="0001-01-01" outcome="recommendedForAdoption" as="A/74/432" by="" refersTo="9" />
        <step date="2019-12-18" outcome="adopted" as="A/74/PV.51" by="" />
      </workflow>
      <analysis source="#un">
        <parliamentary>
          <voting outcome="adoptedWithoutVote">
            <quorum value=""></quorum>
          </voting>
        </parliamentary>
      </analysis>
      <references source="#DGACM">
        <TLCOrganization eId="source" href="/akn/ontology/organization/un/DGACM" showAs="DGACM"></TLCOrganization>
        <TLCConcept eId="dateOfIssuance" href="/akn/ontology/concept/un/dateOfIssuance" showAs="Date of issuance"></TLCConcept>
        <TLCConcept eId="dateOfAdoption" href="/akn/ontology/concept/un/dateOfAdoption" showAs="Date of adoption"></TLCConcept>
        <TLCConcept eId="symbol" href="/akn/ontology/reference/un/symbol" showAs="Symbol"></TLCConcept>
        <TLCRole eId="publisher" href="/akn/ontology/role/un/publisher" showAs="Publisher"></TLCRole>
        <TLCRole eId="issuingBody" href="/akn/role/concept/un/issuingBody" showAs="Issuing body"></TLCRole>
        <TLCRole eId="author" href="/akn/ontology/role/un/author" showAs="Author"></TLCRole>
        <TLCRole eId="editor" href="/akn/ontology/role/un/editor" showAs="Editor"></TLCRole>
        <TLCRole eId="distribution" href="/akn/ontology/concept/un/generalDistribution" showAs="General distribution"></TLCRole>
        <TLCOrganization eId="ga" href="/akn/ontology/organization/un/generalAssembly" showAs="General Assembly"></TLCOrganization>
        <TLCTerm eId="resolutionTitle" href="/akn/ontology/reference/un/resolutionTitle" showAs="Resolution title"></TLCTerm>
        <TLCTerm eId="sixthCommittee" href="#sixthCommittee" showAs="Sixth Committee"></TLCTerm>
        <TLCTerm eId="memberState" href="/akn/ontology/organization/un/memberState" showAs="Member State"></TLCTerm>
        <TLCTerm eId="inFavour" href="/akn/ontology/concept/un/voting/inFavour" showAs="In favour"></TLCTerm>
        <TLCTerm eId="against" href="/akn/ontology/concept/un/voting/against" showAs="Against"></TLCTerm>
        <TLCTerm eId="abstaining" href="/akn/ontology/concept/un/voting/abstaining" showAs="Abstaining"></TLCTerm>
      </references>
      <presentation source="#un">
        <akn4un:footerFirstPage>
          <akn4un:footerFirstPageLeft>
            <akn4un:internalCode>
              <docketNumber refersTo="#publicationJobNumber">19-22402 (E)</docketNumber>
              <img alt="bar code" class="barCode" src=""></img>
            </akn4un:internalCode>
          </akn4un:footerFirstPageLeft>
          <akn4un:footerFirstPageRight>
            <img alt="Please recycle" class="image" src="./recylcleLogo.jpg"></img>
            <img alt="embedded QR code" class="qrCode" src=""></img>
          </akn4un:footerFirstPageRight>
        </akn4un:footerFirstPage>
      </presentation>
    </meta>
    <coverPage eId="coverPage_1">
      <p>
        <span refersTo="#publisher" class="upperLeft">
          <docAuthority refersTo="#publisher">United Nations</docAuthority>
        </span>
      </p>
      <p class="upperRight">
        <docNumber refersTo="#symbol">A/RES/74/194</docNumber>
      </p>
      <p class="upperLeft">
        <img src="logo-un.jpg"></img>
        <docAuthority refersTo="#issuingBody" class="rightBig">General Assembly</docAuthority>
      </p>
      <p>
        <docStatus refersTo="#generalDistribution" class="rightSmall">Distr.: General</docStatus>
      </p>
      <p>
        <docDate date="2020-01-02" class="rightSmall" refersTo="#dateOfIssuance">2 January 2020</docDate>
      </p>
      <p>
        <session refersTo="#generalAssembly" value="74" eId="coverPage_1__session_1">Seventy-fourth session</session>
      </p>
      <p>
        <inline name="agenda item">Agenda item 109</inline>
      </p>
      <p>
        <inline name="agenda item name">Measures to eliminate international terrorism</inline>
      </p>
      <p>
        <docTitle>Resolution adopted by the General Assembly on 18 December 2019</docTitle>
      </p>
      <p xml:space="preserve">
        <docProponent refersTo="#sixthCommittee">[on the report of the Sixth Committee (<inline name="originating document">A/74/432</inline>)]</docProponent>
      </p>
    </coverPage>
    <preface>
      <p>
        <docNumber>74/194.</docNumber>
        <docTitle refersTo="#resolutionTitle">Measures to eliminate international terrorism</docTitle>
      </p>
    </preface>
    <preamble>
      <formula name="enactingFormula" eId="formula_1">
        <p xml:space="preserve">
          <span class="italic">The General Assembly</span>,</p>
      </formula>
      <container name="Guided" eId="container_2">
        <p xml:space="preserve">
          <span class="italic">Guided</span> by the purposes and principles of the Charter of the United Nations,</p>
      </container>
      <container name="Reaffirming" eId="container_3">
        <p xml:space="preserve">
          <span class="italic">Reaffirming</span>, in all its aspects, the United Nations Global Counter-Terrorism Strategy, adopted on 8 September 2006,<authorialNote marker="1" placement="bottom" eId="authorialNote_1"><p xml:space="preserve">	 	Resolution <a href="https://undocs.org/en/A/RES/60/288">60/288</a>.</p></authorialNote> which enhances the overall framework for the efforts of the international community to effectively counter the scourge of terrorism in all its forms and manifestations, and recalling the first, second, third, fourth, fifth and sixth biennial reviews of the Strategy, on 4 and 5 September 2008, 8 September 2010, 28 and 29 June 2012, 12 and 13 June 2014, 30 June and 1 July 2016, and 26 and 27 June 2018, respectively, and the debates that were held on those occasions,<authorialNote marker="2" placement="bottom" eId="authorialNote_2"><p xml:space="preserve">	 	See <a href="https://undocs.org/en/A/62/PV.117">A/62/PV.117</a>, <a href="https://undocs.org/en/A/62/PV.118">A/62/PV.118</a>, <a href="https://undocs.org/en/A/62/PV.119">A/62/PV.119</a>, <a href="https://undocs.org/en/A/62/PV.120">A/62/PV.120</a>, <a href="https://undocs.org/en/A/64/PV.116">A/64/PV.116</a>, <a href="https://undocs.org/en/A/64/PV.117">A/64/PV.117</a>, <a href="https://undocs.org/en/A/66/PV.118">A/66/PV.118</a>, <a href="https://undocs.org/en/A/66/PV.119">A/66/PV.119</a>, <a href="https://undocs.org/en/A/66/PV.120">A/66/PV.120</a>, <a href="https://undocs.org/en/A/68/PV.94">A/68/PV.94</a>, <a href="https://undocs.org/en/A/68/PV.95">A/68/PV.95</a>, <a href="https://undocs.org/en/A/68/PV.96">A/68/PV.96</a>, <a href="https://undocs.org/en/A/68/PV.97">A/68/PV.97</a>, <a href="https://undocs.org/en/A/70/PV.108">A/70/PV.108</a>, <a href="https://undocs.org/en/A/70/PV.109">A/70/PV.109</a>, <a href="https://undocs.org/en/A/70/PV.110">A/70/PV.110</a>, <a href="https://undocs.org/en/A/72/PV.101">A/72/PV.101</a>, <a href="https://undocs.org/en/A/72/PV.102">A/72/PV.102</a> and <a href="https://undocs.org/en/A/72/PV.103">A/72/PV.103</a>.</p></authorialNote></p>
      </container>
      <container name="Recalling" eId="container_4">
        <p xml:space="preserve">
          <span class="italic">Recalling</span> its resolutions <a href="https://undocs.org/en/A/RES/62/272">62/272</a> of 5 September 2008, <a href="https://undocs.org/en/A/RES/64/297">64/297</a> of 8 September 2010, <a href="https://undocs.org/en/A/RES/66/282">66/282</a> of 29 June 2012, <a href="https://undocs.org/en/A/RES/68/276">68/276</a> of 13 June 2014, <a href="https://undocs.org/en/A/RES/70/291">70/291</a> of 1 July 2016 and <a href="https://undocs.org/en/A/RES/72/284">72/284</a> of 26 June 2018,</p>
      </container>
      <container name="Recalling also" eId="container_5">
        <p xml:space="preserve">
          <span class="italic">Recalling also</span> its resolution <a href="https://undocs.org/en/A/RES/66/10">66/10</a> of 18 November 2011,</p>
      </container>
      <container name="Recalling further" eId="container_6">
        <p xml:space="preserve">
          <span class="italic">Recalling further</span> its resolution <a href="https://undocs.org/en/A/RES/73/305">73/305</a> of 28 June 2019 on the enhancement of international cooperation to assist victims of terrorism, and looking forward to the first Global Congress of Victims of Terrorism, to be held in 2020,</p>
      </container>
      <container name="Recalling" eId="container_7">
        <p xml:space="preserve">
          <span class="italic">Recalling</span> its resolution <a href="https://undocs.org/en/A/RES/71/291">71/291</a> of 15 June 2017, by which it decided to establish the Office of Counter-Terrorism,</p>
      </container>
      <container name="Recalling also" eId="container_8">
        <p xml:space="preserve">
          <span class="italic">Recalling also</span> the Declaration on the Occasion of the Fiftieth Anniversary of the United Nations,<authorialNote marker="3" placement="bottom" eId="authorialNote_3"><p xml:space="preserve">	 	Resolution <a href="https://undocs.org/en/A/RES/50/6">50/6</a>.</p></authorialNote></p>
      </container>
      <container name="Recalling further" eId="container_9">
        <p xml:space="preserve">
          <span class="italic">Recalling further</span> the United Nations Millennium Declaration,<authorialNote marker="4" placement="bottom" eId="authorialNote_4"><p xml:space="preserve">	 	Resolution <a href="https://undocs.org/en/A/RES/55/2">55/2</a>.</p></authorialNote></p>
      </container>
      <container name="Recalling" eId="container_10">
        <p xml:space="preserve">
          <span class="italic">Recalling</span> the 2005 World Summit Outcome,<authorialNote marker="5" placement="bottom" eId="authorialNote_5"><p xml:space="preserve">	 	Resolution <a href="https://undocs.org/en/A/RES/60/1">60/1</a>.</p></authorialNote> and reaffirming, in particular, the section on terrorism,</p>
      </container>
      <container name="Recalling also" eId="container_11">
        <p xml:space="preserve">
          <span class="italic">Recalling also</span> the Declaration on Measures to Eliminate International Terrorism, contained in the annex to General Assembly resolution <a href="https://undocs.org/en/A/RES/49/60">49/60</a> of 9 December 1994, and the Declaration to Supplement the 1994 Declaration on Measures to Eliminate International Terrorism, contained in the annex to Assembly resolution <a href="https://undocs.org/en/A/RES/51/210">51/210</a> of 17 December 1996,</p>
      </container>
      <container name="Recalling further" eId="container_12">
        <p xml:space="preserve">
          <span class="italic">Recalling further</span> all General Assembly resolutions on measures to eliminate international terrorism and Security Council resolutions on threats to international peace and security caused by terrorist acts,</p>
      </container>
      <container name="Convinced" eId="container_13">
        <p xml:space="preserve">
          <span class="italic">Convinced</span> of the importance of the consideration of measures to eliminate international terrorism by the General Assembly as the universal organ having competence to do so,</p>
      </container>
      <container name="Deeply disturbed" eId="container_14">
        <p xml:space="preserve">
          <span class="italic">Deeply disturbed</span> by the persistence of terrorist acts, which have been carried out worldwide,</p>
      </container>
      <container name="Reaffirming its strong condemnation" eId="container_15">
        <p xml:space="preserve">
          <span class="italic">Reaffirming its strong condemnation</span> of the heinous acts of terrorism that have caused enormous loss of human life, destruction and damage, including those which prompted the adoption of General Assembly resolution <a href="https://undocs.org/en/A/RES/56/1">56/1</a> of 12 September 2001, as well as Security Council resolutions <a href="https://undocs.org/en/S/RES/1368 (2001)">1368 (2001)</a> of 12 September 2001, <a href="https://undocs.org/en/S/RES/1373 (2001)">1373</a><a href="https://undocs.org/en/S/RES/1373 (2001)"> </a><a href="https://undocs.org/en/S/RES/1373 (2001)">(2001)</a> of 28 September 2001 and <a href="https://undocs.org/en/S/RES/1377 (2001)">1377 (2001)</a> of 12 November 2001, and those that have occurred since,</p>
      </container>
      <container name="Reaffirming also its strong condemnation" eId="container_16">
        <p xml:space="preserve">
          <span class="italic">Reaffirming also its strong condemnation</span> of the atrocious and deliberate attacks that have occurred against United Nations offices in various parts of the world,</p>
      </container>
      <container name="Affirming" eId="container_17">
        <p xml:space="preserve">
          <span class="italic">Affirming</span> that States must ensure that any measure taken to combat terrorism complies with all their obligations under international law and must adopt such measures in accordance with international law, in particular international human rights, refugee and humanitarian law,</p>
      </container>
      <container name="Stressing" eId="container_18">
        <p xml:space="preserve">
          <span class="italic">Stressing</span> the need to strengthen further international cooperation among States and among international organizations and agencies, regional and subregional organizations and arrangements and the United Nations in order to prevent, combat and eliminate terrorism in all its forms and manifestations, wherever and by whomsoever committed, in accordance with the principles of the Charter, international law and the relevant international conventions,</p>
      </container>
      <container name="Noting" eId="container_19">
        <p xml:space="preserve">
          <span class="italic">Noting</span> the role of the Security Council Committee established pursuant to resolution <a href="https://undocs.org/en/S/RES/1373 (2001)">1373 (2001)</a> concerning counter-terrorism in monitoring the implementation of that resolution, including the taking of the necessary financial, legal and technical measures by States and the ratification or acceptance of the relevant international conventions and protocols,</p>
      </container>
      <container name="Mindful" eId="container_20">
        <p xml:space="preserve">
          <span class="italic">Mindful</span> of the need to enhance the role of the United Nations and the relevant specialized agencies in combating international terrorism and of the proposals of the Secretary-General to enhance the role of the Organization in this respect,</p>
      </container>
      <container name="Noting" eId="container_21">
        <p xml:space="preserve">
          <span class="italic">Noting</span> the United Nations High-level Conference of Heads of Counter-Terrorism Agencies of Member States, held in New York on 28 and 29 June 2018, the participants of which included representatives of Member States, regional organizations, civil society organizations and the United Nations Global Counter-Terrorism Coordination Compact entities, also noting the intention of the Secretary-General to convene another such conference in 2020 and the organization of regional high-level conferences in the lead-up to that conference, and encouraging the Secretary-General to consult Member States in this regard,</p>
      </container>
      <container name="Mindful" eId="container_22">
        <p xml:space="preserve">
          <span class="italic">Mindful</span> of the essential need to strengthen international, regional and subregional cooperation aimed at enhancing the national capacity of States to prevent and effectively suppress international terrorism in all its forms and manifestations,</p>
      </container>
      <container name="Reiterating its call upon" eId="container_23">
        <p xml:space="preserve">
          <span class="italic">Reiterating its call upon</span> States to review urgently the scope of the existing international legal provisions on the prevention, repression and elimination of terrorism in all its forms and manifestations, with the aim of ensuring that there is a comprehensive legal framework covering all aspects of the matter,</p>
      </container>
      <container name="Emphasizing" eId="container_24">
        <p xml:space="preserve">
          <span class="italic">Emphasizing</span> that tolerance and dialogue among civilizations and the enhancement of interfaith and intercultural understanding are among the most important elements in promoting cooperation and success in combating terrorism, and welcoming the various initiatives to this end,</p>
      </container>
      <container name="Aware" eId="container_25">
        <p xml:space="preserve">
          <span class="italic">Aware</span> of the need to address underlying conditions conducive to the spread of terrorism through a comprehensive approach,</p>
      </container>
      <container name="Reaffirming" eId="container_26">
        <p xml:space="preserve">
          <span class="italic">Reaffirming</span> that no terrorist act can be justified in any circumstances,</p>
      </container>
      <container name="Reiterating" eId="container_27">
        <p xml:space="preserve">
          <span class="italic">Reiterating</span> that terrorism is a global phenomenon, which is not and should not be associated with any religion, nationality, civilization or ethnic group,</p>
      </container>
      <container name="Recalling" eId="container_28">
        <p xml:space="preserve">
          <span class="italic">Recalling</span> Security Council resolution <a href="https://undocs.org/en/S/RES/1624 (2005)">1624 (2005)</a> of 14 September 2005, and bearing in mind that States must ensure that any measure taken to combat terrorism complies with their obligations under international law, in particular international human rights, refugee and humanitarian law,</p>
      </container>
      <container name="Noting" eId="container_29">
        <p xml:space="preserve">
          <span class="italic">Noting</span> recent developments and initiatives at the international, regional and subregional levels to prevent and suppress international terrorism,</p>
      </container>
      <container name="Noting also" eId="container_30">
        <p xml:space="preserve">
          <span class="italic">Noting also</span> regional and subregional efforts to prevent, combat and eliminate terrorism in all its forms and manifestations, wherever and by whomsoever committed, including through the elaboration of and adherence to regional conventions,</p>
      </container>
      <container name="Recalling" eId="container_31">
        <p xml:space="preserve">
          <span class="italic">Recalling</span> its decision in resolutions <a href="https://undocs.org/en/A/RES/54/110">54/110</a> of 9 December 1999, <a href="https://undocs.org/en/A/RES/55/158">55/158</a> of 12 December 2000, <a href="https://undocs.org/en/A/RES/56/88">56/88</a> of 12 December 2001, <a href="https://undocs.org/en/A/RES/57/27">57/27</a> of 19 November 2002, <a href="https://undocs.org/en/A/RES/58/81">58/81</a> of 9 December 2003, <a href="https://undocs.org/en/A/RES/59/46">59/46</a> of 2 December 2004, <a href="https://undocs.org/en/A/RES/60/43">60/43</a> of 8 December 2005, <a href="https://undocs.org/en/A/RES/61/40">61/40</a> of 4 December 2006, <a href="https://undocs.org/en/A/RES/62/71">62/71</a> of 6 December 2007, <a href="https://undocs.org/en/A/RES/63/129">63/129</a> of 11 December 2008, <a href="https://undocs.org/en/A/RES/64/118">64/118</a> of 16 December 2009, <a href="https://undocs.org/en/A/RES/65/34">65/34</a> of 6 December 2010, <a href="https://undocs.org/en/A/RES/66/105">66/105</a> of 9 December 2011 and <a href="https://undocs.org/en/A/RES/67/99">67/99</a> of 14 December 2012 that the Ad Hoc Committee established by General Assembly resolution <a href="https://undocs.org/en/A/RES/51/210">51/210</a> of 17 December 1996 should address, and keep on its agenda, the question of convening a high-level conference under the auspices of the United Nations to formulate a joint organized response of the international community to terrorism in all its forms and manifestations,</p>
      </container>
      <container name="Recalling also" eId="container_32">
        <p xml:space="preserve">
          <span class="italic">Recalling also</span> that, in the Final Document of the Eighteenth Summit of Heads of State or Government of Non-Aligned Countries, adopted in Baku on 26 October 2019,<authorialNote marker="6" placement="bottom" eId="authorialNote_6"><p xml:space="preserve"><a href="https://undocs.org/en/A/74/548">A/74/548</a>, annex.</p></authorialNote> the Heads of State or Government reiterated the collective position of the Movement of Non-Aligned Countries on combating international terrorism and reaffirmed its previous initiative calling for an international summit conference under the auspices of the United Nations to formulate a joint organized response of the international community to terrorism in all its forms and manifestations, as well as other relevant initiatives,</p>
      </container>
      <container name="Noting" eId="container_33">
        <p xml:space="preserve">
          <span class="italic">Noting</span> the importance of continuing to strive towards achieving a world free of terrorism,</p>
      </container>
      <container name="Bearing in mind" eId="container_34">
        <p xml:space="preserve">
          <span class="italic">Bearing in mind</span> its resolutions <a href="https://undocs.org/en/A/RES/57/219">57/219</a> of 18 December 2002, <a href="https://undocs.org/en/A/RES/58/187">58/187</a> of 22 December 2003, <a href="https://undocs.org/en/A/RES/59/191">59/191</a> of 20 December 2004, <a href="https://undocs.org/en/A/RES/60/158">60/158</a> of 16 December 2005, <a href="https://undocs.org/en/A/RES/61/171">61/171</a> of 19 December 2006, <a href="https://undocs.org/en/A/RES/62/159">62/159</a> of 18 December 2007, <a href="https://undocs.org/en/A/RES/63/185">63/185</a> of 18 December 2008, <a href="https://undocs.org/en/A/RES/64/168">64/168</a> of 18 December 2009, <a href="https://undocs.org/en/A/RES/65/221">65/221</a> of 21 December 2010, <a href="https://undocs.org/en/A/RES/66/171">66/171</a> of 19 December 2011, <a href="https://undocs.org/en/A/RES/68/178">68/178</a> of 18 December 2013, <a href="https://undocs.org/en/A/RES/70/148">70/148</a> of 17 December 2015 and <a href="https://undocs.org/en/A/RES/72/180">72/180</a> of 19 December 2017,</p>
      </container>
      <container name="Having examined" eId="container_35">
        <p xml:space="preserve">
          <span class="italic">Having examined</span> the report of the Secretary-General<authorialNote marker="7" placement="bottom" eId="authorialNote_7"><p xml:space="preserve"><a href="https://undocs.org/en/A/74/151">A/74/151</a>.</p></authorialNote> and the oral report of the Chair of the Working Group of the Sixth Committee on its work during the seventy-fourth session,<authorialNote marker="8" placement="bottom" eId="authorialNote_8"><p xml:space="preserve">	 	See <a href="https://undocs.org/en/A/C.6/74/SR.34">A/C.6/74/SR.34</a>.</p></authorialNote></p>
      </container>
    </preamble>
    <mainBody>
      <paragraph eId="para_36" class="SingleTxt">
        <num>	1.</num>
        <content eId="para_36__content">
          <p xml:space="preserve">
            <span class="italic">Strongly condemns</span> all acts, methods and practices of terrorism in all its forms and manifestations as criminal and unjustifiable, wherever and by whomsoever committed;</p>
        </content>
      </paragraph>
      <paragraph eId="para_37" class="SingleTxt">
        <num>	2.</num>
        <content eId="para_37__content">
          <p xml:space="preserve">
            <span class="italic">Calls upon</span> all Member States, the United Nations and other appropriate international, regional and subregional organizations to implement the United Nations Global Counter-Terrorism Strategy,<sup>1</sup> as well as the resolutions relating to the first, second, third, fourth, fifth and sixth biennial reviews of the Strategy,<authorialNote marker="9" placement="bottom" eId="authorialNote_9"><p xml:space="preserve">	 	Resolutions <a href="https://undocs.org/en/A/RES/62/272">62/272</a>, <a href="https://undocs.org/en/A/RES/64/297">64/297</a>, <a href="https://undocs.org/en/A/RES/66/282">66/282</a>, <a href="https://undocs.org/en/A/RES/68/276">68/276</a>, <a href="https://undocs.org/en/A/RES/70/291">70/291</a> and <a href="https://undocs.org/en/A/RES/72/284">72/284</a>.</p></authorialNote> in all its aspects at the international, regional, subregional and national levels without delay, including by mobilizing resources and expertise;</p>
        </content>
      </paragraph>
      <paragraph eId="para_38" class="SingleTxt">
        <num>	3.</num>
        <content eId="para_38__content">
          <p xml:space="preserve">
            <span class="italic">Recalls</span> the pivotal role of the General Assembly in following up the implementation and the updating of the United Nations Global Counter-Terrorism Strategy, looks forward to the seventh biennial review, in 2020, and in this regard recalls its invitation to the Secretary-General to contribute to the future deliberations of the Assembly, and requests the Secretary-General when doing so to provide information on relevant activities within the Secretariat to ensure overall coordination and coherence in the counter-terrorism efforts of the United Nations system;</p>
        </content>
      </paragraph>
      <paragraph eId="para_39" class="SingleTxt">
        <num>	4.</num>
        <content eId="para_39__content">
          <p xml:space="preserve">
            <span class="italic">Reiterates</span> that criminal acts intended or calculated to provoke a state of terror in the general public, a group of persons or particular persons for political purposes are in any circumstances unjustifiable, whatever the considerations of a political, philosophical, ideological, racial, ethnic, religious or other nature that may be invoked to justify them;</p>
        </content>
      </paragraph>
      <paragraph eId="para_40" class="SingleTxt">
        <num>	5.</num>
        <content eId="para_40__content">
          <p xml:space="preserve">
            <span class="italic">Reiterates its call upon</span> all States to adopt further measures in accordance with the Charter of the United Nations and the relevant provisions of international law, including international standards of human rights, to prevent terrorism and to strengthen international cooperation in combating terrorism and, to that end, to consider, in particular, the implementation of the measures set out in paragraphs 3 (a) to (f) of General Assembly resolution <a href="https://undocs.org/en/A/RES/51/210">51/210</a>;</p>
        </content>
      </paragraph>
      <paragraph eId="para_41" class="SingleTxt">
        <num>	6.</num>
        <content eId="para_41__content">
          <p xml:space="preserve">
            <span class="italic">Also reiterates its call upon</span> all States, with the aim of enhancing the efficient implementation of relevant legal instruments, to intensify, as and where appropriate, the exchange of information on facts related to terrorism and, in so doing, to avoid the dissemination of inaccurate or unverified information;</p>
        </content>
      </paragraph>
      <paragraph eId="para_42" class="SingleTxt">
        <num>	7.</num>
        <content eId="para_42__content">
          <p xml:space="preserve">
            <span class="italic">Reiterates its call upon</span> States to refrain from financing, encouraging, providing training for or otherwise supporting terrorist activities;</p>
        </content>
      </paragraph>
      <paragraph eId="para_43" class="SingleTxt">
        <num>	8.</num>
        <content eId="para_43__content">
          <p xml:space="preserve">
            <span class="italic">Expresses concern</span> at the increase in incidents of kidnapping and hostage-taking with demands for ransom and/or political concessions by terrorist groups, and expresses the need to address this issue;</p>
        </content>
      </paragraph>
      <paragraph eId="para_44" class="SingleTxt">
        <num>	9.</num>
        <content eId="para_44__content">
          <p xml:space="preserve">
            <span class="italic">Expresses grave concern</span> over the acute and growing threat posed by foreign terrorist fighters, namely, individuals who travel to a State other than their States of residence or nationality for the purpose of the perpetration, planning or preparation of, or participation in, terrorist acts or providing or receiving terrorist training, including in connection with armed conflict, emphasizes the need for States to address this issue, including through the implementation of their international obligations, and underlines the importance of United Nations capacity-building and facilitation of capacity-building in accordance with existing mandates to assist States, including those in the most affected regions, upon their request;</p>
        </content>
      </paragraph>
      <paragraph eId="para_45" class="SingleTxt">
        <num>	10.</num>
        <content eId="para_45__content">
          <p xml:space="preserve">
            <span class="italic">Emphasizes</span> the need for States to cooperate resolutely against international terrorism by taking speedy and effective measures to eliminate this scourge, and in this regard calls upon all States, in accordance with their obligations under applicable international law and the Charter, to deny safe haven and bring to justice or, where appropriate, extradite, on the basis of the principle of extradite or prosecute, the perpetrators of terrorist acts or any person who supports, facilitates or participates or attempts to participate in the financing, planning or preparation of terrorist acts;</p>
        </content>
      </paragraph>
      <paragraph eId="para_46" class="SingleTxt">
        <num>	11.</num>
        <content eId="para_46__content">
          <p xml:space="preserve">
            <span class="italic">Urges</span> States to ensure that their nationals or other persons and entities within their territory that wilfully provide or collect funds for the benefit of persons or entities who commit, or attempt to commit, facilitate or participate in the commission of terrorist acts are punished by penalties consistent with the grave nature of such acts;</p>
        </content>
      </paragraph>
      <paragraph eId="para_47" class="SingleTxt">
        <num>	12.</num>
        <content eId="para_47__content">
          <p xml:space="preserve">
            <span class="italic">Reminds</span> States of their obligations under relevant international conventions and protocols, and Security Council resolutions, including Council resolution <a href="https://undocs.org/en/S/RES/1373 (2001)">1373 (2001)</a>, to ensure that perpetrators of terrorist acts are brought to justice, and recalls the General Assembly resolutions on measures to eliminate international terrorism;</p>
        </content>
      </paragraph>
      <paragraph eId="para_48" class="SingleTxt">
        <num>	13.</num>
        <content eId="para_48__content">
          <p xml:space="preserve">
            <span class="italic">Reaffirms</span> that international cooperation as well as actions by States to combat terrorism should be conducted in conformity with the principles of the Charter, international law and relevant international conventions;</p>
        </content>
      </paragraph>
      <paragraph eId="para_49" class="SingleTxt">
        <num>	14.</num>
        <content eId="para_49__content">
          <p xml:space="preserve">
            <span class="italic">Recalls</span> the adoption of the International Convention for the Suppression of Acts of Nuclear Terrorism,<authorialNote marker="10" placement="bottom" eId="authorialNote_10"><p xml:space="preserve">	 	United Nations, <span class="italic">Treaty Series</span>, vol. 2445, No. 44004.</p></authorialNote> the Amendment to the Convention on the Physical Protection of Nuclear Material,<authorialNote marker="11" placement="bottom" eId="authorialNote_11"><p xml:space="preserve">	 	Adopted on 8 July 2005 by the Conference to Consider and Adopt Proposed Amendments to the Convention on the Physical Protection of Nuclear Material (International Atomic Energy Agency, document GOV/INF/2005/10 GC(49)/INF/6, attachment).</p></authorialNote> the Protocol of 2005 to the Convention for the Suppression of Unlawful Acts against the Safety of Maritime Navigation<authorialNote marker="12" placement="bottom" eId="authorialNote_12"><p xml:space="preserve">	 	Adopted on 14 October 2005 by the Diplomatic Conference on the Revision of the SUA Treaties (International Maritime Organization, document LEG/CONF.15/21).</p></authorialNote> and the Protocol of 2005 to the Protocol for the Suppression of Unlawful Acts against the Safety of Fixed Platforms Located on the Continental Shelf,<authorialNote marker="13" placement="bottom" eId="authorialNote_13"><p xml:space="preserve">	 	Adopted on 14 October 2005 by the Diplomatic Conference on the Revision of the SUA Treaties (International Maritime Organization, document LEG/CONF.15/22).</p></authorialNote> and urges all States to consider, as a matter of priority, becoming parties to these instruments;</p>
        </content>
      </paragraph>
      <paragraph eId="para_50" class="SingleTxt">
        <num>	15.</num>
        <content eId="para_50__content">
          <p xml:space="preserve">
            <span class="italic">Urges</span> all States that have not yet done so to consider, as a matter of priority and in accordance with Security Council resolution <a href="https://undocs.org/en/S/RES/1373 (2001)">1373 (2001)</a> and Council resolution <a href="https://undocs.org/en/S/RES/1566 (2004)">1566 (2004)</a> of 8 October 2004, becoming parties to the relevant conventions and protocols as referred to in paragraph 6 of General Assembly resolution <a href="https://undocs.org/en/A/RES/51/210">51/210</a>, as well as the International Convention for the Suppression of Terrorist Bombings,<authorialNote marker="14" placement="bottom" eId="authorialNote_14"><p xml:space="preserve">	 	United Nations, <span class="italic">Treaty Series</span>, vol. 2149, No. 37517.</p></authorialNote> the International Convention for the Suppression of the Financing of Terrorism,<authorialNote marker="15" placement="bottom" eId="authorialNote_15"><p xml:space="preserve">	 	Ibid., vol. 2178, No. 38349.</p></authorialNote> the International Convention for the Suppression of Acts of Nuclear Terrorism and the Amendment to the Convention on the Physical Protection of Nuclear Material, and calls upon all States to enact, as appropriate, the national legislation necessary to implement the provisions of those conventions and protocols, to ensure that the jurisdiction of their courts enables them to bring to trial the perpetrators of terrorist acts and to cooperate with and provide support and assistance to other States and relevant international, regional and subregional organizations to that end;</p>
        </content>
      </paragraph>
      <paragraph eId="para_51" class="SingleTxt">
        <num>	16.</num>
        <content eId="para_51__content">
          <p xml:space="preserve">
            <span class="italic">Urges</span> States to cooperate with the Secretary-General and with one another, as well as with interested intergovernmental organizations, with a view to ensuring, where appropriate within existing mandates, that technical and other expert advice is provided to those States requiring and requesting assistance in becoming parties to and implementing the conventions and protocols referred to in paragraph 15 above;</p>
        </content>
      </paragraph>
      <paragraph eId="para_52" class="SingleTxt">
        <num>	17.</num>
        <content eId="para_52__content">
          <p xml:space="preserve">
            <span class="italic">Notes with appreciation and satisfaction</span> that, consistent with the call contained in paragraphs 14 and 15 of General Assembly resolution <a href="https://undocs.org/en/A/RES/73/211">73/211</a> of 20 December 2018, a number of States became parties to the relevant conventions and protocols referred to therein, thereby realizing the objective of wider acceptance and implementation of those conventions;</p>
        </content>
      </paragraph>
      <paragraph eId="para_53" class="SingleTxt">
        <num>	18.</num>
        <content eId="para_53__content">
          <p xml:space="preserve">
            <span class="italic">Reaffirms</span> the Declaration on Measures to Eliminate International Terrorism, contained in the annex to General Assembly resolution <a href="https://undocs.org/en/A/RES/49/60">49/60</a>, and the Declaration to Supplement the 1994 Declaration on Measures to Eliminate International Terrorism, contained in the annex to Assembly resolution <a href="https://undocs.org/en/A/RES/51/210">51/210</a>, and calls upon all States to implement them;</p>
        </content>
      </paragraph>
      <paragraph eId="para_54" class="SingleTxt">
        <num>	19.</num>
        <content eId="para_54__content">
          <p xml:space="preserve">
            <span class="italic">Calls upon</span> all States to cooperate to prevent and suppress terrorist acts;</p>
        </content>
      </paragraph>
      <paragraph eId="para_55" class="SingleTxt">
        <num>	20.</num>
        <content eId="para_55__content">
          <p xml:space="preserve">
            <span class="italic">Urges</span> all States and the Secretary-General, in their efforts to prevent international terrorism, to make the best use of the existing institutions of the United Nations;</p>
        </content>
      </paragraph>
      <paragraph eId="para_56" class="SingleTxt">
        <num>	21.</num>
        <content eId="para_56__content">
          <p xml:space="preserve">
            <span class="italic">Notes</span> that the United Nations Counter-Terrorism Centre is performing its duties within the Office of Counter-Terrorism and that the Centre is supporting the implementation of the United Nations Global Counter-Terrorism Strategy, and encourages all Member States to collaborate with the Centre and to contribute to the implementation of its activities within the Office;</p>
        </content>
      </paragraph>
      <paragraph eId="para_57" class="SingleTxt">
        <num>	22.</num>
        <content eId="para_57__content">
          <p xml:space="preserve">
            <span class="italic">Requests</span> the Terrorism Prevention Branch of the United Nations Office on Drugs and Crime in Vienna to continue its efforts to enhance, through its mandate, the capabilities of the United Nations in the prevention of terrorism, and recognizes, in the context of the United Nations Global Counter-Terrorism Strategy and Security Council resolution <a href="https://undocs.org/en/S/RES/1373 (2001)">1373 (2001)</a>, its role in assisting States in becoming parties to and implementing the relevant international conventions and protocols relating to terrorism, including the most recent among them, and in strengthening international cooperation mechanisms in criminal matters related to terrorism, including through national capacity-building upon request;</p>
        </content>
      </paragraph>
      <paragraph eId="para_58" class="SingleTxt">
        <num>	23.</num>
        <content eId="para_58__content">
          <p xml:space="preserve">
            <span class="italic">Notes</span> the issuance by the Secretariat of the fourth edition of the compendium of international instruments related to the prevention and suppression of international terrorism in English and Russian and its continuing efforts to issue the publication in all the official languages of the United Nations;</p>
        </content>
      </paragraph>
      <paragraph eId="para_59" class="SingleTxt">
        <num>	24.</num>
        <content eId="para_59__content">
          <p xml:space="preserve">
            <span class="italic">Invites</span> regional intergovernmental organizations to submit to the Secretary-General information on the measures they have adopted at the regional level to eliminate international terrorism, as well as on intergovernmental meetings held by those organizations;</p>
        </content>
      </paragraph>
      <paragraph eId="para_60" class="SingleTxt">
        <num>	25.</num>
        <content eId="para_60__content">
          <p xml:space="preserve">
            <span class="italic">Decides</span> to recommend that the Sixth Committee, at the seventy-fifth session of the General Assembly, establish a working group with a view to finalizing the process on the draft comprehensive convention on international terrorism as well as discussions on the item included in its agenda by Assembly resolution <a href="https://undocs.org/en/A/RES/54/110">54/110</a> concerning the question of convening a high-level conference under the auspices of the United Nations;</p>
        </content>
      </paragraph>
      <paragraph eId="para_61" class="SingleTxt">
        <num>	26.</num>
        <content eId="para_61__content">
          <p xml:space="preserve">
            <span class="italic">Recognizes</span> the valuable dialogue and efforts of Member States towards resolving any outstanding issues, and encourages all Member States to redouble their efforts during the intersessional period;</p>
        </content>
      </paragraph>
      <paragraph eId="para_62" class="MercuryDocument">
        <num>	27.</num>
        <content eId="para_62__content">
          <p xml:space="preserve">
            <span class="italic">Decides</span> to include in the provisional agenda of its seventy-fifth session the item entitled “Measures to eliminate international terrorism”.</p>
        </content>
      </paragraph>
    </mainBody>
    <conclusions eId="conclusions">
      <p>
        <inline name="adoptionMeeting" title="51st">51st plenary meeting</inline>
        <eol />
        <docDate date="2019-12-18" refersTo="#adoptionDate">18 December 2019</docDate>
      </p>
    </conclusions>
  </statement>
</akomaNtoso>