<akomaNtoso xmlns:xsi="http://www.w3.org/2001/XMLSchema-instance" xsi:schemaLocation="http://docs.oasis-open.org/legaldocml/ns/akn/3.0 http://docs.oasis-open.org/legaldocml/akn-core/v1.0/os/part2-specs/schemas/akomantoso30.xsd" xmlns="http://docs.oasis-open.org/legaldocml/ns/akn/3.0" xmlns:html="http://www.w3.org/1999/xhtml" xmlns:akn4un="http://un.org/akn4un">
  <statement name="resolution">
    <meta>
      <identification source="#DGACM">
        <FRBRWork>
          <FRBRthis value="/akn/un/statement/deliberation/unga/2019-12-18/74-149/!main/"></FRBRthis>
          <FRBRuri value="/akn/un/statement/deliberation/unga/2019-12-18/74-149/"></FRBRuri>
          <FRBRdate date="2019-12-18" name="adoption"></FRBRdate>
          <FRBRauthor href="ga" as="author"></FRBRauthor>
          <FRBRcountry value="un"></FRBRcountry>
        </FRBRWork>
        <FRBRExpression>
          <FRBRthis value="/akn/un/statement/deliberation/unga/2019-12-18/74-149/eng@!main/"></FRBRthis>
          <FRBRuri value="/akn/un/statement/deliberation/unga/2019-12-18/74-149/eng@/"></FRBRuri>
          <FRBRdate date="2020-01-24" name="publication"></FRBRdate>
          <FRBRauthor href="ga" as="issuer"></FRBRauthor>
          <FRBRlanguage language="eng"></FRBRlanguage>
        </FRBRExpression>
        <FRBRManifestation>
          <FRBRthis value="/akn/un/statement/deliberation/unga/2019-12-18/74-149/eng@/!main.xml"></FRBRthis>
          <FRBRuri value="/akn/un/statement/deliberation/unga/2019-12-18/74-149/eng@.xml"></FRBRuri>
          <FRBRdate date="2020-07-31" name="markup"></FRBRdate>
          <FRBRauthor href="DGACM" as="editor"></FRBRauthor>
        </FRBRManifestation>
      </identification>
      <classification source="http://metadata.un.org/sdg">
        <keyword value="2" href="http://metadata.un.org/sdg/2" showAs="sdg_2" dictionary="SDGO"></keyword>
        <keyword value="food_shortage" href="http://eurovoc.europa.eu/2318" showAs="food_shortage" dictionary="EuroVoc"></keyword>
        <keyword value="sustainable_agriculture" href="http://eurovoc.europa.eu/6308" showAs="sustainable_agriculture" dictionary="EuroVoc"></keyword>
        <keyword value="food_security" href="http://eurovoc.europa.eu/c_4523e1dd" showAs="food_security" dictionary="EuroVoc"></keyword>
        <keyword value="food_security" href="http://metadata.un.org/thesaurus/1002439" showAs="food_security" dictionary="UNBIS Thesaurus"></keyword>
        <keyword value="food_shortage" href="http://metadata.un.org/thesaurus/1002440" showAs="food_shortage" dictionary="UNBIS Thesaurus"></keyword>
        <keyword value="hunger" href="http://metadata.un.org/thesaurus/1003004" showAs="hunger" dictionary="UNBIS Thesaurus"></keyword>
        <keyword value="sustainable_agriculture" href="http://metadata.un.org/thesaurus/1006317" showAs="sustainable_agriculture" dictionary="UNBIS Thesaurus"></keyword>
      </classification>
      <classification source="http://metadata.un.org/sdg">
        <keyword value="3" href="http://metadata.un.org/sdg/3" showAs="sdg_3" dictionary="SDGO"></keyword>
        <keyword value="public_health" href="http://eurovoc.europa.eu/3885" showAs="public_health" dictionary="EuroVoc"></keyword>
        <keyword value="health" href="http://metadata.un.org/thesaurus/1002824" showAs="health" dictionary="UNBIS Thesaurus"></keyword>
      </classification>
      <classification source="http://metadata.un.org/sdg">
        <keyword value="16" href="http://metadata.un.org/sdg/16" showAs="sdg_16" dictionary="SDGO"></keyword>
        <keyword value="right_to_justice" href="http://eurovoc.europa.eu/516" showAs="right_to_justice" dictionary="EuroVoc"></keyword>
        <keyword value="sustainable_development" href="http://eurovoc.europa.eu/5585" showAs="sustainable_development" dictionary="EuroVoc"></keyword>
        <keyword value="civil_society" href="http://metadata.un.org/thesaurus/1001012" showAs="civil_society" dictionary="UNBIS Thesaurus"></keyword>
        <keyword value="justice" href="http://metadata.un.org/thesaurus/1003500" showAs="justice" dictionary="UNBIS Thesaurus"></keyword>
        <keyword value="peaceful_coexistence" href="http://metadata.un.org/thesaurus/1004777" showAs="peaceful_coexistence" dictionary="UNBIS Thesaurus"></keyword>
        <keyword value="public_institutions" href="http://metadata.un.org/thesaurus/1005254" showAs="public_institutions" dictionary="UNBIS Thesaurus"></keyword>
        <keyword value="social_justice" href="http://metadata.un.org/thesaurus/1005970" showAs="social_justice" dictionary="UNBIS Thesaurus"></keyword>
        <keyword value="sustainable_development" href="http://metadata.un.org/thesaurus/1006319" showAs="sustainable_development" dictionary="UNBIS Thesaurus"></keyword>
      </classification>
      <workflow source="#un">
        <step date="2019-11-11" outcome="draftResolution" as="A/C.3/74/L.37/Rev.1" by="Antigua and Barbuda, Bangladesh, Belize, Bolivia (Plurinational State of), Bosnia and Herzegovina, Cabo Verde, China, Comoros, Côte d'Ivoire, Cuba, Dominican Republic, Ecuador, El Salvador, Haiti, Honduras, Lao People's Democratic Republic, Myanmar, Namibia, Nicaragua, Romania, Russian Federation, Saint Vincent and the Grenadines, Seychelles, Slovenia, Suriname, Venezuela (Bolivarian Republic of) and Zimbabwe" />
        <step date="0001-01-01" outcome="draftResolutionAdditionalSponsors" by="Andorra, Angola, Austria, Bahamas, Belarus, Belgium, Bulgaria, Burkina Faso, Burundi, Cameroon, Chad, Costa Rica, Croatia, Cyprus, Czechia, Denmark, Djibouti, Egypt, Equatorial Guinea, Eritrea, Estonia, Gambia, Germany, Greece, Guinea, Hungary, India, Indonesia, Iran (Islamic Republic of), Ireland, Italy, Jamaica, Japan, Jordan, Kazakhstan, Kenya, Latvia, Lesotho, Libya, Liechtenstein, Lithuania, Luxembourg, Madagascar, Maldives, Mali, Malta, Mexico, Monaco, Mongolia, Montenegro, Morocco, Netherlands, Nigeria, Norway, Pakistan, Panama, Peru, Philippines, Poland, Portugal, Qatar, Saint Kitts and Nevis, Saint Lucia, San Marino, Senegal, Serbia, Slovakia, South Africa, Spain, Sri Lanka, Sudan, Sweden, Switzerland, Tajikistan, Thailand, Togo, Tunisia, Turkey, Uganda, United Arab Emirates, United Republic of Tanzania and Viet Nam" />
        <step date="0001-01-01" outcome="recommendedForAdoption" as="A/74/399/Add.2" by="" refersTo="90" />
        <step date="2019-12-18" outcome="adopted" as="A/74/PV.50" by="" />
      </workflow>
      <analysis source="#un">
        <parliamentary>
          <voting outcome="adoptedRecordedVote">
            <count value="188" refersTo="inFavour">
              <akn4un:voters>
                <organization refersTo="memberState">AFGHANISTAN</organization>
                <organization refersTo="memberState">ALBANIA</organization>
                <organization refersTo="memberState">ALGERIA</organization>
                <organization refersTo="memberState">ANDORRA</organization>
                <organization refersTo="memberState">ANGOLA</organization>
                <organization refersTo="memberState">ANTIGUA AND BARBUDA</organization>
                <organization refersTo="memberState">ARGENTINA</organization>
                <organization refersTo="memberState">ARMENIA</organization>
                <organization refersTo="memberState">AUSTRALIA</organization>
                <organization refersTo="memberState">AUSTRIA</organization>
                <organization refersTo="memberState">AZERBAIJAN</organization>
                <organization refersTo="memberState">BAHAMAS</organization>
                <organization refersTo="memberState">BAHRAIN</organization>
                <organization refersTo="memberState">BANGLADESH</organization>
                <organization refersTo="memberState">BARBADOS</organization>
                <organization refersTo="memberState">BELARUS</organization>
                <organization refersTo="memberState">BELGIUM</organization>
                <organization refersTo="memberState">BELIZE</organization>
                <organization refersTo="memberState">BENIN</organization>
                <organization refersTo="memberState">BHUTAN</organization>
                <organization refersTo="memberState">BOLIVIA (PLURINATIONAL STATE OF)</organization>
                <organization refersTo="memberState">BOSNIA AND HERZEGOVINA</organization>
                <organization refersTo="memberState">BOTSWANA</organization>
                <organization refersTo="memberState">BRAZIL</organization>
                <organization refersTo="memberState">BRUNEI DARUSSALAM</organization>
                <organization refersTo="memberState">BULGARIA</organization>
                <organization refersTo="memberState">BURKINA FASO</organization>
                <organization refersTo="memberState">BURUNDI</organization>
                <organization refersTo="memberState">CABO VERDE</organization>
                <organization refersTo="memberState">CAMBODIA</organization>
                <organization refersTo="memberState">CAMEROON</organization>
                <organization refersTo="memberState">CANADA</organization>
                <organization refersTo="memberState">CENTRAL AFRICAN REPUBLIC</organization>
                <organization refersTo="memberState">CHAD</organization>
                <organization refersTo="memberState">CHILE</organization>
                <organization refersTo="memberState">CHINA</organization>
                <organization refersTo="memberState">COLOMBIA</organization>
                <organization refersTo="memberState">COMOROS</organization>
                <organization refersTo="memberState">CONGO</organization>
                <organization refersTo="memberState">COSTA RICA</organization>
                <organization refersTo="memberState">COTE D'IVOIRE</organization>
                <organization refersTo="memberState">CROATIA</organization>
                <organization refersTo="memberState">CUBA</organization>
                <organization refersTo="memberState">CYPRUS</organization>
                <organization refersTo="memberState">CZECHIA</organization>
                <organization refersTo="memberState">DEMOCRATIC PEOPLE'S REPUBLIC OF KOREA</organization>
                <organization refersTo="memberState">DEMOCRATIC REPUBLIC OF THE CONGO</organization>
                <organization refersTo="memberState">DENMARK</organization>
                <organization refersTo="memberState">DJIBOUTI</organization>
                <organization refersTo="memberState">DOMINICAN REPUBLIC</organization>
                <organization refersTo="memberState">ECUADOR</organization>
                <organization refersTo="memberState">EGYPT</organization>
                <organization refersTo="memberState">EL SALVADOR</organization>
                <organization refersTo="memberState">EQUATORIAL GUINEA</organization>
                <organization refersTo="memberState">ERITREA</organization>
                <organization refersTo="memberState">ESTONIA</organization>
                <organization refersTo="memberState">ESWATINI</organization>
                <organization refersTo="memberState">ETHIOPIA</organization>
                <organization refersTo="memberState">FIJI</organization>
                <organization refersTo="memberState">FINLAND</organization>
                <organization refersTo="memberState">FRANCE</organization>
                <organization refersTo="memberState">GABON</organization>
                <organization refersTo="memberState">GAMBIA</organization>
                <organization refersTo="memberState">GEORGIA</organization>
                <organization refersTo="memberState">GERMANY</organization>
                <organization refersTo="memberState">GHANA</organization>
                <organization refersTo="memberState">GREECE</organization>
                <organization refersTo="memberState">GRENADA</organization>
                <organization refersTo="memberState">GUATEMALA</organization>
                <organization refersTo="memberState">GUINEA</organization>
                <organization refersTo="memberState">GUINEA-BISSAU</organization>
                <organization refersTo="memberState">GUYANA</organization>
                <organization refersTo="memberState">HAITI</organization>
                <organization refersTo="memberState">HONDURAS</organization>
                <organization refersTo="memberState">HUNGARY</organization>
                <organization refersTo="memberState">ICELAND</organization>
                <organization refersTo="memberState">INDIA</organization>
                <organization refersTo="memberState">INDONESIA</organization>
                <organization refersTo="memberState">IRAN (ISLAMIC REPUBLIC OF)</organization>
                <organization refersTo="memberState">IRAQ</organization>
                <organization refersTo="memberState">IRELAND</organization>
                <organization refersTo="memberState">ITALY</organization>
                <organization refersTo="memberState">JAMAICA</organization>
                <organization refersTo="memberState">JAPAN</organization>
                <organization refersTo="memberState">JORDAN</organization>
                <organization refersTo="memberState">KAZAKHSTAN</organization>
                <organization refersTo="memberState">KENYA</organization>
                <organization refersTo="memberState">KIRIBATI</organization>
                <organization refersTo="memberState">KUWAIT</organization>
                <organization refersTo="memberState">KYRGYZSTAN</organization>
                <organization refersTo="memberState">LAO PEOPLE'S DEMOCRATIC REPUBLIC</organization>
                <organization refersTo="memberState">LATVIA</organization>
                <organization refersTo="memberState">LEBANON</organization>
                <organization refersTo="memberState">LESOTHO</organization>
                <organization refersTo="memberState">LIBERIA</organization>
                <organization refersTo="memberState">LIBYA</organization>
                <organization refersTo="memberState">LIECHTENSTEIN</organization>
                <organization refersTo="memberState">LITHUANIA</organization>
                <organization refersTo="memberState">LUXEMBOURG</organization>
                <organization refersTo="memberState">MADAGASCAR</organization>
                <organization refersTo="memberState">MALAWI</organization>
                <organization refersTo="memberState">MALAYSIA</organization>
                <organization refersTo="memberState">MALDIVES</organization>
                <organization refersTo="memberState">MALI</organization>
                <organization refersTo="memberState">MALTA</organization>
                <organization refersTo="memberState">MARSHALL ISLANDS</organization>
                <organization refersTo="memberState">MAURITANIA</organization>
                <organization refersTo="memberState">MAURITIUS</organization>
                <organization refersTo="memberState">MEXICO</organization>
                <organization refersTo="memberState">MICRONESIA (FEDERATED STATES OF)</organization>
                <organization refersTo="memberState">MONACO</organization>
                <organization refersTo="memberState">MONGOLIA</organization>
                <organization refersTo="memberState">MONTENEGRO</organization>
                <organization refersTo="memberState">MOROCCO</organization>
                <organization refersTo="memberState">MOZAMBIQUE</organization>
                <organization refersTo="memberState">MYANMAR</organization>
                <organization refersTo="memberState">NAMIBIA</organization>
                <organization refersTo="memberState">NAURU</organization>
                <organization refersTo="memberState">NEPAL</organization>
                <organization refersTo="memberState">NETHERLANDS</organization>
                <organization refersTo="memberState">NEW ZEALAND</organization>
                <organization refersTo="memberState">NICARAGUA</organization>
                <organization refersTo="memberState">NIGER</organization>
                <organization refersTo="memberState">NIGERIA</organization>
                <organization refersTo="memberState">NORTH MACEDONIA</organization>
                <organization refersTo="memberState">NORWAY</organization>
                <organization refersTo="memberState">OMAN</organization>
                <organization refersTo="memberState">PAKISTAN</organization>
                <organization refersTo="memberState">PALAU</organization>
                <organization refersTo="memberState">PANAMA</organization>
                <organization refersTo="memberState">PAPUA NEW GUINEA</organization>
                <organization refersTo="memberState">PARAGUAY</organization>
                <organization refersTo="memberState">PERU</organization>
                <organization refersTo="memberState">PHILIPPINES</organization>
                <organization refersTo="memberState">POLAND</organization>
                <organization refersTo="memberState">PORTUGAL</organization>
                <organization refersTo="memberState">QATAR</organization>
                <organization refersTo="memberState">REPUBLIC OF KOREA</organization>
                <organization refersTo="memberState">REPUBLIC OF MOLDOVA</organization>
                <organization refersTo="memberState">ROMANIA</organization>
                <organization refersTo="memberState">RUSSIAN FEDERATION</organization>
                <organization refersTo="memberState">RWANDA</organization>
                <organization refersTo="memberState">SAINT KITTS AND NEVIS</organization>
                <organization refersTo="memberState">SAINT LUCIA</organization>
                <organization refersTo="memberState">SAINT VINCENT AND THE GRENADINES</organization>
                <organization refersTo="memberState">SAMOA</organization>
                <organization refersTo="memberState">SAN MARINO</organization>
                <organization refersTo="memberState">SAO TOME AND PRINCIPE</organization>
                <organization refersTo="memberState">SAUDI ARABIA</organization>
                <organization refersTo="memberState">SENEGAL</organization>
                <organization refersTo="memberState">SERBIA</organization>
                <organization refersTo="memberState">SEYCHELLES</organization>
                <organization refersTo="memberState">SIERRA LEONE</organization>
                <organization refersTo="memberState">SINGAPORE</organization>
                <organization refersTo="memberState">SLOVAKIA</organization>
                <organization refersTo="memberState">SLOVENIA</organization>
                <organization refersTo="memberState">SOLOMON ISLANDS</organization>
                <organization refersTo="memberState">SOMALIA</organization>
                <organization refersTo="memberState">SOUTH AFRICA</organization>
                <organization refersTo="memberState">SPAIN</organization>
                <organization refersTo="memberState">SRI LANKA</organization>
                <organization refersTo="memberState">SUDAN</organization>
                <organization refersTo="memberState">SURINAME</organization>
                <organization refersTo="memberState">SWEDEN</organization>
                <organization refersTo="memberState">SWITZERLAND</organization>
                <organization refersTo="memberState">SYRIAN ARAB REPUBLIC</organization>
                <organization refersTo="memberState">TAJIKISTAN</organization>
                <organization refersTo="memberState">THAILAND</organization>
                <organization refersTo="memberState">TIMOR-LESTE</organization>
                <organization refersTo="memberState">TOGO</organization>
                <organization refersTo="memberState">TRINIDAD AND TOBAGO</organization>
                <organization refersTo="memberState">TUNISIA</organization>
                <organization refersTo="memberState">TURKEY</organization>
                <organization refersTo="memberState">TURKMENISTAN</organization>
                <organization refersTo="memberState">TUVALU</organization>
                <organization refersTo="memberState">UGANDA</organization>
                <organization refersTo="memberState">UKRAINE</organization>
                <organization refersTo="memberState">UNITED ARAB EMIRATES</organization>
                <organization refersTo="memberState">UNITED KINGDOM</organization>
                <organization refersTo="memberState">UNITED REPUBLIC OF TANZANIA</organization>
                <organization refersTo="memberState">URUGUAY</organization>
                <organization refersTo="memberState">UZBEKISTAN</organization>
                <organization refersTo="memberState">VANUATU</organization>
                <organization refersTo="memberState">VENEZUELA (BOLIVARIAN REPUBLIC OF)</organization>
                <organization refersTo="memberState">VIET NAM</organization>
                <organization refersTo="memberState">YEMEN</organization>
                <organization refersTo="memberState">ZAMBIA</organization>
                <organization refersTo="memberState">ZIMBABWE</organization>
              </akn4un:voters>
            </count>
            <count value="2" refersTo="against">
              <akn4un:voters>
                <organization refersTo="memberState">ISRAEL</organization>
                <organization refersTo="memberState">UNITED STATES</organization>
              </akn4un:voters>
            </count>
          </voting>
        </parliamentary>
      </analysis>
      <references source="#DGACM">
        <TLCOrganization eId="source" href="/akn/ontology/organization/un/DGACM" showAs="DGACM"></TLCOrganization>
        <TLCConcept eId="dateOfIssuance" href="/akn/ontology/concept/un/dateOfIssuance" showAs="Date of issuance"></TLCConcept>
        <TLCConcept eId="dateOfAdoption" href="/akn/ontology/concept/un/dateOfAdoption" showAs="Date of adoption"></TLCConcept>
        <TLCConcept eId="symbol" href="/akn/ontology/reference/un/symbol" showAs="Symbol"></TLCConcept>
        <TLCRole eId="publisher" href="/akn/ontology/role/un/publisher" showAs="Publisher"></TLCRole>
        <TLCRole eId="issuingBody" href="/akn/role/concept/un/issuingBody" showAs="Issuing body"></TLCRole>
        <TLCRole eId="author" href="/akn/ontology/role/un/author" showAs="Author"></TLCRole>
        <TLCRole eId="editor" href="/akn/ontology/role/un/editor" showAs="Editor"></TLCRole>
        <TLCRole eId="distribution" href="/akn/ontology/concept/un/generalDistribution" showAs="General distribution"></TLCRole>
        <TLCOrganization eId="ga" href="/akn/ontology/organization/un/generalAssembly" showAs="General Assembly"></TLCOrganization>
        <TLCTerm eId="resolutionTitle" href="/akn/ontology/reference/un/resolutionTitle" showAs="Resolution title"></TLCTerm>
        <TLCTerm eId="thirdCommittee" href="#thirdCommittee" showAs="Third Committee"></TLCTerm>
        <TLCTerm eId="memberState" href="/akn/ontology/organization/un/memberState" showAs="Member State"></TLCTerm>
        <TLCTerm eId="inFavour" href="/akn/ontology/concept/un/voting/inFavour" showAs="In favour"></TLCTerm>
        <TLCTerm eId="against" href="/akn/ontology/concept/un/voting/against" showAs="Against"></TLCTerm>
        <TLCTerm eId="abstaining" href="/akn/ontology/concept/un/voting/abstaining" showAs="Abstaining"></TLCTerm>
      </references>
      <presentation source="#un">
        <akn4un:footerFirstPage>
          <akn4un:footerFirstPageLeft>
            <akn4un:internalCode>
              <docketNumber refersTo="#publicationJobNumber">19-22253 (E)</docketNumber>
              <img alt="bar code" class="barCode" src=""></img>
            </akn4un:internalCode>
          </akn4un:footerFirstPageLeft>
          <akn4un:footerFirstPageRight>
            <img alt="Please recycle" class="image" src="./recylcleLogo.jpg"></img>
            <img alt="embedded QR code" class="qrCode" src=""></img>
          </akn4un:footerFirstPageRight>
        </akn4un:footerFirstPage>
      </presentation>
    </meta>
    <coverPage eId="coverPage_1">
      <p>
        <span refersTo="#publisher" class="upperLeft">
          <docAuthority refersTo="#publisher">United Nations</docAuthority>
        </span>
      </p>
      <p class="upperRight">
        <docNumber refersTo="#symbol">A/RES/74/149</docNumber>
      </p>
      <p class="upperLeft">
        <img src="logo-un.jpg"></img>
        <docAuthority refersTo="#issuingBody" class="rightBig">General Assembly</docAuthority>
      </p>
      <p>
        <docStatus refersTo="#generalDistribution" class="rightSmall">Distr.: General</docStatus>
      </p>
      <p>
        <docDate date="2020-01-24" class="rightSmall" refersTo="#dateOfIssuance">24 January 2020</docDate>
      </p>
      <p>
        <session refersTo="#generalAssembly" value="74" eId="coverPage_1__session_1">Seventy-fourth session</session>
      </p>
      <p>
        <inline name="agenda item">Agenda item 70 (b)</inline>
      </p>
      <p>
        <inline name="agenda item name">Promotion and protection of human rights: human rights questions, including alternative approaches for improving the effective enjoyment of human rights and fundamental freedoms</inline>
      </p>
      <p>
        <docTitle>Resolution adopted by the General Assembly on 18 December 2019</docTitle>
      </p>
      <p xml:space="preserve">
        <docProponent refersTo="#thirdCommittee">[on the report of the Third Committee (<inline name="originating document">A/74/399/Add.2</inline>)]</docProponent>
      </p>
    </coverPage>
    <preface>
      <p>
        <docNumber>74/149.</docNumber>
        <docTitle refersTo="#resolutionTitle">The right to food</docTitle>
      </p>
    </preface>
    <preamble>
      <formula name="enactingFormula" eId="formula_1">
        <p xml:space="preserve">
          <span class="italic">The General Assembly</span>,</p>
      </formula>
      <container name="Reaffirming" eId="container_2">
        <p xml:space="preserve">
          <span class="italic">Reaffirming</span> the Charter of the United Nations and its importance for the promotion and protection of all human rights and fundamental freedoms for all,</p>
      </container>
      <container name="Reaffirming also" eId="container_3">
        <p xml:space="preserve">
          <span class="italic">Reaffirming also</span> previous resolutions and decisions on the right to food adopted within the framework of the United Nations,</p>
      </container>
      <container name="Recalling" eId="container_4">
        <p xml:space="preserve">
          <span class="italic">Recalling</span> the Universal Declaration of Human Rights,<authorialNote marker="1" placement="bottom" eId="authorialNote_1"><p xml:space="preserve">	 	Resolution <a href="https://undocs.org//en/A/RES/217 (III)">217 A (III)</a>.</p></authorialNote> which provides that everyone has the right to a standard of living adequate for her or his health and well-being, including food, the Universal Declaration on the Eradication of Hunger and Malnutrition,<authorialNote marker="2" placement="bottom" eId="authorialNote_2"><p xml:space="preserve"><span class="italic">Report of the World Food Conference, Rome, 5–16 November 1974</span> (United Nations publication, Sales No. E.75.II.A.3), chap. I.</p></authorialNote> the United Nations Millennium Declaration,<authorialNote marker="3" placement="bottom" eId="authorialNote_3"><p xml:space="preserve">	 	Resolution <a href="https://undocs.org/en/A/RES/55/2">55/2</a>.</p></authorialNote> in particular Millennium Development Goal 1 on eradicating extreme poverty and hunger by 2015, and the 2030 Agenda for Sustainable Development,<authorialNote marker="4" placement="bottom" eId="authorialNote_4"><p xml:space="preserve">	 	Resolution <a href="https://undocs.org/en/A/RES/70/1">70/1</a>.</p></authorialNote> in particular the Sustainable Development Goals on ending hunger, achieving food security and improved nutrition and promoting sustainable agriculture and on ending poverty in all its forms everywhere,</p>
      </container>
      <container name="Recognizing" eId="container_5">
        <p xml:space="preserve">
          <span class="italic">Recognizing</span> that achieving the Sustainable Development Goals can help to ensure the end of hunger in all its forms by 2030 and to achieve food security,</p>
      </container>
      <container name="Recalling" eId="container_6">
        <p xml:space="preserve">
          <span class="italic">Recalling</span> the provisions of the International Covenant on Economic, Social and Cultural Rights,<authorialNote marker="5" placement="bottom" eId="authorialNote_5"><p xml:space="preserve">	 	See resolution <a href="https://undocs.org//en/A/RES/2200 (XXI)">2200 A (XXI)</a>, annex.</p></authorialNote> in which the fundamental right of every person to be free from hunger is recognized,</p>
      </container>
      <container name="Bearing in mind" eId="container_7">
        <p xml:space="preserve">
          <span class="italic">Bearing in mind</span> the importance of the Rome Declaration on World Food Security, the World Food Summit Plan of Action and the Declaration of the World Food Summit: five years later, adopted in Rome on 13 June 2002,<authorialNote marker="6" placement="bottom" eId="authorialNote_6"><p xml:space="preserve"><a href="https://undocs.org/en/A/57/499">A/57/499</a>, annex.</p></authorialNote></p>
      </container>
      <container name="Reaffirming" eId="container_8">
        <p xml:space="preserve">
          <span class="italic">Reaffirming</span> the importance of the recommendations contained in the Voluntary Guidelines to Support the Progressive Realization of the Right to Adequate Food in the Context of National Food Security, adopted by the Council of the Food and Agriculture Organization of the United Nations in November 2004,<authorialNote marker="7" placement="bottom" eId="authorialNote_7"><p xml:space="preserve"><a href="https://undocs.org/en/E/CN.4/2005/131">E/CN.4/2005/131</a>, annex.</p></authorialNote></p>
      </container>
      <container name="Acknowledging" eId="container_9">
        <p xml:space="preserve">
          <span class="italic">Acknowledging</span> that the right to food has been recognized as the right of every individual, alone or in community with others, to have physical and economic access at all times to sufficient, adequate, nutritious food, in conformity with, inter alia, the culture, beliefs, traditions, dietary habits and preferences of individuals, that is produced and consumed sustainably, thereby preserving access to food for future generations,</p>
      </container>
      <container name="Reaffirming" eId="container_10">
        <p xml:space="preserve">
          <span class="italic">Reaffirming</span> the Five Rome Principles for Sustainable Global Food Security contained in the Declaration of the World Summit on Food Security, adopted in Rome on 16 November 2009,<authorialNote marker="8" placement="bottom" eId="authorialNote_8"><p xml:space="preserve">	 	See Food and Agriculture Organization of the United Nations, document WSFS 2009/2.</p></authorialNote></p>
      </container>
      <container name="Recalling" eId="container_11">
        <p xml:space="preserve">
          <span class="italic">Recalling</span> the proclamation by the General Assembly at its seventy-second session of 2019–2028 as the United Nations Decade of Family Farming and the close links between family farming, the promotion and conservation of historical, cultural and natural heritage, traditional customs and culture, halting the loss of biodiversity and the improvement of the living conditions of people living in rural areas,</p>
      </container>
      <container name="Reaffirming" eId="container_12">
        <p xml:space="preserve">
          <span class="italic">Reaffirming</span> that all human rights are universal, indivisible, interdependent and interrelated and that they must be treated globally, in a fair and equal manner, on the same footing and with the same emphasis,</p>
      </container>
      <container name="Reaffirming also" eId="container_13">
        <p xml:space="preserve">
          <span class="italic">Reaffirming also</span> that a peaceful, stable and enabling political, social and economic environment, at both the national and the international levels, is the essential foundation that will enable States to give adequate priority to food security, improved nutrition and poverty eradication,</p>
      </container>
      <container name="Reiterating" eId="container_14">
        <p xml:space="preserve">
          <span class="italic">Reiterating</span>, as set out in the Rome Declaration on World Food Security, the Declaration of the World Food Summit and the Rome Declaration on Nutrition,<authorialNote marker="9" placement="bottom" eId="authorialNote_9"><p xml:space="preserve">	 	World Health Organization, document EB136/8, annex I.</p></authorialNote> that food should not be used as an instrument of political or economic pressure, and reaffirming in this regard the importance of international cooperation and solidarity, as well as the necessity of refraining from unilateral measures that are not in accordance with international law and the Charter and that endanger food and nutrition security,</p>
      </container>
      <container name="Convinced" eId="container_15">
        <p xml:space="preserve">
          <span class="italic">Convinced</span> that each State must adopt a strategy consistent with its resources and capacities to achieve its individual goals in implementing the recommendations contained in the Rome Declaration on World Food Security and the World Food Summit Plan of Action, as well as in the Rome Declaration on Nutrition and the Framework for Action,<authorialNote marker="10" placement="bottom" eId="authorialNote_10"><p xml:space="preserve">	 	Ibid., annex II.</p></authorialNote> and, at the same time, cooperate regionally and internationally in order to organize collective solutions to global issues of food and nutrition security in a world of increasingly interlinked institutions, societies and economies where coordinated efforts and shared responsibilities are essential,</p>
      </container>
      <container name="Recognizing" eId="container_16">
        <p xml:space="preserve">
          <span class="italic">Recognizing</span> that, despite the efforts made and the fact that some positive results have been achieved, the problems of hunger, food insecurity and malnutrition have a global dimension, that there has not been sufficient progress in reducing hunger and that these problems are increasing dramatically in some regions in the absence of urgent, determined and concerted action,</p>
      </container>
      <container name="Recognizing also" eId="container_17">
        <p xml:space="preserve">
          <span class="italic">Recognizing also</span> the importance of traditional sustainable agricultural practices, including traditional seed supply systems, as well as access to credit and other financial services, markets, secure land tenure, health care, social services, education, training, knowledge and appropriate and affordable technologies, including efficient irrigation, the reuse of treated wastewater and water harvesting and storage for indigenous peoples and others living in rural areas,</p>
      </container>
      <container name="Recognizing further" eId="container_18">
        <p xml:space="preserve">
          <span class="italic">Recognizing further</span> the complex character of food insecurity and its likely recurrence owing to a combination of several major factors, such as the effects of the global financial and economic crisis, environmental degradation, desertification and the adverse impacts of climate change, as well as poverty, natural disasters, armed conflicts, drought, volatility in commodity prices and the lack in many countries of the appropriate technology, investment and capacity-building necessary to confront its impact, particularly in developing countries, including the least developed countries and small island developing States, and the need for coherence and collaboration between international institutions at the global level,</p>
      </container>
      <container name="Noting with great concern" eId="container_19">
        <p xml:space="preserve">
          <span class="italic">Noting with great concern</span> that millions of people are facing famine or the immediate risk of famine or are experiencing severe food insecurity in several regions of the world, and noting also that poverty, armed conflicts, drought and the volatility of commodity prices are among the factors causing or exacerbating famine and severe food insecurity and that additional efforts, including international support, to respond, prevent and prepare for increasing global food insecurity are urgently needed,</p>
      </container>
      <container name="Stressing" eId="container_20">
        <p xml:space="preserve">
          <span class="italic">Stressing</span> the obligation of all States and parties to an armed conflict to protect civilians, in accordance with international humanitarian law, and calling upon Member States, the United Nations and other relevant organizations to take further steps to provide a coordinated emergency response to the food and nutrition needs of affected populations, while aiming to ensure that such steps are supportive of national strategies and programmes aimed at improving food security and nutrition,</p>
      </container>
      <container name="Reaffirming" eId="container_21">
        <p xml:space="preserve">
          <span class="italic">Reaffirming</span> that starvation of civilians as a method of combat is prohibited under international humanitarian law and that it is therefore prohibited to attack, destroy, remove or render useless, for that purpose, objects indispensable to the survival of the civilian population, such as foodstuffs, agricultural areas for the production of foodstuffs, crops, livestock, drinking water installations and supplies and irrigation works,</p>
      </container>
      <container name="Resolved" eId="container_22">
        <p xml:space="preserve">
          <span class="italic">Resolved</span> to act to ensure that the promotion, protection and fulfilment of all human rights and the human rights perspective are taken into account at the national, regional and international levels in measures to address the realization of the right to food,</p>
      </container>
      <container name="Stressing" eId="container_23">
        <p xml:space="preserve">
          <span class="italic">Stressing</span> the possible benefits of international trade to improve food and nutrition availability,</p>
      </container>
      <container name="Stressing also" eId="container_24">
        <p xml:space="preserve">
          <span class="italic">Stressing also</span> that improving access to productive resources and investment in rural development is essential for eradicating hunger and poverty, in particular in developing countries, through, inter alia, the promotion of investments in appropriate small-scale irrigation and water management technologies in order to reduce vulnerability to droughts and tackle water scarcity, as well as in programmes, practices and policies to scale up sustainable agroecological approaches,</p>
      </container>
      <container name="Expressing its deep concern" eId="container_25">
        <p xml:space="preserve">
          <span class="italic">Expressing its deep concern</span> at the number and scale of natural disasters, diseases and pest infestations, as well as the negative impact of climate change, and their increasing impact in recent years, which have resulted in substantial loss of life and livelihood and threatened agricultural production and food and nutrition security, in particular in developing countries,</p>
      </container>
      <container name="Concerned" eId="container_26">
        <p xml:space="preserve">
          <span class="italic">Concerned</span> that the adverse impacts of climate change and natural disasters are harming agricultural productivity, food production and cropping patterns, thus contributing to food availability shortfalls, and that such impacts are expected to increase with future climate change,</p>
      </container>
      <container name="Expressing its deep concern" eId="container_27">
        <p xml:space="preserve">
          <span class="italic">Expressing its deep concern</span> over the negative effects of armed conflicts on the enjoyment of the right to food,</p>
      </container>
      <container name="Emphasizing" eId="container_28">
        <p xml:space="preserve">
          <span class="italic">Emphasizing</span> that a multisectoral approach that integrates nutrition across all sectors, including agriculture, health, water and sanitation, social protection and education, as well as a gender perspective, is critical to achieving global food security and improved nutrition and the realization of the right to food,</p>
      </container>
      <container name="Recalling" eId="container_29">
        <p xml:space="preserve">
          <span class="italic">Recalling</span> the endorsement of the Voluntary Guidelines on the Responsible Governance of Tenure of Land, Fisheries and Forests in the Context of National Food Security<authorialNote marker="11" placement="bottom" eId="authorialNote_11"><p xml:space="preserve">	 	Food and Agriculture Organization of the United Nations, document CL 144/9 (C 2013/20), appendix D.</p></authorialNote> by the Committee on World Food Security at its thirty-eighth session, held on 11 May 2012, and by the Council of the Food and Agriculture Organization of the United Nations at its 144th session,</p>
      </container>
      <container name="Recalling also" eId="container_30">
        <p xml:space="preserve">
          <span class="italic">Recalling also</span> the Principles for Responsible Investment in Agriculture and Food Systems,<authorialNote marker="12" placement="bottom" eId="authorialNote_12"><p xml:space="preserve">	 	Food and Agriculture Organization of the United Nations, document C 2015/20, appendix D.</p></authorialNote> which were endorsed by the Committee on World Food Security at its forty-first session, held from 13 to 18 October 2014,</p>
      </container>
      <container name="Stressing" eId="container_31">
        <p xml:space="preserve">
          <span class="italic">Stressing</span> the importance of the Second International Conference on Nutrition, hosted by the World Health Organization and the Food and Agriculture Organization of the United Nations in Rome from 19 to 21 November 2014, and of its outcome documents, the Rome Declaration on Nutrition and the Framework for Action,</p>
      </container>
      <container name="Stressing also" eId="container_32">
        <p xml:space="preserve">
          <span class="italic">Stressing also</span> the need to increase official development assistance devoted to sustainable agriculture and nutrition, </p>
      </container>
      <container name="Recognizing" eId="container_33">
        <p xml:space="preserve">
          <span class="italic">Recognizing</span> that small and medium-sized farmers in developing countries need to receive technical, technology transfer and capacity-building support,</p>
      </container>
      <container name="Recognizing also" eId="container_34">
        <p xml:space="preserve">
          <span class="italic">Recognizing also</span> the importance of the protection and preservation of agrobiodiversity in guaranteeing food security and nutrition and the right to food for all,</p>
      </container>
      <container name="Noting" eId="container_35">
        <p xml:space="preserve">
          <span class="italic">Noting</span> the cultural values of dietary and eating habits in different cultures, and recognizing that food plays an important role in defining the identity of individuals and communities and is a cultural component that describes and gives value to a territory and its inhabitants,</p>
      </container>
      <container name="Recognizing" eId="container_36">
        <p xml:space="preserve">
          <span class="italic">Recognizing</span> the role of the Food and Agriculture Organization of the United Nations as the key United Nations agency for rural and agricultural development and its work in supporting the efforts of Member States to achieve the full realization of the right to food, including through its provision of technical assistance to developing countries in support of the implementation of national priority frameworks,</p>
      </container>
      <container name="Recognizing also" eId="container_37">
        <p xml:space="preserve">
          <span class="italic">Recognizing also</span> the role of the Committee on World Food Security as an inclusive international and intergovernmental platform for a broad range of committed stakeholders to work together in a coordinated manner and in support of country-led processes towards the elimination of hunger and ensuring food security and nutrition for all human beings,</p>
      </container>
      <container name="Noting with appreciation" eId="container_38">
        <p xml:space="preserve">
          <span class="italic">Noting with appreciation</span> the announcement by the Secretary-General, on 16 October 2019, of his intention to convene a world food systems summit in 2021, </p>
      </container>
      <container name="Acknowledging" eId="container_39">
        <p xml:space="preserve">
          <span class="italic">Acknowledging</span> the contribution of parliamentarians nationally and regionally to the reduction of hunger and malnutrition and ultimately to the realization of the right to food, and in this regard recognizing the convening of the first Global Parliamentary Summit against Hunger and Malnutrition, held in Madrid on 29 and 30 October 2018, </p>
      </container>
      <container name="Recalling" eId="container_40">
        <p xml:space="preserve">
          <span class="italic">Recalling</span> the outcome document of the United Nations Conference on Sustainable Development, entitled “The future we want”, and recalling the commitment therein to work together to promote sustained and inclusive economic growth, social development and environmental protection and thereby to benefit all, endorsed by the General Assembly in its resolution <a href="https://undocs.org/en/A/RES/66/288">66/288</a> of 27 July 2012,</p>
      </container>
      <container name="Recalling also" eId="container_41">
        <p xml:space="preserve">
          <span class="italic">Recalling also</span> the Sendai Framework for Disaster Risk Reduction 2015–2030<authorialNote marker="13" placement="bottom" eId="authorialNote_13"><p xml:space="preserve">	 	Resolution <a href="https://undocs.org/en/A/RES/69/283">69/283</a>, annex II.</p></authorialNote> and its guiding principles, which, inter alia, recognize the importance of promoting regular disaster preparedness and response and recovery exercises, with a view to ensuring rapid and effective response to disasters and related displacement, including access to essential food and non-food relief supplies, as appropriate to local needs, as well as of fostering collaboration across global and regional mechanisms and institutions for the implementation and coherence of instruments and tools relevant to disaster risk reduction, such as for climate change adaptation, biodiversity, sustainable development, poverty eradication, environment, agriculture, health, food and nutrition and others, as appropriate,</p>
      </container>
      <container name="Recalling further" eId="container_42">
        <p xml:space="preserve">
          <span class="italic">Recalling further</span> the proclamation at its seventieth session of 2016–2025 as the United Nations Decade of Action on Nutrition, and stressing the opportunity the Decade represents to bring together initiatives and efforts to eradicate hunger and prevent all forms of malnutrition, </p>
      </container>
      <container name="Acknowledging" eId="container_43">
        <p xml:space="preserve">
          <span class="italic">Acknowledging</span> the work done by the High-level Task Force on Global Food and Nutrition Security established by the Secretary-General, and supporting the Secretary-General in his continuing efforts in this regard, including continued engagement with Member States and the Special Rapporteur of the Human Rights Council on the right to food,</p>
      </container>
    </preamble>
    <mainBody>
      <paragraph eId="para_44" class="SingleTxt">
        <num>	1.</num>
        <content eId="para_44__content">
          <p xml:space="preserve">
            <span class="italic">Reaffirms</span> that hunger constitutes an outrage and a violation of human dignity and therefore requires the adoption of urgent measures at the national, regional and international levels for its elimination;</p>
        </content>
      </paragraph>
      <paragraph eId="para_45" class="SingleTxt">
        <num>	2.</num>
        <content eId="para_45__content">
          <p xml:space="preserve">
            <span class="italic">Also reaffirms</span> the right of everyone to have access to safe, sufficient and nutritious food, consistent with the right to adequate food and the fundamental right of everyone to be free from hunger, so as to be able to fully develop and maintain his or her physical and mental capacities;</p>
        </content>
      </paragraph>
      <paragraph eId="para_46" class="SingleTxt">
        <num>	3.</num>
        <content eId="para_46__content">
          <p xml:space="preserve">
            <span class="italic">Considers it intolerable</span> that, as estimated by the United Nations Children’s Fund, up to 45 per cent of the children who die every year before the age of 5 die from undernutrition and hunger-related illness, at least one in three children under the age of 5 is undernourished or overweight and one in two suffers from hidden hunger, undermining the capacity of millions of children to grow and develop to their full potential, and that, as estimated by the Food and Agriculture Organization of the United Nations, more than 820 million people in the world are still hungry today, underscoring the immense challenge of achieving the zero hunger target by 2030;</p>
        </content>
      </paragraph>
      <paragraph eId="para_47" class="SingleTxt">
        <num>	4.</num>
        <content eId="para_47__content">
          <p xml:space="preserve">
            <span class="italic">Expresses its concern</span> at the fact that the effects created by the world food crisis still continue to have serious consequences for the poorest and most vulnerable people, particularly in developing countries, which have been further aggravated by the impacts of the world financial and economic crisis, and at the particular effects of the crisis on many net food-importing countries, especially the least developed countries;</p>
        </content>
      </paragraph>
      <paragraph eId="para_48" class="SingleTxt">
        <num>	5.</num>
        <content eId="para_48__content">
          <p xml:space="preserve">
            <span class="italic">Expresses its deep concern</span> that, according to the report of the Food and Agriculture Organization of the United Nations entitled <span class="italic">The State of Food Security and Nutrition in the World 2019: Safeguarding against Economic Slowdowns and Downturns</span>, the number of hungry people in the world is growing, the vast majority of hungry people live in developing countries and 2 billion people in the world experience moderate or severe food insecurity;</p>
        </content>
      </paragraph>
      <paragraph eId="para_49" class="SingleTxt">
        <num>	6.</num>
        <content eId="para_49__content">
          <p xml:space="preserve">
            <span class="italic">Also expresses its deep concern</span> that, while women contribute more than 50 per cent of the food produced worldwide, they also account for 70 per cent of the world’s hungry, that women and girls are disproportionately affected by hunger, food insecurity and poverty, in part as a result of gender inequality and discrimination, that in many countries girls are twice as likely as boys to die from malnutrition and preventable childhood diseases, and that it is estimated that almost twice as many women as men suffer from malnutrition;</p>
        </content>
      </paragraph>
      <paragraph eId="para_50" class="SingleTxt">
        <num>	7.</num>
        <content eId="para_50__content">
          <p xml:space="preserve">
            <span class="italic">Encourages</span> all States to mainstream a gender perspective in food security programmes and to take action to address de jure and de facto gender inequality and discrimination against women, in particular when they contribute to the malnutrition of women and girls, including measures to ensure the full and equal realization of the right to food and that women have equal access to resources, including income, land and water and their ownership and agricultural inputs, as well as full and equal access to health care, education, science and technology, to enable them to feed themselves and their families, and in this regard stresses the need to empower women and strengthen their role in decision-making;</p>
        </content>
      </paragraph>
      <paragraph eId="para_51" class="SingleTxt">
        <num>	8.</num>
        <content eId="para_51__content">
          <p xml:space="preserve">
            <span class="italic">Encourages</span> the Special Rapporteur of the Human Rights Council on the right to food to continue to mainstream a gender perspective in the fulfilment of her mandate, and encourages the Food and Agriculture Organization of the United Nations and all other United Nations bodies and mechanisms addressing the right to food and food insecurity and malnutrition to continue to integrate a gender perspective into their relevant policies, programmes and activities;</p>
        </content>
      </paragraph>
      <paragraph eId="para_52" class="SingleTxt">
        <num>	9.</num>
        <content eId="para_52__content">
          <p xml:space="preserve">
            <span class="italic">Reaffirms</span> the need to ensure that programmes delivering safe and nutritious food are inclusive of and accessible to persons with disabilities;</p>
        </content>
      </paragraph>
      <paragraph eId="para_53" class="SingleTxt">
        <num>	10.</num>
        <content eId="para_53__content">
          <p xml:space="preserve">
            <span class="italic">Stresses</span> that the primary responsibility of States is to promote and protect the right to food and that the international community should provide, through a coordinated response and upon request, international cooperation in support of national and regional efforts by providing the assistance necessary to increase food production and access to food, including through agricultural development assistance, the transfer of technology, food crop rehabilitation assistance and food aid, ensuring food security, with special attention to the specific needs of women and girls, and promoting innovation, support for the development of adapted technologies, research on rural advisory services and support for access to financing services, and ensure support for the establishment of secure land tenure systems;</p>
        </content>
      </paragraph>
      <paragraph eId="para_54" class="SingleTxt">
        <num>	11.</num>
        <content eId="para_54__content">
          <p xml:space="preserve">
            <span class="italic">Calls upon</span> all States and, if appropriate, relevant international organizations to take measures and support programmes that are aimed at combating undernutrition in mothers, in particular during pregnancy and breastfeeding, and in children, and the irreversible effects of chronic undernutrition in early childhood, in particular from birth to the age of 2 years;</p>
        </content>
      </paragraph>
      <paragraph eId="para_55" class="SingleTxt">
        <num>	12.</num>
        <content eId="para_55__content">
          <p xml:space="preserve">
            <span class="italic">Also calls upon</span> all States and, where appropriate, relevant international organizations to implement policies and programmes to reduce and eliminate preventable mortality and morbidity, as a result of malnutrition, of children under 5 years of age, and in this regard urges States to disseminate the technical guidance prepared by the Office of the United Nations High Commissioner for Human Rights, in collaboration with the World Health Organization,<authorialNote marker="14" placement="bottom" eId="authorialNote_14"><p xml:space="preserve"><a href="https://undocs.org/en/A/HRC/27/31">A/HRC/27/31</a>; see also Human Rights Council resolution <a href="https://undocs.org/en/A/HRC/RES/33/11">33/11</a> (see <span class="italic">Official Records of the General Assembly, Seventy-first Session, Supplement No. 53A</span> and corrigendum (<a href="https://undocs.org/en/A/71/53/Add.1">A/71/53/Add.1</a> and <a href="https://undocs.org/en/A/71/53/Add.1/Corr.1">A/71/53/Add.1/Corr.1</a>), chap. II).</p></authorialNote> and to apply it, as appropriate, in the design, implementation, evaluation and monitoring of laws, policies, programmes, budgets and mechanisms for remedy and redress aimed at eliminating preventable mortality and morbidity of children under 5 years of age;</p>
        </content>
      </paragraph>
      <paragraph eId="para_56" class="SingleTxt">
        <num>	13.</num>
        <content eId="para_56__content">
          <p xml:space="preserve">
            <span class="italic">Encourages</span> all States to take steps, with a view to progressively achieving the full realization of the right to food, including steps to promote the conditions for everyone to be free from hunger and, as soon as possible, to enjoy fully the right to food, and to create and adopt national plans to combat hunger;</p>
        </content>
      </paragraph>
      <paragraph eId="para_57" class="SingleTxt">
        <num>	14.</num>
        <content eId="para_57__content">
          <p xml:space="preserve">
            <span class="italic">Recognizes</span> the advances made through South-South cooperation in developing countries and regions in connection with food security and the development of agricultural production for the full realization of the right to food;</p>
        </content>
      </paragraph>
      <paragraph eId="para_58" class="SingleTxt">
        <num>	15.</num>
        <content eId="para_58__content">
          <p xml:space="preserve">
            <span class="italic">Stresses</span> that improving access to productive resources and responsible public investment in rural development, taking into consideration the Principles for Responsible Investment in Agriculture and Food Systems,<sup>12</sup> as endorsed by the Committee on World Food Security, is essential for eradicating hunger and poverty, in particular in developing countries, including through the promotion of investment, including private investment, in appropriate small-scale irrigation and water management technologies in order to reduce vulnerability to droughts and to tackle water scarcity;</p>
        </content>
      </paragraph>
      <paragraph eId="para_59" class="SingleTxt">
        <num>	16.</num>
        <content eId="para_59__content">
          <p xml:space="preserve">
            <span class="italic">Recognizes</span> the critical contribution made by the fisheries sector to the realization of the right to food and to food security and the contribution of small-scale fishers to the local food security of coastal communities;</p>
        </content>
      </paragraph>
      <paragraph eId="para_60" class="SingleTxt">
        <num>	17.</num>
        <content eId="para_60__content">
          <p xml:space="preserve">
            <span class="italic">Also recognizes</span> that 70 per cent of hungry people live in rural areas, where nearly half a billion family farmers are located, and that these people are especially vulnerable to food insecurity, given the increasing cost of inputs and the fall in farm incomes; that access to land, water, seeds and other natural resources is an increasing challenge for poor producers; that sustainable and gender-sensitive agricultural policies are important tools for promoting land and agrarian reform, rural credit and insurance, technical assistance and other associated measures to achieve food security and rural development; and that support by States for small farmers, fishing communities and local enterprises, including through the facilitation of access for their products to national and international markets and empowerment of small producers, particularly women, in value chains, is a key element for food security and the provision of the right to food;</p>
        </content>
      </paragraph>
      <paragraph eId="para_61" class="SingleTxt">
        <num>	18.</num>
        <content eId="para_61__content">
          <p xml:space="preserve">
            <span class="italic">Stresses</span> the importance of fighting hunger in rural areas, including through national efforts supported by international partnerships to stop desertification and land degradation and through investments and public policies that are specifically appropriate to the risk of drylands, and in this regard calls for the full implementation of the United Nations Convention to Combat Desertification in Those Countries Experiencing Serious Drought and/or Desertification, Particularly in Africa;<authorialNote marker="15" placement="bottom" eId="authorialNote_15"><p xml:space="preserve">	 	United Nations, <span class="italic">Treaty Series</span>, vol. 1954, No. 33480.</p></authorialNote></p>
        </content>
      </paragraph>
      <paragraph eId="para_62" class="SingleTxt">
        <num>	19.</num>
        <content eId="para_62__content">
          <p xml:space="preserve">
            <span class="italic">Urges</span> States that have not yet done so to favourably consider becoming parties to the Convention on Biological Diversity<authorialNote marker="16" placement="bottom" eId="authorialNote_16"><p xml:space="preserve">	 	Ibid., vol. 1760, No. 30619.</p></authorialNote> and to consider becoming parties to the International Treaty on Plant Genetic Resources for Food and Agriculture<authorialNote marker="17" placement="bottom" eId="authorialNote_17"><p xml:space="preserve">	 	Ibid., vol. 2400, No. 43345.</p></authorialNote> as a matter of priority;</p>
        </content>
      </paragraph>
      <paragraph eId="para_63" class="SingleTxt">
        <num>	20.</num>
        <content eId="para_63__content">
          <p xml:space="preserve">
            <span class="italic">Recognizes</span> the important role of indigenous peoples and their traditional knowledge and seed supply systems, as well as the important role of new technologies, in the conservation of biodiversity and in aiming to ensure food security and improved nutrition;</p>
        </content>
      </paragraph>
      <paragraph eId="para_64" class="SingleTxt">
        <num>	21.</num>
        <content eId="para_64__content">
          <p xml:space="preserve">
            <span class="italic">Recalls</span> the United Nations Declaration on the Rights of Indigenous Peoples,<authorialNote marker="18" placement="bottom" eId="authorialNote_18"><p xml:space="preserve">	 	Resolution <a href="https://undocs.org/en/A/RES/61/295">61/295</a>, annex.</p></authorialNote> acknowledges that many indigenous organizations and representatives of indigenous peoples have expressed in different forums their deep concerns over the obstacles and challenges they face in achieving the full enjoyment of the right to food, and calls upon States to take special actions to combat the root causes of the disproportionately high level of hunger and malnutrition among indigenous peoples and the continuous discrimination against them;</p>
        </content>
      </paragraph>
      <paragraph eId="para_65" class="SingleTxt">
        <num>	22.</num>
        <content eId="para_65__content">
          <p xml:space="preserve">
            <span class="italic">Also recalls</span> the outcome document of the high-level plenary meeting of the General Assembly known as the World Conference on Indigenous Peoples, held on 22 and 23 September 2014,<authorialNote marker="19" placement="bottom" eId="authorialNote_19"><p xml:space="preserve">	 	Resolution <a href="https://undocs.org/en/A/RES/69/2">69/2</a>.</p></authorialNote> and the commitment to developing, in conjunction with the indigenous peoples concerned and where appropriate, policies, programmes and resources to support indigenous peoples’ occupations, traditional subsistence activities, economies, livelihoods, food security and nutrition;</p>
        </content>
      </paragraph>
      <paragraph eId="para_66" class="SingleTxt">
        <num>	23.</num>
        <content eId="para_66__content">
          <p xml:space="preserve">
            <span class="italic">Notes</span> the need to further examine various concepts, such as “food sovereignty”, and their relation to food security and the right to food, bearing in mind the need to avoid any negative impact on the enjoyment of the right to food for all people at all times;</p>
        </content>
      </paragraph>
      <paragraph eId="para_67" class="SingleTxt">
        <num>	24.</num>
        <content eId="para_67__content">
          <p xml:space="preserve">
            <span class="italic">Requests</span> all States and private actors, as well as international organizations, within their respective mandates, to take fully into account the need to promote the effective realization of the right to food for all;</p>
        </content>
      </paragraph>
      <paragraph eId="para_68" class="SingleTxt">
        <num>	25.</num>
        <content eId="para_68__content">
          <p xml:space="preserve">
            <span class="italic">Recognizes</span> the need to strengthen national commitment, as well as international assistance, upon the request of and in cooperation with the affected countries, towards the full realization and protection of the right to food, and in particular to develop national protection mechanisms for people forced to leave their homes and land because of hunger or humanitarian emergencies affecting their enjoyment of the right to food;</p>
        </content>
      </paragraph>
      <paragraph eId="para_69" class="SingleTxt">
        <num>	26.</num>
        <content eId="para_69__content">
          <p xml:space="preserve">
            <span class="italic">Takes note with appreciation</span> of the growing movement, in different regions of the world, towards the adoption of framework laws, national strategies and measures in support of the full realization of the right to food for all;</p>
        </content>
      </paragraph>
      <paragraph eId="para_70" class="SingleTxt">
        <num>	27.</num>
        <content eId="para_70__content">
          <p xml:space="preserve">
            <span class="italic">Stresses</span> the need to make efforts to mobilize and optimize the allocation and utilization of technical and financial resources from all sources, including external debt relief for developing countries, and to reinforce national actions to implement sustainable food security policies;</p>
        </content>
      </paragraph>
      <paragraph eId="para_71" class="SingleTxt">
        <num>	28.</num>
        <content eId="para_71__content">
          <p xml:space="preserve">
            <span class="italic">Calls for</span> a successful, development-oriented outcome of the trade negotiations of the World Trade Organization, in particular on the remaining issues of the Doha Development Round, as a contribution to the creation of international conditions permitting the full realization of the right to food;</p>
        </content>
      </paragraph>
      <paragraph eId="para_72" class="SingleTxt">
        <num>	29.</num>
        <content eId="para_72__content">
          <p xml:space="preserve">
            <span class="italic">Stresses</span> that all States should make all efforts to ensure that their international policies of a political and economic nature, including international trade agreements, do not have a negative impact on the right to food in other countries;</p>
        </content>
      </paragraph>
      <paragraph eId="para_73" class="SingleTxt">
        <num>	30.</num>
        <content eId="para_73__content">
          <p xml:space="preserve">
            <span class="italic">Recalls</span> the importance of the New York Declaration on Action against Hunger and Poverty, and recommends the continuation of efforts aimed at identifying additional sources of financing for the fight against hunger and poverty, as well as non-communicable diseases;</p>
        </content>
      </paragraph>
      <paragraph eId="para_74" class="SingleTxt">
        <num>	31.</num>
        <content eId="para_74__content">
          <p xml:space="preserve">
            <span class="italic">Recognizes</span> that the promises made at the World Food Summit in 1996 to halve the number of persons who are undernourished are not being fulfilled, while recognizing the efforts of Member States in this regard, and once again invites all international financial and development institutions, as well as the relevant United Nations agencies and funds, to give priority to and provide the funding necessary to realize the right to food, as set out in the Rome Declaration on World Food Security, and to achieve the aims of Goal 2 of the 2030 Agenda for Sustainable Development<sup>4</sup> and other food and nutrition-related targets;</p>
        </content>
      </paragraph>
      <paragraph eId="para_75" class="SingleTxt">
        <num>	32.</num>
        <content eId="para_75__content">
          <p xml:space="preserve">
            <span class="italic">Reaffirms</span> that integrating food and nutritional support, with the goal that all people at all times will have access to sufficient, safe and nutritious food to meet their dietary needs and food preferences for an active and healthy life, is part of a comprehensive effort to improve public health, alongside the response to the spread of HIV/AIDS, tuberculosis, malaria and other communicable diseases;</p>
        </content>
      </paragraph>
      <paragraph eId="para_76" class="SingleTxt">
        <num>	33.</num>
        <content eId="para_76__content">
          <p xml:space="preserve">
            <span class="italic">Urges</span> States to give priority in their development strategies and expenditures to the realization of the right to food;</p>
        </content>
      </paragraph>
      <paragraph eId="para_77" class="SingleTxt">
        <num>	34.</num>
        <content eId="para_77__content">
          <p xml:space="preserve">
            <span class="italic">Stresses</span> the importance of international cooperation and development assistance as an effective contribution to the sustainable expansion and improvement of agriculture and, in particular, its environmental sustainability, food production, breeding projects on diversity of crops and livestock and institutional innovations such as community seed banks, farmer field schools and seed fairs, and to the provision of humanitarian food assistance in activities related to emergency situations for the realization of the right to food and the achievement of sustainable food security, while recognizing that each country has the primary responsibility for ensuring the implementation of national programmes and strategies in this regard;</p>
        </content>
      </paragraph>
      <paragraph eId="para_78" class="SingleTxt">
        <num>	35.</num>
        <content eId="para_78__content">
          <p xml:space="preserve">
            <span class="italic">Also stresses</span> that States parties to the World Trade Organization Agreement on Trade-Related Aspects of Intellectual Property Rights should consider implementing that agreement in a manner that is supportive of food security;</p>
        </content>
      </paragraph>
      <paragraph eId="para_79" class="SingleTxt">
        <num>	36.</num>
        <content eId="para_79__content">
          <p xml:space="preserve">
            <span class="italic">Calls upon</span> Member States, the United Nations system and other relevant stakeholders to support national efforts aimed at responding rapidly to the food crises currently occurring across different regions, and expresses its deep concern that funding shortfalls are forcing the World Food Programme to cut operations across different regions;</p>
        </content>
      </paragraph>
      <paragraph eId="para_80" class="SingleTxt">
        <num>	37.</num>
        <content eId="para_80__content">
          <p xml:space="preserve">
            <span class="italic">Calls upon</span> Member States, the United Nations, humanitarian and development organizations and other relevant actors to urgently and effectively respond to, prevent and prepare for rising global food insecurity affecting millions of people, especially those who are facing famine or the immediate risk of famine, including by enhancing humanitarian and development cooperation and providing urgent funding to respond to the needs of the affected population, and calls upon Member States and parties to armed conflicts to respect international humanitarian law and ensure safe and unhindered humanitarian access;</p>
        </content>
      </paragraph>
      <paragraph eId="para_81" class="SingleTxt">
        <num>	38.</num>
        <content eId="para_81__content">
          <p xml:space="preserve">
            <span class="italic">Calls upon</span> States to heed the urgent United Nations humanitarian appeal to assist countries facing drought, starvation and famine with emergency aid and urgent funding;</p>
        </content>
      </paragraph>
      <paragraph eId="para_82" class="SingleTxt">
        <num>	39.</num>
        <content eId="para_82__content">
          <p xml:space="preserve">
            <span class="italic">Invites</span> all relevant international organizations, including the World Bank and the International Monetary Fund, to continue to promote policies and projects that have a positive impact on the right to food, to ensure that partners respect the right to food in the implementation of common projects, to support strategies of Member States aimed at the fulfilment of the right to food and to avoid any actions that could have a negative impact on its realization;</p>
        </content>
      </paragraph>
      <paragraph eId="para_83" class="SingleTxt">
        <num>	40.</num>
        <content eId="para_83__content">
          <p xml:space="preserve">
            <span class="italic">Takes note with appreciation</span> of the interim report of the Special Rapporteur,<authorialNote marker="20" placement="bottom" eId="authorialNote_20"><p xml:space="preserve"><a href="https://undocs.org/en/A/74/164">A/74/164</a>.</p></authorialNote> which focuses on the 2030 Agenda for Sustainable Development as a potentially transformative tool to advance the realization of the right to food; </p>
        </content>
      </paragraph>
      <paragraph eId="para_84" class="SingleTxt">
        <num>	41.</num>
        <content eId="para_84__content">
          <p xml:space="preserve">
            <span class="italic">Recognizes</span> the importance of giving due consideration to the adverse impacts of climate change and to the full realization of the right to food, recalls the Paris Agreement, adopted at the twenty-first session of the Conference of the Parties to the United Nations Framework Convention on Climate Change, held in Paris from 30 November to 13 December 2015,<authorialNote marker="21" placement="bottom" eId="authorialNote_21"><p xml:space="preserve">	 	See <a href="https://undocs.org/en/FCCC/CP/2015/10/Add.1">FCCC/CP/2015/10/Add.1</a>, decision 1/CP.21, annex.</p></authorialNote> and also recalls the holding of the twenty-second session of the Conference of the Parties in Marrakech, Morocco, from 7 to 18 November 2016;</p>
        </content>
      </paragraph>
      <paragraph eId="para_85" class="SingleTxt">
        <num>	42.</num>
        <content eId="para_85__content">
          <p xml:space="preserve">
            <span class="italic">Also recognizes</span> the impacts of climate change and of the El Niño phenomenon on agricultural production and food security around the world and the importance of designing and implementing actions to reduce its effects, in particular on vulnerable populations, such as rural women, bearing in mind the role that they play in supporting their households and communities in achieving food and nutrition security, generating income and improving rural livelihoods and overall well-being;</p>
        </content>
      </paragraph>
      <paragraph eId="para_86" class="SingleTxt">
        <num>	43.</num>
        <content eId="para_86__content">
          <p xml:space="preserve">
            <span class="italic">Reiterates its support</span> for the realization of the mandate of the Special Rapporteur, and requests the Secretary-General and the United Nations High Commissioner for Human Rights to continue to provide all the human and financial resources necessary for its effective fulfilment;</p>
        </content>
      </paragraph>
      <paragraph eId="para_87" class="SingleTxt">
        <num>	44.</num>
        <content eId="para_87__content">
          <p xml:space="preserve">
            <span class="italic">Welcomes</span> the work already done by the Committee on Economic, Social and Cultural Rights in promoting the right to adequate food, in particular its general comment No. 12 (1999) on the right to adequate food (article 11 of the International Covenant on Economic, Social and Cultural Rights),<authorialNote marker="22" placement="bottom" eId="authorialNote_22"><p xml:space="preserve">	 	See <span class="italic">Official Records of the Economic and Social Council, 2000, Supplement No. 2</span> and corrigendum (<a href="https://undocs.org/en/E/2000/22">E/2000/22</a> and <a href="https://undocs.org/en/E/2000/22/Corr.1">E/2000/22/Corr.1</a>), annex V.</p></authorialNote> in which the Committee affirmed, inter alia, that the right to adequate food is indivisibly linked to the inherent dignity of the human person, indispensable for the fulfilment of other human rights enshrined in the International Bill of Human Rights and inseparable from social justice, requiring the adoption of appropriate economic, environmental and social policies, at both the national and the international levels, oriented to the eradication of poverty and the fulfilment of all human rights for all;</p>
        </content>
      </paragraph>
      <paragraph eId="para_88" class="SingleTxt">
        <num>	45.</num>
        <content eId="para_88__content">
          <p xml:space="preserve">
            <span class="italic">Recalls</span> general comment No. 15 (2002) of the Committee on Economic, Social and Cultural Rights on the right to water (articles 11 and 12 of the Covenant),<authorialNote marker="23" placement="bottom" eId="authorialNote_23"><p xml:space="preserve">	 	Ibid., <span class="italic">2003, Supplement No. 2</span> (<a href="https://undocs.org/en/E/2003/22">E/2003/22</a>), annex IV.</p></authorialNote> in which the Committee noted, inter alia, the importance of ensuring sustainable access to water resources for human consumption and agriculture in realization of the right to adequate food;</p>
        </content>
      </paragraph>
      <paragraph eId="para_89" class="SingleTxt">
        <num>	46.</num>
        <content eId="para_89__content">
          <p xml:space="preserve">
            <span class="italic">Reaffirms</span> that the Voluntary Guidelines to Support the Progressive Realization of the Right to Adequate Food in the Context of National Food Security, adopted by the Council of the Food and Agriculture Organization of the United Nations in November 2004,<sup>7</sup> represent a useful tool to promote the realization of the right to food for all, contribute to the achievement of food security and thus provide an additional instrument in the attainment of internationally agreed development goals and to support national Governments in the implementation of food security and nutrition policies, programmes and legal frameworks;</p>
        </content>
      </paragraph>
      <paragraph eId="para_90" class="SingleTxt">
        <num>	47.</num>
        <content eId="para_90__content">
          <p xml:space="preserve">
            <span class="italic">Calls upon</span> all Governments to cooperate with and assist the Special Rapporteur in her task, to supply all necessary information requested by her and to give serious consideration to responding favourably to the requests of the Special Rapporteur to visit their countries to enable her to fulfil her mandate more effectively;</p>
        </content>
      </paragraph>
      <paragraph eId="para_91" class="SingleTxt">
        <num>	48.</num>
        <content eId="para_91__content">
          <p xml:space="preserve">
            <span class="italic">Requests</span> the Special Rapporteur to submit to the General Assembly at its seventy-fifth session an interim report on the implementation of the present resolution and to continue her work, including by examining the emerging issues with regard to the realization of the right to food that are within her mandate;</p>
        </content>
      </paragraph>
      <paragraph eId="para_92" class="SingleTxt">
        <num>	49.</num>
        <content eId="para_92__content">
          <p xml:space="preserve">
            <span class="italic">Invites</span> Governments, relevant United Nations agencies, funds and programmes, treaty bodies, civil society actors and non-governmental organizations, as well as the private sector, to cooperate fully with the Special Rapporteur in the fulfilment of her mandate through, inter alia, the submission of comments and suggestions on ways and means of realizing the right to food;</p>
        </content>
      </paragraph>
      <paragraph eId="para_93" class="MercuryDocument">
        <num>	50.</num>
        <content eId="para_93__content">
          <p xml:space="preserve">
            <span class="italic">Decides</span> to continue the consideration of the question at its seventy-fifth session under the item entitled “Promotion and protection of human rights”.</p>
        </content>
      </paragraph>
    </mainBody>
    <conclusions eId="conclusions">
      <p>
        <inline name="adoptionMeeting" title="50th">50th plenary meeting</inline>
        <eol />
        <docDate date="2019-12-18" refersTo="#adoptionDate">18 December 2019</docDate>
      </p>
    </conclusions>
  </statement>
</akomaNtoso>