<akomaNtoso xmlns:xsi="http://www.w3.org/2001/XMLSchema-instance" xsi:schemaLocation="http://docs.oasis-open.org/legaldocml/ns/akn/3.0 http://docs.oasis-open.org/legaldocml/akn-core/v1.0/os/part2-specs/schemas/akomantoso30.xsd" xmlns="http://docs.oasis-open.org/legaldocml/ns/akn/3.0" xmlns:html="http://www.w3.org/1999/xhtml" xmlns:akn4un="http://un.org/akn4un">
  <statement name="resolution">
    <meta>
      <identification source="#DGACM">
        <FRBRWork>
          <FRBRthis value="/akn/un/statement/deliberation/unga/2019-12-18/74-145/!main/"></FRBRthis>
          <FRBRuri value="/akn/un/statement/deliberation/unga/2019-12-18/74-145/"></FRBRuri>
          <FRBRdate date="2019-12-18" name="adoption"></FRBRdate>
          <FRBRauthor href="ga" as="author"></FRBRauthor>
          <FRBRcountry value="un"></FRBRcountry>
        </FRBRWork>
        <FRBRExpression>
          <FRBRthis value="/akn/un/statement/deliberation/unga/2019-12-18/74-145/eng@!main/"></FRBRthis>
          <FRBRuri value="/akn/un/statement/deliberation/unga/2019-12-18/74-145/eng@/"></FRBRuri>
          <FRBRdate date="2020-01-17" name="publication"></FRBRdate>
          <FRBRauthor href="ga" as="issuer"></FRBRauthor>
          <FRBRlanguage language="eng"></FRBRlanguage>
        </FRBRExpression>
        <FRBRManifestation>
          <FRBRthis value="/akn/un/statement/deliberation/unga/2019-12-18/74-145/eng@/!main.xml"></FRBRthis>
          <FRBRuri value="/akn/un/statement/deliberation/unga/2019-12-18/74-145/eng@.xml"></FRBRuri>
          <FRBRdate date="2020-07-31" name="markup"></FRBRdate>
          <FRBRauthor href="DGACM" as="editor"></FRBRauthor>
        </FRBRManifestation>
      </identification>
      <classification source="http://metadata.un.org/sdg">
        <keyword value="16" href="http://metadata.un.org/sdg/16" showAs="sdg_16" dictionary="SDGO"></keyword>
        <keyword value="right_to_justice" href="http://eurovoc.europa.eu/516" showAs="right_to_justice" dictionary="EuroVoc"></keyword>
        <keyword value="sustainable_development" href="http://eurovoc.europa.eu/5585" showAs="sustainable_development" dictionary="EuroVoc"></keyword>
        <keyword value="civil_society" href="http://metadata.un.org/thesaurus/1001012" showAs="civil_society" dictionary="UNBIS Thesaurus"></keyword>
        <keyword value="justice" href="http://metadata.un.org/thesaurus/1003500" showAs="justice" dictionary="UNBIS Thesaurus"></keyword>
        <keyword value="peaceful_coexistence" href="http://metadata.un.org/thesaurus/1004777" showAs="peaceful_coexistence" dictionary="UNBIS Thesaurus"></keyword>
        <keyword value="public_institutions" href="http://metadata.un.org/thesaurus/1005254" showAs="public_institutions" dictionary="UNBIS Thesaurus"></keyword>
        <keyword value="social_justice" href="http://metadata.un.org/thesaurus/1005970" showAs="social_justice" dictionary="UNBIS Thesaurus"></keyword>
        <keyword value="sustainable_development" href="http://metadata.un.org/thesaurus/1006319" showAs="sustainable_development" dictionary="UNBIS Thesaurus"></keyword>
      </classification>
      <classification source="http://metadata.un.org/sdg">
        <keyword value="5" href="http://metadata.un.org/sdg/5" showAs="sdg_5" dictionary="SDGO"></keyword>
        <keyword value="gender_equality" href="http://eurovoc.europa.eu/3913" showAs="gender_equality" dictionary="EuroVoc"></keyword>
        <keyword value="participation_of_women" href="http://eurovoc.europa.eu/2265" showAs="participation_of_women" dictionary="EuroVoc"></keyword>
        <keyword value="women&amp;#39;s_rights" href="http://eurovoc.europa.eu/585" showAs="women&amp;#39;s_rights" dictionary="EuroVoc"></keyword>
        <keyword value="position_of_women" href="http://eurovoc.europa.eu/81" showAs="position_of_women" dictionary="EuroVoc"></keyword>
        <keyword value="women" href="http://metadata.un.org/thesaurus/1007029" showAs="women" dictionary="UNBIS Thesaurus"></keyword>
        <keyword value="gender_equality" href="http://metadata.un.org/thesaurus/1002612" showAs="gender_equality" dictionary="UNBIS Thesaurus"></keyword>
        <keyword value="girls" href="http://metadata.un.org/thesaurus/1002684" showAs="girls" dictionary="UNBIS Thesaurus"></keyword>
      </classification>
      <classification source="http://metadata.un.org/sdg">
        <keyword value="3" href="http://metadata.un.org/sdg/3" showAs="sdg_3" dictionary="SDGO"></keyword>
        <keyword value="public_health" href="http://eurovoc.europa.eu/3885" showAs="public_health" dictionary="EuroVoc"></keyword>
        <keyword value="health" href="http://metadata.un.org/thesaurus/1002824" showAs="health" dictionary="UNBIS Thesaurus"></keyword>
      </classification>
      <workflow source="#un">
        <step date="2019-10-29" outcome="draftResolution" as="A/C.3/74/L.25" by="Albania, Australia, Austria, Belgium, Bulgaria, Canada, Colombia, Croatia, Cyprus, Czechia, Denmark, Estonia, Finland, France, Georgia, Germany, Greece, Hungary, Ireland, Italy, Latvia, Lebanon, Liechtenstein, Lithuania, Luxembourg, Malta, Monaco, Montenegro, Netherlands, North Macedonia, Norway, Poland, Portugal, Republic of Moldova, Romania, Slovakia, Slovenia, Spain, Sweden, Turkey, Ukraine, United Kingdom of Great Britain and Northern Ireland and United States of America" />
        <step date="0001-01-01" outcome="draftResolutionAdditionalSponsors" by="Andorra, Angola, Antigua and Barbuda, Argentina, Armenia, Bosnia and Herzegovina, Brazil, Cabo Verde, Chile, Costa Rica, Dominican Republic, El Salvador, Haiti, Iceland, Israel, Japan, Liberia, Madagascar, New Zealand, Papua New Guinea, Paraguay, Peru, Philippines, Republic of Korea, San Marino, Serbia, Seychelles, Switzerland, Thailand, Uganda and Uruguay" />
        <step date="0001-01-01" outcome="recommendedForAdoption" as="A/74/399/Add.2" by="" refersTo="90" />
        <step date="2019-12-18" outcome="adopted" as="A/74/PV.50" by="" />
      </workflow>
      <analysis source="#un">
        <parliamentary>
          <voting outcome="adoptedWithoutVote">
            <quorum value=""></quorum>
          </voting>
        </parliamentary>
      </analysis>
      <references source="#DGACM">
        <TLCOrganization eId="source" href="/akn/ontology/organization/un/DGACM" showAs="DGACM"></TLCOrganization>
        <TLCConcept eId="dateOfIssuance" href="/akn/ontology/concept/un/dateOfIssuance" showAs="Date of issuance"></TLCConcept>
        <TLCConcept eId="dateOfAdoption" href="/akn/ontology/concept/un/dateOfAdoption" showAs="Date of adoption"></TLCConcept>
        <TLCConcept eId="symbol" href="/akn/ontology/reference/un/symbol" showAs="Symbol"></TLCConcept>
        <TLCRole eId="publisher" href="/akn/ontology/role/un/publisher" showAs="Publisher"></TLCRole>
        <TLCRole eId="issuingBody" href="/akn/role/concept/un/issuingBody" showAs="Issuing body"></TLCRole>
        <TLCRole eId="author" href="/akn/ontology/role/un/author" showAs="Author"></TLCRole>
        <TLCRole eId="editor" href="/akn/ontology/role/un/editor" showAs="Editor"></TLCRole>
        <TLCRole eId="distribution" href="/akn/ontology/concept/un/generalDistribution" showAs="General distribution"></TLCRole>
        <TLCOrganization eId="ga" href="/akn/ontology/organization/un/generalAssembly" showAs="General Assembly"></TLCOrganization>
        <TLCTerm eId="resolutionTitle" href="/akn/ontology/reference/un/resolutionTitle" showAs="Resolution title"></TLCTerm>
        <TLCTerm eId="thirdCommittee" href="#thirdCommittee" showAs="Third Committee"></TLCTerm>
        <TLCTerm eId="memberState" href="/akn/ontology/organization/un/memberState" showAs="Member State"></TLCTerm>
        <TLCTerm eId="inFavour" href="/akn/ontology/concept/un/voting/inFavour" showAs="In favour"></TLCTerm>
        <TLCTerm eId="against" href="/akn/ontology/concept/un/voting/against" showAs="Against"></TLCTerm>
        <TLCTerm eId="abstaining" href="/akn/ontology/concept/un/voting/abstaining" showAs="Abstaining"></TLCTerm>
      </references>
      <presentation source="#un">
        <akn4un:footerFirstPage>
          <akn4un:footerFirstPageLeft>
            <akn4un:internalCode>
              <docketNumber refersTo="#publicationJobNumber">19-22248 (E)</docketNumber>
              <img alt="bar code" class="barCode" src=""></img>
            </akn4un:internalCode>
          </akn4un:footerFirstPageLeft>
          <akn4un:footerFirstPageRight>
            <img alt="Please recycle" class="image" src="./recylcleLogo.jpg"></img>
            <img alt="embedded QR code" class="qrCode" src=""></img>
          </akn4un:footerFirstPageRight>
        </akn4un:footerFirstPage>
      </presentation>
    </meta>
    <coverPage eId="coverPage_1">
      <p>
        <span refersTo="#publisher" class="upperLeft">
          <docAuthority refersTo="#publisher">United Nations</docAuthority>
        </span>
      </p>
      <p class="upperRight">
        <docNumber refersTo="#symbol">A/RES/74/145</docNumber>
      </p>
      <p class="upperLeft">
        <img src="logo-un.jpg"></img>
        <docAuthority refersTo="#issuingBody" class="rightBig">General Assembly</docAuthority>
      </p>
      <p>
        <docStatus refersTo="#generalDistribution" class="rightSmall">Distr.: General</docStatus>
      </p>
      <p>
        <docDate date="2020-01-17" class="rightSmall" refersTo="#dateOfIssuance">17 January 2020</docDate>
      </p>
      <p>
        <session refersTo="#generalAssembly" value="74" eId="coverPage_1__session_1">Seventy-fourth session</session>
      </p>
      <p>
        <inline name="agenda item">Agenda item 70 (b)</inline>
      </p>
      <p>
        <inline name="agenda item name">Promotion and protection of human rights: human rights questions, including alternative approaches for improving the effective enjoyment of human rights and fundamental freedoms</inline>
      </p>
      <p>
        <docTitle>Resolution adopted by the General Assembly on 18 December 2019</docTitle>
      </p>
      <p xml:space="preserve">
        <docProponent refersTo="#thirdCommittee">[on the report of the Third Committee (<inline name="originating document">A/74/399/Add.2</inline>)]</docProponent>
      </p>
    </coverPage>
    <preface>
      <p>
        <docNumber>74/145.</docNumber>
        <docTitle refersTo="#resolutionTitle">Freedom of religion or belief</docTitle>
      </p>
    </preface>
    <preamble>
      <formula name="enactingFormula" eId="formula_1">
        <p xml:space="preserve">
          <span class="italic">The General Assembly</span>,</p>
      </formula>
      <container name="Recalling" eId="container_2">
        <p xml:space="preserve">
          <span class="italic">Recalling</span> article 18 of the International Covenant on Civil and Political Rights,<authorialNote marker="1" placement="bottom" eId="authorialNote_1"><p xml:space="preserve">		See resolution <a href="https://undocs.org//en/A/RES/2200 (XXI)">2200 A (XXI)</a>, annex.</p></authorialNote> article 18 of the Universal Declaration of Human Rights<authorialNote marker="2" placement="bottom" eId="authorialNote_2"><p xml:space="preserve">		Resolution <a href="https://undocs.org//en/A/RES/217 (III)">217 A (III)</a>.</p></authorialNote> and other relevant human rights provisions,</p>
      </container>
      <container name="Recalling also" eId="container_3">
        <p xml:space="preserve">
          <span class="italic">Recalling also</span> its resolution <a href="https://undocs.org/en/A/RES/36/55">36/55</a> of 25 November 1981, by which it proclaimed the Declaration on the Elimination of All Forms of Intolerance and of Discrimination Based on Religion or Belief,</p>
      </container>
      <container name="Recalling further" eId="container_4">
        <p xml:space="preserve">
          <span class="italic">Recalling further</span> its previous resolutions on freedom of religion or belief and on the elimination of all forms of intolerance and of discrimination based on religion or belief, including its resolution <a href="https://undocs.org/en/A/RES/73/176">73/176</a> of 17 December 2018 and Human Rights Council resolution <a href="https://undocs.org/en/A/HRC/RES/40/10">40/10</a> of 21 March 2019,<authorialNote marker="3" placement="bottom" eId="authorialNote_3"><p xml:space="preserve">		See <span class="italic">Official Records of the General Assembly, Seventy-fourth Session, Supplement No. 53</span> (<a href="https://undocs.org/en/A/74/53">A/74/53</a>), chap. IV, sect. A.</p></authorialNote></p>
      </container>
      <container name="Recognizing" eId="container_5">
        <p xml:space="preserve">
          <span class="italic">Recognizing</span> the important work carried out by the Human Rights Committee in providing guidance with respect to the scope of freedom of religion or belief,</p>
      </container>
      <container name="Noting" eId="container_6">
        <p xml:space="preserve">
          <span class="italic">Noting</span> the conclusions and recommendations of the expert workshops organized by the Office of the United Nations High Commissioner for Human Rights and contained in the Rabat Plan of Action on the prohibition of advocacy of national, racial or religious hatred that constitutes incitement to discrimination, hostility or violence, adopted in Rabat on 5 October 2012,<authorialNote marker="4" placement="bottom" eId="authorialNote_4"><p xml:space="preserve"><a href="https://undocs.org/en/A/HRC/22/17/Add.4">A/HRC/22/17/Add.4</a>, appendix.</p></authorialNote></p>
      </container>
      <container name="Considering" eId="container_7">
        <p xml:space="preserve">
          <span class="italic">Considering</span> that religion or belief, for those who profess either, is one of the fundamental elements in their conception of life and that freedom of religion or belief, as a universal human right, should be fully respected and guaranteed,</p>
      </container>
      <container name="Seriously concerned" eId="container_8">
        <p xml:space="preserve">
          <span class="italic">Seriously concerned</span> by continuing acts of intolerance and violence based on religion or belief against individuals, including against persons belonging to religious communities and religious minorities around the world, and by the increasing number and intensity of such incidents, which are often of a criminal nature and may have international characteristics,</p>
      </container>
      <container name="Deeply concerned" eId="container_9">
        <p xml:space="preserve">
          <span class="italic">Deeply concerned</span> by the limited progress that has been made in the elimination of all forms of intolerance and of discrimination based on religion or belief, and believing that further intensified efforts are therefore required to promote and protect the right to freedom of thought, conscience and religion or belief and to eliminate all forms of hatred, intolerance and discrimination based on religion or belief, as noted at the World Conference against Racism, Racial Discrimination, Xenophobia and Related Intolerance, held in Durban, South Africa, from 31 August to 8 September 2001, as well as at the Durban Review Conference, held in Geneva from 20 to 24 April 2009,</p>
      </container>
      <container name="Recalling" eId="container_10">
        <p xml:space="preserve">
          <span class="italic">Recalling</span> that States have the primary responsibility to promote and protect human rights, including the human rights of persons belonging to religious minorities, including their right to exercise their religion or belief freely,</p>
      </container>
      <container name="Concerned" eId="container_11">
        <p xml:space="preserve">
          <span class="italic">Concerned</span> that State and non-State actors sometimes tolerate or encourage acts of violence, or credible threats of violence, against persons belonging to religious communities and religious minorities,</p>
      </container>
      <container name="Concerned also" eId="container_12">
        <p xml:space="preserve">
          <span class="italic">Concerned also</span> by the increasing number of laws and regulations that limit the freedom of thought, conscience and religion or belief and by the implementation of existing laws in a discriminatory manner,</p>
      </container>
      <container name="Convinced" eId="container_13">
        <p xml:space="preserve">
          <span class="italic">Convinced</span> of the need to urgently address the rapid rise in various parts of the world of religious extremism that affects the human rights of individuals, in particular persons belonging to religious communities and religious minorities, the situations of violence and discrimination that affect many individuals, particularly women and children, on the basis of or in the name of religion or belief or in accordance with cultural and traditional practices, and the misuse of religion or belief for ends inconsistent with the principles set out in the Charter of the United Nations and in other relevant instruments of the United Nations,</p>
      </container>
      <container name="Seriously concerned" eId="container_14">
        <p xml:space="preserve">
          <span class="italic">Seriously concerned</span> about all attacks on religious places, sites and shrines that violate international law, in particular international human rights law and international humanitarian law, including any deliberate destruction of relics and monuments, and including also those carried out in connection with incitement to national, racial or religious hatred,</p>
      </container>
      <container name="Emphasizing" eId="container_15">
        <p xml:space="preserve">
          <span class="italic">Emphasizing</span> that States, regional organizations, national human rights institutions, non-governmental organizations, religious bodies, the media and civil society as a whole have an important role to play in promoting tolerance and respect for religious and cultural diversity and in the universal promotion and protection of human rights, including freedom of religion or belief,</p>
      </container>
      <container name="Underlining" eId="container_16">
        <p xml:space="preserve">
          <span class="italic">Underlining</span> the importance of education, including human rights education, in the promotion of tolerance, which involves the acceptance by the public of and its respect for diversity, including with regard to religious expression, and underlining also the fact that education, in particular at school, should contribute in a meaningful way to promoting tolerance and the elimination of discrimination based on religion or belief,</p>
      </container>
    </preamble>
    <mainBody>
      <paragraph eId="para_17" class="MercuryDocument">
        <num>	1.</num>
        <content eId="para_17__content">
          <p xml:space="preserve">
            <span class="italic">Stresses</span> that everyone has the right to freedom of thought, conscience and religion or belief, which includes the freedom to have or not to have, or to adopt, a religion or belief of one’s own choice and the freedom, either alone or in community with others and in public or private, to manifest one’s religion or belief in teaching, practice, worship and observance, including the right to change one’s religion or belief;</p>
        </content>
      </paragraph>
      <paragraph eId="para_18" class="MercuryDocument">
        <num>	2.</num>
        <content eId="para_18__content">
          <p xml:space="preserve">
            <span class="italic">Emphasizes</span> that the right to freedom of thought, conscience and religion or belief applies equally to all persons, regardless of their religion or belief and without any discrimination as to their equal protection by the law;</p>
        </content>
      </paragraph>
      <paragraph eId="para_19" class="MercuryDocument">
        <num>	3.</num>
        <content eId="para_19__content">
          <p xml:space="preserve">
            <span class="italic">Strongly condemns</span> violations of freedom of thought, conscience and religion or belief, as well as all forms of intolerance, discrimination and violence based on religion or belief;</p>
        </content>
      </paragraph>
      <paragraph eId="para_20" class="MercuryDocument">
        <num>	4.</num>
        <content eId="para_20__content">
          <p xml:space="preserve">
            <span class="italic">Recognizes with deep concern</span> the overall rise in instances of discrimination, intolerance and violence, regardless of the actors, directed against members of many religious and other communities in various parts of the world, including cases motivated by Islamophobia, antisemitism and Christianophobia and prejudices against persons of other religions or beliefs;</p>
        </content>
      </paragraph>
      <paragraph eId="para_21" class="MercuryDocument">
        <num>	5.</num>
        <content eId="para_21__content">
          <p xml:space="preserve">
            <span class="italic">Reaffirms</span> that terrorism cannot and should not be associated with any religion or belief, as this may have adverse consequences for the enjoyment of the right to freedom of religion or belief of all members of the religious communities concerned;</p>
        </content>
      </paragraph>
      <paragraph eId="para_22" class="MercuryDocument">
        <num>	6.</num>
        <content eId="para_22__content">
          <p xml:space="preserve">
            <span class="italic">Strongly condemns</span> continuing violence and acts of terrorism targeting individuals, including persons belonging to religious minorities, on the basis of or in the name of religion or belief, and underlines the importance of a comprehensive and inclusive community-based preventive approach, involving a wide set of actors, including civil society and religious communities;</p>
        </content>
      </paragraph>
      <paragraph eId="para_23" class="MercuryDocument">
        <num>	7.</num>
        <content eId="para_23__content">
          <p xml:space="preserve">
            <span class="italic">Recalls</span> that States have an obligation to exercise due diligence to prevent, investigate and punish acts of violence, intimidation and harassment against a person or a group of persons belonging to a religious minority, regardless of the perpetrator, and that failure to do so may constitute a human rights violation;</p>
        </content>
      </paragraph>
      <paragraph eId="para_24" class="MercuryDocument">
        <num>	8.</num>
        <content eId="para_24__content">
          <p xml:space="preserve">
            <span class="italic">Emphasizes</span> that freedom of religion or belief, freedom of opinion and expression, the right to peaceful assembly and the right to freedom of association are interdependent, interrelated and mutually reinforcing, and stresses the role that these rights can play in the fight against all forms of intolerance and of discrimination based on religion or belief;</p>
        </content>
      </paragraph>
      <paragraph eId="para_25" class="MercuryDocument">
        <num>	9.</num>
        <content eId="para_25__content">
          <p xml:space="preserve">
            <span class="italic">Strongly condemns</span> any advocacy of hatred based on religion or belief that constitutes incitement to discrimination, hostility or violence, whether it involves the use of print, audiovisual or electronic media or any other means;</p>
        </content>
      </paragraph>
      <paragraph eId="para_26" class="MercuryDocument">
        <num>	10.</num>
        <content eId="para_26__content">
          <p xml:space="preserve">
            <span class="italic">Expresses concern</span> at the persistence of institutionalized social intolerance and discrimination practised against many on the grounds of religion or belief, and emphasizes that legal procedures pertaining to religious or belief-based groups and places of worship are not a prerequisite for the exercise of the right to manifest one’s religion or belief and that such procedures, when legally required at the national or local level, should be non-discriminatory in order to contribute to the effective protection of the right of all persons to practise their religion or belief, either individually or in community with others and in public or private;</p>
        </content>
      </paragraph>
      <paragraph eId="para_27" class="MercuryDocument">
        <num>	11.</num>
        <content eId="para_27__content">
          <p xml:space="preserve">
            <span class="italic">Recognizes with concern</span> the challenges that persons in vulnerable situations, including persons deprived of their liberty, refugees, asylum seekers and internally displaced persons, children, persons belonging to national or ethnic, religious and linguistic minorities and migrants, as well as women, are facing as regards their ability to freely exercise their right to freedom of religion or belief;</p>
        </content>
      </paragraph>
      <paragraph eId="para_28" class="MercuryDocument">
        <num>	12.</num>
        <content eId="para_28__content">
          <p xml:space="preserve">
            <span class="italic">Emphasizes</span> that, as underlined by the Human Rights Committee, restrictions on the freedom to manifest one’s religion or belief are permitted only if limitations are prescribed by law, are necessary to protect public safety, order, health or morals or the fundamental rights and freedoms of others, are non-discriminatory and are applied in a manner that does not vitiate the right to freedom of thought, conscience and religion or belief;</p>
        </content>
      </paragraph>
      <paragraph eId="para_29" class="MercuryDocument">
        <num>	13.</num>
        <content eId="para_29__content">
          <p xml:space="preserve">
            <span class="italic">Expresses deep concern</span> at continued obstacles to the enjoyment of the right to freedom of religion or belief, as well as the increasing number of instances of intolerance, discrimination and violence based on religion or belief, including:</p>
        </content>
      </paragraph>
      <paragraph eId="para_30" class="MercuryDocument">
        <content eId="para_30__content">
          <p xml:space="preserve">	(a)	Acts of violence and intolerance directed against individuals based on their religion or belief, including religious persons and persons belonging to religious minorities and other communities in various parts of the world;</p>
        </content>
      </paragraph>
      <paragraph eId="para_31" class="MercuryDocument">
        <content eId="para_31__content">
          <p xml:space="preserve">	(b)	The rise of religious extremism in various parts of the world that affects the human rights of individuals, including persons belonging to religious minorities;</p>
        </content>
      </paragraph>
      <paragraph eId="para_32" class="MercuryDocument">
        <content eId="para_32__content">
          <p xml:space="preserve">	(c)	Incidents of hatred, discrimination, intolerance and violence based on religion or belief, which may be associated with or manifested by the derogatory stereotyping, negative profiling and stigmatization of persons based on their religion or belief;</p>
        </content>
      </paragraph>
      <paragraph eId="para_33" class="MercuryDocument">
        <content eId="para_33__content">
          <p xml:space="preserve">	(d)	Attacks on or the destruction of religious places, sites and shrines that violate international law, in particular international human rights law and international humanitarian law, as they have more than material significance for the dignity and lives of persons holding spiritual or religious beliefs;</p>
        </content>
      </paragraph>
      <paragraph eId="para_34" class="MercuryDocument">
        <content eId="para_34__content">
          <p xml:space="preserve">	(e)	Instances, both in law and practice, that constitute violations of the human right to freedom of religion or belief, including of the individual right to publicly express one’s spiritual and religious beliefs, taking into account the relevant articles of the International Covenant on Civil and Political Rights,<sup>1</sup> as well as other international instruments;</p>
        </content>
      </paragraph>
      <paragraph eId="para_35" class="MercuryDocument">
        <content eId="para_35__content">
          <p xml:space="preserve">	(f)	Constitutional and legislative systems that fail to provide adequate and effective guarantees of freedom of thought, conscience and religion or belief to all without distinction;</p>
        </content>
      </paragraph>
      <paragraph eId="para_36" class="MercuryDocument">
        <num>	14.</num>
        <content eId="para_36__content">
          <p xml:space="preserve">
            <span class="italic">Urges</span> States to step up their efforts to protect and promote freedom of thought, conscience and religion or belief, and to that end:</p>
        </content>
      </paragraph>
      <paragraph eId="para_37" class="MercuryDocument">
        <content eId="para_37__content">
          <p xml:space="preserve">	(a)	To ensure that their constitutional and legislative systems provide adequate and effective guarantees of freedom of thought, conscience and religion or belief to all without distinction by, inter alia, providing access to justice, including by facilitating legal assistance and effective remedies in cases where the right to freedom of thought, conscience and religion or belief or the right to freely choose and practise one’s religion or belief is violated, paying particular attention to persons belonging to religious minorities;</p>
        </content>
      </paragraph>
      <paragraph eId="para_38" class="MercuryDocument">
        <content eId="para_38__content">
          <p xml:space="preserve">	(b)	To implement all accepted universal periodic review recommendations related to the promotion and protection of freedom of religion or belief;</p>
        </content>
      </paragraph>
      <paragraph eId="para_39" class="MercuryDocument">
        <content eId="para_39__content">
          <p xml:space="preserve">	(c)	To ensure that no one within their territory and subject to their jurisdiction is deprived of the right to life, liberty and security of person because of religion or belief, to provide adequate protection to persons at risk of violent attack on the grounds of their religion or belief, to ensure that no one is subjected to torture or other cruel, inhuman or degrading treatment or punishment or arbitrary arrest or detention on that account and to bring to justice all perpetrators of violations of these rights;</p>
        </content>
      </paragraph>
      <paragraph eId="para_40" class="MercuryDocument">
        <content eId="para_40__content">
          <p xml:space="preserve">	(d)	To end violations of the human rights of women and girls and to devote particular attention to appropriate measures modifying or abolishing existing laws, regulations, customs and practices that discriminate against them, including in the exercise of their right to freedom of thought, conscience and religion or belief, and to foster practical ways to ensure gender equality;</p>
        </content>
      </paragraph>
      <paragraph eId="para_41" class="MercuryDocument">
        <content eId="para_41__content">
          <p xml:space="preserve">	(e)	To ensure that existing legislation is not implemented in a discriminatory manner or does not result in discrimination based on religion or belief, that no one is discriminated against on the basis of his or her religion or belief when accessing, inter alia, education, medical care, employment, humanitarian assistance or social benefits, and that everyone has the right and the opportunity to have access, on general terms of equality, to public services in their country, without any discrimination based on religion or belief;</p>
        </content>
      </paragraph>
      <paragraph eId="para_42" class="MercuryDocument">
        <content eId="para_42__content">
          <p xml:space="preserve">	(f)	To review, whenever relevant, existing registration practices in order to ensure that such practices do not limit the right of all persons to manifest their religion or belief, either alone or in community with others and in public or private;</p>
        </content>
      </paragraph>
      <paragraph eId="para_43" class="MercuryDocument">
        <content eId="para_43__content">
          <p xml:space="preserve">	(g)	To ensure that no official documents are withheld from the individual on the grounds of religion or belief and that everyone has the right to refrain from disclosing information concerning their religious affiliation in such documents against their will;</p>
        </content>
      </paragraph>
      <paragraph eId="para_44" class="MercuryDocument">
        <content eId="para_44__content">
          <p xml:space="preserve">	(h)	To ensure, in particular, the right of all persons to worship, assemble or teach in connection with a religion or belief, their right to establish and maintain places for these purposes and the right of all persons to seek, receive and impart information and ideas in these areas;</p>
        </content>
      </paragraph>
      <paragraph eId="para_45" class="MercuryDocument">
        <content eId="para_45__content">
          <p xml:space="preserve">	(i)	To ensure that, in accordance with appropriate national legislation and in conformity with international human rights law, the freedom of all persons and members of groups to establish and maintain religious, charitable or humanitarian institutions is fully respected and protected;</p>
        </content>
      </paragraph>
      <paragraph eId="para_46" class="MercuryDocument">
        <content eId="para_46__content">
          <p xml:space="preserve">	(j)	To ensure that all public officials and civil servants, including members of law enforcement bodies, and personnel of detention facilities, the military and educators, in the course of fulfilling their official duties, respect freedom of religion or belief and do not discriminate for reasons based on religion or belief, and that they receive all necessary and appropriate awareness-raising, education or training on respect for freedom of religion or belief;</p>
        </content>
      </paragraph>
      <paragraph eId="para_47" class="MercuryDocument">
        <content eId="para_47__content">
          <p xml:space="preserve">	(k)	To take all necessary and appropriate action, in conformity with international standards of human rights, to combat hatred, discrimination, intolerance and acts of violence, intimidation and coercion motivated by intolerance based on religion or belief, as well as incitement to hostility and violence, with particular regard to persons belonging to religious minorities in all parts of the world;</p>
        </content>
      </paragraph>
      <paragraph eId="para_48" class="MercuryDocument">
        <content eId="para_48__content">
          <p xml:space="preserve">	(l)	To promote, through education and other means, mutual understanding, tolerance, non-discrimination and respect in all matters relating to freedom of religion or belief by encouraging, in society at large, a wider knowledge of the diversity of religions and beliefs and of the history, traditions, languages and cultures of the various religious minorities existing within their jurisdiction;</p>
        </content>
      </paragraph>
      <paragraph eId="para_49" class="MercuryDocument">
        <content eId="para_49__content">
          <p xml:space="preserve">	(m)	To prevent any distinction, exclusion, restriction or preference based on religion or belief that impairs the recognition, enjoyment or exercise of human rights and fundamental freedoms on an equal basis and to detect signs of intolerance that may lead to discrimination based on religion or belief;</p>
        </content>
      </paragraph>
      <paragraph eId="para_50" class="MercuryDocument">
        <num>	15.</num>
        <content eId="para_50__content">
          <p xml:space="preserve">
            <span class="italic">Welcomes and encourages</span> initiatives by the media to promote tolerance and respect for religious and cultural diversity and the universal promotion and protection of human rights, including freedom of religion or belief, and stresses the importance of unhindered participation in the media and in public discourse for all persons, regardless of their religion or belief;</p>
        </content>
      </paragraph>
      <paragraph eId="para_51" class="MercuryDocument">
        <num>	16.</num>
        <content eId="para_51__content">
          <p xml:space="preserve">
            <span class="italic">Stresses</span> the importance of a continued and strengthened dialogue in all its forms, including among and within religions or beliefs, and with broader participation, including of women, to promote greater tolerance, respect and mutual understanding, and welcomes different initiatives in this regard, including the United Nations Alliance of Civilizations initiative and the programmes led by the United Nations Educational, Scientific and Cultural Organization;</p>
        </content>
      </paragraph>
      <paragraph eId="para_52" class="MercuryDocument">
        <num>	17.</num>
        <content eId="para_52__content">
          <p xml:space="preserve">
            <span class="italic">Welcomes and encourages</span> the continuing efforts of all actors in society, including national human rights institutions, non-governmental organizations and bodies and groups based on religion or belief, to promote the implementation of the Declaration on the Elimination of All Forms of Intolerance and of Discrimination Based on Religion or Belief,<authorialNote marker="5" placement="bottom" eId="authorialNote_5"><p xml:space="preserve">		Resolution <a href="https://undocs.org/en/A/RES/36/55">36/55</a>.</p></authorialNote> and further encourages their work in promoting freedom of religion or belief, in highlighting cases of religious intolerance, discrimination and persecution and in promoting religious tolerance;</p>
        </content>
      </paragraph>
      <paragraph eId="para_53" class="MercuryDocument">
        <num>	18.</num>
        <content eId="para_53__content">
          <p xml:space="preserve">
            <span class="italic">Recommends</span> that States, the United Nations and other actors, including national human rights institutions, non-governmental organizations and bodies and groups based on religion or belief, in their efforts to promote freedom of religion or belief, ensure the widest possible dissemination of the text of the Declaration in as many different languages as possible and promote its implementation;</p>
        </content>
      </paragraph>
      <paragraph eId="para_54" class="MercuryDocument">
        <num>	19.</num>
        <content eId="para_54__content">
          <p xml:space="preserve">
            <span class="italic">Takes note with appreciation</span> of the work and the interim report on the elimination of all forms of religious intolerance of the Special Rapporteur of the Human Rights Council on freedom of religion or belief;<authorialNote marker="6" placement="bottom" eId="authorialNote_6"><p xml:space="preserve"><a href="https://undocs.org/en/A/74/358">A/74/358</a>.</p></authorialNote></p>
        </content>
      </paragraph>
      <paragraph eId="para_55" class="MercuryDocument">
        <num>	20.</num>
        <content eId="para_55__content">
          <p xml:space="preserve">
            <span class="italic">Urges</span> all Governments to cooperate fully with the Special Rapporteur, to respond favourably to his requests to visit their countries and to provide all information and follow-up necessary for the effective fulfilment of his mandate;</p>
        </content>
      </paragraph>
      <paragraph eId="para_56" class="MercuryDocument">
        <num>	21.</num>
        <content eId="para_56__content">
          <p xml:space="preserve">
            <span class="italic">Requests</span> the Secretary-General to ensure that the Special Rapporteur receives the resources necessary to fully discharge his mandate;</p>
        </content>
      </paragraph>
      <paragraph eId="para_57" class="MercuryDocument">
        <num>	22.</num>
        <content eId="para_57__content">
          <p xml:space="preserve">
            <span class="italic">Requests</span> the Special Rapporteur to submit an interim report to the General Assembly at its seventy-fifth session;</p>
        </content>
      </paragraph>
      <paragraph eId="para_58" class="MercuryDocument">
        <num>	23.</num>
        <content eId="para_58__content">
          <p xml:space="preserve">
            <span class="italic">Decides</span> to consider the question of the elimination of all forms of religious intolerance at its seventy-fifth session under the item entitled “Promotion and protection of human rights”.</p>
        </content>
      </paragraph>
    </mainBody>
    <conclusions eId="conclusions">
      <p>
        <inline name="adoptionMeeting" title="50th">50th plenary meeting</inline>
        <eol />
        <docDate date="2019-12-18" refersTo="#adoptionDate">18 December 2019</docDate>
      </p>
    </conclusions>
  </statement>
</akomaNtoso>