<akomaNtoso xmlns:xsi="http://www.w3.org/2001/XMLSchema-instance" xsi:schemaLocation="http://docs.oasis-open.org/legaldocml/ns/akn/3.0 http://docs.oasis-open.org/legaldocml/akn-core/v1.0/os/part2-specs/schemas/akomantoso30.xsd" xmlns="http://docs.oasis-open.org/legaldocml/ns/akn/3.0" xmlns:html="http://www.w3.org/1999/xhtml" xmlns:akn4un="http://un.org/akn4un">
  <statement name="resolution">
    <meta>
      <identification source="#DGACM">
        <FRBRWork>
          <FRBRthis value="/akn/un/statement/deliberation/unga/2019-12-18/74-151/!main/"></FRBRthis>
          <FRBRuri value="/akn/un/statement/deliberation/unga/2019-12-18/74-151/"></FRBRuri>
          <FRBRdate date="2019-12-18" name="adoption"></FRBRdate>
          <FRBRauthor href="ga" as="author"></FRBRauthor>
          <FRBRcountry value="un"></FRBRcountry>
        </FRBRWork>
        <FRBRExpression>
          <FRBRthis value="/akn/un/statement/deliberation/unga/2019-12-18/74-151/eng@!main/"></FRBRthis>
          <FRBRuri value="/akn/un/statement/deliberation/unga/2019-12-18/74-151/eng@/"></FRBRuri>
          <FRBRdate date="2020-01-21" name="publication"></FRBRdate>
          <FRBRauthor href="ga" as="issuer"></FRBRauthor>
          <FRBRlanguage language="eng"></FRBRlanguage>
        </FRBRExpression>
        <FRBRManifestation>
          <FRBRthis value="/akn/un/statement/deliberation/unga/2019-12-18/74-151/eng@/!main.xml"></FRBRthis>
          <FRBRuri value="/akn/un/statement/deliberation/unga/2019-12-18/74-151/eng@.xml"></FRBRuri>
          <FRBRdate date="2020-07-31" name="markup"></FRBRdate>
          <FRBRauthor href="DGACM" as="editor"></FRBRauthor>
        </FRBRManifestation>
      </identification>
      <classification source="http://metadata.un.org/sdg">
        <keyword value="16" href="http://metadata.un.org/sdg/16" showAs="sdg_16" dictionary="SDGO"></keyword>
        <keyword value="right_to_justice" href="http://eurovoc.europa.eu/516" showAs="right_to_justice" dictionary="EuroVoc"></keyword>
        <keyword value="sustainable_development" href="http://eurovoc.europa.eu/5585" showAs="sustainable_development" dictionary="EuroVoc"></keyword>
        <keyword value="civil_society" href="http://metadata.un.org/thesaurus/1001012" showAs="civil_society" dictionary="UNBIS Thesaurus"></keyword>
        <keyword value="justice" href="http://metadata.un.org/thesaurus/1003500" showAs="justice" dictionary="UNBIS Thesaurus"></keyword>
        <keyword value="peaceful_coexistence" href="http://metadata.un.org/thesaurus/1004777" showAs="peaceful_coexistence" dictionary="UNBIS Thesaurus"></keyword>
        <keyword value="public_institutions" href="http://metadata.un.org/thesaurus/1005254" showAs="public_institutions" dictionary="UNBIS Thesaurus"></keyword>
        <keyword value="social_justice" href="http://metadata.un.org/thesaurus/1005970" showAs="social_justice" dictionary="UNBIS Thesaurus"></keyword>
        <keyword value="sustainable_development" href="http://metadata.un.org/thesaurus/1006319" showAs="sustainable_development" dictionary="UNBIS Thesaurus"></keyword>
      </classification>
      <classification source="http://metadata.un.org/sdg">
        <keyword value="17" href="http://metadata.un.org/sdg/17" showAs="sdg_17" dictionary="SDGO"></keyword>
        <keyword value="sustainable_development" href="http://eurovoc.europa.eu/5585" showAs="sustainable_development" dictionary="EuroVoc"></keyword>
        <keyword value="partnership" href="http://eurovoc.europa.eu/4199" showAs="partnership" dictionary="EuroVoc"></keyword>
        <keyword value="sustainable_development" href="http://metadata.un.org/thesaurus/1006319" showAs="sustainable_development" dictionary="UNBIS Thesaurus"></keyword>
        <keyword value="partnership" href="http://metadata.un.org/thesaurus/1004748" showAs="partnership" dictionary="UNBIS Thesaurus"></keyword>
      </classification>
      <workflow source="#un">
        <step date="2019-11-12" outcome="draftResolution" as="A/C.3/74/L.39/Rev.1" by="Bangladesh, Belize, Bolivia (Plurinational State of), China, Comoros, Cuba, Democratic People's Republic of Korea, Dominican Republic, Ecuador, Lao People's Democratic Republic, Myanmar, Nicaragua, Russian Federation, Saint Vincent and the Grenadines, Suriname and Venezuela (Bolivarian Republic of)" />
        <step date="0001-01-01" outcome="draftResolutionAdditionalSponsors" by="Algeria, Angola, Belarus, Burundi, Cameroon, Djibouti, Egypt, Eritrea, Guinea, India, Iran (Islamic Republic of), Lebanon, Libya, Madagascar, Mali, Namibia, Nigeria, Pakistan, Paraguay, Senegal, South Africa, Sri Lanka, Sudan, Togo, Tunisia, Uganda and Viet Nam" />
        <step date="0001-01-01" outcome="recommendedForAdoption" as="A/74/399/Add.2" by="" refersTo="90" />
        <step date="2019-12-18" outcome="adopted" as="A/74/PV.50" by="" />
      </workflow>
      <analysis source="#un">
        <parliamentary>
          <voting outcome="adoptedWithoutVote">
            <quorum value=""></quorum>
          </voting>
        </parliamentary>
      </analysis>
      <references source="#DGACM">
        <TLCOrganization eId="source" href="/akn/ontology/organization/un/DGACM" showAs="DGACM"></TLCOrganization>
        <TLCConcept eId="dateOfIssuance" href="/akn/ontology/concept/un/dateOfIssuance" showAs="Date of issuance"></TLCConcept>
        <TLCConcept eId="dateOfAdoption" href="/akn/ontology/concept/un/dateOfAdoption" showAs="Date of adoption"></TLCConcept>
        <TLCConcept eId="symbol" href="/akn/ontology/reference/un/symbol" showAs="Symbol"></TLCConcept>
        <TLCRole eId="publisher" href="/akn/ontology/role/un/publisher" showAs="Publisher"></TLCRole>
        <TLCRole eId="issuingBody" href="/akn/role/concept/un/issuingBody" showAs="Issuing body"></TLCRole>
        <TLCRole eId="author" href="/akn/ontology/role/un/author" showAs="Author"></TLCRole>
        <TLCRole eId="editor" href="/akn/ontology/role/un/editor" showAs="Editor"></TLCRole>
        <TLCRole eId="distribution" href="/akn/ontology/concept/un/generalDistribution" showAs="General distribution"></TLCRole>
        <TLCOrganization eId="ga" href="/akn/ontology/organization/un/generalAssembly" showAs="General Assembly"></TLCOrganization>
        <TLCTerm eId="resolutionTitle" href="/akn/ontology/reference/un/resolutionTitle" showAs="Resolution title"></TLCTerm>
        <TLCTerm eId="thirdCommittee" href="#thirdCommittee" showAs="Third Committee"></TLCTerm>
        <TLCTerm eId="memberState" href="/akn/ontology/organization/un/memberState" showAs="Member State"></TLCTerm>
        <TLCTerm eId="inFavour" href="/akn/ontology/concept/un/voting/inFavour" showAs="In favour"></TLCTerm>
        <TLCTerm eId="against" href="/akn/ontology/concept/un/voting/against" showAs="Against"></TLCTerm>
        <TLCTerm eId="abstaining" href="/akn/ontology/concept/un/voting/abstaining" showAs="Abstaining"></TLCTerm>
      </references>
      <presentation source="#un">
        <akn4un:footerFirstPage>
          <akn4un:footerFirstPageLeft>
            <akn4un:internalCode>
              <docketNumber refersTo="#publicationJobNumber">19-22258 (E)</docketNumber>
              <img alt="bar code" class="barCode" src=""></img>
            </akn4un:internalCode>
          </akn4un:footerFirstPageLeft>
          <akn4un:footerFirstPageRight>
            <img alt="Please recycle" class="image" src="./recylcleLogo.jpg"></img>
            <img alt="embedded QR code" class="qrCode" src=""></img>
          </akn4un:footerFirstPageRight>
        </akn4un:footerFirstPage>
      </presentation>
    </meta>
    <coverPage eId="coverPage_1">
      <p>
        <span refersTo="#publisher" class="upperLeft">
          <docAuthority refersTo="#publisher">United Nations</docAuthority>
        </span>
      </p>
      <p class="upperRight">
        <docNumber refersTo="#symbol">A/RES/74/151</docNumber>
      </p>
      <p class="upperLeft">
        <img src="logo-un.jpg"></img>
        <docAuthority refersTo="#issuingBody" class="rightBig">General Assembly</docAuthority>
      </p>
      <p>
        <docStatus refersTo="#generalDistribution" class="rightSmall">Distr.: General</docStatus>
      </p>
      <p>
        <docDate date="2020-01-21" class="rightSmall" refersTo="#dateOfIssuance">21 January 2020</docDate>
      </p>
      <p>
        <session refersTo="#generalAssembly" value="74" eId="coverPage_1__session_1">Seventy-fourth session</session>
      </p>
      <p>
        <inline name="agenda item">Agenda item 70 (b)</inline>
      </p>
      <p>
        <inline name="agenda item name">Promotion and protection of human rights: human rights questions, including alternative approaches for improving the effective enjoyment of human rights and fundamental freedoms</inline>
      </p>
      <p>
        <docTitle>Resolution adopted by the General Assembly on 18 December 2019</docTitle>
      </p>
      <p xml:space="preserve">
        <docProponent refersTo="#thirdCommittee">[on the report of the Third Committee (<inline name="originating document">A/74/399/Add.2</inline>)]</docProponent>
      </p>
    </coverPage>
    <preface>
      <p>
        <docNumber>74/151.</docNumber>
        <docTitle refersTo="#resolutionTitle">Strengthening United Nations action in the field of human rights through the promotion of international cooperation and the importance of non-selectivity, impartiality and objectivity</docTitle>
      </p>
    </preface>
    <preamble>
      <formula name="enactingFormula" eId="formula_1">
        <p xml:space="preserve">
          <span class="italic">The General Assembly</span>,</p>
      </formula>
      <container name="Bearing in mind" eId="container_2">
        <p xml:space="preserve">
          <span class="italic">Bearing in mind</span> that among the purposes of the United Nations are those of developing friendly relations among nations based on respect for the principle of equal rights and self-determination of peoples and taking other appropriate measures to strengthen universal peace, as well as achieving international cooperation in solving international problems of an economic, social, cultural or humanitarian character and in promoting and encouraging respect for human rights and fundamental freedoms for all without distinction as to race, sex, language or religion, </p>
      </container>
      <container name="Desirous" eId="container_3">
        <p xml:space="preserve">
          <span class="italic">Desirous</span> of achieving further progress in international cooperation in promoting and encouraging respect for human rights and fundamental freedoms, </p>
      </container>
      <container name="Considering" eId="container_4">
        <p xml:space="preserve">
          <span class="italic">Considering</span> that such international cooperation should be based on the principles embodied in international law, especially the Charter of the United Nations, as well as the Universal Declaration of Human Rights,<authorialNote marker="1" placement="bottom" eId="authorialNote_1"><p xml:space="preserve">	 	Resolution <a href="https://undocs.org//en/A/RES/217 (III)">217 A (III)</a>.</p></authorialNote> the International Covenants on Human Rights<authorialNote marker="2" placement="bottom" eId="authorialNote_2"><p xml:space="preserve">	 	Resolution <a href="https://undocs.org//en/A/RES/2200 (XXI)">2200 A (XXI)</a>, annex.</p></authorialNote> and other relevant instruments,</p>
      </container>
      <container name="Deeply convinced" eId="container_5">
        <p xml:space="preserve">
          <span class="italic">Deeply convinced</span> that United Nations action in the field of human rights should be based not only on a profound understanding of the broad range of problems existing in all societies but also on full respect for the political, economic and social realities of each of them, in strict compliance with the purposes and principles of the Charter and for the basic purpose of promoting and encouraging respect for human rights and fundamental freedoms through international cooperation, </p>
      </container>
      <container name="Recalling" eId="container_6">
        <p xml:space="preserve">
          <span class="italic">Recalling</span> its previous resolutions in this regard, </p>
      </container>
      <container name="Reaffirming" eId="container_7">
        <p xml:space="preserve">
          <span class="italic">Reaffirming</span> the importance of ensuring the universality, objectivity and non‑selectivity of the consideration of human rights issues, as affirmed in the Vienna Declaration and Programme of Action adopted by the World Conference on Human Rights on 25 June 1993,<authorialNote marker="3" placement="bottom" eId="authorialNote_3"><p xml:space="preserve"><a href="https://undocs.org/A/CONF.157/24(PartI)">A/CONF.157/24 (Part I)</a>, chap. III.</p></authorialNote> and the elimination of double standards, </p>
      </container>
      <container name="Reaffirming also" eId="container_8">
        <p xml:space="preserve">
          <span class="italic">Reaffirming also</span> the importance of the objectivity, independence, impartiality and discretion of the special rapporteurs and representatives on thematic issues and on countries, as well as of the members of the working groups, in carrying out their mandates, </p>
      </container>
      <container name="Recalling" eId="container_9">
        <p xml:space="preserve">
          <span class="italic">Recalling</span> that the 2030 Agenda for Sustainable Development<authorialNote marker="4" placement="bottom" eId="authorialNote_4"><p xml:space="preserve">	 	Resolution <a href="https://undocs.org/A/RES/70/1">70/1</a>.</p></authorialNote> calls for a revitalized Global Partnership for Sustainable Development, and emphasizing the importance of international cooperation in realizing the Agenda, including the Sustainable Development Goals,</p>
      </container>
      <container name="Underlining" eId="container_10">
        <p xml:space="preserve">
          <span class="italic">Underlining</span> the obligation that Governments have to promote and protect human rights and to carry out the responsibilities that they have undertaken under international law, especially the Charter, as well as various international instruments in the field of human rights, </p>
      </container>
    </preamble>
    <mainBody>
      <paragraph eId="para_11" class="SingleTxt">
        <num>	1.</num>
        <content eId="para_11__content">
          <p xml:space="preserve">
            <span class="italic">Takes note</span> of the report of the Secretary-General;<authorialNote marker="5" placement="bottom" eId="authorialNote_5"><p xml:space="preserve"><a href="https://undocs.org/A/74/351">A/74/351</a>.</p></authorialNote></p>
        </content>
      </paragraph>
      <paragraph eId="para_12" class="SingleTxt">
        <num>	2.</num>
        <content eId="para_12__content">
          <p xml:space="preserve">
            <span class="italic">Reiterates</span> that, by virtue of the principle of equal rights and self-determination of peoples enshrined in the Charter of the United Nations, all peoples have the right freely to determine, without external interference, their political status and to pursue their economic, social and cultural development, and that every State has the duty to respect that right within the provisions of the Charter, including respect for territorial integrity; </p>
        </content>
      </paragraph>
      <paragraph eId="para_13" class="SingleTxt">
        <num>	3.</num>
        <content eId="para_13__content">
          <p xml:space="preserve">
            <span class="italic">Reaffirms</span> that it is a purpose of the United Nations and the task of all Member States, in cooperation with the Organization, to promote and encourage respect for human rights and fundamental freedoms and to remain vigilant with regard to violations of human rights wherever they occur; </p>
        </content>
      </paragraph>
      <paragraph eId="para_14" class="SingleTxt">
        <num>	4.</num>
        <content eId="para_14__content">
          <p xml:space="preserve">
            <span class="italic">Calls upon</span> all Member States to base their activities for the promotion and protection of human rights, including the development of further international cooperation in this field, on the Charter of the United Nations, the Universal Declaration of Human Rights,<sup>1</sup> the International Covenant on Economic, Social and Cultural Rights,<sup>2</sup> the International Covenant on Civil and Political Rights<sup>2</sup> and other relevant international instruments, and to refrain from activities that are inconsistent with that international framework; </p>
        </content>
      </paragraph>
      <paragraph eId="para_15" class="SingleTxt">
        <num>	5.</num>
        <content eId="para_15__content">
          <p xml:space="preserve">
            <span class="italic">Considers</span> that international cooperation in this field should make an effective and practical contribution to the urgent task of preventing mass and flagrant violations of human rights and fundamental freedoms for all and to the strengthening of international peace and security; </p>
        </content>
      </paragraph>
      <paragraph eId="para_16" class="SingleTxt">
        <num>	6.</num>
        <content eId="para_16__content">
          <p xml:space="preserve">
            <span class="italic">Reaffirms</span> that the promotion, protection and full realization of all human rights and fundamental freedoms for all, as a legitimate concern of the world community, should be guided by the principles of non-selectivity, impartiality and objectivity and should not be used for political ends; </p>
        </content>
      </paragraph>
      <paragraph eId="para_17" class="SingleTxt">
        <num>	7.</num>
        <content eId="para_17__content">
          <p xml:space="preserve">
            <span class="italic">Requests</span> all human rights bodies within the United Nations system, as well as the special rapporteurs and representatives, independent experts and working groups, to take duly into account the contents of the present resolution in carrying out their mandates; </p>
        </content>
      </paragraph>
      <paragraph eId="para_18" class="SingleTxt">
        <num>	8.</num>
        <content eId="para_18__content">
          <p xml:space="preserve">
            <span class="italic">Expresses its conviction</span> that an unbiased and fair approach to human rights issues contributes to the promotion of international cooperation as well as to the effective promotion, protection and realization of human rights and fundamental freedoms; </p>
        </content>
      </paragraph>
      <paragraph eId="para_19" class="SingleTxt">
        <num>	9.</num>
        <content eId="para_19__content">
          <p xml:space="preserve">
            <span class="italic">Stresses</span> the continuing need for impartial and objective information on the political, economic and social situations and events of all countries, and in this context highlights the role of the media in raising public awareness of issues of public interest; </p>
        </content>
      </paragraph>
      <paragraph eId="para_20" class="SingleTxt">
        <num>	10.</num>
        <content eId="para_20__content">
          <p xml:space="preserve">
            <span class="italic">Invites</span> Member States to consider adopting, as appropriate, within the framework of their respective legal systems and in accordance with their obligations under international law, especially the Charter, and international human rights instruments, the measures that they may deem appropriate to achieve further progress in international cooperation in promoting and encouraging respect for human rights and fundamental freedoms; </p>
        </content>
      </paragraph>
      <paragraph eId="para_21" class="SingleTxt">
        <num>	11.</num>
        <content eId="para_21__content">
          <p xml:space="preserve">
            <span class="italic">Requests</span> the Human Rights Council to continue taking duly into account the present resolution and to consider further proposals for the strengthening of United Nations action in the field of human rights through the promotion of international cooperation and the importance of the principles of non-selectivity, impartiality and objectivity, including in the context of the universal periodic review; </p>
        </content>
      </paragraph>
      <paragraph eId="para_22" class="SingleTxt">
        <num>	12.</num>
        <content eId="para_22__content">
          <p xml:space="preserve">
            <span class="italic">Requests</span> the Secretary-General to invite Member States and intergovernmental and non-governmental organizations to present further practical proposals and ideas that would contribute to the strengthening of United Nations action in the field of human rights through the promotion of international cooperation based on the principles of non-selectivity, impartiality and objectivity, and to submit a comprehensive report on the question to the General Assembly at its seventy-sixth session;</p>
        </content>
      </paragraph>
      <paragraph eId="para_23" class="MercuryDocument">
        <num>	13.</num>
        <content eId="para_23__content">
          <p xml:space="preserve">
            <span class="italic">Decides</span> to consider the matter at its seventy-sixth session under the item entitled “Promotion and protection of human rights”.</p>
        </content>
      </paragraph>
    </mainBody>
    <conclusions eId="conclusions">
      <p>
        <inline name="adoptionMeeting" title="50th">50th plenary meeting</inline>
        <eol />
        <docDate date="2019-12-18" refersTo="#adoptionDate">18 December 2019</docDate>
      </p>
    </conclusions>
  </statement>
</akomaNtoso>