<akomaNtoso xmlns:xsi="http://www.w3.org/2001/XMLSchema-instance" xsi:schemaLocation="http://docs.oasis-open.org/legaldocml/ns/akn/3.0 http://docs.oasis-open.org/legaldocml/akn-core/v1.0/os/part2-specs/schemas/akomantoso30.xsd" xmlns="http://docs.oasis-open.org/legaldocml/ns/akn/3.0" xmlns:html="http://www.w3.org/1999/xhtml" xmlns:akn4un="http://un.org/akn4un">
  <statement name="resolution">
    <meta>
      <identification source="#DGACM">
        <FRBRWork>
          <FRBRthis value="/akn/un/statement/deliberation/unga/2019-12-18/74-159/!main/"></FRBRthis>
          <FRBRuri value="/akn/un/statement/deliberation/unga/2019-12-18/74-159/"></FRBRuri>
          <FRBRdate date="2019-12-18" name="adoption"></FRBRdate>
          <FRBRauthor href="ga" as="author"></FRBRauthor>
          <FRBRcountry value="un"></FRBRcountry>
        </FRBRWork>
        <FRBRExpression>
          <FRBRthis value="/akn/un/statement/deliberation/unga/2019-12-18/74-159/eng@!main/"></FRBRthis>
          <FRBRuri value="/akn/un/statement/deliberation/unga/2019-12-18/74-159/eng@/"></FRBRuri>
          <FRBRdate date="2020-01-20" name="publication"></FRBRdate>
          <FRBRauthor href="ga" as="issuer"></FRBRauthor>
          <FRBRlanguage language="eng"></FRBRlanguage>
        </FRBRExpression>
        <FRBRManifestation>
          <FRBRthis value="/akn/un/statement/deliberation/unga/2019-12-18/74-159/eng@/!main.xml"></FRBRthis>
          <FRBRuri value="/akn/un/statement/deliberation/unga/2019-12-18/74-159/eng@.xml"></FRBRuri>
          <FRBRdate date="2020-07-31" name="markup"></FRBRdate>
          <FRBRauthor href="DGACM" as="editor"></FRBRauthor>
        </FRBRManifestation>
      </identification>
      <classification source="http://metadata.un.org/sdg">
        <keyword value="16" href="http://metadata.un.org/sdg/16" showAs="sdg_16" dictionary="SDGO"></keyword>
        <keyword value="right_to_justice" href="http://eurovoc.europa.eu/516" showAs="right_to_justice" dictionary="EuroVoc"></keyword>
        <keyword value="sustainable_development" href="http://eurovoc.europa.eu/5585" showAs="sustainable_development" dictionary="EuroVoc"></keyword>
        <keyword value="civil_society" href="http://metadata.un.org/thesaurus/1001012" showAs="civil_society" dictionary="UNBIS Thesaurus"></keyword>
        <keyword value="justice" href="http://metadata.un.org/thesaurus/1003500" showAs="justice" dictionary="UNBIS Thesaurus"></keyword>
        <keyword value="peaceful_coexistence" href="http://metadata.un.org/thesaurus/1004777" showAs="peaceful_coexistence" dictionary="UNBIS Thesaurus"></keyword>
        <keyword value="public_institutions" href="http://metadata.un.org/thesaurus/1005254" showAs="public_institutions" dictionary="UNBIS Thesaurus"></keyword>
        <keyword value="social_justice" href="http://metadata.un.org/thesaurus/1005970" showAs="social_justice" dictionary="UNBIS Thesaurus"></keyword>
        <keyword value="sustainable_development" href="http://metadata.un.org/thesaurus/1006319" showAs="sustainable_development" dictionary="UNBIS Thesaurus"></keyword>
      </classification>
      <classification source="http://metadata.un.org/sdg">
        <keyword value="17" href="http://metadata.un.org/sdg/17" showAs="sdg_17" dictionary="SDGO"></keyword>
        <keyword value="sustainable_development" href="http://eurovoc.europa.eu/5585" showAs="sustainable_development" dictionary="EuroVoc"></keyword>
        <keyword value="partnership" href="http://eurovoc.europa.eu/4199" showAs="partnership" dictionary="EuroVoc"></keyword>
        <keyword value="sustainable_development" href="http://metadata.un.org/thesaurus/1006319" showAs="sustainable_development" dictionary="UNBIS Thesaurus"></keyword>
        <keyword value="partnership" href="http://metadata.un.org/thesaurus/1004748" showAs="partnership" dictionary="UNBIS Thesaurus"></keyword>
      </classification>
      <workflow source="#un">
        <step date="2019-11-13" outcome="draftResolution" as="A/C.3/74/L.47/Rev.1" by="China and Cuba (on behalf of the States Members of the United Nations that are members of the Movement of Non-Aligned Countries)" />
        <step date="0001-01-01" outcome="draftResolutionAdditionalSponsors" by="" />
        <step date="0001-01-01" outcome="recommendedForAdoption" as="A/74/399/Add.2" by="" refersTo="90" />
        <step date="2019-12-18" outcome="adopted" as="A/74/PV.50" by="" />
      </workflow>
      <analysis source="#un">
        <parliamentary>
          <voting outcome="adoptedRecordedVote">
            <count value="136" refersTo="inFavour">
              <akn4un:voters>
                <organization refersTo="memberState">AFGHANISTAN</organization>
                <organization refersTo="memberState">ALGERIA</organization>
                <organization refersTo="memberState">ANGOLA</organization>
                <organization refersTo="memberState">ANTIGUA AND BARBUDA</organization>
                <organization refersTo="memberState">ARGENTINA</organization>
                <organization refersTo="memberState">ARMENIA</organization>
                <organization refersTo="memberState">AZERBAIJAN</organization>
                <organization refersTo="memberState">BAHAMAS</organization>
                <organization refersTo="memberState">BAHRAIN</organization>
                <organization refersTo="memberState">BANGLADESH</organization>
                <organization refersTo="memberState">BARBADOS</organization>
                <organization refersTo="memberState">BELARUS</organization>
                <organization refersTo="memberState">BELIZE</organization>
                <organization refersTo="memberState">BENIN</organization>
                <organization refersTo="memberState">BHUTAN</organization>
                <organization refersTo="memberState">BOLIVIA (PLURINATIONAL STATE OF)</organization>
                <organization refersTo="memberState">BOTSWANA</organization>
                <organization refersTo="memberState">BRUNEI DARUSSALAM</organization>
                <organization refersTo="memberState">BURKINA FASO</organization>
                <organization refersTo="memberState">BURUNDI</organization>
                <organization refersTo="memberState">CABO VERDE</organization>
                <organization refersTo="memberState">CAMBODIA</organization>
                <organization refersTo="memberState">CAMEROON</organization>
                <organization refersTo="memberState">CENTRAL AFRICAN REPUBLIC</organization>
                <organization refersTo="memberState">CHAD</organization>
                <organization refersTo="memberState">CHILE</organization>
                <organization refersTo="memberState">CHINA</organization>
                <organization refersTo="memberState">COLOMBIA</organization>
                <organization refersTo="memberState">COMOROS</organization>
                <organization refersTo="memberState">CONGO</organization>
                <organization refersTo="memberState">COSTA RICA</organization>
                <organization refersTo="memberState">COTE D'IVOIRE</organization>
                <organization refersTo="memberState">CUBA</organization>
                <organization refersTo="memberState">DEMOCRATIC PEOPLE'S REPUBLIC OF KOREA</organization>
                <organization refersTo="memberState">DEMOCRATIC REPUBLIC OF THE CONGO</organization>
                <organization refersTo="memberState">DJIBOUTI</organization>
                <organization refersTo="memberState">DOMINICAN REPUBLIC</organization>
                <organization refersTo="memberState">ECUADOR</organization>
                <organization refersTo="memberState">EGYPT</organization>
                <organization refersTo="memberState">EL SALVADOR</organization>
                <organization refersTo="memberState">EQUATORIAL GUINEA</organization>
                <organization refersTo="memberState">ERITREA</organization>
                <organization refersTo="memberState">ESWATINI</organization>
                <organization refersTo="memberState">ETHIOPIA</organization>
                <organization refersTo="memberState">FIJI</organization>
                <organization refersTo="memberState">GABON</organization>
                <organization refersTo="memberState">GAMBIA</organization>
                <organization refersTo="memberState">GHANA</organization>
                <organization refersTo="memberState">GRENADA</organization>
                <organization refersTo="memberState">GUATEMALA</organization>
                <organization refersTo="memberState">GUINEA</organization>
                <organization refersTo="memberState">GUINEA-BISSAU</organization>
                <organization refersTo="memberState">GUYANA</organization>
                <organization refersTo="memberState">HAITI</organization>
                <organization refersTo="memberState">HONDURAS</organization>
                <organization refersTo="memberState">INDIA</organization>
                <organization refersTo="memberState">INDONESIA</organization>
                <organization refersTo="memberState">IRAN (ISLAMIC REPUBLIC OF)</organization>
                <organization refersTo="memberState">IRAQ</organization>
                <organization refersTo="memberState">JAMAICA</organization>
                <organization refersTo="memberState">JORDAN</organization>
                <organization refersTo="memberState">KAZAKHSTAN</organization>
                <organization refersTo="memberState">KENYA</organization>
                <organization refersTo="memberState">KIRIBATI</organization>
                <organization refersTo="memberState">KUWAIT</organization>
                <organization refersTo="memberState">KYRGYZSTAN</organization>
                <organization refersTo="memberState">LAO PEOPLE'S DEMOCRATIC REPUBLIC</organization>
                <organization refersTo="memberState">LEBANON</organization>
                <organization refersTo="memberState">LESOTHO</organization>
                <organization refersTo="memberState">LIBERIA</organization>
                <organization refersTo="memberState">LIBYA</organization>
                <organization refersTo="memberState">MADAGASCAR</organization>
                <organization refersTo="memberState">MALAWI</organization>
                <organization refersTo="memberState">MALAYSIA</organization>
                <organization refersTo="memberState">MALDIVES</organization>
                <organization refersTo="memberState">MALI</organization>
                <organization refersTo="memberState">MAURITANIA</organization>
                <organization refersTo="memberState">MAURITIUS</organization>
                <organization refersTo="memberState">MEXICO</organization>
                <organization refersTo="memberState">MONGOLIA</organization>
                <organization refersTo="memberState">MOROCCO</organization>
                <organization refersTo="memberState">MOZAMBIQUE</organization>
                <organization refersTo="memberState">MYANMAR</organization>
                <organization refersTo="memberState">NAMIBIA</organization>
                <organization refersTo="memberState">NEPAL</organization>
                <organization refersTo="memberState">NICARAGUA</organization>
                <organization refersTo="memberState">NIGER</organization>
                <organization refersTo="memberState">NIGERIA</organization>
                <organization refersTo="memberState">OMAN</organization>
                <organization refersTo="memberState">PAKISTAN</organization>
                <organization refersTo="memberState">PALAU</organization>
                <organization refersTo="memberState">PANAMA</organization>
                <organization refersTo="memberState">PAPUA NEW GUINEA</organization>
                <organization refersTo="memberState">PARAGUAY</organization>
                <organization refersTo="memberState">PERU</organization>
                <organization refersTo="memberState">PHILIPPINES</organization>
                <organization refersTo="memberState">QATAR</organization>
                <organization refersTo="memberState">RUSSIAN FEDERATION</organization>
                <organization refersTo="memberState">RWANDA</organization>
                <organization refersTo="memberState">SAINT KITTS AND NEVIS</organization>
                <organization refersTo="memberState">SAINT LUCIA</organization>
                <organization refersTo="memberState">SAINT VINCENT AND THE GRENADINES</organization>
                <organization refersTo="memberState">SAMOA</organization>
                <organization refersTo="memberState">SAO TOME AND PRINCIPE</organization>
                <organization refersTo="memberState">SAUDI ARABIA</organization>
                <organization refersTo="memberState">SENEGAL</organization>
                <organization refersTo="memberState">SEYCHELLES</organization>
                <organization refersTo="memberState">SIERRA LEONE</organization>
                <organization refersTo="memberState">SINGAPORE</organization>
                <organization refersTo="memberState">SOLOMON ISLANDS</organization>
                <organization refersTo="memberState">SOMALIA</organization>
                <organization refersTo="memberState">SOUTH AFRICA</organization>
                <organization refersTo="memberState">SRI LANKA</organization>
                <organization refersTo="memberState">SUDAN</organization>
                <organization refersTo="memberState">SURINAME</organization>
                <organization refersTo="memberState">SYRIAN ARAB REPUBLIC</organization>
                <organization refersTo="memberState">TAJIKISTAN</organization>
                <organization refersTo="memberState">THAILAND</organization>
                <organization refersTo="memberState">TIMOR-LESTE</organization>
                <organization refersTo="memberState">TOGO</organization>
                <organization refersTo="memberState">TONGA</organization>
                <organization refersTo="memberState">TRINIDAD AND TOBAGO</organization>
                <organization refersTo="memberState">TUNISIA</organization>
                <organization refersTo="memberState">TURKMENISTAN</organization>
                <organization refersTo="memberState">TUVALU</organization>
                <organization refersTo="memberState">UGANDA</organization>
                <organization refersTo="memberState">UNITED ARAB EMIRATES</organization>
                <organization refersTo="memberState">UNITED REPUBLIC OF TANZANIA</organization>
                <organization refersTo="memberState">URUGUAY</organization>
                <organization refersTo="memberState">UZBEKISTAN</organization>
                <organization refersTo="memberState">VANUATU</organization>
                <organization refersTo="memberState">VENEZUELA (BOLIVARIAN REPUBLIC OF)</organization>
                <organization refersTo="memberState">VIET NAM</organization>
                <organization refersTo="memberState">YEMEN</organization>
                <organization refersTo="memberState">ZAMBIA</organization>
                <organization refersTo="memberState">ZIMBABWE</organization>
              </akn4un:voters>
            </count>
            <count value="55" refersTo="against">
              <akn4un:voters>
                <organization refersTo="memberState">ALBANIA</organization>
                <organization refersTo="memberState">ANDORRA</organization>
                <organization refersTo="memberState">AUSTRALIA</organization>
                <organization refersTo="memberState">AUSTRIA</organization>
                <organization refersTo="memberState">BELGIUM</organization>
                <organization refersTo="memberState">BOSNIA AND HERZEGOVINA</organization>
                <organization refersTo="memberState">BRAZIL</organization>
                <organization refersTo="memberState">BULGARIA</organization>
                <organization refersTo="memberState">CANADA</organization>
                <organization refersTo="memberState">CROATIA</organization>
                <organization refersTo="memberState">CYPRUS</organization>
                <organization refersTo="memberState">CZECHIA</organization>
                <organization refersTo="memberState">DENMARK</organization>
                <organization refersTo="memberState">ESTONIA</organization>
                <organization refersTo="memberState">FINLAND</organization>
                <organization refersTo="memberState">FRANCE</organization>
                <organization refersTo="memberState">GEORGIA</organization>
                <organization refersTo="memberState">GERMANY</organization>
                <organization refersTo="memberState">GREECE</organization>
                <organization refersTo="memberState">HUNGARY</organization>
                <organization refersTo="memberState">ICELAND</organization>
                <organization refersTo="memberState">IRELAND</organization>
                <organization refersTo="memberState">ISRAEL</organization>
                <organization refersTo="memberState">ITALY</organization>
                <organization refersTo="memberState">JAPAN</organization>
                <organization refersTo="memberState">LATVIA</organization>
                <organization refersTo="memberState">LIECHTENSTEIN</organization>
                <organization refersTo="memberState">LITHUANIA</organization>
                <organization refersTo="memberState">LUXEMBOURG</organization>
                <organization refersTo="memberState">MALTA</organization>
                <organization refersTo="memberState">MARSHALL ISLANDS</organization>
                <organization refersTo="memberState">MICRONESIA (FEDERATED STATES OF)</organization>
                <organization refersTo="memberState">MONACO</organization>
                <organization refersTo="memberState">MONTENEGRO</organization>
                <organization refersTo="memberState">NAURU</organization>
                <organization refersTo="memberState">NETHERLANDS</organization>
                <organization refersTo="memberState">NEW ZEALAND</organization>
                <organization refersTo="memberState">NORTH MACEDONIA</organization>
                <organization refersTo="memberState">NORWAY</organization>
                <organization refersTo="memberState">POLAND</organization>
                <organization refersTo="memberState">PORTUGAL</organization>
                <organization refersTo="memberState">REPUBLIC OF KOREA</organization>
                <organization refersTo="memberState">REPUBLIC OF MOLDOVA</organization>
                <organization refersTo="memberState">ROMANIA</organization>
                <organization refersTo="memberState">SAN MARINO</organization>
                <organization refersTo="memberState">SERBIA</organization>
                <organization refersTo="memberState">SLOVAKIA</organization>
                <organization refersTo="memberState">SLOVENIA</organization>
                <organization refersTo="memberState">SPAIN</organization>
                <organization refersTo="memberState">SWEDEN</organization>
                <organization refersTo="memberState">SWITZERLAND</organization>
                <organization refersTo="memberState">TURKEY</organization>
                <organization refersTo="memberState">UKRAINE</organization>
                <organization refersTo="memberState">UNITED KINGDOM</organization>
                <organization refersTo="memberState">UNITED STATES</organization>
              </akn4un:voters>
            </count>
          </voting>
        </parliamentary>
      </analysis>
      <references source="#DGACM">
        <TLCOrganization eId="source" href="/akn/ontology/organization/un/DGACM" showAs="DGACM"></TLCOrganization>
        <TLCConcept eId="dateOfIssuance" href="/akn/ontology/concept/un/dateOfIssuance" showAs="Date of issuance"></TLCConcept>
        <TLCConcept eId="dateOfAdoption" href="/akn/ontology/concept/un/dateOfAdoption" showAs="Date of adoption"></TLCConcept>
        <TLCConcept eId="symbol" href="/akn/ontology/reference/un/symbol" showAs="Symbol"></TLCConcept>
        <TLCRole eId="publisher" href="/akn/ontology/role/un/publisher" showAs="Publisher"></TLCRole>
        <TLCRole eId="issuingBody" href="/akn/role/concept/un/issuingBody" showAs="Issuing body"></TLCRole>
        <TLCRole eId="author" href="/akn/ontology/role/un/author" showAs="Author"></TLCRole>
        <TLCRole eId="editor" href="/akn/ontology/role/un/editor" showAs="Editor"></TLCRole>
        <TLCRole eId="distribution" href="/akn/ontology/concept/un/generalDistribution" showAs="General distribution"></TLCRole>
        <TLCOrganization eId="ga" href="/akn/ontology/organization/un/generalAssembly" showAs="General Assembly"></TLCOrganization>
        <TLCTerm eId="resolutionTitle" href="/akn/ontology/reference/un/resolutionTitle" showAs="Resolution title"></TLCTerm>
        <TLCTerm eId="thirdCommittee" href="#thirdCommittee" showAs="Third Committee"></TLCTerm>
        <TLCTerm eId="memberState" href="/akn/ontology/organization/un/memberState" showAs="Member State"></TLCTerm>
        <TLCTerm eId="inFavour" href="/akn/ontology/concept/un/voting/inFavour" showAs="In favour"></TLCTerm>
        <TLCTerm eId="against" href="/akn/ontology/concept/un/voting/against" showAs="Against"></TLCTerm>
        <TLCTerm eId="abstaining" href="/akn/ontology/concept/un/voting/abstaining" showAs="Abstaining"></TLCTerm>
      </references>
      <presentation source="#un">
        <akn4un:footerFirstPage>
          <akn4un:footerFirstPageLeft>
            <akn4un:internalCode>
              <docketNumber refersTo="#publicationJobNumber">19-22285 (E)</docketNumber>
              <img alt="bar code" class="barCode" src=""></img>
            </akn4un:internalCode>
          </akn4un:footerFirstPageLeft>
          <akn4un:footerFirstPageRight>
            <img alt="Please recycle" class="image" src="./recylcleLogo.jpg"></img>
            <img alt="embedded QR code" class="qrCode" src=""></img>
          </akn4un:footerFirstPageRight>
        </akn4un:footerFirstPage>
      </presentation>
    </meta>
    <coverPage eId="coverPage_1">
      <p>
        <span refersTo="#publisher" class="upperLeft">
          <docAuthority refersTo="#publisher">United Nations</docAuthority>
        </span>
      </p>
      <p class="upperRight">
        <docNumber refersTo="#symbol">A/RES/74/159</docNumber>
      </p>
      <p class="upperLeft">
        <img src="logo-un.jpg"></img>
        <docAuthority refersTo="#issuingBody" class="rightBig">General Assembly</docAuthority>
      </p>
      <p>
        <docStatus refersTo="#generalDistribution" class="rightSmall">Distr.: General</docStatus>
      </p>
      <p>
        <docDate date="2020-01-20" class="rightSmall" refersTo="#dateOfIssuance">20 January 2020</docDate>
      </p>
      <p>
        <session refersTo="#generalAssembly" value="74" eId="coverPage_1__session_1">Seventy-fourth session</session>
      </p>
      <p>
        <inline name="agenda item">Agenda item 70 (b)</inline>
      </p>
      <p>
        <inline name="agenda item name">Promotion and protection of human rights: human rights questions, including alternative approaches for improving the effective enjoyment of human rights and fundamental freedoms</inline>
      </p>
      <p>
        <docTitle>Resolution adopted by the General Assembly on 18 December 2019</docTitle>
      </p>
      <p xml:space="preserve">
        <docProponent refersTo="#thirdCommittee">[on the report of the Third Committee (<inline name="originating document">A/74/399/Add.2</inline>)]</docProponent>
      </p>
    </coverPage>
    <preface>
      <p>
        <docNumber>74/159.</docNumber>
        <docTitle refersTo="#resolutionTitle">Human rights and cultural diversity</docTitle>
      </p>
    </preface>
    <preamble>
      <formula name="enactingFormula" eId="formula_1">
        <p xml:space="preserve">
          <span class="italic">The General Assembly</span>,</p>
      </formula>
      <container name="Recalling" eId="container_2">
        <p xml:space="preserve">
          <span class="italic">Recalling</span> the Universal Declaration of Human Rights,<authorialNote marker="1" placement="bottom" eId="authorialNote_1"><p xml:space="preserve">	 	Resolution <a href="https://undocs.org//en/A/RES/217 (III)">217 A (III)</a>.</p></authorialNote> the International Covenant on Economic, Social and Cultural Rights<authorialNote marker="2" placement="bottom" eId="authorialNote_2"><p xml:space="preserve">	 	See resolution <a href="https://undocs.org//en/A/RES/2200 (XXI)">2200 A (XXI)</a>, annex.</p></authorialNote> and the International Covenant on Civil and Political Rights,<sup>2</sup> as well as other pertinent human rights instruments, </p>
      </container>
      <container name="Recalling also" eId="container_3">
        <p xml:space="preserve">
          <span class="italic">Recalling also</span> its resolutions <a href="https://undocs.org/en/A/RES/54/160">54/160</a> of 17 December 1999, <a href="https://undocs.org/en/A/RES/55/91">55/91</a> of 4 December 2000, <a href="https://undocs.org/en/A/RES/57/204">57/204</a> of 18 December 2002, <a href="https://undocs.org/en/A/RES/58/167">58/167</a> of 22 December 2003, <a href="https://undocs.org/en/A/RES/60/167">60/167</a> of 16 December 2005, <a href="https://undocs.org/en/A/RES/62/155">62/155</a> of 18 December 2007, <a href="https://undocs.org/en/A/RES/64/174">64/174</a> of 18 December 2009, <a href="https://undocs.org/en/A/RES/66/154">66/154</a> of 19 December 2011, <a href="https://undocs.org/en/A/RES/68/159">68/159</a> of 18 December 2013, <a href="https://undocs.org/en/A/RES/70/156">70/156</a> of 17 December 2015 and <a href="https://undocs.org/en/A/RES/72/170">72/170</a> of 19 December 2017, and recalling further its resolutions <a href="https://undocs.org/en/A/RES/54/113">54/113</a> of 10 December 1999, <a href="https://undocs.org/en/A/RES/55/23">55/23</a> of 13 November 2000 and <a href="https://undocs.org/en/A/RES/60/4">60/4</a> of 20 October 2005 concerning the United Nations Year of Dialogue among Civilizations, </p>
      </container>
      <container name="Noting" eId="container_4">
        <p xml:space="preserve">
          <span class="italic">Noting</span> that numerous instruments within the United Nations system promote cultural diversity, as well as the conservation and development of culture, in particular the Declaration of the Principles of International Culture Cooperation proclaimed on 4 November 1966 by the General Conference of the United Nations Educational, Scientific and Cultural Organization at its fourteenth session,<authorialNote marker="3" placement="bottom" eId="authorialNote_3"><p xml:space="preserve">	 	See United Nations Educational, Scientific and Cultural Organization, <span class="italic">Records of the General Conference, Fourteenth Session, Paris, 1966, Resolutions</span>.</p></authorialNote></p>
      </container>
      <container name="Taking note" eId="container_5">
        <p xml:space="preserve">
          <span class="italic">Taking note</span> of the report of the Secretary-General,<authorialNote marker="4" placement="bottom" eId="authorialNote_4"><p xml:space="preserve"><a href="https://undocs.org/en/A/74/212">A/74/212</a>.</p></authorialNote></p>
      </container>
      <container name="Recalling" eId="container_6">
        <p xml:space="preserve">
          <span class="italic">Recalling</span> that, as stated in the Declaration on Principles of International Law concerning Friendly Relations and Cooperation among States in accordance with the Charter of the United Nations, contained in the annex to its resolution <a href="https://undocs.org/en/A/RES/2625 (XXV)">2625 (XXV)</a> of 24 October 1970, States have the duty to cooperate with one another, irrespective of the differences in their political, economic and social systems, in the various spheres of international relations, in the promotion of universal respect for and observance of human rights and fundamental freedoms for all, and in the elimination of all forms of racial discrimination and all forms of religious intolerance, </p>
      </container>
      <container name="Recalling also" eId="container_7">
        <p xml:space="preserve">
          <span class="italic">Recalling also</span> the adoption, by its resolution <a href="https://undocs.org/en/A/RES/56/6">56/6</a> of 9 November 2001, of the Global Agenda for Dialogue among Civilizations, </p>
      </container>
      <container name="Recalling further" eId="container_8">
        <p xml:space="preserve">
          <span class="italic">Recalling further</span> the contribution of the World Conference against Racism, Racial Discrimination, Xenophobia and Related Intolerance, held in Durban, South Africa, from 31 August to 8 September 2001, the Durban Review Conference, held in Geneva from 20 to 24 April 2009, and the high-level meeting of the General Assembly to commemorate the tenth anniversary of the adoption of the Durban Declaration and Programme of Action, held on 22 September 2011, to the promotion of respect for cultural diversity, </p>
      </container>
      <container name="Recalling" eId="container_9">
        <p xml:space="preserve">
          <span class="italic">Recalling</span> the Universal Declaration on Cultural Diversity of the United Nations Educational, Scientific and Cultural Organization,<authorialNote marker="5" placement="bottom" eId="authorialNote_5"><p xml:space="preserve">	 	United Nations Educational, Scientific and Cultural Organization, <span class="italic">Records of the General Conference, Thirty-first Session, Paris, 15 October–3 November 2001</span>, vol. 1 and corrigendum, <span class="italic">Resolutions</span>, sect. V, resolution 25, annex I.</p></authorialNote> together with its Action Plan,<authorialNote marker="6" placement="bottom" eId="authorialNote_6"><p xml:space="preserve">	 	Ibid., annex II.</p></authorialNote> adopted on 2 November 2001 by the General Conference of the United Nations Educational, Scientific and Cultural Organization at its thirty-first session, in which member States invited the United Nations system and other intergovernmental and non-governmental organizations concerned to cooperate with the United Nations Educational, Scientific and Cultural Organization in the promotion of the principles set forth in the Declaration and its Action Plan, with a view to enhancing the synergy of actions in favour of cultural diversity, </p>
      </container>
      <container name="Recalling also" eId="container_10">
        <p xml:space="preserve">
          <span class="italic">Recalling also</span> the Ministerial Meeting on Human Rights and Cultural Diversity of the Movement of Non-Aligned Countries, held in Tehran on 3 and 4 September 2007, </p>
      </container>
      <container name="Reaffirming" eId="container_11">
        <p xml:space="preserve">
          <span class="italic">Reaffirming</span> that all human rights are universal, indivisible, interdependent and interrelated and that the international community must treat human rights globally in a fair and equal manner, on the same footing and with the same emphasis, and that, while the significance of national and regional particularities and various historical, cultural and religious backgrounds must be borne in mind, it is the duty of States, regardless of their political, economic and cultural systems, to promote and protect all human rights and fundamental freedoms, </p>
      </container>
      <container name="Expressing concern" eId="container_12">
        <p xml:space="preserve">
          <span class="italic">Expressing concern</span> over the adverse impacts of lack of respect for and recognition of cultural diversity on human rights, justice, friendship and the fundamental right to development, </p>
      </container>
      <container name="Recognizing" eId="container_13">
        <p xml:space="preserve">
          <span class="italic">Recognizing</span> that cultural diversity and the pursuit of cultural development by all peoples and nations are a source of mutual enrichment for the cultural life of humankind, </p>
      </container>
      <container name="Recognizing also" eId="container_14">
        <p xml:space="preserve">
          <span class="italic">Recognizing also</span> the contribution that diverse cultures have been making to the development and promotion of human rights and fundamental freedoms, </p>
      </container>
      <container name="Taking into account" eId="container_15">
        <p xml:space="preserve">
          <span class="italic">Taking into account</span> that a culture of peace actively fosters non-violence and respect for human rights and strengthens solidarity among peoples and nations and dialogue between cultures, </p>
      </container>
      <container name="Reaffirming" eId="container_16">
        <p xml:space="preserve">
          <span class="italic">Reaffirming</span> that discriminatory treatment against different cultures and religions is detrimental to the principle of the equality of human beings, </p>
      </container>
      <container name="Recognizing" eId="container_17">
        <p xml:space="preserve">
          <span class="italic">Recognizing</span> that all cultures and civilizations share a common set of universal values, </p>
      </container>
      <container name="Recognizing also" eId="container_18">
        <p xml:space="preserve">
          <span class="italic">Recognizing also</span> that the promotion of the rights of indigenous people and their cultures and traditions will contribute to the respect for and observance of cultural diversity among all peoples and nations, </p>
      </container>
      <container name="Considering" eId="container_19">
        <p xml:space="preserve">
          <span class="italic">Considering</span> that tolerance of cultural, ethnic, religious and linguistic diversities, as well as dialogue among and within civilizations, is essential for peace, understanding and friendship among individuals and people of different cultures and nations of the world, while manifestations of cultural prejudice, intolerance and xenophobia towards different cultures and religions generate hatred, violence and extremism among peoples and nations throughout the world, </p>
      </container>
      <container name="Recognizing" eId="container_20">
        <p xml:space="preserve">
          <span class="italic">Recognizing</span> in each culture a dignity and value that deserve recognition, respect and preservation, and convinced that, in their rich variety and diversity, and in the reciprocal influences that they exert on one another, all cultures form part of the common heritage belonging to all humankind, </p>
      </container>
      <container name="Convinced" eId="container_21">
        <p xml:space="preserve">
          <span class="italic">Convinced</span> that the promotion of cultural pluralism and tolerance towards and dialogue among various cultures and civilizations would contribute to the efforts of all peoples and nations to enrich their cultures and traditions by engaging in a mutually beneficial exchange of knowledge and intellectual, moral and material achievements, </p>
      </container>
      <container name="Acknowledging" eId="container_22">
        <p xml:space="preserve">
          <span class="italic">Acknowledging</span> the diversity of the world, recognizing that all cultures and civilizations contribute to the enrichment of humankind, acknowledging the importance of respect and understanding for religious and cultural diversity throughout the world, and, in order to promote international peace and security, committing itself to advancing human welfare, freedom and progress everywhere, as well as to encouraging tolerance, respect, dialogue and cooperation among different cultures, civilizations and peoples, </p>
      </container>
    </preamble>
    <mainBody>
      <paragraph eId="para_23" class="SingleTxt">
        <num>	1.</num>
        <content eId="para_23__content">
          <p xml:space="preserve">
            <span class="italic">Affirms</span> the importance for all peoples and nations to hold, develop and preserve their cultural heritage and traditions in a national and international atmosphere of peace, tolerance and mutual respect; </p>
        </content>
      </paragraph>
      <paragraph eId="para_24" class="SingleTxt">
        <num>	2.</num>
        <content eId="para_24__content">
          <p xml:space="preserve">
            <span class="italic">Emphasizes</span> the important contribution of culture to development and the achievement of national development objectives and internationally agreed development goals, including the Sustainable Development Goals; </p>
        </content>
      </paragraph>
      <paragraph eId="para_25" class="SingleTxt">
        <num>	3.</num>
        <content eId="para_25__content">
          <p xml:space="preserve">
            <span class="italic">Recalls</span> that, as expressed in the Universal Declaration on Cultural Diversity,<sup>5</sup> no one may invoke cultural diversity to infringe upon human rights guaranteed by international law, or to limit their scope; </p>
        </content>
      </paragraph>
      <paragraph eId="para_26" class="SingleTxt">
        <num>	4.</num>
        <content eId="para_26__content">
          <p xml:space="preserve">
            <span class="italic">Also recalls</span> the adoption of the 2030 Agenda for Sustainable Development,<authorialNote marker="7" placement="bottom" eId="authorialNote_7"><p xml:space="preserve">	 	Resolution <a href="https://undocs.org/en/A/RES/70/1">70/1</a>.</p></authorialNote> in which Member States acknowledged the natural and cultural diversity of the world and recognized that all cultures and civilizations can contribute to, and are crucial enablers of, sustainable development; </p>
        </content>
      </paragraph>
      <paragraph eId="para_27" class="SingleTxt">
        <num>	5.</num>
        <content eId="para_27__content">
          <p xml:space="preserve">
            <span class="italic">Recognizes</span> the importance given to cultural diversity in the 2030 Agenda for Sustainable Development, including in Sustainable Development Goal 4, related to ensuring inclusive and equitable quality education and promoting lifelong learning opportunities for all; </p>
        </content>
      </paragraph>
      <paragraph eId="para_28" class="SingleTxt">
        <num>	6.</num>
        <content eId="para_28__content">
          <p xml:space="preserve">
            <span class="italic">Also recognizes</span> the right of everyone to take part in cultural life and to enjoy the benefits of scientific progress and its applications; </p>
        </content>
      </paragraph>
      <paragraph eId="para_29" class="SingleTxt">
        <num>	7.</num>
        <content eId="para_29__content">
          <p xml:space="preserve">
            <span class="italic">Affirms</span> that the international community should strive to respond to the challenges and opportunities posed by globalization in a manner that ensures respect for the cultural diversity of all; </p>
        </content>
      </paragraph>
      <paragraph eId="para_30" class="SingleTxt">
        <num>	8.</num>
        <content eId="para_30__content">
          <p xml:space="preserve">
            <span class="italic">Expresses its determination</span> to prevent and mitigate cultural homogenization in the context of globalization, through increased intercultural exchange guided by the promotion and protection of cultural diversity; </p>
        </content>
      </paragraph>
      <paragraph eId="para_31" class="SingleTxt">
        <num>	9.</num>
        <content eId="para_31__content">
          <p xml:space="preserve">
            <span class="italic">Affirms</span> that intercultural dialogue essentially enriches the common understanding of human rights and that the benefits to be derived from the encouragement and development of international contacts and cooperation in the cultural fields are important; </p>
        </content>
      </paragraph>
      <paragraph eId="para_32" class="SingleTxt">
        <num>	10.</num>
        <content eId="para_32__content">
          <p xml:space="preserve">
            <span class="italic">Recalls</span> the recognition at the World Conference against Racism, Racial Discrimination, Xenophobia and Related Intolerance of the necessity of respecting and maximizing the benefits of diversity within and among all nations in working together to build a harmonious and productive future by putting into practice and promoting values and principles such as justice, equality and non-discrimination, democracy, fairness and friendship, tolerance and respect within and among communities and nations, in particular through public information and educational programmes to raise awareness and understanding of the benefits of cultural diversity, including programmes in which the public authorities work in partnership with international and non-governmental organizations and other sectors of civil society; </p>
        </content>
      </paragraph>
      <paragraph eId="para_33" class="SingleTxt">
        <num>	11.</num>
        <content eId="para_33__content">
          <p xml:space="preserve">
            <span class="italic">Emphasizes</span> that dialogue among religions, cultures and civilizations on the basis of equal dignity should be enhanced, through supporting efforts made at the international level towards reducing confrontation, suppressing xenophobia and promoting respect for diversity, and in that regard also emphasizes that States should oppose all attempts at uniculturalism or the imposition of particular models of social or cultural systems and promote dialogue among civilizations, a culture of peace and interfaith dialogue, which will contribute towards peace, security and development; </p>
        </content>
      </paragraph>
      <paragraph eId="para_34" class="SingleTxt">
        <num>	12.</num>
        <content eId="para_34__content">
          <p xml:space="preserve">
            <span class="italic">Welcomes</span> the activities of the Non-Aligned Movement Centre for Human Rights and Cultural Diversity in Tehran, and acknowledges the important role that the Centre plays in the promotion of the universality of all human rights, as well as their realization; </p>
        </content>
      </paragraph>
      <paragraph eId="para_35" class="SingleTxt">
        <num>	13.</num>
        <content eId="para_35__content">
          <p xml:space="preserve">
            <span class="italic">Recognizes</span> that respect for cultural diversity and the cultural rights of all enhances cultural pluralism, contributing to a wider exchange of knowledge and understanding of cultural background, advancing the application and enjoyment of universally accepted human rights throughout the world and fostering stable, friendly relations among peoples and nations worldwide; </p>
        </content>
      </paragraph>
      <paragraph eId="para_36" class="SingleTxt">
        <num>	14.</num>
        <content eId="para_36__content">
          <p xml:space="preserve">
            <span class="italic">Emphasizes</span> that the promotion of cultural pluralism and tolerance at the national, regional and international levels is important for enhancing respect for cultural rights and cultural diversity; </p>
        </content>
      </paragraph>
      <paragraph eId="para_37" class="SingleTxt">
        <num>	15.</num>
        <content eId="para_37__content">
          <p xml:space="preserve">
            <span class="italic">Also emphasizes</span> that tolerance and respect for diversity facilitate the universal promotion and protection of human rights, including gender equality and the enjoyment of all human rights by all, and underlines the fact that tolerance and respect for cultural diversity and the universal promotion and protection of human rights are mutually supportive; </p>
        </content>
      </paragraph>
      <paragraph eId="para_38" class="SingleTxt">
        <num>	16.</num>
        <content eId="para_38__content">
          <p xml:space="preserve">
            <span class="italic">Urges</span> all actors on the international scene to build an international order based on inclusion, justice, equality and equity, human dignity, mutual understanding and promotion of and respect for cultural diversity and universal human rights, and to reject all doctrines of exclusion based on racism, racial discrimination, xenophobia and related intolerance; </p>
        </content>
      </paragraph>
      <paragraph eId="para_39" class="SingleTxt">
        <num>	17.</num>
        <content eId="para_39__content">
          <p xml:space="preserve">
            <span class="italic">Calls upon</span> States, relevant international organizations and non‑governmental organizations to support and embark on intercultural initiatives on human rights in order to promote all human rights, thereby enriching their universality; </p>
        </content>
      </paragraph>
      <paragraph eId="para_40" class="SingleTxt">
        <num>	18.</num>
        <content eId="para_40__content">
          <p xml:space="preserve">
            <span class="italic">Urges</span> States to ensure that their political and legal systems reflect the multicultural diversity within their societies and, where necessary, to improve democratic institutions so that they are more fully participatory and avoid marginalization and exclusion of, and discrimination against, specific sectors of society; </p>
        </content>
      </paragraph>
      <paragraph eId="para_41" class="SingleTxt">
        <num>	19.</num>
        <content eId="para_41__content">
          <p xml:space="preserve">
            <span class="italic">Calls upon</span> States, international organizations and United Nations agencies, and invites civil society, including non-governmental organizations, to recognize and promote respect for cultural diversity for the purpose of advancing the objectives of peace, development and universally accepted human rights; </p>
        </content>
      </paragraph>
      <paragraph eId="para_42" class="SingleTxt">
        <num>	20.</num>
        <content eId="para_42__content">
          <p xml:space="preserve">
            <span class="italic">Stresses</span> the necessity of freely using the media and new information and communications technologies to create the conditions for a renewed dialogue among cultures and civilizations; </p>
        </content>
      </paragraph>
      <paragraph eId="para_43" class="SingleTxt">
        <num>	21.</num>
        <content eId="para_43__content">
          <p xml:space="preserve">
            <span class="italic">Requests</span> the Office of the United Nations High Commissioner for Human Rights to continue to bear in mind fully the issues raised in the present resolution in the course of its activities for the promotion and protection of human rights; </p>
        </content>
      </paragraph>
      <paragraph eId="para_44" class="SingleTxt">
        <num>	22.</num>
        <content eId="para_44__content">
          <p xml:space="preserve">
            <span class="italic">Also requests</span> the Office of the High Commissioner, and invites the United Nations Educational, Scientific and Cultural Organization, to support initiatives aimed at promoting intercultural dialogue on human rights; </p>
        </content>
      </paragraph>
      <paragraph eId="para_45" class="SingleTxt">
        <num>	23.</num>
        <content eId="para_45__content">
          <p xml:space="preserve">
            <span class="italic">Urges</span> relevant international organizations to conduct studies on how respect for cultural diversity contributes to fostering international solidarity and cooperation among all nations; </p>
        </content>
      </paragraph>
      <paragraph eId="para_46" class="SingleTxt">
        <num>	24.</num>
        <content eId="para_46__content">
          <p xml:space="preserve">
            <span class="italic">Requests</span> the Secretary-General to prepare a report on the implementation of the present resolution, including efforts undertaken at the national, regional and international levels regarding the recognition and importance of cultural diversity among all peoples and nations in the world and taking into account the views of Member States, relevant United Nations agencies and non-governmental organizations, and to submit the report to the General Assembly at its seventy-sixth session; </p>
        </content>
      </paragraph>
      <paragraph eId="para_47" class="MercuryDocument">
        <num>	25.</num>
        <content eId="para_47__content">
          <p xml:space="preserve">
            <span class="italic">Decides</span> to continue consideration of the question at its seventy-sixth session under the sub-item entitled “Human rights questions, including alternative approaches for improving the effective enjoyment of human rights and fundamental freedoms” of the item entitled “Promotion and protection of human rights”.</p>
        </content>
      </paragraph>
    </mainBody>
    <conclusions eId="conclusions">
      <p>
        <inline name="adoptionMeeting" title="50th">50th plenary meeting</inline>
        <eol />
        <docDate date="2019-12-18" refersTo="#adoptionDate">18 December 2019</docDate>
      </p>
    </conclusions>
  </statement>
</akomaNtoso>