<akomaNtoso xmlns:xsi="http://www.w3.org/2001/XMLSchema-instance" xsi:schemaLocation="http://docs.oasis-open.org/legaldocml/ns/akn/3.0 http://docs.oasis-open.org/legaldocml/akn-core/v1.0/os/part2-specs/schemas/akomantoso30.xsd" xmlns="http://docs.oasis-open.org/legaldocml/ns/akn/3.0" xmlns:html="http://www.w3.org/1999/xhtml" xmlns:akn4un="http://un.org/akn4un">
  <statement name="resolution">
    <meta>
      <identification source="#DGACM">
        <FRBRWork>
          <FRBRthis value="/akn/un/statement/deliberation/unga/2019-12-18/74-185/!main/"></FRBRthis>
          <FRBRuri value="/akn/un/statement/deliberation/unga/2019-12-18/74-185/"></FRBRuri>
          <FRBRdate date="2019-12-18" name="adoption"></FRBRdate>
          <FRBRauthor href="ga" as="author"></FRBRauthor>
          <FRBRcountry value="un"></FRBRcountry>
        </FRBRWork>
        <FRBRExpression>
          <FRBRthis value="/akn/un/statement/deliberation/unga/2019-12-18/74-185/eng@!main/"></FRBRthis>
          <FRBRuri value="/akn/un/statement/deliberation/unga/2019-12-18/74-185/eng@/"></FRBRuri>
          <FRBRdate date="2019-12-27" name="publication"></FRBRdate>
          <FRBRauthor href="ga" as="issuer"></FRBRauthor>
          <FRBRlanguage language="eng"></FRBRlanguage>
        </FRBRExpression>
        <FRBRManifestation>
          <FRBRthis value="/akn/un/statement/deliberation/unga/2019-12-18/74-185/eng@/!main.xml"></FRBRthis>
          <FRBRuri value="/akn/un/statement/deliberation/unga/2019-12-18/74-185/eng@.xml"></FRBRuri>
          <FRBRdate date="2020-07-31" name="markup"></FRBRdate>
          <FRBRauthor href="DGACM" as="editor"></FRBRauthor>
        </FRBRManifestation>
      </identification>
      <classification source="http://metadata.un.org/sdg">
        <keyword value="4" href="http://metadata.un.org/sdg/4" showAs="sdg_4" dictionary="SDGO"></keyword>
        <keyword value="education" href="http://eurovoc.europa.eu/668" showAs="education" dictionary="EuroVoc"></keyword>
        <keyword value="right_to_education" href="http://eurovoc.europa.eu/512" showAs="right_to_education" dictionary="EuroVoc"></keyword>
        <keyword value="education" href="http://metadata.un.org/thesaurus/1001893" showAs="education" dictionary="UNBIS Thesaurus"></keyword>
      </classification>
      <classification source="http://metadata.un.org/sdg">
        <keyword value="14" href="http://metadata.un.org/sdg/14" showAs="sdg_14" dictionary="SDGO"></keyword>
        <keyword value="marine_life" href="http://eurovoc.europa.eu/3149" showAs="marine_life" dictionary="EuroVoc"></keyword>
        <keyword value="marine_environment" href="http://eurovoc.europa.eu/5742" showAs="marine_environment" dictionary="EuroVoc"></keyword>
        <keyword value="ocean" href="http://eurovoc.europa.eu/2107" showAs="ocean" dictionary="EuroVoc"></keyword>
        <keyword value="sea" href="http://eurovoc.europa.eu/1870" showAs="sea" dictionary="EuroVoc"></keyword>
        <keyword value="marine_resources" href="http://metadata.un.org/thesaurus/030800" showAs="marine_resources" dictionary="UNBIS Thesaurus"></keyword>
        <keyword value="marine_resources" href="http://metadata.un.org/thesaurus/1003922" showAs="marine_resources" dictionary="UNBIS Thesaurus"></keyword>
        <keyword value="oceans_and_seas" href="http://metadata.un.org/thesaurus/170600" showAs="oceans_and_seas" dictionary="UNBIS Thesaurus"></keyword>
      </classification>
      <classification source="http://metadata.un.org/sdg">
        <keyword value="6" href="http://metadata.un.org/sdg/6" showAs="sdg_6" dictionary="SDGO"></keyword>
        <keyword value="water" href="http://eurovoc.europa.eu/597" showAs="water" dictionary="EuroVoc"></keyword>
        <keyword value="public_hygiene" href="http://eurovoc.europa.eu/3371" showAs="public_hygiene" dictionary="EuroVoc"></keyword>
        <keyword value="use_of_water" href="http://eurovoc.europa.eu/4628" showAs="use_of_water" dictionary="EuroVoc"></keyword>
        <keyword value="water" href="http://metadata.un.org/thesaurus/030500" showAs="water" dictionary="UNBIS Thesaurus"></keyword>
        <keyword value="sanitation" href="http://metadata.un.org/thesaurus/1005701" showAs="sanitation" dictionary="UNBIS Thesaurus"></keyword>
        <keyword value="water_management" href="http://metadata.un.org/thesaurus/1006948" showAs="water_management" dictionary="UNBIS Thesaurus"></keyword>
      </classification>
      <classification source="http://metadata.un.org/sdg">
        <keyword value="11" href="http://metadata.un.org/sdg/11" showAs="sdg_11" dictionary="SDGO"></keyword>
        <keyword value="urban_area" href="http://eurovoc.europa.eu/4809" showAs="urban_area" dictionary="EuroVoc"></keyword>
        <keyword value="cities" href="http://metadata.un.org/thesaurus/1000995" showAs="cities" dictionary="UNBIS Thesaurus"></keyword>
        <keyword value="human_settlements" href="http://metadata.un.org/thesaurus/1002986" showAs="human_settlements" dictionary="UNBIS Thesaurus"></keyword>
      </classification>
      <workflow source="#un">
        <step date="2019-11-08" outcome="draftResolution" as="A/C.6/74/L.15" by="introduced in the Committee by the representative of Ghana on behalf of the Bureau" />
        <step date="0001-01-01" outcome="draftResolutionAdditionalSponsors" by="" />
        <step date="0001-01-01" outcome="recommendedForAdoption" as="A/74/424" by="" refersTo="8" />
        <step date="2019-12-18" outcome="adopted" as="A/74/PV.51" by="" />
      </workflow>
      <analysis source="#un">
        <parliamentary>
          <voting outcome="adoptedWithoutVote">
            <quorum value=""></quorum>
          </voting>
        </parliamentary>
      </analysis>
      <references source="#DGACM">
        <TLCOrganization eId="source" href="/akn/ontology/organization/un/DGACM" showAs="DGACM"></TLCOrganization>
        <TLCConcept eId="dateOfIssuance" href="/akn/ontology/concept/un/dateOfIssuance" showAs="Date of issuance"></TLCConcept>
        <TLCConcept eId="dateOfAdoption" href="/akn/ontology/concept/un/dateOfAdoption" showAs="Date of adoption"></TLCConcept>
        <TLCConcept eId="symbol" href="/akn/ontology/reference/un/symbol" showAs="Symbol"></TLCConcept>
        <TLCRole eId="publisher" href="/akn/ontology/role/un/publisher" showAs="Publisher"></TLCRole>
        <TLCRole eId="issuingBody" href="/akn/role/concept/un/issuingBody" showAs="Issuing body"></TLCRole>
        <TLCRole eId="author" href="/akn/ontology/role/un/author" showAs="Author"></TLCRole>
        <TLCRole eId="editor" href="/akn/ontology/role/un/editor" showAs="Editor"></TLCRole>
        <TLCRole eId="distribution" href="/akn/ontology/concept/un/generalDistribution" showAs="General distribution"></TLCRole>
        <TLCOrganization eId="ga" href="/akn/ontology/organization/un/generalAssembly" showAs="General Assembly"></TLCOrganization>
        <TLCTerm eId="resolutionTitle" href="/akn/ontology/reference/un/resolutionTitle" showAs="Resolution title"></TLCTerm>
        <TLCTerm eId="sixthCommittee" href="#sixthCommittee" showAs="Sixth Committee"></TLCTerm>
        <TLCTerm eId="memberState" href="/akn/ontology/organization/un/memberState" showAs="Member State"></TLCTerm>
        <TLCTerm eId="inFavour" href="/akn/ontology/concept/un/voting/inFavour" showAs="In favour"></TLCTerm>
        <TLCTerm eId="against" href="/akn/ontology/concept/un/voting/against" showAs="Against"></TLCTerm>
        <TLCTerm eId="abstaining" href="/akn/ontology/concept/un/voting/abstaining" showAs="Abstaining"></TLCTerm>
      </references>
      <presentation source="#un">
        <akn4un:footerFirstPage>
          <akn4un:footerFirstPageLeft>
            <akn4un:internalCode>
              <docketNumber refersTo="#publicationJobNumber">19-22345 (E)</docketNumber>
              <img alt="bar code" class="barCode" src=""></img>
            </akn4un:internalCode>
          </akn4un:footerFirstPageLeft>
          <akn4un:footerFirstPageRight>
            <img alt="Please recycle" class="image" src="./recylcleLogo.jpg"></img>
            <img alt="embedded QR code" class="qrCode" src=""></img>
          </akn4un:footerFirstPageRight>
        </akn4un:footerFirstPage>
      </presentation>
    </meta>
    <coverPage eId="coverPage_1">
      <p>
        <span refersTo="#publisher" class="upperLeft">
          <docAuthority refersTo="#publisher">United Nations</docAuthority>
        </span>
      </p>
      <p class="upperRight">
        <docNumber refersTo="#symbol">A/RES/74/185</docNumber>
      </p>
      <p class="upperLeft">
        <img src="logo-un.jpg"></img>
        <docAuthority refersTo="#issuingBody" class="rightBig">General Assembly</docAuthority>
      </p>
      <p>
        <docStatus refersTo="#generalDistribution" class="rightSmall">Distr.: General</docStatus>
      </p>
      <p>
        <docDate date="2019-12-27" class="rightSmall" refersTo="#dateOfIssuance">27 December 2019</docDate>
      </p>
      <p>
        <session refersTo="#generalAssembly" value="74" eId="coverPage_1__session_1">Seventy-fourth session</session>
      </p>
      <p>
        <inline name="agenda item">Agenda item 78</inline>
      </p>
      <p>
        <inline name="agenda item name">United Nations Programme of Assistance in the Teaching, Study, Dissemination and Wider Appreciation of International Law</inline>
      </p>
      <p>
        <docTitle>Resolution adopted by the General Assembly on 18 December 2019</docTitle>
      </p>
      <p xml:space="preserve">
        <docProponent refersTo="#sixthCommittee">[on the report of the Sixth Committee (<inline name="originating document">A/74/424</inline>)]</docProponent>
      </p>
    </coverPage>
    <preface>
      <p>
        <docNumber>74/185.</docNumber>
        <docTitle refersTo="#resolutionTitle">United Nations Programme of Assistance in the Teaching, Study, Dissemination and Wider Appreciation of International Law</docTitle>
      </p>
    </preface>
    <preamble>
      <formula name="enactingFormula" eId="formula_1">
        <p xml:space="preserve">
          <span class="italic">The General Assembly</span>,</p>
      </formula>
      <container name="Recalling" eId="container_2">
        <p xml:space="preserve">
          <span class="italic">Recalling</span> its resolution <a href="https://undocs.org/en/A/RES/2099 (XX)">2099 (XX)</a> of 20 December 1965, in which the General Assembly established the United Nations Programme of Assistance in the Teaching, Study, Dissemination and Wider Appreciation of International Law to contribute towards a better knowledge of international law as a means of strengthening international peace and security and promoting friendly relations and cooperation among States, </p>
      </container>
      <container name="Reaffirming" eId="container_3">
        <p xml:space="preserve">
          <span class="italic">Reaffirming</span> that the Programme of Assistance is a core activity of the United Nations and that it has provided the foundation for the efforts of the United Nations to promote a better knowledge of international law for more than half a century, </p>
      </container>
      <container name="Recognizing" eId="container_4">
        <p xml:space="preserve">
          <span class="italic">Recognizing</span> the major contribution of the Programme of Assistance to the teaching and dissemination of international law for the benefit of lawyers in all countries, legal systems and regions of the world for more than half a century and the importance of ensuring the successful continuation of the Programme for the benefit of present and future generations of lawyers, </p>
      </container>
      <container name="Emphasizing" eId="container_5">
        <p xml:space="preserve">
          <span class="italic">Emphasizing</span> the important contribution of the Programme of Assistance, in particular the United Nations Regional Courses in International Law and the United Nations Audiovisual Library of International Law, to the furtherance of United Nations rule of law programmes and activities, </p>
      </container>
      <container name="Reaffirming" eId="container_6">
        <p xml:space="preserve">
          <span class="italic">Reaffirming</span> that the increasing demand for international law training and dissemination activities creates new challenges for the Programme of Assistance, </p>
      </container>
      <container name="Recognizing" eId="container_7">
        <p xml:space="preserve">
          <span class="italic">Recognizing</span> the importance of the Programme of Assistance effectively reaching its beneficiaries, including with regard to languages, while bearing in mind limitations on available resources, </p>
      </container>
      <container name="Taking note with appreciation" eId="container_8">
        <p xml:space="preserve">
          <span class="italic">Taking note with appreciation</span> of the report of the Secretary-General on the implementation of the Programme of Assistance<authorialNote marker="1" placement="bottom" eId="authorialNote_1"><p xml:space="preserve"><a href="https://undocs.org/A/74/496">A/74/496</a>.</p></authorialNote> and the views of the Advisory Committee on the United Nations Programme of Assistance in the Teaching, Study, Dissemination and Wider Appreciation of International Law, which are contained in the report, </p>
      </container>
      <container name="Noting with satisfaction" eId="container_9">
        <p xml:space="preserve">
          <span class="italic">Noting with satisfaction</span> that resources have been provided under the programme budget for the organization of the United Nations Regional Courses in International Law on an annual basis and the further development of the United Nations Audiovisual Library of International Law, </p>
      </container>
      <container name="Welcoming" eId="container_10">
        <p xml:space="preserve">
          <span class="italic">Welcoming</span> the organization, for the fourth time in the history of the Programme of Assistance, of all three of the United Nations Regional Courses in International Law, for Africa, for Asia-Pacific and for Latin America and the Caribbean, in the same calendar year, </p>
      </container>
      <container name="Noting with satisfaction" eId="container_11">
        <p xml:space="preserve">
          <span class="italic">Noting with satisfaction</span> that the Hamilton Shirley Amerasinghe Memorial Fellowship on the Law of the Sea was awarded in 2019, </p>
      </container>
      <container name="Considering" eId="container_12">
        <p xml:space="preserve">
          <span class="italic">Considering</span> that international law should occupy an appropriate place in the teaching of legal disciplines at all universities, </p>
      </container>
      <container name="Convinced" eId="container_13">
        <p xml:space="preserve">
          <span class="italic">Convinced</span> that States, international and regional organizations, universities and institutions should be encouraged to give further support to the Programme of Assistance and to increase their activities to promote the teaching, study, dissemination and wider appreciation of international law, in particular those activities which are of special benefit to persons from developing countries, </p>
      </container>
      <container name="Reaffirming" eId="container_14">
        <p xml:space="preserve">
          <span class="italic">Reaffirming</span> that in the conduct of the Programme of Assistance it would be desirable to use as far as possible the resources and facilities made available by Member States, international and regional organizations, universities, institutions and others, </p>
      </container>
      <container name="Reaffirming also" eId="container_15">
        <p xml:space="preserve">
          <span class="italic">Reaffirming also</span> the hope that, in appointing highly qualified lecturers for the seminars to be held within the framework of the fellowship programmes in international law, account would be taken of the need to secure the representation of major legal systems and balance among various geographical regions, </p>
      </container>
    </preamble>
    <mainBody>
      <paragraph eId="para_16" class="SingleTxt">
        <num>	1.</num>
        <content eId="para_16__content">
          <p xml:space="preserve">
            <span class="italic">Reiterates its approval</span> of the guidelines and recommendations contained in section III of the reports of the Secretary-General,<authorialNote marker="2" placement="bottom" eId="authorialNote_2"><p xml:space="preserve"><a href="https://undocs.org/A/70/423">A/70/423</a>, <a href="https://undocs.org/A/71/432">A/71/432</a>, <a href="https://undocs.org/A/72/517">A/72/517</a>, <a href="https://undocs.org/A/72/517/Corr.1">A/72/517/Corr.1</a>, <a href="https://undocs.org/A/73/415">A/73/415</a> and <a href="https://undocs.org/A/74/496">A/74/496</a>.</p></authorialNote> in particular those designed to strengthen and revitalize the United Nations Programme of Assistance in the Teaching, Study, Dissemination and Wider Appreciation of International Law in response to the increasing demand for international law training and dissemination activities; </p>
        </content>
      </paragraph>
      <paragraph eId="para_17" class="SingleTxt">
        <num>	2.</num>
        <content eId="para_17__content">
          <p xml:space="preserve">
            <span class="italic">Authorizes</span> the Secretary-General to carry out the activities specified in his report<sup>1</sup> in 2020, including the following activities to be financed from provisions in the regular budget: </p>
        </content>
      </paragraph>
      <paragraph eId="para_18" class="SingleTxt">
        <content eId="para_18__content">
          <p xml:space="preserve">	(a)	The International Law Fellowship Programme, with a minimum of 20 fellowships; </p>
        </content>
      </paragraph>
      <paragraph eId="para_19" class="SingleTxt">
        <content eId="para_19__content">
          <p xml:space="preserve">	(b)	The United Nations Regional Courses in International Law for Africa, for Asia-Pacific and for Latin America and the Caribbean, with a minimum of 20 fellowships for each course; </p>
        </content>
      </paragraph>
      <paragraph eId="para_20" class="SingleTxt">
        <content eId="para_20__content">
          <p xml:space="preserve">	(c)	The United Nations Audiovisual Library of International Law, including its continuation and further development; </p>
        </content>
      </paragraph>
      <paragraph eId="para_21" class="SingleTxt">
        <content eId="para_21__content">
          <p xml:space="preserve">	(d)	The dissemination of legal publications and lectures of the Audiovisual Library to developing countries to the extent that there are sufficient resources; </p>
        </content>
      </paragraph>
      <paragraph eId="para_22" class="SingleTxt">
        <num>	3.</num>
        <content eId="para_22__content">
          <p xml:space="preserve">
            <span class="italic">Also authorizes</span> the Secretary-General to further expand the activities referred to in paragraph 2 above, to be financed from voluntary contributions received pursuant to paragraphs 16, 25 and 26 below; </p>
        </content>
      </paragraph>
      <paragraph eId="para_23" class="SingleTxt">
        <num>	4.</num>
        <content eId="para_23__content">
          <p xml:space="preserve">
            <span class="italic">Commends</span> the Codification Division of the Office of Legal Affairs of the Secretariat for the cost-saving measures undertaken with regard to the International Law Fellowship Programme and the United Nations Regional Courses in International Law to increase the number of fellowships for the training programmes financed from provisions in the regular budget, taking into account the number of applications for these programmes; </p>
        </content>
      </paragraph>
      <paragraph eId="para_24" class="SingleTxt">
        <num>	5.</num>
        <content eId="para_24__content">
          <p xml:space="preserve">
            <span class="italic">Authorizes</span> the Secretary-General to award additional fellowships for the training programmes from available resources under the programme budget for the Programme of Assistance and from voluntary contributions received pursuant to paragraph 26 below; </p>
        </content>
      </paragraph>
      <paragraph eId="para_25" class="SingleTxt">
        <num>	6.</num>
        <content eId="para_25__content">
          <p xml:space="preserve">
            <span class="italic">Requests</span> the Secretary-General to consider admitting, for participation in the training programmes, self-funded candidates present in the host country or from countries willing to bear the entire cost of their participation; </p>
        </content>
      </paragraph>
      <paragraph eId="para_26" class="SingleTxt">
        <num>	7.</num>
        <content eId="para_26__content">
          <p xml:space="preserve">
            <span class="italic">Authorizes</span> the Secretary-General to award a minimum of one scholarship in 2020 under the Hamilton Shirley Amerasinghe Memorial Fellowship on the Law of the Sea, subject to the availability of funds from voluntary contributions; </p>
        </content>
      </paragraph>
      <paragraph eId="para_27" class="SingleTxt">
        <num>	8.</num>
        <content eId="para_27__content">
          <p xml:space="preserve">
            <span class="italic">Requests</span> the Secretary-General to continue to include resources under the proposed programme budget for 2021 for the International Law Fellowship Programme, the United Nations Regional Courses in International Law for Africa, for Asia-Pacific and for Latin America and the Caribbean and for the continuation and further development of the United Nations Audiovisual Library of International Law;</p>
        </content>
      </paragraph>
      <paragraph eId="para_28" class="SingleTxt">
        <num>	9.</num>
        <content eId="para_28__content">
          <p xml:space="preserve">
            <span class="italic">Expresses its appreciation</span> to the Secretary-General for the activities conducted under the Programme of Assistance and, in particular, for the efforts to strengthen, expand and enhance the international law training and dissemination activities within the framework of the Programme in 2019; </p>
        </content>
      </paragraph>
      <paragraph eId="para_29" class="SingleTxt">
        <num>	10.</num>
        <content eId="para_29__content">
          <p xml:space="preserve">
            <span class="italic">Also expresses its appreciation</span> to the Secretary-General for supporting the establishment of an alumni network of participants of the training programmes organized under the Programme of Assistance;</p>
        </content>
      </paragraph>
      <paragraph eId="para_30" class="SingleTxt">
        <num>	11.</num>
        <content eId="para_30__content">
          <p xml:space="preserve">
            <span class="italic">Commends</span> the Secretary-General for the continuation and further development of the United Nations Audiovisual Library of International Law as a major contribution to the teaching and dissemination of international law around the world, and notes with appreciation the efforts of the Codification Division to enhance the accessibility of the Audiovisual Library by making all lectures in the Lecture Series available as podcasts; </p>
        </content>
      </paragraph>
      <paragraph eId="para_31" class="SingleTxt">
        <num>	12.</num>
        <content eId="para_31__content">
          <p xml:space="preserve">
            <span class="italic">Recognizes</span> the importance of the United Nations legal publications prepared by the Office of Legal Affairs, and once again requests the Secretary-General to issue the publications referred to in his previous report<authorialNote marker="3" placement="bottom" eId="authorialNote_3"><p xml:space="preserve">	 	A/70/423, para. 45.</p></authorialNote> in various formats, including hard copy publications, which are essential for developing countries; </p>
        </content>
      </paragraph>
      <paragraph eId="para_32" class="SingleTxt">
        <num>	13.</num>
        <content eId="para_32__content">
          <p xml:space="preserve">
            <span class="italic">Expresses its appreciation</span> for the efforts undertaken by the Codification Division to bring up to date the United Nations legal publications, which greatly enhanced the timely issuance thereof and made possible the preparation of legal training materials, and encourages the Division to continue to explore ways of sustaining such efforts into the next budget cycle, subject to the availability of resources; </p>
        </content>
      </paragraph>
      <paragraph eId="para_33" class="SingleTxt">
        <num>	14.</num>
        <content eId="para_33__content">
          <p xml:space="preserve">
            <span class="italic">Notes with satisfaction</span> the issuance of volume XXXII of the <span class="italic">Reports of International Arbitral Awards</span>; </p>
        </content>
      </paragraph>
      <paragraph eId="para_34" class="SingleTxt">
        <num>	15.</num>
        <content eId="para_34__content">
          <p xml:space="preserve">
            <span class="italic">Expresses its appreciation</span> for the issuance of the English-language edition of the <span class="italic">International Law Handbook: Collection of Instruments</span> as a valuable resource for international law education on a broad range of core subjects of international law in its training programmes and for academic institutions in developing countries to promote international law education in those countries; </p>
        </content>
      </paragraph>
      <paragraph eId="para_35" class="SingleTxt">
        <num>	16.</num>
        <content eId="para_35__content">
          <p xml:space="preserve">
            <span class="italic">Also expresses its appreciation</span> for the issuance of the <span class="italic">Recueil de droit international: Collection d’instruments</span>, the French language equivalent of the <span class="italic">International Law Handbook</span>, and requests Member States to provide the voluntary contributions necessary to ensure the completion of such a handbook in the other official languages of the United Nations, as well as its dissemination in developing countries;</p>
        </content>
      </paragraph>
      <paragraph eId="para_36" class="SingleTxt">
        <num>	17.</num>
        <content eId="para_36__content">
          <p xml:space="preserve">
            <span class="italic">Requests</span> the Codification Division to continue to maintain and expand its websites listed in the annex to the report of the Secretary-General as an invaluable tool for the dissemination of international law materials as well as for advanced legal research; </p>
        </content>
      </paragraph>
      <paragraph eId="para_37" class="SingleTxt">
        <num>	18.</num>
        <content eId="para_37__content">
          <p xml:space="preserve">
            <span class="italic">Requests</span> that interns and research assistants be enlisted for the preparation of materials for the United Nations Audiovisual Library of International Law; </p>
        </content>
      </paragraph>
      <paragraph eId="para_38" class="SingleTxt">
        <num>	19.</num>
        <content eId="para_38__content">
          <p xml:space="preserve">
            <span class="italic">Welcomes</span> the efforts of the Codification Division to revitalize and conduct the United Nations Regional Courses in International Law as an important training activity; </p>
        </content>
      </paragraph>
      <paragraph eId="para_39" class="SingleTxt">
        <num>	20.</num>
        <content eId="para_39__content">
          <p xml:space="preserve">
            <span class="italic">Expresses its appreciation</span> to Ethiopia, Chile and Thailand for hosting the United Nations Regional Courses in International Law for Africa, for Latin America and the Caribbean and for Asia-Pacific in 2019; </p>
        </content>
      </paragraph>
      <paragraph eId="para_40" class="SingleTxt">
        <num>	21.</num>
        <content eId="para_40__content">
          <p xml:space="preserve">
            <span class="italic">Expresses its appreciation</span> to the African Union for the valuable contribution it continues to make to the United Nations Regional Course in International Law for Africa; </p>
        </content>
      </paragraph>
      <paragraph eId="para_41" class="SingleTxt">
        <num>	22.</num>
        <content eId="para_41__content">
          <p xml:space="preserve">
            <span class="italic">Once again encourages</span> the Codification Division to cooperate with the African Institute of International Law, dedicated to offering higher learning and research in international law needed for the development of Africa, in the implementation of the relevant activities under the Programme of Assistance; </p>
        </content>
      </paragraph>
      <paragraph eId="para_42" class="SingleTxt">
        <num>	23.</num>
        <content eId="para_42__content">
          <p xml:space="preserve">
            <span class="italic">Expresses its appreciation</span> to the Hague Academy of International Law for the valuable contribution it continues to make to the Programme of Assistance, which has enabled candidates under the International Law Fellowship Programme to attend and participate in the Fellowship Programme in conjunction with courses at the Academy; </p>
        </content>
      </paragraph>
      <paragraph eId="para_43" class="SingleTxt">
        <num>	24.</num>
        <content eId="para_43__content">
          <p xml:space="preserve">
            <span class="italic">Notes with appreciation</span> the contributions of the Hague Academy to the teaching, study, dissemination and wider appreciation of international law, and calls upon Member States and interested organizations to give favourable consideration to the appeal of the Academy for a continuation of support and a possible increase in their financial contributions, to enable the Academy to carry out its activities, particularly those relating to the summer and winter courses, regional courses and programmes of the Centre for Studies and Research in International Law and International Relations; </p>
        </content>
      </paragraph>
      <paragraph eId="para_44" class="SingleTxt">
        <num>	25.</num>
        <content eId="para_44__content">
          <p xml:space="preserve">
            <span class="italic">Requests</span> the Secretary-General to continue to publicize the Programme of Assistance and periodically to invite Member States, universities, philanthropic foundations and other interested national and international institutions and organizations, as well as individuals, to make voluntary contributions towards the financing of the Programme or otherwise to assist in its implementation and possible expansion; </p>
        </content>
      </paragraph>
      <paragraph eId="para_45" class="SingleTxt">
        <num>	26.</num>
        <content eId="para_45__content">
          <p xml:space="preserve">
            <span class="italic">Reiterates its request</span> to Member States and interested organizations, institutions and individuals to make voluntary contributions for the United Nations Audiovisual Library of International Law and for the United Nations Regional Courses in International Law organized by the Codification Division as an important complement to the International Law Fellowship Programme; </p>
        </content>
      </paragraph>
      <paragraph eId="para_46" class="SingleTxt">
        <num>	27.</num>
        <content eId="para_46__content">
          <p xml:space="preserve">
            <span class="italic">Expresses its appreciation</span> to those Member States that have made voluntary contributions to support the Programme of Assistance; </p>
        </content>
      </paragraph>
      <paragraph eId="para_47" class="SingleTxt">
        <num>	28.</num>
        <content eId="para_47__content">
          <p xml:space="preserve">
            <span class="italic">Decides</span> to appoint 25 Member States, 6 from African States, 5 from Asia-Pacific States, 3 from Eastern European States, 5 from Latin American and Caribbean States and 6 from Western European and other States, as members of the Advisory Committee on the United Nations Programme of Assistance in the Teaching, Study, Dissemination and Wider Appreciation of International Law for a period of four years, beginning on 1 January 2020;<authorialNote marker="4" placement="bottom" eId="authorialNote_4"><p xml:space="preserve">	 	The following States have been appointed members of the Advisory Committee on the Programme of Assistance: Argentina, Canada, Chile, Ethiopia, France, Ghana, Iran (Islamic Republic of), Israel, Italy, Kenya, Lebanon, Malaysia, Mexico, Nigeria, Pakistan, Poland, Portugal, Russian Federation, Singapore, Slovakia, Sudan, Trinidad and Tobago, United Republic of Tanzania, United States of America and Uruguay.</p></authorialNote></p>
        </content>
      </paragraph>
      <paragraph eId="para_48" class="SingleTxt">
        <num>	29.</num>
        <content eId="para_48__content">
          <p xml:space="preserve">
            <span class="italic">Requests</span> the Secretary-General to report to the General Assembly at its seventy-fifth session on the implementation of the Programme of Assistance in 2020 and, following consultations with the Advisory Committee on the Programme of Assistance, to submit recommendations regarding the Programme in subsequent years; </p>
        </content>
      </paragraph>
      <paragraph eId="para_49" class="MercuryDocument">
        <num>	30.</num>
        <content eId="para_49__content">
          <p xml:space="preserve">
            <span class="italic">Decides</span> to include in the provisional agenda of its seventy-fifth session the item entitled “United Nations Programme of Assistance in the Teaching, Study, Dissemination and Wider Appreciation of International Law”.</p>
        </content>
      </paragraph>
    </mainBody>
    <conclusions eId="conclusions">
      <p>
        <inline name="adoptionMeeting" title="51st">51st plenary meeting</inline>
        <eol />
        <docDate date="2019-12-18" refersTo="#adoptionDate">18 December 2019</docDate>
      </p>
    </conclusions>
  </statement>
</akomaNtoso>