<akomaNtoso xmlns:xsi="http://www.w3.org/2001/XMLSchema-instance" xsi:schemaLocation="http://docs.oasis-open.org/legaldocml/ns/akn/3.0 http://docs.oasis-open.org/legaldocml/akn-core/v1.0/os/part2-specs/schemas/akomantoso30.xsd" xmlns="http://docs.oasis-open.org/legaldocml/ns/akn/3.0" xmlns:html="http://www.w3.org/1999/xhtml" xmlns:akn4un="http://un.org/akn4un">
  <statement name="resolution">
    <meta>
      <identification source="#DGACM">
        <FRBRWork>
          <FRBRthis value="/akn/un/statement/deliberation/unga/2019-12-18/74-180/!main/"></FRBRthis>
          <FRBRuri value="/akn/un/statement/deliberation/unga/2019-12-18/74-180/"></FRBRuri>
          <FRBRdate date="2019-12-18" name="adoption"></FRBRdate>
          <FRBRauthor href="ga" as="author"></FRBRauthor>
          <FRBRcountry value="un"></FRBRcountry>
        </FRBRWork>
        <FRBRExpression>
          <FRBRthis value="/akn/un/statement/deliberation/unga/2019-12-18/74-180/eng@!main/"></FRBRthis>
          <FRBRuri value="/akn/un/statement/deliberation/unga/2019-12-18/74-180/eng@/"></FRBRuri>
          <FRBRdate date="2019-12-27" name="publication"></FRBRdate>
          <FRBRauthor href="ga" as="issuer"></FRBRauthor>
          <FRBRlanguage language="eng"></FRBRlanguage>
        </FRBRExpression>
        <FRBRManifestation>
          <FRBRthis value="/akn/un/statement/deliberation/unga/2019-12-18/74-180/eng@/!main.xml"></FRBRthis>
          <FRBRuri value="/akn/un/statement/deliberation/unga/2019-12-18/74-180/eng@.xml"></FRBRuri>
          <FRBRdate date="2020-07-31" name="markup"></FRBRdate>
          <FRBRauthor href="DGACM" as="editor"></FRBRauthor>
        </FRBRManifestation>
      </identification>
      <workflow source="#un">
        <step date="2019-11-12" outcome="draftResolution" as="A/C.6/74/L.16" by="introduced in the Committee by the representative of Brazil on behalf of the Bureau" />
        <step date="0001-01-01" outcome="draftResolutionAdditionalSponsors" by="" />
        <step date="0001-01-01" outcome="recommendedForAdoption" as="A/74/421" by="" refersTo="10" />
        <step date="2019-12-18" outcome="adopted" as="A/74/PV.51" by="" />
      </workflow>
      <analysis source="#un">
        <parliamentary>
          <voting outcome="adoptedWithoutVote">
            <quorum value=""></quorum>
          </voting>
        </parliamentary>
      </analysis>
      <references source="#DGACM">
        <TLCOrganization eId="source" href="/akn/ontology/organization/un/DGACM" showAs="DGACM"></TLCOrganization>
        <TLCConcept eId="dateOfIssuance" href="/akn/ontology/concept/un/dateOfIssuance" showAs="Date of issuance"></TLCConcept>
        <TLCConcept eId="dateOfAdoption" href="/akn/ontology/concept/un/dateOfAdoption" showAs="Date of adoption"></TLCConcept>
        <TLCConcept eId="symbol" href="/akn/ontology/reference/un/symbol" showAs="Symbol"></TLCConcept>
        <TLCRole eId="publisher" href="/akn/ontology/role/un/publisher" showAs="Publisher"></TLCRole>
        <TLCRole eId="issuingBody" href="/akn/role/concept/un/issuingBody" showAs="Issuing body"></TLCRole>
        <TLCRole eId="author" href="/akn/ontology/role/un/author" showAs="Author"></TLCRole>
        <TLCRole eId="editor" href="/akn/ontology/role/un/editor" showAs="Editor"></TLCRole>
        <TLCRole eId="distribution" href="/akn/ontology/concept/un/generalDistribution" showAs="General distribution"></TLCRole>
        <TLCOrganization eId="ga" href="/akn/ontology/organization/un/generalAssembly" showAs="General Assembly"></TLCOrganization>
        <TLCTerm eId="resolutionTitle" href="/akn/ontology/reference/un/resolutionTitle" showAs="Resolution title"></TLCTerm>
        <TLCTerm eId="sixthCommittee" href="#sixthCommittee" showAs="Sixth Committee"></TLCTerm>
        <TLCTerm eId="memberState" href="/akn/ontology/organization/un/memberState" showAs="Member State"></TLCTerm>
        <TLCTerm eId="inFavour" href="/akn/ontology/concept/un/voting/inFavour" showAs="In favour"></TLCTerm>
        <TLCTerm eId="against" href="/akn/ontology/concept/un/voting/against" showAs="Against"></TLCTerm>
        <TLCTerm eId="abstaining" href="/akn/ontology/concept/un/voting/abstaining" showAs="Abstaining"></TLCTerm>
      </references>
      <presentation source="#un">
        <akn4un:footerFirstPage>
          <akn4un:footerFirstPageLeft>
            <akn4un:internalCode>
              <docketNumber refersTo="#publicationJobNumber">19-22339 (E)</docketNumber>
              <img alt="bar code" class="barCode" src=""></img>
            </akn4un:internalCode>
          </akn4un:footerFirstPageLeft>
          <akn4un:footerFirstPageRight>
            <img alt="Please recycle" class="image" src="./recylcleLogo.jpg"></img>
            <img alt="embedded QR code" class="qrCode" src=""></img>
          </akn4un:footerFirstPageRight>
        </akn4un:footerFirstPage>
      </presentation>
    </meta>
    <coverPage eId="coverPage_1">
      <p>
        <span refersTo="#publisher" class="upperLeft">
          <docAuthority refersTo="#publisher">United Nations</docAuthority>
        </span>
      </p>
      <p class="upperRight">
        <docNumber refersTo="#symbol">A/RES/74/180</docNumber>
      </p>
      <p class="upperLeft">
        <img src="logo-un.jpg"></img>
        <docAuthority refersTo="#issuingBody" class="rightBig">General Assembly</docAuthority>
      </p>
      <p>
        <docStatus refersTo="#generalDistribution" class="rightSmall">Distr.: General</docStatus>
      </p>
      <p>
        <docDate date="2019-12-27" class="rightSmall" refersTo="#dateOfIssuance">27 December 2019</docDate>
      </p>
      <p>
        <session refersTo="#generalAssembly" value="74" eId="coverPage_1__session_1">Seventy-fourth session</session>
      </p>
      <p>
        <inline name="agenda item">Agenda item 75</inline>
      </p>
      <p>
        <inline name="agenda item name">Responsibility of States for internationally wrongful acts</inline>
      </p>
      <p>
        <docTitle>Resolution adopted by the General Assembly on 18 December 2019</docTitle>
      </p>
      <p xml:space="preserve">
        <docProponent refersTo="#sixthCommittee">[on the report of the Sixth Committee (<inline name="originating document">A/74/421</inline>)]</docProponent>
      </p>
    </coverPage>
    <preface>
      <p>
        <docNumber>74/180.</docNumber>
        <docTitle refersTo="#resolutionTitle">Responsibility of States for internationally wrongful acts</docTitle>
      </p>
    </preface>
    <preamble>
      <formula name="enactingFormula" eId="formula_1">
        <p xml:space="preserve">
          <span class="italic">The General Assembly</span>,</p>
      </formula>
      <container name="Recalling" eId="container_2">
        <p xml:space="preserve">
          <span class="italic">Recalling</span> its resolution <a href="https://undocs.org/A/RES/56/83">56/83</a> of 12 December 2001, the annex to which contains the text of the articles on responsibility of States for internationally wrongful acts, recalling also the report of the International Law Commission on the work of its fifty-third session,<authorialNote marker="1" placement="bottom" eId="authorialNote_1"><p xml:space="preserve"><span class="italic">Official Records of the General Assembly, Fifty-sixth Session, Supplement No. 10</span> and corrigendum (<a href="https://undocs.org/A/56/10">A/56/10</a> and <a href="https://undocs.org/A/56/10/Corr.1">A/56/10/Corr.1</a>).</p></authorialNote> and recalling further its resolutions <a href="https://undocs.org/A/RES/59/35">59/35</a> of 2 December 2004, <a href="https://undocs.org/A/RES/62/61">62/61</a> of 6 December 2007, <a href="https://undocs.org/A/RES/65/19">65/19</a> of 6 December 2010, <a href="https://undocs.org/A/RES/68/104">68/104</a> of 16 December 2013 and <a href="https://undocs.org/A/RES/71/133">71/133</a> of 13 December 2016 commending the articles to the attention of Governments,</p>
      </container>
      <container name="Emphasizing" eId="container_3">
        <p xml:space="preserve">
          <span class="italic">Emphasizing</span> the continuing importance of the codification and progressive development of international law, as referred to in Article 13, paragraph 1 (a), of the Charter of the United Nations,</p>
      </container>
      <container name="Noting" eId="container_4">
        <p xml:space="preserve">
          <span class="italic">Noting</span> that the subject of responsibility of States for internationally wrongful acts is of major importance in relations between States,</p>
      </container>
      <container name="Noting with appreciation" eId="container_5">
        <p xml:space="preserve">
          <span class="italic">Noting with appreciation</span> the compilation of decisions of international courts, tribunals and other bodies referring to the articles, prepared by the Secretary-General,<authorialNote marker="2" placement="bottom" eId="authorialNote_2"><p xml:space="preserve">	 	See <a href="https://undocs.org/A/62/62">A/62/62</a>, <a href="https://undocs.org/A/62/62/Corr.1">A/62/62/Corr.1</a>, <a href="https://undocs.org/A/62/62/Add.1">A/62/62/Add.1</a>, <a href="https://undocs.org/A/65/76">A/65/76</a>, <a href="https://undocs.org/A/68/72">A/68/72</a>, <a href="https://undocs.org/A/71/80">A/71/80</a>, <a href="https://undocs.org/A/71/80/Add.1">A/71/80/Add.1</a> and <a href="https://undocs.org/A/74/83">A/74/83</a>.</p></authorialNote></p>
      </container>
      <container name="Noting" eId="container_6">
        <p xml:space="preserve">
          <span class="italic">Noting</span> the discussion on whether Member States should examine all procedural options regarding possible action on the basis of the articles,</p>
      </container>
      <container name="Noting also" eId="container_7">
        <p xml:space="preserve">
          <span class="italic">Noting also</span> the informal substantive dialogue among Member States during the period between the seventy-first and the seventy-fourth sessions of the General Assembly,</p>
      </container>
    </preamble>
    <mainBody>
      <paragraph eId="para_8" class="SingleTxt">
        <num>	1.</num>
        <content eId="para_8__content">
          <p xml:space="preserve">
            <span class="italic">Continues to acknowledge</span> the importance and usefulness of the articles on responsibility of States for internationally wrongful acts,<authorialNote marker="3" placement="bottom" eId="authorialNote_3"><p xml:space="preserve">	 	Resolution <a href="https://undocs.org/en/A/RES/56/83">56/83</a>, annex.</p></authorialNote> and commends them once again to the attention of Governments, without prejudice to the question of their future adoption or other appropriate action;</p>
        </content>
      </paragraph>
      <paragraph eId="para_9" class="SingleTxt">
        <num>	2.</num>
        <content eId="para_9__content">
          <p xml:space="preserve">
            <span class="italic">Requests</span> the Secretary-General to invite Governments to submit further written comments on any future action regarding the articles;</p>
        </content>
      </paragraph>
      <paragraph eId="para_10" class="SingleTxt">
        <num>	3.</num>
        <content eId="para_10__content">
          <p xml:space="preserve">
            <span class="italic">Takes note</span> of the comments and observations of Governments<authorialNote marker="4" placement="bottom" eId="authorialNote_4"><p xml:space="preserve">	 	See <a href="https://undocs.org/A/62/63">A/62/63</a>, <a href="https://undocs.org/A/62/63/Add.1">A/62/63/Add.1</a>, <a href="https://undocs.org/A/65/96">A/65/96</a>, <a href="https://undocs.org/A/65/96/Add.1">A/65/96/Add.1</a>, <a href="https://undocs.org/A/68/69">A/68/69</a>, <a href="https://undocs.org/A/68/69/Add.1">A/68/69/Add.1</a>, <a href="https://undocs.org/A/71/79">A/71/79</a> and A/74/156.</p></authorialNote> and the discussions held in the Sixth Committee, at the fifty-sixth, fifty-ninth, sixty-second, sixty-fifth, sixty-eighth, seventy-first and seventy-fourth sessions of the General Assembly, on responsibility of States for internationally wrongful acts;</p>
        </content>
      </paragraph>
      <paragraph eId="para_11" class="SingleTxt">
        <num>	4.</num>
        <content eId="para_11__content">
          <p xml:space="preserve">
            <span class="italic">Acknowledges</span> that a growing number of decisions of international courts, tribunals and other bodies refer to the articles;</p>
        </content>
      </paragraph>
      <paragraph eId="para_12" class="SingleTxt">
        <num>	5.</num>
        <content eId="para_12__content">
          <p xml:space="preserve">
            <span class="italic">Requests</span> the Secretary-General to update the technical report listing, in a tabular format, the references to the articles contained in the compilation of decisions of international courts, tribunals and other bodies referring to the articles prepared since 2001, as well as references to the articles made in submissions presented by Member States before international courts, tribunals and other bodies since 2001, and further requests the Secretary-General to submit such material during its seventy-seventh session;</p>
        </content>
      </paragraph>
      <paragraph eId="para_13" class="SingleTxt">
        <num>	6.</num>
        <content eId="para_13__content">
          <p xml:space="preserve">
            <span class="italic">Acknowledges</span> the possibility of requesting, at its seventy-seventh session, the Secretary-General to provide the General Assembly with information on all procedural options regarding possible action on the basis of the articles, without prejudice to the question of whether such possible action is appropriate;</p>
        </content>
      </paragraph>
      <paragraph eId="para_14" class="SingleTxt">
        <num>	7.</num>
        <content eId="para_14__content">
          <p xml:space="preserve">
            <span class="italic">Requests</span> the Secretary-General to update the compilation of decisions of international courts, tribunals and other bodies referring to the articles and to invite Governments to submit information on their practice in this regard, and also requests the Secretary-General to submit such material well in advance of its seventy-seventh session;</p>
        </content>
      </paragraph>
      <paragraph eId="para_15" class="SingleTxt">
        <num>	8.</num>
        <content eId="para_15__content">
          <p xml:space="preserve">
            <span class="italic">Acknowledges</span> the constructive dialogue in the context of the working group of the Sixth Committee during the seventy-fourth session of the General Assembly, and encourages all Member States to continue the substantive dialogue on an informal basis during the period prior to the seventy-seventh session of the Assembly;</p>
        </content>
      </paragraph>
      <paragraph eId="para_16" class="MercuryDocument">
        <num>	9.</num>
        <content eId="para_16__content">
          <p xml:space="preserve">
            <span class="italic">Decides</span> to include in the provisional agenda of its seventy-seventh session the item entitled “Responsibility of States for internationally wrongful acts” and to further examine, within the framework of a working group of the Sixth Committee and with a view to taking a decision, the question of a convention on responsibility of States for internationally wrongful acts or other appropriate action on the basis of the articles.</p>
        </content>
      </paragraph>
    </mainBody>
    <conclusions eId="conclusions">
      <p>
        <inline name="adoptionMeeting" title="51st">51st plenary meeting</inline>
        <eol />
        <docDate date="2019-12-18" refersTo="#adoptionDate">18 December 2019</docDate>
      </p>
    </conclusions>
  </statement>
</akomaNtoso>