<akomaNtoso xmlns:xsi="http://www.w3.org/2001/XMLSchema-instance" xsi:schemaLocation="http://docs.oasis-open.org/legaldocml/ns/akn/3.0 http://docs.oasis-open.org/legaldocml/akn-core/v1.0/os/part2-specs/schemas/akomantoso30.xsd" xmlns="http://docs.oasis-open.org/legaldocml/ns/akn/3.0" xmlns:html="http://www.w3.org/1999/xhtml" xmlns:akn4un="http://un.org/akn4un">
  <statement name="resolution">
    <meta>
      <identification source="#DGACM">
        <FRBRWork>
          <FRBRthis value="/akn/un/statement/deliberation/unga/2019-12-13/74-103/!main/"></FRBRthis>
          <FRBRuri value="/akn/un/statement/deliberation/unga/2019-12-13/74-103/"></FRBRuri>
          <FRBRdate date="2019-12-13" name="adoption"></FRBRdate>
          <FRBRauthor href="ga" as="author"></FRBRauthor>
          <FRBRcountry value="un"></FRBRcountry>
        </FRBRWork>
        <FRBRExpression>
          <FRBRthis value="/akn/un/statement/deliberation/unga/2019-12-13/74-103/eng@!main/"></FRBRthis>
          <FRBRuri value="/akn/un/statement/deliberation/unga/2019-12-13/74-103/eng@/"></FRBRuri>
          <FRBRdate date="2019-12-27" name="publication"></FRBRdate>
          <FRBRauthor href="ga" as="issuer"></FRBRauthor>
          <FRBRlanguage language="eng"></FRBRlanguage>
        </FRBRExpression>
        <FRBRManifestation>
          <FRBRthis value="/akn/un/statement/deliberation/unga/2019-12-13/74-103/eng@/!main.xml"></FRBRthis>
          <FRBRuri value="/akn/un/statement/deliberation/unga/2019-12-13/74-103/eng@.xml"></FRBRuri>
          <FRBRdate date="2020-07-31" name="markup"></FRBRdate>
          <FRBRauthor href="DGACM" as="editor"></FRBRauthor>
        </FRBRManifestation>
      </identification>
      <classification source="http://metadata.un.org/sdg">
        <keyword value="3" href="http://metadata.un.org/sdg/3" showAs="sdg_3" dictionary="SDGO"></keyword>
        <keyword value="public_health" href="http://eurovoc.europa.eu/3885" showAs="public_health" dictionary="EuroVoc"></keyword>
        <keyword value="health" href="http://metadata.un.org/thesaurus/1002824" showAs="health" dictionary="UNBIS Thesaurus"></keyword>
      </classification>
      <classification source="http://metadata.un.org/sdg">
        <keyword value="14" href="http://metadata.un.org/sdg/14" showAs="sdg_14" dictionary="SDGO"></keyword>
        <keyword value="marine_life" href="http://eurovoc.europa.eu/3149" showAs="marine_life" dictionary="EuroVoc"></keyword>
        <keyword value="marine_environment" href="http://eurovoc.europa.eu/5742" showAs="marine_environment" dictionary="EuroVoc"></keyword>
        <keyword value="ocean" href="http://eurovoc.europa.eu/2107" showAs="ocean" dictionary="EuroVoc"></keyword>
        <keyword value="sea" href="http://eurovoc.europa.eu/1870" showAs="sea" dictionary="EuroVoc"></keyword>
        <keyword value="marine_resources" href="http://metadata.un.org/thesaurus/030800" showAs="marine_resources" dictionary="UNBIS Thesaurus"></keyword>
        <keyword value="marine_resources" href="http://metadata.un.org/thesaurus/1003922" showAs="marine_resources" dictionary="UNBIS Thesaurus"></keyword>
        <keyword value="oceans_and_seas" href="http://metadata.un.org/thesaurus/170600" showAs="oceans_and_seas" dictionary="UNBIS Thesaurus"></keyword>
      </classification>
      <classification source="http://metadata.un.org/sdg">
        <keyword value="12" href="http://metadata.un.org/sdg/12" showAs="sdg_12" dictionary="SDGO"></keyword>
        <keyword value="consumption" href="http://eurovoc.europa.eu/139" showAs="consumption" dictionary="EuroVoc"></keyword>
        <keyword value="production" href="http://eurovoc.europa.eu/2707" showAs="production" dictionary="EuroVoc"></keyword>
        <keyword value="sustainable_consumption" href="http://metadata.un.org/thesaurus/1006318" showAs="sustainable_consumption" dictionary="UNBIS Thesaurus"></keyword>
        <keyword value="consumption" href="http://metadata.un.org/thesaurus/1001264" showAs="consumption" dictionary="UNBIS Thesaurus"></keyword>
        <keyword value="production" href="http://metadata.un.org/thesaurus/1005146" showAs="production" dictionary="UNBIS Thesaurus"></keyword>
      </classification>
      <workflow source="#un">
        <step date="0001-01-01" outcome="draftResolution" by="submitted by the Special Committee on the Situation with regard to the Implementation of the Declaration on the Granting of Independence to Colonial Countries and Peoples" />
        <step date="0001-01-01" outcome="draftResolutionAdditionalSponsors" by="" />
        <step date="0001-01-01" outcome="recommendedForAdoption" as="A/74/418" by="" refersTo="39" />
        <step date="2019-12-13" outcome="adopted" as="A/74/PV.47" by="" />
      </workflow>
      <analysis source="#un">
        <parliamentary>
          <voting outcome="adoptedWithoutVote">
            <quorum value=""></quorum>
          </voting>
        </parliamentary>
      </analysis>
      <references source="#DGACM">
        <TLCOrganization eId="source" href="/akn/ontology/organization/un/DGACM" showAs="DGACM"></TLCOrganization>
        <TLCConcept eId="dateOfIssuance" href="/akn/ontology/concept/un/dateOfIssuance" showAs="Date of issuance"></TLCConcept>
        <TLCConcept eId="dateOfAdoption" href="/akn/ontology/concept/un/dateOfAdoption" showAs="Date of adoption"></TLCConcept>
        <TLCConcept eId="symbol" href="/akn/ontology/reference/un/symbol" showAs="Symbol"></TLCConcept>
        <TLCRole eId="publisher" href="/akn/ontology/role/un/publisher" showAs="Publisher"></TLCRole>
        <TLCRole eId="issuingBody" href="/akn/role/concept/un/issuingBody" showAs="Issuing body"></TLCRole>
        <TLCRole eId="author" href="/akn/ontology/role/un/author" showAs="Author"></TLCRole>
        <TLCRole eId="editor" href="/akn/ontology/role/un/editor" showAs="Editor"></TLCRole>
        <TLCRole eId="distribution" href="/akn/ontology/concept/un/generalDistribution" showAs="General distribution"></TLCRole>
        <TLCOrganization eId="ga" href="/akn/ontology/organization/un/generalAssembly" showAs="General Assembly"></TLCOrganization>
        <TLCTerm eId="resolutionTitle" href="/akn/ontology/reference/un/resolutionTitle" showAs="Resolution title"></TLCTerm>
        <TLCTerm eId="fourthCommittee" href="#fourthCommittee" showAs="Special Political and Decolonization Committee"></TLCTerm>
        <TLCTerm eId="memberState" href="/akn/ontology/organization/un/memberState" showAs="Member State"></TLCTerm>
        <TLCTerm eId="inFavour" href="/akn/ontology/concept/un/voting/inFavour" showAs="In favour"></TLCTerm>
        <TLCTerm eId="against" href="/akn/ontology/concept/un/voting/against" showAs="Against"></TLCTerm>
        <TLCTerm eId="abstaining" href="/akn/ontology/concept/un/voting/abstaining" showAs="Abstaining"></TLCTerm>
      </references>
      <presentation source="#un">
        <akn4un:footerFirstPage>
          <akn4un:footerFirstPageLeft>
            <akn4un:internalCode>
              <docketNumber refersTo="#publicationJobNumber">19-21920 (E)</docketNumber>
              <img alt="bar code" class="barCode" src=""></img>
            </akn4un:internalCode>
          </akn4un:footerFirstPageLeft>
          <akn4un:footerFirstPageRight>
            <img alt="Please recycle" class="image" src="./recylcleLogo.jpg"></img>
            <img alt="embedded QR code" class="qrCode" src=""></img>
          </akn4un:footerFirstPageRight>
        </akn4un:footerFirstPage>
      </presentation>
    </meta>
    <coverPage eId="coverPage_1">
      <p>
        <span refersTo="#publisher" class="upperLeft">
          <docAuthority refersTo="#publisher">United Nations</docAuthority>
        </span>
      </p>
      <p class="upperRight">
        <docNumber refersTo="#symbol">A/RES/74/103</docNumber>
      </p>
      <p class="upperLeft">
        <img src="logo-un.jpg"></img>
        <docAuthority refersTo="#issuingBody" class="rightBig">General Assembly</docAuthority>
      </p>
      <p>
        <docStatus refersTo="#generalDistribution" class="rightSmall">Distr.: General</docStatus>
      </p>
      <p>
        <docDate date="2019-12-27" class="rightSmall" refersTo="#dateOfIssuance">27 December 2019</docDate>
      </p>
      <p>
        <session refersTo="#generalAssembly" value="74" eId="coverPage_1__session_1">Seventy-fourth session</session>
      </p>
      <p>
        <inline name="agenda item">Agenda item 59</inline>
      </p>
      <p>
        <inline name="agenda item name">Implementation of the Declaration on the Granting of Independence to Colonial Countries and Peoples</inline>
      </p>
      <p>
        <docTitle>Resolution adopted by the General Assembly on 13 December 2019</docTitle>
      </p>
      <p xml:space="preserve">
        <docProponent refersTo="#fourthCommittee">[on the report of the Special Political and Decolonization Committee (Fourth Committee) (<inline name="originating document">A/74/418</inline>)]</docProponent>
      </p>
    </coverPage>
    <preface>
      <p>
        <docNumber>74/103.</docNumber>
        <docTitle refersTo="#resolutionTitle">Question of French Polynesia</docTitle>
      </p>
    </preface>
    <preamble>
      <formula name="enactingFormula" eId="formula_1">
        <p xml:space="preserve">
          <span class="italic">The General Assembly</span>,</p>
      </formula>
      <container name="Having considered" eId="container_2">
        <p xml:space="preserve">
          <span class="italic">Having considered</span> the question of French Polynesia,</p>
      </container>
      <container name="Having examined" eId="container_3">
        <p xml:space="preserve">
          <span class="italic">Having examined</span> the chapter of the report of the Special Committee on the Situation with regard to the Implementation of the Declaration on the Granting of Independence to Colonial Countries and Peoples for 2019 relating to French Polynesia,<authorialNote marker="1" placement="bottom" eId="authorialNote_1"><p xml:space="preserve"><span class="italic">Official Records of the General Assembly, Seventy-fourth Session, Supplement No. 23</span> (<a href="https://undocs.org/en/A/74/23">A/74/23</a>), chap. IX.</p></authorialNote></p>
      </container>
      <container name="Taking note" eId="container_4">
        <p xml:space="preserve">
          <span class="italic">Taking note</span> of the working paper prepared by the Secretariat on French Polynesia<authorialNote marker="2" placement="bottom" eId="authorialNote_2"><p xml:space="preserve"><a href="https://undocs.org/en/A/AC.109/2019/7">A/AC.109/2019/7</a>.</p></authorialNote> and other relevant information,</p>
      </container>
      <container name="Reaffirming" eId="container_5">
        <p xml:space="preserve">
          <span class="italic">Reaffirming</span> the right of peoples to self-determination, as enshrined in the Charter of the United Nations and in accordance with all relevant resolutions, including General Assembly resolutions <a href="https://undocs.org/en/A/RES/1514 (XV)">1514 (XV)</a> of 14 December 1960 and <a href="https://undocs.org/en/A/RES/1541 (XV)">1541</a><a href="https://undocs.org/en/A/RES/1541 (XV)"> </a><a href="https://undocs.org/en/A/RES/1541 (XV)">(XV)</a> of 15 December 1960,</p>
      </container>
      <container name="Recalling" eId="container_6">
        <p xml:space="preserve">
          <span class="italic">Recalling</span> its resolution <a href="https://undocs.org/en/A/RES/67/265">67/265</a> of 17 May 2013, entitled “Self-determination of French Polynesia”, in which it affirmed the inalienable right of the people of French Polynesia to self-determination and independence in accordance with Chapter XI of the Charter and its resolution <a href="https://undocs.org/en/A/RES/1514 (XV)">1514 (XV)</a>, recognized that French Polynesia remains a Non-Self-Governing Territory within the meaning of the Charter and declared that an obligation exists under Article 73 <span class="italic">e</span> of the Charter on the part of the Government of France, as the administering Power of the Territory, to transmit information on French Polynesia,</p>
      </container>
      <container name="Taking note" eId="container_7">
        <p xml:space="preserve">
          <span class="italic">Taking note</span> of the section related to French Polynesia of the Final Document of the Eighteenth Midterm Ministerial Meeting of the Movement of Non-Aligned Countries, held in Baku from 3 to 6 April 2018, </p>
      </container>
      <container name="Expressing concern" eId="container_8">
        <p xml:space="preserve">
          <span class="italic">Expressing concern</span> that 59 years after the adoption of the Declaration on the Granting of Independence to Colonial Countries and Peoples,<authorialNote marker="3" placement="bottom" eId="authorialNote_3"><p xml:space="preserve">	 	Resolution <a href="https://undocs.org/en/A/RES/1514 (XV)">1514 (XV)</a>.</p></authorialNote> there still remain 17 Non-Self-Governing Territories, including French Polynesia,</p>
      </container>
      <container name="Recognizing" eId="container_9">
        <p xml:space="preserve">
          <span class="italic">Recognizing</span> that all available options for self-determination of the Territories are valid as long as they are in accordance with the freely expressed wishes of the peoples concerned, on a case-by-case basis and in conformity with the clearly defined principles contained in General Assembly resolutions <a href="https://undocs.org/en/A/RES/1514 (XV)">1514 (XV)</a>, <a href="https://undocs.org/en/A/RES/1541 (XV)">1541 (XV)</a> and other relevant resolutions of the Assembly,</p>
      </container>
      <container name="Recognizing also" eId="container_10">
        <p xml:space="preserve">
          <span class="italic">Recognizing also</span> that the specific characteristics and the aspirations of the people of French Polynesia require flexible, practical and innovative approaches to the options for self-determination, without any prejudice to territorial size, geographical location, size of population or natural resources,</p>
      </container>
      <container name="Reaffirming" eId="container_11">
        <p xml:space="preserve">
          <span class="italic">Reaffirming</span> the inalienable rights of the people of French Polynesia to the ownership, control and disposal of their natural resources, including marine resources and undersea minerals,</p>
      </container>
      <container name="Conscious" eId="container_12">
        <p xml:space="preserve">
          <span class="italic">Conscious</span> of the responsibility of the administering Power to ensure the full and speedy implementation of the Declaration in respect of French Polynesia,</p>
      </container>
      <container name="Mindful" eId="container_13">
        <p xml:space="preserve">
          <span class="italic">Mindful</span> that, in order for the Special Committee to enhance its understanding of the political status of the peoples of the Territories and to fulfil its mandate effectively, on a case-by-case basis, it is important for it to be apprised by the administering Powers and to receive information from other appropriate sources, including the representatives of the Territories, concerning the wishes and aspirations of the people of the Territories,</p>
      </container>
      <container name="Recognizing" eId="container_14">
        <p xml:space="preserve">
          <span class="italic">Recognizing</span> the significant health and environmental impacts of nuclear testing conducted by the administering Power in the Territory over a 30-year period, and recognizing also the concerns in the Territory related to the consequences of those activities for the lives and health of the people, especially children and vulnerable groups, as well as the environment of the region, and bearing in mind General Assembly resolution <a href="https://undocs.org/en/A/RES/73/261">73/261</a> of 22 December 2018, entitled “Effects of atomic radiation”,</p>
      </container>
      <container name="Recalling" eId="container_15">
        <p xml:space="preserve">
          <span class="italic">Recalling</span> the report of the Secretary-General on the environmental, ecological, health and other impacts of the 30-year period of nuclear testing in French Polynesia,<authorialNote marker="4" placement="bottom" eId="authorialNote_4"><p xml:space="preserve"><a href="https://undocs.org/en/A/72/74">A/72/74</a>.</p></authorialNote> prepared pursuant to paragraph 7 of General Assembly resolution <a href="https://undocs.org/en/A/RES/71/120">71/120</a> of 6 December 2016,</p>
      </container>
      <container name="Noting" eId="container_16">
        <p xml:space="preserve">
          <span class="italic">Noting</span> that, in February 2017, the administering Power amended the Act concerning the recognition and compensating of victims of nuclear tests<authorialNote marker="5" placement="bottom" eId="authorialNote_5"><p xml:space="preserve">	 	Act No. 2010–2 of 5 January 2010 concerning the recognition and compensating of victims of nuclear tests.</p></authorialNote> in order to allow for the compensation of a larger number of victims,</p>
      </container>
      <container name="Recognizing" eId="container_17">
        <p xml:space="preserve">
          <span class="italic">Recognizing</span> the need for the Special Committee to ensure that the appropriate bodies of the United Nations actively pursue a public awareness campaign aimed at assisting the peoples of the Territories in gaining a better understanding of the options for self-determination,</p>
      </container>
      <container name="Recalling" eId="container_18">
        <p xml:space="preserve">
          <span class="italic">Recalling</span> the admission of French Polynesia as a full member of the Pacific Islands Forum at the forty-seventh Pacific Islands Forum, convened in Pohnpei, Federated States of Micronesia, from 8 to 10 September 2016,</p>
      </container>
      <container name="Taking note" eId="container_19">
        <p xml:space="preserve">
          <span class="italic">Taking note</span> of the statement made by the President of French Polynesia in the Special Political and Decolonization Committee (Fourth Committee), at the seventy-third session of the General Assembly, in October 2018,</p>
      </container>
      <container name="Taking note also" eId="container_20">
        <p xml:space="preserve">
          <span class="italic">Taking note also</span> of the participation of a representative of the Government of the Territory in the regional seminar, which in 2019 was held in Grand Anse, Grenada, from 2 to 4 May,</p>
      </container>
      <container name="Noting" eId="container_21">
        <p xml:space="preserve">
          <span class="italic">Noting</span> the invitation extended by the President of French Polynesia to the Special Committee to send a visiting mission to the Territory, as reiterated by his representative at the 2019 session of the Special Committee,</p>
      </container>
      <container name="Stressing" eId="container_22">
        <p xml:space="preserve">
          <span class="italic">Stressing</span> the importance of regional ties for the development of a small island Territory, </p>
      </container>
      <container name="Noting" eId="container_23">
        <p xml:space="preserve">
          <span class="italic">Noting</span> the legislative elections that were held in April and May 2018,</p>
      </container>
    </preamble>
    <mainBody>
      <paragraph eId="para_24" class="SingleTxt">
        <num>	1.</num>
        <content eId="para_24__content">
          <p xml:space="preserve">
            <span class="italic">Reaffirms</span> the inalienable right of the people of French Polynesia to self-determination, in conformity with the Charter of the United Nations and with General Assembly resolution <a href="https://undocs.org/en/A/RES/1514 (XV)">1514 (XV)</a>, containing the Declaration on the Granting of Independence to Colonial Countries and Peoples;</p>
        </content>
      </paragraph>
      <paragraph eId="para_25" class="SingleTxt">
        <num>	2.</num>
        <content eId="para_25__content">
          <p xml:space="preserve">
            <span class="italic">Also reaffirms</span> that it is ultimately for the people of French Polynesia to determine freely their future political status in accordance with the relevant provisions of the Charter, the Declaration and the relevant resolutions of the General Assembly, and in that connection calls upon the administering Power, in cooperation with the territorial Government and appropriate bodies of the United Nations system, to develop political education programmes for the Territory in order to foster an awareness among the people of French Polynesia of their right to self-determination in conformity with the legitimate political status options, based on the principles clearly defined in Assembly resolution <a href="https://undocs.org/en/A/RES/1541 (XV)">1541 (XV)</a> and other relevant resolutions and decisions;</p>
        </content>
      </paragraph>
      <paragraph eId="para_26" class="SingleTxt">
        <num>	3.</num>
        <content eId="para_26__content">
          <p xml:space="preserve">
            <span class="italic">Recalls</span> the statement made by a representative of the Government of the Territory at the 2019 Caribbean regional seminar reaffirming its previous calls to delist French Polynesia from the list of Non-Self-Governing Territories, and takes note of resolution No. 2013-3, adopted by the Assembly of French Polynesia on 30 May 2013, which repealed the resolution of the Assembly adopted in 2011 requesting the reinscription of French Polynesia on that list; </p>
        </content>
      </paragraph>
      <paragraph eId="para_27" class="SingleTxt">
        <num>	4.</num>
        <content eId="para_27__content">
          <p xml:space="preserve">
            <span class="italic">Reaffirms</span>, in this regard, General Assembly resolution <a href="https://undocs.org/en/A/RES/67/265">67/265</a>, which provided for the reinscription of French Polynesia on the list of Non-Self-Governing Territories, and takes careful note of an independent self-governance assessment of the Territory, presented to the Special Political and Decolonization Committee (Fourth Committee) on 4 October 2016,<authorialNote marker="6" placement="bottom" eId="authorialNote_6"><p xml:space="preserve">	 	See <a href="https://undocs.org/en/A/C.4/71/SR.3">A/C.4/71/SR.3</a>, paras. 71–72.</p></authorialNote> that the Territory did not meet the full measure of self-government; </p>
        </content>
      </paragraph>
      <paragraph eId="para_28" class="SingleTxt">
        <num>	5.</num>
        <content eId="para_28__content">
          <p xml:space="preserve">
            <span class="italic">Calls upon</span> the administering Power to participate in and cooperate fully with the work of the Special Committee on the Situation with regard to the Implementation of the Declaration on the Granting of Independence to Colonial Countries and Peoples in order to implement the provisions of Article 73 <span class="italic">e</span> of the Charter and the Declaration and in order to advise the Special Committee on the implementation of the provisions under Article 73 <span class="italic">b</span> of the Charter on efforts to promote self-government in French Polynesia, and encourages the administering Power to facilitate visiting and special missions to the Territory;</p>
        </content>
      </paragraph>
      <paragraph eId="para_29" class="SingleTxt">
        <num>	6.</num>
        <content eId="para_29__content">
          <p xml:space="preserve">
            <span class="italic">Also calls upon</span> the administering Power to facilitate a visiting mission to the Territory, and requests the Chair of the Special Committee to take all the steps necessary to that end;</p>
        </content>
      </paragraph>
      <paragraph eId="para_30" class="SingleTxt">
        <num>	7.</num>
        <content eId="para_30__content">
          <p xml:space="preserve">
            <span class="italic">Regrets</span> that the administering Power has not responded to the request to submit information on French Polynesia under Article 73 <span class="italic">e</span> of the Charter since the reinscription of the Territory by the General Assembly in 2013; </p>
        </content>
      </paragraph>
      <paragraph eId="para_31" class="SingleTxt">
        <num>	8.</num>
        <content eId="para_31__content">
          <p xml:space="preserve">
            <span class="italic">Reaffirms</span> that an obligation exists on the part of the administering Power to transmit information under Chapter XI of the Charter, and requests the administering Power to transmit to the Secretary-General such information on French Polynesia as called for under the Charter; </p>
        </content>
      </paragraph>
      <paragraph eId="para_32" class="SingleTxt">
        <num>	9.</num>
        <content eId="para_32__content">
          <p xml:space="preserve">
            <span class="italic">Urges</span> the administering Power to ensure the permanent sovereignty of the people of French Polynesia over their natural resources, including marine resources and undersea minerals, in accordance with the relevant resolutions of the General Assembly; </p>
        </content>
      </paragraph>
      <paragraph eId="para_33" class="SingleTxt">
        <num>	10.</num>
        <content eId="para_33__content">
          <p xml:space="preserve">
            <span class="italic">Takes note</span> of the efforts made by the administering Power concerning the recognition and compensation of victims of nuclear tests, and in that regard encourages the administering Power to take steps to this effect;</p>
        </content>
      </paragraph>
      <paragraph eId="para_34" class="SingleTxt">
        <num>	11.</num>
        <content eId="para_34__content">
          <p xml:space="preserve">
            <span class="italic">Reiterates its request</span> to the Secretary-General to provide continuous updates on the environmental, ecological, health and other impacts of the 30-year period of nuclear testing in French Polynesia, in follow-up to the report of the Secretary-General on the matter,<sup>4</sup> prepared pursuant to paragraph 7 of General Assembly resolution <a href="https://undocs.org/en/A/RES/71/120">71/120</a>; </p>
        </content>
      </paragraph>
      <paragraph eId="para_35" class="SingleTxt">
        <num>	12.</num>
        <content eId="para_35__content">
          <p xml:space="preserve">
            <span class="italic">Calls upon</span> the administering Power to intensify its dialogue with French Polynesia in order to facilitate rapid progress towards a fair and effective self-determination process, under which the terms and timelines for an act of self-determination would be agreed;</p>
        </content>
      </paragraph>
      <paragraph eId="para_36" class="SingleTxt">
        <num>	13.</num>
        <content eId="para_36__content">
          <p xml:space="preserve">
            <span class="italic">Requests</span> the Special Committee to continue to examine the question of the Non-Self-Governing Territory of French Polynesia and to report thereon to the General Assembly at its seventy-fifth session.</p>
        </content>
      </paragraph>
    </mainBody>
    <conclusions eId="conclusions">
      <p>
        <inline name="adoptionMeeting" title="47th">47th plenary meeting</inline>
        <eol />
        <docDate date="2019-12-13" refersTo="#adoptionDate">13 December 2019</docDate>
      </p>
    </conclusions>
  </statement>
</akomaNtoso>