<akomaNtoso xmlns:xsi="http://www.w3.org/2001/XMLSchema-instance" xsi:schemaLocation="http://docs.oasis-open.org/legaldocml/ns/akn/3.0 http://docs.oasis-open.org/legaldocml/akn-core/v1.0/os/part2-specs/schemas/akomantoso30.xsd" xmlns="http://docs.oasis-open.org/legaldocml/ns/akn/3.0" xmlns:html="http://www.w3.org/1999/xhtml" xmlns:akn4un="http://un.org/akn4un">
  <statement name="resolution">
    <meta>
      <identification source="#DGACM">
        <FRBRWork>
          <FRBRthis value="/akn/un/statement/deliberation/unga/2019-12-13/74-107/!main/"></FRBRthis>
          <FRBRuri value="/akn/un/statement/deliberation/unga/2019-12-13/74-107/"></FRBRuri>
          <FRBRdate date="2019-12-13" name="adoption"></FRBRdate>
          <FRBRauthor href="ga" as="author"></FRBRauthor>
          <FRBRcountry value="un"></FRBRcountry>
        </FRBRWork>
        <FRBRExpression>
          <FRBRthis value="/akn/un/statement/deliberation/unga/2019-12-13/74-107/eng@!main/"></FRBRthis>
          <FRBRuri value="/akn/un/statement/deliberation/unga/2019-12-13/74-107/eng@/"></FRBRuri>
          <FRBRdate date="2019-12-27" name="publication"></FRBRdate>
          <FRBRauthor href="ga" as="issuer"></FRBRauthor>
          <FRBRlanguage language="eng"></FRBRlanguage>
        </FRBRExpression>
        <FRBRManifestation>
          <FRBRthis value="/akn/un/statement/deliberation/unga/2019-12-13/74-107/eng@/!main.xml"></FRBRthis>
          <FRBRuri value="/akn/un/statement/deliberation/unga/2019-12-13/74-107/eng@.xml"></FRBRuri>
          <FRBRdate date="2020-07-31" name="markup"></FRBRdate>
          <FRBRauthor href="DGACM" as="editor"></FRBRauthor>
        </FRBRManifestation>
      </identification>
      <classification source="http://metadata.un.org/sdg">
        <keyword value="6" href="http://metadata.un.org/sdg/6" showAs="sdg_6" dictionary="SDGO"></keyword>
        <keyword value="water" href="http://eurovoc.europa.eu/597" showAs="water" dictionary="EuroVoc"></keyword>
        <keyword value="public_hygiene" href="http://eurovoc.europa.eu/3371" showAs="public_hygiene" dictionary="EuroVoc"></keyword>
        <keyword value="use_of_water" href="http://eurovoc.europa.eu/4628" showAs="use_of_water" dictionary="EuroVoc"></keyword>
        <keyword value="water" href="http://metadata.un.org/thesaurus/030500" showAs="water" dictionary="UNBIS Thesaurus"></keyword>
        <keyword value="sanitation" href="http://metadata.un.org/thesaurus/1005701" showAs="sanitation" dictionary="UNBIS Thesaurus"></keyword>
        <keyword value="water_management" href="http://metadata.un.org/thesaurus/1006948" showAs="water_management" dictionary="UNBIS Thesaurus"></keyword>
      </classification>
      <classification source="http://metadata.un.org/sdg">
        <keyword value="14" href="http://metadata.un.org/sdg/14" showAs="sdg_14" dictionary="SDGO"></keyword>
        <keyword value="marine_life" href="http://eurovoc.europa.eu/3149" showAs="marine_life" dictionary="EuroVoc"></keyword>
        <keyword value="marine_environment" href="http://eurovoc.europa.eu/5742" showAs="marine_environment" dictionary="EuroVoc"></keyword>
        <keyword value="ocean" href="http://eurovoc.europa.eu/2107" showAs="ocean" dictionary="EuroVoc"></keyword>
        <keyword value="sea" href="http://eurovoc.europa.eu/1870" showAs="sea" dictionary="EuroVoc"></keyword>
        <keyword value="marine_resources" href="http://metadata.un.org/thesaurus/030800" showAs="marine_resources" dictionary="UNBIS Thesaurus"></keyword>
        <keyword value="marine_resources" href="http://metadata.un.org/thesaurus/1003922" showAs="marine_resources" dictionary="UNBIS Thesaurus"></keyword>
        <keyword value="oceans_and_seas" href="http://metadata.un.org/thesaurus/170600" showAs="oceans_and_seas" dictionary="UNBIS Thesaurus"></keyword>
      </classification>
      <classification source="http://metadata.un.org/sdg">
        <keyword value="16" href="http://metadata.un.org/sdg/16" showAs="sdg_16" dictionary="SDGO"></keyword>
        <keyword value="right_to_justice" href="http://eurovoc.europa.eu/516" showAs="right_to_justice" dictionary="EuroVoc"></keyword>
        <keyword value="sustainable_development" href="http://eurovoc.europa.eu/5585" showAs="sustainable_development" dictionary="EuroVoc"></keyword>
        <keyword value="civil_society" href="http://metadata.un.org/thesaurus/1001012" showAs="civil_society" dictionary="UNBIS Thesaurus"></keyword>
        <keyword value="justice" href="http://metadata.un.org/thesaurus/1003500" showAs="justice" dictionary="UNBIS Thesaurus"></keyword>
        <keyword value="peaceful_coexistence" href="http://metadata.un.org/thesaurus/1004777" showAs="peaceful_coexistence" dictionary="UNBIS Thesaurus"></keyword>
        <keyword value="public_institutions" href="http://metadata.un.org/thesaurus/1005254" showAs="public_institutions" dictionary="UNBIS Thesaurus"></keyword>
        <keyword value="social_justice" href="http://metadata.un.org/thesaurus/1005970" showAs="social_justice" dictionary="UNBIS Thesaurus"></keyword>
        <keyword value="sustainable_development" href="http://metadata.un.org/thesaurus/1006319" showAs="sustainable_development" dictionary="UNBIS Thesaurus"></keyword>
      </classification>
      <classification source="http://metadata.un.org/sdg">
        <keyword value="17" href="http://metadata.un.org/sdg/17" showAs="sdg_17" dictionary="SDGO"></keyword>
        <keyword value="sustainable_development" href="http://eurovoc.europa.eu/5585" showAs="sustainable_development" dictionary="EuroVoc"></keyword>
        <keyword value="partnership" href="http://eurovoc.europa.eu/4199" showAs="partnership" dictionary="EuroVoc"></keyword>
        <keyword value="sustainable_development" href="http://metadata.un.org/thesaurus/1006319" showAs="sustainable_development" dictionary="UNBIS Thesaurus"></keyword>
        <keyword value="partnership" href="http://metadata.un.org/thesaurus/1004748" showAs="partnership" dictionary="UNBIS Thesaurus"></keyword>
      </classification>
      <workflow source="#un">
        <step date="0001-01-01" outcome="draftResolution" by="submitted by the Special Committee on the Situation with regard to the Implementation of the Declaration on the Granting of Independence to Colonial Countries and Peoples" />
        <step date="0001-01-01" outcome="draftResolutionAdditionalSponsors" by="" />
        <step date="0001-01-01" outcome="recommendedForAdoption" as="A/74/418" by="" refersTo="39" />
        <step date="2019-12-13" outcome="adopted" as="A/74/PV.47" by="" />
      </workflow>
      <analysis source="#un">
        <parliamentary>
          <voting outcome="adoptedWithoutVote">
            <quorum value=""></quorum>
          </voting>
        </parliamentary>
      </analysis>
      <references source="#DGACM">
        <TLCOrganization eId="source" href="/akn/ontology/organization/un/DGACM" showAs="DGACM"></TLCOrganization>
        <TLCConcept eId="dateOfIssuance" href="/akn/ontology/concept/un/dateOfIssuance" showAs="Date of issuance"></TLCConcept>
        <TLCConcept eId="dateOfAdoption" href="/akn/ontology/concept/un/dateOfAdoption" showAs="Date of adoption"></TLCConcept>
        <TLCConcept eId="symbol" href="/akn/ontology/reference/un/symbol" showAs="Symbol"></TLCConcept>
        <TLCRole eId="publisher" href="/akn/ontology/role/un/publisher" showAs="Publisher"></TLCRole>
        <TLCRole eId="issuingBody" href="/akn/role/concept/un/issuingBody" showAs="Issuing body"></TLCRole>
        <TLCRole eId="author" href="/akn/ontology/role/un/author" showAs="Author"></TLCRole>
        <TLCRole eId="editor" href="/akn/ontology/role/un/editor" showAs="Editor"></TLCRole>
        <TLCRole eId="distribution" href="/akn/ontology/concept/un/generalDistribution" showAs="General distribution"></TLCRole>
        <TLCOrganization eId="ga" href="/akn/ontology/organization/un/generalAssembly" showAs="General Assembly"></TLCOrganization>
        <TLCTerm eId="resolutionTitle" href="/akn/ontology/reference/un/resolutionTitle" showAs="Resolution title"></TLCTerm>
        <TLCTerm eId="fourthCommittee" href="#fourthCommittee" showAs="Special Political and Decolonization Committee"></TLCTerm>
        <TLCTerm eId="memberState" href="/akn/ontology/organization/un/memberState" showAs="Member State"></TLCTerm>
        <TLCTerm eId="inFavour" href="/akn/ontology/concept/un/voting/inFavour" showAs="In favour"></TLCTerm>
        <TLCTerm eId="against" href="/akn/ontology/concept/un/voting/against" showAs="Against"></TLCTerm>
        <TLCTerm eId="abstaining" href="/akn/ontology/concept/un/voting/abstaining" showAs="Abstaining"></TLCTerm>
      </references>
      <presentation source="#un">
        <akn4un:footerFirstPage>
          <akn4un:footerFirstPageLeft>
            <akn4un:internalCode>
              <docketNumber refersTo="#publicationJobNumber">19-21926 (E)</docketNumber>
              <img alt="bar code" class="barCode" src=""></img>
            </akn4un:internalCode>
          </akn4un:footerFirstPageLeft>
          <akn4un:footerFirstPageRight>
            <img alt="Please recycle" class="image" src="./recylcleLogo.jpg"></img>
            <img alt="embedded QR code" class="qrCode" src=""></img>
          </akn4un:footerFirstPageRight>
        </akn4un:footerFirstPage>
      </presentation>
    </meta>
    <coverPage eId="coverPage_1">
      <p>
        <span refersTo="#publisher" class="upperLeft">
          <docAuthority refersTo="#publisher">United Nations</docAuthority>
        </span>
      </p>
      <p class="upperRight">
        <docNumber refersTo="#symbol">A/RES/74/107</docNumber>
      </p>
      <p class="upperLeft">
        <img src="logo-un.jpg"></img>
        <docAuthority refersTo="#issuingBody" class="rightBig">General Assembly</docAuthority>
      </p>
      <p>
        <docStatus refersTo="#generalDistribution" class="rightSmall">Distr.: General</docStatus>
      </p>
      <p>
        <docDate date="2019-12-27" class="rightSmall" refersTo="#dateOfIssuance">27 December 2019</docDate>
      </p>
      <p>
        <session refersTo="#generalAssembly" value="74" eId="coverPage_1__session_1">Seventy-fourth session</session>
      </p>
      <p>
        <inline name="agenda item">Agenda item 59</inline>
      </p>
      <p>
        <inline name="agenda item name">Implementation of the Declaration on the Granting of Independence to Colonial Countries and Peoples</inline>
      </p>
      <p>
        <docTitle>Resolution adopted by the General Assembly on 13 December 2019</docTitle>
      </p>
      <p xml:space="preserve">
        <docProponent refersTo="#fourthCommittee">[on the report of the Special Political and Decolonization Committee (Fourth Committee) (<inline name="originating document">A/74/418</inline>)]</docProponent>
      </p>
    </coverPage>
    <preface>
      <p>
        <docNumber>74/107.</docNumber>
        <docTitle refersTo="#resolutionTitle">Question of Pitcairn</docTitle>
      </p>
    </preface>
    <preamble>
      <formula name="enactingFormula" eId="formula_1">
        <p xml:space="preserve">
          <span class="italic">The General Assembly</span>,</p>
      </formula>
      <container name="Having considered" eId="container_2">
        <p xml:space="preserve">
          <span class="italic">Having considered</span> the question of Pitcairn and examined the relevant chapter of the report of the Special Committee on the Situation with regard to the Implementation of the Declaration on the Granting of Independence to Colonial Countries and Peoples for 2019,<authorialNote marker="1" placement="bottom" eId="authorialNote_1"><p xml:space="preserve"><span class="italic">Official Records of the General Assembly, Seventy-fourth Session, Supplement No. 23</span> (<a href="https://undocs.org/en/A/74/23">A/74/23</a>), chap. X.</p></authorialNote></p>
      </container>
      <container name="Taking note" eId="container_3">
        <p xml:space="preserve">
          <span class="italic">Taking note</span> of the working paper prepared by the Secretariat on Pitcairn<authorialNote marker="2" placement="bottom" eId="authorialNote_2"><p xml:space="preserve"><a href="https://undocs.org/en/A/AC.109/2019/12">A/AC.109/2019/12</a>.</p></authorialNote> and other relevant information,</p>
      </container>
      <container name="Recognizing" eId="container_4">
        <p xml:space="preserve">
          <span class="italic">Recognizing</span> that all available options for self-determination of the Territory are valid as long as they are in accordance with the freely expressed wishes of the people of Pitcairn and in conformity with the clearly defined principles contained in General Assembly resolutions <a href="https://undocs.org/en/A/RES/1514 (XV)">1514 (XV)</a> of 14 December 1960, <a href="https://undocs.org/en/A/RES/1541 (XV)">1541 (XV)</a> of 15 December 1960 and other resolutions of the Assembly, </p>
      </container>
      <container name="Expressing concern" eId="container_5">
        <p xml:space="preserve">
          <span class="italic">Expressing concern</span> that 59 years after the adoption of the Declaration on the Granting of Independence to Colonial Countries and Peoples,<authorialNote marker="3" placement="bottom" eId="authorialNote_3"><p xml:space="preserve">	 	Resolution <a href="https://undocs.org/en/A/RES/1514 (XV)">1514 (XV)</a>.</p></authorialNote> there still remain 17 Non-Self-Governing Territories, including Pitcairn, </p>
      </container>
      <container name="Conscious" eId="container_6">
        <p xml:space="preserve">
          <span class="italic">Conscious</span> of the importance of continuing the effective implementation of the Declaration, taking into account the target set by the United Nations to eradicate colonialism by 2020 and the plans of action for the Second<authorialNote marker="4" placement="bottom" eId="authorialNote_4"><p xml:space="preserve"><a href="https://undocs.org/en/A/56/61">A/56/61</a>, annex.</p></authorialNote> and Third International Decades for the Eradication of Colonialism, </p>
      </container>
      <container name="Recognizing" eId="container_7">
        <p xml:space="preserve">
          <span class="italic">Recognizing</span> that the specific characteristics and the aspirations of the people of Pitcairn require flexible, practical and innovative approaches to the options for self-determination, without any prejudice to territorial size, geographical location, size of population or natural resources, </p>
      </container>
      <container name="Convinced" eId="container_8">
        <p xml:space="preserve">
          <span class="italic">Convinced</span> that the wishes and aspirations of the people of the Territory should continue to guide the development of their future political status and that referendums, free and fair elections and other forms of popular consultation play an important role in ascertaining the wishes and aspirations of the people, </p>
      </container>
      <container name="Concerned" eId="container_9">
        <p xml:space="preserve">
          <span class="italic">Concerned</span> by the use and exploitation of the natural resources of the Non-Self-Governing Territories by the administering Powers for their benefit, by the use of the Territories as international financial centres to the detriment of the world economy and by the consequences of any economic activities of the administering Powers that are contrary to the interests of the people of the Territories, as well as to resolution <a href="https://undocs.org/en/A/RES/1514 (XV)">1514 (XV)</a>, </p>
      </container>
      <container name="Convinced" eId="container_10">
        <p xml:space="preserve">
          <span class="italic">Convinced</span> that any negotiations to determine the status of the Territory must take place with the active involvement and participation of the people of the Territory, under the auspices of the United Nations, on a case-by-case basis, and that the views of the people of Pitcairn in respect of their right to self-determination should be ascertained, </p>
      </container>
      <container name="Noting" eId="container_11">
        <p xml:space="preserve">
          <span class="italic">Noting</span> the continued cooperation of the Non-Self-Governing Territories at the local and regional levels, including participation in the work of regional organizations, </p>
      </container>
      <container name="Mindful" eId="container_12">
        <p xml:space="preserve">
          <span class="italic">Mindful</span> that, in order for the Special Committee to enhance its understanding of the political status of the people of Pitcairn and to fulfil its mandate effectively, it is important for it to be apprised by the United Kingdom of Great Britain and Northern Ireland as the administering Power and to receive information from other appropriate sources, including the representatives of the Territory, concerning the wishes and aspirations of the people of the Territory, </p>
      </container>
      <container name="Aware" eId="container_13">
        <p xml:space="preserve">
          <span class="italic">Aware</span> of the importance both to Pitcairn and to the Special Committee of the participation of elected and appointed representatives of Pitcairn in the work of the Committee, </p>
      </container>
      <container name="Recognizing" eId="container_14">
        <p xml:space="preserve">
          <span class="italic">Recognizing</span> the need for the Special Committee to ensure that the appropriate bodies of the United Nations actively pursue a public awareness campaign aimed at assisting the people of Pitcairn with their inalienable right to self-determination and in gaining a better understanding of the options for self-determination, on a case-by-case basis,</p>
      </container>
      <container name="Mindful" eId="container_15">
        <p xml:space="preserve">
          <span class="italic">Mindful</span>, in that connection, that the holding of regional seminars in the Caribbean and Pacific regions and at Headquarters, with the active participation of representatives of the Non-Self-Governing Territories, provides a helpful means for the Special Committee to fulfil its mandate and that the regional nature of the seminars, which alternate between the Caribbean and the Pacific, is a crucial element in the context of a United Nations programme for ascertaining the political status of the Territories,</p>
      </container>
      <container name="Welcoming" eId="container_16">
        <p xml:space="preserve">
          <span class="italic">Welcoming</span> the Caribbean regional seminar on the theme “Implementation of the Third International Decade for the Eradication of Colonialism: accelerating decolonization through renewed commitment and pragmatic measures”, held by the Special Committee in Grand Anse, Grenada, and hosted by the Government of Grenada from 2 to 4 May 2019, as a significant and forward-looking event, which enabled the participants to assess progress made and address challenges faced in the decolonization process, review the existing working methods of the Committee and renew its commitment to implementing its historic task, </p>
      </container>
      <container name="Recognizing" eId="container_17">
        <p xml:space="preserve">
          <span class="italic">Recognizing</span> the importance of the conclusions and recommendations adopted by the seminar, which are annexed to the report of the Special Committee<authorialNote marker="5" placement="bottom" eId="authorialNote_5"><p xml:space="preserve"><span class="italic">Official Records of the General Assembly, Seventy-fourth Session, Supplement No. 23</span> (<a href="https://undocs.org/en/A/74/23">A/74/23</a>).</p></authorialNote> and which outline the findings of the seminar, including, especially, the way forward for the decolonization process within the context of the proclamation by the General Assembly of the period 2011–2020 as the Third International Decade for the Eradication of Colonialism,<authorialNote marker="6" placement="bottom" eId="authorialNote_6"><p xml:space="preserve">	 	See resolution <a href="https://undocs.org/en/A/RES/65/119">65/119</a>.</p></authorialNote></p>
      </container>
      <container name="Noting with serious concern" eId="container_18">
        <p xml:space="preserve">
          <span class="italic">Noting with serious concern</span> that the Territory last participated in the activities of the Special Committee in 2004, </p>
      </container>
      <container name="Taking into account" eId="container_19">
        <p xml:space="preserve">
          <span class="italic">Taking into account</span> the unique character of Pitcairn in terms of population, area and access, </p>
      </container>
      <container name="Aware" eId="container_20">
        <p xml:space="preserve">
          <span class="italic">Aware</span> that the administering Power and the territorial Government have implemented a governance structure to strengthen administrative capacity in the Territory, based on consultations with the people of the Territory, </p>
      </container>
      <container name="Recalling" eId="container_21">
        <p xml:space="preserve">
          <span class="italic">Recalling</span> that the administering Power and the territorial Government developed and reviewed a five-year strategic development plan, covering the period from 2014 to 2018, that set out the views and aspirations of the people of the Territory for the socioeconomic development of the Territory,</p>
      </container>
      <container name="Aware" eId="container_22">
        <p xml:space="preserve">
          <span class="italic">Aware</span> of the assessment made in 2013 that the population of the Territory needs to be boosted if the Territory is to have a sustainable future and of the approval by the Pitcairn Island Council of an immigration policy and a repopulation plan, covering the period from 2014 to 2019, designed to promote immigration and repopulation and bring people with the necessary skills and commitment to Pitcairn, </p>
      </container>
      <container name="Noting with concern" eId="container_23">
        <p xml:space="preserve">
          <span class="italic">Noting with concern</span> the findings contained in the final report on the survey commissioned by the Pitcairn Island Council to ascertain whether members of the diaspora had any interest in returning to the Territory and the factors conditioning a decision,<authorialNote marker="7" placement="bottom" eId="authorialNote_7"><p xml:space="preserve">	 	See <a href="https://undocs.org/en/A/AC.109/2015/5">A/AC.109/2015/5</a>, para. 14.</p></authorialNote></p>
      </container>
      <container name="Recalling" eId="container_24">
        <p xml:space="preserve">
          <span class="italic">Recalling</span> that a marine protected area was established around Pitcairn in September 2016,<authorialNote marker="8" placement="bottom" eId="authorialNote_8"><p xml:space="preserve">	 	See <a href="https://undocs.org/en/A/AC.109/2017/12">A/AC.109/2017/12</a>, para. 40.</p></authorialNote></p>
      </container>
      <container name="Welcoming" eId="container_25">
        <p xml:space="preserve">
          <span class="italic">Welcoming</span> the measures taken by the administering Power to improve accessibility to the Territory with the introduction of enhanced transport and shipping services, </p>
      </container>
      <container name="Stressing" eId="container_26">
        <p xml:space="preserve">
          <span class="italic">Stressing</span> the importance of regional ties for the development of a small island Territory, </p>
      </container>
      <container name="Noting" eId="container_27">
        <p xml:space="preserve">
          <span class="italic">Noting</span> the elections for the Island Council and Deputy Mayor that were held in November 2017,<authorialNote marker="9" placement="bottom" eId="authorialNote_9"><p xml:space="preserve">	 	See <a href="https://undocs.org/en/A/AC.109/2018/12">A/AC.109/2018/12</a>, “The Territory at a glance”.</p></authorialNote></p>
      </container>
    </preamble>
    <mainBody>
      <paragraph eId="para_28" class="SingleTxt">
        <num>	1.</num>
        <content eId="para_28__content">
          <p xml:space="preserve">
            <span class="italic">Reaffirms</span> the inalienable right of the people of Pitcairn to self-determination, in conformity with the Charter of the United Nations and with General Assembly resolution <a href="https://undocs.org/en/A/RES/1514 (XV)">1514 (XV)</a>, containing the Declaration on the Granting of Independence to Colonial Countries and Peoples;</p>
        </content>
      </paragraph>
      <paragraph eId="para_29" class="SingleTxt">
        <num>	2.</num>
        <content eId="para_29__content">
          <p xml:space="preserve">
            <span class="italic">Also reaffirms</span> that, in the process of decolonization of Pitcairn, there is no alternative to the principle of self-determination, which is also a fundamental human right, as recognized under the relevant human rights conventions; </p>
        </content>
      </paragraph>
      <paragraph eId="para_30" class="SingleTxt">
        <num>	3.</num>
        <content eId="para_30__content">
          <p xml:space="preserve">
            <span class="italic">Further reaffirms</span> that it is ultimately for the people of Pitcairn to determine freely their future political status in accordance with the relevant provisions of the Charter, the Declaration and the relevant resolutions of the General Assembly, and in that connection calls upon the administering Power, in cooperation with the territorial Government and appropriate bodies of the United Nations system, to develop political education programmes for the Territory in order to foster an awareness among the people of their right to self-determination in conformity with the legitimate political status options, based on the principles clearly defined in Assembly resolution <a href="https://undocs.org/en/A/RES/1541 (XV)">1541 (XV)</a> and other relevant resolutions and decisions; </p>
        </content>
      </paragraph>
      <paragraph eId="para_31" class="SingleTxt">
        <num>	4.</num>
        <content eId="para_31__content">
          <p xml:space="preserve">
            <span class="italic">Welcomes</span> all efforts by the administering Power and the territorial Government that would further devolve operational responsibilities to the Territory, with a view to gradually expanding self-government, including through the training of local personnel; </p>
        </content>
      </paragraph>
      <paragraph eId="para_32" class="SingleTxt">
        <num>	5.</num>
        <content eId="para_32__content">
          <p xml:space="preserve">
            <span class="italic">Requests</span> the administering Power to assist the Territory by facilitating its work concerning public educational outreach efforts, consistent with Article 73 <span class="italic">b</span> of the Charter, and in that regard calls upon the relevant United Nations organizations to provide assistance to the Territory, if requested; </p>
        </content>
      </paragraph>
      <paragraph eId="para_33" class="SingleTxt">
        <num>	6.</num>
        <content eId="para_33__content">
          <p xml:space="preserve">
            <span class="italic">Also requests</span> the administering Power to continue its assistance for the improvement of the economic, social, educational and other conditions of the population of the Territory and to continue its discussions with the territorial Government on how best to support socioeconomic and environmental security in Pitcairn, including as regards demographic matters;</p>
        </content>
      </paragraph>
      <paragraph eId="para_34" class="SingleTxt">
        <num>	7.</num>
        <content eId="para_34__content">
          <p xml:space="preserve">
            <span class="italic">Stresses</span> that the Territory should continue to participate in the activities of the Special Committee on the Situation with regard to the Implementation of the Declaration on the Granting of Independence to Colonial Countries and Peoples, including regional seminars, in order to provide the Committee with up-to-date information regarding the decolonization process; </p>
        </content>
      </paragraph>
      <paragraph eId="para_35" class="SingleTxt">
        <num>	8.</num>
        <content eId="para_35__content">
          <p xml:space="preserve">
            <span class="italic">Welcomes</span> the work carried out on the preparation of the five-year strategic development plan for the island; </p>
        </content>
      </paragraph>
      <paragraph eId="para_36" class="SingleTxt">
        <num>	9.</num>
        <content eId="para_36__content">
          <p xml:space="preserve">
            <span class="italic">Stresses</span> the importance of the Special Committee being apprised of the views and wishes of the people of Pitcairn and enhancing its understanding of their conditions, including the nature and scope of the existing political and constitutional arrangements between Pitcairn and the administering Power; </p>
        </content>
      </paragraph>
      <paragraph eId="para_37" class="SingleTxt">
        <num>	10.</num>
        <content eId="para_37__content">
          <p xml:space="preserve">
            <span class="italic">Calls upon</span> the administering Power to participate in and cooperate fully with the work of the Special Committee in order to implement the provisions of Article 73 <span class="italic">e</span> of the Charter and the Declaration and in order to advise the Committee on the implementation of the provisions under Article 73 <span class="italic">b</span> of the Charter on efforts to promote self-government in Pitcairn, and encourages the administering Power to facilitate visiting and special missions to the Territory; </p>
        </content>
      </paragraph>
      <paragraph eId="para_38" class="SingleTxt">
        <num>	11.</num>
        <content eId="para_38__content">
          <p xml:space="preserve">
            <span class="italic">Reaffirms</span> the responsibility of the administering Power under the Charter to promote the economic and social development and to preserve the cultural identity of the Territory, and requests the administering Power to take steps to enlist and make effective use of all possible assistance, on both a bilateral and a multilateral basis, in the strengthening of the economy of the Territory; </p>
        </content>
      </paragraph>
      <paragraph eId="para_39" class="SingleTxt">
        <num>	12.</num>
        <content eId="para_39__content">
          <p xml:space="preserve">
            <span class="italic">Takes into account</span> the 2030 Agenda for Sustainable Development,<authorialNote marker="10" placement="bottom" eId="authorialNote_10"><p xml:space="preserve">	 	Resolution <a href="https://undocs.org/en/A/RES/70/1">70/1</a>.</p></authorialNote> including the Sustainable Development Goals, stresses the importance of fostering the economic and social sustainable development of the Territory by promoting sustained, inclusive and equitable economic growth, creating greater opportunities for all, reducing inequalities, raising basic standards of living, fostering equitable social development and inclusion and promoting the integrated and sustainable management of natural resources and ecosystems that supports, inter alia, economic, social and human development, while facilitating ecosystem conservation, regeneration, restoration and resilience in the face of new and emerging challenges, and strongly urges the administering Power to refrain from undertaking any kind of illicit, harmful and unproductive activities, including the use of the Territory as an international financial centre, that are not aligned with the interest of the people of the Territory; </p>
        </content>
      </paragraph>
      <paragraph eId="para_40" class="SingleTxt">
        <num>	13.</num>
        <content eId="para_40__content">
          <p xml:space="preserve">
            <span class="italic">Requests</span> the Territory and the administering Power to take all measures necessary to protect and conserve the environment of the Territory against any degradation, and once again requests the specialized agencies concerned to monitor environmental conditions in the Territory and to provide assistance to the Territory, consistent with their prevailing rules of procedure;</p>
        </content>
      </paragraph>
      <paragraph eId="para_41" class="SingleTxt">
        <num>	14.</num>
        <content eId="para_41__content">
          <p xml:space="preserve">
            <span class="italic">Requests</span> the Special Committee to continue to examine the question of Pitcairn and to report thereon to the General Assembly at its seventy-fifth session and on the implementation of the present resolution.</p>
        </content>
      </paragraph>
    </mainBody>
    <conclusions eId="conclusions">
      <p>
        <inline name="adoptionMeeting" title="47th">47th plenary meeting</inline>
        <eol />
        <docDate date="2019-12-13" refersTo="#adoptionDate">13 December 2019</docDate>
      </p>
    </conclusions>
  </statement>
</akomaNtoso>