<akomaNtoso xmlns:xsi="http://www.w3.org/2001/XMLSchema-instance" xsi:schemaLocation="http://docs.oasis-open.org/legaldocml/ns/akn/3.0 http://docs.oasis-open.org/legaldocml/akn-core/v1.0/os/part2-specs/schemas/akomantoso30.xsd" xmlns="http://docs.oasis-open.org/legaldocml/ns/akn/3.0" xmlns:html="http://www.w3.org/1999/xhtml" xmlns:akn4un="http://un.org/akn4un">
  <statement name="resolution">
    <meta>
      <identification source="#DGACM">
        <FRBRWork>
          <FRBRthis value="/akn/un/statement/deliberation/unga/2019-12-18/74-131/!main/"></FRBRthis>
          <FRBRuri value="/akn/un/statement/deliberation/unga/2019-12-18/74-131/"></FRBRuri>
          <FRBRdate date="2019-12-18" name="adoption"></FRBRdate>
          <FRBRauthor href="ga" as="author"></FRBRauthor>
          <FRBRcountry value="un"></FRBRcountry>
        </FRBRWork>
        <FRBRExpression>
          <FRBRthis value="/akn/un/statement/deliberation/unga/2019-12-18/74-131/eng@!main/"></FRBRthis>
          <FRBRuri value="/akn/un/statement/deliberation/unga/2019-12-18/74-131/eng@/"></FRBRuri>
          <FRBRdate date="2020-01-16" name="publication"></FRBRdate>
          <FRBRauthor href="ga" as="issuer"></FRBRauthor>
          <FRBRlanguage language="eng"></FRBRlanguage>
        </FRBRExpression>
        <FRBRManifestation>
          <FRBRthis value="/akn/un/statement/deliberation/unga/2019-12-18/74-131/eng@/!main.xml"></FRBRthis>
          <FRBRuri value="/akn/un/statement/deliberation/unga/2019-12-18/74-131/eng@.xml"></FRBRuri>
          <FRBRdate date="2020-07-31" name="markup"></FRBRdate>
          <FRBRauthor href="DGACM" as="editor"></FRBRauthor>
        </FRBRManifestation>
      </identification>
      <classification source="http://metadata.un.org/sdg">
        <keyword value="16" href="http://metadata.un.org/sdg/16" showAs="sdg_16" dictionary="SDGO"></keyword>
        <keyword value="right_to_justice" href="http://eurovoc.europa.eu/516" showAs="right_to_justice" dictionary="EuroVoc"></keyword>
        <keyword value="sustainable_development" href="http://eurovoc.europa.eu/5585" showAs="sustainable_development" dictionary="EuroVoc"></keyword>
        <keyword value="civil_society" href="http://metadata.un.org/thesaurus/1001012" showAs="civil_society" dictionary="UNBIS Thesaurus"></keyword>
        <keyword value="justice" href="http://metadata.un.org/thesaurus/1003500" showAs="justice" dictionary="UNBIS Thesaurus"></keyword>
        <keyword value="peaceful_coexistence" href="http://metadata.un.org/thesaurus/1004777" showAs="peaceful_coexistence" dictionary="UNBIS Thesaurus"></keyword>
        <keyword value="public_institutions" href="http://metadata.un.org/thesaurus/1005254" showAs="public_institutions" dictionary="UNBIS Thesaurus"></keyword>
        <keyword value="social_justice" href="http://metadata.un.org/thesaurus/1005970" showAs="social_justice" dictionary="UNBIS Thesaurus"></keyword>
        <keyword value="sustainable_development" href="http://metadata.un.org/thesaurus/1006319" showAs="sustainable_development" dictionary="UNBIS Thesaurus"></keyword>
      </classification>
      <classification source="http://metadata.un.org/sdg">
        <keyword value="17" href="http://metadata.un.org/sdg/17" showAs="sdg_17" dictionary="SDGO"></keyword>
        <keyword value="sustainable_development" href="http://eurovoc.europa.eu/5585" showAs="sustainable_development" dictionary="EuroVoc"></keyword>
        <keyword value="partnership" href="http://eurovoc.europa.eu/4199" showAs="partnership" dictionary="EuroVoc"></keyword>
        <keyword value="sustainable_development" href="http://metadata.un.org/thesaurus/1006319" showAs="sustainable_development" dictionary="UNBIS Thesaurus"></keyword>
        <keyword value="partnership" href="http://metadata.un.org/thesaurus/1004748" showAs="partnership" dictionary="UNBIS Thesaurus"></keyword>
      </classification>
      <classification source="http://metadata.un.org/sdg">
        <keyword value="4" href="http://metadata.un.org/sdg/4" showAs="sdg_4" dictionary="SDGO"></keyword>
        <keyword value="education" href="http://eurovoc.europa.eu/668" showAs="education" dictionary="EuroVoc"></keyword>
        <keyword value="right_to_education" href="http://eurovoc.europa.eu/512" showAs="right_to_education" dictionary="EuroVoc"></keyword>
        <keyword value="education" href="http://metadata.un.org/thesaurus/1001893" showAs="education" dictionary="UNBIS Thesaurus"></keyword>
      </classification>
      <workflow source="#un">
        <step date="2019-11-12" outcome="draftResolution" as="A/C.3/74/L.50/Rev.1" by="Kenya (on behalf of the States Members of the United Nations that are members of the Group of African States)" />
        <step date="0001-01-01" outcome="draftResolutionAdditionalSponsors" by="Canada, Finland, Georgia, Germany, Greece, Indonesia, Ireland, Italy, Japan, Malta, Norway, Palau, Portugal, Spain, United States and Venezuela (Bolivarian Republic of)" />
        <step date="0001-01-01" outcome="recommendedForAdoption" as="A/74/393" by="" refersTo="19" />
        <step date="2019-12-18" outcome="adopted" as="A/74/PV.50" by="" />
      </workflow>
      <analysis source="#un">
        <parliamentary>
          <voting outcome="adoptedWithoutVote">
            <quorum value=""></quorum>
          </voting>
        </parliamentary>
      </analysis>
      <references source="#DGACM">
        <TLCOrganization eId="source" href="/akn/ontology/organization/un/DGACM" showAs="DGACM"></TLCOrganization>
        <TLCConcept eId="dateOfIssuance" href="/akn/ontology/concept/un/dateOfIssuance" showAs="Date of issuance"></TLCConcept>
        <TLCConcept eId="dateOfAdoption" href="/akn/ontology/concept/un/dateOfAdoption" showAs="Date of adoption"></TLCConcept>
        <TLCConcept eId="symbol" href="/akn/ontology/reference/un/symbol" showAs="Symbol"></TLCConcept>
        <TLCRole eId="publisher" href="/akn/ontology/role/un/publisher" showAs="Publisher"></TLCRole>
        <TLCRole eId="issuingBody" href="/akn/role/concept/un/issuingBody" showAs="Issuing body"></TLCRole>
        <TLCRole eId="author" href="/akn/ontology/role/un/author" showAs="Author"></TLCRole>
        <TLCRole eId="editor" href="/akn/ontology/role/un/editor" showAs="Editor"></TLCRole>
        <TLCRole eId="distribution" href="/akn/ontology/concept/un/generalDistribution" showAs="General distribution"></TLCRole>
        <TLCOrganization eId="ga" href="/akn/ontology/organization/un/generalAssembly" showAs="General Assembly"></TLCOrganization>
        <TLCTerm eId="resolutionTitle" href="/akn/ontology/reference/un/resolutionTitle" showAs="Resolution title"></TLCTerm>
        <TLCTerm eId="thirdCommittee" href="#thirdCommittee" showAs="Third Committee"></TLCTerm>
        <TLCTerm eId="memberState" href="/akn/ontology/organization/un/memberState" showAs="Member State"></TLCTerm>
        <TLCTerm eId="inFavour" href="/akn/ontology/concept/un/voting/inFavour" showAs="In favour"></TLCTerm>
        <TLCTerm eId="against" href="/akn/ontology/concept/un/voting/against" showAs="Against"></TLCTerm>
        <TLCTerm eId="abstaining" href="/akn/ontology/concept/un/voting/abstaining" showAs="Abstaining"></TLCTerm>
      </references>
      <presentation source="#un">
        <akn4un:footerFirstPage>
          <akn4un:footerFirstPageLeft>
            <akn4un:internalCode>
              <docketNumber refersTo="#publicationJobNumber">19-22226 (E)</docketNumber>
              <img alt="bar code" class="barCode" src=""></img>
            </akn4un:internalCode>
          </akn4un:footerFirstPageLeft>
          <akn4un:footerFirstPageRight>
            <img alt="Please recycle" class="image" src="./recylcleLogo.jpg"></img>
            <img alt="embedded QR code" class="qrCode" src=""></img>
          </akn4un:footerFirstPageRight>
        </akn4un:footerFirstPage>
      </presentation>
    </meta>
    <coverPage eId="coverPage_1">
      <p>
        <span refersTo="#publisher" class="upperLeft">
          <docAuthority refersTo="#publisher">United Nations</docAuthority>
        </span>
      </p>
      <p class="upperRight">
        <docNumber refersTo="#symbol">A/RES/74/131</docNumber>
      </p>
      <p class="upperLeft">
        <img src="logo-un.jpg"></img>
        <docAuthority refersTo="#issuingBody" class="rightBig">General Assembly</docAuthority>
      </p>
      <p>
        <docStatus refersTo="#generalDistribution" class="rightSmall">Distr.: General</docStatus>
      </p>
      <p>
        <docDate date="2020-01-16" class="rightSmall" refersTo="#dateOfIssuance">16 January 2020</docDate>
      </p>
      <p>
        <session refersTo="#generalAssembly" value="74" eId="coverPage_1__session_1">Seventy-fourth session</session>
      </p>
      <p>
        <inline name="agenda item">Agenda item 61</inline>
      </p>
      <p>
        <inline name="agenda item name">Report of the United Nations High Commissioner for Refugees, questions relating to refugees, returnees and displaced persons and humanitarian questions</inline>
      </p>
      <p>
        <docTitle>Resolution adopted by the General Assembly on 18 December 2019</docTitle>
      </p>
      <p xml:space="preserve">
        <docProponent refersTo="#thirdCommittee">[on the report of the Third Committee (<inline name="originating document">A/74/393</inline>)]</docProponent>
      </p>
    </coverPage>
    <preface>
      <p>
        <docNumber>74/131.</docNumber>
        <docTitle refersTo="#resolutionTitle">Assistance to refugees, returnees and displaced persons in Africa</docTitle>
      </p>
    </preface>
    <preamble>
      <formula name="enactingFormula" eId="formula_1">
        <p xml:space="preserve">
          <span class="italic">The General Assembly</span>,</p>
      </formula>
      <container name="Recalling" eId="container_2">
        <p xml:space="preserve">
          <span class="italic">Recalling</span> the Organization of African Unity Convention governing the specific aspects of refugee problems in Africa of 1969<authorialNote marker="1" placement="bottom" eId="authorialNote_1"><p xml:space="preserve">	 	United Nations, <span class="italic">Treaty Series</span>, vol. 1001, No. 14691.</p></authorialNote> and the African Charter on Human and Peoples’ Rights,<authorialNote marker="2" placement="bottom" eId="authorialNote_2"><p xml:space="preserve">	 	Ibid., vol. 1520, No. 26363.</p></authorialNote></p>
      </container>
      <container name="Reaffirming" eId="container_3">
        <p xml:space="preserve">
          <span class="italic">Reaffirming</span> that the 1951 Convention relating to the Status of Refugees,<authorialNote marker="3" placement="bottom" eId="authorialNote_3"><p xml:space="preserve">	 	Ibid., vol. 189, No. 2545.</p></authorialNote> together with the 1967 Protocol thereto,<authorialNote marker="4" placement="bottom" eId="authorialNote_4"><p xml:space="preserve">	 	Ibid., vol. 606, No. 8791.</p></authorialNote> as complemented by the Organization of African Unity Convention of 1969, remains the foundation of the international refugee protection regime in Africa, </p>
      </container>
      <container name="Welcoming" eId="container_4">
        <p xml:space="preserve">
          <span class="italic">Welcoming</span> the entry into force on 6 December 2012 and the ongoing process of ratification of the African Union Convention for the Protection and Assistance of Internally Displaced Persons in Africa, which marks a significant step towards strengthening the national and regional normative frameworks for the protection of and assistance to internally displaced persons, </p>
      </container>
      <container name="Welcoming" eId="container_5">
        <p xml:space="preserve">
          <span class="italic">Welcoming</span> the decision of the African Union to declare 2019 as the African Year of Refugees, Returnees and Internally Displaced Persons: Towards Durable Solutions to Forced Displacement in Africa, </p>
      </container>
      <container name="Recognizing" eId="container_6">
        <p xml:space="preserve">
          <span class="italic">Recognizing</span> the particular vulnerability of women and children, as well as older persons and persons with disabilities, among refugees and displaced persons, including exposure to discrimination, sexual exploitation and abuse, physical abuse, violence and exploitation and the recruitment and use of children by parties to armed conflict in violation of applicable international law, and in this regard acknowledging the importance of preventing, responding to and addressing sexual and gender-based violence as well as violations and abuses committed against refugee, returnee and displaced children, </p>
      </container>
      <container name="Gravely concerned" eId="container_7">
        <p xml:space="preserve">
          <span class="italic">Gravely concerned</span> about the continued rising number of refugees and displaced persons in various parts of the continent, </p>
      </container>
      <container name="Acknowledging" eId="container_8">
        <p xml:space="preserve">
          <span class="italic">Acknowledging</span> the efforts of Member States, the United Nations High Commissioner for Refugees and other stakeholders in improving the situation of refugees and their host communities, </p>
      </container>
      <container name="Expressing grave concern" eId="container_9">
        <p xml:space="preserve">
          <span class="italic">Expressing grave concern</span> about funding gaps in the budgets of the Office of the United Nations High Commissioner for Refugees and the World Food Programme, which are among the most underfunded, in responding to various refugee situations in different parts of Africa, which are a major factor leading to the deterioration in living conditions in many refugee camps in Africa, </p>
      </container>
      <container name="Emphasizing" eId="container_10">
        <p xml:space="preserve">
          <span class="italic">Emphasizing</span> the need to develop a holistic approach in addressing large movements of population that takes into account the underlying causes of displacement, </p>
      </container>
      <container name="Recognizing" eId="container_11">
        <p xml:space="preserve">
          <span class="italic">Recognizing</span> that refugees, internally displaced persons and, in particular, women and children are at an increased risk of exposure to HIV and AIDS, malaria and other diseases, </p>
      </container>
      <container name="Recalling" eId="container_12">
        <p xml:space="preserve">
          <span class="italic">Recalling</span> the high-level segment on the theme “Enhancing international cooperation, solidarity, local capacities and humanitarian action for refugees in Africa” of the sixty-fifth session of the Executive Committee of the Programme of the United Nations High Commissioner for Refugees, held in Geneva from 29 September to 3 October 2014, and the statement adopted on 30 September 2014 by States members of the Executive Committee,<authorialNote marker="5" placement="bottom" eId="authorialNote_5"><p xml:space="preserve"><span class="italic">Official Records of the General Assembly, Sixty-ninth Session, Supplement No. 12A</span> (<a href="https://undocs.org/en/A/69/12/Add.1">A/69/12/Add.1</a>), annex I.</p></authorialNote> and expressing deep concern that this particular event has not mobilized the necessary support for refugees and their hosting countries and communities, </p>
      </container>
      <container name="Welcoming" eId="container_13">
        <p xml:space="preserve">
          <span class="italic">Welcoming</span> progress made in the implementation of the Nairobi Declaration on Durable Solutions for Somali Refugees and the Reintegration of Returnees in Somalia, welcoming also the nomination of the Special Envoy of the United Nations High Commissioner for Refugees for the Horn of Africa, the adoption of the Djibouti declaration on refugee education in December 2017 and the Kampala Declaration on Jobs, Livelihoods and Self-Reliance for Refugees, Returnees and Host Communities in the Intergovernmental Authority on Development Region, adopted on 28 March 2019, and welcoming further the reaffirmation by Member States of the commitment to promote inclusive policies towards refugees, as noted in the communiqué of the second interministerial stocktaking meeting on the Nairobi Declaration and Action Plan, </p>
      </container>
      <container name="Recalling" eId="container_14">
        <p xml:space="preserve">
          <span class="italic">Recalling</span> the Pact on Security, Stability and Development in the Great Lakes Region, adopted by the International Conference on the Great Lakes Region in 2006, and its instruments, in particular two of the protocols to the Pact that are relevant to the protection of displaced persons, namely, the Protocol on the Protection of and Assistance to Internally Displaced Persons and the Protocol on the Property Rights of Returning Persons, </p>
      </container>
      <container name="Acknowledging with appreciation" eId="container_15">
        <p xml:space="preserve">
          <span class="italic">Acknowledging with appreciation</span> the generosity, hospitality and spirit of solidarity of African States, including host communities, that, despite their limited resources, continue to host a large number of refugees, owing to humanitarian crises and protracted refugee situations, and in this regard expressing particular appreciation for the commitment and efforts of neighbouring countries in the recent humanitarian crises on the continent, </p>
      </container>
      <container name="Welcoming" eId="container_16">
        <p xml:space="preserve">
          <span class="italic">Welcoming</span> efforts by African States that endeavour to facilitate the voluntary repatriation, local integration, resettlement and rehabilitation of refugees and to promote conditions conducive to the voluntary return and sustainable reintegration of refugees in their country of origin, acknowledging with appreciation the coordination of humanitarian assistance by the United Nations as well as the continuing efforts of donors, the United Nations system, including the Office of the High Commissioner, regional organizations, international agencies, non-governmental organizations and other partners, </p>
      </container>
      <container name="Welcoming also" eId="container_17">
        <p xml:space="preserve">
          <span class="italic">Welcoming also</span> efforts made with regard to durable solutions for addressing the plight of refugees during emergencies, and recalling that those solutions include voluntary repatriation and, where appropriate and feasible, local integration and resettlement in a third country, while reaffirming that voluntary repatriation, supported, as necessary, by rehabilitation and development assistance to facilitate sustainable reintegration, remains the preferred solution, </p>
      </container>
      <container name="Recognizing" eId="container_18">
        <p xml:space="preserve">
          <span class="italic">Recognizing</span> that host States have the primary responsibility for the protection of and assistance to refugees on their territory, recognizing also the need to redouble efforts to develop and implement comprehensive durable solution strategies, in appropriate cooperation with the international community and with regard to burden- and responsibility-sharing, and recognizing further the efforts of all States in this regard, </p>
      </container>
      <container name="Emphasizing" eId="container_19">
        <p xml:space="preserve">
          <span class="italic">Emphasizing</span> that States have the primary responsibility to provide protection and assistance to internally displaced persons within their jurisdiction, as well as to address the root causes of the displacement problem, in appropriate cooperation with the international community, </p>
      </container>
      <container name="Expressing concern" eId="container_20">
        <p xml:space="preserve">
          <span class="italic">Expressing concern</span> regarding the decreasing trend in resettlement opportunities, and recognizing the need to expand resettlement opportunities, </p>
      </container>
      <container name="Recognizing" eId="container_21">
        <p xml:space="preserve">
          <span class="italic">Recognizing</span> the need to encourage increased efforts to facilitate and assist voluntary return and local integration, </p>
      </container>
      <container name="Welcoming" eId="container_22">
        <p xml:space="preserve">
          <span class="italic">Welcoming</span> the ongoing implementation of pledges made by States at the intergovernmental ministerial event held in 2011 to mark the sixtieth anniversary of the 1951 Convention relating to the Status of Refugees and the fiftieth anniversary of the 1961 Convention on the Reduction of Statelessness,<authorialNote marker="6" placement="bottom" eId="authorialNote_6"><p xml:space="preserve">	 	United Nations, <span class="italic">Treaty Series</span>, vol. 989, No. 14458.</p></authorialNote></p>
      </container>
      <container name="Acknowledging" eId="container_23">
        <p xml:space="preserve">
          <span class="italic">Acknowledging</span> the efforts made by States and regional groups since the launch of the #IBelong campaign to eradicate statelessness and to afford protection to stateless people, as well as the commitments made during the high-level segment on statelessness convened by the Office of the High Commissioner, as well as the outcomes of the fifth Conference of African Ministers Responsible for Civil Registration, both held in October 2019, </p>
      </container>
      <container name="Reaffirming" eId="container_24">
        <p xml:space="preserve">
          <span class="italic">Reaffirming</span> its resolution <a href="https://undocs.org/A/RES/69/313">69/313</a> of 27 July 2015 on the Addis Ababa Action Agenda of the Third International Conference on Financing for Development, which is an integral part of the 2030 Agenda for Sustainable Development,<authorialNote marker="7" placement="bottom" eId="authorialNote_7"><p xml:space="preserve">	 	Resolution <a href="https://undocs.org/en/A/RES/70/1">70/1</a>.</p></authorialNote> supports and complements it, helps to contextualize its means of implementation targets with concrete policies and actions, and reaffirms the strong political commitment to address the challenges of financing and creating an enabling environment at all levels for sustainable development in the spirit of global partnership and solidarity, </p>
      </container>
      <container name="Taking note" eId="container_25">
        <p xml:space="preserve">
          <span class="italic">Taking note</span> of the World Humanitarian Summit, held in Istanbul, Turkey, on 23 and 24 May 2016, while recognizing that it did not have an intergovernmentally agreed outcome, and welcoming the commitment of the African Heads of State and Government, adopted by the African Union, on the theme “One Africa, One Voice, One Message at the World Humanitarian Summit”, </p>
      </container>
    </preamble>
    <mainBody>
      <paragraph eId="para_26" class="SingleTxt">
        <num>	1.</num>
        <content eId="para_26__content">
          <p xml:space="preserve">
            <span class="italic">Takes note</span> of the reports of the Secretary-General<authorialNote marker="8" placement="bottom" eId="authorialNote_8"><p xml:space="preserve"><a href="https://undocs.org/A/74/322">A/74/322</a>.</p></authorialNote> and the United Nations High Commissioner for Refugees;<authorialNote marker="9" placement="bottom" eId="authorialNote_9"><p xml:space="preserve"><span class="italic">Official Records of the General Assembly, Seventy-fourth Session, Supplement No. 12</span> (A/74/12).</p></authorialNote></p>
        </content>
      </paragraph>
      <paragraph eId="para_27" class="SingleTxt">
        <num>	2.</num>
        <content eId="para_27__content">
          <p xml:space="preserve">
            <span class="italic">Calls upon</span> African States that have not yet signed or ratified the African Union Convention for the Protection and Assistance of Internally Displaced Persons in Africa to consider doing so as early as possible in order to ensure its wider implementation; </p>
        </content>
      </paragraph>
      <paragraph eId="para_28" class="SingleTxt">
        <num>	3.</num>
        <content eId="para_28__content">
          <p xml:space="preserve">
            <span class="italic">Notes</span> the need for African States, with the support and collaboration of the international community, to resolutely address the root causes of all forms of forced displacement in Africa and to foster peace, stability and prosperity throughout the African continent; </p>
        </content>
      </paragraph>
      <paragraph eId="para_29" class="SingleTxt">
        <num>	4.</num>
        <content eId="para_29__content">
          <p xml:space="preserve">
            <span class="italic">Recalls</span> the global compact on refugees as set out in the High Commissioner’s annual report (part II) of 2018,<authorialNote marker="10" placement="bottom" eId="authorialNote_10"><p xml:space="preserve">	 	See <a href="https://undocs.org/en/A/73/12 (Part II)">A/73/12 (Part II)</a>.</p></authorialNote> affirmed on 17 December 2018,<authorialNote marker="11" placement="bottom" eId="authorialNote_11"><p xml:space="preserve">	 	See resolution <a href="https://undocs.org/en/A/RES/73/151">73/151</a>.</p></authorialNote> and calls upon the international community as a whole, including States and other relevant stakeholders, to implement the compact in order to achieve its four objectives on an equal footing based on the principle of burden- and responsibility-sharing, and in accordance with the guiding principles and paragraph 4 of the global compact on refugees, through concrete actions, pledges and contributions, including at the first Global Refugee Forum in December 2019, and requests the High Commissioner to report regularly on the progress being made; </p>
        </content>
      </paragraph>
      <paragraph eId="para_30" class="SingleTxt">
        <num>	5.</num>
        <content eId="para_30__content">
          <p xml:space="preserve">
            <span class="italic">Welcomes</span> the important outcomes of the six continental consultative meetings that were organized under the 2019 theme of the African Union, “Year of refugees, returnees and internally displaced persons: towards durable solutions to forced displacement in Africa”, with regard to global responsibility-sharing, the role of parliamentarians in preventing and resolving forced displacement, statelessness, the mixed movements of refugees and migrants, and the ratification and implementation of the Organization of African Unity Convention governing the specific aspects of refugee problems in Africa of 1969<sup>1</sup> and the African Union Convention for the Protection and Assistance of Internally Displaced Persons in Africa (Kampala Convention) of 2009; </p>
        </content>
      </paragraph>
      <paragraph eId="para_31" class="SingleTxt">
        <num>	6.</num>
        <content eId="para_31__content">
          <p xml:space="preserve">
            <span class="italic">Reaffirms</span> the central role played by the Heads of State and Government of the Intergovernmental Authority on Development towards the successful negotiations in Khartoum and the eventual signing of the final Revitalized Agreement on the Resolution of the Conflict in South Sudan between the Government and the opposition movements during the thirty-third extraordinary summit, held in Addis Ababa on 12 September 2018, and encourages ongoing efforts to fully implement this agreement in order to achieve a sustainable and lasting peace; </p>
        </content>
      </paragraph>
      <paragraph eId="para_32" class="SingleTxt">
        <num>	7.</num>
        <content eId="para_32__content">
          <p xml:space="preserve">
            <span class="italic">Commends</span> the continued efforts and commitment by the regional Governments towards resolving conflicts in the region, including the ongoing mediation by the Sudan between the parties to the conflict in the Central African Republic under the umbrella of the African Initiative for Peace and Reconciliation in the Central African Republic; </p>
        </content>
      </paragraph>
      <paragraph eId="para_33" class="SingleTxt">
        <num>	8.</num>
        <content eId="para_33__content">
          <p xml:space="preserve">
            <span class="italic">Welcomes</span> the outcome of the second regional protection dialogue on the Lake Chad basin, held in Nigeria in January 2019, as well as the signing of the Abuja Action Statement by the Governments of Cameroon, Chad, the Niger and Nigeria, with a view to enhancing the response to the urgent needs of refugees, internally displaced persons, returnees and host communities; </p>
        </content>
      </paragraph>
      <paragraph eId="para_34" class="SingleTxt">
        <num>	9.</num>
        <content eId="para_34__content">
          <p xml:space="preserve">
            <span class="italic">Also welcomes</span> the regional dialogue on protection and solutions related to the situation of forced displacement in the Sahel, held in Bamako on 11 and 12 September 2019, hosted by the Government of Mali, with the participation of government officials from Burkina Faso, Chad, Mauritania and the Niger, and further welcomes the outcome of the dialogue, namely, the Bamako conclusions and ministerial declaration adopted in Geneva on 9 October 2019; </p>
        </content>
      </paragraph>
      <paragraph eId="para_35" class="SingleTxt">
        <num>	10.</num>
        <content eId="para_35__content">
          <p xml:space="preserve">
            <span class="italic">Notes with great concern</span> that, despite all the efforts made so far by the United Nations, the African Union and others, the situation of refugees and displaced persons in Africa remains precarious and the number of refugees and internally displaced persons has dramatically increased, and calls upon States and other parties to armed conflict to observe scrupulously the letter and spirit of, and respect and ensure respect for, international humanitarian law, bearing in mind that armed conflict is one of the principal causes of forced displacement in Africa; </p>
        </content>
      </paragraph>
      <paragraph eId="para_36" class="SingleTxt">
        <num>	11.</num>
        <content eId="para_36__content">
          <p xml:space="preserve">
            <span class="italic">Welcomes</span> decision Assembly/AU/Decl. 8 (XXXII), adopted by the Assembly of Heads of State and Government of the African Union at its thirty-second ordinary session, held in Addis Ababa on 10 and 11 February 2019, in which the 2019 theme of the African Union was declared to be the “Year of refugees, returnees and internally displaced persons: towards durable solutions to forced displacement in Africa”; </p>
        </content>
      </paragraph>
      <paragraph eId="para_37" class="SingleTxt">
        <num>	12.</num>
        <content eId="para_37__content">
          <p xml:space="preserve">
            <span class="italic">Expresses its appreciation</span> for the leadership shown by the Office of the United Nations High Commissioner for Refugees, and commends the Office for its ongoing efforts, with the support of the international community, to assist African States hosting large numbers of refugees, including by providing support to vulnerable local host communities, and to respond to the protection and assistance needs of refugees, returnees and displaced persons in Africa; </p>
        </content>
      </paragraph>
      <paragraph eId="para_38" class="SingleTxt">
        <num>	13.</num>
        <content eId="para_38__content">
          <p xml:space="preserve">
            <span class="italic">Notes with appreciation</span> the ongoing initiatives taken by the African Union, the Subcommittee on Refugees, Returnees and Internally Displaced Persons of its Permanent Representatives Committee and the African Commission on Human and Peoples’ Rights, in particular the role of its Special Rapporteur on Refugees, Asylum Seekers, Migrants and Internally Displaced Persons in Africa, to ensure the protection of and assistance to refugees, returnees and displaced persons in Africa; </p>
        </content>
      </paragraph>
      <paragraph eId="para_39" class="SingleTxt">
        <num>	14.</num>
        <content eId="para_39__content">
          <p xml:space="preserve">
            <span class="italic">Underlines</span> the need to provide an efficient humanitarian response to internally displaced persons, and recognizes in this regard the importance of the African Union Convention for the Protection and Assistance of Internally Displaced Persons in Africa; </p>
        </content>
      </paragraph>
      <paragraph eId="para_40" class="SingleTxt">
        <num>	15.</num>
        <content eId="para_40__content">
          <p xml:space="preserve">
            <span class="italic">Acknowledges</span> the important contribution of age, gender and diversity mainstreaming in identifying, through the full participation of women, children, older persons and persons with disabilities, the protection risks faced by the different members of the refugee communities, in particular the non-discriminatory treatment and protection of women, children, older persons and persons with disabilities; </p>
        </content>
      </paragraph>
      <paragraph eId="para_41" class="SingleTxt">
        <num>	16.</num>
        <content eId="para_41__content">
          <p xml:space="preserve">
            <span class="italic">Affirms</span> that children, because of their age, social status and physical and mental development, are often more vulnerable than adults in situations of forced displacement, recognizes that forced displacement, return to post-conflict situations, integration into new societies, protracted situations of displacement and statelessness can increase child protection risks, taking into account the particular vulnerability of displaced children to forcible exposure to the risks of physical and psychological injury, exploitation and death in connection with armed conflict, as well as the recruitment and use of children by parties to armed conflict in violation of applicable international law, and acknowledges that wider environmental factors and individual risk factors, particularly when combined, may generate different protection needs; </p>
        </content>
      </paragraph>
      <paragraph eId="para_42" class="SingleTxt">
        <num>	17.</num>
        <content eId="para_42__content">
          <p xml:space="preserve">
            <span class="italic">Recognizes</span> that no solution to forced displacement can be durable unless it is sustainable, and therefore encourages the Office of the High Commissioner to support the sustainability of durable solutions, and recalls that those solutions include voluntary repatriation and, where appropriate and feasible, local integration and resettlement in a third country, while reaffirming that voluntary repatriation, supported, as necessary, by rehabilitation and development assistance to facilitate sustainable reintegration, remains the preferred solution; </p>
        </content>
      </paragraph>
      <paragraph eId="para_43" class="SingleTxt">
        <num>	18.</num>
        <content eId="para_43__content">
          <p xml:space="preserve">
            <span class="italic">Reaffirms</span> the conclusion on civil registration adopted by the Executive Committee of the Programme of the United Nations High Commissioner for Refugees at its sixty-fourth session, held in Geneva from 30 September to 4 October 2013,<authorialNote marker="12" placement="bottom" eId="authorialNote_12"><p xml:space="preserve"><span class="italic">Official Records of the General Assembly</span>, <span class="italic">Sixty-eighth Session, Supplement No. 12A</span> (<a href="https://undocs.org/en/A/68/12/Add.1">A/68/12/Add.1</a>), chap. III, sect. A.</p></authorialNote> and recognizes the importance of early registration and effective registration systems and censuses as a tool of protection and as a means to the quantification and assessment of needs for the provision and distribution of humanitarian assistance and to implement appropriate durable solutions; </p>
        </content>
      </paragraph>
      <paragraph eId="para_44" class="SingleTxt">
        <num>	19.</num>
        <content eId="para_44__content">
          <p xml:space="preserve">
            <span class="italic">Also reaffirms</span> the conclusion on registration of refugees and asylum seekers adopted by the Executive Committee of the Programme of the High Commissioner at its fifty-second session,<authorialNote marker="13" placement="bottom" eId="authorialNote_13"><p xml:space="preserve">	 	Ibid., <span class="italic">Fifty-sixth Session, Supplement No. 12A</span> (<a href="https://undocs.org/en/A/56/12/Add.1(supp)">A/56/12/Add.1</a>), chap. III, sect. B.</p></authorialNote> notes the many forms of harassment faced by refugees and asylum seekers who remain without any form of documentation attesting to their status, recalls the responsibility of States to register refugees on their territories and, as appropriate, the responsibility of the Office of the High Commissioner or mandated international bodies to do so, reiterates in this context the central role that early and effective registration and documentation can play, guided by protection considerations, in enhancing protection and supporting efforts to find durable solutions, and calls upon the Office, as appropriate, to help States to conduct this procedure should they be unable to register refugees on their territory; </p>
        </content>
      </paragraph>
      <paragraph eId="para_45" class="SingleTxt">
        <num>	20.</num>
        <content eId="para_45__content">
          <p xml:space="preserve">
            <span class="italic">Appreciates</span> the ongoing efforts undertaken by Member States to implement the conclusion on machine-readable travel documents for refugees and stateless persons adopted by the Executive Committee at its sixty-eighth session;<authorialNote marker="14" placement="bottom" eId="authorialNote_14"><p xml:space="preserve">	 	Ibid., <span class="italic">Seventy-second Session, Supplement No. 12A</span> (<a href="https://undocs.org/en/A/72/12/Add.1">A/72/12/Add.1</a>), chap. III, sect. A.</p></authorialNote></p>
        </content>
      </paragraph>
      <paragraph eId="para_46" class="SingleTxt">
        <num>	21.</num>
        <content eId="para_46__content">
          <p xml:space="preserve">
            <span class="italic">Calls upon</span> the international community, including States and the Office of the High Commissioner and other relevant United Nations organizations, within their respective mandates, to take concrete action to meet the protection and assistance needs of refugees, returnees and displaced persons and to contribute generously to projects and programmes aimed at alleviating their plight, facilitating durable solutions and supporting vulnerable local host communities; </p>
        </content>
      </paragraph>
      <paragraph eId="para_47" class="SingleTxt">
        <num>	22.</num>
        <content eId="para_47__content">
          <p xml:space="preserve">
            <span class="italic">Acknowledges</span> the efforts made by the African countries applying the comprehensive refugee response framework, and underscores the importance for the international community of ensuring adequate, timely and predictable support; </p>
        </content>
      </paragraph>
      <paragraph eId="para_48" class="SingleTxt">
        <num>	23.</num>
        <content eId="para_48__content">
          <p xml:space="preserve">
            <span class="italic">Reaffirms</span> the importance of timely and adequate assistance and protection for refugees, returnees and displaced persons, also reaffirms that assistance and protection are mutually reinforcing and that inadequate material assistance and food shortages undermine protection, notes the importance of a rights- and community-based approach in engaging constructively with individual refugees, returnees and displaced persons and their communities so as to achieve fair and equitable access to food and other forms of material assistance, and expresses concern with regard to situations in which minimum standards of assistance are not met, including those in which adequate needs assessments have yet to be undertaken; </p>
        </content>
      </paragraph>
      <paragraph eId="para_49" class="SingleTxt">
        <num>	24.</num>
        <content eId="para_49__content">
          <p xml:space="preserve">
            <span class="italic">Also reaffirms</span> that respect by States for their protection responsibilities towards refugees is strengthened by international solidarity involving all members of the international community and that the refugee protection regime is enhanced through committed international cooperation in a spirit of solidarity and burden- and responsibility-sharing among all States; </p>
        </content>
      </paragraph>
      <paragraph eId="para_50" class="SingleTxt">
        <num>	25.</num>
        <content eId="para_50__content">
          <p xml:space="preserve">
            <span class="italic">Further reaffirms</span> that host States have the primary responsibility to ensure the civilian and humanitarian character of asylum, calls upon States, in cooperation with international organizations, within their mandates, to take all measures necessary to ensure respect for the principles of refugee protection and, in particular, to ensure that the civilian and humanitarian nature of refugee camps is not compromised by the presence or the activities of armed elements or used for purposes that are incompatible with their civilian character, and encourages the High Commissioner to continue efforts, in consultation with States and other relevant actors, to ensure the civilian and humanitarian character of camps; </p>
        </content>
      </paragraph>
      <paragraph eId="para_51" class="SingleTxt">
        <num>	26.</num>
        <content eId="para_51__content">
          <p xml:space="preserve">
            <span class="italic">Condemns</span> all acts that pose a threat to the personal security and well-being of refugees and asylum seekers, such as refoulement, unlawful expulsion and physical attacks, calls upon States of refuge, in cooperation with international organizations, where appropriate, to take all measures necessary to ensure respect for the principles of refugee protection, including the humane treatment of asylum seekers, notes with interest that the High Commissioner has continued to take steps to encourage the development of measures to better ensure the civilian and humanitarian character of asylum, and encourages the High Commissioner to continue those efforts, in consultation with States and other relevant actors; </p>
        </content>
      </paragraph>
      <paragraph eId="para_52" class="SingleTxt">
        <num>	27.</num>
        <content eId="para_52__content">
          <p xml:space="preserve">
            <span class="italic">Deplores</span> the continuing violence and insecurity, which constitute an ongoing threat to the safety and security of staff members of the Office of the High Commissioner and other humanitarian organizations and an obstacle to the effective fulfilment of the mandate of the Office and the ability of its implementing partners and other humanitarian personnel to discharge their respective humanitarian functions, urges States, parties to conflict and all other relevant actors to take all measures necessary to protect activities related to humanitarian assistance, prevent attacks on and kidnapping of national and international humanitarian workers and ensure the safety and security of the personnel and property of the Office and that of all humanitarian organizations discharging functions mandated by the Office, and calls upon States to investigate fully any crime committed against humanitarian personnel and bring to justice the persons responsible for such crimes; </p>
        </content>
      </paragraph>
      <paragraph eId="para_53" class="SingleTxt">
        <num>	28.</num>
        <content eId="para_53__content">
          <p xml:space="preserve">
            <span class="italic">Calls upon</span> the Office of the High Commissioner, the African Union, subregional organizations and all African States, in conjunction with agencies of the United Nations system, intergovernmental and non-governmental organizations and the international community, to strengthen and revitalize existing partnerships and forge new ones in support of the protection system for refugees, asylum seekers and internally displaced persons, and encourages African States that have not yet done so to consider ratifying and enforcing the Convention on the Safety of United Nations and Associated Personnel;<authorialNote marker="15" placement="bottom" eId="authorialNote_15"><p xml:space="preserve">	 	United Nations, <span class="italic">Treaty Series</span>, vol. 2051, No. 35457.</p></authorialNote></p>
        </content>
      </paragraph>
      <paragraph eId="para_54" class="SingleTxt">
        <num>	29.</num>
        <content eId="para_54__content">
          <p xml:space="preserve">
            <span class="italic">Calls upon</span> the Office of the High Commissioner, the international community, donors and other entities concerned to continue and, where appropriate, to intensify their support to African Governments through appropriate capacity-building activities, including training of relevant officers, disseminating information about refugee instruments and principles, providing financial, technical, legal and advisory services to accelerate the enactment or amendment and implementation of legislation relating to refugees, strengthening emergency response and enhancing capacities for the coordination of humanitarian activities, in particular to those Governments that have received large numbers of refugees and asylum seekers; </p>
        </content>
      </paragraph>
      <paragraph eId="para_55" class="SingleTxt">
        <num>	30.</num>
        <content eId="para_55__content">
          <p xml:space="preserve">
            <span class="italic">Reaffirms</span> the right of return, in accordance with international law, and the principle of voluntary repatriation, appeals to countries of origin and countries of asylum to create conditions that are conducive to voluntary repatriation, and recognizes that, while voluntary repatriation remains the pre-eminent solution, local integration and third-country resettlement, where appropriate and feasible, are also viable options for dealing with the situation of African refugees who, owing to prevailing circumstances in their respective countries of origin, are unable to return home; </p>
        </content>
      </paragraph>
      <paragraph eId="para_56" class="SingleTxt">
        <num>	31.</num>
        <content eId="para_56__content">
          <p xml:space="preserve">
            <span class="italic">Also reaffirms</span> that voluntary repatriation should not necessarily be conditioned on the accomplishment of political solutions in the country of origin in order not to impede the exercise of the refugees’ right to return, recognizes that the voluntary repatriation and reintegration process is normally guided by the conditions in the country of origin, in particular that voluntary repatriation can be accomplished in conditions of safety and dignity, urges the High Commissioner to promote sustainable return through the development of durable and lasting solutions, particularly in protracted refugee situations, and encourages States and other relevant actors to continue to support these efforts through, inter alia, the allocation of funds; </p>
        </content>
      </paragraph>
      <paragraph eId="para_57" class="SingleTxt">
        <num>	32.</num>
        <content eId="para_57__content">
          <p xml:space="preserve">
            <span class="italic">Calls upon</span> the international donor community to provide financial and material assistance which allows for the implementation of community-based development programmes that benefit both refugees and host communities, as appropriate, in agreement with host countries and consistent with humanitarian objectives; </p>
        </content>
      </paragraph>
      <paragraph eId="para_58" class="SingleTxt">
        <num>	33.</num>
        <content eId="para_58__content">
          <p xml:space="preserve">
            <span class="italic">Recognizes</span> the increase in the number and scale of disasters, including those related to the adverse effects of climate change, which in certain circumstances may contribute to displacement and additional pressure on host communities, encourages the United Nations and all relevant actors to strengthen the efforts aimed at addressing the needs of persons displaced within the context of such disasters, and notes in this regard the importance of sharing best practices to prevent and prepare for such displacements; </p>
        </content>
      </paragraph>
      <paragraph eId="para_59" class="SingleTxt">
        <num>	34.</num>
        <content eId="para_59__content">
          <p xml:space="preserve">
            <span class="italic">Appeals</span> to the international community to respond positively, in the spirit of solidarity and burden- and responsibility-sharing, to the third-country resettlement needs of African refugees, notes in this regard the importance of using resettlement strategically, as part of situation-specific comprehensive responses to refugee situations, and to this end encourages States, the Office of the High Commissioner and other relevant partners to make full use of the Multilateral Framework of Understandings on Resettlement, where appropriate and feasible; </p>
        </content>
      </paragraph>
      <paragraph eId="para_60" class="SingleTxt">
        <num>	35.</num>
        <content eId="para_60__content">
          <p xml:space="preserve">
            <span class="italic">Expresses serious concern</span> about the chronic underfunding for humanitarian assistance to refugees and internally displaced persons in Africa; </p>
        </content>
      </paragraph>
      <paragraph eId="para_61" class="SingleTxt">
        <num>	36.</num>
        <content eId="para_61__content">
          <p xml:space="preserve">
            <span class="italic">Calls upon</span> the international donor community to provide assistance for material, financial and technical support intended for the rehabilitation of the environment and infrastructure affected by refugees in countries of asylum as well as internally displaced persons, where appropriate, and notes with concern the environmental degradation in these areas; </p>
        </content>
      </paragraph>
      <paragraph eId="para_62" class="SingleTxt">
        <num>	37.</num>
        <content eId="para_62__content">
          <p xml:space="preserve">
            <span class="italic">Urges</span> the international community, in line with the principles of international solidarity and burden-sharing, to continue to fund generously the refugee programmes of the Office of the High Commissioner and other relevant humanitarian organizations and, taking into account the substantially increased needs of programmes in Africa, inter alia, as a result of repatriation possibilities, to ensure that Africa receives a fair and equitable share of the resources designated for refugees, and recognizes the importance of increased, flexible, predictable and multi-year funding; </p>
        </content>
      </paragraph>
      <paragraph eId="para_63" class="SingleTxt">
        <num>	38.</num>
        <content eId="para_63__content">
          <p xml:space="preserve">
            <span class="italic">Encourages</span> the Office of the High Commissioner and interested States to identify protracted refugee situations which might lend themselves to resolution through the development of specific, multilateral, comprehensive and practical approaches to resolving such refugee situations, including the improvement of international burden- and responsibility-sharing and the realization of durable solutions, within a multilateral context, and recalls that those solutions include voluntary repatriation and, where appropriate and feasible, local integration and resettlement in a third country, while reaffirming that voluntary repatriation, supported, as necessary, by rehabilitation and development assistance to facilitate sustainable reintegration, remains the preferred solution; </p>
        </content>
      </paragraph>
      <paragraph eId="para_64" class="SingleTxt">
        <num>	39.</num>
        <content eId="para_64__content">
          <p xml:space="preserve">
            <span class="italic">Recalls</span> the need to reflect on effective strategies to ensure adequate protection and assistance for internally displaced persons and to prevent and reduce such displacement, and in this regard encourages the Secretary-General to work with Member States and the United Nations system to explore ways to better address the long-term needs of internally displaced persons, support communities that host them and improve the lives of the many millions of internally displaced persons; </p>
        </content>
      </paragraph>
      <paragraph eId="para_65" class="SingleTxt">
        <num>	40.</num>
        <content eId="para_65__content">
          <p xml:space="preserve">
            <span class="italic">Expresses grave concern</span> about the plight of internally displaced persons in Africa, welcomes the efforts of African States in strengthening the regional mechanisms for the protection of and assistance to internally displaced persons, calls upon States to take concrete action to pre-empt internal displacement and to meet the protection and assistance needs of internally displaced persons, recalls in that regard the Guiding Principles on Internal Displacement,<authorialNote marker="16" placement="bottom" eId="authorialNote_16"><p xml:space="preserve"><a href="https://undocs.org/en/E/CN.4/1998/53/Add.2">E/CN.4/1998/53/Add.2</a>, annex.</p></authorialNote> notes the current activities of the Office of the High Commissioner related to the protection of and assistance to internally displaced persons, including in the context of inter-agency arrangements in this field, emphasizes that such activities should be consistent with relevant General Assembly resolutions and should not undermine the refugee mandate of the Office and the institution of asylum, and encourages the High Commissioner to continue his dialogue with States on the role of his Office in this regard; </p>
        </content>
      </paragraph>
      <paragraph eId="para_66" class="SingleTxt">
        <num>	41.</num>
        <content eId="para_66__content">
          <p xml:space="preserve">
            <span class="italic">Welcomes</span> the efforts by the High Commissioner to improve coordination with Member States and other United Nations agencies; </p>
        </content>
      </paragraph>
      <paragraph eId="para_67" class="SingleTxt">
        <num>	42.</num>
        <content eId="para_67__content">
          <p xml:space="preserve">
            <span class="italic">Also welcomes</span> the efforts by the High Commissioner towards regionalization and decentralization, including to ensure that decision-making is closer to the point of delivery, and towards efficiency gains as efforts continue to advance refugee protection and solutions;</p>
        </content>
      </paragraph>
      <paragraph eId="para_68" class="SingleTxt">
        <num>	43.</num>
        <content eId="para_68__content">
          <p xml:space="preserve">
            <span class="italic">Encourages</span> African States, together with development and humanitarian actors, to work closely on multi-year strategies for refugees and internally displaced persons, factoring in the subregional dimension of many forced displacement crises; </p>
        </content>
      </paragraph>
      <paragraph eId="para_69" class="SingleTxt">
        <num>	44.</num>
        <content eId="para_69__content">
          <p xml:space="preserve">
            <span class="italic">Invites</span> the Special Rapporteur of the Human Rights Council on the human rights of internally displaced persons to continue the ongoing dialogue with Member States and the intergovernmental and non-governmental organizations concerned, in accordance with the Council’s mandate, and to include information thereon in all reports to the Council and the General Assembly; </p>
        </content>
      </paragraph>
      <paragraph eId="para_70" class="MercuryDocument">
        <num>	45.</num>
        <content eId="para_70__content">
          <p xml:space="preserve">
            <span class="italic">Requests</span> the Secretary-General to submit a comprehensive report on assistance to refugees, returnees and displaced persons in Africa to the General Assembly at its seventy-fifth session, taking fully into account, inter alia, the situation of their host communities, refugee camps and the efforts expended by countries of asylum and those aimed at bridging funding gaps, under the item entitled “Report of the United Nations High Commissioner for Refugees, questions relating to refugees, returnees and displaced persons and humanitarian questions”.</p>
        </content>
      </paragraph>
    </mainBody>
    <conclusions eId="conclusions">
      <p>
        <inline name="adoptionMeeting" title="50th">50th plenary meeting</inline>
        <eol />
        <docDate date="2019-12-18" refersTo="#adoptionDate">18 December 2019</docDate>
      </p>
    </conclusions>
  </statement>
</akomaNtoso>