<akomaNtoso xmlns:xsi="http://www.w3.org/2001/XMLSchema-instance" xsi:schemaLocation="http://docs.oasis-open.org/legaldocml/ns/akn/3.0 http://docs.oasis-open.org/legaldocml/akn-core/v1.0/os/part2-specs/schemas/akomantoso30.xsd" xmlns="http://docs.oasis-open.org/legaldocml/ns/akn/3.0" xmlns:html="http://www.w3.org/1999/xhtml" xmlns:akn4un="http://un.org/akn4un">
  <statement name="resolution">
    <meta>
      <identification source="#DGACM">
        <FRBRWork>
          <FRBRthis value="/akn/un/statement/deliberation/unga/2019-12-16/74-115/!main/"></FRBRthis>
          <FRBRuri value="/akn/un/statement/deliberation/unga/2019-12-16/74-115/"></FRBRuri>
          <FRBRdate date="2019-12-16" name="adoption"></FRBRdate>
          <FRBRauthor href="ga" as="author"></FRBRauthor>
          <FRBRcountry value="un"></FRBRcountry>
        </FRBRWork>
        <FRBRExpression>
          <FRBRthis value="/akn/un/statement/deliberation/unga/2019-12-16/74-115/eng@!main/"></FRBRthis>
          <FRBRuri value="/akn/un/statement/deliberation/unga/2019-12-16/74-115/eng@/"></FRBRuri>
          <FRBRdate date="2020-01-28" name="publication"></FRBRdate>
          <FRBRauthor href="ga" as="issuer"></FRBRauthor>
          <FRBRlanguage language="eng"></FRBRlanguage>
        </FRBRExpression>
        <FRBRManifestation>
          <FRBRthis value="/akn/un/statement/deliberation/unga/2019-12-16/74-115/eng@/!main.xml"></FRBRthis>
          <FRBRuri value="/akn/un/statement/deliberation/unga/2019-12-16/74-115/eng@.xml"></FRBRuri>
          <FRBRdate date="2020-07-28" name="markup"></FRBRdate>
          <FRBRauthor href="DGACM" as="editor"></FRBRauthor>
        </FRBRManifestation>
      </identification>
      <classification source="http://metadata.un.org/sdg">
        <keyword value="3" href="http://metadata.un.org/sdg/3" showAs="sdg_3" dictionary="SDGO"></keyword>
        <keyword value="public_health" href="http://eurovoc.europa.eu/3885" showAs="public_health" dictionary="EuroVoc"></keyword>
        <keyword value="health" href="http://metadata.un.org/thesaurus/1002824" showAs="health" dictionary="UNBIS Thesaurus"></keyword>
      </classification>
      <classification source="http://metadata.un.org/sdg">
        <keyword value="17" href="http://metadata.un.org/sdg/17" showAs="sdg_17" dictionary="SDGO"></keyword>
        <keyword value="sustainable_development" href="http://eurovoc.europa.eu/5585" showAs="sustainable_development" dictionary="EuroVoc"></keyword>
        <keyword value="partnership" href="http://eurovoc.europa.eu/4199" showAs="partnership" dictionary="EuroVoc"></keyword>
        <keyword value="sustainable_development" href="http://metadata.un.org/thesaurus/1006319" showAs="sustainable_development" dictionary="UNBIS Thesaurus"></keyword>
        <keyword value="partnership" href="http://metadata.un.org/thesaurus/1004748" showAs="partnership" dictionary="UNBIS Thesaurus"></keyword>
      </classification>
      <classification source="http://metadata.un.org/sdg">
        <keyword value="1" href="http://metadata.un.org/sdg/1" showAs="sdg_1" dictionary="SDGO"></keyword>
        <keyword value="poverty" href="http://eurovoc.europa.eu/2281" showAs="poverty" dictionary="EuroVoc"></keyword>
        <keyword value="poverty" href="http://metadata.un.org/thesaurus/1005064" showAs="poverty" dictionary="UNBIS Thesaurus"></keyword>
        <keyword value="poverty_mitigation" href="http://metadata.un.org/thesaurus/1005065" showAs="poverty_mitigation" dictionary="UNBIS Thesaurus"></keyword>
      </classification>
      <classification source="http://metadata.un.org/sdg">
        <keyword value="11" href="http://metadata.un.org/sdg/11" showAs="sdg_11" dictionary="SDGO"></keyword>
        <keyword value="urban_area" href="http://eurovoc.europa.eu/4809" showAs="urban_area" dictionary="EuroVoc"></keyword>
        <keyword value="cities" href="http://metadata.un.org/thesaurus/1000995" showAs="cities" dictionary="UNBIS Thesaurus"></keyword>
        <keyword value="human_settlements" href="http://metadata.un.org/thesaurus/1002986" showAs="human_settlements" dictionary="UNBIS Thesaurus"></keyword>
      </classification>
      <workflow source="#un">
        <step date="2019-12-06" outcome="draftResolution" as="A/74/L.31" by="State of Palestine (on behalf of the States Members of the United Nations that are members of the Group of 77 and China)" />
        <step date="0001-01-01" outcome="draftResolutionAdditionalSponsors" by="Albania, Andorra, Armenia, Australia, Belgium, Bulgaria, Canada, Croatia, Denmark, Finland, France, Germany, Greece, Ireland, Israel, Japan, Kazakhstan, Lithuania, Luxembourg, Malta, Mexico, Monaco, Montenegro, Netherlands, North Macedonia, Norway, Palau, Portugal, Romania, Russian Federation, San Marino, Serbia, Slovenia, Spain, Sweden, Switzerland and Turkey" />
        <step date="0001-01-01" outcome="recommendedForAdoption" by="" />
        <step date="2019-12-16" outcome="adopted" as="A/74/PV.49" by="" />
      </workflow>
      <analysis source="#un">
        <parliamentary>
          <voting outcome="adoptedWithoutVote">
            <quorum value=""></quorum>
          </voting>
        </parliamentary>
      </analysis>
      <references source="#DGACM">
        <TLCOrganization eId="source" href="/akn/ontology/organization/un/DGACM" showAs="DGACM"></TLCOrganization>
        <TLCConcept eId="dateOfIssuance" href="/akn/ontology/concept/un/dateOfIssuance" showAs="Date of issuance"></TLCConcept>
        <TLCConcept eId="dateOfAdoption" href="/akn/ontology/concept/un/dateOfAdoption" showAs="Date of adoption"></TLCConcept>
        <TLCConcept eId="symbol" href="/akn/ontology/reference/un/symbol" showAs="Symbol"></TLCConcept>
        <TLCRole eId="publisher" href="/akn/ontology/role/un/publisher" showAs="Publisher"></TLCRole>
        <TLCRole eId="issuingBody" href="/akn/role/concept/un/issuingBody" showAs="Issuing body"></TLCRole>
        <TLCRole eId="author" href="/akn/ontology/role/un/author" showAs="Author"></TLCRole>
        <TLCRole eId="editor" href="/akn/ontology/role/un/editor" showAs="Editor"></TLCRole>
        <TLCRole eId="distribution" href="/akn/ontology/concept/un/generalDistribution" showAs="General distribution"></TLCRole>
        <TLCOrganization eId="ga" href="/akn/ontology/organization/un/generalAssembly" showAs="General Assembly"></TLCOrganization>
        <TLCTerm eId="resolutionTitle" href="/akn/ontology/reference/un/resolutionTitle" showAs="Resolution title"></TLCTerm>
        <TLCTerm eId="noMainCommittee" href="#noMainCommittee" showAs="Without reference to a main committee"></TLCTerm>
        <TLCTerm eId="memberState" href="/akn/ontology/organization/un/memberState" showAs="Member State"></TLCTerm>
        <TLCTerm eId="inFavour" href="/akn/ontology/concept/un/voting/inFavour" showAs="In favour"></TLCTerm>
        <TLCTerm eId="against" href="/akn/ontology/concept/un/voting/against" showAs="Against"></TLCTerm>
        <TLCTerm eId="abstaining" href="/akn/ontology/concept/un/voting/abstaining" showAs="Abstaining"></TLCTerm>
      </references>
      <presentation source="#un">
        <akn4un:footerFirstPage>
          <akn4un:footerFirstPageLeft>
            <akn4un:internalCode>
              <docketNumber refersTo="#publicationJobNumber">19-22032 (E)</docketNumber>
              <img alt="bar code" class="barCode" src=""></img>
            </akn4un:internalCode>
          </akn4un:footerFirstPageLeft>
          <akn4un:footerFirstPageRight>
            <img alt="Please recycle" class="image" src="./recylcleLogo.jpg"></img>
            <img alt="embedded QR code" class="qrCode" src=""></img>
          </akn4un:footerFirstPageRight>
        </akn4un:footerFirstPage>
      </presentation>
    </meta>
    <coverPage eId="coverPage_1">
      <p>
        <span refersTo="#publisher" class="upperLeft">
          <docAuthority refersTo="#publisher">United Nations</docAuthority>
        </span>
      </p>
      <p class="upperRight">
        <docNumber refersTo="#symbol">A/RES/74/115</docNumber>
      </p>
      <p class="upperLeft">
        <img src="logo-un.jpg"></img>
        <docAuthority refersTo="#issuingBody" class="rightBig">General Assembly</docAuthority>
      </p>
      <p>
        <docStatus refersTo="#generalDistribution" class="rightSmall">Distr.: General</docStatus>
      </p>
      <p>
        <docDate date="2020-01-28" class="rightSmall" refersTo="#dateOfIssuance">28 January 2020</docDate>
      </p>
      <p>
        <session refersTo="#generalAssembly" value="74" eId="coverPage_1__session_1">Seventy-fourth session</session>
      </p>
      <p>
        <inline name="agenda item">Agenda item 71 (a)</inline>
      </p>
      <p>
        <inline name="agenda item name">Strengthening of the coordination of humanitarian and disaster relief assistance of the United Nations, including special economic assistance: strengthening of the coordination of emergency humanitarian assistance of the United Nations</inline>
      </p>
      <p>
        <docTitle>Resolution adopted by the General Assembly on 16 December 2019</docTitle>
      </p>
      <p xml:space="preserve">
        <docProponent refersTo="#noMainCommittee">[without reference to a Main Committee (<inline name="originating document">A/74/L.31 and A/74/L.31/Add.1</inline>)]</docProponent>
      </p>
    </coverPage>
    <preface>
      <p>
        <docNumber>74/115.</docNumber>
        <docTitle refersTo="#resolutionTitle">International cooperation on humanitarian assistance in the field of natural disasters, from relief to development</docTitle>
      </p>
    </preface>
    <preamble>
      <formula name="enactingFormula" eId="formula_1">
        <p xml:space="preserve">
          <span class="italic">The General Assembly</span>,</p>
      </formula>
      <container name="Reaffirming" eId="container_2">
        <p xml:space="preserve">
          <span class="italic">Reaffirming</span> its resolution <a href="https://undocs.org/en/A/RES/46/182">46/182</a> of 19 December 1991, the annex to which contains the guiding principles for the strengthening of the coordination of emergency humanitarian assistance of the United Nations system, as well as all its resolutions on international cooperation on humanitarian assistance in the field of natural disasters, from relief to development, and recalling the resolutions of the humanitarian segments of the substantive sessions of the Economic and Social Council, </p>
      </container>
      <container name="Reaffirming also" eId="container_3">
        <p xml:space="preserve">
          <span class="italic">Reaffirming also</span> the principles of humanity, neutrality, impartiality and independence for the provision of humanitarian assistance, </p>
      </container>
      <container name="Recalling" eId="container_4">
        <p xml:space="preserve">
          <span class="italic">Recalling</span> the Sendai Declaration<authorialNote marker="1" placement="bottom" eId="authorialNote_1"><p xml:space="preserve">	 	Resolution <a href="https://undocs.org/en/A/RES/69/283">69/283</a>, annex I.</p></authorialNote> and the Sendai Framework for Disaster Risk Reduction 2015–2030,<authorialNote marker="2" placement="bottom" eId="authorialNote_2"><p xml:space="preserve">	 	Ibid., annex II.</p></authorialNote> adopted by the Third United Nations World Conference on Disaster Risk Reduction, held in Sendai, Japan, from 14 to 18 March 2015, </p>
      </container>
      <container name="Recognizing" eId="container_5">
        <p xml:space="preserve">
          <span class="italic">Recognizing</span> that the Sendai Framework applies to the risk of small-scale and large-scale, frequent and infrequent, sudden and slow-onset disasters caused by natural or man-made hazards, as well as related environmental, technological and biological hazards and risks, </p>
      </container>
      <container name="Noting with concern" eId="container_6">
        <p xml:space="preserve">
          <span class="italic">Noting with concern</span> that slow-onset disasters such as droughts are on the rise in many places and can have significant impacts on affected populations and lead to increased vulnerability to other hazards, </p>
      </container>
      <container name="Recognizing" eId="container_7">
        <p xml:space="preserve">
          <span class="italic">Recognizing</span> the Global Platform for Disaster Risk Reduction as the main forum at the global level for strategic advice coordination and partnership development for disaster risk reduction, and recognizing also the contribution of the relevant regional and subregional platforms, </p>
      </container>
      <container name="Reaffirming" eId="container_8">
        <p xml:space="preserve">
          <span class="italic">Reaffirming</span> the Paris Agreement<authorialNote marker="3" placement="bottom" eId="authorialNote_3"><p xml:space="preserve">	 	See <a href="https://undocs.org/en/FCCC/CP/2015/10/Add.1">FCCC/CP/2015/10/Add.1</a>, decision 1/CP.21, annex.</p></authorialNote> and its early entry into force, and encouraging all the parties to the Agreement to fully implement the Agreement and parties to the United Nations Framework Convention on Climate Change<authorialNote marker="4" placement="bottom" eId="authorialNote_4"><p xml:space="preserve">	 	United Nations, <span class="italic">Treaty Series</span>, vol. 1771, No. 30822.</p></authorialNote> that have not yet done so to deposit their instruments of ratification, acceptance, approval or accession, where appropriate, as soon as possible,</p>
      </container>
      <container name="Highlighting" eId="container_9">
        <p xml:space="preserve">
          <span class="italic">Highlighting</span> the synergies between the implementation of the 2030 Agenda for Sustainable Development<authorialNote marker="5" placement="bottom" eId="authorialNote_5"><p xml:space="preserve">	 	Resolution <a href="https://undocs.org/en/A/RES/70/1">70/1</a>.</p></authorialNote> and the Paris Agreement, and noting with concern the findings contained in the <span class="italic">Special Report on Global Warming of 1.5°C</span> of the Intergovernmental Panel on Climate Change,‎</p>
      </container>
      <container name="Noting with appreciation" eId="container_10">
        <p xml:space="preserve">
          <span class="italic">Noting with appreciation</span> the hosting by the Government of Poland of the twenty-fourth session of the Conference of the Parties to the United Nations Framework Convention on Climate Change, the fourteenth session of the Conference of the Parties serving as the Meeting of the Parties to the Kyoto Protocol and the third part of the first session of the Conference of the Parties serving as the Meeting of the Parties to the Paris Agreement, held in Katowice, Poland, from 2 to 15 December 2018, and noting with appreciation also the convening by the Government of Chile, with the assistance of the Government of Spain, of the twenty-fifth session of the Conference of the Parties, the fifteenth session of the Conference of the Parties serving as the Meeting of the Parties to the Kyoto Protocol and the second session of the Conference of the Parties serving as the Meeting of the Parties to the Paris Agreement, in Madrid from 2 to 13 December 2019,</p>
      </container>
      <container name="Welcoming" eId="container_11">
        <p xml:space="preserve">
          <span class="italic">Welcoming</span> the holding of the 2019 Climate Action Summit convened by the Secretary-General on 23 September, and taking note of the multi-partner initiatives and commitments presented during the Summit, </p>
      </container>
      <container name="Noting with appreciation" eId="container_12">
        <p xml:space="preserve">
          <span class="italic">Noting with appreciation</span> the hosting by the Government of Switzerland of the sixth session of the Global Platform for Disaster Risk Reduction, held in Geneva from 13 to 17 May 2019, </p>
      </container>
      <container name="Taking note" eId="container_13">
        <p xml:space="preserve">
          <span class="italic">Taking note</span> of its resolution <a href="https://undocs.org/en/A/RES/71/1">71/1</a> of 19 September 2016, in which the General Assembly adopted the New York Declaration for Refugees and Migrants and the annexes thereto, </p>
      </container>
      <container name="Welcoming" eId="container_14">
        <p xml:space="preserve">
          <span class="italic">Welcoming</span> the convening of the intergovernmental conference held on 10 and 11 December 2018 in Marrakech, Morocco, and recalling that it adopted the Global Compact for Safe, Orderly and Regular Migration, also known as the Marrakech Compact on Migration,<authorialNote marker="6" placement="bottom" eId="authorialNote_6"><p xml:space="preserve">	 	Resolution <a href="https://undocs.org/en/A/RES/73/195">73/195</a>, annex.</p></authorialNote></p>
      </container>
      <container name="Emphasizing" eId="container_15">
        <p xml:space="preserve">
          <span class="italic">Emphasizing</span> the fundamentally civilian character of humanitarian assistance, reaffirming, in situations in which military capacity and assets are used as a last resort to support the implementation of humanitarian assistance in the field of natural disasters, the need for their use to be undertaken with the consent of the affected State and in conformity with international law, including international humanitarian law, as well as humanitarian principles, and emphasizing also in this regard the need for Member States to coordinate with all relevant actors early on in a disaster response so as to ensure the predictable, coherent and needs-based deployment of military assets and personnel supporting humanitarian assistance, </p>
      </container>
      <container name="Emphasizing also" eId="container_16">
        <p xml:space="preserve">
          <span class="italic">Emphasizing also</span> that the affected State has the primary responsibility in the initiation, organization, coordination and implementation of humanitarian assistance within its territory and in the facilitation of the work of humanitarian organizations in mitigating the consequences of natural disasters, </p>
      </container>
      <container name="Emphasizing further" eId="container_17">
        <p xml:space="preserve">
          <span class="italic">Emphasizing further</span> the primary responsibility of each State to undertake disaster risk reduction, including preparedness, and disaster risk management, including through the voluntary implementation of and follow-up to the Sendai Framework, as well as response and early recovery efforts, in order to minimize the impact of disasters and build resilience, while recognizing the importance of international cooperation in support of the efforts of affected countries which may have limited capacities in this regard, </p>
      </container>
      <container name="Recalling" eId="container_18">
        <p xml:space="preserve">
          <span class="italic">Recalling</span> the Bangkok Principles for the implementation of the health aspects of the Sendai Framework as a contribution to the Sendai Framework to build resilient health systems, </p>
      </container>
      <container name="Recognizing" eId="container_19">
        <p xml:space="preserve">
          <span class="italic">Recognizing</span> the primary role of Member States in preparing for and responding to outbreaks of infectious disease, including those that become humanitarian crises, in compliance with the International Health Regulations (2005) adopted by the World Health Assembly,<authorialNote marker="7" placement="bottom" eId="authorialNote_7"><p xml:space="preserve">	 	World Health Organization, document WHA58/2005/REC/1, resolution 58.3, annex.</p></authorialNote> highlighting the critical role played by Member States, the World Health Organization as the directing and coordinating authority on international health work, the United Nations humanitarian system, regional organizations, non‑governmental organizations, the private sector and other humanitarian actors in providing financial, technical and in-kind support in order to bring epidemics or pandemics under control, and recognizing also the need to strengthen local and national health systems, early reporting and early warning systems, preparedness, cross-sectoral response capacities, and resilience linked to outbreaks of infectious disease, including through capacity-building for developing countries, </p>
      </container>
      <container name="Expressing its deep concern" eId="container_20">
        <p xml:space="preserve">
          <span class="italic">Expressing its deep concern</span> at the increasing challenges to Member States and to the United Nations humanitarian response capacity to deal with the consequences of natural disasters, given the effects of global challenges, including the impact of climate change, the adverse impacts of the global financial and economic crisis and volatile food prices on food security and nutrition, and other key factors that exacerbate the vulnerability of populations and exposure to natural hazards and the impact of natural disasters, </p>
      </container>
      <container name="Expressing its deep concern also" eId="container_21">
        <p xml:space="preserve">
          <span class="italic">Expressing its deep concern also</span> that rural and urban poor communities in the developing world are the hardest hit by the effects of increased disaster risk, </p>
      </container>
      <container name="Noting with concern" eId="container_22">
        <p xml:space="preserve">
          <span class="italic">Noting with concern</span> that women, persons with disabilities, older persons, children and youth are often disproportionately affected in natural disasters, and stressing the need to ensure that their specific needs are identified and addressed in emergency preparedness and response, </p>
      </container>
      <container name="Acknowledging" eId="container_23">
        <p xml:space="preserve">
          <span class="italic">Acknowledging</span> the impacts of rapid urbanization in the context of natural disasters and the adverse effects of climate change and that urban disaster preparedness and responses require appropriate disaster risk reduction strategies, including in urban planning, early action, rapid response and early recovery strategies implemented from the initial stage of relief operations, as well as mitigation, rehabilitation and sustainable development strategies, giving special attention to the needs and capacities of persons in vulnerable situations, and that action by humanitarian and development actors in urban areas needs to recognize the complexity of cities and build urban resilience, with improved urban expertise and capacities within organizations, while building on the capabilities, opportunities and potential new partnerships present in cities and other human settlements, </p>
      </container>
      <container name="Reaffirming" eId="container_24">
        <p xml:space="preserve">
          <span class="italic">Reaffirming</span> the adoption of the outcome document entitled “New Urban Agenda” at the United Nations Conference on Housing and Sustainable Urban Development (Habitat III), held in Quito from 17 to 20 October 2016,<authorialNote marker="8" placement="bottom" eId="authorialNote_8"><p xml:space="preserve">	 	Resolution <a href="https://undocs.org/en/A/RES/71/256">71/256</a>, annex.</p></authorialNote> and in this regard noting the commitments therein undertaken by Member States regarding affected populations in urban areas, and noting also the importance of implementing policies to ensure more effective disaster risk reduction, including preparedness, and disaster risk management, </p>
      </container>
      <container name="Recognizing" eId="container_25">
        <p xml:space="preserve">
          <span class="italic">Recognizing</span> that local communities are the first responders in most disasters, underlining the critical role played by in-country capacities in disaster risk reduction, including preparedness, and capacity-building for community resilience, as well as response and recovery, and acknowledging the need to support the efforts of Member States to develop and enhance national and local capacities which are fundamental to improving the overall delivery of humanitarian assistance, </p>
      </container>
      <container name="Stressing" eId="container_26">
        <p xml:space="preserve">
          <span class="italic">Stressing</span> the need for all relevant actors involved in international responses to natural disasters to ensure that such responses are tailored to context, make use of appropriate tools and support local systems, including by building on local expertise and capacities, </p>
      </container>
      <container name="Recognizing" eId="container_27">
        <p xml:space="preserve">
          <span class="italic">Recognizing</span> the adverse effects of climate change as contributors to environmental degradation and extreme weather events, which may, in certain instances, among other factors, contribute to disaster-induced human mobility, </p>
      </container>
      <container name="Recognizing also" eId="container_28">
        <p xml:space="preserve">
          <span class="italic">Recognizing also</span> the high numbers of persons affected by natural disasters, including in this respect displaced persons,</p>
      </container>
      <container name="Reaffirming" eId="container_29">
        <p xml:space="preserve">
          <span class="italic">Reaffirming</span> the importance of international cooperation in support of the efforts of the affected States in dealing with natural disasters in all their phases, in particular in preparedness, response and the early recovery phase, and of strengthening the response capacity of countries affected by disaster, </p>
      </container>
      <container name="Recognizing" eId="container_30">
        <p xml:space="preserve">
          <span class="italic">Recognizing</span> the importance of sharing and making use of effective practices as part of transboundary cooperation in preparation for cross-border disaster situations, such as simulation exercises or preparedness or evacuation drills, </p>
      </container>
      <container name="Recognizing also" eId="container_31">
        <p xml:space="preserve">
          <span class="italic">Recognizing also</span> that scientific advancements can contribute to the effective forecasting of extreme weather events, which allows for a more accurate prediction and early warning of such events, leading to early action, </p>
      </container>
      <container name="Taking note" eId="container_32">
        <p xml:space="preserve">
          <span class="italic">Taking note</span> of the launch of the Coalition for Disaster-Resilient Infrastructure, the Risk-Informed Early Action Partnership, the Climate Risk and Early Warning Systems (CREWS) initiative, and the Year of Action launched by the Global Commission on Adaptation that will culminate in the 2020 Climate Adaptation Summit, </p>
      </container>
      <container name="Recognizing" eId="container_33">
        <p xml:space="preserve">
          <span class="italic">Recognizing</span> the progress made by the United Nations Platform for Space-based Information for Disaster Management and Emergency Response (UN‑SPIDER) in its mission, </p>
      </container>
      <container name="Noting" eId="container_34">
        <p xml:space="preserve">
          <span class="italic">Noting</span> the progress made by and the role of the Global Framework for Climate Services in developing and providing science-based climate information and prediction for climate risk management and for adaptation to climate variability and change, and looking forward to continued progress in this regard, including to address identified gaps in coordinating and enabling partnerships, </p>
      </container>
      <container name="Welcoming" eId="container_35">
        <p xml:space="preserve">
          <span class="italic">Welcoming</span> the important role played by Member States, including developing countries, that have granted necessary and continued generous assistance to countries and peoples stricken by natural disasters, </p>
      </container>
      <container name="Recognizing" eId="container_36">
        <p xml:space="preserve">
          <span class="italic">Recognizing</span> the significant role played by national Red Cross and Red Crescent societies, as part of the International Red Cross and Red Crescent Movement, in disaster preparedness and risk reduction, disaster response, rehabilitation and development, </p>
      </container>
      <container name="Recognizing also" eId="container_37">
        <p xml:space="preserve">
          <span class="italic">Recognizing also</span> the significant achievements of the Central Emergency Response Fund in facilitating life-saving assistance to crisis-affected people by providing timely funding, enabling humanitarian organizations and their implementing partners to act quickly when tragedy strikes and steer resources to crises that do not receive the attention that they need and deserve, emphasizing the need to broaden and diversify the income base of the Fund, and welcoming in this regard the call by the Secretary-General to achieve an annual funding level of 1 billion United States dollars, </p>
      </container>
      <container name="Emphasizing" eId="container_38">
        <p xml:space="preserve">
          <span class="italic">Emphasizing</span> the need to address vulnerability and to integrate disaster risk reduction, including prevention, mitigation and preparedness, into all phases of natural disaster management, post-natural disaster recovery and development planning through close collaboration of all relevant actors and sectors, </p>
      </container>
      <container name="Reaffirming" eId="container_39">
        <p xml:space="preserve">
          <span class="italic">Reaffirming</span> that strengthening resilience contributes to withstanding, adapting to and quickly recovering from disasters, </p>
      </container>
      <container name="Reaffirming also" eId="container_40">
        <p xml:space="preserve">
          <span class="italic">Reaffirming also</span> the importance of considering increasing investment in building the resilience of communities, which can be the first line of response, </p>
      </container>
      <container name="Recognizing" eId="container_41">
        <p xml:space="preserve">
          <span class="italic">Recognizing</span> the changing scope, scale and complexity of humanitarian crises, including natural disasters, and their adverse impact on efforts to achieve economic growth, sustainable development and internationally agreed development goals, in particular the Sustainable Development Goals, and noting the positive contribution that these efforts can make in strengthening the resilience and preparedness of populations to such disasters and reducing displacement risk in the context of disasters, </p>
      </container>
      <container name="Recognizing also" eId="container_42">
        <p xml:space="preserve">
          <span class="italic">Recognizing also</span> the clear relationship between emergency response, rehabilitation and development, and reaffirming that, in order to ensure a smooth transition from relief to rehabilitation and development, emergency assistance must be provided in ways that will be supportive of short-term and medium-term recovery, leading to long-term development, and that certain emergency measures should be seen as a step towards sustainable development, </p>
      </container>
      <container name="Emphasizing" eId="container_43">
        <p xml:space="preserve">
          <span class="italic">Emphasizing</span>, in this context, the important role of development organizations, international financial institutions and other relevant stakeholders in supporting national efforts to prepare for and mitigate the consequences of natural disasters, </p>
      </container>
    </preamble>
    <mainBody>
      <paragraph eId="para_44" class="SingleTxt">
        <num>	1.</num>
        <content eId="para_44__content">
          <p xml:space="preserve">
            <span class="italic">Takes note with appreciation</span> of the report of the Secretary-General;<authorialNote marker="9" placement="bottom" eId="authorialNote_9"><p xml:space="preserve"><a href="https://undocs.org/en/A/74/319">A/74/319</a>.</p></authorialNote></p>
        </content>
      </paragraph>
      <paragraph eId="para_45" class="SingleTxt">
        <num>	2.</num>
        <content eId="para_45__content">
          <p xml:space="preserve">
            <span class="italic">Expresses its deep concern</span> at the increasing impact of natural disasters, resulting in massive losses of life and property worldwide, food insecurity, water and sanitation-related challenges, shelter and infrastructure losses, and, in some instances, displacement, in particular in vulnerable societies lacking adequate capacity to mitigate effectively the long-term negative social, economic and environmental consequences of natural disasters;</p>
        </content>
      </paragraph>
      <paragraph eId="para_46" class="SingleTxt">
        <num>	3.</num>
        <content eId="para_46__content">
          <p xml:space="preserve">
            <span class="italic">Reaffirms</span> the importance of implementing the Sendai Framework for Disaster Risk Reduction 2015–2030,<sup>2</sup> to ensure the substantial reduction of disaster risk and losses in lives, livelihoods and health and in the economic, physical, social, cultural and environmental assets of persons, businesses, communities and countries, and underlines the importance of tackling the underlying disaster risk drivers and of integrating a disaster risk reduction perspective into humanitarian assistance and development assistance programmes, as appropriate, to prevent new and reduce existing disaster risk; </p>
        </content>
      </paragraph>
      <paragraph eId="para_47" class="SingleTxt">
        <num>	4.</num>
        <content eId="para_47__content">
          <p xml:space="preserve">
            <span class="italic">Encourages</span> the United Nations to continue to increase its support for Member States in their prioritized implementation of the Sendai Framework, including through the revised United Nations Plan of Action on Disaster Risk Reduction for Resilience: Towards a Risk-informed and Integrated Approach to Sustainable Development, in line with the Sendai Framework, to ensure that the implementation of the Sendai Framework most effectively contributes to a risk-informed and integrated approach to the achievement of the 2030 Agenda for Sustainable Development,<sup>5</sup> in particular through building resilience against disasters, reducing displacement risk in the context of disasters and supporting national and local preparedness and response capacities;</p>
        </content>
      </paragraph>
      <paragraph eId="para_48" class="SingleTxt">
        <num>	5.</num>
        <content eId="para_48__content">
          <p xml:space="preserve">
            <span class="italic">Emphasizes</span> the need to promote and strengthen disaster risk reduction and preparedness activities at all levels, in particular in hazard-prone areas, and encourages Member States, the United Nations system and other relevant humanitarian and development actors to continue to increase funding and cooperation for disaster risk reduction activities, including the strengthening of preparedness and mitigation, as well as for responding to disasters; </p>
        </content>
      </paragraph>
      <paragraph eId="para_49" class="SingleTxt">
        <num>	6.</num>
        <content eId="para_49__content">
          <p xml:space="preserve">
            <span class="italic">Encourages</span> Member States, in line with the call in the Sendai Framework, to promote disaster risk reduction, including prevention, mitigation and preparedness, response and recovery with a view to ensuring a rapid and effective response to disasters and to promoting international cooperation to build resilience and reduce disaster risk; </p>
        </content>
      </paragraph>
      <paragraph eId="para_50" class="SingleTxt">
        <num>	7.</num>
        <content eId="para_50__content">
          <p xml:space="preserve">
            <span class="italic">Also encourages</span> Member States to provide dedicated financial contributions to disaster risk reduction, including prevention, mitigation and preparedness, as well as early action, rapid response and recovery efforts, in a harmonized, flexible and complementary approach that fully utilizes and helps to coordinate humanitarian and development funding options and potential; </p>
        </content>
      </paragraph>
      <paragraph eId="para_51" class="SingleTxt">
        <num>	8.</num>
        <content eId="para_51__content">
          <p xml:space="preserve">
            <span class="italic">Calls upon</span> all States to adopt, where required, and to continue to implement effectively, necessary legislative and other appropriate measures to mitigate the effects of natural disasters and integrate disaster risk reduction strategies into development planning, as well as to incorporate a gender perspective into policies, planning and funding, and in this regard requests the international community to continue to assist developing countries as well as countries with economies in transition, as appropriate; </p>
        </content>
      </paragraph>
      <paragraph eId="para_52" class="SingleTxt">
        <num>	9.</num>
        <content eId="para_52__content">
          <p xml:space="preserve">
            <span class="italic">Acknowledges</span> that climate change, among other factors, contributes to environmental degradation and to the increase in the intensity and frequency of climate and extreme weather events, both of which amplify disaster risk and contribute to displacement risk in the context of disasters, and in this regard encourages Member States, as well as relevant international, regional and subregional organizations, in accordance with their specific mandates, to support adaptation to the adverse effects of climate change, to strengthen disaster risk reduction and to substantially increase the availability of and access to multi-hazard early warning systems in order to minimize the humanitarian consequences of natural disasters, including through the provision of technology and support for capacity-building in developing countries; </p>
        </content>
      </paragraph>
      <paragraph eId="para_53" class="SingleTxt">
        <num>	10.</num>
        <content eId="para_53__content">
          <p xml:space="preserve">
            <span class="italic">Urges</span> the United Nations, relevant humanitarian and development organizations, international financial institutions and other relevant stakeholders to strengthen the capacity and resilience of Member States, including through capacity-building for community resilience, the application of new science and technology and investments in the context of disasters and climate change; </p>
        </content>
      </paragraph>
      <paragraph eId="para_54" class="SingleTxt">
        <num>	11.</num>
        <content eId="para_54__content">
          <p xml:space="preserve">
            <span class="italic">Encourages</span> Member States to address the humanitarian and development needs arising from natural disaster-induced displacement, including through national policies and resilience-building, and in this regard encourages Member States, supported by the United Nations, to develop national laws and policies on internal displacement, as appropriate, which address such displacement, detail responsibilities and measures to minimize the impact of disasters, protect and assist internally displaced persons following disasters and identify, promote and support safe, dignified and durable solutions, and in this respect encourages Member States to adopt standards, as appropriate, in line with the Guiding Principles on Internal Displacement,<authorialNote marker="10" placement="bottom" eId="authorialNote_10"><p xml:space="preserve"><a href="https://undocs.org/en/E/CN.4/1998/53/Add.2">E/CN.4/1998/53/Add.2</a>, annex.</p></authorialNote> the Framework on Durable Solutions for Internally Displaced Persons of the Inter-Agency Standing Committee<authorialNote marker="11" placement="bottom" eId="authorialNote_11"><p xml:space="preserve"><a href="https://undocs.org/en/A/HRC/13/21/Add.4">A/HRC/13/21/Add.4</a>.</p></authorialNote> and the basic principles and guidelines on development-based evictions and displacement;<authorialNote marker="12" placement="bottom" eId="authorialNote_12"><p xml:space="preserve"><a href="https://undocs.org/en/A/HRC/4/18">A/HRC/4/18</a>, annex I.</p></authorialNote></p>
        </content>
      </paragraph>
      <paragraph eId="para_55" class="SingleTxt">
        <num>	12.</num>
        <content eId="para_55__content">
          <p xml:space="preserve">
            <span class="italic">Also encourages</span> Member States to develop coherent approaches to address the challenges of displacement in the context of natural disasters, including sudden-onset and slow-onset, and takes note of relevant initiatives in this regard;</p>
        </content>
      </paragraph>
      <paragraph eId="para_56" class="SingleTxt">
        <num>	13.</num>
        <content eId="para_56__content">
          <p xml:space="preserve">
            <span class="italic">Calls upon</span> Member States, the United Nations and humanitarian and development organizations to integrate the building of resilience and human mobility into relevant strategies, plans and legal frameworks, in particular regarding disaster risk management and climate change adaptation, as integral elements of sustainable development at the national and regional levels so as to help to prevent and mitigate displacement in the context of disasters and the adverse effects of climate change, including in urban settings where displaced persons have particular needs, requirements and vulnerabilities, and to enhance cooperation and coordination, where appropriate, to comprehensively and coherently respond to such displacement, including by preventing, preparing for and addressing it; </p>
        </content>
      </paragraph>
      <paragraph eId="para_57" class="SingleTxt">
        <num>	14.</num>
        <content eId="para_57__content">
          <p xml:space="preserve">
            <span class="italic">Recognizes</span> the increase in the number and scale of natural disasters, including those related to the adverse effects of climate change, which in certain instances may contribute to displacement and to additional pressure on host communities, encourages Member States, the United Nations and relevant organizations and actors to further strengthen the efforts aimed at addressing the needs of persons displaced in the context of disasters, including those induced by climate change, and notes in this regard the importance of sharing best practices on prevention of and preparation for such displacements, and on the collection of data on such displacement and on durable solutions; </p>
        </content>
      </paragraph>
      <paragraph eId="para_58" class="SingleTxt">
        <num>	15.</num>
        <content eId="para_58__content">
          <p xml:space="preserve">
            <span class="italic">Encourages</span> Member States, the United Nations, relevant humanitarian and development organizations and other relevant stakeholders, as appropriate, to enhance understanding, analysis, monitoring and assessment of the drivers, scale, dynamics, effects, patterns and duration of displacement in the context of slow-onset disasters, gradual environmental degradation and climate change, to strengthen the systematic, impartial and timely collection and sharing of data disaggregated by sex, age and disability and to strengthen evidence-based policy and operational responses at all levels in this regard, including to address the root causes of such displacement and strengthen the resilience of displaced persons and their host communities; </p>
        </content>
      </paragraph>
      <paragraph eId="para_59" class="SingleTxt">
        <num>	16.</num>
        <content eId="para_59__content">
          <p xml:space="preserve">
            <span class="italic">Encourages</span> Member States to integrate displacement considerations into disaster preparedness strategies and promote cooperation with neighbouring and other relevant countries to prepare for early warning, contingency planning, stockpiling, coordination mechanisms, evacuation planning, reception and assistance arrangements, and public information;</p>
        </content>
      </paragraph>
      <paragraph eId="para_60" class="SingleTxt">
        <num>	17.</num>
        <content eId="para_60__content">
          <p xml:space="preserve">
            <span class="italic">Calls upon</span> Member States and relevant organizations and actors to recognize and address the consequences of humanitarian emergencies for migrants, in particular those in vulnerable situations, and to strengthen coordinated international efforts for their assistance and protection in concert with national authorities;</p>
        </content>
      </paragraph>
      <paragraph eId="para_61" class="SingleTxt">
        <num>	18.</num>
        <content eId="para_61__content">
          <p xml:space="preserve">
            <span class="italic">Encourages</span> Member States to strengthen operational and legal frameworks for international disaster relief and initial recovery, to adopt and implement national laws and regulations, as appropriate, to reduce the impact of the underlying drivers of disaster risk and vulnerability, and to adopt comprehensive rules and procedures for the facilitation and regulation of international disaster assistance, drawing, as appropriate, from the Guidelines for the Domestic Facilitation and Regulation of International Disaster Relief and Initial Recovery Assistance, and calls upon the International Red Cross and Red Crescent Movement, relevant United Nations organizations and other partners for technical support in achieving these aims; </p>
        </content>
      </paragraph>
      <paragraph eId="para_62" class="SingleTxt">
        <num>	19.</num>
        <content eId="para_62__content">
          <p xml:space="preserve">
            <span class="italic">Welcomes</span> the effective cooperation among the affected States, relevant bodies of the United Nations system, donor countries, regional and international financial institutions and other relevant stakeholders, such as the International Red Cross and Red Crescent Movement, municipalities, civil society and the private sector, in the coordination and delivery of emergency relief, and stresses the need to continue such cooperation and delivery throughout relief operations and medium- and long-term rehabilitation and reconstruction efforts, in a manner that reduces vulnerability to future natural hazards; </p>
        </content>
      </paragraph>
      <paragraph eId="para_63" class="SingleTxt">
        <num>	20.</num>
        <content eId="para_63__content">
          <p xml:space="preserve">
            <span class="italic">Reiterates</span> the commitment to support, as a matter of priority, the efforts of countries, in particular developing countries, to strengthen their capacities at all levels in order to assess and reduce risks, prepare for and respond rapidly, effectively and safely to natural disasters and mitigate their impact; </p>
        </content>
      </paragraph>
      <paragraph eId="para_64" class="SingleTxt">
        <num>	21.</num>
        <content eId="para_64__content">
          <p xml:space="preserve">
            <span class="italic">Also reiterates</span> the need to build the capacities of governments to manage and respond to disaster and climate risks, including by providing support for and strengthening national and, as appropriate, local preparedness and response capacities, and to build resilience, taking into account the differing needs of women, girls, boys and men of all ages, including persons with disabilities; </p>
        </content>
      </paragraph>
      <paragraph eId="para_65" class="SingleTxt">
        <num>	22.</num>
        <content eId="para_65__content">
          <p xml:space="preserve">
            <span class="italic">Underlines</span> the need to address the economic, social and environmental impacts of climate change, and emphasizes the need for action at all levels to enhance efforts to build resilience through, inter alia, the sustainable management of ecosystems, in order to reduce the impacts and costs of natural disasters;</p>
        </content>
      </paragraph>
      <paragraph eId="para_66" class="SingleTxt">
        <num>	23.</num>
        <content eId="para_66__content">
          <p xml:space="preserve">
            <span class="italic">Urges</span> Member States to develop, update and strengthen early warning systems, disaster preparedness and risk reduction measures at all levels, in accordance with the Sendai Framework, taking into account their own circumstances and capacities and in coordination with relevant actors, as appropriate, and to improve their response to early warning information in order to ensure that early warning leads to early action, implemented effectively in a timely manner, including through scaled‑up, predictable and multi-year support, such as forecast-based financing and other anticipatory risk financing instruments, and encourages all stakeholders to support the efforts of Member States in this regard; </p>
        </content>
      </paragraph>
      <paragraph eId="para_67" class="SingleTxt">
        <num>	24.</num>
        <content eId="para_67__content">
          <p xml:space="preserve">
            <span class="italic">Urges</span> Member States, the United Nations and humanitarian and development organizations to continue to support early warning and early action efforts, including through forecast-based financing at the global, regional and national levels, including for multi-hazard early warning systems, climate services, exposure and vulnerability mapping, new technologies and communication protocols, so that persons in vulnerable situations who are exposed to natural hazards, including in geographically remote locations, receive timely, reliable, accurate and actionable early warning information, and encourages the international community to further support national efforts in this regard; </p>
        </content>
      </paragraph>
      <paragraph eId="para_68" class="SingleTxt">
        <num>	25.</num>
        <content eId="para_68__content">
          <p xml:space="preserve">
            <span class="italic">Encourages</span> the United Nations, humanitarian and development organizations, the private sector and other relevant stakeholders to support, as appropriate, the efforts of Member States to address the underlying vulnerability and root causes of disaster risk and to work towards ensuring financing support that is coherent, layered and sequenced; </p>
        </content>
      </paragraph>
      <paragraph eId="para_69" class="SingleTxt">
        <num>	26.</num>
        <content eId="para_69__content">
          <p xml:space="preserve">
            <span class="italic">Encourages</span> Member States to develop or enhance forecast-based preparedness and early action and rapid response systems, including through the establishment and networking of risk management centres, as well as the coordination of existing networks, ensure that comprehensive procedures are in place and make resources available for actions in anticipation of natural disasters, and invites relevant bodies of the United Nations system and other stakeholders to engage in these efforts;</p>
        </content>
      </paragraph>
      <paragraph eId="para_70" class="SingleTxt">
        <num>	27.</num>
        <content eId="para_70__content">
          <p xml:space="preserve">
            <span class="italic">Also encourages</span> Member States to consider elaborating and presenting to the United Nations Office for Disaster Risk Reduction their national platforms for disaster risk reduction in accordance with the Sendai Framework, and encourages States to cooperate with each other to reach this objective; </p>
        </content>
      </paragraph>
      <paragraph eId="para_71" class="SingleTxt">
        <num>	28.</num>
        <content eId="para_71__content">
          <p xml:space="preserve">
            <span class="italic">Encourages</span> Member States, the United Nations and humanitarian and development organizations, in accordance with their respective mandates, to provide, in a coordinated manner, support for national and regional efforts by providing, in the context of natural disasters, the assistance necessary to increase sustainable food production and access to healthy and nutritious food and its utilization, while fully respecting the humanitarian principles for humanitarian action; </p>
        </content>
      </paragraph>
      <paragraph eId="para_72" class="SingleTxt">
        <num>	29.</num>
        <content eId="para_72__content">
          <p xml:space="preserve">
            <span class="italic">Recognizes</span> the importance of applying a multi-hazard approach to preparedness, and encourages Member States, taking into account their specific circumstances, and the United Nations system to continue to apply the approach to their preparedness activities, including by giving due regard to, inter alia, secondary environmental hazards stemming from industrial and technological accidents; </p>
        </content>
      </paragraph>
      <paragraph eId="para_73" class="SingleTxt">
        <num>	30.</num>
        <content eId="para_73__content">
          <p xml:space="preserve">
            <span class="italic">Stresses</span> that, to increase further the effectiveness of humanitarian assistance, particular international cooperation efforts should be undertaken to enhance and broaden further the utilization of national and local capacities and, where appropriate, of regional and subregional capacities for disaster preparedness and response, which may be made available in closer proximity to the site of a disaster, and more efficiently and at lower cost; </p>
        </content>
      </paragraph>
      <paragraph eId="para_74" class="SingleTxt">
        <num>	31.</num>
        <content eId="para_74__content">
          <p xml:space="preserve">
            <span class="italic">Acknowledges</span> that the recovery, rehabilitation and reconstruction phase, which needs to be prepared ahead of a disaster, is a critical opportunity to “build back better”; </p>
        </content>
      </paragraph>
      <paragraph eId="para_75" class="SingleTxt">
        <num>	32.</num>
        <content eId="para_75__content">
          <p xml:space="preserve">
            <span class="italic">Encourages</span> Member States, the United Nations and other relevant stakeholders to continue to support the localization of disaster preparedness and response and work to ensure that national and local actors are enabled to respond to community-level needs and priorities, and strengthen collaboration and partnerships between international, national, local and regional actors with a view to reinforcing national and local capacities, leadership and coordination mechanisms; </p>
        </content>
      </paragraph>
      <paragraph eId="para_76" class="SingleTxt">
        <num>	33.</num>
        <content eId="para_76__content">
          <p xml:space="preserve">
            <span class="italic">Encourages</span> Member States and the United Nations to continue to implement community engagement approaches through which communities receive timely information and which can improve the targeting of humanitarian assistance; </p>
        </content>
      </paragraph>
      <paragraph eId="para_77" class="SingleTxt">
        <num>	34.</num>
        <content eId="para_77__content">
          <p xml:space="preserve">
            <span class="italic">Encourages</span> Member States and regional organizations to work together to strengthen regional cooperation to improve national and regional capacity to understand and reduce risks and prepare for and respond to disasters in support of national efforts, including by exchanging experiences and best practices; </p>
        </content>
      </paragraph>
      <paragraph eId="para_78" class="SingleTxt">
        <num>	35.</num>
        <content eId="para_78__content">
          <p xml:space="preserve">
            <span class="italic">Encourages</span> Member States to move from reactive to more anticipatory risk-based, multi-hazard and inclusive approaches, such as the promotion of ex ante investments to prevent disaster risks and build resilience, the promotion of environmental and spatial measures and the integration of lessons from past disasters, as well as awareness of new risks, into future planning; </p>
        </content>
      </paragraph>
      <paragraph eId="para_79" class="SingleTxt">
        <num>	36.</num>
        <content eId="para_79__content">
          <p xml:space="preserve">
            <span class="italic">Encourages</span> innovative practices that draw on the knowledge of people affected by natural disasters to develop locally sustainable solutions and to produce life-saving items locally, with minimal logistical and infrastructure implications; </p>
        </content>
      </paragraph>
      <paragraph eId="para_80" class="SingleTxt">
        <num>	37.</num>
        <content eId="para_80__content">
          <p xml:space="preserve">
            <span class="italic">Stresses</span>, in this context, the importance of strengthening international cooperation, particularly through the effective use of multilateral mechanisms, in the timely provision of humanitarian assistance through all phases of a disaster, from relief and recovery to development, including the provision of adequate resources; </p>
        </content>
      </paragraph>
      <paragraph eId="para_81" class="SingleTxt">
        <num>	38.</num>
        <content eId="para_81__content">
          <p xml:space="preserve">
            <span class="italic">Encourages</span> all relevant stakeholders, including Member States, to take appropriate measures to reduce and discourage the sending of unsolicited, unneeded or inappropriate relief goods in response to disasters; </p>
        </content>
      </paragraph>
      <paragraph eId="para_82" class="SingleTxt">
        <num>	39.</num>
        <content eId="para_82__content">
          <p xml:space="preserve">
            <span class="italic">Encourages</span> all Member States to facilitate, to the extent possible, the transit of emergency humanitarian assistance and development assistance and the entry of humanitarian personnel and supplies, provided in the context of international efforts, including in the phase from relief to development, in full accordance with the provisions of resolution <a href="https://undocs.org/en/A/RES/46/182">46/182</a> and the annex thereto, and in full respect of the humanitarian principles of humanity, neutrality, impartiality and independence, and their obligations under international law, including international humanitarian law; </p>
        </content>
      </paragraph>
      <paragraph eId="para_83" class="SingleTxt">
        <num>	40.</num>
        <content eId="para_83__content">
          <p xml:space="preserve">
            <span class="italic">Encourages</span> Member States to put in place, as appropriate, customs measures to improve effectiveness in responding to natural disasters; </p>
        </content>
      </paragraph>
      <paragraph eId="para_84" class="SingleTxt">
        <num>	41.</num>
        <content eId="para_84__content">
          <p xml:space="preserve">
            <span class="italic">Reaffirms</span> the leading role of the Office for the Coordination of Humanitarian Affairs of the Secretariat as the focal point within the overall United Nations system for the advocacy for and coordination of humanitarian assistance among United Nations humanitarian organizations and other humanitarian partners; </p>
        </content>
      </paragraph>
      <paragraph eId="para_85" class="SingleTxt">
        <num>	42.</num>
        <content eId="para_85__content">
          <p xml:space="preserve">
            <span class="italic">Welcomes</span> the important contribution of the United Nations Disaster Assessment and Coordination system to the effectiveness of humanitarian assistance in supporting Member States, upon their request, and the United Nations system in preparedness and humanitarian response, and encourages the continued incorporation into this mechanism of experts from developing countries that are prone to natural disasters; </p>
        </content>
      </paragraph>
      <paragraph eId="para_86" class="SingleTxt">
        <num>	43.</num>
        <content eId="para_86__content">
          <p xml:space="preserve">
            <span class="italic">Also welcomes</span> the important contribution of the International Search and Rescue Advisory Group to the effectiveness of international urban search and rescue assistance, and encourages Member States to continue to support the Advisory Group, in line with General Assembly resolution <a href="https://undocs.org/en/A/RES/57/150">57/150</a> of 16 December 2002; </p>
        </content>
      </paragraph>
      <paragraph eId="para_87" class="SingleTxt">
        <num>	44.</num>
        <content eId="para_87__content">
          <p xml:space="preserve">
            <span class="italic">Urges</span> Member States, the United Nations system and other humanitarian actors to consider the specific and differentiated consequences of natural disasters in both rural and urban areas when designing and implementing disaster risk reduction, prevention and mitigation, preparedness, humanitarian assistance and early recovery strategies, giving special emphasis to addressing the needs of those living in rural and urban poor areas prone to natural disasters; </p>
        </content>
      </paragraph>
      <paragraph eId="para_88" class="SingleTxt">
        <num>	45.</num>
        <content eId="para_88__content">
          <p xml:space="preserve">
            <span class="italic">Encourages</span> Member States, the United Nations and humanitarian and development organizations, in accordance with their respective mandates, and other relevant stakeholders to continue to take concrete action for the effective implementation of the New Urban Agenda,<sup>8</sup> in order to strengthen resilience to disasters and the adverse effects of climate change, and ensure that sustainable development in urban settings is informed by disaster risk, giving special attention to the needs and capacities of persons in vulnerable situations; </p>
        </content>
      </paragraph>
      <paragraph eId="para_89" class="SingleTxt">
        <num>	46.</num>
        <content eId="para_89__content">
          <p xml:space="preserve">
            <span class="italic">Recognizes</span> the important contribution of healthy ecosystems to reducing disaster risk and building community resilience, and encourages all States, United Nations entities and other relevant actors to promote ecosystem-based approaches and nature-based solutions for disaster risk reduction at all levels and across all phases of disaster risk reduction and management;</p>
        </content>
      </paragraph>
      <paragraph eId="para_90" class="SingleTxt">
        <num>	47.</num>
        <content eId="para_90__content">
          <p xml:space="preserve">
            <span class="italic">Welcomes</span> the continued efforts of the Office for the Coordination of Humanitarian Affairs to build partnerships with regional organizations, traditional and non-traditional donors and the private sector, and encourages Member States and the United Nations system to continue to strengthen partnerships at the global, regional, national and local levels in support of national efforts in situations of natural disasters, in order to cooperate effectively in providing humanitarian assistance to those in need and ensure that their collaborative efforts adhere to the principles of humanity, neutrality, impartiality and independence; </p>
        </content>
      </paragraph>
      <paragraph eId="para_91" class="SingleTxt">
        <num>	48.</num>
        <content eId="para_91__content">
          <p xml:space="preserve">
            <span class="italic">Encourages</span> Member States, the United Nations and humanitarian and development organizations to increase efforts to engage the private sector, including small and medium-sized enterprises, through strategic partnerships in disaster risk reduction activities and disaster response and recovery, as appropriate; </p>
        </content>
      </paragraph>
      <paragraph eId="para_92" class="SingleTxt">
        <num>	49.</num>
        <content eId="para_92__content">
          <p xml:space="preserve">
            <span class="italic">Recognizes</span> that information and telecommunications technology can play an important role in disaster response, encourages Member States to develop emergency response telecommunications capacities that are accessible to all, including persons with disabilities, encourages the international community to assist the efforts of developing countries in this area, where needed, including in the recovery phase, and in this regard encourages Member States that have not acceded to or ratified the Tampere Convention on the Provision of Telecommunication Resources for Disaster Mitigation and Relief Operations<authorialNote marker="13" placement="bottom" eId="authorialNote_13"><p xml:space="preserve">	 	United Nations, <span class="italic">Treaty Series</span>, vol. 2296, No. 40906.</p></authorialNote> to consider doing so; </p>
        </content>
      </paragraph>
      <paragraph eId="para_93" class="SingleTxt">
        <num>	50.</num>
        <content eId="para_93__content">
          <p xml:space="preserve">
            <span class="italic">Encourages</span> the further use of space-based and ground-based remote-sensing technologies, including as provided by the United Nations Platform for Space-based Information for Disaster Management and Emergency Response (UN‑SPIDER), as well as the sharing of geographical data, for the forecasting, prevention, mitigation and management of natural disasters, where appropriate, and invites Member States to continue to provide their support to the consolidation of the United Nations capability in the area of satellite-derived geographical information for early warning, preparedness, response and early recovery; </p>
        </content>
      </paragraph>
      <paragraph eId="para_94" class="SingleTxt">
        <num>	51.</num>
        <content eId="para_94__content">
          <p xml:space="preserve">
            <span class="italic">Encourages</span> Member States to provide all support necessary, on a voluntary basis, to UN-SPIDER, including financial support, to enable it to carry out its workplan for 2020–2021, and reiterates the importance of enhancing international coordination and cooperation at the global level in disaster management and emergency response through greater access to and use of space-based services for all countries and by facilitating capacity-building and institutional strengthening for disaster management, in particular in developing countries; </p>
        </content>
      </paragraph>
      <paragraph eId="para_95" class="SingleTxt">
        <num>	52.</num>
        <content eId="para_95__content">
          <p xml:space="preserve">
            <span class="italic">Recognizes</span> the opportunities for new technologies, when utilized in a coordinated fashion and based on humanitarian principles, potentially to improve the effectiveness and accountability of humanitarian response, and encourages Member States, the United Nations and its humanitarian partners to consider engaging, inter alia, with the volunteer and technical communities, as appropriate, in order to make use of the variety of data and information available during emergencies and disaster risk reduction efforts to strengthen the evidence-based shared understanding of disaster risk and impacts and to work to improve efficiencies in this regard; </p>
        </content>
      </paragraph>
      <paragraph eId="para_96" class="SingleTxt">
        <num>	53.</num>
        <content eId="para_96__content">
          <p xml:space="preserve">
            <span class="italic">Encourages</span> the United Nations to continue to strengthen its provision of data-related services and policy advice and build the data skills of its humanitarian staff, in order to improve the effectiveness of disaster preparedness and response; </p>
        </content>
      </paragraph>
      <paragraph eId="para_97" class="SingleTxt">
        <num>	54.</num>
        <content eId="para_97__content">
          <p xml:space="preserve">
            <span class="italic">Encourages</span> Member States, relevant United Nations organizations and international financial institutions to enhance the global capacity for sustainable post-disaster recovery in areas such as coordination with traditional and non-traditional partners, identification and dissemination of lessons learned, development of common tools and mechanisms for recovery needs assessment, strategy development and programming, and incorporation of disaster risk reduction into all recovery processes, and welcomes the ongoing efforts to this end; </p>
        </content>
      </paragraph>
      <paragraph eId="para_98" class="SingleTxt">
        <num>	55.</num>
        <content eId="para_98__content">
          <p xml:space="preserve">
            <span class="italic">Encourages</span> Member States and the United Nations system to support national initiatives that address the differentiated impacts of natural disasters on the affected population, including through the collection and analysis of data disaggregated, inter alia, by sex, age and disability, using, inter alia, the existing information provided by States, and through the development of tools, methods and procedures that will result in more timely and useful initial needs assessments that lead to targeted and more effective assistance, and taking into account the environmental impact; </p>
        </content>
      </paragraph>
      <paragraph eId="para_99" class="SingleTxt">
        <num>	56.</num>
        <content eId="para_99__content">
          <p xml:space="preserve">
            <span class="italic">Calls upon</span> United Nations humanitarian organizations, in consultation with Member States, as appropriate, to strengthen the evidence base for effective humanitarian assistance by further developing common mechanisms to improve the quality, transparency and reliability of, and make further progress towards, common humanitarian needs assessments, to assess their performance in assistance and to ensure the most effective use of humanitarian resources by these organizations; </p>
        </content>
      </paragraph>
      <paragraph eId="para_100" class="SingleTxt">
        <num>	57.</num>
        <content eId="para_100__content">
          <p xml:space="preserve">
            <span class="italic">Encourages</span> Member States to take steps to develop or to improve data collection and analysis and to facilitate the exchange of relevant non-sensitive information with humanitarian and development organizations of the United Nations, including through shared platforms and a common approach, in order to inform policy and measures designed to address disaster risks and their consequences, to support preparedness efforts, including forecast-based action and financing and disaster risk financing, and to improve the effectiveness and accountability of a needs-based humanitarian response, and encourages the United Nations system, as appropriate, and other relevant actors to continue to assist developing countries in their efforts to build local and national capacities for data collection and analysis; </p>
        </content>
      </paragraph>
      <paragraph eId="para_101" class="SingleTxt">
        <num>	58.</num>
        <content eId="para_101__content">
          <p xml:space="preserve">
            <span class="italic">Also encourages</span> Member States, with support from the United Nations upon request, to establish and strengthen national disaster loss databases, risk profiles and available capacities and to continue to collect, share and use such data to inform relevant policies and strategies; </p>
        </content>
      </paragraph>
      <paragraph eId="para_102" class="SingleTxt">
        <num>	59.</num>
        <content eId="para_102__content">
          <p xml:space="preserve">
            <span class="italic">Encourages</span> Member States, regional organizations, the United Nations and humanitarian and development organizations to continue to improve the identification, mapping and analysis of risks and vulnerabilities, including the local impact of future disaster risk drivers, and the development and implementation of appropriate strategies and programmes to anticipate and address them, including through the use of science, technology and innovation, and in this regard encourages all the relevant stakeholders to support Governments in capacity development, including at the regional and local levels, through the sharing of expertise and tools and the provision of necessary resources, as appropriate, to ensure that effective disaster management plans and capacities are in place in accordance with national priorities for disaster risk management; </p>
        </content>
      </paragraph>
      <paragraph eId="para_103" class="SingleTxt">
        <num>	60.</num>
        <content eId="para_103__content">
          <p xml:space="preserve">
            <span class="italic">Stresses</span> the importance of the full and equal participation of women in decision-making and of gender mainstreaming in developing and implementing disaster risk reduction, preparedness, early action, rapid response and recovery strategies, and in this regard requests the Secretary-General to continue to ensure that gender mainstreaming is better taken into account in all aspects of humanitarian responses and activities, including the analysis of allocations and programme implementation, and through greater use of the Gender with Age Marker; </p>
        </content>
      </paragraph>
      <paragraph eId="para_104" class="SingleTxt">
        <num>	61.</num>
        <content eId="para_104__content">
          <p xml:space="preserve">
            <span class="italic">Encourages</span> Member States, in cooperation with relevant United Nations humanitarian organizations, to promote women’s leadership, gender equality and empowerment of women and their full and effective participation in the planning and implementation of natural disaster response strategies and humanitarian response to effectively address their specific needs, including through strengthening partnerships with, and building the capacities of, national and local institutions, including national and local women’s organizations and civil society actors, as appropriate, to adopt gender-responsive programming on mitigation and adaptation to climate change and to support the resilience and adaptive capacities of women and girls to respond to and recover from adverse impacts of climate change;</p>
        </content>
      </paragraph>
      <paragraph eId="para_105" class="SingleTxt">
        <num>	62.</num>
        <content eId="para_105__content">
          <p xml:space="preserve">
            <span class="italic">Encourages</span> Governments, local authorities, the United Nations system and regional organizations, and invites donors and other assisting countries, to address the vulnerabilities and capacities of women and girls through gender-responsive programming, including with regard to sexual and reproductive health needs and means to address sexual and gender-based violence and various forms of exploitation during emergencies and in post-disaster environments, and the allocation of resources in their disaster risk reduction, response and recovery efforts in coordination with the Governments of affected countries;</p>
        </content>
      </paragraph>
      <paragraph eId="para_106" class="SingleTxt">
        <num>	63.</num>
        <content eId="para_106__content">
          <p xml:space="preserve">
            <span class="italic">Encourages</span> Member States, humanitarian organizations and other relevant stakeholders, in the context of natural disasters, to ensure access to safe drinking water and adequate and equitable sanitation and hygiene for all, including women and girls;</p>
        </content>
      </paragraph>
      <paragraph eId="para_107" class="SingleTxt">
        <num>	64.</num>
        <content eId="para_107__content">
          <p xml:space="preserve">
            <span class="italic">Emphasizes</span> the importance of mainstreaming the perspective of persons with disabilities in disaster risk reduction, and recognizes the importance of non‑discrimination and their inclusive and active participation in and contribution to disaster risk reduction, preparedness, emergency response, recovery and transition from relief to development, as well as the implementation of systematic approaches, policies and programmes that are inclusive of and accessible to persons with disabilities, recognizing that persons with disabilities are disproportionately affected in humanitarian emergencies and face multiple obstacles in accessing humanitarian assistance, and recalls the Charter on Inclusion of Persons with Disabilities in Humanitarian Action; </p>
        </content>
      </paragraph>
      <paragraph eId="para_108" class="SingleTxt">
        <num>	65.</num>
        <content eId="para_108__content">
          <p xml:space="preserve">
            <span class="italic">Encourages</span> efforts to provide safe and enabling learning environments and access to quality education for all, especially for girls and boys, in humanitarian emergencies caused by natural disasters, including in order to contribute to a smooth transition from relief to development; </p>
        </content>
      </paragraph>
      <paragraph eId="para_109" class="SingleTxt">
        <num>	66.</num>
        <content eId="para_109__content">
          <p xml:space="preserve">
            <span class="italic">Encourages</span> Member States and relevant regional and international organizations to identify and improve the dissemination of best practices for improving disaster preparedness, response and early recovery and to scale up successful local initiatives, as appropriate; </p>
        </content>
      </paragraph>
      <paragraph eId="para_110" class="SingleTxt">
        <num>	67.</num>
        <content eId="para_110__content">
          <p xml:space="preserve">
            <span class="italic">Requests</span> the United Nations humanitarian and development organizations to improve their coordination of disaster recovery efforts, from relief to development, inter alia, by strengthening institutional, coordination and strategic planning efforts in disaster preparedness, resilience-building and recovery, in support of national authorities, and by ensuring that development actors participate in strategic planning at an early stage; </p>
        </content>
      </paragraph>
      <paragraph eId="para_111" class="SingleTxt">
        <num>	68.</num>
        <content eId="para_111__content">
          <p xml:space="preserve">
            <span class="italic">Encourages</span> the United Nations and humanitarian and development organizations to support national, subnational and local governments and communities in their responsibility to develop long-term strategies, forecast-based financing and preparedness systems and multi-year operational plans for preparedness that are embedded within disaster risk reduction and resilience strategies in line with the Sendai Framework; </p>
        </content>
      </paragraph>
      <paragraph eId="para_112" class="SingleTxt">
        <num>	69.</num>
        <content eId="para_112__content">
          <p xml:space="preserve">
            <span class="italic">Calls upon</span> the United Nations system and other humanitarian actors to improve the dissemination of tools and services to support enhanced disaster risk reduction, in particular preparedness, early action, rapid response and early recovery; </p>
        </content>
      </paragraph>
      <paragraph eId="para_113" class="SingleTxt">
        <num>	70.</num>
        <content eId="para_113__content">
          <p xml:space="preserve">
            <span class="italic">Calls upon</span> relevant United Nations humanitarian and development organizations, in consultation with Member States, to strengthen tools and mechanisms to ensure that early recovery needs and support are integrated into the planning and implementation of disaster preparedness, humanitarian response and development cooperation activities, as appropriate; </p>
        </content>
      </paragraph>
      <paragraph eId="para_114" class="SingleTxt">
        <num>	71.</num>
        <content eId="para_114__content">
          <p xml:space="preserve">
            <span class="italic">Encourages</span> the United Nations system and humanitarian organizations to continue their efforts to mainstream early recovery into humanitarian programming, acknowledges that early recovery is an important step towards resilience-building and should receive further funding, and encourages the provision of timely, flexible and predictable funding for early recovery, including through established and complementary humanitarian and development instruments; </p>
        </content>
      </paragraph>
      <paragraph eId="para_115" class="SingleTxt">
        <num>	72.</num>
        <content eId="para_115__content">
          <p xml:space="preserve">
            <span class="italic">Urges</span> Member States, the United Nations and humanitarian and development organizations to prioritize risk management and shift towards an anticipatory approach to humanitarian crises in order to prevent and reduce human suffering and economic losses; </p>
        </content>
      </paragraph>
      <paragraph eId="para_116" class="SingleTxt">
        <num>	73.</num>
        <content eId="para_116__content">
          <p xml:space="preserve">
            <span class="italic">Urges</span> Member States, humanitarian and development organizations and other stakeholders to ensure a comprehensive and coherent approach at the global, regional, national and local levels to El Niño and La Niña phenomena and similar or related events, including by strengthening forecasting, early warning and early action, prevention, preparedness, resilience-building and timely response, supported by effective leadership and predictable, adequate and early funding, when feasible, in regions, countries and communities likely to be affected, and notes the work of the Special Envoys of the Secretary-General on El Niño and Climate and the blueprint for action prepared by them, and the standard operating procedures for El Niño/Southern Oscillation events of the Inter-Agency Standing Committee; </p>
        </content>
      </paragraph>
      <paragraph eId="para_117" class="SingleTxt">
        <num>	74.</num>
        <content eId="para_117__content">
          <p xml:space="preserve">
            <span class="italic">Encourages</span> Member States and the United Nations to enhance the use of common risk analysis, including the use of the Index for Risk Management, to establish the evidence base for short-, medium- and long-term planning and joint strategies for disaster and climate risk management, capacity development and resilience-building, allowing for greater prioritization of resources where the risk is greatest; </p>
        </content>
      </paragraph>
      <paragraph eId="para_118" class="SingleTxt">
        <num>	75.</num>
        <content eId="para_118__content">
          <p xml:space="preserve">
            <span class="italic">Encourages</span> the United Nations and humanitarian and development organizations to work towards a common understanding of underlying risks, clarify roles and responsibilities according to their respective mandates and establish joint objectives and programmes informed by affected people, data and analysis to strengthen coordination, collaboration and coherence among short-, medium- and long-term activities to progressively reduce needs and vulnerability, build resilience and manage the risk related to climate change and of disasters and development setbacks over multi-year planning cycles, including through integrating risk management into national sustainable development plans and ensuring the connectivity of humanitarian plans with the longer-term sustainable development priorities of Member States, with a view to achieving the Sustainable Development Goals;</p>
        </content>
      </paragraph>
      <paragraph eId="para_119" class="SingleTxt">
        <num>	76.</num>
        <content eId="para_119__content">
          <p xml:space="preserve">
            <span class="italic">Stresses</span> the need to strengthen resilience at all levels, and in this regard encourages Member States, the United Nations system and other relevant actors to support efforts, as appropriate, to integrate resilience into humanitarian and development programming, and encourages humanitarian and development actors to pursue, where appropriate, common resilience and risk management objectives, achievable through joint analysis, planning, programming and funding; </p>
        </content>
      </paragraph>
      <paragraph eId="para_120" class="SingleTxt">
        <num>	77.</num>
        <content eId="para_120__content">
          <p xml:space="preserve">
            <span class="italic">Encourages</span> Member States, international financial institutions and the private sector to support further development and, where appropriate, the strengthening of anticipatory financing approaches, to mobilize predictable and multi-year support and to work collectively towards common results in order to reduce need, risk and vulnerability, making use of a wide range of financing flows and instruments and partnerships to mobilize additional resources in the field of natural disasters; </p>
        </content>
      </paragraph>
      <paragraph eId="para_121" class="SingleTxt">
        <num>	78.</num>
        <content eId="para_121__content">
          <p xml:space="preserve">
            <span class="italic">Calls upon</span> Member States, the United Nations and humanitarian organizations to provide emergency assistance in ways that are supportive of recovery and long-term development, in collaboration with development organizations, as appropriate, in accordance with their respective mandates, including by prioritizing humanitarian tools and approaches that strengthen resilience, including preparedness, and support livelihoods, and to support further development and, where appropriate, the strengthening of anticipatory financing approaches, such as, but not limited to, cash transfers, vouchers, local procurement of food and services and social safety nets; </p>
        </content>
      </paragraph>
      <paragraph eId="para_122" class="SingleTxt">
        <num>	79.</num>
        <content eId="para_122__content">
          <p xml:space="preserve">
            <span class="italic">Encourages</span> the United Nations system and other relevant humanitarian and development actors to support humanitarian coordinators and resident coordinators in order to strengthen their capacity, inter alia, to support the host Government in implementing preparedness measures and to coordinate preparedness activities of country teams in support of national efforts, and encourages the United Nations system and other relevant humanitarian actors to further strengthen the ability to quickly and flexibly deploy humanitarian professionals to support Governments and country teams in the immediate aftermath of a disaster; </p>
        </content>
      </paragraph>
      <paragraph eId="para_123" class="SingleTxt">
        <num>	80.</num>
        <content eId="para_123__content">
          <p xml:space="preserve">
            <span class="italic">Encourages</span> Member States, the United Nations and humanitarian and development organizations to identify ways to improve the current financing architecture in order to better provide coherent, predictable and flexible longer-term funding for risk management in multi-year strategies and forecasting, in particular preparedness, on the basis of a global assessment of risk, allowing for better prioritization of resources where the risk is greatest; </p>
        </content>
      </paragraph>
      <paragraph eId="para_124" class="SingleTxt">
        <num>	81.</num>
        <content eId="para_124__content">
          <p xml:space="preserve">
            <span class="italic">Emphasizes</span> the need to mobilize adequate, flexible and sustainable resources for preparedness and disaster risk reduction, early action, rapid response and early recovery activities in order to ensure predictable and timely access to resources for humanitarian assistance in emergencies resulting from disasters associated with natural hazards;</p>
        </content>
      </paragraph>
      <paragraph eId="para_125" class="SingleTxt">
        <num>	82.</num>
        <content eId="para_125__content">
          <p xml:space="preserve">
            <span class="italic">Welcomes</span> the important achievements of the Central Emergency Response Fund in ensuring a more timely and predictable response to humanitarian emergencies, stresses the importance of continuing to improve the functioning of the Fund, and in this regard encourages the United Nations funds and programmes and the specialized agencies to review and evaluate, where necessary, their partnership policies and practices in order to ensure the timely disbursement of funds from the Fund to implementing partners in order to ensure that resources are used in the most efficient, effective, accountable and transparent manner possible; </p>
        </content>
      </paragraph>
      <paragraph eId="para_126" class="SingleTxt">
        <num>	83.</num>
        <content eId="para_126__content">
          <p xml:space="preserve">
            <span class="italic">Calls upon</span> all Member States, and invites the private sector and all concerned individuals and institutions, to consider increasing their voluntary contributions to the Central Emergency Response Fund in order to achieve an annual funding level of 1 billion United States dollars, and to continue to reinforce and strengthen the Fund as the global emergency response fund, and emphasizes that contributions should be additional to current commitments to humanitarian programming and should not be to the detriment of resources made available for international cooperation for development; </p>
        </content>
      </paragraph>
      <paragraph eId="para_127" class="SingleTxt">
        <num>	84.</num>
        <content eId="para_127__content">
          <p xml:space="preserve">
            <span class="italic">Invites</span> Member States, the private sector and all other relevant stakeholders to harness their differentiated skills, capacities and resources, and also to consider voluntary contributions to humanitarian funding mechanisms; </p>
        </content>
      </paragraph>
      <paragraph eId="para_128" class="SingleTxt">
        <num>	85.</num>
        <content eId="para_128__content">
          <p xml:space="preserve">
            <span class="italic">Strongly encourages</span> giving appropriate consideration to disaster risk reduction, including preparedness, and the building of resilience to disasters as integral elements of sustainable development and in the implementation of the 2030 Agenda for Sustainable Development and the Addis Ababa Action Agenda of the Third International Conference on Financing for Development<authorialNote marker="14" placement="bottom" eId="authorialNote_14"><p xml:space="preserve">	 	Resolution <a href="https://undocs.org/en/A/RES/69/313">69/313</a>, annex.</p></authorialNote> and promoting a complementary and coherent approach between those Agendas and the Sendai Framework; </p>
        </content>
      </paragraph>
      <paragraph eId="para_129" class="SingleTxt">
        <num>	86.</num>
        <content eId="para_129__content">
          <p xml:space="preserve">
            <span class="italic">Strongly encourages</span> all relevant actors to work to ensure a comprehensive, coherent, systematic and people-centred approach to managing risks, including through, as appropriate, the 2030 Agenda for Sustainable Development, the Sendai Framework, the Paris Agreement<sup>3</sup> and the New Urban Agenda; </p>
        </content>
      </paragraph>
      <paragraph eId="para_130" class="SingleTxt">
        <num>	87.</num>
        <content eId="para_130__content">
          <p xml:space="preserve">
            <span class="italic">Takes note</span> of the World Humanitarian Summit, held in Istanbul, Turkey, on 23 and 24 May 2016, and of the report of the Secretary-General on the outcome of the World Humanitarian Summit;<authorialNote marker="15" placement="bottom" eId="authorialNote_15"><p xml:space="preserve"><a href="https://undocs.org/en/A/71/353">A/71/353</a>.</p></authorialNote></p>
        </content>
      </paragraph>
      <paragraph eId="para_131" class="SingleTxt">
        <num>	88.</num>
        <content eId="para_131__content">
          <p xml:space="preserve">
            <span class="italic">Requests</span> the Secretary-General to continue to improve the international response to natural disasters and to report thereon to the General Assembly at its seventy-fifth session and to include in his report recommendations on how to ensure that humanitarian assistance is provided in ways supportive of the transition from relief to development.</p>
        </content>
      </paragraph>
    </mainBody>
    <conclusions eId="conclusions">
      <p>
        <inline name="adoptionMeeting" title="49th">49th plenary meeting</inline>
        <eol />
        <docDate date="2019-12-16" refersTo="#adoptionDate">16 December 2019</docDate>
      </p>
    </conclusions>
  </statement>
</akomaNtoso>