<akomaNtoso xmlns:xsi="http://www.w3.org/2001/XMLSchema-instance" xsi:schemaLocation="http://docs.oasis-open.org/legaldocml/ns/akn/3.0 http://docs.oasis-open.org/legaldocml/akn-core/v1.0/os/part2-specs/schemas/akomantoso30.xsd" xmlns="http://docs.oasis-open.org/legaldocml/ns/akn/3.0" xmlns:html="http://www.w3.org/1999/xhtml" xmlns:akn4un="http://un.org/akn4un">
  <statement name="resolution">
    <meta>
      <identification source="#DGACM">
        <FRBRWork>
          <FRBRthis value="/akn/un/statement/deliberation/unga/2019-12-18/74-120/!main/"></FRBRthis>
          <FRBRuri value="/akn/un/statement/deliberation/unga/2019-12-18/74-120/"></FRBRuri>
          <FRBRdate date="2019-12-18" name="adoption"></FRBRdate>
          <FRBRauthor href="ga" as="author"></FRBRauthor>
          <FRBRcountry value="un"></FRBRcountry>
        </FRBRWork>
        <FRBRExpression>
          <FRBRthis value="/akn/un/statement/deliberation/unga/2019-12-18/74-120/eng@!main/"></FRBRthis>
          <FRBRuri value="/akn/un/statement/deliberation/unga/2019-12-18/74-120/eng@/"></FRBRuri>
          <FRBRdate date="2020-01-10" name="publication"></FRBRdate>
          <FRBRauthor href="ga" as="issuer"></FRBRauthor>
          <FRBRlanguage language="eng"></FRBRlanguage>
        </FRBRExpression>
        <FRBRManifestation>
          <FRBRthis value="/akn/un/statement/deliberation/unga/2019-12-18/74-120/eng@/!main.xml"></FRBRthis>
          <FRBRuri value="/akn/un/statement/deliberation/unga/2019-12-18/74-120/eng@.xml"></FRBRuri>
          <FRBRdate date="2020-07-31" name="markup"></FRBRdate>
          <FRBRauthor href="DGACM" as="editor"></FRBRauthor>
        </FRBRManifestation>
      </identification>
      <classification source="http://metadata.un.org/sdg">
        <keyword value="16" href="http://metadata.un.org/sdg/16" showAs="sdg_16" dictionary="SDGO"></keyword>
        <keyword value="right_to_justice" href="http://eurovoc.europa.eu/516" showAs="right_to_justice" dictionary="EuroVoc"></keyword>
        <keyword value="sustainable_development" href="http://eurovoc.europa.eu/5585" showAs="sustainable_development" dictionary="EuroVoc"></keyword>
        <keyword value="civil_society" href="http://metadata.un.org/thesaurus/1001012" showAs="civil_society" dictionary="UNBIS Thesaurus"></keyword>
        <keyword value="justice" href="http://metadata.un.org/thesaurus/1003500" showAs="justice" dictionary="UNBIS Thesaurus"></keyword>
        <keyword value="peaceful_coexistence" href="http://metadata.un.org/thesaurus/1004777" showAs="peaceful_coexistence" dictionary="UNBIS Thesaurus"></keyword>
        <keyword value="public_institutions" href="http://metadata.un.org/thesaurus/1005254" showAs="public_institutions" dictionary="UNBIS Thesaurus"></keyword>
        <keyword value="social_justice" href="http://metadata.un.org/thesaurus/1005970" showAs="social_justice" dictionary="UNBIS Thesaurus"></keyword>
        <keyword value="sustainable_development" href="http://metadata.un.org/thesaurus/1006319" showAs="sustainable_development" dictionary="UNBIS Thesaurus"></keyword>
      </classification>
      <classification source="http://metadata.un.org/sdg">
        <keyword value="17" href="http://metadata.un.org/sdg/17" showAs="sdg_17" dictionary="SDGO"></keyword>
        <keyword value="sustainable_development" href="http://eurovoc.europa.eu/5585" showAs="sustainable_development" dictionary="EuroVoc"></keyword>
        <keyword value="partnership" href="http://eurovoc.europa.eu/4199" showAs="partnership" dictionary="EuroVoc"></keyword>
        <keyword value="sustainable_development" href="http://metadata.un.org/thesaurus/1006319" showAs="sustainable_development" dictionary="UNBIS Thesaurus"></keyword>
        <keyword value="partnership" href="http://metadata.un.org/thesaurus/1004748" showAs="partnership" dictionary="UNBIS Thesaurus"></keyword>
      </classification>
      <classification source="http://metadata.un.org/sdg">
        <keyword value="5" href="http://metadata.un.org/sdg/5" showAs="sdg_5" dictionary="SDGO"></keyword>
        <keyword value="gender_equality" href="http://eurovoc.europa.eu/3913" showAs="gender_equality" dictionary="EuroVoc"></keyword>
        <keyword value="participation_of_women" href="http://eurovoc.europa.eu/2265" showAs="participation_of_women" dictionary="EuroVoc"></keyword>
        <keyword value="women&amp;#39;s_rights" href="http://eurovoc.europa.eu/585" showAs="women&amp;#39;s_rights" dictionary="EuroVoc"></keyword>
        <keyword value="position_of_women" href="http://eurovoc.europa.eu/81" showAs="position_of_women" dictionary="EuroVoc"></keyword>
        <keyword value="women" href="http://metadata.un.org/thesaurus/1007029" showAs="women" dictionary="UNBIS Thesaurus"></keyword>
        <keyword value="gender_equality" href="http://metadata.un.org/thesaurus/1002612" showAs="gender_equality" dictionary="UNBIS Thesaurus"></keyword>
        <keyword value="girls" href="http://metadata.un.org/thesaurus/1002684" showAs="girls" dictionary="UNBIS Thesaurus"></keyword>
      </classification>
      <classification source="http://metadata.un.org/sdg">
        <keyword value="10" href="http://metadata.un.org/sdg/10" showAs="sdg_10" dictionary="SDGO"></keyword>
        <keyword value="social_inequality" href="http://eurovoc.europa.eu/1420" showAs="social_inequality" dictionary="EuroVoc"></keyword>
        <keyword value="equality" href="http://metadata.un.org/thesaurus/1002102" showAs="equality" dictionary="UNBIS Thesaurus"></keyword>
      </classification>
      <workflow source="#un">
        <step date="2019-11-07" outcome="draftResolution" as="A/C.3/74/L.17/Rev.1" by="Argentina, Belize, Côte d’Ivoire, Ecuador, Fiji, France, Haiti, Honduras, India, Italy, Peru, United Kingdom of Great Britain and Northern Ireland and Zimbabwe" />
        <step date="0001-01-01" outcome="draftResolutionAdditionalSponsors" by="Afghanistan, Andorra, Australia, Austria, Belgium, Bolivia (Plurinational State of), Bosnia and Herzegovina, Bulgaria, Cabo Verde, Canada, Central African Republic, Chile, Colombia, Costa Rica, Croatia, Cyprus, Czechia, Democratic Republic of the Congo, Dominican Republic, El Salvador, Equatorial Guinea, Estonia, Finland, Germany, Greece, Iceland, Indonesia, Ireland, Israel, Jamaica, Latvia, Lithuania, Luxembourg, Madagascar, Maldives, Mali, Malta, Mexico, Mongolia, Montenegro, Morocco, Netherlands, Nicaragua, North Macedonia, Panama, Papua New Guinea, Paraguay, Philippines, Poland, Portugal, Romania, San Marino, Serbia, Seychelles, Slovakia, Slovenia, South Africa, Spain, Sri Lanka, Tajikistan, Thailand, Togo, Turkey, Ukraine and Uruguay" />
        <step date="0001-01-01" outcome="recommendedForAdoption" as="A/74/391" by="" refersTo="49" />
        <step date="2019-12-18" outcome="adopted" as="A/74/PV.50" by="" />
      </workflow>
      <analysis source="#un">
        <parliamentary>
          <voting outcome="adoptedWithoutVote">
            <quorum value=""></quorum>
          </voting>
        </parliamentary>
      </analysis>
      <references source="#DGACM">
        <TLCOrganization eId="source" href="/akn/ontology/organization/un/DGACM" showAs="DGACM"></TLCOrganization>
        <TLCConcept eId="dateOfIssuance" href="/akn/ontology/concept/un/dateOfIssuance" showAs="Date of issuance"></TLCConcept>
        <TLCConcept eId="dateOfAdoption" href="/akn/ontology/concept/un/dateOfAdoption" showAs="Date of adoption"></TLCConcept>
        <TLCConcept eId="symbol" href="/akn/ontology/reference/un/symbol" showAs="Symbol"></TLCConcept>
        <TLCRole eId="publisher" href="/akn/ontology/role/un/publisher" showAs="Publisher"></TLCRole>
        <TLCRole eId="issuingBody" href="/akn/role/concept/un/issuingBody" showAs="Issuing body"></TLCRole>
        <TLCRole eId="author" href="/akn/ontology/role/un/author" showAs="Author"></TLCRole>
        <TLCRole eId="editor" href="/akn/ontology/role/un/editor" showAs="Editor"></TLCRole>
        <TLCRole eId="distribution" href="/akn/ontology/concept/un/generalDistribution" showAs="General distribution"></TLCRole>
        <TLCOrganization eId="ga" href="/akn/ontology/organization/un/generalAssembly" showAs="General Assembly"></TLCOrganization>
        <TLCTerm eId="resolutionTitle" href="/akn/ontology/reference/un/resolutionTitle" showAs="Resolution title"></TLCTerm>
        <TLCTerm eId="thirdCommittee" href="#thirdCommittee" showAs="Third Committee"></TLCTerm>
        <TLCTerm eId="memberState" href="/akn/ontology/organization/un/memberState" showAs="Member State"></TLCTerm>
        <TLCTerm eId="inFavour" href="/akn/ontology/concept/un/voting/inFavour" showAs="In favour"></TLCTerm>
        <TLCTerm eId="against" href="/akn/ontology/concept/un/voting/against" showAs="Against"></TLCTerm>
        <TLCTerm eId="abstaining" href="/akn/ontology/concept/un/voting/abstaining" showAs="Abstaining"></TLCTerm>
      </references>
      <presentation source="#un">
        <akn4un:footerFirstPage>
          <akn4un:footerFirstPageLeft>
            <akn4un:internalCode>
              <docketNumber refersTo="#publicationJobNumber">19-22040 (E)</docketNumber>
              <img alt="bar code" class="barCode" src=""></img>
            </akn4un:internalCode>
          </akn4un:footerFirstPageLeft>
          <akn4un:footerFirstPageRight>
            <img alt="Please recycle" class="image" src="./recylcleLogo.jpg"></img>
            <img alt="embedded QR code" class="qrCode" src=""></img>
          </akn4un:footerFirstPageRight>
        </akn4un:footerFirstPage>
      </presentation>
    </meta>
    <coverPage eId="coverPage_1">
      <p>
        <span refersTo="#publisher" class="upperLeft">
          <docAuthority refersTo="#publisher">United Nations</docAuthority>
        </span>
      </p>
      <p class="upperRight">
        <docNumber refersTo="#symbol">A/RES/74/120</docNumber>
      </p>
      <p class="upperLeft">
        <img src="logo-un.jpg"></img>
        <docAuthority refersTo="#issuingBody" class="rightBig">General Assembly</docAuthority>
      </p>
      <p>
        <docStatus refersTo="#generalDistribution" class="rightSmall">Distr.: General</docStatus>
      </p>
      <p>
        <docDate date="2020-01-10" class="rightSmall" refersTo="#dateOfIssuance">10 January 2020</docDate>
      </p>
      <p>
        <session refersTo="#generalAssembly" value="74" eId="coverPage_1__session_1">Seventy-fourth session</session>
      </p>
      <p>
        <inline name="agenda item">Agenda item 25 (b)</inline>
      </p>
      <p>
        <inline name="agenda item name">Social development: social development, including questions relating to the world social situation and to youth, ageing, persons with disabilities and the family</inline>
      </p>
      <p>
        <docTitle>Resolution adopted by the General Assembly on 18 December 2019</docTitle>
      </p>
      <p xml:space="preserve">
        <docProponent refersTo="#thirdCommittee">[on the report of the Third Committee (<inline name="originating document">A/74/391</inline>)]</docProponent>
      </p>
    </coverPage>
    <preface>
      <p>
        <docNumber>74/120.</docNumber>
        <docTitle refersTo="#resolutionTitle">Promoting social integration through social inclusion</docTitle>
      </p>
    </preface>
    <preamble>
      <formula name="enactingFormula" eId="formula_1">
        <p xml:space="preserve">
          <span class="italic">The General Assembly</span>,</p>
      </formula>
      <container name="Recalling" eId="container_2">
        <p xml:space="preserve">
          <span class="italic">Recalling</span> the World Summit for Social Development, held in Copenhagen from 6 to 12 March 1995, and the twenty-fourth special session of the General Assembly, entitled “World Summit for Social Development and beyond: achieving social development for all in a globalizing world”, held in Geneva from 26 June to 1 July 2000, and noting the role of the Commission for Social Development,</p>
      </container>
      <container name="Recalling also" eId="container_3">
        <p xml:space="preserve">
          <span class="italic">Recalling also</span> Economic and Social Council resolution 2010/12 of 22 July 2010 on promoting social integration and General Assembly resolution <a href="https://undocs.org/en/A/RES/72/142">72/142</a> of 19 December 2017 and its previous resolutions on promoting social integration through social inclusion,</p>
      </container>
      <container name="Reaffirming" eId="container_4">
        <p xml:space="preserve">
          <span class="italic">Reaffirming</span> its resolution <a href="https://undocs.org/en/A/RES/70/1">70/1</a> of 25 September 2015, entitled “Transforming our world: the 2030 Agenda for Sustainable Development”, in which it adopted a comprehensive, far-reaching and people-centred set of universal and transformative Sustainable Development Goals and targets, its commitment to working tirelessly for the full implementation of the Agenda by 2030, its recognition that eradicating poverty in all its forms and dimensions, including extreme poverty, is the greatest global challenge and an indispensable requirement for sustainable development, and its commitment to achieving sustainable development in its three dimensions – economic, social and environmental – in a balanced and integrated manner, and to building upon the achievements of the Millennium Development Goals and seeking to address their unfinished business, </p>
      </container>
      <container name="Recalling" eId="container_5">
        <p xml:space="preserve">
          <span class="italic">Recalling</span> its resolution <a href="https://undocs.org/en/A/RES/74/4">74/4</a> of 15 October 2019, in which it endorsed the political declaration in the annex thereto entitled “Gearing up for a decade of action and delivery for sustainable development: political declaration of the Sustainable Development Goals Summit”, </p>
      </container>
      <container name="Welcoming" eId="container_6">
        <p xml:space="preserve">
          <span class="italic">Welcoming</span> the fact that the 2030 Agenda for Sustainable Development reflects the cross-cutting nature and importance of social inclusion, through the relevant Sustainable Development Goals and associated targets, and acknowledging that its promotion is required to achieve sustainable development in all its dimensions,</p>
      </container>
      <container name="Reiterating" eId="container_7">
        <p xml:space="preserve">
          <span class="italic">Reiterating</span> the pledge that no one will be left behind, reaffirming the recognition that the dignity of the human person is fundamental, and the wish to see the Goals and targets met for all nations and peoples and for all segments of society, and recommitting to focusing our effort where the challenges are greatest, including by ensuring the inclusion and participation of those who are furthest behind, </p>
      </container>
      <container name="Recalling" eId="container_8">
        <p xml:space="preserve">
          <span class="italic">Recalling</span> that the 2030 Agenda for Sustainable Development includes, among the 17 Sustainable Development Goals, which are integrated and indivisible, a goal to promote peaceful and inclusive societies for sustainable development, provide access to justice for all and build effective, accountable and inclusive institutions at all levels,</p>
      </container>
      <container name="Reaffirming" eId="container_9">
        <p xml:space="preserve">
          <span class="italic">Reaffirming</span> its resolution <a href="https://undocs.org/en/A/RES/69/313">69/313</a> of 27 July 2015 on the Addis Ababa Action Agenda of the Third International Conference on Financing for Development, which is an integral part of the 2030 Agenda for Sustainable Development, supports and complements it, helps to contextualize its means of implementation targets with concrete policies and actions, and reaffirms the strong political commitment to address the challenge of financing and creating an enabling environment at all levels for sustainable development in the spirit of global partnership and solidarity,</p>
      </container>
      <container name="Reaffirming also" eId="container_10">
        <p xml:space="preserve">
          <span class="italic">Reaffirming also</span> that empowerment, participation and social protection are essential for social development, as well as for social inclusion, and that sustainable development requires the meaningful, full and equal participation of all, </p>
      </container>
      <container name="Recognizing" eId="container_11">
        <p xml:space="preserve">
          <span class="italic">Recognizing</span> the great importance of promoting comprehensive systems of social protection that provide universal access to essential social services, consistent with national priorities and circumstances, in order to help to meet the internationally agreed development goals, including the Sustainable Development Goals,</p>
      </container>
      <container name="Taking note with appreciation" eId="container_12">
        <p xml:space="preserve">
          <span class="italic">Taking note with appreciation</span> of the commitment of several United Nations entities to mainstream social inclusion into their work, and encouraging others to do the same, </p>
      </container>
      <container name="Reaffirming" eId="container_13">
        <p xml:space="preserve">
          <span class="italic">Reaffirming</span> the commitment of the international community to promote sustained, inclusive and sustainable economic growth, full and productive employment and decent work for everyone, as necessary, to eradicate poverty in all its forms and dimensions, including extreme poverty, which should be complemented, as appropriate, by effective social protection policies, including social inclusion policies,</p>
      </container>
      <container name="Reaffirming also" eId="container_14">
        <p xml:space="preserve">
          <span class="italic">Reaffirming also</span> the importance of reducing inequalities within and among countries through the empowerment of all and the promotion of social, economic and political inclusion, especially for those in vulnerable or marginalized groups or situations,</p>
      </container>
      <container name="Recognizing" eId="container_15">
        <p xml:space="preserve">
          <span class="italic">Recognizing</span> that the gains of economic growth should also benefit those in vulnerable or marginalized groups or situations,</p>
      </container>
      <container name="Affirming" eId="container_16">
        <p xml:space="preserve">
          <span class="italic">Affirming</span> its strong support for fair globalization and the need to translate growth into the reduction of inequalities, eradication of poverty and strategies and policies that promote full, freely chosen and productive employment and decent work for all and that these strategies and policies should constitute fundamental components of relevant national and international policies and national development strategies, including inequality and poverty reduction strategies, and reaffirming that employment creation and decent work for all should be incorporated into macroeconomic policies, taking fully into account the impact and social dimension of globalization, the benefits and costs of which are often unevenly shared and distributed, </p>
      </container>
      <container name="Recognizing" eId="container_17">
        <p xml:space="preserve">
          <span class="italic">Recognizing</span> that the three core themes of social development, namely, poverty eradication, full and productive employment and decent work for all and social integration, are interrelated and mutually reinforcing, and that an enabling environment therefore needs to be created so that all three objectives can be pursued simultaneously, </p>
      </container>
      <container name="Reaffirming" eId="container_18">
        <p xml:space="preserve">
          <span class="italic">Reaffirming</span> its resolution <a href="https://undocs.org/en/A/RES/73/342">73/342</a> of 16 September 2019 on the International Labour Organization Centenary Declaration for the Future of Work, in which it reaffirmed that full and productive employment and decent work for all are key elements of sustainable development,</p>
      </container>
      <container name="Recognizing" eId="container_19">
        <p xml:space="preserve">
          <span class="italic">Recognizing</span> that social inclusion and equality are intrinsically linked and that focusing on and investing in the most disadvantaged and excluded populations, which may include children, women, youth, persons with disabilities, older persons, migrants and indigenous peoples, is critically important for the effective achievement of the Sustainable Development Goals,</p>
      </container>
      <container name="Recognizing also" eId="container_20">
        <p xml:space="preserve">
          <span class="italic">Recognizing also</span> that social inclusion policies and systems play a critical role in promoting an inclusive society and are also crucial for fostering stable, safe, harmonious, peaceful and just societies and for improving social cohesion and inclusion so as to create an environment for development and progress,</p>
      </container>
      <container name="Reaffirming" eId="container_21">
        <p xml:space="preserve">
          <span class="italic">Reaffirming</span> the important role of corporate social responsibility and accountability in contributing to an enabling environment to promote inclusive economic growth and social integration,</p>
      </container>
      <container name="Recognizing" eId="container_22">
        <p xml:space="preserve">
          <span class="italic">Recognizing</span> that social inclusion policies also strengthen the democratic process and play a critical role in progressively realizing economic, social and cultural rights for all,</p>
      </container>
      <container name="Stressing" eId="container_23">
        <p xml:space="preserve">
          <span class="italic">Stressing</span> that social inclusion policies should promote gender equality and the empowerment of women and girls and equal access to opportunities and social protection for all, in particular for those in vulnerable or marginalized groups or situations, including women and girls who experience multiple and intersecting forms of discrimination and violence, considering that the empowerment of women and girls will make a crucial contribution to progress across all the Goals and targets of the 2030 Agenda for Sustainable Development, </p>
      </container>
      <container name="Reaffirming" eId="container_24">
        <p xml:space="preserve">
          <span class="italic">Reaffirming</span> the importance of ensuring the social integration of older persons and the promotion and protection of their rights, as an integral part of development policies at all levels, and recognizing that older persons can make a significant contribution to sustainable development in its three dimensions – economic, social and environmental,</p>
      </container>
      <container name="Recognizing" eId="container_25">
        <p xml:space="preserve">
          <span class="italic">Recognizing</span> persons with disabilities as both agents and beneficiaries of development, stressing the need to promote the rights of persons with disabilities and their participation, including through their representative organizations, in implementing the 2030 Agenda for Sustainable Development, and in that regard noting with appreciation the 2018 <span class="italic">Disability and Development Report: Realizing the Sustainable Development Goals by, for and with Persons with Disabilities</span>,<authorialNote marker="1" placement="bottom" eId="authorialNote_1"><p xml:space="preserve">	 	United Nations publication, Sales No. 19.IV.4.</p></authorialNote> the first progress report on disability inclusion in the context of the 2030 Agenda, which is aimed at advancing efforts to remove barriers and empower persons with disabilities, </p>
      </container>
      <container name="Reaffirming" eId="container_26">
        <p xml:space="preserve">
          <span class="italic">Reaffirming</span> that youth participation is important for development, and encouraging Member States to explore and promote the participation of young people in relevant decision-making processes and monitoring, including in designing and implementing policies and programmes involving them, while implementing the 2030 Agenda for Sustainable Development, </p>
      </container>
      <container name="Recognizing" eId="container_27">
        <p xml:space="preserve">
          <span class="italic">Recognizing</span> the important role played by civil society, including non‑governmental organizations, in promoting social integration, inter alia, through social programmes and support for the development of socially inclusive policies,</p>
      </container>
      <container name="Acknowledging" eId="container_28">
        <p xml:space="preserve">
          <span class="italic">Acknowledging</span> that the participation of persons in vulnerable or marginalized groups or situations is crucial to formulating and implementing social inclusion policies that effectively achieve social integration, as appropriate,</p>
      </container>
      <container name="Reaffirming" eId="container_29">
        <p xml:space="preserve">
          <span class="italic">Reaffirming</span> the important role of cooperatives, especially in developing countries, in reducing inequality within and among countries and ensuring social inclusion while promoting more inclusive and equitable growth in order to achieve the Sustainable Development Goals with the aim of leaving no one behind,</p>
      </container>
      <container name="Recognizing" eId="container_30">
        <p xml:space="preserve">
          <span class="italic">Recognizing</span> that each country has primary responsibility for its own economic and social development, and reaffirming the essential role of national policies and strategies in promoting sustainable development in all its forms, particularly the promotion of social inclusion,</p>
      </container>
      <container name="Recognizing also" eId="container_31">
        <p xml:space="preserve">
          <span class="italic">Recognizing also</span> the importance of an enabling international environment, and stressing the importance of enhanced international cooperation to support national efforts towards promoting social integration through social inclusion in every country, including the fulfilment of all commitments on official development assistance, debt relief, market access, financial and technical support and capacity-building,</p>
      </container>
      <container name="Expressing concern" eId="container_32">
        <p xml:space="preserve">
          <span class="italic">Expressing concern</span> that, in times of economic and financial crisis and ongoing concern about energy and food insecurity, social exclusion can be exacerbated, and stressing in this regard that sustainable and reliable social inclusion policies and programmes can play a positive role,</p>
      </container>
      <container name="Recalling" eId="container_33">
        <p xml:space="preserve">
          <span class="italic">Recalling</span> its resolution <a href="https://undocs.org/en/A/RES/72/206">72/206</a> of 20 December 2017 on financial inclusion for sustainable development, in which it recognized the importance of financial inclusion for achieving sustainable development, </p>
      </container>
      <container name="Considering" eId="container_34">
        <p xml:space="preserve">
          <span class="italic">Considering</span> that bridging the digital divide is essential for all to gain access to, among other things, new jobs requiring relevant digital skills, in order to build an inclusive digital economy and knowledge society, and that information and communications technology is a tool through which all can substantively contribute to participate in and leverage their social and economic development and inclusion, </p>
      </container>
      <container name="Recalling" eId="container_35">
        <p xml:space="preserve">
          <span class="italic">Recalling</span> its resolution <a href="https://undocs.org/en/A/RES/73/218">73/218</a> of 20 December 2018 on information and communications technologies for sustainable development,</p>
      </container>
      <container name="Recognizing" eId="container_36">
        <p xml:space="preserve">
          <span class="italic">Recognizing</span> that, in order to leave no one behind and bring everyone forward, actions are needed for the promotion of equality of opportunity so that no person is denied basic economic and social opportunities, and recognizing also that the promotion of equality of opportunity contributes significantly to the enjoyment of all human rights,</p>
      </container>
    </preamble>
    <mainBody>
      <paragraph eId="para_37" class="SingleTxt">
        <num>	1.</num>
        <content eId="para_37__content">
          <p xml:space="preserve">
            <span class="italic">Takes note</span> of the report of the Secretary-General;<authorialNote marker="2" placement="bottom" eId="authorialNote_2"><p xml:space="preserve"><a href="https://undocs.org/en/A/74/133">A/74/133</a>.</p></authorialNote></p>
        </content>
      </paragraph>
      <paragraph eId="para_38" class="SingleTxt">
        <num>	2.</num>
        <content eId="para_38__content">
          <p xml:space="preserve">
            <span class="italic">Stresses</span> that Member States, which bear the main responsibility for social integration and social inclusion, should prioritize the creation of a “society for all” based on respect for all human rights and the principles of equality among individuals, non-discrimination, access to basic social services and promotion of the active participation of every member of society, in particular those in vulnerable or marginalized groups or situations, in all aspects of life, including civic, social, economic, cultural and political activities, as well as participation in decision-making processes;</p>
        </content>
      </paragraph>
      <paragraph eId="para_39" class="SingleTxt">
        <num>	3.</num>
        <content eId="para_39__content">
          <p xml:space="preserve">
            <span class="italic">Reaffirms</span> that social integration policies should seek to reduce inequalities and that equity and social inclusion are important for achieving sustainable development, ensuring that individuals can participate without discrimination and contribute to its social, economic and environmental dimensions;</p>
        </content>
      </paragraph>
      <paragraph eId="para_40" class="SingleTxt">
        <num>	4.</num>
        <content eId="para_40__content">
          <p xml:space="preserve">
            <span class="italic">Acknowledges</span> that investment in human capital and social protection has been proven to be effective in reducing poverty and inequality, and invites Member States to mobilize additional innovative sources of financing, as appropriate, including through public-private partnerships, to secure adequate levels of social expenditure necessary for expanding coverage towards universal access to health, education, innovation, new technologies and basic social protection, and to address the issues of illicit financial flows and corruption;</p>
        </content>
      </paragraph>
      <paragraph eId="para_41" class="SingleTxt">
        <num>	5.</num>
        <content eId="para_41__content">
          <p xml:space="preserve">
            <span class="italic">Stresses</span> the importance of promoting inclusive and equitable quality education that is age-, disability- and gender-sensitive, as well as lifelong learning opportunities for all, especially for children, women, youth, persons with disabilities, older persons, migrants, indigenous peoples and persons belonging to national or ethnic, religious and linguistic minorities, and of skills development and quality training as essential means for inclusive participation and integration in society; </p>
        </content>
      </paragraph>
      <paragraph eId="para_42" class="SingleTxt">
        <num>	6.</num>
        <content eId="para_42__content">
          <p xml:space="preserve">
            <span class="italic">Calls upon</span> Member States to promote a more equitable participation in and access to economic growth gains, through, inter alia, policies that ensure inclusive labour markets and by implementing socially responsive macroeconomic policies, in which employment has a key role, and social inclusion strategies that promote social integration, implementing nationally appropriate social protection systems and measures for all, including floors, particularly for those who are in vulnerable or marginalized groups or situations, as defined by each country in accordance with its individual circumstances, including on a demand-driven basis, and the promotion and protection of their social and economic rights;</p>
        </content>
      </paragraph>
      <paragraph eId="para_43" class="SingleTxt">
        <num>	7.</num>
        <content eId="para_43__content">
          <p xml:space="preserve">
            <span class="italic">Encourages</span> Member States to consider, when appropriate, the creation or the strengthening of national institutions or agencies for promoting, implementing and evaluating social inclusion programmes and mechanisms, at the national and local levels, in order to help to ensure that no one is left behind;</p>
        </content>
      </paragraph>
      <paragraph eId="para_44" class="SingleTxt">
        <num>	8.</num>
        <content eId="para_44__content">
          <p xml:space="preserve">
            <span class="italic">Also encourages</span> Member States to consider promoting the increased civil, political and economic participation of women, young people, older persons, persons with disabilities, indigenous peoples and persons belonging to national or ethnic, religious and linguistic minorities, including through promoting their involvement in political processes and their access to social protection, credit, vocational training and employment support services;</p>
        </content>
      </paragraph>
      <paragraph eId="para_45" class="SingleTxt">
        <num>	9.</num>
        <content eId="para_45__content">
          <p xml:space="preserve">
            <span class="italic">Further encourages</span> Member States to ensure inclusive participatory and representative decision-making processes, at all levels, and to review existing legal frameworks, as appropriate, with a view to removing discriminatory provisions so as to reduce inequalities;</p>
        </content>
      </paragraph>
      <paragraph eId="para_46" class="SingleTxt">
        <num>	10.</num>
        <content eId="para_46__content">
          <p xml:space="preserve">
            <span class="italic">Encourages</span> Member States to promote social inclusion as a matter of social justice in order to build the resilience of vulnerable populations and to help them to adapt to the negative impact of economic crises, humanitarian emergencies, natural disasters and climate change, and in this regard invites relevant United Nations entities and international institutions to support such efforts;</p>
        </content>
      </paragraph>
      <paragraph eId="para_47" class="SingleTxt">
        <num>	11.</num>
        <content eId="para_47__content">
          <p xml:space="preserve">
            <span class="italic">Invites</span> Member States, and encourages regional organizations, to support national efforts to achieve inclusive societies, in particular in developing countries, upon their request, by providing, inter alia, financial and technical cooperation for the design and implementation of sound social inclusion policies;</p>
        </content>
      </paragraph>
      <paragraph eId="para_48" class="SingleTxt">
        <num>	12.</num>
        <content eId="para_48__content">
          <p xml:space="preserve">
            <span class="italic">Encourages</span> Member States to mainstream social integration objectives into social inclusion policies, promoting the participation of persons in vulnerable or marginalized groups or situations in planning, implementing and monitoring processes, in collaboration, as appropriate, with relevant organizations of the United Nations development system, regional organizations, international and regional financial institutions, development and social partners, the private sector and civil society organizations;</p>
        </content>
      </paragraph>
      <paragraph eId="para_49" class="SingleTxt">
        <num>	13.</num>
        <content eId="para_49__content">
          <p xml:space="preserve">
            <span class="italic">Also encourages</span> Member States, recognizing that all legal, social and economic barriers to the empowerment of all women and girls have to be removed, to promote the systematic mainstreaming and inclusion of a gender perspective in all social inclusion strategies or initiatives, while giving special consideration to the promotion of a gender-responsive policy environment in the workplace for the empowerment of women in the workplace;</p>
        </content>
      </paragraph>
      <paragraph eId="para_50" class="SingleTxt">
        <num>	14.</num>
        <content eId="para_50__content">
          <p xml:space="preserve">
            <span class="italic">Further encourages</span> Member States to consider adopting and pursuing national financial inclusion strategies or initiatives that take into account a gender perspective and comprise, inter alia, measures for promoting full and equal access to formal financial services and financial literacy, as a way to increase the capacity of young people, women, persons with disabilities, older persons and indigenous peoples to leverage various types of opportunities for their full participation in society, such as entrepreneurs; </p>
        </content>
      </paragraph>
      <paragraph eId="para_51" class="SingleTxt">
        <num>	15.</num>
        <content eId="para_51__content">
          <p xml:space="preserve">
            <span class="italic">Recognizes</span> that information and communications technologies have the potential to provide new solutions to development challenges, particularly in the context of globalization, and can foster sustained, inclusive and equitable economic growth and sustainable development, competitiveness, access to information and knowledge, trade and development, poverty eradication and social inclusion, accordingly reaffirms its commitment to bridging the digital divide, and calls upon Member States to implement policies and to accelerate their efforts to close the digital divide, as a measure to attain the social inclusion of all, with a focus on children, youth, women, persons with disabilities and older persons, without any discrimination; </p>
        </content>
      </paragraph>
      <paragraph eId="para_52" class="SingleTxt">
        <num>	16.</num>
        <content eId="para_52__content">
          <p xml:space="preserve">
            <span class="italic">Reaffirms</span> the commitment of the New Urban Agenda, adopted at the United Nations Conference on Housing and Sustainable Urban Development (Habitat III), held in Quito from 17 to 20 October 2016,<authorialNote marker="3" placement="bottom" eId="authorialNote_3"><p xml:space="preserve">	 	Resolution <a href="https://undocs.org/en/A/RES/71/256">71/256</a>, annex.</p></authorialNote> to embracing diversity in cities and human settlements, to strengthening social cohesion, intercultural dialogue and understanding, tolerance, mutual respect, gender equality, innovation, entrepreneurship, inclusion, identity and safety, and the dignity of all people, as well as to fostering liveability and a vibrant urban economy and to taking steps to ensure that local institutions promote pluralism and peaceful coexistence within increasingly heterogeneous and multicultural societies; </p>
        </content>
      </paragraph>
      <paragraph eId="para_53" class="SingleTxt">
        <num>	17.</num>
        <content eId="para_53__content">
          <p xml:space="preserve">
            <span class="italic">Invites</span> Member States, relevant organizations of the United Nations system, regional organizations, international and regional financial institutions, development and social partners, the private sector and civil society organizations to continue to share their experience in respect of practical initiatives to promote economic, civil and political participation and non-discrimination measures and other measures for advancing social integration;</p>
        </content>
      </paragraph>
      <paragraph eId="para_54" class="SingleTxt">
        <num>	18.</num>
        <content eId="para_54__content">
          <p xml:space="preserve">
            <span class="italic">Invites</span> Member States to consider a systematic exchange of good practices in social integration at the regional and international levels so that policymakers and other stakeholders can apply them to their national circumstances and step up progress towards achieving a “society for all”;</p>
        </content>
      </paragraph>
      <paragraph eId="para_55" class="SingleTxt">
        <num>	19.</num>
        <content eId="para_55__content">
          <p xml:space="preserve">
            <span class="italic">Encourages</span> Member States to improve the collection and use of high-quality, timely, reliable, disaggregated data and statistics for the formulation of policies and programmes aimed at achieving social inclusion, and stresses the importance of international cooperation in this regard;</p>
        </content>
      </paragraph>
      <paragraph eId="para_56" class="SingleTxt">
        <num>	20.</num>
        <content eId="para_56__content">
          <p xml:space="preserve">
            <span class="italic">Requests</span> the Secretary-General to submit a report, taking into account the information provided by Member States and relevant actors of the United Nations system, on the implementation of the present resolution to the General Assembly at its seventy-sixth session;</p>
        </content>
      </paragraph>
      <paragraph eId="para_57" class="SingleTxt">
        <num>	21.</num>
        <content eId="para_57__content">
          <p xml:space="preserve">
            <span class="italic">Decides</span> to consider the question further at its seventy-sixth session under the item entitled “Social development”. </p>
        </content>
      </paragraph>
    </mainBody>
    <conclusions eId="conclusions">
      <p>
        <inline name="adoptionMeeting" title="50th">50th plenary meeting</inline>
        <eol />
        <docDate date="2019-12-18" refersTo="#adoptionDate">18 December 2019</docDate>
      </p>
    </conclusions>
  </statement>
</akomaNtoso>