<akomaNtoso xmlns:xsi="http://www.w3.org/2001/XMLSchema-instance" xsi:schemaLocation="http://docs.oasis-open.org/legaldocml/ns/akn/3.0 http://docs.oasis-open.org/legaldocml/akn-core/v1.0/os/part2-specs/schemas/akomantoso30.xsd" xmlns="http://docs.oasis-open.org/legaldocml/ns/akn/3.0" xmlns:html="http://www.w3.org/1999/xhtml" xmlns:akn4un="http://un.org/akn4un">
  <statement name="resolution">
    <meta>
      <identification source="#DGACM">
        <FRBRWork>
          <FRBRthis value="/akn/un/statement/deliberation/unga/2019-12-19/74-245/!main/"></FRBRthis>
          <FRBRuri value="/akn/un/statement/deliberation/unga/2019-12-19/74-245/"></FRBRuri>
          <FRBRdate date="2019-12-19" name="adoption"></FRBRdate>
          <FRBRauthor href="ga" as="author"></FRBRauthor>
          <FRBRcountry value="un"></FRBRcountry>
        </FRBRWork>
        <FRBRExpression>
          <FRBRthis value="/akn/un/statement/deliberation/unga/2019-12-19/74-245/eng@!main/"></FRBRthis>
          <FRBRuri value="/akn/un/statement/deliberation/unga/2019-12-19/74-245/eng@/"></FRBRuri>
          <FRBRdate date="2020-01-20" name="publication"></FRBRdate>
          <FRBRauthor href="ga" as="issuer"></FRBRauthor>
          <FRBRlanguage language="eng"></FRBRlanguage>
        </FRBRExpression>
        <FRBRManifestation>
          <FRBRthis value="/akn/un/statement/deliberation/unga/2019-12-19/74-245/eng@/!main.xml"></FRBRthis>
          <FRBRuri value="/akn/un/statement/deliberation/unga/2019-12-19/74-245/eng@.xml"></FRBRuri>
          <FRBRdate date="2020-07-28" name="markup"></FRBRdate>
          <FRBRauthor href="DGACM" as="editor"></FRBRauthor>
        </FRBRManifestation>
      </identification>
      <classification source="http://metadata.un.org/sdg">
        <keyword value="17" href="http://metadata.un.org/sdg/17" showAs="sdg_17" dictionary="SDGO"></keyword>
        <keyword value="sustainable_development" href="http://eurovoc.europa.eu/5585" showAs="sustainable_development" dictionary="EuroVoc"></keyword>
        <keyword value="partnership" href="http://eurovoc.europa.eu/4199" showAs="partnership" dictionary="EuroVoc"></keyword>
        <keyword value="sustainable_development" href="http://metadata.un.org/thesaurus/1006319" showAs="sustainable_development" dictionary="UNBIS Thesaurus"></keyword>
        <keyword value="partnership" href="http://metadata.un.org/thesaurus/1004748" showAs="partnership" dictionary="UNBIS Thesaurus"></keyword>
      </classification>
      <classification source="http://metadata.un.org/sdg">
        <keyword value="16" href="http://metadata.un.org/sdg/16" showAs="sdg_16" dictionary="SDGO"></keyword>
        <keyword value="right_to_justice" href="http://eurovoc.europa.eu/516" showAs="right_to_justice" dictionary="EuroVoc"></keyword>
        <keyword value="sustainable_development" href="http://eurovoc.europa.eu/5585" showAs="sustainable_development" dictionary="EuroVoc"></keyword>
        <keyword value="civil_society" href="http://metadata.un.org/thesaurus/1001012" showAs="civil_society" dictionary="UNBIS Thesaurus"></keyword>
        <keyword value="justice" href="http://metadata.un.org/thesaurus/1003500" showAs="justice" dictionary="UNBIS Thesaurus"></keyword>
        <keyword value="peaceful_coexistence" href="http://metadata.un.org/thesaurus/1004777" showAs="peaceful_coexistence" dictionary="UNBIS Thesaurus"></keyword>
        <keyword value="public_institutions" href="http://metadata.un.org/thesaurus/1005254" showAs="public_institutions" dictionary="UNBIS Thesaurus"></keyword>
        <keyword value="social_justice" href="http://metadata.un.org/thesaurus/1005970" showAs="social_justice" dictionary="UNBIS Thesaurus"></keyword>
        <keyword value="sustainable_development" href="http://metadata.un.org/thesaurus/1006319" showAs="sustainable_development" dictionary="UNBIS Thesaurus"></keyword>
      </classification>
      <classification source="http://metadata.un.org/sdg">
        <keyword value="2" href="http://metadata.un.org/sdg/2" showAs="sdg_2" dictionary="SDGO"></keyword>
        <keyword value="food_shortage" href="http://eurovoc.europa.eu/2318" showAs="food_shortage" dictionary="EuroVoc"></keyword>
        <keyword value="sustainable_agriculture" href="http://eurovoc.europa.eu/6308" showAs="sustainable_agriculture" dictionary="EuroVoc"></keyword>
        <keyword value="food_security" href="http://eurovoc.europa.eu/c_4523e1dd" showAs="food_security" dictionary="EuroVoc"></keyword>
        <keyword value="food_security" href="http://metadata.un.org/thesaurus/1002439" showAs="food_security" dictionary="UNBIS Thesaurus"></keyword>
        <keyword value="food_shortage" href="http://metadata.un.org/thesaurus/1002440" showAs="food_shortage" dictionary="UNBIS Thesaurus"></keyword>
        <keyword value="hunger" href="http://metadata.un.org/thesaurus/1003004" showAs="hunger" dictionary="UNBIS Thesaurus"></keyword>
        <keyword value="sustainable_agriculture" href="http://metadata.un.org/thesaurus/1006317" showAs="sustainable_agriculture" dictionary="UNBIS Thesaurus"></keyword>
      </classification>
      <workflow source="#un">
        <step date="2019-12-13" outcome="draftResolution" as="A/74/L.38" by="Bahrain, Egypt, Kazakhstan and Nigeria" />
        <step date="0001-01-01" outcome="draftResolutionAdditionalSponsors" by="Bangladesh, Belarus, Cabo Verde, Cameroon, Canada, Central African Republic, Chad, China, Cuba, Djibouti, Gambia, Guinea-Bissau, Guyana, Honduras, India, Indonesia, Iraq, Jordan, Kiribati, Kuwait, Lesotho, Maldives, Mauritius, Morocco, Nepal, Pakistan, Palau, Philippines, Saudi Arabia, Senegal, Somalia, South Africa, Sudan, Tajikistan, Turkmenistan, United Arab Emirates, Uzbekistan, Vanuatu and Venezuela (Bolivarian Republic of)" />
        <step date="0001-01-01" outcome="recommendedForAdoption" by="" />
        <step date="2019-12-19" outcome="adopted" as="A/74/PV.52" by="" />
      </workflow>
      <analysis source="#un">
        <parliamentary>
          <voting outcome="adoptedWithoutVote">
            <quorum value=""></quorum>
          </voting>
        </parliamentary>
      </analysis>
      <references source="#DGACM">
        <TLCOrganization eId="source" href="/akn/ontology/organization/un/DGACM" showAs="DGACM"></TLCOrganization>
        <TLCConcept eId="dateOfIssuance" href="/akn/ontology/concept/un/dateOfIssuance" showAs="Date of issuance"></TLCConcept>
        <TLCConcept eId="dateOfAdoption" href="/akn/ontology/concept/un/dateOfAdoption" showAs="Date of adoption"></TLCConcept>
        <TLCConcept eId="symbol" href="/akn/ontology/reference/un/symbol" showAs="Symbol"></TLCConcept>
        <TLCRole eId="publisher" href="/akn/ontology/role/un/publisher" showAs="Publisher"></TLCRole>
        <TLCRole eId="issuingBody" href="/akn/role/concept/un/issuingBody" showAs="Issuing body"></TLCRole>
        <TLCRole eId="author" href="/akn/ontology/role/un/author" showAs="Author"></TLCRole>
        <TLCRole eId="editor" href="/akn/ontology/role/un/editor" showAs="Editor"></TLCRole>
        <TLCRole eId="distribution" href="/akn/ontology/concept/un/generalDistribution" showAs="General distribution"></TLCRole>
        <TLCOrganization eId="ga" href="/akn/ontology/organization/un/generalAssembly" showAs="General Assembly"></TLCOrganization>
        <TLCTerm eId="resolutionTitle" href="/akn/ontology/reference/un/resolutionTitle" showAs="Resolution title"></TLCTerm>
        <TLCTerm eId="noMainCommittee" href="#noMainCommittee" showAs="Without reference to a main committee"></TLCTerm>
        <TLCTerm eId="memberState" href="/akn/ontology/organization/un/memberState" showAs="Member State"></TLCTerm>
        <TLCTerm eId="inFavour" href="/akn/ontology/concept/un/voting/inFavour" showAs="In favour"></TLCTerm>
        <TLCTerm eId="against" href="/akn/ontology/concept/un/voting/against" showAs="Against"></TLCTerm>
        <TLCTerm eId="abstaining" href="/akn/ontology/concept/un/voting/abstaining" showAs="Abstaining"></TLCTerm>
      </references>
      <presentation source="#un">
        <akn4un:footerFirstPage>
          <akn4un:footerFirstPageLeft>
            <akn4un:internalCode>
              <docketNumber refersTo="#publicationJobNumber">19-22520 (E)</docketNumber>
              <img alt="bar code" class="barCode" src=""></img>
            </akn4un:internalCode>
          </akn4un:footerFirstPageLeft>
          <akn4un:footerFirstPageRight>
            <img alt="Please recycle" class="image" src="./recylcleLogo.jpg"></img>
            <img alt="embedded QR code" class="qrCode" src=""></img>
          </akn4un:footerFirstPageRight>
        </akn4un:footerFirstPage>
      </presentation>
    </meta>
    <coverPage eId="coverPage_1">
      <p>
        <span refersTo="#publisher" class="upperLeft">
          <docAuthority refersTo="#publisher">United Nations</docAuthority>
        </span>
      </p>
      <p class="upperRight">
        <docNumber refersTo="#symbol">A/RES/74/245</docNumber>
      </p>
      <p class="upperLeft">
        <img src="logo-un.jpg"></img>
        <docAuthority refersTo="#issuingBody" class="rightBig">General Assembly</docAuthority>
      </p>
      <p>
        <docStatus refersTo="#generalDistribution" class="rightSmall">Distr.: General</docStatus>
      </p>
      <p>
        <docDate date="2020-01-20" class="rightSmall" refersTo="#dateOfIssuance">20 January 2020</docDate>
      </p>
      <p>
        <session refersTo="#generalAssembly" value="74" eId="coverPage_1__session_1">Seventy-fourth session</session>
      </p>
      <p>
        <inline name="agenda item">Agenda item 17 (b)</inline>
      </p>
      <p>
        <inline name="agenda item name">Macroeconomic policy questions: international financial system and development</inline>
      </p>
      <p>
        <docTitle>Resolution adopted by the General Assembly on 19 December 2019</docTitle>
      </p>
      <p xml:space="preserve">
        <docProponent refersTo="#noMainCommittee">[without reference to a Main Committee (<inline name="originating document">A/74/L.38 and A/74/L.38/Add.1</inline>)]</docProponent>
      </p>
    </coverPage>
    <preface>
      <p>
        <docNumber>74/245.</docNumber>
        <docTitle refersTo="#resolutionTitle">International Day of Banks</docTitle>
      </p>
    </preface>
    <preamble>
      <formula name="enactingFormula" eId="formula_1">
        <p xml:space="preserve">
          <span class="italic">The General Assembly</span>,</p>
      </formula>
      <container name="Reaffirming" eId="container_2">
        <p xml:space="preserve">
          <span class="italic">Reaffirming</span> its resolution <a href="https://undocs.org/en/A/RES/70/1">70/1</a> of 25 September 2015, entitled “Transforming our world: the 2030 Agenda for Sustainable Development”, in which it adopted a comprehensive, far-reaching and people-centred set of universal and transformative Sustainable Development Goals and targets, its commitment to working tirelessly for the full implementation of the Agenda by 2030, its recognition that eradicating poverty in all its forms and dimensions, including extreme poverty, is the greatest global challenge and an indispensable requirement for sustainable development, its commitment to achieving sustainable development in its three dimensions – economic, social and environmental – in a balanced and integrated manner, and to building upon the achievements of the Millennium Development Goals and seeking to address their unfinished business, </p>
      </container>
      <container name="Reaffirming also" eId="container_3">
        <p xml:space="preserve">
          <span class="italic">Reaffirming also</span> its resolution <a href="https://undocs.org/en/A/RES/69/313">69/313</a> of 27 July 2015 on the Addis Ababa Action Agenda of the Third International Conference on Financing for Development, which is an integral part of the 2030 Agenda for Sustainable Development, supports and complements it, helps to contextualize its means of implementation targets with concrete policies and actions, and reaffirms the strong political commitment to address the challenge of financing and creating an enabling environment at all levels for sustainable development in the spirit of global partnership and solidarity, </p>
      </container>
      <container name="Recalling" eId="container_4">
        <p xml:space="preserve">
          <span class="italic">Recalling</span> the report of the Inter-Agency Task Force on Financing for Development entitled<span class="italic"> Financing for Sustainable Development Report 2019</span>,<authorialNote marker="1" placement="bottom" eId="authorialNote_1"><p xml:space="preserve">	 	United Nations publication, Sales No. E.19.I.7.</p></authorialNote></p>
      </container>
      <container name="Emphasizing" eId="container_5">
        <p xml:space="preserve">
          <span class="italic">Emphasizing</span> the relevance of inclusion in the international financial system at all levels and the importance of considering financial inclusion as a policy objective in financial regulation, in accordance with national priorities and legislation, </p>
      </container>
      <container name="Recognizing" eId="container_6">
        <p xml:space="preserve">
          <span class="italic">Recognizing</span> the significant potential of multilateral development banks and other international development banks in financing sustainable development and providing know-how,</p>
      </container>
      <container name="Recognizing also" eId="container_7">
        <p xml:space="preserve">
          <span class="italic">Recognizing also</span>, at the national level, the vital role of banking systems in Member States in contributing to the improvement of the standard of living, </p>
      </container>
      <container name="Reaffirming" eId="container_8">
        <p xml:space="preserve">
          <span class="italic">Reaffirming</span> its resolutions <a href="https://undocs.org/en/A/RES/53/199">53/199</a> of 15 December 1998 and <a href="https://undocs.org/en/A/RES/61/185">61/185</a> of 20 December 2006 on the proclamation of international years, and Economic and Social Council resolution 1980/67 of 25 July 1980 on international years and anniversaries, </p>
      </container>
    </preamble>
    <mainBody>
      <paragraph eId="para_9" class="SingleTxt">
        <num>	1.</num>
        <content eId="para_9__content">
          <p xml:space="preserve">
            <span class="italic">Decides</span> to designate 4 December as the International Day of Banks, to be observed annually; </p>
        </content>
      </paragraph>
      <paragraph eId="para_10" class="SingleTxt">
        <num>	2.</num>
        <content eId="para_10__content">
          <p xml:space="preserve">
            <span class="italic">Invites</span> all Member States, the organizations of the United Nations system and non-governmental organizations to observe the International Day of Banks, in a manner consistent with national priorities, in order to highlight the role of banks in contributing to achieving sustainable development;  </p>
        </content>
      </paragraph>
      <paragraph eId="para_11" class="SingleTxt">
        <num>	3.</num>
        <content eId="para_11__content">
          <p xml:space="preserve">
            <span class="italic">Invites</span> the Department of Economic and Social Affairs of the Secretariat, the United Nations Development Programme, the United Nations Conference on Trade and Development and other relevant United Nations entities to facilitate the observance of the International Day of Banks in collaboration with other relevant organizations, mindful of the provisions contained in the annex to Economic and Social Council resolution 1980/67; </p>
        </content>
      </paragraph>
      <paragraph eId="para_12" class="SingleTxt">
        <num>	4.</num>
        <content eId="para_12__content">
          <p xml:space="preserve">
            <span class="italic">Stresses</span> that the cost of all activities that may arise from the implementation of the present resolution should be met from voluntary contributions; </p>
        </content>
      </paragraph>
      <paragraph eId="para_13" class="MercuryDocument">
        <num>	5.</num>
        <content eId="para_13__content">
          <p xml:space="preserve">
            <span class="italic">Requests</span> the Secretary-General to bring the present resolution to the attention of all Member States, the organizations of the United Nations system and other relevant stakeholders for appropriate observance.</p>
        </content>
      </paragraph>
    </mainBody>
    <conclusions eId="conclusions">
      <p>
        <inline name="adoptionMeeting" title="52nd">52nd plenary meeting</inline>
        <eol />
        <docDate date="2019-12-19" refersTo="#adoptionDate">19 December 2019</docDate>
      </p>
    </conclusions>
  </statement>
</akomaNtoso>