<akomaNtoso xmlns:xsi="http://www.w3.org/2001/XMLSchema-instance" xsi:schemaLocation="http://docs.oasis-open.org/legaldocml/ns/akn/3.0 http://docs.oasis-open.org/legaldocml/akn-core/v1.0/os/part2-specs/schemas/akomantoso30.xsd" xmlns="http://docs.oasis-open.org/legaldocml/ns/akn/3.0" xmlns:html="http://www.w3.org/1999/xhtml" xmlns:akn4un="http://un.org/akn4un">
  <statement name="resolution">
    <meta>
      <identification source="#DGACM">
        <FRBRWork>
          <FRBRthis value="/akn/un/statement/deliberation/unga/2019-12-27/74-248/!main/"></FRBRthis>
          <FRBRuri value="/akn/un/statement/deliberation/unga/2019-12-27/74-248/"></FRBRuri>
          <FRBRdate date="2019-12-27" name="adoption"></FRBRdate>
          <FRBRauthor href="ga" as="author"></FRBRauthor>
          <FRBRcountry value="un"></FRBRcountry>
        </FRBRWork>
        <FRBRExpression>
          <FRBRthis value="/akn/un/statement/deliberation/unga/2019-12-27/74-248/eng@!main/"></FRBRthis>
          <FRBRuri value="/akn/un/statement/deliberation/unga/2019-12-27/74-248/eng@/"></FRBRuri>
          <FRBRdate date="2020-01-21" name="publication"></FRBRdate>
          <FRBRauthor href="ga" as="issuer"></FRBRauthor>
          <FRBRlanguage language="eng"></FRBRlanguage>
        </FRBRExpression>
        <FRBRManifestation>
          <FRBRthis value="/akn/un/statement/deliberation/unga/2019-12-27/74-248/eng@/!main.xml"></FRBRthis>
          <FRBRuri value="/akn/un/statement/deliberation/unga/2019-12-27/74-248/eng@.xml"></FRBRuri>
          <FRBRdate date="2020-07-28" name="markup"></FRBRdate>
          <FRBRauthor href="DGACM" as="editor"></FRBRauthor>
        </FRBRManifestation>
      </identification>
      <classification source="http://metadata.un.org/sdg">
        <keyword value="3" href="http://metadata.un.org/sdg/3" showAs="sdg_3" dictionary="SDGO"></keyword>
        <keyword value="public_health" href="http://eurovoc.europa.eu/3885" showAs="public_health" dictionary="EuroVoc"></keyword>
        <keyword value="health" href="http://metadata.un.org/thesaurus/1002824" showAs="health" dictionary="UNBIS Thesaurus"></keyword>
      </classification>
      <workflow source="#un">
        <step date="2019-11-27" outcome="draftResolution" as="A/74/L.20" by="Andorra, Argentina, Armenia, Austria, Azerbaijan, Belarus, Belgium, Bolivia (Plurinational State of), Bosnia and Herzegovina, Burkina Faso, Canada, Costa Rica, Croatia, Cyprus, Czechia, Democratic Republic of the Congo, Denmark, Egypt, Equatorial Guinea, Estonia, Finland, France, Ghana, Greece, Hungary, Iceland, Indonesia, Iraq, Ireland, Jordan, Lao People's Democratic  Republic, Latvia, Lebanon, Liechtenstein, Lithuania, Luxembourg, Malta, Mexico, Monaco, Mongolia, Montenegro, Nauru, Netherlands, New Zealand, North Macedonia, Paraguay, Poland, Portugal, Republic of Korea, Russian Federation, San Marino, Serbia, Sierra Leone, Slovakia, Slovenia, Somalia, South Africa, Spain, Sudan, Sweden, Switzerland, Tunisia and Turkey" />
        <step date="0001-01-01" outcome="draftResolutionAdditionalSponsors" by="Albania, Algeria, Antigua and Barbuda, Australia, Bangladesh, Benin, Brazil, Bulgaria, Burundi, Cabo Verde, Central African Republic, Chad, Chile, Colombia, Congo, Côte d'Ivoire, Cuba, Democratic People's Republic of Korea, Djibouti, Ecuador, El Salvador, Ethiopia, Fiji, Gabon, Gambia, Georgia, Germany, Guinea, Guinea-Bissau, Honduras, Italy, Kazakhstan, Kenya, Kuwait, Liberia, Libya, Malawi, Malaysia, Marshall Islands, Mauritius, Micronesia (Federated States of), Morocco, Mozambique, Myanmar, Namibia, Nicaragua, Niger, Nigeria, Norway, Palau, Panama, Papua New Guinea, Peru, Philippines, Romania, Senegal, Singapore, Suriname, Thailand, Togo, Ukraine, United Republic of Tanzania, Uruguay, Viet Nam and Zambia" />
        <step date="0001-01-01" outcome="recommendedForAdoption" by="" />
        <step date="2019-12-27" outcome="adopted" as="A/74/PV.52" by="" />
      </workflow>
      <analysis source="#un">
        <parliamentary>
          <voting outcome="adoptedWithoutVote">
            <quorum value=""></quorum>
          </voting>
        </parliamentary>
      </analysis>
      <references source="#DGACM">
        <TLCOrganization eId="source" href="/akn/ontology/organization/un/DGACM" showAs="DGACM"></TLCOrganization>
        <TLCConcept eId="dateOfIssuance" href="/akn/ontology/concept/un/dateOfIssuance" showAs="Date of issuance"></TLCConcept>
        <TLCConcept eId="dateOfAdoption" href="/akn/ontology/concept/un/dateOfAdoption" showAs="Date of adoption"></TLCConcept>
        <TLCConcept eId="symbol" href="/akn/ontology/reference/un/symbol" showAs="Symbol"></TLCConcept>
        <TLCRole eId="publisher" href="/akn/ontology/role/un/publisher" showAs="Publisher"></TLCRole>
        <TLCRole eId="issuingBody" href="/akn/role/concept/un/issuingBody" showAs="Issuing body"></TLCRole>
        <TLCRole eId="author" href="/akn/ontology/role/un/author" showAs="Author"></TLCRole>
        <TLCRole eId="editor" href="/akn/ontology/role/un/editor" showAs="Editor"></TLCRole>
        <TLCRole eId="distribution" href="/akn/ontology/concept/un/generalDistribution" showAs="General distribution"></TLCRole>
        <TLCOrganization eId="ga" href="/akn/ontology/organization/un/generalAssembly" showAs="General Assembly"></TLCOrganization>
        <TLCTerm eId="resolutionTitle" href="/akn/ontology/reference/un/resolutionTitle" showAs="Resolution title"></TLCTerm>
        <TLCTerm eId="noMainCommittee" href="#noMainCommittee" showAs="Without reference to a main committee"></TLCTerm>
        <TLCTerm eId="memberState" href="/akn/ontology/organization/un/memberState" showAs="Member State"></TLCTerm>
        <TLCTerm eId="inFavour" href="/akn/ontology/concept/un/voting/inFavour" showAs="In favour"></TLCTerm>
        <TLCTerm eId="against" href="/akn/ontology/concept/un/voting/against" showAs="Against"></TLCTerm>
        <TLCTerm eId="abstaining" href="/akn/ontology/concept/un/voting/abstaining" showAs="Abstaining"></TLCTerm>
      </references>
      <presentation source="#un">
        <akn4un:footerFirstPage>
          <akn4un:footerFirstPageLeft>
            <akn4un:internalCode>
              <docketNumber refersTo="#publicationJobNumber">19-22676 (E)</docketNumber>
              <img alt="bar code" class="barCode" src=""></img>
            </akn4un:internalCode>
          </akn4un:footerFirstPageLeft>
          <akn4un:footerFirstPageRight>
            <img alt="Please recycle" class="image" src="./recylcleLogo.jpg"></img>
            <img alt="embedded QR code" class="qrCode" src=""></img>
          </akn4un:footerFirstPageRight>
        </akn4un:footerFirstPage>
      </presentation>
    </meta>
    <coverPage eId="coverPage_1">
      <p>
        <span refersTo="#publisher" class="upperLeft">
          <docAuthority refersTo="#publisher">United Nations</docAuthority>
        </span>
      </p>
      <p class="upperRight">
        <docNumber refersTo="#symbol">A/RES/74/248</docNumber>
      </p>
      <p class="upperLeft">
        <img src="logo-un.jpg"></img>
        <docAuthority refersTo="#issuingBody" class="rightBig">General Assembly</docAuthority>
      </p>
      <p>
        <docStatus refersTo="#generalDistribution" class="rightSmall">Distr.: General</docStatus>
      </p>
      <p>
        <docDate date="2020-01-21" class="rightSmall" refersTo="#dateOfIssuance">21 January 2020</docDate>
      </p>
      <p>
        <session refersTo="#generalAssembly" value="74" eId="coverPage_1__session_1">Seventy-fourth session</session>
      </p>
      <p>
        <inline name="agenda item">Agenda item 128</inline>
      </p>
      <p>
        <inline name="agenda item name">Investigation into the conditions and circumstances resulting in the tragic death of Dag Hammarskjöld and of the members of the party accompanying him</inline>
      </p>
      <p>
        <docTitle>Resolution adopted by the General Assembly on 27 December 2019</docTitle>
      </p>
      <p xml:space="preserve">
        <docProponent refersTo="#noMainCommittee">[without reference to a Main Committee (<inline name="originating document">A/74/L.20 and A/74/L.20/Add.1</inline>)]</docProponent>
      </p>
    </coverPage>
    <preface>
      <p>
        <docNumber>74/248.</docNumber>
        <docTitle refersTo="#resolutionTitle">Investigation into the conditions and circumstances resulting in the tragic death of Dag Hammarskjöld and of the members of the party accompanying him</docTitle>
      </p>
    </preface>
    <preamble>
      <formula name="enactingFormula" eId="formula_1">
        <p xml:space="preserve">
          <span class="italic">The General Assembly</span>,</p>
      </formula>
      <container name="Recalling" eId="container_2">
        <p xml:space="preserve">
          <span class="italic">Recalling</span> its resolutions <a href="https://undocs.org/en/A/RES/1759 (XVII)">1759 (XVII)</a> of 26 October 1962, <a href="https://undocs.org/en/A/RES/69/246">69/246</a> of 29 December 2014, <a href="https://undocs.org/en/A/RES/70/11">70/11</a> of 19 November 2015, <a href="https://undocs.org/en/A/RES/71/260">71/260</a> of 23 December 2016 and <a href="https://undocs.org/en/A/RES/72/252">72/252</a> of 24 December 2017,</p>
      </container>
      <container name="Underlining" eId="container_3">
        <p xml:space="preserve">
          <span class="italic">Underlining</span> the shared responsibility to pursue the full truth concerning the conditions and circumstances resulting in the tragic death of Dag Hammarskjöld and of the members of the party accompanying him,</p>
      </container>
      <container name="Recognizing" eId="container_4">
        <p xml:space="preserve">
          <span class="italic">Recognizing</span> that a further inquiry or investigation would be necessary to finally establish the facts of the matter,</p>
      </container>
      <container name="Expressing appreciation" eId="container_5">
        <p xml:space="preserve">
          <span class="italic">Expressing appreciation</span> for the continuing commitment of the Secretary-General to the search for the truth in this regard,</p>
      </container>
      <container name="Welcoming" eId="container_6">
        <p xml:space="preserve">
          <span class="italic">Welcoming</span> the report of the Eminent Person appointed pursuant to General Assembly resolution <a href="https://undocs.org/en/A/RES/72/252">72/252</a>,<authorialNote marker="1" placement="bottom" eId="authorialNote_1"><p xml:space="preserve">	 	See <a href="https://undocs.org/en/A/73/973">A/73/973</a>.</p></authorialNote> and recognizing the contributions by Member States to his work, in particular those that have appointed independent and high-ranking officials,</p>
      </container>
      <container name="Acknowledging" eId="container_7">
        <p xml:space="preserve">
          <span class="italic">Acknowledging</span> the letter dated 12 September 2019 from the Secretary-General addressed to the President of the General Assembly, transmitting the report of the Eminent Person, together with his assessment of the way forward,<sup>1</sup></p>
      </container>
      <container name="Noting" eId="container_8">
        <p xml:space="preserve">
          <span class="italic">Noting</span>, in particular, the conclusion drawn by the Eminent Person that it appears plausible that an external attack or threat may have been the cause of the crash, whether by way of a direct attack causing flight SE-BDY to crash or by causing a momentary distraction of the pilots, </p>
      </container>
    </preamble>
    <mainBody>
      <paragraph eId="para_9" class="SingleTxt">
        <num>	1.</num>
        <content eId="para_9__content">
          <p xml:space="preserve">
            <span class="italic">Requests</span> the Secretary-General to reappoint the Eminent Person appointed pursuant to General Assembly resolution <a href="https://undocs.org/en/A/RES/72/252">72/252</a> to continue to review the information received and possible new information made available by Member States, including by individuals and private entities, to assess its probative value and to draw conclusions from the investigations already conducted;</p>
        </content>
      </paragraph>
      <paragraph eId="para_10" class="SingleTxt">
        <num>	2.</num>
        <content eId="para_10__content">
          <p xml:space="preserve">
            <span class="italic">Urges</span> all Member States, in particular those referred to in the report,<sup>1</sup> to release any relevant records in their possession and to provide to the Eminent Person and the Secretary-General relevant information related to the death of Dag Hammarskjöld and of the members of the party accompanying him, and to ensure that they have conducted a full review of their archives and records;</p>
        </content>
      </paragraph>
      <paragraph eId="para_11" class="SingleTxt">
        <num>	3.</num>
        <content eId="para_11__content">
          <p xml:space="preserve">
            <span class="italic">Calls upon</span> those Member States referred to in the report to cooperate with and assist the Eminent Person fully, including by appointing without delay independent and high-ranking officials to determine whether relevant information exists within their security, intelligence and defence archives, and encourages the Eminent Person to remain engaged with all high-ranking officials, including those who have concluded their work; </p>
        </content>
      </paragraph>
      <paragraph eId="para_12" class="SingleTxt">
        <num>	4.</num>
        <content eId="para_12__content">
          <p xml:space="preserve">
            <span class="italic">Calls upon</span> Member States to encourage individuals and private entities to ensure that any relevant records related to the death of Dag Hammarskjöld and of the members of the party accompanying him are made available for review by the Eminent Person; </p>
        </content>
      </paragraph>
      <paragraph eId="para_13" class="SingleTxt">
        <num>	5.</num>
        <content eId="para_13__content">
          <p xml:space="preserve">
            <span class="italic">Requests</span> the Secretary-General to report to the General Assembly before the end of its seventy-fifth session on progress made;</p>
        </content>
      </paragraph>
      <paragraph eId="para_14" class="SingleTxt">
        <num>	6.</num>
        <content eId="para_14__content">
          <p xml:space="preserve">
            <span class="italic">Decides</span> to include in the provisional agenda of its seventy-sixth session the item entitled “Investigation into the conditions and circumstances resulting in the tragic death of Dag Hammarskjöld and of the members of the party accompanying him”.</p>
        </content>
      </paragraph>
    </mainBody>
    <conclusions eId="conclusions">
      <p>
        <inline name="adoptionMeeting" title="52nd">52nd (resumed) plenary meeting</inline>
        <eol />
        <docDate date="2019-12-27" refersTo="#adoptionDate">27 December 2019</docDate>
      </p>
    </conclusions>
  </statement>
</akomaNtoso>