<akomaNtoso xmlns:xsi="http://www.w3.org/2001/XMLSchema-instance" xsi:schemaLocation="http://docs.oasis-open.org/legaldocml/ns/akn/3.0 http://docs.oasis-open.org/legaldocml/akn-core/v1.0/os/part2-specs/schemas/akomantoso30.xsd" xmlns="http://docs.oasis-open.org/legaldocml/ns/akn/3.0" xmlns:html="http://www.w3.org/1999/xhtml" xmlns:akn4un="http://un.org/akn4un">
  <statement name="resolution">
    <meta>
      <identification source="#DGACM">
        <FRBRWork>
          <FRBRthis value="/akn/un/statement/deliberation/unga/2019-12-19/74-204/!main/"></FRBRthis>
          <FRBRuri value="/akn/un/statement/deliberation/unga/2019-12-19/74-204/"></FRBRuri>
          <FRBRdate date="2019-12-19" name="adoption"></FRBRdate>
          <FRBRauthor href="ga" as="author"></FRBRauthor>
          <FRBRcountry value="un"></FRBRcountry>
        </FRBRWork>
        <FRBRExpression>
          <FRBRthis value="/akn/un/statement/deliberation/unga/2019-12-19/74-204/eng@!main/"></FRBRthis>
          <FRBRuri value="/akn/un/statement/deliberation/unga/2019-12-19/74-204/eng@/"></FRBRuri>
          <FRBRdate date="2020-01-13" name="publication"></FRBRdate>
          <FRBRauthor href="ga" as="issuer"></FRBRauthor>
          <FRBRlanguage language="eng"></FRBRlanguage>
        </FRBRExpression>
        <FRBRManifestation>
          <FRBRthis value="/akn/un/statement/deliberation/unga/2019-12-19/74-204/eng@/!main.xml"></FRBRthis>
          <FRBRuri value="/akn/un/statement/deliberation/unga/2019-12-19/74-204/eng@.xml"></FRBRuri>
          <FRBRdate date="2020-07-30" name="markup"></FRBRdate>
          <FRBRauthor href="DGACM" as="editor"></FRBRauthor>
        </FRBRManifestation>
      </identification>
      <classification source="http://metadata.un.org/sdg">
        <keyword value="17" href="http://metadata.un.org/sdg/17" showAs="sdg_17" dictionary="SDGO"></keyword>
        <keyword value="sustainable_development" href="http://eurovoc.europa.eu/5585" showAs="sustainable_development" dictionary="EuroVoc"></keyword>
        <keyword value="partnership" href="http://eurovoc.europa.eu/4199" showAs="partnership" dictionary="EuroVoc"></keyword>
        <keyword value="sustainable_development" href="http://metadata.un.org/thesaurus/1006319" showAs="sustainable_development" dictionary="UNBIS Thesaurus"></keyword>
        <keyword value="partnership" href="http://metadata.un.org/thesaurus/1004748" showAs="partnership" dictionary="UNBIS Thesaurus"></keyword>
      </classification>
      <classification source="http://metadata.un.org/sdg">
        <keyword value="16" href="http://metadata.un.org/sdg/16" showAs="sdg_16" dictionary="SDGO"></keyword>
        <keyword value="right_to_justice" href="http://eurovoc.europa.eu/516" showAs="right_to_justice" dictionary="EuroVoc"></keyword>
        <keyword value="sustainable_development" href="http://eurovoc.europa.eu/5585" showAs="sustainable_development" dictionary="EuroVoc"></keyword>
        <keyword value="civil_society" href="http://metadata.un.org/thesaurus/1001012" showAs="civil_society" dictionary="UNBIS Thesaurus"></keyword>
        <keyword value="justice" href="http://metadata.un.org/thesaurus/1003500" showAs="justice" dictionary="UNBIS Thesaurus"></keyword>
        <keyword value="peaceful_coexistence" href="http://metadata.un.org/thesaurus/1004777" showAs="peaceful_coexistence" dictionary="UNBIS Thesaurus"></keyword>
        <keyword value="public_institutions" href="http://metadata.un.org/thesaurus/1005254" showAs="public_institutions" dictionary="UNBIS Thesaurus"></keyword>
        <keyword value="social_justice" href="http://metadata.un.org/thesaurus/1005970" showAs="social_justice" dictionary="UNBIS Thesaurus"></keyword>
        <keyword value="sustainable_development" href="http://metadata.un.org/thesaurus/1006319" showAs="sustainable_development" dictionary="UNBIS Thesaurus"></keyword>
      </classification>
      <classification source="http://metadata.un.org/sdg">
        <keyword value="10" href="http://metadata.un.org/sdg/10" showAs="sdg_10" dictionary="SDGO"></keyword>
        <keyword value="social_inequality" href="http://eurovoc.europa.eu/1420" showAs="social_inequality" dictionary="EuroVoc"></keyword>
        <keyword value="equality" href="http://metadata.un.org/thesaurus/1002102" showAs="equality" dictionary="UNBIS Thesaurus"></keyword>
      </classification>
      <classification source="http://metadata.un.org/sdg">
        <keyword value="2" href="http://metadata.un.org/sdg/2" showAs="sdg_2" dictionary="SDGO"></keyword>
        <keyword value="food_shortage" href="http://eurovoc.europa.eu/2318" showAs="food_shortage" dictionary="EuroVoc"></keyword>
        <keyword value="sustainable_agriculture" href="http://eurovoc.europa.eu/6308" showAs="sustainable_agriculture" dictionary="EuroVoc"></keyword>
        <keyword value="food_security" href="http://eurovoc.europa.eu/c_4523e1dd" showAs="food_security" dictionary="EuroVoc"></keyword>
        <keyword value="food_security" href="http://metadata.un.org/thesaurus/1002439" showAs="food_security" dictionary="UNBIS Thesaurus"></keyword>
        <keyword value="food_shortage" href="http://metadata.un.org/thesaurus/1002440" showAs="food_shortage" dictionary="UNBIS Thesaurus"></keyword>
        <keyword value="hunger" href="http://metadata.un.org/thesaurus/1003004" showAs="hunger" dictionary="UNBIS Thesaurus"></keyword>
        <keyword value="sustainable_agriculture" href="http://metadata.un.org/thesaurus/1006317" showAs="sustainable_agriculture" dictionary="UNBIS Thesaurus"></keyword>
      </classification>
      <workflow source="#un">
        <step date="2019-11-19" outcome="draftResolution" as="A/C.2/74/L.55" by="submitted by the Rapporteur of the Committee" />
        <step date="0001-01-01" outcome="draftResolutionAdditionalSponsors" by="" />
        <step date="0001-01-01" outcome="recommendedForAdoption" as="A/74/379/Add.4" by="" refersTo="8" />
        <step date="2019-12-19" outcome="adopted" as="A/74/PV.52" by="" />
      </workflow>
      <analysis source="#un">
        <parliamentary>
          <voting outcome="adoptedRecordedVote">
            <count value="177" refersTo="inFavour">
              <akn4un:voters>
                <organization refersTo="memberState">AFGHANISTAN</organization>
                <organization refersTo="memberState">ALBANIA</organization>
                <organization refersTo="memberState">ALGERIA</organization>
                <organization refersTo="memberState">ANDORRA</organization>
                <organization refersTo="memberState">ANGOLA</organization>
                <organization refersTo="memberState">ANTIGUA AND BARBUDA</organization>
                <organization refersTo="memberState">ARGENTINA</organization>
                <organization refersTo="memberState">ARMENIA</organization>
                <organization refersTo="memberState">AUSTRALIA</organization>
                <organization refersTo="memberState">AUSTRIA</organization>
                <organization refersTo="memberState">AZERBAIJAN</organization>
                <organization refersTo="memberState">BAHAMAS</organization>
                <organization refersTo="memberState">BAHRAIN</organization>
                <organization refersTo="memberState">BANGLADESH</organization>
                <organization refersTo="memberState">BARBADOS</organization>
                <organization refersTo="memberState">BELARUS</organization>
                <organization refersTo="memberState">BELGIUM</organization>
                <organization refersTo="memberState">BELIZE</organization>
                <organization refersTo="memberState">BENIN</organization>
                <organization refersTo="memberState">BHUTAN</organization>
                <organization refersTo="memberState">BOLIVIA (PLURINATIONAL STATE OF)</organization>
                <organization refersTo="memberState">BOSNIA AND HERZEGOVINA</organization>
                <organization refersTo="memberState">BOTSWANA</organization>
                <organization refersTo="memberState">BRAZIL</organization>
                <organization refersTo="memberState">BRUNEI DARUSSALAM</organization>
                <organization refersTo="memberState">BULGARIA</organization>
                <organization refersTo="memberState">BURKINA FASO</organization>
                <organization refersTo="memberState">BURUNDI</organization>
                <organization refersTo="memberState">CABO VERDE</organization>
                <organization refersTo="memberState">CAMBODIA</organization>
                <organization refersTo="memberState">CAMEROON</organization>
                <organization refersTo="memberState">CANADA</organization>
                <organization refersTo="memberState">CENTRAL AFRICAN REPUBLIC</organization>
                <organization refersTo="memberState">CHILE</organization>
                <organization refersTo="memberState">CHINA</organization>
                <organization refersTo="memberState">COLOMBIA</organization>
                <organization refersTo="memberState">CONGO</organization>
                <organization refersTo="memberState">COSTA RICA</organization>
                <organization refersTo="memberState">COTE D'IVOIRE</organization>
                <organization refersTo="memberState">CROATIA</organization>
                <organization refersTo="memberState">CUBA</organization>
                <organization refersTo="memberState">CYPRUS</organization>
                <organization refersTo="memberState">CZECHIA</organization>
                <organization refersTo="memberState">DEMOCRATIC PEOPLE'S REPUBLIC OF KOREA</organization>
                <organization refersTo="memberState">DENMARK</organization>
                <organization refersTo="memberState">DJIBOUTI</organization>
                <organization refersTo="memberState">DOMINICAN REPUBLIC</organization>
                <organization refersTo="memberState">ECUADOR</organization>
                <organization refersTo="memberState">EGYPT</organization>
                <organization refersTo="memberState">EL SALVADOR</organization>
                <organization refersTo="memberState">ERITREA</organization>
                <organization refersTo="memberState">ESTONIA</organization>
                <organization refersTo="memberState">ETHIOPIA</organization>
                <organization refersTo="memberState">FIJI</organization>
                <organization refersTo="memberState">FINLAND</organization>
                <organization refersTo="memberState">FRANCE</organization>
                <organization refersTo="memberState">GABON</organization>
                <organization refersTo="memberState">GAMBIA</organization>
                <organization refersTo="memberState">GEORGIA</organization>
                <organization refersTo="memberState">GERMANY</organization>
                <organization refersTo="memberState">GHANA</organization>
                <organization refersTo="memberState">GREECE</organization>
                <organization refersTo="memberState">GRENADA</organization>
                <organization refersTo="memberState">GUATEMALA</organization>
                <organization refersTo="memberState">GUINEA</organization>
                <organization refersTo="memberState">GUINEA-BISSAU</organization>
                <organization refersTo="memberState">GUYANA</organization>
                <organization refersTo="memberState">HONDURAS</organization>
                <organization refersTo="memberState">HUNGARY</organization>
                <organization refersTo="memberState">ICELAND</organization>
                <organization refersTo="memberState">INDIA</organization>
                <organization refersTo="memberState">INDONESIA</organization>
                <organization refersTo="memberState">IRAN (ISLAMIC REPUBLIC OF)</organization>
                <organization refersTo="memberState">IRAQ</organization>
                <organization refersTo="memberState">IRELAND</organization>
                <organization refersTo="memberState">ITALY</organization>
                <organization refersTo="memberState">JAMAICA</organization>
                <organization refersTo="memberState">JAPAN</organization>
                <organization refersTo="memberState">JORDAN</organization>
                <organization refersTo="memberState">KAZAKHSTAN</organization>
                <organization refersTo="memberState">KENYA</organization>
                <organization refersTo="memberState">KIRIBATI</organization>
                <organization refersTo="memberState">KUWAIT</organization>
                <organization refersTo="memberState">KYRGYZSTAN</organization>
                <organization refersTo="memberState">LAO PEOPLE'S DEMOCRATIC REPUBLIC</organization>
                <organization refersTo="memberState">LATVIA</organization>
                <organization refersTo="memberState">LEBANON</organization>
                <organization refersTo="memberState">LESOTHO</organization>
                <organization refersTo="memberState">LIBYA</organization>
                <organization refersTo="memberState">LIECHTENSTEIN</organization>
                <organization refersTo="memberState">LITHUANIA</organization>
                <organization refersTo="memberState">LUXEMBOURG</organization>
                <organization refersTo="memberState">MADAGASCAR</organization>
                <organization refersTo="memberState">MALAWI</organization>
                <organization refersTo="memberState">MALAYSIA</organization>
                <organization refersTo="memberState">MALDIVES</organization>
                <organization refersTo="memberState">MALI</organization>
                <organization refersTo="memberState">MALTA</organization>
                <organization refersTo="memberState">MARSHALL ISLANDS</organization>
                <organization refersTo="memberState">MAURITANIA</organization>
                <organization refersTo="memberState">MAURITIUS</organization>
                <organization refersTo="memberState">MEXICO</organization>
                <organization refersTo="memberState">MICRONESIA (FEDERATED STATES OF)</organization>
                <organization refersTo="memberState">MONACO</organization>
                <organization refersTo="memberState">MONGOLIA</organization>
                <organization refersTo="memberState">MONTENEGRO</organization>
                <organization refersTo="memberState">MOROCCO</organization>
                <organization refersTo="memberState">MOZAMBIQUE</organization>
                <organization refersTo="memberState">MYANMAR</organization>
                <organization refersTo="memberState">NAMIBIA</organization>
                <organization refersTo="memberState">NAURU</organization>
                <organization refersTo="memberState">NEPAL</organization>
                <organization refersTo="memberState">NETHERLANDS</organization>
                <organization refersTo="memberState">NEW ZEALAND</organization>
                <organization refersTo="memberState">NICARAGUA</organization>
                <organization refersTo="memberState">NIGERIA</organization>
                <organization refersTo="memberState">NORTH MACEDONIA</organization>
                <organization refersTo="memberState">NORWAY</organization>
                <organization refersTo="memberState">OMAN</organization>
                <organization refersTo="memberState">PAKISTAN</organization>
                <organization refersTo="memberState">PALAU</organization>
                <organization refersTo="memberState">PANAMA</organization>
                <organization refersTo="memberState">PAPUA NEW GUINEA</organization>
                <organization refersTo="memberState">PARAGUAY</organization>
                <organization refersTo="memberState">PERU</organization>
                <organization refersTo="memberState">PHILIPPINES</organization>
                <organization refersTo="memberState">POLAND</organization>
                <organization refersTo="memberState">PORTUGAL</organization>
                <organization refersTo="memberState">QATAR</organization>
                <organization refersTo="memberState">REPUBLIC OF KOREA</organization>
                <organization refersTo="memberState">REPUBLIC OF MOLDOVA</organization>
                <organization refersTo="memberState">ROMANIA</organization>
                <organization refersTo="memberState">RUSSIAN FEDERATION</organization>
                <organization refersTo="memberState">RWANDA</organization>
                <organization refersTo="memberState">SAINT KITTS AND NEVIS</organization>
                <organization refersTo="memberState">SAINT LUCIA</organization>
                <organization refersTo="memberState">SAINT VINCENT AND THE GRENADINES</organization>
                <organization refersTo="memberState">SAMOA</organization>
                <organization refersTo="memberState">SAN MARINO</organization>
                <organization refersTo="memberState">SAUDI ARABIA</organization>
                <organization refersTo="memberState">SENEGAL</organization>
                <organization refersTo="memberState">SERBIA</organization>
                <organization refersTo="memberState">SEYCHELLES</organization>
                <organization refersTo="memberState">SIERRA LEONE</organization>
                <organization refersTo="memberState">SINGAPORE</organization>
                <organization refersTo="memberState">SLOVAKIA</organization>
                <organization refersTo="memberState">SLOVENIA</organization>
                <organization refersTo="memberState">SOLOMON ISLANDS</organization>
                <organization refersTo="memberState">SOUTH AFRICA</organization>
                <organization refersTo="memberState">SPAIN</organization>
                <organization refersTo="memberState">SRI LANKA</organization>
                <organization refersTo="memberState">SUDAN</organization>
                <organization refersTo="memberState">SURINAME</organization>
                <organization refersTo="memberState">SWEDEN</organization>
                <organization refersTo="memberState">SWITZERLAND</organization>
                <organization refersTo="memberState">SYRIAN ARAB REPUBLIC</organization>
                <organization refersTo="memberState">TAJIKISTAN</organization>
                <organization refersTo="memberState">THAILAND</organization>
                <organization refersTo="memberState">TIMOR-LESTE</organization>
                <organization refersTo="memberState">TOGO</organization>
                <organization refersTo="memberState">TRINIDAD AND TOBAGO</organization>
                <organization refersTo="memberState">TUNISIA</organization>
                <organization refersTo="memberState">TURKEY</organization>
                <organization refersTo="memberState">TUVALU</organization>
                <organization refersTo="memberState">UGANDA</organization>
                <organization refersTo="memberState">UKRAINE</organization>
                <organization refersTo="memberState">UNITED ARAB EMIRATES</organization>
                <organization refersTo="memberState">UNITED KINGDOM</organization>
                <organization refersTo="memberState">UNITED REPUBLIC OF TANZANIA</organization>
                <organization refersTo="memberState">URUGUAY</organization>
                <organization refersTo="memberState">UZBEKISTAN</organization>
                <organization refersTo="memberState">VANUATU</organization>
                <organization refersTo="memberState">VENEZUELA (BOLIVARIAN REPUBLIC OF)</organization>
                <organization refersTo="memberState">VIET NAM</organization>
                <organization refersTo="memberState">YEMEN</organization>
                <organization refersTo="memberState">ZAMBIA</organization>
                <organization refersTo="memberState">ZIMBABWE</organization>
              </akn4un:voters>
            </count>
            <count value="1" refersTo="against">
              <akn4un:voters>
                <organization refersTo="memberState">UNITED STATES</organization>
              </akn4un:voters>
            </count>
          </voting>
        </parliamentary>
      </analysis>
      <references source="#DGACM">
        <TLCOrganization eId="source" href="/akn/ontology/organization/un/DGACM" showAs="DGACM"></TLCOrganization>
        <TLCConcept eId="dateOfIssuance" href="/akn/ontology/concept/un/dateOfIssuance" showAs="Date of issuance"></TLCConcept>
        <TLCConcept eId="dateOfAdoption" href="/akn/ontology/concept/un/dateOfAdoption" showAs="Date of adoption"></TLCConcept>
        <TLCConcept eId="symbol" href="/akn/ontology/reference/un/symbol" showAs="Symbol"></TLCConcept>
        <TLCRole eId="publisher" href="/akn/ontology/role/un/publisher" showAs="Publisher"></TLCRole>
        <TLCRole eId="issuingBody" href="/akn/role/concept/un/issuingBody" showAs="Issuing body"></TLCRole>
        <TLCRole eId="author" href="/akn/ontology/role/un/author" showAs="Author"></TLCRole>
        <TLCRole eId="editor" href="/akn/ontology/role/un/editor" showAs="Editor"></TLCRole>
        <TLCRole eId="distribution" href="/akn/ontology/concept/un/generalDistribution" showAs="General distribution"></TLCRole>
        <TLCOrganization eId="ga" href="/akn/ontology/organization/un/generalAssembly" showAs="General Assembly"></TLCOrganization>
        <TLCTerm eId="resolutionTitle" href="/akn/ontology/reference/un/resolutionTitle" showAs="Resolution title"></TLCTerm>
        <TLCTerm eId="secondCommittee" href="#secondCommittee" showAs="Second Committee"></TLCTerm>
        <TLCTerm eId="memberState" href="/akn/ontology/organization/un/memberState" showAs="Member State"></TLCTerm>
        <TLCTerm eId="inFavour" href="/akn/ontology/concept/un/voting/inFavour" showAs="In favour"></TLCTerm>
        <TLCTerm eId="against" href="/akn/ontology/concept/un/voting/against" showAs="Against"></TLCTerm>
        <TLCTerm eId="abstaining" href="/akn/ontology/concept/un/voting/abstaining" showAs="Abstaining"></TLCTerm>
      </references>
      <presentation source="#un">
        <akn4un:footerFirstPage>
          <akn4un:footerFirstPageLeft>
            <akn4un:internalCode>
              <docketNumber refersTo="#publicationJobNumber">19-22417 (E)</docketNumber>
              <img alt="bar code" class="barCode" src=""></img>
            </akn4un:internalCode>
          </akn4un:footerFirstPageLeft>
          <akn4un:footerFirstPageRight>
            <img alt="Please recycle" class="image" src="./recylcleLogo.jpg"></img>
            <img alt="embedded QR code" class="qrCode" src=""></img>
          </akn4un:footerFirstPageRight>
        </akn4un:footerFirstPage>
      </presentation>
    </meta>
    <coverPage eId="coverPage_1">
      <p>
        <span refersTo="#publisher" class="upperLeft">
          <docAuthority refersTo="#publisher">United Nations</docAuthority>
        </span>
      </p>
      <p class="upperRight">
        <docNumber refersTo="#symbol">A/RES/74/204</docNumber>
      </p>
      <p class="upperLeft">
        <img src="logo-un.jpg"></img>
        <docAuthority refersTo="#issuingBody" class="rightBig">General Assembly</docAuthority>
      </p>
      <p>
        <docStatus refersTo="#generalDistribution" class="rightSmall">Distr.: General</docStatus>
      </p>
      <p>
        <docDate date="2020-01-13" class="rightSmall" refersTo="#dateOfIssuance">13 January 2020</docDate>
      </p>
      <p>
        <session refersTo="#generalAssembly" value="74" eId="coverPage_1__session_1">Seventy-fourth session</session>
      </p>
      <p>
        <inline name="agenda item">Agenda item 17 (d)</inline>
      </p>
      <p>
        <inline name="agenda item name">Macroeconomic policy questions: commodities</inline>
      </p>
      <p>
        <docTitle>Resolution adopted by the General Assembly on 19 December 2019</docTitle>
      </p>
      <p xml:space="preserve">
        <docProponent refersTo="#secondCommittee">[on the report of the Second Committee (<inline name="originating document">A/74/379/Add.4</inline>)]</docProponent>
      </p>
    </coverPage>
    <preface>
      <p>
        <docNumber>74/204.</docNumber>
        <docTitle refersTo="#resolutionTitle">Commodities</docTitle>
      </p>
    </preface>
    <preamble>
      <formula name="enactingFormula" eId="formula_1">
        <p xml:space="preserve">
          <span class="italic">The General Assembly</span>,</p>
      </formula>
      <container name="Recalling" eId="container_2">
        <p xml:space="preserve">
          <span class="italic">Recalling</span> its resolutions <a href="https://undocs.org/en/A/RES/59/224">59/224</a> of 22 December 2004, <a href="https://undocs.org/en/A/RES/61/190">61/190</a> of 20 December 2006, <a href="https://undocs.org/en/A/RES/63/207">63/207</a> of 19 December 2008, <a href="https://undocs.org/en/A/RES/64/192">64/192</a> of 21 December 2009, <a href="https://undocs.org/en/A/RES/66/190">66/190</a> of 22 December 2011, <a href="https://undocs.org/en/A/RES/68/203">68/203</a> of 20 December 2013, <a href="https://undocs.org/en/A/RES/70/191">70/191</a> of 22 December 2015 and <a href="https://undocs.org/en/A/RES/72/205">72/205</a> of 20 December 2017 on commodities,</p>
      </container>
      <container name="Recalling also" eId="container_3">
        <p xml:space="preserve">
          <span class="italic">Recalling also</span> the United Nations Millennium Declaration adopted by Heads of State and Government on 8 September 2000,<authorialNote marker="1" placement="bottom" eId="authorialNote_1"><p xml:space="preserve">	 	Resolution <a href="https://undocs.org/en/A/RES/55/2">55/2</a>.</p></authorialNote> the 2005 World Summit Outcome adopted on 16 September 2005<authorialNote marker="2" placement="bottom" eId="authorialNote_2"><p xml:space="preserve">	 	Resolution <a href="https://undocs.org/en/A/RES/60/1">60/1</a>.</p></authorialNote> and its resolution <a href="https://undocs.org/en/A/RES/60/265">60/265</a> of 30 June 2006 on the follow-up to the development outcome of the 2005 World Summit, including the Millennium Development Goals and the other internationally agreed development goals,</p>
      </container>
      <container name="Recalling further" eId="container_4">
        <p xml:space="preserve">
          <span class="italic">Recalling further</span> the International Conference on Financing for Development, held in Monterrey, Mexico, from 18 to 22 March 2002, and the Follow-up International Conference on Financing for Development to Review the Implementation of the Monterrey Consensus, held in Doha from 29 November to 2 December 2008,</p>
      </container>
      <container name="Recalling" eId="container_5">
        <p xml:space="preserve">
          <span class="italic">Recalling</span> the Conference on the World Financial and Economic Crisis and Its Impact on Development and its outcome document,<authorialNote marker="3" placement="bottom" eId="authorialNote_3"><p xml:space="preserve">	 	Resolution <a href="https://undocs.org/en/A/RES/63/303">63/303</a>, annex.</p></authorialNote></p>
      </container>
      <container name="Recalling also" eId="container_6">
        <p xml:space="preserve">
          <span class="italic">Recalling also</span> the Plan of Implementation of the World Summit on Sustainable Development (Johannesburg Plan of Implementation)<authorialNote marker="4" placement="bottom" eId="authorialNote_4"><p xml:space="preserve"><span class="italic">Report of the World Summit on Sustainable Development, Johannesburg, South Africa, 26 August–4 September 2002</span> (United Nations publication, Sales No. E.03.II.A.1 and corrigendum), chap. I, resolution 2, annex.</p></authorialNote> and the outcome document of the United Nations Conference on Sustainable Development, held in Rio de Janeiro, Brazil, from 20 to 22 June 2012, entitled “The future we want”,<authorialNote marker="5" placement="bottom" eId="authorialNote_5"><p xml:space="preserve">	 	Resolution <a href="https://undocs.org/en/A/RES/66/288">66/288</a>, annex.</p></authorialNote></p>
      </container>
      <container name="Reaffirming" eId="container_7">
        <p xml:space="preserve">
          <span class="italic">Reaffirming</span> its resolution <a href="https://undocs.org/en/A/RES/70/1">70/1</a> of 25 September 2015, entitled “Transforming our world: the 2030 Agenda for Sustainable Development”, in which it adopted a comprehensive, far-reaching and people-centred set of universal and transformative Sustainable Development Goals and targets, its commitment to working tirelessly for the full implementation of the Agenda by 2030, its recognition that eradicating poverty in all its forms and dimensions, including extreme poverty, is the greatest global challenge and an indispensable requirement for sustainable development, its commitment to achieving sustainable development in its three dimensions – economic, social and environmental – in a balanced and integrated manner, and to building upon the achievements of the Millennium Development Goals and seeking to address their unfinished business,</p>
      </container>
      <container name="Reaffirming also" eId="container_8">
        <p xml:space="preserve">
          <span class="italic">Reaffirming also</span> its resolution <a href="https://undocs.org/en/A/RES/69/313">69/313</a> of 27 July 2015 on the Addis Ababa Action Agenda of the Third International Conference on Financing for Development, which is an integral part of the 2030 Agenda for Sustainable Development, supports and complements it, helps to contextualize its means of implementation targets with concrete policies and actions, and reaffirms the strong political commitment to address the challenge of financing and creating an enabling environment at all levels for sustainable development in the spirit of global partnership and solidarity,</p>
      </container>
      <container name="Reaffirming further" eId="container_9">
        <p xml:space="preserve">
          <span class="italic">Reaffirming further</span> the Paris Agreement<authorialNote marker="6" placement="bottom" eId="authorialNote_6"><p xml:space="preserve">	 	Adopted under the UNFCCC in <a href="https://undocs.org/en/FCCC/CP/2015/10/Add.1">FCCC/CP/2015/10/Add.1</a>, decision 1/CP.21.</p></authorialNote> and its early entry into force, encouraging all its parties to fully implement the Agreement and parties to the United Nations Framework Convention on Climate Change<authorialNote marker="7" placement="bottom" eId="authorialNote_7"><p xml:space="preserve">	 	United Nations, <span class="italic">Treaty Series</span>, vol. 1771, No. 30822.</p></authorialNote> that have not yet done so to deposit their instruments of ratification, acceptance, approval or accession, where appropriate, as soon as possible,</p>
      </container>
      <container name="Noting" eId="container_10">
        <p xml:space="preserve">
          <span class="italic">Noting</span> the ongoing efforts to implement the Programme of Action for the Least Developed Countries for the Decade 2011–2020, adopted in May 2011 at the Fourth United Nations Conference on the Least Developed Countries,<authorialNote marker="8" placement="bottom" eId="authorialNote_8"><p xml:space="preserve"><span class="italic">Report of the Fourth United Nations Conference on the Least Developed Countries, Istanbul, Turkey, 9–13 May 2011</span> (<a href="https://undocs.org/en/A/CONF.219/7">A/CONF.219/7</a>), chap. II.</p></authorialNote> the SIDS Accelerated Modalities of Action (SAMOA) Pathway, adopted in September 2014 at the third International Conference on Small Island Developing States,<authorialNote marker="9" placement="bottom" eId="authorialNote_9"><p xml:space="preserve">	 	Resolution <a href="https://undocs.org/en/A/RES/69/15">69/15</a>, annex.</p></authorialNote> and the Vienna Programme of Action for Landlocked Developing Countries for the Decade 2014–2024, adopted in November 2014 at the second United Nations Conference on Landlocked Developing Countries,<authorialNote marker="10" placement="bottom" eId="authorialNote_10"><p xml:space="preserve">	 	Resolution <a href="https://undocs.org/en/A/RES/69/137">69/137</a>, annex II.</p></authorialNote> and recognizing the special challenges facing middle-income countries,</p>
      </container>
      <container name="Recalling" eId="container_11">
        <p xml:space="preserve">
          <span class="italic">Recalling</span> the Sendai Declaration<authorialNote marker="11" placement="bottom" eId="authorialNote_11"><p xml:space="preserve">	 	Resolution <a href="https://undocs.org/en/A/RES/69/283">69/283</a>, annex I.</p></authorialNote> and the Sendai Framework for Disaster Risk Reduction 2015–2030,<authorialNote marker="12" placement="bottom" eId="authorialNote_12"><p xml:space="preserve">	 	Ibid., annex II.</p></authorialNote></p>
      </container>
      <container name="Noting" eId="container_12">
        <p xml:space="preserve">
          <span class="italic">Noting</span> the holding of the one-day informal interactive dialogue on commodity markets in New York on 15 May 2019, from which resulted a summary that outlined the central messages and conclusions of the two interactive panels held during the dialogue,</p>
      </container>
      <container name="Reaffirming" eId="container_13">
        <p xml:space="preserve">
          <span class="italic">Reaffirming</span> the importance of supporting Agenda 2063 of the African Union, as well as its first 10-year implementation plan, as a strategic framework for ensuring a positive socioeconomic transformation in Africa within the next 50 years, its continental programme embedded in the resolutions of the General Assembly on the New Partnership for Africa’s Development, and regional initiatives,</p>
      </container>
      <container name="Reaffirming also" eId="container_14">
        <p xml:space="preserve">
          <span class="italic">Reaffirming also</span> that, in the Addis Ababa Action Agenda, Heads of State and Government expressed concern about the excessive volatility of commodity prices, including for food and agriculture, and its consequences for global food security and improved nutrition outcomes, noted the Agricultural Market Information System hosted by the Food and Agriculture Organization of the United Nations and called for the provision of access for small-scale artisanal fishers to marine resources and markets, consistent with sustainable management practices as well as initiatives that add value to outputs from small-scale fishers, and noting that, in <span class="italic">The State of Food Security and Nutrition in the World 2019: Safeguarding against Economic Slowdowns and Downturns</span>, the Food and Agriculture Organization highlighted that 80 per cent of the countries – 52 out of 65 – with a rise in hunger and an increase in undernourishment during recent economic slowdowns and downturns are countries whose economies are highly dependent on primary commodities for export and/or import,</p>
      </container>
      <container name="Recalling" eId="container_15">
        <p xml:space="preserve">
          <span class="italic">Recalling</span> the outcome of the fourteenth session of the United Nations Conference on Trade and Development,<authorialNote marker="13" placement="bottom" eId="authorialNote_13"><p xml:space="preserve">	 	See <a href="https://undocs.org/en/TD/519">TD/519</a>, <a href="https://undocs.org/en/TD/519/Add.1">TD/519/Add.1</a>, <a href="https://undocs.org/en/TD/519/Add.2">TD/519/Add.2</a> and <a href="https://undocs.org/en/TD/519/Add.2/Corr.1">TD/519/Add.2/Corr.1</a>.</p></authorialNote> and taking note of the decisions and agreed conclusions on commodities adopted by the Trade and Development Board and its subsidiary bodies,</p>
      </container>
      <container name="Taking note" eId="container_16">
        <p xml:space="preserve">
          <span class="italic">Taking note</span> of the United Nations Conference on Trade and Development <span class="italic">Commodities and Development Reports</span>, its <span class="italic">State of Commodity Dependence</span> reports and its note on commodity dependence and the Sustainable Development Goals, noting the role that the Conference has been playing as an institution in looking at the interaction between commodity markets and economic development and in the elaboration of the concept of commodity-dependent developing countries,</p>
      </container>
      <container name="Underlining" eId="container_17">
        <p xml:space="preserve">
          <span class="italic">Underlining</span> the importance of advancing sustainable consumption and production patterns,</p>
      </container>
      <container name="Noting with concern" eId="container_18">
        <p xml:space="preserve">
          <span class="italic">Noting with concern</span> that the prices of most commodities exhibited a downward trend, driven by a variety of factors relating to supply and demand and changing inventories,</p>
      </container>
      <container name="Recognizing" eId="container_19">
        <p xml:space="preserve">
          <span class="italic">Recognizing</span> that commodity price volatility, including excessive volatility, can have adverse impacts on both producer and consumer countries, particularly in commodity-dependent countries, and noting with concern that this can undermine their development efforts, as it could discourage investment, widen trade deficits and aggravate household poverty,</p>
      </container>
      <container name="Noting" eId="container_20">
        <p xml:space="preserve">
          <span class="italic">Noting</span> that commodity price movements have both macroeconomic and microeconomic implications for commodity-dependent developing countries, as well as net commodity-importing developing countries, and further noting that rises in commodity prices may contribute to improvements by exporting countries in their export and fiscal revenue, allowing them to increase current and capital government expenditure, and that, by contrast, a decline in commodity prices may lead to shortfalls in export and fiscal earnings and the inability of Governments to deliver basic goods and services,</p>
      </container>
      <container name="Expressing concern" eId="container_21">
        <p xml:space="preserve">
          <span class="italic">Expressing concern</span> that the global economy has yet to recover completely and remains in a challenging phase, notwithstanding the recent cyclical pickup in global economic activity, that growth remains weak in many countries and includes subdued trade growth, volatile capital flows, widespread fiscal strains and unsustainable debt in some countries, particularly developing countries, and that commodity exporters are particularly hard hit owing to their continued adjustment to a sharp step-down in foreign earnings, recognizing that, while short-term risks are broadly balanced, medium-term risks are still tilted to the downside, and in this regard stressing the need for continuing efforts to address systemic fragilities and imbalances, to reform and strengthen the international financial system and to make further progress towards sustaining and rebalancing global demand,</p>
      </container>
      <container name="Recognizing" eId="container_22">
        <p xml:space="preserve">
          <span class="italic">Recognizing</span> the adverse impact of excessive price volatility of commodities, especially on women, girls, young people and people in vulnerable situations,</p>
      </container>
      <container name="Recognizing also" eId="container_23">
        <p xml:space="preserve">
          <span class="italic">Recognizing also</span> that the structural constraints that women face as economic agents, including segmentation in low-value-added or subsistence-oriented work, unequal access to productive resources, limited access to training and skill-building due to gender segmentation in education and labour markets and a lack of resources, as well as the heavy burden of unpaid work, make women and girls especially vulnerable to the adverse impact of excessive price volatility of commodities,</p>
      </container>
      <container name="Stressing" eId="container_24">
        <p xml:space="preserve">
          <span class="italic">Stressing</span> the importance of policies to address longer-term structural issues, including structural constraints faced by women as economic agents, to diversify commodity economies and to integrate commodity policies into wider development and poverty eradication strategies at all levels,</p>
      </container>
      <container name="Recognizing" eId="container_25">
        <p xml:space="preserve">
          <span class="italic">Recognizing</span> that uncertainty in global commodity markets reinforces the need to comprehensively deal with the commodity problematique, inter alia, the demand for commodities, supply capacities, commodity revenues and investments in commodity-dependent economies, while taking due account of the diversity of each country’s individual situation and needs and the promotion of their sustainable development, and to strengthen the nexus between, inter alia, trade, finance, investment in sustainable agriculture and food systems, energy and industrialization,</p>
      </container>
      <container name="Noting" eId="container_26">
        <p xml:space="preserve">
          <span class="italic">Noting</span> the work on consensus-building on commodity-related issues achieved through meetings of the United Nations Conference on Trade and Development, including the multi-year expert meetings on commodities and development, the Global Commodities Forum and the African Oil, Gas and Mines Trade and Finance Conference and Exhibition,</p>
      </container>
      <container name="Underlining" eId="container_27">
        <p xml:space="preserve">
          <span class="italic">Underlining</span> the importance of timely, accurate and transparent information to ensure the proper functioning of food commodity markets, in accordance with the 2030 Agenda, noting global and regional initiatives, including the Agricultural Market Information System and its Rapid Response Forum, the joint organization data initiative and other regional data platforms and programmes, and urging the participating international organizations, private sector actors and Governments to ensure the public dissemination of timely and quality food market information products,</p>
      </container>
      <container name="Expressing deep concern" eId="container_28">
        <p xml:space="preserve">
          <span class="italic">Expressing deep concern</span> at the adverse impact of climate change and extreme weather patterns on access to, and the utilization and prices of, agricultural commodities, while recognizing the important role of land and sustainable land management in the climate system,</p>
      </container>
    </preamble>
    <mainBody>
      <paragraph eId="para_29" class="SingleTxt">
        <num>	1.</num>
        <content eId="para_29__content">
          <p xml:space="preserve">
            <span class="italic">Takes note</span> of the report of the Secretary-General on world commodity trends and prospects;<authorialNote marker="14" placement="bottom" eId="authorialNote_14"><p xml:space="preserve"><a href="https://undocs.org/en/A/74/232">A/74/232</a>.</p></authorialNote></p>
        </content>
      </paragraph>
      <paragraph eId="para_30" class="SingleTxt">
        <num>	2.</num>
        <content eId="para_30__content">
          <p xml:space="preserve">
            <span class="italic">Recognizes</span> the interlinkage between the adequate and transparent functioning of commodity markets and the capacity of some commodity-dependent developing countries to collect appropriate fiscal revenues from commodity exports and mobilize domestic resources to support the achievement of the Sustainable Development Goals and their sustainable development, including through sustainable and inclusive economic growth, industrialization, decent work and market diversification; </p>
        </content>
      </paragraph>
      <paragraph eId="para_31" class="SingleTxt">
        <num>	3.</num>
        <content eId="para_31__content">
          <p xml:space="preserve">
            <span class="italic">Encourages</span> support for developing countries, according to their national plans and policies, through technical assistance, to increase their capacity in detecting and averting trade mispricing in their commodities sectors in order to enhance their benefits from those sectors to support the achievement of the Sustainable Development Goals;</p>
        </content>
      </paragraph>
      <paragraph eId="para_32" class="SingleTxt">
        <num>	4.</num>
        <content eId="para_32__content">
          <p xml:space="preserve">
            <span class="italic">Reiterates</span> the need for further efforts to address excessive commodity price volatility, in particular by assisting producers, especially small-scale producers, including women, in accordance with national plans and policies, in managing risk;</p>
        </content>
      </paragraph>
      <paragraph eId="para_33" class="SingleTxt">
        <num>	5.</num>
        <content eId="para_33__content">
          <p xml:space="preserve">
            <span class="italic">Stresses</span> that developing countries, including African countries, the least developed countries, landlocked developing countries and small island developing States, face particular challenges as lower prices for the commodities that they produce threaten the sustainable growth and the debt positions of such countries, and therefore notes that, in this context, economic and export diversification, value addition and industrialization can contribute to strengthening resilience to excessive price volatility by allowing the derivation of revenue from various sources;</p>
        </content>
      </paragraph>
      <paragraph eId="para_34" class="SingleTxt">
        <num>	6.</num>
        <content eId="para_34__content">
          <p xml:space="preserve">
            <span class="italic">Recognizes</span> the need to continue efforts to diversify economies, as well as to improve the regulation, where appropriate, and the efficiency, responsiveness, functioning and transparency of financial and commodity markets nationally, regionally and internationally;</p>
        </content>
      </paragraph>
      <paragraph eId="para_35" class="SingleTxt">
        <num>	7.</num>
        <content eId="para_35__content">
          <p xml:space="preserve">
            <span class="italic">Acknowledges</span> two main diversification strategies, one being horizontal diversification to export different types of commodities and other products to different markets, and the other being vertical diversification through value addition, and notes that these diversification strategies can contribute to creating sustained jobs and foster an inclusive and sustainable process of industrialization in order to achieve the Sustainable Development Goals;</p>
        </content>
      </paragraph>
      <paragraph eId="para_36" class="SingleTxt">
        <num>	8.</num>
        <content eId="para_36__content">
          <p xml:space="preserve">
            <span class="italic">Calls upon</span> the international community to support the efforts of and foster cooperation with commodity-dependent developing countries to address the factors that create structural barriers to international trade and impede, inter alia, diversification, including tariff and non-tariff barriers, limited access to financial services resulting in scarce resources for investing in the commodity sector, weak infrastructure, particularly regarding both the cost and availability of transportation and storage, and lack of skills in producing and marketing alternative products;</p>
        </content>
      </paragraph>
      <paragraph eId="para_37" class="SingleTxt">
        <num>	9.</num>
        <content eId="para_37__content">
          <p xml:space="preserve">
            <span class="italic">Emphasizes</span> the importance of enhanced collaboration between the public and private sectors and high levels of investment in commodity-dependent developing countries to promote diversification and upgrade productive structures integrated into global value chains for sustainable development;</p>
        </content>
      </paragraph>
      <paragraph eId="para_38" class="SingleTxt">
        <num>	10.</num>
        <content eId="para_38__content">
          <p xml:space="preserve">
            <span class="italic">Looks forward</span> to the convening of the Twelfth Ministerial Conference of the World Trade Organization in Nur-Sultan from 8 to 11 June 2020;</p>
        </content>
      </paragraph>
      <paragraph eId="para_39" class="SingleTxt">
        <num>	11.</num>
        <content eId="para_39__content">
          <p xml:space="preserve">
            <span class="italic">Notes with concern</span> the slow and uneven recovery from the severe economic and financial crisis of 2008, despite the recent strengthening of global economic activity, since growth remains weak in many countries and agricultural and other commodity prices remain depressed while inequalities are rising, and acknowledges that international trade can play a role in achieving the 2030 Agenda for Sustainable Development<authorialNote marker="15" placement="bottom" eId="authorialNote_15"><p xml:space="preserve">	 	Resolution <a href="https://undocs.org/en/A/RES/70/1">70/1</a>.</p></authorialNote> and sustainable, robust and balanced growth for all;</p>
        </content>
      </paragraph>
      <paragraph eId="para_40" class="SingleTxt">
        <num>	12.</num>
        <content eId="para_40__content">
          <p xml:space="preserve">
            <span class="italic">Calls for</span> a coherent set of policy actions at the national, regional and international levels to address excessive price volatility and support commodity-dependent developing countries in mitigating negative impacts, in particular by facilitating value addition and enhancing their participation in commodity and related product value chains, by supporting large-scale diversification of these economies and by encouraging the use and further development of market-oriented risk management tools, instruments and strategies;</p>
        </content>
      </paragraph>
      <paragraph eId="para_41" class="SingleTxt">
        <num>	13.</num>
        <content eId="para_41__content">
          <p xml:space="preserve">
            <span class="italic">Stresses</span> the importance of developing and strengthening agricultural policies and strategies that recognize and address women’s critical role in food security and improved nutrition outcomes as an integral part of both short- and long-term responses to food insecurity and malnutrition and food crises in developing countries;</p>
        </content>
      </paragraph>
      <paragraph eId="para_42" class="SingleTxt">
        <num>	14.</num>
        <content eId="para_42__content">
          <p xml:space="preserve">
            <span class="italic">Recognizes</span> the potential for innovation, productivity improvements and the promotion of non-traditional exports in most commodity-dependent developing countries, particularly in Africa, and calls for enhanced support by the international community as well as exchanges of experience in these areas within the framework of South-South economic cooperation;</p>
        </content>
      </paragraph>
      <paragraph eId="para_43" class="SingleTxt">
        <num>	15.</num>
        <content eId="para_43__content">
          <p xml:space="preserve">
            <span class="italic">Underscores</span> the importance of increased investments in quality, reliable, sustainable and resilient infrastructure as a means of promoting sustainable agricultural development and enhancing commodity diversification, including value-added production, and trade, and urges the international community to assist commodity-dependent developing countries to mainstream trade as well as sound investment and financial policies as key elements of development strategies, based on national circumstances and development priorities, and to invest in and support research, innovation and development of sustainable agriculture productivity;</p>
        </content>
      </paragraph>
      <paragraph eId="para_44" class="SingleTxt">
        <num>	16.</num>
        <content eId="para_44__content">
          <p xml:space="preserve">
            <span class="italic">Stresses</span> that technical assistance and capacity-building aimed at improving the commodity export competitiveness of producers are particularly important for developing countries, especially in Africa, and invites Member States and all relevant stakeholders to provide the necessary resources for commodity-specific financial and technical assistance, in particular for human and institutional capacity-building, including gender-responsive measures, as well as quality, reliable, sustainable and resilient infrastructure development of developing countries, with a view to reducing their institutional bottlenecks and transaction costs and enhancing their commodity trade and development in accordance with national development plans;</p>
        </content>
      </paragraph>
      <paragraph eId="para_45" class="SingleTxt">
        <num>	17.</num>
        <content eId="para_45__content">
          <p xml:space="preserve">
            <span class="italic">Also stresses</span> that the Aid for Trade initiative should aim to help developing countries, particularly the least developed countries, to build the supply-side capacity and trade-related infrastructure that they need to assist them to implement and benefit from World Trade Organization agreements and, more broadly, to expand their trade;</p>
        </content>
      </paragraph>
      <paragraph eId="para_46" class="SingleTxt">
        <num>	18.</num>
        <content eId="para_46__content">
          <p xml:space="preserve">
            <span class="italic">Recalls</span> the agreement to keep under regular review, by the Ministerial Conference and appropriate bodies of the World Trade Organization, the impact of the results of the Uruguay Round on the least developed countries as well as on the net food-importing developing countries, with a view to fostering positive measures to enable them to achieve their development objectives, and in this regard calls for the implementation of the Marrakesh Ministerial Decision on Measures Concerning the Possible Negative Effects of the Reform Programme on Least Developed and Net Food-Importing Developing Countries;</p>
        </content>
      </paragraph>
      <paragraph eId="para_47" class="SingleTxt">
        <num>	19.</num>
        <content eId="para_47__content">
          <p xml:space="preserve">
            <span class="italic">Encourages</span> developed countries that have not already done so and developing countries declaring themselves in a position to do so to take steps towards the goal of realizing timely implementation of duty-free and quota-free market access on a lasting basis for all least developed countries, consistent with the Hong Kong Ministerial Declaration adopted by the World Trade Organization in 2005;</p>
        </content>
      </paragraph>
      <paragraph eId="para_48" class="SingleTxt">
        <num>	20.</num>
        <content eId="para_48__content">
          <p xml:space="preserve">
            <span class="italic">Strongly encourages</span> international financial institutions and development banks to assist developing countries, in particular commodity-dependent developing countries, in managing the effects of commodity price volatility, including excessive volatility;</p>
        </content>
      </paragraph>
      <paragraph eId="para_49" class="SingleTxt">
        <num>	21.</num>
        <content eId="para_49__content">
          <p xml:space="preserve">
            <span class="italic">Reaffirms</span> that every State has and shall freely exercise full permanent sovereignty over all its wealth, natural resources and economic activities;</p>
        </content>
      </paragraph>
      <paragraph eId="para_50" class="SingleTxt">
        <num>	22.</num>
        <content eId="para_50__content">
          <p xml:space="preserve">
            <span class="italic">Recognizes</span> the importance of increasing efficiency, effectiveness and transparency in the management of public and private sector revenues in developed and developing countries derived from all commodities and commodities-related industries, including final processed goods, in support of development;</p>
        </content>
      </paragraph>
      <paragraph eId="para_51" class="SingleTxt">
        <num>	23.</num>
        <content eId="para_51__content">
          <p xml:space="preserve">
            <span class="italic">Notes</span> the important contributions of the Common Fund for Commodities and other international commodities organizations, and encourages them, in cooperation with the International Trade Centre, the United Nations Conference on Trade and Development, the United Nations Industrial Development Organization and other relevant bodies, to strengthen coordination among them and to identify and implement innovative measures to enable the sustainable contribution of the commodity sector to economic development, including ways to reduce vulnerability to volatility in commodity prices, as well as to enhance activities in developing countries to improve access to markets and the reliability of supply, enhance diversification and the addition of value, improve the competitiveness of commodities, strengthen the market chain, improve market structures, broaden the export base and ensure the effective participation of all stakeholders, on the basis of a shared understanding of the contribution of commodities to sustainable development;</p>
        </content>
      </paragraph>
      <paragraph eId="para_52" class="SingleTxt">
        <num>	24.</num>
        <content eId="para_52__content">
          <p xml:space="preserve">
            <span class="italic">Stresses</span> that the United Nations Conference on Trade and Development and its partners, in the spirit of inter-agency cooperation and multi-stakeholder partnerships, within their respective mandates, should continue to engage actively in collaborative research and analysis of the commodity problematique and related capacity- and consensus-building activities, with a view to providing regular analysis and policy advice relevant to the sustainable development of commodity-dependent developing countries, particularly low-income countries;</p>
        </content>
      </paragraph>
      <paragraph eId="para_53" class="SingleTxt">
        <num>	25.</num>
        <content eId="para_53__content">
          <p xml:space="preserve">
            <span class="italic">Looks forward</span> to the convening of the fifteenth session of the United Nations Conference on Trade and Development in Barbados from 18 to 23 October 2020;</p>
        </content>
      </paragraph>
      <paragraph eId="para_54" class="SingleTxt">
        <num>	26.</num>
        <content eId="para_54__content">
          <p xml:space="preserve">
            <span class="italic">Emphasizes</span> the importance of facilitating accession to the World Trade Organization, particularly for commodity-dependent developing countries, in full compliance with its rules;</p>
        </content>
      </paragraph>
      <paragraph eId="para_55" class="SingleTxt">
        <num>	27.</num>
        <content eId="para_55__content">
          <p xml:space="preserve">
            <span class="italic">Underlines</span> the urgent need for the provision of and access to trade finance to commodity-dependent developing countries, given the tightened access to all types of credit and noting debt sustainability;</p>
        </content>
      </paragraph>
      <paragraph eId="para_56" class="SingleTxt">
        <num>	28.</num>
        <content eId="para_56__content">
          <p xml:space="preserve">
            <span class="italic">Welcomes</span> the commitment to redouble efforts to substantially reduce illicit financial flows by 2030, with a view to eventually eliminating them;</p>
        </content>
      </paragraph>
      <paragraph eId="para_57" class="SingleTxt">
        <num>	29.</num>
        <content eId="para_57__content">
          <p xml:space="preserve">
            <span class="italic">Stresses</span> that revenues from commodity production and exports remain critical for developing countries, in particular in the context of the implementation of the 2030 Agenda, given that developing countries need to mobilize resources in order to achieve the Sustainable Development Goals and that commodity prices have been decreasing since 2011, which has put pressure on government budgets in developing countries;</p>
        </content>
      </paragraph>
      <paragraph eId="para_58" class="SingleTxt">
        <num>	30.</num>
        <content eId="para_58__content">
          <p xml:space="preserve">
            <span class="italic">Invites</span> the President of the General Assembly to hold a one-day informal interactive dialogue of the Assembly on commodity markets during the first half of 2020 to review world commodity trends and prospects and possible strategies for economic and export diversification, as well as value addition for sustainable development, particularly in commodity-dependent developing countries, with the aim of sharing experiences and lessons learned, on a date and in a format to be decided by the President of the Assembly;</p>
        </content>
      </paragraph>
      <paragraph eId="para_59" class="SingleTxt">
        <num>	31.</num>
        <content eId="para_59__content">
          <p xml:space="preserve">
            <span class="italic">Calls upon</span> all relevant bodies, agencies, funds and programmes of the United Nations system and other relevant intergovernmental, global, regional and subregional organizations, in particular the United Nations Conference on Trade and Development and all relevant international financial and economic institutions, within their respective mandates, to continue to address the issue of the low industrialization and diversification of the economies of some commodity-dependent developing countries in relation to the capacity of Member States to achieve all the Sustainable Development Goals by 2030;</p>
        </content>
      </paragraph>
      <paragraph eId="para_60" class="SingleTxt">
        <num>	32.</num>
        <content eId="para_60__content">
          <p xml:space="preserve">
            <span class="italic">Requests</span> the Secretary-General to submit to the General Assembly at its seventy-sixth session, in collaboration with the secretariat of the United Nations Conference on Trade and Development, an action-oriented report on the implementation of the present resolution, with a particular emphasis on recommendations and strategies for economic and export diversification, commodity production and value addition for sustainable development, in line with the implementation of the Addis Ababa Action Agenda of the Third International Conference on Financing for Development,<authorialNote marker="16" placement="bottom" eId="authorialNote_16"><p xml:space="preserve">	 	Resolution <a href="https://undocs.org/en/A/RES/69/313">69/313</a>, annex.</p></authorialNote> and, in this regard, decides to include in the provisional agenda of its seventy-sixth session, under the item entitled “Macroeconomic policy questions”, the sub-item entitled “Commodities”.</p>
        </content>
      </paragraph>
    </mainBody>
    <conclusions eId="conclusions">
      <p>
        <inline name="adoptionMeeting" title="52nd">52nd plenary meeting</inline>
        <eol />
        <docDate date="2019-12-19" refersTo="#adoptionDate">19 December 2019</docDate>
      </p>
    </conclusions>
  </statement>
</akomaNtoso>