<akomaNtoso xmlns:xsi="http://www.w3.org/2001/XMLSchema-instance" xsi:schemaLocation="http://docs.oasis-open.org/legaldocml/ns/akn/3.0 http://docs.oasis-open.org/legaldocml/akn-core/v1.0/os/part2-specs/schemas/akomantoso30.xsd" xmlns="http://docs.oasis-open.org/legaldocml/ns/akn/3.0" xmlns:html="http://www.w3.org/1999/xhtml" xmlns:akn4un="http://un.org/akn4un">
  <statement name="resolution">
    <meta>
      <identification source="#DGACM">
        <FRBRWork>
          <FRBRthis value="/akn/un/statement/deliberation/unga/2019-12-19/74-206/!main/"></FRBRthis>
          <FRBRuri value="/akn/un/statement/deliberation/unga/2019-12-19/74-206/"></FRBRuri>
          <FRBRdate date="2019-12-19" name="adoption"></FRBRdate>
          <FRBRauthor href="ga" as="author"></FRBRauthor>
          <FRBRcountry value="un"></FRBRcountry>
        </FRBRWork>
        <FRBRExpression>
          <FRBRthis value="/akn/un/statement/deliberation/unga/2019-12-19/74-206/eng@!main/"></FRBRthis>
          <FRBRuri value="/akn/un/statement/deliberation/unga/2019-12-19/74-206/eng@/"></FRBRuri>
          <FRBRdate date="2020-01-29" name="publication"></FRBRdate>
          <FRBRauthor href="ga" as="issuer"></FRBRauthor>
          <FRBRlanguage language="eng"></FRBRlanguage>
        </FRBRExpression>
        <FRBRManifestation>
          <FRBRthis value="/akn/un/statement/deliberation/unga/2019-12-19/74-206/eng@/!main.xml"></FRBRthis>
          <FRBRuri value="/akn/un/statement/deliberation/unga/2019-12-19/74-206/eng@.xml"></FRBRuri>
          <FRBRdate date="2020-07-30" name="markup"></FRBRdate>
          <FRBRauthor href="DGACM" as="editor"></FRBRauthor>
        </FRBRManifestation>
      </identification>
      <classification source="http://metadata.un.org/sdg">
        <keyword value="16" href="http://metadata.un.org/sdg/16" showAs="sdg_16" dictionary="SDGO"></keyword>
        <keyword value="right_to_justice" href="http://eurovoc.europa.eu/516" showAs="right_to_justice" dictionary="EuroVoc"></keyword>
        <keyword value="sustainable_development" href="http://eurovoc.europa.eu/5585" showAs="sustainable_development" dictionary="EuroVoc"></keyword>
        <keyword value="civil_society" href="http://metadata.un.org/thesaurus/1001012" showAs="civil_society" dictionary="UNBIS Thesaurus"></keyword>
        <keyword value="justice" href="http://metadata.un.org/thesaurus/1003500" showAs="justice" dictionary="UNBIS Thesaurus"></keyword>
        <keyword value="peaceful_coexistence" href="http://metadata.un.org/thesaurus/1004777" showAs="peaceful_coexistence" dictionary="UNBIS Thesaurus"></keyword>
        <keyword value="public_institutions" href="http://metadata.un.org/thesaurus/1005254" showAs="public_institutions" dictionary="UNBIS Thesaurus"></keyword>
        <keyword value="social_justice" href="http://metadata.un.org/thesaurus/1005970" showAs="social_justice" dictionary="UNBIS Thesaurus"></keyword>
        <keyword value="sustainable_development" href="http://metadata.un.org/thesaurus/1006319" showAs="sustainable_development" dictionary="UNBIS Thesaurus"></keyword>
      </classification>
      <classification source="http://metadata.un.org/sdg">
        <keyword value="17" href="http://metadata.un.org/sdg/17" showAs="sdg_17" dictionary="SDGO"></keyword>
        <keyword value="sustainable_development" href="http://eurovoc.europa.eu/5585" showAs="sustainable_development" dictionary="EuroVoc"></keyword>
        <keyword value="partnership" href="http://eurovoc.europa.eu/4199" showAs="partnership" dictionary="EuroVoc"></keyword>
        <keyword value="sustainable_development" href="http://metadata.un.org/thesaurus/1006319" showAs="sustainable_development" dictionary="UNBIS Thesaurus"></keyword>
        <keyword value="partnership" href="http://metadata.un.org/thesaurus/1004748" showAs="partnership" dictionary="UNBIS Thesaurus"></keyword>
      </classification>
      <classification source="http://metadata.un.org/sdg">
        <keyword value="10" href="http://metadata.un.org/sdg/10" showAs="sdg_10" dictionary="SDGO"></keyword>
        <keyword value="social_inequality" href="http://eurovoc.europa.eu/1420" showAs="social_inequality" dictionary="EuroVoc"></keyword>
        <keyword value="equality" href="http://metadata.un.org/thesaurus/1002102" showAs="equality" dictionary="UNBIS Thesaurus"></keyword>
      </classification>
      <classification source="http://metadata.un.org/sdg">
        <keyword value="2.a" href="http://metadata.un.org/sdg/2.a" showAs="sdg_2.a" dictionary="SDGO"></keyword>
        <keyword value="agricultural_policy" href="http://eurovoc.europa.eu/2442" showAs="agricultural_policy" dictionary="EuroVoc"></keyword>
        <keyword value="economic_policy" href="http://eurovoc.europa.eu/2497" showAs="economic_policy" dictionary="EuroVoc"></keyword>
        <keyword value="power_of_implementation" href="http://eurovoc.europa.eu/2577" showAs="power_of_implementation" dictionary="EuroVoc"></keyword>
        <keyword value="agricultural_policy" href="http://metadata.un.org/thesaurus/1000150" showAs="agricultural_policy" dictionary="UNBIS Thesaurus"></keyword>
        <keyword value="economic_policy" href="http://metadata.un.org/thesaurus/1001863" showAs="economic_policy" dictionary="UNBIS Thesaurus"></keyword>
      </classification>
      <workflow source="#un">
        <step date="2019-11-21" outcome="draftResolution" as="A/C.2/74/L.69" by="submitted by the Rapporteur of the Committee" />
        <step date="0001-01-01" outcome="draftResolutionAdditionalSponsors" by="" />
        <step date="0001-01-01" outcome="recommendedForAdoption" as="A/74/379/Add.6" by="" refersTo="8" />
        <step date="2019-12-19" outcome="adopted" as="A/74/PV.52" by="" />
      </workflow>
      <analysis source="#un">
        <parliamentary>
          <voting outcome="adoptedWithoutVote">
            <quorum value=""></quorum>
          </voting>
        </parliamentary>
      </analysis>
      <references source="#DGACM">
        <TLCOrganization eId="source" href="/akn/ontology/organization/un/DGACM" showAs="DGACM"></TLCOrganization>
        <TLCConcept eId="dateOfIssuance" href="/akn/ontology/concept/un/dateOfIssuance" showAs="Date of issuance"></TLCConcept>
        <TLCConcept eId="dateOfAdoption" href="/akn/ontology/concept/un/dateOfAdoption" showAs="Date of adoption"></TLCConcept>
        <TLCConcept eId="symbol" href="/akn/ontology/reference/un/symbol" showAs="Symbol"></TLCConcept>
        <TLCRole eId="publisher" href="/akn/ontology/role/un/publisher" showAs="Publisher"></TLCRole>
        <TLCRole eId="issuingBody" href="/akn/role/concept/un/issuingBody" showAs="Issuing body"></TLCRole>
        <TLCRole eId="author" href="/akn/ontology/role/un/author" showAs="Author"></TLCRole>
        <TLCRole eId="editor" href="/akn/ontology/role/un/editor" showAs="Editor"></TLCRole>
        <TLCRole eId="distribution" href="/akn/ontology/concept/un/generalDistribution" showAs="General distribution"></TLCRole>
        <TLCOrganization eId="ga" href="/akn/ontology/organization/un/generalAssembly" showAs="General Assembly"></TLCOrganization>
        <TLCTerm eId="resolutionTitle" href="/akn/ontology/reference/un/resolutionTitle" showAs="Resolution title"></TLCTerm>
        <TLCTerm eId="secondCommittee" href="#secondCommittee" showAs="Second Committee"></TLCTerm>
        <TLCTerm eId="memberState" href="/akn/ontology/organization/un/memberState" showAs="Member State"></TLCTerm>
        <TLCTerm eId="inFavour" href="/akn/ontology/concept/un/voting/inFavour" showAs="In favour"></TLCTerm>
        <TLCTerm eId="against" href="/akn/ontology/concept/un/voting/against" showAs="Against"></TLCTerm>
        <TLCTerm eId="abstaining" href="/akn/ontology/concept/un/voting/abstaining" showAs="Abstaining"></TLCTerm>
      </references>
      <presentation source="#un">
        <akn4un:footerFirstPage>
          <akn4un:footerFirstPageLeft>
            <akn4un:internalCode>
              <docketNumber refersTo="#publicationJobNumber">19-22419 (E)</docketNumber>
              <img alt="bar code" class="barCode" src=""></img>
            </akn4un:internalCode>
          </akn4un:footerFirstPageLeft>
          <akn4un:footerFirstPageRight>
            <img alt="Please recycle" class="image" src="./recylcleLogo.jpg"></img>
            <img alt="embedded QR code" class="qrCode" src=""></img>
          </akn4un:footerFirstPageRight>
        </akn4un:footerFirstPage>
      </presentation>
    </meta>
    <coverPage eId="coverPage_1">
      <p>
        <span refersTo="#publisher" class="upperLeft">
          <docAuthority refersTo="#publisher">United Nations</docAuthority>
        </span>
      </p>
      <p class="upperRight">
        <docNumber refersTo="#symbol">A/RES/74/206</docNumber>
      </p>
      <p class="upperLeft">
        <img src="logo-un.jpg"></img>
        <docAuthority refersTo="#issuingBody" class="rightBig">General Assembly</docAuthority>
      </p>
      <p>
        <docStatus refersTo="#generalDistribution" class="rightSmall">Distr.: General</docStatus>
      </p>
      <p>
        <docDate date="2020-01-29" class="rightSmall" refersTo="#dateOfIssuance">29 January 2020</docDate>
      </p>
      <p>
        <session refersTo="#generalAssembly" value="74" eId="coverPage_1__session_1">Seventy-fourth session</session>
      </p>
      <p>
        <inline name="agenda item">Agenda item 17 (f)</inline>
      </p>
      <p>
        <inline name="agenda item name">Macroeconomic policy questions: promotion of international cooperation to combat illicit financial flows and strengthen good practices on assets return to foster sustainable development</inline>
      </p>
      <p>
        <docTitle>Resolution adopted by the General Assembly on 19 December 2019</docTitle>
      </p>
      <p xml:space="preserve">
        <docProponent refersTo="#secondCommittee">[on the report of the Second Committee (<inline name="originating document">A/74/379/Add.6</inline>)]</docProponent>
      </p>
    </coverPage>
    <preface>
      <p>
        <docNumber>74/206.</docNumber>
        <docTitle refersTo="#resolutionTitle">Promotion of international cooperation to combat illicit financial flows and strengthen good practices on assets return to foster sustainable development</docTitle>
      </p>
    </preface>
    <preamble>
      <formula name="enactingFormula" eId="formula_1">
        <p xml:space="preserve">
          <span class="italic">The General Assembly</span>,</p>
      </formula>
      <container name="Guided" eId="container_2">
        <p xml:space="preserve">
          <span class="italic">Guided</span> by the purposes and principles enshrined in the Charter of the United Nations, </p>
      </container>
      <container name="Reaffirming" eId="container_3">
        <p xml:space="preserve">
          <span class="italic">Reaffirming</span> its resolution <a href="https://undocs.org/en/A/RES/70/1">70/1</a> of 25 September 2015, entitled “Transforming our world: the 2030 Agenda for Sustainable Development”, in which it adopted a comprehensive, far-reaching and people-centred set of universal and transformative Sustainable Development Goals and targets, its commitment to working tirelessly for the full implementation of the Agenda by 2030, its recognition that eradicating poverty in all its forms and dimensions, including extreme poverty, is the greatest global challenge and an indispensable requirement for sustainable development, its commitment to achieving sustainable development in its three dimensions – economic, social and environmental – in a balanced and integrated manner, and to building upon the achievements of the Millennium Development Goals and seeking to address their unfinished business, </p>
      </container>
      <container name="Reaffirming also" eId="container_4">
        <p xml:space="preserve">
          <span class="italic">Reaffirming also</span> its resolution <a href="https://undocs.org/en/A/RES/69/313">69/313</a> of 27 July 2015 on the Addis Ababa Action Agenda of the Third International Conference on Financing for Development, which is an integral part of the 2030 Agenda for Sustainable Development, supports and complements it, helps to contextualize its means of implementation targets with concrete policies and actions, and reaffirms the strong political commitment to address the challenge of financing and creating an enabling environment at all levels for sustainable development in the spirit of global partnership and solidarity, </p>
      </container>
      <container name="Reaffirming further" eId="container_5">
        <p xml:space="preserve">
          <span class="italic">Reaffirming further</span> the United Nations Convention against Corruption,<authorialNote marker="1" placement="bottom" eId="authorialNote_1"><p xml:space="preserve">	 	United Nations, <span class="italic">Treaty Series</span>, vol. 2349, No. 42146.</p></authorialNote> which is the most comprehensive and universal instrument on corruption, and recognizing the need to continue to promote its ratification or accession thereto and its full and effective implementation, including full support for the Mechanism for the Review of Implementation of the Convention, </p>
      </container>
      <container name="Reaffirming" eId="container_6">
        <p xml:space="preserve">
          <span class="italic">Reaffirming</span> the United Nations Convention against Transnational Organized Crime,<authorialNote marker="2" placement="bottom" eId="authorialNote_2"><p xml:space="preserve">	 	Ibid., vol. 2225, No. 39574.</p></authorialNote></p>
      </container>
      <container name="Recalling" eId="container_7">
        <p xml:space="preserve">
          <span class="italic">Recalling</span> its resolutions <a href="https://undocs.org/en/A/RES/65/169">65/169</a> of 20 December 2010, <a href="https://undocs.org/en/A/RES/71/213">71/213</a> of 21 December 2016, <a href="https://undocs.org/en/A/RES/72/207">72/207</a> of 20 December 2017 and <a href="https://undocs.org/en/A/RES/73/222">73/222</a> of 20 December 2018, </p>
      </container>
      <container name="Recalling also" eId="container_8">
        <p xml:space="preserve">
          <span class="italic">Recalling also</span> its resolutions <a href="https://undocs.org/en/A/RES/71/208">71/208</a> of 19 December 2016, <a href="https://undocs.org/en/A/RES/72/196">72/196</a> of 19 December 2017 and <a href="https://undocs.org/en/A/RES/73/186">73/186</a> of 17 December 2018, </p>
      </container>
      <container name="Taking note" eId="container_9">
        <p xml:space="preserve">
          <span class="italic">Taking note</span> of the 2019 report of the Inter-Agency Task Force on Financing for Development,<authorialNote marker="3" placement="bottom" eId="authorialNote_3"><p xml:space="preserve"><span class="italic">Financing for Sustainable Development Report 2019</span> (United Nations publications, Sales No. E.19.I.7).</p></authorialNote></p>
      </container>
      <container name="Recognizing" eId="container_10">
        <p xml:space="preserve">
          <span class="italic">Recognizing</span> that making progress on reducing illicit financial flows could contribute to the achievement of other goals and targets in the 2030 Agenda for Sustainable Development, </p>
      </container>
      <container name="Taking note" eId="container_11">
        <p xml:space="preserve">
          <span class="italic">Taking note</span> of the report of the High-level Panel on Illicit Financial Flows from Africa and its relevant contributions in increasing knowledge of the sources of illicit financial flows, and reiterating its invitation to other regions to carry out similar exercises, </p>
      </container>
      <container name="Taking note also" eId="container_12">
        <p xml:space="preserve">
          <span class="italic">Taking note also</span> of the policy recommendations of the Intergovernmental Group of Experts on Financing for Development of the United Nations Conference on Trade and Development,<authorialNote marker="4" placement="bottom" eId="authorialNote_4"><p xml:space="preserve">	 	See <a href="https://undocs.org/en/TD/B/EFD/1/3">TD/B/EFD/1/3</a>.</p></authorialNote></p>
      </container>
      <container name="Reiterating its deep concern" eId="container_13">
        <p xml:space="preserve">
          <span class="italic">Reiterating its deep concern</span> about the impact of illicit financial flows, in particular those caused by tax evasion, corruption and transnational organized crime, on the economic, social and political stability and development of societies, and especially on developing countries and their progress in financing the 2030 Agenda for Sustainable Development, </p>
      </container>
      <container name="Bearing in mind" eId="container_14">
        <p xml:space="preserve">
          <span class="italic">Bearing in mind</span> in this regard that there are different sources of illicit financial flows and that a separate analysis of each source is more beneficial in designing policy responses to prevent illicit financial flows, </p>
      </container>
      <container name="Noting with appreciation" eId="container_15">
        <p xml:space="preserve">
          <span class="italic">Noting with appreciation</span> the ongoing efforts by regional organizations and other relevant international forums to strengthen cooperation in preventing and combating illicit financial flows, as well as new initiatives taken by Governments and the private sector to mobilize the financial sector in the collective fight against illicit financial flows, </p>
      </container>
      <container name="Recognizing" eId="container_16">
        <p xml:space="preserve">
          <span class="italic">Recognizing</span> that combating illicit financial flows is an essential development challenge, noting that developing countries are particularly susceptible to the negative impact of illicit financial flows, and emphasizing that illicit financial flows reduce the availability of valuable resources for financing for development, </p>
      </container>
      <container name="Recognizing also" eId="container_17">
        <p xml:space="preserve">
          <span class="italic">Recognizing also</span> the importance of studying the potential relationship between combating illicit financial flows and attaining debt sustainability, </p>
      </container>
      <container name="Recognizing further" eId="container_18">
        <p xml:space="preserve">
          <span class="italic">Recognizing further</span> that the challenge posed by the increasing scope and complexity of illicit financial flows and the need for the recovery and return of stolen assets requires strengthened international cooperation,</p>
      </container>
      <container name="Recognizing" eId="container_19">
        <p xml:space="preserve">
          <span class="italic">Recognizing</span> that numerous technical, legal and practical challenges are to be addressed in order to facilitate the repatriation of proceeds of crime to countries from where they were originally stolen, </p>
      </container>
      <container name="Recognizing also" eId="container_20">
        <p xml:space="preserve">
          <span class="italic">Recognizing also</span> that global knowledge of the importance of combating illicit financial flows and enhancing the return of assets is rapidly increasing, as is the political will to recover illicitly acquired assets by both requesting and requested States, and noting that, while many challenges remain unresolved, tackling them effectively requires a holistic approach that recognizes the different types of illicit financial flows and their impact on sustainable development, </p>
      </container>
      <container name="Reaffirming" eId="container_21">
        <p xml:space="preserve">
          <span class="italic">Reaffirming</span> the importance of chapter V of the United Nations Convention against Corruption, and underlining that the recovery and return of stolen assets pursuant to that chapter is a fundamental principle of the Convention, </p>
      </container>
      <container name="Recognizing" eId="container_22">
        <p xml:space="preserve">
          <span class="italic">Recognizing</span> the work carried out by the Conference of the States Parties to the United Nations Convention against Corruption, and in particular its Open-ended Intergovernmental Working Group on Asset Recovery, to advance the full implementation of chapter V of the Convention, </p>
      </container>
      <container name="Noting" eId="container_23">
        <p xml:space="preserve">
          <span class="italic">Noting</span> the efforts to promote the exchange of information and synergies between the open-ended intergovernmental expert meetings to enhance international cooperation under the United Nations Convention against Corruption and the Working Group on International Cooperation established by the Conference of the Parties to the United Nations Convention against Transnational Organized Crime, </p>
      </container>
      <container name="Recalling" eId="container_24">
        <p xml:space="preserve">
          <span class="italic">Recalling</span> the work of the Platform for Collaboration on Tax, which is to intensify collaboration and coordination on tax issues between the United Nations, the International Monetary Fund, the World Bank Group and the Organization for Economic Cooperation and Development, including on formalizing regular discussions among the four international organizations on the implementation of standards for international tax matters and on the strengthening of their ability to provide capacity-building support to developing countries, </p>
      </container>
      <container name="Recognizing" eId="container_25">
        <p xml:space="preserve">
          <span class="italic">Recognizing</span> the important work undertaken by academia and civil society, including the International Centre for Asset Recovery and the U4 Anti-Corruption Resource Centre, in assisting Member States in understanding the challenges associated with the return of stolen assets under chapter V of the United Nations Convention against Corruption, </p>
      </container>
      <container name="Noting" eId="container_26">
        <p xml:space="preserve">
          <span class="italic">Noting</span> the work of the 135-member Inclusive Framework on Base Erosion and Profit Shifting, which provides a forum for collaboration for tackling tax avoidance, improving the coherence of international tax rules and ensuring a more transparent and fair tax environment, </p>
      </container>
      <container name="Noting also" eId="container_27">
        <p xml:space="preserve">
          <span class="italic">Noting also</span> international developments on the implementation of the Standard for Automatic Exchange of Financial Account Information in Tax Matters under a common reporting standard developed by the Organization for Economic Cooperation and Development, and now involving 102 countries, as well as the role of the 158 members of the Global Forum on Transparency and Exchange of Information for Tax Purposes, which enables cooperation on an equal footing, </p>
      </container>
      <container name="Reiterating" eId="container_28">
        <p xml:space="preserve">
          <span class="italic">Reiterating</span> the pledge that no one will be left behind, reaffirming the recognition that the dignity of the human person is fundamental, and the wish to see the Goals and targets met for all nations and peoples and for all segments of society, and recommitting to endeavour to reach the furthest behind first, </p>
      </container>
    </preamble>
    <mainBody>
      <paragraph eId="para_29" class="SingleTxt">
        <num>	1.</num>
        <content eId="para_29__content">
          <p xml:space="preserve">
            <span class="italic">Welcomes</span> the focus on combating illicit financial flows, inter alia, at the High-level Dialogue on Financing for Development, held on 26 September 2019, acknowledges that combating illicit financial flows contributes to domestic resource mobilization, and calls upon the relevant organizations of the United Nations system, within their respective mandates and resources, to continue their consideration of the negative impact of illicit financial flows on financing the 2030 Agenda for Sustainable Development,<authorialNote marker="5" placement="bottom" eId="authorialNote_5"><p xml:space="preserve">	 	Resolution <a href="https://undocs.org/en/A/RES/70/1">70/1</a>.</p></authorialNote> to further explore policy responses to the phenomenon and to coordinate their efforts in this regard; </p>
        </content>
      </paragraph>
      <paragraph eId="para_30" class="SingleTxt">
        <num>	2.</num>
        <content eId="para_30__content">
          <p xml:space="preserve">
            <span class="italic">Also welcomes</span> the high-level meeting on international cooperation to combat illicit financial flows and strengthen good practices on assets return, convened by the President of the General Assembly at Headquarters on 16 May 2019, and looks forward to continued discussions on this issue, building on the momentum created by the meeting; </p>
        </content>
      </paragraph>
      <paragraph eId="para_31" class="SingleTxt">
        <num>	3.</num>
        <content eId="para_31__content">
          <p xml:space="preserve">
            <span class="italic">Reaffirms its commitment</span> to strive to eliminate safe havens that create incentives for the transfer abroad of stolen assets and illicit financial flows; </p>
        </content>
      </paragraph>
      <paragraph eId="para_32" class="SingleTxt">
        <num>	4.</num>
        <content eId="para_32__content">
          <p xml:space="preserve">
            <span class="italic">Also reaffirms its commitment</span> to strengthen regulatory frameworks at all levels in accordance with international standards and to further increase the transparency and accountability of financial institutions and the corporate sector, as well as public administrations; </p>
        </content>
      </paragraph>
      <paragraph eId="para_33" class="SingleTxt">
        <num>	5.</num>
        <content eId="para_33__content">
          <p xml:space="preserve">
            <span class="italic">Notes with concern</span> that proceeds emanating from offences established under the United Nations Convention against Corruption<sup>1</sup> have yet to be disposed of in favour of the requesting States parties, their prior legitimate owners and victims of the crimes, and decides to deter, detect, prevent and counter corruption, increase transparency and promote good governance; </p>
        </content>
      </paragraph>
      <paragraph eId="para_34" class="SingleTxt">
        <num>	6.</num>
        <content eId="para_34__content">
          <p xml:space="preserve">
            <span class="italic">Reaffirms</span> the need for Member States to effectively implement and enforce existing obligations under the United Nations Convention against Corruption, as a critical part of combating illicit financial flows; </p>
        </content>
      </paragraph>
      <paragraph eId="para_35" class="SingleTxt">
        <num>	7.</num>
        <content eId="para_35__content">
          <p xml:space="preserve">
            <span class="italic">Welcomes</span> the ongoing efforts of Member States to enhance knowledge and broaden understanding of the challenges and opportunities involved in international cooperation to combat illicit financial flows and strengthen good practices on assets return consistent with the United Nations Convention against Corruption so as to foster sustainable development; </p>
        </content>
      </paragraph>
      <paragraph eId="para_36" class="SingleTxt">
        <num>	8.</num>
        <content eId="para_36__content">
          <p xml:space="preserve">
            <span class="italic">Acknowledges</span> that combating illicit financial flows requires a range of actions that includes deterring, detecting, preventing and countering such flows in source, transit and destination countries; </p>
        </content>
      </paragraph>
      <paragraph eId="para_37" class="SingleTxt">
        <num>	9.</num>
        <content eId="para_37__content">
          <p xml:space="preserve">
            <span class="italic">Recalls</span> that new technologies can both increase efficiency in revenue collection and strengthen the efforts to combat illicit financial flows, expresses concern that virtual assets are being used for illicit activities, and in this regard encourages Member States and other relevant organizations to take measures in line with international standards, where applicable, to prevent and counter their illicit use; </p>
        </content>
      </paragraph>
      <paragraph eId="para_38" class="SingleTxt">
        <num>	10.</num>
        <content eId="para_38__content">
          <p xml:space="preserve">
            <span class="italic">Notes</span> that international cooperation in combating illicit financial flows is a work in progress that must continue to be pursued, and encourages all countries to develop effective tools and create a policy environment for combating illicit financial flows, in accordance with the existing relevant international frameworks, including the United Nations Convention against Corruption; </p>
        </content>
      </paragraph>
      <paragraph eId="para_39" class="SingleTxt">
        <num>	11.</num>
        <content eId="para_39__content">
          <p xml:space="preserve">
            <span class="italic">Urges</span> Member States that have not yet done so to consider ratifying or acceding to the United Nations Convention against Corruption and the United Nations Convention against Transnational Organized Crime and the Protocols thereto,<authorialNote marker="6" placement="bottom" eId="authorialNote_6"><p xml:space="preserve">	 	United Nations, <span class="italic">Treaty Series</span>, vols. 2225, 2237, 2241 and 2326, No. 39574.</p></authorialNote> and urges States parties to those Conventions and Protocols to make efforts towards their effective implementation; </p>
        </content>
      </paragraph>
      <paragraph eId="para_40" class="SingleTxt">
        <num>	12.</num>
        <content eId="para_40__content">
          <p xml:space="preserve">
            <span class="italic">Encourages</span> countries and relevant multilateral and international organizations to continue their efforts to provide, upon request, technical assistance and capacity-building assistance to developing countries, as well as to support African and other regional initiatives, in order to improve their capacity to prevent, detect and combat illicit financial flows and strengthen good practices on assets return to foster sustainable development; </p>
        </content>
      </paragraph>
      <paragraph eId="para_41" class="SingleTxt">
        <num>	13.</num>
        <content eId="para_41__content">
          <p xml:space="preserve">
            <span class="italic">Notes with appreciation</span> the first meeting of the Global Forum on Asset Recovery, held in December 2017, supported by the Stolen Asset Recovery Initiative, a joint initiative of the World Bank and the United Nations Office on Drugs and Crime, and welcomes the adoption of the Global Forum on Asset Recovery communiqué; </p>
        </content>
      </paragraph>
      <paragraph eId="para_42" class="SingleTxt">
        <num>	14.</num>
        <content eId="para_42__content">
          <p xml:space="preserve">
            <span class="italic">Notes</span> the second International Expert Meeting on the Return of Stolen Assets, held in Addis Ababa from 7 to 9 May 2019, and encourages the continuation of its work in advancing efforts to strengthen the recovery and return of stolen assets in support of sustainable development; </p>
        </content>
      </paragraph>
      <paragraph eId="para_43" class="SingleTxt">
        <num>	15.</num>
        <content eId="para_43__content">
          <p xml:space="preserve">
            <span class="italic">Encourages</span> further efforts by relevant national and international actors to mitigate transfer pricing not in line with the arm’s length principle and trade misinvoicing; </p>
        </content>
      </paragraph>
      <paragraph eId="para_44" class="SingleTxt">
        <num>	16.</num>
        <content eId="para_44__content">
          <p xml:space="preserve">
            <span class="italic">Calls upon</span> all countries to work together to eliminate base erosion and profit shifting and to ensure that all companies, including multinationals, pay taxes to the Governments of countries where economic activity occurs and value is created, in accordance with national and international laws and policies; </p>
        </content>
      </paragraph>
      <paragraph eId="para_45" class="SingleTxt">
        <num>	17.</num>
        <content eId="para_45__content">
          <p xml:space="preserve">
            <span class="italic">Also calls upon</span> all countries to cooperate, in accordance with applicable bilateral or multilateral agreements, in the areas of mutual legal assistance and administrative assistance in tax matters, as well as the automatic exchange of financial account information; </p>
        </content>
      </paragraph>
      <paragraph eId="para_46" class="SingleTxt">
        <num>	18.</num>
        <content eId="para_46__content">
          <p xml:space="preserve">
            <span class="italic">Recognizes</span> that measures aimed at combating illicit financial flows often require cooperation between law enforcement agencies, and encourages Member States, where applicable and subject to their domestic legal system, and in line with their treaty obligations, to cooperate in this regard; </p>
        </content>
      </paragraph>
      <paragraph eId="para_47" class="SingleTxt">
        <num>	19.</num>
        <content eId="para_47__content">
          <p xml:space="preserve">
            <span class="italic">Stresses</span> that anti-corruption measures should be an integral part of national development policies and strategies and that all jurisdictions should consider undertaking further research, policy development and programming, as appropriate, to address corruption; </p>
        </content>
      </paragraph>
      <paragraph eId="para_48" class="SingleTxt">
        <num>	20.</num>
        <content eId="para_48__content">
          <p xml:space="preserve">
            <span class="italic">Encourages</span> closer public-private sector collaboration to better tackle corruption, and stresses that further research, policy development and programming should help in reaching this goal; </p>
        </content>
      </paragraph>
      <paragraph eId="para_49" class="SingleTxt">
        <num>	21.</num>
        <content eId="para_49__content">
          <p xml:space="preserve">
            <span class="italic">Notes</span> that various jurisdictions have introduced mechanisms to increase beneficial ownership transparency, including, inter alia, beneficial ownership registries of legal entities and legal arrangements, such as companies, trusts and limited liability partnerships, and invites all jurisdictions to consider establishing appropriate mechanisms, in line with international standards, where applicable; </p>
        </content>
      </paragraph>
      <paragraph eId="para_50" class="SingleTxt">
        <num>	22.</num>
        <content eId="para_50__content">
          <p xml:space="preserve">
            <span class="italic">Encourages</span> States parties to the United Nations Convention against Corruption to make full use of the asset recovery tools set forth in chapter V of the Convention, including mechanisms for the enforcement of foreign restraining and confiscation orders, as a means of significantly reducing the expenses that a State party may normally incur in pursuing asset recovery; </p>
        </content>
      </paragraph>
      <paragraph eId="para_51" class="SingleTxt">
        <num>	23.</num>
        <content eId="para_51__content">
          <p xml:space="preserve">
            <span class="italic">Calls upon</span> all States parties to the United Nations Convention against Corruption, in particular requesting and requested States parties, to cooperate to recover the proceeds of crime, as defined in the Convention, and to fulfil their obligation to ensure the return or disposal of such proceeds, in accordance with article 57 of the Convention; </p>
        </content>
      </paragraph>
      <paragraph eId="para_52" class="SingleTxt">
        <num>	24.</num>
        <content eId="para_52__content">
          <p xml:space="preserve">
            <span class="italic">Recognizes</span> the importance of enhanced capacity for data collection and analysis to combat illicit financial flows, emphasizing the need to increase the exchange of data within national government institutions as well as from international institutions; </p>
        </content>
      </paragraph>
      <paragraph eId="para_53" class="SingleTxt">
        <num>	25.</num>
        <content eId="para_53__content">
          <p xml:space="preserve">
            <span class="italic">Emphasizes</span> the importance of the ongoing efforts of the United Nations Office on Drugs and Crime, in coordination with the United Nations Conference on Trade and Development and other institutions, to develop a methodology to produce estimates of the total value of inward and outward illicit financial flows; </p>
        </content>
      </paragraph>
      <paragraph eId="para_54" class="SingleTxt">
        <num>	26.</num>
        <content eId="para_54__content">
          <p xml:space="preserve">
            <span class="italic">Invites</span> the President of the General Assembly, the President of the Economic and Social Council and the Secretary-General to give appropriate consideration to the importance of combating illicit financial flows and strengthening good practices on assets return to foster sustainable development, and in this regard invites all relevant international institutions to support these efforts, in accordance with their respective mandates; </p>
        </content>
      </paragraph>
      <paragraph eId="para_55" class="SingleTxt">
        <num>	27.</num>
        <content eId="para_55__content">
          <p xml:space="preserve">
            <span class="italic">Reaffirms</span> the commitment at the very heart of the 2030 Agenda to leave no one behind and commit to taking more tangible steps to support people in vulnerable situations and the most vulnerable countries and to reach the furthest behind first; </p>
        </content>
      </paragraph>
      <paragraph eId="para_56" class="SingleTxt">
        <num>	28.</num>
        <content eId="para_56__content">
          <p xml:space="preserve">
            <span class="italic">Looks forward</span> to the inclusion, in the 2020 report of the Inter-Agency Task Force on Financing for Development, of an analysis of international cooperation to combat illicit financial flows and strengthen good practices on assets return to foster sustainable development, pursuant to the mandate of the Task Force, and also looks forward to the deliberations of the Economic and Social Council forum on financing for development follow-up on efforts to combat illicit financial flows; </p>
        </content>
      </paragraph>
      <paragraph eId="para_57" class="SingleTxt">
        <num>	29.</num>
        <content eId="para_57__content">
          <p xml:space="preserve">
            <span class="italic">Requests</span> the secretariat of the United Nations Conference on Trade and Development, in consultation with relevant entities of the United Nations system, including the United Nations Office on Drugs and Crime, to inform the General Assembly at its seventy-fifth session of the implementation of the present resolution, through a dedicated section of the Sustainable Development Goals Pulse report and of the Trade and Development Report, elaborating in particular on the challenges that Member States experience in combating illicit financial flows and recovering and returning stolen assets and on the options available to help to accelerate the elimination of illicit financial flows and to return stolen assets, in line with commitments contained in the Addis Ababa Action Agenda of the Third International Conference on Financing for Development<authorialNote marker="7" placement="bottom" eId="authorialNote_7"><p xml:space="preserve">	 	Resolution <a href="https://undocs.org/en/A/RES/69/313">69/313</a>, annex.</p></authorialNote> and the 2030 Agenda for Sustainable Development; </p>
        </content>
      </paragraph>
      <paragraph eId="para_58" class="SingleTxt">
        <num>	30.</num>
        <content eId="para_58__content">
          <p xml:space="preserve">
            <span class="italic">Decides</span> to include in the provisional agenda of its seventy-fifth session, under the item entitled “Macroeconomic policy questions”, the sub-item entitled “Promotion of international cooperation to combat illicit financial flows and strengthen good practices on assets return to foster sustainable development”. </p>
        </content>
      </paragraph>
    </mainBody>
    <conclusions eId="conclusions">
      <p>
        <inline name="adoptionMeeting" title="52nd">52nd plenary meeting</inline>
        <eol />
        <docDate date="2019-12-19" refersTo="#adoptionDate">19 December 2019</docDate>
      </p>
    </conclusions>
  </statement>
</akomaNtoso>