<akomaNtoso xmlns:xsi="http://www.w3.org/2001/XMLSchema-instance" xsi:schemaLocation="http://docs.oasis-open.org/legaldocml/ns/akn/3.0 http://docs.oasis-open.org/legaldocml/akn-core/v1.0/os/part2-specs/schemas/akomantoso30.xsd" xmlns="http://docs.oasis-open.org/legaldocml/ns/akn/3.0" xmlns:html="http://www.w3.org/1999/xhtml" xmlns:akn4un="http://un.org/akn4un">
  <statement name="resolution">
    <meta>
      <identification source="#DGACM">
        <FRBRWork>
          <FRBRthis value="/akn/un/statement/deliberation/unga/2020-06-30/74-281/!main/"></FRBRthis>
          <FRBRuri value="/akn/un/statement/deliberation/unga/2020-06-30/74-281/"></FRBRuri>
          <FRBRdate date="2020-06-30" name="adoption"></FRBRdate>
          <FRBRauthor href="ga" as="author"></FRBRauthor>
          <FRBRcountry value="un"></FRBRcountry>
        </FRBRWork>
        <FRBRExpression>
          <FRBRthis value="/akn/un/statement/deliberation/unga/2020-06-30/74-281/eng@!main/"></FRBRthis>
          <FRBRuri value="/akn/un/statement/deliberation/unga/2020-06-30/74-281/eng@/"></FRBRuri>
          <FRBRdate date="2020-07-09" name="publication"></FRBRdate>
          <FRBRauthor href="ga" as="issuer"></FRBRauthor>
          <FRBRlanguage language="eng"></FRBRlanguage>
        </FRBRExpression>
        <FRBRManifestation>
          <FRBRthis value="/akn/un/statement/deliberation/unga/2020-06-30/74-281/eng@/!main.xml"></FRBRthis>
          <FRBRuri value="/akn/un/statement/deliberation/unga/2020-06-30/74-281/eng@.xml"></FRBRuri>
          <FRBRdate date="2020-10-04" name="markup"></FRBRdate>
          <FRBRauthor href="DGACM" as="editor"></FRBRauthor>
        </FRBRManifestation>
      </identification>
      <workflow source="#un">
        <step date="2020-06-27" outcome="draftResolution" as="A/C.5/74/L.34" by="submitted by the Chair of the Committee following informal consultations" />
        <step date="0001-01-01" outcome="draftResolutionAdditionalSponsors" by="" />
        <step date="0001-01-01" outcome="recommendedForAdoption" as="A/74/910" refersTo="17" by="" />
        <step date="2020-06-30" outcome="adopted" as="Adopted through silence procedure" by="" />
      </workflow>
      <analysis source="#un">
        <parliamentary>
          <voting outcome="adoptedWithoutVote">
            <quorum value=""></quorum>
          </voting>
        </parliamentary>
      </analysis>
      <references source="#DGACM">
        <TLCOrganization eId="source" href="/akn/ontology/organization/un/DGACM" showAs="DGACM"></TLCOrganization>
        <TLCConcept eId="dateOfIssuance" href="/akn/ontology/concept/un/dateOfIssuance" showAs="Date of issuance"></TLCConcept>
        <TLCConcept eId="dateOfAdoption" href="/akn/ontology/concept/un/dateOfAdoption" showAs="Date of adoption"></TLCConcept>
        <TLCConcept eId="symbol" href="/akn/ontology/reference/un/symbol" showAs="Symbol"></TLCConcept>
        <TLCRole eId="publisher" href="/akn/ontology/role/un/publisher" showAs="Publisher"></TLCRole>
        <TLCRole eId="issuingBody" href="/akn/role/concept/un/issuingBody" showAs="Issuing body"></TLCRole>
        <TLCRole eId="author" href="/akn/ontology/role/un/author" showAs="Author"></TLCRole>
        <TLCRole eId="editor" href="/akn/ontology/role/un/editor" showAs="Editor"></TLCRole>
        <TLCRole eId="distribution" href="/akn/ontology/concept/un/generalDistribution" showAs="General distribution"></TLCRole>
        <TLCOrganization eId="ga" href="/akn/ontology/organization/un/generalAssembly" showAs="General Assembly"></TLCOrganization>
        <TLCTerm eId="resolutionTitle" href="/akn/ontology/reference/un/resolutionTitle" showAs="Resolution title"></TLCTerm>
        <TLCTerm eId="fifthCommittee" href="#fifthCommittee" showAs="Fifth Committee"></TLCTerm>
        <TLCTerm eId="memberState" href="/akn/ontology/organization/un/memberState" showAs="Member State"></TLCTerm>
        <TLCTerm eId="inFavour" href="/akn/ontology/concept/un/voting/inFavour" showAs="In favour"></TLCTerm>
        <TLCTerm eId="against" href="/akn/ontology/concept/un/voting/against" showAs="Against"></TLCTerm>
        <TLCTerm eId="abstaining" href="/akn/ontology/concept/un/voting/abstaining" showAs="Abstaining"></TLCTerm>
      </references>
      <presentation source="#un">
        <akn4un:footerFirstPage>
          <akn4un:footerFirstPageLeft>
            <akn4un:internalCode>
              <docketNumber refersTo="#publicationJobNumber">20-08789 (E)</docketNumber>
              <img alt="bar code" class="barCode" src=""></img>
            </akn4un:internalCode>
          </akn4un:footerFirstPageLeft>
          <akn4un:footerFirstPageRight>
            <img alt="Please recycle" class="image" src="./recylcleLogo.jpg"></img>
            <img alt="embedded QR code" class="qrCode" src=""></img>
          </akn4un:footerFirstPageRight>
        </akn4un:footerFirstPage>
      </presentation>
    </meta>
    <coverPage eId="coverPage_1">
      <p>
        <span refersTo="#publisher" class="upperLeft">
          <docAuthority refersTo="#publisher">United Nations</docAuthority>
        </span>
      </p>
      <p class="upperRight">
        <docNumber refersTo="#symbol">A/RES/74/281</docNumber>
      </p>
      <p class="upperLeft">
        <img src="logo-un.jpg"></img>
        <docAuthority refersTo="#issuingBody" class="rightBig">General Assembly</docAuthority>
      </p>
      <p>
        <docStatus refersTo="#generalDistribution" class="rightSmall">Distr.: General</docStatus>
      </p>
      <p>
        <docDate date="2020-07-09" class="rightSmall" refersTo="#dateOfIssuance">9 July 2020</docDate>
      </p>
      <p>
        <session refersTo="#generalAssembly" value="74" eId="coverPage_1__session_1">Seventy-fourth session</session>
      </p>
      <p>
        <inline name="agenda item">Agenda item 148</inline>
      </p>
      <p>
        <inline name="agenda item name">Administrative and budgetary aspects of the financing of the United Nations peacekeeping operations</inline>
      </p>
      <p>
        <docTitle>Resolution adopted by the General Assembly on 30 June 2020</docTitle>
      </p>
      <p xml:space="preserve">
        <docProponent refersTo="#fifthCommittee">[on the report of the Fifth Committee (<inline name="originating document">A/74/910</inline>)]</docProponent>
      </p>
    </coverPage>
    <preface>
      <p>
        <docNumber>74/281.</docNumber>
        <docTitle refersTo="#resolutionTitle">Financing of the Regional Service Centre in Entebbe, Uganda</docTitle>
      </p>
    </preface>
    <preamble>
      <formula name="enactingFormula" eId="formula_1">
        <p xml:space="preserve">
          <span class="italic">The General Assembly</span>,</p>
      </formula>
      <container name="Recalling" eId="container_2">
        <p xml:space="preserve">
          <span class="italic">Recalling</span> its resolutions <a href="https://undocs.org/en/A/RES/69/307">69/307</a> of 25 June 2015, <a href="https://undocs.org/en/A/RES/70/289">70/289</a> of 17 June 2016, <a href="https://undocs.org/en/A/RES/71/293">71/293</a> of 30 June 2017, <a href="https://undocs.org/en/A/RES/72/286">72/286</a> of 5 July 2018 and <a href="https://undocs.org/en/A/RES/73/309">73/309</a> of 3 July 2019, as well as its decisions 72/558 of 5 July 2018 and 73/555 of 3 July 2019,</p>
      </container>
      <container name="Having considered" eId="container_3">
        <p xml:space="preserve">
          <span class="italic">Having considered</span> the reports of the Secretary-General on the financing of the Regional Service Centre in Entebbe, Uganda,<authorialNote marker="1" placement="bottom" eId="authorialNote_1"><p xml:space="preserve"><a href="https://undocs.org/en/A/74/594">A/74/594</a> and <a href="https://undocs.org/en/A/74/717">A/74/717</a>.</p></authorialNote> and the related report of the Advisory Committee on Administrative and Budgetary Questions,<authorialNote marker="2" placement="bottom" eId="authorialNote_2"><p xml:space="preserve"><a href="https://undocs.org/en/A/74/737/Add.3">A/74/737/Add.3</a>.</p></authorialNote></p>
      </container>
    </preamble>
    <mainBody>
      <paragraph eId="para_4" class="SingleTxt">
        <num>	1.</num>
        <content eId="para_4__content">
          <p xml:space="preserve">
            <span class="italic">Reaffirms</span> its resolutions <a href="https://undocs.org/en/A/RES/57/290b">57/290</a> B of 18 June 2003, <a href="https://undocs.org/en/A/RES/59/296">59/296</a> of 22 June 2005, <a href="https://undocs.org/en/A/RES/60/266">60/266</a> of 30 June 2006, <a href="https://undocs.org/en/A/RES/61/276">61/276</a> of 29 June 2007, <a href="https://undocs.org/en/A/RES/64/269">64/269</a> of 24 June 2010, <a href="https://undocs.org/en/A/RES/65/289">65/289</a> of 30 June 2011, <a href="https://undocs.org/en/A/RES/66/264">66/264</a> of 21 June 2012, <a href="https://undocs.org/en/A/RES/69/307">69/307</a>, and <a href="https://undocs.org/en/A/RES/70/286">70/286</a> of 17 June 2016, and requests the Secretary-General to ensure the full implementation of their relevant provisions;</p>
        </content>
      </paragraph>
      <paragraph eId="para_5" class="SingleTxt">
        <num>	2.</num>
        <content eId="para_5__content">
          <p xml:space="preserve">
            <span class="italic">Takes note</span> of the reports of the Secretary-General;<sup>1</sup></p>
        </content>
      </paragraph>
      <paragraph eId="para_6" class="SingleTxt">
        <num>	3.</num>
        <content eId="para_6__content">
          <p xml:space="preserve">
            <span class="italic">Endorses</span> the conclusions and recommendations contained in the report of the Advisory Committee on Administrative and Budgetary Questions,<sup>2</sup> subject to the provisions of the present resolution, and requests the Secretary-General to ensure their full implementation;</p>
        </content>
      </paragraph>
      <paragraph eId="para_7" class="SingleTxt">
        <num>	4.</num>
        <content eId="para_7__content">
          <p xml:space="preserve">
            <span class="italic">Acknowledges</span> the support of the Government of Uganda in facilitating the work of the United Nations at the Regional Service Centre in Entebbe, Uganda;</p>
        </content>
      </paragraph>
      <paragraph eId="para_8" class="SingleTxt">
        <num>	5.</num>
        <content eId="para_8__content">
          <p xml:space="preserve">
            <span class="italic">Decides</span> to upgrade the post of Chief of the Regional Service Centre to the D-2 level;</p>
        </content>
      </paragraph>
      <paragraph eId="para_9" class="SingleTxt">
        <num>	6.</num>
        <content eId="para_9__content">
          <p xml:space="preserve">
            <span class="italic">Continues to encourage</span> the Secretary-General to enable support mechanisms to facilitate military air transportation services provided by Member States intended to service multiple peacekeeping missions in the region from Entebbe;</p>
        </content>
      </paragraph>
      <paragraph eId="para_10" class="SingleTxt">
        <num>	7.</num>
        <content eId="para_10__content">
          <p xml:space="preserve">
            <span class="italic">Welcomes</span> the complementarity of the Regional Service Centre in Entebbe and the United Nations Logistics Base at Brindisi, Italy, and encourages the Secretary-General to seek enhanced synergies between the two support entities in their respective mandates;</p>
        </content>
      </paragraph>
      <paragraph eId="para_11" class="SingleTxt">
        <num>	8.</num>
        <content eId="para_11__content">
          <p xml:space="preserve">
            <span class="italic">Notes</span> the ongoing study of the Strategic Air Operations Centre, the Transportation and Movements Integrated Control Centre and the Global Procurement Support Section in the context of an integrated supply chain management approach, and looks forward to receiving the results of the study for its consideration at the seventy-fifth session;</p>
        </content>
      </paragraph>
      <paragraph eId="para_12" class="H23">
        <subheading>		Budget performance report for the period from 1 July 2018 to 30 June 2019</subheading>
      </paragraph>
      <paragraph eId="para_13" class="SingleTxt">
        <num>	9.</num>
        <content eId="para_13__content">
          <p xml:space="preserve">
            <span class="italic">Takes note</span> of the report of the Secretary-General on the budget performance of the Regional Service Centre for the period from 1 July 2018 to 30 June 2019;<authorialNote marker="3" placement="bottom" eId="authorialNote_3"><p xml:space="preserve"><a href="https://undocs.org/en/A/74/594">A/74/594</a>.</p></authorialNote></p>
        </content>
      </paragraph>
      <paragraph eId="para_14" class="H23">
        <subheading>		Budget estimates for the period from 1 July 2020 to 30 June 2021</subheading>
      </paragraph>
      <paragraph eId="para_15" class="SingleTxt">
        <num>	10.</num>
        <content eId="para_15__content">
          <p xml:space="preserve">
            <span class="italic">Approves</span> the amount of 37,159,200 United States dollars for the maintenance of the Regional Service Centre for the period from 1 July 2020 to 30 June 2021;</p>
        </content>
      </paragraph>
      <paragraph eId="para_16" class="H23">
        <subheading>		Financing of the budget estimates for the period from 1 July 2020 to 30 June 2021</subheading>
      </paragraph>
      <paragraph eId="para_17" class="SingleTxt">
        <num>	11.</num>
        <content eId="para_17__content">
          <p xml:space="preserve">
            <span class="italic">Decides</span> that the requirements for the Regional Service Centre for the period from 1 July 2020 to 30 June 2021 shall be financed as follows:</p>
        </content>
      </paragraph>
      <paragraph eId="para_18" class="SingleTxt">
        <content eId="para_18__content">
          <p xml:space="preserve">	(a)	The unencumbered balance and other revenue in the amount of 165,400 dollars in respect of the financial period ended 30 June 2019, to be applied against the resources required for the period from 1 July 2020 to 30 June 2021;</p>
        </content>
      </paragraph>
      <paragraph eId="para_19" class="SingleTxt">
        <content eId="para_19__content">
          <p xml:space="preserve">	(b)	The amount of 35,581,400 dollars, to be prorated among the budgets of the active client peacekeeping operations for the period from 1 July 2020 to 30 June 2021;</p>
        </content>
      </paragraph>
      <paragraph eId="para_20" class="SingleTxt">
        <content eId="para_20__content">
          <p xml:space="preserve">	(c)	The amount of 1,412,400 dollars, with respect to the share of client special political missions, to be funded under section 3, Political affairs, as may be approved by the General Assembly in the context of the proposed programme budget for 2021;</p>
        </content>
      </paragraph>
      <paragraph eId="para_21" class="SingleTxt">
        <content eId="para_21__content">
          <p xml:space="preserve">	(d)	The estimated staff assessment income of 3,723,300 dollars, comprising the amount of 3,530,200 dollars for the period from 1 July 2020 to 30 June 2021 and the increase of 193,100 dollars in respect of the period from 1 July 2018 to 30 June 2019, to be offset against the balance referred to in subparagraph (b) above, to be prorated among the budgets of the individual active client peacekeeping operations;</p>
        </content>
      </paragraph>
      <paragraph eId="para_22" class="SingleTxt">
        <num>	12.</num>
        <content eId="para_22__content">
          <p xml:space="preserve">
            <span class="italic">Also decides</span> to consider at its seventy-fifth session the question of the financing of the Regional Service Centre.</p>
        </content>
      </paragraph>
    </mainBody>
    <conclusions eId="conclusions">
      <p>
        <docDate date="2020-06-30" refersTo="#adoptionDate">30 June 2020</docDate>
      </p>
    </conclusions>
  </statement>
</akomaNtoso>