<akomaNtoso xmlns:xsi="http://www.w3.org/2001/XMLSchema-instance" xsi:schemaLocation="http://docs.oasis-open.org/legaldocml/ns/akn/3.0 http://docs.oasis-open.org/legaldocml/akn-core/v1.0/os/part2-specs/schemas/akomantoso30.xsd" xmlns="http://docs.oasis-open.org/legaldocml/ns/akn/3.0" xmlns:html="http://www.w3.org/1999/xhtml" xmlns:akn4un="http://un.org/akn4un">
  <statement name="resolution">
    <meta>
      <identification source="#DGACM">
        <FRBRWork>
          <FRBRthis value="/akn/un/statement/deliberation/unga/2020-06-30/74-284/!main/"></FRBRthis>
          <FRBRuri value="/akn/un/statement/deliberation/unga/2020-06-30/74-284/"></FRBRuri>
          <FRBRdate date="2020-06-30" name="adoption"></FRBRdate>
          <FRBRauthor href="ga" as="author"></FRBRauthor>
          <FRBRcountry value="un"></FRBRcountry>
        </FRBRWork>
        <FRBRExpression>
          <FRBRthis value="/akn/un/statement/deliberation/unga/2020-06-30/74-284/eng@!main/"></FRBRthis>
          <FRBRuri value="/akn/un/statement/deliberation/unga/2020-06-30/74-284/eng@/"></FRBRuri>
          <FRBRdate date="2020-07-14" name="publication"></FRBRdate>
          <FRBRauthor href="ga" as="issuer"></FRBRauthor>
          <FRBRlanguage language="eng"></FRBRlanguage>
        </FRBRExpression>
        <FRBRManifestation>
          <FRBRthis value="/akn/un/statement/deliberation/unga/2020-06-30/74-284/eng@/!main.xml"></FRBRthis>
          <FRBRuri value="/akn/un/statement/deliberation/unga/2020-06-30/74-284/eng@.xml"></FRBRuri>
          <FRBRdate date="2020-10-04" name="markup"></FRBRdate>
          <FRBRauthor href="DGACM" as="editor"></FRBRauthor>
        </FRBRManifestation>
      </identification>
      <classification source="http://metadata.un.org/sdg">
        <keyword value="3" href="http://metadata.un.org/sdg/3" showAs="sdg_3" dictionary="SDGO"></keyword>
        <keyword value="public_health" href="http://eurovoc.europa.eu/3885" showAs="public_health" dictionary="EuroVoc"></keyword>
        <keyword value="health" href="http://metadata.un.org/thesaurus/1002824" showAs="health" dictionary="UNBIS Thesaurus"></keyword>
      </classification>
      <classification source="http://metadata.un.org/sdg">
        <keyword value="4" href="http://metadata.un.org/sdg/4" showAs="sdg_4" dictionary="SDGO"></keyword>
        <keyword value="education" href="http://eurovoc.europa.eu/668" showAs="education" dictionary="EuroVoc"></keyword>
        <keyword value="right_to_education" href="http://eurovoc.europa.eu/512" showAs="right_to_education" dictionary="EuroVoc"></keyword>
        <keyword value="education" href="http://metadata.un.org/thesaurus/1001893" showAs="education" dictionary="UNBIS Thesaurus"></keyword>
      </classification>
      <classification source="http://metadata.un.org/sdg">
        <keyword value="9" href="http://metadata.un.org/sdg/9" showAs="sdg_9" dictionary="SDGO"></keyword>
        <keyword value="industrial_infrastructure" href="http://eurovoc.europa.eu/1434" showAs="industrial_infrastructure" dictionary="EuroVoc"></keyword>
        <keyword value="innovation" href="http://eurovoc.europa.eu/1439" showAs="innovation" dictionary="EuroVoc"></keyword>
        <keyword value="industrialization" href="http://metadata.un.org/thesaurus/1003177" showAs="industrialization" dictionary="UNBIS Thesaurus"></keyword>
        <keyword value="innovations" href="http://metadata.un.org/thesaurus/1003223" showAs="innovations" dictionary="UNBIS Thesaurus"></keyword>
      </classification>
      <workflow source="#un">
        <step date="2020-06-27" outcome="draftResolution" as="A/C.5/74/L.38" by="submitted by the Chair of the Committee following informal consultations" />
        <step date="0001-01-01" outcome="draftResolutionAdditionalSponsors" by="" />
        <step date="0001-01-01" outcome="recommendedForAdoption" as="A/74/912" refersTo="6" by="" />
        <step date="2020-06-30" outcome="adopted" as="Adopted through silence procedure" by="" />
      </workflow>
      <analysis source="#un">
        <parliamentary>
          <voting outcome="adoptedWithoutVote">
            <quorum value=""></quorum>
          </voting>
        </parliamentary>
      </analysis>
      <references source="#DGACM">
        <TLCOrganization eId="source" href="/akn/ontology/organization/un/DGACM" showAs="DGACM"></TLCOrganization>
        <TLCConcept eId="dateOfIssuance" href="/akn/ontology/concept/un/dateOfIssuance" showAs="Date of issuance"></TLCConcept>
        <TLCConcept eId="dateOfAdoption" href="/akn/ontology/concept/un/dateOfAdoption" showAs="Date of adoption"></TLCConcept>
        <TLCConcept eId="symbol" href="/akn/ontology/reference/un/symbol" showAs="Symbol"></TLCConcept>
        <TLCRole eId="publisher" href="/akn/ontology/role/un/publisher" showAs="Publisher"></TLCRole>
        <TLCRole eId="issuingBody" href="/akn/role/concept/un/issuingBody" showAs="Issuing body"></TLCRole>
        <TLCRole eId="author" href="/akn/ontology/role/un/author" showAs="Author"></TLCRole>
        <TLCRole eId="editor" href="/akn/ontology/role/un/editor" showAs="Editor"></TLCRole>
        <TLCRole eId="distribution" href="/akn/ontology/concept/un/generalDistribution" showAs="General distribution"></TLCRole>
        <TLCOrganization eId="ga" href="/akn/ontology/organization/un/generalAssembly" showAs="General Assembly"></TLCOrganization>
        <TLCTerm eId="resolutionTitle" href="/akn/ontology/reference/un/resolutionTitle" showAs="Resolution title"></TLCTerm>
        <TLCTerm eId="fifthCommittee" href="#fifthCommittee" showAs="Fifth Committee"></TLCTerm>
        <TLCTerm eId="memberState" href="/akn/ontology/organization/un/memberState" showAs="Member State"></TLCTerm>
        <TLCTerm eId="inFavour" href="/akn/ontology/concept/un/voting/inFavour" showAs="In favour"></TLCTerm>
        <TLCTerm eId="against" href="/akn/ontology/concept/un/voting/against" showAs="Against"></TLCTerm>
        <TLCTerm eId="abstaining" href="/akn/ontology/concept/un/voting/abstaining" showAs="Abstaining"></TLCTerm>
      </references>
      <presentation source="#un">
        <akn4un:footerFirstPage>
          <akn4un:footerFirstPageLeft>
            <akn4un:internalCode>
              <docketNumber refersTo="#publicationJobNumber">20-08792 (E)</docketNumber>
              <img alt="bar code" class="barCode" src=""></img>
            </akn4un:internalCode>
          </akn4un:footerFirstPageLeft>
          <akn4un:footerFirstPageRight>
            <img alt="Please recycle" class="image" src="./recylcleLogo.jpg"></img>
            <img alt="embedded QR code" class="qrCode" src=""></img>
          </akn4un:footerFirstPageRight>
        </akn4un:footerFirstPage>
      </presentation>
    </meta>
    <coverPage eId="coverPage_1">
      <p>
        <span refersTo="#publisher" class="upperLeft">
          <docAuthority refersTo="#publisher">United Nations</docAuthority>
        </span>
      </p>
      <p class="upperRight">
        <docNumber refersTo="#symbol">A/RES/74/284</docNumber>
      </p>
      <p class="upperLeft">
        <img src="logo-un.jpg"></img>
        <docAuthority refersTo="#issuingBody" class="rightBig">General Assembly</docAuthority>
      </p>
      <p>
        <docStatus refersTo="#generalDistribution" class="rightSmall">Distr.: General</docStatus>
      </p>
      <p>
        <docDate date="2020-07-14" class="rightSmall" refersTo="#dateOfIssuance">14 July 2020</docDate>
      </p>
      <p>
        <session refersTo="#generalAssembly" value="74" eId="coverPage_1__session_1">Seventy-fourth session</session>
      </p>
      <p>
        <inline name="agenda item">Agenda item 150</inline>
      </p>
      <p>
        <inline name="agenda item name">Financing of the United Nations Multidimensional Integrated Stabilization Mission in the Central African Republic</inline>
      </p>
      <p>
        <docTitle>Resolution adopted by the General Assembly on 30 June 2020</docTitle>
      </p>
      <p xml:space="preserve">
        <docProponent refersTo="#fifthCommittee">[on the report of the Fifth Committee (<inline name="originating document">A/74/912</inline>)]</docProponent>
      </p>
    </coverPage>
    <preface>
      <p>
        <docNumber>74/284.</docNumber>
        <docTitle refersTo="#resolutionTitle">Financing of the United Nations Multidimensional Integrated Stabilization Mission in the Central African Republic</docTitle>
      </p>
    </preface>
    <preamble>
      <formula name="enactingFormula" eId="formula_1">
        <p xml:space="preserve">
          <span class="italic">The General Assembly</span>,</p>
      </formula>
      <container name="Having considered" eId="container_2">
        <p xml:space="preserve">
          <span class="italic">Having considered</span> the reports of the Secretary-General on the financing of the United Nations Multidimensional Integrated Stabilization Mission in the Central African Republic<authorialNote marker="1" placement="bottom" eId="authorialNote_1"><p xml:space="preserve"><a href="https://undocs.org/en/A/74/621">A/74/621</a> and <a href="https://undocs.org/en/A/74/756">A/74/756</a>.</p></authorialNote> and the related report of the Advisory Committee on Administrative and Budgetary Questions,<authorialNote marker="2" placement="bottom" eId="authorialNote_2"><p xml:space="preserve"><a href="https://undocs.org/en/A/74/737/Add.10">A/74/737/Add.10</a>.</p></authorialNote></p>
      </container>
      <container name="Recalling" eId="container_3">
        <p xml:space="preserve">
          <span class="italic">Recalling</span> Security Council resolution <a href="https://undocs.org/en/S/RES/2149(2014)">2149 (2014)</a> of 10 April 2014, by which the Council established the United Nations Multidimensional Integrated Stabilization Mission in the Central African Republic as from 10 April 2014 for an initial period until 30 April 2015, and the subsequent resolutions by which the Council extended the mandate of the Mission, the latest of which was resolution <a href="https://undocs.org/en/S/RES/2499(2019)">2499 (2019)</a> of 15 November 2019, by which the Council extended the mandate of the Mission until 15 November 2020,</p>
      </container>
      <container name="Recalling also" eId="container_4">
        <p xml:space="preserve">
          <span class="italic">Recalling also</span> its resolution <a href="https://undocs.org/en/A/RES/68/299">68/299</a> of 30 June 2014 on the financing of the Mission and its subsequent resolutions thereon, the latest of which was resolution <a href="https://undocs.org/en/A/RES/73/312">73/312</a> of 3 July 2019, as well as its decision 73/555 of 3 July 2019,</p>
      </container>
      <container name="Reaffirming" eId="container_5">
        <p xml:space="preserve">
          <span class="italic">Reaffirming</span> the general principles underlying the financing of United Nations peacekeeping operations, as stated in its resolutions <a href="https://undocs.org/en/A/RES/1874 (s-iv)">1874 (S</a><a href="https://undocs.org/en/A/RES/1874 (s-iv)">-</a><a href="https://undocs.org/en/A/RES/1874 (s-iv)">IV)</a> of 27 June 1963, <a href="https://undocs.org/en/A/RES/3101(XXVIII)">3101 (XXVIII)</a> of 11 December 1973 and <a href="https://undocs.org/en/A/RES/55/235">55/235</a> of 23 December 2000,</p>
      </container>
      <container name="Mindful" eId="container_6">
        <p xml:space="preserve">
          <span class="italic">Mindful</span> of the fact that it is essential to provide the Mission with the financial resources necessary to enable it to fulfil its responsibilities under the relevant resolutions of the Security Council,</p>
      </container>
    </preamble>
    <mainBody>
      <paragraph eId="para_7" class="SingleTxt">
        <num>	1.</num>
        <content eId="para_7__content">
          <p xml:space="preserve">
            <span class="italic">Requests</span> the Secretary-General to entrust the Head of Mission with the task of formulating future budget proposals in full accordance with the provisions of its resolutions <a href="https://undocs.org/en/A/RES/59/296">59/296</a> of 22 June 2005, <a href="https://undocs.org/en/A/RES/60/266">60/266</a> of 30 June 2006, <a href="https://undocs.org/en/A/RES/61/276">61/276</a> of 29 June 2007, <a href="https://undocs.org/en/A/RES/64/269">64/269</a> of 24 June 2010, <a href="https://undocs.org/en/A/RES/65/289">65/289</a> of 30 June 2011, <a href="https://undocs.org/en/A/RES/66/264">66/264</a> of 21 June 2012, <a href="https://undocs.org/en/A/RES/69/307">69/307</a> of 25 June 2015 and <a href="https://undocs.org/en/A/RES/70/286">70/286</a> of 17 June 2016, as well as other relevant resolutions;</p>
        </content>
      </paragraph>
      <paragraph eId="para_8" class="SingleTxt">
        <num>	2.</num>
        <content eId="para_8__content">
          <p xml:space="preserve">
            <span class="italic">Takes note</span> of the status of contributions to the United Nations Multidimensional Integrated Stabilization Mission in the Central African Republic as at 30 April 2020, including the contributions outstanding in the amount of 188.5 million United States dollars, representing some 3.5 per cent of the total assessed contributions, notes with concern that only 93 Member States have paid their assessed contributions in full, and urges all other Member States, in particular those in arrears, to ensure payment of their outstanding assessed contributions;</p>
        </content>
      </paragraph>
      <paragraph eId="para_9" class="SingleTxt">
        <num>	3.</num>
        <content eId="para_9__content">
          <p xml:space="preserve">
            <span class="italic">Expresses its appreciation</span> to those Member States that have paid their assessed contributions in full, and urges all other Member States to make every possible effort to ensure payment of their assessed contributions to the Mission in full;</p>
        </content>
      </paragraph>
      <paragraph eId="para_10" class="SingleTxt">
        <num>	4.</num>
        <content eId="para_10__content">
          <p xml:space="preserve">
            <span class="italic">Expresses concern</span> at the financial situation with regard to peacekeeping activities, in particular as regards the reimbursements to troop contributors that bear additional burdens owing to overdue payments by Member States of their assessments;</p>
        </content>
      </paragraph>
      <paragraph eId="para_11" class="SingleTxt">
        <num>	5.</num>
        <content eId="para_11__content">
          <p xml:space="preserve">
            <span class="italic">Emphasizes</span> that all future and existing peacekeeping missions shall be given equal and non-discriminatory treatment in respect of financial and administrative arrangements;</p>
        </content>
      </paragraph>
      <paragraph eId="para_12" class="SingleTxt">
        <num>	6.</num>
        <content eId="para_12__content">
          <p xml:space="preserve">
            <span class="italic">Also emphasizes</span> that all peacekeeping missions shall be provided with adequate resources for the effective and efficient discharge of their respective mandates;</p>
        </content>
      </paragraph>
      <paragraph eId="para_13" class="SingleTxt">
        <num>	7.</num>
        <content eId="para_13__content">
          <p xml:space="preserve">
            <span class="italic">Requests</span> the Secretary-General to ensure that proposed peacekeeping budgets are based on the relevant legislative mandates;</p>
        </content>
      </paragraph>
      <paragraph eId="para_14" class="SingleTxt">
        <num>	8.</num>
        <content eId="para_14__content">
          <p xml:space="preserve">
            <span class="italic">Endorses</span> the conclusions and recommendations contained in the report of the Advisory Committee on Administrative and Budgetary Questions,<sup>2</sup> subject to the provisions of the present resolution, and requests the Secretary-General to ensure their full implementation;</p>
        </content>
      </paragraph>
      <paragraph eId="para_15" class="SingleTxt">
        <num>	9.</num>
        <content eId="para_15__content">
          <p xml:space="preserve">
            <span class="italic">Requests</span> the Secretary-General to establish clear frameworks and guidelines to determine the solicitation procedure, whether invitation to bid or request for proposal, to be utilized for, inter alia, acquiring different types of goods and services, including aviation services, and to update the United Nations Procurement Manual accordingly;</p>
        </content>
      </paragraph>
      <paragraph eId="para_16" class="SingleTxt">
        <num>	10.</num>
        <content eId="para_16__content">
          <p xml:space="preserve">
            <span class="italic">Also requests</span> the Secretary-General to take measures to ensure that the Organization conforms to best practices in public procurement with respect to transparency, including by placing additional information in the public domain on the outcome of procurement exercises conducted, including in the area of aviation services, so as to further increase the transparency of the procurement operations of the Organization, and to update the United Nations Procurement Manual accordingly;</p>
        </content>
      </paragraph>
      <paragraph eId="para_17" class="SingleTxt">
        <num>	11.</num>
        <content eId="para_17__content">
          <p xml:space="preserve">
            <span class="italic">Notes</span> the ongoing development of impact-based performance indicators as part of the implementation of the Comprehensive Performance Assessment System, and in this regard requests the Secretary-General in his next report to provide information on how the indicators will measure the performance by the Mission of mandated tasks and the impact of resource allocation on that performance, as well as how the indicators will contribute to the identification of the resources required for each mandated task;</p>
        </content>
      </paragraph>
      <paragraph eId="para_18" class="SingleTxt">
        <num>	12.</num>
        <content eId="para_18__content">
          <p xml:space="preserve">
            <span class="italic">Requests</span> the Secretary-General to provide in his next report an execution plan for, and analysis of, the implementation of the new Comprehensive Performance Assessment System, including on its correlation with mission planning and budget formulation, in order to facilitate consideration by the General Assembly of resource requests for implementation of the System;</p>
        </content>
      </paragraph>
      <paragraph eId="para_19" class="SingleTxt">
        <num>	13.</num>
        <content eId="para_19__content">
          <p xml:space="preserve">
            <span class="italic">Emphasizes</span> the importance of the accountability system of the Secretariat, and requests the Secretary-General to continue to strengthen risk management and internal controls in the management of peacekeeping budgets, in order to facilitate mandate implementation and increase transparency, and to report thereon in his next report;</p>
        </content>
      </paragraph>
      <paragraph eId="para_20" class="SingleTxt">
        <num>	14.</num>
        <content eId="para_20__content">
          <p xml:space="preserve">
            <span class="italic">Also emphasizes</span> the importance of overall budgetary performance in peacekeeping operations, and requests the Secretary-General to continue to implement the recommendations of the relevant oversight bodies, while giving due regard to the guidance and recommendations of the General Assembly, and to report thereon in the context of the performance reports;</p>
        </content>
      </paragraph>
      <paragraph eId="para_21" class="SingleTxt">
        <num>	15.</num>
        <content eId="para_21__content">
          <p xml:space="preserve">
            <span class="italic">Notes with grave concern</span> the threat to life, health, safety and security caused by the coronavirus disease (COVID-19) pandemic and the importance of ensuring the safety, security and health of peacekeeping personnel, maintaining the continuity of critical mandate delivery, including protection of civilians, minimizing the risk of mission activities causing the virus to spread and, where appropriate and within mandates, supporting national authorities, upon their request, in their response to COVID-19, in collaboration with the Resident Coordinator and other United Nations entities in the country;</p>
        </content>
      </paragraph>
      <paragraph eId="para_22" class="SingleTxt">
        <num>	16.</num>
        <content eId="para_22__content">
          <p xml:space="preserve">
            <span class="italic">Requests</span> the Secretary-General to include in his next performance report information on how the Mission has responded and on lessons learned from past and present epidemics and pandemics, and to propose options for improving future preparedness for epidemics and pandemics, including for business continuity;</p>
        </content>
      </paragraph>
      <paragraph eId="para_23" class="SingleTxt">
        <num>	17.</num>
        <content eId="para_23__content">
          <p xml:space="preserve">
            <span class="italic">Notes</span> the progress made in the implementation of the multi-year environmental strategy to reduce the footprint of peacekeeping operations, and requests the Secretary-General to enhance measures for the implementation of the strategy in all peacekeeping missions, in line with the five pillars of the strategy, in accordance with particular conditions on the ground and in full compliance with the relevant rules and regulations, and to report thereon in the context of his next overview report;</p>
        </content>
      </paragraph>
      <paragraph eId="para_24" class="SingleTxt">
        <num>	18.</num>
        <content eId="para_24__content">
          <p xml:space="preserve">
            <span class="italic">Underlines</span> the important contribution that programmatic activities make to the implementation of the mandates of the Mission, including for the prevention and resolution of conflicts, and that all such activities must be directly linked to the mandates of the Mission;</p>
        </content>
      </paragraph>
      <paragraph eId="para_25" class="SingleTxt">
        <num>	19.</num>
        <content eId="para_25__content">
          <p xml:space="preserve">
            <span class="italic">Requests</span> the Secretary-General to ensure that the Mission is responsible and accountable for the use of its programmatic funds, in line with relevant guidance and bearing in mind the specific context in which the Mission operates, and to include, in his next budget submission and performance report, detailed information on the programmatic activities of the Mission, including on how those activities have contributed to the implementation of mission mandates, on the linkage to the mandates, on the implementing entities and on the performance by the Mission of appropriate oversight;</p>
        </content>
      </paragraph>
      <paragraph eId="para_26" class="SingleTxt">
        <num>	20.</num>
        <content eId="para_26__content">
          <p xml:space="preserve">
            <span class="italic">Expresses concern</span> over the allegations of sexual exploitation and abuse reported in peacekeeping missions, and requests the Secretary-General to continue to implement his zero-tolerance policy on sexual exploitation and abuse with regard to all civilian, military and police personnel and to report thereon in the context of his next report on cross-cutting issues;</p>
        </content>
      </paragraph>
      <paragraph eId="para_27" class="SingleTxt">
        <num>	21.</num>
        <content eId="para_27__content">
          <p xml:space="preserve">
            <span class="italic">Requests</span> the Secretary-General to ensure that United Nations peacekeeping mission staff has the capacity to provide technical oversight of the use of unmanned aerial and aircraft systems technologies;</p>
        </content>
      </paragraph>
      <paragraph eId="para_28" class="SingleTxt">
        <num>	22.</num>
        <content eId="para_28__content">
          <p xml:space="preserve">
            <span class="italic">Recognizes</span> the increasing security challenges faced by United Nations peacekeepers, reaffirms its commitment to the improvement of the safety and security of Mission personnel, in particular uniformed personnel, and requests the Secretary-General to further strengthen the measures in this regard and to report thereon to the General Assembly in the context of the next budget submission for the Mission;</p>
        </content>
      </paragraph>
      <paragraph eId="para_29" class="SingleTxt">
        <num>	23.</num>
        <content eId="para_29__content">
          <p xml:space="preserve">
            <span class="italic">Reaffirms</span> the provisions of section XVIII of its resolution <a href="https://undocs.org/en/A/RES/61/276">61/276</a>, further recognizes the important role played by quick-impact projects in supporting the implementation of mission mandates, stresses the need for the timely, responsible and accountable implementation of all such projects, and requests the Secretary-General to enhance their impact while addressing underlying challenges;</p>
        </content>
      </paragraph>
      <paragraph eId="para_30" class="SingleTxt">
        <num>	24.</num>
        <content eId="para_30__content">
          <p xml:space="preserve">
            <span class="italic">Requests</span> the Secretary-General to consider options for greater nationalization of functions when formulating budget submissions, commensurate with mission mandates and requirements;</p>
        </content>
      </paragraph>
      <paragraph eId="para_31" class="SingleTxt">
        <num>	25.</num>
        <content eId="para_31__content">
          <p xml:space="preserve">
            <span class="italic">Reiterates its concern</span> about the high number of vacancies in civilian staffing, and further reiterates its request to the Secretary-General to ensure that vacant posts are filled expeditiously;</p>
        </content>
      </paragraph>
      <paragraph eId="para_32" class="SingleTxt">
        <num>	26.</num>
        <content eId="para_32__content">
          <p xml:space="preserve">
            <span class="italic">Requests</span> the Secretary-General to ensure that vacant posts are filled expeditiously, and decides not to abolish the posts that have been vacant for 24 months or longer during the current budget period, except for those in paragraph 27;</p>
        </content>
      </paragraph>
      <paragraph eId="para_33" class="SingleTxt">
        <num>	27.</num>
        <content eId="para_33__content">
          <p xml:space="preserve">
            <span class="italic">Decides</span> to abolish six posts and positions that have been vacant for more than two years, comprising one position of Plumber (national General Service), two posts of Administrative Assistant (national General Service), one post of Transport Assistant (national General Service), one post of Supply Assistant (national General Service) and one post of Judicial Affairs Officer (National Professional Officer);</p>
        </content>
      </paragraph>
      <paragraph eId="para_34" class="SingleTxt">
        <num>	28.</num>
        <content eId="para_34__content">
          <p xml:space="preserve">
            <span class="italic">Requests</span> the Secretary-General to review the posts that have been vacant for 24 months or longer and to propose in his next budget submission either their retention, with clear justification of need, or their abolishment;</p>
        </content>
      </paragraph>
      <paragraph eId="para_35" class="SingleTxt">
        <num>	29.</num>
        <content eId="para_35__content">
          <p xml:space="preserve">
            <span class="italic">Also requests</span> the Secretary-General to conduct a comparative assessment of the services provided by respective entities for mine action activities and to provide the results in the context of his next report;</p>
        </content>
      </paragraph>
      <paragraph eId="para_36" class="SingleTxt">
        <num>	30.</num>
        <content eId="para_36__content">
          <p xml:space="preserve">
            <span class="italic">Recognizes</span> the important role played by regional and subregional actors for peacekeeping operations, and in this regard encourages the Secretary-General to deepen the partnership, cooperation and coordination of the United Nations with regional and subregional actors, in accordance with relevant mandates, and to provide information on such deepened engagement in the context of his next report;</p>
        </content>
      </paragraph>
      <paragraph eId="para_37" class="SingleTxt">
        <num>	31.</num>
        <content eId="para_37__content">
          <p xml:space="preserve">
            <span class="italic">Notes</span> that elections are a key milestone in peace processes, stresses the crucial importance of providing adequate and timely support for electoral processes in host countries of peacekeeping missions, in accordance with the mandate, and in this regard requests the Secretary-General to include an update on United Nations support for electoral activities in the context of his next overview report;</p>
        </content>
      </paragraph>
      <paragraph eId="para_38" class="SingleTxt">
        <num>	32.</num>
        <content eId="para_38__content">
          <p xml:space="preserve">
            <span class="italic">Requests</span> the Secretary-General to ensure the full implementation of the relevant provisions of its resolutions <a href="https://undocs.org/en/A/RES/59/296">59/296</a>, <a href="https://undocs.org/en/A/RES/60/266">60/266</a>, <a href="https://undocs.org/en/A/RES/61/276">61/276</a>, <a href="https://undocs.org/en/A/RES/64/269">64/269</a>, <a href="https://undocs.org/en/A/RES/65/289">65/289</a>, <a href="https://undocs.org/en/A/RES/66/264">66/264</a>, <a href="https://undocs.org/en/A/RES/69/307">69/307</a> and <a href="https://undocs.org/en/A/RES/70/286">70/286</a>;</p>
        </content>
      </paragraph>
      <paragraph eId="para_39" class="SingleTxt">
        <num>	33.</num>
        <content eId="para_39__content">
          <p xml:space="preserve">
            <span class="italic">Also requests</span> the Secretary-General to take all action necessary to ensure that the Mission is administered with a maximum of efficiency and economy;</p>
        </content>
      </paragraph>
      <paragraph eId="para_40" class="H23">
        <subheading>		Budget performance report for the period from 1 July 2018 to 30 June 2019</subheading>
      </paragraph>
      <paragraph eId="para_41" class="SingleTxt">
        <num>	34.</num>
        <content eId="para_41__content">
          <p xml:space="preserve">
            <span class="italic">Takes note</span> of the report of the Secretary-General on the budget performance of the Mission for the period from 1 July 2018 to 30 June 2019;<authorialNote marker="3" placement="bottom" eId="authorialNote_3"><p xml:space="preserve"><a href="https://undocs.org/en/A/74/621">A/74/621</a>.</p></authorialNote></p>
        </content>
      </paragraph>
      <paragraph eId="para_42" class="H23">
        <subheading>		Budget estimates for the period from 1 July 2020 to 30 June 2021</subheading>
      </paragraph>
      <paragraph eId="para_43" class="SingleTxt">
        <num>	35.</num>
        <content eId="para_43__content">
          <p xml:space="preserve">
            <span class="italic">Decides</span> to appropriate to the special account for the United Nations Multidimensional Integrated Stabilization Mission in the Central African Republic the amount of 1,006,428,200 dollars for the period from 1 July 2020 to 30 June 2021, inclusive of 937,711,700 dollars for the maintenance of the Mission, 53,600,600 dollars for the support account for peacekeeping operations, 9,035,200 dollars for the United Nations Logistics Base at Brindisi, Italy, and 6,080,700 dollars for the Regional Service Centre in Entebbe, Uganda;</p>
        </content>
      </paragraph>
      <paragraph eId="para_44" class="H23">
        <subheading>		Financing of the appropriation for the period from 1 July 2020 to 30 June 2021</subheading>
      </paragraph>
      <paragraph eId="para_45" class="SingleTxt">
        <num>	36.</num>
        <content eId="para_45__content">
          <p xml:space="preserve">
            <span class="italic">Decides</span> to apportion among Member States the amount of 377,410,600 dollars for the period from 1 July to 15 November 2020, in accordance with the levels updated in its resolution <a href="https://undocs.org/en/A/RES/73/272">73/272</a> of 22 December 2018, taking into account the scale of assessments for 2020, as set out in its resolution <a href="https://undocs.org/en/A/RES/73/271">73/271</a> of 22 December 2018;</p>
        </content>
      </paragraph>
      <paragraph eId="para_46" class="SingleTxt">
        <num>	37.</num>
        <content eId="para_46__content">
          <p xml:space="preserve">
            <span class="italic">Also decides</span> that, in accordance with the provisions of its resolution <a href="https://undocs.org/en/A/RES/973(X)">973 (X)</a> of 15 December 1955, there shall be set off against the apportionment among Member States, as provided for in paragraph 36 above, their respective share in the Tax Equalization Fund of 7,759,800 dollars, comprising the estimated staff assessment income of 5,575,600 dollars approved for the Mission, the prorated share of 1,615,500 dollars of the estimated staff assessment income approved for the support account, the prorated share of 330,000 dollars of the estimated staff assessment income approved for the United Nations Logistics Base and the prorated share of 238,700 dollars of the estimated staff assessment income approved for the Regional Service Centre;</p>
        </content>
      </paragraph>
      <paragraph eId="para_47" class="SingleTxt">
        <num>	38.</num>
        <content eId="para_47__content">
          <p xml:space="preserve">
            <span class="italic">Further decides</span> to apportion among Member States the amount of 629,017,600 dollars for the period from 16 November 2020 to 30 June 2021, at a monthly rate of 83,869,013 dollars, in accordance with the levels updated in its resolution <a href="https://undocs.org/en/A/RES/73/272">73/272</a>, taking into account the scale of assessments for 2020 and 2021, as set out in its resolution <a href="https://undocs.org/en/A/RES/73/271">73/271</a>, subject to a decision of the Security Council to extend the mandate of the Mission;</p>
        </content>
      </paragraph>
      <paragraph eId="para_48" class="SingleTxt">
        <num>	39.</num>
        <content eId="para_48__content">
          <p xml:space="preserve">
            <span class="italic">Decides</span> that, in accordance with the provisions of its resolution <a href="https://undocs.org/en/A/RES/973(X)">973 (X)</a>, there shall be set off against the apportionment among Member States, as provided for in paragraph 38 above, their respective share in the Tax Equalization Fund of 12,932,700 dollars, comprising the estimated staff assessment income of 9,292,700 dollars approved for the Mission, the prorated share of 2,692,500 dollars of the estimated staff assessment income approved for the support account, the prorated share of 549,900 dollars of the estimated staff assessment income approved for the United Nations Logistics Base and the prorated share of 397,600 dollars of the estimated staff assessment income approved for the Regional Service Centre;</p>
        </content>
      </paragraph>
      <paragraph eId="para_49" class="SingleTxt">
        <num>	40.</num>
        <content eId="para_49__content">
          <p xml:space="preserve">
            <span class="italic">Also decides</span> that, for Member States that have fulfilled their financial obligations to the Mission, there shall be set off against the apportionment, as provided for in paragraphs 36 and 38 above, their respective share of the unencumbered balance and other revenue in the amount of 54,982,000 dollars in respect of the financial period ended 30 June 2019, in accordance with the levels updated in its resolution <a href="https://undocs.org/en/A/RES/73/272">73/272</a>, taking into account the scale of assessments for 2019, as set out in its resolution <a href="https://undocs.org/en/A/RES/73/271">73/271</a>;</p>
        </content>
      </paragraph>
      <paragraph eId="para_50" class="SingleTxt">
        <num>	41.</num>
        <content eId="para_50__content">
          <p xml:space="preserve">
            <span class="italic">Further decides</span> that, for Member States that have not fulfilled their financial obligations to the Mission, there shall be set off against their outstanding obligations their respective share of the unencumbered balance and other revenue in the amount of 54,982,000 dollars, in respect of the financial period ended 30 June 2019, in accordance with the scheme set out in paragraph 40 above;</p>
        </content>
      </paragraph>
      <paragraph eId="para_51" class="SingleTxt">
        <num>	42.</num>
        <content eId="para_51__content">
          <p xml:space="preserve">
            <span class="italic">Decides</span> that the decrease of 895,700 dollars in the estimated staff assessment income in respect of the financial period ended 30 June 2019 shall be set off against the credits in the amount of 54,982,000 dollars referred to in paragraphs 40 and 41 above;</p>
        </content>
      </paragraph>
      <paragraph eId="para_52" class="SingleTxt">
        <num>	43.</num>
        <content eId="para_52__content">
          <p xml:space="preserve">
            <span class="italic">Encourages</span> the Secretary-General to continue to take additional measures to ensure the safety and security of all personnel participating in the Mission under the auspices of the United Nations, bearing in mind paragraphs 5 and 6 of Security Council resolution <a href="https://undocs.org/en/S/RES/1502(2003)">1502 (2003)</a> of 26 August 2003; </p>
        </content>
      </paragraph>
      <paragraph eId="para_53" class="SingleTxt">
        <num>	44.</num>
        <content eId="para_53__content">
          <p xml:space="preserve">
            <span class="italic">Invites</span> voluntary contributions to the Mission in cash and in the form of services and supplies acceptable to the Secretary-General, to be administered, as appropriate, in accordance with the procedure and practices established by the General Assembly;</p>
        </content>
      </paragraph>
      <paragraph eId="para_54" class="SingleTxt">
        <num>	45.</num>
        <content eId="para_54__content">
          <p xml:space="preserve">
            <span class="italic">Decides</span> to include in the provisional agenda of its seventy-fifth session the item entitled “Financing of the United Nations Multidimensional Integrated Stabilization Mission in the Central African Republic”. </p>
        </content>
      </paragraph>
    </mainBody>
    <conclusions eId="conclusions">
      <p>
        <docDate date="2020-06-30" refersTo="#adoptionDate">30 June 2020</docDate>
      </p>
    </conclusions>
  </statement>
</akomaNtoso>