<akomaNtoso xmlns:xsi="http://www.w3.org/2001/XMLSchema-instance" xsi:schemaLocation="http://docs.oasis-open.org/legaldocml/ns/akn/3.0 http://docs.oasis-open.org/legaldocml/akn-core/v1.0/os/part2-specs/schemas/akomantoso30.xsd" xmlns="http://docs.oasis-open.org/legaldocml/ns/akn/3.0" xmlns:html="http://www.w3.org/1999/xhtml" xmlns:akn4un="http://un.org/akn4un">
  <statement name="resolution">
    <meta>
      <identification source="#DGACM">
        <FRBRWork>
          <FRBRthis value="/akn/un/statement/deliberation/unga/2020-06-30/74-289/!main/"></FRBRthis>
          <FRBRuri value="/akn/un/statement/deliberation/unga/2020-06-30/74-289/"></FRBRuri>
          <FRBRdate date="2020-06-30" name="adoption"></FRBRdate>
          <FRBRauthor href="ga" as="author"></FRBRauthor>
          <FRBRcountry value="un"></FRBRcountry>
        </FRBRWork>
        <FRBRExpression>
          <FRBRthis value="/akn/un/statement/deliberation/unga/2020-06-30/74-289/eng@!main/"></FRBRthis>
          <FRBRuri value="/akn/un/statement/deliberation/unga/2020-06-30/74-289/eng@/"></FRBRuri>
          <FRBRdate date="2020-07-13" name="publication"></FRBRdate>
          <FRBRauthor href="ga" as="issuer"></FRBRauthor>
          <FRBRlanguage language="eng"></FRBRlanguage>
        </FRBRExpression>
        <FRBRManifestation>
          <FRBRthis value="/akn/un/statement/deliberation/unga/2020-06-30/74-289/eng@/!main.xml"></FRBRthis>
          <FRBRuri value="/akn/un/statement/deliberation/unga/2020-06-30/74-289/eng@.xml"></FRBRuri>
          <FRBRdate date="2020-10-04" name="markup"></FRBRdate>
          <FRBRauthor href="DGACM" as="editor"></FRBRauthor>
        </FRBRManifestation>
      </identification>
      <workflow source="#un">
        <step date="2020-06-27" outcome="draftResolution" as="A/C.5/74/L.44" by="submitted by the Chair of the Committee following informal consultations" />
        <step date="0001-01-01" outcome="draftResolutionAdditionalSponsors" by="" />
        <step date="0001-01-01" outcome="recommendedForAdoption" as="A/74/917" refersTo="6" by="" />
        <step date="2020-06-30" outcome="adopted" as="Adopted through silence procedure" by="" />
      </workflow>
      <analysis source="#un">
        <parliamentary>
          <voting outcome="adoptedWithoutVote">
            <quorum value=""></quorum>
          </voting>
        </parliamentary>
      </analysis>
      <references source="#DGACM">
        <TLCOrganization eId="source" href="/akn/ontology/organization/un/DGACM" showAs="DGACM"></TLCOrganization>
        <TLCConcept eId="dateOfIssuance" href="/akn/ontology/concept/un/dateOfIssuance" showAs="Date of issuance"></TLCConcept>
        <TLCConcept eId="dateOfAdoption" href="/akn/ontology/concept/un/dateOfAdoption" showAs="Date of adoption"></TLCConcept>
        <TLCConcept eId="symbol" href="/akn/ontology/reference/un/symbol" showAs="Symbol"></TLCConcept>
        <TLCRole eId="publisher" href="/akn/ontology/role/un/publisher" showAs="Publisher"></TLCRole>
        <TLCRole eId="issuingBody" href="/akn/role/concept/un/issuingBody" showAs="Issuing body"></TLCRole>
        <TLCRole eId="author" href="/akn/ontology/role/un/author" showAs="Author"></TLCRole>
        <TLCRole eId="editor" href="/akn/ontology/role/un/editor" showAs="Editor"></TLCRole>
        <TLCRole eId="distribution" href="/akn/ontology/concept/un/generalDistribution" showAs="General distribution"></TLCRole>
        <TLCOrganization eId="ga" href="/akn/ontology/organization/un/generalAssembly" showAs="General Assembly"></TLCOrganization>
        <TLCTerm eId="resolutionTitle" href="/akn/ontology/reference/un/resolutionTitle" showAs="Resolution title"></TLCTerm>
        <TLCTerm eId="fifthCommittee" href="#fifthCommittee" showAs="Fifth Committee"></TLCTerm>
        <TLCTerm eId="memberState" href="/akn/ontology/organization/un/memberState" showAs="Member State"></TLCTerm>
        <TLCTerm eId="inFavour" href="/akn/ontology/concept/un/voting/inFavour" showAs="In favour"></TLCTerm>
        <TLCTerm eId="against" href="/akn/ontology/concept/un/voting/against" showAs="Against"></TLCTerm>
        <TLCTerm eId="abstaining" href="/akn/ontology/concept/un/voting/abstaining" showAs="Abstaining"></TLCTerm>
      </references>
      <presentation source="#un">
        <akn4un:footerFirstPage>
          <akn4un:footerFirstPageLeft>
            <akn4un:internalCode>
              <docketNumber refersTo="#publicationJobNumber">20-08799 (E)</docketNumber>
              <img alt="bar code" class="barCode" src=""></img>
            </akn4un:internalCode>
          </akn4un:footerFirstPageLeft>
          <akn4un:footerFirstPageRight>
            <img alt="Please recycle" class="image" src="./recylcleLogo.jpg"></img>
            <img alt="embedded QR code" class="qrCode" src=""></img>
          </akn4un:footerFirstPageRight>
        </akn4un:footerFirstPage>
      </presentation>
    </meta>
    <coverPage eId="coverPage_1">
      <p>
        <span refersTo="#publisher" class="upperLeft">
          <docAuthority refersTo="#publisher">United Nations</docAuthority>
        </span>
      </p>
      <p class="upperRight">
        <docNumber refersTo="#symbol">A/RES/74/289</docNumber>
      </p>
      <p class="upperLeft">
        <img src="logo-un.jpg"></img>
        <docAuthority refersTo="#issuingBody" class="rightBig">General Assembly</docAuthority>
      </p>
      <p>
        <docStatus refersTo="#generalDistribution" class="rightSmall">Distr.: General</docStatus>
      </p>
      <p>
        <docDate date="2020-07-13" class="rightSmall" refersTo="#dateOfIssuance">13 July 2020</docDate>
      </p>
      <p>
        <session refersTo="#generalAssembly" value="74" eId="coverPage_1__session_1">Seventy-fourth session</session>
      </p>
      <p>
        <inline name="agenda item">Agenda item 158</inline>
      </p>
      <p>
        <inline name="agenda item name">Financing of the United Nations Mission in Liberia</inline>
      </p>
      <p>
        <docTitle>Resolution adopted by the General Assembly on 30 June 2020</docTitle>
      </p>
      <p xml:space="preserve">
        <docProponent refersTo="#fifthCommittee">[on the report of the Fifth Committee (<inline name="originating document">A/74/917</inline>)]</docProponent>
      </p>
    </coverPage>
    <preface>
      <p>
        <docNumber>74/289.</docNumber>
        <docTitle refersTo="#resolutionTitle">Financing of the United Nations Mission in Liberia</docTitle>
      </p>
    </preface>
    <preamble>
      <formula name="enactingFormula" eId="formula_1">
        <p xml:space="preserve">
          <span class="italic">The General Assembly</span>,</p>
      </formula>
      <container name="Having considered" eId="container_2">
        <p xml:space="preserve">
          <span class="italic">Having considered</span> the report of the Secretary-General on the financing of the United Nations Mission in Liberia<authorialNote marker="1" placement="bottom" eId="authorialNote_1"><p xml:space="preserve"><a href="https://undocs.org/en/A/74/726">A/74/726</a>.</p></authorialNote> and the related report of the Advisory Committee on Administrative and Budgetary Questions,<authorialNote marker="2" placement="bottom" eId="authorialNote_2"><p xml:space="preserve"><a href="https://undocs.org/en/A/74/828">A/74/828</a>.</p></authorialNote></p>
      </container>
      <container name="Recalling" eId="container_3">
        <p xml:space="preserve">
          <span class="italic">Recalling</span> Security Council resolution <a href="https://undocs.org/en/S/RES/1497(2003)">1497 (2003)</a> of 1 August 2003, by which the Council declared its readiness to establish a United Nations stabilization force to support the transitional government and to assist in the implementation of a comprehensive peace agreement in Liberia,</p>
      </container>
      <container name="Recalling also" eId="container_4">
        <p xml:space="preserve">
          <span class="italic">Recalling also</span> Security Council resolution <a href="https://undocs.org/en/S/RES/1509(2003)">1509 (2003)</a> of 19 September 2003, by which the Council established the United Nations Mission in Liberia for a period of 12 months, and the subsequent resolutions by which the Council extended the mandate of the Mission, the latest of which was resolution <a href="https://undocs.org/en/S/RES/2333(2016)">2333 (2016)</a> of 23 December 2016, by which the Council extended the mandate of the Mission for a final period until 30 March 2018 and requested the Secretary-General to complete by 30 April 2018 the withdrawal of all uniformed and civilian components, other than those required to complete the liquidation of the Mission,</p>
      </container>
      <container name="Recalling further" eId="container_5">
        <p xml:space="preserve">
          <span class="italic">Recalling further</span> its resolution <a href="https://undocs.org/en/A/RES/58/315">58/315</a> of 1 July 2004,</p>
      </container>
      <container name="Recalling" eId="container_6">
        <p xml:space="preserve">
          <span class="italic">Recalling</span> its resolution <a href="https://undocs.org/en/A/RES/58/261">58/261</a><a href="https://undocs.org/en/A/RES/58/261"> A</a> of 23 December 2003 on the financing of the Mission and its subsequent resolutions thereon, the latest of which was resolution <a href="https://undocs.org/en/A/RES/73/319">73/319</a> of 3 July 2019, as well as its decision 73/555 of 3 July 2019,</p>
      </container>
      <container name="Reaffirming" eId="container_7">
        <p xml:space="preserve">
          <span class="italic">Reaffirming</span> the general principles underlying the financing of United Nations peacekeeping operations, as stated in its resolutions <a href="https://undocs.org/en/A/RES/1874(S-IV)">1874 (S-IV)</a> of 27 June 1963, <a href="https://undocs.org/en/A/RES/3101(XXVIII)">3101 (XXVIII)</a> of 11 December 1973 and <a href="https://undocs.org/en/A/RES/55/235">55/235</a> of 23 December 2000,</p>
      </container>
    </preamble>
    <mainBody>
      <paragraph eId="para_8" class="SingleTxt">
        <num>	1.</num>
        <content eId="para_8__content">
          <p xml:space="preserve">
            <span class="italic">Takes note</span> of the status of contributions to the United Nations Mission in Liberia as at 30 April 2020, including the contributions outstanding in the amount of 9.1 million United States dollars, representing some 0.1 per cent of the total assessed contributions, notes with concern that only 161 Member States have paid their assessed contributions in full, and urges all other Member States, in particular those in arrears, to ensure payment of their outstanding assessed contributions;</p>
        </content>
      </paragraph>
      <paragraph eId="para_9" class="SingleTxt">
        <num>	2.</num>
        <content eId="para_9__content">
          <p xml:space="preserve">
            <span class="italic">Expresses its appreciation</span> to those Member States that have paid their assessed contributions in full, and urges all other Member States to make every possible effort to ensure payment of their assessed contributions to the Mission in full;</p>
        </content>
      </paragraph>
      <paragraph eId="para_10" class="SingleTxt">
        <num>	3.</num>
        <content eId="para_10__content">
          <p xml:space="preserve">
            <span class="italic">Endorses</span> the conclusions and recommendations contained in the report of the Advisory Committee on Administrative and Budgetary Questions,<sup>2</sup> and requests the Secretary-General to ensure their full implementation;</p>
        </content>
      </paragraph>
      <paragraph eId="para_11" class="H23">
        <subheading>		Final disposition of the assets of the United Nations Mission in Liberia</subheading>
      </paragraph>
      <paragraph eId="para_12" class="SingleTxt">
        <num>	4.</num>
        <content eId="para_12__content">
          <p xml:space="preserve">
            <span class="italic">Takes note</span> of the report of the Secretary-General on the final disposition of the assets of the United Nations Mission in Liberia;<sup>1</sup></p>
        </content>
      </paragraph>
      <paragraph eId="para_13" class="SingleTxt">
        <num>	5.</num>
        <content eId="para_13__content">
          <p xml:space="preserve">
            <span class="italic">Requests</span> the Secretary-General to continue his efforts to identify and address on time and in full all the residual activities, including unforeseen liabilities identified after the closure of the Mission, and stresses the importance of raising the awareness of contractors regarding the settlement of any residual claims;</p>
        </content>
      </paragraph>
      <paragraph eId="para_14" class="SingleTxt">
        <num>	6.</num>
        <content eId="para_14__content">
          <p xml:space="preserve">
            <span class="italic">Welcomes</span> the effort of the Secretary-General to reduce the overall environmental footprint of the Mission, in cooperation with Liberian authorities, and stresses the necessity to further ensure that all relevant measures are taken in line with the respective regulations and rules in order to ensure an environmentally responsible closure of the Mission;</p>
        </content>
      </paragraph>
      <paragraph eId="para_15" class="SingleTxt">
        <num>	7.</num>
        <content eId="para_15__content">
          <p xml:space="preserve">
            <span class="italic">Decides</span> to include in the provisional agenda of its seventy-fifth session the item entitled “Financing of the United Nations Mission in Liberia”.</p>
        </content>
      </paragraph>
    </mainBody>
    <conclusions eId="conclusions">
      <p>
        <docDate date="2020-06-30" refersTo="#adoptionDate">30 June 2020</docDate>
      </p>
    </conclusions>
  </statement>
</akomaNtoso>