<akomaNtoso xmlns:xsi="http://www.w3.org/2001/XMLSchema-instance" xsi:schemaLocation="http://docs.oasis-open.org/legaldocml/ns/akn/3.0 http://docs.oasis-open.org/legaldocml/akn-core/v1.0/os/part2-specs/schemas/akomantoso30.xsd" xmlns="http://docs.oasis-open.org/legaldocml/ns/akn/3.0" xmlns:html="http://www.w3.org/1999/xhtml" xmlns:akn4un="http://un.org/akn4un">
  <statement name="resolution">
    <meta>
      <identification source="#DGACM">
        <FRBRWork>
          <FRBRthis value="/akn/un/statement/deliberation/unga/2019-12-19/74-225/!main/"></FRBRthis>
          <FRBRuri value="/akn/un/statement/deliberation/unga/2019-12-19/74-225/"></FRBRuri>
          <FRBRdate date="2019-12-19" name="adoption"></FRBRdate>
          <FRBRauthor href="ga" as="author"></FRBRauthor>
          <FRBRcountry value="un"></FRBRcountry>
        </FRBRWork>
        <FRBRExpression>
          <FRBRthis value="/akn/un/statement/deliberation/unga/2019-12-19/74-225/eng@!main/"></FRBRthis>
          <FRBRuri value="/akn/un/statement/deliberation/unga/2019-12-19/74-225/eng@/"></FRBRuri>
          <FRBRdate date="2020-01-21" name="publication"></FRBRdate>
          <FRBRauthor href="ga" as="issuer"></FRBRauthor>
          <FRBRlanguage language="eng"></FRBRlanguage>
        </FRBRExpression>
        <FRBRManifestation>
          <FRBRthis value="/akn/un/statement/deliberation/unga/2019-12-19/74-225/eng@/!main.xml"></FRBRthis>
          <FRBRuri value="/akn/un/statement/deliberation/unga/2019-12-19/74-225/eng@.xml"></FRBRuri>
          <FRBRdate date="2020-07-31" name="markup"></FRBRdate>
          <FRBRauthor href="DGACM" as="editor"></FRBRauthor>
        </FRBRManifestation>
      </identification>
      <classification source="http://metadata.un.org/sdg">
        <keyword value="7" href="http://metadata.un.org/sdg/7" showAs="sdg_7" dictionary="SDGO"></keyword>
        <keyword value="66_energy" href="http://eurovoc.europa.eu/100159" showAs="66_energy" dictionary="EuroVoc"></keyword>
        <keyword value="energy_market" href="http://eurovoc.europa.eu/4886" showAs="energy_market" dictionary="EuroVoc"></keyword>
        <keyword value="sustainable_energy" href="http://metadata.un.org/thesaurus/1006320" showAs="sustainable_energy" dictionary="UNBIS Thesaurus"></keyword>
      </classification>
      <classification source="http://metadata.un.org/sdg">
        <keyword value="17" href="http://metadata.un.org/sdg/17" showAs="sdg_17" dictionary="SDGO"></keyword>
        <keyword value="sustainable_development" href="http://eurovoc.europa.eu/5585" showAs="sustainable_development" dictionary="EuroVoc"></keyword>
        <keyword value="partnership" href="http://eurovoc.europa.eu/4199" showAs="partnership" dictionary="EuroVoc"></keyword>
        <keyword value="sustainable_development" href="http://metadata.un.org/thesaurus/1006319" showAs="sustainable_development" dictionary="UNBIS Thesaurus"></keyword>
        <keyword value="partnership" href="http://metadata.un.org/thesaurus/1004748" showAs="partnership" dictionary="UNBIS Thesaurus"></keyword>
      </classification>
      <classification source="http://metadata.un.org/sdg">
        <keyword value="12" href="http://metadata.un.org/sdg/12" showAs="sdg_12" dictionary="SDGO"></keyword>
        <keyword value="consumption" href="http://eurovoc.europa.eu/139" showAs="consumption" dictionary="EuroVoc"></keyword>
        <keyword value="production" href="http://eurovoc.europa.eu/2707" showAs="production" dictionary="EuroVoc"></keyword>
        <keyword value="sustainable_consumption" href="http://metadata.un.org/thesaurus/1006318" showAs="sustainable_consumption" dictionary="UNBIS Thesaurus"></keyword>
        <keyword value="consumption" href="http://metadata.un.org/thesaurus/1001264" showAs="consumption" dictionary="UNBIS Thesaurus"></keyword>
        <keyword value="production" href="http://metadata.un.org/thesaurus/1005146" showAs="production" dictionary="UNBIS Thesaurus"></keyword>
      </classification>
      <workflow source="#un">
        <step date="2019-11-21" outcome="draftResolution" as="A/C.2/74/L.71" by="submitted by the Vice-Chair of the Committee" />
        <step date="0001-01-01" outcome="draftResolutionAdditionalSponsors" by="" />
        <step date="0001-01-01" outcome="recommendedForAdoption" as="A/74/381/Add.10" by="" refersTo="8" />
        <step date="2019-12-19" outcome="adopted" as="A/74/PV.52" by="" />
      </workflow>
      <analysis source="#un">
        <parliamentary>
          <voting outcome="adoptedWithoutVote">
            <quorum value=""></quorum>
          </voting>
        </parliamentary>
      </analysis>
      <references source="#DGACM">
        <TLCOrganization eId="source" href="/akn/ontology/organization/un/DGACM" showAs="DGACM"></TLCOrganization>
        <TLCConcept eId="dateOfIssuance" href="/akn/ontology/concept/un/dateOfIssuance" showAs="Date of issuance"></TLCConcept>
        <TLCConcept eId="dateOfAdoption" href="/akn/ontology/concept/un/dateOfAdoption" showAs="Date of adoption"></TLCConcept>
        <TLCConcept eId="symbol" href="/akn/ontology/reference/un/symbol" showAs="Symbol"></TLCConcept>
        <TLCRole eId="publisher" href="/akn/ontology/role/un/publisher" showAs="Publisher"></TLCRole>
        <TLCRole eId="issuingBody" href="/akn/role/concept/un/issuingBody" showAs="Issuing body"></TLCRole>
        <TLCRole eId="author" href="/akn/ontology/role/un/author" showAs="Author"></TLCRole>
        <TLCRole eId="editor" href="/akn/ontology/role/un/editor" showAs="Editor"></TLCRole>
        <TLCRole eId="distribution" href="/akn/ontology/concept/un/generalDistribution" showAs="General distribution"></TLCRole>
        <TLCOrganization eId="ga" href="/akn/ontology/organization/un/generalAssembly" showAs="General Assembly"></TLCOrganization>
        <TLCTerm eId="resolutionTitle" href="/akn/ontology/reference/un/resolutionTitle" showAs="Resolution title"></TLCTerm>
        <TLCTerm eId="secondCommittee" href="#secondCommittee" showAs="Second Committee"></TLCTerm>
        <TLCTerm eId="memberState" href="/akn/ontology/organization/un/memberState" showAs="Member State"></TLCTerm>
        <TLCTerm eId="inFavour" href="/akn/ontology/concept/un/voting/inFavour" showAs="In favour"></TLCTerm>
        <TLCTerm eId="against" href="/akn/ontology/concept/un/voting/against" showAs="Against"></TLCTerm>
        <TLCTerm eId="abstaining" href="/akn/ontology/concept/un/voting/abstaining" showAs="Abstaining"></TLCTerm>
      </references>
      <presentation source="#un">
        <akn4un:footerFirstPage>
          <akn4un:footerFirstPageLeft>
            <akn4un:internalCode>
              <docketNumber refersTo="#publicationJobNumber">19-22494 (E)</docketNumber>
              <img alt="bar code" class="barCode" src=""></img>
            </akn4un:internalCode>
          </akn4un:footerFirstPageLeft>
          <akn4un:footerFirstPageRight>
            <img alt="Please recycle" class="image" src="./recylcleLogo.jpg"></img>
            <img alt="embedded QR code" class="qrCode" src=""></img>
          </akn4un:footerFirstPageRight>
        </akn4un:footerFirstPage>
      </presentation>
    </meta>
    <coverPage eId="coverPage_1">
      <p>
        <span refersTo="#publisher" class="upperLeft">
          <docAuthority refersTo="#publisher">United Nations</docAuthority>
        </span>
      </p>
      <p class="upperRight">
        <docNumber refersTo="#symbol">A/RES/74/225</docNumber>
      </p>
      <p class="upperLeft">
        <img src="logo-un.jpg"></img>
        <docAuthority refersTo="#issuingBody" class="rightBig">General Assembly</docAuthority>
      </p>
      <p>
        <docStatus refersTo="#generalDistribution" class="rightSmall">Distr.: General</docStatus>
      </p>
      <p>
        <docDate date="2020-01-21" class="rightSmall" refersTo="#dateOfIssuance">21 January 2020</docDate>
      </p>
      <p>
        <session refersTo="#generalAssembly" value="74" eId="coverPage_1__session_1">Seventy-fourth session</session>
      </p>
      <p>
        <inline name="agenda item">Agenda item 19 (j)</inline>
      </p>
      <p>
        <inline name="agenda item name">Sustainable development: ensuring access to affordable, reliable, sustainable and modern energy for all</inline>
      </p>
      <p>
        <docTitle>Resolution adopted by the General Assembly on 19 December 2019</docTitle>
      </p>
      <p xml:space="preserve">
        <docProponent refersTo="#secondCommittee">[on the report of the Second Committee (<inline name="originating document">A/74/381/Add.10</inline>)]</docProponent>
      </p>
    </coverPage>
    <preface>
      <p>
        <docNumber>74/225.</docNumber>
        <docTitle refersTo="#resolutionTitle">Ensuring access to affordable, reliable, sustainable and modern energy for all</docTitle>
      </p>
    </preface>
    <preamble>
      <formula name="enactingFormula" eId="formula_1">
        <p xml:space="preserve">
          <span class="italic">The General Assembly</span>,</p>
      </formula>
      <container name="Recalling" eId="container_2">
        <p xml:space="preserve">
          <span class="italic">Recalling</span> its resolutions <a href="https://undocs.org/A/RES/53/7">53/7</a> of 16 October 1998, <a href="https://undocs.org/A/RES/54/215">54/215</a> of 22 December 1999, <a href="https://undocs.org/A/RES/55/205">55/205</a> of 20 December 2000, <a href="https://undocs.org/A/RES/56/200">56/200</a> of 21 December 2001, <a href="https://undocs.org/A/RES/58/210">58/210</a> of 23 December 2003, <a href="https://undocs.org/A/RES/60/199">60/199</a> of 22 December 2005, <a href="https://undocs.org/A/RES/62/197">62/197</a> of 19 December 2007, <a href="https://undocs.org/A/RES/64/206">64/206</a> of 21 December 2009, <a href="https://undocs.org/A/RES/66/206">66/206</a> of 22 December 2011, <a href="https://undocs.org/A/RES/69/225">69/225</a> of 19 December 2014, <a href="https://undocs.org/A/RES/70/201">70/201</a> of 22 December 2015, <a href="https://undocs.org/A/RES/71/233">71/233</a> of 21 December 2016, <a href="https://undocs.org/A/RES/72/224">72/224</a> of 20 December 2017 and <a href="https://undocs.org/A/RES/73/236">73/236</a> of 20 December 2018, as well as its resolutions <a href="https://undocs.org/A/RES/65/151">65/151</a> of 20 December 2010 on the International Year of Sustainable Energy for All and <a href="https://undocs.org/A/RES/67/215">67/215</a> of 21 December 2012, in which it decided to declare 2014–2024 the United Nations Decade of Sustainable Energy for All, </p>
      </container>
      <container name="Reaffirming" eId="container_3">
        <p xml:space="preserve">
          <span class="italic">Reaffirming</span> its resolution <a href="https://undocs.org/A/RES/70/1">70/1</a> of 25 September 2015, entitled “Transforming our world: the 2030 Agenda for Sustainable Development”, in which it adopted a comprehensive, far-reaching and people-centred set of universal and transformative Sustainable Development Goals and targets, its commitment to working tirelessly for the full implementation of the Agenda by 2030, its recognition that eradicating poverty in all its forms and dimensions, including extreme poverty, is the greatest global challenge and an indispensable requirement for sustainable development, its commitment to achieving sustainable development in its three dimensions – economic, social and environmental – in a balanced and integrated manner, and to building upon the achievements of the Millennium Development Goals and seeking to address their unfinished business,</p>
      </container>
      <container name="Reaffirming also" eId="container_4">
        <p xml:space="preserve">
          <span class="italic">Reaffirming also</span> its resolution <a href="https://undocs.org/A/RES/69/313">69/313</a> of 27 July 2015 on the Addis Ababa Action Agenda of the Third International Conference on Financing for Development, which is an integral part of the 2030 Agenda for Sustainable Development, supports and complements it, helps to contextualize its means of implementation targets with concrete policies and actions, and reaffirms the strong political commitment to address the challenge of financing and creating an enabling environment at all levels for sustainable development in the spirit of global partnership and solidarity, </p>
      </container>
      <container name="Reaffirming further" eId="container_5">
        <p xml:space="preserve">
          <span class="italic">Reaffirming further</span> the Paris Agreement<authorialNote marker="1" placement="bottom" eId="authorialNote_1"><p xml:space="preserve">		Adopted under the UNFCCC in <a href="https://undocs.org/en/FCCC/CP/2015/10/Add.1">FCCC/CP/2015/10/Add.1</a>, decision 1/CP.21.</p></authorialNote> and its early entry into force, and encouraging all its parties to fully implement the Agreement and parties to the United Nations Framework Convention on Climate Change<authorialNote marker="2" placement="bottom" eId="authorialNote_2"><p xml:space="preserve">		United Nations, <span class="italic">Treaty Series</span>, vol. 1771, No. 30822.</p></authorialNote> that have not yet done so to deposit their instruments of ratification, acceptance, approval or accession, where appropriate, as soon as possible, </p>
      </container>
      <container name="Welcoming" eId="container_6">
        <p xml:space="preserve">
          <span class="italic">Welcoming</span> the 2019 Climate Action Summit convened by the Secretary-General on 23 September, and taking note of the multi-partner initiatives and commitments presented during the Summit, </p>
      </container>
      <container name="Highlighting" eId="container_7">
        <p xml:space="preserve">
          <span class="italic">Highlighting</span> the synergies between the 2030 Agenda for Sustainable Development and the Paris Agreement, </p>
      </container>
      <container name="Expressing concern" eId="container_8">
        <p xml:space="preserve">
          <span class="italic">Expressing concern</span> that, at current rates of progress, none of the global energy targets of the Sustainable Development Goals will be achieved by 2030, </p>
      </container>
      <container name="Recalling" eId="container_9">
        <p xml:space="preserve">
          <span class="italic">Recalling</span> its resolution <a href="https://undocs.org/A/RES/55/2">55/2</a> of 8 September 2000, by which it adopted the United Nations Millennium Declaration, the 2005 World Summit Outcome<authorialNote marker="3" placement="bottom" eId="authorialNote_3"><p xml:space="preserve">		Resolution <a href="https://undocs.org/en/A/RES/60/1">60/1</a>.</p></authorialNote> and the outcome document of the high-level plenary meeting of the General Assembly on the Millennium Development Goals,<authorialNote marker="4" placement="bottom" eId="authorialNote_4"><p xml:space="preserve">		Resolution <a href="https://undocs.org/en/A/RES/65/1">65/1</a>.</p></authorialNote></p>
      </container>
      <container name="Reaffirming" eId="container_10">
        <p xml:space="preserve">
          <span class="italic">Reaffirming</span> the Rio Declaration on Environment and Development<authorialNote marker="5" placement="bottom" eId="authorialNote_5"><p xml:space="preserve"><span class="italic">Report of the United Nations Conference on Environment and Development, Rio de Janeiro, 3−14 June 1992</span>, vol. I, <span class="italic">Resolutions Adopted by the Conference</span> (United Nations publication, Sales No. E.93.I.8 and corrigendum), resolution 1, annex I.</p></authorialNote> and Agenda 21<authorialNote marker="6" placement="bottom" eId="authorialNote_6"><p xml:space="preserve">		Ibid., annex II.</p></authorialNote> and the principles set out therein, and recalling the recommendations and conclusions contained in the Plan of Implementation of the World Summit on Sustainable Development (Johannesburg Plan of Implementation)<authorialNote marker="7" placement="bottom" eId="authorialNote_7"><p xml:space="preserve"><span class="italic">Report of the World Summit on Sustainable Development, Johannesburg, South Africa, 26 August–4 September 2002</span> (United Nations publication, Sales No. E.03.II.A.1 and corrigendum), chap. I, resolution 2, annex.</p></authorialNote> and the outcome documents of the United Nations Conference on Sustainable Development, entitled “The future we want”,<authorialNote marker="8" placement="bottom" eId="authorialNote_8"><p xml:space="preserve">		Resolution <a href="https://undocs.org/en/A/RES/66/288">66/288</a>, annex.</p></authorialNote> the third International Conference on Small Island Developing States, entitled “SIDS Accelerated Modalities of Action (SAMOA) Pathway”,<authorialNote marker="9" placement="bottom" eId="authorialNote_9"><p xml:space="preserve">		Resolution <a href="https://undocs.org/en/A/RES/69/15">69/15</a>, annex.</p></authorialNote> the second United Nations Conference on Landlocked Developing Countries, entitled “Vienna Programme of Action for Landlocked Developing Countries for the Decade 2014–2024”,<authorialNote marker="10" placement="bottom" eId="authorialNote_10"><p xml:space="preserve">		Resolution <a href="https://undocs.org/en/A/RES/69/137">69/137</a>, annex II.</p></authorialNote> and the Fourth United Nations Conference on the Least Developed Countries, entitled “Istanbul Programme of Action for the Least Developed Countries for the Decade 2011–2020”,<authorialNote marker="11" placement="bottom" eId="authorialNote_11"><p xml:space="preserve"><span class="italic">Report of the Fourth United Nations Conference on the Least Developed Countries, Istanbul, Turkey, 9–13 May 2011</span> (<a href="https://undocs.org/en/A/CONF.219/7">A/CONF.219/7</a>), chap. II.</p></authorialNote></p>
      </container>
      <container name="Reaffirming also" eId="container_11">
        <p xml:space="preserve">
          <span class="italic">Reaffirming also</span> the New Urban Agenda, adopted at the United Nations Conference on Housing and Sustainable Urban Development (Habitat III), held in Quito from 17 to 20 October 2016,<authorialNote marker="12" placement="bottom" eId="authorialNote_12"><p xml:space="preserve">		Resolution <a href="https://undocs.org/en/A/RES/71/256">71/256</a>, annex.</p></authorialNote> which underlines, inter alia, the importance of energy for cities, </p>
      </container>
      <container name="Reaffirming further" eId="container_12">
        <p xml:space="preserve">
          <span class="italic">Reaffirming further</span> that each country must take primary responsibility for its own development and that the role of national policies and development strategies cannot be overemphasized in the achievement of sustainable development, and recognizing the need for the creation of an enabling environment at all levels and across all sectors for the achievement of sustainable development, </p>
      </container>
      <container name="Reaffirming " eId="container_13">
        <p xml:space="preserve">
          <span class="italic">Reaffirming </span>the sovereign rights of countries over their energy resources and their right to define appropriate policies for the production and use of energy, recognizing that the 2030 Agenda for Sustainable Development shall be implemented for the full benefit of all, for today’s generation and for future generations, </p>
      </container>
      <container name="Emphasizing" eId="container_14">
        <p xml:space="preserve">
          <span class="italic">Emphasizing</span> that universal access to affordable, reliable, sustainable and modern energy for all is an integral part of poverty eradication and the achievement of the 2030 Agenda for Sustainable Development, and that the increased use and promotion of new and renewable energy, including in off-grid and decentralized systems, and energy efficiency could make a significant contribution in that regard, </p>
      </container>
      <container name="Deeply concerned" eId="container_15">
        <p xml:space="preserve">
          <span class="italic">Deeply concerned</span> that nearly 3 billion people in developing countries, especially in rural areas, rely on traditional biomass, coal and kerosene for cooking and heating, with disproportionate health and workload impacts on women, children and people in vulnerable situations, including an estimated 4 million premature deaths annually, that, while the global population without access to electricity fell below 1 billion, close to 840 million people are still without access to electricity, that reliability and affordability remain challenges in many countries, even as the number of household connections increases, that Africa accounts for more than half of both access figures and that, even when energy services are available, millions of poor people are unable to pay for them,</p>
      </container>
      <container name="Noting with concern" eId="container_16">
        <p xml:space="preserve">
          <span class="italic">Noting with concern</span> that energy represents less than 1 per cent of overall United Nations expenditure on the Sustainable Development Goals, despite its critical importance also in achieving other goals, </p>
      </container>
      <container name="Emphasizing" eId="container_17">
        <p xml:space="preserve">
          <span class="italic">Emphasizing</span> the critical socioeconomic benefits of affordable, reliable, sustainable and modern energy and the need to reframe the understanding of energy from a technical unit to a requirement for basic social services, including health care, economic development and poverty eradication, </p>
      </container>
      <container name="Highlighting" eId="container_18">
        <p xml:space="preserve">
          <span class="italic">Highlighting</span> the importance of the empowerment of developing countries to achieve universal access through the rapid expansion of affordable, reliable, sustainable and modern energy worldwide, </p>
      </container>
      <container name="Highlighting also" eId="container_19">
        <p xml:space="preserve">
          <span class="italic">Highlighting also</span> the significant efforts made in developing countries that contributed to an increase in the global electrification rate to 89 per cent in 2017, and stressing the need to further close the electrification gap in many difficult-to-reach populations, in particular in sub-Saharan Africa, </p>
      </container>
      <container name="Recognizing" eId="container_20">
        <p xml:space="preserve">
          <span class="italic">Recognizing</span> that each country has primary responsibility for its own economic and social development and that this will include the mobilization of financial resources, as well as capacity-building and the transfer of environmentally sound technologies to developing countries on mutually agreed terms, including concessional and preferential terms, </p>
      </container>
      <container name="Welcoming" eId="container_21">
        <p xml:space="preserve">
          <span class="italic">Welcoming</span> the increase in the share of renewable energy as a part of total final energy consumption in 2016 at the fastest rate since 2012 and the significant reductions in the cost of renewable energy, the sector’s net positive job contributions and the rapid expansion of renewable energy capacity additions, which are now greater than those of other resources in the electricity sector, and noting that the levelized cost of solar and wind energy in many regions of the world is fully competitive with traditional energy resources, </p>
      </container>
      <container name="Noting with appreciation" eId="container_22">
        <p xml:space="preserve">
          <span class="italic">Noting with appreciation</span> the work of the International Renewable Energy Agency, which facilitates the widespread and increased adoption and sustainable use of all forms of renewable energy,</p>
      </container>
      <container name="Taking note" eId="container_23">
        <p xml:space="preserve">
          <span class="italic">Taking note</span> of the work of multi-stakeholder partnerships, including Sustainable Energy for All, which has given strong momentum to the promotion of renewable energy and energy efficiency, the initiatives of the Global Climate Action Agenda, the Small Island Developing States Lighthouses Initiative, SIDS DOCK, the International Partnership for Energy Efficiency Cooperation and others that can contribute to reaching the objective of ensuring access to affordable, reliable, sustainable and modern energy for all, </p>
      </container>
      <container name="Noting with appreciation" eId="container_24">
        <p xml:space="preserve">
          <span class="italic">Noting with appreciation</span> that the transformation of the world’s energy systems is being accelerated by advances in technology, rapid declines in the cost of renewable energy, the deployment of least-cost decentralized solutions, policy support, new business models and the sharing of best practices, welcoming the establishment of the International Solar Alliance as an international organization, and noting the continuing work of the International Renewable Energy Agency, </p>
      </container>
      <container name="Stressing" eId="container_25">
        <p xml:space="preserve">
          <span class="italic">Stressing</span> the need for a coherent, integrated approach to energy issues and the promotion of synergies across the global energy agenda, with a focus on eradicating poverty and achieving the Sustainable Development Goals, </p>
      </container>
      <container name="&#x9;Reiterating" eId="container_26">
        <p xml:space="preserve">
          <span class="italic">	Reiterating</span> the pledge that no one will be left behind, reaffirming the recognition that the dignity of the human person is fundamental, and the wish to see the Goals and targets met for all nations and peoples and for all segments of society, and recommitting to endeavour to reach the furthest behind first, </p>
      </container>
      <container name="Noting " eId="container_27">
        <p xml:space="preserve">
          <span class="italic">Noting </span>that, in the transition to affordable, reliable, sustainable and modern energy for all, and to achieve universal access by 2030, the substitution of inefficient fuels with liquid petroleum gas or other sustainable household fuels, while recognizing the need to increase the share of renewable energy, could be appropriate in urban areas to significantly reduce negative health impacts if used as a cooking source, and contribute to decreased greenhouse gas emissions and to achieving the goals of the Paris Agreement, </p>
      </container>
    </preamble>
    <mainBody>
      <paragraph eId="para_28" class="MercuryDocument">
        <num>	1.</num>
        <content eId="para_28__content">
          <p xml:space="preserve">
            <span class="italic">Takes note</span> of the report of the Secretary-General on ensuring access to affordable, reliable, sustainable and modern energy for all;<authorialNote marker="13" placement="bottom" eId="authorialNote_13"><p xml:space="preserve"><a href="https://undocs.org/en/A/74/265">A/74/265</a>.</p></authorialNote></p>
        </content>
      </paragraph>
      <paragraph eId="para_29" class="MercuryDocument">
        <num>	2.</num>
        <content eId="para_29__content">
          <p xml:space="preserve">
            <span class="italic">Also takes note</span> of the role and activities of the International Renewable Energy Agency, encouraging the Agency to continue to support its members in the achievement of their renewable energy objectives, as well as the contributions of the International Solar Alliance, and encouraging its work to collectively address key common challenges to the scaling-up of solar energy, as well as the contributions of other international and regional organizations and forums to the global energy agenda; </p>
        </content>
      </paragraph>
      <paragraph eId="para_30" class="MercuryDocument">
        <num>	3.</num>
        <content eId="para_30__content">
          <p xml:space="preserve">
            <span class="italic">Welcomes</span> the significant progress recorded with regard to several targets of Sustainable Development Goal 7;<authorialNote marker="14" placement="bottom" eId="authorialNote_14"><p xml:space="preserve">		See resolution <a href="https://undocs.org/en/A/RES/70/1">70/1</a>.</p></authorialNote></p>
        </content>
      </paragraph>
      <paragraph eId="para_31" class="MercuryDocument">
        <num>	4.</num>
        <content eId="para_31__content">
          <p xml:space="preserve">
            <span class="italic">Strongly encourages</span> Governments and other relevant stakeholders to take actions to achieve universal access to affordable, reliable, sustainable and modern energy, increase the global share of new and renewable energy, improve the inclusion of developing countries in energy sector cooperation, where relevant, and increase the rate of improvement in energy efficiency for a clean, low-emission, low-carbon climate-resilient, safe, efficient, modern, affordable and sustainable energy system, given the systemic sustainable development benefits, while taking into consideration the diversity of national situations, priorities, policies, specific needs and challenges and capacities of developing countries, including their energy mix and energy systems; </p>
        </content>
      </paragraph>
      <paragraph eId="para_32" class="MercuryDocument">
        <num>	5.</num>
        <content eId="para_32__content">
          <p xml:space="preserve">
            <span class="italic">Calls for</span> ensuring access to affordable, reliable, sustainable and modern energy for all, as such services are an integral part of poverty eradication measures, human dignity, quality of life, economic opportunity, the combating of inequality, the promotion of health and the prevention of morbidity and mortality, access to education, safe drinking water and sanitation, food security, disaster risk reduction and resilience, climate change mitigation and adaptation, environmental impact reduction, social inclusion and gender equality, including for persons affected by humanitarian emergencies; </p>
        </content>
      </paragraph>
      <paragraph eId="para_33" class="MercuryDocument">
        <num>	6.</num>
        <content eId="para_33__content">
          <p xml:space="preserve">
            <span class="italic">Underscores</span> the importance of access to cleaner and more efficient and sustainable cooking and heating methods, welcomes ongoing efforts, and in this regard calls for the promotion of an enabling environment at the national and international levels for the increased usage of sustainable, cleaner and more efficient cooking and heating methods in all countries, in particular developing countries; </p>
        </content>
      </paragraph>
      <paragraph eId="para_34" class="MercuryDocument">
        <num>	7.</num>
        <content eId="para_34__content">
          <p xml:space="preserve">
            <span class="italic">Encourages</span> Governments, the United Nations system and relevant stakeholders to leverage the cost-competitiveness of renewable energy, especially in off-grid areas, in order to achieve universal energy access, such as by establishing policy frameworks for metering and payment systems, requiring cost comparisons between grid extension and off-grid solutions, facilitating investment by domestic and foreign banks and educating students, communities, investors and entrepreneurs on renewable energy, energy efficiency and conservation, among other activities, where feasible and appropriate; </p>
        </content>
      </paragraph>
      <paragraph eId="para_35" class="MercuryDocument">
        <num>	8.</num>
        <content eId="para_35__content">
          <p xml:space="preserve">
            <span class="italic">Recognizes </span>the key role that natural gas currently plays in many countries and its potential to expand significantly over the coming decades to meet demand in some countries as well as in new sectors, such as the transportation sector, supporting transitions towards lower-emission energy systems, and calls upon Governments to enhance energy security through the sharing of best practices and knowledge for the security of gas supply and demand; </p>
        </content>
      </paragraph>
      <paragraph eId="para_36" class="MercuryDocument">
        <num>	9.</num>
        <content eId="para_36__content">
          <p xml:space="preserve">
            <span class="italic">Supports</span> energy access in accordance with the national needs of developing countries, in particular the least developed countries and small island developing States, to tackle their energy access challenges by identifying the specific needs of each country by mobilizing technical and financial assistance and tools to deploy affordable, reliable, sustainable and modern energy solutions to tackle the energy access deficit; </p>
        </content>
      </paragraph>
      <paragraph eId="para_37" class="MercuryDocument">
        <num>	10.</num>
        <content eId="para_37__content">
          <p xml:space="preserve">
            <span class="italic">Calls upon</span> Governments to expand the use of renewable energy beyond the power sector, taking into account national priorities and constraints, to industry, heating and cooling, construction and infrastructure and, in particular, the transport sector, including through sustainable sector coupling and sustainable and modern bioenergy, in the context of sustainable development, including climate change, and calls for supportive policy initiatives and investments at the national and international levels; </p>
        </content>
      </paragraph>
      <paragraph eId="para_38" class="MercuryDocument">
        <num>	11.</num>
        <content eId="para_38__content">
          <p xml:space="preserve">
            <span class="italic">Recognizes</span> that current global progress in improving energy efficiency falls well below the pace necessary to double the global rate of improvement in energy efficiency by 2030, and encourages, in accordance with national laws and regulations, the promotion of widespread energy efficiency initiatives in all economic sectors, the adoption and updating of building performance codes and standards, energy efficiency labelling, the promotion of energy management systems, the retrofitting of existing buildings and public procurement policies on energy, among other modalities, as appropriate, as well as the prioritization of smart grid systems, district energy systems and community energy plans to improve synergies among clean and effective use of traditional resources, renewable energy and energy efficiency, which aim to promote the interconnectivity of clean and renewable energy infrastructure and improve energy efficiency; </p>
        </content>
      </paragraph>
      <paragraph eId="para_39" class="MercuryDocument">
        <num>	12.</num>
        <content eId="para_39__content">
          <p xml:space="preserve">
            <span class="italic">Calls for</span> strengthened cooperation at the regional level to promote innovation and facilitate financing, support regional cross-border power grid connectivity, as appropriate, to advance economic integration and sustainable development and share best practices that are responsive to regional needs with regard to Sustainable Development Goal 7 and its interlinkages with the other Sustainable Development Goals, and in this regard encourages Governments to reinforce their energy interconnections, connecting regional energy markets and increasing energy security at the global level; </p>
        </content>
      </paragraph>
      <paragraph eId="para_40" class="MercuryDocument">
        <num>	13.</num>
        <content eId="para_40__content">
          <p xml:space="preserve">
            <span class="italic">Calls upon</span> Governments, as well as relevant international and regional organizations and other relevant stakeholders, to combine, as appropriate, the increased use of new and renewable energy resources, more efficient use of energy, greater reliance on advanced energy technologies, including cleaner fossil fuel technologies, and the sustainable use of traditional energy resources; </p>
        </content>
      </paragraph>
      <paragraph eId="para_41" class="MercuryDocument">
        <num>	14.</num>
        <content eId="para_41__content">
          <p xml:space="preserve">
            <span class="italic">Encourages</span> Governments, relevant international and regional organizations and other relevant stakeholders to promote investments in developing sustainable, reliable, modern, inclusive and equitable energy systems, including, inter alia, by strengthening energy systems through cross-border grid connections, as appropriate, and to consider incorporating decentralized renewable energy solutions in energy planning, as appropriate, and recognizes that energy transition will take different paths in different parts of the world; </p>
        </content>
      </paragraph>
      <paragraph eId="para_42" class="MercuryDocument">
        <num>	15.</num>
        <content eId="para_42__content">
          <p xml:space="preserve">
            <span class="italic">Also encourages</span> Governments, relevant international organizations and other relevant stakeholders to use and promote an integrated resource planning and management approach in their energy strategies that considers energy choices in the context of linked sectors, inter alia, water, waste, air quality and food, taking into account national circumstances;</p>
        </content>
      </paragraph>
      <paragraph eId="para_43" class="MercuryDocument">
        <num>	16.</num>
        <content eId="para_43__content">
          <p xml:space="preserve">
            <span class="italic">Recognizes</span> that sustainable energy access and its deployment can be both improved and accelerated by gender equality and the empowerment of all women and girls, and calls upon Governments, the United Nations development system and other stakeholders to increase educational and capacity-building programmes for women in the sector, further advance equal pay and leadership and other opportunities for women in the energy sector, promote women’s full, equal and effective participation and leadership in the design and implementation of energy policies and programmes, mainstream a gender perspective in such policies and programmes and ensure women’s full and equal access to and use of sustainable energy to enhance their economic and social empowerment, including employment and other income-generating opportunities; </p>
        </content>
      </paragraph>
      <paragraph eId="para_44" class="MercuryDocument">
        <num>	17.</num>
        <content eId="para_44__content">
          <p xml:space="preserve">
            <span class="italic">Encourages </span>Governments, with the support of relevant stakeholders, as appropriate, to accelerate the transition towards sustainable economies, according to national policies and plans, through mitigation and adaptation strategies that improve energy efficiency and create more and better employment opportunities for all, including young people, in wage and self-employment; </p>
        </content>
      </paragraph>
      <paragraph eId="para_45" class="MercuryDocument">
        <num>	18.</num>
        <content eId="para_45__content">
          <p xml:space="preserve">
            <span class="italic">Emphasizes</span> the potential of sustainable energy use to contribute to climate change mitigation and adaptation, recognizes that increasing the deployment of renewable energy and enhancing energy efficiency are components of many countries’ nationally determined contributions under the Paris Agreement adopted under the United Nations Framework Convention on Climate Change,<sup>1</sup> and urges effective and timely support for the full implementation of all those contributions, as applicable; </p>
        </content>
      </paragraph>
      <paragraph eId="para_46" class="MercuryDocument">
        <num>	19.</num>
        <content eId="para_46__content">
          <p xml:space="preserve">
            <span class="italic">Notes</span> that the impacts of climate change can also threaten access to and the supply of energy, and also notes the importance of increasing the resilience of the energy sector to climate change, which can be facilitated by the expansion of renewable energy; </p>
        </content>
      </paragraph>
      <paragraph eId="para_47" class="MercuryDocument">
        <num>	20.</num>
        <content eId="para_47__content">
          <p xml:space="preserve">
            <span class="italic">Emphasizes</span>, while noting progress, that the large-scale deployment of technologies has been insufficient and uneven and that support is required to realize their potential, along with appropriate policy initiatives and investments at the national and international levels, with Governments working in collaboration with relevant stakeholders, including the private sector; </p>
        </content>
      </paragraph>
      <paragraph eId="para_48" class="MercuryDocument">
        <num>	21.</num>
        <content eId="para_48__content">
          <p xml:space="preserve">
            <span class="italic">Also emphasizes</span> the value of regional and interregional approaches, which can, among other advantages, enhance the deployment of renewable and sustainable energy by facilitating the sharing of experiences, reduce transaction costs, leverage economies of scale, enable greater cross-border interconnectivity to promote energy system reliability and resilience and augment domestic capacity-building, and recognizes the work of organizations and initiatives in that regard; </p>
        </content>
      </paragraph>
      <paragraph eId="para_49" class="MercuryDocument">
        <num>	22.</num>
        <content eId="para_49__content">
          <p xml:space="preserve">
            <span class="italic">Invites</span> all relevant funding institutions and bilateral and multilateral donors, as well as regional funding institutions, the private sector and non‑governmental organizations, to continue ongoing efforts and take further action to provide financial resources, as appropriate, to support efforts aimed at ensuring access to affordable, reliable, sustainable and modern energy in developing countries and countries with economies in transition, including low-emission, low-carbon and climate-resilient new and renewable resources of energy of demonstrated viability, especially focused on energy access and economic development in both urban and rural areas, while noting the potential catalytic effect of concessional and other finance and taking fully into account the development structure of energy-based economies of developing countries; </p>
        </content>
      </paragraph>
      <paragraph eId="para_50" class="MercuryDocument">
        <num>	23.</num>
        <content eId="para_50__content">
          <p xml:space="preserve">
            <span class="italic">Encourages</span> the development, dissemination, diffusion and transfer of environmentally sound technologies to developing countries on mutually agreed terms, including concessional and preferential terms, and highlights the importance of integrating sustainable energy in the Technology Facilitation Mechanism; </p>
        </content>
      </paragraph>
      <paragraph eId="para_51" class="MercuryDocument">
        <num>	24.</num>
        <content eId="para_51__content">
          <p xml:space="preserve">
            <span class="italic">Stresses</span> the importance of strategies and contributions by Governments and relevant stakeholders to multi-stakeholder partnerships in ensuring access to affordable, reliable, sustainable and modern energy for all, and encourages coordination and collaboration between the United Nations and relevant multi‑stakeholder partnerships, such as Sustainable Energy for All; </p>
        </content>
      </paragraph>
      <paragraph eId="para_52" class="MercuryDocument">
        <num>	25.</num>
        <content eId="para_52__content">
          <p xml:space="preserve">
            <span class="italic">Recognizes</span> the catalytic effect of the sharing of knowledge and experience, capacity-building and technical assistance on sustainable energy deployment, and encourages existing and new efforts to enable Governments of developing countries and relevant stakeholders to plan, finance, implement and monitor sustainable energy projects to further strengthen their national institutions and capacities; </p>
        </content>
      </paragraph>
      <paragraph eId="para_53" class="MercuryDocument">
        <num>	26.</num>
        <content eId="para_53__content">
          <p xml:space="preserve">
            <span class="italic">Encourages</span> the development of viable market-oriented strategies that could result in further rapid reductions in the cost of new and renewable resources of energy and could further increase the competitiveness of those technologies, including through the adoption, as appropriate, of public policies for research, development and market deployment, including rationalizing inefficient fossil fuel subsidies that encourage wasteful consumption by removing market distortions, in accordance with national circumstances; </p>
        </content>
      </paragraph>
      <paragraph eId="para_54" class="MercuryDocument">
        <num>	27.</num>
        <content eId="para_54__content">
          <p xml:space="preserve">
            <span class="italic">Emphasizes</span> the value of education, academia, technology and entrepreneurship in developing solutions to face energy challenges and achieve energy sustainability, as well as the importance of investing in research and development in sustainable energy technologies, and also emphasizes in this context the urgent need to enhance international cooperation to facilitate access to clean energy research and technology, including renewable energy, energy efficiency and advanced and cleaner fossil-fuel technologies, and improved infrastructures for supplying affordable, reliable, sustainable and modern energy for all; </p>
        </content>
      </paragraph>
      <paragraph eId="para_55" class="MercuryDocument">
        <num>	28.</num>
        <content eId="para_55__content">
          <p xml:space="preserve">
            <span class="italic">Calls for</span> national efforts to promote access to affordable, reliable, sustainable and modern energy for all and strengthened local engagement to complement current approaches, and reaffirms the commitment to supporting subnational and local efforts, taking advantage of their direct control, where applicable, of local infrastructure and codes to foster uptake in end-use sectors, such as residential, commercial and industrial buildings, industry, agriculture, transport, waste and sanitation;</p>
        </content>
      </paragraph>
      <paragraph eId="para_56" class="MercuryDocument">
        <num>	29.</num>
        <content eId="para_56__content">
          <p xml:space="preserve">
            <span class="italic">Encourages</span> the Secretary-General to continue efforts to promote the provision of stable, adequate and predictable financial resources and technical assistance for sustainable energy and to enhance the effectiveness, coordination and full utilization of appropriate international funds for the effective implementation of national and regional high-priority projects for ensuring access to affordable, reliable, sustainable and modern energy for all, and welcomes the convening of the high-level dialogue on the midpoint review of the United Nations Decade of Sustainable Energy for All (2014–2024), held on 23 and 24 May 2019; </p>
        </content>
      </paragraph>
      <paragraph eId="para_57" class="MercuryDocument">
        <num>	30.</num>
        <content eId="para_57__content">
          <p xml:space="preserve">
            <span class="italic">Invites</span> the Secretary-General, with the support of the relevant United Nations system entities, to convene a high-level dialogue in 2021, financed through voluntary contributions, to promote the implementation of the energy-related goals and targets of the 2030 Agenda for Sustainable Development<sup>14</sup> in support of the implementation of the United Nations Decade of Sustainable Energy for All, including the global plan of action for the Decade, as described in the report of the Secretary-General, and the high-level political forum on sustainable development; </p>
        </content>
      </paragraph>
      <paragraph eId="para_58" class="MercuryDocument">
        <num>	31.</num>
        <content eId="para_58__content">
          <p xml:space="preserve">
            <span class="italic">Encourages</span> UN-Energy to support coherence and coordination among the energy-related activities of the entities of the United Nations development system, within their respective mandates, in line with the implementation of resolutions <a href="https://undocs.org/A/RES/71/243">71/243</a> of 21 December 2016, <a href="https://undocs.org/A/RES/72/279">72/279</a> of 31 May 2018 and Economic and Social Council resolution <a href="https://undocs.org/en/E/RES/2019/15">2019/15</a> of 8 July 2019, in order to assist countries, in particular at the country level, upon request by their Governments, by explicitly leveraging partnerships with other international organizations, donors and relevant stakeholders, including in their efforts to achieve universal access to sustainable energy and to accelerate its deployment; </p>
        </content>
      </paragraph>
      <paragraph eId="para_59" class="MercuryDocument">
        <num>	32.</num>
        <content eId="para_59__content">
          <p xml:space="preserve">
            <span class="italic">Reaffirms </span>the commitment at the very heart of the 2030 Agenda to leave no one behind and commit to taking more tangible steps to support people in vulnerable situations and the most vulnerable countries and to reach the furthest behind first; </p>
        </content>
      </paragraph>
      <paragraph eId="para_60" class="MercuryDocument">
        <num>	33.</num>
        <content eId="para_60__content">
          <p xml:space="preserve">
            <span class="italic">Calls upon</span> the Secretary-General to promote renewable energy, energy efficiency and related sustainable practices in all United Nations facilities and operations around the world, where appropriate and economically viable; </p>
        </content>
      </paragraph>
      <paragraph eId="para_61" class="MercuryDocument">
        <num>	34.</num>
        <content eId="para_61__content">
          <p xml:space="preserve">
            <span class="italic">Requests</span> the Secretary-General to submit to the General Assembly at its seventy-fifth session a report on the implementation of the present resolution, including activities carried out to mark the United Nations Decade of Sustainable Energy for All, and decides to include in the provisional agenda of its seventy-fifth session, under the item entitled “Sustainable development”, the sub-item entitled “Ensuring access to affordable, reliable, sustainable and modern energy for all”.</p>
        </content>
      </paragraph>
    </mainBody>
    <conclusions eId="conclusions">
      <p>
        <inline name="adoptionMeeting" title="52nd">52nd plenary meeting</inline>
        <eol />
        <docDate date="2019-12-19" refersTo="#adoptionDate">19 December 2019</docDate>
      </p>
    </conclusions>
  </statement>
</akomaNtoso>