<akomaNtoso xmlns:xsi="http://www.w3.org/2001/XMLSchema-instance" xsi:schemaLocation="http://docs.oasis-open.org/legaldocml/ns/akn/3.0 http://docs.oasis-open.org/legaldocml/akn-core/v1.0/os/part2-specs/schemas/akomantoso30.xsd" xmlns="http://docs.oasis-open.org/legaldocml/ns/akn/3.0" xmlns:html="http://www.w3.org/1999/xhtml" xmlns:akn4un="http://un.org/akn4un">
  <statement name="resolution">
    <meta>
      <identification source="#DGACM">
        <FRBRWork>
          <FRBRthis value="/akn/un/statement/deliberation/unga/2019-12-19/74-232/!main/"></FRBRthis>
          <FRBRuri value="/akn/un/statement/deliberation/unga/2019-12-19/74-232/"></FRBRuri>
          <FRBRdate date="2019-12-19" name="adoption"></FRBRdate>
          <FRBRauthor href="ga" as="author"></FRBRauthor>
          <FRBRcountry value="un"></FRBRcountry>
        </FRBRWork>
        <FRBRExpression>
          <FRBRthis value="/akn/un/statement/deliberation/unga/2019-12-19/74-232/eng@!main/"></FRBRthis>
          <FRBRuri value="/akn/un/statement/deliberation/unga/2019-12-19/74-232/eng@/"></FRBRuri>
          <FRBRdate date="2020-01-23" name="publication"></FRBRdate>
          <FRBRauthor href="ga" as="issuer"></FRBRauthor>
          <FRBRlanguage language="eng"></FRBRlanguage>
        </FRBRExpression>
        <FRBRManifestation>
          <FRBRthis value="/akn/un/statement/deliberation/unga/2019-12-19/74-232/eng@/!main.xml"></FRBRthis>
          <FRBRuri value="/akn/un/statement/deliberation/unga/2019-12-19/74-232/eng@.xml"></FRBRuri>
          <FRBRdate date="2020-07-31" name="markup"></FRBRdate>
          <FRBRauthor href="DGACM" as="editor"></FRBRauthor>
        </FRBRManifestation>
      </identification>
      <classification source="http://metadata.un.org/sdg">
        <keyword value="17" href="http://metadata.un.org/sdg/17" showAs="sdg_17" dictionary="SDGO"></keyword>
        <keyword value="sustainable_development" href="http://eurovoc.europa.eu/5585" showAs="sustainable_development" dictionary="EuroVoc"></keyword>
        <keyword value="partnership" href="http://eurovoc.europa.eu/4199" showAs="partnership" dictionary="EuroVoc"></keyword>
        <keyword value="sustainable_development" href="http://metadata.un.org/thesaurus/1006319" showAs="sustainable_development" dictionary="UNBIS Thesaurus"></keyword>
        <keyword value="partnership" href="http://metadata.un.org/thesaurus/1004748" showAs="partnership" dictionary="UNBIS Thesaurus"></keyword>
      </classification>
      <classification source="http://metadata.un.org/sdg">
        <keyword value="16" href="http://metadata.un.org/sdg/16" showAs="sdg_16" dictionary="SDGO"></keyword>
        <keyword value="right_to_justice" href="http://eurovoc.europa.eu/516" showAs="right_to_justice" dictionary="EuroVoc"></keyword>
        <keyword value="sustainable_development" href="http://eurovoc.europa.eu/5585" showAs="sustainable_development" dictionary="EuroVoc"></keyword>
        <keyword value="civil_society" href="http://metadata.un.org/thesaurus/1001012" showAs="civil_society" dictionary="UNBIS Thesaurus"></keyword>
        <keyword value="justice" href="http://metadata.un.org/thesaurus/1003500" showAs="justice" dictionary="UNBIS Thesaurus"></keyword>
        <keyword value="peaceful_coexistence" href="http://metadata.un.org/thesaurus/1004777" showAs="peaceful_coexistence" dictionary="UNBIS Thesaurus"></keyword>
        <keyword value="public_institutions" href="http://metadata.un.org/thesaurus/1005254" showAs="public_institutions" dictionary="UNBIS Thesaurus"></keyword>
        <keyword value="social_justice" href="http://metadata.un.org/thesaurus/1005970" showAs="social_justice" dictionary="UNBIS Thesaurus"></keyword>
        <keyword value="sustainable_development" href="http://metadata.un.org/thesaurus/1006319" showAs="sustainable_development" dictionary="UNBIS Thesaurus"></keyword>
      </classification>
      <classification source="http://metadata.un.org/sdg">
        <keyword value="10" href="http://metadata.un.org/sdg/10" showAs="sdg_10" dictionary="SDGO"></keyword>
        <keyword value="social_inequality" href="http://eurovoc.europa.eu/1420" showAs="social_inequality" dictionary="EuroVoc"></keyword>
        <keyword value="equality" href="http://metadata.un.org/thesaurus/1002102" showAs="equality" dictionary="UNBIS Thesaurus"></keyword>
      </classification>
      <workflow source="#un">
        <step date="2019-11-19" outcome="draftResolution" as="A/C.2/74/L.54" by="submitted by the Vice-Chair of the Committee" />
        <step date="0001-01-01" outcome="draftResolutionAdditionalSponsors" by="" />
        <step date="0001-01-01" outcome="recommendedForAdoption" as="A/74/383/Add.1" by="" refersTo="9" />
        <step date="2019-12-19" outcome="adopted" as="A/74/PV.52" by="" />
      </workflow>
      <analysis source="#un">
        <parliamentary>
          <voting outcome="adoptedWithoutVote">
            <quorum value=""></quorum>
          </voting>
        </parliamentary>
      </analysis>
      <references source="#DGACM">
        <TLCOrganization eId="source" href="/akn/ontology/organization/un/DGACM" showAs="DGACM"></TLCOrganization>
        <TLCConcept eId="dateOfIssuance" href="/akn/ontology/concept/un/dateOfIssuance" showAs="Date of issuance"></TLCConcept>
        <TLCConcept eId="dateOfAdoption" href="/akn/ontology/concept/un/dateOfAdoption" showAs="Date of adoption"></TLCConcept>
        <TLCConcept eId="symbol" href="/akn/ontology/reference/un/symbol" showAs="Symbol"></TLCConcept>
        <TLCRole eId="publisher" href="/akn/ontology/role/un/publisher" showAs="Publisher"></TLCRole>
        <TLCRole eId="issuingBody" href="/akn/role/concept/un/issuingBody" showAs="Issuing body"></TLCRole>
        <TLCRole eId="author" href="/akn/ontology/role/un/author" showAs="Author"></TLCRole>
        <TLCRole eId="editor" href="/akn/ontology/role/un/editor" showAs="Editor"></TLCRole>
        <TLCRole eId="distribution" href="/akn/ontology/concept/un/generalDistribution" showAs="General distribution"></TLCRole>
        <TLCOrganization eId="ga" href="/akn/ontology/organization/un/generalAssembly" showAs="General Assembly"></TLCOrganization>
        <TLCTerm eId="resolutionTitle" href="/akn/ontology/reference/un/resolutionTitle" showAs="Resolution title"></TLCTerm>
        <TLCTerm eId="secondCommittee" href="#secondCommittee" showAs="Second Committee"></TLCTerm>
        <TLCTerm eId="memberState" href="/akn/ontology/organization/un/memberState" showAs="Member State"></TLCTerm>
        <TLCTerm eId="inFavour" href="/akn/ontology/concept/un/voting/inFavour" showAs="In favour"></TLCTerm>
        <TLCTerm eId="against" href="/akn/ontology/concept/un/voting/against" showAs="Against"></TLCTerm>
        <TLCTerm eId="abstaining" href="/akn/ontology/concept/un/voting/abstaining" showAs="Abstaining"></TLCTerm>
      </references>
      <presentation source="#un">
        <akn4un:footerFirstPage>
          <akn4un:footerFirstPageLeft>
            <akn4un:internalCode>
              <docketNumber refersTo="#publicationJobNumber">19-22505 (E)</docketNumber>
              <img alt="bar code" class="barCode" src=""></img>
            </akn4un:internalCode>
          </akn4un:footerFirstPageLeft>
          <akn4un:footerFirstPageRight>
            <img alt="Please recycle" class="image" src="./recylcleLogo.jpg"></img>
            <img alt="embedded QR code" class="qrCode" src=""></img>
          </akn4un:footerFirstPageRight>
        </akn4un:footerFirstPage>
      </presentation>
    </meta>
    <coverPage eId="coverPage_1">
      <p>
        <span refersTo="#publisher" class="upperLeft">
          <docAuthority refersTo="#publisher">United Nations</docAuthority>
        </span>
      </p>
      <p class="upperRight">
        <docNumber refersTo="#symbol">A/RES/74/232</docNumber>
      </p>
      <p class="upperLeft">
        <img src="logo-un.jpg"></img>
        <docAuthority refersTo="#issuingBody" class="rightBig">General Assembly</docAuthority>
      </p>
      <p>
        <docStatus refersTo="#generalDistribution" class="rightSmall">Distr.: General</docStatus>
      </p>
      <p>
        <docDate date="2020-01-23" class="rightSmall" refersTo="#dateOfIssuance">23 January 2020</docDate>
      </p>
      <p>
        <session refersTo="#generalAssembly" value="74" eId="coverPage_1__session_1">Seventy-fourth session</session>
      </p>
      <p>
        <inline name="agenda item">Agenda item 21 (a)</inline>
      </p>
      <p>
        <inline name="agenda item name">Groups of countries in special situations: follow-up to the Fourth United Nations Conference on the Least Developed Countries</inline>
      </p>
      <p>
        <docTitle>Resolution adopted by the General Assembly on 19 December 2019</docTitle>
      </p>
      <p xml:space="preserve">
        <docProponent refersTo="#secondCommittee">[on the report of the Second Committee (<inline name="originating document">A/74/383/Add.1</inline>)]</docProponent>
      </p>
    </coverPage>
    <preface>
      <p>
        <docNumber>74/232.</docNumber>
        <docTitle refersTo="#resolutionTitle">Follow-up to the Fourth United Nations Conference on the Least Developed Countries</docTitle>
      </p>
    </preface>
    <preamble>
      <formula name="enactingFormula" eId="formula_1">
        <p xml:space="preserve">
          <span class="italic">The General Assembly</span>,</p>
      </formula>
      <container name="Recalling" eId="container_2">
        <p xml:space="preserve">
          <span class="italic">Recalling</span> the Istanbul Declaration<authorialNote marker="1" placement="bottom" eId="authorialNote_1"><p xml:space="preserve"><span class="italic">Report of the Fourth United Nations Conference on the Least Developed Countries, Istanbul, Turkey, 9–13 May 2011</span> (<a href="https://undocs.org/en/A/CONF.219/7">A/CONF.219/7</a>), chap. I.</p></authorialNote> and the Programme of Action for the Least Developed Countries for the Decade 2011–2020,<authorialNote marker="2" placement="bottom" eId="authorialNote_2"><p xml:space="preserve">	 	Ibid., chap. II.</p></authorialNote> adopted at the Fourth United Nations Conference on the Least Developed Countries, held in Istanbul, Turkey, from 9 to 13 May 2011, and endorsed by the General Assembly in its resolution <a href="https://undocs.org/en/A/RES/65/280">65/280</a> of 17 June 2011, in which the Assembly called upon all the relevant stakeholders to commit to implementing the Programme of Action, and recalling also the Political Declaration adopted at the Comprehensive High-level Midterm Review of the Implementation of the Istanbul Programme of Action for the Least Developed Countries for the Decade 2011–2020, held in Antalya, Turkey, from 27 to 29 May 2016, and endorsed by the Assembly in its resolution <a href="https://undocs.org/en/A/RES/70/294">70/294</a> of 25 July 2016,</p>
      </container>
      <container name="Reaffirming" eId="container_3">
        <p xml:space="preserve">
          <span class="italic">Reaffirming</span> the overarching goal of the Istanbul Programme of Action of overcoming the structural challenges faced by the least developed countries to eradicate poverty, achieve the internationally agreed development goals and enable graduation from the least developed country category,</p>
      </container>
      <container name="Reaffirming also" eId="container_4">
        <p xml:space="preserve">
          <span class="italic">Reaffirming also</span> its resolution <a href="https://undocs.org/en/A/RES/70/1">70/1</a> of 25 September 2015, entitled “Transforming our world: the 2030 Agenda for Sustainable Development”, in which it adopted a comprehensive, far-reaching and people-centred set of universal and transformative Sustainable Development Goals and targets, its commitment to working tirelessly for the full implementation of the Agenda by 2030, its recognition that eradicating poverty in all its forms and dimensions, including extreme poverty, is the greatest global challenge and an indispensable requirement for sustainable development, its commitment to achieving sustainable development in its three dimensions – economic, social and environmental – in a balanced and integrated manner, and to building upon the achievements of the Millennium Development Goals and seeking to address their unfinished business,</p>
      </container>
      <container name="Reaffirming further" eId="container_5">
        <p xml:space="preserve">
          <span class="italic">Reaffirming further</span> its resolution <a href="https://undocs.org/en/A/RES/69/313">69/313</a> of 27 July 2015 on the Addis Ababa Action Agenda of the Third International Conference on Financing for Development, which is an integral part of the 2030 Agenda for Sustainable Development, supports and complements it, helps to contextualize its means of implementation targets with concrete policies and actions, and reaffirms the strong political commitment to address the challenge of financing and creating an enabling environment at all levels for sustainable development in the spirit of global partnership and solidarity,</p>
      </container>
      <container name="Reaffirming" eId="container_6">
        <p xml:space="preserve">
          <span class="italic">Reaffirming</span> the Paris Agreement<authorialNote marker="3" placement="bottom" eId="authorialNote_3"><p xml:space="preserve">	 	Adopted under the UNFCCC in <a href="https://undocs.org/en/FCCC/CP/2015/10/Add.1">FCCC/CP/2015/10/Add.1</a>, decision 1/CP.21.</p></authorialNote> and its early entry into force, encouraging all its parties to fully implement the Agreement, and parties to the United Nations Framework Convention on Climate Change<authorialNote marker="4" placement="bottom" eId="authorialNote_4"><p xml:space="preserve">	 	United Nations, <span class="italic">Treaty Series</span>, vol. 1771, No. 30822.</p></authorialNote> that have not yet done so to deposit their instruments of ratification, acceptance, approval or accession, where appropriate, as soon as possible,</p>
      </container>
      <container name="Reaffirming also" eId="container_7">
        <p xml:space="preserve">
          <span class="italic">Reaffirming also</span> the New Urban Agenda, adopted at the United Nations Conference on Housing and Sustainable Urban Development (Habitat III), held in Quito, Ecuador, from 17 to 20 October 2016,<authorialNote marker="5" placement="bottom" eId="authorialNote_5"><p xml:space="preserve">	 	Resolution <a href="https://undocs.org/en/A/RES/71/256">71/256</a>, annex.</p></authorialNote> and acknowledging that, in implementing the New Urban Agenda, particular attention should be given to the unique and emerging urban challenges by the least developed countries,</p>
      </container>
      <container name="Recalling" eId="container_8">
        <p xml:space="preserve">
          <span class="italic">Recalling</span> the Sendai Framework for Disaster Risk Reduction 2015–2030<authorialNote marker="6" placement="bottom" eId="authorialNote_6"><p xml:space="preserve">	 	Resolution <a href="https://undocs.org/en/A/RES/69/283">69/283</a>, annex II.</p></authorialNote> and its guiding principles, recalling also its promotion of regular disaster preparedness, response and recovery exercises, at the national and local levels, with a view to ensuring a rapid and effective response to disasters and related displacement, including access to essential food and non-food relief supplies, as appropriate to local needs, and acknowledging that its implementation can contribute to the achievement of the goals and objectives of the Programme of Action for the Least Developed Countries for the Decade 2011–2020,</p>
      </container>
      <container name="Highlighting" eId="container_9">
        <p xml:space="preserve">
          <span class="italic">Highlighting</span> the synergies between the implementation of the 2030 Agenda for Sustainable Development, the Addis Ababa Action Agenda and the Paris Agreement, and noting with concern the findings contained in the special report of the Intergovernmental Panel on Climate Change on the impacts of global warming of 1.5 degrees Celsius above pre-industrial levels and related global greenhouse gas emission pathways, in the context of strengthening the global response to the threat of climate change, sustainable development and efforts to eradicate poverty,</p>
      </container>
      <container name="Recalling" eId="container_10">
        <p xml:space="preserve">
          <span class="italic">Recalling</span> its resolution <a href="https://undocs.org/en/A/RES/73/242">73/242</a> of 20 December 2018 on the follow-up to the Fourth United Nations Conference on the Least Developed Countries,</p>
      </container>
      <container name="Recalling also " eId="container_11">
        <p xml:space="preserve">
          <span class="italic">Recalling also </span>Economic and Social Council resolution <a href="https://undocs.org/en/E/RES/2019/3">2019/3</a> of 6 June 2019 on the Programme of Action for the Least Developed Countries for the Decade 2011–2020,</p>
      </container>
      <container name="Taking note" eId="container_12">
        <p xml:space="preserve">
          <span class="italic">Taking note</span> of the 2019 Ministerial Declaration of the Least Developed Countries,<authorialNote marker="7" placement="bottom" eId="authorialNote_7"><p xml:space="preserve"><a href="https://undocs.org/en/A/74/475">A/74/475</a>, annex.</p></authorialNote></p>
      </container>
      <container name="Recalling" eId="container_13">
        <p xml:space="preserve">
          <span class="italic">Recalling</span> its resolutions <a href="https://undocs.org/en/A/RES/59/209">59/209</a> of 20 December 2004 and <a href="https://undocs.org/en/A/RES/67/221">67/221</a> of 21 December 2012 on a smooth transition for countries graduating from the list of least developed countries,</p>
      </container>
      <container name="Reaffirming" eId="container_14">
        <p xml:space="preserve">
          <span class="italic">Reaffirming</span> its resolution <a href="https://undocs.org/en/A/RES/71/243">71/243</a> of 21 December 2016 on the quadrennial comprehensive policy review of operational activities for development of the United Nations system, as well its resolution <a href="https://undocs.org/en/A/RES/72/279">72/279</a> of 31 May 2018 on the repositioning of the United Nations development system in the context of the quadrennial comprehensive policy review of operational activities for development of the United Nations system, and emphasizing the importance of their full and timely implementation,</p>
      </container>
    </preamble>
    <mainBody>
      <paragraph eId="para_15" class="SingleTxt">
        <num>	1.</num>
        <content eId="para_15__content">
          <p xml:space="preserve">
            <span class="italic">Takes note</span> of the report of the Secretary-General on the implementation of the Programme of Action for the Least Developed Countries for the Decade 2011–2020;<authorialNote marker="8" placement="bottom" eId="authorialNote_8"><p xml:space="preserve"><a href="https://undocs.org/en/A/74/69">A/74/69-E/2019/12</a>.</p></authorialNote></p>
        </content>
      </paragraph>
      <paragraph eId="para_16" class="SingleTxt">
        <num>	2.</num>
        <content eId="para_16__content">
          <p xml:space="preserve">
            <span class="italic">Calls upon</span> the least developed countries, their development partners, the United Nations system and all other actors to further strengthen the Global Partnership for Sustainable Development for the least developed countries in all priority areas of the Istanbul Programme of Action<sup>2</sup> in order to ensure the timely, effective and full implementation of the Programme of Action during the remainder of the decade, in the context of the 2030 Agenda for Sustainable Development,<authorialNote marker="9" placement="bottom" eId="authorialNote_9"><p xml:space="preserve">	 	Resolution <a href="https://undocs.org/en/A/RES/70/1">70/1</a>.</p></authorialNote> the Addis Ababa Action Agenda of the Third International Conference on Financing for Development,<authorialNote marker="10" placement="bottom" eId="authorialNote_10"><p xml:space="preserve">	 	Resolution <a href="https://undocs.org/en/A/RES/69/313">69/313</a>, annex.</p></authorialNote> which is an integral part of the 2030 Agenda, supports and complements it and helps to contextualize its means of implementation targets with concrete policies and actions, the Paris Agreement<sup>3</sup> adopted under the United Nations Framework Convention on Climate Change,<sup>4</sup> the Sendai Framework for Disaster Risk Reduction 2015–2030<sup>6</sup> and the New Urban Agenda;<sup>5</sup></p>
        </content>
      </paragraph>
      <paragraph eId="para_17" class="SingleTxt">
        <num>	3.</num>
        <content eId="para_17__content">
          <p xml:space="preserve">
            <span class="italic">Invites</span> the private sector, civil society, academia and foundations to contribute to the implementation of the Istanbul Programme of Action in their respective areas of competence, in line with the national priorities of the least developed countries;</p>
        </content>
      </paragraph>
      <paragraph eId="para_18" class="SingleTxt">
        <num>	4.</num>
        <content eId="para_18__content">
          <p xml:space="preserve">
            <span class="italic">Recalls</span> the agreement contained in the 2030 Agenda for Sustainable Development that effective linkages will be made with the follow-up and review arrangements of all relevant United Nations conferences and processes, including on the least developed countries, underlines the importance of strong synergy in the implementation of the recently adopted agendas and the Istanbul Programme of Action at all levels, and encourages coordination and coherence in the follow-up of their implementation;</p>
        </content>
      </paragraph>
      <paragraph eId="para_19" class="SingleTxt">
        <num>	5.</num>
        <content eId="para_19__content">
          <p xml:space="preserve">
            <span class="italic">Reaffirms</span> that the least developed countries, as the most vulnerable group of countries, need enhanced global support to overcome the structural challenges that they face in implementing the 2030 Agenda for Sustainable Development, and in this regard calls upon the international community to prioritize and strengthen support from all sources to facilitate the coordinated implementation and coherent follow-up and monitoring of the Istanbul Programme of Action, the 2030 Agenda and the Addis Ababa Action Agenda in the least developed countries;</p>
        </content>
      </paragraph>
      <paragraph eId="para_20" class="SingleTxt">
        <num>	6.</num>
        <content eId="para_20__content">
          <p xml:space="preserve">
            <span class="italic">Calls upon</span> the United Nations Conference on Trade and Development to focus, within existing resources, its analytical work on the least developed countries, with an emphasis on productive capacities, and their measurement, on structural transformation and on their trade and development linkages, as a contribution to the understanding of the fundamental mechanisms leading the least developed countries to overcome their structural handicaps and reach their development goals;</p>
        </content>
      </paragraph>
      <paragraph eId="para_21" class="SingleTxt">
        <num>	7.</num>
        <content eId="para_21__content">
          <p xml:space="preserve">
            <span class="italic">Recognizes</span> that significant additional domestic public and private resources, including at the subnational level, supplemented by international assistance and foreign direct investment, as appropriate, will be critical for the realization of sustainable development and the achievement of the Sustainable Development Goals, and that the 2030 Agenda for Sustainable Development and the Addis Ababa Action Agenda acknowledge the centrality of domestic resource mobilization, underscored by the principle of national ownership;</p>
        </content>
      </paragraph>
      <paragraph eId="para_22" class="SingleTxt">
        <num>	8.</num>
        <content eId="para_22__content">
          <p xml:space="preserve">
            <span class="italic">Also recognizes</span> that, while the least developed countries have made considerable efforts to mobilize domestic resources and attract private investment, further progress is needed;</p>
        </content>
      </paragraph>
      <paragraph eId="para_23" class="SingleTxt">
        <num>	9.</num>
        <content eId="para_23__content">
          <p xml:space="preserve">
            <span class="italic">Expresses its concern</span> that, while the least developed countries are in need of increased global support, bilateral official development assistance to those countries declined by 3 per cent in real terms in 2018 compared with 2017 after increasing by 4 per cent in 2017 compared with 2016, and, expressing its appreciation to those countries that have met or surpassed their commitments to providing at least 0.7 per cent of gross national income for official development assistance to developing countries and the target of 0.15 to 0.20 per cent of gross national income for official development assistance to the least developed countries, urges all others to step up efforts to increase their official development assistance and to make additional concrete efforts towards the official development assistance targets, reiterates that the fulfilment of all official development assistance commitments remains crucial, calls upon developed countries to fulfil their respective official development assistance commitments to the least developed countries, and encourages official development assistance providers to consider setting a target to provide at least 0.2 per cent of gross national income for official development assistance to the least developed countries, while reiterating that an important use of international public finance, including official development assistance, is to catalyse additional resource mobilization from other sources, public and private;</p>
        </content>
      </paragraph>
      <paragraph eId="para_24" class="SingleTxt">
        <num>	10.</num>
        <content eId="para_24__content">
          <p xml:space="preserve">
            <span class="italic">Is encouraged</span> by those countries that are allocating at least 50 per cent of their official development assistance to the least developed countries;</p>
        </content>
      </paragraph>
      <paragraph eId="para_25" class="SingleTxt">
        <num>	11.</num>
        <content eId="para_25__content">
          <p xml:space="preserve">
            <span class="italic">Welcomes</span> continued efforts to improve the quality, impact and effectiveness of development cooperation and other international efforts in public finance, including adherence to agreed development cooperation effectiveness principles;</p>
        </content>
      </paragraph>
      <paragraph eId="para_26" class="SingleTxt">
        <num>	12.</num>
        <content eId="para_26__content">
          <p xml:space="preserve">
            <span class="italic">Calls upon</span> the developing countries, guided by the spirit of solidarity and consistent with their capabilities, to provide support for the effective implementation of the Istanbul Programme of Action in mutually agreed areas of cooperation within the framework of South-South cooperation, which is a complement to but not a substitute for North-South cooperation;</p>
        </content>
      </paragraph>
      <paragraph eId="para_27" class="SingleTxt">
        <num>	13.</num>
        <content eId="para_27__content">
          <p xml:space="preserve">
            <span class="italic">Notes</span> that exports of goods and services of the least developed countries increased by 12 per cent in 2018 compared with 2017, expresses its concern that the share of goods and services exports, which stood at 0.94 per cent in 2018, remains far from the target of 2 per cent of global exports called for in the Istanbul Programme of Action and target 17.11 of the Sustainable Development Goals, also expresses its concern that the overall trade deficit of the least developed countries continues to increase and has doubled since 2011, and calls upon the least developed countries and their development partners to take the measures necessary to further accelerate progress, with a view to achieving the targets of the Programme of Action and the 2030 Agenda for Sustainable Development;</p>
        </content>
      </paragraph>
      <paragraph eId="para_28" class="SingleTxt">
        <num>	14.</num>
        <content eId="para_28__content">
          <p xml:space="preserve">
            <span class="italic">Urges</span> the least developed countries and their development partners to make use of existing initiatives and programmes, such as the relevant ministerial decisions of the World Trade Organization on duty-free and quota-free market access for the least developed countries and on preferential rules of origin for those countries, as well as aid for trade, reiterates its commitment to increasing aid-for-trade support, in particular for the least developed countries, striving to allocate an increasing proportion of aid for trade to the least developed countries, in accordance with development cooperation effectiveness principles, welcomes additional cooperation among developing countries to that end, and encourages the least developed countries to mainstream trade in their national development plans;</p>
        </content>
      </paragraph>
      <paragraph eId="para_29" class="SingleTxt">
        <num>	15.</num>
        <content eId="para_29__content">
          <p xml:space="preserve">
            <span class="italic">Recognizes</span> that the least developed countries face significant infrastructure gaps, including in the areas of transport, energy, water, sanitation and information and communications technology, and reaffirms the need to promote quality, reliable, sustainable and resilient infrastructure and to enhance infrastructure connectivity with concrete actions, maximizing synergies in infrastructure planning and development;</p>
        </content>
      </paragraph>
      <paragraph eId="para_30" class="SingleTxt">
        <num>	16.</num>
        <content eId="para_30__content">
          <p xml:space="preserve">
            <span class="italic">Emphasizes</span> that the acute energy gap faced by the least developed countries is a severe constraint on their structural transformation, and stresses that special attention should be given to the least developed countries, focusing on the specific sustainable energy challenges of the least developed countries with specific programmes and multi-stakeholder partnerships tailored to meet the needs of those countries, throughout the United Nations Decade of Sustainable Energy for All (2014–2024), including UN-Energy, with a view to ensuring the realization of the objective of access to affordable, reliable, sustainable and modern energy for all by 2030 and to addressing the infrastructure needs of the least developed countries;</p>
        </content>
      </paragraph>
      <paragraph eId="para_31" class="SingleTxt">
        <num>	17.</num>
        <content eId="para_31__content">
          <p xml:space="preserve">
            <span class="italic">Recognizes</span> the significant potential of regional economic integration and interconnectivity to promote trade, inclusive growth and sustainable development in the least developed countries, and stresses the need to strengthen regional cooperation to improve connectivity and competitiveness, increase productivity, lower transaction costs, expand markets and enable the least developed countries to integrate into regional and global value chains;</p>
        </content>
      </paragraph>
      <paragraph eId="para_32" class="SingleTxt">
        <num>	18.</num>
        <content eId="para_32__content">
          <p xml:space="preserve">
            <span class="italic">Also recognizes</span> that maintaining sustainable debt levels is the responsibility of the borrowing countries, while acknowledging that lenders also have a responsibility to lend in such a way that does not undermine a country’s debt sustainability, recalls the need to strengthen information-sharing and transparency to make sure that debt sustainability assessments are based on comprehensive, objective and reliable data, encourages Member States to work towards global consensus and best practices on guidelines for debtor and creditor responsibilities in borrowing by and lending to sovereigns, building on existing initiatives, and underlines that the debt sustainability framework for the least developed countries should systematically take into account their structural constraints and longer-term investment requirements for the implementation of the Sustainable Development Goals;</p>
        </content>
      </paragraph>
      <paragraph eId="para_33" class="SingleTxt">
        <num>	19.</num>
        <content eId="para_33__content">
          <p xml:space="preserve">
            <span class="italic">Expresses its deep concern</span> that a number of the least developed countries are in debt distress or at high risk of debt distress<authorialNote marker="11" placement="bottom" eId="authorialNote_11"><p xml:space="preserve">	 	See International Monetary Fund, Debt Sustainability Analysis: Low-Income Countries.</p></authorialNote> and that the ratio of debt service to exports has worsened sharply, rising from 4.2 per cent in 2008 to 9.4 per cent in 2018, underlines the urgent need to address the debt problems of the least developed countries, stresses the need for the international community to remain vigilant in monitoring the debt situation of the least developed countries and to continue to take effective measures, preferably within existing frameworks, when applicable, to address the debt problem of those countries, including through coordinated policies aimed at fostering debt financing, debt relief, debt restructuring and sound debt management, as appropriate, for the multilateral and bilateral debt owed by the least developed countries to creditors, both public and private, reiterates its commitment to working through existing initiatives, such as the Heavily Indebted Poor Countries Initiative and the Multilateral Debt Relief Initiative, and reaffirms the importance of transparency in debt management;</p>
        </content>
      </paragraph>
      <paragraph eId="para_34" class="SingleTxt">
        <num>	20.</num>
        <content eId="para_34__content">
          <p xml:space="preserve">
            <span class="italic">Notes</span> that foreign direct investment flows to the least developed countries increased by 15 per cent in 2018 compared with 2017, after two consecutive years of decline, by 17 per cent in 2017 and 13 per cent in 2016, and continued to concentrate on extractive and related industries, and underlines the need to take the measures necessary at all levels to further accelerate foreign direct investment in the least developed countries;</p>
        </content>
      </paragraph>
      <paragraph eId="para_35" class="SingleTxt">
        <num>	21.</num>
        <content eId="para_35__content">
          <p xml:space="preserve">
            <span class="italic">Encourages</span> the least developed countries, in accordance with their national plans and priorities and with the full support of their development partners, to develop their capacities to track financial transactions, administer taxation and regulate customs and to redouble their efforts to substantially reduce illicit financial flows by 2030, with a view to eventually eliminating them, including by combating tax evasion and corruption through strengthened national regulation, and also encourages the United Nations and other relevant international bodies to help to support these efforts, in accordance with their respective mandates;</p>
        </content>
      </paragraph>
      <paragraph eId="para_36" class="SingleTxt">
        <num>	22.</num>
        <content eId="para_36__content">
          <p xml:space="preserve">
            <span class="italic">Recalls</span> target 17.5 of the Sustainable Development Goals, in which the General Assembly decided to adopt and implement investment promotion regimes for the least developed countries, and underlines the need for its early implementation, invites the Secretary-General, in his capacity as the Chair of the United Nations System Chief Executives Board for Coordination, to retain the issue of investment promotion regimes for the least developed countries on the agenda of the Board, with a view to enhancing the overall effectiveness of the support provided by the United Nations system to increase the flow of foreign direct investment to the least developed countries and the ability of those countries to attract such investment, and in that context recalls the initiative of the Office of the High Representative for the Least Developed Countries, Landlocked Developing Countries and Small Island Developing States, jointly with the United Nations Conference on Trade and Development, the United Nations Industrial Development Organization, the International Labour Organization, the Enhanced Integrated Framework and the World Association of Investment Promotion Agencies, to set up a capacity-development programme for the investment promotion agencies of the least developed countries, and calls for financial support to operationalize this programme;</p>
        </content>
      </paragraph>
      <paragraph eId="para_37" class="SingleTxt">
        <num>	23.</num>
        <content eId="para_37__content">
          <p xml:space="preserve">
            <span class="italic">Notes</span> the importance of the work of the Technology Bank for the Least Developed Countries in improving the scientific research and innovation base of such countries, promoting networking among researchers and research institutions, helping such countries to access and utilize critical technologies, and drawing together bilateral initiatives and support by multilateral institutions and the private sector, and implementing projects contributing to the use of science, technology and innovation for economic development in the least developed countries, takes note with appreciation of the contributions that Bangladesh, Guinea, India, Norway and Turkey have made, as well as the pledges made by the Sudan, and invites Member States, as well as international organizations, foundations and the private sector, to provide voluntary financial contributions and technical assistance to the Technology Bank to ensure its effective operation;</p>
        </content>
      </paragraph>
      <paragraph eId="para_38" class="SingleTxt">
        <num>	24.</num>
        <content eId="para_38__content">
          <p xml:space="preserve">
            <span class="italic">Expresses its deep concern</span> that the least developed countries are facing unprecedented challenges owing to rapidly escalating climate risks and significant capacity constraints and are disproportionately affected by the adverse impacts of climate change as well as the impact and the rise in frequency of natural and human-made disasters, which further threaten food security, health and efforts to eradicate poverty and achieve the Sustainable Development Goals, and expresses its concern that women and girls are often disproportionately affected by the impacts of climate change and other environmental issues;</p>
        </content>
      </paragraph>
      <paragraph eId="para_39" class="SingleTxt">
        <num>	25.</num>
        <content eId="para_39__content">
          <p xml:space="preserve">
            <span class="italic">Welcomes</span> the 2019 Climate Action Summit convened by the Secretary-General on 23 September, and notes the multi-partner initiatives and commitments presented during the Summit;</p>
        </content>
      </paragraph>
      <paragraph eId="para_40" class="SingleTxt">
        <num>	26.</num>
        <content eId="para_40__content">
          <p xml:space="preserve">
            <span class="italic">Recognizes</span> that disasters, many of which are exacerbated by climate change, and which are increasing in frequency and intensity, significantly impede progress towards sustainable development, and also recognizes the synergies between the implementation of the Paris Agreement and the 2030 Agenda for Sustainable Development, acknowledges the importance of continued support for and international cooperation on adaptation and mitigation efforts and on strengthening resilience, stresses the necessity of adequate and predictable financial resources from a variety of sources, including public and private ones, highlights the specific needs and special circumstances of developing countries, especially those that are particularly vulnerable to the adverse effects of climate change, recognizes that effective disaster risk management contributes to sustainable development, and in this regard underlines the importance of strengthening disaster risk reduction and early warning systems in order to minimize the consequences of disasters;</p>
        </content>
      </paragraph>
      <paragraph eId="para_41" class="SingleTxt">
        <num>	27.</num>
        <content eId="para_41__content">
          <p xml:space="preserve">
            <span class="italic">Underlines</span> the need to reduce the vulnerability of the least developed countries to economic, natural and environmental shocks and disasters, as well as climate change, and to enhance their ability to meet these and other challenges by strengthening their resilience, and in this regard stresses that it is important that all countries and other actors work together to further develop and implement concrete measures, on an urgent basis, at the national and international levels so as to build the resilience of the least developed countries to withstand economic shocks and mitigate their adverse effects, to withstand and overcome the adverse effects of climate change, to enhance sustainable growth and protect biodiversity and to withstand natural hazards in order to reduce the risk of disasters, as agreed upon in the Istanbul Programme of Action;</p>
        </content>
      </paragraph>
      <paragraph eId="para_42" class="SingleTxt">
        <num>	28.</num>
        <content eId="para_42__content">
          <p xml:space="preserve">
            <span class="italic">Also underlines</span> the need to address the economic, social and environmental impacts of climate change, and emphasizes the need for national and international action to enhance efforts to build resilience, especially for the most vulnerable, including by mainstreaming resilience into investment decision-making, building resilience through the sustainable management of ecosystems and value chains, building the resilience of health systems and building resilience to reduce the impact and cost of natural disasters;</p>
        </content>
      </paragraph>
      <paragraph eId="para_43" class="SingleTxt">
        <num>	29.</num>
        <content eId="para_43__content">
          <p xml:space="preserve">
            <span class="italic">Further underlines</span> the importance of improving the coordination and effectiveness of resilience-building initiatives for the least developed countries by leveraging existing measures at the national, regional and global levels to respond to various types of disasters and shocks, as elaborated in the report of the Secretary-General on crisis mitigation and resilience-building for the least developed countries;<authorialNote marker="12" placement="bottom" eId="authorialNote_12"><p xml:space="preserve"><a href="https://undocs.org/en/A/72/270">A/72/270</a>.</p></authorialNote></p>
        </content>
      </paragraph>
      <paragraph eId="para_44" class="SingleTxt">
        <num>	30.</num>
        <content eId="para_44__content">
          <p xml:space="preserve">
            <span class="italic">Encourages</span> countries to develop national and local disaster risk reduction strategies by 2020 in accordance with target (e) of the Sendai Framework, recognizes the importance of promoting their alignment and integration with sustainable development and climate change adaptation strategies, also recognizes that the development of climate change adaptation and national disaster risk reduction strategies by 2020 is an opportunity to maximize synergies across the Sustainable Development Goals, the Paris Agreement and the Sendai Framework, and in this regard calls for disaster risk reduction to be considered in the review of and follow‑up to the Istanbul Programme of Action;</p>
        </content>
      </paragraph>
      <paragraph eId="para_45" class="SingleTxt">
        <num>	31.</num>
        <content eId="para_45__content">
          <p xml:space="preserve">
            <span class="italic">Reiterates</span> the call to substantially enhance international cooperation with developing countries through adequate and sustainable support to complement their national actions for the implementation of the Sendai Framework by 2030;</p>
        </content>
      </paragraph>
      <paragraph eId="para_46" class="SingleTxt">
        <num>	32.</num>
        <content eId="para_46__content">
          <p xml:space="preserve">
            <span class="italic">Underlines</span> the importance of peaceful and inclusive societies for the achievement of the Sustainable Development Goals, and recalls the objectives of the Istanbul Programme of Action of enhancing good governance at all levels by strengthening democratic processes, building effective, accountable and inclusive institutions and the rule of law; increasing efficiency, coherence, transparency and participation; advancing gender equality and the empowerment of women and girls; protecting and promoting human rights and fundamental freedoms; reducing corruption and curbing illicit financial flows; and strengthening the capacity of the Governments of the least developed countries to play an effective role in their economic and social development;</p>
        </content>
      </paragraph>
      <paragraph eId="para_47" class="SingleTxt">
        <num>	33.</num>
        <content eId="para_47__content">
          <p xml:space="preserve">
            <span class="italic">Recognizes</span> the importance of developing domestic capital markets in the least developed countries, which can help to channel the growing pool of domestic savings towards productive investments, reaffirms its commitment to enhancing international support in developing domestic capital markets in developing countries, in particular in the least developed countries, and reaffirms its commitment to working to strengthen capacity-building in this area, including through regional, interregional and global forums for knowledge-sharing, technical assistance and data-sharing, on mutually agreed terms;</p>
        </content>
      </paragraph>
      <paragraph eId="para_48" class="SingleTxt">
        <num>	34.</num>
        <content eId="para_48__content">
          <p xml:space="preserve">
            <span class="italic">Reaffirms</span> that achieving gender equality, the empowerment of all women and girls and the full realization of the human rights of all people is essential to achieving sustained, inclusive and equitable economic growth and sustainable development, and reiterates the need for gender mainstreaming, including targeted actions and investments in the formulation and implementation of all financial, economic, environmental and social policies in the least developed countries;</p>
        </content>
      </paragraph>
      <paragraph eId="para_49" class="SingleTxt">
        <num>	35.</num>
        <content eId="para_49__content">
          <p xml:space="preserve">
            <span class="italic">Notes with concern</span> that continued rapid population growth in the least developed countries, which is currently 2.3 per cent annually, is projected to double the population of many of them between 2019 and 2050, notes that, in the least developed countries, the number of adolescents and youth aged from 15 to 24 years is projected to grow from 207 million in 2019 to 336 million in 2050, and underlines the importance of integrating population dynamics into national development strategies and plans to facilitate targeted investment in the health and modern science-based education of the young people who will soon join the labour force, with a view to ensuring their successful integration into the labour market and leveraging the opportunities presented by the demographic dividend;</p>
        </content>
      </paragraph>
      <paragraph eId="para_50" class="SingleTxt">
        <num>	36.</num>
        <content eId="para_50__content">
          <p xml:space="preserve">
            <span class="italic">Recognizes</span> that particular efforts are needed to ensure that all young people, including girls, enjoy access to lifelong learning opportunities and equal access to quality education at all levels, inclusive of early childhood, primary, secondary and tertiary education, as well as technical and vocational training, notes with concern, in this regard, the lack of progress in closing gender gaps in access to, retention in and completion of secondary education, recognizes the need to continue to provide and encourage, as appropriate, institutes of higher education to allocate places and scholarships for students and trainees from the least developed countries, in particular in the fields of science, technology, business management and economics, and to strengthen support for institutions in relation to gender equality and the empowerment of women at the global, regional and national levels, and recognizes that the least developed countries have the most to gain from sustainable development and utilizing the full skills and talents of their people, including women and girls;</p>
        </content>
      </paragraph>
      <paragraph eId="para_51" class="SingleTxt">
        <num>	37.</num>
        <content eId="para_51__content">
          <p xml:space="preserve">
            <span class="italic">Also recognizes</span> that increasing participation, supporting the empowerment of civil society, youth and women and strengthening collective action will contribute to the eradication of poverty and the achievement of sustainable development;</p>
        </content>
      </paragraph>
      <paragraph eId="para_52" class="SingleTxt">
        <num>	38.</num>
        <content eId="para_52__content">
          <p xml:space="preserve">
            <span class="italic">Congratulates</span> those countries that have met the criteria for graduation from least developed country status, notes with appreciation that several of the least developed countries have expressed their intention to reach the status of graduation by 2020, invites those countries to start the preparations for their graduation and transition strategy, and requests all relevant organizations of the United Nations system, led by the Office of the High Representative, to extend the necessary support in this regard, in a coordinated manner;</p>
        </content>
      </paragraph>
      <paragraph eId="para_53" class="SingleTxt">
        <num>	39.</num>
        <content eId="para_53__content">
          <p xml:space="preserve">
            <span class="italic">Acknowledges</span> that the graduation of a country symbolizes its considerable long-term socioeconomic progress, prevailing over the structural handicaps to socioeconomic development, and that it also presents many challenges for graduated countries, which continue to face vulnerabilities to various shocks and crises;</p>
        </content>
      </paragraph>
      <paragraph eId="para_54" class="SingleTxt">
        <num>	40.</num>
        <content eId="para_54__content">
          <p xml:space="preserve">
            <span class="italic">Invites</span> the least developed countries and development partners to integrate graduation and smooth transition strategies into their respective national development and aid strategies, as appropriate, including capacity-building and technical assistance to diversify sources of financing;</p>
        </content>
      </paragraph>
      <paragraph eId="para_55" class="SingleTxt">
        <num>	41.</num>
        <content eId="para_55__content">
          <p xml:space="preserve">
            <span class="italic">Notes with appreciation</span> that some development partners have extended some of the benefits specific to the least developed countries to countries that have graduated, taking into account the challenges that they continue to face, and invites all development partners to strengthen their support for graduation and smooth transition so that graduating and recently graduated countries can minimize disruption in their development trajectory;</p>
        </content>
      </paragraph>
      <paragraph eId="para_56" class="SingleTxt">
        <num>	42.</num>
        <content eId="para_56__content">
          <p xml:space="preserve">
            <span class="italic">Invites</span> countries that are found eligible for graduation to establish a consultative mechanism, in line with General Assembly resolution <a href="https://undocs.org/en/A/RES/67/221">67/221</a>, to prepare the transition strategy as early as possible, engaging all relevant donors and stakeholders;</p>
        </content>
      </paragraph>
      <paragraph eId="para_57" class="SingleTxt">
        <num>	43.</num>
        <content eId="para_57__content">
          <p xml:space="preserve">
            <span class="italic">Recognizes</span> that the activities relating to the least developed countries carried out within the Secretariat need to be further coordinated and consolidated in order to ensure the effective monitoring and follow-up of the Istanbul Programme of Action, led by the Office of the High Representative, and to provide well-coordinated support to realizing the goal of enabling half of the least developed countries to meet the criteria for graduation by 2020;</p>
        </content>
      </paragraph>
      <paragraph eId="para_58" class="SingleTxt">
        <num>	44.</num>
        <content eId="para_58__content">
          <p xml:space="preserve">
            <span class="italic">Welcomes</span> the work of the Inter-Agency Consultative Group for Least Developed Countries, led by the Office of the High Representative, notes the steps taken by the United Nations System Chief Executives Board for Coordination and the High-level Committee on Programmes in supporting the coordination and follow-up of the implementation of the Istanbul Programme of Action on a system-wide basis, and reiterates its invitation to the Secretary-General, in his capacity as Chair of the Chief Executives Board, to include the implementation of the Programme of Action in the agenda of the Board;</p>
        </content>
      </paragraph>
      <paragraph eId="para_59" class="SingleTxt">
        <num>	45.</num>
        <content eId="para_59__content">
          <p xml:space="preserve">
            <span class="italic">Welcomes and accepts with appreciation</span> the generous offer of the Government of Qatar to host the Fifth United Nations Conference on the Least Developed Countries in Doha;</p>
        </content>
      </paragraph>
      <paragraph eId="para_60" class="SingleTxt">
        <num>	46.</num>
        <content eId="para_60__content">
          <p xml:space="preserve">
            <span class="italic">Decides</span> to convene the Fifth United Nations Conference on the Least Developed Countries in Doha from 21 to 25 March 2021 at the highest possible level, including Heads of State and Government, in line with the mandate specified in its resolution <a href="https://undocs.org/en/A/RES/73/242">73/242</a>;</p>
        </content>
      </paragraph>
      <paragraph eId="para_61" class="SingleTxt">
        <num>	47.</num>
        <content eId="para_61__content">
          <p xml:space="preserve">
            <span class="italic">Also decides</span> that the meeting of the intergovernmental preparatory committee agreed upon in paragraph 43 of its resolution <a href="https://undocs.org/en/A/RES/73/242">73/242</a> shall be organized in New York in two parts, from 27 to 30 July 2020 and from 11 to 15 January 2021, of no more than five working days each;</p>
        </content>
      </paragraph>
      <paragraph eId="para_62" class="SingleTxt">
        <num>	48.</num>
        <content eId="para_62__content">
          <p xml:space="preserve">
            <span class="italic">Further decides</span> to establish the bureau of the Preparatory Committee, consisting of two members of each regional group, that Qatar, as the host country, and Malawi, as the Chair of the Group of Least Developed Countries, will serve as ex officio members of the bureau and that the bureau will be co-chaired by two Member States, one a developed State and one a developing State;</p>
        </content>
      </paragraph>
      <paragraph eId="para_63" class="SingleTxt">
        <num>	49.</num>
        <content eId="para_63__content">
          <p xml:space="preserve">
            <span class="italic">Invites</span> Qatar to host, with the assistance of the Office of the High Representative, within its existing mandate and resources, a segment during the Conference to commemorate the fiftieth anniversary of the establishment of the Group of Least Developed Countries, and encourages relevant representatives of Member States to participate therein;</p>
        </content>
      </paragraph>
      <paragraph eId="para_64" class="SingleTxt">
        <num>	50.</num>
        <content eId="para_64__content">
          <p xml:space="preserve">
            <span class="italic">Invites</span> the Secretary-General to convene a United Nations system high-level event during the Conference, with a view to ensuring the full mobilization of the United Nations system in support of the least developed countries;</p>
        </content>
      </paragraph>
      <paragraph eId="para_65" class="SingleTxt">
        <num>	51.</num>
        <content eId="para_65__content">
          <p xml:space="preserve">
            <span class="italic">Requests</span> the President of the General Assembly and the President of the Economic and Social Council to organize a half-day dedicated thematic event in the first semester of 2020 in order to provide substantive input to the Conference;</p>
        </content>
      </paragraph>
      <paragraph eId="para_66" class="SingleTxt">
        <num>	52.</num>
        <content eId="para_66__content">
          <p xml:space="preserve">
            <span class="italic">Stresses</span> the importance of the effective participation of all relevant stakeholders, including parliamentarians, civil society and the private sector, in the Conference and its preparatory process, and decides:</p>
        </content>
      </paragraph>
      <paragraph eId="para_67" class="SingleTxt">
        <content eId="para_67__content">
          <p xml:space="preserve">	(a)	To invite non-governmental organizations that are in consultative status with the Economic and Social Council to register with the Secretariat in order to participate in the Conference and its preparatory process;</p>
        </content>
      </paragraph>
      <paragraph eId="para_68" class="SingleTxt">
        <content eId="para_68__content">
          <p xml:space="preserve">	(b)	To request the President of the General Assembly to draw up a list of representatives of other relevant non-governmental organizations, civil society organizations, academic institutions and the private sector who may participate in the Conference and its preparatory process as observers, taking into account the principles of transparency and of equitable geographical representation and with due regard for the participation of women, and to submit the proposed list to Member States for their consideration on a non-objection basis and bring the list to the attention of the Assembly;<authorialNote marker="13" placement="bottom" eId="authorialNote_13"><p xml:space="preserve">	 	The list of proposed as well as final names will be brought to the attention of the General Assembly. Where a name is objected to, the objecting Member State will, on a voluntary basis, make known to the Office of the President of the General Assembly the general basis of its objections and the Office will share any information received with any Member State upon its request.</p></authorialNote></p>
        </content>
      </paragraph>
      <paragraph eId="para_69" class="SingleTxt">
        <num>	53.</num>
        <content eId="para_69__content">
          <p xml:space="preserve">
            <span class="italic">Requests</span> the organs, organizations, funds and programmes of the United Nations system to undertake sectoral appraisals in their respective fields of competence on the implementation of the Istanbul Programme of Action, with special emphasis on areas where implementation has remained insufficient, and to make proposals for new measures, as necessary, as further inputs to the preparation for the Conference, and in this regard affirms that appropriate inter-agency meetings should be convened in order to ensure the full mobilization and coordination of the entire United Nations system, including the United Nations Development Programme, the United Nations Conference on Trade and Development, the World Bank Group, the International Monetary Fund and regional bodies according to their respective mandates;</p>
        </content>
      </paragraph>
      <paragraph eId="para_70" class="SingleTxt">
        <num>	54.</num>
        <content eId="para_70__content">
          <p xml:space="preserve">
            <span class="italic">Decides</span> that the Office of the High Representative shall be the focal point for the substantive and organizational preparations for the Conference, in accordance with mandates given in General Assembly resolution <a href="https://undocs.org/en/A/RES/56/227">56/227</a> of 24 December 2001, to ensure that those preparations are carried out effectively and to mobilize and coordinate the active involvement of the entire United Nations system;</p>
        </content>
      </paragraph>
      <paragraph eId="para_71" class="SingleTxt">
        <num>	55.</num>
        <content eId="para_71__content">
          <p xml:space="preserve">
            <span class="italic">Also decides</span> that the Under-Secretary-General and High Representative for the Least Developed Countries, Landlocked Developing Countries and Small Island Developing States shall serve as the Secretary-General of the Conference, and be responsible for making the arrangements necessary for carrying out the work of the Conference;</p>
        </content>
      </paragraph>
      <paragraph eId="para_72" class="SingleTxt">
        <num>	56.</num>
        <content eId="para_72__content">
          <p xml:space="preserve">
            <span class="italic">Reiterates</span> the critical importance of the full and effective participation of the least developed countries in the Conference and its preparatory processes at the national, regional and global levels, stresses that adequate resources should be provided, and in this regard requests the Secretary-General to mobilize voluntary contributions in order to cover the cost of the participation of government representatives from the least developed countries;</p>
        </content>
      </paragraph>
      <paragraph eId="para_73" class="SingleTxt">
        <num>	57.</num>
        <content eId="para_73__content">
          <p xml:space="preserve">
            <span class="italic">Invites</span> Governments, intergovernmental and non-governmental organizations, major groups and other donors to contribute in a timely manner to the trust fund in support of activities undertaken by the Office of the High Representative to support the implementation, follow-up and monitoring of the Istanbul Programme of Action and the participation of the representatives from the least developed countries in the high-level political forum on sustainable development of the Economic and Social Council as well as in other relevant forums and the Conference and its preparatory process, and in this regard expresses its appreciation to those countries that have made voluntary contributions to the trust fund;</p>
        </content>
      </paragraph>
      <paragraph eId="para_74" class="SingleTxt">
        <num>	58.</num>
        <content eId="para_74__content">
          <p xml:space="preserve">
            <span class="italic">Requests</span> the Secretary-General, with the assistance of relevant organizations and bodies of the United Nations system, including the Department of Global Communications of the Secretariat, in collaboration with the Office of the High Representative, to take the measures necessary to intensify their public information efforts and other appropriate initiatives to enhance public awareness of the Conference, including by highlighting its objectives and its significance;</p>
        </content>
      </paragraph>
      <paragraph eId="para_75" class="SingleTxt">
        <num>	59.</num>
        <content eId="para_75__content">
          <p xml:space="preserve">
            <span class="italic">Also requests</span> the Secretary-General to submit to the General Assembly at its seventy-fifth session a report on the implementation of the Istanbul Programme of Action over the past 10 years, identifying, inter alia, progress made, lessons learned and best practices, as well as structural constraints and handicaps encountered in achieving the objectives of the Programme of Action, and decides to include in the provisional agenda of its seventy-fifth session, under the item entitled “Groups of countries in special situations”, the sub-item entitled “Follow-up to the Fourth United Nations Conference on the Least Developed Countries”.</p>
        </content>
      </paragraph>
    </mainBody>
    <conclusions eId="conclusions">
      <p>
        <inline name="adoptionMeeting" title="52nd">52nd plenary meeting</inline>
        <eol />
        <docDate date="2019-12-19" refersTo="#adoptionDate">19 December 2019</docDate>
      </p>
    </conclusions>
  </statement>
</akomaNtoso>