<akomaNtoso xmlns:xsi="http://www.w3.org/2001/XMLSchema-instance" xsi:schemaLocation="http://docs.oasis-open.org/legaldocml/ns/akn/3.0 http://docs.oasis-open.org/legaldocml/akn-core/v1.0/os/part2-specs/schemas/akomantoso30.xsd" xmlns="http://docs.oasis-open.org/legaldocml/ns/akn/3.0" xmlns:html="http://www.w3.org/1999/xhtml" xmlns:akn4un="http://un.org/akn4un">
  <statement name="resolution">
    <meta>
      <identification source="#DGACM">
        <FRBRWork>
          <FRBRthis value="/akn/un/statement/deliberation/unga/2019-12-27/74-257/!main/"></FRBRthis>
          <FRBRuri value="/akn/un/statement/deliberation/unga/2019-12-27/74-257/"></FRBRuri>
          <FRBRdate date="2019-12-27" name="adoption"></FRBRdate>
          <FRBRauthor href="ga" as="author"></FRBRauthor>
          <FRBRcountry value="un"></FRBRcountry>
        </FRBRWork>
        <FRBRExpression>
          <FRBRthis value="/akn/un/statement/deliberation/unga/2019-12-27/74-257/eng@!main/"></FRBRthis>
          <FRBRuri value="/akn/un/statement/deliberation/unga/2019-12-27/74-257/eng@/"></FRBRuri>
          <FRBRdate date="2020-01-09" name="publication"></FRBRdate>
          <FRBRauthor href="ga" as="issuer"></FRBRauthor>
          <FRBRlanguage language="eng"></FRBRlanguage>
        </FRBRExpression>
        <FRBRManifestation>
          <FRBRthis value="/akn/un/statement/deliberation/unga/2019-12-27/74-257/eng@/!main.xml"></FRBRthis>
          <FRBRuri value="/akn/un/statement/deliberation/unga/2019-12-27/74-257/eng@.xml"></FRBRuri>
          <FRBRdate date="2020-07-31" name="markup"></FRBRdate>
          <FRBRauthor href="DGACM" as="editor"></FRBRauthor>
        </FRBRManifestation>
      </identification>
      <classification source="http://metadata.un.org/sdg">
        <keyword value="16" href="http://metadata.un.org/sdg/16" showAs="sdg_16" dictionary="SDGO"></keyword>
        <keyword value="right_to_justice" href="http://eurovoc.europa.eu/516" showAs="right_to_justice" dictionary="EuroVoc"></keyword>
        <keyword value="sustainable_development" href="http://eurovoc.europa.eu/5585" showAs="sustainable_development" dictionary="EuroVoc"></keyword>
        <keyword value="civil_society" href="http://metadata.un.org/thesaurus/1001012" showAs="civil_society" dictionary="UNBIS Thesaurus"></keyword>
        <keyword value="justice" href="http://metadata.un.org/thesaurus/1003500" showAs="justice" dictionary="UNBIS Thesaurus"></keyword>
        <keyword value="peaceful_coexistence" href="http://metadata.un.org/thesaurus/1004777" showAs="peaceful_coexistence" dictionary="UNBIS Thesaurus"></keyword>
        <keyword value="public_institutions" href="http://metadata.un.org/thesaurus/1005254" showAs="public_institutions" dictionary="UNBIS Thesaurus"></keyword>
        <keyword value="social_justice" href="http://metadata.un.org/thesaurus/1005970" showAs="social_justice" dictionary="UNBIS Thesaurus"></keyword>
        <keyword value="sustainable_development" href="http://metadata.un.org/thesaurus/1006319" showAs="sustainable_development" dictionary="UNBIS Thesaurus"></keyword>
      </classification>
      <workflow source="#un">
        <step date="2019-12-27" outcome="draftResolution" as="A/C.5/74/L.13" by="submitted by the Chair of the Committee" />
        <step date="0001-01-01" outcome="draftResolutionAdditionalSponsors" by="" />
        <step date="0001-01-01" outcome="recommendedForAdoption" as="A/74/605" by="" refersTo="5" />
        <step date="2019-12-27" outcome="adopted" as="A/74/PV.52" by="" />
      </workflow>
      <analysis source="#un">
        <parliamentary>
          <voting outcome="adoptedWithoutVote">
            <quorum value=""></quorum>
          </voting>
        </parliamentary>
      </analysis>
      <references source="#DGACM">
        <TLCOrganization eId="source" href="/akn/ontology/organization/un/DGACM" showAs="DGACM"></TLCOrganization>
        <TLCConcept eId="dateOfIssuance" href="/akn/ontology/concept/un/dateOfIssuance" showAs="Date of issuance"></TLCConcept>
        <TLCConcept eId="dateOfAdoption" href="/akn/ontology/concept/un/dateOfAdoption" showAs="Date of adoption"></TLCConcept>
        <TLCConcept eId="symbol" href="/akn/ontology/reference/un/symbol" showAs="Symbol"></TLCConcept>
        <TLCRole eId="publisher" href="/akn/ontology/role/un/publisher" showAs="Publisher"></TLCRole>
        <TLCRole eId="issuingBody" href="/akn/role/concept/un/issuingBody" showAs="Issuing body"></TLCRole>
        <TLCRole eId="author" href="/akn/ontology/role/un/author" showAs="Author"></TLCRole>
        <TLCRole eId="editor" href="/akn/ontology/role/un/editor" showAs="Editor"></TLCRole>
        <TLCRole eId="distribution" href="/akn/ontology/concept/un/generalDistribution" showAs="General distribution"></TLCRole>
        <TLCOrganization eId="ga" href="/akn/ontology/organization/un/generalAssembly" showAs="General Assembly"></TLCOrganization>
        <TLCTerm eId="resolutionTitle" href="/akn/ontology/reference/un/resolutionTitle" showAs="Resolution title"></TLCTerm>
        <TLCTerm eId="fifthCommittee" href="#fifthCommittee" showAs="Fifth Committee"></TLCTerm>
        <TLCTerm eId="memberState" href="/akn/ontology/organization/un/memberState" showAs="Member State"></TLCTerm>
        <TLCTerm eId="inFavour" href="/akn/ontology/concept/un/voting/inFavour" showAs="In favour"></TLCTerm>
        <TLCTerm eId="against" href="/akn/ontology/concept/un/voting/against" showAs="Against"></TLCTerm>
        <TLCTerm eId="abstaining" href="/akn/ontology/concept/un/voting/abstaining" showAs="Abstaining"></TLCTerm>
      </references>
      <presentation source="#un">
        <akn4un:footerFirstPage>
          <akn4un:footerFirstPageLeft>
            <akn4un:internalCode>
              <docketNumber refersTo="#publicationJobNumber">19-22723 (E)</docketNumber>
              <img alt="bar code" class="barCode" src=""></img>
            </akn4un:internalCode>
          </akn4un:footerFirstPageLeft>
          <akn4un:footerFirstPageRight>
            <img alt="Please recycle" class="image" src="./recylcleLogo.jpg"></img>
            <img alt="embedded QR code" class="qrCode" src=""></img>
          </akn4un:footerFirstPageRight>
        </akn4un:footerFirstPage>
      </presentation>
    </meta>
    <coverPage eId="coverPage_1">
      <p>
        <span refersTo="#publisher" class="upperLeft">
          <docAuthority refersTo="#publisher">United Nations</docAuthority>
        </span>
      </p>
      <p class="upperRight">
        <docNumber refersTo="#symbol">A/RES/74/257</docNumber>
      </p>
      <p class="upperLeft">
        <img src="logo-un.jpg"></img>
        <docAuthority refersTo="#issuingBody" class="rightBig">General Assembly</docAuthority>
      </p>
      <p>
        <docStatus refersTo="#generalDistribution" class="rightSmall">Distr.: General</docStatus>
      </p>
      <p>
        <docDate date="2020-01-09" class="rightSmall" refersTo="#dateOfIssuance">9 January 2020</docDate>
      </p>
      <p>
        <session refersTo="#generalAssembly" value="74" eId="coverPage_1__session_1">Seventy-fourth session</session>
      </p>
      <p>
        <inline name="agenda item">Agenda item 145</inline>
      </p>
      <p>
        <inline name="agenda item name">Review of the implementation of General Assembly resolutions 48/218 B, 54/244, 59/272, 64/263 and 69/253</inline>
      </p>
      <p>
        <docTitle>Resolution adopted by the General Assembly on 27 December 2019</docTitle>
      </p>
      <p xml:space="preserve">
        <docProponent refersTo="#fifthCommittee">[on the report of the Fifth Committee (<inline name="originating document">A/74/605</inline>)]</docProponent>
      </p>
    </coverPage>
    <preface>
      <p>
        <docNumber>74/257.</docNumber>
        <docTitle refersTo="#resolutionTitle">Review of the implementation of General Assembly resolutions 48/218 B, 54/244, 59/272, 64/263 and 69/253</docTitle>
      </p>
    </preface>
    <preamble>
      <formula name="enactingFormula" eId="formula_1">
        <p xml:space="preserve">
          <span class="italic">The General Assembly</span>,</p>
      </formula>
      <container name="Recalling" eId="container_2">
        <p xml:space="preserve">
          <span class="italic">Recalling</span> its resolutions <a href="https://undocs.org/en/A/RES/48/218">48/218</a> B of 29 July 1994, <a href="https://undocs.org/en/A/RES/54/244">54/244</a> of 23 December 1999, <a href="https://undocs.org/en/A/RES/59/272">59/272</a> of 23 December 2004, <a href="https://undocs.org/en/A/RES/64/263">64/263</a> of 29 March 2010 and <a href="https://undocs.org/en/A/RES/69/253">69/253</a> of 29 December 2014,</p>
      </container>
      <container name="Recalling also" eId="container_3">
        <p xml:space="preserve">
          <span class="italic">Recalling also</span> its resolution <a href="https://undocs.org/en/A/RES/61/275">61/275</a> of 29 June 2007,</p>
      </container>
    </preamble>
    <mainBody>
      <paragraph eId="para_4" class="SingleTxt">
        <num>	1.</num>
        <content eId="para_4__content">
          <p xml:space="preserve">
            <span class="italic">Reaffirms</span> its resolutions <a href="https://undocs.org/en/A/RES/48/218">48/218</a> B, <a href="https://undocs.org/en/A/RES/54/244">54/244</a>, <a href="https://undocs.org/en/A/RES/59/272">59/272</a>, <a href="https://undocs.org/en/A/RES/64/263">64/263</a> and <a href="https://undocs.org/en/A/RES/69/253">69/253</a>;</p>
        </content>
      </paragraph>
      <paragraph eId="para_5" class="SingleTxt">
        <num>	2.</num>
        <content eId="para_5__content">
          <p xml:space="preserve">
            <span class="italic">Also reaffirms</span> its primary role in the consideration of and action taken on reports submitted to it;</p>
        </content>
      </paragraph>
      <paragraph eId="para_6" class="SingleTxt">
        <num>	3.</num>
        <content eId="para_6__content">
          <p xml:space="preserve">
            <span class="italic">Further reaffirms</span> its oversight role and the role of the Fifth Committee in administrative and budgetary matters;</p>
        </content>
      </paragraph>
      <paragraph eId="para_7" class="SingleTxt">
        <num>	4.</num>
        <content eId="para_7__content">
          <p xml:space="preserve">
            <span class="italic">Reaffirms</span> the independence and the separate and distinct roles of the internal and external oversight mechanisms;</p>
        </content>
      </paragraph>
      <paragraph eId="para_8" class="SingleTxt">
        <num>	5.</num>
        <content eId="para_8__content">
          <p xml:space="preserve">
            <span class="italic">Recognizes</span> the important roles and operational independence of the oversight bodies, including the Office of Internal Oversight Services of the Secretariat, in contributing to improvements in the effectiveness, transparency and accountability of the Organization;</p>
        </content>
      </paragraph>
      <paragraph eId="para_9" class="SingleTxt">
        <num>	6.</num>
        <content eId="para_9__content">
          <p xml:space="preserve">
            <span class="italic">Recalls</span> that the Office shall exercise operational independence relating to the performance of its internal oversight functions, under the authority of the Secretary-General, in accordance with the relevant resolutions;</p>
        </content>
      </paragraph>
      <paragraph eId="para_10" class="SingleTxt">
        <num>	7.</num>
        <content eId="para_10__content">
          <p xml:space="preserve">
            <span class="italic">Stresses</span> that the independence and objectivity of the Office are vital in ensuring that its internal oversight functions are carried out in a credible, factual and unbiased manner, and reaffirms the authority of the Office to initiate, carry out and report on any action to fulfil its oversight functions;</p>
        </content>
      </paragraph>
      <paragraph eId="para_11" class="SingleTxt">
        <num>	8.</num>
        <content eId="para_11__content">
          <p xml:space="preserve">
            <span class="italic">Reaffirms</span> that the purpose of the Office is to assist the Secretary-General in fulfilling his internal oversight responsibilities in respect of the resources and staff of the Organization;</p>
        </content>
      </paragraph>
      <paragraph eId="para_12" class="SingleTxt">
        <num>	9.</num>
        <content eId="para_12__content">
          <p xml:space="preserve">
            <span class="italic">Emphasizes</span> that the implementation of recommendations and the reporting procedures of the Office should continue as established by the General Assembly;</p>
        </content>
      </paragraph>
      <paragraph eId="para_13" class="SingleTxt">
        <num>	10.</num>
        <content eId="para_13__content">
          <p xml:space="preserve">
            <span class="italic">Notes</span> the role of the Management Committee in monitoring closely the implementation of the recommendations of oversight bodies, and stresses the importance of follow-up with programme managers to ensure the full implementation of those recommendations in a prompt and timely manner, especially those critical recommendations whose implementation is overdue;</p>
        </content>
      </paragraph>
      <paragraph eId="para_14" class="SingleTxt">
        <num>	11.</num>
        <content eId="para_14__content">
          <p xml:space="preserve">
            <span class="italic">Welcomes</span> the continued efforts of the Office to promote the Organization’s zero-tolerance approach to fraud, corruption, sexual harassment and sexual exploitation and abuse, and the actions taken in this regard, including the creation of a specialized team to investigate sexual harassment complaints and the implementation of a procedure for addressing such complaints, and also welcomes the efforts made to strengthen the investigative capacity of the Office in the light of the need to improve the average time required to complete the growing number of investigations into a range of misconduct, including cases of sexual harassment;</p>
        </content>
      </paragraph>
      <paragraph eId="para_15" class="SingleTxt">
        <num>	12.</num>
        <content eId="para_15__content">
          <p xml:space="preserve">
            <span class="italic">Requests</span> the Secretary-General to take all measures necessary to ensure that the credibility of the Organization and its staff is protected;</p>
        </content>
      </paragraph>
      <paragraph eId="para_16" class="MercuryDocument">
        <num>	13.</num>
        <content eId="para_16__content">
          <p xml:space="preserve">
            <span class="italic">Decides</span> to evaluate and review at its seventy-ninth session the functions and reporting procedures of the Office and any other matter that it deems appropriate, and to that end to include in the provisional agenda of that session an item entitled “Review of the implementation of General Assembly resolutions <a href="https://undocs.org/en/A/RES/48/218">48/218</a> B, <a href="https://undocs.org/en/A/RES/54/244">54/244</a>, <a href="https://undocs.org/en/A/RES/59/272">59/272</a>, <a href="https://undocs.org/en/A/RES/64/263">64/263</a>, <a href="https://undocs.org/en/A/RES/69/253">69/253</a> and 74/257”.</p>
        </content>
      </paragraph>
    </mainBody>
    <conclusions eId="conclusions">
      <p>
        <inline name="adoptionMeeting" title="52nd">52nd (resumed) plenary meeting</inline>
        <eol />
        <docDate date="2019-12-27" refersTo="#adoptionDate">27 December 2019</docDate>
      </p>
    </conclusions>
  </statement>
</akomaNtoso>