<akomaNtoso xmlns:xsi="http://www.w3.org/2001/XMLSchema-instance" xsi:schemaLocation="http://docs.oasis-open.org/legaldocml/ns/akn/3.0 http://docs.oasis-open.org/legaldocml/akn-core/v1.0/os/part2-specs/schemas/akomantoso30.xsd" xmlns="http://docs.oasis-open.org/legaldocml/ns/akn/3.0" xmlns:html="http://www.w3.org/1999/xhtml" xmlns:akn4un="http://un.org/akn4un">
  <statement name="resolution">
    <meta>
      <identification source="#DGACM">
        <FRBRWork>
          <FRBRthis value="/akn/un/statement/deliberation/unga/2019-12-19/74-222/!main/"></FRBRthis>
          <FRBRuri value="/akn/un/statement/deliberation/unga/2019-12-19/74-222/"></FRBRuri>
          <FRBRdate date="2019-12-19" name="adoption"></FRBRdate>
          <FRBRauthor href="ga" as="author"></FRBRauthor>
          <FRBRcountry value="un"></FRBRcountry>
        </FRBRWork>
        <FRBRExpression>
          <FRBRthis value="/akn/un/statement/deliberation/unga/2019-12-19/74-222/eng@!main/"></FRBRthis>
          <FRBRuri value="/akn/un/statement/deliberation/unga/2019-12-19/74-222/eng@/"></FRBRuri>
          <FRBRdate date="2020-01-27" name="publication"></FRBRdate>
          <FRBRauthor href="ga" as="issuer"></FRBRauthor>
          <FRBRlanguage language="eng"></FRBRlanguage>
        </FRBRExpression>
        <FRBRManifestation>
          <FRBRthis value="/akn/un/statement/deliberation/unga/2019-12-19/74-222/eng@/!main.xml"></FRBRthis>
          <FRBRuri value="/akn/un/statement/deliberation/unga/2019-12-19/74-222/eng@.xml"></FRBRuri>
          <FRBRdate date="2020-07-31" name="markup"></FRBRdate>
          <FRBRauthor href="DGACM" as="editor"></FRBRauthor>
        </FRBRManifestation>
      </identification>
      <classification source="http://metadata.un.org/sdg">
        <keyword value="17" href="http://metadata.un.org/sdg/17" showAs="sdg_17" dictionary="SDGO"></keyword>
        <keyword value="sustainable_development" href="http://eurovoc.europa.eu/5585" showAs="sustainable_development" dictionary="EuroVoc"></keyword>
        <keyword value="partnership" href="http://eurovoc.europa.eu/4199" showAs="partnership" dictionary="EuroVoc"></keyword>
        <keyword value="sustainable_development" href="http://metadata.un.org/thesaurus/1006319" showAs="sustainable_development" dictionary="UNBIS Thesaurus"></keyword>
        <keyword value="partnership" href="http://metadata.un.org/thesaurus/1004748" showAs="partnership" dictionary="UNBIS Thesaurus"></keyword>
      </classification>
      <classification source="http://metadata.un.org/sdg">
        <keyword value="16" href="http://metadata.un.org/sdg/16" showAs="sdg_16" dictionary="SDGO"></keyword>
        <keyword value="right_to_justice" href="http://eurovoc.europa.eu/516" showAs="right_to_justice" dictionary="EuroVoc"></keyword>
        <keyword value="sustainable_development" href="http://eurovoc.europa.eu/5585" showAs="sustainable_development" dictionary="EuroVoc"></keyword>
        <keyword value="civil_society" href="http://metadata.un.org/thesaurus/1001012" showAs="civil_society" dictionary="UNBIS Thesaurus"></keyword>
        <keyword value="justice" href="http://metadata.un.org/thesaurus/1003500" showAs="justice" dictionary="UNBIS Thesaurus"></keyword>
        <keyword value="peaceful_coexistence" href="http://metadata.un.org/thesaurus/1004777" showAs="peaceful_coexistence" dictionary="UNBIS Thesaurus"></keyword>
        <keyword value="public_institutions" href="http://metadata.un.org/thesaurus/1005254" showAs="public_institutions" dictionary="UNBIS Thesaurus"></keyword>
        <keyword value="social_justice" href="http://metadata.un.org/thesaurus/1005970" showAs="social_justice" dictionary="UNBIS Thesaurus"></keyword>
        <keyword value="sustainable_development" href="http://metadata.un.org/thesaurus/1006319" showAs="sustainable_development" dictionary="UNBIS Thesaurus"></keyword>
      </classification>
      <classification source="http://metadata.un.org/sdg">
        <keyword value="12" href="http://metadata.un.org/sdg/12" showAs="sdg_12" dictionary="SDGO"></keyword>
        <keyword value="consumption" href="http://eurovoc.europa.eu/139" showAs="consumption" dictionary="EuroVoc"></keyword>
        <keyword value="production" href="http://eurovoc.europa.eu/2707" showAs="production" dictionary="EuroVoc"></keyword>
        <keyword value="sustainable_consumption" href="http://metadata.un.org/thesaurus/1006318" showAs="sustainable_consumption" dictionary="UNBIS Thesaurus"></keyword>
        <keyword value="consumption" href="http://metadata.un.org/thesaurus/1001264" showAs="consumption" dictionary="UNBIS Thesaurus"></keyword>
        <keyword value="production" href="http://metadata.un.org/thesaurus/1005146" showAs="production" dictionary="UNBIS Thesaurus"></keyword>
      </classification>
      <workflow source="#un">
        <step date="2019-11-19" outcome="draftResolution" as="A/C.2/74/L.52" by="submitted by the Vice-Chair of the Committee" />
        <step date="0001-01-01" outcome="draftResolutionAdditionalSponsors" by="" />
        <step date="0001-01-01" outcome="recommendedForAdoption" as="A/74/381/Add.7" by="" refersTo="8" />
        <step date="2019-12-19" outcome="adopted" as="A/74/PV.52" by="" />
      </workflow>
      <analysis source="#un">
        <parliamentary>
          <voting outcome="adoptedWithoutVote">
            <quorum value=""></quorum>
          </voting>
        </parliamentary>
      </analysis>
      <references source="#DGACM">
        <TLCOrganization eId="source" href="/akn/ontology/organization/un/DGACM" showAs="DGACM"></TLCOrganization>
        <TLCConcept eId="dateOfIssuance" href="/akn/ontology/concept/un/dateOfIssuance" showAs="Date of issuance"></TLCConcept>
        <TLCConcept eId="dateOfAdoption" href="/akn/ontology/concept/un/dateOfAdoption" showAs="Date of adoption"></TLCConcept>
        <TLCConcept eId="symbol" href="/akn/ontology/reference/un/symbol" showAs="Symbol"></TLCConcept>
        <TLCRole eId="publisher" href="/akn/ontology/role/un/publisher" showAs="Publisher"></TLCRole>
        <TLCRole eId="issuingBody" href="/akn/role/concept/un/issuingBody" showAs="Issuing body"></TLCRole>
        <TLCRole eId="author" href="/akn/ontology/role/un/author" showAs="Author"></TLCRole>
        <TLCRole eId="editor" href="/akn/ontology/role/un/editor" showAs="Editor"></TLCRole>
        <TLCRole eId="distribution" href="/akn/ontology/concept/un/generalDistribution" showAs="General distribution"></TLCRole>
        <TLCOrganization eId="ga" href="/akn/ontology/organization/un/generalAssembly" showAs="General Assembly"></TLCOrganization>
        <TLCTerm eId="resolutionTitle" href="/akn/ontology/reference/un/resolutionTitle" showAs="Resolution title"></TLCTerm>
        <TLCTerm eId="secondCommittee" href="#secondCommittee" showAs="Second Committee"></TLCTerm>
        <TLCTerm eId="memberState" href="/akn/ontology/organization/un/memberState" showAs="Member State"></TLCTerm>
        <TLCTerm eId="inFavour" href="/akn/ontology/concept/un/voting/inFavour" showAs="In favour"></TLCTerm>
        <TLCTerm eId="against" href="/akn/ontology/concept/un/voting/against" showAs="Against"></TLCTerm>
        <TLCTerm eId="abstaining" href="/akn/ontology/concept/un/voting/abstaining" showAs="Abstaining"></TLCTerm>
      </references>
      <presentation source="#un">
        <akn4un:footerFirstPage>
          <akn4un:footerFirstPageLeft>
            <akn4un:internalCode>
              <docketNumber refersTo="#publicationJobNumber">19-22491 (E)</docketNumber>
              <img alt="bar code" class="barCode" src=""></img>
            </akn4un:internalCode>
          </akn4un:footerFirstPageLeft>
          <akn4un:footerFirstPageRight>
            <img alt="Please recycle" class="image" src="./recylcleLogo.jpg"></img>
            <img alt="embedded QR code" class="qrCode" src=""></img>
          </akn4un:footerFirstPageRight>
        </akn4un:footerFirstPage>
      </presentation>
    </meta>
    <coverPage eId="coverPage_1">
      <p>
        <span refersTo="#publisher" class="upperLeft">
          <docAuthority refersTo="#publisher">United Nations</docAuthority>
        </span>
      </p>
      <p class="upperRight">
        <docNumber refersTo="#symbol">A/RES/74/222</docNumber>
      </p>
      <p class="upperLeft">
        <img src="logo-un.jpg"></img>
        <docAuthority refersTo="#issuingBody" class="rightBig">General Assembly</docAuthority>
      </p>
      <p>
        <docStatus refersTo="#generalDistribution" class="rightSmall">Distr.: General</docStatus>
      </p>
      <p>
        <docDate date="2020-01-27" class="rightSmall" refersTo="#dateOfIssuance">27 January 2020</docDate>
      </p>
      <p>
        <session refersTo="#generalAssembly" value="74" eId="coverPage_1__session_1">Seventy-fourth session</session>
      </p>
      <p>
        <inline name="agenda item">Agenda item 19 (g)</inline>
      </p>
      <p>
        <inline name="agenda item name">Sustainable development: report of the United Nations Environment Assembly of the United Nations Environment Programme</inline>
      </p>
      <p>
        <docTitle>Resolution adopted by the General Assembly on 19 December 2019</docTitle>
      </p>
      <p xml:space="preserve">
        <docProponent refersTo="#secondCommittee">[on the report of the Second Committee (<inline name="originating document">A/74/381/Add.7</inline>)]</docProponent>
      </p>
    </coverPage>
    <preface>
      <p>
        <docNumber>74/222.</docNumber>
        <docTitle refersTo="#resolutionTitle">Report of the United Nations Environment Assembly of the United Nations Environment Programme</docTitle>
      </p>
    </preface>
    <preamble>
      <formula name="enactingFormula" eId="formula_1">
        <p xml:space="preserve">
          <span class="italic">The General Assembly</span>,</p>
      </formula>
      <container name="Reaffirming" eId="container_2">
        <p xml:space="preserve">
          <span class="italic">Reaffirming</span> the mandate contained in its resolution <a href="https://undocs.org/en/A/RES/2997 (XXVII)">2997 (XXVII)</a> of 15 December 1972, by which it established the United Nations Environment Programme, and other relevant resolutions that reinforce its mandate, as well as the 1997 Nairobi Declaration on the Role and Mandate of the United Nations Environment Programme of 7 February 1997,<authorialNote marker="1" placement="bottom" eId="authorialNote_1"><p xml:space="preserve"><span class="italic">Official Records of the General Assembly, Fifty-second Session, Supplement No. 25</span> (<a href="https://undocs.org/en/A/52/25">A/52/25</a>), annex, decision 19/1, annex.</p></authorialNote> the Malmö Ministerial Declaration of 31 May 2000<authorialNote marker="2" placement="bottom" eId="authorialNote_2"><p xml:space="preserve">	 	Ibid., <span class="italic">Fifty-fifth Session, Supplement No. 25</span> (<a href="https://undocs.org/en/A/55/25">A/55/25</a>), annex I, decision SS.VI/1, annex.</p></authorialNote> and the Nusa Dua Declaration of 26 February 2010,<authorialNote marker="3" placement="bottom" eId="authorialNote_3"><p xml:space="preserve">	 	Ibid., <span class="italic">Sixty-fifth Session, Supplement No. 25</span> (<a href="https://undocs.org/en/A/65/25">A/65/25</a>), annex I, decision SS.XI/9.</p></authorialNote></p>
      </container>
      <container name="Reaffirming also" eId="container_3">
        <p xml:space="preserve">
          <span class="italic">Reaffirming also</span> its commitment to strengthening the role of the United Nations Environment Programme as the leading global environmental authority that sets the global environmental agenda, promotes the coherent implementation of the environmental dimension of sustainable development within the United Nations system and serves as an authoritative advocate for the global environment,</p>
      </container>
      <container name="Recalling" eId="container_4">
        <p xml:space="preserve">
          <span class="italic">Recalling</span> the outcome document of the United Nations Conference on Sustainable Development, held from 20 to 22 June 2012 in Rio de Janeiro, Brazil, entitled “The future we want”,<authorialNote marker="4" placement="bottom" eId="authorialNote_4"><p xml:space="preserve">	 	Resolution <a href="https://undocs.org/en/A/RES/66/288">66/288</a>, annex.</p></authorialNote> and noting the follow-up on paragraph 88, subparagraphs (a) to (h), of the outcome document, including through General Assembly resolution <a href="https://undocs.org/en/A/RES/67/213">67/213</a> of 21 December 2012,</p>
      </container>
      <container name="Recalling also" eId="container_5">
        <p xml:space="preserve">
          <span class="italic">Recalling also</span> the establishment of universal membership in the Governing Council of the United Nations Environment Programme, as well as other measures to strengthen its governance and its responsiveness and accountability to Member States, the attendant change of its designation to the United Nations Environment Assembly of the United Nations Environment Programme and the evolution in the periodicity of its sessions,</p>
      </container>
      <container name="Recalling further" eId="container_6">
        <p xml:space="preserve">
          <span class="italic">Recalling further</span> its resolutions <a href="https://undocs.org/en/A/RES/68/215">68/215</a> of 20 December 2013, <a href="https://undocs.org/en/A/RES/69/223">69/223</a> of 19 December 2014, <a href="https://undocs.org/en/A/RES/71/231">71/231</a> of 21 December 2016 and <a href="https://undocs.org/en/A/RES/73/260">73/260</a> of 22 December 2018,</p>
      </container>
      <container name="Reaffirming" eId="container_7">
        <p xml:space="preserve">
          <span class="italic">Reaffirming</span> the Rio Declaration on Environment and Development<authorialNote marker="5" placement="bottom" eId="authorialNote_5"><p xml:space="preserve"><span class="italic">Report of the United Nations Conference on Environment and Development, Rio de Janeiro, 3−14 June 1992</span>, vol. I, <span class="italic">Resolutions Adopted by the Conference</span> (United Nations publication, Sales No. E.93.I.8 and corrigendum), resolution 1, annex I.</p></authorialNote> and its principles,</p>
      </container>
      <container name="Taking into account" eId="container_8">
        <p xml:space="preserve">
          <span class="italic">Taking into account</span> Agenda 21<authorialNote marker="6" placement="bottom" eId="authorialNote_6"><p xml:space="preserve">	 	Ibid., annex II.</p></authorialNote> and the Plan of Implementation of the World Summit on Sustainable Development,<authorialNote marker="7" placement="bottom" eId="authorialNote_7"><p xml:space="preserve"><span class="italic">Report of the World Summit on Sustainable Development, Johannesburg, South Africa, 26 August–4 September 2002</span> (United Nations publication, Sales No. E.03.II.A.1 and corrigendum), chap. I, resolution 2, annex.</p></authorialNote></p>
      </container>
      <container name="Recalling" eId="container_9">
        <p xml:space="preserve">
          <span class="italic">Recalling</span> the 2005 World Summit Outcome<authorialNote marker="8" placement="bottom" eId="authorialNote_8"><p xml:space="preserve">	 	Resolution <a href="https://undocs.org/en/A/RES/60/1">60/1</a>.</p></authorialNote> and the outcome document of the special event of the General Assembly to follow up efforts made towards achieving the Millennium Development Goals,<authorialNote marker="9" placement="bottom" eId="authorialNote_9"><p xml:space="preserve">	 	Resolution <a href="https://undocs.org/en/A/RES/68/6">68/6</a>.</p></authorialNote></p>
      </container>
      <container name="Recalling also" eId="container_10">
        <p xml:space="preserve">
          <span class="italic">Recalling also</span> the Bali Strategic Plan for Technology Support and Capacity-building,<authorialNote marker="10" placement="bottom" eId="authorialNote_10"><p xml:space="preserve">	 	United Nations Environment Programme, document UNEP/GC.23/6/Add.1 and UNEP/GC.23/6/Add.1/Corr.1, annex.</p></authorialNote></p>
      </container>
      <container name="Reaffirming" eId="container_11">
        <p xml:space="preserve">
          <span class="italic">Reaffirming</span> its resolution <a href="https://undocs.org/en/A/RES/70/1">70/1</a> of 25 September 2015, entitled “Transforming our world: the 2030 Agenda for Sustainable Development”, in which it adopted a comprehensive, far-reaching and people-centred set of universal and transformative Sustainable Development Goals and targets, its commitment to working tirelessly for the full implementation of the Agenda by 2030, its recognition that eradicating poverty in all its forms and dimensions, including extreme poverty, is the greatest global challenge and an indispensable requirement for sustainable development, its commitment to achieving sustainable development in its three dimensions – economic, social and environmental – in a balanced and integrated manner, and to building upon the achievements of the Millennium Development Goals and seeking to address their unfinished business,</p>
      </container>
      <container name="Reaffirming also" eId="container_12">
        <p xml:space="preserve">
          <span class="italic">Reaffirming also</span> its resolution <a href="https://undocs.org/en/A/RES/69/313">69/313</a> of 27 July 2015 on the Addis Ababa Action Agenda of the Third International Conference on Financing for Development, which is an integral part of the 2030 Agenda for Sustainable Development, supports and complements it, helps to contextualize its means of implementation targets with concrete policies and actions, and reaffirms the strong political commitment to address the challenge of financing and creating an enabling environment at all levels for sustainable development in the spirit of global partnership and solidarity,</p>
      </container>
      <container name="Reaffirming further" eId="container_13">
        <p xml:space="preserve">
          <span class="italic">Reaffirming further</span> the Paris Agreement and its early entry into force,<authorialNote marker="11" placement="bottom" eId="authorialNote_11"><p xml:space="preserve">	 	Adopted under the UNFCCC in <a href="https://undocs.org/en/FCCC/CP/2015/10/Add.1">FCCC/CP/2015/10/Add.1</a>, decision 1/CP.21.</p></authorialNote> and encouraging all its parties to fully implement the Agreement, and parties to the United Nations Framework Convention on Climate Change<authorialNote marker="12" placement="bottom" eId="authorialNote_12"><p xml:space="preserve">	 	United Nations, <span class="italic">Treaty Series</span>, vol. 1771, No. 30822.</p></authorialNote> that have not yet done so to deposit their instruments of ratification, acceptance, approval or accession, where appropriate, as soon as possible,</p>
      </container>
      <container name="Highlighting" eId="container_14">
        <p xml:space="preserve">
          <span class="italic">Highlighting</span> the synergies between the implementation of the 2030 Agenda, the Addis Ababa Action Agenda, the Paris Agreement and other relevant major intergovernmental outcomes of United Nations conferences and summits in economic, social and environmental fields,</p>
      </container>
      <container name="Welcoming" eId="container_15">
        <p xml:space="preserve">
          <span class="italic">Welcoming</span> the holding of the 2019 Climate Action Summit convened by the Secretary-General on 23 September, noting the multi-partner initiatives and commitments presented during the Summit and noting also the Youth Climate Summit, held in New York on 21 September,</p>
      </container>
      <container name="Looking forward" eId="container_16">
        <p xml:space="preserve">
          <span class="italic">Looking forward</span> to the summit on biodiversity to be held in 2020 in support of a post-2020 global biodiversity framework that contributes to the 2030 Agenda for Sustainable Development, recalling resolution <a href="https://undocs.org/en/A/RES/71/312">71/312</a> of 6 July 2017, entitled “Our ocean, our future: call for action”, and looking forward to the 2020 United Nations Conference to Support the Implementation of Sustainable Development Goal 14: Conserve and sustainably use the oceans, seas and marine resources for sustainable development,</p>
      </container>
      <container name="Taking note" eId="container_17">
        <p xml:space="preserve">
          <span class="italic">Taking note</span> of the contribution of the United Nations Environment Assembly to addressing the challenge of, inter alia, climate change and biodiversity loss, within its mandate and in collaboration with other relevant organizations and stakeholders,</p>
      </container>
      <container name="Committed" eId="container_18">
        <p xml:space="preserve">
          <span class="italic">Committed</span> to strengthening international environmental governance within the context of the institutional framework for sustainable development in order to promote a balanced integration of the economic, social and environmental dimensions of sustainable development as well as coordination within the United Nations system,</p>
      </container>
      <container name="Committed also" eId="container_19">
        <p xml:space="preserve">
          <span class="italic">Committed also</span> to enhancing the voice of the United Nations Environment Programme and its ability to fulfil its coordination mandate within the United Nations system by strengthening its engagement in key United Nations coordination bodies and empowering it to lead efforts to formulate United Nations system-wide strategies on the environment,</p>
      </container>
      <container name="Recognizing" eId="container_20">
        <p xml:space="preserve">
          <span class="italic">Recognizing</span> the important contribution of the United Nations Environment Assembly to the 2019 high-level political forum on sustainable development, which met under the auspices of the Economic and Social Council from 9 to 18 July in New York and undertook an in-depth review of progress on a subset of 6 of the 17 Sustainable Development Goals,</p>
      </container>
      <container name="Reiterating" eId="container_21">
        <p xml:space="preserve">
          <span class="italic">Reiterating</span> the need for secure, stable, adequate and predictable financial resources for the United Nations Environment Programme, and, in accordance with resolution <a href="https://undocs.org/en/A/RES/2997 (XXVII)">2997 (XXVII)</a>, underlining the need to consider the adequate reflection of all the administrative and management costs of the Programme in the context of the United Nations regular budget, as well as the need to realize efficiency gains,</p>
      </container>
      <container name="Reaffirming" eId="container_22">
        <p xml:space="preserve">
          <span class="italic">Reaffirming</span> the commitments, as contained in the ministerial outcome document of the first session of the United Nations Environment Assembly of the United Nations Environment Programme, held in Nairobi from 23 to 27 June 2014,<authorialNote marker="13" placement="bottom" eId="authorialNote_13"><p xml:space="preserve"><span class="italic">Official Records of the General Assembly, Sixty-ninth Session, Supplement No. 25</span> (<a href="https://undocs.org/en/A/69/25">A/69/25</a>), annex, resolution 1/1.</p></authorialNote> inter alia, to ensure the full integration of the environmental dimension, especially throughout the sustainable development agenda, acknowledging that a healthy environment is an essential requirement and key enabler for sustainable development,</p>
      </container>
      <container name="Reiterating" eId="container_23">
        <p xml:space="preserve">
          <span class="italic">Reiterating</span> the need to develop and expand partnerships, including between Governments, the private sector, academia, relevant United Nations entities and programmes, indigenous peoples and local communities, civil society and individuals,</p>
      </container>
    </preamble>
    <mainBody>
      <paragraph eId="para_24" class="SingleTxt">
        <num>	1.</num>
        <content eId="para_24__content">
          <p xml:space="preserve">
            <span class="italic">Welcomes</span> the holding of the fourth session of the United Nations Environment Assembly of the United Nations Environment Programme in Nairobi from 11 to 15 March 2019, also welcomes the report on the session and the resolutions and decisions contained therein,<authorialNote marker="14" placement="bottom" eId="authorialNote_14"><p xml:space="preserve">	 	Ibid., <span class="italic">Seventy-fourth Session, Supplement No. 25</span> (<a href="https://undocs.org/en/A/74/25">A/74/25</a>).</p></authorialNote> and looks forward to the convening of the fifth session of the United Nations Environment Assembly from 22 to 26 February 2021;</p>
        </content>
      </paragraph>
      <paragraph eId="para_25" class="SingleTxt">
        <num>	2.</num>
        <content eId="para_25__content">
          <p xml:space="preserve">
            <span class="italic">Reiterates</span> the ministerial declaration entitled “Innovative solutions for environmental challenges and sustainable consumption and production”,<authorialNote marker="15" placement="bottom" eId="authorialNote_15"><p xml:space="preserve">	 	UNEP/EA.4/HLS.1.</p></authorialNote> adopted by the United Nations Environment Assembly of the United Nations Environment Programme at its fourth session, and reaffirms that embracing innovative solutions for environmental challenges and sustainable consumption and production are important elements for implementing the 2030 Agenda for Sustainable Development<authorialNote marker="16" placement="bottom" eId="authorialNote_16"><p xml:space="preserve">	 	Resolution <a href="https://undocs.org/en/A/RES/70/1">70/1</a>.</p></authorialNote> and achieving the Sustainable Development Goals;</p>
        </content>
      </paragraph>
      <paragraph eId="para_26" class="SingleTxt">
        <num>	3.</num>
        <content eId="para_26__content">
          <p xml:space="preserve">
            <span class="italic">Encourages</span> Member States to advance innovative pathways to achieve sustainable consumption and production, in line with resolution 4/1 of 15 March 2019 of the United Nations Environment Assembly of the United Nations Environment Programme;<authorialNote marker="17" placement="bottom" eId="authorialNote_17"><p xml:space="preserve">	 	UNEP/EA.4/Res.1.</p></authorialNote></p>
        </content>
      </paragraph>
      <paragraph eId="para_27" class="SingleTxt">
        <num>	4.</num>
        <content eId="para_27__content">
          <p xml:space="preserve">
            <span class="italic">Invites</span> the Statistical Commission, the Commission on Science and Technology for Development and other relevant United Nations entities to support the Executive Director of the United Nations Environment Programme in the development of a global environmental data strategy by 2025, as referred to in the ministerial declaration adopted by the United Nations Environment Assembly at its fourth session;</p>
        </content>
      </paragraph>
      <paragraph eId="para_28" class="SingleTxt">
        <num>	5.</num>
        <content eId="para_28__content">
          <p xml:space="preserve">
            <span class="italic">Invites</span> Member States and all relevant United Nations bodies and partners to contribute to the delivery of the implementation plan “Towards a pollution-free planet” as set out in United Nations Environment Assembly resolution 4/21 of 15 March 2019;<authorialNote marker="18" placement="bottom" eId="authorialNote_18"><p xml:space="preserve">	 	UNEP/EA.4/Res.21.</p></authorialNote></p>
        </content>
      </paragraph>
      <paragraph eId="para_29" class="SingleTxt">
        <num>	6.</num>
        <content eId="para_29__content">
          <p xml:space="preserve">
            <span class="italic">Welcomes</span> the continued commitment of the United Nations Environment Assembly to contributing to the effective implementation of the environmental dimension of the 2030 Agenda for Sustainable Development in an integrated manner, as reflected in its resolutions 2/5 of 27 May 2016<authorialNote marker="19" placement="bottom" eId="authorialNote_19"><p xml:space="preserve"><span class="italic">Official Records of the General Assembly, Seventy-first Session, Supplement No. 25</span> (<a href="https://undocs.org/en/A/71/25">A/71/25</a>), annex, resolution 2/5.</p></authorialNote> and 3/3 of 6 December 2017<authorialNote marker="20" placement="bottom" eId="authorialNote_20"><p xml:space="preserve">	 	UNEP/EA.3/Res.3.</p></authorialNote> on the contributions of the United Nations Environment Assembly to the high-level political forum on sustainable development;</p>
        </content>
      </paragraph>
      <paragraph eId="para_30" class="SingleTxt">
        <num>	7.</num>
        <content eId="para_30__content">
          <p xml:space="preserve">
            <span class="italic">Commends</span> the President and the Bureau of the Economic and Social Council for supporting and facilitating the effective integration of the contributions of the United Nations Environment Assembly into the preparation, work and proceedings of, and the participation of the President of the Environment Assembly in, the high-level political forum on sustainable development under the auspices of the Economic and Social Council;</p>
        </content>
      </paragraph>
      <paragraph eId="para_31" class="SingleTxt">
        <num>	8.</num>
        <content eId="para_31__content">
          <p xml:space="preserve">
            <span class="italic">Encourages</span> the President of the United Nations Environment Assembly to continue to convey the main messages agreed upon by the Environment Assembly at its sessions during the high-level political forum on sustainable development under the auspices of the Economic and Social Council, as appropriate, taking into account the integrated nature of the 2030 Agenda for Sustainable Development, as well as General Assembly resolutions <a href="https://undocs.org/en/A/RES/67/290">67/290</a> of 9 July 2013 and <a href="https://undocs.org/en/A/RES/70/299">70/299</a> of 29 July 2016;</p>
        </content>
      </paragraph>
      <paragraph eId="para_32" class="SingleTxt">
        <num>	9.</num>
        <content eId="para_32__content">
          <p xml:space="preserve">
            <span class="italic">Welcomes</span> the contributions of the United Nations Environment Assembly to the lead-up, inputs and meetings of the high-level political forum on sustainable development under the auspices of the General Assembly in 2019, and looks forward to further contributions to the high-level political forum under the auspices of the General Assembly and the Economic and Social Council;</p>
        </content>
      </paragraph>
      <paragraph eId="para_33" class="SingleTxt">
        <num>	10.</num>
        <content eId="para_33__content">
          <p xml:space="preserve">
            <span class="italic">Reiterates</span> that capacity-building and technology support to developing countries in environment-related fields are important components of the work of the United Nations Environment Programme, and in this regard calls for the continued and focused implementation of the Bali Strategic Plan for Technology Support and Capacity-building<sup>10</sup> adopted by the Programme;</p>
        </content>
      </paragraph>
      <paragraph eId="para_34" class="SingleTxt">
        <num>	11.</num>
        <content eId="para_34__content">
          <p xml:space="preserve">
            <span class="italic">Welcomes</span> the sixth flagship <span class="italic">Global Environment Outlook</span> report and its summary for policymakers,<authorialNote marker="21" placement="bottom" eId="authorialNote_21"><p xml:space="preserve">	 	The designations employed and the presentation of the material in the summary for policymakers do not imply the expression of any opinion whatsoever on the part of the United Nations Environment Programme concerning the legal status of any country, territory or city or of its authorities, or concerning the delimitation of its frontiers or boundaries. For general guidance on matters relating to the use of maps in publications, please see <a href="http://www.un.org/Depts/Cartographic/english/htmain.htm">www.un.org/Depts/Cartographic/english/htmain.htm</a>. </p></authorialNote> which was reviewed and approved by Member States from 21 to 24 January 2019 and welcomed with appreciation by the United Nations Environment Assembly at its fourth session, and reiterates the continuing need for the United Nations Environment Programme to conduct up-to-date, comprehensive, scientifically based and policy-relevant global environmental assessments, in close consultation with Member States, in order to support decision-making processes at all levels;</p>
        </content>
      </paragraph>
      <paragraph eId="para_35" class="SingleTxt">
        <num>	12.</num>
        <content eId="para_35__content">
          <p xml:space="preserve">
            <span class="italic">Acknowledges</span> the contribution of the International Resource Panel, including through its report, <span class="italic">Global Resources Outlook 2019: Natural Resources for the Future We Want</span>;</p>
        </content>
      </paragraph>
      <paragraph eId="para_36" class="SingleTxt">
        <num>	13.</num>
        <content eId="para_36__content">
          <p xml:space="preserve">
            <span class="italic">Expresses</span> concern about the findings of relevant global environmental assessments which indicate that, despite the availability of solutions to our common environmental challenges, our planet is increasingly polluted, affected by the adverse effects of climate change, quickly losing its biodiversity and experiencing widespread environmental degradation, and recalls the request by the United Nations Environment Assembly to the Executive Director of the United Nations Environment Programme to continue to promote greater coherence and coordination of global assessments undertaken within the United Nations system;<authorialNote marker="22" placement="bottom" eId="authorialNote_22"><p xml:space="preserve">	 	See UNEP/EA.4/Res.23, para. 10.</p></authorialNote></p>
        </content>
      </paragraph>
      <paragraph eId="para_37" class="SingleTxt">
        <num>	14.</num>
        <content eId="para_37__content">
          <p xml:space="preserve">
            <span class="italic">Takes note with appreciation</span> of the request by the United Nations Environment Assembly to the Executive Director of the United Nations Environment Programme to prepare, in consultation with Member States, the commemoration of the creation of the United Nations Environment Programme by the United Nations Conference on the Human Environment, held in Stockholm from 5 to 16 June 1972,<authorialNote marker="23" placement="bottom" eId="authorialNote_23"><p xml:space="preserve">	 	Ibid., para. 7.</p></authorialNote> making use of contributions from relevant stakeholders;</p>
        </content>
      </paragraph>
      <paragraph eId="para_38" class="SingleTxt">
        <num>	15.</num>
        <content eId="para_38__content">
          <p xml:space="preserve">
            <span class="italic">Expresses concern</span> about the sustainability, predictability and stability of the funding of the United Nations Environment Programme governing body, and requests the Secretary-General to make proposals, as appropriate;</p>
        </content>
      </paragraph>
      <paragraph eId="para_39" class="SingleTxt">
        <num>	16.</num>
        <content eId="para_39__content">
          <p xml:space="preserve">
            <span class="italic">Notes</span> the request by the United Nations Environment Assembly to the Executive Director of the United Nations Environment Programme to provide options to secure the participation of developing countries in the Environment Assembly;<authorialNote marker="24" placement="bottom" eId="authorialNote_24"><p xml:space="preserve"><span class="italic">Official Records of the General Assembly, Sixty-ninth Session, Supplement No. 25</span> (<a href="https://undocs.org/en/A/69/25">A/69/25</a>), annex, resolution 1/15.</p></authorialNote></p>
        </content>
      </paragraph>
      <paragraph eId="para_40" class="SingleTxt">
        <num>	17.</num>
        <content eId="para_40__content">
          <p xml:space="preserve">
            <span class="italic">Decides</span> to include in the provisional agenda of its seventy-sixth session, under the item entitled “Sustainable development”, the sub-item entitled “Report of the United Nations Environment Assembly of the United Nations Environment Programme”.</p>
        </content>
      </paragraph>
    </mainBody>
    <conclusions eId="conclusions">
      <p>
        <inline name="adoptionMeeting" title="52nd">52nd plenary meeting</inline>
        <eol />
        <docDate date="2019-12-19" refersTo="#adoptionDate">19 December 2019</docDate>
      </p>
    </conclusions>
  </statement>
</akomaNtoso>