<akomaNtoso xmlns:xsi="http://www.w3.org/2001/XMLSchema-instance" xsi:schemaLocation="http://docs.oasis-open.org/legaldocml/ns/akn/3.0 http://docs.oasis-open.org/legaldocml/akn-core/v1.0/os/part2-specs/schemas/akomantoso30.xsd" xmlns="http://docs.oasis-open.org/legaldocml/ns/akn/3.0" xmlns:html="http://www.w3.org/1999/xhtml" xmlns:akn4un="http://un.org/akn4un">
  <statement name="resolution">
    <meta>
      <identification source="#DGACM">
        <FRBRWork>
          <FRBRthis value="/akn/un/statement/deliberation/unga/2019-12-19/74-243/!main/"></FRBRthis>
          <FRBRuri value="/akn/un/statement/deliberation/unga/2019-12-19/74-243/"></FRBRuri>
          <FRBRdate date="2019-12-19" name="adoption"></FRBRdate>
          <FRBRauthor href="ga" as="author"></FRBRauthor>
          <FRBRcountry value="un"></FRBRcountry>
        </FRBRWork>
        <FRBRExpression>
          <FRBRthis value="/akn/un/statement/deliberation/unga/2019-12-19/74-243/eng@!main/"></FRBRthis>
          <FRBRuri value="/akn/un/statement/deliberation/unga/2019-12-19/74-243/eng@/"></FRBRuri>
          <FRBRdate date="2020-01-17" name="publication"></FRBRdate>
          <FRBRauthor href="ga" as="issuer"></FRBRauthor>
          <FRBRlanguage language="eng"></FRBRlanguage>
        </FRBRExpression>
        <FRBRManifestation>
          <FRBRthis value="/akn/un/statement/deliberation/unga/2019-12-19/74-243/eng@/!main.xml"></FRBRthis>
          <FRBRuri value="/akn/un/statement/deliberation/unga/2019-12-19/74-243/eng@.xml"></FRBRuri>
          <FRBRdate date="2020-07-31" name="markup"></FRBRdate>
          <FRBRauthor href="DGACM" as="editor"></FRBRauthor>
        </FRBRManifestation>
      </identification>
      <classification source="http://metadata.un.org/sdg">
        <keyword value="6" href="http://metadata.un.org/sdg/6" showAs="sdg_6" dictionary="SDGO"></keyword>
        <keyword value="water" href="http://eurovoc.europa.eu/597" showAs="water" dictionary="EuroVoc"></keyword>
        <keyword value="public_hygiene" href="http://eurovoc.europa.eu/3371" showAs="public_hygiene" dictionary="EuroVoc"></keyword>
        <keyword value="use_of_water" href="http://eurovoc.europa.eu/4628" showAs="use_of_water" dictionary="EuroVoc"></keyword>
        <keyword value="water" href="http://metadata.un.org/thesaurus/030500" showAs="water" dictionary="UNBIS Thesaurus"></keyword>
        <keyword value="sanitation" href="http://metadata.un.org/thesaurus/1005701" showAs="sanitation" dictionary="UNBIS Thesaurus"></keyword>
        <keyword value="water_management" href="http://metadata.un.org/thesaurus/1006948" showAs="water_management" dictionary="UNBIS Thesaurus"></keyword>
      </classification>
      <classification source="http://metadata.un.org/sdg">
        <keyword value="16" href="http://metadata.un.org/sdg/16" showAs="sdg_16" dictionary="SDGO"></keyword>
        <keyword value="right_to_justice" href="http://eurovoc.europa.eu/516" showAs="right_to_justice" dictionary="EuroVoc"></keyword>
        <keyword value="sustainable_development" href="http://eurovoc.europa.eu/5585" showAs="sustainable_development" dictionary="EuroVoc"></keyword>
        <keyword value="civil_society" href="http://metadata.un.org/thesaurus/1001012" showAs="civil_society" dictionary="UNBIS Thesaurus"></keyword>
        <keyword value="justice" href="http://metadata.un.org/thesaurus/1003500" showAs="justice" dictionary="UNBIS Thesaurus"></keyword>
        <keyword value="peaceful_coexistence" href="http://metadata.un.org/thesaurus/1004777" showAs="peaceful_coexistence" dictionary="UNBIS Thesaurus"></keyword>
        <keyword value="public_institutions" href="http://metadata.un.org/thesaurus/1005254" showAs="public_institutions" dictionary="UNBIS Thesaurus"></keyword>
        <keyword value="social_justice" href="http://metadata.un.org/thesaurus/1005970" showAs="social_justice" dictionary="UNBIS Thesaurus"></keyword>
        <keyword value="sustainable_development" href="http://metadata.un.org/thesaurus/1006319" showAs="sustainable_development" dictionary="UNBIS Thesaurus"></keyword>
      </classification>
      <classification source="http://metadata.un.org/sdg">
        <keyword value="12" href="http://metadata.un.org/sdg/12" showAs="sdg_12" dictionary="SDGO"></keyword>
        <keyword value="consumption" href="http://eurovoc.europa.eu/139" showAs="consumption" dictionary="EuroVoc"></keyword>
        <keyword value="production" href="http://eurovoc.europa.eu/2707" showAs="production" dictionary="EuroVoc"></keyword>
        <keyword value="sustainable_consumption" href="http://metadata.un.org/thesaurus/1006318" showAs="sustainable_consumption" dictionary="UNBIS Thesaurus"></keyword>
        <keyword value="consumption" href="http://metadata.un.org/thesaurus/1001264" showAs="consumption" dictionary="UNBIS Thesaurus"></keyword>
        <keyword value="production" href="http://metadata.un.org/thesaurus/1005146" showAs="production" dictionary="UNBIS Thesaurus"></keyword>
      </classification>
      <classification source="http://metadata.un.org/sdg">
        <keyword value="8" href="http://metadata.un.org/sdg/8" showAs="sdg_8" dictionary="SDGO"></keyword>
        <keyword value="economic_growth" href="http://eurovoc.europa.eu/310" showAs="economic_growth" dictionary="EuroVoc"></keyword>
        <keyword value="full_employment" href="http://eurovoc.europa.eu/2427" showAs="full_employment" dictionary="EuroVoc"></keyword>
        <keyword value="unemployment" href="http://eurovoc.europa.eu/5974" showAs="unemployment" dictionary="EuroVoc"></keyword>
        <keyword value="economic_growth" href="http://metadata.un.org/thesaurus/1001854" showAs="economic_growth" dictionary="UNBIS Thesaurus"></keyword>
        <keyword value="employment" href="http://metadata.un.org/thesaurus/1002007" showAs="employment" dictionary="UNBIS Thesaurus"></keyword>
        <keyword value="full_employment" href="http://metadata.un.org/thesaurus/1002563" showAs="full_employment" dictionary="UNBIS Thesaurus"></keyword>
        <keyword value="unemployment" href="http://metadata.un.org/thesaurus/1006773" showAs="unemployment" dictionary="UNBIS Thesaurus"></keyword>
      </classification>
      <workflow source="#un">
        <step date="2019-10-24" outcome="draftResolution" as="A/C.2/74/L.45" by="State of Palestine (on behalf of the States Members of the United Nations that are members of the Group of 77 and China)" />
        <step date="0001-01-01" outcome="draftResolutionAdditionalSponsors" by="Turkey" />
        <step date="0001-01-01" outcome="recommendedForAdoption" as="A/74/387" by="" refersTo="12" />
        <step date="2019-12-19" outcome="adopted" as="A/74/PV.52" by="" />
      </workflow>
      <analysis source="#un">
        <parliamentary>
          <voting outcome="adoptedRecordedVote">
            <count value="160" refersTo="inFavour">
              <akn4un:voters>
                <organization refersTo="memberState">AFGHANISTAN</organization>
                <organization refersTo="memberState">ALBANIA</organization>
                <organization refersTo="memberState">ALGERIA</organization>
                <organization refersTo="memberState">ANDORRA</organization>
                <organization refersTo="memberState">ANGOLA</organization>
                <organization refersTo="memberState">ANTIGUA AND BARBUDA</organization>
                <organization refersTo="memberState">ARGENTINA</organization>
                <organization refersTo="memberState">ARMENIA</organization>
                <organization refersTo="memberState">AUSTRIA</organization>
                <organization refersTo="memberState">AZERBAIJAN</organization>
                <organization refersTo="memberState">BAHAMAS</organization>
                <organization refersTo="memberState">BAHRAIN</organization>
                <organization refersTo="memberState">BANGLADESH</organization>
                <organization refersTo="memberState">BARBADOS</organization>
                <organization refersTo="memberState">BELARUS</organization>
                <organization refersTo="memberState">BELGIUM</organization>
                <organization refersTo="memberState">BELIZE</organization>
                <organization refersTo="memberState">BENIN</organization>
                <organization refersTo="memberState">BHUTAN</organization>
                <organization refersTo="memberState">BOLIVIA (PLURINATIONAL STATE OF)</organization>
                <organization refersTo="memberState">BOSNIA AND HERZEGOVINA</organization>
                <organization refersTo="memberState">BOTSWANA</organization>
                <organization refersTo="memberState">BRUNEI DARUSSALAM</organization>
                <organization refersTo="memberState">BULGARIA</organization>
                <organization refersTo="memberState">BURKINA FASO</organization>
                <organization refersTo="memberState">CABO VERDE</organization>
                <organization refersTo="memberState">CAMBODIA</organization>
                <organization refersTo="memberState">CENTRAL AFRICAN REPUBLIC</organization>
                <organization refersTo="memberState">CHAD</organization>
                <organization refersTo="memberState">CHILE</organization>
                <organization refersTo="memberState">CHINA</organization>
                <organization refersTo="memberState">COLOMBIA</organization>
                <organization refersTo="memberState">COMOROS</organization>
                <organization refersTo="memberState">CONGO</organization>
                <organization refersTo="memberState">COSTA RICA</organization>
                <organization refersTo="memberState">CROATIA</organization>
                <organization refersTo="memberState">CUBA</organization>
                <organization refersTo="memberState">CYPRUS</organization>
                <organization refersTo="memberState">CZECHIA</organization>
                <organization refersTo="memberState">DEMOCRATIC PEOPLE'S REPUBLIC OF KOREA</organization>
                <organization refersTo="memberState">DENMARK</organization>
                <organization refersTo="memberState">DJIBOUTI</organization>
                <organization refersTo="memberState">DOMINICA</organization>
                <organization refersTo="memberState">DOMINICAN REPUBLIC</organization>
                <organization refersTo="memberState">ECUADOR</organization>
                <organization refersTo="memberState">EGYPT</organization>
                <organization refersTo="memberState">EL SALVADOR</organization>
                <organization refersTo="memberState">ERITREA</organization>
                <organization refersTo="memberState">ESTONIA</organization>
                <organization refersTo="memberState">ETHIOPIA</organization>
                <organization refersTo="memberState">FIJI</organization>
                <organization refersTo="memberState">FINLAND</organization>
                <organization refersTo="memberState">FRANCE</organization>
                <organization refersTo="memberState">GABON</organization>
                <organization refersTo="memberState">GAMBIA</organization>
                <organization refersTo="memberState">GEORGIA</organization>
                <organization refersTo="memberState">GERMANY</organization>
                <organization refersTo="memberState">GHANA</organization>
                <organization refersTo="memberState">GREECE</organization>
                <organization refersTo="memberState">GRENADA</organization>
                <organization refersTo="memberState">GUINEA</organization>
                <organization refersTo="memberState">GUINEA-BISSAU</organization>
                <organization refersTo="memberState">GUYANA</organization>
                <organization refersTo="memberState">HUNGARY</organization>
                <organization refersTo="memberState">ICELAND</organization>
                <organization refersTo="memberState">INDIA</organization>
                <organization refersTo="memberState">INDONESIA</organization>
                <organization refersTo="memberState">IRAN (ISLAMIC REPUBLIC OF)</organization>
                <organization refersTo="memberState">IRAQ</organization>
                <organization refersTo="memberState">IRELAND</organization>
                <organization refersTo="memberState">ITALY</organization>
                <organization refersTo="memberState">JAMAICA</organization>
                <organization refersTo="memberState">JAPAN</organization>
                <organization refersTo="memberState">JORDAN</organization>
                <organization refersTo="memberState">KAZAKHSTAN</organization>
                <organization refersTo="memberState">KENYA</organization>
                <organization refersTo="memberState">KUWAIT</organization>
                <organization refersTo="memberState">KYRGYZSTAN</organization>
                <organization refersTo="memberState">LAO PEOPLE'S DEMOCRATIC REPUBLIC</organization>
                <organization refersTo="memberState">LATVIA</organization>
                <organization refersTo="memberState">LEBANON</organization>
                <organization refersTo="memberState">LESOTHO</organization>
                <organization refersTo="memberState">LIBYA</organization>
                <organization refersTo="memberState">LIECHTENSTEIN</organization>
                <organization refersTo="memberState">LITHUANIA</organization>
                <organization refersTo="memberState">LUXEMBOURG</organization>
                <organization refersTo="memberState">MADAGASCAR</organization>
                <organization refersTo="memberState">MALAWI</organization>
                <organization refersTo="memberState">MALAYSIA</organization>
                <organization refersTo="memberState">MALDIVES</organization>
                <organization refersTo="memberState">MALI</organization>
                <organization refersTo="memberState">MALTA</organization>
                <organization refersTo="memberState">MAURITANIA</organization>
                <organization refersTo="memberState">MAURITIUS</organization>
                <organization refersTo="memberState">MEXICO</organization>
                <organization refersTo="memberState">MONACO</organization>
                <organization refersTo="memberState">MONGOLIA</organization>
                <organization refersTo="memberState">MONTENEGRO</organization>
                <organization refersTo="memberState">MOROCCO</organization>
                <organization refersTo="memberState">MOZAMBIQUE</organization>
                <organization refersTo="memberState">NAMIBIA</organization>
                <organization refersTo="memberState">NEPAL</organization>
                <organization refersTo="memberState">NETHERLANDS</organization>
                <organization refersTo="memberState">NEW ZEALAND</organization>
                <organization refersTo="memberState">NICARAGUA</organization>
                <organization refersTo="memberState">NIGERIA</organization>
                <organization refersTo="memberState">NORTH MACEDONIA</organization>
                <organization refersTo="memberState">NORWAY</organization>
                <organization refersTo="memberState">OMAN</organization>
                <organization refersTo="memberState">PAKISTAN</organization>
                <organization refersTo="memberState">PANAMA</organization>
                <organization refersTo="memberState">PARAGUAY</organization>
                <organization refersTo="memberState">PERU</organization>
                <organization refersTo="memberState">PHILIPPINES</organization>
                <organization refersTo="memberState">POLAND</organization>
                <organization refersTo="memberState">PORTUGAL</organization>
                <organization refersTo="memberState">QATAR</organization>
                <organization refersTo="memberState">REPUBLIC OF KOREA</organization>
                <organization refersTo="memberState">REPUBLIC OF MOLDOVA</organization>
                <organization refersTo="memberState">ROMANIA</organization>
                <organization refersTo="memberState">RUSSIAN FEDERATION</organization>
                <organization refersTo="memberState">SAINT KITTS AND NEVIS</organization>
                <organization refersTo="memberState">SAINT LUCIA</organization>
                <organization refersTo="memberState">SAINT VINCENT AND THE GRENADINES</organization>
                <organization refersTo="memberState">SAN MARINO</organization>
                <organization refersTo="memberState">SAUDI ARABIA</organization>
                <organization refersTo="memberState">SENEGAL</organization>
                <organization refersTo="memberState">SERBIA</organization>
                <organization refersTo="memberState">SEYCHELLES</organization>
                <organization refersTo="memberState">SIERRA LEONE</organization>
                <organization refersTo="memberState">SINGAPORE</organization>
                <organization refersTo="memberState">SLOVAKIA</organization>
                <organization refersTo="memberState">SLOVENIA</organization>
                <organization refersTo="memberState">SOUTH AFRICA</organization>
                <organization refersTo="memberState">SPAIN</organization>
                <organization refersTo="memberState">SRI LANKA</organization>
                <organization refersTo="memberState">SUDAN</organization>
                <organization refersTo="memberState">SURINAME</organization>
                <organization refersTo="memberState">SWEDEN</organization>
                <organization refersTo="memberState">SWITZERLAND</organization>
                <organization refersTo="memberState">SYRIAN ARAB REPUBLIC</organization>
                <organization refersTo="memberState">TAJIKISTAN</organization>
                <organization refersTo="memberState">THAILAND</organization>
                <organization refersTo="memberState">TIMOR-LESTE</organization>
                <organization refersTo="memberState">TRINIDAD AND TOBAGO</organization>
                <organization refersTo="memberState">TUNISIA</organization>
                <organization refersTo="memberState">TURKEY</organization>
                <organization refersTo="memberState">TURKMENISTAN</organization>
                <organization refersTo="memberState">UGANDA</organization>
                <organization refersTo="memberState">UKRAINE</organization>
                <organization refersTo="memberState">UNITED ARAB EMIRATES</organization>
                <organization refersTo="memberState">UNITED KINGDOM</organization>
                <organization refersTo="memberState">UNITED REPUBLIC OF TANZANIA</organization>
                <organization refersTo="memberState">URUGUAY</organization>
                <organization refersTo="memberState">UZBEKISTAN</organization>
                <organization refersTo="memberState">VENEZUELA (BOLIVARIAN REPUBLIC OF)</organization>
                <organization refersTo="memberState">VIET NAM</organization>
                <organization refersTo="memberState">YEMEN</organization>
                <organization refersTo="memberState">ZAMBIA</organization>
                <organization refersTo="memberState">ZIMBABWE</organization>
              </akn4un:voters>
            </count>
            <count value="6" refersTo="against">
              <akn4un:voters>
                <organization refersTo="memberState">CANADA</organization>
                <organization refersTo="memberState">ISRAEL</organization>
                <organization refersTo="memberState">MARSHALL ISLANDS</organization>
                <organization refersTo="memberState">MICRONESIA (FEDERATED STATES OF)</organization>
                <organization refersTo="memberState">NAURU</organization>
                <organization refersTo="memberState">UNITED STATES</organization>
              </akn4un:voters>
            </count>
            <count value="15" refersTo="abstaining">
              <akn4un:voters>
                <organization refersTo="memberState">AUSTRALIA</organization>
                <organization refersTo="memberState">BRAZIL</organization>
                <organization refersTo="memberState">CAMEROON</organization>
                <organization refersTo="memberState">COTE D'IVOIRE</organization>
                <organization refersTo="memberState">GUATEMALA</organization>
                <organization refersTo="memberState">HONDURAS</organization>
                <organization refersTo="memberState">KIRIBATI</organization>
                <organization refersTo="memberState">PAPUA NEW GUINEA</organization>
                <organization refersTo="memberState">RWANDA</organization>
                <organization refersTo="memberState">SAMOA</organization>
                <organization refersTo="memberState">SOLOMON ISLANDS</organization>
                <organization refersTo="memberState">TOGO</organization>
                <organization refersTo="memberState">TONGA</organization>
                <organization refersTo="memberState">TUVALU</organization>
                <organization refersTo="memberState">VANUATU</organization>
              </akn4un:voters>
            </count>
          </voting>
        </parliamentary>
      </analysis>
      <references source="#DGACM">
        <TLCOrganization eId="source" href="/akn/ontology/organization/un/DGACM" showAs="DGACM"></TLCOrganization>
        <TLCConcept eId="dateOfIssuance" href="/akn/ontology/concept/un/dateOfIssuance" showAs="Date of issuance"></TLCConcept>
        <TLCConcept eId="dateOfAdoption" href="/akn/ontology/concept/un/dateOfAdoption" showAs="Date of adoption"></TLCConcept>
        <TLCConcept eId="symbol" href="/akn/ontology/reference/un/symbol" showAs="Symbol"></TLCConcept>
        <TLCRole eId="publisher" href="/akn/ontology/role/un/publisher" showAs="Publisher"></TLCRole>
        <TLCRole eId="issuingBody" href="/akn/role/concept/un/issuingBody" showAs="Issuing body"></TLCRole>
        <TLCRole eId="author" href="/akn/ontology/role/un/author" showAs="Author"></TLCRole>
        <TLCRole eId="editor" href="/akn/ontology/role/un/editor" showAs="Editor"></TLCRole>
        <TLCRole eId="distribution" href="/akn/ontology/concept/un/generalDistribution" showAs="General distribution"></TLCRole>
        <TLCOrganization eId="ga" href="/akn/ontology/organization/un/generalAssembly" showAs="General Assembly"></TLCOrganization>
        <TLCTerm eId="resolutionTitle" href="/akn/ontology/reference/un/resolutionTitle" showAs="Resolution title"></TLCTerm>
        <TLCTerm eId="secondCommittee" href="#secondCommittee" showAs="Second Committee"></TLCTerm>
        <TLCTerm eId="memberState" href="/akn/ontology/organization/un/memberState" showAs="Member State"></TLCTerm>
        <TLCTerm eId="inFavour" href="/akn/ontology/concept/un/voting/inFavour" showAs="In favour"></TLCTerm>
        <TLCTerm eId="against" href="/akn/ontology/concept/un/voting/against" showAs="Against"></TLCTerm>
        <TLCTerm eId="abstaining" href="/akn/ontology/concept/un/voting/abstaining" showAs="Abstaining"></TLCTerm>
      </references>
      <presentation source="#un">
        <akn4un:footerFirstPage>
          <akn4un:footerFirstPageLeft>
            <akn4un:internalCode>
              <docketNumber refersTo="#publicationJobNumber">19-22518 (E)</docketNumber>
              <img alt="bar code" class="barCode" src=""></img>
            </akn4un:internalCode>
          </akn4un:footerFirstPageLeft>
          <akn4un:footerFirstPageRight>
            <img alt="Please recycle" class="image" src="./recylcleLogo.jpg"></img>
            <img alt="embedded QR code" class="qrCode" src=""></img>
          </akn4un:footerFirstPageRight>
        </akn4un:footerFirstPage>
      </presentation>
    </meta>
    <coverPage eId="coverPage_1">
      <p>
        <span refersTo="#publisher" class="upperLeft">
          <docAuthority refersTo="#publisher">United Nations</docAuthority>
        </span>
      </p>
      <p class="upperRight">
        <docNumber refersTo="#symbol">A/RES/74/243</docNumber>
      </p>
      <p class="upperLeft">
        <img src="logo-un.jpg"></img>
        <docAuthority refersTo="#issuingBody" class="rightBig">General Assembly</docAuthority>
      </p>
      <p>
        <docStatus refersTo="#generalDistribution" class="rightSmall">Distr.: General</docStatus>
      </p>
      <p>
        <docDate date="2020-01-17" class="rightSmall" refersTo="#dateOfIssuance">17 January 2020</docDate>
      </p>
      <p>
        <session refersTo="#generalAssembly" value="74" eId="coverPage_1__session_1">Seventy-fourth session</session>
      </p>
      <p>
        <inline name="agenda item">Agenda item 60</inline>
      </p>
      <p>
        <inline name="agenda item name">Permanent sovereignty of the Palestinian people in the Occupied Palestinian Territory, including East Jerusalem, and of the Arab population in the occupied Syrian Golan over their natural resources</inline>
      </p>
      <p>
        <docTitle>Resolution adopted by the General Assembly on 19 December 2019</docTitle>
      </p>
      <p xml:space="preserve">
        <docProponent refersTo="#secondCommittee">[on the report of the Second Committee (<inline name="originating document">A/74/387</inline>)]</docProponent>
      </p>
    </coverPage>
    <preface>
      <p>
        <docNumber>74/243.</docNumber>
        <docTitle refersTo="#resolutionTitle">Permanent sovereignty of the Palestinian people in the Occupied Palestinian Territory, including East Jerusalem, and of the Arab population in the occupied Syrian Golan over their natural resources</docTitle>
      </p>
    </preface>
    <preamble>
      <formula name="enactingFormula" eId="formula_1">
        <p xml:space="preserve">
          <span class="italic">The General Assembly</span>,</p>
      </formula>
      <container name="Recalling" eId="container_2">
        <p xml:space="preserve">
          <span class="italic">Recalling</span> its resolution <a href="https://undocs.org/A/RES/73/255">73/255</a> of 20 December 2018, and taking note of Economic and Social Council resolution <a href="https://undocs.org/E/RES/2019/29">2019/29</a> of 23 July 2019,</p>
      </container>
      <container name="Recalling also" eId="container_3">
        <p xml:space="preserve">
          <span class="italic">Recalling also</span> its resolutions <a href="https://undocs.org/A/RES/58/292">58/292</a> of 6 May 2004 and <a href="https://undocs.org/A/RES/59/251">59/251</a> of 22 December 2004,</p>
      </container>
      <container name="Reaffirming" eId="container_4">
        <p xml:space="preserve">
          <span class="italic">Reaffirming</span> the principle of the permanent sovereignty of peoples under foreign occupation over their natural resources,</p>
      </container>
      <container name="Guided" eId="container_5">
        <p xml:space="preserve">
          <span class="italic">Guided</span> by the principles of the Charter of the United Nations, affirming the inadmissibility of the acquisition of territory by force, and recalling relevant Security Council resolutions, including resolutions <a href="https://undocs.org/S/RES/242(1967)">242 (1967)</a> of 22 November 1967, <a href="https://undocs.org/S/RES/465(1980)">465</a><a href="https://undocs.org/S/RES/465(1980)"> </a><a href="https://undocs.org/S/RES/465(1980)">(1980)</a> of 1 March 1980, <a href="https://undocs.org/S/RES/497(1981)">497 (1981)</a> of 17 December 1981 and <a href="https://undocs.org/S/RES/2334(2016)">2334 (2016)</a> of 23 December 2016,</p>
      </container>
      <container name="Recalling" eId="container_6">
        <p xml:space="preserve">
          <span class="italic">Recalling</span> its resolution <a href="https://undocs.org/A/RES/2625 (XXV)">2625 (XXV)</a> of 24 October 1970,</p>
      </container>
      <container name="Bearing in mind" eId="container_7">
        <p xml:space="preserve">
          <span class="italic">Bearing in mind</span> its resolution <a href="https://undocs.org/A/RES/70/1">70/1</a> of 25 September 2015, entitled “Transforming our world: the 2030 Agenda for Sustainable Development”,</p>
      </container>
      <container name="Reaffirming" eId="container_8">
        <p xml:space="preserve">
          <span class="italic">Reaffirming</span> the applicability of the Geneva Convention relative to the Protection of Civilian Persons in Time of War, of 12 August 1949,<authorialNote marker="1" placement="bottom" eId="authorialNote_1"><p xml:space="preserve">	 	United Nations, <span class="italic">Treaty Series</span>, vol. 75, No. 973.</p></authorialNote> to the Occupied Palestinian Territory, including East Jerusalem, and other Arab territories occupied by Israel since 1967,</p>
      </container>
      <container name="Recalling" eId="container_9">
        <p xml:space="preserve">
          <span class="italic">Recalling</span>, in this regard, the International Covenant on Civil and Political Rights<authorialNote marker="2" placement="bottom" eId="authorialNote_2"><p xml:space="preserve">	 	See resolution <a href="https://undocs.org/A/RES/2200 (XXI)">2200 A (XXI)</a>, annex.</p></authorialNote> and the International Covenant on Economic, Social and Cultural Rights,<sup>2</sup> and affirming that these human rights instruments must be respected in the Occupied Palestinian Territory, including East Jerusalem, as well as in the occupied Syrian Golan,</p>
      </container>
      <container name="Recalling also" eId="container_10">
        <p xml:space="preserve">
          <span class="italic">Recalling also</span> the advisory opinion rendered on 9 July 2004 by the International Court of Justice on the legal consequences of the construction of a wall in the Occupied Palestinian Territory,<authorialNote marker="3" placement="bottom" eId="authorialNote_3"><p xml:space="preserve">	 	See <a href="https://undocs.org/en/A/ES-10/273">A/ES-10/273</a> and <a href="https://undocs.org/en/A/ES-10/273/Corr.1">A/ES-10/273/Corr.1</a>.</p></authorialNote> and recalling further its resolutions <a href="https://undocs.org/en/A/RES/ES-10/15">ES-10/15</a> of 20 July 2004 and <a href="https://undocs.org/en/A/RES/ES-10/17">ES-10/17</a> of 15 December 2006,</p>
      </container>
      <container name="Recalling further" eId="container_11">
        <p xml:space="preserve">
          <span class="italic">Recalling further</span> its resolution <a href="https://undocs.org/A/RES/67/19">67/19</a> of 29 November 2012,</p>
      </container>
      <container name="Taking note" eId="container_12">
        <p xml:space="preserve">
          <span class="italic">Taking note</span> of the accession by Palestine to several human rights treaties and the core humanitarian law treaties, as well as to other international treaties,</p>
      </container>
      <container name="Expressing its concern" eId="container_13">
        <p xml:space="preserve">
          <span class="italic">Expressing its concern</span> about the exploitation by Israel, the occupying Power, of the natural resources of the Occupied Palestinian Territory, including East Jerusalem, and other Arab territories occupied by Israel since 1967,</p>
      </container>
      <container name="Expressing its grave concern" eId="container_14">
        <p xml:space="preserve">
          <span class="italic">Expressing its grave concern</span> about the extensive destruction by Israel, the occupying Power, of agricultural land and orchards in the Occupied Palestinian Territory, including the uprooting of a vast number of fruit-bearing trees and the destruction of farms and greenhouses, and the grave environmental and economic impact in this regard,</p>
      </container>
      <container name="Expressing its grave concern also" eId="container_15">
        <p xml:space="preserve">
          <span class="italic">Expressing its grave concern also</span> about the widespread destruction caused by Israel, the occupying Power, to vital infrastructure, including water pipelines, sewage networks and electricity networks, in the Occupied Palestinian Territory, in particular in the Gaza Strip during the military operations of July and August 2014, which, inter alia, has polluted the environment and which negatively affects the functioning of water and sanitation systems and the water supply and other natural resources of the Palestinian people, and stressing the urgency of the reconstruction and development of water and other vital civilian infrastructure, including the project for the desalination facility for the Gaza Strip,</p>
      </container>
      <container name="Expressing its grave concern further" eId="container_16">
        <p xml:space="preserve">
          <span class="italic">Expressing its grave concern further</span> about the negative impact on the environment and on reconstruction and development efforts of unexploded ordnance that remains in the Gaza Strip as a result of the conflict in July and August 2014, and commending the efforts of the Mine Action Service of the United Nations for the safe removal of such ordnance,</p>
      </container>
      <container name="Expressing its grave concern" eId="container_17">
        <p xml:space="preserve">
          <span class="italic">Expressing its grave concern</span> about the chronic energy shortage in the Gaza Strip and its detrimental impact on the operation of water and sanitation facilities, which threaten to further erode groundwater resources, of which only 5 per cent remains potable,</p>
      </container>
      <container name="Recalling" eId="container_18">
        <p xml:space="preserve">
          <span class="italic">Recalling</span> the 2009 report by the United Nations Environment Programme regarding the grave environmental situation in the Gaza Strip, and relevant reports by the United Nations country team, including “Gaza in 2020: a liveable place?”, “Gaza: two years after” and “Gaza ten years later”, and stressing the need for follow-up to the recommendations contained therein,</p>
      </container>
      <container name="Deploring" eId="container_19">
        <p xml:space="preserve">
          <span class="italic">Deploring</span> the detrimental impact of the Israeli settlements on Palestinian and other Arab natural resources, especially as a result of the confiscation of land and the forced diversion of water resources, including the destruction of orchards and crops and the seizure of water wells by Israeli settlers, and of the dire socioeconomic consequences in this regard,</p>
      </container>
      <container name="Recalling" eId="container_20">
        <p xml:space="preserve">
          <span class="italic">Recalling</span> the report of the independent international fact-finding mission to investigate the implications of the Israeli settlements on the civil, political, economic, social and cultural rights of the Palestinian people throughout the Occupied Palestinian Territory, including East Jerusalem,<authorialNote marker="4" placement="bottom" eId="authorialNote_4"><p xml:space="preserve"><a href="https://undocs.org/en/A/HRC/22/63">A/HRC/22/63</a>.</p></authorialNote></p>
      </container>
      <container name="Aware" eId="container_21">
        <p xml:space="preserve">
          <span class="italic">Aware</span> of the detrimental impact on Palestinian natural resources being caused by the unlawful construction of the wall by Israel, the occupying Power, in the Occupied Palestinian Territory, including in and around East Jerusalem, and of its grave effect as well on the economic and social conditions of the Palestinian people,</p>
      </container>
      <container name="Stressing" eId="container_22">
        <p xml:space="preserve">
          <span class="italic">Stressing</span> the urgency of achieving without delay an end to the Israeli occupation that began in 1967 and a just, lasting and comprehensive peace settlement on all tracks, on the basis of Security Council resolutions <a href="https://undocs.org/en/S/RES/242 (1967)">242 (1967)</a>, <a href="https://undocs.org/en/S/RES/338 (1973)">338 (1973)</a> of 22 October 1973, <a href="https://undocs.org/en/S/RES/425 (1978)">425 (1978)</a> of 19 March 1978, <a href="https://undocs.org/S/RES/1397(2002)">1397 (2002)</a> of 12 March 2002 and <a href="https://undocs.org/S/RES/2334(2016)">2334 (2016)</a>, the principle of land for peace, the Arab Peace Initiative<authorialNote marker="5" placement="bottom" eId="authorialNote_5"><p xml:space="preserve"><a href="https://undocs.org/en/S/2002/932">A/56/1026-S/2002/932</a>, annex II, resolution 14/221.</p></authorialNote> and the Quartet performance-based road map to a permanent two-State solution to the Israeli-Palestinian conflict,<authorialNote marker="6" placement="bottom" eId="authorialNote_6"><p xml:space="preserve"><a href="https://undocs.org/en/S/2003/529">S/2003/529</a>, annex.</p></authorialNote> as endorsed by the Council in its resolution <a href="https://undocs.org/S/RES/1515(2003)">1515 (2003)</a> of 19 November 2003 and supported by the Council in its resolution <a href="https://undocs.org/S/RES/1850(2008)">1850 (2008)</a> of 16 December 2008,</p>
      </container>
      <container name="Stressing also" eId="container_23">
        <p xml:space="preserve">
          <span class="italic">Stressing also</span>, in this regard, the need for respect for the obligation upon Israel under the road map to freeze settlement activity, including so-called “natural growth”, and to dismantle all settlement outposts erected since March 2001,</p>
      </container>
      <container name="Stressing further" eId="container_24">
        <p xml:space="preserve">
          <span class="italic">Stressing further</span> the need for respect and preservation of the territorial unity, contiguity and integrity of all of the Occupied Palestinian Territory, including East Jerusalem,</p>
      </container>
      <container name="Recalling" eId="container_25">
        <p xml:space="preserve">
          <span class="italic">Recalling</span> that the Security Council, in its resolution <a href="https://undocs.org/S/RES/2334(2016)">2334 (2016)</a>, underlined that it would not recognize any changes to the 4 June 1967 lines, including with regard to Jerusalem, other than those agreed by the parties through negotiations, </p>
      </container>
      <container name="Recalling also" eId="container_26">
        <p xml:space="preserve">
          <span class="italic">Recalling also</span> the need to end all acts of violence, including acts of terror, provocation, incitement and destruction,</p>
      </container>
      <container name="Taking note" eId="container_27">
        <p xml:space="preserve">
          <span class="italic">Taking note</span> of the report prepared by the Economic and Social Commission for Western Asia on the economic and social repercussions of the Israeli occupation on the living conditions of the Palestinian people in the Occupied Palestinian Territory, including East Jerusalem, and of the Arab population in the occupied Syrian Golan, as transmitted by the Secretary-General,<authorialNote marker="7" placement="bottom" eId="authorialNote_7"><p xml:space="preserve"><a href="https://undocs.org/en/A/74/88">A/74/88-E/2019/72</a>.</p></authorialNote></p>
      </container>
    </preamble>
    <mainBody>
      <paragraph eId="para_28" class="SingleTxt">
        <num>	1.</num>
        <content eId="para_28__content">
          <p xml:space="preserve">
            <span class="italic">Reaffirms</span> the inalienable rights of the Palestinian people and of the population of the occupied Syrian Golan over their natural resources, including land, water and energy resources;</p>
        </content>
      </paragraph>
      <paragraph eId="para_29" class="SingleTxt">
        <num>	2.</num>
        <content eId="para_29__content">
          <p xml:space="preserve">
            <span class="italic">Demands</span> that Israel, the occupying Power, cease the exploitation, damage, cause of loss or depletion and endangerment of the natural resources in the Occupied Palestinian Territory, including East Jerusalem, and in the occupied Syrian Golan;</p>
        </content>
      </paragraph>
      <paragraph eId="para_30" class="SingleTxt">
        <num>	3.</num>
        <content eId="para_30__content">
          <p xml:space="preserve">
            <span class="italic">Recognizes</span> the right of the Palestinian people to claim restitution as a result of any exploitation, damage, loss or depletion or endangerment of their natural resources resulting from illegal measures taken by Israel, the occupying Power, and Israeli settlers in the Occupied Palestinian Territory, including East Jerusalem, and expresses the hope that this issue will be dealt with within the framework of the final status negotiations between the Palestinian and Israeli sides;</p>
        </content>
      </paragraph>
      <paragraph eId="para_31" class="SingleTxt">
        <num>	4.</num>
        <content eId="para_31__content">
          <p xml:space="preserve">
            <span class="italic">Stresses</span> that the wall and settlements being constructed by Israel in the Occupied Palestinian Territory, including in and around East Jerusalem, are contrary to international law and are seriously depriving the Palestinian people of their natural resources, and calls in this regard for full compliance with the legal obligations affirmed in the 9 July 2004 advisory opinion of the International Court of Justice<sup>3</sup> and in relevant United Nations resolutions, including General Assembly resolution <a href="https://undocs.org/en/A/RES/ES-10/15">ES</a><a href="https://undocs.org/en/A/RES/ES-10/15">‑</a><a href="https://undocs.org/en/A/RES/ES-10/15">10/15</a>;</p>
        </content>
      </paragraph>
      <paragraph eId="para_32" class="SingleTxt">
        <num>	5.</num>
        <content eId="para_32__content">
          <p xml:space="preserve">
            <span class="italic">Calls upon</span> Israel, the occupying Power, to comply strictly with its obligations under international law, including international humanitarian law, and to cease immediately and completely all policies and measures aimed at the alteration of the character and status of the Occupied Palestinian Territory, including East Jerusalem;</p>
        </content>
      </paragraph>
      <paragraph eId="para_33" class="SingleTxt">
        <num>	6.</num>
        <content eId="para_33__content">
          <p xml:space="preserve">
            <span class="italic">Also calls upon</span> Israel, the occupying Power, to bring a halt to all actions, including those perpetrated by Israeli settlers, harming the environment, including the dumping of all kinds of waste materials, in the Occupied Palestinian Territory, including East Jerusalem, and in the occupied Syrian Golan, which gravely threaten their natural resources, namely water and land resources, and which pose an environmental, sanitation and health threat to the civilian populations;</p>
        </content>
      </paragraph>
      <paragraph eId="para_34" class="SingleTxt">
        <num>	7.</num>
        <content eId="para_34__content">
          <p xml:space="preserve">
            <span class="italic">Further calls upon</span> Israel to cease its destruction of vital infrastructure, including water pipelines, sewage networks and electricity networks, and to cease its demolition and confiscation of Palestinian homes and civilian infrastructure, agricultural lands and water wells, which, inter alia, have a negative impact on the natural resources of the Palestinian people, stresses the urgent need to advance reconstruction and development projects in this regard, including in the Gaza Strip, and calls for support for the necessary efforts in this regard, in line with the commitments made at, inter alia, the Cairo International Conference on Palestine: Reconstructing Gaza, held on 12 October 2014;</p>
        </content>
      </paragraph>
      <paragraph eId="para_35" class="SingleTxt">
        <num>	8.</num>
        <content eId="para_35__content">
          <p xml:space="preserve">
            <span class="italic">Calls upon</span> Israel, the occupying Power, to remove all obstacles to the implementation of critical environmental projects, including sewage treatment plants in the Gaza Strip and the reconstruction and development of water infrastructure, including the project for the desalination facility for the Gaza Strip;</p>
        </content>
      </paragraph>
      <paragraph eId="para_36" class="SingleTxt">
        <num>	9.</num>
        <content eId="para_36__content">
          <p xml:space="preserve">
            <span class="italic">Also calls upon</span> Israel not to impede Palestinian development and export of discovered oil and natural gas reserves;</p>
        </content>
      </paragraph>
      <paragraph eId="para_37" class="SingleTxt">
        <num>	10.</num>
        <content eId="para_37__content">
          <p xml:space="preserve">
            <span class="italic">Calls for</span> the immediate and safe removal of all unexploded ordnance in the Gaza Strip and for support for the efforts of the Mine Action Service of the United Nations in this regard, and welcomes the extensive efforts exerted by the Mine Action Service to date;</p>
        </content>
      </paragraph>
      <paragraph eId="para_38" class="SingleTxt">
        <num>	11.</num>
        <content eId="para_38__content">
          <p xml:space="preserve">
            <span class="italic">Encourages</span> all States and international organizations to continue to actively pursue policies to ensure respect for their obligations under international law with regard to all illegal Israeli practices and measures in the Occupied Palestinian Territory, including East Jerusalem, particularly Israeli settlement activities and the exploitation of natural resources;</p>
        </content>
      </paragraph>
      <paragraph eId="para_39" class="SingleTxt">
        <num>	12.</num>
        <content eId="para_39__content">
          <p xml:space="preserve">
            <span class="italic">Underscores</span>, in this regard, the call by the Security Council, in its resolution <a href="https://undocs.org/S/RES/2334(2016)">2334 (2016)</a>, upon all States to distinguish, in their relevant dealings, between the territory of the State of Israel and the territories occupied since 1967;</p>
        </content>
      </paragraph>
      <paragraph eId="para_40" class="MercuryDocument">
        <num>	13.</num>
        <content eId="para_40__content">
          <p xml:space="preserve">
            <span class="italic">Requests</span> the Secretary-General to report to the General Assembly at its seventy-fifth session on the implementation of the present resolution, including with regard to the cumulative impact of the exploitation, damage and depletion by Israel of natural resources in the Occupied Palestinian Territory, including East Jerusalem, and in the occupied Syrian Golan, and with regard to the impact of such practices on the promotion of the Sustainable Development Goals,<authorialNote marker="8" placement="bottom" eId="authorialNote_8"><p xml:space="preserve">	 	See resolution <a href="https://undocs.org/en/A/RES/70/1">70/1</a>.</p></authorialNote> and decides to include in the provisional agenda of its seventy-fifth session the item entitled “Permanent sovereignty of the Palestinian people in the Occupied Palestinian Territory, including East Jerusalem, and of the Arab population in the occupied Syrian Golan over their natural resources”.</p>
        </content>
      </paragraph>
    </mainBody>
    <conclusions eId="conclusions">
      <p>
        <inline name="adoptionMeeting" title="52nd">52nd plenary meeting</inline>
        <eol />
        <docDate date="2019-12-19" refersTo="#adoptionDate">19 December 2019</docDate>
      </p>
    </conclusions>
  </statement>
</akomaNtoso>