<akomaNtoso xmlns:xsi="http://www.w3.org/2001/XMLSchema-instance" xsi:schemaLocation="http://docs.oasis-open.org/legaldocml/ns/akn/3.0 http://docs.oasis-open.org/legaldocml/akn-core/v1.0/os/part2-specs/schemas/akomantoso30.xsd" xmlns="http://docs.oasis-open.org/legaldocml/ns/akn/3.0" xmlns:html="http://www.w3.org/1999/xhtml" xmlns:akn4un="http://un.org/akn4un">
  <statement name="resolution">
    <meta>
      <identification source="#DGACM">
        <FRBRWork>
          <FRBRthis value="/akn/un/statement/deliberation/unga/2020-08-11/74-297/!main/"></FRBRthis>
          <FRBRuri value="/akn/un/statement/deliberation/unga/2020-08-11/74-297/"></FRBRuri>
          <FRBRdate date="2020-08-11" name="adoption"></FRBRdate>
          <FRBRauthor href="ga" as="author"></FRBRauthor>
          <FRBRcountry value="un"></FRBRcountry>
        </FRBRWork>
        <FRBRExpression>
          <FRBRthis value="/akn/un/statement/deliberation/unga/2020-08-11/74-297/eng@!main/"></FRBRthis>
          <FRBRuri value="/akn/un/statement/deliberation/unga/2020-08-11/74-297/eng@/"></FRBRuri>
          <FRBRdate date="2020-08-13" name="publication"></FRBRdate>
          <FRBRauthor href="ga" as="issuer"></FRBRauthor>
          <FRBRlanguage language="eng"></FRBRlanguage>
        </FRBRExpression>
        <FRBRManifestation>
          <FRBRthis value="/akn/un/statement/deliberation/unga/2020-08-11/74-297/eng@/!main.xml"></FRBRthis>
          <FRBRuri value="/akn/un/statement/deliberation/unga/2020-08-11/74-297/eng@.xml"></FRBRuri>
          <FRBRdate date="2020-10-04" name="markup"></FRBRdate>
          <FRBRauthor href="DGACM" as="editor"></FRBRauthor>
        </FRBRManifestation>
      </identification>
      <classification source="http://metadata.un.org/sdg">
        <keyword value="2" href="http://metadata.un.org/sdg/2" showAs="sdg_2" dictionary="SDGO"></keyword>
        <keyword value="food_shortage" href="http://eurovoc.europa.eu/2318" showAs="food_shortage" dictionary="EuroVoc"></keyword>
        <keyword value="sustainable_agriculture" href="http://eurovoc.europa.eu/6308" showAs="sustainable_agriculture" dictionary="EuroVoc"></keyword>
        <keyword value="food_security" href="http://eurovoc.europa.eu/c_4523e1dd" showAs="food_security" dictionary="EuroVoc"></keyword>
        <keyword value="food_security" href="http://metadata.un.org/thesaurus/1002439" showAs="food_security" dictionary="UNBIS Thesaurus"></keyword>
        <keyword value="food_shortage" href="http://metadata.un.org/thesaurus/1002440" showAs="food_shortage" dictionary="UNBIS Thesaurus"></keyword>
        <keyword value="hunger" href="http://metadata.un.org/thesaurus/1003004" showAs="hunger" dictionary="UNBIS Thesaurus"></keyword>
        <keyword value="sustainable_agriculture" href="http://metadata.un.org/thesaurus/1006317" showAs="sustainable_agriculture" dictionary="UNBIS Thesaurus"></keyword>
      </classification>
      <classification source="http://metadata.un.org/sdg">
        <keyword value="3" href="http://metadata.un.org/sdg/3" showAs="sdg_3" dictionary="SDGO"></keyword>
        <keyword value="public_health" href="http://eurovoc.europa.eu/3885" showAs="public_health" dictionary="EuroVoc"></keyword>
        <keyword value="health" href="http://metadata.un.org/thesaurus/1002824" showAs="health" dictionary="UNBIS Thesaurus"></keyword>
      </classification>
      <classification source="http://metadata.un.org/sdg">
        <keyword value="5" href="http://metadata.un.org/sdg/5" showAs="sdg_5" dictionary="SDGO"></keyword>
        <keyword value="gender_equality" href="http://eurovoc.europa.eu/3913" showAs="gender_equality" dictionary="EuroVoc"></keyword>
        <keyword value="participation_of_women" href="http://eurovoc.europa.eu/2265" showAs="participation_of_women" dictionary="EuroVoc"></keyword>
        <keyword value="women&amp;#39;s_rights" href="http://eurovoc.europa.eu/585" showAs="women&amp;#39;s_rights" dictionary="EuroVoc"></keyword>
        <keyword value="position_of_women" href="http://eurovoc.europa.eu/81" showAs="position_of_women" dictionary="EuroVoc"></keyword>
        <keyword value="women" href="http://metadata.un.org/thesaurus/1007029" showAs="women" dictionary="UNBIS Thesaurus"></keyword>
        <keyword value="gender_equality" href="http://metadata.un.org/thesaurus/1002612" showAs="gender_equality" dictionary="UNBIS Thesaurus"></keyword>
        <keyword value="girls" href="http://metadata.un.org/thesaurus/1002684" showAs="girls" dictionary="UNBIS Thesaurus"></keyword>
      </classification>
      <classification source="http://metadata.un.org/sdg">
        <keyword value="10" href="http://metadata.un.org/sdg/10" showAs="sdg_10" dictionary="SDGO"></keyword>
        <keyword value="social_inequality" href="http://eurovoc.europa.eu/1420" showAs="social_inequality" dictionary="EuroVoc"></keyword>
        <keyword value="equality" href="http://metadata.un.org/thesaurus/1002102" showAs="equality" dictionary="UNBIS Thesaurus"></keyword>
      </classification>
      <classification source="http://metadata.un.org/sdg">
        <keyword value="16" href="http://metadata.un.org/sdg/16" showAs="sdg_16" dictionary="SDGO"></keyword>
        <keyword value="right_to_justice" href="http://eurovoc.europa.eu/516" showAs="right_to_justice" dictionary="EuroVoc"></keyword>
        <keyword value="sustainable_development" href="http://eurovoc.europa.eu/5585" showAs="sustainable_development" dictionary="EuroVoc"></keyword>
        <keyword value="civil_society" href="http://metadata.un.org/thesaurus/1001012" showAs="civil_society" dictionary="UNBIS Thesaurus"></keyword>
        <keyword value="justice" href="http://metadata.un.org/thesaurus/1003500" showAs="justice" dictionary="UNBIS Thesaurus"></keyword>
        <keyword value="peaceful_coexistence" href="http://metadata.un.org/thesaurus/1004777" showAs="peaceful_coexistence" dictionary="UNBIS Thesaurus"></keyword>
        <keyword value="public_institutions" href="http://metadata.un.org/thesaurus/1005254" showAs="public_institutions" dictionary="UNBIS Thesaurus"></keyword>
        <keyword value="social_justice" href="http://metadata.un.org/thesaurus/1005970" showAs="social_justice" dictionary="UNBIS Thesaurus"></keyword>
        <keyword value="sustainable_development" href="http://metadata.un.org/thesaurus/1006319" showAs="sustainable_development" dictionary="UNBIS Thesaurus"></keyword>
      </classification>
      <classification source="http://metadata.un.org/sdg">
        <keyword value="17" href="http://metadata.un.org/sdg/17" showAs="sdg_17" dictionary="SDGO"></keyword>
        <keyword value="sustainable_development" href="http://eurovoc.europa.eu/5585" showAs="sustainable_development" dictionary="EuroVoc"></keyword>
        <keyword value="partnership" href="http://eurovoc.europa.eu/4199" showAs="partnership" dictionary="EuroVoc"></keyword>
        <keyword value="sustainable_development" href="http://metadata.un.org/thesaurus/1006319" showAs="sustainable_development" dictionary="UNBIS Thesaurus"></keyword>
        <keyword value="partnership" href="http://metadata.un.org/thesaurus/1004748" showAs="partnership" dictionary="UNBIS Thesaurus"></keyword>
      </classification>
      <workflow source="#un">
        <step date="2020-07-29" outcome="draftResolution" as="A/74/L.77" by="Guyana (on behalf of the States Members of the United Nations that are members of the Group of 77 and China)" />
        <step date="0001-01-01" outcome="draftResolutionAdditionalSponsors" by="" />
        <step date="0001-01-01" outcome="recommendedForAdoption" by="" />
        <step date="2020-08-11" outcome="adopted" as="Adopted through silence procedure" by="" />
      </workflow>
      <analysis source="#un">
        <parliamentary>
          <voting outcome="adoptedWithoutVote">
            <quorum value=""></quorum>
          </voting>
        </parliamentary>
      </analysis>
      <references source="#DGACM">
        <TLCOrganization eId="source" href="/akn/ontology/organization/un/DGACM" showAs="DGACM"></TLCOrganization>
        <TLCConcept eId="dateOfIssuance" href="/akn/ontology/concept/un/dateOfIssuance" showAs="Date of issuance"></TLCConcept>
        <TLCConcept eId="dateOfAdoption" href="/akn/ontology/concept/un/dateOfAdoption" showAs="Date of adoption"></TLCConcept>
        <TLCConcept eId="symbol" href="/akn/ontology/reference/un/symbol" showAs="Symbol"></TLCConcept>
        <TLCRole eId="publisher" href="/akn/ontology/role/un/publisher" showAs="Publisher"></TLCRole>
        <TLCRole eId="issuingBody" href="/akn/role/concept/un/issuingBody" showAs="Issuing body"></TLCRole>
        <TLCRole eId="author" href="/akn/ontology/role/un/author" showAs="Author"></TLCRole>
        <TLCRole eId="editor" href="/akn/ontology/role/un/editor" showAs="Editor"></TLCRole>
        <TLCRole eId="distribution" href="/akn/ontology/concept/un/generalDistribution" showAs="General distribution"></TLCRole>
        <TLCOrganization eId="ga" href="/akn/ontology/organization/un/generalAssembly" showAs="General Assembly"></TLCOrganization>
        <TLCTerm eId="resolutionTitle" href="/akn/ontology/reference/un/resolutionTitle" showAs="Resolution title"></TLCTerm>
        <TLCTerm eId="noMainCommittee" href="#noMainCommittee" showAs="Without reference to a main committee"></TLCTerm>
        <TLCTerm eId="memberState" href="/akn/ontology/organization/un/memberState" showAs="Member State"></TLCTerm>
        <TLCTerm eId="inFavour" href="/akn/ontology/concept/un/voting/inFavour" showAs="In favour"></TLCTerm>
        <TLCTerm eId="against" href="/akn/ontology/concept/un/voting/against" showAs="Against"></TLCTerm>
        <TLCTerm eId="abstaining" href="/akn/ontology/concept/un/voting/abstaining" showAs="Abstaining"></TLCTerm>
      </references>
      <presentation source="#un">
        <akn4un:footerFirstPage>
          <akn4un:footerFirstPageLeft>
            <akn4un:internalCode>
              <docketNumber refersTo="#publicationJobNumber">20-10661 (E)</docketNumber>
              <img alt="bar code" class="barCode" src=""></img>
            </akn4un:internalCode>
          </akn4un:footerFirstPageLeft>
          <akn4un:footerFirstPageRight>
            <img alt="Please recycle" class="image" src="./recylcleLogo.jpg"></img>
            <img alt="embedded QR code" class="qrCode" src=""></img>
          </akn4un:footerFirstPageRight>
        </akn4un:footerFirstPage>
      </presentation>
    </meta>
    <coverPage eId="coverPage_1">
      <p>
        <span refersTo="#publisher" class="upperLeft">
          <docAuthority refersTo="#publisher">United Nations</docAuthority>
        </span>
      </p>
      <p class="upperRight">
        <docNumber refersTo="#symbol">A/RES/74/297</docNumber>
      </p>
      <p class="upperLeft">
        <img src="logo-un.jpg"></img>
        <docAuthority refersTo="#issuingBody" class="rightBig">General Assembly</docAuthority>
      </p>
      <p>
        <docStatus refersTo="#generalDistribution" class="rightSmall">Distr.: General</docStatus>
      </p>
      <p>
        <docDate date="2020-08-13" class="rightSmall" refersTo="#dateOfIssuance">13 August 2020</docDate>
      </p>
      <p>
        <session refersTo="#generalAssembly" value="74" eId="coverPage_1__session_1">Seventy-fourth session</session>
      </p>
      <p>
        <inline name="agenda item">Agenda item 23 (a)</inline>
      </p>
      <p>
        <inline name="agenda item name">Operational activities for development: operational activities for development of the United Nations system</inline>
      </p>
      <p>
        <docTitle>Resolution adopted by the General Assembly on 11 August 2020</docTitle>
      </p>
      <p xml:space="preserve">
        <docProponent refersTo="#noMainCommittee">[without reference to a Main Committee (<inline name="originating document">A/74/L.77</inline>)]</docProponent>
      </p>
    </coverPage>
    <preface>
      <p>
        <docNumber>74/297.</docNumber>
        <docTitle refersTo="#resolutionTitle">Progress in the implementation of General Assembly resolution 71/243 on the quadrennial comprehensive policy review of operational activities for development of the United Nations system</docTitle>
      </p>
    </preface>
    <preamble>
      <formula name="enactingFormula" eId="formula_1">
        <p xml:space="preserve">
          <span class="italic">The General Assembly</span>,</p>
      </formula>
      <container name="Reaffirming" eId="container_2">
        <p xml:space="preserve">
          <span class="italic">Reaffirming</span> its resolution <a href="https://undocs.org/en/A/RES/71/243">71/243</a> of 21 December 2016 on the quadrennial comprehensive policy review of operational activities for development of the United Nations system, including its general guidelines,</p>
      </container>
      <container name="Reaffirming also" eId="container_3">
        <p xml:space="preserve">
          <span class="italic">Reaffirming also</span> its resolution <a href="https://undocs.org/en/A/RES/72/279">72/279</a> of 31 May 2018 on the repositioning of the United Nations development system in the context of the quadrennial comprehensive policy review of operational activities for development of the United Nations system,</p>
      </container>
      <container name="Reaffirming further" eId="container_4">
        <p xml:space="preserve">
          <span class="italic">Reaffirming further</span> its resolutions <a href="https://undocs.org/en/A/RES/73/248">73/248</a> of 20 December 2018 and <a href="https://undocs.org/en/A/RES/74/238">74/238</a> of 19 December 2019 on the operational activities for development of the United Nations system,</p>
      </container>
      <container name="Recalling " eId="container_5">
        <p xml:space="preserve">
          <span class="italic">	Recalling </span>Economic and Social Council resolution <a href="https://undocs.org/en/E/RES/2020/23">2020/23</a> of 22 July 2020,</p>
      </container>
      <container name="Recognizing" eId="container_6">
        <p xml:space="preserve">
          <span class="italic">Recognizing</span> the unprecedented effects of the coronavirus disease (COVID-19) pandemic, including the severe disruption to societies and economies, and recognizing further the central role of the United Nations system in catalysing and coordinating the global response to control and contain the spread of COVID-19,</p>
      </container>
    </preamble>
    <mainBody>
      <paragraph eId="para_7" class="SingleTxt">
        <num>	1.</num>
        <content eId="para_7__content">
          <p xml:space="preserve">
            <span class="italic">Takes note</span> of the report of the Secretary-General on the implementation of General Assembly resolution <a href="https://undocs.org/en/A/RES/71/243">71/243</a> on the quadrennial comprehensive policy review of operational activities for development of the United Nations system;<authorialNote marker="1" placement="bottom" eId="authorialNote_1"><p xml:space="preserve"><a href="https://undocs.org/en/A/75/79">A/75/79-E/2020/55</a> and <a href="https://undocs.org/en/A/75/79/Add.1">A/75/79/Add.1-E/2020/55/Add.1</a>.</p></authorialNote></p>
        </content>
      </paragraph>
      <paragraph eId="para_8" class="SingleTxt">
        <num>	2.</num>
        <content eId="para_8__content">
          <p xml:space="preserve">
            <span class="italic">Also takes note</span> of the report of the Chair of the United Nations Sustainable Development Group on the work of the Development Coordination Office,<authorialNote marker="2" placement="bottom" eId="authorialNote_2"><p xml:space="preserve"><a href="https://undocs.org/en/E/2020/54">E/2020/54</a>.</p></authorialNote> including on the operational, administrative and financing aspects of the activities of the Office;</p>
        </content>
      </paragraph>
      <paragraph eId="para_9" class="SingleTxt">
        <num>	3.</num>
        <content eId="para_9__content">
          <p xml:space="preserve">
            <span class="italic">Encourages</span> a continued comprehensive, evidence-based and analytical approach to the reporting to the operational activities for development segment of the Economic and Social Council, and also encourages the continued use of data and examples from the work of resident coordinators on the ground in all future reporting on the implementation of the reinvigorated resident coordinator system;</p>
        </content>
      </paragraph>
      <paragraph eId="para_10" class="SingleTxt">
        <num>	4.</num>
        <content eId="para_10__content">
          <p xml:space="preserve">
            <span class="italic">Welcomes</span> the progress achieved by the United Nations development system and takes note of the challenges on the repositioning of the United Nations development system, and looks forward to the full and timely implementation of all reform mandates as contained in its resolutions <a href="https://undocs.org/en/A/RES/71/243">71/243</a>, <a href="https://undocs.org/en/A/RES/72/279">72/279</a>, <a href="https://undocs.org/en/A/RES/73/248">73/248</a> and <a href="https://undocs.org/en/A/RES/74/238">74/238</a>; </p>
        </content>
      </paragraph>
      <paragraph eId="para_11" class="SingleTxt">
        <num>	5.</num>
        <content eId="para_11__content">
          <p xml:space="preserve">
            <span class="italic">Also welcomes</span> the efforts of the Secretary-General in formulating the recommendations to harness the regional assets of the United Nations development system and requests the Secretary-General to continue to conduct and rely on, in the course of the implementation process, transparent and inclusive United Nations consultations with all countries concerned at all levels, in particular the countries of the region, through further deliberations in the Council with input from existing processes within regional economic commissions and other United Nations regional assets, to ensure that the longer-term reprofiling and restructuring of the regional assets of the United Nations is addressed on a region-by-region basis and in accordance with the region’s specific needs and priorities, and reaffirms that the regional repositioning should be conducted with the support of the regional economic commissions, specialized agencies, funds, programmes and regional offices of the Development Coordination Office while preserving and reaffirming their respective roles and mandates, and looks forward to further deliberations in the operational activities for development segment, and requests the Secretary-General to continue regular follow-up, monitoring and reporting, including to the Council’s operational activities for development segment;</p>
        </content>
      </paragraph>
      <paragraph eId="para_12" class="SingleTxt">
        <num>	6.</num>
        <content eId="para_12__content">
          <p xml:space="preserve">
            <span class="italic">Further welcomes</span> the recommendations of the Secretary-General on reinforcing support in multi-country office settings,<authorialNote marker="3" placement="bottom" eId="authorialNote_3"><p xml:space="preserve">		See <a href="https://undocs.org/en/A/75/79">A/75/79-E/2020/55</a>, sect. V.</p></authorialNote> and takes note of the information contained in the multi-country office review update dated 25 March 2020 circulated to Member States,<authorialNote marker="4" placement="bottom" eId="authorialNote_4"><p xml:space="preserve">		Circulated in the context of the third plenary briefing convened by the Deputy Secretary-General on the remaining mandates of the repositioning of the United Nations development system, held virtually on 27 March 2020.</p></authorialNote> and calls upon the Secretary-General to proceed with the implementation of the recommendations, while continuing transparent and inclusive consultations with all countries concerned throughout and after the implementation phase, and to conduct regular monitoring, reporting and follow-up, including to the Council at its annual operational activities for development segment, with a view to considering the adjustments necessary to ensure the delivery of sustainable and effective development resources and services to enable countries served by multi-country offices to implement the 2030 Agenda for Sustainable Development.<authorialNote marker="5" placement="bottom" eId="authorialNote_5"><p xml:space="preserve">		General Assembly resolution <a href="https://undocs.org/en/A/RES/70/1">70/1</a>.</p></authorialNote></p>
        </content>
      </paragraph>
    </mainBody>
    <conclusions eId="conclusions">
      <p>
        <docDate date="2020-08-11" refersTo="#adoptionDate">11 August 2020</docDate>
      </p>
    </conclusions>
  </statement>
</akomaNtoso>