<akomaNtoso xmlns:xsi="http://www.w3.org/2001/XMLSchema-instance" xsi:schemaLocation="http://docs.oasis-open.org/legaldocml/ns/akn/3.0 http://docs.oasis-open.org/legaldocml/akn-core/v1.0/os/part2-specs/schemas/akomantoso30.xsd" xmlns="http://docs.oasis-open.org/legaldocml/ns/akn/3.0" xmlns:html="http://www.w3.org/1999/xhtml" xmlns:akn4un="http://un.org/akn4un">
  <statement name="resolution">
    <meta>
      <identification source="#DGACM">
        <FRBRWork>
          <FRBRthis value="/akn/un/statement/deliberation/unga/2020-03-03/74-268/!main/"></FRBRthis>
          <FRBRuri value="/akn/un/statement/deliberation/unga/2020-03-03/74-268/"></FRBRuri>
          <FRBRdate date="2020-03-03" name="adoption"></FRBRdate>
          <FRBRauthor href="ga" as="author"></FRBRauthor>
          <FRBRcountry value="un"></FRBRcountry>
        </FRBRWork>
        <FRBRExpression>
          <FRBRthis value="/akn/un/statement/deliberation/unga/2020-03-03/74-268/eng@!main/"></FRBRthis>
          <FRBRuri value="/akn/un/statement/deliberation/unga/2020-03-03/74-268/eng@/"></FRBRuri>
          <FRBRdate date="2020-03-04" name="publication"></FRBRdate>
          <FRBRauthor href="ga" as="issuer"></FRBRauthor>
          <FRBRlanguage language="eng"></FRBRlanguage>
        </FRBRExpression>
        <FRBRManifestation>
          <FRBRthis value="/akn/un/statement/deliberation/unga/2020-03-03/74-268/eng@/!main.xml"></FRBRthis>
          <FRBRuri value="/akn/un/statement/deliberation/unga/2020-03-03/74-268/eng@.xml"></FRBRuri>
          <FRBRdate date="2020-10-04" name="markup"></FRBRdate>
          <FRBRauthor href="DGACM" as="editor"></FRBRauthor>
        </FRBRManifestation>
      </identification>
      <classification source="http://metadata.un.org/sdg">
        <keyword value="8" href="http://metadata.un.org/sdg/8" showAs="sdg_8" dictionary="SDGO"></keyword>
        <keyword value="economic_growth" href="http://eurovoc.europa.eu/310" showAs="economic_growth" dictionary="EuroVoc"></keyword>
        <keyword value="full_employment" href="http://eurovoc.europa.eu/2427" showAs="full_employment" dictionary="EuroVoc"></keyword>
        <keyword value="unemployment" href="http://eurovoc.europa.eu/5974" showAs="unemployment" dictionary="EuroVoc"></keyword>
        <keyword value="economic_growth" href="http://metadata.un.org/thesaurus/1001854" showAs="economic_growth" dictionary="UNBIS Thesaurus"></keyword>
        <keyword value="employment" href="http://metadata.un.org/thesaurus/1002007" showAs="employment" dictionary="UNBIS Thesaurus"></keyword>
        <keyword value="full_employment" href="http://metadata.un.org/thesaurus/1002563" showAs="full_employment" dictionary="UNBIS Thesaurus"></keyword>
        <keyword value="unemployment" href="http://metadata.un.org/thesaurus/1006773" showAs="unemployment" dictionary="UNBIS Thesaurus"></keyword>
      </classification>
      <classification source="http://metadata.un.org/sdg">
        <keyword value="12" href="http://metadata.un.org/sdg/12" showAs="sdg_12" dictionary="SDGO"></keyword>
        <keyword value="consumption" href="http://eurovoc.europa.eu/139" showAs="consumption" dictionary="EuroVoc"></keyword>
        <keyword value="production" href="http://eurovoc.europa.eu/2707" showAs="production" dictionary="EuroVoc"></keyword>
        <keyword value="sustainable_consumption" href="http://metadata.un.org/thesaurus/1006318" showAs="sustainable_consumption" dictionary="UNBIS Thesaurus"></keyword>
        <keyword value="consumption" href="http://metadata.un.org/thesaurus/1001264" showAs="consumption" dictionary="UNBIS Thesaurus"></keyword>
        <keyword value="production" href="http://metadata.un.org/thesaurus/1005146" showAs="production" dictionary="UNBIS Thesaurus"></keyword>
      </classification>
      <classification source="http://metadata.un.org/sdg">
        <keyword value="16" href="http://metadata.un.org/sdg/16" showAs="sdg_16" dictionary="SDGO"></keyword>
        <keyword value="right_to_justice" href="http://eurovoc.europa.eu/516" showAs="right_to_justice" dictionary="EuroVoc"></keyword>
        <keyword value="sustainable_development" href="http://eurovoc.europa.eu/5585" showAs="sustainable_development" dictionary="EuroVoc"></keyword>
        <keyword value="civil_society" href="http://metadata.un.org/thesaurus/1001012" showAs="civil_society" dictionary="UNBIS Thesaurus"></keyword>
        <keyword value="justice" href="http://metadata.un.org/thesaurus/1003500" showAs="justice" dictionary="UNBIS Thesaurus"></keyword>
        <keyword value="peaceful_coexistence" href="http://metadata.un.org/thesaurus/1004777" showAs="peaceful_coexistence" dictionary="UNBIS Thesaurus"></keyword>
        <keyword value="public_institutions" href="http://metadata.un.org/thesaurus/1005254" showAs="public_institutions" dictionary="UNBIS Thesaurus"></keyword>
        <keyword value="social_justice" href="http://metadata.un.org/thesaurus/1005970" showAs="social_justice" dictionary="UNBIS Thesaurus"></keyword>
        <keyword value="sustainable_development" href="http://metadata.un.org/thesaurus/1006319" showAs="sustainable_development" dictionary="UNBIS Thesaurus"></keyword>
      </classification>
      <classification source="http://metadata.un.org/sdg">
        <keyword value="17" href="http://metadata.un.org/sdg/17" showAs="sdg_17" dictionary="SDGO"></keyword>
        <keyword value="sustainable_development" href="http://eurovoc.europa.eu/5585" showAs="sustainable_development" dictionary="EuroVoc"></keyword>
        <keyword value="partnership" href="http://eurovoc.europa.eu/4199" showAs="partnership" dictionary="EuroVoc"></keyword>
        <keyword value="sustainable_development" href="http://metadata.un.org/thesaurus/1006319" showAs="sustainable_development" dictionary="UNBIS Thesaurus"></keyword>
        <keyword value="partnership" href="http://metadata.un.org/thesaurus/1004748" showAs="partnership" dictionary="UNBIS Thesaurus"></keyword>
      </classification>
      <workflow source="#un">
        <step date="2020-02-06" outcome="draftResolution" as="A/74/L.39" by="Angola, Armenia, Austria, Croatia, Cyprus, Czechia, Estonia, Finland, France, Germany, India, Malta, Netherlands, Portugal, Slovenia, Spain and United Arab Emirates" />
        <step date="0001-01-01" outcome="draftResolutionAdditionalSponsors" by="Albania, Australia, Belgium, Botswana, Bulgaria, Canada, Democratic Republic of the Congo, Denmark, Greece, Hungary, Ireland, Israel, Italy, Japan, Latvia, Lithuania, Luxembourg, Namibia, North Macedonia, Panama, Poland, Romania, Russian Federation, Singapore, Slovakia, South Africa, Sri Lanka, Sweden, Switzerland and United Kingdom" />
        <step date="0001-01-01" outcome="recommendedForAdoption" by="" />
        <step date="2020-03-03" outcome="adopted" as="A/74/PV.60" by="" />
      </workflow>
      <analysis source="#un">
        <parliamentary>
          <voting outcome="adoptedWithoutVote">
            <quorum value=""></quorum>
          </voting>
        </parliamentary>
      </analysis>
      <references source="#DGACM">
        <TLCOrganization eId="source" href="/akn/ontology/organization/un/DGACM" showAs="DGACM"></TLCOrganization>
        <TLCConcept eId="dateOfIssuance" href="/akn/ontology/concept/un/dateOfIssuance" showAs="Date of issuance"></TLCConcept>
        <TLCConcept eId="dateOfAdoption" href="/akn/ontology/concept/un/dateOfAdoption" showAs="Date of adoption"></TLCConcept>
        <TLCConcept eId="symbol" href="/akn/ontology/reference/un/symbol" showAs="Symbol"></TLCConcept>
        <TLCRole eId="publisher" href="/akn/ontology/role/un/publisher" showAs="Publisher"></TLCRole>
        <TLCRole eId="issuingBody" href="/akn/role/concept/un/issuingBody" showAs="Issuing body"></TLCRole>
        <TLCRole eId="author" href="/akn/ontology/role/un/author" showAs="Author"></TLCRole>
        <TLCRole eId="editor" href="/akn/ontology/role/un/editor" showAs="Editor"></TLCRole>
        <TLCRole eId="distribution" href="/akn/ontology/concept/un/generalDistribution" showAs="General distribution"></TLCRole>
        <TLCOrganization eId="ga" href="/akn/ontology/organization/un/generalAssembly" showAs="General Assembly"></TLCOrganization>
        <TLCTerm eId="resolutionTitle" href="/akn/ontology/reference/un/resolutionTitle" showAs="Resolution title"></TLCTerm>
        <TLCTerm eId="noMainCommittee" href="#noMainCommittee" showAs="Without reference to a main committee"></TLCTerm>
        <TLCTerm eId="memberState" href="/akn/ontology/organization/un/memberState" showAs="Member State"></TLCTerm>
        <TLCTerm eId="inFavour" href="/akn/ontology/concept/un/voting/inFavour" showAs="In favour"></TLCTerm>
        <TLCTerm eId="against" href="/akn/ontology/concept/un/voting/against" showAs="Against"></TLCTerm>
        <TLCTerm eId="abstaining" href="/akn/ontology/concept/un/voting/abstaining" showAs="Abstaining"></TLCTerm>
      </references>
      <presentation source="#un">
        <akn4un:footerFirstPage>
          <akn4un:footerFirstPageLeft>
            <akn4un:internalCode>
              <docketNumber refersTo="#publicationJobNumber">20-03368 (E)</docketNumber>
              <img alt="bar code" class="barCode" src=""></img>
            </akn4un:internalCode>
          </akn4un:footerFirstPageLeft>
          <akn4un:footerFirstPageRight>
            <img alt="Please recycle" class="image" src="./recylcleLogo.jpg"></img>
            <img alt="embedded QR code" class="qrCode" src=""></img>
          </akn4un:footerFirstPageRight>
        </akn4un:footerFirstPage>
      </presentation>
    </meta>
    <coverPage eId="coverPage_1">
      <p>
        <span refersTo="#publisher" class="upperLeft">
          <docAuthority refersTo="#publisher">United Nations</docAuthority>
        </span>
      </p>
      <p class="upperRight">
        <docNumber refersTo="#symbol">A/RES/74/268</docNumber>
      </p>
      <p class="upperLeft">
        <img src="logo-un.jpg"></img>
        <docAuthority refersTo="#issuingBody" class="rightBig">General Assembly</docAuthority>
      </p>
      <p>
        <docStatus refersTo="#generalDistribution" class="rightSmall">Distr.: General</docStatus>
      </p>
      <p>
        <docDate date="2020-03-04" class="rightSmall" refersTo="#dateOfIssuance">4 March 2020</docDate>
      </p>
      <p>
        <session refersTo="#generalAssembly" value="74" eId="coverPage_1__session_1">Seventy-fourth session</session>
      </p>
      <p>
        <inline name="agenda item">Agenda item 30</inline>
      </p>
      <p>
        <inline name="agenda item name">The role of diamonds in fuelling conflict</inline>
      </p>
      <p>
        <docTitle>Resolution adopted by the General Assembly on 3 March 2020</docTitle>
      </p>
      <p xml:space="preserve">
        <docProponent refersTo="#noMainCommittee">[without reference to a Main Committee (<inline name="originating document">A/74/39 and A/74/L.39/Add.1</inline>)]</docProponent>
      </p>
    </coverPage>
    <preface>
      <p>
        <docNumber>74/268.</docNumber>
        <docTitle refersTo="#resolutionTitle">The role of diamonds in fuelling conflict: breaking the link between the illicit transaction of rough diamonds and armed conflict as a contribution to prevention and settlement of conflicts</docTitle>
      </p>
    </preface>
    <preamble>
      <formula name="enactingFormula" eId="formula_1">
        <p xml:space="preserve">
          <span class="italic">The General Assembly</span>,</p>
      </formula>
      <container name="Recognizing" eId="container_2">
        <p xml:space="preserve">
          <span class="italic">Recognizing</span> that the trade in conflict diamonds continues to be a matter of serious international concern, which can be directly linked to the fuelling of armed conflict, the activities of rebel movements aimed at undermining or overthrowing legitimate Governments and the illicit traffic in and proliferation of armaments, especially small arms and light weapons, </p>
      </container>
      <container name="Recognizing also" eId="container_3">
        <p xml:space="preserve">
          <span class="italic">Recognizing also</span> the devastating impact of conflicts fuelled by the trade in conflict diamonds on peace and the safety and security of people in affected countries, and the systematic and gross human rights violations that have been perpetrated in such conflicts, </p>
      </container>
      <container name="Noting" eId="container_4">
        <p xml:space="preserve">
          <span class="italic">Noting</span> the negative impact of such conflicts on regional stability and the obligations placed upon States by the Charter of the United Nations regarding the maintenance of international peace and security, and recognizing that continued action to curb the trade in conflict diamonds is imperative, </p>
      </container>
      <container name="Noting with appreciation" eId="container_5">
        <p xml:space="preserve">
          <span class="italic">Noting with appreciation</span> that the Kimberley Process, as an international initiative led by Participants, has pursued its deliberations on an inclusive basis involving concerned stakeholders, including producing, exporting and importing States, the diamond industry and civil society, as well as applicant States and international organizations, </p>
      </container>
      <container name="Welcoming" eId="container_6">
        <p xml:space="preserve">
          <span class="italic">Welcoming</span> the important contribution of the Kimberley Process, which was initiated by African diamond-producing countries, and calling for the consistent implementation of commitments made by Kimberley Process Participants and the diamond industry and civil society organizations, as observers, </p>
      </container>
      <container name="Acknowledging" eId="container_7">
        <p xml:space="preserve">
          <span class="italic">Acknowledging</span> that the diamond sector is an important catalyst for promoting economic and social development, which are necessary for poverty reduction and meeting the requirements of the Sustainable Development Goals<authorialNote marker="1" placement="bottom" eId="authorialNote_1"><p xml:space="preserve">	 	See resolution <a href="https://undocs.org/en/A/RES/70/1">70/1</a>.</p></authorialNote> in many producing countries, particularly in developing countries, </p>
      </container>
      <container name="Noting" eId="container_8">
        <p xml:space="preserve">
          <span class="italic">Noting</span> that, while the vast majority of rough diamonds produced in the world are from legitimate sources, the elimination of conflict diamonds from legitimate trade is the primary objective of the Kimberley Process, and stressing the need to continue its activities in order to achieve this objective, </p>
      </container>
      <container name="Recognizing" eId="container_9">
        <p xml:space="preserve">
          <span class="italic">Recognizing</span> that the Kimberley Process promotes legitimate rough diamond trade, and recalling the positive benefits of legitimate diamond trade to producing countries, including its transparency and accountability throughout the diamond industry, and the contribution it has made to the economies of producing, exporting and importing States, and therefore underlining the need for continued international action with regard to the ethical exploitation, sale and trade of rough diamonds, </p>
      </container>
      <container name="Welcoming" eId="container_10">
        <p xml:space="preserve">
          <span class="italic">Welcoming</span> the efforts to enhance regional cooperation on Kimberley Process matters among artisanal and alluvial diamond-producing countries in Central Africa and the Mano River Union facing similar challenges, and further encouraging the sharing of lessons with partners in the region and outside, </p>
      </container>
      <container name="Acknowledging" eId="container_11">
        <p xml:space="preserve">
          <span class="italic">Acknowledging</span> the successful role that the Kimberley Process has played, in the last 17 years, in stemming the flow of conflict diamonds and the valuable development impact it has had in improving the lives of many people dependent on the trade in diamonds, recognizing the contribution of the Kimberley Process to the settlement of conflicts and the consolidation of peace in Angola, Côte d’Ivoire, Liberia and Sierra Leone, and noting that the 2019 plenary meeting of the Kimberley Process, in looking towards the future, committed to continuing to ensure that the Kimberley Process remains an effective multilateral tool for conflict prevention in stemming the flow of conflict diamonds,</p>
      </container>
      <container name="Recalling" eId="container_12">
        <p xml:space="preserve">
          <span class="italic">Recalling</span> the Charter and all the relevant resolutions of the General Assembly and of the Security Council related to conflict diamonds, and determined to contribute to and support the implementation of the measures provided for in those resolutions,</p>
      </container>
      <container name="Noting with satisfaction" eId="container_13">
        <p xml:space="preserve">
          <span class="italic">Noting with satisfaction</span> that the implementation of the Kimberley Process Certification Scheme<authorialNote marker="2" placement="bottom" eId="authorialNote_2"><p xml:space="preserve">	 	See <a href="https://undocs.org/en/A/57/489">A/57/489</a>.</p></authorialNote> continues to have a positive impact in reducing the opportunity for conflict diamonds to play a role in fuelling armed conflict and helps to protect legitimate trade and ensure the effective implementation of the relevant resolutions on trade in conflict diamonds, </p>
      </container>
      <container name="Recognizing" eId="container_14">
        <p xml:space="preserve">
          <span class="italic">Recognizing</span> that regular review and reform of the Kimberley Process will be necessary to keep pace with and aim to address the ongoing threat of instability, conflict and contemporary challenges in the diamond trade, as well as to seize contemporary opportunities, </p>
      </container>
      <container name="Welcoming" eId="container_15">
        <p xml:space="preserve">
          <span class="italic">Welcoming</span> the decision of the 55 Kimberley Process Participants, representing 82 countries, including the 27 States members of the European Union and the United Kingdom of Great Britain and Northern Ireland represented by the European Commission, to address the problem of conflict diamonds by participating in the Kimberley Process and implementing the Kimberley Process Certification Scheme, </p>
      </container>
      <container name="Welcoming also" eId="container_16">
        <p xml:space="preserve">
          <span class="italic">Welcoming also</span> the admission of the United Kingdom as a Kimberley Process Certification Scheme Participant, with such participation taking effect from the date on which European Union law ceases to apply to and in the United Kingdom, </p>
      </container>
      <container name="Welcoming further" eId="container_17">
        <p xml:space="preserve">
          <span class="italic">Welcoming further</span> the applications of Kyrgyzstan and Qatar to join the Kimberley Process Certification Scheme, </p>
      </container>
      <container name="Noting" eId="container_18">
        <p xml:space="preserve">
          <span class="italic">Noting</span> that the Russian Federation, in its official capacity as the incoming Chair of the Kimberley Process for 2020, has been made aware of the interest expressed by Uzbekistan in joining the Kimberley Process Certification Scheme, while recognizing that this interest was expressed after the conclusion of the 2019 plenary meeting of the Kimberley Process, </p>
      </container>
      <container name="Recognizing and appreciating" eId="container_19">
        <p xml:space="preserve">
          <span class="italic">Recognizing and appreciating</span> the work done by the Ad Hoc Committee on Review and Reform with respect to the Kimberley Process Permanent Secretariat, a multi-donor fund, strengthening the peer review mechanism and strengthening the scope of the Kimberley Process in the core document and the consolidation of the core document, </p>
      </container>
      <container name="Recognizing" eId="container_20">
        <p xml:space="preserve">
          <span class="italic">Recognizing</span> that State sovereignty should be fully respected and that the principles of equality, mutual benefits and consensus should be adhered to, and welcoming the implementation of the Kimberley Process Certification Scheme in such a way as not to impede the legitimate trade in diamonds or impose an undue burden on Governments or industry, particularly smaller producers, and not to hinder the development of the diamond industry, </p>
      </container>
      <container name="Recognizing also" eId="container_21">
        <p xml:space="preserve">
          <span class="italic">Recognizing also</span> that the Kimberley Process Certification Scheme, which came into effect on 1 January 2003, will be credible only if all Participants have the requisite national legislation coupled with effective and credible internal systems of control designed to eliminate the presence of conflict diamonds in the chain of producing, exporting and importing rough diamonds within their own territories and across their borders, while taking into account that differences in production methods and trading practices, as well as differences in the institutional controls thereof, may require different approaches to meeting minimum standards, and encouraging all Participants to work towards overall compliance with the Kimberley Process standards, </p>
      </container>
      <container name="Welcoming" eId="container_22">
        <p xml:space="preserve">
          <span class="italic">Welcoming</span> the important contribution to fulfilling the purposes of the Kimberley Process that has been made and continues to be made by Participants, civil society organizations from across Participant countries, and the diamond industry, to assist international efforts to stop the trade in conflict diamonds, </p>
      </container>
      <container name="Welcoming also" eId="container_23">
        <p xml:space="preserve">
          <span class="italic">Welcoming also</span> the progress achieved with the World Customs Organization in adopting separate Harmonized System codes on natural and synthetic diamonds within the 2022 version of the Harmonized System, </p>
      </container>
      <container name="Taking note" eId="container_24">
        <p xml:space="preserve">
          <span class="italic">Taking note</span> of the updated System of Warranties guidelines promulgated by the World Diamond Council in 2018, </p>
      </container>
    </preamble>
    <mainBody>
      <paragraph eId="para_25" class="SingleTxt">
        <num>	1.</num>
        <content eId="para_25__content">
          <p xml:space="preserve">
            <span class="italic">Takes note</span> of the outcomes of the 2019 plenary meeting of the Kimberley Process, hosted in New Delhi by India from 18 to 22 November 2019,<authorialNote marker="3" placement="bottom" eId="authorialNote_3"><p xml:space="preserve">	 	See <a href="https://undocs.org/en/A/74/637">A/74/637</a>.</p></authorialNote> and reaffirms its strong and continuing support for the Kimberley Process Certification Scheme<sup>2</sup> and the Kimberley Process as a whole;</p>
        </content>
      </paragraph>
      <paragraph eId="para_26" class="SingleTxt">
        <num>	2.</num>
        <content eId="para_26__content">
          <p xml:space="preserve">
            <span class="italic">Recognizes</span> that the Kimberley Process Certification Scheme helps to ensure the effective implementation of relevant resolutions of the Security Council containing sanctions on the trade in conflict diamonds and contributes to the prevention of future conflicts fuelled by diamonds, and calls for the full implementation of existing Council measures targeting the illicit trade in rough diamonds, particularly conflict diamonds which play a role in fuelling conflict; </p>
        </content>
      </paragraph>
      <paragraph eId="para_27" class="SingleTxt">
        <num>	3.</num>
        <content eId="para_27__content">
          <p xml:space="preserve">
            <span class="italic">Reaffirms</span> the importance of the tripartite nature of the Kimberley Process, stresses that the widest possible participation in the Kimberley Process Certification Scheme is essential, encourages Participants to contribute to the work of the Kimberley Process by participating actively in the Certification Scheme and ensuring compliance with its undertakings and the effective implementation of its measures, underscores the importance of the Civil Society Coalition and its members to the Kimberley Process, and acknowledges the importance of supporting additional applications for membership by civil society organizations; </p>
        </content>
      </paragraph>
      <paragraph eId="para_28" class="SingleTxt">
        <num>	4.</num>
        <content eId="para_28__content">
          <p xml:space="preserve">
            <span class="italic">Commends and appreciates</span> the work of Kimberley Process working bodies in advancing the objectives of the Kimberley Process; </p>
        </content>
      </paragraph>
      <paragraph eId="para_29" class="SingleTxt">
        <num>	5.</num>
        <content eId="para_29__content">
          <p xml:space="preserve">
            <span class="italic">Recalls</span> the central place of mining communities in the Kimberley Process and the need to devote particular attention to engaging artisanal miners in governance structures, developing best practices, building upon experiences in other minerals and gold in artisanal and small-scale mining and promoting the rule of law; </p>
        </content>
      </paragraph>
      <paragraph eId="para_30" class="SingleTxt">
        <num>	6.</num>
        <content eId="para_30__content">
          <p xml:space="preserve">
            <span class="italic">Welcomes</span> efforts to enhance cooperation with and assistance to Participants in Kimberley Process matters, including with a regional dimension, focusing on the implementation of best practices, capacity-building and compliance with Kimberley Process standards, rules and procedures; </p>
        </content>
      </paragraph>
      <paragraph eId="para_31" class="SingleTxt">
        <num>	7.</num>
        <content eId="para_31__content">
          <p xml:space="preserve">
            <span class="italic">Recognizes</span> the value of engaging with relevant external organizations to support the work of the Kimberley Process and its working bodies, and in this regard welcomes the guidelines adopted by the Kimberley Process, which will facilitate engagement in a spirit of transparency and inclusiveness; </p>
        </content>
      </paragraph>
      <paragraph eId="para_32" class="SingleTxt">
        <num>	8.</num>
        <content eId="para_32__content">
          <p xml:space="preserve">
            <span class="italic">Encourages</span> further strengthening of the Kimberley Process to enhance its effectiveness in addressing challenges posed to the diamond industry and related communities, including from instability and conflict, and to ensure that the Kimberley Process remains relevant for the future and continues to contribute to international peace and security and the achievement of the 2030 Agenda for Sustainable Development<sup>1</sup> and the Sustainable Development Goals, and looks forward to further exploring and advancing the ways in which the Kimberley Process contributes to peacebuilding and sustaining peace; </p>
        </content>
      </paragraph>
      <paragraph eId="para_33" class="SingleTxt">
        <num>	9.</num>
        <content eId="para_33__content">
          <p xml:space="preserve">
            <span class="italic">Welcomes</span> the effort made with a view to strengthening the scope of the Kimberley Process in the core document, including in-depth discussions in the Ad Hoc Committee on Review and Reform on how best to capture the evolving nature of rough diamond conflict and actors involved in this conflict, about a definition of conflict diamonds, the importance of capacity-building and mutual support, and the positive contribution of rough diamonds to prosperity and social and economic development, and looks forward to continue this work in the future; </p>
        </content>
      </paragraph>
      <paragraph eId="para_34" class="SingleTxt">
        <num>	10.</num>
        <content eId="para_34__content">
          <p xml:space="preserve">
            <span class="italic">Welcomes</span> the expressions of interest from Austria, Botswana, China, the Russian Federation and the United States of America to host the Kimberley Process Permanent Secretariat, and notes the recommendation of the plenary meeting to create a tripartite Technical Expert Team under the Working Group of Diamond Experts to work on the practicalities of the Permanent Secretariat; </p>
        </content>
      </paragraph>
      <paragraph eId="para_35" class="SingleTxt">
        <num>	11.</num>
        <content eId="para_35__content">
          <p xml:space="preserve">
            <span class="italic">Notes</span> the acceptance of the principle of implementing a voluntary multi-donor fund in the Kimberley Process and the identification of four areas of focus for the fund, namely capacity-building, technical assistance, the participation of civil society and the participation of the least developed countries; </p>
        </content>
      </paragraph>
      <paragraph eId="para_36" class="SingleTxt">
        <num>	12.</num>
        <content eId="para_36__content">
          <p xml:space="preserve">
            <span class="italic">Welcomes</span> the progress in consolidating the core document that has enabled provisional closure of several sections, and notes that the work will continue; </p>
        </content>
      </paragraph>
      <paragraph eId="para_37" class="SingleTxt">
        <num>	13.</num>
        <content eId="para_37__content">
          <p xml:space="preserve">
            <span class="italic">Also welcomes</span> the adoption of the 2019 administrative decision on the peer review mechanism to improve the provisions of peer review, including annual reporting, review visits and review missions; </p>
        </content>
      </paragraph>
      <paragraph eId="para_38" class="SingleTxt">
        <num>	14.</num>
        <content eId="para_38__content">
          <p xml:space="preserve">
            <span class="italic">Notes</span> the adoption of provisional changes to the operational framework for the resumption of exports of rough diamonds from the Central African Republic and the terms of reference for the monitoring team for the Central African Republic, with the objective of increasing legal exports and maintaining safeguards to stop conflict diamonds from entering the legitimate supply chain; </p>
        </content>
      </paragraph>
      <paragraph eId="para_39" class="SingleTxt">
        <num>	15.</num>
        <content eId="para_39__content">
          <p xml:space="preserve">
            <span class="italic">Encourages</span> efforts to assist the Central African Republic in achieving compliance with the Kimberley Process Certification Scheme; </p>
        </content>
      </paragraph>
      <paragraph eId="para_40" class="SingleTxt">
        <num>	16.</num>
        <content eId="para_40__content">
          <p xml:space="preserve">
            <span class="italic">Acknowledges with great appreciation</span> the important contribution that India, as Chair of the Kimberley Process in 2019, has made towards curbing the trade in conflict diamonds, and welcomes the selection of the Russian Federation as the Chair and Botswana as the Vice-Chair for 2020; </p>
        </content>
      </paragraph>
      <paragraph eId="para_41" class="SingleTxt">
        <num>	17.</num>
        <content eId="para_41__content">
          <p xml:space="preserve">
            <span class="italic">Requests</span> the Chair of the Kimberley Process to submit to the General Assembly at its seventy-fifth session a report on the implementation of the Kimberley Process; </p>
        </content>
      </paragraph>
      <paragraph eId="para_42" class="SingleTxt">
        <num>	18.</num>
        <content eId="para_42__content">
          <p xml:space="preserve">
            <span class="italic">Decides</span> to include in the provisional agenda of its seventy-fifth session the item entitled “The role of diamonds in fuelling conflict”.</p>
        </content>
      </paragraph>
    </mainBody>
    <conclusions eId="conclusions">
      <p>
        <inline name="adoptionMeeting" title="60th">60th plenary meeting</inline>
        <eol />
        <docDate date="2020-03-03" refersTo="#adoptionDate">3 March 2020</docDate>
      </p>
    </conclusions>
  </statement>
</akomaNtoso>