<akomaNtoso xmlns:xsi="http://www.w3.org/2001/XMLSchema-instance" xsi:schemaLocation="http://docs.oasis-open.org/legaldocml/ns/akn/3.0 http://docs.oasis-open.org/legaldocml/akn-core/v1.0/os/part2-specs/schemas/akomantoso30.xsd" xmlns="http://docs.oasis-open.org/legaldocml/ns/akn/3.0" xmlns:html="http://www.w3.org/1999/xhtml" xmlns:akn4un="http://un.org/akn4un">
  <statement name="resolution">
    <meta>
      <identification source="#DGACM">
        <FRBRWork>
          <FRBRthis value="/akn/un/statement/deliberation/unga/2020-06-30/74-278/!main/"></FRBRthis>
          <FRBRuri value="/akn/un/statement/deliberation/unga/2020-06-30/74-278/"></FRBRuri>
          <FRBRdate date="2020-06-30" name="adoption"></FRBRdate>
          <FRBRauthor href="ga" as="author"></FRBRauthor>
          <FRBRcountry value="un"></FRBRcountry>
        </FRBRWork>
        <FRBRExpression>
          <FRBRthis value="/akn/un/statement/deliberation/unga/2020-06-30/74-278/eng@!main/"></FRBRthis>
          <FRBRuri value="/akn/un/statement/deliberation/unga/2020-06-30/74-278/eng@/"></FRBRuri>
          <FRBRdate date="2020-07-09" name="publication"></FRBRdate>
          <FRBRauthor href="ga" as="issuer"></FRBRauthor>
          <FRBRlanguage language="eng"></FRBRlanguage>
        </FRBRExpression>
        <FRBRManifestation>
          <FRBRthis value="/akn/un/statement/deliberation/unga/2020-06-30/74-278/eng@/!main.xml"></FRBRthis>
          <FRBRuri value="/akn/un/statement/deliberation/unga/2020-06-30/74-278/eng@.xml"></FRBRuri>
          <FRBRdate date="2020-10-04" name="markup"></FRBRdate>
          <FRBRauthor href="DGACM" as="editor"></FRBRauthor>
        </FRBRManifestation>
      </identification>
      <classification source="http://metadata.un.org/sdg">
        <keyword value="17" href="http://metadata.un.org/sdg/17" showAs="sdg_17" dictionary="SDGO"></keyword>
        <keyword value="sustainable_development" href="http://eurovoc.europa.eu/5585" showAs="sustainable_development" dictionary="EuroVoc"></keyword>
        <keyword value="partnership" href="http://eurovoc.europa.eu/4199" showAs="partnership" dictionary="EuroVoc"></keyword>
        <keyword value="sustainable_development" href="http://metadata.un.org/thesaurus/1006319" showAs="sustainable_development" dictionary="UNBIS Thesaurus"></keyword>
        <keyword value="partnership" href="http://metadata.un.org/thesaurus/1004748" showAs="partnership" dictionary="UNBIS Thesaurus"></keyword>
      </classification>
      <classification source="http://metadata.un.org/sdg">
        <keyword value="17.1" href="http://metadata.un.org/sdg/17.1" showAs="sdg_17.1" dictionary="SDGO"></keyword>
        <keyword value="developing_countries" href="http://eurovoc.europa.eu/2295" showAs="developing_countries" dictionary="EuroVoc"></keyword>
        <keyword value="economic_support" href="http://eurovoc.europa.eu/712" showAs="economic_support" dictionary="EuroVoc"></keyword>
        <keyword value="developing_countries" href="http://metadata.un.org/thesaurus/1001613" showAs="developing_countries" dictionary="UNBIS Thesaurus"></keyword>
        <keyword value="resources_mobilization" href="http://metadata.un.org/thesaurus/1005517" showAs="resources_mobilization" dictionary="UNBIS Thesaurus"></keyword>
      </classification>
      <workflow source="#un">
        <step date="2020-06-22" outcome="draftResolution" as="A/C.5/74/L.31" by="submitted by the Chair of the Committee following informal consultations" />
        <step date="0001-01-01" outcome="draftResolutionAdditionalSponsors" by="" />
        <step date="0001-01-01" outcome="recommendedForAdoption" as="A/74/910" refersTo="17" by="" />
        <step date="2020-06-30" outcome="adopted" as="Adopted through silence procedure" by="" />
      </workflow>
      <analysis source="#un">
        <parliamentary>
          <voting outcome="adoptedWithoutVote">
            <quorum value=""></quorum>
          </voting>
        </parliamentary>
      </analysis>
      <references source="#DGACM">
        <TLCOrganization eId="source" href="/akn/ontology/organization/un/DGACM" showAs="DGACM"></TLCOrganization>
        <TLCConcept eId="dateOfIssuance" href="/akn/ontology/concept/un/dateOfIssuance" showAs="Date of issuance"></TLCConcept>
        <TLCConcept eId="dateOfAdoption" href="/akn/ontology/concept/un/dateOfAdoption" showAs="Date of adoption"></TLCConcept>
        <TLCConcept eId="symbol" href="/akn/ontology/reference/un/symbol" showAs="Symbol"></TLCConcept>
        <TLCRole eId="publisher" href="/akn/ontology/role/un/publisher" showAs="Publisher"></TLCRole>
        <TLCRole eId="issuingBody" href="/akn/role/concept/un/issuingBody" showAs="Issuing body"></TLCRole>
        <TLCRole eId="author" href="/akn/ontology/role/un/author" showAs="Author"></TLCRole>
        <TLCRole eId="editor" href="/akn/ontology/role/un/editor" showAs="Editor"></TLCRole>
        <TLCRole eId="distribution" href="/akn/ontology/concept/un/generalDistribution" showAs="General distribution"></TLCRole>
        <TLCOrganization eId="ga" href="/akn/ontology/organization/un/generalAssembly" showAs="General Assembly"></TLCOrganization>
        <TLCTerm eId="resolutionTitle" href="/akn/ontology/reference/un/resolutionTitle" showAs="Resolution title"></TLCTerm>
        <TLCTerm eId="fifthCommittee" href="#fifthCommittee" showAs="Fifth Committee"></TLCTerm>
        <TLCTerm eId="memberState" href="/akn/ontology/organization/un/memberState" showAs="Member State"></TLCTerm>
        <TLCTerm eId="inFavour" href="/akn/ontology/concept/un/voting/inFavour" showAs="In favour"></TLCTerm>
        <TLCTerm eId="against" href="/akn/ontology/concept/un/voting/against" showAs="Against"></TLCTerm>
        <TLCTerm eId="abstaining" href="/akn/ontology/concept/un/voting/abstaining" showAs="Abstaining"></TLCTerm>
      </references>
      <presentation source="#un">
        <akn4un:footerFirstPage>
          <akn4un:footerFirstPageLeft>
            <akn4un:internalCode>
              <docketNumber refersTo="#publicationJobNumber">20-08786 (E)</docketNumber>
              <img alt="bar code" class="barCode" src=""></img>
            </akn4un:internalCode>
          </akn4un:footerFirstPageLeft>
          <akn4un:footerFirstPageRight>
            <img alt="Please recycle" class="image" src="./recylcleLogo.jpg"></img>
            <img alt="embedded QR code" class="qrCode" src=""></img>
          </akn4un:footerFirstPageRight>
        </akn4un:footerFirstPage>
      </presentation>
    </meta>
    <coverPage eId="coverPage_1">
      <p>
        <span refersTo="#publisher" class="upperLeft">
          <docAuthority refersTo="#publisher">United Nations</docAuthority>
        </span>
      </p>
      <p class="upperRight">
        <docNumber refersTo="#symbol">A/RES/74/278</docNumber>
      </p>
      <p class="upperLeft">
        <img src="logo-un.jpg"></img>
        <docAuthority refersTo="#issuingBody" class="rightBig">General Assembly</docAuthority>
      </p>
      <p>
        <docStatus refersTo="#generalDistribution" class="rightSmall">Distr.: General</docStatus>
      </p>
      <p>
        <docDate date="2020-07-09" class="rightSmall" refersTo="#dateOfIssuance">9 July 2020</docDate>
      </p>
      <p>
        <session refersTo="#generalAssembly" value="74" eId="coverPage_1__session_1">Seventy-fourth session</session>
      </p>
      <p>
        <inline name="agenda item">Agenda item 148</inline>
      </p>
      <p>
        <inline name="agenda item name">Administrative and budgetary aspects of the financing of the United Nations peacekeeping operations</inline>
      </p>
      <p>
        <docTitle>Resolution adopted by the General Assembly on 30 June 2020</docTitle>
      </p>
      <p xml:space="preserve">
        <docProponent refersTo="#fifthCommittee">[on the report of the Fifth Committee (<inline name="originating document">A/74/910</inline>)]</docProponent>
      </p>
    </coverPage>
    <preface>
      <p>
        <docNumber>74/278.</docNumber>
        <docTitle refersTo="#resolutionTitle">Closed peacekeeping missions</docTitle>
      </p>
    </preface>
    <preamble>
      <formula name="enactingFormula" eId="formula_1">
        <p xml:space="preserve">
          <span class="italic">The General Assembly</span>,</p>
      </formula>
      <container name="Recalling" eId="container_2">
        <p xml:space="preserve">
          <span class="italic">Recalling</span> its resolution <a href="https://undocs.org/en/A/RES/65/293">65/293</a> of 30 June 2011 and its decision 73/547 C of 3 July 2019,</p>
      </container>
      <container name="Having considered" eId="container_3">
        <p xml:space="preserve">
          <span class="italic">Having considered</span> the reports of the Secretary-General on the updated financial position of closed peacekeeping missions<authorialNote marker="1" placement="bottom" eId="authorialNote_1"><p xml:space="preserve"><a href="https://undocs.org/en/A/66/665">A/66/665</a>, <a href="https://undocs.org/en/A/67/739">A/67/739</a>, <a href="https://undocs.org/en/A/68/666">A/68/666</a>, <a href="https://undocs.org/en/A/69/659">A/69/659</a>, <a href="https://undocs.org/en/A/70/552">A/70/552</a>, <a href="https://undocs.org/en/A/71/652">A/71/652</a>, <a href="https://undocs.org/en/A/72/649">A/72/649</a>, <a href="https://undocs.org/en/A/73/604">A/73/604</a> and <a href="https://undocs.org/en/A/74/574">A/74/574</a>.</p></authorialNote> and the related reports of the Advisory Committee on Administrative and Budgetary Questions,<authorialNote marker="2" placement="bottom" eId="authorialNote_2"><p xml:space="preserve"><a href="https://undocs.org/en/A/66/713">A/66/713</a>, <a href="https://undocs.org/en/A/66/713/Corr.1">A/66/713/Corr.1</a>, <a href="https://undocs.org/en/A/67/837">A/67/837</a>, <a href="https://undocs.org/en/A/68/837">A/68/837</a>, <a href="https://undocs.org/en/A/69/827">A/69/827</a>, <a href="https://undocs.org/en/A/70/829">A/70/829</a>, <a href="https://undocs.org/en/A/71/856">A/71/856</a>, <a href="https://undocs.org/en/A/72/838">A/72/838</a>, <a href="https://undocs.org/en/A/73/888">A/73/888</a> and <a href="https://undocs.org/en/A/74/772">A/74/772</a>.</p></authorialNote></p>
      </container>
    </preamble>
    <mainBody>
      <paragraph eId="para_4" class="SingleTxt">
        <num>	1.</num>
        <content eId="para_4__content">
          <p xml:space="preserve">
            <span class="italic">Takes note</span> of the reports of the Secretary-General;<sup>1</sup></p>
        </content>
      </paragraph>
      <paragraph eId="para_5" class="SingleTxt">
        <num>	2.</num>
        <content eId="para_5__content">
          <p xml:space="preserve">
            <span class="italic">Endorses</span> the conclusions and recommendations contained in the reports of the Advisory Committee on Administrative and Budgetary Questions,<sup>2</sup> subject to the provisions of the present resolution;</p>
        </content>
      </paragraph>
      <paragraph eId="para_6" class="SingleTxt">
        <num>	3.</num>
        <content eId="para_6__content">
          <p xml:space="preserve">
            <span class="italic">Stresses</span> that all Member States should fulfil their financial obligations as set out in the Charter of the United Nations on time, in full and without conditions;</p>
        </content>
      </paragraph>
      <paragraph eId="para_7" class="SingleTxt">
        <num>	4.</num>
        <content eId="para_7__content">
          <p xml:space="preserve">
            <span class="italic">Urges</span> all Member States to make every possible effort to ensure payment of their assessed contributions in full;</p>
        </content>
      </paragraph>
      <paragraph eId="para_8" class="SingleTxt">
        <num>	5.</num>
        <content eId="para_8__content">
          <p xml:space="preserve">
            <span class="italic">Takes note</span> of paragraphs 10 and 11 (b) of the report of the Advisory Committee;<authorialNote marker="3" placement="bottom" eId="authorialNote_3"><p xml:space="preserve"><a href="https://undocs.org/en/A/74/772">A/74/772</a>.</p></authorialNote></p>
        </content>
      </paragraph>
      <paragraph eId="para_9" class="SingleTxt">
        <num>	6.</num>
        <content eId="para_9__content">
          <p xml:space="preserve">
            <span class="italic">Recalls</span> regulations 5.3, 5.4, 5.5 and 5.10 of the Financial Regulations and Rules of the United Nations,<authorialNote marker="4" placement="bottom" eId="authorialNote_4"><p xml:space="preserve"><a href="https://undocs.org/en/ST/SGB/2013/4">ST/SGB/2013/4</a> and <a href="https://undocs.org/en/ST/SGB/2013/4/Amend.1">ST/SGB/2013/4/Amend.1</a>.</p></authorialNote> regrets that claims payable to troop- and police-contributing countries and outstanding dues to Member States from closed peacekeeping operation budgets have not been settled, and emphasizes its commitment to resolve this issue;</p>
        </content>
      </paragraph>
      <paragraph eId="para_10" class="SingleTxt">
        <num>	7.</num>
        <content eId="para_10__content">
          <p xml:space="preserve">
            <span class="italic">Requests</span> the Secretary-General to continue to take every measure necessary to reimburse troop- and police-contributing countries before the closure of any peacekeeping mission, and to avoid the current practice of delaying reimbursements to troop- and police-contributing countries;</p>
        </content>
      </paragraph>
      <paragraph eId="para_11" class="SingleTxt">
        <num>	8.</num>
        <content eId="para_11__content">
          <p xml:space="preserve">
            <span class="italic">Notes</span> that the use of unreturned balances to cover temporary liquidity needs of the Organization in 2018 and 2019 is not an established mechanism, and emphasizes that this practice is not sustainable;</p>
        </content>
      </paragraph>
      <paragraph eId="para_12" class="MercuryDocument">
        <num>	9.</num>
        <content eId="para_12__content">
          <p xml:space="preserve">
            <span class="italic">Decides</span> to consider at the second part of its resumed seventy-fifth session the financial position of closed peacekeeping missions, under the agenda item entitled “Administrative and budgetary aspects of the financing of the United Nations peacekeeping operations”.</p>
        </content>
      </paragraph>
    </mainBody>
    <conclusions eId="conclusions">
      <p>
        <docDate date="2020-06-30" refersTo="#adoptionDate">30 June 2020</docDate>
      </p>
    </conclusions>
  </statement>
</akomaNtoso>