<akomaNtoso xmlns:xsi="http://www.w3.org/2001/XMLSchema-instance" xsi:schemaLocation="http://docs.oasis-open.org/legaldocml/ns/akn/3.0 http://docs.oasis-open.org/legaldocml/akn-core/v1.0/os/part2-specs/schemas/akomantoso30.xsd" xmlns="http://docs.oasis-open.org/legaldocml/ns/akn/3.0" xmlns:html="http://www.w3.org/1999/xhtml" xmlns:akn4un="http://un.org/akn4un">
  <statement name="resolution">
    <meta>
      <identification source="#DGACM">
        <FRBRWork>
          <FRBRthis value="/akn/un/statement/deliberation/unga/2019-12-12/74-31/!main/"></FRBRthis>
          <FRBRuri value="/akn/un/statement/deliberation/unga/2019-12-12/74-31/"></FRBRuri>
          <FRBRdate date="2019-12-12" name="adoption"></FRBRdate>
          <FRBRauthor href="ga" as="author"></FRBRauthor>
          <FRBRcountry value="un"></FRBRcountry>
        </FRBRWork>
        <FRBRExpression>
          <FRBRthis value="/akn/un/statement/deliberation/unga/2019-12-12/74-31/eng@!main/"></FRBRthis>
          <FRBRuri value="/akn/un/statement/deliberation/unga/2019-12-12/74-31/eng@/"></FRBRuri>
          <FRBRdate date="2019-12-18" name="publication"></FRBRdate>
          <FRBRauthor href="ga" as="issuer"></FRBRauthor>
          <FRBRlanguage language="eng"></FRBRlanguage>
        </FRBRExpression>
        <FRBRManifestation>
          <FRBRthis value="/akn/un/statement/deliberation/unga/2019-12-12/74-31/eng@/!main.xml"></FRBRthis>
          <FRBRuri value="/akn/un/statement/deliberation/unga/2019-12-12/74-31/eng@.xml"></FRBRuri>
          <FRBRdate date="2020-07-30" name="markup"></FRBRdate>
          <FRBRauthor href="DGACM" as="editor"></FRBRauthor>
        </FRBRManifestation>
      </identification>
      <classification source="http://metadata.un.org/sdg">
        <keyword value="12" href="http://metadata.un.org/sdg/12" showAs="sdg_12" dictionary="SDGO"></keyword>
        <keyword value="consumption" href="http://eurovoc.europa.eu/139" showAs="consumption" dictionary="EuroVoc"></keyword>
        <keyword value="production" href="http://eurovoc.europa.eu/2707" showAs="production" dictionary="EuroVoc"></keyword>
        <keyword value="sustainable_consumption" href="http://metadata.un.org/thesaurus/1006318" showAs="sustainable_consumption" dictionary="UNBIS Thesaurus"></keyword>
        <keyword value="consumption" href="http://metadata.un.org/thesaurus/1001264" showAs="consumption" dictionary="UNBIS Thesaurus"></keyword>
        <keyword value="production" href="http://metadata.un.org/thesaurus/1005146" showAs="production" dictionary="UNBIS Thesaurus"></keyword>
      </classification>
      <classification source="http://metadata.un.org/sdg">
        <keyword value="6" href="http://metadata.un.org/sdg/6" showAs="sdg_6" dictionary="SDGO"></keyword>
        <keyword value="water" href="http://eurovoc.europa.eu/597" showAs="water" dictionary="EuroVoc"></keyword>
        <keyword value="public_hygiene" href="http://eurovoc.europa.eu/3371" showAs="public_hygiene" dictionary="EuroVoc"></keyword>
        <keyword value="use_of_water" href="http://eurovoc.europa.eu/4628" showAs="use_of_water" dictionary="EuroVoc"></keyword>
        <keyword value="water" href="http://metadata.un.org/thesaurus/030500" showAs="water" dictionary="UNBIS Thesaurus"></keyword>
        <keyword value="sanitation" href="http://metadata.un.org/thesaurus/1005701" showAs="sanitation" dictionary="UNBIS Thesaurus"></keyword>
        <keyword value="water_management" href="http://metadata.un.org/thesaurus/1006948" showAs="water_management" dictionary="UNBIS Thesaurus"></keyword>
      </classification>
      <classification source="http://metadata.un.org/sdg">
        <keyword value="15" href="http://metadata.un.org/sdg/15" showAs="sdg_15" dictionary="SDGO"></keyword>
        <keyword value="deforestation" href="http://eurovoc.europa.eu/339" showAs="deforestation" dictionary="EuroVoc"></keyword>
        <keyword value="desertification" href="http://eurovoc.europa.eu/416" showAs="desertification" dictionary="EuroVoc"></keyword>
        <keyword value="biodiversity" href="http://eurovoc.europa.eu/5463" showAs="biodiversity" dictionary="EuroVoc"></keyword>
        <keyword value="land,_plant_and_soil_resources" href="http://metadata.un.org/thesaurus/030600" showAs="land,_plant_and_soil_resources" dictionary="UNBIS Thesaurus"></keyword>
        <keyword value="deforestation" href="http://metadata.un.org/thesaurus/1001550" showAs="deforestation" dictionary="UNBIS Thesaurus"></keyword>
      </classification>
      <classification source="http://metadata.un.org/sdg">
        <keyword value="14" href="http://metadata.un.org/sdg/14" showAs="sdg_14" dictionary="SDGO"></keyword>
        <keyword value="marine_life" href="http://eurovoc.europa.eu/3149" showAs="marine_life" dictionary="EuroVoc"></keyword>
        <keyword value="marine_environment" href="http://eurovoc.europa.eu/5742" showAs="marine_environment" dictionary="EuroVoc"></keyword>
        <keyword value="ocean" href="http://eurovoc.europa.eu/2107" showAs="ocean" dictionary="EuroVoc"></keyword>
        <keyword value="sea" href="http://eurovoc.europa.eu/1870" showAs="sea" dictionary="EuroVoc"></keyword>
        <keyword value="marine_resources" href="http://metadata.un.org/thesaurus/030800" showAs="marine_resources" dictionary="UNBIS Thesaurus"></keyword>
        <keyword value="marine_resources" href="http://metadata.un.org/thesaurus/1003922" showAs="marine_resources" dictionary="UNBIS Thesaurus"></keyword>
        <keyword value="oceans_and_seas" href="http://metadata.un.org/thesaurus/170600" showAs="oceans_and_seas" dictionary="UNBIS Thesaurus"></keyword>
      </classification>
      <workflow source="#un">
        <step date="2019-10-21" outcome="draftResolution" as="A/C.1/74/L.6" by="Algeria, Angola, Bolivia (Plurinational State of), Cuba, Eritrea, Iraq, Pakistan, Paraguay, Peru and Syrian Arab Republic" />
        <step date="0001-01-01" outcome="draftResolutionAdditionalSponsors" by="Bangladesh, Colombia, Egypt, Honduras, Iran (Islamic Republic of), Kuwait, Libya, Nicaragua, Saudi Arabia, Sri Lanka and Venezuela (Bolivarian Republic of)" />
        <step date="0001-01-01" outcome="recommendedForAdoption" as="A/74/365" by="" refersTo="7" />
        <step date="2019-12-12" outcome="adopted" as="A/74/PV.46" by="" />
      </workflow>
      <analysis source="#un">
        <parliamentary>
          <voting outcome="adoptedRecordedVote">
            <count value="122" refersTo="inFavour">
              <akn4un:voters>
                <organization refersTo="memberState">AFGHANISTAN</organization>
                <organization refersTo="memberState">ALGERIA</organization>
                <organization refersTo="memberState">ANGOLA</organization>
                <organization refersTo="memberState">ANTIGUA AND BARBUDA</organization>
                <organization refersTo="memberState">AZERBAIJAN</organization>
                <organization refersTo="memberState">BAHAMAS</organization>
                <organization refersTo="memberState">BAHRAIN</organization>
                <organization refersTo="memberState">BANGLADESH</organization>
                <organization refersTo="memberState">BARBADOS</organization>
                <organization refersTo="memberState">BELARUS</organization>
                <organization refersTo="memberState">BELIZE</organization>
                <organization refersTo="memberState">BENIN</organization>
                <organization refersTo="memberState">BHUTAN</organization>
                <organization refersTo="memberState">BOLIVIA (PLURINATIONAL STATE OF)</organization>
                <organization refersTo="memberState">BOTSWANA</organization>
                <organization refersTo="memberState">BRAZIL</organization>
                <organization refersTo="memberState">BRUNEI DARUSSALAM</organization>
                <organization refersTo="memberState">BURKINA FASO</organization>
                <organization refersTo="memberState">BURUNDI</organization>
                <organization refersTo="memberState">CABO VERDE</organization>
                <organization refersTo="memberState">CAMBODIA</organization>
                <organization refersTo="memberState">CAMEROON</organization>
                <organization refersTo="memberState">CHAD</organization>
                <organization refersTo="memberState">CHILE</organization>
                <organization refersTo="memberState">CHINA</organization>
                <organization refersTo="memberState">COLOMBIA</organization>
                <organization refersTo="memberState">COMOROS</organization>
                <organization refersTo="memberState">COSTA RICA</organization>
                <organization refersTo="memberState">COTE D'IVOIRE</organization>
                <organization refersTo="memberState">CUBA</organization>
                <organization refersTo="memberState">DEMOCRATIC REPUBLIC OF THE CONGO</organization>
                <organization refersTo="memberState">DJIBOUTI</organization>
                <organization refersTo="memberState">DOMINICAN REPUBLIC</organization>
                <organization refersTo="memberState">ECUADOR</organization>
                <organization refersTo="memberState">EGYPT</organization>
                <organization refersTo="memberState">EL SALVADOR</organization>
                <organization refersTo="memberState">ERITREA</organization>
                <organization refersTo="memberState">ESWATINI</organization>
                <organization refersTo="memberState">ETHIOPIA</organization>
                <organization refersTo="memberState">FIJI</organization>
                <organization refersTo="memberState">GABON</organization>
                <organization refersTo="memberState">GAMBIA</organization>
                <organization refersTo="memberState">GHANA</organization>
                <organization refersTo="memberState">GRENADA</organization>
                <organization refersTo="memberState">GUATEMALA</organization>
                <organization refersTo="memberState">GUINEA-BISSAU</organization>
                <organization refersTo="memberState">GUYANA</organization>
                <organization refersTo="memberState">HONDURAS</organization>
                <organization refersTo="memberState">INDIA</organization>
                <organization refersTo="memberState">INDONESIA</organization>
                <organization refersTo="memberState">IRAN (ISLAMIC REPUBLIC OF)</organization>
                <organization refersTo="memberState">IRAQ</organization>
                <organization refersTo="memberState">JAMAICA</organization>
                <organization refersTo="memberState">JAPAN</organization>
                <organization refersTo="memberState">JORDAN</organization>
                <organization refersTo="memberState">KAZAKHSTAN</organization>
                <organization refersTo="memberState">KENYA</organization>
                <organization refersTo="memberState">KIRIBATI</organization>
                <organization refersTo="memberState">KUWAIT</organization>
                <organization refersTo="memberState">KYRGYZSTAN</organization>
                <organization refersTo="memberState">LAO PEOPLE'S DEMOCRATIC REPUBLIC</organization>
                <organization refersTo="memberState">LEBANON</organization>
                <organization refersTo="memberState">LIBERIA</organization>
                <organization refersTo="memberState">LIBYA</organization>
                <organization refersTo="memberState">MADAGASCAR</organization>
                <organization refersTo="memberState">MALAWI</organization>
                <organization refersTo="memberState">MALAYSIA</organization>
                <organization refersTo="memberState">MALDIVES</organization>
                <organization refersTo="memberState">MALI</organization>
                <organization refersTo="memberState">MAURITANIA</organization>
                <organization refersTo="memberState">MAURITIUS</organization>
                <organization refersTo="memberState">MEXICO</organization>
                <organization refersTo="memberState">MONGOLIA</organization>
                <organization refersTo="memberState">MOROCCO</organization>
                <organization refersTo="memberState">MOZAMBIQUE</organization>
                <organization refersTo="memberState">MYANMAR</organization>
                <organization refersTo="memberState">NAURU</organization>
                <organization refersTo="memberState">NEPAL</organization>
                <organization refersTo="memberState">NICARAGUA</organization>
                <organization refersTo="memberState">NIGER</organization>
                <organization refersTo="memberState">NIGERIA</organization>
                <organization refersTo="memberState">OMAN</organization>
                <organization refersTo="memberState">PAKISTAN</organization>
                <organization refersTo="memberState">PANAMA</organization>
                <organization refersTo="memberState">PARAGUAY</organization>
                <organization refersTo="memberState">PERU</organization>
                <organization refersTo="memberState">PHILIPPINES</organization>
                <organization refersTo="memberState">QATAR</organization>
                <organization refersTo="memberState">RWANDA</organization>
                <organization refersTo="memberState">SAINT KITTS AND NEVIS</organization>
                <organization refersTo="memberState">SAINT LUCIA</organization>
                <organization refersTo="memberState">SAINT VINCENT AND THE GRENADINES</organization>
                <organization refersTo="memberState">SAMOA</organization>
                <organization refersTo="memberState">SAO TOME AND PRINCIPE</organization>
                <organization refersTo="memberState">SAUDI ARABIA</organization>
                <organization refersTo="memberState">SENEGAL</organization>
                <organization refersTo="memberState">SEYCHELLES</organization>
                <organization refersTo="memberState">SIERRA LEONE</organization>
                <organization refersTo="memberState">SINGAPORE</organization>
                <organization refersTo="memberState">SOLOMON ISLANDS</organization>
                <organization refersTo="memberState">SOUTH SUDAN</organization>
                <organization refersTo="memberState">SRI LANKA</organization>
                <organization refersTo="memberState">SUDAN</organization>
                <organization refersTo="memberState">SURINAME</organization>
                <organization refersTo="memberState">SYRIAN ARAB REPUBLIC</organization>
                <organization refersTo="memberState">TAJIKISTAN</organization>
                <organization refersTo="memberState">THAILAND</organization>
                <organization refersTo="memberState">TIMOR-LESTE</organization>
                <organization refersTo="memberState">TOGO</organization>
                <organization refersTo="memberState">TONGA</organization>
                <organization refersTo="memberState">TRINIDAD AND TOBAGO</organization>
                <organization refersTo="memberState">TUNISIA</organization>
                <organization refersTo="memberState">TURKMENISTAN</organization>
                <organization refersTo="memberState">UGANDA</organization>
                <organization refersTo="memberState">UNITED ARAB EMIRATES</organization>
                <organization refersTo="memberState">URUGUAY</organization>
                <organization refersTo="memberState">UZBEKISTAN</organization>
                <organization refersTo="memberState">VANUATU</organization>
                <organization refersTo="memberState">VENEZUELA (BOLIVARIAN REPUBLIC OF)</organization>
                <organization refersTo="memberState">VIET NAM</organization>
                <organization refersTo="memberState">YEMEN</organization>
                <organization refersTo="memberState">ZAMBIA</organization>
              </akn4un:voters>
            </count>
            <count value="64" refersTo="abstaining">
              <akn4un:voters>
                <organization refersTo="memberState">ALBANIA</organization>
                <organization refersTo="memberState">ANDORRA</organization>
                <organization refersTo="memberState">ARGENTINA</organization>
                <organization refersTo="memberState">ARMENIA</organization>
                <organization refersTo="memberState">AUSTRALIA</organization>
                <organization refersTo="memberState">AUSTRIA</organization>
                <organization refersTo="memberState">BELGIUM</organization>
                <organization refersTo="memberState">BOSNIA AND HERZEGOVINA</organization>
                <organization refersTo="memberState">BULGARIA</organization>
                <organization refersTo="memberState">CANADA</organization>
                <organization refersTo="memberState">CENTRAL AFRICAN REPUBLIC</organization>
                <organization refersTo="memberState">CROATIA</organization>
                <organization refersTo="memberState">CYPRUS</organization>
                <organization refersTo="memberState">CZECHIA</organization>
                <organization refersTo="memberState">DEMOCRATIC PEOPLE'S REPUBLIC OF KOREA</organization>
                <organization refersTo="memberState">DENMARK</organization>
                <organization refersTo="memberState">ESTONIA</organization>
                <organization refersTo="memberState">FINLAND</organization>
                <organization refersTo="memberState">FRANCE</organization>
                <organization refersTo="memberState">GEORGIA</organization>
                <organization refersTo="memberState">GERMANY</organization>
                <organization refersTo="memberState">GREECE</organization>
                <organization refersTo="memberState">HAITI</organization>
                <organization refersTo="memberState">HUNGARY</organization>
                <organization refersTo="memberState">ICELAND</organization>
                <organization refersTo="memberState">IRELAND</organization>
                <organization refersTo="memberState">ISRAEL</organization>
                <organization refersTo="memberState">ITALY</organization>
                <organization refersTo="memberState">LATVIA</organization>
                <organization refersTo="memberState">LESOTHO</organization>
                <organization refersTo="memberState">LIECHTENSTEIN</organization>
                <organization refersTo="memberState">LITHUANIA</organization>
                <organization refersTo="memberState">LUXEMBOURG</organization>
                <organization refersTo="memberState">MALTA</organization>
                <organization refersTo="memberState">MARSHALL ISLANDS</organization>
                <organization refersTo="memberState">MICRONESIA (FEDERATED STATES OF)</organization>
                <organization refersTo="memberState">MONACO</organization>
                <organization refersTo="memberState">MONTENEGRO</organization>
                <organization refersTo="memberState">NAMIBIA</organization>
                <organization refersTo="memberState">NETHERLANDS</organization>
                <organization refersTo="memberState">NEW ZEALAND</organization>
                <organization refersTo="memberState">NORTH MACEDONIA</organization>
                <organization refersTo="memberState">NORWAY</organization>
                <organization refersTo="memberState">PALAU</organization>
                <organization refersTo="memberState">POLAND</organization>
                <organization refersTo="memberState">PORTUGAL</organization>
                <organization refersTo="memberState">REPUBLIC OF KOREA</organization>
                <organization refersTo="memberState">REPUBLIC OF MOLDOVA</organization>
                <organization refersTo="memberState">ROMANIA</organization>
                <organization refersTo="memberState">RUSSIAN FEDERATION</organization>
                <organization refersTo="memberState">SAN MARINO</organization>
                <organization refersTo="memberState">SERBIA</organization>
                <organization refersTo="memberState">SLOVAKIA</organization>
                <organization refersTo="memberState">SLOVENIA</organization>
                <organization refersTo="memberState">SOUTH AFRICA</organization>
                <organization refersTo="memberState">SPAIN</organization>
                <organization refersTo="memberState">SWEDEN</organization>
                <organization refersTo="memberState">SWITZERLAND</organization>
                <organization refersTo="memberState">TURKEY</organization>
                <organization refersTo="memberState">TUVALU</organization>
                <organization refersTo="memberState">UKRAINE</organization>
                <organization refersTo="memberState">UNITED KINGDOM</organization>
                <organization refersTo="memberState">UNITED STATES</organization>
                <organization refersTo="memberState">ZIMBABWE</organization>
              </akn4un:voters>
            </count>
          </voting>
        </parliamentary>
      </analysis>
      <references source="#DGACM">
        <TLCOrganization eId="source" href="/akn/ontology/organization/un/DGACM" showAs="DGACM"></TLCOrganization>
        <TLCConcept eId="dateOfIssuance" href="/akn/ontology/concept/un/dateOfIssuance" showAs="Date of issuance"></TLCConcept>
        <TLCConcept eId="dateOfAdoption" href="/akn/ontology/concept/un/dateOfAdoption" showAs="Date of adoption"></TLCConcept>
        <TLCConcept eId="symbol" href="/akn/ontology/reference/un/symbol" showAs="Symbol"></TLCConcept>
        <TLCRole eId="publisher" href="/akn/ontology/role/un/publisher" showAs="Publisher"></TLCRole>
        <TLCRole eId="issuingBody" href="/akn/role/concept/un/issuingBody" showAs="Issuing body"></TLCRole>
        <TLCRole eId="author" href="/akn/ontology/role/un/author" showAs="Author"></TLCRole>
        <TLCRole eId="editor" href="/akn/ontology/role/un/editor" showAs="Editor"></TLCRole>
        <TLCRole eId="distribution" href="/akn/ontology/concept/un/generalDistribution" showAs="General distribution"></TLCRole>
        <TLCOrganization eId="ga" href="/akn/ontology/organization/un/generalAssembly" showAs="General Assembly"></TLCOrganization>
        <TLCTerm eId="resolutionTitle" href="/akn/ontology/reference/un/resolutionTitle" showAs="Resolution title"></TLCTerm>
        <TLCTerm eId="firstCommittee" href="#firstCommittee" showAs="First Committee"></TLCTerm>
        <TLCTerm eId="memberState" href="/akn/ontology/organization/un/memberState" showAs="Member State"></TLCTerm>
        <TLCTerm eId="inFavour" href="/akn/ontology/concept/un/voting/inFavour" showAs="In favour"></TLCTerm>
        <TLCTerm eId="against" href="/akn/ontology/concept/un/voting/against" showAs="Against"></TLCTerm>
        <TLCTerm eId="abstaining" href="/akn/ontology/concept/un/voting/abstaining" showAs="Abstaining"></TLCTerm>
      </references>
      <presentation source="#un">
        <akn4un:footerFirstPage>
          <akn4un:footerFirstPageLeft>
            <akn4un:internalCode>
              <docketNumber refersTo="#publicationJobNumber">19-21687 (E)</docketNumber>
              <img alt="bar code" class="barCode" src=""></img>
            </akn4un:internalCode>
          </akn4un:footerFirstPageLeft>
          <akn4un:footerFirstPageRight>
            <img alt="Please recycle" class="image" src="./recylcleLogo.jpg"></img>
            <img alt="embedded QR code" class="qrCode" src=""></img>
          </akn4un:footerFirstPageRight>
        </akn4un:footerFirstPage>
      </presentation>
    </meta>
    <coverPage eId="coverPage_1">
      <p>
        <span refersTo="#publisher" class="upperLeft">
          <docAuthority refersTo="#publisher">United Nations</docAuthority>
        </span>
      </p>
      <p class="upperRight">
        <docNumber refersTo="#symbol">A/RES/74/31</docNumber>
      </p>
      <p class="upperLeft">
        <img src="logo-un.jpg"></img>
        <docAuthority refersTo="#issuingBody" class="rightBig">General Assembly</docAuthority>
      </p>
      <p>
        <docStatus refersTo="#generalDistribution" class="rightSmall">Distr.: General</docStatus>
      </p>
      <p>
        <docDate date="2019-12-18" class="rightSmall" refersTo="#dateOfIssuance">18 December 2019</docDate>
      </p>
      <p>
        <session refersTo="#generalAssembly" value="74" eId="coverPage_1__session_1">Seventy-fourth session</session>
      </p>
      <p>
        <inline name="agenda item">Agenda item 95</inline>
      </p>
      <p>
        <inline name="agenda item name">Conclusion of effective international arrangements to assure non-nuclear-weapon States against the use or threat of use of nuclear weapons</inline>
      </p>
      <p>
        <docTitle>Resolution adopted by the General Assembly on 12 December 2019</docTitle>
      </p>
      <p xml:space="preserve">
        <docProponent refersTo="#firstCommittee">[on the report of the First Committee (<inline name="originating document">A/74/365</inline>)]</docProponent>
      </p>
    </coverPage>
    <preface>
      <p>
        <docNumber>74/31.</docNumber>
        <docTitle refersTo="#resolutionTitle">Conclusion of effective international arrangements to assure non‑nuclear-weapon States against the use or threat of use of nuclear weapons</docTitle>
      </p>
    </preface>
    <preamble>
      <formula name="enactingFormula" eId="formula_1">
        <p xml:space="preserve">
          <span class="italic">The General Assembly</span>,</p>
      </formula>
      <container name="Bearing in mind" eId="container_2">
        <p xml:space="preserve">
          <span class="italic">Bearing in mind</span> the need to allay the legitimate concern of the States of the world with regard to ensuring lasting security for their peoples,</p>
      </container>
      <container name="Convinced" eId="container_3">
        <p xml:space="preserve">
          <span class="italic">Convinced</span> that nuclear weapons pose the greatest threat to humankind and to the survival of civilization,</p>
      </container>
      <container name="Noting" eId="container_4">
        <p xml:space="preserve">
          <span class="italic">Noting</span> that the renewed interest in nuclear disarmament should be translated into concrete actions for the achievement of general and complete disarmament under effective international control,</p>
      </container>
      <container name="Convinced" eId="container_5">
        <p xml:space="preserve">
          <span class="italic">Convinced</span> that nuclear disarmament and the complete elimination of nuclear weapons are essential to remove the danger of nuclear war,</p>
      </container>
      <container name="Determined" eId="container_6">
        <p xml:space="preserve">
          <span class="italic">Determined</span> to abide strictly by the relevant provisions of the Charter of the United Nations on the non-use of force or threat of force,</p>
      </container>
      <container name="Recognizing" eId="container_7">
        <p xml:space="preserve">
          <span class="italic">Recognizing</span> that the independence, territorial integrity and sovereignty of non‑nuclear-weapon States need to be safeguarded against the use or threat of use of force, including the use or threat of use of nuclear weapons,</p>
      </container>
      <container name="Considering" eId="container_8">
        <p xml:space="preserve">
          <span class="italic">Considering</span> that, until nuclear disarmament is achieved on a universal basis, it is imperative for the international community to develop effective measures and arrangements to ensure the security of non-nuclear-weapon States against the use or threat of use of nuclear weapons from any quarter,</p>
      </container>
      <container name="Recognizing" eId="container_9">
        <p xml:space="preserve">
          <span class="italic">Recognizing</span> that effective measures and arrangements to assure non-nuclear-weapon States against the use or threat of use of nuclear weapons can contribute positively to the prevention of the spread of nuclear weapons,</p>
      </container>
      <container name="Bearing in mind" eId="container_10">
        <p xml:space="preserve">
          <span class="italic">Bearing in mind</span> paragraph 59 of the Final Document of the Tenth Special Session of the General Assembly, the first special session devoted to disarmament,<authorialNote marker="1" placement="bottom" eId="authorialNote_1"><p xml:space="preserve">		Resolution <a href="https://undocs.org/en/A/RES/S-10/2">S-10/2</a>.</p></authorialNote> in which it urged the nuclear-weapon States to pursue efforts to conclude, as appropriate, effective arrangements to assure non-nuclear-weapon States against the use or threat of use of nuclear weapons, and desirous of promoting the implementation of the relevant provisions of the Final Document,</p>
      </container>
      <container name="Recalling" eId="container_11">
        <p xml:space="preserve">
          <span class="italic">Recalling</span> the relevant parts of the special report of the Committee on Disarmament<authorialNote marker="2" placement="bottom" eId="authorialNote_2"><p xml:space="preserve">		The Committee on Disarmament was redesignated the Conference on Disarmament as from 7 February 1984.</p></authorialNote> submitted to the General Assembly at its twelfth special session, the second special session devoted to disarmament,<authorialNote marker="3" placement="bottom" eId="authorialNote_3"><p xml:space="preserve"><span class="italic">Official Records of the General Assembly, Twelfth Special Session, Supplement No. 2</span> (<a href="https://undocs.org/en/A/S-12/2">A/S‑12/2</a>), sect. III.C.</p></authorialNote> and of the special report of the Conference on Disarmament submitted to the Assembly at its fifteenth special session, the third special session devoted to disarmament,<authorialNote marker="4" placement="bottom" eId="authorialNote_4"><p xml:space="preserve">		Ibid., <span class="italic">Fifteenth Special Session, Supplement No. 2</span> (<a href="https://undocs.org/en/A/S-15/2">A/S-15/2</a>), sect. III.F.</p></authorialNote> as well as the report of the Conference on its 1992 session,<authorialNote marker="5" placement="bottom" eId="authorialNote_5"><p xml:space="preserve">		Ibid., <span class="italic">Forty-seventh Session, Supplement No. 27</span> (<a href="https://undocs.org/en/A/47/27">A/47/27</a>), sect. III.F.</p></authorialNote></p>
      </container>
      <container name="Recalling also" eId="container_12">
        <p xml:space="preserve">
          <span class="italic">Recalling also</span> paragraph 12 of the Declaration of the 1980s as the Second Disarmament Decade, contained in the annex to its resolution <a href="https://undocs.org/en/A/RES/35/46">35/46</a> of 3 December 1980, in which it is stated, inter alia, that all efforts should be exerted by the Committee on Disarmament urgently to negotiate with a view to reaching agreement on effective international arrangements to assure non-nuclear-weapon States against the use or threat of use of nuclear weapons,</p>
      </container>
      <container name="Noting" eId="container_13">
        <p xml:space="preserve">
          <span class="italic">Noting</span> the in-depth negotiations undertaken in the Conference on Disarmament and its Ad Hoc Committee on Effective International Arrangements to Assure Non‑Nuclear-Weapon States against the Use or Threat of Use of Nuclear Weapons,<authorialNote marker="6" placement="bottom" eId="authorialNote_6"><p xml:space="preserve">		Ibid., <span class="italic">Forty-eighth Session, Supplement No. 27</span> (<a href="https://undocs.org/en/A/48/27">A/48/27</a>), sect. III.E.</p></authorialNote> with a view to reaching agreement on this question,</p>
      </container>
      <container name="Taking note" eId="container_14">
        <p xml:space="preserve">
          <span class="italic">Taking note</span> of the proposals submitted under the item in the Conference on Disarmament, including the drafts of an international convention,</p>
      </container>
      <container name="Taking note also" eId="container_15">
        <p xml:space="preserve">
          <span class="italic">Taking note also</span> of the relevant decision of the Thirteenth Conference of Heads of State or Government of Non-Aligned Countries, held in Kuala Lumpur on 24 and 25 February 2003,<authorialNote marker="7" placement="bottom" eId="authorialNote_7"><p xml:space="preserve">		See <a href="https://undocs.org/en/A/57/759">A/57/759-S/2003/332</a>, annex I.</p></authorialNote> which was reiterated at the Seventeenth Conference of Heads of State or Government of Non-Aligned Countries, held on Margarita Island, Bolivarian Republic of Venezuela, from 13 to 18 September 2016, as well as the relevant recommendations of the Organization of Islamic Cooperation,</p>
      </container>
      <container name="Taking note further" eId="container_16">
        <p xml:space="preserve">
          <span class="italic">Taking note further</span> of the unilateral declarations made by all the nuclear-weapon States on their policies of non-use or non-threat of use of nuclear weapons against the non-nuclear-weapon States,</p>
      </container>
      <container name="Noting" eId="container_17">
        <p xml:space="preserve">
          <span class="italic">Noting</span> the support expressed in the Conference on Disarmament and in the General Assembly for the elaboration of an international convention to assure non‑nuclear-weapon States against the use or threat of use of nuclear weapons, as well as the difficulties pointed out in evolving a common approach acceptable to all,</p>
      </container>
      <container name="Taking note" eId="container_18">
        <p xml:space="preserve">
          <span class="italic">Taking note</span> of Security Council resolution <a href="https://undocs.org/en/S/RES/984 (1995)">984 (1995)</a> of 11 April 1995 and the views expressed on it,</p>
      </container>
      <container name="Recalling" eId="container_19">
        <p xml:space="preserve">
          <span class="italic">Recalling</span> its relevant resolutions adopted in previous years, in particular resolutions <a href="https://undocs.org/en/A/RES/45/54">45/54</a> of 4 December 1990, <a href="https://undocs.org/en/A/RES/46/32">46/32</a> of 6 December 1991, <a href="https://undocs.org/en/A/RES/47/50">47/50</a> of 9 December 1992, <a href="https://undocs.org/en/A/RES/48/73">48/73</a> of 16 December 1993, <a href="https://undocs.org/en/A/RES/49/73">49/73</a> of 15 December 1994, <a href="https://undocs.org/en/A/RES/50/68">50/68</a> of 12 December 1995, <a href="https://undocs.org/en/A/RES/51/43">51/43</a> of 10 December 1996, <a href="https://undocs.org/en/A/RES/52/36">52/36</a> of 9 December 1997, <a href="https://undocs.org/en/A/RES/53/75">53/75</a> of 4 December 1998, <a href="https://undocs.org/en/A/RES/54/52">54/52</a> of 1 December 1999, <a href="https://undocs.org/en/A/RES/55/31">55/31</a> of 20 November 2000, <a href="https://undocs.org/en/A/RES/56/22">56/22</a> of 29 November 2001, <a href="https://undocs.org/en/A/RES/57/56">57/56</a> of 22 November 2002, <a href="https://undocs.org/en/A/RES/58/35">58/35</a> of 8 December 2003, <a href="https://undocs.org/en/A/RES/59/64">59/64</a> of 3 December 2004, <a href="https://undocs.org/en/A/RES/60/53">60/53</a> of 8 December 2005, <a href="https://undocs.org/en/A/RES/61/57">61/57</a> of 6 December 2006, <a href="https://undocs.org/en/A/RES/62/19">62/19</a> of 5 December 2007, <a href="https://undocs.org/en/A/RES/63/39">63/39</a> of 2 December 2008, <a href="https://undocs.org/en/A/RES/64/27">64/27</a> of 2 December 2009, <a href="https://undocs.org/en/A/RES/65/43">65/43</a> of 8 December 2010, <a href="https://undocs.org/en/A/RES/66/26">66/26</a> of 2 December 2011, <a href="https://undocs.org/en/A/RES/67/29">67/29</a> of 3 December 2012, <a href="https://undocs.org/en/A/RES/68/28">68/28</a> of 5 December 2013, <a href="https://undocs.org/en/A/RES/69/30">69/30</a> of 2 December 2014, <a href="https://undocs.org/en/A/RES/70/25">70/25</a> of 7 December 2015, <a href="https://undocs.org/en/A/RES/71/30">71/30</a> of 5 December 2016, <a href="https://undocs.org/en/A/RES/72/25">72/25</a> of 4 December 2017 and <a href="https://undocs.org/en/A/RES/73/29">73/29</a> of 5 December 2018,</p>
      </container>
    </preamble>
    <mainBody>
      <paragraph eId="para_20" class="SingleTxt">
        <num>	1.</num>
        <content eId="para_20__content">
          <p xml:space="preserve">
            <span class="italic">Reaffirms</span> the urgent need to reach an early agreement on effective international arrangements to assure non-nuclear-weapon States against the use or threat of use of nuclear weapons;</p>
        </content>
      </paragraph>
      <paragraph eId="para_21" class="SingleTxt">
        <num>	2.</num>
        <content eId="para_21__content">
          <p xml:space="preserve">
            <span class="italic">Notes with satisfaction</span> that in the Conference on Disarmament there is no objection, in principle, to the idea of an international convention to assure non‑nuclear-weapon States against the use or threat of use of nuclear weapons, although the difficulties with regard to evolving a common approach acceptable to all have also been pointed out;</p>
        </content>
      </paragraph>
      <paragraph eId="para_22" class="SingleTxt">
        <num>	3.</num>
        <content eId="para_22__content">
          <p xml:space="preserve">
            <span class="italic">Appeals</span> to all States, especially the nuclear-weapon States, to work actively towards an early agreement on a common approach and, in particular, on a common formula that could be included in an international instrument of a legally binding character;</p>
        </content>
      </paragraph>
      <paragraph eId="para_23" class="SingleTxt">
        <num>	4.</num>
        <content eId="para_23__content">
          <p xml:space="preserve">
            <span class="italic">Recommends</span> that further intensive efforts be devoted to the search for such a common approach or common formula and that the various alternative approaches, including, in particular, those considered in the Conference on Disarmament, be further explored in order to overcome the difficulties;</p>
        </content>
      </paragraph>
      <paragraph eId="para_24" class="SingleTxt">
        <num>	5.</num>
        <content eId="para_24__content">
          <p xml:space="preserve">
            <span class="italic">Also recommends</span> that the Conference on Disarmament actively continue intensive negotiations with a view to reaching early agreement and concluding effective international agreements to assure the non-nuclear-weapon States against the use or threat of use of nuclear weapons, taking into account the widespread support for the conclusion of an international convention and giving consideration to any other proposals designed to secure the same objective;</p>
        </content>
      </paragraph>
      <paragraph eId="para_25" class="SingleTxt">
        <num>	6.</num>
        <content eId="para_25__content">
          <p xml:space="preserve">
            <span class="italic">Decides</span> to include in the provisional agenda of its seventy-fifth session the item entitled “Conclusion of effective international arrangements to assure non‑nuclear-weapon States against the use or threat of use of nuclear weapons”.</p>
        </content>
      </paragraph>
    </mainBody>
    <conclusions eId="conclusions">
      <p>
        <inline name="adoptionMeeting" title="46th">46th plenary meeting</inline>
        <eol />
        <docDate date="2019-12-12" refersTo="#adoptionDate">12 December 2019</docDate>
      </p>
    </conclusions>
  </statement>
</akomaNtoso>