<akomaNtoso xmlns:xsi="http://www.w3.org/2001/XMLSchema-instance" xsi:schemaLocation="http://docs.oasis-open.org/legaldocml/ns/akn/3.0 http://docs.oasis-open.org/legaldocml/akn-core/v1.0/os/part2-specs/schemas/akomantoso30.xsd" xmlns="http://docs.oasis-open.org/legaldocml/ns/akn/3.0" xmlns:html="http://www.w3.org/1999/xhtml" xmlns:akn4un="http://un.org/akn4un">
  <statement name="resolution">
    <meta>
      <identification source="#DGACM">
        <FRBRWork>
          <FRBRthis value="/akn/un/statement/deliberation/unga/2019-12-12/74-30/!main/"></FRBRthis>
          <FRBRuri value="/akn/un/statement/deliberation/unga/2019-12-12/74-30/"></FRBRuri>
          <FRBRdate date="2019-12-12" name="adoption"></FRBRdate>
          <FRBRauthor href="ga" as="author"></FRBRauthor>
          <FRBRcountry value="un"></FRBRcountry>
        </FRBRWork>
        <FRBRExpression>
          <FRBRthis value="/akn/un/statement/deliberation/unga/2019-12-12/74-30/eng@!main/"></FRBRthis>
          <FRBRuri value="/akn/un/statement/deliberation/unga/2019-12-12/74-30/eng@/"></FRBRuri>
          <FRBRdate date="2019-12-18" name="publication"></FRBRdate>
          <FRBRauthor href="ga" as="issuer"></FRBRauthor>
          <FRBRlanguage language="eng"></FRBRlanguage>
        </FRBRExpression>
        <FRBRManifestation>
          <FRBRthis value="/akn/un/statement/deliberation/unga/2019-12-12/74-30/eng@/!main.xml"></FRBRthis>
          <FRBRuri value="/akn/un/statement/deliberation/unga/2019-12-12/74-30/eng@.xml"></FRBRuri>
          <FRBRdate date="2020-07-30" name="markup"></FRBRdate>
          <FRBRauthor href="DGACM" as="editor"></FRBRauthor>
        </FRBRManifestation>
      </identification>
      <classification source="http://metadata.un.org/sdg">
        <keyword value="7" href="http://metadata.un.org/sdg/7" showAs="sdg_7" dictionary="SDGO"></keyword>
        <keyword value="66_energy" href="http://eurovoc.europa.eu/100159" showAs="66_energy" dictionary="EuroVoc"></keyword>
        <keyword value="energy_market" href="http://eurovoc.europa.eu/4886" showAs="energy_market" dictionary="EuroVoc"></keyword>
        <keyword value="sustainable_energy" href="http://metadata.un.org/thesaurus/1006320" showAs="sustainable_energy" dictionary="UNBIS Thesaurus"></keyword>
      </classification>
      <classification source="http://metadata.un.org/sdg">
        <keyword value="12" href="http://metadata.un.org/sdg/12" showAs="sdg_12" dictionary="SDGO"></keyword>
        <keyword value="consumption" href="http://eurovoc.europa.eu/139" showAs="consumption" dictionary="EuroVoc"></keyword>
        <keyword value="production" href="http://eurovoc.europa.eu/2707" showAs="production" dictionary="EuroVoc"></keyword>
        <keyword value="sustainable_consumption" href="http://metadata.un.org/thesaurus/1006318" showAs="sustainable_consumption" dictionary="UNBIS Thesaurus"></keyword>
        <keyword value="consumption" href="http://metadata.un.org/thesaurus/1001264" showAs="consumption" dictionary="UNBIS Thesaurus"></keyword>
        <keyword value="production" href="http://metadata.un.org/thesaurus/1005146" showAs="production" dictionary="UNBIS Thesaurus"></keyword>
      </classification>
      <classification source="http://metadata.un.org/sdg">
        <keyword value="8" href="http://metadata.un.org/sdg/8" showAs="sdg_8" dictionary="SDGO"></keyword>
        <keyword value="economic_growth" href="http://eurovoc.europa.eu/310" showAs="economic_growth" dictionary="EuroVoc"></keyword>
        <keyword value="full_employment" href="http://eurovoc.europa.eu/2427" showAs="full_employment" dictionary="EuroVoc"></keyword>
        <keyword value="unemployment" href="http://eurovoc.europa.eu/5974" showAs="unemployment" dictionary="EuroVoc"></keyword>
        <keyword value="economic_growth" href="http://metadata.un.org/thesaurus/1001854" showAs="economic_growth" dictionary="UNBIS Thesaurus"></keyword>
        <keyword value="employment" href="http://metadata.un.org/thesaurus/1002007" showAs="employment" dictionary="UNBIS Thesaurus"></keyword>
        <keyword value="full_employment" href="http://metadata.un.org/thesaurus/1002563" showAs="full_employment" dictionary="UNBIS Thesaurus"></keyword>
        <keyword value="unemployment" href="http://metadata.un.org/thesaurus/1006773" showAs="unemployment" dictionary="UNBIS Thesaurus"></keyword>
      </classification>
      <workflow source="#un">
        <step date="2019-10-01" outcome="draftResolution" as="A/C.1/74/L.1" by="Egypt" />
        <step date="0001-01-01" outcome="draftResolutionAdditionalSponsors" by="" />
        <step date="0001-01-01" outcome="recommendedForAdoption" as="A/74/364" by="" refersTo="7" />
        <step date="2019-12-12" outcome="adopted" as="A/74/PV.46" by="" />
      </workflow>
      <analysis source="#un">
        <parliamentary>
          <voting outcome="adoptedRecordedVote">
            <count value="175" refersTo="inFavour">
              <akn4un:voters>
                <organization refersTo="memberState">AFGHANISTAN</organization>
                <organization refersTo="memberState">ALBANIA</organization>
                <organization refersTo="memberState">ALGERIA</organization>
                <organization refersTo="memberState">ANDORRA</organization>
                <organization refersTo="memberState">ANGOLA</organization>
                <organization refersTo="memberState">ANTIGUA AND BARBUDA</organization>
                <organization refersTo="memberState">ARGENTINA</organization>
                <organization refersTo="memberState">ARMENIA</organization>
                <organization refersTo="memberState">AUSTRALIA</organization>
                <organization refersTo="memberState">AUSTRIA</organization>
                <organization refersTo="memberState">AZERBAIJAN</organization>
                <organization refersTo="memberState">BAHAMAS</organization>
                <organization refersTo="memberState">BAHRAIN</organization>
                <organization refersTo="memberState">BANGLADESH</organization>
                <organization refersTo="memberState">BARBADOS</organization>
                <organization refersTo="memberState">BELARUS</organization>
                <organization refersTo="memberState">BELGIUM</organization>
                <organization refersTo="memberState">BELIZE</organization>
                <organization refersTo="memberState">BENIN</organization>
                <organization refersTo="memberState">BHUTAN</organization>
                <organization refersTo="memberState">BOLIVIA (PLURINATIONAL STATE OF)</organization>
                <organization refersTo="memberState">BOSNIA AND HERZEGOVINA</organization>
                <organization refersTo="memberState">BOTSWANA</organization>
                <organization refersTo="memberState">BRAZIL</organization>
                <organization refersTo="memberState">BRUNEI DARUSSALAM</organization>
                <organization refersTo="memberState">BULGARIA</organization>
                <organization refersTo="memberState">BURKINA FASO</organization>
                <organization refersTo="memberState">BURUNDI</organization>
                <organization refersTo="memberState">CABO VERDE</organization>
                <organization refersTo="memberState">CAMBODIA</organization>
                <organization refersTo="memberState">CANADA</organization>
                <organization refersTo="memberState">CENTRAL AFRICAN REPUBLIC</organization>
                <organization refersTo="memberState">CHAD</organization>
                <organization refersTo="memberState">CHILE</organization>
                <organization refersTo="memberState">CHINA</organization>
                <organization refersTo="memberState">COLOMBIA</organization>
                <organization refersTo="memberState">COMOROS</organization>
                <organization refersTo="memberState">COSTA RICA</organization>
                <organization refersTo="memberState">COTE D'IVOIRE</organization>
                <organization refersTo="memberState">CROATIA</organization>
                <organization refersTo="memberState">CUBA</organization>
                <organization refersTo="memberState">CYPRUS</organization>
                <organization refersTo="memberState">CZECHIA</organization>
                <organization refersTo="memberState">DEMOCRATIC PEOPLE'S REPUBLIC OF KOREA</organization>
                <organization refersTo="memberState">DEMOCRATIC REPUBLIC OF THE CONGO</organization>
                <organization refersTo="memberState">DENMARK</organization>
                <organization refersTo="memberState">DJIBOUTI</organization>
                <organization refersTo="memberState">DOMINICAN REPUBLIC</organization>
                <organization refersTo="memberState">ECUADOR</organization>
                <organization refersTo="memberState">EGYPT</organization>
                <organization refersTo="memberState">EL SALVADOR</organization>
                <organization refersTo="memberState">ERITREA</organization>
                <organization refersTo="memberState">ESTONIA</organization>
                <organization refersTo="memberState">ESWATINI</organization>
                <organization refersTo="memberState">ETHIOPIA</organization>
                <organization refersTo="memberState">FIJI</organization>
                <organization refersTo="memberState">FINLAND</organization>
                <organization refersTo="memberState">FRANCE</organization>
                <organization refersTo="memberState">GABON</organization>
                <organization refersTo="memberState">GAMBIA</organization>
                <organization refersTo="memberState">GEORGIA</organization>
                <organization refersTo="memberState">GERMANY</organization>
                <organization refersTo="memberState">GHANA</organization>
                <organization refersTo="memberState">GREECE</organization>
                <organization refersTo="memberState">GRENADA</organization>
                <organization refersTo="memberState">GUATEMALA</organization>
                <organization refersTo="memberState">GUINEA-BISSAU</organization>
                <organization refersTo="memberState">GUYANA</organization>
                <organization refersTo="memberState">HONDURAS</organization>
                <organization refersTo="memberState">HUNGARY</organization>
                <organization refersTo="memberState">ICELAND</organization>
                <organization refersTo="memberState">INDIA</organization>
                <organization refersTo="memberState">INDONESIA</organization>
                <organization refersTo="memberState">IRAN (ISLAMIC REPUBLIC OF)</organization>
                <organization refersTo="memberState">IRAQ</organization>
                <organization refersTo="memberState">IRELAND</organization>
                <organization refersTo="memberState">ITALY</organization>
                <organization refersTo="memberState">JAMAICA</organization>
                <organization refersTo="memberState">JAPAN</organization>
                <organization refersTo="memberState">JORDAN</organization>
                <organization refersTo="memberState">KAZAKHSTAN</organization>
                <organization refersTo="memberState">KENYA</organization>
                <organization refersTo="memberState">KIRIBATI</organization>
                <organization refersTo="memberState">KUWAIT</organization>
                <organization refersTo="memberState">KYRGYZSTAN</organization>
                <organization refersTo="memberState">LAO PEOPLE'S DEMOCRATIC REPUBLIC</organization>
                <organization refersTo="memberState">LATVIA</organization>
                <organization refersTo="memberState">LEBANON</organization>
                <organization refersTo="memberState">LESOTHO</organization>
                <organization refersTo="memberState">LIBYA</organization>
                <organization refersTo="memberState">LIECHTENSTEIN</organization>
                <organization refersTo="memberState">LITHUANIA</organization>
                <organization refersTo="memberState">LUXEMBOURG</organization>
                <organization refersTo="memberState">MADAGASCAR</organization>
                <organization refersTo="memberState">MALAWI</organization>
                <organization refersTo="memberState">MALAYSIA</organization>
                <organization refersTo="memberState">MALDIVES</organization>
                <organization refersTo="memberState">MALI</organization>
                <organization refersTo="memberState">MALTA</organization>
                <organization refersTo="memberState">MAURITANIA</organization>
                <organization refersTo="memberState">MAURITIUS</organization>
                <organization refersTo="memberState">MEXICO</organization>
                <organization refersTo="memberState">MONACO</organization>
                <organization refersTo="memberState">MONGOLIA</organization>
                <organization refersTo="memberState">MONTENEGRO</organization>
                <organization refersTo="memberState">MOROCCO</organization>
                <organization refersTo="memberState">MOZAMBIQUE</organization>
                <organization refersTo="memberState">MYANMAR</organization>
                <organization refersTo="memberState">NAMIBIA</organization>
                <organization refersTo="memberState">NEPAL</organization>
                <organization refersTo="memberState">NETHERLANDS</organization>
                <organization refersTo="memberState">NEW ZEALAND</organization>
                <organization refersTo="memberState">NICARAGUA</organization>
                <organization refersTo="memberState">NIGER</organization>
                <organization refersTo="memberState">NIGERIA</organization>
                <organization refersTo="memberState">NORTH MACEDONIA</organization>
                <organization refersTo="memberState">NORWAY</organization>
                <organization refersTo="memberState">OMAN</organization>
                <organization refersTo="memberState">PAKISTAN</organization>
                <organization refersTo="memberState">PALAU</organization>
                <organization refersTo="memberState">PANAMA</organization>
                <organization refersTo="memberState">PARAGUAY</organization>
                <organization refersTo="memberState">PERU</organization>
                <organization refersTo="memberState">PHILIPPINES</organization>
                <organization refersTo="memberState">POLAND</organization>
                <organization refersTo="memberState">PORTUGAL</organization>
                <organization refersTo="memberState">QATAR</organization>
                <organization refersTo="memberState">REPUBLIC OF KOREA</organization>
                <organization refersTo="memberState">REPUBLIC OF MOLDOVA</organization>
                <organization refersTo="memberState">ROMANIA</organization>
                <organization refersTo="memberState">RUSSIAN FEDERATION</organization>
                <organization refersTo="memberState">RWANDA</organization>
                <organization refersTo="memberState">SAINT KITTS AND NEVIS</organization>
                <organization refersTo="memberState">SAINT LUCIA</organization>
                <organization refersTo="memberState">SAINT VINCENT AND THE GRENADINES</organization>
                <organization refersTo="memberState">SAMOA</organization>
                <organization refersTo="memberState">SAN MARINO</organization>
                <organization refersTo="memberState">SAO TOME AND PRINCIPE</organization>
                <organization refersTo="memberState">SAUDI ARABIA</organization>
                <organization refersTo="memberState">SENEGAL</organization>
                <organization refersTo="memberState">SERBIA</organization>
                <organization refersTo="memberState">SEYCHELLES</organization>
                <organization refersTo="memberState">SIERRA LEONE</organization>
                <organization refersTo="memberState">SINGAPORE</organization>
                <organization refersTo="memberState">SLOVAKIA</organization>
                <organization refersTo="memberState">SLOVENIA</organization>
                <organization refersTo="memberState">SOLOMON ISLANDS</organization>
                <organization refersTo="memberState">SOUTH AFRICA</organization>
                <organization refersTo="memberState">SOUTH SUDAN</organization>
                <organization refersTo="memberState">SPAIN</organization>
                <organization refersTo="memberState">SRI LANKA</organization>
                <organization refersTo="memberState">SUDAN</organization>
                <organization refersTo="memberState">SURINAME</organization>
                <organization refersTo="memberState">SWEDEN</organization>
                <organization refersTo="memberState">SWITZERLAND</organization>
                <organization refersTo="memberState">SYRIAN ARAB REPUBLIC</organization>
                <organization refersTo="memberState">TAJIKISTAN</organization>
                <organization refersTo="memberState">THAILAND</organization>
                <organization refersTo="memberState">TIMOR-LESTE</organization>
                <organization refersTo="memberState">TOGO</organization>
                <organization refersTo="memberState">TRINIDAD AND TOBAGO</organization>
                <organization refersTo="memberState">TUNISIA</organization>
                <organization refersTo="memberState">TURKEY</organization>
                <organization refersTo="memberState">TURKMENISTAN</organization>
                <organization refersTo="memberState">UGANDA</organization>
                <organization refersTo="memberState">UKRAINE</organization>
                <organization refersTo="memberState">UNITED ARAB EMIRATES</organization>
                <organization refersTo="memberState">URUGUAY</organization>
                <organization refersTo="memberState">UZBEKISTAN</organization>
                <organization refersTo="memberState">VANUATU</organization>
                <organization refersTo="memberState">VENEZUELA (BOLIVARIAN REPUBLIC OF)</organization>
                <organization refersTo="memberState">VIET NAM</organization>
                <organization refersTo="memberState">YEMEN</organization>
                <organization refersTo="memberState">ZAMBIA</organization>
                <organization refersTo="memberState">ZIMBABWE</organization>
              </akn4un:voters>
            </count>
            <count value="2" refersTo="against">
              <akn4un:voters>
                <organization refersTo="memberState">ISRAEL</organization>
                <organization refersTo="memberState">UNITED STATES</organization>
              </akn4un:voters>
            </count>
            <count value="3" refersTo="abstaining">
              <akn4un:voters>
                <organization refersTo="memberState">CAMEROON</organization>
                <organization refersTo="memberState">LIBERIA</organization>
                <organization refersTo="memberState">UNITED KINGDOM</organization>
              </akn4un:voters>
            </count>
          </voting>
        </parliamentary>
      </analysis>
      <references source="#DGACM">
        <TLCOrganization eId="source" href="/akn/ontology/organization/un/DGACM" showAs="DGACM"></TLCOrganization>
        <TLCConcept eId="dateOfIssuance" href="/akn/ontology/concept/un/dateOfIssuance" showAs="Date of issuance"></TLCConcept>
        <TLCConcept eId="dateOfAdoption" href="/akn/ontology/concept/un/dateOfAdoption" showAs="Date of adoption"></TLCConcept>
        <TLCConcept eId="symbol" href="/akn/ontology/reference/un/symbol" showAs="Symbol"></TLCConcept>
        <TLCRole eId="publisher" href="/akn/ontology/role/un/publisher" showAs="Publisher"></TLCRole>
        <TLCRole eId="issuingBody" href="/akn/role/concept/un/issuingBody" showAs="Issuing body"></TLCRole>
        <TLCRole eId="author" href="/akn/ontology/role/un/author" showAs="Author"></TLCRole>
        <TLCRole eId="editor" href="/akn/ontology/role/un/editor" showAs="Editor"></TLCRole>
        <TLCRole eId="distribution" href="/akn/ontology/concept/un/generalDistribution" showAs="General distribution"></TLCRole>
        <TLCOrganization eId="ga" href="/akn/ontology/organization/un/generalAssembly" showAs="General Assembly"></TLCOrganization>
        <TLCTerm eId="resolutionTitle" href="/akn/ontology/reference/un/resolutionTitle" showAs="Resolution title"></TLCTerm>
        <TLCTerm eId="firstCommittee" href="#firstCommittee" showAs="First Committee"></TLCTerm>
        <TLCTerm eId="memberState" href="/akn/ontology/organization/un/memberState" showAs="Member State"></TLCTerm>
        <TLCTerm eId="inFavour" href="/akn/ontology/concept/un/voting/inFavour" showAs="In favour"></TLCTerm>
        <TLCTerm eId="against" href="/akn/ontology/concept/un/voting/against" showAs="Against"></TLCTerm>
        <TLCTerm eId="abstaining" href="/akn/ontology/concept/un/voting/abstaining" showAs="Abstaining"></TLCTerm>
      </references>
      <presentation source="#un">
        <akn4un:footerFirstPage>
          <akn4un:footerFirstPageLeft>
            <akn4un:internalCode>
              <docketNumber refersTo="#publicationJobNumber">19-21686 (E)</docketNumber>
              <img alt="bar code" class="barCode" src=""></img>
            </akn4un:internalCode>
          </akn4un:footerFirstPageLeft>
          <akn4un:footerFirstPageRight>
            <img alt="Please recycle" class="image" src="./recylcleLogo.jpg"></img>
            <img alt="embedded QR code" class="qrCode" src=""></img>
          </akn4un:footerFirstPageRight>
        </akn4un:footerFirstPage>
      </presentation>
    </meta>
    <coverPage eId="coverPage_1">
      <p>
        <span refersTo="#publisher" class="upperLeft">
          <docAuthority refersTo="#publisher">United Nations</docAuthority>
        </span>
      </p>
      <p class="upperRight">
        <docNumber refersTo="#symbol">A/RES/74/30</docNumber>
      </p>
      <p class="upperLeft">
        <img src="logo-un.jpg"></img>
        <docAuthority refersTo="#issuingBody" class="rightBig">General Assembly</docAuthority>
      </p>
      <p>
        <docStatus refersTo="#generalDistribution" class="rightSmall">Distr.: General</docStatus>
      </p>
      <p>
        <docDate date="2019-12-18" class="rightSmall" refersTo="#dateOfIssuance">18 December 2019</docDate>
      </p>
      <p>
        <session refersTo="#generalAssembly" value="74" eId="coverPage_1__session_1">Seventy-fourth session</session>
      </p>
      <p>
        <inline name="agenda item">Agenda item 94</inline>
      </p>
      <p>
        <inline name="agenda item name">Establishment of a nuclear-weapon-free zone in the region of the Middle East</inline>
      </p>
      <p>
        <docTitle>Resolution adopted by the General Assembly on 12 December 2019</docTitle>
      </p>
      <p xml:space="preserve">
        <docProponent refersTo="#firstCommittee">[on the report of the First Committee (<inline name="originating document">A/74/364</inline>)]</docProponent>
      </p>
    </coverPage>
    <preface>
      <p>
        <docNumber>74/30.</docNumber>
        <docTitle refersTo="#resolutionTitle">Establishment of a nuclear-weapon-free zone in the region of the Middle East</docTitle>
      </p>
    </preface>
    <preamble>
      <formula name="enactingFormula" eId="formula_1">
        <p xml:space="preserve">
          <span class="italic">The General Assembly</span>,</p>
      </formula>
      <container name="Recalling" eId="container_2">
        <p xml:space="preserve">
          <span class="italic">Recalling</span> its resolutions <a href="https://undocs.org/en/A/RES/3263 (XXIX)">3263 (XXIX)</a> of 9 December 1974, <a href="https://undocs.org/en/A/RES/3474 (XXX)">3474 (XXX)</a> of 11 December 1975, <a href="https://undocs.org/A/RES/31/71">31/71</a> of 10 December 1976, <a href="https://undocs.org/A/RES/32/82">32/82</a> of 12 December 1977, <a href="https://undocs.org/A/RES/33/64">33/64</a> of 14 December 1978, <a href="https://undocs.org/A/RES/34/77">34/77</a> of 11 December 1979, <a href="https://undocs.org/A/RES/35/147">35/147</a> of 12 December 1980, <a href="https://undocs.org/A/RES/36/87">36/87</a> A and B of 9 December 1981, <a href="https://undocs.org/A/RES/37/75">37/75</a> of 9 December 1982, <a href="https://undocs.org/A/RES/38/64">38/64</a> of 15 December 1983, <a href="https://undocs.org/A/RES/39/54">39/54</a> of 12 December 1984, <a href="https://undocs.org/A/RES/40/82">40/82</a> of 12 December 1985, <a href="https://undocs.org/A/RES/41/48">41/48</a> of 3 December 1986, <a href="https://undocs.org/A/RES/42/28">42/28</a> of 30 November 1987, <a href="https://undocs.org/A/RES/43/65">43/65</a> of 7 December 1988, <a href="https://undocs.org/A/RES/44/108">44/108</a> of 15 December 1989, <a href="https://undocs.org/A/RES/45/52">45/52</a> of 4 December 1990, <a href="https://undocs.org/A/RES/46/30">46/30</a> of 6 December 1991, <a href="https://undocs.org/A/RES/47/48">47/48</a> of 9 December 1992, <a href="https://undocs.org/A/RES/48/71">48/71</a> of 16 December 1993, <a href="https://undocs.org/A/RES/49/71">49/71</a> of 15 December 1994, <a href="https://undocs.org/A/RES/50/66">50/66</a> of 12 December 1995, <a href="https://undocs.org/A/RES/51/41">51/41</a> of 10 December 1996, <a href="https://undocs.org/A/RES/52/34">52/34</a> of 9 December 1997, <a href="https://undocs.org/A/RES/53/74">53/74</a> of 4 December 1998, <a href="https://undocs.org/A/RES/54/51">54/51</a> of 1 December 1999, <a href="https://undocs.org/A/RES/55/30">55/30</a> of 20 November 2000, <a href="https://undocs.org/A/RES/56/21">56/21</a> of 29 November 2001, <a href="https://undocs.org/A/RES/57/55">57/55</a> of 22 November 2002, <a href="https://undocs.org/A/RES/58/34">58/34</a> of 8 December 2003, <a href="https://undocs.org/A/RES/59/63">59/63</a> of 3 December 2004, <a href="https://undocs.org/A/RES/60/52">60/52</a> of 8 December 2005, <a href="https://undocs.org/A/RES/61/56">61/56</a> of 6 December 2006, <a href="https://undocs.org/A/RES/62/18">62/18</a> of 5 December 2007, <a href="https://undocs.org/A/RES/63/38">63/38</a> of 2 December 2008, <a href="https://undocs.org/A/RES/64/26">64/26</a> of 2 December 2009, <a href="https://undocs.org/A/RES/65/42">65/42</a> of 8 December 2010, <a href="https://undocs.org/A/RES/66/25">66/25</a> of 2 December 2011, <a href="https://undocs.org/A/RES/67/28">67/28</a> of 3 December 2012, <a href="https://undocs.org/A/RES/68/27">68/27</a> of 5 December 2013, <a href="https://undocs.org/A/RES/69/29">69/29</a> of 2 December 2014, <a href="https://undocs.org/A/RES/70/24">70/24</a> of 7 December 2015, <a href="https://undocs.org/A/RES/71/29">71/29</a> of 5 December 2016, <a href="https://undocs.org/A/RES/72/24">72/24</a> of 4 December 2017 and <a href="https://undocs.org/A/RES/73/28">73/28</a> of 5 December 2018 on the establishment of a nuclear-weapon-free zone in the region of the Middle East,</p>
      </container>
      <container name="Recalling also" eId="container_3">
        <p xml:space="preserve">
          <span class="italic">Recalling also</span> the recommendations for the establishment of a nuclear-weapon-free zone in the region of the Middle East consistent with paragraphs 60 to 63, and in particular paragraph 63 (d), of the Final Document of the Tenth Special Session of the General Assembly,<authorialNote marker="1" placement="bottom" eId="authorialNote_1"><p xml:space="preserve">	 	Resolution <a href="https://undocs.org/en/A/RES/S-10/2">S-10/2</a>.</p></authorialNote></p>
      </container>
      <container name="Emphasizing" eId="container_4">
        <p xml:space="preserve">
          <span class="italic">Emphasizing</span> the basic provisions of the above-mentioned resolutions, in which all parties directly concerned are called upon to consider taking the practical and urgent steps required for the implementation of the proposal to establish a nuclear-weapon-free zone in the region of the Middle East and, pending and during the establishment of such a zone, to declare solemnly that they will refrain, on a reciprocal basis, from producing, acquiring or in any other way possessing nuclear weapons and nuclear explosive devices and from permitting the stationing of nuclear weapons on their territory by any third party, to agree to place their nuclear facilities under International Atomic Energy Agency safeguards and to declare their support for the establishment of the zone and to deposit such declarations with the Security Council for consideration, as appropriate, </p>
      </container>
      <container name="Reaffirming" eId="container_5">
        <p xml:space="preserve">
          <span class="italic">Reaffirming</span> the inalienable right of all States to acquire and develop nuclear energy for peaceful purposes, </p>
      </container>
      <container name="Emphasizing" eId="container_6">
        <p xml:space="preserve">
          <span class="italic">Emphasizing</span> the need for appropriate measures on the question of the prohibition of military attacks on nuclear facilities, </p>
      </container>
      <container name="Bearing in mind" eId="container_7">
        <p xml:space="preserve">
          <span class="italic">Bearing in mind</span> the consensus reached by the General Assembly since its thirty-fifth session that the establishment of a nuclear-weapon-free zone in the region of the Middle East would greatly enhance international peace and security, </p>
      </container>
      <container name="Desirous" eId="container_8">
        <p xml:space="preserve">
          <span class="italic">Desirous</span> of building on that consensus so that substantial progress can be made towards establishing a nuclear-weapon-free zone in the region of the Middle East, </p>
      </container>
      <container name="Welcoming" eId="container_9">
        <p xml:space="preserve">
          <span class="italic">Welcoming</span> all initiatives leading to general and complete disarmament, including in the region of the Middle East, and in particular on the establishment therein of a zone free of weapons of mass destruction, including nuclear weapons, </p>
      </container>
      <container name="Noting" eId="container_10">
        <p xml:space="preserve">
          <span class="italic">Noting</span> the peace negotiations in the Middle East, which should be of a comprehensive nature and represent an appropriate framework for the peaceful settlement of contentious issues in the region, </p>
      </container>
      <container name="Recognizing" eId="container_11">
        <p xml:space="preserve">
          <span class="italic">Recognizing</span> the importance of credible regional security, including the establishment of a mutually verifiable nuclear-weapon-free zone, </p>
      </container>
      <container name="Emphasizing" eId="container_12">
        <p xml:space="preserve">
          <span class="italic">Emphasizing</span> the essential role of the United Nations in the establishment of a mutually verifiable nuclear-weapon-free zone, </p>
      </container>
      <container name="Having examined" eId="container_13">
        <p xml:space="preserve">
          <span class="italic">Having examined</span> the report of the Secretary-General on the implementation of resolution <a href="https://undocs.org/A/RES/73/28">73/28</a>,<authorialNote marker="2" placement="bottom" eId="authorialNote_2"><p xml:space="preserve"><a href="https://undocs.org/en/A/74/157 (Part I)">A/74/157 (Part I)</a>.</p></authorialNote></p>
      </container>
    </preamble>
    <mainBody>
      <paragraph eId="para_14" class="SingleTxt">
        <num>	1.</num>
        <content eId="para_14__content">
          <p xml:space="preserve">
            <span class="italic">Urges</span> all parties directly concerned seriously to consider taking the practical and urgent steps required for the implementation of the proposal to establish a nuclear-weapon-free zone in the region of the Middle East in accordance with the relevant resolutions of the General Assembly, and, as a means of promoting this objective, invites the countries concerned to adhere to the Treaty on the Non‑Proliferation of Nuclear Weapons;<authorialNote marker="3" placement="bottom" eId="authorialNote_3"><p xml:space="preserve">	 	United Nations, <span class="italic">Treaty Series</span>, vol. 729, No. 10485.</p></authorialNote></p>
        </content>
      </paragraph>
      <paragraph eId="para_15" class="SingleTxt">
        <num>	2.</num>
        <content eId="para_15__content">
          <p xml:space="preserve">
            <span class="italic">Calls upon</span> all countries of the region that have not yet done so, pending the establishment of the zone, to agree to place all their nuclear activities under International Atomic Energy Agency safeguards; </p>
        </content>
      </paragraph>
      <paragraph eId="para_16" class="SingleTxt">
        <num>	3.</num>
        <content eId="para_16__content">
          <p xml:space="preserve">
            <span class="italic">Takes note</span> of resolution GC(63)/RES/13, adopted on 19 September 2019 by the General Conference of the International Atomic Energy Agency at its sixty-third regular session, concerning the application of Agency safeguards in the Middle East;</p>
        </content>
      </paragraph>
      <paragraph eId="para_17" class="SingleTxt">
        <num>	4.</num>
        <content eId="para_17__content">
          <p xml:space="preserve">
            <span class="italic">Notes</span> the importance of the ongoing bilateral Middle East peace negotiations and the activities of the multilateral Working Group on Arms Control and Regional Security in promoting mutual confidence and security in the Middle East, including the establishment of a nuclear-weapon-free zone; </p>
        </content>
      </paragraph>
      <paragraph eId="para_18" class="SingleTxt">
        <num>	5.</num>
        <content eId="para_18__content">
          <p xml:space="preserve">
            <span class="italic">Invites</span> all countries of the region, pending the establishment of a nuclear-weapon-free zone in the region of the Middle East, to declare their support for establishing such a zone, consistent with paragraph 63 (d) of the Final Document of the Tenth Special Session of the General Assembly,<sup>1</sup> and to deposit those declarations with the Security Council; </p>
        </content>
      </paragraph>
      <paragraph eId="para_19" class="SingleTxt">
        <num>	6.</num>
        <content eId="para_19__content">
          <p xml:space="preserve">
            <span class="italic">Also invites</span> those countries, pending the establishment of the zone, not to develop, produce, test or otherwise acquire nuclear weapons or permit the stationing on their territories, or territories under their control, of nuclear weapons or nuclear explosive devices; </p>
        </content>
      </paragraph>
      <paragraph eId="para_20" class="SingleTxt">
        <num>	7.</num>
        <content eId="para_20__content">
          <p xml:space="preserve">
            <span class="italic">Invites</span> the nuclear-weapon States and all other States to render their assistance in the establishment of the zone and at the same time to refrain from any action that runs counter to both the letter and the spirit of the present resolution; </p>
        </content>
      </paragraph>
      <paragraph eId="para_21" class="SingleTxt">
        <num>	8.</num>
        <content eId="para_21__content">
          <p xml:space="preserve">
            <span class="italic">Takes note</span> of the report of the Secretary-General on the implementation of resolution <a href="https://undocs.org/A/RES/73/28">73/28</a>;<sup>2</sup></p>
        </content>
      </paragraph>
      <paragraph eId="para_22" class="SingleTxt">
        <num>	9.</num>
        <content eId="para_22__content">
          <p xml:space="preserve">
            <span class="italic">Invites</span> all parties to consider the appropriate means that may contribute towards the goal of general and complete disarmament and the establishment of a zone free of weapons of mass destruction in the region of the Middle East; </p>
        </content>
      </paragraph>
      <paragraph eId="para_23" class="SingleTxt">
        <num>	10.</num>
        <content eId="para_23__content">
          <p xml:space="preserve">
            <span class="italic">Requests</span> the Secretary-General to continue to pursue consultations with the States of the region and other concerned States, in accordance with paragraph 7 of resolution <a href="https://undocs.org/A/RES/46/30">46/30</a> and taking into account the evolving situation in the region, and to seek from those States their views on the measures outlined in chapters III and IV of the study annexed to the report of the Secretary-General of 10 October 1990<authorialNote marker="4" placement="bottom" eId="authorialNote_4"><p xml:space="preserve"><a href="https://undocs.org/en/A/45/435">A/45/435</a>.</p></authorialNote> or other relevant measures, in order to move towards the establishment of a nuclear-weapon-free zone in the region of the Middle East; </p>
        </content>
      </paragraph>
      <paragraph eId="para_24" class="SingleTxt">
        <num>	11.</num>
        <content eId="para_24__content">
          <p xml:space="preserve">
            <span class="italic">Also requests</span> the Secretary-General to submit to the General Assembly at its seventy-fifth session a report on the implementation of the present resolution; </p>
        </content>
      </paragraph>
      <paragraph eId="para_25" class="SingleTxt">
        <num>	12.</num>
        <content eId="para_25__content">
          <p xml:space="preserve">
            <span class="italic">Decides</span> to include in the provisional agenda of its seventy-fifth session the item entitled “Establishment of a nuclear-weapon-free zone in the region of the Middle East”.</p>
        </content>
      </paragraph>
    </mainBody>
    <conclusions eId="conclusions">
      <p>
        <inline name="adoptionMeeting" title="46th">46th plenary meeting</inline>
        <eol />
        <docDate date="2019-12-12" refersTo="#adoptionDate">12 December 2019</docDate>
      </p>
    </conclusions>
  </statement>
</akomaNtoso>