<akomaNtoso xmlns:xsi="http://www.w3.org/2001/XMLSchema-instance" xsi:schemaLocation="http://docs.oasis-open.org/legaldocml/ns/akn/3.0 http://docs.oasis-open.org/legaldocml/akn-core/v1.0/os/part2-specs/schemas/akomantoso30.xsd" xmlns="http://docs.oasis-open.org/legaldocml/ns/akn/3.0" xmlns:html="http://www.w3.org/1999/xhtml" xmlns:akn4un="http://un.org/akn4un">
  <statement name="resolution">
    <meta>
      <identification source="#DGACM">
        <FRBRWork>
          <FRBRthis value="/akn/un/statement/deliberation/unga/2019-12-12/74-40/!main/"></FRBRthis>
          <FRBRuri value="/akn/un/statement/deliberation/unga/2019-12-12/74-40/"></FRBRuri>
          <FRBRdate date="2019-12-12" name="adoption"></FRBRdate>
          <FRBRauthor href="ga" as="author"></FRBRauthor>
          <FRBRcountry value="un"></FRBRcountry>
        </FRBRWork>
        <FRBRExpression>
          <FRBRthis value="/akn/un/statement/deliberation/unga/2019-12-12/74-40/eng@!main/"></FRBRthis>
          <FRBRuri value="/akn/un/statement/deliberation/unga/2019-12-12/74-40/eng@/"></FRBRuri>
          <FRBRdate date="2019-12-19" name="publication"></FRBRdate>
          <FRBRauthor href="ga" as="issuer"></FRBRauthor>
          <FRBRlanguage language="eng"></FRBRlanguage>
        </FRBRExpression>
        <FRBRManifestation>
          <FRBRthis value="/akn/un/statement/deliberation/unga/2019-12-12/74-40/eng@/!main.xml"></FRBRthis>
          <FRBRuri value="/akn/un/statement/deliberation/unga/2019-12-12/74-40/eng@.xml"></FRBRuri>
          <FRBRdate date="2020-07-30" name="markup"></FRBRdate>
          <FRBRauthor href="DGACM" as="editor"></FRBRauthor>
        </FRBRManifestation>
      </identification>
      <classification source="http://metadata.un.org/sdg">
        <keyword value="12" href="http://metadata.un.org/sdg/12" showAs="sdg_12" dictionary="SDGO"></keyword>
        <keyword value="consumption" href="http://eurovoc.europa.eu/139" showAs="consumption" dictionary="EuroVoc"></keyword>
        <keyword value="production" href="http://eurovoc.europa.eu/2707" showAs="production" dictionary="EuroVoc"></keyword>
        <keyword value="sustainable_consumption" href="http://metadata.un.org/thesaurus/1006318" showAs="sustainable_consumption" dictionary="UNBIS Thesaurus"></keyword>
        <keyword value="consumption" href="http://metadata.un.org/thesaurus/1001264" showAs="consumption" dictionary="UNBIS Thesaurus"></keyword>
        <keyword value="production" href="http://metadata.un.org/thesaurus/1005146" showAs="production" dictionary="UNBIS Thesaurus"></keyword>
      </classification>
      <classification source="http://metadata.un.org/sdg">
        <keyword value="8" href="http://metadata.un.org/sdg/8" showAs="sdg_8" dictionary="SDGO"></keyword>
        <keyword value="economic_growth" href="http://eurovoc.europa.eu/310" showAs="economic_growth" dictionary="EuroVoc"></keyword>
        <keyword value="full_employment" href="http://eurovoc.europa.eu/2427" showAs="full_employment" dictionary="EuroVoc"></keyword>
        <keyword value="unemployment" href="http://eurovoc.europa.eu/5974" showAs="unemployment" dictionary="EuroVoc"></keyword>
        <keyword value="economic_growth" href="http://metadata.un.org/thesaurus/1001854" showAs="economic_growth" dictionary="UNBIS Thesaurus"></keyword>
        <keyword value="employment" href="http://metadata.un.org/thesaurus/1002007" showAs="employment" dictionary="UNBIS Thesaurus"></keyword>
        <keyword value="full_employment" href="http://metadata.un.org/thesaurus/1002563" showAs="full_employment" dictionary="UNBIS Thesaurus"></keyword>
        <keyword value="unemployment" href="http://metadata.un.org/thesaurus/1006773" showAs="unemployment" dictionary="UNBIS Thesaurus"></keyword>
      </classification>
      <workflow source="#un">
        <step date="2019-10-17" outcome="draftResolution" as="A/C.1/74/L.10" by="Poland" />
        <step date="0001-01-01" outcome="draftResolutionAdditionalSponsors" by="" />
        <step date="0001-01-01" outcome="recommendedForAdoption" as="A/74/368" by="" refersTo="89" />
        <step date="2019-12-12" outcome="adopted" as="A/74/PV.46" by="" />
      </workflow>
      <analysis source="#un">
        <parliamentary>
          <voting outcome="adoptedRecordedVote">
            <count value="151" refersTo="inFavour">
              <akn4un:voters>
                <organization refersTo="memberState">AFGHANISTAN</organization>
                <organization refersTo="memberState">ALBANIA</organization>
                <organization refersTo="memberState">ANDORRA</organization>
                <organization refersTo="memberState">ANGOLA</organization>
                <organization refersTo="memberState">ANTIGUA AND BARBUDA</organization>
                <organization refersTo="memberState">ARGENTINA</organization>
                <organization refersTo="memberState">AUSTRALIA</organization>
                <organization refersTo="memberState">AUSTRIA</organization>
                <organization refersTo="memberState">AZERBAIJAN</organization>
                <organization refersTo="memberState">BAHAMAS</organization>
                <organization refersTo="memberState">BAHRAIN</organization>
                <organization refersTo="memberState">BANGLADESH</organization>
                <organization refersTo="memberState">BARBADOS</organization>
                <organization refersTo="memberState">BELGIUM</organization>
                <organization refersTo="memberState">BELIZE</organization>
                <organization refersTo="memberState">BENIN</organization>
                <organization refersTo="memberState">BHUTAN</organization>
                <organization refersTo="memberState">BOSNIA AND HERZEGOVINA</organization>
                <organization refersTo="memberState">BOTSWANA</organization>
                <organization refersTo="memberState">BRAZIL</organization>
                <organization refersTo="memberState">BRUNEI DARUSSALAM</organization>
                <organization refersTo="memberState">BULGARIA</organization>
                <organization refersTo="memberState">BURKINA FASO</organization>
                <organization refersTo="memberState">CABO VERDE</organization>
                <organization refersTo="memberState">CAMEROON</organization>
                <organization refersTo="memberState">CANADA</organization>
                <organization refersTo="memberState">CENTRAL AFRICAN REPUBLIC</organization>
                <organization refersTo="memberState">CHILE</organization>
                <organization refersTo="memberState">COLOMBIA</organization>
                <organization refersTo="memberState">COMOROS</organization>
                <organization refersTo="memberState">COSTA RICA</organization>
                <organization refersTo="memberState">COTE D'IVOIRE</organization>
                <organization refersTo="memberState">CROATIA</organization>
                <organization refersTo="memberState">CYPRUS</organization>
                <organization refersTo="memberState">CZECHIA</organization>
                <organization refersTo="memberState">DEMOCRATIC REPUBLIC OF THE CONGO</organization>
                <organization refersTo="memberState">DENMARK</organization>
                <organization refersTo="memberState">DJIBOUTI</organization>
                <organization refersTo="memberState">DOMINICAN REPUBLIC</organization>
                <organization refersTo="memberState">ECUADOR</organization>
                <organization refersTo="memberState">EL SALVADOR</organization>
                <organization refersTo="memberState">ERITREA</organization>
                <organization refersTo="memberState">ESTONIA</organization>
                <organization refersTo="memberState">ESWATINI</organization>
                <organization refersTo="memberState">ETHIOPIA</organization>
                <organization refersTo="memberState">FIJI</organization>
                <organization refersTo="memberState">FINLAND</organization>
                <organization refersTo="memberState">FRANCE</organization>
                <organization refersTo="memberState">GABON</organization>
                <organization refersTo="memberState">GAMBIA</organization>
                <organization refersTo="memberState">GEORGIA</organization>
                <organization refersTo="memberState">GERMANY</organization>
                <organization refersTo="memberState">GHANA</organization>
                <organization refersTo="memberState">GREECE</organization>
                <organization refersTo="memberState">GRENADA</organization>
                <organization refersTo="memberState">GUATEMALA</organization>
                <organization refersTo="memberState">GUINEA-BISSAU</organization>
                <organization refersTo="memberState">GUYANA</organization>
                <organization refersTo="memberState">HAITI</organization>
                <organization refersTo="memberState">HONDURAS</organization>
                <organization refersTo="memberState">HUNGARY</organization>
                <organization refersTo="memberState">ICELAND</organization>
                <organization refersTo="memberState">INDIA</organization>
                <organization refersTo="memberState">INDONESIA</organization>
                <organization refersTo="memberState">IRAQ</organization>
                <organization refersTo="memberState">IRELAND</organization>
                <organization refersTo="memberState">ISRAEL</organization>
                <organization refersTo="memberState">ITALY</organization>
                <organization refersTo="memberState">JAMAICA</organization>
                <organization refersTo="memberState">JAPAN</organization>
                <organization refersTo="memberState">JORDAN</organization>
                <organization refersTo="memberState">KIRIBATI</organization>
                <organization refersTo="memberState">KUWAIT</organization>
                <organization refersTo="memberState">LAO PEOPLE'S DEMOCRATIC REPUBLIC</organization>
                <organization refersTo="memberState">LATVIA</organization>
                <organization refersTo="memberState">LESOTHO</organization>
                <organization refersTo="memberState">LIBERIA</organization>
                <organization refersTo="memberState">LIBYA</organization>
                <organization refersTo="memberState">LIECHTENSTEIN</organization>
                <organization refersTo="memberState">LITHUANIA</organization>
                <organization refersTo="memberState">LUXEMBOURG</organization>
                <organization refersTo="memberState">MADAGASCAR</organization>
                <organization refersTo="memberState">MALAWI</organization>
                <organization refersTo="memberState">MALAYSIA</organization>
                <organization refersTo="memberState">MALDIVES</organization>
                <organization refersTo="memberState">MALTA</organization>
                <organization refersTo="memberState">MARSHALL ISLANDS</organization>
                <organization refersTo="memberState">MAURITANIA</organization>
                <organization refersTo="memberState">MAURITIUS</organization>
                <organization refersTo="memberState">MEXICO</organization>
                <organization refersTo="memberState">MICRONESIA (FEDERATED STATES OF)</organization>
                <organization refersTo="memberState">MONACO</organization>
                <organization refersTo="memberState">MONTENEGRO</organization>
                <organization refersTo="memberState">MOROCCO</organization>
                <organization refersTo="memberState">MOZAMBIQUE</organization>
                <organization refersTo="memberState">NAMIBIA</organization>
                <organization refersTo="memberState">NEPAL</organization>
                <organization refersTo="memberState">NETHERLANDS</organization>
                <organization refersTo="memberState">NEW ZEALAND</organization>
                <organization refersTo="memberState">NIGER</organization>
                <organization refersTo="memberState">NIGERIA</organization>
                <organization refersTo="memberState">NORTH MACEDONIA</organization>
                <organization refersTo="memberState">NORWAY</organization>
                <organization refersTo="memberState">OMAN</organization>
                <organization refersTo="memberState">PAKISTAN</organization>
                <organization refersTo="memberState">PALAU</organization>
                <organization refersTo="memberState">PANAMA</organization>
                <organization refersTo="memberState">PARAGUAY</organization>
                <organization refersTo="memberState">PERU</organization>
                <organization refersTo="memberState">PHILIPPINES</organization>
                <organization refersTo="memberState">POLAND</organization>
                <organization refersTo="memberState">PORTUGAL</organization>
                <organization refersTo="memberState">QATAR</organization>
                <organization refersTo="memberState">REPUBLIC OF KOREA</organization>
                <organization refersTo="memberState">REPUBLIC OF MOLDOVA</organization>
                <organization refersTo="memberState">ROMANIA</organization>
                <organization refersTo="memberState">SAINT KITTS AND NEVIS</organization>
                <organization refersTo="memberState">SAINT LUCIA</organization>
                <organization refersTo="memberState">SAINT VINCENT AND THE GRENADINES</organization>
                <organization refersTo="memberState">SAMOA</organization>
                <organization refersTo="memberState">SAN MARINO</organization>
                <organization refersTo="memberState">SAO TOME AND PRINCIPE</organization>
                <organization refersTo="memberState">SAUDI ARABIA</organization>
                <organization refersTo="memberState">SENEGAL</organization>
                <organization refersTo="memberState">SEYCHELLES</organization>
                <organization refersTo="memberState">SIERRA LEONE</organization>
                <organization refersTo="memberState">SINGAPORE</organization>
                <organization refersTo="memberState">SLOVAKIA</organization>
                <organization refersTo="memberState">SLOVENIA</organization>
                <organization refersTo="memberState">SOLOMON ISLANDS</organization>
                <organization refersTo="memberState">SOUTH AFRICA</organization>
                <organization refersTo="memberState">SPAIN</organization>
                <organization refersTo="memberState">SRI LANKA</organization>
                <organization refersTo="memberState">SUDAN</organization>
                <organization refersTo="memberState">SWEDEN</organization>
                <organization refersTo="memberState">SWITZERLAND</organization>
                <organization refersTo="memberState">THAILAND</organization>
                <organization refersTo="memberState">TIMOR-LESTE</organization>
                <organization refersTo="memberState">TOGO</organization>
                <organization refersTo="memberState">TRINIDAD AND TOBAGO</organization>
                <organization refersTo="memberState">TURKEY</organization>
                <organization refersTo="memberState">TUVALU</organization>
                <organization refersTo="memberState">UKRAINE</organization>
                <organization refersTo="memberState">UNITED ARAB EMIRATES</organization>
                <organization refersTo="memberState">UNITED KINGDOM</organization>
                <organization refersTo="memberState">UNITED STATES</organization>
                <organization refersTo="memberState">URUGUAY</organization>
                <organization refersTo="memberState">VANUATU</organization>
                <organization refersTo="memberState">VIET NAM</organization>
                <organization refersTo="memberState">YEMEN</organization>
                <organization refersTo="memberState">ZAMBIA</organization>
              </akn4un:voters>
            </count>
            <count value="8" refersTo="against">
              <akn4un:voters>
                <organization refersTo="memberState">CAMBODIA</organization>
                <organization refersTo="memberState">CHINA</organization>
                <organization refersTo="memberState">CONGO</organization>
                <organization refersTo="memberState">IRAN (ISLAMIC REPUBLIC OF)</organization>
                <organization refersTo="memberState">NICARAGUA</organization>
                <organization refersTo="memberState">RUSSIAN FEDERATION</organization>
                <organization refersTo="memberState">SYRIAN ARAB REPUBLIC</organization>
                <organization refersTo="memberState">ZIMBABWE</organization>
              </akn4un:voters>
            </count>
            <count value="21" refersTo="abstaining">
              <akn4un:voters>
                <organization refersTo="memberState">ALGERIA</organization>
                <organization refersTo="memberState">ARMENIA</organization>
                <organization refersTo="memberState">BELARUS</organization>
                <organization refersTo="memberState">BOLIVIA (PLURINATIONAL STATE OF)</organization>
                <organization refersTo="memberState">BURUNDI</organization>
                <organization refersTo="memberState">CUBA</organization>
                <organization refersTo="memberState">EGYPT</organization>
                <organization refersTo="memberState">KAZAKHSTAN</organization>
                <organization refersTo="memberState">KENYA</organization>
                <organization refersTo="memberState">KYRGYZSTAN</organization>
                <organization refersTo="memberState">LEBANON</organization>
                <organization refersTo="memberState">MALI</organization>
                <organization refersTo="memberState">MONGOLIA</organization>
                <organization refersTo="memberState">MYANMAR</organization>
                <organization refersTo="memberState">RWANDA</organization>
                <organization refersTo="memberState">SURINAME</organization>
                <organization refersTo="memberState">TAJIKISTAN</organization>
                <organization refersTo="memberState">TUNISIA</organization>
                <organization refersTo="memberState">UGANDA</organization>
                <organization refersTo="memberState">UZBEKISTAN</organization>
                <organization refersTo="memberState">VENEZUELA (BOLIVARIAN REPUBLIC OF)</organization>
              </akn4un:voters>
            </count>
          </voting>
        </parliamentary>
      </analysis>
      <references source="#DGACM">
        <TLCOrganization eId="source" href="/akn/ontology/organization/un/DGACM" showAs="DGACM"></TLCOrganization>
        <TLCConcept eId="dateOfIssuance" href="/akn/ontology/concept/un/dateOfIssuance" showAs="Date of issuance"></TLCConcept>
        <TLCConcept eId="dateOfAdoption" href="/akn/ontology/concept/un/dateOfAdoption" showAs="Date of adoption"></TLCConcept>
        <TLCConcept eId="symbol" href="/akn/ontology/reference/un/symbol" showAs="Symbol"></TLCConcept>
        <TLCRole eId="publisher" href="/akn/ontology/role/un/publisher" showAs="Publisher"></TLCRole>
        <TLCRole eId="issuingBody" href="/akn/role/concept/un/issuingBody" showAs="Issuing body"></TLCRole>
        <TLCRole eId="author" href="/akn/ontology/role/un/author" showAs="Author"></TLCRole>
        <TLCRole eId="editor" href="/akn/ontology/role/un/editor" showAs="Editor"></TLCRole>
        <TLCRole eId="distribution" href="/akn/ontology/concept/un/generalDistribution" showAs="General distribution"></TLCRole>
        <TLCOrganization eId="ga" href="/akn/ontology/organization/un/generalAssembly" showAs="General Assembly"></TLCOrganization>
        <TLCTerm eId="resolutionTitle" href="/akn/ontology/reference/un/resolutionTitle" showAs="Resolution title"></TLCTerm>
        <TLCTerm eId="firstCommittee" href="#firstCommittee" showAs="First Committee"></TLCTerm>
        <TLCTerm eId="memberState" href="/akn/ontology/organization/un/memberState" showAs="Member State"></TLCTerm>
        <TLCTerm eId="inFavour" href="/akn/ontology/concept/un/voting/inFavour" showAs="In favour"></TLCTerm>
        <TLCTerm eId="against" href="/akn/ontology/concept/un/voting/against" showAs="Against"></TLCTerm>
        <TLCTerm eId="abstaining" href="/akn/ontology/concept/un/voting/abstaining" showAs="Abstaining"></TLCTerm>
      </references>
      <presentation source="#un">
        <akn4un:footerFirstPage>
          <akn4un:footerFirstPageLeft>
            <akn4un:internalCode>
              <docketNumber refersTo="#publicationJobNumber">19-21739 (E)</docketNumber>
              <img alt="bar code" class="barCode" src=""></img>
            </akn4un:internalCode>
          </akn4un:footerFirstPageLeft>
          <akn4un:footerFirstPageRight>
            <img alt="Please recycle" class="image" src="./recylcleLogo.jpg"></img>
            <img alt="embedded QR code" class="qrCode" src=""></img>
          </akn4un:footerFirstPageRight>
        </akn4un:footerFirstPage>
      </presentation>
    </meta>
    <coverPage eId="coverPage_1">
      <p>
        <span refersTo="#publisher" class="upperLeft">
          <docAuthority refersTo="#publisher">United Nations</docAuthority>
        </span>
      </p>
      <p class="upperRight">
        <docNumber refersTo="#symbol">A/RES/74/40</docNumber>
      </p>
      <p class="upperLeft">
        <img src="logo-un.jpg"></img>
        <docAuthority refersTo="#issuingBody" class="rightBig">General Assembly</docAuthority>
      </p>
      <p>
        <docStatus refersTo="#generalDistribution" class="rightSmall">Distr.: General</docStatus>
      </p>
      <p>
        <docDate date="2019-12-19" class="rightSmall" refersTo="#dateOfIssuance">19 December 2019</docDate>
      </p>
      <p>
        <session refersTo="#generalAssembly" value="74" eId="coverPage_1__session_1">Seventy-fourth session</session>
      </p>
      <p>
        <inline name="agenda item">Agenda item 98 (m)</inline>
      </p>
      <p>
        <inline name="agenda item name">General and complete disarmament: implementation of the Convention on the Prohibition of the Development, Production, Stockpiling and Use of Chemical Weapons and on Their Destruction</inline>
      </p>
      <p>
        <docTitle>Resolution adopted by the General Assembly on 12 December 2019</docTitle>
      </p>
      <p xml:space="preserve">
        <docProponent refersTo="#firstCommittee">[on the report of the First Committee (<inline name="originating document">A/74/368</inline>)]</docProponent>
      </p>
    </coverPage>
    <preface>
      <p>
        <docNumber>74/40.</docNumber>
        <docTitle refersTo="#resolutionTitle">Implementation of the Convention on the Prohibition of the Development, Production, Stockpiling and Use of Chemical Weapons and on Their Destruction</docTitle>
      </p>
    </preface>
    <preamble>
      <formula name="enactingFormula" eId="formula_1">
        <p xml:space="preserve">
          <span class="italic">The General Assembly</span>,</p>
      </formula>
      <container name="Recalling" eId="container_2">
        <p xml:space="preserve">
          <span class="italic">Recalling</span> its previous resolutions on the subject of chemical weapons, in particular resolution <a href="https://undocs.org/en/A/RES/73/45">73/45</a> of 5 December 2018,</p>
      </container>
      <container name="Determined" eId="container_3">
        <p xml:space="preserve">
          <span class="italic">Determined</span> to achieve the effective prohibition of the development, production, acquisition, transfer, stockpiling and use of chemical weapons and their destruction,</p>
      </container>
      <container name="Honouring" eId="container_4">
        <p xml:space="preserve">
          <span class="italic">Honouring</span> the memory of and paying tribute to all victims of chemical weapons,</p>
      </container>
      <container name="Reaffirming its strong support" eId="container_5">
        <p xml:space="preserve">
          <span class="italic">Reaffirming its strong support</span> for the Convention on the Prohibition of the Development, Production, Stockpiling and Use of Chemical Weapons and on Their Destruction<authorialNote marker="1" placement="bottom" eId="authorialNote_1"><p xml:space="preserve">	 	United Nations, <span class="italic">Treaty Series</span>, vol. 1974, No. 33757.</p></authorialNote> and for the Organisation for the Prohibition of Chemical Weapons and its deep appreciation of the Organisation, which was awarded the Nobel Peace Prize for 2013 for its extensive efforts to eliminate chemical weapons,</p>
      </container>
      <container name="Re-emphasizing its unequivocal support" eId="container_6">
        <p xml:space="preserve">
          <span class="italic">Re-emphasizing its unequivocal support</span> for the decision of the Director General of the Organisation for the Prohibition of Chemical Weapons to continue the mission to establish the facts surrounding the allegations of the use of chemical weapons, including toxic chemicals, for hostile purposes in the Syrian Arab Republic, while stressing that the safety and security of mission personnel remains the top priority, and recalling the work, pursuant to Security Council resolutions <a href="https://undocs.org/en/S/RES/2235 (2015)">2235 (2015)</a> of 7 August 2015 and <a href="https://undocs.org/en/S/RES/2319 (2016)">2319 (2016)</a> of 17 November 2016, of the Joint Investigative Mechanism of the Organisation for the Prohibition of Chemical Weapons and the United Nations, which was established to identify to the greatest extent feasible individuals, entities, groups or Governments that were perpetrators, organizers, sponsors or otherwise involved in the use of chemicals as weapons, including chlorine or any other toxic chemical, in the Syrian Arab Republic, where the fact-finding mission of the Organisation for the Prohibition of Chemical Weapons determined that a specific incident in the Syrian Arab Republic involved or likely involved the use of chemicals as weapons,</p>
      </container>
      <container name="Noting" eId="container_7">
        <p xml:space="preserve">
          <span class="italic">Noting</span> the work related to the Fourth Special Session of the Conference of the States Parties to Review the Operation of the Chemical Weapons Convention, held in The Hague from 21 to 30 November 2018 (the Fourth Review Conference),</p>
      </container>
      <container name="Reaffirming" eId="container_8">
        <p xml:space="preserve">
          <span class="italic">Reaffirming</span> the importance of the outcome of the Third Special Session of the Conference of the States Parties to Review the Operation of the Chemical Weapons Convention, held in The Hague from 8 to 19 April 2013 (the Third Review Conference), including its consensus final report, in which the Conference addressed all aspects of the Convention and made important recommendations on its continued implementation,</p>
      </container>
      <container name="Emphasizing" eId="container_9">
        <p xml:space="preserve">
          <span class="italic">Emphasizing</span> that the Third Review Conference welcomed the fact that the Convention is a unique multilateral agreement banning an entire category of weapons of mass destruction in a non-discriminatory and verifiable manner under strict and effective international control and noted with satisfaction that the Convention continues to be a remarkable success and an example of effective multilateralism,</p>
      </container>
      <container name="Convinced" eId="container_10">
        <p xml:space="preserve">
          <span class="italic">Convinced</span> that the Convention, 22 years after its entry into force, has reinforced its role as the international norm against chemical weapons, and that it constitutes a major contribution to: </p>
      </container>
      <blockList eId="list_1">
        <item eId="list_1__item_11">
          <num>(a)</num>
          <p>International peace and security, </p>
        </item>
        <item eId="list_1__item_12">
          <num>(b)</num>	
          <p>Eliminating chemical weapons and preventing their re-emergence, </p>
        </item>
        <item eId="list_1__item_13">
          <num>(c)</num>	
          <p>The ultimate objective of general and complete disarmament under strict and effective international control, </p>
        </item>
        <item eId="list_1__item_14">
          <num>(d)</num>	
          <p>Excluding completely, for the sake of all mankind, the possibility of the use of chemical weapons, </p>
        </item>
        <item eId="list_1__item_15">
          <num>(e)</num>	
          <p>Promoting international cooperation and exchange in scientific and technical information in the field of chemical activities among States parties for peaceful purposes in order to enhance the economic and technological development of all States parties, </p>
        </item>
      </blockList>
    </preamble>
    <mainBody>
      <paragraph eId="para_16" class="MercuryDocument">
        <num>	1.</num>
        <content eId="para_16__content">
          <p xml:space="preserve">
            <span class="italic">Reaffirms its condemnation in the strongest possible terms</span> of the use of chemical weapons by anyone under any circumstances, emphasizing that any use of chemical weapons anywhere, at any time, by anyone, under any circumstances is unacceptable and is and would be a violation of international law and expressing its strong conviction that those individuals responsible for the use of chemical weapons must and should be held accountable;</p>
        </content>
      </paragraph>
      <paragraph eId="para_17" class="MercuryDocument">
        <num>	2.</num>
        <content eId="para_17__content">
          <p xml:space="preserve">
            <span class="italic">Condemns in the strongest possible terms</span> that chemical weapons have since 2012 been used in Iraq, Malaysia, the Syrian Arab Republic and the United Kingdom of Great Britain and Northern Ireland, including as reported by the Joint Investigative Mechanism of the Organisation for the Prohibition of Chemical Weapons and the United Nations in:</p>
        </content>
      </paragraph>
      <paragraph eId="para_18" class="MercuryDocument">
        <num>	(a)</num>
        <content eId="para_18__content">
          <p xml:space="preserve">	Its reports of 24 August 2016<authorialNote marker="2" placement="bottom" eId="authorialNote_2"><p xml:space="preserve">	 	See <a href="https://undocs.org/en/S/2016/738/Rev.1">S/2016/738/Rev.1</a>.</p></authorialNote> and 21 October 2016,<authorialNote marker="3" placement="bottom" eId="authorialNote_3"><p xml:space="preserve">	 	See <a href="https://undocs.org/en/S/2016/888">S/2016/888</a>.</p></authorialNote> which concluded that there was sufficient information to determine that the Syrian Arab Armed Forces were responsible for the attacks which released toxic substances in Talmenes, Syrian Arab Republic, on 21 April 2014, in Sarmin, Syrian Arab Republic, on 16 March 2015, and in Qmenas, Syrian Arab Republic, also on 16 March 2015, and that the so-called “Islamic State in Iraq and the Levant” used sulfur mustard in Marea, Syrian Arab Republic, on 21 August 2015; and</p>
        </content>
      </paragraph>
      <paragraph eId="para_19" class="MercuryDocument">
        <num>	(b)</num>
        <content eId="para_19__content">
          <p xml:space="preserve">Its report of 26 October 2017,<authorialNote marker="4" placement="bottom" eId="authorialNote_4"><p xml:space="preserve">	 	See <a href="https://undocs.org/en/S/2017/904">S/2017/904</a>.</p></authorialNote> which concluded that there was sufficient information to be confident that Islamic State in Iraq and the Levant was responsible for the use of sulfur mustard at Umm Hawsh on 15 and 16 September 2016 and that the Syrian Arab Republic was responsible for the release of sarin at Khan Shaykhun on 4 April 2017;</p>
        </content>
      </paragraph>
      <paragraph eId="para_20" class="MercuryDocument">
        <content eId="para_20__content">
          <p xml:space="preserve">and demands that the perpetrators immediately desist from any further use of chemical weapons;</p>
        </content>
      </paragraph>
      <paragraph eId="para_21" class="MercuryDocument">
        <num>	3.</num>
        <content eId="para_21__content">
          <p xml:space="preserve">
            <span class="italic">Takes note with great concern in that regard</span> of the reports of the fact-finding mission of the Organisation for the Prohibition of Chemical Weapons regarding alleged incidents in Ltamenah, Syrian Arab Republic,<authorialNote marker="5" placement="bottom" eId="authorialNote_5"><p xml:space="preserve">	 	See <a href="https://undocs.org/en/S/2017/931">S/2017/931</a>, annex, and <a href="https://undocs.org/en/S/2018/620">S/2018/620</a>, annex.</p></authorialNote> and regarding an alleged incident in Saraqib, Syrian Arab Republic,<authorialNote marker="6" placement="bottom" eId="authorialNote_6"><p xml:space="preserve">	 	See <a href="https://undocs.org/en/S/2018/478">S/2018/478</a>, annex.</p></authorialNote> as well as the final report of the fact-finding mission of the Organisation regarding the incident of alleged use of toxic chemicals as a weapon in Douma, Syrian Arab Republic, which concluded there were reasonable grounds that the use of a toxic chemical as a weapon took place;<authorialNote marker="7" placement="bottom" eId="authorialNote_7"><p xml:space="preserve">	 	See <a href="https://undocs.org/en/S/2019/208">S/2019/208</a>, annex.</p></authorialNote></p>
        </content>
      </paragraph>
      <paragraph eId="para_22" class="MercuryDocument">
        <num>	4.</num>
        <content eId="para_22__content">
          <p xml:space="preserve">
            <span class="italic">Recalls</span> the adoption of decision C-SS-4/DEC.3 of the Fourth Special Session of the Conference of the States Parties, entitled “Addressing the threat from chemical weapons use”, of 27 June 2018, and stresses the importance of its implementation, in accordance with the Convention on the Prohibition of the Development, Production, Stockpiling and Use of Chemical Weapons and on Their Destruction;<sup>1</sup></p>
        </content>
      </paragraph>
      <paragraph eId="para_23" class="MercuryDocument">
        <num>	5.</num>
        <content eId="para_23__content">
          <p xml:space="preserve">
            <span class="italic">Emphasizes</span> that the universality of the Convention is essential to achieving its object and purpose and to enhancing the security of States parties, as well as to international peace and security, underlines the fact that the objectives of the Convention will not be fully realized as long as there remains even a single State not party to the Convention that could possess or acquire such weapons, and calls upon all States that have not yet done so to become parties to the Convention without delay;</p>
        </content>
      </paragraph>
      <paragraph eId="para_24" class="MercuryDocument">
        <num>	6.</num>
        <content eId="para_24__content">
          <p xml:space="preserve">
            <span class="italic">Underlines</span> the fact that the full, effective and non-discriminatory implementation of all articles of the Convention makes a major contribution to international peace and security through the elimination of existing stockpiles of chemical weapons and the prohibition of their acquisition and use, and provides for assistance and protection in the event of use or threat of use of chemical weapons and for international cooperation for peaceful purposes in the field of chemical activities;</p>
        </content>
      </paragraph>
      <paragraph eId="para_25" class="MercuryDocument">
        <num>	7.</num>
        <content eId="para_25__content">
          <p xml:space="preserve">
            <span class="italic">Notes</span> the impact of scientific and technological progress on the effective implementation of the Convention and the importance for the Organisation for the Prohibition of Chemical Weapons and its policymaking organs of taking due account of such developments;</p>
        </content>
      </paragraph>
      <paragraph eId="para_26" class="MercuryDocument">
        <num>	8.</num>
        <content eId="para_26__content">
          <p xml:space="preserve">
            <span class="italic">Reaffirms</span> that the obligation of the States parties to complete the destruction of chemical weapons stockpiles and the destruction or conversion of chemical weapons production facilities in accordance with the provisions of the Convention and the Annex on Implementation and Verification (Verification Annex) and under the verification of the Technical Secretariat of the Organisation for the Prohibition of Chemical Weapons is essential for the realization of the object and purpose of the Convention; </p>
        </content>
      </paragraph>
      <paragraph eId="para_27" class="MercuryDocument">
        <num>	9.</num>
        <content eId="para_27__content">
          <p xml:space="preserve">
            <span class="italic">Stresses</span> the importance to the Convention that all possessors of chemical weapons, chemical weapons production facilities or chemical weapons development facilities, including previously declared possessor States, should be among the States parties to the Convention, and welcomes progress to that end;</p>
        </content>
      </paragraph>
      <paragraph eId="para_28" class="MercuryDocument">
        <num>	10.</num>
        <content eId="para_28__content">
          <p xml:space="preserve">
            <span class="italic">Recalls</span> that the Third Special Session of the Conference of the States Parties to Review the Operation of the Chemical Weapons Convention expressed concern regarding the statement made by the Director General of the Organisation for the Prohibition of Chemical Weapons in his report to the Executive Council of the Organisation at its sixty-eighth session, provided in accordance with paragraph 2 of decision C-16/DEC.11 of 1 December 2011 adopted by the Conference of the States Parties at its sixteenth session, that three possessor States parties, namely, Libya, the Russian Federation and the United States of America, had been unable to fully meet the final extended deadline of 29 April 2012 for the destruction of their chemical weapons stockpiles, and also expressed determination that the destruction of all categories of chemical weapons should be completed in the shortest time possible in accordance with the provisions of the Convention and the Verification Annex, and with the full application of the relevant decisions that have been taken;</p>
        </content>
      </paragraph>
      <paragraph eId="para_29" class="MercuryDocument">
        <num>	11.</num>
        <content eId="para_29__content">
          <p xml:space="preserve">
            <span class="italic">Welcomes</span> the confirmation by the Director General of the Organisation for the Prohibition of Chemical Weapons expressed in his report of 5 October 2017,<authorialNote marker="8" placement="bottom" eId="authorialNote_8"><p xml:space="preserve">	 	EC-86/DG.31.</p></authorialNote> based upon information received from the Russian Federation and independent information received from the inspectors of the Organisation, regarding the completion of the full destruction of chemical weapons declared by the Russian Federation;</p>
        </content>
      </paragraph>
      <paragraph eId="para_30" class="MercuryDocument">
        <num>	12.</num>
        <content eId="para_30__content">
          <p xml:space="preserve">
            <span class="italic">Also welcomes</span> the completed destruction of Libya’s remaining category 2 chemical weapons, as reported by the Director General of the Organisation for the Prohibition of Chemical Weapons in his report of 22 December 2017,<authorialNote marker="9" placement="bottom" eId="authorialNote_9"><p xml:space="preserve">	 	EC-87/DG.6.</p></authorialNote> as well as the completed destruction by Iraq of its entire declared stockpile of chemical weapons remnants, as reported by the Director General in his report of 28 February 2018;<authorialNote marker="10" placement="bottom" eId="authorialNote_10"><p xml:space="preserve">	 	EC-87/DG.18.</p></authorialNote></p>
        </content>
      </paragraph>
      <paragraph eId="para_31" class="MercuryDocument">
        <num>	13.</num>
        <content eId="para_31__content">
          <p xml:space="preserve">
            <span class="italic">Notes with concern</span> that, along with the threat of the possible production, acquisition and use of chemical weapons by States, the international community also faces the danger of the production, acquisition and use of chemical weapons by non‑State actors, including terrorists, concerns which have highlighted the necessity of achieving universal adherence to the Convention, as well as the high level of readiness of the Organisation for the Prohibition of Chemical Weapons, and stresses that the full and effective implementation of all provisions of the Convention, including those on national implementation (article VII) and assistance and protection (article X), constitutes an important contribution to the efforts of the United Nations in the global fight against terrorism in all its forms and manifestations;</p>
        </content>
      </paragraph>
      <paragraph eId="para_32" class="MercuryDocument">
        <num>	14.</num>
        <content eId="para_32__content">
          <p xml:space="preserve">
            <span class="italic">Notes</span> that the effective application of the verification system builds confidence in compliance with the Convention by States parties;</p>
        </content>
      </paragraph>
      <paragraph eId="para_33" class="MercuryDocument">
        <num>	15.</num>
        <content eId="para_33__content">
          <p xml:space="preserve">
            <span class="italic">Stresses</span> the importance of the Organisation for the Prohibition of Chemical Weapons in verifying compliance with the provisions of the Convention as well as in promoting the timely and efficient accomplishment of all its objectives;</p>
        </content>
      </paragraph>
      <paragraph eId="para_34" class="MercuryDocument">
        <num>	16.</num>
        <content eId="para_34__content">
          <p xml:space="preserve">
            <span class="italic">Expresses grave concern</span> that, despite the verified destruction of all 27 chemical weapons production facilities declared by the Syrian Arab Republic, the Technical Secretariat, as reported by the Director General, cannot fully verify that the Syrian Arab Republic has submitted a declaration that can be considered accurate and complete in accordance with the Convention or Executive Council decision EC‑M‑33/DEC.1 as well as with the conclusion of decision C-SS-4/DEC.3, of the Fourth Special Session of the Conference of the States Parties, that the Syrian Arab Republic failed to declare and destroy all of its chemical weapons and chemical weapons production facilities, and underscores the importance of such full verification;</p>
        </content>
      </paragraph>
      <paragraph eId="para_35" class="MercuryDocument">
        <num>	17.</num>
        <content eId="para_35__content">
          <p xml:space="preserve">
            <span class="italic">Urges</span> all States parties to the Convention to meet in full and on time their obligations under the Convention and to support the Organisation for the Prohibition of Chemical Weapons in its implementation activities;</p>
        </content>
      </paragraph>
      <paragraph eId="para_36" class="MercuryDocument">
        <num>	18.</num>
        <content eId="para_36__content">
          <p xml:space="preserve">
            <span class="italic">Welcomes</span> the progress made in the national implementation of article VII obligations, commends the States parties and the Technical Secretariat for assisting other States parties, on request, with the implementation of the follow-up to the plan of action regarding article VII obligations, and urges States parties that have not fulfilled their obligations under article VII to do so without further delay, in accordance with their constitutional processes;</p>
        </content>
      </paragraph>
      <paragraph eId="para_37" class="MercuryDocument">
        <num>	19.</num>
        <content eId="para_37__content">
          <p xml:space="preserve">
            <span class="italic">Emphasizes</span> the continuing relevance and importance of the provisions of article X of the Convention, welcomes the activities of the Organisation for the Prohibition of Chemical Weapons in relation to assistance and protection against chemical weapons, supports further efforts by both States parties and the Technical Secretariat to promote a high level of readiness to respond to chemical weapons threats as articulated in article X, and welcomes the effectiveness and efficiency of the increased focus on making full use of regional and subregional capacities and expertise, including taking advantage of established training centres;</p>
        </content>
      </paragraph>
      <paragraph eId="para_38" class="MercuryDocument">
        <num>	20.</num>
        <content eId="para_38__content">
          <p xml:space="preserve">
            <span class="italic">Reaffirms</span> that the provisions of the Convention shall be implemented in a manner that avoids hampering the economic or technological development of States parties and international cooperation in the field of chemical activities for purposes not prohibited under the Convention, including the international exchange of scientific and technical information, and chemicals and equipment for the production, processing or use of chemicals for purposes not prohibited under the Convention;</p>
        </content>
      </paragraph>
      <paragraph eId="para_39" class="MercuryDocument">
        <num>	21.</num>
        <content eId="para_39__content">
          <p xml:space="preserve">
            <span class="italic">Emphasizes</span> the importance of the provisions of article XI of the Convention relating to the economic and technological development of States parties, recalls that the full, effective and non-discriminatory implementation of those provisions contributes to universality, and reaffirms the undertaking of the States parties to foster international cooperation for peaceful purposes in the field of chemical activities of the States parties and the importance of that cooperation and its contribution to the promotion of the Convention as a whole;</p>
        </content>
      </paragraph>
      <paragraph eId="para_40" class="MercuryDocument">
        <num>	22.</num>
        <content eId="para_40__content">
          <p xml:space="preserve">
            <span class="italic">Notes with appreciation</span> the ongoing work of the Organisation for the Prohibition of Chemical Weapons to achieve the object and purpose of the Convention, to ensure the full implementation of its provisions, including those for international verification of compliance with it, and to provide a forum for consultation and cooperation among States parties;</p>
        </content>
      </paragraph>
      <paragraph eId="para_41" class="MercuryDocument">
        <num>	23.</num>
        <content eId="para_41__content">
          <p xml:space="preserve">
            <span class="italic">Welcomes</span> the cooperation between the United Nations and the Organisation for the Prohibition of Chemical Weapons within the framework of the relationship agreement between the United Nations and the Organisation,<authorialNote marker="11" placement="bottom" eId="authorialNote_11"><p xml:space="preserve">	 	United Nations, <span class="italic">Treaty Series</span>, vol. 2160, No. 1240.</p></authorialNote> in accordance with the provisions of the Convention;</p>
        </content>
      </paragraph>
      <paragraph eId="para_42" class="MercuryDocument">
        <num>	24.</num>
        <content eId="para_42__content">
          <p xml:space="preserve">
            <span class="italic">Decides</span> to include in the provisional agenda of its seventy-fifth session, under the item entitled “General and complete disarmament”, the sub-item entitled “Implementation of the Convention on the Prohibition of the Development, Production, Stockpiling and Use of Chemical Weapons and on Their Destruction”. </p>
        </content>
      </paragraph>
    </mainBody>
    <conclusions eId="conclusions">
      <p>
        <inline name="adoptionMeeting" title="46th">46th plenary meeting</inline>
        <eol />
        <docDate date="2019-12-12" refersTo="#adoptionDate">12 December 2019</docDate>
      </p>
    </conclusions>
  </statement>
</akomaNtoso>