<akomaNtoso xmlns:xsi="http://www.w3.org/2001/XMLSchema-instance" xsi:schemaLocation="http://docs.oasis-open.org/legaldocml/ns/akn/3.0 http://docs.oasis-open.org/legaldocml/akn-core/v1.0/os/part2-specs/schemas/akomantoso30.xsd" xmlns="http://docs.oasis-open.org/legaldocml/ns/akn/3.0" xmlns:html="http://www.w3.org/1999/xhtml" xmlns:akn4un="http://un.org/akn4un">
  <statement name="resolution">
    <meta>
      <identification source="#DGACM">
        <FRBRWork>
          <FRBRthis value="/akn/un/statement/deliberation/unga/2019-12-12/74-49/!main/"></FRBRthis>
          <FRBRuri value="/akn/un/statement/deliberation/unga/2019-12-12/74-49/"></FRBRuri>
          <FRBRdate date="2019-12-12" name="adoption"></FRBRdate>
          <FRBRauthor href="ga" as="author"></FRBRauthor>
          <FRBRcountry value="un"></FRBRcountry>
        </FRBRWork>
        <FRBRExpression>
          <FRBRthis value="/akn/un/statement/deliberation/unga/2019-12-12/74-49/eng@!main/"></FRBRthis>
          <FRBRuri value="/akn/un/statement/deliberation/unga/2019-12-12/74-49/eng@/"></FRBRuri>
          <FRBRdate date="2019-12-19" name="publication"></FRBRdate>
          <FRBRauthor href="ga" as="issuer"></FRBRauthor>
          <FRBRlanguage language="eng"></FRBRlanguage>
        </FRBRExpression>
        <FRBRManifestation>
          <FRBRthis value="/akn/un/statement/deliberation/unga/2019-12-12/74-49/eng@/!main.xml"></FRBRthis>
          <FRBRuri value="/akn/un/statement/deliberation/unga/2019-12-12/74-49/eng@.xml"></FRBRuri>
          <FRBRdate date="2020-07-30" name="markup"></FRBRdate>
          <FRBRauthor href="DGACM" as="editor"></FRBRauthor>
        </FRBRManifestation>
      </identification>
      <workflow source="#un">
        <step date="2019-10-21" outcome="draftResolution" as="A/C.1/74/L.25" by="Angola, Antigua and Barbuda, Argentina, Australia, Austria, Bahamas, Belgium, Belize, Bosnia and Herzegovina, Botswana, Bulgaria, Canada, Chile, China, Croatia, Cyprus, Czechia, Denmark, Dominican Republic, El Salvador, Estonia, Finland, France, Georgia, Germany, Ghana, Greece, Guinea-Bissau, Guyana, Hungary, Iceland, Ireland, Italy, Jamaica, Japan, Kazakhstan, Latvia, Liechtenstein, Lithuania, Luxembourg, Madagascar, Malawi, Malta, Mexico, Montenegro, Netherlands, New Zealand, Nigeria, North Macedonia, Norway, Paraguay, Peru, Philippines, Poland, Portugal, Republic of Korea, Republic of Moldova, Romania, Saint Kitts and Nevis, Samoa, San Marino, Serbia, Slovakia, Slovenia, South Africa, Spain, Suriname, Sweden, Switzerland, Thailand, Trinidad and Tobago and Uruguay" />
        <step date="0001-01-01" outcome="draftResolutionAdditionalSponsors" by="Albania, Andorra, Benin, Burkina Faso, Central African Republic, Costa Rica, Eswatini, Haiti, Honduras, Lebanon, Malaysia, Maldives, Monaco, Mongolia, Mozambique, Palau, Papua New Guinea, Saint Lucia, Seychelles, Togo, Turkey, Tuvalu, Ukraine, United Kingdom and Vanuatu" />
        <step date="0001-01-01" outcome="recommendedForAdoption" as="A/74/368" by="" refersTo="89" />
        <step date="2019-12-12" outcome="adopted" as="A/74/PV.46" by="" />
      </workflow>
      <analysis source="#un">
        <parliamentary>
          <voting outcome="adoptedRecordedVote">
            <count value="153" refersTo="inFavour">
              <akn4un:voters>
                <organization refersTo="memberState">AFGHANISTAN</organization>
                <organization refersTo="memberState">ALBANIA</organization>
                <organization refersTo="memberState">ALGERIA</organization>
                <organization refersTo="memberState">ANDORRA</organization>
                <organization refersTo="memberState">ANGOLA</organization>
                <organization refersTo="memberState">ANTIGUA AND BARBUDA</organization>
                <organization refersTo="memberState">ARGENTINA</organization>
                <organization refersTo="memberState">AUSTRALIA</organization>
                <organization refersTo="memberState">AUSTRIA</organization>
                <organization refersTo="memberState">BAHAMAS</organization>
                <organization refersTo="memberState">BAHRAIN</organization>
                <organization refersTo="memberState">BANGLADESH</organization>
                <organization refersTo="memberState">BARBADOS</organization>
                <organization refersTo="memberState">BELGIUM</organization>
                <organization refersTo="memberState">BELIZE</organization>
                <organization refersTo="memberState">BENIN</organization>
                <organization refersTo="memberState">BHUTAN</organization>
                <organization refersTo="memberState">BOSNIA AND HERZEGOVINA</organization>
                <organization refersTo="memberState">BOTSWANA</organization>
                <organization refersTo="memberState">BRAZIL</organization>
                <organization refersTo="memberState">BRUNEI DARUSSALAM</organization>
                <organization refersTo="memberState">BULGARIA</organization>
                <organization refersTo="memberState">BURKINA FASO</organization>
                <organization refersTo="memberState">BURUNDI</organization>
                <organization refersTo="memberState">CABO VERDE</organization>
                <organization refersTo="memberState">CAMBODIA</organization>
                <organization refersTo="memberState">CAMEROON</organization>
                <organization refersTo="memberState">CANADA</organization>
                <organization refersTo="memberState">CENTRAL AFRICAN REPUBLIC</organization>
                <organization refersTo="memberState">CHAD</organization>
                <organization refersTo="memberState">CHILE</organization>
                <organization refersTo="memberState">CHINA</organization>
                <organization refersTo="memberState">COLOMBIA</organization>
                <organization refersTo="memberState">COMOROS</organization>
                <organization refersTo="memberState">CONGO</organization>
                <organization refersTo="memberState">COSTA RICA</organization>
                <organization refersTo="memberState">COTE D'IVOIRE</organization>
                <organization refersTo="memberState">CROATIA</organization>
                <organization refersTo="memberState">CYPRUS</organization>
                <organization refersTo="memberState">CZECHIA</organization>
                <organization refersTo="memberState">DEMOCRATIC REPUBLIC OF THE CONGO</organization>
                <organization refersTo="memberState">DENMARK</organization>
                <organization refersTo="memberState">DJIBOUTI</organization>
                <organization refersTo="memberState">DOMINICAN REPUBLIC</organization>
                <organization refersTo="memberState">EL SALVADOR</organization>
                <organization refersTo="memberState">ERITREA</organization>
                <organization refersTo="memberState">ESTONIA</organization>
                <organization refersTo="memberState">ESWATINI</organization>
                <organization refersTo="memberState">ETHIOPIA</organization>
                <organization refersTo="memberState">FIJI</organization>
                <organization refersTo="memberState">FINLAND</organization>
                <organization refersTo="memberState">FRANCE</organization>
                <organization refersTo="memberState">GABON</organization>
                <organization refersTo="memberState">GAMBIA</organization>
                <organization refersTo="memberState">GEORGIA</organization>
                <organization refersTo="memberState">GERMANY</organization>
                <organization refersTo="memberState">GHANA</organization>
                <organization refersTo="memberState">GREECE</organization>
                <organization refersTo="memberState">GRENADA</organization>
                <organization refersTo="memberState">GUATEMALA</organization>
                <organization refersTo="memberState">GUINEA-BISSAU</organization>
                <organization refersTo="memberState">GUYANA</organization>
                <organization refersTo="memberState">HAITI</organization>
                <organization refersTo="memberState">HONDURAS</organization>
                <organization refersTo="memberState">HUNGARY</organization>
                <organization refersTo="memberState">ICELAND</organization>
                <organization refersTo="memberState">IRAQ</organization>
                <organization refersTo="memberState">IRELAND</organization>
                <organization refersTo="memberState">ISRAEL</organization>
                <organization refersTo="memberState">ITALY</organization>
                <organization refersTo="memberState">JAMAICA</organization>
                <organization refersTo="memberState">JAPAN</organization>
                <organization refersTo="memberState">JORDAN</organization>
                <organization refersTo="memberState">KAZAKHSTAN</organization>
                <organization refersTo="memberState">KENYA</organization>
                <organization refersTo="memberState">KIRIBATI</organization>
                <organization refersTo="memberState">LATVIA</organization>
                <organization refersTo="memberState">LEBANON</organization>
                <organization refersTo="memberState">LESOTHO</organization>
                <organization refersTo="memberState">LIBERIA</organization>
                <organization refersTo="memberState">LIBYA</organization>
                <organization refersTo="memberState">LIECHTENSTEIN</organization>
                <organization refersTo="memberState">LITHUANIA</organization>
                <organization refersTo="memberState">LUXEMBOURG</organization>
                <organization refersTo="memberState">MADAGASCAR</organization>
                <organization refersTo="memberState">MALAWI</organization>
                <organization refersTo="memberState">MALAYSIA</organization>
                <organization refersTo="memberState">MALDIVES</organization>
                <organization refersTo="memberState">MALI</organization>
                <organization refersTo="memberState">MALTA</organization>
                <organization refersTo="memberState">MARSHALL ISLANDS</organization>
                <organization refersTo="memberState">MAURITANIA</organization>
                <organization refersTo="memberState">MAURITIUS</organization>
                <organization refersTo="memberState">MEXICO</organization>
                <organization refersTo="memberState">MICRONESIA (FEDERATED STATES OF)</organization>
                <organization refersTo="memberState">MONACO</organization>
                <organization refersTo="memberState">MONGOLIA</organization>
                <organization refersTo="memberState">MONTENEGRO</organization>
                <organization refersTo="memberState">MOROCCO</organization>
                <organization refersTo="memberState">MOZAMBIQUE</organization>
                <organization refersTo="memberState">NAMIBIA</organization>
                <organization refersTo="memberState">NEPAL</organization>
                <organization refersTo="memberState">NETHERLANDS</organization>
                <organization refersTo="memberState">NEW ZEALAND</organization>
                <organization refersTo="memberState">NIGER</organization>
                <organization refersTo="memberState">NIGERIA</organization>
                <organization refersTo="memberState">NORTH MACEDONIA</organization>
                <organization refersTo="memberState">NORWAY</organization>
                <organization refersTo="memberState">PAKISTAN</organization>
                <organization refersTo="memberState">PALAU</organization>
                <organization refersTo="memberState">PANAMA</organization>
                <organization refersTo="memberState">PARAGUAY</organization>
                <organization refersTo="memberState">PERU</organization>
                <organization refersTo="memberState">PHILIPPINES</organization>
                <organization refersTo="memberState">POLAND</organization>
                <organization refersTo="memberState">PORTUGAL</organization>
                <organization refersTo="memberState">REPUBLIC OF KOREA</organization>
                <organization refersTo="memberState">REPUBLIC OF MOLDOVA</organization>
                <organization refersTo="memberState">ROMANIA</organization>
                <organization refersTo="memberState">SAINT KITTS AND NEVIS</organization>
                <organization refersTo="memberState">SAINT LUCIA</organization>
                <organization refersTo="memberState">SAINT VINCENT AND THE GRENADINES</organization>
                <organization refersTo="memberState">SAMOA</organization>
                <organization refersTo="memberState">SAN MARINO</organization>
                <organization refersTo="memberState">SAO TOME AND PRINCIPE</organization>
                <organization refersTo="memberState">SENEGAL</organization>
                <organization refersTo="memberState">SERBIA</organization>
                <organization refersTo="memberState">SEYCHELLES</organization>
                <organization refersTo="memberState">SIERRA LEONE</organization>
                <organization refersTo="memberState">SINGAPORE</organization>
                <organization refersTo="memberState">SLOVAKIA</organization>
                <organization refersTo="memberState">SLOVENIA</organization>
                <organization refersTo="memberState">SOLOMON ISLANDS</organization>
                <organization refersTo="memberState">SOUTH AFRICA</organization>
                <organization refersTo="memberState">SPAIN</organization>
                <organization refersTo="memberState">SURINAME</organization>
                <organization refersTo="memberState">SWEDEN</organization>
                <organization refersTo="memberState">SWITZERLAND</organization>
                <organization refersTo="memberState">THAILAND</organization>
                <organization refersTo="memberState">TIMOR-LESTE</organization>
                <organization refersTo="memberState">TOGO</organization>
                <organization refersTo="memberState">TONGA</organization>
                <organization refersTo="memberState">TRINIDAD AND TOBAGO</organization>
                <organization refersTo="memberState">TUNISIA</organization>
                <organization refersTo="memberState">TURKEY</organization>
                <organization refersTo="memberState">TURKMENISTAN</organization>
                <organization refersTo="memberState">TUVALU</organization>
                <organization refersTo="memberState">UKRAINE</organization>
                <organization refersTo="memberState">UNITED ARAB EMIRATES</organization>
                <organization refersTo="memberState">UNITED KINGDOM</organization>
                <organization refersTo="memberState">URUGUAY</organization>
                <organization refersTo="memberState">VANUATU</organization>
                <organization refersTo="memberState">ZAMBIA</organization>
              </akn4un:voters>
            </count>
            <count value="1" refersTo="against">
              <akn4un:voters>
                <organization refersTo="memberState">UNITED STATES</organization>
              </akn4un:voters>
            </count>
            <count value="28" refersTo="abstaining">
              <akn4un:voters>
                <organization refersTo="memberState">ARMENIA</organization>
                <organization refersTo="memberState">AZERBAIJAN</organization>
                <organization refersTo="memberState">BELARUS</organization>
                <organization refersTo="memberState">BOLIVIA (PLURINATIONAL STATE OF)</organization>
                <organization refersTo="memberState">CUBA</organization>
                <organization refersTo="memberState">DEMOCRATIC PEOPLE'S REPUBLIC OF KOREA</organization>
                <organization refersTo="memberState">ECUADOR</organization>
                <organization refersTo="memberState">EGYPT</organization>
                <organization refersTo="memberState">INDIA</organization>
                <organization refersTo="memberState">INDONESIA</organization>
                <organization refersTo="memberState">IRAN (ISLAMIC REPUBLIC OF)</organization>
                <organization refersTo="memberState">KUWAIT</organization>
                <organization refersTo="memberState">LAO PEOPLE'S DEMOCRATIC REPUBLIC</organization>
                <organization refersTo="memberState">MYANMAR</organization>
                <organization refersTo="memberState">NICARAGUA</organization>
                <organization refersTo="memberState">OMAN</organization>
                <organization refersTo="memberState">QATAR</organization>
                <organization refersTo="memberState">RUSSIAN FEDERATION</organization>
                <organization refersTo="memberState">RWANDA</organization>
                <organization refersTo="memberState">SAUDI ARABIA</organization>
                <organization refersTo="memberState">SRI LANKA</organization>
                <organization refersTo="memberState">SUDAN</organization>
                <organization refersTo="memberState">SYRIAN ARAB REPUBLIC</organization>
                <organization refersTo="memberState">TAJIKISTAN</organization>
                <organization refersTo="memberState">UGANDA</organization>
                <organization refersTo="memberState">VENEZUELA (BOLIVARIAN REPUBLIC OF)</organization>
                <organization refersTo="memberState">YEMEN</organization>
                <organization refersTo="memberState">ZIMBABWE</organization>
              </akn4un:voters>
            </count>
          </voting>
        </parliamentary>
      </analysis>
      <references source="#DGACM">
        <TLCOrganization eId="source" href="/akn/ontology/organization/un/DGACM" showAs="DGACM"></TLCOrganization>
        <TLCConcept eId="dateOfIssuance" href="/akn/ontology/concept/un/dateOfIssuance" showAs="Date of issuance"></TLCConcept>
        <TLCConcept eId="dateOfAdoption" href="/akn/ontology/concept/un/dateOfAdoption" showAs="Date of adoption"></TLCConcept>
        <TLCConcept eId="symbol" href="/akn/ontology/reference/un/symbol" showAs="Symbol"></TLCConcept>
        <TLCRole eId="publisher" href="/akn/ontology/role/un/publisher" showAs="Publisher"></TLCRole>
        <TLCRole eId="issuingBody" href="/akn/role/concept/un/issuingBody" showAs="Issuing body"></TLCRole>
        <TLCRole eId="author" href="/akn/ontology/role/un/author" showAs="Author"></TLCRole>
        <TLCRole eId="editor" href="/akn/ontology/role/un/editor" showAs="Editor"></TLCRole>
        <TLCRole eId="distribution" href="/akn/ontology/concept/un/generalDistribution" showAs="General distribution"></TLCRole>
        <TLCOrganization eId="ga" href="/akn/ontology/organization/un/generalAssembly" showAs="General Assembly"></TLCOrganization>
        <TLCTerm eId="resolutionTitle" href="/akn/ontology/reference/un/resolutionTitle" showAs="Resolution title"></TLCTerm>
        <TLCTerm eId="firstCommittee" href="#firstCommittee" showAs="First Committee"></TLCTerm>
        <TLCTerm eId="memberState" href="/akn/ontology/organization/un/memberState" showAs="Member State"></TLCTerm>
        <TLCTerm eId="inFavour" href="/akn/ontology/concept/un/voting/inFavour" showAs="In favour"></TLCTerm>
        <TLCTerm eId="against" href="/akn/ontology/concept/un/voting/against" showAs="Against"></TLCTerm>
        <TLCTerm eId="abstaining" href="/akn/ontology/concept/un/voting/abstaining" showAs="Abstaining"></TLCTerm>
      </references>
      <presentation source="#un">
        <akn4un:footerFirstPage>
          <akn4un:footerFirstPageLeft>
            <akn4un:internalCode>
              <docketNumber refersTo="#publicationJobNumber">19-21837 (E)</docketNumber>
              <img alt="bar code" class="barCode" src=""></img>
            </akn4un:internalCode>
          </akn4un:footerFirstPageLeft>
          <akn4un:footerFirstPageRight>
            <img alt="Please recycle" class="image" src="./recylcleLogo.jpg"></img>
            <img alt="embedded QR code" class="qrCode" src=""></img>
          </akn4un:footerFirstPageRight>
        </akn4un:footerFirstPage>
      </presentation>
    </meta>
    <coverPage eId="coverPage_1">
      <p>
        <span refersTo="#publisher" class="upperLeft">
          <docAuthority refersTo="#publisher">United Nations</docAuthority>
        </span>
      </p>
      <p class="upperRight">
        <docNumber refersTo="#symbol">A/RES/74/49</docNumber>
      </p>
      <p class="upperLeft">
        <img src="logo-un.jpg"></img>
        <docAuthority refersTo="#issuingBody" class="rightBig">General Assembly</docAuthority>
      </p>
      <p>
        <docStatus refersTo="#generalDistribution" class="rightSmall">Distr.: General</docStatus>
      </p>
      <p>
        <docDate date="2019-12-19" class="rightSmall" refersTo="#dateOfIssuance">19 December 2019</docDate>
      </p>
      <p>
        <session refersTo="#generalAssembly" value="74" eId="coverPage_1__session_1">Seventy-fourth session</session>
      </p>
      <p>
        <inline name="agenda item">Agenda item 98 (y)</inline>
      </p>
      <p>
        <inline name="agenda item name">General and complete disarmament: the Arms Trade Treaty</inline>
      </p>
      <p>
        <docTitle>Resolution adopted by the General Assembly on 12 December 2019</docTitle>
      </p>
      <p xml:space="preserve">
        <docProponent refersTo="#firstCommittee">[on the report of the First Committee (<inline name="originating document">A/74/368</inline>)]</docProponent>
      </p>
    </coverPage>
    <preface>
      <p>
        <docNumber>74/49.</docNumber>
        <docTitle refersTo="#resolutionTitle">The Arms Trade Treaty</docTitle>
      </p>
    </preface>
    <preamble>
      <formula name="enactingFormula" eId="formula_1">
        <p xml:space="preserve">
          <span class="italic">The General Assembly</span>,</p>
      </formula>
      <container name="Recalling" eId="container_2">
        <p xml:space="preserve">
          <span class="italic">Recalling</span> its resolutions <a href="https://undocs.org/en/A/RES/61/89">61/89</a> of 6 December 2006, <a href="https://undocs.org/en/A/RES/63/240">63/240</a> of 24 December 2008, <a href="https://undocs.org/en/A/RES/64/48">64/48</a> of 2 December 2009, <a href="https://undocs.org/en/A/RES/67/234">67/234</a> A of 24 December 2012, <a href="https://undocs.org/en/A/RES/67/234b">67/234</a> B of 2 April 2013, <a href="https://undocs.org/en/A/RES/68/31">68/31</a> of 5 December 2013, <a href="https://undocs.org/en/A/RES/69/49">69/49</a> of 2 December 2014, <a href="https://undocs.org/en/A/RES/70/58">70/58</a> of 7 December 2015, <a href="https://undocs.org/en/A/RES/71/50">71/50</a> of 5 December 2016, <a href="https://undocs.org/en/A/RES/72/44">72/44</a> of 4 December 2017 and <a href="https://undocs.org/en/A/RES/73/36">73/36</a> of 5 December 2018 and its decision 66/518 of 2 December 2011,</p>
      </container>
      <container name="Recognizing" eId="container_3">
        <p xml:space="preserve">
          <span class="italic">Recognizing</span> that disarmament, arms control and non-proliferation are essential for the maintenance of international peace and security,</p>
      </container>
      <container name="Recognizing also" eId="container_4">
        <p xml:space="preserve">
          <span class="italic">Recognizing also</span> the security, social, economic and humanitarian consequences of the illicit and unregulated trade in conventional arms,</p>
      </container>
      <container name="Recognizing further" eId="container_5">
        <p xml:space="preserve">
          <span class="italic">Recognizing further</span> the legitimate political, security, economic and commercial interests of States in the international trade in conventional arms,</p>
      </container>
      <container name="Underlining" eId="container_6">
        <p xml:space="preserve">
          <span class="italic">Underlining</span> the urgent need to prevent and eradicate the illicit trade in conventional arms and to prevent their diversion to the illicit market, or for unauthorized end use and end users, including the commission of terrorist acts, thereby preventing the exacerbation of armed violence and the violation of international humanitarian law and international human rights law, </p>
      </container>
      <container name="Emphasizing" eId="container_7">
        <p xml:space="preserve">
          <span class="italic">Emphasizing</span> the responsibility of all States, in accordance with their respective international obligations, to effectively regulate the international trade in conventional arms,</p>
      </container>
      <container name="Recalling" eId="container_8">
        <p xml:space="preserve">
          <span class="italic">Recalling</span> the contribution made by the Programme of Action to Prevent, Combat and Eradicate the Illicit Trade in Small Arms and Light Weapons in All Its Aspects,<authorialNote marker="1" placement="bottom" eId="authorialNote_1"><p xml:space="preserve"><span class="italic">Report of the United Nations Conference on the Illicit Trade in Small Arms and Light Weapons in All Its Aspects, New York, 9–20 July 2001</span> (A/CONF.192/15), chap. IV, para. 24.</p></authorialNote> as well as the Protocol against the Illicit Manufacturing of and Trafficking in Firearms, Their Parts and Components and Ammunition, supplementing the United Nations Convention against Transnational Organized Crime,<authorialNote marker="2" placement="bottom" eId="authorialNote_2"><p xml:space="preserve">	 	United Nations, <span class="italic">Treaty Series</span>, vol. 2326, No. 39574.</p></authorialNote> and the International Instrument to Enable States to Identify and Trace, in a Timely and Reliable Manner, Illicit Small Arms and Light Weapons,<authorialNote marker="3" placement="bottom" eId="authorialNote_3"><p xml:space="preserve">	 	See decision 60/519 and <a href="https://undocs.org/en/A/60/88">A/60/88</a> and <a href="https://undocs.org/en/A/60/88/Corr.2">A/60/88/Corr.2</a>, annex.</p></authorialNote></p>
      </container>
      <container name="Highlighting" eId="container_9">
        <p xml:space="preserve">
          <span class="italic">Highlighting</span> the relevance of the Arms Trade Treaty,<authorialNote marker="4" placement="bottom" eId="authorialNote_4"><p xml:space="preserve">	 	See resolution <a href="https://undocs.org/en/A/RES/67/234b">67/234</a> B.</p></authorialNote> including its links and synergies with other relevant instruments on conventional arms, to efforts to meet Sustainable Development Goal 16 of the 2030 Agenda for Sustainable Development,<authorialNote marker="5" placement="bottom" eId="authorialNote_5"><p xml:space="preserve">	 	Resolution <a href="https://undocs.org/en/A/RES/70/1">70/1</a>.</p></authorialNote> and specifically target 16.4, which aims at significantly reducing illicit arms flows by 2030,</p>
      </container>
      <container name="Recalling" eId="container_10">
        <p xml:space="preserve">
          <span class="italic">Recalling</span> the Secretary-General’s disarmament agenda, <span class="italic">Securing Our Common Future: An Agenda for Disarmament</span>, in particular the section of the agenda entitled “Disarmament that saves lives”,</p>
      </container>
      <container name="Recognizing" eId="container_11">
        <p xml:space="preserve">
          <span class="italic">Recognizing</span> the negative impact of the illicit and unregulated trade in conventional arms and related ammunition on the lives of women, men, girls and boys, and that the Arms Trade Treaty was the first international agreement to identify and call upon States to address the link between conventional arms transfers and the risk of serious acts of gender-based violence and serious acts of violence against women and children,</p>
      </container>
      <container name="Recognizing also" eId="container_12">
        <p xml:space="preserve">
          <span class="italic">Recognizing also</span> the important role that civil society organizations, including non-governmental organizations, and industry play, by raising awareness, in efforts to prevent and eradicate the illicit and unregulated trade in conventional arms, including in preventing their diversion, and in supporting the implementation of the Treaty,</p>
      </container>
      <container name="Recalling" eId="container_13">
        <p xml:space="preserve">
          <span class="italic">Recalling</span> the adoption by the General Assembly and the entry into force of the Treaty on 2 April 2013 and 24 December 2014, respectively, and noting that the Treaty remains open for accession by any State that has not signed it,</p>
      </container>
      <container name="Welcoming" eId="container_14">
        <p xml:space="preserve">
          <span class="italic">Welcoming</span> the latest ratifications of and accessions to the Treaty, bearing in mind that the universalization of the Treaty is essential to achieving its object and purpose,</p>
      </container>
      <container name="Noting" eId="container_15">
        <p xml:space="preserve">
          <span class="italic">Noting</span> the efforts by the States parties to the Treaty to continue to explore ways and means to enhance national implementation of the Treaty through the working group on effective treaty implementation and the voluntary trust fund for the implementation of the Treaty,</p>
      </container>
    </preamble>
    <mainBody>
      <paragraph eId="para_16" class="MercuryDocument">
        <num>	1.</num>
        <content eId="para_16__content">
          <p xml:space="preserve">
            <span class="italic">Welcomes</span> the decisions taken at the Fifth Conference of States Parties to the Arms Trade Treaty, held in Geneva from 26 to 30 August 2019, and notes that the Sixth Conference of States Parties will be held in Geneva from 17 to 21 August 2020;</p>
        </content>
      </paragraph>
      <paragraph eId="para_17" class="MercuryDocument">
        <num>	2.</num>
        <content eId="para_17__content">
          <p xml:space="preserve">
            <span class="italic">Also welcomes</span> the progress made by the standing working groups on effective treaty implementation, on transparency and reporting, and on universalization in advancing the object and purpose of the Arms Trade Treaty;<sup>4</sup></p>
        </content>
      </paragraph>
      <paragraph eId="para_18" class="MercuryDocument">
        <num>	3.</num>
        <content eId="para_18__content">
          <p xml:space="preserve">
            <span class="italic">Recognizes</span> that the consolidation of the institutional structure of the Treaty provides a framework for supporting further work under the Treaty, in particular its effective implementation, in this regard welcomes the efforts undertaken at the Fifth Conference of States Parties to address the Treaty’s financial situation, expresses concern about the unpaid assessed contributions of States and the potential adverse implications that this has for the Treaty processes, and calls upon States that have not yet done so to address their financial obligations under the Treaty in a prompt and timely manner;</p>
        </content>
      </paragraph>
      <paragraph eId="para_19" class="MercuryDocument">
        <num>	4.</num>
        <content eId="para_19__content">
          <p xml:space="preserve">
            <span class="italic">Calls upon</span> all States that have not yet done so to ratify, accept, approve or accede to the Treaty, in accordance with their respective constitutional processes, in order to achieve its universalization;</p>
        </content>
      </paragraph>
      <paragraph eId="para_20" class="MercuryDocument">
        <num>	5.</num>
        <content eId="para_20__content">
          <p xml:space="preserve">
            <span class="italic">Calls upon</span> all States parties to submit and encourages them to make available, in a timely manner, and to update, as appropriate, their initial reports, as well as their annual reports for the preceding calendar year, as required under article 13 of the Treaty, thereby enhancing confidence, transparency, trust and accountability, and notes the endorsement by the Second Conference of States Parties of templates that may facilitate the reporting;</p>
        </content>
      </paragraph>
      <paragraph eId="para_21" class="MercuryDocument">
        <num>	6.</num>
        <content eId="para_21__content">
          <p xml:space="preserve">
            <span class="italic">Calls upon</span> those States parties in a position to do so to provide assistance, including legal or legislative assistance, institutional capacity-building and technical, material or financial assistance, to requesting States in order to promote the implementation and universalization of the Treaty;</p>
        </content>
      </paragraph>
      <paragraph eId="para_22" class="MercuryDocument">
        <num>	7.</num>
        <content eId="para_22__content">
          <p xml:space="preserve">
            <span class="italic">Stresses</span> the vital importance of the full and effective implementation of and compliance with all provisions of the Treaty by States parties, and urges States parties to meet their obligations under the Treaty, thereby contributing to international and regional peace, security and stability, to the reduction of human suffering and to the promotion of cooperation, transparency and responsible action;</p>
        </content>
      </paragraph>
      <paragraph eId="para_23" class="MercuryDocument">
        <num>	8.</num>
        <content eId="para_23__content">
          <p xml:space="preserve">
            <span class="italic">Recognizes</span> the complementarity among all relevant international instruments on conventional arms and the Treaty, and to this end urges all States to implement effective national measures to prevent, combat and eradicate the illicit and unregulated trade in conventional arms and ammunition in fulfilment of their respective international obligations and commitments;</p>
        </content>
      </paragraph>
      <paragraph eId="para_24" class="MercuryDocument">
        <num>	9.</num>
        <content eId="para_24__content">
          <p xml:space="preserve">
            <span class="italic">Also recognizes</span> the added value of the adoption in June 2018 of the report of the third United Nations Conference to Review Progress Made in the Implementation of the Programme of Action to Prevent, Combat and Eradicate the Illicit Trade in Small Arms and Light Weapons in All Its Aspects,<authorialNote marker="6" placement="bottom" eId="authorialNote_6"><p xml:space="preserve">	 	A/CONF.192/2018/RC/3.</p></authorialNote> including the outcome document annexed thereto, and acknowledges synergies between the Programme of Action and the Treaty;</p>
        </content>
      </paragraph>
      <paragraph eId="para_25" class="MercuryDocument">
        <num>	10.</num>
        <content eId="para_25__content">
          <p xml:space="preserve">
            <span class="italic">Encourages</span> further steps to enable States to increasingly prevent and tackle the diversion of conventional arms and ammunition to unauthorized end uses and end users, and recognizes that enhancing reporting rates, transparency and information-sharing, in line with Treaty obligations, is fundamental to achieving this goal;</p>
        </content>
      </paragraph>
      <paragraph eId="para_26" class="MercuryDocument">
        <num>	11.</num>
        <content eId="para_26__content">
          <p xml:space="preserve">
            <span class="italic">Welcomes</span> the adoption of action-oriented decisions on gender and gender-based violence and the fact that States parties agreed to review progress on these two aspects on an ongoing basis, and in that respect encourages States parties and signatory States to ensure the full and equal participation of women and men in pursuing the object and purpose of the Treaty;</p>
        </content>
      </paragraph>
      <paragraph eId="para_27" class="MercuryDocument">
        <num>	12.</num>
        <content eId="para_27__content">
          <p xml:space="preserve">
            <span class="italic">Also welcomes</span> the successful operationalization of the voluntary trust fund for the implementation of the Treaty, encourages eligible States to make best use of the voluntary trust fund, and encourages all States parties in a position to do so to contribute to the voluntary trust fund;</p>
        </content>
      </paragraph>
      <paragraph eId="para_28" class="MercuryDocument">
        <num>	13.</num>
        <content eId="para_28__content">
          <p xml:space="preserve">
            <span class="italic">Encourages</span> States parties and signatory States in a position to do so to provide funding to the Treaty sponsorship programme to support participation in meetings under the Treaty for those States that would otherwise be unable to attend;</p>
        </content>
      </paragraph>
      <paragraph eId="para_29" class="MercuryDocument">
        <num>	14.</num>
        <content eId="para_29__content">
          <p xml:space="preserve">
            <span class="italic">Encourages</span> States parties to strengthen their cooperation with civil society, including non-governmental organizations, industry and relevant international organizations and to work with other States parties at the national and regional levels, and invites those stakeholders, in particular those that are underrepresented in Treaty processes, to engage further with States parties with the aim of ensuring the effective implementation and universalization of the Treaty;</p>
        </content>
      </paragraph>
      <paragraph eId="para_30" class="MercuryDocument">
        <num>	15.</num>
        <content eId="para_30__content">
          <p xml:space="preserve">
            <span class="italic">Decides</span> to include in the provisional agenda of its seventy-fifth session, under the item entitled “General and complete disarmament”, the sub-item entitled “The Arms Trade Treaty”, and to review the implementation of the present resolution at that session.</p>
        </content>
      </paragraph>
    </mainBody>
    <conclusions eId="conclusions">
      <p>
        <inline name="adoptionMeeting" title="46th">46th plenary meeting</inline>
        <eol />
        <docDate date="2019-12-12" refersTo="#adoptionDate">12 December 2019</docDate>
      </p>
    </conclusions>
  </statement>
</akomaNtoso>