<akomaNtoso xmlns:xsi="http://www.w3.org/2001/XMLSchema-instance" xsi:schemaLocation="http://docs.oasis-open.org/legaldocml/ns/akn/3.0 http://docs.oasis-open.org/legaldocml/akn-core/v1.0/os/part2-specs/schemas/akomantoso30.xsd" xmlns="http://docs.oasis-open.org/legaldocml/ns/akn/3.0" xmlns:html="http://www.w3.org/1999/xhtml" xmlns:akn4un="http://un.org/akn4un">
  <statement name="resolution">
    <meta>
      <identification source="#DGACM">
        <FRBRWork>
          <FRBRthis value="/akn/un/statement/deliberation/unga/2019-12-12/74-47/!main/"></FRBRthis>
          <FRBRuri value="/akn/un/statement/deliberation/unga/2019-12-12/74-47/"></FRBRuri>
          <FRBRdate date="2019-12-12" name="adoption"></FRBRdate>
          <FRBRauthor href="ga" as="author"></FRBRauthor>
          <FRBRcountry value="un"></FRBRcountry>
        </FRBRWork>
        <FRBRExpression>
          <FRBRthis value="/akn/un/statement/deliberation/unga/2019-12-12/74-47/eng@!main/"></FRBRthis>
          <FRBRuri value="/akn/un/statement/deliberation/unga/2019-12-12/74-47/eng@/"></FRBRuri>
          <FRBRdate date="2019-12-19" name="publication"></FRBRdate>
          <FRBRauthor href="ga" as="issuer"></FRBRauthor>
          <FRBRlanguage language="eng"></FRBRlanguage>
        </FRBRExpression>
        <FRBRManifestation>
          <FRBRthis value="/akn/un/statement/deliberation/unga/2019-12-12/74-47/eng@/!main.xml"></FRBRthis>
          <FRBRuri value="/akn/un/statement/deliberation/unga/2019-12-12/74-47/eng@.xml"></FRBRuri>
          <FRBRdate date="2020-07-30" name="markup"></FRBRdate>
          <FRBRauthor href="DGACM" as="editor"></FRBRauthor>
        </FRBRManifestation>
      </identification>
      <classification source="http://metadata.un.org/sdg">
        <keyword value="16" href="http://metadata.un.org/sdg/16" showAs="sdg_16" dictionary="SDGO"></keyword>
        <keyword value="right_to_justice" href="http://eurovoc.europa.eu/516" showAs="right_to_justice" dictionary="EuroVoc"></keyword>
        <keyword value="sustainable_development" href="http://eurovoc.europa.eu/5585" showAs="sustainable_development" dictionary="EuroVoc"></keyword>
        <keyword value="civil_society" href="http://metadata.un.org/thesaurus/1001012" showAs="civil_society" dictionary="UNBIS Thesaurus"></keyword>
        <keyword value="justice" href="http://metadata.un.org/thesaurus/1003500" showAs="justice" dictionary="UNBIS Thesaurus"></keyword>
        <keyword value="peaceful_coexistence" href="http://metadata.un.org/thesaurus/1004777" showAs="peaceful_coexistence" dictionary="UNBIS Thesaurus"></keyword>
        <keyword value="public_institutions" href="http://metadata.un.org/thesaurus/1005254" showAs="public_institutions" dictionary="UNBIS Thesaurus"></keyword>
        <keyword value="social_justice" href="http://metadata.un.org/thesaurus/1005970" showAs="social_justice" dictionary="UNBIS Thesaurus"></keyword>
        <keyword value="sustainable_development" href="http://metadata.un.org/thesaurus/1006319" showAs="sustainable_development" dictionary="UNBIS Thesaurus"></keyword>
      </classification>
      <classification source="http://metadata.un.org/sdg">
        <keyword value="2" href="http://metadata.un.org/sdg/2" showAs="sdg_2" dictionary="SDGO"></keyword>
        <keyword value="food_shortage" href="http://eurovoc.europa.eu/2318" showAs="food_shortage" dictionary="EuroVoc"></keyword>
        <keyword value="sustainable_agriculture" href="http://eurovoc.europa.eu/6308" showAs="sustainable_agriculture" dictionary="EuroVoc"></keyword>
        <keyword value="food_security" href="http://eurovoc.europa.eu/c_4523e1dd" showAs="food_security" dictionary="EuroVoc"></keyword>
        <keyword value="food_security" href="http://metadata.un.org/thesaurus/1002439" showAs="food_security" dictionary="UNBIS Thesaurus"></keyword>
        <keyword value="food_shortage" href="http://metadata.un.org/thesaurus/1002440" showAs="food_shortage" dictionary="UNBIS Thesaurus"></keyword>
        <keyword value="hunger" href="http://metadata.un.org/thesaurus/1003004" showAs="hunger" dictionary="UNBIS Thesaurus"></keyword>
        <keyword value="sustainable_agriculture" href="http://metadata.un.org/thesaurus/1006317" showAs="sustainable_agriculture" dictionary="UNBIS Thesaurus"></keyword>
      </classification>
      <workflow source="#un">
        <step date="2019-10-21" outcome="draftResolution" as="A/C.1/74/L.21" by="Algeria, Angola, Austria, Brazil, Chile, Costa Rica, Democratic Republic of the Congo, Egypt, Eswatini, Ghana, Guatemala, Indonesia, Ireland, Malawi, Mexico, Namibia, Nigeria, Peru, Philippines, Samoa, South Africa, Thailand, Uganda, Uruguay and Viet Nam" />
        <step date="0001-01-01" outcome="draftResolutionAdditionalSponsors" by="Benin, Dominican Republic, Ecuador, El Salvador, Equatorial Guinea, Iran (Islamic Republic of), Lesotho, Panama, Seychelles and Togo" />
        <step date="0001-01-01" outcome="recommendedForAdoption" as="A/74/368" by="" refersTo="89" />
        <step date="2019-12-12" outcome="adopted" as="A/74/PV.46" by="" />
      </workflow>
      <analysis source="#un">
        <parliamentary>
          <voting outcome="adoptedRecordedVote">
            <count value="135" refersTo="inFavour">
              <akn4un:voters>
                <organization refersTo="memberState">AFGHANISTAN</organization>
                <organization refersTo="memberState">ALGERIA</organization>
                <organization refersTo="memberState">ANDORRA</organization>
                <organization refersTo="memberState">ANGOLA</organization>
                <organization refersTo="memberState">ANTIGUA AND BARBUDA</organization>
                <organization refersTo="memberState">ARGENTINA</organization>
                <organization refersTo="memberState">AUSTRIA</organization>
                <organization refersTo="memberState">AZERBAIJAN</organization>
                <organization refersTo="memberState">BAHAMAS</organization>
                <organization refersTo="memberState">BAHRAIN</organization>
                <organization refersTo="memberState">BANGLADESH</organization>
                <organization refersTo="memberState">BARBADOS</organization>
                <organization refersTo="memberState">BELARUS</organization>
                <organization refersTo="memberState">BELIZE</organization>
                <organization refersTo="memberState">BENIN</organization>
                <organization refersTo="memberState">BHUTAN</organization>
                <organization refersTo="memberState">BOLIVIA (PLURINATIONAL STATE OF)</organization>
                <organization refersTo="memberState">BOTSWANA</organization>
                <organization refersTo="memberState">BRAZIL</organization>
                <organization refersTo="memberState">BRUNEI DARUSSALAM</organization>
                <organization refersTo="memberState">BURKINA FASO</organization>
                <organization refersTo="memberState">BURUNDI</organization>
                <organization refersTo="memberState">CABO VERDE</organization>
                <organization refersTo="memberState">CAMBODIA</organization>
                <organization refersTo="memberState">CENTRAL AFRICAN REPUBLIC</organization>
                <organization refersTo="memberState">CHAD</organization>
                <organization refersTo="memberState">CHILE</organization>
                <organization refersTo="memberState">COLOMBIA</organization>
                <organization refersTo="memberState">COMOROS</organization>
                <organization refersTo="memberState">CONGO</organization>
                <organization refersTo="memberState">COSTA RICA</organization>
                <organization refersTo="memberState">COTE D'IVOIRE</organization>
                <organization refersTo="memberState">CUBA</organization>
                <organization refersTo="memberState">DEMOCRATIC REPUBLIC OF THE CONGO</organization>
                <organization refersTo="memberState">DJIBOUTI</organization>
                <organization refersTo="memberState">DOMINICAN REPUBLIC</organization>
                <organization refersTo="memberState">ECUADOR</organization>
                <organization refersTo="memberState">EGYPT</organization>
                <organization refersTo="memberState">EL SALVADOR</organization>
                <organization refersTo="memberState">ERITREA</organization>
                <organization refersTo="memberState">ESWATINI</organization>
                <organization refersTo="memberState">ETHIOPIA</organization>
                <organization refersTo="memberState">FIJI</organization>
                <organization refersTo="memberState">GABON</organization>
                <organization refersTo="memberState">GAMBIA</organization>
                <organization refersTo="memberState">GHANA</organization>
                <organization refersTo="memberState">GRENADA</organization>
                <organization refersTo="memberState">GUATEMALA</organization>
                <organization refersTo="memberState">GUINEA-BISSAU</organization>
                <organization refersTo="memberState">GUYANA</organization>
                <organization refersTo="memberState">HONDURAS</organization>
                <organization refersTo="memberState">INDONESIA</organization>
                <organization refersTo="memberState">IRAN (ISLAMIC REPUBLIC OF)</organization>
                <organization refersTo="memberState">IRAQ</organization>
                <organization refersTo="memberState">IRELAND</organization>
                <organization refersTo="memberState">JAMAICA</organization>
                <organization refersTo="memberState">JORDAN</organization>
                <organization refersTo="memberState">KAZAKHSTAN</organization>
                <organization refersTo="memberState">KENYA</organization>
                <organization refersTo="memberState">KIRIBATI</organization>
                <organization refersTo="memberState">KUWAIT</organization>
                <organization refersTo="memberState">KYRGYZSTAN</organization>
                <organization refersTo="memberState">LAO PEOPLE'S DEMOCRATIC REPUBLIC</organization>
                <organization refersTo="memberState">LEBANON</organization>
                <organization refersTo="memberState">LESOTHO</organization>
                <organization refersTo="memberState">LIBYA</organization>
                <organization refersTo="memberState">LIECHTENSTEIN</organization>
                <organization refersTo="memberState">MADAGASCAR</organization>
                <organization refersTo="memberState">MALAWI</organization>
                <organization refersTo="memberState">MALAYSIA</organization>
                <organization refersTo="memberState">MALDIVES</organization>
                <organization refersTo="memberState">MALI</organization>
                <organization refersTo="memberState">MALTA</organization>
                <organization refersTo="memberState">MARSHALL ISLANDS</organization>
                <organization refersTo="memberState">MAURITANIA</organization>
                <organization refersTo="memberState">MAURITIUS</organization>
                <organization refersTo="memberState">MEXICO</organization>
                <organization refersTo="memberState">MONGOLIA</organization>
                <organization refersTo="memberState">MOROCCO</organization>
                <organization refersTo="memberState">MOZAMBIQUE</organization>
                <organization refersTo="memberState">MYANMAR</organization>
                <organization refersTo="memberState">NAMIBIA</organization>
                <organization refersTo="memberState">NAURU</organization>
                <organization refersTo="memberState">NEPAL</organization>
                <organization refersTo="memberState">NEW ZEALAND</organization>
                <organization refersTo="memberState">NICARAGUA</organization>
                <organization refersTo="memberState">NIGER</organization>
                <organization refersTo="memberState">NIGERIA</organization>
                <organization refersTo="memberState">OMAN</organization>
                <organization refersTo="memberState">PALAU</organization>
                <organization refersTo="memberState">PANAMA</organization>
                <organization refersTo="memberState">PARAGUAY</organization>
                <organization refersTo="memberState">PERU</organization>
                <organization refersTo="memberState">PHILIPPINES</organization>
                <organization refersTo="memberState">QATAR</organization>
                <organization refersTo="memberState">REPUBLIC OF MOLDOVA</organization>
                <organization refersTo="memberState">RWANDA</organization>
                <organization refersTo="memberState">SAINT KITTS AND NEVIS</organization>
                <organization refersTo="memberState">SAINT LUCIA</organization>
                <organization refersTo="memberState">SAINT VINCENT AND THE GRENADINES</organization>
                <organization refersTo="memberState">SAMOA</organization>
                <organization refersTo="memberState">SAN MARINO</organization>
                <organization refersTo="memberState">SAO TOME AND PRINCIPE</organization>
                <organization refersTo="memberState">SAUDI ARABIA</organization>
                <organization refersTo="memberState">SENEGAL</organization>
                <organization refersTo="memberState">SEYCHELLES</organization>
                <organization refersTo="memberState">SIERRA LEONE</organization>
                <organization refersTo="memberState">SINGAPORE</organization>
                <organization refersTo="memberState">SOLOMON ISLANDS</organization>
                <organization refersTo="memberState">SOUTH AFRICA</organization>
                <organization refersTo="memberState">SOUTH SUDAN</organization>
                <organization refersTo="memberState">SRI LANKA</organization>
                <organization refersTo="memberState">SUDAN</organization>
                <organization refersTo="memberState">SURINAME</organization>
                <organization refersTo="memberState">SYRIAN ARAB REPUBLIC</organization>
                <organization refersTo="memberState">TAJIKISTAN</organization>
                <organization refersTo="memberState">THAILAND</organization>
                <organization refersTo="memberState">TIMOR-LESTE</organization>
                <organization refersTo="memberState">TOGO</organization>
                <organization refersTo="memberState">TONGA</organization>
                <organization refersTo="memberState">TRINIDAD AND TOBAGO</organization>
                <organization refersTo="memberState">TUNISIA</organization>
                <organization refersTo="memberState">TURKMENISTAN</organization>
                <organization refersTo="memberState">TUVALU</organization>
                <organization refersTo="memberState">UGANDA</organization>
                <organization refersTo="memberState">UNITED ARAB EMIRATES</organization>
                <organization refersTo="memberState">UNITED REPUBLIC OF TANZANIA</organization>
                <organization refersTo="memberState">URUGUAY</organization>
                <organization refersTo="memberState">UZBEKISTAN</organization>
                <organization refersTo="memberState">VANUATU</organization>
                <organization refersTo="memberState">VENEZUELA (BOLIVARIAN REPUBLIC OF)</organization>
                <organization refersTo="memberState">VIET NAM</organization>
                <organization refersTo="memberState">YEMEN</organization>
                <organization refersTo="memberState">ZAMBIA</organization>
                <organization refersTo="memberState">ZIMBABWE</organization>
              </akn4un:voters>
            </count>
            <count value="37" refersTo="against">
              <akn4un:voters>
                <organization refersTo="memberState">ALBANIA</organization>
                <organization refersTo="memberState">AUSTRALIA</organization>
                <organization refersTo="memberState">BELGIUM</organization>
                <organization refersTo="memberState">BULGARIA</organization>
                <organization refersTo="memberState">CANADA</organization>
                <organization refersTo="memberState">CROATIA</organization>
                <organization refersTo="memberState">CZECHIA</organization>
                <organization refersTo="memberState">DENMARK</organization>
                <organization refersTo="memberState">ESTONIA</organization>
                <organization refersTo="memberState">FINLAND</organization>
                <organization refersTo="memberState">FRANCE</organization>
                <organization refersTo="memberState">GERMANY</organization>
                <organization refersTo="memberState">GREECE</organization>
                <organization refersTo="memberState">HUNGARY</organization>
                <organization refersTo="memberState">ICELAND</organization>
                <organization refersTo="memberState">ISRAEL</organization>
                <organization refersTo="memberState">ITALY</organization>
                <organization refersTo="memberState">LATVIA</organization>
                <organization refersTo="memberState">LITHUANIA</organization>
                <organization refersTo="memberState">LUXEMBOURG</organization>
                <organization refersTo="memberState">MONACO</organization>
                <organization refersTo="memberState">MONTENEGRO</organization>
                <organization refersTo="memberState">NETHERLANDS</organization>
                <organization refersTo="memberState">NORTH MACEDONIA</organization>
                <organization refersTo="memberState">NORWAY</organization>
                <organization refersTo="memberState">POLAND</organization>
                <organization refersTo="memberState">PORTUGAL</organization>
                <organization refersTo="memberState">REPUBLIC OF KOREA</organization>
                <organization refersTo="memberState">ROMANIA</organization>
                <organization refersTo="memberState">RUSSIAN FEDERATION</organization>
                <organization refersTo="memberState">SLOVAKIA</organization>
                <organization refersTo="memberState">SLOVENIA</organization>
                <organization refersTo="memberState">SPAIN</organization>
                <organization refersTo="memberState">TURKEY</organization>
                <organization refersTo="memberState">UKRAINE</organization>
                <organization refersTo="memberState">UNITED KINGDOM</organization>
                <organization refersTo="memberState">UNITED STATES</organization>
              </akn4un:voters>
            </count>
            <count value="13" refersTo="abstaining">
              <akn4un:voters>
                <organization refersTo="memberState">ARMENIA</organization>
                <organization refersTo="memberState">BOSNIA AND HERZEGOVINA</organization>
                <organization refersTo="memberState">CAMEROON</organization>
                <organization refersTo="memberState">CHINA</organization>
                <organization refersTo="memberState">CYPRUS</organization>
                <organization refersTo="memberState">DEMOCRATIC PEOPLE'S REPUBLIC OF KOREA</organization>
                <organization refersTo="memberState">GEORGIA</organization>
                <organization refersTo="memberState">INDIA</organization>
                <organization refersTo="memberState">JAPAN</organization>
                <organization refersTo="memberState">PAKISTAN</organization>
                <organization refersTo="memberState">SERBIA</organization>
                <organization refersTo="memberState">SWEDEN</organization>
                <organization refersTo="memberState">SWITZERLAND</organization>
              </akn4un:voters>
            </count>
          </voting>
        </parliamentary>
      </analysis>
      <references source="#DGACM">
        <TLCOrganization eId="source" href="/akn/ontology/organization/un/DGACM" showAs="DGACM"></TLCOrganization>
        <TLCConcept eId="dateOfIssuance" href="/akn/ontology/concept/un/dateOfIssuance" showAs="Date of issuance"></TLCConcept>
        <TLCConcept eId="dateOfAdoption" href="/akn/ontology/concept/un/dateOfAdoption" showAs="Date of adoption"></TLCConcept>
        <TLCConcept eId="symbol" href="/akn/ontology/reference/un/symbol" showAs="Symbol"></TLCConcept>
        <TLCRole eId="publisher" href="/akn/ontology/role/un/publisher" showAs="Publisher"></TLCRole>
        <TLCRole eId="issuingBody" href="/akn/role/concept/un/issuingBody" showAs="Issuing body"></TLCRole>
        <TLCRole eId="author" href="/akn/ontology/role/un/author" showAs="Author"></TLCRole>
        <TLCRole eId="editor" href="/akn/ontology/role/un/editor" showAs="Editor"></TLCRole>
        <TLCRole eId="distribution" href="/akn/ontology/concept/un/generalDistribution" showAs="General distribution"></TLCRole>
        <TLCOrganization eId="ga" href="/akn/ontology/organization/un/generalAssembly" showAs="General Assembly"></TLCOrganization>
        <TLCTerm eId="resolutionTitle" href="/akn/ontology/reference/un/resolutionTitle" showAs="Resolution title"></TLCTerm>
        <TLCTerm eId="firstCommittee" href="#firstCommittee" showAs="First Committee"></TLCTerm>
        <TLCTerm eId="memberState" href="/akn/ontology/organization/un/memberState" showAs="Member State"></TLCTerm>
        <TLCTerm eId="inFavour" href="/akn/ontology/concept/un/voting/inFavour" showAs="In favour"></TLCTerm>
        <TLCTerm eId="against" href="/akn/ontology/concept/un/voting/against" showAs="Against"></TLCTerm>
        <TLCTerm eId="abstaining" href="/akn/ontology/concept/un/voting/abstaining" showAs="Abstaining"></TLCTerm>
      </references>
      <presentation source="#un">
        <akn4un:footerFirstPage>
          <akn4un:footerFirstPageLeft>
            <akn4un:internalCode>
              <docketNumber refersTo="#publicationJobNumber">19-21834 (E)</docketNumber>
              <img alt="bar code" class="barCode" src=""></img>
            </akn4un:internalCode>
          </akn4un:footerFirstPageLeft>
          <akn4un:footerFirstPageRight>
            <img alt="Please recycle" class="image" src="./recylcleLogo.jpg"></img>
            <img alt="embedded QR code" class="qrCode" src=""></img>
          </akn4un:footerFirstPageRight>
        </akn4un:footerFirstPage>
      </presentation>
    </meta>
    <coverPage eId="coverPage_1">
      <p>
        <span refersTo="#publisher" class="upperLeft">
          <docAuthority refersTo="#publisher">United Nations</docAuthority>
        </span>
      </p>
      <p class="upperRight">
        <docNumber refersTo="#symbol">A/RES/74/47</docNumber>
      </p>
      <p class="upperLeft">
        <img src="logo-un.jpg"></img>
        <docAuthority refersTo="#issuingBody" class="rightBig">General Assembly</docAuthority>
      </p>
      <p>
        <docStatus refersTo="#generalDistribution" class="rightSmall">Distr.: General</docStatus>
      </p>
      <p>
        <docDate date="2019-12-19" class="rightSmall" refersTo="#dateOfIssuance">19 December 2019</docDate>
      </p>
      <p>
        <session refersTo="#generalAssembly" value="74" eId="coverPage_1__session_1">Seventy-fourth session</session>
      </p>
      <p>
        <inline name="agenda item">Agenda item 98 (ff)</inline>
      </p>
      <p>
        <inline name="agenda item name">General and complete disarmament: ethical imperatives for a nuclear-weapon-free world</inline>
      </p>
      <p>
        <docTitle>Resolution adopted by the General Assembly on 12 December 2019</docTitle>
      </p>
      <p xml:space="preserve">
        <docProponent refersTo="#firstCommittee">[on the report of the First Committee (<inline name="originating document">A/74/368</inline>)]</docProponent>
      </p>
    </coverPage>
    <preface>
      <p>
        <docNumber>74/47.</docNumber>
        <docTitle refersTo="#resolutionTitle">Ethical imperatives for a nuclear-weapon-free world</docTitle>
      </p>
    </preface>
    <preamble>
      <formula name="enactingFormula" eId="formula_1">
        <p xml:space="preserve">
          <span class="italic">The General Assembly</span>,</p>
      </formula>
      <container name="Recalling" eId="container_2">
        <p xml:space="preserve">
          <span class="italic">Recalling</span> its resolution <a href="https://undocs.org/en/A/RES/70/50">70/50</a> of 7 December 2015, adopted on the occasion of the seventieth anniversary of the United Nations, which was established to save succeeding generations from the untold suffering of the scourge of war, and its resolution <a href="https://undocs.org/en/A/RES/73/68">73/68</a> of 5 December 2018, </p>
      </container>
      <container name="Recalling also" eId="container_3">
        <p xml:space="preserve">
          <span class="italic">Recalling also</span> that the United Nations emerged at the time of the immense trail of death and destruction resulting from the Second World War, 74 years ago, </p>
      </container>
      <container name="Recalling further" eId="container_4">
        <p xml:space="preserve">
          <span class="italic">Recalling further</span> the noble principles of the Charter of the United Nations, which enjoin the international community, individually and collectively, to spare no effort in promoting the ethical imperative of “in larger freedom”, so that all peoples may enjoy freedom from want, freedom from fear and the freedom to live in dignity, </p>
      </container>
      <container name="Convinced" eId="container_5">
        <p xml:space="preserve">
          <span class="italic">Convinced</span> that, given the catastrophic humanitarian consequences and risks associated with a nuclear weapon detonation, Member States have long envisaged nuclear disarmament and nuclear non-proliferation as urgent and interlinked ethical imperatives in achieving the objectives of the Charter, which is reflected in the first resolution, resolution <a href="https://undocs.org/A/RES/1 (I)">1 (I)</a>, adopted by the General Assembly on 24 January 1946, aimed at the elimination from national armaments of atomic weapons and of all other major weapons adaptable to mass destruction, </p>
      </container>
      <container name="Acknowledging" eId="container_6">
        <p xml:space="preserve">
          <span class="italic">Acknowledging</span>, in this connection, the ethical imperatives outlined in the provisions of its resolutions and reports and those of other related international initiatives on the catastrophic humanitarian consequences and risks posed by a nuclear weapon detonation, including the declaration that the use of nuclear weapons would cause indiscriminate suffering and as such is a violation of the Charter and the laws of humanity and international law,<authorialNote marker="1" placement="bottom" eId="authorialNote_1"><p xml:space="preserve">	 	See resolution <a href="https://undocs.org/A/RES/1653 (XVI)">1653 (XVI)</a>.</p></authorialNote> the condemnation of nuclear war as contrary to human conscience and a violation of the fundamental right to life,<authorialNote marker="2" placement="bottom" eId="authorialNote_2"><p xml:space="preserve">	 	See resolution <a href="https://undocs.org/en/A/RES/38/75">38/75</a>. </p></authorialNote> the threat to the very survival of humankind posed by the existence of nuclear weapons,<authorialNote marker="3" placement="bottom" eId="authorialNote_3"><p xml:space="preserve">	 	See resolution <a href="https://undocs.org/en/A/RES/S-10/2">S‑10/2</a>.</p></authorialNote> the detrimental environmental effects of the use of nuclear weapons,<authorialNote marker="4" placement="bottom" eId="authorialNote_4"><p xml:space="preserve">	 	See resolution <a href="https://undocs.org/en/A/RES/50/70">50/70</a> M.</p></authorialNote> and the disquiet that was expressed at the continued spending on the development and maintenance of nuclear arsenals,<authorialNote marker="5" placement="bottom" eId="authorialNote_5"><p xml:space="preserve">	 	See <a href="https://undocs.org/en/A/59/119">A/59/119</a>.</p></authorialNote></p>
      </container>
      <container name="Acknowledging also" eId="container_7">
        <p xml:space="preserve">
          <span class="italic">Acknowledging also</span> the preamble to and article VI of the Treaty on the Non‑Proliferation of Nuclear Weapons<authorialNote marker="6" placement="bottom" eId="authorialNote_6"><p xml:space="preserve">	 	United Nations, <span class="italic">Treaty Series</span>, vol. 729, No. 10485.</p></authorialNote> and the advisory opinion of the International Court of Justice on the legality of the threat or use of nuclear weapons,<authorialNote marker="7" placement="bottom" eId="authorialNote_7"><p xml:space="preserve"><a href="https://undocs.org/en/A/51/218">A/51/218</a>, annex.</p></authorialNote> in which the Court unanimously concluded that there exists an obligation to pursue in good faith and bring to a conclusion negotiations leading to nuclear disarmament in all its aspects under strict and effective international control, </p>
      </container>
      <container name="Acknowledging further" eId="container_8">
        <p xml:space="preserve">
          <span class="italic">Acknowledging further</span> the United Nations Millennium Declaration,<authorialNote marker="8" placement="bottom" eId="authorialNote_8"><p xml:space="preserve">	 	Resolution <a href="https://undocs.org/en/A/RES/55/2">55/2</a>.</p></authorialNote> in which Heads of State and Government resolved to strive for the elimination of weapons of mass destruction, particularly nuclear weapons, and to keep all options open for achieving that aim, including the possibility of convening an international conference to identify ways of eliminating nuclear dangers, </p>
      </container>
      <container name="Concerned" eId="container_9">
        <p xml:space="preserve">
          <span class="italic">Concerned</span> that, despite the long-standing recognition that it has accorded to these ethical imperatives and while much effort has been directed to addressing nuclear non-proliferation, limited progress has been made in meeting the nuclear disarmament obligations required to achieve and maintain the nuclear-weapon-free world that the international community demands, </p>
      </container>
      <container name="Disappointed" eId="container_10">
        <p xml:space="preserve">
          <span class="italic">Disappointed</span> at the continued absence of progress towards multilateral negotiations on nuclear disarmament in the Conference on Disarmament, despite unrelenting efforts of Member States towards this end, </p>
      </container>
      <container name="Noting with satisfaction" eId="container_11">
        <p xml:space="preserve">
          <span class="italic">Noting with satisfaction</span> the increasing awareness, renewed attention and growing momentum that has been generated by Member States and the international community since 2010 regarding the catastrophic humanitarian consequences and risks associated with nuclear weapons, which underpin the ethical imperatives for nuclear disarmament and the urgency of achieving and maintaining a nuclear-weapon-free world, together with all related international initiatives, </p>
      </container>
      <container name="Recalling" eId="container_12">
        <p xml:space="preserve">
          <span class="italic">Recalling</span> the adoption on 7 July 2017 of the Treaty on the Prohibition of Nuclear Weapons,<authorialNote marker="9" placement="bottom" eId="authorialNote_9"><p xml:space="preserve"><a href="https://undocs.org/en/A/CONF.229/2017/8">A/CONF.229/2017/8</a>.</p></authorialNote> in which the ethical imperatives for nuclear disarmament are acknowledged, </p>
      </container>
      <container name="Conscious" eId="container_13">
        <p xml:space="preserve">
          <span class="italic">Conscious</span> of the absolute validity of multilateral diplomacy in relation to nuclear disarmament, and determined to promote multilateralism as essential to nuclear disarmament negotiations, </p>
      </container>
    </preamble>
    <mainBody>
      <paragraph eId="para_14" class="MercuryDocument">
        <num>	1.</num>
        <content eId="para_14__content">
          <p xml:space="preserve">
            <span class="italic">Calls upon</span> all States to acknowledge the catastrophic humanitarian consequences and risks posed by a nuclear weapon detonation, whether by accident, miscalculation or design; </p>
        </content>
      </paragraph>
      <paragraph eId="para_15" class="MercuryDocument">
        <num>	2.</num>
        <content eId="para_15__content">
          <p xml:space="preserve">
            <span class="italic">Acknowledges</span> the ethical imperatives for nuclear disarmament and the urgency of achieving and maintaining a nuclear-weapon-free world, which is a “global public good of the highest order”, serving both national and collective security interests; </p>
        </content>
      </paragraph>
      <paragraph eId="para_16" class="MercuryDocument">
        <num>	3.</num>
        <content eId="para_16__content">
          <p xml:space="preserve">
            <span class="italic">Declares</span> that: </p>
        </content>
      </paragraph>
      <paragraph eId="para_17" class="MercuryDocument">
        <content eId="para_17__content">
          <p xml:space="preserve">	(a)	The global threat posed by nuclear weapons must urgently be eliminated; </p>
        </content>
      </paragraph>
      <paragraph eId="para_18" class="MercuryDocument">
        <content eId="para_18__content">
          <p xml:space="preserve">	(b)	Discussions, decisions and actions on nuclear weapons must focus on the effects of these weapons on human beings and the environment and must be guided by the unspeakable suffering and unacceptable harm that they cause; </p>
        </content>
      </paragraph>
      <paragraph eId="para_19" class="MercuryDocument">
        <content eId="para_19__content">
          <p xml:space="preserve">	(c)	Greater attention must be given to the impact of a nuclear weapon detonation on women and the importance of their participation in discussions, decisions and actions on nuclear weapons; </p>
        </content>
      </paragraph>
      <paragraph eId="para_20" class="MercuryDocument">
        <content eId="para_20__content">
          <p xml:space="preserve">	(d)	Nuclear weapons serve to undermine collective security, heighten the risk of nuclear catastrophe, aggravate international tension and make conflict more dangerous; </p>
        </content>
      </paragraph>
      <paragraph eId="para_21" class="MercuryDocument">
        <content eId="para_21__content">
          <p xml:space="preserve">	(e)	Arguments in favour of the retention of nuclear weapons have a negative impact on the credibility of the nuclear disarmament and non-proliferation regime; </p>
        </content>
      </paragraph>
      <paragraph eId="para_22" class="MercuryDocument">
        <content eId="para_22__content">
          <p xml:space="preserve">	(f)	The long-term plans for the modernization of nuclear weapons arsenals run contrary to commitments and obligations to nuclear disarmament and engender perceptions of the indefinite possession of these weapons; </p>
        </content>
      </paragraph>
      <paragraph eId="para_23" class="MercuryDocument">
        <content eId="para_23__content">
          <p xml:space="preserve">	(g)	In a world where basic human needs have not yet been met, the vast resources allocated to the modernization of nuclear weapons arsenals could instead be redirected to meeting the Sustainable Development Goals;<authorialNote marker="10" placement="bottom" eId="authorialNote_10"><p xml:space="preserve">	 	See resolution <a href="https://undocs.org/en/A/RES/70/1">70/1</a>.</p></authorialNote></p>
        </content>
      </paragraph>
      <paragraph eId="para_24" class="MercuryDocument">
        <content eId="para_24__content">
          <p xml:space="preserve">	(h)	Given the humanitarian impact of nuclear weapons, it is inconceivable that any use of nuclear weapons, irrespective of the cause, would be compatible with the requirements of international humanitarian law or international law, or the laws of morality, or the dictates of public conscience; </p>
        </content>
      </paragraph>
      <paragraph eId="para_25" class="MercuryDocument">
        <content eId="para_25__content">
          <p xml:space="preserve">	(i)	Given their indiscriminate nature and potential to annihilate humanity, nuclear weapons are inherently immoral; </p>
        </content>
      </paragraph>
      <paragraph eId="para_26" class="MercuryDocument">
        <num>	4.</num>
        <content eId="para_26__content">
          <p xml:space="preserve">
            <span class="italic">Notes</span> that all responsible States have a solemn duty to take decisions that serve to protect their people and each other from the ravages of a nuclear weapon detonation, and that the only way for States to do so is through the total elimination of nuclear weapons; </p>
        </content>
      </paragraph>
      <paragraph eId="para_27" class="MercuryDocument">
        <num>	5.</num>
        <content eId="para_27__content">
          <p xml:space="preserve">
            <span class="italic">Stresses</span> that all States share an ethical responsibility to act with urgency and determination, with the support of all relevant stakeholders, to take the effective measures, including legally binding measures, necessary to eliminate and prohibit all nuclear weapons, given their catastrophic humanitarian consequences and associated risks; </p>
        </content>
      </paragraph>
      <paragraph eId="para_28" class="MercuryDocument">
        <num>	6.</num>
        <content eId="para_28__content">
          <p xml:space="preserve">
            <span class="italic">Decides</span> to include in the provisional agenda of its seventy-fifth session, under the item entitled “General and complete disarmament”, the sub-item entitled “Ethical imperatives for a nuclear-weapon-free world”.</p>
        </content>
      </paragraph>
    </mainBody>
    <conclusions eId="conclusions">
      <p>
        <inline name="adoptionMeeting" title="46th">46th plenary meeting</inline>
        <eol />
        <docDate date="2019-12-12" refersTo="#adoptionDate">12 December 2019</docDate>
      </p>
    </conclusions>
  </statement>
</akomaNtoso>