<akomaNtoso xmlns:xsi="http://www.w3.org/2001/XMLSchema-instance" xsi:schemaLocation="http://docs.oasis-open.org/legaldocml/ns/akn/3.0 http://docs.oasis-open.org/legaldocml/akn-core/v1.0/os/part2-specs/schemas/akomantoso30.xsd" xmlns="http://docs.oasis-open.org/legaldocml/ns/akn/3.0" xmlns:html="http://www.w3.org/1999/xhtml" xmlns:akn4un="http://un.org/akn4un">
  <statement name="resolution">
    <meta>
      <identification source="#DGACM">
        <FRBRWork>
          <FRBRthis value="/akn/un/statement/deliberation/unga/2019-12-12/74-56/!main/"></FRBRthis>
          <FRBRuri value="/akn/un/statement/deliberation/unga/2019-12-12/74-56/"></FRBRuri>
          <FRBRdate date="2019-12-12" name="adoption"></FRBRdate>
          <FRBRauthor href="ga" as="author"></FRBRauthor>
          <FRBRcountry value="un"></FRBRcountry>
        </FRBRWork>
        <FRBRExpression>
          <FRBRthis value="/akn/un/statement/deliberation/unga/2019-12-12/74-56/eng@!main/"></FRBRthis>
          <FRBRuri value="/akn/un/statement/deliberation/unga/2019-12-12/74-56/eng@/"></FRBRuri>
          <FRBRdate date="2019-12-20" name="publication"></FRBRdate>
          <FRBRauthor href="ga" as="issuer"></FRBRauthor>
          <FRBRlanguage language="eng"></FRBRlanguage>
        </FRBRExpression>
        <FRBRManifestation>
          <FRBRthis value="/akn/un/statement/deliberation/unga/2019-12-12/74-56/eng@/!main.xml"></FRBRthis>
          <FRBRuri value="/akn/un/statement/deliberation/unga/2019-12-12/74-56/eng@.xml"></FRBRuri>
          <FRBRdate date="2020-07-30" name="markup"></FRBRdate>
          <FRBRauthor href="DGACM" as="editor"></FRBRauthor>
        </FRBRManifestation>
      </identification>
      <workflow source="#un">
        <step date="2019-10-16" outcome="draftResolution" as="A/C.1/74/L.34" by="Indonesia (on behalf of the States Members of the United Nations that are members of the Movement of Non-Aligned Countries)" />
        <step date="0001-01-01" outcome="draftResolutionAdditionalSponsors" by="" />
        <step date="0001-01-01" outcome="recommendedForAdoption" as="A/74/368" by="" refersTo="89" />
        <step date="2019-12-12" outcome="adopted" as="A/74/PV.46" by="" />
      </workflow>
      <analysis source="#un">
        <parliamentary>
          <voting outcome="adoptedRecordedVote">
            <count value="179" refersTo="inFavour">
              <akn4un:voters>
                <organization refersTo="memberState">AFGHANISTAN</organization>
                <organization refersTo="memberState">ALBANIA</organization>
                <organization refersTo="memberState">ALGERIA</organization>
                <organization refersTo="memberState">ANDORRA</organization>
                <organization refersTo="memberState">ANGOLA</organization>
                <organization refersTo="memberState">ANTIGUA AND BARBUDA</organization>
                <organization refersTo="memberState">ARGENTINA</organization>
                <organization refersTo="memberState">ARMENIA</organization>
                <organization refersTo="memberState">AUSTRALIA</organization>
                <organization refersTo="memberState">AUSTRIA</organization>
                <organization refersTo="memberState">AZERBAIJAN</organization>
                <organization refersTo="memberState">BAHAMAS</organization>
                <organization refersTo="memberState">BAHRAIN</organization>
                <organization refersTo="memberState">BANGLADESH</organization>
                <organization refersTo="memberState">BARBADOS</organization>
                <organization refersTo="memberState">BELARUS</organization>
                <organization refersTo="memberState">BELGIUM</organization>
                <organization refersTo="memberState">BELIZE</organization>
                <organization refersTo="memberState">BENIN</organization>
                <organization refersTo="memberState">BHUTAN</organization>
                <organization refersTo="memberState">BOLIVIA (PLURINATIONAL STATE OF)</organization>
                <organization refersTo="memberState">BOSNIA AND HERZEGOVINA</organization>
                <organization refersTo="memberState">BOTSWANA</organization>
                <organization refersTo="memberState">BRAZIL</organization>
                <organization refersTo="memberState">BRUNEI DARUSSALAM</organization>
                <organization refersTo="memberState">BULGARIA</organization>
                <organization refersTo="memberState">BURKINA FASO</organization>
                <organization refersTo="memberState">BURUNDI</organization>
                <organization refersTo="memberState">CABO VERDE</organization>
                <organization refersTo="memberState">CAMBODIA</organization>
                <organization refersTo="memberState">CAMEROON</organization>
                <organization refersTo="memberState">CANADA</organization>
                <organization refersTo="memberState">CENTRAL AFRICAN REPUBLIC</organization>
                <organization refersTo="memberState">CHAD</organization>
                <organization refersTo="memberState">CHILE</organization>
                <organization refersTo="memberState">CHINA</organization>
                <organization refersTo="memberState">COLOMBIA</organization>
                <organization refersTo="memberState">COMOROS</organization>
                <organization refersTo="memberState">CONGO</organization>
                <organization refersTo="memberState">COSTA RICA</organization>
                <organization refersTo="memberState">COTE D'IVOIRE</organization>
                <organization refersTo="memberState">CROATIA</organization>
                <organization refersTo="memberState">CUBA</organization>
                <organization refersTo="memberState">CYPRUS</organization>
                <organization refersTo="memberState">CZECHIA</organization>
                <organization refersTo="memberState">DEMOCRATIC PEOPLE'S REPUBLIC OF KOREA</organization>
                <organization refersTo="memberState">DEMOCRATIC REPUBLIC OF THE CONGO</organization>
                <organization refersTo="memberState">DENMARK</organization>
                <organization refersTo="memberState">DJIBOUTI</organization>
                <organization refersTo="memberState">DOMINICAN REPUBLIC</organization>
                <organization refersTo="memberState">ECUADOR</organization>
                <organization refersTo="memberState">EGYPT</organization>
                <organization refersTo="memberState">EL SALVADOR</organization>
                <organization refersTo="memberState">ERITREA</organization>
                <organization refersTo="memberState">ESTONIA</organization>
                <organization refersTo="memberState">ESWATINI</organization>
                <organization refersTo="memberState">ETHIOPIA</organization>
                <organization refersTo="memberState">FIJI</organization>
                <organization refersTo="memberState">FINLAND</organization>
                <organization refersTo="memberState">GABON</organization>
                <organization refersTo="memberState">GAMBIA</organization>
                <organization refersTo="memberState">GEORGIA</organization>
                <organization refersTo="memberState">GERMANY</organization>
                <organization refersTo="memberState">GHANA</organization>
                <organization refersTo="memberState">GREECE</organization>
                <organization refersTo="memberState">GRENADA</organization>
                <organization refersTo="memberState">GUATEMALA</organization>
                <organization refersTo="memberState">GUINEA-BISSAU</organization>
                <organization refersTo="memberState">GUYANA</organization>
                <organization refersTo="memberState">HONDURAS</organization>
                <organization refersTo="memberState">HUNGARY</organization>
                <organization refersTo="memberState">ICELAND</organization>
                <organization refersTo="memberState">INDIA</organization>
                <organization refersTo="memberState">INDONESIA</organization>
                <organization refersTo="memberState">IRAN (ISLAMIC REPUBLIC OF)</organization>
                <organization refersTo="memberState">IRAQ</organization>
                <organization refersTo="memberState">IRELAND</organization>
                <organization refersTo="memberState">ITALY</organization>
                <organization refersTo="memberState">JAMAICA</organization>
                <organization refersTo="memberState">JAPAN</organization>
                <organization refersTo="memberState">JORDAN</organization>
                <organization refersTo="memberState">KAZAKHSTAN</organization>
                <organization refersTo="memberState">KENYA</organization>
                <organization refersTo="memberState">KIRIBATI</organization>
                <organization refersTo="memberState">KUWAIT</organization>
                <organization refersTo="memberState">KYRGYZSTAN</organization>
                <organization refersTo="memberState">LAO PEOPLE'S DEMOCRATIC REPUBLIC</organization>
                <organization refersTo="memberState">LATVIA</organization>
                <organization refersTo="memberState">LEBANON</organization>
                <organization refersTo="memberState">LESOTHO</organization>
                <organization refersTo="memberState">LIBYA</organization>
                <organization refersTo="memberState">LIECHTENSTEIN</organization>
                <organization refersTo="memberState">LITHUANIA</organization>
                <organization refersTo="memberState">LUXEMBOURG</organization>
                <organization refersTo="memberState">MADAGASCAR</organization>
                <organization refersTo="memberState">MALAWI</organization>
                <organization refersTo="memberState">MALAYSIA</organization>
                <organization refersTo="memberState">MALDIVES</organization>
                <organization refersTo="memberState">MALI</organization>
                <organization refersTo="memberState">MALTA</organization>
                <organization refersTo="memberState">MAURITANIA</organization>
                <organization refersTo="memberState">MAURITIUS</organization>
                <organization refersTo="memberState">MEXICO</organization>
                <organization refersTo="memberState">MONACO</organization>
                <organization refersTo="memberState">MONGOLIA</organization>
                <organization refersTo="memberState">MONTENEGRO</organization>
                <organization refersTo="memberState">MOROCCO</organization>
                <organization refersTo="memberState">MOZAMBIQUE</organization>
                <organization refersTo="memberState">MYANMAR</organization>
                <organization refersTo="memberState">NAMIBIA</organization>
                <organization refersTo="memberState">NEPAL</organization>
                <organization refersTo="memberState">NETHERLANDS</organization>
                <organization refersTo="memberState">NEW ZEALAND</organization>
                <organization refersTo="memberState">NICARAGUA</organization>
                <organization refersTo="memberState">NIGER</organization>
                <organization refersTo="memberState">NIGERIA</organization>
                <organization refersTo="memberState">NORTH MACEDONIA</organization>
                <organization refersTo="memberState">NORWAY</organization>
                <organization refersTo="memberState">OMAN</organization>
                <organization refersTo="memberState">PAKISTAN</organization>
                <organization refersTo="memberState">PALAU</organization>
                <organization refersTo="memberState">PANAMA</organization>
                <organization refersTo="memberState">PARAGUAY</organization>
                <organization refersTo="memberState">PERU</organization>
                <organization refersTo="memberState">PHILIPPINES</organization>
                <organization refersTo="memberState">POLAND</organization>
                <organization refersTo="memberState">PORTUGAL</organization>
                <organization refersTo="memberState">QATAR</organization>
                <organization refersTo="memberState">REPUBLIC OF KOREA</organization>
                <organization refersTo="memberState">REPUBLIC OF MOLDOVA</organization>
                <organization refersTo="memberState">ROMANIA</organization>
                <organization refersTo="memberState">RUSSIAN FEDERATION</organization>
                <organization refersTo="memberState">RWANDA</organization>
                <organization refersTo="memberState">SAINT KITTS AND NEVIS</organization>
                <organization refersTo="memberState">SAINT LUCIA</organization>
                <organization refersTo="memberState">SAINT VINCENT AND THE GRENADINES</organization>
                <organization refersTo="memberState">SAMOA</organization>
                <organization refersTo="memberState">SAN MARINO</organization>
                <organization refersTo="memberState">SAO TOME AND PRINCIPE</organization>
                <organization refersTo="memberState">SAUDI ARABIA</organization>
                <organization refersTo="memberState">SENEGAL</organization>
                <organization refersTo="memberState">SERBIA</organization>
                <organization refersTo="memberState">SEYCHELLES</organization>
                <organization refersTo="memberState">SIERRA LEONE</organization>
                <organization refersTo="memberState">SINGAPORE</organization>
                <organization refersTo="memberState">SLOVAKIA</organization>
                <organization refersTo="memberState">SLOVENIA</organization>
                <organization refersTo="memberState">SOLOMON ISLANDS</organization>
                <organization refersTo="memberState">SOUTH AFRICA</organization>
                <organization refersTo="memberState">SOUTH SUDAN</organization>
                <organization refersTo="memberState">SPAIN</organization>
                <organization refersTo="memberState">SRI LANKA</organization>
                <organization refersTo="memberState">SUDAN</organization>
                <organization refersTo="memberState">SURINAME</organization>
                <organization refersTo="memberState">SWEDEN</organization>
                <organization refersTo="memberState">SWITZERLAND</organization>
                <organization refersTo="memberState">SYRIAN ARAB REPUBLIC</organization>
                <organization refersTo="memberState">TAJIKISTAN</organization>
                <organization refersTo="memberState">THAILAND</organization>
                <organization refersTo="memberState">TIMOR-LESTE</organization>
                <organization refersTo="memberState">TOGO</organization>
                <organization refersTo="memberState">TRINIDAD AND TOBAGO</organization>
                <organization refersTo="memberState">TUNISIA</organization>
                <organization refersTo="memberState">TURKEY</organization>
                <organization refersTo="memberState">TURKMENISTAN</organization>
                <organization refersTo="memberState">TUVALU</organization>
                <organization refersTo="memberState">UGANDA</organization>
                <organization refersTo="memberState">UKRAINE</organization>
                <organization refersTo="memberState">UNITED ARAB EMIRATES</organization>
                <organization refersTo="memberState">UNITED KINGDOM</organization>
                <organization refersTo="memberState">UNITED REPUBLIC OF TANZANIA</organization>
                <organization refersTo="memberState">URUGUAY</organization>
                <organization refersTo="memberState">UZBEKISTAN</organization>
                <organization refersTo="memberState">VANUATU</organization>
                <organization refersTo="memberState">VENEZUELA (BOLIVARIAN REPUBLIC OF)</organization>
                <organization refersTo="memberState">VIET NAM</organization>
                <organization refersTo="memberState">YEMEN</organization>
                <organization refersTo="memberState">ZAMBIA</organization>
                <organization refersTo="memberState">ZIMBABWE</organization>
              </akn4un:voters>
            </count>
            <count value="4" refersTo="abstaining">
              <akn4un:voters>
                <organization refersTo="memberState">FRANCE</organization>
                <organization refersTo="memberState">ISRAEL</organization>
                <organization refersTo="memberState">LIBERIA</organization>
                <organization refersTo="memberState">UNITED STATES</organization>
              </akn4un:voters>
            </count>
          </voting>
        </parliamentary>
      </analysis>
      <references source="#DGACM">
        <TLCOrganization eId="source" href="/akn/ontology/organization/un/DGACM" showAs="DGACM"></TLCOrganization>
        <TLCConcept eId="dateOfIssuance" href="/akn/ontology/concept/un/dateOfIssuance" showAs="Date of issuance"></TLCConcept>
        <TLCConcept eId="dateOfAdoption" href="/akn/ontology/concept/un/dateOfAdoption" showAs="Date of adoption"></TLCConcept>
        <TLCConcept eId="symbol" href="/akn/ontology/reference/un/symbol" showAs="Symbol"></TLCConcept>
        <TLCRole eId="publisher" href="/akn/ontology/role/un/publisher" showAs="Publisher"></TLCRole>
        <TLCRole eId="issuingBody" href="/akn/role/concept/un/issuingBody" showAs="Issuing body"></TLCRole>
        <TLCRole eId="author" href="/akn/ontology/role/un/author" showAs="Author"></TLCRole>
        <TLCRole eId="editor" href="/akn/ontology/role/un/editor" showAs="Editor"></TLCRole>
        <TLCRole eId="distribution" href="/akn/ontology/concept/un/generalDistribution" showAs="General distribution"></TLCRole>
        <TLCOrganization eId="ga" href="/akn/ontology/organization/un/generalAssembly" showAs="General Assembly"></TLCOrganization>
        <TLCTerm eId="resolutionTitle" href="/akn/ontology/reference/un/resolutionTitle" showAs="Resolution title"></TLCTerm>
        <TLCTerm eId="firstCommittee" href="#firstCommittee" showAs="First Committee"></TLCTerm>
        <TLCTerm eId="memberState" href="/akn/ontology/organization/un/memberState" showAs="Member State"></TLCTerm>
        <TLCTerm eId="inFavour" href="/akn/ontology/concept/un/voting/inFavour" showAs="In favour"></TLCTerm>
        <TLCTerm eId="against" href="/akn/ontology/concept/un/voting/against" showAs="Against"></TLCTerm>
        <TLCTerm eId="abstaining" href="/akn/ontology/concept/un/voting/abstaining" showAs="Abstaining"></TLCTerm>
      </references>
      <presentation source="#un">
        <akn4un:footerFirstPage>
          <akn4un:footerFirstPageLeft>
            <akn4un:internalCode>
              <docketNumber refersTo="#publicationJobNumber">19-21845 (E)</docketNumber>
              <img alt="bar code" class="barCode" src=""></img>
            </akn4un:internalCode>
          </akn4un:footerFirstPageLeft>
          <akn4un:footerFirstPageRight>
            <img alt="Please recycle" class="image" src="./recylcleLogo.jpg"></img>
            <img alt="embedded QR code" class="qrCode" src=""></img>
          </akn4un:footerFirstPageRight>
        </akn4un:footerFirstPage>
      </presentation>
    </meta>
    <coverPage eId="coverPage_1">
      <p>
        <span refersTo="#publisher" class="upperLeft">
          <docAuthority refersTo="#publisher">United Nations</docAuthority>
        </span>
      </p>
      <p class="upperRight">
        <docNumber refersTo="#symbol">A/RES/74/56</docNumber>
      </p>
      <p class="upperLeft">
        <img src="logo-un.jpg"></img>
        <docAuthority refersTo="#issuingBody" class="rightBig">General Assembly</docAuthority>
      </p>
      <p>
        <docStatus refersTo="#generalDistribution" class="rightSmall">Distr.: General</docStatus>
      </p>
      <p>
        <docDate date="2019-12-20" class="rightSmall" refersTo="#dateOfIssuance">20 December 2019</docDate>
      </p>
      <p>
        <session refersTo="#generalAssembly" value="74" eId="coverPage_1__session_1">Seventy-fourth session</session>
      </p>
      <p>
        <inline name="agenda item">Agenda item 98 (i)</inline>
      </p>
      <p>
        <inline name="agenda item name">General and complete disarmament: convening of the fourth special session of the General Assembly devoted to disarmament</inline>
      </p>
      <p>
        <docTitle>Resolution adopted by the General Assembly on 12 December 2019</docTitle>
      </p>
      <p xml:space="preserve">
        <docProponent refersTo="#firstCommittee">[on the report of the First Committee (<inline name="originating document">A/74/368</inline>)]</docProponent>
      </p>
    </coverPage>
    <preface>
      <p>
        <docNumber>74/56.</docNumber>
        <docTitle refersTo="#resolutionTitle">Convening of the fourth special session of the General Assembly devoted to disarmament</docTitle>
      </p>
    </preface>
    <preamble>
      <formula name="enactingFormula" eId="formula_1">
        <p xml:space="preserve">
          <span class="italic">The General Assembly</span>,</p>
      </formula>
      <container name="Recalling" eId="container_2">
        <p xml:space="preserve">
          <span class="italic">Recalling</span> its resolutions <a href="https://undocs.org/en/A/RES/49/75">49/75</a><a href="https://undocs.org/en/A/RES/49/75"> I</a> of 15 December 1994, <a href="https://undocs.org/en/A/RES/50/70">50/70</a><a href="https://undocs.org/en/A/RES/50/70"> F</a> of 12 December 1995, <a href="https://undocs.org/en/A/RES/51/45">51/45</a><a href="https://undocs.org/en/A/RES/51/45"> C</a> of 10 December 1996, <a href="https://undocs.org/en/A/RES/52/38">52/38</a><a href="https://undocs.org/en/A/RES/52/38"> F</a> of 9 December 1997, <a href="https://undocs.org/en/A/RES/53/77">53/77</a><a href="https://undocs.org/en/A/RES/53/77"> AA</a> of 4 December 1998, <a href="https://undocs.org/en/A/RES/54/54">54/54</a><a href="https://undocs.org/en/A/RES/54/54"> U</a> of 1 December 1999, <a href="https://undocs.org/en/A/RES/55/33">55/33</a><a href="https://undocs.org/en/A/RES/55/33"> M</a> of 20 November 2000, <a href="https://undocs.org/en/A/RES/56/24">56/24 D</a> of 29 November 2001, <a href="https://undocs.org/en/A/RES/57/61">57/61</a> of 22 November 2002, <a href="https://undocs.org/en/A/RES/59/71">59/71</a> of 3 December 2004, <a href="https://undocs.org/en/A/RES/61/60">61/60</a> of 6 December 2006, <a href="https://undocs.org/en/A/RES/62/29">62/29</a> of 5 December 2007, <a href="https://undocs.org/en/A/RES/65/66">65/66</a> of 8 December 2010, <a href="https://undocs.org/en/A/RES/72/49">72/49</a> of 4 December 2017 and <a href="https://undocs.org/en/A/RES/73/42">73/42</a> of 5 December 2018, as well as its decisions 58/521 of 8 December 2003, 60/518 of 8 December 2005, 60/559 of 6 June 2006, 63/519 of 2 December 2008, 64/515 of 2 December 2009 and 70/551 of 23 December 2015,</p>
      </container>
      <container name="Recalling also" eId="container_3">
        <p xml:space="preserve">
          <span class="italic">Recalling also</span> that, there being a consensus to do so in each case, three special sessions of the General Assembly devoted to disarmament were held in 1978, 1982 and 1988, respectively,</p>
      </container>
      <container name="Bearing in mind" eId="container_4">
        <p xml:space="preserve">
          <span class="italic">Bearing in mind</span> the Final Document of the Tenth Special Session of the General Assembly, adopted by consensus at the first special session devoted to disarmament,<authorialNote marker="1" placement="bottom" eId="authorialNote_1"><p xml:space="preserve">	 	Resolution <a href="https://undocs.org/A/RES/S-10/2">S‑10/2</a>.</p></authorialNote></p>
      </container>
      <container name="Bearing in mind also" eId="container_5">
        <p xml:space="preserve">
          <span class="italic">Bearing in mind also</span> the ultimate objective of general and complete disarmament under effective international control,</p>
      </container>
      <container name="Reiterating its conviction" eId="container_6">
        <p xml:space="preserve">
          <span class="italic">Reiterating its conviction</span> that a special session of the General Assembly devoted to disarmament can set the future course of action in the fields of disarmament, arms control, non-proliferation and related international security matters,</p>
      </container>
      <container name="Emphasizing" eId="container_7">
        <p xml:space="preserve">
          <span class="italic">Emphasizing</span> the importance of multilateralism in the process of disarmament, arms control, non-proliferation and related international security matters,</p>
      </container>
      <container name="Recalling" eId="container_8">
        <p xml:space="preserve">
          <span class="italic">Recalling</span> the conclusion of the work of the Open-ended Working Group on the fourth special session of the General Assembly devoted to disarmament to consider the objectives and agenda of the fourth special session, and to adopt its report and substantive recommendations by consensus,<authorialNote marker="2" placement="bottom" eId="authorialNote_2"><p xml:space="preserve"><a href="https://undocs.org/en/A/AC.268/2017/2">A/AC.268/2017/2</a>.</p></authorialNote></p>
      </container>
      <container name="Recalling also" eId="container_9">
        <p xml:space="preserve">
          <span class="italic">Recalling also</span> the report of the Open-ended Working Group and the recommendations contained therein, </p>
      </container>
    </preamble>
    <mainBody>
      <paragraph eId="para_10" class="MercuryDocument">
        <num>	1.</num>
        <content eId="para_10__content">
          <p xml:space="preserve">
            <span class="italic">Recalls</span> the adoption by consensus of the recommendations on the objectives and agenda of the fourth special session of the General Assembly devoted to disarmament by the Open-ended Working Group on the fourth special session of the General Assembly devoted to disarmament, which was established by the Assembly by its resolution <a href="https://undocs.org/en/A/RES/65/66">65/66</a> and its decision 70/551 and which met in New York in 2016 and 2017;</p>
        </content>
      </paragraph>
      <paragraph eId="para_11" class="MercuryDocument">
        <num>	2.</num>
        <content eId="para_11__content">
          <p xml:space="preserve">
            <span class="italic">Also recalls</span> the report of the Open-ended Working Group and the substantive recommendations contained therein;<sup>2</sup></p>
        </content>
      </paragraph>
      <paragraph eId="para_12" class="MercuryDocument">
        <num>	3.</num>
        <content eId="para_12__content">
          <p xml:space="preserve">
            <span class="italic">Reiterates its appreciation</span> to the participants of the Open-ended Working Group for their constructive contribution to its work;</p>
        </content>
      </paragraph>
      <paragraph eId="para_13" class="MercuryDocument">
        <num>	4.</num>
        <content eId="para_13__content">
          <p xml:space="preserve">
            <span class="italic">Encourages</span> Member States to continue consultations on the next steps for the convening of the fourth special session of the General Assembly devoted to disarmament;</p>
        </content>
      </paragraph>
      <paragraph eId="para_14" class="MercuryDocument">
        <num>	5.</num>
        <content eId="para_14__content">
          <p xml:space="preserve">
            <span class="italic">Decides</span> to include in the provisional agenda of its seventy-fifth session, under the item entitled “General and complete disarmament”, the sub-item entitled “Convening of the fourth special session of the General Assembly devoted to disarmament”.</p>
        </content>
      </paragraph>
    </mainBody>
    <conclusions eId="conclusions">
      <p>
        <inline name="adoptionMeeting" title="46th">46th plenary meeting</inline>
        <eol />
        <docDate date="2019-12-12" refersTo="#adoptionDate">12 December 2019</docDate>
      </p>
    </conclusions>
  </statement>
</akomaNtoso>