<akomaNtoso xmlns:xsi="http://www.w3.org/2001/XMLSchema-instance" xsi:schemaLocation="http://docs.oasis-open.org/legaldocml/ns/akn/3.0 http://docs.oasis-open.org/legaldocml/akn-core/v1.0/os/part2-specs/schemas/akomantoso30.xsd" xmlns="http://docs.oasis-open.org/legaldocml/ns/akn/3.0" xmlns:html="http://www.w3.org/1999/xhtml" xmlns:akn4un="http://un.org/akn4un">
  <statement name="resolution">
    <meta>
      <identification source="#DGACM">
        <FRBRWork>
          <FRBRthis value="/akn/un/statement/deliberation/unga/2019-10-15/74-5/!main/"></FRBRthis>
          <FRBRuri value="/akn/un/statement/deliberation/unga/2019-10-15/74-5/"></FRBRuri>
          <FRBRdate date="2019-10-15" name="adoption"></FRBRdate>
          <FRBRauthor href="ga" as="author"></FRBRauthor>
          <FRBRcountry value="un"></FRBRcountry>
        </FRBRWork>
        <FRBRExpression>
          <FRBRthis value="/akn/un/statement/deliberation/unga/2019-10-15/74-5/eng@!main/"></FRBRthis>
          <FRBRuri value="/akn/un/statement/deliberation/unga/2019-10-15/74-5/eng@/"></FRBRuri>
          <FRBRdate date="2019-10-21" name="publication"></FRBRdate>
          <FRBRauthor href="ga" as="issuer"></FRBRauthor>
          <FRBRlanguage language="eng"></FRBRlanguage>
        </FRBRExpression>
        <FRBRManifestation>
          <FRBRthis value="/akn/un/statement/deliberation/unga/2019-10-15/74-5/eng@/!main.xml"></FRBRthis>
          <FRBRuri value="/akn/un/statement/deliberation/unga/2019-10-15/74-5/eng@.xml"></FRBRuri>
          <FRBRdate date="2020-07-22" name="markup"></FRBRdate>
          <FRBRauthor href="DGACM" as="editor"></FRBRauthor>
        </FRBRManifestation>
      </identification>
      <classification source="http://metadata.un.org/sdg">
        <keyword value="10" href="http://metadata.un.org/sdg/10" showAs="sdg_10" dictionary="SDGO"></keyword>
        <keyword value="social_inequality" href="http://eurovoc.europa.eu/1420" showAs="social_inequality" dictionary="EuroVoc"></keyword>
        <keyword value="equality" href="http://metadata.un.org/thesaurus/1002102" showAs="equality" dictionary="UNBIS Thesaurus"></keyword>
      </classification>
      <classification source="http://metadata.un.org/sdg">
        <keyword value="17" href="http://metadata.un.org/sdg/17" showAs="sdg_17" dictionary="SDGO"></keyword>
        <keyword value="sustainable_development" href="http://eurovoc.europa.eu/5585" showAs="sustainable_development" dictionary="EuroVoc"></keyword>
        <keyword value="partnership" href="http://eurovoc.europa.eu/4199" showAs="partnership" dictionary="EuroVoc"></keyword>
        <keyword value="sustainable_development" href="http://metadata.un.org/thesaurus/1006319" showAs="sustainable_development" dictionary="UNBIS Thesaurus"></keyword>
        <keyword value="partnership" href="http://metadata.un.org/thesaurus/1004748" showAs="partnership" dictionary="UNBIS Thesaurus"></keyword>
      </classification>
      <classification source="http://metadata.un.org/sdg">
        <keyword value="16" href="http://metadata.un.org/sdg/16" showAs="sdg_16" dictionary="SDGO"></keyword>
        <keyword value="right_to_justice" href="http://eurovoc.europa.eu/516" showAs="right_to_justice" dictionary="EuroVoc"></keyword>
        <keyword value="sustainable_development" href="http://eurovoc.europa.eu/5585" showAs="sustainable_development" dictionary="EuroVoc"></keyword>
        <keyword value="civil_society" href="http://metadata.un.org/thesaurus/1001012" showAs="civil_society" dictionary="UNBIS Thesaurus"></keyword>
        <keyword value="justice" href="http://metadata.un.org/thesaurus/1003500" showAs="justice" dictionary="UNBIS Thesaurus"></keyword>
        <keyword value="peaceful_coexistence" href="http://metadata.un.org/thesaurus/1004777" showAs="peaceful_coexistence" dictionary="UNBIS Thesaurus"></keyword>
        <keyword value="public_institutions" href="http://metadata.un.org/thesaurus/1005254" showAs="public_institutions" dictionary="UNBIS Thesaurus"></keyword>
        <keyword value="social_justice" href="http://metadata.un.org/thesaurus/1005970" showAs="social_justice" dictionary="UNBIS Thesaurus"></keyword>
        <keyword value="sustainable_development" href="http://metadata.un.org/thesaurus/1006319" showAs="sustainable_development" dictionary="UNBIS Thesaurus"></keyword>
      </classification>
      <workflow source="#un">
        <step date="2019-09-30" outcome="draftResolution" as="A/74/L.1" by="Argentina, Canada, Costa Rica, Liberia, Sierra Leone and Ukraine" />
        <step date="0001-01-01" outcome="draftResolutionAdditionalSponsors" by="Armenia, Benin, Central African Republic, Colombia, Comoros, Cuba, Côte d'Ivoire, Eswatini, Greece, Grenada, Guinea, Ireland, Mali, Morocco, Nigeria, Norway, Paraguay, Philippines, Senegal, Serbia, Tunisia, Uganda and Uruguay" />
        <step date="0001-01-01" outcome="recommendedForAdoption" by="" />
        <step date="2019-10-15" outcome="adopted" as="A/74/PV.15" by="" />
      </workflow>
      <analysis source="#un">
        <parliamentary>
          <voting outcome="adoptedWithoutVote">
            <quorum value=""></quorum>
          </voting>
        </parliamentary>
      </analysis>
      <references source="#DGACM">
        <TLCOrganization eId="source" href="/akn/ontology/organization/un/DGACM" showAs="DGACM"></TLCOrganization>
        <TLCConcept eId="dateOfIssuance" href="/akn/ontology/concept/un/dateOfIssuance" showAs="Date of issuance"></TLCConcept>
        <TLCConcept eId="dateOfAdoption" href="/akn/ontology/concept/un/dateOfAdoption" showAs="Date of adoption"></TLCConcept>
        <TLCConcept eId="symbol" href="/akn/ontology/reference/un/symbol" showAs="Symbol"></TLCConcept>
        <TLCRole eId="publisher" href="/akn/ontology/role/un/publisher" showAs="Publisher"></TLCRole>
        <TLCRole eId="issuingBody" href="/akn/role/concept/un/issuingBody" showAs="Issuing body"></TLCRole>
        <TLCRole eId="author" href="/akn/ontology/role/un/author" showAs="Author"></TLCRole>
        <TLCRole eId="editor" href="/akn/ontology/role/un/editor" showAs="Editor"></TLCRole>
        <TLCRole eId="distribution" href="/akn/ontology/concept/un/generalDistribution" showAs="General distribution"></TLCRole>
        <TLCOrganization eId="ga" href="/akn/ontology/organization/un/generalAssembly" showAs="General Assembly"></TLCOrganization>
        <TLCTerm eId="resolutionTitle" href="/akn/ontology/reference/un/resolutionTitle" showAs="Resolution title"></TLCTerm>
        <TLCTerm eId="noMainCommittee" href="#noMainCommittee" showAs="Without reference to a main committee"></TLCTerm>
        <TLCTerm eId="memberState" href="/akn/ontology/organization/un/memberState" showAs="Member State"></TLCTerm>
        <TLCTerm eId="inFavour" href="/akn/ontology/concept/un/voting/inFavour" showAs="In favour"></TLCTerm>
        <TLCTerm eId="against" href="/akn/ontology/concept/un/voting/against" showAs="Against"></TLCTerm>
        <TLCTerm eId="abstaining" href="/akn/ontology/concept/un/voting/abstaining" showAs="Abstaining"></TLCTerm>
      </references>
      <presentation source="#un">
        <akn4un:footerFirstPage>
          <akn4un:footerFirstPageLeft>
            <akn4un:internalCode>
              <docketNumber refersTo="#publicationJobNumber">19-17863 (E)</docketNumber>
              <img alt="bar code" class="barCode" src=""></img>
            </akn4un:internalCode>
          </akn4un:footerFirstPageLeft>
          <akn4un:footerFirstPageRight>
            <img alt="Please recycle" class="image" src="./recylcleLogo.jpg"></img>
            <img alt="embedded QR code" class="qrCode" src=""></img>
          </akn4un:footerFirstPageRight>
        </akn4un:footerFirstPage>
      </presentation>
    </meta>
    <coverPage eId="coverPage_1">
      <p>
        <span refersTo="#publisher" class="upperLeft">
          <docAuthority refersTo="#publisher">United Nations</docAuthority>
        </span>
      </p>
      <p class="upperRight">
        <docNumber refersTo="#symbol">A/RES/74/5</docNumber>
      </p>
      <p class="upperLeft">
        <img src="logo-un.jpg"></img>
        <docAuthority refersTo="#issuingBody" class="rightBig">General Assembly</docAuthority>
      </p>
      <p>
        <docStatus refersTo="#generalDistribution" class="rightSmall">Distr.: General</docStatus>
      </p>
      <p>
        <docDate date="2019-10-21" class="rightSmall" refersTo="#dateOfIssuance">21 October 2019</docDate>
      </p>
      <p>
        <session refersTo="#generalAssembly" value="74" eId="coverPage_1__session_1">Seventy-fourth session</session>
      </p>
      <p>
        <inline name="agenda item">Agenda item 14</inline>
      </p>
      <p>
        <inline name="agenda item name">Integrated and coordinated implementation of and follow-up to the outcomes of the major United Nations conferences and summits in the economic, social and related fields</inline>
      </p>
      <p>
        <docTitle>Resolution adopted by the General Assembly on 15 October 2019</docTitle>
      </p>
      <p xml:space="preserve">
        <docProponent refersTo="#noMainCommittee">[without reference to a Main Committee (<inline name="originating document">A/74/L.1 and A/74/L.1/Add.1</inline>)]</docProponent>
      </p>
    </coverPage>
    <preface>
      <p>
        <docNumber>74/5.</docNumber>
        <docTitle refersTo="#resolutionTitle">Proclamation of 28 September as the International Day for Universal Access to Information</docTitle>
      </p>
    </preface>
    <preamble>
      <formula name="enactingFormula" eId="formula_1">
        <p xml:space="preserve">
          <span class="italic">The General Assembly</span>,</p>
      </formula>
      <container name="Recalling" eId="container_2">
        <p xml:space="preserve">
          <span class="italic">Recalling</span> that the right to seek, receive and impart information is an integral part of the right to freedom of expression, as defined in article 19 of the Universal Declaration of Human Rights<authorialNote marker="1" placement="bottom" eId="authorialNote_1"><p xml:space="preserve">	 	Resolution <a href="https://undocs.org//A/RES/217 (III)">217 A (III)</a>.</p></authorialNote> and article 19 of the International Covenant on Civil and Political Rights,<authorialNote marker="2" placement="bottom" eId="authorialNote_2"><p xml:space="preserve">	 	See resolution <a href="https://undocs.org//A/RES/2200 (XXI)">2200 A (XXI)</a>, annex.</p></authorialNote></p>
      </container>
      <container name="Reaffirming" eId="container_3">
        <p xml:space="preserve">
          <span class="italic">Reaffirming</span> the purposes and principles enshrined in the Charter of the United Nations and the Universal Declaration of Human Rights,</p>
      </container>
      <container name="Recalling" eId="container_4">
        <p xml:space="preserve">
          <span class="italic">Recalling</span> resolution 57 adopted on 17 November 2015 by the General Conference of the United Nations Educational, Scientific and Cultural Organization at its thirty-eighth session,<authorialNote marker="3" placement="bottom" eId="authorialNote_3"><p xml:space="preserve">	 	See United Nations Educational, Scientific and Cultural Organization, <span class="italic">Records of the General Conference, Thirty-eighth Session, Paris, 3–18 November 2015</span>, vol. 1, <span class="italic">Resolutions</span>, sect. IV.</p></authorialNote></p>
      </container>
      <container name="Stressing" eId="container_5">
        <p xml:space="preserve">
          <span class="italic">Stressing</span> that freedom of information is also central in the context of the World Summit on the Information Society, which reaffirmed freedom of expression and universal access to information as cornerstones of inclusive knowledge societies,</p>
      </container>
      <container name="Stressing also" eId="container_6">
        <p xml:space="preserve">
          <span class="italic">Stressing also</span> the importance of full respect for the freedom of opinion and expression, including the right to seek, receive and impart information, and the fundamental importance of access to information and ideas through any media, and democratic participation,</p>
      </container>
      <container name="Noting" eId="container_7">
        <p xml:space="preserve">
          <span class="italic">Noting</span> that in the declaration by the African Platform on Access to Information, adopted at the Pan-African Conference on Access to Information, organized by the Windhoek+20 Campaign on Access to Information in Africa in partnership with the United Nations Educational, Scientific and Cultural Organization, the African Union Commission and the Special Rapporteur on Freedom of Expression and Access to Information in Africa of the African Commission on Human and Peoples’ Rights in Cape Town, South Africa, from 17 to 19 September 2011, the right to information was recognized as a human right and also as fundamental to development,</p>
      </container>
      <container name="Recalling" eId="container_8">
        <p xml:space="preserve">
          <span class="italic">Recalling</span> article 6 of the Declaration on the Right and Responsibility of Individuals, Groups and Organs of Society to Promote and Protect Universally Recognized Human Rights and Fundamental Freedoms, adopted by the General Assembly in its resolution <a href="https://undocs.org/en/A/RES/53/144">53/144</a> of 9 December 1998,</p>
      </container>
      <container name="Bearing in mind" eId="container_9">
        <p xml:space="preserve">
          <span class="italic">Bearing in mind</span> the efforts of the United Nations Educational, Scientific and Cultural Organization to highlight the relevance and importance of the right to information in the Brisbane Declaration, adopted at the International Conference on Freedom of Information: the Right to Know, held in May 2010,</p>
      </container>
      <container name="Reaffirming" eId="container_10">
        <p xml:space="preserve">
          <span class="italic">Reaffirming</span> the 2030 Agenda for Sustainable Development, adopted by the General Assembly in its resolution <a href="https://undocs.org/en/A/RES/70/1">70/1</a> of 25 September 2015, and the commitments made therein to, inter alia, promote peaceful and inclusive societies for sustainable development, including by ensuring public access to information and protecting fundamental freedoms, in accordance with national legislation and international agreements,</p>
      </container>
      <container name="Considering" eId="container_11">
        <p xml:space="preserve">
          <span class="italic">Considering</span> that several civil society organizations and government bodies in the world have adopted and currently celebrate 28 September as the International Day for Universal Access to Information,</p>
      </container>
      <container name="Taking note" eId="container_12">
        <p xml:space="preserve">
          <span class="italic">Taking note</span> of the principles established in the declaration by the African Platform on Access to Information, and recognizing that these principles can play a crucial role in development, democracy, equality and the delivery of public services,</p>
      </container>
    </preamble>
    <mainBody>
      <paragraph eId="para_13" class="SingleTxt">
        <num>	1.</num>
        <content eId="para_13__content">
          <p xml:space="preserve">
            <span class="italic">Proclaims</span> 28 September as the International Day for Universal Access to Information;</p>
        </content>
      </paragraph>
      <paragraph eId="para_14" class="SingleTxt">
        <num>	2.</num>
        <content eId="para_14__content">
          <p xml:space="preserve">
            <span class="italic">Invites</span> all Member States, organizations of the United Nations system and other international and regional organizations, as well as civil society, including non‑governmental organizations and individuals, to celebrate the International Day in a manner that each considers most appropriate, with the cost to be met exclusively from voluntary contributions.</p>
        </content>
      </paragraph>
    </mainBody>
    <conclusions eId="conclusions">
      <p>
        <inline name="adoptionMeeting" title="15th">15th plenary meeting</inline>
        <eol />
        <docDate date="2019-10-15" refersTo="#adoptionDate">15 October 2019</docDate>
      </p>
    </conclusions>
  </statement>
</akomaNtoso>