<akomaNtoso xmlns:xsi="http://www.w3.org/2001/XMLSchema-instance" xsi:schemaLocation="http://docs.oasis-open.org/legaldocml/ns/akn/3.0 http://docs.oasis-open.org/legaldocml/akn-core/v1.0/os/part2-specs/schemas/akomantoso30.xsd" xmlns="http://docs.oasis-open.org/legaldocml/ns/akn/3.0" xmlns:html="http://www.w3.org/1999/xhtml" xmlns:akn4un="http://un.org/akn4un">
  <statement name="resolution">
    <meta>
      <identification source="#DGACM">
        <FRBRWork>
          <FRBRthis value="/akn/un/statement/deliberation/unga/2019-12-12/74-67/!main/"></FRBRthis>
          <FRBRuri value="/akn/un/statement/deliberation/unga/2019-12-12/74-67/"></FRBRuri>
          <FRBRdate date="2019-12-12" name="adoption"></FRBRdate>
          <FRBRauthor href="ga" as="author"></FRBRauthor>
          <FRBRcountry value="un"></FRBRcountry>
        </FRBRWork>
        <FRBRExpression>
          <FRBRthis value="/akn/un/statement/deliberation/unga/2019-12-12/74-67/eng@!main/"></FRBRthis>
          <FRBRuri value="/akn/un/statement/deliberation/unga/2019-12-12/74-67/eng@/"></FRBRuri>
          <FRBRdate date="2019-12-20" name="publication"></FRBRdate>
          <FRBRauthor href="ga" as="issuer"></FRBRauthor>
          <FRBRlanguage language="eng"></FRBRlanguage>
        </FRBRExpression>
        <FRBRManifestation>
          <FRBRthis value="/akn/un/statement/deliberation/unga/2019-12-12/74-67/eng@/!main.xml"></FRBRthis>
          <FRBRuri value="/akn/un/statement/deliberation/unga/2019-12-12/74-67/eng@.xml"></FRBRuri>
          <FRBRdate date="2020-07-30" name="markup"></FRBRdate>
          <FRBRauthor href="DGACM" as="editor"></FRBRauthor>
        </FRBRManifestation>
      </identification>
      <classification source="http://metadata.un.org/sdg">
        <keyword value="2.a" href="http://metadata.un.org/sdg/2.a" showAs="sdg_2.a" dictionary="SDGO"></keyword>
        <keyword value="agricultural_policy" href="http://eurovoc.europa.eu/2442" showAs="agricultural_policy" dictionary="EuroVoc"></keyword>
        <keyword value="economic_policy" href="http://eurovoc.europa.eu/2497" showAs="economic_policy" dictionary="EuroVoc"></keyword>
        <keyword value="power_of_implementation" href="http://eurovoc.europa.eu/2577" showAs="power_of_implementation" dictionary="EuroVoc"></keyword>
        <keyword value="agricultural_policy" href="http://metadata.un.org/thesaurus/1000150" showAs="agricultural_policy" dictionary="UNBIS Thesaurus"></keyword>
        <keyword value="economic_policy" href="http://metadata.un.org/thesaurus/1001863" showAs="economic_policy" dictionary="UNBIS Thesaurus"></keyword>
      </classification>
      <workflow source="#un">
        <step date="2019-10-18" outcome="draftResolution" as="A/C.1/74/L.60" by="China, Cuba, Russian Federation, Suriname and Syrian Arab Republic" />
        <step date="0001-01-01" outcome="draftResolutionAdditionalSponsors" by="Angola, Armenia, Belarus, Bolivia (Plurinational State of), Burundi, Kazakhstan, Kyrgyzstan, Madagascar, Malawi, Mongolia, Myanmar, Namibia, Nicaragua, South Africa, Tajikistan, Uzbekistan and Venezuela (Bolivarian Republic of)" />
        <step date="0001-01-01" outcome="recommendedForAdoption" as="A/74/368" by="" refersTo="89" />
        <step date="2019-12-12" outcome="adopted" as="A/74/PV.46" by="" />
      </workflow>
      <analysis source="#un">
        <parliamentary>
          <voting outcome="adoptedRecordedVote">
            <count value="173" refersTo="inFavour">
              <akn4un:voters>
                <organization refersTo="memberState">AFGHANISTAN</organization>
                <organization refersTo="memberState">ALBANIA</organization>
                <organization refersTo="memberState">ALGERIA</organization>
                <organization refersTo="memberState">ANDORRA</organization>
                <organization refersTo="memberState">ANGOLA</organization>
                <organization refersTo="memberState">ANTIGUA AND BARBUDA</organization>
                <organization refersTo="memberState">ARGENTINA</organization>
                <organization refersTo="memberState">ARMENIA</organization>
                <organization refersTo="memberState">AUSTRIA</organization>
                <organization refersTo="memberState">AZERBAIJAN</organization>
                <organization refersTo="memberState">BAHAMAS</organization>
                <organization refersTo="memberState">BAHRAIN</organization>
                <organization refersTo="memberState">BANGLADESH</organization>
                <organization refersTo="memberState">BARBADOS</organization>
                <organization refersTo="memberState">BELARUS</organization>
                <organization refersTo="memberState">BELGIUM</organization>
                <organization refersTo="memberState">BELIZE</organization>
                <organization refersTo="memberState">BENIN</organization>
                <organization refersTo="memberState">BHUTAN</organization>
                <organization refersTo="memberState">BOSNIA AND HERZEGOVINA</organization>
                <organization refersTo="memberState">BOTSWANA</organization>
                <organization refersTo="memberState">BRAZIL</organization>
                <organization refersTo="memberState">BRUNEI DARUSSALAM</organization>
                <organization refersTo="memberState">BULGARIA</organization>
                <organization refersTo="memberState">BURKINA FASO</organization>
                <organization refersTo="memberState">BURUNDI</organization>
                <organization refersTo="memberState">CABO VERDE</organization>
                <organization refersTo="memberState">CAMBODIA</organization>
                <organization refersTo="memberState">CAMEROON</organization>
                <organization refersTo="memberState">CANADA</organization>
                <organization refersTo="memberState">CENTRAL AFRICAN REPUBLIC</organization>
                <organization refersTo="memberState">CHAD</organization>
                <organization refersTo="memberState">CHILE</organization>
                <organization refersTo="memberState">CHINA</organization>
                <organization refersTo="memberState">COLOMBIA</organization>
                <organization refersTo="memberState">COMOROS</organization>
                <organization refersTo="memberState">CONGO</organization>
                <organization refersTo="memberState">COSTA RICA</organization>
                <organization refersTo="memberState">COTE D'IVOIRE</organization>
                <organization refersTo="memberState">CROATIA</organization>
                <organization refersTo="memberState">CUBA</organization>
                <organization refersTo="memberState">CYPRUS</organization>
                <organization refersTo="memberState">CZECHIA</organization>
                <organization refersTo="memberState">DEMOCRATIC PEOPLE'S REPUBLIC OF KOREA</organization>
                <organization refersTo="memberState">DEMOCRATIC REPUBLIC OF THE CONGO</organization>
                <organization refersTo="memberState">DENMARK</organization>
                <organization refersTo="memberState">DJIBOUTI</organization>
                <organization refersTo="memberState">DOMINICAN REPUBLIC</organization>
                <organization refersTo="memberState">ECUADOR</organization>
                <organization refersTo="memberState">EGYPT</organization>
                <organization refersTo="memberState">EL SALVADOR</organization>
                <organization refersTo="memberState">ERITREA</organization>
                <organization refersTo="memberState">ESTONIA</organization>
                <organization refersTo="memberState">ESWATINI</organization>
                <organization refersTo="memberState">ETHIOPIA</organization>
                <organization refersTo="memberState">FIJI</organization>
                <organization refersTo="memberState">FINLAND</organization>
                <organization refersTo="memberState">FRANCE</organization>
                <organization refersTo="memberState">GABON</organization>
                <organization refersTo="memberState">GAMBIA</organization>
                <organization refersTo="memberState">GERMANY</organization>
                <organization refersTo="memberState">GHANA</organization>
                <organization refersTo="memberState">GREECE</organization>
                <organization refersTo="memberState">GRENADA</organization>
                <organization refersTo="memberState">GUATEMALA</organization>
                <organization refersTo="memberState">GUINEA-BISSAU</organization>
                <organization refersTo="memberState">GUYANA</organization>
                <organization refersTo="memberState">HONDURAS</organization>
                <organization refersTo="memberState">HUNGARY</organization>
                <organization refersTo="memberState">ICELAND</organization>
                <organization refersTo="memberState">INDIA</organization>
                <organization refersTo="memberState">INDONESIA</organization>
                <organization refersTo="memberState">IRAN (ISLAMIC REPUBLIC OF)</organization>
                <organization refersTo="memberState">IRAQ</organization>
                <organization refersTo="memberState">IRELAND</organization>
                <organization refersTo="memberState">ITALY</organization>
                <organization refersTo="memberState">JAMAICA</organization>
                <organization refersTo="memberState">JAPAN</organization>
                <organization refersTo="memberState">JORDAN</organization>
                <organization refersTo="memberState">KAZAKHSTAN</organization>
                <organization refersTo="memberState">KENYA</organization>
                <organization refersTo="memberState">KIRIBATI</organization>
                <organization refersTo="memberState">KUWAIT</organization>
                <organization refersTo="memberState">KYRGYZSTAN</organization>
                <organization refersTo="memberState">LAO PEOPLE'S DEMOCRATIC REPUBLIC</organization>
                <organization refersTo="memberState">LATVIA</organization>
                <organization refersTo="memberState">LEBANON</organization>
                <organization refersTo="memberState">LESOTHO</organization>
                <organization refersTo="memberState">LIBYA</organization>
                <organization refersTo="memberState">LIECHTENSTEIN</organization>
                <organization refersTo="memberState">LITHUANIA</organization>
                <organization refersTo="memberState">LUXEMBOURG</organization>
                <organization refersTo="memberState">MADAGASCAR</organization>
                <organization refersTo="memberState">MALAWI</organization>
                <organization refersTo="memberState">MALAYSIA</organization>
                <organization refersTo="memberState">MALDIVES</organization>
                <organization refersTo="memberState">MALI</organization>
                <organization refersTo="memberState">MALTA</organization>
                <organization refersTo="memberState">MAURITANIA</organization>
                <organization refersTo="memberState">MAURITIUS</organization>
                <organization refersTo="memberState">MEXICO</organization>
                <organization refersTo="memberState">MONACO</organization>
                <organization refersTo="memberState">MONGOLIA</organization>
                <organization refersTo="memberState">MONTENEGRO</organization>
                <organization refersTo="memberState">MOROCCO</organization>
                <organization refersTo="memberState">MOZAMBIQUE</organization>
                <organization refersTo="memberState">MYANMAR</organization>
                <organization refersTo="memberState">NAMIBIA</organization>
                <organization refersTo="memberState">NEPAL</organization>
                <organization refersTo="memberState">NETHERLANDS</organization>
                <organization refersTo="memberState">NEW ZEALAND</organization>
                <organization refersTo="memberState">NICARAGUA</organization>
                <organization refersTo="memberState">NIGER</organization>
                <organization refersTo="memberState">NIGERIA</organization>
                <organization refersTo="memberState">NORTH MACEDONIA</organization>
                <organization refersTo="memberState">NORWAY</organization>
                <organization refersTo="memberState">OMAN</organization>
                <organization refersTo="memberState">PAKISTAN</organization>
                <organization refersTo="memberState">PANAMA</organization>
                <organization refersTo="memberState">PARAGUAY</organization>
                <organization refersTo="memberState">PERU</organization>
                <organization refersTo="memberState">PHILIPPINES</organization>
                <organization refersTo="memberState">POLAND</organization>
                <organization refersTo="memberState">PORTUGAL</organization>
                <organization refersTo="memberState">QATAR</organization>
                <organization refersTo="memberState">REPUBLIC OF KOREA</organization>
                <organization refersTo="memberState">REPUBLIC OF MOLDOVA</organization>
                <organization refersTo="memberState">ROMANIA</organization>
                <organization refersTo="memberState">RUSSIAN FEDERATION</organization>
                <organization refersTo="memberState">RWANDA</organization>
                <organization refersTo="memberState">SAINT KITTS AND NEVIS</organization>
                <organization refersTo="memberState">SAINT LUCIA</organization>
                <organization refersTo="memberState">SAINT VINCENT AND THE GRENADINES</organization>
                <organization refersTo="memberState">SAMOA</organization>
                <organization refersTo="memberState">SAN MARINO</organization>
                <organization refersTo="memberState">SAO TOME AND PRINCIPE</organization>
                <organization refersTo="memberState">SAUDI ARABIA</organization>
                <organization refersTo="memberState">SENEGAL</organization>
                <organization refersTo="memberState">SERBIA</organization>
                <organization refersTo="memberState">SEYCHELLES</organization>
                <organization refersTo="memberState">SIERRA LEONE</organization>
                <organization refersTo="memberState">SINGAPORE</organization>
                <organization refersTo="memberState">SLOVAKIA</organization>
                <organization refersTo="memberState">SLOVENIA</organization>
                <organization refersTo="memberState">SOLOMON ISLANDS</organization>
                <organization refersTo="memberState">SOUTH AFRICA</organization>
                <organization refersTo="memberState">SOUTH SUDAN</organization>
                <organization refersTo="memberState">SPAIN</organization>
                <organization refersTo="memberState">SRI LANKA</organization>
                <organization refersTo="memberState">SUDAN</organization>
                <organization refersTo="memberState">SURINAME</organization>
                <organization refersTo="memberState">SWEDEN</organization>
                <organization refersTo="memberState">SWITZERLAND</organization>
                <organization refersTo="memberState">SYRIAN ARAB REPUBLIC</organization>
                <organization refersTo="memberState">TAJIKISTAN</organization>
                <organization refersTo="memberState">THAILAND</organization>
                <organization refersTo="memberState">TIMOR-LESTE</organization>
                <organization refersTo="memberState">TOGO</organization>
                <organization refersTo="memberState">TRINIDAD AND TOBAGO</organization>
                <organization refersTo="memberState">TUNISIA</organization>
                <organization refersTo="memberState">TURKEY</organization>
                <organization refersTo="memberState">TURKMENISTAN</organization>
                <organization refersTo="memberState">UGANDA</organization>
                <organization refersTo="memberState">UNITED ARAB EMIRATES</organization>
                <organization refersTo="memberState">UNITED REPUBLIC OF TANZANIA</organization>
                <organization refersTo="memberState">URUGUAY</organization>
                <organization refersTo="memberState">UZBEKISTAN</organization>
                <organization refersTo="memberState">VANUATU</organization>
                <organization refersTo="memberState">VENEZUELA (BOLIVARIAN REPUBLIC OF)</organization>
                <organization refersTo="memberState">VIET NAM</organization>
                <organization refersTo="memberState">YEMEN</organization>
                <organization refersTo="memberState">ZAMBIA</organization>
                <organization refersTo="memberState">ZIMBABWE</organization>
              </akn4un:voters>
            </count>
            <count value="2" refersTo="against">
              <akn4un:voters>
                <organization refersTo="memberState">ISRAEL</organization>
                <organization refersTo="memberState">UNITED STATES</organization>
              </akn4un:voters>
            </count>
            <count value="6" refersTo="abstaining">
              <akn4un:voters>
                <organization refersTo="memberState">AUSTRALIA</organization>
                <organization refersTo="memberState">GEORGIA</organization>
                <organization refersTo="memberState">LIBERIA</organization>
                <organization refersTo="memberState">PALAU</organization>
                <organization refersTo="memberState">UKRAINE</organization>
                <organization refersTo="memberState">UNITED KINGDOM</organization>
              </akn4un:voters>
            </count>
          </voting>
        </parliamentary>
      </analysis>
      <references source="#DGACM">
        <TLCOrganization eId="source" href="/akn/ontology/organization/un/DGACM" showAs="DGACM"></TLCOrganization>
        <TLCConcept eId="dateOfIssuance" href="/akn/ontology/concept/un/dateOfIssuance" showAs="Date of issuance"></TLCConcept>
        <TLCConcept eId="dateOfAdoption" href="/akn/ontology/concept/un/dateOfAdoption" showAs="Date of adoption"></TLCConcept>
        <TLCConcept eId="symbol" href="/akn/ontology/reference/un/symbol" showAs="Symbol"></TLCConcept>
        <TLCRole eId="publisher" href="/akn/ontology/role/un/publisher" showAs="Publisher"></TLCRole>
        <TLCRole eId="issuingBody" href="/akn/role/concept/un/issuingBody" showAs="Issuing body"></TLCRole>
        <TLCRole eId="author" href="/akn/ontology/role/un/author" showAs="Author"></TLCRole>
        <TLCRole eId="editor" href="/akn/ontology/role/un/editor" showAs="Editor"></TLCRole>
        <TLCRole eId="distribution" href="/akn/ontology/concept/un/generalDistribution" showAs="General distribution"></TLCRole>
        <TLCOrganization eId="ga" href="/akn/ontology/organization/un/generalAssembly" showAs="General Assembly"></TLCOrganization>
        <TLCTerm eId="resolutionTitle" href="/akn/ontology/reference/un/resolutionTitle" showAs="Resolution title"></TLCTerm>
        <TLCTerm eId="firstCommittee" href="#firstCommittee" showAs="First Committee"></TLCTerm>
        <TLCTerm eId="memberState" href="/akn/ontology/organization/un/memberState" showAs="Member State"></TLCTerm>
        <TLCTerm eId="inFavour" href="/akn/ontology/concept/un/voting/inFavour" showAs="In favour"></TLCTerm>
        <TLCTerm eId="against" href="/akn/ontology/concept/un/voting/against" showAs="Against"></TLCTerm>
        <TLCTerm eId="abstaining" href="/akn/ontology/concept/un/voting/abstaining" showAs="Abstaining"></TLCTerm>
      </references>
      <presentation source="#un">
        <akn4un:footerFirstPage>
          <akn4un:footerFirstPageLeft>
            <akn4un:internalCode>
              <docketNumber refersTo="#publicationJobNumber">19-21868 (E)</docketNumber>
              <img alt="bar code" class="barCode" src=""></img>
            </akn4un:internalCode>
          </akn4un:footerFirstPageLeft>
          <akn4un:footerFirstPageRight>
            <img alt="Please recycle" class="image" src="./recylcleLogo.jpg"></img>
            <img alt="embedded QR code" class="qrCode" src=""></img>
          </akn4un:footerFirstPageRight>
        </akn4un:footerFirstPage>
      </presentation>
    </meta>
    <coverPage eId="coverPage_1">
      <p>
        <span refersTo="#publisher" class="upperLeft">
          <docAuthority refersTo="#publisher">United Nations</docAuthority>
        </span>
      </p>
      <p class="upperRight">
        <docNumber refersTo="#symbol">A/RES/74/67</docNumber>
      </p>
      <p class="upperLeft">
        <img src="logo-un.jpg"></img>
        <docAuthority refersTo="#issuingBody" class="rightBig">General Assembly</docAuthority>
      </p>
      <p>
        <docStatus refersTo="#generalDistribution" class="rightSmall">Distr.: General</docStatus>
      </p>
      <p>
        <docDate date="2019-12-20" class="rightSmall" refersTo="#dateOfIssuance">20 December 2019</docDate>
      </p>
      <p>
        <session refersTo="#generalAssembly" value="74" eId="coverPage_1__session_1">Seventy-fourth session</session>
      </p>
      <p>
        <inline name="agenda item">Agenda item 98 (w)</inline>
      </p>
      <p>
        <inline name="agenda item name">General and complete disarmament: transparency and confidence-building measures in outer space activities</inline>
      </p>
      <p>
        <docTitle>Resolution adopted by the General Assembly on 12 December 2019</docTitle>
      </p>
      <p xml:space="preserve">
        <docProponent refersTo="#firstCommittee">[on the report of the First Committee (<inline name="originating document">A/74/368</inline>)]</docProponent>
      </p>
    </coverPage>
    <preface>
      <p>
        <docNumber>74/67.</docNumber>
        <docTitle refersTo="#resolutionTitle">Transparency and confidence-building measures in outer space activities</docTitle>
      </p>
    </preface>
    <preamble>
      <formula name="enactingFormula" eId="formula_1">
        <p xml:space="preserve">
          <span class="italic">The General Assembly</span>,</p>
      </formula>
      <container name="Recalling" eId="container_2">
        <p xml:space="preserve">
          <span class="italic">Recalling</span> its resolutions <a href="https://undocs.org/en/A/RES/60/66">60/66</a> of 8 December 2005, <a href="https://undocs.org/en/A/RES/61/75">61/75</a> of 6 December 2006, <a href="https://undocs.org/en/A/RES/62/43">62/43</a> of 5 December 2007, <a href="https://undocs.org/en/A/RES/63/68">63/68</a> of 2 December 2008, <a href="https://undocs.org/en/A/RES/64/49">64/49</a> of 2 December 2009, <a href="https://undocs.org/en/A/RES/65/68">65/68</a> of 8 December 2010, <a href="https://undocs.org/en/A/RES/68/50">68/50</a> of 5 December 2013, <a href="https://undocs.org/en/A/RES/69/38">69/38</a> of 2 December 2014, <a href="https://undocs.org/en/A/RES/70/53">70/53</a> of 7 December 2015, <a href="https://undocs.org/en/A/RES/71/42">71/42</a> of 5 December 2016, <a href="https://undocs.org/en/A/RES/71/90">71/90</a> of 6 December 2016, <a href="https://undocs.org/en/A/RES/72/56">72/56</a> of 4 December 2017 and <a href="https://undocs.org/en/A/RES/73/72">73/72</a> of 5 December 2018, as well as its decision 66/517 of 2 December 2011,</p>
      </container>
      <container name="Recalling also" eId="container_3">
        <p xml:space="preserve">
          <span class="italic">Recalling also</span> the report of the Secretary-General of 15 October 1993 to the General Assembly at its forty-eighth session, the annex to which contains the study by governmental experts on the application of confidence-building measures in outer space,<authorialNote marker="1" placement="bottom" eId="authorialNote_1"><p xml:space="preserve"><a href="https://undocs.org/en/A/48/305">A/48/305</a> and <a href="https://undocs.org/en/A/48/305/Corr.1">A/48/305/Corr.1</a>.</p></authorialNote></p>
      </container>
      <container name="Reaffirming" eId="container_4">
        <p xml:space="preserve">
          <span class="italic">Reaffirming</span> the right of all countries to explore and use outer space in accordance with international law,</p>
      </container>
      <container name="Reaffirming also" eId="container_5">
        <p xml:space="preserve">
          <span class="italic">Reaffirming also</span> that preventing an arms race in outer space is in the interest of maintaining international peace and security and is an essential condition for the promotion and strengthening of international cooperation in the exploration and use of outer space for peaceful purposes,</p>
      </container>
      <container name="Recalling" eId="container_6">
        <p xml:space="preserve">
          <span class="italic">Recalling</span>, in this context, its resolutions <a href="https://undocs.org/en/A/RES/45/55">45/55</a><a href="https://undocs.org/en/A/RES/45/55"> B</a> of 4 December 1990 and <a href="https://undocs.org/en/A/RES/48/74">48/74</a><a href="https://undocs.org/en/A/RES/48/74"> B</a> of 16 December 1993, in which, inter alia, it recognized the need for increased transparency and confirmed the importance of confidence-building measures as a means of reinforcing the objective of preventing an arms race in outer space,</p>
      </container>
      <container name="Noting" eId="container_7">
        <p xml:space="preserve">
          <span class="italic">Noting</span> the constructive debates that the Conference on Disarmament has held on this subject and the views expressed by Member States,</p>
      </container>
      <container name="Recalling" eId="container_8">
        <p xml:space="preserve">
          <span class="italic">Recalling</span> the introduction by China and the Russian Federation at the Conference on Disarmament of the draft treaty on prevention of the placement of weapons in outer space and of the threat or use of force against outer space objects,<authorialNote marker="2" placement="bottom" eId="authorialNote_2"><p xml:space="preserve">	 	See <a href="https://undocs.org/en/CD/1839">CD/1839</a>.</p></authorialNote> and the submission of its updated version<authorialNote marker="3" placement="bottom" eId="authorialNote_3"><p xml:space="preserve">	 	See <a href="https://undocs.org/en/CD/1985">CD/1985</a>.</p></authorialNote> in 2014,</p>
      </container>
      <container name="Noting" eId="container_9">
        <p xml:space="preserve">
          <span class="italic">Noting</span> that, since 2004, several States<authorialNote marker="4" placement="bottom" eId="authorialNote_4"><p xml:space="preserve">	 	Argentina, Armenia, Belarus, Bolivia (Plurinational State of), Brazil, Cambodia, Cuba, Ecuador, Guatemala, Indonesia, Kazakhstan, Kyrgyzstan, Nicaragua, Pakistan, Russian Federation, Sri Lanka, Suriname, Tajikistan, Uruguay, Uzbekistan, Venezuela (Bolivarian Republic of) and Viet Nam.</p></authorialNote> have introduced a policy of not being the first State to place weapons in outer space,</p>
      </container>
      <container name="Expressing regret" eId="container_10">
        <p xml:space="preserve">
          <span class="italic">Expressing regret</span> that, due to unresolved organizational problems within the Disarmament Commission, its working group tasked with preparing recommendations relating to the practical implementation of transparency and confidence-building measures in outer space activities with the goal of preventing an arms race in outer space was not in a position to conduct its work, and stressing the importance of resuming its deliberations,</p>
      </container>
      <container name="Recognizing" eId="container_11">
        <p xml:space="preserve">
          <span class="italic">Recognizing</span> that the work within the Committee on the Peaceful Uses of Outer Space, its Scientific and Technical Subcommittee and its Legal Subcommittee, including the promotion of the long-term sustainability of outer space activities, has a fundamental role to play in enhancing transparency and confidence-building among States and in ensuring that outer space is maintained for peaceful purposes, </p>
      </container>
      <container name="Noting" eId="container_12">
        <p xml:space="preserve">
          <span class="italic">Noting</span> the contribution of Member States that have submitted to the Secretary-General concrete proposals on international outer space transparency and confidence-building measures pursuant to paragraph 1 of resolution <a href="https://undocs.org/en/A/RES/61/75">61/75</a>, paragraph 2 of resolution <a href="https://undocs.org/en/A/RES/62/43">62/43</a>, paragraph 2 of resolution <a href="https://undocs.org/en/A/RES/63/68">63/68</a> and paragraph 2 of resolution <a href="https://undocs.org/en/A/RES/64/49">64/49</a>,</p>
      </container>
      <container name="Recalling" eId="container_13">
        <p xml:space="preserve">
          <span class="italic">Recalling</span> the work done in 2012 and 2013 by the Group of Governmental Experts on Transparency and Confidence-building Measures in Outer Space Activities, which was convened by the Secretary-General, on the basis of equitable geographical distribution, to conduct a study on outer space transparency and confidence-building measures,</p>
      </container>
      <container name="Recalling also" eId="container_14">
        <p xml:space="preserve">
          <span class="italic">Recalling also</span> the consideration of the report of the Group of Governmental Experts,<authorialNote marker="5" placement="bottom" eId="authorialNote_5"><p xml:space="preserve"><a href="https://undocs.org/en/A/68/189">A/68/189</a>.</p></authorialNote> as well as views on the modalities of making practical use of the recommendations contained therein, as set out in the report of the Committee on the Peaceful Uses of Outer Space on its fifty-eighth session, held in 2015,<authorialNote marker="6" placement="bottom" eId="authorialNote_6"><p xml:space="preserve"><span class="italic">Official Records of the General Assembly, Seventieth Session, Supplement No. 20</span> (<a href="https://undocs.org/en/A/70/20">A/70/20</a>).</p></authorialNote> at which it found that the Committee had a fundamental role to play in enhancing transparency and confidence-building among States, as well as in ensuring that outer space is maintained for peaceful purposes, </p>
      </container>
      <container name="Noting" eId="container_15">
        <p xml:space="preserve">
          <span class="italic">Noting</span> that, in its report, the Group of Governmental Experts recognized the value of the work of the Committee on the Peaceful Uses of Outer Space in developing a set of voluntary, non-legally binding guidelines for the long-term sustainability of outer space activities, some of which could be considered as potential transparency and confidence-building measures, while others could enhance the safety of outer space activities and thereby provide the technical basis for the further implementation of additional transparency and confidence-building measures,</p>
      </container>
      <container name="Taking note" eId="container_16">
        <p xml:space="preserve">
          <span class="italic">Taking note</span> of the special report by the Inter-Agency Meeting on Outer Space Activities (UN-Space) on the implementation of the report of the Group of Governmental Experts, and the recommendations contained therein, as submitted to the Committee on the Peaceful Uses of Outer Space at its fifty-ninth session, in 2016,<authorialNote marker="7" placement="bottom" eId="authorialNote_7"><p xml:space="preserve"><a href="https://undocs.org/en/A/AC.105/1116">A/AC.105/1116</a>.</p></authorialNote></p>
      </container>
      <container name="Welcoming" eId="container_17">
        <p xml:space="preserve">
          <span class="italic">Welcoming</span> International Telecommunication Union resolution 186 of 7 November 2014 on strengthening the role of the Union with regard to transparency and confidence-building measures in outer space activities, adopted by the 2014 Plenipotentiary Conference of the Union, held in Busan, Republic of Korea, from 20 October to 7 November 2014,</p>
      </container>
    </preamble>
    <mainBody>
      <paragraph eId="para_18" class="MercuryDocument">
        <num>	1.</num>
        <content eId="para_18__content">
          <p xml:space="preserve">
            <span class="italic">Stresses</span> the importance of the report of the Group of Governmental Experts on Transparency and Confidence-building Measures in Outer Space Activities,<sup>5</sup> considered by the General Assembly on 5 December 2013;</p>
        </content>
      </paragraph>
      <paragraph eId="para_19" class="MercuryDocument">
        <num>	2.</num>
        <content eId="para_19__content">
          <p xml:space="preserve">
            <span class="italic">Encourages</span> Member States to continue to review and implement, to the greatest extent practicable, the proposed transparency and confidence-building measures contained in the report, through the relevant national mechanisms, on a voluntary basis and in a manner consistent with the national interests of Member States;</p>
        </content>
      </paragraph>
      <paragraph eId="para_20" class="MercuryDocument">
        <num>	3.</num>
        <content eId="para_20__content">
          <p xml:space="preserve">
            <span class="italic">Also encourages</span> Member States, in accordance with the recommendations contained in the report, with a view to promoting the practical implementation of transparency and confidence-building measures, to hold regular discussions in the Committee on the Peaceful Uses of Outer Space, the Disarmament Commission and the Conference on Disarmament on the prospects for their implementation;</p>
        </content>
      </paragraph>
      <paragraph eId="para_21" class="MercuryDocument">
        <num>	4.</num>
        <content eId="para_21__content">
          <p xml:space="preserve">
            <span class="italic">Requests</span> the relevant entities and organizations of the United Nations system, to which, in accordance with its resolution <a href="https://undocs.org/en/A/RES/68/50">68/50</a>, the report was circulated, to assist in effectively implementing the conclusions and recommendations contained therein, as appropriate;</p>
        </content>
      </paragraph>
      <paragraph eId="para_22" class="MercuryDocument">
        <num>	5.</num>
        <content eId="para_22__content">
          <p xml:space="preserve">
            <span class="italic">Encourages</span> the relevant entities and organizations of the United Nations system to coordinate, as appropriate, on matters related to the recommendations contained in the report;</p>
        </content>
      </paragraph>
      <paragraph eId="para_23" class="MercuryDocument">
        <num>	6.</num>
        <content eId="para_23__content">
          <p xml:space="preserve">
            <span class="italic">Emphasizes</span> the importance of undertaking further work at the Disarmament Commission on preparing recommendations relating to the practical implementation of transparency and confidence-building measures in outer space activities with the goal of preventing an arms race in outer space;</p>
        </content>
      </paragraph>
      <paragraph eId="para_24" class="MercuryDocument">
        <num>	7.</num>
        <content eId="para_24__content">
          <p xml:space="preserve">
            <span class="italic">Welcomes</span> the joint ad hoc meetings of the First and Fourth Committees, held on 22 October 2015 and 12 October 2017, on possible challenges to space security and sustainability, convened in accordance with the report and its resolutions <a href="https://undocs.org/en/A/RES/69/38">69/38</a> and <a href="https://undocs.org/en/A/RES/71/90">71/90</a>, and the substantive exchanges of opinions on various aspects of security in outer space that took place during the meetings;</p>
        </content>
      </paragraph>
      <paragraph eId="para_25" class="MercuryDocument">
        <num>	8.</num>
        <content eId="para_25__content">
          <p xml:space="preserve">
            <span class="italic">Also welcomes</span> the convening of a joint half-day panel discussion of the First and Fourth Committees to address possible challenges to space security and sustainability during the seventy-fourth session of the General Assembly;</p>
        </content>
      </paragraph>
      <paragraph eId="para_26" class="MercuryDocument">
        <num>	9.</num>
        <content eId="para_26__content">
          <p xml:space="preserve">
            <span class="italic">Calls upon</span> Member States and the relevant entities and organizations of the United Nations system to support the implementation of the full range of conclusions and recommendations contained in the report;</p>
        </content>
      </paragraph>
      <paragraph eId="para_27" class="MercuryDocument">
        <num>	10.</num>
        <content eId="para_27__content">
          <p xml:space="preserve">
            <span class="italic">Recalls</span> the report of the Secretary-General on transparency and confidence-building measures in outer space activities in the United Nations system, which contains summaries of the submissions received from Member States giving their views on transparency and confidence-building measures in outer space activities;<authorialNote marker="8" placement="bottom" eId="authorialNote_8"><p xml:space="preserve"><a href="https://undocs.org/en/A/72/65">A/72/65</a> and <a href="https://undocs.org/en/A/72/65/Add.1">A/72/65/Add.1</a>.</p></authorialNote></p>
        </content>
      </paragraph>
      <paragraph eId="para_28" class="MercuryDocument">
        <num>	11.</num>
        <content eId="para_28__content">
          <p xml:space="preserve">
            <span class="italic">Invites</span> Member States to continue to submit, within the relevant forums, information on the specific unilateral, bilateral, regional and multilateral transparency and confidence-building measures in outer space activities implemented in accordance with the recommendations contained in the report of the Group of Governmental Experts;</p>
        </content>
      </paragraph>
      <paragraph eId="para_29" class="MercuryDocument">
        <num>	12.</num>
        <content eId="para_29__content">
          <p xml:space="preserve">
            <span class="italic">Decides</span> to include in the provisional agenda of its seventy-fifth session, under the item entitled “General and complete disarmament”, the sub-item entitled “Transparency and confidence-building measures in outer space activities”.</p>
        </content>
      </paragraph>
    </mainBody>
    <conclusions eId="conclusions">
      <p>
        <inline name="adoptionMeeting" title="46th">46th plenary meeting</inline>
        <eol />
        <docDate date="2019-12-12" refersTo="#adoptionDate">12 December 2019</docDate>
      </p>
    </conclusions>
  </statement>
</akomaNtoso>