<akomaNtoso xmlns:xsi="http://www.w3.org/2001/XMLSchema-instance" xsi:schemaLocation="http://docs.oasis-open.org/legaldocml/ns/akn/3.0 http://docs.oasis-open.org/legaldocml/akn-core/v1.0/os/part2-specs/schemas/akomantoso30.xsd" xmlns="http://docs.oasis-open.org/legaldocml/ns/akn/3.0" xmlns:html="http://www.w3.org/1999/xhtml" xmlns:akn4un="http://un.org/akn4un">
  <statement name="resolution">
    <meta>
      <identification source="#DGACM">
        <FRBRWork>
          <FRBRthis value="/akn/un/statement/deliberation/unga/2019-12-12/74-76/!main/"></FRBRthis>
          <FRBRuri value="/akn/un/statement/deliberation/unga/2019-12-12/74-76/"></FRBRuri>
          <FRBRdate date="2019-12-12" name="adoption"></FRBRdate>
          <FRBRauthor href="ga" as="author"></FRBRauthor>
          <FRBRcountry value="un"></FRBRcountry>
        </FRBRWork>
        <FRBRExpression>
          <FRBRthis value="/akn/un/statement/deliberation/unga/2019-12-12/74-76/eng@!main/"></FRBRthis>
          <FRBRuri value="/akn/un/statement/deliberation/unga/2019-12-12/74-76/eng@/"></FRBRuri>
          <FRBRdate date="2019-12-23" name="publication"></FRBRdate>
          <FRBRauthor href="ga" as="issuer"></FRBRauthor>
          <FRBRlanguage language="eng"></FRBRlanguage>
        </FRBRExpression>
        <FRBRManifestation>
          <FRBRthis value="/akn/un/statement/deliberation/unga/2019-12-12/74-76/eng@/!main.xml"></FRBRthis>
          <FRBRuri value="/akn/un/statement/deliberation/unga/2019-12-12/74-76/eng@.xml"></FRBRuri>
          <FRBRdate date="2020-07-30" name="markup"></FRBRdate>
          <FRBRauthor href="DGACM" as="editor"></FRBRauthor>
        </FRBRManifestation>
      </identification>
      <classification source="http://metadata.un.org/sdg">
        <keyword value="5" href="http://metadata.un.org/sdg/5" showAs="sdg_5" dictionary="SDGO"></keyword>
        <keyword value="gender_equality" href="http://eurovoc.europa.eu/3913" showAs="gender_equality" dictionary="EuroVoc"></keyword>
        <keyword value="participation_of_women" href="http://eurovoc.europa.eu/2265" showAs="participation_of_women" dictionary="EuroVoc"></keyword>
        <keyword value="women&amp;#39;s_rights" href="http://eurovoc.europa.eu/585" showAs="women&amp;#39;s_rights" dictionary="EuroVoc"></keyword>
        <keyword value="position_of_women" href="http://eurovoc.europa.eu/81" showAs="position_of_women" dictionary="EuroVoc"></keyword>
        <keyword value="women" href="http://metadata.un.org/thesaurus/1007029" showAs="women" dictionary="UNBIS Thesaurus"></keyword>
        <keyword value="gender_equality" href="http://metadata.un.org/thesaurus/1002612" showAs="gender_equality" dictionary="UNBIS Thesaurus"></keyword>
        <keyword value="girls" href="http://metadata.un.org/thesaurus/1002684" showAs="girls" dictionary="UNBIS Thesaurus"></keyword>
      </classification>
      <workflow source="#un">
        <step date="2019-10-18" outcome="draftResolution" as="A/C.1/74/L.54" by="Latvia" />
        <step date="0001-01-01" outcome="draftResolutionAdditionalSponsors" by="" />
        <step date="0001-01-01" outcome="recommendedForAdoption" as="A/74/372" by="" refersTo="8" />
        <step date="2019-12-12" outcome="adopted" as="A/74/PV.46" by="" />
      </workflow>
      <analysis source="#un">
        <parliamentary>
          <voting outcome="adoptedWithoutVote">
            <quorum value=""></quorum>
          </voting>
        </parliamentary>
      </analysis>
      <references source="#DGACM">
        <TLCOrganization eId="source" href="/akn/ontology/organization/un/DGACM" showAs="DGACM"></TLCOrganization>
        <TLCConcept eId="dateOfIssuance" href="/akn/ontology/concept/un/dateOfIssuance" showAs="Date of issuance"></TLCConcept>
        <TLCConcept eId="dateOfAdoption" href="/akn/ontology/concept/un/dateOfAdoption" showAs="Date of adoption"></TLCConcept>
        <TLCConcept eId="symbol" href="/akn/ontology/reference/un/symbol" showAs="Symbol"></TLCConcept>
        <TLCRole eId="publisher" href="/akn/ontology/role/un/publisher" showAs="Publisher"></TLCRole>
        <TLCRole eId="issuingBody" href="/akn/role/concept/un/issuingBody" showAs="Issuing body"></TLCRole>
        <TLCRole eId="author" href="/akn/ontology/role/un/author" showAs="Author"></TLCRole>
        <TLCRole eId="editor" href="/akn/ontology/role/un/editor" showAs="Editor"></TLCRole>
        <TLCRole eId="distribution" href="/akn/ontology/concept/un/generalDistribution" showAs="General distribution"></TLCRole>
        <TLCOrganization eId="ga" href="/akn/ontology/organization/un/generalAssembly" showAs="General Assembly"></TLCOrganization>
        <TLCTerm eId="resolutionTitle" href="/akn/ontology/reference/un/resolutionTitle" showAs="Resolution title"></TLCTerm>
        <TLCTerm eId="firstCommittee" href="#firstCommittee" showAs="First Committee"></TLCTerm>
        <TLCTerm eId="memberState" href="/akn/ontology/organization/un/memberState" showAs="Member State"></TLCTerm>
        <TLCTerm eId="inFavour" href="/akn/ontology/concept/un/voting/inFavour" showAs="In favour"></TLCTerm>
        <TLCTerm eId="against" href="/akn/ontology/concept/un/voting/against" showAs="Against"></TLCTerm>
        <TLCTerm eId="abstaining" href="/akn/ontology/concept/un/voting/abstaining" showAs="Abstaining"></TLCTerm>
      </references>
      <presentation source="#un">
        <akn4un:footerFirstPage>
          <akn4un:footerFirstPageLeft>
            <akn4un:internalCode>
              <docketNumber refersTo="#publicationJobNumber">19-21877 (E)</docketNumber>
              <img alt="bar code" class="barCode" src=""></img>
            </akn4un:internalCode>
          </akn4un:footerFirstPageLeft>
          <akn4un:footerFirstPageRight>
            <img alt="Please recycle" class="image" src="./recylcleLogo.jpg"></img>
            <img alt="embedded QR code" class="qrCode" src=""></img>
          </akn4un:footerFirstPageRight>
        </akn4un:footerFirstPage>
      </presentation>
    </meta>
    <coverPage eId="coverPage_1">
      <p>
        <span refersTo="#publisher" class="upperLeft">
          <docAuthority refersTo="#publisher">United Nations</docAuthority>
        </span>
      </p>
      <p class="upperRight">
        <docNumber refersTo="#symbol">A/RES/74/76</docNumber>
      </p>
      <p class="upperLeft">
        <img src="logo-un.jpg"></img>
        <docAuthority refersTo="#issuingBody" class="rightBig">General Assembly</docAuthority>
      </p>
      <p>
        <docStatus refersTo="#generalDistribution" class="rightSmall">Distr.: General</docStatus>
      </p>
      <p>
        <docDate date="2019-12-23" class="rightSmall" refersTo="#dateOfIssuance">23 December 2019</docDate>
      </p>
      <p>
        <session refersTo="#generalAssembly" value="74" eId="coverPage_1__session_1">Seventy-fourth session</session>
      </p>
      <p>
        <inline name="agenda item">Agenda item 102</inline>
      </p>
      <p>
        <inline name="agenda item name">Convention on Prohibitions or Restrictions on the Use of Certain Conventional Weapons Which May Be Deemed to Be Excessively Injurious or to Have Indiscriminate Effects</inline>
      </p>
      <p>
        <docTitle>Resolution adopted by the General Assembly on 12 December 2019</docTitle>
      </p>
      <p xml:space="preserve">
        <docProponent refersTo="#firstCommittee">[on the report of the First Committee (<inline name="originating document">A/74/372</inline>)]</docProponent>
      </p>
    </coverPage>
    <preface>
      <p>
        <docNumber>74/76.</docNumber>
        <docTitle refersTo="#resolutionTitle">Convention on Prohibitions or Restrictions on the Use of Certain Conventional Weapons Which May Be Deemed to Be Excessively Injurious or to Have Indiscriminate Effects</docTitle>
      </p>
    </preface>
    <preamble>
      <formula name="enactingFormula" eId="formula_1">
        <p xml:space="preserve">
          <span class="italic">The General Assembly</span>,</p>
      </formula>
      <container name="Recalling" eId="container_2">
        <p xml:space="preserve">
          <span class="italic">Recalling</span> its resolution <a href="https://undocs.org/en/A/RES/73/84">73/84</a> of 5 December 2018,</p>
      </container>
      <container name="Recalling with satisfaction" eId="container_3">
        <p xml:space="preserve">
          <span class="italic">Recalling with satisfaction</span> the adoption and entry into force of the Convention on Prohibitions or Restrictions on the Use of Certain Conventional Weapons Which May Be Deemed to Be Excessively Injurious or to Have Indiscriminate Effects<authorialNote marker="1" placement="bottom" eId="authorialNote_1"><p xml:space="preserve">	 	United Nations, <span class="italic">Treaty Series</span>, vol. 1342, No. 22495.</p></authorialNote> and its amended article 1,<authorialNote marker="2" placement="bottom" eId="authorialNote_2"><p xml:space="preserve">	 	Ibid., vol. 2260, No. 22495.</p></authorialNote> the Protocol on Non-Detectable Fragments (Protocol I),<sup>1</sup> the Protocol on Prohibitions or Restrictions on the Use of Mines, Booby Traps and Other Devices (Protocol II)<sup>1</sup> and its amended version,<authorialNote marker="3" placement="bottom" eId="authorialNote_3"><p xml:space="preserve">	 	Ibid., vol. 2048, No. 22495.</p></authorialNote> the Protocol on Prohibitions or Restrictions on the Use of Incendiary Weapons (Protocol III),<sup>1</sup> the Protocol on Blinding Laser Weapons (Protocol IV)<authorialNote marker="4" placement="bottom" eId="authorialNote_4"><p xml:space="preserve">	 	Ibid., vol. 2024, No. 22495.</p></authorialNote> and the Protocol on Explosive Remnants of War (Protocol V),<authorialNote marker="5" placement="bottom" eId="authorialNote_5"><p xml:space="preserve">	 	Ibid., vol. 2399, No. 22495.</p></authorialNote></p>
      </container>
      <container name="Recalling" eId="container_4">
        <p xml:space="preserve">
          <span class="italic">Recalling</span> the results of the Fifth Review Conference of the High Contracting Parties to the Convention, held in Geneva from 12 to 16 December 2016,</p>
      </container>
      <container name="Welcoming" eId="container_5">
        <p xml:space="preserve">
          <span class="italic">Welcoming</span> the results of the 2018 Meeting of the High Contracting Parties to the Convention, held in Geneva from 21 to 23 November 2018,</p>
      </container>
      <container name="Welcoming also" eId="container_6">
        <p xml:space="preserve">
          <span class="italic">Welcoming also</span> the results of the Twentieth Annual Conference of the High Contracting Parties to Amended Protocol II, held in Geneva on 20 November 2018,</p>
      </container>
      <container name="Welcoming further" eId="container_7">
        <p xml:space="preserve">
          <span class="italic">Welcoming further</span> the results of the Twelfth Conference of the High Contracting Parties to Protocol V, held in Geneva on 19 November 2018,</p>
      </container>
      <container name="Noting with satisfaction" eId="container_8">
        <p xml:space="preserve">
          <span class="italic">Noting with satisfaction</span> that the Meeting of the Group of Experts of the High Contracting Parties to Amended Protocol II, the Meeting of Experts of the High Contracting Parties to Protocol V and the two sessions of the Group of Governmental Experts related to emerging technologies in the area of lethal autonomous weapons systems of the High Contracting Parties to the Convention were held in 2019,</p>
      </container>
      <container name="Noting" eId="container_9">
        <p xml:space="preserve">
          <span class="italic">Noting</span> the decision of the High Contracting Parties to Amended Protocol II that the President-designate of the Twenty-first Annual Conference of the High Contracting Parties would consult with delegations on possibilities to include discussions on good practices in the implementation of the Protocol with respect to mines other than anti-personnel mines, in particular with regard to the protection of civilians, </p>
      </container>
      <container name="Recalling" eId="container_10">
        <p xml:space="preserve">
          <span class="italic">Recalling</span> the role played by the International Committee of the Red Cross in the elaboration of the Convention and the Protocols thereto, and welcoming the particular efforts of various international, non-governmental and other organizations in raising awareness of the humanitarian consequences of various categories of conventional weapons which may be deemed to be excessively injurious or to have indiscriminate effects,</p>
      </container>
      <container name="Emphasizing" eId="container_11">
        <p xml:space="preserve">
          <span class="italic">Emphasizing</span> the importance of the perspectives of women, men, boys and girls in considering the issues addressed by the Convention and its Protocols,</p>
      </container>
    </preamble>
    <mainBody>
      <paragraph eId="para_12" class="SingleTxt">
        <num>	1.</num>
        <content eId="para_12__content">
          <p xml:space="preserve">
            <span class="italic">Calls upon</span> all States that have not yet done so to take all measures to become parties, as soon as possible, to the Convention on Prohibitions or Restrictions on the Use of Certain Conventional Weapons Which May Be Deemed to Be Excessively Injurious or to Have Indiscriminate Effects<sup>1</sup> and the Protocols thereto, as amended, with a view to achieving the widest possible adherence to these instruments at an early date and so as to ultimately achieve their universality;</p>
        </content>
      </paragraph>
      <paragraph eId="para_13" class="SingleTxt">
        <num>	2.</num>
        <content eId="para_13__content">
          <p xml:space="preserve">
            <span class="italic">Calls upon</span> all High Contracting Parties to the Convention that have not yet done so to express their consent to be bound by the Protocols to the Convention and the amendment extending the scope of the Convention and the Protocols thereto to include armed conflicts of a non-international character;</p>
        </content>
      </paragraph>
      <paragraph eId="para_14" class="SingleTxt">
        <num>	3.</num>
        <content eId="para_14__content">
          <p xml:space="preserve">
            <span class="italic">Emphasizes</span> the importance of the universalization of the Protocol on Explosive Remnants of War (Protocol V);<sup>5</sup></p>
        </content>
      </paragraph>
      <paragraph eId="para_15" class="SingleTxt">
        <num>	4.</num>
        <content eId="para_15__content">
          <p xml:space="preserve">
            <span class="italic">Welcomes</span> additional ratifications and acceptances of or accessions to the Convention, as well as consents to be bound by the Protocols thereto;</p>
        </content>
      </paragraph>
      <paragraph eId="para_16" class="SingleTxt">
        <num>	5.</num>
        <content eId="para_16__content">
          <p xml:space="preserve">
            <span class="italic">Acknowledges</span> the continued efforts of the Secretary-General, as depositary of the Convention and the Protocols thereto, and of the respective office holders of the conferences of the High Contracting Parties to the Convention, Protocol V and Amended Protocol II, on behalf of the High Contracting Parties, to achieve the goal of universality;</p>
        </content>
      </paragraph>
      <paragraph eId="para_17" class="SingleTxt">
        <num>	6.</num>
        <content eId="para_17__content">
          <p xml:space="preserve">
            <span class="italic">Recalls</span> the following decisions by the Fifth Review Conference of the High Contracting Parties to the Convention:</p>
        </content>
      </paragraph>
      <paragraph eId="para_18" class="SingleTxt">
        <content eId="para_18__content">
          <p xml:space="preserve">	(a)	To establish an open-ended Group of Governmental Experts related to emerging technologies in the area of lethal autonomous weapons systems in the context of the objectives and purposes of the Convention, adhering to the agreed recommendations contained in document <a href="https://undocs.org/en/CCW/CONF.V/2">CCW/CONF.V/2</a>, and to submit a report to the 2017 Meeting of the High Contracting Parties to the Convention consistent with those recommendations;</p>
        </content>
      </paragraph>
      <paragraph eId="para_19" class="SingleTxt">
        <content eId="para_19__content">
          <p xml:space="preserve">	(b)	To add to the agenda of the next Meeting of the High Contracting Parties in 2017 the item “Protocol III”;</p>
        </content>
      </paragraph>
      <paragraph eId="para_20" class="SingleTxt">
        <content eId="para_20__content">
          <p xml:space="preserve">	(c)	To add to the agenda of the next Meeting of the High Contracting Parties in 2017 the item “Mines other than anti-personnel mines”;<authorialNote marker="6" placement="bottom" eId="authorialNote_6"><p xml:space="preserve">	 	Noting the update included in paragraph 34 of the final report of the 2018 Meeting of the High Contracting Parties to the Convention (<a href="https://undocs.org/en/CCW/MSP/2018/11">CCW/MSP/2018/11</a>).</p></authorialNote></p>
        </content>
      </paragraph>
      <paragraph eId="para_21" class="SingleTxt">
        <content eId="para_21__content">
          <p xml:space="preserve">	(d)	To add to the agenda of the next Meeting of the High Contracting Parties in 2017 the item for informal discussion “Consideration of how developments in the field of science and technology relevant to the Convention may be addressed under the Convention”;</p>
        </content>
      </paragraph>
      <paragraph eId="para_22" class="SingleTxt">
        <content eId="para_22__content">
          <p xml:space="preserve">	(e)	To invite the Chair-elect to conduct consultations with a view to including on the agenda of the 2017 annual Meeting of the High Contracting Parties the item “Strengthening the respect for international humanitarian law and addressing, in the context and objectives of the Convention and its annexed Protocols, the challenges presented by the use of conventional weapons in armed conflicts and their impact on civilians, particularly in areas where there are concentrations of civilians”;</p>
        </content>
      </paragraph>
      <paragraph eId="para_23" class="SingleTxt">
        <content eId="para_23__content">
          <p xml:space="preserve">	(f)	To include on the agenda of the annual Meetings of the High Contracting Parties the item “Financial issues related to the Convention and its annexed Protocols” and to consider at the next such meeting efficiency and cost-saving measures and a report to be prepared by the Chair-elect;</p>
        </content>
      </paragraph>
      <paragraph eId="para_24" class="SingleTxt">
        <content eId="para_24__content">
          <p xml:space="preserve">	(g)	To retain the practice of keeping summary records only for the final sessions of the future Review Conferences, the meetings of the High Contracting Parties to the Convention, and the Conferences of the High Contracting Parties to Amended Protocol II and Protocol V;</p>
        </content>
      </paragraph>
      <paragraph eId="para_25" class="SingleTxt">
        <content eId="para_25__content">
          <p xml:space="preserve">	(h)	To continue the Sponsorship Programme;</p>
        </content>
      </paragraph>
      <paragraph eId="para_26" class="SingleTxt">
        <num>	7.</num>
        <content eId="para_26__content">
          <p xml:space="preserve">
            <span class="italic">Also recalls</span> the following decisions by the Meeting of the High Contracting Parties to the Convention in 2018:</p>
        </content>
      </paragraph>
      <paragraph eId="para_27" class="SingleTxt">
        <content eId="para_27__content">
          <p xml:space="preserve">	(a)	To call for a seven-day meeting, to be held in Geneva in 2019, of the Group of Governmental Experts related to emerging technologies in the area of lethal autonomous weapons systems in the context of the objectives and purposes of the Convention;</p>
        </content>
      </paragraph>
      <paragraph eId="para_28" class="SingleTxt">
        <content eId="para_28__content">
          <p xml:space="preserve">	(b)	To call for the universalization and full implementation of Protocol III on Prohibitions or Restrictions on the Use of Incendiary Weapons,<sup>1</sup> given the Protocol’s importance;</p>
        </content>
      </paragraph>
      <paragraph eId="para_29" class="SingleTxt">
        <content eId="para_29__content">
          <p xml:space="preserve">	(c)	To place on the agenda of its next meeting the item “Emerging issues in the context of the objectives and purposes of the Convention” and to invite the High Contracting Parties to submit working papers on issues that they intend to raise;</p>
        </content>
      </paragraph>
      <paragraph eId="para_30" class="SingleTxt">
        <content eId="para_30__content">
          <p xml:space="preserve">	(d)	To clarify certain aspects of the financial measures adopted at the Meeting of the High Contracting Parties in 2017 and to continue to monitor the financial situation of the Convention;</p>
        </content>
      </paragraph>
      <paragraph eId="para_31" class="SingleTxt">
        <content eId="para_31__content">
          <p xml:space="preserve">	(e)	To request the Chair-elect to continue consultations aimed at improving the stability of the Secretariat’s support to the Convention;</p>
        </content>
      </paragraph>
      <paragraph eId="para_32" class="SingleTxt">
        <num>	8.</num>
        <content eId="para_32__content">
          <p xml:space="preserve">
            <span class="italic">Calls upon</span> all High Contracting Parties to ensure full and prompt compliance with their financial obligations under the Convention and its annexed Protocols;</p>
        </content>
      </paragraph>
      <paragraph eId="para_33" class="SingleTxt">
        <num>	9.</num>
        <content eId="para_33__content">
          <p xml:space="preserve">
            <span class="italic">Welcomes</span> the renewed efforts to strengthen the financial situation of the Convention and to find a stable basis for the Implementation Support Unit;</p>
        </content>
      </paragraph>
      <paragraph eId="para_34" class="SingleTxt">
        <num>	10.</num>
        <content eId="para_34__content">
          <p xml:space="preserve">
            <span class="italic">Also welcomes</span> the work of the Group of Governmental Experts related to emerging technologies in the area of lethal autonomous weapons systems, including its 2018 report, which has provided a basis for further work;</p>
        </content>
      </paragraph>
      <paragraph eId="para_35" class="SingleTxt">
        <num>	11.</num>
        <content eId="para_35__content">
          <p xml:space="preserve">
            <span class="italic">Further welcomes</span> the commitment by the High Contracting Parties to continue to contribute to the further development of international humanitarian law, and, in this context, to keep under review both the development of new weapons and uses of weapons, which may have indiscriminate effects or cause unnecessary suffering;</p>
        </content>
      </paragraph>
      <paragraph eId="para_36" class="SingleTxt">
        <num>	12.</num>
        <content eId="para_36__content">
          <p xml:space="preserve">
            <span class="italic">Welcomes</span> the commitment of the High Contracting Parties to Protocol V to the effective and efficient implementation of the Protocol and the implementation of the decisions of the First and Second Conferences of the High Contracting Parties to the Protocol establishing a comprehensive framework for the exchange of information and cooperation;</p>
        </content>
      </paragraph>
      <paragraph eId="para_37" class="SingleTxt">
        <num>	13.</num>
        <content eId="para_37__content">
          <p xml:space="preserve">
            <span class="italic">Notes</span> that, in conformity with article 8 of the Convention, conferences may be convened to examine amendments to the Convention or to any of the Protocols thereto, to examine additional protocols concerning other categories of conventional weapons not covered by existing Protocols or to review the scope and application of the Convention and the Protocols thereto and to examine any proposed amendments or additional protocols;</p>
        </content>
      </paragraph>
      <paragraph eId="para_38" class="SingleTxt">
        <num>	14.</num>
        <content eId="para_38__content">
          <p xml:space="preserve">
            <span class="italic">Underlines</span> the vital role of the full and equal participation of women in decision-making and implementation of the Convention;</p>
        </content>
      </paragraph>
      <paragraph eId="para_39" class="SingleTxt">
        <num>	15.</num>
        <content eId="para_39__content">
          <p xml:space="preserve">
            <span class="italic">Requests</span> the Secretary-General to render the assistance necessary and to provide such services as may be required for the annual conferences and expert meetings of the High Contracting Parties to the Convention and of the High Contracting Parties to Amended Protocol II and Protocol V, as well as for any continuation of the work after the meetings;</p>
        </content>
      </paragraph>
      <paragraph eId="para_40" class="SingleTxt">
        <num>	16.</num>
        <content eId="para_40__content">
          <p xml:space="preserve">
            <span class="italic">Also requests</span> the Secretary-General, in his capacity as depositary of the Convention and the Protocols thereto, to continue to inform the General Assembly periodically, by electronic means, of ratifications and acceptances of and accessions to the Convention, its amended article 1<sup>2</sup> and the Protocols;</p>
        </content>
      </paragraph>
      <paragraph eId="para_41" class="MercuryDocument">
        <num>	17.</num>
        <content eId="para_41__content">
          <p xml:space="preserve">
            <span class="italic">Decides</span> to include in the provisional agenda of its seventy-fifth session the item entitled “Convention on Prohibitions or Restrictions on the Use of Certain Conventional Weapons Which May Be Deemed to Be Excessively Injurious or to Have Indiscriminate Effects”.</p>
        </content>
      </paragraph>
    </mainBody>
    <conclusions eId="conclusions">
      <p>
        <inline name="adoptionMeeting" title="46th">46th plenary meeting</inline>
        <eol />
        <docDate date="2019-12-12" refersTo="#adoptionDate">12 December 2019</docDate>
      </p>
    </conclusions>
  </statement>
</akomaNtoso>