<akomaNtoso xmlns:xsi="http://www.w3.org/2001/XMLSchema-instance" xsi:schemaLocation="http://docs.oasis-open.org/legaldocml/ns/akn/3.0 http://docs.oasis-open.org/legaldocml/akn-core/v1.0/os/part2-specs/schemas/akomantoso30.xsd" xmlns="http://docs.oasis-open.org/legaldocml/ns/akn/3.0" xmlns:html="http://www.w3.org/1999/xhtml" xmlns:akn4un="http://un.org/akn4un">
  <statement name="resolution">
    <meta>
      <identification source="#DGACM">
        <FRBRWork>
          <FRBRthis value="/akn/un/statement/deliberation/unga/2019-12-12/74-78/!main/"></FRBRthis>
          <FRBRuri value="/akn/un/statement/deliberation/unga/2019-12-12/74-78/"></FRBRuri>
          <FRBRdate date="2019-12-12" name="adoption"></FRBRdate>
          <FRBRauthor href="ga" as="author"></FRBRauthor>
          <FRBRcountry value="un"></FRBRcountry>
        </FRBRWork>
        <FRBRExpression>
          <FRBRthis value="/akn/un/statement/deliberation/unga/2019-12-12/74-78/eng@!main/"></FRBRthis>
          <FRBRuri value="/akn/un/statement/deliberation/unga/2019-12-12/74-78/eng@/"></FRBRuri>
          <FRBRdate date="2019-12-23" name="publication"></FRBRdate>
          <FRBRauthor href="ga" as="issuer"></FRBRauthor>
          <FRBRlanguage language="eng"></FRBRlanguage>
        </FRBRExpression>
        <FRBRManifestation>
          <FRBRthis value="/akn/un/statement/deliberation/unga/2019-12-12/74-78/eng@/!main.xml"></FRBRthis>
          <FRBRuri value="/akn/un/statement/deliberation/unga/2019-12-12/74-78/eng@.xml"></FRBRuri>
          <FRBRdate date="2020-07-30" name="markup"></FRBRdate>
          <FRBRauthor href="DGACM" as="editor"></FRBRauthor>
        </FRBRManifestation>
      </identification>
      <classification source="http://metadata.un.org/sdg">
        <keyword value="9.b" href="http://metadata.un.org/sdg/9.b" showAs="sdg_9.b" dictionary="SDGO"></keyword>
        <keyword value="power_of_implementation" href="http://eurovoc.europa.eu/2577" showAs="power_of_implementation" dictionary="EuroVoc"></keyword>
        <keyword value="technology" href="http://eurovoc.europa.eu/4415" showAs="technology" dictionary="EuroVoc"></keyword>
        <keyword value="technological_innovations" href="http://metadata.un.org/thesaurus/1006426" showAs="technological_innovations" dictionary="UNBIS Thesaurus"></keyword>
        <keyword value="technology" href="http://metadata.un.org/thesaurus/1006429" showAs="technology" dictionary="UNBIS Thesaurus"></keyword>
      </classification>
      <workflow source="#un">
        <step date="2019-10-21" outcome="draftResolution" as="A/C.1/74/L.24" by="Andorra, Angola, Argentina, Australia, Austria, Belgium, Bosnia and Herzegovina, Bulgaria, Canada, Chile, Côte d'Ivoire, Croatia, Cyprus, Czechia, Denmark, Eritrea, Estonia, Fiji, Finland, France, Georgia, Germany, Greece, Guinea-Bissau, Hungary, Iceland, Iraq, Ireland, Italy, Japan, Lao People's Democratic Republic, Latvia, Lithuania, Luxembourg, Malawi, Malta, Mexico, Montenegro, Namibia, Netherlands, New Zealand, North Macedonia, Norway, Paraguay, Philippines, Poland, Portugal, Republic of Korea, Republic of Moldova, Romania, Samoa, San Marino, Serbia, Singapore, Slovakia, Slovenia, Spain, Sweden, Switzerland, Thailand, Turkey, United Kingdom of Great Britain and Northern Ireland and Uruguay" />
        <step date="0001-01-01" outcome="draftResolutionAdditionalSponsors" by="Albania, Armenia, Burkina Faso, Colombia, Costa Rica, Dominican Republic, Equatorial Guinea, Eswatini, Ghana, Guyana, Haiti, Honduras, Jamaica, Kyrgyzstan, Liechtenstein, Madagascar, Malaysia, Maldives, Micronesia (Federated States of), Monaco, Mongolia, Morocco, Nigeria, Palau, Panama, Papua New Guinea, Russian Federation, Seychelles, Sri Lanka and Vanuatu" />
        <step date="0001-01-01" outcome="recommendedForAdoption" as="A/74/374" by="" refersTo="7" />
        <step date="2019-12-12" outcome="adopted" as="A/74/PV.46" by="" />
      </workflow>
      <analysis source="#un">
        <parliamentary>
          <voting outcome="adoptedRecordedVote">
            <count value="182" refersTo="inFavour">
              <akn4un:voters>
                <organization refersTo="memberState">AFGHANISTAN</organization>
                <organization refersTo="memberState">ALBANIA</organization>
                <organization refersTo="memberState">ALGERIA</organization>
                <organization refersTo="memberState">ANDORRA</organization>
                <organization refersTo="memberState">ANGOLA</organization>
                <organization refersTo="memberState">ANTIGUA AND BARBUDA</organization>
                <organization refersTo="memberState">ARGENTINA</organization>
                <organization refersTo="memberState">ARMENIA</organization>
                <organization refersTo="memberState">AUSTRALIA</organization>
                <organization refersTo="memberState">AUSTRIA</organization>
                <organization refersTo="memberState">AZERBAIJAN</organization>
                <organization refersTo="memberState">BAHAMAS</organization>
                <organization refersTo="memberState">BAHRAIN</organization>
                <organization refersTo="memberState">BANGLADESH</organization>
                <organization refersTo="memberState">BARBADOS</organization>
                <organization refersTo="memberState">BELARUS</organization>
                <organization refersTo="memberState">BELGIUM</organization>
                <organization refersTo="memberState">BELIZE</organization>
                <organization refersTo="memberState">BENIN</organization>
                <organization refersTo="memberState">BHUTAN</organization>
                <organization refersTo="memberState">BOSNIA AND HERZEGOVINA</organization>
                <organization refersTo="memberState">BOTSWANA</organization>
                <organization refersTo="memberState">BRAZIL</organization>
                <organization refersTo="memberState">BRUNEI DARUSSALAM</organization>
                <organization refersTo="memberState">BULGARIA</organization>
                <organization refersTo="memberState">BURKINA FASO</organization>
                <organization refersTo="memberState">BURUNDI</organization>
                <organization refersTo="memberState">CABO VERDE</organization>
                <organization refersTo="memberState">CAMBODIA</organization>
                <organization refersTo="memberState">CAMEROON</organization>
                <organization refersTo="memberState">CANADA</organization>
                <organization refersTo="memberState">CENTRAL AFRICAN REPUBLIC</organization>
                <organization refersTo="memberState">CHAD</organization>
                <organization refersTo="memberState">CHILE</organization>
                <organization refersTo="memberState">CHINA</organization>
                <organization refersTo="memberState">COLOMBIA</organization>
                <organization refersTo="memberState">COMOROS</organization>
                <organization refersTo="memberState">CONGO</organization>
                <organization refersTo="memberState">COSTA RICA</organization>
                <organization refersTo="memberState">COTE D'IVOIRE</organization>
                <organization refersTo="memberState">CROATIA</organization>
                <organization refersTo="memberState">CUBA</organization>
                <organization refersTo="memberState">CYPRUS</organization>
                <organization refersTo="memberState">CZECHIA</organization>
                <organization refersTo="memberState">DEMOCRATIC REPUBLIC OF THE CONGO</organization>
                <organization refersTo="memberState">DENMARK</organization>
                <organization refersTo="memberState">DJIBOUTI</organization>
                <organization refersTo="memberState">DOMINICAN REPUBLIC</organization>
                <organization refersTo="memberState">ECUADOR</organization>
                <organization refersTo="memberState">EGYPT</organization>
                <organization refersTo="memberState">EL SALVADOR</organization>
                <organization refersTo="memberState">ERITREA</organization>
                <organization refersTo="memberState">ESTONIA</organization>
                <organization refersTo="memberState">ESWATINI</organization>
                <organization refersTo="memberState">ETHIOPIA</organization>
                <organization refersTo="memberState">FIJI</organization>
                <organization refersTo="memberState">FINLAND</organization>
                <organization refersTo="memberState">FRANCE</organization>
                <organization refersTo="memberState">GABON</organization>
                <organization refersTo="memberState">GAMBIA</organization>
                <organization refersTo="memberState">GEORGIA</organization>
                <organization refersTo="memberState">GERMANY</organization>
                <organization refersTo="memberState">GHANA</organization>
                <organization refersTo="memberState">GREECE</organization>
                <organization refersTo="memberState">GRENADA</organization>
                <organization refersTo="memberState">GUATEMALA</organization>
                <organization refersTo="memberState">GUINEA-BISSAU</organization>
                <organization refersTo="memberState">GUYANA</organization>
                <organization refersTo="memberState">HAITI</organization>
                <organization refersTo="memberState">HONDURAS</organization>
                <organization refersTo="memberState">HUNGARY</organization>
                <organization refersTo="memberState">ICELAND</organization>
                <organization refersTo="memberState">INDONESIA</organization>
                <organization refersTo="memberState">IRAN (ISLAMIC REPUBLIC OF)</organization>
                <organization refersTo="memberState">IRAQ</organization>
                <organization refersTo="memberState">IRELAND</organization>
                <organization refersTo="memberState">ISRAEL</organization>
                <organization refersTo="memberState">ITALY</organization>
                <organization refersTo="memberState">JAMAICA</organization>
                <organization refersTo="memberState">JAPAN</organization>
                <organization refersTo="memberState">JORDAN</organization>
                <organization refersTo="memberState">KAZAKHSTAN</organization>
                <organization refersTo="memberState">KENYA</organization>
                <organization refersTo="memberState">KIRIBATI</organization>
                <organization refersTo="memberState">KUWAIT</organization>
                <organization refersTo="memberState">KYRGYZSTAN</organization>
                <organization refersTo="memberState">LAO PEOPLE'S DEMOCRATIC REPUBLIC</organization>
                <organization refersTo="memberState">LATVIA</organization>
                <organization refersTo="memberState">LEBANON</organization>
                <organization refersTo="memberState">LESOTHO</organization>
                <organization refersTo="memberState">LIBERIA</organization>
                <organization refersTo="memberState">LIBYA</organization>
                <organization refersTo="memberState">LIECHTENSTEIN</organization>
                <organization refersTo="memberState">LITHUANIA</organization>
                <organization refersTo="memberState">LUXEMBOURG</organization>
                <organization refersTo="memberState">MADAGASCAR</organization>
                <organization refersTo="memberState">MALAWI</organization>
                <organization refersTo="memberState">MALAYSIA</organization>
                <organization refersTo="memberState">MALDIVES</organization>
                <organization refersTo="memberState">MALI</organization>
                <organization refersTo="memberState">MALTA</organization>
                <organization refersTo="memberState">MARSHALL ISLANDS</organization>
                <organization refersTo="memberState">MAURITANIA</organization>
                <organization refersTo="memberState">MEXICO</organization>
                <organization refersTo="memberState">MICRONESIA (FEDERATED STATES OF)</organization>
                <organization refersTo="memberState">MONACO</organization>
                <organization refersTo="memberState">MONGOLIA</organization>
                <organization refersTo="memberState">MONTENEGRO</organization>
                <organization refersTo="memberState">MOROCCO</organization>
                <organization refersTo="memberState">MOZAMBIQUE</organization>
                <organization refersTo="memberState">MYANMAR</organization>
                <organization refersTo="memberState">NAMIBIA</organization>
                <organization refersTo="memberState">NAURU</organization>
                <organization refersTo="memberState">NEPAL</organization>
                <organization refersTo="memberState">NETHERLANDS</organization>
                <organization refersTo="memberState">NEW ZEALAND</organization>
                <organization refersTo="memberState">NICARAGUA</organization>
                <organization refersTo="memberState">NIGER</organization>
                <organization refersTo="memberState">NIGERIA</organization>
                <organization refersTo="memberState">NORTH MACEDONIA</organization>
                <organization refersTo="memberState">NORWAY</organization>
                <organization refersTo="memberState">OMAN</organization>
                <organization refersTo="memberState">PAKISTAN</organization>
                <organization refersTo="memberState">PALAU</organization>
                <organization refersTo="memberState">PANAMA</organization>
                <organization refersTo="memberState">PARAGUAY</organization>
                <organization refersTo="memberState">PERU</organization>
                <organization refersTo="memberState">PHILIPPINES</organization>
                <organization refersTo="memberState">POLAND</organization>
                <organization refersTo="memberState">PORTUGAL</organization>
                <organization refersTo="memberState">QATAR</organization>
                <organization refersTo="memberState">REPUBLIC OF KOREA</organization>
                <organization refersTo="memberState">REPUBLIC OF MOLDOVA</organization>
                <organization refersTo="memberState">ROMANIA</organization>
                <organization refersTo="memberState">RUSSIAN FEDERATION</organization>
                <organization refersTo="memberState">RWANDA</organization>
                <organization refersTo="memberState">SAINT KITTS AND NEVIS</organization>
                <organization refersTo="memberState">SAINT LUCIA</organization>
                <organization refersTo="memberState">SAINT VINCENT AND THE GRENADINES</organization>
                <organization refersTo="memberState">SAMOA</organization>
                <organization refersTo="memberState">SAN MARINO</organization>
                <organization refersTo="memberState">SAO TOME AND PRINCIPE</organization>
                <organization refersTo="memberState">SAUDI ARABIA</organization>
                <organization refersTo="memberState">SENEGAL</organization>
                <organization refersTo="memberState">SERBIA</organization>
                <organization refersTo="memberState">SEYCHELLES</organization>
                <organization refersTo="memberState">SIERRA LEONE</organization>
                <organization refersTo="memberState">SINGAPORE</organization>
                <organization refersTo="memberState">SLOVAKIA</organization>
                <organization refersTo="memberState">SLOVENIA</organization>
                <organization refersTo="memberState">SOLOMON ISLANDS</organization>
                <organization refersTo="memberState">SOUTH AFRICA</organization>
                <organization refersTo="memberState">SOUTH SUDAN</organization>
                <organization refersTo="memberState">SPAIN</organization>
                <organization refersTo="memberState">SRI LANKA</organization>
                <organization refersTo="memberState">SUDAN</organization>
                <organization refersTo="memberState">SURINAME</organization>
                <organization refersTo="memberState">SWEDEN</organization>
                <organization refersTo="memberState">SWITZERLAND</organization>
                <organization refersTo="memberState">TAJIKISTAN</organization>
                <organization refersTo="memberState">THAILAND</organization>
                <organization refersTo="memberState">TIMOR-LESTE</organization>
                <organization refersTo="memberState">TOGO</organization>
                <organization refersTo="memberState">TONGA</organization>
                <organization refersTo="memberState">TRINIDAD AND TOBAGO</organization>
                <organization refersTo="memberState">TUNISIA</organization>
                <organization refersTo="memberState">TURKEY</organization>
                <organization refersTo="memberState">TURKMENISTAN</organization>
                <organization refersTo="memberState">TUVALU</organization>
                <organization refersTo="memberState">UGANDA</organization>
                <organization refersTo="memberState">UKRAINE</organization>
                <organization refersTo="memberState">UNITED ARAB EMIRATES</organization>
                <organization refersTo="memberState">UNITED KINGDOM</organization>
                <organization refersTo="memberState">UNITED REPUBLIC OF TANZANIA</organization>
                <organization refersTo="memberState">URUGUAY</organization>
                <organization refersTo="memberState">UZBEKISTAN</organization>
                <organization refersTo="memberState">VANUATU</organization>
                <organization refersTo="memberState">VENEZUELA (BOLIVARIAN REPUBLIC OF)</organization>
                <organization refersTo="memberState">VIET NAM</organization>
                <organization refersTo="memberState">YEMEN</organization>
                <organization refersTo="memberState">ZAMBIA</organization>
                <organization refersTo="memberState">ZIMBABWE</organization>
              </akn4un:voters>
            </count>
            <count value="1" refersTo="against">
              <akn4un:voters>
                <organization refersTo="memberState">DEMOCRATIC PEOPLE'S REPUBLIC OF KOREA</organization>
              </akn4un:voters>
            </count>
            <count value="4" refersTo="abstaining">
              <akn4un:voters>
                <organization refersTo="memberState">INDIA</organization>
                <organization refersTo="memberState">MAURITIUS</organization>
                <organization refersTo="memberState">SYRIAN ARAB REPUBLIC</organization>
                <organization refersTo="memberState">UNITED STATES</organization>
              </akn4un:voters>
            </count>
          </voting>
        </parliamentary>
      </analysis>
      <references source="#DGACM">
        <TLCOrganization eId="source" href="/akn/ontology/organization/un/DGACM" showAs="DGACM"></TLCOrganization>
        <TLCConcept eId="dateOfIssuance" href="/akn/ontology/concept/un/dateOfIssuance" showAs="Date of issuance"></TLCConcept>
        <TLCConcept eId="dateOfAdoption" href="/akn/ontology/concept/un/dateOfAdoption" showAs="Date of adoption"></TLCConcept>
        <TLCConcept eId="symbol" href="/akn/ontology/reference/un/symbol" showAs="Symbol"></TLCConcept>
        <TLCRole eId="publisher" href="/akn/ontology/role/un/publisher" showAs="Publisher"></TLCRole>
        <TLCRole eId="issuingBody" href="/akn/role/concept/un/issuingBody" showAs="Issuing body"></TLCRole>
        <TLCRole eId="author" href="/akn/ontology/role/un/author" showAs="Author"></TLCRole>
        <TLCRole eId="editor" href="/akn/ontology/role/un/editor" showAs="Editor"></TLCRole>
        <TLCRole eId="distribution" href="/akn/ontology/concept/un/generalDistribution" showAs="General distribution"></TLCRole>
        <TLCOrganization eId="ga" href="/akn/ontology/organization/un/generalAssembly" showAs="General Assembly"></TLCOrganization>
        <TLCTerm eId="resolutionTitle" href="/akn/ontology/reference/un/resolutionTitle" showAs="Resolution title"></TLCTerm>
        <TLCTerm eId="firstCommittee" href="#firstCommittee" showAs="First Committee"></TLCTerm>
        <TLCTerm eId="memberState" href="/akn/ontology/organization/un/memberState" showAs="Member State"></TLCTerm>
        <TLCTerm eId="inFavour" href="/akn/ontology/concept/un/voting/inFavour" showAs="In favour"></TLCTerm>
        <TLCTerm eId="against" href="/akn/ontology/concept/un/voting/against" showAs="Against"></TLCTerm>
        <TLCTerm eId="abstaining" href="/akn/ontology/concept/un/voting/abstaining" showAs="Abstaining"></TLCTerm>
      </references>
      <presentation source="#un">
        <akn4un:footerFirstPage>
          <akn4un:footerFirstPageLeft>
            <akn4un:internalCode>
              <docketNumber refersTo="#publicationJobNumber">19-21885 (E)</docketNumber>
              <img alt="bar code" class="barCode" src=""></img>
            </akn4un:internalCode>
          </akn4un:footerFirstPageLeft>
          <akn4un:footerFirstPageRight>
            <img alt="Please recycle" class="image" src="./recylcleLogo.jpg"></img>
            <img alt="embedded QR code" class="qrCode" src=""></img>
          </akn4un:footerFirstPageRight>
        </akn4un:footerFirstPage>
      </presentation>
    </meta>
    <coverPage eId="coverPage_1">
      <p>
        <span refersTo="#publisher" class="upperLeft">
          <docAuthority refersTo="#publisher">United Nations</docAuthority>
        </span>
      </p>
      <p class="upperRight">
        <docNumber refersTo="#symbol">A/RES/74/78</docNumber>
      </p>
      <p class="upperLeft">
        <img src="logo-un.jpg"></img>
        <docAuthority refersTo="#issuingBody" class="rightBig">General Assembly</docAuthority>
      </p>
      <p>
        <docStatus refersTo="#generalDistribution" class="rightSmall">Distr.: General</docStatus>
      </p>
      <p>
        <docDate date="2019-12-23" class="rightSmall" refersTo="#dateOfIssuance">23 December 2019</docDate>
      </p>
      <p>
        <session refersTo="#generalAssembly" value="74" eId="coverPage_1__session_1">Seventy-fourth session</session>
      </p>
      <p>
        <inline name="agenda item">Agenda item 104</inline>
      </p>
      <p>
        <inline name="agenda item name">Comprehensive Nuclear-Test-Ban Treaty</inline>
      </p>
      <p>
        <docTitle>Resolution adopted by the General Assembly on 12 December 2019</docTitle>
      </p>
      <p xml:space="preserve">
        <docProponent refersTo="#firstCommittee">[on the report of the First Committee (<inline name="originating document">A/74/374</inline>)]</docProponent>
      </p>
    </coverPage>
    <preface>
      <p>
        <docNumber>74/78.</docNumber>
        <docTitle refersTo="#resolutionTitle">Comprehensive Nuclear-Test-Ban Treaty</docTitle>
      </p>
    </preface>
    <preamble>
      <formula name="enactingFormula" eId="formula_1">
        <p xml:space="preserve">
          <span class="italic">The General Assembly</span>,</p>
      </formula>
      <container name="Reiterating" eId="container_2">
        <p xml:space="preserve">
          <span class="italic">Reiterating</span> that the cessation of nuclear-weapon test explosions or any other nuclear explosions constitutes an effective nuclear disarmament and non-proliferation measure, and convinced that this is a meaningful step in the realization of a systematic process for achieving nuclear disarmament, </p>
      </container>
      <container name="Recalling" eId="container_3">
        <p xml:space="preserve">
          <span class="italic">Recalling</span> that the Comprehensive Nuclear-Test-Ban Treaty, adopted by the General Assembly by its resolution <a href="https://undocs.org/en/A/RES/50/245">50/245</a> of 10 September 1996, was opened for signature on 24 September 1996, </p>
      </container>
      <container name="Stressing" eId="container_4">
        <p xml:space="preserve">
          <span class="italic">Stressing</span> that a universal and effectively verifiable Treaty constitutes a fundamental instrument in the field of nuclear disarmament and non-proliferation and will be a major contribution to international peace and security, </p>
      </container>
      <container name="Stressing also" eId="container_5">
        <p xml:space="preserve">
          <span class="italic">Stressing also</span> the vital importance and urgency of achieving the entry into force of the Treaty, as noted also in Security Council resolution <a href="https://undocs.org/en/S/RES/2310 (2016)">2310 (2016)</a> of 23 September 2016, and affirming its resolute determination, 23 years after the Treaty was opened for signature, to achieve its entry into force, </p>
      </container>
      <container name="Encouraged" eId="container_6">
        <p xml:space="preserve">
          <span class="italic">Encouraged</span> by the signing of the Treaty by 184 States, including 41 of the 44 whose ratification is needed for its entry into force, and welcoming the ratification of the Treaty by 168 States, including 36 of the 44 whose ratification is needed for its entry into force, among which there are 3 nuclear-weapon States, </p>
      </container>
      <container name="Recalling" eId="container_7">
        <p xml:space="preserve">
          <span class="italic">Recalling</span> its resolution <a href="https://undocs.org/en/A/RES/73/86">73/86</a> of 5 December 2018, </p>
      </container>
      <container name="Recalling also" eId="container_8">
        <p xml:space="preserve">
          <span class="italic">Recalling also</span> the adoption by consensus of the conclusions and recommendations for follow-on actions of the 2010 Review Conference of the Parties to the Treaty on the Non-Proliferation of Nuclear Weapons,<authorialNote marker="1" placement="bottom" eId="authorialNote_1"><p xml:space="preserve"><span class="italic">2010 Review Conference of the Parties to the Treaty on the Non-Proliferation of Nuclear Weapons, Final Document</span>, vol. I (<a href="https://undocs.org/en/NPT/CONF.2010/50 (Vol. I)">NPT/CONF.2010/50 (Vol. I)</a>), part I, <span class="italic">Conclusions and recommendations for follow-on actions</span>. </p></authorialNote> in which the Conference, inter alia, reaffirmed the vital importance of the entry into force of the Comprehensive Nuclear-Test-Ban Treaty as a core element of the international nuclear disarmament and non‑proliferation regime and included specific actions to be taken in support of the entry into force of the Treaty, </p>
      </container>
      <container name="Welcoming" eId="container_9">
        <p xml:space="preserve">
          <span class="italic">Welcoming</span> the Final Declaration adopted by the eleventh Conference on Facilitating the Entry into Force of the Comprehensive Nuclear-Test-Ban Treaty, held in New York on 25 September 2019, convened pursuant to article XIV of the Treaty, and recalling the Joint Ministerial Statement on the Comprehensive Nuclear-Test-Ban Treaty, adopted at the ministerial meeting held in New York on 27 September 2018,<authorialNote marker="2" placement="bottom" eId="authorialNote_2"><p xml:space="preserve"><a href="https://undocs.org/en/A/73/838">A/73/838</a>, annex. </p></authorialNote></p>
      </container>
      <container name="Noting" eId="container_10">
        <p xml:space="preserve">
          <span class="italic">Noting</span> the contribution of diverse participation in building and sustaining momentum for the universalization and entry into force of the Treaty, including through the Youth Group of the Preparatory Commission for the Comprehensive Nuclear-Test-Ban Treaty Organization, </p>
      </container>
      <container name="Welcoming" eId="container_11">
        <p xml:space="preserve">
          <span class="italic">Welcoming</span> continuing progress in the development of the Treaty’s verification regime, which advances the Treaty’s primary non-proliferation and disarmament objective, and the establishment of 298 certified facilities of the International Monitoring System network, </p>
      </container>
      <container name="Recognizing" eId="container_12">
        <p xml:space="preserve">
          <span class="italic">Recognizing</span> the civil and scientific benefits provided by the Treaty’s global monitoring system, </p>
      </container>
    </preamble>
    <mainBody>
      <paragraph eId="para_13" class="SingleTxt">
        <num>	1.</num>
        <content eId="para_13__content">
          <p xml:space="preserve">
            <span class="italic">Stresses</span> the vital importance and urgency of signature and ratification, without delay and without conditions, in order to achieve the earliest entry into force of the Comprehensive Nuclear-Test-Ban Treaty;<authorialNote marker="3" placement="bottom" eId="authorialNote_3"><p xml:space="preserve">	 	See resolution <a href="https://undocs.org/en/A/RES/50/245">50/245</a> and <a href="https://undocs.org/en/A/50/1027">A/50/1027</a>. </p></authorialNote></p>
        </content>
      </paragraph>
      <paragraph eId="para_14" class="SingleTxt">
        <num>	2.</num>
        <content eId="para_14__content">
          <p xml:space="preserve">
            <span class="italic">Welcomes</span> the contributions by the signatory States to the work of the Preparatory Commission for the Comprehensive Nuclear-Test-Ban Treaty Organization, in particular its efforts to ensure that the verification regime of the Treaty will be capable of meeting the verification requirements of the Treaty upon its entry into force, in accordance with article IV of the Treaty, and encourages their continuation; </p>
        </content>
      </paragraph>
      <paragraph eId="para_15" class="SingleTxt">
        <num>	3.</num>
        <content eId="para_15__content">
          <p xml:space="preserve">
            <span class="italic">Underlines</span> the need to maintain momentum towards the completion of all elements of the verification regime; </p>
        </content>
      </paragraph>
      <paragraph eId="para_16" class="SingleTxt">
        <num>	4.</num>
        <content eId="para_16__content">
          <p xml:space="preserve">
            <span class="italic">Urges</span> all States not to carry out nuclear-weapon test explosions or any other nuclear explosions, to maintain their moratoriums in this regard and to refrain from acts that would defeat the object and purpose of the Treaty, while stressing that these measures do not have the same permanent and legally binding effect as the entry into force of the Treaty; </p>
        </content>
      </paragraph>
      <paragraph eId="para_17" class="SingleTxt">
        <num>	5.</num>
        <content eId="para_17__content">
          <p xml:space="preserve">
            <span class="italic">Reiterates its condemnation</span> of the six nuclear tests conducted by the Democratic People’s Republic of Korea in violation of relevant Security Council resolutions,<authorialNote marker="4" placement="bottom" eId="authorialNote_4"><p xml:space="preserve">	 	Including Security Council resolutions <a href="https://undocs.org/en/S/RES/1718 (2006)">1718 (2006)</a>, <a href="https://undocs.org/en/S/RES/1874 (2009)">1874 (2009)</a>, <a href="https://undocs.org/en/S/RES/2094 (2013)">2094 (2013)</a>, <a href="https://undocs.org/en/S/RES/2270 (2016)">2270 (2016)</a>, <a href="https://undocs.org/en/S/RES/2321 (2016)">2321 (2016)</a> and <a href="https://undocs.org/en/S/RES/2375 (2017)">2375 (2017)</a>. </p></authorialNote> urges full compliance with the obligations under those resolutions, including that the Democratic People’s Republic of Korea abandon its nuclear weapons programme and not conduct any further nuclear tests, notes with encouragement the statement of the Democratic People’s Republic of Korea concerning a moratorium on nuclear tests and efforts towards the dismantlement of the Punggye-ri nuclear test site, reaffirms its support for the complete, verifiable and irreversible denuclearization of the Korean Peninsula in a peaceful manner, including through the Six-Party Talks, welcomes all efforts and dialogue to this end, including the inter-Korean summits and summits between the United States of America and the Democratic People’s Republic of Korea, and encourages all parties to continue such efforts and dialogue; </p>
        </content>
      </paragraph>
      <paragraph eId="para_18" class="SingleTxt">
        <num>	6.</num>
        <content eId="para_18__content">
          <p xml:space="preserve">
            <span class="italic">Urges</span> all States that have not yet signed or ratified, or that have signed but not yet ratified, the Treaty, in particular those whose ratification is needed for its entry into force, to sign and ratify it as soon as possible and to accelerate their ratification processes with a view to ensuring their earliest successful conclusion; </p>
        </content>
      </paragraph>
      <paragraph eId="para_19" class="SingleTxt">
        <num>	7.</num>
        <content eId="para_19__content">
          <p xml:space="preserve">
            <span class="italic">Welcomes</span>, since the adoption of its previous resolution on the subject, the ratification of the Treaty by Zimbabwe, since each ratification is a significant step towards the entry into force and universalization of the Treaty; </p>
        </content>
      </paragraph>
      <paragraph eId="para_20" class="SingleTxt">
        <num>	8.</num>
        <content eId="para_20__content">
          <p xml:space="preserve">
            <span class="italic">Encourages</span> further expressions from among the remaining States whose ratification is needed for the Treaty to enter into force of their intention to pursue and complete the ratification process; </p>
        </content>
      </paragraph>
      <paragraph eId="para_21" class="SingleTxt">
        <num>	9.</num>
        <content eId="para_21__content">
          <p xml:space="preserve">
            <span class="italic">Urges</span> all States to remain seized of the issue at the highest political level and, where in a position to do so, to promote adherence to the Treaty through bilateral and joint outreach, seminars and other means; </p>
        </content>
      </paragraph>
      <paragraph eId="para_22" class="MercuryDocument">
        <num>	10.</num>
        <content eId="para_22__content">
          <p xml:space="preserve">
            <span class="italic">Decides</span> to include in the provisional agenda of its seventy-fifth session the item entitled “Comprehensive Nuclear-Test-Ban Treaty”.</p>
        </content>
      </paragraph>
    </mainBody>
    <conclusions eId="conclusions">
      <p>
        <inline name="adoptionMeeting" title="46th">46th plenary meeting</inline>
        <eol />
        <docDate date="2019-12-12" refersTo="#adoptionDate">12 December 2019</docDate>
      </p>
    </conclusions>
  </statement>
</akomaNtoso>