<akomaNtoso xmlns:xsi="http://www.w3.org/2001/XMLSchema-instance" xsi:schemaLocation="http://docs.oasis-open.org/legaldocml/ns/akn/3.0 http://docs.oasis-open.org/legaldocml/akn-core/v1.0/os/part2-specs/schemas/akomantoso30.xsd" xmlns="http://docs.oasis-open.org/legaldocml/ns/akn/3.0" xmlns:html="http://www.w3.org/1999/xhtml" xmlns:akn4un="http://un.org/akn4un">
  <statement name="resolution">
    <meta>
      <identification source="#DGACM">
        <FRBRWork>
          <FRBRthis value="/akn/un/statement/deliberation/unga/2019-12-12/74-74/!main/"></FRBRthis>
          <FRBRuri value="/akn/un/statement/deliberation/unga/2019-12-12/74-74/"></FRBRuri>
          <FRBRdate date="2019-12-12" name="adoption"></FRBRdate>
          <FRBRauthor href="ga" as="author"></FRBRauthor>
          <FRBRcountry value="un"></FRBRcountry>
        </FRBRWork>
        <FRBRExpression>
          <FRBRthis value="/akn/un/statement/deliberation/unga/2019-12-12/74-74/eng@!main/"></FRBRthis>
          <FRBRuri value="/akn/un/statement/deliberation/unga/2019-12-12/74-74/eng@/"></FRBRuri>
          <FRBRdate date="2019-12-23" name="publication"></FRBRdate>
          <FRBRauthor href="ga" as="issuer"></FRBRauthor>
          <FRBRlanguage language="eng"></FRBRlanguage>
        </FRBRExpression>
        <FRBRManifestation>
          <FRBRthis value="/akn/un/statement/deliberation/unga/2019-12-12/74-74/eng@/!main.xml"></FRBRthis>
          <FRBRuri value="/akn/un/statement/deliberation/unga/2019-12-12/74-74/eng@.xml"></FRBRuri>
          <FRBRdate date="2020-07-30" name="markup"></FRBRdate>
          <FRBRauthor href="DGACM" as="editor"></FRBRauthor>
        </FRBRManifestation>
      </identification>
      <classification source="http://metadata.un.org/sdg">
        <keyword value="17.8" href="http://metadata.un.org/sdg/17.8" showAs="sdg_17.8" dictionary="SDGO"></keyword>
        <keyword value="power_of_implementation" href="http://eurovoc.europa.eu/2577" showAs="power_of_implementation" dictionary="EuroVoc"></keyword>
        <keyword value="information_technology" href="http://eurovoc.europa.eu/5188" showAs="information_technology" dictionary="EuroVoc"></keyword>
        <keyword value="internet" href="http://eurovoc.europa.eu/6088" showAs="internet" dictionary="EuroVoc"></keyword>
        <keyword value="communication_technology" href="http://metadata.un.org/thesaurus/1001133" showAs="communication_technology" dictionary="UNBIS Thesaurus"></keyword>
        <keyword value="information_technology" href="http://metadata.un.org/thesaurus/1003205" showAs="information_technology" dictionary="UNBIS Thesaurus"></keyword>
        <keyword value="physical_infrastructure" href="http://metadata.un.org/thesaurus/1004898" showAs="physical_infrastructure" dictionary="UNBIS Thesaurus"></keyword>
        <keyword value="internet" href="http://metadata.un.org/thesaurus/1003348" showAs="internet" dictionary="UNBIS Thesaurus"></keyword>
      </classification>
      <classification source="http://metadata.un.org/sdg">
        <keyword value="4.a" href="http://metadata.un.org/sdg/4.a" showAs="sdg_4.a" dictionary="SDGO"></keyword>
        <keyword value="power_of_implementation" href="http://eurovoc.europa.eu/2577" showAs="power_of_implementation" dictionary="EuroVoc"></keyword>
        <keyword value="educational_facilities" href="http://metadata.un.org/thesaurus/1001902" showAs="educational_facilities" dictionary="UNBIS Thesaurus"></keyword>
      </classification>
      <workflow source="#un">
        <step date="2019-10-16" outcome="draftResolution" as="A/C.1/74/L.39" by="Zimbabwe" />
        <step date="0001-01-01" outcome="draftResolutionAdditionalSponsors" by="" />
        <step date="0001-01-01" outcome="recommendedForAdoption" as="A/74/370" by="" refersTo="12" />
        <step date="2019-12-12" outcome="adopted" as="A/74/PV.46" by="" />
      </workflow>
      <analysis source="#un">
        <parliamentary>
          <voting outcome="adoptedWithoutVote">
            <quorum value=""></quorum>
          </voting>
        </parliamentary>
      </analysis>
      <references source="#DGACM">
        <TLCOrganization eId="source" href="/akn/ontology/organization/un/DGACM" showAs="DGACM"></TLCOrganization>
        <TLCConcept eId="dateOfIssuance" href="/akn/ontology/concept/un/dateOfIssuance" showAs="Date of issuance"></TLCConcept>
        <TLCConcept eId="dateOfAdoption" href="/akn/ontology/concept/un/dateOfAdoption" showAs="Date of adoption"></TLCConcept>
        <TLCConcept eId="symbol" href="/akn/ontology/reference/un/symbol" showAs="Symbol"></TLCConcept>
        <TLCRole eId="publisher" href="/akn/ontology/role/un/publisher" showAs="Publisher"></TLCRole>
        <TLCRole eId="issuingBody" href="/akn/role/concept/un/issuingBody" showAs="Issuing body"></TLCRole>
        <TLCRole eId="author" href="/akn/ontology/role/un/author" showAs="Author"></TLCRole>
        <TLCRole eId="editor" href="/akn/ontology/role/un/editor" showAs="Editor"></TLCRole>
        <TLCRole eId="distribution" href="/akn/ontology/concept/un/generalDistribution" showAs="General distribution"></TLCRole>
        <TLCOrganization eId="ga" href="/akn/ontology/organization/un/generalAssembly" showAs="General Assembly"></TLCOrganization>
        <TLCTerm eId="resolutionTitle" href="/akn/ontology/reference/un/resolutionTitle" showAs="Resolution title"></TLCTerm>
        <TLCTerm eId="firstCommittee" href="#firstCommittee" showAs="First Committee"></TLCTerm>
        <TLCTerm eId="memberState" href="/akn/ontology/organization/un/memberState" showAs="Member State"></TLCTerm>
        <TLCTerm eId="inFavour" href="/akn/ontology/concept/un/voting/inFavour" showAs="In favour"></TLCTerm>
        <TLCTerm eId="against" href="/akn/ontology/concept/un/voting/against" showAs="Against"></TLCTerm>
        <TLCTerm eId="abstaining" href="/akn/ontology/concept/un/voting/abstaining" showAs="Abstaining"></TLCTerm>
      </references>
      <presentation source="#un">
        <akn4un:footerFirstPage>
          <akn4un:footerFirstPageLeft>
            <akn4un:internalCode>
              <docketNumber refersTo="#publicationJobNumber">19-21875 (E)</docketNumber>
              <img alt="bar code" class="barCode" src=""></img>
            </akn4un:internalCode>
          </akn4un:footerFirstPageLeft>
          <akn4un:footerFirstPageRight>
            <img alt="Please recycle" class="image" src="./recylcleLogo.jpg"></img>
            <img alt="embedded QR code" class="qrCode" src=""></img>
          </akn4un:footerFirstPageRight>
        </akn4un:footerFirstPage>
      </presentation>
    </meta>
    <coverPage eId="coverPage_1">
      <p>
        <span refersTo="#publisher" class="upperLeft">
          <docAuthority refersTo="#publisher">United Nations</docAuthority>
        </span>
      </p>
      <p class="upperRight">
        <docNumber refersTo="#symbol">A/RES/74/74</docNumber>
      </p>
      <p class="upperLeft">
        <img src="logo-un.jpg"></img>
        <docAuthority refersTo="#issuingBody" class="rightBig">General Assembly</docAuthority>
      </p>
      <p>
        <docStatus refersTo="#generalDistribution" class="rightSmall">Distr.: General</docStatus>
      </p>
      <p>
        <docDate date="2019-12-23" class="rightSmall" refersTo="#dateOfIssuance">23 December 2019</docDate>
      </p>
      <p>
        <session refersTo="#generalAssembly" value="74" eId="coverPage_1__session_1">Seventy-fourth session</session>
      </p>
      <p>
        <inline name="agenda item">Agenda item 100 (a)</inline>
      </p>
      <p>
        <inline name="agenda item name">Review of the implementation of the recommendations and decisions adopted by the General Assembly at its tenth special session: report of the Conference on Disarmament</inline>
      </p>
      <p>
        <docTitle>Resolution adopted by the General Assembly on 12 December 2019</docTitle>
      </p>
      <p xml:space="preserve">
        <docProponent refersTo="#firstCommittee">[on the report of the First Committee (<inline name="originating document">A/74/370</inline>)]</docProponent>
      </p>
    </coverPage>
    <preface>
      <p>
        <docNumber>74/74.</docNumber>
        <docTitle refersTo="#resolutionTitle">Report of the Conference on Disarmament</docTitle>
      </p>
    </preface>
    <preamble>
      <formula name="enactingFormula" eId="formula_1">
        <p xml:space="preserve">
          <span class="italic">The General Assembly</span>,</p>
      </formula>
      <container name="Having considered" eId="container_2">
        <p xml:space="preserve">
          <span class="italic">Having considered</span> the report of the Conference on Disarmament,<authorialNote marker="1" placement="bottom" eId="authorialNote_1"><p xml:space="preserve"><span class="italic">Official Records of the General Assembly, Seventy-fourth Session, Supplement No. 27</span> (<a href="https://undocs.org/en/A/74/27">A/74/27</a>).</p></authorialNote></p>
      </container>
      <container name="Recalling" eId="container_3">
        <p xml:space="preserve">
          <span class="italic">Recalling</span> its resolution <a href="https://undocs.org/en/A/RES/73/81">73/81</a> of 5 December 2018,</p>
      </container>
      <container name="Convinced" eId="container_4">
        <p xml:space="preserve">
          <span class="italic">Convinced</span> that the Conference on Disarmament, as the single multilateral disarmament negotiating forum of the international community, has the primary role in substantive negotiations on priority questions of disarmament, </p>
      </container>
      <container name="Recognizing" eId="container_5">
        <p xml:space="preserve">
          <span class="italic">Recognizing</span> the addresses of the Secretary-General of the United Nations, as well as the addresses of Ministers for Foreign Affairs and other high-level officials in the Conference on Disarmament, and referring to their various expressions of support for and concern about the endeavours of the Conference and calls for the Conference to commence negotiations without delay to advance disarmament goals through the adoption of a balanced and comprehensive programme of work,</p>
      </container>
      <container name="Recognizing also" eId="container_6">
        <p xml:space="preserve">
          <span class="italic">Recognizing also</span> the need to conduct multilateral negotiations with the aim of reaching agreement on concrete issues, and emphasizing the importance of effective multilateralism in the context of the changing international climate,</p>
      </container>
      <container name="Noting with renewed concern" eId="container_7">
        <p xml:space="preserve">
          <span class="italic">Noting with renewed concern</span> that, despite the intensive efforts by States members and Presidents of the Conference on Disarmament at its 2019 session to reach consensus on a programme of work on the basis of relevant proposals and suggestions, the Conference did not succeed in commencing its substantive work by means of negotiations or agree to a programme of work, </p>
      </container>
      <container name="Recalling" eId="container_8">
        <p xml:space="preserve">
          <span class="italic">Recalling</span>, in this respect, that the Conference on Disarmament has a number of priority issues for negotiation to achieve disarmament goals,</p>
      </container>
      <container name="Welcoming" eId="container_9">
        <p xml:space="preserve">
          <span class="italic">Welcoming</span> the overwhelming call for greater flexibility with respect to implementing the substantive work of the Conference on Disarmament on the basis of a balanced and comprehensive programme of work,</p>
      </container>
      <container name="Underlining" eId="container_10">
        <p xml:space="preserve">
          <span class="italic">Underlining</span> the need for continued cooperation among the States members of the Conference on Disarmament as well as among the successive Presidents of the Conference,</p>
      </container>
      <container name="Noting with appreciation" eId="container_11">
        <p xml:space="preserve">
          <span class="italic">Noting with appreciation</span> the contributions made at the 2019 session to promote substantive discussions on issues on the agenda, </p>
      </container>
      <container name="Acknowledging" eId="container_12">
        <p xml:space="preserve">
          <span class="italic">Acknowledging</span> the United Nations Institute for Disarmament Research, as a stand-alone, autonomous institution, and the contribution that its research makes, </p>
      </container>
      <container name="Recognizing" eId="container_13">
        <p xml:space="preserve">
          <span class="italic">Recognizing</span> the importance of engagement between civil society and the Conference on Disarmament according to decisions taken by the Conference,</p>
      </container>
    </preamble>
    <mainBody>
      <paragraph eId="para_14" class="SingleTxt">
        <num>	1.</num>
        <content eId="para_14__content">
          <p xml:space="preserve">
            <span class="italic">Reaffirms</span> the role of the Conference on Disarmament as the single multilateral disarmament negotiating forum of the international community;</p>
        </content>
      </paragraph>
      <paragraph eId="para_15" class="SingleTxt">
        <num>	2.</num>
        <content eId="para_15__content">
          <p xml:space="preserve">
            <span class="italic">Appreciates</span> the strong support expressed for the Conference on Disarmament at its 2019 session by Ministers for Foreign Affairs and other high-level officials, while also acknowledging their concern about its ongoing impasse, and takes into account their calls for greater flexibility with respect to commencing the substantive work of the Conference without further delay;</p>
        </content>
      </paragraph>
      <paragraph eId="para_16" class="SingleTxt">
        <num>	3.</num>
        <content eId="para_16__content">
          <p xml:space="preserve">
            <span class="italic">Calls upon</span> the Conference on Disarmament to further intensify consultations and to explore possibilities for overcoming its ongoing deadlock of two decades by adopting and implementing a balanced and comprehensive programme of work at the earliest possible date during its 2020 session, bearing in mind the decision on the programme of work adopted by the Conference on 29 May 2009,<authorialNote marker="2" placement="bottom" eId="authorialNote_2"><p xml:space="preserve">	 	Ibid., <span class="italic">Sixty-fourth Session, Supplement No. 27</span> (<a href="https://undocs.org/en/A/64/27(supp)">A/64/27</a>), para. 18.</p></authorialNote> as well as other relevant present, past and future proposals;</p>
        </content>
      </paragraph>
      <paragraph eId="para_17" class="SingleTxt">
        <num>	4.</num>
        <content eId="para_17__content">
          <p xml:space="preserve">
            <span class="italic">Encourages</span> the current President and the incoming President of the Conference on Disarmament to conduct consultations during the intersessional period and, if possible, to make recommendations, taking into account all relevant proposals, past, present and future, including those submitted as documents of the Conference, views presented and discussions held, and to endeavour to keep the membership of the Conference informed, as appropriate, of their consultations;</p>
        </content>
      </paragraph>
      <paragraph eId="para_18" class="SingleTxt">
        <num>	5.</num>
        <content eId="para_18__content">
          <p xml:space="preserve">
            <span class="italic">Requests</span> the current President and successive Presidents of the Conference on Disarmament to cooperate with the States members of the Conference in the effort to guide the Conference to the early commencement of its substantive work, including negotiations, at its 2020 session;</p>
        </content>
      </paragraph>
      <paragraph eId="para_19" class="SingleTxt">
        <num>	6.</num>
        <content eId="para_19__content">
          <p xml:space="preserve">
            <span class="italic">Recognizes</span> the importance of continuing consultations in 2020 on the question of the expansion of the membership of the Conference on Disarmament;</p>
        </content>
      </paragraph>
      <paragraph eId="para_20" class="SingleTxt">
        <num>	7.</num>
        <content eId="para_20__content">
          <p xml:space="preserve">
            <span class="italic">Requests</span> the Secretary-General to continue to ensure and to strengthen, if needed, the provision to the Conference on Disarmament of all necessary administrative, substantive and conference support services;</p>
        </content>
      </paragraph>
      <paragraph eId="para_21" class="SingleTxt">
        <num>	8.</num>
        <content eId="para_21__content">
          <p xml:space="preserve">
            <span class="italic">Requests</span> the Conference on Disarmament to submit to the General Assembly at its seventy-fifth session a report on its work;</p>
        </content>
      </paragraph>
      <paragraph eId="para_22" class="MercuryDocument">
        <num>	9.</num>
        <content eId="para_22__content">
          <p xml:space="preserve">
            <span class="italic">Decides</span> to include in the provisional agenda of its seventy-fifth session, under the item entitled “Review of the implementation of the recommendations and decisions adopted by the General Assembly at its tenth special session”, the sub-item entitled “Report of the Conference on Disarmament”.</p>
        </content>
      </paragraph>
    </mainBody>
    <conclusions eId="conclusions">
      <p>
        <inline name="adoptionMeeting" title="46th">46th plenary meeting</inline>
        <eol />
        <docDate date="2019-12-12" refersTo="#adoptionDate">12 December 2019</docDate>
      </p>
    </conclusions>
  </statement>
</akomaNtoso>