<akomaNtoso xmlns:xsi="http://www.w3.org/2001/XMLSchema-instance" xsi:schemaLocation="http://docs.oasis-open.org/legaldocml/ns/akn/3.0 http://docs.oasis-open.org/legaldocml/akn-core/v1.0/os/part2-specs/schemas/akomantoso30.xsd" xmlns="http://docs.oasis-open.org/legaldocml/ns/akn/3.0" xmlns:html="http://www.w3.org/1999/xhtml" xmlns:akn4un="http://un.org/akn4un">
  <statement name="resolution">
    <meta>
      <identification source="#DGACM">
        <FRBRWork>
          <FRBRthis value="/akn/un/statement/deliberation/unga/2019-12-13/74-82/!main/"></FRBRthis>
          <FRBRuri value="/akn/un/statement/deliberation/unga/2019-12-13/74-82/"></FRBRuri>
          <FRBRdate date="2019-12-13" name="adoption"></FRBRdate>
          <FRBRauthor href="ga" as="author"></FRBRauthor>
          <FRBRcountry value="un"></FRBRcountry>
        </FRBRWork>
        <FRBRExpression>
          <FRBRthis value="/akn/un/statement/deliberation/unga/2019-12-13/74-82/eng@!main/"></FRBRthis>
          <FRBRuri value="/akn/un/statement/deliberation/unga/2019-12-13/74-82/eng@/"></FRBRuri>
          <FRBRdate date="2019-12-26" name="publication"></FRBRdate>
          <FRBRauthor href="ga" as="issuer"></FRBRauthor>
          <FRBRlanguage language="eng"></FRBRlanguage>
        </FRBRExpression>
        <FRBRManifestation>
          <FRBRthis value="/akn/un/statement/deliberation/unga/2019-12-13/74-82/eng@/!main.xml"></FRBRthis>
          <FRBRuri value="/akn/un/statement/deliberation/unga/2019-12-13/74-82/eng@.xml"></FRBRuri>
          <FRBRdate date="2020-07-31" name="markup"></FRBRdate>
          <FRBRauthor href="DGACM" as="editor"></FRBRauthor>
        </FRBRManifestation>
      </identification>
      <classification source="http://metadata.un.org/sdg">
        <keyword value="17" href="http://metadata.un.org/sdg/17" showAs="sdg_17" dictionary="SDGO"></keyword>
        <keyword value="sustainable_development" href="http://eurovoc.europa.eu/5585" showAs="sustainable_development" dictionary="EuroVoc"></keyword>
        <keyword value="partnership" href="http://eurovoc.europa.eu/4199" showAs="partnership" dictionary="EuroVoc"></keyword>
        <keyword value="sustainable_development" href="http://metadata.un.org/thesaurus/1006319" showAs="sustainable_development" dictionary="UNBIS Thesaurus"></keyword>
        <keyword value="partnership" href="http://metadata.un.org/thesaurus/1004748" showAs="partnership" dictionary="UNBIS Thesaurus"></keyword>
      </classification>
      <classification source="http://metadata.un.org/sdg">
        <keyword value="16" href="http://metadata.un.org/sdg/16" showAs="sdg_16" dictionary="SDGO"></keyword>
        <keyword value="right_to_justice" href="http://eurovoc.europa.eu/516" showAs="right_to_justice" dictionary="EuroVoc"></keyword>
        <keyword value="sustainable_development" href="http://eurovoc.europa.eu/5585" showAs="sustainable_development" dictionary="EuroVoc"></keyword>
        <keyword value="civil_society" href="http://metadata.un.org/thesaurus/1001012" showAs="civil_society" dictionary="UNBIS Thesaurus"></keyword>
        <keyword value="justice" href="http://metadata.un.org/thesaurus/1003500" showAs="justice" dictionary="UNBIS Thesaurus"></keyword>
        <keyword value="peaceful_coexistence" href="http://metadata.un.org/thesaurus/1004777" showAs="peaceful_coexistence" dictionary="UNBIS Thesaurus"></keyword>
        <keyword value="public_institutions" href="http://metadata.un.org/thesaurus/1005254" showAs="public_institutions" dictionary="UNBIS Thesaurus"></keyword>
        <keyword value="social_justice" href="http://metadata.un.org/thesaurus/1005970" showAs="social_justice" dictionary="UNBIS Thesaurus"></keyword>
        <keyword value="sustainable_development" href="http://metadata.un.org/thesaurus/1006319" showAs="sustainable_development" dictionary="UNBIS Thesaurus"></keyword>
      </classification>
      <workflow source="#un">
        <step date="2019-10-18" outcome="draftResolution" as="A/C.4/74/L.7" by="introduced in the Committee by the representative of Brazil (on behalf of the Working Group of the Whole on International Cooperation in the Peaceful Uses of Outer Space)" />
        <step date="0001-01-01" outcome="draftResolutionAdditionalSponsors" by="" />
        <step date="0001-01-01" outcome="recommendedForAdoption" as="A/74/408" by="" refersTo="10" />
        <step date="2019-12-13" outcome="adopted" as="A/74/PV.47" by="" />
      </workflow>
      <analysis source="#un">
        <parliamentary>
          <voting outcome="adoptedWithoutVote">
            <quorum value=""></quorum>
          </voting>
        </parliamentary>
      </analysis>
      <references source="#DGACM">
        <TLCOrganization eId="source" href="/akn/ontology/organization/un/DGACM" showAs="DGACM"></TLCOrganization>
        <TLCConcept eId="dateOfIssuance" href="/akn/ontology/concept/un/dateOfIssuance" showAs="Date of issuance"></TLCConcept>
        <TLCConcept eId="dateOfAdoption" href="/akn/ontology/concept/un/dateOfAdoption" showAs="Date of adoption"></TLCConcept>
        <TLCConcept eId="symbol" href="/akn/ontology/reference/un/symbol" showAs="Symbol"></TLCConcept>
        <TLCRole eId="publisher" href="/akn/ontology/role/un/publisher" showAs="Publisher"></TLCRole>
        <TLCRole eId="issuingBody" href="/akn/role/concept/un/issuingBody" showAs="Issuing body"></TLCRole>
        <TLCRole eId="author" href="/akn/ontology/role/un/author" showAs="Author"></TLCRole>
        <TLCRole eId="editor" href="/akn/ontology/role/un/editor" showAs="Editor"></TLCRole>
        <TLCRole eId="distribution" href="/akn/ontology/concept/un/generalDistribution" showAs="General distribution"></TLCRole>
        <TLCOrganization eId="ga" href="/akn/ontology/organization/un/generalAssembly" showAs="General Assembly"></TLCOrganization>
        <TLCTerm eId="resolutionTitle" href="/akn/ontology/reference/un/resolutionTitle" showAs="Resolution title"></TLCTerm>
        <TLCTerm eId="fourthCommittee" href="#fourthCommittee" showAs="Special Political and Decolonization Committee"></TLCTerm>
        <TLCTerm eId="memberState" href="/akn/ontology/organization/un/memberState" showAs="Member State"></TLCTerm>
        <TLCTerm eId="inFavour" href="/akn/ontology/concept/un/voting/inFavour" showAs="In favour"></TLCTerm>
        <TLCTerm eId="against" href="/akn/ontology/concept/un/voting/against" showAs="Against"></TLCTerm>
        <TLCTerm eId="abstaining" href="/akn/ontology/concept/un/voting/abstaining" showAs="Abstaining"></TLCTerm>
      </references>
      <presentation source="#un">
        <akn4un:footerFirstPage>
          <akn4un:footerFirstPageLeft>
            <akn4un:internalCode>
              <docketNumber refersTo="#publicationJobNumber">19-21891 (E)</docketNumber>
              <img alt="bar code" class="barCode" src=""></img>
            </akn4un:internalCode>
          </akn4un:footerFirstPageLeft>
          <akn4un:footerFirstPageRight>
            <img alt="Please recycle" class="image" src="./recylcleLogo.jpg"></img>
            <img alt="embedded QR code" class="qrCode" src=""></img>
          </akn4un:footerFirstPageRight>
        </akn4un:footerFirstPage>
      </presentation>
    </meta>
    <coverPage eId="coverPage_1">
      <p>
        <span refersTo="#publisher" class="upperLeft">
          <docAuthority refersTo="#publisher">United Nations</docAuthority>
        </span>
      </p>
      <p class="upperRight">
        <docNumber refersTo="#symbol">A/RES/74/82</docNumber>
      </p>
      <p class="upperLeft">
        <img src="logo-un.jpg"></img>
        <docAuthority refersTo="#issuingBody" class="rightBig">General Assembly</docAuthority>
      </p>
      <p>
        <docStatus refersTo="#generalDistribution" class="rightSmall">Distr.: General</docStatus>
      </p>
      <p>
        <docDate date="2019-12-26" class="rightSmall" refersTo="#dateOfIssuance">26 December 2019</docDate>
      </p>
      <p>
        <session refersTo="#generalAssembly" value="74" eId="coverPage_1__session_1">Seventy-fourth session</session>
      </p>
      <p>
        <inline name="agenda item">Agenda item 49 (a)</inline>
      </p>
      <p>
        <inline name="agenda item name">International cooperation in the peaceful uses of outer space: international cooperation in the peaceful uses of outer space</inline>
      </p>
      <p>
        <docTitle>Resolution adopted by the General Assembly on 13 December 2019</docTitle>
      </p>
      <p xml:space="preserve">
        <docProponent refersTo="#fourthCommittee">[on the report of the Special Political and Decolonization Committee (Fourth Committee) (<inline name="originating document">A/74/408</inline>)]</docProponent>
      </p>
    </coverPage>
    <preface>
      <p>
        <docNumber>74/82.</docNumber>
        <docTitle refersTo="#resolutionTitle">International cooperation in the peaceful uses of outer space</docTitle>
      </p>
    </preface>
    <preamble>
      <formula name="enactingFormula" eId="formula_1">
        <p xml:space="preserve">
          <span class="italic">The General Assembly</span>,</p>
      </formula>
      <container name="Recalling" eId="container_2">
        <p xml:space="preserve">
          <span class="italic">Recalling</span> its resolutions <a href="https://undocs.org/en/A/RES/51/122">51/122</a> of 13 December 1996, <a href="https://undocs.org/en/A/RES/54/68">54/68</a> of 6 December 1999, <a href="https://undocs.org/en/A/RES/59/2">59/2</a> of 20 October 2004, <a href="https://undocs.org/en/A/RES/61/110">61/110</a> and <a href="https://undocs.org/en/A/RES/61/111">61/111</a> of 14 December 2006, <a href="https://undocs.org/en/A/RES/62/101">62/101</a> of 17 December 2007, <a href="https://undocs.org/en/A/RES/62/217">62/217</a> of 22 December 2007, <a href="https://undocs.org/en/A/RES/65/97">65/97</a> of 10 December 2010, <a href="https://undocs.org/en/A/RES/65/271">65/271</a> of 7 April 2011, <a href="https://undocs.org/en/A/RES/66/71">66/71</a> of 9 December 2011, <a href="https://undocs.org/en/A/RES/67/113">67/113</a> of 18 December 2012, <a href="https://undocs.org/en/A/RES/68/50">68/50</a> of 5 December 2013, <a href="https://undocs.org/en/A/RES/68/74">68/74</a> and <a href="https://undocs.org/en/A/RES/68/75">68/75</a> of 11 December 2013, <a href="https://undocs.org/en/A/RES/69/85">69/85</a> of 5 December 2014, <a href="https://undocs.org/en/A/RES/70/1">70/1</a> of 25 September 2015, <a href="https://undocs.org/en/A/RES/70/82">70/82</a> of 9 December 2015, <a href="https://undocs.org/en/A/RES/70/230">70/230</a> of 23 December 2015, <a href="https://undocs.org/en/A/RES/71/90">71/90</a> of 6 December 2016, <a href="https://undocs.org/en/A/RES/72/77">72/77</a> and <a href="https://undocs.org/en/A/RES/72/78">72/78</a> of 7 December 2017, <a href="https://undocs.org/en/A/RES/73/6">73/6</a> of 26 October 2018 and <a href="https://undocs.org/en/A/RES/73/91">73/91</a> of 7 December 2018,</p>
      </container>
      <container name="Emphasizing" eId="container_3">
        <p xml:space="preserve">
          <span class="italic">Emphasizing</span> the significant progress in the development of space science and technology and their applications that has enabled humans to explore the universe, and the extraordinary achievements made in space exploration efforts, including deepening the understanding of the planetary system and the Sun and the Earth itself, in the use of space science and technology for the benefit of all humankind and in the development of the international legal regime governing space activities, </p>
      </container>
      <container name="Recognizing" eId="container_4">
        <p xml:space="preserve">
          <span class="italic">Recognizing</span>, in that regard, the unique platform at the global level for international cooperation in space activities represented by the Committee on the Peaceful Uses of Outer Space and its Scientific and Technical Subcommittee and Legal Subcommittee and assisted by the Office for Outer Space Affairs of the Secretariat, </p>
      </container>
      <container name="Deeply convinced" eId="container_5">
        <p xml:space="preserve">
          <span class="italic">Deeply convinced</span> of the common interest of all humankind in promoting and expanding the exploration and use of outer space, as the province of all humankind, for peaceful purposes and in continuing efforts to extend to all Member States the benefits derived therefrom, and also of the importance of international cooperation in this field, for which the United Nations should continue to provide a focal point, </p>
      </container>
      <container name="Reaffirming" eId="container_6">
        <p xml:space="preserve">
          <span class="italic">Reaffirming</span> the importance of international cooperation in developing the rule of international law, including the relevant norms of international space law and their important role in international cooperation for the exploration and use of outer space for peaceful purposes, and of the widest possible adherence to international treaties that promote the peaceful uses of outer space in order to meet emerging new challenges, especially for developing countries, </p>
      </container>
      <container name="Seriously concerned" eId="container_7">
        <p xml:space="preserve">
          <span class="italic">Seriously concerned</span> about the possibility of an arms race in outer space, and bearing in mind the importance of article IV of the Treaty on Principles Governing the Activities of States in the Exploration and Use of Outer Space, including the Moon and Other Celestial Bodies,<authorialNote marker="1" placement="bottom" eId="authorialNote_1"><p xml:space="preserve">	 	United Nations, <span class="italic">Treaty Series</span>, vol. 610, No. 8843.</p></authorialNote></p>
      </container>
      <container name="Recognizing" eId="container_8">
        <p xml:space="preserve">
          <span class="italic">Recognizing</span> that all Member States, in particular those with major space capabilities, should contribute actively to the prevention of an arms race in outer space with a view to promoting and strengthening international cooperation in the exploration and use of outer space for peaceful purposes,</p>
      </container>
      <container name="Deeply concerned" eId="container_9">
        <p xml:space="preserve">
          <span class="italic">Deeply concerned</span> about the fragility of the space environment and the challenges to the long-term sustainability of outer space activities, in particular the impact of space debris, which is an issue of concern to all nations, </p>
      </container>
      <container name="Noting" eId="container_10">
        <p xml:space="preserve">
          <span class="italic">Noting</span> the progress achieved in the development of peaceful space exploration and applications as well as in various national and cooperative space projects, and the importance of further developing the legal framework to strengthen international cooperation in space, </p>
      </container>
      <container name="Convinced" eId="container_11">
        <p xml:space="preserve">
          <span class="italic">Convinced</span> that space science and technology and their applications, including satellite communications, Earth observation systems and satellite navigation technologies, provide indispensable tools for viable long-term solutions for sustainable development and can contribute more effectively to efforts to promote the development of all countries and regions of the world, and stressing in that regard the need to harness the benefits of space technology towards implementing the 2030 Agenda for Sustainable Development,<authorialNote marker="2" placement="bottom" eId="authorialNote_2"><p xml:space="preserve">	 	Resolution <a href="https://undocs.org/en/A/RES/70/1">70/1</a>.</p></authorialNote></p>
      </container>
      <container name="Seriously concerned" eId="container_12">
        <p xml:space="preserve">
          <span class="italic">Seriously concerned</span> about the devastating impact of disasters,<authorialNote marker="3" placement="bottom" eId="authorialNote_3"><p xml:space="preserve">	 	The term “disasters” refers to natural or technological disasters.</p></authorialNote> and desirous of enhancing international coordination and cooperation at the global level in disaster management and emergency response through greater access to and use of space-based services and geospatial information for all countries and facilitating capacity-building and institutional strengthening for disaster management, in particular in developing countries,</p>
      </container>
      <container name="Firmly convinced" eId="container_13">
        <p xml:space="preserve">
          <span class="italic">Firmly convinced</span> that the use of space science and technology and their applications in areas such as tele-health, tele-education, disaster management, environmental protection, natural resources management and ocean and climate monitoring contribute to achieving the objectives of the global conferences of the United Nations that address various aspects of economic, social and cultural development, particularly poverty eradication, </p>
      </container>
      <container name="Deeply concerned" eId="container_14">
        <p xml:space="preserve">
          <span class="italic">Deeply concerned</span> about the devastating effects of infectious diseases, including Ebola virus disease, to the detriment of human life, society and development, and urging the international community to enhance the role of space-based solutions, in particular tele-epidemiology, in monitoring, preparedness and response activities, </p>
      </container>
      <container name="Recalling" eId="container_15">
        <p xml:space="preserve">
          <span class="italic">Recalling</span> the fact that the United Nations Conference on Sustainable Development, held in Rio de Janeiro, Brazil, from 20 to 22 June 2012, recognized the important role that space science and technology play in promoting sustainable development,<authorialNote marker="4" placement="bottom" eId="authorialNote_4"><p xml:space="preserve">	 	Resolution <a href="https://undocs.org/en/A/RES/66/288">66/288</a>, annex, para. 274.</p></authorialNote></p>
      </container>
      <container name="Having considered" eId="container_16">
        <p xml:space="preserve">
          <span class="italic">Having considered</span> the report of the Committee on the Peaceful Uses of Outer Space on the work of its sixty-second session,<authorialNote marker="5" placement="bottom" eId="authorialNote_5"><p xml:space="preserve"><span class="italic">Official Records of the General Assembly, Seventy-fourth Session, Supplement No. 20</span> (<a href="https://undocs.org/en/A/74/20">A/74/20</a>).</p></authorialNote></p>
      </container>
    </preamble>
    <mainBody>
      <paragraph eId="para_17" class="SingleTxt">
        <num>	1.</num>
        <content eId="para_17__content">
          <p xml:space="preserve">
            <span class="italic">Endorses</span> the report of the Committee on the Peaceful Uses of Outer Space on the work of its sixty-second session;<sup>5</sup></p>
        </content>
      </paragraph>
      <paragraph eId="para_18" class="SingleTxt">
        <num>	2.</num>
        <content eId="para_18__content">
          <p xml:space="preserve">
            <span class="italic">Welcomes with appreciation</span> the adoption by the Committee of the preamble and 21 guidelines for the long-term sustainability of outer space activities, as contained in annex II to the report of the Committee, and the establishment, under a five-year workplan, of a working group under the agenda item on the long-term sustainability of outer space activities of the Scientific and Technical Subcommittee of the Committee, notes that the Committee encouraged States and international intergovernmental organizations to voluntarily take measures to ensure that the guidelines were implemented to the greatest extent feasible and practicable, and emphasizes that the Committee serves as the principal forum for continued institutionalized dialogue on issues related to the implementation and review of the guidelines;</p>
        </content>
      </paragraph>
      <paragraph eId="para_19" class="SingleTxt">
        <num>	3.</num>
        <content eId="para_19__content">
          <p xml:space="preserve">
            <span class="italic">Agrees</span> that the Committee, at its sixty-third session, should consider the substantive items and convene the working group recommended at its sixty-second session,<authorialNote marker="6" placement="bottom" eId="authorialNote_6"><p xml:space="preserve">	 	Ibid., para. 374.</p></authorialNote> including holding intersessional consultations as necessary, taking into account the concerns of all countries, in particular those of developing countries; </p>
        </content>
      </paragraph>
      <paragraph eId="para_20" class="SingleTxt">
        <num>	4.</num>
        <content eId="para_20__content">
          <p xml:space="preserve">
            <span class="italic">Notes</span> that, at its fifty-eighth session, the Legal Subcommittee of the Committee continued its work,<authorialNote marker="7" placement="bottom" eId="authorialNote_7"><p xml:space="preserve">	 	Ibid., chap. II, sect. C; see also <a href="https://undocs.org/en/A/AC.105/1203">A/AC.105/1203</a>.</p></authorialNote> as mandated by the General Assembly in its resolution <a href="https://undocs.org/en/A/RES/73/91">73/91</a>;</p>
        </content>
      </paragraph>
      <paragraph eId="para_21" class="SingleTxt">
        <num>	5.</num>
        <content eId="para_21__content">
          <p xml:space="preserve">
            <span class="italic">Agrees</span> that the Legal Subcommittee, at its fifty-ninth session, should consider the substantive items and reconvene the working groups recommended by the Committee,<authorialNote marker="8" placement="bottom" eId="authorialNote_8"><p xml:space="preserve"><span class="italic">Official Records of the General Assembly, Seventy-fourth Session, Supplement No. 20</span> (<a href="https://undocs.org/en/A/74/20">A/74/20</a>), paras. 261–262.</p></authorialNote> including holding intersessional consultations as necessary, taking into account the concerns of all countries, in particular those of developing countries; </p>
        </content>
      </paragraph>
      <paragraph eId="para_22" class="SingleTxt">
        <num>	6.</num>
        <content eId="para_22__content">
          <p xml:space="preserve">
            <span class="italic">Urges</span> Member States that have not yet become parties to the international treaties governing the uses of outer space<authorialNote marker="9" placement="bottom" eId="authorialNote_9"><p xml:space="preserve">	 	Treaty on Principles Governing the Activities of States in the Exploration and Use of Outer Space, including the Moon and Other Celestial Bodies (United Nations, <span class="italic">Treaty Series</span>, vol. 610, No. 8843); Agreement on the Rescue of Astronauts, the Return of Astronauts and the Return of Objects Launched into Outer Space (United Nations, <span class="italic">Treaty Series</span>, vol. 672, No. 9574); Convention on International Liability for Damage Caused by Space Objects (United Nations, <span class="italic">Treaty Series</span>, vol. 961, No. 13810); Convention on Registration of Objects Launched into Outer Space (United Nations, <span class="italic">Treaty Series</span>, vol. 1023, No. 15020); and Agreement Governing the Activities of States on the Moon and Other Celestial Bodies (United Nations, <span class="italic">Treaty Series</span>, vol. 1363, No. 23002).</p></authorialNote> to give consideration to ratifying or acceding to those treaties in accordance with their national law, as well as incorporating them into their national legislation; </p>
        </content>
      </paragraph>
      <paragraph eId="para_23" class="SingleTxt">
        <num>	7.</num>
        <content eId="para_23__content">
          <p xml:space="preserve">
            <span class="italic">Notes with satisfaction</span> that the space law curriculum developed by the Office and published in all official languages of the United Nations could encourage further studies within Member States in cooperation with relevant entities in support of capacity-building efforts in space law and policy; </p>
        </content>
      </paragraph>
      <paragraph eId="para_24" class="SingleTxt">
        <num>	8.</num>
        <content eId="para_24__content">
          <p xml:space="preserve">
            <span class="italic">Takes note</span> of the report of the Working Group on the Review of International Mechanisms for Cooperation in the Peaceful Exploration and Use of Outer Space on the work conducted under its multi-year workplan,<authorialNote marker="10" placement="bottom" eId="authorialNote_10"><p xml:space="preserve"><a href="https://undocs.org/en/A/AC.105/C.2/112">A/AC.105/C.2/112</a>.</p></authorialNote> as finalized at the fifty-sixth session of the Legal Subcommittee, and notes that the report provides an important source of information and useful guidance for further joint undertakings by spacefaring nations and emerging space nations, as appropriate;</p>
        </content>
      </paragraph>
      <paragraph eId="para_25" class="SingleTxt">
        <num>	9.</num>
        <content eId="para_25__content">
          <p xml:space="preserve">
            <span class="italic">Notes</span> that, at its fifty-sixth session, the Scientific and Technical Subcommittee continued its work,<authorialNote marker="11" placement="bottom" eId="authorialNote_11"><p xml:space="preserve"><span class="italic">Official Records of the General Assembly, Seventy-fourth Session, Supplement No. 20</span> (<a href="https://undocs.org/en/A/74/20">A/74/20</a>), chap. II, sect. B; see also <a href="https://undocs.org/en/A/AC.105/1202">A/AC.105/1202</a>.</p></authorialNote> as mandated by the General Assembly in its resolution <a href="https://undocs.org/en/A/RES/73/91">73/91</a>; </p>
        </content>
      </paragraph>
      <paragraph eId="para_26" class="SingleTxt">
        <num>	10.</num>
        <content eId="para_26__content">
          <p xml:space="preserve">
            <span class="italic">Agrees</span> that the Scientific and Technical Subcommittee, at its fifty-seventh session, should consider the substantive items and reconvene the working groups recommended by the Committee,<authorialNote marker="12" placement="bottom" eId="authorialNote_12"><p xml:space="preserve"><span class="italic">Official Records of the General Assembly, Seventy-fourth Session, Supplement No. 20</span> (<a href="https://undocs.org/en/A/74/20">A/74/20</a>), para. 184; see also <a href="https://undocs.org/en/A/AC.105/1202">A/AC.105/1202</a>.</p></authorialNote> including holding intersessional consultations as necessary, taking into account the concerns of all countries, in particular those of developing countries; </p>
        </content>
      </paragraph>
      <paragraph eId="para_27" class="SingleTxt">
        <num>	11.</num>
        <content eId="para_27__content">
          <p xml:space="preserve">
            <span class="italic">Reiterates</span> the importance of information-sharing in discovering, monitoring and physically characterizing potentially hazardous near-Earth objects to ensure that all countries, in particular developing countries with limited capacity for predicting and mitigating a near-Earth object impact, are aware of potential threats, emphasizes the need for capacity-building for effective emergency response and disaster management in the event of a near-Earth object impact, and notes with satisfaction the work carried out by the International Asteroid Warning Network and the Space Mission Planning Advisory Group to strengthen international cooperation to mitigate the potential threat posed by near-Earth objects, with the support of the Office, serving as the permanent secretariat of the Advisory Group;<authorialNote marker="13" placement="bottom" eId="authorialNote_13"><p xml:space="preserve">	 	See <a href="https://undocs.org/en/A/AC.105/1138">A/AC.105/1138</a>, paras. 205–210.</p></authorialNote></p>
        </content>
      </paragraph>
      <paragraph eId="para_28" class="SingleTxt">
        <num>	12.</num>
        <content eId="para_28__content">
          <p xml:space="preserve">
            <span class="italic">Notes with appreciation</span> that some Member States are already implementing space debris mitigation measures on a voluntary basis, through national mechanisms and consistent with the Space Debris Mitigation Guidelines of the Inter‑Agency Space Debris Coordination Committee and with the Space Debris Mitigation Guidelines of the Committee on the Peaceful Uses of Outer Space,<authorialNote marker="14" placement="bottom" eId="authorialNote_14"><p xml:space="preserve"><span class="italic">Official Records of the General Assembly, Sixty-second Session, Supplement No. 20</span> (<a href="https://undocs.org/en/A/62/20">A/62/20</a>), paras. 117–118 and annex.</p></authorialNote> endorsed by the General Assembly in its resolution <a href="https://undocs.org/en/A/RES/62/217">62/217</a>, and invites other States to implement, through relevant national mechanisms, the Space Debris Mitigation Guidelines of the Committee on the Peaceful Uses of Outer Space; </p>
        </content>
      </paragraph>
      <paragraph eId="para_29" class="SingleTxt">
        <num>	13.</num>
        <content eId="para_29__content">
          <p xml:space="preserve">
            <span class="italic">Considers</span> that it is essential that Member States pay more attention to the problem of the gradually increasing probability of collisions of space objects, especially those with nuclear power sources, with space debris, and other aspects of space debris, calls for the continuation of national research on this question, for the development of improved technology for the monitoring of space debris and for the compilation and dissemination of data on space debris, also considers that, to the extent possible, information thereon should be provided to the Scientific and Technical Subcommittee, and agrees that international cooperation is needed to expand appropriate and affordable strategies to minimize the impact of space debris on future space missions; </p>
        </content>
      </paragraph>
      <paragraph eId="para_30" class="SingleTxt">
        <num>	14.</num>
        <content eId="para_30__content">
          <p xml:space="preserve">
            <span class="italic">Urges</span> all Member States, in particular those with major space capabilities, to contribute actively to the goal of preventing an arms race in outer space as an essential condition for the promotion of international cooperation in the exploration and use of outer space for peaceful purposes; </p>
        </content>
      </paragraph>
      <paragraph eId="para_31" class="SingleTxt">
        <num>	15.</num>
        <content eId="para_31__content">
          <p xml:space="preserve">
            <span class="italic">Requests</span> the Committee to continue to consider, as a matter of priority, ways and means of maintaining outer space for peaceful purposes and to report thereon to the General Assembly at its seventy-fifth session, and agrees that the Committee should continue to consider the broader perspective of space security and associated matters that would be instrumental in ensuring the safe and responsible conduct of space activities, including ways to promote international, regional and interregional cooperation to that end;</p>
        </content>
      </paragraph>
      <paragraph eId="para_32" class="SingleTxt">
        <num>	16.</num>
        <content eId="para_32__content">
          <p xml:space="preserve">
            <span class="italic">Emphasizes</span> the central role of the Office in promoting international cooperation in the exploration and peaceful uses of outer space for economic, social and scientific development, in particular for the benefit of developing countries; </p>
        </content>
      </paragraph>
      <paragraph eId="para_33" class="SingleTxt">
        <num>	17.</num>
        <content eId="para_33__content">
          <p xml:space="preserve">
            <span class="italic">Notes with satisfaction</span> the programme of work undertaken by the Office in 2019 to strengthen international cooperation in the conduct of space activities for peaceful purposes and the use of space science and technology and their applications towards the achievement of the internationally agreed Sustainable Development Goals, including the workshops and symposiums conducted to build capacity, the assistance provided to developing countries, at their request, in the development of national space policy and legislation in conformity with international space law, and actions implemented to strengthen institutional capacity in space activities;</p>
        </content>
      </paragraph>
      <paragraph eId="para_34" class="SingleTxt">
        <num>	18.</num>
        <content eId="para_34__content">
          <p xml:space="preserve">
            <span class="italic">Welcomes</span>, in this regard, the activities being carried out by the Office to promote gender equality and the increased role of women in space activities, including through targeted capacity-building and technical advisory activities, and efforts to encourage enhanced involvement of women and girls in science, technology, engineering and mathematics education, and invites Member States to make voluntary contributions to those activities; </p>
        </content>
      </paragraph>
      <paragraph eId="para_35" class="SingleTxt">
        <num>	19.</num>
        <content eId="para_35__content">
          <p xml:space="preserve">
            <span class="italic">Requests</span> the Office to continue to apprise the Committee and its Scientific and Technical Subcommittee and Legal Subcommittee, at their respective sessions in 2020, of the status of its capacity-building activities;</p>
        </content>
      </paragraph>
      <paragraph eId="para_36" class="SingleTxt">
        <num>	20.</num>
        <content eId="para_36__content">
          <p xml:space="preserve">
            <span class="italic">Recognizes</span> the capacity-building activities under the United Nations Programme on Space Applications, which provide unique benefits for Member States, in particular developing countries, participating in those activities;<authorialNote marker="15" placement="bottom" eId="authorialNote_15"><p xml:space="preserve">	 	See <a href="https://undocs.org/en/A/AC.105/1202">A/AC.105/1202</a>, sect. II.</p></authorialNote></p>
        </content>
      </paragraph>
      <paragraph eId="para_37" class="SingleTxt">
        <num>	21.</num>
        <content eId="para_37__content">
          <p xml:space="preserve">
            <span class="italic">Notes with satisfaction</span> the activities carried out under the United Nations Platform for Space-based Information for Disaster Management and Emergency Response (UN-SPIDER), and recognizes the significant achievements made and the advisory support provided to Member States within the framework of UN-SPIDER since its establishment in 2006<authorialNote marker="16" placement="bottom" eId="authorialNote_16"><p xml:space="preserve">	 	See resolution <a href="https://undocs.org/en/A/RES/61/110">61/110</a>.</p></authorialNote> with the valuable contributions of its network of regional support offices, and encourages Member States, on a voluntary basis, to provide the programme with the additional resources necessary to address the increasing demand for support successfully and in a timely manner; </p>
        </content>
      </paragraph>
      <paragraph eId="para_38" class="SingleTxt">
        <num>	22.</num>
        <content eId="para_38__content">
          <p xml:space="preserve">
            <span class="italic">Reiterates</span> the importance of the Sendai Framework for Disaster Risk Reduction 2015–2030,<authorialNote marker="17" placement="bottom" eId="authorialNote_17"><p xml:space="preserve">	 	Resolution <a href="https://undocs.org/en/A/RES/69/283">69/283</a>, annex II.</p></authorialNote> in which the value of space-based technology and Earth observation for disaster management and emergency response is recognized, and notes with satisfaction the efforts of the Office and its UN-SPIDER programme towards promoting international cooperation as a way to enhance the use of space-based technologies and related services at the national and local levels in contributing to the implementation of the Sendai Framework and the 2030 Agenda for Sustainable Development;<sup>2</sup></p>
        </content>
      </paragraph>
      <paragraph eId="para_39" class="SingleTxt">
        <num>	23.</num>
        <content eId="para_39__content">
          <p xml:space="preserve">
            <span class="italic">Notes with satisfaction</span> the continuous progress made by the International Committee on Global Navigation Satellite Systems with the support of the Office, in its capacity as executive secretariat of the International Committee, towards achieving compatibility and interoperability among global and regional space-based positioning, navigation and timing systems and in the promotion of the use of global navigation satellite systems and their integration into national infrastructure, particularly in developing countries, and notes with appreciation that the International Committee held its fourteenth meeting in Bengaluru, India, from 8 to 13 December 2019; </p>
        </content>
      </paragraph>
      <paragraph eId="para_40" class="SingleTxt">
        <num>	24.</num>
        <content eId="para_40__content">
          <p xml:space="preserve">
            <span class="italic">Notes with appreciation</span> that the regional centres for space science and technology education, affiliated to the United Nations, namely, the African regional centres for space science and technology education in the French and English languages, located in Morocco and Nigeria, respectively, the Regional Centre for Space Science and Technology Education for Asia and the Pacific, located in China, the Centre for Space Science and Technology Education in Asia and the Pacific, located in India, the Regional Centre for Space Science and Technology Education for Latin America and the Caribbean, with campuses located in Brazil and Mexico, and the Regional Centre for Space Science and Technology Education for Western Asia, located in Jordan, have continued their education programmes in 2019, encourages the regional centres to continue to promote greater participation of women in their education programmes, and agrees that the regional centres should continue to report to the Committee on the Peaceful Uses of Outer Space on their activities; </p>
        </content>
      </paragraph>
      <paragraph eId="para_41" class="SingleTxt">
        <num>	25.</num>
        <content eId="para_41__content">
          <p xml:space="preserve">
            <span class="italic">Emphasizes</span> that regional and interregional cooperation in the field of space activities is essential to strengthen the peaceful uses of outer space, assist Member States in the development of their space capabilities and contribute to the implementation of the 2030 Agenda for Sustainable Development, to that end requests relevant regional organizations and their groups of experts to offer the assistance necessary so that countries can carry out the recommendations of regional conferences, and in that regard notes the importance of the equal participation of women in all fields of science and technology; </p>
        </content>
      </paragraph>
      <paragraph eId="para_42" class="SingleTxt">
        <num>	26.</num>
        <content eId="para_42__content">
          <p xml:space="preserve">
            <span class="italic">Recognizes</span>, in that regard, the important role played by such organizations as the Asia-Pacific Space Cooperation Organization and the European Space Agency and by conferences and other mechanisms, such as the African Leadership Conference on Space Science and Technology for Sustainable Development, the Asia-Pacific Regional Space Agency Forum and the Space Conference of the Americas, in strengthening regional and international cooperation among States; </p>
        </content>
      </paragraph>
      <paragraph eId="para_43" class="SingleTxt">
        <num>	27.</num>
        <content eId="para_43__content">
          <p xml:space="preserve">
            <span class="italic">Notes with satisfaction</span> the adoption of the African Space Policy and Strategy by the Assembly of the African Union at its twenty-sixth ordinary session, held in Addis Ababa on 30 and 31 January 2016, notes that this achievement marks the first step towards the realization of an African outer space programme within the framework of the African Union Agenda 2063, and welcomes in this regard the establishment of the African Space Agency, to be hosted by Egypt;</p>
        </content>
      </paragraph>
      <paragraph eId="para_44" class="SingleTxt">
        <num>	28.</num>
        <content eId="para_44__content">
          <p xml:space="preserve">
            <span class="italic">Emphasizes</span> the need to increase the benefits of space technology and its applications and to contribute to an orderly growth of space activities favourable to sustained economic growth and sustainable development in all countries, including strengthening sustainable spatial data infrastructure at the regional and national levels and building resilience to reduce the consequences of disasters, in particular in developing countries; </p>
        </content>
      </paragraph>
      <paragraph eId="para_45" class="SingleTxt">
        <num>	29.</num>
        <content eId="para_45__content">
          <p xml:space="preserve">
            <span class="italic">Reiterates</span> the need to promote the benefits of space technology and its applications in the major United Nations conferences and summits for economic, social and cultural development and related fields, and recognizes that the fundamental significance of space science and technology and their applications for global, regional, national and local sustainable development processes should be promoted in the formulation of policies and programmes of action and their implementation, including through efforts towards achieving the objectives of those conferences and summits and in implementing the 2030 Agenda for Sustainable Development; </p>
        </content>
      </paragraph>
      <paragraph eId="para_46" class="SingleTxt">
        <num>	30.</num>
        <content eId="para_46__content">
          <p xml:space="preserve">
            <span class="italic">Encourages</span> Member States, to that end, to promote the inclusion in those conferences, summits and processes of the relevance of space science and technology applications and the use of space-derived geospatial data, and in general, space-based data and infrastructures, with the involvement of the Office; </p>
        </content>
      </paragraph>
      <paragraph eId="para_47" class="SingleTxt">
        <num>	31.</num>
        <content eId="para_47__content">
          <p xml:space="preserve">
            <span class="italic">Encourages</span> the Office to take active part in those conferences, summits and processes and other activities in support of their objectives, as appropriate, and to conduct capacity-building activities, hold lectures and participate in academic and research activities to foster international cooperation in the peaceful uses of outer space;</p>
        </content>
      </paragraph>
      <paragraph eId="para_48" class="SingleTxt">
        <num>	32.</num>
        <content eId="para_48__content">
          <p xml:space="preserve">
            <span class="italic">Urges</span> the Inter-Agency Meeting on Outer Space Activities (UN-Space), under the leadership of the Office, to continue to examine how space science and technology and their applications could contribute to the 2030 Agenda for Sustainable Development, and encourages entities of the United Nations system to participate, as appropriate, in UN-Space coordination efforts; </p>
        </content>
      </paragraph>
      <paragraph eId="para_49" class="SingleTxt">
        <num>	33.</num>
        <content eId="para_49__content">
          <p xml:space="preserve">
            <span class="italic">Encourages</span> the Office to continue to conduct capacity-building and outreach activities associated with space security and transparency and confidence-building measures in outer space activities, as appropriate, and within the context of the long-term sustainability of outer space activities; </p>
        </content>
      </paragraph>
      <paragraph eId="para_50" class="SingleTxt">
        <num>	34.</num>
        <content eId="para_50__content">
          <p xml:space="preserve">
            <span class="italic">Also encourages</span> the Office to continue to explore existing avenues and new opportunities to increase its capability to meet the growing demand for support to strengthen the capacity of countries, in particular developing countries, in using space science and technology and their applications and to inform the Committee of those efforts;</p>
        </content>
      </paragraph>
      <paragraph eId="para_51" class="SingleTxt">
        <num>	35.</num>
        <content eId="para_51__content">
          <p xml:space="preserve">
            <span class="italic">Agrees</span> that the Office should pursue greater engagement with industry and private sector entities to further their support for and contributions to the overall work of the Office;<authorialNote marker="18" placement="bottom" eId="authorialNote_18"><p xml:space="preserve"><span class="italic">Official Records of the General Assembly, Seventy-second Session, Supplement No. 20</span> (<a href="https://undocs.org/en/A/72/20">A/72/20</a>), para. 326.</p></authorialNote></p>
        </content>
      </paragraph>
      <paragraph eId="para_52" class="SingleTxt">
        <num>	36.</num>
        <content eId="para_52__content">
          <p xml:space="preserve">
            <span class="italic">Appeals</span> to Governments, the relevant entities of the United Nations system, intergovernmental and non-governmental organizations, institutions, industry and private sector entities and individuals to make voluntary contributions to the trust fund in support of the United Nations Programme on the Peaceful Uses of Outer Space in order to support the efforts of the Office to secure additional resources to facilitate the full implementation of its programme of work, including, where appropriate, the financing of special projects, and otherwise to assist the Office in carrying out technical cooperation and assistance activities, in particular for developing countries;</p>
        </content>
      </paragraph>
      <paragraph eId="para_53" class="SingleTxt">
        <num>	37.</num>
        <content eId="para_53__content">
          <p xml:space="preserve">
            <span class="italic">Reiterates</span>, with regard to the composition of the bureaux of the Committee and its subcommittees for the period 2020–2021,<authorialNote marker="19" placement="bottom" eId="authorialNote_19"><p xml:space="preserve">	 	Ibid., <span class="italic">Seventy-third Session, Supplement No. 20</span> (<a href="https://undocs.org/en/A/73/20">A/73/20</a>), paras. 365–370.</p></authorialNote> that the Committee and its subcommittees should elect their officers at their respective sessions in 2020 in accordance with that composition;</p>
        </content>
      </paragraph>
      <paragraph eId="para_54" class="SingleTxt">
        <num>	38.</num>
        <content eId="para_54__content">
          <p xml:space="preserve">
            <span class="italic">Decides</span> that the Dominican Republic, Rwanda and Singapore shall become members of the Committee;<authorialNote marker="20" placement="bottom" eId="authorialNote_20"><p xml:space="preserve">	 	Ibid., <span class="italic">Seventy-fourth Session, Supplement No. 20</span> (<a href="https://undocs.org/en/A/74/20">A/74/20</a>), paras. 365–367.</p></authorialNote></p>
        </content>
      </paragraph>
      <paragraph eId="para_55" class="SingleTxt">
        <num>	39.</num>
        <content eId="para_55__content">
          <p xml:space="preserve">
            <span class="italic">Endorses</span> the decision of the Committee to grant the status of observer to the Moon Village Association, in accordance with the procedures of the Committee;<authorialNote marker="21" placement="bottom" eId="authorialNote_21"><p xml:space="preserve">	 	Ibid., paras. 368–370.</p></authorialNote></p>
        </content>
      </paragraph>
      <paragraph eId="para_56" class="SingleTxt">
        <num>	40.</num>
        <content eId="para_56__content">
          <p xml:space="preserve">
            <span class="italic">Encourages</span> the regional groups to promote active participation in the work of the Committee and its subsidiary bodies by the States members of the Committee that are also members of the respective regional groups.</p>
        </content>
      </paragraph>
    </mainBody>
    <conclusions eId="conclusions">
      <p>
        <inline name="adoptionMeeting" title="47th">47th plenary meeting</inline>
        <eol />
        <docDate date="2019-12-13" refersTo="#adoptionDate">13 December 2019</docDate>
      </p>
    </conclusions>
  </statement>
</akomaNtoso>