<akomaNtoso xmlns:xsi="http://www.w3.org/2001/XMLSchema-instance" xsi:schemaLocation="http://docs.oasis-open.org/legaldocml/ns/akn/3.0 http://docs.oasis-open.org/legaldocml/akn-core/v1.0/os/part2-specs/schemas/akomantoso30.xsd" xmlns="http://docs.oasis-open.org/legaldocml/ns/akn/3.0" xmlns:html="http://www.w3.org/1999/xhtml" xmlns:akn4un="http://un.org/akn4un">
  <statement name="resolution">
    <meta>
      <identification source="#DGACM">
        <FRBRWork>
          <FRBRthis value="/akn/un/statement/deliberation/unga/2019-12-13/74-80/!main/"></FRBRthis>
          <FRBRuri value="/akn/un/statement/deliberation/unga/2019-12-13/74-80/"></FRBRuri>
          <FRBRdate date="2019-12-13" name="adoption"></FRBRdate>
          <FRBRauthor href="ga" as="author"></FRBRauthor>
          <FRBRcountry value="un"></FRBRcountry>
        </FRBRWork>
        <FRBRExpression>
          <FRBRthis value="/akn/un/statement/deliberation/unga/2019-12-13/74-80/eng@!main/"></FRBRthis>
          <FRBRuri value="/akn/un/statement/deliberation/unga/2019-12-13/74-80/eng@/"></FRBRuri>
          <FRBRdate date="2019-12-26" name="publication"></FRBRdate>
          <FRBRauthor href="ga" as="issuer"></FRBRauthor>
          <FRBRlanguage language="eng"></FRBRlanguage>
        </FRBRExpression>
        <FRBRManifestation>
          <FRBRthis value="/akn/un/statement/deliberation/unga/2019-12-13/74-80/eng@/!main.xml"></FRBRthis>
          <FRBRuri value="/akn/un/statement/deliberation/unga/2019-12-13/74-80/eng@.xml"></FRBRuri>
          <FRBRdate date="2020-07-31" name="markup"></FRBRdate>
          <FRBRauthor href="DGACM" as="editor"></FRBRauthor>
        </FRBRManifestation>
      </identification>
      <classification source="http://metadata.un.org/sdg">
        <keyword value="3" href="http://metadata.un.org/sdg/3" showAs="sdg_3" dictionary="SDGO"></keyword>
        <keyword value="public_health" href="http://eurovoc.europa.eu/3885" showAs="public_health" dictionary="EuroVoc"></keyword>
        <keyword value="health" href="http://metadata.un.org/thesaurus/1002824" showAs="health" dictionary="UNBIS Thesaurus"></keyword>
      </classification>
      <classification source="http://metadata.un.org/sdg">
        <keyword value="5" href="http://metadata.un.org/sdg/5" showAs="sdg_5" dictionary="SDGO"></keyword>
        <keyword value="gender_equality" href="http://eurovoc.europa.eu/3913" showAs="gender_equality" dictionary="EuroVoc"></keyword>
        <keyword value="participation_of_women" href="http://eurovoc.europa.eu/2265" showAs="participation_of_women" dictionary="EuroVoc"></keyword>
        <keyword value="women&amp;#39;s_rights" href="http://eurovoc.europa.eu/585" showAs="women&amp;#39;s_rights" dictionary="EuroVoc"></keyword>
        <keyword value="position_of_women" href="http://eurovoc.europa.eu/81" showAs="position_of_women" dictionary="EuroVoc"></keyword>
        <keyword value="women" href="http://metadata.un.org/thesaurus/1007029" showAs="women" dictionary="UNBIS Thesaurus"></keyword>
        <keyword value="gender_equality" href="http://metadata.un.org/thesaurus/1002612" showAs="gender_equality" dictionary="UNBIS Thesaurus"></keyword>
        <keyword value="girls" href="http://metadata.un.org/thesaurus/1002684" showAs="girls" dictionary="UNBIS Thesaurus"></keyword>
      </classification>
      <classification source="http://metadata.un.org/sdg">
        <keyword value="17" href="http://metadata.un.org/sdg/17" showAs="sdg_17" dictionary="SDGO"></keyword>
        <keyword value="sustainable_development" href="http://eurovoc.europa.eu/5585" showAs="sustainable_development" dictionary="EuroVoc"></keyword>
        <keyword value="partnership" href="http://eurovoc.europa.eu/4199" showAs="partnership" dictionary="EuroVoc"></keyword>
        <keyword value="sustainable_development" href="http://metadata.un.org/thesaurus/1006319" showAs="sustainable_development" dictionary="UNBIS Thesaurus"></keyword>
        <keyword value="partnership" href="http://metadata.un.org/thesaurus/1004748" showAs="partnership" dictionary="UNBIS Thesaurus"></keyword>
      </classification>
      <workflow source="#un">
        <step date="2019-10-17" outcome="draftResolution" as="A/C.4/74/L.5" by="Albania, Austria, Belgium, Bosnia and Herzegovina, Bulgaria, Canada, Croatia, Cyprus, Czechia, Denmark, Estonia, Finland, France, Germany, Greece, Hungary, Iraq, Ireland, Italy, Latvia, Lithuania, Luxembourg, Malta, Netherlands, North Macedonia, Poland, Portugal, Republic of Moldova, Romania, San Marino, Slovakia, Slovenia, Spain, Sweden and United Kingdom of Great Britain and Northern Ireland" />
        <step date="0001-01-01" outcome="draftResolutionAdditionalSponsors" by="Andorra, Argentina, Cameroon, Central African Republic, Georgia, Israel, Japan, Liechtenstein, Mali, Montenegro, Norway, Palau, Peru, Senegal, Seychelles, Switzerland and United States" />
        <step date="0001-01-01" outcome="recommendedForAdoption" as="A/74/406" by="" refersTo="8" />
        <step date="2019-12-13" outcome="adopted" as="A/74/PV.47" by="" />
      </workflow>
      <analysis source="#un">
        <parliamentary>
          <voting outcome="adoptedWithoutVote">
            <quorum value=""></quorum>
          </voting>
        </parliamentary>
      </analysis>
      <references source="#DGACM">
        <TLCOrganization eId="source" href="/akn/ontology/organization/un/DGACM" showAs="DGACM"></TLCOrganization>
        <TLCConcept eId="dateOfIssuance" href="/akn/ontology/concept/un/dateOfIssuance" showAs="Date of issuance"></TLCConcept>
        <TLCConcept eId="dateOfAdoption" href="/akn/ontology/concept/un/dateOfAdoption" showAs="Date of adoption"></TLCConcept>
        <TLCConcept eId="symbol" href="/akn/ontology/reference/un/symbol" showAs="Symbol"></TLCConcept>
        <TLCRole eId="publisher" href="/akn/ontology/role/un/publisher" showAs="Publisher"></TLCRole>
        <TLCRole eId="issuingBody" href="/akn/role/concept/un/issuingBody" showAs="Issuing body"></TLCRole>
        <TLCRole eId="author" href="/akn/ontology/role/un/author" showAs="Author"></TLCRole>
        <TLCRole eId="editor" href="/akn/ontology/role/un/editor" showAs="Editor"></TLCRole>
        <TLCRole eId="distribution" href="/akn/ontology/concept/un/generalDistribution" showAs="General distribution"></TLCRole>
        <TLCOrganization eId="ga" href="/akn/ontology/organization/un/generalAssembly" showAs="General Assembly"></TLCOrganization>
        <TLCTerm eId="resolutionTitle" href="/akn/ontology/reference/un/resolutionTitle" showAs="Resolution title"></TLCTerm>
        <TLCTerm eId="fourthCommittee" href="#fourthCommittee" showAs="Special Political and Decolonization Committee"></TLCTerm>
        <TLCTerm eId="memberState" href="/akn/ontology/organization/un/memberState" showAs="Member State"></TLCTerm>
        <TLCTerm eId="inFavour" href="/akn/ontology/concept/un/voting/inFavour" showAs="In favour"></TLCTerm>
        <TLCTerm eId="against" href="/akn/ontology/concept/un/voting/against" showAs="Against"></TLCTerm>
        <TLCTerm eId="abstaining" href="/akn/ontology/concept/un/voting/abstaining" showAs="Abstaining"></TLCTerm>
      </references>
      <presentation source="#un">
        <akn4un:footerFirstPage>
          <akn4un:footerFirstPageLeft>
            <akn4un:internalCode>
              <docketNumber refersTo="#publicationJobNumber">19-21888 (E)</docketNumber>
              <img alt="bar code" class="barCode" src=""></img>
            </akn4un:internalCode>
          </akn4un:footerFirstPageLeft>
          <akn4un:footerFirstPageRight>
            <img alt="Please recycle" class="image" src="./recylcleLogo.jpg"></img>
            <img alt="embedded QR code" class="qrCode" src=""></img>
          </akn4un:footerFirstPageRight>
        </akn4un:footerFirstPage>
      </presentation>
    </meta>
    <coverPage eId="coverPage_1">
      <p>
        <span refersTo="#publisher" class="upperLeft">
          <docAuthority refersTo="#publisher">United Nations</docAuthority>
        </span>
      </p>
      <p class="upperRight">
        <docNumber refersTo="#symbol">A/RES/74/80</docNumber>
      </p>
      <p class="upperLeft">
        <img src="logo-un.jpg"></img>
        <docAuthority refersTo="#issuingBody" class="rightBig">General Assembly</docAuthority>
      </p>
      <p>
        <docStatus refersTo="#generalDistribution" class="rightSmall">Distr.: General</docStatus>
      </p>
      <p>
        <docDate date="2019-12-26" class="rightSmall" refersTo="#dateOfIssuance">26 December 2019</docDate>
      </p>
      <p>
        <session refersTo="#generalAssembly" value="74" eId="coverPage_1__session_1">Seventy-fourth session</session>
      </p>
      <p>
        <inline name="agenda item">Agenda item 47</inline>
      </p>
      <p>
        <inline name="agenda item name">Assistance in mine action</inline>
      </p>
      <p>
        <docTitle>Resolution adopted by the General Assembly on 13 December 2019</docTitle>
      </p>
      <p xml:space="preserve">
        <docProponent refersTo="#fourthCommittee">[on the report of the Special Political and Decolonization Committee (Fourth Committee) (<inline name="originating document">A/74/406</inline>)]</docProponent>
      </p>
    </coverPage>
    <preface>
      <p>
        <docNumber>74/80.</docNumber>
        <docTitle refersTo="#resolutionTitle">Assistance in mine action</docTitle>
      </p>
    </preface>
    <preamble>
      <formula name="enactingFormula" eId="formula_1">
        <p xml:space="preserve">
          <span class="italic">The General Assembly</span>,</p>
      </formula>
      <container name="Recalling" eId="container_2">
        <p xml:space="preserve">
          <span class="italic">Recalling</span> its resolution <a href="https://undocs.org/en/A/RES/72/75">72/75</a> of 7 December 2017 and all its previous resolutions on assistance in mine clearance and on assistance in mine action, all adopted without a vote,</p>
      </container>
      <container name="Recalling also" eId="container_3">
        <p xml:space="preserve">
          <span class="italic">Recalling also</span> all relevant treaties and conventions<authorialNote marker="1" placement="bottom" eId="authorialNote_1"><p xml:space="preserve">	 	These include the Convention on the Prohibition of the Use, Stockpiling, Production and Transfer of Anti-Personnel Mines and on Their Destruction, 1997; the Protocol on Prohibitions or Restrictions on the Use of Mines, Booby Traps and Other Devices, as amended in 1996 (Protocol II to the 1980 Convention on Prohibitions or Restrictions on the Use of Certain Conventional Weapons Which May Be Deemed to Be Excessively Injurious or to Have Indiscriminate Effects); the Protocol on Explosive Remnants of War, 2003 (Protocol V to the 1980 Convention); the Convention on Cluster Munitions, 2008; the Protocol Additional to the Geneva Conventions of 12 August 1949, and relating to the Protection of Victims of International Armed Conflicts, 1977 (Protocol I); and the Convention on the Rights of Persons with Disabilities, 2006.</p></authorialNote> and their review processes,</p>
      </container>
      <container name="Noting" eId="container_4">
        <p xml:space="preserve">
          <span class="italic">Noting</span> the twentieth anniversary of the entry into force of the Convention on the Prohibition of the Use, Stockpiling, Production and Transfer of Anti-Personnel Mines and on Their Destruction,<authorialNote marker="2" placement="bottom" eId="authorialNote_2"><p xml:space="preserve">	 	United Nations, <span class="italic">Treaty Series</span>, vol. 2056, No. 35597.</p></authorialNote> and the establishment of both the United Nations Mine Action Service and the Inter-Agency Coordination Group on Mine Action,</p>
      </container>
      <container name="Noting with appreciation" eId="container_5">
        <p xml:space="preserve">
          <span class="italic">Noting with appreciation</span> the extent to which the International Day for Mine Awareness and Assistance in Mine Action has been commemorated worldwide,</p>
      </container>
      <container name="Noting" eId="container_6">
        <p xml:space="preserve">
          <span class="italic">Noting</span> all relevant United Nations resolutions that take into account the humanitarian aspects of assistance in mine action,</p>
      </container>
      <container name="Reaffirming its deep concern" eId="container_7">
        <p xml:space="preserve">
          <span class="italic">Reaffirming its deep concern</span> at the tremendous humanitarian and development impact of mines and explosive remnants of war,<authorialNote marker="3" placement="bottom" eId="authorialNote_3"><p xml:space="preserve">	 	As defined by Protocol V to the 1980 Convention.</p></authorialNote> in affected countries, which have serious and lasting social and economic consequences for the civilian populations of such countries, including refugees and other displaced persons returning to their homes, as well as persons residing in conflict and post-conflict areas, and which hinder the access of people in need to humanitarian assistance and the achievement of sustainable development and inhibit peacebuilding and sustaining peace efforts,</p>
      </container>
      <container name="Expressing alarm" eId="container_8">
        <p xml:space="preserve">
          <span class="italic">Expressing alarm</span> at the renewed increase in casualties, of which nearly half are children, of mines and explosive remnants of war, in conflict and post-conflict situations,</p>
      </container>
      <container name="Bearing in mind" eId="container_9">
        <p xml:space="preserve">
          <span class="italic">Bearing in mind</span> the serious humanitarian risk that mines and explosive remnants of war pose, in affected countries, to the safety, health and lives of populations, including local civilian populations, as well as of personnel participating in humanitarian, peacekeeping, rehabilitation, reconstruction and mine clearance programmes and operations,</p>
      </container>
      <container name="Emphasizing" eId="container_10">
        <p xml:space="preserve">
          <span class="italic">Emphasizing</span> the increased necessity and urgency of strengthening mine action efforts by the international community with a view to eliminating the risk and the humanitarian impact of mines and explosive remnants of war on civilians as soon as possible and to facilitating the safe and unhindered access of humanitarian personnel and the delivery of supplies and equipment, in accordance with the humanitarian principles,</p>
      </container>
      <container name="Recognizing" eId="container_11">
        <p xml:space="preserve">
          <span class="italic">Recognizing</span> the continued progress made through a comprehensive approach to mine action, including assessing, surveying and clearing mines and explosive remnants of war, providing risk education to affected populations and supporting victims,</p>
      </container>
      <container name="Noting " eId="container_12">
        <p xml:space="preserve">
          <span class="italic">Noting </span>that, for the purposes of the implementation of the present resolution, improvised explosive devices meeting the definition of mines, booby traps or other devices fall under the scope of mine action when their clearance is undertaken for humanitarian purposes and in areas where major active hostilities have ceased,</p>
      </container>
      <container name="Recognizing" eId="container_13">
        <p xml:space="preserve">
          <span class="italic">Recognizing</span> that, in addition to the primary role of Member States, the United Nations plays a significant role in the field of assistance in mine action, in particular through the implementation of the Strategy of the United Nations on Mine Action 2019–2023 by members of the Inter-Agency Coordination Group on Mine Action,<authorialNote marker="4" placement="bottom" eId="authorialNote_4"><p xml:space="preserve">	 	Consisting of the Mine Action Service of the Department of Peace Operations of the Secretariat, the Office for Disarmament Affairs of the Secretariat, the United Nations Development Programme, the United Nations Children’s Fund, the United Nations Office for Project Services, the Food and Agriculture Organization of the United Nations, the Office for the Coordination of Humanitarian Affairs of the Secretariat, the United Nations Entity for Gender Equality and the Empowerment of Women (UN-Women), the Office of the United Nations High Commissioner for Human Rights, the Office of the United Nations High Commissioner for Refugees, the World Food Programme and the World Health Organization. The United Nations Institute for Disarmament Research and the World Bank are observers.</p></authorialNote> chaired by the Mine Action Service at the working level, </p>
      </container>
      <container name="Considering" eId="container_14">
        <p xml:space="preserve">
          <span class="italic">Considering</span> mine action to be an important and integrated component of United Nations humanitarian assistance and development activities, and noting the integration of mine action in numerous United Nations peacekeeping operations and special political missions mandated by the Security Council,</p>
      </container>
      <container name="Recognizing" eId="container_15">
        <p xml:space="preserve">
          <span class="italic">Recognizing</span> the contribution of mine action to the 2030 Agenda for Sustainable Development,<authorialNote marker="5" placement="bottom" eId="authorialNote_5"><p xml:space="preserve">	 	Resolution <a href="https://undocs.org/en/A/RES/70/1">70/1</a>.</p></authorialNote></p>
      </container>
      <container name="Noting with satisfaction" eId="container_16">
        <p xml:space="preserve">
          <span class="italic">Noting with satisfaction</span> that humanitarian appeals increasingly include mine action, where relevant, and underlining the importance of considering mine action during the earliest stages of planning and programming, where appropriate, in humanitarian emergency responses,<authorialNote marker="6" placement="bottom" eId="authorialNote_6"><p xml:space="preserve">	 	Reaffirming its resolution <a href="https://undocs.org/en/A/RES/46/182">46/182</a> of 19 December 1991 and the guiding principles contained in the annex thereto, other relevant General Assembly and Economic and Social Council resolutions and agreed conclusions of the Council, reaffirming also the principles of humanity, neutrality, impartiality and independence in the provision of humanitarian assistance and reaffirming further the need for all actors engaged in the provision of humanitarian assistance in situations of complex emergencies and natural disasters to promote and fully respect these principles.</p></authorialNote> in accordance with the humanitarian principles,</p>
      </container>
      <container name="Noting with appreciation" eId="container_17">
        <p xml:space="preserve">
          <span class="italic">Noting with appreciation</span> the efforts of the Inter-Agency Coordination Group on Mine Action in cooperating and coordinating with non-governmental organizations and other stakeholders through meetings of the Committee on Mine Action,<authorialNote marker="7" placement="bottom" eId="authorialNote_7"><p xml:space="preserve">	 	The Committee on Mine Action is an informal information-sharing forum. The members are the Inter-Agency Coordination Group on Mine Action, non-governmental organizations involved in mine action, the International Committee of the Red Cross, the Geneva International Centre for Humanitarian Demining and academic institutions.</p></authorialNote> and the strengthening of United Nations coordination at the global level through the mine action area of responsibility within the Global Protection Cluster, and encouraging further enhancement of that cooperation,</p>
      </container>
      <container name="Recognizing" eId="container_18">
        <p xml:space="preserve">
          <span class="italic">Recognizing</span> the importance of the full involvement and equal opportunities for participation of both women and men in mine action programmes and of gender- and age-appropriate perspective in mine action programmes,</p>
      </container>
      <container name="Recognizing also" eId="container_19">
        <p xml:space="preserve">
          <span class="italic">Recognizing also</span> the valuable mine action efforts of national, regional and international mine action practitioners, including United Nations personnel and peacekeepers, and also experts from relevant non-governmental organizations involved in mine action, enabling local communities and mine survivors to resume normal lives and reclaim their livelihoods by regaining access to previously contaminated lands,</p>
      </container>
      <container name="Noting with appreciation" eId="container_20">
        <p xml:space="preserve">
          <span class="italic">Noting with appreciation</span> national, regional and subregional efforts, including the ongoing development by the African Union of a new strategic framework on mine action, as well as other relevant regional mine action strategies, </p>
      </container>
      <container name="Taking note" eId="container_21">
        <p xml:space="preserve">
          <span class="italic">Taking note</span> of the updated United Nations Policy on Victim Assistance in Mine Action, which highlights the significance of integrating victim assistance efforts into broader national and international frameworks, such as the Convention on the Rights of Persons with Disabilities,<authorialNote marker="8" placement="bottom" eId="authorialNote_8"><p xml:space="preserve">	 	United Nations, <span class="italic">Treaty Series</span>, vol. 2515, No. 44910.</p></authorialNote> as well as the importance of sustained services and support to victims of mines and explosive remnants of war, </p>
      </container>
      <container name="Noting with appreciation" eId="container_22">
        <p xml:space="preserve">
          <span class="italic">Noting with appreciation</span> the launch of the Strategy of the United Nations on Mine Action 2019–2023, including its reinforced monitoring and evaluation mechanism, emphasizing the importance of using evaluation to inform the future direction of mine action within the United Nations, including the role and function of the Mine Action Service, and encouraging the members of the Inter-Agency Coordination Group on Mine Action to continue their work to improve the impact of the United Nations in the field of mine action, </p>
      </container>
      <container name="Noting" eId="container_23">
        <p xml:space="preserve">
          <span class="italic">Noting</span> the coordination efforts under the informal donor information-sharing forum known as the Mine Action Support Group, which endeavours to coordinate the humanitarian mine action programmes of donor States, harmonizing the prioritization of their respective mine action programmes and increasing donor support for mine action where it is most needed, </p>
      </container>
      <container name="Noting also" eId="container_24">
        <p xml:space="preserve">
          <span class="italic">Noting also</span> the discussions on the issue of improvised explosive devices of the informal group of experts under the Protocol on Prohibitions or Restrictions on the Use of Mines, Booby Traps and Other Devices, as amended on 3 May 1996 (Amended Protocol II),<authorialNote marker="9" placement="bottom" eId="authorialNote_9"><p xml:space="preserve">	 	Ibid., vol. 2048, No. 22495.</p></authorialNote> and on the technical annex to the Protocol on Explosive Remnants of War (Protocol V)<authorialNote marker="10" placement="bottom" eId="authorialNote_10"><p xml:space="preserve">	 	Ibid., vol. 2399, No. 22495.</p></authorialNote> to the Convention on Prohibitions or Restrictions on the Use of Certain Conventional Weapons Which May Be Deemed to Be Excessively Injurious or to Have Indiscriminate Effects,<authorialNote marker="11" placement="bottom" eId="authorialNote_11"><p xml:space="preserve">	 	Ibid., vol. 1342, No. 22495.</p></authorialNote></p>
      </container>
    </preamble>
    <mainBody>
      <paragraph eId="para_25" class="SingleTxt">
        <num>	1.</num>
        <content eId="para_25__content">
          <p xml:space="preserve">
            <span class="italic">Takes note</span> of the report of the Secretary-General,<authorialNote marker="12" placement="bottom" eId="authorialNote_12"><p xml:space="preserve"><a href="https://undocs.org/en/A/74/288">A/74/288</a>.</p></authorialNote> including the recommendations contained therein;</p>
        </content>
      </paragraph>
      <paragraph eId="para_26" class="SingleTxt">
        <num>	2.</num>
        <content eId="para_26__content">
          <p xml:space="preserve">
            <span class="italic">Calls upon</span> Member States to comply with their respective international obligations related to mine action; </p>
        </content>
      </paragraph>
      <paragraph eId="para_27" class="SingleTxt">
        <num>	3.</num>
        <content eId="para_27__content">
          <p xml:space="preserve">
            <span class="italic">Calls</span>, in particular, for the continuation of the efforts of Member States, including through South-South, regional and subregional cooperation, bearing in mind the need to ensure national ownership, with the assistance of the United Nations and relevant organizations involved in mine action, upon request and as appropriate and in coordination with the affected country, to foster the establishment and development of national mine action capacities in countries in which mines and explosive remnants of war constitute a serious threat to the safety, health and lives of the local civilian population or an impediment to the delivery of humanitarian assistance and social and economic development efforts at the national and local levels; </p>
        </content>
      </paragraph>
      <paragraph eId="para_28" class="SingleTxt">
        <num>	4.</num>
        <content eId="para_28__content">
          <p xml:space="preserve">
            <span class="italic">Urges</span> all Member States, in particular those that have the capacity to do so, as well as the United Nations system and other relevant organizations and institutions involved in mine action, to support mine-affected States, upon request and as appropriate, by providing: </p>
        </content>
      </paragraph>
      <paragraph eId="para_29" class="SingleTxt">
        <content eId="para_29__content">
          <p xml:space="preserve">	(a)	Assistance to countries affected by mines and explosive remnants of war for the establishment and development of national mine action capacities, including in the fulfilment of the relevant international obligations of those countries and the implementation of national mine action strategies and plans;</p>
        </content>
      </paragraph>
      <paragraph eId="para_30" class="SingleTxt">
        <content eId="para_30__content">
          <p xml:space="preserve">	(b)	Support for national and, where and as appropriate, local programmes, in cooperation with the relevant bodies of the United Nations system and relevant regional, governmental and non-governmental organizations, to reduce the risks posed by mines and explosive remnants of war, taking into consideration the different needs of women, girls, boys and men; </p>
        </content>
      </paragraph>
      <paragraph eId="para_31" class="SingleTxt">
        <content eId="para_31__content">
          <p xml:space="preserve">	(c)	Reliable, predictable, timely and, where possible, multi-annual contributions for mine action activities, including through national mine action efforts and mine action programmes of the United Nations and non-governmental organizations, including those relating to rapid response in humanitarian emergencies, victim assistance and mine risk education, especially at the local level, as well as through relevant national, regional and global trust funds, including the voluntary trust fund for assistance in mine action; </p>
        </content>
      </paragraph>
      <paragraph eId="para_32" class="SingleTxt">
        <content eId="para_32__content">
          <p xml:space="preserve">	(d)	Necessary information and technical, financial and material assistance to locate, remove, destroy and otherwise render ineffective minefields, mines and explosive remnants of war, in accordance with international law, as soon as possible; </p>
        </content>
      </paragraph>
      <paragraph eId="para_33" class="SingleTxt">
        <content eId="para_33__content">
          <p xml:space="preserve">	(e)	Technological assistance (i) to countries affected by mines and explosive remnants of war, and (ii) to promote user-oriented scientific research on and development of mine action techniques and technologies that are effective, sustainable, appropriate and environmentally sound; </p>
        </content>
      </paragraph>
      <paragraph eId="para_34" class="SingleTxt">
        <num>	5.</num>
        <content eId="para_34__content">
          <p xml:space="preserve">
            <span class="italic">Encourages</span> efforts to conduct all mine action activities in accordance with the International Mine Action Standards or national standards compliant with those Standards, and emphasizes the importance of ensuring the accuracy and objectivity of reporting information as well as of using state-of-the-art technologies and an information management system, such as the Information Management System for Mine Action, to help to facilitate mine action activities; </p>
        </content>
      </paragraph>
      <paragraph eId="para_35" class="SingleTxt">
        <num>	6.</num>
        <content eId="para_35__content">
          <p xml:space="preserve">
            <span class="italic">Notes</span> the update of the International Mine Action Standards with regard to improvised explosive devices, and encourages the United Nations Mine Action Service to continue its efforts in this regard; </p>
        </content>
      </paragraph>
      <paragraph eId="para_36" class="SingleTxt">
        <num>	7.</num>
        <content eId="para_36__content">
          <p xml:space="preserve">
            <span class="italic">Urges</span> all mine-affected States, pursuant to applicable international law, to identify all areas, as appropriate, under their jurisdiction or control containing mines and explosive remnants of war in the most efficient manner possible and to employ land release techniques, including non-technical survey, technical survey and clearance when appropriate; </p>
        </content>
      </paragraph>
      <paragraph eId="para_37" class="SingleTxt">
        <num>	8.</num>
        <content eId="para_37__content">
          <p xml:space="preserve">
            <span class="italic">Encourages</span> mine-affected States, with support from relevant United Nations agencies and development partners as appropriate, to proactively mainstream mine action, including victim assistance requirements and their linkage with health care and disabilities agendas, into development plans and processes to ensure that development priorities include mine action and that mine action, including victim assistance requirements, is funded in a predictable and sustainable manner; </p>
        </content>
      </paragraph>
      <paragraph eId="para_38" class="SingleTxt">
        <num>	9.</num>
        <content eId="para_38__content">
          <p xml:space="preserve">
            <span class="italic">Encourages</span> all relevant multilateral, regional and national programmes and bodies to include activities related to mine action, including clearance, in their peacebuilding, humanitarian, stabilization, rehabilitation, reconstruction, peace sustainment and development assistance activities, where appropriate, bearing in mind the need to ensure national and local ownership, sustainability and capacity-building, as well as to include a gender- and age-appropriate perspective in all aspects of such activities and to take into account the specific needs of persons with disabilities;</p>
        </content>
      </paragraph>
      <paragraph eId="para_39" class="SingleTxt">
        <num>	10.</num>
        <content eId="para_39__content">
          <p xml:space="preserve">
            <span class="italic">Encourages</span> Member States, as appropriate, and relevant organizations involved in mine action to continue efforts to ensure that mine action programmes take into account risk education, the specific needs and requirements of victims and persons with disabilities and are gender- and age-sensitive, so that women, girls, boys and men can benefit equally from them, and also take into account the specific needs of refugees and internally displaced persons, as well as persons residing in conflict and post-conflict areas, and encourages the participation of all stakeholders, including women, in the programming of mine action; </p>
        </content>
      </paragraph>
      <paragraph eId="para_40" class="SingleTxt">
        <num>	11.</num>
        <content eId="para_40__content">
          <p xml:space="preserve">
            <span class="italic">Urges</span> States to provide humanitarian assistance for victims of mines and explosive remnants of war and to take measures to spare the civilian population, consistent with the principles of international humanitarian law; </p>
        </content>
      </paragraph>
      <paragraph eId="para_41" class="SingleTxt">
        <num>	12.</num>
        <content eId="para_41__content">
          <p xml:space="preserve">
            <span class="italic">Encourages</span> States to support victims’ access to appropriate medical care, physical and sensory rehabilitation, psychosocial support, education and skills training and income-earning opportunities and to provide those services to all, regardless of gender, age or socioeconomic status; </p>
        </content>
      </paragraph>
      <paragraph eId="para_42" class="SingleTxt">
        <num>	13.</num>
        <content eId="para_42__content">
          <p xml:space="preserve">
            <span class="italic">Encourages</span> the provision of capacity-building assistance to affected countries in order to integrate assistance for victims into their national policy frameworks on health care, social services and disability-inclusive development by relevant United Nations agencies, civil society organizations and other entities with expertise in those matters; </p>
        </content>
      </paragraph>
      <paragraph eId="para_43" class="SingleTxt">
        <num>	14.</num>
        <content eId="para_43__content">
          <p xml:space="preserve">
            <span class="italic">Stresses</span> the importance of cooperation and coordination in mine action and of devoting existing resources, as appropriate, to that end, emphasizes the primary responsibility of national authorities in that regard, and also stresses the supporting role of the United Nations, with the Mine Action Service as the coordinator for mine action within the United Nations system, and other relevant organizations in that regard; </p>
        </content>
      </paragraph>
      <paragraph eId="para_44" class="SingleTxt">
        <num>	15.</num>
        <content eId="para_44__content">
          <p xml:space="preserve">
            <span class="italic">Encourages</span> the United Nations to continue to take measures to improve coordination, efficiency, transparency and accountability, in particular by implementing the Strategy of the United Nations on Mine Action 2019–2023;</p>
        </content>
      </paragraph>
      <paragraph eId="para_45" class="SingleTxt">
        <num>	16.</num>
        <content eId="para_45__content">
          <p xml:space="preserve">
            <span class="italic">Notes with appreciation</span> the continued partnership and cooperation of the United Nations with regional and subregional organizations, especially the African Union, to mitigate the risk to civilians from mines and explosive remnants of war, including through the Joint United Nations-African Union Framework for an Enhanced Partnership in Peace and Security and other joint initiatives, and encourages in this regard the establishment of partnerships with regional, national and local organizations, as appropriate;</p>
        </content>
      </paragraph>
      <paragraph eId="para_46" class="SingleTxt">
        <num>	17.</num>
        <content eId="para_46__content">
          <p xml:space="preserve">
            <span class="italic">Recognizes</span> the importance of explicitly incorporating references to mine action, when appropriate, in ceasefire and peace agreements, as well as in the mandates of peacekeeping operations and special political missions, as appropriate, in the light of the potential that mine action can have as a peace- and confidence-building measure in post-conflict situations among the parties concerned and in view of the ongoing dangers faced by peacekeeping personnel and host populations;</p>
        </content>
      </paragraph>
      <paragraph eId="para_47" class="SingleTxt">
        <num>	18.</num>
        <content eId="para_47__content">
          <p xml:space="preserve">
            <span class="italic">Encourages</span> those Member States and organizations in a position to do so to support measures by all relevant actors aimed at improving rapid response capacity in humanitarian emergencies, as well as transparency and accountability; </p>
        </content>
      </paragraph>
      <paragraph eId="para_48" class="SingleTxt">
        <num>	19.</num>
        <content eId="para_48__content">
          <p xml:space="preserve">
            <span class="italic">Requests</span> the Secretary-General to submit to the General Assembly at its seventy-sixth session a report on the implementation of the present resolution and on follow-up to previous resolutions on assistance in mine clearance and on assistance in mine action; </p>
        </content>
      </paragraph>
      <paragraph eId="para_49" class="SingleTxt">
        <num>	20.</num>
        <content eId="para_49__content">
          <p xml:space="preserve">
            <span class="italic">Decides</span> to include in the provisional agenda of its seventy-sixth session the item entitled “Assistance in mine action”.</p>
        </content>
      </paragraph>
    </mainBody>
    <conclusions eId="conclusions">
      <p>
        <inline name="adoptionMeeting" title="47th">47th plenary meeting</inline>
        <eol />
        <docDate date="2019-12-13" refersTo="#adoptionDate">13 December 2019</docDate>
      </p>
    </conclusions>
  </statement>
</akomaNtoso>