<akomaNtoso xmlns:xsi="http://www.w3.org/2001/XMLSchema-instance" xsi:schemaLocation="http://docs.oasis-open.org/legaldocml/ns/akn/3.0 http://docs.oasis-open.org/legaldocml/akn-core/v1.0/os/part2-specs/schemas/akomantoso30.xsd" xmlns="http://docs.oasis-open.org/legaldocml/ns/akn/3.0" xmlns:html="http://www.w3.org/1999/xhtml" xmlns:akn4un="http://un.org/akn4un">
  <statement name="resolution">
    <meta>
      <identification source="#DGACM">
        <FRBRWork>
          <FRBRthis value="/akn/un/statement/deliberation/unga/2019-12-13/74-111/!main/"></FRBRthis>
          <FRBRuri value="/akn/un/statement/deliberation/unga/2019-12-13/74-111/"></FRBRuri>
          <FRBRdate date="2019-12-13" name="adoption"></FRBRdate>
          <FRBRauthor href="ga" as="author"></FRBRauthor>
          <FRBRcountry value="un"></FRBRcountry>
        </FRBRWork>
        <FRBRExpression>
          <FRBRthis value="/akn/un/statement/deliberation/unga/2019-12-13/74-111/fra@!main/"></FRBRthis>
          <FRBRuri value="/akn/un/statement/deliberation/unga/2019-12-13/74-111/fra@/"></FRBRuri>
          <FRBRdate date="2019-12-27" name="publication"></FRBRdate>
          <FRBRauthor href="ga" as="issuer"></FRBRauthor>
          <FRBRlanguage language="fra"></FRBRlanguage>
        </FRBRExpression>
        <FRBRManifestation>
          <FRBRthis value="/akn/un/statement/deliberation/unga/2019-12-13/74-111/fra@/!main.xml"></FRBRthis>
          <FRBRuri value="/akn/un/statement/deliberation/unga/2019-12-13/74-111/fra@.xml"></FRBRuri>
          <FRBRdate date="2020-08-28" name="markup"></FRBRdate>
          <FRBRauthor href="DGACM" as="editor"></FRBRauthor>
        </FRBRManifestation>
      </identification>
      <classification source="http://metadata.un.org/sdg">
        <keyword value="6" href="http://metadata.un.org/sdg/6" showAs="sdg_6" dictionary="SDGO"></keyword>
        <keyword value="water" href="http://eurovoc.europa.eu/597" showAs="water" dictionary="EuroVoc"></keyword>
        <keyword value="public_hygiene" href="http://eurovoc.europa.eu/3371" showAs="public_hygiene" dictionary="EuroVoc"></keyword>
        <keyword value="use_of_water" href="http://eurovoc.europa.eu/4628" showAs="use_of_water" dictionary="EuroVoc"></keyword>
        <keyword value="water" href="http://metadata.un.org/thesaurus/030500" showAs="water" dictionary="UNBIS Thesaurus"></keyword>
        <keyword value="sanitation" href="http://metadata.un.org/thesaurus/1005701" showAs="sanitation" dictionary="UNBIS Thesaurus"></keyword>
        <keyword value="water_management" href="http://metadata.un.org/thesaurus/1006948" showAs="water_management" dictionary="UNBIS Thesaurus"></keyword>
      </classification>
      <classification source="http://metadata.un.org/sdg">
        <keyword value="14" href="http://metadata.un.org/sdg/14" showAs="sdg_14" dictionary="SDGO"></keyword>
        <keyword value="marine_life" href="http://eurovoc.europa.eu/3149" showAs="marine_life" dictionary="EuroVoc"></keyword>
        <keyword value="marine_environment" href="http://eurovoc.europa.eu/5742" showAs="marine_environment" dictionary="EuroVoc"></keyword>
        <keyword value="ocean" href="http://eurovoc.europa.eu/2107" showAs="ocean" dictionary="EuroVoc"></keyword>
        <keyword value="sea" href="http://eurovoc.europa.eu/1870" showAs="sea" dictionary="EuroVoc"></keyword>
        <keyword value="marine_resources" href="http://metadata.un.org/thesaurus/030800" showAs="marine_resources" dictionary="UNBIS Thesaurus"></keyword>
        <keyword value="marine_resources" href="http://metadata.un.org/thesaurus/1003922" showAs="marine_resources" dictionary="UNBIS Thesaurus"></keyword>
        <keyword value="oceans_and_seas" href="http://metadata.un.org/thesaurus/170600" showAs="oceans_and_seas" dictionary="UNBIS Thesaurus"></keyword>
      </classification>
      <classification source="http://metadata.un.org/sdg">
        <keyword value="16" href="http://metadata.un.org/sdg/16" showAs="sdg_16" dictionary="SDGO"></keyword>
        <keyword value="right_to_justice" href="http://eurovoc.europa.eu/516" showAs="right_to_justice" dictionary="EuroVoc"></keyword>
        <keyword value="sustainable_development" href="http://eurovoc.europa.eu/5585" showAs="sustainable_development" dictionary="EuroVoc"></keyword>
        <keyword value="civil_society" href="http://metadata.un.org/thesaurus/1001012" showAs="civil_society" dictionary="UNBIS Thesaurus"></keyword>
        <keyword value="justice" href="http://metadata.un.org/thesaurus/1003500" showAs="justice" dictionary="UNBIS Thesaurus"></keyword>
        <keyword value="peaceful_coexistence" href="http://metadata.un.org/thesaurus/1004777" showAs="peaceful_coexistence" dictionary="UNBIS Thesaurus"></keyword>
        <keyword value="public_institutions" href="http://metadata.un.org/thesaurus/1005254" showAs="public_institutions" dictionary="UNBIS Thesaurus"></keyword>
        <keyword value="social_justice" href="http://metadata.un.org/thesaurus/1005970" showAs="social_justice" dictionary="UNBIS Thesaurus"></keyword>
        <keyword value="sustainable_development" href="http://metadata.un.org/thesaurus/1006319" showAs="sustainable_development" dictionary="UNBIS Thesaurus"></keyword>
      </classification>
      <classification source="http://metadata.un.org/sdg">
        <keyword value="17" href="http://metadata.un.org/sdg/17" showAs="sdg_17" dictionary="SDGO"></keyword>
        <keyword value="sustainable_development" href="http://eurovoc.europa.eu/5585" showAs="sustainable_development" dictionary="EuroVoc"></keyword>
        <keyword value="partnership" href="http://eurovoc.europa.eu/4199" showAs="partnership" dictionary="EuroVoc"></keyword>
        <keyword value="sustainable_development" href="http://metadata.un.org/thesaurus/1006319" showAs="sustainable_development" dictionary="UNBIS Thesaurus"></keyword>
        <keyword value="partnership" href="http://metadata.un.org/thesaurus/1004748" showAs="partnership" dictionary="UNBIS Thesaurus"></keyword>
      </classification>
      <workflow source="#un">
        <step date="0001-01-01" outcome="draftResolution" by="submitted by the Special Committee on the Situation with regard to the Implementation of the Declaration on the Granting of Independence to Colonial Countries and Peoples" />
        <step date="0001-01-01" outcome="draftResolutionAdditionalSponsors" by="" />
        <step date="0001-01-01" outcome="recommendedForAdoption" as="A/74/418" by="" refersTo="39" />
        <step date="2019-12-13" outcome="adopted" as="A/74/PV.47" by="" />
      </workflow>
      <analysis source="#un">
        <parliamentary>
          <voting outcome="adoptedWithoutVote">
            <quorum value=""></quorum>
          </voting>
        </parliamentary>
      </analysis>
      <references source="#DGACM">
        <TLCOrganization eId="source" href="/akn/ontology/organization/un/DGACM" showAs="DGACM"></TLCOrganization>
        <TLCConcept eId="dateOfIssuance" href="/akn/ontology/concept/un/dateOfIssuance" showAs="Date of issuance"></TLCConcept>
        <TLCConcept eId="dateOfAdoption" href="/akn/ontology/concept/un/dateOfAdoption" showAs="Date of adoption"></TLCConcept>
        <TLCConcept eId="symbol" href="/akn/ontology/reference/un/symbol" showAs="Symbol"></TLCConcept>
        <TLCRole eId="publisher" href="/akn/ontology/role/un/publisher" showAs="Publisher"></TLCRole>
        <TLCRole eId="issuingBody" href="/akn/role/concept/un/issuingBody" showAs="Issuing body"></TLCRole>
        <TLCRole eId="author" href="/akn/ontology/role/un/author" showAs="Author"></TLCRole>
        <TLCRole eId="editor" href="/akn/ontology/role/un/editor" showAs="Editor"></TLCRole>
        <TLCRole eId="distribution" href="/akn/ontology/concept/un/generalDistribution" showAs="General distribution"></TLCRole>
        <TLCOrganization eId="ga" href="/akn/ontology/organization/un/generalAssembly" showAs="General Assembly"></TLCOrganization>
        <TLCTerm eId="resolutionTitle" href="/akn/ontology/reference/un/resolutionTitle" showAs="Resolution title"></TLCTerm>
        <TLCTerm eId="fourthCommittee" href="#fourthCommittee" showAs="Commission de Politiques spéciales et décolonisation"></TLCTerm>
        <TLCTerm eId="memberState" href="/akn/ontology/organization/un/memberState" showAs="Member State"></TLCTerm>
        <TLCTerm eId="inFavour" href="/akn/ontology/concept/un/voting/inFavour" showAs="In favour"></TLCTerm>
        <TLCTerm eId="against" href="/akn/ontology/concept/un/voting/against" showAs="Against"></TLCTerm>
        <TLCTerm eId="abstaining" href="/akn/ontology/concept/un/voting/abstaining" showAs="Abstaining"></TLCTerm>
      </references>
      <presentation source="#un">
        <akn4un:footerFirstPage>
          <akn4un:footerFirstPageLeft>
            <akn4un:internalCode>
              <docketNumber refersTo="#publicationJobNumber">19-22028 (F)</docketNumber>
              <img alt="bar code" class="barCode" src=""></img>
            </akn4un:internalCode>
          </akn4un:footerFirstPageLeft>
          <akn4un:footerFirstPageRight>
            <img alt="Please recycle" class="image" src="./recylcleLogo.jpg"></img>
            <img alt="embedded QR code" class="qrCode" src=""></img>
          </akn4un:footerFirstPageRight>
        </akn4un:footerFirstPage>
      </presentation>
    </meta>
    <coverPage eId="coverPage_1">
      <p>
        <span refersTo="#publisher" class="upperLeft">
          <docAuthority refersTo="#publisher">Nations Unies</docAuthority>
        </span>
      </p>
      <p class="upperRight">
        <docNumber refersTo="#symbol">A/RES/74/111</docNumber>
      </p>
      <p class="upperLeft">
        <img src="logo-un.jpg"></img>
        <docAuthority refersTo="#issuingBody" class="rightBig">Assemblée générale</docAuthority>
      </p>
      <p>
        <docStatus refersTo="#generalDistribution" class="rightSmall">Distr. générale</docStatus>
      </p>
      <p>
        <docDate date="2019-12-27" class="rightSmall" refersTo="#dateOfIssuance">27 décembre 2019</docDate>
      </p>
      <p>
        <session refersTo="#generalAssembly" value="74" eId="coverPage_1__session_1">Soixante-quatorzième session</session>
      </p>
      <p>
        <inline name="agenda item">Point 59 de l’ordre du jour</inline>
      </p>
      <p>
        <inline name="agenda item name">Application de la Déclaration sur l’octroi de l’indépendance aux pays et aux peuples coloniaux</inline>
      </p>
      <p>
        <docTitle>Résolution adoptée par l’Assemblée générale le 13 décembre 2019</docTitle>
      </p>
      <p xml:space="preserve">
        <docProponent refersTo="#fourthCommittee">[sur la base du rapport de la Commission des questions politiques spéciales et de la décolonisation (Quatrième Commission) (<inline name="originating document">A/74/418</inline>)]</docProponent>
      </p>
    </coverPage>
    <preface>
      <p>
        <docNumber>74/111.</docNumber>
        <docTitle refersTo="#resolutionTitle">Question des Îles Vierges américaines</docTitle>
      </p>
    </preface>
    <preamble>
      <formula name="enactingFormula" eId="formula_1">
        <p xml:space="preserve">
          <span class="italic">L’Assemblée générale</span>,</p>
      </formula>
      <container name="Ayant examiné" eId="container_2">
        <p xml:space="preserve">
          <span class="italic">	Ayant examiné</span> la question des Îles Vierges américaines ainsi que le chapitre pertinent du rapport du Comité spécial chargé d’étudier la situation en ce qui concerne l’application de la Déclaration sur l’octroi de l’indépendance aux pays et aux peuples coloniaux sur ses travaux de 2019<authorialNote marker="1" placement="bottom" eId="authorialNote_1"><p xml:space="preserve"><span class="italic">Documents officiels de l’Assemblée générale, soixante-quatorzième session, Supplément n</span><span class="italic"><sup>o</sup></span><span class="italic"> 23</span> (<a href="https://undocs.org/fr/A/74/23">A/74/23</a>), chap. X.</p></authorialNote>,</p>
      </container>
      <container name="Prenant note" eId="container_3">
        <p xml:space="preserve">
          <span class="italic">	Prenant note</span> du document de travail établi par le Secrétariat sur les Îles Vierges américaines<authorialNote marker="2" placement="bottom" eId="authorialNote_2"><p xml:space="preserve"><a href="https://undocs.org/fr/A/AC.109/2019/16">A/AC.109/2019/16</a>.</p></authorialNote>, ainsi que des autres informations pertinentes,</p>
      </container>
      <container name="Considérant" eId="container_4">
        <p xml:space="preserve">
          <span class="italic">	Considérant</span> que toutes les formules possibles d’autodétermination du territoire sont valables dès lors qu’elles correspondent aux vœux librement exprimés par le peuple des Îles Vierges américaines et qu’elles sont conformes aux principes clairement définis dans ses résolutions <a href="https://undocs.org/fr/A/RES/1514 (XV)">1514 (XV)</a> du 14 décembre 1960 et <a href="https://undocs.org/fr/A/RES/1541 (XV)">1541 (XV)</a> du 15 décembre 1960 et d’autres résolutions qu’elle a adoptées,</p>
      </container>
      <container name="Constatant avec préoccupation" eId="container_5">
        <p xml:space="preserve">
          <span class="italic">	Constatant avec préoccupation</span> que, 59 ans après l’adoption de la Déclaration sur l’octroi de l’indépendance aux pays et aux peuples coloniaux<authorialNote marker="3" placement="bottom" eId="authorialNote_3"><p xml:space="preserve">		Résolution <a href="http://www.undocs.org/fr/a/res/1514(XV)">1514 (XV)</a>.</p></authorialNote>, 17 territoires, dont les Îles Vierges américaines, ne sont toujours pas autonomes,</p>
      </container>
      <container name="Sachant" eId="container_6">
        <p xml:space="preserve">
          <span class="italic">	Sachant</span> qu’il importe de continuer d’appliquer effectivement la Déclaration, compte tenu de l’objectif que s’est fixé l’Organisation des Nations Unies d’éliminer le colonialisme d’ici à 2020 et des plans d’action pour les deuxième<authorialNote marker="4" placement="bottom" eId="authorialNote_4"><p xml:space="preserve"><a href="https://undocs.org/fr/A/56/61">A/56/61</a>, annexe.</p></authorialNote> et troisième Décennies internationales de l’élimination du colonialisme,</p>
      </container>
      <container name="Considérant" eId="container_7">
        <p xml:space="preserve">
          <span class="italic">	Considérant</span> que les spécificités et les aspirations du peuple des Îles Vierges américaines exigent d’aborder les formules d’autodétermination de façon souple, pragmatique et novatrice, indépendamment de la superficie du territoire, de sa situation géographique, de la taille de sa population ou de ses ressources naturelles,</p>
      </container>
      <container name="Convaincue" eId="container_8">
        <p xml:space="preserve">
          <span class="italic">	Convaincue</span> que les vœux et aspirations du peuple des Îles Vierges américaines devraient continuer d’orienter l’évolution du statut politique futur du territoire et que des référendums, des élections libres et régulières et d’autres formes de consultation populaire sont importants pour connaître ces vœux et aspirations,</p>
      </container>
      <container name="Constatant avec inquiétude" eId="container_9">
        <p xml:space="preserve">
          <span class="italic">	Constatant avec inquiétude</span> que les puissances administrantes utilisent et exploitent à leur avantage les ressources naturelles des territoires non autonomes et que ces derniers servent de centres financiers internationaux au détriment de l’économie mondiale, et préoccupée par les conséquences de toute activité économique des puissances administrantes qui va à l’encontre des intérêts des peuples des territoires et de sa résolution <a href="https://undocs.org/fr/A/RES/1514 (XV)">1514 (XV)</a>,</p>
      </container>
      <container name="Convaincue" eId="container_10">
        <p xml:space="preserve">
          <span class="italic">	Convaincue</span> qu’il ne saurait être question de mener des négociations en vue de déterminer le statut d’un territoire sans y associer activement sa population, sous les auspices de l’Organisation et au cas par cas, et qu’il conviendrait de recueillir les vues du peuple des Îles Vierges américaines sur son droit à l’autodétermination,</p>
      </container>
      <container name="Prenant note" eId="container_11">
        <p xml:space="preserve">
          <span class="italic">	Prenant note</span> des activités de coopération que continuent de mener les territoires non autonomes aux niveaux local et régional, en particulier leur participation aux travaux des organisations régionales,</p>
      </container>
      <container name="Sachant " eId="container_12">
        <p xml:space="preserve">
          <span class="italic">	Sachant </span>qu’il importe, pour que le Comité spécial comprenne mieux la situation politique du peuple des Îles Vierges américaines et puisse s’acquitter efficacement de son mandat, que cet organe soit tenu informé par les États-Unis d’Amérique, Puissance administrante, et reçoive des renseignements d’autres sources appropriées, y compris des représentants du territoire, en ce qui concerne les vœux et aspirations de la population,</p>
      </container>
      <container name="Consciente" eId="container_13">
        <p xml:space="preserve">
          <span class="italic">	Consciente</span> qu’il est important, à la fois pour les Îles Vierges américaines et pour le Comité spécial, que des représentants du territoire élus ou nommés participent aux travaux du Comité,</p>
      </container>
      <container name="Considérant" eId="container_14">
        <p xml:space="preserve">
          <span class="italic">	Considérant</span> qu’il importe que le Comité spécial veille à ce que les organes compétents de l’Organisation mènent activement une campagne de sensibilisation afin d’aider le peuple des Îles Vierges américaines à exercer son droit inaliénable à l’autodétermination et à mieux comprendre les différentes options qui s’offrent à lui en la matière, au cas par cas,</p>
      </container>
      <container name="Sachant" eId="container_15">
        <p xml:space="preserve">
          <span class="italic">	Sachant</span>, à cet égard, que la tenue de séminaires régionaux dans les régions des Caraïbes et du Pacifique et au Siège, avec la participation active de représentants des territoires non autonomes, est pour le Comité spécial un bon moyen de s’acquitter de son mandat, et que le caractère régional des séminaires, qui alternent entre les Caraïbes et le Pacifique, constitue un élément crucial de tout programme des Nations Unies visant à établir le statut politique des territoires,</p>
      </container>
      <container name="Se félicitant" eId="container_16">
        <p xml:space="preserve">
          <span class="italic">Se félicitant</span> de la tenue du séminaire régional des Caraïbes, sur le thème « Activités relatives à la troisième Décennie internationale de l’élimination du colonialisme : accélérer la décolonisation grâce à un engagement renouvelé et à l’adoption de mesures pragmatiques », organisé par le Comité spécial à Grande Anse (Grenade), du 2 au 4 mai 2019, et accueilli par le Gouvernement grenadien, cette manifestation importante et tournée vers l’avenir ayant permis aux participants d’évaluer les progrès accomplis et les difficultés rencontrées sur la voie de la décolonisation, d’examiner les méthodes de travail actuelles du Comité et de réaffirmer l’attachement de ce dernier à l’exécution de sa tâche historique,</p>
      </container>
      <container name="Notant " eId="container_17">
        <p xml:space="preserve">
          <span class="italic">	Notant </span>l’importance des conclusions et des recommandations adoptées à l’issue du séminaire, qui sont annexées au rapport du Comité spécial<authorialNote marker="5" placement="bottom" eId="authorialNote_5"><p xml:space="preserve"><span class="italic">Documents officiels de l’Assemblée générale, soixante-quatorzième session, Supplément n</span><span class="italic"><sup>o</sup></span><span class="italic"> 23 </span>(<a href="https://undocs.org/fr/A/74/23">A/74/23</a>).</p></authorialNote> et qui présentent les résultats du séminaire, notamment en ce qui concerne les moyens d’avancer sur la voie de la décolonisation, compte tenu du fait qu’elle a proclamé la période 2011‑2020 troisième Décennie internationale de l’élimination du colonialisme<authorialNote marker="6" placement="bottom" eId="authorialNote_6"><p xml:space="preserve">		Voir résolution <a href="http://www.undocs.org/fr/a/res/65/119">65/119</a>.</p></authorialNote>,</p>
      </container>
      <container name="Notant" eId="container_18">
        <p xml:space="preserve">
          <span class="italic">	Notant</span> la déclaration faite par le Lieutenant-gouverneur, en sa qualité de représentant du Gouvernement des Îles Vierges américaines, lors du séminaire régional des Caraïbes de 2019,</p>
      </container>
      <container name="Se félicitant" eId="container_19">
        <p xml:space="preserve">
          <span class="italic">Se félicitant</span> que le territoire participe à nouveau aux activités du Comité spécial,</p>
      </container>
      <container name="Prenant note avec satisfaction" eId="container_20">
        <p xml:space="preserve">
          <span class="italic">	Prenant note avec satisfaction</span> de la contribution apportée au développement de certains territoires par les institutions spécialisées et d’autres entités des Nations Unies, en particulier la Commission économique pour l’Amérique latine et les Caraïbes, la Commission économique et sociale pour l’Asie et le Pacifique, le Programme alimentaire mondial et le Programme des Nations Unies pour le développement, ainsi que des institutions régionales telles que la Banque de développement des Caraïbes, la Communauté des Caraïbes, l’Organisation des États des Caraïbes orientales, le Forum des îles du Pacifique et les institutions membres du Conseil des organisations régionales du Pacifique,</p>
      </container>
      <container name="Prenant note" eId="container_21">
        <p xml:space="preserve">
          <span class="italic">	Prenant note</span> de la cinquième tentative d’examen par le territoire de la loi organique révisée définissant les modalités de gouvernance interne, ainsi que de ses demandes d’assistance à la Puissance administrante et au système des Nations Unies en faveur de son programme d’éducation du public,</p>
      </container>
      <container name="Consciente" eId="container_22">
        <p xml:space="preserve">
          <span class="italic">	Consciente</span> du fait qu’un projet de constitution avait été présenté en 2009 et par la suite transmis à la Puissance administrante qui, en 2010, a demandé au territoire d’examiner ses objections au projet,</p>
      </container>
      <container name="Sachant" eId="container_23">
        <p xml:space="preserve">
          <span class="italic">	Sachant</span> que la cinquième Assemblée de révision, créée et réunie en 2012, était chargée de ratifier et d’approuver la version finale du projet de constitution révisé,</p>
      </container>
      <container name="Exprimant ses inquiétudes" eId="container_24">
          <p xml:space="preserve">
            <span class="italic">	Exprimant ses inquiétudes</span> quant à la durée prolongée de l’examen constitutionnel et soulignant qu’il importe que le Comité spécial reçoive des informations à jour et en temps voulu sur l’état d’avancement du projet de constitution,</p>
        </container>
      <container name="Insistant " eId="container_25">
        <p xml:space="preserve">
          <span class="italic">	Insistant </span>sur l’importance des liens régionaux pour le développement d’un petit territoire insulaire,</p>
      </container>
      <container name="Se déclarant préoccupée" eId="container_26">
        <p xml:space="preserve">
          <span class="italic">	Se déclarant préoccupée</span> par les ravages et les dégâts subis par le territoire en 2017 à la suite du passage des ouragans Irma et Maria,</p>
      </container>
      <container name="Notant " eId="container_27">
        <p xml:space="preserve">
          <span class="italic">	Notant </span>les élections générales tenues en novembre 2018<authorialNote marker="7" placement="bottom" eId="authorialNote_7"><p xml:space="preserve">		Voir <a href="https://undocs.org/fr/A/AC.109/2019/16">A/AC.109/2019/16</a>, par. 2.</p></authorialNote>,</p>
      </container>
    </preamble>
    <mainBody>
      <paragraph eId="para_28" class="SingleTxt">
        <num>	1.</num>
        <content eId="para_28__content">
          <p xml:space="preserve">
            <span class="italic">Réaffirme</span> le droit inaliénable du peuple des Îles Vierges américaines à l’autodétermination, conformément à la Charte des Nations Unies et à sa résolution <a href="https://undocs.org/fr/A/RES/1514 (XV)">1514 (XV)</a> contenant la Déclaration sur l’octroi de l’indépendance aux pays et aux peuples coloniaux ;</p>
        </content>
      </paragraph>
      <paragraph eId="para_29" class="SingleTxt">
        <num>	2.</num>
        <content eId="para_29__content">
          <p xml:space="preserve">
            <span class="italic">Réaffirme </span>que, s’agissant de la décolonisation des Îles Vierges américaines, le principe de l’autodétermination est incontournable et qu’il constitue aussi un droit fondamental consacré par les conventions pertinentes relatives aux droits de l’homme ;</p>
        </content>
      </paragraph>
      <paragraph eId="para_30" class="SingleTxt">
        <num>	3.</num>
        <content eId="para_30__content">
          <p xml:space="preserve">
            <span class="italic">Réaffirme également</span> qu’en fin de compte, c’est au peuple des Îles Vierges américaines lui-même qu’il appartient de déterminer librement son futur statut politique, conformément aux dispositions applicables de la Charte, de la Déclaration et de ses résolutions sur la question et, à cet égard, demande à la Puissance administrante d’agir en coopération avec le gouvernement du territoire et les organes compétents du système des Nations Unies pour mettre au point des programmes d’éducation politique dans le territoire afin de faire prendre conscience à la population de son droit à l’autodétermination, compte tenu des différents statuts politiques légitimes envisageables sur la base des principes clairement définis dans sa résolution <a href="https://undocs.org/fr/A/RES/1541 (XV)">1541 (XV)</a> et ses autres résolutions et décisions en la matière ;</p>
        </content>
      </paragraph>
      <paragraph eId="para_31" class="SingleTxt">
        <num>	4.</num>
        <content eId="para_31__content">
          <p xml:space="preserve">
            <span class="italic">Se félicite</span> qu’un projet de constitution émanant du territoire ait été présenté en 2009 à l’issue des travaux de la cinquième Assemblée constituante des Îles Vierges américaines et soumis pour examen à la Puissance administrante, et prie celle-ci d’aider le gouvernement du territoire à atteindre les objectifs qu’il s’est fixés dans les domaines politique, économique et social, en particulier quant à l’issue de l’Assemblée constituante interne ;</p>
        </content>
      </paragraph>
      <paragraph eId="para_32" class="SingleTxt">
        <num>	5.</num>
        <content eId="para_32__content">
          <p xml:space="preserve">
            <span class="italic">Prie</span> la Puissance administrante de faciliter le processus d’approbation du projet de constitution et son application, une fois qu’il aura été approuvé dans le territoire, et de communiquer régulièrement des informations pertinentes à cet égard au Comité spécial chargé d’étudier la situation en ce qui concerne l’application de la Déclaration sur l’octroi de l’indépendance aux pays et aux peuples coloniaux ;</p>
        </content>
      </paragraph>
      <paragraph eId="para_33" class="SingleTxt">
        <num>	6.</num>
        <content eId="para_33__content">
          <p xml:space="preserve">
            <span class="italic">Prie également</span> la Puissance administrante d’aider le territoire à mettre en œuvre un programme d’éducation du public, conformément à l’alinéa <span class="italic">b</span> de l’Article 73 de la Charte, et invite à cet égard les organismes compétents des Nations Unies à fournir une assistance à ce territoire s’il en fait la demande ;</p>
        </content>
      </paragraph>
      <paragraph eId="para_34" class="SingleTxt">
        <num>	7.</num>
        <content eId="para_34__content">
          <p xml:space="preserve">
            <span class="italic">Se félicite</span> de la création du Bureau de l’autodétermination et du développement constitutionnel de l’Université des Îles Vierges financé par la Puissance administrante afin de réfléchir à la question de l’autodétermination, notamment le statut politique et l’éducation constitutionnelle ;</p>
        </content>
      </paragraph>
      <paragraph eId="para_35" class="SingleTxt">
        <num>	8.</num>
        <content eId="para_35__content">
          <p xml:space="preserve">
            <span class="italic">Rappelle</span> la fermeture de la raffinerie Hovensa en 2012, qui avait eu des incidences négatives sur l’économie du territoire ;</p>
        </content>
      </paragraph>
      <paragraph eId="para_36" class="SingleTxt">
        <num>	9.</num>
        <content eId="para_36__content">
          <p xml:space="preserve">
            <span class="italic">Demande de nouveau</span> que le territoire, à l’instar d’autres territoires non autonomes, puisse participer aux programmes régionaux du Programme des Nations Unies pour le développement ;</p>
        </content>
      </paragraph>
      <paragraph eId="para_37" class="SingleTxt">
        <num>	10.</num>
        <content eId="para_37__content">
          <p xml:space="preserve">
            <span class="italic">Se félicite</span> de la participation active du territoire aux travaux de la Commission économique pour l’Amérique latine et les Caraïbes ;</p>
        </content>
      </paragraph>
      <paragraph eId="para_38" class="SingleTxt">
        <num>	11.</num>
        <content eId="para_38__content">
          <p xml:space="preserve">
            <span class="italic">Souligne</span> que le territoire devrait continuer de participer aux activités du Comité spécial, notamment les séminaires régionaux, afin que le Comité puisse disposer d’informations à jour sur le processus de décolonisation ;</p>
        </content>
      </paragraph>
      <paragraph eId="para_39" class="SingleTxt">
        <num>	12.</num>
        <content eId="para_39__content">
          <p xml:space="preserve">
            <span class="italic">Souligne également</span> qu’il importe que le Comité spécial soit informé des vues et des souhaits du peuple des Îles Vierges américaines et comprenne mieux sa situation, y compris la nature et la portée des arrangements politiques et constitutionnels existant entre les Îles Vierges américaines et la Puissance administrante ;</p>
        </content>
      </paragraph>
      <paragraph eId="para_40" class="SingleTxt">
        <num>	13.</num>
        <content eId="para_40__content">
          <p xml:space="preserve">
            <span class="italic">Demande</span> à la Puissance administrante de prendre pleinement part et de coopérer sans réserve aux travaux du Comité spécial afin d’assurer l’application des dispositions de l’alinéa <span class="italic">e</span> de l’Article 73 de la Charte ainsi que de la Déclaration et afin de donner au Comité des avis au sujet de l’application des dispositions de l’alinéa <span class="italic">b</span> de l’Article 73 de la Charte relatives au renforcement de la capacité des Îles Vierges américaines de s’administrer elles-mêmes, et encourage la Puissance administrante à faciliter l’envoi de missions de visite et de missions spéciales dans le territoire ;</p>
        </content>
      </paragraph>
      <paragraph eId="para_41" class="SingleTxt">
        <num>	14.</num>
        <content eId="para_41__content">
          <p xml:space="preserve">
            <span class="italic">Réaffirme</span> qu’en vertu de la Charte, il incombe à la Puissance administrante de promouvoir le développement économique et social du territoire et de préserver son identité culturelle, et prie la Puissance administrante de s’employer à obtenir et utiliser efficacement toute l’assistance possible, dans le cadre d’arrangements tant bilatéraux que multilatéraux, en vue de renforcer l’économie du territoire ;</p>
        </content>
      </paragraph>
      <paragraph eId="para_42" class="SingleTxt">
        <num>	15.</num>
        <content eId="para_42__content">
          <p xml:space="preserve">
            <span class="italic">Prend en considération</span> le Programme de développement durable à l’horizon 2030<authorialNote marker="8" placement="bottom" eId="authorialNote_8"><p xml:space="preserve">		Résolution <a href="http://www.undocs.org/fr/a/res/70/1">70/1</a>.</p></authorialNote>, y compris les objectifs de développement durable, souligne qu’il importe de stimuler le développement économique et social durable du territoire, en encourageant une croissance économique soutenue, partagée et équitable, en ouvrant des perspectives à tous, en réduisant les inégalités, en améliorant les conditions de vie de base, en favorisant un développement social équitable pour tous et en promouvant une gestion intégrée et durable des ressources naturelles et des écosystèmes qui contribue notamment au développement économique, social et humain, tout en facilitant la conservation, la régénération et la reconstitution des écosystèmes ainsi que la résilience face aux nouveaux défis, et engage vivement la Puissance administrante à s’abstenir de mener des activités illicites, néfastes et improductives, y compris de se servir du territoire comme centre financier international, qui vont à l’encontre des intérêts du peuple du territoire ;</p>
        </content>
      </paragraph>
      <paragraph eId="para_43" class="SingleTxt">
        <num>	16.</num>
        <content eId="para_43__content">
          <p xml:space="preserve">
            <span class="italic">Prie</span> le territoire et la Puissance administrante de prendre toutes les mesures nécessaires pour protéger l’environnement du territoire et le préserver de toute dégradation, et demande de nouveau aux institutions spécialisées compétentes de surveiller l’état de l’environnement dans le territoire et de lui fournir une assistance, en conformité avec leur règlement intérieur ;</p>
        </content>
      </paragraph>
      <paragraph eId="para_44" class="SingleTxt">
        <num>	17.</num>
        <content eId="para_44__content">
          <p xml:space="preserve">
            <span class="italic">Invite</span> la Puissance administrante, les institutions spécialisées et les autres organismes des Nations Unies ainsi que les organisations régionales à apporter toute l’assistance nécessaire au territoire, à appuyer les efforts de relèvement et de reconstruction et à renforcer les capacités en matière de préparation aux situations d’urgence et de réduction des risques, en particulier après le passage des ouragans Irma et Maria qui ont frappé le territoire en 2017 ;</p>
        </content>
      </paragraph>
      <paragraph eId="para_45" class="SingleTxt">
        <num>	18.</num>
        <content eId="para_45__content">
          <p xml:space="preserve">
            <span class="italic">Prie </span>le Comité spécial de poursuivre l’examen de la question des Îles Vierges américaines et de lui présenter, à sa soixante-quinzième session, un rapport à ce sujet ainsi que sur l’application de la présente résolution.</p>
        </content>
      </paragraph>
    </mainBody>
    <conclusions eId="conclusions">
      <p>
        <inline name="adoptionMeeting" title="47e">47e séance plénière</inline>
        <eol />
        <docDate date="2019-12-13" refersTo="#adoptionDate">13 décembre 2019</docDate>
      </p>
    </conclusions>
  </statement>
</akomaNtoso>