<akomaNtoso xmlns:xsi="http://www.w3.org/2001/XMLSchema-instance" xsi:schemaLocation="http://docs.oasis-open.org/legaldocml/ns/akn/3.0 http://docs.oasis-open.org/legaldocml/akn-core/v1.0/os/part2-specs/schemas/akomantoso30.xsd" xmlns="http://docs.oasis-open.org/legaldocml/ns/akn/3.0" xmlns:html="http://www.w3.org/1999/xhtml" xmlns:akn4un="http://un.org/akn4un">
  <statement name="resolution">
    <meta>
      <identification source="#DGACM">
        <FRBRWork>
          <FRBRthis value="/akn/un/statement/deliberation/unga/2019-12-19/74-197/!main/"></FRBRthis>
          <FRBRuri value="/akn/un/statement/deliberation/unga/2019-12-19/74-197/"></FRBRuri>
          <FRBRdate date="2019-12-19" name="adoption"></FRBRdate>
          <FRBRauthor href="ga" as="author"></FRBRauthor>
          <FRBRcountry value="un"></FRBRcountry>
        </FRBRWork>
        <FRBRExpression>
          <FRBRthis value="/akn/un/statement/deliberation/unga/2019-12-19/74-197/fra@!main/"></FRBRthis>
          <FRBRuri value="/akn/un/statement/deliberation/unga/2019-12-19/74-197/fra@/"></FRBRuri>
          <FRBRdate date="2020-01-10" name="publication"></FRBRdate>
          <FRBRauthor href="ga" as="issuer"></FRBRauthor>
          <FRBRlanguage language="fra"></FRBRlanguage>
        </FRBRExpression>
        <FRBRManifestation>
          <FRBRthis value="/akn/un/statement/deliberation/unga/2019-12-19/74-197/fra@/!main.xml"></FRBRthis>
          <FRBRuri value="/akn/un/statement/deliberation/unga/2019-12-19/74-197/fra@.xml"></FRBRuri>
          <FRBRdate date="2020-08-21" name="markup"></FRBRdate>
          <FRBRauthor href="DGACM" as="editor"></FRBRauthor>
        </FRBRManifestation>
      </identification>
      <classification source="http://metadata.un.org/sdg">
        <keyword value="5" href="http://metadata.un.org/sdg/5" showAs="sdg_5" dictionary="SDGO"></keyword>
        <keyword value="gender_equality" href="http://eurovoc.europa.eu/3913" showAs="gender_equality" dictionary="EuroVoc"></keyword>
        <keyword value="participation_of_women" href="http://eurovoc.europa.eu/2265" showAs="participation_of_women" dictionary="EuroVoc"></keyword>
        <keyword value="women&amp;#39;s_rights" href="http://eurovoc.europa.eu/585" showAs="women&amp;#39;s_rights" dictionary="EuroVoc"></keyword>
        <keyword value="position_of_women" href="http://eurovoc.europa.eu/81" showAs="position_of_women" dictionary="EuroVoc"></keyword>
        <keyword value="women" href="http://metadata.un.org/thesaurus/1007029" showAs="women" dictionary="UNBIS Thesaurus"></keyword>
        <keyword value="gender_equality" href="http://metadata.un.org/thesaurus/1002612" showAs="gender_equality" dictionary="UNBIS Thesaurus"></keyword>
        <keyword value="girls" href="http://metadata.un.org/thesaurus/1002684" showAs="girls" dictionary="UNBIS Thesaurus"></keyword>
      </classification>
      <classification source="http://metadata.un.org/sdg">
        <keyword value="10" href="http://metadata.un.org/sdg/10" showAs="sdg_10" dictionary="SDGO"></keyword>
        <keyword value="social_inequality" href="http://eurovoc.europa.eu/1420" showAs="social_inequality" dictionary="EuroVoc"></keyword>
        <keyword value="equality" href="http://metadata.un.org/thesaurus/1002102" showAs="equality" dictionary="UNBIS Thesaurus"></keyword>
      </classification>
      <classification source="http://metadata.un.org/sdg">
        <keyword value="16" href="http://metadata.un.org/sdg/16" showAs="sdg_16" dictionary="SDGO"></keyword>
        <keyword value="right_to_justice" href="http://eurovoc.europa.eu/516" showAs="right_to_justice" dictionary="EuroVoc"></keyword>
        <keyword value="sustainable_development" href="http://eurovoc.europa.eu/5585" showAs="sustainable_development" dictionary="EuroVoc"></keyword>
        <keyword value="civil_society" href="http://metadata.un.org/thesaurus/1001012" showAs="civil_society" dictionary="UNBIS Thesaurus"></keyword>
        <keyword value="justice" href="http://metadata.un.org/thesaurus/1003500" showAs="justice" dictionary="UNBIS Thesaurus"></keyword>
        <keyword value="peaceful_coexistence" href="http://metadata.un.org/thesaurus/1004777" showAs="peaceful_coexistence" dictionary="UNBIS Thesaurus"></keyword>
        <keyword value="public_institutions" href="http://metadata.un.org/thesaurus/1005254" showAs="public_institutions" dictionary="UNBIS Thesaurus"></keyword>
        <keyword value="social_justice" href="http://metadata.un.org/thesaurus/1005970" showAs="social_justice" dictionary="UNBIS Thesaurus"></keyword>
        <keyword value="sustainable_development" href="http://metadata.un.org/thesaurus/1006319" showAs="sustainable_development" dictionary="UNBIS Thesaurus"></keyword>
      </classification>
      <classification source="http://metadata.un.org/sdg">
        <keyword value="17" href="http://metadata.un.org/sdg/17" showAs="sdg_17" dictionary="SDGO"></keyword>
        <keyword value="sustainable_development" href="http://eurovoc.europa.eu/5585" showAs="sustainable_development" dictionary="EuroVoc"></keyword>
        <keyword value="partnership" href="http://eurovoc.europa.eu/4199" showAs="partnership" dictionary="EuroVoc"></keyword>
        <keyword value="sustainable_development" href="http://metadata.un.org/thesaurus/1006319" showAs="sustainable_development" dictionary="UNBIS Thesaurus"></keyword>
        <keyword value="partnership" href="http://metadata.un.org/thesaurus/1004748" showAs="partnership" dictionary="UNBIS Thesaurus"></keyword>
      </classification>
      <workflow source="#un">
        <step date="2019-11-21" outcome="draftResolution" as="A/C.2/74/L.70" by="submitted by the Vice-Chair of the Committee" />
        <step date="0001-01-01" outcome="draftResolutionAdditionalSponsors" by="" />
        <step date="0001-01-01" outcome="recommendedForAdoption" as="A/74/378" by="" refersTo="12" />
        <step date="2019-12-19" outcome="adopted" as="A/74/PV.52" by="" />
      </workflow>
      <analysis source="#un">
        <parliamentary>
          <voting outcome="adoptedWithoutVote">
            <quorum value=""></quorum>
          </voting>
        </parliamentary>
      </analysis>
      <references source="#DGACM">
        <TLCOrganization eId="source" href="/akn/ontology/organization/un/DGACM" showAs="DGACM"></TLCOrganization>
        <TLCConcept eId="dateOfIssuance" href="/akn/ontology/concept/un/dateOfIssuance" showAs="Date of issuance"></TLCConcept>
        <TLCConcept eId="dateOfAdoption" href="/akn/ontology/concept/un/dateOfAdoption" showAs="Date of adoption"></TLCConcept>
        <TLCConcept eId="symbol" href="/akn/ontology/reference/un/symbol" showAs="Symbol"></TLCConcept>
        <TLCRole eId="publisher" href="/akn/ontology/role/un/publisher" showAs="Publisher"></TLCRole>
        <TLCRole eId="issuingBody" href="/akn/role/concept/un/issuingBody" showAs="Issuing body"></TLCRole>
        <TLCRole eId="author" href="/akn/ontology/role/un/author" showAs="Author"></TLCRole>
        <TLCRole eId="editor" href="/akn/ontology/role/un/editor" showAs="Editor"></TLCRole>
        <TLCRole eId="distribution" href="/akn/ontology/concept/un/generalDistribution" showAs="General distribution"></TLCRole>
        <TLCOrganization eId="ga" href="/akn/ontology/organization/un/generalAssembly" showAs="General Assembly"></TLCOrganization>
        <TLCTerm eId="resolutionTitle" href="/akn/ontology/reference/un/resolutionTitle" showAs="Resolution title"></TLCTerm>
        <TLCTerm eId="secondCommittee" href="#secondCommittee" showAs="Deuxième Commission"></TLCTerm>
        <TLCTerm eId="memberState" href="/akn/ontology/organization/un/memberState" showAs="Member State"></TLCTerm>
        <TLCTerm eId="inFavour" href="/akn/ontology/concept/un/voting/inFavour" showAs="In favour"></TLCTerm>
        <TLCTerm eId="against" href="/akn/ontology/concept/un/voting/against" showAs="Against"></TLCTerm>
        <TLCTerm eId="abstaining" href="/akn/ontology/concept/un/voting/abstaining" showAs="Abstaining"></TLCTerm>
      </references>
      <presentation source="#un">
        <akn4un:footerFirstPage>
          <akn4un:footerFirstPageLeft>
            <akn4un:internalCode>
              <docketNumber refersTo="#publicationJobNumber">19-22407 (F)</docketNumber>
              <img alt="bar code" class="barCode" src=""></img>
            </akn4un:internalCode>
          </akn4un:footerFirstPageLeft>
          <akn4un:footerFirstPageRight>
            <img alt="Please recycle" class="image" src="./recylcleLogo.jpg"></img>
            <img alt="embedded QR code" class="qrCode" src=""></img>
          </akn4un:footerFirstPageRight>
        </akn4un:footerFirstPage>
      </presentation>
    </meta>
    <coverPage eId="coverPage_1">
      <p>
        <span refersTo="#publisher" class="upperLeft">
          <docAuthority refersTo="#publisher">Nations Unies</docAuthority>
        </span>
      </p>
      <p class="upperRight">
        <docNumber refersTo="#symbol">A/RES/74/197</docNumber>
      </p>
      <p class="upperLeft">
        <img src="logo-un.jpg"></img>
        <docAuthority refersTo="#issuingBody" class="rightBig">Assemblée générale</docAuthority>
      </p>
      <p>
        <docStatus refersTo="#generalDistribution" class="rightSmall">Distr. générale</docStatus>
      </p>
      <p>
        <docDate date="2020-01-10" class="rightSmall" refersTo="#dateOfIssuance">10 janvier 2020</docDate>
      </p>
      <p>
        <session refersTo="#generalAssembly" value="74" eId="coverPage_1__session_1">Soixante-quatorzième session</session>
      </p>
      <p>
        <inline name="agenda item">Point 16 de l’ordre du jour</inline>
      </p>
      <p>
        <inline name="agenda item name">Les technologies de l’information et des communications au service du développement durable</inline>
      </p>
      <p>
        <docTitle>Résolution adoptée par l’Assemblée générale le 19 décembre 2019</docTitle>
      </p>
      <p xml:space="preserve">
        <docProponent refersTo="#secondCommittee">[sur la base du rapport de la Deuxième Commission (<inline name="originating document">A/74/378</inline>)]</docProponent>
      </p>
    </coverPage>
    <preface>
      <p>
        <docNumber>74/197.</docNumber>
        <docTitle refersTo="#resolutionTitle">Les technologies de l’information et des communications au service du développement durable</docTitle>
      </p>
    </preface>
    <preamble>
      <formula name="enactingFormula" eId="formula_1">
        <p xml:space="preserve">
          <span class="italic">L’Assemblée générale</span>,</p>
      </formula>
      <container name="Rappelant" eId="container_2">
        <p xml:space="preserve">
          <span class="italic">	Rappelant</span> sa résolution <a href="https://undocs.org/fr/A/RES/73/218">73/218</a> du 20 décembre 2018 sur les technologies de l’information et des communications au service du développement durable et ses résolutions antérieures sur la question<authorialNote marker="1" placement="bottom" eId="authorialNote_1"><p xml:space="preserve">		Résolutions <a href="https://undocs.org/fr/A/RES/56/183">56/183</a>, <a href="https://undocs.org/fr/A/RES/57/238">57/238</a>, <a href="https://undocs.org/fr/A/RES/59/220">59/220</a>, <a href="https://undocs.org/fr/A/RES/60/252">60/252</a>, <a href="https://undocs.org/fr/A/RES/62/182">62/182</a>, <a href="https://undocs.org/fr/A/RES/63/202">63/202</a>, <a href="https://undocs.org/fr/A/RES/64/187">64/187</a>, <a href="https://undocs.org/fr/A/RES/65/141">65/141</a>, <a href="https://undocs.org/fr/A/RES/66/184">66/184</a>, <a href="https://undocs.org/fr/A/RES/67/195">67/195</a>, <a href="https://undocs.org/fr/A/RES/68/198">68/198</a>, <a href="https://undocs.org/fr/A/RES/69/204">69/204</a>, <a href="https://undocs.org/fr/A/RES/70/184">70/184</a>, <a href="https://undocs.org/fr/A/RES/71/212">71/212</a> et <a href="https://undocs.org/fr/A/RES/72/200">72/200</a>.</p></authorialNote>,</p>
      </container>
      <container name="Rappelant également" eId="container_3">
        <p xml:space="preserve">
          <span class="italic">Rappelant également</span> la résolution <a href="https://undocs.org/fr/E/RES/2019/24">2019/24</a> du 23 juillet 2019 du Conseil économique et social sur l’examen des progrès accomplis dans la mise en œuvre et le suivi des textes issus du Sommet mondial sur la société de l’information et les résolutions antérieures du Conseil sur la question<authorialNote marker="2" placement="bottom" eId="authorialNote_2"><p xml:space="preserve">		Résolutions 2006/46, 2008/3, 2009/7, 2010/2, 2011/16, <a href="https://undocs.org/fr/E/RES/2012/5">2012/5</a>, <a href="https://undocs.org/fr/E/RES/2013/9">2013/9</a>, <a href="https://undocs.org/fr/E/RES/2014/27">2014/27</a>, <a href="https://undocs.org/fr/E/RES/2015/26">2015/26</a>, <a href="https://undocs.org/fr/E/RES/2016/22">2016/22</a>, <a href="https://undocs.org/fr/E/RES/2017/21">2017/21</a> et <a href="https://undocs.org/fr/E/RES/2018/28">2018/28</a> du Conseil économique et social.</p></authorialNote>,</p>
      </container>
      <container name="Réaffirmant" eId="container_4">
        <p xml:space="preserve">
          <span class="italic">Réaffirmant</span> les dispositions de sa résolution <a href="https://undocs.org/fr/A/RES/70/1">70/1</a> du 25 septembre 2015 intitulée « Transformer notre monde : le Programme de développement durable à l’horizon 2030 », dans laquelle a été adoptée une série complète d’objectifs et de cibles ambitieux, universels, axés sur l’être humain et porteurs de changement, et réaffirmant qu’elle s’engage à œuvrer sans relâche pour que ce programme soit appliqué dans son intégralité d’ici à 2030, qu’elle considère que l’élimination de la pauvreté sous toutes ses formes et dans toutes ses dimensions, y compris l’extrême pauvreté, constitue le plus grand défi auquel l’humanité doit faire face et une condition indispensable au développement durable, et qu’elle est attachée à réaliser le développement durable dans ses trois dimensions – économique, sociale et environnementale – d’une manière équilibrée et intégrée en tirant parti de ce qui a été fait dans le cadre des objectifs du Millénaire pour le développement, dont elle s’efforcera d’achever la réalisation,</p>
      </container>
      <container name="Réaffirmant également" eId="container_5">
        <p xml:space="preserve">
          <span class="italic">Réaffirmant également</span> les dispositions de sa résolution <a href="https://undocs.org/fr/A/RES/69/313">69/313</a> du 27 juillet 2015 sur le Programme d’action d’Addis-Abeba issu de la troisième Conférence internationale sur le financement du développement, qui appuie et complète le Programme de développement durable à l’horizon 2030 dont il fait partie intégrante, qui contribue à replacer dans leur contexte les cibles concernant les moyens de mise en œuvre grâce à l’adoption de politiques et mesures concrètes, et qui réaffirme la volonté politique résolue de faire face aux problèmes de financement et de créer, à tous les niveaux, un environnement propice au développement durable, dans un esprit de partenariat et de solidarité planétaires,</p>
      </container>
      <container name="Réaffirmant en outre " eId="container_6">
        <p xml:space="preserve">
          <span class="italic">	Réaffirmant en outre </span>la teneur du Nouveau Programme pour les villes, adopté à la Conférence des Nations Unies sur le logement et le développement urbain durable (Habitat III), tenue à Quito (Équateur) du 17 au 20 octobre 2016<authorialNote marker="3" placement="bottom" eId="authorialNote_3"><p xml:space="preserve">		Résolution <a href="https://undocs.org/fr/A/RES/71/256">71/256</a>, annexe.</p></authorialNote>,</p>
      </container>
      <container name="Consciente" eId="container_7">
        <p xml:space="preserve">
          <span class="italic">	Consciente</span> du rôle que joue la Commission de la science et de la technique au service du développement en tant qu’organe de coordination des Nations Unies pour la science, la technologie et l’innovation au service du développement et tribune où sont examinées les questions relatives à la science et à la technologie et leur contribution à la réalisation du Programme de développement durable à l’horizon 2030, où est approfondie la compréhension des politiques scientifiques et techniques, en particulier au regard des pays en développement et où sont formulées des recommandations et des directives sur les questions liées à la science et à la technologie au service du développement à l’intention des organismes des Nations Unies,</p>
      </container>
      <container name="Considérant" eId="container_8">
        <p xml:space="preserve">
          <span class="italic">	Considérant</span> que la Commission de la science et de la technique au service du développement est l’organe des Nations Unies chargé de coordonner l’action menée à l’échelle du système en vue de donner suite aux textes issus du Sommet mondial sur la société de l’information,</p>
      </container>
      <container name="Consciente" eId="container_9">
        <p xml:space="preserve">
          <span class="italic">	Consciente</span> que le Mécanisme de facilitation des technologies, qui comprend le forum de collaboration multipartite sur la science, la technologie et l’innovation au service de la réalisation des objectifs de développement durable, l’Équipe spéciale interinstitutions des Nations Unies pour la science, la technologie et l’innovation au service de la réalisation des objectifs de développement durable et la plateforme en ligne, a pour fonction de faciliter la collaboration multipartite et les partenariats entre les États Membres, la société civile, le secteur privé, les milieux scientifiques, les entités des Nations Unies et les autres parties prenantes en vue de promouvoir la réalisation des objectifs de développement durable,</p>
      </container>
      <container name="Rappelant" eId="container_10">
        <p xml:space="preserve">
          <span class="italic">Rappelant</span> la Déclaration de principes et le Plan d’action adoptés lors de la première phase du Sommet mondial sur la société de l’information, tenue à Genève du 10 au 12 décembre 2003<authorialNote marker="4" placement="bottom" eId="authorialNote_4"><p xml:space="preserve">		Voir <a href="https://undocs.org/fr/A/C.2/59/3">A/C.2/59/3</a>, annexe.</p></authorialNote>, qu’elle a fait siens<authorialNote marker="5" placement="bottom" eId="authorialNote_5"><p xml:space="preserve">		Voir résolution <a href="https://undocs.org/fr/A/RES/59/220">59/220</a>.</p></authorialNote>, ainsi que l’Engagement de Tunis et l’Agenda de Tunis pour la société de l’information, adoptés lors de la seconde phase du Sommet, organisée à Tunis du 16 au 18 novembre 2005<authorialNote marker="6" placement="bottom" eId="authorialNote_6"><p xml:space="preserve">		Voir <a href="https://undocs.org/fr/A/60/687">A/60/687</a>.</p></authorialNote>, qu’elle a également fait siens<authorialNote marker="7" placement="bottom" eId="authorialNote_7"><p xml:space="preserve">		Voir résolution <a href="https://undocs.org/fr/A/RES/60/252">60/252</a>.</p></authorialNote>,</p>
      </container>
      <container name="Rappelant également" eId="container_11">
        <p xml:space="preserve">
          <span class="italic">Rappelant également</span> les références aux technologies de l’information et des communications qui sont faites dans le Programme de développement durable à l’horizon 2030 et dans le Programme d’action d’Addis-Abeba, et demandant une nouvelle fois que les mesures visant à donner suite aux textes issus du Sommet mondial sur la société de l’information soient étroitement alignées sur le Programme 2030, ainsi que sur d’autres textes issus de réunions intergouvernementales consacrés à la question,</p>
      </container>
      <container name="Rappelant en outre" eId="container_12">
        <p xml:space="preserve">
          <span class="italic">Rappelant en outre</span> le document final de la réunion de haut niveau de l’Assemblée générale sur l’examen d’ensemble de la mise en œuvre des textes issus du Sommet mondial sur la société de l’information<authorialNote marker="8" placement="bottom" eId="authorialNote_8"><p xml:space="preserve">		Résolution <a href="https://undocs.org/fr/A/RES/70/125">70/125</a>.</p></authorialNote>, tenue à New York les 15 et 16 décembre 2015, à l’occasion de laquelle elle a fait le point de la mise en œuvre des textes issus du Sommet mondial, examiné les éventuelles lacunes en matière de technologies de l’information et des communications et mis en évidence les domaines devant continuer de retenir l’attention,</p>
      </container>
      <container name="Réaffirmant" eId="container_13">
        <p xml:space="preserve">
          <span class="italic">Réaffirmant</span> sa volonté et sa détermination communes de réaliser l’ambition découlant du Sommet mondial sur la société de l’information, tel qu’il résulte de la Déclaration de principes de Genève,</p>
      </container>
      <container name="Réaffirmant également" eId="container_14">
        <p xml:space="preserve">
          <span class="italic">	Réaffirmant également</span> la teneur du document final de sa réunion de haut niveau sur l’examen d’ensemble de la mise en œuvre des textes issus du Sommet mondial sur la société de l’information, qui présentent les grandes orientations, les difficultés, la vision et les domaines prioritaires en matière de mise en œuvre, et considérant que chaque personne doit avoir les compétences de base indispensables dans les domaines des médias et de l’information pour pouvoir jouer pleinement son rôle dans une société de l’information inclusive,</p>
      </container>
      <container name="Considérant" eId="container_15">
        <p xml:space="preserve">
          <span class="italic">Considérant</span> que les technologies de l’information et des communications sont porteuses de possibilités et de difficultés nouvelles, et qu’il est urgent d’éliminer les principaux obstacles qui empêchent les pays en développement de profiter des nouvelles technologies, soulignant qu’il faut faire face aux défis majeurs pour réduire la fracture numérique, tant entre les pays et à l’intérieur de ces derniers qu’entre femmes et hommes et filles et garçons, et mettre les technologies de l’information et des communications au service du développement, et rappelant qu’il convient de mettre l’accent sur la qualité de l’accès afin de réduire la fracture numérique et combler le fossé des connaissances à la faveur d’une stratégie multidimensionnelle qui tienne compte de la vitesse, de la stabilité, du coût, de la langue, de la formation, du renforcement des capacités, du contenu local et de l’accessibilité pour les personnes handicapées,</p>
      </container>
      <container name="Prenant acte" eId="container_16">
        <p xml:space="preserve">
          <span class="italic">Prenant acte</span> du rapport du Secrétaire général sur les progrès accomplis dans la mise en œuvre et le suivi des textes issus du Sommet mondial sur la société de l’information aux niveaux régional et international<authorialNote marker="9" placement="bottom" eId="authorialNote_9"><p xml:space="preserve"><a href="https://undocs.org/fr/A/74/62">A/74/62-E/2019/6</a>.</p></authorialNote>,</p>
      </container>
      <container name="Prenant acte également" eId="container_17">
        <p xml:space="preserve">
          <span class="italic">Prenant acte également</span> du rapport sur les retombées économiques du haut débit dans les pays les moins avancés, les pays en développement sans littoral et les petits États insulaires en développement, établi conjointement par le Bureau de la Haute-Représentante pour les pays les moins avancés, les pays en développement sans littoral et les petits États insulaires en développement et l’Union internationale des télécommunications, et de l’étude des Nations Unies sur l’administration en ligne établie par le Département des affaires économiques et sociales du Secrétariat,</p>
      </container>
      <container name="Notant" eId="container_18">
        <p xml:space="preserve">
          <span class="italic">Notant</span> qu’il a été demandé que les rapports annuels sur la suite donnée aux textes issus du Sommet mondial sur la société de l’information continuent d’être présentés au Conseil économique et social par l’intermédiaire de la Commission de la science et de la technique au service du développement, et réaffirmant le rôle de la Commission, tel que défini dans la résolution 2006/46 du Conseil, consistant à assister cet organe, qui est le centre de coordination pour le suivi à l’échelle du système, en particulier pour l’examen et l’évaluation des progrès accomplis dans la suite donnée aux textes issus du Sommet,</p>
      </container>
      <container name="Notant également" eId="container_19">
        <p xml:space="preserve">
          <span class="italic">Notant également</span> que la Commission de la science et de la technique au service du développement a tenu sa vingt-deuxième session à Genève du 13 au 17 mai 2019, et attendant avec intérêt la vingt-troisième session, dont les thèmes prioritaires seront intitulés « Tirer parti des progrès technologiques rapides pour favoriser le développement inclusif et durable » et « Les technologies spatiales au service du développement durable et les avantages de la collaboration internationale en matière de recherche dans ce contexte », et qui offrira à toutes les parties prenantes la possibilité d’échanger des données d’expérience et d’établir des partenariats en vue du renforcement des capacités,</p>
      </container>
      <container name="Prenant acte" eId="container_20">
        <p xml:space="preserve">
          <span class="italic">	Prenant acte</span> du rapport intitulé « L’ère de l’interdépendance numérique » que le Groupe de haut niveau sur la coopération numérique a présenté au Secrétaire général le 10 juin 2019,</p>
      </container>
      <container name="Prenant note" eId="container_21">
        <p xml:space="preserve">
          <span class="italic">Prenant note</span> du Forum de suivi du Sommet mondial sur la société de l’information, organisé chaque année conjointement par l’Union internationale des télécommunications, la CNUCED, l’Organisation des Nations Unies pour l’éducation, la science et la culture et le Programme des Nations Unies pour le développement,</p>
      </container>
      <container name="Prenant acte" eId="container_22">
        <p xml:space="preserve">
          <span class="italic">Prenant acte</span> du rapport de la Commission « Le large bande au service du développement durable », intitulé <span class="italic">The State of Broadband 2019: Broadband as a Foundation for Sustainable Development</span>, qui présente une évaluation des progrès accomplis dans la réalisation des objectifs préconisés par la Commission et l’état du développement du haut débit à l’échelon mondial et qui indique que 2019 est la première année où plus de la moitié de la population mondiale aura accès à Internet, notant qu’il faut réduire la fracture numérique et rappelant le rapport de la Commission sur les travaux de sa session extraordinaire, intitulé « Working together to connect the next 1.5 billion by 2020 »,</p>
      </container>
      <container name="Consciente" eId="container_23">
        <p xml:space="preserve">
          <span class="italic">Consciente</span> que les technologies de l’information et des communications sont des moteurs essentiels du développement économique et de l’investissement, qui présentent des avantages non négligeables pour l’emploi et le bien-être social et qui lèvent les obstacles à la participation économique, et que la généralisation de ces technologies influe grandement sur la manière dont les gouvernements assurent les services publics, les entreprises traitent avec les consommateurs et les citoyens participent à la vie publique et privée,</p>
      </container>
      <container name="Prenant acte " eId="container_24">
        <p xml:space="preserve">
          <span class="italic">Prenant acte </span>du <span class="italic">Rapport sur l’économie numérique 2019</span> de la CNUCED, consacré aux perspectives de création et de captation de valeur que l’économie numérique ouvre aux pays en développement, dans lequel une attention particulière est portée aux possibilités qui s’offrent à ces pays de tirer parti de l’économie fondée sur les données, en tant que producteurs et innovateurs, et dans lequel la CNUCED relève que, de plus en plus, l’essor des plateformes et la monétisation des données numériques, dont le volume augmente rapidement, servent de moteur à la création de valeur et signale que le passage au numérique risque de contribuer à l’accroissement des inégalités et de renforcer la consolidation, alors qu’il devrait aider à rendre le développement plus inclusif,</p>
      </container>
      <container name="Notant " eId="container_25">
        <p xml:space="preserve">
          <span class="italic">Notant </span>les défis fiscaux soulevés par la numérisation de l’économie et la nécessité de veiller à ce que, si de la valeur est créée, des taxes doivent être payées, et prenant note des efforts déployés au niveau international pour s’attaquer à ce problème,</p>
      </container>
      <container name="Soulignant" eId="container_26">
        <p xml:space="preserve">
          <span class="italic">Soulignant</span>, toutefois, qu’en dépit des progrès récents, il subsiste de grands fossés numériques qui continuent de se creuser entre les pays développés et les pays en développement, ainsi qu’à l’intérieur même de ces pays, en ce qui concerne la disponibilité, le coût et l’utilisation des technologies de l’information et des communications ainsi que l’accès au haut débit, insistant sur la nécessité de combler ces fossés, notamment pour ce qui est de l’accessibilité économique d’Internet, et de faire en sorte que chacun et chacune puisse profiter des bienfaits des technologies de l’information et des communications, y compris les nouvelles technologies, réaffirmant à cet égard sa volonté d’élargir sensiblement l’accès aux technologies de l’information et des communications et de faire en sorte que tous les habitants des pays les moins avancés aient accès à Internet à un coût abordable d’ici à 2020, et notant que beaucoup a été fait pour aider à combler le fossé numérique et élargir l’accès aux technologies, notamment la mise en œuvre du Programme Connect 2030 pour le développement des télécommunications/technologies de l’information et de la communication dans le monde, y compris le haut débit, pour le développement durable,</p>
      </container>
      <container name="Soulignant également" eId="container_27">
        <p xml:space="preserve">
          <span class="italic">	Soulignant également</span> que toutes les formes de coopération pour le développement, y compris les apports d’aide, doivent favoriser la transformation numérique,</p>
      </container>
      <container name="Rappelant" eId="container_28">
        <p xml:space="preserve">
          <span class="italic">Rappelant</span> les recommandations que le Groupe de travail sur le fossé numérique entre les sexes de la Commission « Le large bande au service du développement durable » a formulées dans son rapport de situation, et prenant acte du rapport du Groupe de travail sur l’éducation de la Commission « Le large bande au service du développement durable », intitulé « Digital skills for life and work »,</p>
      </container>
      <container name="Considérant" eId="container_29">
        <p xml:space="preserve">
          <span class="italic">Considérant</span> que l’égalité des genres et l’autonomisation des femmes et des filles contribueront de façon décisive à la réalisation de l’ensemble des objectifs de développement durable, et soulignant qu’il faut faire en sorte que les stratégies en matière de science, de technologie et d’innovation concourent à l’autonomisation des femmes et des filles et à la réduction des inégalités, notamment du fossé numérique entre les sexes,</p>
      </container>
      <container name="Notant avec une vive préoccupation" eId="container_30">
        <p xml:space="preserve">
          <span class="italic">Notant avec une vive préoccupation</span> que le fossé numérique entre les sexes persiste, en ce qui concerne l’accès et le recours des femmes aux technologies de l’information et des communications, notamment dans l’enseignement, l’emploi et d’autres domaines touchant le développement économique et social et, à cet égard, se félicitant des nombreuses initiatives, telles que la Journée internationale des jeunes filles dans le secteur des technologies de l’information et des communications, initiative de l’Union internationale des télécommunications, et Égaux : le partenariat mondial pour l’égalité femmes-hommes à l’ère numérique, qui ont mis l’accent sur l’accès aux technologies, les compétences et l’impulsion en faveur de la participation des femmes et des filles à l’ère numérique sur un pied d’égalité,</p>
      </container>
      <container name="Considérant" eId="container_31">
        <p xml:space="preserve">
          <span class="italic">Considérant</span> qu’il faut privilégier les politiques de renforcement des capacités et l’appui à long terme pour démultiplier les effets des activités et des initiatives menées aux niveaux national et local en vue de fournir des conseils, des services et un appui, le but étant de créer une société de l’information solidaire, axée sur l’être humain et orientée vers le développement,</p>
      </container>
      <container name="Notant" eId="container_32">
        <p xml:space="preserve">
          <span class="italic">Notant</span> que diverses questions continuent de se faire jour au sujet de problèmes liés à l’accès aux technologies de l’information et des communications, à leur utilisation et à leurs applications, ainsi qu’à leurs effets sur les aspects économique, social et environnemental du développement durable,</p>
      </container>
      <container name="Réaffirmant" eId="container_33">
        <p xml:space="preserve">
          <span class="italic">Réaffirmant</span> que les droits dont toute personne jouit hors ligne doivent également être protégés en ligne, et soulignant qu’il faut considérer que les progrès accomplis dans le sens de la réalisation de l’ambition découlant du Sommet mondial sur la société de l’information participent non seulement du développement économique et de la diffusion des technologies de l’information et des communications mais aussi de l’exercice des droits de l’homme et des libertés fondamentales,</p>
      </container>
      <container name="Réaffirmant également" eId="container_34">
        <p xml:space="preserve">
          <span class="italic">Réaffirmant également</span> que la gouvernance d’Internet, y compris l’action à mener pour renforcer la coopération ainsi que la convocation du Forum consacré à cette question, devrait continuer de se conformer aux dispositions des textes issus des sommets de Genève et de Tunis,</p>
      </container>
      <container name="Rappelant" eId="container_35">
        <p xml:space="preserve">
          <span class="italic">Rappelant</span> les efforts déployés par les pays hôtes pour organiser les réunions du Forum sur la gouvernance d’Internet, tenues à Athènes en 2006, à Rio de Janeiro (Brésil) en 2007, à Hyderabad (Inde) en 2008, à Charm el‑Cheikh (Égypte) en 2009, à Vilnius en 2010, à Nairobi en 2011, à Bakou en 2012, à Bali (Indonésie) en 2013, à Istanbul (Turquie) en 2014, à João Pessoa (Brésil) en 2015, à Guadalajara (Mexique) en 2016, à Genève en 2017, à Paris en 2018 et à Berlin en 2019,</p>
      </container>
      <container name="Rappelant également" eId="container_36">
        <p xml:space="preserve">
          <span class="italic">Rappelant également</span> la mise en place du Groupe de travail sur le renforcement de la coopération, sur la base de la proposition faite par la présidence de la Commission de la science et de la technique au service du développement concernant la structure et la composition dudit groupe de travail, dont la création a été demandée par l’Assemblée générale dans sa résolution <a href="https://undocs.org/fr/A/RES/70/125">70/125</a> du 16 décembre 2015 et approuvée par le Conseil économique et social dans sa résolution <a href="https://undocs.org/fr/E/RES/2017/21">2017/21</a>, et prenant note de ses travaux,</p>
      </container>
      <container name="Considérant" eId="container_37">
        <p xml:space="preserve">
          <span class="italic">	Considérant</span> que les technologies de l’information et des communications peuvent accélérer la réalisation des objectifs de développement durable et que l’Union internationale des télécommunications, notamment, joue un rôle important pour ce qui est d’aider les États Membres à atteindre ces objectifs,</p>
      </container>
      <container name="Prenant acte " eId="container_38">
        <p xml:space="preserve">
          <span class="italic">	Prenant acte </span>de l’organisation de la Conférence mondiale de développement des télécommunications par l’Union internationale des télécommunications à Buenos Aires du 9 au 20 octobre 2017, sur le thème des technologies de l’information et des communications au service des objectifs de développement durable,</p>
      </container>
      <container name="Notant " eId="container_39">
        <p xml:space="preserve">
          <span class="italic">Notant </span>que les progrès technologiques offrent de nouveaux et puissants outils de développement, consciente de leurs effets et des possibilités et défis qu’ils présentent et considérant que les gouvernements, le secteur privé, les organisations internationales, la société civile et les milieux techniques et universitaires devraient tenir compte des questions sociales, économiques, éthiques, culturelles et techniques suscitées par ces avancées rapides, le but étant de mieux en appréhender le potentiel pour le mettre au service de la réalisation du Programme de développement durable à l’horizon 2030,</p>
      </container>
      <container name="Réaffirmant" eId="container_40">
        <p xml:space="preserve">
          <span class="italic">Réaffirmant</span> les valeurs et principes de coopération et de dialogue entre les diverses parties concernées qui président depuis le début aux travaux du Sommet mondial sur la société de l’information et consciente que la participation, le partenariat et la coopération véritables des gouvernements, du secteur privé, de la société civile, des organisations internationales et des milieux techniques et universitaires et de toutes les autres parties prenantes, chacun dans les limites de sa vocation et de ses responsabilités, les pays en développement y étant représentés de manière équilibrée, demeurent essentiels à l’édification de la société de l’information,</p>
      </container>
      <container name="Consciente" eId="container_41">
        <p xml:space="preserve">
          <span class="italic">Consciente</span> des difficultés que les États éprouvent à prévenir et combattre l’utilisation des technologies de l’information et des communications à des fins criminelles, notamment par des terroristes, et soulignant qu’il faut poursuivre la coopération internationale dans ce domaine et aider davantage les États qui en font la demande, à la faveur d’activités d’assistance technique, à se donner les moyens de prévenir, poursuivre et réprimer une telle utilisation, dans le respect du droit interne et du droit international,</p>
      </container>
      <container name="Réitérant" eId="container_42">
          <p xml:space="preserve">
            <span class="italic">Réitérant</span> l’engagement de ne laisser personne de côté, réaffirmant qu’elle considère que la dignité de la personne humaine est fondamentale et souhaite que les objectifs et cibles se concrétisent au profit de toutes les nations, tous les peuples et toutes les composantes de la société, et s’engageant de nouveau à s’efforcer d’aider les plus défavorisés en premier,</p>
      </container>
    </preamble>
    <mainBody>
      <paragraph eId="para_43" class="SingleTxt">
        <num>	1.</num>
        <content eId="para_43__content">
          <p xml:space="preserve">
            <span class="italic">Estime</span> que les technologies de l’information et des communications peuvent offrir de nouvelles solutions aux problèmes de développement, en particulier dans le contexte de la mondialisation, et favoriser une croissance économique soutenue, partagée et équitable et un développement durable, la compétitivité, l’accès à l’information et aux connaissances, le commerce et le développement, l’élimination de la pauvreté et l’inclusion sociale, lesquels contribueront à accélérer l’intégration de tous les pays, surtout les pays en développement et, plus particulièrement, les pays les moins avancés, dans l’économie mondiale ;</p>
        </content>
      </paragraph>
      <paragraph eId="para_44" class="SingleTxt">
        <num>	2.</num>
        <content eId="para_44__content">
          <p xml:space="preserve">
            <span class="italic">Salue</span> l’évolution et la diffusion remarquables, grâce aux secteurs public et privé, des technologies de l’information et des communications, qui se sont répandues presque partout sur la planète et sont venues ouvrir de nouvelles perspectives d’interactions sociales, donner naissance à de nouveaux modèles commerciaux et contribuer à la croissance et au développement économiques de tous les autres secteurs, sans méconnaître leur cortège de difficultés spécifiques nouvelles ;</p>
        </content>
      </paragraph>
      <paragraph eId="para_45" class="SingleTxt">
        <num>	3.</num>
        <content eId="para_45__content">
          <p xml:space="preserve">
            <span class="italic">Estime</span> que les technologies de l’information et des communications peuvent contribuer à l’exécution du Programme de développement durable à l’horizon 2030<authorialNote marker="10" placement="bottom" eId="authorialNote_10"><p xml:space="preserve">		Résolution <a href="https://undocs.org/fr/A/RES/70/1">70/1</a>.</p></authorialNote> et à la réalisation d’autres objectifs de développement arrêtés au niveau international, en accélérant les progrès dans le sens des 17 objectifs de développement durable, exhorte donc tous les gouvernements, le secteur privé, la société civile, les organisations internationales et les milieux techniques et universitaires et toutes les autres parties prenantes concernées à faire une place aux technologies de l’information et des communications dans leurs stratégies de réalisation de ces objectifs, et prie les entités du système des Nations Unies chargées d’appliquer les grandes orientations arrêtées lors du Sommet mondial sur la société de l’information de revoir leurs programmes de travail et les modalités d’établissement des rapports en vue de concourir à l’exécution du Programme 2030 ;</p>
        </content>
      </paragraph>
      <paragraph eId="para_46" class="SingleTxt">
        <num>	4.</num>
        <content eId="para_46__content">
          <p xml:space="preserve">
            <span class="italic">Réaffirme sa volonté</span> de combler la fracture numérique et le fossé des connaissances, sachant que l’entreprise appelle une démarche pluridimensionnelle qui tienne compte de l’aspect évolutif de l’accès, mette l’accent sur la qualité de cet accès et reconnaisse que la vitesse, la stabilité, le coût, la langue, le contenu local et l’accessibilité pour les personnes handicapées sont désormais des éléments clefs de la qualité et que le haut débit est d’ores et déjà un facteur essentiel du développement durable ;</p>
        </content>
      </paragraph>
      <paragraph eId="para_47" class="SingleTxt">
        <num>	5.</num>
        <content eId="para_47__content">
          <p xml:space="preserve">
            <span class="italic">Souligne</span> le rôle majeur que jouent le secteur privé, la société civile et les milieux techniques dans le domaine des technologies de l’information et des communications ;</p>
        </content>
      </paragraph>
      <paragraph eId="para_48" class="SingleTxt">
        <num>	6.</num>
        <content eId="para_48__content">
          <p xml:space="preserve">
            <span class="italic">Engage</span> les parties prenantes, des pays développés comme des pays en développement, à poursuivre et renforcer leur coopération, chacun dans les limites de sa vocation et de ses responsabilités, le but étant de donner application aux textes issus des phases du Sommet mondial sur la société de l’information tenues à Genève<sup>4</sup> et à Tunis<sup>6</sup>, notamment en favorisant les partenariats multipartites aux niveaux national, régional et international, y compris les partenariats public-privé, et en préconisant la mise en place de plateformes thématiques multipartites sur les plans national et régional, en procédant dans la concertation et le dialogue avec les pays en développement, en particulier les pays les moins avancés, les partenaires de développement et les intervenants du secteur des technologies de l’information et des communications ;</p>
        </content>
      </paragraph>
      <paragraph eId="para_49" class="SingleTxt">
        <num>	7.</num>
        <content eId="para_49__content">
          <p xml:space="preserve">
            <span class="italic">Se félicite</span> de l’entrée en activité de la Banque de technologies pour les pays les moins avancés et invite les États Membres, ainsi que les organisations internationales, les fondations et le secteur privé, à verser des contributions financières à titre volontaire et à fournir l’aide technique voulue pour que la Banque puisse fonctionner pleinement et efficacement ;</p>
        </content>
      </paragraph>
      <paragraph eId="para_50" class="SingleTxt">
        <num>	8.</num>
        <content eId="para_50__content">
          <p xml:space="preserve">
            <span class="italic">Prend note</span> des progrès accomplis par les entités du système des Nations Unies, en coopération avec les gouvernements, les commissions régionales et les autres parties prenantes, notamment les organisations non gouvernementales et le secteur privé, dans la mise en œuvre des orientations définies dans les textes issus du Sommet mondial sur la société de l’information, et préconise de suivre ces orientations afin d’atteindre les objectifs du Programme de développement durable à l’horizon 2030 ;</p>
        </content>
      </paragraph>
      <paragraph eId="para_51" class="SingleTxt">
        <num>	9.</num>
        <content eId="para_51__content">
          <p xml:space="preserve">
            <span class="italic">Note</span> que l’économie numérique représente une part importante et croissante de l’économie mondiale et qu’il existe une corrélation entre l’accès aux technologies de l’information et des communications et la croissance du produit intérieur brut et souligne combien il est crucial d’accroître la participation de tous les pays, en particulier des pays en développement, à l’économie numérique ;</p>
        </content>
      </paragraph>
      <paragraph eId="para_52" class="SingleTxt">
        <num>	10.</num>
        <content eId="para_52__content">
          <p xml:space="preserve">
            <span class="italic">Engage</span> à cet égard les pays à tirer parti des mécanismes et possibilités de renforcement des capacités qui sont en place dans l’ensemble du système des Nations Unies ;</p>
        </content>
      </paragraph>
      <paragraph eId="para_53" class="SingleTxt">
        <num>	11.</num>
        <content eId="para_53__content">
          <p xml:space="preserve">
            <span class="italic">Exhorte</span> à continuer d’entreprendre de tirer le meilleur parti du commerce électronique pour promouvoir le développement à la faveur d’initiatives telles que « eTrade for All », initiative lancée par la CNUCED qui propose une nouvelle stratégie de développement du commerce au moyen d’échanges électroniques venant permettre aux pays en développement de se procurer plus facilement une assistance technique pour se donner les moyens d’entrer dans le monde du commerce électronique et mieux renseigner les donateurs sur les programmes qu’ils pourraient financer ;</p>
        </content>
      </paragraph>
      <paragraph eId="para_54" class="SingleTxt">
        <num>	12.</num>
        <content eId="para_54__content">
          <p xml:space="preserve">
            <span class="italic">Constate</span> à cet égard que la CNUCED, en coopération avec d’autres organismes et donateurs, a lancé et rapidement réalisé des évaluations sur l’état de préparation au commerce électronique des pays les moins avancés, l’objectif étant de permettre à ceux-ci de mieux connaître les possibilités d’en tirer parti et les obstacles auxquels ils pourraient se heurter ;</p>
        </content>
      </paragraph>
      <paragraph eId="para_55" class="SingleTxt">
        <num>	13.</num>
        <content eId="para_55__content">
          <p xml:space="preserve">
            <span class="italic">Se félicite</span> de la tenue de la troisième session du Groupe intergouvernemental d’experts du commerce électronique et de l’économie numérique dont elle accueille avec satisfaction le rapport<authorialNote marker="11" placement="bottom" eId="authorialNote_11"><p xml:space="preserve"><a href="https://undocs.org/fr/TD/B/EDE/3/3">TD/B/EDE/3/3</a>.</p></authorialNote>, et de la création, en 2018, d’un groupe de travail sur la mesure du commerce électronique et de l’économie numérique<authorialNote marker="12" placement="bottom" eId="authorialNote_12"><p xml:space="preserve">		Voir <a href="https://undocs.org/fr/TD/B/EDE/1/3">TD/B/EDE/1/3</a>, chap. I, par. 12.</p></authorialNote> ;</p>
        </content>
      </paragraph>
      <paragraph eId="para_56" class="SingleTxt">
        <num>	14.</num>
        <content eId="para_56__content">
          <p xml:space="preserve">
            <span class="italic">Se félicite également </span>de la tenue de la première Semaine du commerce électronique en Afrique, à Nairobi, du 10 au 14 décembre 2018, et de la Semaine du commerce électronique, qui a eu lieu du 1<sup>er</sup> au 5 avril 2019 sur le thème des incidences du passage au numérique sur le développement, et attend avec intérêt la première Semaine du commerce électronique en Asie, qui se tiendra en 2020 aux Émirats arabes unis ;</p>
        </content>
      </paragraph>
      <paragraph eId="para_57" class="SingleTxt">
        <num>	15.</num>
        <content eId="para_57__content">
          <p xml:space="preserve">
            <span class="italic">Salue</span> les travaux menés dans le cadre du Programme Information pour tous de l’Organisation des Nations Unies pour l’éducation, la science et la culture afin d’aider les États Membres à élaborer des politiques visant à combler le fossé numérique et à édifier des sociétés du savoir équitables, et se félicite de la tenue de la Semaine mondiale de l’initiation aux médias et à l’information du 24 au 31 octobre 2019 ;</p>
        </content>
      </paragraph>
      <paragraph eId="para_58" class="SingleTxt">
        <num>	16.</num>
        <content eId="para_58__content">
          <p xml:space="preserve">
            <span class="italic">Constate </span>que, malgré les récents progrès et les résultats notables enregistrés, l’accès et le recours aux technologies de l’information et des communications restent inégaux, s’inquiète de la grande fracture qui subsiste entre pays développés et pays en développement et à l’intérieur de ces catégories dans les domaines du numérique et du haut débit, notamment du fait que l’on compte 122 abonnements au haut débit mobile pour 100 habitants dans les pays développés contre seulement 75 dans les pays en développement et 33 dans les pays les moins avancés, et que ces services coûtent généralement plus cher dans les pays en développement compte tenu du revenu moyen des ménages, si bien que les habitants de ces pays ne peuvent avoir accès aux technologies de l’information et des communications à un coût abordable ;</p>
        </content>
      </paragraph>
      <paragraph eId="para_59" class="SingleTxt">
        <num>	17.</num>
        <content eId="para_59__content">
          <p xml:space="preserve">
            <span class="italic">Se dit consciente</span> de l’importance que revêt l’accès au haut débit pour tous les pays en développement, et demande à toutes les parties prenantes, y compris la communauté internationale, de favoriser de nouvelles mesures, y compris l’investissement, visant à améliorer l’accès et la connexion au haut débit dans ces pays ;</p>
        </content>
      </paragraph>
      <paragraph eId="para_60" class="SingleTxt">
        <num>	18.</num>
        <content eId="para_60__content">
          <p xml:space="preserve">
            <span class="italic">Sait</span> l’importance que revêt la connexion au haut débit pour les utilisateurs des zones rurales et reculées, et note à cet égard que les petits opérateurs et les opérateurs locaux sans but lucratif, entre autres, peuvent, le cas échéant, fournir ces services si les mesures réglementaires voulues sont prises pour leur donner accès aux infrastructures de base ;</p>
        </content>
      </paragraph>
      <paragraph eId="para_61" class="SingleTxt">
        <num>	19.</num>
        <content eId="para_61__content">
          <p xml:space="preserve">
            <span class="italic">Encourage</span> la recherche-développement et l’élaboration de stratégies viables susceptibles de déboucher sur un gain de compétitivité et d’investissement et une baisse rapide du coût des technologies de l’information et des communications, et invite instamment toutes les parties prenantes à réduire le fossé numérique qui continue de se creuser entre les pays ainsi qu’à l’intérieur même des pays, notamment en favorisant un contexte propice à l’action à tous les niveaux et en renforçant les cadres juridiques et réglementaires propres à accroître l’investissement et l’innovation, les partenariats public-privé, les stratégies d’accès universel et la coopération internationale, afin d’améliorer l’accessibilité, l’éducation, le renforcement des capacités, le multilinguisme, la préservation de la culture, l’investissement et le transfert de technologies à des conditions arrêtées d’un commun accord ;</p>
        </content>
      </paragraph>
      <paragraph eId="para_62" class="SingleTxt">
        <num>	20.</num>
        <content eId="para_62__content">
          <p xml:space="preserve">
            <span class="italic">Constate</span> qu’il subsiste un fossé numérique entre les sexes et que les femmes sont 17 pour cent moins nombreuses que les hommes à utiliser Internet dans le monde, et 43 pour cent dans les pays les moins avancés, note avec inquiétude que si ce fossé s’est réduit dans beaucoup de régions depuis 2013, il s’est creusé de manière générale, en particulier dans les pays les moins avancés et en Afrique, appelle à cet égard toutes les parties prenantes à faire en sorte que les femmes participent pleinement à la société de l’information et aient accès aux technologies de l’information et des communications au service du développement, notamment aux nouvelles technologies, demande à nouveau, à cet égard, aux entités compétentes du système des Nations Unies, en particulier l’Entité des Nations Unies pour l’égalité des sexes et l’autonomisation des femmes (ONU-Femmes), de concourir à l’application et au suivi des grandes orientations définies dans les textes issus du Sommet mondial sur la société de l’information en mettant davantage l’accent sur l’égalité des genres et l’autonomisation des femmes, et réaffirme sa ferme volonté d’assurer la pleine participation des femmes aux processus de prise de décisions concernant les technologies de l’information et des communications ;</p>
        </content>
      </paragraph>
      <paragraph eId="para_63" class="SingleTxt">
        <num>	21.</num>
        <content eId="para_63__content">
          <p xml:space="preserve">
            <span class="italic">Prend note</span> de l’application au niveau régional des textes issus du Sommet mondial sur la société de l’information, facilitée par les commissions régionales, comme il ressort du rapport du Secrétaire général sur les progrès accomplis dans la mise en œuvre et le suivi des textes issus du Sommet mondial aux niveaux régional et international<sup>9</sup> ;</p>
        </content>
      </paragraph>
      <paragraph eId="para_64" class="SingleTxt">
        <num>	22.</num>
        <content eId="para_64__content">
          <p xml:space="preserve">
            <span class="italic">Engage</span> les fonds, programmes et institutions spécialisées des Nations Unies à concourir, chacun dans les limites de son mandat et de son plan stratégique, à l’application des textes issus du Sommet mondial sur la société de l’information, et souligne qu’il importe d’allouer à cet effet des ressources suffisantes ;</p>
        </content>
      </paragraph>
      <paragraph eId="para_65" class="SingleTxt">
        <num>	23.</num>
        <content eId="para_65__content">
          <p xml:space="preserve">
            <span class="italic">Prend acte</span> de la prorogation jusqu’à la fin de 2025 du mandat du Forum sur la gouvernance d’Internet, telle que prévue dans le document final de la réunion de haut niveau de l’Assemblée générale sur l’examen d’ensemble de la mise en œuvre des textes issus du Sommet mondial sur la société de l’information<sup>8</sup> ;</p>
        </content>
      </paragraph>
      <paragraph eId="para_66" class="SingleTxt">
        <num>	24.</num>
        <content eId="para_66__content">
          <p xml:space="preserve">
            <span class="italic">Se dit consciente</span> de l’importance que revêtent le Forum sur la gouvernance d’Internet et la mission qui lui a été confiée d’offrir un espace de dialogue multipartite sur diverses questions, comme il ressort du paragraphe 72 de l’Agenda de Tunis pour la société de l’information<sup>6</sup>, notamment de faciliter l’examen des questions de politique générale concernant des aspects essentiels de la gouvernance d’Internet, et prie le Secrétaire général de continuer à présenter dans son rapport annuel, lorsqu’il rendra compte des progrès accomplis aux niveaux régional et international dans la mise en œuvre et le suivi des textes issus du Sommet mondial sur la société de l’information, des renseignements sur l’état d’avancement de l’application des recommandations figurant dans le rapport du Groupe de travail sur les améliorations à apporter au Forum sur la gouvernance d’Internet<authorialNote marker="13" placement="bottom" eId="authorialNote_13"><p xml:space="preserve"><a href="https://undocs.org/fr/A/67/65">A/67/65-E/2012/48</a> et <a href="https://undocs.org/fr/A/67/65/Corr.1">A/67/65/Corr.1-E/2012/48/Corr.1</a>.</p></authorialNote>, en particulier celles qui concernent le renforcement de la participation des pays en développement ;</p>
        </content>
      </paragraph>
      <paragraph eId="para_67" class="SingleTxt">
        <num>	25.</num>
        <content eId="para_67__content">
          <p xml:space="preserve">
            <span class="italic">Insiste</span> sur la nécessité de renforcer la participation des gouvernements et des parties prenantes de tous les pays en développement, en particulier les pays les moins avancés, à toutes les réunions du Forum sur la gouvernance d’Internet, et invite à cet égard les États Membres, ainsi que les autres intervenants compétents, à aider les gouvernements et toutes les autres parties intéressées des pays en développement à participer au Forum proprement dit ainsi qu’aux réunions préparatoires ;</p>
        </content>
      </paragraph>
      <paragraph eId="para_68" class="SingleTxt">
        <num>	26.</num>
        <content eId="para_68__content">
          <p xml:space="preserve">
            <span class="italic">Prend note </span>des travaux que mène le Groupe de travail sur le renforcement de la coopération, créé par la présidence de la Commission de la science et de la technique au service du développement comme elle l’a demandé dans sa résolution <a href="https://undocs.org/fr/A/RES/70/125">70/125</a> et chargé d’élaborer des recommandations sur les moyens à mettre en œuvre pour continuer de renforcer la coopération suivant les modalités prévues dans l’Agenda de Tunis, et note que le Groupe de travail a veillé à assurer la pleine participation des gouvernements et autres parties intéressées, notamment des pays en développement, compte tenu de la diversité de leurs vues et de leurs domaines de compétence ;</p>
        </content>
      </paragraph>
      <paragraph eId="para_69" class="SingleTxt">
        <num>	27.</num>
        <content eId="para_69__content">
          <p xml:space="preserve">
            <span class="italic">Note</span> que le Groupe de travail s’est réuni cinq fois entre septembre 2016 et janvier 2018 pour faire le point des contributions des États Membres et des autres parties prenantes, comme elle le lui a demandé dans sa résolution <a href="https://undocs.org/fr/A/RES/70/125">70/125</a> ;</p>
        </content>
      </paragraph>
      <paragraph eId="para_70" class="SingleTxt">
        <num>	28.</num>
        <content eId="para_70__content">
          <p xml:space="preserve">
            <span class="italic">Rappelle </span>le rapport du Président du Groupe de travail<authorialNote marker="14" placement="bottom" eId="authorialNote_14"><p xml:space="preserve">		Voir <a href="https://undocs.org/fr/E/CN.16/2018/CRP.3">E/CN.16/2018/CRP.3</a>.</p></authorialNote>, qui renvoie au texte intégral de l’ensemble des propositions et contributions, et témoigne sa reconnaissance au Président et à tous les participants qui ont contribué aux travaux du Groupe ;</p>
        </content>
      </paragraph>
      <paragraph eId="para_71" class="SingleTxt">
        <num>	29.</num>
        <content eId="para_71__content">
          <p xml:space="preserve">
            <span class="italic">Salue</span> les progrès notables faits par le Groupe de travail sur de nombreuses questions et le consensus qui semble s’esquisser sur certaines d’entre elles, même s’il subsiste d’importantes divergences sur d’autres questions, regrette à cet égard que le Groupe de travail ne soit pas parvenu à s’entendre sur des recommandations quant au moyen de renforcer plus largement la coopération, conformément à ce que prévoit l’Agenda de Tunis ;</p>
        </content>
      </paragraph>
      <paragraph eId="para_72" class="SingleTxt">
        <num>	30.</num>
        <content eId="para_72__content">
          <p xml:space="preserve">
            <span class="italic">Considère</span> qu’il importe de renforcer la coopération à l’avenir pour que les gouvernements puissent, sur un pied d’égalité, jouer leur rôle et exercer leurs responsabilités en ce qui concerne les questions de politique générale de portée internationale concernant Internet, et qu’il est nécessaire de poursuivre le dialogue et l’action visant à renforcer la coopération, conformément à ce qui est envisagé dans l’Agenda de Tunis ;</p>
        </content>
      </paragraph>
      <paragraph eId="para_73" class="SingleTxt">
        <num>	31.</num>
        <content eId="para_73__content">
          <p xml:space="preserve">
            <span class="italic">Encourage </span>toutes les parties prenantes à tirer parti des forums et des services spécialisés qu’offrent les organes compétents des Nations Unies, tels que la Commission de la science et de la technique au service du développement, et à y contribuer, afin de renforcer la coopération numérique mondiale ;</p>
        </content>
      </paragraph>
      <paragraph eId="para_74" class="SingleTxt">
        <num>	32.</num>
        <content eId="para_74__content">
          <p xml:space="preserve">
            <span class="italic">Considère </span>que le manque d’accès à des technologies et à des services fiables à un coût abordable constitue un obstacle majeur dans de nombreux pays en développement, d’Afrique notamment, ainsi que dans les pays les moins avancés, les pays en développement sans littoral, les petits États insulaires en développement, les pays à revenu intermédiaire, les pays en proie à des conflits, les pays sortant d’un conflit et les pays frappés par des catastrophes naturelles, et que tout doit être mis en œuvre pour réduire le coût des technologies de l’information et des communications et de l’accès au haut débit, sachant qu’il faudra peut-être prendre des mesures mûrement réfléchies, y compris dans le cadre de la recherche-développement et du transfert de technologies, selon des modalités arrêtées d’un commun accord, afin de susciter des formules de connectivité plus économiques ;</p>
        </content>
      </paragraph>
      <paragraph eId="para_75" class="SingleTxt">
        <num>	33.</num>
        <content eId="para_75__content">
          <p xml:space="preserve">
            <span class="italic">Considère également</span> que les technologies de l’information et des communications sont porteuses de possibilités et de difficultés nouvelles, et qu’il est urgent d’éliminer les principaux obstacles empêchant les pays en développement de se rallier et d’accéder aux nouvelles technologies, tels que l’absence de conditions propices, l’insuffisance des ressources, des infrastructures, des moyens pédagogiques, des capacités, des investissements et des dispositifs de connectivité, et les problèmes touchant à la propriété, à la normalisation et au transfert de technologies, et exhorte à cet égard toutes les parties prenantes à envisager d’assurer le financement adéquat du développement numérique et de fournir aux pays en développement, en particulier aux pays les moins avancés, des moyens suffisants de mise en œuvre, notamment en renforçant leurs capacités, l’objectif étant de rehausser les compétences numériques de leur population et d’y favoriser l’émergence d’une économie du savoir ;</p>
        </content>
      </paragraph>
      <paragraph eId="para_76" class="SingleTxt">
        <num>	34.</num>
        <content eId="para_76__content">
          <p xml:space="preserve">
            <span class="italic">Considère en outre</span> qu’il faut tirer parti des possibilités offertes par les technologies de l’information et des communications en tant que facteurs essentiels du développement durable et combler le fossé numérique, et souligne que, lors de l’application du Programme de développement durable à l’horizon 2030 et du Programme d’action d’Addis-Abeba issu de la troisième Conférence internationale sur le financement du développement<authorialNote marker="15" placement="bottom" eId="authorialNote_15"><p xml:space="preserve">		Résolution <a href="https://undocs.org/fr/A/RES/69/313">69/313</a>, annexe.</p></authorialNote>, il faut accorder l’attention voulue au renforcement des capacités afin que les technologies de l’information et des communications puissent être utilisées de façon productive ;</p>
        </content>
      </paragraph>
      <paragraph eId="para_77" class="SingleTxt">
        <num>	35.</num>
        <content eId="para_77__content">
          <p xml:space="preserve">
            <span class="italic">Note</span> que, si des jalons solides ont été posés pour renforcer les capacités en matière de technologies de l’information et des communications dans de nombreux domaines concernant la mise en place de la société de l’information, il faut néanmoins continuer de s’efforcer de trouver des solutions aux difficultés qui subsistent, en particulier dans les pays en développement et les pays les moins avancés, et appelle l’attention sur les retombées positives d’un renforcement plus large des capacités faisant intervenir les institutions, les organismes et les entités qui s’occupent des questions liées aux technologies de l’information et des communications et à la gouvernance d’Internet ;</p>
        </content>
      </paragraph>
      <paragraph eId="para_78" class="SingleTxt">
        <num>	36.</num>
        <content eId="para_78__content">
          <p xml:space="preserve">
            <span class="italic">Considère</span> qu’il importe d’aider les pays en développement, en particulier les pays les moins avancés, à surmonter les difficultés et à tirer parti des possibilités qu’offrent l’utilisation d’Internet et le commerce électronique, notamment afin d’améliorer leurs capacités dans le domaine du commerce international ;</p>
        </content>
      </paragraph>
      <paragraph eId="para_79" class="SingleTxt">
        <num>	37.</num>
        <content eId="para_79__content">
          <p xml:space="preserve">
            <span class="italic">Se dit consciente</span> de l’importance de la libre circulation de l’information et du savoir, alors que la somme d’informations diffusées dans le monde ne fait que croître et que les communications jouent un rôle de plus en plus marqué, et constate que l’intégration des technologies de l’information et des communications dans les programmes scolaires, le libre accès aux données, la stimulation de la concurrence, la création de systèmes réglementaires et juridiques transparents, prévisibles, indépendants et non discriminatoires, l’impôt progressif et les redevances de licence, l’accès au financement, la facilitation des partenariats public-privé, la coopération multipartite, les stratégies haut débit aux niveaux national et régional, la bonne répartition du spectre des radiofréquences, les modèles de partage des infrastructures, les initiatives associant les populations locales et les installations d’accès public ont, dans nombre de pays, facilité des avancées considérables sur le plan de la connectivité et du développement durable ;</p>
        </content>
      </paragraph>
      <paragraph eId="para_80" class="SingleTxt">
        <num>	38.</num>
        <content eId="para_80__content">
          <p xml:space="preserve">
            <span class="italic">Invite</span> toutes les parties prenantes à poursuivre, à titre prioritaire, les efforts qu’elles déploient pour réduire la fracture numérique sous ses différentes formes, à mettre en pratique des stratégies cohérentes qui favorisent le développement du cybergouvernement et à continuer de mettre l’accent sur les politiques et applications relatives aux technologies de l’information et des communications qui bénéficient aux pauvres, y compris en ce qui concerne l’accès au haut débit au niveau local, afin de remédier à la fracture numérique entre les pays et à l’intérieur même des pays et de favoriser ainsi l’émergence de sociétés de l’information et du savoir ;</p>
        </content>
      </paragraph>
      <paragraph eId="para_81" class="SingleTxt">
        <num>	39.</num>
        <content eId="para_81__content">
          <p xml:space="preserve">
            <span class="italic">Prend acte</span> des engagements souscrits dans le Programme d’action d’Addis-Abeba et estime que l’aide publique au développement et d’autres apports financiers assortis de conditions favorables pour les technologies de l’information et des communications peuvent améliorer de manière appréciable les résultats en matière de développement, notamment lorsqu’ils peuvent réduire les risques afférents aux investissements publics et privés et accroître l’utilisation des technologies de l’information et des communications pour renforcer la bonne gouvernance et le recouvrement de l’impôt ;</p>
        </content>
      </paragraph>
      <paragraph eId="para_82" class="SingleTxt">
        <num>	40.</num>
        <content eId="para_82__content">
          <p xml:space="preserve">
            <span class="italic">Invite </span>toutes les parties prenantes à apporter une aide plus complète aux pays qui sont à la traîne de l’économie numérique afin de réduire la fracture numérique, de créer un environnement international plus favorable à la création de valeur et de renforcer les capacités dans les secteurs privé et public ;</p>
        </content>
      </paragraph>
      <paragraph eId="para_83" class="SingleTxt">
        <num>	41.</num>
        <content eId="para_83__content">
          <p xml:space="preserve">
            <span class="italic">Note</span> l’importance capitale des investissements du secteur privé dans les infrastructures, le contenu et les services ayant trait aux technologies de l’information et des communications, engage les gouvernements à mettre en place des dispositifs juridiques et réglementaires favorisant l’expansion des investissements et l’innovation, et note également l’importance des partenariats public-privé, des stratégies d’accès universel et autres démarches dans ce sens ;</p>
        </content>
      </paragraph>
      <paragraph eId="para_84" class="SingleTxt">
        <num>	42.</num>
        <content eId="para_84__content">
          <p xml:space="preserve">
            <span class="italic">Se félicite</span> de la tenue du quatrième forum du Conseil économique et social sur le suivi du financement du développement, prend note des recommandations et conclusions concertées au niveau intergouvernemental qui ont été adoptées à cette occasion<authorialNote marker="16" placement="bottom" eId="authorialNote_16"><p xml:space="preserve">		Voir <a href="https://undocs.org/fr/E/FFDF/2019/3">E/FFDF/2019/3</a>, sect. I.</p></authorialNote>, compte que de nouveaux progrès seront accomplis dans le suivi et accueille avec satisfaction les travaux du Groupe de réflexion interinstitutions sur le financement du développement, l’état d’avancement des activités au titre des trois composantes du Mécanisme de facilitation des technologies et la tenue du troisième forum annuel de collaboration multipartite sur la science, la technologie et l’innovation au service de la réalisation des objectifs de développement durable ;</p>
        </content>
      </paragraph>
      <paragraph eId="para_85" class="SingleTxt">
        <num>	43.</num>
        <content eId="para_85__content">
          <p xml:space="preserve">
            <span class="italic">Réaffirme</span> l’engagement, qui est au cœur même du Programme de développement durable à l’horizon 2030, de ne laisser personne de côté, et s’engage à prendre des mesures plus concrètes pour soutenir les personnes en situation vulnérable et les pays les plus vulnérables et aider les plus défavorisés en premier ;</p>
        </content>
      </paragraph>
      <paragraph eId="para_86" class="SingleTxt">
        <num>	44.</num>
        <content eId="para_86__content">
          <p xml:space="preserve">
            <span class="italic">Prie</span> le Secrétaire général de lui présenter, à sa soixante-quinzième session, par l’intermédiaire de la Commission de la science et de la technique au service du développement et du Conseil économique et social, un rapport pragmatique sur l’application et le suivi de la présente résolution, qui tienne compte du Programme de développement durable à l’horizon 2030, du Programme d’action d’Addis-Abeba, de la procédure d’examen du Sommet mondial sur la société de l’information, du résumé établi par les Coprésidents du forum de collaboration multipartite sur la science, la technologie et l’innovation au service de la réalisation des objectifs de développement durable<authorialNote marker="17" placement="bottom" eId="authorialNote_17"><p xml:space="preserve"><a href="https://undocs.org/fr/E/HLPF/2019/6">E/HLPF/2019/6</a>.</p></authorialNote> et d’autres dispositifs utiles, lorsqu’il rendra compte de l’application et du suivi des textes issus du Sommet mondial sur la société de l’information aux niveaux régional et international ;</p>
        </content>
      </paragraph>
      <paragraph eId="para_87" class="SingleTxt">
        <num>	45.</num>
        <content eId="para_87__content">
          <p xml:space="preserve">
            <span class="italic">Décide</span> d’inscrire à l’ordre du jour provisoire de sa soixante-quinzième session la question intitulée « Les technologies de l’information et des communications au service du développement durable », à moins qu’il n’en soit convenu autrement.</p>
        </content>
      </paragraph>
    </mainBody>
    <conclusions eId="conclusions">
      <p>
        <inline name="adoptionMeeting" title="52e">52e séance plénière</inline>
        <eol />
        <docDate date="2019-12-19" refersTo="#adoptionDate">19 décembre 2019</docDate>
      </p>
    </conclusions>
  </statement>
</akomaNtoso>