<akomaNtoso xmlns:xsi="http://www.w3.org/2001/XMLSchema-instance" xsi:schemaLocation="http://docs.oasis-open.org/legaldocml/ns/akn/3.0 http://docs.oasis-open.org/legaldocml/akn-core/v1.0/os/part2-specs/schemas/akomantoso30.xsd" xmlns="http://docs.oasis-open.org/legaldocml/ns/akn/3.0" xmlns:html="http://www.w3.org/1999/xhtml" xmlns:akn4un="http://un.org/akn4un">
  <statement name="resolution">
    <meta>
      <identification source="#DGACM">
        <FRBRWork>
          <FRBRthis value="/akn/un/statement/deliberation/unga/2019-12-18/74-184/!main/"></FRBRthis>
          <FRBRuri value="/akn/un/statement/deliberation/unga/2019-12-18/74-184/"></FRBRuri>
          <FRBRdate date="2019-12-18" name="adoption"></FRBRdate>
          <FRBRauthor href="ga" as="author"></FRBRauthor>
          <FRBRcountry value="un"></FRBRcountry>
        </FRBRWork>
        <FRBRExpression>
          <FRBRthis value="/akn/un/statement/deliberation/unga/2019-12-18/74-184/fra@!main/"></FRBRthis>
          <FRBRuri value="/akn/un/statement/deliberation/unga/2019-12-18/74-184/fra@/"></FRBRuri>
          <FRBRdate date="2019-12-27" name="publication"></FRBRdate>
          <FRBRauthor href="ga" as="issuer"></FRBRauthor>
          <FRBRlanguage language="fra"></FRBRlanguage>
        </FRBRExpression>
        <FRBRManifestation>
          <FRBRthis value="/akn/un/statement/deliberation/unga/2019-12-18/74-184/fra@/!main.xml"></FRBRthis>
          <FRBRuri value="/akn/un/statement/deliberation/unga/2019-12-18/74-184/fra@.xml"></FRBRuri>
          <FRBRdate date="2020-08-28" name="markup"></FRBRdate>
          <FRBRauthor href="DGACM" as="editor"></FRBRauthor>
        </FRBRManifestation>
      </identification>
      <classification source="http://metadata.un.org/sdg">
        <keyword value="2" href="http://metadata.un.org/sdg/2" showAs="sdg_2" dictionary="SDGO"></keyword>
        <keyword value="food_shortage" href="http://eurovoc.europa.eu/2318" showAs="food_shortage" dictionary="EuroVoc"></keyword>
        <keyword value="sustainable_agriculture" href="http://eurovoc.europa.eu/6308" showAs="sustainable_agriculture" dictionary="EuroVoc"></keyword>
        <keyword value="food_security" href="http://eurovoc.europa.eu/c_4523e1dd" showAs="food_security" dictionary="EuroVoc"></keyword>
        <keyword value="food_security" href="http://metadata.un.org/thesaurus/1002439" showAs="food_security" dictionary="UNBIS Thesaurus"></keyword>
        <keyword value="food_shortage" href="http://metadata.un.org/thesaurus/1002440" showAs="food_shortage" dictionary="UNBIS Thesaurus"></keyword>
        <keyword value="hunger" href="http://metadata.un.org/thesaurus/1003004" showAs="hunger" dictionary="UNBIS Thesaurus"></keyword>
        <keyword value="sustainable_agriculture" href="http://metadata.un.org/thesaurus/1006317" showAs="sustainable_agriculture" dictionary="UNBIS Thesaurus"></keyword>
      </classification>
      <classification source="http://metadata.un.org/sdg">
        <keyword value="17" href="http://metadata.un.org/sdg/17" showAs="sdg_17" dictionary="SDGO"></keyword>
        <keyword value="sustainable_development" href="http://eurovoc.europa.eu/5585" showAs="sustainable_development" dictionary="EuroVoc"></keyword>
        <keyword value="partnership" href="http://eurovoc.europa.eu/4199" showAs="partnership" dictionary="EuroVoc"></keyword>
        <keyword value="sustainable_development" href="http://metadata.un.org/thesaurus/1006319" showAs="sustainable_development" dictionary="UNBIS Thesaurus"></keyword>
        <keyword value="partnership" href="http://metadata.un.org/thesaurus/1004748" showAs="partnership" dictionary="UNBIS Thesaurus"></keyword>
      </classification>
      <classification source="http://metadata.un.org/sdg">
        <keyword value="10.a" href="http://metadata.un.org/sdg/10.a" showAs="sdg_10.a" dictionary="SDGO"></keyword>
      </classification>
      <workflow source="#un">
        <step date="2019-10-31" outcome="draftResolution" as="A/C.6/74/L.9" by="introduced in the Committee by the representative of Austria on behalf of the Bureau" />
        <step date="0001-01-01" outcome="draftResolutionAdditionalSponsors" by="" />
        <step date="0001-01-01" outcome="recommendedForAdoption" as="A/74/423" by="" refersTo="12" />
        <step date="2019-12-18" outcome="adopted" as="A/74/PV.51" by="" />
      </workflow>
      <analysis source="#un">
        <parliamentary>
          <voting outcome="adoptedWithoutVote">
            <quorum value=""></quorum>
          </voting>
        </parliamentary>
      </analysis>
      <references source="#DGACM">
        <TLCOrganization eId="source" href="/akn/ontology/organization/un/DGACM" showAs="DGACM"></TLCOrganization>
        <TLCConcept eId="dateOfIssuance" href="/akn/ontology/concept/un/dateOfIssuance" showAs="Date of issuance"></TLCConcept>
        <TLCConcept eId="dateOfAdoption" href="/akn/ontology/concept/un/dateOfAdoption" showAs="Date of adoption"></TLCConcept>
        <TLCConcept eId="symbol" href="/akn/ontology/reference/un/symbol" showAs="Symbol"></TLCConcept>
        <TLCRole eId="publisher" href="/akn/ontology/role/un/publisher" showAs="Publisher"></TLCRole>
        <TLCRole eId="issuingBody" href="/akn/role/concept/un/issuingBody" showAs="Issuing body"></TLCRole>
        <TLCRole eId="author" href="/akn/ontology/role/un/author" showAs="Author"></TLCRole>
        <TLCRole eId="editor" href="/akn/ontology/role/un/editor" showAs="Editor"></TLCRole>
        <TLCRole eId="distribution" href="/akn/ontology/concept/un/generalDistribution" showAs="General distribution"></TLCRole>
        <TLCOrganization eId="ga" href="/akn/ontology/organization/un/generalAssembly" showAs="General Assembly"></TLCOrganization>
        <TLCTerm eId="resolutionTitle" href="/akn/ontology/reference/un/resolutionTitle" showAs="Resolution title"></TLCTerm>
        <TLCTerm eId="sixthCommittee" href="#sixthCommittee" showAs="Sixième Commission"></TLCTerm>
        <TLCTerm eId="memberState" href="/akn/ontology/organization/un/memberState" showAs="Member State"></TLCTerm>
        <TLCTerm eId="inFavour" href="/akn/ontology/concept/un/voting/inFavour" showAs="In favour"></TLCTerm>
        <TLCTerm eId="against" href="/akn/ontology/concept/un/voting/against" showAs="Against"></TLCTerm>
        <TLCTerm eId="abstaining" href="/akn/ontology/concept/un/voting/abstaining" showAs="Abstaining"></TLCTerm>
      </references>
      <presentation source="#un">
        <akn4un:footerFirstPage>
          <akn4un:footerFirstPageLeft>
            <akn4un:internalCode>
              <docketNumber refersTo="#publicationJobNumber">19-22344 (F)</docketNumber>
              <img alt="bar code" class="barCode" src=""></img>
            </akn4un:internalCode>
          </akn4un:footerFirstPageLeft>
          <akn4un:footerFirstPageRight>
            <img alt="Please recycle" class="image" src="./recylcleLogo.jpg"></img>
            <img alt="embedded QR code" class="qrCode" src=""></img>
          </akn4un:footerFirstPageRight>
        </akn4un:footerFirstPage>
      </presentation>
    </meta>
    <coverPage eId="coverPage_1">
      <p>
        <span refersTo="#publisher" class="upperLeft">
          <docAuthority refersTo="#publisher">Nations Unies</docAuthority>
        </span>
      </p>
      <p class="upperRight">
        <docNumber refersTo="#symbol">A/RES/74/184</docNumber>
      </p>
      <p class="upperLeft">
        <img src="logo-un.jpg"></img>
        <docAuthority refersTo="#issuingBody" class="rightBig">Assemblée générale</docAuthority>
      </p>
      <p>
        <docStatus refersTo="#generalDistribution" class="rightSmall">Distr. générale</docStatus>
      </p>
      <p>
        <docDate date="2019-12-27" class="rightSmall" refersTo="#dateOfIssuance">27 décembre 2019</docDate>
      </p>
      <p>
        <session refersTo="#generalAssembly" value="74" eId="coverPage_1__session_1">Soixante-quatorzième session</session>
      </p>
      <p>
        <inline name="agenda item">Point 77 de l’ordre du jour</inline>
      </p>
      <p>
        <inline name="agenda item name">Rapport de la Commission des Nations Unies pour le droit commercial international sur les travaux de sa cinquante-deuxième session</inline>
      </p>
      <p>
        <docTitle>Résolution adoptée par l’Assemblée générale le 18 décembre 2019</docTitle>
      </p>
      <p xml:space="preserve">
        <docProponent refersTo="#sixthCommittee">[sur la base du rapport de la Sixième Commission (<inline name="originating document">A/74/423</inline>)]</docProponent>
      </p>
    </coverPage>
    <preface>
      <p>
        <docNumber>74/184.</docNumber>
        <docTitle refersTo="#resolutionTitle">Loi type sur l’insolvabilité des groupes d’entreprises de la Commission des Nations Unies pour le droit commercial international</docTitle>
      </p>
    </preface>
    <preamble>
      <formula name="enactingFormula" eId="formula_1">
        <p xml:space="preserve">
          <span class="italic">L’Assemblée générale</span>,</p>
      </formula>
      <container name="Rappelant" eId="container_2">
        <p xml:space="preserve">
          <span class="italic">Rappelant</span> sa résolution <a href="https://undocs.org/fr/A/RES/2205 (XXI)">2205 (XXI)</a> du 17 décembre 1966, portant création de la Commission des Nations Unies pour le droit commercial international et donnant à celle-ci pour mandat d’encourager l’harmonisation et l’unification progressives du droit commercial international et, ce faisant, de prendre en considération les intérêts de tous les peuples, en particulier ceux des pays en développement, en favorisant un large développement du commerce international,</p>
      </container>
      <container name="Reconnaissant " eId="container_3">
        <p xml:space="preserve">
          <span class="italic">Reconnaissant </span>que des régimes d’insolvabilité efficaces sont de plus en plus considérés comme un moyen d’encourager le développement économique et l’investissement, de favoriser l’activité des entreprises et de préserver l’emploi,</p>
      </container>
      <container name="Notant " eId="container_4">
        <p xml:space="preserve">
          <span class="italic">Notant </span>l’importance que revêtent les groupes d’entreprises, qu’ils soient constitués au niveau national ou international, pour le commerce et les échanges internationaux dans une économie de plus en plus globalisée,</p>
      </container>
      <container name="Reconnaissant " eId="container_5">
        <p xml:space="preserve">
          <span class="italic">Reconnaissant </span>que, si un groupe d’entreprises fait faillite, il importe non seulement de savoir comment il sera traité dans la procédure d’insolvabilité, mais aussi de faire en sorte qu’il le soit d’une façon qui facilite, et non pas qui contrarie, la conduite diligente et efficace de la procédure,</p>
      </container>
      <container name="Consciente " eId="container_6">
        <p xml:space="preserve">
          <span class="italic">Consciente </span>que très peu d’États, si tant est qu’il y en ait, disposent d’un régime complet pour le traitement des groupes d’entreprises en cas d’insolvabilité, notamment de mécanismes efficaces pour la coordination et la coopération dans les affaires d’insolvabilité concernant des groupes d’entreprises, l’élaboration d’une solution collective à l’insolvabilité, ainsi que la reconnaissance et la mise en œuvre internationales de cette solution dans plusieurs États,</p>
      </container>
      <container name="Rappelant" eId="container_7">
        <p xml:space="preserve">
          <span class="italic">Rappelant</span> sa résolution <a href="https://undocs.org/fr/A/RES/52/158">52/158</a> du 15 décembre 1997, dans laquelle elle a remercié la Commission d’avoir adopté la Loi type de la CNUDCI sur l’insolvabilité internationale<authorialNote marker="1" placement="bottom" eId="authorialNote_1"><p xml:space="preserve"><span class="italic">Documents officiels de l’Assemblée générale, cinquante-deuxième session, Supplément n</span><span class="italic"><sup>o</sup></span><span class="italic"> 17</span> et rectificatif (<a href="https://undocs.org/fr/A/52/17">A/52/17</a> et <a href="https://undocs.org/fr/A/52/17/Corr.1">A/52/17/Corr.1</a>), annexe I.</p></authorialNote>, qui porte sur la coordination, la coopération et la reconnaissance internationales dans le contexte des procédures d’insolvabilité visant un débiteur unique, et sa résolution <a href="https://undocs.org/fr/A/RES/65/24">65/24</a> du 6 décembre 2010, dans laquelle elle a remercié la Commission d’avoir adopté la troisième partie du <span class="italic">Guide législatif de la CNUDCI sur le droit de l’insolvabilité</span><authorialNote marker="2" placement="bottom" eId="authorialNote_2"><p xml:space="preserve">		Publication des Nations Unies, numéro de vente : F.12.V.16.</p></authorialNote>, relative au traitement des groupes d’entreprises en cas d’insolvabilité<authorialNote marker="3" placement="bottom" eId="authorialNote_3"><p xml:space="preserve"><span class="italic">Documents officiels de l’Assemblée générale, soixante-cinquième session, Supplément n</span><span class="italic"><sup>o</sup></span><span class="italic"> 17</span> (<a href="https://undocs.org/fr/A/65/17">A/65/17</a>), chap. V. </p></authorialNote>,</p>
      </container>
      <container name="Reconnaissant " eId="container_8">
        <p xml:space="preserve">
          <span class="italic">Reconnaissant </span>la nécessité d’une loi type généralement acceptable qui régirait les procédures d’insolvabilité visant plusieurs débiteurs membres du même groupe d’entreprises, ce qui étendrait ainsi les dispositions de la Loi type sur l’insolvabilité internationale et de la troisième partie du <span class="italic">Guide législatif sur le droit de l’insolvabilité</span>,</p>
      </container>
      <container name="Convaincue " eId="container_9">
        <p xml:space="preserve">
          <span class="italic">Convaincue </span>que la Loi type sur l’insolvabilité des groupes d’entreprises<authorialNote marker="4" placement="bottom" eId="authorialNote_4"><p xml:space="preserve">		Ibid., <span class="italic">soixante-quatorzième session, Supplément n</span><span class="italic"><sup>o</sup></span><span class="italic"> 17</span> (<a href="https://undocs.org/fr/A/74/17">A/74/17</a>), chap. VI, sect. A, et annexe II. </p></authorialNote>, adoptée par la Commission à sa cinquante-deuxième session, répond à cette nécessité et devrait contribuer à la mise en place d’une législation équitable en matière d’insolvabilité des groupes d’entreprises, harmonisée au plan international et respectueuse des procédures et systèmes juridiques nationaux,</p>
      </container>
      <container name="Convaincue également " eId="container_10">
        <p xml:space="preserve">
          <span class="italic">Convaincue également </span>que la Loi type sur l’insolvabilité des groupes d’entreprises permet d’administrer de manière équitable et efficace les procédures d’insolvabilité visant des groupes d’entreprises, de protéger et d’optimiser la valeur combinée globale des biens et des activités des membres d’un groupe d’entreprises touchés par l’insolvabilité et du groupe d’entreprises dans son ensemble, de faciliter le sauvetage des groupes d’entreprises en difficulté financière et de protéger de manière adéquate les créanciers et les autres personnes intéressées, notamment les débiteurs,</p>
      </container>
    </preamble>
    <mainBody>
      <paragraph eId="para_11" class="SingleTxt">
        <num>	1.</num>
        <content eId="para_11__content">
          <p xml:space="preserve">
            <span class="italic">Remercie </span>la Commission des Nations Unies pour le droit commercial international d’avoir achevé et adopté la Loi type sur l’insolvabilité des groupes d’entreprise<sup>4</sup> et le guide pour son incorporation ;</p>
        </content>
      </paragraph>
      <paragraph eId="para_12" class="SingleTxt">
        <num>	2.</num>
        <content eId="para_12__content">
          <p xml:space="preserve">
            <span class="italic">Prie </span>le Secrétaire général de transmettre le texte de la Loi type et du guide pour son incorporation aux États et aux organismes intéressés ;</p>
        </content>
      </paragraph>
      <paragraph eId="para_13" class="SingleTxt">
        <num>	3.</num>
        <content eId="para_13__content">
          <p xml:space="preserve">
            <span class="italic">Recommande </span>à tous les États de tenir compte de la Loi type lorsqu’ils modifieront leur législation sur l’insolvabilité ou en adopteront une, en gardant à l’esprit que le droit régissant l’insolvabilité des groupes d’entreprises et facilitant le règlement des affaires en la matière doit être harmonisé au plan international, et invite les États qui auront utilisé la Loi type à en informer la Commission ;</p>
        </content>
      </paragraph>
      <paragraph eId="para_14" class="SingleTxt">
        <num>	4.</num>
        <content eId="para_14__content">
          <p xml:space="preserve">
            <span class="italic">Recommande également</span> à tous les États, lorsqu’ils modifieront leur législation sur l’insolvabilité des groupes d’entreprises ou en adopteront une, de faire aussi usage de la troisième partie du <span class="italic">Guide législatif de la CNUDCI sur le droit de l’insolvabilité</span><sup>2</sup>, relative au traitement des groupes d’entreprises en cas d’insolvabilité<sup>3</sup>, ainsi que de la quatrième partie dudit <span class="italic">Guide</span><authorialNote marker="5" placement="bottom" eId="authorialNote_5"><p xml:space="preserve">		Publication des Nations Unies, numéro de vente : F.13.V.10.</p></authorialNote>, qui porte sur les obligations des administrateurs d’entreprises dans la période précédant l’insolvabilité<authorialNote marker="6" placement="bottom" eId="authorialNote_6"><p xml:space="preserve"><span class="italic">Documents officiels de l’Assemblée générale, soixante-huitième session, Supplément n</span><span class="italic"><sup>o</sup></span><span class="italic"> 17</span> (<a href="https://undocs.org/fr/A/68/17">A/68/17</a>), chap. V, sect. B.</p></authorialNote> et dont la section supplémentaire<authorialNote marker="7" placement="bottom" eId="authorialNote_7"><p xml:space="preserve">		Ibid., <span class="italic">soixante-quatorzième session, Supplément n</span><span class="italic"><sup>o</sup></span><span class="italic"> 17</span> (<a href="https://undocs.org/fr/A/74/17">A/74/17</a>), chap. VI, sect. B.</p></authorialNote>, adoptée à la cinquante‑deuxième session de la Commission, traite des obligations des administrateurs d’entreprises faisant partie d’un groupe ;</p>
        </content>
      </paragraph>
      <paragraph eId="para_15" class="SingleTxt">
        <num>	5.</num>
        <content eId="para_15__content">
          <p xml:space="preserve">
            <span class="italic">Recommande en outre </span>à tous les États de continuer à envisager d’appliquer la Loi type de la CNUDCI sur l’insolvabilité internationale<sup>1</sup> et la Loi type de la CNUDCI sur la reconnaissance et l’exécution des jugements liés à l’insolvabilité<authorialNote marker="8" placement="bottom" eId="authorialNote_8"><p xml:space="preserve">		Ibid., <span class="italic">soixante-treizième session, Supplément n</span><span class="italic"><sup>o</sup></span><span class="italic"> 17</span> (<a href="https://undocs.org/fr/A/73/17">A/73/17</a>), annexe III.</p></authorialNote> ;</p>
        </content>
      </paragraph>
      <paragraph eId="para_16" class="SingleTxt">
        <num>	6.</num>
        <content eId="para_16__content">
          <p xml:space="preserve">
            <span class="italic">Prie </span>le Secrétariat d’assurer une coopération et une coordination étroites avec les organisations internationales œuvrant dans le domaine de la réforme du droit de l’insolvabilité, afin de veiller à la cohérence et à l’harmonisation de leurs travaux avec les textes pertinents de la Commission, notamment avec la Loi type sur l’insolvabilité des groupes d’entreprises, la Loi type sur la reconnaissance et l’exécution des jugements liés à l’insolvabilité et la quatrième partie du <span class="italic">Guide législatif sur le droit de l’insolvabilité</span>, telle que modifiée par la Commission à sa cinquante-deuxième session.</p>
        </content>
      </paragraph>
    </mainBody>
    <conclusions eId="conclusions">
      <p>
        <inline name="adoptionMeeting" title="51e">51e séance plénière</inline>
        <eol />
        <docDate date="2019-12-18" refersTo="#adoptionDate">18 décembre 2019</docDate>
      </p>
    </conclusions>
  </statement>
</akomaNtoso>