<akomaNtoso xmlns:xsi="http://www.w3.org/2001/XMLSchema-instance" xsi:schemaLocation="http://docs.oasis-open.org/legaldocml/ns/akn/3.0 http://docs.oasis-open.org/legaldocml/akn-core/v1.0/os/part2-specs/schemas/akomantoso30.xsd" xmlns="http://docs.oasis-open.org/legaldocml/ns/akn/3.0" xmlns:html="http://www.w3.org/1999/xhtml" xmlns:akn4un="http://un.org/akn4un">
  <statement name="resolution">
    <meta>
      <identification source="#DGACM">
        <FRBRWork>
          <FRBRthis value="/akn/un/statement/deliberation/unga/2019-12-18/74-191/!main/"></FRBRthis>
          <FRBRuri value="/akn/un/statement/deliberation/unga/2019-12-18/74-191/"></FRBRuri>
          <FRBRdate date="2019-12-18" name="adoption"></FRBRdate>
          <FRBRauthor href="ga" as="author"></FRBRauthor>
          <FRBRcountry value="un"></FRBRcountry>
        </FRBRWork>
        <FRBRExpression>
          <FRBRthis value="/akn/un/statement/deliberation/unga/2019-12-18/74-191/fra@!main/"></FRBRthis>
          <FRBRuri value="/akn/un/statement/deliberation/unga/2019-12-18/74-191/fra@/"></FRBRuri>
          <FRBRdate date="2019-12-30" name="publication"></FRBRdate>
          <FRBRauthor href="ga" as="issuer"></FRBRauthor>
          <FRBRlanguage language="fra"></FRBRlanguage>
        </FRBRExpression>
        <FRBRManifestation>
          <FRBRthis value="/akn/un/statement/deliberation/unga/2019-12-18/74-191/fra@/!main.xml"></FRBRthis>
          <FRBRuri value="/akn/un/statement/deliberation/unga/2019-12-18/74-191/fra@.xml"></FRBRuri>
          <FRBRdate date="2020-08-28" name="markup"></FRBRdate>
          <FRBRauthor href="DGACM" as="editor"></FRBRauthor>
        </FRBRManifestation>
      </identification>
      <classification source="http://metadata.un.org/sdg">
        <keyword value="16" href="http://metadata.un.org/sdg/16" showAs="sdg_16" dictionary="SDGO"></keyword>
        <keyword value="right_to_justice" href="http://eurovoc.europa.eu/516" showAs="right_to_justice" dictionary="EuroVoc"></keyword>
        <keyword value="sustainable_development" href="http://eurovoc.europa.eu/5585" showAs="sustainable_development" dictionary="EuroVoc"></keyword>
        <keyword value="civil_society" href="http://metadata.un.org/thesaurus/1001012" showAs="civil_society" dictionary="UNBIS Thesaurus"></keyword>
        <keyword value="justice" href="http://metadata.un.org/thesaurus/1003500" showAs="justice" dictionary="UNBIS Thesaurus"></keyword>
        <keyword value="peaceful_coexistence" href="http://metadata.un.org/thesaurus/1004777" showAs="peaceful_coexistence" dictionary="UNBIS Thesaurus"></keyword>
        <keyword value="public_institutions" href="http://metadata.un.org/thesaurus/1005254" showAs="public_institutions" dictionary="UNBIS Thesaurus"></keyword>
        <keyword value="social_justice" href="http://metadata.un.org/thesaurus/1005970" showAs="social_justice" dictionary="UNBIS Thesaurus"></keyword>
        <keyword value="sustainable_development" href="http://metadata.un.org/thesaurus/1006319" showAs="sustainable_development" dictionary="UNBIS Thesaurus"></keyword>
      </classification>
      <classification source="http://metadata.un.org/sdg">
        <keyword value="17" href="http://metadata.un.org/sdg/17" showAs="sdg_17" dictionary="SDGO"></keyword>
        <keyword value="sustainable_development" href="http://eurovoc.europa.eu/5585" showAs="sustainable_development" dictionary="EuroVoc"></keyword>
        <keyword value="partnership" href="http://eurovoc.europa.eu/4199" showAs="partnership" dictionary="EuroVoc"></keyword>
        <keyword value="sustainable_development" href="http://metadata.un.org/thesaurus/1006319" showAs="sustainable_development" dictionary="UNBIS Thesaurus"></keyword>
        <keyword value="partnership" href="http://metadata.un.org/thesaurus/1004748" showAs="partnership" dictionary="UNBIS Thesaurus"></keyword>
      </classification>
      <workflow source="#un">
        <step date="2019-11-08" outcome="draftResolution" as="A/C.6/74/L.13" by="was introduced in the Committee by the representative of Liechtenstein on behalf of the Bureau" />
        <step date="0001-01-01" outcome="draftResolutionAdditionalSponsors" by="" />
        <step date="0001-01-01" outcome="recommendedForAdoption" as="A/74/429" by="" refersTo="8" />
        <step date="2019-12-18" outcome="adopted" as="A/74/PV.51" by="" />
      </workflow>
      <analysis source="#un">
        <parliamentary>
          <voting outcome="adoptedWithoutVote">
            <quorum value=""></quorum>
          </voting>
        </parliamentary>
      </analysis>
      <references source="#DGACM">
        <TLCOrganization eId="source" href="/akn/ontology/organization/un/DGACM" showAs="DGACM"></TLCOrganization>
        <TLCConcept eId="dateOfIssuance" href="/akn/ontology/concept/un/dateOfIssuance" showAs="Date of issuance"></TLCConcept>
        <TLCConcept eId="dateOfAdoption" href="/akn/ontology/concept/un/dateOfAdoption" showAs="Date of adoption"></TLCConcept>
        <TLCConcept eId="symbol" href="/akn/ontology/reference/un/symbol" showAs="Symbol"></TLCConcept>
        <TLCRole eId="publisher" href="/akn/ontology/role/un/publisher" showAs="Publisher"></TLCRole>
        <TLCRole eId="issuingBody" href="/akn/role/concept/un/issuingBody" showAs="Issuing body"></TLCRole>
        <TLCRole eId="author" href="/akn/ontology/role/un/author" showAs="Author"></TLCRole>
        <TLCRole eId="editor" href="/akn/ontology/role/un/editor" showAs="Editor"></TLCRole>
        <TLCRole eId="distribution" href="/akn/ontology/concept/un/generalDistribution" showAs="General distribution"></TLCRole>
        <TLCOrganization eId="ga" href="/akn/ontology/organization/un/generalAssembly" showAs="General Assembly"></TLCOrganization>
        <TLCTerm eId="resolutionTitle" href="/akn/ontology/reference/un/resolutionTitle" showAs="Resolution title"></TLCTerm>
        <TLCTerm eId="sixthCommittee" href="#sixthCommittee" showAs="Sixième Commission"></TLCTerm>
        <TLCTerm eId="memberState" href="/akn/ontology/organization/un/memberState" showAs="Member State"></TLCTerm>
        <TLCTerm eId="inFavour" href="/akn/ontology/concept/un/voting/inFavour" showAs="In favour"></TLCTerm>
        <TLCTerm eId="against" href="/akn/ontology/concept/un/voting/against" showAs="Against"></TLCTerm>
        <TLCTerm eId="abstaining" href="/akn/ontology/concept/un/voting/abstaining" showAs="Abstaining"></TLCTerm>
      </references>
      <presentation source="#un">
        <akn4un:footerFirstPage>
          <akn4un:footerFirstPageLeft>
            <akn4un:internalCode>
              <docketNumber refersTo="#publicationJobNumber">19-22399 (F)</docketNumber>
              <img alt="bar code" class="barCode" src=""></img>
            </akn4un:internalCode>
          </akn4un:footerFirstPageLeft>
          <akn4un:footerFirstPageRight>
            <img alt="Please recycle" class="image" src="./recylcleLogo.jpg"></img>
            <img alt="embedded QR code" class="qrCode" src=""></img>
          </akn4un:footerFirstPageRight>
        </akn4un:footerFirstPage>
      </presentation>
    </meta>
    <coverPage eId="coverPage_1">
      <p>
        <span refersTo="#publisher" class="upperLeft">
          <docAuthority refersTo="#publisher">Nations Unies</docAuthority>
        </span>
      </p>
      <p class="upperRight">
        <docNumber refersTo="#symbol">A/RES/74/191</docNumber>
      </p>
      <p class="upperLeft">
        <img src="logo-un.jpg"></img>
        <docAuthority refersTo="#issuingBody" class="rightBig">Assemblée générale</docAuthority>
      </p>
      <p>
        <docStatus refersTo="#generalDistribution" class="rightSmall">Distr. générale</docStatus>
      </p>
      <p>
        <docDate date="2019-12-30" class="rightSmall" refersTo="#dateOfIssuance">30 décembre 2019</docDate>
      </p>
      <p>
        <session refersTo="#generalAssembly" value="74" eId="coverPage_1__session_1">Soixante-quatorzième session</session>
      </p>
      <p>
        <inline name="agenda item">Point 83 de l’ordre du jour</inline>
      </p>
      <p>
        <inline name="agenda item name">L’état de droit aux niveaux national et international</inline>
      </p>
      <p>
        <docTitle>Résolution adoptée par l’Assemblée générale le 18 décembre 2019</docTitle>
      </p>
      <p xml:space="preserve">
        <docProponent refersTo="#sixthCommittee">[sur la base du rapport de la Sixième Commission (<inline name="originating document">A/74/429</inline>)]</docProponent>
      </p>
    </coverPage>
    <preface>
      <p>
        <docNumber>74/191.</docNumber>
        <docTitle refersTo="#resolutionTitle">L’état de droit aux niveaux national et international</docTitle>
      </p>
    </preface>
    <preamble>
      <formula name="enactingFormula" eId="formula_1">
        <p xml:space="preserve">
          <span class="italic">L’Assemblée générale</span>,</p>
      </formula>
      <container name="Rappelant" eId="container_2">
        <p xml:space="preserve">
          <span class="italic">Rappelant</span> sa résolution <a href="https://undocs.org/fr/A/RES/73/207">73/207</a> du 20 décembre 2018,</p>
      </container>
      <container name="Réaffirmant son attachement" eId="container_3">
        <p xml:space="preserve">
          <span class="italic">Réaffirmant son attachement</span> aux buts et aux principes énoncés dans la Charte des Nations Unies et au droit international, fondements essentiels d’un monde plus pacifique, plus prospère et plus juste, et se déclarant de nouveau résolue à en promouvoir le strict respect et à instaurer une paix juste et durable dans le monde entier,</p>
      </container>
      <container name="Réaffirmant" eId="container_4">
        <p xml:space="preserve">
          <span class="italic">Réaffirmant</span> que les droits de l’homme, l’état de droit et la démocratie sont interdépendants, se renforcent mutuellement et font partie des valeurs et des principes fondamentaux, universels et indissociables de l’Organisation des Nations Unies,</p>
      </container>
      <container name="Réaffirmant également" eId="container_5">
        <p xml:space="preserve">
          <span class="italic">Réaffirmant également</span> que l’état de droit doit être universellement observé et institué aux niveaux national et international, et confirmant son attachement solennel à un ordre international fondé sur l’état de droit et le droit international, qui, avec les principes de la justice, est essentiel à la coexistence pacifique et la coopération entre États,</p>
      </container>
      <container name="Considérant" eId="container_6">
        <p xml:space="preserve">
          <span class="italic">	Considérant</span> que les activités menées par l’Organisation pour accompagner les États en ce qu’ils font pour promouvoir et asseoir l’état de droit le sont conformément à la Charte, et soulignant qu’il faut aider davantage les États Membres qui le demandent à donner effet sur le plan interne à leurs obligations internationales respectives en développant les activités d’assistance technique et de renforcement des capacités,</p>
      </container>
      <container name="Convaincue" eId="container_7">
        <p xml:space="preserve">
          <span class="italic">Convaincue</span> que la promotion de l’état de droit aux niveaux national et international est indispensable à une croissance économique soutenue, au développement durable, à l’élimination de la pauvreté et de la faim et à la protection de tous les droits de l’homme et de toutes les libertés fondamentales, et sachant que la sécurité collective appelle une coopération efficace, dans le respect de la Charte et du droit international, contre les menaces transnationales,</p>
      </container>
      <container name="Réaffirmant" eId="container_8">
        <p xml:space="preserve">
          <span class="italic">Réaffirmant</span> que tous les États doivent s’abstenir, dans leurs relations internationales, de recourir à la menace ou à l’emploi de la force d’une façon incompatible avec les buts et principes des Nations Unies et régler leurs différends internationaux par des moyens pacifiques de manière à ne pas mettre en danger la paix et la sécurité internationales ni la justice, conformément au Chapitre VI de la Charte, et demandant aux États qui ne l’ont pas encore fait d’envisager d’accepter la juridiction de la Cour internationale de Justice, comme le prévoit le Statut de celle‑ci,</p>
      </container>
      <container name="Convaincue" eId="container_9">
        <p xml:space="preserve">
          <span class="italic">Convaincue</span> que la promotion et le respect de l’état de droit aux niveaux national et international, ainsi que la justice et la bonne gouvernance, doivent guider l’action de l’Organisation et de ses États Membres,</p>
      </container>
      <container name="Rappelant" eId="container_10">
        <p xml:space="preserve">
          <span class="italic">Rappelant</span> l’alinéa e) du paragraphe 134 du Document final du Sommet mondial de 2005<authorialNote marker="1" placement="bottom" eId="authorialNote_1"><p xml:space="preserve">		Résolution <a href="https://undocs.org/fr/A/RES/60/1">60/1</a>.</p></authorialNote>,</p>
      </container>
    </preamble>
    <mainBody>
      <paragraph eId="para_11" class="MercuryDocument">
        <num>	1.</num>
        <content eId="para_11__content">
          <p xml:space="preserve">
            <span class="italic">Rappelle</span> la réunion de haut niveau sur l’état de droit aux niveaux national et international qu’elle a tenue lors du débat de haut niveau de sa soixante-septième session, ainsi que la déclaration qui y a été adoptée<authorialNote marker="2" placement="bottom" eId="authorialNote_2"><p xml:space="preserve">	 	Résolution <a href="https://undocs.org/fr/A/RES/67/1">67/1</a>.</p></authorialNote>, prend acte du rapport que le Secrétaire général lui a présenté en application du paragraphe 41 de la déclaration<authorialNote marker="3" placement="bottom" eId="authorialNote_3"><p xml:space="preserve"><a href="https://undocs.org/fr/A/68/213/Add.1">A/68/213/Add.1</a>.</p></authorialNote> et demande à la Sixième Commission de continuer à examiner les moyens de renforcer les liens entre l’état de droit et la triple vocation de l’Organisation des Nations Unies ;</p>
        </content>
      </paragraph>
      <paragraph eId="para_12" class="MercuryDocument">
        <num>	2.</num>
        <content eId="para_12__content">
          <p xml:space="preserve">
            <span class="italic">Constate </span>les efforts faits pour renforcer l’état de droit dans le cadre d’engagements volontaires, encourage tous les États à envisager de prendre de tels engagements, unilatéralement ou solidairement, compte tenu de leurs priorités nationales, et encourage également les États qui en ont pris à continuer de mettre en commun leurs informations, connaissances et meilleures pratiques en la matière ;</p>
        </content>
      </paragraph>
      <paragraph eId="para_13" class="MercuryDocument">
        <num>	3.</num>
        <content eId="para_13__content">
          <p xml:space="preserve">
            <span class="italic">Prend acte</span> du rapport annuel du Secrétaire général sur le renforcement et la coordination de l’action des Nations Unies dans le domaine de l’état de droit<authorialNote marker="4" placement="bottom" eId="authorialNote_4"><p xml:space="preserve"><a href="https://undocs.org/fr/A/74/139">A/74/139</a>.</p></authorialNote> ;</p>
        </content>
      </paragraph>
      <paragraph eId="para_14" class="MercuryDocument">
        <num>	4.</num>
        <content eId="para_14__content">
          <p xml:space="preserve">
            <span class="italic">Engage</span> le Secrétaire général et les organismes des Nations Unies à accorder un rang de priorité élevé aux activités relatives à l’état de droit ;</p>
        </content>
      </paragraph>
      <paragraph eId="para_15" class="MercuryDocument">
        <num>	5.</num>
        <content eId="para_15__content">
          <p xml:space="preserve">
            <span class="italic">Réaffirme</span> le rôle qui est le sien dans la promotion du développement progressif du droit international et de sa codification, et réaffirme de plus que les États doivent respecter toutes les obligations que leur impose le droit international ;</p>
        </content>
      </paragraph>
      <paragraph eId="para_16" class="MercuryDocument">
        <num>	6.</num>
        <content eId="para_16__content">
          <p xml:space="preserve">
            <span class="italic">Réaffirme</span> qu’il est impératif de faire respecter et de promouvoir l’état de droit au niveau international conformément aux principes consacrés par la Charte des Nations Unies ;</p>
        </content>
      </paragraph>
      <paragraph eId="para_17" class="MercuryDocument">
        <num>	7.</num>
        <content eId="para_17__content">
          <p xml:space="preserve">
            <span class="italic">Réaffirme sa volonté</span> d’œuvrer inlassablement à la mise en œuvre intégrale du Programme de développement durable à l’horizon 2030<authorialNote marker="5" placement="bottom" eId="authorialNote_5"><p xml:space="preserve">		Résolution <a href="https://undocs.org/fr/A/RES/70/1">70/1</a>.</p></authorialNote> et rappelle que les objectifs et cibles, interdépendants et indissociables, ménagent un juste équilibre entre les trois dimensions du développement durable ;</p>
        </content>
      </paragraph>
      <paragraph eId="para_18" class="MercuryDocument">
        <num>	8.</num>
        <content eId="para_18__content">
          <p xml:space="preserve">
            <span class="italic">Reconnaît</span> le rôle des traités multilatéraux et bilatéraux et de leurs processus d’établissement dans la promotion de l’état de droit, et encourage les États à continuer à réfléchir aux moyens de promouvoir les traités dans les domaines où ceux-ci pourraient être utiles à la coopération internationale ;</p>
        </content>
      </paragraph>
      <paragraph eId="para_19" class="MercuryDocument">
        <num>	9.</num>
        <content eId="para_19__content">
          <p xml:space="preserve">
            <span class="italic">Se félicite</span> du dialogue entamé par le Groupe de coordination et de conseil sur l’état de droit et le Groupe de l’état de droit du Cabinet du Secrétaire général avec les États Membres sur le thème « Promotion de l’état de droit au niveau international », et demande que ce dialogue se poursuive pour conforter l’état de droit au niveau international ;</p>
        </content>
      </paragraph>
      <paragraph eId="para_20" class="MercuryDocument">
        <num>	10.</num>
        <content eId="para_20__content">
          <p xml:space="preserve">
            <span class="italic">Reconnaît</span> que le Programme d’assistance des Nations Unies aux fins de l’enseignement, de l’étude, de la diffusion et d’une compréhension plus large du droit international contribue de manière sensible à la promotion des activités et programmes des Nations Unies relatifs à l’état de droit, souligne que de nouvelles activités d’assistance technique et de renforcement des capacités visant à accroître et améliorer la participation des États Membres au processus d’élaboration des traités multilatéraux devraient être envisagées, et invite les États à apporter leur soutien à ces activités ;</p>
        </content>
      </paragraph>
      <paragraph eId="para_21" class="MercuryDocument">
        <num>	11.</num>
        <content eId="para_21__content">
          <p xml:space="preserve">
            <span class="italic">Souligne </span>qu’il importe de respecter l’état de droit au niveau national et qu’il faut faire davantage pour aider les États Membres qui le demandent à donner effet sur le plan interne à leurs obligations internationales respectives en développant les activités d’assistance technique et de renforcement des capacités afin que, sous réserve de leurs prérogatives, stratégies et priorités nationales, ces pays puissent mettre en place des institutions nationales œuvrant à la promotion de l’état de droit aux niveaux national et international ou renforcer et maintenir celles qui existent déjà ;</p>
        </content>
      </paragraph>
      <paragraph eId="para_22" class="MercuryDocument">
        <num>	12.</num>
        <content eId="para_22__content">
          <p xml:space="preserve">
            <span class="italic">Prie de nouveau</span> le Secrétaire général d’améliorer la coordination et la cohérence des activités menées par les entités des Nations Unies et par les donateurs et les bénéficiaires, et appelle de nouveau à mieux évaluer l’efficacité de ces activités, y compris les mesures susceptibles d’améliorer l’efficacité des activités de renforcement des capacités ;</p>
        </content>
      </paragraph>
      <paragraph eId="para_23" class="MercuryDocument">
        <num>	13.</num>
        <content eId="para_23__content">
          <p xml:space="preserve">
            <span class="italic">Demande</span> à cet égard que le dialogue entre toutes les parties intéressées soit renforcé de sorte que l’assistance offerte pour assurer l’état de droit le soit dans une perspective nationale, ce qui contribue à une plus grande appropriation nationale, considérant que les activités dans le domaine de l’état de droit doivent être ancrées dans le contexte national et que les États ont des expériences différentes pour ce qui est de l’élaboration de leur système d’état de droit, compte tenu de leurs spécificités juridiques, politiques, socioéconomiques, culturelles, religieuses et autres spécificités locales, mais aussi qu’il existe des traits communs découlant de l’existence de normes et principes internationaux ;</p>
        </content>
      </paragraph>
      <paragraph eId="para_24" class="MercuryDocument">
        <num>	14.</num>
        <content eId="para_24__content">
          <p xml:space="preserve">
            <span class="italic">Demande</span> au Secrétaire général et aux organismes des Nations Unies de tenir systématiquement compte, selon qu’il convient, des aspects relatifs à l’état de droit dans les activités s’y rapportant, y compris de la participation des femmes aux activités liées à l’état de droit, compte tenu de l’importance que revêt l’état de droit dans pour ainsi dire tous les domaines de l’action de l’Organisation ;</p>
        </content>
      </paragraph>
      <paragraph eId="para_25" class="MercuryDocument">
        <num>	15.</num>
        <content eId="para_25__content">
          <p xml:space="preserve">
            <span class="italic">Appuie sans réserve</span> le rôle de coordination et d’harmonisation générales que le Groupe de coordination et de conseil sur l’état de droit joue au sein du système des Nations Unies dans les limites des mandats existants, avec l’appui du Groupe de l’état de droit et sous la direction de la Vice-Secrétaire générale ;</p>
        </content>
      </paragraph>
      <paragraph eId="para_26" class="MercuryDocument">
        <num>	16.</num>
        <content eId="para_26__content">
          <p xml:space="preserve">
            <span class="italic">Prie</span> le Secrétaire général de lui présenter à la date prévue son prochain rapport annuel sur les activités de l’Organisation dans le domaine de l’état de droit, conformément au paragraphe 5 de sa résolution <a href="https://undocs.org/fr/A/RES/63/128">63/128</a> du 11 décembre 2008, en conservant l’équilibre entre les dimensions nationale et internationale de l’état de droit ;</p>
        </content>
      </paragraph>
      <paragraph eId="para_27" class="MercuryDocument">
        <num>	17.</num>
        <content eId="para_27__content">
          <p xml:space="preserve">
            <span class="italic">Considère</span> que restaurer la confiance dans l’état de droit est un élément clef de la justice transitionnelle ;</p>
        </content>
      </paragraph>
      <paragraph eId="para_28" class="MercuryDocument">
        <num>	18.</num>
        <content eId="para_28__content">
          <p xml:space="preserve">
            <span class="italic">Rappelle</span> que les États Membres se sont engagés à prendre toutes les mesures nécessaires pour assurer en toute équité, transparence, efficacité et responsabilité et sans discrimination des services qui facilitent l’accès de tous à la justice, notamment à l’aide juridictionnelle, encourage la poursuite du dialogue et la mise en commun des pratiques et des compétences nationales en matière de renforcement de l’état de droit par l’amélioration de l’accès à la justice, notamment en ce qui concerne l’enregistrement systématique des naissances, l’enregistrement des réfugiés, des migrants, des demandeurs d’asile et des apatrides et la délivrance des documents voulus, ainsi que l’aide juridictionnelle, selon qu’il convient, dans les procédures pénales et civiles et, à cet égard, apprécie le rôle que jouent les connaissances et la technologie, notamment dans les systèmes judiciaires, et souligne qu’il faut aider davantage les États qui en font la demande ;</p>
        </content>
      </paragraph>
      <paragraph eId="para_29" class="MercuryDocument">
        <num>	19.</num>
        <content eId="para_29__content">
          <p xml:space="preserve">
            <span class="italic">Souligne</span> qu’il importe de promouvoir la mise en commun des pratiques nationales et un dialogue sans exclusive, salue les propositions du Secrétaire général invitant les États Membres à partager volontairement leurs meilleures pratiques dans le domaine de l’état de droit, dans le cadre de réunions informelles et d’un répertoire électronique des meilleures pratiques publié sur le site Web de l’Organisation consacré à l’état de droit, et invite les États Membres à agir en ce sens ;</p>
        </content>
      </paragraph>
      <paragraph eId="para_30" class="MercuryDocument">
        <num>	20.</num>
        <content eId="para_30__content">
          <p xml:space="preserve">
            <span class="italic">Invite</span> la Cour internationale de Justice, la Commission des Nations Unies pour le droit commercial international et la Commission du droit international à continuer de lui rendre compte, dans les rapports qu’elles lui soumettent, de ce qu’elles font actuellement pour promouvoir l’état de droit ;</p>
        </content>
      </paragraph>
      <paragraph eId="para_31" class="MercuryDocument">
        <num>	21.</num>
        <content eId="para_31__content">
          <p xml:space="preserve">
            <span class="italic">Invite</span> le Groupe de coordination et de conseil sur l’état de droit et le Groupe de l’état de droit à poursuivre leur dialogue avec tous les États Membres de manière régulière et transparente et sans exclusive, notamment à la faveur d’échanges informels ;</p>
        </content>
      </paragraph>
      <paragraph eId="para_32" class="MercuryDocument">
        <num>	22.</num>
        <content eId="para_32__content">
          <p xml:space="preserve">
            <span class="italic">Souligne</span> que le Groupe de l’état de droit doit s’acquitter effectivement et durablement de ses fonctions et qu’il importe de lui en donner raisonnablement les moyens ;</p>
        </content>
      </paragraph>
      <paragraph eId="para_33" class="MercuryDocument">
        <num>	23.</num>
        <content eId="para_33__content">
          <p xml:space="preserve">
            <span class="italic">Décide</span> d’inscrire à l’ordre du jour provisoire de sa soixante-quinzième session la question intitulée « L’état de droit aux niveaux national et international » et invite les États Membres à axer leurs observations, durant les prochains débats de la Sixième Commission, sur le sous-thème « Mesures visant à prévenir et combattre la corruption ».</p>
        </content>
      </paragraph>
    </mainBody>
    <conclusions eId="conclusions">
      <p>
        <inline name="adoptionMeeting" title="51e">51e séance plénière</inline>
        <eol />
        <docDate date="2019-12-18" refersTo="#adoptionDate">18 décembre 2019</docDate>
      </p>
    </conclusions>
  </statement>
</akomaNtoso>