<akomaNtoso xmlns:xsi="http://www.w3.org/2001/XMLSchema-instance" xsi:schemaLocation="http://docs.oasis-open.org/legaldocml/ns/akn/3.0 http://docs.oasis-open.org/legaldocml/akn-core/v1.0/os/part2-specs/schemas/akomantoso30.xsd" xmlns="http://docs.oasis-open.org/legaldocml/ns/akn/3.0" xmlns:html="http://www.w3.org/1999/xhtml" xmlns:akn4un="http://un.org/akn4un">
  <statement name="resolution">
    <meta>
      <identification source="#DGACM">
        <FRBRWork>
          <FRBRthis value="/akn/un/statement/deliberation/unga/2019-12-13/74-106/!main/"></FRBRthis>
          <FRBRuri value="/akn/un/statement/deliberation/unga/2019-12-13/74-106/"></FRBRuri>
          <FRBRdate date="2019-12-13" name="adoption"></FRBRdate>
          <FRBRauthor href="ga" as="author"></FRBRauthor>
          <FRBRcountry value="un"></FRBRcountry>
        </FRBRWork>
        <FRBRExpression>
          <FRBRthis value="/akn/un/statement/deliberation/unga/2019-12-13/74-106/fra@!main/"></FRBRthis>
          <FRBRuri value="/akn/un/statement/deliberation/unga/2019-12-13/74-106/fra@/"></FRBRuri>
          <FRBRdate date="2019-12-27" name="publication"></FRBRdate>
          <FRBRauthor href="ga" as="issuer"></FRBRauthor>
          <FRBRlanguage language="fra"></FRBRlanguage>
        </FRBRExpression>
        <FRBRManifestation>
          <FRBRthis value="/akn/un/statement/deliberation/unga/2019-12-13/74-106/fra@/!main.xml"></FRBRthis>
          <FRBRuri value="/akn/un/statement/deliberation/unga/2019-12-13/74-106/fra@.xml"></FRBRuri>
          <FRBRdate date="2020-08-28" name="markup"></FRBRdate>
          <FRBRauthor href="DGACM" as="editor"></FRBRauthor>
        </FRBRManifestation>
      </identification>
      <classification source="http://metadata.un.org/sdg">
        <keyword value="6" href="http://metadata.un.org/sdg/6" showAs="sdg_6" dictionary="SDGO"></keyword>
        <keyword value="water" href="http://eurovoc.europa.eu/597" showAs="water" dictionary="EuroVoc"></keyword>
        <keyword value="public_hygiene" href="http://eurovoc.europa.eu/3371" showAs="public_hygiene" dictionary="EuroVoc"></keyword>
        <keyword value="use_of_water" href="http://eurovoc.europa.eu/4628" showAs="use_of_water" dictionary="EuroVoc"></keyword>
        <keyword value="water" href="http://metadata.un.org/thesaurus/030500" showAs="water" dictionary="UNBIS Thesaurus"></keyword>
        <keyword value="sanitation" href="http://metadata.un.org/thesaurus/1005701" showAs="sanitation" dictionary="UNBIS Thesaurus"></keyword>
        <keyword value="water_management" href="http://metadata.un.org/thesaurus/1006948" showAs="water_management" dictionary="UNBIS Thesaurus"></keyword>
      </classification>
      <classification source="http://metadata.un.org/sdg">
        <keyword value="8" href="http://metadata.un.org/sdg/8" showAs="sdg_8" dictionary="SDGO"></keyword>
        <keyword value="economic_growth" href="http://eurovoc.europa.eu/310" showAs="economic_growth" dictionary="EuroVoc"></keyword>
        <keyword value="full_employment" href="http://eurovoc.europa.eu/2427" showAs="full_employment" dictionary="EuroVoc"></keyword>
        <keyword value="unemployment" href="http://eurovoc.europa.eu/5974" showAs="unemployment" dictionary="EuroVoc"></keyword>
        <keyword value="economic_growth" href="http://metadata.un.org/thesaurus/1001854" showAs="economic_growth" dictionary="UNBIS Thesaurus"></keyword>
        <keyword value="employment" href="http://metadata.un.org/thesaurus/1002007" showAs="employment" dictionary="UNBIS Thesaurus"></keyword>
        <keyword value="full_employment" href="http://metadata.un.org/thesaurus/1002563" showAs="full_employment" dictionary="UNBIS Thesaurus"></keyword>
        <keyword value="unemployment" href="http://metadata.un.org/thesaurus/1006773" showAs="unemployment" dictionary="UNBIS Thesaurus"></keyword>
      </classification>
      <classification source="http://metadata.un.org/sdg">
        <keyword value="12" href="http://metadata.un.org/sdg/12" showAs="sdg_12" dictionary="SDGO"></keyword>
        <keyword value="consumption" href="http://eurovoc.europa.eu/139" showAs="consumption" dictionary="EuroVoc"></keyword>
        <keyword value="production" href="http://eurovoc.europa.eu/2707" showAs="production" dictionary="EuroVoc"></keyword>
        <keyword value="sustainable_consumption" href="http://metadata.un.org/thesaurus/1006318" showAs="sustainable_consumption" dictionary="UNBIS Thesaurus"></keyword>
        <keyword value="consumption" href="http://metadata.un.org/thesaurus/1001264" showAs="consumption" dictionary="UNBIS Thesaurus"></keyword>
        <keyword value="production" href="http://metadata.un.org/thesaurus/1005146" showAs="production" dictionary="UNBIS Thesaurus"></keyword>
      </classification>
      <classification source="http://metadata.un.org/sdg">
        <keyword value="14" href="http://metadata.un.org/sdg/14" showAs="sdg_14" dictionary="SDGO"></keyword>
        <keyword value="marine_life" href="http://eurovoc.europa.eu/3149" showAs="marine_life" dictionary="EuroVoc"></keyword>
        <keyword value="marine_environment" href="http://eurovoc.europa.eu/5742" showAs="marine_environment" dictionary="EuroVoc"></keyword>
        <keyword value="ocean" href="http://eurovoc.europa.eu/2107" showAs="ocean" dictionary="EuroVoc"></keyword>
        <keyword value="sea" href="http://eurovoc.europa.eu/1870" showAs="sea" dictionary="EuroVoc"></keyword>
        <keyword value="marine_resources" href="http://metadata.un.org/thesaurus/030800" showAs="marine_resources" dictionary="UNBIS Thesaurus"></keyword>
        <keyword value="marine_resources" href="http://metadata.un.org/thesaurus/1003922" showAs="marine_resources" dictionary="UNBIS Thesaurus"></keyword>
        <keyword value="oceans_and_seas" href="http://metadata.un.org/thesaurus/170600" showAs="oceans_and_seas" dictionary="UNBIS Thesaurus"></keyword>
      </classification>
      <workflow source="#un">
        <step date="0001-01-01" outcome="draftResolution" by="submitted by the Special Committee on the Situation with regard to the Implementation of the Declaration on the Granting of Independence to Colonial Countries and Peoples" />
        <step date="0001-01-01" outcome="draftResolutionAdditionalSponsors" by="" />
        <step date="0001-01-01" outcome="recommendedForAdoption" as="A/74/418" by="" refersTo="39" />
        <step date="2019-12-13" outcome="adopted" as="A/74/PV.47" by="" />
      </workflow>
      <analysis source="#un">
        <parliamentary>
          <voting outcome="adoptedWithoutVote">
            <quorum value=""></quorum>
          </voting>
        </parliamentary>
      </analysis>
      <references source="#DGACM">
        <TLCOrganization eId="source" href="/akn/ontology/organization/un/DGACM" showAs="DGACM"></TLCOrganization>
        <TLCConcept eId="dateOfIssuance" href="/akn/ontology/concept/un/dateOfIssuance" showAs="Date of issuance"></TLCConcept>
        <TLCConcept eId="dateOfAdoption" href="/akn/ontology/concept/un/dateOfAdoption" showAs="Date of adoption"></TLCConcept>
        <TLCConcept eId="symbol" href="/akn/ontology/reference/un/symbol" showAs="Symbol"></TLCConcept>
        <TLCRole eId="publisher" href="/akn/ontology/role/un/publisher" showAs="Publisher"></TLCRole>
        <TLCRole eId="issuingBody" href="/akn/role/concept/un/issuingBody" showAs="Issuing body"></TLCRole>
        <TLCRole eId="author" href="/akn/ontology/role/un/author" showAs="Author"></TLCRole>
        <TLCRole eId="editor" href="/akn/ontology/role/un/editor" showAs="Editor"></TLCRole>
        <TLCRole eId="distribution" href="/akn/ontology/concept/un/generalDistribution" showAs="General distribution"></TLCRole>
        <TLCOrganization eId="ga" href="/akn/ontology/organization/un/generalAssembly" showAs="General Assembly"></TLCOrganization>
        <TLCTerm eId="resolutionTitle" href="/akn/ontology/reference/un/resolutionTitle" showAs="Resolution title"></TLCTerm>
        <TLCTerm eId="fourthCommittee" href="#fourthCommittee" showAs="Commission de Politiques spéciales et décolonisation"></TLCTerm>
        <TLCTerm eId="memberState" href="/akn/ontology/organization/un/memberState" showAs="Member State"></TLCTerm>
        <TLCTerm eId="inFavour" href="/akn/ontology/concept/un/voting/inFavour" showAs="In favour"></TLCTerm>
        <TLCTerm eId="against" href="/akn/ontology/concept/un/voting/against" showAs="Against"></TLCTerm>
        <TLCTerm eId="abstaining" href="/akn/ontology/concept/un/voting/abstaining" showAs="Abstaining"></TLCTerm>
      </references>
      <presentation source="#un">
        <akn4un:footerFirstPage>
          <akn4un:footerFirstPageLeft>
            <akn4un:internalCode>
              <docketNumber refersTo="#publicationJobNumber">19-21925 (F)</docketNumber>
              <img alt="bar code" class="barCode" src=""></img>
            </akn4un:internalCode>
          </akn4un:footerFirstPageLeft>
          <akn4un:footerFirstPageRight>
            <img alt="Please recycle" class="image" src="./recylcleLogo.jpg"></img>
            <img alt="embedded QR code" class="qrCode" src=""></img>
          </akn4un:footerFirstPageRight>
        </akn4un:footerFirstPage>
      </presentation>
    </meta>
    <coverPage eId="coverPage_1">
      <p>
        <span refersTo="#publisher" class="upperLeft">
          <docAuthority refersTo="#publisher">Nations Unies</docAuthority>
        </span>
      </p>
      <p class="upperRight">
        <docNumber refersTo="#symbol">A/RES/74/106</docNumber>
      </p>
      <p class="upperLeft">
        <img src="logo-un.jpg"></img>
        <docAuthority refersTo="#issuingBody" class="rightBig">Assemblée générale</docAuthority>
      </p>
      <p>
        <docStatus refersTo="#generalDistribution" class="rightSmall">Distr. générale</docStatus>
      </p>
      <p>
        <docDate date="2019-12-27" class="rightSmall" refersTo="#dateOfIssuance">27 décembre 2019</docDate>
      </p>
      <p>
        <session refersTo="#generalAssembly" value="74" eId="coverPage_1__session_1">Soixante-quatorzième session</session>
      </p>
      <p>
        <inline name="agenda item">Point 59 de l’ordre du jour</inline>
      </p>
      <p>
        <inline name="agenda item name">Application de la Déclaration sur l’octroi de l’indépendance aux pays et aux peuples coloniaux</inline>
      </p>
      <p>
        <docTitle>Résolution adoptée par l’Assemblée générale le 13 décembre 2019</docTitle>
      </p>
      <p xml:space="preserve">
        <docProponent refersTo="#fourthCommittee">[sur la base du rapport de la Commission des questions politiques spéciales et de la décolonisation (Quatrième Commission) (<inline name="originating document">A/74/418</inline>)]</docProponent>
      </p>
    </coverPage>
    <preface>
      <p>
        <docNumber>74/106.</docNumber>
        <docTitle refersTo="#resolutionTitle">Question de la Nouvelle-Calédonie</docTitle>
      </p>
    </preface>
    <preamble>
      <formula name="enactingFormula" eId="formula_1">
        <p xml:space="preserve">
          <span class="italic">L’Assemblée générale</span>,</p>
      </formula>
      <container name="Ayant examiné" eId="container_2">
        <p xml:space="preserve">
          <span class="italic">	Ayant examiné</span> la question de la Nouvelle-Calédonie,</p>
      </container>
      <container name="Ayant également examiné" eId="container_3">
        <p xml:space="preserve">
          <span class="italic">	Ayant également examiné</span> le chapitre du rapport du Comité spécial chargé d’étudier la situation en ce qui concerne l’application de la Déclaration sur l’octroi de l’indépendance aux pays et aux peuples coloniaux sur ses travaux de 2019, qui porte sur la Nouvelle-Calédonie<authorialNote marker="1" placement="bottom" eId="authorialNote_1"><p xml:space="preserve"><span class="italic">Documents officiels de l’Assemblée générale, soixante-quatorzième session, Supplément n</span><span class="italic"><sup>o</sup></span><span class="italic"> 23 </span>(<a href="https://undocs.org/fr/A/74/23">A/74/23</a>), chap. IX.</p></authorialNote>,</p>
      </container>
      <container name="Réaffirmant" eId="container_4">
        <p xml:space="preserve">
          <span class="italic">	Réaffirmant</span> le droit des peuples à disposer d’eux-mêmes, tel qu’il est consacré par la Charte des Nations Unies,</p>
      </container>
      <container name="Rappelant " eId="container_5">
        <p xml:space="preserve">
          <span class="italic">	Rappelant </span>ses résolutions <a href="https://undocs.org/fr/A/RES/1514 (XV)">1514 (XV)</a> du 14 décembre 1960 et <a href="https://undocs.org/fr/A/RES/1541 (XV)">1541 (XV)</a> du 15 décembre 1960 et soulignant le principe VI figurant dans l’annexe à la résolution <a href="https://undocs.org/fr/A/RES/1541 (XV)">1541 (XV)</a>,</p>
      </container>
      <container name="Rappelant également " eId="container_6">
        <p xml:space="preserve">
          <span class="italic">	Rappelant également </span>les dispositions de l’Accord de Nouméa<authorialNote marker="2" placement="bottom" eId="authorialNote_2"><p xml:space="preserve"><a href="https://undocs.org/fr/A/AC.109/2114">A/AC.109/2114</a>, annexe.</p></authorialNote> dans lesquelles l’accent est notamment mis sur l’importance du transfert, en temps opportun, des pouvoirs et des compétences de la Puissance administrante au peuple de Nouvelle‑Calédonie,</p>
      </container>
      <container name="Réaffirmant" eId="container_7">
        <p xml:space="preserve">
          <span class="italic">	Réaffirmant</span> que les ressources naturelles sont le patrimoine des peuples des territoires non autonomes, y compris les populations autochtones,</p>
      </container>
      <container name="Préoccupée " eId="container_8">
        <p xml:space="preserve">
          <span class="italic">	Préoccupée </span>par toutes les activités qui visent à exploiter les ressources naturelles et humaines des territoires non autonomes au détriment des intérêts de leurs habitants,</p>
      </container>
      <container name="Notant " eId="container_9">
        <p xml:space="preserve">
          <span class="italic">	Notant </span>l’importance de l’action constructive menée par les autorités françaises en Nouvelle-Calédonie en coopération avec tous les secteurs de la société néo‑calédonienne pour favoriser le développement politique, économique et social équitable du territoire, y compris dans le domaine de la protection de l’environnement, afin de créer un climat propice à son évolution pacifique vers l’autodétermination,</p>
      </container>
      <container name="Rappelant" eId="container_10">
        <p xml:space="preserve">
          <span class="italic">	Rappelant</span> qu’en mars 2018, le Comité des signataires de l’Accord de Nouméa a fixé au 4 novembre 2018 la date de la tenue d’un référendum sur l’autodétermination en Nouvelle-Calédonie et a formulé la question à poser à cette occasion, à savoir « Voulez-vous que la Nouvelle-Calédonie accède à la pleine souveraineté et devienne indépendante ? »,</p>
      </container>
      <container name="Se félicitant " eId="container_11">
        <p xml:space="preserve">
          <span class="italic">	Se félicitant </span>du déroulement, dans le calme, le 4 novembre 2018, du référendum sur l’autodétermination en Nouvelle-Calédonie, conformément à l’Accord de Nouméa,</p>
      </container>
      <container name="Rappelant" eId="container_12">
        <p xml:space="preserve">
          <span class="italic">	Rappelant</span> le rapport sur la situation du peuple kanak de Nouvelle-Calédonie que le Rapporteur spécial sur les droits des peuples autochtones a présenté au Conseil des droits de l’homme à sa dix-huitième session, tenue du 12 au 30 septembre et le 21 octobre 2011<authorialNote marker="3" placement="bottom" eId="authorialNote_3"><p xml:space="preserve">		A/HRC/18/35/Add.6, annexe.</p></authorialNote>, à la suite de sa visite dans le territoire en février 2011, et soulignant qu’il importe de répondre aux préoccupations relatives aux droits de l’homme du peuple autochtone kanak, notamment en éliminant les inégalités existant entre les trois provinces du territoire,</p>
      </container>
      <container name="Notant avec satisfaction" eId="container_13">
        <p xml:space="preserve">
          <span class="italic">	Notant avec satisfaction</span> que les contacts entre la Nouvelle-Calédonie et les pays voisins du Pacifique Sud s’intensifient, y compris grâce à l’accueil de délégués néo‑calédoniens au sein des missions diplomatiques et consulaires françaises dans la région,</p>
      </container>
      <container name="Rappelant" eId="container_14">
        <p xml:space="preserve">
          <span class="italic">	Rappelant</span> les conclusions du dix-neuvième Sommet des dirigeants du Groupe du fer de lance mélanésien, tenu à Nouméa du 19 au 21 juin 2013 sous la présidence historique du Front de libération nationale kanak et socialiste, qui occupait cette fonction pour la première fois, y compris la déclaration dans laquelle les dirigeants du Groupe ont réaffirmé leur appui résolu, notamment sous la forme d’une assistance technique, et leur engagement ferme en faveur de l’autodétermination de la Nouvelle‑Calédonie, conformément à la Charte et à l’Accord de Nouméa,</p>
      </container>
      <container name="Rappelant également" eId="container_15">
        <p xml:space="preserve">
          <span class="italic">	Rappelant également</span> l’admission de la Nouvelle-Calédonie comme membre à part entière du Forum des îles du Pacifique à sa quarante-septième session, qui s’est tenue à Pohnpei (États fédérés de Micronésie) du 8 au 10 septembre 2016,</p>
      </container>
      <container name="Rappelant en outre" eId="container_16">
        <p xml:space="preserve">
          <span class="italic">	Rappelant en outre</span> l’échange de lettres entre le Département des affaires politiques du Secrétariat et le secrétariat du Groupe du fer de lance mélanésien concernant l’échange d’informations sur la Nouvelle-Calédonie,</p>
      </container>
      <container name="Consciente" eId="container_17">
        <p xml:space="preserve">
          <span class="italic">Consciente</span> que la Nouvelle-Calédonie se trouve désormais dans la phase la plus critique prévue par l’Accord de Nouméa, au cours de laquelle l’Organisation des Nations Unies doit continuer de suivre de près la situation dans le territoire afin d’aider les Néo-Calédoniens à exercer leur droit à l’autodétermination, conformément aux objectifs fixés dans la Charte et la Déclaration sur l’octroi de l’indépendance aux pays et aux peuples coloniaux<authorialNote marker="4" placement="bottom" eId="authorialNote_4"><p xml:space="preserve">		Résolution <a href="https://undocs.org/fr/A/RES/1514 (XV)">1514 (XV)</a>.</p></authorialNote>,</p>
      </container>
      <container name="Rappelant" eId="container_18">
        <p xml:space="preserve">
          <span class="italic">Rappelant</span> la Charte du peuple kanak, socle commun des valeurs et principes fondamentaux de la civilisation kanake, proclamée en avril 2014 par les autorités coutumières, les grands chefs, les chefs, les présidents des conseils de district et les présidents des conseils des chefs de clan, seuls gardiens traditionnels du peuple kanak de Nouvelle‑Calédonie, et notant que le Sénat coutumier s’inquiète que les intérêts du peuple kanak ne soient pas suffisamment pris en compte par la Puissance administrante et le gouvernement du territoire sur les questions qui revêtent une importance cruciale pour les peuples autochtones de Nouvelle-Calédonie,</p>
      </container>
      <container name="Se félicitant " eId="container_19">
        <p xml:space="preserve">
          <span class="italic">	Se félicitant </span>que deux missions de visite des Nations Unies se soient rendues en Nouvelle-Calédonie en 2014 et en 2018 et qu’elles se soient rendues également à Paris, et se félicitant également de la publication des rapports des missions de visite du Comité spécial<authorialNote marker="5" placement="bottom" eId="authorialNote_5"><p xml:space="preserve"><a href="https://undocs.org/fr/A/AC.109/2014/20/Rev.1">A/AC.109/2014/20/Rev.1</a> et <a href="https://undocs.org/fr/A/AC.109/2018/20">A/AC.109/2018/20</a>.</p></authorialNote>,</p>
      </container>
      <container name="Notant avec gratitude " eId="container_20">
        <p xml:space="preserve">
          <span class="italic">	Notant avec gratitude </span>que la Puissance administrante a intensifié sa coopération avec le Comité spécial dans le cadre de ses travaux portant sur la question de la Nouvelle-Calédonie et qu’elle a facilité les missions de visite de 2014 et 2018 ainsi que la tenue d’un référendum sur l’autodétermination en Nouvelle-Calédonie le 4 novembre 2018, conformément à l’Accord de Nouméa,</p>
      </container>
      <container name="Prenant acte" eId="container_21">
        <p xml:space="preserve">
          <span class="italic">Prenant acte</span> du bon déroulement des élections provinciales organisées par la Nouvelle-Calédonie le 12 mai 2019,</p>
      </container>
      <container name="Rappelant" eId="container_22">
        <p xml:space="preserve">
          <span class="italic">Rappelant</span> les informations présentées aux séminaires régionaux du Pacifique et des Caraïbes sur la mise en œuvre des activités de la troisième Décennie internationale de l’élimination du colonialisme, tenus respectivement à Nadi (Fidji) du 21 au 23 mai 2014 et à Managua du 19 au 21 mai 2015, au sujet de la situation dans le territoire, y compris les questions liées aux élections de 2014,</p>
      </container>
      <container name="Rappelant également" eId="container_23">
        <p xml:space="preserve">
          <span class="italic">	Rappelant également</span> les recommandations adoptées au séminaire régional du Pacifique tenu à Managua du 31 mai au 2 juin 2016, qui sont annexées au rapport du Comité spécial sur ses travaux de 2016<authorialNote marker="6" placement="bottom" eId="authorialNote_6"><p xml:space="preserve"><span class="italic">Documents officiels de l’Assemblée générale, soixante et onzième session, Supplément n</span><span class="italic"><sup>o</sup></span><span class="italic"> 23</span> (<a href="https://undocs.org/fr/A/71/23">A/71/23</a>).</p></authorialNote>,</p>
      </container>
      <container name="Prenant note " eId="container_24">
        <p xml:space="preserve">
          <span class="italic">	Prenant note </span>des informations fournies par la Puissance administrante, lors des séminaires régionaux des Caraïbes organisés à Grande Anse (Grenade) du 2 au 4 mai 2019 et à Kingstown du 16 au 18 mai 2017, et par les parties néo-calédoniennes lors de ce dernier séminaire sur l’évolution de la situation dans le territoire, notamment sur le référendum d’autodétermination, qui s’est tenu par la suite en 2018, et des recommandations adoptées au séminaire de 2017, qui sont annexées au rapport du Comité spécial sur ses travaux de 2017<authorialNote marker="7" placement="bottom" eId="authorialNote_7"><p xml:space="preserve">		Ibid., <span class="italic">soixante-douzième session, Supplément n</span><span class="italic"><sup>o</sup></span><span class="italic"> 23</span> (<a href="https://undocs.org/fr/A/72/23">A/72/23</a>).</p></authorialNote>,</p>
      </container>
      <container name="Consciente" eId="container_25">
        <p xml:space="preserve">
          <span class="italic">Consciente</span> des difficultés rencontrées dans le déroulement des élections provinciales de 2014, en particulier en ce qui concerne l’actualisation de la liste spéciale par les commissions administratives spéciales, l’absence du tableau annexe de 1998 et le fait que la liste générale de 1998 n’a pas été disponible avant 2014, et de leurs effets possibles sur le référendum d’autodétermination, et prenant acte des progrès réalisés depuis 2014 dans l’organisation du référendum,</p>
      </container>
      <container name="Se félicitant" eId="container_26">
        <p xml:space="preserve">
          <span class="italic">	Se félicitant</span> que la Puissance administrante ait invité la Division de l’assistance électorale du Département des affaires politiques du Secrétariat à envoyer en Nouvelle-Calédonie, en mai 2016, une mission d’experts électoraux chargés d’observer les activités des commissions administratives spéciales et de la commission consultative d’experts ayant trait à l’établissement et à la révision de la liste électorale spéciale, en particulier en vue de la tenue en 2018 d’un référendum d’autodétermination en Nouvelle-Calédonie, conformément à l’Accord de Nouméa,</p>
      </container>
      <container name="Se félicitant également" eId="container_27">
        <p xml:space="preserve">
          <span class="italic">	Se félicitant également</span> que la Puissance administrante ait communiqué au Comité spécial le rapport final de la mission d’experts électoraux envoyée en Nouvelle-Calédonie en 2016, ainsi que la liste des mesures qu’elle a prises pour donner suite aux recommandations de la mission,</p>
      </container>
      <container name="Prenant note avec satisfaction " eId="container_28">
        <p xml:space="preserve">
          <span class="italic">	Prenant note avec satisfaction </span>de la tenue à Paris, le 27 mars 2018, de la réunion du Comité des signataires de l’Accord de Nouméa et de la décision dudit Comité d’organiser le référendum sur l’autodétermination de la Nouvelle-Calédonie le 4 novembre 2018,</p>
      </container>
      <container name="Se félicitant" eId="container_29">
        <p xml:space="preserve">
          <span class="italic">	Se félicitant</span> que le Comité des signataires ait formulé et adopté à Paris, en mars 2018, la question à poser lors du référendum d’autodétermination, à savoir « Voulez‑vous que la Nouvelle-Calédonie accède à la pleine souveraineté et devienne indépendante ? »,</p>
      </container>
      <container name="Notant " eId="container_30">
        <p xml:space="preserve">
          <span class="italic">	Notant </span>que les Néo-Calédoniens estiment qu’il est important et nécessaire que la Puissance administrante organise une campagne d’information pour leur fournir des précisions sur les résultats possibles du référendum,</p>
      </container>
      <container name="Consciente " eId="container_31">
        <p xml:space="preserve">
          <span class="italic">	Consciente </span>que le Comité spécial doit veiller à ce que les organes compétents de l’Organisation des Nations Unies mènent une campagne de sensibilisation active visant à aider le peuple du territoire à mieux comprendre les options qui s’offrent à lui en matière d’autodétermination,</p>
      </container>
    </preamble>
    <mainBody>
      <paragraph eId="para_32" class="SingleTxt">
        <num>	1.</num>
        <content eId="para_32__content">
          <p xml:space="preserve">
            <span class="italic">Réaffirme </span>qu’elle approuve le chapitre du rapport du Comité spécial chargé d’étudier la situation en ce qui concerne l’application de la Déclaration sur l’octroi de l’indépendance aux pays et aux peuples coloniaux sur ses travaux de 2019, qui porte sur la Nouvelle-Calédonie<sup>1</sup> ;</p>
        </content>
      </paragraph>
      <paragraph eId="para_33" class="SingleTxt">
        <num>	2.</num>
        <content eId="para_33__content">
          <p xml:space="preserve">
            <span class="italic">Fait à nouveau siens</span> les rapports, les observations, les conclusions et les recommandations des missions de visite des Nations Unies conduites en Nouvelle‑Calédonie en 2014 et en 2018<sup>5</sup> ;</p>
        </content>
      </paragraph>
      <paragraph eId="para_34" class="SingleTxt">
        <num>	3.</num>
        <content eId="para_34__content">
          <p xml:space="preserve">
            <span class="italic">Exprime sa reconnaissance </span>à la Puissance administrante et au Gouvernement néo-calédonien pour la coopération étroite et l’assistance apportées aux missions de visite ;</p>
        </content>
      </paragraph>
      <paragraph eId="para_35" class="SingleTxt">
        <num>	4.</num>
        <content eId="para_35__content">
          <p xml:space="preserve">
            <span class="italic">Réaffirme </span>qu’en fin de compte, c’est au peuple de Nouvelle-Calédonie lui-même qu’il appartient de déterminer librement et équitablement son futur statut politique, conformément aux dispositions applicables de la Charte des Nations Unies, de la Déclaration sur l’octroi de l’indépendance aux pays et aux peuples coloniaux<sup>4</sup> et de ses résolutions sur la question et, à cet égard, demande à la Puissance administrante d’agir en coopération avec le gouvernement du territoire et les organes compétents du système des Nations Unies pour mettre au point des programmes d’éducation politique dans le territoire afin de faire prendre conscience à la population de son droit à l’autodétermination, compte tenu des différents statuts politiques légitimes envisageables sur la base des principes clairement définis dans sa résolution <a href="https://undocs.org/fr/A/RES/1541 (XV)">1541 (XV)</a> et ses autres résolutions et décisions sur la question ;</p>
        </content>
      </paragraph>
      <paragraph eId="para_36" class="SingleTxt">
        <num>	5.</num>
        <content eId="para_36__content">
          <p xml:space="preserve">
            <span class="italic">Note </span>les préoccupations que continuent de susciter les difficultés rencontrées dans le déroulement des élections provinciales concernant les diverses interprétations qui continuent d’être faites, des dispositions relatives au corps électoral restreint et de la procédure d’appel en matière d’inscription sur les listes électorales, et encourage la Puissance administrante et les Néo-Calédoniens à répondre à l’amiable et pacifiquement aux inquiétudes de tous les intervenants conformément à la législation en vigueur dans le territoire et en France, tout en respectant et en faisant respecter l’esprit et la lettre de l’Accord de Nouméa<sup>2</sup> ;</p>
        </content>
      </paragraph>
      <paragraph eId="para_37" class="SingleTxt">
        <num>	6.</num>
        <content eId="para_37__content">
          <p xml:space="preserve">
            <span class="italic">Se félicite</span> qu’un référendum sur l’autodétermination se soit déroulé dans le calme le 4 novembre 2018, conformément à l’Accord de Nouméa, et prend note de ses résultats, à savoir 56,67 pour cent de voix contre la pleine souveraineté et l’indépendance et 43,33 pour cent de voix en faveur des dispositions de l’Accord de Nouméa relatives à l’organisation de référendums supplémentaires sur l’autodétermination ;</p>
        </content>
      </paragraph>
      <paragraph eId="para_38" class="SingleTxt">
        <num>	7.</num>
        <content eId="para_38__content">
          <p xml:space="preserve">
            <span class="italic">Considère </span>que des mesures appropriées pour l’organisation des consultations futures sur l’accession à la pleine souveraineté, y compris l’établissement de listes électorales justes, régulières, crédibles et transparentes, comme prévu par l’Accord de Nouméa, sont indispensables à la réalisation d’un acte libre, équitable et authentique d’autodétermination conforme à la Charte ainsi qu’aux principes et aux pratiques de l’Organisation ;</p>
        </content>
      </paragraph>
      <paragraph eId="para_39" class="SingleTxt">
        <num>	8.</num>
        <content eId="para_39__content">
          <p xml:space="preserve">
            <span class="italic">Se félicite</span>, à cet égard, du dialogue politique de haut niveau constant mené par les parties dans le cadre du Comité des signataires de l’Accord de Nouméa et des engagements qu’ils ont pris de bonne foi pour définir les modalités de réalisation d’un acte incontestable d’autodétermination, notamment l’établissement d’une liste électorale, conformément aux dispositions de l’Accord ;</p>
        </content>
      </paragraph>
      <paragraph eId="para_40" class="SingleTxt">
        <num>	9.</num>
        <content eId="para_40__content">
          <p xml:space="preserve">
            <span class="italic">Rappelle</span> le document final de la douzième réunion du Comité des signataires, tenue le 3 octobre 2014, dans lequel, entre autres, la Puissance administrante s’est engagée à donner au peuple de Nouvelle-Calédonie les moyens de décider de son futur statut lors d’un processus d’autodétermination équitable, crédible, démocratique et transparent, conformément à l’Accord de Nouméa ;</p>
        </content>
      </paragraph>
      <paragraph eId="para_41" class="SingleTxt">
        <num>	10.</num>
        <content eId="para_41__content">
          <p xml:space="preserve">
            <span class="italic">Prend note avec intérêt</span> de la tenue à Paris, le 5 juin 2015, le 2 novembre 2017 et le 27 mars 2018, de réunions extraordinaires du Comité des signataires au sujet du processus d’autodétermination de la Nouvelle-Calédonie, en particulier des listes électorales en vue du référendum et des questions connexes ;</p>
        </content>
      </paragraph>
      <paragraph eId="para_42" class="SingleTxt">
        <num>	11.</num>
        <content eId="para_42__content">
          <p xml:space="preserve">
            <span class="italic">Demande </span>à la France, Puissance administrante, d’étudier, au vu des observations, conclusions et recommandations des missions de visite, la possibilité d’étoffer encore le programme d’éducation visant à informer le peuple de Nouvelle‑Calédonie de la nature de l’autodétermination, afin qu’il soit mieux préparé au moment de prendre une décision sur la question, et prie le Comité spécial de fournir toute l’assistance disponible à cet égard ;</p>
        </content>
      </paragraph>
      <paragraph eId="para_43" class="SingleTxt">
        <num>	12.</num>
        <content eId="para_43__content">
          <p xml:space="preserve">
            <span class="italic">Soumet</span> les observations, conclusions et recommandations des missions de visite à l’attention du Gouvernement français, en tant que Puissance administrante, et du Gouvernement néo-calédonien pour qu’ils prennent les mesures appropriées ;</p>
        </content>
      </paragraph>
      <paragraph eId="para_44" class="SingleTxt">
        <num>	13.</num>
        <content eId="para_44__content">
          <p xml:space="preserve">
            <span class="italic">Note avec satisfaction </span>que la Puissance administrante a facilité l’organisation de missions de visite sur le territoire avant la tenue du référendum d’autodétermination de 2018, et l’encourage à continuer de coopérer avec le Comité spécial au sujet de la tenue de référendums supplémentaires ;</p>
        </content>
      </paragraph>
      <paragraph eId="para_45" class="SingleTxt">
        <num>	14.</num>
        <content eId="para_45__content">
          <p xml:space="preserve">
            <span class="italic">Engage vivement</span> toutes les parties concernées, dans l’intérêt des Néo‑Calédoniens, à poursuivre leur dialogue, dans le cadre de l’Accord de Nouméa, dans un esprit d’harmonie et de respect mutuel afin de continuer de promouvoir une atmosphère propice à l’évolution pacifique du territoire vers un acte d’autodétermination où toutes les options seraient ouvertes, qui préserverait les droits de tous les secteurs de la population et qui reposerait sur le principe selon lequel c’est au peuple de Nouvelle-Calédonie qu’il appartient de choisir comment déterminer son destin ;</p>
        </content>
      </paragraph>
      <paragraph eId="para_46" class="SingleTxt">
        <num>	15.</num>
        <content eId="para_46__content">
          <p xml:space="preserve">
            <span class="italic">Réaffirme</span> ses résolutions <a href="https://undocs.org/fr/A/RES/68/87">68/87</a> du 11 décembre 2013 et <a href="https://undocs.org/fr/A/RES/69/97">69/97</a> du 5 décembre 2014, dans lesquelles elle a notamment réaffirmé que, en l’absence d’une décision de sa part établissant qu’un territoire non autonome s’administre complètement lui-même au sens du Chapitre XI de la Charte, la Puissance administrante concernée doit continuer de communiquer des renseignements au sujet de ce territoire en vertu de l’alinéa <span class="italic">e</span> de l’Article 73 de la Charte ;</p>
        </content>
      </paragraph>
      <paragraph eId="para_47" class="SingleTxt">
        <num>	16.</num>
        <content eId="para_47__content">
          <p xml:space="preserve">
            <span class="italic">Se félicite </span>des mesures prises par la Puissance administrante pour continuer de communiquer au Secrétaire général les renseignements prévus à l’alinéa <span class="italic">e</span> de l’Article 73 de la Charte, en particulier le rapport du 11 décembre 2018 sur l’évolution récente de la situation en Nouvelle-Calédonie ;</p>
        </content>
      </paragraph>
      <paragraph eId="para_48" class="SingleTxt">
        <num>	17.</num>
        <content eId="para_48__content">
          <p xml:space="preserve">
            <span class="italic">Note</span> les préoccupations que continue d’exprimer le peuple kanak au sujet de sa sous-représentation dans les structures gouvernementales et sociales, des flux migratoires incessants et des effets des activités d’extraction minière sur l’environnement, ainsi que la nécessité de traiter ces questions sans tarder ;</p>
        </content>
      </paragraph>
      <paragraph eId="para_49" class="SingleTxt">
        <num>	18.</num>
        <content eId="para_49__content">
          <p xml:space="preserve">
            <span class="italic">Prie instamment </span>la Puissance administrante de prendre des mesures propres à protéger et à garantir le droit inaliénable des Néo-Calédoniens sur leurs ressources naturelles et celui de rester maîtres de la valeur future de ces ressources, et demande à la Puissance administrante de prendre toutes les mesures nécessaires pour protéger les droits de propriété des Néo-Calédoniens ;</p>
        </content>
      </paragraph>
      <paragraph eId="para_50" class="SingleTxt">
        <num>	19.</num>
        <content eId="para_50__content">
          <p xml:space="preserve">
            <span class="italic">Accueille avec satisfaction </span>le programme Cadres Avenir et se déclare favorable à ce que l’on intensifie la formation et le renforcement des capacités des hauts responsables des secteurs public et privé du territoire, notamment compte tenu du transfert des compétences en cours entre le Gouvernement français et la Nouvelle-Calédonie, en veillant à ce qu’il soit effectué conformément à l’Accord de Nouméa ;</p>
        </content>
      </paragraph>
      <paragraph eId="para_51" class="SingleTxt">
        <num>	20.</num>
        <content eId="para_51__content">
          <p xml:space="preserve">
            <span class="italic">Rappelle</span> les observations et les recommandations que le Rapporteur spécial du Conseil des droits de l’homme sur les droits des peuples autochtones a faites dans son rapport sur la situation du peuple kanak de Nouvelle-Calédonie<sup>3</sup>, compte tenu des normes internationales applicables, afin d’appuyer les efforts engagés pour promouvoir les droits du peuple kanak dans le cadre de l’application de l’Accord de Nouméa et du processus de décolonisation appuyé par l’Organisation ;</p>
        </content>
      </paragraph>
      <paragraph eId="para_52" class="SingleTxt">
        <num>	21.</num>
        <content eId="para_52__content">
          <p xml:space="preserve">
            <span class="italic">Prie </span>le Secrétaire général, les institutions spécialisées et les autres organismes des Nations Unies d’apporter une assistance économique, sociale et autre à la Nouvelle-Calédonie et de continuer à le faire, selon qu’il conviendra, une fois que ce territoire aura exercé son droit à l’autodétermination ;</p>
        </content>
      </paragraph>
      <paragraph eId="para_53" class="SingleTxt">
        <num>	22.</num>
        <content eId="para_53__content">
          <p xml:space="preserve">
            <span class="italic">Se félicite </span>du renforcement des mesures de rééquilibrage économique et social prises par la Puissance administrante et demande instamment qu’il en soit de même dans tous les secteurs et dans toutes les communes de Nouvelle-Calédonie, surtout pour améliorer le bien-être du peuple autochtone kanak ;</p>
        </content>
      </paragraph>
      <paragraph eId="para_54" class="SingleTxt">
        <num>	23.</num>
        <content eId="para_54__content">
          <p xml:space="preserve">
            <span class="italic">Souligne</span> qu’il importe d’assurer le transfert rapide des compétences de la Puissance administrante à la Nouvelle-Calédonie, prévu dans l’Accord de Nouméa ;</p>
        </content>
      </paragraph>
      <paragraph eId="para_55" class="SingleTxt">
        <num>	24.</num>
        <content eId="para_55__content">
          <p xml:space="preserve">
            <span class="italic">Engage </span>la Puissance administrante, agissant en coopération avec le Gouvernement néo-calédonien, à veiller au renforcement de la protection et de la garantie du droit inaliénable qu’a le peuple du territoire de posséder ses ressources naturelles, d’y avoir accès, de les utiliser et de les gérer, y compris son droit patrimonial de les exploiter à l’avenir ;</p>
        </content>
      </paragraph>
      <paragraph eId="para_56" class="SingleTxt">
        <num>	25.</num>
        <content eId="para_56__content">
          <p xml:space="preserve">
            <span class="italic">Rappelle</span> les dispositions de l’Accord de Nouméa qui prévoient que la Nouvelle-Calédonie pourra devenir membre ou membre associé de certaines organisations internationales, et note que les liens continuent de se resserrer entre la Nouvelle-Calédonie et tant l’Union européenne que le Fonds européen de développement ;</p>
        </content>
      </paragraph>
      <paragraph eId="para_57" class="SingleTxt">
        <num>	26.</num>
        <content eId="para_57__content">
          <p xml:space="preserve">
            <span class="italic">Rappelle également</span> l’accession du Front de libération nationale kanak et socialiste à la présidence du Groupe du fer de lance mélanésien, la tenue des réunions des dirigeants et des chefs du Groupe pour la première fois en Nouvelle-Calédonie en juin 2013, le bon déroulement de la présidence du Front de libération nationale kanak et socialiste qui s’est achevée en juin 2015 et l’ouverture, en février 2013, de la cellule du Front de libération nationale kanak et socialiste au siège du secrétariat du Groupe à Port-Vila ;</p>
        </content>
      </paragraph>
      <paragraph eId="para_58" class="SingleTxt">
        <num>	27.</num>
        <content eId="para_58__content">
          <p xml:space="preserve">
            <span class="italic">Salue</span> la contribution apportée par le Centre culturel Jean-Marie Tjibaou à la protection de la culture autochtone kanake de Nouvelle-Calédonie ;</p>
        </content>
      </paragraph>
      <paragraph eId="para_59" class="SingleTxt">
        <num>	28.</num>
        <content eId="para_59__content">
          <p xml:space="preserve">
            <span class="italic">Se félicite</span> de l’attitude coopérative des autres États et territoires de la région à l’égard de la Nouvelle-Calédonie, de ses aspirations économiques et politiques et de sa participation accrue aux affaires régionales et internationales ;</p>
        </content>
      </paragraph>
      <paragraph eId="para_60" class="SingleTxt">
        <num>	29.</num>
        <content eId="para_60__content">
          <p xml:space="preserve">
            <span class="italic">Prend note </span>des renseignements communiqués par les participants néo-calédoniens aux séminaires régionaux du Pacifique et des Caraïbes sur la mise en œuvre des activités de la troisième Décennie internationale de l’élimination du colonialisme, tenus depuis mai 2014, faisant notamment état de certains progrès dans les domaines social, économique, politique et environnemental, et du recentrage des efforts, particulièrement en ce qui concerne le rééquilibrage et la révision des listes électorales, nécessaires pour assurer des bienfaits mutuels et partagés sur le long terme à tous les Néo-Calédoniens, et prie instamment la Puissance administrante et le Gouvernement néo-calédonien d’accorder toute l’attention voulue au traitement de ces questions ;</p>
        </content>
      </paragraph>
      <paragraph eId="para_61" class="SingleTxt">
        <num>	30.</num>
        <content eId="para_61__content">
          <p xml:space="preserve">
            <span class="italic">Prend note</span> du déroulement dans le calme des élections provinciales du 12 mai 2019, ainsi que des élections municipales antérieures, et l’action menée par la suite en vue de la formation d’un nouveau gouvernement pour la Nouvelle-Calédonie, et engage toutes les parties prenantes à participer activement à l’édification d’une Nouvelle-Calédonie pour tous, y compris par la promotion du respect et de l’application de l’Accord de Nouméa ;</p>
        </content>
      </paragraph>
      <paragraph eId="para_62" class="SingleTxt">
        <num>	31.</num>
        <content eId="para_62__content">
          <p xml:space="preserve">
            <span class="italic">Rappelle </span>la décision prise par la Puissance administrante d’inviter la Division de l’assistance électorale du Département des affaires politiques et de la consolidation de la paix du Secrétariat à envoyer une mission chargée d’observer les activités des commissions administratives spéciales et de la commission consultative d’experts en vue de l’établissement et de la révision de la liste électorale spéciale, attend avec intérêt d’examiner ses recommandations, et encourage de nouveau la Puissance administrante à faciliter les travaux menés à cet égard ;</p>
        </content>
      </paragraph>
      <paragraph eId="para_63" class="SingleTxt">
        <num>	32.</num>
        <content eId="para_63__content">
          <p xml:space="preserve">
            <span class="italic">Souligne</span> l’importance de l’accord conclu entre les signataires de l’Accord de Nouméa, selon lequel les progrès réalisés sur la voie de l’émancipation seront portés à la connaissance de l’Organisation des Nations Unies ;</p>
        </content>
      </paragraph>
      <paragraph eId="para_64" class="SingleTxt">
        <num>	33.</num>
        <content eId="para_64__content">
          <p xml:space="preserve">
            <span class="italic">Décide</span> de maintenir constamment à l’étude le processus se déroulant en Nouvelle-Calédonie depuis la signature de l’Accord de Nouméa ;</p>
        </content>
      </paragraph>
      <paragraph eId="para_65" class="SingleTxt">
        <num>	34.</num>
        <content eId="para_65__content">
          <p xml:space="preserve">
            <span class="italic">Prie</span> le Comité spécial de poursuivre l’examen de la question du territoire non autonome de Nouvelle-Calédonie et de lui rendre compte à ce sujet à sa soixante‑quinzième session.</p>
        </content>
      </paragraph>
    </mainBody>
    <conclusions eId="conclusions">
      <p>
        <inline name="adoptionMeeting" title="47e">47e séance plénière</inline>
        <eol />
        <docDate date="2019-12-13" refersTo="#adoptionDate">13 décembre 2019</docDate>
      </p>
    </conclusions>
  </statement>
</akomaNtoso>