<akomaNtoso xmlns:xsi="http://www.w3.org/2001/XMLSchema-instance" xsi:schemaLocation="http://docs.oasis-open.org/legaldocml/ns/akn/3.0 http://docs.oasis-open.org/legaldocml/akn-core/v1.0/os/part2-specs/schemas/akomantoso30.xsd" xmlns="http://docs.oasis-open.org/legaldocml/ns/akn/3.0" xmlns:html="http://www.w3.org/1999/xhtml" xmlns:akn4un="http://un.org/akn4un">
  <statement name="resolution">
    <meta>
      <identification source="#DGACM">
        <FRBRWork>
          <FRBRthis value="/akn/un/statement/deliberation/unga/2019-12-18/74-173/!main/"></FRBRthis>
          <FRBRuri value="/akn/un/statement/deliberation/unga/2019-12-18/74-173/"></FRBRuri>
          <FRBRdate date="2019-12-18" name="adoption"></FRBRdate>
          <FRBRauthor href="ga" as="author"></FRBRauthor>
          <FRBRcountry value="un"></FRBRcountry>
        </FRBRWork>
        <FRBRExpression>
          <FRBRthis value="/akn/un/statement/deliberation/unga/2019-12-18/74-173/fra@!main/"></FRBRthis>
          <FRBRuri value="/akn/un/statement/deliberation/unga/2019-12-18/74-173/fra@/"></FRBRuri>
          <FRBRdate date="2020-01-07" name="publication"></FRBRdate>
          <FRBRauthor href="ga" as="issuer"></FRBRauthor>
          <FRBRlanguage language="fra"></FRBRlanguage>
        </FRBRExpression>
        <FRBRManifestation>
          <FRBRthis value="/akn/un/statement/deliberation/unga/2019-12-18/74-173/fra@/!main.xml"></FRBRthis>
          <FRBRuri value="/akn/un/statement/deliberation/unga/2019-12-18/74-173/fra@.xml"></FRBRuri>
          <FRBRdate date="2020-08-21" name="markup"></FRBRdate>
          <FRBRauthor href="DGACM" as="editor"></FRBRauthor>
        </FRBRManifestation>
      </identification>
      <classification source="http://metadata.un.org/sdg">
        <keyword value="16" href="http://metadata.un.org/sdg/16" showAs="sdg_16" dictionary="SDGO"></keyword>
        <keyword value="right_to_justice" href="http://eurovoc.europa.eu/516" showAs="right_to_justice" dictionary="EuroVoc"></keyword>
        <keyword value="sustainable_development" href="http://eurovoc.europa.eu/5585" showAs="sustainable_development" dictionary="EuroVoc"></keyword>
        <keyword value="civil_society" href="http://metadata.un.org/thesaurus/1001012" showAs="civil_society" dictionary="UNBIS Thesaurus"></keyword>
        <keyword value="justice" href="http://metadata.un.org/thesaurus/1003500" showAs="justice" dictionary="UNBIS Thesaurus"></keyword>
        <keyword value="peaceful_coexistence" href="http://metadata.un.org/thesaurus/1004777" showAs="peaceful_coexistence" dictionary="UNBIS Thesaurus"></keyword>
        <keyword value="public_institutions" href="http://metadata.un.org/thesaurus/1005254" showAs="public_institutions" dictionary="UNBIS Thesaurus"></keyword>
        <keyword value="social_justice" href="http://metadata.un.org/thesaurus/1005970" showAs="social_justice" dictionary="UNBIS Thesaurus"></keyword>
        <keyword value="sustainable_development" href="http://metadata.un.org/thesaurus/1006319" showAs="sustainable_development" dictionary="UNBIS Thesaurus"></keyword>
      </classification>
      <workflow source="#un">
        <step date="2019-09-23" outcome="draftResolution" as="A/C.3/74/L.5" by="submitted by the Chair of the Committee on the recommendation of the Economic and Social Council" />
        <step date="0001-01-01" outcome="draftResolutionAdditionalSponsors" by="" />
        <step date="0001-01-01" outcome="recommendedForAdoption" as="A/74/400" by="" refersTo="29" />
        <step date="2019-12-18" outcome="adopted" as="A/74/PV.50" by="" />
      </workflow>
      <analysis source="#un">
        <parliamentary>
          <voting outcome="adoptedWithoutVote">
            <quorum value=""></quorum>
          </voting>
        </parliamentary>
      </analysis>
      <references source="#DGACM">
        <TLCOrganization eId="source" href="/akn/ontology/organization/un/DGACM" showAs="DGACM"></TLCOrganization>
        <TLCConcept eId="dateOfIssuance" href="/akn/ontology/concept/un/dateOfIssuance" showAs="Date of issuance"></TLCConcept>
        <TLCConcept eId="dateOfAdoption" href="/akn/ontology/concept/un/dateOfAdoption" showAs="Date of adoption"></TLCConcept>
        <TLCConcept eId="symbol" href="/akn/ontology/reference/un/symbol" showAs="Symbol"></TLCConcept>
        <TLCRole eId="publisher" href="/akn/ontology/role/un/publisher" showAs="Publisher"></TLCRole>
        <TLCRole eId="issuingBody" href="/akn/role/concept/un/issuingBody" showAs="Issuing body"></TLCRole>
        <TLCRole eId="author" href="/akn/ontology/role/un/author" showAs="Author"></TLCRole>
        <TLCRole eId="editor" href="/akn/ontology/role/un/editor" showAs="Editor"></TLCRole>
        <TLCRole eId="distribution" href="/akn/ontology/concept/un/generalDistribution" showAs="General distribution"></TLCRole>
        <TLCOrganization eId="ga" href="/akn/ontology/organization/un/generalAssembly" showAs="General Assembly"></TLCOrganization>
        <TLCTerm eId="resolutionTitle" href="/akn/ontology/reference/un/resolutionTitle" showAs="Resolution title"></TLCTerm>
        <TLCTerm eId="thirdCommittee" href="#thirdCommittee" showAs="Troisième Commission"></TLCTerm>
        <TLCTerm eId="memberState" href="/akn/ontology/organization/un/memberState" showAs="Member State"></TLCTerm>
        <TLCTerm eId="inFavour" href="/akn/ontology/concept/un/voting/inFavour" showAs="In favour"></TLCTerm>
        <TLCTerm eId="against" href="/akn/ontology/concept/un/voting/against" showAs="Against"></TLCTerm>
        <TLCTerm eId="abstaining" href="/akn/ontology/concept/un/voting/abstaining" showAs="Abstaining"></TLCTerm>
      </references>
      <presentation source="#un">
        <akn4un:footerFirstPage>
          <akn4un:footerFirstPageLeft>
            <akn4un:internalCode>
              <docketNumber refersTo="#publicationJobNumber">19-22319 (F)</docketNumber>
              <img alt="bar code" class="barCode" src=""></img>
            </akn4un:internalCode>
          </akn4un:footerFirstPageLeft>
          <akn4un:footerFirstPageRight>
            <img alt="Please recycle" class="image" src="./recylcleLogo.jpg"></img>
            <img alt="embedded QR code" class="qrCode" src=""></img>
          </akn4un:footerFirstPageRight>
        </akn4un:footerFirstPage>
      </presentation>
    </meta>
    <coverPage eId="coverPage_1">
      <p>
        <span refersTo="#publisher" class="upperLeft">
          <docAuthority refersTo="#publisher">Nations Unies</docAuthority>
        </span>
      </p>
      <p class="upperRight">
        <docNumber refersTo="#symbol">A/RES/74/173</docNumber>
      </p>
      <p class="upperLeft">
        <img src="logo-un.jpg"></img>
        <docAuthority refersTo="#issuingBody" class="rightBig">Assemblée générale</docAuthority>
      </p>
      <p>
        <docStatus refersTo="#generalDistribution" class="rightSmall">Distr. générale</docStatus>
      </p>
      <p>
        <docDate date="2020-01-07" class="rightSmall" refersTo="#dateOfIssuance">7 janvier 2020</docDate>
      </p>
      <p>
        <session refersTo="#generalAssembly" value="74" eId="coverPage_1__session_1">Soixante-quatorzième session</session>
      </p>
      <p>
        <inline name="agenda item">Point 106 de l’ordre du jour</inline>
      </p>
      <p>
        <inline name="agenda item name">Prévention du crime et justice pénale</inline>
      </p>
      <p>
        <docTitle>Résolution adoptée par l’Assemblée générale le 18 décembre 2019</docTitle>
      </p>
      <p xml:space="preserve">
        <docProponent refersTo="#thirdCommittee">[sur la base du rapport de la Troisième Commission (<inline name="originating document">A/74/400</inline>)]</docProponent>
      </p>
    </coverPage>
    <preface>
      <p>
        <docNumber>74/173.</docNumber>
        <docTitle refersTo="#resolutionTitle">Favoriser l’assistance technique et le renforcement des capacités pour intensifier l’action nationale et la coopération internationale contre la cybercriminalité, y compris l’échange d’informations</docTitle>
      </p>
    </preface>
    <preamble>
      <formula name="enactingFormula" eId="formula_1">
        <p xml:space="preserve">
          <span class="italic">L’Assemblée générale</span>,</p>
      </formula>
      <container name="Rappelant" eId="container_2">
        <p xml:space="preserve">
          <span class="italic">Rappelant</span> sa résolution <a href="https://undocs.org/fr/A/RES/65/230">65/230</a> du 21 décembre 2010, dans laquelle elle a fait sienne la « Déclaration de Salvador sur des stratégies globales pour faire face aux défis mondiaux : les systèmes de prévention du crime et de justice pénale et leur évolution dans un monde en mutation », adoptée par le douzième Congrès des Nations Unies pour la prévention du crime et la justice pénale, et prié la Commission pour la prévention du crime et la justice pénale de créer, conformément au paragraphe 42 de la Déclaration, un groupe intergouvernemental d’experts à composition non limitée chargé de faire une étude approfondie du phénomène de la cybercriminalité et des mesures prises par les États Membres, la communauté internationale et le secteur privé pour y faire face, notamment l’échange d’informations sur les législations nationales, les meilleures pratiques, l’assistance technique et la coopération internationale, en vue d’examiner les options envisageables pour renforcer les mesures juridiques ou autres prises aux échelons national et international contre la cybercriminalité et pour en proposer de nouvelles,</p>
      </container>
      <container name="Rappelant également" eId="container_3">
        <p xml:space="preserve">
          <span class="italic">Rappelant également</span> ses résolutions <a href="https://undocs.org/fr/A/RES/46/152">46/152</a> du 18 décembre 1991, <a href="https://undocs.org/fr/A/RES/60/1">60/1</a> du 16 septembre 2005, <a href="https://undocs.org/fr/A/RES/67/1">67/1</a> du 24 septembre 2012, <a href="https://undocs.org/fr/A/RES/69/193">69/193</a> et <a href="https://undocs.org/fr/A/RES/69/196">69/196</a> du 18 décembre 2014, <a href="https://undocs.org/fr/A/RES/70/178">70/178</a> du 17 décembre 2015, <a href="https://undocs.org/fr/A/RES/71/209">71/209</a> du 19 décembre 2016, <a href="https://undocs.org/fr/A/RES/72/196">72/196</a> du 19 décembre 2017, et <a href="https://undocs.org/fr/A/RES/73/186">73/186</a> et <a href="https://undocs.org/fr/A/RES/73/187">73/187</a> du 17 décembre 2018,</p>
      </container>
      <container name="Rappelant en outre" eId="container_4">
        <p xml:space="preserve">
          <span class="italic">Rappelant en outre</span> sa résolution <a href="https://undocs.org/fr/A/RES/70/174">70/174</a> du 17 décembre 2015, dans laquelle elle a fait sienne la Déclaration de Doha sur l’intégration de la prévention de la criminalité et de la justice pénale dans le programme d’action plus large de l’Organisation des Nations Unies visant à faire face aux problèmes sociaux et économiques et à promouvoir l’état de droit aux niveaux national et international et la participation du public,</p>
      </container>
      <container name="Accueillant avec satisfaction" eId="container_5">
        <p xml:space="preserve">
          <span class="italic">Accueillant avec satisfaction</span> la résolution 26/4 de la Commission pour la prévention du crime et la justice pénale, en date du 26 mai 2017<authorialNote marker="1" placement="bottom" eId="authorialNote_1"><p xml:space="preserve">		Voir <span class="italic">Documents officiels du Conseil économique et social, 2017, Supplément n</span><span class="italic"><sup>o</sup></span><span class="italic"> 10</span> (<a href="https://undocs.org/fr/E/2017/30">E/2017/30</a>), chap. I, sect. D.</p></authorialNote>, dans laquelle la Commission a décidé que le Groupe intergouvernemental d’experts à composition non limitée chargé de réaliser une étude approfondie sur la cybercriminalité consacrerait ses prochaines réunions à l’examen, de manière structurée, de chacun des grands thèmes abordés dans le projet d’étude approfondie sur la cybercriminalité réalisée par l’Office des Nations Unies contre la drogue et le crime sous l’égide du Groupe d’experts, a encouragé ce dernier à formuler d’éventuelles conclusions et recommandations afin qu’elle les examine, et a prié l’Office de recueillir périodiquement des informations sur l’évolution de la situation, les progrès accomplis et les meilleures pratiques recensées,</p>
      </container>
      <container name="Accueillant également avec satisfaction" eId="container_6">
        <p xml:space="preserve">
          <span class="italic">Accueillant également avec satisfaction</span> le plan de travail pour la période 2018‑2021 que le Groupe d’experts a adopté à sa quatrième réunion, tenue à Vienne du 3 au 5 avril 2018,</p>
      </container>
      <container name="Notant" eId="container_7">
        <p xml:space="preserve">
          <span class="italic">Notant</span> que le Groupe d’experts consacrera sa prochaine réunion à la coopération internationale et à la prévention, compte tenu des informations sur ces questions figurant dans le projet d’étude approfondie sur la cybercriminalité, des observations formulées par les États Membres et des faits nouveaux survenus aux niveaux national et international,</p>
      </container>
      <container name="Rappelant" eId="container_8">
        <p xml:space="preserve">
          <span class="italic">Rappelant</span> sa résolution <a href="https://undocs.org/fr/A/RES/73/186">73/186</a>, dans laquelle elle a notamment pris note avec satisfaction de la quatrième réunion du Groupe d’experts et prié les États Membres d’appuyer le plan de travail du Groupe d’experts,</p>
      </container>
      <container name="Rappelant également" eId="container_9">
        <p xml:space="preserve">
          <span class="italic">Rappelant également</span> sa résolution <a href="https://undocs.org/fr/A/RES/73/187">73/187</a>, dans laquelle elle a prié le Secrétaire général de solliciter les vues des États Membres quant aux difficultés qu’ils rencontraient dans la lutte contre l’utilisation des technologies de l’information et des communications à des fins criminelles et de lui présenter un rapport fondé sur ces vues pour examen à sa soixante-quatorzième session,</p>
      </container>
      <container name="Rappelant " eId="container_10">
        <p xml:space="preserve">
          <span class="italic">Rappelant </span>que, dans sa résolution <a href="https://undocs.org/fr/A/RES/73/187">73/187</a>, elle a décidé d’inscrire à l’ordre du jour provisoire de sa soixante-quatorzième session la question intitulée « Lutte contre l’utilisation des technologies de l’information et des communications à des fins criminelles »,</p>
      </container>
      <container name="Soulignant" eId="container_11">
        <p xml:space="preserve">
          <span class="italic">Soulignant</span> qu’il faut renforcer la coordination et la coopération entre les États Membres pour lutter contre la cybercriminalité, notamment en fournissant aux pays en développement qui le demandent une assistance technique pour améliorer la législation nationale et renforcer les capacités des autorités nationales afin de lutter contre la cybercriminalité sous toutes ses formes, y compris de la prévenir, d’en détecter les manifestations, d’enquêter sur celles-ci et d’en poursuivre les auteurs, insistant à cet égard sur le rôle joué en particulier par la Commission pour la prévention du crime et la justice pénale, et réaffirmant l’importance que revêt le respect des droits de la personne et des libertés fondamentales dans l’utilisation des technologies de l’information et de la communication,</p>
      </container>
      <container name="Accueillant avec satisfaction" eId="container_12">
        <p xml:space="preserve">
          <span class="italic">Accueillant avec satisfaction</span> les travaux menés par le Groupe d’experts et l’accent mis sur les débats de fonds entre praticiens et experts des États Membres,</p>
      </container>
      <container name="Notant" eId="container_13">
        <p xml:space="preserve">
          <span class="italic">Notant</span> que la Convention des Nations Unies contre la criminalité transnationale organisée<authorialNote marker="2" placement="bottom" eId="authorialNote_2"><p xml:space="preserve">		Nations Unies, <span class="italic">Recueil des Traités</span>, vol. 2225, n<sup>o</sup> 39574.</p></authorialNote> est un outil qui peut être utilisé par les États parties pour coopérer à l’échelle internationale en vue de prévenir et de combattre la criminalité transnationale organisée et qu’elle peut être utilisée par certains États parties dans des affaires de cybercriminalité,</p>
      </container>
      <container name="Consciente" eId="container_14">
        <p xml:space="preserve">
          <span class="italic">Consciente</span> des difficultés rencontrées par tous les États dans la lutte contre la cybercriminalité, et soulignant qu’il faut renforcer, sur demande et en fonction des besoins nationaux, l’assistance technique et les capacités, en tenant compte des difficultés particulières rencontrées à cet égard par les pays en développement,</p>
      </container>
      <container name="Attendant avec intérêt" eId="container_15">
        <p xml:space="preserve">
          <span class="italic">Attendant avec intérêt</span> les débats devant se tenir pendant le quatorzième Congrès des Nations Unies pour la prévention du crime et la justice pénale consacrés aux questions relatives à la cybercriminalité, notamment aux preuves électroniques,</p>
      </container>
      <container name="Se félicitant " eId="container_16">
        <p xml:space="preserve">
          <span class="italic">Se félicitant </span>des mesures prises par l’Office des Nations Unies contre la drogue et le crime pour faire progresser la mise en œuvre du Programme mondial contre la cybercriminalité et s’acquitter de son mandat consistant à fournir des services d’assistance technique et de renforcement des capacités en matière de cybercriminalité,</p>
      </container>
    </preamble>
    <mainBody>
      <paragraph eId="para_17" class="SingleTxt">
        <num>	1.</num>
        <content eId="para_17__content">
          <p xml:space="preserve">
            <span class="italic">Accueille avec satisfaction</span> les conclusions de la cinquième réunion du Groupe intergouvernemental d’experts à composition non limitée chargé de réaliser une étude approfondie sur la cybercriminalité, tenue à Vienne du 27 au 29 mars 2019 ;</p>
        </content>
      </paragraph>
      <paragraph eId="para_18" class="SingleTxt">
        <num>	2.</num>
        <content eId="para_18__content">
          <p xml:space="preserve">
            <span class="italic">Estime</span> qu’il importe que le Groupe d’experts continue d’échanger des informations sur les législations nationales, les meilleures pratiques, l’assistance technique et la coopération internationale, afin de trouver des moyens de renforcer les mesures juridiques ou autres prises aux niveaux national et international pour lutter contre la cybercriminalité et d’en proposer de nouvelles ;</p>
        </content>
      </paragraph>
      <paragraph eId="para_19" class="SingleTxt">
        <num>	3.</num>
        <content eId="para_19__content">
          <p xml:space="preserve">
            <span class="italic">Note avec satisfaction</span> que le Groupe d’experts formulera, conformément à son plan de travail pour la période 2018-2021, d’éventuelles conclusions et recommandations qu’il présentera à la Commission pour la prévention du crime et la justice pénale ;</p>
        </content>
      </paragraph>
      <paragraph eId="para_20" class="SingleTxt">
        <num>	4.</num>
        <content eId="para_20__content">
          <p xml:space="preserve">
            <span class="italic">Reconnaît</span> que le Groupe d’experts offre un espace de choix pour échanger des informations sur les législations nationales, les meilleures pratiques, l’assistance technique et la coopération internationale, afin de trouver des moyens de renforcer les mesures juridiques ou autres prises aux niveaux national et international pour lutter contre la cybercriminalité et d’en proposer de nouvelles ;</p>
        </content>
      </paragraph>
      <paragraph eId="para_21" class="SingleTxt">
        <num>	5.</num>
        <content eId="para_21__content">
          <p xml:space="preserve">
            <span class="italic">Encourage</span> les États Membres à élaborer et à adopter des mesures pour assurer au niveau national l’efficacité des enquêtes et des poursuites relatives aux affaires de cybercriminalité et aux infractions dans lesquelles les preuves électroniques jouent un rôle important et garantir une coopération internationale efficace à cet égard, dans le respect du droit interne et conformément au droit international applicable, notamment aux instruments internationaux relatifs aux droits de la personne applicables ;</p>
        </content>
      </paragraph>
      <paragraph eId="para_22" class="SingleTxt">
        <num>	6.</num>
        <content eId="para_22__content">
          <p xml:space="preserve">
            <span class="italic">Prie instamment</span> les États Membres d’encourager la formation des agents des services de détection et de répression, des autorités chargées des enquêtes, des procureurs et des juges dans le domaine de la cybercriminalité, notamment en leur permettant d’acquérir les compétences nécessaires en matière de collecte de preuves et de technologies de l’information, et de leur donner les moyens de s’acquitter efficacement de leurs rôles respectifs dans les enquêtes, les poursuites et les jugements ayant trait à la cybercriminalité ;</p>
        </content>
      </paragraph>
      <paragraph eId="para_23" class="SingleTxt">
        <num>	7.</num>
        <content eId="para_23__content">
          <p xml:space="preserve">
            <span class="italic">Encourage</span> les États Membres à s’attacher à fournir aux autorités nationales, sur demande et en fonction des besoins nationaux, une assistance technique et des services de renforcement durable des capacités pour qu’elles soient mieux à même de faire face à la cybercriminalité et à continuer d’échanger des vues sur les expériences concrètes et autres aspects techniques à cet égard ;</p>
        </content>
      </paragraph>
      <paragraph eId="para_24" class="SingleTxt">
        <num>	8.</num>
        <content eId="para_24__content">
          <p xml:space="preserve">
            <span class="italic">Réaffirme</span> que, conformément à la résolution 22/8 de la Commission pour la prévention du crime et la justice pénale, en date du 26 avril 2013<authorialNote marker="3" placement="bottom" eId="authorialNote_3"><p xml:space="preserve">		Voir <span class="italic">Documents officiels du Conseil économique et social, 2013, Supplément n</span><span class="italic"><sup>o</sup></span><span class="italic"> 10</span> et rectificatif (<a href="https://undocs.org/fr/E/2013/30">E/2013/30</a> et <a href="https://undocs.org/fr/E/2013/30/Corr.1">E/2013/30/Corr.1</a>), chap. I, sect. D.</p></authorialNote>, l’Office des Nations Unies contre la drogue et le crime a pour rôle de centraliser les données sur les lois et les enseignements relatifs à la cybercriminalité afin de faciliter l’évaluation continue des besoins et des capacités de la justice pénale ainsi que la prestation et la coordination de l’assistance technique ;</p>
        </content>
      </paragraph>
      <paragraph eId="para_25" class="SingleTxt">
        <num>	9.</num>
        <content eId="para_25__content">
          <p xml:space="preserve">
            <span class="italic">Prie</span> l’Office des Nations Unies contre la drogue et le crime de continuer à recueillir périodiquement des informations sur l’évolution de la situation, les progrès accomplis et les meilleures pratiques recensées et de rendre compte périodiquement de ces informations au Groupe d’experts et à la Commission pour la prévention du crime et la justice pénale ;</p>
        </content>
      </paragraph>
      <paragraph eId="para_26" class="SingleTxt">
        <num>	10.</num>
        <content eId="para_26__content">
          <p xml:space="preserve">
            <span class="italic">Invite</span> le Groupe d’experts à fournir, sur la base de ses travaux, des conseils à l’Office des Nations Unies contre la drogue et le crime, y compris en ce qui concerne le Programme mondial contre la cybercriminalité, afin de l’aider, sans préjudice d’autres questions relevant de son propre mandat, à recenser les besoins urgents en matière de renforcement des capacités et les mesures à prendre pour y répondre efficacement, sans porter atteinte au rôle de la Commission en sa qualité d’organe directeur du programme contre le crime de l’Office ;</p>
        </content>
      </paragraph>
      <paragraph eId="para_27" class="SingleTxt">
        <num>	11.</num>
        <content eId="para_27__content">
          <p xml:space="preserve">
            <span class="italic">Prie</span> l’Office des Nations Unies contre la drogue et le crime de continuer à fournir aux États Membres, sur demande et en fonction de leurs besoins nationaux, une assistance technique et des services de renforcement durable des capacités pour les aider à faire face à la cybercriminalité, par l’intermédiaire du Programme mondial contre la cybercriminalité et, entre autres, de ses bureaux régionaux, en ce qui concerne la prévention, la détection, les enquêtes et les poursuites visant la cybercriminalité sous toutes ses formes, sachant que la coopération avec les États Membres, les organisations internationales et régionales compétentes, le secteur privé, la société civile et les autres parties prenantes peut faciliter cette activité ;</p>
        </content>
      </paragraph>
      <paragraph eId="para_28" class="SingleTxt">
        <num>	12.</num>
        <content eId="para_28__content">
          <p xml:space="preserve">
            <span class="italic">Invite</span> les États Membres à envisager de continuer à coopérer, le cas échéant et de manière transparente et responsable, avec le secteur privé et la société civile en vue d’élaborer des mesures visant à lutter contre la cybercriminalité ;</p>
        </content>
      </paragraph>
      <paragraph eId="para_29" class="SingleTxt">
        <num>	13.</num>
        <content eId="para_29__content">
          <p xml:space="preserve">
            <span class="italic">Invite</span> les États Membres et les autres donateurs à fournir des ressources extrabudgétaires aux fins susmentionnées, conformément aux règles et procédures de l’Organisation des Nations Unies ;</p>
        </content>
      </paragraph>
      <paragraph eId="para_30" class="SingleTxt">
        <num>	14.</num>
        <content eId="para_30__content">
          <p xml:space="preserve">
            <span class="italic">Prie</span> le Secrétaire général de rendre compte à la Commission, à sa vingt‑neuvième session, de l’application de la présente résolution.</p>
        </content>
      </paragraph>
    </mainBody>
    <conclusions eId="conclusions">
      <p>
        <inline name="adoptionMeeting" title="50e">50e séance plénière</inline>
        <eol />
        <docDate date="2019-12-18" refersTo="#adoptionDate">18 décembre 2019</docDate>
      </p>
    </conclusions>
  </statement>
</akomaNtoso>