<akomaNtoso xmlns:xsi="http://www.w3.org/2001/XMLSchema-instance" xsi:schemaLocation="http://docs.oasis-open.org/legaldocml/ns/akn/3.0 http://docs.oasis-open.org/legaldocml/akn-core/v1.0/os/part2-specs/schemas/akomantoso30.xsd" xmlns="http://docs.oasis-open.org/legaldocml/ns/akn/3.0" xmlns:html="http://www.w3.org/1999/xhtml" xmlns:akn4un="http://un.org/akn4un">
  <statement name="resolution">
    <meta>
      <identification source="#DGACM">
        <FRBRWork>
          <FRBRthis value="/akn/un/statement/deliberation/unga/2019-12-13/74-103/!main/"></FRBRthis>
          <FRBRuri value="/akn/un/statement/deliberation/unga/2019-12-13/74-103/"></FRBRuri>
          <FRBRdate date="2019-12-13" name="adoption"></FRBRdate>
          <FRBRauthor href="ga" as="author"></FRBRauthor>
          <FRBRcountry value="un"></FRBRcountry>
        </FRBRWork>
        <FRBRExpression>
          <FRBRthis value="/akn/un/statement/deliberation/unga/2019-12-13/74-103/fra@!main/"></FRBRthis>
          <FRBRuri value="/akn/un/statement/deliberation/unga/2019-12-13/74-103/fra@/"></FRBRuri>
          <FRBRdate date="2019-12-27" name="publication"></FRBRdate>
          <FRBRauthor href="ga" as="issuer"></FRBRauthor>
          <FRBRlanguage language="fra"></FRBRlanguage>
        </FRBRExpression>
        <FRBRManifestation>
          <FRBRthis value="/akn/un/statement/deliberation/unga/2019-12-13/74-103/fra@/!main.xml"></FRBRthis>
          <FRBRuri value="/akn/un/statement/deliberation/unga/2019-12-13/74-103/fra@.xml"></FRBRuri>
          <FRBRdate date="2020-08-28" name="markup"></FRBRdate>
          <FRBRauthor href="DGACM" as="editor"></FRBRauthor>
        </FRBRManifestation>
      </identification>
      <classification source="http://metadata.un.org/sdg">
        <keyword value="3" href="http://metadata.un.org/sdg/3" showAs="sdg_3" dictionary="SDGO"></keyword>
        <keyword value="public_health" href="http://eurovoc.europa.eu/3885" showAs="public_health" dictionary="EuroVoc"></keyword>
        <keyword value="health" href="http://metadata.un.org/thesaurus/1002824" showAs="health" dictionary="UNBIS Thesaurus"></keyword>
      </classification>
      <classification source="http://metadata.un.org/sdg">
        <keyword value="12" href="http://metadata.un.org/sdg/12" showAs="sdg_12" dictionary="SDGO"></keyword>
        <keyword value="consumption" href="http://eurovoc.europa.eu/139" showAs="consumption" dictionary="EuroVoc"></keyword>
        <keyword value="production" href="http://eurovoc.europa.eu/2707" showAs="production" dictionary="EuroVoc"></keyword>
        <keyword value="sustainable_consumption" href="http://metadata.un.org/thesaurus/1006318" showAs="sustainable_consumption" dictionary="UNBIS Thesaurus"></keyword>
        <keyword value="consumption" href="http://metadata.un.org/thesaurus/1001264" showAs="consumption" dictionary="UNBIS Thesaurus"></keyword>
        <keyword value="production" href="http://metadata.un.org/thesaurus/1005146" showAs="production" dictionary="UNBIS Thesaurus"></keyword>
      </classification>
      <classification source="http://metadata.un.org/sdg">
        <keyword value="14" href="http://metadata.un.org/sdg/14" showAs="sdg_14" dictionary="SDGO"></keyword>
        <keyword value="marine_life" href="http://eurovoc.europa.eu/3149" showAs="marine_life" dictionary="EuroVoc"></keyword>
        <keyword value="marine_environment" href="http://eurovoc.europa.eu/5742" showAs="marine_environment" dictionary="EuroVoc"></keyword>
        <keyword value="ocean" href="http://eurovoc.europa.eu/2107" showAs="ocean" dictionary="EuroVoc"></keyword>
        <keyword value="sea" href="http://eurovoc.europa.eu/1870" showAs="sea" dictionary="EuroVoc"></keyword>
        <keyword value="marine_resources" href="http://metadata.un.org/thesaurus/030800" showAs="marine_resources" dictionary="UNBIS Thesaurus"></keyword>
        <keyword value="marine_resources" href="http://metadata.un.org/thesaurus/1003922" showAs="marine_resources" dictionary="UNBIS Thesaurus"></keyword>
        <keyword value="oceans_and_seas" href="http://metadata.un.org/thesaurus/170600" showAs="oceans_and_seas" dictionary="UNBIS Thesaurus"></keyword>
      </classification>
      <workflow source="#un">
        <step date="0001-01-01" outcome="draftResolution" by="submitted by the Special Committee on the Situation with regard to the Implementation of the Declaration on the Granting of Independence to Colonial Countries and Peoples" />
        <step date="0001-01-01" outcome="draftResolutionAdditionalSponsors" by="" />
        <step date="0001-01-01" outcome="recommendedForAdoption" as="A/74/418" by="" refersTo="39" />
        <step date="2019-12-13" outcome="adopted" as="A/74/PV.47" by="" />
      </workflow>
      <analysis source="#un">
        <parliamentary>
          <voting outcome="adoptedWithoutVote">
            <quorum value=""></quorum>
          </voting>
        </parliamentary>
      </analysis>
      <references source="#DGACM">
        <TLCOrganization eId="source" href="/akn/ontology/organization/un/DGACM" showAs="DGACM"></TLCOrganization>
        <TLCConcept eId="dateOfIssuance" href="/akn/ontology/concept/un/dateOfIssuance" showAs="Date of issuance"></TLCConcept>
        <TLCConcept eId="dateOfAdoption" href="/akn/ontology/concept/un/dateOfAdoption" showAs="Date of adoption"></TLCConcept>
        <TLCConcept eId="symbol" href="/akn/ontology/reference/un/symbol" showAs="Symbol"></TLCConcept>
        <TLCRole eId="publisher" href="/akn/ontology/role/un/publisher" showAs="Publisher"></TLCRole>
        <TLCRole eId="issuingBody" href="/akn/role/concept/un/issuingBody" showAs="Issuing body"></TLCRole>
        <TLCRole eId="author" href="/akn/ontology/role/un/author" showAs="Author"></TLCRole>
        <TLCRole eId="editor" href="/akn/ontology/role/un/editor" showAs="Editor"></TLCRole>
        <TLCRole eId="distribution" href="/akn/ontology/concept/un/generalDistribution" showAs="General distribution"></TLCRole>
        <TLCOrganization eId="ga" href="/akn/ontology/organization/un/generalAssembly" showAs="General Assembly"></TLCOrganization>
        <TLCTerm eId="resolutionTitle" href="/akn/ontology/reference/un/resolutionTitle" showAs="Resolution title"></TLCTerm>
        <TLCTerm eId="fourthCommittee" href="#fourthCommittee" showAs="Commission de Politiques spéciales et décolonisation"></TLCTerm>
        <TLCTerm eId="memberState" href="/akn/ontology/organization/un/memberState" showAs="Member State"></TLCTerm>
        <TLCTerm eId="inFavour" href="/akn/ontology/concept/un/voting/inFavour" showAs="In favour"></TLCTerm>
        <TLCTerm eId="against" href="/akn/ontology/concept/un/voting/against" showAs="Against"></TLCTerm>
        <TLCTerm eId="abstaining" href="/akn/ontology/concept/un/voting/abstaining" showAs="Abstaining"></TLCTerm>
      </references>
      <presentation source="#un">
        <akn4un:footerFirstPage>
          <akn4un:footerFirstPageLeft>
            <akn4un:internalCode>
              <docketNumber refersTo="#publicationJobNumber">19-21920 (F)</docketNumber>
              <img alt="bar code" class="barCode" src=""></img>
            </akn4un:internalCode>
          </akn4un:footerFirstPageLeft>
          <akn4un:footerFirstPageRight>
            <img alt="Please recycle" class="image" src="./recylcleLogo.jpg"></img>
            <img alt="embedded QR code" class="qrCode" src=""></img>
          </akn4un:footerFirstPageRight>
        </akn4un:footerFirstPage>
      </presentation>
    </meta>
    <coverPage eId="coverPage_1">
      <p>
        <span refersTo="#publisher" class="upperLeft">
          <docAuthority refersTo="#publisher">Nations Unies</docAuthority>
        </span>
      </p>
      <p class="upperRight">
        <docNumber refersTo="#symbol">A/RES/74/103</docNumber>
      </p>
      <p class="upperLeft">
        <img src="logo-un.jpg"></img>
        <docAuthority refersTo="#issuingBody" class="rightBig">Assemblée générale</docAuthority>
      </p>
      <p>
        <docStatus refersTo="#generalDistribution" class="rightSmall">Distr. générale</docStatus>
      </p>
      <p>
        <docDate date="2019-12-27" class="rightSmall" refersTo="#dateOfIssuance">27 décembre 2019</docDate>
      </p>
      <p>
        <session refersTo="#generalAssembly" value="74" eId="coverPage_1__session_1">Soixante-quatorzième session</session>
      </p>
      <p>
        <inline name="agenda item">Point 59 de l’ordre du jour</inline>
      </p>
      <p>
        <inline name="agenda item name">Application de la Déclaration sur l’octroi de l’indépendance aux pays et aux peuples coloniaux</inline>
      </p>
      <p>
        <docTitle>Résolution adoptée par l’Assemblée générale le 13 décembre 2019</docTitle>
      </p>
      <p xml:space="preserve">
        <docProponent refersTo="#fourthCommittee">[sur la base du rapport de la Commission des questions politiques spéciales et de la décolonisation (Quatrième Commission) (<inline name="originating document">A/74/418</inline>)]</docProponent>
      </p>
    </coverPage>
    <preface>
      <p>
        <docNumber>74/103.</docNumber>
        <docTitle refersTo="#resolutionTitle">Question de la Polynésie française</docTitle>
      </p>
    </preface>
    <preamble>
      <formula name="enactingFormula" eId="formula_1">
        <p xml:space="preserve">
          <span class="italic">L’Assemblée générale</span>,</p>
      </formula>
      <container name="Ayant examiné" eId="container_2">
        <p xml:space="preserve">
          <span class="italic">	Ayant examiné</span> la question de la Polynésie française,</p>
      </container>
      <container name="Ayant également examiné" eId="container_3">
        <p xml:space="preserve">
          <span class="italic">	Ayant également examiné</span> le chapitre du rapport du Comité spécial chargé d’étudier la situation en ce qui concerne l’application de la Déclaration sur l’octroi de l’indépendance aux pays et aux peuples coloniaux sur ses travaux de 2019, qui porte sur la Polynésie française<authorialNote marker="1" placement="bottom" eId="authorialNote_1"><p xml:space="preserve"><span class="italic">Documents officiels de l’Assemblée générale, soixante-quatorzième session, Supplément n</span><span class="italic"><sup>o</sup></span><span class="italic"> 23</span> (<a href="https://undocs.org/fr/A/74/23">A/74/23</a>), chap. IX.</p></authorialNote>,</p>
      </container>
      <container name="Prenant note" eId="container_4">
        <p xml:space="preserve">
          <span class="italic">Prenant note</span> du document de travail établi par le Secrétariat sur la Polynésie française<authorialNote marker="2" placement="bottom" eId="authorialNote_2"><p xml:space="preserve"><a href="https://undocs.org/fr/A/AC.109/2019/7">A/AC.109/2019/7</a>.</p></authorialNote>, ainsi que des autres informations pertinentes,</p>
      </container>
      <container name="Réaffirmant" eId="container_5">
        <p xml:space="preserve">
          <span class="italic">	Réaffirmant</span> le droit des peuples à disposer d’eux-mêmes, tel qu’il est consacré par la Charte des Nations Unies et conformément à toutes ses résolutions sur la question, notamment ses résolutions <a href="https://undocs.org/fr/A/RES/1514 (XV)">1514 (XV)</a> du 14 décembre 1960 et <a href="https://undocs.org/fr/A/RES/1541 (XV)">1541 (XV)</a> du 15 décembre 1960,</p>
      </container>
      <container name="Rappelant" eId="container_6">
        <p xml:space="preserve">
          <span class="italic">	Rappelant</span> sa résolution <a href="https://undocs.org/fr/A/RES/67/265">67/265</a> du 17 mai 2013, intitulée « L’autodétermination de la Polynésie française », dans laquelle elle a affirmé le droit inaliénable du peuple de la Polynésie française à l’autodétermination et à l’indépendance, tel qu’il est consacré au Chapitre XI de la Charte et par sa résolution <a href="https://undocs.org/fr/A/RES/1514 (XV)">1514 (XV)</a>, considéré que la Polynésie française restait un territoire non autonome au sens de la Charte, et déclaré que l’alinéa <span class="italic">e</span> de l’Article 73 de la Charte faisait obligation au Gouvernement français, en sa qualité de Puissance administrante, de communiquer des renseignements sur la Polynésie française,</p>
      </container>
      <container name="Prenant note" eId="container_7">
        <p xml:space="preserve">
          <span class="italic">	Prenant note</span> de la section relative à la Polynésie française figurant dans le Document final de la dix-huitième réunion ministérielle à mi-mandat du Mouvement des pays non alignés, tenue à Bakou du 3 au 6 avril 2018,</p>
      </container>
      <container name="Constatant avec préoccupation" eId="container_8">
        <p xml:space="preserve">
          <span class="italic">	Constatant avec préoccupation</span> que, 59 ans après l’adoption de la Déclaration sur l’octroi de l’indépendance aux pays et aux peuples coloniaux<authorialNote marker="3" placement="bottom" eId="authorialNote_3"><p xml:space="preserve">		Résolution <a href="http://www.undocs.org/fr/a/res/1514(XV)">1514 (XV)</a>.</p></authorialNote>, 17 territoires, dont la Polynésie française, ne sont toujours pas autonomes,</p>
      </container>
      <container name="Considérant" eId="container_9">
        <p xml:space="preserve">
          <span class="italic">	Considérant</span> que toutes les formules possibles d’autodétermination des territoires sont valables dès lors qu’elles correspondent aux vœux librement exprimés des peuples concernés, qu’elles sont déterminées au cas par cas et qu’elles sont conformes aux principes clairement définis dans ses résolutions <a href="https://undocs.org/fr/A/RES/1514 (XV)">1514 (XV)</a> et <a href="https://undocs.org/fr/A/RES/1541 (XV)">1541 (XV)</a> et ses autres résolutions sur la question,</p>
      </container>
      <container name="Considérant également" eId="container_10">
        <p xml:space="preserve">
          <span class="italic">	Considérant également</span> qu’une démarche souple, pragmatique et novatrice des formules d’autodétermination s’impose, au vu des spécificités et des aspirations du peuple de la Polynésie française, indépendamment de la superficie du territoire, de sa situation géographique, de la taille de sa population ou de ses ressources naturelles,</p>
      </container>
      <container name="Réaffirmant " eId="container_11">
        <p xml:space="preserve">
          <span class="italic">	Réaffirmant </span>les droits inaliénables du peuple de la Polynésie française à la propriété, au contrôle et à l’utilisation de ses ressources naturelles, y compris les ressources marines et les minéraux sous-marins,</p>
      </container>
      <container name="Consciente" eId="container_12">
        <p xml:space="preserve">
          <span class="italic">	Consciente</span> qu’il incombe à la Puissance administrante d’assurer l’application intégrale et rapide de la Déclaration en ce qui concerne la Polynésie française,</p>
      </container>
      <container name="Sachant" eId="container_13">
        <p xml:space="preserve">
          <span class="italic">	Sachant</span> qu’il importe, pour que le Comité spécial comprenne mieux la situation politique des peuples des territoires et puisse s’acquitter efficacement de son mandat, au cas par cas, que cet organe soit tenu informé par les puissances administrantes et reçoive des renseignements d’autres sources appropriées, y compris des représentants des territoires, en ce qui concerne les vœux et aspirations des peuples des territoires,</p>
      </container>
      <container name="Consciente" eId="container_14">
        <p xml:space="preserve">
          <span class="italic">	Consciente</span> des importantes retombées sanitaires et environnementales des essais nucléaires pratiqués dans le territoire par la Puissance administrante pendant 30 ans et des inquiétudes que suscitent dans le territoire les conséquences de ces activités sur la vie et la santé des populations, en particulier des enfants et des groupes vulnérables, et sur l’environnement de la région, et gardant à l’esprit sa résolution <a href="https://undocs.org/fr/A/RES/73/261">73/261</a> du 22 décembre 2018 intitulée « Effets des rayonnements ionisants »,</p>
      </container>
      <container name="Rappelant" eId="container_15">
        <p xml:space="preserve">
          <span class="italic">Rappelant</span> le rapport du Secrétaire général sur les retombées environnementales, écologiques, sanitaires et autres des essais nucléaires pratiqués pendant 30 ans en Polynésie française<authorialNote marker="4" placement="bottom" eId="authorialNote_4"><p xml:space="preserve"><a href="https://undocs.org/fr/A/72/74">A/72/74</a>.</p></authorialNote>, établi conformément au paragraphe 7 de sa résolution <a href="https://undocs.org/fr/A/RES/71/120">71/120</a> du 6 décembre 2016,</p>
      </container>
      <container name="Notant" eId="container_16">
        <p xml:space="preserve">
          <span class="italic">Notant</span> qu’en février 2017, la Puissance administrante a modifié la loi relative à la reconnaissance et à l’indemnisation des victimes des essais nucléaires<authorialNote marker="5" placement="bottom" eId="authorialNote_5"><p xml:space="preserve">		Loi n<sup>o</sup> 2010-2 du 5 janvier 2010 relative à la reconnaissance et à l’indemnisation des victimes des essais nucléaires.</p></authorialNote> pour qu’un plus grand nombre de victimes puissent être indemnisées,</p>
      </container>
      <container name="Considérant" eId="container_17">
        <p xml:space="preserve">
          <span class="italic">	Considérant</span> qu’il importe que le Comité spécial veille à ce que les organes compétents de l’Organisation des Nations Unies mènent activement une campagne de sensibilisation afin d’aider les peuples des territoires à mieux comprendre les différentes options en matière d’autodétermination,</p>
      </container>
      <container name="Rappelant" eId="container_18">
        <p xml:space="preserve">
          <span class="italic">	Rappelant</span> l’admission de la Polynésie française comme membre à part entière du Forum des îles du Pacifique à sa quarante-septième session, qui s’est tenue à Pohnpei (États fédérés de Micronésie) du 8 au 10 septembre 2016,</p>
      </container>
      <container name="Prenant note" eId="container_19">
        <p xml:space="preserve">
          <span class="italic">	Prenant note</span> de la déclaration faite par le Président de la Polynésie française devant la Commission des questions politiques spéciales et de la décolonisation (Quatrième Commission) à la soixante-treizième session de l’Assemblée générale, en octobre 2018,</p>
      </container>
      <container name="Prenant note également" eId="container_20">
        <p xml:space="preserve">
          <span class="italic">	Prenant note également</span> de la participation d’un représentant du gouvernement du territoire au séminaire régional qui s’est tenu à Grande Anse (Grenade) du 2 au 4 mai 2019,</p>
      </container>
      <container name="Notant " eId="container_21">
        <p xml:space="preserve">
          <span class="italic">Notant </span>que le Président de la Polynésie française a invité le Comité spécial à envoyer une mission de visite dans le territoire, invitation qui a été renouvelée par son représentant à la session de 2019 du Comité,</p>
      </container>
      <container name="Insistant" eId="container_22">
        <p xml:space="preserve">
          <span class="italic">	Insistant</span> sur l’importance des liens régionaux pour le développement d’un petit territoire insulaire,</p>
      </container>
      <container name="Prenant acte " eId="container_23">
        <p xml:space="preserve">
          <span class="italic">	Prenant acte </span>des élections législatives qui se sont tenues en avril et mai 2018,</p>
      </container>
    </preamble>
    <mainBody>
      <paragraph eId="para_24" class="SingleTxt">
        <num>	1.</num>
        <content eId="para_24__content">
          <p xml:space="preserve">
            <span class="italic">Réaffirme</span> le droit inaliénable du peuple de la Polynésie française à l’autodétermination, conformément à la Charte des Nations Unies et à sa résolution <a href="https://undocs.org/fr/A/RES/1514 (XV)">1514 (XV)</a> contenant la Déclaration sur l’octroi de l’indépendance aux pays et aux peuples coloniaux ;</p>
        </content>
      </paragraph>
      <paragraph eId="para_25" class="SingleTxt">
        <num>	2.</num>
        <content eId="para_25__content">
          <p xml:space="preserve">
            <span class="italic">Réaffirme</span> qu’en fin de compte c’est au peuple de la Polynésie française lui-même qu’il appartient de déterminer librement son futur statut politique, conformément aux dispositions applicables de la Charte, de la Déclaration et de ses résolutions sur la question et, à cet égard, demande à la Puissance administrante d’agir en coopération avec le gouvernement du territoire et les organes compétents du système des Nations Unies pour mettre au point des programmes d’éducation politique dans le territoire afin de faire prendre conscience au peuple de la Polynésie française de son droit à l’autodétermination, compte tenu des différents statuts politiques légitimes envisageables sur la base des principes clairement définis dans sa résolution <a href="https://undocs.org/fr/A/RES/1541 (XV)">1541 (XV)</a> et les autres résolutions et décisions en la matière ;</p>
        </content>
      </paragraph>
      <paragraph eId="para_26" class="SingleTxt">
        <num>	3.</num>
        <content eId="para_26__content">
          <p xml:space="preserve">
            <span class="italic">Rappelle</span> qu’un représentant du gouvernement du territoire a de nouveau demandé, au séminaire régional des Caraïbes de 2019, que la Polynésie française soit retirée de la liste des territoires non autonomes, et prend note de la résolution n<sup>o</sup> 2013‑3 adoptée par l’Assemblée de la Polynésie française le 30 mai 2013, par laquelle cette dernière a retiré sa résolution de 2011 dans laquelle elle demandait la réinscription de la Polynésie française sur la liste ;</p>
        </content>
      </paragraph>
      <paragraph eId="para_27" class="SingleTxt">
        <num>	4.</num>
        <content eId="para_27__content">
          <p xml:space="preserve">
            <span class="italic">Réaffirme</span>, à cet égard, sa résolution <a href="https://undocs.org/fr/A/RES/67/265">67/265</a> portant réinscription de la Polynésie française sur la liste des territoires non autonomes, et prend note avec attention des conclusions d’une évaluation indépendante du niveau d’autonomie du territoire présentées à la Commission des questions politiques spéciales et de la décolonisation (Quatrième Commission) le 4 octobre 2016<authorialNote marker="6" placement="bottom" eId="authorialNote_6"><p xml:space="preserve">		Voir <a href="https://undocs.org/fr/A/C.4/71/SR.3">A/C.4/71/SR.3</a>, par. 71 et 72.</p></authorialNote>, selon lesquelles le territoire ne remplit pas l’ensemble des critères d’autonomie ;</p>
        </content>
      </paragraph>
      <paragraph eId="para_28" class="SingleTxt">
        <num>	5.</num>
        <content eId="para_28__content">
          <p xml:space="preserve">
            <span class="italic">Demande</span> à la Puissance administrante de participer pleinement et de coopérer sans réserve aux travaux du Comité spécial chargé d’étudier la situation en ce qui concerne l’application de la Déclaration sur l’octroi de l’indépendance aux pays et aux peuples coloniaux afin d’assurer l’application des dispositions de l’alinéa <span class="italic">e</span> de l’Article 73 de la Charte ainsi que de la Déclaration et afin de donner au Comité spécial des avis au sujet de l’application des dispositions de l’alinéa <span class="italic">b</span> de l’Article 73 de la Charte relatives au renforcement de la capacité de la Polynésie française de s’administrer elle-même, et encourage la Puissance administrante à faciliter l’envoi de missions de visite et de missions spéciales dans le territoire ;</p>
        </content>
      </paragraph>
      <paragraph eId="para_29" class="SingleTxt">
        <num>	6.</num>
        <content eId="para_29__content">
          <p xml:space="preserve">
            <span class="italic">Demande également </span>à la Puissance administrante de faciliter une mission de visite dans le territoire et prie la Présidente du Comité spécial de prendre toutes les mesures nécessaires à cette fin ;</p>
        </content>
      </paragraph>
      <paragraph eId="para_30" class="SingleTxt">
        <num>	7.</num>
        <content eId="para_30__content">
          <p xml:space="preserve">
            <span class="italic">Déplore</span> que la Puissance administrante n’ait pas donné suite à la demande qui lui avait été faite de soumettre au sujet de la Polynésie française les renseignements visés à l’alinéa <span class="italic">e </span>de l’Article 73 de la Charte depuis que le territoire a été réinscrit sur la liste des territoires non autonomes par l’Assemblée générale en 2013 ;</p>
        </content>
      </paragraph>
      <paragraph eId="para_31" class="SingleTxt">
        <num>	8.</num>
        <content eId="para_31__content">
          <p xml:space="preserve">
            <span class="italic">Réaffirme</span> que le Chapitre XI de la Charte fait obligation à la Puissance administrante de communiquer des renseignements sur la Polynésie française et la prie de les communiquer au Secrétaire général, comme le prescrit la Charte ;</p>
        </content>
      </paragraph>
      <paragraph eId="para_32" class="SingleTxt">
        <num>	9.</num>
        <content eId="para_32__content">
          <p xml:space="preserve">
            <span class="italic">Exhorte</span> la Puissance administrante à garantir la souveraineté permanente du peuple de la Polynésie française sur ses ressources naturelles, y compris les ressources marines et les minéraux sous-marins, conformément à ses résolutions sur la question ;</p>
        </content>
      </paragraph>
      <paragraph eId="para_33" class="SingleTxt">
        <num>	10.</num>
        <content eId="para_33__content">
          <p xml:space="preserve">
            <span class="italic">Prend note </span>des démarches entamées par la Puissance administrante en vue de la reconnaissance et de l’indemnisation des victimes d’essais nucléaires et encourage la Puissance administrante à prendre des mesures à cet effet ;</p>
        </content>
      </paragraph>
      <paragraph eId="para_34" class="SingleTxt">
        <num>	11.</num>
        <content eId="para_34__content">
          <p xml:space="preserve">
            <span class="italic">Prie de nouveau</span> le Secrétaire général de continuer de lui faire part de tout fait nouveau sur les retombées environnementales, écologiques, sanitaires et autres des essais nucléaires pratiqués pendant 30 ans en Polynésie française, comme suite au rapport qu’il a présenté sur cette question<sup>4</sup> conformément au paragraphe 7 de sa résolution <a href="https://undocs.org/fr/A/RES/71/120">71/120</a> ;</p>
        </content>
      </paragraph>
      <paragraph eId="para_35" class="SingleTxt">
        <num>	12.</num>
        <content eId="para_35__content">
          <p xml:space="preserve">
            <span class="italic">Prie</span> la Puissance administrante d’intensifier son dialogue avec la Polynésie française afin de favoriser la mise en place rapide d’un processus d’autodétermination équitable et effectif, dans le cadre duquel seront arrêtés le calendrier et les modalités de l’adoption d’un acte d’autodétermination ;</p>
        </content>
      </paragraph>
      <paragraph eId="para_36" class="SingleTxt">
        <num>	13.</num>
        <content eId="para_36__content">
          <p xml:space="preserve">
            <span class="italic">Prie</span> le Comité spécial de poursuivre l’examen de la question du territoire non autonome de la Polynésie française et de lui présenter un rapport à ce sujet à sa soixante-quinzième session.</p>
        </content>
      </paragraph>
    </mainBody>
    <conclusions eId="conclusions">
      <p>
        <inline name="adoptionMeeting" title="47e">47e séance plénière</inline>
        <eol />
        <docDate date="2019-12-13" refersTo="#adoptionDate">13 décembre 2019</docDate>
      </p>
    </conclusions>
  </statement>
</akomaNtoso>