<akomaNtoso xmlns:xsi="http://www.w3.org/2001/XMLSchema-instance" xsi:schemaLocation="http://docs.oasis-open.org/legaldocml/ns/akn/3.0 http://docs.oasis-open.org/legaldocml/akn-core/v1.0/os/part2-specs/schemas/akomantoso30.xsd" xmlns="http://docs.oasis-open.org/legaldocml/ns/akn/3.0" xmlns:html="http://www.w3.org/1999/xhtml" xmlns:akn4un="http://un.org/akn4un">
  <statement name="resolution">
    <meta>
      <identification source="#DGACM">
        <FRBRWork>
          <FRBRthis value="/akn/un/statement/deliberation/unga/2019-12-18/74-192/!main/"></FRBRthis>
          <FRBRuri value="/akn/un/statement/deliberation/unga/2019-12-18/74-192/"></FRBRuri>
          <FRBRdate date="2019-12-18" name="adoption"></FRBRdate>
          <FRBRauthor href="ga" as="author"></FRBRauthor>
          <FRBRcountry value="un"></FRBRcountry>
        </FRBRWork>
        <FRBRExpression>
          <FRBRthis value="/akn/un/statement/deliberation/unga/2019-12-18/74-192/fra@!main/"></FRBRthis>
          <FRBRuri value="/akn/un/statement/deliberation/unga/2019-12-18/74-192/fra@/"></FRBRuri>
          <FRBRdate date="2019-12-30" name="publication"></FRBRdate>
          <FRBRauthor href="ga" as="issuer"></FRBRauthor>
          <FRBRlanguage language="fra"></FRBRlanguage>
        </FRBRExpression>
        <FRBRManifestation>
          <FRBRthis value="/akn/un/statement/deliberation/unga/2019-12-18/74-192/fra@/!main.xml"></FRBRthis>
          <FRBRuri value="/akn/un/statement/deliberation/unga/2019-12-18/74-192/fra@.xml"></FRBRuri>
          <FRBRdate date="2020-08-28" name="markup"></FRBRdate>
          <FRBRauthor href="DGACM" as="editor"></FRBRauthor>
        </FRBRManifestation>
      </identification>
      <classification source="http://metadata.un.org/sdg">
        <keyword value="16.3" href="http://metadata.un.org/sdg/16.3" showAs="sdg_16.3" dictionary="SDGO"></keyword>
      </classification>
      <classification source="http://metadata.un.org/sdg">
        <keyword value="16.5" href="http://metadata.un.org/sdg/16.5" showAs="sdg_16.5" dictionary="SDGO"></keyword>
      </classification>
      <workflow source="#un">
        <step date="2019-10-30" outcome="draftResolution" as="A/C.6/74/L.6" by="introduced in the Committee by the representative of the Gambia on behalf of the Bureau" />
        <step date="0001-01-01" outcome="draftResolutionAdditionalSponsors" by="" />
        <step date="0001-01-01" outcome="recommendedForAdoption" as="A/74/430" by="" refersTo="9" />
        <step date="2019-12-18" outcome="adopted" as="A/74/PV.51" by="" />
      </workflow>
      <analysis source="#un">
        <parliamentary>
          <voting outcome="adoptedWithoutVote">
            <quorum value=""></quorum>
          </voting>
        </parliamentary>
      </analysis>
      <references source="#DGACM">
        <TLCOrganization eId="source" href="/akn/ontology/organization/un/DGACM" showAs="DGACM"></TLCOrganization>
        <TLCConcept eId="dateOfIssuance" href="/akn/ontology/concept/un/dateOfIssuance" showAs="Date of issuance"></TLCConcept>
        <TLCConcept eId="dateOfAdoption" href="/akn/ontology/concept/un/dateOfAdoption" showAs="Date of adoption"></TLCConcept>
        <TLCConcept eId="symbol" href="/akn/ontology/reference/un/symbol" showAs="Symbol"></TLCConcept>
        <TLCRole eId="publisher" href="/akn/ontology/role/un/publisher" showAs="Publisher"></TLCRole>
        <TLCRole eId="issuingBody" href="/akn/role/concept/un/issuingBody" showAs="Issuing body"></TLCRole>
        <TLCRole eId="author" href="/akn/ontology/role/un/author" showAs="Author"></TLCRole>
        <TLCRole eId="editor" href="/akn/ontology/role/un/editor" showAs="Editor"></TLCRole>
        <TLCRole eId="distribution" href="/akn/ontology/concept/un/generalDistribution" showAs="General distribution"></TLCRole>
        <TLCOrganization eId="ga" href="/akn/ontology/organization/un/generalAssembly" showAs="General Assembly"></TLCOrganization>
        <TLCTerm eId="resolutionTitle" href="/akn/ontology/reference/un/resolutionTitle" showAs="Resolution title"></TLCTerm>
        <TLCTerm eId="sixthCommittee" href="#sixthCommittee" showAs="Sixième Commission"></TLCTerm>
        <TLCTerm eId="memberState" href="/akn/ontology/organization/un/memberState" showAs="Member State"></TLCTerm>
        <TLCTerm eId="inFavour" href="/akn/ontology/concept/un/voting/inFavour" showAs="In favour"></TLCTerm>
        <TLCTerm eId="against" href="/akn/ontology/concept/un/voting/against" showAs="Against"></TLCTerm>
        <TLCTerm eId="abstaining" href="/akn/ontology/concept/un/voting/abstaining" showAs="Abstaining"></TLCTerm>
      </references>
      <presentation source="#un">
        <akn4un:footerFirstPage>
          <akn4un:footerFirstPageLeft>
            <akn4un:internalCode>
              <docketNumber refersTo="#publicationJobNumber">19-22400 (F)</docketNumber>
              <img alt="bar code" class="barCode" src=""></img>
            </akn4un:internalCode>
          </akn4un:footerFirstPageLeft>
          <akn4un:footerFirstPageRight>
            <img alt="Please recycle" class="image" src="./recylcleLogo.jpg"></img>
            <img alt="embedded QR code" class="qrCode" src=""></img>
          </akn4un:footerFirstPageRight>
        </akn4un:footerFirstPage>
      </presentation>
    </meta>
    <coverPage eId="coverPage_1">
      <p>
        <span refersTo="#publisher" class="upperLeft">
          <docAuthority refersTo="#publisher">Nations Unies</docAuthority>
        </span>
      </p>
      <p class="upperRight">
        <docNumber refersTo="#symbol">A/RES/74/192</docNumber>
      </p>
      <p class="upperLeft">
        <img src="logo-un.jpg"></img>
        <docAuthority refersTo="#issuingBody" class="rightBig">Assemblée générale</docAuthority>
      </p>
      <p>
        <docStatus refersTo="#generalDistribution" class="rightSmall">Distr. générale</docStatus>
      </p>
      <p>
        <docDate date="2019-12-30" class="rightSmall" refersTo="#dateOfIssuance">30 décembre 2019</docDate>
      </p>
      <p>
        <session refersTo="#generalAssembly" value="74" eId="coverPage_1__session_1">Soixante-quatorzième session</session>
      </p>
      <p>
        <inline name="agenda item">Point 84 de l’ordre du jour</inline>
      </p>
      <p>
        <inline name="agenda item name">Portée et application du principe de compétence universelle</inline>
      </p>
      <p>
        <docTitle>Résolution adoptée par l’Assemblée générale le 18 décembre 2019</docTitle>
      </p>
      <p xml:space="preserve">
        <docProponent refersTo="#sixthCommittee">[sur la base du rapport de la Sixième Commission (<inline name="originating document">A/74/430</inline>)]</docProponent>
      </p>
    </coverPage>
    <preface>
      <p>
        <docNumber>74/192.</docNumber>
        <docTitle refersTo="#resolutionTitle">Portée et application du principe de compétence universelle</docTitle>
      </p>
    </preface>
    <preamble>
      <formula name="enactingFormula" eId="formula_1">
        <p xml:space="preserve">
          <span class="italic">L’Assemblée générale</span>,</p>
      </formula>
      <container name="Réaffirmant son attachement " eId="container_2">
        <p xml:space="preserve">
          <span class="italic">Réaffirmant son attachement </span>aux buts et aux principes énoncés dans la Charte des Nations Unies, au droit international et à un ordre international fondé sur l’état de droit, qui est indispensable à la coexistence pacifique et à la coopération entre les États,</p>
      </container>
      <container name="Rappelant " eId="container_3">
        <p xml:space="preserve">
          <span class="italic">Rappelant </span>ses résolutions <a href="https://undocs.org/fr/A/RES/64/117">64/117</a> du 16 décembre 2009, <a href="https://undocs.org/fr/A/RES/65/33">65/33</a> du 6 décembre 2010, <a href="https://undocs.org/fr/A/RES/66/103">66/103</a> du 9 décembre 2011, <a href="https://undocs.org/fr/A/RES/67/98">67/98</a> du 14 décembre 2012, <a href="https://undocs.org/fr/A/RES/68/117">68/117</a> du 16 décembre 2013, <a href="https://undocs.org/fr/A/RES/69/124">69/124</a> du 10 décembre 2014, <a href="https://undocs.org/fr/A/RES/70/119">70/119</a> du 14 décembre 2015, <a href="https://undocs.org/fr/A/RES/71/149">71/149</a> du 13 décembre 2016, <a href="https://undocs.org/fr/A/RES/72/120">72/120</a> du 7 décembre 2017 et <a href="https://undocs.org/fr/A/RES/73/208">73/208</a> du 20 décembre 2018,</p>
      </container>
      <container name="Tenant compte " eId="container_4">
        <p xml:space="preserve">
          <span class="italic">Tenant compte </span>des commentaires et observations des États et des observateurs ainsi que des débats tenus à la Sixième Commission lors de ses soixante-quatrième à soixante-quatorzième sessions sur la portée et l’application du principe de compétence universelle<authorialNote marker="1" placement="bottom" eId="authorialNote_1"><p xml:space="preserve">		Voir <a href="https://undocs.org/fr/A/C.6/64/SR.12">A/C.6/64/SR.12</a>, <a href="https://undocs.org/fr/A/C.6/64/SR.13">A/C.6/64/SR.13</a>, <a href="https://undocs.org/fr/A/C.6/64/SR.25">A/C.6/64/SR.25</a>, <a href="https://undocs.org/fr/A/C.6/64/SR.1">A/C.6/64/SR.1</a>-28/Corrigendum, <a href="https://undocs.org/fr/A/C.6/65/SR.10">A/C.6/65/SR.10</a>, <a href="https://undocs.org/fr/A/C.6/65/SR.11">A/C.6/65/SR.11</a>, <a href="https://undocs.org/fr/A/C.6/65/SR.12">A/C.6/65/SR.12</a>, <a href="https://undocs.org/fr/A/C.6/65/SR.27">A/C.6/65/SR.27</a>, <a href="https://undocs.org/fr/A/C.6/65/SR.28">A/C.6/65/SR.28</a>, <a href="https://undocs.org/fr/A/C.6/66/SR.12">A/C.6/66/SR.12</a>, <a href="https://undocs.org/fr/A/C.6/66/SR.13">A/C.6/66/SR.13</a>, <a href="https://undocs.org/fr/A/C.6/66/SR.17">A/C.6/66/SR.17</a>, <a href="https://undocs.org/fr/A/C.6/66/SR.29">A/C.6/66/SR.29</a>, <a href="https://undocs.org/fr/A/C.6/67/SR.12">A/C.6/67/SR.12</a>, <a href="https://undocs.org/fr/A/C.6/67/SR.13">A/C.6/67/SR.13</a>, <a href="https://undocs.org/fr/A/C.6/67/SR.24">A/C.6/67/SR.24</a>, <a href="https://undocs.org/fr/A/C.6/67/SR.25">A/C.6/67/SR.25</a>, <a href="https://undocs.org/fr/A/C.6/68/SR.12">A/C.6/68/SR.12</a>, <a href="https://undocs.org/fr/A/C.6/68/SR.13">A/C.6/68/SR.13</a>, <a href="https://undocs.org/fr/A/C.6/68/SR.14">A/C.6/68/SR.14</a>, <a href="https://undocs.org/fr/A/C.6/68/SR.23">A/C.6/68/SR.23</a>, <a href="https://undocs.org/fr/A/C.6/69/SR.11">A/C.6/69/SR.11</a>, <a href="https://undocs.org/fr/A/C.6/69/SR.12">A/C.6/69/SR.12</a>, <a href="https://undocs.org/fr/A/C.6/69/SR.28">A/C.6/69/SR.28</a>, <a href="https://undocs.org/fr/A/C.6/70/SR.12">A/C.6/70/SR.12</a>, <a href="https://undocs.org/fr/A/C.6/70/SR.13">A/C.6/70/SR.13</a>, <a href="https://undocs.org/fr/A/C.6/70/SR.27">A/C.6/70/SR.27</a>, <a href="https://undocs.org/fr/A/C.6/71/SR.13">A/C.6/71/SR.13</a>, <a href="https://undocs.org/fr/A/C.6/71/SR.14">A/C.6/71/SR.14</a>, <a href="https://undocs.org/fr/A/C.6/71/SR.15">A/C.6/71/SR.15</a>, <a href="https://undocs.org/fr/A/C.6/71/SR.31">A/C.6/71/SR.31</a>, <a href="https://undocs.org/fr/A/C.6/72/SR.13">A/C.6/72/SR.13</a>, <a href="https://undocs.org/fr/A/C.6/72/SR.14">A/C.6/72/SR.14</a>, <a href="https://undocs.org/fr/A/C.6/72/SR.28">A/C.6/72/SR.28</a>, <a href="https://undocs.org/fr/A/C.6/73/SR.10">A/C.6/73/SR.10</a>, <a href="https://undocs.org/fr/A/C.6/73/SR.11">A/C.6/73/SR.11</a>, <a href="https://undocs.org/fr/A/C.6/73/SR.12">A/C.6/73/SR.12</a>, <a href="https://undocs.org/fr/A/C.6/73/SR.33">A/C.6/73/SR.33</a>, <a href="https://undocs.org/fr/A/C.6/74/SR.14">A/C.6/74/SR.14</a>, <a href="https://undocs.org/fr/A/C.6/74/SR.15">A/C.6/74/SR.15</a>, <a href="https://undocs.org/fr/A/C.6/74/SR.16">A/C.6/74/SR.16</a> et <a href="https://undocs.org/fr/A/C.6/74/SR.17">A/C.6/74/SR.17</a>.</p></authorialNote>,</p>
      </container>
      <container name="Notant " eId="container_5">
        <p xml:space="preserve">
          <span class="italic">Notant </span>le dialogue constructif mené à la Sixième Commission, notamment dans le cadre de son groupe de travail, ayant à l’esprit la diversité des points de vue exprimés par les États, notamment les préoccupations formulées concernant l’application abusive ou impropre du principe de compétence universelle, et consciente que, pour progresser, il faut poursuivre à la Sixième Commission le débat sur la portée et l’application de ce principe,</p>
      </container>
      <container name="Se réaffirmant résolue " eId="container_6">
          <p xml:space="preserve">
            <span class="italic">Se réaffirmant résolue</span> à combattre l’impunité et constatant que les États estiment que le meilleur moyen d’assurer la légitimité et la crédibilité du recours à la compétence universelle est d’exercer celle-ci judicieusement et de manière responsable, conformément au droit international,</p>
      </container>
    </preamble>
    <mainBody>
      <paragraph eId="para_7" class="SingleTxt">
        <num>	1.</num>
        <content eId="para_7__content">
          <p xml:space="preserve">
            <span class="italic">Prend note avec satisfaction </span>du rapport établi par le Secrétaire général sur la base des commentaires et observations des États et des observateurs intéressés<authorialNote marker="2" placement="bottom" eId="authorialNote_2"><p xml:space="preserve"><a href="https://undocs.org/fr/A/74/144">A/74/144</a> ; voir également <a href="https://undocs.org/fr/A/65/181">A/65/181</a>, <a href="https://undocs.org/fr/A/66/93">A/66/93</a>, <a href="https://undocs.org/fr/A/66/93/Add.1">A/66/93/Add.1</a>, <a href="https://undocs.org/fr/A/67/116">A/67/116</a>, <a href="https://undocs.org/fr/A/68/113">A/68/113</a>, <a href="https://undocs.org/fr/A/69/174">A/69/174</a>, <a href="https://undocs.org/fr/A/70/125">A/70/125</a>, <a href="https://undocs.org/fr/A/71/111">A/71/111</a>, <a href="https://undocs.org/fr/A/72/112">A/72/112</a>, <a href="https://undocs.org/fr/A/73/123">A/73/123</a> et <a href="https://undocs.org/fr/A/73/123/Add.1">A/73/123/Add.1</a>.</p></authorialNote> ;</p>
        </content>
      </paragraph>
      <paragraph eId="para_8" class="SingleTxt">
        <num>	2.</num>
        <content eId="para_8__content">
          <p xml:space="preserve">
            <span class="italic">Décide </span>que la Sixième Commission continuera d’examiner la portée et l’application de la compétence universelle, sans préjudice de l’examen de ce sujet et de questions connexes dans d’autres instances des Nations Unies, et à cette fin décide de créer, à sa soixante-quinzième session, un groupe de travail de la Sixième Commission pour poursuivre l’examen approfondi de la portée et de l’application de la compétence universelle ;</p>
        </content>
      </paragraph>
      <paragraph eId="para_9" class="SingleTxt">
        <num>	3.</num>
        <content eId="para_9__content">
          <p xml:space="preserve">
            <span class="italic">Invite </span>les États Membres et, le cas échéant, les observateurs de ses débats qui le souhaitent à présenter avant le 24 avril 2020 des informations et des observations sur la portée et l’application de la compétence universelle, notamment, le cas échéant, des informations sur les traités internationaux applicables en la matière, leurs règles de droit interne et la pratique de leurs tribunaux, et prie le Secrétaire général d’établir à partir de ces informations et observations un rapport qu’il lui présentera à sa soixante-quinzième session ;</p>
        </content>
      </paragraph>
      <paragraph eId="para_10" class="SingleTxt">
        <num>	4.</num>
        <content eId="para_10__content">
          <p xml:space="preserve">
            <span class="italic">Décide </span>que le groupe de travail sera ouvert à tous les États Membres et que les observateurs de ses débats qui le souhaitent seront invités à participer aux travaux du groupe ;</p>
        </content>
      </paragraph>
      <paragraph eId="para_11" class="SingleTxt">
        <num>	5.</num>
        <content eId="para_11__content">
          <p xml:space="preserve">
            <span class="italic">Décide</span> d’inscrire à l’ordre du jour provisoire de sa soixante-quinzième session la question intitulée « Portée et application du principe de compétence universelle ».</p>
        </content>
      </paragraph>
    </mainBody>
    <conclusions eId="conclusions">
      <p>
        <inline name="adoptionMeeting" title="51e">51e séance plénière</inline>
        <eol />
        <docDate date="2019-12-18" refersTo="#adoptionDate">18 décembre 2019</docDate>
      </p>
    </conclusions>
  </statement>
</akomaNtoso>