<akomaNtoso xmlns:xsi="http://www.w3.org/2001/XMLSchema-instance" xsi:schemaLocation="http://docs.oasis-open.org/legaldocml/ns/akn/3.0 http://docs.oasis-open.org/legaldocml/akn-core/v1.0/os/part2-specs/schemas/akomantoso30.xsd" xmlns="http://docs.oasis-open.org/legaldocml/ns/akn/3.0" xmlns:html="http://www.w3.org/1999/xhtml" xmlns:akn4un="http://un.org/akn4un">
  <statement name="resolution">
    <meta>
      <identification source="#DGACM">
        <FRBRWork>
          <FRBRthis value="/akn/un/statement/deliberation/unga/2019-12-18/74-188/!main/"></FRBRthis>
          <FRBRuri value="/akn/un/statement/deliberation/unga/2019-12-18/74-188/"></FRBRuri>
          <FRBRdate date="2019-12-18" name="adoption"></FRBRdate>
          <FRBRauthor href="ga" as="author"></FRBRauthor>
          <FRBRcountry value="un"></FRBRcountry>
        </FRBRWork>
        <FRBRExpression>
          <FRBRthis value="/akn/un/statement/deliberation/unga/2019-12-18/74-188/fra@!main/"></FRBRthis>
          <FRBRuri value="/akn/un/statement/deliberation/unga/2019-12-18/74-188/fra@/"></FRBRuri>
          <FRBRdate date="2019-12-30" name="publication"></FRBRdate>
          <FRBRauthor href="ga" as="issuer"></FRBRauthor>
          <FRBRlanguage language="fra"></FRBRlanguage>
        </FRBRExpression>
        <FRBRManifestation>
          <FRBRthis value="/akn/un/statement/deliberation/unga/2019-12-18/74-188/fra@/!main.xml"></FRBRthis>
          <FRBRuri value="/akn/un/statement/deliberation/unga/2019-12-18/74-188/fra@.xml"></FRBRuri>
          <FRBRdate date="2020-08-28" name="markup"></FRBRdate>
          <FRBRauthor href="DGACM" as="editor"></FRBRauthor>
        </FRBRManifestation>
      </identification>
      <workflow source="#un">
        <step date="2019-11-12" outcome="draftResolution" as="A/C.6/74/L.17" by="introduced in the Committee by the representative of South Africa on behalf of the Bureau" />
        <step date="0001-01-01" outcome="draftResolutionAdditionalSponsors" by="" />
        <step date="0001-01-01" outcome="recommendedForAdoption" as="A/74/426" by="" refersTo="9" />
        <step date="2019-12-18" outcome="adopted" as="A/74/PV.51" by="" />
      </workflow>
      <analysis source="#un">
        <parliamentary>
          <voting outcome="adoptedWithoutVote">
            <quorum value=""></quorum>
          </voting>
        </parliamentary>
      </analysis>
      <references source="#DGACM">
        <TLCOrganization eId="source" href="/akn/ontology/organization/un/DGACM" showAs="DGACM"></TLCOrganization>
        <TLCConcept eId="dateOfIssuance" href="/akn/ontology/concept/un/dateOfIssuance" showAs="Date of issuance"></TLCConcept>
        <TLCConcept eId="dateOfAdoption" href="/akn/ontology/concept/un/dateOfAdoption" showAs="Date of adoption"></TLCConcept>
        <TLCConcept eId="symbol" href="/akn/ontology/reference/un/symbol" showAs="Symbol"></TLCConcept>
        <TLCRole eId="publisher" href="/akn/ontology/role/un/publisher" showAs="Publisher"></TLCRole>
        <TLCRole eId="issuingBody" href="/akn/role/concept/un/issuingBody" showAs="Issuing body"></TLCRole>
        <TLCRole eId="author" href="/akn/ontology/role/un/author" showAs="Author"></TLCRole>
        <TLCRole eId="editor" href="/akn/ontology/role/un/editor" showAs="Editor"></TLCRole>
        <TLCRole eId="distribution" href="/akn/ontology/concept/un/generalDistribution" showAs="General distribution"></TLCRole>
        <TLCOrganization eId="ga" href="/akn/ontology/organization/un/generalAssembly" showAs="General Assembly"></TLCOrganization>
        <TLCTerm eId="resolutionTitle" href="/akn/ontology/reference/un/resolutionTitle" showAs="Resolution title"></TLCTerm>
        <TLCTerm eId="sixthCommittee" href="#sixthCommittee" showAs="Sixième Commission"></TLCTerm>
        <TLCTerm eId="memberState" href="/akn/ontology/organization/un/memberState" showAs="Member State"></TLCTerm>
        <TLCTerm eId="inFavour" href="/akn/ontology/concept/un/voting/inFavour" showAs="In favour"></TLCTerm>
        <TLCTerm eId="against" href="/akn/ontology/concept/un/voting/against" showAs="Against"></TLCTerm>
        <TLCTerm eId="abstaining" href="/akn/ontology/concept/un/voting/abstaining" showAs="Abstaining"></TLCTerm>
      </references>
      <presentation source="#un">
        <akn4un:footerFirstPage>
          <akn4un:footerFirstPageLeft>
            <akn4un:internalCode>
              <docketNumber refersTo="#publicationJobNumber">19-22396 (F)</docketNumber>
              <img alt="bar code" class="barCode" src=""></img>
            </akn4un:internalCode>
          </akn4un:footerFirstPageLeft>
          <akn4un:footerFirstPageRight>
            <img alt="Please recycle" class="image" src="./recylcleLogo.jpg"></img>
            <img alt="embedded QR code" class="qrCode" src=""></img>
          </akn4un:footerFirstPageRight>
        </akn4un:footerFirstPage>
      </presentation>
    </meta>
    <coverPage eId="coverPage_1">
      <p>
        <span refersTo="#publisher" class="upperLeft">
          <docAuthority refersTo="#publisher">Nations Unies</docAuthority>
        </span>
      </p>
      <p class="upperRight">
        <docNumber refersTo="#symbol">A/RES/74/188</docNumber>
      </p>
      <p class="upperLeft">
        <img src="logo-un.jpg"></img>
        <docAuthority refersTo="#issuingBody" class="rightBig">Assemblée générale</docAuthority>
      </p>
      <p>
        <docStatus refersTo="#generalDistribution" class="rightSmall">Distr. générale</docStatus>
      </p>
      <p>
        <docDate date="2019-12-30" class="rightSmall" refersTo="#dateOfIssuance">30 décembre 2019</docDate>
      </p>
      <p>
        <session refersTo="#generalAssembly" value="74" eId="coverPage_1__session_1">Soixante-quatorzième session</session>
      </p>
      <p>
        <inline name="agenda item">Point 80 de l’ordre du jour</inline>
      </p>
      <p>
        <inline name="agenda item name">Protection diplomatique</inline>
      </p>
      <p>
        <docTitle>Résolution adoptée par l’Assemblée générale le 18 décembre 2019</docTitle>
      </p>
      <p xml:space="preserve">
        <docProponent refersTo="#sixthCommittee">[sur la base du rapport de la Sixième Commission (<inline name="originating document">A/74/426</inline>)]</docProponent>
      </p>
    </coverPage>
    <preface>
      <p>
        <docNumber>74/188.</docNumber>
        <docTitle refersTo="#resolutionTitle">Protection diplomatique</docTitle>
      </p>
    </preface>
    <preamble>
      <formula name="enactingFormula" eId="formula_1">
        <p xml:space="preserve">
          <span class="italic">L’Assemblée générale</span>,</p>
      </formula>
      <container name="Rappelant" eId="container_2">
        <p xml:space="preserve">
          <span class="italic">Rappelant</span> que, dans sa résolution <a href="https://undocs.org/fr/A/RES/62/67">62/67</a> du 6 décembre 2007, à laquelle était annexé le texte des articles sur la protection diplomatique, elle a recommandé ces articles à l’attention des États,</p>
      </container>
      <container name="Rappelant" eId="container_3">
        <p xml:space="preserve">
          <span class="italic">Rappelant</span> la décision de la Commission du droit international lui recommandant que soit élaborée une convention sur la base des articles sur la protection diplomatique<authorialNote marker="1" placement="bottom" eId="authorialNote_1"><p xml:space="preserve"><span class="italic">		Documents officiels de l’Assemblée générale, soixante et unième session, Supplément n</span><span class="italic"><sup>o</sup></span><span class="italic"> 10</span> (<a href="https://undocs.org/fr/A/61/10">A/61/10</a>), par. 46.</p></authorialNote>,</p>
      </container>
      <container name="Soulignant" eId="container_4">
        <p xml:space="preserve">
          <span class="italic">Soulignant</span> que la codification et le développement progressif du droit international, envisagés à l’alinéa <span class="italic">a</span> du paragraphe 1 de l’Article 13 de la Charte des Nations Unies, conservent toute leur importance,</p>
      </container>
      <container name="Notant" eId="container_5">
        <p xml:space="preserve">
          <span class="italic">Notant</span> que la question de la protection diplomatique est de toute première importance pour les relations entre les États,</p>
      </container>
      <container name="Prenant en considération" eId="container_6">
        <p xml:space="preserve">
          <span class="italic">Prenant en considération</span> les commentaires et observations des États<authorialNote marker="2" placement="bottom" eId="authorialNote_2"><p xml:space="preserve">		Voir <a href="https://undocs.org/fr/A/62/118">A/62/118</a>, <a href="https://undocs.org/fr/A/62/118/Add.1">A/62/118/Add.1</a>, <a href="https://undocs.org/fr/A/65/182">A/65/182</a>, <a href="https://undocs.org/fr/A/65/182/Add.1">A/65/182/Add.1</a>, <a href="https://undocs.org/fr/A/68/115">A/68/115</a>, <a href="https://undocs.org/fr/A/68/115/Add.1">A/68/115/Add.1</a>, <a href="https://undocs.org/fr/A/71/93">A/71/93</a>, <a href="https://undocs.org/fr/A/71/93/Corr.1">A/71/93/Corr.1</a> et <a href="https://undocs.org/fr/A/74/143">A/74/143</a>.</p></authorialNote> ainsi que les débats sur la protection diplomatique tenus lors de ses soixante-deuxième, soixante-cinquième, soixante-huitième, soixante et onzième et soixante-quatorzième sessions par la Sixième Commission,</p>
      </container>
    </preamble>
    <mainBody>
      <paragraph eId="para_7" class="SingleTxt">
        <num>	1.</num>
        <content eId="para_7__content">
          <p xml:space="preserve">
            <span class="italic">Recommande à nouveau</span> les articles sur la protection diplomatique<authorialNote marker="3" placement="bottom" eId="authorialNote_3"><p xml:space="preserve">		Résolution <a href="https://undocs.org/fr/A/RES/62/67">62/67</a>, annexe.</p></authorialNote> à l’attention des États, et invite ceux-ci à adresser par écrit au Secrétaire général toute observation supplémentaire qu’ils auraient à formuler, notamment à propos de la recommandation de la Commission du droit international concernant l’élaboration d’une convention sur la base des articles<sup>1</sup> ;</p>
        </content>
      </paragraph>
      <paragraph eId="para_8" class="SingleTxt">
        <num>	2.</num>
        <content eId="para_8__content">
          <p xml:space="preserve">
            <span class="italic">Décide</span> d’inscrire à l’ordre du jour provisoire de sa soixante-dix-septième session la question intitulée « Protection diplomatique », et invite les États, dans leurs déclarations, à s’intéresser en particulier, compte tenu des observations écrites soumises au Secrétaire général et des opinions exprimées lors des débats tenus à ses soixante-deuxième, soixante-cinquième, soixante-huitième, soixante et onzième et soixante-quatorzième sessions, à la question d’une convention sur la protection diplomatique fondée sur les articles susmentionnés, ou à indiquer toute autre suite qu’il conviendrait de donner à ces articles, et à préciser également toute divergence d’opinions sur ces articles.</p>
        </content>
      </paragraph>
    </mainBody>
    <conclusions eId="conclusions">
      <p>
        <inline name="adoptionMeeting" title="51e">51e séance plénière</inline>
        <eol />
        <docDate date="2019-12-18" refersTo="#adoptionDate">18 décembre 2019</docDate>
      </p>
    </conclusions>
  </statement>
</akomaNtoso>