<akomaNtoso xmlns:xsi="http://www.w3.org/2001/XMLSchema-instance" xsi:schemaLocation="http://docs.oasis-open.org/legaldocml/ns/akn/3.0 http://docs.oasis-open.org/legaldocml/akn-core/v1.0/os/part2-specs/schemas/akomantoso30.xsd" xmlns="http://docs.oasis-open.org/legaldocml/ns/akn/3.0" xmlns:html="http://www.w3.org/1999/xhtml" xmlns:akn4un="http://un.org/akn4un">
  <statement name="resolution">
    <meta>
      <identification source="#DGACM">
        <FRBRWork>
          <FRBRthis value="/akn/un/statement/deliberation/unga/2019-12-09/74-17/!main/"></FRBRthis>
          <FRBRuri value="/akn/un/statement/deliberation/unga/2019-12-09/74-17/"></FRBRuri>
          <FRBRdate date="2019-12-09" name="adoption"></FRBRdate>
          <FRBRauthor href="ga" as="author"></FRBRauthor>
          <FRBRcountry value="un"></FRBRcountry>
        </FRBRWork>
        <FRBRExpression>
          <FRBRthis value="/akn/un/statement/deliberation/unga/2019-12-09/74-17/fra@!main/"></FRBRthis>
          <FRBRuri value="/akn/un/statement/deliberation/unga/2019-12-09/74-17/fra@/"></FRBRuri>
          <FRBRdate date="2019-12-13" name="publication"></FRBRdate>
          <FRBRauthor href="ga" as="issuer"></FRBRauthor>
          <FRBRlanguage language="fra"></FRBRlanguage>
        </FRBRExpression>
        <FRBRManifestation>
          <FRBRthis value="/akn/un/statement/deliberation/unga/2019-12-09/74-17/fra@/!main.xml"></FRBRthis>
          <FRBRuri value="/akn/un/statement/deliberation/unga/2019-12-09/74-17/fra@.xml"></FRBRuri>
          <FRBRdate date="2020-08-19" name="markup"></FRBRdate>
          <FRBRauthor href="DGACM" as="editor"></FRBRauthor>
        </FRBRManifestation>
      </identification>
      <classification source="http://metadata.un.org/sdg">
        <keyword value="3" href="http://metadata.un.org/sdg/3" showAs="sdg_3" dictionary="SDGO"></keyword>
        <keyword value="public_health" href="http://eurovoc.europa.eu/3885" showAs="public_health" dictionary="EuroVoc"></keyword>
        <keyword value="health" href="http://metadata.un.org/thesaurus/1002824" showAs="health" dictionary="UNBIS Thesaurus"></keyword>
      </classification>
      <classification source="http://metadata.un.org/sdg">
        <keyword value="4" href="http://metadata.un.org/sdg/4" showAs="sdg_4" dictionary="SDGO"></keyword>
        <keyword value="education" href="http://eurovoc.europa.eu/668" showAs="education" dictionary="EuroVoc"></keyword>
        <keyword value="right_to_education" href="http://eurovoc.europa.eu/512" showAs="right_to_education" dictionary="EuroVoc"></keyword>
        <keyword value="education" href="http://metadata.un.org/thesaurus/1001893" showAs="education" dictionary="UNBIS Thesaurus"></keyword>
      </classification>
      <classification source="http://metadata.un.org/sdg">
        <keyword value="16" href="http://metadata.un.org/sdg/16" showAs="sdg_16" dictionary="SDGO"></keyword>
        <keyword value="right_to_justice" href="http://eurovoc.europa.eu/516" showAs="right_to_justice" dictionary="EuroVoc"></keyword>
        <keyword value="sustainable_development" href="http://eurovoc.europa.eu/5585" showAs="sustainable_development" dictionary="EuroVoc"></keyword>
        <keyword value="civil_society" href="http://metadata.un.org/thesaurus/1001012" showAs="civil_society" dictionary="UNBIS Thesaurus"></keyword>
        <keyword value="justice" href="http://metadata.un.org/thesaurus/1003500" showAs="justice" dictionary="UNBIS Thesaurus"></keyword>
        <keyword value="peaceful_coexistence" href="http://metadata.un.org/thesaurus/1004777" showAs="peaceful_coexistence" dictionary="UNBIS Thesaurus"></keyword>
        <keyword value="public_institutions" href="http://metadata.un.org/thesaurus/1005254" showAs="public_institutions" dictionary="UNBIS Thesaurus"></keyword>
        <keyword value="social_justice" href="http://metadata.un.org/thesaurus/1005970" showAs="social_justice" dictionary="UNBIS Thesaurus"></keyword>
        <keyword value="sustainable_development" href="http://metadata.un.org/thesaurus/1006319" showAs="sustainable_development" dictionary="UNBIS Thesaurus"></keyword>
      </classification>
      <classification source="http://metadata.un.org/sdg">
        <keyword value="17" href="http://metadata.un.org/sdg/17" showAs="sdg_17" dictionary="SDGO"></keyword>
        <keyword value="sustainable_development" href="http://eurovoc.europa.eu/5585" showAs="sustainable_development" dictionary="EuroVoc"></keyword>
        <keyword value="partnership" href="http://eurovoc.europa.eu/4199" showAs="partnership" dictionary="EuroVoc"></keyword>
        <keyword value="sustainable_development" href="http://metadata.un.org/thesaurus/1006319" showAs="sustainable_development" dictionary="UNBIS Thesaurus"></keyword>
        <keyword value="partnership" href="http://metadata.un.org/thesaurus/1004748" showAs="partnership" dictionary="UNBIS Thesaurus"></keyword>
      </classification>
      <workflow source="#un">
        <step date="2019-12-02" outcome="draftResolution" as="A/74/L.12/Rev.1" by="Albania, Australia, Austria, Belgium, Bulgaria, Canada, Croatia, Czechia, Denmark, Estonia, Finland, France, Georgia, Germany, Greece, Hungary, Iceland, Ireland, Italy, Latvia, Lithuania, Luxembourg, Malta, Montenegro, Netherlands, North Macedonia, Norway, Poland, Portugal, Republic of  Moldova, Romania, Slovakia, Slovenia, Spain, Sweden, Turkey, Ukraine, United Kingdom of Great Britain and Northern Ireland and United States of America" />
        <step date="0001-01-01" outcome="draftResolutionAdditionalSponsors" by="Liechtenstein, Marshall Islands and New Zealand" />
        <step date="0001-01-01" outcome="recommendedForAdoption" by="" />
        <step date="2019-12-09" outcome="adopted" as="A/74/PV.41" by="" />
      </workflow>
      <analysis source="#un">
        <parliamentary>
          <voting outcome="adoptedRecordedVote">
            <count value="63" refersTo="inFavour">
              <akn4un:voters>
                <organization refersTo="memberState">ALBANIA</organization>
                <organization refersTo="memberState">ANDORRA</organization>
                <organization refersTo="memberState">AUSTRALIA</organization>
                <organization refersTo="memberState">AUSTRIA</organization>
                <organization refersTo="memberState">BAHAMAS</organization>
                <organization refersTo="memberState">BARBADOS</organization>
                <organization refersTo="memberState">BELGIUM</organization>
                <organization refersTo="memberState">BELIZE</organization>
                <organization refersTo="memberState">BULGARIA</organization>
                <organization refersTo="memberState">CANADA</organization>
                <organization refersTo="memberState">CROATIA</organization>
                <organization refersTo="memberState">CYPRUS</organization>
                <organization refersTo="memberState">CZECHIA</organization>
                <organization refersTo="memberState">DENMARK</organization>
                <organization refersTo="memberState">DJIBOUTI</organization>
                <organization refersTo="memberState">EL SALVADOR</organization>
                <organization refersTo="memberState">ESTONIA</organization>
                <organization refersTo="memberState">FINLAND</organization>
                <organization refersTo="memberState">FRANCE</organization>
                <organization refersTo="memberState">GEORGIA</organization>
                <organization refersTo="memberState">GERMANY</organization>
                <organization refersTo="memberState">GREECE</organization>
                <organization refersTo="memberState">GUATEMALA</organization>
                <organization refersTo="memberState">GUYANA</organization>
                <organization refersTo="memberState">HAITI</organization>
                <organization refersTo="memberState">HONDURAS</organization>
                <organization refersTo="memberState">HUNGARY</organization>
                <organization refersTo="memberState">ICELAND</organization>
                <organization refersTo="memberState">IRELAND</organization>
                <organization refersTo="memberState">ISRAEL</organization>
                <organization refersTo="memberState">ITALY</organization>
                <organization refersTo="memberState">JAPAN</organization>
                <organization refersTo="memberState">LATVIA</organization>
                <organization refersTo="memberState">LIECHTENSTEIN</organization>
                <organization refersTo="memberState">LITHUANIA</organization>
                <organization refersTo="memberState">LUXEMBOURG</organization>
                <organization refersTo="memberState">MALTA</organization>
                <organization refersTo="memberState">MARSHALL ISLANDS</organization>
                <organization refersTo="memberState">MICRONESIA (FEDERATED STATES OF)</organization>
                <organization refersTo="memberState">MONACO</organization>
                <organization refersTo="memberState">MONTENEGRO</organization>
                <organization refersTo="memberState">NETHERLANDS</organization>
                <organization refersTo="memberState">NEW ZEALAND</organization>
                <organization refersTo="memberState">NORTH MACEDONIA</organization>
                <organization refersTo="memberState">NORWAY</organization>
                <organization refersTo="memberState">PAPUA NEW GUINEA</organization>
                <organization refersTo="memberState">POLAND</organization>
                <organization refersTo="memberState">PORTUGAL</organization>
                <organization refersTo="memberState">REPUBLIC OF MOLDOVA</organization>
                <organization refersTo="memberState">ROMANIA</organization>
                <organization refersTo="memberState">SAN MARINO</organization>
                <organization refersTo="memberState">SINGAPORE</organization>
                <organization refersTo="memberState">SLOVAKIA</organization>
                <organization refersTo="memberState">SLOVENIA</organization>
                <organization refersTo="memberState">SPAIN</organization>
                <organization refersTo="memberState">SWEDEN</organization>
                <organization refersTo="memberState">SWITZERLAND</organization>
                <organization refersTo="memberState">TURKEY</organization>
                <organization refersTo="memberState">UKRAINE</organization>
                <organization refersTo="memberState">UNITED KINGDOM</organization>
                <organization refersTo="memberState">UNITED STATES</organization>
                <organization refersTo="memberState">VANUATU</organization>
                <organization refersTo="memberState">ZAMBIA</organization>
              </akn4un:voters>
            </count>
            <count value="19" refersTo="against">
              <akn4un:voters>
                <organization refersTo="memberState">ARMENIA</organization>
                <organization refersTo="memberState">BELARUS</organization>
                <organization refersTo="memberState">BURUNDI</organization>
                <organization refersTo="memberState">CAMBODIA</organization>
                <organization refersTo="memberState">CHINA</organization>
                <organization refersTo="memberState">CUBA</organization>
                <organization refersTo="memberState">DEMOCRATIC PEOPLE'S REPUBLIC OF KOREA</organization>
                <organization refersTo="memberState">IRAN (ISLAMIC REPUBLIC OF)</organization>
                <organization refersTo="memberState">KYRGYZSTAN</organization>
                <organization refersTo="memberState">LAO PEOPLE'S DEMOCRATIC REPUBLIC</organization>
                <organization refersTo="memberState">MYANMAR</organization>
                <organization refersTo="memberState">NICARAGUA</organization>
                <organization refersTo="memberState">PHILIPPINES</organization>
                <organization refersTo="memberState">RUSSIAN FEDERATION</organization>
                <organization refersTo="memberState">SERBIA</organization>
                <organization refersTo="memberState">SUDAN</organization>
                <organization refersTo="memberState">SYRIAN ARAB REPUBLIC</organization>
                <organization refersTo="memberState">VENEZUELA (BOLIVARIAN REPUBLIC OF)</organization>
                <organization refersTo="memberState">ZIMBABWE</organization>
              </akn4un:voters>
            </count>
            <count value="66" refersTo="abstaining">
              <akn4un:voters>
                <organization refersTo="memberState">ALGERIA</organization>
                <organization refersTo="memberState">ANGOLA</organization>
                <organization refersTo="memberState">ARGENTINA</organization>
                <organization refersTo="memberState">BAHRAIN</organization>
                <organization refersTo="memberState">BANGLADESH</organization>
                <organization refersTo="memberState">BHUTAN</organization>
                <organization refersTo="memberState">BOLIVIA (PLURINATIONAL STATE OF)</organization>
                <organization refersTo="memberState">BOSNIA AND HERZEGOVINA</organization>
                <organization refersTo="memberState">BRAZIL</organization>
                <organization refersTo="memberState">BRUNEI DARUSSALAM</organization>
                <organization refersTo="memberState">CAMEROON</organization>
                <organization refersTo="memberState">CENTRAL AFRICAN REPUBLIC</organization>
                <organization refersTo="memberState">CHAD</organization>
                <organization refersTo="memberState">CHILE</organization>
                <organization refersTo="memberState">COLOMBIA</organization>
                <organization refersTo="memberState">COTE D'IVOIRE</organization>
                <organization refersTo="memberState">DOMINICAN REPUBLIC</organization>
                <organization refersTo="memberState">ECUADOR</organization>
                <organization refersTo="memberState">EGYPT</organization>
                <organization refersTo="memberState">ERITREA</organization>
                <organization refersTo="memberState">ETHIOPIA</organization>
                <organization refersTo="memberState">FIJI</organization>
                <organization refersTo="memberState">GHANA</organization>
                <organization refersTo="memberState">GRENADA</organization>
                <organization refersTo="memberState">INDIA</organization>
                <organization refersTo="memberState">INDONESIA</organization>
                <organization refersTo="memberState">IRAQ</organization>
                <organization refersTo="memberState">JAMAICA</organization>
                <organization refersTo="memberState">KAZAKHSTAN</organization>
                <organization refersTo="memberState">KIRIBATI</organization>
                <organization refersTo="memberState">KUWAIT</organization>
                <organization refersTo="memberState">LIBYA</organization>
                <organization refersTo="memberState">MALAYSIA</organization>
                <organization refersTo="memberState">MALDIVES</organization>
                <organization refersTo="memberState">MEXICO</organization>
                <organization refersTo="memberState">MONGOLIA</organization>
                <organization refersTo="memberState">MOZAMBIQUE</organization>
                <organization refersTo="memberState">NAMIBIA</organization>
                <organization refersTo="memberState">NAURU</organization>
                <organization refersTo="memberState">NEPAL</organization>
                <organization refersTo="memberState">NIGERIA</organization>
                <organization refersTo="memberState">OMAN</organization>
                <organization refersTo="memberState">PAKISTAN</organization>
                <organization refersTo="memberState">PALAU</organization>
                <organization refersTo="memberState">PARAGUAY</organization>
                <organization refersTo="memberState">PERU</organization>
                <organization refersTo="memberState">QATAR</organization>
                <organization refersTo="memberState">REPUBLIC OF KOREA</organization>
                <organization refersTo="memberState">SAINT LUCIA</organization>
                <organization refersTo="memberState">SAINT VINCENT AND THE GRENADINES</organization>
                <organization refersTo="memberState">SAMOA</organization>
                <organization refersTo="memberState">SAUDI ARABIA</organization>
                <organization refersTo="memberState">SENEGAL</organization>
                <organization refersTo="memberState">SOLOMON ISLANDS</organization>
                <organization refersTo="memberState">SOUTH AFRICA</organization>
                <organization refersTo="memberState">SRI LANKA</organization>
                <organization refersTo="memberState">SURINAME</organization>
                <organization refersTo="memberState">THAILAND</organization>
                <organization refersTo="memberState">TOGO</organization>
                <organization refersTo="memberState">TRINIDAD AND TOBAGO</organization>
                <organization refersTo="memberState">TUNISIA</organization>
                <organization refersTo="memberState">UGANDA</organization>
                <organization refersTo="memberState">UNITED ARAB EMIRATES</organization>
                <organization refersTo="memberState">URUGUAY</organization>
                <organization refersTo="memberState">VIET NAM</organization>
                <organization refersTo="memberState">YEMEN</organization>
              </akn4un:voters>
            </count>
          </voting>
        </parliamentary>
      </analysis>
      <references source="#DGACM">
        <TLCOrganization eId="source" href="/akn/ontology/organization/un/DGACM" showAs="DGACM"></TLCOrganization>
        <TLCConcept eId="dateOfIssuance" href="/akn/ontology/concept/un/dateOfIssuance" showAs="Date of issuance"></TLCConcept>
        <TLCConcept eId="dateOfAdoption" href="/akn/ontology/concept/un/dateOfAdoption" showAs="Date of adoption"></TLCConcept>
        <TLCConcept eId="symbol" href="/akn/ontology/reference/un/symbol" showAs="Symbol"></TLCConcept>
        <TLCRole eId="publisher" href="/akn/ontology/role/un/publisher" showAs="Publisher"></TLCRole>
        <TLCRole eId="issuingBody" href="/akn/role/concept/un/issuingBody" showAs="Issuing body"></TLCRole>
        <TLCRole eId="author" href="/akn/ontology/role/un/author" showAs="Author"></TLCRole>
        <TLCRole eId="editor" href="/akn/ontology/role/un/editor" showAs="Editor"></TLCRole>
        <TLCRole eId="distribution" href="/akn/ontology/concept/un/generalDistribution" showAs="General distribution"></TLCRole>
        <TLCOrganization eId="ga" href="/akn/ontology/organization/un/generalAssembly" showAs="General Assembly"></TLCOrganization>
        <TLCTerm eId="resolutionTitle" href="/akn/ontology/reference/un/resolutionTitle" showAs="Resolution title"></TLCTerm>
        <TLCTerm eId="noMainCommittee" href="#noMainCommittee" showAs="sans renvoi à une grande commission"></TLCTerm>
        <TLCTerm eId="memberState" href="/akn/ontology/organization/un/memberState" showAs="Member State"></TLCTerm>
        <TLCTerm eId="inFavour" href="/akn/ontology/concept/un/voting/inFavour" showAs="In favour"></TLCTerm>
        <TLCTerm eId="against" href="/akn/ontology/concept/un/voting/against" showAs="Against"></TLCTerm>
        <TLCTerm eId="abstaining" href="/akn/ontology/concept/un/voting/abstaining" showAs="Abstaining"></TLCTerm>
      </references>
      <presentation source="#un">
        <akn4un:footerFirstPage>
          <akn4un:footerFirstPageLeft>
            <akn4un:internalCode>
              <docketNumber refersTo="#publicationJobNumber">19-21186 (F)</docketNumber>
              <img alt="bar code" class="barCode" src=""></img>
            </akn4un:internalCode>
          </akn4un:footerFirstPageLeft>
          <akn4un:footerFirstPageRight>
            <img alt="Please recycle" class="image" src="./recylcleLogo.jpg"></img>
            <img alt="embedded QR code" class="qrCode" src=""></img>
          </akn4un:footerFirstPageRight>
        </akn4un:footerFirstPage>
      </presentation>
    </meta>
    <coverPage eId="coverPage_1">
      <p>
        <span refersTo="#publisher" class="upperLeft">
          <docAuthority refersTo="#publisher">Nations Unies</docAuthority>
        </span>
      </p>
      <p class="upperRight">
        <docNumber refersTo="#symbol">A/RES/74/17</docNumber>
      </p>
      <p class="upperLeft">
        <img src="logo-un.jpg"></img>
        <docAuthority refersTo="#issuingBody" class="rightBig">Assemblée générale</docAuthority>
      </p>
      <p>
        <docStatus refersTo="#generalDistribution" class="rightSmall">Distr. générale</docStatus>
      </p>
      <p>
        <docDate date="2019-12-13" class="rightSmall" refersTo="#dateOfIssuance">13 décembre 2019</docDate>
      </p>
      <p>
        <session refersTo="#generalAssembly" value="74" eId="coverPage_1__session_1">Soixante-quatorzième session</session>
      </p>
      <p>
        <inline name="agenda item">Point 31 a) de l’ordre du jour</inline>
      </p>
      <p>
        <inline name="agenda item name">Prévention des conflits armés : prévention des conflits armés</inline>
      </p>
      <p>
        <docTitle>Résolution adoptée par l’Assemblée générale le 9 décembre 2019</docTitle>
      </p>
      <p xml:space="preserve">
        <docProponent refersTo="#noMainCommittee">[sans renvoi à une grande commission (<inline name="originating document">A/74/L.12/Rev.1 et A/74/L.12/Rev.1/Add.1</inline>)]</docProponent>
      </p>
    </coverPage>
    <preface>
      <p>
        <docNumber>74/17.</docNumber>
        <docTitle refersTo="#resolutionTitle">Problème de la militarisation de la République autonome de Crimée et de la ville de Sébastopol (Ukraine), ainsi que de certaines parties de la mer Noire et de la mer d’Azov</docTitle>
      </p>
    </preface>
    <preamble>
      <formula name="enactingFormula" eId="formula_1">
        <p xml:space="preserve">
          <span class="italic">L’Assemblée générale</span>,</p>
      </formula>
      <container name="Rappelant" eId="container_2">
        <p xml:space="preserve">
          <span class="italic">	Rappelant</span> la Charte des Nations Unies, qui dispose notamment que les Membres de l’Organisation s’abstiennent, dans leurs relations internationales, de recourir à la menace ou à l’emploi de la force, soit contre l’intégrité territoriale ou l’indépendance politique de tout État, soit de toute autre manière incompatible avec les buts des Nations Unies,</p>
      </container>
      <container name="Rappelant également" eId="container_3">
        <p xml:space="preserve">
          <span class="italic">	Rappelant également</span> sa résolution <a href="https://undocs.org/fr/A/RES/68/262">68/262</a> du 27 mars 2014 sur l’intégrité territoriale de l’Ukraine, dans laquelle elle a affirmé son attachement à la souveraineté, à l’indépendance politique, à l’unité et à l’intégrité territoriale de l’Ukraine à l’intérieur de ses frontières internationalement reconnues,</p>
      </container>
      <container name="Rappelant en outre" eId="container_4">
        <p xml:space="preserve">
          <span class="italic">	Rappelant en outre</span> sa résolution <a href="https://undocs.org/fr/A/RES/73/194">73/194</a> du 17 décembre 2018 sur le problème de la militarisation de la République autonome de Crimée et de la ville de Sébastopol (Ukraine), ainsi que de certaines parties de la mer Noire et de la mer d’Azov,</p>
      </container>
      <container name="Rappelant " eId="container_5">
        <p xml:space="preserve">
          <span class="italic">	Rappelant </span>ses résolutions <a href="https://undocs.org/fr/A/RES/71/205">71/205</a> du 19 décembre 2016, <a href="https://undocs.org/fr/A/RES/72/190">72/190</a> du 19 décembre 2017 et <a href="https://undocs.org/fr/A/RES/73/263">73/263</a> du 22 décembre 2018 sur la situation des droits de l’homme dans la République autonome de Crimée et la ville de Sébastopol (Ukraine),</p>
      </container>
      <container name="Vivement préoccupée " eId="container_6">
        <p xml:space="preserve">
          <span class="italic">	Vivement préoccupée </span>de constater que la Fédération de Russie n’a pas mis en œuvre les dispositions de ces résolutions et les décisions pertinentes des organisations internationales, des institutions spécialisées et des entités des Nations Unies,</p>
      </container>
      <container name="Rappelant" eId="container_7">
        <p xml:space="preserve">
          <span class="italic">	Rappelant</span> sa résolution <a href="https://undocs.org/fr/A/RES/3314 (XXIX)">3314 (XXIX)</a> du 14 décembre 1974,</p>
      </container>
      <container name="Condamnant" eId="container_8">
        <p xml:space="preserve">
          <span class="italic">	Condamnant</span> la poursuite de l’occupation temporaire par la Fédération de Russie d’une partie du territoire de l’Ukraine, à savoir la République autonome de Crimée et la ville de Sébastopol (ci-après dénommées « Crimée »), et réaffirmant qu’elle ne reconnaît pas la légitimité de cette annexion,</p>
      </container>
      <container name="Rappelant " eId="container_9">
        <p xml:space="preserve">
          <span class="italic">	Rappelant </span>que l’occupation temporaire de la Crimée et le recours à la menace ou à l’emploi de la force contre l’intégrité territoriale ou l’indépendance politique de l’Ukraine par la Fédération de Russie constituent une violation des engagements pris dans le cadre du Mémorandum du 5 décembre 1994 concernant les garanties de sécurité liées à l’adhésion de l’Ukraine au Traité sur la non-prolifération des armes nucléaires (Mémorandum de Budapest)<authorialNote marker="1" placement="bottom" eId="authorialNote_1"><p xml:space="preserve"><a href="https://undocs.org/fr/A/49/765">A/49/765-S/1994/1399</a>, annexe I.</p></authorialNote>, dans lequel les parties ont notamment réaffirmé leur obligation de s’abstenir de recourir à la menace ou à l’emploi de la force contre l’intégrité territoriale ou l’indépendance politique de l’Ukraine et leur engagement à respecter l’indépendance, la souveraineté et les frontières existantes de l’Ukraine,</p>
      </container>
      <container name="Se déclarant préoccupée" eId="container_10">
        <p xml:space="preserve">
          <span class="italic">	Se déclarant préoccupée</span> par les actes auxquels se livre la Fédération de Russie en vue d’étendre sa juridiction aux installations et matières nucléaires en Crimée,</p>
      </container>
      <container name="Affirmant" eId="container_11">
        <p xml:space="preserve">
          <span class="italic">	Affirmant</span> que la prise de la Crimée par la force est illégale et constitue une violation du droit international, et affirmant également que les territoires en question doivent être immédiatement restitués,</p>
      </container>
      <container name="Rappelant" eId="container_12">
        <p xml:space="preserve">
          <span class="italic">	Rappelant</span> qu’en application du droit international humanitaire, la Puissance occupante ne peut pas astreindre des personnes protégées à servir dans ses forces armées ou auxiliaires, ni exercer de pressions ou mener de propagande tendant à obtenir des engagements volontaires, et condamnant la campagne de recrutement actuellement menée en Crimée et les poursuites pénales engagées contre des résidents criméens pour insoumission,</p>
      </container>
      <container name="Se déclarant préoccupée " eId="container_13">
        <p xml:space="preserve">
          <span class="italic">	Se déclarant préoccupée </span>par le fait que le système éducatif soit utilisé en vue d’endoctriner les enfants afin qu’ils rejoignent les forces militaires russes,</p>
      </container>
      <container name="Prenant acte" eId="container_14">
        <p xml:space="preserve">
          <span class="italic">	Prenant acte</span> de l’ordonnance en prescription de mesures conservatoires rendue par le Tribunal international du droit de la mer le 25 mai 2019 en l’<span class="italic">Affaire relative à l’immobilisation de trois navires militaires ukrainiens (Ukraine </span>c.<span class="italic"> Fédération de Russie) </span>et de l’ordonnance préparatoire n<sup>o</sup> 1 rendue le 22 novembre 2019 par le tribunal arbitral constitué sous le régime de l’annexe VII de la Convention des Nations Unies de 1982 sur le droit de la mer dans un différend entre l’Ukraine et la Fédération de Russie concernant l’immobilisation de navires militaires ukrainiens et de leur équipage,</p>
      </container>
      <container name="Prenant note" eId="container_15">
        <p xml:space="preserve">
          <span class="italic">	Prenant note</span> du fait que les problèmes de sécurité et la concentration de forces dans les régions de la mer Noire et de la mer d’Azov déstabilisent davantage l’économie et nuisent au bon fonctionnement des services sociaux, en particulier dans les régions côtières de l’Ukraine,</p>
      </container>
      <container name="Appuyant" eId="container_16">
        <p xml:space="preserve">
          <span class="italic">	Appuyant</span> l’engagement pris par l’Ukraine de se conformer au droit international dans ses mesures visant à mettre fin à l’occupation temporaire de la Crimée par la Fédération de Russie,</p>
      </container>
    </preamble>
    <mainBody>
      <paragraph eId="para_17" class="SingleTxt">
        <num>	1.</num>
        <content eId="para_17__content">
          <p xml:space="preserve">
            <span class="italic">Souligne</span> que la présence de troupes russes en Crimée porte atteinte à la souveraineté nationale, à l’indépendance politique et à l’intégrité territoriale de l’Ukraine et compromet la sécurité et la stabilité des pays voisins et de la région européenne ;</p>
        </content>
      </paragraph>
      <paragraph eId="para_18" class="SingleTxt">
        <num>	2.</num>
        <content eId="para_18__content">
          <p xml:space="preserve">
            <span class="italic">Se déclare gravement préoccupée</span> par la militarisation progressive de la Crimée à laquelle procède la Fédération de Russie en tant que Puissance occupante, ainsi que par les informations faisant état de la poursuite de la déstabilisation de la Crimée, due au transfert de personnel militaire et de systèmes d’armes, notamment d’aéronefs et de missiles à capacité nucléaire, d’armes et de munitions, par la Fédération de Russie vers le territoire de l’Ukraine, et exhorte la Fédération de Russie à cesser cette activité ;</p>
        </content>
      </paragraph>
      <paragraph eId="para_19" class="SingleTxt">
        <num>	3.</num>
        <content eId="para_19__content">
          <p xml:space="preserve">
            <span class="italic">Exprime sa vive préoccupation</span> face à l’exploitation par la Fédération de Russie d’entreprises d’armement ukrainiennes saisies en Crimée occupée ;</p>
        </content>
      </paragraph>
      <paragraph eId="para_20" class="SingleTxt">
        <num>	4.</num>
        <content eId="para_20__content">
          <p xml:space="preserve">
            <span class="italic">Demande</span> à la Fédération de Russie de s’abstenir de tout acte visant à étendre sa juridiction aux installations et matières nucléaires en Crimée ;</p>
        </content>
      </paragraph>
      <paragraph eId="para_21" class="SingleTxt">
        <num>	5.</num>
        <content eId="para_21__content">
          <p xml:space="preserve">
            <span class="italic">Se déclare vivement préoccupée</span> par la conscription des résidents de Crimée par la Fédération de Russie, notamment leur affectation à des bases militaires en Fédération de Russie, et demande instamment à la Fédération de Russie de mettre fin à ces activités illégales ;</p>
        </content>
      </paragraph>
      <paragraph eId="para_22" class="SingleTxt">
        <num>	6.</num>
        <content eId="para_22__content">
          <p xml:space="preserve">
            <span class="italic">Se déclare préoccupée</span> par les multiples manœuvres militaires des forces armées russes en Crimée, qui sont préjudiciables à la sécurité régionale et ont à long terme des effets néfastes considérables sur l’environnement dans la région ;</p>
        </content>
      </paragraph>
      <paragraph eId="para_23" class="SingleTxt">
        <num>	7.</num>
        <content eId="para_23__content">
          <p xml:space="preserve">
            <span class="italic">Se déclare préoccupée également</span> par les activités menées, notamment à des fins militaires, par la Fédération de Russie dans les eaux de la mer Noire adjacentes à la Crimée et dans la mer d’Azov et le détroit de Kertch, qui représentent une menace supplémentaire pour l’Ukraine et pour la stabilité de la région dans son ensemble ;</p>
        </content>
      </paragraph>
      <paragraph eId="para_24" class="SingleTxt">
        <num>	8.</num>
        <content eId="para_24__content">
          <p xml:space="preserve">
            <span class="italic">Se déclare préoccupée au plus haut point</span> par la dangereuse montée des tensions et par l’emploi injustifié de la force par la Fédération de Russie contre l’Ukraine, notamment le 25 novembre 2018 dans la mer Noire, contre trois navires des forces navales ukrainiennes, à savoir le <span class="italic">Berdyansk,</span> le <span class="italic">Nikopol</span> et le remorqueur <span class="italic">Yani Kapu</span>, des membres d’équipage ayant été grièvement blessés à cette occasion, et par les entraves à la navigation imposées intentionnellement dans le détroit de Kertch ;</p>
        </content>
      </paragraph>
      <paragraph eId="para_25" class="SingleTxt">
        <num>	9.</num>
        <content eId="para_25__content">
          <p xml:space="preserve">
            <span class="italic">Se félicite</span> que la Fédération de Russie ait libéré 24 membres d’équipage de trois navires des forces navales ukrainiennes, à savoir le <span class="italic">Berdyansk</span>, le <span class="italic">Nikopol</span> et le remorqueur <span class="italic">Yani Kapu</span> ;</p>
        </content>
      </paragraph>
      <paragraph eId="para_26" class="SingleTxt">
        <num>	10.</num>
        <content eId="para_26__content">
          <p xml:space="preserve">
            <span class="italic">Demande</span> à la Fédération de Russie de remettre à l’Ukraine, sans retard et sans condition, tout le matériel et toutes les armes saisies à bord des navires restitués, à savoir le <span class="italic">Berdyansk</span>, le <span class="italic">Nikopol</span> et le remorqueur <span class="italic">Yani Kapu</span> ;</p>
        </content>
      </paragraph>
      <paragraph eId="para_27" class="SingleTxt">
        <num>	11.</num>
        <content eId="para_27__content">
          <p xml:space="preserve">
            <span class="italic">Se déclare favorable </span>à la poursuite des négociations visant à ce que la Fédération de Russie libère tous les citoyens ukrainiens détenus illégalement et fasse en sorte qu’ils regagnent l’Ukraine en toute sécurité ;</p>
        </content>
      </paragraph>
      <paragraph eId="para_28" class="SingleTxt">
        <num>	12.</num>
        <content eId="para_28__content">
          <p xml:space="preserve">
            <span class="italic">Engage </span>la Fédération de Russie à s’abstenir de faire obstacle à l’exercice légitime des droits et de la liberté de navigation, y compris, mais sans s’y limiter, par le blocage de zones marines sous prétexte d’exercices militaires, dans la mer Noire, la mer d’Azov et le détroit de Kertch, conformément au droit international applicable, notamment aux dispositions de la Convention des Nations Unies de 1982 sur le droit de la mer<authorialNote marker="2" placement="bottom" eId="authorialNote_2"><p xml:space="preserve">		Nations Unies, <span class="italic">Recueil des Traités</span>, vol. 1834, n<sup>o</sup> 31363.</p></authorialNote> ;</p>
        </content>
      </paragraph>
      <paragraph eId="para_29" class="SingleTxt">
        <num>	13.</num>
        <content eId="para_29__content">
          <p xml:space="preserve">
            <span class="italic">Condamne</span> la construction et l’ouverture par la Fédération de Russie du pont du détroit de Kertch, qui relie la Fédération de Russie et la Crimée temporairement occupée, facilitant la poursuite de la militarisation de la Crimée et empêchant les navires d’une certaine taille d’accéder aux ports ukrainiens de la côte de la mer d’Azov, et condamne également le renforcement de la présence militaire de la Fédération de Russie, les actes d’intimidation auxquels celle-ci soumet les navires commerciaux et les restrictions qu’elle impose au transport international dans certaines parties de la mer Noire et de la mer d’Azov, notamment dans le détroit de Kertch, qui aggravent la situation économique et sociale dans la région de Donetsk dans son ensemble, qui pâtit déjà de l’occupation temporaire de la Crimée ;</p>
        </content>
      </paragraph>
      <paragraph eId="para_30" class="SingleTxt">
        <num>	14.</num>
        <content eId="para_30__content">
          <p xml:space="preserve">
            <span class="italic">Condamne également</span> les visites de responsables russes en Crimée temporairement occupée, y compris dans le cadre d’exercices militaires ;</p>
        </content>
      </paragraph>
      <paragraph eId="para_31" class="SingleTxt">
        <num>	15.</num>
        <content eId="para_31__content">
          <p xml:space="preserve">
            <span class="italic">Demande</span> à tous les États Membres ainsi qu’aux organisations internationales et aux institutions spécialisées de s’abstenir de se rendre en Crimée sans l’accord de l’Ukraine ;</p>
        </content>
      </paragraph>
      <paragraph eId="para_32" class="SingleTxt">
        <num>	16.</num>
        <content eId="para_32__content">
          <p xml:space="preserve">
            <span class="italic">Prie instamment</span> la Fédération de Russie, en tant que Puissance occupante, de retirer ses forces militaires de Crimée et de mettre immédiatement fin à son occupation temporaire du territoire ukrainien ;</p>
        </content>
      </paragraph>
      <paragraph eId="para_33" class="SingleTxt">
        <num>	17.</num>
        <content eId="para_33__content">
          <p xml:space="preserve">
            <span class="italic">Demande</span> à tous les États Membres de coopérer avec l’Organisation des Nations Unies afin de promouvoir et d’appuyer les efforts visant à mettre fin le plus rapidement possible à l’occupation russe de la Crimée et de s’abstenir de tous rapports avec la Fédération de Russie concernant la Crimée qui seraient incompatibles avec cet objectif ;</p>
        </content>
      </paragraph>
      <paragraph eId="para_34" class="SingleTxt">
        <num>	18.</num>
        <content eId="para_34__content">
          <p xml:space="preserve">
            <span class="italic">Décide</span> de poursuivre l’examen de la question à sa soixante-quinzième session.</p>
        </content>
      </paragraph>
    </mainBody>
    <conclusions eId="conclusions">
      <p>
        <inline name="adoptionMeeting" title="41e">41e séance plénière</inline>
        <eol />
        <docDate date="2019-12-09" refersTo="#adoptionDate">9 décembre 2019</docDate>
      </p>
    </conclusions>
  </statement>
</akomaNtoso>