<akomaNtoso xmlns:xsi="http://www.w3.org/2001/XMLSchema-instance" xsi:schemaLocation="http://docs.oasis-open.org/legaldocml/ns/akn/3.0 http://docs.oasis-open.org/legaldocml/akn-core/v1.0/os/part2-specs/schemas/akomantoso30.xsd" xmlns="http://docs.oasis-open.org/legaldocml/ns/akn/3.0" xmlns:html="http://www.w3.org/1999/xhtml" xmlns:akn4un="http://un.org/akn4un">
  <statement name="resolution">
    <meta>
      <identification source="#DGACM">
        <FRBRWork>
          <FRBRthis value="/akn/un/statement/deliberation/unga/2019-12-18/74-181/!main/"></FRBRthis>
          <FRBRuri value="/akn/un/statement/deliberation/unga/2019-12-18/74-181/"></FRBRuri>
          <FRBRdate date="2019-12-18" name="adoption"></FRBRdate>
          <FRBRauthor href="ga" as="author"></FRBRauthor>
          <FRBRcountry value="un"></FRBRcountry>
        </FRBRWork>
        <FRBRExpression>
          <FRBRthis value="/akn/un/statement/deliberation/unga/2019-12-18/74-181/fra@!main/"></FRBRthis>
          <FRBRuri value="/akn/un/statement/deliberation/unga/2019-12-18/74-181/fra@/"></FRBRuri>
          <FRBRdate date="2019-12-27" name="publication"></FRBRdate>
          <FRBRauthor href="ga" as="issuer"></FRBRauthor>
          <FRBRlanguage language="fra"></FRBRlanguage>
        </FRBRExpression>
        <FRBRManifestation>
          <FRBRthis value="/akn/un/statement/deliberation/unga/2019-12-18/74-181/fra@/!main.xml"></FRBRthis>
          <FRBRuri value="/akn/un/statement/deliberation/unga/2019-12-18/74-181/fra@.xml"></FRBRuri>
          <FRBRdate date="2020-08-28" name="markup"></FRBRdate>
          <FRBRauthor href="DGACM" as="editor"></FRBRauthor>
        </FRBRManifestation>
      </identification>
      <classification source="http://metadata.un.org/sdg">
        <keyword value="4" href="http://metadata.un.org/sdg/4" showAs="sdg_4" dictionary="SDGO"></keyword>
        <keyword value="education" href="http://eurovoc.europa.eu/668" showAs="education" dictionary="EuroVoc"></keyword>
        <keyword value="right_to_education" href="http://eurovoc.europa.eu/512" showAs="right_to_education" dictionary="EuroVoc"></keyword>
        <keyword value="education" href="http://metadata.un.org/thesaurus/1001893" showAs="education" dictionary="UNBIS Thesaurus"></keyword>
      </classification>
      <classification source="http://metadata.un.org/sdg">
        <keyword value="16" href="http://metadata.un.org/sdg/16" showAs="sdg_16" dictionary="SDGO"></keyword>
        <keyword value="right_to_justice" href="http://eurovoc.europa.eu/516" showAs="right_to_justice" dictionary="EuroVoc"></keyword>
        <keyword value="sustainable_development" href="http://eurovoc.europa.eu/5585" showAs="sustainable_development" dictionary="EuroVoc"></keyword>
        <keyword value="civil_society" href="http://metadata.un.org/thesaurus/1001012" showAs="civil_society" dictionary="UNBIS Thesaurus"></keyword>
        <keyword value="justice" href="http://metadata.un.org/thesaurus/1003500" showAs="justice" dictionary="UNBIS Thesaurus"></keyword>
        <keyword value="peaceful_coexistence" href="http://metadata.un.org/thesaurus/1004777" showAs="peaceful_coexistence" dictionary="UNBIS Thesaurus"></keyword>
        <keyword value="public_institutions" href="http://metadata.un.org/thesaurus/1005254" showAs="public_institutions" dictionary="UNBIS Thesaurus"></keyword>
        <keyword value="social_justice" href="http://metadata.un.org/thesaurus/1005970" showAs="social_justice" dictionary="UNBIS Thesaurus"></keyword>
        <keyword value="sustainable_development" href="http://metadata.un.org/thesaurus/1006319" showAs="sustainable_development" dictionary="UNBIS Thesaurus"></keyword>
      </classification>
      <workflow source="#un">
        <step date="2019-11-08" outcome="draftResolution" as="A/C.6/74/L.14" by="introduced in the Committee by the representative of Pakistan on behalf of the Bureau" />
        <step date="0001-01-01" outcome="draftResolutionAdditionalSponsors" by="" />
        <step date="0001-01-01" outcome="recommendedForAdoption" as="A/74/422" by="" refersTo="8" />
        <step date="2019-12-18" outcome="adopted" as="A/74/PV.51" by="" />
      </workflow>
      <analysis source="#un">
        <parliamentary>
          <voting outcome="adoptedWithoutVote">
            <quorum value=""></quorum>
          </voting>
        </parliamentary>
      </analysis>
      <references source="#DGACM">
        <TLCOrganization eId="source" href="/akn/ontology/organization/un/DGACM" showAs="DGACM"></TLCOrganization>
        <TLCConcept eId="dateOfIssuance" href="/akn/ontology/concept/un/dateOfIssuance" showAs="Date of issuance"></TLCConcept>
        <TLCConcept eId="dateOfAdoption" href="/akn/ontology/concept/un/dateOfAdoption" showAs="Date of adoption"></TLCConcept>
        <TLCConcept eId="symbol" href="/akn/ontology/reference/un/symbol" showAs="Symbol"></TLCConcept>
        <TLCRole eId="publisher" href="/akn/ontology/role/un/publisher" showAs="Publisher"></TLCRole>
        <TLCRole eId="issuingBody" href="/akn/role/concept/un/issuingBody" showAs="Issuing body"></TLCRole>
        <TLCRole eId="author" href="/akn/ontology/role/un/author" showAs="Author"></TLCRole>
        <TLCRole eId="editor" href="/akn/ontology/role/un/editor" showAs="Editor"></TLCRole>
        <TLCRole eId="distribution" href="/akn/ontology/concept/un/generalDistribution" showAs="General distribution"></TLCRole>
        <TLCOrganization eId="ga" href="/akn/ontology/organization/un/generalAssembly" showAs="General Assembly"></TLCOrganization>
        <TLCTerm eId="resolutionTitle" href="/akn/ontology/reference/un/resolutionTitle" showAs="Resolution title"></TLCTerm>
        <TLCTerm eId="sixthCommittee" href="#sixthCommittee" showAs="Sixième Commission"></TLCTerm>
        <TLCTerm eId="memberState" href="/akn/ontology/organization/un/memberState" showAs="Member State"></TLCTerm>
        <TLCTerm eId="inFavour" href="/akn/ontology/concept/un/voting/inFavour" showAs="In favour"></TLCTerm>
        <TLCTerm eId="against" href="/akn/ontology/concept/un/voting/against" showAs="Against"></TLCTerm>
        <TLCTerm eId="abstaining" href="/akn/ontology/concept/un/voting/abstaining" showAs="Abstaining"></TLCTerm>
      </references>
      <presentation source="#un">
        <akn4un:footerFirstPage>
          <akn4un:footerFirstPageLeft>
            <akn4un:internalCode>
              <docketNumber refersTo="#publicationJobNumber">19-22340 (F)</docketNumber>
              <img alt="bar code" class="barCode" src=""></img>
            </akn4un:internalCode>
          </akn4un:footerFirstPageLeft>
          <akn4un:footerFirstPageRight>
            <img alt="Please recycle" class="image" src="./recylcleLogo.jpg"></img>
            <img alt="embedded QR code" class="qrCode" src=""></img>
          </akn4un:footerFirstPageRight>
        </akn4un:footerFirstPage>
      </presentation>
    </meta>
    <coverPage eId="coverPage_1">
      <p>
        <span refersTo="#publisher" class="upperLeft">
          <docAuthority refersTo="#publisher">Nations Unies</docAuthority>
        </span>
      </p>
      <p class="upperRight">
        <docNumber refersTo="#symbol">A/RES/74/181</docNumber>
      </p>
      <p class="upperLeft">
        <img src="logo-un.jpg"></img>
        <docAuthority refersTo="#issuingBody" class="rightBig">Assemblée générale</docAuthority>
      </p>
      <p>
        <docStatus refersTo="#generalDistribution" class="rightSmall">Distr. générale</docStatus>
      </p>
      <p>
        <docDate date="2019-12-27" class="rightSmall" refersTo="#dateOfIssuance">27 décembre 2019</docDate>
      </p>
      <p>
        <session refersTo="#generalAssembly" value="74" eId="coverPage_1__session_1">Soixante-quatorzième session</session>
      </p>
      <p>
        <inline name="agenda item">Point 76 de l’ordre du jour</inline>
      </p>
      <p>
        <inline name="agenda item name">Responsabilité pénale des fonctionnaires et des experts en mission des Nations Unies</inline>
      </p>
      <p>
        <docTitle>Résolution adoptée par l’Assemblée générale le 18 décembre 2019</docTitle>
      </p>
      <p xml:space="preserve">
        <docProponent refersTo="#sixthCommittee">[sur la base du rapport de la Sixième Commission (<inline name="originating document">A/74/422</inline>)]</docProponent>
      </p>
    </coverPage>
    <preface>
      <p>
        <docNumber>74/181.</docNumber>
        <docTitle refersTo="#resolutionTitle">Responsabilité pénale des fonctionnaires et des experts en mission des Nations Unies</docTitle>
      </p>
    </preface>
    <preamble>
      <formula name="enactingFormula" eId="formula_1">
        <p xml:space="preserve">
          <span class="italic">L’Assemblée générale</span>,</p>
      </formula>
      <container name="Rappelant" eId="container_2">
        <p xml:space="preserve">
          <span class="italic">Rappelant</span> sa résolution <a href="https://undocs.org/fr/A/RES/59/281">59/281</a> du 29 mars 2005, dans laquelle elle a fait sienne la recommandation du Comité spécial des opérations de maintien de la paix tendant à ce que le Secrétaire général présente aux États Membres un rapport complet sur la question de l’exploitation et de la violence sexuelles dans les missions de maintien de la paix des Nations Unies<authorialNote marker="1" placement="bottom" eId="authorialNote_1"><p xml:space="preserve"><span class="italic">	Documents officiels de l’Assemblée générale, cinquante-neuvième session, Supplément n</span><span class="italic"><sup>o</sup></span><span class="italic"> 19</span> (<a href="https://undocs.org/fr/A/59/19/Rev.1">A/59/19/Rev.1</a>), première partie, chap. III, sect. D, par. 56.</p></authorialNote>,</p>
      </container>
      <container name="Rappelant " eId="container_3">
        <p xml:space="preserve">
          <span class="italic">Rappelant </span>que le Secrétaire général a, le 24 mars 2005, transmis à la présidence de l’Assemblée générale le rapport de son conseiller sur la question de l’exploitation et des atteintes sexuelles imputables au personnel de maintien de la paix des Nations Unies<authorialNote marker="2" placement="bottom" eId="authorialNote_2"><p xml:space="preserve">		Voir <a href="https://undocs.org/fr/A/59/710">A/59/710</a>.</p></authorialNote>,</p>
      </container>
      <container name="Rappelant" eId="container_4">
        <p xml:space="preserve">
          <span class="italic">Rappelant</span> sa résolution <a href="https://undocs.org/fr/A/RES/59/300">59/300</a> du 22 juin 2005, dans laquelle elle a fait sienne la recommandation du Comité spécial tendant à charger un groupe d’experts juridiques de la conseiller sur les moyens d’atteindre le but fixé par la Charte des Nations Unies, à savoir faire en sorte que les fonctionnaires et experts en mission des Nations Unies qui commettent des infractions dans leur lieu d’affectation ne puissent jamais bénéficier de l’impunité de fait, mais ne soient pas non plus sanctionnés injustement sans bénéficier des garanties d’une procédure régulière<authorialNote marker="3" placement="bottom" eId="authorialNote_3"><p xml:space="preserve"><span class="italic">	Documents officiels de l’Assemblée générale, cinquante-neuvième session, Supplément n</span><span class="italic"><sup>o</sup></span><span class="italic"> 19</span> (<a href="https://undocs.org/fr/A/59/19/Rev.1">A/59/19/Rev.1</a>), deuxième partie, chap. II, sect. N, par. 40 a).</p></authorialNote>,</p>
      </container>
      <container name="Soulignant" eId="container_5">
        <p xml:space="preserve">
          <span class="italic">Soulignant</span> qu’il importe d’appliquer une politique de tolérance zéro à l’égard des fautes et infractions imputables aux fonctionnaires et experts en mission des Nations Unies,</p>
      </container>
      <container name="Appréciant" eId="container_6">
        <p xml:space="preserve">
          <span class="italic">Appréciant</span> à sa juste valeur le concours que les fonctionnaires et experts en mission des Nations Unies apportent à la réalisation des buts et principes de la Charte,</p>
      </container>
      <container name="Rendant hommage" eId="container_7">
          <p xml:space="preserve">
            <span class="italic">Rendant hommage</span> au travail héroïque qu’accomplissent des dizaines de milliers de fonctionnaires et d’experts en mission des Nations Unies, soulignant que l’Organisation ne saurait tolérer que les agissements d’une minorité ternissent ce qui est accompli par la majorité, et félicitant les États Membres qui ont pris des mesures pour prévenir les infractions, comme les actes d’exploitation et d’atteintes sexuelles, enquêter sur celles-ci et amené leur personnel à en répondre,</p>
        </container>
      <container name="Réaffirmant" eId="container_8">
        <p xml:space="preserve">
          <span class="italic">Réaffirmant</span> qu’il faut promouvoir les principes et règles du droit international et en garantir le respect,</p>
      </container>
      <container name="Réaffirmant également" eId="container_9">
        <p xml:space="preserve">
          <span class="italic">Réaffirmant également</span> que la présente résolution est sans préjudice des privilèges et immunités dont les fonctionnaires et experts en mission des Nations Unies et l’Organisation des Nations Unies jouissent en droit international,</p>
      </container>
      <container name="Réaffirmant en outre" eId="container_10">
        <p xml:space="preserve">
          <span class="italic">Réaffirmant en outre</span> que les fonctionnaires et experts en mission des Nations Unies ont l’obligation de respecter les lois de l’État hôte et que celui-ci a le droit d’exercer, s’il y a lieu, sa compétence pénale conformément aux règles applicables du droit international et aux accords régissant les opérations des missions des Nations Unies,</p>
      </container>
      <container name="Soulignant" eId="container_11">
        <p xml:space="preserve">
          <span class="italic">Soulignant</span> qu’il importe de dispenser aux fonctionnaires et experts en mission des Nations Unies une formation adaptée afin de prévenir tout comportement criminel,</p>
      </container>
      <container name="Profondément préoccupée" eId="container_12">
        <p xml:space="preserve">
          <span class="italic">Profondément préoccupée</span> par les informations faisant état de comportements criminels et sachant que, en l’absence des enquêtes et poursuites voulues, ces infractions peuvent donner l’impression erronée que les fonctionnaires et experts en mission des Nations Unies jouissent de l’impunité,</p>
      </container>
      <container name="Réaffirmant" eId="container_13">
        <p xml:space="preserve">
          <span class="italic">Réaffirmant</span> qu’il faut veiller à ce que les fonctionnaires et experts en mission des Nations Unies agissent en préservant l’image, le crédit, l’impartialité et l’intégrité de l’Organisation des Nations Unies,</p>
      </container>
      <container name="Soulignant" eId="container_14">
        <p xml:space="preserve">
          <span class="italic">Soulignant</span> que les infractions commises par les fonctionnaires ou experts en mission sont inacceptables et nuisent à l’accomplissement de la mission de l’Organisation des Nations Unies et, en particulier, aux relations de celle-ci avec la population du pays hôte,</p>
      </container>
      <container name="Considérant" eId="container_15">
        <p xml:space="preserve">
          <span class="italic">Considérant</span> qu’il importe au plus haut point d’apporter un soutien rapide aux victimes des comportements criminels imputables aux fonctionnaires et experts en mission des Nations Unies et de protéger leurs droits, ainsi que d’assurer la protection des témoins, et rappelant qu’elle a adopté, le 21 décembre 2007, la résolution <a href="https://undocs.org/fr/A/RES/62/214">62/214</a> sur la Stratégie globale d’aide et de soutien aux victimes d’actes d’exploitation ou d’agression sexuelles commis par des membres du personnel des Nations Unies ou du personnel apparenté et, le 30 juin 2017, la résolution <a href="https://undocs.org/fr/A/RES/71/297">71/297</a> sur les dispositions spéciales visant à prévenir l’exploitation et les atteintes sexuelles,</p>
      </container>
      <container name="Soulignant" eId="container_16">
        <p xml:space="preserve">
          <span class="italic">Soulignant</span> qu’il faut pouvoir compter sur la coopération des États Membres pour amener quiconque à répondre véritablement de son fait,</p>
      </container>
      <container name="Soulignant également" eId="container_17">
        <p xml:space="preserve">
          <span class="italic">Soulignant également</span> qu’il faut renforcer la coopération internationale de façon à amener les fonctionnaires et experts en mission des Nations Unies à répondre pénalement de leurs actes,</p>
      </container>
      <container name="Prenant acte" eId="container_18">
        <p xml:space="preserve">
          <span class="italic">Prenant acte</span> du rapport du Groupe indépendant de haut niveau chargé d’étudier les opérations de paix, intitulé « Unissons nos forces pour la paix : privilégions la politique, les partenariats et l’action en faveur des populations »<authorialNote marker="4" placement="bottom" eId="authorialNote_4"><p xml:space="preserve">		Voir <a href="https://undocs.org/fr/A/70/95">A/70/95‑S/2015/446</a>.</p></authorialNote>, et du rapport subséquent du Secrétaire général, intitulé « L’avenir des opérations de maintien de la paix des Nations Unies : application des recommandations du Groupe indépendant de haut niveau chargé d’étudier les opérations de paix »<authorialNote marker="5" placement="bottom" eId="authorialNote_5"><p xml:space="preserve"><a href="https://undocs.org/fr/A/70/357">A/70/357‑S/2015/682</a>.</p></authorialNote>,</p>
      </container>
      <container name="Prenant acte également " eId="container_19">
        <p xml:space="preserve">
          <span class="italic">Prenant acte également </span>du rapport du Corps commun d’inspection sur la prévention, la détection et la répression de la fraude dans le système des Nations Unies<authorialNote marker="6" placement="bottom" eId="authorialNote_6"><p xml:space="preserve"><a href="https://undocs.org/fr/A/71/731">A/71/731</a>.</p></authorialNote>, du Dispositif de lutte contre la fraude et la corruption institué par le Secrétariat de l’Organisation des Nations Unies en septembre 2016<authorialNote marker="7" placement="bottom" eId="authorialNote_7"><p xml:space="preserve"><a href="https://undocs.org/fr/ST/IC/2016/25">ST/IC/2016/25</a>, annexe.</p></authorialNote> et du rapport du Secrétaire général sur sa pratique en matière disciplinaire et en cas de faits constitutifs d’infraction pénale pour 2018<authorialNote marker="8" placement="bottom" eId="authorialNote_8"><p xml:space="preserve"><a href="https://undocs.org/fr/A/74/64">A/74/64</a>.</p></authorialNote>,</p>
      </container>
      <container name="Rappelant" eId="container_20">
        <p xml:space="preserve">
          <span class="italic">Rappelant</span> sa résolution <a href="https://undocs.org/fr/A/RES/61/29">61/29</a> du 4 décembre 2006 portant création du Comité spécial sur la responsabilité pénale des fonctionnaires et des experts en mission des Nations Unies,</p>
      </container>
      <container name="Ayant examiné" eId="container_21">
        <p xml:space="preserve">
          <span class="italic">Ayant examiné</span> à ses sessions précédentes le rapport du Groupe d’experts juridiques créé par le Secrétaire général en application de sa résolution <a href="https://undocs.org/fr/A/RES/59/300">59/300</a><authorialNote marker="9" placement="bottom" eId="authorialNote_9"><p xml:space="preserve">		Voir <a href="https://undocs.org/fr/A/60/980">A/60/980</a>.</p></authorialNote> et les rapports du Comité spécial<authorialNote marker="10" placement="bottom" eId="authorialNote_10"><p xml:space="preserve"><span class="italic">	Documents officiels de l’Assemblée générale, soixante-deuxième session, Supplément n</span><span class="italic"><sup>o</sup></span><span class="italic"> 54</span> (<a href="https://undocs.org/fr/A/62/54">A/62/54</a>) ; et ibid., <span class="italic">soixante-troisième session, Supplément n</span><span class="italic"><sup>o</sup></span><span class="italic"> 54</span> (<a href="https://undocs.org/fr/A/63/54">A/63/54</a>).</p></authorialNote>, ainsi que la note du Secrétariat<authorialNote marker="11" placement="bottom" eId="authorialNote_11"><p xml:space="preserve"><a href="https://undocs.org/fr/A/62/329">A/62/329</a>.</p></authorialNote> et les rapports du Secrétaire général<authorialNote marker="12" placement="bottom" eId="authorialNote_12"><p xml:space="preserve"><a href="https://undocs.org/fr/A/63/260">A/63/260</a>, <a href="https://undocs.org/fr/A/63/260/Add.1">A/63/260/Add.1</a>, <a href="https://undocs.org/fr/A/64/183">A/64/183</a>, <a href="https://undocs.org/fr/A/64/183/Add.1">A/64/183/Add.1</a>, <a href="https://undocs.org/fr/A/65/185">A/65/185</a>, <a href="https://undocs.org/fr/A/66/174">A/66/174</a>, <a href="https://undocs.org/fr/A/66/174/Add.1">A/66/174/Add.1</a>, <a href="https://undocs.org/fr/A/67/213">A/67/213</a>, <a href="https://undocs.org/fr/A/68/173">A/68/173</a>, <a href="https://undocs.org/fr/A/69/210">A/69/210</a>, <a href="https://undocs.org/fr/A/70/208">A/70/208</a>, <a href="https://undocs.org/fr/A/72/121">A/72/121</a>, <a href="https://undocs.org/fr/A/72/126">A/72/126</a>, <a href="https://undocs.org/fr/A/72/205">A/72/205</a>, A/73/128, <a href="https://undocs.org/fr/A/73/129">A/73/129</a> et <a href="https://undocs.org/fr/A/73/155">A/73/155</a>.</p></authorialNote> sur la responsabilité pénale des fonctionnaires et experts en mission des Nations Unies,</p>
      </container>
      <container name="Rappelant" eId="container_22">
        <p xml:space="preserve">
          <span class="italic">Rappelant</span> ses résolutions <a href="https://undocs.org/fr/A/RES/62/63">62/63</a> du 6 décembre 2007, <a href="https://undocs.org/fr/A/RES/63/119">63/119</a> du 11 décembre 2008, <a href="https://undocs.org/fr/A/RES/64/110">64/110</a> du 16 décembre 2009, <a href="https://undocs.org/fr/A/RES/65/20">65/20</a> du 6 décembre 2010, <a href="https://undocs.org/fr/A/RES/66/93">66/93</a> du 9 décembre 2011, <a href="https://undocs.org/fr/A/RES/67/88">67/88</a> du 14 décembre 2012, <a href="https://undocs.org/fr/A/RES/68/105">68/105</a> du 16 décembre 2013, <a href="https://undocs.org/fr/A/RES/69/114">69/114</a> du 10 décembre 2014, <a href="https://undocs.org/fr/A/RES/70/114">70/114</a> du 14 décembre 2015, <a href="https://undocs.org/fr/A/RES/71/134">71/134</a> du 13 décembre 2016, <a href="https://undocs.org/fr/A/RES/72/112">72/112</a> du 7 décembre 2017 et <a href="https://undocs.org/fr/A/RES/73/196">73/196</a> du 20 décembre 2018,</p>
      </container>
      <container name="&#x9;Rappelant" eId="container_23">
        <p xml:space="preserve">
          <span class="italic">	Rappelant</span> qu’elle a décidé, vu ses résolutions <a href="https://undocs.org/fr/A/RES/62/63">62/63</a> et <a href="https://undocs.org/fr/A/RES/70/114">70/114</a>, de poursuivre à sa soixante-quinzième session, dans le cadre d’un groupe de travail de la Sixième Commission, l’examen du rapport du Groupe d’experts juridiques, en particulier en ses aspects juridiques, en tenant compte des vues des États Membres et des informations fournies par le Secrétariat,</p>
      </container>
      <container name="&#x9;Convaincue" eId="container_24">
        <p xml:space="preserve">
          <span class="italic">	Convaincue</span> que l’Organisation des Nations Unies et ses États Membres doivent continuer de prendre d’urgence des mesures fortes et efficaces pour amener les fonctionnaires et experts en mission des Nations Unies à répondre pénalement de leurs actes dans l’intérêt de la justice,</p>
      </container>
      <container name="Soulignant " eId="container_25">
        <p xml:space="preserve">
          <span class="italic">Soulignant </span>que l’élaboration, à l’échelle de l’Organisation, de normes harmonisées applicables à la conduite des enquêtes sur les infractions imputées à des fonctionnaires ou des experts en mission des Nations Unies peut contribuer de manière décisive à renforcer le régime de responsabilité dans le système des Nations Unies,</p>
      </container>
    </preamble>
    <mainBody>
      <paragraph eId="para_26" class="SingleTxt">
        <num>	1.</num>
        <content eId="para_26__content">
          <p xml:space="preserve">
            <span class="italic">Prend acte</span> des rapports du Secrétaire général<authorialNote marker="13" placement="bottom" eId="authorialNote_13"><p xml:space="preserve"><a href="https://undocs.org/fr/A/74/142">A/74/142</a> et <a href="https://undocs.org/fr/A/74/145">A/74/145</a>.</p></authorialNote>, en particulier des annexes I et II du rapport soumis en application des paragraphes 31 et 32 de sa résolution <a href="https://undocs.org/fr/A/RES/73/196">73/196</a><authorialNote marker="14" placement="bottom" eId="authorialNote_14"><p xml:space="preserve"><a href="https://undocs.org/fr/A/74/145">A/74/145</a>.</p></authorialNote>, qui contiennent des informations supplémentaires sur la nature des allégations et informations communiquées par les États concernant toutes les affaires renvoyées depuis le 1<sup>er</sup> juillet 2007 et les notifications transmises par eux au sujet d’enquêtes ou de poursuites du chef d’infractions imputées à des fonctionnaires ou experts en mission des Nations Unies depuis le 1<sup>er</sup> juillet 2016 ;</p>
        </content>
      </paragraph>
      <paragraph eId="para_27" class="SingleTxt">
        <num>	2.</num>
        <content eId="para_27__content">
          <p xml:space="preserve">
            <span class="italic">Prend acte également</span> du rapport du Secrétaire général sur les dispositions spéciales visant à prévenir l’exploitation et les atteintes sexuelles<authorialNote marker="15" placement="bottom" eId="authorialNote_15"><p xml:space="preserve"><a href="https://undocs.org/fr/A/73/744">A/73/744</a>.</p></authorialNote>, ainsi que des conclusions formulées par le Bureau des services de contrôle interne du Secrétariat dans son rapport d’évaluation du 15 mai 2015, notamment sur le problème de la non-dénonciation d’infractions<authorialNote marker="16" placement="bottom" eId="authorialNote_16"><p xml:space="preserve">		« Evaluation of the enforcement and remedial assistance efforts for sexual exploitation and abuse by the United Nations and related personnel in peacekeeping operations » (Évaluation des mesures de répression et d’accompagnement en cas d’exploitation et d’atteintes sexuelles imputables au personnel des Nations Unies ou au personnel apparenté dans les opérations de maintien de la paix) (nouveau tirage du 12 juin 2015).</p></authorialNote> ;</p>
        </content>
      </paragraph>
      <paragraph eId="para_28" class="SingleTxt">
        <num>	3.</num>
        <content eId="para_28__content">
          <p xml:space="preserve">
            <span class="italic">Se félicite</span> de l’engagement pris par le Secrétaire général de renvoyer les allégations crédibles d’exploitation et d’atteintes sexuelles à l’État Membre auquel ressortit le fonctionnaire ou expert en mission des Nations Unies pour qu’il y donne la suite voulue ;</p>
        </content>
      </paragraph>
      <paragraph eId="para_29" class="SingleTxt">
        <num>	4.</num>
        <content eId="para_29__content">
          <p xml:space="preserve">
            <span class="italic">Se réjouit </span>des travaux de la Coordonnatrice spéciale chargée d’améliorer les moyens d’action de l’Organisation des Nations Unies face à l’exploitation et aux atteintes sexuelles, et prie le Secrétaire général de rendre compte régulièrement aux États Membres de l’avancement de l’exécution de son mandat ;</p>
        </content>
      </paragraph>
      <paragraph eId="para_30" class="SingleTxt">
        <num>	5.</num>
        <content eId="para_30__content">
          <p xml:space="preserve">
            <span class="italic">Se déclare préoccupée</span> par toutes les allégations d’infractions, notamment de fraude, de corruption et autres infractions financières, portées contre des fonctionnaires ou experts en mission des Nations Unies et, à cet égard, se félicite que le Secrétaire général ait réaffirmé que l’Organisation ne tolèrerait aucune corruption en son sein ;</p>
        </content>
      </paragraph>
      <paragraph eId="para_31" class="SingleTxt">
        <num>	6.</num>
        <content eId="para_31__content">
          <p xml:space="preserve">
            <span class="italic">Prie instamment</span> le Secrétaire général de continuer de veiller à ce que sa politique de tolérance zéro à l’égard des comportements criminels tels que l’exploitation et les atteintes sexuelles, la fraude et la corruption soit connue de tous les fonctionnaires et experts en mission des Nations Unies de tous niveaux, en particulier de ceux qui exercent des fonctions d’encadrement, et pleinement appliquée, de manière cohérente et concertée, dans l’ensemble du système des Nations Unies, y compris les fonds et les programmes, et demande à toutes les entités des Nations Unies d’informer le Bureau des affaires juridiques du Secrétariat de toute allégation d’infraction imputable à un fonctionnaire ou expert en mission des Nations Unies et de coopérer pleinement avec lui ;</p>
        </content>
      </paragraph>
      <paragraph eId="para_32" class="SingleTxt">
        <num>	7.</num>
        <content eId="para_32__content">
          <p xml:space="preserve">
            <span class="italic">Prie </span>le Secrétaire général de veiller à l’amélioration de la qualité et de la cohérence des enquêtes des organes compétents de l’Organisation en élaborant des normes d’enquête harmonisées, y compris la vérification des allégations et des informations reçues ;</p>
        </content>
      </paragraph>
      <paragraph eId="para_33" class="SingleTxt">
        <num>	8.</num>
        <content eId="para_33__content">
          <p xml:space="preserve">
            <span class="italic">Se déclare préoccupée </span>que peu d’États aient rendu compte de la suite donnée aux allégations dont ils étaient saisis ou répondu aux demandes de renseignements concernant les dispositions relatives à l’établissement de leur compétence à l’égard des infractions visées, ainsi qu’elle l’avait instamment demandé dans sa résolution <a href="https://undocs.org/fr/A/RES/73/196">73/196</a>, et en particulier constate avec une vive inquiétude que, dans nombre de cas, les États saisis d’allégations n’ont pas indiqué à l’Organisation s’ils avaient pris des mesures pour y donner suite et n’ont pas non plus accusé réception du renvoi ;</p>
        </content>
      </paragraph>
      <paragraph eId="para_34" class="SingleTxt">
        <num>	9.</num>
        <content eId="para_34__content">
          <p xml:space="preserve">
            <span class="italic">Engage vivement</span> les États à prendre toutes les mesures nécessaires pour que les infractions pénales commises par des fonctionnaires ou experts en mission des Nations Unies ne restent pas impunies et pour que leurs auteurs soient traduits en justice, sans préjudice des privilèges et immunités dont ceux-ci et l’Organisation des Nations Unies jouissent en droit international et dans le respect des normes internationales relatives aux droits de l’homme, y compris les droits de la défense ;</p>
        </content>
      </paragraph>
      <paragraph eId="para_35" class="SingleTxt">
        <num>	10.</num>
        <content eId="para_35__content">
          <p xml:space="preserve">
            <span class="italic">Engage vivement</span> les États qui ne l’ont pas encore fait à envisager d’établir leur compétence à l’égard des infractions, graves en particulier, réprimées par leur droit pénal interne et commises par leurs nationaux ayant qualité de fonctionnaire ou d’expert en mission des Nations Unies, au moins lorsque la conduite pénalement réprimée par leur législation l’est également par celle de l’État hôte et, en outre, exhorte les États et les organisations internationales compétentes à aider les États qui le demandent, en leur fournissant une assistance technique ou autre, à se doter d’un tel arsenal juridique ;</p>
        </content>
      </paragraph>
      <paragraph eId="para_36" class="SingleTxt">
        <num>	11.</num>
        <content eId="para_36__content">
          <p xml:space="preserve">
            <span class="italic">Encourage</span> tous les États et l’Organisation à coopérer entre eux en échangeant des informations et en facilitant les enquêtes et, s’il y a lieu, les poursuites contre tout fonctionnaire ou expert en mission des Nations Unies qui aurait commis une infraction grave, conformément à leur droit interne et aux textes applicables de l’Organisation et en respectant pleinement les droits de la défense, et les invite à envisager de renforcer les moyens dont disposent leurs autorités pour enquêter sur ce type d’infractions et en poursuivre les auteurs ;</p>
        </content>
      </paragraph>
      <paragraph eId="para_37" class="SingleTxt">
        <num>	12.</num>
        <content eId="para_37__content">
          <p xml:space="preserve">
            <span class="italic">Encourage</span> tous les États :</p>
        </content>
      </paragraph>
      <paragraph eId="para_38" class="SingleTxt">
        <content eId="para_38__content">
          <p xml:space="preserve">	a)	À s’entraider dans les enquêtes pénales, poursuites pénales et procédures d’extradition liées aux infractions graves commises par des fonctionnaires ou experts en mission des Nations Unies, notamment aux fins de rassembler les preuves qui seraient à leur disposition, conformément à leur droit interne et aux traités ou autres accords d’extradition et d’entraide judiciaire existant entre eux ;</p>
        </content>
      </paragraph>
      <paragraph eId="para_39" class="SingleTxt">
        <content eId="para_39__content">
          <p xml:space="preserve">	b)	Dans le respect de leur droit interne, à réfléchir aux moyens de faciliter l’utilisation éventuelle d’éléments d’information et de pièces obtenus de l’Organisation aux fins de poursuites pénales engagées sur leur territoire contre tout fonctionnaire ou expert en mission des Nations Unies ayant commis une infraction grave, sans perdre de vue les droits de la défense ;</p>
        </content>
      </paragraph>
      <paragraph eId="para_40" class="SingleTxt">
        <content eId="para_40__content">
          <p xml:space="preserve">	c)	Dans le respect de leur droit interne, à protéger efficacement les victimes et les témoins de toute infraction grave imputée à un fonctionnaire ou expert en mission des Nations Unies, de même que quiconque donnant des informations à ce sujet, et à faciliter l’accès des victimes aux programmes d’aide aux victimes, sans préjudice des droits de l’accusé, y compris ceux qui concernent la régularité de la procédure ;</p>
        </content>
      </paragraph>
      <paragraph eId="para_41" class="SingleTxt">
        <content eId="para_41__content">
          <p xml:space="preserve">	d)	Dans le respect de leur droit interne, à réfléchir aux moyens de répondre adéquatement aux États hôtes qui sollicitent appui et assistance pour améliorer leur capacité d’enquêter efficacement sur les infractions graves imputées aux fonctionnaires ou experts en mission des Nations Unies ;</p>
        </content>
      </paragraph>
      <paragraph eId="para_42" class="SingleTxt">
        <num>	13.</num>
        <content eId="para_42__content">
          <p xml:space="preserve">
            <span class="italic">Prie</span> le Secrétariat de continuer de veiller à ce que les États Membres auxquels il est demandé de fournir du personnel pour exercer les fonctions d’expert en mission soient avisés que les personnes agissant en cette qualité doivent satisfaire à de strictes normes de conduite et de comportement et savoir que certains agissements peuvent constituer une infraction dont elles peuvent devoir répondre, et le prie également de prendre toutes les mesures nécessaires pour continuer de s’assurer que les États fournissant ce type de personnel et l’Organisation vérifient que ce personnel et les fonctionnaires des Nations Unies n’ont commis aucune faute en étant au service des Nations Unies ;</p>
        </content>
      </paragraph>
      <paragraph eId="para_43" class="SingleTxt">
        <num>	14.</num>
        <content eId="para_43__content">
          <p xml:space="preserve">
            <span class="italic">Prie instamment</span> le Secrétaire général de veiller à faire comprendre aux États Membres qui fournissent du personnel ayant qualité d’expert en mission combien il importe de lui dispenser la formation déontologique voulue avant son déploiement, et de continuer à prendre, dans les limites de sa compétence, des mesures concrètes pour renforcer la formation aux normes de conduite de l’Organisation dispensée, notamment avant le déploiement et en cours de mission, aux fonctionnaires et experts en mission des Nations Unies ;</p>
        </content>
      </paragraph>
      <paragraph eId="para_44" class="SingleTxt">
        <num>	15.</num>
        <content eId="para_44__content">
          <p xml:space="preserve">
            <span class="italic">Redit </span>avoir, vu ses résolutions <a href="https://undocs.org/fr/A/RES/62/63">62/63</a> et <a href="https://undocs.org/fr/A/RES/63/119">63/119</a>, décidé de poursuivre à sa soixante-quinzième session, dans le cadre d’un groupe de travail de la Sixième Commission, l’examen du rapport du Groupe d’experts juridiques<sup>9</sup>, en particulier en ses aspects juridiques, en tenant compte des vues des États Membres et des informations fournies par le Secrétariat, et invite à cette fin les États Membres à faire des observations supplémentaires sur ce rapport, notamment en ce qui concerne la suite à lui donner ;</p>
        </content>
      </paragraph>
      <paragraph eId="para_45" class="SingleTxt">
        <num>	16.</num>
        <content eId="para_45__content">
          <p xml:space="preserve">
            <span class="italic">Prend note</span> des exposés faits par le Secrétariat de sa soixante-dixième à sa soixante-quatorzième sessions et décide d’organiser une autre réunion d’information à sa soixante-quinzième session en vue d’approfondir la réflexion sur les mesures qui pourraient être prises pour veiller à ce que les fonctionnaires et experts en mission des Nations Unies aient à répondre de leurs actes et prévenir d’autres infractions ;</p>
        </content>
      </paragraph>
      <paragraph eId="para_46" class="SingleTxt">
        <num>	17.</num>
        <content eId="para_46__content">
          <p xml:space="preserve">
            <span class="italic">Salue</span> les efforts que les États Membres font pour formuler des propositions concrètes afin que les fonctionnaires et experts en mission des Nations Unies aient à répondre de leurs actes et encourage tous les États Membres à intensifier leur action dans ce sens de manière informelle entre les sessions, avec l’appui du Secrétariat, notamment en organisant des exposés informels ;</p>
        </content>
      </paragraph>
      <paragraph eId="para_47" class="SingleTxt">
        <num>	18.</num>
        <content eId="para_47__content">
          <p xml:space="preserve">
            <span class="italic">Prie</span> le Secrétaire général de porter les allégations crédibles d’infraction imputable à un fonctionnaire ou expert en mission des Nations Unies à l’attention de l’État de nationalité de l’intéressé et de demander à cet État de lui rendre compte, ainsi qu’il est dit au paragraphe 20 ci‑dessous, des mesures qu’il aurait prises pour enquêter sur les infractions graves et, s’il y a lieu, en poursuivre les auteurs, et de l’informer des types d’assistance qu’il souhaiterait recevoir du Secrétariat aux fins de ces enquêtes et poursuites ;</p>
        </content>
      </paragraph>
      <paragraph eId="para_48" class="SingleTxt">
        <num>	19.</num>
        <content eId="para_48__content">
          <p xml:space="preserve">
            <span class="italic">Prie également</span> le Secrétaire général de demander à tous les États ayant informé l’Organisation d’enquêtes ou de poursuites concernant des infractions imputées à des fonctionnaires ou experts en mission des Nations Unies de lui rendre compte de l’évolution de ces enquêtes ou poursuites, pour autant que celles-ci ne s’en trouvent pas compromises ;</p>
        </content>
      </paragraph>
      <paragraph eId="para_49" class="SingleTxt">
        <num>	20.</num>
        <content eId="para_49__content">
          <p xml:space="preserve">
            <span class="italic">Demande instamment</span> aux États visés aux paragraphes 18 et 19 ci‑dessus de rendre régulièrement compte au Secrétaire général de la suite donnée aux allégations, ce qui permettra de montrer que les États Membres prennent des mesures pour amener les fonctionnaires et experts en mission des Nations Unies ayant commis des infractions à répondre de leurs actes, et en particulier de l’informer de l’issue des instances disciplinaires ou pénales engagées ou des motifs d’inaction, pour autant qu’il n’en résulte pas d’infraction à leur droit interne ni de préjudice pour des enquêtes ou poursuites internes, et prie le Secrétaire général de continuer d’assurer le suivi nécessaire auprès des États concernés par toutes les formes de communication appropriées, afin de les encourager à fournir les informations demandées ;</p>
        </content>
      </paragraph>
      <paragraph eId="para_50" class="SingleTxt">
        <num>	21.</num>
        <content eId="para_50__content">
          <p xml:space="preserve">
            <span class="italic">Encourage</span> tous les États à indiquer au Secrétaire général un point de contact afin de renforcer et de faciliter la communication et la coopération entre l’Organisation des Nations Unies et les États Membres, et prie le Secrétaire général de tenir à jour la liste des points de contact ; </p>
        </content>
      </paragraph>
      <paragraph eId="para_51" class="SingleTxt">
        <num>	22.</num>
        <content eId="para_51__content">
          <p xml:space="preserve">
            <span class="italic">Prie</span> l’Organisation, lorsque ses enquêtes sur des allégations donnent à penser qu’une infraction grave a pu être commise par un fonctionnaire ou expert en mission des Nations Unies, d’envisager toutes les mesures propres à permettre aux États de faire éventuellement usage des informations et pièces ainsi réunies aux fins des poursuites pénales qu’ils auraient engagées et ce, sans perdre de vue les droits de la défense ;</p>
        </content>
      </paragraph>
      <paragraph eId="para_52" class="SingleTxt">
        <num>	23.</num>
        <content eId="para_52__content">
          <p xml:space="preserve">
            <span class="italic">Encourage</span> l’Organisation, lorsqu’il résulte d’une enquête administrative que les allégations portées contre un fonctionnaire ou expert en mission des Nations Unies sont sans fondement, à prendre dans son propre intérêt les mesures nécessaires pour réhabiliter l’intéressé ;</p>
        </content>
      </paragraph>
      <paragraph eId="para_53" class="SingleTxt">
        <num>	24.</num>
        <content eId="para_53__content">
          <p xml:space="preserve">
            <span class="italic">Prie instamment</span> l’Organisation de continuer à coopérer avec les États qui exercent leur compétence en vue de leur fournir, dans le respect des règles applicables du droit international et des accords régissant les activités de l’Organisation, les informations et pièces utiles aux fins des poursuites pénales qu’ils engagent ;</p>
        </content>
      </paragraph>
      <paragraph eId="para_54" class="SingleTxt">
        <num>	25.</num>
        <content eId="para_54__content">
          <p xml:space="preserve">
            <span class="italic">Rappelle</span> la circulaire du Secrétaire général sur la protection contre les représailles des personnes qui signalent des manquements et qui collaborent à des audits ou à des enquêtes dûment autorisés<authorialNote marker="17" placement="bottom" eId="authorialNote_17"><p xml:space="preserve"><a href="https://undocs.org/fr/ST/SGB/2017/2/Rev.1">ST/SGB/2017/2/Rev.1</a>.</p></authorialNote> et souligne qu’il importe que l’Organisation se donne pour tradition d’aider et d’encourager chacun à dénoncer les infractions présumées et qu’elle ne doit, conformément à ses textes, exercer ni représailles ni intimidation contre le fonctionnaire ou expert en mission des Nations Unies qui dénoncerait la perpétration présumée d’une infraction grave par un homologue, et qu’il faut des garanties appropriées contre les représailles ;</p>
        </content>
      </paragraph>
      <paragraph eId="para_55" class="SingleTxt">
        <num>	26.</num>
        <content eId="para_55__content">
          <p xml:space="preserve">
            <span class="italic">Souligne</span> qu’il importe au plus haut point de veiller à ce que les victimes des infractions pénales commises par des fonctionnaires ou experts en mission des Nations Unies soient informées des formes d’aide et de soutien disponibles, compte tenu notamment des questions de genre, et prie le Secrétaire général de rendre compte à la Sixième Commission, dans l’exposé qui sera présenté à la soixante-quinzième session, des formes disponibles d’aide et de soutien aux victimes ;</p>
        </content>
      </paragraph>
      <paragraph eId="para_56" class="SingleTxt">
        <num>	27.</num>
        <content eId="para_56__content">
          <p xml:space="preserve">
            <span class="italic">Prend note avec satisfaction</span> des informations fournies par les États comme suite à ses résolutions <a href="https://undocs.org/fr/A/RES/62/63">62/63</a>, <a href="https://undocs.org/fr/A/RES/63/119">63/119</a>, <a href="https://undocs.org/fr/A/RES/64/110">64/110</a>, <a href="https://undocs.org/fr/A/RES/65/20">65/20</a>, <a href="https://undocs.org/fr/A/RES/66/93">66/93</a>, <a href="https://undocs.org/fr/A/RES/67/88">67/88</a>, <a href="https://undocs.org/fr/A/RES/68/105">68/105</a>, <a href="https://undocs.org/fr/A/RES/69/114">69/114</a>, <a href="https://undocs.org/fr/A/RES/70/114">70/114</a>, <a href="https://undocs.org/fr/A/RES/71/134">71/134</a>, <a href="https://undocs.org/fr/A/RES/72/112">72/112</a> et <a href="https://undocs.org/fr/A/RES/73/196">73/196</a>, et leur demande instamment de continuer à faire le nécessaire pour appliquer ces résolutions, notamment les dispositions relatives à l’établissement de leur compétence à l’égard des infractions, en particulier des infractions graves, réprimées par leur droit pénal interne et commises par leurs nationaux fonctionnaires ou experts en mission des Nations Unies, ainsi qu’à la coopération entre États, et de fournir des précisions à ce sujet, eu égard en particulier au paragraphe 10 de la présente résolution, dans les informations qu’ils communiquent au Secrétaire général ;</p>
        </content>
      </paragraph>
      <paragraph eId="para_57" class="SingleTxt">
        <num>	28.</num>
        <content eId="para_57__content">
          <p xml:space="preserve">
            <span class="italic">Rappelle</span> avoir dans sa résolution <a href="https://undocs.org/fr/A/RES/73/196">73/196</a> prié les gouvernements de fournir des précisions sur les mesures qu’ils auront prises pour appliquer ses résolutions <a href="https://undocs.org/fr/A/RES/62/63">62/63</a>, <a href="https://undocs.org/fr/A/RES/63/119">63/119</a>, <a href="https://undocs.org/fr/A/RES/64/110">64/110</a>, <a href="https://undocs.org/fr/A/RES/65/20">65/20</a>, <a href="https://undocs.org/fr/A/RES/66/93">66/93</a>, <a href="https://undocs.org/fr/A/RES/67/88">67/88</a>, <a href="https://undocs.org/fr/A/RES/68/105">68/105</a>, <a href="https://undocs.org/fr/A/RES/69/114">69/114</a>, <a href="https://undocs.org/fr/A/RES/70/114">70/114</a>, <a href="https://undocs.org/fr/A/RES/71/134">71/134</a> et <a href="https://undocs.org/fr/A/RES/72/112">72/112</a>, et note que, comme suite à ces résolutions, elle a reçu de 61 États Membres 142 communications et 16 réponses au questionnaire entre le 6 décembre 2007 et le 25 juin 2019 ;</p>
        </content>
      </paragraph>
      <paragraph eId="para_58" class="SingleTxt">
        <num>	29.</num>
        <content eId="para_58__content">
          <p xml:space="preserve">
            <span class="italic">Prie</span> le Secrétaire général de tenir à jour, à partir des informations reçues des États Membres depuis 2007, la compilation en ligne de l’intégralité de leurs communications et réponses au questionnaire ainsi que le tableau récapitulatif en ligne de leurs textes de droit interne organisant leur compétence à l’égard de leurs nationaux fonctionnaires ou experts en mission des Nations Unies pour ce qui est des infractions, graves en particulier, réprimées par leur droit pénal, et le prie également d’établir en se fondant sur les informations reçues, pour sa soixante-quinzième session, un rapport qui donnera une vue d’ensemble de ces textes de droit interne, sous réserve d’avoir reçu suffisamment d’informations des États Membres ; </p>
        </content>
      </paragraph>
      <paragraph eId="para_59" class="SingleTxt">
        <num>	30.</num>
        <content eId="para_59__content">
          <p xml:space="preserve">
            <span class="italic">Prend acte</span> du rapport présentant les mises à jour apportées aux politiques et procédures régissant, au sein du système des Nations Unies, le traitement des allégations visées aux paragraphes 18 et 19 de la présente résolution et établi par le Secrétaire général<authorialNote marker="18" placement="bottom" eId="authorialNote_18"><p xml:space="preserve"><a href="https://undocs.org/fr/A/74/142">A/74/142</a>.</p></authorialNote>, et prie ce dernier de continuer de faire rapport sur toute éventuelle mise à jour de ces politiques et procédures et d’élaborer des recommandations concourant à l’application cohérente, systématique et coordonnée, dans l’ensemble du système des Nations Unies, de ces politiques et procédures relatives au signalement des allégations crédibles d’infraction imputable à un fonctionnaire ou expert en mission des Nations Unies, ainsi qu’aux mesures d’enquête, de renvoi et de suivi s’y rapportant ;</p>
        </content>
      </paragraph>
      <paragraph eId="para_60" class="SingleTxt">
        <num>	31.</num>
        <content eId="para_60__content">
          <p xml:space="preserve">
            <span class="italic">Prie </span>le Secrétaire général de lui rendre compte, à sa soixante-quinzième session, de l’application de la présente résolution, en particulier de ses paragraphes 10, 12, 13, 15, 18, 20 et 30, et des problèmes concrets rencontrés à cette occasion, en se fondant sur les informations reçues des États et du Secrétariat ;</p>
        </content>
      </paragraph>
      <paragraph eId="para_61" class="SingleTxt">
        <num>	32.</num>
        <content eId="para_61__content">
          <p xml:space="preserve">
            <span class="italic">Prie également</span> le Secrétaire général de continuer d’améliorer les méthodes d’établissement de rapports et d’en étendre le champ en fournissant des informations sur les allégations visées aux paragraphes 18 et 19 de la présente résolution, ainsi que les informations reçues conformément au paragraphe 20 depuis le 1<sup>er</sup> juillet 2007, en se limitant à l’entité des Nations Unies concernée, à l’année du renvoi, aux dates auxquelles il a adressé les demandes d’informations actualisées et aux méthodes utilisées à cet effet, au type d’infraction et au résumé des allégations, à l’état des enquêtes et des instances pénales et disciplinaires, même celles visant des personnes ayant quitté la mission ou n’étant plus au service des Nations Unies, aux demandes de levée de l’immunité, le cas échéant, et à tout obstacle aux poursuites, notamment en ce qui concerne la compétence ou l’administration de la preuve, tout en protégeant la vie privée des victimes et en respectant la vie privée et les droits des personnes mises en cause ;</p>
        </content>
      </paragraph>
      <paragraph eId="para_62" class="SingleTxt">
        <num>	33.</num>
        <content eId="para_62__content">
          <p xml:space="preserve">
            <span class="italic">Décide</span> d’inscrire à l’ordre du jour provisoire de sa soixante-quinzième session la question intitulée « Responsabilité pénale des fonctionnaires et des experts en mission des Nations Unies ».</p>
        </content>
      </paragraph>
    </mainBody>
    <conclusions eId="conclusions">
      <p>
        <inline name="adoptionMeeting" title="51e">51e séance plénière</inline>
        <eol />
        <docDate date="2019-12-18" refersTo="#adoptionDate">18 décembre 2019</docDate>
      </p>
    </conclusions>
  </statement>
</akomaNtoso>