<akomaNtoso xmlns:xsi="http://www.w3.org/2001/XMLSchema-instance" xsi:schemaLocation="http://docs.oasis-open.org/legaldocml/ns/akn/3.0 http://docs.oasis-open.org/legaldocml/akn-core/v1.0/os/part2-specs/schemas/akomantoso30.xsd" xmlns="http://docs.oasis-open.org/legaldocml/ns/akn/3.0" xmlns:html="http://www.w3.org/1999/xhtml" xmlns:akn4un="http://un.org/akn4un">
  <statement name="resolution">
    <meta>
      <identification source="#DGACM">
        <FRBRWork>
          <FRBRthis value="/akn/un/statement/deliberation/unga/2019-12-03/74-14/!main/"></FRBRthis>
          <FRBRuri value="/akn/un/statement/deliberation/unga/2019-12-03/74-14/"></FRBRuri>
          <FRBRdate date="2019-12-03" name="adoption"></FRBRdate>
          <FRBRauthor href="ga" as="author"></FRBRauthor>
          <FRBRcountry value="un"></FRBRcountry>
        </FRBRWork>
        <FRBRExpression>
          <FRBRthis value="/akn/un/statement/deliberation/unga/2019-12-03/74-14/fra@!main/"></FRBRthis>
          <FRBRuri value="/akn/un/statement/deliberation/unga/2019-12-03/74-14/fra@/"></FRBRuri>
          <FRBRdate date="2019-12-09" name="publication"></FRBRdate>
          <FRBRauthor href="ga" as="issuer"></FRBRauthor>
          <FRBRlanguage language="fra"></FRBRlanguage>
        </FRBRExpression>
        <FRBRManifestation>
          <FRBRthis value="/akn/un/statement/deliberation/unga/2019-12-03/74-14/fra@/!main.xml"></FRBRthis>
          <FRBRuri value="/akn/un/statement/deliberation/unga/2019-12-03/74-14/fra@.xml"></FRBRuri>
          <FRBRdate date="2020-08-19" name="markup"></FRBRdate>
          <FRBRauthor href="DGACM" as="editor"></FRBRauthor>
        </FRBRManifestation>
      </identification>
      <classification source="http://metadata.un.org/sdg">
        <keyword value="16.9" href="http://metadata.un.org/sdg/16.9" showAs="sdg_16.9" dictionary="SDGO"></keyword>
        <keyword value="human_rights" href="http://eurovoc.europa.eu/584" showAs="human_rights" dictionary="EuroVoc"></keyword>
        <keyword value="birth_reporting" href="http://metadata.un.org/thesaurus/1000633" showAs="birth_reporting" dictionary="UNBIS Thesaurus"></keyword>
        <keyword value="civil_registration" href="http://metadata.un.org/thesaurus/1001008" showAs="civil_registration" dictionary="UNBIS Thesaurus"></keyword>
        <keyword value="human_rights" href="http://metadata.un.org/thesaurus/1002975" showAs="human_rights" dictionary="UNBIS Thesaurus"></keyword>
        <keyword value="human_rights" href="http://metadata.un.org/thesaurus/140202" showAs="human_rights" dictionary="UNBIS Thesaurus"></keyword>
      </classification>
      <workflow source="#un">
        <step date="2019-11-05" outcome="draftResolution" as="A/74/L.9" by="Bahrain, Cuba, Egypt, Iraq, Jordan, Kuwait, Lebanon, Mauritania, Qatar, Saudi Arabia, Syrian Arab Republic, United Arab Emirates, Venezuela (Bolivarian Republic of) and Yemen" />
        <step date="0001-01-01" outcome="draftResolutionAdditionalSponsors" by="Algeria, Bolivia (Plurinational State of), Brunei Darussalam, Comoros, Democratic People's Republic of Korea, Djibouti, Indonesia, Malaysia, Morocco, Nicaragua, Oman, Senegal, Somalia, Sudan, Tunisia and State of Palestine" />
        <step date="0001-01-01" outcome="recommendedForAdoption" by="" />
        <step date="2019-12-03" outcome="adopted" as="A/74/PV.38" by="" />
      </workflow>
      <analysis source="#un">
        <parliamentary>
          <voting outcome="adoptedRecordedVote">
            <count value="91" refersTo="inFavour">
              <akn4un:voters>
                <organization refersTo="memberState">AFGHANISTAN</organization>
                <organization refersTo="memberState">ALGERIA</organization>
                <organization refersTo="memberState">ANGOLA</organization>
                <organization refersTo="memberState">ANTIGUA AND BARBUDA</organization>
                <organization refersTo="memberState">ARGENTINA</organization>
                <organization refersTo="memberState">ARMENIA</organization>
                <organization refersTo="memberState">AZERBAIJAN</organization>
                <organization refersTo="memberState">BAHAMAS</organization>
                <organization refersTo="memberState">BAHRAIN</organization>
                <organization refersTo="memberState">BANGLADESH</organization>
                <organization refersTo="memberState">BELARUS</organization>
                <organization refersTo="memberState">BELIZE</organization>
                <organization refersTo="memberState">BENIN</organization>
                <organization refersTo="memberState">BHUTAN</organization>
                <organization refersTo="memberState">BOLIVIA (PLURINATIONAL STATE OF)</organization>
                <organization refersTo="memberState">BOTSWANA</organization>
                <organization refersTo="memberState">BRUNEI DARUSSALAM</organization>
                <organization refersTo="memberState">CABO VERDE</organization>
                <organization refersTo="memberState">CAMBODIA</organization>
                <organization refersTo="memberState">CHILE</organization>
                <organization refersTo="memberState">CHINA</organization>
                <organization refersTo="memberState">COLOMBIA</organization>
                <organization refersTo="memberState">COSTA RICA</organization>
                <organization refersTo="memberState">CUBA</organization>
                <organization refersTo="memberState">DEMOCRATIC PEOPLE'S REPUBLIC OF KOREA</organization>
                <organization refersTo="memberState">DJIBOUTI</organization>
                <organization refersTo="memberState">DOMINICAN REPUBLIC</organization>
                <organization refersTo="memberState">ECUADOR</organization>
                <organization refersTo="memberState">EGYPT</organization>
                <organization refersTo="memberState">EL SALVADOR</organization>
                <organization refersTo="memberState">ERITREA</organization>
                <organization refersTo="memberState">ETHIOPIA</organization>
                <organization refersTo="memberState">GABON</organization>
                <organization refersTo="memberState">GAMBIA</organization>
                <organization refersTo="memberState">GUINEA</organization>
                <organization refersTo="memberState">INDIA</organization>
                <organization refersTo="memberState">INDONESIA</organization>
                <organization refersTo="memberState">IRAN (ISLAMIC REPUBLIC OF)</organization>
                <organization refersTo="memberState">IRAQ</organization>
                <organization refersTo="memberState">JAMAICA</organization>
                <organization refersTo="memberState">JORDAN</organization>
                <organization refersTo="memberState">KAZAKHSTAN</organization>
                <organization refersTo="memberState">KUWAIT</organization>
                <organization refersTo="memberState">KYRGYZSTAN</organization>
                <organization refersTo="memberState">LAO PEOPLE'S DEMOCRATIC REPUBLIC</organization>
                <organization refersTo="memberState">LEBANON</organization>
                <organization refersTo="memberState">LIBYA</organization>
                <organization refersTo="memberState">MALAYSIA</organization>
                <organization refersTo="memberState">MALDIVES</organization>
                <organization refersTo="memberState">MALI</organization>
                <organization refersTo="memberState">MAURITANIA</organization>
                <organization refersTo="memberState">MAURITIUS</organization>
                <organization refersTo="memberState">MONGOLIA</organization>
                <organization refersTo="memberState">MOROCCO</organization>
                <organization refersTo="memberState">MOZAMBIQUE</organization>
                <organization refersTo="memberState">NAMIBIA</organization>
                <organization refersTo="memberState">NEPAL</organization>
                <organization refersTo="memberState">NICARAGUA</organization>
                <organization refersTo="memberState">OMAN</organization>
                <organization refersTo="memberState">PAKISTAN</organization>
                <organization refersTo="memberState">PERU</organization>
                <organization refersTo="memberState">PHILIPPINES</organization>
                <organization refersTo="memberState">QATAR</organization>
                <organization refersTo="memberState">REPUBLIC OF MOLDOVA</organization>
                <organization refersTo="memberState">RUSSIAN FEDERATION</organization>
                <organization refersTo="memberState">SAINT LUCIA</organization>
                <organization refersTo="memberState">SAINT VINCENT AND THE GRENADINES</organization>
                <organization refersTo="memberState">SAUDI ARABIA</organization>
                <organization refersTo="memberState">SENEGAL</organization>
                <organization refersTo="memberState">SIERRA LEONE</organization>
                <organization refersTo="memberState">SINGAPORE</organization>
                <organization refersTo="memberState">SOUTH AFRICA</organization>
                <organization refersTo="memberState">SRI LANKA</organization>
                <organization refersTo="memberState">SUDAN</organization>
                <organization refersTo="memberState">SURINAME</organization>
                <organization refersTo="memberState">SYRIAN ARAB REPUBLIC</organization>
                <organization refersTo="memberState">TAJIKISTAN</organization>
                <organization refersTo="memberState">THAILAND</organization>
                <organization refersTo="memberState">TIMOR-LESTE</organization>
                <organization refersTo="memberState">TUNISIA</organization>
                <organization refersTo="memberState">TURKEY</organization>
                <organization refersTo="memberState">TURKMENISTAN</organization>
                <organization refersTo="memberState">UGANDA</organization>
                <organization refersTo="memberState">UNITED ARAB EMIRATES</organization>
                <organization refersTo="memberState">URUGUAY</organization>
                <organization refersTo="memberState">UZBEKISTAN</organization>
                <organization refersTo="memberState">VENEZUELA (BOLIVARIAN REPUBLIC OF)</organization>
                <organization refersTo="memberState">VIET NAM</organization>
                <organization refersTo="memberState">YEMEN</organization>
                <organization refersTo="memberState">ZAMBIA</organization>
                <organization refersTo="memberState">ZIMBABWE</organization>
              </akn4un:voters>
            </count>
            <count value="9" refersTo="against">
              <akn4un:voters>
                <organization refersTo="memberState">AUSTRALIA</organization>
                <organization refersTo="memberState">BRAZIL</organization>
                <organization refersTo="memberState">CANADA</organization>
                <organization refersTo="memberState">ISRAEL</organization>
                <organization refersTo="memberState">MARSHALL ISLANDS</organization>
                <organization refersTo="memberState">MICRONESIA (FEDERATED STATES OF)</organization>
                <organization refersTo="memberState">PALAU</organization>
                <organization refersTo="memberState">UNITED KINGDOM</organization>
                <organization refersTo="memberState">UNITED STATES</organization>
              </akn4un:voters>
            </count>
            <count value="65" refersTo="abstaining">
              <akn4un:voters>
                <organization refersTo="memberState">ALBANIA</organization>
                <organization refersTo="memberState">ANDORRA</organization>
                <organization refersTo="memberState">AUSTRIA</organization>
                <organization refersTo="memberState">BELGIUM</organization>
                <organization refersTo="memberState">BOSNIA AND HERZEGOVINA</organization>
                <organization refersTo="memberState">BULGARIA</organization>
                <organization refersTo="memberState">CAMEROON</organization>
                <organization refersTo="memberState">COTE D'IVOIRE</organization>
                <organization refersTo="memberState">CROATIA</organization>
                <organization refersTo="memberState">CYPRUS</organization>
                <organization refersTo="memberState">CZECHIA</organization>
                <organization refersTo="memberState">DENMARK</organization>
                <organization refersTo="memberState">ESTONIA</organization>
                <organization refersTo="memberState">FIJI</organization>
                <organization refersTo="memberState">FINLAND</organization>
                <organization refersTo="memberState">FRANCE</organization>
                <organization refersTo="memberState">GEORGIA</organization>
                <organization refersTo="memberState">GERMANY</organization>
                <organization refersTo="memberState">GHANA</organization>
                <organization refersTo="memberState">GREECE</organization>
                <organization refersTo="memberState">GUATEMALA</organization>
                <organization refersTo="memberState">HONDURAS</organization>
                <organization refersTo="memberState">HUNGARY</organization>
                <organization refersTo="memberState">ICELAND</organization>
                <organization refersTo="memberState">IRELAND</organization>
                <organization refersTo="memberState">ITALY</organization>
                <organization refersTo="memberState">JAPAN</organization>
                <organization refersTo="memberState">KENYA</organization>
                <organization refersTo="memberState">LATVIA</organization>
                <organization refersTo="memberState">LIECHTENSTEIN</organization>
                <organization refersTo="memberState">LITHUANIA</organization>
                <organization refersTo="memberState">LUXEMBOURG</organization>
                <organization refersTo="memberState">MALTA</organization>
                <organization refersTo="memberState">MEXICO</organization>
                <organization refersTo="memberState">MONACO</organization>
                <organization refersTo="memberState">MONTENEGRO</organization>
                <organization refersTo="memberState">NAURU</organization>
                <organization refersTo="memberState">NETHERLANDS</organization>
                <organization refersTo="memberState">NEW ZEALAND</organization>
                <organization refersTo="memberState">NIGERIA</organization>
                <organization refersTo="memberState">NORTH MACEDONIA</organization>
                <organization refersTo="memberState">NORWAY</organization>
                <organization refersTo="memberState">PANAMA</organization>
                <organization refersTo="memberState">PAPUA NEW GUINEA</organization>
                <organization refersTo="memberState">PARAGUAY</organization>
                <organization refersTo="memberState">POLAND</organization>
                <organization refersTo="memberState">PORTUGAL</organization>
                <organization refersTo="memberState">REPUBLIC OF KOREA</organization>
                <organization refersTo="memberState">ROMANIA</organization>
                <organization refersTo="memberState">RWANDA</organization>
                <organization refersTo="memberState">SAMOA</organization>
                <organization refersTo="memberState">SAN MARINO</organization>
                <organization refersTo="memberState">SERBIA</organization>
                <organization refersTo="memberState">SLOVAKIA</organization>
                <organization refersTo="memberState">SLOVENIA</organization>
                <organization refersTo="memberState">SOLOMON ISLANDS</organization>
                <organization refersTo="memberState">SOUTH SUDAN</organization>
                <organization refersTo="memberState">SPAIN</organization>
                <organization refersTo="memberState">SWEDEN</organization>
                <organization refersTo="memberState">SWITZERLAND</organization>
                <organization refersTo="memberState">TOGO</organization>
                <organization refersTo="memberState">TONGA</organization>
                <organization refersTo="memberState">TUVALU</organization>
                <organization refersTo="memberState">UKRAINE</organization>
                <organization refersTo="memberState">VANUATU</organization>
              </akn4un:voters>
            </count>
          </voting>
        </parliamentary>
      </analysis>
      <references source="#DGACM">
        <TLCOrganization eId="source" href="/akn/ontology/organization/un/DGACM" showAs="DGACM"></TLCOrganization>
        <TLCConcept eId="dateOfIssuance" href="/akn/ontology/concept/un/dateOfIssuance" showAs="Date of issuance"></TLCConcept>
        <TLCConcept eId="dateOfAdoption" href="/akn/ontology/concept/un/dateOfAdoption" showAs="Date of adoption"></TLCConcept>
        <TLCConcept eId="symbol" href="/akn/ontology/reference/un/symbol" showAs="Symbol"></TLCConcept>
        <TLCRole eId="publisher" href="/akn/ontology/role/un/publisher" showAs="Publisher"></TLCRole>
        <TLCRole eId="issuingBody" href="/akn/role/concept/un/issuingBody" showAs="Issuing body"></TLCRole>
        <TLCRole eId="author" href="/akn/ontology/role/un/author" showAs="Author"></TLCRole>
        <TLCRole eId="editor" href="/akn/ontology/role/un/editor" showAs="Editor"></TLCRole>
        <TLCRole eId="distribution" href="/akn/ontology/concept/un/generalDistribution" showAs="General distribution"></TLCRole>
        <TLCOrganization eId="ga" href="/akn/ontology/organization/un/generalAssembly" showAs="General Assembly"></TLCOrganization>
        <TLCTerm eId="resolutionTitle" href="/akn/ontology/reference/un/resolutionTitle" showAs="Resolution title"></TLCTerm>
        <TLCTerm eId="noMainCommittee" href="#noMainCommittee" showAs="sans renvoi à une grande commission"></TLCTerm>
        <TLCTerm eId="memberState" href="/akn/ontology/organization/un/memberState" showAs="Member State"></TLCTerm>
        <TLCTerm eId="inFavour" href="/akn/ontology/concept/un/voting/inFavour" showAs="In favour"></TLCTerm>
        <TLCTerm eId="against" href="/akn/ontology/concept/un/voting/against" showAs="Against"></TLCTerm>
        <TLCTerm eId="abstaining" href="/akn/ontology/concept/un/voting/abstaining" showAs="Abstaining"></TLCTerm>
      </references>
      <presentation source="#un">
        <akn4un:footerFirstPage>
          <akn4un:footerFirstPageLeft>
            <akn4un:internalCode>
              <docketNumber refersTo="#publicationJobNumber">19-20916 (F)</docketNumber>
              <img alt="bar code" class="barCode" src=""></img>
            </akn4un:internalCode>
          </akn4un:footerFirstPageLeft>
          <akn4un:footerFirstPageRight>
            <img alt="Please recycle" class="image" src="./recylcleLogo.jpg"></img>
            <img alt="embedded QR code" class="qrCode" src=""></img>
          </akn4un:footerFirstPageRight>
        </akn4un:footerFirstPage>
      </presentation>
    </meta>
    <coverPage eId="coverPage_1">
      <p>
        <span refersTo="#publisher" class="upperLeft">
          <docAuthority refersTo="#publisher">Nations Unies</docAuthority>
        </span>
      </p>
      <p class="upperRight">
        <docNumber refersTo="#symbol">A/RES/74/14</docNumber>
      </p>
      <p class="upperLeft">
        <img src="logo-un.jpg"></img>
        <docAuthority refersTo="#issuingBody" class="rightBig">Assemblée générale</docAuthority>
      </p>
      <p>
        <docStatus refersTo="#generalDistribution" class="rightSmall">Distr. générale</docStatus>
      </p>
      <p>
        <docDate date="2019-12-09" class="rightSmall" refersTo="#dateOfIssuance">9 décembre 2019</docDate>
      </p>
      <p>
        <session refersTo="#generalAssembly" value="74" eId="coverPage_1__session_1">Soixante-quatorzième session</session>
      </p>
      <p>
        <inline name="agenda item">Point 34 de l’ordre du jour</inline>
      </p>
      <p>
        <inline name="agenda item name">La situation au Moyen-Orient</inline>
      </p>
      <p>
        <docTitle>Résolution adoptée par l’Assemblée générale le 3 décembre 2019</docTitle>
      </p>
      <p xml:space="preserve">
        <docProponent refersTo="#noMainCommittee">[sans renvoi à une grande commission (<inline name="originating document">A/74/L.9 et A/74/L.9/Add.1</inline>)]</docProponent>
      </p>
    </coverPage>
    <preface>
      <p>
        <docNumber>74/14.</docNumber>
        <docTitle refersTo="#resolutionTitle">Le Golan syrien</docTitle>
      </p>
    </preface>
    <preamble>
      <formula name="enactingFormula" eId="formula_1">
        <p xml:space="preserve">
          <span class="italic">L’Assemblée générale</span>,</p>
      </formula>
      <container name="Ayant examiné" eId="container_2">
        <p xml:space="preserve">
          <span class="italic">Ayant examiné</span> le point de l’ordre du jour intitulé « La situation au Moyen‑Orient »,</p>
      </container>
      <container name="Prenant acte" eId="container_3">
        <p xml:space="preserve">
          <span class="italic">Prenant acte</span> du rapport du Secrétaire général sur la situation au Moyen‑Orient<authorialNote marker="1" placement="bottom" eId="authorialNote_1"><p xml:space="preserve"><a href="https://undocs.org/fr/A/74/310">A/74/310</a>.</p></authorialNote>,</p>
      </container>
      <container name="Rappelant" eId="container_4">
        <p xml:space="preserve">
          <span class="italic">Rappelant</span> la résolution <a href="https://undocs.org/fr/S/RES/497 (1981)">497 (1981)</a> du Conseil de sécurité en date du 17 décembre 1981,</p>
      </container>
      <container name="Réaffirmant " eId="container_5">
        <p xml:space="preserve">
          <span class="italic">Réaffirmant </span>le principe fondamental de l’inadmissibilité de l’acquisition de territoire par la force, conformément au droit international et à la Charte des Nations Unies,</p>
      </container>
      <container name="Réaffirmant une fois de plus" eId="container_6">
        <p xml:space="preserve">
          <span class="italic">Réaffirmant une fois de plus</span> que la Convention de Genève relative à la protection des personnes civiles en temps de guerre, du 12 août 1949<authorialNote marker="2" placement="bottom" eId="authorialNote_2"><p xml:space="preserve">		Nations Unies, <span class="italic">Recueil des Traités</span>, vol. 75, n<sup>o</sup> 973.</p></authorialNote>, s’applique au Golan syrien occupé,</p>
      </container>
      <container name="Profondément préoccupée" eId="container_7">
        <p xml:space="preserve">
          <span class="italic">Profondément préoccupée</span> par le fait que, au mépris des résolutions du Conseil de sécurité sur la question et des siennes propres, Israël ne s’est pas retiré du Golan syrien occupé depuis 1967,</p>
      </container>
      <container name="Soulignant" eId="container_8">
        <p xml:space="preserve">
          <span class="italic">Soulignant</span> que l’implantation de colonies de peuplement et les autres activités menées par Israël dans le Golan syrien occupé depuis 1967 sont illégales,</p>
      </container>
      <container name="Notant avec satisfaction" eId="container_9">
        <p xml:space="preserve">
          <span class="italic">Notant avec satisfaction</span> que s’est réunie à Madrid, le 30 octobre 1991, la Conférence de la paix sur le Moyen-Orient, organisée sur la base des résolutions du Conseil de sécurité <a href="https://undocs.org/fr/S/RES/242 (1967)">242 (1967)</a> du 22 novembre 1967, <a href="https://undocs.org/fr/S/RES/338 (1973)">338 (1973)</a> du 22 octobre 1973 et <a href="https://undocs.org/fr/S/RES/425 (1978)">425 (1978)</a> du 19 mars 1978, ainsi que du principe de l’échange de territoires contre la paix,</p>
      </container>
      <container name="Se déclarant profondément préoccupée" eId="container_10">
        <p xml:space="preserve">
          <span class="italic">Se déclarant profondément préoccupée</span> par l’arrêt des pourparlers tenus dans le cadre du volet syrien des négociations de paix et exprimant l’espoir qu’ils reprendront prochainement là où ils s’étaient arrêtés,</p>
      </container>
    </preamble>
    <mainBody>
      <paragraph eId="para_11" class="SingleTxt">
        <num>	1.</num>
        <content eId="para_11__content">
          <p xml:space="preserve">
            <span class="italic">Déclare</span> qu’Israël ne s’est toujours pas conformé à la résolution <a href="https://undocs.org/fr/S/RES/497 (1981)">497 (1981)</a> du Conseil de sécurité ;</p>
        </content>
      </paragraph>
      <paragraph eId="para_12" class="SingleTxt">
        <num>	2.</num>
        <content eId="para_12__content">
          <p xml:space="preserve">
            <span class="italic">Déclare également</span> que la décision du 14 décembre 1981, par laquelle Israël a imposé ses lois, sa juridiction et son administration au Golan syrien occupé, est nulle et non avenue et sans validité aucune, comme le Conseil de sécurité l’a confirmé dans sa résolution <a href="https://undocs.org/fr/S/RES/497 (1981)">497 (1981)</a>, et demande à Israël de la rapporter ;</p>
        </content>
      </paragraph>
      <paragraph eId="para_13" class="SingleTxt">
        <num>	3.</num>
        <content eId="para_13__content">
          <p xml:space="preserve">
            <span class="italic">Réaffirme</span> qu’elle a déterminé que toutes les dispositions pertinentes du règlement annexé à la Convention de La Haye de 1907 et de la Convention de Genève relative à la protection des personnes civiles en temps de guerre, du 12 août 1949<sup>2</sup>, continuent de s’appliquer au territoire syrien occupé par Israël depuis 1967 et demande aux parties à ces instruments de respecter et de faire respecter en toutes circonstances les obligations qui en découlent ;</p>
        </content>
      </paragraph>
      <paragraph eId="para_14" class="SingleTxt">
        <num>	4.</num>
        <content eId="para_14__content">
          <p xml:space="preserve">
            <span class="italic">Constate une fois de plus</span> que le maintien de l’occupation du Golan syrien et son annexion de facto font obstacle à l’instauration d’une paix juste, globale et durable dans la région ;</p>
        </content>
      </paragraph>
      <paragraph eId="para_15" class="SingleTxt">
        <num>	5.</num>
        <content eId="para_15__content">
          <p xml:space="preserve">
            <span class="italic">Demande </span>à Israël de relancer les volets syrien et libanais des pourparlers et de respecter les garanties et engagements précédemment souscrits ;</p>
        </content>
      </paragraph>
      <paragraph eId="para_16" class="SingleTxt">
        <num>	6.</num>
        <content eId="para_16__content">
          <p xml:space="preserve">
            <span class="italic">Exige une fois de plus</span> qu’en application des résolutions pertinentes du Conseil de sécurité, Israël se retire de tout le Golan syrien occupé jusqu’à la ligne du 4 juin 1967 ;</p>
        </content>
      </paragraph>
      <paragraph eId="para_17" class="SingleTxt">
        <num>	7.</num>
        <content eId="para_17__content">
          <p xml:space="preserve">
            <span class="italic">Demande</span> à toutes les parties intéressées, aux coparrains du processus de paix et à la communauté internationale tout entière de faire tout le nécessaire pour assurer la reprise du processus de paix et son succès grâce à l’application des résolutions <a href="https://undocs.org/fr/S/RES/242 (1967)">242 (1967)</a> et <a href="https://undocs.org/fr/S/RES/338 (1973)">338 (1973)</a> du Conseil de sécurité ;</p>
        </content>
      </paragraph>
      <paragraph eId="para_18" class="SingleTxt">
        <num>	8.</num>
        <content eId="para_18__content">
          <p xml:space="preserve">
            <span class="italic">Prie</span> le Secrétaire général de lui rendre compte à sa soixante‑quinzième session de l’application de la présente résolution.</p>
        </content>
      </paragraph>
    </mainBody>
    <conclusions eId="conclusions">
      <p>
        <inline name="adoptionMeeting" title="38e">38e séance plénière</inline>
        <eol />
        <docDate date="2019-12-03" refersTo="#adoptionDate">3 décembre 2019</docDate>
      </p>
    </conclusions>
  </statement>
</akomaNtoso>