<akomaNtoso xmlns:xsi="http://www.w3.org/2001/XMLSchema-instance" xsi:schemaLocation="http://docs.oasis-open.org/legaldocml/ns/akn/3.0 http://docs.oasis-open.org/legaldocml/akn-core/v1.0/os/part2-specs/schemas/akomantoso30.xsd" xmlns="http://docs.oasis-open.org/legaldocml/ns/akn/3.0" xmlns:html="http://www.w3.org/1999/xhtml" xmlns:akn4un="http://un.org/akn4un">
  <statement name="resolution">
    <meta>
      <identification source="#DGACM">
        <FRBRWork>
          <FRBRthis value="/akn/un/statement/deliberation/unga/2019-12-18/74-135/!main/"></FRBRthis>
          <FRBRuri value="/akn/un/statement/deliberation/unga/2019-12-18/74-135/"></FRBRuri>
          <FRBRdate date="2019-12-18" name="adoption"></FRBRdate>
          <FRBRauthor href="ga" as="author"></FRBRauthor>
          <FRBRcountry value="un"></FRBRcountry>
        </FRBRWork>
        <FRBRExpression>
          <FRBRthis value="/akn/un/statement/deliberation/unga/2019-12-18/74-135/fra@!main/"></FRBRthis>
          <FRBRuri value="/akn/un/statement/deliberation/unga/2019-12-18/74-135/fra@/"></FRBRuri>
          <FRBRdate date="2020-01-23" name="publication"></FRBRdate>
          <FRBRauthor href="ga" as="issuer"></FRBRauthor>
          <FRBRlanguage language="fra"></FRBRlanguage>
        </FRBRExpression>
        <FRBRManifestation>
          <FRBRthis value="/akn/un/statement/deliberation/unga/2019-12-18/74-135/fra@/!main.xml"></FRBRthis>
          <FRBRuri value="/akn/un/statement/deliberation/unga/2019-12-18/74-135/fra@.xml"></FRBRuri>
          <FRBRdate date="2020-08-21" name="markup"></FRBRdate>
          <FRBRauthor href="DGACM" as="editor"></FRBRauthor>
        </FRBRManifestation>
      </identification>
      <classification source="http://metadata.un.org/sdg">
        <keyword value="3" href="http://metadata.un.org/sdg/3" showAs="sdg_3" dictionary="SDGO"></keyword>
        <keyword value="public_health" href="http://eurovoc.europa.eu/3885" showAs="public_health" dictionary="EuroVoc"></keyword>
        <keyword value="health" href="http://metadata.un.org/thesaurus/1002824" showAs="health" dictionary="UNBIS Thesaurus"></keyword>
      </classification>
      <classification source="http://metadata.un.org/sdg">
        <keyword value="4" href="http://metadata.un.org/sdg/4" showAs="sdg_4" dictionary="SDGO"></keyword>
        <keyword value="education" href="http://eurovoc.europa.eu/668" showAs="education" dictionary="EuroVoc"></keyword>
        <keyword value="right_to_education" href="http://eurovoc.europa.eu/512" showAs="right_to_education" dictionary="EuroVoc"></keyword>
        <keyword value="education" href="http://metadata.un.org/thesaurus/1001893" showAs="education" dictionary="UNBIS Thesaurus"></keyword>
      </classification>
      <classification source="http://metadata.un.org/sdg">
        <keyword value="16" href="http://metadata.un.org/sdg/16" showAs="sdg_16" dictionary="SDGO"></keyword>
        <keyword value="right_to_justice" href="http://eurovoc.europa.eu/516" showAs="right_to_justice" dictionary="EuroVoc"></keyword>
        <keyword value="sustainable_development" href="http://eurovoc.europa.eu/5585" showAs="sustainable_development" dictionary="EuroVoc"></keyword>
        <keyword value="civil_society" href="http://metadata.un.org/thesaurus/1001012" showAs="civil_society" dictionary="UNBIS Thesaurus"></keyword>
        <keyword value="justice" href="http://metadata.un.org/thesaurus/1003500" showAs="justice" dictionary="UNBIS Thesaurus"></keyword>
        <keyword value="peaceful_coexistence" href="http://metadata.un.org/thesaurus/1004777" showAs="peaceful_coexistence" dictionary="UNBIS Thesaurus"></keyword>
        <keyword value="public_institutions" href="http://metadata.un.org/thesaurus/1005254" showAs="public_institutions" dictionary="UNBIS Thesaurus"></keyword>
        <keyword value="social_justice" href="http://metadata.un.org/thesaurus/1005970" showAs="social_justice" dictionary="UNBIS Thesaurus"></keyword>
        <keyword value="sustainable_development" href="http://metadata.un.org/thesaurus/1006319" showAs="sustainable_development" dictionary="UNBIS Thesaurus"></keyword>
      </classification>
      <classification source="http://metadata.un.org/sdg">
        <keyword value="17" href="http://metadata.un.org/sdg/17" showAs="sdg_17" dictionary="SDGO"></keyword>
        <keyword value="sustainable_development" href="http://eurovoc.europa.eu/5585" showAs="sustainable_development" dictionary="EuroVoc"></keyword>
        <keyword value="partnership" href="http://eurovoc.europa.eu/4199" showAs="partnership" dictionary="EuroVoc"></keyword>
        <keyword value="sustainable_development" href="http://metadata.un.org/thesaurus/1006319" showAs="sustainable_development" dictionary="UNBIS Thesaurus"></keyword>
        <keyword value="partnership" href="http://metadata.un.org/thesaurus/1004748" showAs="partnership" dictionary="UNBIS Thesaurus"></keyword>
      </classification>
      <workflow source="#un">
        <step date="2019-11-06" outcome="draftResolution" as="A/C.3/74/L.19/Rev.1" by="Argentina, Belize, Bolivia (Plurinational State of), Colombia, Cuba, Ecuador, Honduras, Mexico, Nicaragua and Venezuela (Bolivarian Republic of)" />
        <step date="0001-01-01" outcome="draftResolutionAdditionalSponsors" by="Armenia, Australia, Canada, Costa Rica, Croatia, Cyprus, Denmark, Dominican Republic, El Salvador, Estonia, Finland, Germany, Greece, Guatemala, Iceland, Ireland, Malaysia, Malta, New Zealand, Norway, Palau, Panama, Paraguay, Peru, Republic of Moldova, Slovenia, Spain, Sweden and Ukraine" />
        <step date="0001-01-01" outcome="recommendedForAdoption" as="A/74/396" by="" refersTo="10" />
        <step date="2019-12-18" outcome="adopted" as="A/74/PV.50" by="" />
      </workflow>
      <analysis source="#un">
        <parliamentary>
          <voting outcome="adoptedWithoutVote">
            <quorum value=""></quorum>
          </voting>
        </parliamentary>
      </analysis>
      <references source="#DGACM">
        <TLCOrganization eId="source" href="/akn/ontology/organization/un/DGACM" showAs="DGACM"></TLCOrganization>
        <TLCConcept eId="dateOfIssuance" href="/akn/ontology/concept/un/dateOfIssuance" showAs="Date of issuance"></TLCConcept>
        <TLCConcept eId="dateOfAdoption" href="/akn/ontology/concept/un/dateOfAdoption" showAs="Date of adoption"></TLCConcept>
        <TLCConcept eId="symbol" href="/akn/ontology/reference/un/symbol" showAs="Symbol"></TLCConcept>
        <TLCRole eId="publisher" href="/akn/ontology/role/un/publisher" showAs="Publisher"></TLCRole>
        <TLCRole eId="issuingBody" href="/akn/role/concept/un/issuingBody" showAs="Issuing body"></TLCRole>
        <TLCRole eId="author" href="/akn/ontology/role/un/author" showAs="Author"></TLCRole>
        <TLCRole eId="editor" href="/akn/ontology/role/un/editor" showAs="Editor"></TLCRole>
        <TLCRole eId="distribution" href="/akn/ontology/concept/un/generalDistribution" showAs="General distribution"></TLCRole>
        <TLCOrganization eId="ga" href="/akn/ontology/organization/un/generalAssembly" showAs="General Assembly"></TLCOrganization>
        <TLCTerm eId="resolutionTitle" href="/akn/ontology/reference/un/resolutionTitle" showAs="Resolution title"></TLCTerm>
        <TLCTerm eId="thirdCommittee" href="#thirdCommittee" showAs="Troisième Commission"></TLCTerm>
        <TLCTerm eId="memberState" href="/akn/ontology/organization/un/memberState" showAs="Member State"></TLCTerm>
        <TLCTerm eId="inFavour" href="/akn/ontology/concept/un/voting/inFavour" showAs="In favour"></TLCTerm>
        <TLCTerm eId="against" href="/akn/ontology/concept/un/voting/against" showAs="Against"></TLCTerm>
        <TLCTerm eId="abstaining" href="/akn/ontology/concept/un/voting/abstaining" showAs="Abstaining"></TLCTerm>
      </references>
      <presentation source="#un">
        <akn4un:footerFirstPage>
          <akn4un:footerFirstPageLeft>
            <akn4un:internalCode>
              <docketNumber refersTo="#publicationJobNumber">19-22233 (F)</docketNumber>
              <img alt="bar code" class="barCode" src=""></img>
            </akn4un:internalCode>
          </akn4un:footerFirstPageLeft>
          <akn4un:footerFirstPageRight>
            <img alt="Please recycle" class="image" src="./recylcleLogo.jpg"></img>
            <img alt="embedded QR code" class="qrCode" src=""></img>
          </akn4un:footerFirstPageRight>
        </akn4un:footerFirstPage>
      </presentation>
    </meta>
    <coverPage eId="coverPage_1">
      <p>
        <span refersTo="#publisher" class="upperLeft">
          <docAuthority refersTo="#publisher">Nations Unies</docAuthority>
        </span>
      </p>
      <p class="upperRight">
        <docNumber refersTo="#symbol">A/RES/74/135</docNumber>
      </p>
      <p class="upperLeft">
        <img src="logo-un.jpg"></img>
        <docAuthority refersTo="#issuingBody" class="rightBig">Assemblée générale</docAuthority>
      </p>
      <p>
        <docStatus refersTo="#generalDistribution" class="rightSmall">Distr. générale</docStatus>
      </p>
      <p>
        <docDate date="2020-01-23" class="rightSmall" refersTo="#dateOfIssuance">23 janvier 2020</docDate>
      </p>
      <p>
        <session refersTo="#generalAssembly" value="74" eId="coverPage_1__session_1">Soixante-quatorzième session</session>
      </p>
      <p>
        <inline name="agenda item">Point 67 a) de l’ordre du jour</inline>
      </p>
      <p>
        <inline name="agenda item name">Droits des peuples autochtones : droits des peuples autochtones</inline>
      </p>
      <p>
        <docTitle>Résolution adoptée par l’Assemblée générale le 18 décembre 2019</docTitle>
      </p>
      <p xml:space="preserve">
        <docProponent refersTo="#thirdCommittee">[sur la base du rapport de la Troisième Commission (<inline name="originating document">A/74/396</inline>)]</docProponent>
      </p>
    </coverPage>
    <preface>
      <p>
        <docNumber>74/135.</docNumber>
        <docTitle refersTo="#resolutionTitle">Droits des peuples autochtones</docTitle>
      </p>
    </preface>
    <preamble>
      <formula name="enactingFormula" eId="formula_1">
        <p xml:space="preserve">
          <span class="italic">L’Assemblée générale</span>,</p>
      </formula>
      <container name="Rappelant" eId="container_2">
        <p xml:space="preserve">
          <span class="italic">	Rappelant</span> toutes ses résolutions pertinentes et toutes celles du Conseil des droits de l’homme et du Conseil économique et social qui ont trait aux droits des peuples autochtones, réaffirmant ses résolutions <a href="https://undocs.org/fr/A/RES/65/198">65/198</a> du 21 décembre 2010, <a href="https://undocs.org/fr/A/RES/66/142">66/142</a> du 19 décembre 2011, <a href="https://undocs.org/fr/A/RES/67/153">67/153</a> du 20 décembre 2012, <a href="https://undocs.org/fr/A/RES/68/149">68/149</a> du 18 décembre 2013, <a href="https://undocs.org/fr/A/RES/69/2">69/2</a> du 22 septembre 2014, <a href="https://undocs.org/fr/A/RES/69/159">69/159</a> du 18 décembre 2014, <a href="https://undocs.org/fr/A/RES/70/232">70/232</a> du 23 décembre 2015, <a href="https://undocs.org/fr/A/RES/71/178">71/178</a> du 19 décembre 2016, <a href="https://undocs.org/fr/A/RES/71/321">71/321</a> du 8 septembre 2017, <a href="https://undocs.org/fr/A/RES/72/155">72/155</a> du 19 décembre 2017, <a href="https://undocs.org/fr/A/RES/72/247">72/247</a> du 24 décembre 2017 et <a href="https://undocs.org/fr/A/RES/73/156">73/156</a> du 17 décembre 2018, et rappelant les résolutions <a href="https://undocs.org/fr/A/HRC/RES/27/13">27/13</a> du 25 septembre 2014<authorialNote marker="1" placement="bottom" eId="authorialNote_1"><p xml:space="preserve">		Voir <span class="italic">Documents officiels de l’Assemblée générale, soixante-neuvième session, Supplément n</span><span class="italic"><sup>o</sup></span><span class="italic"> 53A</span> et rectificatif (<a href="https://undocs.org/fr/A/69/53/Add.1">A/69/53/Add.1</a> et <a href="https://undocs.org/fr/A/69/53/Add.1/Corr.2">A/69/53/Add.1/Corr.2</a>), chap. IV, sect. A.</p></authorialNote>, <a href="https://undocs.org/fr/A/HRC/RES/30/4">30/4</a> du 1<sup>er</sup> octobre 2015<authorialNote marker="2" placement="bottom" eId="authorialNote_2"><p xml:space="preserve">		Ibid., <span class="italic">soixante-dixième session, Supplément n</span><span class="italic"><sup>o</sup></span><span class="italic"> 53A</span> (<a href="https://undocs.org/fr/A/70/53/Add.1">A/70/53/Add.1</a>), chap. III.</p></authorialNote>, <a href="https://undocs.org/fr/A/HRC/RES/33/12">33/12</a> et <a href="https://undocs.org/fr/A/HRC/RES/33/13">33/13</a> du 29 septembre 2016<authorialNote marker="3" placement="bottom" eId="authorialNote_3"><p xml:space="preserve">		Ibid., <span class="italic">soixante et onzième session, Supplément n</span><span class="italic"><sup>o</sup></span><span class="italic"> 53A </span>et rectificatif (<a href="https://undocs.org/fr/A/71/53/Add.1">A/71/53/Add.1</a> et <a href="https://undocs.org/fr/A/71/53/Add.1/Corr.1">A/71/53/Add.1/Corr.1</a>), chap. II.</p></authorialNote>, <a href="https://undocs.org/fr/A/HRC/RES/36/14">36/14</a> du 28 septembre 2017<authorialNote marker="4" placement="bottom" eId="authorialNote_4"><p xml:space="preserve">		Ibid., <span class="italic">soixante-douzième session, Supplément n</span><span class="italic"><sup>o</sup></span><span class="italic"> 53A </span>(<a href="https://undocs.org/fr/A/72/53/Add.1">A/72/53/Add.1</a>), chap. III.</p></authorialNote>, <a href="https://undocs.org/fr/A/HRC/RES/39/13">39/13</a> du 28 septembre 2018<authorialNote marker="5" placement="bottom" eId="authorialNote_5"><p xml:space="preserve">		Ibid., <span class="italic">soixante treizième session</span>, <span class="italic">Supplément n</span><span class="italic"><sup>o</sup></span><span class="italic"> 53A</span> (<a href="https://undocs.org/fr/A/73/53/Add.1">A/73/53/Add.1</a>), chap. II.</p></authorialNote> et <a href="https://undocs.org/fr/A/HRC/RES/42/19">42/19</a> du 26 septembre 2019<authorialNote marker="6" placement="bottom" eId="authorialNote_6"><p xml:space="preserve">		Ibid., <span class="italic">soixante-quatorzième session, Supplément n</span><span class="italic"><sup>o</sup></span><span class="italic"> 53A</span> (<a href="https://undocs.org/fr/A/74/53/Add.1">A/74/53/Add.1</a>), chap. III.</p></authorialNote> du Conseil des droits de l’homme,</p>
      </container>
      <container name="Réaffirmant" eId="container_3">
        <p xml:space="preserve">
          <span class="italic">	Réaffirmant</span> la Déclaration des Nations Unies sur les droits des peuples autochtones<authorialNote marker="7" placement="bottom" eId="authorialNote_7"><p xml:space="preserve">		Résolution <a href="https://undocs.org/fr/A/RES/61/295">61/295</a>, annexe.</p></authorialNote>, qui est consacrée aux droits individuels et collectifs de ces peuples et qui a eu une influence positive sur l’élaboration de plusieurs constitutions et statuts aux niveaux national et local, en plus de contribuer au développement progressif de cadres et de politiques juridiques sur les plans national et international,</p>
      </container>
      <container name="Rappelant " eId="container_4">
        <p xml:space="preserve">
          <span class="italic">	Rappelant </span>le document final de sa réunion plénière de haut niveau, dite Conférence mondiale sur les peuples autochtones, qui s’est tenue à New York les 22 et 23 septembre 2014<authorialNote marker="8" placement="bottom" eId="authorialNote_8"><p xml:space="preserve">		Résolution <a href="https://undocs.org/fr/A/RES/69/2">69/2</a>.</p></authorialNote>, dans lequel les chefs d’État et de gouvernement, ministres et représentants des États Membres ont réaffirmé le rôle important et continu des Nations Unies dans la promotion et la protection des droits des peuples autochtones, rappelant que les préparatifs de la réunion plénière de haut niveau ont associé toutes les parties, en particulier que des représentants de peuples autochtones y ont largement contribué, et saluant et réaffirmant les engagements, mesures et initiatives pris par les États, le système des Nations Unies, les peuples autochtones et d’autres acteurs dans le cadre de son application,</p>
      </container>
      <container name="Encourageant" eId="container_5">
        <p xml:space="preserve">
          <span class="italic">	Encourageant</span> les peuples autochtones à prendre une part active dans l’application du document final de sa réunion plénière de haut niveau, dite Conférence mondiale sur les peuples autochtones, y compris aux échelons régional et mondial,</p>
      </container>
      <container name="Rappelant" eId="container_6">
        <p xml:space="preserve">
          <span class="italic">Rappelant</span> le Programme de développement durable à l’horizon 2030<authorialNote marker="9" placement="bottom" eId="authorialNote_9"><p xml:space="preserve">		Résolution <a href="https://undocs.org/fr/A/RES/70/1">70/1</a>.</p></authorialNote>, et soulignant qu’il faut veiller à ce que personne ne soit laissé de côté et s’attacher à aider les plus défavorisés en premier, notamment les peuples autochtones, qui devraient participer et contribuer à la mise en œuvre du Programme 2030 et en tirer parti sans discrimination, et encourageant les États Membres à tenir dûment compte de tous les droits des peuples autochtones dans l’application du Programme 2030,</p>
      </container>
      <container name="Soulignant" eId="container_7">
        <p xml:space="preserve">
          <span class="italic">	Soulignant</span> qu’il importe de promouvoir et de réaliser les objectifs de la Déclaration des Nations Unies sur les droits des peuples autochtones, notamment grâce à la coopération internationale, afin d’appuyer l’action menée aux échelons national et régional pour atteindre les objectifs énoncés dans la Déclaration, y compris le droit de préserver et de consolider les institutions politiques, juridiques, économiques, sociales et culturelles qui sont propres aux peuples autochtones, et le droit de ceux-ci de participer pleinement, s’ils le souhaitent, à la vie politique, économique, sociale et culturelle de l’État,</p>
      </container>
      <container name="Ayant à l’esprit" eId="container_8">
        <p xml:space="preserve">
          <span class="italic">Ayant à l’esprit</span> les moyens d’intervention énoncés dans le Pacte mondial pour des migrations sûres, ordonnées et régulières<authorialNote marker="10" placement="bottom" eId="authorialNote_10"><p xml:space="preserve">		Résolution <a href="https://undocs.org/fr/A/RES/73/195">73/195</a>, annexe.</p></authorialNote>, dont les États Membres peuvent s’inspirer, notamment pour répondre aux besoins des migrants en situation de vulnérabilité, y compris des peuples autochtones,</p>
      </container>
      <container name="Se félicitant " eId="container_9">
        <p xml:space="preserve">
          <span class="italic">Se félicitant </span>que, dans les conclusions concertées de sa soixante‑troisième session<authorialNote marker="11" placement="bottom" eId="authorialNote_11"><p xml:space="preserve">		Voir <span class="italic">Documents officiels du Conseil économique et social, 2019, Supplément n</span><span class="italic"><sup>o</sup></span><span class="italic"> 7</span> (<a href="https://undocs.org/fr/E/2019/27">E/2019/27</a>), chap. I, sect. A.</p></authorialNote>, la Commission de la condition de la femme ait engagé les gouvernements à tous les niveaux et, selon qu’il conviendrait, les entités compétentes des Nations Unies et les organisations internationales et régionales, dans le cadre de leurs mandats respectifs et compte dûment tenu des priorités nationales, à promouvoir et à protéger les droits des femmes et des filles autochtones vivant dans des zones rurales isolées, en éliminant les obstacles auxquels elles font face et les formes multiples et conjuguées de discrimination dont elles sont victimes, notamment la violence, en garantissant leur accès à une éducation inclusive de qualité, aux soins de santé, aux services publics et aux ressources économiques, y compris à la terre et aux ressources naturelles, et l’accès des femmes à un travail décent, et en encourageant leur participation effective à l’économie et à la prise de décisions à tous les niveaux et dans tous les domaines, tout en respectant et en protégeant leurs savoirs traditionnels et ancestraux et en gardant à l’esprit leurs contributions culturelles, sociales, économiques, politiques et environnementales, notamment aux efforts d’atténuation des changements climatiques et d’adaptation à leurs effets, et notant l’importance de la Déclaration des Nations Unies sur les droits des peuples autochtones pour les femmes et les filles,</p>
      </container>
      <container name="Consciente" eId="container_10">
        <p xml:space="preserve">
          <span class="italic">Consciente</span> que les violences dont les femmes et les filles autochtones sont victimes portent atteinte à leurs libertés et à leurs droits fondamentaux et constituent un obstacle majeur à la participation pleine, active et véritable des femmes autochtones, sur un pied d’égalité, à la vie en société, à l’économie et à la prise de décisions politiques, rappelant à cet égard la résolution <a href="https://undocs.org/fr/A/HRC/RES/32/19">32/19</a> du Conseil des droits de l’homme en date du 1<sup>er</sup> juillet 2016, intitulée « Intensification de l’action menée pour éliminer toutes les formes de violence à l’égard des femmes : prévenir et combattre la violence contre les femmes et les filles, notamment les femmes et les filles autochtones »<authorialNote marker="12" placement="bottom" eId="authorialNote_12"><p xml:space="preserve">		Voir <span class="italic">Documents officiels de l’Assemblée générale, soixante et onzième session, Supplément n</span><span class="italic"><sup>o</sup></span><span class="italic"> 53</span> (<a href="https://undocs.org/fr/A/71/53">A/71/53</a>), chap. V, sect. A.</p></authorialNote>, qui appelle l’attention sur cette question, et consciente des effets négatifs des formes multiples et conjuguées de discrimination,</p>
      </container>
      <container name="Soulignant" eId="container_11">
        <p xml:space="preserve">
          <span class="italic">Soulignant</span> qu’il importe de donner des moyens aux femmes et aux jeunes autochtones et de renforcer leurs capacités, notamment leur aptitude à participer pleinement et activement à la prise des décisions sur les aspects qui les concernent directement, y compris les politiques, programmes et ressources, le cas échéant, destinés à assurer leur bien-être et celui des enfants autochtones, en particulier dans les domaines de la santé, de l’éducation, de l’emploi et de la transmission des langues, des pratiques et traditions spirituelles et religieuses, et des savoirs traditionnels, et consciente qu’il faut prendre des mesures pour favoriser la connaissance et la compréhension de leurs droits,</p>
      </container>
      <container name="S’inquiétant vivement" eId="container_12">
        <p xml:space="preserve">
          <span class="italic">	S’inquiétant vivement</span> du grand nombre de langues menacées, en particulier de langues autochtones, et soulignant que, malgré les efforts entrepris, il reste urgent de préserver, de promouvoir et de faire revivre les langues menacées, en particulier les langues autochtones,</p>
      </container>
      <container name="Reconnaissant " eId="container_13">
        <p xml:space="preserve">
          <span class="italic">	Reconnaissant </span>l’importance de l’Année internationale des langues autochtones, dont l’objectif est d’appeler l’attention sur le risque de disparition des langues autochtones et sur l’impérieuse nécessité de préserver, de revitaliser et de promouvoir ces langues, y compris comme vecteurs d’éducation, et de prendre sans délai de nouvelles mesures à cette fin aux niveaux national et international,</p>
      </container>
      <container name="Se félicitant " eId="container_14">
        <p xml:space="preserve">
          <span class="italic">	Se félicitant </span>des initiatives et activités mises en place par les gouvernements, les peuples autochtones et les organismes des Nations Unies dans le cadre de l’Année internationale des langues autochtones (2019), y compris le rôle de premier plan joué par l’Organisation des Nations Unies pour l’éducation, la science et la culture et le comité directeur chargé d’organiser la célébration de l’Année internationale, en concertation et en coopération avec les États Membres, l’Instance permanente sur les questions autochtones, la Rapporteuse spéciale du Conseil des droits de l’homme sur les droits des peuples autochtones, le Mécanisme d’experts sur les droits des peuples autochtones, les peuples autochtones eux-mêmes et diverses parties prenantes,</p>
      </container>
      <container name="Considérant" eId="container_15">
        <p xml:space="preserve">
          <span class="italic">	Considérant</span> que les peuples autochtones peuvent contribuer au traitement de nombreuses questions préoccupant la communauté internationale,</p>
      </container>
      <container name="Considérant également " eId="container_16">
        <p xml:space="preserve">
          <span class="italic">Considérant également </span>qu’il importe pour les peuples autochtones de revitaliser, d’utiliser, d’enrichir et de transmettre aux générations futures leur histoire, leurs langues, leurs traditions orales, leur philosophie, leur système d’écriture et leur littérature,</p>
      </container>
      <container name="Constatant avec inquiétude" eId="container_17">
        <p xml:space="preserve">
          <span class="italic">Constatant avec inquiétude</span> que, dans de nombreux contextes, on observe parmi les peuples autochtones un taux de suicide considérablement plus élevé que dans l’ensemble de la population, en particulier chez les jeunes et les enfants autochtones,</p>
      </container>
      <container name="Gardant à l’esprit" eId="container_18">
        <p xml:space="preserve">
          <span class="italic">	Gardant à l’esprit</span> qu’il importe de promouvoir le respect des droits des enfants autochtones et en particulier d’éliminer les pires formes de travail des enfants, conformément au droit international, notamment aux dispositions pertinentes du droit des droits de l’homme et du droit international du travail,</p>
      </container>
      <container name="Constatant" eId="container_19">
        <p xml:space="preserve">
          <span class="italic">Constatant</span> l’importance de l’accès à la justice dans la promotion et la protection des droits des peuples et des personnes autochtones ainsi que la nécessité d’analyser les obstacles rencontrés dans ce domaine, en particulier par les femmes, les enfants, les jeunes, les personnes âgées et les personnes handicapées autochtones, et de prendre des mesures pour les éliminer,</p>
      </container>
      <container name="Réaffirmant" eId="container_20">
        <p xml:space="preserve">
          <span class="italic">	Réaffirmant</span> que les sociétés transnationales et autres entreprises sont tenues de respecter l’ensemble des droits de l’homme, tout en tenant compte des problèmes particuliers que peuvent rencontrer les peuples autochtones, ainsi que l’ensemble des lois et principes internationaux applicables, et de mener leurs activités dans la transparence et de manière responsable sur les plans social et environnemental, et insistant sur la nécessité de s’abstenir de porter atteinte au bien-être des peuples autochtones et de s’employer davantage à faire appliquer les principes de responsabilité et d’obligation redditionnelle des sociétés, afin notamment de prévenir et de limiter les atteintes aux droits de l’homme, et d’y apporter réparation, conformément au document intitulé « Principes directeurs relatifs aux entreprises et aux droits de l’homme : mise en œuvre du cadre de référence “protéger, respecter et réparer” des Nations Unies »<authorialNote marker="13" placement="bottom" eId="authorialNote_13"><p xml:space="preserve">		A/HRC/17/31, annexe.</p></authorialNote>,</p>
      </container>
      <container name="Rappelant" eId="container_21">
        <p xml:space="preserve">
          <span class="italic">	Rappelant</span> le rapport de la Rapporteuse spéciale sur les droits des peuples autochtones<authorialNote marker="14" placement="bottom" eId="authorialNote_14"><p xml:space="preserve"><a href="https://undocs.org/fr/A/HRC/39/17">A/HRC/39/17</a>.</p></authorialNote>, s’inquiétant de ses conclusions concernant les attaques contre les défenseurs autochtones des droits de l’homme et de la réflexion qu’elle livre sur les mesures de prévention et de protection disponibles, et demandant à tous les États de prendre en considération les recommandations formulées dans le rapport,</p>
      </container>
      <container name="Notant avec satisfaction " eId="container_22">
        <p xml:space="preserve">
          <span class="italic">	Notant avec satisfaction </span>que, dans sa résolution <a href="https://undocs.org/fr/A/HRC/RES/39/13">39/13</a>, le Conseil des droits de l’homme a décidé que la table ronde annuelle d’une demi-journée consacrée aux droits des peuples autochtones devant se tenir pendant la quarante-cinquième session du Conseil porterait sur la protection des défenseurs autochtones des droits de l’homme,</p>
      </container>
      <container name="Prenant note " eId="container_23">
        <p xml:space="preserve">
          <span class="italic">	Prenant note </span>de la demi-journée de dialogue qui s’est tenue le 15 juillet 2019, au titre des activités intersessions, sur les moyens de renforcer la participation des représentants des peuples autochtones et de leurs institutions aux réunions du Conseil des droits de l’homme sur les questions qui les concernent, et attendant le rapport de synthèse qu’élaborera à ce sujet le Haut-Commissariat des Nations Unies aux droits de l’homme en vue de le soumettre au Conseil avant sa quarante-quatrième session,</p>
      </container>
      <container name="Consciente " eId="container_24">
        <p xml:space="preserve">
          <span class="italic">Consciente </span>de l’importance du consentement préalable, donné librement et en connaissance de cause, qui est décrit dans la Déclaration des Nations Unies sur les droits des peuples autochtones,</p>
      </container>
      <container name="Consciente également" eId="container_25">
        <p xml:space="preserve">
          <span class="italic">	Consciente également</span> de la valeur et de la pluralité des cultures et des formes d’organisation sociale des peuples autochtones et de la connaissance holistique traditionnelle qu’ils ont de leurs terres, de leurs ressources naturelles et de leur environnement,</p>
      </container>
      <container name="Notant " eId="container_26">
        <p xml:space="preserve">
          <span class="italic">Notant </span>qu’elle a, dans le document final de sa réunion plénière de haut niveau, dite Conférence mondiale sur les peuples autochtones, affirmé et reconnu l’importance des sites religieux et culturels des peuples autochtones et considéré qu’il importait de permettre l’accès aux objets de culte et aux restes humains appartenant à ces derniers ainsi que leur rapatriement, comme envisagé dans la Déclaration des Nations Unies sur les droits des peuples autochtones, </p>
      </container>
      <container name="Félicitant" eId="container_27">
        <p xml:space="preserve">
          <span class="italic">Félicitant</span> les États Membres, les institutions culturelles, les établissements d’enseignement, les musées, les peuples autochtones et la société civile des efforts qu’ils déploient pour lutter contre le commerce illicite des biens culturels des peuples autochtones, et saluant toutes les initiatives, qu’elles soient prises par des États, des institutions ou des particuliers, en faveur de la restitution volontaire de ces biens culturels acquis illégalement,</p>
      </container>
      <container name="Consciente " eId="container_28">
        <p xml:space="preserve">
          <span class="italic">Consciente </span>que les pratiques agricoles fondées sur le savoir autochtone peuvent contribuer à relever les défis conjugués des changements climatiques, de la sécurité alimentaire, de la protection de la diversité et de la lutte contre la désertification et la dégradation des terres,</p>
      </container>
      <container name="Sachant" eId="container_29">
        <p xml:space="preserve">
          <span class="italic">	Sachant</span> qu’il importe de favoriser les moyens de subsistance des peuples autochtones, notamment en valorisant les traditions de ces derniers, en adoptant des politiques appropriées à leur égard et en assurant leur émancipation économique,</p>
      </container>
      <container name="Considérant" eId="container_30">
        <p xml:space="preserve">
          <span class="italic">	Considérant</span> que l’émancipation, l’intégration et le développement économiques des peuples autochtones, notamment grâce à la création d’entreprises appartenant à des autochtones, peuvent permettre à ces derniers de participer davantage à la vie sociale, culturelle, civile et politique, d’acquérir une plus grande indépendance économique et d’édifier des communautés plus durables et résilientes, et constatant la contribution des peuples autochtones à l’ensemble de l’économie,</p>
      </container>
      <container name="Préoccupée" eId="container_31">
        <p xml:space="preserve">
          <span class="italic">	Préoccupée</span> par les désavantages extrêmes dont souffrent généralement les peuples autochtones et dont témoignent différents indicateurs sociaux et économiques, ainsi que par les obstacles qui les empêchent d’exercer pleinement leurs droits,</p>
      </container>
      <container name="Soulignant" eId="container_32">
        <p xml:space="preserve">
          <span class="italic">	Soulignant</span> qu’il faut accorder une attention particulière aux droits et aux besoins spéciaux des femmes, des enfants, des jeunes, des personnes âgées et des personnes handicapées autochtones, comme énoncé dans la Déclaration des Nations Unies sur les droits des peuples autochtones, y compris dans le cadre de l’action visant à protéger et à promouvoir leur accès à la justice sur un pied d’égalité,</p>
      </container>
      <container name="Rappelant" eId="container_33">
        <p xml:space="preserve">
          <span class="italic">	Rappelant</span> sa résolution <a href="https://undocs.org/fr/A/RES/72/128">72/128</a> en date du 7 décembre 2017, intitulée « Octroi du statut d’observateur auprès de l’Assemblée générale au Fonds de développement pour les peuples autochtones d’Amérique latine et des Caraïbes », dans laquelle elle a décidé d’inviter le Fonds à participer à ses sessions et travaux en qualité d’observateur,</p>
      </container>
    </preamble>
    <mainBody>
      <paragraph eId="para_34" class="SingleTxt">
        <num>	1.</num>
        <content eId="para_34__content">
          <p xml:space="preserve">
            <span class="italic">Prend note avec satisfaction</span> des travaux du Mécanisme d’experts sur les droits des peuples autochtones, de l’Instance permanente sur les questions autochtones et de la Rapporteuse spéciale du Conseil des droits de l’homme sur les droits des peuples autochtones, prend acte du rapport de cette dernière<authorialNote marker="15" placement="bottom" eId="authorialNote_15"><p xml:space="preserve"><a href="https://undocs.org/fr/A/HRC/42/37">A/HRC/42/37</a>.</p></authorialNote> et encourage tous les gouvernements à donner une suite favorable à ses demandes de visite ;</p>
        </content>
      </paragraph>
      <paragraph eId="para_35" class="SingleTxt">
        <num>	2.</num>
        <content eId="para_35__content">
          <p xml:space="preserve">
            <span class="italic">Exhorte</span> les gouvernements et les organismes des Nations Unies, agissant en consultation et en coopération avec les peuples autochtones par l’intermédiaire de leurs représentants et de leurs institutions, à continuer de prendre, là où elles s’imposent, des mesures au niveau national, y compris des mesures législatives et administratives et de politique générale, pour atteindre les objectifs définis dans la Déclaration des Nations Unies sur les droits des peuples autochtones<sup>7</sup> et pour y sensibiliser tous les secteurs de la société, notamment les parlementaires, les magistrats et les fonctionnaires, ainsi que les peuples autochtones eux-mêmes, et invite les organisations internationales et régionales, dans le cadre de leurs mandats respectifs, les institutions nationales de défense des droits de l’homme, là où il en existe, la société civile, y compris les organisations non gouvernementales, et les autres parties qui ont un rôle à jouer à contribuer à ces efforts ;</p>
        </content>
      </paragraph>
      <paragraph eId="para_36" class="SingleTxt">
        <num>	3.</num>
        <content eId="para_36__content">
          <p xml:space="preserve">
            <span class="italic">Souligne </span>qu’il importe d’appliquer le document final de sa réunion plénière de haut niveau, dite Conférence mondiale sur les peuples autochtones<sup>8</sup>, et rappelle que les États Membres se sont engagés à coopérer avec les peuples autochtones, par l’intermédiaire de leurs propres institutions représentatives, en vue d’élaborer et de mettre en œuvre des plans d’action, stratégies et autres mesures à l’échelon national, selon que de besoin, afin d’atteindre les objectifs énoncés dans la Déclaration des Nations Unies sur les droits des peuples autochtones ;</p>
        </content>
      </paragraph>
      <paragraph eId="para_37" class="SingleTxt">
        <num>	4.</num>
        <content eId="para_37__content">
          <p xml:space="preserve">
            <span class="italic">Encourage </span>le Secrétaire général et le Secrétaire général adjoint aux affaires économiques et sociales, en sa qualité de haut responsable du système des Nations Unies chargé de cette question, à prendre l’initiative de superviser l’application et le suivi du plan d’action à l’échelle du système, afin de garantir la cohésion de l’action menée pour atteindre les objectifs fixés dans la Déclaration des Nations Unies sur les droits des peuples autochtones, en sensibilisant le public aux droits des peuples autochtones et en accroissant la cohérence des activités du système dans ce domaine, et encourage les fonds, programmes et institutions spécialisées des Nations Unies, les coordonnateurs résidents et les équipes de pays des Nations Unies à exécuter ce plan en pleine conformité avec les priorités et les besoins nationaux de développement ;</p>
        </content>
      </paragraph>
      <paragraph eId="para_38" class="SingleTxt">
        <num>	5.</num>
        <content eId="para_38__content">
          <p xml:space="preserve">
            <span class="italic">Encourage </span>les États Membres, les coordonnateurs résidents et les équipes de pays des Nations Unies, agissant dans le cadre de leur mandat et en coordination avec les gouvernements concernés, à consulter les peuples autochtones sur les questions qui les concernent aux fins de la préparation des plans-cadres de coopération des Nations Unies pour le développement durable et des plans d’action pour la mise en œuvre des programmes de pays ;</p>
        </content>
      </paragraph>
      <paragraph eId="para_39" class="SingleTxt">
        <num>	6.</num>
        <content eId="para_39__content">
          <p xml:space="preserve">
            <span class="italic">Encourage </span>les États Membres à s’employer à atteindre les objectifs énoncés dans la Déclaration des Nations Unies sur les droits des peuples autochtones ;</p>
        </content>
      </paragraph>
      <paragraph eId="para_40" class="SingleTxt">
        <num>	7.</num>
        <content eId="para_40__content">
          <p xml:space="preserve">
            <span class="italic">Encourage </span>les États qui ne l’ont pas encore fait à envisager de ratifier la Convention de 1989 relative aux peuples indigènes et tribaux (n<sup>o</sup> 169) de l’Organisation internationale du Travail<authorialNote marker="16" placement="bottom" eId="authorialNote_16"><p xml:space="preserve">		Nations Unies, <span class="italic">Recueil des Traités</span>, vol. 1650, n<sup>o</sup> 28383.</p></authorialNote> ou à y adhérer ;</p>
        </content>
      </paragraph>
      <paragraph eId="para_41" class="SingleTxt">
        <num>	8.</num>
        <content eId="para_41__content">
          <p xml:space="preserve">
            <span class="italic">Encourage</span> les gouvernements et les organisations intergouvernementales et non gouvernementales à continuer d’alimenter le fonds d’affectation spéciale à l’appui des questions autochtones, le Fonds de contributions volontaires des Nations Unies pour les peuples autochtones et le Partenariat des Nations Unies pour les peuples autochtones, invite les organisations autochtones, les institutions privées et les particuliers à faire de même et note l’importance de l’accessibilité, de la responsabilité, de la transparence et d’une distribution géographique équilibrée dans la gestion de ces fonds ;</p>
        </content>
      </paragraph>
      <paragraph eId="para_42" class="SingleTxt">
        <num>	9.</num>
        <content eId="para_42__content">
          <p xml:space="preserve">
            <span class="italic">Décide </span>d’élargir le mandat du Fonds de contributions volontaires des Nations Unies pour les peuples autochtones, afin qu’il permette aux représentants des organisations et communautés des peuples autochtones de participer au Forum sur les entreprises et les droits de l’homme et à la Conférence des Parties à la Convention-cadre des Nations Unies sur les changements climatiques, y compris à ses sessions préparatoires, ainsi qu’au Groupe de facilitation de la plateforme des communautés locales et des peuples autochtones mis en place par le secrétariat de la Convention‑cadre, conformément à leurs règles et règlements respectifs ;</p>
        </content>
      </paragraph>
      <paragraph eId="para_43" class="SingleTxt">
        <num>	10.</num>
        <content eId="para_43__content">
          <p xml:space="preserve">
            <span class="italic">Décide également</span> de continuer à célébrer, le 9 août de chaque année, la Journée internationale des peuples autochtones et prie le Secrétaire général de soutenir cette célébration dans la limite des ressources disponibles ;</p>
        </content>
      </paragraph>
      <paragraph eId="para_44" class="SingleTxt">
        <num>	11.</num>
        <content eId="para_44__content">
          <p xml:space="preserve">
            <span class="italic">	Encourage</span> les États Membres et tous les organismes et organes des Nations Unies et les autres organisations internationales et régionales, le secteur privé et le milieu universitaire, ainsi que la société civile, y compris les organisations non gouvernementales, à célébrer la Journée internationale des peuples autochtones de façon appropriée, notamment grâce à des activités éducatives et à des actions de sensibilisation ;</p>
        </content>
      </paragraph>
      <paragraph eId="para_45" class="SingleTxt">
        <num>	12.</num>
        <content eId="para_45__content">
          <p xml:space="preserve">
            <span class="italic">	Encourage </span>les États Membres à prendre dûment en considération l’ensemble des droits des peuples autochtones lorsqu’ils honorent les engagements qu’ils ont pris dans le Programme de développement durable à l’horizon 2030<sup>9</sup> et lorsqu’ils élaborent leurs plans d’action et programmes nationaux ainsi que leurs programmes internationaux et régionaux, en s’attachant à ne laisser personne de côté et à aider d’abord les plus défavorisés ;</p>
        </content>
      </paragraph>
      <paragraph eId="para_46" class="SingleTxt">
        <num>	13.</num>
        <content eId="para_46__content">
          <p xml:space="preserve">
            <span class="italic">Encourage </span>les États à continuer d’envisager d’intégrer des informations relatives aux peuples autochtones dans les examens volontaires qu’ils présenteront au forum politique de haut niveau pour le développement durable et dans les rapports nationaux et mondiaux consacrés aux progrès accomplis et aux difficultés rencontrées dans l’application du Programme 2030, en en gardant à l’esprit les paragraphes 78 et 79, et encourage aussi les États à collecter des données ventilées pour mesurer les progrès et veiller à ce que personne ne soit laissé de côté ;</p>
        </content>
      </paragraph>
      <paragraph eId="para_47" class="SingleTxt">
        <num>	14.</num>
        <content eId="para_47__content">
          <p xml:space="preserve">
            <span class="italic">Encourage également</span> les États, en fonction du contexte et des caractéristiques propres à la situation nationale, à recueillir et à diffuser des données ventilées par appartenance ethnique, niveau de revenu, genre, âge, race, statut migratoire, handicap et emplacement géographique et selon d’autres facteurs, le cas échéant, afin de mesurer et de renforcer les effets des politiques, stratégies et programmes de développement destinés à améliorer le bien-être des peuples et des personnes autochtones, de combattre et d’éliminer la violence et les formes multiples et conjuguées de discrimination à leur égard, et d’appuyer l’action menée en faveur de la réalisation des objectifs de développement durable et du Programme 2030 ;</p>
        </content>
      </paragraph>
      <paragraph eId="para_48" class="SingleTxt">
        <num>	15.</num>
        <content eId="para_48__content">
          <p xml:space="preserve">
            <span class="italic">Encourage</span> le Secrétaire général à inclure des informations concernant les peuples autochtones dans ses prochains rapports annuels sur les progrès accomplis dans la réalisation des objectifs de développement durable ;</p>
        </content>
      </paragraph>
      <paragraph eId="para_49" class="SingleTxt">
        <num>	16.</num>
        <content eId="para_49__content">
          <p xml:space="preserve">
            <span class="italic">Souligne</span> que les États et les entités des Nations Unies doivent s’engager davantage à intégrer la promotion et la protection des droits des peuples autochtones dans les politiques et programmes de développement aux niveaux national, régional et international, et les encourage à tenir dûment compte de ces droits pour réaliser les objectifs du Programme 2030 ;</p>
        </content>
      </paragraph>
      <paragraph eId="para_50" class="SingleTxt">
        <num>	17.</num>
        <content eId="para_50__content">
          <p xml:space="preserve">
            <span class="italic">	Souligne également</span> qu’il faut que les peuples autochtones de toutes les régions participent au forum politique de haut niveau pour le développement durable et encourage les États à mener avec les peuples autochtones, aux niveaux local, national et régional, un dialogue sur les objectifs de développement durable ;</p>
        </content>
      </paragraph>
      <paragraph eId="para_51" class="SingleTxt">
        <num>	18.</num>
        <content eId="para_51__content">
          <p xml:space="preserve">
            <span class="italic">Invite</span> le Mécanisme d’experts sur les droits des peuples autochtones, l’Instance permanente sur les questions autochtones et la Rapporteuse spéciale sur les droits des peuples autochtones, dans l’exécution de leur mandat, à tenir dûment compte des droits des peuples autochtones dans le cadre de la mise en œuvre du Programme 2030 ;</p>
        </content>
      </paragraph>
      <paragraph eId="para_52" class="SingleTxt">
        <num>	19.</num>
        <content eId="para_52__content">
          <p xml:space="preserve">
            <span class="italic">Encourage</span> l’Instance permanente sur les questions autochtones à continuer de transmettre au forum politique de haut niveau pour le développement durable des éléments de fond concernant les questions autochtones, pour qu’il puisse en tenir compte dans ses examens thématiques ;</p>
        </content>
      </paragraph>
      <paragraph eId="para_53" class="SingleTxt">
        <num>	20.</num>
        <content eId="para_53__content">
          <p xml:space="preserve">
            <span class="italic">Souligne</span> qu’il faut redoubler d’efforts, en coopération avec les peuples autochtones, afin de prévenir et d’éliminer toutes les formes de violence et de discrimination contre les femmes, les enfants, les jeunes, les personnes âgées et les personnes handicapées autochtones, et appuyer les mesures propres à leur donner davantage de moyens, à assurer leur participation pleine et effective à la prise de décisions à tous les niveaux et dans tous les domaines, et à éliminer les obstacles d’ordre structurel et juridique qui les empêchent de prendre réellement et pleinement part, sur un pied d’égalité, à la vie politique, économique, sociale et culturelle ;</p>
        </content>
      </paragraph>
      <paragraph eId="para_54" class="SingleTxt">
        <num>	21.</num>
        <content eId="para_54__content">
          <p xml:space="preserve">
            <span class="italic">Réaffirme</span> qu’il importe que les auteurs de violences à l’égard de femmes et de filles autochtones, y compris de violences sexuelles et domestiques et d’exploitation, d’atteintes et de harcèlement sexuels, en soient tenus dûment responsables, et que des mesures appropriées soient prises pour prévenir et éliminer ces violences ;</p>
        </content>
      </paragraph>
      <paragraph eId="para_55" class="SingleTxt">
        <num>	22.</num>
        <content eId="para_55__content">
          <p xml:space="preserve">
            <span class="italic">Invite</span> la Commission de la condition de la femme à examiner les questions relatives aux femmes autochtones, notamment à sa soixante-quatrième session, qui doit se tenir en 2020, année du vingt-cinquième anniversaire de la quatrième Conférence mondiale sur les femmes, et encourage les gouvernements à collaborer avec les peuples autochtones à tous les niveaux pour préparer l’examen prévu pour 2020, de façon à tirer parti de leurs données d’expérience et de leur savoir-faire ;</p>
        </content>
      </paragraph>
      <paragraph eId="para_56" class="SingleTxt">
        <num>	23.</num>
        <content eId="para_56__content">
          <p xml:space="preserve">
            <span class="italic">Encourage</span> les États à envisager de faire figurer dans leurs rapports relatifs aux peuples et aux femmes autochtones des informations sur les progrès accomplis et les difficultés rencontrées dans l’application de la résolution 49/7 de la Commission de la condition de la femme, en date du 11 mars 2005, intitulée « Les femmes autochtones au‑delà de l’examen décennal de la Déclaration et du Programme d’action de Beijing »<authorialNote marker="17" placement="bottom" eId="authorialNote_17"><p xml:space="preserve">		Voir <span class="italic">Documents officiels du Conseil économique et social, 2005, Supplément n</span><span class="italic"><sup>o</sup></span><span class="italic"> 7 </span>et rectificatif (<a href="https://undocs.org/fr/E/2005/27">E/2005/27</a> et <a href="https://undocs.org/fr/E/2005/27/Corr.1">E/2005/27/Corr.1</a>), chap. I, sect. D.</p></authorialNote>, et de la résolution 56/4 de la Commission, en date du 9 mars 2012, intitulée « Les femmes autochtones et leur rôle clef dans l’élimination de la pauvreté et de la faim »<authorialNote marker="18" placement="bottom" eId="authorialNote_18"><p xml:space="preserve">		Ibid., <span class="italic">2012, Supplément n</span><span class="italic"><sup>o</sup></span><span class="italic"> 7</span> et rectificatif (<a href="https://undocs.org/fr/E/2012/27">E/2012/27</a> et <a href="https://undocs.org/fr/E/2012/27/Corr.1">E/2012/27/Corr.1</a>), chap. I, sect. D.</p></authorialNote> ;</p>
        </content>
      </paragraph>
      <paragraph eId="para_57" class="SingleTxt">
        <num>	24.</num>
        <content eId="para_57__content">
          <p xml:space="preserve">
            <span class="italic">Proclame</span> la période 2022-2032, Décennie internationale des langues autochtones, en vue d’appeler l’attention sur la catastrophe que représente la disparition des langues autochtones et sur l’impérieuse nécessité de préserver, de revitaliser et de promouvoir ces langues, et de prendre sans délai de nouvelles mesures aux niveaux national et international, et invite l’Organisation des Nations Unies pour l’éducation, la science et la culture, en collaboration avec le Département des affaires économiques et sociales du Secrétariat et d’autres organismes compétents, dans la limite des ressources disponibles, à jouer le rôle de chef de file lors de cette Décennie internationale ;</p>
        </content>
      </paragraph>
      <paragraph eId="para_58" class="SingleTxt">
        <num>	25.</num>
        <content eId="para_58__content">
          <p xml:space="preserve">
            <span class="italic">Invite </span>les États Membres à envisager de mettre en place des mécanismes nationaux dotés d’un financement suffisant en vue de mettre en œuvre la Décennie internationale des langues autochtones, en partenariat avec les peuples autochtones, et invite les peuples autochtones, en tant que gardiens de leurs langues, à concevoir et à mettre en œuvre les mesures nécessaires à la célébration de la Décennie internationale ;</p>
        </content>
      </paragraph>
      <paragraph eId="para_59" class="SingleTxt">
        <num>	26.</num>
        <content eId="para_59__content">
          <p xml:space="preserve">
            <span class="italic">Se félicite</span> de la réunion de haut niveau marquant la fin de l’Année internationale des langues autochtones (2019) qui s’est tenue au Siège de l’Organisation des Nations à New York le 17 décembre 2019, et invite l’Organisation des Nations Unies pour l’éducation, la science et la culture à lui présenter, en 2020, un rapport sur toutes les activités organisées dans le cadre de l’Année internationale ;</p>
        </content>
      </paragraph>
      <paragraph eId="para_60" class="SingleTxt">
        <num>	27.</num>
        <content eId="para_60__content">
          <p xml:space="preserve">
            <span class="italic">Encourage</span> les gouvernements à redoubler d’efforts, tant sur le plan législatif que dans la pratique, pour éliminer les pires formes de travail des enfants, de manière à faire respecter les droits fondamentaux des enfants autochtones, notamment en s’appuyant au besoin sur la coopération internationale ;</p>
        </content>
      </paragraph>
      <paragraph eId="para_61" class="SingleTxt">
        <num>	28.</num>
        <content eId="para_61__content">
          <p xml:space="preserve">
            <span class="italic">Encourage également </span>les gouvernements à promouvoir des initiatives visant à éliminer la malnutrition chez les enfants autochtones, en particulier dans les zones rurales, en leur procurant l’alimentation et les services d’approvisionnement en eau, d’assainissement, d’éducation, de santé et autres services essentiels dont ils ont besoin, et à mettre en œuvre des mesures d’élimination de la pauvreté ;</p>
        </content>
      </paragraph>
      <paragraph eId="para_62" class="SingleTxt">
        <num>	29.</num>
        <content eId="para_62__content">
          <p xml:space="preserve">
            <span class="italic">	Encourage </span>les sociétés transnationales et autres entreprises à respecter les droits fondamentaux, y compris les droits des enfants autochtones, et à bannir de leurs activités les pires formes de travail des enfants ;</p>
        </content>
      </paragraph>
      <paragraph eId="para_63" class="SingleTxt">
        <num>	30.</num>
        <content eId="para_63__content">
          <p xml:space="preserve">
            <span class="italic">Souligne </span>qu’il importe de garantir aux femmes et aux filles autochtones une égale protection de la loi et l’égalité devant les tribunaux à tous les niveaux et, à cette fin, qu’il importe de dispenser systématiquement une formation axée sur la sensibilisation aux questions de genre, selon qu’il convient, aux services de police, aux forces de sécurité, aux procureurs, aux juges et aux avocats, de tenir compte des questions de genre dans les initiatives de réforme du secteur de la sécurité, de mettre au point des protocoles et des directives, et d’améliorer les mesures de responsabilisation ou d’instaurer celles qui s’imposent pour les arbitres ;</p>
        </content>
      </paragraph>
      <paragraph eId="para_64" class="SingleTxt">
        <num>	31.</num>
        <content eId="para_64__content">
          <p xml:space="preserve">
            <span class="italic">Encourage</span> les États et les entités des Nations Unies à renforcer la coopération internationale, y compris pour corriger les désavantages dont souffrent les peuples autochtones, et à intensifier la coopération technique et l’aide financière à cet égard ;</p>
        </content>
      </paragraph>
      <paragraph eId="para_65" class="SingleTxt">
        <num>	32.</num>
        <content eId="para_65__content">
          <p xml:space="preserve">
            <span class="italic">Encourage</span> l’Organisation mondiale de la Santé, le Fonds des Nations Unies pour l’enfance et les autres organismes, fonds et programmes des Nations Unies compétents, dans le cadre de leur mandat, à mener des recherches et à collecter des données sur les taux et les causes profondes de suicide chez les jeunes et les enfants autochtones et sur les bonnes pratiques de prévention en la matière, ainsi qu’à envisager de mettre au point, selon que de besoin, des stratégies ou des politiques conformes aux priorités nationales pour lutter contre ce phénomène, en coopération avec les États Membres et en consultation avec les peuples autochtones, en particulier les organisations de jeunes autochtones ;</p>
        </content>
      </paragraph>
      <paragraph eId="para_66" class="SingleTxt">
        <num>	33.</num>
        <content eId="para_66__content">
          <p xml:space="preserve">
            <span class="italic">Prend note avec intérêt</span> des travaux accomplis sous la direction de sa présidence à ses soixante-dixième, soixante et onzième, soixante-douzième et soixante-treizième sessions dans le cadre des consultations menées avec les États Membres, les représentants et institutions des peuples autochtones de toutes les régions du monde et les mécanismes des Nations Unies sur les mesures qui pourraient être prises pour permettre à ces représentants et institutions de participer aux réunions des organes compétents des Nations Unies portant sur des questions les concernant, qui ont abouti à l’adoption de sa résolution <a href="https://undocs.org/fr/A/RES/71/321">71/321</a> et à la décision de poursuivre l’examen d’autres mesures qu’il faudrait éventuellement prendre pour renforcer la participation des représentants et institutions des peuples autochtones aux réunions pertinentes des organes de l’Organisation portant sur des questions les concernant à sa soixante-quinzième session, compte tenu des progrès accomplis à cet égard par d’autres entités et organismes du système des Nations Unies, après que ces représentants et institutions de toutes les régions du monde auront été consultés de façon à pouvoir contribuer à ce processus intergouvernemental ;</p>
        </content>
      </paragraph>
      <paragraph eId="para_67" class="SingleTxt">
        <num>	34.</num>
        <content eId="para_67__content">
          <p xml:space="preserve">
            <span class="italic">Invite</span> les États Membres à appuyer le Secrétaire général dans l’action ou les activités qu’il mène en vue d’organiser des consultations régionales, notamment dans le cadre des commissions régionales, selon qu’il convient, avant la dix‑neuvième session de l’Instance permanente sur les questions autochtones, y compris en tenant de telles consultations, conformément à la résolution <a href="https://undocs.org/fr/A/RES/71/321">71/321</a> ;</p>
        </content>
      </paragraph>
      <paragraph eId="para_68" class="SingleTxt">
        <num>	35.</num>
        <content eId="para_68__content">
          <p xml:space="preserve">
            <span class="italic">Encourage </span>les organismes des Nations Unies à renforcer leur coopération avec le Fonds de développement pour les peuples autochtones d’Amérique latine et des Caraïbes, compte tenu de sa contribution fondamentale aux processus de dialogue et de consultation engagés entre les États et les peuples autochtones de la région ;</p>
        </content>
      </paragraph>
      <paragraph eId="para_69" class="SingleTxt">
        <num>	36.</num>
        <content eId="para_69__content">
          <p xml:space="preserve">
            <span class="italic">Décide</span> de poursuivre l’examen de la question à sa soixante‑quinzième session, au titre de la question intitulée « Droits des peuples autochtones », et de conserver à son ordre du jour provisoire la question subsidiaire intitulée « Suite donnée au document final de la réunion plénière de haut niveau de l’Assemblée générale, dite Conférence mondiale sur les peuples autochtones ».</p>
        </content>
      </paragraph>
    </mainBody>
    <conclusions eId="conclusions">
      <p>
        <inline name="adoptionMeeting" title="50e">50e séance plénière</inline>
        <eol />
        <docDate date="2019-12-18" refersTo="#adoptionDate">18 décembre 2019</docDate>
      </p>
    </conclusions>
  </statement>
</akomaNtoso>