<akomaNtoso xmlns:xsi="http://www.w3.org/2001/XMLSchema-instance" xsi:schemaLocation="http://docs.oasis-open.org/legaldocml/ns/akn/3.0 http://docs.oasis-open.org/legaldocml/akn-core/v1.0/os/part2-specs/schemas/akomantoso30.xsd" xmlns="http://docs.oasis-open.org/legaldocml/ns/akn/3.0" xmlns:html="http://www.w3.org/1999/xhtml" xmlns:akn4un="http://un.org/akn4un">
  <statement name="resolution">
    <meta>
      <identification source="#DGACM">
        <FRBRWork>
          <FRBRthis value="/akn/un/statement/deliberation/unga/2019-12-18/74-128/!main/"></FRBRthis>
          <FRBRuri value="/akn/un/statement/deliberation/unga/2019-12-18/74-128/"></FRBRuri>
          <FRBRdate date="2019-12-18" name="adoption"></FRBRdate>
          <FRBRauthor href="ga" as="author"></FRBRauthor>
          <FRBRcountry value="un"></FRBRcountry>
        </FRBRWork>
        <FRBRExpression>
          <FRBRthis value="/akn/un/statement/deliberation/unga/2019-12-18/74-128/fra@!main/"></FRBRthis>
          <FRBRuri value="/akn/un/statement/deliberation/unga/2019-12-18/74-128/fra@/"></FRBRuri>
          <FRBRdate date="2020-01-13" name="publication"></FRBRdate>
          <FRBRauthor href="ga" as="issuer"></FRBRauthor>
          <FRBRlanguage language="fra"></FRBRlanguage>
        </FRBRExpression>
        <FRBRManifestation>
          <FRBRthis value="/akn/un/statement/deliberation/unga/2019-12-18/74-128/fra@/!main.xml"></FRBRthis>
          <FRBRuri value="/akn/un/statement/deliberation/unga/2019-12-18/74-128/fra@.xml"></FRBRuri>
          <FRBRdate date="2020-08-21" name="markup"></FRBRdate>
          <FRBRauthor href="DGACM" as="editor"></FRBRauthor>
        </FRBRManifestation>
      </identification>
      <classification source="http://metadata.un.org/sdg">
        <keyword value="3" href="http://metadata.un.org/sdg/3" showAs="sdg_3" dictionary="SDGO"></keyword>
        <keyword value="public_health" href="http://eurovoc.europa.eu/3885" showAs="public_health" dictionary="EuroVoc"></keyword>
        <keyword value="health" href="http://metadata.un.org/thesaurus/1002824" showAs="health" dictionary="UNBIS Thesaurus"></keyword>
      </classification>
      <classification source="http://metadata.un.org/sdg">
        <keyword value="5" href="http://metadata.un.org/sdg/5" showAs="sdg_5" dictionary="SDGO"></keyword>
        <keyword value="gender_equality" href="http://eurovoc.europa.eu/3913" showAs="gender_equality" dictionary="EuroVoc"></keyword>
        <keyword value="participation_of_women" href="http://eurovoc.europa.eu/2265" showAs="participation_of_women" dictionary="EuroVoc"></keyword>
        <keyword value="women&amp;#39;s_rights" href="http://eurovoc.europa.eu/585" showAs="women&amp;#39;s_rights" dictionary="EuroVoc"></keyword>
        <keyword value="position_of_women" href="http://eurovoc.europa.eu/81" showAs="position_of_women" dictionary="EuroVoc"></keyword>
        <keyword value="women" href="http://metadata.un.org/thesaurus/1007029" showAs="women" dictionary="UNBIS Thesaurus"></keyword>
        <keyword value="gender_equality" href="http://metadata.un.org/thesaurus/1002612" showAs="gender_equality" dictionary="UNBIS Thesaurus"></keyword>
        <keyword value="girls" href="http://metadata.un.org/thesaurus/1002684" showAs="girls" dictionary="UNBIS Thesaurus"></keyword>
      </classification>
      <classification source="http://metadata.un.org/sdg">
        <keyword value="16" href="http://metadata.un.org/sdg/16" showAs="sdg_16" dictionary="SDGO"></keyword>
        <keyword value="right_to_justice" href="http://eurovoc.europa.eu/516" showAs="right_to_justice" dictionary="EuroVoc"></keyword>
        <keyword value="sustainable_development" href="http://eurovoc.europa.eu/5585" showAs="sustainable_development" dictionary="EuroVoc"></keyword>
        <keyword value="civil_society" href="http://metadata.un.org/thesaurus/1001012" showAs="civil_society" dictionary="UNBIS Thesaurus"></keyword>
        <keyword value="justice" href="http://metadata.un.org/thesaurus/1003500" showAs="justice" dictionary="UNBIS Thesaurus"></keyword>
        <keyword value="peaceful_coexistence" href="http://metadata.un.org/thesaurus/1004777" showAs="peaceful_coexistence" dictionary="UNBIS Thesaurus"></keyword>
        <keyword value="public_institutions" href="http://metadata.un.org/thesaurus/1005254" showAs="public_institutions" dictionary="UNBIS Thesaurus"></keyword>
        <keyword value="social_justice" href="http://metadata.un.org/thesaurus/1005970" showAs="social_justice" dictionary="UNBIS Thesaurus"></keyword>
        <keyword value="sustainable_development" href="http://metadata.un.org/thesaurus/1006319" showAs="sustainable_development" dictionary="UNBIS Thesaurus"></keyword>
      </classification>
      <workflow source="#un">
        <step date="2019-11-12" outcome="draftResolution" as="A/C.3/74/L.65" by="submitted by the Chair of the Committee" />
        <step date="0001-01-01" outcome="draftResolutionAdditionalSponsors" by="" />
        <step date="0001-01-01" outcome="recommendedForAdoption" as="A/74/392" by="" refersTo="21" />
        <step date="2019-12-18" outcome="adopted" as="A/74/PV.50" by="" />
      </workflow>
      <analysis source="#un">
        <parliamentary>
          <voting outcome="adoptedWithoutVote">
            <quorum value=""></quorum>
          </voting>
        </parliamentary>
      </analysis>
      <references source="#DGACM">
        <TLCOrganization eId="source" href="/akn/ontology/organization/un/DGACM" showAs="DGACM"></TLCOrganization>
        <TLCConcept eId="dateOfIssuance" href="/akn/ontology/concept/un/dateOfIssuance" showAs="Date of issuance"></TLCConcept>
        <TLCConcept eId="dateOfAdoption" href="/akn/ontology/concept/un/dateOfAdoption" showAs="Date of adoption"></TLCConcept>
        <TLCConcept eId="symbol" href="/akn/ontology/reference/un/symbol" showAs="Symbol"></TLCConcept>
        <TLCRole eId="publisher" href="/akn/ontology/role/un/publisher" showAs="Publisher"></TLCRole>
        <TLCRole eId="issuingBody" href="/akn/role/concept/un/issuingBody" showAs="Issuing body"></TLCRole>
        <TLCRole eId="author" href="/akn/ontology/role/un/author" showAs="Author"></TLCRole>
        <TLCRole eId="editor" href="/akn/ontology/role/un/editor" showAs="Editor"></TLCRole>
        <TLCRole eId="distribution" href="/akn/ontology/concept/un/generalDistribution" showAs="General distribution"></TLCRole>
        <TLCOrganization eId="ga" href="/akn/ontology/organization/un/generalAssembly" showAs="General Assembly"></TLCOrganization>
        <TLCTerm eId="resolutionTitle" href="/akn/ontology/reference/un/resolutionTitle" showAs="Resolution title"></TLCTerm>
        <TLCTerm eId="thirdCommittee" href="#thirdCommittee" showAs="Troisième Commission"></TLCTerm>
        <TLCTerm eId="memberState" href="/akn/ontology/organization/un/memberState" showAs="Member State"></TLCTerm>
        <TLCTerm eId="inFavour" href="/akn/ontology/concept/un/voting/inFavour" showAs="In favour"></TLCTerm>
        <TLCTerm eId="against" href="/akn/ontology/concept/un/voting/against" showAs="Against"></TLCTerm>
        <TLCTerm eId="abstaining" href="/akn/ontology/concept/un/voting/abstaining" showAs="Abstaining"></TLCTerm>
      </references>
      <presentation source="#un">
        <akn4un:footerFirstPage>
          <akn4un:footerFirstPageLeft>
            <akn4un:internalCode>
              <docketNumber refersTo="#publicationJobNumber">19-22223 (F)</docketNumber>
              <img alt="bar code" class="barCode" src=""></img>
            </akn4un:internalCode>
          </akn4un:footerFirstPageLeft>
          <akn4un:footerFirstPageRight>
            <img alt="Please recycle" class="image" src="./recylcleLogo.jpg"></img>
            <img alt="embedded QR code" class="qrCode" src=""></img>
          </akn4un:footerFirstPageRight>
        </akn4un:footerFirstPage>
      </presentation>
    </meta>
    <coverPage eId="coverPage_1">
      <p>
        <span refersTo="#publisher" class="upperLeft">
          <docAuthority refersTo="#publisher">Nations Unies</docAuthority>
        </span>
      </p>
      <p class="upperRight">
        <docNumber refersTo="#symbol">A/RES/74/128</docNumber>
      </p>
      <p class="upperLeft">
        <img src="logo-un.jpg"></img>
        <docAuthority refersTo="#issuingBody" class="rightBig">Assemblée générale</docAuthority>
      </p>
      <p>
        <docStatus refersTo="#generalDistribution" class="rightSmall">Distr. générale</docStatus>
      </p>
      <p>
        <docDate date="2020-01-13" class="rightSmall" refersTo="#dateOfIssuance">13 janvier 2020</docDate>
      </p>
      <p>
        <session refersTo="#generalAssembly" value="74" eId="coverPage_1__session_1">Soixante-quatorzième session</session>
      </p>
      <p>
        <inline name="agenda item">Point 26 b) de l’ordre du jour</inline>
      </p>
      <p>
        <inline name="agenda item name">Promotion des femmes : suite donnée aux textes issus de la quatrième Conférence mondiale sur les femmes et de la vingt-troisième session extraordinaire de l’Assemblée générale</inline>
      </p>
      <p>
        <docTitle>Résolution adoptée par l’Assemblée générale le 18 décembre 2019</docTitle>
      </p>
      <p xml:space="preserve">
        <docProponent refersTo="#thirdCommittee">[sur la base du rapport de la Troisième Commission (<inline name="originating document">A/74/392</inline>)]</docProponent>
      </p>
    </coverPage>
    <preface>
      <p>
        <docNumber>74/128.</docNumber>
        <docTitle refersTo="#resolutionTitle">Suite donnée à la quatrième Conférence mondiale sur les femmes et application intégrale de la Déclaration et du Programme d’action de Beijing et des textes issus de la vingt-troisième session extraordinaire de l’Assemblée générale</docTitle>
      </p>
    </preface>
    <preamble>
      <formula name="enactingFormula" eId="formula_1">
        <p xml:space="preserve">
          <span class="italic">L’Assemblée générale</span>,</p>
      </formula>
      <container name="Rappelant" eId="container_2">
        <p xml:space="preserve">
          <span class="italic">Rappelant</span> ses résolutions antérieures sur la question, notamment la résolution <a href="https://undocs.org/fr/A/RES/72/147">72/147</a> du 19 décembre 2017, et rappelant également la section de sa résolution <a href="https://undocs.org/fr/A/RES/64/289">64/289</a> du 2 juillet 2010 intitulée « Renforcer les mécanismes institutionnels en faveur de la promotion de l’égalité des sexes et de l’autonomisation de la femme »,</p>
      </container>
      <container name="Profondément convaincue" eId="container_3">
        <p xml:space="preserve">
          <span class="italic">Profondément convaincue</span> que la Déclaration et le Programme d’action de Beijing<authorialNote marker="1" placement="bottom" eId="authorialNote_1"><p xml:space="preserve"><span class="italic">Rapport de la quatrième Conférence mondiale sur les femmes, Beijing, 4‑15 septembre 1995</span> (publication des Nations Unies, numéro de vente : F.96.IV.13), chap. I, résolution 1, annexes I et II.</p></authorialNote> et les textes issus de sa vingt-troisième session extraordinaire intitulée « Les femmes en l’an 2000 : égalité entre les sexes, développement et paix pour le XXI<sup>e</sup> siècle »<authorialNote marker="2" placement="bottom" eId="authorialNote_2"><p xml:space="preserve">		Résolution <a href="https://undocs.org/fr/A/RES/S-23/2">S-23/2</a>, annexe, et résolution <a href="https://undocs.org/fr/A/RES/S-23/3">S-23/3</a>, annexe.</p></authorialNote> favorisent notablement l’égalité des genres et l’autonomisation des femmes et doivent être traduits dans les faits par tous les États, les organismes des Nations Unies et les autres organisations intéressées,</p>
      </container>
      <container name="Réaffirmant" eId="container_4">
        <p xml:space="preserve">
          <span class="italic">Réaffirmant</span> les engagements en faveur de l’égalité des genres et de la promotion des femmes pris au Sommet du Millénaire<authorialNote marker="3" placement="bottom" eId="authorialNote_3"><p xml:space="preserve">		Voir résolution <a href="https://undocs.org/fr/A/RES/55/2">55/2</a>.</p></authorialNote>, au Sommet mondial de 2005<authorialNote marker="4" placement="bottom" eId="authorialNote_4"><p xml:space="preserve">		Voir résolution <a href="https://undocs.org/fr/A/RES/60/1">60/1</a>.</p></authorialNote>, à sa réunion plénière de haut niveau sur les objectifs du Millénaire pour le développement<authorialNote marker="5" placement="bottom" eId="authorialNote_5"><p xml:space="preserve">		Voir résolution <a href="https://undocs.org/fr/A/RES/65/1">65/1</a>.</p></authorialNote>, à la manifestation spéciale qu’elle a consacrée au bilan de l’action entreprise pour atteindre les objectifs du Millénaire pour le développement<authorialNote marker="6" placement="bottom" eId="authorialNote_6"><p xml:space="preserve">		Voir résolution <a href="https://undocs.org/fr/A/RES/68/6">68/6</a>.</p></authorialNote>, au Sommet des Nations Unies consacré à l’adoption du programme de développement pour l’après 2015<authorialNote marker="7" placement="bottom" eId="authorialNote_7"><p xml:space="preserve">		Voir résolution <a href="https://undocs.org/fr/A/RES/70/1">70/1</a>.</p></authorialNote> et aux autres grandes conférences, réunions au sommet et sessions extraordinaires organisées sous l’égide des Nations Unies, et réaffirmant également que leur mise en œuvre intégrale, effective et accélérée est essentielle pour atteindre les objectifs de développement arrêtés au niveau international, dont les objectifs de développement durable,</p>
      </container>
      <container name="Réaffirmant également" eId="container_5">
        <p xml:space="preserve">
          <span class="italic">Réaffirmant également</span> les engagements en faveur de l’égalité des genres et de l’autonomisation des femmes énoncés dans la « Déclaration de Doha sur le financement du développement : document final de la Conférence internationale de suivi sur le financement du développement, chargée d’examiner la mise en œuvre du Consensus de Monterrey »<authorialNote marker="8" placement="bottom" eId="authorialNote_8"><p xml:space="preserve">		Résolution <a href="https://undocs.org/fr/A/RES/63/239">63/239</a>, annexe.</p></authorialNote> et dans le Programme d’action d’Addis-Abeba issu de la troisième Conférence internationale sur le financement du développement<authorialNote marker="9" placement="bottom" eId="authorialNote_9"><p xml:space="preserve">		Résolution <a href="https://undocs.org/fr/A/RES/69/313">69/313</a>, annexe.</p></authorialNote>,</p>
      </container>
      <container name="Rappelant" eId="container_6">
        <p xml:space="preserve">
          <span class="italic">Rappelant</span> sa résolution <a href="https://undocs.org/fr/A/RES/71/243">71/243</a>, en date du 21 décembre 2016, sur l’examen quadriennal complet des activités opérationnelles de développement du système des Nations Unies, dans laquelle elle a demandé à toutes les entités du système des Nations Unies pour le développement de continuer à promouvoir l’autonomisation des femmes et l’égalité des genres, l’idée étant d’améliorer la prise en compte des questions de genre, en mettant intégralement en œuvre le Plan d’action à l’échelle du système des Nations Unies pour l’égalité des sexes et l’avancement des femmes, élaboré sous la direction de l’Entité des Nations Unies pour l’égalité des sexes et l’autonomisation des femmes (ONU-Femmes),</p>
      </container>
      <container name="Réaffirmant" eId="container_7">
        <p xml:space="preserve">
          <span class="italic">Réaffirmant</span> la Déclaration d’engagement sur le VIH/sida<authorialNote marker="10" placement="bottom" eId="authorialNote_10"><p xml:space="preserve">		Résolution <a href="https://undocs.org/fr/A/RES/S-26/2">S-26/2</a>, annexe.</p></authorialNote> et la « Déclaration politique sur le VIH et le sida : accélérer la riposte pour lutter contre le VIH et mettre fin à l’épidémie de sida d’ici à 2030 », adoptée lors de sa réunion plénière de haut niveau sur le VIH et le sida tenue à New York du 8 au 10 juin 2016<authorialNote marker="11" placement="bottom" eId="authorialNote_11"><p xml:space="preserve">		Résolution <a href="https://undocs.org/fr/A/RES/70/266">70/266</a>, annexe.</p></authorialNote>, qui a notamment porté sur la recherche de solutions changeant la donne face au sida pour contribuer à l’égalité femmes-hommes et à l’autonomisation de toutes les femmes et les filles, et réaffirmant également la déclaration politique sur l’application du Plan d’action mondial des Nations Unies pour la lutte contre la traite des personnes, adoptée lors de sa réunion de haut niveau tenue à New York les 27 et 28 septembre 2017<authorialNote marker="12" placement="bottom" eId="authorialNote_12"><p xml:space="preserve">		Résolution <a href="https://undocs.org/fr/A/RES/72/1">72/1</a>.</p></authorialNote>,</p>
      </container>
      <container name="Saluant" eId="container_8">
        <p xml:space="preserve">
          <span class="italic">Saluant</span> les progrès accomplis sur la voie de l’égalité des genres et de l’autonomisation des femmes, mais soulignant que des difficultés et des obstacles continuent d’entraver l’application de la Déclaration et du Programme d’action de Beijing et des textes issus de sa vingt-troisième session extraordinaire,</p>
      </container>
      <container name="Notant avec satisfaction" eId="container_9">
        <p xml:space="preserve">
          <span class="italic">Notant avec satisfaction</span> que 2020 marquera le vingt-cinquième anniversaire de la quatrième Conférence mondiale sur les femmes et de l’adoption de la Déclaration et du Programme d’action de Beijing, notant également avec satisfaction, à cet égard, les activités déjà entreprises par les gouvernements aux fins de leur examen et prenant note des contributions de toutes les autres parties prenantes à ces activités,</p>
      </container>
      <container name="Rappelant" eId="container_10">
        <p xml:space="preserve">
          <span class="italic">Rappelant</span> les résolutions du Conseil de sécurité <a href="https://undocs.org/fr/S/RES/1325 (2000)">1325 (2000)</a> du 31 octobre 2000, <a href="https://undocs.org/fr/S/RES/1820 (2008)">1820 (2008)</a> du 19 juin 2008, <a href="https://undocs.org/fr/S/RES/1888 (2009)">1888 (2009)</a> du 30 septembre 2009, <a href="https://undocs.org/fr/S/RES/1889 (2009)">1889 (2009)</a> du 5 octobre 2009, <a href="https://undocs.org/fr/S/RES/1960 (2010)">1960 (2010)</a> du 16 décembre 2010, <a href="https://undocs.org/fr/S/RES/2106 (2013)">2106 (2013)</a> du 24 juin 2013, <a href="https://undocs.org/fr/S/RES/2122 (2013)">2122 (2013)</a> du 18 octobre 2013, <a href="https://undocs.org/fr/S/RES/2242 (2015)">2242 (2015)</a> du 13 octobre 2015, <a href="https://undocs.org/fr/S/RES/2467 (2019)">2467 (2019)</a> du 23 avril 2019 et <a href="https://undocs.org/fr/S/RES/2493 (2019)">2493 (2019)</a> du 29 octobre 2019 sur les femmes et la paix et la sécurité, ainsi que les résolutions <a href="https://undocs.org/fr/S/RES/1882 (2009)">1882 (2009)</a> du 4 août 2009, <a href="https://undocs.org/fr/S/RES/2225 (2015)">2225 (2015)</a> du 18 juin 2015 et <a href="https://undocs.org/fr/S/RES/2427 (2018)">2427 (2018)</a> du 9 juillet 2018 sur le sort des enfants en temps de conflit armé,</p>
      </container>
      <container name="Réaffirmant" eId="container_11">
        <p xml:space="preserve">
          <span class="italic">Réaffirmant</span> le rôle considérable que les femmes jouent dans la prévention et le règlement des conflits et la consolidation de la paix, soulignant qu’il importe qu’elles y participent, y compris au niveau de la prise des décisions, et notant à cet égard que l’année 2020 marquera le vingtième anniversaire de l’adoption par le Conseil de sécurité de la résolution <a href="https://undocs.org/fr/S/RES/1325 (2000)">1325 (2000)</a> sur les femmes et la paix et la sécurité,</p>
      </container>
      <container name="Rappelant" eId="container_12">
        <p xml:space="preserve">
          <span class="italic">Rappelant</span> la tenue à New York, le 27 septembre 2015, de la Réunion de mobilisation des dirigeants du monde en faveur de l’égalité des sexes et de l’autonomisation des femmes et les promesses et engagements des gouvernements en faveur de l’égalité des sexes et de l’autonomisation de toutes les femmes et de toutes les filles formulés à cette occasion,</p>
      </container>
      <container name="Prenant note" eId="container_13">
        <p xml:space="preserve">
          <span class="italic">Prenant note</span> de la création du Groupe de haut niveau du Secrétaire général sur l’autonomisation économique des femmes,</p>
      </container>
      <container name="Consciente" eId="container_14">
        <p xml:space="preserve">
          <span class="italic">Consciente</span> que la mise en application de la Déclaration et du Programme d’action de Beijing et des textes issus de sa vingt-troisième session extraordinaire incombe au premier chef aux pays eux-mêmes, lesquels doivent redoubler d’efforts à cet égard, et réaffirmant qu’il est indispensable de renforcer la coopération internationale en vue d’en assurer l’application intégrale, effective et accélérée,</p>
      </container>
      <container name="Consciente " eId="container_15">
        <p xml:space="preserve">
          <span class="italic">Consciente </span>du rôle de premier plan de la Commission de la condition de la femme dans la suite donnée à la Déclaration et au Programme d’action de Beijing, qui constituent le socle de ses travaux, et soulignant qu’il est essentiel d’aborder et d’intégrer l’égalité des genres et l’autonomisation des femmes et des filles dans les examens nationaux, régionaux et mondiaux de l’application du Programme de développement durable à l’horizon 2030<sup>7</sup> et d’assurer la synergie entre la suite donnée au Programme d’action de Beijing et celle donnée au Programme 2030 en tenant compte des questions de genre,</p>
      </container>
      <container name="Se félicitant" eId="container_16">
        <p xml:space="preserve">
          <span class="italic">Se félicitant</span> des travaux d’examen de la mise en œuvre de la Déclaration et du Programme d’action de Beijing menés par la Commission de la condition de la femme, prenant note avec satisfaction de toutes ses conclusions concertées et considérant qu’il faut les appliquer,</p>
      </container>
      <container name="Rappelant" eId="container_17">
        <p xml:space="preserve">
          <span class="italic">Rappelant</span> ses résolutions <a href="https://undocs.org/fr/A/RES/73/294">73/294</a> du 22 mai 2019 et <a href="https://undocs.org/fr/A/RES/73/340">73/340</a> du 12 septembre 2019, dans lesquelles elle a décidé de tenir, le mercredi 23 septembre 2020, une réunion de haut niveau d’une journée sur le vingt-cinquième anniversaire de la quatrième Conférence mondiale sur les femmes,</p>
      </container>
      <container name="Se félicitant " eId="container_18">
        <p xml:space="preserve">
          <span class="italic">Se félicitant </span>du renforcement des capacités d’ONU-Femmes et de l’expérience que celle-ci a acquise en exécutant son mandat,</p>
      </container>
      <container name="Félicitant" eId="container_19">
        <p xml:space="preserve">
          <span class="italic">Félicitant</span> ONU-Femmes de l’appui qu’elle continue de fournir aux mécanismes intergouvernementaux, notamment en ce qui concerne les liens entre le développement durable, le financement du développement, les migrations, les changements climatiques et l’égalité des genres et l’autonomisation des femmes et des filles,</p>
      </container>
      <container name="Rappelant" eId="container_20">
        <p xml:space="preserve">
          <span class="italic">Rappelant</span> sa résolution <a href="https://undocs.org/fr/A/RES/64/289">64/289</a>, dans laquelle elle a décidé que les ressources nécessaires au fonctionnement des mécanismes normatifs intergouvernementaux seraient prélevées sur le budget ordinaire,</p>
      </container>
      <container name="Prenant note" eId="container_21">
        <p xml:space="preserve">
          <span class="italic">Prenant note</span> des activités menées par le Fonds pour l’égalité des sexes et le fonds d’affectation spéciale des Nations Unies à l’appui de la lutte contre la violence à l’égard des femmes,</p>
      </container>
      <container name="Consciente" eId="container_22">
        <p xml:space="preserve">
          <span class="italic">Consciente</span> que la participation et l’apport de la société civile, en particulier des associations et organisations de femmes et d’autres organisations non gouvernementales, sont importants pour le succès de la mise en œuvre de la Déclaration et du Programme d’action de Beijing et des textes issus de sa vingt-troisième session extraordinaire, ainsi que pour l’application, compte tenu des questions de genre, du Programme de développement durable à l’horizon 2030,</p>
      </container>
      <container name="Réaffirmant" eId="container_23">
        <p xml:space="preserve">
          <span class="italic">Réaffirmant</span> que la prise en compte systématique des questions de genre est un moyen mondialement reconnu de promouvoir l’autonomisation des femmes et de parvenir à l’égalité des genres, qui passe par une transformation des structures inégalitaires des sociétés et qui concerne toutes les questions examinées par ses grandes commissions et organes subsidiaires, y compris dans les résolutions qui ne se limitent pas aux questions sociales, humanitaires, culturelles, économiques et financières,</p>
      </container>
      <container name="Réaffirmant également" eId="container_24">
        <p xml:space="preserve">
          <span class="italic">Réaffirmant également</span> la détermination à promouvoir activement la prise en compte du principe de l’égalité femmes-hommes lors de la conception, de la mise en œuvre, du suivi et de l’évaluation des politiques et programmes d’ordres politique, économique et social et à renforcer les capacités d’action du système des Nations Unies dans le domaine de l’égalité des genres,</p>
      </container>
      <container name="Consciente" eId="container_25">
        <p xml:space="preserve">
          <span class="italic">Consciente</span> des difficultés et des obstacles qui s’opposent à l’abandon des attitudes discriminatoires et des stéréotypes liés au genre perpétuant la discrimination à l’égard des femmes et des filles et les rôles stéréotypés assignés aux filles et aux garçons et aux femmes et aux hommes, et soulignant que des difficultés et obstacles continuent d’entraver la mise en œuvre des normes internationales destinées à remédier aux inégalités entre les femmes et les hommes,</p>
      </container>
      <container name="Considérant" eId="container_26">
        <p xml:space="preserve">
          <span class="italic">Considérant</span> qu’il importe de faire pleinement participer les hommes et les garçons, en tant qu’agents et bénéficiaires du changement, à la réalisation de l’égalité des genres et de l’autonomisation de toutes les femmes et de toutes les filles et, en tant qu’alliés, à l’élimination de toutes les formes de discrimination et de violence à l’égard des femmes et des filles, ainsi qu’à la mise en œuvre intégrale, effective et accélérée de la Déclaration et du Programme d’action de Beijing et à l’application, compte tenu des questions de genre, du Programme de développement durable à l’horizon 2030,</p>
      </container>
      <container name="Vivement préoccupée de constater" eId="container_27">
        <p xml:space="preserve">
          <span class="italic">Vivement préoccupée de constater</span> que le système des Nations Unies n’a toujours pas atteint l’objectif urgent de la parité entre les femmes et les hommes, surtout au niveau des administrateurs de rang supérieur et dans les lieux d’affectation hors siège, dans le plein respect du principe d’une répartition géographique équitable, conformément au paragraphe 3 de l’Article 101 de la Charte des Nations Unies, que la proportion de femmes dans la catégorie des administrateurs diminue progressivement à mesure que l’on s’élève dans la hiérarchie et que l’écart de représentation est le plus marqué et la situation évolue le plus lentement dans les lieux d’affectation hors siège, y compris dans les missions de maintien de la paix, comme l’indique le Secrétaire général dans son rapport sur l’amélioration de la situation des femmes dans le système<authorialNote marker="13" placement="bottom" eId="authorialNote_13"><p xml:space="preserve"><a href="https://undocs.org/fr/A/74/220">A/74/220</a>.</p></authorialNote>,</p>
      </container>
    </preamble>
    <mainBody>
      <paragraph eId="para_28" class="SingleTxt">
        <num>	1.</num>
        <content eId="para_28__content">
          <p xml:space="preserve">
            <span class="italic">Prend note avec satisfaction</span> du rapport du Secrétaire général sur les mesures prises et les progrès réalisés dans le suivi et la mise en œuvre de la Déclaration et du Programme d’action de Beijing et des textes issus de sa vingt-troisième session extraordinaire<authorialNote marker="14" placement="bottom" eId="authorialNote_14"><p xml:space="preserve"><a href="https://undocs.org/fr/A/74/222">A/74/222</a>.</p></authorialNote> ainsi que du rapport du Secrétaire général sur l’amélioration de la situation des femmes dans le système des Nations Unies<sup>13</sup> ;</p>
        </content>
      </paragraph>
      <paragraph eId="para_29" class="SingleTxt">
        <num>	2.</num>
        <content eId="para_29__content">
          <p xml:space="preserve">
            <span class="italic">Réaffirme</span> la Déclaration et le Programme d’action de Beijing adoptés à la quatrième Conférence mondiale sur les femmes<sup>1</sup> et les textes issus de sa vingt-troisième session extraordinaire<sup>2</sup>, réaffirme également la déclaration politique adoptée par la Commission de la condition de la femme à sa cinquante-neuvième session<authorialNote marker="15" placement="bottom" eId="authorialNote_15"><p xml:space="preserve"><span class="italic">Documents officiels du Conseil économique et social, 2015, Supplément n</span><span class="italic"><sup>o</sup></span><span class="italic"> 7</span> (<a href="https://undocs.org/fr/E/2015/27">E/2015/27</a>), chap. I, sect. C, résolution <a href="https://undocs.org/fr/A/RES/59/1">59/1</a>, annexe.</p></authorialNote>, à l’occasion du vingtième anniversaire de la quatrième Conférence mondiale sur les femmes, et se déclare attachée à l’application intégrale, effective et accélérée de ces textes ;</p>
        </content>
      </paragraph>
      <paragraph eId="para_30" class="SingleTxt">
        <num>	3.</num>
        <content eId="para_30__content">
          <p xml:space="preserve">
            <span class="italic">Réaffirme également</span> le rôle primordial et essentiel qu’elle-même et le Conseil économique et social ont à remplir, ainsi que celui de catalyseur qui revient à la Commission de la condition de la femme, pour promouvoir l’égalité des genres et l’autonomisation des femmes en s’appuyant sur l’application intégrale de la Déclaration et du Programme d’action de Beijing et des textes issus de sa vingt-troisième session extraordinaire et pour promouvoir et suivre l’intégration des questions de genre dans le système des Nations Unies, et encourage la Commission à contribuer au suivi du Programme de développement durable à l’horizon 2030<sup>7</sup> afin d’accélérer les progrès sur la voie de l’égalité des genres et de l’autonomisation des femmes et des filles ;</p>
        </content>
      </paragraph>
      <paragraph eId="para_31" class="SingleTxt">
        <num>	4.</num>
        <content eId="para_31__content">
          <p xml:space="preserve">
            <span class="italic">Demande</span> aux gouvernements et à toutes les autres parties prenantes de systématiquement tenir compte des questions de genre dans la mise en œuvre du Programme de développement durable à l’horizon 2030 en vue, notamment, de contribuer à l’application intégrale, effective et accélérée de la Déclaration et du Programme d’Action de Beijing, et souligne, à cet égard, qu’il importe d’assurer la synergie entre la suite donnée à la Déclaration et au Programme d’Action de Beijing et celle donnée au Programme 2030 en tenant compte des questions de genre ;</p>
        </content>
      </paragraph>
      <paragraph eId="para_32" class="SingleTxt">
        <num>	5.</num>
        <content eId="para_32__content">
          <p xml:space="preserve">
            <span class="italic">Réaffirme</span> que la mise en œuvre intégrale, effective et accélérée de la Déclaration et du Programme d’action de Beijing ainsi que des textes issus de sa vingt-troisième session extraordinaire est indispensable pour atteindre les objectifs de développement durable ;</p>
        </content>
      </paragraph>
      <paragraph eId="para_33" class="SingleTxt">
        <num>	6.</num>
        <content eId="para_33__content">
          <p xml:space="preserve">
            <span class="italic">Considère</span> que la mise en œuvre de la Déclaration et du Programme d’action de Beijing et l’exécution des obligations mises à la charge des États parties par la Convention sur l’élimination de toutes les formes de discrimination à l’égard des femmes<authorialNote marker="16" placement="bottom" eId="authorialNote_16"><p xml:space="preserve">		Nations Unies, <span class="italic">Recueil des Traités</span>, vol. 1249, n<sup>o</sup> 20378.</p></authorialNote> contribuent l’une et l’autre à favoriser l’égalité des genres et l’autonomisation des femmes, et remercie à cet égard le Comité pour l’élimination de la discrimination à l’égard des femmes de son action en faveur de la mise en œuvre du Programme d’action et des textes issus de sa vingt-troisième session extraordinaire ;</p>
        </content>
      </paragraph>
      <paragraph eId="para_34" class="SingleTxt">
        <num>	7.</num>
        <content eId="para_34__content">
          <p xml:space="preserve">
            <span class="italic">Demande</span> aux États parties de s’acquitter pleinement de leurs obligations au regard de la Convention sur l’élimination de toutes les formes de discrimination à l’égard des femmes et du Protocole facultatif s’y rapportant<authorialNote marker="17" placement="bottom" eId="authorialNote_17"><p xml:space="preserve">		Ibid., vol. 2131, n<sup>o</sup> 20378.</p></authorialNote> et de tenir compte des observations finales et des recommandations générales du Comité, les prie instamment d’envisager de limiter la portée de leurs réserves éventuelles à la Convention, de donner à ces réserves une formulation aussi précise et restrictive que possible et de les revoir régulièrement en vue de les retirer, de façon à garantir qu’aucune réserve n’est incompatible avec l’objet et le but de la Convention, et prie instamment tous les États Membres qui ne l’ont pas encore fait d’envisager de ratifier la Convention ou d’y adhérer et d’envisager de signer et de ratifier le Protocole facultatif ou d’y adhérer ;</p>
        </content>
      </paragraph>
      <paragraph eId="para_35" class="SingleTxt">
        <num>	8.</num>
        <content eId="para_35__content">
          <p xml:space="preserve">
            <span class="italic">Réaffirme</span> que les États sont tenus d’agir avec la diligence voulue pour prévenir et réprimer toutes les formes de violence à l’égard des femmes et des filles, offrir une protection à celles qui en sont victimes, mener des enquêtes sur ces actes et en poursuivre et en punir les auteurs, et que tout manquement à cette obligation porte atteinte aux libertés et aux droits fondamentaux des femmes et des filles, en même temps qu’il en entrave ou en anéantit la jouissance, demande aux gouvernements d’élaborer et d’appliquer des lois et des stratégies propres à éliminer les violences faites aux femmes et aux filles, invite et encourage les hommes et les garçons à s’investir activement dans la prévention et l’élimination de toutes les formes de violence, encourage les efforts visant à leur faire mieux comprendre en quoi ces violences sont néfastes pour les filles, les garçons, les femmes et les hommes et compromettent l’égalité des genres, engage tous les acteurs à dénoncer haut et fort toute forme de violence à l’égard des femmes et invite à cet égard les États Membres à continuer de soutenir la campagne « Tous unis pour mettre fin à la violence à l’égard des femmes » lancée par le Secrétaire général, sa plateforme de mobilisation sociale et de sensibilisation sur le thème « Oranger le monde : mettre fin à la violence à l’égard des femmes », et la campagne « HeforShe » de l’Entité des Nations Unies pour l’égalité des sexes et l’autonomisation des femmes (ONU-Femmes), ainsi qu’à appuyer le pacte volontaire du Secrétaire général sur la prévention et la lutte contre l’exploitation et les atteintes sexuelles ;</p>
        </content>
      </paragraph>
      <paragraph eId="para_36" class="SingleTxt">
        <num>	9.</num>
        <content eId="para_36__content">
          <p xml:space="preserve">
            <span class="italic">Souligne de nouveau</span> l’importance et l’utilité du mandat d’ONU-Femmes et se félicite des initiatives qu’elle prend pour faire entendre avec force la voix des femmes et des filles à tous les niveaux, ainsi que de l’appui qu’elle fournit aux mécanismes intergouvernementaux pour leur permettre de contribuer pleinement aux progrès de l’égalité des genres et à l’autonomisation des femmes et des filles, de sorte que celles-ci puissent exercer leurs droits fondamentaux ;</p>
        </content>
      </paragraph>
      <paragraph eId="para_37" class="SingleTxt">
        <num>	10.</num>
        <content eId="para_37__content">
          <p xml:space="preserve">
            <span class="italic">Note avec préoccupation</span> qu’ONU-Femmes continue de faire appel à des contributions volontaires pour assurer, dans le cadre de son mandat, le service des mécanismes normatifs intergouvernementaux, et souligne à cet égard qu’il faut appliquer intégralement la résolution <a href="https://undocs.org/fr/A/RES/64/289">64/289</a> ;</p>
        </content>
      </paragraph>
      <paragraph eId="para_38" class="SingleTxt">
        <num>	11.</num>
        <content eId="para_38__content">
          <p xml:space="preserve">
            <span class="italic">Réaffirme</span> qu’ONU-Femmes joue un rôle important en dirigeant et en coordonnant les activités que les organismes des Nations Unies mènent en faveur de l’égalité des genres et de l’autonomisation des femmes et en les incitant à assumer leurs responsabilités en la matière ;</p>
        </content>
      </paragraph>
      <paragraph eId="para_39" class="SingleTxt">
        <num>	12.</num>
        <content eId="para_39__content">
          <p xml:space="preserve">
            <span class="italic">Note avec satisfaction</span> les travaux importants et approfondis entrepris par ONU-Femmes en vue d’intégrer de façon plus efficace et cohérente les questions de genre dans l’ensemble du système des Nations Unies, et prie ONU-Femmes de faire en sorte que cet aspect demeure un élément à part entière de son activité et de ses efforts visant à intensifier l’action menée dans tout le système des Nations Unies ;</p>
        </content>
      </paragraph>
      <paragraph eId="para_40" class="SingleTxt">
        <num>	13.</num>
        <content eId="para_40__content">
          <p xml:space="preserve">
            <span class="italic">Salue</span> la détermination avec laquelle ONU-Femmes s’attache à aider les États Membres à élaborer ou à renforcer les normes, politiques et critères relatifs à l’égalité des genres et à l’autonomisation des femmes, et à intégrer les questions de genre dans les orientations sectorielles et les cadres normatifs, conformément à son mandat, et engage l’Entité à continuer de sensibiliser les organes intergouvernementaux à la nécessité d’intégrer ces questions dans leurs travaux et mécanismes et de leur faire une plus grande place, à faire mieux connaître les perspectives qu’ouvre cette démarche et à fournir une analyse politique et des renseignements propres à éclairer les délibérations intergouvernementales afin de fournir aux États Membres qui le demandent l’assistance technique dont ils ont besoin pour renforcer la prise en compte des questions de genre dans les résolutions et autres textes officiels, et estime à cet égard qu’il faut continuer de renforcer la capacité d’ONU-Femmes à remplir pleinement sa fonction d’appui aux activités normatives ;</p>
        </content>
      </paragraph>
      <paragraph eId="para_41" class="SingleTxt">
        <num>	14.</num>
        <content eId="para_41__content">
          <p xml:space="preserve">
            <span class="italic">Souligne</span> le rôle important que joue ONU-Femmes dans la promotion de l’égalité des genres et de l’autonomisation des femmes, ainsi que l’action essentielle qu’elle mène en prêtant assistance aux États Membres, en coordonnant les activités des organismes des Nations Unies et en mobilisant la société civile, le secteur privé et les autres parties prenantes concernées, à tous les niveaux, aux fins de l’application de la Déclaration et du Programme d’action de Beijing, et invite ONU-Femmes et les organismes des Nations Unies à continuer de favoriser, dans le cadre de leur mandat, l’application intégrale, effective et accélérée de ces textes aux niveaux international, régional, national et local, notamment en prenant en compte systématiquement les questions de genre, en mobilisant des ressources en vue d’obtenir des résultats et en suivant les progrès accomplis à l’aide de données et par la mise en place de solides dispositifs de responsabilisation ;</p>
        </content>
      </paragraph>
      <paragraph eId="para_42" class="SingleTxt">
        <num>	15.</num>
        <content eId="para_42__content">
          <p xml:space="preserve">
            <span class="italic">Prie instamment</span> les États Membres d’accroître les montants qu’ils allouent au budget d’ONU-Femmes, en versant, lorsque les décisions des organes délibérants et les règles budgétaires le permettent, des contributions volontaires au titre des ressources de base qui soient pluriannuelles, prévisibles, stables et durables, vu qu’il importe qu’ONU-Femmes dispose d’un financement suffisant pour mettre en œuvre son plan stratégique sans délai et dans de bonnes conditions et qu’il demeure difficile de mobiliser les ressources financières qui lui permettront d’atteindre ses objectifs ;</p>
        </content>
      </paragraph>
      <paragraph eId="para_43" class="SingleTxt">
        <num>	16.</num>
        <content eId="para_43__content">
          <p xml:space="preserve">
            <span class="italic">Exhorte</span> les États Membres à prendre de nouvelles mesures concrètes en vue de l’application intégrale, effective et accélérée de la Déclaration et du Programme d’action de Beijing et des textes issus de sa vingt-troisième session extraordinaire et, pour ce faire, à renforcer la mise en œuvre des lois, politiques, stratégies et activités de programme en faveur de l’ensemble des femmes et des filles ; à renforcer l’appui fourni aux mécanismes institutionnels chargés de favoriser l’égalité des genres et l’autonomisation des femmes et des filles à tous les niveaux ; à faire évoluer les normes discriminatoires et les stéréotypes liés au genre et à promouvoir des normes et pratiques qui mettent en évidence le rôle positif et la contribution des femmes et éliminent la discrimination à l’égard des femmes et des filles ; à accroître sensiblement les investissements afin de remédier au manque de ressources, notamment en mobilisant des ressources auprès de toutes les sources possibles, ce qui passe entre autres choses par la mobilisation et l’allocation de ressources au niveau national et par le fait de considérer l’égalité des genres et l’autonomisation des femmes comme des priorités majeures de l’aide publique au développement, afin de s’appuyer sur les progrès accomplis et de veiller à ce que cette aide soit effectivement mise au service de l’application du Programme d’action ; à mieux faire appliquer le principe de responsabilité s’agissant de la tenue des engagements déjà pris ; à améliorer les dispositifs de renforcement des capacités, de collecte de données, de suivi et d’évaluation, ainsi que l’accès aux technologies de l’information et des communications et l’utilisation qui en est faite ;</p>
        </content>
      </paragraph>
      <paragraph eId="para_44" class="SingleTxt">
        <num>	17.</num>
        <content eId="para_44__content">
          <p xml:space="preserve">
            <span class="italic">Demande</span> aux gouvernements et aux organes, aux fonds et programmes concernés et aux institutions spécialisées des Nations Unies, agissant dans le cadre de leur mandat, aux autres organisations internationales et régionales, dont les institutions financières, et à tous les acteurs intéressés de la société civile, notamment les organisations non gouvernementales, d’intensifier et d’accélérer l’action qu’ils mènent pour assurer l’application intégrale et effective de la Déclaration et du Programme d’action de Beijing et des textes issus de sa vingt-troisième session extraordinaire, y compris en s’associant aux célébrations du vingt-cinquième anniversaire de la Déclaration et du Programme d’action de Beijing, selon qu’il convient ;</p>
        </content>
      </paragraph>
      <paragraph eId="para_45" class="SingleTxt">
        <num>	18.</num>
        <content eId="para_45__content">
          <p xml:space="preserve">
            <span class="italic">Attend avec intérêt</span> la soixante-quatrième session de la Commission de la condition de la femme, en 2020, lors de laquelle la Commission entreprendra un examen et une évaluation de l’application de la Déclaration et du Programme d’action de Beijing et des textes issus de sa vingt-troisième session extraordinaire, ainsi que le Forum Génération Égalité, organisé par ONU-Femmes et coprésidé par la France et le Mexique, en partenariat avec la société civile ;</p>
        </content>
      </paragraph>
      <paragraph eId="para_46" class="SingleTxt">
        <num>	19.</num>
        <content eId="para_46__content">
          <p xml:space="preserve">
            <span class="italic">Encourage</span> tous les acteurs, à savoir les gouvernements, les organismes des Nations Unies, les autres organisations internationales et la société civile, à continuer d’aider la Commission de la condition de la femme à jouer le rôle central qui est le sien dans le suivi de la Déclaration et du Programme d’action de Beijing et des textes issus de sa vingt-troisième session extraordinaire et l’examen de leur mise en œuvre, et, s’il y a lieu, à appliquer les recommandations de la Commission, se félicite à cet égard que celle-ci continue à partager les données empiriques, les enseignements tirés de l’expérience et les bonnes pratiques portant sur les moyens de surmonter les obstacles à la mise en œuvre intégrale de ces textes aux échelons national et international, salue l’évaluation des progrès réalisés sur les questions prioritaires et encourage les organes intergouvernementaux des Nations Unies à intégrer à leurs travaux, en tant que de besoin, les résultats obtenus par la Commission ;</p>
        </content>
      </paragraph>
      <paragraph eId="para_47" class="SingleTxt">
        <num>	20.</num>
        <content eId="para_47__content">
          <p xml:space="preserve">
            <span class="italic">Prie</span> les entités du système des Nations Unies de tenir compte, de manière systématique et stratégique, des résultats des travaux de la Commission de la condition de la femme dans les activités qu’elles mènent dans le cadre de leur mandat et, notamment, d’apporter un appui concret aux États Membres dans les mesures qu’ils prennent en faveur de l’égalité des genres et de l’autonomisation des femmes et des filles, et encourage à cet égard ONU-Femmes à continuer d’utiliser des mécanismes concrets d’établissement de rapports qui soient axés sur les résultats et d’assurer la cohérence, la compatibilité et la coordination entre les aspects normatifs et opérationnels de son activité ;</p>
        </content>
      </paragraph>
      <paragraph eId="para_48" class="SingleTxt">
        <num>	21.</num>
        <content eId="para_48__content">
          <p xml:space="preserve">
            <span class="italic">Encourage</span> les États et toutes les parties prenantes à mieux intégrer les questions de genre dans tous les secteurs et dans tous les domaines du développement ;</p>
        </content>
      </paragraph>
      <paragraph eId="para_49" class="SingleTxt">
        <num>	22.</num>
        <content eId="para_49__content">
          <p xml:space="preserve">
            <span class="italic">Demande de nouveau</span> au système des Nations Unies, notamment aux principaux organes de l’Organisation des Nations Unies, à leurs grandes commissions et à leurs organes subsidiaires, agissant dans le cadre de tribunes telles que le forum politique de haut niveau pour le développement durable et d’instances telles que l’examen ministériel annuel et le Forum pour la coopération en matière de développement du Conseil économique et social, ainsi qu’aux fonds, programmes et institutions spécialisées, de redoubler d’efforts pour intégrer pleinement la problématique du genre à toutes les questions dont ils sont saisis, dans la limite de leur mandat, ainsi qu’aux travaux des grandes conférences, réunions au sommet et sessions extraordinaires organisées sous l’égide des Nations Unies et de leurs mécanismes de suivi ;</p>
        </content>
      </paragraph>
      <paragraph eId="para_50" class="SingleTxt">
        <num>	23.</num>
        <content eId="para_50__content">
          <p xml:space="preserve">
            <span class="italic">Demande</span> aux États de veiller à ce que les mécanismes intergouvernementaux prennent systématiquement en compte les questions de genre dans leurs travaux préparatoires et leurs conclusions ;</p>
        </content>
      </paragraph>
      <paragraph eId="para_51" class="SingleTxt">
        <num>	24.</num>
        <content eId="para_51__content">
          <p xml:space="preserve">
            <span class="italic">Encourage</span> ses grandes commissions et organes subsidiaires, ainsi que le Conseil économique et social et ses commissions techniques, en particulier compte tenu de l’analyse faite par le Secrétaire général dans son rapport<sup>13</sup> et du fait que la question de l’égalité des genres et de l’autonomisation des femmes touche à de nombreux domaines, à redoubler d’efforts pour mieux tenir compte des questions de genre dans leurs travaux, y compris, le cas échéant, dans leurs résolutions, dans le cadre de son propre mandat et de ceux de ses grandes commissions et organes subsidiaires et de ceux du Conseil économique et social et de toutes ses commissions techniques, et invite les bureaux, le cas échéant, à encourager ces efforts ;</p>
        </content>
      </paragraph>
      <paragraph eId="para_52" class="SingleTxt">
        <num>	25.</num>
        <content eId="para_52__content">
          <p xml:space="preserve">
            <span class="italic">Encourage vivement</span> les gouvernements à continuer de soutenir l’action et la participation de la société civile, en particulier des organisations non gouvernementales et des organisations de femmes, qui contribuent à l’application intégrale, effective et accélérée de la Déclaration et du Programme d’action de Beijing ainsi que des textes issus de sa vingt-troisième session extraordinaire, et à la mise en œuvre, compte tenu des questions de genre, du Programme de développement durable à l’horizon 2030 ;</p>
        </content>
      </paragraph>
      <paragraph eId="para_53" class="SingleTxt">
        <num>	26.</num>
        <content eId="para_53__content">
          <p xml:space="preserve">
            <span class="italic">Demande</span> aux gouvernements et aux organismes des Nations Unies d’encourager les associations de femmes et les autres organisations non gouvernementales qui œuvrent pour l’égalité des genres et l’autonomisation des femmes à participer aux mécanismes intergouvernementaux, notamment par l’amélioration des activités de communication, l’augmentation des financements et le renforcement des capacités ;</p>
        </content>
      </paragraph>
      <paragraph eId="para_54" class="SingleTxt">
        <num>	27.</num>
        <content eId="para_54__content">
          <p xml:space="preserve">
            <span class="italic">Prie</span> les organes intergouvernementaux des Nations Unies de demander systématiquement que les questions de genre soient prises en compte dans les rapports du Secrétaire général et les autres contributions apportées aux mécanismes intergouvernementaux ;</p>
        </content>
      </paragraph>
      <paragraph eId="para_55" class="SingleTxt">
        <num>	28.</num>
        <content eId="para_55__content">
          <p xml:space="preserve">
            <span class="italic">Demande </span>que les rapports que le Secrétaire général lui présente, comme ceux qu’il présente au Conseil économique et social et aux organes subsidiaires, continuent de prendre systématiquement en considération les questions de genre en s’appuyant sur des analyses tenant compte des disparités entre les sexes, en présentant des données ventilées par sexe et par âge et en rendant compte de l’incidence des politiques et programmes proposés sur l’égalité des genres et l’autonomisation des femmes et des filles, et que les conclusions et les recommandations sur la suite des travaux prennent en compte les différences qui existent entre la situation et les besoins des femmes et ceux des hommes, et entre ceux des filles et ceux des garçons, le but étant de faciliter l’élaboration de politiques tenant compte de ces différences, et prie à ce propos le Secrétaire général de bien faire comprendre à toutes les parties qui apportent des éléments à ses rapports combien il importe d’y faire une place aux questions de genre ;</p>
        </content>
      </paragraph>
      <paragraph eId="para_56" class="SingleTxt">
        <num>	29.</num>
        <content eId="para_56__content">
          <p xml:space="preserve">
            <span class="italic">Engage</span> les États Membres, avec le concours, si nécessaire, d’entités des Nations Unies comme ONU‑Femmes, d’organisations internationales et régionales et d’autres acteurs intéressés, à donner la priorité au renforcement des capacités nationales de collecte de données et de suivi afin qu’ils puissent établir des statistiques ventilées par sexe et par âge et des indicateurs nationaux de l’égalité des genres et de l’autonomisation des femmes, dans le cadre d’une action et de partenariats multisectoriels ;</p>
        </content>
      </paragraph>
      <paragraph eId="para_57" class="SingleTxt">
        <num>	30.</num>
        <content eId="para_57__content">
          <p xml:space="preserve">
            <span class="italic">Demande</span> à toutes les entités du système des Nations Unies de continuer à s’employer activement à assurer la mise en œuvre intégrale, effective et accélérée de la Déclaration et du Programme d’action de Beijing et des textes issus de sa vingt-troisième session extraordinaire, notamment en conservant toutes dans leurs services des spécialistes des questions de genre et en veillant à ce que tous les membres de leur personnel, en particulier ceux qui se trouvent sur le terrain, bénéficient d’une formation et de mesures d’accompagnement appropriées, y compris des outils, des directives et du soutien nécessaires, pour accélérer l’intégration de ces questions à leurs activités, et réaffirme qu’il faut renforcer les capacités du système des Nations Unies en la matière ;</p>
        </content>
      </paragraph>
      <paragraph eId="para_58" class="SingleTxt">
        <num>	31.</num>
        <content eId="para_58__content">
          <p xml:space="preserve">
            <span class="italic">Rend hommage</span> au Secrétaire général pour sa détermination et pour les efforts qu’il a déployés afin de créer des conditions propices à l’accélération des progrès sur la voie de la parité entre les femmes et les hommes à tous les niveaux dans tous les organismes des Nations Unies, y compris pour ce qui est d’atteindre la parité au sommet de la hiérarchie d’ici à 2021 et à tous les niveaux dans tous les organismes des Nations Unies d’ici à 2028, comme il s’est engagé à le faire dans la stratégie sur la parité des sexes applicable à l’ensemble du système des Nations Unies adoptée en septembre 2017, et le félicite à cet égard des avancées réalisées récemment pour ce qui est du nombre de coordonnatrices résidentes, de secrétaires générales adjointes et de sous-secrétaires générales ;</p>
        </content>
      </paragraph>
      <paragraph eId="para_59" class="SingleTxt">
        <num>	32.</num>
        <content eId="para_59__content">
          <p xml:space="preserve">
            <span class="italic">Prie</span> le Secrétaire général de redoubler encore d’efforts pour atteindre l’objectif de la parité entre les femmes et les hommes à tous les niveaux dans l’ensemble du système des Nations Unies, y compris dans les missions de maintien de la paix et sur le terrain, dans le strict respect du principe d’une répartition géographique équitable et conformément au paragraphe 3 de l’Article 101 de la Charte des Nations Unies, en prenant particulièrement en considération les candidatures de femmes originaires de pays en développement, de pays parmi les moins avancés et de pays en transition, ainsi que d’États Membres non représentés ou largement sous-représentés, et de veiller à l’application de mesures assorties d’objectifs et de délais précis, y compris des mesures temporaires spéciales, ainsi qu’au renforcement de l’application de politiques et de mesures visant à créer un environnement porteur, qui favorisent notamment l’équilibre entre vie professionnelle et vie privée et permettent de prévenir et de combattre la discrimination, le harcèlement, y compris le harcèlement sexuel, et l’abus d’autorité sur le lieu de travail, en vue d’accélérer les progrès accomplis sur la voie de la parité, et à ce que le personnel d’encadrement et les départements rendent des comptes à ce sujet et atteignent la parité le plus rapidement possible ;</p>
        </content>
      </paragraph>
      <paragraph eId="para_60" class="SingleTxt">
        <num>	33.</num>
        <content eId="para_60__content">
          <p xml:space="preserve">
            <span class="italic">Demande</span> aux entités du système des Nations Unies d’intensifier considérablement leurs efforts en vue d’atteindre l’objectif de parité au moyen d’un ensemble complet de mesures, notamment celles décrites dans la stratégie du Secrétaire général sur la parité des sexes et les directives complémentaires à l’appui de son application, ainsi que les lignes directrices pour la création d’un environnement porteur dans le système des Nations Unies (Enabling Environment Guidelines for the United Nations System), de continuer de collaborer avec ONU-Femmes, avec le concours actif des responsables de la coordination pour l’égalité des genres et pour les questions relatives à la situation des femmes, et de fournir chaque année des statistiques actualisées, notamment sur le nombre, le pourcentage, les fonctions et la nationalité des femmes dans l’ensemble du système, ainsi que des renseignements sur la responsabilité qui incombe aux bureaux de la gestion des ressources humaines et au secrétariat du Conseil des chefs de secrétariat des organismes des Nations Unies pour la coordination en matière de promotion d’une représentation équilibrée des femmes et des hommes, et sur leurs obligations à cet égard ;</p>
        </content>
      </paragraph>
      <paragraph eId="para_61" class="SingleTxt">
        <num>	34.</num>
        <content eId="para_61__content">
          <p xml:space="preserve">
            <span class="italic">Encourage vivement</span> les États Membres à rechercher et à présenter régulièrement un plus grand nombre de candidates aux postes à pourvoir dans le système des Nations Unies, surtout les postes de haut niveau, de décideur et de direction, y compris dans les opérations de maintien de la paix ;</p>
        </content>
      </paragraph>
      <paragraph eId="para_62" class="SingleTxt">
        <num>	35.</num>
        <content eId="para_62__content">
          <p xml:space="preserve">
            <span class="italic">Encourage</span> les gouvernements et les organismes des Nations Unies à mieux vérifier le respect des engagements pris en faveur de l’égalité des genres et de l’autonomisation des femmes aux niveaux international, régional, national et local, notamment en améliorant le suivi des progrès accomplis sur le plan des politiques, des stratégies, de l’affectation des ressources et des programmes et en en rendant compte, et en parvenant à une représentation équilibrée des femmes et des hommes ;</p>
        </content>
      </paragraph>
      <paragraph eId="para_63" class="SingleTxt">
        <num>	36.</num>
        <content eId="para_63__content">
          <p xml:space="preserve">
            <span class="italic">Réaffirme</span> que c’est aux gouvernements qu’il incombe au premier chef d’assurer l’égalité des genres et l’autonomisation des femmes et que la coopération internationale joue un rôle indispensable pour ce qui est d’aider les pays en développement à progresser vers la mise en œuvre intégrale de la Déclaration et du Programme d’action de Beijing ;</p>
        </content>
      </paragraph>
      <paragraph eId="para_64" class="SingleTxt">
        <num>	37.</num>
        <content eId="para_64__content">
          <p xml:space="preserve">
            <span class="italic">Encourage</span> le Secrétaire général à porter à l’attention des organismes des Nations Unies les constatations qui figurent dans ses rapports afin qu’il y soit mieux donné suite et que la présente résolution soit plus rapidement appliquée ;</p>
        </content>
      </paragraph>
      <paragraph eId="para_65" class="SingleTxt">
        <num>	38.</num>
        <content eId="para_65__content">
          <p xml:space="preserve">
            <span class="italic">Prie</span> le Secrétaire général de présenter un compte rendu oral à la Commission de la condition de la femme à ses soixante-quatrième et soixante-cinquième sessions et de lui faire rapport à sa soixante‑seizième session sur l’amélioration de la situation des femmes dans le système des Nations Unies, ainsi que sur les progrès accomplis et les obstacles rencontrés dans la réalisation de l’objectif de représentation équilibrée des femmes et des hommes, dans le cadre de l’examen de la question intitulée « Promotion des femmes » ;</p>
        </content>
      </paragraph>
      <paragraph eId="para_66" class="SingleTxt">
        <num>	39.</num>
        <content eId="para_66__content">
          <p xml:space="preserve">
            <span class="italic">Prie également</span> le Secrétaire général de lui rendre compte à sa soixante-seizième session, au titre de la question intitulée « Promotion des femmes », du suivi et des progrès de l’application de la Déclaration et du Programme d’action de Beijing et des textes issus de sa vingt-troisième session extraordinaire.</p>
        </content>
      </paragraph>
    </mainBody>
    <conclusions eId="conclusions">
      <p>
        <inline name="adoptionMeeting" title="50e">50e séance plénière</inline>
        <eol />
        <docDate date="2019-12-18" refersTo="#adoptionDate">18 décembre 2019</docDate>
      </p>
    </conclusions>
  </statement>
</akomaNtoso>