<akomaNtoso xmlns:xsi="http://www.w3.org/2001/XMLSchema-instance" xsi:schemaLocation="http://docs.oasis-open.org/legaldocml/ns/akn/3.0 http://docs.oasis-open.org/legaldocml/akn-core/v1.0/os/part2-specs/schemas/akomantoso30.xsd" xmlns="http://docs.oasis-open.org/legaldocml/ns/akn/3.0" xmlns:html="http://www.w3.org/1999/xhtml" xmlns:akn4un="http://un.org/akn4un">
  <statement name="resolution">
    <meta>
      <identification source="#DGACM">
        <FRBRWork>
          <FRBRthis value="/akn/un/statement/deliberation/unga/2019-12-13/74-109/!main/"></FRBRthis>
          <FRBRuri value="/akn/un/statement/deliberation/unga/2019-12-13/74-109/"></FRBRuri>
          <FRBRdate date="2019-12-13" name="adoption"></FRBRdate>
          <FRBRauthor href="ga" as="author"></FRBRauthor>
          <FRBRcountry value="un"></FRBRcountry>
        </FRBRWork>
        <FRBRExpression>
          <FRBRthis value="/akn/un/statement/deliberation/unga/2019-12-13/74-109/fra@!main/"></FRBRthis>
          <FRBRuri value="/akn/un/statement/deliberation/unga/2019-12-13/74-109/fra@/"></FRBRuri>
          <FRBRdate date="2019-12-27" name="publication"></FRBRdate>
          <FRBRauthor href="ga" as="issuer"></FRBRauthor>
          <FRBRlanguage language="fra"></FRBRlanguage>
        </FRBRExpression>
        <FRBRManifestation>
          <FRBRthis value="/akn/un/statement/deliberation/unga/2019-12-13/74-109/fra@/!main.xml"></FRBRthis>
          <FRBRuri value="/akn/un/statement/deliberation/unga/2019-12-13/74-109/fra@.xml"></FRBRuri>
          <FRBRdate date="2020-08-28" name="markup"></FRBRdate>
          <FRBRauthor href="DGACM" as="editor"></FRBRauthor>
        </FRBRManifestation>
      </identification>
      <classification source="http://metadata.un.org/sdg">
        <keyword value="3" href="http://metadata.un.org/sdg/3" showAs="sdg_3" dictionary="SDGO"></keyword>
        <keyword value="public_health" href="http://eurovoc.europa.eu/3885" showAs="public_health" dictionary="EuroVoc"></keyword>
        <keyword value="health" href="http://metadata.un.org/thesaurus/1002824" showAs="health" dictionary="UNBIS Thesaurus"></keyword>
      </classification>
      <classification source="http://metadata.un.org/sdg">
        <keyword value="6" href="http://metadata.un.org/sdg/6" showAs="sdg_6" dictionary="SDGO"></keyword>
        <keyword value="water" href="http://eurovoc.europa.eu/597" showAs="water" dictionary="EuroVoc"></keyword>
        <keyword value="public_hygiene" href="http://eurovoc.europa.eu/3371" showAs="public_hygiene" dictionary="EuroVoc"></keyword>
        <keyword value="use_of_water" href="http://eurovoc.europa.eu/4628" showAs="use_of_water" dictionary="EuroVoc"></keyword>
        <keyword value="water" href="http://metadata.un.org/thesaurus/030500" showAs="water" dictionary="UNBIS Thesaurus"></keyword>
        <keyword value="sanitation" href="http://metadata.un.org/thesaurus/1005701" showAs="sanitation" dictionary="UNBIS Thesaurus"></keyword>
        <keyword value="water_management" href="http://metadata.un.org/thesaurus/1006948" showAs="water_management" dictionary="UNBIS Thesaurus"></keyword>
      </classification>
      <classification source="http://metadata.un.org/sdg">
        <keyword value="14" href="http://metadata.un.org/sdg/14" showAs="sdg_14" dictionary="SDGO"></keyword>
        <keyword value="marine_life" href="http://eurovoc.europa.eu/3149" showAs="marine_life" dictionary="EuroVoc"></keyword>
        <keyword value="marine_environment" href="http://eurovoc.europa.eu/5742" showAs="marine_environment" dictionary="EuroVoc"></keyword>
        <keyword value="ocean" href="http://eurovoc.europa.eu/2107" showAs="ocean" dictionary="EuroVoc"></keyword>
        <keyword value="sea" href="http://eurovoc.europa.eu/1870" showAs="sea" dictionary="EuroVoc"></keyword>
        <keyword value="marine_resources" href="http://metadata.un.org/thesaurus/030800" showAs="marine_resources" dictionary="UNBIS Thesaurus"></keyword>
        <keyword value="marine_resources" href="http://metadata.un.org/thesaurus/1003922" showAs="marine_resources" dictionary="UNBIS Thesaurus"></keyword>
        <keyword value="oceans_and_seas" href="http://metadata.un.org/thesaurus/170600" showAs="oceans_and_seas" dictionary="UNBIS Thesaurus"></keyword>
      </classification>
      <workflow source="#un">
        <step date="0001-01-01" outcome="draftResolution" by="submitted by the Special Committee on the Situation with regard to the Implementation of the Declaration on the Granting of Independence to Colonial Countries and Peoples" />
        <step date="0001-01-01" outcome="draftResolutionAdditionalSponsors" by="" />
        <step date="0001-01-01" outcome="recommendedForAdoption" as="A/74/418" by="" refersTo="39" />
        <step date="2019-12-13" outcome="adopted" as="A/74/PV.47" by="" />
      </workflow>
      <analysis source="#un">
        <parliamentary>
          <voting outcome="adoptedWithoutVote">
            <quorum value=""></quorum>
          </voting>
        </parliamentary>
      </analysis>
      <references source="#DGACM">
        <TLCOrganization eId="source" href="/akn/ontology/organization/un/DGACM" showAs="DGACM"></TLCOrganization>
        <TLCConcept eId="dateOfIssuance" href="/akn/ontology/concept/un/dateOfIssuance" showAs="Date of issuance"></TLCConcept>
        <TLCConcept eId="dateOfAdoption" href="/akn/ontology/concept/un/dateOfAdoption" showAs="Date of adoption"></TLCConcept>
        <TLCConcept eId="symbol" href="/akn/ontology/reference/un/symbol" showAs="Symbol"></TLCConcept>
        <TLCRole eId="publisher" href="/akn/ontology/role/un/publisher" showAs="Publisher"></TLCRole>
        <TLCRole eId="issuingBody" href="/akn/role/concept/un/issuingBody" showAs="Issuing body"></TLCRole>
        <TLCRole eId="author" href="/akn/ontology/role/un/author" showAs="Author"></TLCRole>
        <TLCRole eId="editor" href="/akn/ontology/role/un/editor" showAs="Editor"></TLCRole>
        <TLCRole eId="distribution" href="/akn/ontology/concept/un/generalDistribution" showAs="General distribution"></TLCRole>
        <TLCOrganization eId="ga" href="/akn/ontology/organization/un/generalAssembly" showAs="General Assembly"></TLCOrganization>
        <TLCTerm eId="resolutionTitle" href="/akn/ontology/reference/un/resolutionTitle" showAs="Resolution title"></TLCTerm>
        <TLCTerm eId="fourthCommittee" href="#fourthCommittee" showAs="Commission de Politiques spéciales et décolonisation"></TLCTerm>
        <TLCTerm eId="memberState" href="/akn/ontology/organization/un/memberState" showAs="Member State"></TLCTerm>
        <TLCTerm eId="inFavour" href="/akn/ontology/concept/un/voting/inFavour" showAs="In favour"></TLCTerm>
        <TLCTerm eId="against" href="/akn/ontology/concept/un/voting/against" showAs="Against"></TLCTerm>
        <TLCTerm eId="abstaining" href="/akn/ontology/concept/un/voting/abstaining" showAs="Abstaining"></TLCTerm>
      </references>
      <presentation source="#un">
        <akn4un:footerFirstPage>
          <akn4un:footerFirstPageLeft>
            <akn4un:internalCode>
              <docketNumber refersTo="#publicationJobNumber">19-21928 (F)</docketNumber>
              <img alt="bar code" class="barCode" src=""></img>
            </akn4un:internalCode>
          </akn4un:footerFirstPageLeft>
          <akn4un:footerFirstPageRight>
            <img alt="Please recycle" class="image" src="./recylcleLogo.jpg"></img>
            <img alt="embedded QR code" class="qrCode" src=""></img>
          </akn4un:footerFirstPageRight>
        </akn4un:footerFirstPage>
      </presentation>
    </meta>
    <coverPage eId="coverPage_1">
      <p>
        <span refersTo="#publisher" class="upperLeft">
          <docAuthority refersTo="#publisher">Nations Unies</docAuthority>
        </span>
      </p>
      <p class="upperRight">
        <docNumber refersTo="#symbol">A/RES/74/109</docNumber>
      </p>
      <p class="upperLeft">
        <img src="logo-un.jpg"></img>
        <docAuthority refersTo="#issuingBody" class="rightBig">Assemblée générale</docAuthority>
      </p>
      <p>
        <docStatus refersTo="#generalDistribution" class="rightSmall">Distr. générale</docStatus>
      </p>
      <p>
        <docDate date="2019-12-27" class="rightSmall" refersTo="#dateOfIssuance">27 décembre 2019</docDate>
      </p>
      <p>
        <session refersTo="#generalAssembly" value="74" eId="coverPage_1__session_1">Soixante-quatorzième session</session>
      </p>
      <p>
        <inline name="agenda item">Point 59 de l’ordre du jour</inline>
      </p>
      <p>
        <inline name="agenda item name">Application de la Déclaration sur l’octroi de l’indépendance aux pays et aux peuples coloniaux</inline>
      </p>
      <p>
        <docTitle>Résolution adoptée par l’Assemblée générale le 13 décembre 2019</docTitle>
      </p>
      <p xml:space="preserve">
        <docProponent refersTo="#fourthCommittee">[sur la base du rapport de la Commission des questions politiques spéciales et de la décolonisation (Quatrième Commission) (<inline name="originating document">A/74/418</inline>)]</docProponent>
      </p>
    </coverPage>
    <preface>
      <p>
        <docNumber>74/109.</docNumber>
        <docTitle refersTo="#resolutionTitle">Question des Tokélaou</docTitle>
      </p>
    </preface>
    <preamble>
      <formula name="enactingFormula" eId="formula_1">
        <p xml:space="preserve">
          <span class="italic">L’Assemblée générale</span>,</p>
      </formula>
      <container name="Ayant examiné" eId="container_2">
        <p xml:space="preserve">
          <span class="italic">Ayant examiné</span> la question des Tokélaou,</p>
      </container>
      <container name="Prenant note" eId="container_3">
        <p xml:space="preserve">
          <span class="italic">Prenant note</span> du chapitre du rapport du Comité spécial chargé d’étudier la situation en ce qui concerne l’application de la Déclaration sur l’octroi de l’indépendance aux pays et aux peuples coloniaux sur ses travaux de 2019, qui porte sur les Tokélaou<authorialNote marker="1" placement="bottom" eId="authorialNote_1"><p xml:space="preserve"><span class="italic">Documents officiels de l’Assemblée générale, soixante-quatorzième session, Supplément n</span><span class="italic"><sup>o</sup></span><span class="italic"> 23 </span>(<a href="https://undocs.org/fr/A/74/23">A/74/23</a>), chap. XI.</p></authorialNote>,</p>
      </container>
      <container name="Rappelant" eId="container_4">
        <p xml:space="preserve">
          <span class="italic">Rappelant</span> sa résolution <a href="https://undocs.org/fr/A/RES/1514 (XV)">1514 (XV)</a> du 14 décembre 1960, qui comporte la Déclaration sur l’octroi de l’indépendance aux pays et aux peuples coloniaux, et toutes les résolutions et décisions de l’Organisation des Nations Unies touchant les territoires non autonomes, en particulier sa résolution <a href="https://undocs.org/fr/A/RES/73/118">73/118</a> du 7 décembre 2018,</p>
      </container>
      <container name="Notant avec satisfaction" eId="container_5">
        <p xml:space="preserve">
          <span class="italic">Notant avec satisfaction</span> que la Nouvelle-Zélande, Puissance administrante, continue de faire preuve d’une coopération exemplaire dans le cadre des travaux du Comité spécial portant sur les Tokélaou, et qu’elle est disposée à autoriser des missions des Nations Unies à se rendre dans le territoire,</p>
      </container>
      <container name="Constatant avec reconnaissance" eId="container_6">
        <p xml:space="preserve">
          <span class="italic">Constatant avec reconnaissance</span> que la Nouvelle-Zélande ainsi que les institutions spécialisées et autres organismes des Nations Unies, en particulier le Programme des Nations Unies pour le développement et l’Organisation des Nations Unies pour l’alimentation et l’agriculture, collaborent au développement des Tokélaou,</p>
      </container>
      <container name="Ayant à l’esprit" eId="container_7">
        <p xml:space="preserve">
          <span class="italic">Ayant à l’esprit</span> que, petit territoire insulaire, les Tokélaou illustrent bien la situation que connaissent la plupart des territoires non encore autonomes et, dans la mesure où elles offrent un exemple de coopération réussie en vue de la décolonisation, présentent un intérêt plus général pour l’Organisation, au moment où celle-ci s’efforce d’achever son œuvre de décolonisation,</p>
      </container>
      <container name="Rappelant" eId="container_8">
        <p xml:space="preserve">
          <span class="italic">Rappelant</span> l’accession des Tokélaou au statut de membre associé de l’Organisation des Nations Unies pour l’alimentation et l’agriculture et du Forum des îles du Pacifique,</p>
      </container>
      <container name="Constatant" eId="container_9">
        <p xml:space="preserve">
          <span class="italic">Constatant</span> qu’en 2017, les Tokélaou ont remporté, pour la région du Pacifique occidental, le prix de la Journée mondiale sans tabac décerné par l’Organisation mondiale de la Santé pour leur politique intitulée « Éliminer le tabagisme des Tokélaou d’ici à 2020 », et exprimant l’espoir que cela puisse contribuer à la prospérité du territoire et de son peuple,</p>
      </container>
      <container name="Sachant" eId="container_10">
        <p xml:space="preserve">
          <span class="italic">Sachant</span> que la Nouvelle-Zélande et les Tokélaou ont signé, le 21 novembre 2003, un document intitulé « Déclaration conjointe concernant les principes de partenariat », qui énonce les droits et responsabilités des deux partenaires,</p>
      </container>
      <container name="Ayant à l’esprit" eId="container_11">
        <p xml:space="preserve">
          <span class="italic">Ayant à l’esprit</span> la décision qu’a prise le <span class="italic">Fono</span> général en novembre 2003, à la suite de consultations approfondies menées dans les trois villages, d’examiner officiellement avec la Nouvelle-Zélande l’option de l’autonomie en libre association, la décision qu’il a prise en août 2005 d’organiser en février 2006 un référendum sur l’autodétermination sur la base d’un projet de constitution pour les Tokélaou et d’un projet de traité de libre association avec la Nouvelle-Zélande et la décision qu’il a prise par la suite de tenir un autre référendum en octobre 2007, et considérant que ces deux référendums n’ont pas abouti à la majorité des deux tiers des suffrages validés requise par le <span class="italic">Fono</span> général pour passer à un autre statut que celui de territoire non autonome administré par la Nouvelle-Zélande,</p>
      </container>
      <container name="Rappelant " eId="container_12">
        <p xml:space="preserve">
          <span class="italic">Rappelant </span>que des élections libres et régulières se sont tenues dans le territoire en janvier 2017, et prenant note du dernier changement d’Ulu-o-Tokélaou lors du septième <span class="italic">Fono</span> général, le 12 mars 2019, en prévision des élections qui se tiendront aux Tokélaou en janvier 2020,</p>
      </container>
      <container name="Prenant note" eId="container_13">
        <p xml:space="preserve">
          <span class="italic">Prenant note</span> du débat constitutionnel, appelé à être poursuivi par le Comité constitutionnel, qu’a mené le peuple des Tokélaou en 2013 afin de concevoir un modèle de gouvernement adapté à sa culture et à sa situation actuelle, qui a débouché sur l’adoption et la ratification de l’emblème national, de la Constitution, de l’hymne national et du drapeau du territoire,</p>
      </container>
      <container name="Consciente" eId="container_14">
        <p xml:space="preserve">
          <span class="italic">Consciente</span> de la déclaration prononcée par l’Ulu-o-Tokélaou à l’occasion du séminaire régional du Pacifique sur les activités relatives à la troisième Décennie internationale de l’élimination du colonialisme, qui s’est tenu à Nadi (Fidji) du 21 au 23 mai 2014, ainsi que de sa déclaration écrite pour le séminaire régional du Pacifique qui s’est tenu à Saint-Georges du 9 au 11 mai 2018, dans lesquelles il affirmait que la question de l’autodétermination du territoire ne saurait être envisagée indépendamment de celles des changements climatiques, de l’élévation du niveau de la mer et des difficultés liées à l’exécution du Programme de développement durable à l’horizon 2030<authorialNote marker="2" placement="bottom" eId="authorialNote_2"><p xml:space="preserve">		Résolution <a href="https://undocs.org/fr/A/RES/70/1">70/1</a>.</p></authorialNote>, et ayant aussi à l’esprit l’intention qu’ont les Tokélaou de définir dans leur plan stratégique national pour 2016-2020 leurs priorités en matière de développement et dans d’autres domaines, en se penchant en particulier sur la question de l’autodétermination et la manière dont le territoire se préparerait à un éventuel référendum sur le sujet en coopération avec la Puissance administrante,</p>
      </container>
      <container name="Rappelant" eId="container_15">
        <p xml:space="preserve">
          <span class="italic">Rappelant</span> le lancement officiel, en avril 2017, de la stratégie de lutte contre les changements climatiques des Tokélaou intitulée « Vivre avec le changement : stratégie nationale intégrée visant à renforcer la résilience des Tokélaou face aux changements climatiques et aux risques afférents, 2017-2030 » et de son plan de mise en œuvre pour les cinq premières années, du 1<sup>er</sup> juillet 2017 au 30 juin 2022, et se félicitant du lancement du rapport des Tokélaou sur l’inventaire national des gaz à effet de serre, le 11 avril 2019,</p>
      </container>
      <container name="Rappelant" eId="container_16">
        <p xml:space="preserve">
          <span class="italic">Rappelant</span> que la Puissance administrante a annoncé qu’à la demande du Gouvernement tokélaouan, elle avait présenté une déclaration officielle à l’Organisation des Nations Unies visant à étendre aux Tokélaou l’application territoriale de la Convention-cadre des Nations Unies sur les changements climatiques<authorialNote marker="3" placement="bottom" eId="authorialNote_3"><p xml:space="preserve">		Nations Unies,<span class="italic"> Recueil des Traités</span>, vol. 1771, n<sup>o</sup> 30822.</p></authorialNote> et de l’Accord de Paris<authorialNote marker="4" placement="bottom" eId="authorialNote_4"><p xml:space="preserve">		Voir <a href="https://undocs.org/fr/FCCC/CP/2015/10/Add.1">FCCC/CP/2015/10/Add.1</a>, décision 1/CP.21, annexe.</p></authorialNote>,</p>
      </container>
      <container name="Rappelant" eId="container_17">
        <p xml:space="preserve">
          <span class="italic">Rappelant</span> les déclarations qu’ont faites les représentants de la Nouvelle-Zélande, Puissance administrante, le 22 juin 2018, lors d’une séance du Comité spécial, et en mai 2019, lors du séminaire régional des Caraïbes organisé à Grande Anse (Grenade), soulignant l’objectif partagé avec les Tokélaou du renforcement de la gouvernance et de l’efficacité de la gestion des services publics, des finances et des infrastructures, l’accent étant mis sur la qualité des soins médicaux et du système éducatif, afin d’améliorer la liaison entre les atolls, notamment grâce au navire servant aux missions de recherche et de sauvetage, aux évacuations sanitaires et au transport général entre les atolls, qui a été mis en service en avril 2019,</p>
      </container>
    </preamble>
    <mainBody>
      <paragraph eId="para_18" class="SingleTxt">
        <num>	1.</num>
        <content eId="para_18__content">
          <p xml:space="preserve">
            <span class="italic">Prend note</span> de la décision prise en 2008 par le <span class="italic">Fono</span> général de différer l’examen de tout acte d’autodétermination et de renouveler les efforts et l’attention apportés par la Nouvelle-Zélande et les Tokélaou à l’amélioration et à la consolidation des services essentiels et de l’infrastructure des atolls des Tokélaou afin de garantir au peuple des Tokélaou une amélioration de sa qualité de vie et des perspectives qui s’offrent à lui ;</p>
        </content>
      </paragraph>
      <paragraph eId="para_19" class="SingleTxt">
        <num>	2.</num>
        <content eId="para_19__content">
          <p xml:space="preserve">
            <span class="italic">Se félicite</span> des progrès accomplis depuis 2004 en ce qui concerne le transfert de compétences aux trois taupulega (conseils villageois), et note qu’il est prévu de débattre encore des recommandations figurant dans le document relatif à l’examen de la politique en matière de transfert des pouvoirs élaboré en 2012 ;</p>
        </content>
      </paragraph>
      <paragraph eId="para_20" class="SingleTxt">
        <num>	3.</num>
        <content eId="para_20__content">
          <p xml:space="preserve">
            <span class="italic">Note avec satisfaction</span> que les Tokélaou et la Nouvelle-Zélande demeurent fermement résolues à assurer le développement constant des Tokélaou dans l’intérêt à long terme du peuple des Tokélaou, en accordant une importance particulière à la poursuite de l’aménagement de chacun des atolls de façon à répondre à ses besoins actuels, notamment en procédant à des investissements pour relier les îles à un câble sous-marin en fibre optique afin de fournir des services Internet plus rapides et plus fiables, en améliorant les infrastructures et les services de transport maritime, en fournissant des soins médicaux et un système éducatif de qualité et en appuyant le secteur de la pêche ;</p>
        </content>
      </paragraph>
      <paragraph eId="para_21" class="SingleTxt">
        <num>	4.</num>
        <content eId="para_21__content">
          <p xml:space="preserve">
            <span class="italic">Rappelle</span> que les Tokélaou ont examiné leur plan stratégique national pour 2016-2020, qui donne la priorité à la bonne gouvernance, au développement humain, au développement des infrastructures, à la viabilité et à l’adaptation aux changements climatiques, et note qu’elles ont achevé de mettre au point ce plan, qui fixe les priorités en matière de développement et dans d’autres domaines pour la période 2016-2020 et met l’accent sur le développement des infrastructures pour appuyer la prestation de services, notamment par des solutions de transport et de télécommunications ;</p>
        </content>
      </paragraph>
      <paragraph eId="para_22" class="SingleTxt">
        <num>	5.</num>
        <content eId="para_22__content">
          <p xml:space="preserve">
            <span class="italic">Constate</span> que la Nouvelle-Zélande continue de s’efforcer sans relâche de répondre aux besoins socioéconomiques du peuple des Tokélaou, notamment par la mise en place de nouveaux équipements de transport, le développement de l’infrastructure de transport et la fourniture d’un appui budgétaire permettant de fournir des services d’éducation allant de l’éducation préscolaire au cycle préparatoire de l’enseignement postsecondaire, et que le Programme des Nations Unies pour le développement et l’Organisation mondiale de la Santé apportent leur appui et leur coopération à cet égard ;</p>
        </content>
      </paragraph>
      <paragraph eId="para_23" class="SingleTxt">
        <num>	6.</num>
        <content eId="para_23__content">
          <p xml:space="preserve">
            <span class="italic">Se félicite</span> du fait qu’en 2013 les Tokélaou ont mené à bien le Projet sur les énergies renouvelables avec l’appui de la Puissance administrante et reçu le prix de l’Énergie renouvelable, qui a été décerné au Gouvernement tokélaouan par l’Autorité néo-zélandaise chargée des économies d’énergie et de l’efficacité énergétique ;</p>
        </content>
      </paragraph>
      <paragraph eId="para_24" class="SingleTxt">
        <num>	7.</num>
        <content eId="para_24__content">
          <p xml:space="preserve">
            <span class="italic">Félicite</span> les Tokélaou des mesures qu’elles ont prises récemment en vue de préserver la santé de leur peuple grâce à la politique intitulée « Éliminer le tabagisme des Tokélaou d’ici à 2020 » et encourage la Puissance administrante, le système des Nations Unies et les parties prenantes concernées à apporter le soutien nécessaire à sa mise en œuvre ;</p>
        </content>
      </paragraph>
      <paragraph eId="para_25" class="SingleTxt">
        <num>	8.</num>
        <content eId="para_25__content">
          <p xml:space="preserve">
            <span class="italic">Constate</span> que les Tokélaou ont besoin du soutien constant de la communauté internationale et souhaitent prendre part aux débats sur le Programme de développement durable à l’horizon 2030<sup>2</sup>, les conséquences des changements climatiques et la protection de l’environnement et des océans et, à cet égard, encourage, si nécessaire, l’apport d’une aide à l’application de la stratégie de lutte contre les changements climatiques des Tokélaou intitulée « Vivre avec le changement : stratégie nationale intégrée visant à renforcer la résilience des Tokélaou face aux changements climatiques et aux risques afférents, 2017-2030 » et du plan y relatif, constate également que la Puissante administrante s’efforce d’inclure dans son rapport national au secrétariat de la Convention-cadre des Nations Unies sur les changements climatiques<sup>3</sup> les mesures prises par les Tokélaou pour atténuer les changements climatiques, et note avec satisfaction la réalisation majeure que constitue le lancement du rapport des Tokélaou sur l’inventaire national des gaz à effet de serre, le 11 avril 2019 ;</p>
        </content>
      </paragraph>
      <paragraph eId="para_26" class="SingleTxt">
        <num>	9.</num>
        <content eId="para_26__content">
          <p xml:space="preserve">
            <span class="italic">Rappelle avec satisfaction</span> la création du Fonds international d’affectation spéciale pour les Tokélaou destiné à appuyer les besoins permanents des Tokélaou, qui a commencé ses activités, et invite les États Membres ainsi que les organismes internationaux et régionaux à contribuer à ce fonds et, partant, à aider concrètement les Tokélaou à surmonter les difficultés que leur posent leur petite taille, leur isolement et leur manque de ressources ;</p>
        </content>
      </paragraph>
      <paragraph eId="para_27" class="SingleTxt">
        <num>	10.</num>
        <content eId="para_27__content">
          <p xml:space="preserve">
            <span class="italic">Se félicite </span>de l’attitude coopérative que les autres États et territoires de la région ont adoptée à l’égard des Tokélaou et du soutien qu’ils ont apporté à ce territoire au regard de ses aspirations économiques et politiques et de sa participation croissante à la gestion des affaires régionales et internationales, et note à ce sujet que les Tokélaou ont présidé avec succès la dixième réunion ministérielle annuelle du Comité des pêches de l’Agence des pêches du Forum des îles du Pacifique, qui s’est tenue sur leur territoire les 1<sup>er</sup> et 2 juillet 2014, que l’Ulu-o-Tokélaou a représenté l’Agence lors de la troisième Conférence internationale sur les petits États insulaires en développement, qui s’est tenue à Apia du 1<sup>er</sup> au 4 septembre 2014 et que les Tokélaou ont signé le 27 avril 2016 la Charte du Forum pour le développement des îles du Pacifique, devenant ainsi le douzième membre du Forum, et que les Tokélaou, représentées par l’Ulu-o-Tokélaou, ont récemment participé en tant que membre associé à la 49<sup>e</sup> réunion des dirigeants du Forum des îles du Pacifique, tenue à Nauru en septembre 2018 ;</p>
        </content>
      </paragraph>
      <paragraph eId="para_28" class="SingleTxt">
        <num>	11.</num>
        <content eId="para_28__content">
          <p xml:space="preserve">
            <span class="italic">Invite</span> la Puissance administrante et les institutions des Nations Unies à continuer de prêter assistance aux Tokélaou, à mesure qu’elles continuent de se développer ;</p>
        </content>
      </paragraph>
      <paragraph eId="para_29" class="SingleTxt">
        <num>	12.</num>
        <content eId="para_29__content">
          <p xml:space="preserve">
            <span class="italic">Salue</span> les mesures positives prises par la Puissance administrante en vue de communiquer au Secrétaire général des renseignements relatifs à la situation politique, économique et sociale des Tokélaou, conformément à l’alinéa <span class="italic">e</span> de l’Article 73 de la Charte des Nations Unies ;</p>
        </content>
      </paragraph>
      <paragraph eId="para_30" class="SingleTxt">
        <num>	13.</num>
        <content eId="para_30__content">
          <p xml:space="preserve">
            <span class="italic">Se félicite</span> de la forte détermination renouvelée des Tokélaou et de la Nouvelle-Zélande à continuer d’œuvrer ensemble dans l’intérêt des Tokélaou et de leur peuple ;</p>
        </content>
      </paragraph>
      <paragraph eId="para_31" class="SingleTxt">
        <num>	14.</num>
        <content eId="para_31__content">
          <p xml:space="preserve">
            <span class="italic">Prie</span> le Comité spécial chargé d’étudier la situation en ce qui concerne l’application de la Déclaration sur l’octroi de l’indépendance aux pays et aux peuples coloniaux de poursuivre l’examen de la question du territoire non autonome des Tokélaou et de lui rendre compte à ce sujet à sa soixante-quinzième session.</p>
        </content>
      </paragraph>
    </mainBody>
    <conclusions eId="conclusions">
      <p>
        <inline name="adoptionMeeting" title="47e">47e séance plénière</inline>
        <eol />
        <docDate date="2019-12-13" refersTo="#adoptionDate">13 décembre 2019</docDate>
      </p>
    </conclusions>
  </statement>
</akomaNtoso>