<akomaNtoso xmlns:xsi="http://www.w3.org/2001/XMLSchema-instance" xsi:schemaLocation="http://docs.oasis-open.org/legaldocml/ns/akn/3.0 http://docs.oasis-open.org/legaldocml/akn-core/v1.0/os/part2-specs/schemas/akomantoso30.xsd" xmlns="http://docs.oasis-open.org/legaldocml/ns/akn/3.0" xmlns:html="http://www.w3.org/1999/xhtml" xmlns:akn4un="http://un.org/akn4un">
  <statement name="resolution">
    <meta>
      <identification source="#DGACM">
        <FRBRWork>
          <FRBRthis value="/akn/un/statement/deliberation/unga/2019-12-13/74-113/!main/"></FRBRthis>
          <FRBRuri value="/akn/un/statement/deliberation/unga/2019-12-13/74-113/"></FRBRuri>
          <FRBRdate date="2019-12-13" name="adoption"></FRBRdate>
          <FRBRauthor href="ga" as="author"></FRBRauthor>
          <FRBRcountry value="un"></FRBRcountry>
        </FRBRWork>
        <FRBRExpression>
          <FRBRthis value="/akn/un/statement/deliberation/unga/2019-12-13/74-113/fra@!main/"></FRBRthis>
          <FRBRuri value="/akn/un/statement/deliberation/unga/2019-12-13/74-113/fra@/"></FRBRuri>
          <FRBRdate date="2019-12-27" name="publication"></FRBRdate>
          <FRBRauthor href="ga" as="issuer"></FRBRauthor>
          <FRBRlanguage language="fra"></FRBRlanguage>
        </FRBRExpression>
        <FRBRManifestation>
          <FRBRthis value="/akn/un/statement/deliberation/unga/2019-12-13/74-113/fra@/!main.xml"></FRBRthis>
          <FRBRuri value="/akn/un/statement/deliberation/unga/2019-12-13/74-113/fra@.xml"></FRBRuri>
          <FRBRdate date="2020-08-28" name="markup"></FRBRdate>
          <FRBRauthor href="DGACM" as="editor"></FRBRauthor>
        </FRBRManifestation>
      </identification>
      <classification source="http://metadata.un.org/sdg">
        <keyword value="16.9" href="http://metadata.un.org/sdg/16.9" showAs="sdg_16.9" dictionary="SDGO"></keyword>
        <keyword value="human_rights" href="http://eurovoc.europa.eu/584" showAs="human_rights" dictionary="EuroVoc"></keyword>
        <keyword value="birth_reporting" href="http://metadata.un.org/thesaurus/1000633" showAs="birth_reporting" dictionary="UNBIS Thesaurus"></keyword>
        <keyword value="civil_registration" href="http://metadata.un.org/thesaurus/1001008" showAs="civil_registration" dictionary="UNBIS Thesaurus"></keyword>
        <keyword value="human_rights" href="http://metadata.un.org/thesaurus/1002975" showAs="human_rights" dictionary="UNBIS Thesaurus"></keyword>
        <keyword value="human_rights" href="http://metadata.un.org/thesaurus/140202" showAs="human_rights" dictionary="UNBIS Thesaurus"></keyword>
      </classification>
      <classification source="http://metadata.un.org/sdg">
        <keyword value="16.a" href="http://metadata.un.org/sdg/16.a" showAs="sdg_16.a" dictionary="SDGO"></keyword>
      </classification>
      <classification source="http://metadata.un.org/sdg">
        <keyword value="12.2" href="http://metadata.un.org/sdg/12.2" showAs="sdg_12.2" dictionary="SDGO"></keyword>
      </classification>
      <classification source="http://metadata.un.org/sdg">
        <keyword value="8.4" href="http://metadata.un.org/sdg/8.4" showAs="sdg_8.4" dictionary="SDGO"></keyword>
      </classification>
      <workflow source="#un">
        <step date="0001-01-01" outcome="draftResolution" by="submitted by the Special Committee on the Situation with regard to the Implementation of the Declaration on the Granting of Independence to Colonial Countries and Peoples" />
        <step date="0001-01-01" outcome="draftResolutionAdditionalSponsors" by="" />
        <step date="0001-01-01" outcome="recommendedForAdoption" as="A/74/418" by="" refersTo="39" />
        <step date="2019-12-13" outcome="adopted" as="A/74/PV.47" by="" />
      </workflow>
      <analysis source="#un">
        <parliamentary>
          <voting outcome="adoptedRecordedVote">
            <count value="134" refersTo="inFavour">
              <akn4un:voters>
                <organization refersTo="memberState">AFGHANISTAN</organization>
                <organization refersTo="memberState">ALGERIA</organization>
                <organization refersTo="memberState">ANGOLA</organization>
                <organization refersTo="memberState">ANTIGUA AND BARBUDA</organization>
                <organization refersTo="memberState">ARGENTINA</organization>
                <organization refersTo="memberState">ARMENIA</organization>
                <organization refersTo="memberState">AZERBAIJAN</organization>
                <organization refersTo="memberState">BAHAMAS</organization>
                <organization refersTo="memberState">BAHRAIN</organization>
                <organization refersTo="memberState">BANGLADESH</organization>
                <organization refersTo="memberState">BARBADOS</organization>
                <organization refersTo="memberState">BELARUS</organization>
                <organization refersTo="memberState">BELIZE</organization>
                <organization refersTo="memberState">BENIN</organization>
                <organization refersTo="memberState">BHUTAN</organization>
                <organization refersTo="memberState">BOLIVIA (PLURINATIONAL STATE OF)</organization>
                <organization refersTo="memberState">BOSNIA AND HERZEGOVINA</organization>
                <organization refersTo="memberState">BOTSWANA</organization>
                <organization refersTo="memberState">BRUNEI DARUSSALAM</organization>
                <organization refersTo="memberState">BURKINA FASO</organization>
                <organization refersTo="memberState">BURUNDI</organization>
                <organization refersTo="memberState">CABO VERDE</organization>
                <organization refersTo="memberState">CAMBODIA</organization>
                <organization refersTo="memberState">CAMEROON</organization>
                <organization refersTo="memberState">CENTRAL AFRICAN REPUBLIC</organization>
                <organization refersTo="memberState">CHAD</organization>
                <organization refersTo="memberState">CHILE</organization>
                <organization refersTo="memberState">CHINA</organization>
                <organization refersTo="memberState">COLOMBIA</organization>
                <organization refersTo="memberState">COMOROS</organization>
                <organization refersTo="memberState">CONGO</organization>
                <organization refersTo="memberState">COSTA RICA</organization>
                <organization refersTo="memberState">COTE D'IVOIRE</organization>
                <organization refersTo="memberState">CUBA</organization>
                <organization refersTo="memberState">CYPRUS</organization>
                <organization refersTo="memberState">DEMOCRATIC PEOPLE'S REPUBLIC OF KOREA</organization>
                <organization refersTo="memberState">DJIBOUTI</organization>
                <organization refersTo="memberState">DOMINICAN REPUBLIC</organization>
                <organization refersTo="memberState">ECUADOR</organization>
                <organization refersTo="memberState">EGYPT</organization>
                <organization refersTo="memberState">EL SALVADOR</organization>
                <organization refersTo="memberState">ERITREA</organization>
                <organization refersTo="memberState">ESWATINI</organization>
                <organization refersTo="memberState">ETHIOPIA</organization>
                <organization refersTo="memberState">FIJI</organization>
                <organization refersTo="memberState">GABON</organization>
                <organization refersTo="memberState">GAMBIA</organization>
                <organization refersTo="memberState">GREECE</organization>
                <organization refersTo="memberState">GRENADA</organization>
                <organization refersTo="memberState">GUATEMALA</organization>
                <organization refersTo="memberState">GUINEA</organization>
                <organization refersTo="memberState">GUYANA</organization>
                <organization refersTo="memberState">HAITI</organization>
                <organization refersTo="memberState">HONDURAS</organization>
                <organization refersTo="memberState">INDIA</organization>
                <organization refersTo="memberState">INDONESIA</organization>
                <organization refersTo="memberState">IRAN (ISLAMIC REPUBLIC OF)</organization>
                <organization refersTo="memberState">IRAQ</organization>
                <organization refersTo="memberState">JAMAICA</organization>
                <organization refersTo="memberState">JORDAN</organization>
                <organization refersTo="memberState">KAZAKHSTAN</organization>
                <organization refersTo="memberState">KENYA</organization>
                <organization refersTo="memberState">KIRIBATI</organization>
                <organization refersTo="memberState">KUWAIT</organization>
                <organization refersTo="memberState">KYRGYZSTAN</organization>
                <organization refersTo="memberState">LAO PEOPLE'S DEMOCRATIC REPUBLIC</organization>
                <organization refersTo="memberState">LEBANON</organization>
                <organization refersTo="memberState">LESOTHO</organization>
                <organization refersTo="memberState">LIBYA</organization>
                <organization refersTo="memberState">MADAGASCAR</organization>
                <organization refersTo="memberState">MALAYSIA</organization>
                <organization refersTo="memberState">MALDIVES</organization>
                <organization refersTo="memberState">MALI</organization>
                <organization refersTo="memberState">MARSHALL ISLANDS</organization>
                <organization refersTo="memberState">MAURITANIA</organization>
                <organization refersTo="memberState">MAURITIUS</organization>
                <organization refersTo="memberState">MEXICO</organization>
                <organization refersTo="memberState">MONGOLIA</organization>
                <organization refersTo="memberState">MOROCCO</organization>
                <organization refersTo="memberState">MOZAMBIQUE</organization>
                <organization refersTo="memberState">MYANMAR</organization>
                <organization refersTo="memberState">NAMIBIA</organization>
                <organization refersTo="memberState">NAURU</organization>
                <organization refersTo="memberState">NEPAL</organization>
                <organization refersTo="memberState">NICARAGUA</organization>
                <organization refersTo="memberState">NIGER</organization>
                <organization refersTo="memberState">NIGERIA</organization>
                <organization refersTo="memberState">OMAN</organization>
                <organization refersTo="memberState">PAKISTAN</organization>
                <organization refersTo="memberState">PALAU</organization>
                <organization refersTo="memberState">PANAMA</organization>
                <organization refersTo="memberState">PAPUA NEW GUINEA</organization>
                <organization refersTo="memberState">PARAGUAY</organization>
                <organization refersTo="memberState">PERU</organization>
                <organization refersTo="memberState">PHILIPPINES</organization>
                <organization refersTo="memberState">QATAR</organization>
                <organization refersTo="memberState">RUSSIAN FEDERATION</organization>
                <organization refersTo="memberState">RWANDA</organization>
                <organization refersTo="memberState">SAINT KITTS AND NEVIS</organization>
                <organization refersTo="memberState">SAINT LUCIA</organization>
                <organization refersTo="memberState">SAINT VINCENT AND THE GRENADINES</organization>
                <organization refersTo="memberState">SAMOA</organization>
                <organization refersTo="memberState">SAO TOME AND PRINCIPE</organization>
                <organization refersTo="memberState">SAUDI ARABIA</organization>
                <organization refersTo="memberState">SENEGAL</organization>
                <organization refersTo="memberState">SERBIA</organization>
                <organization refersTo="memberState">SEYCHELLES</organization>
                <organization refersTo="memberState">SIERRA LEONE</organization>
                <organization refersTo="memberState">SINGAPORE</organization>
                <organization refersTo="memberState">SOUTH AFRICA</organization>
                <organization refersTo="memberState">SOUTH SUDAN</organization>
                <organization refersTo="memberState">SRI LANKA</organization>
                <organization refersTo="memberState">SUDAN</organization>
                <organization refersTo="memberState">SURINAME</organization>
                <organization refersTo="memberState">SYRIAN ARAB REPUBLIC</organization>
                <organization refersTo="memberState">TAJIKISTAN</organization>
                <organization refersTo="memberState">THAILAND</organization>
                <organization refersTo="memberState">TIMOR-LESTE</organization>
                <organization refersTo="memberState">TONGA</organization>
                <organization refersTo="memberState">TRINIDAD AND TOBAGO</organization>
                <organization refersTo="memberState">TUNISIA</organization>
                <organization refersTo="memberState">TURKEY</organization>
                <organization refersTo="memberState">TURKMENISTAN</organization>
                <organization refersTo="memberState">UGANDA</organization>
                <organization refersTo="memberState">UNITED ARAB EMIRATES</organization>
                <organization refersTo="memberState">UNITED REPUBLIC OF TANZANIA</organization>
                <organization refersTo="memberState">URUGUAY</organization>
                <organization refersTo="memberState">UZBEKISTAN</organization>
                <organization refersTo="memberState">VANUATU</organization>
                <organization refersTo="memberState">VENEZUELA (BOLIVARIAN REPUBLIC OF)</organization>
                <organization refersTo="memberState">VIET NAM</organization>
                <organization refersTo="memberState">YEMEN</organization>
                <organization refersTo="memberState">ZAMBIA</organization>
                <organization refersTo="memberState">ZIMBABWE</organization>
              </akn4un:voters>
            </count>
            <count value="3" refersTo="against">
              <akn4un:voters>
                <organization refersTo="memberState">ISRAEL</organization>
                <organization refersTo="memberState">UNITED KINGDOM</organization>
                <organization refersTo="memberState">UNITED STATES</organization>
              </akn4un:voters>
            </count>
            <count value="46" refersTo="abstaining">
              <akn4un:voters>
                <organization refersTo="memberState">ALBANIA</organization>
                <organization refersTo="memberState">ANDORRA</organization>
                <organization refersTo="memberState">AUSTRALIA</organization>
                <organization refersTo="memberState">AUSTRIA</organization>
                <organization refersTo="memberState">BELGIUM</organization>
                <organization refersTo="memberState">BRAZIL</organization>
                <organization refersTo="memberState">BULGARIA</organization>
                <organization refersTo="memberState">CANADA</organization>
                <organization refersTo="memberState">CROATIA</organization>
                <organization refersTo="memberState">CZECHIA</organization>
                <organization refersTo="memberState">DENMARK</organization>
                <organization refersTo="memberState">ESTONIA</organization>
                <organization refersTo="memberState">FINLAND</organization>
                <organization refersTo="memberState">FRANCE</organization>
                <organization refersTo="memberState">GEORGIA</organization>
                <organization refersTo="memberState">GERMANY</organization>
                <organization refersTo="memberState">GHANA</organization>
                <organization refersTo="memberState">HUNGARY</organization>
                <organization refersTo="memberState">ICELAND</organization>
                <organization refersTo="memberState">IRELAND</organization>
                <organization refersTo="memberState">ITALY</organization>
                <organization refersTo="memberState">JAPAN</organization>
                <organization refersTo="memberState">LATVIA</organization>
                <organization refersTo="memberState">LIECHTENSTEIN</organization>
                <organization refersTo="memberState">LITHUANIA</organization>
                <organization refersTo="memberState">LUXEMBOURG</organization>
                <organization refersTo="memberState">MALTA</organization>
                <organization refersTo="memberState">MONACO</organization>
                <organization refersTo="memberState">MONTENEGRO</organization>
                <organization refersTo="memberState">NETHERLANDS</organization>
                <organization refersTo="memberState">NEW ZEALAND</organization>
                <organization refersTo="memberState">NORTH MACEDONIA</organization>
                <organization refersTo="memberState">NORWAY</organization>
                <organization refersTo="memberState">POLAND</organization>
                <organization refersTo="memberState">PORTUGAL</organization>
                <organization refersTo="memberState">REPUBLIC OF KOREA</organization>
                <organization refersTo="memberState">REPUBLIC OF MOLDOVA</organization>
                <organization refersTo="memberState">ROMANIA</organization>
                <organization refersTo="memberState">SAN MARINO</organization>
                <organization refersTo="memberState">SLOVAKIA</organization>
                <organization refersTo="memberState">SLOVENIA</organization>
                <organization refersTo="memberState">SPAIN</organization>
                <organization refersTo="memberState">SWEDEN</organization>
                <organization refersTo="memberState">SWITZERLAND</organization>
                <organization refersTo="memberState">TOGO</organization>
                <organization refersTo="memberState">UKRAINE</organization>
              </akn4un:voters>
            </count>
          </voting>
        </parliamentary>
      </analysis>
      <references source="#DGACM">
        <TLCOrganization eId="source" href="/akn/ontology/organization/un/DGACM" showAs="DGACM"></TLCOrganization>
        <TLCConcept eId="dateOfIssuance" href="/akn/ontology/concept/un/dateOfIssuance" showAs="Date of issuance"></TLCConcept>
        <TLCConcept eId="dateOfAdoption" href="/akn/ontology/concept/un/dateOfAdoption" showAs="Date of adoption"></TLCConcept>
        <TLCConcept eId="symbol" href="/akn/ontology/reference/un/symbol" showAs="Symbol"></TLCConcept>
        <TLCRole eId="publisher" href="/akn/ontology/role/un/publisher" showAs="Publisher"></TLCRole>
        <TLCRole eId="issuingBody" href="/akn/role/concept/un/issuingBody" showAs="Issuing body"></TLCRole>
        <TLCRole eId="author" href="/akn/ontology/role/un/author" showAs="Author"></TLCRole>
        <TLCRole eId="editor" href="/akn/ontology/role/un/editor" showAs="Editor"></TLCRole>
        <TLCRole eId="distribution" href="/akn/ontology/concept/un/generalDistribution" showAs="General distribution"></TLCRole>
        <TLCOrganization eId="ga" href="/akn/ontology/organization/un/generalAssembly" showAs="General Assembly"></TLCOrganization>
        <TLCTerm eId="resolutionTitle" href="/akn/ontology/reference/un/resolutionTitle" showAs="Resolution title"></TLCTerm>
        <TLCTerm eId="fourthCommittee" href="#fourthCommittee" showAs="Commission de Politiques spéciales et décolonisation"></TLCTerm>
        <TLCTerm eId="memberState" href="/akn/ontology/organization/un/memberState" showAs="Member State"></TLCTerm>
        <TLCTerm eId="inFavour" href="/akn/ontology/concept/un/voting/inFavour" showAs="In favour"></TLCTerm>
        <TLCTerm eId="against" href="/akn/ontology/concept/un/voting/against" showAs="Against"></TLCTerm>
        <TLCTerm eId="abstaining" href="/akn/ontology/concept/un/voting/abstaining" showAs="Abstaining"></TLCTerm>
      </references>
      <presentation source="#un">
        <akn4un:footerFirstPage>
          <akn4un:footerFirstPageLeft>
            <akn4un:internalCode>
              <docketNumber refersTo="#publicationJobNumber">19-22030 (F)</docketNumber>
              <img alt="bar code" class="barCode" src=""></img>
            </akn4un:internalCode>
          </akn4un:footerFirstPageLeft>
          <akn4un:footerFirstPageRight>
            <img alt="Please recycle" class="image" src="./recylcleLogo.jpg"></img>
            <img alt="embedded QR code" class="qrCode" src=""></img>
          </akn4un:footerFirstPageRight>
        </akn4un:footerFirstPage>
      </presentation>
    </meta>
    <coverPage eId="coverPage_1">
      <p>
        <span refersTo="#publisher" class="upperLeft">
          <docAuthority refersTo="#publisher">Nations Unies</docAuthority>
        </span>
      </p>
      <p class="upperRight">
        <docNumber refersTo="#symbol">A/RES/74/113</docNumber>
      </p>
      <p class="upperLeft">
        <img src="logo-un.jpg"></img>
        <docAuthority refersTo="#issuingBody" class="rightBig">Assemblée générale</docAuthority>
      </p>
      <p>
        <docStatus refersTo="#generalDistribution" class="rightSmall">Distr. générale</docStatus>
      </p>
      <p>
        <docDate date="2019-12-27" class="rightSmall" refersTo="#dateOfIssuance">27 décembre 2019</docDate>
      </p>
      <p>
        <session refersTo="#generalAssembly" value="74" eId="coverPage_1__session_1">Soixante-quatorzième session</session>
      </p>
      <p>
        <inline name="agenda item">Point 59 de l’ordre du jour</inline>
      </p>
      <p>
        <inline name="agenda item name">Application de la Déclaration sur l’octroi de l’indépendance aux pays et aux peuples coloniaux</inline>
      </p>
      <p>
        <docTitle>Résolution adoptée par l’Assemblée générale le 13 décembre 2019</docTitle>
      </p>
      <p xml:space="preserve">
        <docProponent refersTo="#fourthCommittee">[sur la base du rapport de la Commission des questions politiques spéciales et de la décolonisation (Quatrième Commission) (<inline name="originating document">A/74/418</inline>)]</docProponent>
      </p>
    </coverPage>
    <preface>
      <p>
        <docNumber>74/113.</docNumber>
        <docTitle refersTo="#resolutionTitle">Application de la Déclaration sur l’octroi de l’indépendance aux pays et aux peuples coloniaux</docTitle>
      </p>
    </preface>
    <preamble>
      <formula name="enactingFormula" eId="formula_1">
        <p xml:space="preserve">
          <span class="italic">L’Assemblée générale</span>,</p>
      </formula>
      <container name="Ayant examiné" eId="container_2">
        <p xml:space="preserve">
          <span class="italic">	Ayant examiné</span> le rapport du Comité spécial chargé d’étudier la situation en ce qui concerne l’application de la Déclaration sur l’octroi de l’indépendance aux pays et aux peuples coloniaux sur ses travaux de 2019<authorialNote marker="1" placement="bottom" eId="authorialNote_1"><p xml:space="preserve"><span class="italic">Documents officiels de l’Assemblée générale, soixante-quatorzième session</span>,<span class="italic"> Supplément n</span><span class="italic"><sup>o </sup></span><span class="italic">23</span> (<a href="https://undocs.org/fr/A/74/23">A/74/23</a>).</p></authorialNote>,</p>
      </container>
      <container name="Rappelant" eId="container_3">
        <p xml:space="preserve">
          <span class="italic">	Rappelant</span> sa résolution <a href="https://undocs.org/fr/A/RES/1514 (XV)">1514 (XV)</a> du 14 décembre 1960, contenant la Déclaration sur l’octroi de l’indépendance aux pays et aux peuples coloniaux, et toutes ses résolutions ultérieures sur l’application de la Déclaration, la dernière en date étant la résolution <a href="https://undocs.org/fr/A/RES/73/123">73/123</a> du 7 décembre 2018, ainsi que les résolutions du Conseil de sécurité sur la question,</p>
      </container>
      <container name="Ayant à l’esprit" eId="container_4">
        <p xml:space="preserve">
          <span class="italic">	Ayant à l’esprit</span> sa résolution <a href="https://undocs.org/fr/A/RES/65/119">65/119</a> du 10 décembre 2010, par laquelle elle a proclamé la période 2011-2020 troisième Décennie internationale de l’élimination du colonialisme, et la nécessité d’examiner les moyens de savoir ce que souhaitent les peuples des territoires non autonomes compte tenu de la résolution <a href="https://undocs.org/fr/A/RES/1514 (XV)">1514 (XV)</a> et des autres résolutions relatives à la décolonisation,</p>
      </container>
      <container name="Sachant" eId="container_5">
        <p xml:space="preserve">
          <span class="italic">	Sachant</span> que l’élimination du colonialisme est et continuera d’être l’une des priorités de l’Organisation des Nations Unies pour la décennie qui a commencé en 2011,</p>
      </container>
      <container name="Regrettant" eId="container_6">
        <p xml:space="preserve">
          <span class="italic">	Regrettant</span> que les mesures prises comme suite à sa résolution <a href="https://undocs.org/fr/A/RES/55/146">55/146</a> du 8 décembre 2000 pour éliminer le colonialisme avant 2010 n’aient pas été fructueuses,</p>
      </container>
      <container name="Se déclarant de nouveau convaincue" eId="container_7">
        <p xml:space="preserve">
          <span class="italic">	Se déclarant de nouveau convaincue</span> qu’il faut éliminer le colonialisme, ainsi que la discrimination raciale et les violations des droits fondamentaux de la personne,</p>
      </container>
      <container name="Notant avec satisfaction" eId="container_8">
        <p xml:space="preserve">
          <span class="italic">	Notant avec satisfaction</span> les efforts constants déployés par le Comité spécial pour faire en sorte que la Déclaration et les autres résolutions de l’Organisation relatives à la décolonisation soient appliquées effectivement et intégralement,</p>
      </container>
      <container name="Soulignant" eId="container_9">
        <p xml:space="preserve">
          <span class="italic">	Soulignant</span> combien il importe que toutes les puissances administrantes participent officiellement aux travaux du Comité spécial qui concernent les territoires placés sous leur administration, en application de l’Article 73 de la Charte des Nations Unies,</p>
      </container>
      <container name="Notant avec satisfaction" eId="container_10">
        <p xml:space="preserve">
          <span class="italic">	Notant avec satisfaction</span> que certaines puissances administrantes coopèrent et participent activement aux travaux du Comité spécial et encourageant les autres à faire de même,</p>
      </container>
      <container name="Notant" eId="container_11">
        <p xml:space="preserve">
          <span class="italic">	Notant</span> que le séminaire régional des Caraïbes s’est tenu à Grande Anse (Grenade) du 2 au 4 mai 2019,</p>
      </container>
    </preamble>
    <mainBody>
      <paragraph eId="para_12" class="SingleTxt">
        <num>	1.</num>
        <content eId="para_12__content">
          <p xml:space="preserve">
            <span class="italic">	Réaffirme</span> sa résolution <a href="https://undocs.org/fr/A/RES/1514 (XV)">1514 (XV)</a> et toutes les autres résolutions et décisions relatives à la décolonisation, y compris sa résolution <a href="https://undocs.org/fr/A/RES/65/119">65/119</a> proclamant la période 2011-2020 troisième Décennie internationale de l’élimination du colonialisme, et demande aux puissances administrantes de prendre, conformément auxdites résolutions et au cas par cas, toutes les mesures voulues pour permettre aux peuples des territoires non autonomes concernés d’exercer pleinement et au plus tôt leur droit à l’autodétermination, y compris l’indépendance ;</p>
        </content>
      </paragraph>
      <paragraph eId="para_13" class="SingleTxt">
        <num>	2.</num>
        <content eId="para_13__content">
          <p xml:space="preserve">
            <span class="italic">Réaffirme une fois de plus</span> que l’existence du colonialisme, sous toutes ses formes et dans toutes ses manifestations, y compris l’exploitation économique, est contraire à la Charte des Nations Unies, à la Déclaration sur l’octroi de l’indépendance aux pays et aux peuples coloniaux et à la Déclaration universelle des droits de l’homme<authorialNote marker="2" placement="bottom" eId="authorialNote_2"><p xml:space="preserve">		Résolution <a href="http://www.undocs.org/fr/a/res/217(III)">217 A (III)</a>.</p></authorialNote> ;</p>
        </content>
      </paragraph>
      <paragraph eId="para_14" class="SingleTxt">
        <num>	3.</num>
        <content eId="para_14__content">
          <p xml:space="preserve">
            <span class="italic">Réaffirme sa volonté</span> de continuer de prendre toutes les mesures qui s’imposent pour que le colonialisme soit éliminé complètement et rapidement et que tous les États observent scrupuleusement les dispositions applicables de la Charte, de la Déclaration sur l’octroi de l’indépendance aux pays et aux peuples coloniaux et de la Déclaration universelle des droits de l’homme ;</p>
        </content>
      </paragraph>
      <paragraph eId="para_15" class="SingleTxt">
        <num>	4.</num>
        <content eId="para_15__content">
          <p xml:space="preserve">
            <span class="italic">	Déclare de nouveau</span> qu’elle soutient les aspirations des peuples soumis à la domination coloniale qui souhaitent faire valoir leur droit à l’autodétermination, y compris l’indépendance, conformément aux résolutions de l’Organisation des Nations Unies relatives à la décolonisation ;</p>
        </content>
      </paragraph>
      <paragraph eId="para_16" class="SingleTxt">
        <num>	5.</num>
        <content eId="para_16__content">
          <p xml:space="preserve">
            <span class="italic">Demande</span> aux puissances administrantes de chaque territoire inscrit à l’ordre du jour du Comité spécial chargé d’étudier la situation en ce qui concerne l’application de la Déclaration sur l’octroi de l’indépendance aux pays et aux peuples coloniaux d’apporter leur plein appui aux travaux du Comité spécial et de participer officiellement à ses sessions et séminaires ;</p>
        </content>
      </paragraph>
      <paragraph eId="para_17" class="SingleTxt">
        <num>	6.</num>
        <content eId="para_17__content">
          <p xml:space="preserve">
            <span class="italic">Demande</span> aux puissances administrantes de collaborer sans réserve avec le Comité spécial pour achever aussi rapidement que possible l’élaboration d’un programme de travail constructif répondant au cas particulier de chaque territoire non autonome et visant à faciliter l’exécution du mandat du Comité et l’application des résolutions relatives à la décolonisation, notamment celles portant sur des territoires déterminés ;</p>
        </content>
      </paragraph>
      <paragraph eId="para_18" class="SingleTxt">
        <num>	7.</num>
        <content eId="para_18__content">
          <p xml:space="preserve">
            <span class="italic">Rappelle avec satisfaction</span> que les référendums visant à déterminer le statut futur des Tokélaou, qui ont eu lieu en février 2006 et en octobre 2007 sous la supervision de l’Organisation, se sont déroulés de façon professionnelle, ouverte et transparente ;</p>
        </content>
      </paragraph>
      <paragraph eId="para_19" class="SingleTxt">
        <num>	8.</num>
        <content eId="para_19__content">
          <p xml:space="preserve">
            <span class="italic">Prie</span> le Comité spécial de continuer à chercher les moyens appropriés d’assurer la mise en œuvre immédiate et intégrale de la Déclaration et d’appliquer dans tous les territoires qui n’ont pas encore exercé leur droit à l’autodétermination, y compris l’indépendance, les mesures qu’elle a approuvées touchant les deuxième et troisième Décennies internationales de l’élimination du colonialisme, et en particulier :</p>
        </content>
      </paragraph>
      <paragraph eId="para_20" class="SingleTxt">
        <content eId="para_20__content">
          <p xml:space="preserve">	a)	De formuler des mesures précises pour mettre fin au colonialisme et de lui en rendre compte à sa soixante-quinzième session ;</p>
        </content>
      </paragraph>
      <paragraph eId="para_21" class="SingleTxt">
        <content eId="para_21__content">
          <p xml:space="preserve">	b)	De continuer de suivre la façon dont les États Membres appliquent sa résolution <a href="https://undocs.org/fr/A/RES/1514 (XV)">1514 (XV)</a> et les autres résolutions relatives à la décolonisation ;</p>
        </content>
      </paragraph>
      <paragraph eId="para_22" class="SingleTxt">
        <content eId="para_22__content">
          <p xml:space="preserve">	c)	De continuer d’examiner la situation politique, économique et sociale dans les territoires non autonomes et de lui recommander, s’il y a lieu, les mesures les plus aptes à permettre aux populations de ces territoires d’exercer leur droit à l’autodétermination, y compris l’indépendance, conformément aux résolutions relatives à la décolonisation, notamment celles portant sur des territoires déterminés ;</p>
        </content>
      </paragraph>
      <paragraph eId="para_23" class="SingleTxt">
        <content eId="para_23__content">
          <p xml:space="preserve">	d)	D’achever aussi rapidement que possible, en coopération avec les puissances administrantes et les territoires concernés, l’élaboration d’un programme de travail constructif répondant au cas particulier de chaque territoire non autonome et visant à faciliter l’exécution de son mandat et l’application des résolutions relatives à la décolonisation, notamment celles portant sur des territoires déterminés ;</p>
        </content>
      </paragraph>
      <paragraph eId="para_24" class="SingleTxt">
        <content eId="para_24__content">
          <p xml:space="preserve">	e)	De continuer d’envoyer des missions de visite et des missions spéciales dans les territoires non autonomes conformément aux résolutions relatives à la décolonisation, notamment celles portant sur des territoires déterminés ;</p>
        </content>
      </paragraph>
      <paragraph eId="para_25" class="SingleTxt">
        <content eId="para_25__content">
          <p xml:space="preserve">	f)	D’organiser des séminaires, selon les besoins, afin de recueillir et de diffuser des informations sur les travaux du Comité spécial, et de faciliter la participation des habitants des territoires non autonomes à ces séminaires ;</p>
        </content>
      </paragraph>
      <paragraph eId="para_26" class="SingleTxt">
        <content eId="para_26__content">
          <p xml:space="preserve">	g)	De tout mettre en œuvre pour mobiliser l’appui des gouvernements du monde entier et celui des organisations nationales et internationales en vue de la réalisation des objectifs de la Déclaration et de l’application des résolutions de l’Organisation sur la question ;</p>
        </content>
      </paragraph>
      <paragraph eId="para_27" class="SingleTxt">
        <content eId="para_27__content">
          <p xml:space="preserve">	h)	De célébrer tous les ans la Semaine de la solidarité avec les peuples des territoires non autonomes ;</p>
        </content>
      </paragraph>
      <paragraph eId="para_28" class="SingleTxt">
        <num>	9.</num>
        <content eId="para_28__content">
          <p xml:space="preserve">
            <span class="italic">	Demande</span> aux puissances administrantes de continuer à apporter leur concours au Comité spécial dans l’exercice de son mandat et notamment de faciliter l’envoi de missions de visite dans les territoires, au cas par cas et conformément aux résolutions de l’Organisation portant sur des territoires donnés ;</p>
        </content>
      </paragraph>
      <paragraph eId="para_29" class="SingleTxt">
        <num>	10.</num>
        <content eId="para_29__content">
          <p xml:space="preserve">
            <span class="italic">Réaffirme</span> que les missions de visite menées par l’Organisation dans les territoires non autonomes sont un bon moyen de connaître la situation des habitants de ces territoires, conformément aux résolutions de l’Organisation portant sur des territoires donnés, et prie donc le Comité spécial d’envoyer au moins une mission de visite par an ;</p>
        </content>
      </paragraph>
      <paragraph eId="para_30" class="SingleTxt">
        <num>	11.</num>
        <content eId="para_30__content">
          <p xml:space="preserve">
            <span class="italic">	Rappelle</span> que le plan d’action pour la deuxième Décennie internationale de l’élimination du colonialisme<authorialNote marker="3" placement="bottom" eId="authorialNote_3"><p xml:space="preserve"><a href="https://undocs.org/fr/A/56/61">A/56/61</a>, annexe.</p></authorialNote>, mis à jour selon les besoins, constitue un cadre législatif important pour l’accession à l’autonomie dans chaque territoire, et qu’une évaluation au cas par cas peut contribuer de manière importante au processus ;</p>
        </content>
      </paragraph>
      <paragraph eId="para_31" class="SingleTxt">
        <num>	12.</num>
        <content eId="para_31__content">
          <p xml:space="preserve">
            <span class="italic">	Demande</span> à tous les États, en particulier les puissances administrantes, ainsi qu’aux institutions spécialisées et aux autres organismes des Nations Unies, de donner effet, dans leurs domaines de compétence respectifs, aux recommandations du Comité spécial relatives à l’application de la Déclaration et des autres résolutions de l’Organisation sur la question ;</p>
        </content>
      </paragraph>
      <paragraph eId="para_32" class="SingleTxt">
        <num>	13.</num>
        <content eId="para_32__content">
          <p xml:space="preserve">
            <span class="italic">Demande</span> aux puissances administrantes de veiller à ce que les activités économiques et autres menées dans les territoires non autonomes placés sous leur administration ne nuisent pas aux intérêts des peuples mais, au contraire, favorisent le développement, et d’aider les peuples de ces territoires à exercer leur droit à l’autodétermination ;</p>
        </content>
      </paragraph>
      <paragraph eId="para_33" class="SingleTxt">
        <num>	14.</num>
        <content eId="para_33__content">
          <p xml:space="preserve">
            <span class="italic">	Demande</span> aux puissances administrantes concernées de mettre fin aux activités militaires menées dans les territoires non autonomes placés sous leur administration et de démanteler les bases militaires qui s’y trouvent, conformément à ses résolutions sur la question ;</p>
        </content>
      </paragraph>
      <paragraph eId="para_34" class="SingleTxt">
        <num>	15.</num>
        <content eId="para_34__content">
          <p xml:space="preserve">
            <span class="italic">	Engage instamment</span> les puissances administrantes à prendre des mesures efficaces pour sauvegarder et garantir les droits inaliénables des peuples des territoires non autonomes, à savoir leurs droits sur leurs ressources naturelles et leur droit d’être et de rester maîtres de la mise en valeur future de ces ressources, et demande aux puissances administrantes de prendre toutes les mesures nécessaires pour protéger les droits de propriété des peuples de ces territoires ;</p>
        </content>
      </paragraph>
      <paragraph eId="para_35" class="SingleTxt">
        <num>	16.</num>
        <content eId="para_35__content">
          <p xml:space="preserve">
            <span class="italic">Prie instamment</span> tous les États, agissant directement ou dans le cadre des institutions spécialisées et autres organismes des Nations Unies, d’apporter, si nécessaire, une aide morale et matérielle aux peuples des territoires non autonomes, et demande aux puissances administrantes de s’employer activement à obtenir et à utiliser efficacement toute l’assistance possible, dans le cadre d’arrangements tant bilatéraux que multilatéraux, en vue de renforcer l’économie de ces territoires ;</p>
        </content>
      </paragraph>
      <paragraph eId="para_36" class="SingleTxt">
        <num>	17.</num>
        <content eId="para_36__content">
          <p xml:space="preserve">
            <span class="italic">Prie</span> le Secrétaire général, les institutions spécialisées et les autres organismes des Nations Unies d’apporter une assistance économique, sociale et autre aux territoires non autonomes et de continuer à le faire, selon qu’il conviendra, une fois que ces territoires auront exercé leur droit à l’autodétermination, y compris l’indépendance ;</p>
        </content>
      </paragraph>
      <paragraph eId="para_37" class="SingleTxt">
        <num>	18.</num>
        <content eId="para_37__content">
          <p xml:space="preserve">
            <span class="italic">Prie</span> le Secrétaire général, Président <span class="italic">pro tempore</span> du Comité spécial, de se réunir informellement avec le Président ou la Présidente et le Bureau du Comité au moins une fois par an, pendant l’intersession, pour étudier des moyens novateurs d’user de ses bons offices pour faire progresser le processus de la décolonisation au cas par cas ;</p>
        </content>
      </paragraph>
      <paragraph eId="para_38" class="SingleTxt">
        <num>	19.</num>
        <content eId="para_38__content">
          <p xml:space="preserve">
            <span class="italic">Approuve</span> le rapport du Comité spécial sur ses travaux de 2019<sup>1</sup> dans lequel est décrit le programme de travail prévu pour 2020, qui comprend notamment la tenue du séminaire régional du Pacifique et l’envoi d’une mission de visite dans un des territoires relevant de son mandat, conformément aux résolutions de l’Organisation portant sur des territoires donnés ;</p>
        </content>
      </paragraph>
      <paragraph eId="para_39" class="SingleTxt">
        <num>	20.</num>
        <content eId="para_39__content">
          <p xml:space="preserve">
            <span class="italic">Prie</span> le Secrétaire général de continuer d’examiner les ressources mises à la disposition du Comité spécial de sorte qu’il soit doté des fonds, des moyens et des services dont il a besoin pour exécuter les programmes annuels prévus dans ses résolutions sur la question, y compris en particulier au paragraphe 8 de sa résolution <a href="https://undocs.org/fr/A/RES/73/123">73/123</a>.</p>
        </content>
      </paragraph>
    </mainBody>
    <conclusions eId="conclusions">
      <p>
        <inline name="adoptionMeeting" title="47e">47e séance plénière</inline>
        <eol />
        <docDate date="2019-12-13" refersTo="#adoptionDate">13 décembre 2019</docDate>
      </p>
    </conclusions>
  </statement>
</akomaNtoso>