<akomaNtoso xmlns:xsi="http://www.w3.org/2001/XMLSchema-instance" xsi:schemaLocation="http://docs.oasis-open.org/legaldocml/ns/akn/3.0 http://docs.oasis-open.org/legaldocml/akn-core/v1.0/os/part2-specs/schemas/akomantoso30.xsd" xmlns="http://docs.oasis-open.org/legaldocml/ns/akn/3.0" xmlns:html="http://www.w3.org/1999/xhtml" xmlns:akn4un="http://un.org/akn4un">
  <statement name="resolution">
    <meta>
      <identification source="#DGACM">
        <FRBRWork>
          <FRBRthis value="/akn/un/statement/deliberation/unga/2019-12-18/74-141/!main/"></FRBRthis>
          <FRBRuri value="/akn/un/statement/deliberation/unga/2019-12-18/74-141/"></FRBRuri>
          <FRBRdate date="2019-12-18" name="adoption"></FRBRdate>
          <FRBRauthor href="ga" as="author"></FRBRauthor>
          <FRBRcountry value="un"></FRBRcountry>
        </FRBRWork>
        <FRBRExpression>
          <FRBRthis value="/akn/un/statement/deliberation/unga/2019-12-18/74-141/fra@!main/"></FRBRthis>
          <FRBRuri value="/akn/un/statement/deliberation/unga/2019-12-18/74-141/fra@/"></FRBRuri>
          <FRBRdate date="2020-01-29" name="publication"></FRBRdate>
          <FRBRauthor href="ga" as="issuer"></FRBRauthor>
          <FRBRlanguage language="fra"></FRBRlanguage>
        </FRBRExpression>
        <FRBRManifestation>
          <FRBRthis value="/akn/un/statement/deliberation/unga/2019-12-18/74-141/fra@/!main.xml"></FRBRthis>
          <FRBRuri value="/akn/un/statement/deliberation/unga/2019-12-18/74-141/fra@.xml"></FRBRuri>
          <FRBRdate date="2020-08-21" name="markup"></FRBRdate>
          <FRBRauthor href="DGACM" as="editor"></FRBRauthor>
        </FRBRManifestation>
      </identification>
      <classification source="http://metadata.un.org/sdg">
        <keyword value="3" href="http://metadata.un.org/sdg/3" showAs="sdg_3" dictionary="SDGO"></keyword>
        <keyword value="public_health" href="http://eurovoc.europa.eu/3885" showAs="public_health" dictionary="EuroVoc"></keyword>
        <keyword value="health" href="http://metadata.un.org/thesaurus/1002824" showAs="health" dictionary="UNBIS Thesaurus"></keyword>
      </classification>
      <classification source="http://metadata.un.org/sdg">
        <keyword value="5" href="http://metadata.un.org/sdg/5" showAs="sdg_5" dictionary="SDGO"></keyword>
        <keyword value="gender_equality" href="http://eurovoc.europa.eu/3913" showAs="gender_equality" dictionary="EuroVoc"></keyword>
        <keyword value="participation_of_women" href="http://eurovoc.europa.eu/2265" showAs="participation_of_women" dictionary="EuroVoc"></keyword>
        <keyword value="women&amp;#39;s_rights" href="http://eurovoc.europa.eu/585" showAs="women&amp;#39;s_rights" dictionary="EuroVoc"></keyword>
        <keyword value="position_of_women" href="http://eurovoc.europa.eu/81" showAs="position_of_women" dictionary="EuroVoc"></keyword>
        <keyword value="women" href="http://metadata.un.org/thesaurus/1007029" showAs="women" dictionary="UNBIS Thesaurus"></keyword>
        <keyword value="gender_equality" href="http://metadata.un.org/thesaurus/1002612" showAs="gender_equality" dictionary="UNBIS Thesaurus"></keyword>
        <keyword value="girls" href="http://metadata.un.org/thesaurus/1002684" showAs="girls" dictionary="UNBIS Thesaurus"></keyword>
      </classification>
      <classification source="http://metadata.un.org/sdg">
        <keyword value="6" href="http://metadata.un.org/sdg/6" showAs="sdg_6" dictionary="SDGO"></keyword>
        <keyword value="water" href="http://eurovoc.europa.eu/597" showAs="water" dictionary="EuroVoc"></keyword>
        <keyword value="public_hygiene" href="http://eurovoc.europa.eu/3371" showAs="public_hygiene" dictionary="EuroVoc"></keyword>
        <keyword value="use_of_water" href="http://eurovoc.europa.eu/4628" showAs="use_of_water" dictionary="EuroVoc"></keyword>
        <keyword value="water" href="http://metadata.un.org/thesaurus/030500" showAs="water" dictionary="UNBIS Thesaurus"></keyword>
        <keyword value="sanitation" href="http://metadata.un.org/thesaurus/1005701" showAs="sanitation" dictionary="UNBIS Thesaurus"></keyword>
        <keyword value="water_management" href="http://metadata.un.org/thesaurus/1006948" showAs="water_management" dictionary="UNBIS Thesaurus"></keyword>
      </classification>
      <classification source="http://metadata.un.org/sdg">
        <keyword value="16" href="http://metadata.un.org/sdg/16" showAs="sdg_16" dictionary="SDGO"></keyword>
        <keyword value="right_to_justice" href="http://eurovoc.europa.eu/516" showAs="right_to_justice" dictionary="EuroVoc"></keyword>
        <keyword value="sustainable_development" href="http://eurovoc.europa.eu/5585" showAs="sustainable_development" dictionary="EuroVoc"></keyword>
        <keyword value="civil_society" href="http://metadata.un.org/thesaurus/1001012" showAs="civil_society" dictionary="UNBIS Thesaurus"></keyword>
        <keyword value="justice" href="http://metadata.un.org/thesaurus/1003500" showAs="justice" dictionary="UNBIS Thesaurus"></keyword>
        <keyword value="peaceful_coexistence" href="http://metadata.un.org/thesaurus/1004777" showAs="peaceful_coexistence" dictionary="UNBIS Thesaurus"></keyword>
        <keyword value="public_institutions" href="http://metadata.un.org/thesaurus/1005254" showAs="public_institutions" dictionary="UNBIS Thesaurus"></keyword>
        <keyword value="social_justice" href="http://metadata.un.org/thesaurus/1005970" showAs="social_justice" dictionary="UNBIS Thesaurus"></keyword>
        <keyword value="sustainable_development" href="http://metadata.un.org/thesaurus/1006319" showAs="sustainable_development" dictionary="UNBIS Thesaurus"></keyword>
      </classification>
      <workflow source="#un">
        <step date="2019-11-12" outcome="draftResolution" as="A/C.3/74/L.33/Rev.1" by="Albania, Andorra, Armenia, Austria, Belgium, Belize, Benin, Bosnia and Herzegovina, Bulgaria, Cabo Verde, Costa Rica, Côte d'Ivoire, Croatia, Cyprus, Czechia, Denmark, Dominican Republic, Ecuador, Estonia, Finland, France, Georgia, Germany, Greece, Honduras, Hungary, Iceland, Ireland, Italy, Jordan, Latvia, Lebanon, Liberia, Liechtenstein, Lithuania, Luxembourg, Malta, Mexico, Monaco, Montenegro, Netherlands, North Macedonia, Poland, Portugal, Republic of Moldova, Romania, Seychelles, Slovakia, Slovenia, Spain, Sweden, Switzerland, Tunisia, Ukraine, United Kingdom of Great Britain and Northern Ireland and Uruguay" />
        <step date="0001-01-01" outcome="draftResolutionAdditionalSponsors" by="Afghanistan, Algeria, Angola, Antigua and Barbuda, Bahamas, Bangladesh, Bolivia (Plurinational State of), Burkina Faso, Chad, El Salvador, Equatorial Guinea, Eritrea, Ethiopia, Fiji, Gambia, Ghana, Guinea, Haiti, Kiribati, Lesotho, Libya, Madagascar, Maldives, Mali, Micronesia (Federated States of), Mongolia, Morocco, Namibia, Nicaragua, Nigeria, Norway, Palau, Panama, Paraguay, Peru, Qatar, Republic of Korea, Saint Vincent and the Grenadines, Samoa, San Marino, Saudi Arabia, Serbia, Sierra Leone, Singapore, Solomon Islands, South Africa, Tajikistan, Thailand, Togo, Tuvalu, Uganda, United Arab Emirates and Venezuela (Bolivarian Republic of)" />
        <step date="0001-01-01" outcome="recommendedForAdoption" as="A/74/399" by="" refersTo="69" />
        <step date="2019-12-18" outcome="adopted" as="A/74/PV.50" by="" />
      </workflow>
      <analysis source="#un">
        <parliamentary>
          <voting outcome="adoptedWithoutVote">
            <quorum value=""></quorum>
          </voting>
        </parliamentary>
      </analysis>
      <references source="#DGACM">
        <TLCOrganization eId="source" href="/akn/ontology/organization/un/DGACM" showAs="DGACM"></TLCOrganization>
        <TLCConcept eId="dateOfIssuance" href="/akn/ontology/concept/un/dateOfIssuance" showAs="Date of issuance"></TLCConcept>
        <TLCConcept eId="dateOfAdoption" href="/akn/ontology/concept/un/dateOfAdoption" showAs="Date of adoption"></TLCConcept>
        <TLCConcept eId="symbol" href="/akn/ontology/reference/un/symbol" showAs="Symbol"></TLCConcept>
        <TLCRole eId="publisher" href="/akn/ontology/role/un/publisher" showAs="Publisher"></TLCRole>
        <TLCRole eId="issuingBody" href="/akn/role/concept/un/issuingBody" showAs="Issuing body"></TLCRole>
        <TLCRole eId="author" href="/akn/ontology/role/un/author" showAs="Author"></TLCRole>
        <TLCRole eId="editor" href="/akn/ontology/role/un/editor" showAs="Editor"></TLCRole>
        <TLCRole eId="distribution" href="/akn/ontology/concept/un/generalDistribution" showAs="General distribution"></TLCRole>
        <TLCOrganization eId="ga" href="/akn/ontology/organization/un/generalAssembly" showAs="General Assembly"></TLCOrganization>
        <TLCTerm eId="resolutionTitle" href="/akn/ontology/reference/un/resolutionTitle" showAs="Resolution title"></TLCTerm>
        <TLCTerm eId="thirdCommittee" href="#thirdCommittee" showAs="Troisième Commission"></TLCTerm>
        <TLCTerm eId="memberState" href="/akn/ontology/organization/un/memberState" showAs="Member State"></TLCTerm>
        <TLCTerm eId="inFavour" href="/akn/ontology/concept/un/voting/inFavour" showAs="In favour"></TLCTerm>
        <TLCTerm eId="against" href="/akn/ontology/concept/un/voting/against" showAs="Against"></TLCTerm>
        <TLCTerm eId="abstaining" href="/akn/ontology/concept/un/voting/abstaining" showAs="Abstaining"></TLCTerm>
      </references>
      <presentation source="#un">
        <akn4un:footerFirstPage>
          <akn4un:footerFirstPageLeft>
            <akn4un:internalCode>
              <docketNumber refersTo="#publicationJobNumber">19-22240 (F)</docketNumber>
              <img alt="bar code" class="barCode" src=""></img>
            </akn4un:internalCode>
          </akn4un:footerFirstPageLeft>
          <akn4un:footerFirstPageRight>
            <img alt="Please recycle" class="image" src="./recylcleLogo.jpg"></img>
            <img alt="embedded QR code" class="qrCode" src=""></img>
          </akn4un:footerFirstPageRight>
        </akn4un:footerFirstPage>
      </presentation>
    </meta>
    <coverPage eId="coverPage_1">
      <p>
        <span refersTo="#publisher" class="upperLeft">
          <docAuthority refersTo="#publisher">Nations Unies</docAuthority>
        </span>
      </p>
      <p class="upperRight">
        <docNumber refersTo="#symbol">A/RES/74/141</docNumber>
      </p>
      <p class="upperLeft">
        <img src="logo-un.jpg"></img>
        <docAuthority refersTo="#issuingBody" class="rightBig">Assemblée générale</docAuthority>
      </p>
      <p>
        <docStatus refersTo="#generalDistribution" class="rightSmall">Distr. générale</docStatus>
      </p>
      <p>
        <docDate date="2020-01-29" class="rightSmall" refersTo="#dateOfIssuance">29 janvier 2020</docDate>
      </p>
      <p>
        <session refersTo="#generalAssembly" value="74" eId="coverPage_1__session_1">Soixante-quatorzième session</session>
      </p>
      <p>
        <inline name="agenda item">Point 70 de l’ordre du jour</inline>
      </p>
      <p>
        <inline name="agenda item name">Promotion et protection des droits de l’homme</inline>
      </p>
      <p>
        <docTitle>Résolution adoptée par l’Assemblée générale le 18 décembre 2019</docTitle>
      </p>
      <p xml:space="preserve">
        <docProponent refersTo="#thirdCommittee">[sur la base du rapport de la Troisième Commission (<inline name="originating document">A/74/399</inline>)]</docProponent>
      </p>
    </coverPage>
    <preface>
      <p>
        <docNumber>74/141.</docNumber>
        <docTitle refersTo="#resolutionTitle">Les droits de l’homme à l’eau potable et à l’assainissement</docTitle>
      </p>
    </preface>
    <preamble>
      <formula name="enactingFormula" eId="formula_1">
        <p xml:space="preserve">
          <span class="italic">L’Assemblée générale</span>,</p>
      </formula>
      <container name="Guidée" eId="container_2">
          <p xml:space="preserve">
            <span class="italic">	Guidée </span>par les buts et les principes énoncés dans la Charte des Nations Unies,</p>
        </container>
      <container name="Rappelant" eId="container_3">
        <p xml:space="preserve">
          <span class="italic">Rappelant</span> sa résolution <a href="https://undocs.org/fr/A/RES/64/292">64/292</a> du 28 juillet 2010, dans laquelle elle a reconnu que le droit à l’eau potable et à l’assainissement était un droit fondamental, essentiel à la pleine jouissance de la vie et à l’exercice de tous les droits de l’homme, et sa résolution <a href="https://undocs.org/fr/a/res/72/178">72/178</a> du 19 décembre 2017, intitulée « Les droits de l’homme à l’eau potable et à l’assainissement »,</p>
      </container>
      <container name="Réaffirmant" eId="container_4">
        <p xml:space="preserve">
          <span class="italic">Réaffirmant</span> toutes les résolutions précédentes du Conseil des droits de l’homme concernant les droits fondamentaux à l’eau potable et à l’assainissement, notamment sa résolution <a href="https://undocs.org/fr/A/HRC/RES/39/8">39/8</a> du 27 septembre 2018<authorialNote marker="1" placement="bottom" eId="authorialNote_1"><p xml:space="preserve">		Voir <span class="italic">Documents officiels de l’Assemblée générale, soixante-treizième session, Supplément n</span><span class="italic"><sup>o</sup></span><span class="italic"> 53A </span>(<a href="https://undocs.org/fr/A/73/53/Add.1">A/73/53/Add.1</a>), chap. III.</p></authorialNote>,</p>
      </container>
      <container name="Rappelant" eId="container_5">
        <p xml:space="preserve">
          <span class="italic">Rappelant</span> la Déclaration universelle des droits de l’homme<authorialNote marker="2" placement="bottom" eId="authorialNote_2"><p xml:space="preserve">		Résolution <a href="https://undocs.org/fr/a/res/217 (iii)">217 A (III)</a>.</p></authorialNote>, le Pacte international relatif aux droits économiques, sociaux et culturels<authorialNote marker="3" placement="bottom" eId="authorialNote_3"><p xml:space="preserve">		Voir résolution <a href="https://undocs.org/fr/A/RES/2200 (XXI)">2200 A (XXI)</a>, annexe.</p></authorialNote>, le Pacte international relatif aux droits civils et politiques<sup>3</sup>, la Convention internationale sur l’élimination de toutes les formes de discrimination raciale<authorialNote marker="4" placement="bottom" eId="authorialNote_4"><p xml:space="preserve">		Nations Unies, <span class="italic">Recueil des Traités</span>, vol. 660, n<sup>o</sup> 9464.</p></authorialNote>, la Convention sur l’élimination de toutes les formes de discrimination à l’égard des femmes<authorialNote marker="5" placement="bottom" eId="authorialNote_5"><p xml:space="preserve">		Ibid., vol. 1249, n<sup>o</sup> 20378.</p></authorialNote>, la Convention relative aux droits de l’enfant<authorialNote marker="6" placement="bottom" eId="authorialNote_6"><p xml:space="preserve">		Ibid., vol. 1577, n<sup>o</sup> 27531.</p></authorialNote> et la Convention relative aux droits des personnes handicapées<authorialNote marker="7" placement="bottom" eId="authorialNote_7"><p xml:space="preserve">		Ibid., vol. 2515, n<sup>o</sup> 44910.</p></authorialNote>,</p>
      </container>
      <container name="Rappelant" eId="container_6">
        <p xml:space="preserve">
          <span class="italic">Rappelant</span> que les droits de l’homme à l’eau potable et à l’assainissement découlent du droit à un niveau de vie suffisant et sont inextricablement liés au droit au meilleur état de santé physique et mentale possible, ainsi qu’au droit à la vie et à la dignité,</p>
      </container>
      <container name="Prenant note " eId="container_7">
        <p xml:space="preserve">
          <span class="italic">Prenant note </span>de l’observation générale n<sup>o</sup> 15 (2002) du Comité des droits économiques, sociaux et culturels sur le droit à l’eau (art. 11 et 12 du Pacte international relatif aux droits économiques, sociaux et culturels)<authorialNote marker="8" placement="bottom" eId="authorialNote_8"><p xml:space="preserve"><span class="italic">Documents officiels du Conseil économique et social</span>, <span class="italic">2003, Supplément n</span><span class="italic"><sup>o</sup></span><span class="italic"> 2</span> (<a href="https://undocs.org/fr/E/2003/22">E/2003/22</a>), annexe IV.</p></authorialNote> et de la déclaration sur le droit à l’assainissement faite par ce même comité le 19 novembre 2010<authorialNote marker="9" placement="bottom" eId="authorialNote_9"><p xml:space="preserve">		Ibid., <span class="italic">2011, Supplément n</span><span class="italic"><sup>o</sup></span><span class="italic"> 2</span> (<a href="https://undocs.org/fr/E/2011/22">E/2011/22</a>), annexe VI.</p></authorialNote>, ainsi que des rapports du Rapporteur spécial du Conseil des droits de l’homme sur les droits de l’homme à l’eau potable et à l’assainissement,</p>
      </container>
      <container name="Réaffirmant" eId="container_8">
        <p xml:space="preserve">
          <span class="italic">Réaffirmant</span> qu’il incombe aux États de promouvoir, de protéger et de respecter tous les droits de l’homme, qui sont universels, indivisibles, interdépendants et intimement liés et doivent être traités globalement, de manière juste et équitable sur un pied d’égalité et avec la même priorité, </p>
      </container>
      <container name="Rappelant" eId="container_9">
        <p xml:space="preserve">
          <span class="italic">Rappelant</span> le Programme d’action de la Conférence internationale sur la population et le développement<authorialNote marker="10" placement="bottom" eId="authorialNote_10"><p xml:space="preserve"><span class="italic">Rapport de la Conférence internationale sur la population et le développement, Le Caire, 5‑13 septembre 1994 </span>(publication des Nations Unies, numéro de vente : F.95.XIII.18), chap. I, résolution 1, annexe.</p></authorialNote> et les documents issus des conférences d’examen, réaffirmant la Déclaration et le Programme d’action de Beijing<authorialNote marker="11" placement="bottom" eId="authorialNote_11"><p xml:space="preserve"><span class="italic">Rapport de la quatrième Conférence mondiale sur les femmes, Beijing, 4-15 septembre 1995 </span>(publication des Nations Unies, numéro de vente : F.96.IV.13), chap. I, résolution 1, annexes I et II.</p></authorialNote>, les textes issus de sa vingt-troisième session extraordinaire<authorialNote marker="12" placement="bottom" eId="authorialNote_12"><p xml:space="preserve">		Résolutions <a href="https://undocs.org/fr/A/RES/S-23/2">S-23/2</a>, annexe, et <a href="https://undocs.org/fr/A/RES/S-23/3">S-23/3</a>, annexe. </p></authorialNote> et les déclarations adoptées par la Commission de la condition de la femme à l’occasion des dixième, quinzième et vingtième anniversaires de la quatrième Conférence mondiale sur les femmes<authorialNote marker="13" placement="bottom" eId="authorialNote_13"><p xml:space="preserve">		Voir <span class="italic">Documents officiels du Conseil économique et social, 2005, Supplément n</span><span class="italic"><sup>o</sup></span><span class="italic"> 7</span> et rectificatif (<a href="https://undocs.org/fr/E/2005/27">E/2005/27</a> et <a href="https://undocs.org/fr/E/2005/27/Corr.1">E/2005/27/Corr.1</a>), chap. I, sect. A ; ibid., <span class="italic">2010, Supplément n</span><span class="italic"><sup>o</sup></span><span class="italic"> 7 </span>et rectificatif (<a href="https://undocs.org/fr/E/2010/27">E/2010/27</a> et <a href="https://undocs.org/fr/E/2010/27/Corr.1">E/2010/27/Corr.1</a>), chap. I, sect. A ; et ibid., <span class="italic">2015, Supplément n</span><span class="italic"><sup>o</sup></span><span class="italic"> 7</span> (<a href="https://undocs.org/fr/E/2015/27">E/2015/27</a>), chap. I, sect. C, résolution 59/1, annexe.</p></authorialNote>, et attendant avec intérêt son vingt-cinquième anniversaire prochain,</p>
      </container>
      <container name="Réaffirmant " eId="container_10">
        <p xml:space="preserve">
          <span class="italic">Réaffirmant </span>sa résolution <a href="https://undocs.org/fr/A/RES/70/1">70/1</a> du 25 septembre 2015, intitulée « Transformer notre monde : le Programme de développement durable à l’horizon 2030 », qui vise à parvenir au développement durable dans ses trois dimensions – économique, sociale et environnementale – de manière équilibrée et intégrée, en veillant à ne laisser personne de côté, et insistant sur l’importance du suivi et de l’établissement de rapports sur la réalisation des objectifs de développement durable,</p>
      </container>
      <container name="Rappelant" eId="container_11">
        <p xml:space="preserve">
          <span class="italic">Rappelant</span> sa résolution <a href="https://undocs.org/fr/A/RES/71/222">71/222</a> du 21 décembre 2016, par laquelle elle a proclamé la période 2018-2028 Décennie internationale d’action, « L’eau et le développement durable »,</p>
      </container>
      <container name="&#x9;Insistant" eId="container_12">
        <p xml:space="preserve">
          <span class="italic">	Insistant</span> sur l’importance du suivi et de l’établissement de rapports sur la réalisation des objectifs et des cibles de développement durable arrêtés au niveau international, notamment l’objectif visant à garantir l’accès de tous à des services d’alimentation en eau et d’assainissement gérés de façon durable,</p>
      </container>
      <container name="Rappelant " eId="container_13">
        <p xml:space="preserve">
          <span class="italic">Rappelant </span>la proclamation faisant du 22 mars la Journée mondiale de l’eau et du 19 novembre la Journée mondiale des toilettes, en application de ses résolutions <a href="https://undocs.org/fr/A/RES/47/193">47/193</a> du 22 décembre 1992 et <a href="https://undocs.org/fr/A/RES/67/291">67/291</a> du 24 juillet 2013, respectivement, qui constituent d’importantes occasions de mieux faire connaître, entre autres questions, les droits de l’homme à l’eau potable et à l’assainissement et les défis qui restent à relever en la matière,</p>
      </container>
      <container name="Rappelant également" eId="container_14">
        <p xml:space="preserve">
          <span class="italic">Rappelant également</span> la Déclaration de Rio sur l’environnement et le développement de juin 1992<authorialNote marker="14" placement="bottom" eId="authorialNote_14"><p xml:space="preserve"><span class="italic">Rapport de la Conférence des Nations Unies sur l’environnement et le développement, Rio de Janeiro, 3-14 juin 1992,</span> vol. I, <span class="italic">Résolutions adoptées par la Conférence</span> (publication des Nations Unies, numéro de vente : F.93.I.8 et rectificatif), résolution 1, annexe I.</p></authorialNote> et sa résolution <a href="https://undocs.org/fr/A/RES/66/288">66/288</a> du 27 juillet 2012 intitulée « L’avenir que nous voulons » et soulignant l’importance capitale de l’eau et de l’assainissement pour les trois dimensions du développement durable,</p>
      </container>
      <container name="Prenant note" eId="container_15">
        <p xml:space="preserve">
          <span class="italic">Prenant note</span> des engagements et des initiatives visant à promouvoir les droits de l’homme à l’eau potable et à l’assainissement, pris lors des récentes conférences et réunions régionales et sous-régionales,</p>
      </container>
      <container name="Affirmant " eId="container_16">
        <p xml:space="preserve">
          <span class="italic">Affirmant </span>qu’il importe de continuer à améliorer la disponibilité de données ventilées de qualité, accessibles, actualisées et fiables sur les progrès accomplis en matière de services d’approvisionnement en eau potable et d’assainissement, attendu que ces données sont un moyen indispensable pour les États de planifier, de mettre en œuvre et de suivre la réalisation progressive des droits de l’homme à l’eau potable et à l’assainissement pour tous, sans discrimination,</p>
      </container>
      <container name="Saluant" eId="container_17">
        <p xml:space="preserve">
          <span class="italic">Saluant</span> l’action menée par l’Organisation mondiale de la Santé et le Fonds des Nations Unies pour l’enfance, décrite dans le rapport de 2019 publié par le Programme commun OMS/UNICEF de suivi de l’approvisionnement en eau, de l’assainissement et de l’hygiène et portant sur les progrès accomplis à cet égard<authorialNote marker="15" placement="bottom" eId="authorialNote_15"><p xml:space="preserve">		Organisation mondiale de la Santé/Fonds des Nations Unies pour l’enfance, <span class="italic">Progress on Household Drinking Water, Sanitation and Hygiene 2000-2007: Special Focus on Inequalities</span> (Genève, 2019).</p></authorialNote>, et notant que ce programme dispose d’une vaste base de données mondiale et a élaboré des normes mondiales visant à évaluer les progrès, tout en ayant conscience du fait que les chiffres officiels, très souvent, ne rendent pas pleinement compte de toutes les dimensions des droits de l’homme à l’eau potable et à l’assainissement,</p>
      </container>
      <container name="Prenant note" eId="container_18">
        <p xml:space="preserve">
          <span class="italic">Prenant note</span> du fait qu’au niveau mondial, entre 2000 et 2017, selon le Programme commun de suivi, le pourcentage de la population recourant à des services d’approvisionnement en eau potable sûrs est passé de 61 à 71 pour cent et celui de la population recourant à des services d’approvisionnement en eau potable de base a été ramené de 20 à 19 pour cent, et se félicitant que le pourcentage de la population recourant à des services d’assainissement gérés de façon sûre soit passé de 28 à 45 pour cent et que celui de la population recourant à des services d’assainissement de base soit passé de 28 à 29 pour cent,</p>
      </container>
      <container name="Vivement préoccupée" eId="container_19">
        <p xml:space="preserve">
          <span class="italic">Vivement préoccupée</span> par le fait que près de 10 ans après l’adoption de la résolution <a href="https://undocs.org/fr/A/RES/64/292">64/292</a>, 785 millions de personnes n’ont toujours pas accès aux services d’approvisionnement en eau potable de base et 144 millions de personnes continuent de puiser de l’eau provenant directement de sources d’eau de surface, soit au total 11 pour cent de la population mondiale, tandis que 2 milliards de personnes ne bénéficient toujours pas des services sanitaires de base et 673 millions pratiquent encore la défécation en plein air, soit 26 pour cent de la population mondiale,</p>
      </container>
      <container name="Vivement préoccupée également" eId="container_20">
        <p xml:space="preserve">
          <span class="italic">Vivement préoccupée également</span> par l’absence d’accès à des services adéquats d’approvisionnement en eau et d’assainissement et ses conséquences désastreuses pour les situations sanitaires durant les situations d’urgence et de crise d’ordre humanitaire, y compris en période de conflit et en cas de catastrophe naturelle, et sachant que les personnes vivant dans les pays touchés par les conflits armés et les catastrophes naturelles et dans les pays particulièrement vulnérables aux effets préjudiciables des changements climatiques et celles vivant dans des camps de réfugiés et des pays accueillant des réfugiés sont plus exposées au manque d’accès aux services d’approvisionnement en eau potable de base et aux services d’assainissement de base que celles vivant dans d’autres pays,</p>
      </container>
      <container name="Vivement préoccupée en outre" eId="container_21">
        <p xml:space="preserve">
          <span class="italic">Vivement préoccupée en outre</span> par le fait que les femmes et les filles, spécialement durant les situations d’urgence et de crise d’ordre humanitaire, y compris en période de conflit armé et en cas de catastrophe naturelle, rencontrent souvent un certain nombre d’obstacles pour ce qui est de l’accès à l’eau et à l’assainissement et de la gestion de l’hygiène menstruelle, et que, dans de nombreuses régions du monde, c’est principalement à elles qu’incombe le fardeau d’aller chercher l’eau nécessaire au foyer et la responsabilité de donner des soins, notamment à des personnes atteintes de maladies transmises par l’eau, ce qui limite le temps qu’elles peuvent consacrer à d’autres occupations telles que l’éducation et les loisirs ou, dans le cas des femmes, à une activité leur permettant de gagner leur vie,</p>
      </container>
      <container name="Profondément alarmée" eId="container_22">
        <p xml:space="preserve">
          <span class="italic">Profondément alarmée</span> de constater que ce sont les enfants qui sont le plus durement touchés par les maladies hydriques, liées à l’assainissement et à l’hygiène, notant que la diarrhée est la deuxième cause de décès chez les enfants de moins de cinq ans et soulignant que les progrès en matière de réduction de la mortalité et de la morbidité infantiles et des retards de croissance sont liés à l’accès des femmes et des enfants à l’eau potable et à l’assainissement et que, dans les situations d’urgence et de crise d’ordre humanitaire, notamment en période de conflit armé ou en cas de catastrophe naturelle, les enfants sont ceux qui pâtissent le plus de l’interruption des services d’approvisionnement en eau et d’assainissement,</p>
      </container>
      <container name="Vivement préoccupée" eId="container_23">
        <p xml:space="preserve">
          <span class="italic">Vivement préoccupée</span> par le fait que les personnes handicapées, en particulier les enfants, rencontrent souvent des obstacles pour ce qui est d’accéder à des installations d’approvisionnement en eau et d’assainissement accessibles et adaptées à leurs besoins, ce qui met en péril leur capacité de vivre de façon indépendante et de participer pleinement à tous les aspects de la vie, y compris d’avoir accès à l’éducation et à l’emploi, et est particulièrement inquiétant pour les personnes handicapées sans-abri ou dans les situations d’urgence et de crise d’ordre humanitaire,</p>
      </container>
      <container name="Profondément alarmée" eId="container_24">
        <p xml:space="preserve">
          <span class="italic">Profondément alarmée</span> par les attaques aveugles et celles visant délibérément des biens civils en période de conflit armé, qui peuvent faire des blessés parmi les membres du personnel et couper l’électricité assurant le fonctionnement des systèmes d’approvisionnement en eau, d’assainissement et d’hygiène,</p>
      </container>
      <container name="Vivement préoccupée" eId="container_25">
        <p xml:space="preserve">
          <span class="italic">Vivement préoccupée</span> par le fait que le silence généralisé et la stigmatisation entourant la menstruation et l’hygiène menstruelle signifient que les femmes et les filles manquent souvent d’informations de base et d’éducation sur la question, sont exclues et stigmatisées, que leur santé peut en souffrir et que cela les empêche de réaliser pleinement leur potentiel,</p>
      </container>
      <container name="Vivement préoccupée également" eId="container_26">
        <p xml:space="preserve">
          <span class="italic">Vivement préoccupée également</span> par le fait que le manque d’accès à des services adéquats d’approvisionnement en eau et d’assainissement, notamment pour la gestion de l’hygiène menstruelle, en particulier dans les écoles, sur le lieu de travail, dans les centres de santé et les établissements publics, a une incidence négative sur l’égalité des sexes, sur l’autonomisation des femmes et des filles et sur l’exercice par elles de leurs droits fondamentaux, dont le droit à l’éducation et le droit de jouir du meilleur état de santé physique et mentale possible, et prenant note du fait que les femmes ont des besoins particuliers en termes d’hygiène durant la menstruation, la grossesse, la maternité, la période où elles éduquent leurs enfants et tout au long de la vie,</p>
      </container>
      <container name="Vivement préoccupée en outre" eId="container_27">
        <p xml:space="preserve">
          <span class="italic">Vivement préoccupée en outre</span> par le fait que les femmes et les filles sont particulièrement exposées à des attaques, à des actes de violence sexuelle et sexiste, au harcèlement et à d’autres atteintes à leur sécurité lorsqu’elles vont chercher l’eau nécessaire au foyer, utilisent des installations sanitaires hors de chez elles ou, lorsqu’elles n’ont pas accès à des installations sanitaires adéquates, pratiquent la défécation et la miction en plein air, ce qui restreint leur capacité de circuler librement et en toute sécurité dans l’espace public,</p>
      </container>
      <container name="Vivement préoccupée" eId="container_28">
        <p xml:space="preserve">
          <span class="italic">Vivement préoccupée</span> par le fait que l’absence d’équipements d’assainissement ou leur inadaptation, et les graves lacunes caractérisant la gestion des eaux et le traitement des eaux usées peuvent avoir une incidence négative sur l’approvisionnement en eau et sur l’accès durable à l’eau potable, et que, selon le Rapport mondial des Nations Unies sur la mise en valeur des ressources en eau de 2017, plus de 80 pour cent des eaux usées dans le monde, et plus de 95 pour cent dans certains des pays en développement, sont rejetées dans l’environnement sans avoir été traitées,</p>
      </container>
      <container name="Affirmant" eId="container_29">
        <p xml:space="preserve">
          <span class="italic">Affirmant</span> l’importance de la coopération régionale et internationale, le cas échéant, pour promouvoir la réalisation progressive des droits de l’homme à l’eau potable et à l’assainissement, étant entendu que cette coopération n’a pas d’incidence sur les questions relatives au droit international de l’eau, y compris le droit applicable aux cours d’eau internationaux,</p>
      </container>
      <container name="Se disant préoccupée" eId="container_30">
          <p xml:space="preserve">
            <span class="italic">Se disant préoccupée</span> par le fait que les changements climatiques ont contribué et continuent de contribuer à l’augmentation de la fréquence et de l’intensité des catastrophes naturelles soudaines aussi bien que des phénomènes qui se manifestent lentement, et que ces phénomènes ont des effets préjudiciables sur la pleine jouissance des droits de l’homme, notamment des droits de l’homme à l’eau potable et à l’assainissement, et rappelant qu’il faut renforcer la capacité d’adaptation et la résilience et réduire la vulnérabilité face aux changements climatiques, </p>
        </container>
      <container name="Consciente" eId="container_31">
        <p xml:space="preserve">
          <span class="italic">Consciente</span> que, si les répercussions des changements climatiques et des dommages causés à l’environnement sur les droits de l’homme à l’eau potable et à l’assainissement se font sentir dans le monde entier, ces répercussions sont particulièrement ressenties par les groupes de population déjà vulnérables, comme les personnes vivant dans des établissements informels et les habitants de petits États insulaires et des communautés rurales et locales, et consciente également que les peuples autochtones, par nature et du fait de leur situation, sont peut-être les premiers touchés directement par les changements climatiques car ils sont proches de l’environnement et de ses ressources, dont ils dépendent,</p>
      </container>
    </preamble>
    <mainBody>
      <paragraph eId="para_32" class="MercuryDocument">
        <num>	1.</num>
        <content eId="para_32__content">
          <p xml:space="preserve">
            <span class="italic">Réaffirme</span> que les droits de l’homme à l’eau potable et à l’assainissement en tant qu’éléments du droit à un niveau de vie suffisant sont indispensables pour la pleine jouissance du droit à la vie et de tous les droits de l’homme ;</p>
        </content>
      </paragraph>
      <paragraph eId="para_33" class="MercuryDocument">
        <num>	2.</num>
        <content eId="para_33__content">
          <p xml:space="preserve">
            <span class="italic">Reconnaît</span> que le droit de l’homme à l’eau potable doit permettre à chacun d’avoir accès sans discrimination, physiquement et à un coût abordable, à un approvisionnement suffisant en eau salubre et de qualité acceptable pour les usages personnels et domestiques, et que le droit de l’homme à l’assainissement doit permettre à chacun, sans discrimination, d’avoir accès physiquement et à un coût abordable à des équipements sanitaires, dans tous les domaines de la vie, qui soient sans risque, hygiéniques, sûrs, socialement et culturellement acceptables et gages d’intimité et de dignité, et réaffirme que ces deux droits sont des éléments du droit à un niveau de vie suffisant ;</p>
        </content>
      </paragraph>
      <paragraph eId="para_34" class="MercuryDocument">
        <num>	3.</num>
        <content eId="para_34__content">
          <p xml:space="preserve">
            <span class="italic">Salue</span> les activités que mène le Rapporteur spécial du Conseil des droits de l’homme sur les droits de l’homme à l’eau potable et à l’assainissement, et prend note de ses rapports ;</p>
        </content>
      </paragraph>
      <paragraph eId="para_35" class="MercuryDocument">
        <num>	4.</num>
        <content eId="para_35__content">
          <p xml:space="preserve">
            <span class="italic">Réaffirme</span> qu’il incombe au premier chef aux États d’assurer la pleine réalisation de l’ensemble des droits de l’homme et de s’attacher à prendre toutes les mesures qui sont à leur portée, individuellement et dans le cadre de l’assistance et de la coopération internationales, en particulier de la coopération économique et technique, pour parvenir progressivement à la pleine réalisation des droits à l’eau potable et à l’assainissement par tous les moyens appropriés, notamment l’adoption de mesures législatives ;</p>
        </content>
      </paragraph>
      <paragraph eId="para_36" class="MercuryDocument">
        <num>	5.</num>
        <content eId="para_36__content">
          <p xml:space="preserve">
            <span class="italic">Demande </span>aux États :</p>
        </content>
      </paragraph>
      <paragraph eId="para_37" class="MercuryDocument">
        <content eId="para_37__content">
          <p xml:space="preserve">	a)	D’assurer la réalisation progressive des droits de l’homme à l’eau potable et à l’assainissement pour tous sans discrimination, tout en éliminant les inégalités d’accès, notamment pour les personnes appartenant à des groupes à risque ou celles qui sont marginalisées sur la base de la race, du sexe, de l’âge, du handicap, de l’appartenance ethnique, de la culture, de la religion, de la nationalité et de l’origine sociale ou de tout autre motif ;</p>
        </content>
      </paragraph>
      <paragraph eId="para_38" class="MercuryDocument">
        <content eId="para_38__content">
          <p xml:space="preserve">	b)	De réaliser les objectifs et cibles de développement durable relatifs à l’eau et à l’assainissement arrêtés au niveau international<authorialNote marker="16" placement="bottom" eId="authorialNote_16"><p xml:space="preserve">		Résolution <a href="https://undocs.org/fr/A/RES/70/1">70/1</a>.</p></authorialNote>, notamment l’objectif visant à garantir l’accès de tous à des services d’alimentation en eau et d’assainissement gérés de façon durable, conformément aux obligations que leur impose le droit international ;</p>
        </content>
      </paragraph>
      <paragraph eId="para_39" class="MercuryDocument">
        <content eId="para_39__content">
          <p xml:space="preserve">	c)	De tenir compte du Nouveau Programme pour les villes<authorialNote marker="17" placement="bottom" eId="authorialNote_17"><p xml:space="preserve">		Résolution <a href="https://undocs.org/fr/A/RES/71/256">71/256</a>, annexe.</p></authorialNote>, dans lequel sont envisagés des villes et des établissements humains qui remplissent leur fonction sociale, la pleine réalisation du droit à un logement convenable, en tant qu’élément du droit à un niveau de vie suffisant, sans discrimination, et l’accès universel et à un prix abordable à l’eau potable et à des installations sanitaires sûres ;</p>
        </content>
      </paragraph>
      <paragraph eId="para_40" class="MercuryDocument">
        <content eId="para_40__content">
          <p xml:space="preserve">	d)	D’assurer à toutes les femmes et les filles l’accès à l’eau potable, à un coût abordable, et à des services d’assainissement et d’hygiène adéquats dans des conditions équitables, notamment à des installations et services sanitaires, dans les espaces publics et privés, permettant de gérer l’hygiène menstruelle ;</p>
        </content>
      </paragraph>
      <paragraph eId="para_41" class="MercuryDocument">
        <content eId="para_41__content">
          <p xml:space="preserve">	e)	De prendre des mesures pour donner aux femmes et aux filles les moyens de se préparer aux situations d’urgence et de crise d’ordre humanitaire, y compris aux périodes de conflit armé et aux catastrophes naturelles, en assurant l’accès aux services d’approvisionnement en eau et d’assainissement et en appliquant des politiques, des plans et des programmes tenant compte de la problématique femmes‑hommes qui, sans compromettre la sécurité et la dignité des femmes, traitent, entre autres questions, d’une gestion efficace de l’hygiène menstruelle et prévoient des solutions adéquates pour l’élimination des protections hygiéniques usagées ;</p>
        </content>
      </paragraph>
      <paragraph eId="para_42" class="MercuryDocument">
        <content eId="para_42__content">
          <p xml:space="preserve">	f)	De s’attaquer à la stigmatisation et à la honte généralisées qui entourent la menstruation et l’hygiène menstruelle en encourageant des pratiques éducatives et sanitaires qui favorisent une culture dans laquelle la menstruation est considérée comme saine et naturelle, en garantissant l’accès, y compris des hommes et des garçons, à des informations factuelles sur la question, en répondant aux normes sociales négatives entourant la question et en garantissant un accès universel aux protections hygiéniques et à des installations tenant compte des disparités entre femmes et hommes, notamment à des moyens de gérer et d’éliminer les protections hygiéniques usagées, sachant que la fréquentation scolaire et universitaire des filles et des femmes et le travail de ces dernières peuvent être entravés par les perceptions négatives qui existent à ce sujet et par l’indisponibilité dans les écoles et les espaces publics, ainsi que sur le lieu de travail, de moyens permettant aux filles et aux femmes de maintenir leur hygiène personnelle, notamment le manque d’accès à des installations d’approvisionnement en eau potable et d’assainissement et à des installations sanitaires ;</p>
        </content>
      </paragraph>
      <paragraph eId="para_43" class="MercuryDocument">
        <content eId="para_43__content">
          <p xml:space="preserve">	g)	De promouvoir l’esprit d’initiative des femmes et leur participation pleine et effective, sur un pied d’égalité, à la prise de décisions dans la gestion de l’eau et de l’assainissement, et de veiller à ce qu’une démarche tenant compte de la problématique femmes-hommes soit adoptée dans le cadre des programmes pour l’eau et l’assainissement ;</p>
        </content>
      </paragraph>
      <paragraph eId="para_44" class="MercuryDocument">
        <content eId="para_44__content">
          <p xml:space="preserve">	h)	De réduire le temps que les femmes et les filles consacrent à aller chercher l’eau nécessaire au foyer, de façon à remédier aux effets négatifs de l’inadéquation des services d’eau et d’assainissement sur l’accès des filles à l’éducation, notamment en améliorant les services publics et les infrastructures ;</p>
        </content>
      </paragraph>
      <paragraph eId="para_45" class="MercuryDocument">
        <content eId="para_45__content">
          <p xml:space="preserve">	i)	De promouvoir des espaces publics sûrs et d’améliorer la sécurité et la sûreté des femmes et des filles grâce à des infrastructures et à un aménagement des zones rurales et urbaines tenant compte des disparités entre femmes et hommes lorsqu’elles utilisent des installations sanitaires hors de chez elles ou pratiquent la défécation et la miction à l’air libre ;</p>
        </content>
      </paragraph>
      <paragraph eId="para_46" class="MercuryDocument">
        <content eId="para_46__content">
          <p xml:space="preserve">	j)	De protéger les femmes et les filles contre toute menace ou agression physique, y compris la violence sexuelle, lorsqu’elles vont chercher l’eau nécessaire au foyer, utilisent des installations sanitaires hors de chez elles ou pratiquent la défécation ou la miction en plein air, notamment en promouvant des espaces publics sûrs et en améliorant la sécurité et la sûreté des femmes et des filles grâce à des infrastructures et à un aménagement des zones rurales et urbaines tenant compte des disparités entre femmes et hommes ;</p>
        </content>
      </paragraph>
      <paragraph eId="para_47" class="MercuryDocument">
        <content eId="para_47__content">
          <p xml:space="preserve">	k)	D’éliminer progressivement la défécation en plein air par l’adoption de politiques visant notamment à améliorer l’accès à l’assainissement des personnes vulnérables ou marginalisées ;</p>
        </content>
      </paragraph>
      <paragraph eId="para_48" class="MercuryDocument">
        <content eId="para_48__content">
          <p xml:space="preserve">	l)	De prendre des mesures pour sensibiliser l’opinion publique internationale à la question des maladies d’origine hydrique, en particulier le choléra et la diarrhée infantile, qui peuvent être évitées grâce à l’eau potable et à des conditions de salubrité et d’hygiène adéquates en établissant des partenariats avec les parties prenantes pour exécuter des projets visant à élargir l’accès à l’eau potable et à l’assainissement dans les pays en développement ;</p>
        </content>
      </paragraph>
      <paragraph eId="para_49" class="MercuryDocument">
        <content eId="para_49__content">
          <p xml:space="preserve">	m)	D’appliquer des stratégies inclusives et participatives en prenant l’avis des populations locales et d’autres parties prenantes, notamment la société civile et le secteur privé, sur les solutions permettant d’offrir un accès durable et non discriminatoire à l’eau potable et à l’assainissement et de coordonner les activités avec elles ;</p>
        </content>
      </paragraph>
      <paragraph eId="para_50" class="MercuryDocument">
        <content eId="para_50__content">
          <p xml:space="preserve">	n)	De redoubler d’efforts pour réduire nettement la proportion des eaux usées non traitées rejetées dans l’environnement et faire en sorte que les plans et programmes destinés à améliorer les services d’assainissement tiennent compte de la nécessité de mettre en place des systèmes adéquats de traitement des eaux usées, y compris des excréments de nourrissons, dans l’optique de réduire les risques pour la santé humaine, les ressources en eau potable et l’environnement ;</p>
        </content>
      </paragraph>
      <paragraph eId="para_51" class="MercuryDocument">
        <content eId="para_51__content">
          <p xml:space="preserve">	o)	De recenser les situations où les droits de l’homme à l’eau potable et à l’assainissement pour tous sans discrimination ne sont pas respectés, protégés ou réalisés et de s’attaquer aux causes structurelles de telles situations lors de l’élaboration des politiques et des budgets dans un cadre plus large, tout en procédant à une planification globale visant à assurer une couverture universelle et durable, notamment lorsque le secteur privé, les donateurs et les organisations non gouvernementales participent à la fourniture des services ;</p>
        </content>
      </paragraph>
      <paragraph eId="para_52" class="MercuryDocument">
        <content eId="para_52__content">
          <p xml:space="preserve">	p)	De prévoir des mécanismes de responsabilisation efficaces pour tous les fournisseurs d’eau et de services d’assainissement, notamment ceux du secteur privé, pour faire en sorte qu’ils respectent les droits de l’homme, ne soient pas à l’origine de violations de ces droits ou d’atteintes à ces droits, ou n’y contribuent pas ;</p>
        </content>
      </paragraph>
      <paragraph eId="para_53" class="MercuryDocument">
        <num>	6.</num>
        <content eId="para_53__content">
          <p xml:space="preserve">
            <span class="italic">Demande</span> aux États et aux organisations internationales d’apporter des ressources financières et de contribuer à renforcer les capacités et à procéder à des transferts de technologies pour aider les pays qui en font la demande, en particulier les pays en développement, à fournir une eau potable et des services d’assainissement qui soient accessibles et abordables pour tous ;</p>
        </content>
      </paragraph>
      <paragraph eId="para_54" class="MercuryDocument">
        <num>	7.</num>
        <content eId="para_54__content">
          <p xml:space="preserve">
            <span class="italic">Demande</span> aux acteurs non étatiques, dont les entreprises, notamment transnationales, de s’acquitter de leur responsabilité concernant le respect des droits de l’homme, y compris les droits de l’homme à l’eau potable et à l’assainissement, notamment en coopérant aux enquêtes menées par les États sur les allégations d’atteintes à ces droits, et en s’associant progressivement aux États pour déceler les atteintes à ces droits fondamentaux et y remédier ;</p>
        </content>
      </paragraph>
      <paragraph eId="para_55" class="MercuryDocument">
        <num>	8.</num>
        <content eId="para_55__content">
          <p xml:space="preserve">
            <span class="italic">Souligne</span> le rôle important de la coopération internationale et de l’assistance technique apportée par les États, les institutions spécialisées des Nations Unies, les partenaires internationaux et les partenaires de développement, ainsi que les organismes donateurs, et engage vivement les partenaires de développement à adopter une démarche fondée sur les droits de l’homme pour élaborer et mettre en œuvre des programmes de développement à l’appui des initiatives et des plans d’action nationaux ayant trait aux droits à l’eau potable et à l’assainissement, et invite les organisations régionales et internationales à appuyer les efforts faits par les États en vue de réaliser progressivement les droits de l’homme à l’eau potable et à l’assainissement, dans le respect de leurs mandats respectifs ;</p>
        </content>
      </paragraph>
      <paragraph eId="para_56" class="MercuryDocument">
        <num>	9.</num>
        <content eId="para_56__content">
          <p xml:space="preserve">
            <span class="italic">Demande</span> aux États Membres de développer la coopération internationale et l’appui au renforcement des capacités des pays en développement en ce qui concerne les activités et programmes relatifs à l’eau et à l’assainissement, y compris la collecte, la désalinisation et l’utilisation rationnelle de l’eau, le traitement des eaux usées, le recyclage et les techniques de réutilisation ;</p>
        </content>
      </paragraph>
      <paragraph eId="para_57" class="MercuryDocument">
        <num>	10.</num>
        <content eId="para_57__content">
          <p xml:space="preserve">
            <span class="italic">Demande également</span> aux États Membres de renforcer les partenariats mondiaux en faveur du développement durable afin d’atteindre l’objectif et les cibles du Programme de développement durable à l’horizon 2030<sup>16</sup>, et souligne que le Programme 2030 marque un changement de paradigme vers un plan d’action plus équilibré et intégré en vue de la réalisation d’un développement durable qui reflète l’universalité, l’indivisibilité et l’interdépendance de tous les droits de l’homme ;</p>
        </content>
      </paragraph>
      <paragraph eId="para_58" class="MercuryDocument">
        <num>	11.</num>
        <content eId="para_58__content">
          <p xml:space="preserve">
            <span class="italic">Réaffirme</span> que le forum politique de haut niveau pour le développement durable, organisé sous les auspices de l’Assemblée générale et du Conseil économique et social, joue un rôle central dans le contrôle du suivi et de l’examen au niveau mondial des objectifs de développement durable et encourage les États Membres à mettre en commun leurs expériences et leurs meilleures pratiques ;</p>
        </content>
      </paragraph>
      <paragraph eId="para_59" class="MercuryDocument">
        <num>	12.</num>
        <content eId="para_59__content">
          <p xml:space="preserve">
            <span class="italic">Décide</span> de poursuivre l’examen de la question à sa soixante-seizième session.</p>
        </content>
      </paragraph>
    </mainBody>
    <conclusions eId="conclusions">
      <p>
        <inline name="adoptionMeeting" title="50e">50e séance plénière</inline>
        <eol />
        <docDate date="2019-12-18" refersTo="#adoptionDate">18 décembre 2019</docDate>
      </p>
    </conclusions>
  </statement>
</akomaNtoso>