<akomaNtoso xmlns:xsi="http://www.w3.org/2001/XMLSchema-instance" xsi:schemaLocation="http://docs.oasis-open.org/legaldocml/ns/akn/3.0 http://docs.oasis-open.org/legaldocml/akn-core/v1.0/os/part2-specs/schemas/akomantoso30.xsd" xmlns="http://docs.oasis-open.org/legaldocml/ns/akn/3.0" xmlns:html="http://www.w3.org/1999/xhtml" xmlns:akn4un="http://un.org/akn4un">
  <statement name="resolution">
    <meta>
      <identification source="#DGACM">
        <FRBRWork>
          <FRBRthis value="/akn/un/statement/deliberation/unga/2019-12-18/74-152/!main/"></FRBRthis>
          <FRBRuri value="/akn/un/statement/deliberation/unga/2019-12-18/74-152/"></FRBRuri>
          <FRBRdate date="2019-12-18" name="adoption"></FRBRdate>
          <FRBRauthor href="ga" as="author"></FRBRauthor>
          <FRBRcountry value="un"></FRBRcountry>
        </FRBRWork>
        <FRBRExpression>
          <FRBRthis value="/akn/un/statement/deliberation/unga/2019-12-18/74-152/fra@!main/"></FRBRthis>
          <FRBRuri value="/akn/un/statement/deliberation/unga/2019-12-18/74-152/fra@/"></FRBRuri>
          <FRBRdate date="2020-01-16" name="publication"></FRBRdate>
          <FRBRauthor href="ga" as="issuer"></FRBRauthor>
          <FRBRlanguage language="fra"></FRBRlanguage>
        </FRBRExpression>
        <FRBRManifestation>
          <FRBRthis value="/akn/un/statement/deliberation/unga/2019-12-18/74-152/fra@/!main.xml"></FRBRthis>
          <FRBRuri value="/akn/un/statement/deliberation/unga/2019-12-18/74-152/fra@.xml"></FRBRuri>
          <FRBRdate date="2020-08-21" name="markup"></FRBRdate>
          <FRBRauthor href="DGACM" as="editor"></FRBRauthor>
        </FRBRManifestation>
      </identification>
      <classification source="http://metadata.un.org/sdg">
        <keyword value="3" href="http://metadata.un.org/sdg/3" showAs="sdg_3" dictionary="SDGO"></keyword>
        <keyword value="public_health" href="http://eurovoc.europa.eu/3885" showAs="public_health" dictionary="EuroVoc"></keyword>
        <keyword value="health" href="http://metadata.un.org/thesaurus/1002824" showAs="health" dictionary="UNBIS Thesaurus"></keyword>
      </classification>
      <classification source="http://metadata.un.org/sdg">
        <keyword value="16" href="http://metadata.un.org/sdg/16" showAs="sdg_16" dictionary="SDGO"></keyword>
        <keyword value="right_to_justice" href="http://eurovoc.europa.eu/516" showAs="right_to_justice" dictionary="EuroVoc"></keyword>
        <keyword value="sustainable_development" href="http://eurovoc.europa.eu/5585" showAs="sustainable_development" dictionary="EuroVoc"></keyword>
        <keyword value="civil_society" href="http://metadata.un.org/thesaurus/1001012" showAs="civil_society" dictionary="UNBIS Thesaurus"></keyword>
        <keyword value="justice" href="http://metadata.un.org/thesaurus/1003500" showAs="justice" dictionary="UNBIS Thesaurus"></keyword>
        <keyword value="peaceful_coexistence" href="http://metadata.un.org/thesaurus/1004777" showAs="peaceful_coexistence" dictionary="UNBIS Thesaurus"></keyword>
        <keyword value="public_institutions" href="http://metadata.un.org/thesaurus/1005254" showAs="public_institutions" dictionary="UNBIS Thesaurus"></keyword>
        <keyword value="social_justice" href="http://metadata.un.org/thesaurus/1005970" showAs="social_justice" dictionary="UNBIS Thesaurus"></keyword>
        <keyword value="sustainable_development" href="http://metadata.un.org/thesaurus/1006319" showAs="sustainable_development" dictionary="UNBIS Thesaurus"></keyword>
      </classification>
      <classification source="http://metadata.un.org/sdg">
        <keyword value="17" href="http://metadata.un.org/sdg/17" showAs="sdg_17" dictionary="SDGO"></keyword>
        <keyword value="sustainable_development" href="http://eurovoc.europa.eu/5585" showAs="sustainable_development" dictionary="EuroVoc"></keyword>
        <keyword value="partnership" href="http://eurovoc.europa.eu/4199" showAs="partnership" dictionary="EuroVoc"></keyword>
        <keyword value="sustainable_development" href="http://metadata.un.org/thesaurus/1006319" showAs="sustainable_development" dictionary="UNBIS Thesaurus"></keyword>
        <keyword value="partnership" href="http://metadata.un.org/thesaurus/1004748" showAs="partnership" dictionary="UNBIS Thesaurus"></keyword>
      </classification>
      <workflow source="#un">
        <step date="2019-11-12" outcome="draftResolution" as="A/C.3/74/L.40/Rev.1" by="China, Cuba (on behalf of the States Members of the United Nations that are members of the Movement of Non-Aligned Countries) and El Salvador" />
        <step date="0001-01-01" outcome="draftResolutionAdditionalSponsors" by="" />
        <step date="0001-01-01" outcome="recommendedForAdoption" as="A/74/399/Add.2" by="" refersTo="90" />
        <step date="2019-12-18" outcome="adopted" as="A/74/PV.50" by="" />
      </workflow>
      <analysis source="#un">
        <parliamentary>
          <voting outcome="adoptedRecordedVote">
            <count value="138" refersTo="inFavour">
              <akn4un:voters>
                <organization refersTo="memberState">AFGHANISTAN</organization>
                <organization refersTo="memberState">ALGERIA</organization>
                <organization refersTo="memberState">ANGOLA</organization>
                <organization refersTo="memberState">ANTIGUA AND BARBUDA</organization>
                <organization refersTo="memberState">ARGENTINA</organization>
                <organization refersTo="memberState">ARMENIA</organization>
                <organization refersTo="memberState">AZERBAIJAN</organization>
                <organization refersTo="memberState">BAHAMAS</organization>
                <organization refersTo="memberState">BAHRAIN</organization>
                <organization refersTo="memberState">BANGLADESH</organization>
                <organization refersTo="memberState">BARBADOS</organization>
                <organization refersTo="memberState">BELARUS</organization>
                <organization refersTo="memberState">BELIZE</organization>
                <organization refersTo="memberState">BENIN</organization>
                <organization refersTo="memberState">BHUTAN</organization>
                <organization refersTo="memberState">BOLIVIA (PLURINATIONAL STATE OF)</organization>
                <organization refersTo="memberState">BOSNIA AND HERZEGOVINA</organization>
                <organization refersTo="memberState">BOTSWANA</organization>
                <organization refersTo="memberState">BRUNEI DARUSSALAM</organization>
                <organization refersTo="memberState">BURKINA FASO</organization>
                <organization refersTo="memberState">BURUNDI</organization>
                <organization refersTo="memberState">CABO VERDE</organization>
                <organization refersTo="memberState">CAMBODIA</organization>
                <organization refersTo="memberState">CAMEROON</organization>
                <organization refersTo="memberState">CENTRAL AFRICAN REPUBLIC</organization>
                <organization refersTo="memberState">CHAD</organization>
                <organization refersTo="memberState">CHILE</organization>
                <organization refersTo="memberState">CHINA</organization>
                <organization refersTo="memberState">COLOMBIA</organization>
                <organization refersTo="memberState">COMOROS</organization>
                <organization refersTo="memberState">CONGO</organization>
                <organization refersTo="memberState">COSTA RICA</organization>
                <organization refersTo="memberState">COTE D'IVOIRE</organization>
                <organization refersTo="memberState">CUBA</organization>
                <organization refersTo="memberState">DEMOCRATIC PEOPLE'S REPUBLIC OF KOREA</organization>
                <organization refersTo="memberState">DJIBOUTI</organization>
                <organization refersTo="memberState">DOMINICAN REPUBLIC</organization>
                <organization refersTo="memberState">ECUADOR</organization>
                <organization refersTo="memberState">EGYPT</organization>
                <organization refersTo="memberState">EL SALVADOR</organization>
                <organization refersTo="memberState">EQUATORIAL GUINEA</organization>
                <organization refersTo="memberState">ERITREA</organization>
                <organization refersTo="memberState">ESWATINI</organization>
                <organization refersTo="memberState">ETHIOPIA</organization>
                <organization refersTo="memberState">FIJI</organization>
                <organization refersTo="memberState">GABON</organization>
                <organization refersTo="memberState">GAMBIA</organization>
                <organization refersTo="memberState">GHANA</organization>
                <organization refersTo="memberState">GRENADA</organization>
                <organization refersTo="memberState">GUATEMALA</organization>
                <organization refersTo="memberState">GUINEA</organization>
                <organization refersTo="memberState">GUINEA-BISSAU</organization>
                <organization refersTo="memberState">GUYANA</organization>
                <organization refersTo="memberState">HAITI</organization>
                <organization refersTo="memberState">HONDURAS</organization>
                <organization refersTo="memberState">INDIA</organization>
                <organization refersTo="memberState">INDONESIA</organization>
                <organization refersTo="memberState">IRAN (ISLAMIC REPUBLIC OF)</organization>
                <organization refersTo="memberState">IRAQ</organization>
                <organization refersTo="memberState">JAMAICA</organization>
                <organization refersTo="memberState">JORDAN</organization>
                <organization refersTo="memberState">KAZAKHSTAN</organization>
                <organization refersTo="memberState">KENYA</organization>
                <organization refersTo="memberState">KIRIBATI</organization>
                <organization refersTo="memberState">KUWAIT</organization>
                <organization refersTo="memberState">KYRGYZSTAN</organization>
                <organization refersTo="memberState">LAO PEOPLE'S DEMOCRATIC REPUBLIC</organization>
                <organization refersTo="memberState">LEBANON</organization>
                <organization refersTo="memberState">LESOTHO</organization>
                <organization refersTo="memberState">LIBERIA</organization>
                <organization refersTo="memberState">LIBYA</organization>
                <organization refersTo="memberState">MADAGASCAR</organization>
                <organization refersTo="memberState">MALAWI</organization>
                <organization refersTo="memberState">MALAYSIA</organization>
                <organization refersTo="memberState">MALDIVES</organization>
                <organization refersTo="memberState">MALI</organization>
                <organization refersTo="memberState">MAURITANIA</organization>
                <organization refersTo="memberState">MAURITIUS</organization>
                <organization refersTo="memberState">MONGOLIA</organization>
                <organization refersTo="memberState">MOROCCO</organization>
                <organization refersTo="memberState">MOZAMBIQUE</organization>
                <organization refersTo="memberState">MYANMAR</organization>
                <organization refersTo="memberState">NAMIBIA</organization>
                <organization refersTo="memberState">NAURU</organization>
                <organization refersTo="memberState">NEPAL</organization>
                <organization refersTo="memberState">NICARAGUA</organization>
                <organization refersTo="memberState">NIGER</organization>
                <organization refersTo="memberState">NIGERIA</organization>
                <organization refersTo="memberState">OMAN</organization>
                <organization refersTo="memberState">PAKISTAN</organization>
                <organization refersTo="memberState">PALAU</organization>
                <organization refersTo="memberState">PANAMA</organization>
                <organization refersTo="memberState">PAPUA NEW GUINEA</organization>
                <organization refersTo="memberState">PARAGUAY</organization>
                <organization refersTo="memberState">PERU</organization>
                <organization refersTo="memberState">PHILIPPINES</organization>
                <organization refersTo="memberState">QATAR</organization>
                <organization refersTo="memberState">RUSSIAN FEDERATION</organization>
                <organization refersTo="memberState">RWANDA</organization>
                <organization refersTo="memberState">SAINT KITTS AND NEVIS</organization>
                <organization refersTo="memberState">SAINT LUCIA</organization>
                <organization refersTo="memberState">SAINT VINCENT AND THE GRENADINES</organization>
                <organization refersTo="memberState">SAMOA</organization>
                <organization refersTo="memberState">SAO TOME AND PRINCIPE</organization>
                <organization refersTo="memberState">SAUDI ARABIA</organization>
                <organization refersTo="memberState">SENEGAL</organization>
                <organization refersTo="memberState">SERBIA</organization>
                <organization refersTo="memberState">SEYCHELLES</organization>
                <organization refersTo="memberState">SIERRA LEONE</organization>
                <organization refersTo="memberState">SINGAPORE</organization>
                <organization refersTo="memberState">SOLOMON ISLANDS</organization>
                <organization refersTo="memberState">SOMALIA</organization>
                <organization refersTo="memberState">SOUTH AFRICA</organization>
                <organization refersTo="memberState">SRI LANKA</organization>
                <organization refersTo="memberState">SUDAN</organization>
                <organization refersTo="memberState">SURINAME</organization>
                <organization refersTo="memberState">SYRIAN ARAB REPUBLIC</organization>
                <organization refersTo="memberState">TAJIKISTAN</organization>
                <organization refersTo="memberState">THAILAND</organization>
                <organization refersTo="memberState">TIMOR-LESTE</organization>
                <organization refersTo="memberState">TOGO</organization>
                <organization refersTo="memberState">TONGA</organization>
                <organization refersTo="memberState">TRINIDAD AND TOBAGO</organization>
                <organization refersTo="memberState">TUNISIA</organization>
                <organization refersTo="memberState">TURKEY</organization>
                <organization refersTo="memberState">TURKMENISTAN</organization>
                <organization refersTo="memberState">TUVALU</organization>
                <organization refersTo="memberState">UGANDA</organization>
                <organization refersTo="memberState">UNITED ARAB EMIRATES</organization>
                <organization refersTo="memberState">UNITED REPUBLIC OF TANZANIA</organization>
                <organization refersTo="memberState">URUGUAY</organization>
                <organization refersTo="memberState">UZBEKISTAN</organization>
                <organization refersTo="memberState">VANUATU</organization>
                <organization refersTo="memberState">VENEZUELA (BOLIVARIAN REPUBLIC OF)</organization>
                <organization refersTo="memberState">VIET NAM</organization>
                <organization refersTo="memberState">YEMEN</organization>
                <organization refersTo="memberState">ZAMBIA</organization>
                <organization refersTo="memberState">ZIMBABWE</organization>
              </akn4un:voters>
            </count>
            <count value="23" refersTo="against">
              <akn4un:voters>
                <organization refersTo="memberState">AUSTRIA</organization>
                <organization refersTo="memberState">BELGIUM</organization>
                <organization refersTo="memberState">BULGARIA</organization>
                <organization refersTo="memberState">CZECHIA</organization>
                <organization refersTo="memberState">DENMARK</organization>
                <organization refersTo="memberState">ESTONIA</organization>
                <organization refersTo="memberState">FINLAND</organization>
                <organization refersTo="memberState">FRANCE</organization>
                <organization refersTo="memberState">GERMANY</organization>
                <organization refersTo="memberState">HUNGARY</organization>
                <organization refersTo="memberState">ISRAEL</organization>
                <organization refersTo="memberState">JAPAN</organization>
                <organization refersTo="memberState">LATVIA</organization>
                <organization refersTo="memberState">LITHUANIA</organization>
                <organization refersTo="memberState">NETHERLANDS</organization>
                <organization refersTo="memberState">POLAND</organization>
                <organization refersTo="memberState">SLOVAKIA</organization>
                <organization refersTo="memberState">SPAIN</organization>
                <organization refersTo="memberState">SWEDEN</organization>
                <organization refersTo="memberState">SWITZERLAND</organization>
                <organization refersTo="memberState">UKRAINE</organization>
                <organization refersTo="memberState">UNITED KINGDOM</organization>
                <organization refersTo="memberState">UNITED STATES</organization>
              </akn4un:voters>
            </count>
            <count value="26" refersTo="abstaining">
              <akn4un:voters>
                <organization refersTo="memberState">ANDORRA</organization>
                <organization refersTo="memberState">AUSTRALIA</organization>
                <organization refersTo="memberState">BRAZIL</organization>
                <organization refersTo="memberState">CANADA</organization>
                <organization refersTo="memberState">CROATIA</organization>
                <organization refersTo="memberState">CYPRUS</organization>
                <organization refersTo="memberState">GEORGIA</organization>
                <organization refersTo="memberState">GREECE</organization>
                <organization refersTo="memberState">ICELAND</organization>
                <organization refersTo="memberState">IRELAND</organization>
                <organization refersTo="memberState">ITALY</organization>
                <organization refersTo="memberState">LIECHTENSTEIN</organization>
                <organization refersTo="memberState">LUXEMBOURG</organization>
                <organization refersTo="memberState">MALTA</organization>
                <organization refersTo="memberState">MEXICO</organization>
                <organization refersTo="memberState">MONACO</organization>
                <organization refersTo="memberState">MONTENEGRO</organization>
                <organization refersTo="memberState">NEW ZEALAND</organization>
                <organization refersTo="memberState">NORTH MACEDONIA</organization>
                <organization refersTo="memberState">NORWAY</organization>
                <organization refersTo="memberState">PORTUGAL</organization>
                <organization refersTo="memberState">REPUBLIC OF KOREA</organization>
                <organization refersTo="memberState">REPUBLIC OF MOLDOVA</organization>
                <organization refersTo="memberState">ROMANIA</organization>
                <organization refersTo="memberState">SAN MARINO</organization>
                <organization refersTo="memberState">SLOVENIA</organization>
              </akn4un:voters>
            </count>
          </voting>
        </parliamentary>
      </analysis>
      <references source="#DGACM">
        <TLCOrganization eId="source" href="/akn/ontology/organization/un/DGACM" showAs="DGACM"></TLCOrganization>
        <TLCConcept eId="dateOfIssuance" href="/akn/ontology/concept/un/dateOfIssuance" showAs="Date of issuance"></TLCConcept>
        <TLCConcept eId="dateOfAdoption" href="/akn/ontology/concept/un/dateOfAdoption" showAs="Date of adoption"></TLCConcept>
        <TLCConcept eId="symbol" href="/akn/ontology/reference/un/symbol" showAs="Symbol"></TLCConcept>
        <TLCRole eId="publisher" href="/akn/ontology/role/un/publisher" showAs="Publisher"></TLCRole>
        <TLCRole eId="issuingBody" href="/akn/role/concept/un/issuingBody" showAs="Issuing body"></TLCRole>
        <TLCRole eId="author" href="/akn/ontology/role/un/author" showAs="Author"></TLCRole>
        <TLCRole eId="editor" href="/akn/ontology/role/un/editor" showAs="Editor"></TLCRole>
        <TLCRole eId="distribution" href="/akn/ontology/concept/un/generalDistribution" showAs="General distribution"></TLCRole>
        <TLCOrganization eId="ga" href="/akn/ontology/organization/un/generalAssembly" showAs="General Assembly"></TLCOrganization>
        <TLCTerm eId="resolutionTitle" href="/akn/ontology/reference/un/resolutionTitle" showAs="Resolution title"></TLCTerm>
        <TLCTerm eId="thirdCommittee" href="#thirdCommittee" showAs="Troisième Commission"></TLCTerm>
        <TLCTerm eId="memberState" href="/akn/ontology/organization/un/memberState" showAs="Member State"></TLCTerm>
        <TLCTerm eId="inFavour" href="/akn/ontology/concept/un/voting/inFavour" showAs="In favour"></TLCTerm>
        <TLCTerm eId="against" href="/akn/ontology/concept/un/voting/against" showAs="Against"></TLCTerm>
        <TLCTerm eId="abstaining" href="/akn/ontology/concept/un/voting/abstaining" showAs="Abstaining"></TLCTerm>
      </references>
      <presentation source="#un">
        <akn4un:footerFirstPage>
          <akn4un:footerFirstPageLeft>
            <akn4un:internalCode>
              <docketNumber refersTo="#publicationJobNumber">19-22263 (F)</docketNumber>
              <img alt="bar code" class="barCode" src=""></img>
            </akn4un:internalCode>
          </akn4un:footerFirstPageLeft>
          <akn4un:footerFirstPageRight>
            <img alt="Please recycle" class="image" src="./recylcleLogo.jpg"></img>
            <img alt="embedded QR code" class="qrCode" src=""></img>
          </akn4un:footerFirstPageRight>
        </akn4un:footerFirstPage>
      </presentation>
    </meta>
    <coverPage eId="coverPage_1">
      <p>
        <span refersTo="#publisher" class="upperLeft">
          <docAuthority refersTo="#publisher">Nations Unies</docAuthority>
        </span>
      </p>
      <p class="upperRight">
        <docNumber refersTo="#symbol">A/RES/74/152</docNumber>
      </p>
      <p class="upperLeft">
        <img src="logo-un.jpg"></img>
        <docAuthority refersTo="#issuingBody" class="rightBig">Assemblée générale</docAuthority>
      </p>
      <p>
        <docStatus refersTo="#generalDistribution" class="rightSmall">Distr. générale</docStatus>
      </p>
      <p>
        <docDate date="2020-01-16" class="rightSmall" refersTo="#dateOfIssuance">16 janvier 2020</docDate>
      </p>
      <p>
        <session refersTo="#generalAssembly" value="74" eId="coverPage_1__session_1">Soixante-quatorzième session</session>
      </p>
      <p>
        <inline name="agenda item">Point 70 b) de l’ordre du jour</inline>
      </p>
      <p>
        <inline name="agenda item name">Promotion et protection des droits de l’homme : questions relatives aux droits de l’homme, y compris les divers moyens de mieux assurer l’exercice effectif des droits de l’homme et des libertés fondamentales</inline>
      </p>
      <p>
        <docTitle>Résolution adoptée par l’Assemblée générale le 18 décembre 2019</docTitle>
      </p>
      <p xml:space="preserve">
        <docProponent refersTo="#thirdCommittee">[sur la base du rapport de la Troisième Commission (<inline name="originating document">A/74/399/Add.2</inline>)]</docProponent>
      </p>
    </coverPage>
    <preface>
      <p>
        <docNumber>74/152.</docNumber>
        <docTitle refersTo="#resolutionTitle">Le droit au développement</docTitle>
      </p>
    </preface>
    <preamble>
      <formula name="enactingFormula" eId="formula_1">
        <p xml:space="preserve">
          <span class="italic">L’Assemblée générale</span>,</p>
      </formula>
      <container name="Guidée" eId="container_2">
          <p xml:space="preserve">
            <span class="italic">Guidée</span> par la Charte des Nations Unies, où s’exprime en particulier la volonté de favoriser le progrès social et d’instaurer de meilleures conditions de vie dans une liberté plus grande et, à cette fin, de recourir aux institutions internationales pour favoriser le progrès économique et social de tous les peuples,</p>
        </container>
      <container name="Rappelant" eId="container_3">
        <p xml:space="preserve">
          <span class="italic">Rappelant</span> la Déclaration universelle des droits de l’homme<authorialNote marker="1" placement="bottom" eId="authorialNote_1"><p xml:space="preserve">		Résolution <a href="https://undocs.org/fr/A/RES/217 (III)">217 A (III)</a>.</p></authorialNote>, ainsi que le Pacte international relatif aux droits économiques, sociaux et culturels<authorialNote marker="2" placement="bottom" eId="authorialNote_2"><p xml:space="preserve">		Voir résolution <a href="https://undocs.org/fr/A/RES/2200 (XXI)">2200 A (XXI</a>), annexe.</p></authorialNote> et le Pacte international relatif aux droits civils et politiques<sup>2</sup>,</p>
      </container>
      <container name="Rappelant également" eId="container_4">
        <p xml:space="preserve">
          <span class="italic">Rappelant également</span> les textes issus de toutes les grandes conférences et réunions au sommet organisées sous l’égide de l’Organisation des Nations Unies dans les domaines économique et social,</p>
      </container>
      <container name="Rappelant en outre" eId="container_5">
        <p xml:space="preserve">
          <span class="italic">Rappelant en outre</span> la Déclaration sur le droit au développement, qu’elle a adoptée par sa résolution <a href="https://undocs.org/fr/A/RES/41/128">41/128</a> du 4 décembre 1986, où il est réaffirmé que le droit au développement est un droit de l’homme inaliénable et que l’égalité des chances en matière de développement est une prérogative aussi bien des nations que des individus qui les composent, et que l’être humain est le sujet central du développement et son principal bénéficiaire,</p>
      </container>
      <container name="Insistant" eId="container_6">
        <p xml:space="preserve">
          <span class="italic">Insistant</span> sur l’urgence de faire du droit au développement une réalité pour tous,</p>
      </container>
      <container name="Soulignant" eId="container_7">
        <p xml:space="preserve">
          <span class="italic">Soulignant</span> l’importance que revêt la Conférence mondiale sur les droits de l’homme, tenue à Vienne en 1993, et le fait qu’il est réaffirmé, dans la Déclaration et le Programme d’action de Vienne<authorialNote marker="3" placement="bottom" eId="authorialNote_3"><p xml:space="preserve"><a href="https://undocs.org/fr/A/CONF.157/24 (Part I)">A/CONF.157/24 (Part I)</a>, chap. III.</p></authorialNote>, que le droit au développement est un droit universel et inaliénable qui fait partie intégrante des droits fondamentaux de la personne humaine, laquelle est le sujet central du développement et son principal bénéficiaire,</p>
      </container>
      <container name="Réaffirmant" eId="container_8">
        <p xml:space="preserve">
          <span class="italic">Réaffirmant</span> l’objectif qu’elle s’est donné dans la Déclaration du Millénaire, adoptée le 8 septembre 2000<authorialNote marker="4" placement="bottom" eId="authorialNote_4"><p xml:space="preserve">		Résolution <a href="https://undocs.org/fr/A/RES/55/2">55/2</a>.</p></authorialNote>, de faire du droit au développement une réalité pour tous,</p>
      </container>
      <container name="Consciente" eId="container_9">
        <p xml:space="preserve">
          <span class="italic">Consciente</span> de l’importance que revêt l’adoption du Programme de développement durable à l’horizon 2030<authorialNote marker="5" placement="bottom" eId="authorialNote_5"><p xml:space="preserve">		Résolution <a href="https://undocs.org/fr/A/RES/70/1">70/1</a>.</p></authorialNote>, réaffirmant que la Déclaration sur le droit au développement a guidé, avec d’autres instruments internationaux, l’élaboration du Programme, et soulignant que les objectifs de développement durable ne pourront être atteints sans un engagement véritable et fiable de l’ensemble des parties prenantes quant aux moyens de leur mise en œuvre,</p>
      </container>
      <container name="&#x9;Prenant note" eId="container_10">
        <p xml:space="preserve">
          <span class="italic">	Prenant note</span> du succès de la Conférence des Nations Unies sur le logement et le développement urbain durable (Habitat III), tenue à Quito du 17 au 20 octobre 2016, à l’issue de laquelle il a été constaté que le Nouveau Programme pour les villes<authorialNote marker="6" placement="bottom" eId="authorialNote_6"><p xml:space="preserve">		Résolution <a href="https://undocs.org/fr/A/RES/71/256">71/256</a>, annexe.</p></authorialNote> se fonde sur la Déclaration universelle des droits de l’homme, les instruments internationaux relatifs aux droits de l’homme, la Déclaration du Millénaire et le Document final du Sommet mondial de 2005<authorialNote marker="7" placement="bottom" eId="authorialNote_7"><p xml:space="preserve">		Résolution <a href="https://undocs.org/fr/A/RES/60/1">60/1</a>.</p></authorialNote>, et qu’il s’inspire d’autres instruments tels que la Déclaration sur le droit au développement,</p>
      </container>
      <container name="Rappelant" eId="container_11">
        <p xml:space="preserve">
          <span class="italic">Rappelant</span> le document final de la Conférence des Nations Unies sur le développement durable, intitulé « L’avenir que nous voulons »<authorialNote marker="8" placement="bottom" eId="authorialNote_8"><p xml:space="preserve">		Résolution <a href="https://undocs.org/fr/A/RES/66/288">66/288</a>, annexe.</p></authorialNote>,</p>
      </container>
      <container name="Réaffirmant" eId="container_12">
        <p xml:space="preserve">
          <span class="italic">Réaffirmant</span> que tous les droits civils, culturels, économiques, politiques et sociaux, y compris le droit au développement, sont universels, indivisibles, intimement liés et interdépendants et se renforcent mutuellement,</p>
      </container>
      <container name="Rappelant" eId="container_13">
        <p xml:space="preserve">
          <span class="italic">Rappelant</span> sa réunion plénière de haut niveau, dite Conférence mondiale sur les peuples autochtones et le document final adopté à l’issue de cette réunion<authorialNote marker="9" placement="bottom" eId="authorialNote_9"><p xml:space="preserve">		Résolution <a href="https://undocs.org/fr/A/RES/69/2">69/2</a>.</p></authorialNote>,</p>
      </container>
      <container name="Notant avec une profonde préoccupation" eId="container_14">
        <p xml:space="preserve">
          <span class="italic">Notant avec une profonde préoccupation</span> que la majorité des peuples autochtones de la planète vit dans la pauvreté et considérant qu’il importe au plus haut point de s’attaquer aux effets néfastes de la pauvreté et des inégalités sur ces peuples en veillant à ce qu’ils participent de manière pleine et effective aux programmes de développement et d’élimination de la pauvreté,</p>
      </container>
      <container name="Réaffirmant " eId="container_15">
        <p xml:space="preserve">
          <span class="italic">Réaffirmant </span>que la démocratie, le développement et le respect des droits de la personne et des libertés fondamentales sont interdépendants et se renforcent mutuellement et que la démocratie est fondée sur la volonté librement exprimée du peuple, lequel détermine le système politique, économique, social et culturel qui sera le sien, et sur sa pleine participation à tous les aspects de son existence et, dans ce contexte, notant que la promotion et la protection des droits de la personne et des libertés fondamentales aux niveaux national et international doivent être universelles et s’exercer sans être assorties d’aucune condition et que la communauté internationale doit favoriser le renforcement et la promotion de la démocratie, du développement et du respect des droits de la personne et des libertés fondamentales dans le monde entier,</p>
      </container>
      <container name="Considérant" eId="container_16">
        <p xml:space="preserve">
          <span class="italic">Considérant</span> que les inégalités, au niveau national et d’un pays à l’autre, sont un obstacle majeur à la réalisation du droit au développement,</p>
      </container>
      <container name="Prenant note" eId="container_17">
        <p xml:space="preserve">
          <span class="italic">Prenant note</span> de l’engagement déclaré d’un certain nombre d’institutions spécialisées, de fonds et de programmes des Nations Unies et d’autres organisations internationales de faire du droit au développement une réalité pour tous et encourageant à cet égard tous les organes concernés du système des Nations Unies et d’autres organisations internationales à intégrer systématiquement le droit au développement dans leurs objectifs, politiques, programmes et activités opérationnelles, ainsi que dans les mécanismes de développement ou liés au développement, notamment le suivi de la quatrième Conférence des Nations Unies sur les pays les moins avancés,</p>
      </container>
      <container name="&#x9;Rappelant" eId="container_18">
        <p xml:space="preserve">
          <span class="italic">	Rappelant</span> les textes issus de la dixième Conférence ministérielle de l’Organisation mondiale du commerce, tenue à Nairobi du 15 au 19 décembre 2015,</p>
      </container>
      <container name="Lançant un appel" eId="container_19">
          <p xml:space="preserve">
            <span class="italic">Lançant un appel</span> pour que les négociations commerciales de l’Organisation mondiale du commerce, et en particulier celles portant sur les questions pendantes du Cycle de Doha, s’achèvent et aboutissent à un accord axé sur le développement, contribuant ainsi à créer sur le plan international des conditions qui permettent la pleine réalisation du droit au développement,</p>
        </container>
      <container name="Rappelant" eId="container_20">
        <p xml:space="preserve">
          <span class="italic">Rappelant</span> les textes issus de la quatorzième session de la Conférence des Nations Unies sur le commerce et le développement, tenue à Nairobi du 17 au 22 juillet 2016 sur le thème « Des décisions aux actions : vers un environnement économique mondial équitable et solidaire au service du commerce et du développement »<authorialNote marker="10" placement="bottom" eId="authorialNote_10"><p xml:space="preserve">		Voir <a href="https://undocs.org/fr/TD/519">TD/519</a>, <a href="https://undocs.org/fr/TD/519/Add.1">TD/519/Add.1</a> et <a href="https://undocs.org/fr/TD/519/Add.2">TD/519/Add.2</a>.</p></authorialNote>,</p>
      </container>
      <container name="Rappelant également" eId="container_21">
        <p xml:space="preserve">
          <span class="italic">Rappelant également</span> toutes ses résolutions antérieures sur la question, la dernière en date étant la résolution <a href="https://undocs.org/fr/A/RES/73/166">73/166</a> du 17 décembre 2018, ainsi que les résolutions du Conseil des droits de l’homme et celles de la Commission des droits de l’homme relatives au droit au développement, en particulier la résolution 1998/72 de la Commission, en date du 22 avril 1998<authorialNote marker="11" placement="bottom" eId="authorialNote_11"><p xml:space="preserve">		Voir <span class="italic">Documents officiels du Conseil économique et social, 1998, Supplément n</span><span class="italic"><sup>o</sup></span><span class="italic"> 3 </span>(<a href="https://undocs.org/fr/E/1998/23">E/1998/23</a>), chap. II, sect. A.</p></authorialNote>, concernant la nécessité pressante de faire de nouveaux progrès vers la concrétisation du droit au développement,</p>
      </container>
      <container name="Rappelant en outre" eId="container_22">
        <p xml:space="preserve">
          <span class="italic">Rappelant en outre</span> la résolution <a href="https://undocs.org/fr/A/HRC/RES/35/21">35/21</a> du Conseil des droits de l’homme, en date du 22 juin 2017, sur la contribution du développement à la jouissance de tous les droits de l’homme<authorialNote marker="12" placement="bottom" eId="authorialNote_12"><p xml:space="preserve">		Voir <span class="italic">Documents officiels de l’Assemblée générale, soixante-douzième session, Supplément n</span><span class="italic"><sup>o</sup></span><span class="italic"> 53</span> (<a href="https://undocs.org/fr/A/72/53">A/72/53</a>), chap. V, sect. A.</p></authorialNote>,</p>
      </container>
      <container name="Rappelant" eId="container_23">
        <p xml:space="preserve">
          <span class="italic">Rappelant</span> la tenue de la dix-huitième Conférence des chefs d’État et de gouvernement des pays non alignés à Bakou les 25 et 26 octobre 2019 et des précédentes réunions au sommet et conférences à l’occasion desquelles les États membres du Mouvement des pays non alignés ont souligné qu’il fallait assurer la concrétisation du droit au développement à titre prioritaire, notamment en promouvant l’élaboration, par les mécanismes compétents, d’une convention sur le droit au développement tenant compte des recommandations issues des initiatives menées dans ce domaine,</p>
      </container>
      <container name="Réaffirmant son appui indéfectible" eId="container_24">
        <p xml:space="preserve">
          <span class="italic">Réaffirmant son appui indéfectible</span> au Nouveau Partenariat pour le développement de l’Afrique<authorialNote marker="13" placement="bottom" eId="authorialNote_13"><p xml:space="preserve"><a href="https://undocs.org/fr/A/57/304">A/57/304</a>, annexe.</p></authorialNote>, qui constitue un cadre de développement pour l’Afrique,</p>
      </container>
      <container name="Profondément préoccupée" eId="container_25">
        <p xml:space="preserve">
          <span class="italic">Profondément préoccupée</span> par les effets néfastes des crises économique et financière mondiales sur l’exercice du droit au développement,</p>
      </container>
      <container name="Considérant" eId="container_26">
        <p xml:space="preserve">
          <span class="italic">Considérant</span> que, si le développement favorise la jouissance de tous les droits de la personne, l’insuffisance de développement ne peut être invoquée pour justifier une limitation des droits de l’homme internationalement reconnus,</p>
      </container>
      <container name="Considérant également" eId="container_27">
        <p xml:space="preserve">
          <span class="italic">Considérant également</span> que les États Membres doivent coopérer pour assurer le développement et éliminer les obstacles qui s’y opposent, que la communauté internationale doit promouvoir une coopération internationale, notamment en vue de revitaliser un partenariat mondial pour le développement, permettant effectivement d’exercer le droit au développement et d’éliminer les obstacles, et que des progrès durables dans ce sens exigent des politiques de développement efficaces à l’échelon national, des relations économiques équitables et un environnement économique favorable à l’échelon international,</p>
      </container>
      <container name="Considérant en outre" eId="container_28">
        <p xml:space="preserve">
          <span class="italic">Considérant en outre</span> que la pauvreté est une atteinte à la dignité humaine,</p>
      </container>
      <container name="Considérant" eId="container_29">
        <p xml:space="preserve">
          <span class="italic">Considérant</span> que l’extrême pauvreté et la faim font partie des plus grands périls qui menacent le monde et que leur élimination exige un engagement collectif de la part de la communauté internationale, conformément à l’objectif du Millénaire pour le développement n<sup>o</sup> 1 et aux objectifs de développement durable n<sup>os</sup> 1 et 2, et invitant par conséquent la communauté internationale, notamment le Conseil des droits de l’homme, à contribuer à la réalisation de cet objectif,</p>
      </container>
      <container name="Considérant également" eId="container_30">
        <p xml:space="preserve">
          <span class="italic">Considérant également</span> que des injustices historiques, notamment, ont contribué à la pauvreté, au sous-développement, à la marginalisation, à l’exclusion sociale, aux disparités économiques, à l’instabilité et à l’insécurité dont beaucoup souffrent dans différentes régions du monde, en particulier dans les pays en développement,</p>
      </container>
      <container name="Considérant en outre" eId="container_31">
        <p xml:space="preserve">
          <span class="italic">Considérant en outre</span> que l’élimination de la pauvreté sous toutes ses formes et dans toutes ses dimensions, y compris l’extrême pauvreté, est un élément déterminant de la promotion et de la concrétisation du droit au développement, le principal obstacle auquel la communauté internationale fait face et le préalable au développement durable, et nécessite l’adoption d’une démarche multidimensionnelle et intégrée visant à concrétiser le développement durable dans ses trois dimensions – économique, sociale et environnementale – de manière équilibrée et globale,</p>
      </container>
      <container name="Insistant" eId="container_32">
        <p xml:space="preserve">
          <span class="italic">Insistant</span> sur le fait que tous les droits de la personne et toutes les libertés fondamentales, y compris le droit au développement, sont universels, indivisibles, interdépendants et intimement liés,</p>
      </container>
      <container name="Insistant également" eId="container_33">
        <p xml:space="preserve">
          <span class="italic">Insistant également</span> sur le fait que le droit au développement est un élément essentiel sans lequel le Programme de développement durable à l’horizon 2030 ne peut véritablement porter ses fruits et qu’il devrait être au cœur de l’exécution du Programme,</p>
      </container>
      <container name="Encourageant" eId="container_34">
        <p xml:space="preserve">
          <span class="italic">Encourageant</span> les organes compétents du système des Nations Unies, notamment les institutions spécialisées, les fonds et les programmes, les organisations internationales compétentes, y compris l’Organisation mondiale du commerce, et les parties concernées, notamment les organisations de la société civile, à tenir dûment compte, dans le cadre de leur mandat, du droit au développement lors de la mise en œuvre du Programme de développement durable à l’horizon 2030, et à coopérer avec la Haute-Commissaire des Nations Unies aux droits de l’homme dans l’exécution de son mandat aux fins de la réalisation du droit au développement,</p>
      </container>
    </preamble>
    <mainBody>
      <paragraph eId="para_35" class="SingleTxt">
        <num>	1.</num>
        <content eId="para_35__content">
          <p xml:space="preserve">
            <span class="italic">Prend acte</span> du rapport conjoint du Secrétaire général et de la Haute-Commissaire des Nations Unies aux droits de l’homme portant sur la promotion et la concrétisation du droit au développement<authorialNote marker="14" placement="bottom" eId="authorialNote_14"><p xml:space="preserve"><a href="https://undocs.org/fr/A/HRC/42/29">A/HRC/42/29</a>.</p></authorialNote> ;</p>
        </content>
      </paragraph>
      <paragraph eId="para_36" class="SingleTxt">
        <num>	2.</num>
        <content eId="para_36__content">
          <p xml:space="preserve">
            <span class="italic">Considère</span> qu’il faut œuvrer à faire mieux accepter et appliquer le droit au développement et à en améliorer la concrétisation au niveau international, tout en priant instamment l’ensemble des États de formuler les politiques nécessaires à l’échelle nationale et de mettre en place les mesures requises aux fins de l’exercice du droit au développement en tant que partie intégrante des droits de l’homme et des libertés fondamentales ;</p>
        </content>
      </paragraph>
      <paragraph eId="para_37" class="SingleTxt">
        <num>	3.</num>
        <content eId="para_37__content">
          <p xml:space="preserve">
            <span class="italic">Insiste</span> sur les dispositions de sa résolution <a href="https://undocs.org/fr/A/RES/60/251">60/251</a> du 15 mars 2006, portant création du Conseil des droits de l’homme, demande au Conseil d’appliquer la décision qui lui prescrit de continuer d’adopter un programme de travail promouvant le développement durable, y compris la réalisation du Programme de développement durable à l’horizon 2030<sup>5</sup>, qui s’inscrit dans le prolongement des objectifs du Millénaire pour le développement et vise à achever ce qui n’a pas pu l’être dans le cadre de ces derniers, et le prie de diriger les efforts visant à placer le droit au développement au même rang que tous les autres droits de l’homme et libertés fondamentales, comme prévu aux paragraphes 5 et 10 de la Déclaration et du Programme d’action de Vienne<sup>3</sup> ;</p>
        </content>
      </paragraph>
      <paragraph eId="para_38" class="SingleTxt">
        <num>	4.</num>
        <content eId="para_38__content">
          <p xml:space="preserve">
            <span class="italic">	Appuie</span> l’exécution du mandat du Groupe de travail sur le droit au développement<authorialNote marker="15" placement="bottom" eId="authorialNote_15"><p xml:space="preserve">		Voir <span class="italic">Documents officiels de l’Assemblée générale, soixante-troisième session, Supplément n</span><span class="italic"><sup>o</sup></span><span class="italic"> 53A</span> (<a href="https://undocs.org/fr/A/63/53/Add.1">A/63/53/Add.1</a>), chap. I.</p></authorialNote> et estime qu’il faut redoubler d’efforts pour aider le Groupe à sortir de l’impasse politique dans laquelle il se trouve et à s’acquitter dans les plus brefs délais de la mission que la Commission des droits de l’homme et le Conseil des droits de l’homme lui ont confiée, la première par sa résolution 1998/72<sup>11</sup> et le second par sa résolution 4/4 du 30 mars 2007<authorialNote marker="16" placement="bottom" eId="authorialNote_16"><p xml:space="preserve">		Ibid., <span class="italic">soixante-deuxième session, Supplément n</span><span class="italic"><sup>o</sup></span><span class="italic"> 53</span> (<a href="https://undocs.org/fr/A/62/53">A/62/53</a>), chap. III, sect. A.</p></authorialNote> ;</p>
        </content>
      </paragraph>
      <paragraph eId="para_39" class="SingleTxt">
        <num>	5.</num>
        <content eId="para_39__content">
          <p xml:space="preserve">
            <span class="italic">Souligne</span> l’importance des principes fondamentaux énoncés dans les conclusions formulées par le Groupe de travail à l’issue de sa troisième session<authorialNote marker="17" placement="bottom" eId="authorialNote_17"><p xml:space="preserve">		Voir <a href="https://undocs.org/fr/E/CN.4/2002/28/Rev.1">E/CN.4/2002/28/Rev.1</a>, sect. VIII.A.</p></authorialNote>, principes qui sont conformes à la finalité des instruments internationaux relatifs aux droits de l’homme, notamment l’égalité, la non-discrimination, la responsabilité, la participation et la coopération internationale, et indispensables à l’institutionnalisation du droit au développement aux niveaux national et international, et souligne l’importance des principes d’équité et de transparence ;</p>
        </content>
      </paragraph>
      <paragraph eId="para_40" class="SingleTxt">
        <num>	6.</num>
        <content eId="para_40__content">
          <p xml:space="preserve">
            <span class="italic">Prend note avec satisfaction </span>du rapport du Président-Rapporteur du Groupe de travail au sujet des travaux de la vingtième session du Groupe<authorialNote marker="18" placement="bottom" eId="authorialNote_18"><p xml:space="preserve"><a href="https://undocs.org/fr/A/HRC/42/35">A/HRC/42/35</a> et <a href="https://undocs.org/fr/A/HRC/42/35/Corr.1">A/HRC/42/35/Corr.1</a>.</p></authorialNote> ;</p>
        </content>
      </paragraph>
      <paragraph eId="para_41" class="SingleTxt">
        <num>	7.</num>
        <content eId="para_41__content">
          <p xml:space="preserve">
            <span class="italic">Prend note</span> de la présentation au Groupe de travail, à sa dix-neuvième session, de la série de normes relatives à la mise en œuvre du droit au développement élaborée par le Président-Rapporteur<authorialNote marker="19" placement="bottom" eId="authorialNote_19"><p xml:space="preserve"><a href="https://undocs.org/fr/A/HRC/WG.2/17/2">A/HRC/WG.2/17/2</a>.</p></authorialNote>, qui constitue une base utile à la poursuite des délibérations sur la mise en œuvre et l’exercice du droit au développement ;</p>
        </content>
      </paragraph>
      <paragraph eId="para_42" class="SingleTxt">
        <num>	8.</num>
        <content eId="para_42__content">
          <p xml:space="preserve">
            <span class="italic">Demande </span>aux États Membres de contribuer aux travaux du Groupe de travail sur le droit au développement, notamment à l’élaboration d’un projet d’instrument juridiquement contraignant sur le droit au développement qui se fonde sur le projet établi par le Président-Rapporteur, selon la décision prise par le Conseil des droits de l’homme dans sa résolution <a href="https://undocs.org/fr/A/HRC/RES/42/23">42/23</a> du 27 septembre 2019<authorialNote marker="20" placement="bottom" eId="authorialNote_20"><p xml:space="preserve">		Voir <span class="italic">Documents officiels de l’Assemblée générale, soixante-quatrième session, Supplément n</span><span class="italic"><sup>o</sup></span><span class="italic"> 53A</span> (<a href="https://undocs.org/fr/A/74/53/Add.1">A/74/53/Add.1</a>), chap. III.</p></authorialNote> ;</p>
        </content>
      </paragraph>
      <paragraph eId="para_43" class="SingleTxt">
        <num>	9.</num>
        <content eId="para_43__content">
          <p xml:space="preserve">
            <span class="italic">Souligne </span>combien il importe que, dans l’accomplissement de leur mandat, le Président-Rapporteur et le Groupe de travail tiennent compte de la nécessité :</p>
        </content>
      </paragraph>
      <paragraph eId="para_44" class="SingleTxt">
        <content eId="para_44__content">
          <p xml:space="preserve">	a)	de promouvoir la démocratisation du système de gouvernance internationale en vue d’accroître la participation effective des pays en développement à la prise de décisions à l’échelon international ;</p>
        </content>
      </paragraph>
      <paragraph eId="para_45" class="SingleTxt">
        <content eId="para_45__content">
          <p xml:space="preserve">	b)	de promouvoir des partenariats efficaces, comme le Nouveau Partenariat pour le développement de l’Afrique<sup>13</sup> et les initiatives comparables menées avec les pays en développement, en particulier les pays les moins avancés, en vue d’aider ces pays à concrétiser leur droit au développement et notamment à atteindre les objectifs de développement durable ;</p>
        </content>
      </paragraph>
      <paragraph eId="para_46" class="SingleTxt">
        <content eId="para_46__content">
          <p xml:space="preserve">	c)	d’œuvrer à favoriser la reconnaissance, la concrétisation et l’exercice du droit au développement au niveau international, tout en exhortant tous les États à élaborer les politiques nécessaires et à prendre les mesures requises à l’échelon national pour assurer l’exercice de ce droit en tant que partie intégrante des droits de la personne et des libertés fondamentales, et en les exhortant également à élargir et à approfondir une coopération mutuellement avantageuse pour stimuler le développement et lever les obstacles qui l’entravent, dans le cadre de la promotion d’une coopération internationale contribuant véritablement à l’exercice du droit au développement, sans perdre de vue que des progrès durables dans ce sens exigent des politiques de développement efficaces à l’échelon national et un environnement économique favorable au niveau international ;</p>
        </content>
      </paragraph>
      <paragraph eId="para_47" class="SingleTxt">
        <content eId="para_47__content">
          <p xml:space="preserve">	d)	d’examiner les moyens de continuer à assurer la concrétisation du droit au développement à titre prioritaire ;</p>
        </content>
      </paragraph>
      <paragraph eId="para_48" class="SingleTxt">
        <content eId="para_48__content">
          <p xml:space="preserve">	e)	de veiller à ce que le droit au développement fasse partie intégrante des politiques et des activités opérationnelles des institutions spécialisées, fonds et programmes des Nations Unies, ainsi que des politiques et des stratégies du système financier international et du système commercial multilatéral, sachant que le respect des principes fondamentaux des secteurs économique, commercial et financier internationaux, tels que l’équité, la non-discrimination, la transparence, la responsabilité, la participation et la coopération internationale, notamment la constitution de partenariats pour le développement, est indispensable à la concrétisation du droit au développement et à la prévention de la discrimination fondée sur des motifs politiques ou d’autres considérations non économiques entrant en jeu lors de l’examen des questions concernant les pays en développement ;</p>
        </content>
      </paragraph>
      <paragraph eId="para_49" class="SingleTxt">
        <num>	10.</num>
        <content eId="para_49__content">
          <p xml:space="preserve">
            <span class="italic">Encourage</span> le Conseil des droits de l’homme à continuer d’examiner les moyens de donner suite aux travaux que l’ancienne Sous-Commission de la promotion et de la protection des droits de l’homme a consacrés au droit au développement, conformément aux dispositions applicables de ses propres résolutions et de celles de la Commission des droits de l’homme et en application des décisions que lui-même prendra ;</p>
        </content>
      </paragraph>
      <paragraph eId="para_50" class="SingleTxt">
        <num>	11.</num>
        <content eId="para_50__content">
          <p xml:space="preserve">
            <span class="italic">Prend note avec satisfaction</span> de la décision prise par le Conseil des droits de l’homme dans sa résolution <a href="https://undocs.org/fr/A/HRC/RES/42/23">42/23</a> de créer un mécanisme d’experts subsidiaire qui le dotera d’une compétence thématique en matière de droit au développement en vue de rechercher, de recenser et de mettre en commun les meilleures pratiques avec les États Membres et de promouvoir la mise en œuvre du droit au développement dans le monde entier ;</p>
        </content>
      </paragraph>
      <paragraph eId="para_51" class="SingleTxt">
        <num>	12.</num>
        <content eId="para_51__content">
          <p xml:space="preserve">
            <span class="italic">Accueille avec satisfaction</span> le rapport du Rapporteur spécial du Conseil des droits de l’homme sur le droit au développement<authorialNote marker="21" placement="bottom" eId="authorialNote_21"><p xml:space="preserve"><a href="https://undocs.org/fr/A/74/163">A/74/163</a>.</p></authorialNote>, dans lequel il étudie le lien indiscutable qui existe entre le droit au développement et la réduction des risques de catastrophe et ce que cela implique d’un point de vue pratique ;</p>
        </content>
      </paragraph>
      <paragraph eId="para_52" class="SingleTxt">
        <num>	13.</num>
        <content eId="para_52__content">
          <p xml:space="preserve">
            <span class="italic">Souligne</span> que la coopération Sud-Sud ne se substitue pas à la coopération Nord-Sud, mais vient la compléter et ne doit donc pas aboutir à une diminution de la coopération Nord-Sud ni entraver l’exécution des engagements pris au titre de l’aide publique au développement, et engage les États Membres et les différentes parties prenantes à articuler la conception, le financement et la mise en œuvre des mécanismes de coopération autour du droit au développement ;</p>
        </content>
      </paragraph>
      <paragraph eId="para_53" class="SingleTxt">
        <num>	14.</num>
        <content eId="para_53__content">
          <p xml:space="preserve">
            <span class="italic">Demande instamment</span> aux États Membres, au Haut-Commissariat des Nations Unies aux droits de l’homme et aux autres institutions spécialisées, fonds et programmes des Nations Unies concernés de fournir au Rapporteur spécial sur le droit au développement toute l’aide et tout l’appui dont il aura besoin pour s’acquitter de son mandat ;</p>
        </content>
      </paragraph>
      <paragraph eId="para_54" class="SingleTxt">
        <num>	15.</num>
        <content eId="para_54__content">
          <p xml:space="preserve">
            <span class="italic">Réaffirme</span> l’engagement pris pour ce qui est d’atteindre les buts et objectifs fixés dans tous les textes issus des grandes conférences et réunions au sommet organisées sous l’égide de l’Organisation des Nations Unies ou émanant des processus d’examen qui y sont consacrés, en particulier ceux qui ont trait à l’exercice du droit au développement, consciente que l’exercice de ce droit revêt une importance cruciale eu égard aux buts, cibles et objectifs fixés dans lesdits textes ;</p>
        </content>
      </paragraph>
      <paragraph eId="para_55" class="SingleTxt">
        <num>	16.</num>
        <content eId="para_55__content">
          <p xml:space="preserve">
            <span class="italic">Réaffirme</span> que l’exercice du droit au développement est essentiel à la mise en œuvre de la Déclaration et du Programme d’action de Vienne, qui disposent que tous les droits de l’homme sont universels, indivisibles, interdépendants et intimement liés, que la personne humaine est le sujet central du développement et que, si le développement favorise la jouissance de tous les droits de l’homme, l’insuffisance de développement ne peut être invoquée pour justifier une limitation des droits de l’homme internationalement reconnus ;</p>
        </content>
      </paragraph>
      <paragraph eId="para_56" class="SingleTxt">
        <num>	17.</num>
        <content eId="para_56__content">
          <p xml:space="preserve">
            <span class="italic">Réaffirme également</span> que le développement contribue dans une large mesure à la jouissance par tous de tous les droits de l’homme et demande à tous les pays de promouvoir le développement axé sur l’être humain, du peuple, par le peuple et pour le peuple ;</p>
        </content>
      </paragraph>
      <paragraph eId="para_57" class="SingleTxt">
        <num>	18.</num>
        <content eId="para_57__content">
          <p xml:space="preserve">
            <span class="italic">Demande </span>à tous les États de ne ménager aucun effort pour soutenir le droit au développement, en particulier dans le cadre de la mise en œuvre du Programme de développement durable à l’horizon 2030, en ce qu’il favorise la jouissance universelle des droits de l’homme ;</p>
        </content>
      </paragraph>
      <paragraph eId="para_58" class="SingleTxt">
        <num>	19.</num>
        <content eId="para_58__content">
          <p xml:space="preserve">
            <span class="italic">Souligne</span> que la responsabilité première de la promotion et de la protection de tous les droits de la personne incombe à l’État et réaffirme que les États sont responsables au premier chef de leur propre développement économique et social et que l’on ne saurait trop insister sur l’importance des politiques et des stratégies nationales de développement ;</p>
        </content>
      </paragraph>
      <paragraph eId="para_59" class="SingleTxt">
        <num>	20.</num>
        <content eId="para_59__content">
          <p xml:space="preserve">
            <span class="italic">Réaffirme</span> que c’est d’abord aux États qu’il incombe de créer, aux plans national et international, des conditions favorables à l’exercice du droit au développement et rappelle que les États ont pris l’engagement de coopérer les uns avec les autres à cette fin ;</p>
        </content>
      </paragraph>
      <paragraph eId="para_60" class="SingleTxt">
        <num>	21.</num>
        <content eId="para_60__content">
          <p xml:space="preserve">
            <span class="italic">Se déclare préoccupée</span> par l’augmentation du nombre de violations des droits de la personne et d’atteintes à ces droits commises par des sociétés transnationales et d’autres entreprises, insiste sur la nécessité de fournir aux victimes la protection, l’accès à la justice et les recours voulus et souligne que ces entités doivent contribuer à mettre en place les moyens nécessaires pour assurer l’exercice du droit au développement ;</p>
        </content>
      </paragraph>
      <paragraph eId="para_61" class="SingleTxt">
        <num>	22.</num>
        <content eId="para_61__content">
          <p xml:space="preserve">
            <span class="italic">Réaffirme</span> la nécessité de créer un environnement international propice à l’exercice du droit au développement ;</p>
        </content>
      </paragraph>
      <paragraph eId="para_62" class="SingleTxt">
        <num>	23.</num>
        <content eId="para_62__content">
          <p xml:space="preserve">
            <span class="italic">Souligne </span>qu’il importe au plus haut point de mettre en évidence et d’analyser les obstacles au plein exercice du droit au développement, aussi bien au niveau national qu’au niveau international ;</p>
        </content>
      </paragraph>
      <paragraph eId="para_63" class="SingleTxt">
        <num>	24.</num>
        <content eId="para_63__content">
          <p xml:space="preserve">
            <span class="italic">Réaffirme</span> que si la mondialisation est source à la fois de possibilités et de défis, c’est aussi un processus qui laisse à désirer pour ce qui est d’atteindre l’objectif d’intégration de tous les pays dans un monde globalisé, souligne qu’il est nécessaire d’adopter, aux niveaux national et mondial, des politiques et des mesures à la hauteur des défis de la mondialisation et des possibilités qu’elle offre si l’on veut que ce processus profite à tous et soit équitable, et est consciente que la mondialisation crée des disparités dans et entre les pays et que des questions comme le commerce, la libéralisation des échanges, le transfert de technologies, le développement des infrastructures et l’accès au marché doivent être traitées efficacement si l’on veut pouvoir lutter contre la pauvreté et le sous-développement et faire du droit au développement une réalité pour tous ;</p>
        </content>
      </paragraph>
      <paragraph eId="para_64" class="SingleTxt">
        <num>	25.</num>
        <content eId="para_64__content">
          <p xml:space="preserve">
            <span class="italic">Constate</span> que, malgré les efforts assidus de la communauté internationale, l’écart entre pays développés et pays en développement demeure d’une ampleur inacceptable, qu’il reste difficile pour la plupart des pays en développement de participer à la mondialisation et que nombre d’entre eux risquent d’être marginalisés et privés de ses avantages ;</p>
        </content>
      </paragraph>
      <paragraph eId="para_65" class="SingleTxt">
        <num>	26.</num>
        <content eId="para_65__content">
          <p xml:space="preserve">
            <span class="italic">Se déclare profondément préoccupée</span>, dans ce contexte, par les conséquences pour l’exercice du droit au développement de l’aggravation de la situation économique et sociale, en particulier dans les pays en développement, du fait des conséquences des crises énergétique, alimentaire et financière internationales, ainsi que par les difficultés croissantes liées aux changements climatiques à l’échelle de la planète et à l’appauvrissement de la diversité biologique, qui ont aggravé les vulnérabilités et les inégalités et mis en péril les acquis en matière de développement, notamment dans les pays en développement ;</p>
        </content>
      </paragraph>
      <paragraph eId="para_66" class="SingleTxt">
        <num>	27.</num>
        <content eId="para_66__content">
          <p xml:space="preserve">
            <span class="italic">Encourage</span> les États Membres à accorder une attention particulière au droit au développement dans le cadre de l’exécution du Programme de développement durable à l’horizon 2030 et souligne que ce programme favorise le respect de tous les droits de la personne, notamment du droit au développement ;</p>
        </content>
      </paragraph>
      <paragraph eId="para_67" class="SingleTxt">
        <num>	28.</num>
        <content eId="para_67__content">
          <p xml:space="preserve">
            <span class="italic">Rappelle</span> l’engagement qui a été pris, dans la Déclaration du Millénaire<sup>4</sup>, de réduire de moitié, à l’horizon 2015, le nombre de personnes vivant dans la pauvreté, constate avec préoccupation que certains pays en développement n’ont pas atteint les objectifs du Millénaire pour le développement et, à cet égard, engage les États Membres et la communauté internationale à prendre des mesures énergiques visant à créer un environnement propice à l’exécution du Programme de développement durable à l’horizon 2030, et en particulier à renforcer la coopération internationale, y compris les partenariats et les autres engagements conclus entre les pays développés et les pays en développement en vue d’atteindre les objectifs de développement durable ;</p>
        </content>
      </paragraph>
      <paragraph eId="para_68" class="SingleTxt">
        <num>	29.</num>
        <content eId="para_68__content">
          <p xml:space="preserve">
            <span class="italic">Prie instamment</span> les pays développés qui n’ont pas encore affecté 0,7 pour cent de leur produit national brut à l’aide publique au développement en faveur des pays en développement, dont 0,15 pour cent à 0,2 pour cent pour les pays les moins avancés, de s’employer concrètement à atteindre ces objectifs, et encourage les pays en développement à tirer parti des progrès accomplis pour ce qui est d’utiliser efficacement l’aide publique au développement au service de leurs buts et objectifs en la matière ;</p>
        </content>
      </paragraph>
      <paragraph eId="para_69" class="SingleTxt">
        <num>	30.</num>
        <content eId="para_69__content">
          <p xml:space="preserve">
            <span class="italic">Estime</span> qu’il faut se pencher sur la question de l’accès des pays en développement aux marchés, notamment dans les secteurs de l’agriculture, des services et des produits non agricoles, en particulier ceux qui intéressent ces pays ;</p>
        </content>
      </paragraph>
      <paragraph eId="para_70" class="SingleTxt">
        <num>	31.</num>
        <content eId="para_70__content">
          <p xml:space="preserve">
            <span class="italic">Demande de nouveau</span> que le commerce soit véritablement libéralisé, et ce, à un rythme adéquat, notamment dans les domaines où des négociations sont en cours dans le cadre de l’Organisation mondiale du commerce, que soient respectés les engagements pris quant aux problèmes et difficultés liés à la mise en œuvre, que les dispositions établissant un traitement spécial et différencié soient réexaminées dans l’objectif de les renforcer et de les rendre plus précises, efficaces et opérationnelles, que soient évitées de nouvelles formes de protectionnisme et que les pays en développement bénéficient d’un renforcement de leurs capacités et reçoivent une assistance technique, autant de facteurs qui jouent un rôle important dans la concrétisation du droit au développement ;</p>
        </content>
      </paragraph>
      <paragraph eId="para_71" class="SingleTxt">
        <num>	32.</num>
        <content eId="para_71__content">
          <p xml:space="preserve">
            <span class="italic">Convient</span> de l’importance du lien qui existe entre les questions économiques, commerciales et financières internationales et l’exercice du droit au développement, insiste à cet égard sur la nécessité d’instaurer une bonne gouvernance, d’élargir la participation à la prise de décisions au niveau international en ce qui concerne les questions intéressant le développement, de combler les lacunes organisationnelles et de renforcer le système des Nations Unies et d’autres institutions multilatérales, et souligne qu’il faut élargir et renforcer la participation des pays en développement et des pays en transition à la prise de décisions et à l’établissement de normes, au niveau international, dans le domaine économique ;</p>
        </content>
      </paragraph>
      <paragraph eId="para_72" class="SingleTxt">
        <num>	33.</num>
        <content eId="para_72__content">
          <p xml:space="preserve">
            <span class="italic">Convient</span> qu’une bonne gouvernance et le respect de l’état de droit au niveau national aident tous les États à faciliter la promotion et la protection des droits de la personne, dont le droit au développement, et prend toute la mesure des efforts que font actuellement les États pour trouver des pratiques de bonne gouvernance adaptées à leurs besoins et aspirations et renforcer les pratiques existantes, et notamment pour mettre en place une administration transparente, participative, responsable et comptable de son action, y compris dans le cadre d’approches du développement, du renforcement des capacités et de l’assistance technique concertées et fondées sur le partenariat ;</p>
        </content>
      </paragraph>
      <paragraph eId="para_73" class="SingleTxt">
        <num>	34.</num>
        <content eId="para_73__content">
          <p xml:space="preserve">
            <span class="italic">Convient également</span> que les droits des femmes, le rôle majeur que celles‑ci jouent et le souci de l’égalité des genres sont des questions qui touchent tous les aspects de l’exercice du droit au développement, et note en particulier la relation positive qui existe entre, d’une part, l’éducation des femmes et leur participation à la vie civique, culturelle, économique, politique et sociale sur un pied d’égalité avec les hommes et, d’autre part, la promotion du droit au développement ;</p>
        </content>
      </paragraph>
      <paragraph eId="para_74" class="SingleTxt">
        <num>	35.</num>
        <content eId="para_74__content">
          <p xml:space="preserve">
            <span class="italic">Insiste</span> sur la nécessité de tenir compte de la question des droits des enfants, filles et garçons, dans l’ensemble des politiques et programmes, et d’assurer la promotion et la protection de ces droits, en particulier dans les domaines touchant la santé, l’éducation et la pleine mise en valeur des capacités des enfants ;</p>
        </content>
      </paragraph>
      <paragraph eId="para_75" class="SingleTxt">
        <num>	36.</num>
        <content eId="para_75__content">
          <p xml:space="preserve">
            <span class="italic">Rappelle</span> la déclaration intitulée « Déclaration politique sur le VIH et le sida : accélérer la riposte pour lutter contre le VIH et mettre fin à l’épidémie de sida d’ici à 2030 », adoptée le 8 juin 2016 à sa réunion de haut niveau sur le VIH et le sida<authorialNote marker="22" placement="bottom" eId="authorialNote_22"><p xml:space="preserve">		Résolution <a href="https://undocs.org/fr/A/RES/70/266">70/266</a>, annexe.</p></authorialNote>, et souligne qu’il importe de renforcer la coopération internationale afin d’aider les États Membres à atteindre les objectifs liés à la santé, à savoir mettre fin à l’épidémie de sida d’ici à 2030, assurer l’accès de tous aux services de soins de santé et répondre aux défis sanitaires ;</p>
        </content>
      </paragraph>
      <paragraph eId="para_76" class="SingleTxt">
        <num>	37.</num>
        <content eId="para_76__content">
          <p xml:space="preserve">
            <span class="italic">Rappelle également</span> l’adoption, le 10 octobre 2018, de la déclaration politique issue de sa troisième réunion de haut niveau sur la prévention et la maîtrise des maladies non transmissibles<authorialNote marker="23" placement="bottom" eId="authorialNote_23"><p xml:space="preserve">		Résolution <a href="https://undocs.org/fr/A/RES/73/2">73/2</a>.</p></authorialNote> et de la déclaration politique issue de sa réunion de haut niveau sur la lutte contre la tuberculose<authorialNote marker="24" placement="bottom" eId="authorialNote_24"><p xml:space="preserve">		Résolution <a href="https://undocs.org/fr/A/RES/73/3">73/3</a>.</p></authorialNote> et le fait qu’elles mettent un accent particulier sur le développement et sur d’autres questions ainsi que sur les facteurs et les effets sociaux et économiques, en particulier pour les pays en développement ;</p>
        </content>
      </paragraph>
      <paragraph eId="para_77" class="SingleTxt">
        <num>	38.</num>
        <content eId="para_77__content">
          <p xml:space="preserve">
            <span class="italic">Se félicite</span> d’avoir adopté, par sa résolution <a href="https://undocs.org/fr/A/RES/74/2">74/2</a> du 10 octobre 2019, la Déclaration politique issue de la réunion de haut niveau sur la couverture sanitaire universelle, intitulée « Couverture sanitaire universelle : œuvrer ensemble pour un monde en meilleure santé », dans laquelle il a été réaffirmé que la santé était à la fois une condition préalable, un résultat et un indicateur du développement durable dans ses dimensions sociale, économique et environnementale et de l’application du Programme de développement durable à l’horizon 2030 ;</p>
        </content>
      </paragraph>
      <paragraph eId="para_78" class="SingleTxt">
        <num>	39.</num>
        <content eId="para_78__content">
          <p xml:space="preserve">
            <span class="italic">Rappelle </span>la Convention relative aux droits des personnes handicapées<authorialNote marker="25" placement="bottom" eId="authorialNote_25"><p xml:space="preserve">		Nations Unies, <span class="italic">Recueil des Traités</span>, vol. 2515, n<sup>o</sup> 44910.</p></authorialNote>, entrée en vigueur le 3 mai 2008, et sa résolution <a href="https://undocs.org/fr/A/RES/70/1">70/1</a> du 25 septembre 2015, intitulée « Transformer notre monde : le Programme de développement durable à l’horizon 2030 » et, estimant que les personnes handicapées sont à la fois des agents et des bénéficiaires du développement, souligne qu’il est nécessaire de prendre en considération leurs droits et qu’il importe de coopérer à l’échelle internationale pour appuyer l’action menée au niveau national en vue de concrétiser le droit au développement ;</p>
        </content>
      </paragraph>
      <paragraph eId="para_79" class="SingleTxt">
        <num>	40.</num>
        <content eId="para_79__content">
          <p xml:space="preserve">
            <span class="italic">Souligne sa volonté</span> de favoriser l’exercice du droit au développement par les peuples autochtones, réaffirme sa détermination à promouvoir les droits de ces peuples dans les domaines de l’éducation, de l’emploi, de la formation et la reconversion professionnelles, du logement, de l’assainissement, de la santé et de la protection sociale, conformément aux obligations internationales reconnues en matière de droits de l’homme et compte tenu, selon qu’il convient, de la Déclaration des Nations Unies sur les droits des peuples autochtones, qu’elle a adoptée dans sa résolution <a href="https://undocs.org/fr/A/RES/61/295">61/295</a> du 13 septembre 2007, et rappelle à cet égard la réunion plénière de haut niveau dite Conférence mondiale sur les peuples autochtones qu’elle a tenue en 2014 ;</p>
        </content>
      </paragraph>
      <paragraph eId="para_80" class="SingleTxt">
        <num>	41.</num>
        <content eId="para_80__content">
          <p xml:space="preserve">
            <span class="italic">Est consciente</span> qu’il faut nouer des partenariats forts avec les organisations de la société civile et le secteur privé en vue d’éliminer la pauvreté et de parvenir au développement, ainsi que pour promouvoir la responsabilité sociale des entreprises ;</p>
        </content>
      </paragraph>
      <paragraph eId="para_81" class="SingleTxt">
        <num>	42.</num>
        <content eId="para_81__content">
          <p xml:space="preserve">
            <span class="italic">Souligne</span> qu’il est urgent de prendre des mesures concrètes et efficaces visant à prévenir, combattre et incriminer toutes les formes de corruption à tous les niveaux, à mieux prévenir, détecter et décourager les transferts internationaux d’avoirs illicitement acquis et à renforcer la coopération internationale en ce qui concerne le recouvrement des avoirs, conformément aux principes énoncés dans la Convention des Nations Unies contre la corruption<authorialNote marker="26" placement="bottom" eId="authorialNote_26"><p xml:space="preserve">		Ibid., vol. 2349, n<sup>o</sup> 42146.</p></authorialNote>, en particulier son chapitre V, insiste sur l’importance qu’il y a à ce que tous les gouvernements manifestent une volonté politique réelle en se dotant d’un cadre juridique solide et, à cet égard, engage les États qui ne l’ont pas encore fait à signer et à ratifier la Convention dès que possible et les États qui sont parties à cet instrument à l’appliquer véritablement ;</p>
        </content>
      </paragraph>
      <paragraph eId="para_82" class="SingleTxt">
        <num>	43.</num>
        <content eId="para_82__content">
          <p xml:space="preserve">
            <span class="italic">Souligne également</span> qu’il est nécessaire de renforcer encore les activités menées par le Haut-Commissariat des Nations Unies aux droits de l’homme en faveur de la promotion et de la concrétisation du droit au développement, notamment en veillant à la bonne utilisation des ressources financières et humaines qui lui sont fournies pour l’exécution de son mandat, et demande au Secrétaire général de mettre à la disposition du Haut-Commissariat les moyens dont il a besoin ;</p>
        </content>
      </paragraph>
      <paragraph eId="para_83" class="SingleTxt">
        <num>	44.</num>
        <content eId="para_83__content">
          <p xml:space="preserve">
            <span class="italic">Demande de nouveau</span> à la Haute-Commissaire de s’employer concrètement, dans le cadre des efforts qu’elle fait pour prendre systématiquement en compte le droit au développement, à renforcer le partenariat mondial pour le développement entre les États Membres, les organismes de développement, les institutions internationales de développement et les institutions financières et commerciales internationales, et de rendre compte en détail des activités qu’elle aura menées dans ce domaine dans son prochain rapport au Conseil des droits de l’homme ;</p>
        </content>
      </paragraph>
      <paragraph eId="para_84" class="SingleTxt">
        <num>	45.</num>
        <content eId="para_84__content">
          <p xml:space="preserve">
            <span class="italic">Demande</span> aux institutions spécialisées, fonds et programmes des Nations Unies de prendre systématiquement en compte le droit au développement dans leurs programmes et objectifs opérationnels et souligne que le système financier international et le système commercial multilatéral doivent intégrer le droit au développement dans leurs politiques et objectifs ;</p>
        </content>
      </paragraph>
      <paragraph eId="para_85" class="SingleTxt">
        <num>	46.</num>
        <content eId="para_85__content">
          <p xml:space="preserve">
            <span class="italic">Prie</span> le Secrétaire général de porter la présente résolution à l’attention des États Membres, des organes de l’Organisation des Nations Unies, des organismes, institutions spécialisées, fonds et programmes des Nations Unies, des institutions internationales de développement et des institutions financières internationales, en particulier les institutions de Bretton Woods, ainsi que des organisations non gouvernementales ;</p>
        </content>
      </paragraph>
      <paragraph eId="para_86" class="SingleTxt">
        <num>	47.</num>
        <content eId="para_86__content">
          <p xml:space="preserve">
            <span class="italic">Encourage</span> les entités compétentes du système des Nations Unies, notamment les institutions spécialisées et les fonds et programmes, les organisations internationales compétentes, y compris l’Organisation mondiale du commerce, et les parties concernées, notamment les organisations de la société civile, à tenir dûment compte du droit au développement, dans le cadre de leur mandat, lors de l’exécution du Programme de développement durable à l’horizon 2030, à contribuer davantage aux activités du Groupe de travail sur le droit au développement et du Rapporteur spécial sur le droit au développement et à coopérer avec la Haute-Commissaire dans l’exécution des aspects de son mandat concernant la concrétisation du droit au développement ;</p>
        </content>
      </paragraph>
      <paragraph eId="para_87" class="SingleTxt">
        <num>	48.</num>
        <content eId="para_87__content">
          <p xml:space="preserve">
            <span class="italic">Prie</span> le Secrétaire général de lui présenter un rapport à sa soixante-quinzième session et de présenter au Conseil des droits de l’homme un rapport d’étape sur l’application de la présente résolution, y compris les activités menées aux niveaux national, régional et international en vue de la promotion et de la concrétisation du droit au développement, et invite le Président-Rapporteur du Groupe de travail et le Rapporteur spécial à lui faire un exposé oral et à entamer un dialogue avec elle à sa soixante-quinzième session.</p>
        </content>
      </paragraph>
    </mainBody>
    <conclusions eId="conclusions">
      <p>
        <inline name="adoptionMeeting" title="50e">50e séance plénière</inline>
        <eol />
        <docDate date="2019-12-18" refersTo="#adoptionDate">18 décembre 2019</docDate>
      </p>
    </conclusions>
  </statement>
</akomaNtoso>