<akomaNtoso xmlns:xsi="http://www.w3.org/2001/XMLSchema-instance" xsi:schemaLocation="http://docs.oasis-open.org/legaldocml/ns/akn/3.0 http://docs.oasis-open.org/legaldocml/akn-core/v1.0/os/part2-specs/schemas/akomantoso30.xsd" xmlns="http://docs.oasis-open.org/legaldocml/ns/akn/3.0" xmlns:html="http://www.w3.org/1999/xhtml" xmlns:akn4un="http://un.org/akn4un">
  <statement name="resolution">
    <meta>
      <identification source="#DGACM">
        <FRBRWork>
          <FRBRthis value="/akn/un/statement/deliberation/unga/2020-03-31/74-269/!main/"></FRBRthis>
          <FRBRuri value="/akn/un/statement/deliberation/unga/2020-03-31/74-269/"></FRBRuri>
          <FRBRdate date="2020-03-31" name="adoption"></FRBRdate>
          <FRBRauthor href="ga" as="author"></FRBRauthor>
          <FRBRcountry value="un"></FRBRcountry>
        </FRBRWork>
        <FRBRExpression>
          <FRBRthis value="/akn/un/statement/deliberation/unga/2020-03-31/74-269/fra@!main/"></FRBRthis>
          <FRBRuri value="/akn/un/statement/deliberation/unga/2020-03-31/74-269/fra@/"></FRBRuri>
          <FRBRdate date="2020-04-02" name="publication"></FRBRdate>
          <FRBRauthor href="ga" as="issuer"></FRBRauthor>
          <FRBRlanguage language="fra"></FRBRlanguage>
        </FRBRExpression>
        <FRBRManifestation>
          <FRBRthis value="/akn/un/statement/deliberation/unga/2020-03-31/74-269/fra@/!main.xml"></FRBRthis>
          <FRBRuri value="/akn/un/statement/deliberation/unga/2020-03-31/74-269/fra@.xml"></FRBRuri>
          <FRBRdate date="2020-10-10" name="markup"></FRBRdate>
          <FRBRauthor href="DGACM" as="editor"></FRBRauthor>
        </FRBRManifestation>
      </identification>
      <classification source="http://metadata.un.org/sdg">
        <keyword value="15" href="http://metadata.un.org/sdg/15" showAs="sdg_15" dictionary="SDGO"></keyword>
        <keyword value="deforestation" href="http://eurovoc.europa.eu/339" showAs="deforestation" dictionary="EuroVoc"></keyword>
        <keyword value="desertification" href="http://eurovoc.europa.eu/416" showAs="desertification" dictionary="EuroVoc"></keyword>
        <keyword value="biodiversity" href="http://eurovoc.europa.eu/5463" showAs="biodiversity" dictionary="EuroVoc"></keyword>
        <keyword value="land,_plant_and_soil_resources" href="http://metadata.un.org/thesaurus/030600" showAs="land,_plant_and_soil_resources" dictionary="UNBIS Thesaurus"></keyword>
        <keyword value="deforestation" href="http://metadata.un.org/thesaurus/1001550" showAs="deforestation" dictionary="UNBIS Thesaurus"></keyword>
      </classification>
      <classification source="http://metadata.un.org/sdg">
        <keyword value="16" href="http://metadata.un.org/sdg/16" showAs="sdg_16" dictionary="SDGO"></keyword>
        <keyword value="right_to_justice" href="http://eurovoc.europa.eu/516" showAs="right_to_justice" dictionary="EuroVoc"></keyword>
        <keyword value="sustainable_development" href="http://eurovoc.europa.eu/5585" showAs="sustainable_development" dictionary="EuroVoc"></keyword>
        <keyword value="civil_society" href="http://metadata.un.org/thesaurus/1001012" showAs="civil_society" dictionary="UNBIS Thesaurus"></keyword>
        <keyword value="justice" href="http://metadata.un.org/thesaurus/1003500" showAs="justice" dictionary="UNBIS Thesaurus"></keyword>
        <keyword value="peaceful_coexistence" href="http://metadata.un.org/thesaurus/1004777" showAs="peaceful_coexistence" dictionary="UNBIS Thesaurus"></keyword>
        <keyword value="public_institutions" href="http://metadata.un.org/thesaurus/1005254" showAs="public_institutions" dictionary="UNBIS Thesaurus"></keyword>
        <keyword value="social_justice" href="http://metadata.un.org/thesaurus/1005970" showAs="social_justice" dictionary="UNBIS Thesaurus"></keyword>
        <keyword value="sustainable_development" href="http://metadata.un.org/thesaurus/1006319" showAs="sustainable_development" dictionary="UNBIS Thesaurus"></keyword>
      </classification>
      <classification source="http://metadata.un.org/sdg">
        <keyword value="17" href="http://metadata.un.org/sdg/17" showAs="sdg_17" dictionary="SDGO"></keyword>
        <keyword value="sustainable_development" href="http://eurovoc.europa.eu/5585" showAs="sustainable_development" dictionary="EuroVoc"></keyword>
        <keyword value="partnership" href="http://eurovoc.europa.eu/4199" showAs="partnership" dictionary="EuroVoc"></keyword>
        <keyword value="sustainable_development" href="http://metadata.un.org/thesaurus/1006319" showAs="sustainable_development" dictionary="UNBIS Thesaurus"></keyword>
        <keyword value="partnership" href="http://metadata.un.org/thesaurus/1004748" showAs="partnership" dictionary="UNBIS Thesaurus"></keyword>
      </classification>
      <workflow source="#un">
        <step date="2020-03-27" outcome="draftResolution" as="A/74/L.49" by="submitted by the President of the General Assembly" />
        <step date="0001-01-01" outcome="draftResolutionAdditionalSponsors" by="" />
        <step date="0001-01-01" outcome="recommendedForAdoption" by="" />
        <step date="2020-03-31" outcome="adopted" as="Adopted through silence procedure" by="" />
      </workflow>
      <analysis source="#un">
        <parliamentary>
          <voting outcome="adoptedWithoutVote">
            <quorum value=""></quorum>
          </voting>
        </parliamentary>
      </analysis>
      <references source="#DGACM">
        <TLCOrganization eId="source" href="/akn/ontology/organization/un/DGACM" showAs="DGACM"></TLCOrganization>
        <TLCConcept eId="dateOfIssuance" href="/akn/ontology/concept/un/dateOfIssuance" showAs="Date of issuance"></TLCConcept>
        <TLCConcept eId="dateOfAdoption" href="/akn/ontology/concept/un/dateOfAdoption" showAs="Date of adoption"></TLCConcept>
        <TLCConcept eId="symbol" href="/akn/ontology/reference/un/symbol" showAs="Symbol"></TLCConcept>
        <TLCRole eId="publisher" href="/akn/ontology/role/un/publisher" showAs="Publisher"></TLCRole>
        <TLCRole eId="issuingBody" href="/akn/role/concept/un/issuingBody" showAs="Issuing body"></TLCRole>
        <TLCRole eId="author" href="/akn/ontology/role/un/author" showAs="Author"></TLCRole>
        <TLCRole eId="editor" href="/akn/ontology/role/un/editor" showAs="Editor"></TLCRole>
        <TLCRole eId="distribution" href="/akn/ontology/concept/un/generalDistribution" showAs="General distribution"></TLCRole>
        <TLCOrganization eId="ga" href="/akn/ontology/organization/un/generalAssembly" showAs="General Assembly"></TLCOrganization>
        <TLCTerm eId="resolutionTitle" href="/akn/ontology/reference/un/resolutionTitle" showAs="Resolution title"></TLCTerm>
        <TLCTerm eId="noMainCommittee" href="#noMainCommittee" showAs="sans renvoi à une grande commission"></TLCTerm>
        <TLCTerm eId="memberState" href="/akn/ontology/organization/un/memberState" showAs="Member State"></TLCTerm>
        <TLCTerm eId="inFavour" href="/akn/ontology/concept/un/voting/inFavour" showAs="In favour"></TLCTerm>
        <TLCTerm eId="against" href="/akn/ontology/concept/un/voting/against" showAs="Against"></TLCTerm>
        <TLCTerm eId="abstaining" href="/akn/ontology/concept/un/voting/abstaining" showAs="Abstaining"></TLCTerm>
      </references>
      <presentation source="#un">
        <akn4un:footerFirstPage>
          <akn4un:footerFirstPageLeft>
            <akn4un:internalCode>
              <docketNumber refersTo="#publicationJobNumber">20-04976 (F)</docketNumber>
              <img alt="bar code" class="barCode" src=""></img>
            </akn4un:internalCode>
          </akn4un:footerFirstPageLeft>
          <akn4un:footerFirstPageRight>
            <img alt="Please recycle" class="image" src="./recylcleLogo.jpg"></img>
            <img alt="embedded QR code" class="qrCode" src=""></img>
          </akn4un:footerFirstPageRight>
        </akn4un:footerFirstPage>
      </presentation>
    </meta>
    <coverPage eId="coverPage_1">
      <p>
        <span refersTo="#publisher" class="upperLeft">
          <docAuthority refersTo="#publisher">Nations Unies</docAuthority>
        </span>
      </p>
      <p class="upperRight">
        <docNumber refersTo="#symbol">A/RES/74/269</docNumber>
      </p>
      <p class="upperLeft">
        <img src="logo-un.jpg"></img>
        <docAuthority refersTo="#issuingBody" class="rightBig">Assemblée générale</docAuthority>
      </p>
      <p>
        <docStatus refersTo="#generalDistribution" class="rightSmall">Distr. générale</docStatus>
      </p>
      <p>
        <docDate date="2020-04-02" class="rightSmall" refersTo="#dateOfIssuance">2 avril 2020</docDate>
      </p>
      <p>
        <session refersTo="#generalAssembly" value="74" eId="coverPage_1__session_1">Soixante-quatorzième session</session>
      </p>
      <p>
        <inline name="agenda item">Point 19 f) de l’ordre du jour</inline>
      </p>
      <p>
        <inline name="agenda item name">Développement durable : Convention sur la diversité biologique</inline>
      </p>
      <p>
        <docTitle>Résolution adoptée par l’Assemblée générale le 31 mars 2020</docTitle>
      </p>
      <p xml:space="preserve">
        <docProponent refersTo="#noMainCommittee">[sans renvoi à une grande commission (<inline name="originating document">A/74/L.49</inline>)]</docProponent>
      </p>
    </coverPage>
    <preface>
      <p>
        <docNumber>74/269.</docNumber>
        <docTitle refersTo="#resolutionTitle">Objet, modalités, format et organisation du sommet sur la biodiversité</docTitle>
      </p>
    </preface>
    <preamble>
      <formula name="enactingFormula" eId="formula_1">
        <p xml:space="preserve">
          <span class="italic">L’Assemblée générale</span>,</p>
      </formula>
      <container name="Rappelant" eId="container_2">
        <p xml:space="preserve">
          <span class="italic">	Rappelant</span> sa résolution <a href="https://undocs.org/fr/A/RES/74/4">74/4</a> du 15 octobre 2019, intitulée « Déclaration politique du forum politique de haut niveau pour le développement durable organisé sous les auspices de l’Assemblée générale », dans laquelle elle a demandé que soient engagés les préparatifs pour une décennie d’action et de réalisations en faveur du développement durable,</p>
      </container>
      <container name="Rappelant également" eId="container_3">
        <p xml:space="preserve">
          <span class="italic">	Rappelant également</span> ses résolutions <a href="https://undocs.org/fr/A/RES/73/234">73/234</a> du 20 décembre 2018 et <a href="https://undocs.org/fr/A/RES/74/221">74/221</a> du 19 décembre 2019, dans lesquelles elle a décidé de convoquer un sommet sur la biodiversité au niveau des chefs d’État et de gouvernement, dans les limites des ressources existantes, qui se tiendrait avant la quinzième réunion de la Conférence des Parties à la Convention sur la diversité biologique, en 2020, afin de souligner la nécessité d’agir de toute urgence aux plus hauts niveaux à l’appui d’un cadre mondial de la biodiversité pour l’après-2020 qui contribue au Programme de développement durable à l’horizon 2030<authorialNote marker="1" placement="bottom" eId="authorialNote_1"><p xml:space="preserve">		Résolution <a href="https://undocs.org/fr/A/RES/70/1">70/1</a>.</p></authorialNote> et permette à la communauté mondiale de progresser vers la concrétisation de la Vision 2050 pour la biodiversité, intitulée « Vivre en harmonie avec la nature »,</p>
      </container>
    </preamble>
    <mainBody>
      <paragraph eId="para_4" class="MercuryDocument">
        <num>	1.</num>
        <content eId="para_4__content">
          <p xml:space="preserve">
            <span class="italic">Décide </span>que le sommet sur la biodiversité au niveau des chefs d’État et de gouvernement, qui sera convoqué par sa présidence, se tiendra au Siège de l’Organisation des Nations Unies à New York le premier jour du débat général de sa soixante-quinzième session, de 15 heures à 18 heures, et le deuxième jour du débat général, de 10 heures à 13 heures ; </p>
        </content>
      </paragraph>
      <paragraph eId="para_5" class="MercuryDocument">
        <num>	2.</num>
        <content eId="para_5__content">
          <p xml:space="preserve">
            <span class="italic">Décide également</span> que les préparatifs du sommet et le sommet lui-même devront permettre la participation effective de tous les États Membres de l’Organisation des Nations Unies, de tous les membres des institutions spécialisées et de toutes les parties à la Convention sur la diversité biologique<authorialNote marker="2" placement="bottom" eId="authorialNote_2"><p xml:space="preserve">		Nations Unies, <span class="italic">Recueil des Traités</span>, vol. 1760, n° 30619.</p></authorialNote> ;</p>
        </content>
      </paragraph>
      <paragraph eId="para_6" class="MercuryDocument">
        <num>	3.</num>
        <content eId="para_6__content">
          <p xml:space="preserve">
            <span class="italic">Décide en outre</span> que le sommet comprendra une séance d’ouverture, une séance plénière consacrée au débat général, deux dialogues entre décideurs et une brève séance de clôture et qu’il aura pour thème général « Action urgente en faveur de la biodiversité pour un développement durable » ; </p>
        </content>
      </paragraph>
      <paragraph eId="para_7" class="MercuryDocument">
        <num>	4.</num>
        <content eId="para_7__content">
          <p xml:space="preserve">
            <span class="italic">Décide</span> ce qui suit : </p>
        </content>
      </paragraph>
      <paragraph eId="para_8" class="MercuryDocument">
        <content eId="para_8__content">
          <p xml:space="preserve">	a)	La séance d’ouverture, qui se tiendra de 15 heures à 15 h 50 le premier jour du débat général, accueillera son président ou sa présidente à sa soixante-quinzième session, le Secrétaire général, le président ou la présidente du Conseil économique et social, l’hôte de la quatorzième réunion de la Conférence des parties à la Convention sur la diversité biologique, l’hôte de la quinzième réunion de la Conférence des parties à la Convention sur la diversité biologique, la Directrice exécutive du Programme des Nations Unies pour l’environnement, la Secrétaire exécutive du Secrétariat de la Convention sur la diversité biologique et la Présidente de la Plateforme intergouvernementale scientifique et politique sur la biodiversité et les services écosystémiques, ainsi qu’une personnalité s’illustrant dans la défense de la biodiversité et une personne à la tête d’un mouvement de jeunes, dont l’une ou l’autre devra représenter les peuples autochtones et les populations locales, toutes deux devant être choisies, en consultation avec les États Membres, par sa présidence ;</p>
        </content>
      </paragraph>
      <paragraph eId="para_9" class="MercuryDocument">
        <content eId="para_9__content">
          <p xml:space="preserve">	b)	À la séance plénière, qui suivra la séance d’ouverture et se terminera à 18 heures le premier jour du débat général, seront entendues les déclarations des États Membres de l’Organisation des Nations Unies, des membres des institutions spécialisées, des parties à la Convention sur la diversité biologique et des observateurs auprès de l’Assemblée générale, le temps de parole imparti à chaque déclaration, à savoir trois minutes pour les délégations s’exprimant à titre individuel et cinq minutes pour les déclarations faites au nom d’un groupe d’États, devant être strictement respecté ;</p>
        </content>
      </paragraph>
      <paragraph eId="para_10" class="MercuryDocument">
        <content eId="para_10__content">
          <p xml:space="preserve">	c)	Les délégations n’auront qu’une seule occasion de prendre la parole lors du sommet, soit en séance plénière, soit durant l’un des dialogues entre décideurs ;</p>
        </content>
      </paragraph>
      <paragraph eId="para_11" class="MercuryDocument">
        <content eId="para_11__content">
          <p xml:space="preserve">	d)	À la séance de clôture, qui se tiendra à la suite des dialogues entre décideurs au deuxième jour du débat général, seront entendus les messages importants qui seront ressortis des dialogues et les observations finales de la présidence ;</p>
        </content>
      </paragraph>
      <paragraph eId="para_12" class="MercuryDocument">
        <num>	5.</num>
        <content eId="para_12__content">
          <p xml:space="preserve">
            <span class="italic">Décide </span>que les dialogues entre décideurs seront organisés comme suit : </p>
        </content>
      </paragraph>
      <paragraph eId="para_13" class="MercuryDocument">
        <content eId="para_13__content">
          <p xml:space="preserve">	a)	Les deux dialogues, qui se tiendront l’un à la suite de l’autre et dureront chacun 75 minutes, commenceront à 10 heures le deuxième jour du débat général ;</p>
        </content>
      </paragraph>
      <paragraph eId="para_14" class="MercuryDocument">
        <content eId="para_14__content">
          <p xml:space="preserve">	b)	Ils auront pour thème :</p>
        </content>
      </paragraph>
      <paragraph eId="para_15" class="MercuryDocument">
        <content eId="para_15__content">
          <p xml:space="preserve">			Premier dialogue : « Combattre l’appauvrissement de la biodiversité et généraliser l’idée d’une biodiversité concourant au développement durable » ; </p>
        </content>
      </paragraph>
      <paragraph eId="para_16" class="MercuryDocument">
        <content eId="para_16__content">
          <p xml:space="preserve">			Deuxième dialogue : « Mettre la science, la technologie et l’innovation, le renforcement des capacités, l’accès aux ressources biologiques et le partage des bénéfices, le financement et les partenariats au service de la biodiversité » ; </p>
        </content>
      </paragraph>
      <paragraph eId="para_17" class="MercuryDocument">
        <content eId="para_17__content">
          <p xml:space="preserve">	c)	Chaque dialogue sera présidé par deux présidents, soit une personne originaire d’un pays en développement et l’autre d’un pays développé, qui seront choisis par sa présidence parmi les chefs d’État et de gouvernement participant au sommet, une représentation régionale adéquate devant être assurée ; </p>
        </content>
      </paragraph>
      <paragraph eId="para_18" class="MercuryDocument">
        <content eId="para_18__content">
          <p xml:space="preserve">	d)	La durée des interventions au cours des dialogues ne devra pas dépasser trois minutes ;</p>
        </content>
      </paragraph>
      <paragraph eId="para_19" class="MercuryDocument">
        <content eId="para_19__content">
          <p xml:space="preserve">	e)	Sa présidence pourra inviter à s’exprimer lors des dialogues des parlementaires, des représentants des autorités locales, des dirigeants ou hauts responsables d’entités compétentes des Nations Unies ou d’organisations intergouvernementales et des secrétariats des conventions de Rio et des conventions relatives à la biodiversité, de la société civile, du secteur privé, y compris du secteur financier, du monde universitaire, des jeunes et des peuples autochtones et populations locales, en tenant compte de la nécessité d’une représentation équilibrée entre les sexes, du niveau de développement et de la répartition géographique ;</p>
        </content>
      </paragraph>
      <paragraph eId="para_20" class="MercuryDocument">
        <num>	6.</num>
        <content eId="para_20__content">
          <p xml:space="preserve">
            <span class="italic">Invite</span> tous les observateurs auprès d’elle à se faire représenter au sommet au plus haut niveau possible ;</p>
        </content>
      </paragraph>
      <paragraph eId="para_21" class="MercuryDocument">
        <num>	7.</num>
        <content eId="para_21__content">
          <p xml:space="preserve">
            <span class="italic">Invite </span>les organisations non gouvernementales dotées du statut consultatif auprès du Conseil économique et social et disposant de compétences dans le domaine à s’inscrire auprès du Secrétariat pour assister au sommet ; </p>
        </content>
      </paragraph>
      <paragraph eId="para_22" class="MercuryDocument">
        <num>	8.</num>
        <content eId="para_22__content">
          <p xml:space="preserve">
            <span class="italic">Prie</span> sa présidence d’établir une liste d’autres représentants compétents d’organisations non gouvernementales, d’organisations de la société civile, d’établissements universitaires, de peuples autochtones et de populations locales, de jeunes et du secteur privé qui seraient susceptibles de participer au sommet, en tenant compte des principes de transparence, d’équilibre entre les sexes et d’une représentation géographique équitable, et de la soumettre aux États Membres pour qu’ils l’examinent selon la procédure d’approbation tacite<authorialNote marker="3" placement="bottom" eId="authorialNote_3"><p xml:space="preserve">		La liste des noms proposés et des noms retenus sera présentée à l’Assemblée générale. Tout État Membre qui s’opposerait au choix d’un nom indiquera s’il le souhaite ses motifs au Bureau de la présidence de l’Assemblée, qui communiquera toute information reçue aux États Membres qui en feront la demande. </p></authorialNote> ; </p>
        </content>
      </paragraph>
      <paragraph eId="para_23" class="MercuryDocument">
        <num>	9.</num>
        <content eId="para_23__content">
          <p xml:space="preserve">
            <span class="italic">Invite</span> le système des Nations Unies, y compris les fonds, programmes et institutions spécialisées, les commissions régionales et les envoyés du Secrétaire général concernés, ainsi que les secrétariats des conventions relatives à la biodiversité à se faire représenter au sommet, selon qu’il conviendra, pour souligner la nécessité d’agir à l’appui d’un cadre mondial de la biodiversité pour l’après-2020, et les invite également à envisager des initiatives, notamment dans le cadre du Groupe de la gestion de l’environnement, en vue de contribuer aux préparatifs du sommet et au sommet lui-même, notamment pour ce qui est de faire part de leurs bonnes pratiques, de leurs difficultés et des enseignements à retenir ; </p>
        </content>
      </paragraph>
      <paragraph eId="para_24" class="MercuryDocument">
        <num>	10.</num>
        <content eId="para_24__content">
          <p xml:space="preserve">
            <span class="italic">Encourage</span> les États Membres à se faire représenter au sommet au plus haut niveau possible et à intégrer dans leurs délégations des parlementaires et des représentants des autorités locales, de la société civile, y compris d’organisations non gouvernementales, de peuples autochtones et de populations locales, d’associations locales, d’organisations d’inspiration religieuse, du monde universitaire, de fondations caritatives, de jeunes et du secteur privé, en assurant une représentation équilibrée des sexes ; </p>
        </content>
      </paragraph>
      <paragraph eId="para_25" class="MercuryDocument">
        <num>	11.</num>
        <content eId="para_25__content">
          <p xml:space="preserve">
            <span class="italic">Encourage </span>tous les participants à faire preuve d’ambition de façon à hâter l’action en faveur de la biodiversité pour un développement durable ;</p>
        </content>
      </paragraph>
      <paragraph eId="para_26" class="MercuryDocument">
        <num>	12.</num>
        <content eId="para_26__content">
          <p xml:space="preserve">
            <span class="italic">Décide</span> que les travaux du sommet seront diffusés sur le Web et invite sa présidence, le Secrétaire général et toutes les entités compétentes des Nations Unies à donner au sommet la plus large publicité possible, y compris lors des préparatifs, en utilisant toutes les plateformes de média et toutes les technologies informatiques et de communication utiles à cette fin ; </p>
        </content>
      </paragraph>
      <paragraph eId="para_27" class="MercuryDocument">
        <num>	13.</num>
        <content eId="para_27__content">
          <p xml:space="preserve">
            <span class="italic">Prie</span> sa présidence d’établir, avant l’ouverture de la quinzième réunion de la Conférence des parties à la Convention sur la diversité biologique, un compte rendu factuel des débats qui auront eu lieu lors du sommet organisé afin de souligner la nécessité d’agir de toute urgence aux plus hauts niveaux à l’appui d’un cadre mondial de la biodiversité pour l’après-2020 qui contribue au Programme de développement durable à l’horizon 2030<sup>1</sup> et permette à la communauté mondiale de progresser vers la concrétisation de la Vision 2050 pour la biodiversité, intitulée « Vivre en harmonie avec la nature » ; </p>
        </content>
      </paragraph>
      <paragraph eId="para_28" class="MercuryDocument">
        <num>	14.</num>
        <content eId="para_28__content">
          <p xml:space="preserve">
            <span class="italic">Prie également</span> sa présidence de porter le compte rendu du sommet à l’attention de tous les participants, ainsi que de toutes les entités compétentes des Nations Unies, des secrétariats des conventions de Rio et des conventions relatives à la biodiversité et de toutes les autres parties prenantes concernées ; </p>
        </content>
      </paragraph>
      <paragraph eId="para_29" class="MercuryDocument">
        <num>	15.</num>
        <content eId="para_29__content">
          <p xml:space="preserve">
            <span class="italic">Prie en outre</span> sa présidence d’arrêter, en consultation avec les États Membres, les modalités d’organisation du sommet.</p>
        </content>
      </paragraph>
    </mainBody>
    <conclusions eId="conclusions">
      <p>
        <docDate date="2020-03-31" refersTo="#adoptionDate">31 mars 2020</docDate>
      </p>
    </conclusions>
  </statement>
</akomaNtoso>