<akomaNtoso xmlns:xsi="http://www.w3.org/2001/XMLSchema-instance" xsi:schemaLocation="http://docs.oasis-open.org/legaldocml/ns/akn/3.0 http://docs.oasis-open.org/legaldocml/akn-core/v1.0/os/part2-specs/schemas/akomantoso30.xsd" xmlns="http://docs.oasis-open.org/legaldocml/ns/akn/3.0" xmlns:html="http://www.w3.org/1999/xhtml" xmlns:akn4un="http://un.org/akn4un">
  <statement name="resolution">
    <meta>
      <identification source="#DGACM">
        <FRBRWork>
          <FRBRthis value="/akn/un/statement/deliberation/unga/2019-12-19/74-220/!main/"></FRBRthis>
          <FRBRuri value="/akn/un/statement/deliberation/unga/2019-12-19/74-220/"></FRBRuri>
          <FRBRdate date="2019-12-19" name="adoption"></FRBRdate>
          <FRBRauthor href="ga" as="author"></FRBRauthor>
          <FRBRcountry value="un"></FRBRcountry>
        </FRBRWork>
        <FRBRExpression>
          <FRBRthis value="/akn/un/statement/deliberation/unga/2019-12-19/74-220/fra@!main/"></FRBRthis>
          <FRBRuri value="/akn/un/statement/deliberation/unga/2019-12-19/74-220/fra@/"></FRBRuri>
          <FRBRdate date="2020-01-17" name="publication"></FRBRdate>
          <FRBRauthor href="ga" as="issuer"></FRBRauthor>
          <FRBRlanguage language="fra"></FRBRlanguage>
        </FRBRExpression>
        <FRBRManifestation>
          <FRBRthis value="/akn/un/statement/deliberation/unga/2019-12-19/74-220/fra@/!main.xml"></FRBRthis>
          <FRBRuri value="/akn/un/statement/deliberation/unga/2019-12-19/74-220/fra@.xml"></FRBRuri>
          <FRBRdate date="2020-08-21" name="markup"></FRBRdate>
          <FRBRauthor href="DGACM" as="editor"></FRBRauthor>
        </FRBRManifestation>
      </identification>
      <classification source="http://metadata.un.org/sdg">
        <keyword value="15" href="http://metadata.un.org/sdg/15" showAs="sdg_15" dictionary="SDGO"></keyword>
        <keyword value="deforestation" href="http://eurovoc.europa.eu/339" showAs="deforestation" dictionary="EuroVoc"></keyword>
        <keyword value="desertification" href="http://eurovoc.europa.eu/416" showAs="desertification" dictionary="EuroVoc"></keyword>
        <keyword value="biodiversity" href="http://eurovoc.europa.eu/5463" showAs="biodiversity" dictionary="EuroVoc"></keyword>
        <keyword value="land,_plant_and_soil_resources" href="http://metadata.un.org/thesaurus/030600" showAs="land,_plant_and_soil_resources" dictionary="UNBIS Thesaurus"></keyword>
        <keyword value="deforestation" href="http://metadata.un.org/thesaurus/1001550" showAs="deforestation" dictionary="UNBIS Thesaurus"></keyword>
      </classification>
      <classification source="http://metadata.un.org/sdg">
        <keyword value="16" href="http://metadata.un.org/sdg/16" showAs="sdg_16" dictionary="SDGO"></keyword>
        <keyword value="right_to_justice" href="http://eurovoc.europa.eu/516" showAs="right_to_justice" dictionary="EuroVoc"></keyword>
        <keyword value="sustainable_development" href="http://eurovoc.europa.eu/5585" showAs="sustainable_development" dictionary="EuroVoc"></keyword>
        <keyword value="civil_society" href="http://metadata.un.org/thesaurus/1001012" showAs="civil_society" dictionary="UNBIS Thesaurus"></keyword>
        <keyword value="justice" href="http://metadata.un.org/thesaurus/1003500" showAs="justice" dictionary="UNBIS Thesaurus"></keyword>
        <keyword value="peaceful_coexistence" href="http://metadata.un.org/thesaurus/1004777" showAs="peaceful_coexistence" dictionary="UNBIS Thesaurus"></keyword>
        <keyword value="public_institutions" href="http://metadata.un.org/thesaurus/1005254" showAs="public_institutions" dictionary="UNBIS Thesaurus"></keyword>
        <keyword value="social_justice" href="http://metadata.un.org/thesaurus/1005970" showAs="social_justice" dictionary="UNBIS Thesaurus"></keyword>
        <keyword value="sustainable_development" href="http://metadata.un.org/thesaurus/1006319" showAs="sustainable_development" dictionary="UNBIS Thesaurus"></keyword>
      </classification>
      <classification source="http://metadata.un.org/sdg">
        <keyword value="17" href="http://metadata.un.org/sdg/17" showAs="sdg_17" dictionary="SDGO"></keyword>
        <keyword value="sustainable_development" href="http://eurovoc.europa.eu/5585" showAs="sustainable_development" dictionary="EuroVoc"></keyword>
        <keyword value="partnership" href="http://eurovoc.europa.eu/4199" showAs="partnership" dictionary="EuroVoc"></keyword>
        <keyword value="sustainable_development" href="http://metadata.un.org/thesaurus/1006319" showAs="sustainable_development" dictionary="UNBIS Thesaurus"></keyword>
        <keyword value="partnership" href="http://metadata.un.org/thesaurus/1004748" showAs="partnership" dictionary="UNBIS Thesaurus"></keyword>
      </classification>
      <workflow source="#un">
        <step date="2019-11-20" outcome="draftResolution" as="A/C.2/74/L.41/Rev.1" by="State of Palestine (on behalf of the States Members of the United Nations that are members of the Group of 77 and China) and Kazakhstan" />
        <step date="0001-01-01" outcome="draftResolutionAdditionalSponsors" by="" />
        <step date="0001-01-01" outcome="recommendedForAdoption" as="A/74/381/Add.5" by="" refersTo="7" />
        <step date="2019-12-19" outcome="adopted" as="A/74/PV.52" by="" />
      </workflow>
      <analysis source="#un">
        <parliamentary>
          <voting outcome="adoptedWithoutVote">
            <quorum value=""></quorum>
          </voting>
        </parliamentary>
      </analysis>
      <references source="#DGACM">
        <TLCOrganization eId="source" href="/akn/ontology/organization/un/DGACM" showAs="DGACM"></TLCOrganization>
        <TLCConcept eId="dateOfIssuance" href="/akn/ontology/concept/un/dateOfIssuance" showAs="Date of issuance"></TLCConcept>
        <TLCConcept eId="dateOfAdoption" href="/akn/ontology/concept/un/dateOfAdoption" showAs="Date of adoption"></TLCConcept>
        <TLCConcept eId="symbol" href="/akn/ontology/reference/un/symbol" showAs="Symbol"></TLCConcept>
        <TLCRole eId="publisher" href="/akn/ontology/role/un/publisher" showAs="Publisher"></TLCRole>
        <TLCRole eId="issuingBody" href="/akn/role/concept/un/issuingBody" showAs="Issuing body"></TLCRole>
        <TLCRole eId="author" href="/akn/ontology/role/un/author" showAs="Author"></TLCRole>
        <TLCRole eId="editor" href="/akn/ontology/role/un/editor" showAs="Editor"></TLCRole>
        <TLCRole eId="distribution" href="/akn/ontology/concept/un/generalDistribution" showAs="General distribution"></TLCRole>
        <TLCOrganization eId="ga" href="/akn/ontology/organization/un/generalAssembly" showAs="General Assembly"></TLCOrganization>
        <TLCTerm eId="resolutionTitle" href="/akn/ontology/reference/un/resolutionTitle" showAs="Resolution title"></TLCTerm>
        <TLCTerm eId="secondCommittee" href="#secondCommittee" showAs="Deuxième Commission"></TLCTerm>
        <TLCTerm eId="memberState" href="/akn/ontology/organization/un/memberState" showAs="Member State"></TLCTerm>
        <TLCTerm eId="inFavour" href="/akn/ontology/concept/un/voting/inFavour" showAs="In favour"></TLCTerm>
        <TLCTerm eId="against" href="/akn/ontology/concept/un/voting/against" showAs="Against"></TLCTerm>
        <TLCTerm eId="abstaining" href="/akn/ontology/concept/un/voting/abstaining" showAs="Abstaining"></TLCTerm>
      </references>
      <presentation source="#un">
        <akn4un:footerFirstPage>
          <akn4un:footerFirstPageLeft>
            <akn4un:internalCode>
              <docketNumber refersTo="#publicationJobNumber">19-22489 (F)</docketNumber>
              <img alt="bar code" class="barCode" src=""></img>
            </akn4un:internalCode>
          </akn4un:footerFirstPageLeft>
          <akn4un:footerFirstPageRight>
            <img alt="Please recycle" class="image" src="./recylcleLogo.jpg"></img>
            <img alt="embedded QR code" class="qrCode" src=""></img>
          </akn4un:footerFirstPageRight>
        </akn4un:footerFirstPage>
      </presentation>
    </meta>
    <coverPage eId="coverPage_1">
      <p>
        <span refersTo="#publisher" class="upperLeft">
          <docAuthority refersTo="#publisher">Nations Unies</docAuthority>
        </span>
      </p>
      <p class="upperRight">
        <docNumber refersTo="#symbol">A/RES/74/220</docNumber>
      </p>
      <p class="upperLeft">
        <img src="logo-un.jpg"></img>
        <docAuthority refersTo="#issuingBody" class="rightBig">Assemblée générale</docAuthority>
      </p>
      <p>
        <docStatus refersTo="#generalDistribution" class="rightSmall">Distr. générale</docStatus>
      </p>
      <p>
        <docDate date="2020-01-17" class="rightSmall" refersTo="#dateOfIssuance">17 janvier 2020</docDate>
      </p>
      <p>
        <session refersTo="#generalAssembly" value="74" eId="coverPage_1__session_1">Soixante-quatorzième session</session>
      </p>
      <p>
        <inline name="agenda item">Point 19 e) de l’ordre du jour</inline>
      </p>
      <p>
        <inline name="agenda item name">Développement durable : application de la Convention des Nations Unies sur la lutte contre la désertification dans les pays gravement touchés par la sécheresse et/ou la désertification, en particulier en Afrique</inline>
      </p>
      <p>
        <docTitle>Résolution adoptée par l’Assemblée générale le 19 décembre 2019</docTitle>
      </p>
      <p xml:space="preserve">
        <docProponent refersTo="#secondCommittee">[sur la base du rapport de la Deuxième Commission (<inline name="originating document">A/74/381/Add.5</inline>)]</docProponent>
      </p>
    </coverPage>
    <preface>
      <p>
        <docNumber>74/220.</docNumber>
        <docTitle refersTo="#resolutionTitle">Application de la Convention des Nations Unies sur la lutte contre la désertification dans les pays gravement touchés par la sécheresse et/ou la désertification, en particulier en Afrique</docTitle>
      </p>
    </preface>
    <preamble>
      <formula name="enactingFormula" eId="formula_1">
        <p xml:space="preserve">
          <span class="italic">L’Assemblée générale</span>,</p>
      </formula>
      <container name="Rappelant " eId="container_2">
        <p xml:space="preserve">
          <span class="italic">Rappelant </span>sa résolution <a href="https://undocs.org/fr/A/RES/73/233">73/233</a> du 20 décembre 2018 et les autres résolutions relatives à l’application de la Convention des Nations Unies sur la lutte contre la désertification dans les pays gravement touchés par la sécheresse et/ou la désertification, en particulier en Afrique<authorialNote marker="1" placement="bottom" eId="authorialNote_1"><p xml:space="preserve">		Nations Unies, <span class="italic">Recueil des Traités</span>, vol. 1954, n<sup>o</sup> 33480.</p></authorialNote>,</p>
      </container>
      <container name="Réaffirmant " eId="container_3">
        <p xml:space="preserve">
          <span class="italic">Réaffirmant </span>les dispositions de sa résolution <a href="https://undocs.org/fr/A/RES/70/1">70/1</a> du 25 septembre 2015 intitulée « Transformer notre monde : le Programme de développement durable à l’horizon 2030 », dans laquelle a été adoptée une série complète d’objectifs et de cibles ambitieux, universels, axés sur l’être humain et porteurs de changement, et réaffirmant qu’elle s’engage à œuvrer sans relâche pour que ce programme soit appliqué dans son intégralité d’ici à 2030, qu’elle considère que l’élimination de la pauvreté sous toutes ses formes et dans toutes ses dimensions, y compris l’extrême pauvreté, constitue le plus grand défi auquel l’humanité doit faire face et une condition indispensable au développement durable, et qu’elle est attachée à réaliser le développement durable dans ses trois dimensions – économique, sociale et environnementale – d’une manière équilibrée et intégrée en tirant parti de ce qui a été fait dans le cadre des objectifs du Millénaire pour le développement, dont elle s’efforcera d’achever la réalisation,</p>
      </container>
      <container name="Rappelant " eId="container_4">
        <p xml:space="preserve">
          <span class="italic">Rappelant </span>que, dans le Programme de développement durable à l’horizon 2030, la communauté internationale s’est engagée à lutter contre la désertification, à restaurer les terres et sols dégradés, notamment les terres touchées par la désertification, la sécheresse et les inondations, et à s’efforcer de parvenir à un monde neutre en matière de dégradation des terres d’ici à 2030,</p>
      </container>
      <container name="Réaffirmant " eId="container_5">
        <p xml:space="preserve">
          <span class="italic">Réaffirmant </span>les dispositions de sa résolution <a href="https://undocs.org/fr/A/RES/69/313">69/313</a> du 27 juillet 2015 sur le Programme d’action d’Addis-Abeba issu de la troisième Conférence internationale sur le financement du développement, qui appuie et complète le Programme de développement durable à l’horizon 2030 dont il fait partie intégrante, qui contribue à replacer dans leur contexte les cibles concernant les moyens de mise en œuvre grâce à l’adoption de politiques et mesures concrètes, et qui réaffirme la volonté politique résolue de faire face aux problèmes de financement et de créer, à tous les niveaux, un environnement propice au développement durable, dans un esprit de partenariat et de solidarité planétaires,</p>
      </container>
      <container name="Notant" eId="container_6">
        <p xml:space="preserve">
          <span class="italic">Notant</span> que, dans sa décision 3/COP.14<authorialNote marker="2" placement="bottom" eId="authorialNote_2"><p xml:space="preserve">		Voir <a href="https://undocs.org/fr/ICCD/COP(14)/23/Add.1">ICCD/COP(14)/23/Add.1</a>.</p></authorialNote>, la Conférence des Parties à la Convention invite les Parties qui se sont engagées à atteindre des cibles volontaires de neutralité en matière de dégradation des terres à mettre en œuvre des mesures pour accélérer leur réalisation, notamment en créant un environnement propice à la réalisation de la neutralité en matière de dégradation des terres, y compris une gouvernance responsable des terres et la sécurité d’occupation, à la participation des parties prenantes et à l’amélioration de l’accès des petits propriétaires aux services consultatifs et financiers,</p>
      </container>
      <container name="Notant également " eId="container_7">
        <p xml:space="preserve">
          <span class="italic">Notant également </span>que la lutte contre la désertification, la dégradation des terres et la sécheresse, notamment par une gestion durable des ressources naturelles, peut contribuer au développement durable pour tous et à une réduction des déplacements,</p>
      </container>
      <container name="Ayant à l’esprit" eId="container_8">
        <p xml:space="preserve">
          <span class="italic">	Ayant à l’esprit</span> sa résolution <a href="https://undocs.org/fr/A/RES/62/195">62/195</a> du 19 décembre 2007, par laquelle elle a proclamé la décennie 2010-2020 « Décennie des Nations Unies pour les déserts et la lutte contre la désertification », et sa résolution <a href="https://undocs.org/fr/A/RES/64/201">64/201</a> du 21 décembre 2009, dans laquelle elle a chargé le secrétariat de la Convention des Nations Unies sur la lutte contre la désertification dans les pays gravement touchés par la sécheresse et/ou la désertification, en particulier en Afrique, de coordonner les activités relatives à la Décennie, et invité les États parties à la Convention, les observateurs et les autres parties intéressées à organiser des activités dans le cadre de la mise en œuvre de la Décennie,</p>
      </container>
      <container name="Ayant également à l’esprit " eId="container_9">
        <p xml:space="preserve">
          <span class="italic">	Ayant également à l’esprit </span>sa résolution <a href="https://undocs.org/fr/A/RES/73/284">73/284</a> du 1<sup>er</sup> mars 2019, dans laquelle elle a proclamé la période 2021-2030 « Décennie des Nations Unies pour la restauration des écosystèmes »,</p>
      </container>
      <container name="Rappelant" eId="container_10">
        <p xml:space="preserve">
          <span class="italic">Rappelant</span> l’adoption du Cadre stratégique de la Convention (2018-2030)<authorialNote marker="3" placement="bottom" eId="authorialNote_3"><p xml:space="preserve"><a href="https://undocs.org/fr/ICCD/COP(13)/21/Add.1">ICCD/COP(13)/21/Add.1</a>, décision 7/COP.13, annexe.</p></authorialNote>, qui comporte notamment un nouvel objectif stratégique relatif à la sécheresse,</p>
      </container>
      <container name="Réaffirmant" eId="container_11">
        <p xml:space="preserve">
          <span class="italic">Réaffirmant</span> la teneur de l’Accord de Paris<authorialNote marker="4" placement="bottom" eId="authorialNote_4"><p xml:space="preserve">		Conclu au titre de la CCNUCC et paru sous la cote <a href="https://undocs.org/fr/FCCC/CP/2015/10/add.1">FCCC/CP/2015/10/add.1</a>, décision 1/CP.21.</p></authorialNote>, qui est entré en vigueur rapidement, encourageant toutes les parties à l’appliquer dans son intégralité, et engageant les Parties à la Convention-cadre des Nations Unies sur les changements climatiques<authorialNote marker="5" placement="bottom" eId="authorialNote_5"><p xml:space="preserve">		Nations Unies, <span class="italic">Recueil des Traités</span>, vol. 1771, n<sup>o</sup> 30822.</p></authorialNote> qui ne l’ont pas encore fait à déposer dès que possible leurs instruments de ratification, d’acceptation, d’approbation ou d’adhésion, selon qu’il conviendra,</p>
      </container>
      <container name="Consciente " eId="container_12">
        <p xml:space="preserve">
          <span class="italic">	Consciente </span>que les changements climatiques, les pratiques agricoles et forestières non durables et la dégradation des terres, entre autres, sont d’importants facteurs qui participent de façon croissante à l’appauvrissement de la biodiversité et à la dégradation des écosystèmes, et que la préservation, la restauration et l’exploitation durable de la biodiversité ainsi que des écosystèmes et des services connexes, notamment grâce à des solutions fondées sur la nature, contribuent beaucoup à la neutralité en matière de dégradation des terres, à l’adaptation aux changements climatiques et à l’atténuation de leurs effets, à la réduction des risques de catastrophe, à la sécurité alimentaire et à la nutrition,</p>
      </container>
      <container name="Prenant acte avec préoccupation" eId="container_13">
        <p xml:space="preserve">
          <span class="italic">Prenant acte avec préoccupation</span> des conclusions formulées par la Plateforme intergouvernementale science-politique sur la biodiversité et les services écosystémiques dans son évaluation sur la dégradation et la restauration des terres et son évaluation mondiale de la biodiversité et des services écosystémiques, et de celles présentées par le Groupe d’experts intergouvernemental sur l’évolution du climat dans son rapport spécial sur le changement climatique, la désertification, la dégradation des terres, la gestion durable des terres, la sécurité alimentaire et les flux de gaz à effet de serre dans les écosystèmes terrestres et dans son rapport spécial intitulé <span class="italic">Global Warming of 1,5ºC</span>,</p>
      </container>
      <container name="Vivement préoccupée " eId="container_14">
        <p xml:space="preserve">
          <span class="italic">	Vivement préoccupée </span>par la tendance persistante à la dégradation des terres et par le fait que ce sont les personnes en situation de vulnérabilité qui pâtissent le plus des effets de la désertification, de la dégradation des terres et de la sécheresse,</p>
      </container>
      <container name="Rappelant " eId="container_15">
        <p xml:space="preserve">
          <span class="italic">Rappelant </span>le plan stratégique des Nations Unies sur les forêts (2017-2030)<authorialNote marker="6" placement="bottom" eId="authorialNote_6"><p xml:space="preserve">		Voir résolution <a href="https://undocs.org/fr/A/RES/71/285">71/285</a>.</p></authorialNote> et sachant que les forêts de tous types procurent des services écosystémiques essentiels tels que le bois, l’alimentation, le carburant, le fourrage, les produits non ligneux et les logements, contribuent à assurer la conservation des sols, la protection des eaux et la qualité de l’air, que la gestion durable des forêts et des arbres en général est essentielle à la mise en œuvre intégrée du Programme de développement durable à l’horizon 2030 et que les forêts empêchent la dégradation des terres et la désertification et réduisent les risques d’inondation, d’érosion des sols, de glissement de terrain et d’avalanche, de sécheresse, de tempête de poussière et de sable et d’autres catastrophes,</p>
      </container>
      <container name="Remerciant " eId="container_16">
        <p xml:space="preserve">
          <span class="italic">Remerciant </span>le Gouvernement indien d’avoir accueilli la quatorzième session de la Conférence des Parties à la Convention des Nations Unies sur la lutte contre la désertification dans les pays gravement touchés par la sécheresse et/ou la désertification, en particulier en Afrique, tenue à New Delhi du 2 au 13 septembre 2019,</p>
      </container>
      <container name="Prenant acte" eId="container_17">
        <p xml:space="preserve">
          <span class="italic">Prenant acte</span> de la création, au titre de la Convention, d’un groupe de travail intergouvernemental chargé d’élaborer des directives et des mesures d’application efficaces en matière de lutte contre la sécheresse, qui devra présenter pour examen ses conclusions et recommandations à la Conférence des Parties lors de sa quinzième session,</p>
      </container>
      <container name="Réaffirmant " eId="container_18">
        <p xml:space="preserve">
          <span class="italic">	Réaffirmant </span>l’importance du rôle directeur du gouvernement, des partenariats multipartites et de l’engagement accru du secteur privé pour la gestion durable, la restauration et la réhabilitation des écosystèmes, de la biodiversité et des terres,</p>
      </container>
      <container name="Soulignant" eId="container_19">
        <p xml:space="preserve">
          <span class="italic">Soulignant</span> l’importance que revêt la participation de diverses parties prenantes aux niveaux local, sous-national, national et régional et de tous les secteurs de la société, y compris les organisations de la société civile, les administrations locales et le secteur privé, selon qu’il conviendra, à l’application de la Convention et de son cadre stratégique (2018-2030),</p>
      </container>
      <container name="Reconnaissant " eId="container_20">
        <p xml:space="preserve">
          <span class="italic">Reconnaissant </span>la valeur des connaissances, de l’éducation, de la science et des nouvelles technologies pour la gestion durable des terres, notamment l’intérêt que présente l’application des Directives volontaires pour une gestion durable des sols de l’Organisation des Nations Unies pour l’alimentation et l’agriculture, soulignant l’importance d’une prise de décisions éclairée par la science et le fait que, dès lors, il faut promouvoir davantage la science et la technologie pour lutter contre la désertification, la dégradation des terres et la sécheresse, et approuvant les travaux de l’Interface science-politique de la Convention,</p>
      </container>
    </preamble>
    <mainBody>
      <paragraph eId="para_21" class="MercuryDocument">
        <num>	1.</num>
        <content eId="para_21__content">
          <p xml:space="preserve">
            <span class="italic">Prend acte</span> du rapport du Secrétaire général sur l’application de la résolution <a href="https://undocs.org/fr/A/RES/73/233">73/233</a> relative à la Convention des Nations Unies sur la lutte contre la désertification dans les pays gravement touchés par la sécheresse et/ou la désertification, en particulier en Afrique<authorialNote marker="7" placement="bottom" eId="authorialNote_7"><p xml:space="preserve"><a href="https://undocs.org/fr/A/74/207">A/74/207</a>, sect. II.</p></authorialNote> ;</p>
        </content>
      </paragraph>
      <paragraph eId="para_22" class="MercuryDocument">
        <num>	2.</num>
        <content eId="para_22__content">
          <p xml:space="preserve">
            <span class="italic">Accueille avec satisfaction</span> les textes issus de la quatorzième session de la Conférence des Parties à la Convention des Nations Unies sur la lutte contre la désertification dans les pays gravement touchés par la sécheresse et/ou la désertification, en particulier en Afrique<sup>2</sup>, et souligne l’importance que revêt leur application effective ;</p>
        </content>
      </paragraph>
      <paragraph eId="para_23" class="MercuryDocument">
        <num>	3.</num>
        <content eId="para_23__content">
          <p xml:space="preserve">
            <span class="italic">Accueille également avec satisfaction</span> la Déclaration de New Delhi, intitulée « Investir dans les terres et débloquer des opportunités »<authorialNote marker="8" placement="bottom" eId="authorialNote_8"><p xml:space="preserve"><a href="https://undocs.org/fr/ICCD/COP(14)/23/Add.1">ICCD/COP(14)/23/Add.1</a>, décision 27/COP.14, annexe I.</p></authorialNote> ;</p>
        </content>
      </paragraph>
      <paragraph eId="para_24" class="MercuryDocument">
        <num>	4.</num>
        <content eId="para_24__content">
          <p xml:space="preserve">
            <span class="italic">Invite</span> les États Membres à soutenir les efforts visant à réaliser les objectifs stratégiques de la Convention des Nations Unies sur la lutte contre la désertification dans les pays gravement touchés par la sécheresse et/ou la désertification, en particulier en Afrique<sup>1</sup> ;</p>
        </content>
      </paragraph>
      <paragraph eId="para_25" class="MercuryDocument">
        <num>	5.</num>
        <content eId="para_25__content">
          <p xml:space="preserve">
            <span class="italic">Engage vivement</span> les Parties à la Convention à appliquer le Cadre stratégique de la Convention (2018-2030)<sup>3</sup> et à aligner leurs politiques, programmes, plans et mécanismes nationaux relatifs à la désertification, à la dégradation des terres et à la sécheresse sur le Cadre, en tenant compte du Programme d’action d’Addis-Abeba issu de la troisième Conférence internationale sur le financement du développement<authorialNote marker="9" placement="bottom" eId="authorialNote_9"><p xml:space="preserve">		Résolution <a href="https://undocs.org/fr/A/RES/69/313">69/313</a>, annexe.</p></authorialNote> ;</p>
        </content>
      </paragraph>
      <paragraph eId="para_26" class="MercuryDocument">
        <num>	6.</num>
        <content eId="para_26__content">
          <p xml:space="preserve">
            <span class="italic">Réaffirme</span> que la concrétisation de la neutralité en matière de dégradation des terres permettrait d’accélérer la réalisation des objectifs de développement durable, de favoriser leur intégration, de stimuler le financement du développement durable et de l’action climatique aux fins de la mise en œuvre de la Convention et de répondre aux objectifs généraux du Programme de développement durable à l’horizon 2030<authorialNote marker="10" placement="bottom" eId="authorialNote_10"><p xml:space="preserve">		Résolution <a href="https://undocs.org/fr/A/RES/70/1">70/1</a>.</p></authorialNote> ;</p>
        </content>
      </paragraph>
      <paragraph eId="para_27" class="MercuryDocument">
        <num>	7.</num>
        <content eId="para_27__content">
          <p xml:space="preserve">
            <span class="italic">Réaffirme </span>qu’il faut lutter contre la désertification, restaurer les terres et sols dégradés, notamment les terres touchées par la désertification, la sécheresse et les inondations, et s’efforcer de parvenir à un monde neutre en matière de dégradation des terres, prend note avec satisfaction du Programme de définition de cibles de neutralité en matière de dégradation des terres et des travaux menés par le secrétariat de la Convention et les partenaires pour aider les Parties à la Convention à entreprendre des activités de définition volontaire de cibles, et invite à cet égard les Parties à la Convention qui ne l’ont pas encore fait à souscrire au Programme ;</p>
        </content>
      </paragraph>
      <paragraph eId="para_28" class="MercuryDocument">
        <num>	8.</num>
        <content eId="para_28__content">
          <p xml:space="preserve">
            <span class="italic">Sait</span> que les solutions terrestres, qui sont des solutions fondées sur la nature, constituent des options prometteuses méritant d’être évaluées et envisagées aux fins du stockage du carbone et du renforcement de la résilience des populations et des écosystèmes touchés par la désertification, la dégradation des terres et la sécheresse, ainsi que par les effets néfastes des changements climatiques ;</p>
        </content>
      </paragraph>
      <paragraph eId="para_29" class="MercuryDocument">
        <num>	9.</num>
        <content eId="para_29__content">
          <p xml:space="preserve">
            <span class="italic">Estime</span> qu’il importe d’avoir recours à des technologies nouvelles et novatrices et à des politiques et dispositifs adaptés, ainsi qu’à la mise en commun de pratiques exemplaires dans la lutte contre la désertification, la dégradation des terres et la sécheresse, et prie le Secrétaire général de continuer de recenser, le cas échéant, dans son rapport sur l’application de la présente résolution, ces technologies, politiques adaptées et pratiques exemplaires ;</p>
        </content>
      </paragraph>
      <paragraph eId="para_30" class="MercuryDocument">
        <num>	10.</num>
        <content eId="para_30__content">
          <p xml:space="preserve">
            <span class="italic">Engage</span> les entités des Nations Unies à tenir compte du fait que la neutralité en matière de dégradation des terres pourrait accélérer la réalisation des objectifs de développement durable lorsqu’elles conçoivent ou exécutent leurs programmes et projets ;</p>
        </content>
      </paragraph>
      <paragraph eId="para_31" class="MercuryDocument">
        <num>	11.</num>
        <content eId="para_31__content">
          <p xml:space="preserve">
            <span class="italic">Souligne</span> qu’il importe que l’établissement de rapports, le suivi et l’examen globaux soient effectués aux niveaux mondial, national et régional, en vue de suivre l’avancement de l’application de la Convention ;</p>
        </content>
      </paragraph>
      <paragraph eId="para_32" class="MercuryDocument">
        <num>	12.</num>
        <content eId="para_32__content">
          <p xml:space="preserve">
            <span class="italic">Invite de nouveau</span> les Parties à la Convention à prendre des mesures pour s’assurer, selon qu’il conviendra, que leurs institutions compétentes tiennent compte de la gestion des risques de sécheresse, des informations sur le climat et des évaluations des effets des changements climatiques dans les processus de décision et les initiatives pertinents ;</p>
        </content>
      </paragraph>
      <paragraph eId="para_33" class="MercuryDocument">
        <num>	13.</num>
        <content eId="para_33__content">
          <p xml:space="preserve">
            <span class="italic">Invite </span>les Parties à la Convention à prêter leur plein concours au nouveau Secrétaire exécutif de la Convention pour lui permettre de s’acquitter de son mandat et promouvoir l’application de la Convention ;</p>
        </content>
      </paragraph>
      <paragraph eId="para_34" class="MercuryDocument">
        <num>	14.</num>
        <content eId="para_34__content">
          <p xml:space="preserve">
            <span class="italic">Souligne</span> qu’il faut d’urgence renforcer la capacité d’adaptation et la résilience et réduire la vulnérabilité face aux changements climatiques et aux phénomènes météorologiques extrêmes, et demande instamment à cet égard aux États Membres de continuer à s’investir dans les processus de planification de l’adaptation et de renforcer la coopération pour la réduction des risques de catastrophe ;</p>
        </content>
      </paragraph>
      <paragraph eId="para_35" class="MercuryDocument">
        <num>	15.</num>
        <content eId="para_35__content">
          <p xml:space="preserve">
            <span class="italic">Invite </span>la Coalition des Nations Unies pour la lutte contre les tempêtes de sable et de poussière, qui a été constituée en septembre 2018 à la vingt-quatrième réunion des hauts responsables du Groupe de la gestion de l’environnement, et les autres entités compétentes des Nations Unies à continuer de collaborer pour aider les États parties touchés par ce fléau à élaborer et à appliquer des politiques nationales et régionales sur les tempêtes de sable et de poussière ;</p>
        </content>
      </paragraph>
      <paragraph eId="para_36" class="MercuryDocument">
        <num>	16.</num>
        <content eId="para_36__content">
          <p xml:space="preserve">
            <span class="italic">Considère</span> que l’égalité des sexes et l’autonomisation des femmes et des filles continuent de contribuer de manière essentielle à la mise en œuvre effective de la Convention, y compris de son cadre stratégique (2018-2030), et à la réalisation des objectifs fixés dans le Programme de développement durable à l’horizon 2030, souligne qu’il importe que les Parties à la Convention et les partenaires cherchent à assurer la participation égale des femmes et des hommes à la planification, à la prise de décisions et à l’exécution à tous les niveaux et continuent à promouvoir l’égalité des sexes et l’autonomisation des femmes et des filles dans les politiques et les activités de lutte contre la désertification, la dégradation des terres et la sécheresse, et insiste sur l’importance que revêt l’application effective des quatre domaines thématiques prioritaires du Plan d’action pour l’égalité des sexes adopté par les Parties à la Convention ;</p>
        </content>
      </paragraph>
      <paragraph eId="para_37" class="MercuryDocument">
        <num>	17.</num>
        <content eId="para_37__content">
          <p xml:space="preserve">
            <span class="italic">Invite de nouveau </span>le secrétariat et le Mécanisme mondial de la Convention à continuer de collaborer et de nouer des partenariats avec les secrétariats des entités responsables des autres conventions de Rio, ainsi qu’avec ceux de l’Entité des Nations Unies pour l’égalité des sexes et l’autonomisation des femmes (ONU-Femmes), d’autres organismes des Nations Unies, de diverses organisations internationales et des autres organisations concernées par cette question, le but étant de multiplier les activités de sensibilisation, d’améliorer le Plan d’action pour l’égalité des sexes et d’élaborer de nouveaux outils et directives pouvant être utilisés par les Parties pour traiter des domaines thématiques du Plan d’action et veiller à ce que les questions de genre soient prises en considération dans l’application de la Convention ;</p>
        </content>
      </paragraph>
      <paragraph eId="para_38" class="MercuryDocument">
        <num>	18.</num>
        <content eId="para_38__content">
          <p xml:space="preserve">
            <span class="italic">Rappelle</span> qu’elle a invité les Parties à la Convention à reconnaître juridiquement l’égalité des droits des femmes et des hommes en matière d’utilisation des sols et de propriété foncière et à renforcer l’égalité d’accès aux terres et la sécurité d’occupation des terres pour les femmes, ainsi qu’à promouvoir l’adoption de mesures de lutte contre la désertification, la dégradation des terres et la sécheresse et de réalisation de la neutralité en matière de dégradation des terres qui tiennent compte de la problématique femmes-hommes et du contexte national ;</p>
        </content>
      </paragraph>
      <paragraph eId="para_39" class="MercuryDocument">
        <num>	19.</num>
        <content eId="para_39__content">
          <p xml:space="preserve">
            <span class="italic">Encourage</span> les Parties à la Convention à observer les Directives volontaires pour une gouvernance responsable des régimes fonciers applicables aux terres, aux pêches et aux forêts dans le contexte de la sécurité alimentaire nationale<authorialNote marker="11" placement="bottom" eId="authorialNote_11"><p xml:space="preserve">		Organisation des Nations Unies pour l’alimentation et l’agriculture, document CL 144/9 (C 2013/20), appendice D.</p></authorialNote> lorsqu’elles exécutent des activités visant à lutter contre la désertification, la dégradation des terres et la sécheresse ;</p>
        </content>
      </paragraph>
      <paragraph eId="para_40" class="MercuryDocument">
        <num>	20.</num>
        <content eId="para_40__content">
          <p xml:space="preserve">
            <span class="italic">Encourage</span> les secteurs public et privé à continuer d’investir dans la mise au point, l’adaptation et le développement de technologies, de politiques adaptées, de méthodes et d’outils pour lutter contre la désertification, la dégradation des terres et la sécheresse dans différentes régions, et à stimuler les échanges de connaissances, notamment l’échange de connaissances traditionnelles en accord avec ceux qui les détiennent, le renforcement des capacités et le partage de technologies selon des modalités arrêtées d’un commun accord ;</p>
        </content>
      </paragraph>
      <paragraph eId="para_41" class="MercuryDocument">
        <num>	21.</num>
        <content eId="para_41__content">
          <p xml:space="preserve">
            <span class="italic">Engage</span> les Parties à la Convention à continuer de promouvoir la prévention de la désertification, de la dégradation des terres et de la sécheresse, grâce à une approche paysagère intégrée, fondée notamment sur la réhabilitation et la restauration des terres dégradées, ainsi que sur la gestion durable des terres ;</p>
        </content>
      </paragraph>
      <paragraph eId="para_42" class="MercuryDocument">
        <num>	22.</num>
        <content eId="para_42__content">
          <p xml:space="preserve">
            <span class="italic">Engage </span>les pays développés parties à la Convention et les autres parties concernées à appuyer activement les efforts déployés par les pays en développement parties à la Convention pour promouvoir des pratiques de gestion durable des terres et s’efforcer de parvenir à un monde neutre en matière de dégradation des terres en fournissant des ressources financières substantielles, provenant de toutes sources, en facilitant l’accès aux technologies appropriées selon des modalités arrêtées d’un commun accord et en apportant d’autres types d’appui, notamment sous la forme de mesures de renforcement des capacités ;</p>
        </content>
      </paragraph>
      <paragraph eId="para_43" class="MercuryDocument">
        <num>	23.</num>
        <content eId="para_43__content">
          <p xml:space="preserve">
            <span class="italic">Constate </span>qu’il est profitable de coopérer, notamment d’échanger des informations sur le climat, la météorologie et les systèmes de prévision et d’alerte rapide concernant la désertification, la dégradation des terres et la sécheresse, sans oublier les tempêtes de poussière et de sable, aux niveaux mondial, régional et sous-régional, et estime à cet égard qu’il faut que les Parties à la Convention et les organismes compétents coopèrent davantage pour agir dans ce sens ;</p>
        </content>
      </paragraph>
      <paragraph eId="para_44" class="MercuryDocument">
        <num>	24.</num>
        <content eId="para_44__content">
          <p xml:space="preserve">
            <span class="italic">Engage </span>toutes les entités compétentes des Nations Unies, agissant dans le cadre de leur mandat, à étudier les moyens de tirer parti des synergies entre la Convention sur la diversité biologique<authorialNote marker="12" placement="bottom" eId="authorialNote_12"><p xml:space="preserve">		Nations Unies, <span class="italic">Recueil des Traités</span>, vol. 1760, n<sup>o</sup> 30619.</p></authorialNote>, la Convention des Nations Unies sur la lutte contre la désertification dans les pays gravement touchés par la sécheresse et/ou la désertification, en particulier en Afrique, la Convention-cadre des Nations Unies sur les changements climatiques<sup>5</sup>, les autres accords multilatéraux relatifs à l’environnement et le Programme de développement durable à l’horizon 2030, et se félicite à cet égard de la poursuite des efforts déployés pour renforcer les synergies entre les secrétariats des conventions susmentionnées ;</p>
        </content>
      </paragraph>
      <paragraph eId="para_45" class="MercuryDocument">
        <num>	25.</num>
        <content eId="para_45__content">
          <p xml:space="preserve">
            <span class="italic">Invite</span> son président à organiser pendant sa soixante-quatorzième session, avec l’appui du Secrétaire exécutif de la Convention des Nations Unies sur la lutte contre la désertification dans les pays gravement touchés par la sécheresse et/ou la désertification, en particulier en Afrique, un dialogue de haut niveau visant à évaluer les progrès accomplis dans la lutte contre la désertification, la dégradation des terres et la sécheresse et à définir les moyens d’avancer, sachant que la Décennie des Nations Unies pour les déserts et la lutte contre la désertification arrive à sa fin en 2020 ;</p>
        </content>
      </paragraph>
      <paragraph eId="para_46" class="MercuryDocument">
        <num>	26.</num>
        <content eId="para_46__content">
          <p xml:space="preserve">
            <span class="italic">Prend note avec satisfaction</span> des contributions financières apportées par les États Membres et les donateurs au Fonds pour la neutralité en matière de dégradation des terres, et encourage les États Membres et les autres donateurs à verser de nouvelles contributions au Fonds et en faveur de l’Initiative sur la sécheresse de la Convention ;</p>
        </content>
      </paragraph>
      <paragraph eId="para_47" class="MercuryDocument">
        <num>	27.</num>
        <content eId="para_47__content">
          <p xml:space="preserve">
            <span class="italic">Décide</span> d’inscrire au calendrier des conférences et réunions des Nations Unies pour l’année 2020 et les années suivantes les sessions de la Conférence des Parties à la Convention et de chacun de ses organes subsidiaires, et prie le Secrétaire général de continuer à prévoir, dans les projets de budget-programme, les crédits nécessaires à la tenue de ces sessions ;</p>
        </content>
      </paragraph>
      <paragraph eId="para_48" class="MercuryDocument">
        <num>	28.</num>
        <content eId="para_48__content">
          <p xml:space="preserve">
            <span class="italic">Prie</span> le Secrétaire général de lui présenter, à sa soixante-quinzième session, un rapport sur l’application de la présente résolution, et décide d’inscrire à l’ordre du jour provisoire de sa soixante-quinzième session, au titre de la question intitulée « Développement durable », la question subsidiaire intitulée « Application de la Convention des Nations Unies sur la lutte contre la désertification dans les pays gravement touchés par la sécheresse et/ou la désertification, en particulier en Afrique ».</p>
        </content>
      </paragraph>
    </mainBody>
    <conclusions eId="conclusions">
      <p>
        <inline name="adoptionMeeting" title="52e">52e séance plénière</inline>
        <eol />
        <docDate date="2019-12-19" refersTo="#adoptionDate">19 décembre 2019</docDate>
      </p>
    </conclusions>
  </statement>
</akomaNtoso>