<akomaNtoso xmlns:xsi="http://www.w3.org/2001/XMLSchema-instance" xsi:schemaLocation="http://docs.oasis-open.org/legaldocml/ns/akn/3.0 http://docs.oasis-open.org/legaldocml/akn-core/v1.0/os/part2-specs/schemas/akomantoso30.xsd" xmlns="http://docs.oasis-open.org/legaldocml/ns/akn/3.0" xmlns:html="http://www.w3.org/1999/xhtml" xmlns:akn4un="http://un.org/akn4un">
  <statement name="resolution">
    <meta>
      <identification source="#DGACM">
        <FRBRWork>
          <FRBRthis value="/akn/un/statement/deliberation/unga/2020-05-28/74-275/!main/"></FRBRthis>
          <FRBRuri value="/akn/un/statement/deliberation/unga/2020-05-28/74-275/"></FRBRuri>
          <FRBRdate date="2020-05-28" name="adoption"></FRBRdate>
          <FRBRauthor href="ga" as="author"></FRBRauthor>
          <FRBRcountry value="un"></FRBRcountry>
        </FRBRWork>
        <FRBRExpression>
          <FRBRthis value="/akn/un/statement/deliberation/unga/2020-05-28/74-275/fra@!main/"></FRBRthis>
          <FRBRuri value="/akn/un/statement/deliberation/unga/2020-05-28/74-275/fra@/"></FRBRuri>
          <FRBRdate date="2020-05-29" name="publication"></FRBRdate>
          <FRBRauthor href="ga" as="issuer"></FRBRauthor>
          <FRBRlanguage language="fra"></FRBRlanguage>
        </FRBRExpression>
        <FRBRManifestation>
          <FRBRthis value="/akn/un/statement/deliberation/unga/2020-05-28/74-275/fra@/!main.xml"></FRBRthis>
          <FRBRuri value="/akn/un/statement/deliberation/unga/2020-05-28/74-275/fra@.xml"></FRBRuri>
          <FRBRdate date="2020-10-10" name="markup"></FRBRdate>
          <FRBRauthor href="DGACM" as="editor"></FRBRauthor>
        </FRBRManifestation>
      </identification>
      <classification source="http://metadata.un.org/sdg">
        <keyword value="4" href="http://metadata.un.org/sdg/4" showAs="sdg_4" dictionary="SDGO"></keyword>
        <keyword value="education" href="http://eurovoc.europa.eu/668" showAs="education" dictionary="EuroVoc"></keyword>
        <keyword value="right_to_education" href="http://eurovoc.europa.eu/512" showAs="right_to_education" dictionary="EuroVoc"></keyword>
        <keyword value="education" href="http://metadata.un.org/thesaurus/1001893" showAs="education" dictionary="UNBIS Thesaurus"></keyword>
      </classification>
      <classification source="http://metadata.un.org/sdg">
        <keyword value="5" href="http://metadata.un.org/sdg/5" showAs="sdg_5" dictionary="SDGO"></keyword>
        <keyword value="gender_equality" href="http://eurovoc.europa.eu/3913" showAs="gender_equality" dictionary="EuroVoc"></keyword>
        <keyword value="participation_of_women" href="http://eurovoc.europa.eu/2265" showAs="participation_of_women" dictionary="EuroVoc"></keyword>
        <keyword value="women&amp;#39;s_rights" href="http://eurovoc.europa.eu/585" showAs="women&amp;#39;s_rights" dictionary="EuroVoc"></keyword>
        <keyword value="position_of_women" href="http://eurovoc.europa.eu/81" showAs="position_of_women" dictionary="EuroVoc"></keyword>
        <keyword value="women" href="http://metadata.un.org/thesaurus/1007029" showAs="women" dictionary="UNBIS Thesaurus"></keyword>
        <keyword value="gender_equality" href="http://metadata.un.org/thesaurus/1002612" showAs="gender_equality" dictionary="UNBIS Thesaurus"></keyword>
        <keyword value="girls" href="http://metadata.un.org/thesaurus/1002684" showAs="girls" dictionary="UNBIS Thesaurus"></keyword>
      </classification>
      <classification source="http://metadata.un.org/sdg">
        <keyword value="11" href="http://metadata.un.org/sdg/11" showAs="sdg_11" dictionary="SDGO"></keyword>
        <keyword value="urban_area" href="http://eurovoc.europa.eu/4809" showAs="urban_area" dictionary="EuroVoc"></keyword>
        <keyword value="cities" href="http://metadata.un.org/thesaurus/1000995" showAs="cities" dictionary="UNBIS Thesaurus"></keyword>
        <keyword value="human_settlements" href="http://metadata.un.org/thesaurus/1002986" showAs="human_settlements" dictionary="UNBIS Thesaurus"></keyword>
      </classification>
      <classification source="http://metadata.un.org/sdg">
        <keyword value="16" href="http://metadata.un.org/sdg/16" showAs="sdg_16" dictionary="SDGO"></keyword>
        <keyword value="right_to_justice" href="http://eurovoc.europa.eu/516" showAs="right_to_justice" dictionary="EuroVoc"></keyword>
        <keyword value="sustainable_development" href="http://eurovoc.europa.eu/5585" showAs="sustainable_development" dictionary="EuroVoc"></keyword>
        <keyword value="civil_society" href="http://metadata.un.org/thesaurus/1001012" showAs="civil_society" dictionary="UNBIS Thesaurus"></keyword>
        <keyword value="justice" href="http://metadata.un.org/thesaurus/1003500" showAs="justice" dictionary="UNBIS Thesaurus"></keyword>
        <keyword value="peaceful_coexistence" href="http://metadata.un.org/thesaurus/1004777" showAs="peaceful_coexistence" dictionary="UNBIS Thesaurus"></keyword>
        <keyword value="public_institutions" href="http://metadata.un.org/thesaurus/1005254" showAs="public_institutions" dictionary="UNBIS Thesaurus"></keyword>
        <keyword value="social_justice" href="http://metadata.un.org/thesaurus/1005970" showAs="social_justice" dictionary="UNBIS Thesaurus"></keyword>
        <keyword value="sustainable_development" href="http://metadata.un.org/thesaurus/1006319" showAs="sustainable_development" dictionary="UNBIS Thesaurus"></keyword>
      </classification>
      <workflow source="#un">
        <step date="2020-05-12" outcome="draftResolution" as="A/74/L.66" by="Argentina, Armenia, Austria, Canada, Costa Rica, Croatia, France, Ireland, Italy, Jordan, Kyrgyzstan, Luxembourg, Malta, Netherlands, Peru, Poland, Portugal, Qatar, Romania, San Marino, Spain, Turkey, Ukraine and Uruguay" />
        <step date="0001-01-01" outcome="draftResolutionAdditionalSponsors" by="Andorra, Antigua and Barbuda, Belgium, Bosnia and Herzegovina, Bulgaria, Burkina Faso, Côte d’Ivoire, Czechia, Denmark, Djibouti, Ecuador, El Salvador, Estonia, Finland, Georgia, Germany, Greece, Kenya, Latvia, Lebanon, Madagascar, Mexico, Monaco, Montenegro, Morocco, Nigeria, Norway, Palau, Rwanda, Serbia, Slovakia, Slovenia, Somalia, Sweden, Turkmenistan and Zambia" />
        <step date="0001-01-01" outcome="recommendedForAdoption" by="" />
        <step date="2020-04-20" outcome="adopted" as="Adopted through silence procedure" by="" />
      </workflow>
      <analysis source="#un">
        <parliamentary>
          <voting outcome="adoptedWithoutVote">
            <quorum value=""></quorum>
          </voting>
        </parliamentary>
      </analysis>
      <references source="#DGACM">
        <TLCOrganization eId="source" href="/akn/ontology/organization/un/DGACM" showAs="DGACM"></TLCOrganization>
        <TLCConcept eId="dateOfIssuance" href="/akn/ontology/concept/un/dateOfIssuance" showAs="Date of issuance"></TLCConcept>
        <TLCConcept eId="dateOfAdoption" href="/akn/ontology/concept/un/dateOfAdoption" showAs="Date of adoption"></TLCConcept>
        <TLCConcept eId="symbol" href="/akn/ontology/reference/un/symbol" showAs="Symbol"></TLCConcept>
        <TLCRole eId="publisher" href="/akn/ontology/role/un/publisher" showAs="Publisher"></TLCRole>
        <TLCRole eId="issuingBody" href="/akn/role/concept/un/issuingBody" showAs="Issuing body"></TLCRole>
        <TLCRole eId="author" href="/akn/ontology/role/un/author" showAs="Author"></TLCRole>
        <TLCRole eId="editor" href="/akn/ontology/role/un/editor" showAs="Editor"></TLCRole>
        <TLCRole eId="distribution" href="/akn/ontology/concept/un/generalDistribution" showAs="General distribution"></TLCRole>
        <TLCOrganization eId="ga" href="/akn/ontology/organization/un/generalAssembly" showAs="General Assembly"></TLCOrganization>
        <TLCTerm eId="resolutionTitle" href="/akn/ontology/reference/un/resolutionTitle" showAs="Resolution title"></TLCTerm>
        <TLCTerm eId="noMainCommittee" href="#noMainCommittee" showAs="sans renvoi à une grande commission"></TLCTerm>
        <TLCTerm eId="memberState" href="/akn/ontology/organization/un/memberState" showAs="Member State"></TLCTerm>
        <TLCTerm eId="inFavour" href="/akn/ontology/concept/un/voting/inFavour" showAs="In favour"></TLCTerm>
        <TLCTerm eId="against" href="/akn/ontology/concept/un/voting/against" showAs="Against"></TLCTerm>
        <TLCTerm eId="abstaining" href="/akn/ontology/concept/un/voting/abstaining" showAs="Abstaining"></TLCTerm>
      </references>
      <presentation source="#un">
        <akn4un:footerFirstPage>
          <akn4un:footerFirstPageLeft>
            <akn4un:internalCode>
              <docketNumber refersTo="#publicationJobNumber">20-07227 (F)</docketNumber>
              <img alt="bar code" class="barCode" src=""></img>
            </akn4un:internalCode>
          </akn4un:footerFirstPageLeft>
          <akn4un:footerFirstPageRight>
            <img alt="Please recycle" class="image" src="./recylcleLogo.jpg"></img>
            <img alt="embedded QR code" class="qrCode" src=""></img>
          </akn4un:footerFirstPageRight>
        </akn4un:footerFirstPage>
      </presentation>
    </meta>
    <coverPage eId="coverPage_1">
      <p>
        <span refersTo="#publisher" class="upperLeft">
          <docAuthority refersTo="#publisher">Nations Unies</docAuthority>
        </span>
      </p>
      <p class="upperRight">
        <docNumber refersTo="#symbol">A/RES/74/275</docNumber>
      </p>
      <p class="upperLeft">
        <img src="logo-un.jpg"></img>
        <docAuthority refersTo="#issuingBody" class="rightBig">Assemblée générale</docAuthority>
      </p>
      <p>
        <docStatus refersTo="#generalDistribution" class="rightSmall">Distr. générale</docStatus>
      </p>
      <p>
        <docDate date="2020-05-29" class="rightSmall" refersTo="#dateOfIssuance">29 mai 2020</docDate>
      </p>
      <p>
        <session refersTo="#generalAssembly" value="74" eId="coverPage_1__session_1">Soixante-quatorzième session</session>
      </p>
      <p>
        <inline name="agenda item">Point 117 de l’ordre du jour</inline>
      </p>
      <p>
        <inline name="agenda item name">Suite donnée aux textes issus du Sommet du Millénaire</inline>
      </p>
      <p>
        <docTitle>Résolution adoptée par l’Assemblée générale le 28 mai 2020</docTitle>
      </p>
      <p xml:space="preserve">
        <docProponent refersTo="#noMainCommittee">[sans renvoi à une grande commission (<inline name="originating document">A/74/L.66 et A/74/L.66/Add.1</inline>)]</docProponent>
      </p>
    </coverPage>
    <preface>
      <p>
        <docNumber>74/275.</docNumber>
        <docTitle refersTo="#resolutionTitle">Journée internationale pour la protection de l’éducation contre les attaques</docTitle>
      </p>
    </preface>
    <preamble>
      <formula name="enactingFormula" eId="formula_1">
        <p xml:space="preserve">
          <span class="italic">L’Assemblée générale</span>,</p>
      </formula>
      <container name="Réaffirmant " eId="container_2">
        <p xml:space="preserve">
          <span class="italic">	Réaffirmant </span>le droit de chacun à l’éducation, et rappelant à cet égard la Déclaration universelle des droits de l’homme<authorialNote marker="1" placement="bottom" eId="authorialNote_1"><p xml:space="preserve">	 	Résolution <a href="https://undocs.org/fr/A/RES/217 (iii)">217 A (III)</a>.</p></authorialNote>, le Pacte international relatif aux droits économiques, sociaux et culturels<authorialNote marker="2" placement="bottom" eId="authorialNote_2"><p xml:space="preserve">	 	Voir résolution <a href="https://undocs.org/fr/A/RES/2200 (xxi)">2200 A (XXI)</a>, annexe.</p></authorialNote>, la Convention relative au statut des réfugiés de 1951<authorialNote marker="3" placement="bottom" eId="authorialNote_3"><p xml:space="preserve">	 	Nations Unies, <span class="italic">Recueil des Traités</span>, vol. 189, n<sup>o</sup> 2545.</p></authorialNote>, la Convention de Genève relative à la protection des personnes civiles en temps de guerre, du 12 août 1949<authorialNote marker="4" placement="bottom" eId="authorialNote_4"><p xml:space="preserve">	 	Ibid., vol. 75, n<sup>o</sup> 973.</p></authorialNote>, la Convention sur l’élimination de toutes les formes de discrimination à l’égard des femmes<authorialNote marker="5" placement="bottom" eId="authorialNote_5"><p xml:space="preserve">	 	Ibid., vol. 1249, n<sup>o</sup> 20378.</p></authorialNote>, la Convention internationale sur l’élimination de toutes les formes de discrimination raciale<authorialNote marker="6" placement="bottom" eId="authorialNote_6"><p xml:space="preserve">	 	Ibid., vol. 660, n<sup>o</sup> 9464.</p></authorialNote>, la Convention relative aux droits de l’enfant<authorialNote marker="7" placement="bottom" eId="authorialNote_7"><p xml:space="preserve">	 	Ibid., vol. 1577, n<sup>o</sup> 27531.</p></authorialNote> et la Convention relative aux droits des personnes handicapées<authorialNote marker="8" placement="bottom" eId="authorialNote_8"><p xml:space="preserve">	 	Ibid., vol. 2515, n<sup>o</sup> 44910.</p></authorialNote>,</p>
      </container>
      <container name="Réaffirmant également " eId="container_3">
        <p xml:space="preserve">
          <span class="italic">	Réaffirmant également </span>les dispositions de sa résolution <a href="https://undocs.org/fr/A/RES/70/1">70/1</a> du 25 septembre 2015, intitulée « Transformer notre monde : le Programme de développement durable à l’horizon 2030 », qui recueillent l’engagement à assurer une éducation de qualité à tous les niveaux de l’enseignement – préprimaire, primaire, secondaire, supérieur, technique et professionnel –, étant entendu que chacun, quels que soient son sexe, son âge, sa race ou son origine ethnique, y compris les personnes handicapées, les migrants, les autochtones, les enfants et les jeunes en situation de vulnérabilité, devrait avoir accès à une formation qui l’aide à acquérir les connaissances et les compétences nécessaires pour mettre à profit les possibilités qui s’offrent à lui et participer pleinement à la vie de la société,</p>
      </container>
      <container name="Rappelant " eId="container_4">
        <p xml:space="preserve">
          <span class="italic">	Rappelant </span>sa résolution <a href="https://undocs.org/fr/A/RES/64/290">64/290</a> du 9 juillet 2010 sur le droit à l’éducation dans les situations d’urgence, dans laquelle elle a condamné les actes visant délibérément des civils dans les situations de conflit armé, y compris des écoliers, des étudiants et des enseignants, ainsi que les attaques contre des biens de caractère civil tels que les établissements d’enseignement, en violation du droit international, a déclaré que ces agissements pouvaient constituer des infractions graves aux Conventions de Genève de 1949<authorialNote marker="9" placement="bottom" eId="authorialNote_9"><p xml:space="preserve">	 	Ibid., vol. 75, n<sup>os</sup> 970 à 973.</p></authorialNote> et, dans le cas des États parties, des crimes de guerre au regard du Statut de Rome de la Cour pénale internationale<authorialNote marker="10" placement="bottom" eId="authorialNote_10"><p xml:space="preserve">	 	Ibid., vol. 2187, n<sup>o</sup> 38544.</p></authorialNote>, et a rappelé à toutes les parties à un conflit armé leur obligation, en vertu du droit international, de s’abstenir d’utiliser des biens de caractère civil, y compris des établissements d’enseignement, à des fins militaires et pour recruter des enfants,</p>
      </container>
      <container name="Soulignant" eId="container_5">
        <p xml:space="preserve">
          <span class="italic">	Soulignant</span> qu’il importe d’assurer à tous une éducation équitable, inclusive et de qualité et des possibilités d’apprentissage tout au long de la vie,</p>
      </container>
      <container name="Soulignant " eId="container_6">
        <p xml:space="preserve">
          <span class="italic">	Soulignant </span>la nécessité de prendre des mesures pour assurer la pleine réalisation du droit à l’éducation pour tous les enfants et, en particulier, de prendre toutes les mesures possibles pour protéger les écoles contre les attaques, ainsi que les personnes ayant droit à une protection pour ce qui les concerne dans les situations de conflit armé, de s’abstenir de toute action qui entrave l’accès des enfants à l’éducation, et de faciliter l’accès à l’éducation dans les conflits armés,</p>
      </container>
      <container name="Particulièrement préoccupée " eId="container_7">
          <p xml:space="preserve">
            <span class="italic">	Particulièrement préoccupée </span>par le fait que de nombreux enfants touchés par des conflits armés, en particulier les filles, ne vont plus à l’école pendant cette période, les écoles étant la cible d’attaques et des établissements scolaires ayant été endommagés ou détruits, mais aussi du fait de la menace que représentent les mines et les engins non explosés, ou de l’insécurité, des violences, notamment fondées sur le genre, qui sont commises dans les écoles et à leurs abords, et de la perte de leurs papiers d’identité,</p>
      </container>
      <container name="Notant " eId="container_8">
        <p xml:space="preserve">
          <span class="italic">	Notant </span>les efforts faits pour promouvoir et protéger le droit à l’éducation et pour faciliter la poursuite de l’enseignement en situation de conflit armé, y compris les efforts faits par les États Membres qui sont signataires de la Déclaration sur la sécurité dans les écoles,</p>
      </container>
      <container name="Rappelant " eId="container_9">
        <p xml:space="preserve">
          <span class="italic">	Rappelant </span>ses résolutions <a href="https://undocs.org/fr/A/RES/53/199">53/199</a> du 15 décembre 1998 et <a href="https://undocs.org/fr/A/RES/61/185">61/185</a> du 20 décembre 2006 sur la proclamation d’années internationales ainsi que la résolution <a href="https://undocs.org/fr/e/RES/1980/67">1980/67</a> du Conseil économique et social, en date du 25 juillet 1980, relative aux années internationales et aux anniversaires,</p>
      </container>
      <container name="Se disant consternée " eId="container_10">
          <p xml:space="preserve">
            <span class="italic">	Se disant consternée</span> par l’aggravation des attaques qui visent les établissements d’enseignement en tant que tels, leurs élèves et leurs enseignants, en violation du droit international humanitaire, ayant conscience des conséquences graves que ces actes ont sur la pleine réalisation du droit à l’éducation, en particulier des femmes et des filles, et les condamnant à nouveau dans les termes les plus fermes<authorialNote marker="11" placement="bottom" eId="authorialNote_11"><p xml:space="preserve">	 	Voir résolution <a href="https://undocs.org/fr/A/RES/70/137">70/137</a>.</p></authorialNote>,</p>
      </container>
      <container name="Profondément préoccupée " eId="container_11">
        <p xml:space="preserve">
          <span class="italic">	Profondément préoccupée </span>par la multiplication des attaques, ou menaces d’attaques, dirigées contre les écoles, et constatant que ces actes mettent gravement en péril la sécurité des enfants et des enseignants et limitent considérablement le plein exercice du droit à l’éducation, se déclarant préoccupée également par le fait que l’utilisation d’écoles à des fins militaires, en violation du droit international applicable, peut aussi mettre en danger la sécurité des enfants et des enseignants et compromettre le droit de l’enfant à l’éducation, et encourageant tous les États à intensifier leurs efforts pour éviter que des écoles ne soient utilisées à de telles fins,</p>
      </container>
      <container name="Vivement préoccupée " eId="container_12">
        <p xml:space="preserve">
          <span class="italic">	Vivement préoccupée </span>par le fait que la violence à l’égard des filles en milieu scolaire, notamment la violence et le harcèlement sexuels sur le chemin de l’école et dans les établissements scolaires, y compris la violence perpétrée par des enseignants, continue d’empêcher des filles de poursuivre leur scolarité et, dans de nombreux cas, d’entamer et d’achever des études secondaires, et que ces risques peuvent influer sur la décision des parents de permettre à leurs filles d’aller à l’école,</p>
      </container>
      <container name="Exhortant " eId="container_13">
        <p xml:space="preserve">
          <span class="italic">	Exhortant </span>toutes les parties à un conflit armé à respecter les obligations qui leur incombent en vertu du droit international humanitaire et du droit international des droits de l’homme, notamment à respecter les populations civiles, en particulier les étudiants et le personnel enseignant, ainsi que les biens de caractère civil tels que les établissements d’enseignement,</p>
      </container>
      <container name="Exhortant " eId="container_14">
        <p xml:space="preserve">
          <span class="italic">	Exhortant </span>tous les États Membres, y compris les donateurs, à continuer d’appuyer les divers mécanismes de financement de l’action humanitaire et d’envisager d’accroître leurs contributions aux programmes d’éducation auxquels il est fait référence dans les appels humanitaires, y compris les appels globaux et les appels éclairs, compte tenu des besoins estimés, afin de garantir en temps opportun un apport de ressources suffisantes, prévisibles, souples et adaptées aux besoins, et invitant le secteur privé et tous les individus et organismes concernés à faire de même,</p>
      </container>
      <container name="Prenant note" eId="container_15">
        <p xml:space="preserve">
          <span class="italic">	Prenant note</span> de l’action menée par la Représentante spéciale du Secrétaire général pour la question des enfants et des conflits armés au sujet des six violations graves commises contre des enfants en temps de conflit armé,</p>
      </container>
    </preamble>
    <mainBody>
      <paragraph eId="para_16" class="MercuryDocument">
        <num>	1.</num>
        <content eId="para_16__content">
          <p xml:space="preserve">
            <span class="italic">Décide </span>de proclamer le 9 septembre Journée internationale pour la protection de l’éducation contre les attaques ; </p>
        </content>
      </paragraph>
      <paragraph eId="para_17" class="MercuryDocument">
        <num>	2.</num>
        <content eId="para_17__content">
          <p xml:space="preserve">
            <span class="italic">Réaffirme </span>le droit à l’éducation pour tous et l’importance qu’il y a, dans les situations d’urgence humanitaire, à assurer la sécurité des établissements scolaires, à mettre en place des conditions propices à l’apprentissage et à dispenser un enseignement de qualité à tous les niveaux, y compris pour les filles, en offrant, lorsque c’est possible, une formation technique et professionnelle, grâce à un financement adéquat et à des investissements dans les infrastructures, pour le bien-être de tous, estime à cet égard que l’accès à un enseignement de qualité peut contribuer à la réalisation des objectifs de développement à long terme, réaffirme qu’il faut protéger et respecter les établissements d’enseignement, conformément aux dispositions du droit international humanitaire, condamne fermement toutes les attaques dirigées contre des écoles ainsi que l’utilisation des écoles à des fins militaires au mépris de ces dispositions, et encourage les efforts déployés en vue de favoriser la sécurité et la protection des établissements scolaires en cas de situations d’urgence humanitaire ; </p>
        </content>
      </paragraph>
      <paragraph eId="para_18" class="MercuryDocument">
        <num>	3.</num>
        <content eId="para_18__content">
          <p xml:space="preserve">
            <span class="italic">Invite </span>tous les États Membres, les organismes des Nations Unies, les autres organisations internationales et régionales, ainsi que le secteur privé et la société civile, y compris les organisations non gouvernementales, les établissements universitaires, les particuliers et les autres parties prenantes concernées, à célébrer comme il se doit la Journée internationale pour la protection de l’éducation contre les attaques ;</p>
        </content>
      </paragraph>
      <paragraph eId="para_19" class="MercuryDocument">
        <num>	4.</num>
        <content eId="para_19__content">
          <p xml:space="preserve">
            <span class="italic">Invite </span>l’Organisation des Nations Unies pour l’éducation, la science et la culture et le Fonds des Nations Unies pour l’enfance à faciliter la célébration, tous les ans le 9 septembre, de la Journée internationale pour la protection de l’éducation contre les attaques, en ayant à l’esprit les dispositions énoncées à l’annexe de la résolution <a href="https://undocs.org/fr/e/RES/1980/67">1980/67</a> du Conseil économique et social ;</p>
        </content>
      </paragraph>
      <paragraph eId="para_20" class="MercuryDocument">
        <num>	5.</num>
        <content eId="para_20__content">
          <p xml:space="preserve">
            <span class="italic">Souligne </span>que toutes les activités qui pourraient découler de l’application de la présente résolution devraient être financées au moyen de contributions volontaires ; </p>
        </content>
      </paragraph>
      <paragraph eId="para_21" class="MercuryDocument">
        <num>	6.</num>
        <content eId="para_21__content">
          <p xml:space="preserve">
            <span class="italic">Prie </span>le Secrétaire général de porter la présente résolution à l’attention de tous les États Membres, des organismes des Nations Unies et des autres parties prenantes concernées afin que cette Journée internationale soit célébrée comme il convient. </p>
        </content>
      </paragraph>
    </mainBody>
    <conclusions eId="conclusions">
      <p>
        <docDate date="2020-05-28" refersTo="#adoptionDate">28 mai 2020</docDate>
      </p>
    </conclusions>
  </statement>
</akomaNtoso>