<akomaNtoso xmlns:xsi="http://www.w3.org/2001/XMLSchema-instance" xsi:schemaLocation="http://docs.oasis-open.org/legaldocml/ns/akn/3.0 http://docs.oasis-open.org/legaldocml/akn-core/v1.0/os/part2-specs/schemas/akomantoso30.xsd" xmlns="http://docs.oasis-open.org/legaldocml/ns/akn/3.0" xmlns:html="http://www.w3.org/1999/xhtml" xmlns:akn4un="http://un.org/akn4un">
  <statement name="resolution">
    <meta>
      <identification source="#DGACM">
        <FRBRWork>
          <FRBRthis value="/akn/un/statement/deliberation/unga/2019-12-19/74-216/!main/"></FRBRthis>
          <FRBRuri value="/akn/un/statement/deliberation/unga/2019-12-19/74-216/"></FRBRuri>
          <FRBRdate date="2019-12-19" name="adoption"></FRBRdate>
          <FRBRauthor href="ga" as="author"></FRBRauthor>
          <FRBRcountry value="un"></FRBRcountry>
        </FRBRWork>
        <FRBRExpression>
          <FRBRthis value="/akn/un/statement/deliberation/unga/2019-12-19/74-216/fra@!main/"></FRBRthis>
          <FRBRuri value="/akn/un/statement/deliberation/unga/2019-12-19/74-216/fra@/"></FRBRuri>
          <FRBRdate date="2020-01-23" name="publication"></FRBRdate>
          <FRBRauthor href="ga" as="issuer"></FRBRauthor>
          <FRBRlanguage language="fra"></FRBRlanguage>
        </FRBRExpression>
        <FRBRManifestation>
          <FRBRthis value="/akn/un/statement/deliberation/unga/2019-12-19/74-216/fra@/!main.xml"></FRBRthis>
          <FRBRuri value="/akn/un/statement/deliberation/unga/2019-12-19/74-216/fra@.xml"></FRBRuri>
          <FRBRdate date="2020-08-21" name="markup"></FRBRdate>
          <FRBRauthor href="DGACM" as="editor"></FRBRauthor>
        </FRBRManifestation>
      </identification>
      <classification source="http://metadata.un.org/sdg">
        <keyword value="12" href="http://metadata.un.org/sdg/12" showAs="sdg_12" dictionary="SDGO"></keyword>
        <keyword value="consumption" href="http://eurovoc.europa.eu/139" showAs="consumption" dictionary="EuroVoc"></keyword>
        <keyword value="production" href="http://eurovoc.europa.eu/2707" showAs="production" dictionary="EuroVoc"></keyword>
        <keyword value="sustainable_consumption" href="http://metadata.un.org/thesaurus/1006318" showAs="sustainable_consumption" dictionary="UNBIS Thesaurus"></keyword>
        <keyword value="consumption" href="http://metadata.un.org/thesaurus/1001264" showAs="consumption" dictionary="UNBIS Thesaurus"></keyword>
        <keyword value="production" href="http://metadata.un.org/thesaurus/1005146" showAs="production" dictionary="UNBIS Thesaurus"></keyword>
      </classification>
      <classification source="http://metadata.un.org/sdg">
        <keyword value="16" href="http://metadata.un.org/sdg/16" showAs="sdg_16" dictionary="SDGO"></keyword>
        <keyword value="right_to_justice" href="http://eurovoc.europa.eu/516" showAs="right_to_justice" dictionary="EuroVoc"></keyword>
        <keyword value="sustainable_development" href="http://eurovoc.europa.eu/5585" showAs="sustainable_development" dictionary="EuroVoc"></keyword>
        <keyword value="civil_society" href="http://metadata.un.org/thesaurus/1001012" showAs="civil_society" dictionary="UNBIS Thesaurus"></keyword>
        <keyword value="justice" href="http://metadata.un.org/thesaurus/1003500" showAs="justice" dictionary="UNBIS Thesaurus"></keyword>
        <keyword value="peaceful_coexistence" href="http://metadata.un.org/thesaurus/1004777" showAs="peaceful_coexistence" dictionary="UNBIS Thesaurus"></keyword>
        <keyword value="public_institutions" href="http://metadata.un.org/thesaurus/1005254" showAs="public_institutions" dictionary="UNBIS Thesaurus"></keyword>
        <keyword value="social_justice" href="http://metadata.un.org/thesaurus/1005970" showAs="social_justice" dictionary="UNBIS Thesaurus"></keyword>
        <keyword value="sustainable_development" href="http://metadata.un.org/thesaurus/1006319" showAs="sustainable_development" dictionary="UNBIS Thesaurus"></keyword>
      </classification>
      <classification source="http://metadata.un.org/sdg">
        <keyword value="17" href="http://metadata.un.org/sdg/17" showAs="sdg_17" dictionary="SDGO"></keyword>
        <keyword value="sustainable_development" href="http://eurovoc.europa.eu/5585" showAs="sustainable_development" dictionary="EuroVoc"></keyword>
        <keyword value="partnership" href="http://eurovoc.europa.eu/4199" showAs="partnership" dictionary="EuroVoc"></keyword>
        <keyword value="sustainable_development" href="http://metadata.un.org/thesaurus/1006319" showAs="sustainable_development" dictionary="UNBIS Thesaurus"></keyword>
        <keyword value="partnership" href="http://metadata.un.org/thesaurus/1004748" showAs="partnership" dictionary="UNBIS Thesaurus"></keyword>
      </classification>
      <workflow source="#un">
        <step date="2019-11-21" outcome="draftResolution" as="A/C.2/74/L.36/Rev.1" by="State of Palestine (on behalf of the States Members of the United Nations that are members of the Group of 77 and China)" />
        <step date="0001-01-01" outcome="draftResolutionAdditionalSponsors" by="" />
        <step date="0001-01-01" outcome="recommendedForAdoption" as="A/74/381/Add.1" by="" refersTo="8" />
        <step date="2019-12-19" outcome="adopted" as="A/74/PV.52" by="" />
      </workflow>
      <analysis source="#un">
        <parliamentary>
          <voting outcome="adoptedRecordedVote">
            <count value="131" refersTo="inFavour">
              <akn4un:voters>
                <organization refersTo="memberState">AFGHANISTAN</organization>
                <organization refersTo="memberState">ALGERIA</organization>
                <organization refersTo="memberState">ANGOLA</organization>
                <organization refersTo="memberState">ANTIGUA AND BARBUDA</organization>
                <organization refersTo="memberState">ARGENTINA</organization>
                <organization refersTo="memberState">ARMENIA</organization>
                <organization refersTo="memberState">AZERBAIJAN</organization>
                <organization refersTo="memberState">BAHAMAS</organization>
                <organization refersTo="memberState">BAHRAIN</organization>
                <organization refersTo="memberState">BANGLADESH</organization>
                <organization refersTo="memberState">BARBADOS</organization>
                <organization refersTo="memberState">BELARUS</organization>
                <organization refersTo="memberState">BELIZE</organization>
                <organization refersTo="memberState">BENIN</organization>
                <organization refersTo="memberState">BHUTAN</organization>
                <organization refersTo="memberState">BOLIVIA (PLURINATIONAL STATE OF)</organization>
                <organization refersTo="memberState">BOTSWANA</organization>
                <organization refersTo="memberState">BRAZIL</organization>
                <organization refersTo="memberState">BRUNEI DARUSSALAM</organization>
                <organization refersTo="memberState">BURKINA FASO</organization>
                <organization refersTo="memberState">BURUNDI</organization>
                <organization refersTo="memberState">CABO VERDE</organization>
                <organization refersTo="memberState">CAMBODIA</organization>
                <organization refersTo="memberState">CAMEROON</organization>
                <organization refersTo="memberState">CENTRAL AFRICAN REPUBLIC</organization>
                <organization refersTo="memberState">CHAD</organization>
                <organization refersTo="memberState">CHILE</organization>
                <organization refersTo="memberState">CHINA</organization>
                <organization refersTo="memberState">COLOMBIA</organization>
                <organization refersTo="memberState">CONGO</organization>
                <organization refersTo="memberState">COSTA RICA</organization>
                <organization refersTo="memberState">COTE D'IVOIRE</organization>
                <organization refersTo="memberState">CUBA</organization>
                <organization refersTo="memberState">DEMOCRATIC PEOPLE'S REPUBLIC OF KOREA</organization>
                <organization refersTo="memberState">DJIBOUTI</organization>
                <organization refersTo="memberState">DOMINICA</organization>
                <organization refersTo="memberState">DOMINICAN REPUBLIC</organization>
                <organization refersTo="memberState">ECUADOR</organization>
                <organization refersTo="memberState">EGYPT</organization>
                <organization refersTo="memberState">EL SALVADOR</organization>
                <organization refersTo="memberState">ERITREA</organization>
                <organization refersTo="memberState">ETHIOPIA</organization>
                <organization refersTo="memberState">FIJI</organization>
                <organization refersTo="memberState">GABON</organization>
                <organization refersTo="memberState">GAMBIA</organization>
                <organization refersTo="memberState">GHANA</organization>
                <organization refersTo="memberState">GRENADA</organization>
                <organization refersTo="memberState">GUATEMALA</organization>
                <organization refersTo="memberState">GUINEA</organization>
                <organization refersTo="memberState">GUINEA-BISSAU</organization>
                <organization refersTo="memberState">GUYANA</organization>
                <organization refersTo="memberState">HAITI</organization>
                <organization refersTo="memberState">HONDURAS</organization>
                <organization refersTo="memberState">INDIA</organization>
                <organization refersTo="memberState">INDONESIA</organization>
                <organization refersTo="memberState">IRAN (ISLAMIC REPUBLIC OF)</organization>
                <organization refersTo="memberState">IRAQ</organization>
                <organization refersTo="memberState">JAMAICA</organization>
                <organization refersTo="memberState">JORDAN</organization>
                <organization refersTo="memberState">KAZAKHSTAN</organization>
                <organization refersTo="memberState">KENYA</organization>
                <organization refersTo="memberState">KIRIBATI</organization>
                <organization refersTo="memberState">KUWAIT</organization>
                <organization refersTo="memberState">KYRGYZSTAN</organization>
                <organization refersTo="memberState">LAO PEOPLE'S DEMOCRATIC REPUBLIC</organization>
                <organization refersTo="memberState">LEBANON</organization>
                <organization refersTo="memberState">LESOTHO</organization>
                <organization refersTo="memberState">LIBYA</organization>
                <organization refersTo="memberState">MADAGASCAR</organization>
                <organization refersTo="memberState">MALAWI</organization>
                <organization refersTo="memberState">MALAYSIA</organization>
                <organization refersTo="memberState">MALDIVES</organization>
                <organization refersTo="memberState">MALI</organization>
                <organization refersTo="memberState">MARSHALL ISLANDS</organization>
                <organization refersTo="memberState">MAURITANIA</organization>
                <organization refersTo="memberState">MAURITIUS</organization>
                <organization refersTo="memberState">MEXICO</organization>
                <organization refersTo="memberState">MICRONESIA (FEDERATED STATES OF)</organization>
                <organization refersTo="memberState">MONGOLIA</organization>
                <organization refersTo="memberState">MOROCCO</organization>
                <organization refersTo="memberState">MOZAMBIQUE</organization>
                <organization refersTo="memberState">MYANMAR</organization>
                <organization refersTo="memberState">NAMIBIA</organization>
                <organization refersTo="memberState">NAURU</organization>
                <organization refersTo="memberState">NEPAL</organization>
                <organization refersTo="memberState">NICARAGUA</organization>
                <organization refersTo="memberState">NIGERIA</organization>
                <organization refersTo="memberState">OMAN</organization>
                <organization refersTo="memberState">PAKISTAN</organization>
                <organization refersTo="memberState">PALAU</organization>
                <organization refersTo="memberState">PANAMA</organization>
                <organization refersTo="memberState">PAPUA NEW GUINEA</organization>
                <organization refersTo="memberState">PARAGUAY</organization>
                <organization refersTo="memberState">PERU</organization>
                <organization refersTo="memberState">PHILIPPINES</organization>
                <organization refersTo="memberState">QATAR</organization>
                <organization refersTo="memberState">RUSSIAN FEDERATION</organization>
                <organization refersTo="memberState">RWANDA</organization>
                <organization refersTo="memberState">SAINT KITTS AND NEVIS</organization>
                <organization refersTo="memberState">SAINT LUCIA</organization>
                <organization refersTo="memberState">SAINT VINCENT AND THE GRENADINES</organization>
                <organization refersTo="memberState">SAMOA</organization>
                <organization refersTo="memberState">SAUDI ARABIA</organization>
                <organization refersTo="memberState">SENEGAL</organization>
                <organization refersTo="memberState">SEYCHELLES</organization>
                <organization refersTo="memberState">SIERRA LEONE</organization>
                <organization refersTo="memberState">SINGAPORE</organization>
                <organization refersTo="memberState">SOLOMON ISLANDS</organization>
                <organization refersTo="memberState">SOUTH AFRICA</organization>
                <organization refersTo="memberState">SRI LANKA</organization>
                <organization refersTo="memberState">SUDAN</organization>
                <organization refersTo="memberState">SURINAME</organization>
                <organization refersTo="memberState">SYRIAN ARAB REPUBLIC</organization>
                <organization refersTo="memberState">TAJIKISTAN</organization>
                <organization refersTo="memberState">THAILAND</organization>
                <organization refersTo="memberState">TIMOR-LESTE</organization>
                <organization refersTo="memberState">TOGO</organization>
                <organization refersTo="memberState">TRINIDAD AND TOBAGO</organization>
                <organization refersTo="memberState">TUNISIA</organization>
                <organization refersTo="memberState">TURKMENISTAN</organization>
                <organization refersTo="memberState">UGANDA</organization>
                <organization refersTo="memberState">UNITED ARAB EMIRATES</organization>
                <organization refersTo="memberState">UNITED REPUBLIC OF TANZANIA</organization>
                <organization refersTo="memberState">URUGUAY</organization>
                <organization refersTo="memberState">UZBEKISTAN</organization>
                <organization refersTo="memberState">VANUATU</organization>
                <organization refersTo="memberState">VENEZUELA (BOLIVARIAN REPUBLIC OF)</organization>
                <organization refersTo="memberState">VIET NAM</organization>
                <organization refersTo="memberState">YEMEN</organization>
                <organization refersTo="memberState">ZAMBIA</organization>
                <organization refersTo="memberState">ZIMBABWE</organization>
              </akn4un:voters>
            </count>
            <count value="2" refersTo="against">
              <akn4un:voters>
                <organization refersTo="memberState">ISRAEL</organization>
                <organization refersTo="memberState">UNITED STATES</organization>
              </akn4un:voters>
            </count>
            <count value="49" refersTo="abstaining">
              <akn4un:voters>
                <organization refersTo="memberState">ALBANIA</organization>
                <organization refersTo="memberState">ANDORRA</organization>
                <organization refersTo="memberState">AUSTRALIA</organization>
                <organization refersTo="memberState">AUSTRIA</organization>
                <organization refersTo="memberState">BELGIUM</organization>
                <organization refersTo="memberState">BOSNIA AND HERZEGOVINA</organization>
                <organization refersTo="memberState">BULGARIA</organization>
                <organization refersTo="memberState">CANADA</organization>
                <organization refersTo="memberState">CROATIA</organization>
                <organization refersTo="memberState">CYPRUS</organization>
                <organization refersTo="memberState">CZECHIA</organization>
                <organization refersTo="memberState">DENMARK</organization>
                <organization refersTo="memberState">ESTONIA</organization>
                <organization refersTo="memberState">FINLAND</organization>
                <organization refersTo="memberState">FRANCE</organization>
                <organization refersTo="memberState">GEORGIA</organization>
                <organization refersTo="memberState">GERMANY</organization>
                <organization refersTo="memberState">GREECE</organization>
                <organization refersTo="memberState">HUNGARY</organization>
                <organization refersTo="memberState">ICELAND</organization>
                <organization refersTo="memberState">IRELAND</organization>
                <organization refersTo="memberState">ITALY</organization>
                <organization refersTo="memberState">JAPAN</organization>
                <organization refersTo="memberState">LATVIA</organization>
                <organization refersTo="memberState">LIECHTENSTEIN</organization>
                <organization refersTo="memberState">LITHUANIA</organization>
                <organization refersTo="memberState">LUXEMBOURG</organization>
                <organization refersTo="memberState">MALTA</organization>
                <organization refersTo="memberState">MONACO</organization>
                <organization refersTo="memberState">MONTENEGRO</organization>
                <organization refersTo="memberState">NETHERLANDS</organization>
                <organization refersTo="memberState">NEW ZEALAND</organization>
                <organization refersTo="memberState">NORTH MACEDONIA</organization>
                <organization refersTo="memberState">NORWAY</organization>
                <organization refersTo="memberState">POLAND</organization>
                <organization refersTo="memberState">PORTUGAL</organization>
                <organization refersTo="memberState">REPUBLIC OF KOREA</organization>
                <organization refersTo="memberState">REPUBLIC OF MOLDOVA</organization>
                <organization refersTo="memberState">ROMANIA</organization>
                <organization refersTo="memberState">SAN MARINO</organization>
                <organization refersTo="memberState">SERBIA</organization>
                <organization refersTo="memberState">SLOVAKIA</organization>
                <organization refersTo="memberState">SLOVENIA</organization>
                <organization refersTo="memberState">SPAIN</organization>
                <organization refersTo="memberState">SWEDEN</organization>
                <organization refersTo="memberState">SWITZERLAND</organization>
                <organization refersTo="memberState">TURKEY</organization>
                <organization refersTo="memberState">UKRAINE</organization>
                <organization refersTo="memberState">UNITED KINGDOM</organization>
              </akn4un:voters>
            </count>
          </voting>
        </parliamentary>
      </analysis>
      <references source="#DGACM">
        <TLCOrganization eId="source" href="/akn/ontology/organization/un/DGACM" showAs="DGACM"></TLCOrganization>
        <TLCConcept eId="dateOfIssuance" href="/akn/ontology/concept/un/dateOfIssuance" showAs="Date of issuance"></TLCConcept>
        <TLCConcept eId="dateOfAdoption" href="/akn/ontology/concept/un/dateOfAdoption" showAs="Date of adoption"></TLCConcept>
        <TLCConcept eId="symbol" href="/akn/ontology/reference/un/symbol" showAs="Symbol"></TLCConcept>
        <TLCRole eId="publisher" href="/akn/ontology/role/un/publisher" showAs="Publisher"></TLCRole>
        <TLCRole eId="issuingBody" href="/akn/role/concept/un/issuingBody" showAs="Issuing body"></TLCRole>
        <TLCRole eId="author" href="/akn/ontology/role/un/author" showAs="Author"></TLCRole>
        <TLCRole eId="editor" href="/akn/ontology/role/un/editor" showAs="Editor"></TLCRole>
        <TLCRole eId="distribution" href="/akn/ontology/concept/un/generalDistribution" showAs="General distribution"></TLCRole>
        <TLCOrganization eId="ga" href="/akn/ontology/organization/un/generalAssembly" showAs="General Assembly"></TLCOrganization>
        <TLCTerm eId="resolutionTitle" href="/akn/ontology/reference/un/resolutionTitle" showAs="Resolution title"></TLCTerm>
        <TLCTerm eId="secondCommittee" href="#secondCommittee" showAs="Deuxième Commission"></TLCTerm>
        <TLCTerm eId="memberState" href="/akn/ontology/organization/un/memberState" showAs="Member State"></TLCTerm>
        <TLCTerm eId="inFavour" href="/akn/ontology/concept/un/voting/inFavour" showAs="In favour"></TLCTerm>
        <TLCTerm eId="against" href="/akn/ontology/concept/un/voting/against" showAs="Against"></TLCTerm>
        <TLCTerm eId="abstaining" href="/akn/ontology/concept/un/voting/abstaining" showAs="Abstaining"></TLCTerm>
      </references>
      <presentation source="#un">
        <akn4un:footerFirstPage>
          <akn4un:footerFirstPageLeft>
            <akn4un:internalCode>
              <docketNumber refersTo="#publicationJobNumber">19-22485 (F)</docketNumber>
              <img alt="bar code" class="barCode" src=""></img>
            </akn4un:internalCode>
          </akn4un:footerFirstPageLeft>
          <akn4un:footerFirstPageRight>
            <img alt="Please recycle" class="image" src="./recylcleLogo.jpg"></img>
            <img alt="embedded QR code" class="qrCode" src=""></img>
          </akn4un:footerFirstPageRight>
        </akn4un:footerFirstPage>
      </presentation>
    </meta>
    <coverPage eId="coverPage_1">
      <p>
        <span refersTo="#publisher" class="upperLeft">
          <docAuthority refersTo="#publisher">Nations Unies</docAuthority>
        </span>
      </p>
      <p class="upperRight">
        <docNumber refersTo="#symbol">A/RES/74/216</docNumber>
      </p>
      <p class="upperLeft">
        <img src="logo-un.jpg"></img>
        <docAuthority refersTo="#issuingBody" class="rightBig">Assemblée générale</docAuthority>
      </p>
      <p>
        <docStatus refersTo="#generalDistribution" class="rightSmall">Distr. générale</docStatus>
      </p>
      <p>
        <docDate date="2020-01-23" class="rightSmall" refersTo="#dateOfIssuance">23 janvier 2020</docDate>
      </p>
      <p>
        <session refersTo="#generalAssembly" value="74" eId="coverPage_1__session_1">Soixante-quatorzième session</session>
      </p>
      <p>
        <inline name="agenda item">Point 19 a) de l’ordre du jour</inline>
      </p>
      <p>
        <inline name="agenda item name">Développement durable : mise en œuvre d’Action 21, du Programme relatif à la poursuite de la mise en œuvre d’Action 21 et des textes issus du Sommet mondial pour le développement durable et de la Conférence des Nations Unies sur le développement durable</inline>
      </p>
      <p>
        <docTitle>Résolution adoptée par l’Assemblée générale le 19 décembre 2019</docTitle>
      </p>
      <p xml:space="preserve">
        <docProponent refersTo="#secondCommittee">[sur la base du rapport de la Deuxième Commission (<inline name="originating document">A/74/381/Add.1</inline>)]</docProponent>
      </p>
    </coverPage>
    <preface>
      <p>
        <docNumber>74/216.</docNumber>
        <docTitle refersTo="#resolutionTitle">Mise en œuvre d’Action 21, du Programme relatif à la poursuite de la mise en œuvre d’Action 21 et des textes issus du Sommet mondial pour le développement durable et de la Conférence des Nations Unies sur le développement durable</docTitle>
      </p>
    </preface>
    <preamble>
      <formula name="enactingFormula" eId="formula_1">
        <p xml:space="preserve">
          <span class="italic">L’Assemblée générale</span>,</p>
      </formula>
      <container name="Rappelant " eId="container_2">
        <p xml:space="preserve">
          <span class="italic">Rappelant </span>la Déclaration de Rio sur l’environnement et le développement<authorialNote marker="1" placement="bottom" eId="authorialNote_1"><p xml:space="preserve"><span class="italic">Rapport de la Conférence des Nations Unies sur l’environnement et le développement, Rio de Janeiro, 3‑14 juin 1992, </span>vol. I,<span class="italic"> Résolutions adoptées par la Conférence </span>(publication des Nations Unies, numéro de vente : F.93.I.8 et rectificatif), résolution 1, annexe I.</p></authorialNote>, Action 21<authorialNote marker="2" placement="bottom" eId="authorialNote_2"><p xml:space="preserve">		Ibid., annexe II.</p></authorialNote>, le Programme relatif à la poursuite de la mise en œuvre d’Action 21<authorialNote marker="3" placement="bottom" eId="authorialNote_3"><p xml:space="preserve">		Résolution <a href="https://undocs.org/fr/A/RES/S-19/2">S‑19/2</a>, annexe.</p></authorialNote>, la Déclaration de Johannesburg sur le développement durable<authorialNote marker="4" placement="bottom" eId="authorialNote_4"><p xml:space="preserve"><span class="italic">Rapport du Sommet mondial pour le développement durable, Johannesburg (Afrique du Sud), 26 août-4 septembre 2002 </span>(publication des Nations Unies, numéro de vente : F.03.II.A.1), chap. I, résolution 1, annexe.</p></authorialNote> et le Plan de mise en œuvre du Sommet mondial pour le développement durable (Plan de mise en œuvre de Johannesburg)<authorialNote marker="5" placement="bottom" eId="authorialNote_5"><p xml:space="preserve">		Ibid., résolution 2, annexe.</p></authorialNote>, et le document final de la Conférence des Nations Unies sur le développement durable intitulé « L’avenir que nous voulons »<authorialNote marker="6" placement="bottom" eId="authorialNote_6"><p xml:space="preserve">		Résolution <a href="https://undocs.org/fr/A/RES/66/288">66/288</a>, annexe.</p></authorialNote>, ainsi que toutes les autres résolutions concernant la mise en œuvre d’Action 21, du Programme relatif à la poursuite de la mise en œuvre d’Action 21 et des textes issus du Sommet mondial pour le développement durable et de la Conférence des Nations Unies sur le développement durable,</p>
      </container>
      <container name="Réaffirmant " eId="container_3">
        <p xml:space="preserve">
          <span class="italic">Réaffirmant </span>les dispositions de sa résolution <a href="https://undocs.org/fr/A/RES/70/1">70/1</a> du 25 septembre 2015 intitulée « Transformer notre monde : le Programme de développement durable à l’horizon 2030 », dans laquelle elle a adopté une série complète d’objectifs et de cibles ambitieux, universels, axés sur l’être humain et porteurs de changement, et réaffirmant qu’elle s’engage à œuvrer sans relâche pour que le programme soit appliqué dans son intégralité d’ici à 2030, qu’elle considère que l’élimination de la pauvreté sous toutes ses formes et dans toutes ses dimensions, y compris l’extrême pauvreté, constitue le plus grand défi auquel l’humanité doit faire face et une condition indispensable au développement durable, et qu’elle est attachée à réaliser le développement durable dans ses trois dimensions – économique, sociale et environnementale – d’une manière équilibrée et intégrée, en tirant parti de ce qui a été fait dans le cadre des objectifs du Millénaire pour le développement, dont elle s’efforcera d’achever la réalisation,</p>
      </container>
      <container name="Reconnaissant " eId="container_4">
        <p xml:space="preserve">
          <span class="italic">Reconnaissant </span>l’importance de la Conférence des Nations Unies sur le développement durable, de la Conférence des Nations Unies sur l’environnement et le développement et des activités entreprises pour élaborer le Programme de développement durable à l’horizon 2030 et assurer le développement durable, et constatant les progrès inégaux accomplis dans la mise en œuvre des objectifs de développement durable et des autres objectifs de développement arrêtés sur le plan international, ainsi que des engagements nécessaires pour parvenir au développement durable,</p>
      </container>
      <container name="Réaffirmant " eId="container_5">
        <p xml:space="preserve">
          <span class="italic">Réaffirmant </span>qu’il faut intégrer davantage les aspects économiques, sociaux et environnementaux du développement durable à tous les niveaux, compte tenu des liens qui existent entre eux, pour assurer un développement durable dans toutes ses dimensions, et déclarant une nouvelle fois que le développement durable est un élément essentiel du cadre général des activités de l’Organisation des Nations Unies,</p>
      </container>
      <container name="Prenant acte avec satisfaction " eId="container_6">
        <p xml:space="preserve">
          <span class="italic">Prenant acte avec satisfaction </span>de la tenue du forum politique de haut niveau pour le développement durable (Sommet sur les objectifs de développement durable), organisé les 24 et 25 septembre 2019 sous ses auspices, et de l’adoption de la déclaration politique qui en est issue<authorialNote marker="7" placement="bottom" eId="authorialNote_7"><p xml:space="preserve">		Résolution <a href="https://undocs.org/fr/A/RES/74/4">74/4</a>, annexe.</p></authorialNote>, et prenant note de l’édition 2019 du <span class="italic">Rapport mondial sur le développement durable</span>, qui constitue une contribution importante aux travaux du forum,</p>
      </container>
      <container name="Reconnaissant " eId="container_7">
        <p xml:space="preserve">
          <span class="italic">Reconnaissant </span>que les technologies numériques, aussi bien que l’échelle, l’ampleur et le rythme sans précédents des changements qu’elles ont engendrés, peuvent être mis à profit à l’appui de la mise en œuvre du Programme de développement durable à l’horizon 2030,</p>
      </container>
      <container name="Soulignant " eId="container_8">
        <p xml:space="preserve">
          <span class="italic">Soulignant </span>qu’il faut mettre en œuvre le Programme de développement durable à l’horizon 2030 en tirant parti et en s’inspirant de l’expérience acquise, des exemples de réussite, des pratiques optimales, des difficultés rencontrées et des enseignements tirés des accords antérieurs sur le développement durable,</p>
      </container>
      <container name="Soulignant également " eId="container_9">
        <p xml:space="preserve">
          <span class="italic">Soulignant également </span>qu’il importe de mettre fin au cloisonnement et d’adopter des démarches innovantes et concertées pour intégrer les trois dimensions du développement durable, et prenant acte, à cet égard, des mesures et des initiatives prises par les entités des Nations Unies,</p>
      </container>
      <container name="&#x9;Insistant " eId="container_10">
        <p xml:space="preserve">
          <span class="italic">	Insistant </span>sur la nécessité de recenser, de manière systématique et intégrée et dans un souci de cohérence réelle des politiques, les lacunes, les obstacles, les synergies et les problèmes rencontrés dans la mise en œuvre des engagements et des instruments relatifs au développement durable, et de repérer les possibilités qui s’offrent et les problématiques qui se font jour dans le cadre de la coopération internationale aux fins du développement durable,</p>
      </container>
      <container name="Réaffirmant " eId="container_11">
        <p xml:space="preserve">
          <span class="italic">Réaffirmant </span>le Programme de développement durable à l’horizon 2030, le Programme d’action d’Addis-Abeba issu de la troisième Conférence internationale sur le financement du développement<authorialNote marker="8" placement="bottom" eId="authorialNote_8"><p xml:space="preserve">		Résolution <a href="https://undocs.org/fr/A/RES/69/313">69/313</a>, annexe.</p></authorialNote>, l’Accord de Paris conclu au titre de la Convention-cadre des Nations Unies sur les changements climatiques<authorialNote marker="9" placement="bottom" eId="authorialNote_9"><p xml:space="preserve">		Voir <a href="https://undocs.org/fr/FCCC/CP/2015/10/Add.1">FCCC/CP/2015/10/Add.1</a>, décision 1/CP.21, annexe.</p></authorialNote>, le Nouveau Programme pour les villes<authorialNote marker="10" placement="bottom" eId="authorialNote_10"><p xml:space="preserve">		Résolution <a href="https://undocs.org/fr/A/RES/71/256">71/256</a>, annexe.</p></authorialNote> et le Cadre de Sendai pour la réduction des risques de catastrophe (2015-2030)<authorialNote marker="11" placement="bottom" eId="authorialNote_11"><p xml:space="preserve">		Résolution <a href="https://undocs.org/fr/A/RES/69/283">69/283</a>, annexe II.</p></authorialNote>, ainsi que les importants documents finals adoptés concernant les pays en situation particulière,</p>
      </container>
    </preamble>
    <mainBody>
      <paragraph eId="para_12" class="SingleTxt">
        <num>	1.</num>
        <content eId="para_12__content">
          <p xml:space="preserve">
            <span class="italic">Prend acte </span>du rapport du Secrétaire général sur la mise en œuvre d’Action 21, du Programme relatif à la poursuite de la mise en œuvre d’Action 21 et des textes issus du Sommet mondial pour le développement durable et de la Conférence des Nations Unies sur le développement durable<authorialNote marker="12" placement="bottom" eId="authorialNote_12"><p xml:space="preserve"><a href="https://undocs.org/fr/A/74/204">A/74/204</a>.</p></authorialNote> ;</p>
        </content>
      </paragraph>
      <paragraph eId="para_13" class="SingleTxt">
        <num>	2.</num>
        <content eId="para_13__content">
          <p xml:space="preserve">
            <span class="italic">Prend également acte </span>du rapport du Secrétaire général sur l’intégration des trois dimensions du développement durable dans l’ensemble du système des Nations Unies<authorialNote marker="13" placement="bottom" eId="authorialNote_13"><p xml:space="preserve"><a href="https://undocs.org/fr/A/74/72">A/74/72-E/2019/13</a>.</p></authorialNote> ;</p>
        </content>
      </paragraph>
      <paragraph eId="para_14" class="SingleTxt">
        <num>	3.</num>
        <content eId="para_14__content">
          <p xml:space="preserve">
            <span class="italic">Réaffirme </span>la teneur du document final intitulé « L’avenir que nous voulons »<sup>6</sup>, qui a été adopté à l’issue de la Conférence des Nations Unies sur le développement durable, tenue à Rio de Janeiro (Brésil) du 20 au 22 juin 2012 et réaffirme également, comme elle l’a fait dans le Programme de développement durable à l’horizon 2030<authorialNote marker="14" placement="bottom" eId="authorialNote_14"><p xml:space="preserve">		Résolution <a href="https://undocs.org/fr/A/RES/70/1">70/1</a>.</p></authorialNote>, tous les principes de la Déclaration de Rio sur l’environnement et le développement<sup>1</sup> ;</p>
        </content>
      </paragraph>
      <paragraph eId="para_15" class="SingleTxt">
        <num>	4.</num>
        <content eId="para_15__content">
          <p xml:space="preserve">
            <span class="italic">Note </span>que la Conférence des Nations Unies sur l’environnement et le développement a constitué un véritable tournant ouvrant la voie à d’importants instruments et engagements internationaux qui guident l’action menée pour combler les écarts de développement au sein des pays développés et des pays en développement et entre eux, dont la Convention sur la diversité biologique<authorialNote marker="15" placement="bottom" eId="authorialNote_15"><p xml:space="preserve">		Nations Unies, <span class="italic">Recueil des Traités</span>, vol. 1760, n<sup>o</sup> 30619.</p></authorialNote>, la Convention-cadre des Nations Unies sur les changements climatiques<authorialNote marker="16" placement="bottom" eId="authorialNote_16"><p xml:space="preserve">		Ibid., vol. 1771, n<sup>o</sup> 30822.</p></authorialNote> et la Convention des Nations Unies sur la lutte contre la désertification dans les pays gravement touchés par la sécheresse et/ou la désertification, en particulier en Afrique (les conventions de Rio)<authorialNote marker="17" placement="bottom" eId="authorialNote_17"><p xml:space="preserve">		Ibid., vol. 1954, n<sup>o</sup> 33480.</p></authorialNote>, ainsi que le Programme de développement durable à l’horizon 2030 ;</p>
        </content>
      </paragraph>
      <paragraph eId="para_16" class="SingleTxt">
        <num>	5.</num>
        <content eId="para_16__content">
          <p xml:space="preserve">
            <span class="italic">Demande instamment </span>que les objectifs de développement durable et tous les autres objectifs de développement arrêtés au niveau international soient réalisés pleinement et effectivement et que soient respectés les engagements pris dans les domaines économique, social et environnemental depuis 1992, y compris les objectifs du Millénaire pour le développement et ceux qui ont été fixés dans les trois conventions de Rio, en tirant parti de la contribution qu’ils ont apportée, des pratiques optimales, des difficultés rencontrées et des enseignements tirés, afin de faciliter l’application pleine et effective du Programme de développement durable à l’horizon 2030 ;</p>
        </content>
      </paragraph>
      <paragraph eId="para_17" class="SingleTxt">
        <num>	6.</num>
        <content eId="para_17__content">
          <p xml:space="preserve">
            <span class="italic">Est consciente </span>que le Programme de développement durable à l’horizon 2030 s’appuie sur des thèmes figurant dans Action 21 et souhaite que des mesures supplémentaires soient prises pour renforcer la coopération internationale en vue de combler les lacunes de l’application du Programme 2030 ;</p>
        </content>
      </paragraph>
      <paragraph eId="para_18" class="SingleTxt">
        <num>	7.</num>
        <content eId="para_18__content">
          <p xml:space="preserve">
            <span class="italic">Constate</span>, à cet égard, que les pratiques de consommation et de production durables peuvent être des moyens économiques et efficaces de permettre le développement économique tout en réduisant les incidences sur l’environnement et en veillant au bien-être de la population, et souligne qu’il importe de promouvoir l’objectif de développement durable n<sup>o</sup> 12, en vue de contribuer à la réalisation de tous les objectifs ;</p>
        </content>
      </paragraph>
      <paragraph eId="para_19" class="SingleTxt">
        <num>	8.</num>
        <content eId="para_19__content">
          <p xml:space="preserve">
            <span class="italic">Tient compte </span>de l’adoption, entre autres engagements pris dans ce domaine lors de la Conférence des Nations Unies sur le développement durable, du Cadre décennal de programmation concernant les modes de consommation et de production durables<authorialNote marker="18" placement="bottom" eId="authorialNote_18"><p xml:space="preserve"><a href="https://undocs.org/fr/A/CONF.216/5">A/CONF.216/5</a>, annexe.</p></authorialNote>, qui, avec son fonds d’affectation spéciale pluripartenaires, est un moyen d’action, ainsi que du lancement de la stratégie « One Plan for One Planet », 2018‑2022, et, à cet égard, réaffirme qu’il faut que ce type d’initiatives continue de favoriser la mise en commun des bonnes pratiques et la fourniture d’autres formes d’assistance technique en vue de la transition vers des modes de consommation et de production durables, notamment en mettant à disposition des outils et des solutions pour la conception et l’exécution des politiques ;</p>
        </content>
      </paragraph>
      <paragraph eId="para_20" class="SingleTxt">
        <num>	9.</num>
        <content eId="para_20__content">
          <p xml:space="preserve">
            <span class="italic">Constate </span>qu’il importe de poursuivre les efforts en cours et de prendre de nouvelles mesures pour mettre en place des politiques, des cadres, des partenariats et des instruments qui permettent d’utiliser plus rationnellement les ressources, de réduire les déchets et de systématiser le recours aux pratiques viables dans tous les secteurs de l’économie et qui donnent aux citoyens les moyens de choisir des modes de consommation durables ;</p>
        </content>
      </paragraph>
      <paragraph eId="para_21" class="SingleTxt">
        <num>	10.</num>
        <content eId="para_21__content">
          <p xml:space="preserve">
            <span class="italic">Constate également </span>le rôle majeur que joue le secteur privé dans l’adoption de pratiques de production plus économes en ressources, y compris les sociétés multinationales et les micro-, petites et moyennes entreprises, qui peuvent avoir plus de difficultés à améliorer leurs pratiques en la matière ;</p>
        </content>
      </paragraph>
      <paragraph eId="para_22" class="SingleTxt">
        <num>	11.</num>
        <content eId="para_22__content">
          <p xml:space="preserve">
            <span class="italic">Constate </span>le lien existant entre déchets plastiques et modes de consommation et de production durables, et encourage chacun à redoubler d’efforts à tous les niveaux afin de réduire, réutiliser et recycler les plastiques, et de trouver des méthodes novatrices pour lutter contre les différents types de déchets plastiques, y compris les détritus plastiques marins ;</p>
        </content>
      </paragraph>
      <paragraph eId="para_23" class="SingleTxt">
        <num>	12.</num>
        <content eId="para_23__content">
          <p xml:space="preserve">
            <span class="italic">Exhorte</span> la communauté internationale à continuer d’aider les pays en développement à renforcer leurs capacités scientifiques et technologiques de manière qu’ils évoluent vers des modes de consommation et de production plus durables ;</p>
        </content>
      </paragraph>
      <paragraph eId="para_24" class="SingleTxt">
        <num>	13.</num>
        <content eId="para_24__content">
          <p xml:space="preserve">
            <span class="italic">Appelle</span> à renforcer encore les liens entre scientifiques et décideurs, ainsi que les moyens de mise en œuvre, quelle qu’en soit la provenance et à tous les niveaux, grâce, notamment, à la revitalisation et à la consolidation du partenariat mondial, ainsi qu’en appuyant des méthodes novatrices en matière de sciences de la durabilité et en mettant l’accent sur les partenariats interdisciplinaires ;</p>
        </content>
      </paragraph>
      <paragraph eId="para_25" class="SingleTxt">
        <num>	14.</num>
        <content eId="para_25__content">
          <p xml:space="preserve">
            <span class="italic">Prie</span> les organismes des Nations Unies de tenir systématiquement compte des trois dimensions du développement durable et d’en accroître l’intégration dans l’ensemble de leurs travaux, de continuer de mettre en commun les données d’expérience et les enseignements qu’elles ont pu tirer et d’intensifier les efforts qu’elles consentent, à tous les niveaux, pour prêter un appui constant à l’application du Programme de développement durable à l’horizon 2030 ;</p>
        </content>
      </paragraph>
      <paragraph eId="para_26" class="SingleTxt">
        <num>	15.</num>
        <content eId="para_26__content">
          <p xml:space="preserve">
            <span class="italic">Invite</span> les organisations régionales et sous-régionales à continuer de promouvoir le développement durable dans leur région, notamment en favorisant l’apprentissage par les pairs et la coopération, y compris la coopération Sud-Sud et la coopération triangulaire, et d’établir des liens entre les activités menées aux niveaux mondial, régional, sous-régional et national, selon que de besoin, pour faire progresser le développement durable ;</p>
        </content>
      </paragraph>
      <paragraph eId="para_27" class="SingleTxt">
        <num>	16.</num>
        <content eId="para_27__content">
          <p xml:space="preserve">
            <span class="italic">Prie </span>le Secrétaire général de lui présenter, à sa soixante-quinzième session, un rapport sur l’application de la présente résolution, en faisant plus particulièrement le point sur la consommation et la production durables, leur mise en pratique et leur promotion, et de recommander des mesures concrètes pour mettre en œuvre le Programme de développement durable à l’horizon 2030 à cet égard ;</p>
        </content>
      </paragraph>
      <paragraph eId="para_28" class="SingleTxt">
        <num>	17.</num>
        <content eId="para_28__content">
          <p xml:space="preserve">
            <span class="italic">Décide </span>d’inscrire à l’ordre du jour provisoire de sa soixante-quinzième session, au titre de la question intitulée « Développement durable », une question subsidiaire intitulée « Parvenir au développement durable : réaliser le Programme de développement durable à l’horizon 2030, notamment grâce à l’adoption de modes de consommation et de production durables, en faisant fond sur Action 21 ».</p>
        </content>
      </paragraph>
    </mainBody>
    <conclusions eId="conclusions">
      <p>
        <inline name="adoptionMeeting" title="52e">52e séance plénière</inline>
        <eol />
        <docDate date="2019-12-19" refersTo="#adoptionDate">19 décembre 2019</docDate>
      </p>
    </conclusions>
  </statement>
</akomaNtoso>