<akomaNtoso xmlns:xsi="http://www.w3.org/2001/XMLSchema-instance" xsi:schemaLocation="http://docs.oasis-open.org/legaldocml/ns/akn/3.0 http://docs.oasis-open.org/legaldocml/akn-core/v1.0/os/part2-specs/schemas/akomantoso30.xsd" xmlns="http://docs.oasis-open.org/legaldocml/ns/akn/3.0" xmlns:html="http://www.w3.org/1999/xhtml" xmlns:akn4un="http://un.org/akn4un">
  <statement name="resolution">
    <meta>
      <identification source="#DGACM">
        <FRBRWork>
          <FRBRthis value="/akn/un/statement/deliberation/unga/2019-12-19/74-222/!main/"></FRBRthis>
          <FRBRuri value="/akn/un/statement/deliberation/unga/2019-12-19/74-222/"></FRBRuri>
          <FRBRdate date="2019-12-19" name="adoption"></FRBRdate>
          <FRBRauthor href="ga" as="author"></FRBRauthor>
          <FRBRcountry value="un"></FRBRcountry>
        </FRBRWork>
        <FRBRExpression>
          <FRBRthis value="/akn/un/statement/deliberation/unga/2019-12-19/74-222/fra@!main/"></FRBRthis>
          <FRBRuri value="/akn/un/statement/deliberation/unga/2019-12-19/74-222/fra@/"></FRBRuri>
          <FRBRdate date="2020-01-27" name="publication"></FRBRdate>
          <FRBRauthor href="ga" as="issuer"></FRBRauthor>
          <FRBRlanguage language="fra"></FRBRlanguage>
        </FRBRExpression>
        <FRBRManifestation>
          <FRBRthis value="/akn/un/statement/deliberation/unga/2019-12-19/74-222/fra@/!main.xml"></FRBRthis>
          <FRBRuri value="/akn/un/statement/deliberation/unga/2019-12-19/74-222/fra@.xml"></FRBRuri>
          <FRBRdate date="2020-08-21" name="markup"></FRBRdate>
          <FRBRauthor href="DGACM" as="editor"></FRBRauthor>
        </FRBRManifestation>
      </identification>
      <classification source="http://metadata.un.org/sdg">
        <keyword value="12" href="http://metadata.un.org/sdg/12" showAs="sdg_12" dictionary="SDGO"></keyword>
        <keyword value="consumption" href="http://eurovoc.europa.eu/139" showAs="consumption" dictionary="EuroVoc"></keyword>
        <keyword value="production" href="http://eurovoc.europa.eu/2707" showAs="production" dictionary="EuroVoc"></keyword>
        <keyword value="sustainable_consumption" href="http://metadata.un.org/thesaurus/1006318" showAs="sustainable_consumption" dictionary="UNBIS Thesaurus"></keyword>
        <keyword value="consumption" href="http://metadata.un.org/thesaurus/1001264" showAs="consumption" dictionary="UNBIS Thesaurus"></keyword>
        <keyword value="production" href="http://metadata.un.org/thesaurus/1005146" showAs="production" dictionary="UNBIS Thesaurus"></keyword>
      </classification>
      <classification source="http://metadata.un.org/sdg">
        <keyword value="16" href="http://metadata.un.org/sdg/16" showAs="sdg_16" dictionary="SDGO"></keyword>
        <keyword value="right_to_justice" href="http://eurovoc.europa.eu/516" showAs="right_to_justice" dictionary="EuroVoc"></keyword>
        <keyword value="sustainable_development" href="http://eurovoc.europa.eu/5585" showAs="sustainable_development" dictionary="EuroVoc"></keyword>
        <keyword value="civil_society" href="http://metadata.un.org/thesaurus/1001012" showAs="civil_society" dictionary="UNBIS Thesaurus"></keyword>
        <keyword value="justice" href="http://metadata.un.org/thesaurus/1003500" showAs="justice" dictionary="UNBIS Thesaurus"></keyword>
        <keyword value="peaceful_coexistence" href="http://metadata.un.org/thesaurus/1004777" showAs="peaceful_coexistence" dictionary="UNBIS Thesaurus"></keyword>
        <keyword value="public_institutions" href="http://metadata.un.org/thesaurus/1005254" showAs="public_institutions" dictionary="UNBIS Thesaurus"></keyword>
        <keyword value="social_justice" href="http://metadata.un.org/thesaurus/1005970" showAs="social_justice" dictionary="UNBIS Thesaurus"></keyword>
        <keyword value="sustainable_development" href="http://metadata.un.org/thesaurus/1006319" showAs="sustainable_development" dictionary="UNBIS Thesaurus"></keyword>
      </classification>
      <classification source="http://metadata.un.org/sdg">
        <keyword value="17" href="http://metadata.un.org/sdg/17" showAs="sdg_17" dictionary="SDGO"></keyword>
        <keyword value="sustainable_development" href="http://eurovoc.europa.eu/5585" showAs="sustainable_development" dictionary="EuroVoc"></keyword>
        <keyword value="partnership" href="http://eurovoc.europa.eu/4199" showAs="partnership" dictionary="EuroVoc"></keyword>
        <keyword value="sustainable_development" href="http://metadata.un.org/thesaurus/1006319" showAs="sustainable_development" dictionary="UNBIS Thesaurus"></keyword>
        <keyword value="partnership" href="http://metadata.un.org/thesaurus/1004748" showAs="partnership" dictionary="UNBIS Thesaurus"></keyword>
      </classification>
      <workflow source="#un">
        <step date="2019-11-19" outcome="draftResolution" as="A/C.2/74/L.52" by="submitted by the Vice-Chair of the Committee" />
        <step date="0001-01-01" outcome="draftResolutionAdditionalSponsors" by="" />
        <step date="0001-01-01" outcome="recommendedForAdoption" as="A/74/381/Add.7" by="" refersTo="8" />
        <step date="2019-12-19" outcome="adopted" as="A/74/PV.52" by="" />
      </workflow>
      <analysis source="#un">
        <parliamentary>
          <voting outcome="adoptedWithoutVote">
            <quorum value=""></quorum>
          </voting>
        </parliamentary>
      </analysis>
      <references source="#DGACM">
        <TLCOrganization eId="source" href="/akn/ontology/organization/un/DGACM" showAs="DGACM"></TLCOrganization>
        <TLCConcept eId="dateOfIssuance" href="/akn/ontology/concept/un/dateOfIssuance" showAs="Date of issuance"></TLCConcept>
        <TLCConcept eId="dateOfAdoption" href="/akn/ontology/concept/un/dateOfAdoption" showAs="Date of adoption"></TLCConcept>
        <TLCConcept eId="symbol" href="/akn/ontology/reference/un/symbol" showAs="Symbol"></TLCConcept>
        <TLCRole eId="publisher" href="/akn/ontology/role/un/publisher" showAs="Publisher"></TLCRole>
        <TLCRole eId="issuingBody" href="/akn/role/concept/un/issuingBody" showAs="Issuing body"></TLCRole>
        <TLCRole eId="author" href="/akn/ontology/role/un/author" showAs="Author"></TLCRole>
        <TLCRole eId="editor" href="/akn/ontology/role/un/editor" showAs="Editor"></TLCRole>
        <TLCRole eId="distribution" href="/akn/ontology/concept/un/generalDistribution" showAs="General distribution"></TLCRole>
        <TLCOrganization eId="ga" href="/akn/ontology/organization/un/generalAssembly" showAs="General Assembly"></TLCOrganization>
        <TLCTerm eId="resolutionTitle" href="/akn/ontology/reference/un/resolutionTitle" showAs="Resolution title"></TLCTerm>
        <TLCTerm eId="secondCommittee" href="#secondCommittee" showAs="Deuxième Commission"></TLCTerm>
        <TLCTerm eId="memberState" href="/akn/ontology/organization/un/memberState" showAs="Member State"></TLCTerm>
        <TLCTerm eId="inFavour" href="/akn/ontology/concept/un/voting/inFavour" showAs="In favour"></TLCTerm>
        <TLCTerm eId="against" href="/akn/ontology/concept/un/voting/against" showAs="Against"></TLCTerm>
        <TLCTerm eId="abstaining" href="/akn/ontology/concept/un/voting/abstaining" showAs="Abstaining"></TLCTerm>
      </references>
      <presentation source="#un">
        <akn4un:footerFirstPage>
          <akn4un:footerFirstPageLeft>
            <akn4un:internalCode>
              <docketNumber refersTo="#publicationJobNumber">19-22491 (F)</docketNumber>
              <img alt="bar code" class="barCode" src=""></img>
            </akn4un:internalCode>
          </akn4un:footerFirstPageLeft>
          <akn4un:footerFirstPageRight>
            <img alt="Please recycle" class="image" src="./recylcleLogo.jpg"></img>
            <img alt="embedded QR code" class="qrCode" src=""></img>
          </akn4un:footerFirstPageRight>
        </akn4un:footerFirstPage>
      </presentation>
    </meta>
    <coverPage eId="coverPage_1">
      <p>
        <span refersTo="#publisher" class="upperLeft">
          <docAuthority refersTo="#publisher">Nations Unies</docAuthority>
        </span>
      </p>
      <p class="upperRight">
        <docNumber refersTo="#symbol">A/RES/74/222</docNumber>
      </p>
      <p class="upperLeft">
        <img src="logo-un.jpg"></img>
        <docAuthority refersTo="#issuingBody" class="rightBig">Assemblée générale</docAuthority>
      </p>
      <p>
        <docStatus refersTo="#generalDistribution" class="rightSmall">Distr. générale</docStatus>
      </p>
      <p>
        <docDate date="2020-01-27" class="rightSmall" refersTo="#dateOfIssuance">27 janvier 2020</docDate>
      </p>
      <p>
        <session refersTo="#generalAssembly" value="74" eId="coverPage_1__session_1">Soixante-quatorzième session</session>
      </p>
      <p>
        <inline name="agenda item">Point 19 g) de l’ordre du jour</inline>
      </p>
      <p>
        <inline name="agenda item name">Développement durable : rapport de l’Assemblée des Nations Unies pour l’environnement du Programme des Nations Unies pour l’environnement</inline>
      </p>
      <p>
        <docTitle>Résolution adoptée par l’Assemblée générale le 19 décembre 2019</docTitle>
      </p>
      <p xml:space="preserve">
        <docProponent refersTo="#secondCommittee">[sur la base du rapport de la Deuxième Commission (<inline name="originating document">A/74/381/Add.7</inline>)]</docProponent>
      </p>
    </coverPage>
    <preface>
      <p>
        <docNumber>74/222.</docNumber>
        <docTitle refersTo="#resolutionTitle">Rapport de l’Assemblée des Nations Unies pour l’environnement du Programme des Nations Unies pour l’environnement</docTitle>
      </p>
    </preface>
    <preamble>
      <formula name="enactingFormula" eId="formula_1">
        <p xml:space="preserve">
          <span class="italic">L’Assemblée générale</span>,</p>
      </formula>
      <container name="Réaffirmant" eId="container_2">
        <p xml:space="preserve">
          <span class="italic">	Réaffirmant</span> le mandat énoncé dans sa résolution <a href="https://undocs.org/fr/A/RES/2997 (XXVII)">2997 (XXVII)</a> du 15 décembre 1972, portant création du Programme des Nations Unies pour l’environnement, et les autres résolutions pertinentes qui renforcent ce mandat, ainsi que la Déclaration de Nairobi du 7 février 1997 sur le rôle et le mandat du Programme des Nations Unies pour l’environnement<authorialNote marker="1" placement="bottom" eId="authorialNote_1"><p xml:space="preserve"><span class="italic">Documents officiels de l’Assemblée générale, cinquante-deuxième session, Supplément n</span><span class="italic"><sup>o</sup></span><span class="italic"> 25</span> (<a href="https://undocs.org/fr/A/52/25">A/52/25</a>), annexe, décision 19/1, annexe.</p></authorialNote>, la Déclaration ministérielle de Malmö du 31 mai 2000<authorialNote marker="2" placement="bottom" eId="authorialNote_2"><p xml:space="preserve">		Ibid., <span class="italic">cinquante-cinquième session, Supplément n</span><span class="italic"><sup>o</sup></span><span class="italic"> 25 </span>(<a href="https://undocs.org/fr/A/55/25">A/55/25</a>), annexe I, décision SS.VI/1, annexe.</p></authorialNote> et la Déclaration de Nusa Dua du 26 février 2010<authorialNote marker="3" placement="bottom" eId="authorialNote_3"><p xml:space="preserve">		Ibid., <span class="italic">soixante-cinquième session, Supplément n</span><span class="italic"><sup>o</sup></span><span class="italic"> 25</span> (<a href="https://undocs.org/fr/A/65/25">A/65/25</a>), annexe I, décision SS.XI/9.</p></authorialNote>,</p>
      </container>
      <container name="Réaffirmant également " eId="container_3">
        <p xml:space="preserve">
          <span class="italic">	Réaffirmant également </span>sa détermination à renforcer le rôle du Programme des Nations Unies pour l’environnement en tant qu’autorité mondiale de premier plan en matière d’environnement chargée de définir le programme mondial pour l’environnement et de promouvoir la mise en œuvre cohérente du volet environnement du développement durable au sein du système des Nations Unies et ayant autorité pour défendre la cause de l’environnement mondial,</p>
      </container>
      <container name="Rappelant" eId="container_4">
        <p xml:space="preserve">
          <span class="italic">	Rappelant</span> le document final de la Conférence des Nations Unies sur le développement durable, tenue à Rio de Janeiro (Brésil) du 20 au 22 juin 2012, intitulé « L’avenir que nous voulons »<authorialNote marker="4" placement="bottom" eId="authorialNote_4"><p xml:space="preserve">		Résolution <a href="https://undocs.org/fr/A/RES/66/288">66/288</a>, annexe.</p></authorialNote>, et prenant note de la suite donnée aux alinéas a) à h) du paragraphe 88 dudit document, notamment par sa résolution <a href="https://undocs.org/fr/A/RES/67/213">67/213</a> du 21 décembre 2012,</p>
      </container>
      <container name="Rappelant également" eId="container_5">
        <p xml:space="preserve">
          <span class="italic">	Rappelant également</span> l’institution du principe d’adhésion universelle au Conseil d’administration du Programme des Nations Unies pour l’environnement, ainsi que d’autres mesures visant à affermir la gouvernance de ce dernier et à le rendre plus réactif et responsable envers les États Membres, le changement concomitant de son nom en « Assemblée des Nations Unies pour l’environnement du Programme des Nations Unies pour l’environnement » et la révision de la périodicité de ses sessions,</p>
      </container>
      <container name="Rappelant en outre" eId="container_6">
        <p xml:space="preserve">
          <span class="italic">	Rappelant en outre</span> ses résolutions <a href="https://undocs.org/fr/A/RES/68/215">68/215</a> du 20 décembre 2013, <a href="https://undocs.org/fr/A/RES/69/223">69/223</a> du 19 décembre 2014, <a href="https://undocs.org/fr/A/RES/71/231">71/231</a> du 21 décembre 2016 et <a href="https://undocs.org/fr/A/RES/73/260">73/260</a> du 22 décembre 2018,</p>
      </container>
      <container name="Réaffirmant" eId="container_7">
        <p xml:space="preserve">
          <span class="italic">	Réaffirmant</span> les dispositions de la Déclaration de Rio sur l’environnement et le développement<authorialNote marker="5" placement="bottom" eId="authorialNote_5"><p xml:space="preserve"><span class="italic">Rapport de la Conférence des Nations Unies sur l’environnement et le développement, Rio de Janeiro, 3‑14 juin 1992,</span> vol. I, <span class="italic">Résolutions adoptées par la Conférence</span> (publication des Nations Unies, numéro de vente : F.93.I.8 et rectificatif), résolution 1, annexe I.</p></authorialNote> et les principes qui y sont établis,</p>
      </container>
      <container name="Tenant compte" eId="container_8">
        <p xml:space="preserve">
          <span class="italic">	Tenant compte</span> d’Action 21<authorialNote marker="6" placement="bottom" eId="authorialNote_6"><p xml:space="preserve">		Ibid., annexe II.</p></authorialNote> et du Plan de mise en œuvre du Sommet mondial pour le développement durable<authorialNote marker="7" placement="bottom" eId="authorialNote_7"><p xml:space="preserve"><span class="italic">Rapport du Sommet mondial pour le développement durable, Johannesburg (Afrique du Sud), 26 août-4 septembre 2002</span> (publication des Nations Unies, numéro de vente : F.03.II.A.1), chap. I, résolution 2, annexe.</p></authorialNote>,</p>
      </container>
      <container name="Rappelant " eId="container_9">
        <p xml:space="preserve">
          <span class="italic">	Rappelant </span>le Document final du Sommet mondial de 2005<authorialNote marker="8" placement="bottom" eId="authorialNote_8"><p xml:space="preserve">		Résolution <a href="https://undocs.org/fr/A/RES/60/1">60/1</a>.</p></authorialNote> et le document final de sa manifestation spéciale consacrée au bilan de l’action entreprise pour atteindre les objectifs du Millénaire pour le développement<authorialNote marker="9" placement="bottom" eId="authorialNote_9"><p xml:space="preserve">		Résolution <a href="https://undocs.org/fr/A/RES/68/6">68/6</a>.</p></authorialNote>,</p>
      </container>
      <container name="Rappelant également" eId="container_10">
        <p xml:space="preserve">
          <span class="italic">	Rappelant également</span> le Plan stratégique de Bali pour l’appui technologique et le renforcement des capacités<authorialNote marker="10" placement="bottom" eId="authorialNote_10"><p xml:space="preserve">		Programme des Nations Unies pour l’environnement, document UNEP/GC.23/6/Add.1 et UNEP/GC.23/6/Add.1/Corr.1, annexe.</p></authorialNote>,</p>
      </container>
      <container name="Réaffirmant" eId="container_11">
        <p xml:space="preserve">
          <span class="italic">	Réaffirmant</span> les dispositions de sa résolution <a href="https://undocs.org/fr/A/RES/70/1">70/1</a> du 25 septembre 2015 intitulée « Transformer notre monde : le Programme de développement durable à l’horizon 2030 », dans laquelle a été adoptée une série complète d’objectifs et de cibles ambitieux, universels, axés sur l’être humain et porteurs de changement, et réaffirmant qu’elle s’engage à œuvrer sans relâche pour que le programme soit appliqué dans son intégralité d’ici à 2030, qu’elle considère que l’élimination de la pauvreté sous toutes ses formes et dans toutes ses dimensions, y compris l’extrême pauvreté, constitue le plus grand défi auquel l’humanité doit faire face et une condition indispensable au développement durable, et qu’elle est attachée à réaliser le développement durable dans ses trois dimensions – économique, sociale et environnementale – d’une manière équilibrée et intégrée en tirant parti de ce qui a été fait dans le cadre des objectifs du Millénaire pour le développement, dont elle s’efforcera d’achever la réalisation,</p>
      </container>
      <container name="Réaffirmant également " eId="container_12">
        <p xml:space="preserve">
          <span class="italic">	Réaffirmant également </span>les dispositions de sa résolution <a href="https://undocs.org/fr/A/RES/69/313">69/313</a> du 27 juillet 2015 sur le Programme d’action d’Addis-Abeba issu de la troisième Conférence internationale sur le financement du développement, qui appuie et complète le Programme de développement durable à l’horizon 2030 dont il fait partie intégrante, qui contribue à replacer dans leur contexte les cibles concernant les moyens de mise en œuvre grâce à l’adoption de politiques et mesures concrètes, et qui réaffirme la volonté politique résolue de faire face aux problèmes de financement et de créer, à tous les niveaux, un environnement propice au développement durable, dans un esprit de partenariat et de solidarité planétaires,</p>
      </container>
      <container name="Réaffirmant en outre" eId="container_13">
        <p xml:space="preserve">
          <span class="italic">	Réaffirmant en outre</span> la teneur de l’Accord de Paris<authorialNote marker="11" placement="bottom" eId="authorialNote_11"><p xml:space="preserve">		Conclu au titre de la CCNUCC et publié sous la cote <a href="https://undocs.org/fr/FCCC/CP/2015/10/Add.1">FCCC/CP/2015/10/Add.1</a>, décision 1/CP.21.</p></authorialNote>, qui est entré en vigueur rapidement, encourageant toutes les parties à l’appliquer dans son intégralité, et <span class="italic">engageant</span> les parties à la Convention‑cadre des Nations Unies sur les changements climatiques<authorialNote marker="12" placement="bottom" eId="authorialNote_12"><p xml:space="preserve">		Nations Unies, <span class="italic">Recueil des Traités</span>, vol. 1771, n<sup>o</sup> 30822.</p></authorialNote> qui ne l’ont pas encore fait à déposer dès que possible leurs instruments de ratification, d’acceptation, d’approbation ou d’adhésion, selon qu’il conviendra,</p>
      </container>
      <container name="Soulignant" eId="container_14">
        <p xml:space="preserve">
          <span class="italic">	Soulignant</span> les effets de synergie existant entre l’application du Programme de développement durable à l’horizon 2030, celle de l’Accord de Paris et celle d’autres textes issus des grandes conférences intergouvernementales et réunions au sommet organisées par les Nations Unies dans les domaines économique, social et environnemental,</p>
      </container>
      <container name="Se félicitant" eId="container_15">
        <p xml:space="preserve">
          <span class="italic">	Se félicitant</span> de la tenue du Sommet Action Climat 2019 convoqué par le Secrétaire général le 23 septembre, prenant note des initiatives et engagements multipartites qui y ont été présentés et prenant note également de la tenue à New York le 21 septembre du Sommet de la jeunesse sur l’action pour le climat,</p>
      </container>
      <container name="Attendant avec intérêt" eId="container_16">
        <p xml:space="preserve">
          <span class="italic">	Attendant avec intérêt</span> la tenue en 2020 du sommet sur la biodiversité organisé à l’appui d’un cadre mondial de la biodiversité pour l’après-2020 qui contribue au Programme de développement durable à l’horizon 2030, rappelant la résolution <a href="https://undocs.org/fr/A/RES/71/312">71/312</a> du 6 juillet 2017, intitulée « L’océan, notre avenir : appel à l’action » et attendant avec intérêt la tenue en 2020 de la Conférence des Nations Unies visant à appuyer la réalisation de l’objectif de développement durable n<sup>o</sup> 14 : conserver et exploiter de manière durable les océans, les mers et les ressources marines aux fins du développement durable,</p>
      </container>
      <container name="Prenant note " eId="container_17">
        <p xml:space="preserve">
          <span class="italic">	Prenant note </span>de la contribution de l’Assemblée des Nations Unies pour l’environnement à la lutte contre les changements climatiques et l’appauvrissement de la biodiversité, entre autres choses, dans le cadre de son mandat et en collaboration avec les autres organisations et parties prenantes intéressées,</p>
      </container>
      <container name="Déterminée" eId="container_18">
          <p xml:space="preserve">
            <span class="italic">	Déterminée </span>à renforcer la gouvernance internationale de l’environnement dans le contexte du cadre institutionnel du développement durable, afin de promouvoir une intégration équilibrée des aspects économique, social et environnemental du développement durable, ainsi que la coordination au sein du système des Nations Unies,</p>
        </container>
      <container name="Déterminée également" eId="container_19">
          <p xml:space="preserve">
            <span class="italic">	Déterminée également</span> à donner plus de poids au Programme des Nations Unies pour l’environnement et à lui donner davantage de moyens pour s’acquitter de son mandat de coordination au sein du système des Nations Unies, en renforçant sa participation aux travaux des principaux organes de coordination des Nations Unies et en le dotant des capacités nécessaires pour piloter l’élaboration des stratégies sur l’environnement à l’échelle du système,</p>
        </container>
      <container name="Consciente" eId="container_20">
        <p xml:space="preserve">
          <span class="italic">	Consciente</span> de la contribution majeure que l’Assemblée des Nations Unies pour l’environnement a apportée à la session de 2019 du forum politique de haut niveau pour le développement durable, organisée sous les auspices du Conseil économique et social du 9 au 18 juillet, à New York, dans le cadre de laquelle les progrès accomplis dans la réalisation de six des 17 objectifs de développement durable ont été examinés en profondeur,</p>
      </container>
      <container name="Réaffirmant " eId="container_21">
        <p xml:space="preserve">
          <span class="italic">	Réaffirmant </span>que le Programme des Nations Unies pour l’environnement doit disposer de ressources financières sûres, stables, suffisantes et prévisibles et, en conformité avec la résolution <a href="https://undocs.org/fr/A/RES/2997 (XXVII)">2997 (XXVII)</a>, soulignant qu’il faudrait envisager de rendre dûment compte de toutes les dépenses d’administration et de gestion du Programme dans le budget ordinaire de l’Organisation des Nations Unies et réaliser des gains d’efficience,</p>
      </container>
      <container name="Réaffirmant" eId="container_22">
        <p xml:space="preserve">
          <span class="italic">	Réaffirmant</span> la détermination, telle que manifestée dans le document ministériel final adopté à la première session de l’Assemblée des Nations Unies pour l’environnement du Programme des Nations Unies pour l’environnement, qui s’est tenue à Nairobi du 23 au 27 juin 2014<authorialNote marker="13" placement="bottom" eId="authorialNote_13"><p xml:space="preserve"><span class="italic">Documents officiels de l’Assemblée générale, soixante-neuvième session, Supplément n</span><span class="italic"><sup>o</sup></span><span class="italic"> 25</span> (<a href="https://undocs.org/fr/A/69/25">A/69/25</a>), annexe, résolution 1/1.</p></authorialNote>, de veiller notamment à la pleine prise en compte des considérations environnementales dans l’ensemble du programme de développement durable, sachant qu’un environnement sain est une condition essentielle et un facteur déterminant du développement durable,</p>
      </container>
      <container name="Rappelant" eId="container_23">
        <p xml:space="preserve">
          <span class="italic">	Rappelant</span> qu’il est nécessaire que les gouvernements, le secteur privé, les universités, les entités et programmes des Nations Unies intéressés, les peuples autochtones, les communautés locales, la société civile et les particuliers, entre autres, établissent des partenariats et les consolident,</p>
      </container>
    </preamble>
    <mainBody>
      <paragraph eId="para_24" class="MercuryDocument">
        <num>	1.</num>
        <content eId="para_24__content">
          <p xml:space="preserve">
            <span class="italic">Se félicite</span> de la tenue de la quatrième session de l’Assemblée des Nations Unies pour l’environnement du Programme des Nations Unies pour l’environnement à Nairobi, du 11 au 15 mars 2019, accueille avec satisfaction le rapport et les résolutions et décisions y figurant<authorialNote marker="14" placement="bottom" eId="authorialNote_14"><p xml:space="preserve">		Ibid., <span class="italic">soixante-quatorzième session, Supplément n</span><span class="italic"><sup>o</sup></span><span class="italic"> 25</span> (<a href="https://undocs.org/fr/A/74/25">A/74/25</a>).</p></authorialNote> et attend avec intérêt la cinquième session de l’Assemblée des Nations Unies pour l’environnement qui se tiendra du 22 au 26 février 2021 ;</p>
        </content>
      </paragraph>
      <paragraph eId="para_25" class="MercuryDocument">
        <num>	2.</num>
        <content eId="para_25__content">
          <p xml:space="preserve">
            <span class="italic">Rappelle </span>la déclaration ministérielle intitulée « Des solutions novatrices pour relever les défis environnementaux et instaurer des modes de consommation et de production durables »<authorialNote marker="15" placement="bottom" eId="authorialNote_15"><p xml:space="preserve">		UNEP/EA.4/HLS.1.</p></authorialNote>, adoptée par l’Assemblée des Nations Unies pour l’environnement du Programme des Nations Unies pour l’environnement à sa quatrième session, et réaffirme que l’adoption de solutions novatrices pour relever les défis environnementaux et instaurer des modes de consommation et de production durables est un élément important pour la mise en œuvre du Programme de développement durable à l’horizon 2030<authorialNote marker="16" placement="bottom" eId="authorialNote_16"><p xml:space="preserve">		Résolution <a href="https://undocs.org/fr/A/RES/70/1">70/1</a>.</p></authorialNote> et la réalisation des objectifs de développement durable ;</p>
        </content>
      </paragraph>
      <paragraph eId="para_26" class="MercuryDocument">
        <num>	3.</num>
        <content eId="para_26__content">
          <p xml:space="preserve">
            <span class="italic">Encourage</span> les États Membres à trouver des moyens novateurs de parvenir à une consommation et une production durables, dans l’esprit de la résolution 4/1 de l’Assemblée des Nations Unies pour l’environnement du Programme des Nations Unies pour l’environnement, en date du 15 mars 2019<authorialNote marker="17" placement="bottom" eId="authorialNote_17"><p xml:space="preserve">		UNEP/EA.4/Res.1.</p></authorialNote> ;</p>
        </content>
      </paragraph>
      <paragraph eId="para_27" class="MercuryDocument">
        <num>	4.</num>
        <content eId="para_27__content">
          <p xml:space="preserve">
            <span class="italic">Invite</span> la Commission de statistique, la Commission de la science et de la technique au service du développement et les autres entités compétentes des Nations Unies à aider la direction exécutive du Programme des Nations Unies pour l’environnement dans l’élaboration d’une stratégie globale sur les données environnementales d’ici à 2025, comme indiqué dans la déclaration ministérielle adoptée par l’Assemblée des Nations Unies pour l’environnement à sa quatrième session ;</p>
        </content>
      </paragraph>
      <paragraph eId="para_28" class="MercuryDocument">
        <num>	5.</num>
        <content eId="para_28__content">
          <p xml:space="preserve">
            <span class="italic">Invite </span>les États Membres et tous les organismes et partenaires des Nations Unies compétents à contribuer à l’exécution du plan de mise en œuvre « Vers une planète sans pollution », tel qu’énoncé par l’Assemblée des Nations Unies pour l’environnement dans sa résolution 4/21 du 15 mars 2019<authorialNote marker="18" placement="bottom" eId="authorialNote_18"><p xml:space="preserve">		UNEP/EA.4/Res.21.</p></authorialNote> ;</p>
        </content>
      </paragraph>
      <paragraph eId="para_29" class="MercuryDocument">
        <num>	6.</num>
        <content eId="para_29__content">
          <p xml:space="preserve">
            <span class="italic">	Se félicite</span> de la détermination continue de l’Assemblée des Nations Unies pour l’environnement à contribuer à la concrétisation du volet environnemental du Programme de développement durable à l’horizon 2030 de façon intégrée, comme énoncé dans ses résolutions 2/5 du 27 mai 2016<authorialNote marker="19" placement="bottom" eId="authorialNote_19"><p xml:space="preserve"><span class="italic">Documents officiels de l’Assemblée générale, soixante et onzième session, Supplément n</span><span class="italic"><sup>o</sup></span><span class="italic"> 25</span> (<a href="https://undocs.org/fr/A/71/25">A/71/25</a>), annexe, résolution 2/5.</p></authorialNote> et 3/3 du 6 décembre 2017<authorialNote marker="20" placement="bottom" eId="authorialNote_20"><p xml:space="preserve">		UNEP/EA.3/Res.3. </p></authorialNote> sur les contributions de l’Assemblée des Nations Unies pour l’environnement au forum politique de haut niveau pour le développement durable ;</p>
        </content>
      </paragraph>
      <paragraph eId="para_30" class="MercuryDocument">
        <num>	7.</num>
        <content eId="para_30__content">
          <p xml:space="preserve">
            <span class="italic">Remercie</span> la présidence et le Bureau du Conseil économique et social de soutenir et de faciliter la prise en compte des contributions de l’Assemblée des Nations Unies pour l’environnement dans la préparation des réunions, les travaux et les débats du forum politique de haut niveau pour le développement durable, ainsi que la participation de la présidence de l’Assemblée aux réunions du forum organisées sous les auspices du Conseil économique et social ;</p>
        </content>
      </paragraph>
      <paragraph eId="para_31" class="MercuryDocument">
        <num>	8.</num>
        <content eId="para_31__content">
          <p xml:space="preserve">
            <span class="italic">Encourage</span> la présidence de l’Assemblée des Nations Unies pour l’environnement à continuer de diffuser les principaux messages adoptés par l’Assemblée pour l’environnement à ses sessions lors des réunions du forum politique de haut niveau pour le développement durable organisées sous les auspices du Conseil économique et social, selon qu’il conviendra, en tenant compte de la nature intégrée du Programme de développement durable à l’horizon 2030 et de ses résolutions <a href="https://undocs.org/fr/A/RES/67/290">67/290</a> du 9 juillet 2013 et <a href="https://undocs.org/fr/A/RES/70/299">70/299</a> du 29 juillet 2016 ;</p>
        </content>
      </paragraph>
      <paragraph eId="para_32" class="MercuryDocument">
        <num>	9.</num>
        <content eId="para_32__content">
          <p xml:space="preserve">
            <span class="italic">Se félicite</span> des contributions de l’Assemblée des Nations Unies pour l’environnement aux préparatifs et aux réunions du forum politique de haut niveau pour le développement durable, qui s’est tenu en 2019 sous les auspices de l’Assemblée générale, et attend avec intérêt de nouvelles contributions au forum politique de haut niveau organisé sous les auspices de l’Assemblée générale et du Conseil économique et social ;</p>
        </content>
      </paragraph>
      <paragraph eId="para_33" class="MercuryDocument">
        <num>	10.</num>
        <content eId="para_33__content">
          <p xml:space="preserve">
            <span class="italic">	Rappelle</span> qu’aider les pays en développement à renforcer leurs capacités et leur apporter un appui technologique dans les domaines liés à l’environnement sont des éléments importants des activités du Programme des Nations Unies pour l’environnement et, à cet égard, demande que le Plan stratégique de Bali pour l’appui technologique et le renforcement des capacités<sup>10</sup> adopté par le Programme continue d’être mis en œuvre avec rigueur ;</p>
        </content>
      </paragraph>
      <paragraph eId="para_34" class="MercuryDocument">
        <num>	11.</num>
        <content eId="para_34__content">
          <p xml:space="preserve">
            <span class="italic">Prend note avec satisfaction</span> de la sixième édition du Rapport phare intitulé « L’avenir de l’environnement mondial » et de son résumé à l’intention des décideurs, que les États Membres ont examinés et approuvés du 21 au 24 janvier 2019<authorialNote marker="21" placement="bottom" eId="authorialNote_21"><p xml:space="preserve">		Les appellations employées dans le résumé à l’intention des décideurs et la présentation des données qui y figurent n’impliquent de la part du Programme des Nations Unies pour l’environnement aucune prise de position quant au statut juridique des pays, territoires, villes ou zones, ou de leurs autorités, ni quant au tracé de leurs frontières ou limites. Pour obtenir des orientations générales sur l’utilisation des cartes dans les publications, veuillez consulter l’adresse suivante : <a href="https://www.un.org/Depts/Cartographic/french/htmain.htm">https://www.un.org/Depts/Cartographic/french/htmain.htm</a>.</p></authorialNote> et que l’Assemblée des Nations Unies pour l’environnement a accueillis avec satisfaction à sa quatrième session, et rappelle qu’il est nécessaire que le Programme des Nations Unies pour l’environnement réalise des évaluations environnementales mondiales actualisées, approfondies et utiles aux fins de l’élaboration des politiques, sur la base de données scientifiques et en étroite consultation avec les États Membres, afin d’appuyer la prise de décisions à tous les niveaux ;</p>
        </content>
      </paragraph>
      <paragraph eId="para_35" class="MercuryDocument">
        <num>	12.</num>
        <content eId="para_35__content">
          <p xml:space="preserve">
            <span class="italic">Prend acte</span> de la contribution du Groupe international d’experts sur les ressources, notamment de son rapport intitulé « Perspectives des ressources mondiales 2019 : des ressources naturelles pour l’avenir que nous voulons » ;</p>
        </content>
      </paragraph>
      <paragraph eId="para_36" class="MercuryDocument">
        <num>	13.</num>
        <content eId="para_36__content">
          <p xml:space="preserve">
            <span class="italic">Se déclare préoccupée</span> par les conclusions des évaluations environnementales mondiales qui indiquent que, bien que des solutions à nos problèmes environnementaux communs existent, notre planète est de plus en plus polluée et subit les effets néfastes des changements climatiques, la biodiversité s’appauvrit rapidement et la dégradation de l’environnement est généralisée, et rappelle que l’Assemblée des Nations Unies pour l’environnement a prié la Directrice exécutive du Programme des Nations Unies pour l’environnement de continuer à promouvoir la cohérence et la coordination des évaluations mondiales menées au sein du système des Nations unies<authorialNote marker="22" placement="bottom" eId="authorialNote_22"><p xml:space="preserve">		Voir UNEP/EA.4/Res.23, par. 10.</p></authorialNote> ;</p>
        </content>
      </paragraph>
      <paragraph eId="para_37" class="MercuryDocument">
        <num>	14.</num>
        <content eId="para_37__content">
          <p xml:space="preserve">
            <span class="italic">Se félicite</span> que l’Assemblée des Nations Unies pour l’environnement ait prié la Directrice exécutive du Programme des Nations Unies pour l’environnement de préparer en consultation avec les États Membres, en s’inspirant des contributions des parties prenantes concernées, l’anniversaire de la création du Programme par la Conférence des Nations Unies sur l’environnement tenue à Stockholm du 5 au 16 juin 1972<authorialNote marker="23" placement="bottom" eId="authorialNote_23"><p xml:space="preserve">		Ibid., par. 7.</p></authorialNote> ;</p>
        </content>
      </paragraph>
      <paragraph eId="para_38" class="MercuryDocument">
        <num>	15.</num>
        <content eId="para_38__content">
          <p xml:space="preserve">
            <span class="italic">Se déclare préoccupée</span> par le problème de la durabilité, de la prévisibilité et de la stabilité du financement de l’organe directeur du Programme des Nations Unies pour l’environnement et prie le Secrétaire général de formuler des propositions à cet égard, selon qu’il conviendra ;</p>
        </content>
      </paragraph>
      <paragraph eId="para_39" class="MercuryDocument">
        <num>	16.</num>
        <content eId="para_39__content">
          <p xml:space="preserve">
            <span class="italic">Note</span> que l’Assemblée des Nations Unies pour l’environnement a prié la direction exécutive du Programme des Nations Unies pour l’environnement de proposer des solutions permettant de garantir la participation des pays en développement à l’Assemblée pour l’environnement<authorialNote marker="24" placement="bottom" eId="authorialNote_24"><p xml:space="preserve"><span class="italic">Documents officiels de l’Assemblée générale</span>, <span class="italic">soixante-neuvième session, Supplément n</span><span class="italic"><sup>o</sup></span><span class="italic"> 25</span> (<a href="https://undocs.org/fr/A/69/25">A/69/25</a>), annexe, résolution 1/15.</p></authorialNote> ;</p>
        </content>
      </paragraph>
      <paragraph eId="para_40" class="MercuryDocument">
        <num>	17.</num>
        <content eId="para_40__content">
          <p xml:space="preserve">
            <span class="italic">Décide</span> d’inscrire à l’ordre du jour provisoire de sa soixante-seizième session, au titre de la question intitulée « Développement durable », la question subsidiaire intitulée « Rapport de l’Assemblée des Nations Unies pour l’environnement du Programme des Nations Unies pour l’environnement ».</p>
        </content>
      </paragraph>
    </mainBody>
    <conclusions eId="conclusions">
      <p>
        <inline name="adoptionMeeting" title="52e">52e séance plénière</inline>
        <eol />
        <docDate date="2019-12-19" refersTo="#adoptionDate">19 décembre 2019</docDate>
      </p>
    </conclusions>
  </statement>
</akomaNtoso>