<akomaNtoso xmlns:xsi="http://www.w3.org/2001/XMLSchema-instance" xsi:schemaLocation="http://docs.oasis-open.org/legaldocml/ns/akn/3.0 http://docs.oasis-open.org/legaldocml/akn-core/v1.0/os/part2-specs/schemas/akomantoso30.xsd" xmlns="http://docs.oasis-open.org/legaldocml/ns/akn/3.0" xmlns:html="http://www.w3.org/1999/xhtml" xmlns:akn4un="http://un.org/akn4un">
  <statement name="resolution">
    <meta>
      <identification source="#DGACM">
        <FRBRWork>
          <FRBRthis value="/akn/un/statement/deliberation/unga/2019-12-19/74-225/!main/"></FRBRthis>
          <FRBRuri value="/akn/un/statement/deliberation/unga/2019-12-19/74-225/"></FRBRuri>
          <FRBRdate date="2019-12-19" name="adoption"></FRBRdate>
          <FRBRauthor href="ga" as="author"></FRBRauthor>
          <FRBRcountry value="un"></FRBRcountry>
        </FRBRWork>
        <FRBRExpression>
          <FRBRthis value="/akn/un/statement/deliberation/unga/2019-12-19/74-225/fra@!main/"></FRBRthis>
          <FRBRuri value="/akn/un/statement/deliberation/unga/2019-12-19/74-225/fra@/"></FRBRuri>
          <FRBRdate date="2020-01-21" name="publication"></FRBRdate>
          <FRBRauthor href="ga" as="issuer"></FRBRauthor>
          <FRBRlanguage language="fra"></FRBRlanguage>
        </FRBRExpression>
        <FRBRManifestation>
          <FRBRthis value="/akn/un/statement/deliberation/unga/2019-12-19/74-225/fra@/!main.xml"></FRBRthis>
          <FRBRuri value="/akn/un/statement/deliberation/unga/2019-12-19/74-225/fra@.xml"></FRBRuri>
          <FRBRdate date="2020-08-21" name="markup"></FRBRdate>
          <FRBRauthor href="DGACM" as="editor"></FRBRauthor>
        </FRBRManifestation>
      </identification>
      <classification source="http://metadata.un.org/sdg">
        <keyword value="7" href="http://metadata.un.org/sdg/7" showAs="sdg_7" dictionary="SDGO"></keyword>
        <keyword value="66_energy" href="http://eurovoc.europa.eu/100159" showAs="66_energy" dictionary="EuroVoc"></keyword>
        <keyword value="energy_market" href="http://eurovoc.europa.eu/4886" showAs="energy_market" dictionary="EuroVoc"></keyword>
        <keyword value="sustainable_energy" href="http://metadata.un.org/thesaurus/1006320" showAs="sustainable_energy" dictionary="UNBIS Thesaurus"></keyword>
      </classification>
      <classification source="http://metadata.un.org/sdg">
        <keyword value="12" href="http://metadata.un.org/sdg/12" showAs="sdg_12" dictionary="SDGO"></keyword>
        <keyword value="consumption" href="http://eurovoc.europa.eu/139" showAs="consumption" dictionary="EuroVoc"></keyword>
        <keyword value="production" href="http://eurovoc.europa.eu/2707" showAs="production" dictionary="EuroVoc"></keyword>
        <keyword value="sustainable_consumption" href="http://metadata.un.org/thesaurus/1006318" showAs="sustainable_consumption" dictionary="UNBIS Thesaurus"></keyword>
        <keyword value="consumption" href="http://metadata.un.org/thesaurus/1001264" showAs="consumption" dictionary="UNBIS Thesaurus"></keyword>
        <keyword value="production" href="http://metadata.un.org/thesaurus/1005146" showAs="production" dictionary="UNBIS Thesaurus"></keyword>
      </classification>
      <classification source="http://metadata.un.org/sdg">
        <keyword value="17" href="http://metadata.un.org/sdg/17" showAs="sdg_17" dictionary="SDGO"></keyword>
        <keyword value="sustainable_development" href="http://eurovoc.europa.eu/5585" showAs="sustainable_development" dictionary="EuroVoc"></keyword>
        <keyword value="partnership" href="http://eurovoc.europa.eu/4199" showAs="partnership" dictionary="EuroVoc"></keyword>
        <keyword value="sustainable_development" href="http://metadata.un.org/thesaurus/1006319" showAs="sustainable_development" dictionary="UNBIS Thesaurus"></keyword>
        <keyword value="partnership" href="http://metadata.un.org/thesaurus/1004748" showAs="partnership" dictionary="UNBIS Thesaurus"></keyword>
      </classification>
      <workflow source="#un">
        <step date="2019-11-21" outcome="draftResolution" as="A/C.2/74/L.71" by="submitted by the Vice-Chair of the Committee" />
        <step date="0001-01-01" outcome="draftResolutionAdditionalSponsors" by="" />
        <step date="0001-01-01" outcome="recommendedForAdoption" as="A/74/381/Add.10" by="" refersTo="8" />
        <step date="2019-12-19" outcome="adopted" as="A/74/PV.52" by="" />
      </workflow>
      <analysis source="#un">
        <parliamentary>
          <voting outcome="adoptedWithoutVote">
            <quorum value=""></quorum>
          </voting>
        </parliamentary>
      </analysis>
      <references source="#DGACM">
        <TLCOrganization eId="source" href="/akn/ontology/organization/un/DGACM" showAs="DGACM"></TLCOrganization>
        <TLCConcept eId="dateOfIssuance" href="/akn/ontology/concept/un/dateOfIssuance" showAs="Date of issuance"></TLCConcept>
        <TLCConcept eId="dateOfAdoption" href="/akn/ontology/concept/un/dateOfAdoption" showAs="Date of adoption"></TLCConcept>
        <TLCConcept eId="symbol" href="/akn/ontology/reference/un/symbol" showAs="Symbol"></TLCConcept>
        <TLCRole eId="publisher" href="/akn/ontology/role/un/publisher" showAs="Publisher"></TLCRole>
        <TLCRole eId="issuingBody" href="/akn/role/concept/un/issuingBody" showAs="Issuing body"></TLCRole>
        <TLCRole eId="author" href="/akn/ontology/role/un/author" showAs="Author"></TLCRole>
        <TLCRole eId="editor" href="/akn/ontology/role/un/editor" showAs="Editor"></TLCRole>
        <TLCRole eId="distribution" href="/akn/ontology/concept/un/generalDistribution" showAs="General distribution"></TLCRole>
        <TLCOrganization eId="ga" href="/akn/ontology/organization/un/generalAssembly" showAs="General Assembly"></TLCOrganization>
        <TLCTerm eId="resolutionTitle" href="/akn/ontology/reference/un/resolutionTitle" showAs="Resolution title"></TLCTerm>
        <TLCTerm eId="secondCommittee" href="#secondCommittee" showAs="Deuxième Commission"></TLCTerm>
        <TLCTerm eId="memberState" href="/akn/ontology/organization/un/memberState" showAs="Member State"></TLCTerm>
        <TLCTerm eId="inFavour" href="/akn/ontology/concept/un/voting/inFavour" showAs="In favour"></TLCTerm>
        <TLCTerm eId="against" href="/akn/ontology/concept/un/voting/against" showAs="Against"></TLCTerm>
        <TLCTerm eId="abstaining" href="/akn/ontology/concept/un/voting/abstaining" showAs="Abstaining"></TLCTerm>
      </references>
      <presentation source="#un">
        <akn4un:footerFirstPage>
          <akn4un:footerFirstPageLeft>
            <akn4un:internalCode>
              <docketNumber refersTo="#publicationJobNumber">19-22494 (F)</docketNumber>
              <img alt="bar code" class="barCode" src=""></img>
            </akn4un:internalCode>
          </akn4un:footerFirstPageLeft>
          <akn4un:footerFirstPageRight>
            <img alt="Please recycle" class="image" src="./recylcleLogo.jpg"></img>
            <img alt="embedded QR code" class="qrCode" src=""></img>
          </akn4un:footerFirstPageRight>
        </akn4un:footerFirstPage>
      </presentation>
    </meta>
    <coverPage eId="coverPage_1">
      <p>
        <span refersTo="#publisher" class="upperLeft">
          <docAuthority refersTo="#publisher">Nations Unies</docAuthority>
        </span>
      </p>
      <p class="upperRight">
        <docNumber refersTo="#symbol">A/RES/74/225</docNumber>
      </p>
      <p class="upperLeft">
        <img src="logo-un.jpg"></img>
        <docAuthority refersTo="#issuingBody" class="rightBig">Assemblée générale</docAuthority>
      </p>
      <p>
        <docStatus refersTo="#generalDistribution" class="rightSmall">Distr. générale</docStatus>
      </p>
      <p>
        <docDate date="2020-01-21" class="rightSmall" refersTo="#dateOfIssuance">21 janvier 2020</docDate>
      </p>
      <p>
        <session refersTo="#generalAssembly" value="74" eId="coverPage_1__session_1">Soixante-quatorzième session</session>
      </p>
      <p>
        <inline name="agenda item"></inline>
      </p>
      <p>
        <docTitle>Résolution adoptée par l’Assemblée générale le 19 décembre 2019</docTitle>
      </p>
      <p xml:space="preserve">
        <docProponent refersTo="#secondCommittee">[sur la base du rapport de la Deuxième Commission (<inline name="originating document">A/74/381/Add.10</inline>)]</docProponent>
      </p>
    </coverPage>
    <preface>
      <p>
        <docNumber>74/225.</docNumber>
        <docTitle refersTo="#resolutionTitle">Garantir l’accès de tous à des services énergétiques fiables, durables et modernes, à un coût abordable</docTitle>
      </p>
    </preface>
    <preamble>
      <formula name="enactingFormula" eId="formula_1">
        <p xml:space="preserve">
          <span class="italic">L’Assemblée générale</span>,</p>
      </formula>
      <container name="Rappelant" eId="container_2">
        <p xml:space="preserve">
          <span class="italic">Rappelant</span> ses résolutions <a href="https://undocs.org/fr/A/RES/53/7">53/7</a> du 16 octobre 1998, <a href="https://undocs.org/fr/A/RES/54/215">54/215</a> du 22 décembre 1999, <a href="https://undocs.org/fr/A/RES/55/205">55/205</a> du 20 décembre 2000, <a href="https://undocs.org/fr/A/RES/56/200">56/200</a> du 21 décembre 2001, <a href="https://undocs.org/fr/A/RES/58/210">58/210</a> du 23 décembre 2003, <a href="https://undocs.org/fr/A/RES/60/199">60/199</a> du 22 décembre 2005, <a href="https://undocs.org/fr/A/RES/62/197">62/197</a> du 19 décembre 2007, <a href="https://undocs.org/fr/A/RES/64/206">64/206</a> du 21 décembre 2009, <a href="https://undocs.org/fr/A/RES/66/206">66/206</a> du 22 décembre 2011, <a href="https://undocs.org/fr/A/RES/69/225">69/225</a> du 19 décembre 2014, <a href="https://undocs.org/fr/A/RES/70/201">70/201</a> du 22 décembre 2015, <a href="https://undocs.org/fr/A/RES/71/233">71/233</a> du 21 décembre 2016, <a href="https://undocs.org/fr/A/RES/72/224">72/224</a> du 20 décembre 2017 et <a href="https://undocs.org/fr/A/RES/73/236">73/236</a> du 20 décembre 2018, ainsi que ses résolutions <a href="https://undocs.org/fr/A/RES/65/151">65/151</a> du 20 décembre 2010 sur l’Année internationale de l’énergie durable pour tous et <a href="https://undocs.org/fr/A/RES/67/215">67/215</a> du 21 décembre 2012, par laquelle elle a proclamé la période 2014‑2024 Décennie des Nations Unies relative à l’énergie durable pour tous,</p>
      </container>
      <container name="Réaffirmant" eId="container_3">
        <p xml:space="preserve">
          <span class="italic">Réaffirmant</span> les dispositions de sa résolution <a href="https://undocs.org/fr/A/RES/70/1">70/1</a> du 25 septembre 2015 intitulée « Transformer notre monde : le Programme de développement durable à l’horizon 2030 », par laquelle elle a adopté une série complète d’objectifs et de cibles ambitieux, universels, axés sur l’être humain et porteurs de changement, et réaffirmant qu’elle s’engage à œuvrer sans relâche pour que le Programme soit appliqué dans son intégralité d’ici à 2030, qu’elle considère que l’élimination de la pauvreté sous toutes ses formes et dans toutes ses dimensions, y compris l’extrême pauvreté, constitue le plus grand défi auquel l’humanité doit faire face et une condition indispensable au développement durable, et qu’elle est attachée à réaliser le développement durable dans ses trois dimensions – économique, sociale et environnementale – d’une manière équilibrée et intégrée, en tirant parti de ce qui a été fait dans le cadre des objectifs du Millénaire pour le développement, dont elle s’efforcera d’achever la réalisation,</p>
      </container>
      <container name="Réaffirmant également" eId="container_4">
        <p xml:space="preserve">
          <span class="italic">Réaffirmant également</span> les dispositions de sa résolution <a href="https://undocs.org/fr/A/RES/69/313">69/313</a> du 27 juillet 2015 sur le Programme d’action d’Addis-Abeba issu de la troisième Conférence internationale sur le financement du développement, qui appuie et complète le Programme de développement durable à l’horizon 2030 dont il fait partie intégrante, qui contribue à replacer dans leur contexte les cibles concernant les moyens de mise en œuvre grâce à l’adoption de politiques et mesures concrètes, et qui réaffirme la volonté politique résolue de faire face aux problèmes de financement et de créer à tous les niveaux un environnement propice au développement durable, dans un esprit de partenariat et de solidarité planétaires,</p>
      </container>
      <container name="Réaffirmant en outre " eId="container_5">
        <p xml:space="preserve">
          <span class="italic">	Réaffirmant en outre </span>la teneur de l’Accord de Paris<authorialNote marker="1" placement="bottom" eId="authorialNote_1"><p xml:space="preserve">		Conclu au titre de la CCNUCC et paru sous la cote <a href="https://undocs.org/fr/FCCC/CP/2015/10/Add.1">FCCC/CP/2015/10/Add.1</a>, décision 1/CP.21.</p></authorialNote>, qui est entré en vigueur rapidement, encourageant toutes les parties à l’appliquer dans son intégralité, et engageant les parties à la Convention-cadre des Nations Unies sur les changements climatiques<authorialNote marker="2" placement="bottom" eId="authorialNote_2"><p xml:space="preserve">		Nations Unies, <span class="italic">Recueil des Traités</span>, vol. 1771, n<sup>o</sup> 30822. </p></authorialNote> qui ne l’ont pas encore fait à déposer dès que possible leurs instruments de ratification, d’acceptation, d’approbation ou d’adhésion, selon qu’il conviendra,</p>
      </container>
      <container name="Se félicitant" eId="container_6">
        <p xml:space="preserve">
          <span class="italic">Se félicitant</span> de la tenue du Sommet Action Climat 2019 convoqué par le Secrétaire général le 23 septembre, et prenant note des initiatives et engagements multipartites qui y ont été présentés,</p>
      </container>
      <container name="Soulignant" eId="container_7">
        <p xml:space="preserve">
          <span class="italic">Soulignant</span> les effets de synergie existant entre le Programme de développement durable à l’horizon 2030 et l’Accord de Paris,</p>
      </container>
      <container name="Craignant" eId="container_8">
        <p xml:space="preserve">
          <span class="italic">Craignant</span> que, au rythme actuel des progrès, aucune des cibles des objectifs de développement durable relatives à l’énergie ne soit atteinte au niveau mondial d’ici à 2030,</p>
      </container>
      <container name="Rappelant" eId="container_9">
        <p xml:space="preserve">
          <span class="italic">Rappelant</span> sa résolution <a href="https://undocs.org/fr/A/RES/55/2">55/2</a> du 8 septembre 2000, par laquelle elle a adopté la Déclaration du Millénaire, le Document final du Sommet mondial de 2005<authorialNote marker="3" placement="bottom" eId="authorialNote_3"><p xml:space="preserve">		Résolution <a href="https://undocs.org/fr/A/RES/60/1">60/1</a>.</p></authorialNote> et le document final de la réunion plénière de haut niveau de l’Assemblée générale sur les objectifs du Millénaire pour le développement<authorialNote marker="4" placement="bottom" eId="authorialNote_4"><p xml:space="preserve">		Résolution <a href="https://undocs.org/fr/A/RES/65/1">65/1</a>.</p></authorialNote>,</p>
      </container>
      <container name="Réaffirmant" eId="container_10">
        <p xml:space="preserve">
          <span class="italic">Réaffirmant</span> la Déclaration de Rio sur l’environnement et le développement<authorialNote marker="5" placement="bottom" eId="authorialNote_5"><p xml:space="preserve"><span class="italic">Rapport de la Conférence des Nations Unies sur l’environnement et le développement, Rio de Janeiro, 3-14 juin 1992</span>, vol. I, <span class="italic">Résolutions adoptées par la Conférence</span> (publication des Nations Unies, numéro de vente : F.93.I.8 et rectificatif), résolution 1, annexe I.</p></authorialNote> et le programme Action 21<authorialNote marker="6" placement="bottom" eId="authorialNote_6"><p xml:space="preserve">		Ibid., annexe II.</p></authorialNote> et les principes qui y sont énoncés, et rappelant les recommandations et conclusions formulées dans le Plan de mise en œuvre du Sommet mondial pour le développement durable (Plan de mise en œuvre de Johannesburg)<authorialNote marker="7" placement="bottom" eId="authorialNote_7"><p xml:space="preserve"><span class="italic">Rapport du Sommet mondial pour le développement durable, Johannesburg (Afrique du Sud), 26 août-4 septembre 2002</span> (publication des Nations Unies, numéro de vente : F.03.II.A.1), chap. I, résolution 2, annexe.</p></authorialNote> et les documents finals de la Conférence des Nations Unies sur le développement durable, intitulé « L’avenir que nous voulons »<authorialNote marker="8" placement="bottom" eId="authorialNote_8"><p xml:space="preserve">		Résolution <a href="https://undocs.org/fr/A/RES/66/288">66/288</a>, annexe.</p></authorialNote>, de la troisième Conférence internationale sur les petits États insulaires en développement, intitulé « Modalités d’action accélérées des petits États insulaires en développement »<authorialNote marker="9" placement="bottom" eId="authorialNote_9"><p xml:space="preserve">		Résolution <a href="https://undocs.org/fr/A/RES/69/15">69/15</a>, annexe.</p></authorialNote>, de la deuxième Conférence des Nations Unies sur les pays en développement sans littoral, intitulé « Programme d’action de Vienne en faveur des pays en développement sans littoral pour la décennie 2014-2024 »<authorialNote marker="10" placement="bottom" eId="authorialNote_10"><p xml:space="preserve">		Résolution <a href="https://undocs.org/fr/A/RES/69/137">69/137</a>, annexe II.</p></authorialNote>, et de la quatrième Conférence des Nations Unies sur les pays les moins avancés, intitulé « Programme d’action d’Istanbul en faveur des pays les moins avancés pour la décennie 2011-2020 »<authorialNote marker="11" placement="bottom" eId="authorialNote_11"><p xml:space="preserve"><span class="italic">Rapport de la quatrième Conférence des Nations Unies sur les pays les moins avancés, Istanbul (Turquie), 9-13 mai 2011 </span>(<a href="https://undocs.org/fr/A/CONF.219/7">A/CONF.219/7</a>), chap. II. </p></authorialNote>,</p>
      </container>
      <container name="Réaffirmant également " eId="container_11">
        <p xml:space="preserve">
          <span class="italic">Réaffirmant également </span>le Nouveau Programme pour les villes, adopté à la Conférence des Nations Unies sur le logement et le développement urbain durable (Habitat III), tenue à Quito du 17 au 20 octobre 2016<authorialNote marker="12" placement="bottom" eId="authorialNote_12"><p xml:space="preserve">		Résolution <a href="https://undocs.org/fr/A/RES/71/256">71/256</a>, annexe.</p></authorialNote>, où est soulignée, entre autres, l’importance de l’énergie pour les villes,</p>
      </container>
      <container name="Réaffirmant" eId="container_12">
        <p xml:space="preserve">
          <span class="italic">Réaffirmant</span> que c’est à chaque pays qu’il incombe au premier chef d’assurer lui-même son développement et que l’on ne saurait trop insister sur le rôle des politiques et stratégies de développement nationales dans la réalisation du développement durable, et considérant qu’il faut créer à tous les niveaux et dans tous les secteurs des conditions favorables à la réalisation du développement durable,</p>
      </container>
      <container name="Réaffirmant " eId="container_13">
        <p xml:space="preserve">
          <span class="italic">	Réaffirmant </span>la souveraineté des pays sur leurs ressources énergétiques et leur droit de définir des politiques de production et d’utilisation à cet égard, et estimant que le Programme de développement durable à l’horizon 2030 devrait être mis en œuvre pour l’entier bénéfice de tous, pour la génération actuelle comme pour les générations futures,</p>
      </container>
      <container name="Soulignant" eId="container_14">
        <p xml:space="preserve">
          <span class="italic">Soulignant</span> que l’accès universel à des services énergétiques fiables, durables et modernes, à un coût abordable, fait partie intégrante de l’action menée pour éliminer la pauvreté et réaliser les objectifs du Programme de développement durable à l’horizon 2030 et que l’utilisation accrue et la promotion des énergies nouvelles et renouvelables, y compris dans des systèmes décentralisés et hors réseau, ainsi que la promotion de l’efficacité énergétique, pourraient contribuer largement à la réalisation de ces objectifs,</p>
      </container>
      <container name="Profondément préoccupée" eId="container_15">
        <p xml:space="preserve">
          <span class="italic">Profondément préoccupée</span> par le fait que dans les pays en développement, en particulier dans les zones rurales, près de 3 milliards de personnes sont tributaires de la biomasse traditionnelle, du charbon et du kérosène pour cuisiner et se chauffer, ce qui accroît de façon disproportionnée la charge de travail des femmes, des enfants et des personnes en situation de vulnérabilité, et nuit excessivement à leur santé, notamment en causant environ 4 millions de décès prématurés par an, que même si le nombre de personnes n’ayant pas accès à l’électricité dans le monde est passé sous la barre du milliard, près de 840 millions de personnes n’ont toujours pas accès à l’électricité, que la fiabilité et le coût des services énergétiques continuent de poser problème dans de nombreux pays, même si le nombre de foyers raccordés au réseau est en hausse, que l’Afrique compte à elle seule plus de la moitié de ces deux groupes de personnes et que, même là où des services de distribution d’énergie sont disponibles, ils sont trop coûteux pour des millions de pauvres,</p>
      </container>
      <container name="Constatant avec préoccupation" eId="container_16">
        <p xml:space="preserve">
          <span class="italic">	Constatant avec préoccupation</span> que l’énergie représente moins de 1 pour cent de l’ensemble des dépenses consacrées par l’Organisation des Nations Unies aux objectifs de développement durable, malgré l’importance cruciale que revêt ce secteur pour la réalisation des autres objectifs,</p>
      </container>
      <container name="Soulignant" eId="container_17">
        <p xml:space="preserve">
          <span class="italic">	Soulignant</span> que les avantages socioéconomiques de services énergétiques fiables, durables, modernes et abordables sont d’une importance capitale et qu’il faut faire en sorte que l’énergie ne soit plus considérée comme une donnée technique, mais comme une nécessité pour les services sociaux de base, notamment les soins de santé, le développement économique et l’élimination de la pauvreté,</p>
      </container>
      <container name="Soulignant également" eId="container_18">
        <p xml:space="preserve">
          <span class="italic">Soulignant également</span> qu’il importe de donner aux pays en développement les moyens d’assurer un accès universel à l’énergie grâce à l’essor rapide des services énergétiques fiables, durables et modernes, à un coût abordable, dans le monde entier,</p>
      </container>
      <container name="Soulignant" eId="container_19">
        <p xml:space="preserve">
          <span class="italic">Soulignant</span> les efforts considérables accomplis par les pays en développement, grâce auxquels le taux d’électrification à l’échelle mondiale a pu atteindre 89 pour cent en 2017, et insistant sur la nécessité de continuer à faire progresser l’électrification pour qu’en bénéficient de nombreuses populations difficiles à atteindre, en particulier en Afrique subsaharienne,</p>
      </container>
      <container name="Consciente" eId="container_20">
        <p xml:space="preserve">
          <span class="italic">Consciente</span> que c’est à chaque pays qu’il incombe au premier chef d’assurer lui‑même son développement économique et social, ce qui implique la mobilisation de ressources financières, le renforcement des capacités et le transfert aux pays en développement de technologies respectueuses de l’environnement selon des conditions arrêtées d’un commun accord, notamment des conditions privilégiées ou préférentielles,</p>
      </container>
      <container name="Se félicitant" eId="container_21">
        <p xml:space="preserve">
          <span class="italic">Se félicitant</span> de l’augmentation de la part des énergies renouvelables dans la consommation finale d’énergie en 2016, qui a été la plus forte depuis 2012, et de la réduction sensible du coût de ces énergies, de la contribution positive nette de ce secteur à la création d’emplois et de l’accroissement rapide des capacités de production d’énergies renouvelables, cet accroissement surpassant désormais celui des capacités des autres ressources utilisées dans le secteur de l’électricité, et notant que, dans de nombreuses régions du monde, le coût normalisé de l’énergie solaire et éolienne est pleinement concurrentiel par rapport à celui des ressources énergétiques traditionnelles,</p>
      </container>
      <container name="Prenant note avec satisfaction" eId="container_22">
        <p xml:space="preserve">
          <span class="italic">Prenant note avec satisfaction</span> des activités de l’Agence internationale pour les énergies renouvelables, qui a pour vocation de promouvoir et de contribuer à généraliser l’adoption de toutes les formes d’énergie renouvelable et leur exploitation durable,</p>
      </container>
      <container name="Prenant note" eId="container_23">
        <p xml:space="preserve">
          <span class="italic">Prenant note</span> des travaux menés dans le cadre des partenariats multipartites, notamment l’initiative Énergie durable pour tous, qui a donné un élan considérable à la promotion des énergies renouvelables et de l’efficacité énergétique, les initiatives lancées dans le cadre du Plan d’action mondial pour le climat, l’initiative Phares des petits États insulaires en développement, l’initiative de l’énergie durable des petits États insulaires en développement, les activités du Partenariat international pour la coopération en matière d’efficacité énergétique et d’autres initiatives pouvant contribuer à la réalisation de l’objectif visant à garantir un accès universel à des services énergétiques fiables, durables et modernes, à un coût abordable,</p>
      </container>
      <container name="Prenant note avec satisfaction" eId="container_24">
        <p xml:space="preserve">
          <span class="italic">Prenant note avec satisfaction</span> du fait que les systèmes énergétiques de la planète évoluent de plus en plus vite grâce aux progrès technologiques, à la diminution rapide du coût des énergies renouvelables, au déploiement de solutions décentralisées à moindre coût, à l’appui à l’élaboration et à la mise en œuvre de politiques énergétiques, à la mise en place de nouveaux modèles d’activité et à la mise en commun de pratiques exemplaires, se félicitant de la création de l’Alliance internationale pour l’énergie solaire, qui est une organisation internationale, et prenant note de l’action que continue de mener l’Agence internationale pour les énergies renouvelables,</p>
      </container>
      <container name="Soulignant" eId="container_25">
        <p xml:space="preserve">
          <span class="italic">Soulignant</span> qu’il faut traiter de manière cohérente et intégrée les questions d’énergie et favoriser les synergies dans le cadre du programme énergétique mondial, l’accent étant mis sur l’élimination de la pauvreté et la réalisation des objectifs de développement durable,</p>
      </container>
      <container name="Réitérant " eId="container_26">
          <p xml:space="preserve">
            <span class="italic">	Réitérant</span> l’engagement de ne laisser personne de côté, réaffirmant qu’elle considère que la dignité de la personne est fondamentale et souhaite que les objectifs et cibles se concrétisent au profit de tous les pays, de tous les peuples et de toutes les composantes de la société, et s’engageant de nouveau à s’efforcer d’aider les plus défavorisés en premier,</p>
        </container>
      <container name="Notant " eId="container_27">
        <p xml:space="preserve">
          <span class="italic">Notant </span>que, dans le cadre de la transition vers des services énergétiques fiables, durables et modernes, à un coût abordable, et vers la réalisation de l’accès universel d’ici à 2030, il serait sans doute opportun de substituer dans les zones urbaines les combustibles inefficaces par du gaz de pétrole liquéfié ou d’autres combustibles domestiques durables, sans oublier qu’il convient d’accroître la part des énergies renouvelables, afin d’atténuer sensiblement les effets délétères sur la santé de ces combustibles quand ils sont utilisés comme source d’énergie en cuisine, et de contribuer à réduire les émissions de gaz à effet de serre et à réaliser les objectifs de l’Accord de Paris,</p>
      </container>
    </preamble>
    <mainBody>
      <paragraph eId="para_28" class="MercuryDocument">
        <num>	1.</num>
        <content eId="para_28__content">
          <p xml:space="preserve">
            <span class="italic">	Prend acte</span> du rapport du Secrétaire général intitulé « Garantir l’accès de tous à des services énergétiques fiables, durables et modernes, à un coût abordable »<authorialNote marker="13" placement="bottom" eId="authorialNote_13"><p xml:space="preserve"><a href="https://undocs.org/fr/A/74/265">A/74/265</a>.</p></authorialNote> ;</p>
        </content>
      </paragraph>
      <paragraph eId="para_29" class="MercuryDocument">
        <num>	2.</num>
        <content eId="para_29__content">
          <p xml:space="preserve">
            <span class="italic">Prend note </span>du rôle et des activités de l’Agence internationale pour les énergies renouvelables, engageant l’Agence à continuer d’aider ses membres à atteindre leurs objectifs en matière d’énergie renouvelable et l’Alliance internationale pour l’énergie solaire à apporter des contributions, et encourageant cette dernière dans l’action qu’elle mène pour apporter une réponse collective aux principaux problèmes rencontrés par les uns et les autres dans le développement de l’énergie solaire, ainsi que d’autres organisations et forums internationaux et régionaux à apporter des contributions au programme énergétique mondial ;</p>
        </content>
      </paragraph>
      <paragraph eId="para_30" class="MercuryDocument">
        <num>	3.</num>
        <content eId="para_30__content">
          <p xml:space="preserve">
            <span class="italic">Se félicite</span> des progrès notables enregistrés vers la réalisation de plusieurs cibles de l’objectif de développement durable n<sup>o</sup> 7<authorialNote marker="14" placement="bottom" eId="authorialNote_14"><p xml:space="preserve">		Voir résolution <a href="https://undocs.org/fr/A/RES/70/1">70/1</a>.</p></authorialNote> ;</p>
        </content>
      </paragraph>
      <paragraph eId="para_31" class="MercuryDocument">
        <num>	4.</num>
        <content eId="para_31__content">
          <p xml:space="preserve">
            <span class="italic">Exhorte</span> les gouvernements et les autres parties prenantes à prendre des mesures pour assurer un accès universel à des services énergétiques fiables, durables et modernes, à un coût abordable, accroître la part globale des énergies nouvelles et renouvelables, améliorer la participation des pays en développement aux efforts de coopération dans le secteur de l’énergie, s’il y a lieu, et accélérer le rythme d’amélioration du rendement énergétique, au bénéfice d’un système énergétique propre, à faible taux d’émission, à faible intensité de carbone, résilient face aux changements climatiques, sûr, à haut rendement énergétique, moderne, d’un coût abordable, et durable, avec des bénéfices systémiques pour le développement durable, tout en prenant en compte la diversité des situations, priorités, politiques, besoins et difficultés des pays et les capacités des pays en développement, notamment la part des diverses sources d’énergie dans leur bouquet énergétique et leurs systèmes énergétiques ;</p>
        </content>
      </paragraph>
      <paragraph eId="para_32" class="MercuryDocument">
        <num>	5.</num>
        <content eId="para_32__content">
          <p xml:space="preserve">
            <span class="italic">Demande </span>que soit assuré l’accès universel à des services énergétiques fiables, durables et modernes, à un coût abordable, lesquels font partie intégrante de l’action menée pour éliminer la pauvreté, garantir le respect de la dignité humaine, la qualité de vie et des débouchés économiques, lutter contre les inégalités, promouvoir la santé et prévenir la morbidité et la mortalité, assurer la sécurité alimentaire, la réduction des risques de catastrophe et la résilience, l’adaptation aux changements climatiques et l’atténuation de leurs effets, la réduction des incidences sur l’environnement, l’inclusion sociale et l’égalité des genres, et faciliter l’accès à l’éducation, à l’eau potable et à l’assainissement, notamment pour les personnes touchées par des crises humanitaires ;</p>
        </content>
      </paragraph>
      <paragraph eId="para_33" class="MercuryDocument">
        <num>	6.</num>
        <content eId="para_33__content">
          <p xml:space="preserve">
            <span class="italic">Souligne</span> qu’il importe d’avoir accès à des sources d’énergie moins polluantes, plus durables et plus économiques pour la cuisine et le chauffage, se félicite des efforts en cours et, à cet égard, appelle à créer, aux niveaux international et national, des conditions favorables à l’accroissement de l’utilisation de telles sources d’énergie dans tous les pays, en particulier les pays en développement ;</p>
        </content>
      </paragraph>
      <paragraph eId="para_34" class="MercuryDocument">
        <num>	7.</num>
        <content eId="para_34__content">
          <p xml:space="preserve">
            <span class="italic">Engage</span> les gouvernements, le système des Nations Unies et les autres parties prenantes à tirer parti du rapport compétitivité-coûts des énergies renouvelables, en particulier dans les zones hors réseau, pour parvenir à l’accès universel à l’énergie, notamment en établissant des cadres de réglementation pour les systèmes de mesure de la consommation et de facturation, en comparant le coût du développement du réseau et celui de dispositifs hors réseau, en facilitant l’investissement des banques nationales et étrangères et en sensibilisant les élèves, les communautés, les investisseurs et les entrepreneurs à la question des énergies renouvelables, de l’efficacité énergétique et des économies d’énergie, entre autres activités, lorsque cela est possible et opportun ;</p>
        </content>
      </paragraph>
      <paragraph eId="para_35" class="MercuryDocument">
        <num>	8.</num>
        <content eId="para_35__content">
          <p xml:space="preserve">
            <span class="italic">Note</span> que le gaz naturel joue aujourd’hui un rôle clef dans de nombreux pays et que ce rôle est susceptible de se développer considérablement au cours des prochaines décennies, face à la demande de certains pays et de nouveaux secteurs, notamment le secteur des transports, dans la perspective de la transition vers des systèmes énergétiques à faible taux d’émission, et engage les gouvernements à renforcer la sécurité énergétique par la mise en commun des pratiques exemplaires et des connaissances utiles à la sécurité de l’offre et de la demande de gaz ;</p>
        </content>
      </paragraph>
      <paragraph eId="para_36" class="MercuryDocument">
        <num>	9.</num>
        <content eId="para_36__content">
          <p xml:space="preserve">
            <span class="italic">Préconise</span> d’assurer aux pays en développement, en particulier les pays les moins avancés et les petits États insulaires en développement, un accès à l’énergie qui réponde à leurs besoins nationaux et de s’attaquer à leurs problèmes d’accès à l’énergie en recensant les besoins propres à chacun, en mobilisant une assistance technique et financière et d’autres moyens d’action pour déployer des solutions abordables, fiables, durables et modernes qui permettraient de remédier durablement au manque d’accès ;</p>
        </content>
      </paragraph>
      <paragraph eId="para_37" class="MercuryDocument">
        <num>	10.</num>
        <content eId="para_37__content">
          <p xml:space="preserve">
            <span class="italic">Demande</span> aux gouvernements d’étendre l’utilisation de ces énergies au‑delà du secteur énergétique, compte étant tenu des priorités et des contraintes de chaque pays, dans les domaines de l’industrie, du chauffage, du refroidissement, du bâtiment et des infrastructures, et en particulier dans le secteur des transports, notamment en créant des passerelles pérennes avec les secteurs concernés et en ayant recours à des formes de bioénergie durables et modernes, dans le cadre du développement durable et, notamment, dans la perspective des changements climatiques, et lance un appel pour que des initiatives soient prises et des investissements effectués à cet effet aux niveaux national et international ;</p>
        </content>
      </paragraph>
      <paragraph eId="para_38" class="MercuryDocument">
        <num>	11.</num>
        <content eId="para_38__content">
          <p xml:space="preserve">
            <span class="italic">Constate</span> que les progrès actuellement réalisés au niveau mondial dans l’amélioration de l’efficacité énergétique sont bien inférieurs à ce qu’il faudrait pour doubler le taux mondial d’amélioration du rendement énergétique d’ici à 2030 et préconise, dans le respect des lois et réglementations nationales, la promotion de vastes initiatives visant à assurer l’utilisation rationnelle de l’énergie dans tous les secteurs économiques, l’adoption de codes et de normes de construction ainsi que leur mise à jour, l’introduction de labels d’efficacité énergétique, la promotion de systèmes de gestion de l’énergie, la mise aux normes des bâtiments existants et l’adoption de politiques de passation des marchés publics en matière d’énergie, entre autres modalités le cas échéant, ainsi que la promotion des réseaux de distribution d’électricité intelligents, des systèmes énergétiques de quartier et des programmes énergétiques locaux afin d’améliorer les synergies entre utilisation non polluante et rationnelle des ressources traditionnelles, énergie renouvelable et rendement énergétique, le but étant de promouvoir l’interconnexion d’infrastructures énergétiques propres et renouvelables et d’améliorer le rendement énergétique ;</p>
        </content>
      </paragraph>
      <paragraph eId="para_39" class="MercuryDocument">
        <num>	12.</num>
        <content eId="para_39__content">
          <p xml:space="preserve">
            <span class="italic">Appelle de ses vœux</span> le renforcement de la coopération régionale aux fins d’encourager l’innovation, de faciliter le financement, de favoriser le raccordement aux réseaux électriques régionaux transfrontaliers, selon qu’il convient, pour promouvoir l’intégration économique et le développement durable, et d’échanger des pratiques optimales qui permettent de répondre aux besoins régionaux en ce qui concerne l’objectif de développement durable n<sup>o</sup> 7 et ses liens avec les autres objectifs, et encourage à cet égard les gouvernements à renforcer l’interconnexion des réseaux énergétiques, de façon à relier les marchés régionaux et à renforcer la sécurité énergétique au niveau mondial ;</p>
        </content>
      </paragraph>
      <paragraph eId="para_40" class="MercuryDocument">
        <num>	13.</num>
        <content eId="para_40__content">
          <p xml:space="preserve">
            <span class="italic">Demande</span> aux gouvernements ainsi qu’aux organisations internationales et régionales compétentes et aux autres parties prenantes de conjuguer, selon qu’il convient, le recours accru aux énergies nouvelles et renouvelables, une utilisation plus rationnelle de l’énergie, une application plus fréquente des technologies énergétiques de pointe, notamment de techniques moins polluantes dans le cas des combustibles fossiles, et une exploitation soutenable des sources d’énergie traditionnelles ; </p>
        </content>
      </paragraph>
      <paragraph eId="para_41" class="MercuryDocument">
        <num>	14.</num>
        <content eId="para_41__content">
          <p xml:space="preserve">
            <span class="italic">Engage</span> les gouvernements, les organisations internationales et régionales compétentes et les autres parties prenantes à promouvoir les investissements visant à financer la mise en place de systèmes énergétiques durables, fiables, modernes, inclusifs et équitables, notamment en renforçant les systèmes existants grâce à leur raccordement aux réseaux transfrontaliers, le cas échéant, et à envisager d’intégrer des solutions décentralisées fondées sur les énergies renouvelables dans les plans énergétiques, selon qu’il conviendra, tout en sachant que la transition énergétique suivra des voies différentes à travers le monde ;</p>
        </content>
      </paragraph>
      <paragraph eId="para_42" class="MercuryDocument">
        <num>	15.</num>
        <content eId="para_42__content">
          <p xml:space="preserve">
            <span class="italic">Engage</span> les gouvernements, les organisations internationales compétentes et les autres parties prenantes à adopter et à promouvoir, dans leurs stratégies énergétiques, une approche intégrée de la planification et de la gestion des ressources, selon laquelle les choix énergétiques sont envisagés dans le contexte des liens entre les secteurs concernés, notamment l’eau, le traitement des déchets, la qualité de l’air et l’alimentation, en tenant compte de la situation propre à chaque pays ;</p>
        </content>
      </paragraph>
      <paragraph eId="para_43" class="MercuryDocument">
        <num>	16.</num>
        <content eId="para_43__content">
          <p xml:space="preserve">
            <span class="italic">Considère</span> que la réalisation de l’égalité des genres et le renforcement des moyens d’action des femmes et des filles peuvent améliorer et accélérer l’accès à des services énergétiques durables et le déploiement de ces services, et demande aux gouvernements, au système des Nations Unies pour le développement et aux autres parties prenantes d’intensifier les programmes d’éducation et de renforcement des capacités des femmes dans ce domaine, de faire progresser l’égalité des salaires et d’améliorer encore les perspectives qui s’offrent aux femmes, notamment pour ce qui est de l’exercice de responsabilités, dans le secteur de l’énergie, de promouvoir la pleine et effective participation des femmes, sur un pied d’égalité avec les hommes, à l’élaboration et à l’exécution des programmes et politiques énergétiques, ainsi qu’à la prise de décisions y afférentes, d’intégrer la problématique femmes-hommes dans ces programmes et politiques et de veiller à ce que les femmes puissent avoir accès, sans restriction et sur un pied d’égalité avec les hommes, aux énergies renouvelables, dont l’utilisation contribuera à accroître leur autonomie économique et sociale, et notamment leurs possibilités d’emploi et autres activités rémunératrices ;</p>
        </content>
      </paragraph>
      <paragraph eId="para_44" class="MercuryDocument">
        <num>	17.</num>
        <content eId="para_44__content">
          <p xml:space="preserve">
            <span class="italic">Engage</span> les gouvernements à accélérer, avec le concours des parties prenantes, le cas échéant, et conformément aux politiques et plans nationaux, la transition vers des économies durables grâce à l’adoption de stratégies d’atténuation et d’adaptation permettant d’améliorer l’efficacité énergétique et d’offrir à tous et à toutes, notamment aux jeunes, de meilleures possibilités d’emploi salarié et non salarié ;</p>
        </content>
      </paragraph>
      <paragraph eId="para_45" class="MercuryDocument">
        <num>	18.</num>
        <content eId="para_45__content">
          <p xml:space="preserve">
            <span class="italic">Souligne</span> que l’utilisation des énergies renouvelables peut contribuer à atténuer les effets des changements climatiques et à renforcer la capacité d’adaptation à ces effets, constate que l’intensification du déploiement des énergies renouvelables et l’amélioration de l’efficacité énergétique font partie des contributions déterminées au niveau national par de nombreux pays en application de l’Accord de Paris adopté au titre de la Convention-cadre des Nations Unies sur les changements climatiques<sup>1</sup>, et demande instamment qu’un appui efficace et rapide soit fourni pour assurer la pleine mise en œuvre de toutes les contributions, selon qu’il convient ;</p>
        </content>
      </paragraph>
      <paragraph eId="para_46" class="MercuryDocument">
        <num>	19.</num>
        <content eId="para_46__content">
          <p xml:space="preserve">
            <span class="italic">Note</span> que les changements climatiques peuvent également compromettre, par leurs effets, l’accès aux ressources énergétiques et l’approvisionnement énergétique et qu’il importe de renforcer la résilience du secteur énergétique face à ces changements, tâche qui peut être facilitée par le développement des énergies renouvelables ;</p>
        </content>
      </paragraph>
      <paragraph eId="para_47" class="MercuryDocument">
        <num>	20.</num>
        <content eId="para_47__content">
          <p xml:space="preserve">
            <span class="italic">Souligne</span>, tout en notant les progrès accomplis, que le déploiement à grande échelle de technologies est insuffisant et inégal et qu’un appui est nécessaire pour tirer pleinement parti de ces technologies, parallèlement aux initiatives et investissements voulus aux niveaux national et international, dans le cadre d’une collaboration des gouvernements avec les parties prenantes intéressées, notamment le secteur privé ;</p>
        </content>
      </paragraph>
      <paragraph eId="para_48" class="MercuryDocument">
        <num>	21.</num>
        <content eId="para_48__content">
          <p xml:space="preserve">
            <span class="italic">Souligne</span> la valeur des démarches régionales et interrégionales qui peuvent, entre autres avantages, renforcer le déploiement des énergies renouvelables et durables en facilitant l’échange de données d’expérience, réduire les coûts de transaction, dégager des économies d’échelle, permettre une plus grande interconnexion transfrontière pour promouvoir la fiabilité et la résilience des systèmes énergétiques et renforcer les capacités internes, et salue les travaux menés dans ce domaine par des organisations et dans le cadre d’initiatives ;</p>
        </content>
      </paragraph>
      <paragraph eId="para_49" class="MercuryDocument">
        <num>	22.</num>
        <content eId="para_49__content">
          <p xml:space="preserve">
            <span class="italic">Invite</span> tous les organismes de financement et tous les donateurs bilatéraux et multilatéraux intéressés, ainsi que les organismes de financement régionaux, le secteur privé et les organisations non gouvernementales, à poursuivre l’action en cours et à continuer de fournir des ressources financières, selon qu’il conviendra, à l’appui des efforts visant à garantir l’accès à des services énergétiques fiables, durables et modernes, à un coût abordable, dans les pays en développement et les pays en transition, en faisant fond sur les ressources énergétiques nouvelles et renouvelables résilientes face aux changements climatiques, à faible taux d’émission, à faible intensité de carbone et dont la viabilité est avérée, une attention particulière devant être accordée à l’accès aux services énergétiques et au développement économique dans les zones tant urbaines que rurales, tout en notant l’effet multiplicateur que peuvent exercer le financement à des conditions libérales et d’autres modes de financement, et tenant pleinement compte de la structure de développement des pays en développement dont l’économie repose sur des ressources énergétiques ;</p>
        </content>
      </paragraph>
      <paragraph eId="para_50" class="MercuryDocument">
        <num>	23.</num>
        <content eId="para_50__content">
          <p xml:space="preserve">
            <span class="italic">Préconise</span> la mise au point, le transfert et la diffusion de technologies respectueuses de l’environnement en faveur des pays en développement, selon des conditions arrêtées d’un commun accord, notamment des conditions privilégiées et préférentielles, et souligne qu’il importe d’intégrer l’énergie durable au Mécanisme de facilitation des technologies ;</p>
        </content>
      </paragraph>
      <paragraph eId="para_51" class="MercuryDocument">
        <num>	24.</num>
        <content eId="para_51__content">
          <p xml:space="preserve">
            <span class="italic">Souligne</span> qu’il importe que les gouvernements et les autres parties prenantes aux partenariats multipartites élaborent des stratégies et apportent leur concours en vue de garantir un accès universel à des services énergétiques fiables, durables et modernes, à un coût abordable, et encourage l’Organisation des Nations Unies et les partenariats multipartites concernés, tels que l’initiative Énergie durable pour tous, à coordonner leurs activités et à collaborer ;</p>
        </content>
      </paragraph>
      <paragraph eId="para_52" class="MercuryDocument">
        <num>	25.</num>
        <content eId="para_52__content">
          <p xml:space="preserve">
            <span class="italic">Constate</span> l’effet d’entraînement que la mise en commun des connaissances et des données d’expérience, le renforcement des capacités et l’assistance technique ont sur le déploiement des énergies renouvelables et appelle à poursuivre l’action engagée et à prendre de nouvelles initiatives pour que les gouvernements des pays en développement et les parties prenantes puissent planifier, financer et mettre en œuvre des projets d’énergie durable et en assurer le suivi, et renforcer ainsi les capacités et institutions nationales ;</p>
        </content>
      </paragraph>
      <paragraph eId="para_53" class="MercuryDocument">
        <num>	26.</num>
        <content eId="para_53__content">
          <p xml:space="preserve">
            <span class="italic">Prône </span>l’élaboration de stratégies axées sur le marché qui soient viables et propres à faire baisser plus rapidement encore le coût des énergies nouvelles et renouvelables et à accroître encore leur compétitivité, notamment par l’adoption, le cas échéant, de politiques publiques de recherche-développement et de commercialisation, et grâce à des mesures visant à rationaliser les subventions aux combustibles fossiles qui incitent au gaspillage, en éliminant des distorsions du marché, eu égard au contexte national ;</p>
        </content>
      </paragraph>
      <paragraph eId="para_54" class="MercuryDocument">
        <num>	27.</num>
        <content eId="para_54__content">
          <p xml:space="preserve">
            <span class="italic">Souligne</span> l’intérêt que présentent l’enseignement, le monde universitaire, la technologie et l’esprit d’entreprise dans la mise au point de solutions permettant de relever les défis énergétiques et d’assurer la viabilité énergétique, ainsi que l’importance des investissements dans la recherche-développement de technologies énergétiques durables, et souligne également à cet égard qu’il faut d’urgence améliorer la coopération internationale pour faciliter l’accès à la recherche et aux technologies liées aux énergies propres, notamment en ce qui concerne les énergies renouvelables, l’efficacité énergétique et les nouvelles technologies de combustion propre des combustibles fossiles, ainsi qu’à des infrastructures améliorées grâce auxquelles des services énergétiques fiables, durables et modernes pourront être fournis à tous à un coût abordable ;</p>
        </content>
      </paragraph>
      <paragraph eId="para_55" class="MercuryDocument">
        <num>	28.</num>
        <content eId="para_55__content">
          <p xml:space="preserve">
            <span class="italic">Demande</span> que des mesures soient prises au niveau national pour promouvoir l’accès universel à des services énergétiques fiables, durables et modernes, à un coût abordable, et que les activités venant compléter ces démarches au niveau local soient renforcées, et réaffirme l’engagement de soutenir les efforts déployés aux niveaux infranational et local, le contrôle direct des infrastructures et des réglementations locales étant mis à profit, le cas échéant, pour promouvoir ces services dans les secteurs d’utilisation finale, tels que les bâtiments résidentiels, commerciaux et industriels, l’industrie, l’agriculture, les transports, le traitement des déchets et l’assainissement ;</p>
        </content>
      </paragraph>
      <paragraph eId="para_56" class="MercuryDocument">
        <num>	29.</num>
        <content eId="para_56__content">
          <p xml:space="preserve">
            <span class="italic">Engage</span> le Secrétaire général à poursuivre l’action qu’il mène pour promouvoir la fourniture de ressources financières stables, suffisantes et prévisibles et d’une assistance technique dans le secteur de l’énergie durable, et à améliorer l’efficacité, la coordination et l’utilisation intégrale des fonds internationaux alloués à ce secteur pour assurer la bonne exécution de projets nationaux et régionaux hautement prioritaires et garantir ainsi un accès universel à des services énergétiques fiables, durables et modernes, à un coût abordable, et se félicite de la tenue, les 23 et 24 mai 2019, du dialogue de haut niveau sur l’examen à mi-parcours de la Décennie des Nations Unies relative à l’énergie durable pour tous (2014-2024) ;</p>
        </content>
      </paragraph>
      <paragraph eId="para_57" class="MercuryDocument">
        <num>	30.</num>
        <content eId="para_57__content">
          <p xml:space="preserve">
            <span class="italic">Invite</span> le Secrétaire général à convoquer en 2021, avec l’appui des entités compétentes du système des Nations Unies, un dialogue de haut niveau financé par des contributions volontaires, afin de promouvoir la réalisation des objectifs et cibles relatifs à l’énergie du Programme de développement durable à l’horizon 2030<sup>14</sup> à l’appui de la mise en œuvre de la Décennie des Nations Unies relative à l’énergie durable pour tous, dont le plan d’action mondial de la Décennie, comme indiqué dans le rapport du Secrétaire général, ainsi que le forum politique de haut niveau pour le développement durable ;</p>
        </content>
      </paragraph>
      <paragraph eId="para_58" class="MercuryDocument">
        <num>	31.</num>
        <content eId="para_58__content">
          <p xml:space="preserve">
            <span class="italic">Encourage </span>ONU-Énergie à favoriser la cohérence et la coordination des activités menées dans le domaine de l’énergie par les organismes du système des Nations Unies pour le développement, agissant dans les limites de leur mandat et dans le cadre de l’application de ses résolutions <a href="https://undocs.org/fr/A/RES/71/243">71/243</a> du 21 décembre 2016 et <a href="https://undocs.org/fr/A/RES/72/279">72/279</a> du 31 mai 2018 et de la résolution <a href="https://undocs.org/fr/E/RES/2019/15">2019/15</a> du Conseil économique et social, en date du 8 juillet 2019, afin d’appuyer les pays, en particulier au niveau national, à la demande des gouvernements, en tirant parti de leurs partenariats avec d’autres organisations internationales, donateurs et parties prenantes, notamment pour ce qui est des efforts qu’ils déploient en vue d’assurer un accès universel aux énergies renouvelables et d’en accélérer l’utilisation ;</p>
        </content>
      </paragraph>
      <paragraph eId="para_59" class="MercuryDocument">
        <num>	32.</num>
        <content eId="para_59__content">
          <p xml:space="preserve">
            <span class="italic">Réaffirme </span>l’engagement, qui est au cœur même du Programme 2030, de ne laisser personne de côté et de s’attacher à prendre des mesures plus concrètes pour aider les personnes en situation de vulnérabilité et les pays les plus vulnérables, et en premier lieu les plus défavorisés ;</p>
        </content>
      </paragraph>
      <paragraph eId="para_60" class="MercuryDocument">
        <num>	33.</num>
        <content eId="para_60__content">
          <p xml:space="preserve">
            <span class="italic">Demande</span> au Secrétaire général de promouvoir les énergies renouvelables, l’efficacité énergétique et l’adoption de pratiques durables à cette fin dans tous les locaux de l’Organisation des Nations Unies à travers le monde ainsi que dans toutes ses opérations, lorsque cela est souhaitable et économiquement viable ;</p>
        </content>
      </paragraph>
      <paragraph eId="para_61" class="MercuryDocument">
        <num>	34.</num>
        <content eId="para_61__content">
          <p xml:space="preserve">
            <span class="italic">Prie</span> le Secrétaire général de lui présenter à sa soixante-quinzième session un rapport sur l’application de la présente résolution, notamment des activités réalisées pour marquer la Décennie des Nations Unies relative à l’énergie durable pour tous, et décide d’inscrire à l’ordre du jour provisoire de sa soixante‑quinzième session, au titre de la question intitulée « Développement durable », la question subsidiaire intitulée « Garantir l’accès de tous à des services énergétiques fiables, durables et modernes, à un coût abordable ».</p>
        </content>
      </paragraph>
    </mainBody>
    <conclusions eId="conclusions">
      <p>
        <inline name="adoptionMeeting" title="52e">52e séance plénière</inline>
        <eol />
        <docDate date="2019-12-19" refersTo="#adoptionDate">19 décembre 2019</docDate>
      </p>
    </conclusions>
  </statement>
</akomaNtoso>