<akomaNtoso xmlns:xsi="http://www.w3.org/2001/XMLSchema-instance" xsi:schemaLocation="http://docs.oasis-open.org/legaldocml/ns/akn/3.0 http://docs.oasis-open.org/legaldocml/akn-core/v1.0/os/part2-specs/schemas/akomantoso30.xsd" xmlns="http://docs.oasis-open.org/legaldocml/ns/akn/3.0" xmlns:html="http://www.w3.org/1999/xhtml" xmlns:akn4un="http://un.org/akn4un">
  <statement name="resolution">
    <meta>
      <identification source="#DGACM">
        <FRBRWork>
          <FRBRthis value="/akn/un/statement/deliberation/unga/2019-12-27/74-249/!main/"></FRBRthis>
          <FRBRuri value="/akn/un/statement/deliberation/unga/2019-12-27/74-249/"></FRBRuri>
          <FRBRdate date="2019-12-27" name="adoption"></FRBRdate>
          <FRBRauthor href="ga" as="author"></FRBRauthor>
          <FRBRcountry value="un"></FRBRcountry>
        </FRBRWork>
        <FRBRExpression>
          <FRBRthis value="/akn/un/statement/deliberation/unga/2019-12-27/74-249/fra@!main/"></FRBRthis>
          <FRBRuri value="/akn/un/statement/deliberation/unga/2019-12-27/74-249/fra@/"></FRBRuri>
          <FRBRdate date="2020-01-13" name="publication"></FRBRdate>
          <FRBRauthor href="ga" as="issuer"></FRBRauthor>
          <FRBRlanguage language="fra"></FRBRlanguage>
        </FRBRExpression>
        <FRBRManifestation>
          <FRBRthis value="/akn/un/statement/deliberation/unga/2019-12-27/74-249/fra@/!main.xml"></FRBRthis>
          <FRBRuri value="/akn/un/statement/deliberation/unga/2019-12-27/74-249/fra@.xml"></FRBRuri>
          <FRBRdate date="2020-08-28" name="markup"></FRBRdate>
          <FRBRauthor href="DGACM" as="editor"></FRBRauthor>
        </FRBRManifestation>
      </identification>
      <classification source="http://metadata.un.org/sdg">
        <keyword value="4" href="http://metadata.un.org/sdg/4" showAs="sdg_4" dictionary="SDGO"></keyword>
        <keyword value="education" href="http://eurovoc.europa.eu/668" showAs="education" dictionary="EuroVoc"></keyword>
        <keyword value="right_to_education" href="http://eurovoc.europa.eu/512" showAs="right_to_education" dictionary="EuroVoc"></keyword>
        <keyword value="education" href="http://metadata.un.org/thesaurus/1001893" showAs="education" dictionary="UNBIS Thesaurus"></keyword>
      </classification>
      <classification source="http://metadata.un.org/sdg">
        <keyword value="5" href="http://metadata.un.org/sdg/5" showAs="sdg_5" dictionary="SDGO"></keyword>
        <keyword value="gender_equality" href="http://eurovoc.europa.eu/3913" showAs="gender_equality" dictionary="EuroVoc"></keyword>
        <keyword value="participation_of_women" href="http://eurovoc.europa.eu/2265" showAs="participation_of_women" dictionary="EuroVoc"></keyword>
        <keyword value="women&amp;#39;s_rights" href="http://eurovoc.europa.eu/585" showAs="women&amp;#39;s_rights" dictionary="EuroVoc"></keyword>
        <keyword value="position_of_women" href="http://eurovoc.europa.eu/81" showAs="position_of_women" dictionary="EuroVoc"></keyword>
        <keyword value="women" href="http://metadata.un.org/thesaurus/1007029" showAs="women" dictionary="UNBIS Thesaurus"></keyword>
        <keyword value="gender_equality" href="http://metadata.un.org/thesaurus/1002612" showAs="gender_equality" dictionary="UNBIS Thesaurus"></keyword>
        <keyword value="girls" href="http://metadata.un.org/thesaurus/1002684" showAs="girls" dictionary="UNBIS Thesaurus"></keyword>
      </classification>
      <classification source="http://metadata.un.org/sdg">
        <keyword value="16" href="http://metadata.un.org/sdg/16" showAs="sdg_16" dictionary="SDGO"></keyword>
        <keyword value="right_to_justice" href="http://eurovoc.europa.eu/516" showAs="right_to_justice" dictionary="EuroVoc"></keyword>
        <keyword value="sustainable_development" href="http://eurovoc.europa.eu/5585" showAs="sustainable_development" dictionary="EuroVoc"></keyword>
        <keyword value="civil_society" href="http://metadata.un.org/thesaurus/1001012" showAs="civil_society" dictionary="UNBIS Thesaurus"></keyword>
        <keyword value="justice" href="http://metadata.un.org/thesaurus/1003500" showAs="justice" dictionary="UNBIS Thesaurus"></keyword>
        <keyword value="peaceful_coexistence" href="http://metadata.un.org/thesaurus/1004777" showAs="peaceful_coexistence" dictionary="UNBIS Thesaurus"></keyword>
        <keyword value="public_institutions" href="http://metadata.un.org/thesaurus/1005254" showAs="public_institutions" dictionary="UNBIS Thesaurus"></keyword>
        <keyword value="social_justice" href="http://metadata.un.org/thesaurus/1005970" showAs="social_justice" dictionary="UNBIS Thesaurus"></keyword>
        <keyword value="sustainable_development" href="http://metadata.un.org/thesaurus/1006319" showAs="sustainable_development" dictionary="UNBIS Thesaurus"></keyword>
      </classification>
      <classification source="http://metadata.un.org/sdg">
        <keyword value="17" href="http://metadata.un.org/sdg/17" showAs="sdg_17" dictionary="SDGO"></keyword>
        <keyword value="sustainable_development" href="http://eurovoc.europa.eu/5585" showAs="sustainable_development" dictionary="EuroVoc"></keyword>
        <keyword value="partnership" href="http://eurovoc.europa.eu/4199" showAs="partnership" dictionary="EuroVoc"></keyword>
        <keyword value="sustainable_development" href="http://metadata.un.org/thesaurus/1006319" showAs="sustainable_development" dictionary="UNBIS Thesaurus"></keyword>
        <keyword value="partnership" href="http://metadata.un.org/thesaurus/1004748" showAs="partnership" dictionary="UNBIS Thesaurus"></keyword>
      </classification>
      <workflow source="#un">
        <step date="2019-12-27" outcome="draftResolution" as="A/C.5/74/L.11" by="submitted by the Chair of the Committee" />
        <step date="0001-01-01" outcome="draftResolutionAdditionalSponsors" by="" />
        <step date="0001-01-01" outcome="recommendedForAdoption" as="A/74/603" by="" refersTo="6" />
        <step date="2019-12-27" outcome="adopted" as="A/74/PV.52" by="" />
      </workflow>
      <analysis source="#un">
        <parliamentary>
          <voting outcome="adoptedWithoutVote">
            <quorum value=""></quorum>
          </voting>
        </parliamentary>
      </analysis>
      <references source="#DGACM">
        <TLCOrganization eId="source" href="/akn/ontology/organization/un/DGACM" showAs="DGACM"></TLCOrganization>
        <TLCConcept eId="dateOfIssuance" href="/akn/ontology/concept/un/dateOfIssuance" showAs="Date of issuance"></TLCConcept>
        <TLCConcept eId="dateOfAdoption" href="/akn/ontology/concept/un/dateOfAdoption" showAs="Date of adoption"></TLCConcept>
        <TLCConcept eId="symbol" href="/akn/ontology/reference/un/symbol" showAs="Symbol"></TLCConcept>
        <TLCRole eId="publisher" href="/akn/ontology/role/un/publisher" showAs="Publisher"></TLCRole>
        <TLCRole eId="issuingBody" href="/akn/role/concept/un/issuingBody" showAs="Issuing body"></TLCRole>
        <TLCRole eId="author" href="/akn/ontology/role/un/author" showAs="Author"></TLCRole>
        <TLCRole eId="editor" href="/akn/ontology/role/un/editor" showAs="Editor"></TLCRole>
        <TLCRole eId="distribution" href="/akn/ontology/concept/un/generalDistribution" showAs="General distribution"></TLCRole>
        <TLCOrganization eId="ga" href="/akn/ontology/organization/un/generalAssembly" showAs="General Assembly"></TLCOrganization>
        <TLCTerm eId="resolutionTitle" href="/akn/ontology/reference/un/resolutionTitle" showAs="Resolution title"></TLCTerm>
        <TLCTerm eId="fifthCommittee" href="#fifthCommittee" showAs="Cinquième Commission"></TLCTerm>
        <TLCTerm eId="memberState" href="/akn/ontology/organization/un/memberState" showAs="Member State"></TLCTerm>
        <TLCTerm eId="inFavour" href="/akn/ontology/concept/un/voting/inFavour" showAs="In favour"></TLCTerm>
        <TLCTerm eId="against" href="/akn/ontology/concept/un/voting/against" showAs="Against"></TLCTerm>
        <TLCTerm eId="abstaining" href="/akn/ontology/concept/un/voting/abstaining" showAs="Abstaining"></TLCTerm>
      </references>
      <presentation source="#un">
        <akn4un:footerFirstPage>
          <akn4un:footerFirstPageLeft>
            <akn4un:internalCode>
              <docketNumber refersTo="#publicationJobNumber">19-22677 (F)</docketNumber>
              <img alt="bar code" class="barCode" src=""></img>
            </akn4un:internalCode>
          </akn4un:footerFirstPageLeft>
          <akn4un:footerFirstPageRight>
            <img alt="Please recycle" class="image" src="./recylcleLogo.jpg"></img>
            <img alt="embedded QR code" class="qrCode" src=""></img>
          </akn4un:footerFirstPageRight>
        </akn4un:footerFirstPage>
      </presentation>
    </meta>
    <coverPage eId="coverPage_1">
      <p>
        <span refersTo="#publisher" class="upperLeft">
          <docAuthority refersTo="#publisher">Nations Unies</docAuthority>
        </span>
      </p>
      <p class="upperRight">
        <docNumber refersTo="#symbol">A/RES/74/249</docNumber>
      </p>
      <p class="upperLeft">
        <img src="logo-un.jpg"></img>
        <docAuthority refersTo="#issuingBody" class="rightBig">Assemblée générale</docAuthority>
      </p>
      <p>
        <docStatus refersTo="#generalDistribution" class="rightSmall">Distr. générale</docStatus>
      </p>
      <p>
        <docDate date="2020-01-13" class="rightSmall" refersTo="#dateOfIssuance">13 janvier 2020</docDate>
      </p>
      <p>
        <session refersTo="#generalAssembly" value="74" eId="coverPage_1__session_1">Soixante-quatorzième session</session>
      </p>
      <p>
        <inline name="agenda item">Point 132 de l’ordre du jour</inline>
      </p>
      <p>
        <inline name="agenda item name">Rapports financiers et états financiers audités et rapports du Comité des commissaires aux comptes</inline>
      </p>
      <p>
        <docTitle>Résolution adoptée par l’Assemblée générale le 27 décembre 2019</docTitle>
      </p>
      <p xml:space="preserve">
        <docProponent refersTo="#fifthCommittee">[sur la base du rapport de la Cinquième Commission (<inline name="originating document">A/74/603</inline>)]</docProponent>
      </p>
    </coverPage>
    <preface>
      <p>
        <docNumber>74/249.</docNumber>
        <docTitle refersTo="#resolutionTitle">Rapports financiers et états financiers audités et rapports du Comité des commissaires aux comptes</docTitle>
      </p>
    </preface>
    <preamble>
      <formula name="enactingFormula" eId="formula_1">
        <p xml:space="preserve">
          <span class="italic">L’Assemblée générale</span>,</p>
      </formula>
      <container name="Rappelant" eId="container_2">
        <p xml:space="preserve">
          <span class="italic">	Rappelant</span> sa résolution <a href="https://undocs.org/fr/A/RES/52/212">52/212</a> B du 31 mars 1998 et sa décision 57/573 du 20 décembre 2002,</p>
      </container>
      <container name="Rappelant également" eId="container_3">
        <p xml:space="preserve">
          <span class="italic">	Rappelant également</span> ses résolutions <a href="https://undocs.org/fr/A/RES/73/268">73/268</a> A du 22 décembre 2018 et <a href="https://undocs.org/fr/A/RES/73/268">73/268</a> B du 3 juillet 2019,</p>
      </container>
      <container name="Ayant examiné" eId="container_4">
        <p xml:space="preserve">
          <span class="italic">	Ayant examiné</span>, pour la période terminée le 31 décembre 2018, les rapports financiers et les états financiers audités et les rapports du Comité des commissaires aux comptes relatifs à l’Organisation des Nations Unies<authorialNote marker="1" placement="bottom" eId="authorialNote_1"><p xml:space="preserve"><span class="italic">Documents officiels de l’Assemblée générale, soixante-quatorzième session, Supplément n</span><span class="italic"><sup>o</sup></span><span class="italic"> 5</span>, vol. I [<a href="https://undocs.org/fr/A/74/5 (Vol. I)">A/74/5 (Vol. I)</a>].</p></authorialNote>, au Centre du commerce international<authorialNote marker="2" placement="bottom" eId="authorialNote_2"><p xml:space="preserve">		Ibid., vol. III et rectificatif (<a href="https://undocs.org/fr/A/74/5 (Vol. III)">A/74/5 (Vol. III)</a> et <a href="https://undocs.org/fr/A/74/5 (Vol. III)/Corr.1">A/74/5 (Vol. III)/Corr.1</a>).</p></authorialNote>, à l’Université des Nations Unies<authorialNote marker="3" placement="bottom" eId="authorialNote_3"><p xml:space="preserve">		Ibid., vol. IV [<a href="https://undocs.org/fr/A/74/5 (vol. iv)">A/74/5 (Vol. IV)</a>].</p></authorialNote>, au Programme des Nations Unies pour le développement<authorialNote marker="4" placement="bottom" eId="authorialNote_4"><p xml:space="preserve">		Ibid., <span class="italic">Supplément n</span><span class="italic"><sup>o</sup></span><span class="italic"> 5A</span> (<a href="https://undocs.org/fr/A/74/5/Add.1">A/74/5/Add.1</a>).</p></authorialNote>, au Fonds d’équipement des Nations Unies<authorialNote marker="5" placement="bottom" eId="authorialNote_5"><p xml:space="preserve">		Ibid., <span class="italic">Supplément n</span><span class="italic"><sup>o</sup></span><span class="italic"> 5B</span> (<a href="https://undocs.org/fr/A/74/5/Add.2">A/74/5/Add.2</a>).</p></authorialNote>, au Fonds des Nations Unies pour l’enfance<authorialNote marker="6" placement="bottom" eId="authorialNote_6"><p xml:space="preserve">		Ibid., <span class="italic">Supplément n</span><span class="italic"><sup>o</sup></span><span class="italic"> 5C</span> (<a href="https://undocs.org/fr/A/74/5/Add.3">A/74/5/Add.3</a>).</p></authorialNote>, à l’Office de secours et de travaux des Nations Unies pour les réfugiés de Palestine dans le Proche-Orient<authorialNote marker="7" placement="bottom" eId="authorialNote_7"><p xml:space="preserve">		Ibid., <span class="italic">Supplément n</span><span class="italic"><sup>o</sup></span><span class="italic"> 5D</span> (<a href="https://undocs.org/fr/A/74/5/Add.4">A/74/5/Add.4</a>).</p></authorialNote>, à l’Institut des Nations Unies pour la formation et la recherche<authorialNote marker="8" placement="bottom" eId="authorialNote_8"><p xml:space="preserve">		Ibid., <span class="italic">Supplément n</span><span class="italic"><sup>o</sup></span><span class="italic"> 5E</span> (<a href="https://undocs.org/fr/A/74/5/Add.5">A/74/5/Add.5</a>).</p></authorialNote>, aux fonds de contributions volontaires gérés par le Haut‑Commissaire des Nations Unies pour les réfugiés<authorialNote marker="9" placement="bottom" eId="authorialNote_9"><p xml:space="preserve">		Ibid., <span class="italic">Supplément n</span><span class="italic"><sup>o</sup></span><span class="italic"> 5F</span> (<a href="https://undocs.org/fr/A/74/5/Add.6">A/74/5/Add.6</a>).</p></authorialNote>, au Fonds du Programme des Nations Unies pour l’environnement<authorialNote marker="10" placement="bottom" eId="authorialNote_10"><p xml:space="preserve">		Ibid., <span class="italic">Supplément n</span><span class="italic"><sup>o</sup></span><span class="italic"> 5G</span> (<a href="https://undocs.org/fr/A/74/5/Add.7">A/74/5/Add.7</a>).</p></authorialNote>, au Fonds des Nations Unies pour la population<authorialNote marker="11" placement="bottom" eId="authorialNote_11"><p xml:space="preserve">		Ibid., <span class="italic">Supplément n</span><span class="italic"><sup>o</sup></span><span class="italic"> 5H</span> (<a href="https://undocs.org/fr/A/74/5/Add.8">A/74/5/Add.8</a>).</p></authorialNote>, au Programme des Nations Unies pour les établissements humains<authorialNote marker="12" placement="bottom" eId="authorialNote_12"><p xml:space="preserve">		Ibid., <span class="italic">Supplément n</span><span class="italic"><sup>o</sup></span><span class="italic"> 5I</span> (<a href="https://undocs.org/fr/A/74/5/Add.9">A/74/5/Add.9</a>).</p></authorialNote>, à l’Office des Nations Unies contre la drogue et le crime<authorialNote marker="13" placement="bottom" eId="authorialNote_13"><p xml:space="preserve">		Ibid., <span class="italic">Supplément n</span><span class="italic"><sup>o</sup></span><span class="italic"> 5J</span> (<a href="https://undocs.org/fr/A/74/5/Add.10">A/74/5/Add.10</a>).</p></authorialNote>, au Bureau des Nations Unies pour les services d’appui aux projets<authorialNote marker="14" placement="bottom" eId="authorialNote_14"><p xml:space="preserve">		Ibid., <span class="italic">Supplément n</span><span class="italic"><sup>o</sup></span><span class="italic"> 5K</span> (<a href="https://undocs.org/fr/A/74/5/Add.11">A/74/5/Add.11</a>).</p></authorialNote>, à l’Entité des Nations Unies pour l’égalité des sexes et l’autonomisation des femmes (ONU-Femmes)<authorialNote marker="15" placement="bottom" eId="authorialNote_15"><p xml:space="preserve">		Ibid., <span class="italic">Supplément n</span><span class="italic"><sup>o</sup></span><span class="italic"> 5L</span> (<a href="https://undocs.org/fr/A/74/5/Add.12">A/74/5/Add.12</a>).</p></authorialNote>, au Mécanisme international appelé à exercer les fonctions résiduelles des Tribunaux pénaux<authorialNote marker="16" placement="bottom" eId="authorialNote_16"><p xml:space="preserve">		Ibid., <span class="italic">Supplément n</span><span class="italic"><sup>o</sup></span><span class="italic"> 5O</span> (<a href="https://undocs.org/fr/A/74/5/Add.15">A/74/5/Add.15</a>).</p></authorialNote> et à la Caisse commune des pensions du personnel des Nations Unies<authorialNote marker="17" placement="bottom" eId="authorialNote_17"><p xml:space="preserve">		Ibid., <span class="italic">Supplément n</span><span class="italic"><sup>o</sup></span><span class="italic"> 5P</span> (<a href="https://undocs.org/fr/A/74/5/Add.16">A/74/5/Add.16</a>).</p></authorialNote>, ainsi que la note du Secrétaire général transmettant le résumé concis des principales constatations et conclusions figurant dans les rapports du Comité des commissaires aux comptes pour l’année financière 2018<authorialNote marker="18" placement="bottom" eId="authorialNote_18"><p xml:space="preserve"><a href="https://undocs.org/fr/A/74/202">A/74/202</a>.</p></authorialNote>, les rapports du Secrétaire général sur la suite donnée aux recommandations formulées par le Comité des commissaires aux comptes dans ses rapports sur l’Organisation des Nations Unies<authorialNote marker="19" placement="bottom" eId="authorialNote_19"><p xml:space="preserve"><a href="https://undocs.org/fr/A/74/323">A/74/323</a>.</p></authorialNote> et sur les fonds et programmes des Nations Unies<authorialNote marker="20" placement="bottom" eId="authorialNote_20"><p xml:space="preserve"><a href="https://undocs.org/fr/A/74/323/Add.1">A/74/323/Add.1</a>.</p></authorialNote> pour l’année terminée le 31 décembre 2018, le rapport du Secrétaire du Comité mixte de la Caisse commune des pensions du personnel des Nations Unies et du Représentant du Secrétaire général pour les investissements de la Caisse sur la suite donnée aux recommandations formulées par le Comité des commissaires aux comptes dans son rapport sur la Caisse commune des pensions du personnel des Nations Unies pour l’année terminée le 31 décembre 2018<authorialNote marker="21" placement="bottom" eId="authorialNote_21"><p xml:space="preserve"><a href="https://undocs.org/fr/A/74/329">A/74/329</a>.</p></authorialNote> et le rapport correspondant du Comité consultatif pour les questions administratives et budgétaires<authorialNote marker="22" placement="bottom" eId="authorialNote_22"><p xml:space="preserve"><a href="https://undocs.org/fr/A/74/528">A/74/528</a> et <a href="https://undocs.org/fr/A/74/528/Corr.1">A/74/528/Corr.1</a>.</p></authorialNote>,</p>
      </container>
    </preamble>
    <mainBody>
      <paragraph eId="para_5" class="SingleTxt">
        <num>	1.</num>
        <content eId="para_5__content">
          <p xml:space="preserve">
            <span class="italic">Prend note</span> des opinions et conclusions du Comité des commissaires aux comptes et approuve les recommandations que celui-ci a formulées dans ses rapports<sup>1 à 17</sup> ;</p>
        </content>
      </paragraph>
      <paragraph eId="para_6" class="SingleTxt">
        <num>	2.</num>
        <content eId="para_6__content">
          <p xml:space="preserve">
            <span class="italic">Souscrit</span> aux conclusions et recommandations que le Comité consultatif pour les questions administratives et budgétaires a formulées dans son rapport<sup>22</sup> ;</p>
        </content>
      </paragraph>
      <paragraph eId="para_7" class="SingleTxt">
        <num>	3.</num>
        <content eId="para_7__content">
          <p xml:space="preserve">
            <span class="italic">Réaffirme</span> que le Comité des commissaires aux comptes est complètement indépendant et seul responsable de l’exécution des audits ;</p>
        </content>
      </paragraph>
      <paragraph eId="para_8" class="SingleTxt">
        <num>	4.</num>
        <content eId="para_8__content">
          <p xml:space="preserve">
            <span class="italic">Décide</span> qu’elle continuera d’examiner le rapport du Comité des commissaires aux comptes sur le Mécanisme international appelé à exercer les fonctions résiduelles des Tribunaux pénaux<sup>16</sup> au titre du point de l’ordre du jour relatif au Mécanisme ;</p>
        </content>
      </paragraph>
      <paragraph eId="para_9" class="SingleTxt">
        <num>	5.</num>
        <content eId="para_9__content">
          <p xml:space="preserve">
            <span class="italic">Décide également</span> qu’elle continuera d’examiner le rapport du Comité des commissaires aux comptes sur la Caisse commune des pensions du personnel des Nations Unies<sup>17</sup> au titre du point de l’ordre du jour relatif à la Caisse ;</p>
        </content>
      </paragraph>
      <paragraph eId="para_10" class="SingleTxt">
        <num>	6.</num>
        <content eId="para_10__content">
          <p xml:space="preserve">
            <span class="italic">Félicite</span> le Comité des commissaires aux comptes de la qualité constante de ses rapports, dont elle apprécie la présentation simplifiée ;</p>
        </content>
      </paragraph>
      <paragraph eId="para_11" class="SingleTxt">
        <num>	7.</num>
        <content eId="para_11__content">
          <p xml:space="preserve">
            <span class="italic">Prend acte</span> des rapports du Secrétaire général sur la suite donnée aux recommandations formulées par le Comité des commissaires aux comptes dans ses rapports pour l’année terminée le 31 décembre 2018 sur l’Organisation des Nations Unies<sup>19</sup> et sur les fonds et programmes des Nations Unies<sup>20</sup> ;</p>
        </content>
      </paragraph>
      <paragraph eId="para_12" class="SingleTxt">
        <num>	8.</num>
        <content eId="para_12__content">
          <p xml:space="preserve">
            <span class="italic">Prie à nouveau</span> le Secrétaire général et les chefs de secrétariat des fonds et programmes des Nations Unies de veiller à ce que les recommandations du Comité des commissaires aux comptes et les recommandations connexes du Comité consultatif soient promptement appliquées dans leur intégralité, de continuer à tenir les directeurs de programme responsables en cas de non-application de ces recommandations et de remédier aux causes profondes des problèmes constatés par le Comité des commissaires aux comptes ;</p>
        </content>
      </paragraph>
      <paragraph eId="para_13" class="SingleTxt">
        <num>	9.</num>
        <content eId="para_13__content">
          <p xml:space="preserve">
            <span class="italic">Prie à nouveau</span> le Secrétaire général de donner, dans ses rapports sur l’application des recommandations du Comité des commissaires aux comptes, une explication détaillée des retards d’application de ces recommandations, en particulier celles qui remontent à deux ans ou plus ;</p>
        </content>
      </paragraph>
      <paragraph eId="para_14" class="SingleTxt">
        <num>	10.</num>
        <content eId="para_14__content">
          <p xml:space="preserve">
            <span class="italic">Prie également à nouveau</span> le Secrétaire général d’indiquer dans ses rapports les délais dans lesquels il prévoit d’appliquer les recommandations du Comité des commissaires aux comptes, le rang de priorité qui est associé à celles-ci et les fonctionnaires qui devront répondre des mesures qui auront été prises.</p>
        </content>
      </paragraph>
    </mainBody>
    <conclusions eId="conclusions">
      <p>
        <inline name="adoptionMeeting" title="52e">52e séance plénière (reprise)</inline>
        <eol />
        <docDate date="2019-12-27" refersTo="#adoptionDate">27 décembre 2019</docDate>
      </p>
    </conclusions>
  </statement>
</akomaNtoso>