<akomaNtoso xmlns:xsi="http://www.w3.org/2001/XMLSchema-instance" xsi:schemaLocation="http://docs.oasis-open.org/legaldocml/ns/akn/3.0 http://docs.oasis-open.org/legaldocml/akn-core/v1.0/os/part2-specs/schemas/akomantoso30.xsd" xmlns="http://docs.oasis-open.org/legaldocml/ns/akn/3.0" xmlns:html="http://www.w3.org/1999/xhtml" xmlns:akn4un="http://un.org/akn4un">
  <statement name="resolution">
    <meta>
      <identification source="#DGACM">
        <FRBRWork>
          <FRBRthis value="/akn/un/statement/deliberation/unga/2020-06-01/74-276/!main/"></FRBRthis>
          <FRBRuri value="/akn/un/statement/deliberation/unga/2020-06-01/74-276/"></FRBRuri>
          <FRBRdate date="2020-06-01" name="adoption"></FRBRdate>
          <FRBRauthor href="ga" as="author"></FRBRauthor>
          <FRBRcountry value="un"></FRBRcountry>
        </FRBRWork>
        <FRBRExpression>
          <FRBRthis value="/akn/un/statement/deliberation/unga/2020-06-01/74-276/fra@!main/"></FRBRthis>
          <FRBRuri value="/akn/un/statement/deliberation/unga/2020-06-01/74-276/fra@/"></FRBRuri>
          <FRBRdate date="2020-06-02" name="publication"></FRBRdate>
          <FRBRauthor href="ga" as="issuer"></FRBRauthor>
          <FRBRlanguage language="fra"></FRBRlanguage>
        </FRBRExpression>
        <FRBRManifestation>
          <FRBRthis value="/akn/un/statement/deliberation/unga/2020-06-01/74-276/fra@/!main.xml"></FRBRthis>
          <FRBRuri value="/akn/un/statement/deliberation/unga/2020-06-01/74-276/fra@.xml"></FRBRuri>
          <FRBRdate date="2020-10-10" name="markup"></FRBRdate>
          <FRBRauthor href="DGACM" as="editor"></FRBRauthor>
        </FRBRManifestation>
      </identification>
      <classification source="http://metadata.un.org/sdg">
        <keyword value="6" href="http://metadata.un.org/sdg/6" showAs="sdg_6" dictionary="SDGO"></keyword>
        <keyword value="water" href="http://eurovoc.europa.eu/597" showAs="water" dictionary="EuroVoc"></keyword>
        <keyword value="public_hygiene" href="http://eurovoc.europa.eu/3371" showAs="public_hygiene" dictionary="EuroVoc"></keyword>
        <keyword value="use_of_water" href="http://eurovoc.europa.eu/4628" showAs="use_of_water" dictionary="EuroVoc"></keyword>
        <keyword value="water" href="http://metadata.un.org/thesaurus/030500" showAs="water" dictionary="UNBIS Thesaurus"></keyword>
        <keyword value="sanitation" href="http://metadata.un.org/thesaurus/1005701" showAs="sanitation" dictionary="UNBIS Thesaurus"></keyword>
        <keyword value="water_management" href="http://metadata.un.org/thesaurus/1006948" showAs="water_management" dictionary="UNBIS Thesaurus"></keyword>
      </classification>
      <classification source="http://metadata.un.org/sdg">
        <keyword value="12" href="http://metadata.un.org/sdg/12" showAs="sdg_12" dictionary="SDGO"></keyword>
        <keyword value="consumption" href="http://eurovoc.europa.eu/139" showAs="consumption" dictionary="EuroVoc"></keyword>
        <keyword value="production" href="http://eurovoc.europa.eu/2707" showAs="production" dictionary="EuroVoc"></keyword>
        <keyword value="sustainable_consumption" href="http://metadata.un.org/thesaurus/1006318" showAs="sustainable_consumption" dictionary="UNBIS Thesaurus"></keyword>
        <keyword value="consumption" href="http://metadata.un.org/thesaurus/1001264" showAs="consumption" dictionary="UNBIS Thesaurus"></keyword>
        <keyword value="production" href="http://metadata.un.org/thesaurus/1005146" showAs="production" dictionary="UNBIS Thesaurus"></keyword>
      </classification>
      <classification source="http://metadata.un.org/sdg">
        <keyword value="14" href="http://metadata.un.org/sdg/14" showAs="sdg_14" dictionary="SDGO"></keyword>
        <keyword value="marine_life" href="http://eurovoc.europa.eu/3149" showAs="marine_life" dictionary="EuroVoc"></keyword>
        <keyword value="marine_environment" href="http://eurovoc.europa.eu/5742" showAs="marine_environment" dictionary="EuroVoc"></keyword>
        <keyword value="ocean" href="http://eurovoc.europa.eu/2107" showAs="ocean" dictionary="EuroVoc"></keyword>
        <keyword value="sea" href="http://eurovoc.europa.eu/1870" showAs="sea" dictionary="EuroVoc"></keyword>
        <keyword value="marine_resources" href="http://metadata.un.org/thesaurus/030800" showAs="marine_resources" dictionary="UNBIS Thesaurus"></keyword>
        <keyword value="marine_resources" href="http://metadata.un.org/thesaurus/1003922" showAs="marine_resources" dictionary="UNBIS Thesaurus"></keyword>
        <keyword value="oceans_and_seas" href="http://metadata.un.org/thesaurus/170600" showAs="oceans_and_seas" dictionary="UNBIS Thesaurus"></keyword>
      </classification>
      <classification source="http://metadata.un.org/sdg">
        <keyword value="16" href="http://metadata.un.org/sdg/16" showAs="sdg_16" dictionary="SDGO"></keyword>
        <keyword value="right_to_justice" href="http://eurovoc.europa.eu/516" showAs="right_to_justice" dictionary="EuroVoc"></keyword>
        <keyword value="sustainable_development" href="http://eurovoc.europa.eu/5585" showAs="sustainable_development" dictionary="EuroVoc"></keyword>
        <keyword value="civil_society" href="http://metadata.un.org/thesaurus/1001012" showAs="civil_society" dictionary="UNBIS Thesaurus"></keyword>
        <keyword value="justice" href="http://metadata.un.org/thesaurus/1003500" showAs="justice" dictionary="UNBIS Thesaurus"></keyword>
        <keyword value="peaceful_coexistence" href="http://metadata.un.org/thesaurus/1004777" showAs="peaceful_coexistence" dictionary="UNBIS Thesaurus"></keyword>
        <keyword value="public_institutions" href="http://metadata.un.org/thesaurus/1005254" showAs="public_institutions" dictionary="UNBIS Thesaurus"></keyword>
        <keyword value="social_justice" href="http://metadata.un.org/thesaurus/1005970" showAs="social_justice" dictionary="UNBIS Thesaurus"></keyword>
        <keyword value="sustainable_development" href="http://metadata.un.org/thesaurus/1006319" showAs="sustainable_development" dictionary="UNBIS Thesaurus"></keyword>
      </classification>
      <classification source="http://metadata.un.org/sdg">
        <keyword value="17" href="http://metadata.un.org/sdg/17" showAs="sdg_17" dictionary="SDGO"></keyword>
        <keyword value="sustainable_development" href="http://eurovoc.europa.eu/5585" showAs="sustainable_development" dictionary="EuroVoc"></keyword>
        <keyword value="partnership" href="http://eurovoc.europa.eu/4199" showAs="partnership" dictionary="EuroVoc"></keyword>
        <keyword value="sustainable_development" href="http://metadata.un.org/thesaurus/1006319" showAs="sustainable_development" dictionary="UNBIS Thesaurus"></keyword>
        <keyword value="partnership" href="http://metadata.un.org/thesaurus/1004748" showAs="partnership" dictionary="UNBIS Thesaurus"></keyword>
      </classification>
      <workflow source="#un">
        <step date="2020-05-22" outcome="draftResolution" as="A/74/L.58/Rev.2" by="United Arab Emirates" />
        <step date="0001-01-01" outcome="draftResolutionAdditionalSponsors" by="" />
        <step date="0001-01-01" outcome="recommendedForAdoption" by="" />
        <step date="2020-06-01" outcome="adopted" as="Adopted through silence procedure" by="" />
      </workflow>
      <analysis source="#un">
        <parliamentary>
          <voting outcome="adoptedWithoutVote">
            <quorum value=""></quorum>
          </voting>
        </parliamentary>
      </analysis>
      <references source="#DGACM">
        <TLCOrganization eId="source" href="/akn/ontology/organization/un/DGACM" showAs="DGACM"></TLCOrganization>
        <TLCConcept eId="dateOfIssuance" href="/akn/ontology/concept/un/dateOfIssuance" showAs="Date of issuance"></TLCConcept>
        <TLCConcept eId="dateOfAdoption" href="/akn/ontology/concept/un/dateOfAdoption" showAs="Date of adoption"></TLCConcept>
        <TLCConcept eId="symbol" href="/akn/ontology/reference/un/symbol" showAs="Symbol"></TLCConcept>
        <TLCRole eId="publisher" href="/akn/ontology/role/un/publisher" showAs="Publisher"></TLCRole>
        <TLCRole eId="issuingBody" href="/akn/role/concept/un/issuingBody" showAs="Issuing body"></TLCRole>
        <TLCRole eId="author" href="/akn/ontology/role/un/author" showAs="Author"></TLCRole>
        <TLCRole eId="editor" href="/akn/ontology/role/un/editor" showAs="Editor"></TLCRole>
        <TLCRole eId="distribution" href="/akn/ontology/concept/un/generalDistribution" showAs="General distribution"></TLCRole>
        <TLCOrganization eId="ga" href="/akn/ontology/organization/un/generalAssembly" showAs="General Assembly"></TLCOrganization>
        <TLCTerm eId="resolutionTitle" href="/akn/ontology/reference/un/resolutionTitle" showAs="Resolution title"></TLCTerm>
        <TLCTerm eId="noMainCommittee" href="#noMainCommittee" showAs="sans renvoi à une grande commission"></TLCTerm>
        <TLCTerm eId="memberState" href="/akn/ontology/organization/un/memberState" showAs="Member State"></TLCTerm>
        <TLCTerm eId="inFavour" href="/akn/ontology/concept/un/voting/inFavour" showAs="In favour"></TLCTerm>
        <TLCTerm eId="against" href="/akn/ontology/concept/un/voting/against" showAs="Against"></TLCTerm>
        <TLCTerm eId="abstaining" href="/akn/ontology/concept/un/voting/abstaining" showAs="Abstaining"></TLCTerm>
      </references>
      <presentation source="#un">
        <akn4un:footerFirstPage>
          <akn4un:footerFirstPageLeft>
            <akn4un:internalCode>
              <docketNumber refersTo="#publicationJobNumber">20-07344 (F)</docketNumber>
              <img alt="bar code" class="barCode" src=""></img>
            </akn4un:internalCode>
          </akn4un:footerFirstPageLeft>
          <akn4un:footerFirstPageRight>
            <img alt="Please recycle" class="image" src="./recylcleLogo.jpg"></img>
            <img alt="embedded QR code" class="qrCode" src=""></img>
          </akn4un:footerFirstPageRight>
        </akn4un:footerFirstPage>
      </presentation>
    </meta>
    <coverPage eId="coverPage_1">
      <p>
        <span refersTo="#publisher" class="upperLeft">
          <docAuthority refersTo="#publisher">Nations Unies</docAuthority>
        </span>
      </p>
      <p class="upperRight">
        <docNumber refersTo="#symbol">A/RES/74/276</docNumber>
      </p>
      <p class="upperLeft">
        <img src="logo-un.jpg"></img>
        <docAuthority refersTo="#issuingBody" class="rightBig">Assemblée générale</docAuthority>
      </p>
      <p>
        <docStatus refersTo="#generalDistribution" class="rightSmall">Distr. générale</docStatus>
      </p>
      <p>
        <docDate date="2020-06-02" class="rightSmall" refersTo="#dateOfIssuance">2 juin 2020</docDate>
      </p>
      <p>
        <session refersTo="#generalAssembly" value="74" eId="coverPage_1__session_1">Soixante-quatorzième session</session>
      </p>
      <p>
        <inline name="agenda item">Point 106 de l’ordre du jour</inline>
      </p>
      <p>
        <inline name="agenda item name">Prévention du crime et justice pénale</inline>
      </p>
      <p>
        <docTitle>Résolution adoptée par l’Assemblée générale le 1er juin 2020</docTitle>
      </p>
      <p xml:space="preserve">
        <docProponent refersTo="#noMainCommittee">[sans renvoi à une grande commission (<inline name="originating document">A/74/L.58/Rev.2</inline>)]</docProponent>
      </p>
    </coverPage>
    <preface>
      <p>
        <docNumber>74/276.</docNumber>
        <docTitle refersTo="#resolutionTitle">Session extraordinaire de l’Assemblée générale sur la lutte contre la corruption</docTitle>
      </p>
    </preface>
    <preamble>
      <formula name="enactingFormula" eId="formula_1">
        <p xml:space="preserve">
          <span class="italic">L’Assemblée générale</span>,</p>
      </formula>
      <container name="Rappelant" eId="container_2">
        <p xml:space="preserve">
          <span class="italic">Rappelant</span> ses résolutions <a href="https://undocs.org/fr/A/RES/54/205">54/205</a> du 22 décembre 1999, <a href="https://undocs.org/fr/A/RES/55/61">55/61</a> du 4 décembre 2000, <a href="https://undocs.org/fr/A/RES/55/188">55/188</a> du 20 décembre 2000, <a href="https://undocs.org/fr/A/RES/56/186">56/186</a> du 21 décembre 2001 et <a href="https://undocs.org/fr/A/RES/57/244">57/244</a> du 20 décembre 2002, et rappelant également ses résolutions <a href="https://undocs.org/fr/A/RES/58/4">58/4</a> du 31 octobre 2003, <a href="https://undocs.org/fr/A/RES/58/205">58/205</a> du 23 décembre 2003, <a href="https://undocs.org/fr/A/RES/59/242">59/242</a> du 22 décembre 2004, <a href="https://undocs.org/fr/A/RES/60/207">60/207</a> du 22 décembre 2005, <a href="https://undocs.org/fr/A/RES/61/209">61/209</a> du 20 décembre 2006, <a href="https://undocs.org/fr/A/RES/62/202">62/202</a> du 19 décembre 2007, <a href="https://undocs.org/fr/A/RES/63/226">63/226</a> du 19 décembre 2008, <a href="https://undocs.org/fr/A/RES/64/237">64/237</a> du 24 décembre 2009, <a href="https://undocs.org/fr/A/RES/65/169">65/169</a> du 20 décembre 2010, <a href="https://undocs.org/fr/A/RES/67/189">67/189</a> et <a href="https://undocs.org/fr/A/RES/67/192">67/192</a> du 20 décembre 2012, <a href="https://undocs.org/fr/A/RES/68/195">68/195</a> du 18 décembre 2013, <a href="https://undocs.org/fr/A/RES/69/199">69/199</a> du 18 décembre 2014, <a href="https://undocs.org/fr/A/RES/71/208">71/208</a> du 19 décembre 2016 et <a href="https://undocs.org/fr/A/RES/73/190">73/190</a> du 17 décembre 2018, et les résolutions <a href="https://undocs.org/fr/A/HRC/RES/23/9">23/9</a> du 13 juin 2013<authorialNote marker="1" placement="bottom" eId="authorialNote_1"><p xml:space="preserve">		Voir <span class="italic">Documents officiels de l’Assemblée générale, soixante-huitième session, Supplément n</span><span class="italic"><sup>o</sup></span><span class="italic"> 53</span> (<a href="https://undocs.org/fr/A/68/53">A/68/53</a>), chap. V, sect. A.</p></authorialNote>, <a href="https://undocs.org/fr/A/HRC/RES/29/11">29/11</a> du 2 juillet 2015<authorialNote marker="2" placement="bottom" eId="authorialNote_2"><p xml:space="preserve">		Ibid., <span class="italic">soixante-dixième session, Supplément n</span><span class="italic"><sup>o</sup></span><span class="italic"> 53</span> (<a href="https://undocs.org/fr/A/70/53">A/70/53</a>), chap. V, sect. A.</p></authorialNote> et <a href="https://undocs.org/fr/A/HRC/RES/35/25">35/25</a> du 23 juin 2017<authorialNote marker="3" placement="bottom" eId="authorialNote_3"><p xml:space="preserve">		Ibid., <span class="italic">soixante-douzième session, Supplément n</span><span class="italic"><sup>o</sup></span><span class="italic"> 53</span> (<a href="https://undocs.org/fr/A/72/53">A/72/53</a>), chap. V, sect. A.</p></authorialNote> du Conseil des droits de l’homme,</p>
      </container>
      <container name="Rappelant également" eId="container_3">
        <p xml:space="preserve">
          <span class="italic">Rappelant également</span> sa résolution <a href="https://undocs.org/fr/A/RES/73/191">73/191</a> du 17 décembre 2018, intitulée « Session extraordinaire de l’Assemblée générale sur la lutte contre la corruption », dans laquelle elle a décidé d’organiser, au cours du premier semestre de 2021, une session extraordinaire sur les problèmes posés par la corruption et les mesures visant à la prévenir et à la combattre et à renforcer la coopération internationale,</p>
      </container>
      <container name="Rappelant en outre" eId="container_4">
        <p xml:space="preserve">
          <span class="italic">Rappelant en outre</span> l’entrée en vigueur, le 14 décembre 2005, de la Convention des Nations Unies contre la corruption<authorialNote marker="4" placement="bottom" eId="authorialNote_4"><p xml:space="preserve">		Nations Unies, <span class="italic">Recueil des Traités</span>, vol. 2349, n<sup>o</sup> 42146.</p></authorialNote>, qui est l’instrument le plus complet et le plus universel dans le domaine de la corruption, et consciente qu’il est nécessaire de continuer à promouvoir sa ratification, l’adhésion à celle-ci et l’application intégrale et effective de ses obligations,</p>
      </container>
      <container name="Ayant à l’esprit " eId="container_5">
        <p xml:space="preserve">
          <span class="italic">	Ayant à l’esprit </span>qu’il incombe à tous les États de prévenir et d’éradiquer la corruption et que ceux-ci doivent coopérer entre eux, avec le soutien et la participation de personnes et de groupes n’appartenant pas au secteur public, et se félicitant des efforts déployés par les États pour encourager la participation active de ces derniers,</p>
      </container>
      <container name="Prenant acte " eId="container_6">
        <p xml:space="preserve">
          <span class="italic">	Prenant acte </span>de l’article 4 de la Convention, selon lequel les États parties exécutent leurs obligations au titre de la Convention d’une manière compatible avec les principes de l’égalité souveraine et de l’intégrité territoriale des États et avec celui de la non-intervention dans les affaires intérieures d’autres États, et rappelant sa résolution <a href="https://undocs.org/fr/A/RES/70/1">70/1</a> du 25 septembre 2015,</p>
      </container>
      <container name="Consciente " eId="container_7">
        <p xml:space="preserve">
          <span class="italic">	Consciente </span>qu’aucune disposition de la Convention n’habilite un État partie à exercer sur le territoire d’un autre État une compétence et des fonctions qui sont exclusivement réservées aux autorités de cet autre État par son droit interne,</p>
      </container>
      <container name="Prenant note avec satisfaction" eId="container_8">
        <p xml:space="preserve">
          <span class="italic">Prenant note avec satisfaction</span> de toutes les déclarations politiques sur la lutte contre la corruption adoptées par les États Membres de l’Organisation des Nations Unies à l’échelle régionale,</p>
      </container>
      <container name="Soulignant" eId="container_9">
        <p xml:space="preserve">
          <span class="italic">Soulignant</span> l’importance de la session extraordinaire en vue de prévenir et de combattre la corruption et de renforcer la coopération internationale à cette fin, notamment en encourageant l’application intégrale et effective des obligations prévues dans la Convention,</p>
      </container>
      <container name="Soulignant également" eId="container_10">
        <p xml:space="preserve">
          <span class="italic">Soulignant également</span> que le Programme de développement durable à l’horizon 2030<authorialNote marker="5" placement="bottom" eId="authorialNote_5"><p xml:space="preserve">		Résolution <a href="https://undocs.org/fr/A/RES/70/1">70/1</a>.</p></authorialNote> tient compte de la nécessité de favoriser l’avènement de sociétés pacifiques et inclusives afin de promouvoir le développement durable, d’assurer à tous l’accès à la justice et de bâtir, à tous les niveaux, des institutions efficaces, responsables et dont personne n’est exclu, et préoccupée par la gravité des problèmes et des menaces que la corruption représente pour la stabilité et la sécurité des sociétés, en ce qu’elle porte atteinte aux institutions et valeurs démocratiques, aux valeurs morales et à la justice et compromet le développement durable et l’état de droit,</p>
      </container>
    </preamble>
    <mainBody>
      <paragraph eId="para_11" class="MercuryDocument">
        <num>	1.</num>
        <content eId="para_11__content">
          <p xml:space="preserve">
            <span class="italic">Décide</span> que sa session extraordinaire sur les problèmes posés par la corruption et les mesures visant à la prévenir et à la combattre et à renforcer la coopération internationale durera trois jours et se tiendra du 26 au 28 avril 2021, au Siège de l’Organisation des Nations Unies à New York ;</p>
        </content>
      </paragraph>
      <paragraph eId="para_12" class="MercuryDocument">
        <num>	2.</num>
        <content eId="para_12__content">
          <p xml:space="preserve">
            <span class="italic">Décide également</span>, pour l’organisation de sa session extraordinaire :</p>
        </content>
      </paragraph>
      <paragraph eId="para_13" class="MercuryDocument">
        <content eId="para_13__content">
          <p xml:space="preserve">	a)	que des séances plénières se tiendront chaque jour de 10 heures à 13 heures et de 15 heures à 18 heures ;</p>
        </content>
      </paragraph>
      <paragraph eId="para_14" class="MercuryDocument">
        <content eId="para_14__content">
          <p xml:space="preserve">	b)	que l’ouverture du débat général sera marquée par des déclarations de sa présidence, du Secrétaire général, de la présidence du Conseil économique et social, de la présidence de la Conférence des États parties à la Convention des Nations Unies contre la corruption et de la Directrice exécutive de l’Office des Nations Unies contre la drogue et le crime ;</p>
        </content>
      </paragraph>
      <paragraph eId="para_15" class="MercuryDocument">
        <content eId="para_15__content">
          <p xml:space="preserve">	c)	que les séances plénières comprendront des déclarations faites par les États Membres, les États et les organisations d’intégration économique régionale parties à la Convention des Nations Unies contre la corruption, les observateurs auprès d’elle et, si le temps le permet, un nombre limité de représentants des autres organisations participant à la session extraordinaire, conformément aux alinéas d) et e) ci-après, choisis par sa présidence, en consultation avec les États Membres, compte dûment tenu de l’équilibre géographique et de l’équité de genre ; la liste des orateurs sera dressée conformément à la pratique établie<authorialNote marker="6" placement="bottom" eId="authorialNote_6"><p xml:space="preserve">		Conformément à la pratique établie à l’Assemblée générale, si la liste comprend des intervenants d’organisations non gouvernementales qui ne sont pas dotées du statut consultatif auprès du Conseil économique et social, elle devrait être examinée par les États Membres de l’Organisation des Nations Unies selon la procédure d’approbation tacite.</p></authorialNote>, et le temps imparti pour les déclarations sera de cinq minutes pour les délégations s’exprimant à titre individuel et de sept minutes pour les déclarations faites au nom d’un groupe d’États ;</p>
        </content>
      </paragraph>
      <paragraph eId="para_16" class="MercuryDocument">
        <content eId="para_16__content">
          <p xml:space="preserve">	d)	que les représentants des organisations non gouvernementales dotées du statut consultatif auprès du Conseil économique et social seront invités à participer à sa session extraordinaire conformément à la pratique établie ;</p>
        </content>
      </paragraph>
      <paragraph eId="para_17" class="MercuryDocument">
        <content eId="para_17__content">
          <p xml:space="preserve">	e)	que, rappelant la pratique qui est la sienne, elle demandera à sa présidence de dresser, en tenant compte des principes de transparence et de représentation géographique équitable et en veillant comme il convient à assurer la participation effective des femmes, une liste d’autres représentants compétents d’organisations non gouvernementales, d’organisations de la société civile, d’établissements universitaires et du secteur privé compétents qui pourront participer à la session extraordinaire et de soumettre cette liste aux États Membres pour qu’ils l’examinent selon la procédure d’approbation tacite<authorialNote marker="7" placement="bottom" eId="authorialNote_7"><p xml:space="preserve">		La liste des noms proposés et des noms retenus sera présentée à l’Assemblée générale. Tout État Membre qui s’opposerait au choix d’un nom indiquera s’il le souhaite ses motifs au Bureau de la présidence de l’Assemblée, qui communiquera toute information reçue aux États Membres qui en feront la demande.</p></authorialNote> ;</p>
        </content>
      </paragraph>
      <paragraph eId="para_18" class="MercuryDocument">
        <num>	3.</num>
        <content eId="para_18__content">
          <p xml:space="preserve">
            <span class="italic">	Réaffirme</span> le rôle moteur joué par la Conférence des États parties à la Convention des Nations Unies contre la corruption pour améliorer la capacité des États à atteindre les objectifs énoncés dans la Convention des Nations Unies contre la corruption<sup>4</sup> et renforcer leur coopération à cet effet, ainsi que pour promouvoir et examiner son application ;</p>
        </content>
      </paragraph>
      <paragraph eId="para_19" class="MercuryDocument">
        <num>	4.</num>
        <content eId="para_19__content">
          <p xml:space="preserve">
            <span class="italic">Invite de nouveau</span> la Conférence des États parties à diriger les préparatifs de la session extraordinaire en réglant de façon ouverte toutes les questions d’organisation et de fond ;</p>
        </content>
      </paragraph>
      <paragraph eId="para_20" class="MercuryDocument">
        <num>	5.</num>
        <content eId="para_20__content">
          <p xml:space="preserve">
            <span class="italic">Invite</span> toutes les entités compétentes du système des Nations Unies, y compris les programmes, fonds, institutions spécialisées et commissions régionales, ainsi que les organisations intergouvernementales, régionales et sous-régionales intéressées, à participer à la session extraordinaire ;</p>
        </content>
      </paragraph>
      <paragraph eId="para_21" class="MercuryDocument">
        <num>	6.</num>
        <content eId="para_21__content">
          <p xml:space="preserve">
            <span class="italic">Prie</span> le Bureau élargi de la Conférence des États parties d’organiser toutes les mesures à prendre par la Conférence pour préparer la session extraordinaire et de régler toutes les questions d’organisation et de fond, de façon ouverte et transparente, notamment en nommant des animateurs pour les consultations informelles sur le projet de déclaration politique ;</p>
        </content>
      </paragraph>
      <paragraph eId="para_22" class="MercuryDocument">
        <num>	7.</num>
        <content eId="para_22__content">
          <p xml:space="preserve">
            <span class="italic">Prie également</span> le Bureau élargi de la Conférence des États parties, en consultation avec les États Membres, d’établir un plan de travail et un calendrier en vue de faire avancer les consultations sur le projet de déclaration politique ;</p>
        </content>
      </paragraph>
      <paragraph eId="para_23" class="MercuryDocument">
        <num>	8.</num>
        <content eId="para_23__content">
          <p xml:space="preserve">
            <span class="italic">Affirme</span> que les réunions intersessions de la Conférence des États parties sur les préparatifs de la session extraordinaire seront ouvertes aux participants de tous les États parties et États observateurs, conformément au Règlement intérieur de la Conférence et à la pratique établie ;</p>
        </content>
      </paragraph>
      <paragraph eId="para_24" class="MercuryDocument">
        <num>	9.</num>
        <content eId="para_24__content">
          <p xml:space="preserve">
            <span class="italic">Demande de nouveau</span> à l’Office des Nations Unies contre la drogue et le crime d’apporter son expertise et son appui technique ;</p>
        </content>
      </paragraph>
      <paragraph eId="para_25" class="MercuryDocument">
        <num>	10.</num>
        <content eId="para_25__content">
          <p xml:space="preserve">
            <span class="italic">Prie </span>la Conférence des États parties d’élaborer, en temps voulu, une déclaration politique concise et orientée vers l’action, laquelle fera l’objet d’un consensus préalable obtenu au terme de négociations intergouvernementales menées sous les auspices de la Conférence en vue de son adoption à la session extraordinaire ;</p>
        </content>
      </paragraph>
      <paragraph eId="para_26" class="MercuryDocument">
        <num>	11.</num>
        <content eId="para_26__content">
          <p xml:space="preserve">
            <span class="italic">Prie également</span> la Conférence des États parties de tenir une session extraordinaire en vue d’approuver la déclaration politique que celle-ci lui transmettra par la suite pour adoption à sa session extraordinaire sur la lutte contre la corruption ;</p>
        </content>
      </paragraph>
      <paragraph eId="para_27" class="MercuryDocument">
        <num>	12.</num>
        <content eId="para_27__content">
          <p xml:space="preserve">
            <span class="italic">Prie en outre </span>la Conférence des États parties de lui présenter, à sa session extraordinaire, un rapport sur les préparatifs qu’elle a entrepris en vue de cette session ;</p>
        </content>
      </paragraph>
      <paragraph eId="para_28" class="MercuryDocument">
        <num>	13.</num>
        <content eId="para_28__content">
          <p xml:space="preserve">
            <span class="italic">Réitère</span> qu’il importe que les préparatifs soient ouverts à tous et donnent lieu à de larges consultations sur les questions de fond, et invite la Conférence des États parties à tenir jusqu’à trois réunions intersessions, si nécessaire, pour faire avancer ces consultations, encourage les organes, entités et institutions spécialisées du système des Nations Unies, les organisations internationales et régionales compétentes, la société civile, les milieux universitaires, et les autres parties intéressées à contribuer pleinement au processus préparatoire, conformément aux dispositions pertinentes du Règlement intérieur et à la pratique établie, et prie l’Office des Nations Unies contre la drogue et le crime de recueillir ces contributions, y compris des recommandations spécifiques sur les questions qu’elle examinera à sa session extraordinaire, et de les communiquer à la Conférence ;</p>
        </content>
      </paragraph>
      <paragraph eId="para_29" class="MercuryDocument">
        <num>	14.</num>
        <content eId="para_29__content">
          <p xml:space="preserve">
            <span class="italic">Prie</span> le secrétariat de la Conférence des États parties d’établir un rapport sur les synergies possibles entre les travaux et les résultats de la session extraordinaire et la prochaine Conférence des États parties qui doit se tenir en 2021 et de présenter ce rapport aux réunions intersessions proposées afin que les États parties l’examinent et l’adoptent ;</p>
        </content>
      </paragraph>
      <paragraph eId="para_30" class="MercuryDocument">
        <num>	15.</num>
        <content eId="para_30__content">
          <p xml:space="preserve">
            <span class="italic">Invite</span> tous les États Membres, les États observateurs et les observateurs auprès d’elle à envisager de se faire représenter à la session extraordinaire au niveau le plus élevé possible ;</p>
        </content>
      </paragraph>
      <paragraph eId="para_31" class="MercuryDocument">
        <num>	16.</num>
        <content eId="para_31__content">
          <p xml:space="preserve">
            <span class="italic">Invite</span> sa présidence à organiser, en marge de la session extraordinaire, une manifestation d’appui de haut niveau sur les mesures pour prévenir et combattre la corruption et renforcer la coopération internationale et les difficultés rencontrées à cet égard ;</p>
        </content>
      </paragraph>
      <paragraph eId="para_32" class="MercuryDocument">
        <num>	17.</num>
        <content eId="para_32__content">
          <p xml:space="preserve">
            <span class="italic">Encourage</span> l’Office des Nations Unies contre la drogue et le crime, sous réserve de la disponibilité de ressources extrabudgétaires, à organiser un forum de la jeunesse pour examiner la manière dont les jeunes pourraient contribuer aux efforts déployés pour prévenir et combattre la corruption, et invite un représentant du forum de la jeunesse qu’aura choisi sa présidence à participer à la session extraordinaire, notamment en faisant une déclaration à la séance d’ouverture de la session extraordinaire sur les résultats des débats tenus à l’occasion du forum de la jeunesse ;</p>
        </content>
      </paragraph>
      <paragraph eId="para_33" class="MercuryDocument">
        <num>	18.</num>
        <content eId="para_33__content">
          <p xml:space="preserve">
            <span class="italic">Réaffirme</span> la décision qu’elle a prise dans sa résolution <a href="https://undocs.org/fr/A/RES/73/191">73/191</a> d’organiser la session extraordinaire et ses préparatifs dans la limite des ressources disponibles.</p>
        </content>
      </paragraph>
    </mainBody>
    <conclusions eId="conclusions">
      <p>
        <docDate date="2020-06-01" refersTo="#adoptionDate">1er juin 2020</docDate>
      </p>
    </conclusions>
  </statement>
</akomaNtoso>