<akomaNtoso xmlns:xsi="http://www.w3.org/2001/XMLSchema-instance" xsi:schemaLocation="http://docs.oasis-open.org/legaldocml/ns/akn/3.0 http://docs.oasis-open.org/legaldocml/akn-core/v1.0/os/part2-specs/schemas/akomantoso30.xsd" xmlns="http://docs.oasis-open.org/legaldocml/ns/akn/3.0" xmlns:html="http://www.w3.org/1999/xhtml" xmlns:akn4un="http://un.org/akn4un">
  <statement name="resolution">
    <meta>
      <identification source="#DGACM">
        <FRBRWork>
          <FRBRthis value="/akn/un/statement/deliberation/unga/2019-12-19/74-206/!main/"></FRBRthis>
          <FRBRuri value="/akn/un/statement/deliberation/unga/2019-12-19/74-206/"></FRBRuri>
          <FRBRdate date="2019-12-19" name="adoption"></FRBRdate>
          <FRBRauthor href="ga" as="author"></FRBRauthor>
          <FRBRcountry value="un"></FRBRcountry>
        </FRBRWork>
        <FRBRExpression>
          <FRBRthis value="/akn/un/statement/deliberation/unga/2019-12-19/74-206/fra@!main/"></FRBRthis>
          <FRBRuri value="/akn/un/statement/deliberation/unga/2019-12-19/74-206/fra@/"></FRBRuri>
          <FRBRdate date="2020-01-29" name="publication"></FRBRdate>
          <FRBRauthor href="ga" as="issuer"></FRBRauthor>
          <FRBRlanguage language="fra"></FRBRlanguage>
        </FRBRExpression>
        <FRBRManifestation>
          <FRBRthis value="/akn/un/statement/deliberation/unga/2019-12-19/74-206/fra@/!main.xml"></FRBRthis>
          <FRBRuri value="/akn/un/statement/deliberation/unga/2019-12-19/74-206/fra@.xml"></FRBRuri>
          <FRBRdate date="2020-08-21" name="markup"></FRBRdate>
          <FRBRauthor href="DGACM" as="editor"></FRBRauthor>
        </FRBRManifestation>
      </identification>
      <classification source="http://metadata.un.org/sdg">
        <keyword value="2.a" href="http://metadata.un.org/sdg/2.a" showAs="sdg_2.a" dictionary="SDGO"></keyword>
        <keyword value="agricultural_policy" href="http://eurovoc.europa.eu/2442" showAs="agricultural_policy" dictionary="EuroVoc"></keyword>
        <keyword value="economic_policy" href="http://eurovoc.europa.eu/2497" showAs="economic_policy" dictionary="EuroVoc"></keyword>
        <keyword value="power_of_implementation" href="http://eurovoc.europa.eu/2577" showAs="power_of_implementation" dictionary="EuroVoc"></keyword>
        <keyword value="agricultural_policy" href="http://metadata.un.org/thesaurus/1000150" showAs="agricultural_policy" dictionary="UNBIS Thesaurus"></keyword>
        <keyword value="economic_policy" href="http://metadata.un.org/thesaurus/1001863" showAs="economic_policy" dictionary="UNBIS Thesaurus"></keyword>
      </classification>
      <classification source="http://metadata.un.org/sdg">
        <keyword value="10" href="http://metadata.un.org/sdg/10" showAs="sdg_10" dictionary="SDGO"></keyword>
        <keyword value="social_inequality" href="http://eurovoc.europa.eu/1420" showAs="social_inequality" dictionary="EuroVoc"></keyword>
        <keyword value="equality" href="http://metadata.un.org/thesaurus/1002102" showAs="equality" dictionary="UNBIS Thesaurus"></keyword>
      </classification>
      <classification source="http://metadata.un.org/sdg">
        <keyword value="16" href="http://metadata.un.org/sdg/16" showAs="sdg_16" dictionary="SDGO"></keyword>
        <keyword value="right_to_justice" href="http://eurovoc.europa.eu/516" showAs="right_to_justice" dictionary="EuroVoc"></keyword>
        <keyword value="sustainable_development" href="http://eurovoc.europa.eu/5585" showAs="sustainable_development" dictionary="EuroVoc"></keyword>
        <keyword value="civil_society" href="http://metadata.un.org/thesaurus/1001012" showAs="civil_society" dictionary="UNBIS Thesaurus"></keyword>
        <keyword value="justice" href="http://metadata.un.org/thesaurus/1003500" showAs="justice" dictionary="UNBIS Thesaurus"></keyword>
        <keyword value="peaceful_coexistence" href="http://metadata.un.org/thesaurus/1004777" showAs="peaceful_coexistence" dictionary="UNBIS Thesaurus"></keyword>
        <keyword value="public_institutions" href="http://metadata.un.org/thesaurus/1005254" showAs="public_institutions" dictionary="UNBIS Thesaurus"></keyword>
        <keyword value="social_justice" href="http://metadata.un.org/thesaurus/1005970" showAs="social_justice" dictionary="UNBIS Thesaurus"></keyword>
        <keyword value="sustainable_development" href="http://metadata.un.org/thesaurus/1006319" showAs="sustainable_development" dictionary="UNBIS Thesaurus"></keyword>
      </classification>
      <classification source="http://metadata.un.org/sdg">
        <keyword value="17" href="http://metadata.un.org/sdg/17" showAs="sdg_17" dictionary="SDGO"></keyword>
        <keyword value="sustainable_development" href="http://eurovoc.europa.eu/5585" showAs="sustainable_development" dictionary="EuroVoc"></keyword>
        <keyword value="partnership" href="http://eurovoc.europa.eu/4199" showAs="partnership" dictionary="EuroVoc"></keyword>
        <keyword value="sustainable_development" href="http://metadata.un.org/thesaurus/1006319" showAs="sustainable_development" dictionary="UNBIS Thesaurus"></keyword>
        <keyword value="partnership" href="http://metadata.un.org/thesaurus/1004748" showAs="partnership" dictionary="UNBIS Thesaurus"></keyword>
      </classification>
      <workflow source="#un">
        <step date="2019-11-21" outcome="draftResolution" as="A/C.2/74/L.69" by="submitted by the Rapporteur of the Committee" />
        <step date="0001-01-01" outcome="draftResolutionAdditionalSponsors" by="" />
        <step date="0001-01-01" outcome="recommendedForAdoption" as="A/74/379/Add.6" by="" refersTo="8" />
        <step date="2019-12-19" outcome="adopted" as="A/74/PV.52" by="" />
      </workflow>
      <analysis source="#un">
        <parliamentary>
          <voting outcome="adoptedWithoutVote">
            <quorum value=""></quorum>
          </voting>
        </parliamentary>
      </analysis>
      <references source="#DGACM">
        <TLCOrganization eId="source" href="/akn/ontology/organization/un/DGACM" showAs="DGACM"></TLCOrganization>
        <TLCConcept eId="dateOfIssuance" href="/akn/ontology/concept/un/dateOfIssuance" showAs="Date of issuance"></TLCConcept>
        <TLCConcept eId="dateOfAdoption" href="/akn/ontology/concept/un/dateOfAdoption" showAs="Date of adoption"></TLCConcept>
        <TLCConcept eId="symbol" href="/akn/ontology/reference/un/symbol" showAs="Symbol"></TLCConcept>
        <TLCRole eId="publisher" href="/akn/ontology/role/un/publisher" showAs="Publisher"></TLCRole>
        <TLCRole eId="issuingBody" href="/akn/role/concept/un/issuingBody" showAs="Issuing body"></TLCRole>
        <TLCRole eId="author" href="/akn/ontology/role/un/author" showAs="Author"></TLCRole>
        <TLCRole eId="editor" href="/akn/ontology/role/un/editor" showAs="Editor"></TLCRole>
        <TLCRole eId="distribution" href="/akn/ontology/concept/un/generalDistribution" showAs="General distribution"></TLCRole>
        <TLCOrganization eId="ga" href="/akn/ontology/organization/un/generalAssembly" showAs="General Assembly"></TLCOrganization>
        <TLCTerm eId="resolutionTitle" href="/akn/ontology/reference/un/resolutionTitle" showAs="Resolution title"></TLCTerm>
        <TLCTerm eId="secondCommittee" href="#secondCommittee" showAs="Deuxième Commission"></TLCTerm>
        <TLCTerm eId="memberState" href="/akn/ontology/organization/un/memberState" showAs="Member State"></TLCTerm>
        <TLCTerm eId="inFavour" href="/akn/ontology/concept/un/voting/inFavour" showAs="In favour"></TLCTerm>
        <TLCTerm eId="against" href="/akn/ontology/concept/un/voting/against" showAs="Against"></TLCTerm>
        <TLCTerm eId="abstaining" href="/akn/ontology/concept/un/voting/abstaining" showAs="Abstaining"></TLCTerm>
      </references>
      <presentation source="#un">
        <akn4un:footerFirstPage>
          <akn4un:footerFirstPageLeft>
            <akn4un:internalCode>
              <docketNumber refersTo="#publicationJobNumber">19-22419 (F)</docketNumber>
              <img alt="bar code" class="barCode" src=""></img>
            </akn4un:internalCode>
          </akn4un:footerFirstPageLeft>
          <akn4un:footerFirstPageRight>
            <img alt="Please recycle" class="image" src="./recylcleLogo.jpg"></img>
            <img alt="embedded QR code" class="qrCode" src=""></img>
          </akn4un:footerFirstPageRight>
        </akn4un:footerFirstPage>
      </presentation>
    </meta>
    <coverPage eId="coverPage_1">
      <p>
        <span refersTo="#publisher" class="upperLeft">
          <docAuthority refersTo="#publisher">Nations Unies</docAuthority>
        </span>
      </p>
      <p class="upperRight">
        <docNumber refersTo="#symbol">A/RES/74/206</docNumber>
      </p>
      <p class="upperLeft">
        <img src="logo-un.jpg"></img>
        <docAuthority refersTo="#issuingBody" class="rightBig">Assemblée générale</docAuthority>
      </p>
      <p>
        <docStatus refersTo="#generalDistribution" class="rightSmall">Distr. générale</docStatus>
      </p>
      <p>
        <docDate date="2020-01-29" class="rightSmall" refersTo="#dateOfIssuance">29 janvier 2020</docDate>
      </p>
      <p>
        <session refersTo="#generalAssembly" value="74" eId="coverPage_1__session_1">Soixante-quatorzième session</session>
      </p>
      <p>
        <inline name="agenda item">Point 17 f) de l’ordre du jour</inline>
      </p>
      <p>
        <inline name="agenda item name">Questions de politique macroéconomique : promotion de la coopération internationale dans les domaines de la lutte contre les flux financiers illicites et du renforcement des bonnes pratiques en matière de recouvrement des avoirs pour favoriser le développement durable</inline>
      </p>
      <p>
        <docTitle>Résolution adoptée par l’Assemblée générale le 19 décembre 2019</docTitle>
      </p>
      <p xml:space="preserve">
        <docProponent refersTo="#secondCommittee">[sur la base du rapport de la Deuxième Commission (<inline name="originating document">A/74/379/Add.6</inline>)]</docProponent>
      </p>
    </coverPage>
    <preface>
      <p>
        <docNumber>74/206.</docNumber>
        <docTitle refersTo="#resolutionTitle">Promotion de la coopération internationale dans les domaines de la lutte contre les flux financiers illicites et du renforcement des bonnes pratiques en matière de recouvrement des avoirs pour favoriser le développement durable</docTitle>
      </p>
    </preface>
    <preamble>
      <formula name="enactingFormula" eId="formula_1">
        <p xml:space="preserve">
          <span class="italic">L’Assemblée générale</span>,</p>
      </formula>
      <container name="Guidée" eId="container_2">
          <p xml:space="preserve">
            <span class="italic">Guidée </span>par les buts et les principes énoncés dans la Charte des Nations Unies,</p>
        </container>
      <container name="Réaffirmant" eId="container_3">
        <p xml:space="preserve">
          <span class="italic">Réaffirmant</span> les dispositions de sa résolution <a href="https://undocs.org/fr/A/RES/70/1">70/1</a> du 25 septembre 2015, intitulée «Transformer notre monde : le Programme de développement durable à l’horizon 2030 », dans laquelle a été adoptée une série complète d’objectifs et de cibles ambitieux, universels, axés sur l’être humain et porteurs de changement, et réaffirmant qu’elle s’engage à œuvrer sans relâche pour que le programme soit appliqué dans son intégralité d’ici à 2030, qu’elle considère que l’élimination de la pauvreté sous toutes ses formes et dans toutes ses dimensions, y compris l’extrême pauvreté, constitue le plus grand défi auquel l’humanité doit faire face et une condition indispensable au développement durable, et qu’elle est attachée à réaliser le développement durable dans ses trois dimensions – économique, sociale et environnementale – d’une manière équilibrée et intégrée en tirant parti de ce qui a été fait dans le cadre des objectifs du Millénaire pour le développement, dont elle s’efforcera d’achever la réalisation,</p>
      </container>
      <container name="Réaffirmant également" eId="container_4">
        <p xml:space="preserve">
          <span class="italic">Réaffirmant également</span> les dispositions de sa résolution <a href="https://undocs.org/fr/A/RES/69/313">69/313</a> du 27 juillet 2015 sur le Programme d’action d’Addis-Abeba issu de la troisième Conférence internationale sur le financement du développement, qui appuie et complète le Programme de développement durable à l’horizon 2030 dont il fait partie intégrante, qui contribue à replacer dans leur contexte les cibles concernant les moyens de mise en œuvre grâce à l’adoption de politiques et mesures concrètes, et qui réaffirme la volonté politique résolue de faire face aux problèmes de financement et de créer, à tous les niveaux, un environnement propice au développement durable, dans un esprit de partenariat et de solidarité planétaires,</p>
      </container>
      <container name="Réaffirmant en outre " eId="container_5">
        <p xml:space="preserve">
          <span class="italic">Réaffirmant en outre </span>la Convention des Nations Unies contre la corruption<authorialNote marker="1" placement="bottom" eId="authorialNote_1"><p xml:space="preserve">		Nations Unies, <span class="italic">Recueil des Traités</span>, vol. 2349, n<sup>o</sup> 42146.</p></authorialNote>, qui est l’instrument le plus complet et universel en matière de lutte contre la corruption, et considérant qu’il faut continuer à promouvoir sa ratification, l’adhésion à celle-ci et son application intégrale et effective, y compris en appuyant sans réserve le Mécanisme d’examen de son application,</p>
      </container>
      <container name="Réaffirmant " eId="container_6">
        <p xml:space="preserve">
          <span class="italic">Réaffirmant </span>la Convention des Nations Unies contre la criminalité transnationale organisée<authorialNote marker="2" placement="bottom" eId="authorialNote_2"><p xml:space="preserve">		Ibid., vol. 2225, n<sup>o</sup> 39574.</p></authorialNote>,</p>
      </container>
      <container name="Rappelant" eId="container_7">
        <p xml:space="preserve">
          <span class="italic">Rappelant</span> ses résolutions <a href="https://undocs.org/fr/A/RES/65/169">65/169</a> du 20 décembre 2010, <a href="https://undocs.org/fr/A/RES/71/213">71/213</a> du 21 décembre 2016, <a href="https://undocs.org/fr/A/RES/72/207">72/207</a> du 20 décembre 2017 et <a href="https://undocs.org/fr/A/RES/73/222">73/222</a> du 20 décembre 2018,</p>
      </container>
      <container name="Rappelant également " eId="container_8">
        <p xml:space="preserve">
          <span class="italic">Rappelant également </span>ses résolutions <a href="https://undocs.org/fr/A/RES/71/208">71/208</a> du 19 décembre 2016, <a href="https://undocs.org/fr/A/RES/72/196">72/196</a> du 19 décembre 2017 et <a href="https://undocs.org/fr/A/RES/73/186">73/186</a> du 17 décembre 2018,</p>
      </container>
      <container name="Prenant note " eId="container_9">
        <p xml:space="preserve">
          <span class="italic">	Prenant note </span>du rapport de 2019 du Groupe de réflexion interinstitutions sur le financement du développement<authorialNote marker="3" placement="bottom" eId="authorialNote_3"><p xml:space="preserve"><span class="italic">Financing for Sustainable Development Report 2019</span> (publication des Nations Unies, numéro de vente : E.19.I.7).</p></authorialNote>,</p>
      </container>
      <container name="Consciente " eId="container_10">
        <p xml:space="preserve">
          <span class="italic">	Consciente </span>que les progrès accomplis en matière de réduction des flux financiers illicites pourraient contribuer à atteindre de nombreux autres objectifs et cibles du Programme de développement durable à l’horizon 2030,</p>
      </container>
      <container name="Prenant note" eId="container_11">
        <p xml:space="preserve">
          <span class="italic">Prenant note</span> du rapport du Groupe de haut niveau sur les flux financiers illicites en provenance d’Afrique, qui contribue grandement à mieux faire connaître les flux financiers illicites, et invitant de nouveau les autres régions à se livrer à un exercice similaire,</p>
      </container>
      <container name="Prenant note également" eId="container_12">
        <p xml:space="preserve">
          <span class="italic">Prenant note également</span> des recommandations concertées formulées par le Groupe intergouvernemental d’experts du financement du développement de la CNUCED<authorialNote marker="4" placement="bottom" eId="authorialNote_4"><p xml:space="preserve">		Voir <a href="https://undocs.org/fr/TD/B/EFD/1/3">TD/B/EFD/1/3</a>.</p></authorialNote>,</p>
      </container>
      <container name="Se déclarant à nouveau profondément préoccupée" eId="container_13">
        <p xml:space="preserve">
          <span class="italic">Se déclarant à nouveau profondément préoccupée</span> par les effets des flux financiers illicites, notamment ceux issus de la fraude fiscale, de la corruption et de la criminalité transnationale organisée, sur la stabilité et le développement des sociétés dans les domaines politique, social et économique, et en particulier par leurs incidences sur les pays en développement et les progrès de ces derniers relatifs au financement du Programme de développement durable à l’horizon 2030, </p>
      </container>
      <container name="Gardant à l’esprit" eId="container_14">
        <p xml:space="preserve">
          <span class="italic">	Gardant à l’esprit</span>, à cet égard, que les sources des flux financiers illicites sont diverses et qu’il est plus judicieux d’analyser séparément chacune d’elles afin d’élaborer des politiques de prévention de ces flux,</p>
      </container>
      <container name="Notant avec intérêt" eId="container_15">
        <p xml:space="preserve">
          <span class="italic">	Notant avec intérêt</span> l’action que mènent les organisations régionales et d’autres instances internationales compétentes en vue de renforcer la coopération visant à prévenir et à combattre les flux financiers illicites, ainsi que les nouvelles initiatives prises par des gouvernements et le secteur privé pour que le secteur financier participe à la lutte collective contre les flux financiers illicites,</p>
      </container>
      <container name="Consciente " eId="container_16">
        <p xml:space="preserve">
          <span class="italic">Consciente </span>que la lutte contre les flux financiers illicites constitue un enjeu essentiel en matière de développement, notant que les pays en développement sont particulièrement exposés aux effets négatifs de ces flux et soulignant qu’ils viennent réduire les ressources précieuses disponibles pour le financement du développement,</p>
      </container>
      <container name="Consciente également" eId="container_17">
        <p xml:space="preserve">
          <span class="italic">Consciente également</span> qu’il importe de se pencher sur les liens qui pourraient exister entre la lutte contre les flux financiers illicites et les efforts visant à assurer la viabilité de la dette, </p>
      </container>
      <container name="Consciente " eId="container_18">
        <p xml:space="preserve">
          <span class="italic">Consciente </span>du problème que posent l’ampleur et la complexité croissantes des flux financiers illicites et la nécessité de recouvrer et de restituer les avoirs volés, qui appelle une coopération internationale renforcée,</p>
      </container>
      <container name="Consciente également " eId="container_19">
        <p xml:space="preserve">
          <span class="italic">Consciente également </span>des nombreux problèmes techniques, juridiques et pratiques qui doivent être réglés afin de faciliter le rapatriement du produit des infractions vers les pays d’où ils ont été volés,</p>
      </container>
      <container name="Notant " eId="container_20">
        <p xml:space="preserve">
          <span class="italic">Notant </span>l’enrichissement rapide des connaissances mondiales sur l’importance de la lutte contre les flux financiers illicites et de l’amélioration du recouvrement des avoirs, ainsi que la volonté politique grandissante des gouvernements des États requis comme des États requérants de recouvrer les avoirs acquis de façon illicite, et constatant que de nombreux problèmes restent à régler et que, pour ce faire, il conviendra de suivre une démarche holistique qui tienne compte des différents types de flux financiers illicites et de leur incidence sur le développement durable,</p>
      </container>
      <container name="Réaffirmant" eId="container_21">
        <p xml:space="preserve">
          <span class="italic">	Réaffirmant</span> l’importance du chapitre V de la Convention des Nations Unies contre la corruption, et soulignant que le recouvrement et la restitution d’avoirs volés, en application de ce chapitre, sont un principe fondamental de la Convention,</p>
      </container>
      <container name="Saluant " eId="container_22">
        <p xml:space="preserve">
          <span class="italic">Saluant </span>le travail accompli par la Conférence des États parties à la Convention des Nations Unies contre la corruption, notamment par son Groupe de travail intergouvernemental à composition non limitée sur le recouvrement d’avoirs, en faveur de l’application intégrale du chapitre V de la Convention,</p>
      </container>
      <container name="Notant " eId="container_23">
        <p xml:space="preserve">
          <span class="italic">Notant </span>l’action menée pour favoriser l’échange d’informations et les effets de synergie entre les réunions intergouvernementales d’experts à composition non limitée pour le renforcement de la coopération internationale au titre de la Convention des Nations Unies contre la corruption et le Groupe de travail sur la coopération internationale créé par la Conférence des Parties à la Convention des Nations Unies contre la criminalité transnationale organisée,</p>
      </container>
      <container name="Rappelant" eId="container_24">
        <p xml:space="preserve">
          <span class="italic">Rappelant</span> les activités de la Plateforme de collaboration sur les questions fiscales, qui visent à renforcer la collaboration et la coordination en matière fiscale entre l’Organisation des Nations Unies, le Fonds monétaire international, le Groupe de la Banque mondiale et l’Organisation de coopération et de développement économiques, notamment grâce à l’officialisation des échanges réguliers entre ces quatre organisations internationales sur l’élaboration et la mise en œuvre de normes internationales en matière fiscale et sur l’accroissement des moyens dont elles disposent pour aider les pays en développement à renforcer leurs capacités, </p>
      </container>
      <container name="Saluant " eId="container_25">
        <p xml:space="preserve">
          <span class="italic">	Saluant </span>l’important travail entrepris par les milieux universitaires et la société civile, notamment l’International Centre for Asset Recovery et le U4 Anti-Corruption Resource Centre, en vue d’aider les États Membres à comprendre les problèmes que soulève le recouvrement d’avoirs volés au titre du chapitre V de la Convention des Nations Unies contre la corruption,</p>
      </container>
      <container name="Prenant note " eId="container_26">
        <p xml:space="preserve">
          <span class="italic">	Prenant note </span>de l’action menée au titre du Cadre inclusif sur l’érosion de la base d’imposition et le transfert de bénéfices, qui permet aux 135 membres de collaborer pour lutter contre l’évasion fiscale, renforcer la cohérence des règles fiscales internationales et garantir un environnement fiscal plus transparent et juste,</p>
      </container>
      <container name="Prenant note également" eId="container_27">
        <p xml:space="preserve">
          <span class="italic">Prenant note également</span> des progrès accomplis sur le plan international dans l’application de la Norme d’échange automatique de renseignements relatifs aux comptes financiers en matière fiscale, qui est conforme à une norme commune de déclaration élaborée par l’Organisation de coopération et de développement économiques et appliquée actuellement par 102 pays, ainsi que du rôle que jouent les 158 membres du Forum mondial sur la transparence et l’échange de renseignements à des fins fiscales en coopérant sur un pied d’égalité,</p>
      </container>
      <container name="Réitérant" eId="container_28">
          <p xml:space="preserve">
            <span class="italic">	Réitérant </span>l’engagement de ne laisser personne de côté, réaffirmant qu’elle considère que la dignité de la personne humaine est fondamentale et souhaite que les objectifs et cibles se concrétisent au profit de toutes les nations, tous les peuples et toutes les composantes de la société, et s’engageant de nouveau à s’efforcer d’aider les plus défavorisés en premier,</p>
      </container>
    </preamble>
    <mainBody>
      <paragraph eId="para_29" class="MercuryDocument">
        <num>	1.</num>
        <content eId="para_29__content">
          <p xml:space="preserve">
            <span class="italic">Se félicite</span> que l’accent ait notamment été mis sur la lutte contre les flux financiers illicites lors du Dialogue de haut niveau sur le financement du développement, qui s’est tenu le 26 septembre 2019, reconnaît que la lutte contre les flux financiers illicites contribue à la mobilisation de ressources nationales et demande aux organismes compétents des Nations Unies, agissant dans les limites de leur mandat et de leurs moyens respectifs, de continuer à examiner les effets négatifs des flux financiers illicites sur le financement du Programme de développement durable à l’horizon 2030<authorialNote marker="5" placement="bottom" eId="authorialNote_5"><p xml:space="preserve">		Résolution <a href="https://undocs.org/fr/A/RES/70/1">70/1</a></p></authorialNote> et d’étudier plus avant les politiques qui pourraient permettre de répondre à ce phénomène et de coordonner leur action à cet égard ;</p>
        </content>
      </paragraph>
      <paragraph eId="para_30" class="MercuryDocument">
        <num>	2.</num>
        <content eId="para_30__content">
          <p xml:space="preserve">
            <span class="italic">Prend note avec satisfaction</span> de la réunion de haut niveau sur la coopération internationale dans les domaines de la lutte contre les flux financiers illicites et du renforcement des bonnes pratiques en matière de recouvrement des avoirs que sa présidente a convoquée au Siège le 16 mai 2019, et attend avec intérêt la poursuite des débats sur la question en s’appuyant sur l’élan donné par cette réunion ;</p>
        </content>
      </paragraph>
      <paragraph eId="para_31" class="MercuryDocument">
        <num>	3.</num>
        <content eId="para_31__content">
          <p xml:space="preserve">
            <span class="italic">Réaffirme sa volonté</span> de s’attacher à éliminer les paradis fiscaux qui incitent à transférer à l’étranger les avoirs volés et favorisent les flux financiers illicites ; </p>
        </content>
      </paragraph>
      <paragraph eId="para_32" class="MercuryDocument">
        <num>	4.</num>
        <content eId="para_32__content">
          <p xml:space="preserve">
            <span class="italic">Réaffirme également sa volonté</span> de s’attacher à renforcer la réglementation à tous les niveaux, conformément aux normes internationales et à améliorer encore la transparence des institutions financières et du secteur des entreprises ainsi que des administrations publiques et leur application du principe de responsabilité ;</p>
        </content>
      </paragraph>
      <paragraph eId="para_33" class="MercuryDocument">
        <num>	5.</num>
        <content eId="para_33__content">
          <p xml:space="preserve">
            <span class="italic">Constate avec préoccupation</span> que les produits des infractions visées dans la Convention des Nations Unies contre la corruption<sup>1</sup> n’ont toujours pas été restitués aux États parties requérants, à leurs propriétaires légitimes antérieurs et aux victimes des infractions, et décide de décourager, détecter, prévenir et combattre la corruption, d’accroître la transparence et de promouvoir la bonne gouvernance ;</p>
        </content>
      </paragraph>
      <paragraph eId="para_34" class="MercuryDocument">
        <num>	6.</num>
        <content eId="para_34__content">
          <p xml:space="preserve">
            <span class="italic">Réaffirme </span>que les États Membres doivent dûment s’acquitter des obligations mises à leur charge par la Convention des Nations Unies contre la corruption et les faire respecter, ce qui contribuerait grandement à lutter contre les flux financiers illicites ;</p>
        </content>
      </paragraph>
      <paragraph eId="para_35" class="MercuryDocument">
        <num>	7.</num>
        <content eId="para_35__content">
          <p xml:space="preserve">
            <span class="italic">Se félicite</span> que les États Membres poursuivent leurs efforts pour mieux faire connaître et comprendre les défis et les occasions présentés par la coopération internationale dans les domaines de la lutte contre les flux financiers illicites et du renforcement des bonnes pratiques en matière de recouvrement des avoirs, conformément à la Convention des Nations Unies contre la corruption, en vue de favoriser le développement durable ;</p>
        </content>
      </paragraph>
      <paragraph eId="para_36" class="MercuryDocument">
        <num>	8.</num>
        <content eId="para_36__content">
          <p xml:space="preserve">
            <span class="italic">Sait </span>que, pour combattre les flux financiers illicites, toute une série de mesures sont nécessaires, notamment des mesures de dissuasion, de détection, de prévention et de lutte dans les pays d’origine, de transit et de destination ;</p>
        </content>
      </paragraph>
      <paragraph eId="para_37" class="MercuryDocument">
        <num>	9.</num>
        <content eId="para_37__content">
          <p xml:space="preserve">
            <span class="italic">Rappelle </span>que les nouvelles technologies peuvent améliorer l’efficacité du recouvrement des recettes fiscales et renforcer les activités de lutte contre les flux financiers illicites, se déclare préoccupée par le fait que les avoirs virtuels sont utilisés à des fins illicites et, à cet égard, engage les États Membres et les organisations compétentes à prendre des mesures conformes aux normes internationales, selon qu’il convient, pour prévenir et combattre leur utilisation illicite ;</p>
        </content>
      </paragraph>
      <paragraph eId="para_38" class="MercuryDocument">
        <num>	10.</num>
        <content eId="para_38__content">
          <p xml:space="preserve">
            <span class="italic">Note </span>que la coopération internationale visant à combattre les flux financiers illicites est une œuvre inachevée qui doit se poursuivre, et engage tous les pays à élaborer des instruments et des politiques propices à la lutte contre les flux financiers illicites conformément aux cadres internationaux applicables, notamment la Convention des Nations Unies contre la corruption ;</p>
        </content>
      </paragraph>
      <paragraph eId="para_39" class="MercuryDocument">
        <num>	11.</num>
        <content eId="para_39__content">
          <p xml:space="preserve">
            <span class="italic">Prie instamment</span> les États Membres qui ne l’ont pas encore fait d’envisager de ratifier la Convention des Nations Unies contre la corruption et la Convention des Nations Unies contre la criminalité transnationale organisée et les Protocoles y relatifs<authorialNote marker="6" placement="bottom" eId="authorialNote_6"><p xml:space="preserve">		Nations Unies, <span class="italic">Recueil des Traités</span>, vol. 2225, 2237, 2241 et 2326, n<sup>o</sup> 39574.</p></authorialNote>, ou d’y adhérer, et engage les États parties à ces conventions et protocoles à s’efforcer d’en assurer l’application effective ;</p>
        </content>
      </paragraph>
      <paragraph eId="para_40" class="MercuryDocument">
        <num>	12.</num>
        <content eId="para_40__content">
          <p xml:space="preserve">
            <span class="italic">Engage </span>les pays et les organisations multilatérales et internationales compétentes à continuer de fournir une assistance technique et au renforcement des capacités aux pays en développement qui en font la demande et à appuyer les initiatives des pays d’Afrique et d’autres régions, afin d’améliorer les moyens dont ceux-ci disposent pour prévenir, détecter et combattre les flux financiers illicites et renforcer les bonnes pratiques en matière de recouvrement des avoirs et de favoriser ainsi le développement durable ;</p>
        </content>
      </paragraph>
      <paragraph eId="para_41" class="MercuryDocument">
        <num>	13.</num>
        <content eId="para_41__content">
          <p xml:space="preserve">
            <span class="italic">Prend note avec intérêt</span> de la première réunion du Forum mondial sur le recouvrement d’avoirs, tenue en décembre 2017, avec l’appui de l’Initiative pour le recouvrement des avoirs volés, lancée conjointement par la Banque mondiale et l’Office des Nations Unies contre la drogue et le crime, et se félicite de l’adoption du communiqué du Forum ;</p>
        </content>
      </paragraph>
      <paragraph eId="para_42" class="MercuryDocument">
        <num>	14.</num>
        <content eId="para_42__content">
          <p xml:space="preserve">
            <span class="italic">Prend note </span>de la deuxième Réunion internationale d’experts sur la restitution des avoirs volés, tenue à Addis-Abeba du 7 au 9 mai 2019, et recommande la poursuite de l’action menée pour renforcer les activités de récupération et de restitution des biens volés à l’appui du développement durable ;</p>
        </content>
      </paragraph>
      <paragraph eId="para_43" class="MercuryDocument">
        <num>	15.</num>
        <content eId="para_43__content">
          <p xml:space="preserve">
            <span class="italic">Encourage </span>les acteurs nationaux et internationaux à poursuivre leurs efforts visant à lutter contre les problèmes que sont la fixation de prix de transfert non conformes au principe de l’indépendance mutuelle des parties et l’établissement de fausses factures commerciales ;</p>
        </content>
      </paragraph>
      <paragraph eId="para_44" class="MercuryDocument">
        <num>	16.</num>
        <content eId="para_44__content">
          <p xml:space="preserve">
            <span class="italic">Demande</span> à tous les pays d’œuvrer de concert en vue d’éliminer l’érosion de la base d’imposition et le transfert de bénéfices et de s’assurer que toutes les entreprises, y compris les entreprises multinationales paient des impôts dans les pays où elles mènent leur activité économique et créent de la valeur, conformément à la législation et aux politiques nationales et internationales ;</p>
        </content>
      </paragraph>
      <paragraph eId="para_45" class="MercuryDocument">
        <num>	17.</num>
        <content eId="para_45__content">
          <p xml:space="preserve">
            <span class="italic">Demande également</span> à tous les pays de coopérer, conformément aux accords bilatéraux et multilatéraux applicables, dans les domaines de l’entraide judiciaire, de l’assistance administrative en matière fiscale et de l’échange automatique de renseignements relatifs aux comptes financiers ;</p>
        </content>
      </paragraph>
      <paragraph eId="para_46" class="MercuryDocument">
        <num>	18.</num>
        <content eId="para_46__content">
          <p xml:space="preserve">
            <span class="italic">Considère</span> que les mesures visant à lutter contre les flux financiers illicites requièrent souvent que les autorités de police travaillent en coopération, et encourage les États Membres à renforcer leur coopération à cet égard, selon qu’il convient et sous réserve de leur droit interne, dans le respect de leurs obligations conventionnelles ;</p>
        </content>
      </paragraph>
      <paragraph eId="para_47" class="MercuryDocument">
        <num>	19.</num>
        <content eId="para_47__content">
          <p xml:space="preserve">
            <span class="italic">Insiste </span>sur le fait que les mesures de lutte contre la corruption devraient faire partie intégrante des politiques et stratégies nationales de développement, et que toutes les juridictions devraient envisager d’approfondir la recherche, l’élaboration de politiques et la conception de programmes, selon qu’il convient, pour lutter contre la corruption ;</p>
        </content>
      </paragraph>
      <paragraph eId="para_48" class="MercuryDocument">
        <num>	20.</num>
        <content eId="para_48__content">
          <p xml:space="preserve">
            <span class="italic">Encourage </span>une collaboration plus étroite entre les secteurs public et privé en vue de mieux combattre la corruption, et souligne la nécessité d’approfondir la recherche, l’élaboration de politiques et la conception de programmes ce qui devrait faciliter la réalisation de cet objectif ;</p>
        </content>
      </paragraph>
      <paragraph eId="para_49" class="MercuryDocument">
        <num>	21.</num>
        <content eId="para_49__content">
          <p xml:space="preserve">
            <span class="italic">Note </span>que plusieurs juridictions ont mis en place des mécanismes visant à améliorer la transparence de la propriété effective, notamment des registres des bénéficiaires des personnes morales et constructions juridiques telles que sociétés, trusts et sociétés à responsabilité limitée, et invite toutes les juridictions à envisager de créer des mécanismes adaptés, conformément aux normes internationales, selon qu’il convient ;</p>
        </content>
      </paragraph>
      <paragraph eId="para_50" class="MercuryDocument">
        <num>	22.</num>
        <content eId="para_50__content">
          <p xml:space="preserve">
            <span class="italic">Engage </span>les États parties à la Convention des Nations Unies contre la corruption à tirer pleinement parti des outils de recouvrement d’avoirs visés au chapitre V de la Convention, notamment les mécanismes chargés de donner suite aux décisions de saisie ou de confiscation prises par des juridictions étrangères, qui permettent de réduire considérablement les dépenses qu’un État partie devrait normalement engager pour recouvrer des avoirs ;</p>
        </content>
      </paragraph>
      <paragraph eId="para_51" class="MercuryDocument">
        <num>	23.</num>
        <content eId="para_51__content">
          <p xml:space="preserve">
            <span class="italic">Invite </span>tous les États parties à la Convention des Nations Unies contre la corruption, en particulier les États parties requis et les États parties requérants, à coopérer au recouvrement du produit des infractions et à s’acquitter de leur obligation de faire en sorte que ce produit soit restitué ou qu’il en soit disposé conformément à l’article 57 de la Convention ;</p>
        </content>
      </paragraph>
      <paragraph eId="para_52" class="MercuryDocument">
        <num>	24.</num>
        <content eId="para_52__content">
          <p xml:space="preserve">
            <span class="italic">Sait </span>qu’il importe de renforcer les capacités de collecte et d’analyse des données pour combattre les flux financiers illicites, et souligne qu’il convient d’accroître l’échange de données entre institutions publiques nationales, ainsi qu’avec les institutions internationales ;</p>
        </content>
      </paragraph>
      <paragraph eId="para_53" class="MercuryDocument">
        <num>	25.</num>
        <content eId="para_53__content">
          <p xml:space="preserve">
            <span class="italic">Souligne </span>l’importance des efforts que continue de déployer l’Office des Nations Unies contre la drogue et le crime, en collaboration avec la CNUCED et d’autres institutions, en vue d’élaborer une méthode d’estimation de la valeur totale des entrées et sorties illicites de capitaux ;</p>
        </content>
      </paragraph>
      <paragraph eId="para_54" class="MercuryDocument">
        <num>	26.</num>
        <content eId="para_54__content">
          <p xml:space="preserve">
            <span class="italic">Invite</span> sa présidence, la présidence du Conseil économique et social et le Secrétaire général à accorder l’attention nécessaire à l’importance de lutter contre les flux financiers illicites et de renforcer les bonnes pratiques en matière de recouvrement des avoirs pour favoriser le développement durable et, à cet égard, invite toutes les institutions internationales concernées à appuyer ces efforts dans les limites de leurs mandats respectifs ;</p>
        </content>
      </paragraph>
      <paragraph eId="para_55" class="MercuryDocument">
        <num>	27.</num>
        <content eId="para_55__content">
          <p xml:space="preserve">
            <span class="italic">Réaffirme</span> l’engagement, qui est au cœur même du Programme 2030, de ne laisser personne de côté et de s’attacher à prendre des mesures plus concrètes pour aider les personnes en situation de vulnérabilité et les pays les plus vulnérables, et en premier lieu les plus défavorisés ;</p>
        </content>
      </paragraph>
      <paragraph eId="para_56" class="MercuryDocument">
        <num>	28.</num>
        <content eId="para_56__content">
          <p xml:space="preserve">
            <span class="italic">Attend avec intérêt </span>que le Groupe de réflexion interinstitutions sur le financement du développement inclue dans son rapport de 2020, conformément à son mandat, une analyse de la coopération internationale dans les domaines de la lutte contre les flux financiers illicites et du renforcement des bonnes pratiques en matière de recouvrement des avoirs pour favoriser le développement durable, et attend également avec intérêt les délibérations du forum du Conseil économique et social sur le suivi du financement du développement, consacrées à la lutte contre les flux financiers illicites ;</p>
        </content>
      </paragraph>
      <paragraph eId="para_57" class="MercuryDocument">
        <num>	29.</num>
        <content eId="para_57__content">
          <p xml:space="preserve">
            <span class="italic">Prie </span>le secrétariat de la CNUCED, en consultation avec les organismes concernés des Nations Unies, dont l’Office des Nations Unies contre la drogue et le crime, de lui rendre compte, à sa soixante-quinzième session, de l’application de la présente résolution dans une section du rapport intitulé « SDG Pulse » et une section du Rapport sur le commerce et le développement qui seront consacrées à la question et dans lesquelles des précisions seront données sur les difficultés que rencontrent les États Membres dans la lutte contre les flux financiers illicites et le recouvrement et la restitution des avoirs volés, et sur les moyens pouvant permettre d’accélérer l’élimination des flux financiers illicites et la restitution des avoirs volés, conformément aux engagements pris dans le Programme d’action d’Addis-Abeba issu de la troisième Conférence internationale sur le financement du développement<authorialNote marker="7" placement="bottom" eId="authorialNote_7"><p xml:space="preserve">		Résolution <a href="https://undocs.org/fr/A/RES/69/313">69/313</a>, annexe.</p></authorialNote> et dans le Programme de développement durable à l’horizon 2030 ;</p>
        </content>
      </paragraph>
      <paragraph eId="para_58" class="MercuryDocument">
        <num>	30.</num>
        <content eId="para_58__content">
          <p xml:space="preserve">
            <span class="italic">Décide </span>d’inscrire à l’ordre du jour provisoire de sa soixante-quinzième session, au titre de la question intitulée « Questions de politique macroéconomique », la question subsidiaire intitulée « Promotion de la coopération internationale dans les domaines de la lutte contre les flux financiers illicites et du renforcement des bonnes pratiques en matière de recouvrement des avoirs pour favoriser le développement durable ».</p>
        </content>
      </paragraph>
    </mainBody>
    <conclusions eId="conclusions">
      <p>
        <inline name="adoptionMeeting" title="52e">52e séance plénière</inline>
        <eol />
        <docDate date="2019-12-19" refersTo="#adoptionDate">19 décembre 2019</docDate>
      </p>
    </conclusions>
  </statement>
</akomaNtoso>