<akomaNtoso xmlns:xsi="http://www.w3.org/2001/XMLSchema-instance" xsi:schemaLocation="http://docs.oasis-open.org/legaldocml/ns/akn/3.0 http://docs.oasis-open.org/legaldocml/akn-core/v1.0/os/part2-specs/schemas/akomantoso30.xsd" xmlns="http://docs.oasis-open.org/legaldocml/ns/akn/3.0" xmlns:html="http://www.w3.org/1999/xhtml" xmlns:akn4un="http://un.org/akn4un">
  <statement name="resolution">
    <meta>
      <identification source="#DGACM">
        <FRBRWork>
          <FRBRthis value="/akn/un/statement/deliberation/unga/2019-12-19/74-230/!main/"></FRBRthis>
          <FRBRuri value="/akn/un/statement/deliberation/unga/2019-12-19/74-230/"></FRBRuri>
          <FRBRdate date="2019-12-19" name="adoption"></FRBRdate>
          <FRBRauthor href="ga" as="author"></FRBRauthor>
          <FRBRcountry value="un"></FRBRcountry>
        </FRBRWork>
        <FRBRExpression>
          <FRBRthis value="/akn/un/statement/deliberation/unga/2019-12-19/74-230/fra@!main/"></FRBRthis>
          <FRBRuri value="/akn/un/statement/deliberation/unga/2019-12-19/74-230/fra@/"></FRBRuri>
          <FRBRdate date="2020-01-16" name="publication"></FRBRdate>
          <FRBRauthor href="ga" as="issuer"></FRBRauthor>
          <FRBRlanguage language="fra"></FRBRlanguage>
        </FRBRExpression>
        <FRBRManifestation>
          <FRBRthis value="/akn/un/statement/deliberation/unga/2019-12-19/74-230/fra@/!main.xml"></FRBRthis>
          <FRBRuri value="/akn/un/statement/deliberation/unga/2019-12-19/74-230/fra@.xml"></FRBRuri>
          <FRBRdate date="2020-08-21" name="markup"></FRBRdate>
          <FRBRauthor href="DGACM" as="editor"></FRBRauthor>
        </FRBRManifestation>
      </identification>
      <classification source="http://metadata.un.org/sdg">
        <keyword value="2" href="http://metadata.un.org/sdg/2" showAs="sdg_2" dictionary="SDGO"></keyword>
        <keyword value="food_shortage" href="http://eurovoc.europa.eu/2318" showAs="food_shortage" dictionary="EuroVoc"></keyword>
        <keyword value="sustainable_agriculture" href="http://eurovoc.europa.eu/6308" showAs="sustainable_agriculture" dictionary="EuroVoc"></keyword>
        <keyword value="food_security" href="http://eurovoc.europa.eu/c_4523e1dd" showAs="food_security" dictionary="EuroVoc"></keyword>
        <keyword value="food_security" href="http://metadata.un.org/thesaurus/1002439" showAs="food_security" dictionary="UNBIS Thesaurus"></keyword>
        <keyword value="food_shortage" href="http://metadata.un.org/thesaurus/1002440" showAs="food_shortage" dictionary="UNBIS Thesaurus"></keyword>
        <keyword value="hunger" href="http://metadata.un.org/thesaurus/1003004" showAs="hunger" dictionary="UNBIS Thesaurus"></keyword>
        <keyword value="sustainable_agriculture" href="http://metadata.un.org/thesaurus/1006317" showAs="sustainable_agriculture" dictionary="UNBIS Thesaurus"></keyword>
      </classification>
      <classification source="http://metadata.un.org/sdg">
        <keyword value="10" href="http://metadata.un.org/sdg/10" showAs="sdg_10" dictionary="SDGO"></keyword>
        <keyword value="social_inequality" href="http://eurovoc.europa.eu/1420" showAs="social_inequality" dictionary="EuroVoc"></keyword>
        <keyword value="equality" href="http://metadata.un.org/thesaurus/1002102" showAs="equality" dictionary="UNBIS Thesaurus"></keyword>
      </classification>
      <classification source="http://metadata.un.org/sdg">
        <keyword value="11" href="http://metadata.un.org/sdg/11" showAs="sdg_11" dictionary="SDGO"></keyword>
        <keyword value="urban_area" href="http://eurovoc.europa.eu/4809" showAs="urban_area" dictionary="EuroVoc"></keyword>
        <keyword value="cities" href="http://metadata.un.org/thesaurus/1000995" showAs="cities" dictionary="UNBIS Thesaurus"></keyword>
        <keyword value="human_settlements" href="http://metadata.un.org/thesaurus/1002986" showAs="human_settlements" dictionary="UNBIS Thesaurus"></keyword>
      </classification>
      <classification source="http://metadata.un.org/sdg">
        <keyword value="16" href="http://metadata.un.org/sdg/16" showAs="sdg_16" dictionary="SDGO"></keyword>
        <keyword value="right_to_justice" href="http://eurovoc.europa.eu/516" showAs="right_to_justice" dictionary="EuroVoc"></keyword>
        <keyword value="sustainable_development" href="http://eurovoc.europa.eu/5585" showAs="sustainable_development" dictionary="EuroVoc"></keyword>
        <keyword value="civil_society" href="http://metadata.un.org/thesaurus/1001012" showAs="civil_society" dictionary="UNBIS Thesaurus"></keyword>
        <keyword value="justice" href="http://metadata.un.org/thesaurus/1003500" showAs="justice" dictionary="UNBIS Thesaurus"></keyword>
        <keyword value="peaceful_coexistence" href="http://metadata.un.org/thesaurus/1004777" showAs="peaceful_coexistence" dictionary="UNBIS Thesaurus"></keyword>
        <keyword value="public_institutions" href="http://metadata.un.org/thesaurus/1005254" showAs="public_institutions" dictionary="UNBIS Thesaurus"></keyword>
        <keyword value="social_justice" href="http://metadata.un.org/thesaurus/1005970" showAs="social_justice" dictionary="UNBIS Thesaurus"></keyword>
        <keyword value="sustainable_development" href="http://metadata.un.org/thesaurus/1006319" showAs="sustainable_development" dictionary="UNBIS Thesaurus"></keyword>
      </classification>
      <classification source="http://metadata.un.org/sdg">
        <keyword value="17" href="http://metadata.un.org/sdg/17" showAs="sdg_17" dictionary="SDGO"></keyword>
        <keyword value="sustainable_development" href="http://eurovoc.europa.eu/5585" showAs="sustainable_development" dictionary="EuroVoc"></keyword>
        <keyword value="partnership" href="http://eurovoc.europa.eu/4199" showAs="partnership" dictionary="EuroVoc"></keyword>
        <keyword value="sustainable_development" href="http://metadata.un.org/thesaurus/1006319" showAs="sustainable_development" dictionary="UNBIS Thesaurus"></keyword>
        <keyword value="partnership" href="http://metadata.un.org/thesaurus/1004748" showAs="partnership" dictionary="UNBIS Thesaurus"></keyword>
      </classification>
      <workflow source="#un">
        <step date="2019-11-19" outcome="draftResolution" as="A/C.2/74/L.51" by="submitted by the Vice-Chair of the Committee" />
        <step date="0001-01-01" outcome="draftResolutionAdditionalSponsors" by="" />
        <step date="0001-01-01" outcome="recommendedForAdoption" as="A/74/382/Add.3" by="" refersTo="8" />
        <step date="2019-12-19" outcome="adopted" as="A/74/PV.52" by="" />
      </workflow>
      <analysis source="#un">
        <parliamentary>
          <voting outcome="adoptedWithoutVote">
            <quorum value=""></quorum>
          </voting>
        </parliamentary>
      </analysis>
      <references source="#DGACM">
        <TLCOrganization eId="source" href="/akn/ontology/organization/un/DGACM" showAs="DGACM"></TLCOrganization>
        <TLCConcept eId="dateOfIssuance" href="/akn/ontology/concept/un/dateOfIssuance" showAs="Date of issuance"></TLCConcept>
        <TLCConcept eId="dateOfAdoption" href="/akn/ontology/concept/un/dateOfAdoption" showAs="Date of adoption"></TLCConcept>
        <TLCConcept eId="symbol" href="/akn/ontology/reference/un/symbol" showAs="Symbol"></TLCConcept>
        <TLCRole eId="publisher" href="/akn/ontology/role/un/publisher" showAs="Publisher"></TLCRole>
        <TLCRole eId="issuingBody" href="/akn/role/concept/un/issuingBody" showAs="Issuing body"></TLCRole>
        <TLCRole eId="author" href="/akn/ontology/role/un/author" showAs="Author"></TLCRole>
        <TLCRole eId="editor" href="/akn/ontology/role/un/editor" showAs="Editor"></TLCRole>
        <TLCRole eId="distribution" href="/akn/ontology/concept/un/generalDistribution" showAs="General distribution"></TLCRole>
        <TLCOrganization eId="ga" href="/akn/ontology/organization/un/generalAssembly" showAs="General Assembly"></TLCOrganization>
        <TLCTerm eId="resolutionTitle" href="/akn/ontology/reference/un/resolutionTitle" showAs="Resolution title"></TLCTerm>
        <TLCTerm eId="secondCommittee" href="#secondCommittee" showAs="Deuxième Commission"></TLCTerm>
        <TLCTerm eId="memberState" href="/akn/ontology/organization/un/memberState" showAs="Member State"></TLCTerm>
        <TLCTerm eId="inFavour" href="/akn/ontology/concept/un/voting/inFavour" showAs="In favour"></TLCTerm>
        <TLCTerm eId="against" href="/akn/ontology/concept/un/voting/against" showAs="Against"></TLCTerm>
        <TLCTerm eId="abstaining" href="/akn/ontology/concept/un/voting/abstaining" showAs="Abstaining"></TLCTerm>
      </references>
      <presentation source="#un">
        <akn4un:footerFirstPage>
          <akn4un:footerFirstPageLeft>
            <akn4un:internalCode>
              <docketNumber refersTo="#publicationJobNumber">19-22502 (F)</docketNumber>
              <img alt="bar code" class="barCode" src=""></img>
            </akn4un:internalCode>
          </akn4un:footerFirstPageLeft>
          <akn4un:footerFirstPageRight>
            <img alt="Please recycle" class="image" src="./recylcleLogo.jpg"></img>
            <img alt="embedded QR code" class="qrCode" src=""></img>
          </akn4un:footerFirstPageRight>
        </akn4un:footerFirstPage>
      </presentation>
    </meta>
    <coverPage eId="coverPage_1">
      <p>
        <span refersTo="#publisher" class="upperLeft">
          <docAuthority refersTo="#publisher">Nations Unies</docAuthority>
        </span>
      </p>
      <p class="upperRight">
        <docNumber refersTo="#symbol">A/RES/74/230</docNumber>
      </p>
      <p class="upperLeft">
        <img src="logo-un.jpg"></img>
        <docAuthority refersTo="#issuingBody" class="rightBig">Assemblée générale</docAuthority>
      </p>
      <p>
        <docStatus refersTo="#generalDistribution" class="rightSmall">Distr. générale</docStatus>
      </p>
      <p>
        <docDate date="2020-01-16" class="rightSmall" refersTo="#dateOfIssuance">16 janvier 2020</docDate>
      </p>
      <p>
        <session refersTo="#generalAssembly" value="74" eId="coverPage_1__session_1">Soixante-quatorzième session</session>
      </p>
      <p>
        <inline name="agenda item">Point 20 c) de l’ordre du jour</inline>
      </p>
      <p>
        <inline name="agenda item name">Mondialisation et interdépendance : culture et développement durable</inline>
      </p>
      <p>
        <docTitle>Résolution adoptée par l’Assemblée générale le 19 décembre 2019</docTitle>
      </p>
      <p xml:space="preserve">
        <docProponent refersTo="#secondCommittee">[sur la base du rapport de la Deuxième Commission (<inline name="originating document">A/74/382/Add.3</inline>)]</docProponent>
      </p>
    </coverPage>
    <preface>
      <p>
        <docNumber>74/230.</docNumber>
        <docTitle refersTo="#resolutionTitle">Culture et développement durable</docTitle>
      </p>
    </preface>
    <preamble>
      <formula name="enactingFormula" eId="formula_1">
        <p xml:space="preserve">
          <span class="italic">L’Assemblée générale</span>,</p>
      </formula>
      <container name="Guidée" eId="container_2">
          <p xml:space="preserve">
            <span class="italic">Guidée </span>par les buts et principes énoncés dans la Charte des Nations Unies, </p>
        </container>
      <container name="Rappelant" eId="container_3">
        <p xml:space="preserve">
          <span class="italic">Rappelant</span> ses résolutions <a href="https://undocs.org/fr/A/RES/41/187">41/187</a> du 8 décembre 1986, <a href="https://undocs.org/fr/A/RES/46/158">46/158</a> du 19 décembre 1991, <a href="https://undocs.org/fr/A/RES/51/179">51/179</a> du 16 décembre 1996, <a href="https://undocs.org/fr/A/RES/52/197">52/197</a> du 18 décembre 1997, <a href="https://undocs.org/fr/A/RES/53/184">53/184</a> du 15 décembre 1998, <a href="https://undocs.org/fr/A/RES/55/192">55/192</a> du 20 décembre 2000, <a href="https://undocs.org/fr/A/RES/57/249">57/249</a> du 20 décembre 2002, <a href="https://undocs.org/fr/A/RES/65/166">65/166</a> du 20 décembre 2010 et <a href="https://undocs.org/fr/A/RES/66/208">66/208</a> du 22 décembre 2011 concernant la culture et le développement, sa résolution <a href="https://undocs.org/fr/A/RES/66/288">66/288</a> du 27 juillet 2012, intitulée « L’avenir que nous voulons », et ses résolutions <a href="https://undocs.org/fr/A/RES/68/223">68/223</a> du 20 décembre 2013, <a href="https://undocs.org/fr/A/RES/69/230">69/230</a> du 19 décembre 2014, <a href="https://undocs.org/fr/A/RES/70/214">70/214</a> du 22 décembre 2015 et <a href="https://undocs.org/fr/A/RES/72/229">72/229</a> du 20 décembre 2017 sur la culture et le développement durable, </p>
      </container>
      <container name="Réaffirmant" eId="container_4">
        <p xml:space="preserve">
          <span class="italic">Réaffirmant</span> les dispositions de sa résolution <a href="https://undocs.org/fr/A/RES/70/1">70/1</a> du 25 septembre 2015, intitulée « Transformer notre monde : le Programme de développement durable à l’horizon 2030 », dans laquelle a été adoptée une série complète d’objectifs et de cibles ambitieux, universels, axés sur l’être humain et porteurs de changement, et réaffirmant qu’elle s’engage à œuvrer sans relâche pour que ce programme soit appliqué dans son intégralité d’ici à 2030, qu’elle considère que l’élimination de la pauvreté sous toutes ses formes et dans toutes ses dimensions, y compris l’extrême pauvreté, constitue le plus grand défi auquel l’humanité doit faire face et une condition indispensable au développement durable, et qu’elle est attachée à réaliser le développement durable dans ses trois dimensions – économique, sociale et environnementale – d’une manière équilibrée et intégrée en tirant parti de ce qui a été fait dans le cadre des objectifs du Millénaire pour le développement, dont elle s’efforcera d’achever la réalisation, </p>
      </container>
      <container name="Réaffirmant également" eId="container_5">
        <p xml:space="preserve">
          <span class="italic">Réaffirmant également</span> la teneur de l’Accord de Paris<authorialNote marker="1" placement="bottom" eId="authorialNote_1"><p xml:space="preserve">		Conclu au titre de la CCNUCC et paru sous la cote <a href="https://undocs.org/fr/FCCC/CP/2015/10/Add.1">FCCC/CP/2015/10/Add.1</a>, décision 1/CP.21.</p></authorialNote>, qui est entré en vigueur rapidement, encourageant toutes les parties à l’appliquer dans son intégralité, et engageant les parties à la Convention-cadre des Nations Unies sur les changements climatiques<authorialNote marker="2" placement="bottom" eId="authorialNote_2"><p xml:space="preserve">		Nations Unies, <span class="italic">Recueil des Traités</span>, vol. 1771, n<sup>o</sup> 30822.</p></authorialNote> qui ne l’ont pas encore fait à déposer dès que possible leurs instruments de ratification, d’acceptation, d’approbation ou d’adhésion, selon qu’il conviendra,</p>
      </container>
      <container name="Se félicitant" eId="container_6">
        <p xml:space="preserve">
          <span class="italic">Se félicitant</span> de la tenue du Sommet Action climat 2019 convoqué par le Secrétaire général le 23 septembre, prenant note des initiatives et engagements multipartites qui y ont été présentés et prenant note également du Sommet de la jeunesse sur l’action pour le climat qui s’est tenu le 21 septembre, </p>
      </container>
      <container name="Réaffirmant" eId="container_7">
        <p xml:space="preserve">
          <span class="italic">Réaffirmant</span> sa résolution <a href="https://undocs.org/fr/A/RES/69/313">69/313</a> du 27 juillet 2015 sur le Programme d’action d’Addis-Abeba issu de la troisième Conférence internationale sur le financement du développement, qui appuie et complète le Programme de développement durable à l’horizon 2030 dont il fait partie intégrante, qui contribue à replacer dans leur contexte les cibles concernant les moyens de mise en œuvre grâce à l’adoption de politiques et de mesures concrètes, et qui affirme à nouveau la volonté politique résolue de faire face aux problèmes de financement et de créer, à tous les niveaux, un environnement propice au développement durable, dans un esprit de partenariat et de solidarité planétaires, </p>
      </container>
      <container name="Se félicitant" eId="container_8">
        <p xml:space="preserve">
          <span class="italic">Se félicitant</span> du Nouveau Programme pour les villes, adopté à la Conférence des Nations Unies sur le logement et le développement urbain durable (Habitat III), tenue à Quito (Équateur) du 17 au 20 octobre 2016<authorialNote marker="3" placement="bottom" eId="authorialNote_3"><p xml:space="preserve">		Résolution <a href="https://undocs.org/fr/A/RES/71/256">71/256</a>, annexe.</p></authorialNote>, demandant sa mise en œuvre intégrale, efficace et rapide à tous les niveaux, et réaffirmant que la culture et la diversité culturelle constituent des sources d’enrichissement pour l’humanité et une contribution importante au développement durable des villes, des établissements humains et des citoyens, en leur donnant les moyens de jouer un rôle actif et unique dans les initiatives de développement, </p>
      </container>
      <container name="Rappelant " eId="container_9">
        <p xml:space="preserve">
          <span class="italic">Rappelant </span>que le Programme de développement durable à l’horizon 2030, notamment, reconnaît la diversité naturelle et culturelle du monde et le fait que toutes les cultures et toutes les civilisations peuvent contribuer au développement durable, dont elles sont des éléments indispensables, </p>
      </container>
      <container name="Rappelant " eId="container_10">
        <p xml:space="preserve">
          <span class="italic">Rappelant </span>la Convention de 2005 sur la protection et la promotion de la diversité des expressions culturelles<authorialNote marker="4" placement="bottom" eId="authorialNote_4"><p xml:space="preserve">		Nations Unies, <span class="italic">Recueil des Traités</span>, vol. 2440, n<sup>o</sup> 43977.</p></authorialNote>, ainsi que d’autres conventions internationales de l’Organisation des Nations Unies pour l’éducation, la science et la culture portant sur la diversité culturelle et le développement économique et social<authorialNote marker="5" placement="bottom" eId="authorialNote_5"><p xml:space="preserve">		Convention sur la protection des biens culturels en cas de conflit armé, de 1954 (Nations Unies, <span class="italic">Recueil des Traités</span>, vol.249, n<sup>o</sup> 3511) ; Convention concernant les mesures à prendre pour interdire et empêcher l’importation, l’exportation et le transfert de propriété illicites des biens culturels, de 1970 (Nations Unies, <span class="italic">Recueil des Traités</span>, volume 823, n<sup>o</sup> 11806) ; Convention pour la protection du patrimoine mondial, culturel et naturel, de 1972 (Nations Unies, <span class="italic">Recueil des Traités</span>, vol. 1037, n<sup>o</sup> 15511) ; Convention sur la protection du patrimoine culturel subaquatique, de 2001 (Nations Unies, <span class="italic">Recueil des Traités</span>, vol. 2562 n<sup>o</sup> 45694) et Convention pour la sauvegarde du patrimoine culturel immatériel, de 2003 (Nations Unies, <span class="italic">Recueil des Traités</span>, vol. 2368, n<sup>o</sup> 42671).</p></authorialNote>, </p>
      </container>
      <container name="Considérant" eId="container_11">
        <p xml:space="preserve">
          <span class="italic">Considérant</span> que la culture, composante essentielle du développement humain, constitue une expression de l’identité et une source d’innovation et de créativité pour l’individu et la communauté ainsi qu’un facteur important d’intégration sociale et de lutte contre la pauvreté, qui permet d’assurer la croissance économique et l’appropriation des activités de développement, </p>
      </container>
      <container name="Reconnaissant" eId="container_12">
        <p xml:space="preserve">
          <span class="italic">Reconnaissant</span> l’importance croissante de l’environnement numérique dans la diffusion de la culture et de contenus créatifs, </p>
      </container>
      <container name="Consciente " eId="container_13">
        <p xml:space="preserve">
          <span class="italic">Consciente </span>qu’il importe de respecter et de comprendre la diversité des cultures dans le monde et de s’entraider plutôt que de s’opposer, et qu’il importe également de faciliter la compréhension et le dialogue entre les cultures, ainsi que l’écoute et l’apprentissage mutuels, et de promouvoir une culture de citoyenneté et de solidarité mondiales, </p>
      </container>
      <container name="Rappelant" eId="container_14">
        <p xml:space="preserve">
          <span class="italic">Rappelant</span> sa résolution <a href="https://undocs.org/fr/A/RES/73/130">73/130</a> du 24 décembre 2018 sur le retour ou la restitution de biens culturels à leur pays d’origine, consciente de l’importance que revêt le retour de biens ayant une valeur spirituelle, historique et culturelle fondamentale, et vivement préoccupée par la persistance du trafic de biens culturels et ses effets dévastateurs sur le patrimoine culturel des nations, </p>
      </container>
      <container name="Rappelant également" eId="container_15">
        <p xml:space="preserve">
          <span class="italic">	Rappelant également</span> l’adoption, le 13 septembre 2007, de la Déclaration des Nations Unies sur les droits des peuples autochtones<authorialNote marker="6" placement="bottom" eId="authorialNote_6"><p xml:space="preserve">		Résolution <a href="https://undocs.org/fr/A/RES/61/295">61/295</a>, annexe.</p></authorialNote>, et demandant aux États de permettre l’accès aux objets de culte et des restes humains en leur possession ou leur rapatriement par le biais de mécanismes équitables, transparents et efficaces mis au point en concertation avec les peuples autochtones concernés, </p>
      </container>
      <container name="Rappelant en outre" eId="container_16">
        <p xml:space="preserve">
          <span class="italic">Rappelant en outre</span> les principes de la Déclaration universelle de l’Organisation des Nations Unies pour l’éducation, la science et la culture sur la diversité culturelle<authorialNote marker="7" placement="bottom" eId="authorialNote_7"><p xml:space="preserve">		Organisation des Nations Unies pour l’éducation, la science et la culture, <span class="italic">Actes de la Conférence générale, trente et unième session, Paris, 15 octobre-3 novembre 2001</span>, vol. 1 et rectificatif, <span class="italic">Résolutions</span>, sect. V, résolution 25, annexe I.</p></authorialNote>, et constatant que la diversité culturelle est une source d’enrichissement pour l’humanité et contribue de façon importante au développement durable des communautés locales, des peuples et des nations en renforçant leur capacité à jouer un rôle actif et unique dans les initiatives de développement, </p>
      </container>
      <container name="Considérant" eId="container_17">
        <p xml:space="preserve">
          <span class="italic">	Considérant</span> que le multilinguisme est un important moyen de favoriser, de défendre et de préserver la diversité des langues et des cultures dans le monde, qu’un véritable multilinguisme favorise l’unité dans la diversité et l’entente internationale, et considérant également qu’il importe pour les peuples du monde de pouvoir communiquer dans leurs propres langues, </p>
      </container>
      <container name="Rappelant" eId="container_18">
        <p xml:space="preserve">
          <span class="italic">Rappelant</span> sa résolution <a href="https://undocs.org/fr/A/RES/71/178">71/178</a> du 19 décembre 2016, dans laquelle elle a proclamé l’année 2019, dès le 1<sup>er</sup> janvier, Année internationale des langues autochtones, en vue d’appeler l’attention sur la disparition désastreuse des langues autochtones et sur l’impérieuse nécessité de préserver, de revitaliser et de promouvoir ces langues, </p>
      </container>
      <container name="Prenant note" eId="container_19">
        <p xml:space="preserve">
          <span class="italic">Prenant note</span> de la quatrième conférence internationale sur le thème « Préservation des langues du monde et développement de la diversité linguistique dans le cyberespace : contexte, politiques et pratiques », organisée sous l’égide de l’Organisation des Nations Unies, pour l’éducation, la science et la culture à Iakoutsk (Fédération de Russie) du 1<sup>er</sup> au 5 juillet 2019, </p>
      </container>
      <container name="Rappelant " eId="container_20">
        <p xml:space="preserve">
          <span class="italic">Rappelant </span>les préoccupations exprimées dans la Déclaration et le Programme d’action de Beijing<authorialNote marker="8" placement="bottom" eId="authorialNote_8"><p xml:space="preserve"><span class="italic">Rapport de la quatrième Conférence mondiale sur les femmes, Beijing, 4-15 septembre 1995</span> (publication des Nations Unies, numéro de vente : F.96.IV.13), chap. I, résolution 1, annexes I et II.</p></authorialNote> quant au fait que les femmes sont sous-représentées aux postes de responsabilité dans le domaine de la culture, ce qui les a empêchées de jouer un rôle important dans les activités culturelles et dans le développement,</p>
      </container>
      <container name="Rappelant également" eId="container_21">
        <p xml:space="preserve">
          <span class="italic">Rappelant également</span> qu’il importe de promouvoir les cultures nationales, la création artistique sous toutes ses formes et la coopération culturelle aux niveaux international et régional, réaffirmant à cet égard qu’il convient de renforcer les initiatives nationales et les mécanismes de coopération régionaux et internationaux en faveur de l’action culturelle et de la création artistique, et considérant que le respect du pluralisme culturel, qui a été défini dans la Déclaration universelle sur la diversité culturelle, comme prenant la forme de politiques favorisant l’intégration et la participation de tous les citoyens en vue de garantir la cohésion sociale, la vitalité de la société civile et la paix, favorise le développement culturel et contribue au développement durable, </p>
      </container>
      <container name="Consciente" eId="container_22">
        <p xml:space="preserve">
          <span class="italic">Consciente</span> de la corrélation entre diversité culturelle et diversité biologique ainsi que de l’apport des savoirs traditionnels locaux et autochtones à la recherche de solutions viables aux problèmes environnementaux, </p>
      </container>
      <container name="Rappelant" eId="container_23">
        <p xml:space="preserve">
          <span class="italic">Rappelant</span> le plan stratégique des Nations Unies sur les forêts (2017-2030)<authorialNote marker="9" placement="bottom" eId="authorialNote_9"><p xml:space="preserve">		Voir résolution <a href="https://undocs.org/fr/A/RES/71/285">71/285</a>.</p></authorialNote>, et considérant que, dans de nombreuses régions, les forêts présentent une grande valeur culturelle et spirituelle, </p>
      </container>
      <container name="Prenant note" eId="container_24">
        <p xml:space="preserve">
          <span class="italic">Prenant note</span> de la déclaration adoptée à Florence (Italie), le 4 octobre 2014, lors du troisième Forum mondial sur la culture et les industries culturelles organisé par l’Organisation des Nations Unies pour l’éducation, la science et la culture, des conclusions de Hangzhou, adoptées lors de la conférence sur la « Culture pour des villes durables », tenue à Hangzhou (Chine) du 10 au 12 décembre 2015, de la Déclaration de Bali, adoptée lors du deuxième Forum mondial sur la culture, tenu à Bali (Indonésie) du 10 au 14 octobre 2016, du rapport mondial sur la culture pour le développement urbain durable établi en octobre 2016 par l’Organisation des Nations Unies pour l’éducation, la science et la culture et intitulé « Culture : Futur urbain », et de la nouvelle stratégie pour l’intégration de la culture et de la créativité dans la mise en œuvre du Programme de développement durable à l’horizon 2030, adoptée à la onzième réunion annuelle du Réseau des villes créatives, tenue à Enghien-les-Bains (France) du 30 juin au 2 juillet 2017, à la douzième réunion annuelle du Réseau des villes créatives, qui a eu lieu à Cracovie et à Katowice (Pologne) du 12 au 15 juin 2018, et à la treizième réunion annuelle du Réseau des villes créatives, organisée à Fabriano (Italie) du 10 au 15 juin 2019, ainsi que de ses discussions sur le rôle de la culture dans les domaines du développement, notamment l’éducation, l’entrepreneuriat, l’innovation, l’inclusion et la durabilité environnementale, </p>
      </container>
      <container name="Consciente" eId="container_25">
        <p xml:space="preserve">
          <span class="italic">Consciente</span> que les musées, par leurs activités de conservation, de recherche, de communication et d’éducation, sont des partenaires incontournables pour la protection et la promotion de la culture, qu’il s’agisse de sauvegarder le patrimoine mondial ou de lutter contre le trafic de biens culturels, </p>
      </container>
      <container name="Sachant" eId="container_26">
        <p xml:space="preserve">
          <span class="italic">Sachant</span> que la culture dans la diplomatie demeure une composante importante du renforcement des relations internationales, </p>
      </container>
      <container name="Réitérant" eId="container_27">
          <p xml:space="preserve">
            <span class="italic">Réitérant</span> l’engagement de ne laisser personne de côté, réaffirmant qu’elle considère que la dignité de la personne humaine est fondamentale et souhaite que les objectifs et cibles se concrétisent au profit de toutes les nations, de tous les peuples et de toutes les composantes de la société, et s’engageant de nouveau à s’efforcer d’aider les plus défavorisés en premier, </p>
      </container>
    </preamble>
    <mainBody>
      <paragraph eId="para_28" class="MercuryDocument">
        <num>	1.</num>
        <content eId="para_28__content">
          <p xml:space="preserve">
            <span class="italic">Prend acte</span> de la note du Secrétaire général portant transmission du rapport de l’Organisation des Nations Unies pour l’éducation, la science et la culture<authorialNote marker="10" placement="bottom" eId="authorialNote_10"><p xml:space="preserve"><a href="https://undocs.org/fr/A/74/286">A/74/286</a>.</p></authorialNote> ; </p>
        </content>
      </paragraph>
      <paragraph eId="para_29" class="MercuryDocument">
        <num>	2.</num>
        <content eId="para_29__content">
          <p xml:space="preserve">
            <span class="italic">Réaffirme</span> le rôle de la culture en tant que vecteur du développement durable qui procure aux populations et aux communautés un profond sentiment d’identité et de cohésion sociale et contribue à rendre les politiques et mesures de développement à tous les niveaux plus efficaces et viables, et souligne à cet égard que des politiques adaptées aux contextes culturels peuvent produire de meilleurs résultats en termes de développement, lesquels seront durables, équitables et bénéficieront à tous ; </p>
        </content>
      </paragraph>
      <paragraph eId="para_30" class="MercuryDocument">
        <num>	3.</num>
        <content eId="para_30__content">
          <p xml:space="preserve">
            <span class="italic">Reconnaît</span> que la culture comme moteur du développement durable contribue à renforcer l’inclusion sociale et à rendre le secteur économique dynamique et viable en générant des revenus, en créant des emplois décents et en facilitant l’examen des aspects économiques et sociaux de la pauvreté sous l’angle du patrimoine culturel, y compris sa protection et sa préservation, et des secteurs culturels et créatifs, tout en apportant des solutions novatrices et efficaces à des questions intersectorielles telles que l’éducation, la santé, l’égalité des genres et l’autonomisation des femmes, la technologie et l’environnement ; </p>
        </content>
      </paragraph>
      <paragraph eId="para_31" class="MercuryDocument">
        <num>	4.</num>
        <content eId="para_31__content">
          <p xml:space="preserve">
            <span class="italic">Souligne</span> l’importante contribution de la culture en ce qui concerne les trois dimensions du développement durable et la réalisation des objectifs de développement arrêtés au niveau des pays, du Programme de développement durable à l’horizon 2030 et de ses objectifs de développement durable<authorialNote marker="11" placement="bottom" eId="authorialNote_11"><p xml:space="preserve">		Résolution <a href="https://undocs.org/fr/A/RES/70/1">70/1</a>.</p></authorialNote> ainsi que des autres objectifs adoptés au niveau international et, à cet égard, considère que : </p>
        </content>
      </paragraph>
      <paragraph eId="para_32" class="MercuryDocument">
        <content eId="para_32__content">
          <p xml:space="preserve">	a)	La culture favorise un développement économique solidaire, car la préservation du patrimoine culturel, les secteurs culturels et créatifs, le tourisme culturel viable et les infrastructures culturelles, y compris la régénération urbaine, peuvent être des sources de revenus, d’emplois et de travail décent pour tous, notamment au niveau des collectivités, améliorant ainsi les conditions de vie et stimulant une croissance économique communautaire, et contribue à l’autonomisation des individus ; </p>
        </content>
      </paragraph>
      <paragraph eId="para_33" class="MercuryDocument">
        <content eId="para_33__content">
          <p xml:space="preserve">	b)	La culture encourage le développement social pour tous, y compris des communautés locales et des peuples autochtones, pour ce qui est de la diversité culturelle, de la protection du patrimoine culturel et naturel, de la promotion des institutions culturelles et du renforcement des secteurs culturels et créatifs, dans les contextes urbain et rural ; </p>
        </content>
      </paragraph>
      <paragraph eId="para_34" class="MercuryDocument">
        <content eId="para_34__content">
          <p xml:space="preserve">	c)	La culture contribue à la viabilité de l’environnement, dans la mesure où la protection de la diversité culturelle et biologique et du patrimoine naturel est importante pour le développement durable, et que la promotion des systèmes traditionnels de protection de l’environnement, et la gestion des ressources peuvent contribuer à accroître la viabilité des écosystèmes fragiles, à assurer la conservation, la protection et l’utilisation rationnelle de la biodiversité, à éviter la dégradation des terres et à lutter contre les effets des changements climatiques ; </p>
        </content>
      </paragraph>
      <paragraph eId="para_35" class="MercuryDocument">
        <num>	5.</num>
        <content eId="para_35__content">
          <p xml:space="preserve">
            <span class="italic">Réaffirme</span> qu’il ne saurait y avoir de développement durable sans paix et sans sécurité et que sans développement durable, la paix et la sécurité sont en danger, et considère que la culture peut contribuer au développement durable en ce qu’elle est un outil précieux permettant aux communautés de participer pleinement à la vie sociale et culturelle, favorisant une gouvernance et un dialogue sans exclusive aux niveaux national, régional et international et contribuant à la prévention et au règlement des conflits ainsi qu’à la réconciliation, au relèvement et au renforcement de la résilience ; </p>
        </content>
      </paragraph>
      <paragraph eId="para_36" class="MercuryDocument">
        <num>	6.</num>
        <content eId="para_36__content">
          <p xml:space="preserve">
            <span class="italic">Réaffirme</span> son engagement de prôner la diversité dans les villes et les établissements humains, de renforcer la cohésion sociale, le dialogue et la compréhension entre les cultures, la tolérance, le respect mutuel, l’égalité des genres et l’autonomisation des femmes, l’innovation, l’entrepreneuriat, l’inclusion, la protection de l’identité, la sécurité et la dignité de tous, y compris des personnes en situation de vulnérabilité, d’améliorer le cadre de vie dans ces espaces, de favoriser une économie urbaine dynamique et de prendre des mesures visant à ce que les institutions locales encouragent le pluralisme et la coexistence pacifique au sein de sociétés de plus en plus hétérogènes et multiculturelles ; </p>
        </content>
      </paragraph>
      <paragraph eId="para_37" class="MercuryDocument">
        <num>	7.</num>
        <content eId="para_37__content">
          <p xml:space="preserve">
            <span class="italic">Est d’avis</span> que la culture doit être prise en considération dans le cadre de la promotion et de l’adoption de nouveaux modes de consommation et de production viables à long terme qui favorisent une utilisation responsable des ressources et contribuent à la lutte contre les effets néfastes des changements climatiques ; </p>
        </content>
      </paragraph>
      <paragraph eId="para_38" class="MercuryDocument">
        <num>	8.</num>
        <content eId="para_38__content">
          <p xml:space="preserve">
            <span class="italic">Considère</span> que la culture vient contribuer à la qualité de l’éducation, de l’éducation non formelle et de la formation tout au long de la vie en ce qu’elle transmet des valeurs, des connaissances et des compétences communes, et déclare que l’éducation artistique peut contribuer directement à la transformation des systèmes éducatifs en vue de satisfaire les besoins des apprenants dans un monde en rapide évolution et de développer une main-d’œuvre créative ayant une grande capacité d’adaptation<authorialNote marker="12" placement="bottom" eId="authorialNote_12"><p xml:space="preserve">		Comme il est dit dans le préambule du document final de la deuxième Conférence mondiale sur l’éducation artistique, qui s’est tenue à Séoul du 25 au 28 mai 2010, à savoir le programme de Séoul : objectifs pour le développement de l’éducation artistique.</p></authorialNote> ; </p>
        </content>
      </paragraph>
      <paragraph eId="para_39" class="MercuryDocument">
        <num>	9.</num>
        <content eId="para_39__content">
          <p xml:space="preserve">
            <span class="italic">Appelle</span> à la promotion de l’éducation pour la protection des espaces naturels et des lieux de mémoire dont l’existence est nécessaire à l’expression du patrimoine immatériel ;</p>
        </content>
      </paragraph>
      <paragraph eId="para_40" class="MercuryDocument">
        <num>	10.</num>
        <content eId="para_40__content">
          <p xml:space="preserve">
            <span class="italic">Rappelle</span> que le Programme de développement durable à l’horizon 2030 contient plusieurs cibles tenant compte de la contribution de la culture au développement durable, rappelle également que les objectifs et cibles de développement durable sont intégrés et indissociables et concilient les trois dimensions du développement durable et, dans ce contexte, compte qu’ils pourront être atteints en faisant fond sur les résultats et les effets positifs des programmes dans le cadre desquels la culture est utilisée au service du développement durable ;</p>
        </content>
      </paragraph>
      <paragraph eId="para_41" class="MercuryDocument">
        <num>	11.</num>
        <content eId="para_41__content">
          <p xml:space="preserve">
            <span class="italic">Se félicite</span> des activités et initiatives entreprises par l’Organisation des Nations Unies pour l’éducation, la science et la culture, en tant qu’organisme des Nations Unies chargé des questions culturelles, pour évaluer et accroître les effets transformateurs de la culture sur la mise en œuvre du Programme de développement durable à l’horizon 2030 ; </p>
        </content>
      </paragraph>
      <paragraph eId="para_42" class="MercuryDocument">
        <num>	12.</num>
        <content eId="para_42__content">
          <p xml:space="preserve">
            <span class="italic">Décide</span> de tenir compte, selon qu’il convient, de la contribution de la culture au développement durable dans le contexte du suivi et de l’examen des progrès accomplis dans la mise en œuvre du Programme de développement durable à l’horizon 2030 ; </p>
        </content>
      </paragraph>
      <paragraph eId="para_43" class="MercuryDocument">
        <num>	13.</num>
        <content eId="para_43__content">
          <p xml:space="preserve">
            <span class="italic">Prend note avec satisfaction</span> de la réunion de haut niveau sur la culture et le développement durable que sa présidente a organisée en mai 2019 à l’occasion de la Journée mondiale de la diversité culturelle pour le dialogue et le développement, en application de sa résolution <a href="https://undocs.org/fr/A/RES/72/229">72/229</a> ; </p>
        </content>
      </paragraph>
      <paragraph eId="para_44" class="MercuryDocument">
        <num>	14.</num>
        <content eId="para_44__content">
          <p xml:space="preserve">
            <span class="italic">Se félicite </span>du Forum des ministres de la culture organisé par l’Organisation des Nations Unies pour l’éducation, la science et la culture, le 19 novembre 2019, sur le thème de la culture et des politiques publiques pour le développement durable, premier forum de ce genre à être tenu en 21 ans, l’accent étant mis sur la contribution de la culture à la réalisation des objectifs de développement durable et les liens entre la culture et l’éducation, la transformation sociale, l’emploi et l’environnement ; </p>
        </content>
      </paragraph>
      <paragraph eId="para_45" class="MercuryDocument">
        <num>	15.</num>
        <content eId="para_45__content">
          <p xml:space="preserve">
            <span class="italic">Attend avec intérêt</span> le lancement, en 2020 à la quinzième réunion de la Conférence des Parties à la Convention sur la diversité biologique, de l’alliance internationale multipartite pour la nature et la culture qui vise à resserrer la coopération internationale dans l’exploitation des liens entre diversité biologique et diversité culturelle de sorte que l’humanité vive en harmonie avec la nature, conformément à la Vision 2050 pour la biodiversité ; </p>
        </content>
      </paragraph>
      <paragraph eId="para_46" class="MercuryDocument">
        <num>	16.</num>
        <content eId="para_46__content">
          <p xml:space="preserve">
            <span class="italic">Invite</span> tous les pays, ainsi que les organisations intergouvernementales et les organismes des Nations Unies, agissant dans le cadre de leur mandat et dans les limites de leurs ressources, les organisations non gouvernementales compétentes et toutes les autres parties concernées à prendre les mesures suivantes : </p>
        </content>
      </paragraph>
      <paragraph eId="para_47" class="MercuryDocument">
        <content eId="para_47__content">
          <p xml:space="preserve">	a)	Sensibiliser l’opinion publique à l’importance de la diversité culturelle au regard du développement durable et en faire mieux comprendre la valeur au moyen de programmes d’éducation et des médias ; </p>
        </content>
      </paragraph>
      <paragraph eId="para_48" class="MercuryDocument">
        <content eId="para_48__content">
          <p xml:space="preserve">	b)	Assurer plus visiblement et plus efficacement l’intégration et la transversalisation de la culture dans les politiques et stratégies de développement économique, social et environnemental à tous les niveaux ; </p>
        </content>
      </paragraph>
      <paragraph eId="para_49" class="MercuryDocument">
        <content eId="para_49__content">
          <p xml:space="preserve">	c)	Faire en sorte que les femmes et les hommes puissent accéder, participer et contribuer sur un pied d’égalité à la vie culturelle et à la prise de décisions dans ce domaine, et s’engager encore davantage à élaborer, aux niveaux local, national et international, des politiques et des programmes culturels tenant compte des questions de genre afin de parvenir à l’égalité des sexes et à l’autonomisation de toutes les femmes et de toutes les filles ; </p>
        </content>
      </paragraph>
      <paragraph eId="para_50" class="MercuryDocument">
        <content eId="para_50__content">
          <p xml:space="preserve">	d)	Entreprendre un dialogue interculturel et mettre en place des programmes portant sur la coopération et la diversité culturelle pour permettre aux jeunes de s’impliquer dans une société multiculturelle, de participer à la réalisation du Programme de développement durable à l’horizon 2030, d’obtenir de meilleurs résultats scolaires et d’acquérir des connaissances et des compétences plus vastes et plus variées ; </p>
        </content>
      </paragraph>
      <paragraph eId="para_51" class="MercuryDocument">
        <content eId="para_51__content">
          <p xml:space="preserve">	e)	Appuyer le renforcement des capacités à tous les niveaux, selon qu’il convient, afin de favoriser le développement de secteurs culturels et créatifs dynamiques, notamment en encourageant la créativité, l’innovation et l’esprit d’entreprise, en soutenant le développement d’institutions et de secteurs culturels et créatifs, en assurant la formation technique et professionnelle de spécialistes de la culture et en offrant davantage de débouchés dans ces secteurs afin de promouvoir une croissance économique et un développement soutenus, partagés et équitables ; </p>
        </content>
      </paragraph>
      <paragraph eId="para_52" class="MercuryDocument">
        <content eId="para_52__content">
          <p xml:space="preserve">	f)	Favoriser activement la création de marchés locaux de biens et services culturels et faciliter l’accès effectif et licite de ces biens et services aux marchés internationaux, en tenant compte de la diversification croissante de la production et de la consommation culturelles et, pour les États qui y sont parties, des dispositions de la Convention sur la protection et la promotion de la diversité des expressions culturelles<sup>4</sup> ; </p>
        </content>
      </paragraph>
      <paragraph eId="para_53" class="MercuryDocument">
        <content eId="para_53__content">
          <p xml:space="preserve">	g)	Promouvoir la diversité des expressions culturelles et l’accès à celles-ci dans l’environnement numérique ; </p>
        </content>
      </paragraph>
      <paragraph eId="para_54" class="MercuryDocument">
        <content eId="para_54__content">
          <p xml:space="preserve">	h)	Préserver et maintenir les pratiques communautaires et savoirs traditionnels locaux et autochtones de gestion environnementale, qui illustrent bien le fait que la culture est un facteur de développement durable, et favoriser les synergies entre la science et la technologie modernes et les savoirs, pratiques et innovations locaux et autochtones ; </p>
        </content>
      </paragraph>
      <paragraph eId="para_55" class="MercuryDocument">
        <content eId="para_55__content">
          <p xml:space="preserve">	i)	Agir au plus vite afin de protéger le patrimoine culturel et naturel contre les phénomènes météorologiques extrêmes, l’élévation du niveau de la mer, la désertification et les autres menaces aggravées par les changements climatiques qui compromettent son intégrité et sa préservation pour les générations présentes et futures ; </p>
        </content>
      </paragraph>
      <paragraph eId="para_56" class="MercuryDocument">
        <content eId="para_56__content">
          <p xml:space="preserve">	j)	Mieux faire connaître à l’échelle mondiale la corrélation entre diversité culturelle et diversité biologique, notamment par la protection, la préservation et la promotion de l’usage coutumier des ressources biologiques, dans le respect des pratiques culturelles traditionnelles, élément essentiel pour une approche globale du développement durable ; </p>
        </content>
      </paragraph>
      <paragraph eId="para_57" class="MercuryDocument">
        <content eId="para_57__content">
          <p xml:space="preserve">	k)	Appuyer les politiques et les cadres juridiques nationaux de protection et de préservation du patrimoine et des biens culturels, en encourageant la lutte contre le trafic illicite de biens culturels et la restitution des biens culturels, dans le respect de la législation nationale et des cadres juridiques internationaux applicables ; </p>
        </content>
      </paragraph>
      <paragraph eId="para_58" class="MercuryDocument">
        <content eId="para_58__content">
          <p xml:space="preserve">	l)	Appuyer les politiques et les cadres juridiques nationaux afin de soutenir les personnes qui participent à la créativité culturelle au moyen des droits de propriété intellectuelle, notamment en favorisant la coopération internationale pour empêcher le détournement d’œuvres de création ; </p>
        </content>
      </paragraph>
      <paragraph eId="para_59" class="MercuryDocument">
        <content eId="para_59__content">
          <p xml:space="preserve">	m)	Encourager l’accès aux objets de culte et aux restes humains en leur possession ou leur rapatriement, par le biais de mécanismes justes, transparents et efficaces mis au point en concertation avec les peuples autochtones concernés ; </p>
        </content>
      </paragraph>
      <paragraph eId="para_60" class="MercuryDocument">
        <content eId="para_60__content">
          <p xml:space="preserve">	n)	Noter que, pour réaliser ces objectifs, des mécanismes de financement novateurs, publics ou privés, peuvent utilement contribuer à aider les pays en développement à mobiliser des ressources supplémentaires au service du développement sur une base stable, prévisible et volontaire, et rappeler que ces mécanismes volontaires doivent être efficaces, chercher à mobiliser des ressources stables et prévisibles, et compléter, sans les remplacer, les sources traditionnelles de financement, les ressources étant décaissées en fonction des priorités des pays en développement et ne devant pas constituer un fardeau excessif pour ces pays ; </p>
        </content>
      </paragraph>
      <paragraph eId="para_61" class="MercuryDocument">
        <content eId="para_61__content">
          <p xml:space="preserve">	o)	Faire de la culture un instrument de tolérance, d’entente, de paix et de réconciliation, dans le cadre de la prévention et du règlement des conflits ainsi que de la consolidation de la paix ; </p>
        </content>
      </paragraph>
      <paragraph eId="para_62" class="MercuryDocument">
        <num>	17.</num>
        <content eId="para_62__content">
          <p xml:space="preserve">
            <span class="italic">Se déclare vivement préoccupée</span> par le fait que les biens culturels, y compris les sites et objets religieux, les sanctuaires et les cimetières, sont de plus en plus souvent la cible d’attaques terroristes et d’actes de vandalisme à l’issue desquels ils sont volés, endommagés ou complètement détruits, et condamne ce type d’attaques ; </p>
        </content>
      </paragraph>
      <paragraph eId="para_63" class="MercuryDocument">
        <num>	18.</num>
        <content eId="para_63__content">
          <p xml:space="preserve">
            <span class="italic">Engage</span> tous les pays, les organisations intergouvernementales, les organismes des Nations Unies, selon qu’il convient et dans les limites de leur mandat, ainsi que les organisations non gouvernementales compétentes et toutes les autres parties intéressées, à renforcer la coopération internationale en vue d’appuyer l’action menée par les pays en développement en faveur du développement et du renforcement des secteurs culturels et créatifs, du tourisme culturel et des microentreprises à vocation culturelle et à aider ces pays à acquérir les infrastructures et compétences nécessaires pour maîtriser les technologies de l’information et des communications, ainsi que pour accéder aux nouvelles technologies à des conditions arrêtées d’un commun accord ; </p>
        </content>
      </paragraph>
      <paragraph eId="para_64" class="MercuryDocument">
        <num>	19.</num>
        <content eId="para_64__content">
          <p xml:space="preserve">
            <span class="italic">Encourage</span> les initiatives visant à favoriser les accords et réseaux de coopération culturelle au niveau régional dans le cadre d’un échange de connaissances et d’informations aux fins du développement durable ; </p>
        </content>
      </paragraph>
      <paragraph eId="para_65" class="MercuryDocument">
        <num>	20.</num>
        <content eId="para_65__content">
          <p xml:space="preserve">
            <span class="italic">Encourage également</span> les programmes qui accordent aux artistes et aux professionnels de la culture des prestations sociales et des droits économiques, y compris des possibilités d’emplois décents, une rémunération équitable et un salaire égal pour un travail égal, ainsi que des formations compte tenu des avancées technologiques et dans le domaine du numérique ; </p>
        </content>
      </paragraph>
      <paragraph eId="para_66" class="MercuryDocument">
        <num>	21.</num>
        <content eId="para_66__content">
          <p xml:space="preserve">
            <span class="italic">Invite</span> les organismes des Nations Unies, en particulier l’Organisation des Nations Unies pour l’éducation, la science et la culture, à continuer d’apporter un appui et des solutions de financement aux pays qui en font la demande et d’aider ceux-ci à tirer le meilleur parti de la contribution de la culture au développement durable, notamment en mettant en commun l’information et les pratiques optimales, en recueillant des données, en effectuant des recherches et études et en utilisant des indicateurs d’évaluation appropriés, et à mettre en œuvre les conventions internationales applicables dans le domaine de la culture, compte étant tenu de ses résolutions pertinentes ; </p>
        </content>
      </paragraph>
      <paragraph eId="para_67" class="MercuryDocument">
        <num>	22.</num>
        <content eId="para_67__content">
          <p xml:space="preserve">
            <span class="italic">Invite</span> l’Organisation des Nations Unies pour l’éducation, la science et la culture et les autres entités des Nations Unies concernées à continuer d’évaluer, en consultation avec les pays, la contribution de la culture au développement durable en recueillant des données quantitatives, notamment des indicateurs et des statistiques, qui serviront à élaborer des politiques de développement et les rapports pertinents, le cas échéant, et à continuer de favoriser les échanges entre les pays sur le lien étroit entre la culture et le développement, notamment en organisant des forums des ministres de la culture ; </p>
        </content>
      </paragraph>
      <paragraph eId="para_68" class="MercuryDocument">
        <num>	23.</num>
        <content eId="para_68__content">
          <p xml:space="preserve">
            <span class="italic">Prie</span> le Secrétaire général de faire en sorte que les équipes de pays des Nations Unies, lorsqu’elles aident les pays à atteindre leurs objectifs de développement, continuent d’intégrer et de généraliser la question de la culture dans leurs activités de programmation, en particulier dans les plans-cadres de coopération des Nations Unies pour le développement durable, en consultation avec les autorités nationales compétentes ; </p>
        </content>
      </paragraph>
      <paragraph eId="para_69" class="MercuryDocument">
        <num>	24.</num>
        <content eId="para_69__content">
          <p xml:space="preserve">
            <span class="italic">Engage</span> tous les pays, les organisations intergouvernementales, les organismes des Nations Unies et les organisations non gouvernementales compétentes, ainsi que toutes les autres parties intéressées, à prendre dûment en considération la contribution de la culture au développement durable lors de l’élaboration des politiques de développement nationales, régionales et internationales et des instruments de coopération internationale et, à cet égard, dans le prolongement des débats de la précédente réunion de haut niveau sur la culture et le développement durable, invite sa présidence à organiser, dans les limites des ressources disponibles, une réunion de haut niveau d’une journée sur cette question à sa soixante-quinzième session et à solliciter l’aide de l’Organisation des Nations Unies pour l’éducation, la science et la culture, dans le cadre du mandat de celle-ci ; </p>
        </content>
      </paragraph>
      <paragraph eId="para_70" class="MercuryDocument">
        <num>	25.</num>
        <content eId="para_70__content">
          <p xml:space="preserve">
            <span class="italic">Réaffirme</span> l’engagement, qui est au cœur même du Programme de développement durable à l’horizon 2030, de ne laisser personne de côté et de s’attacher à prendre des mesures plus concrètes pour soutenir les personnes en situation de vulnérabilité et les pays les plus vulnérables, et en premier lieu les plus défavorisés ; </p>
        </content>
      </paragraph>
      <paragraph eId="para_71" class="MercuryDocument">
        <num>	26.</num>
        <content eId="para_71__content">
          <p xml:space="preserve">
            <span class="italic">Prie</span> le Secrétaire général de lui présenter, à sa soixante-seizième session, un rapport sur l’application de la présente résolution, et décide d’inscrire à l’ordre du jour provisoire de sa soixante-seizième session, au titre de la question intitulée « Mondialisation et interdépendance », la question subsidiaire intitulée « Culture et développement durable ».</p>
        </content>
      </paragraph>
    </mainBody>
    <conclusions eId="conclusions">
      <p>
        <inline name="adoptionMeeting" title="52e">52e séance plénière</inline>
        <eol />
        <docDate date="2019-12-19" refersTo="#adoptionDate">19 décembre 2019</docDate>
      </p>
    </conclusions>
  </statement>
</akomaNtoso>