<akomaNtoso xmlns:xsi="http://www.w3.org/2001/XMLSchema-instance" xsi:schemaLocation="http://docs.oasis-open.org/legaldocml/ns/akn/3.0 http://docs.oasis-open.org/legaldocml/akn-core/v1.0/os/part2-specs/schemas/akomantoso30.xsd" xmlns="http://docs.oasis-open.org/legaldocml/ns/akn/3.0" xmlns:html="http://www.w3.org/1999/xhtml" xmlns:akn4un="http://un.org/akn4un">
  <statement name="resolution">
    <meta>
      <identification source="#DGACM">
        <FRBRWork>
          <FRBRthis value="/akn/un/statement/deliberation/unga/2019-12-19/74-223/!main/"></FRBRthis>
          <FRBRuri value="/akn/un/statement/deliberation/unga/2019-12-19/74-223/"></FRBRuri>
          <FRBRdate date="2019-12-19" name="adoption"></FRBRdate>
          <FRBRauthor href="ga" as="author"></FRBRauthor>
          <FRBRcountry value="un"></FRBRcountry>
        </FRBRWork>
        <FRBRExpression>
          <FRBRthis value="/akn/un/statement/deliberation/unga/2019-12-19/74-223/fra@!main/"></FRBRthis>
          <FRBRuri value="/akn/un/statement/deliberation/unga/2019-12-19/74-223/fra@/"></FRBRuri>
          <FRBRdate date="2020-01-24" name="publication"></FRBRdate>
          <FRBRauthor href="ga" as="issuer"></FRBRauthor>
          <FRBRlanguage language="fra"></FRBRlanguage>
        </FRBRExpression>
        <FRBRManifestation>
          <FRBRthis value="/akn/un/statement/deliberation/unga/2019-12-19/74-223/fra@/!main.xml"></FRBRthis>
          <FRBRuri value="/akn/un/statement/deliberation/unga/2019-12-19/74-223/fra@.xml"></FRBRuri>
          <FRBRdate date="2020-08-21" name="markup"></FRBRdate>
          <FRBRauthor href="DGACM" as="editor"></FRBRauthor>
        </FRBRManifestation>
      </identification>
      <classification source="http://metadata.un.org/sdg">
        <keyword value="14" href="http://metadata.un.org/sdg/14" showAs="sdg_14" dictionary="SDGO"></keyword>
        <keyword value="marine_life" href="http://eurovoc.europa.eu/3149" showAs="marine_life" dictionary="EuroVoc"></keyword>
        <keyword value="marine_environment" href="http://eurovoc.europa.eu/5742" showAs="marine_environment" dictionary="EuroVoc"></keyword>
        <keyword value="ocean" href="http://eurovoc.europa.eu/2107" showAs="ocean" dictionary="EuroVoc"></keyword>
        <keyword value="sea" href="http://eurovoc.europa.eu/1870" showAs="sea" dictionary="EuroVoc"></keyword>
        <keyword value="marine_resources" href="http://metadata.un.org/thesaurus/030800" showAs="marine_resources" dictionary="UNBIS Thesaurus"></keyword>
        <keyword value="marine_resources" href="http://metadata.un.org/thesaurus/1003922" showAs="marine_resources" dictionary="UNBIS Thesaurus"></keyword>
        <keyword value="oceans_and_seas" href="http://metadata.un.org/thesaurus/170600" showAs="oceans_and_seas" dictionary="UNBIS Thesaurus"></keyword>
      </classification>
      <classification source="http://metadata.un.org/sdg">
        <keyword value="16" href="http://metadata.un.org/sdg/16" showAs="sdg_16" dictionary="SDGO"></keyword>
        <keyword value="right_to_justice" href="http://eurovoc.europa.eu/516" showAs="right_to_justice" dictionary="EuroVoc"></keyword>
        <keyword value="sustainable_development" href="http://eurovoc.europa.eu/5585" showAs="sustainable_development" dictionary="EuroVoc"></keyword>
        <keyword value="civil_society" href="http://metadata.un.org/thesaurus/1001012" showAs="civil_society" dictionary="UNBIS Thesaurus"></keyword>
        <keyword value="justice" href="http://metadata.un.org/thesaurus/1003500" showAs="justice" dictionary="UNBIS Thesaurus"></keyword>
        <keyword value="peaceful_coexistence" href="http://metadata.un.org/thesaurus/1004777" showAs="peaceful_coexistence" dictionary="UNBIS Thesaurus"></keyword>
        <keyword value="public_institutions" href="http://metadata.un.org/thesaurus/1005254" showAs="public_institutions" dictionary="UNBIS Thesaurus"></keyword>
        <keyword value="social_justice" href="http://metadata.un.org/thesaurus/1005970" showAs="social_justice" dictionary="UNBIS Thesaurus"></keyword>
        <keyword value="sustainable_development" href="http://metadata.un.org/thesaurus/1006319" showAs="sustainable_development" dictionary="UNBIS Thesaurus"></keyword>
      </classification>
      <classification source="http://metadata.un.org/sdg">
        <keyword value="17" href="http://metadata.un.org/sdg/17" showAs="sdg_17" dictionary="SDGO"></keyword>
        <keyword value="sustainable_development" href="http://eurovoc.europa.eu/5585" showAs="sustainable_development" dictionary="EuroVoc"></keyword>
        <keyword value="partnership" href="http://eurovoc.europa.eu/4199" showAs="partnership" dictionary="EuroVoc"></keyword>
        <keyword value="sustainable_development" href="http://metadata.un.org/thesaurus/1006319" showAs="sustainable_development" dictionary="UNBIS Thesaurus"></keyword>
        <keyword value="partnership" href="http://metadata.un.org/thesaurus/1004748" showAs="partnership" dictionary="UNBIS Thesaurus"></keyword>
      </classification>
      <workflow source="#un">
        <step date="2019-11-20" outcome="draftResolution" as="A/C.2/74/L.48/Rev.1" by="Japan and State of Palestine (on behalf of the States Members of the United Nations that are members of the Group of 77 and China)" />
        <step date="0001-01-01" outcome="draftResolutionAdditionalSponsors" by="" />
        <step date="0001-01-01" outcome="recommendedForAdoption" as="A/74/381/Add.8" by="" refersTo="8" />
        <step date="2019-12-19" outcome="adopted" as="A/74/PV.52" by="" />
      </workflow>
      <analysis source="#un">
        <parliamentary>
          <voting outcome="adoptedWithoutVote">
            <quorum value=""></quorum>
          </voting>
        </parliamentary>
      </analysis>
      <references source="#DGACM">
        <TLCOrganization eId="source" href="/akn/ontology/organization/un/DGACM" showAs="DGACM"></TLCOrganization>
        <TLCConcept eId="dateOfIssuance" href="/akn/ontology/concept/un/dateOfIssuance" showAs="Date of issuance"></TLCConcept>
        <TLCConcept eId="dateOfAdoption" href="/akn/ontology/concept/un/dateOfAdoption" showAs="Date of adoption"></TLCConcept>
        <TLCConcept eId="symbol" href="/akn/ontology/reference/un/symbol" showAs="Symbol"></TLCConcept>
        <TLCRole eId="publisher" href="/akn/ontology/role/un/publisher" showAs="Publisher"></TLCRole>
        <TLCRole eId="issuingBody" href="/akn/role/concept/un/issuingBody" showAs="Issuing body"></TLCRole>
        <TLCRole eId="author" href="/akn/ontology/role/un/author" showAs="Author"></TLCRole>
        <TLCRole eId="editor" href="/akn/ontology/role/un/editor" showAs="Editor"></TLCRole>
        <TLCRole eId="distribution" href="/akn/ontology/concept/un/generalDistribution" showAs="General distribution"></TLCRole>
        <TLCOrganization eId="ga" href="/akn/ontology/organization/un/generalAssembly" showAs="General Assembly"></TLCOrganization>
        <TLCTerm eId="resolutionTitle" href="/akn/ontology/reference/un/resolutionTitle" showAs="Resolution title"></TLCTerm>
        <TLCTerm eId="secondCommittee" href="#secondCommittee" showAs="Deuxième Commission"></TLCTerm>
        <TLCTerm eId="memberState" href="/akn/ontology/organization/un/memberState" showAs="Member State"></TLCTerm>
        <TLCTerm eId="inFavour" href="/akn/ontology/concept/un/voting/inFavour" showAs="In favour"></TLCTerm>
        <TLCTerm eId="against" href="/akn/ontology/concept/un/voting/against" showAs="Against"></TLCTerm>
        <TLCTerm eId="abstaining" href="/akn/ontology/concept/un/voting/abstaining" showAs="Abstaining"></TLCTerm>
      </references>
      <presentation source="#un">
        <akn4un:footerFirstPage>
          <akn4un:footerFirstPageLeft>
            <akn4un:internalCode>
              <docketNumber refersTo="#publicationJobNumber">19-22492 (F)</docketNumber>
              <img alt="bar code" class="barCode" src=""></img>
            </akn4un:internalCode>
          </akn4un:footerFirstPageLeft>
          <akn4un:footerFirstPageRight>
            <img alt="Please recycle" class="image" src="./recylcleLogo.jpg"></img>
            <img alt="embedded QR code" class="qrCode" src=""></img>
          </akn4un:footerFirstPageRight>
        </akn4un:footerFirstPage>
      </presentation>
    </meta>
    <coverPage eId="coverPage_1">
      <p>
        <span refersTo="#publisher" class="upperLeft">
          <docAuthority refersTo="#publisher">Nations Unies</docAuthority>
        </span>
      </p>
      <p class="upperRight">
        <docNumber refersTo="#symbol">A/RES/74/223</docNumber>
      </p>
      <p class="upperLeft">
        <img src="logo-un.jpg"></img>
        <docAuthority refersTo="#issuingBody" class="rightBig">Assemblée générale</docAuthority>
      </p>
      <p>
        <docStatus refersTo="#generalDistribution" class="rightSmall">Distr. générale</docStatus>
      </p>
      <p>
        <docDate date="2020-01-24" class="rightSmall" refersTo="#dateOfIssuance">24 janvier 2020</docDate>
      </p>
      <p>
        <session refersTo="#generalAssembly" value="74" eId="coverPage_1__session_1">Soixante-quatorzième session</session>
      </p>
      <p>
        <inline name="agenda item">Point 19 h) de l’ordre du jour</inline>
      </p>
      <p>
        <inline name="agenda item name">Développement durable : l’éducation au service du développement durable</inline>
      </p>
      <p>
        <docTitle>Résolution adoptée par l’Assemblée générale le 19 décembre 2019</docTitle>
      </p>
      <p xml:space="preserve">
        <docProponent refersTo="#secondCommittee">[sur la base du rapport de la Deuxième Commission (<inline name="originating document">A/74/381/Add.8</inline>)]</docProponent>
      </p>
    </coverPage>
    <preface>
      <p>
        <docNumber>74/223.</docNumber>
        <docTitle refersTo="#resolutionTitle">L’éducation au service du développement durable dans le cadre du Programme de développement durable à l’horizon 2030</docTitle>
      </p>
    </preface>
    <preamble>
      <formula name="enactingFormula" eId="formula_1">
        <p xml:space="preserve">
          <span class="italic">L’Assemblée générale</span>,</p>
      </formula>
      <container name="Rappelant" eId="container_2">
        <p xml:space="preserve">
          <span class="italic">Rappelant</span> sa résolution <a href="https://undocs.org/fr/A/RES/72/222">72/222</a> du 20 décembre 2017 et ses résolutions antérieures sur la Décennie des Nations Unies pour l’éducation au service du développement durable,</p>
      </container>
      <container name="Réaffirmant" eId="container_3">
        <p xml:space="preserve">
          <span class="italic">Réaffirmant</span> les dispositions de sa résolution <a href="https://undocs.org/fr/A/RES/70/1">70/1</a> du 25 septembre 2015 intitulée « Transformer notre monde : le Programme de développement durable à l’horizon 2030 », dans laquelle a été adoptée une série complète d’objectifs et de cibles ambitieux, universels, axés sur l’être humain et porteurs de changement, et réaffirmant qu’elle s’engage à œuvrer sans relâche pour que le Programme soit appliqué dans son intégralité d’ici à 2030, qu’elle considère que l’élimination de la pauvreté sous toutes ses formes et dans toutes ses dimensions, y compris l’extrême pauvreté, constitue le plus grand défi auquel l’humanité doit faire face et une condition indispensable au développement durable, et qu’elle est attachée à réaliser le développement durable dans ses trois dimensions – économique, sociale et environnementale – d’une manière équilibrée et intégrée, en tirant parti de ce qui a été fait dans le cadre des objectifs du Millénaire pour le développement, dont elle s’efforcera d’achever la réalisation,</p>
      </container>
      <container name="&#x9;Réaffirmant également " eId="container_4">
        <p xml:space="preserve">
          <span class="italic">	Réaffirmant également </span>les dispositions de sa résolution <a href="https://undocs.org/fr/A/RES/71/243">71/243</a> du 21 décembre 2016 sur l’examen quadriennal complet des activités opérationnelles de développement du système des Nations Unies, notamment les orientations générales et les principes qui y sont énoncés, ainsi que les dispositions de sa résolution <a href="https://undocs.org/fr/A/RES/72/279">72/279</a> du 31 mai 2018 et de la résolution <a href="https://undocs.org/fr/E/RES/2019/15">2019/15</a> du Conseil économique et social, en date du 8 juillet 2019, et se félicitant des efforts que déploie le Secrétaire général pour mieux positionner les activités opérationnelles de développement des Nations Unies en vue d’aider les pays à mettre en œuvre le Programme de développement durable à l’horizon 2030,</p>
      </container>
      <container name="Réaffirmant en outre " eId="container_5">
        <p xml:space="preserve">
          <span class="italic">Réaffirmant en outre </span>l’engagement pris dans le Programme de développement durable à l’horizon 2030 d’assurer à tous une éducation équitable, inclusive et de qualité et des possibilités d’apprentissage tout au long de la vie,</p>
      </container>
      <container name="&#x9;Notant avec préoccupation" eId="container_6">
        <p xml:space="preserve">
          <span class="italic">	Notant avec préoccupation</span> que, malgré les progrès considérables réalisés ces dernières années en matière d’accès à l’éducation et de scolarisation, 262 millions d’enfants et de jeunes âgés de 6 à 17 ans n’étaient toujours pas scolarisés en 2017, que plus de la moitié des enfants et des adolescents n’ont pas le niveau minimal attendu en lecture et en mathématiques, que l’amélioration des conditions d’apprentissage, des compétences des enseignants et de la qualité de l’éducation est trop lente au regard des progrès technologiques rapides qui élargissent le champ des possibles et posent de nouveaux défis, et qu’il faut recentrer les efforts pour améliorer la diffusion du savoir tout au long de la vie, en particulier parmi les femmes, les filles et les personnes en situation de vulnérabilité<authorialNote marker="1" placement="bottom" eId="authorialNote_1"><p xml:space="preserve">		Voir le rapport du Secrétaire général intitulé « Édition spéciale : point sur les objectifs de développement durable » (E/2019/68), Objectif 4 « Assurer à tous une éducation équitable, inclusive et de qualité et des possibilités d'apprentissage tout au long de la vie ».</p></authorialNote>,</p>
      </container>
      <container name="Réaffirmant " eId="container_7">
        <p xml:space="preserve">
          <span class="italic">Réaffirmant </span>l’engagement pris dans le Programme de développement durable à l’horizon 2030 de faire en sorte que tous les élèves acquièrent les connaissances et compétences nécessaires pour promouvoir le développement durable, notamment par l’éducation en faveur du développement et de modes de vie durables, des droits de l’homme, de l’égalité des sexes et de l’autonomisation de toutes les femmes et de toutes les filles, de la promotion d’une culture de paix et de non-violence, de la citoyenneté mondiale et de l’appréciation de la diversité culturelle et de la contribution de la culture au développement durable,</p>
      </container>
      <container name="Réaffirmant également " eId="container_8">
        <p xml:space="preserve">
          <span class="italic">Réaffirmant également </span>les dispositions de sa résolution <a href="https://undocs.org/fr/A/RES/69/313">69/313</a> du 27 juillet 2015 sur le Programme d’action d’Addis-Abeba issu de la troisième Conférence internationale sur le financement du développement, qui appuie et complète le Programme de développement durable à l’horizon 2030 dont il fait partie intégrante, qui contribue à replacer dans leur contexte les cibles concernant les moyens de mise en œuvre grâce à l’adoption de politiques et mesures concrètes, et qui réaffirme la volonté politique résolue de faire face aux problèmes de financement et de créer, à tous les niveaux, un environnement propice au développement durable, dans un esprit de partenariat et de solidarité planétaires,</p>
      </container>
      <container name="Consciente" eId="container_9">
        <p xml:space="preserve">
          <span class="italic">Consciente</span> qu’il importe d’offrir une éducation de qualité à toutes les filles et tous les garçons pour réaliser le développement durable et, pour ce faire, d’atteindre les enfants vivant dans l’extrême pauvreté en milieu rural, les enfants handicapés, les enfants migrants et réfugiés et les enfants se trouvant dans des situations de conflit ou d’après conflit, ainsi que les autochtones et les enfants en situation de vulnérabilité, et de fournir un cadre d’apprentissage effectif, sûr, exempt de violence et ouvert à tous, et reconnaissant par ailleurs qu’il faut multiplier les investissements et renforcer la coopération internationale pour donner à tous les enfants une éducation préscolaire, primaire et secondaire gratuite, équitable et de qualité les dotant d’acquis véritablement utiles, notamment en généralisant et en renforçant des initiatives comme le Partenariat mondial pour l’éducation et en veillant à aménager les établissements scolaires pour accueillir les enfants, les personnes handicapées et les personnes de l’un et l’autre sexes et à accroître le pourcentage d’enseignants qualifiés dans les pays en développement, y compris grâce à la coopération internationale, en particulier dans les pays les moins avancés, les pays en développement sans littoral, les petits États insulaires en développement et les pays à revenu intermédiaire,</p>
      </container>
      <container name="&#x9;Constatant " eId="container_10">
        <p xml:space="preserve">
          <span class="italic">	Constatant </span>que, malgré les progrès accomplis en matière d’accès à l’éducation, les filles demeurent généralement plus nombreuses que les garçons à être tenues à l’écart du système éducatif en raison d’obstacles liés au sexe,</p>
      </container>
      <container name="&#x9;Consciente " eId="container_11">
        <p xml:space="preserve">
          <span class="italic">	Consciente </span>qu’il importe de faire en sorte que tous les enfants, les jeunes et les adultes sachent lire, écrire et compter d’ici à 2030,</p>
      </container>
      <container name="Consciente également" eId="container_12">
        <p xml:space="preserve">
          <span class="italic">Consciente également</span> qu’il importe d’adopter des stratégies en matière de science, de technologie et d’innovation comme éléments à part entière de toute stratégie nationale de développement durable, le but étant d’aider à renforcer la mutualisation des connaissances et la collaboration, ainsi que d’investir plus dans l’enseignement des sciences, de la technologie, de l’ingénierie et des mathématiques et de l’utilisation des outils numériques, et de renforcer l’enseignement technique et supérieur, la formation professionnelle et l’enseignement à distance en veillant à assurer aux femmes et aux filles l’égalité d’accès et en les encourageant à y participer,</p>
      </container>
      <container name="Consciente en outre" eId="container_13">
        <p xml:space="preserve">
          <span class="italic">Consciente en outre</span> que l’éducation joue un rôle important en vue de parvenir au développement durable, notamment dans le contexte du Programme de développement durable à l’horizon 2030, et de faire fond sur les objectifs du Millénaire pour le développement, le programme Action 21<authorialNote marker="2" placement="bottom" eId="authorialNote_2"><p xml:space="preserve"><span class="italic">Rapport de la Conférence des Nations Unies sur l’environnement et le développement, Rio de Janeiro, 3-14 juin 1992</span>, vol. I,<span class="italic"> Résolutions adoptées par la Conférence</span> (publication des Nations Unies, numéro de vente : F.93.I.8 et rectificatif), résolution 1, annexe II.</p></authorialNote>, le Plan de mise en œuvre du Sommet mondial pour le développement durable (« Plan de mise en œuvre de Johannesburg »)<authorialNote marker="3" placement="bottom" eId="authorialNote_3"><p xml:space="preserve"><span class="italic">Rapport du Sommet mondial pour le développement durable, Johannesburg (Afrique du Sud), 26 août-4 septembre 2002</span> (publication des Nations Unies, numéro de vente : F.03.II.A.1), chap. I, résolution 2, annexe.</p></authorialNote>, la Conférence des Nations Unies sur le développement durable, la Conférence mondiale sur l’éducation pour le développement durable organisée conjointement par le Gouvernement japonais et l’Organisation des Nations Unies pour l’éducation, la science et la culture et tenue à Aichi-Nagoya (Japon) du 10 au 12 novembre 2014, le Forum mondial sur l’éducation 2015, organisé à Incheon (République de Corée) du 19 au 22 mai 2015 et le Cadre d’action Éducation 2030, adopté par la Conférence générale de l’Organisation des Nations Unies pour l’éducation, la science et la culture à sa trente-huitième session, le 4 novembre 2015,</p>
      </container>
      <container name="Rappelant " eId="container_14">
        <p xml:space="preserve">
          <span class="italic">Rappelant </span>le Programme d’action mondial pour l’éducation au service du développement durable comme moyen d’assurer le suivi de la Décennie des Nations Unies pour l’éducation au service du développement durable après 2014<authorialNote marker="4" placement="bottom" eId="authorialNote_4"><p xml:space="preserve">		Voir <a href="https://undocs.org/fr/A/69/76">A/69/76</a>.</p></authorialNote>, de la Déclaration d’Aichi-Nagoya sur l’éducation au service du développement durable<authorialNote marker="5" placement="bottom" eId="authorialNote_5"><p xml:space="preserve"><a href="https://undocs.org/fr/A/70/228">A/70/228</a>, annexe.</p></authorialNote>, adoptée lors de la Conférence mondiale sur l’éducation pour le développement durable, et de la Déclaration d’Incheon issue du Forum mondial sur l’éducation 2015<authorialNote marker="6" placement="bottom" eId="authorialNote_6"><p xml:space="preserve">		Déclaration d’Incheon « Éducation 2030 : Vers une éducation de qualité inclusive et équitable et un apprentissage tout au long de la vie pour tous ».</p></authorialNote>,</p>
      </container>
      <container name="&#x9;Notant " eId="container_15">
        <p xml:space="preserve">
          <span class="italic">	Notant </span>que des avancées importantes ont été accomplies dans le cadre du Programme d’action mondial pour l’éducation au service du développement durable qui, fort de son réseau de partenaires clés regroupant 97 parties prenantes, a permis de mettre en place, auprès de 26 millions d’apprenants dans des cadres formels et informels, des programmes axés sur l’éducation en vue du développement durable et des projets spéciaux destinés à diffuser des connaissances et à susciter des initiatives au niveau local, les partenaires ayant contribué à former 2 millions d’éducateurs à l’éducation en vue du développement durable en adaptant les supports et les ressources aux besoins de ces derniers,</p>
      </container>
      <container name="Prenant note " eId="container_16">
        <p xml:space="preserve">
          <span class="italic">Prenant note </span>du cadre intitulé « L’éducation en vue du développement durable : vers la réalisation des objectifs de développement durable » (L’EDD pour 2030), approuvé par la Conférence générale de l’Organisation des Nations Unies pour l’éducation, la science et la culture à sa quarantième session,</p>
      </container>
      <container name="Réaffirmant" eId="container_17">
        <p xml:space="preserve">
          <span class="italic">Réaffirmant</span> sa résolution <a href="https://undocs.org/fr/A/RES/73/25">73/25</a> du 3 décembre 2018, par laquelle elle a proclamé le 24 janvier Journée internationale de l’éducation,</p>
      </container>
      <container name="Considérant" eId="container_18">
        <p xml:space="preserve">
          <span class="italic">Considérant</span> qu’il importe de promouvoir une approche intégrée de l’éducation au service du développement durable et d’encourager à approfondir l’interdisciplinarité entre les trois dimensions – économique, sociale et environnementale – du développement durable, y compris entre les différents domaines du savoir,</p>
      </container>
      <container name="Sachant" eId="container_19">
        <p xml:space="preserve">
          <span class="italic">Sachant</span> le rôle que joue l’éducation au service du développement durable s’agissant de sensibiliser tout un chacun à la nécessité, notamment, d’éliminer la pauvreté, d’adopter des modes de consommation et de production viables, de lutter contre les changements climatiques, de préserver la biodiversité et les écosystèmes, de bâtir des communautés capables de résister aux catastrophes et de promouvoir une culture de la paix et de la non-violence,</p>
      </container>
      <container name="Réitérant" eId="container_20">
          <p xml:space="preserve">
            <span class="italic">Réitérant</span> l’engagement de ne laisser personne de côté, réaffirmant qu’elle considère que la dignité de la personne humaine est fondamentale et souhaite que les objectifs et cibles se concrétisent au profit de toutes les nations, tous les peuples et toutes les composantes de la société, et s’engageant de nouveau à s’efforcer d’aider les plus défavorisés en premier,</p>
        </container>
      <container name="Vivement préoccupée" eId="container_21">
        <p xml:space="preserve">
          <span class="italic">Vivement préoccupée</span> par le risque de sous-financement de l’éducation et par les répercussions que les situations d’urgence humanitaire, en désorganisant les services éducatifs, ont sur les initiatives visant à assurer à tous une éducation équitable, inclusive et de qualité et des possibilités d’apprentissage tout au long de la vie, et consciente qu’il faut soutenir l’éducation préscolaire et promouvoir l’enseignement postsecondaire ainsi que l’apprentissage et la formation professionnelle dans les situations de conflit et de crise, où l’enseignement supérieur est un puissant facteur de changement en ce qu’il protège et met à l’abri un groupe important de jeunes, hommes et femmes, en préservant leurs espoirs pour l’avenir, favorise l’intégration et la non-discrimination, et sert de catalyseur pour le relèvement et la reconstruction des pays sortant d’un conflit,</p>
      </container>
    </preamble>
    <mainBody>
      <paragraph eId="para_22" class="SingleTxt">
        <num>	1.</num>
        <content eId="para_22__content">
          <p xml:space="preserve">
            <span class="italic">Prend note</span> du rapport de la Directrice générale de l’Organisation des Nations Unies pour l’éducation, la science et la culture sur la mise en œuvre de l’éducation au service du développement durable<authorialNote marker="7" placement="bottom" eId="authorialNote_7"><p xml:space="preserve"><a href="https://undocs.org/fr/A/74/258">A/74/258</a>.</p></authorialNote>, qui donne une vue d’ensemble de l’éducation au service du développement durable dans le cadre du Programme d’action mondial pour l’éducation au service du développement durable et du cadre intitulé « L’éducation en vue du développement durable : vers la réalisation des objectifs de développement durable » (L’EDD pour 2030) ;</p>
        </content>
      </paragraph>
      <paragraph eId="para_23" class="SingleTxt">
        <num>	2.</num>
        <content eId="para_23__content">
          <p xml:space="preserve">
            <span class="italic">Réaffirme</span> que l’éducation au service du développement durable est un pilier de la réalisation du développement durable, comme il ressort de la Déclaration d’Aichi-Nagoya sur l’éducation au service du développement durable<sup>5</sup>, qu’elle fait partie intégrante de l’objectif de développement durable relatif à l’éducation de qualité et qu’elle est un catalyseur essentiel de tous les autres objectifs de développement durable, et se réjouit que la communauté internationale y voie de plus en plus une composante de toute éducation de qualité et de la formation permanente ;</p>
        </content>
      </paragraph>
      <paragraph eId="para_24" class="SingleTxt">
        <num>	3.</num>
        <content eId="para_24__content">
          <p xml:space="preserve">
            <span class="italic">Appelle</span> la communauté internationale à assurer l’accès de tous à une éducation équitable et de qualité à tous les niveaux – préscolaire, primaire, secondaire et supérieur, y compris l’enseignement à distance et la formation technique et professionnelle – de manière à ce que tous, sans distinction de sexe, d’âge, de race ni d’appartenance ethnique, y compris les personnes handicapées, les migrants, les autochtones, les enfants et les jeunes, notamment ceux qui sont en situation de vulnérabilité, puissent accéder à l’apprentissage tout au long de leur vie et acquérir ainsi les connaissances et les compétences nécessaires pour participer pleinement à la vie de la société et contribuer au développement durable ;</p>
        </content>
      </paragraph>
      <paragraph eId="para_25" class="SingleTxt">
        <num>	4.</num>
        <content eId="para_25__content">
          <p xml:space="preserve">
            <span class="italic">Réaffirme</span> l’engagement, qui est au cœur même du Programme 2030, de ne laisser personne de côté et se dit résolue à prendre des mesures plus concrètes pour aider les personnes en situation de vulnérabilité et les pays les plus vulnérables, en donnant la priorité aux plus défavorisés ;</p>
        </content>
      </paragraph>
      <paragraph eId="para_26" class="SingleTxt">
        <num>	5.</num>
        <content eId="para_26__content">
          <p xml:space="preserve">
            <span class="italic">Encourage</span> les gouvernements et les autres parties prenantes concernées à multiplier les initiatives d’éducation au service du développement durable en mettant en œuvre le cadre intitulé « L’éducation en vue du développement durable : vers la réalisation des objectifs de développement durable » (L’EDD pour 2030) comme moyen d’assurer le suivi du Programme d’action mondial pour l’éducation au service du développement durable après 2014<sup>4</sup> ;</p>
        </content>
      </paragraph>
      <paragraph eId="para_27" class="SingleTxt">
        <num>	6.</num>
        <content eId="para_27__content">
          <p xml:space="preserve">
            <span class="italic">Note</span> que la conférence internationale de lancement du cadre intitulé « L’éducation en vue du développement durable : vers la réalisation des objectifs de développement durable » (L’EDD pour 2030), sera organisée par le Gouvernement allemand et se tiendra en juin 2020 à Berlin ;</p>
        </content>
      </paragraph>
      <paragraph eId="para_28" class="SingleTxt">
        <num>	7.</num>
        <content eId="para_28__content">
          <p xml:space="preserve">
            <span class="italic">Encourage</span> les gouvernements à redoubler d’efforts en vue d’intégrer et d’institutionnaliser l’éducation au service du développement durable dans le secteur de l’éducation et les autres secteurs concernés, selon qu’il conviendra, en particulier en y allouant des moyens financiers, en faisant une place à l’éducation au service du développement durable dans les politiques en la matière, en donnant aux décideurs, responsables du secteur et éducateurs les moyens de leur vocation et en renforçant la recherche et l’innovation, le suivi et l’évaluation dans le domaine de l’éducation au service du développement durable de manière à promouvoir la généralisation des bonnes pratiques ;</p>
        </content>
      </paragraph>
      <paragraph eId="para_29" class="SingleTxt">
        <num>	8.</num>
        <content eId="para_29__content">
          <p xml:space="preserve">
            <span class="italic">Invite</span> tous les pays, organisations intergouvernementales, organismes des Nations Unies, organisations non gouvernementales compétentes et toutes les autres parties intéressées à renforcer la coopération internationale pour aider les pays en développement à mettre pleinement l’éducation au service du développement durable ;</p>
        </content>
      </paragraph>
      <paragraph eId="para_30" class="SingleTxt">
        <num>	9.</num>
        <content eId="para_30__content">
          <p xml:space="preserve">
            <span class="italic">Souligne</span> qu’il importe de continuer d’élaborer et de mettre en œuvre des programmes d’éducation et de sensibilisation du public, de former du personnel scientifique et technique et du personnel de gestion, de faciliter l’accès à l’information et de promouvoir la participation du public au règlement des problèmes posés par les changements climatiques ;</p>
        </content>
      </paragraph>
      <paragraph eId="para_31" class="SingleTxt">
        <num>	10.</num>
        <content eId="para_31__content">
          <p xml:space="preserve">
            <span class="italic">Décide</span> de continuer de prendre en considération, le cas échéant, la contribution de l’éducation au service du développement durable à l’occasion du suivi et de l’examen du Programme de développement durable à l’horizon 2030<authorialNote marker="8" placement="bottom" eId="authorialNote_8"><p xml:space="preserve">	 	Résolution <a href="https://undocs.org/fr/A/RES/70/1">70/1</a>.</p></authorialNote> ;</p>
        </content>
      </paragraph>
      <paragraph eId="para_32" class="SingleTxt">
        <num>	11.</num>
        <content eId="para_32__content">
          <p xml:space="preserve">
            <span class="italic">Invite</span> l’Organisation des Nations Unies pour l’éducation, la science et la culture, en sa qualité d’institution spécialisée des Nations Unies pour l’éducation, à poursuivre la mission qui lui a été confiée de diriger et de coordonner l’action menée en faveur de l’éducation au titre du Programme 2030, notamment par l’intermédiaire du Comité directeur Objectif de développement durable n<sup>o</sup> 4‑Éducation 2030, mécanisme de consultation et de coordination mondial associant toutes les parties prenantes au volet éducation du Programme de développement durable à l’horizon 2030, conformément au processus de suivi et d’examen du Programme 2030 ;</p>
        </content>
      </paragraph>
      <paragraph eId="para_33" class="SingleTxt">
        <num>	12.</num>
        <content eId="para_33__content">
          <p xml:space="preserve">
            <span class="italic">Invite également</span> l’Organisation des Nations Unies pour l’éducation, la science et la culture, en sa qualité d’organisme chef de file pour l’éducation au service du développement durable, à coordonner la mise en œuvre du cadre intitulé « L’éducation en vue du développement durable : vers la réalisation des objectifs de développement durable » (L’EDD pour 2030), en coopération avec les gouvernements, les organismes, fonds et programmes des Nations Unies, les organisations non gouvernementales et les autres parties intéressées, et d’insister sur l’importance de veiller à ce que des ressources suffisantes soient allouées à l’éducation au service du développement durable, et demande aux organismes des Nations Unies d’adopter une démarche soucieuse d’égalité entre les sexes dans l’application du cadre ;</p>
        </content>
      </paragraph>
      <paragraph eId="para_34" class="SingleTxt">
        <num>	13.</num>
        <content eId="para_34__content">
          <p xml:space="preserve">
            <span class="italic">Invite</span> les organisations du système des Nations Unies, en particulier l’Organisation des Nations Unies pour l’éducation, la science et la culture, à continuer d’aider les États qui en font la demande à se donner les moyens de promouvoir l’éducation au service du développement durable, notamment grâce à la mise en commun des connaissances, l’établissement de normes communes, l’autonomisation et la mobilisation des jeunes, l’échange de pratiques de référence, la collecte de données, la recherche et la réalisation d’études ;</p>
        </content>
      </paragraph>
      <paragraph eId="para_35" class="SingleTxt">
        <num>	14.</num>
        <content eId="para_35__content">
          <p xml:space="preserve">
            <span class="italic">Invite</span> l’Organisation des Nations Unies pour l’éducation, la science et la culture et les autres organismes des Nations Unies concernés à continuer d’évaluer, en consultation avec les États Membres, les progrès accomplis en faveur de l’éducation au service du développement durable ;</p>
        </content>
      </paragraph>
      <paragraph eId="para_36" class="SingleTxt">
        <num>	15.</num>
        <content eId="para_36__content">
          <p xml:space="preserve">
            <span class="italic">Engage</span> tous les pays, organisations intergouvernementales compétentes, organismes des Nations Unies, organisations non gouvernementales compétentes et autres parties intéressées à prendre dûment en considération la contribution de l’éducation à la réalisation du développement durable en arrêtant des politiques de développement nationales, régionales et internationales et des instruments de coopération internationale ;</p>
        </content>
      </paragraph>
      <paragraph eId="para_37" class="SingleTxt">
        <num>	16.</num>
        <content eId="para_37__content">
          <p xml:space="preserve">
            <span class="italic">Prie</span> le Secrétaire général de lui présenter, à sa soixante-seizième session, un rapport sur l’application concrète de la présente résolution, et décide d’inscrire à l’ordre du jour provisoire de sa soixante-seizième session, au titre de la question intitulée « Développement durable », la question subsidiaire intitulée « L’éducation au service du développement durable ».</p>
        </content>
      </paragraph>
    </mainBody>
    <conclusions eId="conclusions">
      <p>
        <inline name="adoptionMeeting" title="52e">52e séance plénière</inline>
        <eol />
        <docDate date="2019-12-19" refersTo="#adoptionDate">19 décembre 2019</docDate>
      </p>
    </conclusions>
  </statement>
</akomaNtoso>