<akomaNtoso xmlns:xsi="http://www.w3.org/2001/XMLSchema-instance" xsi:schemaLocation="http://docs.oasis-open.org/legaldocml/ns/akn/3.0 http://docs.oasis-open.org/legaldocml/akn-core/v1.0/os/part2-specs/schemas/akomantoso30.xsd" xmlns="http://docs.oasis-open.org/legaldocml/ns/akn/3.0" xmlns:html="http://www.w3.org/1999/xhtml" xmlns:akn4un="http://un.org/akn4un">
  <statement name="resolution">
    <meta>
      <identification source="#DGACM">
        <FRBRWork>
          <FRBRthis value="/akn/un/statement/deliberation/unga/2019-12-12/74-24/!main/"></FRBRthis>
          <FRBRuri value="/akn/un/statement/deliberation/unga/2019-12-12/74-24/"></FRBRuri>
          <FRBRdate date="2019-12-12" name="adoption"></FRBRdate>
          <FRBRauthor href="ga" as="author"></FRBRauthor>
          <FRBRcountry value="un"></FRBRcountry>
        </FRBRWork>
        <FRBRExpression>
          <FRBRthis value="/akn/un/statement/deliberation/unga/2019-12-12/74-24/fra@!main/"></FRBRthis>
          <FRBRuri value="/akn/un/statement/deliberation/unga/2019-12-12/74-24/fra@/"></FRBRuri>
          <FRBRdate date="2019-12-18" name="publication"></FRBRdate>
          <FRBRauthor href="ga" as="issuer"></FRBRauthor>
          <FRBRlanguage language="fra"></FRBRlanguage>
        </FRBRExpression>
        <FRBRManifestation>
          <FRBRthis value="/akn/un/statement/deliberation/unga/2019-12-12/74-24/fra@/!main.xml"></FRBRthis>
          <FRBRuri value="/akn/un/statement/deliberation/unga/2019-12-12/74-24/fra@.xml"></FRBRuri>
          <FRBRdate date="2020-08-19" name="markup"></FRBRdate>
          <FRBRauthor href="DGACM" as="editor"></FRBRauthor>
        </FRBRManifestation>
      </identification>
      <classification source="http://metadata.un.org/sdg">
        <keyword value="16" href="http://metadata.un.org/sdg/16" showAs="sdg_16" dictionary="SDGO"></keyword>
        <keyword value="right_to_justice" href="http://eurovoc.europa.eu/516" showAs="right_to_justice" dictionary="EuroVoc"></keyword>
        <keyword value="sustainable_development" href="http://eurovoc.europa.eu/5585" showAs="sustainable_development" dictionary="EuroVoc"></keyword>
        <keyword value="civil_society" href="http://metadata.un.org/thesaurus/1001012" showAs="civil_society" dictionary="UNBIS Thesaurus"></keyword>
        <keyword value="justice" href="http://metadata.un.org/thesaurus/1003500" showAs="justice" dictionary="UNBIS Thesaurus"></keyword>
        <keyword value="peaceful_coexistence" href="http://metadata.un.org/thesaurus/1004777" showAs="peaceful_coexistence" dictionary="UNBIS Thesaurus"></keyword>
        <keyword value="public_institutions" href="http://metadata.un.org/thesaurus/1005254" showAs="public_institutions" dictionary="UNBIS Thesaurus"></keyword>
        <keyword value="social_justice" href="http://metadata.un.org/thesaurus/1005970" showAs="social_justice" dictionary="UNBIS Thesaurus"></keyword>
        <keyword value="sustainable_development" href="http://metadata.un.org/thesaurus/1006319" showAs="sustainable_development" dictionary="UNBIS Thesaurus"></keyword>
      </classification>
      <classification source="http://metadata.un.org/sdg">
        <keyword value="17" href="http://metadata.un.org/sdg/17" showAs="sdg_17" dictionary="SDGO"></keyword>
        <keyword value="sustainable_development" href="http://eurovoc.europa.eu/5585" showAs="sustainable_development" dictionary="EuroVoc"></keyword>
        <keyword value="partnership" href="http://eurovoc.europa.eu/4199" showAs="partnership" dictionary="EuroVoc"></keyword>
        <keyword value="sustainable_development" href="http://metadata.un.org/thesaurus/1006319" showAs="sustainable_development" dictionary="UNBIS Thesaurus"></keyword>
        <keyword value="partnership" href="http://metadata.un.org/thesaurus/1004748" showAs="partnership" dictionary="UNBIS Thesaurus"></keyword>
      </classification>
      <workflow source="#un">
        <step date="2019-10-21" outcome="draftResolution" as="A/C.1/74/L.51" by="Angola, Australia, Austria, Belgium, Bulgaria, Canada, Chile, China, Croatia, Czechia, Denmark, Estonia, Finland, France, Germany, Greece, Ireland, Italy, Japan, Latvia, Lithuania, Luxembourg, Malta, Montenegro, Netherlands, Poland, Portugal, Romania, Slovakia, Slovenia, Spain, Sweden and Switzerland" />
        <step date="0001-01-01" outcome="draftResolutionAdditionalSponsors" by="Andorra, Argentina, Armenia, Bosnia and Herzegovina, Cyprus, Hungary, Liechtenstein, North Macedonia, Norway, Republic of Korea, Republic of Moldova, San Marino, Serbia, Thailand, Turkey, United Kingdom and United States" />
        <step date="0001-01-01" outcome="recommendedForAdoption" as="A/74/360" by="" refersTo="8" />
        <step date="2019-12-12" outcome="adopted" as="A/74/PV.46" by="" />
      </workflow>
      <analysis source="#un">
        <parliamentary>
          <voting outcome="adoptedRecordedVote">
            <count value="176" refersTo="inFavour">
              <akn4un:voters>
                <organization refersTo="memberState">AFGHANISTAN</organization>
                <organization refersTo="memberState">ALBANIA</organization>
                <organization refersTo="memberState">ALGERIA</organization>
                <organization refersTo="memberState">ANDORRA</organization>
                <organization refersTo="memberState">ANGOLA</organization>
                <organization refersTo="memberState">ANTIGUA AND BARBUDA</organization>
                <organization refersTo="memberState">ARGENTINA</organization>
                <organization refersTo="memberState">ARMENIA</organization>
                <organization refersTo="memberState">AUSTRALIA</organization>
                <organization refersTo="memberState">AUSTRIA</organization>
                <organization refersTo="memberState">AZERBAIJAN</organization>
                <organization refersTo="memberState">BAHAMAS</organization>
                <organization refersTo="memberState">BAHRAIN</organization>
                <organization refersTo="memberState">BANGLADESH</organization>
                <organization refersTo="memberState">BARBADOS</organization>
                <organization refersTo="memberState">BELARUS</organization>
                <organization refersTo="memberState">BELGIUM</organization>
                <organization refersTo="memberState">BELIZE</organization>
                <organization refersTo="memberState">BENIN</organization>
                <organization refersTo="memberState">BHUTAN</organization>
                <organization refersTo="memberState">BOLIVIA (PLURINATIONAL STATE OF)</organization>
                <organization refersTo="memberState">BOSNIA AND HERZEGOVINA</organization>
                <organization refersTo="memberState">BOTSWANA</organization>
                <organization refersTo="memberState">BRAZIL</organization>
                <organization refersTo="memberState">BRUNEI DARUSSALAM</organization>
                <organization refersTo="memberState">BULGARIA</organization>
                <organization refersTo="memberState">BURKINA FASO</organization>
                <organization refersTo="memberState">BURUNDI</organization>
                <organization refersTo="memberState">CABO VERDE</organization>
                <organization refersTo="memberState">CAMBODIA</organization>
                <organization refersTo="memberState">CAMEROON</organization>
                <organization refersTo="memberState">CANADA</organization>
                <organization refersTo="memberState">CENTRAL AFRICAN REPUBLIC</organization>
                <organization refersTo="memberState">CHAD</organization>
                <organization refersTo="memberState">CHILE</organization>
                <organization refersTo="memberState">CHINA</organization>
                <organization refersTo="memberState">COLOMBIA</organization>
                <organization refersTo="memberState">COMOROS</organization>
                <organization refersTo="memberState">COSTA RICA</organization>
                <organization refersTo="memberState">COTE D'IVOIRE</organization>
                <organization refersTo="memberState">CROATIA</organization>
                <organization refersTo="memberState">CUBA</organization>
                <organization refersTo="memberState">CYPRUS</organization>
                <organization refersTo="memberState">CZECHIA</organization>
                <organization refersTo="memberState">DEMOCRATIC REPUBLIC OF THE CONGO</organization>
                <organization refersTo="memberState">DENMARK</organization>
                <organization refersTo="memberState">DJIBOUTI</organization>
                <organization refersTo="memberState">DOMINICAN REPUBLIC</organization>
                <organization refersTo="memberState">ECUADOR</organization>
                <organization refersTo="memberState">EGYPT</organization>
                <organization refersTo="memberState">EL SALVADOR</organization>
                <organization refersTo="memberState">ERITREA</organization>
                <organization refersTo="memberState">ESTONIA</organization>
                <organization refersTo="memberState">ESWATINI</organization>
                <organization refersTo="memberState">ETHIOPIA</organization>
                <organization refersTo="memberState">FIJI</organization>
                <organization refersTo="memberState">FINLAND</organization>
                <organization refersTo="memberState">FRANCE</organization>
                <organization refersTo="memberState">GABON</organization>
                <organization refersTo="memberState">GAMBIA</organization>
                <organization refersTo="memberState">GEORGIA</organization>
                <organization refersTo="memberState">GERMANY</organization>
                <organization refersTo="memberState">GHANA</organization>
                <organization refersTo="memberState">GREECE</organization>
                <organization refersTo="memberState">GUATEMALA</organization>
                <organization refersTo="memberState">GUINEA-BISSAU</organization>
                <organization refersTo="memberState">GUYANA</organization>
                <organization refersTo="memberState">HAITI</organization>
                <organization refersTo="memberState">HONDURAS</organization>
                <organization refersTo="memberState">HUNGARY</organization>
                <organization refersTo="memberState">ICELAND</organization>
                <organization refersTo="memberState">INDIA</organization>
                <organization refersTo="memberState">INDONESIA</organization>
                <organization refersTo="memberState">IRAN (ISLAMIC REPUBLIC OF)</organization>
                <organization refersTo="memberState">IRAQ</organization>
                <organization refersTo="memberState">IRELAND</organization>
                <organization refersTo="memberState">ISRAEL</organization>
                <organization refersTo="memberState">ITALY</organization>
                <organization refersTo="memberState">JAMAICA</organization>
                <organization refersTo="memberState">JAPAN</organization>
                <organization refersTo="memberState">JORDAN</organization>
                <organization refersTo="memberState">KAZAKHSTAN</organization>
                <organization refersTo="memberState">KENYA</organization>
                <organization refersTo="memberState">KIRIBATI</organization>
                <organization refersTo="memberState">KUWAIT</organization>
                <organization refersTo="memberState">KYRGYZSTAN</organization>
                <organization refersTo="memberState">LAO PEOPLE'S DEMOCRATIC REPUBLIC</organization>
                <organization refersTo="memberState">LATVIA</organization>
                <organization refersTo="memberState">LEBANON</organization>
                <organization refersTo="memberState">LESOTHO</organization>
                <organization refersTo="memberState">LIBERIA</organization>
                <organization refersTo="memberState">LIBYA</organization>
                <organization refersTo="memberState">LIECHTENSTEIN</organization>
                <organization refersTo="memberState">LITHUANIA</organization>
                <organization refersTo="memberState">LUXEMBOURG</organization>
                <organization refersTo="memberState">MADAGASCAR</organization>
                <organization refersTo="memberState">MALAYSIA</organization>
                <organization refersTo="memberState">MALDIVES</organization>
                <organization refersTo="memberState">MALI</organization>
                <organization refersTo="memberState">MALTA</organization>
                <organization refersTo="memberState">MARSHALL ISLANDS</organization>
                <organization refersTo="memberState">MAURITANIA</organization>
                <organization refersTo="memberState">MAURITIUS</organization>
                <organization refersTo="memberState">MEXICO</organization>
                <organization refersTo="memberState">MONACO</organization>
                <organization refersTo="memberState">MONGOLIA</organization>
                <organization refersTo="memberState">MONTENEGRO</organization>
                <organization refersTo="memberState">MOROCCO</organization>
                <organization refersTo="memberState">MOZAMBIQUE</organization>
                <organization refersTo="memberState">MYANMAR</organization>
                <organization refersTo="memberState">NAMIBIA</organization>
                <organization refersTo="memberState">NEPAL</organization>
                <organization refersTo="memberState">NETHERLANDS</organization>
                <organization refersTo="memberState">NEW ZEALAND</organization>
                <organization refersTo="memberState">NICARAGUA</organization>
                <organization refersTo="memberState">NIGER</organization>
                <organization refersTo="memberState">NIGERIA</organization>
                <organization refersTo="memberState">NORTH MACEDONIA</organization>
                <organization refersTo="memberState">NORWAY</organization>
                <organization refersTo="memberState">OMAN</organization>
                <organization refersTo="memberState">PAKISTAN</organization>
                <organization refersTo="memberState">PANAMA</organization>
                <organization refersTo="memberState">PARAGUAY</organization>
                <organization refersTo="memberState">PERU</organization>
                <organization refersTo="memberState">PHILIPPINES</organization>
                <organization refersTo="memberState">POLAND</organization>
                <organization refersTo="memberState">PORTUGAL</organization>
                <organization refersTo="memberState">QATAR</organization>
                <organization refersTo="memberState">REPUBLIC OF KOREA</organization>
                <organization refersTo="memberState">REPUBLIC OF MOLDOVA</organization>
                <organization refersTo="memberState">ROMANIA</organization>
                <organization refersTo="memberState">RUSSIAN FEDERATION</organization>
                <organization refersTo="memberState">RWANDA</organization>
                <organization refersTo="memberState">SAINT KITTS AND NEVIS</organization>
                <organization refersTo="memberState">SAINT LUCIA</organization>
                <organization refersTo="memberState">SAMOA</organization>
                <organization refersTo="memberState">SAN MARINO</organization>
                <organization refersTo="memberState">SAO TOME AND PRINCIPE</organization>
                <organization refersTo="memberState">SAUDI ARABIA</organization>
                <organization refersTo="memberState">SENEGAL</organization>
                <organization refersTo="memberState">SERBIA</organization>
                <organization refersTo="memberState">SEYCHELLES</organization>
                <organization refersTo="memberState">SIERRA LEONE</organization>
                <organization refersTo="memberState">SINGAPORE</organization>
                <organization refersTo="memberState">SLOVAKIA</organization>
                <organization refersTo="memberState">SLOVENIA</organization>
                <organization refersTo="memberState">SOLOMON ISLANDS</organization>
                <organization refersTo="memberState">SOUTH AFRICA</organization>
                <organization refersTo="memberState">SOUTH SUDAN</organization>
                <organization refersTo="memberState">SPAIN</organization>
                <organization refersTo="memberState">SRI LANKA</organization>
                <organization refersTo="memberState">SUDAN</organization>
                <organization refersTo="memberState">SURINAME</organization>
                <organization refersTo="memberState">SWEDEN</organization>
                <organization refersTo="memberState">SWITZERLAND</organization>
                <organization refersTo="memberState">SYRIAN ARAB REPUBLIC</organization>
                <organization refersTo="memberState">TAJIKISTAN</organization>
                <organization refersTo="memberState">THAILAND</organization>
                <organization refersTo="memberState">TIMOR-LESTE</organization>
                <organization refersTo="memberState">TOGO</organization>
                <organization refersTo="memberState">TRINIDAD AND TOBAGO</organization>
                <organization refersTo="memberState">TUNISIA</organization>
                <organization refersTo="memberState">TURKEY</organization>
                <organization refersTo="memberState">UGANDA</organization>
                <organization refersTo="memberState">UKRAINE</organization>
                <organization refersTo="memberState">UNITED ARAB EMIRATES</organization>
                <organization refersTo="memberState">UNITED KINGDOM</organization>
                <organization refersTo="memberState">UNITED STATES</organization>
                <organization refersTo="memberState">URUGUAY</organization>
                <organization refersTo="memberState">UZBEKISTAN</organization>
                <organization refersTo="memberState">VANUATU</organization>
                <organization refersTo="memberState">VENEZUELA (BOLIVARIAN REPUBLIC OF)</organization>
                <organization refersTo="memberState">VIET NAM</organization>
                <organization refersTo="memberState">YEMEN</organization>
                <organization refersTo="memberState">ZAMBIA</organization>
                <organization refersTo="memberState">ZIMBABWE</organization>
              </akn4un:voters>
            </count>
            <count value="2" refersTo="abstaining">
              <akn4un:voters>
                <organization refersTo="memberState">MALAWI</organization>
                <organization refersTo="memberState">PALAU</organization>
              </akn4un:voters>
            </count>
          </voting>
        </parliamentary>
      </analysis>
      <references source="#DGACM">
        <TLCOrganization eId="source" href="/akn/ontology/organization/un/DGACM" showAs="DGACM"></TLCOrganization>
        <TLCConcept eId="dateOfIssuance" href="/akn/ontology/concept/un/dateOfIssuance" showAs="Date of issuance"></TLCConcept>
        <TLCConcept eId="dateOfAdoption" href="/akn/ontology/concept/un/dateOfAdoption" showAs="Date of adoption"></TLCConcept>
        <TLCConcept eId="symbol" href="/akn/ontology/reference/un/symbol" showAs="Symbol"></TLCConcept>
        <TLCRole eId="publisher" href="/akn/ontology/role/un/publisher" showAs="Publisher"></TLCRole>
        <TLCRole eId="issuingBody" href="/akn/role/concept/un/issuingBody" showAs="Issuing body"></TLCRole>
        <TLCRole eId="author" href="/akn/ontology/role/un/author" showAs="Author"></TLCRole>
        <TLCRole eId="editor" href="/akn/ontology/role/un/editor" showAs="Editor"></TLCRole>
        <TLCRole eId="distribution" href="/akn/ontology/concept/un/generalDistribution" showAs="General distribution"></TLCRole>
        <TLCOrganization eId="ga" href="/akn/ontology/organization/un/generalAssembly" showAs="General Assembly"></TLCOrganization>
        <TLCTerm eId="resolutionTitle" href="/akn/ontology/reference/un/resolutionTitle" showAs="Resolution title"></TLCTerm>
        <TLCTerm eId="firstCommittee" href="#firstCommittee" showAs="Première Commission"></TLCTerm>
        <TLCTerm eId="memberState" href="/akn/ontology/organization/un/memberState" showAs="Member State"></TLCTerm>
        <TLCTerm eId="inFavour" href="/akn/ontology/concept/un/voting/inFavour" showAs="In favour"></TLCTerm>
        <TLCTerm eId="against" href="/akn/ontology/concept/un/voting/against" showAs="Against"></TLCTerm>
        <TLCTerm eId="abstaining" href="/akn/ontology/concept/un/voting/abstaining" showAs="Abstaining"></TLCTerm>
      </references>
      <presentation source="#un">
        <akn4un:footerFirstPage>
          <akn4un:footerFirstPageLeft>
            <akn4un:internalCode>
              <docketNumber refersTo="#publicationJobNumber">19-21672 (F)</docketNumber>
              <img alt="bar code" class="barCode" src=""></img>
            </akn4un:internalCode>
          </akn4un:footerFirstPageLeft>
          <akn4un:footerFirstPageRight>
            <img alt="Please recycle" class="image" src="./recylcleLogo.jpg"></img>
            <img alt="embedded QR code" class="qrCode" src=""></img>
          </akn4un:footerFirstPageRight>
        </akn4un:footerFirstPage>
      </presentation>
    </meta>
    <coverPage eId="coverPage_1">
      <p>
        <span refersTo="#publisher" class="upperLeft">
          <docAuthority refersTo="#publisher">Nations Unies</docAuthority>
        </span>
      </p>
      <p class="upperRight">
        <docNumber refersTo="#symbol">A/RES/74/24</docNumber>
      </p>
      <p class="upperLeft">
        <img src="logo-un.jpg"></img>
        <docAuthority refersTo="#issuingBody" class="rightBig">Assemblée générale</docAuthority>
      </p>
      <p>
        <docStatus refersTo="#generalDistribution" class="rightSmall">Distr. générale</docStatus>
      </p>
      <p>
        <docDate date="2019-12-18" class="rightSmall" refersTo="#dateOfIssuance">18 décembre 2019</docDate>
      </p>
      <p>
        <session refersTo="#generalAssembly" value="74" eId="coverPage_1__session_1">Soixante-quatorzième session</session>
      </p>
      <p>
        <inline name="agenda item">Point 89 b) de l’ordre du jour</inline>
      </p>
      <p>
        <inline name="agenda item name">Réduction des budgets militaires : information objective sur les questions militaires, y compris la transparence des dépenses militaires</inline>
      </p>
      <p>
        <docTitle>Résolution adoptée par l’Assemblée générale le 12 décembre 2019</docTitle>
      </p>
      <p xml:space="preserve">
        <docProponent refersTo="#firstCommittee">[sur la base du rapport de la Première Commission (<inline name="originating document">A/74/360</inline>)]</docProponent>
      </p>
    </coverPage>
    <preface>
      <p>
        <docNumber>74/24.</docNumber>
        <docTitle refersTo="#resolutionTitle">Information objective sur les questions militaires, y compris la transparence des dépenses militaires</docTitle>
      </p>
    </preface>
    <preamble>
      <formula name="enactingFormula" eId="formula_1">
        <p xml:space="preserve">
          <span class="italic">L’Assemblée générale</span>,</p>
      </formula>
      <container name="Rappelant" eId="container_2">
        <p xml:space="preserve">
          <span class="italic">Rappelant</span> ses résolutions <a href="https://undocs.org/fr/A/RES/53/72">53/72</a> du 4 décembre 1998, <a href="https://undocs.org/fr/A/RES/54/43">54/43</a> du 1<sup>er</sup> décembre 1999, <a href="https://undocs.org/fr/A/RES/56/14">56/14</a> du 29 novembre 2001, <a href="https://undocs.org/fr/A/RES/58/28">58/28</a> du 8 décembre 2003, <a href="https://undocs.org/fr/A/RES/60/44">60/44</a> du 8 décembre 2005, <a href="https://undocs.org/fr/A/RES/62/13">62/13</a> du 5 décembre 2007, <a href="https://undocs.org/fr/A/RES/64/22">64/22</a> du 2 décembre 2009, <a href="https://undocs.org/fr/A/RES/66/20">66/20</a> du 2 décembre 2011, <a href="https://undocs.org/fr/A/RES/68/23">68/23</a> du 5 décembre 2013, <a href="https://undocs.org/fr/A/RES/70/21">70/21</a> du 7 décembre 2015 et <a href="https://undocs.org/fr/A/RES/72/20">72/20</a> du 4 décembre 2017 relatives à l’information objective sur les questions militaires, y compris la transparence des dépenses militaires,</p>
      </container>
      <container name="Rappelant également" eId="container_3">
        <p xml:space="preserve">
          <span class="italic">Rappelant également</span> sa résolution <a href="https://undocs.org/fr/A/RES/35/142">35/142</a> B du 12 décembre 1980, qui a institué le système des Nations Unies pour l’établissement de rapports normalisés sur les dépenses militaires, ses résolutions <a href="https://undocs.org/fr/A/RES/48/62">48/62</a> du 16 décembre 1993, <a href="https://undocs.org/fr/A/RES/49/66">49/66</a> du 15 décembre 1994, <a href="https://undocs.org/fr/A/RES/51/38">51/38</a> du 10 décembre 1996 et <a href="https://undocs.org/fr/A/RES/52/32">52/32</a> du 9 décembre 1997, par lesquelles elle a demandé à tous les États Membres d’appliquer ce système, et sa résolution <a href="https://undocs.org/fr/A/RES/47/54">47/54</a> B du 9 décembre 1992, par laquelle elle a approuvé les directives et les recommandations pour une information objective sur les questions militaires et invité les États Membres à fournir au Secrétaire général des renseignements sur la façon dont ils les appliquent,</p>
      </container>
      <container name="Notant" eId="container_4">
        <p xml:space="preserve">
          <span class="italic">Notant</span> que, depuis lors, un certain nombre d’États Membres appartenant à des régions géographiques différentes ont présenté des rapports sur leurs dépenses militaires et sur les directives et les recommandations pour une information objective sur les questions militaires,</p>
      </container>
      <container name="Convaincue " eId="container_5">
        <p xml:space="preserve">
          <span class="italic">Convaincue </span>que la transparence en matière militaire est essentielle pour instaurer un climat de confiance entre les États à l’échelle mondiale et que l’amélioration de la circulation d’informations objectives sur les questions militaires peut aider à apaiser les tensions internationales et, ainsi, contribuer grandement à la prévention des conflits,</p>
      </container>
      <container name="Notant" eId="container_6">
        <p xml:space="preserve">
          <span class="italic">Notant</span> que le système pour l’établissement de rapports normalisés qu’elle a institué par sa résolution <a href="https://undocs.org/fr/A/RES/35/142">35/142</a> B est un instrument précieux pour améliorer la transparence en matière militaire,</p>
      </container>
      <container name="Consciente" eId="container_7">
        <p xml:space="preserve">
          <span class="italic">Consciente</span> qu’une participation plus large de tous les États Membres au système pour l’établissement de rapports normalisés renforcerait encore la valeur de celui-ci,</p>
      </container>
      <container name="Notant" eId="container_8">
        <p xml:space="preserve">
          <span class="italic">Notant</span> qu’un examen périodique du mécanisme du Rapport des Nations Unies sur les dépenses militaires pourrait en faciliter l’amélioration et en garantir durablement la pertinence et le bon fonctionnement, et rappelant que, dans sa résolution <a href="https://undocs.org/fr/A/RES/66/20">66/20</a>, elle a recommandé de mettre en place une procédure d’examen périodique de la pertinence et du fonctionnement du Rapport,</p>
      </container>
      <container name="Rappelant" eId="container_9">
        <p xml:space="preserve">
          <span class="italic">Rappelant</span>, à ce propos, le rapport du Secrétaire général sur les moyens d’appliquer les directives et les recommandations pour une information objective sur les questions militaires, y compris sur les moyens de renforcer et d’élargir la participation au système pour l’établissement de rapports normalisés<authorialNote marker="1" placement="bottom" eId="authorialNote_1"><p xml:space="preserve"><a href="https://undocs.org/fr/A/54/298">A/54/298</a>.</p></authorialNote>,</p>
      </container>
      <container name="Rappelant également" eId="container_10">
        <p xml:space="preserve">
          <span class="italic">Rappelant également</span> le rapport du Groupe d’experts gouvernementaux chargé d’étudier le fonctionnement et le perfectionnement de l’Instrument normalisé des Nations Unies pour la publication de l’information relative aux dépenses militaires, dans lequel le Groupe a réfléchi à de nouvelles mesures visant à mieux appliquer les directives et les recommandations pour une information objective sur les questions militaires, notamment aux moyens de renforcer et d’élargir la participation à cet instrument<authorialNote marker="2" placement="bottom" eId="authorialNote_2"><p xml:space="preserve"><a href="https://undocs.org/fr/A/66/89">A/66/89</a>, <a href="https://undocs.org/fr/A/66/89/Corr.2">A/66/89/Corr.2</a> et <a href="https://undocs.org/fr/A/66/89/Corr.3">A/66/89/Corr.3</a>.</p></authorialNote>,</p>
      </container>
      <container name="Appréciant" eId="container_11">
        <p xml:space="preserve">
          <span class="italic">Appréciant</span> la plateforme Web interactive du Secrétariat relatives aux dépenses militaires, sur laquelle des renseignements peuvent être communiqués en ligne, ce qui facilite la présentation de rapports en la rendant plus conviviale<authorialNote marker="3" placement="bottom" eId="authorialNote_3"><p xml:space="preserve">		Voir <a href="https://www.un.org/disarmament/fr/convarms/depenses-militaires/">www.un.org/disarmament/milex</a>.</p></authorialNote>, conformément à sa résolution <a href="https://undocs.org/fr/A/RES/66/20">66/20</a>,</p>
      </container>
      <container name="Notant" eId="container_12">
        <p xml:space="preserve">
          <span class="italic">Notant</span> que plusieurs organisations régionales s’efforcent de promouvoir la transparence des dépenses militaires, notamment au moyen d’échanges annuels normalisés d’informations pertinentes entre leurs États membres,</p>
      </container>
      <container name="Soulignant" eId="container_13">
        <p xml:space="preserve">
          <span class="italic">Soulignant</span> que le Rapport sur les dépenses militaires conserve toute son importance au vu de la situation politique et économique actuelle,</p>
      </container>
      <container name="Rappelant" eId="container_14">
        <p xml:space="preserve">
          <span class="italic">Rappelant</span> que, dans sa résolution <a href="https://undocs.org/fr/A/RES/66/20">66/20</a>, elle a recommandé qu’aux fins de la présentation par les États Membres d’informations sur leurs dépenses militaires dans le cadre du Rapport sur les dépenses militaires, l’expression « dépenses militaires » désigne tous les moyens financiers qu’un État consacre à l’entretien et aux missions de ses forces armées, et que les informations sur les dépenses militaires correspondent aux dépenses effectives aux prix courants et en monnaie nationale,</p>
      </container>
      <container name="Ayant à l’esprit" eId="container_15">
        <p xml:space="preserve">
          <span class="italic">Ayant à l’esprit</span> les dispositions de la Charte des Nations Unies, notamment celles de l’Article 26,</p>
      </container>
    </preamble>
    <mainBody>
      <paragraph eId="para_16" class="SingleTxt">
        <num>	1.</num>
        <content eId="para_16__content">
          <p xml:space="preserve">
            <span class="italic">Demande</span> aux États Membres, afin d’assurer la participation la plus large possible au système, de rendre compte chaque année au Secrétaire général, le 30 avril au plus tard, de leurs dépenses militaires pour le dernier exercice pour lequel des données sont disponibles, en utilisant de préférence et dans la mesure du possible un des formulaires préétablis disponibles en ligne, y compris, le cas échéant, une déclaration d’un montant unique ou d’absence de dépenses militaires ou tout autre modèle analogue mis au point pour la présentation d’informations sur les dépenses militaires à d’autres organisations internationales ou régionales ;</p>
        </content>
      </paragraph>
      <paragraph eId="para_17" class="SingleTxt">
        <num>	2.</num>
        <content eId="para_17__content">
          <p xml:space="preserve">
            <span class="italic">Recommande</span> à tous les États Membres d’appliquer les directives et les recommandations pour une information objective sur les questions militaires<sup>1</sup> en tenant pleinement compte de la situation politique, militaire et autre propre à leur région ;</p>
        </content>
      </paragraph>
      <paragraph eId="para_18" class="SingleTxt">
        <num>	3.</num>
        <content eId="para_18__content">
          <p xml:space="preserve">
            <span class="italic">Invite</span> les États Membres à accompagner leurs rapports de notes explicatives sur les données présentées, de manière à apporter des précisions ou des éclaircissements sur les chiffres consignés dans les formulaires de déclaration, tels que la part des dépenses militaires dans leur produit intérieur brut, les changements importants intervenus depuis le rapport précédent et toute autre information supplémentaire intéressant leur politique de défense ou leurs stratégies et doctrines militaires ;</p>
        </content>
      </paragraph>
      <paragraph eId="para_19" class="SingleTxt">
        <num>	4.</num>
        <content eId="para_19__content">
          <p xml:space="preserve">
            <span class="italic">Invite également</span> les États Membres à communiquer, avec leur rapport annuel, les coordonnées de leur point de contact national ;</p>
        </content>
      </paragraph>
      <paragraph eId="para_20" class="SingleTxt">
        <num>	5.</num>
        <content eId="para_20__content">
          <p xml:space="preserve">
            <span class="italic">Engage</span> les organismes internationaux et les organisations régionales concernés à promouvoir la transparence des dépenses militaires et à renforcer la complémentarité entre les systèmes d’établissement de rapports dans ce domaine, compte tenu des particularités de chaque région, et à envisager la possibilité de procéder à des échanges d’informations avec l’Organisation des Nations Unies ;</p>
        </content>
      </paragraph>
      <paragraph eId="para_21" class="SingleTxt">
        <num>	6.</num>
        <content eId="para_21__content">
          <p xml:space="preserve">
            <span class="italic">Prend acte</span> du rapport annuel du Secrétaire général<authorialNote marker="4" placement="bottom" eId="authorialNote_4"><p xml:space="preserve"><a href="https://undocs.org/fr/A/74/155">A/74/155</a>.</p></authorialNote> ;</p>
        </content>
      </paragraph>
      <paragraph eId="para_22" class="SingleTxt">
        <num>	7.</num>
        <content eId="para_22__content">
          <p xml:space="preserve">
            <span class="italic">Prie</span> le Secrétaire général de faire ce qui suit, dans les limites des ressources disponibles :</p>
        </content>
      </paragraph>
      <paragraph eId="para_23" class="SingleTxt">
        <content eId="para_23__content">
          <p xml:space="preserve">	a)	Continuer à envoyer chaque année aux États Membres une note verbale pour leur demander de communiquer leur rapport sur les dépenses militaires ;</p>
        </content>
      </paragraph>
      <paragraph eId="para_24" class="SingleTxt">
        <content eId="para_24__content">
          <p xml:space="preserve">	b)	Adresser chaque année aux États Membres une note verbale précisant quels rapports sur les dépenses militaires ont été communiqués et sont disponibles en ligne ;</p>
        </content>
      </paragraph>
      <paragraph eId="para_25" class="SingleTxt">
        <content eId="para_25__content">
          <p xml:space="preserve">	c)	Poursuivre ses consultations avec les organismes internationaux compétents afin de déterminer les aménagements qu’il serait nécessaire d’apporter au système pour l’établissement de rapports normalisés afin de susciter une plus large participation, et formuler, à l’issue de ces consultations, des recommandations sur les modifications à apporter au contenu et à la structure du système, compte tenu de l’avis des États Membres ;</p>
        </content>
      </paragraph>
      <paragraph eId="para_26" class="SingleTxt">
        <content eId="para_26__content">
          <p xml:space="preserve">	d)	Engager les organisations et organismes internationaux compétents à promouvoir la transparence des dépenses militaires et les consulter, notamment sur les moyens de renforcer la complémentarité des divers systèmes internationaux et régionaux d’établissement de rapports et d’échanger avec eux des informations à ce sujet ;</p>
        </content>
      </paragraph>
      <paragraph eId="para_27" class="SingleTxt">
        <content eId="para_27__content">
          <p xml:space="preserve">	e)	Continuer à stimuler la coopération avec les organisations régionales compétentes en vue de mieux faire connaître le Rapport des Nations Unies sur les dépenses militaires et son rôle de mesure de confiance ;</p>
        </content>
      </paragraph>
      <paragraph eId="para_28" class="SingleTxt">
        <content eId="para_28__content">
          <p xml:space="preserve">	f)	Engager les centres régionaux des Nations Unies pour la paix et le désarmement en Afrique, en Asie et dans le Pacifique, et en Amérique latine et dans les Caraïbes à mieux faire connaître le système pour l’établissement de rapports normalisés aux États Membres de leur région ;</p>
        </content>
      </paragraph>
      <paragraph eId="para_29" class="SingleTxt">
        <content eId="para_29__content">
          <p xml:space="preserve">	g)	Promouvoir des colloques et des séminaires de formation internationaux et régionaux ou sous-régionaux et aider le Secrétariat à mettre au point, avec l’appui financier et technique des États intéressés, un cours de formation en ligne destiné à expliquer l’objet du système pour l’établissement de rapports normalisés et à faciliter le dépôt en ligne sécurisé des rapports ;</p>
        </content>
      </paragraph>
      <paragraph eId="para_30" class="SingleTxt">
        <content eId="para_30__content">
          <p xml:space="preserve">	h)	Rendre compte de l’expérience acquise durant ces colloques et ces séminaires de formation ;</p>
        </content>
      </paragraph>
      <paragraph eId="para_31" class="SingleTxt">
        <content eId="para_31__content">
          <p xml:space="preserve">	i)	Fournir, sur demande, une assistance technique aux États Membres qui ne disposent pas des moyens voulus pour établir leurs rapports et engager les autres à apporter spontanément une aide, dans un cadre bilatéral, à ceux qui en ont besoin ;</p>
        </content>
      </paragraph>
      <paragraph eId="para_32" class="SingleTxt">
        <num>	8.</num>
        <content eId="para_32__content">
          <p xml:space="preserve">
            <span class="italic">Invite</span> les États Membres :</p>
        </content>
      </paragraph>
      <paragraph eId="para_33" class="SingleTxt">
        <content eId="para_33__content">
          <p xml:space="preserve">	a)	À informer le Secrétaire général des problèmes que pourrait leur poser le système pour l’établissement de rapports normalisés et des raisons pour lesquelles ils ne communiquent pas les données demandées ;</p>
        </content>
      </paragraph>
      <paragraph eId="para_34" class="SingleTxt">
        <content eId="para_34__content">
          <p xml:space="preserve">	b)	À continuer de communiquer au Secrétaire général leurs idées et leurs propositions sur les moyens d’améliorer le fonctionnement du système d’établissement de rapports normalisés et d’élargir la participation à ce système, notamment sur les aménagements à apporter à son contenu et à sa structure, et à formuler des recommandations pour en faciliter l’expansion ;</p>
        </content>
      </paragraph>
      <paragraph eId="para_35" class="SingleTxt">
        <num>	9.</num>
        <content eId="para_35__content">
          <p xml:space="preserve">
            <span class="italic">Décide</span> de rester saisie de la question de la mise en place possible d’une procédure d’examen périodique du Rapport sur les dépenses militaires, en tenant compte des informations mentionnées au paragraphe 8 ci‑dessus ;</p>
        </content>
      </paragraph>
      <paragraph eId="para_36" class="SingleTxt">
        <num>	10.</num>
        <content eId="para_36__content">
          <p xml:space="preserve">
            <span class="italic">Décide également</span> d’inscrire à l’ordre du jour provisoire de sa soixante‑dix-septième session, au titre de la question intitulée « Réduction des budgets militaires », la question subsidiaire intitulée « Information objective sur les questions militaires, y compris la transparence des dépenses militaires ».</p>
        </content>
      </paragraph>
    </mainBody>
    <conclusions eId="conclusions">
      <p>
        <inline name="adoptionMeeting" title="46e">46e séance plénière</inline>
        <eol />
        <docDate date="2019-12-12" refersTo="#adoptionDate">12 décembre 2019</docDate>
      </p>
    </conclusions>
  </statement>
</akomaNtoso>