<akomaNtoso xmlns:xsi="http://www.w3.org/2001/XMLSchema-instance" xsi:schemaLocation="http://docs.oasis-open.org/legaldocml/ns/akn/3.0 http://docs.oasis-open.org/legaldocml/akn-core/v1.0/os/part2-specs/schemas/akomantoso30.xsd" xmlns="http://docs.oasis-open.org/legaldocml/ns/akn/3.0" xmlns:html="http://www.w3.org/1999/xhtml" xmlns:akn4un="http://un.org/akn4un">
  <statement name="resolution">
    <meta>
      <identification source="#DGACM">
        <FRBRWork>
          <FRBRthis value="/akn/un/statement/deliberation/unga/2019-12-12/74-27/!main/"></FRBRthis>
          <FRBRuri value="/akn/un/statement/deliberation/unga/2019-12-12/74-27/"></FRBRuri>
          <FRBRdate date="2019-12-12" name="adoption"></FRBRdate>
          <FRBRauthor href="ga" as="author"></FRBRauthor>
          <FRBRcountry value="un"></FRBRcountry>
        </FRBRWork>
        <FRBRExpression>
          <FRBRthis value="/akn/un/statement/deliberation/unga/2019-12-12/74-27/fra@!main/"></FRBRthis>
          <FRBRuri value="/akn/un/statement/deliberation/unga/2019-12-12/74-27/fra@/"></FRBRuri>
          <FRBRdate date="2019-12-18" name="publication"></FRBRdate>
          <FRBRauthor href="ga" as="issuer"></FRBRauthor>
          <FRBRlanguage language="fra"></FRBRlanguage>
        </FRBRExpression>
        <FRBRManifestation>
          <FRBRthis value="/akn/un/statement/deliberation/unga/2019-12-12/74-27/fra@/!main.xml"></FRBRthis>
          <FRBRuri value="/akn/un/statement/deliberation/unga/2019-12-12/74-27/fra@.xml"></FRBRuri>
          <FRBRdate date="2020-08-19" name="markup"></FRBRdate>
          <FRBRauthor href="DGACM" as="editor"></FRBRauthor>
        </FRBRManifestation>
      </identification>
      <classification source="http://metadata.un.org/sdg">
        <keyword value="7" href="http://metadata.un.org/sdg/7" showAs="sdg_7" dictionary="SDGO"></keyword>
        <keyword value="66_energy" href="http://eurovoc.europa.eu/100159" showAs="66_energy" dictionary="EuroVoc"></keyword>
        <keyword value="energy_market" href="http://eurovoc.europa.eu/4886" showAs="energy_market" dictionary="EuroVoc"></keyword>
        <keyword value="sustainable_energy" href="http://metadata.un.org/thesaurus/1006320" showAs="sustainable_energy" dictionary="UNBIS Thesaurus"></keyword>
      </classification>
      <classification source="http://metadata.un.org/sdg">
        <keyword value="8" href="http://metadata.un.org/sdg/8" showAs="sdg_8" dictionary="SDGO"></keyword>
        <keyword value="economic_growth" href="http://eurovoc.europa.eu/310" showAs="economic_growth" dictionary="EuroVoc"></keyword>
        <keyword value="full_employment" href="http://eurovoc.europa.eu/2427" showAs="full_employment" dictionary="EuroVoc"></keyword>
        <keyword value="unemployment" href="http://eurovoc.europa.eu/5974" showAs="unemployment" dictionary="EuroVoc"></keyword>
        <keyword value="economic_growth" href="http://metadata.un.org/thesaurus/1001854" showAs="economic_growth" dictionary="UNBIS Thesaurus"></keyword>
        <keyword value="employment" href="http://metadata.un.org/thesaurus/1002007" showAs="employment" dictionary="UNBIS Thesaurus"></keyword>
        <keyword value="full_employment" href="http://metadata.un.org/thesaurus/1002563" showAs="full_employment" dictionary="UNBIS Thesaurus"></keyword>
        <keyword value="unemployment" href="http://metadata.un.org/thesaurus/1006773" showAs="unemployment" dictionary="UNBIS Thesaurus"></keyword>
      </classification>
      <classification source="http://metadata.un.org/sdg">
        <keyword value="12" href="http://metadata.un.org/sdg/12" showAs="sdg_12" dictionary="SDGO"></keyword>
        <keyword value="consumption" href="http://eurovoc.europa.eu/139" showAs="consumption" dictionary="EuroVoc"></keyword>
        <keyword value="production" href="http://eurovoc.europa.eu/2707" showAs="production" dictionary="EuroVoc"></keyword>
        <keyword value="sustainable_consumption" href="http://metadata.un.org/thesaurus/1006318" showAs="sustainable_consumption" dictionary="UNBIS Thesaurus"></keyword>
        <keyword value="consumption" href="http://metadata.un.org/thesaurus/1001264" showAs="consumption" dictionary="UNBIS Thesaurus"></keyword>
        <keyword value="production" href="http://metadata.un.org/thesaurus/1005146" showAs="production" dictionary="UNBIS Thesaurus"></keyword>
      </classification>
      <workflow source="#un">
        <step date="2019-10-21" outcome="draftResolution" as="A/C.1/74/L.14" by="Angola, Antigua and Barbuda, Argentina, Austria, Bahamas, Belize, Bolivia (Plurinational State of), Brazil, Chile, Colombia, Costa Rica, Cuba, Dominican Republic, Ecuador, El Salvador, Guatemala, Guyana, Haiti, Honduras, Jamaica, Kazakhstan, Mexico, Nicaragua, Panama, Paraguay, Peru, Saint Kitts and Nevis, Saint Lucia, Suriname, Trinidad and Tobago and Uruguay" />
        <step date="0001-01-01" outcome="draftResolutionAdditionalSponsors" by="Kyrgyzstan, Nigeria, Saint Vincent and the Grenadines and Venezuela (Bolivarian Republic of)" />
        <step date="0001-01-01" outcome="recommendedForAdoption" as="A/74/451" by="" refersTo="7" />
        <step date="2019-12-12" outcome="adopted" as="A/74/PV.46" by="" />
      </workflow>
      <analysis source="#un">
        <parliamentary>
          <voting outcome="adoptedWithoutVote">
            <quorum value=""></quorum>
          </voting>
        </parliamentary>
      </analysis>
      <references source="#DGACM">
        <TLCOrganization eId="source" href="/akn/ontology/organization/un/DGACM" showAs="DGACM"></TLCOrganization>
        <TLCConcept eId="dateOfIssuance" href="/akn/ontology/concept/un/dateOfIssuance" showAs="Date of issuance"></TLCConcept>
        <TLCConcept eId="dateOfAdoption" href="/akn/ontology/concept/un/dateOfAdoption" showAs="Date of adoption"></TLCConcept>
        <TLCConcept eId="symbol" href="/akn/ontology/reference/un/symbol" showAs="Symbol"></TLCConcept>
        <TLCRole eId="publisher" href="/akn/ontology/role/un/publisher" showAs="Publisher"></TLCRole>
        <TLCRole eId="issuingBody" href="/akn/role/concept/un/issuingBody" showAs="Issuing body"></TLCRole>
        <TLCRole eId="author" href="/akn/ontology/role/un/author" showAs="Author"></TLCRole>
        <TLCRole eId="editor" href="/akn/ontology/role/un/editor" showAs="Editor"></TLCRole>
        <TLCRole eId="distribution" href="/akn/ontology/concept/un/generalDistribution" showAs="General distribution"></TLCRole>
        <TLCOrganization eId="ga" href="/akn/ontology/organization/un/generalAssembly" showAs="General Assembly"></TLCOrganization>
        <TLCTerm eId="resolutionTitle" href="/akn/ontology/reference/un/resolutionTitle" showAs="Resolution title"></TLCTerm>
        <TLCTerm eId="firstCommittee" href="#firstCommittee" showAs="Première Commission"></TLCTerm>
        <TLCTerm eId="memberState" href="/akn/ontology/organization/un/memberState" showAs="Member State"></TLCTerm>
        <TLCTerm eId="inFavour" href="/akn/ontology/concept/un/voting/inFavour" showAs="In favour"></TLCTerm>
        <TLCTerm eId="against" href="/akn/ontology/concept/un/voting/against" showAs="Against"></TLCTerm>
        <TLCTerm eId="abstaining" href="/akn/ontology/concept/un/voting/abstaining" showAs="Abstaining"></TLCTerm>
      </references>
      <presentation source="#un">
        <akn4un:footerFirstPage>
          <akn4un:footerFirstPageLeft>
            <akn4un:internalCode>
              <docketNumber refersTo="#publicationJobNumber">19-21681 (F)</docketNumber>
              <img alt="bar code" class="barCode" src=""></img>
            </akn4un:internalCode>
          </akn4un:footerFirstPageLeft>
          <akn4un:footerFirstPageRight>
            <img alt="Please recycle" class="image" src="./recylcleLogo.jpg"></img>
            <img alt="embedded QR code" class="qrCode" src=""></img>
          </akn4un:footerFirstPageRight>
        </akn4un:footerFirstPage>
      </presentation>
    </meta>
    <coverPage eId="coverPage_1">
      <p>
        <span refersTo="#publisher" class="upperLeft">
          <docAuthority refersTo="#publisher">Nations Unies</docAuthority>
        </span>
      </p>
      <p class="upperRight">
        <docNumber refersTo="#symbol">A/RES/74/27</docNumber>
      </p>
      <p class="upperLeft">
        <img src="logo-un.jpg"></img>
        <docAuthority refersTo="#issuingBody" class="rightBig">Assemblée générale</docAuthority>
      </p>
      <p>
        <docStatus refersTo="#generalDistribution" class="rightSmall">Distr. générale</docStatus>
      </p>
      <p>
        <docDate date="2019-12-18" class="rightSmall" refersTo="#dateOfIssuance">18 décembre 2019</docDate>
      </p>
      <p>
        <session refersTo="#generalAssembly" value="74" eId="coverPage_1__session_1">Soixante-quatorzième session</session>
      </p>
      <p>
        <inline name="agenda item">Point 92 de l’ordre du jour</inline>
      </p>
      <p>
        <inline name="agenda item name">Traité visant l’interdiction des armes nucléaires en Amérique latine et dans les Caraïbes (Traité de Tlatelolco)</inline>
      </p>
      <p>
        <docTitle>Résolution adoptée par l’Assemblée générale le 12 décembre 2019</docTitle>
      </p>
      <p xml:space="preserve">
        <docProponent refersTo="#firstCommittee">[sur la base du rapport de la Première Commission (<inline name="originating document">A/74/451</inline>)]</docProponent>
      </p>
    </coverPage>
    <preface>
      <p>
        <docNumber>74/27.</docNumber>
        <docTitle refersTo="#resolutionTitle">Traité visant l’interdiction des armes nucléaires en Amérique latine et dans les Caraïbes (Traité de Tlatelolco)</docTitle>
      </p>
    </preface>
    <preamble>
      <formula name="enactingFormula" eId="formula_1">
        <p xml:space="preserve">
          <span class="italic">L’Assemblée générale</span>,</p>
      </formula>
      <container name="Rappelant" eId="container_2">
        <p xml:space="preserve">
          <span class="italic">Rappelant</span> que le Traité visant l’interdiction des armes nucléaires en Amérique latine et dans les Caraïbes (Traité de Tlatelolco)<authorialNote marker="1" placement="bottom" eId="authorialNote_1"><p xml:space="preserve">		Nations Unies, <span class="italic">Recueil des Traités</span>, vol. 634, n<sup>o</sup> 9068.</p></authorialNote> a été ouvert à la signature à Mexico le 14 février 1967,</p>
      </container>
      <container name="Rappelant également" eId="container_3">
        <p xml:space="preserve">
          <span class="italic">Rappelant également</span> que, dans sa résolution <a href="https://undocs.org/fr/A/RES/2286 (XXII)">2286 (XXII)</a> du 5 décembre 1967, elle a accueilli avec la plus grande satisfaction le Traité de Tlatelolco, considérant qu’il constituait une réalisation d’importance historique dans le cadre des efforts déployés pour éviter la prolifération des armes nucléaires et promouvoir la paix et la sécurité internationales,</p>
      </container>
      <container name="Rappelant en outre " eId="container_4">
        <p xml:space="preserve">
          <span class="italic">Rappelant en outre </span>qu’il est déclaré dans le préambule du Traité de Tlatelolco que les zones militairement dénucléarisées ne constituent pas une fin en soi, mais un moyen d’aboutir, à une étape ultérieure, au désarmement général et complet,</p>
      </container>
      <container name="Rappelant " eId="container_5">
        <p xml:space="preserve">
          <span class="italic">Rappelant </span>qu’il est aussi déclaré, dans le préambule du Traité de Tlatelolco, que « la création de zones militairement dénucléarisées est intimement liée au maintien de la paix et de la sécurité dans les régions respectives » et que « la dénucléarisation militaire de vastes zones géographiques, décidée souverainement par les États qui les composent, ne saurait manquer d’exercer une influence bénéfique sur d’autres régions où existent des conditions analogues »,</p>
      </container>
      <container name="Considérant" eId="container_6">
        <p xml:space="preserve">
          <span class="italic">Considérant</span> que 52 ans après son adoption, le Traité de Tlatelolco reste un instrument évolutif et une source d’inspiration pour la création d’autres zones exemptes d’armes nucléaires,</p>
      </container>
      <container name="Prenant note" eId="container_7">
        <p xml:space="preserve">
          <span class="italic">Prenant note</span> du fait que la Communauté des États d’Amérique latine et des Caraïbes a proclamé l’Amérique latine et les Caraïbes zone de paix à son deuxième sommet, tenu à La Havane les 28 et 29 janvier 2014, ainsi que de l’engagement pris à cette occasion par les États de la région de continuer de promouvoir le désarmement nucléaire à titre prioritaire<authorialNote marker="2" placement="bottom" eId="authorialNote_2"><p xml:space="preserve">		Voir <a href="https://undocs.org/fr/A/68/914">A/68/914</a>, annexe.</p></authorialNote>,</p>
      </container>
      <container name="Soulignant" eId="container_8">
        <p xml:space="preserve">
          <span class="italic">	Soulignant</span> que le Traité de Tlatelolco, qui est en vigueur entre les 33 États souverains de la région, a renforcé la première zone exempte d’armes nucléaires créée dans une région à forte densité de population,</p>
      </container>
      <container name="Mesurant" eId="container_9">
          <p xml:space="preserve">
            <span class="italic">Mesurant</span> l’importance de la contribution que les traités de Tlatelolco, de Rarotonga<authorialNote marker="3" placement="bottom" eId="authorialNote_3"><p xml:space="preserve"><span class="italic">	Annuaire des Nations Unies sur le désarmement</span>, vol. 10 : 1985 (publication des Nations Unies, numéro de vente : F.86.IX.7), appendice VII.</p></authorialNote>, de Bangkok<authorialNote marker="4" placement="bottom" eId="authorialNote_4"><p xml:space="preserve">		Nations Unies, <span class="italic">Recueil des Traités</span>, vol. 1981, n<sup>o</sup> 33873.</p></authorialNote> et de Pelindaba<authorialNote marker="5" placement="bottom" eId="authorialNote_5"><p xml:space="preserve"><a href="https://undocs.org/fr/A/50/426">A/50/426</a>, annexe.</p></authorialNote> et le Traité portant création d’une zone exempte d’armes nucléaires en Asie centrale, ainsi que le Traité sur l’Antarctique<authorialNote marker="6" placement="bottom" eId="authorialNote_6"><p xml:space="preserve">		Nations Unies, <span class="italic">Recueil des Traités</span>, vol. 402, n<sup>o</sup> 5778.</p></authorialNote> et la déclaration, par la Mongolie, de son statut d’État exempt d’armes nucléaires apportent à la réalisation des objectifs de non-prolifération et de désarmement nucléaires,</p>
        </container>
      <container name="Rappelant" eId="container_10">
        <p xml:space="preserve">
          <span class="italic">Rappelant</span> toutes les résolutions pertinentes de l’Organisation des Nations Unies appuyant les zones exemptes d’armes nucléaires,</p>
      </container>
      <container name="Soulignant" eId="container_11">
        <p xml:space="preserve">
          <span class="italic">Soulignant</span> l’intérêt de renforcer la coopération entre les zones exemptes d’armes nucléaires, notamment en organisant des réunions conjointes des États parties aux traités portant création de telles zones, des États signataires et des observateurs,</p>
      </container>
      <container name="Se félicitant" eId="container_12">
        <p xml:space="preserve">
          <span class="italic">Se félicitant</span> de l’organisation de conférences des États parties aux traités portant création de zones exemptes d’armes nucléaires, des États signataires et de la Mongolie, en ce qu’elles contribuent à l’avènement et au maintien d’un monde exempt d’armes nucléaires,</p>
      </container>
      <container name="Notant avec satisfaction" eId="container_13">
        <p xml:space="preserve">
          <span class="italic">Notant avec satisfaction</span> l’adoption de sa résolution <a href="https://undocs.org/fr/A/RES/73/71">73/71</a> du 5 décembre 2018, dans laquelle elle a décidé de convoquer la quatrième Conférence des zones exemptes d’armes nucléaires et de la Mongolie, d’une durée d’une journée, au Siège de l’Organisation des Nations Unies à New York le 24 avril 2020, et se félicitant de l’offre faite par la Mongolie de coordonner la quatrième Conférence et d’organiser les réunions préparatoires et les consultations nécessaires,</p>
      </container>
      <container name="Notant" eId="container_14">
        <p xml:space="preserve">
          <span class="italic">	Notant</span> que la Conférence des Parties chargée d’examiner le Traité sur la non‑prolifération des armes nucléaires en 2010 a préconisé, dans son document final<authorialNote marker="7" placement="bottom" eId="authorialNote_7"><p xml:space="preserve"><span class="italic">	Conférence des Parties chargée d’examiner le Traité sur la non-prolifération des armes nucléaires en 2010, Document final</span>, vol. I à III [<a href="https://undocs.org/fr/NPT/CONF.2010/50 (Vol. I)">NPT/CONF.2010/50 (Vol. I)</a>, <a href="https://undocs.org/fr/NPT/CONF.2010/50 (Vol. II)">NPT/CONF.2010/50 (Vol. II)</a> et <a href="https://undocs.org/fr/NPT/CONF.2010/50 (Vol. III)">NPT/CONF.2010/50 (Vol. III)</a>].</p></authorialNote>, la création de nouvelles zones exemptes d’armes nucléaires sur la base d’arrangements librement conclus entre les États de la région intéressée, appelé à renforcer les mécanismes de coopération et de consultation entre les zones exemptes d’armes nucléaires existantes par l’application de mesures concrètes visant à mettre pleinement en œuvre les principes et objectifs des traités pertinents, et félicité l’Organisme pour l’interdiction des armes nucléaires en Amérique latine et dans les Caraïbes de l’exemple qu’il donne dans ce domaine,</p>
      </container>
      <container name="Réaffirmant" eId="container_15">
        <p xml:space="preserve">
          <span class="italic">Réaffirmant</span> l’importance de l’Organisme, qui est l’instance juridique et politique chargée de veiller à la pleine application du Traité de Tlatelolco et au respect de ses dispositions et d’assurer la coopération avec les organismes des autres zones exemptes d’armes nucléaires,</p>
      </container>
    </preamble>
    <mainBody>
      <paragraph eId="para_16" class="SingleTxt">
        <num>	1.</num>
        <content eId="para_16__content">
          <p xml:space="preserve">
            <span class="italic">Se félicite</span> que le Traité visant l’interdiction des armes nucléaires en Amérique latine et dans les Caraïbes (Traité de Tlatelolco)<sup>1</sup> soit en vigueur entre tous les États souverains de la région ;</p>
        </content>
      </paragraph>
      <paragraph eId="para_17" class="SingleTxt">
        <num>	2.</num>
        <content eId="para_17__content">
          <p xml:space="preserve">
            <span class="italic">Note avec satisfaction</span> que l’année 2019 marque le cinquantième anniversaire de l’entrée en vigueur, le 25 avril 1969, du Traité de Tlatelolco et de la création de l’Organisme pour l’interdiction des armes nucléaires en Amérique latine et dans les Caraïbes, qui sera célébré lors de la vingt-sixième session de la Conférence générale de l’Organisme ;</p>
        </content>
      </paragraph>
      <paragraph eId="para_18" class="SingleTxt">
        <num>	3.</num>
        <content eId="para_18__content">
          <p xml:space="preserve">
            <span class="italic">Encourage une fois encore</span> les États parties aux protocoles I et II du Traité de Tlatelolco<sup>1</sup> à revoir leurs déclarations interprétatives de ces protocoles, conformément à la mesure n<sup>o</sup> 9 du Document final de la Conférence des Parties chargée d’examiner le Traité sur la non-prolifération des armes nucléaires en 2010<authorialNote marker="8" placement="bottom" eId="authorialNote_8"><p xml:space="preserve">		Ibid., vol. I [<a href="https://undocs.org/fr/NPT/CONF.2010/50 (Vol. I)">NPT/CONF.2010/50 (Vol. I)</a>], première partie, <span class="italic">Conclusions et recommandations concernant les mesures de suivi</span>, sect. I, intitulée « Désarmement nucléaire ».</p></authorialNote>, qui réaffirme et note l’intérêt légitime des États situés dans la zone exempte d’armes nucléaires en Amérique latine et dans les Caraïbes à recevoir de la part des États dotés d’armes nucléaires des garanties absolues de sécurité ;</p>
        </content>
      </paragraph>
      <paragraph eId="para_19" class="SingleTxt">
        <num>	4.</num>
        <content eId="para_19__content">
          <p xml:space="preserve">
            <span class="italic">Engage</span> les États membres de l’Organisme pour l’interdiction des armes nucléaires en Amérique latine et dans les Caraïbes à poursuivre l’action qu’ils mènent avec lui et notamment à :</p>
        </content>
      </paragraph>
      <paragraph eId="para_20" class="SingleTxt">
        <content eId="para_20__content">
          <p xml:space="preserve">	a)	Appuyer les efforts réalisés dans un contexte multilatéral pour définir des mesures efficaces qui encouragent le respect des engagements pris dans les domaines du désarmement et de la non-prolifération ;</p>
        </content>
      </paragraph>
      <paragraph eId="para_21" class="SingleTxt">
        <content eId="para_21__content">
          <p xml:space="preserve">	b)	Renforcer la coopération avec les États parties aux traités portant création de zones exemptes d’armes nucléaires, les États signataires et la Mongolie ;</p>
        </content>
      </paragraph>
      <paragraph eId="para_22" class="SingleTxt">
        <content eId="para_22__content">
          <p xml:space="preserve">	c)	Promouvoir des activités d’éducation en matière de désarmement et de non‑prolifération ;</p>
        </content>
      </paragraph>
      <paragraph eId="para_23" class="SingleTxt">
        <num>	5.</num>
        <content eId="para_23__content">
          <p xml:space="preserve">
            <span class="italic">Décide</span> d’inscrire à l’ordre du jour provisoire de sa soixante‑dix‑septième session la question intitulée « Traité visant l’interdiction des armes nucléaires en Amérique latine et dans les Caraïbes (Traité de Tlatelolco) ».</p>
        </content>
      </paragraph>
    </mainBody>
    <conclusions eId="conclusions">
      <p>
        <inline name="adoptionMeeting" title="46e">46e séance plénière</inline>
        <eol />
        <docDate date="2019-12-12" refersTo="#adoptionDate">12 décembre 2019</docDate>
      </p>
    </conclusions>
  </statement>
</akomaNtoso>