<akomaNtoso xmlns:xsi="http://www.w3.org/2001/XMLSchema-instance" xsi:schemaLocation="http://docs.oasis-open.org/legaldocml/ns/akn/3.0 http://docs.oasis-open.org/legaldocml/akn-core/v1.0/os/part2-specs/schemas/akomantoso30.xsd" xmlns="http://docs.oasis-open.org/legaldocml/ns/akn/3.0" xmlns:html="http://www.w3.org/1999/xhtml" xmlns:akn4un="http://un.org/akn4un">
  <statement name="resolution">
    <meta>
      <identification source="#DGACM">
        <FRBRWork>
          <FRBRthis value="/akn/un/statement/deliberation/unga/2019-12-27/74-262/!main/"></FRBRthis>
          <FRBRuri value="/akn/un/statement/deliberation/unga/2019-12-27/74-262/"></FRBRuri>
          <FRBRdate date="2019-12-27" name="adoption"></FRBRdate>
          <FRBRauthor href="ga" as="author"></FRBRauthor>
          <FRBRcountry value="un"></FRBRcountry>
        </FRBRWork>
        <FRBRExpression>
          <FRBRthis value="/akn/un/statement/deliberation/unga/2019-12-27/74-262/fra@!main/"></FRBRthis>
          <FRBRuri value="/akn/un/statement/deliberation/unga/2019-12-27/74-262/fra@/"></FRBRuri>
          <FRBRdate date="2020-01-14" name="publication"></FRBRdate>
          <FRBRauthor href="ga" as="issuer"></FRBRauthor>
          <FRBRlanguage language="fra"></FRBRlanguage>
        </FRBRExpression>
        <FRBRManifestation>
          <FRBRthis value="/akn/un/statement/deliberation/unga/2019-12-27/74-262/fra@/!main.xml"></FRBRthis>
          <FRBRuri value="/akn/un/statement/deliberation/unga/2019-12-27/74-262/fra@.xml"></FRBRuri>
          <FRBRdate date="2020-08-28" name="markup"></FRBRdate>
          <FRBRauthor href="DGACM" as="editor"></FRBRauthor>
        </FRBRManifestation>
      </identification>
      <classification source="http://metadata.un.org/sdg">
        <keyword value="1" href="http://metadata.un.org/sdg/1" showAs="sdg_1" dictionary="SDGO"></keyword>
        <keyword value="poverty" href="http://eurovoc.europa.eu/2281" showAs="poverty" dictionary="EuroVoc"></keyword>
        <keyword value="poverty" href="http://metadata.un.org/thesaurus/1005064" showAs="poverty" dictionary="UNBIS Thesaurus"></keyword>
        <keyword value="poverty_mitigation" href="http://metadata.un.org/thesaurus/1005065" showAs="poverty_mitigation" dictionary="UNBIS Thesaurus"></keyword>
      </classification>
      <classification source="http://metadata.un.org/sdg">
        <keyword value="3" href="http://metadata.un.org/sdg/3" showAs="sdg_3" dictionary="SDGO"></keyword>
        <keyword value="public_health" href="http://eurovoc.europa.eu/3885" showAs="public_health" dictionary="EuroVoc"></keyword>
        <keyword value="health" href="http://metadata.un.org/thesaurus/1002824" showAs="health" dictionary="UNBIS Thesaurus"></keyword>
      </classification>
      <classification source="http://metadata.un.org/sdg">
        <keyword value="4" href="http://metadata.un.org/sdg/4" showAs="sdg_4" dictionary="SDGO"></keyword>
        <keyword value="education" href="http://eurovoc.europa.eu/668" showAs="education" dictionary="EuroVoc"></keyword>
        <keyword value="right_to_education" href="http://eurovoc.europa.eu/512" showAs="right_to_education" dictionary="EuroVoc"></keyword>
        <keyword value="education" href="http://metadata.un.org/thesaurus/1001893" showAs="education" dictionary="UNBIS Thesaurus"></keyword>
      </classification>
      <classification source="http://metadata.un.org/sdg">
        <keyword value="5" href="http://metadata.un.org/sdg/5" showAs="sdg_5" dictionary="SDGO"></keyword>
        <keyword value="gender_equality" href="http://eurovoc.europa.eu/3913" showAs="gender_equality" dictionary="EuroVoc"></keyword>
        <keyword value="participation_of_women" href="http://eurovoc.europa.eu/2265" showAs="participation_of_women" dictionary="EuroVoc"></keyword>
        <keyword value="women&amp;#39;s_rights" href="http://eurovoc.europa.eu/585" showAs="women&amp;#39;s_rights" dictionary="EuroVoc"></keyword>
        <keyword value="position_of_women" href="http://eurovoc.europa.eu/81" showAs="position_of_women" dictionary="EuroVoc"></keyword>
        <keyword value="women" href="http://metadata.un.org/thesaurus/1007029" showAs="women" dictionary="UNBIS Thesaurus"></keyword>
        <keyword value="gender_equality" href="http://metadata.un.org/thesaurus/1002612" showAs="gender_equality" dictionary="UNBIS Thesaurus"></keyword>
        <keyword value="girls" href="http://metadata.un.org/thesaurus/1002684" showAs="girls" dictionary="UNBIS Thesaurus"></keyword>
      </classification>
      <classification source="http://metadata.un.org/sdg">
        <keyword value="6" href="http://metadata.un.org/sdg/6" showAs="sdg_6" dictionary="SDGO"></keyword>
        <keyword value="water" href="http://eurovoc.europa.eu/597" showAs="water" dictionary="EuroVoc"></keyword>
        <keyword value="public_hygiene" href="http://eurovoc.europa.eu/3371" showAs="public_hygiene" dictionary="EuroVoc"></keyword>
        <keyword value="use_of_water" href="http://eurovoc.europa.eu/4628" showAs="use_of_water" dictionary="EuroVoc"></keyword>
        <keyword value="water" href="http://metadata.un.org/thesaurus/030500" showAs="water" dictionary="UNBIS Thesaurus"></keyword>
        <keyword value="sanitation" href="http://metadata.un.org/thesaurus/1005701" showAs="sanitation" dictionary="UNBIS Thesaurus"></keyword>
        <keyword value="water_management" href="http://metadata.un.org/thesaurus/1006948" showAs="water_management" dictionary="UNBIS Thesaurus"></keyword>
      </classification>
      <classification source="http://metadata.un.org/sdg">
        <keyword value="8" href="http://metadata.un.org/sdg/8" showAs="sdg_8" dictionary="SDGO"></keyword>
        <keyword value="economic_growth" href="http://eurovoc.europa.eu/310" showAs="economic_growth" dictionary="EuroVoc"></keyword>
        <keyword value="full_employment" href="http://eurovoc.europa.eu/2427" showAs="full_employment" dictionary="EuroVoc"></keyword>
        <keyword value="unemployment" href="http://eurovoc.europa.eu/5974" showAs="unemployment" dictionary="EuroVoc"></keyword>
        <keyword value="economic_growth" href="http://metadata.un.org/thesaurus/1001854" showAs="economic_growth" dictionary="UNBIS Thesaurus"></keyword>
        <keyword value="employment" href="http://metadata.un.org/thesaurus/1002007" showAs="employment" dictionary="UNBIS Thesaurus"></keyword>
        <keyword value="full_employment" href="http://metadata.un.org/thesaurus/1002563" showAs="full_employment" dictionary="UNBIS Thesaurus"></keyword>
        <keyword value="unemployment" href="http://metadata.un.org/thesaurus/1006773" showAs="unemployment" dictionary="UNBIS Thesaurus"></keyword>
      </classification>
      <classification source="http://metadata.un.org/sdg">
        <keyword value="9" href="http://metadata.un.org/sdg/9" showAs="sdg_9" dictionary="SDGO"></keyword>
        <keyword value="industrial_infrastructure" href="http://eurovoc.europa.eu/1434" showAs="industrial_infrastructure" dictionary="EuroVoc"></keyword>
        <keyword value="innovation" href="http://eurovoc.europa.eu/1439" showAs="innovation" dictionary="EuroVoc"></keyword>
        <keyword value="industrialization" href="http://metadata.un.org/thesaurus/1003177" showAs="industrialization" dictionary="UNBIS Thesaurus"></keyword>
        <keyword value="innovations" href="http://metadata.un.org/thesaurus/1003223" showAs="innovations" dictionary="UNBIS Thesaurus"></keyword>
      </classification>
      <classification source="http://metadata.un.org/sdg">
        <keyword value="10" href="http://metadata.un.org/sdg/10" showAs="sdg_10" dictionary="SDGO"></keyword>
        <keyword value="social_inequality" href="http://eurovoc.europa.eu/1420" showAs="social_inequality" dictionary="EuroVoc"></keyword>
        <keyword value="equality" href="http://metadata.un.org/thesaurus/1002102" showAs="equality" dictionary="UNBIS Thesaurus"></keyword>
      </classification>
      <classification source="http://metadata.un.org/sdg">
        <keyword value="11" href="http://metadata.un.org/sdg/11" showAs="sdg_11" dictionary="SDGO"></keyword>
        <keyword value="urban_area" href="http://eurovoc.europa.eu/4809" showAs="urban_area" dictionary="EuroVoc"></keyword>
        <keyword value="cities" href="http://metadata.un.org/thesaurus/1000995" showAs="cities" dictionary="UNBIS Thesaurus"></keyword>
        <keyword value="human_settlements" href="http://metadata.un.org/thesaurus/1002986" showAs="human_settlements" dictionary="UNBIS Thesaurus"></keyword>
      </classification>
      <classification source="http://metadata.un.org/sdg">
        <keyword value="13" href="http://metadata.un.org/sdg/13" showAs="sdg_13" dictionary="SDGO"></keyword>
        <keyword value="climate_change" href="http://eurovoc.europa.eu/5482" showAs="climate_change" dictionary="EuroVoc"></keyword>
        <keyword value="climate_change" href="http://metadata.un.org/thesaurus/1001030" showAs="climate_change" dictionary="UNBIS Thesaurus"></keyword>
      </classification>
      <classification source="http://metadata.un.org/sdg">
        <keyword value="15" href="http://metadata.un.org/sdg/15" showAs="sdg_15" dictionary="SDGO"></keyword>
        <keyword value="deforestation" href="http://eurovoc.europa.eu/339" showAs="deforestation" dictionary="EuroVoc"></keyword>
        <keyword value="desertification" href="http://eurovoc.europa.eu/416" showAs="desertification" dictionary="EuroVoc"></keyword>
        <keyword value="biodiversity" href="http://eurovoc.europa.eu/5463" showAs="biodiversity" dictionary="EuroVoc"></keyword>
        <keyword value="land,_plant_and_soil_resources" href="http://metadata.un.org/thesaurus/030600" showAs="land,_plant_and_soil_resources" dictionary="UNBIS Thesaurus"></keyword>
        <keyword value="deforestation" href="http://metadata.un.org/thesaurus/1001550" showAs="deforestation" dictionary="UNBIS Thesaurus"></keyword>
      </classification>
      <classification source="http://metadata.un.org/sdg">
        <keyword value="16" href="http://metadata.un.org/sdg/16" showAs="sdg_16" dictionary="SDGO"></keyword>
        <keyword value="right_to_justice" href="http://eurovoc.europa.eu/516" showAs="right_to_justice" dictionary="EuroVoc"></keyword>
        <keyword value="sustainable_development" href="http://eurovoc.europa.eu/5585" showAs="sustainable_development" dictionary="EuroVoc"></keyword>
        <keyword value="civil_society" href="http://metadata.un.org/thesaurus/1001012" showAs="civil_society" dictionary="UNBIS Thesaurus"></keyword>
        <keyword value="justice" href="http://metadata.un.org/thesaurus/1003500" showAs="justice" dictionary="UNBIS Thesaurus"></keyword>
        <keyword value="peaceful_coexistence" href="http://metadata.un.org/thesaurus/1004777" showAs="peaceful_coexistence" dictionary="UNBIS Thesaurus"></keyword>
        <keyword value="public_institutions" href="http://metadata.un.org/thesaurus/1005254" showAs="public_institutions" dictionary="UNBIS Thesaurus"></keyword>
        <keyword value="social_justice" href="http://metadata.un.org/thesaurus/1005970" showAs="social_justice" dictionary="UNBIS Thesaurus"></keyword>
        <keyword value="sustainable_development" href="http://metadata.un.org/thesaurus/1006319" showAs="sustainable_development" dictionary="UNBIS Thesaurus"></keyword>
      </classification>
      <classification source="http://metadata.un.org/sdg">
        <keyword value="17" href="http://metadata.un.org/sdg/17" showAs="sdg_17" dictionary="SDGO"></keyword>
        <keyword value="sustainable_development" href="http://eurovoc.europa.eu/5585" showAs="sustainable_development" dictionary="EuroVoc"></keyword>
        <keyword value="partnership" href="http://eurovoc.europa.eu/4199" showAs="partnership" dictionary="EuroVoc"></keyword>
        <keyword value="sustainable_development" href="http://metadata.un.org/thesaurus/1006319" showAs="sustainable_development" dictionary="UNBIS Thesaurus"></keyword>
        <keyword value="partnership" href="http://metadata.un.org/thesaurus/1004748" showAs="partnership" dictionary="UNBIS Thesaurus"></keyword>
      </classification>
      <workflow source="#un">
        <step date="2019-12-27" outcome="draftResolution" as="A/C.5/74/L.20" by="submitted by the Chair of the Committee" />
        <step date="0001-01-01" outcome="draftResolutionAdditionalSponsors" by="" />
        <step date="0001-01-01" outcome="recommendedForAdoption" as="A/74/614" by="" refersTo="60" />
        <step date="2019-12-27" outcome="adopted" as="A/74/PV.52" by="" />
      </workflow>
      <analysis source="#un">
        <parliamentary>
          <voting outcome="adoptedWithoutVote">
            <quorum value=""></quorum>
          </voting>
        </parliamentary>
      </analysis>
      <references source="#DGACM">
        <TLCOrganization eId="source" href="/akn/ontology/organization/un/DGACM" showAs="DGACM"></TLCOrganization>
        <TLCConcept eId="dateOfIssuance" href="/akn/ontology/concept/un/dateOfIssuance" showAs="Date of issuance"></TLCConcept>
        <TLCConcept eId="dateOfAdoption" href="/akn/ontology/concept/un/dateOfAdoption" showAs="Date of adoption"></TLCConcept>
        <TLCConcept eId="symbol" href="/akn/ontology/reference/un/symbol" showAs="Symbol"></TLCConcept>
        <TLCRole eId="publisher" href="/akn/ontology/role/un/publisher" showAs="Publisher"></TLCRole>
        <TLCRole eId="issuingBody" href="/akn/role/concept/un/issuingBody" showAs="Issuing body"></TLCRole>
        <TLCRole eId="author" href="/akn/ontology/role/un/author" showAs="Author"></TLCRole>
        <TLCRole eId="editor" href="/akn/ontology/role/un/editor" showAs="Editor"></TLCRole>
        <TLCRole eId="distribution" href="/akn/ontology/concept/un/generalDistribution" showAs="General distribution"></TLCRole>
        <TLCOrganization eId="ga" href="/akn/ontology/organization/un/generalAssembly" showAs="General Assembly"></TLCOrganization>
        <TLCTerm eId="resolutionTitle" href="/akn/ontology/reference/un/resolutionTitle" showAs="Resolution title"></TLCTerm>
        <TLCTerm eId="fifthCommittee" href="#fifthCommittee" showAs="Cinquième Commission"></TLCTerm>
        <TLCTerm eId="memberState" href="/akn/ontology/organization/un/memberState" showAs="Member State"></TLCTerm>
        <TLCTerm eId="inFavour" href="/akn/ontology/concept/un/voting/inFavour" showAs="In favour"></TLCTerm>
        <TLCTerm eId="against" href="/akn/ontology/concept/un/voting/against" showAs="Against"></TLCTerm>
        <TLCTerm eId="abstaining" href="/akn/ontology/concept/un/voting/abstaining" showAs="Abstaining"></TLCTerm>
      </references>
      <presentation source="#un">
        <akn4un:footerFirstPage>
          <akn4un:footerFirstPageLeft>
            <akn4un:internalCode>
              <docketNumber refersTo="#publicationJobNumber">19-22728 (F)</docketNumber>
              <img alt="bar code" class="barCode" src=""></img>
            </akn4un:internalCode>
          </akn4un:footerFirstPageLeft>
          <akn4un:footerFirstPageRight>
            <img alt="Please recycle" class="image" src="./recylcleLogo.jpg"></img>
            <img alt="embedded QR code" class="qrCode" src=""></img>
          </akn4un:footerFirstPageRight>
        </akn4un:footerFirstPage>
      </presentation>
    </meta>
    <coverPage eId="coverPage_1">
      <p>
        <span refersTo="#publisher" class="upperLeft">
          <docAuthority refersTo="#publisher">Nations Unies</docAuthority>
        </span>
      </p>
      <p class="upperRight">
        <docNumber refersTo="#symbol">A/RES/74/262</docNumber>
      </p>
      <p class="upperLeft">
        <img src="logo-un.jpg"></img>
        <docAuthority refersTo="#issuingBody" class="rightBig">Assemblée générale</docAuthority>
      </p>
      <p>
        <docStatus refersTo="#generalDistribution" class="rightSmall">Distr. générale</docStatus>
      </p>
      <p>
        <docDate date="2020-01-14" class="rightSmall" refersTo="#dateOfIssuance">14 janvier 2020</docDate>
      </p>
      <p>
        <session refersTo="#generalAssembly" value="74" eId="coverPage_1__session_1">Soixante-quatorzième session</session>
      </p>
      <p>
        <inline name="agenda item">Point 135 de l’ordre du jour</inline>
      </p>
      <p>
        <inline name="agenda item name">Projet de budget-programme pour 2020</inline>
      </p>
      <p>
        <docTitle>Résolution adoptée par l’Assemblée générale le 27 décembre 2019</docTitle>
      </p>
      <p xml:space="preserve">
        <docProponent refersTo="#fifthCommittee">[sur la base du rapport de la Cinquième Commission (<inline name="originating document">A/74/614</inline>)]</docProponent>
      </p>
    </coverPage>
    <preface>
      <p>
        <docNumber>74/262.</docNumber>
        <docTitle refersTo="#resolutionTitle">Questions relatives au projet de budget-programme pour 2020</docTitle>
      </p>
    </preface>
    <preamble>
      <formula name="enactingFormula" eId="formula_1">
        <p xml:space="preserve">
          <span class="italic">L’Assemblée générale</span>,</p>
      </formula>
      <container name="Réaffirmant" eId="container_2">
        <p xml:space="preserve">
          <span class="italic">	Réaffirmant</span> ses résolutions <a href="https://undocs.org/fr/A/RES/41/213">41/213</a> du 19 décembre 1986 et <a href="https://undocs.org/fr/A/RES/42/211">42/211</a> du 21 décembre 1987, la section VI de sa résolution <a href="https://undocs.org/fr/A/RES/45/248">45/248</a> B du 21 décembre 1990, ses résolutions <a href="https://undocs.org/fr/A/RES/55/231">55/231</a> du 23 décembre 2000, <a href="https://undocs.org/fr/A/RES/56/253">56/253</a> du 24 décembre 2001, <a href="https://undocs.org/fr/A/RES/58/269">58/269</a> et <a href="https://undocs.org/fr/A/RES/58/270">58/270</a> du 23 décembre 2003, la section XI de sa résolution <a href="https://undocs.org/fr/A/RES/59/276">59/276</a> du 23 décembre 2004 et ses résolutions <a href="https://undocs.org/fr/A/RES/60/283">60/283</a> du 7 juillet 2006, <a href="https://undocs.org/fr/A/RES/61/263">61/263</a> du 4 avril 2007, <a href="https://undocs.org/fr/A/RES/62/236">62/236</a> du 22 décembre 2007, <a href="https://undocs.org/fr/A/RES/63/262">63/262</a> du 24 décembre 2008, <a href="https://undocs.org/fr/A/RES/64/243">64/243</a> du 24 décembre 2009, <a href="https://undocs.org/fr/A/RES/65/259">65/259</a> du 24 décembre 2010, <a href="https://undocs.org/fr/A/RES/66/246">66/246</a> du 24 décembre 2011, <a href="https://undocs.org/fr/A/RES/68/246">68/246</a> du 27 décembre 2013, <a href="https://undocs.org/fr/A/RES/70/247">70/247</a> du 23 décembre 2015, <a href="https://undocs.org/fr/A/RES/71/272">71/272</a> A du 23 décembre 2016, <a href="https://undocs.org/fr/A/RES/72/261">72/261</a> et <a href="https://undocs.org/fr/A/RES/72/266">72/266</a> A du 24 décembre 2017, <a href="https://undocs.org/fr/A/RES/72/266">72/266</a> B du 5 juillet 2018 et <a href="https://undocs.org/fr/A/RES/73/281">73/281</a> du 22 décembre 2018, </p>
      </container>
      <container name="Réaffirmant également" eId="container_3">
        <p xml:space="preserve">
          <span class="italic">	Réaffirmant également</span> les mandats respectifs, pour ce qui est de l’examen du projet de budget-programme, du Comité du programme et de la coordination et du Comité consultatif pour les questions administratives et budgétaires, </p>
      </container>
      <container name="Réaffirmant" eId="container_4">
        <p xml:space="preserve">
          <span class="italic">	Réaffirmant</span> qu’il lui incombe d’analyser en profondeur et d’approuver, par l’entremise de la Cinquième Commission, les tableaux d’effectifs et les ressources financières, ainsi que les politiques suivies en matière de ressources humaines, </p>
      </container>
      <container name="Sachant" eId="container_5">
        <p xml:space="preserve">
          <span class="italic">	Sachant</span> que le non-paiement des contributions statutaires nuit au bon fonctionnement administratif et financier de l’Organisation des Nations Unies et à sa capacité d’exécuter ses mandats et programmes, </p>
      </container>
      <container name="Sachant également" eId="container_6">
        <p xml:space="preserve">
          <span class="italic">	Sachant également</span>, tout en gardant à l’esprit la situation particulière de certains États Membres, que le versement tardif des contributions statutaires a eu de graves incidences sur la situation financière de l’Organisation des Nations Unies et a provoqué une crise de liquidités qui a entravé l’exécution des mandats, </p>
      </container>
      <container name="Rappelant " eId="container_7">
        <p xml:space="preserve">
          <span class="italic">	Rappelant </span>sa résolution <a href="https://undocs.org/fr/A/RES/72/266">72/266</a> A dans laquelle elle a décidé d’approuver le remplacement à titre expérimental des exercices budgétaires biennaux par des exercices annuels, </p>
      </container>
      <container name="Ayant examiné" eId="container_8">
        <p xml:space="preserve">
          <span class="italic">	Ayant examiné</span> le projet de budget-programme pour 2020<authorialNote marker="1" placement="bottom" eId="authorialNote_1"><p xml:space="preserve"><a href="https://undocs.org/fr/A/74/6 (Introduction)">A/74/6 (Introduction)</a>, <a href="https://undocs.org/fr/A/74/6 (Sect. 1)">A/74/6 (Sect. 1)</a>, <a href="https://undocs.org/fr/A/74/6 (Sect. 2)">A/74/6 (Sect. 2)</a>, <a href="https://undocs.org/fr/A/74/6 (Sect. 3)">A/74/6 (Sect. 3)</a>, <a href="https://undocs.org/fr/A/74/6 (Sect. 4)">A/74/6 (Sect. 4)</a>, <a href="https://undocs.org/fr/A/74/6 (Sect. 5)">A/74/6 (Sect. 5)</a>, <a href="https://undocs.org/fr/A/74/6 (Sect. 5)/Corr.1">A/74/6 (Sect. 5)/Corr.1</a>, <a href="https://undocs.org/fr/A/74/6 (Sect. 6)">A/74/6 (Sect. 6)</a>, <a href="https://undocs.org/fr/A/74/6 (Sect. 7)">A/74/6 (Sect. 7)</a>, <a href="https://undocs.org/fr/A/74/6 (Sect. 8)">A/74/6 (Sect. 8)</a>, <a href="https://undocs.org/fr/A/74/6 (Sect. 8)/Corr.1">A/74/6 (Sect. 8)/Corr.1</a>, <a href="https://undocs.org/fr/A/74/6 (Sect. 9)">A/74/6 (Sect. 9)</a>, <a href="https://undocs.org/fr/A/74/6 (Sect. 10)">A/74/6 (Sect. 10)</a>, <a href="https://undocs.org/fr/A/74/6 (Sect. 11)">A/74/6 (Sect. 11)</a>, <a href="https://undocs.org/fr/A/74/6 (Sect. 12)">A/74/6 (Sect. 12)</a>, <a href="https://undocs.org/fr/A/74/6 (Sect. 13)">A/74/6 (Sect. 13)</a>, <a href="https://undocs.org/fr/A/74/6 (Sect. 14)">A/74/6 (Sect. 14)</a>, <a href="https://undocs.org/fr/A/74/6 (Sect. 15)">A/74/6 (Sect. 15)</a>, <a href="https://undocs.org/fr/A/74/6 (Sect. 16)">A/74/6 (Sect. 16)</a>, <a href="https://undocs.org/fr/A/74/6 (Sect. 17)">A/74/6 (Sect. 17)</a>, <a href="https://undocs.org/fr/A/74/6 (Sect. 18)">A/74/6 (Sect. 18)</a>, <a href="https://undocs.org/fr/A/74/6 (Sect. 19)">A/74/6 (Sect. 19)</a>, <a href="https://undocs.org/fr/A/74/6 (Sect. 20)">A/74/6 (Sect. 20)</a>, <a href="https://undocs.org/fr/A/74/6 (Sect. 21)">A/74/6 (Sect. 21)</a>, <a href="https://undocs.org/fr/A/74/6 (Sect. 22)">A/74/6 (Sect. 22)</a>, <a href="https://undocs.org/fr/A/74/6 (Sect. 23)">A/74/6 (Sect. 23)</a>, <a href="https://undocs.org/fr/A/74/6 (Sect. 24)">A/74/6 (Sect. 24)</a>, <a href="https://undocs.org/fr/A/74/6 (Sect. 25)">A/74/6 (Sect. 25)</a>, <a href="https://undocs.org/fr/A/74/6 (Sect. 26)">A/74/6 (Sect. 26)</a>, <a href="https://undocs.org/fr/A/74/6 (Sect. 27)">A/74/6 (Sect. 27)</a>, <a href="https://undocs.org/fr/A/74/6 (Sect. 28)">A/74/6 (Sect. 28)</a>, <a href="https://undocs.org/fr/A/74/6 (Sect. 29)">A/74/6 (Sect. 29)</a>, <a href="https://undocs.org/fr/A/74/6 (Sect. 29A)">A/74/6 (Sect. 29A)</a>, <a href="https://undocs.org/fr/A/74/6 (Sect. 29B)">A/74/6 (Sect. 29B)</a>, <a href="https://undocs.org/fr/A/74/6 (Sect. 29C)">A/74/6 (Sect. 29C)</a>, <a href="https://undocs.org/fr/A/74/6 (Sect. 29E)">A/74/6 (Sect. 29E)</a>, <a href="https://undocs.org/fr/A/74/6 (Sect. 29F)">A/74/6 (Sect. 29F)</a>, <a href="https://undocs.org/fr/A/74/6 (Sect. 29G)">A/74/6 (Sect. 29G)</a>, <a href="https://undocs.org/fr/A/74/6 (Sect. 29H)">A/74/6 (Sect. 29H)</a>, <a href="https://undocs.org/fr/A/74/6 (Sect. 30)">A/74/6 (Sect. 30)</a>, <a href="https://undocs.org/fr/A/74/6 (Sect. 31)">A/74/6 (Sect. 31)</a>, <a href="https://undocs.org/fr/A/74/6 (Sect. 32)">A/74/6 (Sect. 32)</a>, <a href="https://undocs.org/fr/A/74/6 (Sect. 33)">A/74/6 (Sect. 33)</a>, <a href="https://undocs.org/fr/A/74/6 (Sect. 34)">A/74/6 (Sect. 34)</a>, <a href="https://undocs.org/fr/A/74/6">A/74/6</a> (Sect. 35), <a href="https://undocs.org/fr/A/74/6 (Sect. 36)">A/74/6 (Sect. 36)</a>, <a href="https://undocs.org/fr/A/74/6 (Income sect">A/74/6 (Income sect</a>. 1), <a href="https://undocs.org/fr/A/74/6 (Income sect">A/74/6 (Income sect</a>. 2) et <a href="https://undocs.org/fr/A/74/6 (Income sect">A/74/6 (Income sect</a>. 3).</p></authorialNote>, le onzième rapport d’activité du Secrétaire général sur la mise en œuvre des projets financés par le Compte pour le développement<authorialNote marker="2" placement="bottom" eId="authorialNote_2"><p xml:space="preserve"><a href="https://undocs.org/fr/A/74/85">A/74/85</a>. </p></authorialNote>, le rapport du Comité consultatif indépendant pour les questions d’audit intitulé « Contrôle interne : projet de budget-programme pour 2020 »<authorialNote marker="3" placement="bottom" eId="authorialNote_3"><p xml:space="preserve"><a href="https://undocs.org/fr/A/74/92">A/74/92</a>.</p></authorialNote> et le rapport correspondant du Comité consultatif pour les questions administratives et budgétaires<authorialNote marker="4" placement="bottom" eId="authorialNote_4"><p xml:space="preserve"><span class="italic">Documents officiels de l’Assemblée générale, soixante-quatorzième session, Supplément n</span><span class="italic"><sup>o</sup></span><span class="italic"> 7</span> (<a href="https://undocs.org/fr/A/74/7">A/74/7</a>).</p></authorialNote>, </p>
      </container>
    </preamble>
    <mainBody>
      <paragraph eId="para_9" class="MercuryDocument">
        <num>	1.</num>
        <content eId="para_9__content">
          <p xml:space="preserve">
            <span class="italic">Réaffirme </span>que la Cinquième Commission est celle de ses grandes commissions qui est chargée des questions administratives et budgétaires et que c’est à celle-ci qu’il revient d’analyser en profondeur et d’approuver les ressources humaines et financières et les politiques s’y rapportant, pour que tous les programmes et toutes les activités prescrits soient exécutés intégralement et avec efficacité et efficience et que les politiques soient dûment appliquées ; </p>
        </content>
      </paragraph>
      <paragraph eId="para_10" class="MercuryDocument">
        <num>	2.</num>
        <content eId="para_10__content">
          <p xml:space="preserve">
            <span class="italic">Réaffirme</span> l’article 153 de son Règlement intérieur ; </p>
        </content>
      </paragraph>
      <paragraph eId="para_11" class="MercuryDocument">
        <num>	3.</num>
        <content eId="para_11__content">
          <p xml:space="preserve">
            <span class="italic">Réaffirme également</span> le Règlement et les règles régissant la planification des programmes, les aspects du budget qui ont trait aux programmes, le contrôle de l’exécution et les méthodes d’évaluation<authorialNote marker="5" placement="bottom" eId="authorialNote_5"><p xml:space="preserve"><a href="https://undocs.org/fr/ST/SGB/2018/3">ST/SGB/2018/3</a>.</p></authorialNote> ; </p>
        </content>
      </paragraph>
      <paragraph eId="para_12" class="MercuryDocument">
        <num>	4.</num>
        <content eId="para_12__content">
          <p xml:space="preserve">
            <span class="italic">Réaffirme</span> les procédures et principes budgétaires arrêtés dans ses résolutions <a href="https://undocs.org/fr/A/RES/41/213">41/213</a> et <a href="https://undocs.org/fr/A/RES/42/211">42/211</a> ; </p>
        </content>
      </paragraph>
      <paragraph eId="para_13" class="MercuryDocument">
        <num>	5.</num>
        <content eId="para_13__content">
          <p xml:space="preserve">
            <span class="italic">Réaffirme également</span> le Règlement financier et les règles de gestion financière de l’Organisation des Nations Unies<authorialNote marker="6" placement="bottom" eId="authorialNote_6"><p xml:space="preserve"><a href="https://undocs.org/fr/ST/SGB/2013/4">ST/SGB/2013/4</a> et <a href="https://undocs.org/fr/ST/SGB/2013/4/Amend.1">ST/SGB/2013/4/Amend.1</a>.</p></authorialNote> ; </p>
        </content>
      </paragraph>
      <paragraph eId="para_14" class="MercuryDocument">
        <num>	6.</num>
        <content eId="para_14__content">
          <p xml:space="preserve">
            <span class="italic">Réaffirme en outre</span> sa résolution <a href="https://undocs.org/fr/A/RES/74/251">74/251</a> du 27 décembre 2019 ; </p>
        </content>
      </paragraph>
      <paragraph eId="para_15" class="MercuryDocument">
        <num>	7.</num>
        <content eId="para_15__content">
          <p xml:space="preserve">
            <span class="italic">Souligne</span> l’importance du financement, qui constitue le fondement essentiel de la gouvernance de l’Organisation des Nations Unies ; </p>
        </content>
      </paragraph>
      <paragraph eId="para_16" class="MercuryDocument">
        <num>	8.</num>
        <content eId="para_16__content">
          <p xml:space="preserve">
            <span class="italic">Souscrit</span>, sous réserve des dispositions de la présente résolution, aux conclusions et recommandations que le Comité consultatif pour les questions administratives et budgétaires a formulées dans son rapport<sup>4</sup> ; </p>
        </content>
      </paragraph>
      <paragraph eId="para_17" class="MercuryDocument">
        <num>	9.</num>
        <content eId="para_17__content">
          <p xml:space="preserve">
            <span class="italic">Souligne</span> que tous les États Membres doivent s’acquitter dans les temps, intégralement et sans conditions des obligations financières que leur impose la Charte des Nations Unies ; </p>
        </content>
      </paragraph>
      <paragraph eId="para_18" class="MercuryDocument">
        <num>	10.</num>
        <content eId="para_18__content">
          <p xml:space="preserve">
            <span class="italic">Constate</span> les progrès faits dans la mise en œuvre des réformes de gestion dont il a été convenu dans les résolutions <a href="https://undocs.org/fr/A/RES/72/266">72/266</a> A, <a href="https://undocs.org/fr/A/RES/72/266">72/266</a> B et <a href="https://undocs.org/fr/A/RES/73/281">73/281</a> sur un nouveau modèle de gestion pour l’Organisation des Nations Unies ; </p>
        </content>
      </paragraph>
      <paragraph eId="para_19" class="MercuryDocument">
        <num>	11.</num>
        <content eId="para_19__content">
          <p xml:space="preserve">
            <span class="italic">Note </span>que les réformes structurelles devraient contribuer à accroître l’efficience et l’efficacité de l’exécution des programmes et activités prescrits sans nuire à leur mise en œuvre intégrale et prie le Secrétaire général de fournir des résultats et des exemples en la matière dans son prochain projet de budget ; </p>
        </content>
      </paragraph>
      <paragraph eId="para_20" class="MercuryDocument">
        <num>	12.</num>
        <content eId="para_20__content">
          <p xml:space="preserve">
            <span class="italic">Réaffirme</span> qu’aucune modification ne peut être apportée aux méthodes d’établissement du budget, aux procédures et pratiques budgétaires établies ou aux dispositions du Règlement financier sans qu’elle l’ait préalablement examinée et approuvée, conformément aux procédures budgétaires établies ; </p>
        </content>
      </paragraph>
      <paragraph eId="para_21" class="MercuryDocument">
        <num>	13.</num>
        <content eId="para_21__content">
          <p xml:space="preserve">
            <span class="italic">Réaffirme également</span> que les États Membres doivent être pleinement associés à l’établissement des budgets, dès les premières étapes et tout au long du processus ; </p>
        </content>
      </paragraph>
      <paragraph eId="para_22" class="MercuryDocument">
        <num>	14.</num>
        <content eId="para_22__content">
          <p xml:space="preserve">
            <span class="italic">Prie</span> le Secrétaire général de continuer à renforcer les procédures de contrôle interne concernant la planification des programmes, l’établissement du budget, l’exécution, le contrôle de l’exécution et l’établissement de rapports ; </p>
        </content>
      </paragraph>
      <paragraph eId="para_23" class="MercuryDocument">
        <num>	15.</num>
        <content eId="para_23__content">
          <p xml:space="preserve">
            <span class="italic">Souligne</span> qu’il importe de disposer d’informations détaillées sur l’exécution du budget pour bien gérer le budget-programme et prie le Secrétaire général de lier clairement les ressources inscrites au budget à des résultats concrets ; </p>
        </content>
      </paragraph>
      <paragraph eId="para_24" class="MercuryDocument">
        <num>	16.</num>
        <content eId="para_24__content">
          <p xml:space="preserve">
            <span class="italic">Souligne également</span> que la budgétisation axée sur les résultats et la gestion axée sur les résultats sont deux outils de gestion complémentaires et qu’une meilleure application de la budgétisation axée sur les résultats permet à la fois d’améliorer la gestion et de faire mieux respecter le principe de responsabilité au Secrétariat, et engage le Secrétaire général à poursuivre ses efforts en ce sens ; </p>
        </content>
      </paragraph>
      <paragraph eId="para_25" class="MercuryDocument">
        <num>	17.</num>
        <content eId="para_25__content">
          <p xml:space="preserve">
            <span class="italic">Décide</span> qu’aux fins des calculs budgétaires pour 2020, un taux de vacance de 9,1 pour cent sera utilisé pour les administrateurs et un taux de vacance de 7,4 pour cent sera utilisé pour les agents des services généraux ; </p>
        </content>
      </paragraph>
      <paragraph eId="para_26" class="MercuryDocument">
        <num>	18.</num>
        <content eId="para_26__content">
          <p xml:space="preserve">
            <span class="italic">Décide également</span> que le tableau d’effectifs de 2020 sera celui qui figure dans l’annexe de la présente résolution ;</p>
        </content>
      </paragraph>
      <paragraph eId="para_27" class="MercuryDocument">
        <num>	19.</num>
        <content eId="para_27__content">
          <p xml:space="preserve">
            <span class="italic">Garde à l’esprit </span>les règles régissant la durée et la prolongation des indemnités de fonctions et le fait que ces indemnités doivent être accordées uniquement dans des cas exceptionnels, et prie le Secrétaire général de se conformer à ces règles et de passer en revue les postes qui sont vacants ou donnent lieu à des indemnités de fonctions depuis plus d’un an et de lui faire rapport à ce sujet dans son prochain projet de budget ; </p>
        </content>
      </paragraph>
      <paragraph eId="para_28" class="MercuryDocument">
        <num>	20.</num>
        <content eId="para_28__content">
          <p xml:space="preserve">
            <span class="italic">Décide </span>de réduire de 2 pour cent les ressources autres que celles affectées à des postes dans les composantes d’appui aux programmes ; </p>
        </content>
      </paragraph>
      <paragraph eId="para_29" class="MercuryDocument">
        <num>	21.</num>
        <content eId="para_29__content">
          <p xml:space="preserve">
            <span class="italic">Décide également</span> de réduire de 4 millions de dollars des États-Unis les dépenses d’équipement dans le domaine informatique ; </p>
        </content>
      </paragraph>
      <paragraph eId="para_30" class="MercuryDocument">
        <num>	22.</num>
        <content eId="para_30__content">
          <p xml:space="preserve">
            <span class="italic">Décide en outre</span> de réduire de 12,5 pour cent les ressources consacrées au mobilier et au matériel ; </p>
        </content>
      </paragraph>
      <paragraph eId="para_31" class="MercuryDocument">
        <num>	23.</num>
        <content eId="para_31__content">
          <p xml:space="preserve">
            <span class="italic">Rappelle</span> que le recours à des consultants doit être limité au strict minimum et que l’Organisation doit mobiliser ses ressources internes pour les activités de base et les fonctions qui s’inscrivent dans la durée ; </p>
        </content>
      </paragraph>
      <paragraph eId="para_32" class="MercuryDocument">
        <num>	24.</num>
        <content eId="para_32__content">
          <p xml:space="preserve">
            <span class="italic">Rappelle</span> le paragraphe 70 de sa résolution <a href="https://undocs.org/fr/A/RES/65/247">65/247</a> du 24 décembre 2010, constate que l’Organisation continue de faire appel à des consultants pour ses activités de base et, à cet égard, décide de réduire de 10 pour cent le montant des ressources proposées pour les consultants, en plus des réductions recommandées par le Comité consultatif ; </p>
        </content>
      </paragraph>
      <paragraph eId="para_33" class="MercuryDocument">
        <num>	25.</num>
        <content eId="para_33__content">
          <p xml:space="preserve">
            <span class="italic">Décide</span> de réduire de 5 pour cent les ressources allouées au titre des services contractuels ; </p>
        </content>
      </paragraph>
      <paragraph eId="para_34" class="MercuryDocument">
        <num>	26.</num>
        <content eId="para_34__content">
          <p xml:space="preserve">
            <span class="italic">Décide également</span> de réduire de 10 pour cent le montant des ressources allouées au titre des voyages du personnel ; </p>
        </content>
      </paragraph>
      <paragraph eId="para_35" class="MercuryDocument">
        <num>	27.</num>
        <content eId="para_35__content">
          <p xml:space="preserve">
            <span class="italic">Se déclare préoccupée</span> par le fait que les directives relatives aux délais d’achat des billets d’avion sont peu appliquées et prie le Secrétaire général de redoubler d’efforts pour mieux les faire appliquer, pour toutes les catégories de voyages, en tenant compte des caractéristiques et de la nature des voyages officiels et des raisons pour lesquelles les départements, bureaux et missions n’appliquent pas les directives ; </p>
        </content>
      </paragraph>
      <paragraph eId="para_36" class="MercuryDocument">
        <num>	28.</num>
        <content eId="para_36__content">
          <p xml:space="preserve">
            <span class="italic">Décide</span> que seuls le Secrétaire général, le Président de l’Assemblée générale, le Président de la Cour internationale de Justice et les chefs de délégation des pays les moins avancés ont le droit de voyager en première classe ; </p>
        </content>
      </paragraph>
      <paragraph eId="para_37" class="MercuryDocument">
        <num>	29.</num>
        <content eId="para_37__content">
          <p xml:space="preserve">
            <span class="italic">Décide </span>de modifier le Règlement concernant les frais de voyage et l’indemnité de subsistance des membres de la Cour internationale de Justice, dont le texte est annexé à sa résolution <a href="https://undocs.org/fr/A/RES/37/240">37/240</a> du 21 décembre 1982, en remplaçant, à l’alinéa a) du paragraphe 2 de l’article premier, l’expression « frais de transport en première classe » par « frais de transport dans la classe immédiatement inférieure à la première classe », et prie le Secrétaire général d’étendre l’application des directives relatives aux délais d’achat des billets d’avion à la Cour internationale de Justice afin qu’encore plus d’économies soient faites sur les achats de billets ; </p>
        </content>
      </paragraph>
      <paragraph eId="para_38" class="MercuryDocument">
        <num>	30.</num>
        <content eId="para_38__content">
          <p xml:space="preserve">
            <span class="italic">Note</span> ce que fait le Secrétaire général pour mieux former les membres du personnel et développer leurs compétences afin de faciliter la décentralisation et la délégation de pouvoirs décisionnels ; </p>
        </content>
      </paragraph>
      <paragraph eId="para_39" class="MercuryDocument">
        <num>	31.</num>
        <content eId="para_39__content">
          <p xml:space="preserve">
            <span class="italic">Souligne </span>que tous les postes financés au moyen de fonds extrabudgétaires doivent être administrés et gérés avec la même rigueur que les postes inscrits au budget ordinaire ; </p>
        </content>
      </paragraph>
      <paragraph eId="para_40" class="MercuryDocument">
        <num>	32.</num>
        <content eId="para_40__content">
          <p xml:space="preserve">
            <span class="italic">Souligne également</span> que les ressources extrabudgétaires doivent être utilisées de manière conforme aux politiques, objectifs et activités de l’Organisation et prie le Secrétaire général de rendre compte dans son prochain projet de budget-programme des incidences, sur le plan financier et sur celui des ressources humaines, de l’utilisation de ressources extrabudgétaires ; </p>
        </content>
      </paragraph>
      <paragraph eId="para_41" class="MercuryDocument">
        <num>	33.</num>
        <content eId="para_41__content">
          <p xml:space="preserve">
            <span class="italic">Décide</span> de réduire de 5 millions de dollars les ressources prévues dans différents chapitres pour l’impression des documents destinés aux séances de la Cinquième Commission, afin de contribuer à atténuer l’empreinte écologique de l’Organisation des Nations Unies ; </p>
        </content>
      </paragraph>
      <paragraph eId="para_42" class="MercuryDocument">
        <subheading>Titre I</subheading>
        <subheading>Politiques, direction et coordination d’ensemble</subheading>
      </paragraph>
      <paragraph eId="para_43" class="MercuryDocument">
        <subheading>Chapitre premier</subheading>
        <subheading>		 Politiques, direction et coordination d’ensemble</subheading>
      </paragraph>
      <paragraph eId="para_44" class="MercuryDocument">
        <num>	34.</num>
        <content eId="para_44__content">
          <p xml:space="preserve">
            <span class="italic">Décide</span> que les réponses fournies au Comité consultatif par le Secrétariat seront mises à la disposition de l’Assemblée générale, à titre de complément d’information sur les prévisions budgétaires ; </p>
        </content>
      </paragraph>
      <paragraph eId="para_45" class="MercuryDocument">
        <num>	35.</num>
        <content eId="para_45__content">
          <p xml:space="preserve">
            <span class="italic">Rappelle</span> le paragraphe I.23 du rapport du Comité consultatif et attend avec intérêt le rapport annuel que le Secrétaire général doit lui présenter en application de sa résolution <a href="https://undocs.org/fr/A/RES/72/279">72/279</a> du 31 mai 2018 ; </p>
        </content>
      </paragraph>
      <paragraph eId="para_46" class="MercuryDocument">
        <num>	36.</num>
        <content eId="para_46__content">
          <p xml:space="preserve">
            <span class="italic">Prend note</span> des paragraphes I.15 et I.16 du rapport du Comité consultatif, décide de ne pas approuver la création proposée d’un poste P-5 pour aider le Bureau de la présidence de l’Assemblée générale, et décide de maintenir la durée de la période de transition à un mois ;</p>
        </content>
      </paragraph>
      <paragraph eId="para_47" class="MercuryDocument">
        <subheading>Chapitre 2</subheading>
        <subheading>		 Affaires de l’Assemblée générale et du Conseil économique et social et gestion des conférences</subheading>
      </paragraph>
      <paragraph eId="para_48" class="MercuryDocument">
        <num>	37.</num>
        <content eId="para_48__content">
          <p xml:space="preserve">
            <span class="italic">Souligne </span>l’importance des initiatives visant à assurer l’accessibilité des services et installations de conférence pour les personnes handicapées ; </p>
        </content>
      </paragraph>
      <paragraph eId="para_49" class="MercuryDocument">
        <num>	38.</num>
        <content eId="para_49__content">
          <p xml:space="preserve">
            <span class="italic">Rappelle</span> le paragraphe I.48 du rapport du Comité consultatif et décide de créer un poste P-4 et un poste P-3 de traducteur à la Section chinoise de traduction de Genève ; </p>
        </content>
      </paragraph>
      <paragraph eId="para_50" class="MercuryDocument">
        <subheading>Titre II</subheading>
        <subheading>Affaires politiques</subheading>
      </paragraph>
      <paragraph eId="para_51" class="MercuryDocument">
        <subheading>Chapitre 3</subheading>
        <subheading>Affaires politiques </subheading>
      </paragraph>
      <paragraph eId="para_52" class="MercuryDocument">
        <num>	39.</num>
        <content eId="para_52__content">
          <p xml:space="preserve">
            <span class="italic">Rappelle</span> les paragraphes 87, 88 et II.15 du rapport du Comité consultatif et décide de ne pas supprimer le poste de spécialiste des questions politiques (P-3) relevant de la Division de l’Afrique centrale et de l’Afrique australe du Département des affaires politiques et de la consolidation de la paix ; </p>
        </content>
      </paragraph>
      <paragraph eId="para_53" class="MercuryDocument">
        <subheading>Chapitre 5</subheading>
        <subheading>Opérations de maintien de la paix</subheading>
      </paragraph>
      <paragraph eId="para_54" class="MercuryDocument">
        <num>	40.</num>
        <content eId="para_54__content">
          <p xml:space="preserve">
            <span class="italic">Considère</span> que dans l’exercice de leur mandat les missions de maintien de la paix et les missions politiques spéciales jouent un rôle important dans le maintien de la paix et de la sécurité aux niveaux national, sous-régional, régional et international, selon le cas ; </p>
        </content>
      </paragraph>
      <paragraph eId="para_55" class="MercuryDocument">
        <subheading>Chapitre 6</subheading>
        <subheading>		 Utilisations pacifiques de l’espace</subheading>
      </paragraph>
      <paragraph eId="para_56" class="MercuryDocument">
        <num>	41.</num>
        <content eId="para_56__content">
          <p xml:space="preserve">
            <span class="italic">Prend note</span> de l’augmentation de la charge de travail du Bureau des affaires spatiales et prie le Secrétaire général de revoir les ressources à inscrire dans les futurs projets de budget ; </p>
        </content>
      </paragraph>
      <paragraph eId="para_57" class="MercuryDocument">
        <subheading>Titre III</subheading>
        <subheading>		 Justice internationale et droit international</subheading>
      </paragraph>
      <paragraph eId="para_58" class="MercuryDocument">
        <subheading>Chapitre 7</subheading>
        <subheading>		 Cour internationale de Justice</subheading>
      </paragraph>
      <paragraph eId="para_59" class="MercuryDocument">
        <num>	42.</num>
        <content eId="para_59__content">
          <p xml:space="preserve">
            <span class="italic">Décide</span> de ne pas approuver les reclassements à la Cour internationale de Justice ; </p>
        </content>
      </paragraph>
      <paragraph eId="para_60" class="MercuryDocument">
        <num>	43.</num>
        <content eId="para_60__content">
          <p xml:space="preserve">
            <span class="italic">Décide également</span> de réduire de 143 300 dollars les ressources affectées aux services de consultants sollicités par des membres de la Cour ;</p>
        </content>
      </paragraph>
      <paragraph eId="para_61" class="MercuryDocument">
        <content eId="para_61__content">
          <p xml:space="preserve">
            <span class="bold">		Chapitre 8 Affaires juridiques</span>
          </p>
        </content>
      </paragraph>
      <paragraph eId="para_62" class="MercuryDocument">
        <num>	44.</num>
        <content eId="para_62__content">
          <p xml:space="preserve">
            <span class="italic">Rappelle</span> le paragraphe III.35 du rapport du Comité consultatif, décide de ne pas approuver la transformation de 58 emplois de temporaire (autres que pour les réunions) en postes temporaires et décide de réduire les ressources en conséquence ; </p>
        </content>
      </paragraph>
      <paragraph eId="para_63" class="MercuryDocument">
        <num>	45.</num>
        <content eId="para_63__content">
          <p xml:space="preserve">
            <span class="italic">Prend note</span> des paragraphes III.47, III.48, III.49, III.52, III.53, III.54, III.55 et III.56 du rapport du Comité consultatif ; </p>
        </content>
      </paragraph>
      <paragraph eId="para_64" class="MercuryDocument">
        <num>	46.</num>
        <content eId="para_64__content">
          <p xml:space="preserve">
            <span class="italic">Décide</span> d’inscrire un montant de 17 806 200 dollars, avant actualisation des coûts, au chapitre 8 (Affaires juridiques) du budget ordinaire de 2020 pour le Mécanisme international, impartial et indépendant chargé de faciliter les enquêtes sur les violations les plus graves du droit international commises en République arabe syrienne depuis mars 2011 et d’aider à juger les personnes qui en sont responsables ;</p>
        </content>
      </paragraph>
      <paragraph eId="para_65" class="MercuryDocument">
        <subheading>Titre IV</subheading>
        <subheading>		 Coopération internationale pour le développement</subheading>
      </paragraph>
      <paragraph eId="para_66" class="MercuryDocument">
        <subheading>Chapitre 10</subheading>
        <subheading>		 Pays les moins avancés, pays en développement sans littoral et petits États insulaires en développement</subheading>
      </paragraph>
      <paragraph eId="para_67" class="MercuryDocument">
        <num>	47.</num>
        <content eId="para_67__content">
          <p xml:space="preserve">
            <span class="italic">Réaffirme</span> l’importance des Modalités d’action accélérées des petits États insulaires en développement (Orientations de Samoa)<authorialNote marker="7" placement="bottom" eId="authorialNote_7"><p xml:space="preserve">		Résolution <a href="https://undocs.org/fr/A/RES/69/15">69/15</a>, annexe.</p></authorialNote>, du Programme de développement durable à l’horizon 2030<authorialNote marker="8" placement="bottom" eId="authorialNote_8"><p xml:space="preserve">		Résolution <a href="https://undocs.org/fr/A/RES/70/1">70/1</a>.</p></authorialNote> et des autres textes ayant fait l’objet d’accords intergouvernementaux, notamment la déclaration politique issue de l’examen à mi-parcours de haut niveau des Orientations de Samoa adoptée le 10 octobre 2019<authorialNote marker="9" placement="bottom" eId="authorialNote_9"><p xml:space="preserve">		Résolution <a href="https://undocs.org/fr/A/RES/74/3">74/3</a>.</p></authorialNote>, et engage le Secrétaire général à continuer de soutenir les petits États insulaires en développement par l’intermédiaire du Groupe des petits États insulaires en développement du Département des affaires économiques et sociales ainsi que du Bureau de la Haute-Représentante pour les pays les moins avancés, les pays en développement sans littoral et les petits États insulaires en développement ; </p>
        </content>
      </paragraph>
      <paragraph eId="para_68" class="MercuryDocument">
        <num>	48.</num>
        <content eId="para_68__content">
          <p xml:space="preserve">
            <span class="italic">Prend note</span> des produits escomptés du sous-programme 2 (Pays en développement sans littoral) et du sous-programme 3 (Petits États insulaires en développement) pour la période 2018-2020, regrette que les ressources allouées à ces sous-programmes soient insuffisantes et, à cet égard, prie le Secrétaire général de prendre les mesures nécessaires pour que des ressources supplémentaires soient prévues au titre des postes et des autres objets de dépense dans le projet de budget-programme pour 2021 afin que les mandats élargis de ces sous-programmes puissent être exécutés efficacement ; </p>
        </content>
      </paragraph>
      <paragraph eId="para_69" class="MercuryDocument">
        <subheading>Chapitre 11</subheading>
        <subheading>		 Appui des Nations Unies au Nouveau Partenariat pour le développement  de l’Afrique</subheading>
      </paragraph>
      <paragraph eId="para_70" class="MercuryDocument">
        <num>	49.</num>
        <content eId="para_70__content">
          <p xml:space="preserve">
            <span class="italic">Rappelle</span> que le développement de l’Afrique est de longue date une priorité de l’Organisation et réaffirme sa volonté de répondre aux besoins uniques de ce continent ; </p>
        </content>
      </paragraph>
      <paragraph eId="para_71" class="MercuryDocument">
        <num>	50.</num>
        <content eId="para_71__content">
          <p xml:space="preserve">
            <span class="italic">Prie</span> le Secrétaire général de pourvoir dans les meilleurs délais les quatre postes vacants au Bureau de la Conseillère spéciale pour l’Afrique ; </p>
        </content>
      </paragraph>
      <paragraph eId="para_72" class="MercuryDocument">
        <subheading>Chapitre 14</subheading>
        <subheading>Environnement</subheading>
      </paragraph>
      <paragraph eId="para_73" class="MercuryDocument">
        <num>	51.</num>
        <content eId="para_73__content">
          <p xml:space="preserve">
            <span class="italic">Réaffirmant</span> le mandat énoncé dans sa résolution <a href="https://undocs.org/fr/A/RES/2997 (XXVII)">2997 (XXVII)</a> du 15 décembre 1972, portant création du Programme des Nations Unies pour l’environnement, et les autres résolutions pertinentes qui renforcent ce mandat, ainsi que la Déclaration de Nairobi du 7 février 1997 sur le rôle et le mandat du Programme des Nations Unies pour l’environnement<authorialNote marker="10" placement="bottom" eId="authorialNote_10"><p xml:space="preserve"><span class="italic">Documents officiels de l’Assemblée générale, cinquante-deuxième session, Supplément n</span><span class="italic"><sup>o</sup></span><span class="italic"> 25 </span>(<a href="https://undocs.org/fr/A/52/25">A/52/25</a>), annexe, décision 19/1, annexe .</p></authorialNote>, la Déclaration ministérielle de Malmö du 31 mai 2000<authorialNote marker="11" placement="bottom" eId="authorialNote_11"><p xml:space="preserve">		Ibid.,<span class="italic"> cinquante-cinquième session, Supplément n</span><span class="italic"><sup>o</sup></span><span class="italic"> 25</span> (<a href="https://undocs.org/fr/A/55/25">A/55/25</a>), annexe I, décision SS.VI/1, annexe.</p></authorialNote> et la Déclaration de Nusa Dua du 26 février 2010<authorialNote marker="12" placement="bottom" eId="authorialNote_12"><p xml:space="preserve">		Ibid., <span class="italic">soixante-cinquième session, Supplément n</span><span class="italic"><sup>o</sup></span><span class="italic"> 25</span> (<a href="https://undocs.org/fr/A/65/25">A/65/25</a>), annexe I, décision SS. XI/9.</p></authorialNote> ; </p>
        </content>
      </paragraph>
      <paragraph eId="para_74" class="MercuryDocument">
        <subheading>Chapitre 16</subheading>
            <subheading>		 Contrôle international des drogues, prévention du crime et du terrorisme  et justice pénale</subheading>
      </paragraph>
      <paragraph eId="para_75" class="MercuryDocument">
        <num>	52.</num>
        <content eId="para_75__content">
          <p xml:space="preserve">
            <span class="italic">Décide</span> de créer un poste de conseiller juridique (P-3) au secrétariat de l’Organe international de contrôle des stupéfiants ; </p>
        </content>
      </paragraph>
      <paragraph eId="para_76" class="MercuryDocument">
        <subheading>Titre V</subheading>
        <subheading>		 Coopération régionale pour le développement</subheading>
      </paragraph>
      <paragraph eId="para_77" class="MercuryDocument">
        <subheading>Chapitre 20</subheading>
            <subheading>		 Développement économique en Europe</subheading>
      </paragraph>
      <paragraph eId="para_78" class="MercuryDocument">
        <num>	53.</num>
        <content eId="para_78__content">
          <p xml:space="preserve">
            <span class="italic">Prend note</span> du paragraphe V.49 du rapport du Comité consultatif et décide de ne pas créer de poste de chef de service (D-1) ; </p>
        </content>
      </paragraph>
      <paragraph eId="para_79" class="MercuryDocument">
        <num>	54.</num>
        <content eId="para_79__content">
          <p xml:space="preserve">
            <span class="italic">Prend note également</span> des paragraphes V.50 et V.54 du rapport du Comité consultatif et décide de maintenir un poste de spécialiste adjoint des questions de population (P-2), un poste d’assistant administratif principal [agent des services généraux (1<sup>re</sup> classe)] et un poste d’assistant d’équipe [agent des services généraux (Autres classes)] ; </p>
        </content>
      </paragraph>
      <paragraph eId="para_80" class="MercuryDocument">
        <subheading>Chapitre 21</subheading>
        <subheading>		 Développement économique et social en Amérique latine et dans les Caraïbes</subheading>
      </paragraph>
      <paragraph eId="para_81" class="MercuryDocument">
        <num>	55.</num>
        <content eId="para_81__content">
          <p xml:space="preserve">
            <span class="italic">Constate avec satisfaction</span> que la Commission économique pour l’Amérique latine et les Caraïbes a entrepris de numériser sa bibliothèque et ses systèmes de documentation, et qu’elle s’emploie à accroître la diffusion électronique de ses publications tout en prévoyant des solutions de rechange dans les zones où l’accès à Internet est limité ;</p>
        </content>
      </paragraph>
      <paragraph eId="para_82" class="MercuryDocument">
        <num>	56.</num>
        <content eId="para_82__content">
          <p xml:space="preserve">
            <span class="italic">Constate avec satisfaction</span> les efforts faits par la Commission pour réduire les coûts d’impression et de diffusion de ses publications, ainsi que les progrès qu’elle a accomplis pour ce qui est d’élargir son rayonnement et de diffuser plus largement ses publications, et engage le Secrétaire général à procéder à une analyse pour déterminer si les systèmes et stratégies de la Commission peuvent être reproduits dans d’autres commissions régionales et dans les départements et bureaux de l’Organisation des Nations Unies, et à faire le point sur la question dans son prochain projet de budget ; </p>
        </content>
      </paragraph>
      <paragraph eId="para_83" class="MercuryDocument">
        <num>	57.</num>
        <content eId="para_83__content">
          <p xml:space="preserve">
            <span class="italic">Rappelle</span> les paragraphes 88 et V.69 du rapport du Comité consultatif et décide de ne pas supprimer à la Commission un poste de spécialiste de la gestion des programmes (adjoint de 1<sup>re</sup> classe) (P-2) relevant du sous-programme 3 (Politiques macroéconomiques et croissance) et un poste de spécialiste de la gestion des programmes (adjoint de 1<sup>re</sup> classe) (P-2) relevant du sous-programme 8 (Ressources naturelles et infrastructures) ; </p>
        </content>
      </paragraph>
      <paragraph eId="para_84" class="MercuryDocument">
        <content eId="para_84__content">
          <p xml:space="preserve">
            <span class="bold">		Titre VI Droits de l’homme et affaires humanitaires </span>
          </p>
        </content>
      </paragraph>
      <paragraph eId="para_85" class="MercuryDocument">
        <subheading>Chapitre 24</subheading>
        <subheading>		 Droits de l’homme</subheading>
      </paragraph>
      <paragraph eId="para_86" class="MercuryDocument">
        <num>	58.</num>
        <content eId="para_86__content">
          <p xml:space="preserve">
            <span class="italic">Rappelle</span> sa résolution <a href="https://undocs.org/fr/A/RES/68/268">68/268</a> du 9 avril 2014 et décide d’attribuer un maximum de quatre langues de travail officielles aux travaux des organes conventionnels des droits de l’homme, une cinquième langue officielle pouvant être ajoutée, à titre exceptionnel, si nécessaire, pour faciliter la communication entre les membres, selon ce que déterminera le comité intéressé, en tenant compte du fait que ces mesures ne créeront pas de précédent, en raison de la nature particulière des organes conventionnels, et sans préjudice du droit de chaque État partie de communiquer avec les organes conventionnels dans l’une des six langues officielles de l’Organisation ; </p>
        </content>
      </paragraph>
      <paragraph eId="para_87" class="MercuryDocument">
        <num>	59.</num>
        <content eId="para_87__content">
          <p xml:space="preserve">
            <span class="italic">Décide </span>de ne pas transférer un poste de spécialiste des droits de l’homme (P-3) ; </p>
        </content>
      </paragraph>
      <paragraph eId="para_88" class="MercuryDocument">
        <subheading>Titre VII</subheading>
        <subheading>		 Communication globale</subheading>
      </paragraph>
      <paragraph eId="para_89" class="MercuryDocument">
        <subheading>Chapitre 28</subheading>
        <subheading>		 Communication globale</subheading>
      </paragraph>
      <paragraph eId="para_90" class="MercuryDocument">
        <num>	60.</num>
        <content eId="para_90__content">
          <p xml:space="preserve">
            <span class="italic">Prend note</span> de la réforme en cours du Département de la communication globale et prie le Secrétaire général de rendre compte de la manière dont celle-ci peut contribuer à améliorer l’exécution intégrale, efficace et efficiente de son mandat tant au Siège que sur le terrain ; </p>
        </content>
      </paragraph>
      <paragraph eId="para_91" class="MercuryDocument">
        <num>	61.</num>
        <content eId="para_91__content">
          <p xml:space="preserve">
            <span class="italic">Rappelle</span> le paragraphe 165 de sa résolution <a href="https://undocs.org/fr/A/RES/72/261">72/261</a>, prie le Secrétaire général de faire rapport sur le maintien et l’amélioration de la qualité et de la fiabilité de la couverture des réunions et des communiqués de presse, et le prie également de rendre compte des avantages qualitatifs et quantitatifs découlant de ces initiatives dans ses prochains projets de budget ; </p>
        </content>
      </paragraph>
      <paragraph eId="para_92" class="MercuryDocument">
        <num>	62.</num>
        <content eId="para_92__content">
          <p xml:space="preserve">
            <span class="italic">Prend note</span> du paragraphe VII.11 du rapport du Comité consultatif, décide de créer six emplois de temporaire (autres que pour les réunions) au Service d’information des Nations Unies à Genève, à savoir un poste de spécialiste de la transmission sur le Web (P-3), un poste d’administrateur adjoint de 1<sup>re</sup> classe chargé de la diffusion sur le Web (P-2) et quatre postes d’assistant (diffusion sur le Web) [agent des services généraux (Autres classes)], et décide de ne pas créer un poste d’administrateur recruté sur le plan national au Centre d’information des Nations Unies à Colombo ; </p>
        </content>
      </paragraph>
      <paragraph eId="para_93" class="MercuryDocument">
        <num>	63.</num>
        <content eId="para_93__content">
          <p xml:space="preserve">
            <span class="italic">Décide</span> de créer un poste P-3 dans l’équipe hindi d’ONU Info ; </p>
        </content>
      </paragraph>
      <paragraph eId="para_94" class="MercuryDocument">
        <num>	64.</num>
        <content eId="para_94__content">
          <p xml:space="preserve">
            <span class="italic">Décide également</span> de créer un poste P-3 dans l’équipe ourdou de la Radio des Nations Unies ; </p>
        </content>
      </paragraph>
      <paragraph eId="para_95" class="MercuryDocument">
        <num>	65.</num>
        <content eId="para_95__content">
          <p xml:space="preserve">
            <span class="italic">Décide en outre </span>de réduire de 600 000 dollars les ressources autres que celles affectées à des postes ; </p>
        </content>
      </paragraph>
      <paragraph eId="para_96" class="MercuryDocument">
        <subheading>Titre VIII</subheading>
        <subheading>		 Services communs d’appui</subheading>
      </paragraph>
      <paragraph eId="para_97" class="MercuryDocument">
        <subheading>Chapitre 29A</subheading>
        <subheading>		 Département des stratégies et politiques de gestion et de la conformité</subheading>
      </paragraph>
      <paragraph eId="para_98" class="MercuryDocument">
        <num>	66.</num>
        <content eId="para_98__content">
          <p xml:space="preserve">
            <span class="italic">Rappelle</span> les paragraphes 9, 10 et 11 de sa résolution <a href="https://undocs.org/fr/A/RES/72/266">72/266</a> B, souligne le rôle crucial que joue la formation dans la conduite de la réforme en favorisant les changements institutionnels et culturels, prend note des paragraphes VIII.16, VIII.17 et VIII.20 du rapport du Comité consultatif et décide de réduire de 700 000 dollars les crédits de formation ; </p>
        </content>
      </paragraph>
      <paragraph eId="para_99" class="MercuryDocument">
        <subheading>Chapitre 29B</subheading>
        <subheading>		 Département de l’appui opérationnel</subheading>
      </paragraph>
      <paragraph eId="para_100" class="MercuryDocument">
        <num>	67.</num>
        <content eId="para_100__content">
          <p xml:space="preserve">
            <span class="italic">Rappelle</span> les paragraphes 9 et 10 de sa résolution <a href="https://undocs.org/fr/A/RES/72/266">72/266</a> B, et souligne le rôle crucial que joue la formation dans la conduite de la réforme en favorisant les changements institutionnels et culturels ; </p>
        </content>
      </paragraph>
      <paragraph eId="para_101" class="MercuryDocument">
        <num>	68.</num>
        <content eId="para_101__content">
          <p xml:space="preserve">
            <span class="italic">Prend note</span> du paragraphe VIII.33 du rapport du Comité consultatif ; </p>
        </content>
      </paragraph>
      <paragraph eId="para_102" class="MercuryDocument">
        <subheading>Chapitre 29C</subheading>
        <subheading>		 Bureau de l’informatique et des communications</subheading>
      </paragraph>
      <paragraph eId="para_103" class="MercuryDocument">
        <num>	69.</num>
        <content eId="para_103__content">
          <p xml:space="preserve">
            <span class="italic">Approuve</span> l’ouverture d’un crédit supplémentaire de 199 500 dollars au chapitre 29C (Bureau de l’informatique et des communications) pour la mise au point d’un logiciel de navigation visant à aider les personnes handicapées et d’autres personnes à s’orienter dans les locaux de l’Organisation à New York ; </p>
        </content>
      </paragraph>
      <paragraph eId="para_104" class="MercuryDocument">
        <subheading>Chapitre 29E</subheading>
        <subheading>		 Administration (Genève)</subheading>
      </paragraph>
      <paragraph eId="para_105" class="MercuryDocument">
        <num>	70.</num>
        <content eId="para_105__content">
          <p xml:space="preserve">
            <span class="italic">Rappelle</span> le paragraphe VIII.70 du rapport du Comité consultatif et décide de ne pas approuver le reclassement à D-1 d’un poste de chef du Service des technologies de l’information et des communications (P-5) proposé au sous-programme 4 (Aspects opérationnels de l’informatique et des communications) ; </p>
        </content>
      </paragraph>
      <paragraph eId="para_106" class="MercuryDocument">
        <num>	71.</num>
        <content eId="para_106__content">
          <p xml:space="preserve">
            <span class="italic">Décide</span> de réduire encore les ressources de 100 100 dollars ; </p>
        </content>
      </paragraph>
      <paragraph eId="para_107" class="MercuryDocument">
        <subheading>Chapitre 29G</subheading>
        <subheading>		 Administration (Nairobi)</subheading>
      </paragraph>
      <paragraph eId="para_108" class="MercuryDocument">
        <num>	72.</num>
        <content eId="para_108__content">
          <p xml:space="preserve">
            <span class="italic">Rappelle</span> le paragraphe VIII.98 du rapport du Comité consultatif et décide de ne pas approuver le reclassement à P-4 d’un poste de fonctionnaire chargé des achats (P-3) et le reclassement à P-3 d’un poste de spécialiste des voyages (P-2) ; </p>
        </content>
      </paragraph>
      <paragraph eId="para_109" class="MercuryDocument">
        <num>	73.</num>
        <content eId="para_109__content">
          <p xml:space="preserve">
            <span class="italic">Décide</span> de ne pas supprimer un poste d’assistant aux achats (agent local) (sous-programme 3, Services d’appui) ; </p>
        </content>
      </paragraph>
      <paragraph eId="para_110" class="MercuryDocument">
        <subheading>Titre IX</subheading>
        <subheading>		 Contrôle interne</subheading>
      </paragraph>
      <paragraph eId="para_111" class="MercuryDocument">
        <subheading>Chapitre 30</subheading>
        <subheading>		 Contrôle interne</subheading>
      </paragraph>
      <paragraph eId="para_112" class="MercuryDocument">
        <num>	74.</num>
        <content eId="para_112__content">
          <p xml:space="preserve">
            <span class="italic">Prend note</span> du paragraphe IX.12 du Comité consultatif et décide de créer trois emplois de temporaire d’enquêteur (1 P-4 et 2 P-3) au Bureau des investigations de Vienne ; </p>
        </content>
      </paragraph>
      <paragraph eId="para_113" class="MercuryDocument">
        <subheading>Titre XII</subheading>
        <subheading>		 Sûreté et sécurité</subheading>
      </paragraph>
      <paragraph eId="para_114" class="MercuryDocument">
        <subheading>Chapitre 34</subheading>
        <subheading>		 Sûreté et sécurité</subheading>
      </paragraph>
      <paragraph eId="para_115" class="MercuryDocument">
        <num>	75.</num>
        <content eId="para_115__content">
          <p xml:space="preserve">
            <span class="italic">Décide</span> de ne pas supprimer 10 postes d’agent de sécurité (agent local) au Service de la sécurité et de la sûreté de Beyrouth et d’appliquer un taux de vacance de 50 pour cent ; </p>
        </content>
      </paragraph>
      <paragraph eId="para_116" class="MercuryDocument">
        <num>	76.</num>
        <content eId="para_116__content">
          <p xml:space="preserve">
            <span class="italic">Rappelle</span> le paragraphe XII.22 du rapport du Comité consultatif et décide d’approuver l’ouverture d’un crédit de 3 996 107 dollars au titre de l’assurance contre les actes de malveillance pour 2020 ; </p>
        </content>
      </paragraph>
      <paragraph eId="para_117" class="MercuryDocument">
        <subheading>Chapitre 3 des recettes Services à l’intention du public</subheading>
      </paragraph>
      <paragraph eId="para_118" class="MercuryDocument">
        <num>	77.</num>
        <content eId="para_118__content">
          <p xml:space="preserve">
            <span class="italic">Décide</span> de réduire de 250 000 dollars les ressources autres que celles affectées à des postes pour les services de restauration et décide également de ne pas allouer de ressources à la rénovation du Café Vienne.</p>
        </content>
      </paragraph>
    </mainBody>
    <conclusions eId="conclusions">
      <p>
        <inline name="adoptionMeeting" title="52e">52e séance plénière (reprise)</inline>
        <eol />
        <docDate date="2019-12-27" refersTo="#adoptionDate">27 décembre 2019</docDate>
      </p>
    </conclusions>
    <attachments>
      <attachment>
        <doc name="annex">
          <meta>
            <identification source="#DGACM">
              <FRBRWork>
                <FRBRthis value="/akn/un/statement/deliberation/unga/2019-12-27/74-262/!main/annex"></FRBRthis>
                <FRBRuri value="/akn/un/statement/deliberation/unga/2019-12-27/74-262/"></FRBRuri>
                <FRBRdate date="2019-12-27" name="adoption"></FRBRdate>
                <FRBRauthor href="ga" as="author"></FRBRauthor>
                <FRBRcountry value="un"></FRBRcountry>
              </FRBRWork>
              <FRBRExpression>
                <FRBRthis value="/akn/un/statement/deliberation/unga/2019-12-27/74-262/fra@!main/annex"></FRBRthis>
                <FRBRuri value="/akn/un/statement/deliberation/unga/2019-12-27/74-262/fra@/"></FRBRuri>
                <FRBRdate date="2020-01-14" name="publication"></FRBRdate>
                <FRBRauthor href="ga" as="issuer"></FRBRauthor>
                <FRBRlanguage language="fra"></FRBRlanguage>
              </FRBRExpression>
              <FRBRManifestation>
                <FRBRthis value="/akn/un/statement/deliberation/unga/2019-12-27/74-262/fra@/!main/annex.xml"></FRBRthis>
                <FRBRuri value="/akn/un/statement/deliberation/unga/2019-12-27/74-262/fra@.xml"></FRBRuri>
                <FRBRdate date="2020-08-28" name="markup"></FRBRdate>
                <FRBRauthor href="DGACM" as="editor"></FRBRauthor>
              </FRBRManifestation>
            </identification>
          </meta>
     <mainBody>
      <paragraph eId="para_120" class="MercuryDocument">
        <content eId="para_120__content">
          <p xml:space="preserve">
            <docType>Annexe</docType>
            <docTitle>		 Tableau d’effectifs de 2020</docTitle>
          </p>
        </content>
      </paragraph>
      <container name="table" eId="container_121">
        <table eId="container_121_table_1" akn4un:data-width-type="7320-dxa">
          <tr>
            <th akn4un:data-borders-info="{&quot;Top&quot;:{&quot;Style&quot;:&quot;single&quot;,&quot;Size&quot;:4,&quot;Space&quot;:0},&quot;Right&quot;:null,&quot;Bottom&quot;:{&quot;Style&quot;:&quot;single&quot;,&quot;Size&quot;:12,&quot;Space&quot;:0},&quot;Left&quot;:null,&quot;InsideHorizontal&quot;:null,&quot;InsideVertical&quot;:null}" akn4un:data-vertical-align="bottom" akn4un:data-width-type="5580-dxa">
              <p>
                <span class="italic">Catégorie</span>
              </p>
            </th>
            <th akn4un:data-borders-info="{&quot;Top&quot;:{&quot;Style&quot;:&quot;single&quot;,&quot;Size&quot;:4,&quot;Space&quot;:0},&quot;Right&quot;:null,&quot;Bottom&quot;:{&quot;Style&quot;:&quot;single&quot;,&quot;Size&quot;:12,&quot;Space&quot;:0},&quot;Left&quot;:null,&quot;InsideHorizontal&quot;:null,&quot;InsideVertical&quot;:null}" akn4un:data-vertical-align="bottom" akn4un:data-width-type="1740-dxa" akn4un:data-justification="Right">
              <p>
                <span class="italic">Nombre de postes</span>
              </p>
            </th>
          </tr>
          <tr>
            <th akn4un:data-borders-info="{&quot;Top&quot;:{&quot;Style&quot;:&quot;single&quot;,&quot;Size&quot;:12,&quot;Space&quot;:0},&quot;Right&quot;:null,&quot;Bottom&quot;:null,&quot;Left&quot;:null,&quot;InsideHorizontal&quot;:null,&quot;InsideVertical&quot;:null}" akn4un:data-vertical-align="bottom" akn4un:data-width-type="5580-dxa"></th>
            <th akn4un:data-borders-info="{&quot;Top&quot;:{&quot;Style&quot;:&quot;single&quot;,&quot;Size&quot;:12,&quot;Space&quot;:0},&quot;Right&quot;:null,&quot;Bottom&quot;:null,&quot;Left&quot;:null,&quot;InsideHorizontal&quot;:null,&quot;InsideVertical&quot;:null}" akn4un:data-vertical-align="bottom" akn4un:data-width-type="1740-dxa" akn4un:data-justification="Right"></th>
          </tr>
          <tr>
            <td akn4un:data-vertical-align="bottom" akn4un:data-width-type="5580-dxa">
              <p>
                <span class="bold">Administrateurs et fonctionnaires de rang supérieur</span>
              </p>
            </td>
            <td akn4un:data-vertical-align="bottom" akn4un:data-width-type="1740-dxa" akn4un:data-justification="Right"></td>
          </tr>
          <tr>
            <td akn4un:data-vertical-align="bottom" akn4un:data-width-type="5580-dxa">
              <p>Vice-Secrétaire générale</p>
            </td>
            <td akn4un:data-vertical-align="bottom" akn4un:data-width-type="1740-dxa" akn4un:data-justification="Right">
              <p>1</p>
            </td>
          </tr>
          <tr>
            <td akn4un:data-vertical-align="bottom" akn4un:data-width-type="5580-dxa">
              <p>Secrétaires généraux adjoints</p>
            </td>
            <td akn4un:data-vertical-align="bottom" akn4un:data-width-type="1740-dxa" akn4un:data-justification="Right">
              <p>36</p>
            </td>
          </tr>
          <tr>
            <td akn4un:data-vertical-align="bottom" akn4un:data-width-type="5580-dxa">
              <p>Sous-Secrétaires généraux</p>
            </td>
            <td akn4un:data-vertical-align="bottom" akn4un:data-width-type="1740-dxa" akn4un:data-justification="Right">
              <p>32</p>
            </td>
          </tr>
          <tr>
            <td akn4un:data-vertical-align="bottom" akn4un:data-width-type="5580-dxa">
              <p>D‑2</p>
            </td>
            <td akn4un:data-vertical-align="bottom" akn4un:data-width-type="1740-dxa" akn4un:data-justification="Right">
              <p>116</p>
            </td>
          </tr>
          <tr>
            <td akn4un:data-vertical-align="bottom" akn4un:data-width-type="5580-dxa">
              <p>D‑1</p>
            </td>
            <td akn4un:data-vertical-align="bottom" akn4un:data-width-type="1740-dxa" akn4un:data-justification="Right">
              <p>298</p>
            </td>
          </tr>
          <tr>
            <td akn4un:data-vertical-align="bottom" akn4un:data-width-type="5580-dxa">
              <p>P‑5</p>
            </td>
            <td akn4un:data-vertical-align="bottom" akn4un:data-width-type="1740-dxa" akn4un:data-justification="Right">
              <p> 902 </p>
            </td>
          </tr>
          <tr>
            <td akn4un:data-vertical-align="bottom" akn4un:data-width-type="5580-dxa">
              <p>P‑4</p>
            </td>
            <td akn4un:data-vertical-align="bottom" akn4un:data-width-type="1740-dxa" akn4un:data-justification="Right">
              <p> 1 532 </p>
            </td>
          </tr>
          <tr>
            <td akn4un:data-vertical-align="bottom" akn4un:data-width-type="5580-dxa">
              <p>P-3</p>
            </td>
            <td akn4un:data-vertical-align="bottom" akn4un:data-width-type="1740-dxa" akn4un:data-justification="Right">
              <p> 1 445 </p>
            </td>
          </tr>
          <tr>
            <td akn4un:data-borders-info="{&quot;Top&quot;:null,&quot;Right&quot;:null,&quot;Bottom&quot;:{&quot;Style&quot;:&quot;single&quot;,&quot;Size&quot;:4,&quot;Space&quot;:0},&quot;Left&quot;:null,&quot;InsideHorizontal&quot;:null,&quot;InsideVertical&quot;:null}" akn4un:data-vertical-align="bottom" akn4un:data-width-type="5580-dxa">
              <p>P‑2/1</p>
            </td>
            <td akn4un:data-borders-info="{&quot;Top&quot;:null,&quot;Right&quot;:null,&quot;Bottom&quot;:{&quot;Style&quot;:&quot;single&quot;,&quot;Size&quot;:4,&quot;Space&quot;:0},&quot;Left&quot;:null,&quot;InsideHorizontal&quot;:null,&quot;InsideVertical&quot;:null}" akn4un:data-vertical-align="bottom" akn4un:data-width-type="1740-dxa" akn4un:data-justification="Right">
              <p> 522 </p>
            </td>
          </tr>
          <tr>
            <td akn4un:data-borders-info="{&quot;Top&quot;:{&quot;Style&quot;:&quot;single&quot;,&quot;Size&quot;:4,&quot;Space&quot;:0},&quot;Right&quot;:null,&quot;Bottom&quot;:{&quot;Style&quot;:&quot;single&quot;,&quot;Size&quot;:4,&quot;Space&quot;:0},&quot;Left&quot;:null,&quot;InsideHorizontal&quot;:null,&quot;InsideVertical&quot;:null}" akn4un:data-vertical-align="bottom" akn4un:data-width-type="5580-dxa">
              <p>
                <span class="bold">	Total partiel</span>
              </p>
            </td>
            <td akn4un:data-borders-info="{&quot;Top&quot;:{&quot;Style&quot;:&quot;single&quot;,&quot;Size&quot;:4,&quot;Space&quot;:0},&quot;Right&quot;:null,&quot;Bottom&quot;:{&quot;Style&quot;:&quot;single&quot;,&quot;Size&quot;:4,&quot;Space&quot;:0},&quot;Left&quot;:null,&quot;InsideHorizontal&quot;:null,&quot;InsideVertical&quot;:null}" akn4un:data-vertical-align="bottom" akn4un:data-width-type="1740-dxa" akn4un:data-justification="Right">
              <p>
                <span class="bold">4 884</span>
              </p>
            </td>
          </tr>
          <tr>
            <td akn4un:data-borders-info="{&quot;Top&quot;:{&quot;Style&quot;:&quot;single&quot;,&quot;Size&quot;:4,&quot;Space&quot;:0},&quot;Right&quot;:null,&quot;Bottom&quot;:null,&quot;Left&quot;:null,&quot;InsideHorizontal&quot;:null,&quot;InsideVertical&quot;:null}" akn4un:data-vertical-align="bottom" akn4un:data-width-type="5580-dxa">
              <p>
                <span class="bold">Agents des services généraux et des catégories apparentées</span>
              </p>
            </td>
            <td akn4un:data-borders-info="{&quot;Top&quot;:{&quot;Style&quot;:&quot;single&quot;,&quot;Size&quot;:4,&quot;Space&quot;:0},&quot;Right&quot;:null,&quot;Bottom&quot;:null,&quot;Left&quot;:null,&quot;InsideHorizontal&quot;:null,&quot;InsideVertical&quot;:null}" akn4un:data-vertical-align="bottom" akn4un:data-width-type="1740-dxa" akn4un:data-justification="Right"></td>
          </tr>
          <tr>
            <td akn4un:data-vertical-align="bottom" akn4un:data-width-type="5580-dxa">
              <p>1<sup>re</sup> classe</p>
            </td>
            <td akn4un:data-vertical-align="bottom" akn4un:data-width-type="1740-dxa" akn4un:data-justification="Right">
              <p>271</p>
            </td>
          </tr>
          <tr>
            <td akn4un:data-borders-info="{&quot;Top&quot;:null,&quot;Right&quot;:null,&quot;Bottom&quot;:{&quot;Style&quot;:&quot;single&quot;,&quot;Size&quot;:4,&quot;Space&quot;:0},&quot;Left&quot;:null,&quot;InsideHorizontal&quot;:null,&quot;InsideVertical&quot;:null}" akn4un:data-vertical-align="bottom" akn4un:data-width-type="5580-dxa">
              <p>Autres classes</p>
            </td>
            <td akn4un:data-borders-info="{&quot;Top&quot;:null,&quot;Right&quot;:null,&quot;Bottom&quot;:{&quot;Style&quot;:&quot;single&quot;,&quot;Size&quot;:4,&quot;Space&quot;:0},&quot;Left&quot;:null,&quot;InsideHorizontal&quot;:null,&quot;InsideVertical&quot;:null}" akn4un:data-vertical-align="bottom" akn4un:data-width-type="1740-dxa" akn4un:data-justification="Right">
              <p>2 313</p>
            </td>
          </tr>
          <tr>
            <td akn4un:data-borders-info="{&quot;Top&quot;:{&quot;Style&quot;:&quot;single&quot;,&quot;Size&quot;:4,&quot;Space&quot;:0},&quot;Right&quot;:null,&quot;Bottom&quot;:{&quot;Style&quot;:&quot;single&quot;,&quot;Size&quot;:4,&quot;Space&quot;:0},&quot;Left&quot;:null,&quot;InsideHorizontal&quot;:null,&quot;InsideVertical&quot;:null}" akn4un:data-vertical-align="bottom" akn4un:data-width-type="5580-dxa">
              <p>
                <span class="bold">	Total partiel</span>
              </p>
            </td>
            <td akn4un:data-borders-info="{&quot;Top&quot;:{&quot;Style&quot;:&quot;single&quot;,&quot;Size&quot;:4,&quot;Space&quot;:0},&quot;Right&quot;:null,&quot;Bottom&quot;:{&quot;Style&quot;:&quot;single&quot;,&quot;Size&quot;:4,&quot;Space&quot;:0},&quot;Left&quot;:null,&quot;InsideHorizontal&quot;:null,&quot;InsideVertical&quot;:null}" akn4un:data-vertical-align="bottom" akn4un:data-width-type="1740-dxa" akn4un:data-justification="Right">
              <p>
                <span class="bold">2 584</span>
              </p>
            </td>
          </tr>
          <tr>
            <td akn4un:data-borders-info="{&quot;Top&quot;:{&quot;Style&quot;:&quot;single&quot;,&quot;Size&quot;:4,&quot;Space&quot;:0},&quot;Right&quot;:null,&quot;Bottom&quot;:null,&quot;Left&quot;:null,&quot;InsideHorizontal&quot;:null,&quot;InsideVertical&quot;:null}" akn4un:data-vertical-align="bottom" akn4un:data-width-type="5580-dxa">
              <p>
                <span class="bold">Autres catégories de personnel</span>
              </p>
            </td>
            <td akn4un:data-borders-info="{&quot;Top&quot;:{&quot;Style&quot;:&quot;single&quot;,&quot;Size&quot;:4,&quot;Space&quot;:0},&quot;Right&quot;:null,&quot;Bottom&quot;:null,&quot;Left&quot;:null,&quot;InsideHorizontal&quot;:null,&quot;InsideVertical&quot;:null}" akn4un:data-vertical-align="bottom" akn4un:data-width-type="1740-dxa" akn4un:data-justification="Right"></td>
          </tr>
          <tr>
            <td akn4un:data-vertical-align="bottom" akn4un:data-width-type="5580-dxa">
              <p>Agents des Services de sécurité</p>
            </td>
            <td akn4un:data-vertical-align="bottom" akn4un:data-width-type="1740-dxa" akn4un:data-justification="Right">
              <p>307</p>
            </td>
          </tr>
          <tr>
            <td akn4un:data-vertical-align="bottom" akn4un:data-width-type="5580-dxa">
              <p>Agents locaux</p>
            </td>
            <td akn4un:data-vertical-align="bottom" akn4un:data-width-type="1740-dxa" akn4un:data-justification="Right">
              <p>1 908</p>
            </td>
          </tr>
          <tr>
            <td akn4un:data-vertical-align="bottom" akn4un:data-width-type="5580-dxa">
              <p>Agents du Service mobile</p>
            </td>
            <td akn4un:data-vertical-align="bottom" akn4un:data-width-type="1740-dxa" akn4un:data-justification="Right">
              <p>107</p>
            </td>
          </tr>
          <tr>
            <td akn4un:data-vertical-align="bottom" akn4un:data-width-type="5580-dxa">
              <p>Administrateurs recrutés sur le plan national</p>
            </td>
            <td akn4un:data-vertical-align="bottom" akn4un:data-width-type="1740-dxa" akn4un:data-justification="Right">
              <p>87</p>
            </td>
          </tr>
          <tr>
            <td akn4un:data-borders-info="{&quot;Top&quot;:null,&quot;Right&quot;:null,&quot;Bottom&quot;:{&quot;Style&quot;:&quot;single&quot;,&quot;Size&quot;:4,&quot;Space&quot;:0},&quot;Left&quot;:null,&quot;InsideHorizontal&quot;:null,&quot;InsideVertical&quot;:null}" akn4un:data-vertical-align="bottom" akn4un:data-width-type="5580-dxa">
              <p>Agents des corps de métier</p>
            </td>
            <td akn4un:data-borders-info="{&quot;Top&quot;:null,&quot;Right&quot;:null,&quot;Bottom&quot;:{&quot;Style&quot;:&quot;single&quot;,&quot;Size&quot;:4,&quot;Space&quot;:0},&quot;Left&quot;:null,&quot;InsideHorizontal&quot;:null,&quot;InsideVertical&quot;:null}" akn4un:data-vertical-align="bottom" akn4un:data-width-type="1740-dxa" akn4un:data-justification="Right">
              <p>95</p>
            </td>
          </tr>
          <tr>
            <td akn4un:data-borders-info="{&quot;Top&quot;:{&quot;Style&quot;:&quot;single&quot;,&quot;Size&quot;:4,&quot;Space&quot;:0},&quot;Right&quot;:null,&quot;Bottom&quot;:{&quot;Style&quot;:&quot;single&quot;,&quot;Size&quot;:4,&quot;Space&quot;:0},&quot;Left&quot;:null,&quot;InsideHorizontal&quot;:null,&quot;InsideVertical&quot;:null}" akn4un:data-vertical-align="bottom" akn4un:data-width-type="5580-dxa">
              <p>
                <span class="bold">	Total partiel</span>
              </p>
            </td>
            <td akn4un:data-borders-info="{&quot;Top&quot;:{&quot;Style&quot;:&quot;single&quot;,&quot;Size&quot;:4,&quot;Space&quot;:0},&quot;Right&quot;:null,&quot;Bottom&quot;:{&quot;Style&quot;:&quot;single&quot;,&quot;Size&quot;:4,&quot;Space&quot;:0},&quot;Left&quot;:null,&quot;InsideHorizontal&quot;:null,&quot;InsideVertical&quot;:null}" akn4un:data-vertical-align="bottom" akn4un:data-width-type="1740-dxa" akn4un:data-justification="Right">
              <p>
                <span class="bold">2 504</span>
              </p>
            </td>
          </tr>
          <tr>
            <td akn4un:data-borders-info="{&quot;Top&quot;:{&quot;Style&quot;:&quot;single&quot;,&quot;Size&quot;:4,&quot;Space&quot;:0},&quot;Right&quot;:null,&quot;Bottom&quot;:{&quot;Style&quot;:&quot;single&quot;,&quot;Size&quot;:12,&quot;Space&quot;:0},&quot;Left&quot;:null,&quot;InsideHorizontal&quot;:null,&quot;InsideVertical&quot;:null}" akn4un:data-vertical-align="bottom" akn4un:data-width-type="5580-dxa">
              <p>
                <span class="bold">	Total</span>
              </p>
            </td>
            <td akn4un:data-borders-info="{&quot;Top&quot;:{&quot;Style&quot;:&quot;single&quot;,&quot;Size&quot;:4,&quot;Space&quot;:0},&quot;Right&quot;:null,&quot;Bottom&quot;:{&quot;Style&quot;:&quot;single&quot;,&quot;Size&quot;:12,&quot;Space&quot;:0},&quot;Left&quot;:null,&quot;InsideHorizontal&quot;:null,&quot;InsideVertical&quot;:null}" akn4un:data-vertical-align="bottom" akn4un:data-width-type="1740-dxa" akn4un:data-justification="Right">
              <p>
                <span class="bold">9 972</span>
              </p>
            </td>
          </tr>
        </table>
      </container>
    </mainBody>
        </doc>
      </attachment>
    </attachments>
  </statement>
</akomaNtoso>