<akomaNtoso xmlns:xsi="http://www.w3.org/2001/XMLSchema-instance" xsi:schemaLocation="http://docs.oasis-open.org/legaldocml/ns/akn/3.0 http://docs.oasis-open.org/legaldocml/akn-core/v1.0/os/part2-specs/schemas/akomantoso30.xsd" xmlns="http://docs.oasis-open.org/legaldocml/ns/akn/3.0" xmlns:html="http://www.w3.org/1999/xhtml" xmlns:akn4un="http://un.org/akn4un">
  <statement name="resolution">
    <meta>
      <identification source="#DGACM">
        <FRBRWork>
          <FRBRthis value="/akn/un/statement/deliberation/unga/2020-06-30/74-293/!main/"></FRBRthis>
          <FRBRuri value="/akn/un/statement/deliberation/unga/2020-06-30/74-293/"></FRBRuri>
          <FRBRdate date="2020-06-30" name="adoption"></FRBRdate>
          <FRBRauthor href="ga" as="author"></FRBRauthor>
          <FRBRcountry value="un"></FRBRcountry>
        </FRBRWork>
        <FRBRExpression>
          <FRBRthis value="/akn/un/statement/deliberation/unga/2020-06-30/74-293/fra@!main/"></FRBRthis>
          <FRBRuri value="/akn/un/statement/deliberation/unga/2020-06-30/74-293/fra@/"></FRBRuri>
          <FRBRdate date="2020-07-15" name="publication"></FRBRdate>
          <FRBRauthor href="ga" as="issuer"></FRBRauthor>
          <FRBRlanguage language="fra"></FRBRlanguage>
        </FRBRExpression>
        <FRBRManifestation>
          <FRBRthis value="/akn/un/statement/deliberation/unga/2020-06-30/74-293/fra@/!main.xml"></FRBRthis>
          <FRBRuri value="/akn/un/statement/deliberation/unga/2020-06-30/74-293/fra@.xml"></FRBRuri>
          <FRBRdate date="2020-10-10" name="markup"></FRBRdate>
          <FRBRauthor href="DGACM" as="editor"></FRBRauthor>
        </FRBRManifestation>
      </identification>
      <classification source="http://metadata.un.org/sdg">
        <keyword value="3" href="http://metadata.un.org/sdg/3" showAs="sdg_3" dictionary="SDGO"></keyword>
        <keyword value="public_health" href="http://eurovoc.europa.eu/3885" showAs="public_health" dictionary="EuroVoc"></keyword>
        <keyword value="health" href="http://metadata.un.org/thesaurus/1002824" showAs="health" dictionary="UNBIS Thesaurus"></keyword>
      </classification>
      <classification source="http://metadata.un.org/sdg">
        <keyword value="4" href="http://metadata.un.org/sdg/4" showAs="sdg_4" dictionary="SDGO"></keyword>
        <keyword value="education" href="http://eurovoc.europa.eu/668" showAs="education" dictionary="EuroVoc"></keyword>
        <keyword value="right_to_education" href="http://eurovoc.europa.eu/512" showAs="right_to_education" dictionary="EuroVoc"></keyword>
        <keyword value="education" href="http://metadata.un.org/thesaurus/1001893" showAs="education" dictionary="UNBIS Thesaurus"></keyword>
      </classification>
      <classification source="http://metadata.un.org/sdg">
        <keyword value="9" href="http://metadata.un.org/sdg/9" showAs="sdg_9" dictionary="SDGO"></keyword>
        <keyword value="industrial_infrastructure" href="http://eurovoc.europa.eu/1434" showAs="industrial_infrastructure" dictionary="EuroVoc"></keyword>
        <keyword value="innovation" href="http://eurovoc.europa.eu/1439" showAs="innovation" dictionary="EuroVoc"></keyword>
        <keyword value="industrialization" href="http://metadata.un.org/thesaurus/1003177" showAs="industrialization" dictionary="UNBIS Thesaurus"></keyword>
        <keyword value="innovations" href="http://metadata.un.org/thesaurus/1003223" showAs="innovations" dictionary="UNBIS Thesaurus"></keyword>
      </classification>
      <workflow source="#un">
        <step date="2020-06-27" outcome="draftResolution" as="A/C.5/74/L.48" by="submitted by the Chair of the Committee following informal consultations" />
        <step date="0001-01-01" outcome="draftResolutionAdditionalSponsors" by="" />
        <step date="0001-01-01" outcome="recommendedForAdoption" as="A/74/921" by="" refersTo="6" />
        <step date="2020-06-30" outcome="adopted" as="Adopted through silence procedure" by="" />
      </workflow>
      <analysis source="#un">
        <parliamentary>
          <voting outcome="adoptedWithoutVote">
            <quorum value=""></quorum>
          </voting>
        </parliamentary>
      </analysis>
      <references source="#DGACM">
        <TLCOrganization eId="source" href="/akn/ontology/organization/un/DGACM" showAs="DGACM"></TLCOrganization>
        <TLCConcept eId="dateOfIssuance" href="/akn/ontology/concept/un/dateOfIssuance" showAs="Date of issuance"></TLCConcept>
        <TLCConcept eId="dateOfAdoption" href="/akn/ontology/concept/un/dateOfAdoption" showAs="Date of adoption"></TLCConcept>
        <TLCConcept eId="symbol" href="/akn/ontology/reference/un/symbol" showAs="Symbol"></TLCConcept>
        <TLCRole eId="publisher" href="/akn/ontology/role/un/publisher" showAs="Publisher"></TLCRole>
        <TLCRole eId="issuingBody" href="/akn/role/concept/un/issuingBody" showAs="Issuing body"></TLCRole>
        <TLCRole eId="author" href="/akn/ontology/role/un/author" showAs="Author"></TLCRole>
        <TLCRole eId="editor" href="/akn/ontology/role/un/editor" showAs="Editor"></TLCRole>
        <TLCRole eId="distribution" href="/akn/ontology/concept/un/generalDistribution" showAs="General distribution"></TLCRole>
        <TLCOrganization eId="ga" href="/akn/ontology/organization/un/generalAssembly" showAs="General Assembly"></TLCOrganization>
        <TLCTerm eId="resolutionTitle" href="/akn/ontology/reference/un/resolutionTitle" showAs="Resolution title"></TLCTerm>
        <TLCTerm eId="fifthCommittee" href="#fifthCommittee" showAs="Cinquième Commission"></TLCTerm>
        <TLCTerm eId="memberState" href="/akn/ontology/organization/un/memberState" showAs="Member State"></TLCTerm>
        <TLCTerm eId="inFavour" href="/akn/ontology/concept/un/voting/inFavour" showAs="In favour"></TLCTerm>
        <TLCTerm eId="against" href="/akn/ontology/concept/un/voting/against" showAs="Against"></TLCTerm>
        <TLCTerm eId="abstaining" href="/akn/ontology/concept/un/voting/abstaining" showAs="Abstaining"></TLCTerm>
      </references>
      <presentation source="#un">
        <akn4un:footerFirstPage>
          <akn4un:footerFirstPageLeft>
            <akn4un:internalCode>
              <docketNumber refersTo="#publicationJobNumber">20-08805 (F)</docketNumber>
              <img alt="bar code" class="barCode" src=""></img>
            </akn4un:internalCode>
          </akn4un:footerFirstPageLeft>
          <akn4un:footerFirstPageRight>
            <img alt="Please recycle" class="image" src="./recylcleLogo.jpg"></img>
            <img alt="embedded QR code" class="qrCode" src=""></img>
          </akn4un:footerFirstPageRight>
        </akn4un:footerFirstPage>
      </presentation>
    </meta>
    <coverPage eId="coverPage_1">
      <p>
        <span refersTo="#publisher" class="upperLeft">
          <docAuthority refersTo="#publisher">Nations Unies</docAuthority>
        </span>
      </p>
      <p class="upperRight">
        <docNumber refersTo="#symbol">A/RES/74/293</docNumber>
      </p>
      <p class="upperLeft">
        <img src="logo-un.jpg"></img>
        <docAuthority refersTo="#issuingBody" class="rightBig">Assemblée générale</docAuthority>
      </p>
      <p>
        <docStatus refersTo="#generalDistribution" class="rightSmall">Distr. générale</docStatus>
      </p>
      <p>
        <docDate date="2020-07-15" class="rightSmall" refersTo="#dateOfIssuance">15 juillet 2020</docDate>
      </p>
      <p>
        <session refersTo="#generalAssembly" value="74" eId="coverPage_1__session_1">Soixante-quatorzième session</session>
      </p>
      <p>
        <inline name="agenda item">Point 161 de l’ordre du jour</inline>
      </p>
      <p>
        <inline name="agenda item name">Financement de la Mission des Nations Unies au Soudan du Sud</inline>
      </p>
      <p>
        <docTitle>Résolution adoptée par l’Assemblée générale le 30 juin 2020</docTitle>
      </p>
      <p xml:space="preserve">
        <docProponent refersTo="#fifthCommittee">[sur la base du rapport de la Cinquième Commission (<inline name="originating document">A/74/921</inline>)]</docProponent>
      </p>
    </coverPage>
    <preface>
      <p>
        <docNumber>74/293.</docNumber>
        <docTitle refersTo="#resolutionTitle">Financement de la Mission des Nations Unies au Soudan du Sud</docTitle>
      </p>
    </preface>
    <preamble>
      <formula name="enactingFormula" eId="formula_1">
        <p xml:space="preserve">
          <span class="italic">L’Assemblée générale</span>,</p>
      </formula>
      <container name="Ayant examiné" eId="container_2">
        <p xml:space="preserve">
          <span class="italic">	Ayant examiné</span> les rapports du Secrétaire général sur le financement de la Mission des Nations Unies au Soudan du Sud<authorialNote marker="1" placement="bottom" eId="authorialNote_1"><p xml:space="preserve"><a href="https://undocs.org/fr/A/74/597">A/74/597</a> et <a href="https://undocs.org/fr/A/74/742">A/74/742</a>.</p></authorialNote> et le rapport correspondant du Comité consultatif pour les questions administratives et budgétaires<authorialNote marker="2" placement="bottom" eId="authorialNote_2"><p xml:space="preserve"><a href="https://undocs.org/fr/A/74/737/Add.13">A/74/737/Add.13</a>.</p></authorialNote>,</p>
      </container>
      <container name="Rappelant" eId="container_3">
        <p xml:space="preserve">
          <span class="italic">	Rappelant</span> la résolution <a href="https://undocs.org/fr/S/RES/1996(2011)">1996</a><a href="https://undocs.org/fr/S/RES/1996(2011)"> </a><a href="https://undocs.org/fr/S/RES/1996(2011)">(2011)</a> du 8 juillet 2011, par laquelle le Conseil de sécurité a créé la Mission des Nations Unies au Soudan du Sud à compter du 9 juillet 2011, ainsi que les résolutions ultérieures par lesquelles il a prorogé le mandat de la Mission, dont la plus récente est la résolution <a href="https://undocs.org/fr/S/RES/2514(2020)">2514 (2020)</a> du 12 mars 2020, portant prorogation jusqu’au 15 mars 2021,</p>
      </container>
      <container name="Rappelant également" eId="container_4">
        <p xml:space="preserve">
          <span class="italic">	Rappelant également</span> sa résolution <a href="https://undocs.org/fr/A/RES/66/243">66/243</a> A du 24 décembre 2011 et ses résolutions ultérieures relatives au financement de la Mission, dont la plus récente est la résolution <a href="https://undocs.org/fr/A/RES/73/323">73/323</a> du 3 juillet 2019, ainsi que sa décision 73/555 du 3 juillet 2019,</p>
      </container>
      <container name="Réaffirmant" eId="container_5">
        <p xml:space="preserve">
          <span class="italic">	Réaffirmant</span> les principes généraux sur lesquels repose le financement des opérations de maintien de la paix des Nations Unies, qu’elle a énoncés dans ses résolutions <a href="https://undocs.org/fr/A/res/1874 (s-iv)">1874</a><a href="https://undocs.org/fr/A/res/1874 (s-iv)"> </a><a href="https://undocs.org/fr/A/res/1874 (s-iv)">(S-IV)</a> du 27 juin 1963, <a href="https://undocs.org/fr/A/RES/3101(XXVIII)">3101</a><a href="https://undocs.org/fr/A/RES/3101(XXVIII)"> </a><a href="https://undocs.org/fr/A/RES/3101(XXVIII)">(XXVIII)</a> du 11 décembre 1973 et <a href="https://undocs.org/fr/A/RES/55/235">55/235</a> du 23 décembre 2000,</p>
      </container>
      <container name="Consciente" eId="container_6">
        <p xml:space="preserve">
          <span class="italic">	Consciente</span> qu’il est indispensable de doter la Mission des ressources financières dont elle a besoin pour s’acquitter des responsabilités que le Conseil de sécurité lui a confiées dans ses résolutions,</p>
      </container>
    </preamble>
    <mainBody>
      <paragraph eId="para_7" class="MercuryDocument">
        <num>	1.</num>
        <content eId="para_7__content">
          <p xml:space="preserve">
            <span class="italic">Prie</span> le Secrétaire général de charger la ou le chef de mission d’établir les futurs projets de budget en se conformant strictement aux dispositions de ses résolutions <a href="https://undocs.org/fr/A/RES/59/296">59/296</a> du 22 juin 2005, <a href="https://undocs.org/fr/A/RES/60/266">60/266</a> du 30 juin 2006, <a href="https://undocs.org/fr/A/RES/61/276">61/276</a> du 29 juin 2007, <a href="https://undocs.org/fr/A/RES/64/269">64/269</a> du 24 juin 2010, <a href="https://undocs.org/fr/A/RES/65/289">65/289</a> du 30 juin 2011, <a href="https://undocs.org/fr/A/RES/66/264">66/264</a> du 21 juin 2012, <a href="https://undocs.org/fr/A/RES/69/307">69/307</a> du 25 juin 2015 et <a href="https://undocs.org/fr/A/RES/70/286">70/286</a> du 17 juin 2016, et des autres résolutions pertinentes ;</p>
        </content>
      </paragraph>
      <paragraph eId="para_8" class="MercuryDocument">
        <num>	2.</num>
        <content eId="para_8__content">
          <p xml:space="preserve">
            <span class="italic">Prend note</span> de l’état au 30 avril 2020 des contributions au financement de la Mission des Nations Unies au Soudan du Sud, notamment du montant des contributions non acquittées, qui s’élevait à 369,8 millions de dollars des États-Unis, soit environ 4 pour cent du montant total des contributions mises en recouvrement, constate avec préoccupation que 61 États Membres seulement ont versé l’intégralité de leurs contributions statutaires, et prie instamment tous les autres, en particulier ceux qui ont accumulé des arriérés, de verser les sommes dont ils demeurent redevables ;</p>
        </content>
      </paragraph>
      <paragraph eId="para_9" class="MercuryDocument">
        <num>	3.</num>
        <content eId="para_9__content">
          <p xml:space="preserve">
            <span class="italic">Remercie</span> les États Membres qui ont acquitté la totalité du montant de leurs contributions statutaires, et prie instamment tous les autres de faire tout leur possible pour verser l’intégralité des contributions qu’ils doivent au titre de la Mission ;</p>
        </content>
      </paragraph>
      <paragraph eId="para_10" class="MercuryDocument">
        <num>	4.</num>
        <content eId="para_10__content">
          <p xml:space="preserve">
            <span class="italic">S’inquiète</span> de la situation financière des opérations de maintien de la paix, en particulier de son incidence sur le remboursement des pays qui, ayant fourni des contingents, ont à supporter une charge supplémentaire du fait des arriérés dont sont redevables certains États Membres ;</p>
        </content>
      </paragraph>
      <paragraph eId="para_11" class="MercuryDocument">
        <num>	5.</num>
        <content eId="para_11__content">
          <p xml:space="preserve">
            <span class="italic">Souligne</span> que toutes les missions de maintien de la paix, en cours et futures, doivent être traitées de la même manière, sans discrimination, pour ce qui est des arrangements financiers et administratifs ;</p>
        </content>
      </paragraph>
      <paragraph eId="para_12" class="MercuryDocument">
        <num>	6.</num>
        <content eId="para_12__content">
          <p xml:space="preserve">
            <span class="italic">Souligne également</span> que toutes les missions de maintien de la paix doivent être dotées de ressources suffisantes pour pouvoir s’acquitter effectivement et efficacement de leur mandat ;</p>
        </content>
      </paragraph>
      <paragraph eId="para_13" class="MercuryDocument">
        <num>	7.</num>
        <content eId="para_13__content">
          <p xml:space="preserve">
            <span class="italic">Prie</span> le Secrétaire général de veiller à ce que les projets de budget des opérations de maintien de la paix soient établis sur la base des textes adoptés par les organes délibérants ;</p>
        </content>
      </paragraph>
      <paragraph eId="para_14" class="MercuryDocument">
        <num>	8.</num>
        <content eId="para_14__content">
          <p xml:space="preserve">
            <span class="italic">Souscrit</span>, sous réserve des dispositions de la présente résolution, aux conclusions et recommandations que le Comité consultatif pour les questions administratives et budgétaires a formulées dans son rapport<sup>2</sup>, et prie le Secrétaire général de veiller à ce qu’il y soit pleinement donné suite ;</p>
        </content>
      </paragraph>
      <paragraph eId="para_15" class="MercuryDocument">
        <num>	9.</num>
        <content eId="para_15__content">
          <p xml:space="preserve">
            <span class="italic">Prie </span>le Secrétaire général d’établir des cadres et des lignes directrices clairs pour déterminer la procédure d’appel à la concurrence (appel d’offres ou invitation à soumissionner) à utiliser, entre autres, pour l’acquisition de différents types de biens et services, notamment les services de transport aérien, et d’actualiser en conséquence le Manuel des achats de l’Organisation des Nations Unies<span class="italic"> ;</span></p>
        </content>
      </paragraph>
      <paragraph eId="para_16" class="MercuryDocument">
        <num>	10.</num>
        <content eId="para_16__content">
          <p xml:space="preserve">
            <span class="italic">Prie également</span> le Secrétaire général de prendre des mesures pour que l’Organisation se conforme aux meilleures pratiques en matière de transparence des marchés publics, notamment en rendant publiques plus d’informations sur l’issue des opérations d’achat, y compris dans le domaine des services de transport aérien, afin d’accroître encore la transparence des opérations d’achat de l’Organisation, et d’actualiser en conséquence le Manuel des achats de l’Organisation des Nations Unies ;</p>
        </content>
      </paragraph>
      <paragraph eId="para_17" class="MercuryDocument">
        <num>	11.</num>
        <content eId="para_17__content">
          <p xml:space="preserve">
            <span class="italic">Prend note</span> de l’élaboration d’indicateurs d’impact dans le cadre du Système complet d’évaluation de la performance, et, à cet égard, prie le Secrétaire général d’indiquer dans son prochain rapport les résultats obtenus par la Mission au regard des tâches prescrites et l’impact de l’allocation des ressources sur ces résultats, mesurés à l’aune de ces indicateurs, et d’expliquer comment ceux-ci aideront à déterminer les ressources nécessaires à l’exécution des différentes tâches ;</p>
        </content>
      </paragraph>
      <paragraph eId="para_18" class="MercuryDocument">
        <num>	12.</num>
        <content eId="para_18__content">
          <p xml:space="preserve">
            <span class="italic">Prie</span> le Secrétaire général de fournir dans son prochain rapport un plan de mise en service du nouveau Système complet d’évaluation de la performance, assorti d’une analyse, portant notamment sur les liens qui existent entre le Système, la planification de la Mission et l’établissement du budget, afin de faciliter l’examen qu’elle consacrera aux ressources demandées pour le Système ;</p>
        </content>
      </paragraph>
      <paragraph eId="para_19" class="MercuryDocument">
        <num>	13.</num>
        <content eId="para_19__content">
          <p xml:space="preserve">
            <span class="italic">Souligne</span> l’importance du dispositif d’application du principe de responsabilité mis en place par le Secrétariat et prie le Secrétaire général de continuer de renforcer la gestion des risques et les contrôles internes pour ce qui est des budgets des opérations de maintien de la paix afin de faciliter l’exécution des mandats et d’améliorer la transparence, et de rendre compte de la question dans son prochain rapport ;</p>
        </content>
      </paragraph>
      <paragraph eId="para_20" class="MercuryDocument">
        <num>	14.</num>
        <content eId="para_20__content">
          <p xml:space="preserve">
            <span class="italic">Souligne également</span> l’importance que revêt la bonne exécution du budget de l’ensemble des opérations de maintien de la paix et prie le Secrétaire général de continuer d’appliquer les recommandations formulées par les organes de contrôle compétents tout en tenant compte comme il se doit des orientations et recommandations qu’elle-même a données, et de rendre compte de la question dans ses rapports sur l’exécution du budget de ces opérations ;</p>
        </content>
      </paragraph>
      <paragraph eId="para_21" class="MercuryDocument">
        <num>	15.</num>
        <content eId="para_21__content">
          <p xml:space="preserve">
            <span class="italic">Note avec une vive préoccupation</span> la menace que la pandémie de maladie à coronavirus (COVID-19) représente pour la vie, la santé et la sécurité, et souligne qu’il importe d’assurer la sûreté, la sécurité et la santé du personnel de maintien de la paix, de maintenir la continuité de l’exécution des mandats essentiels, dont la protection des civils, de réduire au minimum le risque que les activités de la Mission contribuent à la propagation du virus et, selon les possibilités, d’aider les autorités nationales, si elles en font la demande et dans le cadre des mandats prévus, à prendre des mesures pour lutter contre la COVID-19, en collaboration avec la coordonnatrice résidente ou le coordonnateur résident et les entités des Nations Unies présentes dans le pays ;</p>
        </content>
      </paragraph>
      <paragraph eId="para_22" class="MercuryDocument">
        <num>	16.</num>
        <content eId="para_22__content">
          <p xml:space="preserve">
            <span class="italic">Prie</span> le Secrétaire général d’indiquer dans son prochain rapport sur l’exécution du budget les mesures qui auront été prises par la Mission pour faire face aux épidémies et aux pandémies passées et présentes et les enseignements qui en auront été tirés, et de faire des propositions visant à améliorer la préparation aux épidémies et aux pandémies, notamment en ce qui concerne la continuité des activités ;</p>
        </content>
      </paragraph>
      <paragraph eId="para_23" class="MercuryDocument">
        <num>	17.</num>
        <content eId="para_23__content">
          <p xml:space="preserve">
            <span class="italic">Prend note</span> des progrès accomplis dans la mise en œuvre de la stratégie environnementale pluriannuelle visant à réduire l’empreinte des opérations de maintien de la paix, et prie le Secrétaire général de renforcer les mesures prises pour la mettre en œuvre dans toutes les missions de maintien de la paix, compte tenu des cinq piliers qui y sont énoncés, en fonction des conditions régnant sur le terrain et dans le plein respect des règles et règlements applicables, et de lui rendre compte de la question dans son prochain rapport d’ensemble ;</p>
        </content>
      </paragraph>
      <paragraph eId="para_24" class="MercuryDocument">
        <num>	18.</num>
        <content eId="para_24__content">
          <p xml:space="preserve">
            <span class="italic">Souligne</span> que les activités relatives aux programmes sont importantes pour l’exécution du mandat de la Mission, y compris sur le plan de la prévention et du règlement des conflits, et que toutes ces activités doivent être directement en rapport avec les mandats de la Mission ;</p>
        </content>
      </paragraph>
      <paragraph eId="para_25" class="MercuryDocument">
        <num>	19.</num>
        <content eId="para_25__content">
          <p xml:space="preserve">
            <span class="italic">Prie</span> le Secrétaire général de veiller à ce que la Mission ait la latitude voulue pour utiliser les fonds consacrés aux activités relatives aux programmes et à ce qu’elle rende compte de l’emploi qu’elle en fait, conformément aux directives applicables et compte tenu du contexte dans lequel elle évolue, et de faire figurer dans le prochain projet de budget et dans le rapport sur l’exécution du budget des renseignements détaillés sur les activités de la Mission relatives aux programmes, notamment sur la façon dont elles ont contribué à l’exécution des mandats, sur les liens existant entre les activités et les mandats, sur les entités de réalisation et sur la mise en place par la Mission des contrôles voulus ;</p>
        </content>
      </paragraph>
      <paragraph eId="para_26" class="MercuryDocument">
        <num>	20.</num>
        <content eId="para_26__content">
          <p xml:space="preserve">
            <span class="italic">Se déclare préoccupée</span> par les allégations d’exploitation et d’atteintes sexuelles signalées dans les missions de maintien de la paix et prie le Secrétaire général de continuer d’appliquer sa politique de tolérance zéro à l’égard de l’exploitation et des atteintes sexuelles concernant l’ensemble du personnel civil, des contingents et des effectifs de police, et de lui rendre compte à ce sujet dans son prochain rapport sur les questions concernant les opérations de maintien de la paix en général ;</p>
        </content>
      </paragraph>
      <paragraph eId="para_27" class="MercuryDocument">
        <num>	21.</num>
        <content eId="para_27__content">
          <p xml:space="preserve">
            <span class="italic">Est consciente</span> des problèmes de sécurité croissants auxquels fait face le personnel de maintien de la paix des Nations Unies, réaffirme sa volonté d’améliorer la sûreté et la sécurité du personnel de la Mission, notamment celles du personnel en tenue, et prie le Secrétaire général de renforcer encore les mesures prises à cet égard et de lui faire rapport sur la question dans le prochain projet de budget de la Mission ;</p>
        </content>
      </paragraph>
      <paragraph eId="para_28" class="MercuryDocument">
        <num>	22.</num>
        <content eId="para_28__content">
          <p xml:space="preserve">
            <span class="italic">Réaffirme</span> les dispositions de la section XVIII de sa résolution <a href="https://undocs.org/fr/A/RES/61/276">61/276</a>, considère toujours que les projets à effet rapide concourent notablement à la mise en œuvre des mandats de la Mission, souligne qu’il faut exécuter en temps voulu tous les projets de ce type dans le respect du principe de responsabilité et prie le Secrétaire général de renforcer l’effet de ces projets tout en s’attaquant aux problèmes sous-jacents ;</p>
        </content>
      </paragraph>
      <paragraph eId="para_29" class="MercuryDocument">
        <num>	23.</num>
        <content eId="para_29__content">
          <p xml:space="preserve">
            <span class="italic">Prie</span> le Secrétaire général d’envisager, dans le cadre de l’établissement des projets de budget, de faire davantage appel à du personnel recruté sur le plan national, compte étant tenu du mandat et des besoins de la Mission ;</p>
        </content>
      </paragraph>
      <paragraph eId="para_30" class="MercuryDocument">
        <num>	24.</num>
        <content eId="para_30__content">
          <p xml:space="preserve">
            <span class="italic">Redit sa préoccupation</span> face au nombre élevé de postes vacants dans la composante civile et prie de nouveau le Secrétaire général de veiller à ce que ces postes soient pourvus rapidement ;</p>
        </content>
      </paragraph>
      <paragraph eId="para_31" class="MercuryDocument">
        <num>	25.</num>
        <content eId="para_31__content">
          <p xml:space="preserve">
            <span class="italic">Prie</span> le Secrétaire général de veiller à ce que les postes vacants soient pourvus rapidement et décide de ne pas supprimer, pendant l’exercice budgétaire en cours, les postes qui sont vacants depuis 24 mois ou plus ;</p>
        </content>
      </paragraph>
      <paragraph eId="para_32" class="MercuryDocument">
        <num>	26.</num>
        <content eId="para_32__content">
          <p xml:space="preserve">
            <span class="italic">Prie également</span> le Secrétaire général de passer en revue les postes qui sont vacants depuis 24 mois ou plus et de proposer, dans le prochain projet de budget, soit leur maintien, sur justification de leur utilité, soit leur suppression ;</p>
        </content>
      </paragraph>
      <paragraph eId="para_33" class="MercuryDocument">
        <num>	27.</num>
        <content eId="para_33__content">
          <p xml:space="preserve">
            <span class="italic">Prie en outre</span> le Secrétaire général de procéder à une évaluation comparative des services fournis par les différentes entités qui s’occupent d’activités de lutte antimines et d’en présenter les résultats dans son prochain rapport ;</p>
        </content>
      </paragraph>
      <paragraph eId="para_34" class="MercuryDocument">
        <num>	28.</num>
        <content eId="para_34__content">
          <p xml:space="preserve">
            <span class="italic">Est consciente </span>du rôle majeur joué par les acteurs régionaux et sous-régionaux dans les opérations de maintien de la paix et, à cet égard, encourage le Secrétaire général à approfondir les partenariats, la coopération et la coordination entre l’Organisation des Nations Unies et ces acteurs conformément aux mandats définis et à faire figurer dans ses prochains rapports des informations sur l’approfondissement de ces relations ;</p>
        </content>
      </paragraph>
      <paragraph eId="para_35" class="MercuryDocument">
        <num>	29.</num>
        <content eId="para_35__content">
          <p xml:space="preserve">
            <span class="italic">Prie</span> le Secrétaire général de veiller à ce que les dispositions pertinentes de ses résolutions <a href="https://undocs.org/fr/A/RES/59/296">59/296</a>, <a href="https://undocs.org/fr/A/RES/60/266">60/266</a>, <a href="https://undocs.org/fr/A/RES/61/276">61/276</a>, <a href="https://undocs.org/fr/A/RES/64/269">64/269</a>, <a href="https://undocs.org/fr/A/RES/65/289">65/289</a>, <a href="https://undocs.org/fr/A/RES/66/264">66/264</a>, <a href="https://undocs.org/fr/A/RES/69/307">69/307</a> et <a href="https://undocs.org/fr/A/RES/70/286">70/286</a> soient appliquées intégralement ;</p>
        </content>
      </paragraph>
      <paragraph eId="para_36" class="MercuryDocument">
        <num>	30.</num>
        <content eId="para_36__content">
          <p xml:space="preserve">
            <span class="italic">Prie également</span> le Secrétaire général de prendre toutes les mesures voulues pour que la Mission soit administrée avec le maximum d’efficacité et d’économie ;</p>
        </content>
      </paragraph>
      <paragraph eId="para_37" class="MercuryDocument">
        <subheading>
            <span class="bold">		Rapport sur l’exécution du budget de l’exercice allant du 1</span>
            <span class="bold">
              <sup>er</sup>
            </span>
            <span class="bold"> juillet 2018 au 30 juin 2019</span>
        </subheading>
      </paragraph>
      <paragraph eId="para_38" class="MercuryDocument">
        <num>	31.</num>
        <content eId="para_38__content">
          <p xml:space="preserve">
            <span class="italic">Prend acte</span> du rapport du Secrétaire général sur l’exécution du budget de la Mission pour l’exercice allant du 1<sup>er</sup> juillet 2018 au 30 juin 2019<authorialNote marker="3" placement="bottom" eId="authorialNote_3"><p xml:space="preserve"><a href="https://undocs.org/fr/A/74/597">A/74/597</a>.</p></authorialNote> ;</p>
        </content>
      </paragraph>
      <paragraph eId="para_39" class="MercuryDocument">
        <num>	32.</num>
        <content eId="para_39__content">
          <p xml:space="preserve">
            <span class="italic">Décide</span> d’ouvrir pour inscription au Compte spécial de la Mission des Nations Unies au Soudan du Sud, aux fins du fonctionnement de la Mission, des crédits de 25 146 700 dollars, montant approuvé antérieurement par le Comité consultatif pour l’exercice allant du 1<sup>er</sup> juillet 2018 au 30 juin 2019 conformément à la section VI de sa résolution <a href="https://undocs.org/fr/A/RES/64/269">64/269</a>, venant s’ajouter au montant de 1 124 960 400 dollars qu’elle avait approuvé antérieurement pour le même exercice dans sa résolution <a href="https://undocs.org/fr/A/RES/72/300">72/300</a> du 5 juillet 2018 et dans sa décision 72/558 du 5 juillet 2018 ;</p>
        </content>
      </paragraph>
      <paragraph eId="para_40" class="MercuryDocument">
        <subheading>
            <span class="bold">		Modalités de financement des crédits supplémentaires ouverts pour l’exercice allant du 1</span>
            <span class="bold">
              <sup>er</sup>
            </span>
            <span class="bold"> juillet 2018 au 30 juin 2019</span>
        </subheading>
      </paragraph>
      <paragraph eId="para_41" class="MercuryDocument">
        <num>	33.</num>
        <content eId="para_41__content">
          <p xml:space="preserve">
            <span class="italic">Décide</span>, compte tenu du montant de 1 124 960 400 dollars déjà réparti conformément à sa résolution <a href="https://undocs.org/fr/A/RES/72/300">72/300</a> et à sa décision 72/558 pour l’exercice allant du 1<sup>er</sup> juillet 2018 au 30 juin 2019, de répartir entre les États Membres un montant supplémentaire de 25 146 700 dollars aux fins du fonctionnement de la Mission pour le même exercice, conformément aux catégories qu’elle a actualisées dans ses résolutions <a href="https://undocs.org/fr/A/RES/70/246">70/246</a> du 23 décembre 2015 et <a href="https://undocs.org/fr/A/RES/73/272">73/272</a> du 22 décembre 2018, et selon le barème des quotes-parts pour 2018, indiqué dans sa résolution <a href="https://undocs.org/fr/A/RES/70/245">70/245</a> du 23 décembre 2015, et pour 2019, indiqué dans sa résolution <a href="https://undocs.org/fr/A/RES/73/271">73/271</a> du 22 décembre 2018 ;</p>
        </content>
      </paragraph>
      <paragraph eId="para_42" class="MercuryDocument">
        <num>	34.</num>
        <content eId="para_42__content">
          <p xml:space="preserve">
            <span class="italic">Décide </span>qu’il sera déduit des sommes réparties en application du paragraphe 33 ci-dessus la part de chaque État Membre dans le montant de 19 619 400 dollars représentant le montant des recettes diverses de l’exercice clos le 30 juin 2019 ;</p>
        </content>
      </paragraph>
      <paragraph eId="para_43" class="MercuryDocument">
        <num>	35.</num>
        <content eId="para_43__content">
          <p xml:space="preserve">
            <span class="italic">Décide également </span>que, conformément aux dispositions de sa résolution <a href="https://undocs.org/fr/A/RES/973(X)">973 (X)</a> du 15 décembre 1955, il sera déduit des sommes réparties en application du paragraphe 33 ci-dessus la part de chaque État Membre dans le montant de 5 527 300 dollars qui sera inscrit au Fonds de péréquation des impôts et qui représente le montant additionnel des recettes provenant des contributions du personnel approuvé pour la Mission au titre des exercices clos le 30 juin 2018 et le 30 juin 2019 ;</p>
        </content>
      </paragraph>
      <paragraph eId="para_44" class="MercuryDocument">
        <subheading>
            <span class="bold">		Prévisions budgétaires pour l’exercice allant du 1</span>
            <span class="bold">
              <sup>er</sup>
            </span>
            <span class="bold"> juillet 2020 au 30 juin 2021</span>
        </subheading>
      </paragraph>
      <paragraph eId="para_45" class="MercuryDocument">
        <num>	36.</num>
        <content eId="para_45__content">
          <p xml:space="preserve">
            <span class="italic">Décide</span> d’ouvrir pour inscription au Compte spécial de la Mission des crédits de 1 264 877 800 dollars pour l’exercice allant du 1<sup>er</sup> juillet 2020 au 30 juin 2021, dont 1 178 515 100 dollars destinés à financer le fonctionnement de la Mission, 67 365 000 dollars destinés au compte d’appui aux opérations de maintien de la paix, 11 355 500 dollars destinés à la Base de soutien logistique des Nations Unies à Brindisi (Italie) et 7 642 200 dollars destinés au Centre de services régional d’Entebbe (Ouganda) ;</p>
        </content>
      </paragraph>
      <paragraph eId="para_46" class="MercuryDocument">
        <subheading>
            <span class="bold">		Modalités de financement des crédits ouverts pour l’exercice allant du 1</span>
            <span class="bold">
              <sup>er</sup>
            </span>
            <span class="bold"> juillet 2020 au 30 juin 2021</span>
        </subheading>
      </paragraph>
      <paragraph eId="para_47" class="MercuryDocument">
        <num>	37.</num>
        <content eId="para_47__content">
          <p xml:space="preserve">
            <span class="italic">Décide</span> de répartir entre les États Membres, au titre de la période allant du 1<sup>er</sup> juillet 2020 au 15 mars 2021, un montant de 894 255 003 dollars, conformément aux catégories qu’elle a actualisées dans sa résolution <a href="https://undocs.org/fr/A/RES/73/272">73/272</a> et selon le barème des quotes-parts pour 2020 et 2021, indiqué dans sa résolution <a href="https://undocs.org/fr/A/RES/73/271">73/271</a> ;</p>
        </content>
      </paragraph>
      <paragraph eId="para_48" class="MercuryDocument">
        <num>	38.</num>
        <content eId="para_48__content">
          <p xml:space="preserve">
            <span class="italic">Décide </span>que, conformément aux dispositions de sa résolution <a href="https://undocs.org/fr/A/RES/973(X)">973</a><a href="https://undocs.org/fr/A/RES/973(X)"> </a><a href="https://undocs.org/fr/A/RES/973(X)">(X)</a>, il sera déduit des sommes réparties en application du paragraphe 37 ci-dessus la part de chaque État Membre dans le montant de 23 585 232 dollars qui sera inscrit au Fonds de péréquation des impôts et qui comprend le montant estimatif des recettes provenant des contributions du personnel approuvé pour la Mission, soit 18 410 212 dollars, la part de celle-ci dans le montant estimatif des recettes provenant des contributions du personnel approuvé pour le compte d’appui, soit 3 827 852 dollars, sa part du montant estimatif des recettes provenant des contributions du personnel approuvé pour la Base de soutien logistique des Nations Unies, soit 781 789 dollars, et sa part du montant estimatif des recettes provenant des contributions du personnel approuvé pour le Centre de services régional, soit 565 379 dollars ;</p>
        </content>
      </paragraph>
      <paragraph eId="para_49" class="MercuryDocument">
        <num>	39.</num>
        <content eId="para_49__content">
          <p xml:space="preserve">
            <span class="italic">Décide</span>, sous réserve que le Conseil de sécurité décide de proroger le mandat de la Mission, de répartir entre les États Membres, au titre de la période du 16 mars au 30 juin 2021, un montant de 370 622 797 dollars, à raison de 105 406 483 dollars par mois, conformément aux catégories qu’elle a actualisées dans sa résolution <a href="https://undocs.org/fr/A/RES/73/272">73/272</a> et selon le barème des quotes-parts pour 2020, indiqué dans sa résolution <a href="https://undocs.org/fr/A/RES/73/271">73/271</a> ;</p>
        </content>
      </paragraph>
      <paragraph eId="para_50" class="MercuryDocument">
        <num>	40.</num>
        <content eId="para_50__content">
          <p xml:space="preserve">
            <span class="italic">Décide</span> que, conformément aux dispositions de sa résolution <a href="https://undocs.org/fr/A/RES/973(X)">973</a><a href="https://undocs.org/fr/A/RES/973(X)"> </a><a href="https://undocs.org/fr/A/RES/973(X)">(X)</a>, il sera déduit des sommes réparties en application du paragraphe 39 ci-dessus la part de chaque État Membre dans le montant de 9 774 868 dollars qui sera inscrit au Fonds de péréquation des impôts et qui comprend le montant estimatif des recettes provenant des contributions du personnel approuvé pour la Mission, soit 7 630 088 dollars, la part de celle-ci dans le montant estimatif des recettes provenant des contributions du personnel approuvé pour le compte d’appui, soit 1 586 448 dollars, sa part du montant estimatif des recettes provenant des contributions du personnel approuvé pour la Base de soutien logistique des Nations Unies, soit 324 011 dollars, et sa part du montant estimatif des recettes provenant des contributions du personnel approuvé pour le Centre de services régional, soit 234 321 dollars ;</p>
        </content>
      </paragraph>
      <paragraph eId="para_51" class="MercuryDocument">
        <num>	41.</num>
        <content eId="para_51__content">
          <p xml:space="preserve">
            <span class="italic">Décide également</span> que, conformément aux dispositions de sa résolution <a href="https://undocs.org/fr/A/RES/973(X)">973</a><a href="https://undocs.org/fr/A/RES/973(X)"> </a><a href="https://undocs.org/fr/A/RES/973(X)">(X)</a>, il sera déduit des sommes réparties en application du paragraphe 37 ci-dessus la part de chaque État Membre dans le montant de 3 254 100 dollars qui sera inscrit au Fonds de péréquation des impôts et qui représente le montant additionnel des recettes provenant des contributions du personnel approuvé pour la Mission au titre des exercices clos le 30 juin 2018 et le 30 juin 2019 ;</p>
        </content>
      </paragraph>
      <paragraph eId="para_52" class="MercuryDocument">
        <num>	42.</num>
        <content eId="para_52__content">
          <p xml:space="preserve">
            <span class="italic">Engage</span> le Secrétaire général à continuer de prendre des mesures pour assurer la sûreté et la sécurité de tout le personnel qui participe à la Mission sous les auspices de l’Organisation des Nations Unies, en tenant compte des paragraphes 5 et 6 de la résolution <a href="https://undocs.org/fr/S/RES/1502(2003)">1502</a><a href="https://undocs.org/fr/S/RES/1502(2003)"> </a><a href="https://undocs.org/fr/S/RES/1502(2003)">(2003)</a> du Conseil de sécurité en date du 26 août 2003 ;</p>
        </content>
      </paragraph>
      <paragraph eId="para_53" class="MercuryDocument">
        <num>	43.</num>
        <content eId="para_53__content">
          <p xml:space="preserve">
            <span class="italic">Demande</span> que soient fournies à la Mission des contributions volontaires en espèces ou sous forme de services ou de fournitures pouvant être acceptés par le Secrétaire général, qui seront gérées selon la procédure et les pratiques qu’elle a établies ;</p>
        </content>
      </paragraph>
      <paragraph eId="para_54" class="MercuryDocument">
        <num>	44.</num>
        <content eId="para_54__content">
          <p xml:space="preserve">
            <span class="italic">Décide</span> d’inscrire à l’ordre du jour provisoire de sa soixante-quinzième session la question intitulée « Financement de la Mission des Nations Unies au Soudan du Sud ».</p>
        </content>
      </paragraph>
    </mainBody>
    <conclusions eId="conclusions">
      <p>
        <docDate date="2020-06-30" refersTo="#adoptionDate">30 juin 2020</docDate>
      </p>
    </conclusions>
  </statement>
</akomaNtoso>