<akomaNtoso xmlns:xsi="http://www.w3.org/2001/XMLSchema-instance" xsi:schemaLocation="http://docs.oasis-open.org/legaldocml/ns/akn/3.0 http://docs.oasis-open.org/legaldocml/akn-core/v1.0/os/part2-specs/schemas/akomantoso30.xsd" xmlns="http://docs.oasis-open.org/legaldocml/ns/akn/3.0" xmlns:html="http://www.w3.org/1999/xhtml" xmlns:akn4un="http://un.org/akn4un">
  <statement name="resolution">
    <meta>
      <identification source="#DGACM">
        <FRBRWork>
          <FRBRthis value="/akn/un/statement/deliberation/unga/2019-12-19/74-239/!main/"></FRBRthis>
          <FRBRuri value="/akn/un/statement/deliberation/unga/2019-12-19/74-239/"></FRBRuri>
          <FRBRdate date="2019-12-19" name="adoption"></FRBRdate>
          <FRBRauthor href="ga" as="author"></FRBRauthor>
          <FRBRcountry value="un"></FRBRcountry>
        </FRBRWork>
        <FRBRExpression>
          <FRBRthis value="/akn/un/statement/deliberation/unga/2019-12-19/74-239/fra@!main/"></FRBRthis>
          <FRBRuri value="/akn/un/statement/deliberation/unga/2019-12-19/74-239/fra@/"></FRBRuri>
          <FRBRdate date="2020-01-21" name="publication"></FRBRdate>
          <FRBRauthor href="ga" as="issuer"></FRBRauthor>
          <FRBRlanguage language="fra"></FRBRlanguage>
        </FRBRExpression>
        <FRBRManifestation>
          <FRBRthis value="/akn/un/statement/deliberation/unga/2019-12-19/74-239/fra@/!main.xml"></FRBRthis>
          <FRBRuri value="/akn/un/statement/deliberation/unga/2019-12-19/74-239/fra@.xml"></FRBRuri>
          <FRBRdate date="2020-08-21" name="markup"></FRBRdate>
          <FRBRauthor href="DGACM" as="editor"></FRBRauthor>
        </FRBRManifestation>
      </identification>
      <classification source="http://metadata.un.org/sdg">
        <keyword value="2.a" href="http://metadata.un.org/sdg/2.a" showAs="sdg_2.a" dictionary="SDGO"></keyword>
        <keyword value="agricultural_policy" href="http://eurovoc.europa.eu/2442" showAs="agricultural_policy" dictionary="EuroVoc"></keyword>
        <keyword value="economic_policy" href="http://eurovoc.europa.eu/2497" showAs="economic_policy" dictionary="EuroVoc"></keyword>
        <keyword value="power_of_implementation" href="http://eurovoc.europa.eu/2577" showAs="power_of_implementation" dictionary="EuroVoc"></keyword>
        <keyword value="agricultural_policy" href="http://metadata.un.org/thesaurus/1000150" showAs="agricultural_policy" dictionary="UNBIS Thesaurus"></keyword>
        <keyword value="economic_policy" href="http://metadata.un.org/thesaurus/1001863" showAs="economic_policy" dictionary="UNBIS Thesaurus"></keyword>
      </classification>
      <classification source="http://metadata.un.org/sdg">
        <keyword value="16" href="http://metadata.un.org/sdg/16" showAs="sdg_16" dictionary="SDGO"></keyword>
        <keyword value="right_to_justice" href="http://eurovoc.europa.eu/516" showAs="right_to_justice" dictionary="EuroVoc"></keyword>
        <keyword value="sustainable_development" href="http://eurovoc.europa.eu/5585" showAs="sustainable_development" dictionary="EuroVoc"></keyword>
        <keyword value="civil_society" href="http://metadata.un.org/thesaurus/1001012" showAs="civil_society" dictionary="UNBIS Thesaurus"></keyword>
        <keyword value="justice" href="http://metadata.un.org/thesaurus/1003500" showAs="justice" dictionary="UNBIS Thesaurus"></keyword>
        <keyword value="peaceful_coexistence" href="http://metadata.un.org/thesaurus/1004777" showAs="peaceful_coexistence" dictionary="UNBIS Thesaurus"></keyword>
        <keyword value="public_institutions" href="http://metadata.un.org/thesaurus/1005254" showAs="public_institutions" dictionary="UNBIS Thesaurus"></keyword>
        <keyword value="social_justice" href="http://metadata.un.org/thesaurus/1005970" showAs="social_justice" dictionary="UNBIS Thesaurus"></keyword>
        <keyword value="sustainable_development" href="http://metadata.un.org/thesaurus/1006319" showAs="sustainable_development" dictionary="UNBIS Thesaurus"></keyword>
      </classification>
      <classification source="http://metadata.un.org/sdg">
        <keyword value="17" href="http://metadata.un.org/sdg/17" showAs="sdg_17" dictionary="SDGO"></keyword>
        <keyword value="sustainable_development" href="http://eurovoc.europa.eu/5585" showAs="sustainable_development" dictionary="EuroVoc"></keyword>
        <keyword value="partnership" href="http://eurovoc.europa.eu/4199" showAs="partnership" dictionary="EuroVoc"></keyword>
        <keyword value="sustainable_development" href="http://metadata.un.org/thesaurus/1006319" showAs="sustainable_development" dictionary="UNBIS Thesaurus"></keyword>
        <keyword value="partnership" href="http://metadata.un.org/thesaurus/1004748" showAs="partnership" dictionary="UNBIS Thesaurus"></keyword>
      </classification>
      <workflow source="#un">
        <step date="2019-11-20" outcome="draftResolution" as="A/C.2/74/L.65" by="submitted by the Vice-Chair of the Committee" />
        <step date="0001-01-01" outcome="draftResolutionAdditionalSponsors" by="" />
        <step date="0001-01-01" outcome="recommendedForAdoption" as="A/74/385/Add.2" by="" refersTo="8" />
        <step date="2019-12-19" outcome="adopted" as="A/74/PV.52" by="" />
      </workflow>
      <analysis source="#un">
        <parliamentary>
          <voting outcome="adoptedWithoutVote">
            <quorum value=""></quorum>
          </voting>
        </parliamentary>
      </analysis>
      <references source="#DGACM">
        <TLCOrganization eId="source" href="/akn/ontology/organization/un/DGACM" showAs="DGACM"></TLCOrganization>
        <TLCConcept eId="dateOfIssuance" href="/akn/ontology/concept/un/dateOfIssuance" showAs="Date of issuance"></TLCConcept>
        <TLCConcept eId="dateOfAdoption" href="/akn/ontology/concept/un/dateOfAdoption" showAs="Date of adoption"></TLCConcept>
        <TLCConcept eId="symbol" href="/akn/ontology/reference/un/symbol" showAs="Symbol"></TLCConcept>
        <TLCRole eId="publisher" href="/akn/ontology/role/un/publisher" showAs="Publisher"></TLCRole>
        <TLCRole eId="issuingBody" href="/akn/role/concept/un/issuingBody" showAs="Issuing body"></TLCRole>
        <TLCRole eId="author" href="/akn/ontology/role/un/author" showAs="Author"></TLCRole>
        <TLCRole eId="editor" href="/akn/ontology/role/un/editor" showAs="Editor"></TLCRole>
        <TLCRole eId="distribution" href="/akn/ontology/concept/un/generalDistribution" showAs="General distribution"></TLCRole>
        <TLCOrganization eId="ga" href="/akn/ontology/organization/un/generalAssembly" showAs="General Assembly"></TLCOrganization>
        <TLCTerm eId="resolutionTitle" href="/akn/ontology/reference/un/resolutionTitle" showAs="Resolution title"></TLCTerm>
        <TLCTerm eId="secondCommittee" href="#secondCommittee" showAs="Deuxième Commission"></TLCTerm>
        <TLCTerm eId="memberState" href="/akn/ontology/organization/un/memberState" showAs="Member State"></TLCTerm>
        <TLCTerm eId="inFavour" href="/akn/ontology/concept/un/voting/inFavour" showAs="In favour"></TLCTerm>
        <TLCTerm eId="against" href="/akn/ontology/concept/un/voting/against" showAs="Against"></TLCTerm>
        <TLCTerm eId="abstaining" href="/akn/ontology/concept/un/voting/abstaining" showAs="Abstaining"></TLCTerm>
      </references>
      <presentation source="#un">
        <akn4un:footerFirstPage>
          <akn4un:footerFirstPageLeft>
            <akn4un:internalCode>
              <docketNumber refersTo="#publicationJobNumber">19-22513 (F)</docketNumber>
              <img alt="bar code" class="barCode" src=""></img>
            </akn4un:internalCode>
          </akn4un:footerFirstPageLeft>
          <akn4un:footerFirstPageRight>
            <img alt="Please recycle" class="image" src="./recylcleLogo.jpg"></img>
            <img alt="embedded QR code" class="qrCode" src=""></img>
          </akn4un:footerFirstPageRight>
        </akn4un:footerFirstPage>
      </presentation>
    </meta>
    <coverPage eId="coverPage_1">
      <p>
        <span refersTo="#publisher" class="upperLeft">
          <docAuthority refersTo="#publisher">Nations Unies</docAuthority>
        </span>
      </p>
      <p class="upperRight">
        <docNumber refersTo="#symbol">A/RES/74/239</docNumber>
      </p>
      <p class="upperLeft">
        <img src="logo-un.jpg"></img>
        <docAuthority refersTo="#issuingBody" class="rightBig">Assemblée générale</docAuthority>
      </p>
      <p>
        <docStatus refersTo="#generalDistribution" class="rightSmall">Distr. générale</docStatus>
      </p>
      <p>
        <docDate date="2020-01-21" class="rightSmall" refersTo="#dateOfIssuance">21 janvier 2020</docDate>
      </p>
      <p>
        <session refersTo="#generalAssembly" value="74" eId="coverPage_1__session_1">Soixante-quatorzième session</session>
      </p>
      <p>
        <inline name="agenda item">Point 23 b) de l’ordre du jour</inline>
      </p>
      <p>
        <inline name="agenda item name">Activités opérationnelles de développement : coopération Sud-Sud pour le développement</inline>
      </p>
      <p>
        <docTitle>Résolution adoptée par l’Assemblée générale le 19 décembre 2019</docTitle>
      </p>
      <p xml:space="preserve">
        <docProponent refersTo="#secondCommittee">[sur la base du rapport de la Deuxième Commission (<inline name="originating document">A/74/385/Add.2</inline>)]</docProponent>
      </p>
    </coverPage>
    <preface>
      <p>
        <docNumber>74/239.</docNumber>
        <docTitle refersTo="#resolutionTitle">Coopération Sud-Sud</docTitle>
      </p>
    </preface>
    <preamble>
      <formula name="enactingFormula" eId="formula_1">
        <p xml:space="preserve">
          <span class="italic">L’Assemblée générale</span>,</p>
      </formula>
      <container name="Réaffirmant " eId="container_2">
        <p xml:space="preserve">
          <span class="italic">Réaffirmant </span>les dispositions de sa résolution <a href="https://undocs.org/fr/A/RES/73/291">73/291</a> du 15 avril 2019, dans laquelle elle a fait sien le Document final de Buenos Aires issu de la deuxième Conférence de haut niveau des Nations Unies sur la coopération Sud-Sud,</p>
      </container>
      <container name="&#x9;Réaffirmant également" eId="container_3">
        <p xml:space="preserve">
          <span class="italic">	Réaffirmant également</span> les dispositions de sa résolution <a href="https://undocs.org/fr/A/RES/64/222">64/222</a> du 21 décembre 2009, dans laquelle elle a fait sien le document final de Nairobi adopté par la Conférence de haut niveau des Nations Unies sur la coopération Sud-Sud,</p>
      </container>
      <container name="Réaffirmant en outre " eId="container_4">
        <p xml:space="preserve">
          <span class="italic">Réaffirmant en outre </span>les dispositions de sa résolution <a href="https://undocs.org/fr/A/RES/33/134">33/134</a> du 19 décembre 1978, dans laquelle elle a fait sien le Plan d’action de Buenos Aires pour la promotion et la mise en œuvre de la coopération technique entre pays en développement<authorialNote marker="1" placement="bottom" eId="authorialNote_1"><p xml:space="preserve"><span class="italic">Rapport de la Conférence des Nations Unies sur la coopération technique entre pays en développement, Buenos Aires</span>, <span class="italic">30 août-12 septembre 1978</span> (publication des Nations Unies, numéro de vente : F.78.II.A.11 et rectificatif), chap. I.</p></authorialNote>,</p>
      </container>
      <container name="Rappelant" eId="container_5">
        <p xml:space="preserve">
          <span class="italic">Rappelant</span> ses résolutions <a href="https://undocs.org/fr/A/RES/57/270">57/270</a> B du 23 juin 2003, <a href="https://undocs.org/fr/A/RES/60/212">60/212</a> du 22 décembre 2005, <a href="https://undocs.org/fr/A/RES/62/209">62/209</a> du 19 décembre 2007, <a href="https://undocs.org/fr/A/RES/63/233">63/233</a> du 19 décembre 2008, <a href="https://undocs.org/fr/A/RES/64/1">64/1</a> du 6 octobre 2009, <a href="https://undocs.org/fr/A/RES/66/219">66/219</a> du 22 décembre 2011, <a href="https://undocs.org/fr/A/RES/67/227">67/227</a> du 21 décembre 2012, <a href="https://undocs.org/fr/A/RES/68/230">68/230</a> du 20 décembre 2013, <a href="https://undocs.org/fr/A/RES/69/239">69/239</a> du 19 décembre 2014, <a href="https://undocs.org/fr/A/RES/70/222">70/222</a> du 22 décembre 2015, <a href="https://undocs.org/fr/A/RES/71/244">71/244</a> du 21 décembre 2016, <a href="https://undocs.org/fr/A/RES/72/237">72/237</a> du 20 décembre 2017 et <a href="https://undocs.org/fr/A/RES/73/249">73/249</a> du 20 décembre 2018,</p>
      </container>
      <container name="Réaffirmant" eId="container_6">
        <p xml:space="preserve">
          <span class="italic">Réaffirmant</span> les dispositions de sa résolution <a href="https://undocs.org/fr/A/RES/70/1">70/1</a> du 25 septembre 2015, intitulée « Transformer notre monde : le Programme de développement durable à l’horizon 2030 », dans laquelle a été adoptée une série complète d’objectifs et de cibles ambitieux, universels, axés sur l’être humain et porteurs de changement, et réaffirmant qu’elle s’engage à œuvrer sans relâche pour que le programme soit appliqué dans son intégralité d’ici à 2030, qu’elle considère que l’élimination de la pauvreté sous toutes ses formes et dans toutes ses dimensions, y compris l’extrême pauvreté, constitue le plus grand défi auquel l’humanité doit faire face et une condition indispensable au développement durable, et qu’elle est attachée à réaliser le développement durable dans ses trois dimensions – économique, sociale et environnementale – d’une manière équilibrée et intégrée et en tirant parti de ce qui a été fait dans le cadre des objectifs du Millénaire pour le développement, dont elle s’efforcera d’achever la réalisation,</p>
      </container>
      <container name="Réaffirmant également" eId="container_7">
        <p xml:space="preserve">
          <span class="italic">Réaffirmant également</span> les dispositions de sa résolution <a href="https://undocs.org/fr/A/RES/69/313">69/313</a> du 27 juillet 2015 sur le Programme d’action d’Addis-Abeba issu de la troisième Conférence internationale sur le financement du développement, qui appuie et complète le Programme de développement durable à l’horizon 2030 dont il fait partie intégrante, qui contribue à replacer dans leur contexte les cibles concernant les moyens de mise en œuvre grâce à l’adoption de politiques et mesures concrètes, et qui réaffirme la volonté politique résolue de faire face aux problèmes de financement et de créer, à tous les niveaux, un environnement propice au développement durable, dans un esprit de partenariat et de solidarité planétaires,</p>
      </container>
      <container name="Réaffirmant en outre " eId="container_8">
        <p xml:space="preserve">
          <span class="italic">Réaffirmant en outre </span>la teneur de l’Accord de Paris<authorialNote marker="2" placement="bottom" eId="authorialNote_2"><p xml:space="preserve">		Conclu au titre de la Convention-cadre des Nations Unies sur les changements climatiques et paru sous la cote <a href="https://undocs.org/fr/FCCC/CP/2015/10/Add.1">FCCC/CP/2015/10/Add.1</a>, décision 1/CP.21, annexe.</p></authorialNote>, qui est entré en vigueur rapidement, encourageant toutes les parties à l’appliquer dans son intégralité et engageant les Parties à la Convention-cadre des Nations Unies sur les changements climatiques<authorialNote marker="3" placement="bottom" eId="authorialNote_3"><p xml:space="preserve">		Nations Unies, <span class="italic">Recueil des Traités</span>, vol. 1771, n<sup>o</sup> 30822.</p></authorialNote> qui ne l’ont pas encore fait à déposer dès que possible leurs instruments de ratification, d’acceptation, d’approbation ou d’adhésion, selon qu’il conviendra,</p>
      </container>
      <container name="Renouvelant sa promesse" eId="container_9">
        <p xml:space="preserve">
          <span class="italic">Renouvelant sa promesse</span> de ne laisser personne de côté, réaffirmant qu’elle considère que la dignité de l’être humain est fondamentale et qu’elle souhaite que les objectifs et cibles se concrétisent au profit de toutes les nations, de tous les peuples et de toutes les composantes de la société, et s’attachant de nouveau à s’efforcer d’aider les plus défavorisés en premier,</p>
      </container>
    </preamble>
    <mainBody>
      <paragraph eId="para_10" class="SingleTxt">
        <num>	1.</num>
        <content eId="para_10__content">
          <p xml:space="preserve">
            <span class="italic">Se félicite</span> de la tenue de la deuxième Conférence de haut niveau des Nations Unies sur la coopération Sud-Sud à Buenos Aires du 20 au 22 mars 2019 et du Document final qui en est issu<authorialNote marker="4" placement="bottom" eId="authorialNote_4"><p xml:space="preserve">		Résolution <a href="https://undocs.org/fr/A/RES/73/291">73/291</a>, annexe.</p></authorialNote>, et demande à la communauté internationale de soutenir l’application intégrale du Document final issu de la deuxième Conférence de haut niveau ;</p>
        </content>
      </paragraph>
      <paragraph eId="para_11" class="SingleTxt">
        <num>	2.</num>
        <content eId="para_11__content">
          <p xml:space="preserve">
            <span class="italic">Prend acte</span> du rapport du Secrétaire général sur l’état de la coopération Sud-Sud<authorialNote marker="5" placement="bottom" eId="authorialNote_5"><p xml:space="preserve"><a href="https://undocs.org/fr/A/74/336">A/74/336</a>.</p></authorialNote> ;</p>
        </content>
      </paragraph>
      <paragraph eId="para_12" class="SingleTxt">
        <num>	3.</num>
        <content eId="para_12__content">
          <p xml:space="preserve">
            <span class="italic">Réaffirme son soutien</span> au Comité de haut niveau pour la coopération Sud‑Sud et lui demande de consacrer sa vingtième session, en 2020, à la mise en œuvre du Document final de Buenos Aires issu de la deuxième Conférence de haut niveau des Nations Unies sur la coopération Sud-Sud ;</p>
        </content>
      </paragraph>
      <paragraph eId="para_13" class="SingleTxt">
        <num>	4.</num>
        <content eId="para_13__content">
          <p xml:space="preserve">
            <span class="italic">Réaffirme </span>l’engagement, qui est au cœur même du Programme 2030, de ne laisser personne de côté et de s’attacher à prendre des mesures plus concrètes pour aider les personnes en situation de vulnérabilité et les pays les plus vulnérables, et en premier lieu les plus défavorisés ;</p>
        </content>
      </paragraph>
      <paragraph eId="para_14" class="SingleTxt">
        <num>	5.</num>
        <content eId="para_14__content">
          <p xml:space="preserve">
            <span class="italic">Décide</span> d’inscrire à l’ordre du jour provisoire de sa soixante-quinzième session, au titre de la question intitulée « Activités opérationnelles de développement », la question subsidiaire intitulée « Coopération Sud-Sud pour le développement », et prie le Secrétaire général de lui présenter à sa soixante-quinzième session un rapport d’ensemble sur l’état de la coopération Sud-Sud, y compris la mise en œuvre du Document final issu de la deuxième Conférence de haut niveau.</p>
        </content>
      </paragraph>
    </mainBody>
    <conclusions eId="conclusions">
      <p>
        <inline name="adoptionMeeting" title="52e">52e séance plénière</inline>
        <eol />
        <docDate date="2019-12-19" refersTo="#adoptionDate">19 décembre 2019</docDate>
      </p>
    </conclusions>
  </statement>
</akomaNtoso>