<akomaNtoso xmlns:xsi="http://www.w3.org/2001/XMLSchema-instance" xsi:schemaLocation="http://docs.oasis-open.org/legaldocml/ns/akn/3.0 http://docs.oasis-open.org/legaldocml/akn-core/v1.0/os/part2-specs/schemas/akomantoso30.xsd" xmlns="http://docs.oasis-open.org/legaldocml/ns/akn/3.0" xmlns:html="http://www.w3.org/1999/xhtml" xmlns:akn4un="http://un.org/akn4un">
  <statement name="resolution">
    <meta>
      <identification source="#DGACM">
        <FRBRWork>
          <FRBRthis value="/akn/un/statement/deliberation/unga/2020-06-30/74-295/!main/"></FRBRthis>
          <FRBRuri value="/akn/un/statement/deliberation/unga/2020-06-30/74-295/"></FRBRuri>
          <FRBRdate date="2020-06-30" name="adoption"></FRBRdate>
          <FRBRauthor href="ga" as="author"></FRBRauthor>
          <FRBRcountry value="un"></FRBRcountry>
        </FRBRWork>
        <FRBRExpression>
          <FRBRthis value="/akn/un/statement/deliberation/unga/2020-06-30/74-295/fra@!main/"></FRBRthis>
          <FRBRuri value="/akn/un/statement/deliberation/unga/2020-06-30/74-295/fra@/"></FRBRuri>
          <FRBRdate date="2020-07-15" name="publication"></FRBRdate>
          <FRBRauthor href="ga" as="issuer"></FRBRauthor>
          <FRBRlanguage language="fra"></FRBRlanguage>
        </FRBRExpression>
        <FRBRManifestation>
          <FRBRthis value="/akn/un/statement/deliberation/unga/2020-06-30/74-295/fra@/!main.xml"></FRBRthis>
          <FRBRuri value="/akn/un/statement/deliberation/unga/2020-06-30/74-295/fra@.xml"></FRBRuri>
          <FRBRdate date="2020-10-10" name="markup"></FRBRdate>
          <FRBRauthor href="DGACM" as="editor"></FRBRauthor>
        </FRBRManifestation>
      </identification>
      <classification source="http://metadata.un.org/sdg">
        <keyword value="2" href="http://metadata.un.org/sdg/2" showAs="sdg_2" dictionary="SDGO"></keyword>
        <keyword value="food_shortage" href="http://eurovoc.europa.eu/2318" showAs="food_shortage" dictionary="EuroVoc"></keyword>
        <keyword value="sustainable_agriculture" href="http://eurovoc.europa.eu/6308" showAs="sustainable_agriculture" dictionary="EuroVoc"></keyword>
        <keyword value="food_security" href="http://eurovoc.europa.eu/c_4523e1dd" showAs="food_security" dictionary="EuroVoc"></keyword>
        <keyword value="food_security" href="http://metadata.un.org/thesaurus/1002439" showAs="food_security" dictionary="UNBIS Thesaurus"></keyword>
        <keyword value="food_shortage" href="http://metadata.un.org/thesaurus/1002440" showAs="food_shortage" dictionary="UNBIS Thesaurus"></keyword>
        <keyword value="hunger" href="http://metadata.un.org/thesaurus/1003004" showAs="hunger" dictionary="UNBIS Thesaurus"></keyword>
        <keyword value="sustainable_agriculture" href="http://metadata.un.org/thesaurus/1006317" showAs="sustainable_agriculture" dictionary="UNBIS Thesaurus"></keyword>
      </classification>
      <classification source="http://metadata.un.org/sdg">
        <keyword value="3" href="http://metadata.un.org/sdg/3" showAs="sdg_3" dictionary="SDGO"></keyword>
        <keyword value="public_health" href="http://eurovoc.europa.eu/3885" showAs="public_health" dictionary="EuroVoc"></keyword>
        <keyword value="health" href="http://metadata.un.org/thesaurus/1002824" showAs="health" dictionary="UNBIS Thesaurus"></keyword>
      </classification>
      <classification source="http://metadata.un.org/sdg">
        <keyword value="4" href="http://metadata.un.org/sdg/4" showAs="sdg_4" dictionary="SDGO"></keyword>
        <keyword value="education" href="http://eurovoc.europa.eu/668" showAs="education" dictionary="EuroVoc"></keyword>
        <keyword value="right_to_education" href="http://eurovoc.europa.eu/512" showAs="right_to_education" dictionary="EuroVoc"></keyword>
        <keyword value="education" href="http://metadata.un.org/thesaurus/1001893" showAs="education" dictionary="UNBIS Thesaurus"></keyword>
      </classification>
      <workflow source="#un">
        <step date="2020-06-27" outcome="draftResolution" as="A/C.5/74/L.51" by="submitted by the Chair of the Committee following informal consultations" />
        <step date="0001-01-01" outcome="draftResolutionAdditionalSponsors" by="" />
        <step date="0001-01-01" outcome="recommendedForAdoption" as="A/74/923" by="" refersTo="6" />
        <step date="2020-06-30" outcome="adopted" as="Adopted through silence procedure" by="" />
      </workflow>
      <analysis source="#un">
        <parliamentary>
          <voting outcome="adoptedWithoutVote">
            <quorum value=""></quorum>
          </voting>
        </parliamentary>
      </analysis>
      <references source="#DGACM">
        <TLCOrganization eId="source" href="/akn/ontology/organization/un/DGACM" showAs="DGACM"></TLCOrganization>
        <TLCConcept eId="dateOfIssuance" href="/akn/ontology/concept/un/dateOfIssuance" showAs="Date of issuance"></TLCConcept>
        <TLCConcept eId="dateOfAdoption" href="/akn/ontology/concept/un/dateOfAdoption" showAs="Date of adoption"></TLCConcept>
        <TLCConcept eId="symbol" href="/akn/ontology/reference/un/symbol" showAs="Symbol"></TLCConcept>
        <TLCRole eId="publisher" href="/akn/ontology/role/un/publisher" showAs="Publisher"></TLCRole>
        <TLCRole eId="issuingBody" href="/akn/role/concept/un/issuingBody" showAs="Issuing body"></TLCRole>
        <TLCRole eId="author" href="/akn/ontology/role/un/author" showAs="Author"></TLCRole>
        <TLCRole eId="editor" href="/akn/ontology/role/un/editor" showAs="Editor"></TLCRole>
        <TLCRole eId="distribution" href="/akn/ontology/concept/un/generalDistribution" showAs="General distribution"></TLCRole>
        <TLCOrganization eId="ga" href="/akn/ontology/organization/un/generalAssembly" showAs="General Assembly"></TLCOrganization>
        <TLCTerm eId="resolutionTitle" href="/akn/ontology/reference/un/resolutionTitle" showAs="Resolution title"></TLCTerm>
        <TLCTerm eId="fifthCommittee" href="#fifthCommittee" showAs="Cinquième Commission"></TLCTerm>
        <TLCTerm eId="memberState" href="/akn/ontology/organization/un/memberState" showAs="Member State"></TLCTerm>
        <TLCTerm eId="inFavour" href="/akn/ontology/concept/un/voting/inFavour" showAs="In favour"></TLCTerm>
        <TLCTerm eId="against" href="/akn/ontology/concept/un/voting/against" showAs="Against"></TLCTerm>
        <TLCTerm eId="abstaining" href="/akn/ontology/concept/un/voting/abstaining" showAs="Abstaining"></TLCTerm>
      </references>
      <presentation source="#un">
        <akn4un:footerFirstPage>
          <akn4un:footerFirstPageLeft>
            <akn4un:internalCode>
              <docketNumber refersTo="#publicationJobNumber">20-08807 (F)</docketNumber>
              <img alt="bar code" class="barCode" src=""></img>
            </akn4un:internalCode>
          </akn4un:footerFirstPageLeft>
          <akn4un:footerFirstPageRight>
            <img alt="Please recycle" class="image" src="./recylcleLogo.jpg"></img>
            <img alt="embedded QR code" class="qrCode" src=""></img>
          </akn4un:footerFirstPageRight>
        </akn4un:footerFirstPage>
      </presentation>
    </meta>
    <coverPage eId="coverPage_1">
      <p>
        <span refersTo="#publisher" class="upperLeft">
          <docAuthority refersTo="#publisher">Nations Unies</docAuthority>
        </span>
      </p>
      <p class="upperRight">
        <docNumber refersTo="#symbol">A/RES/74/295</docNumber>
      </p>
      <p class="upperLeft">
        <img src="logo-un.jpg"></img>
        <docAuthority refersTo="#issuingBody" class="rightBig">Assemblée générale</docAuthority>
      </p>
      <p>
        <docStatus refersTo="#generalDistribution" class="rightSmall">Distr. générale</docStatus>
      </p>
      <p>
        <docDate date="2020-07-15" class="rightSmall" refersTo="#dateOfIssuance">15 juillet 2020</docDate>
      </p>
      <p>
        <session refersTo="#generalAssembly" value="74" eId="coverPage_1__session_1">Soixante-quatorzième session</session>
      </p>
      <p>
        <inline name="agenda item">Point 164 de l’ordre du jour</inline>
      </p>
      <p>
        <inline name="agenda item name">Financement des activités découlant de la résolution 1863 (2009) du Conseil de sécurité</inline>
      </p>
      <p>
        <docTitle>Résolution adoptée par l’Assemblée générale le 30 juin 2020</docTitle>
      </p>
      <p xml:space="preserve">
        <docProponent refersTo="#fifthCommittee">[sur la base du rapport de la Cinquième Commission (<inline name="originating document">A/74/923</inline>)]</docProponent>
      </p>
    </coverPage>
    <preface>
      <p>
        <docNumber>74/295.</docNumber>
        <docTitle refersTo="#resolutionTitle">Financement des activités découlant de la résolution 1863 (2009) du Conseil de sécurité</docTitle>
      </p>
    </preface>
    <preamble>
      <formula name="enactingFormula" eId="formula_1">
        <p xml:space="preserve">
          <span class="italic">L’Assemblée générale</span>,</p>
      </formula>
      <container name="Ayant examiné" eId="container_2">
        <p xml:space="preserve">
          <span class="italic">Ayant examiné</span> les rapports du Secrétaire général sur le financement du Bureau d’appui des Nations Unies en Somalie<authorialNote marker="1" placement="bottom" eId="authorialNote_1"><p xml:space="preserve"><a href="https://undocs.org/fr/A/74/599">A/74/599</a> et <a href="https://undocs.org/fr/A/74/722">A/74/722</a>. </p></authorialNote> et le rapport correspondant du Comité consultatif pour les questions administratives et budgétaires<authorialNote marker="2" placement="bottom" eId="authorialNote_2"><p xml:space="preserve"><a href="https://undocs.org/fr/A/74/737/Add.8">A/74/737/Add.8</a>.</p></authorialNote>,</p>
      </container>
      <container name="Rappelant" eId="container_3">
        <p xml:space="preserve">
          <span class="italic">Rappelant</span> la résolution <a href="https://undocs.org/fr/S/RES/1863(2009)">1863 (2009)</a> du 16 janvier 2009, dans laquelle le Conseil de sécurité a exprimé son intention d’établir une opération de maintien de la paix des Nations Unies en Somalie pour prendre la suite de la Mission de l’Union africaine en Somalie, sous réserve d’une nouvelle décision prise par lui avant le 1<sup>er</sup> juin 2009, et prié le Secrétaire général, pour permettre l’intégration des forces de la Mission dans une opération de maintien de la paix des Nations Unies, d’offrir à la Mission un dispositif d’appui logistique, notamment sous forme de matériel et de services,</p>
      </container>
      <container name="Rappelant également" eId="container_4">
        <p xml:space="preserve">
          <span class="italic">Rappelant également</span> les résolutions ultérieures du Conseil de sécurité relatives au maintien du dispositif d’appui logistique de la Mission, dont la plus récente est la résolution <a href="https://undocs.org/fr/S/RES/2520(2020)">2520 (2020)</a> du 29 mai 2020 portant maintien du dispositif d’appui logistique jusqu’au 28 février 2021, </p>
      </container>
      <container name="Rappelant en outre" eId="container_5">
        <p xml:space="preserve">
          <span class="italic">Rappelant en outre</span> sa résolution <a href="https://undocs.org/fr/A/RES/63/275">63/275 A</a> du 7 avril 2009 et ses résolutions ultérieures relatives au financement des activités découlant de la résolution <a href="https://undocs.org/fr/S/RES/1863(2009)">1863 (2009)</a> du Conseil de sécurité, dont la plus récente est la résolution <a href="https://undocs.org/fr/A/RES/73/325">73/325</a> du 3 juillet 2019, ainsi que sa décision 73/555 du 3 juillet 2019,</p>
      </container>
      <container name="Réaffirmant" eId="container_6">
        <p xml:space="preserve">
          <span class="italic">Réaffirmant</span> les principes généraux sur lesquels repose le financement des opérations de maintien de la paix des Nations Unies, qu’elle a énoncés dans ses résolutions <a href="https://undocs.org/fr/A/res/1874 (s-iv)">1874 (S-IV)</a> du 27 juin 1963, <a href="https://undocs.org/fr/A/RES/3101(XXVIII)">3101 (XXVIII)</a> du 11 décembre 1973 et <a href="https://undocs.org/fr/A/RES/55/235">55/235</a> du 23 décembre 2000,</p>
      </container>
      <container name="Notant avec gratitude" eId="container_7">
        <p xml:space="preserve">
          <span class="italic">Notant avec gratitude</span> que des contributions volontaires ont été versées au fonds d’affectation spéciale des Nations Unies à l’appui de la Mission de l’Union africaine en Somalie,</p>
      </container>
    </preamble>
    <mainBody>
      <paragraph eId="para_8" class="MercuryDocument">
        <num>	1.</num>
        <content eId="para_8__content">
          <p xml:space="preserve">
            <span class="italic">Prend note</span> de l’état au 30 avril 2020 des contributions au financement du Bureau d’appui des Nations Unies en Somalie, notamment du montant des contributions non acquittées, qui s’élevait à 234,2 millions de dollars des États-Unis, soit environ 4,6 pour cent du montant total des contributions mises en recouvrement, constate avec préoccupation que 110 États Membres seulement ont versé l’intégralité de leurs contributions statutaires et prie instamment tous les autres, en particulier ceux qui ont accumulé des arriérés, de verser les sommes dont ils demeurent redevables ; </p>
        </content>
      </paragraph>
      <paragraph eId="para_9" class="MercuryDocument">
        <num>	2.</num>
        <content eId="para_9__content">
          <p xml:space="preserve">
            <span class="italic">Souscrit</span>, sous réserve des dispositions de la présente résolution, aux conclusions et recommandations que le Comité consultatif pour les questions administratives et budgétaires a formulées dans son rapport<sup>2</sup> et prie le Secrétaire général de veiller à ce qu’il y soit pleinement donné suite ;</p>
        </content>
      </paragraph>
      <paragraph eId="para_10" class="MercuryDocument">
        <num>	3.</num>
        <content eId="para_10__content">
          <p xml:space="preserve">
            <span class="italic">Prie</span> le Secrétaire général d’établir des cadres et des lignes directrices clairs pour déterminer la procédure d’appel à la concurrence (appel d’offres ou invitation à soumissionner) à utiliser, entre autres, pour l’acquisition de différents types de biens et services, notamment les services de transport aérien, et d’actualiser en conséquence le Manuel des achats de l’Organisation des Nations Unies ;</p>
        </content>
      </paragraph>
      <paragraph eId="para_11" class="MercuryDocument">
        <num>	4.</num>
        <content eId="para_11__content">
          <p xml:space="preserve">
            <span class="italic">Prie également</span> le Secrétaire général de prendre des mesures pour que l’Organisation se conforme aux meilleures pratiques en matière de transparence des marchés publics, notamment en rendant publiques plus d’informations sur l’issue des opérations d’achat, y compris dans le domaine des services de transport aérien, afin d’accroître encore la transparence des opérations d’achat de l’Organisation, et d’actualiser en conséquence le Manuel des achats de l’Organisation des Nations Unies ; </p>
        </content>
      </paragraph>
      <paragraph eId="para_12" class="MercuryDocument">
        <num>	5.</num>
        <content eId="para_12__content">
          <p xml:space="preserve">
            <span class="italic">Prend note</span> de l’élaboration d’indicateurs d’impact dans le cadre du Système complet d’évaluation de la performance et, à cet égard, prie le Secrétaire général d’indiquer dans son prochain rapport les résultats obtenus par le Bureau d’appui au regard des tâches prescrites et l’impact de l’allocation des ressources sur ces résultats, mesurés à l’aune de ces indicateurs, et d’expliquer comment ceux-ci aideront à déterminer les ressources nécessaires à l’exécution des différentes tâches ;</p>
        </content>
      </paragraph>
      <paragraph eId="para_13" class="MercuryDocument">
        <num>	6.</num>
        <content eId="para_13__content">
          <p xml:space="preserve">
            <span class="italic">Prie</span> le Secrétaire général de fournir dans son prochain rapport un plan de mise en service du nouveau Système complet d’évaluation de la performance, assorti d’une analyse, portant notamment sur les liens qui existent entre le Système, la planification de la mission et l’établissement du budget, afin de faciliter l’examen qu’elle consacrera aux ressources demandées pour le Système ;</p>
        </content>
      </paragraph>
      <paragraph eId="para_14" class="MercuryDocument">
        <num>	7.</num>
        <content eId="para_14__content">
          <p xml:space="preserve">
            <span class="italic">Souligne</span> l’importance du dispositif d’application du principe de responsabilité mis en place par le Secrétariat et prie le Secrétaire général de continuer de renforcer la gestion des risques et les contrôles internes pour ce qui est des budgets des opérations de maintien de la paix afin de faciliter l’exécution des mandats et d’améliorer la transparence, et de rendre compte de la question dans son prochain rapport ;</p>
        </content>
      </paragraph>
      <paragraph eId="para_15" class="MercuryDocument">
        <num>	8.</num>
        <content eId="para_15__content">
          <p xml:space="preserve">
            <span class="italic">Souligne également</span> l’importance que revêt la bonne exécution du budget de l’ensemble des opérations de maintien de la paix et prie le Secrétaire général de continuer d’appliquer les recommandations formulées par les organes de contrôle compétents tout en tenant compte comme il se doit des orientations et recommandations qu’elle-même a données, et de rendre compte de la question dans ses rapports sur l’exécution du budget de ces opérations ;</p>
        </content>
      </paragraph>
      <paragraph eId="para_16" class="MercuryDocument">
        <num>	9.</num>
        <content eId="para_16__content">
          <p xml:space="preserve">
            <span class="italic">Note avec une vive préoccupation</span> la menace que la pandémie de maladie à coronavirus (COVID-19) représente pour la vie, la santé et la sécurité, et souligne qu’il importe d’assurer la sûreté, la sécurité et la santé du personnel de maintien de la paix, de maintenir la continuité de l’exécution des mandats essentiels, dont la protection des civils, de réduire au minimum le risque que les activités de la mission contribuent à la propagation du virus et, selon les possibilités, d’aider les autorités nationales, si elles en font la demande et dans le cadre des mandats prévus, à prendre des mesures pour lutter contre la COVID-19, en collaboration avec la coordonnatrice résidente ou le coordonnateur résident et les entités des Nations Unies présentes dans le pays ;</p>
        </content>
      </paragraph>
      <paragraph eId="para_17" class="MercuryDocument">
        <num>	10.</num>
        <content eId="para_17__content">
          <p xml:space="preserve">
            <span class="italic">Prie</span> le Secrétaire général d’indiquer dans son prochain rapport sur l’exécution du budget les mesures qui auront été prises par le Bureau d’appui pour faire face aux épidémies et aux pandémies passées et présentes et les enseignements qui en auront été tirés, et de faire des propositions visant à améliorer la préparation aux épidémies et aux pandémies, notamment en ce qui concerne la continuité des activités ;</p>
        </content>
      </paragraph>
      <paragraph eId="para_18" class="MercuryDocument">
        <num>	11.</num>
        <content eId="para_18__content">
          <p xml:space="preserve">
            <span class="italic">Prend note</span> des progrès accomplis dans la mise en œuvre de la stratégie environnementale pluriannuelle visant à réduire l’empreinte des opérations de maintien de la paix et prie le Secrétaire général de renforcer les mesures prises pour la mettre en œuvre dans toutes les missions de maintien de la paix, compte tenu des cinq piliers qui y sont énoncés, en fonction des conditions régnant sur le terrain et dans le plein respect des règles et règlements applicables, et de lui rendre compte de la question dans son prochain rapport d’ensemble ;</p>
        </content>
      </paragraph>
      <paragraph eId="para_19" class="MercuryDocument">
        <num>	12.</num>
        <content eId="para_19__content">
          <p xml:space="preserve">
            <span class="italic">Se déclare préoccupée</span> par les allégations d’exploitation et d’atteintes sexuelles signalées dans les missions de maintien de la paix et prie le Secrétaire général de continuer d’appliquer sa politique de tolérance zéro à l’égard de l’exploitation et des atteintes sexuelles concernant l’ensemble du personnel civil, des contingents et des effectifs de police, et de lui rendre compte à ce sujet dans son prochain rapport sur les questions concernant les opérations de maintien de la paix en général ;</p>
        </content>
      </paragraph>
      <paragraph eId="para_20" class="MercuryDocument">
        <num>	13.</num>
        <content eId="para_20__content">
          <p xml:space="preserve">
            <span class="italic">Est consciente</span> des problèmes de sécurité croissants auxquels fait face le personnel de maintien de la paix des Nations Unies, réaffirme sa volonté d’améliorer la sûreté et la sécurité du personnel du Bureau d’appui, notamment celles du personnel en tenue, et prie le Secrétaire général de renforcer encore les mesures prises à cet égard et de lui faire rapport sur la question dans le prochain projet de budget du Bureau ;</p>
        </content>
      </paragraph>
      <paragraph eId="para_21" class="MercuryDocument">
        <num>	14.</num>
        <content eId="para_21__content">
          <p xml:space="preserve">
            <span class="italic">Réaffirme </span>les dispositions de la section XVIII de sa résolution <a href="https://undocs.org/fr/A/RES/61/276">61/276</a>, considère toujours que les projets à effet rapide concourent notablement à la mise en œuvre des mandats des missions, souligne qu’il faut exécuter en temps voulu tous les projets prévus dans le respect du principe de responsabilité, et prie le Secrétaire général de renforcer l’effet de ces projets tout en s’attaquant aux problèmes sous-jacents ;</p>
        </content>
      </paragraph>
      <paragraph eId="para_22" class="MercuryDocument">
        <num>	15.</num>
        <content eId="para_22__content">
          <p xml:space="preserve">
            <span class="italic">Prie</span> le Secrétaire général d’envisager, dans le cadre de l’établissement des projets de budget, de faire davantage appel à du personnel recruté sur le plan national, compte étant tenu du mandat et des besoins de la mission ;</p>
        </content>
      </paragraph>
      <paragraph eId="para_23" class="MercuryDocument">
        <num>	16.</num>
        <content eId="para_23__content">
          <p xml:space="preserve">
            <span class="italic">Redit sa préoccupation</span> face au nombre élevé de postes vacants dans la composante civile et prie de nouveau le Secrétaire général de veiller à ce que ces postes soient pourvus rapidement ;</p>
        </content>
      </paragraph>
      <paragraph eId="para_24" class="MercuryDocument">
        <num>	17.</num>
        <content eId="para_24__content">
          <p xml:space="preserve">
            <span class="italic">Prie</span> le Secrétaire général de veiller à ce que les postes vacants soient pourvus rapidement et décide de ne pas supprimer, pendant l’exercice budgétaire en cours, les postes qui sont vacants depuis 24 mois ou plus ;</p>
        </content>
      </paragraph>
      <paragraph eId="para_25" class="MercuryDocument">
        <num>	18.</num>
        <content eId="para_25__content">
          <p xml:space="preserve">
            <span class="italic">Prie également</span> le Secrétaire général de passer en revue les postes qui sont vacants depuis 24 mois ou plus et de proposer, dans le prochain projet de budget, soit leur maintien, sur justification de leur utilité, soit leur suppression ;</p>
        </content>
      </paragraph>
      <paragraph eId="para_26" class="MercuryDocument">
        <num>	19.</num>
        <content eId="para_26__content">
          <p xml:space="preserve">
            <span class="italic">Prie en outre</span> le Secrétaire général de procéder à une évaluation comparative des services fournis par les différentes entités qui s’occupent d’activités de lutte antimines et d’en présenter les résultats dans son prochain rapport ; </p>
        </content>
      </paragraph>
      <paragraph eId="para_27" class="MercuryDocument">
        <num>	20.</num>
        <content eId="para_27__content">
          <p xml:space="preserve">
            <span class="italic">Est consciente </span>du rôle majeur joué par les acteurs régionaux et sous-régionaux dans les opérations de maintien de la paix et, à cet égard, encourage le Secrétaire général à approfondir les partenariats, la coopération et la coordination entre l’Organisation des Nations Unies et ces acteurs conformément aux mandats définis et à faire figurer dans ses prochains rapports des informations sur l’approfondissement de ces relations ;</p>
        </content>
      </paragraph>
      <paragraph eId="para_28" class="MercuryDocument">
        <num>	21.</num>
        <content eId="para_28__content">
          <p xml:space="preserve">
            <span class="italic">Note</span> que les élections constituent une étape clé dans les processus de paix, souligne qu’il est crucial qu’un soutien adapté soit apporté en temps utile aux opérations électorales dans les pays accueillant des missions de maintien de la paix, compte tenu des mandats prévus, et, à cet égard, prie le Secrétaire général de faire le point, dans son prochain rapport d’ensemble, sur l’appui fourni par l’Organisation des Nations Unies aux activités électorales ;</p>
        </content>
      </paragraph>
      <paragraph eId="para_29" class="MercuryDocument">
        <num>	22.</num>
        <content eId="para_29__content">
          <p xml:space="preserve">
            <span class="italic">Prie </span>le Secrétaire général de veiller à ce que les dispositions pertinentes de ses résolutions <a href="https://undocs.org/fr/A/RES/59/296">59/296</a> du 22 juin 2005, <a href="https://undocs.org/fr/A/RES/60/266">60/266</a> du 30 juin 2006, <a href="https://undocs.org/fr/A/RES/61/276">61/276</a> du 29 juin 2007, <a href="https://undocs.org/fr/A/RES/64/269">64/269</a> du 24 juin 2010, <a href="https://undocs.org/fr/A/RES/65/289">65/289</a> du 30 juin 2011, <a href="https://undocs.org/fr/A/RES/66/264">66/264</a> du 21 juin 2012, <a href="https://undocs.org/fr/A/RES/69/307">69/307</a> du 25 juin 2015 et <a href="https://undocs.org/fr/A/RES/70/286">70/286</a> du 17 juin 2016 et des autres résolutions pertinentes soient appliquées intégralement ; </p>
        </content>
      </paragraph>
      <paragraph eId="para_30" class="MercuryDocument">
        <subheading>
            <span class="bold">		Rapport sur l’exécution du budget de l’exercice allant du 1</span>
            <span class="bold">
              <sup>er</sup>
            </span>
            <span class="bold"> juillet 2018 au 30 juin 2019</span>
        </subheading>
      </paragraph>
      <paragraph eId="para_31" class="MercuryDocument">
        <num>	23.</num>
        <content eId="para_31__content">
          <p xml:space="preserve">
            <span class="italic">Prend acte</span> du rapport du Secrétaire général sur l’exécution du budget du Bureau d’appui pour l’exercice allant du 1<sup>er</sup> juillet 2018 au 30 juin 2019<authorialNote marker="3" placement="bottom" eId="authorialNote_3"><p xml:space="preserve"><a href="https://undocs.org/fr/A/74/599">A/74/599</a>.</p></authorialNote> ;</p>
        </content>
      </paragraph>
      <paragraph eId="para_32" class="MercuryDocument">
        <subheading>
            <span class="bold">		Prévisions budgétaires pour l’exercice allant du 1</span>
            <span class="bold">
              <sup>er</sup>
            </span>
            <span class="bold"> juillet 2020 au 30 juin 2021</span>
        </subheading>
      </paragraph>
      <paragraph eId="para_33" class="MercuryDocument">
        <num>	24.</num>
        <content eId="para_33__content">
          <p xml:space="preserve">
            <span class="italic">Décide</span> d’ouvrir pour inscription au Compte spécial du Bureau d’appui des Nations Unies en Somalie, au titre de l’exercice allant du 1<sup>er</sup> juillet 2020 au 30 juin 2021, des crédits de 590 957 700 dollars, dont 550 608 600 dollars destinés à financer le fonctionnement du Bureau, 31 473 300 dollars destinés au compte d’appui aux opérations de maintien de la paix, 5 305 300 dollars destinés à la Base de soutien logistique des Nations Unies à Brindisi (Italie) et 3 570 500 dollars destinés au Centre de services régional d’Entebbe (Ouganda) ;</p>
        </content>
      </paragraph>
      <paragraph eId="para_34" class="MercuryDocument">
        <subheading>
            <span class="bold">		Modalités de financement des crédits ouverts pour l’exercice allant du 1</span>
            <span class="bold">
              <sup>er</sup>
            </span>
            <span class="bold"> juillet 2020 au 30 juin 2021</span>
        </subheading>
      </paragraph>
      <paragraph eId="para_35" class="MercuryDocument">
        <num>	25.</num>
        <content eId="para_35__content">
          <p xml:space="preserve">
            <span class="italic">Décide</span> de répartir entre les États Membres, au titre de la période du 1<sup>er</sup> juillet 2020 au 28 février 2021, un montant de 393 971 800 dollars, à raison de 49 246 475 dollars par mois, conformément aux catégories qu’elle a actualisées dans sa résolution <a href="https://undocs.org/fr/A/RES/73/272">73/272</a> du 22 décembre 2018 et selon le barème des quotes-parts pour 2020 et 2021 indiqué dans sa résolution <a href="https://undocs.org/fr/A/RES/73/271">73/271</a> également du 22 décembre 2018 ;</p>
        </content>
      </paragraph>
      <paragraph eId="para_36" class="MercuryDocument">
        <num>	26.</num>
        <content eId="para_36__content">
          <p xml:space="preserve">
            <span class="italic">Décide </span>que, conformément aux dispositions de sa résolution <a href="https://undocs.org/fr/A/RES/973(X)">973 (X)</a> du 15 décembre 1955, il sera déduit des sommes réparties en application du paragraphe 25 ci-dessus la part de chaque État Membre dans le montant de 7 172 467 dollars qui sera inscrit au Fonds de péréquation des impôts et qui comprend le montant estimatif des recettes provenant des contributions du personnel approuvé pour le Bureau d’appui, soit 4 892 600 dollars, la part de celui-ci dans le montant estimatif des recettes provenant des contributions du personnel approuvé pour le compte d’appui, soit 1 686 400 dollars, sa part du montant estimatif des recettes provenant des contributions du personnel approuvé pour la Base de soutien logistique des Nations Unies, soit 344 400 dollars, et sa part du montant estimatif des recettes provenant des contributions du personnel approuvé pour le Centre de services régional, soit 249 067 dollars ; </p>
        </content>
      </paragraph>
      <paragraph eId="para_37" class="MercuryDocument">
        <num>	27.</num>
        <content eId="para_37__content">
          <p xml:space="preserve">
            <span class="italic">Décide</span>, sous réserve que le Conseil de sécurité décide de proroger le mandat du Bureau d’appui, de répartir entre les États Membres, au titre de la période du 1<sup>er</sup> mars au 30 juin 2021, un montant de 196 985 900 dollars, à raison de 49 246 475 par mois, conformément aux catégories qu’elle a actualisées dans sa résolution <a href="https://undocs.org/fr/A/RES/73/272">73/272</a> et selon le barème des quotes-parts pour 2020 et 2021 indiqué dans sa résolution <a href="https://undocs.org/fr/A/RES/73/271">73/271</a> ;	 </p>
        </content>
      </paragraph>
      <paragraph eId="para_38" class="MercuryDocument">
        <num>	28.</num>
        <content eId="para_38__content">
          <p xml:space="preserve">
            <span class="italic">Décide</span> que, conformément aux dispositions de sa résolution <a href="https://undocs.org/fr/A/RES/973(X)">973 (X)</a>, il sera déduit des sommes réparties en application du paragraphe 27 ci-dessus la part de chaque État Membre dans le montant de 3 586 233 dollars qui sera inscrit au Fonds de péréquation des impôts et qui comprend le montant estimatif des recettes provenant des contributions du personnel approuvé pour le Bureau d’appui, soit 2 446 300 dollars, la part de celui-ci dans le montant estimatif des recettes provenant des contributions du personnel approuvé pour le compte d’appui, soit 843 200 dollars, sa part du montant estimatif des recettes provenant des contributions du personnel approuvé pour la Base de soutien logistique des Nations Unies, soit 172 200 dollars, et sa part du montant estimatif des recettes provenant des contributions du personnel approuvé pour le Centre de services régional, soit 124 533 dollars ;</p>
        </content>
      </paragraph>
      <paragraph eId="para_39" class="MercuryDocument">
        <num>	29.</num>
        <content eId="para_39__content">
          <p xml:space="preserve">
            <span class="italic">Décide également</span> que, dans le cas des États Membres qui se sont acquittés de leurs obligations financières au titre du Bureau d’appui, il sera déduit des sommes réparties en application du paragraphe 25 ci-dessus la part de chacun dans le montant de 30 709 100 dollars représentant le solde inutilisé et les produits divers de l’exercice clos le 30 juin 2019, conformément aux catégories qu’elle a actualisées dans sa résolution <a href="https://undocs.org/fr/A/RES/73/272">73/272</a> et selon le barème des quotes-parts pour 2019 indiqué dans sa résolution <a href="https://undocs.org/fr/A/RES/73/271">73/271</a> ;</p>
        </content>
      </paragraph>
      <paragraph eId="para_40" class="MercuryDocument">
        <num>	30.</num>
        <content eId="para_40__content">
          <p xml:space="preserve">
            <span class="italic">Décide en outre</span> que, dans le cas des États Membres qui ne se sont pas acquittés de leurs obligations financières au titre du Bureau d’appui, la part de chacun dans le montant de 30 709 100 dollars représentant le solde inutilisé et les produits divers de l’exercice clos le 30 juin 2019 sera déduite des contributions restant à acquitter, selon les modalités énoncées au paragraphe 29 ci-dessus ;</p>
        </content>
      </paragraph>
      <paragraph eId="para_41" class="MercuryDocument">
        <num>	31.</num>
        <content eId="para_41__content">
          <p xml:space="preserve">
            <span class="italic">Décide</span> que la somme de 768 700 dollars représentant l’écart positif constaté par rapport au montant estimatif des recettes provenant des contributions du personnel afférentes à l’exercice clos le 30 juin 2019 sera ajoutée aux crédits d’un montant de 30 709 100 dollars visé aux paragraphes 29 et 30 ci-dessus ;</p>
        </content>
      </paragraph>
      <paragraph eId="para_42" class="MercuryDocument">
        <num>	32.</num>
        <content eId="para_42__content">
          <p xml:space="preserve">
            <span class="italic">Demande </span>que des contributions volontaires soient versées au fonds d’affectation spéciale des Nations Unies à l’appui de la Mission de l’Union africaine en Somalie ;</p>
        </content>
      </paragraph>
      <paragraph eId="para_43" class="MercuryDocument">
        <num>	33.</num>
        <content eId="para_43__content">
          <p xml:space="preserve">
            <span class="italic">Décide </span>d’inscrire à l’ordre du jour provisoire de sa soixante-quinzième session la question intitulée « Financement des activités découlant de la résolution <a href="https://undocs.org/fr/S/RES/1863(2009)">1863 (2009)</a> du Conseil de sécurité ».</p>
        </content>
      </paragraph>
    </mainBody>
    <conclusions eId="conclusions">
      <p>
        <docDate date="2020-06-30" refersTo="#adoptionDate">30 juin 2020</docDate>
      </p>
    </conclusions>
  </statement>
</akomaNtoso>