<akomaNtoso xmlns:xsi="http://www.w3.org/2001/XMLSchema-instance" xsi:schemaLocation="http://docs.oasis-open.org/legaldocml/ns/akn/3.0 http://docs.oasis-open.org/legaldocml/akn-core/v1.0/os/part2-specs/schemas/akomantoso30.xsd" xmlns="http://docs.oasis-open.org/legaldocml/ns/akn/3.0" xmlns:html="http://www.w3.org/1999/xhtml" xmlns:akn4un="http://un.org/akn4un">
  <statement name="resolution">
    <meta>
      <identification source="#DGACM">
        <FRBRWork>
          <FRBRthis value="/akn/un/statement/deliberation/unga/2019-12-12/74-21/!main/"></FRBRthis>
          <FRBRuri value="/akn/un/statement/deliberation/unga/2019-12-12/74-21/"></FRBRuri>
          <FRBRdate date="2019-12-12" name="adoption"></FRBRdate>
          <FRBRauthor href="ga" as="author"></FRBRauthor>
          <FRBRcountry value="un"></FRBRcountry>
        </FRBRWork>
        <FRBRExpression>
          <FRBRthis value="/akn/un/statement/deliberation/unga/2019-12-12/74-21/fra@!main/"></FRBRthis>
          <FRBRuri value="/akn/un/statement/deliberation/unga/2019-12-12/74-21/fra@/"></FRBRuri>
          <FRBRdate date="2019-12-18" name="publication"></FRBRdate>
          <FRBRauthor href="ga" as="issuer"></FRBRauthor>
          <FRBRlanguage language="fra"></FRBRlanguage>
        </FRBRExpression>
        <FRBRManifestation>
          <FRBRthis value="/akn/un/statement/deliberation/unga/2019-12-12/74-21/fra@/!main.xml"></FRBRthis>
          <FRBRuri value="/akn/un/statement/deliberation/unga/2019-12-12/74-21/fra@.xml"></FRBRuri>
          <FRBRdate date="2020-08-19" name="markup"></FRBRdate>
          <FRBRauthor href="DGACM" as="editor"></FRBRauthor>
        </FRBRManifestation>
      </identification>
      <classification source="http://metadata.un.org/sdg">
        <keyword value="5" href="http://metadata.un.org/sdg/5" showAs="sdg_5" dictionary="SDGO"></keyword>
        <keyword value="gender_equality" href="http://eurovoc.europa.eu/3913" showAs="gender_equality" dictionary="EuroVoc"></keyword>
        <keyword value="participation_of_women" href="http://eurovoc.europa.eu/2265" showAs="participation_of_women" dictionary="EuroVoc"></keyword>
        <keyword value="women&amp;#39;s_rights" href="http://eurovoc.europa.eu/585" showAs="women&amp;#39;s_rights" dictionary="EuroVoc"></keyword>
        <keyword value="position_of_women" href="http://eurovoc.europa.eu/81" showAs="position_of_women" dictionary="EuroVoc"></keyword>
        <keyword value="women" href="http://metadata.un.org/thesaurus/1007029" showAs="women" dictionary="UNBIS Thesaurus"></keyword>
        <keyword value="gender_equality" href="http://metadata.un.org/thesaurus/1002612" showAs="gender_equality" dictionary="UNBIS Thesaurus"></keyword>
        <keyword value="girls" href="http://metadata.un.org/thesaurus/1002684" showAs="girls" dictionary="UNBIS Thesaurus"></keyword>
      </classification>
      <classification source="http://metadata.un.org/sdg">
        <keyword value="16" href="http://metadata.un.org/sdg/16" showAs="sdg_16" dictionary="SDGO"></keyword>
        <keyword value="right_to_justice" href="http://eurovoc.europa.eu/516" showAs="right_to_justice" dictionary="EuroVoc"></keyword>
        <keyword value="sustainable_development" href="http://eurovoc.europa.eu/5585" showAs="sustainable_development" dictionary="EuroVoc"></keyword>
        <keyword value="civil_society" href="http://metadata.un.org/thesaurus/1001012" showAs="civil_society" dictionary="UNBIS Thesaurus"></keyword>
        <keyword value="justice" href="http://metadata.un.org/thesaurus/1003500" showAs="justice" dictionary="UNBIS Thesaurus"></keyword>
        <keyword value="peaceful_coexistence" href="http://metadata.un.org/thesaurus/1004777" showAs="peaceful_coexistence" dictionary="UNBIS Thesaurus"></keyword>
        <keyword value="public_institutions" href="http://metadata.un.org/thesaurus/1005254" showAs="public_institutions" dictionary="UNBIS Thesaurus"></keyword>
        <keyword value="social_justice" href="http://metadata.un.org/thesaurus/1005970" showAs="social_justice" dictionary="UNBIS Thesaurus"></keyword>
        <keyword value="sustainable_development" href="http://metadata.un.org/thesaurus/1006319" showAs="sustainable_development" dictionary="UNBIS Thesaurus"></keyword>
      </classification>
      <classification source="http://metadata.un.org/sdg">
        <keyword value="17" href="http://metadata.un.org/sdg/17" showAs="sdg_17" dictionary="SDGO"></keyword>
        <keyword value="sustainable_development" href="http://eurovoc.europa.eu/5585" showAs="sustainable_development" dictionary="EuroVoc"></keyword>
        <keyword value="partnership" href="http://eurovoc.europa.eu/4199" showAs="partnership" dictionary="EuroVoc"></keyword>
        <keyword value="sustainable_development" href="http://metadata.un.org/thesaurus/1006319" showAs="sustainable_development" dictionary="UNBIS Thesaurus"></keyword>
        <keyword value="partnership" href="http://metadata.un.org/thesaurus/1004748" showAs="partnership" dictionary="UNBIS Thesaurus"></keyword>
      </classification>
      <workflow source="#un">
        <step date="2019-12-02" outcome="draftResolution" as="A/74/L.23" by="Armenia, Bangladesh, Bhutan, China, Costa Rica, Dominican Republic, Equatorial Guinea, India, Malaysia, Mexico, Mongolia, Paraguay, Russian Federation, Saudi Arabia, Singapore and Sri Lanka" />
        <step date="0001-01-01" outcome="draftResolutionAdditionalSponsors" by="Albania, Algeria, Antigua and Barbuda, Argentina, Austria, Azerbaijan, Bahrain, Belarus, Belize, Benin, Bolivia (Plurinational State of), Bosnia and Herzegovina, Brunei Darussalam, Bulgaria, Burkina Faso, Cabo Verde, Cameroon, Canada, Central African Republic, Chad, Chile, Colombia, Comoros, Congo, Côte d'Ivoire, Djibouti, Ecuador, Egypt, El Salvador, Eritrea, Ethiopia, Finland, Gabon, Gambia, Ghana, Greece, Guatemala, Guinea, Guinea-Bissau, Guyana, Haiti, Honduras, Hungary, Iraq, Ireland, Italy, Japan, Jordan, Kazakhstan, Kenya, Kiribati, Kuwait, Lao People's Democratic Republic, Latvia, Lebanon, Libya, Lithuania, Luxembourg, Madagascar, Maldives, Malta, Mauritania, Mauritius, Montenegro, Morocco, Mozambique, Namibia, Nepal, Nicaragua, Nigeria, Norway, Pakistan, Palau, Panama, Papua New Guinea, Peru, Philippines, Poland, Portugal, Qatar, Republic of Korea, Saint Lucia, Saint Vincent and the Grenadines, Samoa, Sao Tome and Principe, Senegal, Serbia, Seychelles, Sierra Leone, Solomon Islands, Somalia, Spain, Sudan, Suriname, Syrian Arab Republic, Tajikistan, Thailand, Timor-Leste, Togo, Tunisia, Turkmenistan, Tuvalu, United Arab Emirates, Uruguay, Uzbekistan, Venezuela (Bolivarian Republic of), Viet Nam, Yemen, Zambia and Zimbabwe" />
        <step date="0001-01-01" outcome="recommendedForAdoption" by="" />
        <step date="2019-12-12" outcome="adopted" as="A/74/PV.45" by="" />
      </workflow>
      <analysis source="#un">
        <parliamentary>
          <voting outcome="adoptedWithoutVote">
            <quorum value=""></quorum>
          </voting>
        </parliamentary>
      </analysis>
      <references source="#DGACM">
        <TLCOrganization eId="source" href="/akn/ontology/organization/un/DGACM" showAs="DGACM"></TLCOrganization>
        <TLCConcept eId="dateOfIssuance" href="/akn/ontology/concept/un/dateOfIssuance" showAs="Date of issuance"></TLCConcept>
        <TLCConcept eId="dateOfAdoption" href="/akn/ontology/concept/un/dateOfAdoption" showAs="Date of adoption"></TLCConcept>
        <TLCConcept eId="symbol" href="/akn/ontology/reference/un/symbol" showAs="Symbol"></TLCConcept>
        <TLCRole eId="publisher" href="/akn/ontology/role/un/publisher" showAs="Publisher"></TLCRole>
        <TLCRole eId="issuingBody" href="/akn/role/concept/un/issuingBody" showAs="Issuing body"></TLCRole>
        <TLCRole eId="author" href="/akn/ontology/role/un/author" showAs="Author"></TLCRole>
        <TLCRole eId="editor" href="/akn/ontology/role/un/editor" showAs="Editor"></TLCRole>
        <TLCRole eId="distribution" href="/akn/ontology/concept/un/generalDistribution" showAs="General distribution"></TLCRole>
        <TLCOrganization eId="ga" href="/akn/ontology/organization/un/generalAssembly" showAs="General Assembly"></TLCOrganization>
        <TLCTerm eId="resolutionTitle" href="/akn/ontology/reference/un/resolutionTitle" showAs="Resolution title"></TLCTerm>
        <TLCTerm eId="noMainCommittee" href="#noMainCommittee" showAs="sans renvoi à une grande commission"></TLCTerm>
        <TLCTerm eId="memberState" href="/akn/ontology/organization/un/memberState" showAs="Member State"></TLCTerm>
        <TLCTerm eId="inFavour" href="/akn/ontology/concept/un/voting/inFavour" showAs="In favour"></TLCTerm>
        <TLCTerm eId="against" href="/akn/ontology/concept/un/voting/against" showAs="Against"></TLCTerm>
        <TLCTerm eId="abstaining" href="/akn/ontology/concept/un/voting/abstaining" showAs="Abstaining"></TLCTerm>
      </references>
      <presentation source="#un">
        <akn4un:footerFirstPage>
          <akn4un:footerFirstPageLeft>
            <akn4un:internalCode>
              <docketNumber refersTo="#publicationJobNumber">19-21665 (F)</docketNumber>
              <img alt="bar code" class="barCode" src=""></img>
            </akn4un:internalCode>
          </akn4un:footerFirstPageLeft>
          <akn4un:footerFirstPageRight>
            <img alt="Please recycle" class="image" src="./recylcleLogo.jpg"></img>
            <img alt="embedded QR code" class="qrCode" src=""></img>
          </akn4un:footerFirstPageRight>
        </akn4un:footerFirstPage>
      </presentation>
    </meta>
    <coverPage eId="coverPage_1">
      <p>
        <span refersTo="#publisher" class="upperLeft">
          <docAuthority refersTo="#publisher">Nations Unies</docAuthority>
        </span>
      </p>
      <p class="upperRight">
        <docNumber refersTo="#symbol">A/RES/74/21</docNumber>
      </p>
      <p class="upperLeft">
        <img src="logo-un.jpg"></img>
        <docAuthority refersTo="#issuingBody" class="rightBig">Assemblée générale</docAuthority>
      </p>
      <p>
        <docStatus refersTo="#generalDistribution" class="rightSmall">Distr. générale</docStatus>
      </p>
      <p>
        <docDate date="2019-12-18" class="rightSmall" refersTo="#dateOfIssuance">18 décembre 2019</docDate>
      </p>
      <p>
        <session refersTo="#generalAssembly" value="74" eId="coverPage_1__session_1">Soixante-quatorzième session</session>
      </p>
      <p>
        <inline name="agenda item">Point 15 de l’ordre du jour</inline>
      </p>
      <p>
        <inline name="agenda item name">Culture de paix</inline>
      </p>
      <p>
        <docTitle>Résolution adoptée par l’Assemblée générale le 12 décembre 2019</docTitle>
      </p>
      <p xml:space="preserve">
        <docProponent refersTo="#noMainCommittee">[sans renvoi à une grande commission (<inline name="originating document">A/74/L.23 et A/74/L.23/Add.1</inline>)]</docProponent>
      </p>
    </coverPage>
    <preface>
      <p>
        <docNumber>74/21.</docNumber>
        <docTitle refersTo="#resolutionTitle">Suite donnée à la Déclaration et au Programme d’action en faveur d’une culture de paix</docTitle>
      </p>
    </preface>
    <preamble>
      <formula name="enactingFormula" eId="formula_1">
        <p xml:space="preserve">
          <span class="italic">L’Assemblée générale</span>,</p>
      </formula>
      <container name="Ayant à l’esprit" eId="container_2">
        <p xml:space="preserve">
          <span class="italic">Ayant à l’esprit</span> la Charte des Nations Unies, notamment les buts et les principes qui y sont énoncés, en particulier la volonté résolue de préserver les générations futures du fléau de la guerre,</p>
      </container>
      <container name="Rappelant" eId="container_3">
        <p xml:space="preserve">
          <span class="italic">Rappelant</span> l’acte constitutif de l’Organisation des Nations Unies pour l’éducation, la science et la culture, qui proclame que « les guerres prenant naissance dans l’esprit des hommes, c’est dans l’esprit des hommes que doivent être élevées les défenses de la paix »,</p>
      </container>
      <container name="Consciente" eId="container_4">
        <p xml:space="preserve">
          <span class="italic">Consciente</span> de l’importance de la Déclaration<authorialNote marker="1" placement="bottom" eId="authorialNote_1"><p xml:space="preserve">		Résolution <a href="https://undocs.org/fr/A/RES/53/243">53/243</a> A.</p></authorialNote> et du Programme d’action<authorialNote marker="2" placement="bottom" eId="authorialNote_2"><p xml:space="preserve">		Résolution <a href="https://undocs.org/fr/A/RES/53/243">53/243</a> B.</p></authorialNote> en faveur d’une culture de paix, qu’elle a adoptés le 13 septembre 1999, qui sont le cadre universel dans lequel la communauté internationale, particulièrement le système des Nations Unies, doit promouvoir une culture de paix et de non-violence pour le bien de l’humanité, en particulier celui des générations à venir,</p>
      </container>
      <container name="Rappelant" eId="container_5">
        <p xml:space="preserve">
          <span class="italic">Rappelant</span> ses résolutions sur la question, en particulier la résolution <a href="https://undocs.org/fr/A/RES/52/15">52/15</a> du 20 novembre 1997, dans laquelle elle a proclamé l’an 2000 Année internationale de la culture de la paix, la résolution <a href="https://undocs.org/fr/A/RES/53/25">53/25</a> du 10 novembre 1998, dans laquelle elle a proclamé la période 2001‑2010 Décennie internationale de la promotion d’une culture de la paix et de la non-violence au profit des enfants du monde, et les résolutions <a href="https://undocs.org/fr/A/RES/56/5">56/5</a> du 5 novembre 2001, <a href="https://undocs.org/fr/A/RES/57/6">57/6</a> du 4 novembre 2002, <a href="https://undocs.org/fr/A/RES/58/11">58/11</a> du 10 novembre 2003, <a href="https://undocs.org/fr/A/RES/59/143">59/143</a> du 15 décembre 2004, <a href="https://undocs.org/fr/A/RES/60/3">60/3</a> du 20 octobre 2005, <a href="https://undocs.org/fr/A/RES/61/45">61/45</a> du 4 décembre 2006, <a href="https://undocs.org/fr/A/RES/62/89">62/89</a> du 17 décembre 2007, <a href="https://undocs.org/fr/A/RES/63/113">63/113</a> du 5 décembre 2008, <a href="https://undocs.org/fr/A/RES/64/80">64/80</a> du 7 décembre 2009, <a href="https://undocs.org/fr/A/RES/65/11">65/11</a> du 23 novembre 2010, <a href="https://undocs.org/fr/A/RES/66/116">66/116</a> du 12 décembre 2011, <a href="https://undocs.org/fr/A/RES/67/106">67/106</a> du 17 décembre 2012, <a href="https://undocs.org/fr/A/RES/68/125">68/125</a> du 18 décembre 2013, <a href="https://undocs.org/fr/A/RES/69/139">69/139</a> du 15 décembre 2014, <a href="https://undocs.org/fr/A/RES/70/20">70/20</a> du 3 décembre 2015, <a href="https://undocs.org/fr/A/RES/71/252">71/252</a> du 23 décembre 2016, <a href="https://undocs.org/fr/A/RES/72/137">72/137</a> du 11 décembre 2017 et <a href="https://undocs.org/fr/A/RES/73/126">73/126</a> du 12 décembre 2018, adoptées au titre du point de l’ordre du jour intitulé « Culture de paix »,</p>
      </container>
      <container name="Rappelant également " eId="container_6">
        <p xml:space="preserve">
          <span class="italic">Rappelant également </span>la Déclaration du Millénaire<authorialNote marker="3" placement="bottom" eId="authorialNote_3"><p xml:space="preserve">		Résolution <a href="https://undocs.org/fr/A/RES/55/2">55/2</a>.</p></authorialNote>, qui préconise de promouvoir activement une culture de paix,</p>
      </container>
      <container name="Réaffirmant " eId="container_7">
        <p xml:space="preserve">
          <span class="italic">Réaffirmant </span>sa résolution <a href="https://undocs.org/fr/A/RES/70/1">70/1</a> du 25 septembre 2015, intitulée « Transformer notre monde : le Programme de développement durable à l’horizon 2030 »,</p>
      </container>
      <container name="Rappelant" eId="container_8">
        <p xml:space="preserve">
          <span class="italic">Rappelant</span> sa résolution <a href="https://undocs.org/fr/A/RES/70/262">70/262</a> du 27 avril 2016 sur l’examen du dispositif de consolidation de la paix de l’Organisation des Nations Unies et sa résolution <a href="https://undocs.org/fr/A/RES/72/276">72/276</a> du 26 avril 2018 sur la suite à donner au rapport du Secrétaire général sur la consolidation et la pérennisation de la paix,</p>
      </container>
      <container name="Rappelant également" eId="container_9">
        <p xml:space="preserve">
          <span class="italic">	Rappelant également</span> sa résolution <a href="https://undocs.org/fr/A/RES/72/241">72/241</a> du 20 décembre 2017 sur un monde contre la violence et l’extrémisme violent, sa résolution <a href="https://undocs.org/fr/A/RES/72/284">72/284</a> du 26 juin 2018 sur l’examen de la Stratégie antiterroriste mondiale des Nations Unies, et sa résolution <a href="https://undocs.org/fr/A/RES/70/254">70/254</a> du 12 février 2016 sur le Plan d’action du Secrétaire général pour la prévention de l’extrémisme violent, et notant la création du Bureau de lutte contre le terrorisme de l’Organisation des Nations Unies par sa résolution <a href="https://undocs.org/fr/A/RES/71/291">71/291</a> du 15 juin 2017,</p>
      </container>
      <container name="Prenant note" eId="container_10">
        <p xml:space="preserve">
          <span class="italic">Prenant note</span> du Document final du Sommet mondial de 2005, qu’elle a adopté à sa réunion plénière de haut niveau<authorialNote marker="4" placement="bottom" eId="authorialNote_4"><p xml:space="preserve">		Résolution <a href="https://undocs.org/fr/A/RES/60/1">60/1</a>.</p></authorialNote>,</p>
      </container>
      <container name="Se félicitant" eId="container_11">
        <p xml:space="preserve">
          <span class="italic">Se félicitant</span> que la Journée des droits de l’homme<authorialNote marker="5" placement="bottom" eId="authorialNote_5"><p xml:space="preserve">		Résolution <a href="https://undocs.org/fr/A/RES/423 (V)">423 (V)</a>.</p></authorialNote>, la Journée internationale de commémoration des victimes du crime de génocide, d’affirmation de leur dignité et de prévention de ce crime<authorialNote marker="6" placement="bottom" eId="authorialNote_6"><p xml:space="preserve">		Résolution <a href="https://undocs.org/fr/A/RES/69/323">69/323</a>.</p></authorialNote> et la Journée internationale de la non-violence<authorialNote marker="7" placement="bottom" eId="authorialNote_7"><p xml:space="preserve">		Résolution <a href="https://undocs.org/fr/A/RES/61/271">61/271</a>.</p></authorialNote>, proclamées par l’Organisation des Nations Unies, soient célébrées les 10 décembre, 9 décembre et 2 octobre, respectivement,</p>
      </container>
      <container name="Constatant" eId="container_12">
        <p xml:space="preserve">
          <span class="italic">Constatant</span> que tous les efforts déployés par le système des Nations Unies et l’ensemble de la communauté internationale en faveur de la prévention des conflits, du règlement pacifique des différends, du maintien et de la consolidation de la paix, de la médiation, du désarmement, du développement durable, de la promotion de la dignité humaine et des droits de l’homme, de l’inclusion sociale, de la démocratie, de l’état de droit, de la bonne gouvernance et de l’égalité des sexes, aux niveaux national et international, contribuent grandement à une culture de paix,</p>
      </container>
      <container name="Sachant " eId="container_13">
        <p xml:space="preserve">
          <span class="italic">Sachant </span>qu’il faut prendre en considération la promotion d’une culture de paix dans les activités menées en faveur de la consolidation et de la pérennisation de la paix, et réciproquement,</p>
      </container>
      <container name="Consciente" eId="container_14">
        <p xml:space="preserve">
          <span class="italic">Consciente</span> qu’il importe de respecter et de comprendre la diversité des religions et des cultures dans le monde, de préférer le dialogue et la négociation à l’affrontement et de s’entraider plutôt que de s’opposer,</p>
      </container>
      <container name="Prenant acte" eId="container_15">
        <p xml:space="preserve">
          <span class="italic">Prenant acte</span> du rapport du Secrétaire général<authorialNote marker="8" placement="bottom" eId="authorialNote_8"><p xml:space="preserve"><a href="https://undocs.org/fr/A/74/476">A/74/476</a>.</p></authorialNote>, qui donne une vue d’ensemble des activités menées par les principales entités des Nations Unies dans les domaines de la culture de la paix et du dialogue, de l’entente et de la coopération entre les religions et les cultures au service de la paix depuis l’adoption de ses résolutions <a href="https://undocs.org/fr/A/RES/73/126">73/126</a> et <a href="https://undocs.org/fr/A/RES/73/129">73/129</a> du 12 décembre 2018,</p>
      </container>
      <container name="Rappelant" eId="container_16">
        <p xml:space="preserve">
          <span class="italic">Rappelant</span> que l’Organisation des Nations Unies pour l’éducation, la science et la culture a proclamé le 21 février Journée internationale de la langue maternelle pour protéger, promouvoir et préserver la diversité linguistique et culturelle et le multilinguisme afin d’encourager et de faciliter une culture de paix, l’harmonie sociale, le dialogue des cultures et la compréhension de l’autre,</p>
      </container>
      <container name="Rappelant également" eId="container_17">
        <p xml:space="preserve">
          <span class="italic">Rappelant également</span> que l’Organisation des Nations Unies pour l’éducation, la science et la culture a proclamé le 30 avril Journée internationale du jazz pour développer et renforcer les échanges et l’entente entre les cultures afin de promouvoir la compréhension mutuelle, la tolérance et une culture de paix,</p>
      </container>
      <container name="Se félicitant" eId="container_18">
        <p xml:space="preserve">
          <span class="italic">Se félicitant</span> des efforts déployés par la communauté internationale pour renforcer la compréhension grâce à un dialogue constructif entre les civilisations, en particulier dans le cadre de diverses initiatives mises en œuvre aux niveaux local, national, régional et international,</p>
      </container>
      <container name="Sachant gré" eId="container_19">
        <p xml:space="preserve">
          <span class="italic">Sachant gré</span> à l’Alliance des civilisations de l’Organisation des Nations Unies de continuer à s’efforcer de promouvoir une culture de paix à la faveur de projets concrets axés sur la jeunesse, l’éducation, les médias et les migrations, en collaboration avec les gouvernements, les organisations internationales, les fondations et les groupes de la société civile concernés, ainsi que les médias et le secteur privé,</p>
      </container>
      <container name="Prenant note " eId="container_20">
        <p xml:space="preserve">
          <span class="italic">Prenant note </span>du huitième Forum de l’Alliance des civilisations tenu au Siège de l’Organisation les 19 et 20 novembre 2018 sur le thème « #Commit2Dialogue: partnerships for prevention and sustaining peace » (partenariats pour la prévention des conflits et la pérennisation de la paix),</p>
      </container>
      <container name="Prenant note également" eId="container_21">
        <p xml:space="preserve">
          <span class="italic">Prenant note également</span> de la réunion que le Groupe des amis de l’Alliance des civilisations de l’Organisation des Nations Unies a tenue au Siège de l’Organisation le 27 septembre 2019, au niveau des ministres des affaires étrangères et des dirigeants d’organisations internationales, sur l’importance des travaux de l’Alliance pour le programme de prévention de l’Organisation et les effets de ces travaux sur le terrain,</p>
      </container>
      <container name="Se félicitant " eId="container_22">
        <p xml:space="preserve">
          <span class="italic">Se félicitant </span>du succès du Forum de haut niveau sur la culture de la paix, qu’elle a tenu le 13 septembre 2019 à l’initiative de sa présidence à l’occasion du vingtième anniversaire de l’adoption de la Déclaration et du Programme d’action, durant lequel les États Membres ont mis l’accent sur un vaste partenariat et une collaboration sans exclusive entre eux, les organisations internationales et la société civile dans l’intérêt de l’application de la Déclaration et du Programme d’action, et prenant note avec satisfaction du résumé que la présidence a fait de la réunion sur le thème « La culture de la paix : donner à l’humanité les moyens de se transformer »,</p>
      </container>
      <container name="Notant avec satisfaction" eId="container_23">
        <p xml:space="preserve">
          <span class="italic">	Notant avec satisfaction</span> que la Déclaration et le Programme d’action en faveur d’une culture de paix continuent de trouver leur place dans les trois piliers de l’action de l’Organisation des Nations Unies, qui sont interdépendants et se renforcent mutuellement, face aux défis mondiaux actuels,</p>
      </container>
      <container name="Se félicitant " eId="container_24">
        <p xml:space="preserve">
          <span class="italic">	Se félicitant </span>de la tenue de sa réunion plénière de haut niveau, dite Sommet de la paix Nelson Mandela, organisée par sa présidence le 24 septembre 2018, et de l’adoption de sa déclaration politique<authorialNote marker="9" placement="bottom" eId="authorialNote_9"><p xml:space="preserve">		Résolution <a href="https://undocs.org/fr/A/RES/73/1">73/1</a>.</p></authorialNote>,</p>
      </container>
      <container name="Consciente" eId="container_25">
        <p xml:space="preserve">
          <span class="italic">Consciente</span> du rôle que jouent les femmes, les jeunes, ainsi que les enfants et les personnes âgées dans la promotion d’une culture de paix et, en particulier, de l’importance d’une plus grande participation des femmes à la prévention et au règlement des conflits ainsi qu’aux activités de promotion d’une culture de paix, notamment au lendemain d’un conflit,</p>
      </container>
      <container name="Notant" eId="container_26">
        <p xml:space="preserve">
          <span class="italic">Notant</span> que les jeunes apportent une contribution importante et constructive à l’action menée pour lutter contre le terrorisme et prévenir l’extrémisme violent pouvant conduire au terrorisme, ainsi qu’à la promotion de la paix et de la sécurité,</p>
      </container>
      <container name="Se félicitant" eId="container_27">
        <p xml:space="preserve">
          <span class="italic">Se félicitant</span> que la Conférence générale de l’Organisation des Nations Unies pour l’éducation, la science et la culture ait adopté, à sa trente-sixième session, un programme d’action pour une culture de la paix et de la non-violence, et notant que les objectifs qui y sont énoncés concordent avec ceux de la Déclaration et du Programme d’action en faveur d’une culture de paix, qu’elle a elle-même adoptés,</p>
      </container>
      <container name="Saluant" eId="container_28">
        <p xml:space="preserve">
          <span class="italic">Saluant</span> les activités que mène l’Organisation des Nations Unies pour l’éducation, la science et la culture en faveur d’une culture de paix et de non‑violence et l’accent qu’elle met sur les mesures concrètes aux niveaux mondial, régional et sous-régional, et notant le soutien qu’elle apporte aux États Membres qui le demandent pour promouvoir la culture de la paix au niveau national,</p>
      </container>
      <container name="Prenant note " eId="container_29">
        <p xml:space="preserve">
          <span class="italic">	Prenant note </span>des initiatives lancées par la société civile, en collaboration avec les gouvernements, afin de renforcer les moyens dont elle dispose pour améliorer la sécurité physique des populations vulnérables menacées de violences et promouvoir un règlement pacifique des différends,</p>
      </container>
      <container name="Encourageant" eId="container_30">
        <p xml:space="preserve">
          <span class="italic">Encourageant</span> les organisations de la société civile du monde entier à poursuivre et à multiplier les efforts qu’elles déploient et les activités qu’elles mènent pour promouvoir une culture de paix, comme envisagé dans la Déclaration et le Programme d’action,</p>
      </container>
    </preamble>
    <mainBody>
      <paragraph eId="para_31" class="SingleTxt">
        <num>	1.</num>
        <content eId="para_31__content">
          <p xml:space="preserve">
            <span class="italic">Réaffirme</span> que la mise en œuvre effective du Programme d’action en faveur d’une culture de paix<sup>2</sup> vise à renforcer le mouvement mondial voué à cette mission, à la suite de la célébration de la Décennie internationale de la promotion d’une culture de la paix et de la non-violence au profit des enfants du monde (2001‑2010), et demande à tous les intéressés de se concentrer à nouveau sur cet objectif ;</p>
        </content>
      </paragraph>
      <paragraph eId="para_32" class="SingleTxt">
        <num>	2.</num>
        <content eId="para_32__content">
          <p xml:space="preserve">
            <span class="italic">Se félicite </span>que la promotion d’une culture de paix soit prévue dans le Programme de développement durable à l’horizon 2030<authorialNote marker="10" placement="bottom" eId="authorialNote_10"><p xml:space="preserve">		Résolution <a href="https://undocs.org/fr/A/RES/70/1">70/1</a>.</p></authorialNote> ;</p>
        </content>
      </paragraph>
      <paragraph eId="para_33" class="SingleTxt">
        <num>	3.</num>
        <content eId="para_33__content">
          <p xml:space="preserve">
            <span class="italic">Invite</span> les États Membres à continuer de privilégier et de multiplier les activités visant à promouvoir une culture de paix aux échelons national, régional et international, et à veiller à ce que la paix et la non-violence soient encouragées à tous les niveaux ;</p>
        </content>
      </paragraph>
      <paragraph eId="para_34" class="SingleTxt">
        <num>	4.</num>
        <content eId="para_34__content">
          <p xml:space="preserve">
            <span class="italic">Invite</span> les entités du système des Nations Unies à prendre en compte, dans le cadre de leur mandat, selon qu’il conviendra, les huit domaines d’intervention du Programme d’action dans leurs programmes d’activité, en s’attachant à promouvoir une culture de paix et de non-violence, aux niveaux national, régional et international ;</p>
        </content>
      </paragraph>
      <paragraph eId="para_35" class="SingleTxt">
        <num>	5.</num>
        <content eId="para_35__content">
          <p xml:space="preserve">
            <span class="italic">Félicite</span> l’Organisation des Nations Unies pour l’éducation, la science et la culture d’avoir renforcé l’action qu’elle mène pour mobiliser l’ensemble des parties prenantes en faveur d’une culture de paix, qu’elles appartiennent ou non au système des Nations Unies, et l’invite à poursuivre son travail de communication et d’information, y compris grâce au site Web sur la culture de la paix ;</p>
        </content>
      </paragraph>
      <paragraph eId="para_36" class="SingleTxt">
        <num>	6.</num>
        <content eId="para_36__content">
          <p xml:space="preserve">
            <span class="italic">Se félicite</span> des initiatives et des mesures concrètes prises par les entités compétentes des Nations Unies, dont le Fonds des Nations Unies pour l’enfance, l’Entité des Nations Unies pour l’égalité des sexes et l’autonomisation des femmes (ONU‑Femmes) et l’Université pour la paix, ainsi que des activités qu’elles mènent pour promouvoir plus avant la culture de paix et de non-violence, en particulier l’éducation pour la paix, et des initiatives qui intéressent tel ou tel volet du Programme d’action, et les encourage à poursuivre et à intensifier leurs efforts ;</p>
        </content>
      </paragraph>
      <paragraph eId="para_37" class="SingleTxt">
        <num>	7.</num>
        <content eId="para_37__content">
          <p xml:space="preserve">
            <span class="italic">Souligne</span> que le développement du jeune enfant contribue à la création de sociétés plus pacifiques par la promotion de l’égalité, de la tolérance, du développement humain et du respect des droits de l’homme, et souhaite que des moyens soient mobilisés en faveur de l’éducation préscolaire et, notamment, que des politiques et des pratiques efficaces soient adoptées en ce sens, afin de promouvoir la culture de paix ;</p>
        </content>
      </paragraph>
      <paragraph eId="para_38" class="SingleTxt">
        <num>	8.</num>
        <content eId="para_38__content">
          <p xml:space="preserve">
            <span class="italic">Encourage</span> les États Membres, les entités des Nations Unies, les organisations régionales et sous-régionales et les acteurs intéressés à envisager de créer des dispositifs permettant d’amener les jeunes à devenir des artisans d’une culture de paix, de tolérance et de dialogue interculturel et interreligieux et à faire comprendre, selon qu’il convient, les notions de respect de la dignité humaine, de pluralisme et de diversité, y compris éventuellement au moyen de programmes éducatifs visant à dissuader les jeunes de participer à des actes de terrorisme et à les éloigner de l’extrémisme violent pouvant conduire au terrorisme, de la violence, de la xénophobie et de toutes les formes de discrimination ;</p>
        </content>
      </paragraph>
      <paragraph eId="para_39" class="SingleTxt">
        <num>	9.</num>
        <content eId="para_39__content">
          <p xml:space="preserve">
            <span class="italic">Encourage</span> l’Alliance des civilisations de l’Organisation des Nations Unies à multiplier les activités mettant l’accent sur l’éducation pour la paix et l’éducation à la citoyenneté mondiale afin que les jeunes comprennent mieux les valeurs que sont la paix, la tolérance, la bienveillance, l’ouverture aux autres et le respect mutuel, qui sont essentielles à la promotion de la culture de paix ;</p>
        </content>
      </paragraph>
      <paragraph eId="para_40" class="SingleTxt">
        <num>	10.</num>
        <content eId="para_40__content">
          <p xml:space="preserve">
            <span class="italic">Encourage</span> le dispositif de consolidation de la paix des Nations Unies à continuer de promouvoir les activités de consolidation et de pérennisation de la paix, conformément aux dispositions de sa résolution <a href="https://undocs.org/fr/A/RES/72/276">72/276</a>, et à faire progresser la culture de paix et de non-violence dans toute entreprise de consolidation de la paix menée au lendemain d’un conflit, à l’échelon national ;</p>
        </content>
      </paragraph>
      <paragraph eId="para_41" class="SingleTxt">
        <num>	11.</num>
        <content eId="para_41__content">
          <p xml:space="preserve">
            <span class="italic">Exhorte</span> les autorités compétentes à dispenser aux enfants, dans les écoles, une éducation adaptée à chaque âge qui favorise une culture de paix et de non‑violence en accordant notamment une place à la compréhension de l’autre, au respect, à la tolérance, à la citoyenneté mondiale active et aux droits de l’homme ;</p>
        </content>
      </paragraph>
      <paragraph eId="para_42" class="SingleTxt">
        <num>	12.</num>
        <content eId="para_42__content">
          <p xml:space="preserve">
            <span class="italic">Encourage</span> les médias, en particulier les médias grand public, à participer à la promotion d’une culture de paix et de non-violence, surtout auprès des enfants et des jeunes ;</p>
        </content>
      </paragraph>
      <paragraph eId="para_43" class="SingleTxt">
        <num>	13.</num>
        <content eId="para_43__content">
          <p xml:space="preserve">
            <span class="italic">Rend hommage</span> à la société civile, aux organisations non gouvernementales et aux jeunes pour ce qu’ils font pour promouvoir plus avant la culture de paix et de non-violence, notamment dans le cadre de leur campagne de sensibilisation à la culture de paix et au règlement pacifique des différends ;</p>
        </content>
      </paragraph>
      <paragraph eId="para_44" class="SingleTxt">
        <num>	14.</num>
        <content eId="para_44__content">
          <p xml:space="preserve">
            <span class="italic">Encourage</span> la société civile et les organisations non gouvernementales à redoubler encore d’efforts pour promouvoir la culture de paix, notamment en adoptant leurs propres programmes d’activités pour compléter les initiatives des États Membres, des organismes des Nations Unies et des autres organisations internationales et régionales, dans l’esprit de la Déclaration<sup>1</sup> et du Programme d’action en faveur d’une culture de paix ;</p>
        </content>
      </paragraph>
      <paragraph eId="para_45" class="SingleTxt">
        <num>	15.</num>
        <content eId="para_45__content">
          <p xml:space="preserve">
            <span class="italic">Invite</span> les États Membres, tous les organismes des Nations Unies et les organisations de la société civile à prêter une attention croissante à la célébration chaque année, le 21 septembre, de la Journée internationale de la paix qui, comme elle l’a décidé dans sa résolution <a href="https://undocs.org/fr/A/RES/55/282">55/282</a> du 7 septembre 2001, doit être une journée mondiale de cessez-le-feu et de non-violence, ainsi qu’à celle de la Journée internationale de la non-violence, le 2 octobre, comme elle l’a décidé dans sa résolution <a href="https://undocs.org/fr/A/RES/61/271">61/271</a> du 15 juin 2007 ;</p>
        </content>
      </paragraph>
      <paragraph eId="para_46" class="SingleTxt">
        <num>	16.</num>
        <content eId="para_46__content">
          <p xml:space="preserve">
            <span class="italic">Prie à nouveau</span> sa présidence d’envisager d’organiser un forum de haut niveau, selon qu’il conviendra et dans la limite des ressources disponibles, sur la mise en œuvre du Programme d’action, lequel se tiendrait à l’occasion de l’anniversaire de son adoption, le ou vers le 13 septembre, et demande au Secrétariat de soutenir, sur le plan logistique, l’organisation effective de ce forum de haut niveau, dans la limite des mandats respectifs et des ressources disponibles ;</p>
        </content>
      </paragraph>
      <paragraph eId="para_47" class="SingleTxt">
        <num>	17.</num>
        <content eId="para_47__content">
          <p xml:space="preserve">
            <span class="italic">Se félicite </span>que sa présidence ait organisé à sa soixante-treizième session, le 13 septembre 2019, le Forum de haut niveau sur la culture de paix, à l’occasion du vingtième anniversaire de l’adoption de la Déclaration et du Programme d’action, conformément à sa résolution <a href="https://undocs.org/fr/A/RES/73/126">73/126</a>, consacré à la mise en œuvre de la Déclaration et du Programme d’action, adoptés à l’unanimité il y a vingt ans, qui engagent à prendre des mesures à tous les niveaux – individuel, familial, local, national, régional et mondial ; </p>
        </content>
      </paragraph>
      <paragraph eId="para_48" class="SingleTxt">
        <num>	18.</num>
        <content eId="para_48__content">
          <p xml:space="preserve">
            <span class="italic">Se félicite également</span>, dans ce contexte, que le Forum de haut niveau ait donné aux États Membres, aux organismes des Nations Unies, à la société civile, aux organisations non gouvernementales et à toutes les parties prenantes concernées l’occasion d’échanger des idées et de faire des suggestions sur la manière de bâtir et de promouvoir davantage la culture de la paix au vingt et unième siècle, et reconnaît que le thème du Forum, « La culture de la paix : donner à l’humanité les moyens de se transformer », reflète la valeur durable de la culture de la paix, notamment pour l’application intégrale et effective du Programme de développement durable à l’horizon 2030 ;</p>
        </content>
      </paragraph>
      <paragraph eId="para_49" class="SingleTxt">
        <num>	19.</num>
        <content eId="para_49__content">
          <p xml:space="preserve">
            <span class="italic">Invite</span> le Secrétaire général à réfléchir, en consultation avec les États Membres et en tenant compte des observations communiquées par les organisations de la société civile intéressées, aux mécanismes et stratégies qu’il conviendrait d’adopter, en particulier dans le domaine de l’informatique et des communications, pour mettre en œuvre, dans la limite des ressources disponibles, la Déclaration et le Programme d’action, et à lancer une campagne de communication, grâce à des activités d’information menées par le Département de la communication globale du Secrétariat, pour faire mieux connaître le Programme d’action et ses huit domaines d’intervention, aux fins de leur mise en œuvre ;</p>
        </content>
      </paragraph>
      <paragraph eId="para_50" class="SingleTxt">
        <num>	20.</num>
        <content eId="para_50__content">
          <p xml:space="preserve">
            <span class="italic">Prie</span> le Secrétaire général de lui présenter à sa soixante-quinzième session un rapport établi dans la limite des ressources disponibles sur les mesures prises par les États Membres, en se fondant sur les renseignements qu’ils auront fournis, et sur les mesures prises à l’échelle du système par toutes les entités concernées des Nations Unies aux fins de l’application de la présente résolution ainsi que sur les efforts redoublés déployés par l’Organisation des Nations Unies et les organismes apparentés pour mettre en œuvre le Programme d’action et promouvoir une culture de paix et de non‑violence ;</p>
        </content>
      </paragraph>
      <paragraph eId="para_51" class="SingleTxt">
        <num>	21.</num>
        <content eId="para_51__content">
          <p xml:space="preserve">
            <span class="italic">Décide</span> d’inscrire à l’ordre du jour provisoire de sa soixante‑quinzième session la question intitulée « Culture de paix ».</p>
        </content>
      </paragraph>
    </mainBody>
    <conclusions eId="conclusions">
      <p>
        <inline name="adoptionMeeting" title="45e">45e séance plénière</inline>
        <eol />
        <docDate date="2019-12-12" refersTo="#adoptionDate">12 décembre 2019</docDate>
      </p>
    </conclusions>
  </statement>
</akomaNtoso>