<akomaNtoso xmlns:xsi="http://www.w3.org/2001/XMLSchema-instance" xsi:schemaLocation="http://docs.oasis-open.org/legaldocml/ns/akn/3.0 http://docs.oasis-open.org/legaldocml/akn-core/v1.0/os/part2-specs/schemas/akomantoso30.xsd" xmlns="http://docs.oasis-open.org/legaldocml/ns/akn/3.0" xmlns:html="http://www.w3.org/1999/xhtml" xmlns:akn4un="http://un.org/akn4un">
  <statement name="resolution">
    <meta>
      <identification source="#DGACM">
        <FRBRWork>
          <FRBRthis value="/akn/un/statement/deliberation/unga/2019-12-19/74-213/!main/"></FRBRthis>
          <FRBRuri value="/akn/un/statement/deliberation/unga/2019-12-19/74-213/"></FRBRuri>
          <FRBRdate date="2019-12-19" name="adoption"></FRBRdate>
          <FRBRauthor href="ga" as="author"></FRBRauthor>
          <FRBRcountry value="un"></FRBRcountry>
        </FRBRWork>
        <FRBRExpression>
          <FRBRthis value="/akn/un/statement/deliberation/unga/2019-12-19/74-213/fra@!main/"></FRBRthis>
          <FRBRuri value="/akn/un/statement/deliberation/unga/2019-12-19/74-213/fra@/"></FRBRuri>
          <FRBRdate date="2020-01-24" name="publication"></FRBRdate>
          <FRBRauthor href="ga" as="issuer"></FRBRauthor>
          <FRBRlanguage language="fra"></FRBRlanguage>
        </FRBRExpression>
        <FRBRManifestation>
          <FRBRthis value="/akn/un/statement/deliberation/unga/2019-12-19/74-213/fra@/!main.xml"></FRBRthis>
          <FRBRuri value="/akn/un/statement/deliberation/unga/2019-12-19/74-213/fra@.xml"></FRBRuri>
          <FRBRdate date="2020-08-21" name="markup"></FRBRdate>
          <FRBRauthor href="DGACM" as="editor"></FRBRauthor>
        </FRBRManifestation>
      </identification>
      <classification source="http://metadata.un.org/sdg">
        <keyword value="6" href="http://metadata.un.org/sdg/6" showAs="sdg_6" dictionary="SDGO"></keyword>
        <keyword value="water" href="http://eurovoc.europa.eu/597" showAs="water" dictionary="EuroVoc"></keyword>
        <keyword value="public_hygiene" href="http://eurovoc.europa.eu/3371" showAs="public_hygiene" dictionary="EuroVoc"></keyword>
        <keyword value="use_of_water" href="http://eurovoc.europa.eu/4628" showAs="use_of_water" dictionary="EuroVoc"></keyword>
        <keyword value="water" href="http://metadata.un.org/thesaurus/030500" showAs="water" dictionary="UNBIS Thesaurus"></keyword>
        <keyword value="sanitation" href="http://metadata.un.org/thesaurus/1005701" showAs="sanitation" dictionary="UNBIS Thesaurus"></keyword>
        <keyword value="water_management" href="http://metadata.un.org/thesaurus/1006948" showAs="water_management" dictionary="UNBIS Thesaurus"></keyword>
      </classification>
      <classification source="http://metadata.un.org/sdg">
        <keyword value="14" href="http://metadata.un.org/sdg/14" showAs="sdg_14" dictionary="SDGO"></keyword>
        <keyword value="marine_life" href="http://eurovoc.europa.eu/3149" showAs="marine_life" dictionary="EuroVoc"></keyword>
        <keyword value="marine_environment" href="http://eurovoc.europa.eu/5742" showAs="marine_environment" dictionary="EuroVoc"></keyword>
        <keyword value="ocean" href="http://eurovoc.europa.eu/2107" showAs="ocean" dictionary="EuroVoc"></keyword>
        <keyword value="sea" href="http://eurovoc.europa.eu/1870" showAs="sea" dictionary="EuroVoc"></keyword>
        <keyword value="marine_resources" href="http://metadata.un.org/thesaurus/030800" showAs="marine_resources" dictionary="UNBIS Thesaurus"></keyword>
        <keyword value="marine_resources" href="http://metadata.un.org/thesaurus/1003922" showAs="marine_resources" dictionary="UNBIS Thesaurus"></keyword>
        <keyword value="oceans_and_seas" href="http://metadata.un.org/thesaurus/170600" showAs="oceans_and_seas" dictionary="UNBIS Thesaurus"></keyword>
      </classification>
      <classification source="http://metadata.un.org/sdg">
        <keyword value="16" href="http://metadata.un.org/sdg/16" showAs="sdg_16" dictionary="SDGO"></keyword>
        <keyword value="right_to_justice" href="http://eurovoc.europa.eu/516" showAs="right_to_justice" dictionary="EuroVoc"></keyword>
        <keyword value="sustainable_development" href="http://eurovoc.europa.eu/5585" showAs="sustainable_development" dictionary="EuroVoc"></keyword>
        <keyword value="civil_society" href="http://metadata.un.org/thesaurus/1001012" showAs="civil_society" dictionary="UNBIS Thesaurus"></keyword>
        <keyword value="justice" href="http://metadata.un.org/thesaurus/1003500" showAs="justice" dictionary="UNBIS Thesaurus"></keyword>
        <keyword value="peaceful_coexistence" href="http://metadata.un.org/thesaurus/1004777" showAs="peaceful_coexistence" dictionary="UNBIS Thesaurus"></keyword>
        <keyword value="public_institutions" href="http://metadata.un.org/thesaurus/1005254" showAs="public_institutions" dictionary="UNBIS Thesaurus"></keyword>
        <keyword value="social_justice" href="http://metadata.un.org/thesaurus/1005970" showAs="social_justice" dictionary="UNBIS Thesaurus"></keyword>
        <keyword value="sustainable_development" href="http://metadata.un.org/thesaurus/1006319" showAs="sustainable_development" dictionary="UNBIS Thesaurus"></keyword>
      </classification>
      <classification source="http://metadata.un.org/sdg">
        <keyword value="17" href="http://metadata.un.org/sdg/17" showAs="sdg_17" dictionary="SDGO"></keyword>
        <keyword value="sustainable_development" href="http://eurovoc.europa.eu/5585" showAs="sustainable_development" dictionary="EuroVoc"></keyword>
        <keyword value="partnership" href="http://eurovoc.europa.eu/4199" showAs="partnership" dictionary="EuroVoc"></keyword>
        <keyword value="sustainable_development" href="http://metadata.un.org/thesaurus/1006319" showAs="sustainable_development" dictionary="UNBIS Thesaurus"></keyword>
        <keyword value="partnership" href="http://metadata.un.org/thesaurus/1004748" showAs="partnership" dictionary="UNBIS Thesaurus"></keyword>
      </classification>
      <workflow source="#un">
        <step date="2019-11-19" outcome="draftResolution" as="A/C.2/74/L.40/Rev.1" by="Georgia, Haiti, Lithuania, Mauritius and Timor-Leste" />
        <step date="0001-01-01" outcome="draftResolutionAdditionalSponsors" by="Albania, Austria, Belgium, Bulgaria, Croatia, Cyprus, Czechia, Denmark, Estonia, Finland, France, Germany, Greece, Hungary, Ireland, Italy, Latvia, Luxembourg, Malta, Montenegro, North Macedonia, Poland, Portugal, Republic of Moldova, Romania, San Marino, Senegal, Serbia, Slovakia, Slovenia, Spain, Sweden, the Netherlands, Ukraine, United Kingdom" />
        <step date="0001-01-01" outcome="recommendedForAdoption" as="A/74/381" by="" refersTo="57" />
        <step date="2019-12-19" outcome="adopted" as="A/74/PV.52" by="" />
      </workflow>
      <analysis source="#un">
        <parliamentary>
          <voting outcome="adoptedWithoutVote">
            <quorum value=""></quorum>
          </voting>
        </parliamentary>
      </analysis>
      <references source="#DGACM">
        <TLCOrganization eId="source" href="/akn/ontology/organization/un/DGACM" showAs="DGACM"></TLCOrganization>
        <TLCConcept eId="dateOfIssuance" href="/akn/ontology/concept/un/dateOfIssuance" showAs="Date of issuance"></TLCConcept>
        <TLCConcept eId="dateOfAdoption" href="/akn/ontology/concept/un/dateOfAdoption" showAs="Date of adoption"></TLCConcept>
        <TLCConcept eId="symbol" href="/akn/ontology/reference/un/symbol" showAs="Symbol"></TLCConcept>
        <TLCRole eId="publisher" href="/akn/ontology/role/un/publisher" showAs="Publisher"></TLCRole>
        <TLCRole eId="issuingBody" href="/akn/role/concept/un/issuingBody" showAs="Issuing body"></TLCRole>
        <TLCRole eId="author" href="/akn/ontology/role/un/author" showAs="Author"></TLCRole>
        <TLCRole eId="editor" href="/akn/ontology/role/un/editor" showAs="Editor"></TLCRole>
        <TLCRole eId="distribution" href="/akn/ontology/concept/un/generalDistribution" showAs="General distribution"></TLCRole>
        <TLCOrganization eId="ga" href="/akn/ontology/organization/un/generalAssembly" showAs="General Assembly"></TLCOrganization>
        <TLCTerm eId="resolutionTitle" href="/akn/ontology/reference/un/resolutionTitle" showAs="Resolution title"></TLCTerm>
        <TLCTerm eId="secondCommittee" href="#secondCommittee" showAs="Deuxième Commission"></TLCTerm>
        <TLCTerm eId="memberState" href="/akn/ontology/organization/un/memberState" showAs="Member State"></TLCTerm>
        <TLCTerm eId="inFavour" href="/akn/ontology/concept/un/voting/inFavour" showAs="In favour"></TLCTerm>
        <TLCTerm eId="against" href="/akn/ontology/concept/un/voting/against" showAs="Against"></TLCTerm>
        <TLCTerm eId="abstaining" href="/akn/ontology/concept/un/voting/abstaining" showAs="Abstaining"></TLCTerm>
      </references>
      <presentation source="#un">
        <akn4un:footerFirstPage>
          <akn4un:footerFirstPageLeft>
            <akn4un:internalCode>
              <docketNumber refersTo="#publicationJobNumber">19-22426 (F)</docketNumber>
              <img alt="bar code" class="barCode" src=""></img>
            </akn4un:internalCode>
          </akn4un:footerFirstPageLeft>
          <akn4un:footerFirstPageRight>
            <img alt="Please recycle" class="image" src="./recylcleLogo.jpg"></img>
            <img alt="embedded QR code" class="qrCode" src=""></img>
          </akn4un:footerFirstPageRight>
        </akn4un:footerFirstPage>
      </presentation>
    </meta>
    <coverPage eId="coverPage_1">
      <p>
        <span refersTo="#publisher" class="upperLeft">
          <docAuthority refersTo="#publisher">Nations Unies</docAuthority>
        </span>
      </p>
      <p class="upperRight">
        <docNumber refersTo="#symbol">A/RES/74/213</docNumber>
      </p>
      <p class="upperLeft">
        <img src="logo-un.jpg"></img>
        <docAuthority refersTo="#issuingBody" class="rightBig">Assemblée générale</docAuthority>
      </p>
      <p>
        <docStatus refersTo="#generalDistribution" class="rightSmall">Distr. générale</docStatus>
      </p>
      <p>
        <docDate date="2020-01-24" class="rightSmall" refersTo="#dateOfIssuance">24 janvier 2020</docDate>
      </p>
      <p>
        <session refersTo="#generalAssembly" value="74" eId="coverPage_1__session_1">Soixante-quatorzième session</session>
      </p>
      <p>
        <inline name="agenda item">Point 19 de l’ordre du jour</inline>
      </p>
      <p>
        <inline name="agenda item name">Développement durable</inline>
      </p>
      <p>
        <docTitle>Résolution adoptée par l’Assemblée générale le 19 décembre 2019</docTitle>
      </p>
      <p xml:space="preserve">
        <docProponent refersTo="#secondCommittee">[sur la base du rapport de la Deuxième Commission (<inline name="originating document">A/74/381</inline>)]</docProponent>
      </p>
    </coverPage>
    <preface>
      <p>
        <docNumber>74/213.</docNumber>
        <docTitle refersTo="#resolutionTitle">Mesures de coopération pour évaluer et faire mieux connaître les effets sur l’environnement des déchets provenant de munitions chimiques immergées en mer</docTitle>
      </p>
    </preface>
    <preamble>
      <formula name="enactingFormula" eId="formula_1">
        <p xml:space="preserve">
          <span class="italic">L’Assemblée générale</span>,</p>
      </formula>
      <container name="Rappelant" eId="container_2">
        <p xml:space="preserve">
          <span class="italic">Rappelant</span> ses résolutions <a href="https://undocs.org/fr/A/RES/65/149">65/149</a> du 20 décembre 2010, <a href="https://undocs.org/fr/A/RES/68/208">68/208</a> du 20 décembre 2013 et <a href="https://undocs.org/fr/A/RES/71/220">71/220</a> du 21 décembre 2016,</p>
      </container>
      <container name="Réaffirmant" eId="container_3">
        <p xml:space="preserve">
          <span class="italic">Réaffirmant</span> les dispositions de sa résolution <a href="https://undocs.org/fr/A/RES/70/1">70/1</a> du 25 septembre 2015, intitulée « Transformer notre monde : le Programme de développement durable à l’horizon 2030 », dans laquelle a été adoptée une série complète d’objectifs et de cibles ambitieux, universels, axés sur l’être humain et porteurs de changement, et réaffirmant qu’elle s’engage à œuvrer sans relâche pour que le programme soit appliqué dans son intégralité d’ici à 2030, qu’elle considère que l’élimination de la pauvreté sous toutes ses formes et dans toutes ses dimensions, y compris l’extrême pauvreté, constitue le plus grand défi auquel l’humanité doit faire face et une condition indispensable au développement durable, et qu’elle est attachée à réaliser le développement durable dans ses trois dimensions – économique, sociale et environnementale – d’une manière équilibrée et intégrée,</p>
      </container>
      <container name="Réaffirmant également" eId="container_4">
        <p xml:space="preserve">
          <span class="italic">	Réaffirmant également</span> les dispositions de sa résolution <a href="https://undocs.org/fr/A/RES/69/313">69/313</a> du 27 juillet 2015 sur le Programme d’action d’Addis-Abeba issu de la troisième Conférence internationale sur le financement du développement, qui appuie et complète le Programme de développement durable à l’horizon 2030 dont il fait partie intégrante, qui contribue à replacer dans leur contexte les cibles concernant les moyens de mise en œuvre grâce à l’adoption de politiques et mesures concrètes, et qui réaffirme la volonté politique résolue de faire face aux problèmes de financement et de créer, à tous les niveaux, un environnement propice au développement durable, dans un esprit de partenariat et de solidarité planétaires,</p>
      </container>
      <container name="Rappelant" eId="container_5">
        <p xml:space="preserve">
          <span class="italic">Rappelant</span> les recommandations de la Conférence des Nations Unies sur l’environnement, tenue à Stockholm en juin 1972<authorialNote marker="1" placement="bottom" eId="authorialNote_1"><p xml:space="preserve">		Voir <span class="italic">Rapport de la Conférence des Nations Unies sur l’environnement, Stockholm, 5-16 juin 1972 </span>(<a href="https://undocs.org/fr/A/CONF.48/14/Rev.1">A/CONF.48/14/Rev.1</a>), première partie.</p></authorialNote>,</p>
      </container>
      <container name="Prenant note" eId="container_6">
        <p xml:space="preserve">
          <span class="italic">Prenant note</span> des textes issus de la Conférence des Nations Unies sur l’environnement et le développement, tenue à Rio de Janeiro (Brésil) en juin 1992<authorialNote marker="2" placement="bottom" eId="authorialNote_2"><p xml:space="preserve">		Voir <span class="italic">Rapport de la Conférence des Nations Unies sur l’environnement et le développement, Rio de Janeiro, 3-14 juin 1992</span>, vol. I, <span class="italic">Résolutions adoptées par la Conférence</span> (publication des Nations Unies, numéro de vente : F.93.I.8 et rectificatif), résolution 1.</p></authorialNote>, et du Plan de mise en œuvre du Sommet mondial pour le développement durable (Plan de mise en œuvre de Johannesburg), adopté à Johannesburg (Afrique du Sud) en septembre 2002<authorialNote marker="3" placement="bottom" eId="authorialNote_3"><p xml:space="preserve"><span class="italic">Rapport du Sommet mondial pour le développement durable, Johannesburg (Afrique du Sud), 26 août-4 septembre 2002</span> (publication des Nations Unies, numéro de vente : F.03.II.A.1), chap. I, résolution 2, annexe.</p></authorialNote>, et réaffirmant la teneur du document final intitulé « L’avenir que nous voulons », adopté à l’issue de la Conférence des Nations Unies sur le développement durable, tenue à Rio de Janeiro (Brésil) en juin 2012<authorialNote marker="4" placement="bottom" eId="authorialNote_4"><p xml:space="preserve">		Résolution <a href="https://undocs.org/fr/A/RES/66/288">66/288</a>, annexe.</p></authorialNote>,</p>
      </container>
      <container name="Prenant acte" eId="container_7">
        <p xml:space="preserve">
          <span class="italic">Prenant acte</span> des travaux entrepris au titre de la Convention sur la diversité biologique<authorialNote marker="5" placement="bottom" eId="authorialNote_5"><p xml:space="preserve">		Nations Unies, <span class="italic">Recueil des Traités</span>, vol. 1760, n<sup>o</sup> 30619.</p></authorialNote> et du programme de travail de la Convention visant à réduire la perte de biodiversité marine et côtière, ainsi que des autres accords multilatéraux relatifs à l’environnement et conventions sur la protection des mers régionales visant à lutter contre la pollution marine, et de la contribution qu’ils apportent à la réalisation du Programme de développement durable à l’horizon 2030,</p>
      </container>
      <container name="Rappelant" eId="container_8">
        <p xml:space="preserve">
          <span class="italic">Rappelant</span> la déclaration politique adoptée au forum politique de haut niveau pour le développement durable, qui s’est tenu sous ses auspices les 24 et 25 septembre 2019<authorialNote marker="6" placement="bottom" eId="authorialNote_6"><p xml:space="preserve">		Résolution <a href="https://undocs.org/fr/A/RES/74/4">74/4</a>, annexe.</p></authorialNote>, dans laquelle les États Membres réaffirment qu’ils restent déterminés à protéger durablement la planète et ses ressources naturelles et s’engagent à réduire les risques de catastrophe et à renforcer la résilience,</p>
      </container>
      <container name="Rappelant également" eId="container_9">
        <p xml:space="preserve">
          <span class="italic">	Rappelant également</span> sa résolution <a href="https://undocs.org/fr/A/RES/73/254">73/254</a> du 20 décembre 2018, dans laquelle elle favorise les partenariats mondiaux indispensables à la réalisation des objectifs de développement durable ainsi qu’une démarche fondée sur des principes pour le renforcement de la coopération entre l’Organisation des Nations Unies et tous les partenaires intéressés,</p>
      </container>
      <container name="Rappelant en outre" eId="container_10">
        <p xml:space="preserve">
          <span class="italic">Rappelant en outre</span> l’action menée pour conserver et exploiter de manière durable les océans, les mers et les ressources marines aux fins du développement durable, notamment prévenir et réduire nettement, d’ici à 2025, la pollution marine de tous types<authorialNote marker="7" placement="bottom" eId="authorialNote_7"><p xml:space="preserve">		Voir résolution <a href="https://undocs.org/fr/A/RES/70/1">70/1</a>.</p></authorialNote>,</p>
      </container>
      <container name="Rappelant" eId="container_11">
        <p xml:space="preserve">
          <span class="italic">	Rappelant</span> sa résolution <a href="https://undocs.org/fr/A/RES/71/312">71/312</a> du 6 juillet 2017, intitulée « L’océan, notre avenir : appel à l’action » et envisageant avec intérêt l’édition 2020 de la Conférence des Nations Unies visant à appuyer la réalisation de l’objectif de développement durable n<sup>o</sup> 14 : conserver et exploiter de manière durable les océans, les mers et les ressources marines aux fins du développement durable,</p>
      </container>
      <container name="Rappelant également" eId="container_12">
        <p xml:space="preserve">
          <span class="italic">	Rappelant également</span> sa résolution <a href="https://undocs.org/fr/A/RES/72/73">72/73</a>, du 5 décembre 2017, dans laquelle elle a proclamé la Décennie des Nations Unies pour les sciences océaniques au service du développement durable,</p>
      </container>
      <container name="Réaffirmant" eId="container_13">
        <p xml:space="preserve">
          <span class="italic">Réaffirmant</span> les dispositions de la Convention des Nations Unies sur le droit de la mer<authorialNote marker="8" placement="bottom" eId="authorialNote_8"><p xml:space="preserve">		Nations Unies, <span class="italic">Recueil des Traités</span>, vol. 1834, n<sup>o</sup> 31363.</p></authorialNote>, qui constitue le cadre juridique général dans lequel s’inscrivent les activités intéressant les océans, et soulignant le caractère fondamental de cet instrument, consciente que les problèmes des espaces marins sont étroitement liés et doivent être envisagés comme un tout dans une optique intégrée, interdisciplinaire et intersectorielle,</p>
      </container>
      <container name="Notant " eId="container_14">
        <p xml:space="preserve">
          <span class="italic">	Notant </span>qu’il importe de coopérer sur la question des munitions chimiques immergées en mer en vue de contribuer à l’amélioration du milieu marin en général,</p>
      </container>
      <container name="Rappelant" eId="container_15">
        <p xml:space="preserve">
          <span class="italic">Rappelant</span> les instruments internationaux et régionaux pertinents tels que la Convention sur l’interdiction de la mise au point, de la fabrication, du stockage et de l’emploi des armes chimiques et sur leur destruction<authorialNote marker="9" placement="bottom" eId="authorialNote_9"><p xml:space="preserve">		Ibid., vol. 1975, n<sup>o</sup> 33757.</p></authorialNote>, la Convention sur la prévention de la pollution des mers résultant de l’immersion de déchets<authorialNote marker="10" placement="bottom" eId="authorialNote_10"><p xml:space="preserve">		Ibid., vol. 1046, n<sup>o</sup> 15749.</p></authorialNote>, la Convention sur la protection et la mise en valeur du milieu marin dans la région des Caraïbes<authorialNote marker="11" placement="bottom" eId="authorialNote_11"><p xml:space="preserve">		Ibid., vol. 1506, n<sup>o</sup> 25974.</p></authorialNote>, la Convention pour la protection du milieu marin et du littoral de la Méditerranée<authorialNote marker="12" placement="bottom" eId="authorialNote_12"><p xml:space="preserve">		Ibid., vol. 1102, n<sup>o</sup> 16908.</p></authorialNote>, la Convention relative à la protection du milieu marin et du littoral du Pacifique Sud-Est<authorialNote marker="13" placement="bottom" eId="authorialNote_13"><p xml:space="preserve">		Ibid., vol. 1648, n<sup>o</sup> 28325.</p></authorialNote>, la Convention sur la protection de l’environnement marin dans la région de la mer Baltique<authorialNote marker="14" placement="bottom" eId="authorialNote_14"><p xml:space="preserve">		Ibid., vol. 2099, n<sup>o</sup> 36495.</p></authorialNote> et la Convention pour la protection du milieu marin de l’Atlantique du Nord-Est<authorialNote marker="15" placement="bottom" eId="authorialNote_15"><p xml:space="preserve">		Ibid., vol. 2354, n<sup>o</sup> 42279.</p></authorialNote>,</p>
      </container>
      <container name="Prenant note" eId="container_16">
        <p xml:space="preserve">
          <span class="italic">Prenant note</span> des activités menées sur les plans national, régional et international, y compris la recherche scientifique<authorialNote marker="16" placement="bottom" eId="authorialNote_16"><p xml:space="preserve">		Voir, par exemple, les conclusions du projet de recherche et d’évaluation en mer Baltique intitulé « Chemical Munitions, Search and Assessment (CHEMSEA) » sur les effets sur l’environnement de munitions chimiques immergées en mer, qui contiennent un résumé de tous les résultats obtenus.</p></authorialNote>, la collecte et l’échange de données et la sensibilisation, les rapports sur les découvertes de munitions immergées en mer et les conseils techniques en la matière, notamment dans le cadre de la Convention sur la prévention de la pollution des mers résultant de l’immersion de déchets, de la Convention pour la protection du milieu marin de l’Atlantique du Nord-Est, de la Convention pour la protection du milieu marin et du littoral de la Méditerranée et de la Convention sur la protection de l’environnement marin dans la région de la mer Baltique,</p>
      </container>
      <container name="Soulignant" eId="container_17">
        <p xml:space="preserve">
          <span class="italic">Soulignant</span> que, dans le rapport sur les travaux de la troisième session extraordinaire de la Conférence des États parties chargée d’examiner le fonctionnement de la Convention sur les armes chimiques (troisième Conférence d’examen), adopté à La Haye le 19 avril 2013, les États parties à la Convention sur l’interdiction de la mise au point, de la fabrication, du stockage et de l’emploi des armes chimiques et sur leur destruction ont été invités à encourager les initiatives volontaires de partage de l’information, de sensibilisation et de coopération pour ce qui touche à cette question,</p>
      </container>
      <container name="Notant" eId="container_18">
        <p xml:space="preserve">
          <span class="italic">Notant</span> que les États Membres, les organisations internationales et régionales et la société civile ont entrepris d’examiner et de faire mieux connaître les questions touchant aux déchets provenant de munitions chimiques immergées en mer, notamment dans le cadre de la coopération internationale et d’échanges de données d’expérience et de connaissances pratiques,</p>
      </container>
      <container name="Notant également" eId="container_19">
        <p xml:space="preserve">
          <span class="italic">Notant également</span> que la première Évaluation mondiale intégrée du milieu marin, (première Évaluation mondiale des océans), adoptée en 2015, comprend aussi un chapitre expressément consacré aux déchets, dont elle a tenu compte dans ses résolutions <a href="https://undocs.org/fr/A/RES/70/235">70/235</a> du 23 décembre 2015, <a href="https://undocs.org/fr/A/RES/71/257">71/257</a> du 23 décembre 2016, <a href="https://undocs.org/fr/A/RES/72/73">72/73</a> du 5 décembre 2017 et <a href="https://undocs.org/fr/A/RES/73/124">73/124</a> du 11 décembre 2018,</p>
      </container>
      <container name="Notant" eId="container_20">
        <p xml:space="preserve">
          <span class="italic">Notant</span> les préoccupations que suscitent les effets sur l’environnement que pourraient avoir à long terme les déchets provenant de munitions chimiques immergées en mer, en particulier leurs éventuelles répercussions sur la santé et la sécurité humaines et sur le milieu marin et ses ressources,</p>
      </container>
      <container name="Tenant compte" eId="container_21">
        <p xml:space="preserve">
          <span class="italic">Tenant compte</span> des mandats et des capacités des entités compétentes des Nations Unies en matière de surveillance du milieu marin, de recherche et d’échange d’informations, ainsi que de planification et d’intervention en cas de pollution<authorialNote marker="17" placement="bottom" eId="authorialNote_17"><p xml:space="preserve">		Dont le Programme des Nations Unies pour l’environnement, l’Organisation maritime internationale, la Commission océanographique intergouvernementale et le Secrétariat.</p></authorialNote>,</p>
      </container>
      <container name="Tenant compte également" eId="container_22">
        <p xml:space="preserve">
          <span class="italic">Tenant compte également</span> de l’action de sensibilisation, de partage de l’information et de renforcement des capacités qui est menée à différents niveaux, ainsi que des partenariats et de la coopération sur la question établis entre les organismes régionaux et internationaux compétents, notamment l’Organisation des Nations Unies, l’Organisation maritime internationale, le Programme des Nations Unies pour l’environnement, l’Organisation pour l’interdiction des armes chimiques, l’Organisation des Nations Unies pour l’éducation, la science et la culture, la Commission pour la protection du milieu marin de l’Atlantique du Nord-Est et la Commission pour la protection de l’environnement marin de la mer Baltique, et des conventions sur la protection des mers régionales et d’autres initiatives<authorialNote marker="18" placement="bottom" eId="authorialNote_18"><p xml:space="preserve">		Voir <a href="https://undocs.org/fr/A/74/242">A/74/242</a>.</p></authorialNote>,</p>
      </container>
    </preamble>
    <mainBody>
      <paragraph eId="para_23" class="MercuryDocument">
        <num>	1.</num>
        <content eId="para_23__content">
          <p xml:space="preserve">
            <span class="italic">Prend acte</span> du rapport du Secrétaire général<sup>18</sup>, y compris des vues qui y sont présentées ;</p>
        </content>
      </paragraph>
      <paragraph eId="para_24" class="MercuryDocument">
        <num>	2.</num>
        <content eId="para_24__content">
          <p xml:space="preserve">
            <span class="italic">Estime</span> qu’il importe de faire mieux connaître les effets qu’ont sur l’environnement les déchets provenant de munitions chimiques immergées en mer ;</p>
        </content>
      </paragraph>
      <paragraph eId="para_25" class="MercuryDocument">
        <num>	3.</num>
        <content eId="para_25__content">
          <p xml:space="preserve">
            <span class="italic">Invite</span> les États Membres et les organisations internationales et régionales compétentes à continuer d’étudier la question des déchets provenant de munitions chimiques immergées en mer, à poursuivre leurs activités d’information afin d’évaluer et de faire mieux connaître les effets qu’ont ces déchets sur l’environnement et à coopérer, notamment en renforçant les initiatives déjà prises dans le cadre des conventions sur la protection des mers régionales et d’autres activités menées aux niveaux international, régional et sous-régional, selon que de besoin, dans les domaines de l’évaluation et de la prévention des risques, de la surveillance, de la collecte d’informations et des interventions en cas d’incident ;</p>
        </content>
      </paragraph>
      <paragraph eId="para_26" class="MercuryDocument">
        <num>	4.</num>
        <content eId="para_26__content">
          <p xml:space="preserve">
            <span class="italic">Encourage</span> les échanges, à titre volontaire, de renseignements sur les déchets provenant de munitions chimiques immergées en mer dans le cadre de conférences, de séminaires, d’ateliers, de formations et de publications à l’intention du grand public et des professionnels, afin de réduire les risques dans ce domaine ;</p>
        </content>
      </paragraph>
      <paragraph eId="para_27" class="MercuryDocument">
        <num>	5.</num>
        <content eId="para_27__content">
          <p xml:space="preserve">
            <span class="italic">Encourage également</span> l’établissement de partenariats entre les gouvernements, l’industrie et la société civile à des fins de sensibilisation, de signalement et de surveillance des déchets provenant de munitions chimiques immergées en mer ;</p>
        </content>
      </paragraph>
      <paragraph eId="para_28" class="MercuryDocument">
        <num>	6.</num>
        <content eId="para_28__content">
          <p xml:space="preserve">
            <span class="italic">Invite</span> les États Membres qui sont en mesure de le faire à envisager de fournir une assistance et de mettre à disposition leurs compétences techniques en vue du renforcement des capacités en matière d’évaluation et de prévention des risques, de surveillance, de collecte de données et d’intervention en cas d’incident provoqué par des déchets provenant de munitions chimiques immergées en mer ;</p>
        </content>
      </paragraph>
      <paragraph eId="para_29" class="MercuryDocument">
        <num>	7.</num>
        <content eId="para_29__content">
          <p xml:space="preserve">
            <span class="italic">Encourage</span> les États Membres à échanger des données d’expérience, des bonnes pratiques et des informations concernant les technologies existantes permettant de traiter, conserver ou détruire en toute sécurité les déchets provenant de munitions chimiques immergées en mer ;</p>
        </content>
      </paragraph>
      <paragraph eId="para_30" class="MercuryDocument">
        <num>	8.</num>
        <content eId="para_30__content">
          <p xml:space="preserve">
            <span class="italic">Invite</span> le Secrétaire général à continuer d’analyser toutes les informations disponibles et, le cas échéant, de solliciter en outre les vues des États Membres et des organisations régionales et internationales compétentes sur les mesures de coopération à prendre pour évaluer et faire mieux connaître les effets qu’ont sur l’environnement les déchets provenant de munitions chimiques immergées en mer, notamment afin d’étudier la possibilité de créer une base de données<authorialNote marker="19" placement="bottom" eId="authorialNote_19"><p xml:space="preserve">		Cette base de données pourrait comprendre des informations communiquées à titre volontaire, notamment sur l’emplacement des sites de déversement, la nature et la quantité des déchets déversés et, dans la mesure du possible, l’état actuel de munitions chimiques, les effets sur l’environnement qui ont été signalés, les pratiques exemplaires en matière de prévention des risques et d’intervention en cas d’incident provoqué par des déchets provenant de munitions chimiques immergées en mer ou de découverte accidentelle de ce type de déchets, et les technologies permettant de détruire ces déchets ou d’en atténuer les effets, y compris au moyen de la collecte et de la gestion de données.</p></authorialNote> et d’examiner le cadre institutionnel le plus approprié à cette fin, et de déterminer quels sont les organes intergouvernementaux du système des Nations Unies les mieux à même de poursuivre l’examen et la mise en œuvre, le cas échéant, des mesures de coopération envisagées dans la présente résolution, en faisant fond sur les activités déjà menées sans les répéter inutilement, le but étant d’en assurer l’efficacité et de créer des synergies compte tenu des mandats et des capacités des organisations internationales et régionales compétentes ;</p>
        </content>
      </paragraph>
      <paragraph eId="para_31" class="MercuryDocument">
        <num>	9.</num>
        <content eId="para_31__content">
          <p xml:space="preserve">
            <span class="italic">Prie</span> le Secrétaire général de lui soumettre, à sa soixante-dix-huitième session, un rapport sur la mise en œuvre de la présente résolution, qui sera établi sur la base des réponses des États Membres et des organisations régionales et internationales compétentes ainsi que d’autres informations pertinentes, et décide d’inscrire à l’ordre du jour provisoire de sa soixante-dix-huitième session la question intitulée « Développement durable », à moins qu’il n’en soit décidé autrement.</p>
        </content>
      </paragraph>
    </mainBody>
    <conclusions eId="conclusions">
      <p>
        <inline name="adoptionMeeting" title="52e">52e séance plénière</inline>
        <eol />
        <docDate date="2019-12-19" refersTo="#adoptionDate">19 décembre 2019</docDate>
      </p>
    </conclusions>
  </statement>
</akomaNtoso>