<akomaNtoso xmlns:xsi="http://www.w3.org/2001/XMLSchema-instance" xsi:schemaLocation="http://docs.oasis-open.org/legaldocml/ns/akn/3.0 http://docs.oasis-open.org/legaldocml/akn-core/v1.0/os/part2-specs/schemas/akomantoso30.xsd" xmlns="http://docs.oasis-open.org/legaldocml/ns/akn/3.0" xmlns:html="http://www.w3.org/1999/xhtml" xmlns:akn4un="http://un.org/akn4un">
  <statement name="resolution">
    <meta>
      <identification source="#DGACM">
        <FRBRWork>
          <FRBRthis value="/akn/un/statement/deliberation/unga/2019-12-19/74-212/!main/"></FRBRthis>
          <FRBRuri value="/akn/un/statement/deliberation/unga/2019-12-19/74-212/"></FRBRuri>
          <FRBRdate date="2019-12-19" name="adoption"></FRBRdate>
          <FRBRauthor href="ga" as="author"></FRBRauthor>
          <FRBRcountry value="un"></FRBRcountry>
        </FRBRWork>
        <FRBRExpression>
          <FRBRthis value="/akn/un/statement/deliberation/unga/2019-12-19/74-212/fra@!main/"></FRBRthis>
          <FRBRuri value="/akn/un/statement/deliberation/unga/2019-12-19/74-212/fra@/"></FRBRuri>
          <FRBRdate date="2020-01-22" name="publication"></FRBRdate>
          <FRBRauthor href="ga" as="issuer"></FRBRauthor>
          <FRBRlanguage language="fra"></FRBRlanguage>
        </FRBRExpression>
        <FRBRManifestation>
          <FRBRthis value="/akn/un/statement/deliberation/unga/2019-12-19/74-212/fra@/!main.xml"></FRBRthis>
          <FRBRuri value="/akn/un/statement/deliberation/unga/2019-12-19/74-212/fra@.xml"></FRBRuri>
          <FRBRdate date="2020-08-21" name="markup"></FRBRdate>
          <FRBRauthor href="DGACM" as="editor"></FRBRauthor>
        </FRBRManifestation>
      </identification>
      <classification source="http://metadata.un.org/sdg">
        <keyword value="3" href="http://metadata.un.org/sdg/3" showAs="sdg_3" dictionary="SDGO"></keyword>
        <keyword value="public_health" href="http://eurovoc.europa.eu/3885" showAs="public_health" dictionary="EuroVoc"></keyword>
        <keyword value="health" href="http://metadata.un.org/thesaurus/1002824" showAs="health" dictionary="UNBIS Thesaurus"></keyword>
      </classification>
      <classification source="http://metadata.un.org/sdg">
        <keyword value="9" href="http://metadata.un.org/sdg/9" showAs="sdg_9" dictionary="SDGO"></keyword>
        <keyword value="industrial_infrastructure" href="http://eurovoc.europa.eu/1434" showAs="industrial_infrastructure" dictionary="EuroVoc"></keyword>
        <keyword value="innovation" href="http://eurovoc.europa.eu/1439" showAs="innovation" dictionary="EuroVoc"></keyword>
        <keyword value="industrialization" href="http://metadata.un.org/thesaurus/1003177" showAs="industrialization" dictionary="UNBIS Thesaurus"></keyword>
        <keyword value="innovations" href="http://metadata.un.org/thesaurus/1003223" showAs="innovations" dictionary="UNBIS Thesaurus"></keyword>
      </classification>
      <classification source="http://metadata.un.org/sdg">
        <keyword value="11" href="http://metadata.un.org/sdg/11" showAs="sdg_11" dictionary="SDGO"></keyword>
        <keyword value="urban_area" href="http://eurovoc.europa.eu/4809" showAs="urban_area" dictionary="EuroVoc"></keyword>
        <keyword value="cities" href="http://metadata.un.org/thesaurus/1000995" showAs="cities" dictionary="UNBIS Thesaurus"></keyword>
        <keyword value="human_settlements" href="http://metadata.un.org/thesaurus/1002986" showAs="human_settlements" dictionary="UNBIS Thesaurus"></keyword>
      </classification>
      <classification source="http://metadata.un.org/sdg">
        <keyword value="16" href="http://metadata.un.org/sdg/16" showAs="sdg_16" dictionary="SDGO"></keyword>
        <keyword value="right_to_justice" href="http://eurovoc.europa.eu/516" showAs="right_to_justice" dictionary="EuroVoc"></keyword>
        <keyword value="sustainable_development" href="http://eurovoc.europa.eu/5585" showAs="sustainable_development" dictionary="EuroVoc"></keyword>
        <keyword value="civil_society" href="http://metadata.un.org/thesaurus/1001012" showAs="civil_society" dictionary="UNBIS Thesaurus"></keyword>
        <keyword value="justice" href="http://metadata.un.org/thesaurus/1003500" showAs="justice" dictionary="UNBIS Thesaurus"></keyword>
        <keyword value="peaceful_coexistence" href="http://metadata.un.org/thesaurus/1004777" showAs="peaceful_coexistence" dictionary="UNBIS Thesaurus"></keyword>
        <keyword value="public_institutions" href="http://metadata.un.org/thesaurus/1005254" showAs="public_institutions" dictionary="UNBIS Thesaurus"></keyword>
        <keyword value="social_justice" href="http://metadata.un.org/thesaurus/1005970" showAs="social_justice" dictionary="UNBIS Thesaurus"></keyword>
        <keyword value="sustainable_development" href="http://metadata.un.org/thesaurus/1006319" showAs="sustainable_development" dictionary="UNBIS Thesaurus"></keyword>
      </classification>
      <classification source="http://metadata.un.org/sdg">
        <keyword value="17" href="http://metadata.un.org/sdg/17" showAs="sdg_17" dictionary="SDGO"></keyword>
        <keyword value="sustainable_development" href="http://eurovoc.europa.eu/5585" showAs="sustainable_development" dictionary="EuroVoc"></keyword>
        <keyword value="partnership" href="http://eurovoc.europa.eu/4199" showAs="partnership" dictionary="EuroVoc"></keyword>
        <keyword value="sustainable_development" href="http://metadata.un.org/thesaurus/1006319" showAs="sustainable_development" dictionary="UNBIS Thesaurus"></keyword>
        <keyword value="partnership" href="http://metadata.un.org/thesaurus/1004748" showAs="partnership" dictionary="UNBIS Thesaurus"></keyword>
      </classification>
      <workflow source="#un">
        <step date="2019-11-20" outcome="draftResolution" as="A/C.2/74/L.34/Rev.1" by="Bhutan, Mauritius, Mongolia, Republic of Korea and Turkmenistan" />
        <step date="0001-01-01" outcome="draftResolutionAdditionalSponsors" by="Burkina Faso, Costa Rica, Dominican Republic, Ecuador, El Salvador, Georgia, Guatemala, Israel, Namibia, Paraguay, Republic of Moldova, Sao Tome and Principe, Sierra Leone, Sri Lanka, Thailand, United States, Uzbekistan" />
        <step date="0001-01-01" outcome="recommendedForAdoption" as="A/74/381" by="" refersTo="57" />
        <step date="2019-12-19" outcome="adopted" as="A/74/PV.52" by="" />
      </workflow>
      <analysis source="#un">
        <parliamentary>
          <voting outcome="adoptedWithoutVote">
            <quorum value=""></quorum>
          </voting>
        </parliamentary>
      </analysis>
      <references source="#DGACM">
        <TLCOrganization eId="source" href="/akn/ontology/organization/un/DGACM" showAs="DGACM"></TLCOrganization>
        <TLCConcept eId="dateOfIssuance" href="/akn/ontology/concept/un/dateOfIssuance" showAs="Date of issuance"></TLCConcept>
        <TLCConcept eId="dateOfAdoption" href="/akn/ontology/concept/un/dateOfAdoption" showAs="Date of adoption"></TLCConcept>
        <TLCConcept eId="symbol" href="/akn/ontology/reference/un/symbol" showAs="Symbol"></TLCConcept>
        <TLCRole eId="publisher" href="/akn/ontology/role/un/publisher" showAs="Publisher"></TLCRole>
        <TLCRole eId="issuingBody" href="/akn/role/concept/un/issuingBody" showAs="Issuing body"></TLCRole>
        <TLCRole eId="author" href="/akn/ontology/role/un/author" showAs="Author"></TLCRole>
        <TLCRole eId="editor" href="/akn/ontology/role/un/editor" showAs="Editor"></TLCRole>
        <TLCRole eId="distribution" href="/akn/ontology/concept/un/generalDistribution" showAs="General distribution"></TLCRole>
        <TLCOrganization eId="ga" href="/akn/ontology/organization/un/generalAssembly" showAs="General Assembly"></TLCOrganization>
        <TLCTerm eId="resolutionTitle" href="/akn/ontology/reference/un/resolutionTitle" showAs="Resolution title"></TLCTerm>
        <TLCTerm eId="secondCommittee" href="#secondCommittee" showAs="Deuxième Commission"></TLCTerm>
        <TLCTerm eId="memberState" href="/akn/ontology/organization/un/memberState" showAs="Member State"></TLCTerm>
        <TLCTerm eId="inFavour" href="/akn/ontology/concept/un/voting/inFavour" showAs="In favour"></TLCTerm>
        <TLCTerm eId="against" href="/akn/ontology/concept/un/voting/against" showAs="Against"></TLCTerm>
        <TLCTerm eId="abstaining" href="/akn/ontology/concept/un/voting/abstaining" showAs="Abstaining"></TLCTerm>
      </references>
      <presentation source="#un">
        <akn4un:footerFirstPage>
          <akn4un:footerFirstPageLeft>
            <akn4un:internalCode>
              <docketNumber refersTo="#publicationJobNumber">19-22425 (F)</docketNumber>
              <img alt="bar code" class="barCode" src=""></img>
            </akn4un:internalCode>
          </akn4un:footerFirstPageLeft>
          <akn4un:footerFirstPageRight>
            <img alt="Please recycle" class="image" src="./recylcleLogo.jpg"></img>
            <img alt="embedded QR code" class="qrCode" src=""></img>
          </akn4un:footerFirstPageRight>
        </akn4un:footerFirstPage>
      </presentation>
    </meta>
    <coverPage eId="coverPage_1">
      <p>
        <span refersTo="#publisher" class="upperLeft">
          <docAuthority refersTo="#publisher">Nations Unies</docAuthority>
        </span>
      </p>
      <p class="upperRight">
        <docNumber refersTo="#symbol">A/RES/74/212</docNumber>
      </p>
      <p class="upperLeft">
        <img src="logo-un.jpg"></img>
        <docAuthority refersTo="#issuingBody" class="rightBig">Assemblée générale</docAuthority>
      </p>
      <p>
        <docStatus refersTo="#generalDistribution" class="rightSmall">Distr. générale</docStatus>
      </p>
      <p>
        <docDate date="2020-01-22" class="rightSmall" refersTo="#dateOfIssuance">22 janvier 2020</docDate>
      </p>
      <p>
        <session refersTo="#generalAssembly" value="74" eId="coverPage_1__session_1">Soixante-quatorzième session</session>
      </p>
      <p>
        <inline name="agenda item">Point 19 de l’ordre du jour</inline>
      </p>
      <p>
        <inline name="agenda item name">Développement durable</inline>
      </p>
      <p>
        <docTitle>Résolution adoptée par l’Assemblée générale le 19 décembre 2019</docTitle>
      </p>
      <p xml:space="preserve">
        <docProponent refersTo="#secondCommittee">[sur la base du rapport de la Deuxième Commission (<inline name="originating document">A/74/381</inline>)]</docProponent>
      </p>
    </coverPage>
    <preface>
      <p>
        <docNumber>74/212.</docNumber>
        <docTitle refersTo="#resolutionTitle">Journée internationale de l’air pur pour des ciels bleus</docTitle>
      </p>
    </preface>
    <preamble>
      <formula name="enactingFormula" eId="formula_1">
        <p xml:space="preserve">
          <span class="italic">L’Assemblée générale</span>,</p>
      </formula>
      <container name="Réaffirmant" eId="container_2">
        <p xml:space="preserve">
          <span class="italic">	Réaffirmant</span> les dispositions de sa résolution <a href="https://undocs.org/fr/A/RES/70/1">70/1</a> du 25 septembre 2015, intitulée « Transformer notre monde : le Programme de développement durable à l’horizon 2030 », dans laquelle a été adoptée une série complète d’objectifs et de cibles ambitieux, universels, axés sur l’être humain et porteurs de changement, et réaffirmant qu’elle s’engage à œuvrer sans relâche pour que le programme soit appliqué dans son intégralité d’ici à 2030, qu’elle considère que l’élimination de la pauvreté sous toutes ses formes et dans toutes ses dimensions, y compris l’extrême pauvreté, constitue le plus grand défi auquel l’humanité doit faire face et une condition indispensable au développement durable, et qu’elle est attachée à réaliser le développement durable dans ses trois dimensions – économique, sociale et environnementale – d’une manière équilibrée et intégrée en tirant parti de ce qui a été fait dans le cadre des objectifs du Millénaire pour le développement, dont elle s’efforcera d’achever la réalisation, </p>
      </container>
      <container name="Réaffirmant également" eId="container_3">
        <p xml:space="preserve">
          <span class="italic">Réaffirmant également</span> ses résolutions <a href="https://undocs.org/fr/A/RES/53/199">53/199</a> du 15 décembre 1998 et <a href="https://undocs.org/fr/A/RES/61/185">61/185</a> du 20 décembre 2006 sur la proclamation d’années internationales, et la résolution <a href="https://undocs.org/fr/e/res/1980/67">1980/67</a> du Conseil économique et social du 25 juillet 1980, sur les années internationales et les anniversaires, en particulier les paragraphes 1 à 10 de l’annexe dans lesquels sont énumérés les critères applicables pour la proclamation d’années internationales, ainsi que les paragraphes 13 et 14, dans lesquels il est précisé qu’une année ou une journée internationale ne peut être proclamée sans que les dispositions de base en vue de son organisation et de son financement aient été prises, </p>
      </container>
      <container name="Rappelant" eId="container_4">
        <p xml:space="preserve">
          <span class="italic">Rappelant</span> qu’il est nécessaire de réduire nettement, d’ici à 2030, le nombre de décès et de maladies dus à des substances chimiques dangereuses ainsi qu’à la pollution et à la contamination de l’air, de l’eau et du sol, et de réduire l’impact environnemental négatif des villes par habitant, notamment en accordant une attention particulière, d’ici à 2030, à la qualité de l’air et à la gestion, y compris municipale, des déchets,</p>
      </container>
      <container name="Considérant" eId="container_5">
        <p xml:space="preserve">
          <span class="italic">Considérant</span> l’importance que revêt l’air pur pour la santé et la vie quotidienne de toutes et tous, consciente que la pollution atmosphérique constitue le principal risque environnemental pour la santé humaine et l’une des principales causes évitables de décès et de maladie dans le monde, sachant que la pollution atmosphérique touche de manière disproportionnée les femmes, les enfants et les personnes âgées, et préoccupée également des retombées négatives qu’a la pollution atmosphérique sur les écosystèmes,</p>
      </container>
      <container name="Rappelant" eId="container_6">
        <p xml:space="preserve">
          <span class="italic">Rappelant</span> la résolution 3/8 de l’Assemblée des Nations Unies pour l’environnement, en date du 6 décembre 2017<authorialNote marker="1" placement="bottom" eId="authorialNote_1"><p xml:space="preserve"><a href="https://undocs.org/fr/UNEP/EA.3/Res.8">UNEP/EA.3/Res.8</a>.</p></authorialNote>, la résolution 68.8 de l’Assemblée mondiale de la Santé, en date du 26 mai 2015<authorialNote marker="2" placement="bottom" eId="authorialNote_2"><p xml:space="preserve">		Voir Organisation mondiale de la Santé, document WHA68/2015/REC/1.</p></authorialNote>, et la résolution 75/4 de la Commission économique et sociale pour l’Asie et le Pacifique, en date du 31 mai 2019,</p>
      </container>
      <container name="Soulignant" eId="container_7">
        <p xml:space="preserve">
          <span class="italic">Soulignant</span> qu’il est nécessaire de renforcer la coopération internationale aux niveaux mondial, régional et sous-régional dans différents domaines relatifs à l’amélioration de la qualité de l’air, notamment la collecte et l’exploitation de données, la réalisation d’activités conjointes de recherche-développement et l’échange de pratiques exemplaires,</p>
      </container>
      <container name="Consciente " eId="container_8">
        <p xml:space="preserve">
          <span class="italic">	Consciente </span>qu’il est important et urgent de susciter une prise de conscience à tous les niveaux, et de promouvoir et de faciliter les initiatives visant à améliorer la qualité de l’air, compte tenu de l’importance que l’air pur revêt pour la santé et les moyens de subsistance de la population,</p>
      </container>
      <container name="Saluant" eId="container_9">
        <p xml:space="preserve">
          <span class="italic">Saluant</span> les progrès réalisés en matière de lutte contre la pollution atmosphérique, comme en témoignent divers projets, partenariats, mécanismes et instruments mis en place aux niveaux national, régional et mondial, </p>
      </container>
      <container name="Considérant" eId="container_10">
        <p xml:space="preserve">
          <span class="italic">Considérant</span> qu’améliorer la qualité de l’air peut permettre d’atténuer davantage les changements climatiques et que l’action menée pour atténuer ces changements peut engendrer une amélioration de la qualité de l’air,</p>
      </container>
      <container name="Jugeant encourageant " eId="container_11">
        <p xml:space="preserve">
          <span class="italic">Jugeant encourageant </span>l’intérêt grandissant que la communauté internationale porte à l’air pur et soulignant qu’il est nécessaire de renforcer l’action menée pour améliorer la qualité de l’air, notamment en réduisant la pollution atmosphérique, afin de protéger la santé humaine, </p>
      </container>
    </preamble>
    <mainBody>
      <paragraph eId="para_12" class="MercuryDocument">
        <num>	1.</num>
        <content eId="para_12__content">
          <p xml:space="preserve">
            <span class="italic">Décide</span> de proclamer le 7 septembre Journée internationale de l’air pur pour des ciels bleus, qui sera célébrée à compter de 2020 ;</p>
        </content>
      </paragraph>
      <paragraph eId="para_13" class="MercuryDocument">
        <num>	2.</num>
        <content eId="para_13__content">
          <p xml:space="preserve">
            <span class="italic">Invite</span> tous les États Membres, les organismes des Nations Unies et les organisations internationales et régionales, ainsi que la société civile, y compris les organisations non gouvernementales, les particuliers et les autres parties prenantes, à observer cette Journée internationale comme il se doit et dans le respect des priorités nationales, et à continuer de s’employer à renforcer la coopération internationale pour aider l’ensemble des États Membres à améliorer la qualité de l’air ; </p>
        </content>
      </paragraph>
      <paragraph eId="para_14" class="MercuryDocument">
        <num>	3.</num>
        <content eId="para_14__content">
          <p xml:space="preserve">
            <span class="italic">Invite</span> le Programme des Nations Unies pour l’environnement à concourir à la célébration de la Journée internationale, en collaboration avec les autres organisations concernées, dans le respect des dispositions de l’annexe de la résolution 1980/67 du Conseil économique et social en date du 25 juillet 1980 ; </p>
        </content>
      </paragraph>
      <paragraph eId="para_15" class="MercuryDocument">
        <num>	4.</num>
        <content eId="para_15__content">
          <p xml:space="preserve">
            <span class="italic">Souligne</span> que toutes les activités qui pourraient découler de l’application de la présente résolution devraient être financées au moyen de contributions volontaires ;</p>
        </content>
      </paragraph>
      <paragraph eId="para_16" class="MercuryDocument">
        <num>	5.</num>
        <content eId="para_16__content">
          <p xml:space="preserve">
            <span class="italic">Prie</span> le Secrétaire général de porter la présente résolution à l’attention de tous les États Membres, des organismes des Nations Unies et des organisations intergouvernementales et non gouvernementales concernées, afin que la célébration de cette Journée internationale soit encouragée.</p>
        </content>
      </paragraph>
    </mainBody>
    <conclusions eId="conclusions">
      <p>
        <inline name="adoptionMeeting" title="52e">52e séance plénière</inline>
        <eol />
        <docDate date="2019-12-19" refersTo="#adoptionDate">19 décembre 2019</docDate>
      </p>
    </conclusions>
  </statement>
</akomaNtoso>