<akomaNtoso xmlns:xsi="http://www.w3.org/2001/XMLSchema-instance" xsi:schemaLocation="http://docs.oasis-open.org/legaldocml/ns/akn/3.0 http://docs.oasis-open.org/legaldocml/akn-core/v1.0/os/part2-specs/schemas/akomantoso30.xsd" xmlns="http://docs.oasis-open.org/legaldocml/ns/akn/3.0" xmlns:html="http://www.w3.org/1999/xhtml" xmlns:akn4un="http://un.org/akn4un">
  <statement name="resolution">
    <meta>
      <identification source="#DGACM">
        <FRBRWork>
          <FRBRthis value="/akn/un/statement/deliberation/unga/2019-12-12/74-38/!main/"></FRBRthis>
          <FRBRuri value="/akn/un/statement/deliberation/unga/2019-12-12/74-38/"></FRBRuri>
          <FRBRdate date="2019-12-12" name="adoption"></FRBRdate>
          <FRBRauthor href="ga" as="author"></FRBRauthor>
          <FRBRcountry value="un"></FRBRcountry>
        </FRBRWork>
        <FRBRExpression>
          <FRBRthis value="/akn/un/statement/deliberation/unga/2019-12-12/74-38/fra@!main/"></FRBRthis>
          <FRBRuri value="/akn/un/statement/deliberation/unga/2019-12-12/74-38/fra@/"></FRBRuri>
          <FRBRdate date="2019-12-19" name="publication"></FRBRdate>
          <FRBRauthor href="ga" as="issuer"></FRBRauthor>
          <FRBRlanguage language="fra"></FRBRlanguage>
        </FRBRExpression>
        <FRBRManifestation>
          <FRBRthis value="/akn/un/statement/deliberation/unga/2019-12-12/74-38/fra@/!main.xml"></FRBRthis>
          <FRBRuri value="/akn/un/statement/deliberation/unga/2019-12-12/74-38/fra@.xml"></FRBRuri>
          <FRBRdate date="2020-08-19" name="markup"></FRBRdate>
          <FRBRauthor href="DGACM" as="editor"></FRBRauthor>
        </FRBRManifestation>
      </identification>
      <workflow source="#un">
        <step date="2019-10-21" outcome="draftResolution" as="A/C.1/74/L.7" by="Angola, Pakistan, Peru and Syrian Arab Republic" />
        <step date="0001-01-01" outcome="draftResolutionAdditionalSponsors" by="Bangladesh, Belarus, Ecuador, Mozambique and Ukraine" />
        <step date="0001-01-01" outcome="recommendedForAdoption" as="A/74/368" by="" refersTo="89" />
        <step date="2019-12-12" outcome="adopted" as="A/74/PV.46" by="" />
      </workflow>
      <analysis source="#un">
        <parliamentary>
          <voting outcome="adoptedRecordedVote">
            <count value="185" refersTo="inFavour">
              <akn4un:voters>
                <organization refersTo="memberState">AFGHANISTAN</organization>
                <organization refersTo="memberState">ALBANIA</organization>
                <organization refersTo="memberState">ALGERIA</organization>
                <organization refersTo="memberState">ANDORRA</organization>
                <organization refersTo="memberState">ANGOLA</organization>
                <organization refersTo="memberState">ANTIGUA AND BARBUDA</organization>
                <organization refersTo="memberState">ARGENTINA</organization>
                <organization refersTo="memberState">ARMENIA</organization>
                <organization refersTo="memberState">AUSTRALIA</organization>
                <organization refersTo="memberState">AUSTRIA</organization>
                <organization refersTo="memberState">AZERBAIJAN</organization>
                <organization refersTo="memberState">BAHAMAS</organization>
                <organization refersTo="memberState">BAHRAIN</organization>
                <organization refersTo="memberState">BANGLADESH</organization>
                <organization refersTo="memberState">BARBADOS</organization>
                <organization refersTo="memberState">BELARUS</organization>
                <organization refersTo="memberState">BELGIUM</organization>
                <organization refersTo="memberState">BELIZE</organization>
                <organization refersTo="memberState">BENIN</organization>
                <organization refersTo="memberState">BOLIVIA (PLURINATIONAL STATE OF)</organization>
                <organization refersTo="memberState">BOSNIA AND HERZEGOVINA</organization>
                <organization refersTo="memberState">BOTSWANA</organization>
                <organization refersTo="memberState">BRAZIL</organization>
                <organization refersTo="memberState">BRUNEI DARUSSALAM</organization>
                <organization refersTo="memberState">BULGARIA</organization>
                <organization refersTo="memberState">BURKINA FASO</organization>
                <organization refersTo="memberState">BURUNDI</organization>
                <organization refersTo="memberState">CABO VERDE</organization>
                <organization refersTo="memberState">CAMBODIA</organization>
                <organization refersTo="memberState">CAMEROON</organization>
                <organization refersTo="memberState">CANADA</organization>
                <organization refersTo="memberState">CENTRAL AFRICAN REPUBLIC</organization>
                <organization refersTo="memberState">CHAD</organization>
                <organization refersTo="memberState">CHILE</organization>
                <organization refersTo="memberState">CHINA</organization>
                <organization refersTo="memberState">COLOMBIA</organization>
                <organization refersTo="memberState">COMOROS</organization>
                <organization refersTo="memberState">CONGO</organization>
                <organization refersTo="memberState">COSTA RICA</organization>
                <organization refersTo="memberState">COTE D'IVOIRE</organization>
                <organization refersTo="memberState">CROATIA</organization>
                <organization refersTo="memberState">CUBA</organization>
                <organization refersTo="memberState">CYPRUS</organization>
                <organization refersTo="memberState">CZECHIA</organization>
                <organization refersTo="memberState">DEMOCRATIC PEOPLE'S REPUBLIC OF KOREA</organization>
                <organization refersTo="memberState">DEMOCRATIC REPUBLIC OF THE CONGO</organization>
                <organization refersTo="memberState">DENMARK</organization>
                <organization refersTo="memberState">DJIBOUTI</organization>
                <organization refersTo="memberState">DOMINICAN REPUBLIC</organization>
                <organization refersTo="memberState">ECUADOR</organization>
                <organization refersTo="memberState">EGYPT</organization>
                <organization refersTo="memberState">EL SALVADOR</organization>
                <organization refersTo="memberState">ERITREA</organization>
                <organization refersTo="memberState">ESTONIA</organization>
                <organization refersTo="memberState">ESWATINI</organization>
                <organization refersTo="memberState">ETHIOPIA</organization>
                <organization refersTo="memberState">FIJI</organization>
                <organization refersTo="memberState">FINLAND</organization>
                <organization refersTo="memberState">FRANCE</organization>
                <organization refersTo="memberState">GABON</organization>
                <organization refersTo="memberState">GAMBIA</organization>
                <organization refersTo="memberState">GEORGIA</organization>
                <organization refersTo="memberState">GERMANY</organization>
                <organization refersTo="memberState">GHANA</organization>
                <organization refersTo="memberState">GREECE</organization>
                <organization refersTo="memberState">GRENADA</organization>
                <organization refersTo="memberState">GUATEMALA</organization>
                <organization refersTo="memberState">GUINEA-BISSAU</organization>
                <organization refersTo="memberState">GUYANA</organization>
                <organization refersTo="memberState">HAITI</organization>
                <organization refersTo="memberState">HONDURAS</organization>
                <organization refersTo="memberState">HUNGARY</organization>
                <organization refersTo="memberState">ICELAND</organization>
                <organization refersTo="memberState">INDONESIA</organization>
                <organization refersTo="memberState">IRAN (ISLAMIC REPUBLIC OF)</organization>
                <organization refersTo="memberState">IRAQ</organization>
                <organization refersTo="memberState">IRELAND</organization>
                <organization refersTo="memberState">ISRAEL</organization>
                <organization refersTo="memberState">ITALY</organization>
                <organization refersTo="memberState">JAMAICA</organization>
                <organization refersTo="memberState">JAPAN</organization>
                <organization refersTo="memberState">JORDAN</organization>
                <organization refersTo="memberState">KAZAKHSTAN</organization>
                <organization refersTo="memberState">KENYA</organization>
                <organization refersTo="memberState">KIRIBATI</organization>
                <organization refersTo="memberState">KUWAIT</organization>
                <organization refersTo="memberState">KYRGYZSTAN</organization>
                <organization refersTo="memberState">LAO PEOPLE'S DEMOCRATIC REPUBLIC</organization>
                <organization refersTo="memberState">LATVIA</organization>
                <organization refersTo="memberState">LEBANON</organization>
                <organization refersTo="memberState">LESOTHO</organization>
                <organization refersTo="memberState">LIBERIA</organization>
                <organization refersTo="memberState">LIBYA</organization>
                <organization refersTo="memberState">LIECHTENSTEIN</organization>
                <organization refersTo="memberState">LITHUANIA</organization>
                <organization refersTo="memberState">LUXEMBOURG</organization>
                <organization refersTo="memberState">MADAGASCAR</organization>
                <organization refersTo="memberState">MALAWI</organization>
                <organization refersTo="memberState">MALAYSIA</organization>
                <organization refersTo="memberState">MALDIVES</organization>
                <organization refersTo="memberState">MALI</organization>
                <organization refersTo="memberState">MALTA</organization>
                <organization refersTo="memberState">MARSHALL ISLANDS</organization>
                <organization refersTo="memberState">MAURITANIA</organization>
                <organization refersTo="memberState">MAURITIUS</organization>
                <organization refersTo="memberState">MEXICO</organization>
                <organization refersTo="memberState">MICRONESIA (FEDERATED STATES OF)</organization>
                <organization refersTo="memberState">MONACO</organization>
                <organization refersTo="memberState">MONGOLIA</organization>
                <organization refersTo="memberState">MONTENEGRO</organization>
                <organization refersTo="memberState">MOROCCO</organization>
                <organization refersTo="memberState">MOZAMBIQUE</organization>
                <organization refersTo="memberState">MYANMAR</organization>
                <organization refersTo="memberState">NAMIBIA</organization>
                <organization refersTo="memberState">NAURU</organization>
                <organization refersTo="memberState">NEPAL</organization>
                <organization refersTo="memberState">NETHERLANDS</organization>
                <organization refersTo="memberState">NEW ZEALAND</organization>
                <organization refersTo="memberState">NICARAGUA</organization>
                <organization refersTo="memberState">NIGER</organization>
                <organization refersTo="memberState">NIGERIA</organization>
                <organization refersTo="memberState">NORTH MACEDONIA</organization>
                <organization refersTo="memberState">NORWAY</organization>
                <organization refersTo="memberState">OMAN</organization>
                <organization refersTo="memberState">PAKISTAN</organization>
                <organization refersTo="memberState">PALAU</organization>
                <organization refersTo="memberState">PANAMA</organization>
                <organization refersTo="memberState">PARAGUAY</organization>
                <organization refersTo="memberState">PERU</organization>
                <organization refersTo="memberState">PHILIPPINES</organization>
                <organization refersTo="memberState">POLAND</organization>
                <organization refersTo="memberState">PORTUGAL</organization>
                <organization refersTo="memberState">QATAR</organization>
                <organization refersTo="memberState">REPUBLIC OF KOREA</organization>
                <organization refersTo="memberState">REPUBLIC OF MOLDOVA</organization>
                <organization refersTo="memberState">ROMANIA</organization>
                <organization refersTo="memberState">RWANDA</organization>
                <organization refersTo="memberState">SAINT KITTS AND NEVIS</organization>
                <organization refersTo="memberState">SAINT LUCIA</organization>
                <organization refersTo="memberState">SAINT VINCENT AND THE GRENADINES</organization>
                <organization refersTo="memberState">SAMOA</organization>
                <organization refersTo="memberState">SAN MARINO</organization>
                <organization refersTo="memberState">SAO TOME AND PRINCIPE</organization>
                <organization refersTo="memberState">SAUDI ARABIA</organization>
                <organization refersTo="memberState">SENEGAL</organization>
                <organization refersTo="memberState">SERBIA</organization>
                <organization refersTo="memberState">SEYCHELLES</organization>
                <organization refersTo="memberState">SIERRA LEONE</organization>
                <organization refersTo="memberState">SINGAPORE</organization>
                <organization refersTo="memberState">SLOVAKIA</organization>
                <organization refersTo="memberState">SLOVENIA</organization>
                <organization refersTo="memberState">SOLOMON ISLANDS</organization>
                <organization refersTo="memberState">SOUTH AFRICA</organization>
                <organization refersTo="memberState">SOUTH SUDAN</organization>
                <organization refersTo="memberState">SPAIN</organization>
                <organization refersTo="memberState">SRI LANKA</organization>
                <organization refersTo="memberState">SUDAN</organization>
                <organization refersTo="memberState">SURINAME</organization>
                <organization refersTo="memberState">SWEDEN</organization>
                <organization refersTo="memberState">SWITZERLAND</organization>
                <organization refersTo="memberState">SYRIAN ARAB REPUBLIC</organization>
                <organization refersTo="memberState">TAJIKISTAN</organization>
                <organization refersTo="memberState">THAILAND</organization>
                <organization refersTo="memberState">TIMOR-LESTE</organization>
                <organization refersTo="memberState">TOGO</organization>
                <organization refersTo="memberState">TONGA</organization>
                <organization refersTo="memberState">TRINIDAD AND TOBAGO</organization>
                <organization refersTo="memberState">TUNISIA</organization>
                <organization refersTo="memberState">TURKEY</organization>
                <organization refersTo="memberState">TURKMENISTAN</organization>
                <organization refersTo="memberState">TUVALU</organization>
                <organization refersTo="memberState">UGANDA</organization>
                <organization refersTo="memberState">UKRAINE</organization>
                <organization refersTo="memberState">UNITED ARAB EMIRATES</organization>
                <organization refersTo="memberState">UNITED KINGDOM</organization>
                <organization refersTo="memberState">UNITED REPUBLIC OF TANZANIA</organization>
                <organization refersTo="memberState">UNITED STATES</organization>
                <organization refersTo="memberState">URUGUAY</organization>
                <organization refersTo="memberState">UZBEKISTAN</organization>
                <organization refersTo="memberState">VANUATU</organization>
                <organization refersTo="memberState">VENEZUELA (BOLIVARIAN REPUBLIC OF)</organization>
                <organization refersTo="memberState">VIET NAM</organization>
                <organization refersTo="memberState">YEMEN</organization>
                <organization refersTo="memberState">ZAMBIA</organization>
                <organization refersTo="memberState">ZIMBABWE</organization>
              </akn4un:voters>
            </count>
            <count value="1" refersTo="against">
              <akn4un:voters>
                <organization refersTo="memberState">INDIA</organization>
              </akn4un:voters>
            </count>
            <count value="2" refersTo="abstaining">
              <akn4un:voters>
                <organization refersTo="memberState">BHUTAN</organization>
                <organization refersTo="memberState">RUSSIAN FEDERATION</organization>
              </akn4un:voters>
            </count>
          </voting>
        </parliamentary>
      </analysis>
      <references source="#DGACM">
        <TLCOrganization eId="source" href="/akn/ontology/organization/un/DGACM" showAs="DGACM"></TLCOrganization>
        <TLCConcept eId="dateOfIssuance" href="/akn/ontology/concept/un/dateOfIssuance" showAs="Date of issuance"></TLCConcept>
        <TLCConcept eId="dateOfAdoption" href="/akn/ontology/concept/un/dateOfAdoption" showAs="Date of adoption"></TLCConcept>
        <TLCConcept eId="symbol" href="/akn/ontology/reference/un/symbol" showAs="Symbol"></TLCConcept>
        <TLCRole eId="publisher" href="/akn/ontology/role/un/publisher" showAs="Publisher"></TLCRole>
        <TLCRole eId="issuingBody" href="/akn/role/concept/un/issuingBody" showAs="Issuing body"></TLCRole>
        <TLCRole eId="author" href="/akn/ontology/role/un/author" showAs="Author"></TLCRole>
        <TLCRole eId="editor" href="/akn/ontology/role/un/editor" showAs="Editor"></TLCRole>
        <TLCRole eId="distribution" href="/akn/ontology/concept/un/generalDistribution" showAs="General distribution"></TLCRole>
        <TLCOrganization eId="ga" href="/akn/ontology/organization/un/generalAssembly" showAs="General Assembly"></TLCOrganization>
        <TLCTerm eId="resolutionTitle" href="/akn/ontology/reference/un/resolutionTitle" showAs="Resolution title"></TLCTerm>
        <TLCTerm eId="firstCommittee" href="#firstCommittee" showAs="Première Commission"></TLCTerm>
        <TLCTerm eId="memberState" href="/akn/ontology/organization/un/memberState" showAs="Member State"></TLCTerm>
        <TLCTerm eId="inFavour" href="/akn/ontology/concept/un/voting/inFavour" showAs="In favour"></TLCTerm>
        <TLCTerm eId="against" href="/akn/ontology/concept/un/voting/against" showAs="Against"></TLCTerm>
        <TLCTerm eId="abstaining" href="/akn/ontology/concept/un/voting/abstaining" showAs="Abstaining"></TLCTerm>
      </references>
      <presentation source="#un">
        <akn4un:footerFirstPage>
          <akn4un:footerFirstPageLeft>
            <akn4un:internalCode>
              <docketNumber refersTo="#publicationJobNumber">19-21734 (F)</docketNumber>
              <img alt="bar code" class="barCode" src=""></img>
            </akn4un:internalCode>
          </akn4un:footerFirstPageLeft>
          <akn4un:footerFirstPageRight>
            <img alt="Please recycle" class="image" src="./recylcleLogo.jpg"></img>
            <img alt="embedded QR code" class="qrCode" src=""></img>
          </akn4un:footerFirstPageRight>
        </akn4un:footerFirstPage>
      </presentation>
    </meta>
    <coverPage eId="coverPage_1">
      <p>
        <span refersTo="#publisher" class="upperLeft">
          <docAuthority refersTo="#publisher">Nations Unies</docAuthority>
        </span>
      </p>
      <p class="upperRight">
        <docNumber refersTo="#symbol">A/RES/74/38</docNumber>
      </p>
      <p class="upperLeft">
        <img src="logo-un.jpg"></img>
        <docAuthority refersTo="#issuingBody" class="rightBig">Assemblée générale</docAuthority>
      </p>
      <p>
        <docStatus refersTo="#generalDistribution" class="rightSmall">Distr. générale</docStatus>
      </p>
      <p>
        <docDate date="2019-12-19" class="rightSmall" refersTo="#dateOfIssuance">19 décembre 2019</docDate>
      </p>
      <p>
        <session refersTo="#generalAssembly" value="74" eId="coverPage_1__session_1">Soixante-quatorzième session</session>
      </p>
      <p>
        <inline name="agenda item">Point 98 h) de l’ordre du jour</inline>
      </p>
      <p>
        <inline name="agenda item name">Désarmement général et complet : maîtrise des armes classiques aux niveaux régional et sous-régional</inline>
      </p>
      <p>
        <docTitle>Résolution adoptée par l’Assemblée générale le 12 décembre 2019</docTitle>
      </p>
      <p xml:space="preserve">
        <docProponent refersTo="#firstCommittee">[sur la base du rapport de la Première Commission (<inline name="originating document">A/74/368</inline>)]</docProponent>
      </p>
    </coverPage>
    <preface>
      <p>
        <docNumber>74/38.</docNumber>
        <docTitle refersTo="#resolutionTitle">Maîtrise des armes classiques aux niveaux régional et sous‑régional</docTitle>
      </p>
    </preface>
    <preamble>
      <formula name="enactingFormula" eId="formula_1">
        <p xml:space="preserve">
          <span class="italic">L’Assemblée générale</span>,</p>
      </formula>
      <container name="Rappelant" eId="container_2">
        <p xml:space="preserve">
          <span class="italic">Rappelant</span> ses résolutions <a href="https://undocs.org/fr/A/RES/48/75">48/75</a> J du 16 décembre 1993, <a href="https://undocs.org/fr/A/RES/49/75">49/75</a> O du 15 décembre 1994, <a href="https://undocs.org/fr/A/RES/50/70">50/70</a> L du 12 décembre 1995, <a href="https://undocs.org/fr/A/RES/51/45">51/45</a> Q du 10 décembre 1996, <a href="https://undocs.org/fr/A/RES/52/38">52/38</a> Q du 9 décembre 1997, <a href="https://undocs.org/fr/A/RES/53/77">53/77</a> P du 4 décembre 1998, <a href="https://undocs.org/fr/A/RES/54/54">54/54</a> M du 1<sup>er</sup> décembre 1999, <a href="https://undocs.org/fr/A/RES/55/33">55/33</a> P du 20 novembre 2000, <a href="https://undocs.org/fr/A/RES/56/24">56/24</a> I du 29 novembre 2001, <a href="https://undocs.org/fr/A/RES/57/77">57/77</a> du 22 novembre 2002, <a href="https://undocs.org/fr/A/RES/58/39">58/39</a> du 8 décembre 2003, <a href="https://undocs.org/fr/A/RES/59/88">59/88</a> du 3 décembre 2004, <a href="https://undocs.org/fr/A/RES/60/75">60/75</a> du 8 décembre 2005, <a href="https://undocs.org/fr/A/RES/61/82">61/82</a> du 6 décembre 2006, <a href="https://undocs.org/fr/A/RES/62/44">62/44</a> du 5 décembre 2007, <a href="https://undocs.org/fr/A/RES/63/44">63/44</a> du 2 décembre 2008, <a href="https://undocs.org/fr/A/RES/64/42">64/42</a> du 2 décembre 2009, <a href="https://undocs.org/fr/A/RES/65/46">65/46</a> du 8 décembre 2010, <a href="https://undocs.org/fr/A/RES/66/37">66/37</a> du 2 décembre 2011, <a href="https://undocs.org/fr/A/RES/67/62">67/62</a> du 3 décembre 2012, <a href="https://undocs.org/fr/A/RES/68/56">68/56</a> du 5 décembre 2013, <a href="https://undocs.org/fr/A/RES/69/47">69/47</a> du 2 décembre 2014, <a href="https://undocs.org/fr/A/RES/70/44">70/44</a> du 7 décembre 2015, <a href="https://undocs.org/fr/A/RES/71/41">71/41</a> du 5 décembre 2016, <a href="https://undocs.org/fr/A/RES/72/35">72/35</a> du 4 décembre 2017 et <a href="https://undocs.org/fr/A/RES/73/34">73/34</a> du 5 décembre 2018,</p>
      </container>
      <container name="Consciente" eId="container_3">
        <p xml:space="preserve">
          <span class="italic">Consciente</span> du rôle décisif de la maîtrise des armes classiques dans la promotion de la paix et de la sécurité régionales et internationales,</p>
      </container>
      <container name="&#x9;Consciente également" eId="container_4">
        <p xml:space="preserve">
          <span class="italic">	Consciente également</span> de l’importance qu’il y ait une représentation équitable des femmes dans les débats et les négociations portant sur la maîtrise des armements,</p>
      </container>
      <container name="Convaincue" eId="container_5">
        <p xml:space="preserve">
          <span class="italic">Convaincue</span> que la maîtrise des armes classiques doit être recherchée d’abord aux niveaux régional et sous-régional, puisque c’est surtout entre États d’une même région ou sous-région que naissent la plupart des menaces contre la paix et la sécurité depuis la fin de la guerre froide,</p>
      </container>
      <container name="Consciente" eId="container_6">
        <p xml:space="preserve">
          <span class="italic">Consciente</span> que le maintien de l’équilibre des capacités de défense des États au niveau d’armement le plus bas contribuerait à la paix et à la stabilité et devrait constituer l’un des principaux objectifs de la maîtrise des armes classiques,</p>
      </container>
      <container name="Désireuse" eId="container_7">
          <p xml:space="preserve">
            <span class="italic">Désireuse</span> de promouvoir des accords visant à renforcer la paix et la sécurité régionales en maintenant les armements et les forces militaires au niveau le plus bas possible,</p>
        </container>
      <container name="Prenant note avec un intérêt particulier" eId="container_8">
        <p xml:space="preserve">
          <span class="italic">Prenant note avec un intérêt particulier</span> des initiatives prises à cet égard dans différentes régions du monde, notamment l’ouverture de consultations entre plusieurs pays d’Amérique latine et les propositions faites en Asie du Sud en vue de maîtriser les armes classiques, et considérant la pertinence et l’utilité que revêt pour cette question le Traité sur les forces armées conventionnelles en Europe<authorialNote marker="1" placement="bottom" eId="authorialNote_1"><p xml:space="preserve">		Voir CD/1064.</p></authorialNote>, pierre angulaire de la sécurité de l’Europe,</p>
      </container>
      <container name="Estimant" eId="container_9">
        <p xml:space="preserve">
          <span class="italic">Estimant</span> que c’est tout spécialement aux États militairement importants et à ceux qui sont dotés de vastes capacités militaires qu’il incombe de promouvoir de tels accords axés sur la sécurité régionale,</p>
      </container>
      <container name="Estimant également" eId="container_10">
        <p xml:space="preserve">
          <span class="italic">Estimant également</span> qu’un objectif important de la maîtrise des armes classiques dans les zones de tension devrait être d’empêcher que des attaques militaires puissent être lancées par surprise et de prévenir les agressions,</p>
      </container>
    </preamble>
    <mainBody>
      <paragraph eId="para_11" class="SingleTxt">
        <num>	1.</num>
        <content eId="para_11__content">
          <p xml:space="preserve">
            <span class="italic">Décide</span> d’examiner d’urgence les questions que pose la maîtrise des armes classiques aux niveaux régional et sous-régional ;</p>
        </content>
      </paragraph>
      <paragraph eId="para_12" class="SingleTxt">
        <num>	2.</num>
        <content eId="para_12__content">
          <p xml:space="preserve">
            <span class="italic">Demande</span> à la Conférence du désarmement d’envisager de formuler des principes susceptibles de servir de cadre à des accords régionaux sur la maîtrise des armes classiques, et attend avec intérêt un rapport de la Conférence portant sur ce sujet ;</p>
        </content>
      </paragraph>
      <paragraph eId="para_13" class="SingleTxt">
        <num>	3.</num>
        <content eId="para_13__content">
          <p xml:space="preserve">
            <span class="italic">Prie</span> le Secrétaire général de s’enquérir entre-temps des vues des États Membres sur ce sujet et de lui présenter un rapport à sa soixante-quinzième session ;</p>
        </content>
      </paragraph>
      <paragraph eId="para_14" class="SingleTxt">
        <num>	4.</num>
        <content eId="para_14__content">
          <p xml:space="preserve">
            <span class="italic">Décide</span> d’inscrire à l’ordre du jour provisoire de sa soixante-quinzième session, au titre de la question intitulée « Désarmement général et complet », la question subsidiaire intitulée « Maîtrise des armes classiques aux niveaux régional et sous-régional ».</p>
        </content>
      </paragraph>
    </mainBody>
    <conclusions eId="conclusions">
      <p>
        <inline name="adoptionMeeting" title="46e">46e séance plénière</inline>
        <eol />
        <docDate date="2019-12-12" refersTo="#adoptionDate">12 décembre 2019</docDate>
      </p>
    </conclusions>
  </statement>
</akomaNtoso>