<akomaNtoso xmlns:xsi="http://www.w3.org/2001/XMLSchema-instance" xsi:schemaLocation="http://docs.oasis-open.org/legaldocml/ns/akn/3.0 http://docs.oasis-open.org/legaldocml/akn-core/v1.0/os/part2-specs/schemas/akomantoso30.xsd" xmlns="http://docs.oasis-open.org/legaldocml/ns/akn/3.0" xmlns:html="http://www.w3.org/1999/xhtml" xmlns:akn4un="http://un.org/akn4un">
  <statement name="resolution">
    <meta>
      <identification source="#DGACM">
        <FRBRWork>
          <FRBRthis value="/akn/un/statement/deliberation/unga/2020-09-04/74-304/!main/"></FRBRthis>
          <FRBRuri value="/akn/un/statement/deliberation/unga/2020-09-04/74-304/"></FRBRuri>
          <FRBRdate date="2020-09-04" name="adoption"></FRBRdate>
          <FRBRauthor href="ga" as="author"></FRBRauthor>
          <FRBRcountry value="un"></FRBRcountry>
        </FRBRWork>
        <FRBRExpression>
          <FRBRthis value="/akn/un/statement/deliberation/unga/2020-09-04/74-304/fra@!main/"></FRBRthis>
          <FRBRuri value="/akn/un/statement/deliberation/unga/2020-09-04/74-304/fra@/"></FRBRuri>
          <FRBRdate date="2020-09-09" name="publication"></FRBRdate>
          <FRBRauthor href="ga" as="issuer"></FRBRauthor>
          <FRBRlanguage language="fra"></FRBRlanguage>
        </FRBRExpression>
        <FRBRManifestation>
          <FRBRthis value="/akn/un/statement/deliberation/unga/2020-09-04/74-304/fra@/!main.xml"></FRBRthis>
          <FRBRuri value="/akn/un/statement/deliberation/unga/2020-09-04/74-304/fra@.xml"></FRBRuri>
          <FRBRdate date="2020-10-10" name="markup"></FRBRdate>
          <FRBRauthor href="DGACM" as="editor"></FRBRauthor>
        </FRBRManifestation>
      </identification>
      <classification source="http://metadata.un.org/sdg">
        <keyword value="3" href="http://metadata.un.org/sdg/3" showAs="sdg_3" dictionary="SDGO"></keyword>
        <keyword value="public_health" href="http://eurovoc.europa.eu/3885" showAs="public_health" dictionary="EuroVoc"></keyword>
        <keyword value="health" href="http://metadata.un.org/thesaurus/1002824" showAs="health" dictionary="UNBIS Thesaurus"></keyword>
      </classification>
      <classification source="http://metadata.un.org/sdg">
        <keyword value="5" href="http://metadata.un.org/sdg/5" showAs="sdg_5" dictionary="SDGO"></keyword>
        <keyword value="gender_equality" href="http://eurovoc.europa.eu/3913" showAs="gender_equality" dictionary="EuroVoc"></keyword>
        <keyword value="participation_of_women" href="http://eurovoc.europa.eu/2265" showAs="participation_of_women" dictionary="EuroVoc"></keyword>
        <keyword value="women&amp;#39;s_rights" href="http://eurovoc.europa.eu/585" showAs="women&amp;#39;s_rights" dictionary="EuroVoc"></keyword>
        <keyword value="position_of_women" href="http://eurovoc.europa.eu/81" showAs="position_of_women" dictionary="EuroVoc"></keyword>
        <keyword value="women" href="http://metadata.un.org/thesaurus/1007029" showAs="women" dictionary="UNBIS Thesaurus"></keyword>
        <keyword value="gender_equality" href="http://metadata.un.org/thesaurus/1002612" showAs="gender_equality" dictionary="UNBIS Thesaurus"></keyword>
        <keyword value="girls" href="http://metadata.un.org/thesaurus/1002684" showAs="girls" dictionary="UNBIS Thesaurus"></keyword>
      </classification>
      <classification source="http://metadata.un.org/sdg">
        <keyword value="16" href="http://metadata.un.org/sdg/16" showAs="sdg_16" dictionary="SDGO"></keyword>
        <keyword value="right_to_justice" href="http://eurovoc.europa.eu/516" showAs="right_to_justice" dictionary="EuroVoc"></keyword>
        <keyword value="sustainable_development" href="http://eurovoc.europa.eu/5585" showAs="sustainable_development" dictionary="EuroVoc"></keyword>
        <keyword value="civil_society" href="http://metadata.un.org/thesaurus/1001012" showAs="civil_society" dictionary="UNBIS Thesaurus"></keyword>
        <keyword value="justice" href="http://metadata.un.org/thesaurus/1003500" showAs="justice" dictionary="UNBIS Thesaurus"></keyword>
        <keyword value="peaceful_coexistence" href="http://metadata.un.org/thesaurus/1004777" showAs="peaceful_coexistence" dictionary="UNBIS Thesaurus"></keyword>
        <keyword value="public_institutions" href="http://metadata.un.org/thesaurus/1005254" showAs="public_institutions" dictionary="UNBIS Thesaurus"></keyword>
        <keyword value="social_justice" href="http://metadata.un.org/thesaurus/1005970" showAs="social_justice" dictionary="UNBIS Thesaurus"></keyword>
        <keyword value="sustainable_development" href="http://metadata.un.org/thesaurus/1006319" showAs="sustainable_development" dictionary="UNBIS Thesaurus"></keyword>
      </classification>
      <classification source="http://metadata.un.org/sdg">
        <keyword value="17" href="http://metadata.un.org/sdg/17" showAs="sdg_17" dictionary="SDGO"></keyword>
        <keyword value="sustainable_development" href="http://eurovoc.europa.eu/5585" showAs="sustainable_development" dictionary="EuroVoc"></keyword>
        <keyword value="partnership" href="http://eurovoc.europa.eu/4199" showAs="partnership" dictionary="EuroVoc"></keyword>
        <keyword value="sustainable_development" href="http://metadata.un.org/thesaurus/1006319" showAs="sustainable_development" dictionary="UNBIS Thesaurus"></keyword>
        <keyword value="partnership" href="http://metadata.un.org/thesaurus/1004748" showAs="partnership" dictionary="UNBIS Thesaurus"></keyword>
      </classification>
      <workflow source="#un">
        <step date="2020-08-14" outcome="draftResolution" as="A/74/L.85" by="Armenia, Australia, Austria, Bangladesh, Belgium, Brazil, Canada, Costa Rica, Cyprus, Greece, Malta, Mexico, Namibia, Netherlands, New Zealand, Qatar, Republic of Korea, Russian Federation, Slovakia, Slovenia, Switzerland, Thailand and United Kingdom of Great Britain and Northern Ireland" />
        <step date="0001-01-01" outcome="draftResolutionAdditionalSponsors" by="Andorra, Argentina, Bulgaria, Cameroon, Chad, China, Croatia, Czechia, Denmark, Equatorial Guinea, Eritrea, Estonia, Finland, France, Gabon, Guatemala, Guinea-Bissau, Haiti, Iceland, India, Indonesia, Ireland, Italy, Japan, Kazakhstan, Latvia, Lebanon, Liechtenstein, Lithuania, Luxembourg, Mauritius, Mongolia, Morocco, Norway, Pakistan, Papua New Guinea, Peru, Philippines, Portugal, Romania, Rwanda, San Marino, Sao Tome and Principe, Serbia, Sierra Leone, South Sudan, Spain, Sweden, Syrian Arab Republic, Turkey, Uganda, Uruguay and Viet Nam" />
        <step date="0001-01-01" outcome="recommendedForAdoption" by="" />
        <step date="2020-09-04" outcome="adopted" as="A/74/PV.63" by="" />
      </workflow>
      <analysis source="#un">
        <parliamentary>
          <voting outcome="adoptedWithoutVote">
            <quorum value=""></quorum>
          </voting>
        </parliamentary>
      </analysis>
      <references source="#DGACM">
        <TLCOrganization eId="source" href="/akn/ontology/organization/un/DGACM" showAs="DGACM"></TLCOrganization>
        <TLCConcept eId="dateOfIssuance" href="/akn/ontology/concept/un/dateOfIssuance" showAs="Date of issuance"></TLCConcept>
        <TLCConcept eId="dateOfAdoption" href="/akn/ontology/concept/un/dateOfAdoption" showAs="Date of adoption"></TLCConcept>
        <TLCConcept eId="symbol" href="/akn/ontology/reference/un/symbol" showAs="Symbol"></TLCConcept>
        <TLCRole eId="publisher" href="/akn/ontology/role/un/publisher" showAs="Publisher"></TLCRole>
        <TLCRole eId="issuingBody" href="/akn/role/concept/un/issuingBody" showAs="Issuing body"></TLCRole>
        <TLCRole eId="author" href="/akn/ontology/role/un/author" showAs="Author"></TLCRole>
        <TLCRole eId="editor" href="/akn/ontology/role/un/editor" showAs="Editor"></TLCRole>
        <TLCRole eId="distribution" href="/akn/ontology/concept/un/generalDistribution" showAs="General distribution"></TLCRole>
        <TLCOrganization eId="ga" href="/akn/ontology/organization/un/generalAssembly" showAs="General Assembly"></TLCOrganization>
        <TLCTerm eId="resolutionTitle" href="/akn/ontology/reference/un/resolutionTitle" showAs="Resolution title"></TLCTerm>
        <TLCTerm eId="noMainCommittee" href="#noMainCommittee" showAs="sans renvoi à une grande commission"></TLCTerm>
        <TLCTerm eId="memberState" href="/akn/ontology/organization/un/memberState" showAs="Member State"></TLCTerm>
        <TLCTerm eId="inFavour" href="/akn/ontology/concept/un/voting/inFavour" showAs="In favour"></TLCTerm>
        <TLCTerm eId="against" href="/akn/ontology/concept/un/voting/against" showAs="Against"></TLCTerm>
        <TLCTerm eId="abstaining" href="/akn/ontology/concept/un/voting/abstaining" showAs="Abstaining"></TLCTerm>
      </references>
      <presentation source="#un">
        <akn4un:footerFirstPage>
          <akn4un:footerFirstPageLeft>
            <akn4un:internalCode>
              <docketNumber refersTo="#publicationJobNumber">20-11627 (F)</docketNumber>
              <img alt="bar code" class="barCode" src=""></img>
            </akn4un:internalCode>
          </akn4un:footerFirstPageLeft>
          <akn4un:footerFirstPageRight>
            <img alt="Please recycle" class="image" src="./recylcleLogo.jpg"></img>
            <img alt="embedded QR code" class="qrCode" src=""></img>
          </akn4un:footerFirstPageRight>
        </akn4un:footerFirstPage>
      </presentation>
    </meta>
    <coverPage eId="coverPage_1">
      <p>
        <span refersTo="#publisher" class="upperLeft">
          <docAuthority refersTo="#publisher">Nations Unies</docAuthority>
        </span>
      </p>
      <p class="upperRight">
        <docNumber refersTo="#symbol">A/RES/74/304</docNumber>
      </p>
      <p class="upperLeft">
        <img src="logo-un.jpg"></img>
        <docAuthority refersTo="#issuingBody" class="rightBig">Assemblée générale</docAuthority>
      </p>
      <p>
        <docStatus refersTo="#generalDistribution" class="rightSmall">Distr. générale</docStatus>
      </p>
      <p>
        <docDate date="2020-09-09" class="rightSmall" refersTo="#dateOfIssuance">9 septembre 2020</docDate>
      </p>
      <p>
        <session refersTo="#generalAssembly" value="74" eId="coverPage_1__session_1">Soixante-quatorzième session</session>
      </p>
      <p>
        <inline name="agenda item">Point 125 de l’ordre du jour</inline>
      </p>
      <p>
        <inline name="agenda item name">Interaction entre l’Organisation des Nations Unies, les parlements nationaux et l’Union interparlementaire</inline>
      </p>
      <p>
        <docTitle>Résolution adoptée par l’Assemblée générale le 4 septembre 2020</docTitle>
      </p>
      <p xml:space="preserve">
        <docProponent refersTo="#noMainCommittee">[sans renvoi à une grande commission (<inline name="originating document">A/74/L.85 et A/74/L.85/Add.1</inline>)]</docProponent>
      </p>
    </coverPage>
    <preface>
      <p>
        <docNumber>74/304.</docNumber>
        <docTitle refersTo="#resolutionTitle">Interaction entre l’Organisation des Nations Unies, les parlements nationaux et l’Union interparlementaire</docTitle>
      </p>
    </preface>
    <preamble>
      <formula name="enactingFormula" eId="formula_1">
        <p xml:space="preserve">
          <span class="italic">L’Assemblée générale</span>,</p>
      </formula>
      <container name="Rappelant" eId="container_2">
        <p xml:space="preserve">
          <span class="italic">Rappelant</span> le Document final du Sommet mondial de 2005<authorialNote marker="1" placement="bottom" eId="authorialNote_1"><p xml:space="preserve">		Résolution <a href="https://undocs.org/fr/A/RES/60/1">60/1</a>.</p></authorialNote>, dans lequel les chefs d’État et de gouvernement ont décidé de renforcer encore la coopération entre l’Organisation des Nations Unies et les parlements nationaux, représentés par leur organisation mondiale, l’Union interparlementaire, dans tous les domaines d’activité de l’Organisation,</p>
      </container>
      <container name="Rappelant également" eId="container_3">
        <p xml:space="preserve">
          <span class="italic">Rappelant également</span> sa résolution <a href="https://undocs.org/fr/A/RES/57/32">57/32</a> du 19 novembre 2002, dans laquelle elle a invité l’Union interparlementaire à participer à ses travaux en qualité d’observatrice, ainsi que sa résolution <a href="https://undocs.org/fr/A/RES/72/278">72/278</a> du 22 mai 2018, dans laquelle elle a notamment décidé de renforcer les modalités de la coopération entre les entités des Nations Unies et les parlements du monde entier,</p>
      </container>
      <container name="Tenant compte" eId="container_4">
        <p xml:space="preserve">
          <span class="italic">Tenant compte</span> de l’Accord de coopération entre l’Organisation des Nations Unies et l’Union interparlementaire de 1996<authorialNote marker="2" placement="bottom" eId="authorialNote_2"><p xml:space="preserve"><a href="https://undocs.org/fr/A/51/402">A/51/402</a>, annexe.</p></authorialNote>, sur lequel repose la coopération entre les deux organisations, et prenant note de l’Accord de coopération révisé de 2016, </p>
      </container>
      <container name="Prenant note" eId="container_5">
        <p xml:space="preserve">
          <span class="italic">Prenant note</span> des résolutions adoptées par l’Union interparlementaire ainsi que des nombreuses activités que mène l’Union pour soutenir l’action de l’Organisation des Nations Unies,</p>
      </container>
      <container name="Prenant note également" eId="container_6">
        <p xml:space="preserve">
          <span class="italic">Prenant note également</span> des textes issus des conférences mondiales des présidents de parlement tenues en 2000, 2005, 2010 et 2015, qui attestent la volonté des parlements nationaux et de l’Union interparlementaire de soutenir l’action de l’Organisation des Nations Unies et de continuer à s’efforcer de combler le déficit démocratique qui marque les relations internationales,</p>
      </container>
      <container name="Sachant" eId="container_7">
        <p xml:space="preserve">
          <span class="italic">Sachant</span> que la pandémie de maladie à coronavirus (COVID-19) appelle une réponse mondiale fondée sur l’unité, la solidarité et une coopération multilatérale renouvelée et axée sur l’être humain, et consciente du rôle important que joue le système des Nations Unies et du rôle de premier plan que tient l’Organisation mondiale de la Santé à cet égard, et sachant que les parlements nationaux et l’Union interparlementaire jouent un rôle important dans ce qui est fait pour faire face à la pandémie et s’en relever,</p>
      </container>
      <container name="Se félicitant" eId="container_8">
        <p xml:space="preserve">
          <span class="italic">Se félicitant</span> des auditions parlementaires qui ont lieu chaque année à l’Organisation des Nations Unies, ainsi que des autres réunions parlementaires spécialisées que l’Union interparlementaire organise avec l’Organisation en marge des grandes conférences et réunions des Nations Unies,</p>
      </container>
      <container name="Saluant" eId="container_9">
        <p xml:space="preserve">
          <span class="italic">Saluant</span> l’action que mène l’Union interparlementaire pour mobiliser les parlements en faveur de la mise en œuvre du Programme de développement durable à l’horizon 2030<authorialNote marker="3" placement="bottom" eId="authorialNote_3"><p xml:space="preserve">		Résolution <a href="https://undocs.org/fr/A/RES/70/1">70/1</a>.</p></authorialNote>, du Programme d’action d’Addis-Abeba<authorialNote marker="4" placement="bottom" eId="authorialNote_4"><p xml:space="preserve">		Résolution <a href="https://undocs.org/fr/A/RES/69/313">69/313</a>, annexe.</p></authorialNote>, du Cadre de Sendai pour la réduction des risques de catastrophe (2015-2030)<authorialNote marker="5" placement="bottom" eId="authorialNote_5"><p xml:space="preserve">		Résolution <a href="https://undocs.org/fr/A/RES/69/283">69/283</a>, annexe II.</p></authorialNote>, de l’Accord de Paris adopté en vertu de la Convention-cadre des Nations Unies sur les changements climatiques<authorialNote marker="6" placement="bottom" eId="authorialNote_6"><p xml:space="preserve">		Voir <a href="https://undocs.org/fr/FCCC/CP/2015/10/Add.1">FCCC/CP/2015/10/Add.1</a>, décision 1/CP.21, annexe.</p></authorialNote> et de la Déclaration et du Programme d’action de Beijing<authorialNote marker="7" placement="bottom" eId="authorialNote_7"><p xml:space="preserve"><span class="italic">Rapport de la quatrième Conférence mondiale sur les femmes, Beijing, 4-15 septembre 1995</span> (publication des Nations Unies, numéro de vente : F.96.IV.13), chap. I, résolution 1, annexes I et II.</p></authorialNote>,</p>
      </container>
      <container name="Consciente" eId="container_10">
        <p xml:space="preserve">
          <span class="italic">Consciente</span> du rôle de plus en plus important que joue la Commission permanente des affaires des Nations Unies de l’Union interparlementaire en favorisant les échanges réguliers entre parlementaires et fonctionnaires de l’Organisation des Nations Unies, notamment en ce qui concerne le Programme de développement durable à l’horizon 2030, en examinant l’état d’avancement de la mise en œuvre des engagements internationaux, en facilitant le resserrement des liens entre les équipes de pays des Nations Unies et les parlements nationaux et en aidant à l’élaboration d’une contribution parlementaire aux grandes initiatives de l’Organisation,</p>
      </container>
      <container name="Consciente également" eId="container_11">
        <p xml:space="preserve">
          <span class="italic">Consciente également</span> des travaux que mène l’Union parlementaire dans les domaines de la démocratie et de l’état de droit, des droits humains, de l’égalité des genres, de l’autonomisation de toutes les femmes et de toutes les filles et de l’élimination de la violence à l’égard des femmes et des filles, de l’autonomisation des jeunes, de la paix et de la sécurité, du désarmement, de la non-prolifération, de l’aide humanitaire, du développement durable, de l’élimination de la pauvreté, de la sécurité alimentaire et de la nutrition, des changements climatiques, de la santé et du dialogue interconfessionnel et interethnique, et de la lutte contre le terrorisme et de la prévention de l’extrémisme violent pouvant conduire au terrorisme,</p>
      </container>
      <container name="Profondément préoccupée" eId="container_12">
        <p xml:space="preserve">
          <span class="italic">Profondément préoccupée</span> par tous les actes de violence sexuelle et de violence fondée sur le genre, y compris le harcèlement sexuel, commis dans la vie politique et dans la vie publique, ainsi que dans les parlements et à des fonctions de direction, et saluant le travail que fait l’Union interparlementaire pour lutter contre cette violence,</p>
      </container>
      <container name="Soulignant" eId="container_13">
        <p xml:space="preserve">
          <span class="italic">Soulignant</span> l’importance d’une participation pleine, égale et effective des femmes dans les parlements, y compris dans l’exercice de fonctions de direction, et l’importance pour les parlements de prendre en compte les questions de genre dans leurs travaux,</p>
      </container>
      <container name="Considérant et affirmant" eId="container_14">
        <p xml:space="preserve">
          <span class="italic">Considérant et affirmant</span> que la communauté internationale doit donner la priorité à la lutte mondiale contre le racisme, la discrimination raciale, la xénophobie et l’intolérance qui y est associée, et contre toutes les formes et manifestations contemporaines odieuses qu’ils revêtent, et notant le lancement, en juin 2019, de la Stratégie et du Plan d’action des Nations Unies pour la lutte contre les discours de haine,</p>
      </container>
      <container name="Considérant" eId="container_15">
        <p xml:space="preserve">
          <span class="italic">Considérant</span> que le soixante-quinzième anniversaire de l’Organisation des Nations Unies est l’occasion de réaffirmer son attachement collectif aux buts et principes énoncés dans la Charte des Nations Unies et de revigorer le multilatéralisme, et saluant le rôle et la contribution des parlements nationaux et ce que font les organisations régionales et l’Union interparlementaire pour promouvoir et renforcer le multilatéralisme,</p>
      </container>
      <container name="Rappelant" eId="container_16">
        <p xml:space="preserve">
          <span class="italic">Rappelant</span> qu’en 2020, la communauté internationale célèbre le soixante-quinzième anniversaire de la fin de la Seconde Guerre mondiale et soulignant à cet égard le rôle que jouent les parlements en soutenant les efforts qui visent à atténuer et à régler les conflits,</p>
      </container>
      <container name="Considérant" eId="container_17">
        <p xml:space="preserve">
          <span class="italic">Considérant</span> que l’évolution de la technique apporte de nouveaux outils puissants qui peuvent contribuer à concrétiser la vision exprimée dans le Programme de développement durable à l’horizon 2030 et que la généralisation des technologies numériques et l’interconnexion mondiale offrent un grand potentiel pour accélérer le développement humain et réduire la fracture numérique, et sachant que les parlements nationaux, entre autres, jouent un rôle important en s’intéressant à l’impact de l’évolution technologique rapide, aux possibilités qu’elle ouvre et aux difficultés qu’elle entraîne,</p>
      </container>
      <container name="Prenant note" eId="container_18">
        <p xml:space="preserve">
          <span class="italic">Prenant note</span> de l’action que les organismes et programmes des Nations Unies, dont le Groupe des Nations Unies pour le développement durable, mènent à la demande des États Membres en vue d’appuyer les parlements nationaux partout dans le monde,</p>
      </container>
      <container name="Sachant" eId="container_19">
        <p xml:space="preserve">
          <span class="italic">Sachant</span> que les parlements nationaux ont un rôle et une responsabilité à exercer en ce qui concerne les plans et stratégies nationaux et le renforcement de la transparence et de l’application du principe de responsabilité aux échelons national et mondial,</p>
      </container>
    </preamble>
    <mainBody>
      <paragraph eId="para_20" class="SingleTxt">
        <num>	1.</num>
        <content eId="para_20__content">
          <p xml:space="preserve">
            <span class="italic">Se félicite</span> de l’action menée par l’Union interparlementaire pour s’engager plus systématiquement aux côtés de l’Organisation des Nations Unies et encourage les deux organisations à resserrer la coopération au service de leurs objectifs communs ;</p>
        </content>
      </paragraph>
      <paragraph eId="para_21" class="SingleTxt">
        <num>	2.</num>
        <content eId="para_21__content">
          <p xml:space="preserve">
            <span class="italic">Encourage</span> l’Organisation des Nations Unies et l’Union interparlementaire à continuer de collaborer étroitement dans différents domaines, en particulier dans les trois dimensions du développement durable – économique, sociale et environnementale, la consolidation et la pérennisation de la paix, la lutte contre le terrorisme et la prévention de l’extrémisme violent pouvant conduire au terrorisme, le droit international, les droits humains et les libertés fondamentales, la lutte contre le racisme, la discrimination raciale, la xénophobie et l’intolérance qui y est associée, la promotion de l’égalité des genres et l’autonomisation de toutes les femmes et de toutes les filles, l’autonomisation des jeunes, la démocratie et la bonne gouvernance, l’élimination de la pauvreté, les technologies numériques, la santé, les migrations internationales, les changements climatiques, la biodiversité, la réduction des risques de catastrophe, le renforcement des capacités et le financement du développement ;</p>
        </content>
      </paragraph>
      <paragraph eId="para_22" class="SingleTxt">
        <num>	3.</num>
        <content eId="para_22__content">
          <p xml:space="preserve">
            <span class="italic">Encourage également</span> l’Organisation des Nations Unies et l’Union interparlementaire à renforcer leur coopération en associant les parlementaires aux efforts déployés pour continuer de soutenir l’application des accords et des résolutions de l’Organisation ;</p>
        </content>
      </paragraph>
      <paragraph eId="para_23" class="SingleTxt">
        <num>	4.</num>
        <content eId="para_23__content">
          <p xml:space="preserve">
            <span class="italic">Encourage</span> l’Union interparlementaire à continuer de s’employer activement à renforcer la contribution que les parlements apportent, aux niveaux national, régional et mondial, notamment dans le cadre de partenariats multipartites, à la poursuite et à la réalisation accélérées des objectifs de développement durable d’ici à 2030 ;</p>
        </content>
      </paragraph>
      <paragraph eId="para_24" class="SingleTxt">
        <num>	5.</num>
        <content eId="para_24__content">
          <p xml:space="preserve">
            <span class="italic">Demande</span> aux États Membres, notamment à leurs parlements nationaux, agissant avec le soutien de l’Organisation des Nations Unies et de l’Union interparlementaire, quand ils en font la demande, et aux autres parties prenantes de se coordonner, selon qu’il convient, de sorte que leur réponse à la pandémie de COVID‑19 soit axée sur l’être humain et donne accès, sans discrimination d’aucune sorte, à des médicaments essentiels, à des vaccins, à des moyens de dépistage et de diagnostic, à des équipements de protection individuelle et à du matériel médical, qui soient sûrs, efficaces et de qualité et d’un coût abordable et qui pourraient être nécessaires pour lutter efficacement contre la COVID-19 ;</p>
        </content>
      </paragraph>
      <paragraph eId="para_25" class="SingleTxt">
        <num>	6.</num>
        <content eId="para_25__content">
          <p xml:space="preserve">
            <span class="italic">Salue</span> les efforts que fait l’Union interparlementaire pour promouvoir la couverture sanitaire universelle et faire face aux situations d’urgence sanitaire publique, telles que la pandémie de COVID-19, et invite l’Organisation mondiale de la Santé, qui est l’institution spécialisée des Nations Unies pour la santé, et les autres institutions, fonds et programmes compétents des Nations Unies à renforcer leur coopération avec l’Union interparlementaire à cet égard ;</p>
        </content>
      </paragraph>
      <paragraph eId="para_26" class="SingleTxt">
        <num>	7.</num>
        <content eId="para_26__content">
          <p xml:space="preserve">
            <span class="italic">Note</span> que des préparatifs sont en cours pour la cinquième Conférence mondiale des présidents de parlement, organisée par l’Union interparlementaire en étroite coopération avec l’Organisation des Nations Unies et intitulée « Les parlements mobilisés en faveur d’un multilatéralisme plus efficace au service de la paix et du développement durable pour les peuples et la planète », qui apportera sa contribution à la réunion de haut niveau de l’Assemblée générale devant se tenir à l’occasion du soixante-quinzième anniversaire de l’Organisation, en septembre 2020 ;</p>
        </content>
      </paragraph>
      <paragraph eId="para_27" class="SingleTxt">
        <num>	8.</num>
        <content eId="para_27__content">
          <p xml:space="preserve">
            <span class="italic">Se félicite</span> de la pratique qui consiste, lorsque les circonstances s’y prêtent, à intégrer des parlementaires dans la composition des délégations nationales aux grandes conférences et réunions des Nations Unies et invite les États Membres à procéder ainsi de façon plus régulière et plus systématique ;</p>
        </content>
      </paragraph>
      <paragraph eId="para_28" class="SingleTxt">
        <num>	9.</num>
        <content eId="para_28__content">
          <p xml:space="preserve">
            <span class="italic">Invite</span> les États Membres à continuer d’étudier les moyens de collaborer régulièrement avec l’Union interparlementaire afin de favoriser la présence aux grandes conférences des Nations Unies d’une composante parlementaire qui pourra apporter un éclairage parlementaire aux délibérations ;</p>
        </content>
      </paragraph>
      <paragraph eId="para_29" class="SingleTxt">
        <num>	10.</num>
        <content eId="para_29__content">
          <p xml:space="preserve">
            <span class="italic">Encourage</span> les États Membres à envisager d’appliquer la pratique des auditions parlementaires tenues conjointement par l’Organisation des Nations Unies et l’Union interparlementaire à d’autres réunions parlementaires convoquées à l’occasion de grandes initiatives et conférences de l’Organisation, comme la réunion parlementaire organisée lors de la session annuelle de la Commission de la condition de la femme, afin que les textes issus de ces réunions parlementaires viennent contribuer officiellement aux travaux de l’Organisation ;</p>
        </content>
      </paragraph>
      <paragraph eId="para_30" class="SingleTxt">
        <num>	11.</num>
        <content eId="para_30__content">
          <p xml:space="preserve">
            <span class="italic">Se félicite</span> de l’ampleur qu’a prise le concours apporté par les parlements et l’Union interparlementaire aux travaux du Conseil des droits de l’homme et des organes conventionnels des droits de l’homme et sait le rôle essentiel que les parlements jouent pour ce qui est d’intégrer les engagements pris au niveau international dans les politiques et lois nationales ;</p>
        </content>
      </paragraph>
      <paragraph eId="para_31" class="SingleTxt">
        <num>	12.</num>
        <content eId="para_31__content">
          <p xml:space="preserve">
            <span class="italic">Encourage</span> l’Entité des Nations Unies pour l’égalité des sexes et l’autonomisation des femmes (ONU-Femmes) et les autres organismes compétents des Nations Unies à collaborer étroitement, dans le respect de leur mandat, avec les parlements nationaux et l’Union interparlementaire, quand ceux-ci le leur demandent, dans des domaines tels que l’égalité des genres et l’autonomisation des femmes, notamment dans le cadre de la prévention des conflits et des processus de paix, la prise en compte institutionnelle des questions de genre, l’aide apportée aux parlements aux fins de l’adoption de textes faisant place aux femmes, l’amélioration de la représentation parlementaire des femmes, la lutte contre la violence faite aux femmes et l’application des résolutions des organes des Nations Unies sur ces questions ;</p>
        </content>
      </paragraph>
      <paragraph eId="para_32" class="SingleTxt">
        <num>	13.</num>
        <content eId="para_32__content">
          <p xml:space="preserve">
            <span class="italic">Se félicite</span> que l’Union interparlementaire contribue aux travaux du forum politique de haut niveau pour le développement durable, grâce à la participation de parlementaires, en organisant une réunion parlementaire consacrée à l’action menée par les parlements pour institutionnaliser les objectifs de développement durable, et grâce à l’action qu’elle mène auprès des parlements pour les encourager à procéder aux examens nationaux volontaires ;</p>
        </content>
      </paragraph>
      <paragraph eId="para_33" class="SingleTxt">
        <num>	14.</num>
        <content eId="para_33__content">
          <p xml:space="preserve">
            <span class="italic">Invite</span> l’Union interparlementaire et les organismes compétents des Nations Unies à poursuivre et à renforcer leur coopération en vue d’aider les gouvernements à concourir à ce que les migrations et la mobilité se fassent de façon ordonnée, sûre, régulière et responsable, notamment en mettant en place des politiques migratoires planifiées et bien gérées, et rappelle que l’Union parlementaire a contribué aux travaux préparatoires menés dans la perspective de l’adoption du Pacte mondial pour des migrations sûres, ordonnées et régulières<authorialNote marker="8" placement="bottom" eId="authorialNote_8"><p xml:space="preserve">		Résolution <a href="https://undocs.org/fr/A/RES/73/195">73/195</a>, annexe.</p></authorialNote> ;</p>
        </content>
      </paragraph>
      <paragraph eId="para_34" class="SingleTxt">
        <num>	15.</num>
        <content eId="para_34__content">
          <p xml:space="preserve">
            <span class="italic">Encourage</span> l’Organisation des Nations Unies et l’Union interparlementaire à resserrer encore leurs liens de coopération avec les parlements nationaux et régionaux, en vue notamment de renforcer les capacités parlementaires, y compris pour ce qui est de l’allocation de ressources budgétaires à la réalisation du Programme de développement durable à l’horizon 2030<sup>3</sup>, selon qu’il convient, de consolider l’état de droit et d’aider à mettre les législations nationales en adéquation avec les engagements pris au niveau international et de favoriser, dans la limite des ressources disponibles, le renforcement de la coopération Sud-Sud et de la coopération triangulaire entre parlements et parlementaires ;</p>
        </content>
      </paragraph>
      <paragraph eId="para_35" class="SingleTxt">
        <num>	16.</num>
        <content eId="para_35__content">
          <p xml:space="preserve">
            <span class="italic">Considère</span> que la contribution des jeunes est importante pour l’application intégrale et réussie du Programme de développement durable à l’horizon 2030 et engage vivement les États Membres et les organismes des Nations Unies à rechercher et à promouvoir, en consultation avec les jeunes et les organisations de jeunes et d’aide à la jeunesse, de nouvelles possibilités concrètes de faire participer de façon pleine, efficace, structurée et durable les jeunes et les organisations de jeunes aux mécanismes de décision pertinents et aux activités de suivi qui les concernent, en les associant à tous les aspects de la vie politique, économique, sociale et culturelle, notamment à l’élaboration et à la mise en œuvre des politiques, des programmes et des initiatives, en particulier dans le cadre de l’application du Programme 2030 ;</p>
        </content>
      </paragraph>
      <paragraph eId="para_36" class="SingleTxt">
        <num>	17.</num>
        <content eId="para_36__content">
          <p xml:space="preserve">
            <span class="italic">Prend note</span> des Principes communs en matière d’assistance aux parlements, établis à l’initiative de l’Union interparlementaire et du Programme des Nations Unies pour le développement et entérinés par 136 parlements nationaux et 8 assemblées parlementaires, qui visent à renforcer encore les moyens dont disposent les parlements pour s’acquitter de leur mission ;</p>
        </content>
      </paragraph>
      <paragraph eId="para_37" class="SingleTxt">
        <num>	18.</num>
        <content eId="para_37__content">
          <p xml:space="preserve">
            <span class="italic">Demande</span> aux équipes de pays des Nations Unies, agissant dans le respect de leur mandat et quand les autorités nationales leur en font la demande, de trouver un moyen de collaborer de façon plus organisée et plus intégrée avec les parlements nationaux grâce à des mécanismes adaptés, notamment en faisant participer les parlements aux consultations sur les stratégies de développement des pays et sur l’efficacité de l’aide au développement, dans les cas qui s’y prêtent ;</p>
        </content>
      </paragraph>
      <paragraph eId="para_38" class="SingleTxt">
        <num>	19.</num>
        <content eId="para_38__content">
          <p xml:space="preserve">
            <span class="italic">Demande</span> aux entités des Nations Unies de faire appel plus systématiquement aux compétences singulières de l’Union interparlementaire et des parlements qui en sont membres en ce qui concerne le renforcement des institutions parlementaires, en particulier dans les pays qui sortent d’un conflit ou qui sont engagés dans une transition démocratique ;</p>
        </content>
      </paragraph>
      <paragraph eId="para_39" class="SingleTxt">
        <num>	20.</num>
        <content eId="para_39__content">
          <p xml:space="preserve">
            <span class="italic">Souhaite</span> que les hauts responsables de l’Organisation des Nations Unies et de l’Union interparlementaire tiennent chaque année des consultations et des réunions de nature politique et opérationnelle en vue de renforcer la cohérence des activités des deux organisations et de concourir à la consolidation de leur partenariat stratégique ;</p>
        </content>
      </paragraph>
      <paragraph eId="para_40" class="SingleTxt">
        <num>	21.</num>
        <content eId="para_40__content">
          <p xml:space="preserve">
            <span class="italic">Encourage</span> le système des Nations Unies à mettre plus systématiquement en évidence le rôle et la contribution des parlements dans ses rapports et dans ses projets de plan stratégique ;</p>
        </content>
      </paragraph>
      <paragraph eId="para_41" class="SingleTxt">
        <num>	22.</num>
        <content eId="para_41__content">
          <p xml:space="preserve">
            <span class="italic">Se félicite</span> de la décision prise de célébrer, le 30 juin de chaque année, la Journée internationale du parlementarisme, et invite tous les États Membres, les parlements nationaux, les organisations du système des Nations Unies et les autres organisations internationales concernées, la société civile, y compris les organisations non gouvernementales, et toutes les autres parties intéressées à célébrer la Journée et à la faire connaître, tout en soulignant que toutes les activités qui pourraient être organisées par l’Organisation des Nations Unies dans le cadre de cette célébration devraient être financées au moyen de contributions volontaires ;</p>
        </content>
      </paragraph>
      <paragraph eId="para_42" class="SingleTxt">
        <num>	23.</num>
        <content eId="para_42__content">
          <p xml:space="preserve">
            <span class="italic">Prend acte</span> des préparatifs entrepris par l’Union interparlementaire, en coopération avec l’Organisation des Nations Unies, pour organiser, en mai 2022 dans la Fédération de Russie, une conférence mondiale pour le dialogue interconfessionnel et interethnique, avec la participation de chefs d’État, de parlementaires et de représentants des religions du monde entier ;</p>
        </content>
      </paragraph>
      <paragraph eId="para_43" class="SingleTxt">
        <num>	24.</num>
        <content eId="para_43__content">
          <p xml:space="preserve">
            <span class="italic">Prend note</span> du rapport du Secrétaire général<authorialNote marker="9" placement="bottom" eId="authorialNote_9"><p xml:space="preserve"><a href="https://undocs.org/fr/A/74/759">A/74/759</a>.</p></authorialNote> et prie celui-ci de lui présenter à sa soixante-seizième session, au titre de la question intitulée « Interaction entre l’Organisation des Nations Unies, les parlements nationaux et l’Union interparlementaire », un rapport dans lequel l’accent sera mis en particulier sur la réalisation des objectifs mondiaux communs aux entités des Nations Unies et à l’Union interparlementaire, notamment sur les meilleures pratiques et les contributions des États Membres, des parlements nationaux, de l’Organisation des Nations Unies et de l’Union interparlementaire qui visent à accroître la représentation des femmes dans les parlements.</p>
        </content>
      </paragraph>
    </mainBody>
    <conclusions eId="conclusions">
      <p>
        <inline name="adoptionMeeting" title="63e">63e séance plénière</inline>
        <eol />
        <docDate date="2020-09-04" refersTo="#adoptionDate">4 septembre 2020</docDate>
      </p>
    </conclusions>
  </statement>
</akomaNtoso>