<akomaNtoso xmlns:xsi="http://www.w3.org/2001/XMLSchema-instance" xsi:schemaLocation="http://docs.oasis-open.org/legaldocml/ns/akn/3.0 http://docs.oasis-open.org/legaldocml/akn-core/v1.0/os/part2-specs/schemas/akomantoso30.xsd" xmlns="http://docs.oasis-open.org/legaldocml/ns/akn/3.0" xmlns:html="http://www.w3.org/1999/xhtml" xmlns:akn4un="http://un.org/akn4un">
  <statement name="resolution">
    <meta>
      <identification source="#DGACM">
        <FRBRWork>
          <FRBRthis value="/akn/un/statement/deliberation/unga/2019-12-12/74-52/!main/"></FRBRthis>
          <FRBRuri value="/akn/un/statement/deliberation/unga/2019-12-12/74-52/"></FRBRuri>
          <FRBRdate date="2019-12-12" name="adoption"></FRBRdate>
          <FRBRauthor href="ga" as="author"></FRBRauthor>
          <FRBRcountry value="un"></FRBRcountry>
        </FRBRWork>
        <FRBRExpression>
          <FRBRthis value="/akn/un/statement/deliberation/unga/2019-12-12/74-52/fra@!main/"></FRBRthis>
          <FRBRuri value="/akn/un/statement/deliberation/unga/2019-12-12/74-52/fra@/"></FRBRuri>
          <FRBRdate date="2019-12-19" name="publication"></FRBRdate>
          <FRBRauthor href="ga" as="issuer"></FRBRauthor>
          <FRBRlanguage language="fra"></FRBRlanguage>
        </FRBRExpression>
        <FRBRManifestation>
          <FRBRthis value="/akn/un/statement/deliberation/unga/2019-12-12/74-52/fra@/!main.xml"></FRBRthis>
          <FRBRuri value="/akn/un/statement/deliberation/unga/2019-12-12/74-52/fra@.xml"></FRBRuri>
          <FRBRdate date="2020-08-19" name="markup"></FRBRdate>
          <FRBRauthor href="DGACM" as="editor"></FRBRauthor>
        </FRBRManifestation>
      </identification>
      <classification source="http://metadata.un.org/sdg">
        <keyword value="14" href="http://metadata.un.org/sdg/14" showAs="sdg_14" dictionary="SDGO"></keyword>
        <keyword value="marine_life" href="http://eurovoc.europa.eu/3149" showAs="marine_life" dictionary="EuroVoc"></keyword>
        <keyword value="marine_environment" href="http://eurovoc.europa.eu/5742" showAs="marine_environment" dictionary="EuroVoc"></keyword>
        <keyword value="ocean" href="http://eurovoc.europa.eu/2107" showAs="ocean" dictionary="EuroVoc"></keyword>
        <keyword value="sea" href="http://eurovoc.europa.eu/1870" showAs="sea" dictionary="EuroVoc"></keyword>
        <keyword value="marine_resources" href="http://metadata.un.org/thesaurus/030800" showAs="marine_resources" dictionary="UNBIS Thesaurus"></keyword>
        <keyword value="marine_resources" href="http://metadata.un.org/thesaurus/1003922" showAs="marine_resources" dictionary="UNBIS Thesaurus"></keyword>
        <keyword value="oceans_and_seas" href="http://metadata.un.org/thesaurus/170600" showAs="oceans_and_seas" dictionary="UNBIS Thesaurus"></keyword>
      </classification>
      <classification source="http://metadata.un.org/sdg">
        <keyword value="15" href="http://metadata.un.org/sdg/15" showAs="sdg_15" dictionary="SDGO"></keyword>
        <keyword value="deforestation" href="http://eurovoc.europa.eu/339" showAs="deforestation" dictionary="EuroVoc"></keyword>
        <keyword value="desertification" href="http://eurovoc.europa.eu/416" showAs="desertification" dictionary="EuroVoc"></keyword>
        <keyword value="biodiversity" href="http://eurovoc.europa.eu/5463" showAs="biodiversity" dictionary="EuroVoc"></keyword>
        <keyword value="land,_plant_and_soil_resources" href="http://metadata.un.org/thesaurus/030600" showAs="land,_plant_and_soil_resources" dictionary="UNBIS Thesaurus"></keyword>
        <keyword value="deforestation" href="http://metadata.un.org/thesaurus/1001550" showAs="deforestation" dictionary="UNBIS Thesaurus"></keyword>
      </classification>
      <classification source="http://metadata.un.org/sdg">
        <keyword value="17" href="http://metadata.un.org/sdg/17" showAs="sdg_17" dictionary="SDGO"></keyword>
        <keyword value="sustainable_development" href="http://eurovoc.europa.eu/5585" showAs="sustainable_development" dictionary="EuroVoc"></keyword>
        <keyword value="partnership" href="http://eurovoc.europa.eu/4199" showAs="partnership" dictionary="EuroVoc"></keyword>
        <keyword value="sustainable_development" href="http://metadata.un.org/thesaurus/1006319" showAs="sustainable_development" dictionary="UNBIS Thesaurus"></keyword>
        <keyword value="partnership" href="http://metadata.un.org/thesaurus/1004748" showAs="partnership" dictionary="UNBIS Thesaurus"></keyword>
      </classification>
      <workflow source="#un">
        <step date="2019-10-16" outcome="draftResolution" as="A/C.1/74/L.29" by="Indonesia (on behalf of the States Members of the United Nations that are members of the Movement of Non-Aligned Countries)" />
        <step date="0001-01-01" outcome="draftResolutionAdditionalSponsors" by="" />
        <step date="0001-01-01" outcome="recommendedForAdoption" as="A/74/368" by="" refersTo="89" />
        <step date="2019-12-12" outcome="adopted" as="A/74/PV.46" by="" />
      </workflow>
      <analysis source="#un">
        <parliamentary>
          <voting outcome="adoptedWithoutVote">
            <quorum value=""></quorum>
          </voting>
        </parliamentary>
      </analysis>
      <references source="#DGACM">
        <TLCOrganization eId="source" href="/akn/ontology/organization/un/DGACM" showAs="DGACM"></TLCOrganization>
        <TLCConcept eId="dateOfIssuance" href="/akn/ontology/concept/un/dateOfIssuance" showAs="Date of issuance"></TLCConcept>
        <TLCConcept eId="dateOfAdoption" href="/akn/ontology/concept/un/dateOfAdoption" showAs="Date of adoption"></TLCConcept>
        <TLCConcept eId="symbol" href="/akn/ontology/reference/un/symbol" showAs="Symbol"></TLCConcept>
        <TLCRole eId="publisher" href="/akn/ontology/role/un/publisher" showAs="Publisher"></TLCRole>
        <TLCRole eId="issuingBody" href="/akn/role/concept/un/issuingBody" showAs="Issuing body"></TLCRole>
        <TLCRole eId="author" href="/akn/ontology/role/un/author" showAs="Author"></TLCRole>
        <TLCRole eId="editor" href="/akn/ontology/role/un/editor" showAs="Editor"></TLCRole>
        <TLCRole eId="distribution" href="/akn/ontology/concept/un/generalDistribution" showAs="General distribution"></TLCRole>
        <TLCOrganization eId="ga" href="/akn/ontology/organization/un/generalAssembly" showAs="General Assembly"></TLCOrganization>
        <TLCTerm eId="resolutionTitle" href="/akn/ontology/reference/un/resolutionTitle" showAs="Resolution title"></TLCTerm>
        <TLCTerm eId="firstCommittee" href="#firstCommittee" showAs="Première Commission"></TLCTerm>
        <TLCTerm eId="memberState" href="/akn/ontology/organization/un/memberState" showAs="Member State"></TLCTerm>
        <TLCTerm eId="inFavour" href="/akn/ontology/concept/un/voting/inFavour" showAs="In favour"></TLCTerm>
        <TLCTerm eId="against" href="/akn/ontology/concept/un/voting/against" showAs="Against"></TLCTerm>
        <TLCTerm eId="abstaining" href="/akn/ontology/concept/un/voting/abstaining" showAs="Abstaining"></TLCTerm>
      </references>
      <presentation source="#un">
        <akn4un:footerFirstPage>
          <akn4un:footerFirstPageLeft>
            <akn4un:internalCode>
              <docketNumber refersTo="#publicationJobNumber">19-21840 (F)</docketNumber>
              <img alt="bar code" class="barCode" src=""></img>
            </akn4un:internalCode>
          </akn4un:footerFirstPageLeft>
          <akn4un:footerFirstPageRight>
            <img alt="Please recycle" class="image" src="./recylcleLogo.jpg"></img>
            <img alt="embedded QR code" class="qrCode" src=""></img>
          </akn4un:footerFirstPageRight>
        </akn4un:footerFirstPage>
      </presentation>
    </meta>
    <coverPage eId="coverPage_1">
      <p>
        <span refersTo="#publisher" class="upperLeft">
          <docAuthority refersTo="#publisher">Nations Unies</docAuthority>
        </span>
      </p>
      <p class="upperRight">
        <docNumber refersTo="#symbol">A/RES/74/52</docNumber>
      </p>
      <p class="upperLeft">
        <img src="logo-un.jpg"></img>
        <docAuthority refersTo="#issuingBody" class="rightBig">Assemblée générale</docAuthority>
      </p>
      <p>
        <docStatus refersTo="#generalDistribution" class="rightSmall">Distr. générale</docStatus>
      </p>
      <p>
        <docDate date="2019-12-19" class="rightSmall" refersTo="#dateOfIssuance">19 décembre 2019</docDate>
      </p>
      <p>
        <session refersTo="#generalAssembly" value="74" eId="coverPage_1__session_1">Soixante-quatorzième session</session>
      </p>
      <p>
        <inline name="agenda item">Point 98 k) de l’ordre du jour</inline>
      </p>
      <p>
        <inline name="agenda item name">Désarmement général et complet : respect des normes environnementales dans l’élaboration et l’application des accords de désarmement et de maîtrise des armements</inline>
      </p>
      <p>
        <docTitle>Résolution adoptée par l’Assemblée générale le 12 décembre 2019</docTitle>
      </p>
      <p xml:space="preserve">
        <docProponent refersTo="#firstCommittee">[sur la base du rapport de la Première Commission (<inline name="originating document">A/74/368</inline>)]</docProponent>
      </p>
    </coverPage>
    <preface>
      <p>
        <docNumber>74/52.</docNumber>
        <docTitle refersTo="#resolutionTitle">Respect des normes environnementales dans l’élaboration et l’application des accords de désarmement et de maîtrise des armements</docTitle>
      </p>
    </preface>
    <preamble>
      <formula name="enactingFormula" eId="formula_1">
        <p xml:space="preserve">
          <span class="italic">L’Assemblée générale</span>,</p>
      </formula>
      <container name="Rappelant" eId="container_2">
        <p xml:space="preserve">
          <span class="italic">	Rappelant</span> ses résolutions <a href="https://undocs.org/fr/A/RES/50/70">50/70</a> M du 12 décembre 1995, <a href="https://undocs.org/fr/A/RES/51/45">51/45</a> E du 10 décembre 1996, <a href="https://undocs.org/fr/A/RES/52/38">52/38</a> E du 9 décembre 1997, <a href="https://undocs.org/fr/A/RES/53/77">53/77</a> J du 4 décembre 1998, <a href="https://undocs.org/fr/A/RES/54/54">54/54</a> S du 1<sup>er</sup> décembre 1999, <a href="https://undocs.org/fr/A/RES/55/33">55/33</a> K du 20 novembre 2000, <a href="https://undocs.org/fr/A/RES/56/24">56/24</a> F du 29 novembre 2001, <a href="https://undocs.org/fr/A/RES/57/64">57/64</a> du 22 novembre 2002, <a href="https://undocs.org/fr/A/RES/58/45">58/45</a> du 8 décembre 2003, <a href="https://undocs.org/fr/A/RES/59/68">59/68</a> du 3 décembre 2004, <a href="https://undocs.org/fr/A/RES/60/60">60/60</a> du 8 décembre 2005, <a href="https://undocs.org/fr/A/RES/61/63">61/63</a> du 6 décembre 2006, <a href="https://undocs.org/fr/A/RES/62/28">62/28</a> du 5 décembre 2007, <a href="https://undocs.org/fr/A/RES/63/51">63/51</a> du 2 décembre 2008, <a href="https://undocs.org/fr/A/RES/64/33">64/33</a> du 2 décembre 2009, <a href="https://undocs.org/fr/A/RES/65/53">65/53</a> du 8 décembre 2010, <a href="https://undocs.org/fr/A/RES/66/31">66/31</a> du 2 décembre 2011, <a href="https://undocs.org/fr/A/RES/67/37">67/37</a> du 3 décembre 2012, <a href="https://undocs.org/fr/A/RES/68/36">68/36</a> du 5 décembre 2013, <a href="https://undocs.org/fr/A/RES/69/55">69/55</a> du 2 décembre 2014, <a href="https://undocs.org/fr/A/RES/70/30">70/30</a> du 7 décembre 2015, <a href="https://undocs.org/fr/A/RES/71/60">71/60</a> du 5 décembre 2016, <a href="https://undocs.org/fr/A/RES/72/47">72/47</a> du 4 décembre 2017 et <a href="https://undocs.org/fr/a/res/73/39">73/39</a> du 5 décembre 2018,</p>
      </container>
      <container name="Soulignant" eId="container_3">
        <p xml:space="preserve">
          <span class="italic">	Soulignant</span> qu’il importe de respecter les normes environnementales dans l’élaboration et l’application des accords de désarmement et de limitation des armements,</p>
      </container>
      <container name="Considérant" eId="container_4">
        <p xml:space="preserve">
          <span class="italic">	Considérant</span> qu’il est nécessaire de tenir dûment compte des accords adoptés à la Conférence des Nations Unies sur l’environnement et le développement, ainsi que des accords antérieurs sur la question, dans l’élaboration et l’application des accords de désarmement et de limitation des armements,</p>
      </container>
      <container name="Prenant acte" eId="container_5">
        <p xml:space="preserve">
          <span class="italic">	Prenant acte</span> du rapport présenté par le Secrétaire général en application de la résolution 73/39<authorialNote marker="1" placement="bottom" eId="authorialNote_1"><p xml:space="preserve"><a href="https://undocs.org/fr/A/73/92">A/74/99</a>.</p></authorialNote>,</p>
      </container>
      <container name="Notant" eId="container_6">
        <p xml:space="preserve">
          <span class="italic">	Notant</span> qu’à la Réunion ministérielle du Bureau de coordination du Mouvement des pays non alignés, tenue à Caracas les 20 et 21 juillet 2019, les participants se sont félicités que l’Assemblée générale ait adopté, sans mise aux voix, la résolution <a href="https://undocs.org/fr/A/RES/72/47">73/39</a> sur le respect des normes environnementales dans l’élaboration et l’application des accords de désarmement et de maîtrise des armements,</p>
      </container>
      <container name="Consciente" eId="container_7">
        <p xml:space="preserve">
          <span class="italic">	Consciente</span> que l’emploi des armes nucléaires a des effets préjudiciables sur l’environnement,</p>
      </container>
    </preamble>
    <mainBody>
      <paragraph eId="para_8" class="SingleTxt">
        <num>	1.</num>
        <content eId="para_8__content">
          <p xml:space="preserve">
            <span class="italic">Réaffirme</span> que les instances internationales s’occupant de désarmement devraient tenir pleinement compte des normes environnementales pertinentes lorsqu’elles négocient des traités et des accords de désarmement et de limitation des armements et que tous les États devraient contribuer pleinement, par leurs actes, à assurer le respect de ces normes dans l’application des traités et des conventions auxquels ils sont parties ;</p>
        </content>
      </paragraph>
      <paragraph eId="para_9" class="SingleTxt">
        <num>	2.</num>
        <content eId="para_9__content">
          <p xml:space="preserve">
            <span class="italic">Demande</span> aux États d’adopter des mesures unilatérales, bilatérales, régionales et multilatérales pour faire en sorte que l’application des progrès scientifiques et techniques aux domaines de la sécurité internationale et du désarmement et à d’autres domaines connexes ne porte pas atteinte à l’environnement ou ne l’empêche pas de contribuer utilement à la réalisation du développement durable ;</p>
        </content>
      </paragraph>
      <paragraph eId="para_10" class="SingleTxt">
        <num>	3.</num>
        <content eId="para_10__content">
          <p xml:space="preserve">
            <span class="italic">Prend note avec satisfaction</span> des informations communiquées par les États Membres sur l’application des mesures qu’ils ont adoptées pour promouvoir les objectifs énoncés dans la présente résolution<sup>1</sup> ;</p>
        </content>
      </paragraph>
      <paragraph eId="para_11" class="SingleTxt">
        <num>	4.</num>
        <content eId="para_11__content">
          <p xml:space="preserve">
            <span class="italic">Invite</span> tous les États Membres à communiquer au Secrétaire général des informations sur les mesures qu’ils auront adoptées pour promouvoir les objectifs énoncés dans la présente résolution, et prie le Secrétaire général de faire figurer ces informations dans un rapport qu’il lui présentera à sa soixante-quinzième session ;</p>
        </content>
      </paragraph>
      <paragraph eId="para_12" class="SingleTxt">
        <num>	5.</num>
        <content eId="para_12__content">
          <p xml:space="preserve">
            <span class="italic">Décide</span> d’inscrire à l’ordre du jour provisoire de sa soixante-quinzième session, au titre de la question intitulée « Désarmement général et complet », la question subsidiaire intitulée « Respect des normes environnementales dans l’élaboration et l’application des accords de désarmement et de maîtrise des armements ».</p>
        </content>
      </paragraph>
    </mainBody>
    <conclusions eId="conclusions">
      <p>
        <inline name="adoptionMeeting" title="46e">46e séance plénière</inline>
        <eol />
        <docDate date="2019-12-12" refersTo="#adoptionDate">12 décembre 2019</docDate>
      </p>
    </conclusions>
  </statement>
</akomaNtoso>