<akomaNtoso xmlns:xsi="http://www.w3.org/2001/XMLSchema-instance" xsi:schemaLocation="http://docs.oasis-open.org/legaldocml/ns/akn/3.0 http://docs.oasis-open.org/legaldocml/akn-core/v1.0/os/part2-specs/schemas/akomantoso30.xsd" xmlns="http://docs.oasis-open.org/legaldocml/ns/akn/3.0" xmlns:html="http://www.w3.org/1999/xhtml" xmlns:akn4un="http://un.org/akn4un">
  <statement name="resolution">
    <meta>
      <identification source="#DGACM">
        <FRBRWork>
          <FRBRthis value="/akn/un/statement/deliberation/unga/2019-11-04/74-6/!main/"></FRBRthis>
          <FRBRuri value="/akn/un/statement/deliberation/unga/2019-11-04/74-6/"></FRBRuri>
          <FRBRdate date="2019-11-04" name="adoption"></FRBRdate>
          <FRBRauthor href="ga" as="author"></FRBRauthor>
          <FRBRcountry value="un"></FRBRcountry>
        </FRBRWork>
        <FRBRExpression>
          <FRBRthis value="/akn/un/statement/deliberation/unga/2019-11-04/74-6/fra@!main/"></FRBRthis>
          <FRBRuri value="/akn/un/statement/deliberation/unga/2019-11-04/74-6/fra@/"></FRBRuri>
          <FRBRdate date="2019-11-12" name="publication"></FRBRdate>
          <FRBRauthor href="ga" as="issuer"></FRBRauthor>
          <FRBRlanguage language="fra"></FRBRlanguage>
        </FRBRExpression>
        <FRBRManifestation>
          <FRBRthis value="/akn/un/statement/deliberation/unga/2019-11-04/74-6/fra@/!main.xml"></FRBRthis>
          <FRBRuri value="/akn/un/statement/deliberation/unga/2019-11-04/74-6/fra@.xml"></FRBRuri>
          <FRBRdate date="2020-08-19" name="markup"></FRBRdate>
          <FRBRauthor href="DGACM" as="editor"></FRBRauthor>
        </FRBRManifestation>
      </identification>
      <classification source="http://metadata.un.org/sdg">
        <keyword value="10" href="http://metadata.un.org/sdg/10" showAs="sdg_10" dictionary="SDGO"></keyword>
        <keyword value="social_inequality" href="http://eurovoc.europa.eu/1420" showAs="social_inequality" dictionary="EuroVoc"></keyword>
        <keyword value="equality" href="http://metadata.un.org/thesaurus/1002102" showAs="equality" dictionary="UNBIS Thesaurus"></keyword>
      </classification>
      <classification source="http://metadata.un.org/sdg">
        <keyword value="16" href="http://metadata.un.org/sdg/16" showAs="sdg_16" dictionary="SDGO"></keyword>
        <keyword value="right_to_justice" href="http://eurovoc.europa.eu/516" showAs="right_to_justice" dictionary="EuroVoc"></keyword>
        <keyword value="sustainable_development" href="http://eurovoc.europa.eu/5585" showAs="sustainable_development" dictionary="EuroVoc"></keyword>
        <keyword value="civil_society" href="http://metadata.un.org/thesaurus/1001012" showAs="civil_society" dictionary="UNBIS Thesaurus"></keyword>
        <keyword value="justice" href="http://metadata.un.org/thesaurus/1003500" showAs="justice" dictionary="UNBIS Thesaurus"></keyword>
        <keyword value="peaceful_coexistence" href="http://metadata.un.org/thesaurus/1004777" showAs="peaceful_coexistence" dictionary="UNBIS Thesaurus"></keyword>
        <keyword value="public_institutions" href="http://metadata.un.org/thesaurus/1005254" showAs="public_institutions" dictionary="UNBIS Thesaurus"></keyword>
        <keyword value="social_justice" href="http://metadata.un.org/thesaurus/1005970" showAs="social_justice" dictionary="UNBIS Thesaurus"></keyword>
        <keyword value="sustainable_development" href="http://metadata.un.org/thesaurus/1006319" showAs="sustainable_development" dictionary="UNBIS Thesaurus"></keyword>
      </classification>
      <workflow source="#un">
        <step date="2019-10-25" outcome="draftResolution" as="A/74/L.8" by="Argentina, Australia, Belgium, Bulgaria, Canada, Central African Republic, Chile, Colombia, Costa Rica, Croatia, Cyprus, Czechia, Denmark, Ecuador, Estonia, Finland, France, Germany, Greece, Guatemala, Iceland, Ireland, Italy, Japan, Luxembourg, Netherlands, New Zealand, Norway, Panama, Paraguay, Peru, Poland, Portugal, Republic of Korea, Romania, Samoa, Senegal, Serbia, Sierra Leone, Slovakia, Slovenia, Spain, Sweden, Switzerland and United Kingdom of Great Britain and Northern Ireland" />
        <step date="0001-01-01" outcome="draftResolutionAdditionalSponsors" by="Albania, Andorra, Austria, Bangladesh, Barbados, Bosnia and Herzegovina, Brazil, El Salvador, Gambia, Georgia, Ghana, Latvia, Liechtenstein, Lithuania, Malta, Mexico, Montenegro, Nigeria, North Macedonia, San Marino, Trinidad and Tobago, Ukraine, Uruguay and Vanuatu" />
        <step date="0001-01-01" outcome="recommendedForAdoption" by="" />
        <step date="2019-11-04" outcome="adopted" as="A/74/PV.26" by="" />
      </workflow>
      <analysis source="#un">
        <parliamentary>
          <voting outcome="adoptedWithoutVote">
            <quorum value=""></quorum>
          </voting>
        </parliamentary>
      </analysis>
      <references source="#DGACM">
        <TLCOrganization eId="source" href="/akn/ontology/organization/un/DGACM" showAs="DGACM"></TLCOrganization>
        <TLCConcept eId="dateOfIssuance" href="/akn/ontology/concept/un/dateOfIssuance" showAs="Date of issuance"></TLCConcept>
        <TLCConcept eId="dateOfAdoption" href="/akn/ontology/concept/un/dateOfAdoption" showAs="Date of adoption"></TLCConcept>
        <TLCConcept eId="symbol" href="/akn/ontology/reference/un/symbol" showAs="Symbol"></TLCConcept>
        <TLCRole eId="publisher" href="/akn/ontology/role/un/publisher" showAs="Publisher"></TLCRole>
        <TLCRole eId="issuingBody" href="/akn/role/concept/un/issuingBody" showAs="Issuing body"></TLCRole>
        <TLCRole eId="author" href="/akn/ontology/role/un/author" showAs="Author"></TLCRole>
        <TLCRole eId="editor" href="/akn/ontology/role/un/editor" showAs="Editor"></TLCRole>
        <TLCRole eId="distribution" href="/akn/ontology/concept/un/generalDistribution" showAs="General distribution"></TLCRole>
        <TLCOrganization eId="ga" href="/akn/ontology/organization/un/generalAssembly" showAs="General Assembly"></TLCOrganization>
        <TLCTerm eId="resolutionTitle" href="/akn/ontology/reference/un/resolutionTitle" showAs="Resolution title"></TLCTerm>
        <TLCTerm eId="noMainCommittee" href="#noMainCommittee" showAs="sans renvoi à une grande commission"></TLCTerm>
        <TLCTerm eId="memberState" href="/akn/ontology/organization/un/memberState" showAs="Member State"></TLCTerm>
        <TLCTerm eId="inFavour" href="/akn/ontology/concept/un/voting/inFavour" showAs="In favour"></TLCTerm>
        <TLCTerm eId="against" href="/akn/ontology/concept/un/voting/against" showAs="Against"></TLCTerm>
        <TLCTerm eId="abstaining" href="/akn/ontology/concept/un/voting/abstaining" showAs="Abstaining"></TLCTerm>
      </references>
      <presentation source="#un">
        <akn4un:footerFirstPage>
          <akn4un:footerFirstPageLeft>
            <akn4un:internalCode>
              <docketNumber refersTo="#publicationJobNumber">19-19143 (F)</docketNumber>
              <img alt="bar code" class="barCode" src=""></img>
            </akn4un:internalCode>
          </akn4un:footerFirstPageLeft>
          <akn4un:footerFirstPageRight>
            <img alt="Please recycle" class="image" src="./recylcleLogo.jpg"></img>
            <img alt="embedded QR code" class="qrCode" src=""></img>
          </akn4un:footerFirstPageRight>
        </akn4un:footerFirstPage>
      </presentation>
    </meta>
    <coverPage eId="coverPage_1">
      <p>
        <span refersTo="#publisher" class="upperLeft">
          <docAuthority refersTo="#publisher">Nations Unies</docAuthority>
        </span>
      </p>
      <p class="upperRight">
        <docNumber refersTo="#symbol">A/RES/74/6</docNumber>
      </p>
      <p class="upperLeft">
        <img src="logo-un.jpg"></img>
        <docAuthority refersTo="#issuingBody" class="rightBig">Assemblée générale</docAuthority>
      </p>
      <p>
        <docStatus refersTo="#generalDistribution" class="rightSmall">Distr. générale</docStatus>
      </p>
      <p>
        <docDate date="2019-11-12" class="rightSmall" refersTo="#dateOfIssuance">12 novembre 2019</docDate>
      </p>
      <p>
        <session refersTo="#generalAssembly" value="74" eId="coverPage_1__session_1">Soixante-quatorzième session</session>
      </p>
      <p>
        <inline name="agenda item">Point 73 de l’ordre du jour</inline>
      </p>
      <p>
        <inline name="agenda item name">Rapport de la Cour pénale internationale</inline>
      </p>
      <p>
        <docTitle>Résolution adoptée par l’Assemblée générale le 4 novembre 2019</docTitle>
      </p>
      <p xml:space="preserve">
        <docProponent refersTo="#noMainCommittee">[sans renvoi à une grande commission (<inline name="originating document">A/74/L.8 et A/74/L.8/Add.1</inline>)]</docProponent>
      </p>
    </coverPage>
    <preface>
      <p>
        <docNumber>74/6.</docNumber>
        <docTitle refersTo="#resolutionTitle">Rapport de la Cour pénale internationale</docTitle>
      </p>
    </preface>
    <preamble>
      <formula name="enactingFormula" eId="formula_1">
        <p xml:space="preserve">
          <span class="italic">L’Assemblée générale</span>,</p>
      </formula>
      <container name="Rappelant " eId="container_2">
        <p xml:space="preserve">
          <span class="italic">	Rappelant </span>sa résolution <a href="https://undocs.org/fr/A/RES/73/7">7</a><a href="https://undocs.org/fr/A/RES/73/7">3</a><a href="https://undocs.org/fr/A/RES/73/7">/</a><a href="https://undocs.org/fr/A/RES/73/7">7</a> du 29 octobre 2018 et toutes ses résolutions antérieures sur la question,</p>
      </container>
      <container name="Rappelant" eId="container_3">
        <p xml:space="preserve">
          <span class="italic">Rappelant</span> que le Statut de Rome de la Cour pénale internationale<authorialNote marker="1" placement="bottom" eId="authorialNote_1"><p xml:space="preserve">		Nations Unies, <span class="italic">Recueil des Traités</span>, vol. 2187, n<sup>o</sup> 38544.</p></authorialNote> réaffirme les buts et principes de la Charte des Nations Unies,</p>
      </container>
      <container name="Considérant " eId="container_4">
        <p xml:space="preserve">
          <span class="italic">Considérant </span>que la Cour est une institution judiciaire permanente indépendante et, à cet égard, que l’Organisation des Nations Unies et la Cour doivent respecter mutuellement leur statut et leur mandat,</p>
      </container>
      <container name="Affirmant de nouveau" eId="container_5">
        <p xml:space="preserve">
          <span class="italic">Affirmant de nouveau</span> l’importance historique de l’adoption du Statut de Rome,</p>
      </container>
      <container name="Soulignant" eId="container_6">
        <p xml:space="preserve">
          <span class="italic">Soulignant</span> que la justice, en particulier la justice transitionnelle en période ou au lendemain de conflits, est l’une des conditions fondamentales de la pérennisation de la paix,</p>
      </container>
      <container name="Convaincue " eId="container_7">
        <p xml:space="preserve">
          <span class="italic">Convaincue </span>qu’il est essentiel de mettre fin à l’impunité si l’on veut tourner la page sur les crimes commis et empêcher qu’ils ne se reproduisent,</p>
      </container>
      <container name="Reconnaissant" eId="container_8">
        <p xml:space="preserve">
          <span class="italic">Reconnaissant</span> que la Cour a considérablement avancé dans ses enquêtes et ses procédures judiciaires concernant diverses situations et affaires dont elle a été saisie par les États parties au Statut de Rome et le Conseil de sécurité ou que son procureur ou sa procureure a ouvertes d’office, en vertu dudit Statut,</p>
      </container>
      <container name="Rappelant " eId="container_9">
        <p xml:space="preserve">
          <span class="italic">Rappelant </span>que, pour que la Cour puisse mener ses activités, il demeure indispensable qu’elle bénéficie pour tous les aspects de son mandat d’une coopération et d’une aide effectives et complètes de la part des États, de l’Organisation des Nations Unies et des autres organisations internationales et régionales,</p>
      </container>
      <container name="Remerciant" eId="container_10">
        <p xml:space="preserve">
          <span class="italic">Remerciant</span> le Secrétaire général du concours efficace et utile qu’il apporte à la Cour, conformément à l’Accord régissant les relations entre l’Organisation des Nations Unies et la Cour pénale internationale<authorialNote marker="2" placement="bottom" eId="authorialNote_2"><p xml:space="preserve"><a href="http://undocs.org/fr/A/58/874">A/58/874</a> et <a href="https://undocs.org/fr/A/58/874/Add.1">A/58/874/Add.1</a>.</p></authorialNote>,</p>
      </container>
      <container name="Considérant" eId="container_11">
        <p xml:space="preserve">
          <span class="italic">Considérant</span> l’Accord qu’elle a approuvé dans sa résolution <a href="https://undocs.org/fr/A/RES/58/318">58/318</a> du 13 septembre 2004, qui encadre la coopération entre la Cour et l’Organisation, laquelle permet notamment à l’Organisation de faciliter les activités de la Cour sur le terrain, ainsi que le paragraphe 3 de ladite résolution, relatif au remboursement intégral des dépenses imputables à l’Organisation du fait de l’application de l’Accord<authorialNote marker="3" placement="bottom" eId="authorialNote_3"><p xml:space="preserve">		Articles 10 et 13 de l’Accord.</p></authorialNote>, et se déclarant favorable à la conclusion des accords et arrangements complémentaires qui pourraient être nécessaires,</p>
      </container>
      <container name="Constatant" eId="container_12">
        <p xml:space="preserve">
          <span class="italic">Constatant</span> qu’il faut financer les dépenses liées aux enquêtes et poursuites engagées par la Cour, notamment celles concernant les situations dont elle est saisie par le Conseil,</p>
      </container>
      <container name="Se félicitant" eId="container_13">
        <p xml:space="preserve">
          <span class="italic">Se félicitant</span> de l’appui que la société civile ne cesse d’apporter à la Cour,</p>
      </container>
      <container name="Soulignant" eId="container_14">
        <p xml:space="preserve">
          <span class="italic">Soulignant</span> l’importance que le Statut de Rome accorde aux droits et besoins des victimes, en particulier à leur droit de prendre part aux procédures judiciaires et de demander réparation, et insistant sur le fait qu’il importe d’informer les victimes et les populations touchées et de les associer aux travaux de la Cour afin de donner effet au mandat qui lui a été confié à cet égard,</p>
      </container>
    </preamble>
    <mainBody>
      <paragraph eId="para_15" class="SingleTxt">
        <num>	1.</num>
        <content eId="para_15__content">
          <p xml:space="preserve">
            <span class="italic">Prend note avec satisfaction</span> du rapport de la Cour pénale internationale pour 2018/19<authorialNote marker="4" placement="bottom" eId="authorialNote_4"><p xml:space="preserve"><a href="https://undocs.org/fr/A/74/324">A/74/324</a>.</p></authorialNote> ;</p>
        </content>
      </paragraph>
      <paragraph eId="para_16" class="SingleTxt">
        <num>	2.</num>
        <content eId="para_16__content">
          <p xml:space="preserve">
            <span class="italic">Salue</span> les États devenus parties au Statut de Rome de la Cour pénale internationale<sup>1</sup> et invite les États du monde entier qui n’y sont pas encore parties à envisager de ratifier, d’accepter, d’approuver le Statut ou d’y adhérer sans tarder ;</p>
        </content>
      </paragraph>
      <paragraph eId="para_17" class="SingleTxt">
        <num>	3.</num>
        <content eId="para_17__content">
          <p xml:space="preserve">
            <span class="italic">Salue</span> les États, parties ou non au Statut de Rome, qui sont parties à l’Accord sur les privilèges et immunités de la Cour pénale internationale<authorialNote marker="5" placement="bottom" eId="authorialNote_5"><p xml:space="preserve">		Nations Unies, <span class="italic">Recueil des Traités</span>, vol. 2271, n<sup>o</sup> 40446.</p></authorialNote>, et demande à tous les États qui ne l’ont pas encore fait d’envisager d’y devenir parties ;</p>
        </content>
      </paragraph>
      <paragraph eId="para_18" class="SingleTxt">
        <num>	4.</num>
        <content eId="para_18__content">
          <p xml:space="preserve">
            <span class="italic">Prend note</span> des récentes ratifications et acceptations des modifications adoptées à la Conférence de révision du Statut de Rome, tenue à Kampala du 31 mai au 11 juin 2010 ;</p>
        </content>
      </paragraph>
      <paragraph eId="para_19" class="SingleTxt">
        <num>	5.</num>
        <content eId="para_19__content">
          <p xml:space="preserve">
            <span class="italic">Souligne</span> que, la Cour étant complémentaire des juridictions pénales nationales aux termes du Statut de Rome, les États doivent prendre, dans leur ordre juridique interne, des mesures appropriées en ce qui concerne les crimes en présence desquels ils sont tenus en droit international d’exercer leur responsabilité d’ouvrir des enquêtes et d’engager des poursuites ;</p>
        </content>
      </paragraph>
      <paragraph eId="para_20" class="SingleTxt">
        <num>	6.</num>
        <content eId="para_20__content">
          <p xml:space="preserve">
            <span class="italic">Engage</span> l’Organisation des Nations Unies, les autres organisations internationales et régionales et les États, ainsi que la société civile, à s’efforcer encore d’aider comme il convient les États qui le demandent à renforcer les moyens dont ils disposent pour mener des enquêtes et poursuites pénales et souligne à cet égard qu’il importe que les États concernés soient maîtres de l’entreprise ;</p>
        </content>
      </paragraph>
      <paragraph eId="para_21" class="SingleTxt">
        <num>	7.</num>
        <content eId="para_21__content">
          <p xml:space="preserve">
            <span class="italic">Souligne</span> l’importance de la coopération et de l’entraide judiciaire internationales pour l’efficacité des enquêtes et poursuites ;</p>
        </content>
      </paragraph>
      <paragraph eId="para_22" class="SingleTxt">
        <num>	8.</num>
        <content eId="para_22__content">
          <p xml:space="preserve">
            <span class="italic">Salue</span> le rôle que joue la Cour dans un système multilatéral qui a pour vocation de mettre fin à l’impunité, de renforcer l’état de droit, de promouvoir et d’encourager le respect des droits de l’homme, d’asseoir durablement la paix et de promouvoir le développement des États, conformément au droit international et aux buts et principes de la Charte des Nations Unies ;</p>
        </content>
      </paragraph>
      <paragraph eId="para_23" class="SingleTxt">
        <num>	9.</num>
        <content eId="para_23__content">
          <p xml:space="preserve">
            <span class="italic">Demande</span> aux États parties au Statut de Rome qui ne l’ont pas encore fait de légiférer pour donner effet aux obligations découlant du Statut et de coopérer avec la Cour à l’exécution de sa mission, et rappelle que les États parties prêtent une assistance technique à cette fin ;</p>
        </content>
      </paragraph>
      <paragraph eId="para_24" class="SingleTxt">
        <num>	10.</num>
        <content eId="para_24__content">
          <p xml:space="preserve">
            <span class="italic">Sait gré</span> aux États, parties ou non au Statut de Rome, à l’Organisation des Nations Unies et aux autres organisations internationales et régionales du concours qu’ils ont prêté jusqu’à présent à la Cour, et engage les États qui en ont l’obligation à faire de même à l’avenir, en particulier en matière d’arrestation et de remise, de communication de preuves, de protection et de réinstallation de victimes et de témoins et d’application des peines ;</p>
        </content>
      </paragraph>
      <paragraph eId="para_25" class="SingleTxt">
        <num>	11.</num>
        <content eId="para_25__content">
          <p xml:space="preserve">
            <span class="italic">Prend note</span> des efforts que le Secrétaire général fait pour promouvoir la coopération entre l’Organisation et la Cour conformément à l’Accord régissant leurs relations<sup>2</sup>, et note à cet égard le rôle particulier dévolu au Bureau des affaires juridiques du Secrétariat dans l’Organisation ;</p>
        </content>
      </paragraph>
      <paragraph eId="para_26" class="SingleTxt">
        <num>	12.</num>
        <content eId="para_26__content">
          <p xml:space="preserve">
            <span class="italic">Rappelle</span> l’article 3 de l’Accord régissant les relations entre l’Organisation et la Cour, qui prévoit qu’en vue de faciliter l’exercice effectif de leurs responsabilités respectives, l’Organisation et la Cour conviennent de collaborer étroitement, en tant que de besoin, et de se consulter sur les questions d’intérêt commun, en vertu des dispositions de l’Accord et conformément aux dispositions applicables de la Charte et du Statut de Rome, rappelle également que l’Organisation et la Cour doivent respecter mutuellement leur statut et leur mandat<authorialNote marker="6" placement="bottom" eId="authorialNote_6"><p xml:space="preserve">		Paragraphe 3 de l’article 2 de l’Accord.</p></authorialNote>, et prie le Secrétaire général de continuer à rendre compte de l’application de l’article 3 de l’Accord dans le rapport qu’il lui présentera à sa soixante-quinzième session ;</p>
        </content>
      </paragraph>
      <paragraph eId="para_27" class="SingleTxt">
        <num>	13.</num>
        <content eId="para_27__content">
          <p xml:space="preserve">
            <span class="italic">Rappelle également </span>la publication, par le Secrétaire général, des directives concernant les rapports entre fonctionnaires de l’Organisation et personnes faisant l’objet d’un mandat d’arrêt ou d’une citation à comparaître de la Cour<authorialNote marker="7" placement="bottom" eId="authorialNote_7"><p xml:space="preserve"><a href="http://undocs.org/fr/A/67/828">A/67/828‑S/2013/210</a>, annexe.</p></authorialNote> et prend acte à cet égard des informations figurant dans le rapport du Secrétaire général sur l’application de l’article 3 de l’Accord régissant les relations entre l’Organisation et la Cour<authorialNote marker="8" placement="bottom" eId="authorialNote_8"><p xml:space="preserve"><a href="http://undocs.org/fr/A/74/325">A/74/325</a>.</p></authorialNote> ;</p>
        </content>
      </paragraph>
      <paragraph eId="para_28" class="SingleTxt">
        <num>	14.</num>
        <content eId="para_28__content">
          <p xml:space="preserve">
            <span class="italic">Rappelle en outre</span> les dispositions de l’Accord régissant les relations entre l’Organisation et la Cour et constate que les dépenses liées aux enquêtes et poursuites engagées par la Cour, notamment celles concernant les situations dont elle est saisie par le Conseil de sécurité, continuent d’être prises en charge par les seuls États parties au Statut de Rome ;</p>
        </content>
      </paragraph>
      <paragraph eId="para_29" class="SingleTxt">
        <num>	15.</num>
        <content eId="para_29__content">
          <p xml:space="preserve">
            <span class="italic">Souligne</span> l’importance de la coopération avec les États non parties au Statut de Rome ;</p>
        </content>
      </paragraph>
      <paragraph eId="para_30" class="SingleTxt">
        <num>	16.</num>
        <content eId="para_30__content">
          <p xml:space="preserve">
            <span class="italic">Invite</span> les organisations régionales à envisager de conclure des accords de coopération avec la Cour ;</p>
        </content>
      </paragraph>
      <paragraph eId="para_31" class="SingleTxt">
        <num>	17.</num>
        <content eId="para_31__content">
          <p xml:space="preserve">
            <span class="italic">Rappelle </span>que, en vertu du paragraphe 3 de l’article 12 du Statut de Rome, si l’acceptation de la compétence de la Cour par un État qui n’est pas partie au Statut est nécessaire aux fins du paragraphe 2 du même article, cet État peut, par déclaration déposée auprès du Greffier de la Cour, consentir à ce que la Cour exerce sa compétence à l’égard du crime dont il s’agit ;</p>
        </content>
      </paragraph>
      <paragraph eId="para_32" class="SingleTxt">
        <num>	18.</num>
        <content eId="para_32__content">
          <p xml:space="preserve">
            <span class="italic">Demande instamment</span> à tous les États parties de prendre en compte les intérêts, les besoins d’assistance et le mandat de la Cour lorsque des questions qui la concernent sont examinées à l’Organisation, et invite tous les autres États à envisager de faire de même, le cas échéant ;</p>
        </content>
      </paragraph>
      <paragraph eId="para_33" class="SingleTxt">
        <num>	19.</num>
        <content eId="para_33__content">
          <p xml:space="preserve">
            <span class="italic">Souligne</span> qu’il importe que soient intégralement appliquées toutes les dispositions de l’Accord régissant les relations entre l’Organisation et la Cour, qui institue entre les deux entités un cadre d’étroite collaboration et de consultation sur des questions d’intérêt commun, comme le prévoient les dispositions de l’Accord et les dispositions applicables de la Charte et du Statut de Rome, et que le Secrétaire général doit continuer de l’informer, à sa soixante-quinzième session, des dépenses engagées et des remboursements reçus par l’Organisation au titre de l’assistance qu’elle fournit à la Cour ;</p>
        </content>
      </paragraph>
      <paragraph eId="para_34" class="SingleTxt">
        <num>	20.</num>
        <content eId="para_34__content">
          <p xml:space="preserve">
            <span class="italic">Engage </span>l’Organisation et la Cour à poursuivre le dialogue et se félicite à cet égard de l’intensification des échanges, sous diverses formes, entre le Conseil et la Cour, notamment la tenue de débats publics sur le thème de la paix et de la justice et sur les méthodes de travail, où l’accent est mis en particulier sur le rôle de la Cour ;</p>
        </content>
      </paragraph>
      <paragraph eId="para_35" class="SingleTxt">
        <num>	21.</num>
        <content eId="para_35__content">
          <p xml:space="preserve">
            <span class="italic">Continue de prendre note avec satisfaction</span> de la déclaration du Président du Conseil, en date du 12 février 2013<authorialNote marker="9" placement="bottom" eId="authorialNote_9"><p xml:space="preserve"><a href="http://undocs.org/fr/s/prst/2013/2">S/PRST/2013/2</a> ; voir <span class="italic">Résolutions et décisions du Conseil de sécurité, 1</span><span class="italic"><sup>er </sup></span><span class="italic">août 2012‑31 juillet 2013</span> (<a href="http://undocs.org/fr/S/INF/68">S/INF/68</a>).</p></authorialNote>, dans laquelle le Conseil a rappelé qu’il avait sensibilisé les États à l’importance qu’il y avait à coopérer avec la Cour, conformément aux obligations qui leur incombaient dans ce domaine, et affirmé sa volonté de voir donner efficacement suite à ses décisions en la matière ;</p>
        </content>
      </paragraph>
      <paragraph eId="para_36" class="SingleTxt">
        <num>	22.</num>
        <content eId="para_36__content">
          <p xml:space="preserve">
            <span class="italic">Se félicite</span> du travail accompli par le bureau de liaison de la Cour auprès du Siège de l’Organisation et engage le Secrétaire général à continuer de collaborer étroitement avec ce bureau ;</p>
        </content>
      </paragraph>
      <paragraph eId="para_37" class="SingleTxt">
        <num>	23.</num>
        <content eId="para_37__content">
          <p xml:space="preserve">
            <span class="italic">Engage </span>les États à verser des contributions au fonds d’affectation spéciale créé au profit des victimes de crimes relevant de la compétence de la Cour et de leur famille, et prend note avec reconnaissance des contributions déjà versées à ce fonds ;</p>
        </content>
      </paragraph>
      <paragraph eId="para_38" class="SingleTxt">
        <num>	24.</num>
        <content eId="para_38__content">
          <p xml:space="preserve">
            <span class="italic">Rappelle</span> qu’à la Conférence de révision du Statut de Rome, convoquée et ouverte par le Secrétaire général, les États parties ont réaffirmé leur attachement au Statut de Rome et à sa mise en œuvre intégrale, ainsi que son universalité et son intégrité, et que la Conférence a fait le point de la situation de la justice pénale internationale, envisageant l’impact du Statut sur les victimes et les populations touchées, la paix et la justice et la complémentarité et la coopération, demandé de renforcer l’exécution des peines, adopté des modifications au Statut à l’effet, d’une part, d’étendre la compétence de la Cour à trois crimes de guerre supplémentaires, commis en temps de conflit armé ne présentant pas un caractère international, et, d’autre part, de définir le crime d’agression et de fixer les conditions d’exercice par la Cour de sa compétence à l’égard dudit crime ;</p>
        </content>
      </paragraph>
      <paragraph eId="para_39" class="SingleTxt">
        <num>	25.</num>
        <content eId="para_39__content">
          <p xml:space="preserve">
            <span class="italic">Prend acte</span> du rapport du Secrétaire général sur l’activité de l’Organisation<authorialNote marker="10" placement="bottom" eId="authorialNote_10"><p xml:space="preserve"><span class="italic">	Documents officiels de l’Assemblée générale, soixante-quatorzième session, Supplément n</span><span class="italic"><sup>o</sup></span><span class="italic"> 1</span> (<a href="http://undocs.org/fr/A/74/1">A/74/1</a>).</p></authorialNote> ;</p>
        </content>
      </paragraph>
      <paragraph eId="para_40" class="SingleTxt">
        <num>	26.</num>
        <content eId="para_40__content">
          <p xml:space="preserve">
            <span class="italic">Note</span> que l’Assemblée des États parties au Statut de Rome a décidé, à sa quinzième session, que sa dix-huitième session se tiendrait à La Haye, en rappelant qu’aux termes du paragraphe 6 de l’article 112 du Statut elle se réunit au siège de la Cour ou au Siège de l’Organisation, attend avec intérêt cette dix-huitième session, qui doit se tenir du 2 au 7 décembre 2019, et prie le Secrétaire général d’assurer les services et de fournir les installations nécessaires, comme le prévoient l’Accord régissant les relations entre l’Organisation et la Cour et la résolution <a href="https://undocs.org/fr/A/RES/58/318">58/318</a> ;</p>
        </content>
      </paragraph>
      <paragraph eId="para_41" class="SingleTxt">
        <num>	27.</num>
        <content eId="para_41__content">
          <p xml:space="preserve">
            <span class="italic">Engage</span> les États à participer aussi nombreux que possible à l’Assemblée des États parties, les invite à verser des contributions au fonds d’affectation spéciale pour la participation des pays les moins avancés et prend note avec reconnaissance des contributions déjà versées à ce fonds ;</p>
        </content>
      </paragraph>
      <paragraph eId="para_42" class="SingleTxt">
        <num>	28.</num>
        <content eId="para_42__content">
          <p xml:space="preserve">
            <span class="italic">Invite</span> la Cour à lui présenter, si elle le juge bon, pour examen à sa soixante- quinzième session et conformément à l’article 6 de l’Accord régissant les relations entre l’Organisation et la Cour, un rapport sur les activités qu’elle aura menées en 2019/20.</p>
        </content>
      </paragraph>
    </mainBody>
    <conclusions eId="conclusions">
      <p>
        <inline name="adoptionMeeting" title="26e">26e séance plénière</inline>
        <eol />
        <docDate date="2019-11-04" refersTo="#adoptionDate">4 novembre 2019</docDate>
      </p>
    </conclusions>
  </statement>
</akomaNtoso>