<akomaNtoso xmlns:xsi="http://www.w3.org/2001/XMLSchema-instance" xsi:schemaLocation="http://docs.oasis-open.org/legaldocml/ns/akn/3.0 http://docs.oasis-open.org/legaldocml/akn-core/v1.0/os/part2-specs/schemas/akomantoso30.xsd" xmlns="http://docs.oasis-open.org/legaldocml/ns/akn/3.0" xmlns:html="http://www.w3.org/1999/xhtml" xmlns:akn4un="http://un.org/akn4un">
  <statement name="resolution">
    <meta>
      <identification source="#DGACM">
        <FRBRWork>
          <FRBRthis value="/akn/un/statement/deliberation/unga/2019-12-12/74-70/!main/"></FRBRthis>
          <FRBRuri value="/akn/un/statement/deliberation/unga/2019-12-12/74-70/"></FRBRuri>
          <FRBRdate date="2019-12-12" name="adoption"></FRBRdate>
          <FRBRauthor href="ga" as="author"></FRBRauthor>
          <FRBRcountry value="un"></FRBRcountry>
        </FRBRWork>
        <FRBRExpression>
          <FRBRthis value="/akn/un/statement/deliberation/unga/2019-12-12/74-70/fra@!main/"></FRBRthis>
          <FRBRuri value="/akn/un/statement/deliberation/unga/2019-12-12/74-70/fra@/"></FRBRuri>
          <FRBRdate date="2019-12-23" name="publication"></FRBRdate>
          <FRBRauthor href="ga" as="issuer"></FRBRauthor>
          <FRBRlanguage language="fra"></FRBRlanguage>
        </FRBRExpression>
        <FRBRManifestation>
          <FRBRthis value="/akn/un/statement/deliberation/unga/2019-12-12/74-70/fra@/!main.xml"></FRBRthis>
          <FRBRuri value="/akn/un/statement/deliberation/unga/2019-12-12/74-70/fra@.xml"></FRBRuri>
          <FRBRdate date="2020-08-19" name="markup"></FRBRdate>
          <FRBRauthor href="DGACM" as="editor"></FRBRauthor>
        </FRBRManifestation>
      </identification>
      <classification source="http://metadata.un.org/sdg">
        <keyword value="6" href="http://metadata.un.org/sdg/6" showAs="sdg_6" dictionary="SDGO"></keyword>
        <keyword value="water" href="http://eurovoc.europa.eu/597" showAs="water" dictionary="EuroVoc"></keyword>
        <keyword value="public_hygiene" href="http://eurovoc.europa.eu/3371" showAs="public_hygiene" dictionary="EuroVoc"></keyword>
        <keyword value="use_of_water" href="http://eurovoc.europa.eu/4628" showAs="use_of_water" dictionary="EuroVoc"></keyword>
        <keyword value="water" href="http://metadata.un.org/thesaurus/030500" showAs="water" dictionary="UNBIS Thesaurus"></keyword>
        <keyword value="sanitation" href="http://metadata.un.org/thesaurus/1005701" showAs="sanitation" dictionary="UNBIS Thesaurus"></keyword>
        <keyword value="water_management" href="http://metadata.un.org/thesaurus/1006948" showAs="water_management" dictionary="UNBIS Thesaurus"></keyword>
      </classification>
      <classification source="http://metadata.un.org/sdg">
        <keyword value="14" href="http://metadata.un.org/sdg/14" showAs="sdg_14" dictionary="SDGO"></keyword>
        <keyword value="marine_life" href="http://eurovoc.europa.eu/3149" showAs="marine_life" dictionary="EuroVoc"></keyword>
        <keyword value="marine_environment" href="http://eurovoc.europa.eu/5742" showAs="marine_environment" dictionary="EuroVoc"></keyword>
        <keyword value="ocean" href="http://eurovoc.europa.eu/2107" showAs="ocean" dictionary="EuroVoc"></keyword>
        <keyword value="sea" href="http://eurovoc.europa.eu/1870" showAs="sea" dictionary="EuroVoc"></keyword>
        <keyword value="marine_resources" href="http://metadata.un.org/thesaurus/030800" showAs="marine_resources" dictionary="UNBIS Thesaurus"></keyword>
        <keyword value="marine_resources" href="http://metadata.un.org/thesaurus/1003922" showAs="marine_resources" dictionary="UNBIS Thesaurus"></keyword>
        <keyword value="oceans_and_seas" href="http://metadata.un.org/thesaurus/170600" showAs="oceans_and_seas" dictionary="UNBIS Thesaurus"></keyword>
      </classification>
      <workflow source="#un">
        <step date="2019-10-16" outcome="draftResolution" as="A/C.1/74/L.33" by="Indonesia (on behalf of the States Members of the United Nations that are members of the Movement of Non-Aligned Countries)" />
        <step date="0001-01-01" outcome="draftResolutionAdditionalSponsors" by="" />
        <step date="0001-01-01" outcome="recommendedForAdoption" as="A/74/369" by="" refersTo="19" />
        <step date="2019-12-12" outcome="adopted" as="A/74/PV.46" by="" />
      </workflow>
      <analysis source="#un">
        <parliamentary>
          <voting outcome="adoptedWithoutVote">
            <quorum value=""></quorum>
          </voting>
        </parliamentary>
      </analysis>
      <references source="#DGACM">
        <TLCOrganization eId="source" href="/akn/ontology/organization/un/DGACM" showAs="DGACM"></TLCOrganization>
        <TLCConcept eId="dateOfIssuance" href="/akn/ontology/concept/un/dateOfIssuance" showAs="Date of issuance"></TLCConcept>
        <TLCConcept eId="dateOfAdoption" href="/akn/ontology/concept/un/dateOfAdoption" showAs="Date of adoption"></TLCConcept>
        <TLCConcept eId="symbol" href="/akn/ontology/reference/un/symbol" showAs="Symbol"></TLCConcept>
        <TLCRole eId="publisher" href="/akn/ontology/role/un/publisher" showAs="Publisher"></TLCRole>
        <TLCRole eId="issuingBody" href="/akn/role/concept/un/issuingBody" showAs="Issuing body"></TLCRole>
        <TLCRole eId="author" href="/akn/ontology/role/un/author" showAs="Author"></TLCRole>
        <TLCRole eId="editor" href="/akn/ontology/role/un/editor" showAs="Editor"></TLCRole>
        <TLCRole eId="distribution" href="/akn/ontology/concept/un/generalDistribution" showAs="General distribution"></TLCRole>
        <TLCOrganization eId="ga" href="/akn/ontology/organization/un/generalAssembly" showAs="General Assembly"></TLCOrganization>
        <TLCTerm eId="resolutionTitle" href="/akn/ontology/reference/un/resolutionTitle" showAs="Resolution title"></TLCTerm>
        <TLCTerm eId="firstCommittee" href="#firstCommittee" showAs="Première Commission"></TLCTerm>
        <TLCTerm eId="memberState" href="/akn/ontology/organization/un/memberState" showAs="Member State"></TLCTerm>
        <TLCTerm eId="inFavour" href="/akn/ontology/concept/un/voting/inFavour" showAs="In favour"></TLCTerm>
        <TLCTerm eId="against" href="/akn/ontology/concept/un/voting/against" showAs="Against"></TLCTerm>
        <TLCTerm eId="abstaining" href="/akn/ontology/concept/un/voting/abstaining" showAs="Abstaining"></TLCTerm>
      </references>
      <presentation source="#un">
        <akn4un:footerFirstPage>
          <akn4un:footerFirstPageLeft>
            <akn4un:internalCode>
              <docketNumber refersTo="#publicationJobNumber">19-21871 (F)</docketNumber>
              <img alt="bar code" class="barCode" src=""></img>
            </akn4un:internalCode>
          </akn4un:footerFirstPageLeft>
          <akn4un:footerFirstPageRight>
            <img alt="Please recycle" class="image" src="./recylcleLogo.jpg"></img>
            <img alt="embedded QR code" class="qrCode" src=""></img>
          </akn4un:footerFirstPageRight>
        </akn4un:footerFirstPage>
      </presentation>
    </meta>
    <coverPage eId="coverPage_1">
      <p>
        <span refersTo="#publisher" class="upperLeft">
          <docAuthority refersTo="#publisher">Nations Unies</docAuthority>
        </span>
      </p>
      <p class="upperRight">
        <docNumber refersTo="#symbol">A/RES/74/70</docNumber>
      </p>
      <p class="upperLeft">
        <img src="logo-un.jpg"></img>
        <docAuthority refersTo="#issuingBody" class="rightBig">Assemblée générale</docAuthority>
      </p>
      <p>
        <docStatus refersTo="#generalDistribution" class="rightSmall">Distr. générale</docStatus>
      </p>
      <p>
        <docDate date="2019-12-23" class="rightSmall" refersTo="#dateOfIssuance">23 décembre 2019</docDate>
      </p>
      <p>
        <session refersTo="#generalAssembly" value="74" eId="coverPage_1__session_1">Soixante-quatorzième session</session>
      </p>
      <p>
        <inline name="agenda item">Point 99 f) de l’ordre du jour</inline>
      </p>
      <p>
        <inline name="agenda item name">Examen et application du Document de clôture de la douzième session extraordinaire de l’Assemblée générale : Centres régionaux des Nations Unies pour la paix et le désarmement</inline>
      </p>
      <p>
        <docTitle>Résolution adoptée par l’Assemblée générale le 12 décembre 2019</docTitle>
      </p>
      <p xml:space="preserve">
        <docProponent refersTo="#firstCommittee">[sur la base du rapport de la Première Commission (<inline name="originating document">A/74/369</inline>)]</docProponent>
      </p>
    </coverPage>
    <preface>
      <p>
        <docNumber>74/70.</docNumber>
        <docTitle refersTo="#resolutionTitle">Centres régionaux des Nations Unies pour la paix et le désarmement</docTitle>
      </p>
    </preface>
    <preamble>
      <formula name="enactingFormula" eId="formula_1">
        <p xml:space="preserve">
          <span class="italic">L’Assemblée générale</span>,</p>
      </formula>
      <container name="Rappelant" eId="container_2">
        <p xml:space="preserve">
          <span class="italic">Rappelant</span> ses résolutions <a href="https://undocs.org/fr/A/RES/60/83">60/83</a> du 8 décembre 2005, <a href="https://undocs.org/fr/A/RES/61/90">61/90</a> du 6 décembre 2006, <a href="https://undocs.org/fr/A/RES/62/50">62/50</a> du 5 décembre 2007, <a href="https://undocs.org/fr/A/RES/63/76">63/76</a> du 2 décembre 2008, <a href="https://undocs.org/fr/A/RES/64/58">64/58</a> du 2 décembre 2009, <a href="https://undocs.org/fr/A/RES/65/78">65/78</a> du 8 décembre 2010, <a href="https://undocs.org/fr/A/RES/66/53">66/53</a> du 2 décembre 2011, <a href="https://undocs.org/fr/A/RES/67/63">67/63</a> du 3 décembre 2012, <a href="https://undocs.org/fr/A/RES/68/57">68/57</a> du 5 décembre 2013, <a href="https://undocs.org/fr/A/RES/69/70">69/70</a> du 2 décembre 2014, <a href="https://undocs.org/fr/A/RES/70/61">70/61</a> du 7 décembre 2015, <a href="https://undocs.org/fr/A/RES/71/80">71/80</a> du 5 décembre 2016, <a href="https://undocs.org/fr/A/RES/72/64">72/64</a> du 4 décembre 2017 et <a href="https://undocs.org/fr/A/RES/73/80">73/80</a> du 5 décembre 2018 concernant le fonctionnement et la revitalisation des trois centres régionaux des Nations Unies pour la paix et le désarmement,</p>
      </container>
      <container name="Rappelant également" eId="container_3">
        <p xml:space="preserve">
          <span class="italic">Rappelant également</span> les rapports du Secrétaire général sur le Centre régional des Nations Unies pour la paix et le désarmement en Afrique<authorialNote marker="1" placement="bottom" eId="authorialNote_1"><p xml:space="preserve"><a href="https://undocs.org/fr/A/74/118">A/74/118</a>.</p></authorialNote>, le Centre régional des Nations Unies pour la paix et le désarmement en Asie et dans le Pacifique<authorialNote marker="2" placement="bottom" eId="authorialNote_2"><p xml:space="preserve"><a href="https://undocs.org/fr/A/74/112">A/74/112</a>.</p></authorialNote> et le Centre régional des Nations Unies pour la paix, le désarmement et le développement en Amérique latine et dans les Caraïbes<authorialNote marker="3" placement="bottom" eId="authorialNote_3"><p xml:space="preserve"><a href="https://undocs.org/fr/A/74/115">A/74/115</a>.</p></authorialNote>,</p>
      </container>
      <container name="Réaffirmant" eId="container_4">
        <p xml:space="preserve">
          <span class="italic">Réaffirmant</span> la décision qu’elle a prise en 1982, à sa douzième session extraordinaire, de lancer le Programme d’information des Nations Unies sur le désarmement, dont le but est de diffuser des informations sur les objectifs de l’Organisation des Nations Unies dans le domaine de la maîtrise des armements et du désarmement, de faire connaître et comprendre ces objectifs et d’obtenir l’adhésion du public,</p>
      </container>
      <container name="Ayant à l’esprit" eId="container_5">
        <p xml:space="preserve">
          <span class="italic">Ayant à l’esprit</span> ses résolutions <a href="https://undocs.org/fr/A/RES/40/151">40/151</a> G du 16 décembre 1985, <a href="https://undocs.org/fr/A/RES/41/60">41/60</a> J du 3 décembre 1986, <a href="https://undocs.org/fr/A/RES/42/39">42/39</a> D du 30 novembre 1987 et <a href="https://undocs.org/fr/A/RES/44/117">44/117</a> F du 15 décembre 1989 relatives aux centres régionaux pour la paix et le désarmement établis au Népal, au Pérou et au Togo,</p>
      </container>
      <container name="&#x9;Rappelant " eId="container_6">
        <p xml:space="preserve">
          <span class="italic">	Rappelant </span>que le trentième anniversaire de la création, par elle-même, du Centre régional des Nations Unies pour la paix et le désarmement en Afrique, du Centre régional des Nations Unies pour la paix et le désarmement en Asie et dans le Pacifique et du Centre régional des Nations Unies pour la paix, le désarmement et le développement en Amérique latine et dans les Caraïbes a été célébré en 2016 et en 2017,</p>
      </container>
      <container name="Estimant" eId="container_7">
        <p xml:space="preserve">
          <span class="italic">Estimant</span> que les changements survenus dans le monde ont ouvert de nouvelles perspectives et créé de nouveaux défis pour la poursuite du désarmement, et sachant que les centres régionaux pour la paix et le désarmement peuvent contribuer utilement à améliorer l’entente et la coopération entre les États d’une même région dans les domaines de la paix, du désarmement et du développement,</p>
      </container>
      <container name="Notant" eId="container_8">
        <p xml:space="preserve">
          <span class="italic">Notant</span> qu’au paragraphe 240 du document final de la dix-huitième Réunion ministérielle à mi-mandat du Mouvement des pays non alignés, tenue à Bakou du 3 au 6 avril 2018, les ministres ont insisté sur l’importance des activités que l’Organisation des Nations Unies mène à l’échelon régional pour accroître la stabilité et la sécurité de ses États Membres, activités que pourraient concrètement favoriser le maintien et la redynamisation des trois centres régionaux pour la paix et le désarmement,</p>
      </container>
    </preamble>
    <mainBody>
      <paragraph eId="para_9" class="SingleTxt">
        <num>	1.</num>
        <content eId="para_9__content">
          <p xml:space="preserve">
            <span class="italic">Réaffirme</span> l’importance des activités que l’Organisation des Nations Unies mène à l’échelon régional pour faire progresser le désarmement et accroître la stabilité et la sécurité de ses États Membres, activités que pourraient concrètement favoriser le maintien et la redynamisation des trois centres régionaux pour la paix et le désarmement ;</p>
        </content>
      </paragraph>
      <paragraph eId="para_10" class="SingleTxt">
        <num>	2.</num>
        <content eId="para_10__content">
          <p xml:space="preserve">
            <span class="italic">Félicite </span>les trois centres régionaux pour le soutien constant qu’ils apportent aux États Membres depuis plus de 30 ans, appuyant leur action en faveur du désarmement, de la maîtrise des armements et de la non-prolifération par l’organisation de séminaires, de conférences et d’activités de renforcement des capacités et de formation, la fourniture d’un appui dans le domaine des politiques et d’une expertise technique, et la conduite d’activités d’information et de sensibilisation aux niveaux mondial, régional et national ;</p>
        </content>
      </paragraph>
      <paragraph eId="para_11" class="SingleTxt">
        <num>	3.</num>
        <content eId="para_11__content">
          <p xml:space="preserve">
            <span class="italic">Réaffirme </span>que, dans l’optique de résultats concrets, il est utile que les trois centres régionaux exécutent des programmes d’information et d’éducation visant à promouvoir la paix et la sécurité régionales et à modifier les attitudes fondamentales à l’égard de la paix, de la sécurité et du désarmement, afin de favoriser la réalisation des buts et principes des Nations Unies ;</p>
        </content>
      </paragraph>
      <paragraph eId="para_12" class="SingleTxt">
        <num>	4.</num>
        <content eId="para_12__content">
          <p xml:space="preserve">
            <span class="italic">Engage</span> les États Membres de chaque région qui sont en mesure de le faire, ainsi que les organisations gouvernementales et non gouvernementales et les fondations internationales, à verser des contributions volontaires au centre régional situé dans leur région afin qu’il puisse mener davantage d’activités et d’initiatives ;</p>
        </content>
      </paragraph>
      <paragraph eId="para_13" class="SingleTxt">
        <num>	5.</num>
        <content eId="para_13__content">
          <p xml:space="preserve">
            <span class="italic">Souligne</span> l’importance des activités que mène le Service du désarmement régional du Bureau des affaires de désarmement du Secrétariat ;</p>
        </content>
      </paragraph>
      <paragraph eId="para_14" class="SingleTxt">
        <num>	6.</num>
        <content eId="para_14__content">
          <p xml:space="preserve">
            <span class="italic">Prie</span> le Secrétaire général de fournir aux centres régionaux, dans la limite des ressources existantes, tout l’appui dont ils ont besoin pour exécuter leurs programmes d’activité ;</p>
        </content>
      </paragraph>
      <paragraph eId="para_15" class="SingleTxt">
        <num>	7.</num>
        <content eId="para_15__content">
          <p xml:space="preserve">
            <span class="italic">Décide</span> d’inscrire à l’ordre du jour provisoire de sa soixante-quinzième session, au titre de la question intitulée « Examen et application du Document de clôture de la douzième session extraordinaire de l’Assemblée générale », la question subsidiaire intitulée « Centres régionaux des Nations Unies pour la paix et le désarmement ».</p>
        </content>
      </paragraph>
    </mainBody>
    <conclusions eId="conclusions">
      <p>
        <inline name="adoptionMeeting" title="46e">46e séance plénière</inline>
        <eol />
        <docDate date="2019-12-12" refersTo="#adoptionDate">12 décembre 2019</docDate>
      </p>
    </conclusions>
  </statement>
</akomaNtoso>